Timestamp,Last,Volume,Bid,Ask,Spread,BidPrice1,BidQty1,BidPrice2,BidQty2,BidPrice3,BidQty3,BidPrice4,BidQty4,BidPrice5,BidQty5,BidPrice6,BidQty6,BidPrice7,BidQty7,BidPrice8,BidQty8,BidPrice9,BidQty9,BidPrice10,BidQty10,AskPrice1,AskQty1,AskPrice2,AskQty2,AskPrice3,AskQty3,AskPrice4,AskQty4,AskPrice5,AskQty5,AskPrice6,AskQty6,AskPrice7,AskQty7,AskPrice8,AskQty8,AskPrice9,AskQty9,AskPrice10,AskQty10,Aggressor,CurBarBuyVol,CurBarSellVol,CurBarTotalVol,CurBarDelta,CurBarMaxSeen,CurBarMinSeen,CurBarRange,CurBarBodyPct,CurBarOpen,CurBarHigh,CurBarLow,CurBarClose,PrevBarBuyVol,PrevBarSellVol,PrevBarTotalVol,PrevBarDelta,PrevBarMaxSeen,PrevBarMinSeen,PrevBarRange,PrevBarBodyPct,PrevBar30sAggDelta,PrevBar30sTradeCount,PrevBarAbsorbRatio,IntraAbsorbRatio,CumDelta5Bars,CumDelta10Bars,HTFEmaValue,HTFEmaSlope,HTFEmaDir,H2_HourlyVolBaseline,H2_PrevBarVolMultiple,ATRValue
20260728 225617 333,4017.50,1,4017.00,4017.40,0.40,4017.00,2,4016.90,4,4016.50,7,4016.40,5,4016.30,5,4016.10,5,4016.00,7,4015.90,5,4015.70,6,4015.60,6,4017.40,2,4017.50,2,4018.00,4,4018.10,5,4018.20,6,4018.30,5,4018.40,5,4018.50,6,4018.60,25,4018.70,5,Buy,1,0,1,1.00,1.00,1.00,0.00,0.0,4017.50,4017.50,4017.50,4017.50,6,0,6,6.00,6.00,1.00,0.30,100.0,0,0,0.0000,0.0000,-21.00,-31.00,4025.61,-0.8421,DOWN,32.80,0.2134,1.4717
20260728 225620 379,4017.20,1,4017.10,4017.50,0.40,4017.10,2,4017.00,3,4016.60,1,4016.50,7,4016.40,5,4016.30,5,4016.10,5,4016.00,7,4015.90,5,4015.70,6,4017.50,4,4017.60,3,4018.00,3,4018.10,5,4018.20,6,4018.30,5,4018.40,5,4018.50,6,4018.60,25,4018.70,6,Sell,1,1,2,0.00,1.00,0.00,0.30,100.0,4017.50,4017.50,4017.20,4017.20,6,0,6,6.00,6.00,1.00,0.30,100.0,0,0,0.0000,1.0000,-22.00,-32.00,4025.58,-0.8516,DOWN,32.80,0.2134,1.4717
20260728 225624 782,4017.70,1,4017.50,4017.90,0.40,4017.50,2,4017.40,5,4016.60,2,4016.50,7,4016.40,5,4016.30,5,4016.10,5,4016.00,7,4015.90,5,4015.70,6,4017.90,2,4018.00,5,4018.60,25,4018.70,5,4018.80,7,4018.90,5,4019.00,7,4019.10,7,4019.20,5,4019.30,5,Buy,2,1,3,1.00,1.00,0.00,0.50,40.0,4017.50,4017.70,4017.20,4017.70,6,0,6,6.00,6.00,1.00,0.30,100.0,0,0,0.0000,0.0000,-21.00,-31.00,4025.63,-0.8357,DOWN,32.80,0.2134,1.4860
20260728 225624 782,4017.70,1,4017.50,4017.90,0.40,4017.50,2,4017.40,5,4016.60,2,4016.50,7,4016.40,5,4016.30,5,4016.10,5,4016.00,7,4015.90,5,4015.70,6,4017.90,2,4018.00,5,4018.60,25,4018.70,5,4018.80,7,4018.90,5,4019.00,7,4019.10,7,4019.20,5,4019.30,5,Buy,3,1,4,2.00,2.00,0.00,0.50,40.0,4017.50,4017.70,4017.20,4017.70,6,0,6,6.00,6.00,1.00,0.30,100.0,0,0,0.0000,0.0000,-20.00,-30.00,4025.63,-0.8357,DOWN,32.80,0.2134,1.4860
20260728 225627 555,4017.80,1,4017.50,4017.90,0.40,4017.50,1,4017.40,3,4016.60,2,4016.50,7,4016.40,5,4016.30,5,4016.10,5,4016.00,7,4015.90,5,4015.70,6,4017.90,5,4018.00,5,4018.60,25,4018.70,5,4018.80,7,4018.90,5,4019.00,8,4019.10,6,4019.20,5,4019.30,5,Buy,4,1,5,3.00,3.00,0.00,0.60,50.0,4017.50,4017.80,4017.20,4017.80,6,0,6,6.00,6.00,1.00,0.30,100.0,0,0,0.0000,0.0000,-19.00,-29.00,4025.64,-0.8326,DOWN,32.80,0.2134,1.4931
20260728 225630 961,4017.90,1,4017.50,4017.90,0.40,4017.50,2,4017.40,3,4016.60,2,4016.50,7,4016.40,5,4016.30,5,4016.10,5,4016.00,7,4015.90,5,4015.70,6,4017.90,4,4018.00,5,4018.60,25,4018.70,5,4018.80,7,4018.90,5,4019.00,8,4019.10,6,4019.20,5,4019.30,5,Buy,5,1,6,4.00,4.00,0.00,0.70,57.1,4017.50,4017.90,4017.20,4017.90,6,0,6,6.00,6.00,1.00,0.30,100.0,0,0,0.0000,0.0000,-18.00,-28.00,4025.65,-0.8294,DOWN,32.80,0.2134,1.5003
20260728 225634 731,4017.90,1,4017.50,4017.90,0.40,4017.50,2,4017.40,3,4016.60,7,4016.50,7,4016.40,5,4016.30,5,4016.10,5,4016.00,7,4015.90,5,4015.70,6,4017.90,2,4018.00,6,4018.60,20,4018.80,7,4018.90,5,4019.00,7,4019.10,6,4019.20,5,4019.30,5,4019.40,5,Buy,6,1,7,5.00,5.00,0.00,0.70,57.1,4017.50,4017.90,4017.20,4017.90,6,0,6,6.00,6.00,1.00,0.30,100.0,0,0,0.0000,0.0000,-17.00,-27.00,4025.65,-0.8294,DOWN,32.80,0.2134,1.5003
20260728 225639 667,4017.40,1,4017.40,4017.50,0.10,4017.40,1,4017.20,1,4016.80,3,4016.70,5,4016.60,7,4016.50,7,4016.40,5,4016.30,5,4016.20,5,4016.10,5,4017.50,1,4017.60,2,4017.90,1,4018.00,2,4018.60,20,4018.80,7,4018.90,5,4019.00,8,4019.10,6,4019.20,5,Sell,6,2,8,4.00,5.00,0.00,0.70,14.3,4017.50,4017.90,4017.20,4017.40,6,0,6,6.00,6.00,1.00,0.30,100.0,0,0,0.0000,0.2500,-18.00,-28.00,4025.60,-0.8453,DOWN,32.80,0.2134,1.5003
20260728 225641 587,4017.70,1,4017.50,4017.70,0.20,4017.50,2,4017.30,3,4017.20,2,4016.70,5,4016.60,6,4016.50,5,4016.40,5,4016.30,5,4016.20,5,4016.10,5,4017.70,1,4017.80,2,4018.00,2,4018.60,20,4018.70,5,4018.80,7,4018.90,6,4019.00,7,4019.10,6,4019.20,5,Buy,7,2,9,5.00,5.00,0.00,0.70,28.6,4017.50,4017.90,4017.20,4017.70,6,0,6,6.00,6.00,1.00,0.30,100.0,0,0,0.0000,0.0000,-17.00,-27.00,4025.63,-0.8357,DOWN,32.80,0.2134,1.5003
20260728 225651 505,4018.00,2,4017.60,4018.00,0.40,4017.70,1,4017.60,2,4017.50,3,4016.90,5,4016.80,5,4016.70,5,4016.60,6,4016.50,5,4016.40,5,4016.30,5,4018.10,2,4018.20,4,4018.60,20,4018.80,7,4018.90,5,4019.00,7,4019.10,6,4019.20,5,4019.30,5,4019.40,5,Buy,9,2,11,7.00,7.00,0.00,0.80,62.5,4017.50,4018.00,4017.20,4018.00,6,0,6,6.00,6.00,1.00,0.30,100.0,0,0,0.0000,0.0000,-15.00,-25.00,4025.66,-0.8262,DOWN,32.80,0.2134,1.5074
20260728 225651 505,4018.00,1,4017.60,4018.00,0.40,4017.70,1,4017.60,2,4017.50,3,4016.90,5,4016.80,5,4016.70,5,4016.60,6,4016.50,5,4016.40,5,4016.30,5,4018.10,2,4018.20,4,4018.60,20,4018.80,7,4018.90,5,4019.00,7,4019.10,6,4019.20,5,4019.30,5,4019.40,5,Buy,10,2,12,8.00,8.00,0.00,0.80,62.5,4017.50,4018.00,4017.20,4018.00,6,0,6,6.00,6.00,1.00,0.30,100.0,0,0,0.0000,0.0000,-14.00,-24.00,4025.66,-0.8262,DOWN,32.80,0.2134,1.5074
20260728 225651 528,4017.80,1,4017.70,4018.00,0.30,4017.70,1,4017.60,2,4017.50,3,4016.90,5,4016.80,5,4016.70,5,4016.60,6,4016.50,5,4016.40,5,4016.30,5,4018.00,1,4018.10,2,4018.50,1,4018.60,20,4018.80,7,4018.90,5,4019.00,7,4019.10,6,4019.20,5,4019.30,5,Sell,10,3,13,7.00,8.00,0.00,0.80,37.5,4017.50,4018.00,4017.20,4017.80,6,0,6,6.00,6.00,1.00,0.30,100.0,0,0,0.0000,0.1429,-15.00,-25.00,4025.64,-0.8326,DOWN,32.80,0.2134,1.5074
20260728 225651 528,4017.70,1,4017.70,4018.00,0.30,4017.70,1,4017.60,2,4017.50,3,4016.90,5,4016.80,5,4016.70,5,4016.60,6,4016.50,5,4016.40,5,4016.30,5,4018.00,1,4018.10,2,4018.50,1,4018.60,20,4018.80,7,4018.90,5,4019.00,7,4019.10,6,4019.20,5,4019.30,5,Sell,10,4,14,6.00,8.00,0.00,0.80,25.0,4017.50,4018.00,4017.20,4017.70,6,0,6,6.00,6.00,1.00,0.30,100.0,0,0,0.0000,0.3333,-16.00,-26.00,4025.63,-0.8357,DOWN,32.80,0.2134,1.5074
20260728 225652 681,4017.50,2,4017.50,4017.90,0.40,4017.50,2,4017.40,1,4017.00,3,4016.90,5,4016.80,5,4016.70,5,4016.60,6,4016.50,5,4016.40,5,4016.30,5,4017.90,3,4018.00,3,4018.50,2,4018.60,20,4018.80,7,4018.90,5,4019.00,7,4019.10,7,4019.20,5,4019.30,5,Sell,10,6,16,4.00,8.00,0.00,0.80,0.0,4017.50,4018.00,4017.20,4017.50,6,0,6,6.00,6.00,1.00,0.30,100.0,0,0,0.0000,1.0000,-18.00,-28.00,4025.61,-0.8421,DOWN,32.80,0.2134,1.5074
20260728 225652 681,4017.70,1,4017.50,4017.90,0.40,4017.50,2,4017.40,1,4017.00,3,4016.90,5,4016.80,5,4016.70,5,4016.60,6,4016.50,5,4016.40,5,4016.30,5,4017.90,3,4018.00,3,4018.50,2,4018.60,20,4018.80,7,4018.90,5,4019.00,7,4019.10,7,4019.20,5,4019.30,5,Sell,10,7,17,3.00,8.00,0.00,0.80,25.0,4017.50,4018.00,4017.20,4017.70,6,0,6,6.00,6.00,1.00,0.30,100.0,0,0,0.0000,1.6667,-19.00,-29.00,4025.63,-0.8357,DOWN,32.80,0.2134,1.5074
20260728 225652 681,4017.50,1,4017.50,4017.90,0.40,4017.50,2,4017.40,1,4017.00,3,4016.90,5,4016.80,5,4016.70,5,4016.60,6,4016.50,5,4016.40,5,4016.30,5,4017.90,3,4018.00,3,4018.50,2,4018.60,20,4018.80,7,4018.90,5,4019.00,7,4019.10,7,4019.20,5,4019.30,5,Sell,10,8,18,2.00,8.00,0.00,0.80,0.0,4017.50,4018.00,4017.20,4017.50,6,0,6,6.00,6.00,1.00,0.30,100.0,0,0,0.0000,3.0000,-20.00,-30.00,4025.61,-0.8421,DOWN,32.80,0.2134,1.5074
20260728 225702 888,4017.90,1,4017.80,4018.20,0.40,4017.80,2,4017.70,2,4017.30,3,4017.20,5,4017.00,8,4016.90,5,4016.80,5,4016.70,5,4016.60,6,4016.50,5,4018.20,2,4018.30,3,4018.50,2,4018.60,20,4018.80,7,4018.90,5,4019.00,7,4019.10,5,4019.20,5,4019.30,5,Sell,0,1,1,-1.00,-1.00,-1.00,0.00,0.0,4017.90,4017.90,4017.90,4017.90,10,8,18,2.00,8.00,0.00,0.80,0.0,-6,30,3.0000,0.0000,-17.00,-23.00,4025.65,-0.8294,DOWN,31.70,0.5678,1.4283
20260728 225702 888,4017.80,1,4017.80,4018.20,0.40,4017.80,2,4017.70,2,4017.30,3,4017.20,5,4017.00,8,4016.90,5,4016.80,5,4016.70,5,4016.60,6,4016.50,5,4018.20,2,4018.30,3,4018.50,2,4018.60,20,4018.80,7,4018.90,5,4019.00,7,4019.10,5,4019.20,5,4019.30,5,Sell,0,2,2,-2.00,-1.00,-2.00,0.10,100.0,4017.90,4017.90,4017.80,4017.80,10,8,18,2.00,8.00,0.00,0.80,0.0,-6,30,3.0000,0.0000,-18.00,-24.00,4025.64,-0.8326,DOWN,31.70,0.5678,1.4283
20260728 225702 888,4017.80,1,4017.80,4018.20,0.40,4017.80,2,4017.70,2,4017.30,3,4017.20,5,4017.00,8,4016.90,5,4016.80,5,4016.70,5,4016.60,6,4016.50,5,4018.20,2,4018.30,3,4018.50,2,4018.60,20,4018.80,7,4018.90,5,4019.00,7,4019.10,5,4019.20,5,4019.30,5,Sell,0,3,3,-3.00,-1.00,-3.00,0.10,100.0,4017.90,4017.90,4017.80,4017.80,10,8,18,2.00,8.00,0.00,0.80,0.0,-6,30,3.0000,0.0000,-19.00,-25.00,4025.64,-0.8326,DOWN,31.70,0.5678,1.4283
20260728 225702 888,4017.80,1,4017.80,4018.20,0.40,4017.80,2,4017.70,2,4017.30,3,4017.20,5,4017.00,8,4016.90,5,4016.80,5,4016.70,5,4016.60,6,4016.50,5,4018.20,2,4018.30,3,4018.50,2,4018.60,20,4018.80,7,4018.90,5,4019.00,7,4019.10,5,4019.20,5,4019.30,5,Sell,0,4,4,-4.00,-1.00,-4.00,0.10,100.0,4017.90,4017.90,4017.80,4017.80,10,8,18,2.00,8.00,0.00,0.80,0.0,-6,30,3.0000,0.0000,-20.00,-26.00,4025.64,-0.8326,DOWN,31.70,0.5678,1.4283
20260728 225705 359,4018.60,9,4018.20,4018.50,0.30,4018.20,4,4018.10,3,4017.30,3,4017.20,5,4017.00,8,4016.90,5,4016.80,5,4016.70,5,4016.60,6,4016.50,5,4018.50,1,4018.60,25,4018.80,2,4019.00,2,4019.40,1,4019.50,1,4019.60,1,4020.10,1,4020.20,1,4020.30,2,Buy,9,4,13,5.00,5.00,-4.00,0.80,87.5,4017.90,4018.60,4017.80,4018.60,10,8,18,2.00,8.00,0.00,0.80,0.0,-6,30,3.0000,0.0000,-11.00,-17.00,4025.72,-0.8072,DOWN,31.70,0.5678,1.4783
20260728 225705 359,4018.60,3,4018.20,4018.50,0.30,4018.20,4,4018.10,3,4017.30,3,4017.20,5,4017.00,8,4016.90,5,4016.80,5,4016.70,5,4016.60,6,4016.50,5,4018.50,1,4018.60,25,4018.80,2,4019.00,2,4019.40,1,4019.50,1,4019.60,1,4020.10,1,4020.20,1,4020.30,2,Buy,12,4,16,8.00,8.00,-4.00,0.80,87.5,4017.90,4018.60,4017.80,4018.60,10,8,18,2.00,8.00,0.00,0.80,0.0,-6,30,3.0000,0.0000,-8.00,-14.00,4025.72,-0.8072,DOWN,31.70,0.5678,1.4783
20260728 225705 359,4018.50,1,4018.20,4018.50,0.30,4018.20,4,4018.10,3,4017.30,3,4017.20,5,4017.00,8,4016.90,5,4016.80,5,4016.70,5,4016.60,6,4016.50,5,4018.50,1,4018.60,25,4018.80,2,4019.00,2,4019.40,1,4019.50,1,4019.60,1,4020.10,1,4020.20,1,4020.30,2,Buy,13,4,17,9.00,9.00,-4.00,0.80,75.0,4017.90,4018.60,4017.80,4018.50,10,8,18,2.00,8.00,0.00,0.80,0.0,-6,30,3.0000,0.0000,-7.00,-13.00,4025.71,-0.8103,DOWN,31.70,0.5678,1.4783
20260728 225705 359,4018.60,1,4018.20,4018.50,0.30,4018.20,4,4018.10,3,4017.30,3,4017.20,5,4017.00,8,4016.90,5,4016.80,5,4016.70,5,4016.60,6,4016.50,5,4018.50,1,4018.60,25,4018.80,2,4019.00,2,4019.40,1,4019.50,1,4019.60,1,4020.10,1,4020.20,1,4020.30,2,Buy,14,4,18,10.00,10.00,-4.00,0.80,87.5,4017.90,4018.60,4017.80,4018.60,10,8,18,2.00,8.00,0.00,0.80,0.0,-6,30,3.0000,0.0000,-6.00,-12.00,4025.72,-0.8072,DOWN,31.70,0.5678,1.4783
20260728 225706 030,4018.60,7,4018.20,4018.60,0.40,4018.20,2,4018.10,5,4017.80,3,4017.60,2,4017.50,2,4017.40,5,4017.30,6,4017.20,5,4017.10,5,4017.00,5,4018.60,2,4018.70,8,4018.80,2,4019.00,2,4019.40,1,4019.50,6,4019.60,7,4019.70,5,4019.80,5,4019.90,5,Buy,21,4,25,17.00,17.00,-4.00,0.80,87.5,4017.90,4018.60,4017.80,4018.60,10,8,18,2.00,8.00,0.00,0.80,0.0,-6,30,3.0000,0.0000,1.00,-5.00,4025.72,-0.8072,DOWN,31.70,0.5678,1.4783
20260728 225709 512,4018.30,1,4018.10,4018.50,0.40,4018.10,2,4018.00,3,4017.50,3,4017.40,5,4017.30,6,4017.20,5,4017.10,5,4017.00,5,4016.90,5,4016.80,5,4018.50,2,4018.60,7,4018.70,2,4018.80,2,4019.00,2,4019.50,6,4019.60,7,4019.70,6,4019.80,5,4019.90,5,Sell,21,5,26,16.00,17.00,-4.00,0.80,50.0,4017.90,4018.60,4017.80,4018.30,10,8,18,2.00,8.00,0.00,0.80,0.0,-6,30,3.0000,0.0625,0.00,-6.00,4025.69,-0.8167,DOWN,31.70,0.5678,1.4783
20260728 225719 402,4018.50,2,4018.20,4018.60,0.40,4018.20,2,4018.10,3,4017.50,2,4017.40,5,4017.30,6,4017.20,5,4017.10,5,4017.00,5,4016.90,5,4016.80,5,4018.60,2,4018.70,6,4018.80,2,4019.00,2,4019.20,5,4019.30,5,4019.40,5,4019.50,6,4019.60,6,4019.70,6,Buy,23,5,28,18.00,18.00,-4.00,0.80,75.0,4017.90,4018.60,4017.80,4018.50,10,8,18,2.00,8.00,0.00,0.80,0.0,-6,30,3.0000,0.0000,2.00,-4.00,4025.71,-0.8103,DOWN,31.70,0.5678,1.4783
20260728 225720 758,4018.50,1,4018.20,4018.60,0.40,4018.20,2,4018.10,3,4017.50,2,4017.40,5,4017.30,6,4017.20,5,4017.10,5,4017.00,5,4016.90,5,4016.80,5,4018.60,2,4018.70,6,4018.80,2,4019.00,2,4019.20,5,4019.30,5,4019.40,5,4019.50,6,4019.60,6,4019.70,6,Buy,24,5,29,19.00,19.00,-4.00,0.80,75.0,4017.90,4018.60,4017.80,4018.50,10,8,18,2.00,8.00,0.00,0.80,0.0,-6,30,3.0000,0.0000,3.00,-3.00,4025.71,-0.8103,DOWN,31.70,0.5678,1.4783
20260728 225724 978,4018.10,1,4018.10,4018.50,0.40,4018.10,2,4018.00,2,4017.50,3,4017.40,5,4017.30,6,4017.20,5,4017.10,5,4017.00,5,4016.90,5,4016.80,5,4018.50,2,4018.60,4,4018.70,2,4018.80,2,4018.90,2,4019.00,2,4019.20,5,4019.30,5,4019.40,5,4019.50,6,Sell,24,6,30,18.00,19.00,-4.00,0.80,25.0,4017.90,4018.60,4017.80,4018.10,10,8,18,2.00,8.00,0.00,0.80,0.0,-6,30,3.0000,0.0556,2.00,-4.00,4025.67,-0.8230,DOWN,31.70,0.5678,1.4783
20260728 225728 077,4018.00,1,4018.00,4018.30,0.30,4018.00,1,4017.90,2,4017.50,3,4017.40,5,4017.30,6,4017.20,5,4017.10,5,4017.00,5,4016.90,5,4016.80,5,4018.30,1,4018.40,4,4018.80,2,4018.90,1,4019.00,2,4019.20,5,4019.30,5,4019.40,6,4019.50,6,4019.60,6,Sell,24,7,31,17.00,19.00,-4.00,0.80,12.5,4017.90,4018.60,4017.80,4018.00,10,8,18,2.00,8.00,0.00,0.80,0.0,-6,30,3.0000,0.1176,1.00,-5.00,4025.66,-0.8262,DOWN,31.70,0.5678,1.4783
20260728 225728 077,4017.90,1,4018.00,4018.30,0.30,4018.00,1,4017.90,2,4017.50,3,4017.40,5,4017.30,6,4017.20,5,4017.10,5,4017.00,5,4016.90,5,4016.80,5,4018.30,1,4018.40,4,4018.80,2,4018.90,1,4019.00,2,4019.20,5,4019.30,5,4019.40,6,4019.50,6,4019.60,6,Sell,24,8,32,16.00,19.00,-4.00,0.80,0.0,4017.90,4018.60,4017.80,4017.90,10,8,18,2.00,8.00,0.00,0.80,0.0,-6,30,3.0000,0.1875,0.00,-6.00,4025.65,-0.8294,DOWN,31.70,0.5678,1.4783
20260728 225728 077,4017.90,1,4018.00,4018.30,0.30,4018.00,1,4017.90,2,4017.50,3,4017.40,5,4017.30,6,4017.20,5,4017.10,5,4017.00,5,4016.90,5,4016.80,5,4018.30,1,4018.40,4,4018.80,2,4018.90,1,4019.00,2,4019.20,5,4019.30,5,4019.40,6,4019.50,6,4019.60,6,Sell,24,9,33,15.00,19.00,-4.00,0.80,0.0,4017.90,4018.60,4017.80,4017.90,10,8,18,2.00,8.00,0.00,0.80,0.0,-6,30,3.0000,0.2667,-1.00,-7.00,4025.65,-0.8294,DOWN,31.70,0.5678,1.4783
20260728 225728 077,4017.90,1,4018.00,4018.30,0.30,4018.00,1,4017.90,2,4017.50,3,4017.40,5,4017.30,6,4017.20,5,4017.10,5,4017.00,5,4016.90,5,4016.80,5,4018.30,1,4018.40,4,4018.80,2,4018.90,1,4019.00,2,4019.20,5,4019.30,5,4019.40,6,4019.50,6,4019.60,6,Sell,24,10,34,14.00,19.00,-4.00,0.80,0.0,4017.90,4018.60,4017.80,4017.90,10,8,18,2.00,8.00,0.00,0.80,0.0,-6,30,3.0000,0.3571,-2.00,-8.00,4025.65,-0.8294,DOWN,31.70,0.5678,1.4783
20260728 225730 044,4018.00,1,4017.90,4018.30,0.40,4017.90,2,4017.80,4,4017.50,3,4017.40,5,4017.30,6,4017.20,5,4017.10,5,4017.00,5,4016.90,5,4016.80,5,4018.30,2,4018.40,4,4018.80,2,4018.90,2,4019.00,2,4019.20,5,4019.30,6,4019.40,5,4019.50,6,4019.60,6,Sell,24,11,35,13.00,19.00,-4.00,0.80,12.5,4017.90,4018.60,4017.80,4018.00,10,8,18,2.00,8.00,0.00,0.80,0.0,-6,30,3.0000,0.4615,-3.00,-9.00,4025.66,-0.8262,DOWN,31.70,0.5678,1.4783
20260728 225731 821,4018.30,1,4018.10,4018.50,0.40,4018.10,1,4018.00,3,4017.50,3,4017.40,5,4017.30,6,4017.20,5,4017.10,5,4017.00,5,4016.90,5,4016.80,5,4018.50,3,4018.60,4,4018.80,2,4018.90,1,4019.00,2,4019.20,5,4019.30,5,4019.40,6,4019.50,6,4019.60,6,Buy,25,11,36,14.00,19.00,-4.00,0.80,50.0,4017.90,4018.60,4017.80,4018.30,10,8,18,2.00,8.00,0.00,0.80,0.0,-6,30,3.0000,0.3571,-2.00,-8.00,4025.69,-0.8167,DOWN,31.70,0.5678,1.4783
20260728 225731 821,4018.30,1,4018.10,4018.50,0.40,4018.10,1,4018.00,3,4017.50,3,4017.40,5,4017.30,6,4017.20,5,4017.10,5,4017.00,5,4016.90,5,4016.80,5,4018.50,3,4018.60,4,4018.80,2,4018.90,1,4019.00,2,4019.20,5,4019.30,5,4019.40,6,4019.50,6,4019.60,6,Buy,26,11,37,15.00,19.00,-4.00,0.80,50.0,4017.90,4018.60,4017.80,4018.30,10,8,18,2.00,8.00,0.00,0.80,0.0,-6,30,3.0000,0.2667,-1.00,-7.00,4025.69,-0.8167,DOWN,31.70,0.5678,1.4783
20260728 225733 113,4018.40,1,4018.10,4018.50,0.40,4018.10,2,4018.00,3,4017.90,2,4017.50,1,4017.40,5,4017.30,6,4017.20,5,4017.10,5,4017.00,5,4016.90,5,4018.50,2,4018.60,4,4018.80,2,4018.90,2,4019.00,2,4019.20,5,4019.30,5,4019.40,6,4019.50,6,4019.60,6,Sell,26,12,38,14.00,19.00,-4.00,0.80,62.5,4017.90,4018.60,4017.80,4018.40,10,8,18,2.00,8.00,0.00,0.80,0.0,-6,30,3.0000,0.3571,-2.00,-8.00,4025.70,-0.8135,DOWN,31.70,0.5678,1.4783
20260728 225754 620,4018.50,1,4018.20,4018.50,0.30,4018.20,2,4018.10,5,4018.00,100,4017.90,2,4017.50,2,4017.40,5,4017.30,6,4017.20,5,4017.10,5,4017.00,5,4018.50,1,4018.60,2,4018.80,2,4019.00,2,4019.20,5,4019.30,5,4019.40,5,4019.50,6,4019.60,6,4019.70,6,Buy,27,12,39,15.00,19.00,-4.00,0.80,75.0,4017.90,4018.60,4017.80,4018.50,10,8,18,2.00,8.00,0.00,0.80,0.0,-6,30,3.0000,0.2667,-1.00,-7.00,4025.71,-0.8103,DOWN,31.70,0.5678,1.4783
20260728 225754 620,4018.50,1,4018.20,4018.50,0.30,4018.20,2,4018.10,5,4018.00,100,4017.90,2,4017.50,2,4017.40,5,4017.30,6,4017.20,5,4017.10,5,4017.00,5,4018.50,1,4018.60,2,4018.80,2,4019.00,2,4019.20,5,4019.30,5,4019.40,5,4019.50,6,4019.60,6,4019.70,6,Buy,28,12,40,16.00,19.00,-4.00,0.80,75.0,4017.90,4018.60,4017.80,4018.50,10,8,18,2.00,8.00,0.00,0.80,0.0,-6,30,3.0000,0.1875,0.00,-6.00,4025.71,-0.8103,DOWN,31.70,0.5678,1.4783
20260728 225758 102,4018.80,1,4018.50,4018.80,0.30,4018.50,1,4018.40,2,4018.10,2,4018.00,100,4017.90,2,4017.60,5,4017.50,7,4017.40,5,4017.30,6,4017.20,5,4018.80,2,4018.90,4,4019.00,2,4019.40,2,4019.50,1,4019.70,6,4019.80,5,4019.90,5,4020.00,5,4020.10,6,Buy,29,12,41,17.00,19.00,-4.00,1.00,90.0,4017.90,4018.80,4017.80,4018.80,10,8,18,2.00,8.00,0.00,0.80,0.0,-6,30,3.0000,0.1176,1.00,-5.00,4025.74,-0.8008,DOWN,31.70,0.5678,1.4926
20260728 225758 104,4018.80,1,4018.50,4018.80,0.30,4018.50,1,4018.40,2,4018.10,2,4018.00,100,4017.90,2,4017.60,5,4017.50,7,4017.40,5,4017.30,6,4017.20,5,4018.80,2,4018.90,4,4019.00,2,4019.40,2,4019.50,1,4019.70,6,4019.80,5,4019.90,5,4020.00,5,4020.10,6,Buy,30,12,42,18.00,19.00,-4.00,1.00,90.0,4017.90,4018.80,4017.80,4018.80,10,8,18,2.00,8.00,0.00,0.80,0.0,-6,30,3.0000,0.0556,2.00,-4.00,4025.74,-0.8008,DOWN,31.70,0.5678,1.4926
20260728 225759 634,4019.00,1,4018.60,4019.00,0.40,4018.60,4,4018.50,3,4018.10,2,4018.00,100,4017.90,2,4017.70,5,4017.60,5,4017.50,7,4017.40,5,4017.30,6,4019.00,2,4019.10,3,4019.50,2,4019.60,2,4019.70,6,4019.80,5,4019.90,5,4020.00,5,4020.10,6,4020.20,6,Buy,31,12,43,19.00,19.00,-4.00,1.20,91.7,4017.90,4019.00,4017.80,4019.00,10,8,18,2.00,8.00,0.00,0.80,0.0,-6,30,3.0000,0.0000,3.00,-3.00,4025.76,-0.7945,DOWN,31.70,0.5678,1.5069
20260728 225759 634,4019.00,1,4018.60,4019.00,0.40,4018.60,4,4018.50,3,4018.10,2,4018.00,100,4017.90,2,4017.70,5,4017.60,5,4017.50,7,4017.40,5,4017.30,6,4019.00,2,4019.10,3,4019.50,2,4019.60,2,4019.70,6,4019.80,5,4019.90,5,4020.00,5,4020.10,6,4020.20,6,Buy,32,12,44,20.00,20.00,-4.00,1.20,91.7,4017.90,4019.00,4017.80,4019.00,10,8,18,2.00,8.00,0.00,0.80,0.0,-6,30,3.0000,0.0000,4.00,-2.00,4025.76,-0.7945,DOWN,31.70,0.5678,1.5069
20260728 225759 634,4019.00,1,4018.60,4019.00,0.40,4018.60,4,4018.50,3,4018.10,2,4018.00,100,4017.90,2,4017.70,5,4017.60,5,4017.50,7,4017.40,5,4017.30,6,4019.00,2,4019.10,3,4019.50,2,4019.60,2,4019.70,6,4019.80,5,4019.90,5,4020.00,5,4020.10,6,4020.20,6,Buy,33,12,45,21.00,21.00,-4.00,1.20,91.7,4017.90,4019.00,4017.80,4019.00,10,8,18,2.00,8.00,0.00,0.80,0.0,-6,30,3.0000,0.0000,5.00,-1.00,4025.76,-0.7945,DOWN,31.70,0.5678,1.5069
20260728 225759 634,4019.20,1,4018.60,4019.00,0.40,4018.60,4,4018.50,3,4018.10,2,4018.00,100,4017.90,2,4017.70,5,4017.60,5,4017.50,7,4017.40,5,4017.30,6,4019.00,2,4019.10,3,4019.50,2,4019.60,2,4019.70,6,4019.80,5,4019.90,5,4020.00,5,4020.10,6,4020.20,6,Buy,34,12,46,22.00,22.00,-4.00,1.40,92.9,4017.90,4019.20,4017.80,4019.20,10,8,18,2.00,8.00,0.00,0.80,0.0,-6,30,3.0000,0.0000,6.00,0.00,4025.77,-0.7881,DOWN,31.70,0.5678,1.5212
20260728 225802 891,4018.90,1,4018.60,4018.90,0.30,4018.60,1,4018.50,3,4017.90,2,4017.80,2,4017.70,5,4017.60,5,4017.50,7,4017.40,5,4017.30,6,4017.20,5,4018.90,1,4019.00,2,4019.50,1,4019.70,1,4019.80,8,4019.90,5,4020.00,6,4020.10,6,4020.20,6,4020.30,6,Buy,1,0,1,1.00,1.00,1.00,0.00,0.0,4018.90,4018.90,4018.90,4018.90,34,12,46,22.00,22.00,-4.00,1.40,92.9,21,27,0.0000,0.0000,16.00,-8.00,4025.75,-0.7976,DOWN,32.25,1.4264,1.4339
20260728 225810 618,4018.50,1,4018.40,4018.60,0.20,4018.40,3,4018.30,4,4018.00,3,4017.90,3,4017.80,7,4017.70,5,4017.60,5,4017.50,8,4017.40,5,4017.30,6,4018.60,1,4018.70,1,4019.50,1,4019.70,8,4019.80,5,4019.90,6,4020.00,6,4020.10,6,4020.20,6,4020.30,6,Sell,1,1,2,0.00,1.00,0.00,0.40,100.0,4018.90,4018.90,4018.50,4018.50,34,12,46,22.00,22.00,-4.00,1.40,92.9,21,27,0.0000,1.0000,15.00,-9.00,4025.71,-0.8103,DOWN,32.25,1.4264,1.4625
20260728 225811 839,4018.40,1,4018.40,4018.70,0.30,4018.40,1,4018.30,4,4018.00,3,4017.90,3,4017.80,7,4017.70,5,4017.60,5,4017.50,8,4017.40,5,4017.30,6,4018.70,2,4018.80,2,4019.50,1,4019.70,8,4019.80,5,4019.90,6,4020.00,6,4020.10,6,4020.20,6,4020.30,6,Sell,1,2,3,-1.00,1.00,-1.00,0.50,100.0,4018.90,4018.90,4018.40,4018.40,34,12,46,22.00,22.00,-4.00,1.40,92.9,21,27,0.0000,0.0000,14.00,-10.00,4025.70,-0.8135,DOWN,32.25,1.4264,1.4696
20260728 225811 887,4018.40,1,4018.30,4018.50,0.20,4018.30,1,4018.20,2,4018.00,2,4017.90,3,4017.80,5,4017.70,5,4017.60,5,4017.50,8,4017.40,5,4017.30,6,4018.50,1,4018.60,2,4018.70,3,4019.50,1,4019.70,6,4019.80,6,4019.90,5,4020.00,6,4020.10,6,4020.20,6,Sell,1,3,4,-2.00,1.00,-2.00,0.50,100.0,4018.90,4018.90,4018.40,4018.40,34,12,46,22.00,22.00,-4.00,1.40,92.9,21,27,0.0000,0.0000,13.00,-11.00,4025.70,-0.8135,DOWN,32.25,1.4264,1.4696
20260728 225813 211,4018.40,1,4018.30,4018.50,0.20,4018.30,1,4018.20,2,4018.00,2,4017.90,3,4017.80,5,4017.70,5,4017.60,5,4017.50,8,4017.40,5,4017.30,6,4018.50,1,4018.60,1,4018.70,3,4019.50,1,4019.70,6,4019.80,6,4019.90,5,4020.00,6,4020.10,6,4020.20,6,Buy,2,3,5,-1.00,1.00,-2.00,0.50,100.0,4018.90,4018.90,4018.40,4018.40,34,12,46,22.00,22.00,-4.00,1.40,92.9,21,27,0.0000,1.0000,14.00,-10.00,4025.70,-0.8135,DOWN,32.25,1.4264,1.4696
20260728 225816 097,4018.30,1,4018.30,4018.50,0.20,4018.20,1,4018.10,2,4018.00,2,4017.90,3,4017.80,5,4017.70,5,4017.60,5,4017.50,8,4017.40,5,4017.30,6,4018.50,1,4018.60,3,4018.70,3,4019.50,1,4019.70,6,4019.80,6,4019.90,5,4020.00,6,4020.10,6,4020.20,6,Sell,2,4,6,-2.00,1.00,-2.00,0.60,100.0,4018.90,4018.90,4018.30,4018.30,34,12,46,22.00,22.00,-4.00,1.40,92.9,21,27,0.0000,0.0000,13.00,-11.00,4025.69,-0.8167,DOWN,32.25,1.4264,1.4768
20260728 225816 989,4018.50,1,4018.20,4018.60,0.40,4018.20,1,4018.10,2,4017.90,3,4017.60,5,4017.50,7,4017.40,5,4017.30,6,4017.20,5,4017.10,5,4017.00,5,4018.60,3,4018.70,6,4019.40,7,4019.50,6,4019.60,6,4019.70,7,4019.80,5,4019.90,5,4020.00,6,4020.10,6,Buy,3,4,7,-1.00,1.00,-2.00,0.60,66.7,4018.90,4018.90,4018.30,4018.50,34,12,46,22.00,22.00,-4.00,1.40,92.9,21,27,0.0000,1.0000,14.00,-10.00,4025.71,-0.8103,DOWN,32.25,1.4264,1.4768
20260728 225818 292,4018.30,3,4018.00,4018.30,0.30,4018.10,2,4017.90,6,4017.60,5,4017.50,7,4017.40,5,4017.30,6,4017.20,5,4017.10,5,4017.00,5,4016.90,5,4018.30,3,4018.40,1,4018.50,3,4019.30,5,4019.40,5,4019.50,6,4019.60,6,4019.70,7,4019.80,5,4019.90,5,Buy,6,4,10,2.00,2.00,-2.00,0.60,100.0,4018.90,4018.90,4018.30,4018.30,34,12,46,22.00,22.00,-4.00,1.40,92.9,21,27,0.0000,0.0000,17.00,-7.00,4025.69,-0.8167,DOWN,32.25,1.4264,1.4768
20260728 225824 387,4018.50,1,4018.30,4018.50,0.20,4018.30,4,4018.20,2,4018.00,2,4017.90,3,4017.60,5,4017.50,8,4017.40,5,4017.30,6,4017.20,5,4017.10,5,4018.70,4,4018.80,3,4019.20,3,4019.30,5,4019.40,2,4019.50,6,4019.60,7,4019.70,6,4019.80,5,4019.90,5,Buy,7,4,11,3.00,3.00,-2.00,0.60,66.7,4018.90,4018.90,4018.30,4018.50,34,12,46,22.00,22.00,-4.00,1.40,92.9,21,27,0.0000,0.0000,18.00,-6.00,4025.71,-0.8103,DOWN,32.25,1.4264,1.4768
20260728 225826 366,4018.70,1,4018.30,4018.70,0.40,4018.30,4,4018.20,3,4018.00,2,4017.90,3,4017.60,5,4017.50,8,4017.40,5,4017.30,6,4017.20,5,4017.10,5,4018.70,1,4018.80,3,4019.20,2,4019.30,5,4019.50,6,4019.60,6,4019.70,6,4019.80,5,4019.90,5,4020.00,6,Buy,8,4,12,4.00,4.00,-2.00,0.60,33.3,4018.90,4018.90,4018.30,4018.70,34,12,46,22.00,22.00,-4.00,1.40,92.9,21,27,0.0000,0.0000,19.00,-5.00,4025.73,-0.8040,DOWN,32.25,1.4264,1.4768
20260728 225826 366,4018.70,1,4018.30,4018.70,0.40,4018.30,4,4018.20,3,4018.00,2,4017.90,3,4017.60,5,4017.50,8,4017.40,5,4017.30,6,4017.20,5,4017.10,5,4018.70,1,4018.80,3,4019.20,2,4019.30,5,4019.50,6,4019.60,6,4019.70,6,4019.80,5,4019.90,5,4020.00,6,Buy,9,4,13,5.00,5.00,-2.00,0.60,33.3,4018.90,4018.90,4018.30,4018.70,34,12,46,22.00,22.00,-4.00,1.40,92.9,21,27,0.0000,0.0000,20.00,-4.00,4025.73,-0.8040,DOWN,32.25,1.4264,1.4768
20260728 225826 960,4018.70,1,4018.40,4018.90,0.50,4018.40,2,4018.30,4,4017.90,3,4017.60,5,4017.50,8,4017.40,5,4017.30,6,4017.20,5,4017.10,5,4017.00,5,4018.90,1,4019.10,1,4019.20,2,4019.30,5,4019.50,6,4019.60,7,4019.70,6,4019.80,5,4019.90,5,4020.00,6,Buy,10,4,14,6.00,6.00,-2.00,0.60,33.3,4018.90,4018.90,4018.30,4018.70,34,12,46,22.00,22.00,-4.00,1.40,92.9,21,27,0.0000,0.0000,21.00,-3.00,4025.73,-0.8040,DOWN,32.25,1.4264,1.4768
20260728 225826 960,4018.70,1,4018.40,4018.90,0.50,4018.40,2,4018.30,4,4017.90,3,4017.60,5,4017.50,8,4017.40,5,4017.30,6,4017.20,5,4017.10,5,4017.00,5,4018.90,1,4019.10,1,4019.20,2,4019.30,5,4019.50,6,4019.60,7,4019.70,6,4019.80,5,4019.90,5,4020.00,6,Buy,11,4,15,7.00,7.00,-2.00,0.60,33.3,4018.90,4018.90,4018.30,4018.70,34,12,46,22.00,22.00,-4.00,1.40,92.9,21,27,0.0000,0.0000,22.00,-2.00,4025.73,-0.8040,DOWN,32.25,1.4264,1.4768
20260728 225826 960,4018.80,1,4018.40,4018.90,0.50,4018.40,2,4018.30,4,4017.90,3,4017.60,5,4017.50,8,4017.40,5,4017.30,6,4017.20,5,4017.10,5,4017.00,5,4018.90,1,4019.10,1,4019.20,2,4019.30,5,4019.50,6,4019.60,7,4019.70,6,4019.80,5,4019.90,5,4020.00,6,Buy,12,4,16,8.00,8.00,-2.00,0.60,16.7,4018.90,4018.90,4018.30,4018.80,34,12,46,22.00,22.00,-4.00,1.40,92.9,21,27,0.0000,0.0000,23.00,-1.00,4025.74,-0.8008,DOWN,32.25,1.4264,1.4768
20260728 225826 960,4018.80,1,4018.40,4018.90,0.50,4018.40,2,4018.30,4,4017.90,3,4017.60,5,4017.50,8,4017.40,5,4017.30,6,4017.20,5,4017.10,5,4017.00,5,4018.90,1,4019.10,1,4019.20,2,4019.30,5,4019.50,6,4019.60,7,4019.70,6,4019.80,5,4019.90,5,4020.00,6,Buy,13,4,17,9.00,9.00,-2.00,0.60,16.7,4018.90,4018.90,4018.30,4018.80,34,12,46,22.00,22.00,-4.00,1.40,92.9,21,27,0.0000,0.0000,24.00,0.00,4025.74,-0.8008,DOWN,32.25,1.4264,1.4768
20260728 225826 960,4018.80,1,4018.40,4018.90,0.50,4018.40,2,4018.30,4,4017.90,3,4017.60,5,4017.50,8,4017.40,5,4017.30,6,4017.20,5,4017.10,5,4017.00,5,4018.90,1,4019.10,1,4019.20,2,4019.30,5,4019.50,6,4019.60,7,4019.70,6,4019.80,5,4019.90,5,4020.00,6,Buy,14,4,18,10.00,10.00,-2.00,0.60,16.7,4018.90,4018.90,4018.30,4018.80,34,12,46,22.00,22.00,-4.00,1.40,92.9,21,27,0.0000,0.0000,25.00,1.00,4025.74,-0.8008,DOWN,32.25,1.4264,1.4768
20260728 225826 960,4018.90,1,4018.40,4018.90,0.50,4018.40,2,4018.30,4,4017.90,3,4017.60,5,4017.50,8,4017.40,5,4017.30,6,4017.20,5,4017.10,5,4017.00,5,4018.90,1,4019.10,1,4019.20,2,4019.30,5,4019.50,6,4019.60,7,4019.70,6,4019.80,5,4019.90,5,4020.00,6,Buy,15,4,19,11.00,11.00,-2.00,0.60,0.0,4018.90,4018.90,4018.30,4018.90,34,12,46,22.00,22.00,-4.00,1.40,92.9,21,27,0.0000,0.0000,26.00,2.00,4025.75,-0.7976,DOWN,32.25,1.4264,1.4768
20260728 225826 960,4018.90,1,4018.40,4018.90,0.50,4018.40,2,4018.30,4,4017.90,3,4017.60,5,4017.50,8,4017.40,5,4017.30,6,4017.20,5,4017.10,5,4017.00,5,4018.90,1,4019.10,1,4019.20,2,4019.30,5,4019.50,6,4019.60,7,4019.70,6,4019.80,5,4019.90,5,4020.00,6,Buy,16,4,20,12.00,12.00,-2.00,0.60,0.0,4018.90,4018.90,4018.30,4018.90,34,12,46,22.00,22.00,-4.00,1.40,92.9,21,27,0.0000,0.0000,27.00,3.00,4025.75,-0.7976,DOWN,32.25,1.4264,1.4768
20260728 225826 960,4018.90,2,4018.40,4018.90,0.50,4018.40,2,4018.30,4,4017.90,3,4017.60,5,4017.50,8,4017.40,5,4017.30,6,4017.20,5,4017.10,5,4017.00,5,4018.90,1,4019.10,1,4019.20,2,4019.30,5,4019.50,6,4019.60,7,4019.70,6,4019.80,5,4019.90,5,4020.00,6,Buy,18,4,22,14.00,14.00,-2.00,0.60,0.0,4018.90,4018.90,4018.30,4018.90,34,12,46,22.00,22.00,-4.00,1.40,92.9,21,27,0.0000,0.0000,29.00,5.00,4025.75,-0.7976,DOWN,32.25,1.4264,1.4768
20260728 225826 960,4019.00,1,4018.40,4018.90,0.50,4018.40,2,4018.30,4,4017.90,3,4017.60,5,4017.50,8,4017.40,5,4017.30,6,4017.20,5,4017.10,5,4017.00,5,4018.90,1,4019.10,1,4019.20,2,4019.30,5,4019.50,6,4019.60,7,4019.70,6,4019.80,5,4019.90,5,4020.00,6,Buy,19,4,23,15.00,15.00,-2.00,0.70,14.3,4018.90,4019.00,4018.30,4019.00,34,12,46,22.00,22.00,-4.00,1.40,92.9,21,27,0.0000,0.0000,30.00,6.00,4025.76,-0.7945,DOWN,32.25,1.4264,1.4768
20260728 225826 960,4019.00,1,4018.40,4018.90,0.50,4018.40,2,4018.30,4,4017.90,3,4017.60,5,4017.50,8,4017.40,5,4017.30,6,4017.20,5,4017.10,5,4017.00,5,4018.90,1,4019.10,1,4019.20,2,4019.30,5,4019.50,6,4019.60,7,4019.70,6,4019.80,5,4019.90,5,4020.00,6,Buy,20,4,24,16.00,16.00,-2.00,0.70,14.3,4018.90,4019.00,4018.30,4019.00,34,12,46,22.00,22.00,-4.00,1.40,92.9,21,27,0.0000,0.0000,31.00,7.00,4025.76,-0.7945,DOWN,32.25,1.4264,1.4768
20260728 225826 960,4019.00,1,4018.40,4018.90,0.50,4018.40,2,4018.30,4,4017.90,3,4017.60,5,4017.50,8,4017.40,5,4017.30,6,4017.20,5,4017.10,5,4017.00,5,4018.90,1,4019.10,1,4019.20,2,4019.30,5,4019.50,6,4019.60,7,4019.70,6,4019.80,5,4019.90,5,4020.00,6,Buy,21,4,25,17.00,17.00,-2.00,0.70,14.3,4018.90,4019.00,4018.30,4019.00,34,12,46,22.00,22.00,-4.00,1.40,92.9,21,27,0.0000,0.0000,32.00,8.00,4025.76,-0.7945,DOWN,32.25,1.4264,1.4768
20260728 225826 960,4019.00,1,4018.40,4018.90,0.50,4018.40,2,4018.30,4,4017.90,3,4017.60,5,4017.50,8,4017.40,5,4017.30,6,4017.20,5,4017.10,5,4017.00,5,4018.90,1,4019.10,1,4019.20,2,4019.30,5,4019.50,6,4019.60,7,4019.70,6,4019.80,5,4019.90,5,4020.00,6,Buy,22,4,26,18.00,18.00,-2.00,0.70,14.3,4018.90,4019.00,4018.30,4019.00,34,12,46,22.00,22.00,-4.00,1.40,92.9,21,27,0.0000,0.0000,33.00,9.00,4025.76,-0.7945,DOWN,32.25,1.4264,1.4768
20260728 225829 576,4018.50,1,4018.40,4018.80,0.40,4018.40,2,4018.30,4,4018.00,1,4017.90,3,4017.60,5,4017.50,8,4017.40,5,4017.30,6,4017.20,5,4017.10,5,4018.80,1,4018.90,3,4019.20,2,4019.30,5,4019.50,6,4019.60,6,4019.70,6,4019.80,5,4019.90,5,4020.00,6,Sell,22,5,27,17.00,18.00,-2.00,0.70,57.1,4018.90,4019.00,4018.30,4018.50,34,12,46,22.00,22.00,-4.00,1.40,92.9,21,27,0.0000,0.0588,32.00,8.00,4025.71,-0.8103,DOWN,32.25,1.4264,1.4768
20260728 225833 895,4018.60,1,4018.30,4018.80,0.50,4018.30,4,4018.20,4,4018.00,2,4017.90,3,4017.60,5,4017.50,8,4017.40,5,4017.30,6,4017.20,5,4017.10,5,4018.80,2,4018.90,3,4019.20,2,4019.30,5,4019.40,5,4019.50,6,4019.60,6,4019.70,6,4019.80,5,4019.90,5,Buy,23,5,28,18.00,18.00,-2.00,0.70,42.9,4018.90,4019.00,4018.30,4018.60,34,12,46,22.00,22.00,-4.00,1.40,92.9,21,27,0.0000,0.0000,33.00,9.00,4025.72,-0.8072,DOWN,32.25,1.4264,1.4768
20260728 225833 895,4018.70,1,4018.30,4018.80,0.50,4018.30,4,4018.20,4,4018.00,2,4017.90,3,4017.60,5,4017.50,8,4017.40,5,4017.30,6,4017.20,5,4017.10,5,4018.80,2,4018.90,3,4019.20,2,4019.30,5,4019.40,5,4019.50,6,4019.60,6,4019.70,6,4019.80,5,4019.90,5,Buy,24,5,29,19.00,19.00,-2.00,0.70,28.6,4018.90,4019.00,4018.30,4018.70,34,12,46,22.00,22.00,-4.00,1.40,92.9,21,27,0.0000,0.0000,34.00,10.00,4025.73,-0.8040,DOWN,32.25,1.4264,1.4768
20260728 225841 134,4018.50,1,4018.30,4018.60,0.30,4018.30,1,4018.20,4,4018.00,2,4017.90,2,4017.60,5,4017.50,8,4017.40,5,4017.30,6,4017.20,5,4017.10,5,4018.60,2,4018.70,3,4019.20,2,4019.30,5,4019.40,5,4019.50,6,4019.60,6,4019.70,6,4019.80,5,4019.90,5,Sell,24,6,30,18.00,19.00,-2.00,0.70,57.1,4018.90,4019.00,4018.30,4018.50,34,12,46,22.00,22.00,-4.00,1.40,92.9,21,27,0.0000,0.0556,33.00,9.00,4025.71,-0.8103,DOWN,32.25,1.4264,1.4768
20260728 225841 136,4018.40,1,4018.30,4018.60,0.30,4018.30,1,4018.20,4,4018.00,2,4017.90,2,4017.60,5,4017.50,8,4017.40,5,4017.30,6,4017.20,5,4017.10,5,4018.60,2,4018.70,3,4019.20,2,4019.30,5,4019.40,5,4019.50,6,4019.60,6,4019.70,6,4019.80,5,4019.90,5,Sell,24,7,31,17.00,19.00,-2.00,0.70,71.4,4018.90,4019.00,4018.30,4018.40,34,12,46,22.00,22.00,-4.00,1.40,92.9,21,27,0.0000,0.1176,32.00,8.00,4025.70,-0.8135,DOWN,32.25,1.4264,1.4768
20260728 225853 966,4018.00,1,4017.90,4018.20,0.30,4017.90,2,4017.80,2,4017.70,4,4017.60,5,4017.50,7,4017.40,9,4017.30,6,4017.20,5,4017.10,5,4017.00,11,4018.20,1,4018.30,4,4019.20,7,4019.30,5,4019.40,6,4019.50,6,4019.60,6,4019.70,6,4019.80,5,4019.90,5,Sell,24,8,32,16.00,19.00,-2.00,1.00,90.0,4018.90,4019.00,4018.00,4018.00,34,12,46,22.00,22.00,-4.00,1.40,92.9,21,27,0.0000,0.1875,31.00,7.00,4025.66,-0.8262,DOWN,32.25,1.4264,1.4982
20260728 225853 968,4018.00,1,4017.90,4018.20,0.30,4017.90,2,4017.80,2,4017.70,4,4017.60,5,4017.50,7,4017.40,9,4017.30,6,4017.20,5,4017.10,5,4017.00,11,4018.20,1,4018.30,4,4019.20,7,4019.30,5,4019.40,6,4019.50,6,4019.60,6,4019.70,6,4019.80,5,4019.90,5,Sell,24,9,33,15.00,19.00,-2.00,1.00,90.0,4018.90,4019.00,4018.00,4018.00,34,12,46,22.00,22.00,-4.00,1.40,92.9,21,27,0.0000,0.2667,30.00,6.00,4025.66,-0.8262,DOWN,32.25,1.4264,1.4982
20260728 225906 166,4017.90,1,4017.90,4018.10,0.20,4017.90,3,4017.80,2,4017.50,1,4017.40,4,4017.30,6,4017.10,5,4017.00,11,4016.90,5,4016.80,5,4016.70,5,4018.10,1,4018.20,3,4018.30,1,4018.40,2,4018.90,1,4019.10,6,4019.20,5,4019.30,5,4019.40,6,4019.50,6,Sell,0,1,1,-1.00,-1.00,-1.00,0.00,0.0,4017.90,4017.90,4017.90,4017.90,24,9,33,15.00,19.00,-2.00,1.00,90.0,-12,12,0.2667,0.0000,44.00,17.00,4025.65,-0.8294,DOWN,31.70,1.0410,1.3983
20260728 225906 166,4017.90,1,4017.90,4018.10,0.20,4017.90,3,4017.80,2,4017.50,1,4017.40,4,4017.30,6,4017.10,5,4017.00,11,4016.90,5,4016.80,5,4016.70,5,4018.10,1,4018.20,3,4018.30,1,4018.40,2,4018.90,1,4019.10,6,4019.20,5,4019.30,5,4019.40,6,4019.50,6,Sell,0,2,2,-2.00,-1.00,-2.00,0.00,0.0,4017.90,4017.90,4017.90,4017.90,24,9,33,15.00,19.00,-2.00,1.00,90.0,-12,12,0.2667,0.0000,43.00,16.00,4025.65,-0.8294,DOWN,31.70,1.0410,1.3983
20260728 225915 510,4017.80,1,4017.60,4017.90,0.30,4017.60,1,4017.50,3,4017.40,4,4017.00,6,4016.90,5,4016.80,5,4016.70,5,4016.60,7,4016.50,5,4016.40,5,4017.90,1,4018.00,2,4018.30,2,4018.40,2,4018.80,6,4018.90,7,4019.00,5,4019.10,6,4019.20,5,4019.30,5,Sell,0,3,3,-3.00,-1.00,-3.00,0.10,100.0,4017.90,4017.90,4017.80,4017.80,24,9,33,15.00,19.00,-2.00,1.00,90.0,-12,12,0.2667,0.0000,42.00,15.00,4025.64,-0.8326,DOWN,31.70,1.0410,1.4055
20260728 225928 597,4018.00,1,4017.90,4018.10,0.20,4017.90,1,4017.70,2,4017.60,3,4017.50,1,4017.40,4,4017.00,6,4016.90,5,4016.80,5,4016.70,5,4016.60,7,4018.10,1,4018.20,3,4018.30,2,4018.40,2,4018.90,2,4019.00,5,4019.10,5,4019.20,5,4019.30,5,4019.40,5,Buy,1,3,4,-2.00,-1.00,-3.00,0.20,50.0,4017.90,4018.00,4017.80,4018.00,24,9,33,15.00,19.00,-2.00,1.00,90.0,-12,12,0.2667,0.5000,43.00,16.00,4025.66,-0.8262,DOWN,31.70,1.0410,1.4055
20260728 225940 559,4017.90,1,4017.50,4017.80,0.30,4017.50,4,4017.40,5,4017.00,6,4016.90,5,4016.80,5,4016.70,5,4016.60,7,4016.50,5,4016.40,5,4016.30,5,4017.80,2,4017.90,2,4018.30,2,4018.40,2,4018.80,1,4018.90,6,4019.00,5,4019.10,5,4019.20,5,4019.30,5,Sell,1,4,5,-3.00,-1.00,-3.00,0.20,0.0,4017.90,4018.00,4017.80,4017.90,24,9,33,15.00,19.00,-2.00,1.00,90.0,-12,12,0.2667,0.0000,42.00,15.00,4025.65,-0.8294,DOWN,31.70,1.0410,1.4055
20260728 225949 510,4017.50,1,4017.50,4017.60,0.10,4017.50,1,4017.40,4,4017.30,2,4017.20,2,4017.00,7,4016.90,5,4016.80,5,4016.70,5,4016.60,7,4016.50,5,4017.60,1,4017.70,2,4018.10,1,4018.30,2,4018.40,2,4018.50,5,4018.60,5,4018.70,5,4018.80,7,4018.90,6,Sell,1,5,6,-4.00,-1.00,-4.00,0.50,80.0,4017.90,4018.00,4017.50,4017.50,24,9,33,15.00,19.00,-2.00,1.00,90.0,-12,12,0.2667,0.0000,41.00,14.00,4025.61,-0.8421,DOWN,31.70,1.0410,1.4269
20260728 230000 462,4017.70,1,4017.40,4017.70,0.30,4017.40,6,4017.30,3,4017.00,7,4016.90,5,4016.80,5,4016.70,5,4016.60,6,4016.50,5,4016.40,5,4016.30,5,4017.70,1,4017.80,3,4018.10,1,4018.30,1,4018.40,2,4018.60,6,4018.70,5,4018.80,6,4018.90,5,4019.00,5,Buy,1,0,1,1.00,1.00,1.00,0.00,0.0,4017.70,4017.70,4017.70,4017.70,1,5,6,-4.00,-1.00,-4.00,0.50,80.0,-6,6,0.0000,0.0000,36.00,18.00,4024.86,-0.8539,DOWN,55.45,0.1082,1.3393
20260728 230000 589,4017.70,1,4017.40,4017.80,0.40,4017.40,5,4017.30,3,4017.00,7,4016.90,5,4016.80,5,4016.70,5,4016.60,6,4016.50,5,4016.40,5,4016.30,5,4017.80,3,4017.90,3,4018.10,1,4018.30,1,4018.40,2,4018.60,6,4018.70,5,4018.80,6,4018.90,5,4019.00,5,Buy,2,0,2,2.00,2.00,1.00,0.00,0.0,4017.70,4017.70,4017.70,4017.70,1,5,6,-4.00,-1.00,-4.00,0.50,80.0,-6,6,0.0000,0.0000,37.00,19.00,4024.86,-0.8539,DOWN,55.45,0.1082,1.3393
20260728 230000 616,4017.40,1,4017.40,4017.80,0.40,4017.40,5,4017.30,3,4017.00,7,4016.90,5,4016.80,5,4016.70,5,4016.60,6,4016.50,5,4016.40,5,4016.30,5,4017.80,3,4017.90,3,4018.10,1,4018.30,1,4018.40,2,4018.60,6,4018.70,5,4018.80,6,4018.90,5,4019.00,5,Sell,2,1,3,1.00,2.00,1.00,0.30,100.0,4017.70,4017.70,4017.40,4017.40,1,5,6,-4.00,-1.00,-4.00,0.50,80.0,-6,6,0.0000,1.0000,36.00,18.00,4024.83,-0.8635,DOWN,55.45,0.1082,1.3464
20260728 230000 737,4017.40,2,4017.40,4017.70,0.30,4017.40,3,4017.30,3,4017.00,7,4016.90,5,4016.80,5,4016.70,5,4016.60,6,4016.50,5,4016.40,5,4016.30,5,4017.70,2,4017.80,2,4018.10,1,4018.30,1,4018.40,2,4018.50,1,4018.60,5,4018.70,5,4018.80,6,4018.90,5,Sell,2,3,5,-1.00,2.00,-1.00,0.30,100.0,4017.70,4017.70,4017.40,4017.40,1,5,6,-4.00,-1.00,-4.00,0.50,80.0,-6,6,0.0000,0.0000,34.00,16.00,4024.83,-0.8635,DOWN,55.45,0.1082,1.3464
20260728 230000 867,4017.40,1,4017.30,4017.70,0.40,4017.30,3,4017.20,2,4017.00,7,4016.90,5,4016.80,5,4016.70,5,4016.60,6,4016.50,5,4016.40,5,4016.30,5,4017.70,2,4017.80,2,4018.10,1,4018.30,1,4018.40,2,4018.50,6,4018.60,5,4018.70,5,4018.80,6,4018.90,5,Sell,2,4,6,-2.00,2.00,-2.00,0.30,100.0,4017.70,4017.70,4017.40,4017.40,1,5,6,-4.00,-1.00,-4.00,0.50,80.0,-6,6,0.0000,0.0000,33.00,15.00,4024.83,-0.8635,DOWN,55.45,0.1082,1.3464
20260728 230000 867,4017.40,1,4017.30,4017.70,0.40,4017.30,3,4017.20,2,4017.00,7,4016.90,5,4016.80,5,4016.70,5,4016.60,6,4016.50,5,4016.40,5,4016.30,5,4017.70,2,4017.80,2,4018.10,1,4018.30,1,4018.40,2,4018.50,6,4018.60,5,4018.70,5,4018.80,6,4018.90,5,Sell,2,5,7,-3.00,2.00,-3.00,0.30,100.0,4017.70,4017.70,4017.40,4017.40,1,5,6,-4.00,-1.00,-4.00,0.50,80.0,-6,6,0.0000,0.0000,32.00,14.00,4024.83,-0.8635,DOWN,55.45,0.1082,1.3464
20260728 230000 919,4017.40,1,4017.30,4017.60,0.30,4017.30,1,4017.20,4,4017.00,7,4016.90,5,4016.80,5,4016.70,5,4016.60,6,4016.50,5,4016.40,5,4016.30,5,4017.60,1,4017.70,3,4018.00,1,4018.10,1,4018.30,1,4018.40,2,4018.50,1,4018.60,5,4018.70,5,4018.80,6,Sell,2,6,8,-4.00,2.00,-4.00,0.30,100.0,4017.70,4017.70,4017.40,4017.40,1,5,6,-4.00,-1.00,-4.00,0.50,80.0,-6,6,0.0000,0.0000,31.00,13.00,4024.83,-0.8635,DOWN,55.45,0.1082,1.3464
20260728 230000 919,4017.40,1,4017.30,4017.60,0.30,4017.30,1,4017.20,4,4017.00,7,4016.90,5,4016.80,5,4016.70,5,4016.60,6,4016.50,5,4016.40,5,4016.30,5,4017.60,1,4017.70,3,4018.00,1,4018.10,1,4018.30,1,4018.40,2,4018.50,1,4018.60,5,4018.70,5,4018.80,6,Sell,2,7,9,-5.00,2.00,-5.00,0.30,100.0,4017.70,4017.70,4017.40,4017.40,1,5,6,-4.00,-1.00,-4.00,0.50,80.0,-6,6,0.0000,0.0000,30.00,12.00,4024.83,-0.8635,DOWN,55.45,0.1082,1.3464
20260728 230000 919,4017.30,1,4017.30,4017.60,0.30,4017.30,1,4017.20,4,4017.00,7,4016.90,5,4016.80,5,4016.70,5,4016.60,6,4016.50,5,4016.40,5,4016.30,5,4017.60,1,4017.70,3,4018.00,1,4018.10,1,4018.30,1,4018.40,2,4018.50,1,4018.60,5,4018.70,5,4018.80,6,Sell,2,8,10,-6.00,2.00,-6.00,0.40,100.0,4017.70,4017.70,4017.30,4017.30,1,5,6,-4.00,-1.00,-4.00,0.50,80.0,-6,6,0.0000,0.0000,29.00,11.00,4024.82,-0.8666,DOWN,55.45,0.1082,1.3536
20260728 230000 919,4017.30,1,4017.30,4017.60,0.30,4017.30,1,4017.20,4,4017.00,7,4016.90,5,4016.80,5,4016.70,5,4016.60,6,4016.50,5,4016.40,5,4016.30,5,4017.60,1,4017.70,3,4018.00,1,4018.10,1,4018.30,1,4018.40,2,4018.50,1,4018.60,5,4018.70,5,4018.80,6,Sell,2,9,11,-7.00,2.00,-7.00,0.40,100.0,4017.70,4017.70,4017.30,4017.30,1,5,6,-4.00,-1.00,-4.00,0.50,80.0,-6,6,0.0000,0.0000,28.00,10.00,4024.82,-0.8666,DOWN,55.45,0.1082,1.3536
20260728 230000 920,4017.40,1,4017.30,4017.60,0.30,4017.30,1,4017.20,4,4017.00,7,4016.90,5,4016.80,5,4016.70,5,4016.60,6,4016.50,5,4016.40,5,4016.30,5,4017.60,1,4017.70,3,4018.00,1,4018.10,1,4018.30,1,4018.40,2,4018.50,1,4018.60,5,4018.70,5,4018.80,6,Sell,2,10,12,-8.00,2.00,-8.00,0.40,75.0,4017.70,4017.70,4017.30,4017.40,1,5,6,-4.00,-1.00,-4.00,0.50,80.0,-6,6,0.0000,0.0000,27.00,9.00,4024.83,-0.8635,DOWN,55.45,0.1082,1.3536
20260728 230000 920,4017.30,1,4017.30,4017.60,0.30,4017.30,1,4017.20,4,4017.00,7,4016.90,5,4016.80,5,4016.70,5,4016.60,6,4016.50,5,4016.40,5,4016.30,5,4017.60,1,4017.70,3,4018.00,1,4018.10,1,4018.30,1,4018.40,2,4018.50,1,4018.60,5,4018.70,5,4018.80,6,Sell,2,11,13,-9.00,2.00,-9.00,0.40,100.0,4017.70,4017.70,4017.30,4017.30,1,5,6,-4.00,-1.00,-4.00,0.50,80.0,-6,6,0.0000,0.0000,26.00,8.00,4024.82,-0.8666,DOWN,55.45,0.1082,1.3536
20260728 230000 920,4017.30,1,4017.30,4017.60,0.30,4017.30,1,4017.20,4,4017.00,7,4016.90,5,4016.80,5,4016.70,5,4016.60,6,4016.50,5,4016.40,5,4016.30,5,4017.60,1,4017.70,3,4018.00,1,4018.10,1,4018.30,1,4018.40,2,4018.50,1,4018.60,5,4018.70,5,4018.80,6,Sell,2,12,14,-10.00,2.00,-10.00,0.40,100.0,4017.70,4017.70,4017.30,4017.30,1,5,6,-4.00,-1.00,-4.00,0.50,80.0,-6,6,0.0000,0.0000,25.00,7.00,4024.82,-0.8666,DOWN,55.45,0.1082,1.3536
20260728 230000 956,4017.30,1,4017.30,4017.60,0.30,4017.30,1,4017.20,4,4017.00,7,4016.90,5,4016.80,5,4016.70,5,4016.60,6,4016.50,5,4016.40,5,4016.30,5,4017.60,1,4017.70,3,4018.00,1,4018.10,1,4018.30,1,4018.40,2,4018.50,1,4018.60,5,4018.70,5,4018.80,6,Sell,2,13,15,-11.00,2.00,-11.00,0.40,100.0,4017.70,4017.70,4017.30,4017.30,1,5,6,-4.00,-1.00,-4.00,0.50,80.0,-6,6,0.0000,0.0000,24.00,6.00,4024.82,-0.8666,DOWN,55.45,0.1082,1.3536
20260728 230000 956,4017.30,1,4017.30,4017.60,0.30,4017.30,1,4017.20,4,4017.00,7,4016.90,5,4016.80,5,4016.70,5,4016.60,6,4016.50,5,4016.40,5,4016.30,5,4017.60,1,4017.70,3,4018.00,1,4018.10,1,4018.30,1,4018.40,2,4018.50,1,4018.60,5,4018.70,5,4018.80,6,Sell,2,14,16,-12.00,2.00,-12.00,0.40,100.0,4017.70,4017.70,4017.30,4017.30,1,5,6,-4.00,-1.00,-4.00,0.50,80.0,-6,6,0.0000,0.0000,23.00,5.00,4024.82,-0.8666,DOWN,55.45,0.1082,1.3536
20260728 230000 969,4017.30,1,4017.30,4017.60,0.30,4017.30,1,4017.20,4,4017.00,7,4016.90,5,4016.80,5,4016.70,5,4016.60,6,4016.50,5,4016.40,5,4016.30,5,4017.60,1,4017.70,3,4018.00,1,4018.10,1,4018.30,1,4018.40,2,4018.50,1,4018.60,5,4018.70,5,4018.80,6,Sell,2,15,17,-13.00,2.00,-13.00,0.40,100.0,4017.70,4017.70,4017.30,4017.30,1,5,6,-4.00,-1.00,-4.00,0.50,80.0,-6,6,0.0000,0.0000,22.00,4.00,4024.82,-0.8666,DOWN,55.45,0.1082,1.3536
20260728 230001 044,4017.30,1,4017.20,4017.60,0.40,4017.20,4,4017.10,4,4017.00,7,4016.90,5,4016.80,5,4016.70,5,4016.60,6,4016.50,5,4016.40,5,4016.30,5,4017.60,1,4017.70,3,4018.00,1,4018.10,1,4018.30,1,4018.40,2,4018.50,1,4018.60,5,4018.70,5,4018.80,6,Sell,2,16,18,-14.00,2.00,-14.00,0.40,100.0,4017.70,4017.70,4017.30,4017.30,1,5,6,-4.00,-1.00,-4.00,0.50,80.0,-6,6,0.0000,0.0000,21.00,3.00,4024.82,-0.8666,DOWN,55.45,0.1082,1.3536
20260728 230001 160,4017.60,1,4017.20,4017.60,0.40,4017.20,3,4017.10,4,4017.00,7,4016.90,5,4016.80,5,4016.70,5,4016.60,6,4016.50,5,4016.40,5,4016.30,5,4017.60,1,4017.70,3,4018.00,1,4018.10,1,4018.30,1,4018.40,2,4018.50,6,4018.60,5,4018.70,5,4018.80,6,Buy,3,16,19,-13.00,2.00,-14.00,0.40,25.0,4017.70,4017.70,4017.30,4017.60,1,5,6,-4.00,-1.00,-4.00,0.50,80.0,-6,6,0.0000,0.0769,22.00,4.00,4024.85,-0.8571,DOWN,55.45,0.1082,1.3536
20260728 230001 208,4017.30,1,4017.20,4017.60,0.40,4017.20,2,4017.10,4,4017.00,7,4016.90,5,4016.80,5,4016.70,5,4016.60,6,4016.50,5,4016.40,5,4016.30,5,4017.60,2,4017.70,3,4018.00,1,4018.10,1,4018.30,1,4018.40,2,4018.50,1,4018.60,5,4018.70,5,4018.80,6,Sell,3,17,20,-14.00,2.00,-14.00,0.40,100.0,4017.70,4017.70,4017.30,4017.30,1,5,6,-4.00,-1.00,-4.00,0.50,80.0,-6,6,0.0000,0.0000,21.00,3.00,4024.82,-0.8666,DOWN,55.45,0.1082,1.3536
20260728 230001 208,4017.30,1,4017.20,4017.60,0.40,4017.20,2,4017.10,4,4017.00,7,4016.90,5,4016.80,5,4016.70,5,4016.60,6,4016.50,5,4016.40,5,4016.30,5,4017.60,2,4017.70,3,4018.00,1,4018.10,1,4018.30,1,4018.40,2,4018.50,1,4018.60,5,4018.70,5,4018.80,6,Sell,3,18,21,-15.00,2.00,-15.00,0.40,100.0,4017.70,4017.70,4017.30,4017.30,1,5,6,-4.00,-1.00,-4.00,0.50,80.0,-6,6,0.0000,0.0000,20.00,2.00,4024.82,-0.8666,DOWN,55.45,0.1082,1.3536
20260728 230001 208,4017.30,1,4017.20,4017.60,0.40,4017.20,2,4017.10,4,4017.00,7,4016.90,5,4016.80,5,4016.70,5,4016.60,6,4016.50,5,4016.40,5,4016.30,5,4017.60,2,4017.70,3,4018.00,1,4018.10,1,4018.30,1,4018.40,2,4018.50,1,4018.60,5,4018.70,5,4018.80,6,Sell,3,19,22,-16.00,2.00,-16.00,0.40,100.0,4017.70,4017.70,4017.30,4017.30,1,5,6,-4.00,-1.00,-4.00,0.50,80.0,-6,6,0.0000,0.0000,19.00,1.00,4024.82,-0.8666,DOWN,55.45,0.1082,1.3536
20260728 230001 208,4017.20,1,4017.20,4017.60,0.40,4017.20,2,4017.10,4,4017.00,7,4016.90,5,4016.80,5,4016.70,5,4016.60,6,4016.50,5,4016.40,5,4016.30,5,4017.60,2,4017.70,3,4018.00,1,4018.10,1,4018.30,1,4018.40,2,4018.50,1,4018.60,5,4018.70,5,4018.80,6,Sell,3,20,23,-17.00,2.00,-17.00,0.50,100.0,4017.70,4017.70,4017.20,4017.20,1,5,6,-4.00,-1.00,-4.00,0.50,80.0,-6,6,0.0000,0.0000,18.00,0.00,4024.81,-0.8698,DOWN,55.45,0.1082,1.3607
20260728 230001 242,4017.20,1,4017.20,4017.60,0.40,4017.20,2,4017.10,4,4017.00,7,4016.90,5,4016.80,5,4016.70,5,4016.60,6,4016.50,5,4016.40,5,4016.30,5,4017.60,2,4017.70,3,4018.00,1,4018.10,1,4018.30,1,4018.40,2,4018.50,1,4018.60,5,4018.70,5,4018.80,6,Sell,3,21,24,-18.00,2.00,-18.00,0.50,100.0,4017.70,4017.70,4017.20,4017.20,1,5,6,-4.00,-1.00,-4.00,0.50,80.0,-6,6,0.0000,0.0000,17.00,-1.00,4024.81,-0.8698,DOWN,55.45,0.1082,1.3607
20260728 230001 581,4017.30,1,4017.20,4017.60,0.40,4017.20,3,4017.10,4,4017.00,7,4016.90,5,4016.80,5,4016.70,5,4016.60,6,4016.50,5,4016.40,5,4016.30,5,4017.60,1,4017.70,2,4018.00,1,4018.10,1,4018.30,1,4018.40,2,4018.50,1,4018.60,5,4018.70,5,4018.80,6,Sell,3,22,25,-19.00,2.00,-19.00,0.50,80.0,4017.70,4017.70,4017.20,4017.30,1,5,6,-4.00,-1.00,-4.00,0.50,80.0,-6,6,0.0000,0.0000,16.00,-2.00,4024.82,-0.8666,DOWN,55.45,0.1082,1.3607
20260728 230001 741,4017.20,1,4017.20,4017.60,0.40,4017.20,2,4017.10,4,4017.00,7,4016.90,5,4016.80,5,4016.70,5,4016.60,6,4016.50,5,4016.40,5,4016.30,5,4017.60,1,4017.70,2,4018.00,1,4018.10,1,4018.30,1,4018.40,2,4018.50,1,4018.60,5,4018.70,5,4018.80,6,Sell,3,23,26,-20.00,2.00,-20.00,0.50,100.0,4017.70,4017.70,4017.20,4017.20,1,5,6,-4.00,-1.00,-4.00,0.50,80.0,-6,6,0.0000,0.0000,15.00,-3.00,4024.81,-0.8698,DOWN,55.45,0.1082,1.3607
20260728 230002 287,4017.50,1,4017.20,4017.50,0.30,4017.20,3,4017.10,4,4017.00,7,4016.90,5,4016.80,5,4016.70,5,4016.60,6,4016.50,5,4016.40,5,4016.30,5,4017.60,2,4017.70,1,4018.00,1,4018.10,1,4018.30,1,4018.40,2,4018.50,1,4018.60,5,4018.70,5,4018.80,6,Buy,4,23,27,-19.00,2.00,-20.00,0.50,40.0,4017.70,4017.70,4017.20,4017.50,1,5,6,-4.00,-1.00,-4.00,0.50,80.0,-6,6,0.0000,0.0526,16.00,-2.00,4024.84,-0.8603,DOWN,55.45,0.1082,1.3607
20260728 230004 404,4017.20,1,4017.10,4017.40,0.30,4017.10,2,4017.00,12,4016.60,1,4016.50,5,4016.40,5,4016.30,5,4016.20,5,4016.10,5,4016.00,5,4015.90,5,4017.40,1,4017.50,2,4018.10,1,4018.30,2,4018.40,2,4018.50,5,4018.60,5,4018.70,5,4018.80,6,4018.90,5,Sell,4,24,28,-20.00,2.00,-20.00,0.50,100.0,4017.70,4017.70,4017.20,4017.20,1,5,6,-4.00,-1.00,-4.00,0.50,80.0,-6,6,0.0000,0.0000,15.00,-3.00,4024.81,-0.8698,DOWN,55.45,0.1082,1.3607
20260728 230004 404,4017.20,1,4017.10,4017.40,0.30,4017.10,2,4017.00,12,4016.60,1,4016.50,5,4016.40,5,4016.30,5,4016.20,5,4016.10,5,4016.00,5,4015.90,5,4017.40,1,4017.50,2,4018.10,1,4018.30,2,4018.40,2,4018.50,5,4018.60,5,4018.70,5,4018.80,6,4018.90,5,Sell,4,25,29,-21.00,2.00,-21.00,0.50,100.0,4017.70,4017.70,4017.20,4017.20,1,5,6,-4.00,-1.00,-4.00,0.50,80.0,-6,6,0.0000,0.0000,14.00,-4.00,4024.81,-0.8698,DOWN,55.45,0.1082,1.3607
20260728 230004 500,4017.40,1,4017.20,4017.50,0.30,4017.20,1,4017.10,2,4017.00,7,4016.60,1,4016.50,5,4016.40,5,4016.30,5,4016.20,5,4016.10,5,4016.00,5,4017.50,2,4017.60,3,4018.00,1,4018.10,1,4018.30,2,4018.40,2,4018.50,6,4018.60,5,4018.70,5,4018.80,6,Sell,4,26,30,-22.00,2.00,-22.00,0.50,60.0,4017.70,4017.70,4017.20,4017.40,1,5,6,-4.00,-1.00,-4.00,0.50,80.0,-6,6,0.0000,0.0000,13.00,-5.00,4024.83,-0.8635,DOWN,55.45,0.1082,1.3607
20260728 230004 500,4017.40,1,4017.20,4017.50,0.30,4017.20,1,4017.10,2,4017.00,7,4016.60,1,4016.50,5,4016.40,5,4016.30,5,4016.20,5,4016.10,5,4016.00,5,4017.50,2,4017.60,3,4018.00,1,4018.10,1,4018.30,2,4018.40,2,4018.50,6,4018.60,5,4018.70,5,4018.80,6,Sell,4,27,31,-23.00,2.00,-23.00,0.50,60.0,4017.70,4017.70,4017.20,4017.40,1,5,6,-4.00,-1.00,-4.00,0.50,80.0,-6,6,0.0000,0.0000,12.00,-6.00,4024.83,-0.8635,DOWN,55.45,0.1082,1.3607
20260728 230004 623,4017.50,1,4017.20,4017.50,0.30,4017.20,1,4017.10,4,4017.00,7,4016.60,1,4016.50,5,4016.40,5,4016.30,5,4016.20,5,4016.10,5,4016.00,5,4017.60,3,4017.70,2,4018.10,1,4018.30,2,4018.40,2,4018.70,5,4018.80,6,4018.90,5,4019.00,5,4019.10,5,Buy,5,27,32,-22.00,2.00,-23.00,0.50,40.0,4017.70,4017.70,4017.20,4017.50,1,5,6,-4.00,-1.00,-4.00,0.50,80.0,-6,6,0.0000,0.0455,13.00,-5.00,4024.84,-0.8603,DOWN,55.45,0.1082,1.3607
20260728 230004 623,4017.50,1,4017.20,4017.50,0.30,4017.20,1,4017.10,4,4017.00,7,4016.60,1,4016.50,5,4016.40,5,4016.30,5,4016.20,5,4016.10,5,4016.00,5,4017.60,3,4017.70,2,4018.10,1,4018.30,2,4018.40,2,4018.70,5,4018.80,6,4018.90,5,4019.00,5,4019.10,5,Buy,6,27,33,-21.00,2.00,-23.00,0.50,40.0,4017.70,4017.70,4017.20,4017.50,1,5,6,-4.00,-1.00,-4.00,0.50,80.0,-6,6,0.0000,0.0952,14.00,-4.00,4024.84,-0.8603,DOWN,55.45,0.1082,1.3607
20260728 230018 977,4017.40,1,4017.20,4017.50,0.30,4017.20,2,4017.10,2,4017.00,7,4016.60,6,4016.50,5,4016.40,5,4016.30,5,4016.20,5,4016.10,5,4016.00,5,4017.50,1,4017.60,2,4018.10,1,4018.30,1,4018.40,2,4018.50,5,4018.60,5,4018.70,5,4018.80,6,4018.90,5,Sell,6,28,34,-22.00,2.00,-23.00,0.50,60.0,4017.70,4017.70,4017.20,4017.40,1,5,6,-4.00,-1.00,-4.00,0.50,80.0,-6,6,0.0000,0.0455,13.00,-5.00,4024.83,-0.8635,DOWN,55.45,0.1082,1.3607
20260728 230020 710,4017.20,1,4017.10,4017.40,0.30,4017.10,2,4017.00,11,4016.60,6,4016.50,5,4016.40,5,4016.30,5,4016.20,5,4016.10,5,4016.00,5,4015.90,5,4017.40,1,4017.50,2,4017.60,2,4018.00,1,4018.10,1,4018.40,2,4018.50,5,4018.60,5,4018.70,5,4018.80,6,Sell,6,29,35,-23.00,2.00,-23.00,0.50,100.0,4017.70,4017.70,4017.20,4017.20,1,5,6,-4.00,-1.00,-4.00,0.50,80.0,-6,6,0.0000,0.0000,12.00,-6.00,4024.81,-0.8698,DOWN,55.45,0.1082,1.3607
20260728 230021 050,4017.40,1,4017.30,4017.40,0.10,4017.20,1,4017.10,4,4017.00,7,4016.60,6,4016.50,5,4016.40,5,4016.30,5,4016.20,5,4016.10,5,4016.00,5,4017.40,1,4017.50,1,4017.60,2,4018.10,1,4018.40,2,4018.50,5,4018.60,5,4018.70,5,4018.80,6,4018.90,5,Buy,7,29,36,-22.00,2.00,-23.00,0.50,60.0,4017.70,4017.70,4017.20,4017.40,1,5,6,-4.00,-1.00,-4.00,0.50,80.0,-6,6,0.0000,0.0455,13.00,-5.00,4024.83,-0.8635,DOWN,55.45,0.1082,1.3607
20260728 230027 298,4017.20,1,4017.20,4017.50,0.30,4017.30,1,4017.20,3,4017.00,7,4016.70,5,4016.60,6,4016.50,5,4016.40,5,4016.30,5,4016.20,5,4016.10,5,4017.60,2,4017.80,1,4018.10,1,4018.30,1,4018.40,2,4018.50,5,4018.60,5,4018.70,5,4018.80,6,4018.90,5,Sell,7,30,37,-23.00,2.00,-23.00,0.50,100.0,4017.70,4017.70,4017.20,4017.20,1,5,6,-4.00,-1.00,-4.00,0.50,80.0,-6,6,0.0000,0.0000,12.00,-6.00,4024.81,-0.8698,DOWN,55.45,0.1082,1.3607
20260728 230027 298,4017.20,1,4017.20,4017.50,0.30,4017.30,1,4017.20,3,4017.00,7,4016.70,5,4016.60,6,4016.50,5,4016.40,5,4016.30,5,4016.20,5,4016.10,5,4017.60,2,4017.80,1,4018.10,1,4018.30,1,4018.40,2,4018.50,5,4018.60,5,4018.70,5,4018.80,6,4018.90,5,Sell,7,31,38,-24.00,2.00,-24.00,0.50,100.0,4017.70,4017.70,4017.20,4017.20,1,5,6,-4.00,-1.00,-4.00,0.50,80.0,-6,6,0.0000,0.0000,11.00,-7.00,4024.81,-0.8698,DOWN,55.45,0.1082,1.3607
20260728 230028 472,4017.50,1,4017.20,4017.70,0.50,4017.20,2,4017.10,3,4017.00,7,4016.70,5,4016.60,6,4016.50,5,4016.40,5,4016.30,5,4016.20,5,4016.10,5,4017.70,1,4017.80,4,4018.10,1,4018.30,1,4018.40,7,4018.50,5,4018.60,6,4018.70,5,4018.80,6,4018.90,5,Buy,8,31,39,-23.00,2.00,-24.00,0.50,40.0,4017.70,4017.70,4017.20,4017.50,1,5,6,-4.00,-1.00,-4.00,0.50,80.0,-6,6,0.0000,0.0435,12.00,-6.00,4024.84,-0.8603,DOWN,55.45,0.1082,1.3607
20260728 230030 970,4017.20,1,4017.00,4017.30,0.30,4017.00,7,4016.90,4,4016.70,3,4016.60,1,4016.50,5,4016.40,5,4016.30,5,4016.20,5,4016.10,5,4016.00,5,4017.30,3,4017.40,2,4017.60,1,4018.00,1,4018.10,1,4018.20,5,4018.30,5,4018.40,7,4018.50,5,4018.60,5,Buy,9,31,40,-22.00,2.00,-24.00,0.50,100.0,4017.70,4017.70,4017.20,4017.20,1,5,6,-4.00,-1.00,-4.00,0.50,80.0,-6,6,0.0000,0.0909,13.00,-5.00,4024.81,-0.8698,DOWN,55.45,0.1082,1.3607
20260728 230032 830,4017.10,1,4017.10,4017.50,0.40,4017.20,2,4017.10,3,4017.00,7,4016.60,1,4016.50,5,4016.40,5,4016.30,5,4016.20,5,4016.10,5,4016.00,5,4017.50,1,4017.60,3,4018.00,1,4018.10,1,4018.40,7,4018.50,5,4018.60,6,4018.70,5,4018.80,6,4018.90,5,Sell,9,32,41,-23.00,2.00,-24.00,0.60,100.0,4017.70,4017.70,4017.10,4017.10,1,5,6,-4.00,-1.00,-4.00,0.50,80.0,-6,6,0.0000,0.0435,12.00,-6.00,4024.80,-0.8730,DOWN,55.45,0.1082,1.3679
20260728 230045 072,4017.10,1,4017.10,4017.40,0.30,4017.10,1,4017.00,10,4016.60,1,4016.50,5,4016.40,5,4016.30,5,4016.20,5,4016.10,5,4016.00,5,4015.90,5,4017.40,2,4017.50,7,4018.10,1,4018.30,2,4018.40,2,4018.60,5,4018.70,1,4018.80,1,4018.90,5,4019.00,5,Buy,10,32,42,-22.00,2.00,-24.00,0.60,100.0,4017.70,4017.70,4017.10,4017.10,1,5,6,-4.00,-1.00,-4.00,0.50,80.0,-6,6,0.0000,0.0909,13.00,-5.00,4024.80,-0.8730,DOWN,55.45,0.1082,1.3679
20260728 230045 127,4017.10,1,4017.10,4017.40,0.30,4017.10,1,4017.00,10,4016.60,1,4016.50,5,4016.40,5,4016.30,5,4016.20,5,4016.10,5,4016.00,5,4015.90,5,4017.40,2,4017.50,7,4018.10,1,4018.30,2,4018.40,2,4018.60,5,4018.70,1,4018.80,1,4018.90,5,4019.00,5,Sell,10,33,43,-23.00,2.00,-24.00,0.60,100.0,4017.70,4017.70,4017.10,4017.10,1,5,6,-4.00,-1.00,-4.00,0.50,80.0,-6,6,0.0000,0.0435,12.00,-6.00,4024.80,-0.8730,DOWN,55.45,0.1082,1.3679
20260728 230052 049,4017.30,1,4017.10,4017.40,0.30,4017.10,2,4017.00,11,4016.60,1,4016.50,5,4016.40,5,4016.30,5,4016.20,5,4016.10,5,4016.00,5,4015.90,5,4017.40,1,4017.50,8,4018.00,1,4018.10,1,4018.20,2,4018.30,5,4018.40,7,4018.50,5,4018.60,5,4018.70,5,Buy,11,33,44,-22.00,2.00,-24.00,0.60,66.7,4017.70,4017.70,4017.10,4017.30,1,5,6,-4.00,-1.00,-4.00,0.50,80.0,-6,6,0.0000,0.0909,13.00,-5.00,4024.82,-0.8666,DOWN,55.45,0.1082,1.3679
20260728 230101 515,4017.20,1,4017.20,4017.50,0.30,4017.20,1,4017.10,2,4017.00,7,4016.60,1,4016.50,5,4016.40,5,4016.30,5,4016.20,5,4016.10,5,4016.00,5,4017.50,5,4017.60,3,4018.00,1,4018.10,1,4018.20,2,4018.30,5,4018.40,6,4018.50,5,4018.60,5,4018.70,5,Sell,0,1,1,-1.00,-1.00,-1.00,0.00,0.0,4017.20,4017.20,4017.20,4017.20,11,33,44,-22.00,2.00,-24.00,0.60,66.7,0,12,0.0909,0.0000,10.00,-10.00,4024.81,-0.8698,DOWN,57.00,0.7719,1.2773
20260728 230102 838,4017.20,1,4017.20,4017.50,0.30,4017.20,1,4017.10,2,4017.00,7,4016.60,1,4016.50,5,4016.40,5,4016.30,5,4016.20,5,4016.10,5,4016.00,5,4017.50,6,4017.60,3,4018.00,1,4018.10,1,4018.20,2,4018.30,5,4018.40,6,4018.50,5,4018.60,5,4018.70,5,Sell,0,2,2,-2.00,-1.00,-2.00,0.00,0.0,4017.20,4017.20,4017.20,4017.20,11,33,44,-22.00,2.00,-24.00,0.60,66.7,0,12,0.0909,0.0000,9.00,-11.00,4024.81,-0.8698,DOWN,57.00,0.7719,1.2773
20260728 230106 923,4017.50,2,4017.40,4017.70,0.30,4017.40,3,4017.30,2,4017.10,1,4017.00,7,4016.60,1,4016.50,5,4016.40,5,4016.30,5,4016.20,5,4016.10,5,4017.70,1,4017.80,2,4018.10,1,4018.20,1,4018.30,5,4018.40,5,4018.50,5,4018.60,5,4018.70,5,4018.80,6,Buy,2,2,4,0.00,0.00,-2.00,0.30,100.0,4017.20,4017.50,4017.20,4017.50,11,33,44,-22.00,2.00,-24.00,0.60,66.7,0,12,0.0909,0.0000,11.00,-9.00,4024.84,-0.8603,DOWN,57.00,0.7719,1.2916
20260728 230106 923,4017.50,2,4017.40,4017.70,0.30,4017.40,3,4017.30,2,4017.10,1,4017.00,7,4016.60,1,4016.50,5,4016.40,5,4016.30,5,4016.20,5,4016.10,5,4017.70,1,4017.80,2,4018.10,1,4018.20,1,4018.30,5,4018.40,5,4018.50,5,4018.60,5,4018.70,5,4018.80,6,Buy,4,2,6,2.00,2.00,-2.00,0.30,100.0,4017.20,4017.50,4017.20,4017.50,11,33,44,-22.00,2.00,-24.00,0.60,66.7,0,12,0.0909,0.0000,13.00,-7.00,4024.84,-0.8603,DOWN,57.00,0.7719,1.2916
20260728 230106 923,4017.50,1,4017.40,4017.70,0.30,4017.40,3,4017.30,2,4017.10,1,4017.00,7,4016.60,1,4016.50,5,4016.40,5,4016.30,5,4016.20,5,4016.10,5,4017.70,1,4017.80,2,4018.10,1,4018.20,1,4018.30,5,4018.40,5,4018.50,5,4018.60,5,4018.70,5,4018.80,6,Buy,5,2,7,3.00,3.00,-2.00,0.30,100.0,4017.20,4017.50,4017.20,4017.50,11,33,44,-22.00,2.00,-24.00,0.60,66.7,0,12,0.0909,0.0000,14.00,-6.00,4024.84,-0.8603,DOWN,57.00,0.7719,1.2916
20260728 230106 924,4017.50,2,4017.40,4017.70,0.30,4017.40,3,4017.30,2,4017.10,1,4017.00,7,4016.60,1,4016.50,5,4016.40,5,4016.30,5,4016.20,5,4016.10,5,4017.70,1,4017.80,2,4018.10,1,4018.20,1,4018.30,5,4018.40,5,4018.50,5,4018.60,5,4018.70,5,4018.80,6,Sell,5,4,9,1.00,3.00,-2.00,0.30,100.0,4017.20,4017.50,4017.20,4017.50,11,33,44,-22.00,2.00,-24.00,0.60,66.7,0,12,0.0909,2.0000,12.00,-8.00,4024.84,-0.8603,DOWN,57.00,0.7719,1.2916
20260728 230116 110,4017.80,1,4017.50,4017.80,0.30,4017.50,1,4017.40,3,4017.10,1,4017.00,7,4016.80,1,4016.60,1,4016.50,5,4016.40,5,4016.30,5,4016.20,5,4017.80,1,4017.90,3,4018.10,1,4018.50,1,4018.60,6,4018.70,5,4018.80,6,4018.90,5,4019.00,5,4019.10,5,Buy,6,4,10,2.00,3.00,-2.00,0.60,100.0,4017.20,4017.80,4017.20,4017.80,11,33,44,-22.00,2.00,-24.00,0.60,66.7,0,12,0.0909,0.5000,13.00,-7.00,4024.87,-0.8508,DOWN,57.00,0.7719,1.3130
20260728 230119 372,4017.60,1,4017.40,4017.70,0.30,4017.40,1,4017.30,2,4017.00,7,4016.80,1,4016.70,1,4016.60,1,4016.50,5,4016.40,5,4016.30,5,4016.20,5,4017.70,2,4017.80,3,4018.00,1,4018.10,1,4018.50,6,4018.60,6,4018.70,6,4018.80,6,4018.90,5,4019.00,5,Sell,6,5,11,1.00,3.00,-2.00,0.60,66.7,4017.20,4017.80,4017.20,4017.60,11,33,44,-22.00,2.00,-24.00,0.60,66.7,0,12,0.0909,2.0000,12.00,-8.00,4024.85,-0.8571,DOWN,57.00,0.7719,1.3130
20260728 230121 640,4017.30,1,4017.10,4017.40,0.30,4017.10,4,4017.00,11,4016.80,1,4016.70,1,4016.60,1,4016.50,5,4016.40,5,4016.30,5,4016.20,5,4016.10,5,4017.40,1,4017.50,2,4017.80,1,4018.10,1,4018.40,5,4018.50,5,4018.60,6,4018.70,1,4018.80,6,4018.90,5,Sell,6,6,12,0.00,3.00,-2.00,0.60,16.7,4017.20,4017.80,4017.20,4017.30,11,33,44,-22.00,2.00,-24.00,0.60,66.7,0,12,0.0909,3.0000,11.00,-9.00,4024.82,-0.8666,DOWN,57.00,0.7719,1.3130
20260728 230121 640,4017.30,1,4017.10,4017.40,0.30,4017.10,4,4017.00,11,4016.80,1,4016.70,1,4016.60,1,4016.50,5,4016.40,5,4016.30,5,4016.20,5,4016.10,5,4017.40,1,4017.50,2,4017.80,1,4018.10,1,4018.40,5,4018.50,5,4018.60,6,4018.70,1,4018.80,6,4018.90,5,Sell,6,7,13,-1.00,3.00,-2.00,0.60,16.7,4017.20,4017.80,4017.20,4017.30,11,33,44,-22.00,2.00,-24.00,0.60,66.7,0,12,0.0909,1.0000,10.00,-10.00,4024.82,-0.8666,DOWN,57.00,0.7719,1.3130
20260728 230122 584,4017.40,1,4017.20,4017.50,0.30,4017.20,1,4017.10,3,4017.00,7,4016.80,1,4016.70,1,4016.60,1,4016.50,5,4016.40,5,4016.30,5,4016.20,5,4017.50,1,4017.60,3,4017.80,1,4018.10,1,4018.40,5,4018.50,5,4018.60,6,4018.70,5,4018.80,6,4018.90,5,Buy,7,7,14,0.00,3.00,-2.00,0.60,33.3,4017.20,4017.80,4017.20,4017.40,11,33,44,-22.00,2.00,-24.00,0.60,66.7,0,12,0.0909,3.0000,11.00,-9.00,4024.83,-0.8635,DOWN,57.00,0.7719,1.3130
20260728 230130 506,4017.80,1,4017.50,4017.80,0.30,4017.50,2,4017.40,4,4017.10,1,4017.00,7,4016.80,1,4016.70,1,4016.60,6,4016.50,5,4016.40,5,4016.30,5,4017.80,1,4017.90,6,4018.00,2,4018.10,1,4018.60,6,4018.70,5,4018.80,6,4018.90,5,4019.00,5,4019.10,6,Buy,8,7,15,1.00,3.00,-2.00,0.60,100.0,4017.20,4017.80,4017.20,4017.80,11,33,44,-22.00,2.00,-24.00,0.60,66.7,0,12,0.0909,2.0000,12.00,-8.00,4024.87,-0.8508,DOWN,57.00,0.7719,1.3130
20260728 230130 506,4017.90,1,4017.50,4017.80,0.30,4017.50,2,4017.40,4,4017.10,1,4017.00,7,4016.80,1,4016.70,1,4016.60,6,4016.50,5,4016.40,5,4016.30,5,4017.80,1,4017.90,6,4018.00,2,4018.10,1,4018.60,6,4018.70,5,4018.80,6,4018.90,5,4019.00,5,4019.10,6,Buy,9,7,16,2.00,3.00,-2.00,0.70,100.0,4017.20,4017.90,4017.20,4017.90,11,33,44,-22.00,2.00,-24.00,0.60,66.7,0,12,0.0909,0.5000,13.00,-7.00,4024.88,-0.8476,DOWN,57.00,0.7719,1.3201
20260728 230130 506,4017.90,1,4017.50,4017.80,0.30,4017.50,2,4017.40,4,4017.10,1,4017.00,7,4016.80,1,4016.70,1,4016.60,6,4016.50,5,4016.40,5,4016.30,5,4017.80,1,4017.90,6,4018.00,2,4018.10,1,4018.60,6,4018.70,5,4018.80,6,4018.90,5,4019.00,5,4019.10,6,Buy,10,7,17,3.00,3.00,-2.00,0.70,100.0,4017.20,4017.90,4017.20,4017.90,11,33,44,-22.00,2.00,-24.00,0.60,66.7,0,12,0.0909,0.0000,14.00,-6.00,4024.88,-0.8476,DOWN,57.00,0.7719,1.3201
20260728 230138 147,4017.90,1,4017.50,4017.80,0.30,4017.50,8,4017.40,2,4017.00,1,4016.80,6,4016.70,1,4016.60,6,4016.50,5,4016.40,5,4016.30,5,4016.20,5,4017.80,2,4017.90,3,4018.00,2,4018.10,1,4018.60,6,4018.80,6,4018.90,5,4019.00,5,4019.10,5,4019.20,5,Buy,11,7,18,4.00,4.00,-2.00,0.70,100.0,4017.20,4017.90,4017.20,4017.90,11,33,44,-22.00,2.00,-24.00,0.60,66.7,0,12,0.0909,0.0000,15.00,-5.00,4024.88,-0.8476,DOWN,57.00,0.7719,1.3201
20260728 230145 433,4017.80,1,4017.50,4017.90,0.40,4017.50,9,4017.40,9,4017.00,1,4016.80,1,4016.70,6,4016.60,6,4016.50,5,4016.40,5,4016.30,5,4016.20,5,4017.90,2,4018.00,6,4018.10,1,4018.60,6,4018.80,6,4018.90,5,4019.00,5,4019.10,5,4019.20,5,4019.30,5,Buy,12,7,19,5.00,5.00,-2.00,0.70,85.7,4017.20,4017.90,4017.20,4017.80,11,33,44,-22.00,2.00,-24.00,0.60,66.7,0,12,0.0909,0.0000,16.00,-4.00,4024.87,-0.8508,DOWN,57.00,0.7719,1.3201
20260728 230145 433,4017.90,1,4017.50,4017.90,0.40,4017.50,9,4017.40,9,4017.00,1,4016.80,1,4016.70,6,4016.60,6,4016.50,5,4016.40,5,4016.30,5,4016.20,5,4017.90,2,4018.00,6,4018.10,1,4018.60,6,4018.80,6,4018.90,5,4019.00,5,4019.10,5,4019.20,5,4019.30,5,Buy,13,7,20,6.00,6.00,-2.00,0.70,100.0,4017.20,4017.90,4017.20,4017.90,11,33,44,-22.00,2.00,-24.00,0.60,66.7,0,12,0.0909,0.0000,17.00,-3.00,4024.88,-0.8476,DOWN,57.00,0.7719,1.3201
20260728 230151 075,4017.50,2,4017.10,4017.50,0.40,4017.10,4,4017.00,5,4016.80,1,4016.70,1,4016.60,1,4016.50,5,4016.40,5,4016.30,5,4016.20,5,4016.10,5,4017.50,3,4017.60,4,4017.80,1,4018.00,2,4018.10,1,4018.40,5,4018.50,6,4018.60,6,4018.70,5,4018.80,6,Sell,13,9,22,4.00,6.00,-2.00,0.70,42.9,4017.20,4017.90,4017.20,4017.50,11,33,44,-22.00,2.00,-24.00,0.60,66.7,0,12,0.0909,0.5000,15.00,-5.00,4024.84,-0.8603,DOWN,57.00,0.7719,1.3201
20260728 230151 075,4017.50,2,4017.10,4017.50,0.40,4017.10,4,4017.00,5,4016.80,1,4016.70,1,4016.60,1,4016.50,5,4016.40,5,4016.30,5,4016.20,5,4016.10,5,4017.50,3,4017.60,4,4017.80,1,4018.00,2,4018.10,1,4018.40,5,4018.50,6,4018.60,6,4018.70,5,4018.80,6,Sell,13,11,24,2.00,6.00,-2.00,0.70,42.9,4017.20,4017.90,4017.20,4017.50,11,33,44,-22.00,2.00,-24.00,0.60,66.7,0,12,0.0909,2.0000,13.00,-7.00,4024.84,-0.8603,DOWN,57.00,0.7719,1.3201
20260728 230151 075,4017.50,2,4017.10,4017.50,0.40,4017.10,4,4017.00,5,4016.80,1,4016.70,1,4016.60,1,4016.50,5,4016.40,5,4016.30,5,4016.20,5,4016.10,5,4017.50,3,4017.60,4,4017.80,1,4018.00,2,4018.10,1,4018.40,5,4018.50,6,4018.60,6,4018.70,5,4018.80,6,Sell,13,13,26,0.00,6.00,-2.00,0.70,42.9,4017.20,4017.90,4017.20,4017.50,11,33,44,-22.00,2.00,-24.00,0.60,66.7,0,12,0.0909,6.0000,11.00,-9.00,4024.84,-0.8603,DOWN,57.00,0.7719,1.3201
20260728 230151 078,4017.40,4,4017.10,4017.50,0.40,4017.10,4,4017.00,5,4016.80,1,4016.70,1,4016.60,1,4016.50,5,4016.40,5,4016.30,5,4016.20,5,4016.10,5,4017.50,3,4017.60,4,4017.80,1,4018.00,2,4018.10,1,4018.40,5,4018.50,6,4018.60,6,4018.70,5,4018.80,6,Sell,13,17,30,-4.00,6.00,-4.00,0.70,28.6,4017.20,4017.90,4017.20,4017.40,11,33,44,-22.00,2.00,-24.00,0.60,66.7,0,12,0.0909,0.0000,7.00,-13.00,4024.83,-0.8635,DOWN,57.00,0.7719,1.3201
20260728 230154 203,4017.40,1,4017.20,4017.40,0.20,4017.20,2,4017.10,5,4017.00,2,4016.80,1,4016.70,1,4016.60,1,4016.50,5,4016.40,5,4016.30,5,4016.20,5,4017.50,1,4017.60,3,4017.80,1,4017.90,2,4018.00,2,4018.10,1,4018.30,5,4018.40,5,4018.50,5,4018.60,7,Buy,14,17,31,-3.00,6.00,-4.00,0.70,28.6,4017.20,4017.90,4017.20,4017.40,11,33,44,-22.00,2.00,-24.00,0.60,66.7,0,12,0.0909,0.3333,8.00,-12.00,4024.83,-0.8635,DOWN,57.00,0.7719,1.3201
20260728 230157 098,4017.10,1,4017.10,4017.50,0.40,4017.10,2,4017.00,6,4016.80,1,4016.70,1,4016.60,1,4016.50,5,4016.40,5,4016.30,5,4016.20,5,4016.10,5,4017.50,3,4017.60,3,4017.80,7,4018.00,2,4018.10,1,4018.30,5,4018.40,5,4018.50,5,4018.60,7,4018.70,5,Sell,14,18,32,-4.00,6.00,-4.00,0.80,12.5,4017.20,4017.90,4017.10,4017.10,11,33,44,-22.00,2.00,-24.00,0.60,66.7,0,12,0.0909,0.0000,7.00,-13.00,4024.80,-0.8730,DOWN,57.00,0.7719,1.3273
20260728 230202 106,4017.00,1,4017.00,4017.30,0.30,4017.00,1,4016.90,6,4016.80,3,4016.70,1,4016.60,1,4016.50,5,4016.40,5,4016.30,5,4016.20,5,4016.10,5,4017.30,2,4017.40,3,4017.70,1,4017.80,7,4018.00,2,4018.10,1,4018.20,1,4018.30,5,4018.40,5,4018.50,5,Sell,0,1,1,-1.00,-1.00,-1.00,0.00,0.0,4017.00,4017.00,4017.00,4017.00,14,18,32,-4.00,6.00,-4.00,0.80,12.5,-21,27,0.0000,0.0000,-16.00,-10.00,4024.79,-0.8762,DOWN,58.20,0.5498,1.2396
20260728 230203 164,4017.20,1,4017.20,4017.50,0.30,4017.10,1,4017.00,2,4016.90,2,4016.80,3,4016.70,1,4016.60,1,4016.50,5,4016.40,5,4016.30,5,4016.20,5,4017.40,2,4017.50,4,4017.70,1,4017.80,7,4018.00,2,4018.10,1,4018.20,1,4018.30,5,4018.40,5,4018.50,5,Sell,0,2,2,-2.00,-1.00,-2.00,0.20,100.0,4017.00,4017.20,4017.00,4017.20,14,18,32,-4.00,6.00,-4.00,0.80,12.5,-21,27,0.0000,0.0000,-17.00,-11.00,4024.81,-0.8698,DOWN,58.20,0.5498,1.2468
20260728 230203 164,4017.20,1,4017.20,4017.50,0.30,4017.10,1,4017.00,2,4016.90,2,4016.80,3,4016.70,1,4016.60,1,4016.50,5,4016.40,5,4016.30,5,4016.20,5,4017.40,2,4017.50,4,4017.70,1,4017.80,7,4018.00,2,4018.10,1,4018.20,1,4018.30,5,4018.40,5,4018.50,5,Sell,0,3,3,-3.00,-1.00,-3.00,0.20,100.0,4017.00,4017.20,4017.00,4017.20,14,18,32,-4.00,6.00,-4.00,0.80,12.5,-21,27,0.0000,0.0000,-18.00,-12.00,4024.81,-0.8698,DOWN,58.20,0.5498,1.2468
20260728 230203 164,4017.20,1,4017.20,4017.50,0.30,4017.10,1,4017.00,2,4016.90,2,4016.80,3,4016.70,1,4016.60,1,4016.50,5,4016.40,5,4016.30,5,4016.20,5,4017.40,2,4017.50,4,4017.70,1,4017.80,7,4018.00,2,4018.10,1,4018.20,1,4018.30,5,4018.40,5,4018.50,5,Sell,0,4,4,-4.00,-1.00,-4.00,0.20,100.0,4017.00,4017.20,4017.00,4017.20,14,18,32,-4.00,6.00,-4.00,0.80,12.5,-21,27,0.0000,0.0000,-19.00,-13.00,4024.81,-0.8698,DOWN,58.20,0.5498,1.2468
20260728 230203 164,4017.20,1,4017.20,4017.50,0.30,4017.10,1,4017.00,2,4016.90,2,4016.80,3,4016.70,1,4016.60,1,4016.50,5,4016.40,5,4016.30,5,4016.20,5,4017.40,2,4017.50,4,4017.70,1,4017.80,7,4018.00,2,4018.10,1,4018.20,1,4018.30,5,4018.40,5,4018.50,5,Sell,0,5,5,-5.00,-1.00,-5.00,0.20,100.0,4017.00,4017.20,4017.00,4017.20,14,18,32,-4.00,6.00,-4.00,0.80,12.5,-21,27,0.0000,0.0000,-20.00,-14.00,4024.81,-0.8698,DOWN,58.20,0.5498,1.2468
20260728 230203 164,4017.10,1,4017.20,4017.50,0.30,4017.10,1,4017.00,2,4016.90,2,4016.80,3,4016.70,1,4016.60,1,4016.50,5,4016.40,5,4016.30,5,4016.20,5,4017.40,2,4017.50,4,4017.70,1,4017.80,7,4018.00,2,4018.10,1,4018.20,1,4018.30,5,4018.40,5,4018.50,5,Sell,0,6,6,-6.00,-1.00,-6.00,0.20,50.0,4017.00,4017.20,4017.00,4017.10,14,18,32,-4.00,6.00,-4.00,0.80,12.5,-21,27,0.0000,0.0000,-21.00,-15.00,4024.80,-0.8730,DOWN,58.20,0.5498,1.2468
20260728 230203 164,4017.10,1,4017.20,4017.50,0.30,4017.10,1,4017.00,2,4016.90,2,4016.80,3,4016.70,1,4016.60,1,4016.50,5,4016.40,5,4016.30,5,4016.20,5,4017.40,2,4017.50,4,4017.70,1,4017.80,7,4018.00,2,4018.10,1,4018.20,1,4018.30,5,4018.40,5,4018.50,5,Sell,0,7,7,-7.00,-1.00,-7.00,0.20,50.0,4017.00,4017.20,4017.00,4017.10,14,18,32,-4.00,6.00,-4.00,0.80,12.5,-21,27,0.0000,0.0000,-22.00,-16.00,4024.80,-0.8730,DOWN,58.20,0.5498,1.2468
20260728 230208 500,4017.10,1,4017.10,4017.20,0.10,4017.10,3,4017.00,3,4016.90,6,4016.80,1,4016.70,1,4016.60,1,4016.50,5,4016.40,5,4016.30,5,4016.20,5,4017.30,2,4017.40,1,4018.00,2,4018.10,1,4018.30,5,4018.40,5,4018.50,5,4018.60,7,4018.70,5,4018.80,6,Sell,0,8,8,-8.00,-1.00,-8.00,0.20,50.0,4017.00,4017.20,4017.00,4017.10,14,18,32,-4.00,6.00,-4.00,0.80,12.5,-21,27,0.0000,0.0000,-23.00,-17.00,4024.80,-0.8730,DOWN,58.20,0.5498,1.2468
20260728 230208 503,4017.10,1,4017.00,4017.20,0.20,4017.00,1,4016.80,5,4016.70,5,4016.60,1,4016.50,5,4016.40,5,4016.30,5,4016.20,5,4016.10,5,4016.00,5,4017.20,2,4017.30,2,4017.90,2,4018.00,2,4018.10,1,4018.20,1,4018.30,5,4018.40,5,4018.50,5,4018.60,7,Buy,1,8,9,-7.00,-1.00,-8.00,0.20,50.0,4017.00,4017.20,4017.00,4017.10,14,18,32,-4.00,6.00,-4.00,0.80,12.5,-21,27,0.0000,0.1429,-22.00,-16.00,4024.80,-0.8730,DOWN,58.20,0.5498,1.2468
20260728 230209 376,4017.00,1,4016.80,4017.20,0.40,4016.80,4,4016.70,5,4016.60,1,4016.50,5,4016.40,5,4016.30,5,4016.20,5,4016.10,5,4016.00,5,4015.90,5,4017.20,3,4017.30,2,4018.00,2,4018.10,7,4018.20,5,4018.30,5,4018.40,5,4018.50,5,4018.60,7,4018.70,5,Sell,1,9,10,-8.00,-1.00,-8.00,0.20,0.0,4017.00,4017.20,4017.00,4017.00,14,18,32,-4.00,6.00,-4.00,0.80,12.5,-21,27,0.0000,0.0000,-23.00,-17.00,4024.79,-0.8762,DOWN,58.20,0.5498,1.2468
20260728 230210 213,4016.90,1,4016.80,4017.10,0.30,4016.80,2,4016.70,6,4016.60,1,4016.50,5,4016.40,5,4016.30,5,4016.20,5,4016.10,5,4016.00,5,4015.90,5,4017.10,2,4017.20,4,4018.00,2,4018.10,6,4018.20,5,4018.30,5,4018.40,5,4018.50,5,4018.60,7,4018.70,5,Sell,1,10,11,-9.00,-1.00,-9.00,0.30,33.3,4017.00,4017.20,4016.90,4016.90,14,18,32,-4.00,6.00,-4.00,0.80,12.5,-21,27,0.0000,0.0000,-24.00,-18.00,4024.78,-0.8793,DOWN,58.20,0.5498,1.2539
20260728 230210 213,4016.90,1,4016.80,4017.10,0.30,4016.80,2,4016.70,6,4016.60,1,4016.50,5,4016.40,5,4016.30,5,4016.20,5,4016.10,5,4016.00,5,4015.90,5,4017.10,2,4017.20,4,4018.00,2,4018.10,6,4018.20,5,4018.30,5,4018.40,5,4018.50,5,4018.60,7,4018.70,5,Sell,1,11,12,-10.00,-1.00,-10.00,0.30,33.3,4017.00,4017.20,4016.90,4016.90,14,18,32,-4.00,6.00,-4.00,0.80,12.5,-21,27,0.0000,0.0000,-25.00,-19.00,4024.78,-0.8793,DOWN,58.20,0.5498,1.2539
20260728 230210 213,4016.80,1,4016.80,4017.10,0.30,4016.80,2,4016.70,6,4016.60,1,4016.50,5,4016.40,5,4016.30,5,4016.20,5,4016.10,5,4016.00,5,4015.90,5,4017.10,2,4017.20,4,4018.00,2,4018.10,6,4018.20,5,4018.30,5,4018.40,5,4018.50,5,4018.60,7,4018.70,5,Sell,1,12,13,-11.00,-1.00,-11.00,0.40,50.0,4017.00,4017.20,4016.80,4016.80,14,18,32,-4.00,6.00,-4.00,0.80,12.5,-21,27,0.0000,0.0000,-26.00,-20.00,4024.77,-0.8825,DOWN,58.20,0.5498,1.2611
20260728 230210 213,4016.80,1,4016.80,4017.10,0.30,4016.80,2,4016.70,6,4016.60,1,4016.50,5,4016.40,5,4016.30,5,4016.20,5,4016.10,5,4016.00,5,4015.90,5,4017.10,2,4017.20,4,4018.00,2,4018.10,6,4018.20,5,4018.30,5,4018.40,5,4018.50,5,4018.60,7,4018.70,5,Sell,1,13,14,-12.00,-1.00,-12.00,0.40,50.0,4017.00,4017.20,4016.80,4016.80,14,18,32,-4.00,6.00,-4.00,0.80,12.5,-21,27,0.0000,0.0000,-27.00,-21.00,4024.77,-0.8825,DOWN,58.20,0.5498,1.2611
20260728 230210 213,4016.80,1,4016.80,4017.10,0.30,4016.80,2,4016.70,6,4016.60,1,4016.50,5,4016.40,5,4016.30,5,4016.20,5,4016.10,5,4016.00,5,4015.90,5,4017.10,2,4017.20,4,4018.00,2,4018.10,6,4018.20,5,4018.30,5,4018.40,5,4018.50,5,4018.60,7,4018.70,5,Sell,1,14,15,-13.00,-1.00,-13.00,0.40,50.0,4017.00,4017.20,4016.80,4016.80,14,18,32,-4.00,6.00,-4.00,0.80,12.5,-21,27,0.0000,0.0000,-28.00,-22.00,4024.77,-0.8825,DOWN,58.20,0.5498,1.2611
20260728 230210 213,4016.80,1,4016.80,4017.10,0.30,4016.80,2,4016.70,6,4016.60,1,4016.50,5,4016.40,5,4016.30,5,4016.20,5,4016.10,5,4016.00,5,4015.90,5,4017.10,2,4017.20,4,4018.00,2,4018.10,6,4018.20,5,4018.30,5,4018.40,5,4018.50,5,4018.60,7,4018.70,5,Sell,1,15,16,-14.00,-1.00,-14.00,0.40,50.0,4017.00,4017.20,4016.80,4016.80,14,18,32,-4.00,6.00,-4.00,0.80,12.5,-21,27,0.0000,0.0000,-29.00,-23.00,4024.77,-0.8825,DOWN,58.20,0.5498,1.2611
20260728 230210 213,4016.70,1,4016.80,4017.10,0.30,4016.80,2,4016.70,6,4016.60,1,4016.50,5,4016.40,5,4016.30,5,4016.20,5,4016.10,5,4016.00,5,4015.90,5,4017.10,2,4017.20,4,4018.00,2,4018.10,6,4018.20,5,4018.30,5,4018.40,5,4018.50,5,4018.60,7,4018.70,5,Sell,1,16,17,-15.00,-1.00,-15.00,0.50,60.0,4017.00,4017.20,4016.70,4016.70,14,18,32,-4.00,6.00,-4.00,0.80,12.5,-21,27,0.0000,0.0000,-30.00,-24.00,4024.76,-0.8857,DOWN,58.20,0.5498,1.2682
20260728 230210 213,4016.70,1,4016.80,4017.10,0.30,4016.80,2,4016.70,6,4016.60,1,4016.50,5,4016.40,5,4016.30,5,4016.20,5,4016.10,5,4016.00,5,4015.90,5,4017.10,2,4017.20,4,4018.00,2,4018.10,6,4018.20,5,4018.30,5,4018.40,5,4018.50,5,4018.60,7,4018.70,5,Sell,1,17,18,-16.00,-1.00,-16.00,0.50,60.0,4017.00,4017.20,4016.70,4016.70,14,18,32,-4.00,6.00,-4.00,0.80,12.5,-21,27,0.0000,0.0000,-31.00,-25.00,4024.76,-0.8857,DOWN,58.20,0.5498,1.2682
20260728 230210 213,4016.70,2,4016.80,4017.10,0.30,4016.80,2,4016.70,6,4016.60,1,4016.50,5,4016.40,5,4016.30,5,4016.20,5,4016.10,5,4016.00,5,4015.90,5,4017.10,2,4017.20,4,4018.00,2,4018.10,6,4018.20,5,4018.30,5,4018.40,5,4018.50,5,4018.60,7,4018.70,5,Sell,1,19,20,-18.00,-1.00,-18.00,0.50,60.0,4017.00,4017.20,4016.70,4016.70,14,18,32,-4.00,6.00,-4.00,0.80,12.5,-21,27,0.0000,0.0000,-33.00,-27.00,4024.76,-0.8857,DOWN,58.20,0.5498,1.2682
20260728 230210 213,4016.70,1,4016.80,4017.10,0.30,4016.80,2,4016.70,6,4016.60,1,4016.50,5,4016.40,5,4016.30,5,4016.20,5,4016.10,5,4016.00,5,4015.90,5,4017.10,2,4017.20,4,4018.00,2,4018.10,6,4018.20,5,4018.30,5,4018.40,5,4018.50,5,4018.60,7,4018.70,5,Sell,1,20,21,-19.00,-1.00,-19.00,0.50,60.0,4017.00,4017.20,4016.70,4016.70,14,18,32,-4.00,6.00,-4.00,0.80,12.5,-21,27,0.0000,0.0000,-34.00,-28.00,4024.76,-0.8857,DOWN,58.20,0.5498,1.2682
20260728 230210 213,4016.60,1,4016.80,4017.10,0.30,4016.80,2,4016.70,6,4016.60,1,4016.50,5,4016.40,5,4016.30,5,4016.20,5,4016.10,5,4016.00,5,4015.90,5,4017.10,2,4017.20,4,4018.00,2,4018.10,6,4018.20,5,4018.30,5,4018.40,5,4018.50,5,4018.60,7,4018.70,5,Sell,1,21,22,-20.00,-1.00,-20.00,0.60,66.7,4017.00,4017.20,4016.60,4016.60,14,18,32,-4.00,6.00,-4.00,0.80,12.5,-21,27,0.0000,0.0000,-35.00,-29.00,4024.75,-0.8889,DOWN,58.20,0.5498,1.2753
20260728 230210 213,4016.60,1,4016.80,4017.10,0.30,4016.80,2,4016.70,6,4016.60,1,4016.50,5,4016.40,5,4016.30,5,4016.20,5,4016.10,5,4016.00,5,4015.90,5,4017.10,2,4017.20,4,4018.00,2,4018.10,6,4018.20,5,4018.30,5,4018.40,5,4018.50,5,4018.60,7,4018.70,5,Sell,1,22,23,-21.00,-1.00,-21.00,0.60,66.7,4017.00,4017.20,4016.60,4016.60,14,18,32,-4.00,6.00,-4.00,0.80,12.5,-21,27,0.0000,0.0000,-36.00,-30.00,4024.75,-0.8889,DOWN,58.20,0.5498,1.2753
20260728 230210 213,4016.60,1,4016.80,4017.10,0.30,4016.80,2,4016.70,6,4016.60,1,4016.50,5,4016.40,5,4016.30,5,4016.20,5,4016.10,5,4016.00,5,4015.90,5,4017.10,2,4017.20,4,4018.00,2,4018.10,6,4018.20,5,4018.30,5,4018.40,5,4018.50,5,4018.60,7,4018.70,5,Sell,1,23,24,-22.00,-1.00,-22.00,0.60,66.7,4017.00,4017.20,4016.60,4016.60,14,18,32,-4.00,6.00,-4.00,0.80,12.5,-21,27,0.0000,0.0000,-37.00,-31.00,4024.75,-0.8889,DOWN,58.20,0.5498,1.2753
20260728 230213 144,4016.90,1,4016.90,4017.10,0.20,4016.80,3,4016.70,2,4016.60,1,4016.20,5,4016.10,5,4016.00,5,4015.90,5,4015.80,5,4015.70,5,4015.60,6,4017.10,1,4017.20,3,4017.90,1,4018.00,2,4018.10,2,4018.20,5,4018.30,5,4018.40,5,4018.50,5,4018.60,7,Sell,1,24,25,-23.00,-1.00,-23.00,0.60,16.7,4017.00,4017.20,4016.60,4016.90,14,18,32,-4.00,6.00,-4.00,0.80,12.5,-21,27,0.0000,0.0000,-38.00,-32.00,4024.78,-0.8793,DOWN,58.20,0.5498,1.2753
20260728 230213 144,4016.80,1,4016.90,4017.10,0.20,4016.80,3,4016.70,2,4016.60,1,4016.20,5,4016.10,5,4016.00,5,4015.90,5,4015.80,5,4015.70,5,4015.60,6,4017.10,1,4017.20,3,4017.90,1,4018.00,2,4018.10,2,4018.20,5,4018.30,5,4018.40,5,4018.50,5,4018.60,7,Sell,1,25,26,-24.00,-1.00,-24.00,0.60,33.3,4017.00,4017.20,4016.60,4016.80,14,18,32,-4.00,6.00,-4.00,0.80,12.5,-21,27,0.0000,0.0000,-39.00,-33.00,4024.77,-0.8825,DOWN,58.20,0.5498,1.2753
20260728 230213 144,4016.80,1,4016.90,4017.10,0.20,4016.80,3,4016.70,2,4016.60,1,4016.20,5,4016.10,5,4016.00,5,4015.90,5,4015.80,5,4015.70,5,4015.60,6,4017.10,1,4017.20,3,4017.90,1,4018.00,2,4018.10,2,4018.20,5,4018.30,5,4018.40,5,4018.50,5,4018.60,7,Sell,1,26,27,-25.00,-1.00,-25.00,0.60,33.3,4017.00,4017.20,4016.60,4016.80,14,18,32,-4.00,6.00,-4.00,0.80,12.5,-21,27,0.0000,0.0000,-40.00,-34.00,4024.77,-0.8825,DOWN,58.20,0.5498,1.2753
20260728 230214 848,4016.80,1,4016.80,4017.10,0.30,4016.80,3,4016.70,2,4016.60,1,4016.20,5,4016.10,5,4016.00,5,4015.90,5,4015.80,5,4015.70,5,4015.60,6,4017.10,1,4017.20,3,4017.90,1,4018.00,2,4018.10,7,4018.20,5,4018.30,5,4018.40,5,4018.50,5,4018.60,7,Sell,1,27,28,-26.00,-1.00,-26.00,0.60,33.3,4017.00,4017.20,4016.60,4016.80,14,18,32,-4.00,6.00,-4.00,0.80,12.5,-21,27,0.0000,0.0000,-41.00,-35.00,4024.77,-0.8825,DOWN,58.20,0.5498,1.2753
20260728 230214 848,4016.80,1,4016.80,4017.10,0.30,4016.80,3,4016.70,2,4016.60,1,4016.20,5,4016.10,5,4016.00,5,4015.90,5,4015.80,5,4015.70,5,4015.60,6,4017.10,1,4017.20,3,4017.90,1,4018.00,2,4018.10,7,4018.20,5,4018.30,5,4018.40,5,4018.50,5,4018.60,7,Sell,1,28,29,-27.00,-1.00,-27.00,0.60,33.3,4017.00,4017.20,4016.60,4016.80,14,18,32,-4.00,6.00,-4.00,0.80,12.5,-21,27,0.0000,0.0000,-42.00,-36.00,4024.77,-0.8825,DOWN,58.20,0.5498,1.2753
20260728 230218 800,4016.90,1,4016.90,4017.20,0.30,4016.90,3,4016.80,4,4016.70,1,4016.60,1,4016.20,5,4016.10,5,4016.00,5,4015.90,5,4015.80,5,4015.70,5,4017.20,5,4017.30,1,4017.90,1,4018.00,3,4018.10,6,4018.20,5,4018.30,5,4018.40,5,4018.50,5,4018.60,7,Sell,1,29,30,-28.00,-1.00,-28.00,0.60,16.7,4017.00,4017.20,4016.60,4016.90,14,18,32,-4.00,6.00,-4.00,0.80,12.5,-21,27,0.0000,0.0000,-43.00,-37.00,4024.78,-0.8793,DOWN,58.20,0.5498,1.2753
20260728 230218 872,4016.90,1,4016.90,4017.20,0.30,4016.90,3,4016.80,4,4016.70,1,4016.60,1,4016.20,5,4016.10,5,4016.00,5,4015.90,5,4015.80,5,4015.70,5,4017.20,5,4017.30,1,4017.90,1,4018.00,2,4018.10,6,4018.20,5,4018.30,5,4018.40,5,4018.50,5,4018.60,7,Sell,1,30,31,-29.00,-1.00,-29.00,0.60,16.7,4017.00,4017.20,4016.60,4016.90,14,18,32,-4.00,6.00,-4.00,0.80,12.5,-21,27,0.0000,0.0000,-44.00,-38.00,4024.78,-0.8793,DOWN,58.20,0.5498,1.2753
20260728 230219 387,4016.90,1,4016.90,4017.20,0.30,4016.90,2,4016.80,4,4016.70,1,4016.60,1,4016.20,5,4016.10,5,4016.00,5,4015.90,5,4015.80,5,4015.70,5,4017.20,5,4017.30,1,4017.90,2,4018.00,2,4018.10,6,4018.20,5,4018.30,5,4018.40,5,4018.50,5,4018.60,7,Sell,1,31,32,-30.00,-1.00,-30.00,0.60,16.7,4017.00,4017.20,4016.60,4016.90,14,18,32,-4.00,6.00,-4.00,0.80,12.5,-21,27,0.0000,0.0000,-45.00,-39.00,4024.78,-0.8793,DOWN,58.20,0.5498,1.2753
20260728 230224 181,4017.20,1,4017.10,4017.20,0.10,4017.00,1,4016.90,5,4016.80,2,4016.70,1,4016.60,1,4016.20,5,4016.10,5,4016.00,5,4015.90,5,4015.80,5,4017.20,3,4017.30,1,4017.90,1,4018.00,6,4018.10,6,4018.20,5,4018.30,5,4018.40,5,4018.50,5,4018.60,7,Buy,2,31,33,-29.00,-1.00,-30.00,0.60,33.3,4017.00,4017.20,4016.60,4017.20,14,18,32,-4.00,6.00,-4.00,0.80,12.5,-21,27,0.0000,0.0345,-44.00,-38.00,4024.81,-0.8698,DOWN,58.20,0.5498,1.2753
20260728 230224 182,4017.50,1,4017.20,4017.50,0.30,4017.30,5,4017.20,5,4016.90,1,4016.80,1,4016.60,5,4016.50,5,4016.40,5,4016.30,5,4016.20,5,4016.10,5,4017.70,3,4017.80,3,4018.00,2,4018.10,2,4018.60,2,4018.80,1,4019.40,1,4019.60,6,4019.80,1,4019.90,1,Buy,3,31,34,-28.00,-1.00,-30.00,0.90,55.6,4017.00,4017.50,4016.60,4017.50,14,18,32,-4.00,6.00,-4.00,0.80,12.5,-21,27,0.0000,0.0714,-43.00,-37.00,4024.84,-0.8603,DOWN,58.20,0.5498,1.2968
20260728 230224 332,4017.50,1,4017.40,4017.70,0.30,4017.40,1,4017.30,2,4017.20,1,4016.40,5,4016.30,5,4016.20,5,4016.10,5,4016.00,5,4015.90,5,4015.80,5,4017.70,3,4017.80,2,4018.00,2,4018.10,2,4018.50,1,4018.60,6,4018.70,5,4018.80,6,4018.90,5,4019.00,5,Sell,3,32,35,-29.00,-1.00,-30.00,0.90,55.6,4017.00,4017.50,4016.60,4017.50,14,18,32,-4.00,6.00,-4.00,0.80,12.5,-21,27,0.0000,0.0345,-44.00,-38.00,4024.84,-0.8603,DOWN,58.20,0.5498,1.2968
20260728 230233 697,4017.50,1,4017.40,4017.80,0.40,4017.40,3,4017.30,2,4016.60,5,4016.50,5,4016.40,5,4016.30,5,4016.20,5,4016.10,5,4016.00,5,4015.90,5,4017.80,3,4017.90,5,4018.00,2,4018.10,2,4018.60,6,4018.70,5,4018.80,6,4018.90,5,4019.00,5,4019.10,5,Sell,3,33,36,-30.00,-1.00,-30.00,0.90,55.6,4017.00,4017.50,4016.60,4017.50,14,18,32,-4.00,6.00,-4.00,0.80,12.5,-21,27,0.0000,0.0000,-45.00,-39.00,4024.84,-0.8603,DOWN,58.20,0.5498,1.2968
20260728 230233 697,4017.50,1,4017.40,4017.80,0.40,4017.40,3,4017.30,2,4016.60,5,4016.50,5,4016.40,5,4016.30,5,4016.20,5,4016.10,5,4016.00,5,4015.90,5,4017.80,3,4017.90,5,4018.00,2,4018.10,2,4018.60,6,4018.70,5,4018.80,6,4018.90,5,4019.00,5,4019.10,5,Sell,3,34,37,-31.00,-1.00,-31.00,0.90,55.6,4017.00,4017.50,4016.60,4017.50,14,18,32,-4.00,6.00,-4.00,0.80,12.5,-21,27,0.0000,0.0000,-46.00,-40.00,4024.84,-0.8603,DOWN,58.20,0.5498,1.2968
20260728 230243 155,4017.70,1,4017.40,4017.80,0.40,4017.40,1,4017.30,4,4016.40,5,4016.30,5,4016.20,5,4016.10,5,4016.00,5,4015.90,5,4015.80,5,4015.70,5,4017.80,4,4017.90,7,4018.00,1,4018.10,2,4018.20,2,4018.50,5,4018.60,6,4018.70,5,4018.80,6,4018.90,5,Sell,3,35,38,-32.00,-1.00,-32.00,1.10,63.6,4017.00,4017.70,4016.60,4017.70,14,18,32,-4.00,6.00,-4.00,0.80,12.5,-21,27,0.0000,0.0000,-47.00,-41.00,4024.86,-0.8539,DOWN,58.20,0.5498,1.3111
20260728 230243 155,4017.60,1,4017.40,4017.80,0.40,4017.40,1,4017.30,4,4016.40,5,4016.30,5,4016.20,5,4016.10,5,4016.00,5,4015.90,5,4015.80,5,4015.70,5,4017.80,4,4017.90,7,4018.00,1,4018.10,2,4018.20,2,4018.50,5,4018.60,6,4018.70,5,4018.80,6,4018.90,5,Sell,3,36,39,-33.00,-1.00,-33.00,1.10,54.5,4017.00,4017.70,4016.60,4017.60,14,18,32,-4.00,6.00,-4.00,0.80,12.5,-21,27,0.0000,0.0000,-48.00,-42.00,4024.85,-0.8571,DOWN,58.20,0.5498,1.3111
20260728 230243 155,4017.60,1,4017.40,4017.80,0.40,4017.40,1,4017.30,4,4016.40,5,4016.30,5,4016.20,5,4016.10,5,4016.00,5,4015.90,5,4015.80,5,4015.70,5,4017.80,4,4017.90,7,4018.00,1,4018.10,2,4018.20,2,4018.50,5,4018.60,6,4018.70,5,4018.80,6,4018.90,5,Sell,3,37,40,-34.00,-1.00,-34.00,1.10,54.5,4017.00,4017.70,4016.60,4017.60,14,18,32,-4.00,6.00,-4.00,0.80,12.5,-21,27,0.0000,0.0000,-49.00,-43.00,4024.85,-0.8571,DOWN,58.20,0.5498,1.3111
20260728 230246 238,4017.40,1,4017.40,4017.70,0.30,4017.40,2,4017.30,4,4016.50,5,4016.40,5,4016.30,5,4016.20,5,4016.10,5,4016.00,5,4015.90,5,4015.80,5,4017.70,2,4017.80,3,4018.00,1,4018.10,2,4018.20,2,4018.40,1,4018.50,5,4018.60,6,4018.70,5,4018.80,6,Sell,3,38,41,-35.00,-1.00,-35.00,1.10,36.4,4017.00,4017.70,4016.60,4017.40,14,18,32,-4.00,6.00,-4.00,0.80,12.5,-21,27,0.0000,0.0000,-50.00,-44.00,4024.83,-0.8635,DOWN,58.20,0.5498,1.3111
20260728 230251 889,4017.80,10,4017.70,4018.00,0.30,4017.70,2,4017.60,3,4017.50,2,4016.80,5,4016.70,5,4016.60,5,4016.50,5,4016.40,5,4016.30,5,4016.20,5,4018.00,4,4018.10,4,4018.20,2,4018.60,1,4018.80,5,4018.90,5,4019.00,5,4019.10,5,4019.20,5,4019.30,5,Buy,13,38,51,-25.00,-1.00,-35.00,1.20,66.7,4017.00,4017.80,4016.60,4017.80,14,18,32,-4.00,6.00,-4.00,0.80,12.5,-21,27,0.0000,0.4000,-40.00,-34.00,4024.87,-0.8508,DOWN,58.20,0.5498,1.3182
20260728 230252 134,4017.70,1,4017.70,4018.00,0.30,4017.70,1,4017.60,3,4017.50,2,4016.80,5,4016.70,5,4016.60,5,4016.50,5,4016.40,5,4016.30,5,4016.20,5,4018.00,3,4018.10,5,4018.20,2,4018.60,1,4018.80,6,4018.90,5,4019.00,5,4019.10,5,4019.20,5,4019.30,5,Sell,13,39,52,-26.00,-1.00,-35.00,1.20,58.3,4017.00,4017.80,4016.60,4017.70,14,18,32,-4.00,6.00,-4.00,0.80,12.5,-21,27,0.0000,0.3462,-41.00,-35.00,4024.86,-0.8539,DOWN,58.20,0.5498,1.3182
20260728 230255 017,4017.70,1,4017.70,4017.90,0.20,4017.70,1,4017.60,1,4017.50,2,4016.80,5,4016.70,5,4016.60,5,4016.50,5,4016.40,5,4016.30,5,4016.20,5,4017.90,2,4018.00,4,4018.10,2,4018.20,2,4018.50,1,4018.60,1,4018.80,5,4018.90,5,4019.00,5,4019.10,5,Sell,13,40,53,-27.00,-1.00,-35.00,1.20,58.3,4017.00,4017.80,4016.60,4017.70,14,18,32,-4.00,6.00,-4.00,0.80,12.5,-21,27,0.0000,0.2963,-42.00,-36.00,4024.86,-0.8539,DOWN,58.20,0.5498,1.3182
20260728 230258 744,4018.00,1,4017.70,4018.00,0.30,4017.70,4,4017.60,4,4016.80,5,4016.70,5,4016.60,5,4016.50,5,4016.40,5,4016.30,5,4016.20,5,4016.10,5,4018.00,2,4018.10,3,4018.20,2,4018.60,1,4018.80,5,4018.90,5,4019.00,5,4019.10,5,4019.20,5,4019.30,5,Buy,14,40,54,-26.00,-1.00,-35.00,1.40,71.4,4017.00,4018.00,4016.60,4018.00,14,18,32,-4.00,6.00,-4.00,0.80,12.5,-21,27,0.0000,0.3462,-41.00,-35.00,4024.89,-0.8444,DOWN,58.20,0.5498,1.3325
20260728 230259 051,4017.80,1,4017.70,4018.00,0.30,4017.70,2,4017.60,3,4016.80,5,4016.70,5,4016.60,5,4016.50,5,4016.40,5,4016.30,5,4016.20,5,4016.10,5,4018.00,1,4018.10,4,4018.20,2,4018.60,1,4018.70,1,4018.80,5,4018.90,5,4019.00,5,4019.10,5,4019.20,5,Sell,14,41,55,-27.00,-1.00,-35.00,1.40,57.1,4017.00,4018.00,4016.60,4017.80,14,18,32,-4.00,6.00,-4.00,0.80,12.5,-21,27,0.0000,0.2963,-42.00,-36.00,4024.87,-0.8508,DOWN,58.20,0.5498,1.3325
20260728 230259 363,4017.70,1,4017.60,4017.90,0.30,4017.60,1,4017.50,2,4016.90,1,4016.80,5,4016.70,5,4016.50,5,4016.40,5,4016.30,5,4016.20,5,4016.10,5,4017.90,2,4018.00,3,4018.10,2,4018.20,2,4018.50,1,4018.60,1,4018.80,5,4018.90,5,4019.00,5,4019.10,5,Sell,14,42,56,-28.00,-1.00,-35.00,1.40,50.0,4017.00,4018.00,4016.60,4017.70,14,18,32,-4.00,6.00,-4.00,0.80,12.5,-21,27,0.0000,0.2500,-43.00,-37.00,4024.86,-0.8539,DOWN,58.20,0.5498,1.3325
20260728 230259 363,4017.70,1,4017.60,4017.90,0.30,4017.60,1,4017.50,2,4016.90,1,4016.80,5,4016.70,5,4016.50,5,4016.40,5,4016.30,5,4016.20,5,4016.10,5,4017.90,2,4018.00,3,4018.10,2,4018.20,2,4018.50,1,4018.60,1,4018.80,5,4018.90,5,4019.00,5,4019.10,5,Sell,14,43,57,-29.00,-1.00,-35.00,1.40,50.0,4017.00,4018.00,4016.60,4017.70,14,18,32,-4.00,6.00,-4.00,0.80,12.5,-21,27,0.0000,0.2069,-44.00,-38.00,4024.86,-0.8539,DOWN,58.20,0.5498,1.3325
20260728 230259 363,4017.60,1,4017.60,4017.90,0.30,4017.60,1,4017.50,2,4016.90,1,4016.80,5,4016.70,5,4016.50,5,4016.40,5,4016.30,5,4016.20,5,4016.10,5,4017.90,2,4018.00,3,4018.10,2,4018.20,2,4018.50,1,4018.60,1,4018.80,5,4018.90,5,4019.00,5,4019.10,5,Sell,14,44,58,-30.00,-1.00,-35.00,1.40,42.9,4017.00,4018.00,4016.60,4017.60,14,18,32,-4.00,6.00,-4.00,0.80,12.5,-21,27,0.0000,0.1667,-45.00,-39.00,4024.85,-0.8571,DOWN,58.20,0.5498,1.3325
20260728 230306 346,4018.10,1,4017.90,4018.10,0.20,4017.90,1,4017.80,1,4017.70,4,4017.60,2,4017.00,5,4016.90,5,4016.80,5,4016.70,5,4016.60,5,4016.50,5,4018.10,3,4018.20,4,4018.60,1,4018.70,1,4018.80,5,4018.90,5,4019.00,5,4019.10,5,4019.20,5,4019.30,5,Buy,1,0,1,1.00,1.00,1.00,0.00,0.0,4018.10,4018.10,4018.10,4018.10,14,44,58,-30.00,-1.00,-35.00,1.40,42.9,3,36,0.1667,0.0000,-59.00,-29.00,4024.90,-0.8413,DOWN,60.05,0.9659,1.2730
20260728 230306 467,4017.90,1,4017.80,4018.00,0.20,4017.80,1,4017.70,2,4017.60,2,4016.80,5,4016.70,5,4016.60,5,4016.50,5,4016.40,5,4016.30,5,4016.20,5,4018.00,3,4018.10,4,4018.20,2,4018.60,1,4018.80,5,4018.90,5,4019.00,5,4019.10,6,4019.20,5,4019.30,5,Sell,1,1,2,0.00,1.00,0.00,0.20,100.0,4018.10,4018.10,4017.90,4017.90,14,44,58,-30.00,-1.00,-35.00,1.40,42.9,3,36,0.1667,1.0000,-60.00,-30.00,4024.88,-0.8476,DOWN,60.05,0.9659,1.2730
20260728 230311 055,4017.70,1,4017.40,4017.70,0.30,4017.40,1,4017.30,2,4016.70,1,4016.60,5,4016.50,5,4016.40,5,4016.30,5,4016.20,5,4016.10,5,4016.00,5,4017.70,2,4017.80,2,4018.10,1,4018.20,2,4018.50,1,4018.60,1,4018.70,5,4018.80,5,4018.90,5,4019.00,5,Buy,2,1,3,1.00,1.00,0.00,0.40,100.0,4018.10,4018.10,4017.70,4017.70,14,44,58,-30.00,-1.00,-35.00,1.40,42.9,3,36,0.1667,0.0000,-59.00,-29.00,4024.86,-0.8539,DOWN,60.05,0.9659,1.2730
20260728 230311 290,4017.40,1,4017.30,4017.60,0.30,4017.30,1,4017.20,2,4016.70,1,4016.60,5,4016.50,5,4016.40,5,4016.30,5,4016.20,5,4016.10,5,4016.00,5,4017.60,1,4017.70,2,4018.10,1,4018.20,2,4018.50,1,4018.60,1,4018.70,5,4018.80,5,4018.90,5,4019.00,5,Sell,2,2,4,0.00,1.00,0.00,0.70,100.0,4018.10,4018.10,4017.40,4017.40,14,44,58,-30.00,-1.00,-35.00,1.40,42.9,3,36,0.1667,1.0000,-60.00,-30.00,4024.83,-0.8635,DOWN,60.05,0.9659,1.2873
20260728 230311 290,4017.30,1,4017.30,4017.60,0.30,4017.30,1,4017.20,2,4016.70,1,4016.60,5,4016.50,5,4016.40,5,4016.30,5,4016.20,5,4016.10,5,4016.00,5,4017.60,1,4017.70,2,4018.10,1,4018.20,2,4018.50,1,4018.60,1,4018.70,5,4018.80,5,4018.90,5,4019.00,5,Sell,2,3,5,-1.00,1.00,-1.00,0.80,100.0,4018.10,4018.10,4017.30,4017.30,14,44,58,-30.00,-1.00,-35.00,1.40,42.9,3,36,0.1667,0.0000,-61.00,-31.00,4024.82,-0.8666,DOWN,60.05,0.9659,1.2944
20260728 230315 217,4017.20,1,4017.20,4017.50,0.30,4017.20,1,4017.10,3,4017.00,1,4016.70,1,4016.60,5,4016.50,5,4016.40,5,4016.30,5,4016.20,5,4016.10,5,4017.50,1,4017.60,2,4018.10,1,4018.20,2,4018.50,1,4018.60,1,4018.70,5,4018.80,5,4018.90,5,4019.00,5,Sell,2,4,6,-2.00,1.00,-2.00,0.90,100.0,4018.10,4018.10,4017.20,4017.20,14,44,58,-30.00,-1.00,-35.00,1.40,42.9,3,36,0.1667,0.0000,-62.00,-32.00,4024.81,-0.8698,DOWN,60.05,0.9659,1.3016
20260728 230321 100,4017.20,1,4017.20,4017.50,0.30,4017.20,2,4017.10,3,4017.00,1,4016.60,5,4016.50,5,4016.40,5,4016.30,5,4016.20,5,4016.10,5,4016.00,5,4017.50,2,4017.60,2,4018.10,1,4018.40,2,4018.50,5,4018.60,6,4018.70,7,4018.80,5,4018.90,5,4019.00,5,Sell,2,5,7,-3.00,1.00,-3.00,0.90,100.0,4018.10,4018.10,4017.20,4017.20,14,44,58,-30.00,-1.00,-35.00,1.40,42.9,3,36,0.1667,0.0000,-63.00,-33.00,4024.81,-0.8698,DOWN,60.05,0.9659,1.3016
20260728 230325 516,4017.70,1,4017.40,4017.70,0.30,4017.40,2,4017.30,2,4017.00,1,4016.60,5,4016.50,5,4016.40,5,4016.30,5,4016.20,5,4016.10,5,4016.00,5,4017.70,1,4017.80,2,4018.10,1,4018.40,2,4018.50,5,4018.60,6,4018.70,7,4018.80,6,4018.90,5,4019.00,5,Buy,3,5,8,-2.00,1.00,-3.00,0.90,44.4,4018.10,4018.10,4017.20,4017.70,14,44,58,-30.00,-1.00,-35.00,1.40,42.9,3,36,0.1667,0.5000,-62.00,-32.00,4024.86,-0.8539,DOWN,60.05,0.9659,1.3016
20260728 230345 823,4016.50,1,4016.30,4016.60,0.30,4016.30,1,4016.20,5,4015.60,1,4015.50,1,4015.40,1,4015.30,2,4015.20,6,4015.10,6,4015.00,9,4014.90,5,4016.60,2,4016.70,2,4017.20,1,4017.30,1,4017.40,5,4017.50,5,4017.60,5,4017.70,5,4017.80,5,4017.90,5,Buy,4,5,9,-1.00,1.00,-3.00,1.60,100.0,4018.10,4018.10,4016.50,4016.50,14,44,58,-30.00,-1.00,-35.00,1.40,42.9,3,36,0.1667,2.0000,-61.00,-31.00,4024.74,-0.8920,DOWN,60.05,0.9659,1.3516
20260728 230350 052,4015.90,1,4015.50,4015.80,0.30,4015.50,1,4015.40,8,4015.30,2,4015.20,1,4015.10,1,4015.00,4,4014.90,5,4014.80,5,4014.70,5,4014.60,5,4015.80,2,4015.90,2,4016.70,3,4016.80,5,4016.90,6,4017.00,5,4017.10,5,4017.20,5,4017.30,5,4017.40,5,Buy,5,5,10,0.00,1.00,-3.00,2.20,100.0,4018.10,4018.10,4015.90,4015.90,14,44,58,-30.00,-1.00,-35.00,1.40,42.9,3,36,0.1667,1.0000,-60.00,-30.00,4024.69,-0.9111,DOWN,60.05,0.9659,1.3944
20260728 230350 056,4015.60,1,4015.50,4015.80,0.30,4015.50,1,4015.40,8,4015.30,2,4015.20,1,4015.10,1,4015.00,4,4014.90,5,4014.80,5,4014.70,5,4014.60,5,4015.80,2,4015.90,2,4016.70,3,4016.80,5,4016.90,6,4017.00,5,4017.10,5,4017.20,5,4017.30,5,4017.40,5,Sell,5,6,11,-1.00,1.00,-3.00,2.50,100.0,4018.10,4018.10,4015.60,4015.60,14,44,58,-30.00,-1.00,-35.00,1.40,42.9,3,36,0.1667,2.0000,-61.00,-31.00,4024.66,-0.9206,DOWN,60.05,0.9659,1.4159
20260728 230352 517,4015.50,1,4015.50,4015.80,0.30,4015.50,1,4015.40,7,4015.30,2,4015.20,1,4015.10,1,4015.00,4,4014.90,5,4014.80,5,4014.70,5,4014.60,5,4015.80,3,4015.90,5,4016.70,6,4016.80,5,4016.90,5,4017.00,5,4017.10,5,4017.20,5,4017.30,5,4017.40,5,Sell,5,7,12,-2.00,1.00,-3.00,2.60,100.0,4018.10,4018.10,4015.50,4015.50,14,44,58,-30.00,-1.00,-35.00,1.40,42.9,3,36,0.1667,0.5000,-62.00,-32.00,4024.65,-0.9238,DOWN,60.05,0.9659,1.4230
20260728 230352 517,4015.50,1,4015.50,4015.80,0.30,4015.50,1,4015.40,7,4015.30,2,4015.20,1,4015.10,1,4015.00,4,4014.90,5,4014.80,5,4014.70,5,4014.60,5,4015.80,3,4015.90,5,4016.70,6,4016.80,5,4016.90,5,4017.00,5,4017.10,5,4017.20,5,4017.30,5,4017.40,5,Sell,5,8,13,-3.00,1.00,-3.00,2.60,100.0,4018.10,4018.10,4015.50,4015.50,14,44,58,-30.00,-1.00,-35.00,1.40,42.9,3,36,0.1667,0.0000,-63.00,-33.00,4024.65,-0.9238,DOWN,60.05,0.9659,1.4230
20260728 230352 517,4015.50,1,4015.50,4015.80,0.30,4015.50,1,4015.40,7,4015.30,2,4015.20,1,4015.10,1,4015.00,4,4014.90,5,4014.80,5,4014.70,5,4014.60,5,4015.80,3,4015.90,5,4016.70,6,4016.80,5,4016.90,5,4017.00,5,4017.10,5,4017.20,5,4017.30,5,4017.40,5,Sell,5,9,14,-4.00,1.00,-4.00,2.60,100.0,4018.10,4018.10,4015.50,4015.50,14,44,58,-30.00,-1.00,-35.00,1.40,42.9,3,36,0.1667,0.0000,-64.00,-34.00,4024.65,-0.9238,DOWN,60.05,0.9659,1.4230
20260728 230354 349,4015.80,1,4015.90,4016.20,0.30,4015.90,2,4015.80,3,4015.40,1,4015.30,2,4015.20,1,4015.10,1,4015.00,4,4014.90,5,4014.80,5,4014.70,5,4016.20,1,4016.30,4,4016.90,2,4017.00,6,4017.10,5,4017.20,5,4017.30,5,4017.40,5,4017.50,5,4017.60,5,Buy,6,9,15,-3.00,1.00,-4.00,2.60,88.5,4018.10,4018.10,4015.50,4015.80,14,44,58,-30.00,-1.00,-35.00,1.40,42.9,3,36,0.1667,0.3333,-63.00,-33.00,4024.68,-0.9143,DOWN,60.05,0.9659,1.4230
20260728 230354 390,4015.90,1,4015.80,4016.10,0.30,4015.80,3,4015.70,2,4015.40,1,4015.30,2,4015.20,1,4015.10,1,4015.00,4,4014.90,5,4014.80,5,4014.70,5,4016.10,1,4016.20,2,4016.90,2,4017.00,6,4017.10,5,4017.20,5,4017.30,5,4017.40,5,4017.50,5,4017.60,5,Buy,7,9,16,-2.00,1.00,-4.00,2.60,84.6,4018.10,4018.10,4015.50,4015.90,14,44,58,-30.00,-1.00,-35.00,1.40,42.9,3,36,0.1667,1.0000,-62.00,-32.00,4024.69,-0.9111,DOWN,60.05,0.9659,1.4230
20260728 230354 390,4015.90,1,4015.80,4016.10,0.30,4015.80,3,4015.70,2,4015.40,1,4015.30,2,4015.20,1,4015.10,1,4015.00,4,4014.90,5,4014.80,5,4014.70,5,4016.10,1,4016.20,2,4016.90,2,4017.00,6,4017.10,5,4017.20,5,4017.30,5,4017.40,5,4017.50,5,4017.60,5,Buy,8,9,17,-1.00,1.00,-4.00,2.60,84.6,4018.10,4018.10,4015.50,4015.90,14,44,58,-30.00,-1.00,-35.00,1.40,42.9,3,36,0.1667,3.0000,-61.00,-31.00,4024.69,-0.9111,DOWN,60.05,0.9659,1.4230
20260728 230354 390,4015.90,1,4015.80,4016.10,0.30,4015.80,3,4015.70,2,4015.40,1,4015.30,2,4015.20,1,4015.10,1,4015.00,4,4014.90,5,4014.80,5,4014.70,5,4016.10,1,4016.20,2,4016.90,2,4017.00,6,4017.10,5,4017.20,5,4017.30,5,4017.40,5,4017.50,5,4017.60,5,Buy,9,9,18,0.00,1.00,-4.00,2.60,84.6,4018.10,4018.10,4015.50,4015.90,14,44,58,-30.00,-1.00,-35.00,1.40,42.9,3,36,0.1667,1.0000,-60.00,-30.00,4024.69,-0.9111,DOWN,60.05,0.9659,1.4230
20260728 230354 890,4016.10,1,4016.10,4016.40,0.30,4016.00,2,4015.90,3,4015.40,1,4015.30,2,4015.20,1,4015.10,1,4015.00,9,4014.90,5,4014.80,5,4014.70,5,4016.40,2,4016.50,4,4016.90,3,4017.00,5,4017.10,6,4017.20,5,4017.30,5,4017.40,5,4017.50,5,4017.60,5,Sell,9,10,19,-1.00,1.00,-4.00,2.60,76.9,4018.10,4018.10,4015.50,4016.10,14,44,58,-30.00,-1.00,-35.00,1.40,42.9,3,36,0.1667,3.0000,-61.00,-31.00,4024.71,-0.9047,DOWN,60.05,0.9659,1.4230
20260728 230359 363,4016.40,1,4016.00,4016.30,0.30,4016.00,2,4015.90,3,4015.40,1,4015.30,2,4015.20,1,4015.10,6,4015.00,9,4014.90,5,4014.80,5,4014.70,5,4016.30,1,4016.40,1,4016.90,2,4017.00,5,4017.10,5,4017.20,6,4017.30,5,4017.40,5,4017.50,5,4017.60,5,Buy,10,10,20,0.00,1.00,-4.00,2.60,65.4,4018.10,4018.10,4015.50,4016.40,14,44,58,-30.00,-1.00,-35.00,1.40,42.9,3,36,0.1667,1.0000,-60.00,-30.00,4024.74,-0.8952,DOWN,60.05,0.9659,1.4230
20260728 230359 363,4016.40,1,4016.00,4016.30,0.30,4016.00,2,4015.90,3,4015.40,1,4015.30,2,4015.20,1,4015.10,6,4015.00,9,4014.90,5,4014.80,5,4014.70,5,4016.30,1,4016.40,1,4016.90,2,4017.00,5,4017.10,5,4017.20,6,4017.30,5,4017.40,5,4017.50,5,4017.60,5,Buy,11,10,21,1.00,1.00,-4.00,2.60,65.4,4018.10,4018.10,4015.50,4016.40,14,44,58,-30.00,-1.00,-35.00,1.40,42.9,3,36,0.1667,0.0000,-59.00,-29.00,4024.74,-0.8952,DOWN,60.05,0.9659,1.4230
20260728 230359 363,4016.50,1,4016.00,4016.30,0.30,4016.00,2,4015.90,3,4015.40,1,4015.30,2,4015.20,1,4015.10,6,4015.00,9,4014.90,5,4014.80,5,4014.70,5,4016.30,1,4016.40,1,4016.90,2,4017.00,5,4017.10,5,4017.20,6,4017.30,5,4017.40,5,4017.50,5,4017.60,5,Buy,12,10,22,2.00,2.00,-4.00,2.60,61.5,4018.10,4018.10,4015.50,4016.50,14,44,58,-30.00,-1.00,-35.00,1.40,42.9,3,36,0.1667,0.0000,-58.00,-28.00,4024.74,-0.8920,DOWN,60.05,0.9659,1.4230
20260728 230359 363,4016.50,1,4016.00,4016.30,0.30,4016.00,2,4015.90,3,4015.40,1,4015.30,2,4015.20,1,4015.10,6,4015.00,9,4014.90,5,4014.80,5,4014.70,5,4016.30,1,4016.40,1,4016.90,2,4017.00,5,4017.10,5,4017.20,6,4017.30,5,4017.40,5,4017.50,5,4017.60,5,Buy,13,10,23,3.00,3.00,-4.00,2.60,61.5,4018.10,4018.10,4015.50,4016.50,14,44,58,-30.00,-1.00,-35.00,1.40,42.9,3,36,0.1667,0.0000,-57.00,-27.00,4024.74,-0.8920,DOWN,60.05,0.9659,1.4230
20260728 230359 363,4016.50,1,4016.00,4016.30,0.30,4016.00,2,4015.90,3,4015.40,1,4015.30,2,4015.20,1,4015.10,6,4015.00,9,4014.90,5,4014.80,5,4014.70,5,4016.30,1,4016.40,1,4016.90,2,4017.00,5,4017.10,5,4017.20,6,4017.30,5,4017.40,5,4017.50,5,4017.60,5,Buy,14,10,24,4.00,4.00,-4.00,2.60,61.5,4018.10,4018.10,4015.50,4016.50,14,44,58,-30.00,-1.00,-35.00,1.40,42.9,3,36,0.1667,0.0000,-56.00,-26.00,4024.74,-0.8920,DOWN,60.05,0.9659,1.4230
20260728 230359 363,4016.50,1,4016.00,4016.30,0.30,4016.00,2,4015.90,3,4015.40,1,4015.30,2,4015.20,1,4015.10,6,4015.00,9,4014.90,5,4014.80,5,4014.70,5,4016.30,1,4016.40,1,4016.90,2,4017.00,5,4017.10,5,4017.20,6,4017.30,5,4017.40,5,4017.50,5,4017.60,5,Buy,15,10,25,5.00,5.00,-4.00,2.60,61.5,4018.10,4018.10,4015.50,4016.50,14,44,58,-30.00,-1.00,-35.00,1.40,42.9,3,36,0.1667,0.0000,-55.00,-25.00,4024.74,-0.8920,DOWN,60.05,0.9659,1.4230
20260728 230359 363,4016.50,1,4016.00,4016.30,0.30,4016.00,2,4015.90,3,4015.40,1,4015.30,2,4015.20,1,4015.10,6,4015.00,9,4014.90,5,4014.80,5,4014.70,5,4016.30,1,4016.40,1,4016.90,2,4017.00,5,4017.10,5,4017.20,6,4017.30,5,4017.40,5,4017.50,5,4017.60,5,Buy,16,10,26,6.00,6.00,-4.00,2.60,61.5,4018.10,4018.10,4015.50,4016.50,14,44,58,-30.00,-1.00,-35.00,1.40,42.9,3,36,0.1667,0.0000,-54.00,-24.00,4024.74,-0.8920,DOWN,60.05,0.9659,1.4230
20260728 230359 363,4016.80,1,4016.00,4016.30,0.30,4016.00,2,4015.90,3,4015.40,1,4015.30,2,4015.20,1,4015.10,6,4015.00,9,4014.90,5,4014.80,5,4014.70,5,4016.30,1,4016.40,1,4016.90,2,4017.00,5,4017.10,5,4017.20,6,4017.30,5,4017.40,5,4017.50,5,4017.60,5,Buy,17,10,27,7.00,7.00,-4.00,2.60,50.0,4018.10,4018.10,4015.50,4016.80,14,44,58,-30.00,-1.00,-35.00,1.40,42.9,3,36,0.1667,0.0000,-53.00,-23.00,4024.77,-0.8825,DOWN,60.05,0.9659,1.4230
20260728 230359 363,4016.80,1,4016.00,4016.30,0.30,4016.00,2,4015.90,3,4015.40,1,4015.30,2,4015.20,1,4015.10,6,4015.00,9,4014.90,5,4014.80,5,4014.70,5,4016.30,1,4016.40,1,4016.90,2,4017.00,5,4017.10,5,4017.20,6,4017.30,5,4017.40,5,4017.50,5,4017.60,5,Buy,18,10,28,8.00,8.00,-4.00,2.60,50.0,4018.10,4018.10,4015.50,4016.80,14,44,58,-30.00,-1.00,-35.00,1.40,42.9,3,36,0.1667,0.0000,-52.00,-22.00,4024.77,-0.8825,DOWN,60.05,0.9659,1.4230
20260728 230359 363,4016.80,1,4016.00,4016.30,0.30,4016.00,2,4015.90,3,4015.40,1,4015.30,2,4015.20,1,4015.10,6,4015.00,9,4014.90,5,4014.80,5,4014.70,5,4016.30,1,4016.40,1,4016.90,2,4017.00,5,4017.10,5,4017.20,6,4017.30,5,4017.40,5,4017.50,5,4017.60,5,Buy,19,10,29,9.00,9.00,-4.00,2.60,50.0,4018.10,4018.10,4015.50,4016.80,14,44,58,-30.00,-1.00,-35.00,1.40,42.9,3,36,0.1667,0.0000,-51.00,-21.00,4024.77,-0.8825,DOWN,60.05,0.9659,1.4230
20260728 230405 626,4016.40,1,4016.40,4016.80,0.40,4016.40,1,4016.30,2,4015.50,2,4015.40,2,4015.30,2,4015.20,6,4015.10,6,4015.00,9,4014.90,5,4014.80,5,4016.80,2,4016.90,1,4017.20,2,4017.30,3,4017.40,1,4017.50,6,4017.60,5,4017.70,5,4017.80,5,4017.90,5,Sell,0,1,1,-1.00,-1.00,-1.00,0.00,0.0,4016.40,4016.40,4016.40,4016.40,19,10,29,9.00,9.00,-4.00,2.60,50.0,33,63,0.0000,0.0000,-48.00,-7.00,4024.74,-0.8952,DOWN,60.30,0.4809,1.3499
20260728 230405 626,4016.40,1,4016.40,4016.80,0.40,4016.40,1,4016.30,2,4015.50,2,4015.40,2,4015.30,2,4015.20,6,4015.10,6,4015.00,9,4014.90,5,4014.80,5,4016.80,2,4016.90,1,4017.20,2,4017.30,3,4017.40,1,4017.50,6,4017.60,5,4017.70,5,4017.80,5,4017.90,5,Sell,0,2,2,-2.00,-1.00,-2.00,0.00,0.0,4016.40,4016.40,4016.40,4016.40,19,10,29,9.00,9.00,-4.00,2.60,50.0,33,63,0.0000,0.0000,-49.00,-8.00,4024.74,-0.8952,DOWN,60.30,0.4809,1.3499
20260728 230407 106,4016.60,1,4016.40,4016.60,0.20,4016.40,2,4016.30,2,4015.40,3,4015.30,2,4015.20,6,4015.10,6,4015.00,10,4014.90,5,4014.80,5,4014.70,5,4016.80,2,4016.90,3,4017.20,2,4017.40,3,4017.50,5,4017.60,5,4017.70,5,4017.80,5,4017.90,5,4018.00,8,Buy,1,2,3,-1.00,-1.00,-2.00,0.20,100.0,4016.40,4016.60,4016.40,4016.60,19,10,29,9.00,9.00,-4.00,2.60,50.0,33,63,0.0000,1.0000,-48.00,-7.00,4024.75,-0.8889,DOWN,60.30,0.4809,1.3499
20260728 230408 550,4016.50,1,4016.50,4016.80,0.30,4016.40,2,4016.30,2,4015.40,3,4015.30,2,4015.20,6,4015.10,6,4015.00,10,4014.90,5,4014.80,5,4014.70,5,4016.80,2,4016.90,2,4017.40,3,4017.50,6,4017.60,5,4017.70,5,4017.80,5,4017.90,5,4018.00,8,4018.10,5,Sell,1,3,4,-2.00,-1.00,-2.00,0.20,50.0,4016.40,4016.60,4016.40,4016.50,19,10,29,9.00,9.00,-4.00,2.60,50.0,33,63,0.0000,0.0000,-49.00,-8.00,4024.74,-0.8920,DOWN,60.30,0.4809,1.3499
20260728 230408 550,4016.40,1,4016.50,4016.80,0.30,4016.40,2,4016.30,2,4015.40,3,4015.30,2,4015.20,6,4015.10,6,4015.00,10,4014.90,5,4014.80,5,4014.70,5,4016.80,2,4016.90,2,4017.40,3,4017.50,6,4017.60,5,4017.70,5,4017.80,5,4017.90,5,4018.00,8,4018.10,5,Sell,1,4,5,-3.00,-1.00,-3.00,0.20,0.0,4016.40,4016.60,4016.40,4016.40,19,10,29,9.00,9.00,-4.00,2.60,50.0,33,63,0.0000,0.0000,-50.00,-9.00,4024.74,-0.8952,DOWN,60.30,0.4809,1.3499
20260728 230419 307,4016.40,1,4016.30,4016.70,0.40,4016.30,1,4016.20,3,4015.60,2,4015.50,2,4015.40,2,4015.30,2,4015.20,5,4015.10,6,4015.00,10,4014.90,5,4016.70,2,4016.80,4,4017.10,3,4017.20,1,4017.50,2,4017.60,5,4017.70,5,4017.80,5,4017.90,5,4018.00,8,Sell,1,5,6,-4.00,-1.00,-4.00,0.20,0.0,4016.40,4016.60,4016.40,4016.40,19,10,29,9.00,9.00,-4.00,2.60,50.0,33,63,0.0000,0.0000,-51.00,-10.00,4024.74,-0.8952,DOWN,60.30,0.4809,1.3499
20260728 230420 184,4016.30,1,4016.20,4016.40,0.20,4016.20,3,4016.10,4,4015.60,2,4015.50,1,4015.40,1,4015.30,2,4015.20,5,4015.10,6,4015.00,10,4014.90,5,4016.50,20,4016.70,2,4016.80,4,4017.10,3,4017.20,1,4017.50,2,4017.60,5,4017.70,5,4017.80,5,4017.90,5,Sell,1,6,7,-5.00,-1.00,-5.00,0.30,33.3,4016.40,4016.60,4016.30,4016.30,19,10,29,9.00,9.00,-4.00,2.60,50.0,33,63,0.0000,0.0000,-52.00,-11.00,4024.73,-0.8984,DOWN,60.30,0.4809,1.3571
20260728 230420 188,4016.20,1,4016.20,4016.40,0.20,4016.20,3,4016.10,4,4015.60,2,4015.50,1,4015.40,1,4015.30,2,4015.20,5,4015.10,6,4015.00,10,4014.90,5,4016.50,20,4016.70,2,4016.80,4,4017.10,3,4017.20,1,4017.50,2,4017.60,5,4017.70,5,4017.80,5,4017.90,5,Sell,1,7,8,-6.00,-1.00,-6.00,0.40,50.0,4016.40,4016.60,4016.20,4016.20,19,10,29,9.00,9.00,-4.00,2.60,50.0,33,63,0.0000,0.0000,-53.00,-12.00,4024.72,-0.9016,DOWN,60.30,0.4809,1.3642
20260728 230424 968,4016.00,1,4015.60,4016.00,0.40,4015.60,3,4015.50,3,4015.40,1,4015.30,2,4015.10,1,4015.00,5,4014.80,5,4014.70,5,4014.60,5,4014.50,6,4016.00,2,4016.10,3,4016.40,5,4016.50,20,4016.70,1,4016.80,6,4016.90,5,4017.00,5,4017.10,5,4017.20,6,Buy,2,7,9,-5.00,-1.00,-6.00,0.60,66.7,4016.40,4016.60,4016.00,4016.00,19,10,29,9.00,9.00,-4.00,2.60,50.0,33,63,0.0000,0.2000,-52.00,-11.00,4024.70,-0.9079,DOWN,60.30,0.4809,1.3785
20260728 230426 594,4016.00,1,4015.60,4016.00,0.40,4015.60,2,4015.50,2,4015.40,1,4015.30,3,4015.10,1,4015.00,5,4014.80,5,4014.70,5,4014.60,5,4014.50,6,4016.00,2,4016.10,4,4016.40,5,4016.50,20,4016.70,1,4016.80,6,4016.90,5,4017.00,5,4017.10,5,4017.20,6,Buy,3,7,10,-4.00,-1.00,-6.00,0.60,66.7,4016.40,4016.60,4016.00,4016.00,19,10,29,9.00,9.00,-4.00,2.60,50.0,33,63,0.0000,0.5000,-51.00,-10.00,4024.70,-0.9079,DOWN,60.30,0.4809,1.3785
20260728 230427 502,4016.00,1,4015.70,4016.10,0.40,4015.70,2,4015.60,2,4015.40,2,4015.30,3,4015.10,1,4015.00,5,4014.80,5,4014.70,5,4014.60,5,4014.50,6,4016.10,3,4016.20,3,4016.30,1,4016.40,3,4016.50,20,4016.80,6,4016.90,5,4017.00,5,4017.10,5,4017.20,6,Buy,4,7,11,-3.00,-1.00,-6.00,0.60,66.7,4016.40,4016.60,4016.00,4016.00,19,10,29,9.00,9.00,-4.00,2.60,50.0,33,63,0.0000,1.0000,-50.00,-9.00,4024.70,-0.9079,DOWN,60.30,0.4809,1.3785
20260728 230431 913,4016.00,1,4015.70,4016.10,0.40,4015.70,2,4015.60,2,4015.40,2,4015.30,3,4015.10,1,4015.00,5,4014.80,5,4014.70,5,4014.60,5,4014.50,6,4016.10,3,4016.20,3,4016.40,3,4016.50,20,4016.80,1,4016.90,5,4017.00,6,4017.10,5,4017.20,6,4017.30,5,Buy,5,7,12,-2.00,-1.00,-6.00,0.60,66.7,4016.40,4016.60,4016.00,4016.00,19,10,29,9.00,9.00,-4.00,2.60,50.0,33,63,0.0000,2.0000,-49.00,-8.00,4024.70,-0.9079,DOWN,60.30,0.4809,1.3785
20260728 230437 866,4016.30,1,4016.20,4016.50,0.30,4016.20,3,4016.10,3,4015.40,2,4015.30,3,4015.10,1,4015.00,10,4014.90,5,4014.80,5,4014.70,5,4014.60,5,4016.50,20,4016.60,2,4016.70,2,4017.00,1,4017.10,5,4017.20,7,4017.30,5,4017.40,5,4017.50,7,4017.60,5,Buy,6,7,13,-1.00,-1.00,-6.00,0.60,16.7,4016.40,4016.60,4016.00,4016.30,19,10,29,9.00,9.00,-4.00,2.60,50.0,33,63,0.0000,5.0000,-48.00,-7.00,4024.73,-0.8984,DOWN,60.30,0.4809,1.3785
20260728 230437 866,4016.30,1,4016.20,4016.50,0.30,4016.20,3,4016.10,3,4015.40,2,4015.30,3,4015.10,1,4015.00,10,4014.90,5,4014.80,5,4014.70,5,4014.60,5,4016.50,20,4016.60,2,4016.70,2,4017.00,1,4017.10,5,4017.20,7,4017.30,5,4017.40,5,4017.50,7,4017.60,5,Buy,7,7,14,0.00,0.00,-6.00,0.60,16.7,4016.40,4016.60,4016.00,4016.30,19,10,29,9.00,9.00,-4.00,2.60,50.0,33,63,0.0000,0.0000,-47.00,-6.00,4024.73,-0.8984,DOWN,60.30,0.4809,1.3785
20260728 230437 878,4016.40,1,4016.20,4016.50,0.30,4016.20,3,4016.10,3,4015.40,2,4015.30,3,4015.10,1,4015.00,10,4014.90,5,4014.80,5,4014.70,5,4014.60,5,4016.50,20,4016.60,2,4016.70,2,4017.00,1,4017.10,5,4017.20,7,4017.30,5,4017.40,5,4017.50,7,4017.60,5,Buy,8,7,15,1.00,1.00,-6.00,0.60,0.0,4016.40,4016.60,4016.00,4016.40,19,10,29,9.00,9.00,-4.00,2.60,50.0,33,63,0.0000,0.0000,-46.00,-5.00,4024.74,-0.8952,DOWN,60.30,0.4809,1.3785
20260728 230437 879,4016.40,1,4016.20,4016.50,0.30,4016.20,3,4016.10,3,4015.40,2,4015.30,3,4015.10,1,4015.00,10,4014.90,5,4014.80,5,4014.70,5,4014.60,5,4016.50,20,4016.60,2,4016.70,2,4017.00,1,4017.10,5,4017.20,7,4017.30,5,4017.40,5,4017.50,7,4017.60,5,Buy,9,7,16,2.00,2.00,-6.00,0.60,0.0,4016.40,4016.60,4016.00,4016.40,19,10,29,9.00,9.00,-4.00,2.60,50.0,33,63,0.0000,0.0000,-45.00,-4.00,4024.74,-0.8952,DOWN,60.30,0.4809,1.3785
20260728 230437 879,4016.40,1,4016.20,4016.50,0.30,4016.20,3,4016.10,3,4015.40,2,4015.30,3,4015.10,1,4015.00,10,4014.90,5,4014.80,5,4014.70,5,4014.60,5,4016.50,20,4016.60,2,4016.70,2,4017.00,1,4017.10,5,4017.20,7,4017.30,5,4017.40,5,4017.50,7,4017.60,5,Buy,10,7,17,3.00,3.00,-6.00,0.60,0.0,4016.40,4016.60,4016.00,4016.40,19,10,29,9.00,9.00,-4.00,2.60,50.0,33,63,0.0000,0.0000,-44.00,-3.00,4024.74,-0.8952,DOWN,60.30,0.4809,1.3785
20260728 230437 964,4016.20,1,4016.10,4016.50,0.40,4016.10,2,4016.00,2,4015.40,2,4015.30,3,4015.10,1,4015.00,10,4014.90,5,4014.80,5,4014.70,5,4014.60,5,4016.50,22,4016.60,4,4017.00,1,4017.10,6,4017.20,6,4017.30,5,4017.40,5,4017.50,7,4017.60,5,4017.70,5,Sell,10,8,18,2.00,3.00,-6.00,0.60,33.3,4016.40,4016.60,4016.00,4016.20,19,10,29,9.00,9.00,-4.00,2.60,50.0,33,63,0.0000,0.5000,-45.00,-4.00,4024.72,-0.9016,DOWN,60.30,0.4809,1.3785
20260728 230445 306,4016.10,1,4016.10,4016.50,0.40,4016.10,1,4016.00,4,4015.40,3,4015.30,3,4015.10,6,4015.00,10,4014.90,5,4014.80,5,4014.70,5,4014.60,5,4016.50,22,4016.60,3,4017.00,1,4017.20,1,4017.30,5,4017.40,5,4017.50,7,4017.60,5,4017.70,5,4017.80,5,Sell,10,9,19,1.00,3.00,-6.00,0.60,50.0,4016.40,4016.60,4016.00,4016.10,19,10,29,9.00,9.00,-4.00,2.60,50.0,33,63,0.0000,2.0000,-46.00,-5.00,4024.71,-0.9047,DOWN,60.30,0.4809,1.3785
20260728 230451 878,4016.10,1,4016.10,4016.50,0.40,4016.10,1,4016.00,4,4015.50,1,4015.40,3,4015.30,2,4015.10,6,4015.00,10,4014.90,5,4014.80,5,4014.70,5,4016.50,22,4016.60,2,4017.20,1,4017.30,5,4017.40,5,4017.50,7,4017.60,5,4017.70,5,4017.80,5,4017.90,5,Sell,10,10,20,0.00,3.00,-6.00,0.60,50.0,4016.40,4016.60,4016.00,4016.10,19,10,29,9.00,9.00,-4.00,2.60,50.0,33,63,0.0000,3.0000,-47.00,-6.00,4024.71,-0.9047,DOWN,60.30,0.4809,1.3785
20260728 230453 513,4016.50,9,4016.30,4016.70,0.40,4016.30,2,4016.20,2,4015.60,3,4015.50,2,4015.40,3,4015.30,2,4015.10,6,4015.00,10,4014.90,5,4014.80,5,4016.70,2,4016.80,3,4017.10,2,4017.20,2,4017.50,3,4017.60,5,4017.70,5,4017.80,5,4017.90,5,4018.00,8,Buy,19,10,29,9.00,9.00,-6.00,0.60,16.7,4016.40,4016.60,4016.00,4016.50,19,10,29,9.00,9.00,-4.00,2.60,50.0,33,63,0.0000,0.0000,-38.00,3.00,4024.74,-0.8920,DOWN,60.30,0.4809,1.3785
20260728 230453 513,4016.50,11,4016.30,4016.70,0.40,4016.30,2,4016.20,2,4015.60,3,4015.50,2,4015.40,3,4015.30,2,4015.10,6,4015.00,10,4014.90,5,4014.80,5,4016.70,2,4016.80,3,4017.10,2,4017.20,2,4017.50,3,4017.60,5,4017.70,5,4017.80,5,4017.90,5,4018.00,8,Buy,30,10,40,20.00,20.00,-6.00,0.60,16.7,4016.40,4016.60,4016.00,4016.50,19,10,29,9.00,9.00,-4.00,2.60,50.0,33,63,0.0000,0.0000,-27.00,14.00,4024.74,-0.8920,DOWN,60.30,0.4809,1.3785
20260728 230454 893,4016.40,1,4016.20,4016.70,0.50,4016.20,3,4016.00,3,4015.60,3,4015.50,2,4015.40,3,4015.30,2,4015.10,6,4015.00,10,4014.90,5,4014.80,5,4016.70,1,4016.80,3,4017.10,2,4017.20,2,4017.50,7,4017.60,5,4017.70,5,4017.80,5,4017.90,5,4018.00,8,Sell,30,11,41,19.00,20.00,-6.00,0.60,0.0,4016.40,4016.60,4016.00,4016.40,19,10,29,9.00,9.00,-4.00,2.60,50.0,33,63,0.0000,0.0526,-28.00,13.00,4024.74,-0.8952,DOWN,60.30,0.4809,1.3785
20260728 230454 893,4016.30,1,4016.20,4016.70,0.50,4016.20,3,4016.00,3,4015.60,3,4015.50,2,4015.40,3,4015.30,2,4015.10,6,4015.00,10,4014.90,5,4014.80,5,4016.70,1,4016.80,3,4017.10,2,4017.20,2,4017.50,7,4017.60,5,4017.70,5,4017.80,5,4017.90,5,4018.00,8,Sell,30,12,42,18.00,20.00,-6.00,0.60,16.7,4016.40,4016.60,4016.00,4016.30,19,10,29,9.00,9.00,-4.00,2.60,50.0,33,63,0.0000,0.1111,-29.00,12.00,4024.73,-0.8984,DOWN,60.30,0.4809,1.3785
20260728 230454 893,4016.30,1,4016.20,4016.70,0.50,4016.20,3,4016.00,3,4015.60,3,4015.50,2,4015.40,3,4015.30,2,4015.10,6,4015.00,10,4014.90,5,4014.80,5,4016.70,1,4016.80,3,4017.10,2,4017.20,2,4017.50,7,4017.60,5,4017.70,5,4017.80,5,4017.90,5,4018.00,8,Sell,30,13,43,17.00,20.00,-6.00,0.60,16.7,4016.40,4016.60,4016.00,4016.30,19,10,29,9.00,9.00,-4.00,2.60,50.0,33,63,0.0000,0.1765,-30.00,11.00,4024.73,-0.8984,DOWN,60.30,0.4809,1.3785
20260728 230458 299,4016.20,1,4016.00,4016.20,0.20,4016.00,3,4015.90,3,4015.60,3,4015.50,2,4015.40,3,4015.30,7,4015.20,5,4015.10,6,4015.00,10,4014.90,5,4016.20,3,4016.50,3,4016.70,2,4016.90,1,4017.00,1,4017.10,2,4017.20,2,4017.30,5,4017.40,5,4017.50,7,Sell,30,14,44,16.00,20.00,-6.00,0.60,33.3,4016.40,4016.60,4016.00,4016.20,19,10,29,9.00,9.00,-4.00,2.60,50.0,33,63,0.0000,0.2500,-31.00,10.00,4024.72,-0.9016,DOWN,60.30,0.4809,1.3785
20260728 230458 302,4016.20,2,4016.00,4016.20,0.20,4016.00,3,4015.90,3,4015.60,3,4015.50,2,4015.40,3,4015.30,7,4015.20,5,4015.10,6,4015.00,10,4014.90,5,4016.20,3,4016.50,3,4016.70,2,4016.90,1,4017.00,1,4017.10,2,4017.20,2,4017.30,5,4017.40,5,4017.50,7,Buy,32,14,46,18.00,20.00,-6.00,0.60,33.3,4016.40,4016.60,4016.00,4016.20,19,10,29,9.00,9.00,-4.00,2.60,50.0,33,63,0.0000,0.1111,-29.00,12.00,4024.72,-0.9016,DOWN,60.30,0.4809,1.3785
20260728 230458 303,4016.20,1,4016.00,4016.20,0.20,4016.00,3,4015.90,3,4015.60,3,4015.50,2,4015.40,3,4015.30,7,4015.20,5,4015.10,6,4015.00,10,4014.90,5,4016.20,3,4016.50,3,4016.70,2,4016.90,1,4017.00,1,4017.10,2,4017.20,2,4017.30,5,4017.40,5,4017.50,7,Buy,33,14,47,19.00,20.00,-6.00,0.60,33.3,4016.40,4016.60,4016.00,4016.20,19,10,29,9.00,9.00,-4.00,2.60,50.0,33,63,0.0000,0.0526,-28.00,13.00,4024.72,-0.9016,DOWN,60.30,0.4809,1.3785
20260728 230506 592,4016.40,1,4016.10,4016.40,0.30,4016.20,1,4016.10,2,4015.50,2,4015.40,2,4015.30,7,4015.20,5,4015.10,6,4015.00,10,4014.90,5,4014.80,5,4016.50,2,4016.60,2,4017.00,2,4017.20,1,4017.30,5,4017.40,5,4017.50,7,4017.60,5,4017.70,5,4017.80,6,Buy,1,0,1,1.00,1.00,1.00,0.00,0.0,4016.40,4016.40,4016.40,4016.40,33,14,47,19.00,20.00,-6.00,0.60,33.3,63,48,0.0526,0.0000,-5.00,8.00,4024.74,-0.8952,DOWN,59.75,0.7866,1.2943
20260728 230509 651,4016.60,1,4016.40,4016.70,0.30,4016.40,3,4016.30,2,4015.80,3,4015.70,5,4015.60,3,4015.50,2,4015.30,7,4015.20,5,4015.10,6,4015.00,10,4016.70,2,4016.80,3,4016.90,1,4017.00,1,4017.20,1,4017.40,1,4017.50,7,4017.60,5,4017.70,5,4017.80,5,Buy,2,0,2,2.00,2.00,1.00,0.20,100.0,4016.40,4016.60,4016.40,4016.60,33,14,47,19.00,20.00,-6.00,0.60,33.3,63,48,0.0526,0.0000,-4.00,9.00,4024.75,-0.8889,DOWN,59.75,0.7866,1.3086
20260728 230512 948,4016.60,1,4016.50,4016.60,0.10,4016.50,1,4016.40,4,4015.80,3,4015.70,5,4015.60,8,4015.50,7,4015.40,5,4015.30,7,4015.20,5,4015.10,6,4016.60,1,4016.80,3,4016.90,2,4017.00,1,4017.20,1,4017.50,6,4017.60,6,4017.70,5,4017.80,5,4017.90,5,Buy,3,0,3,3.00,3.00,1.00,0.20,100.0,4016.40,4016.60,4016.40,4016.60,33,14,47,19.00,20.00,-6.00,0.60,33.3,63,48,0.0526,0.0000,-3.00,10.00,4024.75,-0.8889,DOWN,59.75,0.7866,1.3086
20260728 230520 139,4017.00,1,4016.90,4017.20,0.30,4016.90,2,4016.80,1,4016.10,3,4016.00,5,4015.90,5,4015.80,8,4015.70,5,4015.60,6,4015.50,7,4015.40,5,4017.20,1,4017.30,2,4017.40,4,4017.60,1,4017.70,1,4017.80,6,4017.90,5,4018.00,8,4018.10,5,4018.20,5,Buy,4,0,4,4.00,4.00,1.00,0.60,100.0,4016.40,4017.00,4016.40,4017.00,33,14,47,19.00,20.00,-6.00,0.60,33.3,63,48,0.0526,0.0000,-2.00,11.00,4024.79,-0.8762,DOWN,59.75,0.7866,1.3372
20260728 230520 150,4017.00,1,4016.90,4017.20,0.30,4016.90,2,4016.80,1,4016.10,3,4016.00,5,4015.90,5,4015.80,8,4015.70,5,4015.60,6,4015.50,7,4015.40,5,4017.20,1,4017.30,2,4017.40,4,4017.60,1,4017.70,1,4017.80,6,4017.90,5,4018.00,8,4018.10,5,4018.20,5,Buy,5,0,5,5.00,5.00,1.00,0.60,100.0,4016.40,4017.00,4016.40,4017.00,33,14,47,19.00,20.00,-6.00,0.60,33.3,63,48,0.0526,0.0000,-1.00,12.00,4024.79,-0.8762,DOWN,59.75,0.7866,1.3372
20260728 230520 603,4017.20,1,4017.00,4017.40,0.40,4017.00,1,4016.90,4,4016.10,3,4016.00,5,4015.90,5,4015.80,8,4015.70,5,4015.60,6,4015.50,7,4015.40,5,4017.40,2,4017.50,4,4017.80,1,4017.90,6,4018.00,8,4018.10,5,4018.20,5,4018.30,25,4018.40,5,4018.50,5,Buy,6,0,6,6.00,6.00,1.00,0.80,100.0,4016.40,4017.20,4016.40,4017.20,33,14,47,19.00,20.00,-6.00,0.60,33.3,63,48,0.0526,0.0000,0.00,13.00,4024.81,-0.8698,DOWN,59.75,0.7866,1.3515
20260728 230520 603,4017.30,1,4017.00,4017.40,0.40,4017.00,1,4016.90,4,4016.10,3,4016.00,5,4015.90,5,4015.80,8,4015.70,5,4015.60,6,4015.50,7,4015.40,5,4017.40,2,4017.50,4,4017.80,1,4017.90,6,4018.00,8,4018.10,5,4018.20,5,4018.30,25,4018.40,5,4018.50,5,Buy,7,0,7,7.00,7.00,1.00,0.90,100.0,4016.40,4017.30,4016.40,4017.30,33,14,47,19.00,20.00,-6.00,0.60,33.3,63,48,0.0526,0.0000,1.00,14.00,4024.82,-0.8666,DOWN,59.75,0.7866,1.3586
20260728 230520 603,4017.30,1,4017.00,4017.40,0.40,4017.00,1,4016.90,4,4016.10,3,4016.00,5,4015.90,5,4015.80,8,4015.70,5,4015.60,6,4015.50,7,4015.40,5,4017.40,2,4017.50,4,4017.80,1,4017.90,6,4018.00,8,4018.10,5,4018.20,5,4018.30,25,4018.40,5,4018.50,5,Buy,8,0,8,8.00,8.00,1.00,0.90,100.0,4016.40,4017.30,4016.40,4017.30,33,14,47,19.00,20.00,-6.00,0.60,33.3,63,48,0.0526,0.0000,2.00,15.00,4024.82,-0.8666,DOWN,59.75,0.7866,1.3586
20260728 230520 603,4017.30,1,4017.00,4017.40,0.40,4017.00,1,4016.90,4,4016.10,3,4016.00,5,4015.90,5,4015.80,8,4015.70,5,4015.60,6,4015.50,7,4015.40,5,4017.40,2,4017.50,4,4017.80,1,4017.90,6,4018.00,8,4018.10,5,4018.20,5,4018.30,25,4018.40,5,4018.50,5,Buy,9,0,9,9.00,9.00,1.00,0.90,100.0,4016.40,4017.30,4016.40,4017.30,33,14,47,19.00,20.00,-6.00,0.60,33.3,63,48,0.0526,0.0000,3.00,16.00,4024.82,-0.8666,DOWN,59.75,0.7866,1.3586
20260728 230520 603,4017.40,1,4017.00,4017.40,0.40,4017.00,1,4016.90,4,4016.10,3,4016.00,5,4015.90,5,4015.80,8,4015.70,5,4015.60,6,4015.50,7,4015.40,5,4017.40,2,4017.50,4,4017.80,1,4017.90,6,4018.00,8,4018.10,5,4018.20,5,4018.30,25,4018.40,5,4018.50,5,Buy,10,0,10,10.00,10.00,1.00,1.00,100.0,4016.40,4017.40,4016.40,4017.40,33,14,47,19.00,20.00,-6.00,0.60,33.3,63,48,0.0526,0.0000,4.00,17.00,4024.83,-0.8635,DOWN,59.75,0.7866,1.3658
20260728 230520 603,4017.40,1,4017.00,4017.40,0.40,4017.00,1,4016.90,4,4016.10,3,4016.00,5,4015.90,5,4015.80,8,4015.70,5,4015.60,6,4015.50,7,4015.40,5,4017.40,2,4017.50,4,4017.80,1,4017.90,6,4018.00,8,4018.10,5,4018.20,5,4018.30,25,4018.40,5,4018.50,5,Buy,11,0,11,11.00,11.00,1.00,1.00,100.0,4016.40,4017.40,4016.40,4017.40,33,14,47,19.00,20.00,-6.00,0.60,33.3,63,48,0.0526,0.0000,5.00,18.00,4024.83,-0.8635,DOWN,59.75,0.7866,1.3658
20260728 230520 603,4017.40,1,4017.00,4017.40,0.40,4017.00,1,4016.90,4,4016.10,3,4016.00,5,4015.90,5,4015.80,8,4015.70,5,4015.60,6,4015.50,7,4015.40,5,4017.40,2,4017.50,4,4017.80,1,4017.90,6,4018.00,8,4018.10,5,4018.20,5,4018.30,25,4018.40,5,4018.50,5,Buy,12,0,12,12.00,12.00,1.00,1.00,100.0,4016.40,4017.40,4016.40,4017.40,33,14,47,19.00,20.00,-6.00,0.60,33.3,63,48,0.0526,0.0000,6.00,19.00,4024.83,-0.8635,DOWN,59.75,0.7866,1.3658
20260728 230520 603,4017.40,1,4017.00,4017.40,0.40,4017.00,1,4016.90,4,4016.10,3,4016.00,5,4015.90,5,4015.80,8,4015.70,5,4015.60,6,4015.50,7,4015.40,5,4017.40,2,4017.50,4,4017.80,1,4017.90,6,4018.00,8,4018.10,5,4018.20,5,4018.30,25,4018.40,5,4018.50,5,Buy,13,0,13,13.00,13.00,1.00,1.00,100.0,4016.40,4017.40,4016.40,4017.40,33,14,47,19.00,20.00,-6.00,0.60,33.3,63,48,0.0526,0.0000,7.00,20.00,4024.83,-0.8635,DOWN,59.75,0.7866,1.3658
20260728 230520 603,4017.50,1,4017.00,4017.40,0.40,4017.00,1,4016.90,4,4016.10,3,4016.00,5,4015.90,5,4015.80,8,4015.70,5,4015.60,6,4015.50,7,4015.40,5,4017.40,2,4017.50,4,4017.80,1,4017.90,6,4018.00,8,4018.10,5,4018.20,5,4018.30,25,4018.40,5,4018.50,5,Buy,14,0,14,14.00,14.00,1.00,1.10,100.0,4016.40,4017.50,4016.40,4017.50,33,14,47,19.00,20.00,-6.00,0.60,33.3,63,48,0.0526,0.0000,8.00,21.00,4024.84,-0.8603,DOWN,59.75,0.7866,1.3729
20260728 230520 603,4017.50,1,4017.00,4017.40,0.40,4017.00,1,4016.90,4,4016.10,3,4016.00,5,4015.90,5,4015.80,8,4015.70,5,4015.60,6,4015.50,7,4015.40,5,4017.40,2,4017.50,4,4017.80,1,4017.90,6,4018.00,8,4018.10,5,4018.20,5,4018.30,25,4018.40,5,4018.50,5,Buy,15,0,15,15.00,15.00,1.00,1.10,100.0,4016.40,4017.50,4016.40,4017.50,33,14,47,19.00,20.00,-6.00,0.60,33.3,63,48,0.0526,0.0000,9.00,22.00,4024.84,-0.8603,DOWN,59.75,0.7866,1.3729
20260728 230521 660,4016.80,1,4016.80,4017.20,0.40,4016.80,2,4016.60,2,4016.10,2,4016.00,5,4015.90,5,4015.80,6,4015.70,5,4015.60,6,4015.50,7,4015.40,5,4017.20,2,4017.30,4,4017.60,1,4017.70,1,4017.80,1,4017.90,6,4018.00,8,4018.20,5,4018.30,25,4018.40,5,Sell,15,1,16,14.00,15.00,1.00,1.10,36.4,4016.40,4017.50,4016.40,4016.80,33,14,47,19.00,20.00,-6.00,0.60,33.3,63,48,0.0526,0.0714,8.00,21.00,4024.77,-0.8825,DOWN,59.75,0.7866,1.3729
20260728 230523 362,4017.10,1,4016.60,4016.90,0.30,4016.60,2,4016.50,1,4015.80,1,4015.60,2,4015.50,1,4015.40,5,4015.30,7,4015.20,5,4015.10,6,4015.00,10,4016.90,1,4017.00,4,4017.60,2,4017.70,2,4017.80,1,4017.90,5,4018.00,8,4018.20,5,4018.30,25,4018.40,5,Buy,16,1,17,15.00,15.00,1.00,1.10,63.6,4016.40,4017.50,4016.40,4017.10,33,14,47,19.00,20.00,-6.00,0.60,33.3,63,48,0.0526,0.0000,9.00,22.00,4024.80,-0.8730,DOWN,59.75,0.7866,1.3729
20260728 230526 644,4016.60,1,4016.60,4017.00,0.40,4016.40,2,4016.30,2,4015.60,2,4015.50,2,4015.40,5,4015.30,7,4015.20,5,4015.10,6,4015.00,10,4014.90,5,4016.80,2,4016.90,6,4017.40,3,4017.50,6,4017.60,5,4017.70,6,4017.80,6,4017.90,5,4018.00,8,4018.10,5,Sell,16,2,18,14.00,15.00,1.00,1.10,18.2,4016.40,4017.50,4016.40,4016.60,33,14,47,19.00,20.00,-6.00,0.60,33.3,63,48,0.0526,0.0714,8.00,21.00,4024.75,-0.8889,DOWN,59.75,0.7866,1.3729
20260728 230526 644,4016.60,1,4016.60,4017.00,0.40,4016.40,2,4016.30,2,4015.60,2,4015.50,2,4015.40,5,4015.30,7,4015.20,5,4015.10,6,4015.00,10,4014.90,5,4016.80,2,4016.90,6,4017.40,3,4017.50,6,4017.60,5,4017.70,6,4017.80,6,4017.90,5,4018.00,8,4018.10,5,Sell,16,3,19,13.00,15.00,1.00,1.10,18.2,4016.40,4017.50,4016.40,4016.60,33,14,47,19.00,20.00,-6.00,0.60,33.3,63,48,0.0526,0.1538,7.00,20.00,4024.75,-0.8889,DOWN,59.75,0.7866,1.3729
20260728 230526 644,4016.60,1,4016.60,4017.00,0.40,4016.40,2,4016.30,2,4015.60,2,4015.50,2,4015.40,5,4015.30,7,4015.20,5,4015.10,6,4015.00,10,4014.90,5,4016.80,2,4016.90,6,4017.40,3,4017.50,6,4017.60,5,4017.70,6,4017.80,6,4017.90,5,4018.00,8,4018.10,5,Sell,16,4,20,12.00,15.00,1.00,1.10,18.2,4016.40,4017.50,4016.40,4016.60,33,14,47,19.00,20.00,-6.00,0.60,33.3,63,48,0.0526,0.2500,6.00,19.00,4024.75,-0.8889,DOWN,59.75,0.7866,1.3729
20260728 230539 837,4015.90,1,4015.90,4016.00,0.10,4015.90,4,4015.80,1,4015.50,1,4015.40,1,4015.30,2,4015.20,5,4015.10,7,4015.00,10,4014.90,5,4014.80,5,4016.20,2,4016.30,6,4016.90,6,4017.00,5,4017.10,5,4017.20,5,4017.30,5,4017.40,5,4017.50,6,4017.60,5,Sell,16,5,21,11.00,15.00,1.00,1.60,31.3,4016.40,4017.50,4015.90,4015.90,33,14,47,19.00,20.00,-6.00,0.60,33.3,63,48,0.0526,0.3636,5.00,18.00,4024.69,-0.9111,DOWN,59.75,0.7866,1.3943
20260728 230543 083,4015.70,1,4015.60,4015.90,0.30,4015.60,2,4015.50,2,4015.40,2,4015.30,2,4015.10,2,4015.00,5,4014.80,5,4014.70,5,4014.60,5,4014.50,6,4015.90,2,4016.00,4,4016.20,1,4016.30,3,4016.80,6,4016.90,5,4017.00,5,4017.10,5,4017.20,5,4017.30,5,Sell,16,6,22,10.00,15.00,1.00,1.80,38.9,4016.40,4017.50,4015.70,4015.70,33,14,47,19.00,20.00,-6.00,0.60,33.3,63,48,0.0526,0.5000,4.00,17.00,4024.67,-0.9174,DOWN,59.75,0.7866,1.4086
20260728 230543 083,4015.60,1,4015.60,4015.90,0.30,4015.60,2,4015.50,2,4015.40,2,4015.30,2,4015.10,2,4015.00,5,4014.80,5,4014.70,5,4014.60,5,4014.50,6,4015.90,2,4016.00,4,4016.20,1,4016.30,3,4016.80,6,4016.90,5,4017.00,5,4017.10,5,4017.20,5,4017.30,5,Sell,16,7,23,9.00,15.00,1.00,1.90,42.1,4016.40,4017.50,4015.60,4015.60,33,14,47,19.00,20.00,-6.00,0.60,33.3,63,48,0.0526,0.6667,3.00,16.00,4024.66,-0.9206,DOWN,59.75,0.7866,1.4158
20260728 230543 083,4015.60,1,4015.60,4015.90,0.30,4015.60,2,4015.50,2,4015.40,2,4015.30,2,4015.10,2,4015.00,5,4014.80,5,4014.70,5,4014.60,5,4014.50,6,4015.90,2,4016.00,4,4016.20,1,4016.30,3,4016.80,6,4016.90,5,4017.00,5,4017.10,5,4017.20,5,4017.30,5,Sell,16,8,24,8.00,15.00,1.00,1.90,42.1,4016.40,4017.50,4015.60,4015.60,33,14,47,19.00,20.00,-6.00,0.60,33.3,63,48,0.0526,0.8750,2.00,15.00,4024.66,-0.9206,DOWN,59.75,0.7866,1.4158
20260728 230543 083,4015.60,1,4015.60,4015.90,0.30,4015.60,2,4015.50,2,4015.40,2,4015.30,2,4015.10,2,4015.00,5,4014.80,5,4014.70,5,4014.60,5,4014.50,6,4015.90,2,4016.00,4,4016.20,1,4016.30,3,4016.80,6,4016.90,5,4017.00,5,4017.10,5,4017.20,5,4017.30,5,Sell,16,9,25,7.00,15.00,1.00,1.90,42.1,4016.40,4017.50,4015.60,4015.60,33,14,47,19.00,20.00,-6.00,0.60,33.3,63,48,0.0526,1.1429,1.00,14.00,4024.66,-0.9206,DOWN,59.75,0.7866,1.4158
20260728 230543 083,4015.50,1,4015.60,4015.90,0.30,4015.60,2,4015.50,2,4015.40,2,4015.30,2,4015.10,2,4015.00,5,4014.80,5,4014.70,5,4014.60,5,4014.50,6,4015.90,2,4016.00,4,4016.20,1,4016.30,3,4016.80,6,4016.90,5,4017.00,5,4017.10,5,4017.20,5,4017.30,5,Sell,16,10,26,6.00,15.00,1.00,2.00,45.0,4016.40,4017.50,4015.50,4015.50,33,14,47,19.00,20.00,-6.00,0.60,33.3,63,48,0.0526,1.5000,0.00,13.00,4024.65,-0.9238,DOWN,59.75,0.7866,1.4229
20260728 230543 083,4015.50,1,4015.60,4015.90,0.30,4015.60,2,4015.50,2,4015.40,2,4015.30,2,4015.10,2,4015.00,5,4014.80,5,4014.70,5,4014.60,5,4014.50,6,4015.90,2,4016.00,4,4016.20,1,4016.30,3,4016.80,6,4016.90,5,4017.00,5,4017.10,5,4017.20,5,4017.30,5,Sell,16,11,27,5.00,15.00,1.00,2.00,45.0,4016.40,4017.50,4015.50,4015.50,33,14,47,19.00,20.00,-6.00,0.60,33.3,63,48,0.0526,2.0000,-1.00,12.00,4024.65,-0.9238,DOWN,59.75,0.7866,1.4229
20260728 230543 083,4015.50,1,4015.60,4015.90,0.30,4015.60,2,4015.50,2,4015.40,2,4015.30,2,4015.10,2,4015.00,5,4014.80,5,4014.70,5,4014.60,5,4014.50,6,4015.90,2,4016.00,4,4016.20,1,4016.30,3,4016.80,6,4016.90,5,4017.00,5,4017.10,5,4017.20,5,4017.30,5,Sell,16,12,28,4.00,15.00,1.00,2.00,45.0,4016.40,4017.50,4015.50,4015.50,33,14,47,19.00,20.00,-6.00,0.60,33.3,63,48,0.0526,2.7500,-2.00,11.00,4024.65,-0.9238,DOWN,59.75,0.7866,1.4229
20260728 230543 083,4015.40,1,4015.60,4015.90,0.30,4015.60,2,4015.50,2,4015.40,2,4015.30,2,4015.10,2,4015.00,5,4014.80,5,4014.70,5,4014.60,5,4014.50,6,4015.90,2,4016.00,4,4016.20,1,4016.30,3,4016.80,6,4016.90,5,4017.00,5,4017.10,5,4017.20,5,4017.30,5,Sell,16,13,29,3.00,15.00,1.00,2.10,47.6,4016.40,4017.50,4015.40,4015.40,33,14,47,19.00,20.00,-6.00,0.60,33.3,63,48,0.0526,4.0000,-3.00,10.00,4024.64,-0.9270,DOWN,59.75,0.7866,1.4301
20260728 230543 083,4015.40,1,4015.60,4015.90,0.30,4015.60,2,4015.50,2,4015.40,2,4015.30,2,4015.10,2,4015.00,5,4014.80,5,4014.70,5,4014.60,5,4014.50,6,4015.90,2,4016.00,4,4016.20,1,4016.30,3,4016.80,6,4016.90,5,4017.00,5,4017.10,5,4017.20,5,4017.30,5,Sell,16,14,30,2.00,15.00,1.00,2.10,47.6,4016.40,4017.50,4015.40,4015.40,33,14,47,19.00,20.00,-6.00,0.60,33.3,63,48,0.0526,6.5000,-4.00,9.00,4024.64,-0.9270,DOWN,59.75,0.7866,1.4301
20260728 230543 083,4015.40,1,4015.60,4015.90,0.30,4015.60,2,4015.50,2,4015.40,2,4015.30,2,4015.10,2,4015.00,5,4014.80,5,4014.70,5,4014.60,5,4014.50,6,4015.90,2,4016.00,4,4016.20,1,4016.30,3,4016.80,6,4016.90,5,4017.00,5,4017.10,5,4017.20,5,4017.30,5,Sell,16,15,31,1.00,15.00,1.00,2.10,47.6,4016.40,4017.50,4015.40,4015.40,33,14,47,19.00,20.00,-6.00,0.60,33.3,63,48,0.0526,14.0000,-5.00,8.00,4024.64,-0.9270,DOWN,59.75,0.7866,1.4301
20260728 230543 083,4015.40,1,4015.60,4015.90,0.30,4015.60,2,4015.50,2,4015.40,2,4015.30,2,4015.10,2,4015.00,5,4014.80,5,4014.70,5,4014.60,5,4014.50,6,4015.90,2,4016.00,4,4016.20,1,4016.30,3,4016.80,6,4016.90,5,4017.00,5,4017.10,5,4017.20,5,4017.30,5,Sell,16,16,32,0.00,15.00,0.00,2.10,47.6,4016.40,4017.50,4015.40,4015.40,33,14,47,19.00,20.00,-6.00,0.60,33.3,63,48,0.0526,15.0000,-6.00,7.00,4024.64,-0.9270,DOWN,59.75,0.7866,1.4301
20260728 230545 747,4015.40,1,4015.50,4015.80,0.30,4015.50,1,4015.40,2,4015.30,2,4015.10,2,4015.00,5,4014.60,5,4014.50,6,4014.40,6,4014.30,5,4014.20,8,4015.80,1,4015.90,1,4016.20,2,4016.30,3,4016.60,6,4016.70,5,4016.80,5,4016.90,5,4017.00,5,4017.10,5,Sell,16,17,33,-1.00,15.00,-1.00,2.10,47.6,4016.40,4017.50,4015.40,4015.40,33,14,47,19.00,20.00,-6.00,0.60,33.3,63,48,0.0526,0.0000,-7.00,6.00,4024.64,-0.9270,DOWN,59.75,0.7866,1.4301
20260728 230545 747,4015.40,1,4015.50,4015.80,0.30,4015.50,1,4015.40,2,4015.30,2,4015.10,2,4015.00,5,4014.60,5,4014.50,6,4014.40,6,4014.30,5,4014.20,8,4015.80,1,4015.90,1,4016.20,2,4016.30,3,4016.60,6,4016.70,5,4016.80,5,4016.90,5,4017.00,5,4017.10,5,Sell,16,18,34,-2.00,15.00,-2.00,2.10,47.6,4016.40,4017.50,4015.40,4015.40,33,14,47,19.00,20.00,-6.00,0.60,33.3,63,48,0.0526,0.0000,-8.00,5.00,4024.64,-0.9270,DOWN,59.75,0.7866,1.4301
20260728 230546 504,4016.00,1,4015.50,4015.80,0.30,4015.40,2,4015.30,4,4015.10,2,4015.00,5,4014.60,5,4014.50,6,4014.40,6,4014.30,5,4014.20,8,4014.10,6,4015.80,3,4015.90,4,4016.00,2,4016.60,6,4016.70,5,4016.80,5,4016.90,5,4017.00,5,4017.10,5,4017.20,5,Buy,17,18,35,-1.00,15.00,-2.00,2.10,19.0,4016.40,4017.50,4015.40,4016.00,33,14,47,19.00,20.00,-6.00,0.60,33.3,63,48,0.0526,1.0000,-7.00,6.00,4024.70,-0.9079,DOWN,59.75,0.7866,1.4301
20260728 230547 369,4015.40,1,4015.40,4015.80,0.40,4015.40,1,4015.30,4,4015.10,2,4015.00,5,4014.60,5,4014.50,6,4014.40,6,4014.30,5,4014.20,8,4014.10,6,4015.80,3,4015.90,6,4016.00,2,4016.50,1,4016.60,5,4016.70,5,4016.80,5,4016.90,5,4017.00,5,4017.10,5,Sell,17,19,36,-2.00,15.00,-2.00,2.10,47.6,4016.40,4017.50,4015.40,4015.40,33,14,47,19.00,20.00,-6.00,0.60,33.3,63,48,0.0526,0.0000,-8.00,5.00,4024.64,-0.9270,DOWN,59.75,0.7866,1.4301
20260728 230547 633,4015.40,1,4015.40,4015.80,0.40,4015.40,2,4015.30,2,4015.10,2,4015.00,5,4014.50,6,4014.40,6,4014.30,5,4014.20,8,4014.10,6,4014.00,6,4015.80,3,4015.90,6,4016.00,2,4016.40,1,4016.50,5,4016.60,5,4016.70,6,4016.80,5,4016.90,5,4017.00,5,Sell,17,20,37,-3.00,15.00,-3.00,2.10,47.6,4016.40,4017.50,4015.40,4015.40,33,14,47,19.00,20.00,-6.00,0.60,33.3,63,48,0.0526,0.0000,-9.00,4.00,4024.64,-0.9270,DOWN,59.75,0.7866,1.4301
20260728 230547 633,4015.30,1,4015.40,4015.80,0.40,4015.40,2,4015.30,2,4015.10,2,4015.00,5,4014.50,6,4014.40,6,4014.30,5,4014.20,8,4014.10,6,4014.00,6,4015.80,3,4015.90,6,4016.00,2,4016.40,1,4016.50,5,4016.60,5,4016.70,6,4016.80,5,4016.90,5,4017.00,5,Sell,17,21,38,-4.00,15.00,-4.00,2.20,50.0,4016.40,4017.50,4015.30,4015.30,33,14,47,19.00,20.00,-6.00,0.60,33.3,63,48,0.0526,0.0000,-10.00,3.00,4024.63,-0.9301,DOWN,59.75,0.7866,1.4372
20260728 230547 633,4015.30,1,4015.40,4015.80,0.40,4015.40,2,4015.30,2,4015.10,2,4015.00,5,4014.50,6,4014.40,6,4014.30,5,4014.20,8,4014.10,6,4014.00,6,4015.80,3,4015.90,6,4016.00,2,4016.40,1,4016.50,5,4016.60,5,4016.70,6,4016.80,5,4016.90,5,4017.00,5,Sell,17,22,39,-5.00,15.00,-5.00,2.20,50.0,4016.40,4017.50,4015.30,4015.30,33,14,47,19.00,20.00,-6.00,0.60,33.3,63,48,0.0526,0.0000,-11.00,2.00,4024.63,-0.9301,DOWN,59.75,0.7866,1.4372
20260728 230547 633,4015.30,1,4015.40,4015.80,0.40,4015.40,2,4015.30,2,4015.10,2,4015.00,5,4014.50,6,4014.40,6,4014.30,5,4014.20,8,4014.10,6,4014.00,6,4015.80,3,4015.90,6,4016.00,2,4016.40,1,4016.50,5,4016.60,5,4016.70,6,4016.80,5,4016.90,5,4017.00,5,Sell,17,23,40,-6.00,15.00,-6.00,2.20,50.0,4016.40,4017.50,4015.30,4015.30,33,14,47,19.00,20.00,-6.00,0.60,33.3,63,48,0.0526,0.0000,-12.00,1.00,4024.63,-0.9301,DOWN,59.75,0.7866,1.4372
20260728 230547 874,4015.40,1,4015.40,4015.70,0.30,4015.30,1,4015.20,5,4015.10,2,4015.00,5,4014.50,6,4014.40,6,4014.30,5,4014.20,8,4014.10,6,4014.00,6,4015.70,3,4015.80,2,4015.90,2,4016.00,4,4016.40,1,4016.50,6,4016.60,5,4016.70,5,4016.80,5,4016.90,5,Sell,17,24,41,-7.00,15.00,-7.00,2.20,45.5,4016.40,4017.50,4015.30,4015.40,33,14,47,19.00,20.00,-6.00,0.60,33.3,63,48,0.0526,0.0000,-13.00,0.00,4024.64,-0.9270,DOWN,59.75,0.7866,1.4372
20260728 230548 181,4015.80,1,4015.50,4015.80,0.30,4015.50,1,4015.40,4,4015.20,2,4015.10,2,4015.00,5,4014.70,5,4014.50,6,4014.40,6,4014.30,5,4014.20,8,4015.80,1,4015.90,3,4016.00,4,4016.40,1,4016.70,6,4016.80,5,4016.90,5,4017.00,5,4017.10,5,4017.20,5,Buy,18,24,42,-6.00,15.00,-7.00,2.20,27.3,4016.40,4017.50,4015.30,4015.80,33,14,47,19.00,20.00,-6.00,0.60,33.3,63,48,0.0526,0.1667,-12.00,1.00,4024.68,-0.9143,DOWN,59.75,0.7866,1.4372
20260728 230548 181,4015.80,1,4015.50,4015.80,0.30,4015.50,1,4015.40,4,4015.20,2,4015.10,2,4015.00,5,4014.70,5,4014.50,6,4014.40,6,4014.30,5,4014.20,8,4015.80,1,4015.90,3,4016.00,4,4016.40,1,4016.70,6,4016.80,5,4016.90,5,4017.00,5,4017.10,5,4017.20,5,Buy,19,24,43,-5.00,15.00,-7.00,2.20,27.3,4016.40,4017.50,4015.30,4015.80,33,14,47,19.00,20.00,-6.00,0.60,33.3,63,48,0.0526,0.4000,-11.00,2.00,4024.68,-0.9143,DOWN,59.75,0.7866,1.4372
20260728 230548 181,4015.90,2,4015.50,4015.80,0.30,4015.50,1,4015.40,4,4015.20,2,4015.10,2,4015.00,5,4014.70,5,4014.50,6,4014.40,6,4014.30,5,4014.20,8,4015.80,1,4015.90,3,4016.00,4,4016.40,1,4016.70,6,4016.80,5,4016.90,5,4017.00,5,4017.10,5,4017.20,5,Buy,21,24,45,-3.00,15.00,-7.00,2.20,22.7,4016.40,4017.50,4015.30,4015.90,33,14,47,19.00,20.00,-6.00,0.60,33.3,63,48,0.0526,1.3333,-9.00,4.00,4024.69,-0.9111,DOWN,59.75,0.7866,1.4372
20260728 230548 181,4015.90,1,4015.50,4015.80,0.30,4015.50,1,4015.40,4,4015.20,2,4015.10,2,4015.00,5,4014.70,5,4014.50,6,4014.40,6,4014.30,5,4014.20,8,4015.80,1,4015.90,3,4016.00,4,4016.40,1,4016.70,6,4016.80,5,4016.90,5,4017.00,5,4017.10,5,4017.20,5,Buy,22,24,46,-2.00,15.00,-7.00,2.20,22.7,4016.40,4017.50,4015.30,4015.90,33,14,47,19.00,20.00,-6.00,0.60,33.3,63,48,0.0526,2.5000,-8.00,5.00,4024.69,-0.9111,DOWN,59.75,0.7866,1.4372
20260728 230550 844,4015.40,1,4015.40,4015.80,0.40,4015.40,2,4015.30,2,4015.20,2,4015.10,2,4015.00,5,4014.60,5,4014.50,6,4014.40,6,4014.30,5,4014.20,8,4015.80,2,4015.90,2,4016.00,4,4016.40,1,4016.50,1,4016.60,5,4016.70,5,4016.80,5,4016.90,5,4017.00,5,Sell,22,25,47,-3.00,15.00,-7.00,2.20,45.5,4016.40,4017.50,4015.30,4015.40,33,14,47,19.00,20.00,-6.00,0.60,33.3,63,48,0.0526,1.3333,-9.00,4.00,4024.64,-0.9270,DOWN,59.75,0.7866,1.4372
20260728 230559 842,4015.60,1,4015.50,4015.90,0.40,4015.50,2,4015.40,3,4015.20,2,4015.10,2,4015.00,5,4014.60,5,4014.50,6,4014.40,6,4014.30,5,4014.20,7,4015.90,1,4016.00,8,4016.70,5,4016.80,5,4016.90,5,4017.00,5,4017.10,5,4017.20,5,4017.30,5,4017.40,5,Sell,22,26,48,-4.00,15.00,-7.00,2.20,36.4,4016.40,4017.50,4015.30,4015.60,33,14,47,19.00,20.00,-6.00,0.60,33.3,63,48,0.0526,0.7500,-10.00,3.00,4024.66,-0.9206,DOWN,59.75,0.7866,1.4372
20260728 230609 582,4015.60,1,4015.40,4015.80,0.40,4015.40,2,4015.30,5,4015.20,2,4015.10,3,4015.00,5,4014.80,5,4014.70,5,4014.60,5,4014.50,6,4014.40,6,4015.80,1,4015.90,3,4016.00,4,4016.60,1,4016.70,5,4016.80,5,4016.90,5,4017.00,5,4017.10,5,4017.20,5,Sell,0,1,1,-1.00,-1.00,-1.00,0.00,0.0,4015.60,4015.60,4015.60,4015.60,22,26,48,-4.00,15.00,-7.00,2.20,36.4,-48,81,0.7500,0.0000,-7.00,0.00,4024.66,-0.9206,DOWN,57.85,0.8297,1.3345
20260728 230609 582,4015.50,1,4015.40,4015.80,0.40,4015.40,2,4015.30,5,4015.20,2,4015.10,3,4015.00,5,4014.80,5,4014.70,5,4014.60,5,4014.50,6,4014.40,6,4015.80,1,4015.90,3,4016.00,4,4016.60,1,4016.70,5,4016.80,5,4016.90,5,4017.00,5,4017.10,5,4017.20,5,Sell,0,2,2,-2.00,-1.00,-2.00,0.10,100.0,4015.60,4015.60,4015.50,4015.50,22,26,48,-4.00,15.00,-7.00,2.20,36.4,-48,81,0.7500,0.0000,-8.00,-1.00,4024.65,-0.9238,DOWN,57.85,0.8297,1.3417
20260728 230609 582,4015.40,1,4015.40,4015.80,0.40,4015.40,2,4015.30,5,4015.20,2,4015.10,3,4015.00,5,4014.80,5,4014.70,5,4014.60,5,4014.50,6,4014.40,6,4015.80,1,4015.90,3,4016.00,4,4016.60,1,4016.70,5,4016.80,5,4016.90,5,4017.00,5,4017.10,5,4017.20,5,Sell,0,3,3,-3.00,-1.00,-3.00,0.20,100.0,4015.60,4015.60,4015.40,4015.40,22,26,48,-4.00,15.00,-7.00,2.20,36.4,-48,81,0.7500,0.0000,-9.00,-2.00,4024.64,-0.9270,DOWN,57.85,0.8297,1.3488
20260728 230609 582,4015.40,1,4015.40,4015.80,0.40,4015.40,2,4015.30,5,4015.20,2,4015.10,3,4015.00,5,4014.80,5,4014.70,5,4014.60,5,4014.50,6,4014.40,6,4015.80,1,4015.90,3,4016.00,4,4016.60,1,4016.70,5,4016.80,5,4016.90,5,4017.00,5,4017.10,5,4017.20,5,Sell,0,4,4,-4.00,-1.00,-4.00,0.20,100.0,4015.60,4015.60,4015.40,4015.40,22,26,48,-4.00,15.00,-7.00,2.20,36.4,-48,81,0.7500,0.0000,-10.00,-3.00,4024.64,-0.9270,DOWN,57.85,0.8297,1.3488
20260728 230609 582,4015.30,1,4015.40,4015.80,0.40,4015.40,2,4015.30,5,4015.20,2,4015.10,3,4015.00,5,4014.80,5,4014.70,5,4014.60,5,4014.50,6,4014.40,6,4015.80,1,4015.90,3,4016.00,4,4016.60,1,4016.70,5,4016.80,5,4016.90,5,4017.00,5,4017.10,5,4017.20,5,Sell,0,5,5,-5.00,-1.00,-5.00,0.30,100.0,4015.60,4015.60,4015.30,4015.30,22,26,48,-4.00,15.00,-7.00,2.20,36.4,-48,81,0.7500,0.0000,-11.00,-4.00,4024.63,-0.9301,DOWN,57.85,0.8297,1.3560
20260728 230609 582,4015.20,1,4015.40,4015.80,0.40,4015.40,2,4015.30,5,4015.20,2,4015.10,3,4015.00,5,4014.80,5,4014.70,5,4014.60,5,4014.50,6,4014.40,6,4015.80,1,4015.90,3,4016.00,4,4016.60,1,4016.70,5,4016.80,5,4016.90,5,4017.00,5,4017.10,5,4017.20,5,Sell,0,6,6,-6.00,-1.00,-6.00,0.40,100.0,4015.60,4015.60,4015.20,4015.20,22,26,48,-4.00,15.00,-7.00,2.20,36.4,-48,81,0.7500,0.0000,-12.00,-5.00,4024.62,-0.9333,DOWN,57.85,0.8297,1.3631
20260728 230609 582,4015.20,1,4015.40,4015.80,0.40,4015.40,2,4015.30,5,4015.20,2,4015.10,3,4015.00,5,4014.80,5,4014.70,5,4014.60,5,4014.50,6,4014.40,6,4015.80,1,4015.90,3,4016.00,4,4016.60,1,4016.70,5,4016.80,5,4016.90,5,4017.00,5,4017.10,5,4017.20,5,Sell,0,7,7,-7.00,-1.00,-7.00,0.40,100.0,4015.60,4015.60,4015.20,4015.20,22,26,48,-4.00,15.00,-7.00,2.20,36.4,-48,81,0.7500,0.0000,-13.00,-6.00,4024.62,-0.9333,DOWN,57.85,0.8297,1.3631
20260728 230609 582,4015.20,1,4015.40,4015.80,0.40,4015.40,2,4015.30,5,4015.20,2,4015.10,3,4015.00,5,4014.80,5,4014.70,5,4014.60,5,4014.50,6,4014.40,6,4015.80,1,4015.90,3,4016.00,4,4016.60,1,4016.70,5,4016.80,5,4016.90,5,4017.00,5,4017.10,5,4017.20,5,Sell,0,8,8,-8.00,-1.00,-8.00,0.40,100.0,4015.60,4015.60,4015.20,4015.20,22,26,48,-4.00,15.00,-7.00,2.20,36.4,-48,81,0.7500,0.0000,-14.00,-7.00,4024.62,-0.9333,DOWN,57.85,0.8297,1.3631
20260728 230609 582,4015.20,2,4015.40,4015.80,0.40,4015.40,2,4015.30,5,4015.20,2,4015.10,3,4015.00,5,4014.80,5,4014.70,5,4014.60,5,4014.50,6,4014.40,6,4015.80,1,4015.90,3,4016.00,4,4016.60,1,4016.70,5,4016.80,5,4016.90,5,4017.00,5,4017.10,5,4017.20,5,Sell,0,10,10,-10.00,-1.00,-10.00,0.40,100.0,4015.60,4015.60,4015.20,4015.20,22,26,48,-4.00,15.00,-7.00,2.20,36.4,-48,81,0.7500,0.0000,-16.00,-9.00,4024.62,-0.9333,DOWN,57.85,0.8297,1.3631
20260728 230609 643,4015.60,1,4015.50,4015.90,0.40,4015.50,3,4015.40,4,4015.20,2,4015.10,2,4015.00,5,4014.80,5,4014.70,5,4014.60,5,4014.50,6,4014.40,6,4015.90,3,4016.00,7,4016.70,5,4016.80,5,4016.90,5,4017.00,5,4017.10,5,4017.20,5,4017.30,5,4017.40,5,Sell,0,11,11,-11.00,-1.00,-11.00,0.40,0.0,4015.60,4015.60,4015.20,4015.60,22,26,48,-4.00,15.00,-7.00,2.20,36.4,-48,81,0.7500,0.0000,-17.00,-10.00,4024.66,-0.9206,DOWN,57.85,0.8297,1.3631
20260728 230612 945,4015.50,1,4015.50,4015.90,0.40,4015.50,1,4015.40,2,4015.20,2,4015.10,2,4015.00,5,4014.80,5,4014.70,5,4014.60,5,4014.50,6,4014.40,6,4015.90,5,4016.00,7,4016.70,5,4016.80,5,4016.90,5,4017.00,6,4017.10,5,4017.20,5,4017.30,5,4017.40,5,Sell,0,12,12,-12.00,-1.00,-12.00,0.40,25.0,4015.60,4015.60,4015.20,4015.50,22,26,48,-4.00,15.00,-7.00,2.20,36.4,-48,81,0.7500,0.0000,-18.00,-11.00,4024.65,-0.9238,DOWN,57.85,0.8297,1.3631
20260728 230627 806,4015.40,1,4015.40,4015.80,0.40,4015.40,2,4015.30,2,4015.20,1,4015.10,2,4015.00,5,4014.80,5,4014.70,5,4014.60,5,4014.50,6,4014.40,6,4015.80,4,4015.90,2,4016.00,2,4016.60,5,4016.70,5,4016.80,5,4016.90,5,4017.00,6,4017.10,5,4017.20,5,Sell,0,13,13,-13.00,-1.00,-13.00,0.40,50.0,4015.60,4015.60,4015.20,4015.40,22,26,48,-4.00,15.00,-7.00,2.20,36.4,-48,81,0.7500,0.0000,-19.00,-12.00,4024.64,-0.9270,DOWN,57.85,0.8297,1.3631
20260728 230629 108,4015.50,1,4015.40,4015.80,0.40,4015.40,3,4015.30,3,4015.20,2,4015.10,2,4015.00,5,4014.80,5,4014.70,5,4014.60,5,4014.50,6,4014.40,6,4015.80,4,4015.90,2,4016.00,2,4016.60,5,4016.70,5,4016.80,5,4016.90,5,4017.00,6,4017.10,5,4017.20,5,Sell,0,14,14,-14.00,-1.00,-14.00,0.40,25.0,4015.60,4015.60,4015.20,4015.50,22,26,48,-4.00,15.00,-7.00,2.20,36.4,-48,81,0.7500,0.0000,-20.00,-13.00,4024.65,-0.9238,DOWN,57.85,0.8297,1.3631
20260728 230630 220,4015.50,1,4015.40,4015.80,0.40,4015.40,3,4015.30,2,4015.20,2,4015.10,2,4015.00,5,4014.80,5,4014.70,5,4014.60,5,4014.50,6,4014.40,6,4015.80,2,4015.90,2,4016.00,6,4016.60,5,4016.70,5,4016.80,5,4016.90,5,4017.00,6,4017.10,5,4017.20,5,Sell,0,15,15,-15.00,-1.00,-15.00,0.40,25.0,4015.60,4015.60,4015.20,4015.50,22,26,48,-4.00,15.00,-7.00,2.20,36.4,-48,81,0.7500,0.0000,-21.00,-14.00,4024.65,-0.9238,DOWN,57.85,0.8297,1.3631
20260728 230631 836,4015.80,2,4015.60,4016.00,0.40,4015.60,3,4015.50,2,4015.20,2,4015.10,2,4015.00,5,4014.80,5,4014.70,5,4014.60,5,4014.50,6,4014.40,6,4016.00,3,4016.10,2,4016.80,5,4016.90,5,4017.00,6,4017.10,5,4017.20,5,4017.30,5,4017.40,5,4017.50,6,Buy,2,15,17,-13.00,-1.00,-15.00,0.60,33.3,4015.60,4015.80,4015.20,4015.80,22,26,48,-4.00,15.00,-7.00,2.20,36.4,-48,81,0.7500,0.1538,-19.00,-12.00,4024.68,-0.9143,DOWN,57.85,0.8297,1.3774
20260728 230631 967,4016.00,1,4015.90,4016.20,0.30,4015.90,1,4015.80,2,4015.20,3,4015.10,2,4015.00,5,4014.90,5,4014.80,5,4014.70,5,4014.60,5,4014.50,6,4016.20,1,4016.30,4,4016.70,2,4016.80,2,4016.90,5,4017.00,6,4017.10,5,4017.20,5,4017.30,5,4017.40,5,Buy,3,15,18,-12.00,-1.00,-15.00,0.80,50.0,4015.60,4016.00,4015.20,4016.00,22,26,48,-4.00,15.00,-7.00,2.20,36.4,-48,81,0.7500,0.2500,-18.00,-11.00,4024.70,-0.9079,DOWN,57.85,0.8297,1.3917
20260728 230631 967,4016.00,1,4015.90,4016.20,0.30,4015.90,1,4015.80,2,4015.20,3,4015.10,2,4015.00,5,4014.90,5,4014.80,5,4014.70,5,4014.60,5,4014.50,6,4016.20,1,4016.30,4,4016.70,2,4016.80,2,4016.90,5,4017.00,6,4017.10,5,4017.20,5,4017.30,5,4017.40,5,Buy,4,15,19,-11.00,-1.00,-15.00,0.80,50.0,4015.60,4016.00,4015.20,4016.00,22,26,48,-4.00,15.00,-7.00,2.20,36.4,-48,81,0.7500,0.3636,-17.00,-10.00,4024.70,-0.9079,DOWN,57.85,0.8297,1.3917
20260728 230647 483,4015.60,1,4015.60,4016.00,0.40,4015.60,2,4015.50,2,4015.20,2,4015.10,2,4015.00,5,4014.80,5,4014.70,5,4014.60,5,4014.50,6,4014.40,6,4016.00,3,4016.10,2,4016.50,2,4016.60,2,4016.70,7,4016.80,6,4016.90,6,4017.00,6,4017.10,5,4017.20,5,Sell,4,16,20,-12.00,-1.00,-15.00,0.80,0.0,4015.60,4016.00,4015.20,4015.60,22,26,48,-4.00,15.00,-7.00,2.20,36.4,-48,81,0.7500,0.2500,-18.00,-11.00,4024.66,-0.9206,DOWN,57.85,0.8297,1.3917
20260728 230700 053,4016.00,1,4015.80,4016.00,0.20,4015.80,3,4015.60,3,4015.20,2,4015.10,2,4015.00,5,4014.80,5,4014.70,5,4014.60,5,4014.50,6,4014.40,6,4016.00,1,4016.10,2,4016.20,3,4016.70,5,4016.80,6,4016.90,6,4017.00,6,4017.10,5,4017.20,5,4017.30,5,Buy,1,0,1,1.00,1.00,1.00,0.00,0.0,4016.00,4016.00,4016.00,4016.00,4,16,20,-12.00,-1.00,-15.00,0.80,0.0,6,15,0.2500,0.0000,13.00,-32.00,4024.70,-0.9079,DOWN,57.60,0.3472,1.3208
20260728 230700 053,4016.10,1,4015.80,4016.00,0.20,4015.80,3,4015.60,3,4015.20,2,4015.10,2,4015.00,5,4014.80,5,4014.70,5,4014.60,5,4014.50,6,4014.40,6,4016.00,1,4016.10,2,4016.20,3,4016.70,5,4016.80,6,4016.90,6,4017.00,6,4017.10,5,4017.20,5,4017.30,5,Buy,2,0,2,2.00,2.00,1.00,0.10,100.0,4016.00,4016.10,4016.00,4016.10,4,16,20,-12.00,-1.00,-15.00,0.80,0.0,6,15,0.2500,0.0000,14.00,-31.00,4024.71,-0.9047,DOWN,57.60,0.3472,1.3280
20260728 230700 053,4016.10,1,4015.80,4016.00,0.20,4015.80,3,4015.60,3,4015.20,2,4015.10,2,4015.00,5,4014.80,5,4014.70,5,4014.60,5,4014.50,6,4014.40,6,4016.00,1,4016.10,2,4016.20,3,4016.70,5,4016.80,6,4016.90,6,4017.00,6,4017.10,5,4017.20,5,4017.30,5,Buy,3,0,3,3.00,3.00,1.00,0.10,100.0,4016.00,4016.10,4016.00,4016.10,4,16,20,-12.00,-1.00,-15.00,0.80,0.0,6,15,0.2500,0.0000,15.00,-30.00,4024.71,-0.9047,DOWN,57.60,0.3472,1.3280
20260728 230700 053,4016.20,1,4015.80,4016.00,0.20,4015.80,3,4015.60,3,4015.20,2,4015.10,2,4015.00,5,4014.80,5,4014.70,5,4014.60,5,4014.50,6,4014.40,6,4016.00,1,4016.10,2,4016.20,3,4016.70,5,4016.80,6,4016.90,6,4017.00,6,4017.10,5,4017.20,5,4017.30,5,Buy,4,0,4,4.00,4.00,1.00,0.20,100.0,4016.00,4016.20,4016.00,4016.20,4,16,20,-12.00,-1.00,-15.00,0.80,0.0,6,15,0.2500,0.0000,16.00,-29.00,4024.72,-0.9016,DOWN,57.60,0.3472,1.3351
20260728 230700 053,4016.20,1,4015.80,4016.00,0.20,4015.80,3,4015.60,3,4015.20,2,4015.10,2,4015.00,5,4014.80,5,4014.70,5,4014.60,5,4014.50,6,4014.40,6,4016.00,1,4016.10,2,4016.20,3,4016.70,5,4016.80,6,4016.90,6,4017.00,6,4017.10,5,4017.20,5,4017.30,5,Buy,5,0,5,5.00,5.00,1.00,0.20,100.0,4016.00,4016.20,4016.00,4016.20,4,16,20,-12.00,-1.00,-15.00,0.80,0.0,6,15,0.2500,0.0000,17.00,-28.00,4024.72,-0.9016,DOWN,57.60,0.3472,1.3351
20260728 230700 053,4016.30,1,4015.80,4016.00,0.20,4015.80,3,4015.60,3,4015.20,2,4015.10,2,4015.00,5,4014.80,5,4014.70,5,4014.60,5,4014.50,6,4014.40,6,4016.00,1,4016.10,2,4016.20,3,4016.70,5,4016.80,6,4016.90,6,4017.00,6,4017.10,5,4017.20,5,4017.30,5,Buy,6,0,6,6.00,6.00,1.00,0.30,100.0,4016.00,4016.30,4016.00,4016.30,4,16,20,-12.00,-1.00,-15.00,0.80,0.0,6,15,0.2500,0.0000,18.00,-27.00,4024.73,-0.8984,DOWN,57.60,0.3472,1.3423
20260728 230700 053,4016.30,1,4015.80,4016.00,0.20,4015.80,3,4015.60,3,4015.20,2,4015.10,2,4015.00,5,4014.80,5,4014.70,5,4014.60,5,4014.50,6,4014.40,6,4016.00,1,4016.10,2,4016.20,3,4016.70,5,4016.80,6,4016.90,6,4017.00,6,4017.10,5,4017.20,5,4017.30,5,Buy,7,0,7,7.00,7.00,1.00,0.30,100.0,4016.00,4016.30,4016.00,4016.30,4,16,20,-12.00,-1.00,-15.00,0.80,0.0,6,15,0.2500,0.0000,19.00,-26.00,4024.73,-0.8984,DOWN,57.60,0.3472,1.3423
20260728 230700 053,4016.30,1,4015.80,4016.00,0.20,4015.80,3,4015.60,3,4015.20,2,4015.10,2,4015.00,5,4014.80,5,4014.70,5,4014.60,5,4014.50,6,4014.40,6,4016.00,1,4016.10,2,4016.20,3,4016.70,5,4016.80,6,4016.90,6,4017.00,6,4017.10,5,4017.20,5,4017.30,5,Buy,8,0,8,8.00,8.00,1.00,0.30,100.0,4016.00,4016.30,4016.00,4016.30,4,16,20,-12.00,-1.00,-15.00,0.80,0.0,6,15,0.2500,0.0000,20.00,-25.00,4024.73,-0.8984,DOWN,57.60,0.3472,1.3423
20260728 230700 053,4016.40,1,4015.80,4016.00,0.20,4015.80,3,4015.60,3,4015.20,2,4015.10,2,4015.00,5,4014.80,5,4014.70,5,4014.60,5,4014.50,6,4014.40,6,4016.00,1,4016.10,2,4016.20,3,4016.70,5,4016.80,6,4016.90,6,4017.00,6,4017.10,5,4017.20,5,4017.30,5,Buy,9,0,9,9.00,9.00,1.00,0.40,100.0,4016.00,4016.40,4016.00,4016.40,4,16,20,-12.00,-1.00,-15.00,0.80,0.0,6,15,0.2500,0.0000,21.00,-24.00,4024.74,-0.8952,DOWN,57.60,0.3472,1.3494
20260728 230700 053,4016.50,2,4015.80,4016.00,0.20,4015.80,3,4015.60,3,4015.20,2,4015.10,2,4015.00,5,4014.80,5,4014.70,5,4014.60,5,4014.50,6,4014.40,6,4016.00,1,4016.10,2,4016.20,3,4016.70,5,4016.80,6,4016.90,6,4017.00,6,4017.10,5,4017.20,5,4017.30,5,Buy,11,0,11,11.00,11.00,1.00,0.50,100.0,4016.00,4016.50,4016.00,4016.50,4,16,20,-12.00,-1.00,-15.00,0.80,0.0,6,15,0.2500,0.0000,23.00,-22.00,4024.74,-0.8920,DOWN,57.60,0.3472,1.3566
20260728 230701 171,4016.30,1,4016.30,4016.40,0.10,4016.40,2,4016.30,3,4015.50,2,4015.40,5,4015.30,5,4015.20,7,4015.10,7,4015.00,10,4014.90,5,4014.80,5,4016.60,1,4016.70,1,4017.20,2,4017.30,1,4017.40,1,4017.50,6,4017.60,5,4017.70,6,4017.80,6,4017.90,5,Buy,12,0,12,12.00,12.00,1.00,0.50,60.0,4016.00,4016.50,4016.00,4016.30,4,16,20,-12.00,-1.00,-15.00,0.80,0.0,6,15,0.2500,0.0000,24.00,-21.00,4024.73,-0.8984,DOWN,57.60,0.3472,1.3566
20260728 230701 174,4016.40,1,4016.30,4016.40,0.10,4016.40,2,4016.30,3,4015.50,2,4015.40,5,4015.30,5,4015.20,7,4015.10,7,4015.00,10,4014.90,5,4014.80,5,4016.60,1,4016.70,1,4017.20,2,4017.30,1,4017.40,1,4017.50,6,4017.60,5,4017.70,6,4017.80,6,4017.90,5,Buy,13,0,13,13.00,13.00,1.00,0.50,80.0,4016.00,4016.50,4016.00,4016.40,4,16,20,-12.00,-1.00,-15.00,0.80,0.0,6,15,0.2500,0.0000,25.00,-20.00,4024.74,-0.8952,DOWN,57.60,0.3472,1.3566
20260728 230710 262,4017.10,1,4016.80,4017.00,0.20,4016.80,1,4016.70,3,4015.90,2,4015.80,5,4015.70,7,4015.60,5,4015.50,5,4015.40,5,4015.30,5,4015.20,6,4017.00,1,4017.20,3,4017.70,2,4017.80,6,4017.90,5,4018.00,8,4018.10,5,4018.20,5,4018.30,25,4018.40,5,Buy,14,0,14,14.00,14.00,1.00,1.10,100.0,4016.00,4017.10,4016.00,4017.10,4,16,20,-12.00,-1.00,-15.00,0.80,0.0,6,15,0.2500,0.0000,26.00,-19.00,4024.80,-0.8730,DOWN,57.60,0.3472,1.3994
20260728 230710 262,4017.10,1,4016.80,4017.00,0.20,4016.80,1,4016.70,3,4015.90,2,4015.80,5,4015.70,7,4015.60,5,4015.50,5,4015.40,5,4015.30,5,4015.20,6,4017.00,1,4017.20,3,4017.70,2,4017.80,6,4017.90,5,4018.00,8,4018.10,5,4018.20,5,4018.30,25,4018.40,5,Buy,15,0,15,15.00,15.00,1.00,1.10,100.0,4016.00,4017.10,4016.00,4017.10,4,16,20,-12.00,-1.00,-15.00,0.80,0.0,6,15,0.2500,0.0000,27.00,-18.00,4024.80,-0.8730,DOWN,57.60,0.3472,1.3994
20260728 230710 262,4017.20,1,4016.80,4017.00,0.20,4016.80,1,4016.70,3,4015.90,2,4015.80,5,4015.70,7,4015.60,5,4015.50,5,4015.40,5,4015.30,5,4015.20,6,4017.00,1,4017.20,3,4017.70,2,4017.80,6,4017.90,5,4018.00,8,4018.10,5,4018.20,5,4018.30,25,4018.40,5,Buy,16,0,16,16.00,16.00,1.00,1.20,100.0,4016.00,4017.20,4016.00,4017.20,4,16,20,-12.00,-1.00,-15.00,0.80,0.0,6,15,0.2500,0.0000,28.00,-17.00,4024.81,-0.8698,DOWN,57.60,0.3472,1.4066
20260728 230710 262,4017.40,1,4016.80,4017.00,0.20,4016.80,1,4016.70,3,4015.90,2,4015.80,5,4015.70,7,4015.60,5,4015.50,5,4015.40,5,4015.30,5,4015.20,6,4017.00,1,4017.20,3,4017.70,2,4017.80,6,4017.90,5,4018.00,8,4018.10,5,4018.20,5,4018.30,25,4018.40,5,Buy,17,0,17,17.00,17.00,1.00,1.40,100.0,4016.00,4017.40,4016.00,4017.40,4,16,20,-12.00,-1.00,-15.00,0.80,0.0,6,15,0.2500,0.0000,29.00,-16.00,4024.83,-0.8635,DOWN,57.60,0.3472,1.4208
20260728 230710 262,4017.40,1,4016.80,4017.00,0.20,4016.80,1,4016.70,3,4015.90,2,4015.80,5,4015.70,7,4015.60,5,4015.50,5,4015.40,5,4015.30,5,4015.20,6,4017.00,1,4017.20,3,4017.70,2,4017.80,6,4017.90,5,4018.00,8,4018.10,5,4018.20,5,4018.30,25,4018.40,5,Buy,18,0,18,18.00,18.00,1.00,1.40,100.0,4016.00,4017.40,4016.00,4017.40,4,16,20,-12.00,-1.00,-15.00,0.80,0.0,6,15,0.2500,0.0000,30.00,-15.00,4024.83,-0.8635,DOWN,57.60,0.3472,1.4208
20260728 230710 263,4017.50,1,4016.80,4017.00,0.20,4016.80,1,4016.70,3,4015.90,2,4015.80,5,4015.70,7,4015.60,5,4015.50,5,4015.40,5,4015.30,5,4015.20,6,4017.00,1,4017.20,3,4017.70,2,4017.80,6,4017.90,5,4018.00,8,4018.10,5,4018.20,5,4018.30,25,4018.40,5,Buy,19,0,19,19.00,19.00,1.00,1.50,100.0,4016.00,4017.50,4016.00,4017.50,4,16,20,-12.00,-1.00,-15.00,0.80,0.0,6,15,0.2500,0.0000,31.00,-14.00,4024.84,-0.8603,DOWN,57.60,0.3472,1.4280
20260728 230710 409,4016.80,1,4016.80,4017.00,0.20,4016.80,1,4016.70,3,4015.80,5,4015.70,7,4015.60,5,4015.50,5,4015.40,5,4015.30,5,4015.20,6,4015.10,7,4017.00,1,4017.20,3,4017.70,2,4017.80,6,4017.90,5,4018.00,8,4018.10,6,4018.20,5,4018.30,25,4018.40,5,Sell,19,1,20,18.00,19.00,1.00,1.50,53.3,4016.00,4017.50,4016.00,4016.80,4,16,20,-12.00,-1.00,-15.00,0.80,0.0,6,15,0.2500,0.0556,30.00,-15.00,4024.77,-0.8825,DOWN,57.60,0.3472,1.4280
20260728 230710 553,4016.30,1,4016.30,4016.70,0.40,4016.30,2,4016.20,3,4015.60,2,4015.50,5,4015.40,5,4015.30,5,4015.20,6,4015.10,7,4015.00,10,4014.90,5,4016.70,3,4016.80,5,4017.20,2,4017.30,1,4017.40,5,4017.50,7,4017.60,5,4017.70,6,4017.80,6,4017.90,5,Buy,20,1,21,19.00,19.00,1.00,1.50,20.0,4016.00,4017.50,4016.00,4016.30,4,16,20,-12.00,-1.00,-15.00,0.80,0.0,6,15,0.2500,0.0000,31.00,-14.00,4024.73,-0.8984,DOWN,57.60,0.3472,1.4280
20260728 230710 553,4016.30,1,4016.30,4016.70,0.40,4016.30,2,4016.20,3,4015.60,2,4015.50,5,4015.40,5,4015.30,5,4015.20,6,4015.10,7,4015.00,10,4014.90,5,4016.70,3,4016.80,5,4017.20,2,4017.30,1,4017.40,5,4017.50,7,4017.60,5,4017.70,6,4017.80,6,4017.90,5,Buy,21,1,22,20.00,20.00,1.00,1.50,20.0,4016.00,4017.50,4016.00,4016.30,4,16,20,-12.00,-1.00,-15.00,0.80,0.0,6,15,0.2500,0.0000,32.00,-13.00,4024.73,-0.8984,DOWN,57.60,0.3472,1.4280
20260728 230712 032,4016.40,1,4016.30,4016.70,0.40,4016.30,1,4016.20,3,4015.60,2,4015.50,5,4015.40,5,4015.30,5,4015.20,6,4015.10,7,4015.00,10,4014.90,5,4016.70,2,4016.80,2,4017.20,1,4017.30,1,4017.40,1,4017.50,8,4017.60,5,4017.70,6,4017.80,6,4017.90,5,Sell,21,2,23,19.00,20.00,1.00,1.50,26.7,4016.00,4017.50,4016.00,4016.40,4,16,20,-12.00,-1.00,-15.00,0.80,0.0,6,15,0.2500,0.0526,31.00,-14.00,4024.74,-0.8952,DOWN,57.60,0.3472,1.4280
20260728 230712 032,4016.30,1,4016.30,4016.70,0.40,4016.30,1,4016.20,3,4015.60,2,4015.50,5,4015.40,5,4015.30,5,4015.20,6,4015.10,7,4015.00,10,4014.90,5,4016.70,2,4016.80,2,4017.20,1,4017.30,1,4017.40,1,4017.50,8,4017.60,5,4017.70,6,4017.80,6,4017.90,5,Sell,21,3,24,18.00,20.00,1.00,1.50,20.0,4016.00,4017.50,4016.00,4016.30,4,16,20,-12.00,-1.00,-15.00,0.80,0.0,6,15,0.2500,0.1111,30.00,-15.00,4024.73,-0.8984,DOWN,57.60,0.3472,1.4280
20260728 230712 032,4016.30,1,4016.30,4016.70,0.40,4016.30,1,4016.20,3,4015.60,2,4015.50,5,4015.40,5,4015.30,5,4015.20,6,4015.10,7,4015.00,10,4014.90,5,4016.70,2,4016.80,2,4017.20,1,4017.30,1,4017.40,1,4017.50,8,4017.60,5,4017.70,6,4017.80,6,4017.90,5,Sell,21,4,25,17.00,20.00,1.00,1.50,20.0,4016.00,4017.50,4016.00,4016.30,4,16,20,-12.00,-1.00,-15.00,0.80,0.0,6,15,0.2500,0.1765,29.00,-16.00,4024.73,-0.8984,DOWN,57.60,0.3472,1.4280
20260728 230715 200,4016.30,1,4016.20,4016.60,0.40,4016.20,2,4016.10,4,4015.60,2,4015.50,5,4015.40,5,4015.30,5,4015.20,6,4015.10,7,4015.00,10,4014.90,5,4016.60,1,4016.70,2,4017.20,1,4017.30,1,4017.40,2,4017.50,7,4017.60,5,4017.70,6,4017.80,6,4017.90,5,Sell,21,5,26,16.00,20.00,1.00,1.50,20.0,4016.00,4017.50,4016.00,4016.30,4,16,20,-12.00,-1.00,-15.00,0.80,0.0,6,15,0.2500,0.2500,28.00,-17.00,4024.73,-0.8984,DOWN,57.60,0.3472,1.4280
20260728 230715 200,4016.30,1,4016.20,4016.60,0.40,4016.20,2,4016.10,4,4015.60,2,4015.50,5,4015.40,5,4015.30,5,4015.20,6,4015.10,7,4015.00,10,4014.90,5,4016.60,1,4016.70,2,4017.20,1,4017.30,1,4017.40,2,4017.50,7,4017.60,5,4017.70,6,4017.80,6,4017.90,5,Sell,21,6,27,15.00,20.00,1.00,1.50,20.0,4016.00,4017.50,4016.00,4016.30,4,16,20,-12.00,-1.00,-15.00,0.80,0.0,6,15,0.2500,0.3333,27.00,-18.00,4024.73,-0.8984,DOWN,57.60,0.3472,1.4280
20260728 230727 024,4016.40,1,4016.40,4016.80,0.40,4016.40,1,4016.30,3,4015.80,1,4015.70,5,4015.60,7,4015.50,5,4015.40,5,4015.30,5,4015.20,6,4015.10,7,4016.80,2,4016.90,2,4017.40,3,4017.50,2,4017.60,7,4017.70,6,4017.80,6,4017.90,5,4018.00,8,4018.10,5,Sell,21,7,28,14.00,20.00,1.00,1.50,26.7,4016.00,4017.50,4016.00,4016.40,4,16,20,-12.00,-1.00,-15.00,0.80,0.0,6,15,0.2500,0.4286,26.00,-19.00,4024.74,-0.8952,DOWN,57.60,0.3472,1.4280
20260728 230735 472,4016.60,1,4016.30,4016.70,0.40,4016.30,1,4016.20,2,4015.80,1,4015.70,5,4015.60,5,4015.50,5,4015.40,5,4015.30,5,4015.20,6,4015.10,7,4016.70,4,4016.80,1,4017.40,2,4017.50,2,4017.60,6,4017.70,6,4017.80,6,4018.00,3,4018.20,5,4018.30,25,Buy,22,7,29,15.00,20.00,1.00,1.50,40.0,4016.00,4017.50,4016.00,4016.60,4,16,20,-12.00,-1.00,-15.00,0.80,0.0,6,15,0.2500,0.3333,27.00,-18.00,4024.75,-0.8889,DOWN,57.60,0.3472,1.4280
20260728 230735 472,4016.60,1,4016.30,4016.70,0.40,4016.30,1,4016.20,2,4015.80,1,4015.70,5,4015.60,5,4015.50,5,4015.40,5,4015.30,5,4015.20,6,4015.10,7,4016.70,4,4016.80,1,4017.40,2,4017.50,2,4017.60,6,4017.70,6,4017.80,6,4018.00,3,4018.20,5,4018.30,25,Buy,23,7,30,16.00,20.00,1.00,1.50,40.0,4016.00,4017.50,4016.00,4016.60,4,16,20,-12.00,-1.00,-15.00,0.80,0.0,6,15,0.2500,0.2500,28.00,-17.00,4024.75,-0.8889,DOWN,57.60,0.3472,1.4280
20260728 230749 402,4016.40,1,4016.10,4016.50,0.40,4016.10,4,4016.00,2,4015.70,2,4015.60,5,4015.50,5,4015.40,5,4015.30,5,4015.20,6,4015.10,6,4015.00,10,4016.50,3,4016.60,1,4016.90,1,4017.00,3,4017.30,6,4017.40,5,4017.50,6,4017.60,6,4017.70,6,4017.80,6,Buy,24,7,31,17.00,20.00,1.00,1.50,26.7,4016.00,4017.50,4016.00,4016.40,4,16,20,-12.00,-1.00,-15.00,0.80,0.0,6,15,0.2500,0.1765,29.00,-16.00,4024.74,-0.8952,DOWN,57.60,0.3472,1.4280
20260728 230749 402,4016.50,1,4016.10,4016.50,0.40,4016.10,4,4016.00,2,4015.70,2,4015.60,5,4015.50,5,4015.40,5,4015.30,5,4015.20,6,4015.10,6,4015.00,10,4016.50,3,4016.60,1,4016.90,1,4017.00,3,4017.30,6,4017.40,5,4017.50,6,4017.60,6,4017.70,6,4017.80,6,Buy,25,7,32,18.00,20.00,1.00,1.50,33.3,4016.00,4017.50,4016.00,4016.50,4,16,20,-12.00,-1.00,-15.00,0.80,0.0,6,15,0.2500,0.1111,30.00,-15.00,4024.74,-0.8920,DOWN,57.60,0.3472,1.4280
20260728 230749 424,4016.50,1,4016.10,4016.50,0.40,4016.10,4,4016.00,2,4015.70,2,4015.60,5,4015.50,5,4015.40,5,4015.30,5,4015.20,6,4015.10,6,4015.00,10,4016.50,1,4016.60,1,4016.90,2,4017.00,3,4017.30,6,4017.40,5,4017.50,6,4017.60,6,4017.70,6,4017.80,6,Buy,26,7,33,19.00,20.00,1.00,1.50,33.3,4016.00,4017.50,4016.00,4016.50,4,16,20,-12.00,-1.00,-15.00,0.80,0.0,6,15,0.2500,0.0526,31.00,-14.00,4024.74,-0.8920,DOWN,57.60,0.3472,1.4280
20260728 230749 424,4016.50,1,4016.10,4016.50,0.40,4016.10,4,4016.00,2,4015.70,2,4015.60,5,4015.50,5,4015.40,5,4015.30,5,4015.20,6,4015.10,6,4015.00,10,4016.50,1,4016.60,1,4016.90,2,4017.00,3,4017.30,6,4017.40,5,4017.50,6,4017.60,6,4017.70,6,4017.80,6,Buy,27,7,34,20.00,20.00,1.00,1.50,33.3,4016.00,4017.50,4016.00,4016.50,4,16,20,-12.00,-1.00,-15.00,0.80,0.0,6,15,0.2500,0.0000,32.00,-13.00,4024.74,-0.8920,DOWN,57.60,0.3472,1.4280
20260728 230749 424,4016.50,1,4016.10,4016.50,0.40,4016.10,4,4016.00,2,4015.70,2,4015.60,5,4015.50,5,4015.40,5,4015.30,5,4015.20,6,4015.10,6,4015.00,10,4016.50,1,4016.60,1,4016.90,2,4017.00,3,4017.30,6,4017.40,5,4017.50,6,4017.60,6,4017.70,6,4017.80,6,Buy,28,7,35,21.00,21.00,1.00,1.50,33.3,4016.00,4017.50,4016.00,4016.50,4,16,20,-12.00,-1.00,-15.00,0.80,0.0,6,15,0.2500,0.0000,33.00,-12.00,4024.74,-0.8920,DOWN,57.60,0.3472,1.4280
20260728 230749 444,4016.50,1,4016.10,4016.50,0.40,4016.10,4,4016.00,2,4015.70,2,4015.60,5,4015.50,5,4015.40,5,4015.30,5,4015.20,6,4015.10,6,4015.00,10,4016.50,1,4016.60,1,4016.90,2,4017.00,3,4017.30,6,4017.40,5,4017.50,6,4017.60,6,4017.70,6,4017.80,6,Buy,29,7,36,22.00,22.00,1.00,1.50,33.3,4016.00,4017.50,4016.00,4016.50,4,16,20,-12.00,-1.00,-15.00,0.80,0.0,6,15,0.2500,0.0000,34.00,-11.00,4024.74,-0.8920,DOWN,57.60,0.3472,1.4280
20260728 230758 641,4017.00,3,4016.80,4017.20,0.40,4016.80,4,4016.70,3,4016.10,1,4016.00,5,4015.90,5,4015.70,5,4015.60,5,4015.50,5,4015.40,5,4015.30,5,4017.20,2,4017.30,2,4017.70,2,4017.80,1,4018.00,5,4018.10,5,4018.20,5,4018.30,25,4018.40,5,4018.50,5,Buy,32,7,39,25.00,25.00,1.00,1.50,66.7,4016.00,4017.50,4016.00,4017.00,4,16,20,-12.00,-1.00,-15.00,0.80,0.0,6,15,0.2500,0.0000,37.00,-8.00,4024.79,-0.8762,DOWN,57.60,0.3472,1.4280
20260728 230759 831,4017.10,1,4017.10,4017.20,0.10,4016.90,1,4016.80,6,4016.70,2,4016.10,1,4015.90,5,4015.70,5,4015.60,5,4015.50,5,4015.40,5,4015.30,5,4017.20,2,4017.30,2,4017.70,1,4017.80,1,4018.00,5,4018.10,6,4018.20,5,4018.30,25,4018.40,5,4018.50,5,Sell,32,8,40,24.00,25.00,1.00,1.50,73.3,4016.00,4017.50,4016.00,4017.10,4,16,20,-12.00,-1.00,-15.00,0.80,0.0,6,15,0.2500,0.0417,36.00,-9.00,4024.80,-0.8730,DOWN,57.60,0.3472,1.4280
20260728 230759 831,4017.10,1,4017.10,4017.20,0.10,4016.90,1,4016.80,6,4016.70,2,4016.10,1,4015.90,5,4015.70,5,4015.60,5,4015.50,5,4015.40,5,4015.30,5,4017.20,2,4017.30,2,4017.70,1,4017.80,1,4018.00,5,4018.10,6,4018.20,5,4018.30,25,4018.40,5,4018.50,5,Sell,32,9,41,23.00,25.00,1.00,1.50,73.3,4016.00,4017.50,4016.00,4017.10,4,16,20,-12.00,-1.00,-15.00,0.80,0.0,6,15,0.2500,0.0870,35.00,-10.00,4024.80,-0.8730,DOWN,57.60,0.3472,1.4280
20260728 230800 846,4017.30,1,4017.00,4017.30,0.30,4017.00,3,4016.90,4,4016.20,1,4016.10,7,4016.00,5,4015.90,5,4015.70,5,4015.60,5,4015.50,5,4015.40,5,4017.40,2,4017.50,3,4017.80,1,4017.90,1,4018.00,1,4018.10,2,4018.30,25,4018.40,5,4018.50,5,4018.60,6,Buy,1,0,1,1.00,1.00,1.00,0.00,0.0,4017.30,4017.30,4017.30,4017.30,32,9,41,23.00,25.00,1.00,1.50,73.3,27,33,0.0870,0.0000,27.00,-24.00,4024.82,-0.8666,DOWN,54.20,0.7565,1.3403
20260728 230800 846,4017.30,1,4017.00,4017.30,0.30,4017.00,3,4016.90,4,4016.20,1,4016.10,7,4016.00,5,4015.90,5,4015.70,5,4015.60,5,4015.50,5,4015.40,5,4017.40,2,4017.50,3,4017.80,1,4017.90,1,4018.00,1,4018.10,2,4018.30,25,4018.40,5,4018.50,5,4018.60,6,Buy,2,0,2,2.00,2.00,1.00,0.00,0.0,4017.30,4017.30,4017.30,4017.30,32,9,41,23.00,25.00,1.00,1.50,73.3,27,33,0.0870,0.0000,28.00,-23.00,4024.82,-0.8666,DOWN,54.20,0.7565,1.3403
20260728 230801 481,4017.10,1,4017.00,4017.40,0.40,4017.00,3,4016.90,4,4016.10,1,4015.90,5,4015.70,5,4015.60,5,4015.50,5,4015.40,5,4015.30,5,4015.20,6,4017.40,2,4017.50,2,4018.00,3,4018.10,1,4018.20,8,4018.30,25,4018.40,5,4018.50,5,4018.60,6,4018.70,5,Sell,2,1,3,1.00,2.00,1.00,0.20,100.0,4017.30,4017.30,4017.10,4017.10,32,9,41,23.00,25.00,1.00,1.50,73.3,27,33,0.0870,1.0000,27.00,-24.00,4024.80,-0.8730,DOWN,54.20,0.7565,1.3403
20260728 230801 481,4017.10,1,4017.00,4017.40,0.40,4017.00,3,4016.90,4,4016.10,1,4015.90,5,4015.70,5,4015.60,5,4015.50,5,4015.40,5,4015.30,5,4015.20,6,4017.40,2,4017.50,2,4018.00,3,4018.10,1,4018.20,8,4018.30,25,4018.40,5,4018.50,5,4018.60,6,4018.70,5,Sell,2,2,4,0.00,2.00,0.00,0.20,100.0,4017.30,4017.30,4017.10,4017.10,32,9,41,23.00,25.00,1.00,1.50,73.3,27,33,0.0870,2.0000,26.00,-25.00,4024.80,-0.8730,DOWN,54.20,0.7565,1.3403
20260728 230802 968,4017.30,1,4017.20,4017.60,0.40,4017.20,4,4017.10,2,4016.40,6,4016.30,5,4016.10,1,4016.00,5,4015.90,5,4015.80,5,4015.70,5,4015.60,5,4017.60,2,4017.70,3,4018.10,3,4018.20,1,4018.30,20,4018.50,5,4018.60,6,4018.70,5,4018.80,5,4018.90,5,Sell,2,3,5,-1.00,2.00,-1.00,0.20,0.0,4017.30,4017.30,4017.10,4017.30,32,9,41,23.00,25.00,1.00,1.50,73.3,27,33,0.0870,0.0000,25.00,-26.00,4024.82,-0.8666,DOWN,54.20,0.7565,1.3403
20260728 230815 669,4017.70,1,4017.70,4018.00,0.30,4017.70,1,4017.60,1,4017.50,2,4016.60,5,4016.50,5,4016.40,5,4016.30,5,4016.20,5,4016.10,5,4016.00,5,4018.00,3,4018.10,3,4018.20,2,4018.30,20,4018.60,2,4018.70,5,4018.80,5,4018.90,5,4019.00,5,4019.10,5,Sell,2,4,6,-2.00,2.00,-2.00,0.60,66.7,4017.30,4017.70,4017.10,4017.70,32,9,41,23.00,25.00,1.00,1.50,73.3,27,33,0.0870,0.0000,24.00,-27.00,4024.86,-0.8539,DOWN,54.20,0.7565,1.3688
20260728 230820 074,4017.90,1,4017.60,4017.90,0.30,4017.60,2,4017.50,2,4016.80,2,4016.70,5,4016.60,5,4016.50,6,4016.40,5,4016.30,5,4016.20,5,4016.10,5,4017.90,1,4018.00,3,4018.30,20,4018.60,1,4018.70,6,4018.80,5,4018.90,5,4019.00,5,4019.10,5,4019.20,5,Buy,3,4,7,-1.00,2.00,-2.00,0.80,75.0,4017.30,4017.90,4017.10,4017.90,32,9,41,23.00,25.00,1.00,1.50,73.3,27,33,0.0870,1.0000,25.00,-26.00,4024.88,-0.8476,DOWN,54.20,0.7565,1.3831
20260728 230820 074,4017.90,1,4017.60,4017.90,0.30,4017.60,2,4017.50,2,4016.80,2,4016.70,5,4016.60,5,4016.50,6,4016.40,5,4016.30,5,4016.20,5,4016.10,5,4017.90,1,4018.00,3,4018.30,20,4018.60,1,4018.70,6,4018.80,5,4018.90,5,4019.00,5,4019.10,5,4019.20,5,Buy,4,4,8,0.00,2.00,-2.00,0.80,75.0,4017.30,4017.90,4017.10,4017.90,32,9,41,23.00,25.00,1.00,1.50,73.3,27,33,0.0870,2.0000,26.00,-25.00,4024.88,-0.8476,DOWN,54.20,0.7565,1.3831
20260728 230820 074,4017.90,1,4017.60,4017.90,0.30,4017.60,2,4017.50,2,4016.80,2,4016.70,5,4016.60,5,4016.50,6,4016.40,5,4016.30,5,4016.20,5,4016.10,5,4017.90,1,4018.00,3,4018.30,20,4018.60,1,4018.70,6,4018.80,5,4018.90,5,4019.00,5,4019.10,5,4019.20,5,Buy,5,4,9,1.00,2.00,-2.00,0.80,75.0,4017.30,4017.90,4017.10,4017.90,32,9,41,23.00,25.00,1.00,1.50,73.3,27,33,0.0870,1.0000,27.00,-24.00,4024.88,-0.8476,DOWN,54.20,0.7565,1.3831
20260728 230820 074,4018.00,1,4017.60,4017.90,0.30,4017.60,2,4017.50,2,4016.80,2,4016.70,5,4016.60,5,4016.50,6,4016.40,5,4016.30,5,4016.20,5,4016.10,5,4017.90,1,4018.00,3,4018.30,20,4018.60,1,4018.70,6,4018.80,5,4018.90,5,4019.00,5,4019.10,5,4019.20,5,Buy,6,4,10,2.00,2.00,-2.00,0.90,77.8,4017.30,4018.00,4017.10,4018.00,32,9,41,23.00,25.00,1.00,1.50,73.3,27,33,0.0870,0.0000,28.00,-23.00,4024.89,-0.8444,DOWN,54.20,0.7565,1.3903
20260728 230820 074,4018.00,1,4017.60,4017.90,0.30,4017.60,2,4017.50,2,4016.80,2,4016.70,5,4016.60,5,4016.50,6,4016.40,5,4016.30,5,4016.20,5,4016.10,5,4017.90,1,4018.00,3,4018.30,20,4018.60,1,4018.70,6,4018.80,5,4018.90,5,4019.00,5,4019.10,5,4019.20,5,Buy,7,4,11,3.00,3.00,-2.00,0.90,77.8,4017.30,4018.00,4017.10,4018.00,32,9,41,23.00,25.00,1.00,1.50,73.3,27,33,0.0870,0.0000,29.00,-22.00,4024.89,-0.8444,DOWN,54.20,0.7565,1.3903
20260728 230820 074,4018.00,1,4017.60,4017.90,0.30,4017.60,2,4017.50,2,4016.80,2,4016.70,5,4016.60,5,4016.50,6,4016.40,5,4016.30,5,4016.20,5,4016.10,5,4017.90,1,4018.00,3,4018.30,20,4018.60,1,4018.70,6,4018.80,5,4018.90,5,4019.00,5,4019.10,5,4019.20,5,Buy,8,4,12,4.00,4.00,-2.00,0.90,77.8,4017.30,4018.00,4017.10,4018.00,32,9,41,23.00,25.00,1.00,1.50,73.3,27,33,0.0870,0.0000,30.00,-21.00,4024.89,-0.8444,DOWN,54.20,0.7565,1.3903
20260728 230820 074,4018.10,1,4017.60,4017.90,0.30,4017.60,2,4017.50,2,4016.80,2,4016.70,5,4016.60,5,4016.50,6,4016.40,5,4016.30,5,4016.20,5,4016.10,5,4017.90,1,4018.00,3,4018.30,20,4018.60,1,4018.70,6,4018.80,5,4018.90,5,4019.00,5,4019.10,5,4019.20,5,Buy,9,4,13,5.00,5.00,-2.00,1.00,80.0,4017.30,4018.10,4017.10,4018.10,32,9,41,23.00,25.00,1.00,1.50,73.3,27,33,0.0870,0.0000,31.00,-20.00,4024.90,-0.8413,DOWN,54.20,0.7565,1.3974
20260728 230820 074,4018.10,1,4017.60,4017.90,0.30,4017.60,2,4017.50,2,4016.80,2,4016.70,5,4016.60,5,4016.50,6,4016.40,5,4016.30,5,4016.20,5,4016.10,5,4017.90,1,4018.00,3,4018.30,20,4018.60,1,4018.70,6,4018.80,5,4018.90,5,4019.00,5,4019.10,5,4019.20,5,Buy,10,4,14,6.00,6.00,-2.00,1.00,80.0,4017.30,4018.10,4017.10,4018.10,32,9,41,23.00,25.00,1.00,1.50,73.3,27,33,0.0870,0.0000,32.00,-19.00,4024.90,-0.8413,DOWN,54.20,0.7565,1.3974
20260728 230820 077,4018.10,1,4017.60,4017.90,0.30,4017.60,2,4017.50,2,4016.80,2,4016.70,5,4016.60,5,4016.50,6,4016.40,5,4016.30,5,4016.20,5,4016.10,5,4017.90,1,4018.00,3,4018.30,20,4018.60,1,4018.70,6,4018.80,5,4018.90,5,4019.00,5,4019.10,5,4019.20,5,Sell,10,5,15,5.00,6.00,-2.00,1.00,80.0,4017.30,4018.10,4017.10,4018.10,32,9,41,23.00,25.00,1.00,1.50,73.3,27,33,0.0870,0.2000,31.00,-20.00,4024.90,-0.8413,DOWN,54.20,0.7565,1.3974
20260728 230820 077,4018.10,6,4017.60,4017.90,0.30,4017.60,2,4017.50,2,4016.80,2,4016.70,5,4016.60,5,4016.50,6,4016.40,5,4016.30,5,4016.20,5,4016.10,5,4017.90,1,4018.00,3,4018.30,20,4018.60,1,4018.70,6,4018.80,5,4018.90,5,4019.00,5,4019.10,5,4019.20,5,Sell,10,11,21,-1.00,6.00,-2.00,1.00,80.0,4017.30,4018.10,4017.10,4018.10,32,9,41,23.00,25.00,1.00,1.50,73.3,27,33,0.0870,1.0000,25.00,-26.00,4024.90,-0.8413,DOWN,54.20,0.7565,1.3974
20260728 230820 078,4017.70,1,4017.60,4017.90,0.30,4017.60,2,4017.50,2,4016.80,2,4016.70,5,4016.60,5,4016.50,6,4016.40,5,4016.30,5,4016.20,5,4016.10,5,4017.90,1,4018.00,3,4018.30,20,4018.60,1,4018.70,6,4018.80,5,4018.90,5,4019.00,5,4019.10,5,4019.20,5,Sell,10,12,22,-2.00,6.00,-2.00,1.00,40.0,4017.30,4018.10,4017.10,4017.70,32,9,41,23.00,25.00,1.00,1.50,73.3,27,33,0.0870,0.0000,24.00,-27.00,4024.86,-0.8539,DOWN,54.20,0.7565,1.3974
20260728 230820 078,4017.70,1,4017.60,4017.90,0.30,4017.60,2,4017.50,2,4016.80,2,4016.70,5,4016.60,5,4016.50,6,4016.40,5,4016.30,5,4016.20,5,4016.10,5,4017.90,1,4018.00,3,4018.30,20,4018.60,1,4018.70,6,4018.80,5,4018.90,5,4019.00,5,4019.10,5,4019.20,5,Sell,10,13,23,-3.00,6.00,-3.00,1.00,40.0,4017.30,4018.10,4017.10,4017.70,32,9,41,23.00,25.00,1.00,1.50,73.3,27,33,0.0870,0.0000,23.00,-28.00,4024.86,-0.8539,DOWN,54.20,0.7565,1.3974
20260728 230827 019,4018.10,1,4017.80,4018.10,0.30,4017.80,4,4017.70,3,4016.80,5,4016.70,5,4016.60,5,4016.50,6,4016.40,5,4016.30,5,4016.20,5,4016.10,5,4018.20,2,4018.30,25,4018.60,1,4018.70,5,4018.80,5,4018.90,5,4019.00,5,4019.10,5,4019.20,5,4019.30,5,Buy,11,13,24,-2.00,6.00,-3.00,1.00,80.0,4017.30,4018.10,4017.10,4018.10,32,9,41,23.00,25.00,1.00,1.50,73.3,27,33,0.0870,0.5000,24.00,-27.00,4024.90,-0.8413,DOWN,54.20,0.7565,1.3974
20260728 230827 019,4018.10,1,4017.80,4018.10,0.30,4017.80,4,4017.70,3,4016.80,5,4016.70,5,4016.60,5,4016.50,6,4016.40,5,4016.30,5,4016.20,5,4016.10,5,4018.20,2,4018.30,25,4018.60,1,4018.70,5,4018.80,5,4018.90,5,4019.00,5,4019.10,5,4019.20,5,4019.30,5,Buy,12,13,25,-1.00,6.00,-3.00,1.00,80.0,4017.30,4018.10,4017.10,4018.10,32,9,41,23.00,25.00,1.00,1.50,73.3,27,33,0.0870,2.0000,25.00,-26.00,4024.90,-0.8413,DOWN,54.20,0.7565,1.3974
20260728 230828 513,4017.90,1,4017.80,4018.20,0.40,4017.80,4,4017.70,2,4017.00,1,4016.90,5,4016.80,5,4016.70,5,4016.60,5,4016.50,6,4016.40,5,4016.30,5,4018.20,2,4018.30,24,4018.60,1,4018.70,5,4018.80,5,4018.90,5,4019.00,5,4019.10,5,4019.20,5,4019.30,5,Sell,12,14,26,-2.00,6.00,-3.00,1.00,60.0,4017.30,4018.10,4017.10,4017.90,32,9,41,23.00,25.00,1.00,1.50,73.3,27,33,0.0870,0.5000,24.00,-27.00,4024.88,-0.8476,DOWN,54.20,0.7565,1.3974
20260728 230828 513,4017.80,1,4017.80,4018.20,0.40,4017.80,4,4017.70,2,4017.00,1,4016.90,5,4016.80,5,4016.70,5,4016.60,5,4016.50,6,4016.40,5,4016.30,5,4018.20,2,4018.30,24,4018.60,1,4018.70,5,4018.80,5,4018.90,5,4019.00,5,4019.10,5,4019.20,5,4019.30,5,Sell,12,15,27,-3.00,6.00,-3.00,1.00,50.0,4017.30,4018.10,4017.10,4017.80,32,9,41,23.00,25.00,1.00,1.50,73.3,27,33,0.0870,0.0000,23.00,-28.00,4024.87,-0.8508,DOWN,54.20,0.7565,1.3974
20260728 230828 757,4018.20,1,4017.90,4018.30,0.40,4017.90,2,4017.80,5,4017.00,7,4016.90,5,4016.80,5,4016.70,5,4016.60,5,4016.50,6,4016.40,5,4016.30,5,4018.30,22,4018.40,5,4018.60,1,4018.70,5,4018.80,5,4018.90,5,4019.00,5,4019.10,5,4019.20,5,4019.30,5,Buy,13,15,28,-2.00,6.00,-3.00,1.10,81.8,4017.30,4018.20,4017.10,4018.20,32,9,41,23.00,25.00,1.00,1.50,73.3,27,33,0.0870,0.5000,24.00,-27.00,4024.91,-0.8381,DOWN,54.20,0.7565,1.4046
20260728 230828 757,4018.20,1,4017.90,4018.30,0.40,4017.90,2,4017.80,5,4017.00,7,4016.90,5,4016.80,5,4016.70,5,4016.60,5,4016.50,6,4016.40,5,4016.30,5,4018.30,22,4018.40,5,4018.60,1,4018.70,5,4018.80,5,4018.90,5,4019.00,5,4019.10,5,4019.20,5,4019.30,5,Buy,14,15,29,-1.00,6.00,-3.00,1.10,81.8,4017.30,4018.20,4017.10,4018.20,32,9,41,23.00,25.00,1.00,1.50,73.3,27,33,0.0870,2.0000,25.00,-26.00,4024.91,-0.8381,DOWN,54.20,0.7565,1.4046
20260728 230829 408,4018.00,1,4017.70,4018.00,0.30,4017.70,1,4017.60,2,4017.10,1,4017.00,2,4016.90,5,4016.80,5,4016.70,5,4016.60,5,4016.50,6,4016.40,5,4018.00,2,4018.10,2,4018.30,20,4018.60,2,4018.70,5,4018.80,5,4018.90,5,4019.00,5,4019.10,5,4019.20,5,Sell,14,16,30,-2.00,6.00,-3.00,1.10,63.6,4017.30,4018.20,4017.10,4018.00,32,9,41,23.00,25.00,1.00,1.50,73.3,27,33,0.0870,0.5000,24.00,-27.00,4024.89,-0.8444,DOWN,54.20,0.7565,1.4046
20260728 230829 408,4018.00,1,4017.70,4018.00,0.30,4017.70,1,4017.60,2,4017.10,1,4017.00,2,4016.90,5,4016.80,5,4016.70,5,4016.60,5,4016.50,6,4016.40,5,4018.00,2,4018.10,2,4018.30,20,4018.60,2,4018.70,5,4018.80,5,4018.90,5,4019.00,5,4019.10,5,4019.20,5,Sell,14,17,31,-3.00,6.00,-3.00,1.10,63.6,4017.30,4018.20,4017.10,4018.00,32,9,41,23.00,25.00,1.00,1.50,73.3,27,33,0.0870,0.0000,23.00,-28.00,4024.89,-0.8444,DOWN,54.20,0.7565,1.4046
20260728 230829 409,4017.90,1,4017.70,4018.00,0.30,4017.70,1,4017.60,2,4017.10,1,4017.00,2,4016.90,5,4016.80,5,4016.70,5,4016.60,5,4016.50,6,4016.40,5,4018.00,2,4018.10,2,4018.30,20,4018.60,2,4018.70,5,4018.80,5,4018.90,5,4019.00,5,4019.10,5,4019.20,5,Sell,14,18,32,-4.00,6.00,-4.00,1.10,54.5,4017.30,4018.20,4017.10,4017.90,32,9,41,23.00,25.00,1.00,1.50,73.3,27,33,0.0870,0.0000,22.00,-29.00,4024.88,-0.8476,DOWN,54.20,0.7565,1.4046
20260728 230830 518,4017.70,1,4017.70,4018.10,0.40,4017.70,3,4017.60,2,4017.20,2,4017.10,1,4016.90,5,4016.80,5,4016.70,5,4016.60,5,4016.50,6,4016.40,5,4018.10,2,4018.20,3,4018.30,20,4018.60,1,4018.70,6,4018.80,5,4018.90,5,4019.00,5,4019.10,5,4019.20,5,Sell,14,19,33,-5.00,6.00,-5.00,1.10,36.4,4017.30,4018.20,4017.10,4017.70,32,9,41,23.00,25.00,1.00,1.50,73.3,27,33,0.0870,0.0000,21.00,-30.00,4024.86,-0.8539,DOWN,54.20,0.7565,1.4046
20260728 230834 665,4018.10,1,4017.70,4018.10,0.40,4017.70,4,4017.60,3,4017.10,1,4016.90,5,4016.80,5,4016.70,5,4016.60,5,4016.50,5,4016.40,5,4016.30,5,4018.10,1,4018.20,4,4018.30,20,4018.60,2,4018.70,5,4018.80,5,4018.90,5,4019.00,5,4019.10,5,4019.20,5,Buy,15,19,34,-4.00,6.00,-5.00,1.10,72.7,4017.30,4018.20,4017.10,4018.10,32,9,41,23.00,25.00,1.00,1.50,73.3,27,33,0.0870,0.2500,22.00,-29.00,4024.90,-0.8413,DOWN,54.20,0.7565,1.4046
20260728 230842 062,4018.10,1,4017.80,4018.10,0.30,4017.80,1,4017.70,2,4017.60,3,4017.10,1,4016.90,5,4016.80,5,4016.70,5,4016.60,5,4016.50,5,4016.40,5,4018.10,2,4018.20,5,4018.30,20,4018.60,1,4018.70,6,4018.80,5,4018.90,5,4019.00,5,4019.10,5,4019.20,5,Buy,16,19,35,-3.00,6.00,-5.00,1.10,72.7,4017.30,4018.20,4017.10,4018.10,32,9,41,23.00,25.00,1.00,1.50,73.3,27,33,0.0870,0.6667,23.00,-28.00,4024.90,-0.8413,DOWN,54.20,0.7565,1.4046
20260728 230843 754,4018.10,1,4017.80,4018.10,0.30,4017.80,1,4017.70,3,4017.60,3,4017.10,1,4016.90,5,4016.80,5,4016.70,5,4016.60,5,4016.50,5,4016.40,5,4018.10,2,4018.20,4,4018.30,20,4018.60,1,4018.70,1,4018.80,5,4018.90,5,4019.00,5,4019.10,5,4019.20,5,Buy,17,19,36,-2.00,6.00,-5.00,1.10,72.7,4017.30,4018.20,4017.10,4018.10,32,9,41,23.00,25.00,1.00,1.50,73.3,27,33,0.0870,1.5000,24.00,-27.00,4024.90,-0.8413,DOWN,54.20,0.7565,1.4046
20260728 230853 998,4018.20,1,4018.00,4018.30,0.30,4018.00,1,4017.90,3,4017.80,3,4017.70,1,4017.60,1,4017.10,2,4017.00,5,4016.90,5,4016.80,5,4016.70,5,4018.30,21,4018.40,5,4018.60,1,4018.80,6,4018.90,5,4019.10,5,4019.20,5,4019.30,5,4019.40,5,4019.50,5,Buy,18,19,37,-1.00,6.00,-5.00,1.10,81.8,4017.30,4018.20,4017.10,4018.20,32,9,41,23.00,25.00,1.00,1.50,73.3,27,33,0.0870,4.0000,25.00,-26.00,4024.91,-0.8381,DOWN,54.20,0.7565,1.4046
20260728 230853 998,4018.30,1,4018.00,4018.30,0.30,4018.00,1,4017.90,3,4017.80,3,4017.70,1,4017.60,1,4017.10,2,4017.00,5,4016.90,5,4016.80,5,4016.70,5,4018.30,21,4018.40,5,4018.60,1,4018.80,6,4018.90,5,4019.10,5,4019.20,5,4019.30,5,4019.40,5,4019.50,5,Buy,19,19,38,0.00,6.00,-5.00,1.20,83.3,4017.30,4018.30,4017.10,4018.30,32,9,41,23.00,25.00,1.00,1.50,73.3,27,33,0.0870,6.0000,26.00,-25.00,4024.92,-0.8349,DOWN,54.20,0.7565,1.4117
20260728 230855 025,4018.10,1,4018.10,4018.30,0.20,4018.10,1,4018.00,2,4017.90,3,4017.70,1,4017.60,1,4017.10,2,4017.00,5,4016.90,5,4016.80,5,4016.70,5,4018.30,19,4018.40,3,4018.50,4,4018.60,1,4019.00,1,4019.10,5,4019.20,5,4019.30,5,4019.40,5,4019.50,5,Buy,20,19,39,1.00,6.00,-5.00,1.20,66.7,4017.30,4018.30,4017.10,4018.10,32,9,41,23.00,25.00,1.00,1.50,73.3,27,33,0.0870,5.0000,27.00,-24.00,4024.90,-0.8413,DOWN,54.20,0.7565,1.4117
20260728 230858 152,4018.30,10,4017.80,4018.20,0.40,4017.80,4,4017.70,4,4017.60,1,4017.10,7,4017.00,5,4016.90,5,4016.80,5,4016.70,5,4016.60,5,4016.50,5,4018.20,2,4018.30,2,4018.40,1,4018.50,1,4018.60,2,4019.20,5,4019.30,5,4019.40,5,4019.50,5,4019.60,6,Buy,30,19,49,11.00,11.00,-5.00,1.20,83.3,4017.30,4018.30,4017.10,4018.30,32,9,41,23.00,25.00,1.00,1.50,73.3,27,33,0.0870,0.0000,37.00,-14.00,4024.92,-0.8349,DOWN,54.20,0.7565,1.4117
20260728 230858 152,4018.30,9,4017.80,4018.20,0.40,4017.80,4,4017.70,4,4017.60,1,4017.10,7,4017.00,5,4016.90,5,4016.80,5,4016.70,5,4016.60,5,4016.50,5,4018.20,2,4018.30,2,4018.40,1,4018.50,1,4018.60,2,4019.20,5,4019.30,5,4019.40,5,4019.50,5,4019.60,6,Buy,39,19,58,20.00,20.00,-5.00,1.20,83.3,4017.30,4018.30,4017.10,4018.30,32,9,41,23.00,25.00,1.00,1.50,73.3,27,33,0.0870,0.0000,46.00,-5.00,4024.92,-0.8349,DOWN,54.20,0.7565,1.4117
20260728 230858 169,4018.10,1,4017.80,4018.20,0.40,4017.80,4,4017.70,4,4017.60,1,4017.10,7,4017.00,5,4016.90,5,4016.80,5,4016.70,5,4016.60,5,4016.50,5,4018.20,2,4018.30,2,4018.40,1,4018.50,1,4018.60,2,4019.20,5,4019.30,5,4019.40,5,4019.50,5,4019.60,6,Sell,39,20,59,19.00,20.00,-5.00,1.20,66.7,4017.30,4018.30,4017.10,4018.10,32,9,41,23.00,25.00,1.00,1.50,73.3,27,33,0.0870,0.0526,45.00,-6.00,4024.90,-0.8413,DOWN,54.20,0.7565,1.4117
20260728 230858 169,4018.10,1,4017.80,4018.20,0.40,4017.80,4,4017.70,4,4017.60,1,4017.10,7,4017.00,5,4016.90,5,4016.80,5,4016.70,5,4016.60,5,4016.50,5,4018.20,2,4018.30,2,4018.40,1,4018.50,1,4018.60,2,4019.20,5,4019.30,5,4019.40,5,4019.50,5,4019.60,6,Sell,39,21,60,18.00,20.00,-5.00,1.20,66.7,4017.30,4018.30,4017.10,4018.10,32,9,41,23.00,25.00,1.00,1.50,73.3,27,33,0.0870,0.1111,44.00,-7.00,4024.90,-0.8413,DOWN,54.20,0.7565,1.4117
20260728 230858 169,4018.10,1,4017.80,4018.20,0.40,4017.80,4,4017.70,4,4017.60,1,4017.10,7,4017.00,5,4016.90,5,4016.80,5,4016.70,5,4016.60,5,4016.50,5,4018.20,2,4018.30,2,4018.40,1,4018.50,1,4018.60,2,4019.20,5,4019.30,5,4019.40,5,4019.50,5,4019.60,6,Sell,39,22,61,17.00,20.00,-5.00,1.20,66.7,4017.30,4018.30,4017.10,4018.10,32,9,41,23.00,25.00,1.00,1.50,73.3,27,33,0.0870,0.1765,43.00,-8.00,4024.90,-0.8413,DOWN,54.20,0.7565,1.4117
20260728 230858 169,4018.10,1,4017.80,4018.20,0.40,4017.80,4,4017.70,4,4017.60,1,4017.10,7,4017.00,5,4016.90,5,4016.80,5,4016.70,5,4016.60,5,4016.50,5,4018.20,2,4018.30,2,4018.40,1,4018.50,1,4018.60,2,4019.20,5,4019.30,5,4019.40,5,4019.50,5,4019.60,6,Sell,39,23,62,16.00,20.00,-5.00,1.20,66.7,4017.30,4018.30,4017.10,4018.10,32,9,41,23.00,25.00,1.00,1.50,73.3,27,33,0.0870,0.2500,42.00,-9.00,4024.90,-0.8413,DOWN,54.20,0.7565,1.4117
20260728 230900 569,4018.40,1,4018.10,4018.40,0.30,4018.10,2,4018.00,2,4017.80,3,4017.70,2,4017.60,1,4017.10,7,4017.00,5,4016.90,5,4016.80,5,4016.70,5,4018.50,5,4018.60,6,4019.20,5,4019.30,5,4019.40,5,4019.50,5,4019.60,7,4019.70,5,4019.80,6,4019.90,5,Buy,1,0,1,1.00,1.00,1.00,0.00,0.0,4018.40,4018.40,4018.40,4018.40,39,23,62,16.00,20.00,-5.00,1.20,66.7,63,36,0.2500,0.0000,24.00,-4.00,4024.93,-0.8317,DOWN,53.10,1.1676,1.3323
20260728 230901 668,4018.50,1,4018.30,4018.70,0.40,4018.30,3,4018.20,4,4017.80,3,4017.70,4,4017.60,2,4017.50,5,4017.40,5,4017.30,5,4017.20,5,4017.10,7,4018.70,2,4018.80,5,4019.00,1,4019.10,1,4019.30,1,4019.40,5,4019.50,5,4019.60,6,4019.70,6,4019.80,5,Buy,2,0,2,2.00,2.00,1.00,0.10,100.0,4018.40,4018.50,4018.40,4018.50,39,23,62,16.00,20.00,-5.00,1.20,66.7,63,36,0.2500,0.0000,25.00,-3.00,4024.94,-0.8286,DOWN,53.10,1.1676,1.3394
20260728 230901 668,4018.50,1,4018.30,4018.70,0.40,4018.30,3,4018.20,4,4017.80,3,4017.70,4,4017.60,2,4017.50,5,4017.40,5,4017.30,5,4017.20,5,4017.10,7,4018.70,2,4018.80,5,4019.00,1,4019.10,1,4019.30,1,4019.40,5,4019.50,5,4019.60,6,4019.70,6,4019.80,5,Buy,3,0,3,3.00,3.00,1.00,0.10,100.0,4018.40,4018.50,4018.40,4018.50,39,23,62,16.00,20.00,-5.00,1.20,66.7,63,36,0.2500,0.0000,26.00,-2.00,4024.94,-0.8286,DOWN,53.10,1.1676,1.3394
20260728 230901 668,4018.50,1,4018.30,4018.70,0.40,4018.30,3,4018.20,4,4017.80,3,4017.70,4,4017.60,2,4017.50,5,4017.40,5,4017.30,5,4017.20,5,4017.10,7,4018.70,2,4018.80,5,4019.00,1,4019.10,1,4019.30,1,4019.40,5,4019.50,5,4019.60,6,4019.70,6,4019.80,5,Buy,4,0,4,4.00,4.00,1.00,0.10,100.0,4018.40,4018.50,4018.40,4018.50,39,23,62,16.00,20.00,-5.00,1.20,66.7,63,36,0.2500,0.0000,27.00,-1.00,4024.94,-0.8286,DOWN,53.10,1.1676,1.3394
20260728 230901 668,4018.50,1,4018.30,4018.70,0.40,4018.30,3,4018.20,4,4017.80,3,4017.70,4,4017.60,2,4017.50,5,4017.40,5,4017.30,5,4017.20,5,4017.10,7,4018.70,2,4018.80,5,4019.00,1,4019.10,1,4019.30,1,4019.40,5,4019.50,5,4019.60,6,4019.70,6,4019.80,5,Buy,5,0,5,5.00,5.00,1.00,0.10,100.0,4018.40,4018.50,4018.40,4018.50,39,23,62,16.00,20.00,-5.00,1.20,66.7,63,36,0.2500,0.0000,28.00,0.00,4024.94,-0.8286,DOWN,53.10,1.1676,1.3394
20260728 230901 668,4018.50,1,4018.30,4018.70,0.40,4018.30,3,4018.20,4,4017.80,3,4017.70,4,4017.60,2,4017.50,5,4017.40,5,4017.30,5,4017.20,5,4017.10,7,4018.70,2,4018.80,5,4019.00,1,4019.10,1,4019.30,1,4019.40,5,4019.50,5,4019.60,6,4019.70,6,4019.80,5,Buy,6,0,6,6.00,6.00,1.00,0.10,100.0,4018.40,4018.50,4018.40,4018.50,39,23,62,16.00,20.00,-5.00,1.20,66.7,63,36,0.2500,0.0000,29.00,1.00,4024.94,-0.8286,DOWN,53.10,1.1676,1.3394
20260728 230901 668,4018.60,1,4018.30,4018.70,0.40,4018.30,3,4018.20,4,4017.80,3,4017.70,4,4017.60,2,4017.50,5,4017.40,5,4017.30,5,4017.20,5,4017.10,7,4018.70,2,4018.80,5,4019.00,1,4019.10,1,4019.30,1,4019.40,5,4019.50,5,4019.60,6,4019.70,6,4019.80,5,Buy,7,0,7,7.00,7.00,1.00,0.20,100.0,4018.40,4018.60,4018.40,4018.60,39,23,62,16.00,20.00,-5.00,1.20,66.7,63,36,0.2500,0.0000,30.00,2.00,4024.94,-0.8254,DOWN,53.10,1.1676,1.3466
20260728 230901 668,4018.60,1,4018.30,4018.70,0.40,4018.30,3,4018.20,4,4017.80,3,4017.70,4,4017.60,2,4017.50,5,4017.40,5,4017.30,5,4017.20,5,4017.10,7,4018.70,2,4018.80,5,4019.00,1,4019.10,1,4019.30,1,4019.40,5,4019.50,5,4019.60,6,4019.70,6,4019.80,5,Buy,8,0,8,8.00,8.00,1.00,0.20,100.0,4018.40,4018.60,4018.40,4018.60,39,23,62,16.00,20.00,-5.00,1.20,66.7,63,36,0.2500,0.0000,31.00,3.00,4024.94,-0.8254,DOWN,53.10,1.1676,1.3466
20260728 230901 668,4018.60,1,4018.30,4018.70,0.40,4018.30,3,4018.20,4,4017.80,3,4017.70,4,4017.60,2,4017.50,5,4017.40,5,4017.30,5,4017.20,5,4017.10,7,4018.70,2,4018.80,5,4019.00,1,4019.10,1,4019.30,1,4019.40,5,4019.50,5,4019.60,6,4019.70,6,4019.80,5,Buy,9,0,9,9.00,9.00,1.00,0.20,100.0,4018.40,4018.60,4018.40,4018.60,39,23,62,16.00,20.00,-5.00,1.20,66.7,63,36,0.2500,0.0000,32.00,4.00,4024.94,-0.8254,DOWN,53.10,1.1676,1.3466
20260728 230901 668,4018.60,1,4018.30,4018.70,0.40,4018.30,3,4018.20,4,4017.80,3,4017.70,4,4017.60,2,4017.50,5,4017.40,5,4017.30,5,4017.20,5,4017.10,7,4018.70,2,4018.80,5,4019.00,1,4019.10,1,4019.30,1,4019.40,5,4019.50,5,4019.60,6,4019.70,6,4019.80,5,Buy,10,0,10,10.00,10.00,1.00,0.20,100.0,4018.40,4018.60,4018.40,4018.60,39,23,62,16.00,20.00,-5.00,1.20,66.7,63,36,0.2500,0.0000,33.00,5.00,4024.94,-0.8254,DOWN,53.10,1.1676,1.3466
20260728 230901 668,4018.60,2,4018.30,4018.70,0.40,4018.30,3,4018.20,4,4017.80,3,4017.70,4,4017.60,2,4017.50,5,4017.40,5,4017.30,5,4017.20,5,4017.10,7,4018.70,2,4018.80,5,4019.00,1,4019.10,1,4019.30,1,4019.40,5,4019.50,5,4019.60,6,4019.70,6,4019.80,5,Buy,12,0,12,12.00,12.00,1.00,0.20,100.0,4018.40,4018.60,4018.40,4018.60,39,23,62,16.00,20.00,-5.00,1.20,66.7,63,36,0.2500,0.0000,35.00,7.00,4024.94,-0.8254,DOWN,53.10,1.1676,1.3466
20260728 230901 668,4018.70,1,4018.30,4018.70,0.40,4018.30,3,4018.20,4,4017.80,3,4017.70,4,4017.60,2,4017.50,5,4017.40,5,4017.30,5,4017.20,5,4017.10,7,4018.70,2,4018.80,5,4019.00,1,4019.10,1,4019.30,1,4019.40,5,4019.50,5,4019.60,6,4019.70,6,4019.80,5,Buy,13,0,13,13.00,13.00,1.00,0.30,100.0,4018.40,4018.70,4018.40,4018.70,39,23,62,16.00,20.00,-5.00,1.20,66.7,63,36,0.2500,0.0000,36.00,8.00,4024.95,-0.8222,DOWN,53.10,1.1676,1.3537
20260728 230901 668,4018.70,1,4018.30,4018.70,0.40,4018.30,3,4018.20,4,4017.80,3,4017.70,4,4017.60,2,4017.50,5,4017.40,5,4017.30,5,4017.20,5,4017.10,7,4018.70,2,4018.80,5,4019.00,1,4019.10,1,4019.30,1,4019.40,5,4019.50,5,4019.60,6,4019.70,6,4019.80,5,Buy,14,0,14,14.00,14.00,1.00,0.30,100.0,4018.40,4018.70,4018.40,4018.70,39,23,62,16.00,20.00,-5.00,1.20,66.7,63,36,0.2500,0.0000,37.00,9.00,4024.95,-0.8222,DOWN,53.10,1.1676,1.3537
20260728 230901 668,4018.70,1,4018.30,4018.70,0.40,4018.30,3,4018.20,4,4017.80,3,4017.70,4,4017.60,2,4017.50,5,4017.40,5,4017.30,5,4017.20,5,4017.10,7,4018.70,2,4018.80,5,4019.00,1,4019.10,1,4019.30,1,4019.40,5,4019.50,5,4019.60,6,4019.70,6,4019.80,5,Buy,15,0,15,15.00,15.00,1.00,0.30,100.0,4018.40,4018.70,4018.40,4018.70,39,23,62,16.00,20.00,-5.00,1.20,66.7,63,36,0.2500,0.0000,38.00,10.00,4024.95,-0.8222,DOWN,53.10,1.1676,1.3537
20260728 230901 668,4018.70,1,4018.30,4018.70,0.40,4018.30,3,4018.20,4,4017.80,3,4017.70,4,4017.60,2,4017.50,5,4017.40,5,4017.30,5,4017.20,5,4017.10,7,4018.70,2,4018.80,5,4019.00,1,4019.10,1,4019.30,1,4019.40,5,4019.50,5,4019.60,6,4019.70,6,4019.80,5,Buy,16,0,16,16.00,16.00,1.00,0.30,100.0,4018.40,4018.70,4018.40,4018.70,39,23,62,16.00,20.00,-5.00,1.20,66.7,63,36,0.2500,0.0000,39.00,11.00,4024.95,-0.8222,DOWN,53.10,1.1676,1.3537
20260728 230901 668,4018.70,1,4018.30,4018.70,0.40,4018.30,3,4018.20,4,4017.80,3,4017.70,4,4017.60,2,4017.50,5,4017.40,5,4017.30,5,4017.20,5,4017.10,7,4018.70,2,4018.80,5,4019.00,1,4019.10,1,4019.30,1,4019.40,5,4019.50,5,4019.60,6,4019.70,6,4019.80,5,Buy,17,0,17,17.00,17.00,1.00,0.30,100.0,4018.40,4018.70,4018.40,4018.70,39,23,62,16.00,20.00,-5.00,1.20,66.7,63,36,0.2500,0.0000,40.00,12.00,4024.95,-0.8222,DOWN,53.10,1.1676,1.3537
20260728 230901 668,4018.80,1,4018.30,4018.70,0.40,4018.30,3,4018.20,4,4017.80,3,4017.70,4,4017.60,2,4017.50,5,4017.40,5,4017.30,5,4017.20,5,4017.10,7,4018.70,2,4018.80,5,4019.00,1,4019.10,1,4019.30,1,4019.40,5,4019.50,5,4019.60,6,4019.70,6,4019.80,5,Buy,18,0,18,18.00,18.00,1.00,0.40,100.0,4018.40,4018.80,4018.40,4018.80,39,23,62,16.00,20.00,-5.00,1.20,66.7,63,36,0.2500,0.0000,41.00,13.00,4024.96,-0.8190,DOWN,53.10,1.1676,1.3609
20260728 230901 668,4018.80,1,4018.30,4018.70,0.40,4018.30,3,4018.20,4,4017.80,3,4017.70,4,4017.60,2,4017.50,5,4017.40,5,4017.30,5,4017.20,5,4017.10,7,4018.70,2,4018.80,5,4019.00,1,4019.10,1,4019.30,1,4019.40,5,4019.50,5,4019.60,6,4019.70,6,4019.80,5,Buy,19,0,19,19.00,19.00,1.00,0.40,100.0,4018.40,4018.80,4018.40,4018.80,39,23,62,16.00,20.00,-5.00,1.20,66.7,63,36,0.2500,0.0000,42.00,14.00,4024.96,-0.8190,DOWN,53.10,1.1676,1.3609
20260728 230901 668,4018.80,2,4018.30,4018.70,0.40,4018.30,3,4018.20,4,4017.80,3,4017.70,4,4017.60,2,4017.50,5,4017.40,5,4017.30,5,4017.20,5,4017.10,7,4018.70,2,4018.80,5,4019.00,1,4019.10,1,4019.30,1,4019.40,5,4019.50,5,4019.60,6,4019.70,6,4019.80,5,Buy,21,0,21,21.00,21.00,1.00,0.40,100.0,4018.40,4018.80,4018.40,4018.80,39,23,62,16.00,20.00,-5.00,1.20,66.7,63,36,0.2500,0.0000,44.00,16.00,4024.96,-0.8190,DOWN,53.10,1.1676,1.3609
20260728 230901 668,4018.80,1,4018.30,4018.70,0.40,4018.30,3,4018.20,4,4017.80,3,4017.70,4,4017.60,2,4017.50,5,4017.40,5,4017.30,5,4017.20,5,4017.10,7,4018.70,2,4018.80,5,4019.00,1,4019.10,1,4019.30,1,4019.40,5,4019.50,5,4019.60,6,4019.70,6,4019.80,5,Buy,22,0,22,22.00,22.00,1.00,0.40,100.0,4018.40,4018.80,4018.40,4018.80,39,23,62,16.00,20.00,-5.00,1.20,66.7,63,36,0.2500,0.0000,45.00,17.00,4024.96,-0.8190,DOWN,53.10,1.1676,1.3609
20260728 230901 668,4018.90,1,4018.30,4018.70,0.40,4018.30,3,4018.20,4,4017.80,3,4017.70,4,4017.60,2,4017.50,5,4017.40,5,4017.30,5,4017.20,5,4017.10,7,4018.70,2,4018.80,5,4019.00,1,4019.10,1,4019.30,1,4019.40,5,4019.50,5,4019.60,6,4019.70,6,4019.80,5,Buy,23,0,23,23.00,23.00,1.00,0.50,100.0,4018.40,4018.90,4018.40,4018.90,39,23,62,16.00,20.00,-5.00,1.20,66.7,63,36,0.2500,0.0000,46.00,18.00,4024.97,-0.8159,DOWN,53.10,1.1676,1.3680
20260728 230901 668,4018.90,1,4018.30,4018.70,0.40,4018.30,3,4018.20,4,4017.80,3,4017.70,4,4017.60,2,4017.50,5,4017.40,5,4017.30,5,4017.20,5,4017.10,7,4018.70,2,4018.80,5,4019.00,1,4019.10,1,4019.30,1,4019.40,5,4019.50,5,4019.60,6,4019.70,6,4019.80,5,Buy,24,0,24,24.00,24.00,1.00,0.50,100.0,4018.40,4018.90,4018.40,4018.90,39,23,62,16.00,20.00,-5.00,1.20,66.7,63,36,0.2500,0.0000,47.00,19.00,4024.97,-0.8159,DOWN,53.10,1.1676,1.3680
20260728 230901 668,4018.90,1,4018.30,4018.70,0.40,4018.30,3,4018.20,4,4017.80,3,4017.70,4,4017.60,2,4017.50,5,4017.40,5,4017.30,5,4017.20,5,4017.10,7,4018.70,2,4018.80,5,4019.00,1,4019.10,1,4019.30,1,4019.40,5,4019.50,5,4019.60,6,4019.70,6,4019.80,5,Buy,25,0,25,25.00,25.00,1.00,0.50,100.0,4018.40,4018.90,4018.40,4018.90,39,23,62,16.00,20.00,-5.00,1.20,66.7,63,36,0.2500,0.0000,48.00,20.00,4024.97,-0.8159,DOWN,53.10,1.1676,1.3680
20260728 230901 668,4019.00,1,4018.30,4018.70,0.40,4018.30,3,4018.20,4,4017.80,3,4017.70,4,4017.60,2,4017.50,5,4017.40,5,4017.30,5,4017.20,5,4017.10,7,4018.70,2,4018.80,5,4019.00,1,4019.10,1,4019.30,1,4019.40,5,4019.50,5,4019.60,6,4019.70,6,4019.80,5,Buy,26,0,26,26.00,26.00,1.00,0.60,100.0,4018.40,4019.00,4018.40,4019.00,39,23,62,16.00,20.00,-5.00,1.20,66.7,63,36,0.2500,0.0000,49.00,21.00,4024.98,-0.8127,DOWN,53.10,1.1676,1.3752
20260728 230901 668,4019.00,1,4018.30,4018.70,0.40,4018.30,3,4018.20,4,4017.80,3,4017.70,4,4017.60,2,4017.50,5,4017.40,5,4017.30,5,4017.20,5,4017.10,7,4018.70,2,4018.80,5,4019.00,1,4019.10,1,4019.30,1,4019.40,5,4019.50,5,4019.60,6,4019.70,6,4019.80,5,Buy,27,0,27,27.00,27.00,1.00,0.60,100.0,4018.40,4019.00,4018.40,4019.00,39,23,62,16.00,20.00,-5.00,1.20,66.7,63,36,0.2500,0.0000,50.00,22.00,4024.98,-0.8127,DOWN,53.10,1.1676,1.3752
20260728 230901 668,4019.00,1,4018.30,4018.70,0.40,4018.30,3,4018.20,4,4017.80,3,4017.70,4,4017.60,2,4017.50,5,4017.40,5,4017.30,5,4017.20,5,4017.10,7,4018.70,2,4018.80,5,4019.00,1,4019.10,1,4019.30,1,4019.40,5,4019.50,5,4019.60,6,4019.70,6,4019.80,5,Buy,28,0,28,28.00,28.00,1.00,0.60,100.0,4018.40,4019.00,4018.40,4019.00,39,23,62,16.00,20.00,-5.00,1.20,66.7,63,36,0.2500,0.0000,51.00,23.00,4024.98,-0.8127,DOWN,53.10,1.1676,1.3752
20260728 230901 668,4019.10,1,4018.30,4018.70,0.40,4018.30,3,4018.20,4,4017.80,3,4017.70,4,4017.60,2,4017.50,5,4017.40,5,4017.30,5,4017.20,5,4017.10,7,4018.70,2,4018.80,5,4019.00,1,4019.10,1,4019.30,1,4019.40,5,4019.50,5,4019.60,6,4019.70,6,4019.80,5,Buy,29,0,29,29.00,29.00,1.00,0.70,100.0,4018.40,4019.10,4018.40,4019.10,39,23,62,16.00,20.00,-5.00,1.20,66.7,63,36,0.2500,0.0000,52.00,24.00,4024.99,-0.8095,DOWN,53.10,1.1676,1.3823
20260728 230901 668,4019.10,1,4018.30,4018.70,0.40,4018.30,3,4018.20,4,4017.80,3,4017.70,4,4017.60,2,4017.50,5,4017.40,5,4017.30,5,4017.20,5,4017.10,7,4018.70,2,4018.80,5,4019.00,1,4019.10,1,4019.30,1,4019.40,5,4019.50,5,4019.60,6,4019.70,6,4019.80,5,Buy,30,0,30,30.00,30.00,1.00,0.70,100.0,4018.40,4019.10,4018.40,4019.10,39,23,62,16.00,20.00,-5.00,1.20,66.7,63,36,0.2500,0.0000,53.00,25.00,4024.99,-0.8095,DOWN,53.10,1.1676,1.3823
20260728 230901 668,4019.10,1,4018.30,4018.70,0.40,4018.30,3,4018.20,4,4017.80,3,4017.70,4,4017.60,2,4017.50,5,4017.40,5,4017.30,5,4017.20,5,4017.10,7,4018.70,2,4018.80,5,4019.00,1,4019.10,1,4019.30,1,4019.40,5,4019.50,5,4019.60,6,4019.70,6,4019.80,5,Buy,31,0,31,31.00,31.00,1.00,0.70,100.0,4018.40,4019.10,4018.40,4019.10,39,23,62,16.00,20.00,-5.00,1.20,66.7,63,36,0.2500,0.0000,54.00,26.00,4024.99,-0.8095,DOWN,53.10,1.1676,1.3823
20260728 230901 668,4019.10,1,4018.30,4018.70,0.40,4018.30,3,4018.20,4,4017.80,3,4017.70,4,4017.60,2,4017.50,5,4017.40,5,4017.30,5,4017.20,5,4017.10,7,4018.70,2,4018.80,5,4019.00,1,4019.10,1,4019.30,1,4019.40,5,4019.50,5,4019.60,6,4019.70,6,4019.80,5,Buy,32,0,32,32.00,32.00,1.00,0.70,100.0,4018.40,4019.10,4018.40,4019.10,39,23,62,16.00,20.00,-5.00,1.20,66.7,63,36,0.2500,0.0000,55.00,27.00,4024.99,-0.8095,DOWN,53.10,1.1676,1.3823
20260728 230901 668,4019.10,1,4018.30,4018.70,0.40,4018.30,3,4018.20,4,4017.80,3,4017.70,4,4017.60,2,4017.50,5,4017.40,5,4017.30,5,4017.20,5,4017.10,7,4018.70,2,4018.80,5,4019.00,1,4019.10,1,4019.30,1,4019.40,5,4019.50,5,4019.60,6,4019.70,6,4019.80,5,Buy,33,0,33,33.00,33.00,1.00,0.70,100.0,4018.40,4019.10,4018.40,4019.10,39,23,62,16.00,20.00,-5.00,1.20,66.7,63,36,0.2500,0.0000,56.00,28.00,4024.99,-0.8095,DOWN,53.10,1.1676,1.3823
20260728 230901 668,4019.20,5,4018.30,4018.70,0.40,4018.30,3,4018.20,4,4017.80,3,4017.70,4,4017.60,2,4017.50,5,4017.40,5,4017.30,5,4017.20,5,4017.10,7,4018.70,2,4018.80,5,4019.00,1,4019.10,1,4019.30,1,4019.40,5,4019.50,5,4019.60,6,4019.70,6,4019.80,5,Buy,38,0,38,38.00,38.00,1.00,0.80,100.0,4018.40,4019.20,4018.40,4019.20,39,23,62,16.00,20.00,-5.00,1.20,66.7,63,36,0.2500,0.0000,61.00,33.00,4025.00,-0.8063,DOWN,53.10,1.1676,1.3894
20260728 230901 668,4019.20,1,4018.30,4018.70,0.40,4018.30,3,4018.20,4,4017.80,3,4017.70,4,4017.60,2,4017.50,5,4017.40,5,4017.30,5,4017.20,5,4017.10,7,4018.70,2,4018.80,5,4019.00,1,4019.10,1,4019.30,1,4019.40,5,4019.50,5,4019.60,6,4019.70,6,4019.80,5,Buy,39,0,39,39.00,39.00,1.00,0.80,100.0,4018.40,4019.20,4018.40,4019.20,39,23,62,16.00,20.00,-5.00,1.20,66.7,63,36,0.2500,0.0000,62.00,34.00,4025.00,-0.8063,DOWN,53.10,1.1676,1.3894
20260728 230901 668,4019.20,2,4018.30,4018.70,0.40,4018.30,3,4018.20,4,4017.80,3,4017.70,4,4017.60,2,4017.50,5,4017.40,5,4017.30,5,4017.20,5,4017.10,7,4018.70,2,4018.80,5,4019.00,1,4019.10,1,4019.30,1,4019.40,5,4019.50,5,4019.60,6,4019.70,6,4019.80,5,Buy,41,0,41,41.00,41.00,1.00,0.80,100.0,4018.40,4019.20,4018.40,4019.20,39,23,62,16.00,20.00,-5.00,1.20,66.7,63,36,0.2500,0.0000,64.00,36.00,4025.00,-0.8063,DOWN,53.10,1.1676,1.3894
20260728 230901 668,4019.20,1,4018.30,4018.70,0.40,4018.30,3,4018.20,4,4017.80,3,4017.70,4,4017.60,2,4017.50,5,4017.40,5,4017.30,5,4017.20,5,4017.10,7,4018.70,2,4018.80,5,4019.00,1,4019.10,1,4019.30,1,4019.40,5,4019.50,5,4019.60,6,4019.70,6,4019.80,5,Buy,42,0,42,42.00,42.00,1.00,0.80,100.0,4018.40,4019.20,4018.40,4019.20,39,23,62,16.00,20.00,-5.00,1.20,66.7,63,36,0.2500,0.0000,65.00,37.00,4025.00,-0.8063,DOWN,53.10,1.1676,1.3894
20260728 230901 668,4019.30,5,4018.30,4018.70,0.40,4018.30,3,4018.20,4,4017.80,3,4017.70,4,4017.60,2,4017.50,5,4017.40,5,4017.30,5,4017.20,5,4017.10,7,4018.70,2,4018.80,5,4019.00,1,4019.10,1,4019.30,1,4019.40,5,4019.50,5,4019.60,6,4019.70,6,4019.80,5,Buy,47,0,47,47.00,47.00,1.00,0.90,100.0,4018.40,4019.30,4018.40,4019.30,39,23,62,16.00,20.00,-5.00,1.20,66.7,63,36,0.2500,0.0000,70.00,42.00,4025.01,-0.8032,DOWN,53.10,1.1676,1.3966
20260728 230901 668,4019.30,1,4018.30,4018.70,0.40,4018.30,3,4018.20,4,4017.80,3,4017.70,4,4017.60,2,4017.50,5,4017.40,5,4017.30,5,4017.20,5,4017.10,7,4018.70,2,4018.80,5,4019.00,1,4019.10,1,4019.30,1,4019.40,5,4019.50,5,4019.60,6,4019.70,6,4019.80,5,Buy,48,0,48,48.00,48.00,1.00,0.90,100.0,4018.40,4019.30,4018.40,4019.30,39,23,62,16.00,20.00,-5.00,1.20,66.7,63,36,0.2500,0.0000,71.00,43.00,4025.01,-0.8032,DOWN,53.10,1.1676,1.3966
20260728 230901 668,4019.30,1,4018.30,4018.70,0.40,4018.30,3,4018.20,4,4017.80,3,4017.70,4,4017.60,2,4017.50,5,4017.40,5,4017.30,5,4017.20,5,4017.10,7,4018.70,2,4018.80,5,4019.00,1,4019.10,1,4019.30,1,4019.40,5,4019.50,5,4019.60,6,4019.70,6,4019.80,5,Buy,49,0,49,49.00,49.00,1.00,0.90,100.0,4018.40,4019.30,4018.40,4019.30,39,23,62,16.00,20.00,-5.00,1.20,66.7,63,36,0.2500,0.0000,72.00,44.00,4025.01,-0.8032,DOWN,53.10,1.1676,1.3966
20260728 230901 668,4019.30,2,4018.30,4018.70,0.40,4018.30,3,4018.20,4,4017.80,3,4017.70,4,4017.60,2,4017.50,5,4017.40,5,4017.30,5,4017.20,5,4017.10,7,4018.70,2,4018.80,5,4019.00,1,4019.10,1,4019.30,1,4019.40,5,4019.50,5,4019.60,6,4019.70,6,4019.80,5,Buy,51,0,51,51.00,51.00,1.00,0.90,100.0,4018.40,4019.30,4018.40,4019.30,39,23,62,16.00,20.00,-5.00,1.20,66.7,63,36,0.2500,0.0000,74.00,46.00,4025.01,-0.8032,DOWN,53.10,1.1676,1.3966
20260728 230901 668,4019.30,1,4018.30,4018.70,0.40,4018.30,3,4018.20,4,4017.80,3,4017.70,4,4017.60,2,4017.50,5,4017.40,5,4017.30,5,4017.20,5,4017.10,7,4018.70,2,4018.80,5,4019.00,1,4019.10,1,4019.30,1,4019.40,5,4019.50,5,4019.60,6,4019.70,6,4019.80,5,Buy,52,0,52,52.00,52.00,1.00,0.90,100.0,4018.40,4019.30,4018.40,4019.30,39,23,62,16.00,20.00,-5.00,1.20,66.7,63,36,0.2500,0.0000,75.00,47.00,4025.01,-0.8032,DOWN,53.10,1.1676,1.3966
20260728 230901 668,4019.40,5,4018.30,4018.70,0.40,4018.30,3,4018.20,4,4017.80,3,4017.70,4,4017.60,2,4017.50,5,4017.40,5,4017.30,5,4017.20,5,4017.10,7,4018.70,2,4018.80,5,4019.00,1,4019.10,1,4019.30,1,4019.40,5,4019.50,5,4019.60,6,4019.70,6,4019.80,5,Buy,57,0,57,57.00,57.00,1.00,1.00,100.0,4018.40,4019.40,4018.40,4019.40,39,23,62,16.00,20.00,-5.00,1.20,66.7,63,36,0.2500,0.0000,80.00,52.00,4025.02,-0.8000,DOWN,53.10,1.1676,1.4037
20260728 230901 668,4019.40,1,4018.30,4018.70,0.40,4018.30,3,4018.20,4,4017.80,3,4017.70,4,4017.60,2,4017.50,5,4017.40,5,4017.30,5,4017.20,5,4017.10,7,4018.70,2,4018.80,5,4019.00,1,4019.10,1,4019.30,1,4019.40,5,4019.50,5,4019.60,6,4019.70,6,4019.80,5,Buy,58,0,58,58.00,58.00,1.00,1.00,100.0,4018.40,4019.40,4018.40,4019.40,39,23,62,16.00,20.00,-5.00,1.20,66.7,63,36,0.2500,0.0000,81.00,53.00,4025.02,-0.8000,DOWN,53.10,1.1676,1.4037
20260728 230901 668,4019.40,1,4018.30,4018.70,0.40,4018.30,3,4018.20,4,4017.80,3,4017.70,4,4017.60,2,4017.50,5,4017.40,5,4017.30,5,4017.20,5,4017.10,7,4018.70,2,4018.80,5,4019.00,1,4019.10,1,4019.30,1,4019.40,5,4019.50,5,4019.60,6,4019.70,6,4019.80,5,Buy,59,0,59,59.00,59.00,1.00,1.00,100.0,4018.40,4019.40,4018.40,4019.40,39,23,62,16.00,20.00,-5.00,1.20,66.7,63,36,0.2500,0.0000,82.00,54.00,4025.02,-0.8000,DOWN,53.10,1.1676,1.4037
20260728 230901 668,4019.40,2,4018.30,4018.70,0.40,4018.30,3,4018.20,4,4017.80,3,4017.70,4,4017.60,2,4017.50,5,4017.40,5,4017.30,5,4017.20,5,4017.10,7,4018.70,2,4018.80,5,4019.00,1,4019.10,1,4019.30,1,4019.40,5,4019.50,5,4019.60,6,4019.70,6,4019.80,5,Buy,61,0,61,61.00,61.00,1.00,1.00,100.0,4018.40,4019.40,4018.40,4019.40,39,23,62,16.00,20.00,-5.00,1.20,66.7,63,36,0.2500,0.0000,84.00,56.00,4025.02,-0.8000,DOWN,53.10,1.1676,1.4037
20260728 230901 668,4019.50,5,4018.30,4018.70,0.40,4018.30,3,4018.20,4,4017.80,3,4017.70,4,4017.60,2,4017.50,5,4017.40,5,4017.30,5,4017.20,5,4017.10,7,4018.70,2,4018.80,5,4019.00,1,4019.10,1,4019.30,1,4019.40,5,4019.50,5,4019.60,6,4019.70,6,4019.80,5,Buy,66,0,66,66.00,66.00,1.00,1.10,100.0,4018.40,4019.50,4018.40,4019.50,39,23,62,16.00,20.00,-5.00,1.20,66.7,63,36,0.2500,0.0000,89.00,61.00,4025.03,-0.7968,DOWN,53.10,1.1676,1.4109
20260728 230901 668,4019.40,1,4018.30,4018.70,0.40,4018.30,3,4018.20,4,4017.80,3,4017.70,4,4017.60,2,4017.50,5,4017.40,5,4017.30,5,4017.20,5,4017.10,7,4018.70,2,4018.80,5,4019.00,1,4019.10,1,4019.30,1,4019.40,5,4019.50,5,4019.60,6,4019.70,6,4019.80,5,Buy,67,0,67,67.00,67.00,1.00,1.10,90.9,4018.40,4019.50,4018.40,4019.40,39,23,62,16.00,20.00,-5.00,1.20,66.7,63,36,0.2500,0.0000,90.00,62.00,4025.02,-0.8000,DOWN,53.10,1.1676,1.4109
20260728 230901 668,4019.50,1,4018.30,4018.70,0.40,4018.30,3,4018.20,4,4017.80,3,4017.70,4,4017.60,2,4017.50,5,4017.40,5,4017.30,5,4017.20,5,4017.10,7,4018.70,2,4018.80,5,4019.00,1,4019.10,1,4019.30,1,4019.40,5,4019.50,5,4019.60,6,4019.70,6,4019.80,5,Buy,68,0,68,68.00,68.00,1.00,1.10,100.0,4018.40,4019.50,4018.40,4019.50,39,23,62,16.00,20.00,-5.00,1.20,66.7,63,36,0.2500,0.0000,91.00,63.00,4025.03,-0.7968,DOWN,53.10,1.1676,1.4109
20260728 230901 668,4019.50,1,4018.30,4018.70,0.40,4018.30,3,4018.20,4,4017.80,3,4017.70,4,4017.60,2,4017.50,5,4017.40,5,4017.30,5,4017.20,5,4017.10,7,4018.70,2,4018.80,5,4019.00,1,4019.10,1,4019.30,1,4019.40,5,4019.50,5,4019.60,6,4019.70,6,4019.80,5,Buy,69,0,69,69.00,69.00,1.00,1.10,100.0,4018.40,4019.50,4018.40,4019.50,39,23,62,16.00,20.00,-5.00,1.20,66.7,63,36,0.2500,0.0000,92.00,64.00,4025.03,-0.7968,DOWN,53.10,1.1676,1.4109
20260728 230901 668,4019.50,1,4018.30,4018.70,0.40,4018.30,3,4018.20,4,4017.80,3,4017.70,4,4017.60,2,4017.50,5,4017.40,5,4017.30,5,4017.20,5,4017.10,7,4018.70,2,4018.80,5,4019.00,1,4019.10,1,4019.30,1,4019.40,5,4019.50,5,4019.60,6,4019.70,6,4019.80,5,Buy,70,0,70,70.00,70.00,1.00,1.10,100.0,4018.40,4019.50,4018.40,4019.50,39,23,62,16.00,20.00,-5.00,1.20,66.7,63,36,0.2500,0.0000,93.00,65.00,4025.03,-0.7968,DOWN,53.10,1.1676,1.4109
20260728 230901 668,4019.50,2,4018.30,4018.70,0.40,4018.30,3,4018.20,4,4017.80,3,4017.70,4,4017.60,2,4017.50,5,4017.40,5,4017.30,5,4017.20,5,4017.10,7,4018.70,2,4018.80,5,4019.00,1,4019.10,1,4019.30,1,4019.40,5,4019.50,5,4019.60,6,4019.70,6,4019.80,5,Buy,72,0,72,72.00,72.00,1.00,1.10,100.0,4018.40,4019.50,4018.40,4019.50,39,23,62,16.00,20.00,-5.00,1.20,66.7,63,36,0.2500,0.0000,95.00,67.00,4025.03,-0.7968,DOWN,53.10,1.1676,1.4109
20260728 230901 668,4019.60,1,4018.30,4018.70,0.40,4018.30,3,4018.20,4,4017.80,3,4017.70,4,4017.60,2,4017.50,5,4017.40,5,4017.30,5,4017.20,5,4017.10,7,4018.70,2,4018.80,5,4019.00,1,4019.10,1,4019.30,1,4019.40,5,4019.50,5,4019.60,6,4019.70,6,4019.80,5,Buy,73,0,73,73.00,73.00,1.00,1.20,100.0,4018.40,4019.60,4018.40,4019.60,39,23,62,16.00,20.00,-5.00,1.20,66.7,63,36,0.2500,0.0000,96.00,68.00,4025.04,-0.7936,DOWN,53.10,1.1676,1.4180
20260728 230901 668,4019.60,5,4018.30,4018.70,0.40,4018.30,3,4018.20,4,4017.80,3,4017.70,4,4017.60,2,4017.50,5,4017.40,5,4017.30,5,4017.20,5,4017.10,7,4018.70,2,4018.80,5,4019.00,1,4019.10,1,4019.30,1,4019.40,5,4019.50,5,4019.60,6,4019.70,6,4019.80,5,Buy,78,0,78,78.00,78.00,1.00,1.20,100.0,4018.40,4019.60,4018.40,4019.60,39,23,62,16.00,20.00,-5.00,1.20,66.7,63,36,0.2500,0.0000,101.00,73.00,4025.04,-0.7936,DOWN,53.10,1.1676,1.4180
20260728 230901 668,4019.60,1,4018.30,4018.70,0.40,4018.30,3,4018.20,4,4017.80,3,4017.70,4,4017.60,2,4017.50,5,4017.40,5,4017.30,5,4017.20,5,4017.10,7,4018.70,2,4018.80,5,4019.00,1,4019.10,1,4019.30,1,4019.40,5,4019.50,5,4019.60,6,4019.70,6,4019.80,5,Buy,79,0,79,79.00,79.00,1.00,1.20,100.0,4018.40,4019.60,4018.40,4019.60,39,23,62,16.00,20.00,-5.00,1.20,66.7,63,36,0.2500,0.0000,102.00,74.00,4025.04,-0.7936,DOWN,53.10,1.1676,1.4180
20260728 230901 668,4019.60,1,4018.30,4018.70,0.40,4018.30,3,4018.20,4,4017.80,3,4017.70,4,4017.60,2,4017.50,5,4017.40,5,4017.30,5,4017.20,5,4017.10,7,4018.70,2,4018.80,5,4019.00,1,4019.10,1,4019.30,1,4019.40,5,4019.50,5,4019.60,6,4019.70,6,4019.80,5,Buy,80,0,80,80.00,80.00,1.00,1.20,100.0,4018.40,4019.60,4018.40,4019.60,39,23,62,16.00,20.00,-5.00,1.20,66.7,63,36,0.2500,0.0000,103.00,75.00,4025.04,-0.7936,DOWN,53.10,1.1676,1.4180
20260728 230901 668,4019.60,2,4018.30,4018.70,0.40,4018.30,3,4018.20,4,4017.80,3,4017.70,4,4017.60,2,4017.50,5,4017.40,5,4017.30,5,4017.20,5,4017.10,7,4018.70,2,4018.80,5,4019.00,1,4019.10,1,4019.30,1,4019.40,5,4019.50,5,4019.60,6,4019.70,6,4019.80,5,Buy,82,0,82,82.00,82.00,1.00,1.20,100.0,4018.40,4019.60,4018.40,4019.60,39,23,62,16.00,20.00,-5.00,1.20,66.7,63,36,0.2500,0.0000,105.00,77.00,4025.04,-0.7936,DOWN,53.10,1.1676,1.4180
20260728 230901 668,4019.70,5,4018.30,4018.70,0.40,4018.30,3,4018.20,4,4017.80,3,4017.70,4,4017.60,2,4017.50,5,4017.40,5,4017.30,5,4017.20,5,4017.10,7,4018.70,2,4018.80,5,4019.00,1,4019.10,1,4019.30,1,4019.40,5,4019.50,5,4019.60,6,4019.70,6,4019.80,5,Buy,87,0,87,87.00,87.00,1.00,1.30,100.0,4018.40,4019.70,4018.40,4019.70,39,23,62,16.00,20.00,-5.00,1.20,66.7,63,36,0.2500,0.0000,110.00,82.00,4025.05,-0.7905,DOWN,53.10,1.1676,1.4252
20260728 230901 668,4019.70,1,4018.30,4018.70,0.40,4018.30,3,4018.20,4,4017.80,3,4017.70,4,4017.60,2,4017.50,5,4017.40,5,4017.30,5,4017.20,5,4017.10,7,4018.70,2,4018.80,5,4019.00,1,4019.10,1,4019.30,1,4019.40,5,4019.50,5,4019.60,6,4019.70,6,4019.80,5,Buy,88,0,88,88.00,88.00,1.00,1.30,100.0,4018.40,4019.70,4018.40,4019.70,39,23,62,16.00,20.00,-5.00,1.20,66.7,63,36,0.2500,0.0000,111.00,83.00,4025.05,-0.7905,DOWN,53.10,1.1676,1.4252
20260728 230901 668,4019.70,1,4018.30,4018.70,0.40,4018.30,3,4018.20,4,4017.80,3,4017.70,4,4017.60,2,4017.50,5,4017.40,5,4017.30,5,4017.20,5,4017.10,7,4018.70,2,4018.80,5,4019.00,1,4019.10,1,4019.30,1,4019.40,5,4019.50,5,4019.60,6,4019.70,6,4019.80,5,Buy,89,0,89,89.00,89.00,1.00,1.30,100.0,4018.40,4019.70,4018.40,4019.70,39,23,62,16.00,20.00,-5.00,1.20,66.7,63,36,0.2500,0.0000,112.00,84.00,4025.05,-0.7905,DOWN,53.10,1.1676,1.4252
20260728 230901 668,4019.70,1,4018.30,4018.70,0.40,4018.30,3,4018.20,4,4017.80,3,4017.70,4,4017.60,2,4017.50,5,4017.40,5,4017.30,5,4017.20,5,4017.10,7,4018.70,2,4018.80,5,4019.00,1,4019.10,1,4019.30,1,4019.40,5,4019.50,5,4019.60,6,4019.70,6,4019.80,5,Buy,90,0,90,90.00,90.00,1.00,1.30,100.0,4018.40,4019.70,4018.40,4019.70,39,23,62,16.00,20.00,-5.00,1.20,66.7,63,36,0.2500,0.0000,113.00,85.00,4025.05,-0.7905,DOWN,53.10,1.1676,1.4252
20260728 230901 668,4019.80,1,4018.30,4018.70,0.40,4018.30,3,4018.20,4,4017.80,3,4017.70,4,4017.60,2,4017.50,5,4017.40,5,4017.30,5,4017.20,5,4017.10,7,4018.70,2,4018.80,5,4019.00,1,4019.10,1,4019.30,1,4019.40,5,4019.50,5,4019.60,6,4019.70,6,4019.80,5,Buy,91,0,91,91.00,91.00,1.00,1.40,100.0,4018.40,4019.80,4018.40,4019.80,39,23,62,16.00,20.00,-5.00,1.20,66.7,63,36,0.2500,0.0000,114.00,86.00,4025.06,-0.7873,DOWN,53.10,1.1676,1.4323
20260728 230901 668,4019.80,5,4018.30,4018.70,0.40,4018.30,3,4018.20,4,4017.80,3,4017.70,4,4017.60,2,4017.50,5,4017.40,5,4017.30,5,4017.20,5,4017.10,7,4018.70,2,4018.80,5,4019.00,1,4019.10,1,4019.30,1,4019.40,5,4019.50,5,4019.60,6,4019.70,6,4019.80,5,Buy,96,0,96,96.00,96.00,1.00,1.40,100.0,4018.40,4019.80,4018.40,4019.80,39,23,62,16.00,20.00,-5.00,1.20,66.7,63,36,0.2500,0.0000,119.00,91.00,4025.06,-0.7873,DOWN,53.10,1.1676,1.4323
20260728 230901 668,4019.90,4,4018.30,4018.70,0.40,4018.30,3,4018.20,4,4017.80,3,4017.70,4,4017.60,2,4017.50,5,4017.40,5,4017.30,5,4017.20,5,4017.10,7,4018.70,2,4018.80,5,4019.00,1,4019.10,1,4019.30,1,4019.40,5,4019.50,5,4019.60,6,4019.70,6,4019.80,5,Buy,100,0,100,100.00,100.00,1.00,1.50,100.0,4018.40,4019.90,4018.40,4019.90,39,23,62,16.00,20.00,-5.00,1.20,66.7,63,36,0.2500,0.0000,123.00,95.00,4025.07,-0.7841,DOWN,53.10,1.1676,1.4394
20260728 230901 669,4019.80,1,4018.30,4018.70,0.40,4018.30,3,4018.20,4,4017.80,3,4017.70,4,4017.60,2,4017.50,5,4017.40,5,4017.30,5,4017.20,5,4017.10,7,4018.70,2,4018.80,5,4019.00,1,4019.10,1,4019.30,1,4019.40,5,4019.50,5,4019.60,6,4019.70,6,4019.80,5,Buy,101,0,101,101.00,101.00,1.00,1.50,93.3,4018.40,4019.90,4018.40,4019.80,39,23,62,16.00,20.00,-5.00,1.20,66.7,63,36,0.2500,0.0000,124.00,96.00,4025.06,-0.7873,DOWN,53.10,1.1676,1.4394
20260728 230901 669,4019.90,1,4018.30,4018.70,0.40,4018.30,3,4018.20,4,4017.80,3,4017.70,4,4017.60,2,4017.50,5,4017.40,5,4017.30,5,4017.20,5,4017.10,7,4018.70,2,4018.80,5,4019.00,1,4019.10,1,4019.30,1,4019.40,5,4019.50,5,4019.60,6,4019.70,6,4019.80,5,Buy,102,0,102,102.00,102.00,1.00,1.50,100.0,4018.40,4019.90,4018.40,4019.90,39,23,62,16.00,20.00,-5.00,1.20,66.7,63,36,0.2500,0.0000,125.00,97.00,4025.07,-0.7841,DOWN,53.10,1.1676,1.4394
20260728 230901 669,4019.90,1,4018.30,4018.70,0.40,4018.30,3,4018.20,4,4017.80,3,4017.70,4,4017.60,2,4017.50,5,4017.40,5,4017.30,5,4017.20,5,4017.10,7,4018.70,2,4018.80,5,4019.00,1,4019.10,1,4019.30,1,4019.40,5,4019.50,5,4019.60,6,4019.70,6,4019.80,5,Buy,103,0,103,103.00,103.00,1.00,1.50,100.0,4018.40,4019.90,4018.40,4019.90,39,23,62,16.00,20.00,-5.00,1.20,66.7,63,36,0.2500,0.0000,126.00,98.00,4025.07,-0.7841,DOWN,53.10,1.1676,1.4394
20260728 230901 669,4019.90,2,4018.30,4018.70,0.40,4018.30,3,4018.20,4,4017.80,3,4017.70,4,4017.60,2,4017.50,5,4017.40,5,4017.30,5,4017.20,5,4017.10,7,4018.70,2,4018.80,5,4019.00,1,4019.10,1,4019.30,1,4019.40,5,4019.50,5,4019.60,6,4019.70,6,4019.80,5,Buy,105,0,105,105.00,105.00,1.00,1.50,100.0,4018.40,4019.90,4018.40,4019.90,39,23,62,16.00,20.00,-5.00,1.20,66.7,63,36,0.2500,0.0000,128.00,100.00,4025.07,-0.7841,DOWN,53.10,1.1676,1.4394
20260728 230901 669,4020.00,5,4018.30,4018.70,0.40,4018.30,3,4018.20,4,4017.80,3,4017.70,4,4017.60,2,4017.50,5,4017.40,5,4017.30,5,4017.20,5,4017.10,7,4018.70,2,4018.80,5,4019.00,1,4019.10,1,4019.30,1,4019.40,5,4019.50,5,4019.60,6,4019.70,6,4019.80,5,Buy,110,0,110,110.00,110.00,1.00,1.60,100.0,4018.40,4020.00,4018.40,4020.00,39,23,62,16.00,20.00,-5.00,1.20,66.7,63,36,0.2500,0.0000,133.00,105.00,4025.08,-0.7809,DOWN,53.10,1.1676,1.4466
20260728 230901 669,4019.90,1,4018.30,4018.70,0.40,4018.30,3,4018.20,4,4017.80,3,4017.70,4,4017.60,2,4017.50,5,4017.40,5,4017.30,5,4017.20,5,4017.10,7,4018.70,2,4018.80,5,4019.00,1,4019.10,1,4019.30,1,4019.40,5,4019.50,5,4019.60,6,4019.70,6,4019.80,5,Buy,111,0,111,111.00,111.00,1.00,1.60,93.8,4018.40,4020.00,4018.40,4019.90,39,23,62,16.00,20.00,-5.00,1.20,66.7,63,36,0.2500,0.0000,134.00,106.00,4025.07,-0.7841,DOWN,53.10,1.1676,1.4466
20260728 230901 669,4019.90,1,4018.30,4018.70,0.40,4018.30,3,4018.20,4,4017.80,3,4017.70,4,4017.60,2,4017.50,5,4017.40,5,4017.30,5,4017.20,5,4017.10,7,4018.70,2,4018.80,5,4019.00,1,4019.10,1,4019.30,1,4019.40,5,4019.50,5,4019.60,6,4019.70,6,4019.80,5,Buy,112,0,112,112.00,112.00,1.00,1.60,93.8,4018.40,4020.00,4018.40,4019.90,39,23,62,16.00,20.00,-5.00,1.20,66.7,63,36,0.2500,0.0000,135.00,107.00,4025.07,-0.7841,DOWN,53.10,1.1676,1.4466
20260728 230901 669,4019.90,1,4018.30,4018.70,0.40,4018.30,3,4018.20,4,4017.80,3,4017.70,4,4017.60,2,4017.50,5,4017.40,5,4017.30,5,4017.20,5,4017.10,7,4018.70,2,4018.80,5,4019.00,1,4019.10,1,4019.30,1,4019.40,5,4019.50,5,4019.60,6,4019.70,6,4019.80,5,Buy,113,0,113,113.00,113.00,1.00,1.60,93.8,4018.40,4020.00,4018.40,4019.90,39,23,62,16.00,20.00,-5.00,1.20,66.7,63,36,0.2500,0.0000,136.00,108.00,4025.07,-0.7841,DOWN,53.10,1.1676,1.4466
20260728 230901 669,4020.00,1,4018.30,4018.70,0.40,4018.30,3,4018.20,4,4017.80,3,4017.70,4,4017.60,2,4017.50,5,4017.40,5,4017.30,5,4017.20,5,4017.10,7,4018.70,2,4018.80,5,4019.00,1,4019.10,1,4019.30,1,4019.40,5,4019.50,5,4019.60,6,4019.70,6,4019.80,5,Buy,114,0,114,114.00,114.00,1.00,1.60,100.0,4018.40,4020.00,4018.40,4020.00,39,23,62,16.00,20.00,-5.00,1.20,66.7,63,36,0.2500,0.0000,137.00,109.00,4025.08,-0.7809,DOWN,53.10,1.1676,1.4466
20260728 230901 669,4020.00,1,4018.30,4018.70,0.40,4018.30,3,4018.20,4,4017.80,3,4017.70,4,4017.60,2,4017.50,5,4017.40,5,4017.30,5,4017.20,5,4017.10,7,4018.70,2,4018.80,5,4019.00,1,4019.10,1,4019.30,1,4019.40,5,4019.50,5,4019.60,6,4019.70,6,4019.80,5,Buy,115,0,115,115.00,115.00,1.00,1.60,100.0,4018.40,4020.00,4018.40,4020.00,39,23,62,16.00,20.00,-5.00,1.20,66.7,63,36,0.2500,0.0000,138.00,110.00,4025.08,-0.7809,DOWN,53.10,1.1676,1.4466
20260728 230901 669,4020.00,2,4018.30,4018.70,0.40,4018.30,3,4018.20,4,4017.80,3,4017.70,4,4017.60,2,4017.50,5,4017.40,5,4017.30,5,4017.20,5,4017.10,7,4018.70,2,4018.80,5,4019.00,1,4019.10,1,4019.30,1,4019.40,5,4019.50,5,4019.60,6,4019.70,6,4019.80,5,Buy,117,0,117,117.00,117.00,1.00,1.60,100.0,4018.40,4020.00,4018.40,4020.00,39,23,62,16.00,20.00,-5.00,1.20,66.7,63,36,0.2500,0.0000,140.00,112.00,4025.08,-0.7809,DOWN,53.10,1.1676,1.4466
20260728 230901 669,4020.00,1,4018.30,4018.70,0.40,4018.30,3,4018.20,4,4017.80,3,4017.70,4,4017.60,2,4017.50,5,4017.40,5,4017.30,5,4017.20,5,4017.10,7,4018.70,2,4018.80,5,4019.00,1,4019.10,1,4019.30,1,4019.40,5,4019.50,5,4019.60,6,4019.70,6,4019.80,5,Buy,118,0,118,118.00,118.00,1.00,1.60,100.0,4018.40,4020.00,4018.40,4020.00,39,23,62,16.00,20.00,-5.00,1.20,66.7,63,36,0.2500,0.0000,141.00,113.00,4025.08,-0.7809,DOWN,53.10,1.1676,1.4466
20260728 230901 669,4020.10,1,4018.30,4018.70,0.40,4018.30,3,4018.20,4,4017.80,3,4017.70,4,4017.60,2,4017.50,5,4017.40,5,4017.30,5,4017.20,5,4017.10,7,4018.70,2,4018.80,5,4019.00,1,4019.10,1,4019.30,1,4019.40,5,4019.50,5,4019.60,6,4019.70,6,4019.80,5,Buy,119,0,119,119.00,119.00,1.00,1.70,100.0,4018.40,4020.10,4018.40,4020.10,39,23,62,16.00,20.00,-5.00,1.20,66.7,63,36,0.2500,0.0000,142.00,114.00,4025.09,-0.7778,DOWN,53.10,1.1676,1.4537
20260728 230901 669,4020.10,5,4018.30,4018.70,0.40,4018.30,3,4018.20,4,4017.80,3,4017.70,4,4017.60,2,4017.50,5,4017.40,5,4017.30,5,4017.20,5,4017.10,7,4018.70,2,4018.80,5,4019.00,1,4019.10,1,4019.30,1,4019.40,5,4019.50,5,4019.60,6,4019.70,6,4019.80,5,Buy,124,0,124,124.00,124.00,1.00,1.70,100.0,4018.40,4020.10,4018.40,4020.10,39,23,62,16.00,20.00,-5.00,1.20,66.7,63,36,0.2500,0.0000,147.00,119.00,4025.09,-0.7778,DOWN,53.10,1.1676,1.4537
20260728 230901 669,4020.10,1,4018.30,4018.70,0.40,4018.30,3,4018.20,4,4017.80,3,4017.70,4,4017.60,2,4017.50,5,4017.40,5,4017.30,5,4017.20,5,4017.10,7,4018.70,2,4018.80,5,4019.00,1,4019.10,1,4019.30,1,4019.40,5,4019.50,5,4019.60,6,4019.70,6,4019.80,5,Buy,125,0,125,125.00,125.00,1.00,1.70,100.0,4018.40,4020.10,4018.40,4020.10,39,23,62,16.00,20.00,-5.00,1.20,66.7,63,36,0.2500,0.0000,148.00,120.00,4025.09,-0.7778,DOWN,53.10,1.1676,1.4537
20260728 230901 669,4020.10,1,4018.30,4018.70,0.40,4018.30,3,4018.20,4,4017.80,3,4017.70,4,4017.60,2,4017.50,5,4017.40,5,4017.30,5,4017.20,5,4017.10,7,4018.70,2,4018.80,5,4019.00,1,4019.10,1,4019.30,1,4019.40,5,4019.50,5,4019.60,6,4019.70,6,4019.80,5,Buy,126,0,126,126.00,126.00,1.00,1.70,100.0,4018.40,4020.10,4018.40,4020.10,39,23,62,16.00,20.00,-5.00,1.20,66.7,63,36,0.2500,0.0000,149.00,121.00,4025.09,-0.7778,DOWN,53.10,1.1676,1.4537
20260728 230901 669,4020.10,2,4018.30,4018.70,0.40,4018.30,3,4018.20,4,4017.80,3,4017.70,4,4017.60,2,4017.50,5,4017.40,5,4017.30,5,4017.20,5,4017.10,7,4018.70,2,4018.80,5,4019.00,1,4019.10,1,4019.30,1,4019.40,5,4019.50,5,4019.60,6,4019.70,6,4019.80,5,Buy,128,0,128,128.00,128.00,1.00,1.70,100.0,4018.40,4020.10,4018.40,4020.10,39,23,62,16.00,20.00,-5.00,1.20,66.7,63,36,0.2500,0.0000,151.00,123.00,4025.09,-0.7778,DOWN,53.10,1.1676,1.4537
20260728 230901 681,4018.70,1,4018.30,4018.70,0.40,4018.30,3,4018.20,4,4017.80,3,4017.70,4,4017.60,2,4017.50,5,4017.40,5,4017.30,5,4017.20,5,4017.10,7,4018.70,2,4018.80,5,4019.00,1,4019.10,1,4019.30,1,4019.40,5,4019.50,5,4019.60,6,4019.70,6,4019.80,5,Sell,128,1,129,127.00,128.00,1.00,1.70,17.6,4018.40,4020.10,4018.40,4018.70,39,23,62,16.00,20.00,-5.00,1.20,66.7,63,36,0.2500,0.0079,150.00,122.00,4024.95,-0.8222,DOWN,53.10,1.1676,1.4537
20260728 230901 744,4018.70,1,4018.30,4018.70,0.40,4018.30,3,4018.20,3,4017.80,3,4017.70,4,4017.60,1,4017.50,5,4017.40,5,4017.30,5,4017.20,5,4017.10,7,4018.70,3,4018.80,4,4019.00,1,4019.10,1,4019.30,2,4019.40,5,4019.50,6,4019.60,6,4019.70,6,4019.80,5,Buy,129,1,130,128.00,128.00,1.00,1.70,17.6,4018.40,4020.10,4018.40,4018.70,39,23,62,16.00,20.00,-5.00,1.20,66.7,63,36,0.2500,0.0000,151.00,123.00,4024.95,-0.8222,DOWN,53.10,1.1676,1.4537
20260728 230901 931,4018.70,1,4018.30,4018.70,0.40,4018.30,3,4018.20,3,4017.80,3,4017.70,4,4017.60,2,4017.50,5,4017.40,5,4017.30,5,4017.20,5,4017.10,7,4018.70,1,4018.80,4,4019.00,1,4019.10,1,4019.30,2,4019.40,5,4019.50,5,4019.60,6,4019.70,6,4019.80,5,Buy,130,1,131,129.00,129.00,1.00,1.70,17.6,4018.40,4020.10,4018.40,4018.70,39,23,62,16.00,20.00,-5.00,1.20,66.7,63,36,0.2500,0.0000,152.00,124.00,4024.95,-0.8222,DOWN,53.10,1.1676,1.4537
20260728 230901 931,4018.70,1,4018.30,4018.70,0.40,4018.30,3,4018.20,3,4017.80,3,4017.70,4,4017.60,2,4017.50,5,4017.40,5,4017.30,5,4017.20,5,4017.10,7,4018.70,1,4018.80,4,4019.00,1,4019.10,1,4019.30,2,4019.40,5,4019.50,5,4019.60,6,4019.70,6,4019.80,5,Buy,131,1,132,130.00,130.00,1.00,1.70,17.6,4018.40,4020.10,4018.40,4018.70,39,23,62,16.00,20.00,-5.00,1.20,66.7,63,36,0.2500,0.0000,153.00,125.00,4024.95,-0.8222,DOWN,53.10,1.1676,1.4537
20260728 230901 936,4018.70,1,4018.30,4018.70,0.40,4018.30,3,4018.20,3,4017.80,3,4017.70,4,4017.60,2,4017.50,5,4017.40,5,4017.30,5,4017.20,5,4017.10,7,4018.70,1,4018.80,4,4019.00,1,4019.10,1,4019.30,2,4019.40,5,4019.50,5,4019.60,6,4019.70,6,4019.80,5,Buy,132,1,133,131.00,131.00,1.00,1.70,17.6,4018.40,4020.10,4018.40,4018.70,39,23,62,16.00,20.00,-5.00,1.20,66.7,63,36,0.2500,0.0000,154.00,126.00,4024.95,-0.8222,DOWN,53.10,1.1676,1.4537
20260728 230901 936,4018.70,1,4018.30,4018.70,0.40,4018.30,3,4018.20,3,4017.80,3,4017.70,4,4017.60,2,4017.50,5,4017.40,5,4017.30,5,4017.20,5,4017.10,7,4018.70,1,4018.80,4,4019.00,1,4019.10,1,4019.30,2,4019.40,5,4019.50,5,4019.60,6,4019.70,6,4019.80,5,Buy,133,1,134,132.00,132.00,1.00,1.70,17.6,4018.40,4020.10,4018.40,4018.70,39,23,62,16.00,20.00,-5.00,1.20,66.7,63,36,0.2500,0.0000,155.00,127.00,4024.95,-0.8222,DOWN,53.10,1.1676,1.4537
20260728 230902 146,4018.50,1,4018.30,4018.70,0.40,4018.30,4,4018.20,3,4017.80,1,4017.70,3,4017.60,1,4017.50,5,4017.40,5,4017.30,5,4017.20,5,4017.10,7,4018.70,2,4018.80,4,4019.00,1,4019.10,1,4019.30,2,4019.40,5,4019.50,6,4019.60,6,4019.70,6,4019.80,5,Sell,133,2,135,131.00,132.00,1.00,1.70,5.9,4018.40,4020.10,4018.40,4018.50,39,23,62,16.00,20.00,-5.00,1.20,66.7,63,36,0.2500,0.0076,154.00,126.00,4024.94,-0.8286,DOWN,53.10,1.1676,1.4537
20260728 230902 612,4018.30,1,4018.30,4018.60,0.30,4018.30,3,4018.20,3,4017.80,1,4017.70,3,4017.60,1,4017.50,5,4017.40,6,4017.30,5,4017.20,5,4017.10,7,4018.70,2,4018.80,4,4019.00,1,4019.10,1,4019.40,5,4019.50,6,4019.60,6,4019.70,6,4019.80,5,4019.90,5,Sell,133,3,136,130.00,132.00,1.00,1.80,5.6,4018.40,4020.10,4018.30,4018.30,39,23,62,16.00,20.00,-5.00,1.20,66.7,63,36,0.2500,0.0154,153.00,125.00,4024.92,-0.8349,DOWN,53.10,1.1676,1.4537
20260728 230913 356,4018.30,1,4018.20,4018.60,0.40,4018.20,3,4018.00,5,4017.70,4,4017.60,1,4017.50,1,4017.40,5,4017.30,5,4017.20,5,4017.10,7,4017.00,5,4018.60,1,4018.70,3,4019.10,1,4019.40,2,4019.50,6,4019.60,6,4019.70,6,4019.80,5,4019.90,5,4020.00,5,Sell,133,4,137,129.00,132.00,1.00,1.80,5.6,4018.40,4020.10,4018.30,4018.30,39,23,62,16.00,20.00,-5.00,1.20,66.7,63,36,0.2500,0.0233,152.00,124.00,4024.92,-0.8349,DOWN,53.10,1.1676,1.4537
20260728 230913 356,4018.30,1,4018.20,4018.60,0.40,4018.20,3,4018.00,5,4017.70,4,4017.60,1,4017.50,1,4017.40,5,4017.30,5,4017.20,5,4017.10,7,4017.00,5,4018.60,1,4018.70,3,4019.10,1,4019.40,2,4019.50,6,4019.60,6,4019.70,6,4019.80,5,4019.90,5,4020.00,5,Sell,133,5,138,128.00,132.00,1.00,1.80,5.6,4018.40,4020.10,4018.30,4018.30,39,23,62,16.00,20.00,-5.00,1.20,66.7,63,36,0.2500,0.0313,151.00,123.00,4024.92,-0.8349,DOWN,53.10,1.1676,1.4537
20260728 230913 356,4018.30,1,4018.20,4018.60,0.40,4018.20,3,4018.00,5,4017.70,4,4017.60,1,4017.50,1,4017.40,5,4017.30,5,4017.20,5,4017.10,7,4017.00,5,4018.60,1,4018.70,3,4019.10,1,4019.40,2,4019.50,6,4019.60,6,4019.70,6,4019.80,5,4019.90,5,4020.00,5,Sell,133,6,139,127.00,132.00,1.00,1.80,5.6,4018.40,4020.10,4018.30,4018.30,39,23,62,16.00,20.00,-5.00,1.20,66.7,63,36,0.2500,0.0394,150.00,122.00,4024.92,-0.8349,DOWN,53.10,1.1676,1.4537
20260728 230913 356,4018.20,1,4018.20,4018.60,0.40,4018.20,3,4018.00,5,4017.70,4,4017.60,1,4017.50,1,4017.40,5,4017.30,5,4017.20,5,4017.10,7,4017.00,5,4018.60,1,4018.70,3,4019.10,1,4019.40,2,4019.50,6,4019.60,6,4019.70,6,4019.80,5,4019.90,5,4020.00,5,Sell,133,7,140,126.00,132.00,1.00,1.90,10.5,4018.40,4020.10,4018.20,4018.20,39,23,62,16.00,20.00,-5.00,1.20,66.7,63,36,0.2500,0.0476,149.00,121.00,4024.91,-0.8381,DOWN,53.10,1.1676,1.4537
20260728 230913 356,4018.10,1,4018.20,4018.60,0.40,4018.20,3,4018.00,5,4017.70,4,4017.60,1,4017.50,1,4017.40,5,4017.30,5,4017.20,5,4017.10,7,4017.00,5,4018.60,1,4018.70,3,4019.10,1,4019.40,2,4019.50,6,4019.60,6,4019.70,6,4019.80,5,4019.90,5,4020.00,5,Sell,133,8,141,125.00,132.00,1.00,2.00,15.0,4018.40,4020.10,4018.10,4018.10,39,23,62,16.00,20.00,-5.00,1.20,66.7,63,36,0.2500,0.0560,148.00,120.00,4024.90,-0.8413,DOWN,53.10,1.1676,1.4537
20260728 230913 356,4018.10,1,4018.20,4018.60,0.40,4018.20,3,4018.00,5,4017.70,4,4017.60,1,4017.50,1,4017.40,5,4017.30,5,4017.20,5,4017.10,7,4017.00,5,4018.60,1,4018.70,3,4019.10,1,4019.40,2,4019.50,6,4019.60,6,4019.70,6,4019.80,5,4019.90,5,4020.00,5,Sell,133,9,142,124.00,132.00,1.00,2.00,15.0,4018.40,4020.10,4018.10,4018.10,39,23,62,16.00,20.00,-5.00,1.20,66.7,63,36,0.2500,0.0645,147.00,119.00,4024.90,-0.8413,DOWN,53.10,1.1676,1.4537
20260728 230913 356,4018.00,1,4018.20,4018.60,0.40,4018.20,3,4018.00,5,4017.70,4,4017.60,1,4017.50,1,4017.40,5,4017.30,5,4017.20,5,4017.10,7,4017.00,5,4018.60,1,4018.70,3,4019.10,1,4019.40,2,4019.50,6,4019.60,6,4019.70,6,4019.80,5,4019.90,5,4020.00,5,Sell,133,10,143,123.00,132.00,1.00,2.10,19.0,4018.40,4020.10,4018.00,4018.00,39,23,62,16.00,20.00,-5.00,1.20,66.7,63,36,0.2500,0.0732,146.00,118.00,4024.89,-0.8444,DOWN,53.10,1.1676,1.4609
20260728 230913 356,4018.00,2,4018.20,4018.60,0.40,4018.20,3,4018.00,5,4017.70,4,4017.60,1,4017.50,1,4017.40,5,4017.30,5,4017.20,5,4017.10,7,4017.00,5,4018.60,1,4018.70,3,4019.10,1,4019.40,2,4019.50,6,4019.60,6,4019.70,6,4019.80,5,4019.90,5,4020.00,5,Sell,133,12,145,121.00,132.00,1.00,2.10,19.0,4018.40,4020.10,4018.00,4018.00,39,23,62,16.00,20.00,-5.00,1.20,66.7,63,36,0.2500,0.0909,144.00,116.00,4024.89,-0.8444,DOWN,53.10,1.1676,1.4609
20260728 230913 356,4017.90,1,4018.20,4018.60,0.40,4018.20,3,4018.00,5,4017.70,4,4017.60,1,4017.50,1,4017.40,5,4017.30,5,4017.20,5,4017.10,7,4017.00,5,4018.60,1,4018.70,3,4019.10,1,4019.40,2,4019.50,6,4019.60,6,4019.70,6,4019.80,5,4019.90,5,4020.00,5,Sell,133,13,146,120.00,132.00,1.00,2.20,22.7,4018.40,4020.10,4017.90,4017.90,39,23,62,16.00,20.00,-5.00,1.20,66.7,63,36,0.2500,0.1000,143.00,115.00,4024.88,-0.8476,DOWN,53.10,1.1676,1.4680
20260728 230933 892,4018.00,1,4018.00,4018.20,0.20,4018.00,1,4017.90,1,4017.80,3,4017.70,1,4017.60,1,4017.40,5,4017.30,5,4017.20,5,4017.10,7,4017.00,5,4018.20,1,4018.30,3,4018.50,1,4019.10,1,4019.20,5,4019.30,5,4019.40,5,4019.50,5,4019.60,6,4019.70,6,Sell,133,14,147,119.00,132.00,1.00,2.20,18.2,4018.40,4020.10,4017.90,4018.00,39,23,62,16.00,20.00,-5.00,1.20,66.7,63,36,0.2500,0.1092,142.00,114.00,4024.89,-0.8444,DOWN,53.10,1.1676,1.4680
20260728 230936 724,4017.70,1,4017.60,4018.00,0.40,4017.60,3,4017.50,3,4017.30,2,4017.20,5,4017.10,7,4017.00,5,4016.90,5,4016.80,5,4016.70,5,4016.60,5,4018.00,1,4018.10,2,4018.50,2,4018.70,1,4018.80,1,4018.90,5,4019.00,5,4019.10,6,4019.20,6,4019.30,5,Sell,133,15,148,118.00,132.00,1.00,2.40,29.2,4018.40,4020.10,4017.70,4017.70,39,23,62,16.00,20.00,-5.00,1.20,66.7,63,36,0.2500,0.1186,141.00,113.00,4024.86,-0.8539,DOWN,53.10,1.1676,1.4823
20260728 230938 089,4017.60,1,4017.40,4017.80,0.40,4017.40,2,4017.30,4,4017.10,1,4016.50,1,4016.40,10,4016.20,5,4016.10,5,4016.00,6,4015.90,5,4015.80,5,4017.80,2,4017.90,3,4018.50,2,4018.70,2,4018.80,1,4018.90,5,4019.00,5,4019.10,6,4019.20,5,4019.50,5,Sell,133,16,149,117.00,132.00,1.00,2.50,32.0,4018.40,4020.10,4017.60,4017.60,39,23,62,16.00,20.00,-5.00,1.20,66.7,63,36,0.2500,0.1282,140.00,112.00,4024.85,-0.8571,DOWN,53.10,1.1676,1.4894
20260728 230938 376,4017.60,1,4017.60,4018.00,0.40,4017.60,2,4017.50,2,4017.10,2,4016.80,8,4016.70,5,4016.60,5,4016.50,5,4016.40,15,4016.30,5,4016.20,5,4018.00,2,4018.10,4,4018.50,2,4018.70,2,4018.80,6,4018.90,5,4019.00,5,4019.10,6,4019.20,5,4019.30,5,Sell,133,17,150,116.00,132.00,1.00,2.50,32.0,4018.40,4020.10,4017.60,4017.60,39,23,62,16.00,20.00,-5.00,1.20,66.7,63,36,0.2500,0.1379,139.00,111.00,4024.85,-0.8571,DOWN,53.10,1.1676,1.4894
20260728 230938 576,4017.60,1,4017.50,4017.90,0.40,4017.60,2,4017.50,2,4017.10,2,4016.90,2,4016.80,6,4016.70,5,4016.60,5,4016.50,5,4016.40,15,4016.30,5,4018.00,2,4018.10,4,4018.50,2,4018.70,2,4018.80,6,4018.90,5,4019.00,5,4019.10,6,4019.20,5,4019.30,5,Sell,133,18,151,115.00,132.00,1.00,2.50,32.0,4018.40,4020.10,4017.60,4017.60,39,23,62,16.00,20.00,-5.00,1.20,66.7,63,36,0.2500,0.1478,138.00,110.00,4024.85,-0.8571,DOWN,53.10,1.1676,1.4894
20260728 230938 579,4017.50,1,4017.50,4017.90,0.40,4017.60,2,4017.50,2,4017.10,2,4016.90,2,4016.80,6,4016.70,5,4016.60,5,4016.50,5,4016.40,15,4016.30,5,4018.00,2,4018.10,4,4018.50,2,4018.70,2,4018.80,6,4018.90,5,4019.00,5,4019.10,6,4019.20,5,4019.30,5,Sell,133,19,152,114.00,132.00,1.00,2.60,34.6,4018.40,4020.10,4017.50,4017.50,39,23,62,16.00,20.00,-5.00,1.20,66.7,63,36,0.2500,0.1579,137.00,109.00,4024.84,-0.8603,DOWN,53.10,1.1676,1.4966
20260728 230938 579,4017.50,1,4017.50,4017.90,0.40,4017.60,2,4017.50,2,4017.10,2,4016.90,2,4016.80,6,4016.70,5,4016.60,5,4016.50,5,4016.40,15,4016.30,5,4018.00,2,4018.10,4,4018.50,2,4018.70,2,4018.80,6,4018.90,5,4019.00,5,4019.10,6,4019.20,5,4019.30,5,Sell,133,20,153,113.00,132.00,1.00,2.60,34.6,4018.40,4020.10,4017.50,4017.50,39,23,62,16.00,20.00,-5.00,1.20,66.7,63,36,0.2500,0.1681,136.00,108.00,4024.84,-0.8603,DOWN,53.10,1.1676,1.4966
20260728 230938 581,4017.50,1,4017.50,4017.90,0.40,4017.60,2,4017.50,2,4017.10,2,4016.90,2,4016.80,6,4016.70,5,4016.60,5,4016.50,5,4016.40,15,4016.30,5,4018.00,2,4018.10,4,4018.50,2,4018.70,2,4018.80,6,4018.90,5,4019.00,5,4019.10,6,4019.20,5,4019.30,5,Sell,133,21,154,112.00,132.00,1.00,2.60,34.6,4018.40,4020.10,4017.50,4017.50,39,23,62,16.00,20.00,-5.00,1.20,66.7,63,36,0.2500,0.1786,135.00,107.00,4024.84,-0.8603,DOWN,53.10,1.1676,1.4966
20260728 230945 273,4017.50,1,4017.50,4017.60,0.10,4017.20,2,4017.10,7,4017.00,10,4016.70,5,4016.60,5,4016.50,6,4016.40,5,4016.30,5,4016.20,5,4016.10,5,4017.60,3,4017.70,2,4018.00,1,4018.50,1,4018.70,2,4018.80,6,4018.90,5,4019.00,6,4019.10,6,4019.20,5,Sell,133,22,155,111.00,132.00,1.00,2.60,34.6,4018.40,4020.10,4017.50,4017.50,39,23,62,16.00,20.00,-5.00,1.20,66.7,63,36,0.2500,0.1892,134.00,106.00,4024.84,-0.8603,DOWN,53.10,1.1676,1.4966
20260728 230952 197,4017.10,1,4017.10,4017.50,0.40,4017.00,13,4016.90,5,4016.40,6,4016.30,5,4016.20,5,4016.10,5,4016.00,6,4015.90,5,4015.80,5,4015.70,5,4017.50,3,4017.60,2,4018.00,1,4018.10,1,4018.20,3,4018.50,6,4018.60,5,4018.70,5,4018.80,6,4018.90,5,Sell,133,23,156,110.00,132.00,1.00,3.00,43.3,4018.40,4020.10,4017.10,4017.10,39,23,62,16.00,20.00,-5.00,1.20,66.7,63,36,0.2500,0.2000,133.00,105.00,4024.80,-0.8730,DOWN,53.10,1.1676,1.5252
20260728 230952 197,4017.10,1,4017.10,4017.50,0.40,4017.00,13,4016.90,5,4016.40,6,4016.30,5,4016.20,5,4016.10,5,4016.00,6,4015.90,5,4015.80,5,4015.70,5,4017.50,3,4017.60,2,4018.00,1,4018.10,1,4018.20,3,4018.50,6,4018.60,5,4018.70,5,4018.80,6,4018.90,5,Sell,133,24,157,109.00,132.00,1.00,3.00,43.3,4018.40,4020.10,4017.10,4017.10,39,23,62,16.00,20.00,-5.00,1.20,66.7,63,36,0.2500,0.2110,132.00,104.00,4024.80,-0.8730,DOWN,53.10,1.1676,1.5252
20260728 230952 197,4017.10,1,4017.10,4017.50,0.40,4017.00,13,4016.90,5,4016.40,6,4016.30,5,4016.20,5,4016.10,5,4016.00,6,4015.90,5,4015.80,5,4015.70,5,4017.50,3,4017.60,2,4018.00,1,4018.10,1,4018.20,3,4018.50,6,4018.60,5,4018.70,5,4018.80,6,4018.90,5,Sell,133,25,158,108.00,132.00,1.00,3.00,43.3,4018.40,4020.10,4017.10,4017.10,39,23,62,16.00,20.00,-5.00,1.20,66.7,63,36,0.2500,0.2222,131.00,103.00,4024.80,-0.8730,DOWN,53.10,1.1676,1.5252
20260728 230952 197,4017.00,2,4017.10,4017.50,0.40,4017.00,13,4016.90,5,4016.40,6,4016.30,5,4016.20,5,4016.10,5,4016.00,6,4015.90,5,4015.80,5,4015.70,5,4017.50,3,4017.60,2,4018.00,1,4018.10,1,4018.20,3,4018.50,6,4018.60,5,4018.70,5,4018.80,6,4018.90,5,Sell,133,27,160,106.00,132.00,1.00,3.10,45.2,4018.40,4020.10,4017.00,4017.00,39,23,62,16.00,20.00,-5.00,1.20,66.7,63,36,0.2500,0.2453,129.00,101.00,4024.79,-0.8762,DOWN,53.10,1.1676,1.5323
20260728 230954 613,4017.30,1,4017.30,4017.40,0.10,4017.30,1,4017.10,1,4016.50,3,4016.40,14,4016.30,5,4016.20,5,4016.10,5,4016.00,6,4015.90,5,4015.80,5,4017.40,1,4017.50,3,4018.00,1,4018.10,2,4018.20,3,4018.50,6,4018.60,5,4018.70,5,4018.80,6,4018.90,5,Sell,133,28,161,105.00,132.00,1.00,3.10,35.5,4018.40,4020.10,4017.00,4017.30,39,23,62,16.00,20.00,-5.00,1.20,66.7,63,36,0.2500,0.2571,128.00,100.00,4024.82,-0.8666,DOWN,53.10,1.1676,1.5323
20260728 231002 047,4017.50,1,4017.10,4017.50,0.40,4017.10,9,4017.00,4,4016.50,5,4016.40,5,4016.30,5,4016.20,5,4016.10,5,4016.00,6,4015.90,5,4015.80,5,4017.50,1,4017.60,1,4018.00,1,4018.10,2,4018.20,3,4018.50,6,4018.60,5,4018.70,5,4018.80,6,4018.90,5,Buy,1,0,1,1.00,1.00,1.00,0.00,0.0,4017.50,4017.50,4017.50,4017.50,133,28,161,105.00,132.00,1.00,3.10,35.5,-45,42,0.2571,0.0000,133.00,123.00,4024.84,-0.8603,DOWN,52.15,3.0872,1.4371
20260728 231005 111,4017.50,1,4017.20,4017.90,0.70,4017.20,3,4017.10,2,4016.60,2,4016.50,5,4016.40,5,4016.30,6,4016.20,5,4016.10,5,4016.00,6,4015.90,5,4017.90,3,4018.00,3,4018.10,2,4018.20,3,4018.50,6,4018.60,5,4018.70,5,4018.80,6,4018.90,5,4019.00,6,Buy,2,0,2,2.00,2.00,1.00,0.00,0.0,4017.50,4017.50,4017.50,4017.50,133,28,161,105.00,132.00,1.00,3.10,35.5,-45,42,0.2571,0.0000,134.00,124.00,4024.84,-0.8603,DOWN,52.15,3.0872,1.4371
20260728 231005 111,4017.50,1,4017.20,4017.90,0.70,4017.20,3,4017.10,2,4016.60,2,4016.50,5,4016.40,5,4016.30,6,4016.20,5,4016.10,5,4016.00,6,4015.90,5,4017.90,3,4018.00,3,4018.10,2,4018.20,3,4018.50,6,4018.60,5,4018.70,5,4018.80,6,4018.90,5,4019.00,6,Buy,3,0,3,3.00,3.00,1.00,0.00,0.0,4017.50,4017.50,4017.50,4017.50,133,28,161,105.00,132.00,1.00,3.10,35.5,-45,42,0.2571,0.0000,135.00,125.00,4024.84,-0.8603,DOWN,52.15,3.0872,1.4371
20260728 231005 111,4017.60,1,4017.20,4017.90,0.70,4017.20,3,4017.10,2,4016.60,2,4016.50,5,4016.40,5,4016.30,6,4016.20,5,4016.10,5,4016.00,6,4015.90,5,4017.90,3,4018.00,3,4018.10,2,4018.20,3,4018.50,6,4018.60,5,4018.70,5,4018.80,6,4018.90,5,4019.00,6,Buy,4,0,4,4.00,4.00,1.00,0.10,100.0,4017.50,4017.60,4017.50,4017.60,133,28,161,105.00,132.00,1.00,3.10,35.5,-45,42,0.2571,0.0000,136.00,126.00,4024.85,-0.8571,DOWN,52.15,3.0872,1.4443
20260728 231005 111,4017.70,1,4017.20,4017.90,0.70,4017.20,3,4017.10,2,4016.60,2,4016.50,5,4016.40,5,4016.30,6,4016.20,5,4016.10,5,4016.00,6,4015.90,5,4017.90,3,4018.00,3,4018.10,2,4018.20,3,4018.50,6,4018.60,5,4018.70,5,4018.80,6,4018.90,5,4019.00,6,Buy,5,0,5,5.00,5.00,1.00,0.20,100.0,4017.50,4017.70,4017.50,4017.70,133,28,161,105.00,132.00,1.00,3.10,35.5,-45,42,0.2571,0.0000,137.00,127.00,4024.86,-0.8539,DOWN,52.15,3.0872,1.4514
20260728 231005 111,4017.70,1,4017.20,4017.90,0.70,4017.20,3,4017.10,2,4016.60,2,4016.50,5,4016.40,5,4016.30,6,4016.20,5,4016.10,5,4016.00,6,4015.90,5,4017.90,3,4018.00,3,4018.10,2,4018.20,3,4018.50,6,4018.60,5,4018.70,5,4018.80,6,4018.90,5,4019.00,6,Buy,6,0,6,6.00,6.00,1.00,0.20,100.0,4017.50,4017.70,4017.50,4017.70,133,28,161,105.00,132.00,1.00,3.10,35.5,-45,42,0.2571,0.0000,138.00,128.00,4024.86,-0.8539,DOWN,52.15,3.0872,1.4514
20260728 231005 111,4017.80,2,4017.20,4017.90,0.70,4017.20,3,4017.10,2,4016.60,2,4016.50,5,4016.40,5,4016.30,6,4016.20,5,4016.10,5,4016.00,6,4015.90,5,4017.90,3,4018.00,3,4018.10,2,4018.20,3,4018.50,6,4018.60,5,4018.70,5,4018.80,6,4018.90,5,4019.00,6,Buy,8,0,8,8.00,8.00,1.00,0.30,100.0,4017.50,4017.80,4017.50,4017.80,133,28,161,105.00,132.00,1.00,3.10,35.5,-45,42,0.2571,0.0000,140.00,130.00,4024.87,-0.8508,DOWN,52.15,3.0872,1.4586
20260728 231005 111,4017.90,1,4017.20,4017.90,0.70,4017.20,3,4017.10,2,4016.60,2,4016.50,5,4016.40,5,4016.30,6,4016.20,5,4016.10,5,4016.00,6,4015.90,5,4017.90,3,4018.00,3,4018.10,2,4018.20,3,4018.50,6,4018.60,5,4018.70,5,4018.80,6,4018.90,5,4019.00,6,Buy,9,0,9,9.00,9.00,1.00,0.40,100.0,4017.50,4017.90,4017.50,4017.90,133,28,161,105.00,132.00,1.00,3.10,35.5,-45,42,0.2571,0.0000,141.00,131.00,4024.88,-0.8476,DOWN,52.15,3.0872,1.4657
20260728 231005 115,4017.50,1,4017.20,4017.90,0.70,4017.20,3,4017.10,2,4016.60,2,4016.50,5,4016.40,5,4016.30,6,4016.20,5,4016.10,5,4016.00,6,4015.90,5,4017.90,3,4018.00,3,4018.10,2,4018.20,3,4018.50,6,4018.60,5,4018.70,5,4018.80,6,4018.90,5,4019.00,6,Buy,10,0,10,10.00,10.00,1.00,0.40,0.0,4017.50,4017.90,4017.50,4017.50,133,28,161,105.00,132.00,1.00,3.10,35.5,-45,42,0.2571,0.0000,142.00,132.00,4024.84,-0.8603,DOWN,52.15,3.0872,1.4657
20260728 231006 228,4017.10,1,4017.00,4017.10,0.10,4017.00,4,4016.90,6,4016.60,2,4016.50,5,4016.40,5,4016.30,5,4016.20,5,4016.10,5,4016.00,6,4015.90,5,4017.50,2,4017.60,2,4018.00,2,4018.10,2,4018.20,3,4018.40,5,4018.50,6,4018.60,5,4018.70,5,4018.80,6,Sell,10,1,11,9.00,10.00,1.00,0.80,50.0,4017.50,4017.90,4017.10,4017.10,133,28,161,105.00,132.00,1.00,3.10,35.5,-45,42,0.2571,0.1111,141.00,131.00,4024.80,-0.8730,DOWN,52.15,3.0872,1.4800
20260728 231006 228,4017.10,2,4017.00,4017.10,0.10,4017.00,4,4016.90,6,4016.60,2,4016.50,5,4016.40,5,4016.30,5,4016.20,5,4016.10,5,4016.00,6,4015.90,5,4017.50,2,4017.60,2,4018.00,2,4018.10,2,4018.20,3,4018.40,5,4018.50,6,4018.60,5,4018.70,5,4018.80,6,Sell,10,3,13,7.00,10.00,1.00,0.80,50.0,4017.50,4017.90,4017.10,4017.10,133,28,161,105.00,132.00,1.00,3.10,35.5,-45,42,0.2571,0.4286,139.00,129.00,4024.80,-0.8730,DOWN,52.15,3.0872,1.4800
20260728 231006 230,4017.10,2,4017.00,4017.10,0.10,4017.00,4,4016.90,6,4016.60,2,4016.50,5,4016.40,5,4016.30,5,4016.20,5,4016.10,5,4016.00,6,4015.90,5,4017.50,2,4017.60,2,4018.00,2,4018.10,2,4018.20,3,4018.40,5,4018.50,6,4018.60,5,4018.70,5,4018.80,6,Buy,12,3,15,9.00,10.00,1.00,0.80,50.0,4017.50,4017.90,4017.10,4017.10,133,28,161,105.00,132.00,1.00,3.10,35.5,-45,42,0.2571,0.1111,141.00,131.00,4024.80,-0.8730,DOWN,52.15,3.0872,1.4800
20260728 231007 494,4017.40,1,4017.00,4017.40,0.40,4017.00,3,4016.90,6,4016.60,2,4016.50,5,4016.40,5,4016.30,6,4016.20,5,4016.10,5,4016.00,6,4015.90,5,4017.40,1,4017.50,2,4018.00,2,4018.10,1,4018.20,3,4018.40,5,4018.50,6,4018.60,5,4018.70,5,4018.80,6,Buy,13,3,16,10.00,10.00,1.00,0.80,12.5,4017.50,4017.90,4017.10,4017.40,133,28,161,105.00,132.00,1.00,3.10,35.5,-45,42,0.2571,0.0000,142.00,132.00,4024.83,-0.8635,DOWN,52.15,3.0872,1.4800
20260728 231017 856,4018.00,1,4017.80,4018.00,0.20,4017.80,1,4017.70,1,4016.80,3,4016.70,5,4016.60,7,4016.50,5,4016.40,5,4016.30,5,4016.20,5,4016.10,5,4018.00,1,4018.10,2,4018.20,3,4018.30,4,4018.50,1,4018.70,5,4018.80,5,4018.90,5,4019.00,5,4019.10,6,Buy,14,3,17,11.00,11.00,1.00,0.90,55.6,4017.50,4018.00,4017.10,4018.00,133,28,161,105.00,132.00,1.00,3.10,35.5,-45,42,0.2571,0.0000,143.00,133.00,4024.89,-0.8444,DOWN,52.15,3.0872,1.4871
20260728 231018 417,4018.00,1,4017.90,4018.20,0.30,4017.90,1,4017.80,3,4016.80,3,4016.70,6,4016.60,7,4016.50,5,4016.40,5,4016.30,5,4016.20,5,4016.10,5,4018.20,3,4018.30,1,4018.40,4,4018.70,5,4018.80,5,4018.90,5,4019.00,5,4019.10,6,4019.20,5,4019.30,5,Buy,15,3,18,12.00,12.00,1.00,0.90,55.6,4017.50,4018.00,4017.10,4018.00,133,28,161,105.00,132.00,1.00,3.10,35.5,-45,42,0.2571,0.0000,144.00,134.00,4024.89,-0.8444,DOWN,52.15,3.0872,1.4871
20260728 231024 004,4018.20,3,4018.00,4018.20,0.20,4018.10,1,4018.00,1,4017.00,7,4016.80,1,4016.70,3,4016.60,6,4016.50,5,4016.40,5,4016.30,5,4016.20,5,4018.40,1,4018.50,3,4018.90,5,4019.00,5,4019.10,6,4019.20,5,4019.30,5,4019.40,5,4019.50,5,4019.60,6,Buy,18,3,21,15.00,15.00,1.00,1.10,63.6,4017.50,4018.20,4017.10,4018.20,133,28,161,105.00,132.00,1.00,3.10,35.5,-45,42,0.2571,0.0000,147.00,137.00,4024.91,-0.8381,DOWN,52.15,3.0872,1.5014
20260728 231025 948,4018.60,1,4018.60,4018.90,0.30,4018.60,1,4018.50,3,4017.40,8,4017.30,5,4017.20,5,4017.10,6,4017.00,5,4016.90,5,4016.80,5,4016.70,5,4018.90,1,4019.20,2,4019.40,3,4019.60,9,4019.70,6,4019.80,5,4019.90,5,4020.00,5,4020.10,6,4020.20,6,Sell,18,4,22,14.00,15.00,1.00,1.50,73.3,4017.50,4018.60,4017.10,4018.60,133,28,161,105.00,132.00,1.00,3.10,35.5,-45,42,0.2571,0.0714,146.00,136.00,4024.94,-0.8254,DOWN,52.15,3.0872,1.5300
20260728 231025 949,4018.60,1,4018.60,4018.90,0.30,4018.60,1,4018.50,3,4017.40,8,4017.30,5,4017.20,5,4017.10,6,4017.00,5,4016.90,5,4016.80,5,4016.70,5,4018.90,1,4019.20,2,4019.40,3,4019.60,9,4019.70,6,4019.80,5,4019.90,5,4020.00,5,4020.10,6,4020.20,6,Sell,18,5,23,13.00,15.00,1.00,1.50,73.3,4017.50,4018.60,4017.10,4018.60,133,28,161,105.00,132.00,1.00,3.10,35.5,-45,42,0.2571,0.1538,145.00,135.00,4024.94,-0.8254,DOWN,52.15,3.0872,1.5300
20260728 231027 573,4018.60,1,4018.60,4019.00,0.40,4018.60,1,4018.50,3,4017.50,2,4017.40,6,4017.30,5,4017.20,5,4017.10,6,4017.00,5,4016.90,5,4016.80,5,4019.00,3,4019.10,2,4019.20,1,4019.30,10,4019.60,1,4019.70,1,4019.80,5,4019.90,5,4020.00,5,4020.10,7,Sell,18,6,24,12.00,15.00,1.00,1.50,73.3,4017.50,4018.60,4017.10,4018.60,133,28,161,105.00,132.00,1.00,3.10,35.5,-45,42,0.2571,0.2500,144.00,134.00,4024.94,-0.8254,DOWN,52.15,3.0872,1.5300
20260728 231028 620,4018.80,1,4018.90,4019.20,0.30,4018.90,2,4018.80,2,4017.50,3,4017.40,6,4017.30,5,4017.20,5,4017.10,6,4017.00,5,4016.90,5,4016.80,5,4019.20,4,4019.30,13,4019.80,5,4019.90,5,4020.00,5,4020.10,6,4020.20,6,4020.30,7,4020.40,6,4020.50,7,Buy,19,6,25,13.00,15.00,1.00,1.70,76.5,4017.50,4018.80,4017.10,4018.80,133,28,161,105.00,132.00,1.00,3.10,35.5,-45,42,0.2571,0.1538,145.00,135.00,4024.96,-0.8190,DOWN,52.15,3.0872,1.5443
20260728 231030 442,4019.30,10,4019.00,4019.40,0.40,4019.00,2,4018.90,2,4018.10,4,4017.90,1,4017.80,8,4017.70,5,4017.60,5,4017.50,5,4017.40,6,4017.30,5,4019.40,2,4019.50,4,4020.10,4,4020.20,1,4020.30,2,4020.40,6,4020.50,7,4020.60,6,4020.70,5,4020.80,6,Buy,29,6,35,23.00,23.00,1.00,2.20,81.8,4017.50,4019.30,4017.10,4019.30,133,28,161,105.00,132.00,1.00,3.10,35.5,-45,42,0.2571,0.0000,155.00,145.00,4025.01,-0.8032,DOWN,52.15,3.0872,1.5800
20260728 231040 861,4020.20,1,4019.10,4019.50,0.40,4019.10,2,4019.00,2,4018.10,2,4018.00,3,4017.90,1,4017.80,5,4017.70,5,4017.60,5,4017.50,5,4017.40,6,4019.50,1,4019.60,3,4020.30,2,4020.40,1,4020.50,2,4020.60,6,4020.70,5,4020.80,6,4020.90,20,4021.00,9,Buy,30,6,36,24.00,24.00,1.00,3.10,87.1,4017.50,4020.20,4017.10,4020.20,133,28,161,105.00,132.00,1.00,3.10,35.5,-45,42,0.2571,0.0000,156.00,146.00,4025.10,-0.7746,DOWN,52.15,3.0872,1.6443
20260728 231040 861,4020.20,1,4019.10,4019.50,0.40,4019.10,2,4019.00,2,4018.10,2,4018.00,3,4017.90,1,4017.80,5,4017.70,5,4017.60,5,4017.50,5,4017.40,6,4019.50,1,4019.60,3,4020.30,2,4020.40,1,4020.50,2,4020.60,6,4020.70,5,4020.80,6,4020.90,20,4021.00,9,Buy,31,6,37,25.00,25.00,1.00,3.10,87.1,4017.50,4020.20,4017.10,4020.20,133,28,161,105.00,132.00,1.00,3.10,35.5,-45,42,0.2571,0.0000,157.00,147.00,4025.10,-0.7746,DOWN,52.15,3.0872,1.6443
20260728 231040 861,4020.20,1,4019.10,4019.50,0.40,4019.10,2,4019.00,2,4018.10,2,4018.00,3,4017.90,1,4017.80,5,4017.70,5,4017.60,5,4017.50,5,4017.40,6,4019.50,1,4019.60,3,4020.30,2,4020.40,1,4020.50,2,4020.60,6,4020.70,5,4020.80,6,4020.90,20,4021.00,9,Buy,32,6,38,26.00,26.00,1.00,3.10,87.1,4017.50,4020.20,4017.10,4020.20,133,28,161,105.00,132.00,1.00,3.10,35.5,-45,42,0.2571,0.0000,158.00,148.00,4025.10,-0.7746,DOWN,52.15,3.0872,1.6443
20260728 231040 861,4020.20,2,4019.10,4019.50,0.40,4019.10,2,4019.00,2,4018.10,2,4018.00,3,4017.90,1,4017.80,5,4017.70,5,4017.60,5,4017.50,5,4017.40,6,4019.50,1,4019.60,3,4020.30,2,4020.40,1,4020.50,2,4020.60,6,4020.70,5,4020.80,6,4020.90,20,4021.00,9,Buy,34,6,40,28.00,28.00,1.00,3.10,87.1,4017.50,4020.20,4017.10,4020.20,133,28,161,105.00,132.00,1.00,3.10,35.5,-45,42,0.2571,0.0000,160.00,150.00,4025.10,-0.7746,DOWN,52.15,3.0872,1.6443
20260728 231043 651,4019.10,1,4019.10,4019.50,0.40,4019.10,1,4019.00,2,4018.30,2,4018.20,8,4018.10,6,4018.00,8,4017.90,6,4017.80,5,4017.70,5,4017.60,5,4019.50,2,4019.60,2,4020.30,4,4020.50,2,4020.60,6,4020.70,5,4020.80,6,4020.90,20,4021.00,9,4021.10,5,Sell,34,7,41,27.00,28.00,1.00,3.10,51.6,4017.50,4020.20,4017.10,4019.10,133,28,161,105.00,132.00,1.00,3.10,35.5,-45,42,0.2571,0.0370,159.00,149.00,4024.99,-0.8095,DOWN,52.15,3.0872,1.6443
20260728 231043 651,4019.10,1,4019.10,4019.50,0.40,4019.10,1,4019.00,2,4018.30,2,4018.20,8,4018.10,6,4018.00,8,4017.90,6,4017.80,5,4017.70,5,4017.60,5,4019.50,2,4019.60,2,4020.30,4,4020.50,2,4020.60,6,4020.70,5,4020.80,6,4020.90,20,4021.00,9,4021.10,5,Sell,34,8,42,26.00,28.00,1.00,3.10,51.6,4017.50,4020.20,4017.10,4019.10,133,28,161,105.00,132.00,1.00,3.10,35.5,-45,42,0.2571,0.0769,158.00,148.00,4024.99,-0.8095,DOWN,52.15,3.0872,1.6443
20260728 231043 651,4019.00,1,4019.10,4019.50,0.40,4019.10,1,4019.00,2,4018.30,2,4018.20,8,4018.10,6,4018.00,8,4017.90,6,4017.80,5,4017.70,5,4017.60,5,4019.50,2,4019.60,2,4020.30,4,4020.50,2,4020.60,6,4020.70,5,4020.80,6,4020.90,20,4021.00,9,4021.10,5,Sell,34,9,43,25.00,28.00,1.00,3.10,48.4,4017.50,4020.20,4017.10,4019.00,133,28,161,105.00,132.00,1.00,3.10,35.5,-45,42,0.2571,0.1200,157.00,147.00,4024.98,-0.8127,DOWN,52.15,3.0872,1.6443
20260728 231045 108,4018.90,1,4018.60,4019.00,0.40,4018.60,2,4018.50,3,4018.20,3,4017.80,1,4017.70,3,4017.60,5,4017.50,5,4017.40,6,4017.30,5,4017.20,5,4019.00,1,4019.10,2,4020.30,4,4020.50,2,4020.60,6,4020.70,5,4020.80,6,4020.90,20,4021.00,9,4021.10,5,Buy,35,9,44,26.00,28.00,1.00,3.10,45.2,4017.50,4020.20,4017.10,4018.90,133,28,161,105.00,132.00,1.00,3.10,35.5,-45,42,0.2571,0.0769,158.00,148.00,4024.97,-0.8159,DOWN,52.15,3.0872,1.6443
20260728 231045 305,4019.20,1,4018.80,4019.30,0.50,4018.80,3,4018.70,3,4017.90,2,4017.80,5,4017.70,7,4017.60,5,4017.50,5,4017.40,7,4017.30,5,4017.20,5,4019.30,3,4019.40,4,4020.10,2,4020.20,7,4020.30,9,4020.40,5,4020.50,7,4020.60,6,4020.70,5,4020.80,6,Buy,36,9,45,27.00,28.00,1.00,3.10,54.8,4017.50,4020.20,4017.10,4019.20,133,28,161,105.00,132.00,1.00,3.10,35.5,-45,42,0.2571,0.0370,159.00,149.00,4025.00,-0.8063,DOWN,52.15,3.0872,1.6443
20260728 231048 087,4019.20,1,4018.80,4019.30,0.50,4018.80,2,4018.70,3,4017.90,3,4017.80,5,4017.70,7,4017.60,5,4017.50,5,4017.40,6,4017.30,5,4017.20,5,4019.30,3,4019.40,3,4019.90,6,4020.00,6,4020.10,8,4020.20,6,4020.30,8,4020.40,5,4020.50,7,4020.60,6,Buy,37,9,46,28.00,28.00,1.00,3.10,54.8,4017.50,4020.20,4017.10,4019.20,133,28,161,105.00,132.00,1.00,3.10,35.5,-45,42,0.2571,0.0000,160.00,150.00,4025.00,-0.8063,DOWN,52.15,3.0872,1.6443
20260728 231048 087,4019.30,1,4018.80,4019.30,0.50,4018.80,2,4018.70,3,4017.90,3,4017.80,5,4017.70,7,4017.60,5,4017.50,5,4017.40,6,4017.30,5,4017.20,5,4019.30,3,4019.40,3,4019.90,6,4020.00,6,4020.10,8,4020.20,6,4020.30,8,4020.40,5,4020.50,7,4020.60,6,Buy,38,9,47,29.00,29.00,1.00,3.10,58.1,4017.50,4020.20,4017.10,4019.30,133,28,161,105.00,132.00,1.00,3.10,35.5,-45,42,0.2571,0.0000,161.00,151.00,4025.01,-0.8032,DOWN,52.15,3.0872,1.6443
20260728 231048 087,4019.30,1,4018.80,4019.30,0.50,4018.80,2,4018.70,3,4017.90,3,4017.80,5,4017.70,7,4017.60,5,4017.50,5,4017.40,6,4017.30,5,4017.20,5,4019.30,3,4019.40,3,4019.90,6,4020.00,6,4020.10,8,4020.20,6,4020.30,8,4020.40,5,4020.50,7,4020.60,6,Buy,39,9,48,30.00,30.00,1.00,3.10,58.1,4017.50,4020.20,4017.10,4019.30,133,28,161,105.00,132.00,1.00,3.10,35.5,-45,42,0.2571,0.0000,162.00,152.00,4025.01,-0.8032,DOWN,52.15,3.0872,1.6443
20260728 231048 105,4019.20,1,4018.80,4019.30,0.50,4018.80,2,4018.70,3,4017.90,3,4017.80,5,4017.70,7,4017.60,5,4017.50,5,4017.40,6,4017.30,5,4017.20,5,4019.30,3,4019.40,3,4019.90,6,4020.00,6,4020.10,8,4020.20,6,4020.30,8,4020.40,5,4020.50,7,4020.60,6,Buy,40,9,49,31.00,31.00,1.00,3.10,54.8,4017.50,4020.20,4017.10,4019.20,133,28,161,105.00,132.00,1.00,3.10,35.5,-45,42,0.2571,0.0000,163.00,153.00,4025.00,-0.8063,DOWN,52.15,3.0872,1.6443
20260728 231105 653,4018.80,1,4018.60,4018.90,0.30,4018.60,1,4018.50,2,4017.90,7,4017.80,5,4017.70,7,4017.60,5,4017.50,5,4017.40,6,4017.30,15,4017.20,5,4018.90,1,4019.00,3,4019.10,1,4019.40,2,4019.90,6,4020.00,7,4020.10,7,4020.20,6,4020.30,7,4020.40,5,Sell,0,1,1,-1.00,-1.00,-1.00,0.00,0.0,4018.80,4018.80,4018.80,4018.80,40,9,49,31.00,31.00,1.00,3.10,54.8,24,39,0.0000,0.0000,174.00,156.00,4024.96,-0.8190,DOWN,50.40,0.9722,1.5554
20260728 231108 311,4019.10,1,4018.90,4019.10,0.20,4018.90,3,4018.80,2,4017.90,7,4017.80,6,4017.70,7,4017.60,5,4017.50,5,4017.40,6,4017.30,15,4017.20,5,4019.10,1,4019.30,2,4019.40,5,4019.80,5,4019.90,1,4020.00,6,4020.10,7,4020.20,6,4020.30,2,4020.40,5,Buy,1,1,2,0.00,0.00,-1.00,0.30,100.0,4018.80,4019.10,4018.80,4019.10,40,9,49,31.00,31.00,1.00,3.10,54.8,24,39,0.0000,0.0000,175.00,157.00,4024.99,-0.8095,DOWN,50.40,0.9722,1.5554
20260728 231109 234,4019.10,1,4019.10,4019.40,0.30,4019.10,1,4019.00,3,4018.20,9,4018.10,5,4017.90,7,4017.80,5,4017.70,6,4017.60,5,4017.50,5,4017.40,6,4019.40,2,4019.50,3,4019.60,2,4019.90,1,4020.20,5,4020.30,7,4020.40,5,4020.50,7,4020.60,6,4020.70,5,Sell,1,2,3,-1.00,0.00,-1.00,0.30,100.0,4018.80,4019.10,4018.80,4019.10,40,9,49,31.00,31.00,1.00,3.10,54.8,24,39,0.0000,0.0000,174.00,156.00,4024.99,-0.8095,DOWN,50.40,0.9722,1.5554
20260728 231111 787,4019.00,1,4018.70,4019.10,0.40,4018.70,3,4018.60,4,4018.20,3,4018.10,3,4018.00,5,4017.90,5,4017.80,5,4017.70,6,4017.60,5,4017.50,5,4019.10,1,4019.20,2,4019.40,2,4019.90,1,4020.00,5,4020.10,7,4020.20,6,4020.30,7,4020.40,5,4020.50,7,Sell,1,3,4,-2.00,0.00,-2.00,0.30,66.7,4018.80,4019.10,4018.80,4019.00,40,9,49,31.00,31.00,1.00,3.10,54.8,24,39,0.0000,0.0000,173.00,155.00,4024.98,-0.8127,DOWN,50.40,0.9722,1.5554
20260728 231112 413,4019.10,1,4018.70,4019.20,0.50,4018.70,3,4018.60,4,4018.20,3,4018.10,3,4018.00,5,4017.90,5,4017.80,5,4017.70,6,4017.60,5,4017.50,5,4019.20,3,4019.30,5,4019.90,2,4020.10,2,4020.20,6,4020.30,7,4020.40,5,4020.50,7,4020.60,6,4020.70,5,Buy,2,3,5,-1.00,0.00,-2.00,0.30,100.0,4018.80,4019.10,4018.80,4019.10,40,9,49,31.00,31.00,1.00,3.10,54.8,24,39,0.0000,1.0000,174.00,156.00,4024.99,-0.8095,DOWN,50.40,0.9722,1.5554
20260728 231112 413,4019.20,1,4018.70,4019.20,0.50,4018.70,3,4018.60,4,4018.20,3,4018.10,3,4018.00,5,4017.90,5,4017.80,5,4017.70,6,4017.60,5,4017.50,5,4019.20,3,4019.30,5,4019.90,2,4020.10,2,4020.20,6,4020.30,7,4020.40,5,4020.50,7,4020.60,6,4020.70,5,Buy,3,3,6,0.00,0.00,-2.00,0.40,100.0,4018.80,4019.20,4018.80,4019.20,40,9,49,31.00,31.00,1.00,3.10,54.8,24,39,0.0000,0.0000,175.00,157.00,4025.00,-0.8063,DOWN,50.40,0.9722,1.5554
20260728 231112 413,4019.20,1,4018.70,4019.20,0.50,4018.70,3,4018.60,4,4018.20,3,4018.10,3,4018.00,5,4017.90,5,4017.80,5,4017.70,6,4017.60,5,4017.50,5,4019.20,3,4019.30,5,4019.90,2,4020.10,2,4020.20,6,4020.30,7,4020.40,5,4020.50,7,4020.60,6,4020.70,5,Buy,4,3,7,1.00,1.00,-2.00,0.40,100.0,4018.80,4019.20,4018.80,4019.20,40,9,49,31.00,31.00,1.00,3.10,54.8,24,39,0.0000,0.0000,176.00,158.00,4025.00,-0.8063,DOWN,50.40,0.9722,1.5554
20260728 231112 413,4019.30,1,4018.70,4019.20,0.50,4018.70,3,4018.60,4,4018.20,3,4018.10,3,4018.00,5,4017.90,5,4017.80,5,4017.70,6,4017.60,5,4017.50,5,4019.20,3,4019.30,5,4019.90,2,4020.10,2,4020.20,6,4020.30,7,4020.40,5,4020.50,7,4020.60,6,4020.70,5,Buy,5,3,8,2.00,2.00,-2.00,0.50,100.0,4018.80,4019.30,4018.80,4019.30,40,9,49,31.00,31.00,1.00,3.10,54.8,24,39,0.0000,0.0000,177.00,159.00,4025.01,-0.8032,DOWN,50.40,0.9722,1.5625
20260728 231112 413,4019.30,1,4018.70,4019.20,0.50,4018.70,3,4018.60,4,4018.20,3,4018.10,3,4018.00,5,4017.90,5,4017.80,5,4017.70,6,4017.60,5,4017.50,5,4019.20,3,4019.30,5,4019.90,2,4020.10,2,4020.20,6,4020.30,7,4020.40,5,4020.50,7,4020.60,6,4020.70,5,Buy,6,3,9,3.00,3.00,-2.00,0.50,100.0,4018.80,4019.30,4018.80,4019.30,40,9,49,31.00,31.00,1.00,3.10,54.8,24,39,0.0000,0.0000,178.00,160.00,4025.01,-0.8032,DOWN,50.40,0.9722,1.5625
20260728 231112 413,4019.30,1,4018.70,4019.20,0.50,4018.70,3,4018.60,4,4018.20,3,4018.10,3,4018.00,5,4017.90,5,4017.80,5,4017.70,6,4017.60,5,4017.50,5,4019.20,3,4019.30,5,4019.90,2,4020.10,2,4020.20,6,4020.30,7,4020.40,5,4020.50,7,4020.60,6,4020.70,5,Buy,7,3,10,4.00,4.00,-2.00,0.50,100.0,4018.80,4019.30,4018.80,4019.30,40,9,49,31.00,31.00,1.00,3.10,54.8,24,39,0.0000,0.0000,179.00,161.00,4025.01,-0.8032,DOWN,50.40,0.9722,1.5625
20260728 231112 413,4019.40,2,4018.70,4019.20,0.50,4018.70,3,4018.60,4,4018.20,3,4018.10,3,4018.00,5,4017.90,5,4017.80,5,4017.70,6,4017.60,5,4017.50,5,4019.20,3,4019.30,5,4019.90,2,4020.10,2,4020.20,6,4020.30,7,4020.40,5,4020.50,7,4020.60,6,4020.70,5,Buy,9,3,12,6.00,6.00,-2.00,0.60,100.0,4018.80,4019.40,4018.80,4019.40,40,9,49,31.00,31.00,1.00,3.10,54.8,24,39,0.0000,0.0000,181.00,163.00,4025.02,-0.8000,DOWN,50.40,0.9722,1.5697
20260728 231112 413,4019.40,1,4018.70,4019.20,0.50,4018.70,3,4018.60,4,4018.20,3,4018.10,3,4018.00,5,4017.90,5,4017.80,5,4017.70,6,4017.60,5,4017.50,5,4019.20,3,4019.30,5,4019.90,2,4020.10,2,4020.20,6,4020.30,7,4020.40,5,4020.50,7,4020.60,6,4020.70,5,Buy,10,3,13,7.00,7.00,-2.00,0.60,100.0,4018.80,4019.40,4018.80,4019.40,40,9,49,31.00,31.00,1.00,3.10,54.8,24,39,0.0000,0.0000,182.00,164.00,4025.02,-0.8000,DOWN,50.40,0.9722,1.5697
20260728 231112 413,4019.40,1,4018.70,4019.20,0.50,4018.70,3,4018.60,4,4018.20,3,4018.10,3,4018.00,5,4017.90,5,4017.80,5,4017.70,6,4017.60,5,4017.50,5,4019.20,3,4019.30,5,4019.90,2,4020.10,2,4020.20,6,4020.30,7,4020.40,5,4020.50,7,4020.60,6,4020.70,5,Buy,11,3,14,8.00,8.00,-2.00,0.60,100.0,4018.80,4019.40,4018.80,4019.40,40,9,49,31.00,31.00,1.00,3.10,54.8,24,39,0.0000,0.0000,183.00,165.00,4025.02,-0.8000,DOWN,50.40,0.9722,1.5697
20260728 231117 326,4018.50,1,4018.50,4018.90,0.40,4018.50,2,4018.40,2,4018.20,3,4018.10,3,4018.00,5,4017.90,5,4017.80,5,4017.70,7,4017.60,5,4017.50,5,4018.90,2,4019.00,2,4019.90,2,4020.10,1,4020.20,6,4020.30,7,4020.40,5,4020.50,7,4020.60,6,4020.70,5,Sell,11,4,15,7.00,8.00,-2.00,0.90,33.3,4018.80,4019.40,4018.50,4018.50,40,9,49,31.00,31.00,1.00,3.10,54.8,24,39,0.0000,0.1429,182.00,164.00,4024.94,-0.8286,DOWN,50.40,0.9722,1.5911
20260728 231117 326,4018.50,1,4018.50,4018.90,0.40,4018.50,2,4018.40,2,4018.20,3,4018.10,3,4018.00,5,4017.90,5,4017.80,5,4017.70,7,4017.60,5,4017.50,5,4018.90,2,4019.00,2,4019.90,2,4020.10,1,4020.20,6,4020.30,7,4020.40,5,4020.50,7,4020.60,6,4020.70,5,Sell,11,5,16,6.00,8.00,-2.00,0.90,33.3,4018.80,4019.40,4018.50,4018.50,40,9,49,31.00,31.00,1.00,3.10,54.8,24,39,0.0000,0.3333,181.00,163.00,4024.94,-0.8286,DOWN,50.40,0.9722,1.5911
20260728 231123 802,4018.90,1,4018.60,4019.00,0.40,4018.60,2,4018.50,3,4017.80,3,4017.70,6,4017.60,7,4017.50,5,4017.40,6,4017.30,5,4017.20,5,4017.10,6,4019.00,2,4019.10,5,4019.60,1,4019.90,1,4020.00,5,4020.10,6,4020.20,6,4020.30,2,4020.40,5,4020.50,7,Buy,12,5,17,7.00,8.00,-2.00,0.90,11.1,4018.80,4019.40,4018.50,4018.90,40,9,49,31.00,31.00,1.00,3.10,54.8,24,39,0.0000,0.1429,182.00,164.00,4024.97,-0.8159,DOWN,50.40,0.9722,1.5911
20260728 231126 704,4018.60,1,4018.50,4018.90,0.40,4018.50,1,4018.40,2,4017.60,7,4017.50,4,4017.40,6,4017.20,5,4017.10,6,4017.00,5,4016.90,5,4016.80,5,4018.90,4,4019.00,3,4019.60,3,4019.90,6,4020.00,5,4020.10,6,4020.20,6,4020.30,7,4020.40,5,4020.50,7,Sell,12,6,18,6.00,8.00,-2.00,0.90,22.2,4018.80,4019.40,4018.50,4018.60,40,9,49,31.00,31.00,1.00,3.10,54.8,24,39,0.0000,0.3333,181.00,163.00,4024.94,-0.8254,DOWN,50.40,0.9722,1.5911
20260728 231126 704,4018.60,1,4018.50,4018.90,0.40,4018.50,1,4018.40,2,4017.60,7,4017.50,4,4017.40,6,4017.20,5,4017.10,6,4017.00,5,4016.90,5,4016.80,5,4018.90,4,4019.00,3,4019.60,3,4019.90,6,4020.00,5,4020.10,6,4020.20,6,4020.30,7,4020.40,5,4020.50,7,Sell,12,7,19,5.00,8.00,-2.00,0.90,22.2,4018.80,4019.40,4018.50,4018.60,40,9,49,31.00,31.00,1.00,3.10,54.8,24,39,0.0000,0.6000,180.00,162.00,4024.94,-0.8254,DOWN,50.40,0.9722,1.5911
20260728 231130 404,4018.60,1,4018.50,4018.90,0.40,4018.50,3,4018.40,3,4017.80,3,4017.70,5,4017.60,7,4017.50,5,4017.40,6,4017.30,5,4017.20,5,4017.10,6,4018.90,2,4019.00,3,4019.60,1,4019.70,6,4019.80,5,4019.90,6,4020.00,5,4020.10,6,4020.20,6,4020.30,7,Sell,12,8,20,4.00,8.00,-2.00,0.90,22.2,4018.80,4019.40,4018.50,4018.60,40,9,49,31.00,31.00,1.00,3.10,54.8,24,39,0.0000,1.0000,179.00,161.00,4024.94,-0.8254,DOWN,50.40,0.9722,1.5911
20260728 231130 404,4018.60,1,4018.50,4018.90,0.40,4018.50,3,4018.40,3,4017.80,3,4017.70,5,4017.60,7,4017.50,5,4017.40,6,4017.30,5,4017.20,5,4017.10,6,4018.90,2,4019.00,3,4019.60,1,4019.70,6,4019.80,5,4019.90,6,4020.00,5,4020.10,6,4020.20,6,4020.30,7,Sell,12,9,21,3.00,8.00,-2.00,0.90,22.2,4018.80,4019.40,4018.50,4018.60,40,9,49,31.00,31.00,1.00,3.10,54.8,24,39,0.0000,1.6667,178.00,160.00,4024.94,-0.8254,DOWN,50.40,0.9722,1.5911
20260728 231138 991,4019.00,1,4018.90,4019.00,0.10,4018.90,2,4018.80,2,4017.80,4,4017.70,5,4017.60,7,4017.50,5,4017.40,6,4017.30,5,4017.20,5,4017.10,6,4019.00,1,4019.30,3,4019.40,3,4019.60,1,4019.90,1,4020.00,5,4020.10,6,4020.20,6,4020.30,8,4020.40,5,Buy,13,9,22,4.00,8.00,-2.00,0.90,22.2,4018.80,4019.40,4018.50,4019.00,40,9,49,31.00,31.00,1.00,3.10,54.8,24,39,0.0000,1.0000,179.00,161.00,4024.98,-0.8127,DOWN,50.40,0.9722,1.5911
20260728 231140 058,4019.10,1,4018.90,4019.30,0.40,4018.90,1,4018.80,1,4018.00,2,4017.90,5,4017.80,8,4017.70,5,4017.60,7,4017.50,5,4017.40,6,4017.30,5,4019.30,1,4019.40,3,4019.50,1,4019.90,1,4020.00,1,4020.10,5,4020.20,7,4020.30,8,4020.40,5,4020.50,7,Sell,13,10,23,3.00,8.00,-2.00,0.90,33.3,4018.80,4019.40,4018.50,4019.10,40,9,49,31.00,31.00,1.00,3.10,54.8,24,39,0.0000,1.6667,178.00,160.00,4024.99,-0.8095,DOWN,50.40,0.9722,1.5911
20260728 231140 058,4019.10,1,4018.90,4019.30,0.40,4018.90,1,4018.80,1,4018.00,2,4017.90,5,4017.80,8,4017.70,5,4017.60,7,4017.50,5,4017.40,6,4017.30,5,4019.30,1,4019.40,3,4019.50,1,4019.90,1,4020.00,1,4020.10,5,4020.20,7,4020.30,8,4020.40,5,4020.50,7,Sell,13,11,24,2.00,8.00,-2.00,0.90,33.3,4018.80,4019.40,4018.50,4019.10,40,9,49,31.00,31.00,1.00,3.10,54.8,24,39,0.0000,3.0000,177.00,159.00,4024.99,-0.8095,DOWN,50.40,0.9722,1.5911
20260728 231140 058,4019.10,1,4018.90,4019.30,0.40,4018.90,1,4018.80,1,4018.00,2,4017.90,5,4017.80,8,4017.70,5,4017.60,7,4017.50,5,4017.40,6,4017.30,5,4019.30,1,4019.40,3,4019.50,1,4019.90,1,4020.00,1,4020.10,5,4020.20,7,4020.30,8,4020.40,5,4020.50,7,Sell,13,12,25,1.00,8.00,-2.00,0.90,33.3,4018.80,4019.40,4018.50,4019.10,40,9,49,31.00,31.00,1.00,3.10,54.8,24,39,0.0000,7.0000,176.00,158.00,4024.99,-0.8095,DOWN,50.40,0.9722,1.5911
20260728 231140 300,4019.30,1,4019.30,4019.40,0.10,4019.00,3,4018.90,1,4018.00,2,4017.90,5,4017.80,9,4017.70,5,4017.60,7,4017.50,5,4017.40,6,4017.30,5,4019.40,2,4019.50,5,4019.90,1,4020.00,1,4020.10,5,4020.20,6,4020.30,8,4020.40,5,4020.50,7,4020.60,6,Sell,13,13,26,0.00,8.00,-2.00,0.90,55.6,4018.80,4019.40,4018.50,4019.30,40,9,49,31.00,31.00,1.00,3.10,54.8,24,39,0.0000,8.0000,175.00,157.00,4025.01,-0.8032,DOWN,50.40,0.9722,1.5911
20260728 231146 973,4019.20,1,4019.20,4019.50,0.30,4019.10,2,4019.00,2,4018.20,2,4018.00,8,4017.90,5,4017.80,8,4017.70,5,4017.60,7,4017.50,5,4017.40,6,4019.50,4,4019.60,4,4020.00,1,4020.10,5,4020.20,5,4020.30,8,4020.40,5,4020.50,7,4020.60,6,4020.70,5,Sell,13,14,27,-1.00,8.00,-2.00,0.90,44.4,4018.80,4019.40,4018.50,4019.20,40,9,49,31.00,31.00,1.00,3.10,54.8,24,39,0.0000,1.0000,174.00,156.00,4025.00,-0.8063,DOWN,50.40,0.9722,1.5911
20260728 231150 578,4019.50,1,4019.50,4019.90,0.40,4019.50,3,4019.40,4,4019.20,1,4018.40,1,4018.30,1,4018.20,2,4018.10,5,4018.00,7,4017.90,5,4017.80,5,4019.90,1,4020.00,3,4020.30,2,4020.40,5,4020.50,7,4020.60,7,4020.70,5,4020.80,6,4020.90,20,4021.00,9,Buy,14,14,28,0.00,8.00,-2.00,1.00,70.0,4018.80,4019.50,4018.50,4019.50,40,9,49,31.00,31.00,1.00,3.10,54.8,24,39,0.0000,8.0000,175.00,157.00,4025.03,-0.7968,DOWN,50.40,0.9722,1.5983
20260728 231150 715,4019.90,1,4019.60,4019.90,0.30,4019.60,2,4019.50,3,4019.20,2,4018.60,2,4018.50,5,4018.40,5,4018.30,7,4018.20,7,4018.10,5,4018.00,5,4020.00,3,4020.10,3,4020.30,1,4020.50,2,4020.60,6,4020.70,5,4020.80,7,4020.90,20,4021.00,9,4021.10,5,Buy,15,14,29,1.00,8.00,-2.00,1.40,78.6,4018.80,4019.90,4018.50,4019.90,40,9,49,31.00,31.00,1.00,3.10,54.8,24,39,0.0000,7.0000,176.00,158.00,4025.07,-0.7841,DOWN,50.40,0.9722,1.6268
20260728 231151 174,4019.60,1,4019.60,4020.00,0.40,4019.60,1,4019.50,3,4019.20,1,4018.80,3,4018.60,2,4018.50,5,4018.40,5,4018.30,5,4018.20,7,4018.10,5,4019.90,1,4020.00,3,4020.30,2,4020.50,2,4020.60,1,4020.80,2,4020.90,15,4021.00,9,4021.10,5,4021.20,6,Sell,15,15,30,0.00,8.00,-2.00,1.40,57.1,4018.80,4019.90,4018.50,4019.60,40,9,49,31.00,31.00,1.00,3.10,54.8,24,39,0.0000,8.0000,175.00,157.00,4025.04,-0.7936,DOWN,50.40,0.9722,1.6268
20260728 231151 562,4019.90,1,4019.60,4019.90,0.30,4019.60,3,4019.50,3,4019.20,1,4018.80,3,4018.60,2,4018.50,5,4018.40,5,4018.30,5,4018.20,7,4018.10,5,4020.00,3,4020.10,2,4020.30,1,4020.50,2,4020.60,1,4020.80,2,4020.90,15,4021.00,9,4021.10,5,4021.20,6,Buy,16,15,31,1.00,8.00,-2.00,1.40,78.6,4018.80,4019.90,4018.50,4019.90,40,9,49,31.00,31.00,1.00,3.10,54.8,24,39,0.0000,7.0000,176.00,158.00,4025.07,-0.7841,DOWN,50.40,0.9722,1.6268
20260728 231151 931,4020.20,1,4019.70,4020.20,0.50,4019.70,2,4019.60,5,4019.20,1,4019.00,1,4018.90,1,4018.80,2,4018.70,5,4018.60,5,4018.50,5,4018.40,5,4020.20,3,4020.30,1,4020.60,2,4020.70,1,4020.80,2,4020.90,20,4021.00,9,4021.10,5,4021.20,6,4021.30,5,Buy,17,15,32,2.00,8.00,-2.00,1.70,82.4,4018.80,4020.20,4018.50,4020.20,40,9,49,31.00,31.00,1.00,3.10,54.8,24,39,0.0000,3.0000,177.00,159.00,4025.10,-0.7746,DOWN,50.40,0.9722,1.6483
20260728 231151 931,4020.20,1,4019.70,4020.20,0.50,4019.70,2,4019.60,5,4019.20,1,4019.00,1,4018.90,1,4018.80,2,4018.70,5,4018.60,5,4018.50,5,4018.40,5,4020.20,3,4020.30,1,4020.60,2,4020.70,1,4020.80,2,4020.90,20,4021.00,9,4021.10,5,4021.20,6,4021.30,5,Buy,18,15,33,3.00,8.00,-2.00,1.70,82.4,4018.80,4020.20,4018.50,4020.20,40,9,49,31.00,31.00,1.00,3.10,54.8,24,39,0.0000,1.6667,178.00,160.00,4025.10,-0.7746,DOWN,50.40,0.9722,1.6483
20260728 231151 931,4020.20,4,4019.70,4020.20,0.50,4019.70,2,4019.60,5,4019.20,1,4019.00,1,4018.90,1,4018.80,2,4018.70,5,4018.60,5,4018.50,5,4018.40,5,4020.20,3,4020.30,1,4020.60,2,4020.70,1,4020.80,2,4020.90,20,4021.00,9,4021.10,5,4021.20,6,4021.30,5,Buy,22,15,37,7.00,8.00,-2.00,1.70,82.4,4018.80,4020.20,4018.50,4020.20,40,9,49,31.00,31.00,1.00,3.10,54.8,24,39,0.0000,0.1429,182.00,164.00,4025.10,-0.7746,DOWN,50.40,0.9722,1.6483
20260728 231151 931,4020.30,1,4019.70,4020.20,0.50,4019.70,2,4019.60,5,4019.20,1,4019.00,1,4018.90,1,4018.80,2,4018.70,5,4018.60,5,4018.50,5,4018.40,5,4020.20,3,4020.30,1,4020.60,2,4020.70,1,4020.80,2,4020.90,20,4021.00,9,4021.10,5,4021.20,6,4021.30,5,Buy,23,15,38,8.00,8.00,-2.00,1.80,83.3,4018.80,4020.30,4018.50,4020.30,40,9,49,31.00,31.00,1.00,3.10,54.8,24,39,0.0000,0.0000,183.00,165.00,4025.11,-0.7714,DOWN,50.40,0.9722,1.6554
20260728 231151 931,4020.40,1,4019.70,4020.20,0.50,4019.70,2,4019.60,5,4019.20,1,4019.00,1,4018.90,1,4018.80,2,4018.70,5,4018.60,5,4018.50,5,4018.40,5,4020.20,3,4020.30,1,4020.60,2,4020.70,1,4020.80,2,4020.90,20,4021.00,9,4021.10,5,4021.20,6,4021.30,5,Buy,24,15,39,9.00,9.00,-2.00,1.90,84.2,4018.80,4020.40,4018.50,4020.40,40,9,49,31.00,31.00,1.00,3.10,54.8,24,39,0.0000,0.0000,184.00,166.00,4025.12,-0.7682,DOWN,50.40,0.9722,1.6625
20260728 231151 931,4020.40,1,4019.70,4020.20,0.50,4019.70,2,4019.60,5,4019.20,1,4019.00,1,4018.90,1,4018.80,2,4018.70,5,4018.60,5,4018.50,5,4018.40,5,4020.20,3,4020.30,1,4020.60,2,4020.70,1,4020.80,2,4020.90,20,4021.00,9,4021.10,5,4021.20,6,4021.30,5,Buy,25,15,40,10.00,10.00,-2.00,1.90,84.2,4018.80,4020.40,4018.50,4020.40,40,9,49,31.00,31.00,1.00,3.10,54.8,24,39,0.0000,0.0000,185.00,167.00,4025.12,-0.7682,DOWN,50.40,0.9722,1.6625
20260728 231151 931,4020.40,1,4019.70,4020.20,0.50,4019.70,2,4019.60,5,4019.20,1,4019.00,1,4018.90,1,4018.80,2,4018.70,5,4018.60,5,4018.50,5,4018.40,5,4020.20,3,4020.30,1,4020.60,2,4020.70,1,4020.80,2,4020.90,20,4021.00,9,4021.10,5,4021.20,6,4021.30,5,Buy,26,15,41,11.00,11.00,-2.00,1.90,84.2,4018.80,4020.40,4018.50,4020.40,40,9,49,31.00,31.00,1.00,3.10,54.8,24,39,0.0000,0.0000,186.00,168.00,4025.12,-0.7682,DOWN,50.40,0.9722,1.6625
20260728 231151 931,4020.50,1,4019.70,4020.20,0.50,4019.70,2,4019.60,5,4019.20,1,4019.00,1,4018.90,1,4018.80,2,4018.70,5,4018.60,5,4018.50,5,4018.40,5,4020.20,3,4020.30,1,4020.60,2,4020.70,1,4020.80,2,4020.90,20,4021.00,9,4021.10,5,4021.20,6,4021.30,5,Buy,27,15,42,12.00,12.00,-2.00,2.00,85.0,4018.80,4020.50,4018.50,4020.50,40,9,49,31.00,31.00,1.00,3.10,54.8,24,39,0.0000,0.0000,187.00,169.00,4025.13,-0.7651,DOWN,50.40,0.9722,1.6697
20260728 231151 931,4020.50,1,4019.70,4020.20,0.50,4019.70,2,4019.60,5,4019.20,1,4019.00,1,4018.90,1,4018.80,2,4018.70,5,4018.60,5,4018.50,5,4018.40,5,4020.20,3,4020.30,1,4020.60,2,4020.70,1,4020.80,2,4020.90,20,4021.00,9,4021.10,5,4021.20,6,4021.30,5,Buy,28,15,43,13.00,13.00,-2.00,2.00,85.0,4018.80,4020.50,4018.50,4020.50,40,9,49,31.00,31.00,1.00,3.10,54.8,24,39,0.0000,0.0000,188.00,170.00,4025.13,-0.7651,DOWN,50.40,0.9722,1.6697
20260728 231151 931,4020.50,1,4019.70,4020.20,0.50,4019.70,2,4019.60,5,4019.20,1,4019.00,1,4018.90,1,4018.80,2,4018.70,5,4018.60,5,4018.50,5,4018.40,5,4020.20,3,4020.30,1,4020.60,2,4020.70,1,4020.80,2,4020.90,20,4021.00,9,4021.10,5,4021.20,6,4021.30,5,Buy,29,15,44,14.00,14.00,-2.00,2.00,85.0,4018.80,4020.50,4018.50,4020.50,40,9,49,31.00,31.00,1.00,3.10,54.8,24,39,0.0000,0.0000,189.00,171.00,4025.13,-0.7651,DOWN,50.40,0.9722,1.6697
20260728 231151 931,4020.50,2,4019.70,4020.20,0.50,4019.70,2,4019.60,5,4019.20,1,4019.00,1,4018.90,1,4018.80,2,4018.70,5,4018.60,5,4018.50,5,4018.40,5,4020.20,3,4020.30,1,4020.60,2,4020.70,1,4020.80,2,4020.90,20,4021.00,9,4021.10,5,4021.20,6,4021.30,5,Buy,31,15,46,16.00,16.00,-2.00,2.00,85.0,4018.80,4020.50,4018.50,4020.50,40,9,49,31.00,31.00,1.00,3.10,54.8,24,39,0.0000,0.0000,191.00,173.00,4025.13,-0.7651,DOWN,50.40,0.9722,1.6697
20260728 231153 303,4020.30,1,4019.80,4020.40,0.60,4019.80,3,4019.70,3,4019.20,1,4019.00,1,4018.90,1,4018.80,7,4018.70,5,4018.60,5,4018.50,5,4018.40,5,4020.40,2,4020.50,4,4020.60,2,4020.80,1,4020.90,15,4021.00,9,4021.10,5,4021.20,6,4021.30,5,4021.40,10,Buy,32,15,47,17.00,17.00,-2.00,2.00,75.0,4018.80,4020.50,4018.50,4020.30,40,9,49,31.00,31.00,1.00,3.10,54.8,24,39,0.0000,0.0000,192.00,174.00,4025.11,-0.7714,DOWN,50.40,0.9722,1.6697
20260728 231153 303,4020.30,1,4019.80,4020.40,0.60,4019.80,3,4019.70,3,4019.20,1,4019.00,1,4018.90,1,4018.80,7,4018.70,5,4018.60,5,4018.50,5,4018.40,5,4020.40,2,4020.50,4,4020.60,2,4020.80,1,4020.90,15,4021.00,9,4021.10,5,4021.20,6,4021.30,5,4021.40,10,Buy,33,15,48,18.00,18.00,-2.00,2.00,75.0,4018.80,4020.50,4018.50,4020.30,40,9,49,31.00,31.00,1.00,3.10,54.8,24,39,0.0000,0.0000,193.00,175.00,4025.11,-0.7714,DOWN,50.40,0.9722,1.6697
20260728 231153 303,4020.40,1,4019.80,4020.40,0.60,4019.80,3,4019.70,3,4019.20,1,4019.00,1,4018.90,1,4018.80,7,4018.70,5,4018.60,5,4018.50,5,4018.40,5,4020.40,2,4020.50,4,4020.60,2,4020.80,1,4020.90,15,4021.00,9,4021.10,5,4021.20,6,4021.30,5,4021.40,10,Buy,34,15,49,19.00,19.00,-2.00,2.00,80.0,4018.80,4020.50,4018.50,4020.40,40,9,49,31.00,31.00,1.00,3.10,54.8,24,39,0.0000,0.0000,194.00,176.00,4025.12,-0.7682,DOWN,50.40,0.9722,1.6697
20260728 231153 303,4020.40,1,4019.80,4020.40,0.60,4019.80,3,4019.70,3,4019.20,1,4019.00,1,4018.90,1,4018.80,7,4018.70,5,4018.60,5,4018.50,5,4018.40,5,4020.40,2,4020.50,4,4020.60,2,4020.80,1,4020.90,15,4021.00,9,4021.10,5,4021.20,6,4021.30,5,4021.40,10,Buy,35,15,50,20.00,20.00,-2.00,2.00,80.0,4018.80,4020.50,4018.50,4020.40,40,9,49,31.00,31.00,1.00,3.10,54.8,24,39,0.0000,0.0000,195.00,177.00,4025.12,-0.7682,DOWN,50.40,0.9722,1.6697
20260728 231153 303,4020.40,1,4019.80,4020.40,0.60,4019.80,3,4019.70,3,4019.20,1,4019.00,1,4018.90,1,4018.80,7,4018.70,5,4018.60,5,4018.50,5,4018.40,5,4020.40,2,4020.50,4,4020.60,2,4020.80,1,4020.90,15,4021.00,9,4021.10,5,4021.20,6,4021.30,5,4021.40,10,Buy,36,15,51,21.00,21.00,-2.00,2.00,80.0,4018.80,4020.50,4018.50,4020.40,40,9,49,31.00,31.00,1.00,3.10,54.8,24,39,0.0000,0.0000,196.00,178.00,4025.12,-0.7682,DOWN,50.40,0.9722,1.6697
20260728 231153 303,4020.50,1,4019.80,4020.40,0.60,4019.80,3,4019.70,3,4019.20,1,4019.00,1,4018.90,1,4018.80,7,4018.70,5,4018.60,5,4018.50,5,4018.40,5,4020.40,2,4020.50,4,4020.60,2,4020.80,1,4020.90,15,4021.00,9,4021.10,5,4021.20,6,4021.30,5,4021.40,10,Buy,37,15,52,22.00,22.00,-2.00,2.00,85.0,4018.80,4020.50,4018.50,4020.50,40,9,49,31.00,31.00,1.00,3.10,54.8,24,39,0.0000,0.0000,197.00,179.00,4025.13,-0.7651,DOWN,50.40,0.9722,1.6697
20260728 231153 303,4020.50,1,4019.80,4020.40,0.60,4019.80,3,4019.70,3,4019.20,1,4019.00,1,4018.90,1,4018.80,7,4018.70,5,4018.60,5,4018.50,5,4018.40,5,4020.40,2,4020.50,4,4020.60,2,4020.80,1,4020.90,15,4021.00,9,4021.10,5,4021.20,6,4021.30,5,4021.40,10,Buy,38,15,53,23.00,23.00,-2.00,2.00,85.0,4018.80,4020.50,4018.50,4020.50,40,9,49,31.00,31.00,1.00,3.10,54.8,24,39,0.0000,0.0000,198.00,180.00,4025.13,-0.7651,DOWN,50.40,0.9722,1.6697
20260728 231155 749,4020.60,1,4020.20,4020.60,0.40,4020.20,1,4020.10,2,4019.20,4,4019.00,2,4018.90,5,4018.80,5,4018.70,5,4018.60,5,4018.50,5,4018.40,5,4020.60,2,4020.70,2,4020.80,2,4020.90,15,4021.00,4,4021.20,6,4021.30,5,4021.40,10,4021.50,9,4021.80,1,Buy,39,15,54,24.00,24.00,-2.00,2.10,85.7,4018.80,4020.60,4018.50,4020.60,40,9,49,31.00,31.00,1.00,3.10,54.8,24,39,0.0000,0.0000,199.00,181.00,4025.14,-0.7619,DOWN,50.40,0.9722,1.6768
20260728 231155 749,4020.60,1,4020.20,4020.60,0.40,4020.20,1,4020.10,2,4019.20,4,4019.00,2,4018.90,5,4018.80,5,4018.70,5,4018.60,5,4018.50,5,4018.40,5,4020.60,2,4020.70,2,4020.80,2,4020.90,15,4021.00,4,4021.20,6,4021.30,5,4021.40,10,4021.50,9,4021.80,1,Buy,40,15,55,25.00,25.00,-2.00,2.10,85.7,4018.80,4020.60,4018.50,4020.60,40,9,49,31.00,31.00,1.00,3.10,54.8,24,39,0.0000,0.0000,200.00,182.00,4025.14,-0.7619,DOWN,50.40,0.9722,1.6768
20260728 231156 356,4020.60,1,4020.30,4020.80,0.50,4020.30,2,4020.20,2,4019.20,4,4019.10,1,4019.00,1,4018.90,5,4018.80,5,4018.70,5,4018.60,5,4018.50,5,4020.80,2,4020.90,7,4021.00,4,4021.20,6,4021.30,5,4021.40,9,4021.50,9,4021.80,1,4021.90,5,4022.00,5,Buy,41,15,56,26.00,26.00,-2.00,2.10,85.7,4018.80,4020.60,4018.50,4020.60,40,9,49,31.00,31.00,1.00,3.10,54.8,24,39,0.0000,0.0000,201.00,183.00,4025.14,-0.7619,DOWN,50.40,0.9722,1.6768
20260728 231156 356,4020.60,1,4020.30,4020.80,0.50,4020.30,2,4020.20,2,4019.20,4,4019.10,1,4019.00,1,4018.90,5,4018.80,5,4018.70,5,4018.60,5,4018.50,5,4020.80,2,4020.90,7,4021.00,4,4021.20,6,4021.30,5,4021.40,9,4021.50,9,4021.80,1,4021.90,5,4022.00,5,Buy,42,15,57,27.00,27.00,-2.00,2.10,85.7,4018.80,4020.60,4018.50,4020.60,40,9,49,31.00,31.00,1.00,3.10,54.8,24,39,0.0000,0.0000,202.00,184.00,4025.14,-0.7619,DOWN,50.40,0.9722,1.6768
20260728 231156 356,4020.70,1,4020.30,4020.80,0.50,4020.30,2,4020.20,2,4019.20,4,4019.10,1,4019.00,1,4018.90,5,4018.80,5,4018.70,5,4018.60,5,4018.50,5,4020.80,2,4020.90,7,4021.00,4,4021.20,6,4021.30,5,4021.40,9,4021.50,9,4021.80,1,4021.90,5,4022.00,5,Buy,43,15,58,28.00,28.00,-2.00,2.20,86.4,4018.80,4020.70,4018.50,4020.70,40,9,49,31.00,31.00,1.00,3.10,54.8,24,39,0.0000,0.0000,203.00,185.00,4025.14,-0.7587,DOWN,50.40,0.9722,1.6840
20260728 231156 356,4020.70,1,4020.30,4020.80,0.50,4020.30,2,4020.20,2,4019.20,4,4019.10,1,4019.00,1,4018.90,5,4018.80,5,4018.70,5,4018.60,5,4018.50,5,4020.80,2,4020.90,7,4021.00,4,4021.20,6,4021.30,5,4021.40,9,4021.50,9,4021.80,1,4021.90,5,4022.00,5,Buy,44,15,59,29.00,29.00,-2.00,2.20,86.4,4018.80,4020.70,4018.50,4020.70,40,9,49,31.00,31.00,1.00,3.10,54.8,24,39,0.0000,0.0000,204.00,186.00,4025.14,-0.7587,DOWN,50.40,0.9722,1.6840
20260728 231156 356,4020.80,1,4020.30,4020.80,0.50,4020.30,2,4020.20,2,4019.20,4,4019.10,1,4019.00,1,4018.90,5,4018.80,5,4018.70,5,4018.60,5,4018.50,5,4020.80,2,4020.90,7,4021.00,4,4021.20,6,4021.30,5,4021.40,9,4021.50,9,4021.80,1,4021.90,5,4022.00,5,Buy,45,15,60,30.00,30.00,-2.00,2.30,87.0,4018.80,4020.80,4018.50,4020.80,40,9,49,31.00,31.00,1.00,3.10,54.8,24,39,0.0000,0.0000,205.00,187.00,4025.15,-0.7555,DOWN,50.40,0.9722,1.6911
20260728 231156 356,4020.80,1,4020.30,4020.80,0.50,4020.30,2,4020.20,2,4019.20,4,4019.10,1,4019.00,1,4018.90,5,4018.80,5,4018.70,5,4018.60,5,4018.50,5,4020.80,2,4020.90,7,4021.00,4,4021.20,6,4021.30,5,4021.40,9,4021.50,9,4021.80,1,4021.90,5,4022.00,5,Buy,46,15,61,31.00,31.00,-2.00,2.30,87.0,4018.80,4020.80,4018.50,4020.80,40,9,49,31.00,31.00,1.00,3.10,54.8,24,39,0.0000,0.0000,206.00,188.00,4025.15,-0.7555,DOWN,50.40,0.9722,1.6911
20260728 231156 356,4020.80,1,4020.30,4020.80,0.50,4020.30,2,4020.20,2,4019.20,4,4019.10,1,4019.00,1,4018.90,5,4018.80,5,4018.70,5,4018.60,5,4018.50,5,4020.80,2,4020.90,7,4021.00,4,4021.20,6,4021.30,5,4021.40,9,4021.50,9,4021.80,1,4021.90,5,4022.00,5,Buy,47,15,62,32.00,32.00,-2.00,2.30,87.0,4018.80,4020.80,4018.50,4020.80,40,9,49,31.00,31.00,1.00,3.10,54.8,24,39,0.0000,0.0000,207.00,189.00,4025.15,-0.7555,DOWN,50.40,0.9722,1.6911
20260728 231156 356,4020.80,1,4020.30,4020.80,0.50,4020.30,2,4020.20,2,4019.20,4,4019.10,1,4019.00,1,4018.90,5,4018.80,5,4018.70,5,4018.60,5,4018.50,5,4020.80,2,4020.90,7,4021.00,4,4021.20,6,4021.30,5,4021.40,9,4021.50,9,4021.80,1,4021.90,5,4022.00,5,Buy,48,15,63,33.00,33.00,-2.00,2.30,87.0,4018.80,4020.80,4018.50,4020.80,40,9,49,31.00,31.00,1.00,3.10,54.8,24,39,0.0000,0.0000,208.00,190.00,4025.15,-0.7555,DOWN,50.40,0.9722,1.6911
20260728 231156 356,4020.80,1,4020.30,4020.80,0.50,4020.30,2,4020.20,2,4019.20,4,4019.10,1,4019.00,1,4018.90,5,4018.80,5,4018.70,5,4018.60,5,4018.50,5,4020.80,2,4020.90,7,4021.00,4,4021.20,6,4021.30,5,4021.40,9,4021.50,9,4021.80,1,4021.90,5,4022.00,5,Buy,49,15,64,34.00,34.00,-2.00,2.30,87.0,4018.80,4020.80,4018.50,4020.80,40,9,49,31.00,31.00,1.00,3.10,54.8,24,39,0.0000,0.0000,209.00,191.00,4025.15,-0.7555,DOWN,50.40,0.9722,1.6911
20260728 231156 356,4020.80,1,4020.30,4020.80,0.50,4020.30,2,4020.20,2,4019.20,4,4019.10,1,4019.00,1,4018.90,5,4018.80,5,4018.70,5,4018.60,5,4018.50,5,4020.80,2,4020.90,7,4021.00,4,4021.20,6,4021.30,5,4021.40,9,4021.50,9,4021.80,1,4021.90,5,4022.00,5,Buy,50,15,65,35.00,35.00,-2.00,2.30,87.0,4018.80,4020.80,4018.50,4020.80,40,9,49,31.00,31.00,1.00,3.10,54.8,24,39,0.0000,0.0000,210.00,192.00,4025.15,-0.7555,DOWN,50.40,0.9722,1.6911
20260728 231156 356,4020.90,10,4020.30,4020.80,0.50,4020.30,2,4020.20,2,4019.20,4,4019.10,1,4019.00,1,4018.90,5,4018.80,5,4018.70,5,4018.60,5,4018.50,5,4020.80,2,4020.90,7,4021.00,4,4021.20,6,4021.30,5,4021.40,9,4021.50,9,4021.80,1,4021.90,5,4022.00,5,Buy,60,15,75,45.00,45.00,-2.00,2.40,87.5,4018.80,4020.90,4018.50,4020.90,40,9,49,31.00,31.00,1.00,3.10,54.8,24,39,0.0000,0.0000,220.00,202.00,4025.16,-0.7524,DOWN,50.40,0.9722,1.6983
20260728 231156 357,4020.90,1,4020.30,4020.80,0.50,4020.30,2,4020.20,2,4019.20,4,4019.10,1,4019.00,1,4018.90,5,4018.80,5,4018.70,5,4018.60,5,4018.50,5,4020.80,2,4020.90,7,4021.00,4,4021.20,6,4021.30,5,4021.40,9,4021.50,9,4021.80,1,4021.90,5,4022.00,5,Buy,61,15,76,46.00,46.00,-2.00,2.40,87.5,4018.80,4020.90,4018.50,4020.90,40,9,49,31.00,31.00,1.00,3.10,54.8,24,39,0.0000,0.0000,221.00,203.00,4025.16,-0.7524,DOWN,50.40,0.9722,1.6983
20260728 231156 357,4020.90,4,4020.30,4020.80,0.50,4020.30,2,4020.20,2,4019.20,4,4019.10,1,4019.00,1,4018.90,5,4018.80,5,4018.70,5,4018.60,5,4018.50,5,4020.80,2,4020.90,7,4021.00,4,4021.20,6,4021.30,5,4021.40,9,4021.50,9,4021.80,1,4021.90,5,4022.00,5,Buy,65,15,80,50.00,50.00,-2.00,2.40,87.5,4018.80,4020.90,4018.50,4020.90,40,9,49,31.00,31.00,1.00,3.10,54.8,24,39,0.0000,0.0000,225.00,207.00,4025.16,-0.7524,DOWN,50.40,0.9722,1.6983
20260728 231158 559,4020.80,1,4020.40,4020.90,0.50,4020.40,2,4020.30,4,4019.30,1,4019.20,4,4019.00,6,4018.90,5,4018.80,5,4018.70,5,4018.60,5,4018.50,5,4020.90,1,4021.00,5,4021.20,1,4021.40,4,4021.50,4,4021.80,6,4022.10,5,4022.20,5,4022.30,6,4022.40,5,Buy,66,15,81,51.00,51.00,-2.00,2.40,83.3,4018.80,4020.90,4018.50,4020.80,40,9,49,31.00,31.00,1.00,3.10,54.8,24,39,0.0000,0.0000,226.00,208.00,4025.15,-0.7555,DOWN,50.40,0.9722,1.6983
20260728 231158 559,4020.80,1,4020.40,4020.90,0.50,4020.40,2,4020.30,4,4019.30,1,4019.20,4,4019.00,6,4018.90,5,4018.80,5,4018.70,5,4018.60,5,4018.50,5,4020.90,1,4021.00,5,4021.20,1,4021.40,4,4021.50,4,4021.80,6,4022.10,5,4022.20,5,4022.30,6,4022.40,5,Buy,67,15,82,52.00,52.00,-2.00,2.40,83.3,4018.80,4020.90,4018.50,4020.80,40,9,49,31.00,31.00,1.00,3.10,54.8,24,39,0.0000,0.0000,227.00,209.00,4025.15,-0.7555,DOWN,50.40,0.9722,1.6983
20260728 231158 559,4020.90,1,4020.40,4020.90,0.50,4020.40,2,4020.30,4,4019.30,1,4019.20,4,4019.00,6,4018.90,5,4018.80,5,4018.70,5,4018.60,5,4018.50,5,4020.90,1,4021.00,5,4021.20,1,4021.40,4,4021.50,4,4021.80,6,4022.10,5,4022.20,5,4022.30,6,4022.40,5,Buy,68,15,83,53.00,53.00,-2.00,2.40,87.5,4018.80,4020.90,4018.50,4020.90,40,9,49,31.00,31.00,1.00,3.10,54.8,24,39,0.0000,0.0000,228.00,210.00,4025.16,-0.7524,DOWN,50.40,0.9722,1.6983
20260728 231158 559,4020.90,1,4020.40,4020.90,0.50,4020.40,2,4020.30,4,4019.30,1,4019.20,4,4019.00,6,4018.90,5,4018.80,5,4018.70,5,4018.60,5,4018.50,5,4020.90,1,4021.00,5,4021.20,1,4021.40,4,4021.50,4,4021.80,6,4022.10,5,4022.20,5,4022.30,6,4022.40,5,Buy,69,15,84,54.00,54.00,-2.00,2.40,87.5,4018.80,4020.90,4018.50,4020.90,40,9,49,31.00,31.00,1.00,3.10,54.8,24,39,0.0000,0.0000,229.00,211.00,4025.16,-0.7524,DOWN,50.40,0.9722,1.6983
20260728 231158 559,4020.90,2,4020.40,4020.90,0.50,4020.40,2,4020.30,4,4019.30,1,4019.20,4,4019.00,6,4018.90,5,4018.80,5,4018.70,5,4018.60,5,4018.50,5,4020.90,1,4021.00,5,4021.20,1,4021.40,4,4021.50,4,4021.80,6,4022.10,5,4022.20,5,4022.30,6,4022.40,5,Buy,71,15,86,56.00,56.00,-2.00,2.40,87.5,4018.80,4020.90,4018.50,4020.90,40,9,49,31.00,31.00,1.00,3.10,54.8,24,39,0.0000,0.0000,231.00,213.00,4025.16,-0.7524,DOWN,50.40,0.9722,1.6983
20260728 231158 559,4020.90,1,4020.40,4020.90,0.50,4020.40,2,4020.30,4,4019.30,1,4019.20,4,4019.00,6,4018.90,5,4018.80,5,4018.70,5,4018.60,5,4018.50,5,4020.90,1,4021.00,5,4021.20,1,4021.40,4,4021.50,4,4021.80,6,4022.10,5,4022.20,5,4022.30,6,4022.40,5,Buy,72,15,87,57.00,57.00,-2.00,2.40,87.5,4018.80,4020.90,4018.50,4020.90,40,9,49,31.00,31.00,1.00,3.10,54.8,24,39,0.0000,0.0000,232.00,214.00,4025.16,-0.7524,DOWN,50.40,0.9722,1.6983
20260728 231158 559,4021.00,3,4020.40,4020.90,0.50,4020.40,2,4020.30,4,4019.30,1,4019.20,4,4019.00,6,4018.90,5,4018.80,5,4018.70,5,4018.60,5,4018.50,5,4020.90,1,4021.00,5,4021.20,1,4021.40,4,4021.50,4,4021.80,6,4022.10,5,4022.20,5,4022.30,6,4022.40,5,Buy,75,15,90,60.00,60.00,-2.00,2.50,88.0,4018.80,4021.00,4018.50,4021.00,40,9,49,31.00,31.00,1.00,3.10,54.8,24,39,0.0000,0.0000,235.00,217.00,4025.17,-0.7492,DOWN,50.40,0.9722,1.7054
20260728 231158 560,4021.00,1,4020.40,4020.90,0.50,4020.40,2,4020.30,4,4019.30,1,4019.20,4,4019.00,6,4018.90,5,4018.80,5,4018.70,5,4018.60,5,4018.50,5,4020.90,1,4021.00,5,4021.20,1,4021.40,4,4021.50,4,4021.80,6,4022.10,5,4022.20,5,4022.30,6,4022.40,5,Buy,76,15,91,61.00,61.00,-2.00,2.50,88.0,4018.80,4021.00,4018.50,4021.00,40,9,49,31.00,31.00,1.00,3.10,54.8,24,39,0.0000,0.0000,236.00,218.00,4025.17,-0.7492,DOWN,50.40,0.9722,1.7054
20260728 231158 560,4021.10,1,4020.40,4020.90,0.50,4020.40,2,4020.30,4,4019.30,1,4019.20,4,4019.00,6,4018.90,5,4018.80,5,4018.70,5,4018.60,5,4018.50,5,4020.90,1,4021.00,5,4021.20,1,4021.40,4,4021.50,4,4021.80,6,4022.10,5,4022.20,5,4022.30,6,4022.40,5,Buy,77,15,92,62.00,62.00,-2.00,2.60,88.5,4018.80,4021.10,4018.50,4021.10,40,9,49,31.00,31.00,1.00,3.10,54.8,24,39,0.0000,0.0000,237.00,219.00,4025.18,-0.7460,DOWN,50.40,0.9722,1.7125
20260728 231158 560,4021.10,1,4020.40,4020.90,0.50,4020.40,2,4020.30,4,4019.30,1,4019.20,4,4019.00,6,4018.90,5,4018.80,5,4018.70,5,4018.60,5,4018.50,5,4020.90,1,4021.00,5,4021.20,1,4021.40,4,4021.50,4,4021.80,6,4022.10,5,4022.20,5,4022.30,6,4022.40,5,Buy,78,15,93,63.00,63.00,-2.00,2.60,88.5,4018.80,4021.10,4018.50,4021.10,40,9,49,31.00,31.00,1.00,3.10,54.8,24,39,0.0000,0.0000,238.00,220.00,4025.18,-0.7460,DOWN,50.40,0.9722,1.7125
20260728 231202 327,4021.20,1,4020.80,4021.20,0.40,4020.90,2,4020.80,7,4019.80,3,4019.70,5,4019.60,8,4019.50,5,4019.40,5,4019.30,6,4019.20,7,4019.10,5,4021.50,17,4021.60,4,4022.00,5,4022.10,5,4022.20,5,4022.30,6,4022.40,5,4022.50,5,4022.60,5,4022.70,5,Buy,1,0,1,1.00,1.00,1.00,0.00,0.0,4021.20,4021.20,4021.20,4021.20,78,15,93,63.00,63.00,-2.00,2.60,88.5,180,159,0.0000,0.0000,216.00,251.00,4025.19,-0.7428,DOWN,48.95,1.8999,1.5974
20260728 231202 327,4021.30,2,4020.80,4021.20,0.40,4020.90,2,4020.80,7,4019.80,3,4019.70,5,4019.60,8,4019.50,5,4019.40,5,4019.30,6,4019.20,7,4019.10,5,4021.50,17,4021.60,4,4022.00,5,4022.10,5,4022.20,5,4022.30,6,4022.40,5,4022.50,5,4022.60,5,4022.70,5,Buy,3,0,3,3.00,3.00,1.00,0.10,100.0,4021.20,4021.30,4021.20,4021.30,78,15,93,63.00,63.00,-2.00,2.60,88.5,180,159,0.0000,0.0000,218.00,253.00,4025.20,-0.7397,DOWN,48.95,1.8999,1.6045
20260728 231202 327,4021.30,5,4020.80,4021.20,0.40,4020.90,2,4020.80,7,4019.80,3,4019.70,5,4019.60,8,4019.50,5,4019.40,5,4019.30,6,4019.20,7,4019.10,5,4021.50,17,4021.60,4,4022.00,5,4022.10,5,4022.20,5,4022.30,6,4022.40,5,4022.50,5,4022.60,5,4022.70,5,Buy,8,0,8,8.00,8.00,1.00,0.10,100.0,4021.20,4021.30,4021.20,4021.30,78,15,93,63.00,63.00,-2.00,2.60,88.5,180,159,0.0000,0.0000,223.00,258.00,4025.20,-0.7397,DOWN,48.95,1.8999,1.6045
20260728 231202 327,4021.30,2,4020.80,4021.20,0.40,4020.90,2,4020.80,7,4019.80,3,4019.70,5,4019.60,8,4019.50,5,4019.40,5,4019.30,6,4019.20,7,4019.10,5,4021.50,17,4021.60,4,4022.00,5,4022.10,5,4022.20,5,4022.30,6,4022.40,5,4022.50,5,4022.60,5,4022.70,5,Buy,10,0,10,10.00,10.00,1.00,0.10,100.0,4021.20,4021.30,4021.20,4021.30,78,15,93,63.00,63.00,-2.00,2.60,88.5,180,159,0.0000,0.0000,225.00,260.00,4025.20,-0.7397,DOWN,48.95,1.8999,1.6045
20260728 231202 327,4021.40,2,4020.80,4021.20,0.40,4020.90,2,4020.80,7,4019.80,3,4019.70,5,4019.60,8,4019.50,5,4019.40,5,4019.30,6,4019.20,7,4019.10,5,4021.50,17,4021.60,4,4022.00,5,4022.10,5,4022.20,5,4022.30,6,4022.40,5,4022.50,5,4022.60,5,4022.70,5,Buy,12,0,12,12.00,12.00,1.00,0.20,100.0,4021.20,4021.40,4021.20,4021.40,78,15,93,63.00,63.00,-2.00,2.60,88.5,180,159,0.0000,0.0000,227.00,262.00,4025.21,-0.7365,DOWN,48.95,1.8999,1.6116
20260728 231202 327,4021.30,2,4020.80,4021.20,0.40,4020.90,2,4020.80,7,4019.80,3,4019.70,5,4019.60,8,4019.50,5,4019.40,5,4019.30,6,4019.20,7,4019.10,5,4021.50,17,4021.60,4,4022.00,5,4022.10,5,4022.20,5,4022.30,6,4022.40,5,4022.50,5,4022.60,5,4022.70,5,Buy,14,0,14,14.00,14.00,1.00,0.20,50.0,4021.20,4021.40,4021.20,4021.30,78,15,93,63.00,63.00,-2.00,2.60,88.5,180,159,0.0000,0.0000,229.00,264.00,4025.20,-0.7397,DOWN,48.95,1.8999,1.6116
20260728 231202 327,4021.40,2,4020.80,4021.20,0.40,4020.90,2,4020.80,7,4019.80,3,4019.70,5,4019.60,8,4019.50,5,4019.40,5,4019.30,6,4019.20,7,4019.10,5,4021.50,17,4021.60,4,4022.00,5,4022.10,5,4022.20,5,4022.30,6,4022.40,5,4022.50,5,4022.60,5,4022.70,5,Buy,16,0,16,16.00,16.00,1.00,0.20,100.0,4021.20,4021.40,4021.20,4021.40,78,15,93,63.00,63.00,-2.00,2.60,88.5,180,159,0.0000,0.0000,231.00,266.00,4025.21,-0.7365,DOWN,48.95,1.8999,1.6116
20260728 231202 327,4021.30,1,4020.80,4021.20,0.40,4020.90,2,4020.80,7,4019.80,3,4019.70,5,4019.60,8,4019.50,5,4019.40,5,4019.30,6,4019.20,7,4019.10,5,4021.50,17,4021.60,4,4022.00,5,4022.10,5,4022.20,5,4022.30,6,4022.40,5,4022.50,5,4022.60,5,4022.70,5,Buy,17,0,17,17.00,17.00,1.00,0.20,50.0,4021.20,4021.40,4021.20,4021.30,78,15,93,63.00,63.00,-2.00,2.60,88.5,180,159,0.0000,0.0000,232.00,267.00,4025.20,-0.7397,DOWN,48.95,1.8999,1.6116
20260728 231202 327,4021.40,1,4020.80,4021.20,0.40,4020.90,2,4020.80,7,4019.80,3,4019.70,5,4019.60,8,4019.50,5,4019.40,5,4019.30,6,4019.20,7,4019.10,5,4021.50,17,4021.60,4,4022.00,5,4022.10,5,4022.20,5,4022.30,6,4022.40,5,4022.50,5,4022.60,5,4022.70,5,Buy,18,0,18,18.00,18.00,1.00,0.20,100.0,4021.20,4021.40,4021.20,4021.40,78,15,93,63.00,63.00,-2.00,2.60,88.5,180,159,0.0000,0.0000,233.00,268.00,4025.21,-0.7365,DOWN,48.95,1.8999,1.6116
20260728 231202 327,4021.40,1,4020.80,4021.20,0.40,4020.90,2,4020.80,7,4019.80,3,4019.70,5,4019.60,8,4019.50,5,4019.40,5,4019.30,6,4019.20,7,4019.10,5,4021.50,17,4021.60,4,4022.00,5,4022.10,5,4022.20,5,4022.30,6,4022.40,5,4022.50,5,4022.60,5,4022.70,5,Buy,19,0,19,19.00,19.00,1.00,0.20,100.0,4021.20,4021.40,4021.20,4021.40,78,15,93,63.00,63.00,-2.00,2.60,88.5,180,159,0.0000,0.0000,234.00,269.00,4025.21,-0.7365,DOWN,48.95,1.8999,1.6116
20260728 231202 327,4021.40,1,4020.80,4021.20,0.40,4020.90,2,4020.80,7,4019.80,3,4019.70,5,4019.60,8,4019.50,5,4019.40,5,4019.30,6,4019.20,7,4019.10,5,4021.50,17,4021.60,4,4022.00,5,4022.10,5,4022.20,5,4022.30,6,4022.40,5,4022.50,5,4022.60,5,4022.70,5,Buy,20,0,20,20.00,20.00,1.00,0.20,100.0,4021.20,4021.40,4021.20,4021.40,78,15,93,63.00,63.00,-2.00,2.60,88.5,180,159,0.0000,0.0000,235.00,270.00,4025.21,-0.7365,DOWN,48.95,1.8999,1.6116
20260728 231202 328,4021.40,1,4020.80,4021.20,0.40,4020.90,2,4020.80,7,4019.80,3,4019.70,5,4019.60,8,4019.50,5,4019.40,5,4019.30,6,4019.20,7,4019.10,5,4021.50,17,4021.60,4,4022.00,5,4022.10,5,4022.20,5,4022.30,6,4022.40,5,4022.50,5,4022.60,5,4022.70,5,Buy,21,0,21,21.00,21.00,1.00,0.20,100.0,4021.20,4021.40,4021.20,4021.40,78,15,93,63.00,63.00,-2.00,2.60,88.5,180,159,0.0000,0.0000,236.00,271.00,4025.21,-0.7365,DOWN,48.95,1.8999,1.6116
20260728 231203 126,4021.30,1,4020.80,4021.30,0.50,4020.80,2,4020.70,5,4020.00,3,4019.90,6,4019.80,8,4019.70,5,4019.60,5,4019.50,5,4019.40,5,4019.30,6,4021.30,1,4021.40,6,4021.50,4,4022.00,5,4022.10,5,4022.20,5,4022.30,6,4022.40,6,4022.50,5,4022.60,5,Buy,22,0,22,22.00,22.00,1.00,0.20,50.0,4021.20,4021.40,4021.20,4021.30,78,15,93,63.00,63.00,-2.00,2.60,88.5,180,159,0.0000,0.0000,237.00,272.00,4025.20,-0.7397,DOWN,48.95,1.8999,1.6116
20260728 231203 776,4021.30,1,4020.80,4021.40,0.60,4020.80,2,4020.70,5,4020.00,3,4019.90,6,4019.80,8,4019.70,5,4019.60,6,4019.50,5,4019.40,5,4019.30,6,4021.40,4,4021.50,17,4022.00,5,4022.10,5,4022.20,6,4022.30,6,4022.40,5,4022.50,5,4022.60,5,4022.70,5,Buy,23,0,23,23.00,23.00,1.00,0.20,50.0,4021.20,4021.40,4021.20,4021.30,78,15,93,63.00,63.00,-2.00,2.60,88.5,180,159,0.0000,0.0000,238.00,273.00,4025.20,-0.7397,DOWN,48.95,1.8999,1.6116
20260728 231205 468,4021.50,1,4021.00,4021.50,0.50,4021.00,2,4020.90,3,4020.00,3,4019.90,6,4019.80,8,4019.70,5,4019.60,5,4019.50,5,4019.40,5,4019.30,6,4021.50,14,4021.60,3,4022.00,5,4022.10,5,4022.20,5,4022.30,7,4022.40,5,4022.50,5,4022.60,5,4022.70,5,Buy,24,0,24,24.00,24.00,1.00,0.30,100.0,4021.20,4021.50,4021.20,4021.50,78,15,93,63.00,63.00,-2.00,2.60,88.5,180,159,0.0000,0.0000,239.00,274.00,4025.22,-0.7333,DOWN,48.95,1.8999,1.6188
20260728 231205 468,4021.50,1,4021.00,4021.50,0.50,4021.00,2,4020.90,3,4020.00,3,4019.90,6,4019.80,8,4019.70,5,4019.60,5,4019.50,5,4019.40,5,4019.30,6,4021.50,14,4021.60,3,4022.00,5,4022.10,5,4022.20,5,4022.30,7,4022.40,5,4022.50,5,4022.60,5,4022.70,5,Buy,25,0,25,25.00,25.00,1.00,0.30,100.0,4021.20,4021.50,4021.20,4021.50,78,15,93,63.00,63.00,-2.00,2.60,88.5,180,159,0.0000,0.0000,240.00,275.00,4025.22,-0.7333,DOWN,48.95,1.8999,1.6188
20260728 231207 450,4021.00,1,4021.00,4021.40,0.40,4021.00,2,4020.90,3,4020.00,3,4019.90,6,4019.80,8,4019.70,5,4019.60,5,4019.50,5,4019.40,5,4019.30,6,4021.40,2,4021.50,14,4022.00,5,4022.10,5,4022.20,5,4022.30,6,4022.40,5,4022.50,5,4022.60,5,4022.70,5,Sell,25,1,26,24.00,25.00,1.00,0.50,40.0,4021.20,4021.50,4021.00,4021.00,78,15,93,63.00,63.00,-2.00,2.60,88.5,180,159,0.0000,0.0417,239.00,274.00,4025.17,-0.7492,DOWN,48.95,1.8999,1.6259
20260728 231208 270,4021.20,1,4021.20,4021.50,0.30,4021.20,1,4021.10,4,4020.00,9,4019.90,6,4019.80,8,4019.70,5,4019.60,5,4019.50,5,4019.40,5,4019.30,6,4021.50,12,4021.60,4,4022.00,5,4022.10,5,4022.20,5,4022.30,6,4022.40,5,4022.50,5,4022.60,5,4022.70,5,Sell,25,2,27,23.00,25.00,1.00,0.50,0.0,4021.20,4021.50,4021.00,4021.20,78,15,93,63.00,63.00,-2.00,2.60,88.5,180,159,0.0000,0.0870,238.00,273.00,4025.19,-0.7428,DOWN,48.95,1.8999,1.6259
20260728 231208 270,4021.20,1,4021.20,4021.50,0.30,4021.20,1,4021.10,4,4020.00,9,4019.90,6,4019.80,8,4019.70,5,4019.60,5,4019.50,5,4019.40,5,4019.30,6,4021.50,12,4021.60,4,4022.00,5,4022.10,5,4022.20,5,4022.30,6,4022.40,5,4022.50,5,4022.60,5,4022.70,5,Sell,25,3,28,22.00,25.00,1.00,0.50,0.0,4021.20,4021.50,4021.00,4021.20,78,15,93,63.00,63.00,-2.00,2.60,88.5,180,159,0.0000,0.1364,237.00,272.00,4025.19,-0.7428,DOWN,48.95,1.8999,1.6259
20260728 231209 281,4021.50,1,4021.20,4021.60,0.40,4021.20,2,4021.10,3,4020.20,3,4020.10,5,4020.00,8,4019.90,6,4019.80,5,4019.70,5,4019.60,5,4019.50,5,4021.60,1,4021.70,4,4022.00,5,4022.10,5,4022.20,5,4022.30,6,4022.40,5,4022.50,5,4022.60,5,4022.70,5,Buy,26,3,29,23.00,25.00,1.00,0.50,60.0,4021.20,4021.50,4021.00,4021.50,78,15,93,63.00,63.00,-2.00,2.60,88.5,180,159,0.0000,0.0870,238.00,273.00,4025.22,-0.7333,DOWN,48.95,1.8999,1.6259
20260728 231209 281,4021.50,1,4021.20,4021.60,0.40,4021.20,2,4021.10,3,4020.20,3,4020.10,5,4020.00,8,4019.90,6,4019.80,5,4019.70,5,4019.60,5,4019.50,5,4021.60,1,4021.70,4,4022.00,5,4022.10,5,4022.20,5,4022.30,6,4022.40,5,4022.50,5,4022.60,5,4022.70,5,Buy,27,3,30,24.00,25.00,1.00,0.50,60.0,4021.20,4021.50,4021.00,4021.50,78,15,93,63.00,63.00,-2.00,2.60,88.5,180,159,0.0000,0.0417,239.00,274.00,4025.22,-0.7333,DOWN,48.95,1.8999,1.6259
20260728 231211 117,4021.40,1,4021.00,4021.40,0.40,4021.00,3,4020.90,2,4020.20,2,4020.00,8,4019.90,6,4019.80,5,4019.70,5,4019.60,5,4019.50,5,4019.40,6,4021.40,3,4021.50,4,4022.00,5,4022.10,5,4022.20,5,4022.30,6,4022.40,6,4022.50,5,4022.60,5,4022.70,5,Buy,28,3,31,25.00,25.00,1.00,0.50,40.0,4021.20,4021.50,4021.00,4021.40,78,15,93,63.00,63.00,-2.00,2.60,88.5,180,159,0.0000,0.0000,240.00,275.00,4025.21,-0.7365,DOWN,48.95,1.8999,1.6259
20260728 231211 205,4021.40,1,4021.30,4021.70,0.40,4021.30,3,4021.20,4,4020.50,2,4020.40,5,4020.30,6,4020.20,7,4020.10,5,4020.00,5,4019.90,6,4019.80,5,4021.70,1,4021.80,2,4022.00,5,4022.10,5,4022.20,5,4022.30,6,4022.40,5,4022.50,5,4022.60,5,4022.70,5,Buy,29,3,32,26.00,26.00,1.00,0.50,40.0,4021.20,4021.50,4021.00,4021.40,78,15,93,63.00,63.00,-2.00,2.60,88.5,180,159,0.0000,0.0000,241.00,276.00,4025.21,-0.7365,DOWN,48.95,1.8999,1.6259
20260728 231211 208,4021.50,1,4021.30,4021.70,0.40,4021.30,3,4021.20,4,4020.50,2,4020.40,5,4020.30,6,4020.20,7,4020.10,5,4020.00,5,4019.90,6,4019.80,5,4021.70,1,4021.80,2,4022.00,5,4022.10,5,4022.20,5,4022.30,6,4022.40,5,4022.50,5,4022.60,5,4022.70,5,Buy,30,3,33,27.00,27.00,1.00,0.50,60.0,4021.20,4021.50,4021.00,4021.50,78,15,93,63.00,63.00,-2.00,2.60,88.5,180,159,0.0000,0.0000,242.00,277.00,4025.22,-0.7333,DOWN,48.95,1.8999,1.6259
20260728 231211 208,4021.50,1,4021.30,4021.70,0.40,4021.30,3,4021.20,4,4020.50,2,4020.40,5,4020.30,6,4020.20,7,4020.10,5,4020.00,5,4019.90,6,4019.80,5,4021.70,1,4021.80,2,4022.00,5,4022.10,5,4022.20,5,4022.30,6,4022.40,5,4022.50,5,4022.60,5,4022.70,5,Buy,31,3,34,28.00,28.00,1.00,0.50,60.0,4021.20,4021.50,4021.00,4021.50,78,15,93,63.00,63.00,-2.00,2.60,88.5,180,159,0.0000,0.0000,243.00,278.00,4025.22,-0.7333,DOWN,48.95,1.8999,1.6259
20260728 231211 209,4021.40,1,4021.30,4021.70,0.40,4021.30,3,4021.20,4,4020.50,2,4020.40,5,4020.30,6,4020.20,7,4020.10,5,4020.00,5,4019.90,6,4019.80,5,4021.70,1,4021.80,2,4022.00,5,4022.10,5,4022.20,5,4022.30,6,4022.40,5,4022.50,5,4022.60,5,4022.70,5,Sell,31,4,35,27.00,28.00,1.00,0.50,40.0,4021.20,4021.50,4021.00,4021.40,78,15,93,63.00,63.00,-2.00,2.60,88.5,180,159,0.0000,0.0370,242.00,277.00,4025.21,-0.7365,DOWN,48.95,1.8999,1.6259
20260728 231211 631,4021.10,1,4020.90,4021.20,0.30,4020.90,1,4020.80,2,4020.30,4,4020.20,1,4020.10,2,4020.00,5,4019.90,6,4019.80,5,4019.70,5,4019.60,6,4021.20,1,4021.30,2,4022.30,7,4022.40,6,4022.50,5,4022.60,5,4022.70,5,4022.80,6,4022.90,5,4023.00,5,Sell,31,5,36,26.00,28.00,1.00,0.50,20.0,4021.20,4021.50,4021.00,4021.10,78,15,93,63.00,63.00,-2.00,2.60,88.5,180,159,0.0000,0.0769,241.00,276.00,4025.18,-0.7460,DOWN,48.95,1.8999,1.6259
20260728 231214 951,4021.10,1,4020.90,4021.10,0.20,4020.90,2,4020.80,3,4020.30,4,4020.20,1,4020.10,2,4020.00,6,4019.90,6,4019.80,5,4019.70,5,4019.60,6,4021.10,1,4021.20,3,4021.30,3,4022.10,5,4022.20,5,4022.30,7,4022.40,5,4022.50,5,4022.60,5,4022.70,5,Buy,32,5,37,27.00,28.00,1.00,0.50,20.0,4021.20,4021.50,4021.00,4021.10,78,15,93,63.00,63.00,-2.00,2.60,88.5,180,159,0.0000,0.0370,242.00,277.00,4025.18,-0.7460,DOWN,48.95,1.8999,1.6259
20260728 231220 162,4020.60,1,4020.60,4020.90,0.30,4020.60,2,4020.50,3,4020.30,3,4020.00,2,4019.90,6,4019.80,6,4019.70,5,4019.60,6,4019.50,5,4019.40,5,4020.90,1,4021.00,4,4021.10,4,4022.10,5,4022.20,5,4022.30,7,4022.40,5,4022.50,5,4022.60,5,4022.70,5,Sell,32,6,38,26.00,28.00,1.00,0.90,66.7,4021.20,4021.50,4020.60,4020.60,78,15,93,63.00,63.00,-2.00,2.60,88.5,180,159,0.0000,0.0769,241.00,276.00,4025.14,-0.7619,DOWN,48.95,1.8999,1.6545
20260728 231233 215,4020.40,1,4020.30,4020.60,0.30,4020.30,1,4020.20,1,4019.80,1,4019.70,5,4019.60,6,4019.50,5,4019.40,5,4019.30,7,4019.20,7,4019.10,5,4020.60,2,4020.70,4,4020.80,1,4021.70,1,4021.80,5,4021.90,5,4022.00,5,4022.10,5,4022.20,5,4022.30,7,Sell,32,7,39,25.00,28.00,1.00,1.10,72.7,4021.20,4021.50,4020.40,4020.40,78,15,93,63.00,63.00,-2.00,2.60,88.5,180,159,0.0000,0.1200,240.00,275.00,4025.12,-0.7682,DOWN,48.95,1.8999,1.6688
20260728 231233 215,4020.30,1,4020.30,4020.60,0.30,4020.30,1,4020.20,1,4019.80,1,4019.70,5,4019.60,6,4019.50,5,4019.40,5,4019.30,7,4019.20,7,4019.10,5,4020.60,2,4020.70,4,4020.80,1,4021.70,1,4021.80,5,4021.90,5,4022.00,5,4022.10,5,4022.20,5,4022.30,7,Sell,32,8,40,24.00,28.00,1.00,1.20,75.0,4021.20,4021.50,4020.30,4020.30,78,15,93,63.00,63.00,-2.00,2.60,88.5,180,159,0.0000,0.1667,239.00,274.00,4025.11,-0.7714,DOWN,48.95,1.8999,1.6759
20260728 231236 247,4020.50,1,4020.40,4020.60,0.20,4020.40,2,4020.30,4,4019.60,2,4019.50,2,4019.40,5,4019.30,7,4019.20,8,4019.10,5,4019.00,5,4018.90,5,4020.60,1,4020.70,1,4020.80,2,4021.00,13,4021.40,5,4021.50,5,4021.60,5,4021.70,5,4021.80,5,4021.90,5,Buy,33,8,41,25.00,28.00,1.00,1.20,58.3,4021.20,4021.50,4020.30,4020.50,78,15,93,63.00,63.00,-2.00,2.60,88.5,180,159,0.0000,0.1200,240.00,275.00,4025.13,-0.7651,DOWN,48.95,1.8999,1.6759
20260728 231236 625,4020.60,1,4020.50,4020.90,0.40,4020.50,3,4020.40,3,4019.60,2,4019.50,7,4019.40,6,4019.30,7,4019.20,7,4019.10,5,4019.00,5,4018.90,5,4020.90,1,4021.00,16,4021.70,5,4021.80,5,4021.90,5,4022.00,5,4022.10,5,4022.20,5,4022.30,7,4022.40,5,Buy,34,8,42,26.00,28.00,1.00,1.20,50.0,4021.20,4021.50,4020.30,4020.60,78,15,93,63.00,63.00,-2.00,2.60,88.5,180,159,0.0000,0.0769,241.00,276.00,4025.14,-0.7619,DOWN,48.95,1.8999,1.6759
20260728 231236 626,4020.80,1,4020.50,4020.90,0.40,4020.50,3,4020.40,3,4019.60,2,4019.50,7,4019.40,6,4019.30,7,4019.20,7,4019.10,5,4019.00,5,4018.90,5,4020.90,1,4021.00,16,4021.70,5,4021.80,5,4021.90,5,4022.00,5,4022.10,5,4022.20,5,4022.30,7,4022.40,5,Buy,35,8,43,27.00,28.00,1.00,1.20,33.3,4021.20,4021.50,4020.30,4020.80,78,15,93,63.00,63.00,-2.00,2.60,88.5,180,159,0.0000,0.0370,242.00,277.00,4025.15,-0.7555,DOWN,48.95,1.8999,1.6759
20260728 231236 758,4021.00,11,4020.60,4021.00,0.40,4020.60,3,4020.50,2,4019.80,1,4019.70,8,4019.60,7,4019.50,7,4019.40,5,4019.30,6,4019.20,7,4019.10,5,4021.00,2,4021.10,3,4022.30,2,4022.80,6,4022.90,5,4023.00,1,4023.10,5,4023.20,9,4023.30,5,4023.40,5,Buy,46,8,54,38.00,38.00,1.00,1.20,16.7,4021.20,4021.50,4020.30,4021.00,78,15,93,63.00,63.00,-2.00,2.60,88.5,180,159,0.0000,0.0000,253.00,288.00,4025.17,-0.7492,DOWN,48.95,1.8999,1.6759
20260728 231236 758,4020.90,1,4020.60,4021.00,0.40,4020.60,3,4020.50,2,4019.80,1,4019.70,8,4019.60,7,4019.50,7,4019.40,5,4019.30,6,4019.20,7,4019.10,5,4021.00,2,4021.10,3,4022.30,2,4022.80,6,4022.90,5,4023.00,1,4023.10,5,4023.20,9,4023.30,5,4023.40,5,Buy,47,8,55,39.00,39.00,1.00,1.20,25.0,4021.20,4021.50,4020.30,4020.90,78,15,93,63.00,63.00,-2.00,2.60,88.5,180,159,0.0000,0.0000,254.00,289.00,4025.16,-0.7524,DOWN,48.95,1.8999,1.6759
20260728 231236 759,4021.00,2,4020.60,4021.00,0.40,4020.60,3,4020.50,2,4019.80,1,4019.70,8,4019.60,7,4019.50,7,4019.40,5,4019.30,6,4019.20,7,4019.10,5,4021.00,2,4021.10,3,4022.30,2,4022.80,6,4022.90,5,4023.00,1,4023.10,5,4023.20,9,4023.30,5,4023.40,5,Buy,49,8,57,41.00,41.00,1.00,1.20,16.7,4021.20,4021.50,4020.30,4021.00,78,15,93,63.00,63.00,-2.00,2.60,88.5,180,159,0.0000,0.0000,256.00,291.00,4025.17,-0.7492,DOWN,48.95,1.8999,1.6759
20260728 231236 759,4021.00,1,4020.60,4021.00,0.40,4020.60,3,4020.50,2,4019.80,1,4019.70,8,4019.60,7,4019.50,7,4019.40,5,4019.30,6,4019.20,7,4019.10,5,4021.00,2,4021.10,3,4022.30,2,4022.80,6,4022.90,5,4023.00,1,4023.10,5,4023.20,9,4023.30,5,4023.40,5,Buy,50,8,58,42.00,42.00,1.00,1.20,16.7,4021.20,4021.50,4020.30,4021.00,78,15,93,63.00,63.00,-2.00,2.60,88.5,180,159,0.0000,0.0000,257.00,292.00,4025.17,-0.7492,DOWN,48.95,1.8999,1.6759
20260728 231236 759,4021.00,1,4020.60,4021.00,0.40,4020.60,3,4020.50,2,4019.80,1,4019.70,8,4019.60,7,4019.50,7,4019.40,5,4019.30,6,4019.20,7,4019.10,5,4021.00,2,4021.10,3,4022.30,2,4022.80,6,4022.90,5,4023.00,1,4023.10,5,4023.20,9,4023.30,5,4023.40,5,Buy,51,8,59,43.00,43.00,1.00,1.20,16.7,4021.20,4021.50,4020.30,4021.00,78,15,93,63.00,63.00,-2.00,2.60,88.5,180,159,0.0000,0.0000,258.00,293.00,4025.17,-0.7492,DOWN,48.95,1.8999,1.6759
20260728 231236 759,4021.00,1,4020.60,4021.00,0.40,4020.60,3,4020.50,2,4019.80,1,4019.70,8,4019.60,7,4019.50,7,4019.40,5,4019.30,6,4019.20,7,4019.10,5,4021.00,2,4021.10,3,4022.30,2,4022.80,6,4022.90,5,4023.00,1,4023.10,5,4023.20,9,4023.30,5,4023.40,5,Buy,52,8,60,44.00,44.00,1.00,1.20,16.7,4021.20,4021.50,4020.30,4021.00,78,15,93,63.00,63.00,-2.00,2.60,88.5,180,159,0.0000,0.0000,259.00,294.00,4025.17,-0.7492,DOWN,48.95,1.8999,1.6759
20260728 231237 942,4020.80,1,4020.50,4020.90,0.40,4020.50,2,4020.40,3,4019.70,4,4019.60,2,4019.40,2,4019.30,6,4019.20,6,4019.10,5,4019.00,5,4018.90,5,4020.90,2,4021.00,3,4022.00,5,4022.30,7,4022.50,5,4022.60,5,4022.70,5,4022.80,6,4022.90,5,4023.10,5,Buy,53,8,61,45.00,45.00,1.00,1.20,33.3,4021.20,4021.50,4020.30,4020.80,78,15,93,63.00,63.00,-2.00,2.60,88.5,180,159,0.0000,0.0000,260.00,295.00,4025.15,-0.7555,DOWN,48.95,1.8999,1.6759
20260728 231239 622,4020.80,1,4020.60,4020.80,0.20,4020.60,1,4020.50,2,4019.80,1,4019.70,3,4019.60,1,4019.40,7,4019.30,6,4019.20,6,4019.10,5,4019.00,5,4020.80,1,4021.00,1,4021.10,2,4022.00,5,4022.30,7,4022.40,1,4022.50,5,4022.60,5,4022.70,5,4022.80,6,Buy,54,8,62,46.00,46.00,1.00,1.20,33.3,4021.20,4021.50,4020.30,4020.80,78,15,93,63.00,63.00,-2.00,2.60,88.5,180,159,0.0000,0.0000,261.00,296.00,4025.15,-0.7555,DOWN,48.95,1.8999,1.6759
20260728 231244 821,4020.50,1,4020.40,4020.70,0.30,4020.40,2,4020.30,2,4019.80,1,4019.70,4,4019.60,1,4019.40,2,4019.30,6,4019.20,6,4019.10,5,4019.00,5,4020.70,1,4020.80,3,4020.90,4,4022.00,5,4022.20,5,4022.30,7,4022.40,6,4022.50,5,4022.60,5,4022.70,5,Sell,54,9,63,45.00,46.00,1.00,1.20,58.3,4021.20,4021.50,4020.30,4020.50,78,15,93,63.00,63.00,-2.00,2.60,88.5,180,159,0.0000,0.0222,260.00,295.00,4025.13,-0.7651,DOWN,48.95,1.8999,1.6759
20260728 231245 189,4020.70,1,4020.40,4020.70,0.30,4020.40,2,4020.30,2,4019.70,4,4019.60,1,4019.50,2,4019.40,5,4019.30,6,4019.20,6,4019.10,5,4019.00,5,4020.80,3,4020.90,4,4021.60,5,4022.30,1,4022.40,1,4022.80,6,4022.90,39,4023.10,5,4023.20,9,4023.30,5,Buy,55,9,64,46.00,46.00,1.00,1.20,41.7,4021.20,4021.50,4020.30,4020.70,78,15,93,63.00,63.00,-2.00,2.60,88.5,180,159,0.0000,0.0000,261.00,296.00,4025.14,-0.7587,DOWN,48.95,1.8999,1.6759
20260728 231255 797,4020.50,1,4020.50,4020.70,0.20,4020.50,1,4020.40,1,4020.30,2,4020.00,1,4019.70,3,4019.60,1,4019.50,1,4019.40,6,4019.30,6,4019.20,6,4020.70,1,4020.80,2,4022.00,5,4022.10,5,4022.20,5,4022.30,8,4022.40,6,4022.50,5,4022.60,5,4022.70,5,Sell,55,10,65,45.00,46.00,1.00,1.20,58.3,4021.20,4021.50,4020.30,4020.50,78,15,93,63.00,63.00,-2.00,2.60,88.5,180,159,0.0000,0.0222,260.00,295.00,4025.13,-0.7651,DOWN,48.95,1.8999,1.6759
20260728 231257 118,4020.40,1,4020.40,4020.70,0.30,4020.30,2,4020.20,2,4020.00,1,4019.70,4,4019.60,1,4019.50,1,4019.40,5,4019.30,6,4019.20,6,4019.10,5,4020.70,3,4020.80,2,4022.00,5,4022.10,5,4022.20,5,4022.30,8,4022.40,6,4022.50,5,4022.60,5,4022.70,5,Sell,55,11,66,44.00,46.00,1.00,1.20,66.7,4021.20,4021.50,4020.30,4020.40,78,15,93,63.00,63.00,-2.00,2.60,88.5,180,159,0.0000,0.0455,259.00,294.00,4025.12,-0.7682,DOWN,48.95,1.8999,1.6759
20260728 231306 851,4021.40,1,4021.10,4021.60,0.50,4021.10,1,4020.90,2,4020.30,1,4020.20,1,4020.10,7,4020.00,7,4019.90,8,4019.80,5,4019.70,5,4019.60,6,4021.60,4,4021.70,6,4022.20,5,4022.30,8,4022.40,6,4022.50,5,4022.60,5,4022.70,5,4022.80,6,4022.90,5,Buy,1,0,1,1.00,1.00,1.00,0.00,0.0,4021.40,4021.40,4021.40,4021.40,55,11,66,44.00,46.00,1.00,1.20,66.7,0,18,0.0455,0.0000,244.00,286.00,4025.21,-0.7365,DOWN,49.80,1.3253,1.6277
20260728 231306 851,4021.40,1,4021.10,4021.60,0.50,4021.10,1,4020.90,2,4020.30,1,4020.20,1,4020.10,7,4020.00,7,4019.90,8,4019.80,5,4019.70,5,4019.60,6,4021.60,4,4021.70,6,4022.20,5,4022.30,8,4022.40,6,4022.50,5,4022.60,5,4022.70,5,4022.80,6,4022.90,5,Buy,2,0,2,2.00,2.00,1.00,0.00,0.0,4021.40,4021.40,4021.40,4021.40,55,11,66,44.00,46.00,1.00,1.20,66.7,0,18,0.0455,0.0000,245.00,287.00,4025.21,-0.7365,DOWN,49.80,1.3253,1.6277
20260728 231306 851,4021.50,1,4021.10,4021.60,0.50,4021.10,1,4020.90,2,4020.30,1,4020.20,1,4020.10,7,4020.00,7,4019.90,8,4019.80,5,4019.70,5,4019.60,6,4021.60,4,4021.70,6,4022.20,5,4022.30,8,4022.40,6,4022.50,5,4022.60,5,4022.70,5,4022.80,6,4022.90,5,Buy,3,0,3,3.00,3.00,1.00,0.10,100.0,4021.40,4021.50,4021.40,4021.50,55,11,66,44.00,46.00,1.00,1.20,66.7,0,18,0.0455,0.0000,246.00,288.00,4025.22,-0.7333,DOWN,49.80,1.3253,1.6348
20260728 231306 851,4021.50,1,4021.10,4021.60,0.50,4021.10,1,4020.90,2,4020.30,1,4020.20,1,4020.10,7,4020.00,7,4019.90,8,4019.80,5,4019.70,5,4019.60,6,4021.60,4,4021.70,6,4022.20,5,4022.30,8,4022.40,6,4022.50,5,4022.60,5,4022.70,5,4022.80,6,4022.90,5,Buy,4,0,4,4.00,4.00,1.00,0.10,100.0,4021.40,4021.50,4021.40,4021.50,55,11,66,44.00,46.00,1.00,1.20,66.7,0,18,0.0455,0.0000,247.00,289.00,4025.22,-0.7333,DOWN,49.80,1.3253,1.6348
20260728 231306 851,4021.60,1,4021.10,4021.60,0.50,4021.10,1,4020.90,2,4020.30,1,4020.20,1,4020.10,7,4020.00,7,4019.90,8,4019.80,5,4019.70,5,4019.60,6,4021.60,4,4021.70,6,4022.20,5,4022.30,8,4022.40,6,4022.50,5,4022.60,5,4022.70,5,4022.80,6,4022.90,5,Buy,5,0,5,5.00,5.00,1.00,0.20,100.0,4021.40,4021.60,4021.40,4021.60,55,11,66,44.00,46.00,1.00,1.20,66.7,0,18,0.0455,0.0000,248.00,290.00,4025.23,-0.7301,DOWN,49.80,1.3253,1.6419
20260728 231306 851,4021.60,1,4021.10,4021.60,0.50,4021.10,1,4020.90,2,4020.30,1,4020.20,1,4020.10,7,4020.00,7,4019.90,8,4019.80,5,4019.70,5,4019.60,6,4021.60,4,4021.70,6,4022.20,5,4022.30,8,4022.40,6,4022.50,5,4022.60,5,4022.70,5,4022.80,6,4022.90,5,Buy,6,0,6,6.00,6.00,1.00,0.20,100.0,4021.40,4021.60,4021.40,4021.60,55,11,66,44.00,46.00,1.00,1.20,66.7,0,18,0.0455,0.0000,249.00,291.00,4025.23,-0.7301,DOWN,49.80,1.3253,1.6419
20260728 231306 851,4021.60,1,4021.10,4021.60,0.50,4021.10,1,4020.90,2,4020.30,1,4020.20,1,4020.10,7,4020.00,7,4019.90,8,4019.80,5,4019.70,5,4019.60,6,4021.60,4,4021.70,6,4022.20,5,4022.30,8,4022.40,6,4022.50,5,4022.60,5,4022.70,5,4022.80,6,4022.90,5,Buy,7,0,7,7.00,7.00,1.00,0.20,100.0,4021.40,4021.60,4021.40,4021.60,55,11,66,44.00,46.00,1.00,1.20,66.7,0,18,0.0455,0.0000,250.00,292.00,4025.23,-0.7301,DOWN,49.80,1.3253,1.6419
20260728 231306 851,4021.70,1,4021.10,4021.60,0.50,4021.10,1,4020.90,2,4020.30,1,4020.20,1,4020.10,7,4020.00,7,4019.90,8,4019.80,5,4019.70,5,4019.60,6,4021.60,4,4021.70,6,4022.20,5,4022.30,8,4022.40,6,4022.50,5,4022.60,5,4022.70,5,4022.80,6,4022.90,5,Buy,8,0,8,8.00,8.00,1.00,0.30,100.0,4021.40,4021.70,4021.40,4021.70,55,11,66,44.00,46.00,1.00,1.20,66.7,0,18,0.0455,0.0000,251.00,293.00,4025.24,-0.7270,DOWN,49.80,1.3253,1.6491
20260728 231306 851,4021.70,1,4021.10,4021.60,0.50,4021.10,1,4020.90,2,4020.30,1,4020.20,1,4020.10,7,4020.00,7,4019.90,8,4019.80,5,4019.70,5,4019.60,6,4021.60,4,4021.70,6,4022.20,5,4022.30,8,4022.40,6,4022.50,5,4022.60,5,4022.70,5,4022.80,6,4022.90,5,Buy,9,0,9,9.00,9.00,1.00,0.30,100.0,4021.40,4021.70,4021.40,4021.70,55,11,66,44.00,46.00,1.00,1.20,66.7,0,18,0.0455,0.0000,252.00,294.00,4025.24,-0.7270,DOWN,49.80,1.3253,1.6491
20260728 231306 851,4021.70,1,4021.10,4021.60,0.50,4021.10,1,4020.90,2,4020.30,1,4020.20,1,4020.10,7,4020.00,7,4019.90,8,4019.80,5,4019.70,5,4019.60,6,4021.60,4,4021.70,6,4022.20,5,4022.30,8,4022.40,6,4022.50,5,4022.60,5,4022.70,5,4022.80,6,4022.90,5,Buy,10,0,10,10.00,10.00,1.00,0.30,100.0,4021.40,4021.70,4021.40,4021.70,55,11,66,44.00,46.00,1.00,1.20,66.7,0,18,0.0455,0.0000,253.00,295.00,4025.24,-0.7270,DOWN,49.80,1.3253,1.6491
20260728 231306 851,4021.70,1,4021.10,4021.60,0.50,4021.10,1,4020.90,2,4020.30,1,4020.20,1,4020.10,7,4020.00,7,4019.90,8,4019.80,5,4019.70,5,4019.60,6,4021.60,4,4021.70,6,4022.20,5,4022.30,8,4022.40,6,4022.50,5,4022.60,5,4022.70,5,4022.80,6,4022.90,5,Buy,11,0,11,11.00,11.00,1.00,0.30,100.0,4021.40,4021.70,4021.40,4021.70,55,11,66,44.00,46.00,1.00,1.20,66.7,0,18,0.0455,0.0000,254.00,296.00,4025.24,-0.7270,DOWN,49.80,1.3253,1.6491
20260728 231306 851,4021.70,1,4021.10,4021.60,0.50,4021.10,1,4020.90,2,4020.30,1,4020.20,1,4020.10,7,4020.00,7,4019.90,8,4019.80,5,4019.70,5,4019.60,6,4021.60,4,4021.70,6,4022.20,5,4022.30,8,4022.40,6,4022.50,5,4022.60,5,4022.70,5,4022.80,6,4022.90,5,Buy,12,0,12,12.00,12.00,1.00,0.30,100.0,4021.40,4021.70,4021.40,4021.70,55,11,66,44.00,46.00,1.00,1.20,66.7,0,18,0.0455,0.0000,255.00,297.00,4025.24,-0.7270,DOWN,49.80,1.3253,1.6491
20260728 231306 851,4021.70,1,4021.10,4021.60,0.50,4021.10,1,4020.90,2,4020.30,1,4020.20,1,4020.10,7,4020.00,7,4019.90,8,4019.80,5,4019.70,5,4019.60,6,4021.60,4,4021.70,6,4022.20,5,4022.30,8,4022.40,6,4022.50,5,4022.60,5,4022.70,5,4022.80,6,4022.90,5,Buy,13,0,13,13.00,13.00,1.00,0.30,100.0,4021.40,4021.70,4021.40,4021.70,55,11,66,44.00,46.00,1.00,1.20,66.7,0,18,0.0455,0.0000,256.00,298.00,4025.24,-0.7270,DOWN,49.80,1.3253,1.6491
20260728 231307 062,4021.50,1,4021.10,4021.50,0.40,4021.10,1,4020.90,2,4020.30,3,4020.20,1,4020.10,7,4020.00,7,4019.90,5,4019.80,5,4019.70,5,4019.60,7,4021.50,3,4021.60,4,4022.20,5,4022.30,8,4022.40,6,4022.50,5,4022.60,6,4022.70,5,4022.80,6,4022.90,5,Buy,14,0,14,14.00,14.00,1.00,0.30,33.3,4021.40,4021.70,4021.40,4021.50,55,11,66,44.00,46.00,1.00,1.20,66.7,0,18,0.0455,0.0000,257.00,299.00,4025.22,-0.7333,DOWN,49.80,1.3253,1.6491
20260728 231312 666,4021.20,1,4021.00,4021.40,0.40,4021.00,1,4020.80,1,4020.30,3,4020.20,1,4020.10,8,4020.00,7,4019.90,5,4019.80,5,4019.70,6,4019.60,6,4021.40,2,4021.50,5,4022.20,6,4022.30,8,4022.40,6,4022.50,5,4022.60,5,4022.70,5,4022.80,6,4022.90,5,Sell,14,1,15,13.00,14.00,1.00,0.50,40.0,4021.40,4021.70,4021.20,4021.20,55,11,66,44.00,46.00,1.00,1.20,66.7,0,18,0.0455,0.0769,256.00,298.00,4025.19,-0.7428,DOWN,49.80,1.3253,1.6491
20260728 231312 666,4021.20,1,4021.00,4021.40,0.40,4021.00,1,4020.80,1,4020.30,3,4020.20,1,4020.10,8,4020.00,7,4019.90,5,4019.80,5,4019.70,6,4019.60,6,4021.40,2,4021.50,5,4022.20,6,4022.30,8,4022.40,6,4022.50,5,4022.60,5,4022.70,5,4022.80,6,4022.90,5,Sell,14,2,16,12.00,14.00,1.00,0.50,40.0,4021.40,4021.70,4021.20,4021.20,55,11,66,44.00,46.00,1.00,1.20,66.7,0,18,0.0455,0.1667,255.00,297.00,4025.19,-0.7428,DOWN,49.80,1.3253,1.6491
20260728 231312 666,4021.20,1,4021.00,4021.40,0.40,4021.00,1,4020.80,1,4020.30,3,4020.20,1,4020.10,8,4020.00,7,4019.90,5,4019.80,5,4019.70,6,4019.60,6,4021.40,2,4021.50,5,4022.20,6,4022.30,8,4022.40,6,4022.50,5,4022.60,5,4022.70,5,4022.80,6,4022.90,5,Sell,14,3,17,11.00,14.00,1.00,0.50,40.0,4021.40,4021.70,4021.20,4021.20,55,11,66,44.00,46.00,1.00,1.20,66.7,0,18,0.0455,0.2727,254.00,296.00,4025.19,-0.7428,DOWN,49.80,1.3253,1.6491
20260728 231318 098,4020.90,1,4020.80,4021.30,0.50,4020.80,3,4020.70,4,4020.30,3,4020.20,1,4020.10,3,4020.00,7,4019.90,5,4019.80,5,4019.70,5,4019.60,6,4021.30,2,4021.40,1,4022.00,2,4022.10,6,4022.20,6,4022.30,8,4022.40,6,4022.50,5,4022.60,5,4022.70,5,Sell,14,4,18,10.00,14.00,1.00,0.80,62.5,4021.40,4021.70,4020.90,4020.90,55,11,66,44.00,46.00,1.00,1.20,66.7,0,18,0.0455,0.4000,253.00,295.00,4025.16,-0.7524,DOWN,49.80,1.3253,1.6491
20260728 231318 098,4020.80,1,4020.80,4021.30,0.50,4020.80,3,4020.70,4,4020.30,3,4020.20,1,4020.10,3,4020.00,7,4019.90,5,4019.80,5,4019.70,5,4019.60,6,4021.30,2,4021.40,1,4022.00,2,4022.10,6,4022.20,6,4022.30,8,4022.40,6,4022.50,5,4022.60,5,4022.70,5,Sell,14,5,19,9.00,14.00,1.00,0.90,66.7,4021.40,4021.70,4020.80,4020.80,55,11,66,44.00,46.00,1.00,1.20,66.7,0,18,0.0455,0.5556,252.00,294.00,4025.15,-0.7555,DOWN,49.80,1.3253,1.6491
20260728 231320 803,4021.30,1,4021.00,4021.40,0.40,4021.00,2,4020.80,2,4020.30,3,4020.20,1,4020.10,3,4020.00,7,4019.90,5,4019.80,5,4019.70,6,4019.60,6,4021.40,3,4021.50,5,4022.00,2,4022.10,6,4022.20,6,4022.30,8,4022.40,6,4022.50,5,4022.60,5,4022.70,5,Buy,15,5,20,10.00,14.00,1.00,0.90,11.1,4021.40,4021.70,4020.80,4021.30,55,11,66,44.00,46.00,1.00,1.20,66.7,0,18,0.0455,0.4000,253.00,295.00,4025.20,-0.7397,DOWN,49.80,1.3253,1.6491
20260728 231320 803,4021.30,1,4021.00,4021.40,0.40,4021.00,2,4020.80,2,4020.30,3,4020.20,1,4020.10,3,4020.00,7,4019.90,5,4019.80,5,4019.70,6,4019.60,6,4021.40,3,4021.50,5,4022.00,2,4022.10,6,4022.20,6,4022.30,8,4022.40,6,4022.50,5,4022.60,5,4022.70,5,Buy,16,5,21,11.00,14.00,1.00,0.90,11.1,4021.40,4021.70,4020.80,4021.30,55,11,66,44.00,46.00,1.00,1.20,66.7,0,18,0.0455,0.2727,254.00,296.00,4025.20,-0.7397,DOWN,49.80,1.3253,1.6491
20260728 231325 422,4021.20,1,4021.00,4021.20,0.20,4021.00,1,4020.90,2,4020.30,3,4020.20,1,4020.10,3,4020.00,7,4019.90,5,4019.80,5,4019.70,6,4019.60,6,4021.20,2,4021.30,1,4021.40,3,4021.50,5,4022.00,1,4022.10,5,4022.20,6,4022.30,8,4022.40,6,4022.50,5,Buy,17,5,22,12.00,14.00,1.00,0.90,22.2,4021.40,4021.70,4020.80,4021.20,55,11,66,44.00,46.00,1.00,1.20,66.7,0,18,0.0455,0.1667,255.00,297.00,4025.19,-0.7428,DOWN,49.80,1.3253,1.6491
20260728 231325 433,4021.10,1,4021.00,4021.20,0.20,4021.00,1,4020.90,2,4020.30,3,4020.20,1,4020.10,3,4020.00,7,4019.90,5,4019.80,5,4019.70,6,4019.60,6,4021.20,2,4021.30,1,4021.40,3,4021.50,5,4022.00,1,4022.10,5,4022.20,6,4022.30,8,4022.40,6,4022.50,5,Sell,17,6,23,11.00,14.00,1.00,0.90,33.3,4021.40,4021.70,4020.80,4021.10,55,11,66,44.00,46.00,1.00,1.20,66.7,0,18,0.0455,0.2727,254.00,296.00,4025.18,-0.7460,DOWN,49.80,1.3253,1.6491
20260728 231331 165,4021.20,1,4020.90,4021.20,0.30,4021.00,2,4020.90,3,4020.30,3,4020.20,1,4020.10,8,4020.00,6,4019.90,5,4019.80,5,4019.70,6,4019.60,6,4021.30,1,4021.40,3,4021.50,5,4021.80,5,4021.90,5,4022.00,7,4022.10,5,4022.20,6,4022.30,8,4022.40,6,Buy,18,6,24,12.00,14.00,1.00,0.90,22.2,4021.40,4021.70,4020.80,4021.20,55,11,66,44.00,46.00,1.00,1.20,66.7,0,18,0.0455,0.1667,255.00,297.00,4025.19,-0.7428,DOWN,49.80,1.3253,1.6491
20260728 231331 165,4021.20,1,4020.90,4021.20,0.30,4021.00,2,4020.90,3,4020.30,3,4020.20,1,4020.10,8,4020.00,6,4019.90,5,4019.80,5,4019.70,6,4019.60,6,4021.30,1,4021.40,3,4021.50,5,4021.80,5,4021.90,5,4022.00,7,4022.10,5,4022.20,6,4022.30,8,4022.40,6,Buy,19,6,25,13.00,14.00,1.00,0.90,22.2,4021.40,4021.70,4020.80,4021.20,55,11,66,44.00,46.00,1.00,1.20,66.7,0,18,0.0455,0.0769,256.00,298.00,4025.19,-0.7428,DOWN,49.80,1.3253,1.6491
20260728 231333 095,4021.30,1,4021.00,4021.30,0.30,4021.00,1,4020.90,2,4020.30,3,4020.20,1,4020.10,8,4020.00,6,4019.90,5,4019.80,5,4019.70,5,4019.60,6,4021.30,1,4021.40,3,4021.80,5,4021.90,5,4022.00,7,4022.10,5,4022.20,6,4022.30,8,4022.40,6,4022.50,5,Buy,20,6,26,14.00,14.00,1.00,0.90,11.1,4021.40,4021.70,4020.80,4021.30,55,11,66,44.00,46.00,1.00,1.20,66.7,0,18,0.0455,0.0000,257.00,299.00,4025.20,-0.7397,DOWN,49.80,1.3253,1.6491
20260728 231335 558,4021.30,1,4021.00,4021.50,0.50,4021.00,3,4020.90,1,4020.30,3,4020.20,1,4020.10,8,4020.00,6,4019.90,5,4019.80,5,4019.70,5,4019.60,6,4021.50,5,4021.60,7,4021.80,5,4021.90,5,4022.00,7,4022.10,5,4022.20,6,4022.30,8,4022.40,6,4022.50,5,Buy,21,6,27,15.00,15.00,1.00,0.90,11.1,4021.40,4021.70,4020.80,4021.30,55,11,66,44.00,46.00,1.00,1.20,66.7,0,18,0.0455,0.0000,258.00,300.00,4025.20,-0.7397,DOWN,49.80,1.3253,1.6491
20260728 231335 558,4021.30,1,4021.00,4021.50,0.50,4021.00,3,4020.90,1,4020.30,3,4020.20,1,4020.10,8,4020.00,6,4019.90,5,4019.80,5,4019.70,5,4019.60,6,4021.50,5,4021.60,7,4021.80,5,4021.90,5,4022.00,7,4022.10,5,4022.20,6,4022.30,8,4022.40,6,4022.50,5,Buy,22,6,28,16.00,16.00,1.00,0.90,11.1,4021.40,4021.70,4020.80,4021.30,55,11,66,44.00,46.00,1.00,1.20,66.7,0,18,0.0455,0.0000,259.00,301.00,4025.20,-0.7397,DOWN,49.80,1.3253,1.6491
20260728 231335 558,4021.40,1,4021.00,4021.50,0.50,4021.00,3,4020.90,1,4020.30,3,4020.20,1,4020.10,8,4020.00,6,4019.90,5,4019.80,5,4019.70,5,4019.60,6,4021.50,5,4021.60,7,4021.80,5,4021.90,5,4022.00,7,4022.10,5,4022.20,6,4022.30,8,4022.40,6,4022.50,5,Buy,23,6,29,17.00,17.00,1.00,0.90,0.0,4021.40,4021.70,4020.80,4021.40,55,11,66,44.00,46.00,1.00,1.20,66.7,0,18,0.0455,0.0000,260.00,302.00,4025.21,-0.7365,DOWN,49.80,1.3253,1.6491
20260728 231336 227,4021.10,1,4021.10,4021.40,0.30,4021.10,1,4021.00,2,4020.30,3,4020.20,1,4020.10,8,4020.00,6,4019.90,5,4019.80,6,4019.70,5,4019.60,6,4021.40,1,4021.50,6,4021.80,5,4021.90,5,4022.00,6,4022.10,5,4022.20,6,4022.30,8,4022.40,6,4022.50,5,Sell,23,7,30,16.00,17.00,1.00,0.90,33.3,4021.40,4021.70,4020.80,4021.10,55,11,66,44.00,46.00,1.00,1.20,66.7,0,18,0.0455,0.0625,259.00,301.00,4025.18,-0.7460,DOWN,49.80,1.3253,1.6491
20260728 231338 713,4021.40,1,4021.30,4021.50,0.20,4021.30,1,4021.20,2,4021.10,2,4020.30,3,4020.20,6,4020.10,8,4020.00,6,4019.90,5,4019.80,5,4019.70,5,4021.50,2,4021.60,2,4022.00,1,4022.20,6,4022.30,8,4022.40,6,4022.50,5,4022.60,5,4022.70,5,4022.80,6,Buy,24,7,31,17.00,17.00,1.00,0.90,0.0,4021.40,4021.70,4020.80,4021.40,55,11,66,44.00,46.00,1.00,1.20,66.7,0,18,0.0455,0.0000,260.00,302.00,4025.21,-0.7365,DOWN,49.80,1.3253,1.6491
20260728 231340 047,4022.00,1,4021.70,4022.10,0.40,4021.70,1,4021.60,3,4021.30,1,4020.50,1,4020.40,6,4020.30,8,4020.20,6,4020.10,6,4020.00,6,4019.90,5,4022.10,5,4022.20,4,4022.30,2,4022.40,1,4022.60,5,4022.70,6,4022.80,6,4022.90,5,4023.00,5,4023.10,5,Buy,25,7,32,18.00,18.00,1.00,1.20,50.0,4021.40,4022.00,4020.80,4022.00,55,11,66,44.00,46.00,1.00,1.20,66.7,0,18,0.0455,0.0000,261.00,303.00,4025.27,-0.7174,DOWN,49.80,1.3253,1.6705
20260728 231340 047,4022.00,1,4021.70,4022.10,0.40,4021.70,1,4021.60,3,4021.30,1,4020.50,1,4020.40,6,4020.30,8,4020.20,6,4020.10,6,4020.00,6,4019.90,5,4022.10,5,4022.20,4,4022.30,2,4022.40,1,4022.60,5,4022.70,6,4022.80,6,4022.90,5,4023.00,5,4023.10,5,Buy,26,7,33,19.00,19.00,1.00,1.20,50.0,4021.40,4022.00,4020.80,4022.00,55,11,66,44.00,46.00,1.00,1.20,66.7,0,18,0.0455,0.0000,262.00,304.00,4025.27,-0.7174,DOWN,49.80,1.3253,1.6705
20260728 231340 047,4022.10,1,4021.70,4022.10,0.40,4021.70,1,4021.60,3,4021.30,1,4020.50,1,4020.40,6,4020.30,8,4020.20,6,4020.10,6,4020.00,6,4019.90,5,4022.10,5,4022.20,4,4022.30,2,4022.40,1,4022.60,5,4022.70,6,4022.80,6,4022.90,5,4023.00,5,4023.10,5,Buy,27,7,34,20.00,20.00,1.00,1.30,53.8,4021.40,4022.10,4020.80,4022.10,55,11,66,44.00,46.00,1.00,1.20,66.7,0,18,0.0455,0.0000,263.00,305.00,4025.28,-0.7143,DOWN,49.80,1.3253,1.6777
20260728 231340 047,4022.10,1,4021.70,4022.10,0.40,4021.70,1,4021.60,3,4021.30,1,4020.50,1,4020.40,6,4020.30,8,4020.20,6,4020.10,6,4020.00,6,4019.90,5,4022.10,5,4022.20,4,4022.30,2,4022.40,1,4022.60,5,4022.70,6,4022.80,6,4022.90,5,4023.00,5,4023.10,5,Buy,28,7,35,21.00,21.00,1.00,1.30,53.8,4021.40,4022.10,4020.80,4022.10,55,11,66,44.00,46.00,1.00,1.20,66.7,0,18,0.0455,0.0000,264.00,306.00,4025.28,-0.7143,DOWN,49.80,1.3253,1.6777
20260728 231340 047,4022.10,1,4021.70,4022.10,0.40,4021.70,1,4021.60,3,4021.30,1,4020.50,1,4020.40,6,4020.30,8,4020.20,6,4020.10,6,4020.00,6,4019.90,5,4022.10,5,4022.20,4,4022.30,2,4022.40,1,4022.60,5,4022.70,6,4022.80,6,4022.90,5,4023.00,5,4023.10,5,Buy,29,7,36,22.00,22.00,1.00,1.30,53.8,4021.40,4022.10,4020.80,4022.10,55,11,66,44.00,46.00,1.00,1.20,66.7,0,18,0.0455,0.0000,265.00,307.00,4025.28,-0.7143,DOWN,49.80,1.3253,1.6777
20260728 231340 047,4022.10,1,4021.70,4022.10,0.40,4021.70,1,4021.60,3,4021.30,1,4020.50,1,4020.40,6,4020.30,8,4020.20,6,4020.10,6,4020.00,6,4019.90,5,4022.10,5,4022.20,4,4022.30,2,4022.40,1,4022.60,5,4022.70,6,4022.80,6,4022.90,5,4023.00,5,4023.10,5,Buy,30,7,37,23.00,23.00,1.00,1.30,53.8,4021.40,4022.10,4020.80,4022.10,55,11,66,44.00,46.00,1.00,1.20,66.7,0,18,0.0455,0.0000,266.00,308.00,4025.28,-0.7143,DOWN,49.80,1.3253,1.6777
20260728 231340 047,4022.20,1,4021.70,4022.10,0.40,4021.70,1,4021.60,3,4021.30,1,4020.50,1,4020.40,6,4020.30,8,4020.20,6,4020.10,6,4020.00,6,4019.90,5,4022.10,5,4022.20,4,4022.30,2,4022.40,1,4022.60,5,4022.70,6,4022.80,6,4022.90,5,4023.00,5,4023.10,5,Buy,31,7,38,24.00,24.00,1.00,1.40,57.1,4021.40,4022.20,4020.80,4022.20,55,11,66,44.00,46.00,1.00,1.20,66.7,0,18,0.0455,0.0000,267.00,309.00,4025.29,-0.7111,DOWN,49.80,1.3253,1.6848
20260728 231340 047,4022.20,1,4021.70,4022.10,0.40,4021.70,1,4021.60,3,4021.30,1,4020.50,1,4020.40,6,4020.30,8,4020.20,6,4020.10,6,4020.00,6,4019.90,5,4022.10,5,4022.20,4,4022.30,2,4022.40,1,4022.60,5,4022.70,6,4022.80,6,4022.90,5,4023.00,5,4023.10,5,Buy,32,7,39,25.00,25.00,1.00,1.40,57.1,4021.40,4022.20,4020.80,4022.20,55,11,66,44.00,46.00,1.00,1.20,66.7,0,18,0.0455,0.0000,268.00,310.00,4025.29,-0.7111,DOWN,49.80,1.3253,1.6848
20260728 231340 836,4022.10,1,4021.80,4022.10,0.30,4021.80,1,4021.70,2,4021.60,3,4021.30,1,4020.70,1,4020.60,1,4020.50,1,4020.40,5,4020.30,6,4020.20,6,4022.10,3,4022.20,4,4022.30,2,4022.40,1,4022.60,5,4022.70,5,4022.80,6,4022.90,5,4023.00,5,4023.10,5,Buy,33,7,40,26.00,26.00,1.00,1.40,50.0,4021.40,4022.20,4020.80,4022.10,55,11,66,44.00,46.00,1.00,1.20,66.7,0,18,0.0455,0.0000,269.00,311.00,4025.28,-0.7143,DOWN,49.80,1.3253,1.6848
20260728 231341 622,4021.80,1,4021.60,4022.20,0.60,4021.60,3,4021.50,3,4021.30,1,4020.70,1,4020.60,1,4020.50,1,4020.40,5,4020.30,6,4020.20,6,4020.10,6,4022.20,5,4022.30,7,4022.40,1,4022.60,5,4022.70,5,4022.80,5,4022.90,5,4023.00,5,4023.10,5,4023.20,9,Sell,33,8,41,25.00,26.00,1.00,1.40,28.6,4021.40,4022.20,4020.80,4021.80,55,11,66,44.00,46.00,1.00,1.20,66.7,0,18,0.0455,0.0400,268.00,310.00,4025.25,-0.7238,DOWN,49.80,1.3253,1.6848
20260728 231341 622,4021.80,1,4021.60,4022.20,0.60,4021.60,3,4021.50,3,4021.30,1,4020.70,1,4020.60,1,4020.50,1,4020.40,5,4020.30,6,4020.20,6,4020.10,6,4022.20,5,4022.30,7,4022.40,1,4022.60,5,4022.70,5,4022.80,5,4022.90,5,4023.00,5,4023.10,5,4023.20,9,Sell,33,9,42,24.00,26.00,1.00,1.40,28.6,4021.40,4022.20,4020.80,4021.80,55,11,66,44.00,46.00,1.00,1.20,66.7,0,18,0.0455,0.0833,267.00,309.00,4025.25,-0.7238,DOWN,49.80,1.3253,1.6848
20260728 231342 342,4022.10,1,4021.70,4022.10,0.40,4021.70,1,4021.60,3,4021.30,1,4020.70,1,4020.60,1,4020.50,1,4020.40,5,4020.30,6,4020.20,6,4020.10,6,4022.10,2,4022.20,4,4022.30,2,4022.40,1,4022.60,5,4022.70,5,4022.80,5,4022.90,5,4023.00,5,4023.10,5,Buy,34,9,43,25.00,26.00,1.00,1.40,50.0,4021.40,4022.20,4020.80,4022.10,55,11,66,44.00,46.00,1.00,1.20,66.7,0,18,0.0455,0.0400,268.00,310.00,4025.28,-0.7143,DOWN,49.80,1.3253,1.6848
20260728 231343 511,4022.10,1,4021.80,4022.10,0.30,4021.80,2,4021.70,2,4021.30,1,4020.70,1,4020.60,1,4020.50,1,4020.40,5,4020.30,6,4020.20,6,4020.10,6,4022.20,2,4022.30,7,4022.40,1,4022.60,5,4022.70,5,4022.80,5,4022.90,5,4023.00,5,4023.10,5,4023.20,9,Buy,35,9,44,26.00,26.00,1.00,1.40,50.0,4021.40,4022.20,4020.80,4022.10,55,11,66,44.00,46.00,1.00,1.20,66.7,0,18,0.0455,0.0000,269.00,311.00,4025.28,-0.7143,DOWN,49.80,1.3253,1.6848
20260728 231343 511,4022.20,1,4021.80,4022.10,0.30,4021.80,2,4021.70,2,4021.30,1,4020.70,1,4020.60,1,4020.50,1,4020.40,5,4020.30,6,4020.20,6,4020.10,6,4022.20,2,4022.30,7,4022.40,1,4022.60,5,4022.70,5,4022.80,5,4022.90,5,4023.00,5,4023.10,5,4023.20,9,Buy,36,9,45,27.00,27.00,1.00,1.40,57.1,4021.40,4022.20,4020.80,4022.20,55,11,66,44.00,46.00,1.00,1.20,66.7,0,18,0.0455,0.0000,270.00,312.00,4025.29,-0.7111,DOWN,49.80,1.3253,1.6848
20260728 231343 511,4022.20,1,4021.80,4022.10,0.30,4021.80,2,4021.70,2,4021.30,1,4020.70,1,4020.60,1,4020.50,1,4020.40,5,4020.30,6,4020.20,6,4020.10,6,4022.20,2,4022.30,7,4022.40,1,4022.60,5,4022.70,5,4022.80,5,4022.90,5,4023.00,5,4023.10,5,4023.20,9,Buy,37,9,46,28.00,28.00,1.00,1.40,57.1,4021.40,4022.20,4020.80,4022.20,55,11,66,44.00,46.00,1.00,1.20,66.7,0,18,0.0455,0.0000,271.00,313.00,4025.29,-0.7111,DOWN,49.80,1.3253,1.6848
20260728 231347 591,4022.20,1,4021.80,4022.20,0.40,4021.80,2,4021.70,2,4020.70,2,4020.60,1,4020.50,1,4020.40,5,4020.30,6,4020.20,6,4020.10,6,4020.00,6,4022.20,2,4022.30,7,4022.40,1,4022.60,5,4022.70,5,4022.80,5,4022.90,5,4023.00,5,4023.10,5,4023.20,9,Buy,38,9,47,29.00,29.00,1.00,1.40,57.1,4021.40,4022.20,4020.80,4022.20,55,11,66,44.00,46.00,1.00,1.20,66.7,0,18,0.0455,0.0000,272.00,314.00,4025.29,-0.7111,DOWN,49.80,1.3253,1.6848
20260728 231348 235,4021.90,1,4021.80,4022.10,0.30,4021.80,2,4021.70,2,4020.70,1,4020.60,1,4020.50,1,4020.40,5,4020.30,6,4020.20,6,4020.10,6,4020.00,6,4022.10,1,4022.20,2,4022.30,2,4022.40,1,4022.60,5,4022.70,5,4022.80,5,4022.90,5,4023.00,5,4023.10,5,Sell,38,10,48,28.00,29.00,1.00,1.40,35.7,4021.40,4022.20,4020.80,4021.90,55,11,66,44.00,46.00,1.00,1.20,66.7,0,18,0.0455,0.0357,271.00,313.00,4025.26,-0.7206,DOWN,49.80,1.3253,1.6848
20260728 231349 205,4022.10,1,4021.80,4022.30,0.50,4021.80,2,4021.70,2,4020.70,2,4020.60,1,4020.50,1,4020.40,5,4020.30,6,4020.20,6,4020.10,6,4020.00,6,4022.30,6,4022.40,1,4022.50,5,4022.60,5,4022.70,5,4022.80,5,4022.90,5,4023.00,5,4023.10,5,4023.20,9,Buy,39,10,49,29.00,29.00,1.00,1.40,50.0,4021.40,4022.20,4020.80,4022.10,55,11,66,44.00,46.00,1.00,1.20,66.7,0,18,0.0455,0.0000,272.00,314.00,4025.28,-0.7143,DOWN,49.80,1.3253,1.6848
20260728 231349 205,4022.20,1,4021.80,4022.30,0.50,4021.80,2,4021.70,2,4020.70,2,4020.60,1,4020.50,1,4020.40,5,4020.30,6,4020.20,6,4020.10,6,4020.00,6,4022.30,6,4022.40,1,4022.50,5,4022.60,5,4022.70,5,4022.80,5,4022.90,5,4023.00,5,4023.10,5,4023.20,9,Buy,40,10,50,30.00,30.00,1.00,1.40,57.1,4021.40,4022.20,4020.80,4022.20,55,11,66,44.00,46.00,1.00,1.20,66.7,0,18,0.0455,0.0000,273.00,315.00,4025.29,-0.7111,DOWN,49.80,1.3253,1.6848
20260728 231349 205,4022.20,1,4021.80,4022.30,0.50,4021.80,2,4021.70,2,4020.70,2,4020.60,1,4020.50,1,4020.40,5,4020.30,6,4020.20,6,4020.10,6,4020.00,6,4022.30,6,4022.40,1,4022.50,5,4022.60,5,4022.70,5,4022.80,5,4022.90,5,4023.00,5,4023.10,5,4023.20,9,Buy,41,10,51,31.00,31.00,1.00,1.40,57.1,4021.40,4022.20,4020.80,4022.20,55,11,66,44.00,46.00,1.00,1.20,66.7,0,18,0.0455,0.0000,274.00,316.00,4025.29,-0.7111,DOWN,49.80,1.3253,1.6848
20260728 231349 279,4021.80,1,4021.80,4022.20,0.40,4021.80,2,4021.70,2,4020.70,2,4020.60,1,4020.50,1,4020.40,5,4020.30,6,4020.20,6,4020.10,6,4020.00,6,4022.20,2,4022.30,6,4022.40,1,4022.60,5,4022.70,5,4022.80,5,4022.90,5,4023.00,5,4023.10,5,4023.20,9,Sell,41,11,52,30.00,31.00,1.00,1.40,28.6,4021.40,4022.20,4020.80,4021.80,55,11,66,44.00,46.00,1.00,1.20,66.7,0,18,0.0455,0.0333,273.00,315.00,4025.25,-0.7238,DOWN,49.80,1.3253,1.6848
20260728 231353 443,4021.80,1,4021.80,4022.20,0.40,4021.80,2,4021.70,3,4020.90,3,4020.80,6,4020.70,7,4020.60,5,4020.50,5,4020.40,5,4020.30,6,4020.20,6,4022.20,1,4022.30,6,4022.40,1,4022.60,5,4022.70,5,4022.80,5,4022.90,5,4023.00,5,4023.10,5,4023.20,9,Sell,41,12,53,29.00,31.00,1.00,1.40,28.6,4021.40,4022.20,4020.80,4021.80,55,11,66,44.00,46.00,1.00,1.20,66.7,0,18,0.0455,0.0690,272.00,314.00,4025.25,-0.7238,DOWN,49.80,1.3253,1.6848
20260728 231354 982,4022.30,1,4022.10,4022.30,0.20,4021.90,1,4021.80,3,4021.00,1,4020.90,3,4020.80,1,4020.70,2,4020.60,5,4020.50,5,4020.40,5,4020.30,6,4022.30,3,4022.40,4,4023.00,5,4023.10,5,4023.20,4,4023.40,5,4023.50,5,4023.60,6,4023.70,5,4023.80,5,Buy,42,12,54,30.00,31.00,1.00,1.50,60.0,4021.40,4022.30,4020.80,4022.30,55,11,66,44.00,46.00,1.00,1.20,66.7,0,18,0.0455,0.0333,273.00,315.00,4025.30,-0.7079,DOWN,49.80,1.3253,1.6919
20260728 231354 983,4022.20,1,4022.10,4022.30,0.20,4021.90,1,4021.80,3,4021.00,1,4020.90,3,4020.80,1,4020.70,2,4020.60,5,4020.50,5,4020.40,5,4020.30,6,4022.30,3,4022.40,4,4023.00,5,4023.10,5,4023.20,4,4023.40,5,4023.50,5,4023.60,6,4023.70,5,4023.80,5,Sell,42,13,55,29.00,31.00,1.00,1.50,53.3,4021.40,4022.30,4020.80,4022.20,55,11,66,44.00,46.00,1.00,1.20,66.7,0,18,0.0455,0.0690,272.00,314.00,4025.29,-0.7111,DOWN,49.80,1.3253,1.6919
20260728 231354 984,4022.40,1,4022.10,4022.30,0.20,4021.90,1,4021.80,3,4021.00,1,4020.90,3,4020.80,1,4020.70,2,4020.60,5,4020.50,5,4020.40,5,4020.30,6,4022.30,3,4022.40,4,4023.00,5,4023.10,5,4023.20,4,4023.40,5,4023.50,5,4023.60,6,4023.70,5,4023.80,5,Buy,43,13,56,30.00,31.00,1.00,1.60,62.5,4021.40,4022.40,4020.80,4022.40,55,11,66,44.00,46.00,1.00,1.20,66.7,0,18,0.0455,0.0333,273.00,315.00,4025.31,-0.7047,DOWN,49.80,1.3253,1.6991
20260728 231354 987,4022.30,1,4022.10,4022.30,0.20,4021.90,1,4021.80,3,4021.00,1,4020.90,3,4020.80,1,4020.70,2,4020.60,5,4020.50,5,4020.40,5,4020.30,6,4022.30,3,4022.40,4,4023.00,5,4023.10,5,4023.20,4,4023.40,5,4023.50,5,4023.60,6,4023.70,5,4023.80,5,Buy,44,13,57,31.00,31.00,1.00,1.60,56.3,4021.40,4022.40,4020.80,4022.30,55,11,66,44.00,46.00,1.00,1.20,66.7,0,18,0.0455,0.0000,274.00,316.00,4025.30,-0.7079,DOWN,49.80,1.3253,1.6991
20260728 231356 969,4022.20,1,4021.90,4022.30,0.40,4021.90,1,4021.80,3,4021.00,2,4020.90,3,4020.70,2,4020.60,5,4020.50,5,4020.40,5,4020.30,6,4020.20,7,4022.30,2,4022.40,4,4023.10,5,4023.20,9,4023.30,5,4023.40,5,4023.50,6,4023.60,6,4023.70,5,4023.80,5,Sell,44,14,58,30.00,31.00,1.00,1.60,50.0,4021.40,4022.40,4020.80,4022.20,55,11,66,44.00,46.00,1.00,1.20,66.7,0,18,0.0455,0.0333,273.00,315.00,4025.29,-0.7111,DOWN,49.80,1.3253,1.6991
20260728 231356 969,4022.20,1,4021.90,4022.30,0.40,4021.90,1,4021.80,3,4021.00,2,4020.90,3,4020.70,2,4020.60,5,4020.50,5,4020.40,5,4020.30,6,4020.20,7,4022.30,2,4022.40,4,4023.10,5,4023.20,9,4023.30,5,4023.40,5,4023.50,6,4023.60,6,4023.70,5,4023.80,5,Sell,44,15,59,29.00,31.00,1.00,1.60,50.0,4021.40,4022.40,4020.80,4022.20,55,11,66,44.00,46.00,1.00,1.20,66.7,0,18,0.0455,0.0690,272.00,314.00,4025.29,-0.7111,DOWN,49.80,1.3253,1.6991
20260728 231357 813,4022.20,1,4021.80,4022.20,0.40,4021.80,2,4021.70,1,4021.50,1,4020.90,3,4020.80,6,4020.70,7,4020.60,5,4020.50,5,4020.40,5,4020.30,6,4022.20,2,4022.30,8,4023.00,5,4023.10,5,4023.20,9,4023.30,5,4023.40,5,4023.50,5,4023.60,6,4023.70,5,Buy,45,15,60,30.00,31.00,1.00,1.60,50.0,4021.40,4022.40,4020.80,4022.20,55,11,66,44.00,46.00,1.00,1.20,66.7,0,18,0.0455,0.0333,273.00,315.00,4025.29,-0.7111,DOWN,49.80,1.3253,1.6991
20260728 231357 813,4022.20,1,4021.80,4022.20,0.40,4021.80,2,4021.70,1,4021.50,1,4020.90,3,4020.80,6,4020.70,7,4020.60,5,4020.50,5,4020.40,5,4020.30,6,4022.20,2,4022.30,8,4023.00,5,4023.10,5,4023.20,9,4023.30,5,4023.40,5,4023.50,5,4023.60,6,4023.70,5,Buy,46,15,61,31.00,31.00,1.00,1.60,50.0,4021.40,4022.40,4020.80,4022.20,55,11,66,44.00,46.00,1.00,1.20,66.7,0,18,0.0455,0.0000,274.00,316.00,4025.29,-0.7111,DOWN,49.80,1.3253,1.6991
20260728 231357 813,4022.30,1,4021.80,4022.20,0.40,4021.80,2,4021.70,1,4021.50,1,4020.90,3,4020.80,6,4020.70,7,4020.60,5,4020.50,5,4020.40,5,4020.30,6,4022.20,2,4022.30,8,4023.00,5,4023.10,5,4023.20,9,4023.30,5,4023.40,5,4023.50,5,4023.60,6,4023.70,5,Buy,47,15,62,32.00,32.00,1.00,1.60,56.3,4021.40,4022.40,4020.80,4022.30,55,11,66,44.00,46.00,1.00,1.20,66.7,0,18,0.0455,0.0000,275.00,317.00,4025.30,-0.7079,DOWN,49.80,1.3253,1.6991
20260728 231358 661,4021.80,1,4021.70,4022.10,0.40,4021.70,1,4021.60,4,4021.50,1,4020.90,3,4020.80,1,4020.70,7,4020.60,5,4020.50,5,4020.40,5,4020.30,6,4022.10,2,4022.20,5,4023.00,5,4023.10,5,4023.20,9,4023.30,5,4023.40,5,4023.50,5,4023.60,6,4023.70,5,Sell,47,16,63,31.00,32.00,1.00,1.60,25.0,4021.40,4022.40,4020.80,4021.80,55,11,66,44.00,46.00,1.00,1.20,66.7,0,18,0.0455,0.0323,274.00,316.00,4025.25,-0.7238,DOWN,49.80,1.3253,1.6991
20260728 231400 640,4022.20,1,4021.80,4022.20,0.40,4021.80,3,4021.70,2,4021.50,1,4021.10,3,4021.00,6,4020.90,8,4020.80,5,4020.70,5,4020.60,5,4020.50,5,4022.20,1,4022.30,3,4023.00,5,4023.10,5,4023.20,9,4023.30,5,4023.40,5,4023.50,5,4023.60,6,4023.70,5,Buy,1,0,1,1.00,1.00,1.00,0.00,0.0,4022.20,4022.20,4022.20,4022.20,47,16,63,31.00,32.00,1.00,1.60,25.0,60,120,0.0323,0.0000,170.00,298.00,4025.29,-0.7111,DOWN,51.95,1.2127,1.6063
20260728 231401 947,4022.10,2,4022.00,4022.10,0.10,4021.90,5,4021.80,5,4021.50,1,4021.10,3,4021.00,6,4020.90,8,4020.80,5,4020.70,5,4020.60,5,4020.50,5,4022.20,1,4022.40,2,4022.50,6,4023.00,5,4023.10,5,4023.20,9,4023.30,5,4023.40,5,4023.50,5,4023.60,6,Buy,3,0,3,3.00,3.00,1.00,0.10,100.0,4022.20,4022.20,4022.10,4022.10,47,16,63,31.00,32.00,1.00,1.60,25.0,60,120,0.0323,0.0000,172.00,300.00,4025.28,-0.7143,DOWN,51.95,1.2127,1.6063
20260728 231402 827,4022.20,1,4022.10,4022.60,0.50,4022.10,1,4022.00,2,4021.50,1,4021.10,3,4021.00,6,4020.90,8,4020.80,5,4020.70,5,4020.60,5,4020.50,5,4022.60,3,4022.70,4,4023.00,5,4023.10,5,4023.20,9,4023.30,5,4023.40,5,4023.50,5,4023.60,6,4023.70,5,Buy,4,0,4,4.00,4.00,1.00,0.10,0.0,4022.20,4022.20,4022.10,4022.20,47,16,63,31.00,32.00,1.00,1.60,25.0,60,120,0.0323,0.0000,173.00,301.00,4025.29,-0.7111,DOWN,51.95,1.2127,1.6063
20260728 231407 344,4022.60,1,4022.20,4022.60,0.40,4022.10,1,4022.00,1,4021.90,1,4021.50,4,4021.30,7,4021.20,5,4021.10,5,4021.00,5,4020.90,5,4020.80,5,4022.40,2,4022.50,5,4023.20,9,4023.30,5,4023.40,5,4023.60,6,4023.70,5,4023.80,5,4023.90,5,4024.00,10,Buy,5,0,5,5.00,5.00,1.00,0.50,80.0,4022.20,4022.60,4022.10,4022.60,47,16,63,31.00,32.00,1.00,1.60,25.0,60,120,0.0323,0.0000,174.00,302.00,4025.33,-0.6984,DOWN,51.95,1.2127,1.6349
20260728 231407 344,4022.60,1,4022.20,4022.60,0.40,4022.10,1,4022.00,1,4021.90,1,4021.50,4,4021.30,7,4021.20,5,4021.10,5,4021.00,5,4020.90,5,4020.80,5,4022.40,2,4022.50,5,4023.20,9,4023.30,5,4023.40,5,4023.60,6,4023.70,5,4023.80,5,4023.90,5,4024.00,10,Buy,6,0,6,6.00,6.00,1.00,0.50,80.0,4022.20,4022.60,4022.10,4022.60,47,16,63,31.00,32.00,1.00,1.60,25.0,60,120,0.0323,0.0000,175.00,303.00,4025.33,-0.6984,DOWN,51.95,1.2127,1.6349
20260728 231407 344,4022.60,1,4022.20,4022.60,0.40,4022.10,1,4022.00,1,4021.90,1,4021.50,4,4021.30,7,4021.20,5,4021.10,5,4021.00,5,4020.90,5,4020.80,5,4022.40,2,4022.50,5,4023.20,9,4023.30,5,4023.40,5,4023.60,6,4023.70,5,4023.80,5,4023.90,5,4024.00,10,Buy,7,0,7,7.00,7.00,1.00,0.50,80.0,4022.20,4022.60,4022.10,4022.60,47,16,63,31.00,32.00,1.00,1.60,25.0,60,120,0.0323,0.0000,176.00,304.00,4025.33,-0.6984,DOWN,51.95,1.2127,1.6349
20260728 231407 419,4022.10,1,4021.60,4022.00,0.40,4021.60,3,4021.50,3,4021.40,2,4021.20,1,4021.10,5,4021.00,5,4020.90,5,4020.80,5,4020.70,5,4020.60,6,4022.00,1,4022.10,6,4022.80,5,4022.90,5,4023.00,5,4023.10,5,4023.20,4,4023.30,5,4023.40,5,4023.50,5,Sell,7,1,8,6.00,7.00,1.00,0.50,20.0,4022.20,4022.60,4022.10,4022.10,47,16,63,31.00,32.00,1.00,1.60,25.0,60,120,0.0323,0.1667,175.00,303.00,4025.28,-0.7143,DOWN,51.95,1.2127,1.6349
20260728 231407 419,4022.00,1,4021.60,4022.00,0.40,4021.60,3,4021.50,3,4021.40,2,4021.20,1,4021.10,5,4021.00,5,4020.90,5,4020.80,5,4020.70,5,4020.60,6,4022.00,1,4022.10,6,4022.80,5,4022.90,5,4023.00,5,4023.10,5,4023.20,4,4023.30,5,4023.40,5,4023.50,5,Sell,7,2,9,5.00,7.00,1.00,0.60,33.3,4022.20,4022.60,4022.00,4022.00,47,16,63,31.00,32.00,1.00,1.60,25.0,60,120,0.0323,0.4000,174.00,302.00,4025.27,-0.7174,DOWN,51.95,1.2127,1.6349
20260728 231407 421,4021.90,1,4021.60,4022.00,0.40,4021.60,3,4021.50,3,4021.40,2,4021.20,1,4021.10,5,4021.00,5,4020.90,5,4020.80,5,4020.70,5,4020.60,6,4022.00,1,4022.10,6,4022.80,5,4022.90,5,4023.00,5,4023.10,5,4023.20,4,4023.30,5,4023.40,5,4023.50,5,Sell,7,3,10,4.00,7.00,1.00,0.70,42.9,4022.20,4022.60,4021.90,4021.90,47,16,63,31.00,32.00,1.00,1.60,25.0,60,120,0.0323,0.7500,173.00,301.00,4025.26,-0.7206,DOWN,51.95,1.2127,1.6349
20260728 231407 444,4022.00,1,4021.60,4022.00,0.40,4021.60,3,4021.50,3,4021.40,2,4021.20,1,4021.10,5,4021.00,5,4020.90,5,4020.80,5,4020.70,5,4020.60,6,4022.00,1,4022.10,6,4022.80,5,4022.90,5,4023.00,5,4023.10,5,4023.20,4,4023.30,5,4023.40,5,4023.50,5,Buy,8,3,11,5.00,7.00,1.00,0.70,28.6,4022.20,4022.60,4021.90,4022.00,47,16,63,31.00,32.00,1.00,1.60,25.0,60,120,0.0323,0.4000,174.00,302.00,4025.27,-0.7174,DOWN,51.95,1.2127,1.6349
20260728 231407 527,4021.50,1,4021.50,4022.00,0.50,4021.50,1,4021.40,4,4021.30,3,4021.20,1,4021.10,5,4021.00,5,4020.90,5,4020.80,5,4020.70,5,4020.60,6,4022.00,5,4022.10,5,4022.80,6,4022.90,5,4023.00,5,4023.10,5,4023.20,4,4023.30,5,4023.40,5,4023.50,5,Sell,8,4,12,4.00,7.00,1.00,1.10,63.6,4022.20,4022.60,4021.50,4021.50,47,16,63,31.00,32.00,1.00,1.60,25.0,60,120,0.0323,0.7500,173.00,301.00,4025.22,-0.7333,DOWN,51.95,1.2127,1.6563
20260728 231410 090,4022.10,1,4021.70,4022.00,0.30,4021.70,1,4021.60,2,4020.70,3,4020.60,1,4020.40,2,4020.30,6,4020.20,7,4020.10,6,4020.00,6,4019.90,5,4022.00,1,4022.10,2,4022.70,5,4022.80,1,4023.00,6,4023.10,5,4023.20,9,4023.30,5,4023.40,5,4023.50,5,Buy,9,4,13,5.00,7.00,1.00,1.10,9.1,4022.20,4022.60,4021.50,4022.10,47,16,63,31.00,32.00,1.00,1.60,25.0,60,120,0.0323,0.4000,174.00,302.00,4025.28,-0.7143,DOWN,51.95,1.2127,1.6563
20260728 231410 652,4021.40,1,4021.30,4021.70,0.40,4021.30,2,4021.20,2,4020.60,2,4020.50,5,4020.30,6,4020.20,7,4020.10,6,4020.00,6,4019.90,5,4019.80,5,4021.70,2,4021.80,4,4022.40,5,4022.50,5,4022.60,6,4022.70,5,4022.80,7,4022.90,5,4023.00,5,4023.10,5,Sell,9,5,14,4.00,7.00,1.00,1.20,66.7,4022.20,4022.60,4021.40,4021.40,47,16,63,31.00,32.00,1.00,1.60,25.0,60,120,0.0323,0.7500,173.00,301.00,4025.21,-0.7365,DOWN,51.95,1.2127,1.6634
20260728 231413 493,4021.30,1,4021.20,4021.50,0.30,4021.20,2,4021.10,3,4020.60,2,4020.50,5,4020.40,1,4020.30,6,4020.20,7,4020.10,6,4020.00,6,4019.90,5,4021.70,2,4021.80,2,4022.40,5,4022.50,5,4022.60,5,4022.70,6,4022.80,7,4022.90,6,4023.00,5,4023.10,5,Sell,9,6,15,3.00,7.00,1.00,1.30,69.2,4022.20,4022.60,4021.30,4021.30,47,16,63,31.00,32.00,1.00,1.60,25.0,60,120,0.0323,1.3333,172.00,300.00,4025.20,-0.7397,DOWN,51.95,1.2127,1.6706
20260728 231413 493,4021.30,1,4021.20,4021.50,0.30,4021.20,2,4021.10,3,4020.60,2,4020.50,5,4020.40,1,4020.30,6,4020.20,7,4020.10,6,4020.00,6,4019.90,5,4021.70,2,4021.80,2,4022.40,5,4022.50,5,4022.60,5,4022.70,6,4022.80,7,4022.90,6,4023.00,5,4023.10,5,Sell,9,7,16,2.00,7.00,1.00,1.30,69.2,4022.20,4022.60,4021.30,4021.30,47,16,63,31.00,32.00,1.00,1.60,25.0,60,120,0.0323,2.5000,171.00,299.00,4025.20,-0.7397,DOWN,51.95,1.2127,1.6706
20260728 231413 493,4021.30,1,4021.20,4021.50,0.30,4021.20,2,4021.10,3,4020.60,2,4020.50,5,4020.40,1,4020.30,6,4020.20,7,4020.10,6,4020.00,6,4019.90,5,4021.70,2,4021.80,2,4022.40,5,4022.50,5,4022.60,5,4022.70,6,4022.80,7,4022.90,6,4023.00,5,4023.10,5,Sell,9,8,17,1.00,7.00,1.00,1.30,69.2,4022.20,4022.60,4021.30,4021.30,47,16,63,31.00,32.00,1.00,1.60,25.0,60,120,0.0323,6.0000,170.00,298.00,4025.20,-0.7397,DOWN,51.95,1.2127,1.6706
20260728 231413 498,4021.50,1,4021.20,4021.50,0.30,4021.20,2,4021.10,3,4020.60,2,4020.50,5,4020.40,1,4020.30,6,4020.20,7,4020.10,6,4020.00,6,4019.90,5,4021.70,2,4021.80,2,4022.40,5,4022.50,5,4022.60,5,4022.70,6,4022.80,7,4022.90,6,4023.00,5,4023.10,5,Buy,10,8,18,2.00,7.00,1.00,1.30,53.8,4022.20,4022.60,4021.30,4021.50,47,16,63,31.00,32.00,1.00,1.60,25.0,60,120,0.0323,2.5000,171.00,299.00,4025.22,-0.7333,DOWN,51.95,1.2127,1.6706
20260728 231422 124,4021.50,1,4021.40,4021.80,0.40,4021.40,5,4021.30,4,4020.60,2,4020.50,6,4020.40,5,4020.30,6,4020.20,7,4020.10,6,4020.00,6,4019.90,5,4021.80,1,4021.90,3,4022.50,2,4022.60,5,4022.70,5,4022.80,7,4022.90,6,4023.00,5,4023.10,5,4023.20,9,Sell,10,9,19,1.00,7.00,1.00,1.30,53.8,4022.20,4022.60,4021.30,4021.50,47,16,63,31.00,32.00,1.00,1.60,25.0,60,120,0.0323,6.0000,170.00,298.00,4025.22,-0.7333,DOWN,51.95,1.2127,1.6706
20260728 231443 225,4021.40,1,4021.20,4021.60,0.40,4021.20,2,4021.10,1,4020.60,2,4020.50,5,4020.40,5,4020.30,6,4020.20,7,4020.10,6,4020.00,6,4019.90,5,4021.60,2,4021.70,3,4022.50,7,4022.60,5,4022.70,5,4022.80,7,4022.90,6,4023.00,5,4023.10,5,4023.20,9,Sell,10,10,20,0.00,7.00,0.00,1.30,61.5,4022.20,4022.60,4021.30,4021.40,47,16,63,31.00,32.00,1.00,1.60,25.0,60,120,0.0323,7.0000,169.00,297.00,4025.21,-0.7365,DOWN,51.95,1.2127,1.6706
20260728 231451 044,4021.40,1,4021.20,4021.60,0.40,4021.20,1,4021.10,2,4020.60,2,4020.50,5,4020.40,5,4020.30,6,4020.20,8,4020.10,6,4020.00,6,4019.90,5,4021.60,3,4021.70,6,4022.40,5,4022.50,7,4022.60,5,4022.70,5,4022.80,8,4022.90,6,4023.00,5,4023.10,5,Sell,10,11,21,-1.00,7.00,-1.00,1.30,61.5,4022.20,4022.60,4021.30,4021.40,47,16,63,31.00,32.00,1.00,1.60,25.0,60,120,0.0323,0.0000,168.00,296.00,4025.21,-0.7365,DOWN,51.95,1.2127,1.6706
20260728 231455 626,4021.30,1,4021.20,4021.70,0.50,4021.20,6,4021.10,2,4020.60,2,4020.50,5,4020.40,6,4020.30,6,4020.20,7,4020.10,6,4020.00,6,4019.90,5,4021.70,3,4021.80,3,4022.50,2,4022.60,5,4022.70,5,4022.80,7,4022.90,6,4023.00,5,4023.10,5,4023.20,9,Sell,10,12,22,-2.00,7.00,-2.00,1.30,69.2,4022.20,4022.60,4021.30,4021.30,47,16,63,31.00,32.00,1.00,1.60,25.0,60,120,0.0323,0.0000,167.00,295.00,4025.20,-0.7397,DOWN,51.95,1.2127,1.6706
20260728 231455 648,4021.70,1,4021.30,4021.70,0.40,4021.30,2,4021.20,6,4020.60,2,4020.50,5,4020.40,5,4020.30,7,4020.20,7,4020.10,6,4020.00,6,4019.90,5,4021.70,1,4021.80,2,4022.50,2,4022.60,5,4022.70,5,4022.80,7,4022.90,6,4023.00,5,4023.10,5,4023.20,9,Buy,11,12,23,-1.00,7.00,-2.00,1.30,38.5,4022.20,4022.60,4021.30,4021.70,47,16,63,31.00,32.00,1.00,1.60,25.0,60,120,0.0323,1.0000,168.00,296.00,4025.24,-0.7270,DOWN,51.95,1.2127,1.6706
20260728 231455 648,4021.70,1,4021.30,4021.70,0.40,4021.30,2,4021.20,6,4020.60,2,4020.50,5,4020.40,5,4020.30,7,4020.20,7,4020.10,6,4020.00,6,4019.90,5,4021.70,1,4021.80,2,4022.50,2,4022.60,5,4022.70,5,4022.80,7,4022.90,6,4023.00,5,4023.10,5,4023.20,9,Buy,12,12,24,0.00,7.00,-2.00,1.30,38.5,4022.20,4022.60,4021.30,4021.70,47,16,63,31.00,32.00,1.00,1.60,25.0,60,120,0.0323,7.0000,169.00,297.00,4025.24,-0.7270,DOWN,51.95,1.2127,1.6706
20260728 231458 309,4021.20,1,4021.00,4021.30,0.30,4021.00,1,4020.90,1,4020.60,2,4020.50,5,4020.40,5,4020.30,6,4020.20,7,4020.10,6,4020.00,6,4019.90,5,4021.30,1,4021.40,2,4022.50,7,4022.60,5,4022.70,5,4022.80,8,4022.90,6,4023.00,5,4023.10,5,4023.20,9,Sell,12,13,25,-1.00,7.00,-2.00,1.40,71.4,4022.20,4022.60,4021.20,4021.20,47,16,63,31.00,32.00,1.00,1.60,25.0,60,120,0.0323,1.0000,168.00,296.00,4025.19,-0.7428,DOWN,51.95,1.2127,1.6777
20260728 231458 313,4021.20,1,4021.00,4021.30,0.30,4021.00,1,4020.90,1,4020.60,2,4020.50,5,4020.40,5,4020.30,6,4020.20,7,4020.10,6,4020.00,6,4019.90,5,4021.30,1,4021.40,2,4022.50,7,4022.60,5,4022.70,5,4022.80,8,4022.90,6,4023.00,5,4023.10,5,4023.20,9,Sell,12,14,26,-2.00,7.00,-2.00,1.40,71.4,4022.20,4022.60,4021.20,4021.20,47,16,63,31.00,32.00,1.00,1.60,25.0,60,120,0.0323,0.0000,167.00,295.00,4025.19,-0.7428,DOWN,51.95,1.2127,1.6777
20260728 231500 280,4021.40,1,4021.20,4021.60,0.40,4021.20,2,4021.10,2,4020.60,2,4020.50,5,4020.40,5,4020.30,7,4020.20,7,4020.10,6,4020.00,6,4019.90,5,4021.60,1,4021.70,5,4022.50,6,4022.70,5,4022.80,7,4022.90,6,4023.00,5,4023.10,5,4023.20,9,4023.30,5,Buy,1,0,1,1.00,1.00,1.00,0.00,0.0,4021.40,4021.40,4021.40,4021.40,12,14,26,-2.00,7.00,-2.00,1.40,71.4,-9,21,0.0000,0.0000,137.00,300.00,4024.83,-0.5451,DOWN,51.60,0.5039,1.5722
20260728 231500 965,4021.40,1,4021.40,4021.60,0.20,4021.20,2,4021.10,2,4020.60,2,4020.50,5,4020.40,5,4020.30,7,4020.20,7,4020.10,6,4020.00,6,4019.90,5,4021.60,1,4021.70,4,4022.50,6,4022.60,5,4022.70,5,4022.80,8,4022.90,6,4023.00,5,4023.10,5,4023.20,9,Sell,1,1,2,0.00,1.00,0.00,0.00,0.0,4021.40,4021.40,4021.40,4021.40,12,14,26,-2.00,7.00,-2.00,1.40,71.4,-9,21,0.0000,1.0000,136.00,299.00,4024.83,-0.5451,DOWN,51.60,0.5039,1.5722
20260728 231501 142,4020.20,1,4020.00,4020.50,0.50,4020.00,2,4019.90,4,4019.80,8,4019.70,5,4019.60,6,4019.50,5,4019.40,5,4019.30,6,4019.20,6,4019.10,5,4020.50,1,4020.60,4,4021.40,5,4021.50,5,4021.60,7,4021.70,5,4021.80,5,4021.90,5,4022.00,5,4022.10,5,Sell,1,2,3,-1.00,1.00,-1.00,1.20,100.0,4021.40,4021.40,4020.20,4020.20,12,14,26,-2.00,7.00,-2.00,1.40,71.4,-9,21,0.0000,0.0000,135.00,298.00,4024.72,-0.5832,DOWN,51.60,0.5039,1.6436
20260728 231501 142,4020.10,1,4020.00,4020.50,0.50,4020.00,2,4019.90,4,4019.80,8,4019.70,5,4019.60,6,4019.50,5,4019.40,5,4019.30,6,4019.20,6,4019.10,5,4020.50,1,4020.60,4,4021.40,5,4021.50,5,4021.60,7,4021.70,5,4021.80,5,4021.90,5,4022.00,5,4022.10,5,Sell,1,3,4,-2.00,1.00,-2.00,1.30,100.0,4021.40,4021.40,4020.10,4020.10,12,14,26,-2.00,7.00,-2.00,1.40,71.4,-9,21,0.0000,0.0000,134.00,297.00,4024.71,-0.5864,DOWN,51.60,0.5039,1.6507
20260728 231501 142,4020.00,1,4020.00,4020.50,0.50,4020.00,2,4019.90,4,4019.80,8,4019.70,5,4019.60,6,4019.50,5,4019.40,5,4019.30,6,4019.20,6,4019.10,5,4020.50,1,4020.60,4,4021.40,5,4021.50,5,4021.60,7,4021.70,5,4021.80,5,4021.90,5,4022.00,5,4022.10,5,Sell,1,4,5,-3.00,1.00,-3.00,1.40,100.0,4021.40,4021.40,4020.00,4020.00,12,14,26,-2.00,7.00,-2.00,1.40,71.4,-9,21,0.0000,0.0000,133.00,296.00,4024.70,-0.5896,DOWN,51.60,0.5039,1.6579
20260728 231501 142,4019.90,1,4020.00,4020.50,0.50,4020.00,2,4019.90,4,4019.80,8,4019.70,5,4019.60,6,4019.50,5,4019.40,5,4019.30,6,4019.20,6,4019.10,5,4020.50,1,4020.60,4,4021.40,5,4021.50,5,4021.60,7,4021.70,5,4021.80,5,4021.90,5,4022.00,5,4022.10,5,Sell,1,5,6,-4.00,1.00,-4.00,1.50,100.0,4021.40,4021.40,4019.90,4019.90,12,14,26,-2.00,7.00,-2.00,1.40,71.4,-9,21,0.0000,0.0000,132.00,295.00,4024.69,-0.5927,DOWN,51.60,0.5039,1.6650
20260728 231501 142,4019.90,1,4020.00,4020.50,0.50,4020.00,2,4019.90,4,4019.80,8,4019.70,5,4019.60,6,4019.50,5,4019.40,5,4019.30,6,4019.20,6,4019.10,5,4020.50,1,4020.60,4,4021.40,5,4021.50,5,4021.60,7,4021.70,5,4021.80,5,4021.90,5,4022.00,5,4022.10,5,Sell,1,6,7,-5.00,1.00,-5.00,1.50,100.0,4021.40,4021.40,4019.90,4019.90,12,14,26,-2.00,7.00,-2.00,1.40,71.4,-9,21,0.0000,0.0000,131.00,294.00,4024.69,-0.5927,DOWN,51.60,0.5039,1.6650
20260728 231501 142,4019.90,1,4020.00,4020.50,0.50,4020.00,2,4019.90,4,4019.80,8,4019.70,5,4019.60,6,4019.50,5,4019.40,5,4019.30,6,4019.20,6,4019.10,5,4020.50,1,4020.60,4,4021.40,5,4021.50,5,4021.60,7,4021.70,5,4021.80,5,4021.90,5,4022.00,5,4022.10,5,Sell,1,7,8,-6.00,1.00,-6.00,1.50,100.0,4021.40,4021.40,4019.90,4019.90,12,14,26,-2.00,7.00,-2.00,1.40,71.4,-9,21,0.0000,0.0000,130.00,293.00,4024.69,-0.5927,DOWN,51.60,0.5039,1.6650
20260728 231501 142,4019.90,2,4020.00,4020.50,0.50,4020.00,2,4019.90,4,4019.80,8,4019.70,5,4019.60,6,4019.50,5,4019.40,5,4019.30,6,4019.20,6,4019.10,5,4020.50,1,4020.60,4,4021.40,5,4021.50,5,4021.60,7,4021.70,5,4021.80,5,4021.90,5,4022.00,5,4022.10,5,Sell,1,9,10,-8.00,1.00,-8.00,1.50,100.0,4021.40,4021.40,4019.90,4019.90,12,14,26,-2.00,7.00,-2.00,1.40,71.4,-9,21,0.0000,0.0000,128.00,291.00,4024.69,-0.5927,DOWN,51.60,0.5039,1.6650
20260728 231501 142,4019.80,4,4020.00,4020.50,0.50,4020.00,2,4019.90,4,4019.80,8,4019.70,5,4019.60,6,4019.50,5,4019.40,5,4019.30,6,4019.20,6,4019.10,5,4020.50,1,4020.60,4,4021.40,5,4021.50,5,4021.60,7,4021.70,5,4021.80,5,4021.90,5,4022.00,5,4022.10,5,Sell,1,13,14,-12.00,1.00,-12.00,1.60,100.0,4021.40,4021.40,4019.80,4019.80,12,14,26,-2.00,7.00,-2.00,1.40,71.4,-9,21,0.0000,0.0000,124.00,287.00,4024.68,-0.5959,DOWN,51.60,0.5039,1.6722
20260728 231501 142,4019.80,1,4020.00,4020.50,0.50,4020.00,2,4019.90,4,4019.80,8,4019.70,5,4019.60,6,4019.50,5,4019.40,5,4019.30,6,4019.20,6,4019.10,5,4020.50,1,4020.60,4,4021.40,5,4021.50,5,4021.60,7,4021.70,5,4021.80,5,4021.90,5,4022.00,5,4022.10,5,Sell,1,14,15,-13.00,1.00,-13.00,1.60,100.0,4021.40,4021.40,4019.80,4019.80,12,14,26,-2.00,7.00,-2.00,1.40,71.4,-9,21,0.0000,0.0000,123.00,286.00,4024.68,-0.5959,DOWN,51.60,0.5039,1.6722
20260728 231501 255,4019.70,1,4020.10,4020.50,0.40,4020.00,3,4019.90,4,4019.20,2,4019.10,3,4018.90,1,4018.80,1,4018.40,5,4018.30,6,4018.20,6,4018.10,5,4020.50,2,4020.60,4,4021.30,1,4021.50,1,4021.60,1,4022.00,1,4022.20,1,4022.30,5,4022.40,6,4022.50,7,Sell,1,15,16,-14.00,1.00,-14.00,1.70,100.0,4021.40,4021.40,4019.70,4019.70,12,14,26,-2.00,7.00,-2.00,1.40,71.4,-9,21,0.0000,0.0000,122.00,285.00,4024.67,-0.5991,DOWN,51.60,0.5039,1.6793
20260728 231501 255,4019.70,1,4020.10,4020.50,0.40,4020.00,3,4019.90,4,4019.20,2,4019.10,3,4018.90,1,4018.80,1,4018.40,5,4018.30,6,4018.20,6,4018.10,5,4020.50,2,4020.60,4,4021.30,1,4021.50,1,4021.60,1,4022.00,1,4022.20,1,4022.30,5,4022.40,6,4022.50,7,Sell,1,16,17,-15.00,1.00,-15.00,1.70,100.0,4021.40,4021.40,4019.70,4019.70,12,14,26,-2.00,7.00,-2.00,1.40,71.4,-9,21,0.0000,0.0000,121.00,284.00,4024.67,-0.5991,DOWN,51.60,0.5039,1.6793
20260728 231501 255,4019.60,1,4020.10,4020.50,0.40,4020.00,3,4019.90,4,4019.20,2,4019.10,3,4018.90,1,4018.80,1,4018.40,5,4018.30,6,4018.20,6,4018.10,5,4020.50,2,4020.60,4,4021.30,1,4021.50,1,4021.60,1,4022.00,1,4022.20,1,4022.30,5,4022.40,6,4022.50,7,Sell,1,17,18,-16.00,1.00,-16.00,1.80,100.0,4021.40,4021.40,4019.60,4019.60,12,14,26,-2.00,7.00,-2.00,1.40,71.4,-9,21,0.0000,0.0000,120.00,283.00,4024.66,-0.6023,DOWN,51.60,0.5039,1.6865
20260728 231501 255,4019.60,1,4020.10,4020.50,0.40,4020.00,3,4019.90,4,4019.20,2,4019.10,3,4018.90,1,4018.80,1,4018.40,5,4018.30,6,4018.20,6,4018.10,5,4020.50,2,4020.60,4,4021.30,1,4021.50,1,4021.60,1,4022.00,1,4022.20,1,4022.30,5,4022.40,6,4022.50,7,Sell,1,18,19,-17.00,1.00,-17.00,1.80,100.0,4021.40,4021.40,4019.60,4019.60,12,14,26,-2.00,7.00,-2.00,1.40,71.4,-9,21,0.0000,0.0000,119.00,282.00,4024.66,-0.6023,DOWN,51.60,0.5039,1.6865
20260728 231501 255,4019.50,1,4020.10,4020.50,0.40,4020.00,3,4019.90,4,4019.20,2,4019.10,3,4018.90,1,4018.80,1,4018.40,5,4018.30,6,4018.20,6,4018.10,5,4020.50,2,4020.60,4,4021.30,1,4021.50,1,4021.60,1,4022.00,1,4022.20,1,4022.30,5,4022.40,6,4022.50,7,Sell,1,19,20,-18.00,1.00,-18.00,1.90,100.0,4021.40,4021.40,4019.50,4019.50,12,14,26,-2.00,7.00,-2.00,1.40,71.4,-9,21,0.0000,0.0000,118.00,281.00,4024.65,-0.6054,DOWN,51.60,0.5039,1.6936
20260728 231501 278,4020.00,1,4020.10,4020.50,0.40,4020.00,3,4019.90,4,4019.20,2,4019.10,3,4018.90,1,4018.80,1,4018.40,5,4018.30,6,4018.20,6,4018.10,5,4020.50,2,4020.60,4,4021.30,1,4021.50,1,4021.60,1,4022.00,1,4022.20,1,4022.30,5,4022.40,6,4022.50,7,Sell,1,20,21,-19.00,1.00,-19.00,1.90,73.7,4021.40,4021.40,4019.50,4020.00,12,14,26,-2.00,7.00,-2.00,1.40,71.4,-9,21,0.0000,0.0000,117.00,280.00,4024.70,-0.5896,DOWN,51.60,0.5039,1.6936
20260728 231501 278,4020.00,1,4020.10,4020.50,0.40,4020.00,3,4019.90,4,4019.20,2,4019.10,3,4018.90,1,4018.80,1,4018.40,5,4018.30,6,4018.20,6,4018.10,5,4020.50,2,4020.60,4,4021.30,1,4021.50,1,4021.60,1,4022.00,1,4022.20,1,4022.30,5,4022.40,6,4022.50,7,Sell,1,21,22,-20.00,1.00,-20.00,1.90,73.7,4021.40,4021.40,4019.50,4020.00,12,14,26,-2.00,7.00,-2.00,1.40,71.4,-9,21,0.0000,0.0000,116.00,279.00,4024.70,-0.5896,DOWN,51.60,0.5039,1.6936
20260728 231501 293,4020.10,1,4020.10,4020.50,0.40,4020.00,3,4019.90,4,4019.20,2,4019.10,3,4018.90,1,4018.80,1,4018.40,5,4018.30,6,4018.20,6,4018.10,5,4020.50,2,4020.60,4,4021.30,1,4021.50,1,4021.60,1,4022.00,1,4022.20,1,4022.30,5,4022.40,6,4022.50,7,Sell,1,22,23,-21.00,1.00,-21.00,1.90,68.4,4021.40,4021.40,4019.50,4020.10,12,14,26,-2.00,7.00,-2.00,1.40,71.4,-9,21,0.0000,0.0000,115.00,278.00,4024.71,-0.5864,DOWN,51.60,0.5039,1.6936
20260728 231501 293,4020.10,1,4020.10,4020.50,0.40,4020.00,3,4019.90,4,4019.20,2,4019.10,3,4018.90,1,4018.80,1,4018.40,5,4018.30,6,4018.20,6,4018.10,5,4020.50,2,4020.60,4,4021.30,1,4021.50,1,4021.60,1,4022.00,1,4022.20,1,4022.30,5,4022.40,6,4022.50,7,Sell,1,23,24,-22.00,1.00,-22.00,1.90,68.4,4021.40,4021.40,4019.50,4020.10,12,14,26,-2.00,7.00,-2.00,1.40,71.4,-9,21,0.0000,0.0000,114.00,277.00,4024.71,-0.5864,DOWN,51.60,0.5039,1.6936
20260728 231501 352,4019.40,1,4019.20,4019.60,0.40,4019.20,1,4019.10,3,4019.00,4,4018.40,2,4018.30,5,4018.20,6,4018.10,5,4018.00,5,4017.90,5,4017.80,5,4019.60,1,4019.70,4,4020.30,5,4020.40,5,4020.50,5,4020.60,5,4020.70,5,4020.80,6,4020.90,5,4021.00,5,Buy,2,23,25,-21.00,1.00,-22.00,2.00,100.0,4021.40,4021.40,4019.40,4019.40,12,14,26,-2.00,7.00,-2.00,1.40,71.4,-9,21,0.0000,0.0476,115.00,278.00,4024.64,-0.6086,DOWN,51.60,0.5039,1.7007
20260728 231501 424,4019.20,1,4019.00,4019.40,0.40,4019.00,1,4018.90,5,4018.80,3,4018.40,2,4018.30,5,4018.20,6,4018.10,5,4018.00,5,4017.90,5,4017.80,5,4019.40,3,4019.50,1,4020.20,5,4020.30,6,4020.40,5,4020.50,5,4020.60,5,4020.70,5,4020.80,6,4020.90,5,Sell,2,24,26,-22.00,1.00,-22.00,2.20,100.0,4021.40,4021.40,4019.20,4019.20,12,14,26,-2.00,7.00,-2.00,1.40,71.4,-9,21,0.0000,0.0000,114.00,277.00,4024.62,-0.6149,DOWN,51.60,0.5039,1.7150
20260728 231501 489,4019.00,1,4019.00,4019.50,0.50,4019.10,2,4019.00,4,4018.20,8,4018.10,5,4018.00,5,4017.90,5,4017.80,5,4017.70,5,4017.60,6,4017.50,6,4019.50,1,4019.60,3,4020.40,1,4020.50,1,4020.60,5,4020.70,5,4020.80,6,4020.90,5,4021.00,5,4021.10,5,Sell,2,25,27,-23.00,1.00,-23.00,2.40,100.0,4021.40,4021.40,4019.00,4019.00,12,14,26,-2.00,7.00,-2.00,1.40,71.4,-9,21,0.0000,0.0000,113.00,276.00,4024.60,-0.6213,DOWN,51.60,0.5039,1.7293
20260728 231501 489,4019.00,1,4019.00,4019.50,0.50,4019.10,2,4019.00,4,4018.20,8,4018.10,5,4018.00,5,4017.90,5,4017.80,5,4017.70,5,4017.60,6,4017.50,6,4019.50,1,4019.60,3,4020.40,1,4020.50,1,4020.60,5,4020.70,5,4020.80,6,4020.90,5,4021.00,5,4021.10,5,Sell,2,26,28,-24.00,1.00,-24.00,2.40,100.0,4021.40,4021.40,4019.00,4019.00,12,14,26,-2.00,7.00,-2.00,1.40,71.4,-9,21,0.0000,0.0000,112.00,275.00,4024.60,-0.6213,DOWN,51.60,0.5039,1.7293
20260728 231501 489,4019.00,1,4019.00,4019.50,0.50,4019.10,2,4019.00,4,4018.20,8,4018.10,5,4018.00,5,4017.90,5,4017.80,5,4017.70,5,4017.60,6,4017.50,6,4019.50,1,4019.60,3,4020.40,1,4020.50,1,4020.60,5,4020.70,5,4020.80,6,4020.90,5,4021.00,5,4021.10,5,Sell,2,27,29,-25.00,1.00,-25.00,2.40,100.0,4021.40,4021.40,4019.00,4019.00,12,14,26,-2.00,7.00,-2.00,1.40,71.4,-9,21,0.0000,0.0000,111.00,274.00,4024.60,-0.6213,DOWN,51.60,0.5039,1.7293
20260728 231501 651,4018.90,1,4018.90,4019.30,0.40,4018.70,4,4018.60,5,4018.20,3,4018.10,5,4018.00,5,4017.90,5,4017.80,5,4017.70,5,4017.60,6,4017.50,6,4019.20,3,4019.30,4,4020.00,7,4020.10,7,4020.20,6,4020.30,7,4020.40,6,4020.50,5,4020.60,5,4020.70,5,Sell,2,28,30,-26.00,1.00,-26.00,2.50,100.0,4021.40,4021.40,4018.90,4018.90,12,14,26,-2.00,7.00,-2.00,1.40,71.4,-9,21,0.0000,0.0000,110.00,273.00,4024.59,-0.6245,DOWN,51.60,0.5039,1.7365
20260728 231501 651,4018.70,1,4018.90,4019.30,0.40,4018.70,4,4018.60,5,4018.20,3,4018.10,5,4018.00,5,4017.90,5,4017.80,5,4017.70,5,4017.60,6,4017.50,6,4019.20,3,4019.30,4,4020.00,7,4020.10,7,4020.20,6,4020.30,7,4020.40,6,4020.50,5,4020.60,5,4020.70,5,Sell,2,29,31,-27.00,1.00,-27.00,2.70,100.0,4021.40,4021.40,4018.70,4018.70,12,14,26,-2.00,7.00,-2.00,1.40,71.4,-9,21,0.0000,0.0000,109.00,272.00,4024.57,-0.6308,DOWN,51.60,0.5039,1.7507
20260728 231501 651,4018.90,1,4018.90,4019.30,0.40,4018.70,4,4018.60,5,4018.20,3,4018.10,5,4018.00,5,4017.90,5,4017.80,5,4017.70,5,4017.60,6,4017.50,6,4019.20,3,4019.30,4,4020.00,7,4020.10,7,4020.20,6,4020.30,7,4020.40,6,4020.50,5,4020.60,5,4020.70,5,Sell,2,30,32,-28.00,1.00,-28.00,2.70,92.6,4021.40,4021.40,4018.70,4018.90,12,14,26,-2.00,7.00,-2.00,1.40,71.4,-9,21,0.0000,0.0000,108.00,271.00,4024.59,-0.6245,DOWN,51.60,0.5039,1.7507
20260728 231501 651,4018.70,1,4018.90,4019.30,0.40,4018.70,4,4018.60,5,4018.20,3,4018.10,5,4018.00,5,4017.90,5,4017.80,5,4017.70,5,4017.60,6,4017.50,6,4019.20,3,4019.30,4,4020.00,7,4020.10,7,4020.20,6,4020.30,7,4020.40,6,4020.50,5,4020.60,5,4020.70,5,Sell,2,31,33,-29.00,1.00,-29.00,2.70,100.0,4021.40,4021.40,4018.70,4018.70,12,14,26,-2.00,7.00,-2.00,1.40,71.4,-9,21,0.0000,0.0000,107.00,270.00,4024.57,-0.6308,DOWN,51.60,0.5039,1.7507
20260728 231501 651,4018.70,2,4018.90,4019.30,0.40,4018.70,4,4018.60,5,4018.20,3,4018.10,5,4018.00,5,4017.90,5,4017.80,5,4017.70,5,4017.60,6,4017.50,6,4019.20,3,4019.30,4,4020.00,7,4020.10,7,4020.20,6,4020.30,7,4020.40,6,4020.50,5,4020.60,5,4020.70,5,Sell,2,33,35,-31.00,1.00,-31.00,2.70,100.0,4021.40,4021.40,4018.70,4018.70,12,14,26,-2.00,7.00,-2.00,1.40,71.4,-9,21,0.0000,0.0000,105.00,268.00,4024.57,-0.6308,DOWN,51.60,0.5039,1.7507
20260728 231501 651,4018.60,1,4018.90,4019.30,0.40,4018.70,4,4018.60,5,4018.20,3,4018.10,5,4018.00,5,4017.90,5,4017.80,5,4017.70,5,4017.60,6,4017.50,6,4019.20,3,4019.30,4,4020.00,7,4020.10,7,4020.20,6,4020.30,7,4020.40,6,4020.50,5,4020.60,5,4020.70,5,Sell,2,34,36,-32.00,1.00,-32.00,2.80,100.0,4021.40,4021.40,4018.60,4018.60,12,14,26,-2.00,7.00,-2.00,1.40,71.4,-9,21,0.0000,0.0000,104.00,267.00,4024.56,-0.6340,DOWN,51.60,0.5039,1.7579
20260728 231501 651,4018.60,1,4018.90,4019.30,0.40,4018.70,4,4018.60,5,4018.20,3,4018.10,5,4018.00,5,4017.90,5,4017.80,5,4017.70,5,4017.60,6,4017.50,6,4019.20,3,4019.30,4,4020.00,7,4020.10,7,4020.20,6,4020.30,7,4020.40,6,4020.50,5,4020.60,5,4020.70,5,Sell,2,35,37,-33.00,1.00,-33.00,2.80,100.0,4021.40,4021.40,4018.60,4018.60,12,14,26,-2.00,7.00,-2.00,1.40,71.4,-9,21,0.0000,0.0000,103.00,266.00,4024.56,-0.6340,DOWN,51.60,0.5039,1.7579
20260728 231501 898,4018.40,1,4018.00,4018.60,0.60,4018.00,2,4017.60,3,4017.50,6,4017.40,6,4017.30,5,4017.20,5,4017.10,6,4017.00,7,4016.90,5,4016.80,5,4018.60,4,4018.70,4,4019.30,1,4019.40,5,4019.50,5,4019.60,6,4019.70,6,4019.80,5,4019.90,5,4020.00,6,Sell,2,36,38,-34.00,1.00,-34.00,3.00,100.0,4021.40,4021.40,4018.40,4018.40,12,14,26,-2.00,7.00,-2.00,1.40,71.4,-9,21,0.0000,0.0000,102.00,265.00,4024.55,-0.6403,DOWN,51.60,0.5039,1.7722
20260728 231501 898,4018.40,1,4018.00,4018.60,0.60,4018.00,2,4017.60,3,4017.50,6,4017.40,6,4017.30,5,4017.20,5,4017.10,6,4017.00,7,4016.90,5,4016.80,5,4018.60,4,4018.70,4,4019.30,1,4019.40,5,4019.50,5,4019.60,6,4019.70,6,4019.80,5,4019.90,5,4020.00,6,Sell,2,37,39,-35.00,1.00,-35.00,3.00,100.0,4021.40,4021.40,4018.40,4018.40,12,14,26,-2.00,7.00,-2.00,1.40,71.4,-9,21,0.0000,0.0000,101.00,264.00,4024.55,-0.6403,DOWN,51.60,0.5039,1.7722
20260728 231501 918,4018.20,1,4018.00,4018.60,0.60,4018.00,2,4017.60,3,4017.50,6,4017.40,6,4017.30,5,4017.20,5,4017.10,6,4017.00,7,4016.90,5,4016.80,5,4018.60,4,4018.70,4,4019.30,1,4019.40,5,4019.50,5,4019.60,6,4019.70,6,4019.80,5,4019.90,5,4020.00,6,Sell,2,38,40,-36.00,1.00,-36.00,3.20,100.0,4021.40,4021.40,4018.20,4018.20,12,14,26,-2.00,7.00,-2.00,1.40,71.4,-9,21,0.0000,0.0000,100.00,263.00,4024.53,-0.6467,DOWN,51.60,0.5039,1.7865
20260728 231501 918,4018.20,1,4018.00,4018.60,0.60,4018.00,2,4017.60,3,4017.50,6,4017.40,6,4017.30,5,4017.20,5,4017.10,6,4017.00,7,4016.90,5,4016.80,5,4018.60,4,4018.70,4,4019.30,1,4019.40,5,4019.50,5,4019.60,6,4019.70,6,4019.80,5,4019.90,5,4020.00,6,Sell,2,39,41,-37.00,1.00,-37.00,3.20,100.0,4021.40,4021.40,4018.20,4018.20,12,14,26,-2.00,7.00,-2.00,1.40,71.4,-9,21,0.0000,0.0000,99.00,262.00,4024.53,-0.6467,DOWN,51.60,0.5039,1.7865
20260728 231501 918,4018.10,1,4018.00,4018.60,0.60,4018.00,2,4017.60,3,4017.50,6,4017.40,6,4017.30,5,4017.20,5,4017.10,6,4017.00,7,4016.90,5,4016.80,5,4018.60,4,4018.70,4,4019.30,1,4019.40,5,4019.50,5,4019.60,6,4019.70,6,4019.80,5,4019.90,5,4020.00,6,Sell,2,40,42,-38.00,1.00,-38.00,3.30,100.0,4021.40,4021.40,4018.10,4018.10,12,14,26,-2.00,7.00,-2.00,1.40,71.4,-9,21,0.0000,0.0000,98.00,261.00,4024.52,-0.6499,DOWN,51.60,0.5039,1.7936
20260728 231501 918,4018.10,1,4018.00,4018.60,0.60,4018.00,2,4017.60,3,4017.50,6,4017.40,6,4017.30,5,4017.20,5,4017.10,6,4017.00,7,4016.90,5,4016.80,5,4018.60,4,4018.70,4,4019.30,1,4019.40,5,4019.50,5,4019.60,6,4019.70,6,4019.80,5,4019.90,5,4020.00,6,Sell,2,41,43,-39.00,1.00,-39.00,3.30,100.0,4021.40,4021.40,4018.10,4018.10,12,14,26,-2.00,7.00,-2.00,1.40,71.4,-9,21,0.0000,0.0000,97.00,260.00,4024.52,-0.6499,DOWN,51.60,0.5039,1.7936
20260728 231501 918,4018.10,1,4018.00,4018.60,0.60,4018.00,2,4017.60,3,4017.50,6,4017.40,6,4017.30,5,4017.20,5,4017.10,6,4017.00,7,4016.90,5,4016.80,5,4018.60,4,4018.70,4,4019.30,1,4019.40,5,4019.50,5,4019.60,6,4019.70,6,4019.80,5,4019.90,5,4020.00,6,Sell,2,42,44,-40.00,1.00,-40.00,3.30,100.0,4021.40,4021.40,4018.10,4018.10,12,14,26,-2.00,7.00,-2.00,1.40,71.4,-9,21,0.0000,0.0000,96.00,259.00,4024.52,-0.6499,DOWN,51.60,0.5039,1.7936
20260728 231501 918,4018.00,1,4018.00,4018.60,0.60,4018.00,2,4017.60,3,4017.50,6,4017.40,6,4017.30,5,4017.20,5,4017.10,6,4017.00,7,4016.90,5,4016.80,5,4018.60,4,4018.70,4,4019.30,1,4019.40,5,4019.50,5,4019.60,6,4019.70,6,4019.80,5,4019.90,5,4020.00,6,Sell,2,43,45,-41.00,1.00,-41.00,3.40,100.0,4021.40,4021.40,4018.00,4018.00,12,14,26,-2.00,7.00,-2.00,1.40,71.4,-9,21,0.0000,0.0000,95.00,258.00,4024.51,-0.6530,DOWN,51.60,0.5039,1.8007
20260728 231501 919,4018.00,1,4018.00,4018.60,0.60,4018.00,2,4017.60,3,4017.50,6,4017.40,6,4017.30,5,4017.20,5,4017.10,6,4017.00,7,4016.90,5,4016.80,5,4018.60,4,4018.70,4,4019.30,1,4019.40,5,4019.50,5,4019.60,6,4019.70,6,4019.80,5,4019.90,5,4020.00,6,Sell,2,44,46,-42.00,1.00,-42.00,3.40,100.0,4021.40,4021.40,4018.00,4018.00,12,14,26,-2.00,7.00,-2.00,1.40,71.4,-9,21,0.0000,0.0000,94.00,257.00,4024.51,-0.6530,DOWN,51.60,0.5039,1.8007
20260728 231501 919,4017.90,1,4018.00,4018.60,0.60,4018.00,2,4017.60,3,4017.50,6,4017.40,6,4017.30,5,4017.20,5,4017.10,6,4017.00,7,4016.90,5,4016.80,5,4018.60,4,4018.70,4,4019.30,1,4019.40,5,4019.50,5,4019.60,6,4019.70,6,4019.80,5,4019.90,5,4020.00,6,Sell,2,45,47,-43.00,1.00,-43.00,3.50,100.0,4021.40,4021.40,4017.90,4017.90,12,14,26,-2.00,7.00,-2.00,1.40,71.4,-9,21,0.0000,0.0000,93.00,256.00,4024.50,-0.6562,DOWN,51.60,0.5039,1.8079
20260728 231501 919,4017.90,1,4018.00,4018.60,0.60,4018.00,2,4017.60,3,4017.50,6,4017.40,6,4017.30,5,4017.20,5,4017.10,6,4017.00,7,4016.90,5,4016.80,5,4018.60,4,4018.70,4,4019.30,1,4019.40,5,4019.50,5,4019.60,6,4019.70,6,4019.80,5,4019.90,5,4020.00,6,Sell,2,46,48,-44.00,1.00,-44.00,3.50,100.0,4021.40,4021.40,4017.90,4017.90,12,14,26,-2.00,7.00,-2.00,1.40,71.4,-9,21,0.0000,0.0000,92.00,255.00,4024.50,-0.6562,DOWN,51.60,0.5039,1.8079
20260728 231501 919,4017.90,2,4018.00,4018.60,0.60,4018.00,2,4017.60,3,4017.50,6,4017.40,6,4017.30,5,4017.20,5,4017.10,6,4017.00,7,4016.90,5,4016.80,5,4018.60,4,4018.70,4,4019.30,1,4019.40,5,4019.50,5,4019.60,6,4019.70,6,4019.80,5,4019.90,5,4020.00,6,Sell,2,48,50,-46.00,1.00,-46.00,3.50,100.0,4021.40,4021.40,4017.90,4017.90,12,14,26,-2.00,7.00,-2.00,1.40,71.4,-9,21,0.0000,0.0000,90.00,253.00,4024.50,-0.6562,DOWN,51.60,0.5039,1.8079
20260728 231501 919,4017.80,2,4018.00,4018.60,0.60,4018.00,2,4017.60,3,4017.50,6,4017.40,6,4017.30,5,4017.20,5,4017.10,6,4017.00,7,4016.90,5,4016.80,5,4018.60,4,4018.70,4,4019.30,1,4019.40,5,4019.50,5,4019.60,6,4019.70,6,4019.80,5,4019.90,5,4020.00,6,Sell,2,50,52,-48.00,1.00,-48.00,3.60,100.0,4021.40,4021.40,4017.80,4017.80,12,14,26,-2.00,7.00,-2.00,1.40,71.4,-9,21,0.0000,0.0000,88.00,251.00,4024.49,-0.6594,DOWN,51.60,0.5039,1.8150
20260728 231501 919,4017.90,1,4018.00,4018.60,0.60,4018.00,2,4017.60,3,4017.50,6,4017.40,6,4017.30,5,4017.20,5,4017.10,6,4017.00,7,4016.90,5,4016.80,5,4018.60,4,4018.70,4,4019.30,1,4019.40,5,4019.50,5,4019.60,6,4019.70,6,4019.80,5,4019.90,5,4020.00,6,Sell,2,51,53,-49.00,1.00,-49.00,3.60,97.2,4021.40,4021.40,4017.80,4017.90,12,14,26,-2.00,7.00,-2.00,1.40,71.4,-9,21,0.0000,0.0000,87.00,250.00,4024.50,-0.6562,DOWN,51.60,0.5039,1.8150
20260728 231501 919,4017.80,1,4018.00,4018.60,0.60,4018.00,2,4017.60,3,4017.50,6,4017.40,6,4017.30,5,4017.20,5,4017.10,6,4017.00,7,4016.90,5,4016.80,5,4018.60,4,4018.70,4,4019.30,1,4019.40,5,4019.50,5,4019.60,6,4019.70,6,4019.80,5,4019.90,5,4020.00,6,Sell,2,52,54,-50.00,1.00,-50.00,3.60,100.0,4021.40,4021.40,4017.80,4017.80,12,14,26,-2.00,7.00,-2.00,1.40,71.4,-9,21,0.0000,0.0000,86.00,249.00,4024.49,-0.6594,DOWN,51.60,0.5039,1.8150
20260728 231501 919,4017.80,2,4018.00,4018.60,0.60,4018.00,2,4017.60,3,4017.50,6,4017.40,6,4017.30,5,4017.20,5,4017.10,6,4017.00,7,4016.90,5,4016.80,5,4018.60,4,4018.70,4,4019.30,1,4019.40,5,4019.50,5,4019.60,6,4019.70,6,4019.80,5,4019.90,5,4020.00,6,Sell,2,54,56,-52.00,1.00,-52.00,3.60,100.0,4021.40,4021.40,4017.80,4017.80,12,14,26,-2.00,7.00,-2.00,1.40,71.4,-9,21,0.0000,0.0000,84.00,247.00,4024.49,-0.6594,DOWN,51.60,0.5039,1.8150
20260728 231501 919,4017.70,1,4018.00,4018.60,0.60,4018.00,2,4017.60,3,4017.50,6,4017.40,6,4017.30,5,4017.20,5,4017.10,6,4017.00,7,4016.90,5,4016.80,5,4018.60,4,4018.70,4,4019.30,1,4019.40,5,4019.50,5,4019.60,6,4019.70,6,4019.80,5,4019.90,5,4020.00,6,Sell,2,55,57,-53.00,1.00,-53.00,3.70,100.0,4021.40,4021.40,4017.70,4017.70,12,14,26,-2.00,7.00,-2.00,1.40,71.4,-9,21,0.0000,0.0000,83.00,246.00,4024.48,-0.6626,DOWN,51.60,0.5039,1.8222
20260728 231501 919,4017.70,1,4018.00,4018.60,0.60,4018.00,2,4017.60,3,4017.50,6,4017.40,6,4017.30,5,4017.20,5,4017.10,6,4017.00,7,4016.90,5,4016.80,5,4018.60,4,4018.70,4,4019.30,1,4019.40,5,4019.50,5,4019.60,6,4019.70,6,4019.80,5,4019.90,5,4020.00,6,Sell,2,56,58,-54.00,1.00,-54.00,3.70,100.0,4021.40,4021.40,4017.70,4017.70,12,14,26,-2.00,7.00,-2.00,1.40,71.4,-9,21,0.0000,0.0000,82.00,245.00,4024.48,-0.6626,DOWN,51.60,0.5039,1.8222
20260728 231501 919,4017.70,2,4018.00,4018.60,0.60,4018.00,2,4017.60,3,4017.50,6,4017.40,6,4017.30,5,4017.20,5,4017.10,6,4017.00,7,4016.90,5,4016.80,5,4018.60,4,4018.70,4,4019.30,1,4019.40,5,4019.50,5,4019.60,6,4019.70,6,4019.80,5,4019.90,5,4020.00,6,Sell,2,58,60,-56.00,1.00,-56.00,3.70,100.0,4021.40,4021.40,4017.70,4017.70,12,14,26,-2.00,7.00,-2.00,1.40,71.4,-9,21,0.0000,0.0000,80.00,243.00,4024.48,-0.6626,DOWN,51.60,0.5039,1.8222
20260728 231502 277,4018.70,1,4018.30,4018.80,0.50,4018.30,4,4018.20,5,4017.30,7,4017.20,5,4017.10,5,4017.00,7,4016.90,5,4016.80,5,4016.60,1,4016.40,5,4018.80,1,4018.90,2,4019.70,1,4019.80,5,4019.90,5,4020.00,6,4020.10,6,4020.20,6,4020.30,6,4020.40,6,Buy,3,58,61,-55.00,1.00,-56.00,3.70,73.0,4021.40,4021.40,4017.70,4018.70,12,14,26,-2.00,7.00,-2.00,1.40,71.4,-9,21,0.0000,0.0182,81.00,244.00,4024.57,-0.6308,DOWN,51.60,0.5039,1.8222
20260728 231507 388,4019.00,1,4019.00,4019.50,0.50,4019.00,2,4018.90,3,4018.20,2,4018.10,5,4018.00,5,4017.90,9,4017.80,5,4017.70,5,4017.60,5,4017.50,6,4019.50,2,4019.60,2,4020.00,2,4020.10,2,4020.20,7,4020.30,6,4020.40,6,4020.50,5,4020.60,5,4020.70,5,Sell,3,59,62,-56.00,1.00,-56.00,3.70,64.9,4021.40,4021.40,4017.70,4019.00,12,14,26,-2.00,7.00,-2.00,1.40,71.4,-9,21,0.0000,0.0000,80.00,243.00,4024.60,-0.6213,DOWN,51.60,0.5039,1.8222
20260728 231511 468,4019.00,1,4018.90,4019.40,0.50,4019.10,1,4019.00,2,4018.20,1,4018.10,1,4018.00,2,4017.90,5,4017.80,5,4017.70,5,4017.60,5,4017.50,6,4019.50,1,4019.60,2,4020.20,3,4020.30,3,4020.40,1,4020.50,5,4020.60,5,4020.70,5,4020.80,6,4020.90,5,Sell,3,60,63,-57.00,1.00,-57.00,3.70,64.9,4021.40,4021.40,4017.70,4019.00,12,14,26,-2.00,7.00,-2.00,1.40,71.4,-9,21,0.0000,0.0000,79.00,242.00,4024.60,-0.6213,DOWN,51.60,0.5039,1.8222
20260728 231511 471,4019.40,1,4018.90,4019.40,0.50,4019.10,1,4019.00,2,4018.20,1,4018.10,1,4018.00,2,4017.90,5,4017.80,5,4017.70,5,4017.60,5,4017.50,6,4019.50,1,4019.60,2,4020.20,3,4020.30,3,4020.40,1,4020.50,5,4020.60,5,4020.70,5,4020.80,6,4020.90,5,Buy,4,60,64,-56.00,1.00,-57.00,3.70,54.1,4021.40,4021.40,4017.70,4019.40,12,14,26,-2.00,7.00,-2.00,1.40,71.4,-9,21,0.0000,0.0179,80.00,243.00,4024.64,-0.6086,DOWN,51.60,0.5039,1.8222
20260728 231511 471,4019.40,1,4018.90,4019.40,0.50,4019.10,1,4019.00,2,4018.20,1,4018.10,1,4018.00,2,4017.90,5,4017.80,5,4017.70,5,4017.60,5,4017.50,6,4019.50,1,4019.60,2,4020.20,3,4020.30,3,4020.40,1,4020.50,5,4020.60,5,4020.70,5,4020.80,6,4020.90,5,Buy,5,60,65,-55.00,1.00,-57.00,3.70,54.1,4021.40,4021.40,4017.70,4019.40,12,14,26,-2.00,7.00,-2.00,1.40,71.4,-9,21,0.0000,0.0364,81.00,244.00,4024.64,-0.6086,DOWN,51.60,0.5039,1.8222
20260728 231511 471,4019.50,1,4018.90,4019.40,0.50,4019.10,1,4019.00,2,4018.20,1,4018.10,1,4018.00,2,4017.90,5,4017.80,5,4017.70,5,4017.60,5,4017.50,6,4019.50,1,4019.60,2,4020.20,3,4020.30,3,4020.40,1,4020.50,5,4020.60,5,4020.70,5,4020.80,6,4020.90,5,Buy,6,60,66,-54.00,1.00,-57.00,3.70,51.4,4021.40,4021.40,4017.70,4019.50,12,14,26,-2.00,7.00,-2.00,1.40,71.4,-9,21,0.0000,0.0556,82.00,245.00,4024.65,-0.6054,DOWN,51.60,0.5039,1.8222
20260728 231511 471,4019.50,1,4018.90,4019.40,0.50,4019.10,1,4019.00,2,4018.20,1,4018.10,1,4018.00,2,4017.90,5,4017.80,5,4017.70,5,4017.60,5,4017.50,6,4019.50,1,4019.60,2,4020.20,3,4020.30,3,4020.40,1,4020.50,5,4020.60,5,4020.70,5,4020.80,6,4020.90,5,Buy,7,60,67,-53.00,1.00,-57.00,3.70,51.4,4021.40,4021.40,4017.70,4019.50,12,14,26,-2.00,7.00,-2.00,1.40,71.4,-9,21,0.0000,0.0755,83.00,246.00,4024.65,-0.6054,DOWN,51.60,0.5039,1.8222
20260728 231511 471,4019.50,1,4018.90,4019.40,0.50,4019.10,1,4019.00,2,4018.20,1,4018.10,1,4018.00,2,4017.90,5,4017.80,5,4017.70,5,4017.60,5,4017.50,6,4019.50,1,4019.60,2,4020.20,3,4020.30,3,4020.40,1,4020.50,5,4020.60,5,4020.70,5,4020.80,6,4020.90,5,Buy,8,60,68,-52.00,1.00,-57.00,3.70,51.4,4021.40,4021.40,4017.70,4019.50,12,14,26,-2.00,7.00,-2.00,1.40,71.4,-9,21,0.0000,0.0962,84.00,247.00,4024.65,-0.6054,DOWN,51.60,0.5039,1.8222
20260728 231513 730,4019.50,1,4018.90,4019.40,0.50,4019.00,2,4018.90,5,4018.20,1,4018.00,2,4017.90,5,4017.80,5,4017.70,5,4017.60,5,4017.50,6,4017.40,5,4019.50,1,4019.60,2,4020.10,1,4020.20,3,4020.30,3,4020.40,1,4020.50,5,4020.60,5,4020.70,5,4020.80,6,Buy,9,60,69,-51.00,1.00,-57.00,3.70,51.4,4021.40,4021.40,4017.70,4019.50,12,14,26,-2.00,7.00,-2.00,1.40,71.4,-9,21,0.0000,0.1176,85.00,248.00,4024.65,-0.6054,DOWN,51.60,0.5039,1.8222
20260728 231513 740,4018.90,1,4018.90,4019.40,0.50,4019.00,2,4018.90,5,4018.20,1,4018.00,2,4017.90,5,4017.80,5,4017.70,5,4017.60,5,4017.50,6,4017.40,5,4019.50,1,4019.60,2,4020.10,1,4020.20,3,4020.30,3,4020.40,1,4020.50,5,4020.60,5,4020.70,5,4020.80,6,Sell,9,61,70,-52.00,1.00,-57.00,3.70,67.6,4021.40,4021.40,4017.70,4018.90,12,14,26,-2.00,7.00,-2.00,1.40,71.4,-9,21,0.0000,0.0962,84.00,247.00,4024.59,-0.6245,DOWN,51.60,0.5039,1.8222
20260728 231514 153,4018.80,1,4018.40,4018.80,0.40,4018.40,1,4018.30,4,4017.40,1,4017.30,8,4017.20,6,4017.10,5,4017.00,7,4016.90,5,4016.80,5,4016.70,5,4018.80,1,4018.90,3,4019.20,2,4019.40,7,4019.50,6,4019.60,5,4019.70,5,4019.80,5,4019.90,5,4020.00,6,Buy,10,61,71,-51.00,1.00,-57.00,3.70,70.3,4021.40,4021.40,4017.70,4018.80,12,14,26,-2.00,7.00,-2.00,1.40,71.4,-9,21,0.0000,0.1176,85.00,248.00,4024.58,-0.6276,DOWN,51.60,0.5039,1.8222
20260728 231522 335,4018.00,1,4017.60,4018.10,0.50,4017.60,2,4017.50,3,4017.00,4,4016.90,5,4016.80,5,4016.70,5,4016.60,6,4016.50,5,4016.40,5,4016.30,5,4018.10,2,4018.20,3,4018.30,1,4018.80,1,4018.90,6,4019.00,5,4019.10,6,4019.20,5,4019.30,6,4019.40,5,Buy,11,61,72,-50.00,1.00,-57.00,3.70,91.9,4021.40,4021.40,4017.70,4018.00,12,14,26,-2.00,7.00,-2.00,1.40,71.4,-9,21,0.0000,0.1400,86.00,249.00,4024.51,-0.6530,DOWN,51.60,0.5039,1.8222
20260728 231522 335,4018.00,1,4017.60,4018.10,0.50,4017.60,2,4017.50,3,4017.00,4,4016.90,5,4016.80,5,4016.70,5,4016.60,6,4016.50,5,4016.40,5,4016.30,5,4018.10,2,4018.20,3,4018.30,1,4018.80,1,4018.90,6,4019.00,5,4019.10,6,4019.20,5,4019.30,6,4019.40,5,Buy,12,61,73,-49.00,1.00,-57.00,3.70,91.9,4021.40,4021.40,4017.70,4018.00,12,14,26,-2.00,7.00,-2.00,1.40,71.4,-9,21,0.0000,0.1633,87.00,250.00,4024.51,-0.6530,DOWN,51.60,0.5039,1.8222
20260728 231522 335,4018.10,1,4017.60,4018.10,0.50,4017.60,2,4017.50,3,4017.00,4,4016.90,5,4016.80,5,4016.70,5,4016.60,6,4016.50,5,4016.40,5,4016.30,5,4018.10,2,4018.20,3,4018.30,1,4018.80,1,4018.90,6,4019.00,5,4019.10,6,4019.20,5,4019.30,6,4019.40,5,Buy,13,61,74,-48.00,1.00,-57.00,3.70,89.2,4021.40,4021.40,4017.70,4018.10,12,14,26,-2.00,7.00,-2.00,1.40,71.4,-9,21,0.0000,0.1875,88.00,251.00,4024.52,-0.6499,DOWN,51.60,0.5039,1.8222
20260728 231522 335,4018.10,1,4017.60,4018.10,0.50,4017.60,2,4017.50,3,4017.00,4,4016.90,5,4016.80,5,4016.70,5,4016.60,6,4016.50,5,4016.40,5,4016.30,5,4018.10,2,4018.20,3,4018.30,1,4018.80,1,4018.90,6,4019.00,5,4019.10,6,4019.20,5,4019.30,6,4019.40,5,Buy,14,61,75,-47.00,1.00,-57.00,3.70,89.2,4021.40,4021.40,4017.70,4018.10,12,14,26,-2.00,7.00,-2.00,1.40,71.4,-9,21,0.0000,0.2128,89.00,252.00,4024.52,-0.6499,DOWN,51.60,0.5039,1.8222
20260728 231522 335,4018.10,1,4017.60,4018.10,0.50,4017.60,2,4017.50,3,4017.00,4,4016.90,5,4016.80,5,4016.70,5,4016.60,6,4016.50,5,4016.40,5,4016.30,5,4018.10,2,4018.20,3,4018.30,1,4018.80,1,4018.90,6,4019.00,5,4019.10,6,4019.20,5,4019.30,6,4019.40,5,Buy,15,61,76,-46.00,1.00,-57.00,3.70,89.2,4021.40,4021.40,4017.70,4018.10,12,14,26,-2.00,7.00,-2.00,1.40,71.4,-9,21,0.0000,0.2391,90.00,253.00,4024.52,-0.6499,DOWN,51.60,0.5039,1.8222
20260728 231522 335,4018.20,1,4017.60,4018.10,0.50,4017.60,2,4017.50,3,4017.00,4,4016.90,5,4016.80,5,4016.70,5,4016.60,6,4016.50,5,4016.40,5,4016.30,5,4018.10,2,4018.20,3,4018.30,1,4018.80,1,4018.90,6,4019.00,5,4019.10,6,4019.20,5,4019.30,6,4019.40,5,Buy,16,61,77,-45.00,1.00,-57.00,3.70,86.5,4021.40,4021.40,4017.70,4018.20,12,14,26,-2.00,7.00,-2.00,1.40,71.4,-9,21,0.0000,0.2667,91.00,254.00,4024.53,-0.6467,DOWN,51.60,0.5039,1.8222
20260728 231522 335,4018.20,1,4017.60,4018.10,0.50,4017.60,2,4017.50,3,4017.00,4,4016.90,5,4016.80,5,4016.70,5,4016.60,6,4016.50,5,4016.40,5,4016.30,5,4018.10,2,4018.20,3,4018.30,1,4018.80,1,4018.90,6,4019.00,5,4019.10,6,4019.20,5,4019.30,6,4019.40,5,Buy,17,61,78,-44.00,1.00,-57.00,3.70,86.5,4021.40,4021.40,4017.70,4018.20,12,14,26,-2.00,7.00,-2.00,1.40,71.4,-9,21,0.0000,0.2955,92.00,255.00,4024.53,-0.6467,DOWN,51.60,0.5039,1.8222
20260728 231522 335,4018.20,1,4017.60,4018.10,0.50,4017.60,2,4017.50,3,4017.00,4,4016.90,5,4016.80,5,4016.70,5,4016.60,6,4016.50,5,4016.40,5,4016.30,5,4018.10,2,4018.20,3,4018.30,1,4018.80,1,4018.90,6,4019.00,5,4019.10,6,4019.20,5,4019.30,6,4019.40,5,Buy,18,61,79,-43.00,1.00,-57.00,3.70,86.5,4021.40,4021.40,4017.70,4018.20,12,14,26,-2.00,7.00,-2.00,1.40,71.4,-9,21,0.0000,0.3256,93.00,256.00,4024.53,-0.6467,DOWN,51.60,0.5039,1.8222
20260728 231522 335,4018.30,2,4017.60,4018.10,0.50,4017.60,2,4017.50,3,4017.00,4,4016.90,5,4016.80,5,4016.70,5,4016.60,6,4016.50,5,4016.40,5,4016.30,5,4018.10,2,4018.20,3,4018.30,1,4018.80,1,4018.90,6,4019.00,5,4019.10,6,4019.20,5,4019.30,6,4019.40,5,Buy,20,61,81,-41.00,1.00,-57.00,3.70,83.8,4021.40,4021.40,4017.70,4018.30,12,14,26,-2.00,7.00,-2.00,1.40,71.4,-9,21,0.0000,0.3902,95.00,258.00,4024.54,-0.6435,DOWN,51.60,0.5039,1.8222
20260728 231523 857,4017.60,1,4017.50,4018.00,0.50,4017.50,1,4017.40,5,4017.00,2,4016.90,5,4016.80,5,4016.70,5,4016.60,6,4016.50,5,4016.40,5,4016.30,5,4018.00,3,4018.10,4,4018.30,1,4018.70,1,4018.80,5,4018.90,5,4019.00,6,4019.10,6,4019.20,5,4019.30,6,Sell,20,62,82,-42.00,1.00,-57.00,3.80,100.0,4021.40,4021.40,4017.60,4017.60,12,14,26,-2.00,7.00,-2.00,1.40,71.4,-9,21,0.0000,0.3571,94.00,257.00,4024.47,-0.6657,DOWN,51.60,0.5039,1.8293
20260728 231523 857,4017.50,1,4017.50,4018.00,0.50,4017.50,1,4017.40,5,4017.00,2,4016.90,5,4016.80,5,4016.70,5,4016.60,6,4016.50,5,4016.40,5,4016.30,5,4018.00,3,4018.10,4,4018.30,1,4018.70,1,4018.80,5,4018.90,5,4019.00,6,4019.10,6,4019.20,5,4019.30,6,Sell,20,63,83,-43.00,1.00,-57.00,3.90,100.0,4021.40,4021.40,4017.50,4017.50,12,14,26,-2.00,7.00,-2.00,1.40,71.4,-9,21,0.0000,0.3256,93.00,256.00,4024.46,-0.6689,DOWN,51.60,0.5039,1.8365
20260728 231525 704,4018.00,1,4017.80,4018.30,0.50,4017.80,2,4017.70,2,4017.00,4,4016.90,6,4016.80,5,4016.70,5,4016.60,6,4016.50,5,4016.40,5,4016.30,5,4018.30,3,4018.40,4,4019.10,6,4019.20,5,4019.30,6,4019.40,5,4019.50,5,4019.60,7,4019.70,5,4019.80,5,Buy,21,63,84,-42.00,1.00,-57.00,3.90,87.2,4021.40,4021.40,4017.50,4018.00,12,14,26,-2.00,7.00,-2.00,1.40,71.4,-9,21,0.0000,0.3571,94.00,257.00,4024.51,-0.6530,DOWN,51.60,0.5039,1.8365
20260728 231525 704,4018.00,1,4017.80,4018.30,0.50,4017.80,2,4017.70,2,4017.00,4,4016.90,6,4016.80,5,4016.70,5,4016.60,6,4016.50,5,4016.40,5,4016.30,5,4018.30,3,4018.40,4,4019.10,6,4019.20,5,4019.30,6,4019.40,5,4019.50,5,4019.60,7,4019.70,5,4019.80,5,Buy,22,63,85,-41.00,1.00,-57.00,3.90,87.2,4021.40,4021.40,4017.50,4018.00,12,14,26,-2.00,7.00,-2.00,1.40,71.4,-9,21,0.0000,0.3902,95.00,258.00,4024.51,-0.6530,DOWN,51.60,0.5039,1.8365
20260728 231525 830,4017.90,1,4017.80,4018.30,0.50,4017.80,3,4017.70,2,4017.00,4,4016.90,1,4016.80,8,4016.70,5,4016.60,6,4016.50,5,4016.40,5,4016.30,5,4018.30,2,4018.40,4,4019.10,1,4019.20,5,4019.30,6,4019.40,5,4019.50,5,4019.60,6,4019.70,5,4019.80,5,Sell,22,64,86,-42.00,1.00,-57.00,3.90,89.7,4021.40,4021.40,4017.50,4017.90,12,14,26,-2.00,7.00,-2.00,1.40,71.4,-9,21,0.0000,0.3571,94.00,257.00,4024.50,-0.6562,DOWN,51.60,0.5039,1.8365
20260728 231525 830,4017.80,1,4017.80,4018.30,0.50,4017.80,3,4017.70,2,4017.00,4,4016.90,1,4016.80,8,4016.70,5,4016.60,6,4016.50,5,4016.40,5,4016.30,5,4018.30,2,4018.40,4,4019.10,1,4019.20,5,4019.30,6,4019.40,5,4019.50,5,4019.60,6,4019.70,5,4019.80,5,Sell,22,65,87,-43.00,1.00,-57.00,3.90,92.3,4021.40,4021.40,4017.50,4017.80,12,14,26,-2.00,7.00,-2.00,1.40,71.4,-9,21,0.0000,0.3256,93.00,256.00,4024.49,-0.6594,DOWN,51.60,0.5039,1.8365
20260728 231527 856,4018.30,1,4018.10,4018.30,0.20,4018.20,1,4018.10,3,4017.20,2,4017.10,5,4017.00,2,4016.70,1,4016.60,1,4016.40,6,4016.30,5,4016.20,5,4018.70,2,4018.80,4,4019.20,3,4019.30,2,4019.40,2,4019.50,5,4019.60,6,4019.70,5,4019.80,5,4019.90,5,Buy,23,65,88,-42.00,1.00,-57.00,3.90,79.5,4021.40,4021.40,4017.50,4018.30,12,14,26,-2.00,7.00,-2.00,1.40,71.4,-9,21,0.0000,0.3571,94.00,257.00,4024.54,-0.6435,DOWN,51.60,0.5039,1.8365
20260728 231528 530,4018.10,1,4018.10,4018.60,0.50,4018.20,1,4018.10,3,4017.30,2,4017.20,6,4017.10,5,4017.00,7,4016.90,5,4016.80,5,4016.70,5,4016.60,6,4018.60,1,4018.70,3,4019.20,2,4019.30,6,4019.40,8,4019.50,5,4019.60,6,4019.70,5,4019.80,5,4019.90,5,Sell,23,66,89,-43.00,1.00,-57.00,3.90,84.6,4021.40,4021.40,4017.50,4018.10,12,14,26,-2.00,7.00,-2.00,1.40,71.4,-9,21,0.0000,0.3256,93.00,256.00,4024.52,-0.6499,DOWN,51.60,0.5039,1.8365
20260728 231528 530,4018.10,1,4018.10,4018.60,0.50,4018.20,1,4018.10,3,4017.30,2,4017.20,6,4017.10,5,4017.00,7,4016.90,5,4016.80,5,4016.70,5,4016.60,6,4018.60,1,4018.70,3,4019.20,2,4019.30,6,4019.40,8,4019.50,5,4019.60,6,4019.70,5,4019.80,5,4019.90,5,Sell,23,67,90,-44.00,1.00,-57.00,3.90,84.6,4021.40,4021.40,4017.50,4018.10,12,14,26,-2.00,7.00,-2.00,1.40,71.4,-9,21,0.0000,0.2955,92.00,255.00,4024.52,-0.6499,DOWN,51.60,0.5039,1.8365
20260728 231529 050,4018.10,1,4018.10,4018.60,0.50,4018.10,2,4018.00,2,4017.30,2,4017.20,6,4017.10,5,4017.00,7,4016.90,5,4016.80,5,4016.70,5,4016.60,7,4018.60,2,4018.70,4,4019.20,3,4019.30,6,4019.40,7,4019.50,5,4019.60,6,4019.70,5,4019.80,5,4019.90,5,Sell,23,68,91,-45.00,1.00,-57.00,3.90,84.6,4021.40,4021.40,4017.50,4018.10,12,14,26,-2.00,7.00,-2.00,1.40,71.4,-9,21,0.0000,0.2667,91.00,254.00,4024.52,-0.6499,DOWN,51.60,0.5039,1.8365
20260728 231530 043,4018.20,1,4018.20,4018.70,0.50,4018.20,2,4018.10,3,4017.30,2,4017.20,6,4017.10,5,4017.00,7,4016.90,5,4016.80,5,4016.70,5,4016.60,6,4018.70,2,4018.80,3,4019.30,4,4019.40,5,4019.50,5,4019.60,6,4019.70,5,4019.80,5,4019.90,5,4020.00,6,Sell,23,69,92,-46.00,1.00,-57.00,3.90,82.1,4021.40,4021.40,4017.50,4018.20,12,14,26,-2.00,7.00,-2.00,1.40,71.4,-9,21,0.0000,0.2391,90.00,253.00,4024.53,-0.6467,DOWN,51.60,0.5039,1.8365
20260728 231535 736,4018.00,1,4018.00,4018.50,0.50,4018.00,1,4017.90,4,4017.50,1,4017.30,5,4017.20,6,4017.10,5,4017.00,8,4016.90,5,4016.80,5,4016.70,5,4018.50,3,4018.60,3,4019.20,2,4019.30,6,4019.40,8,4019.50,5,4019.60,6,4019.70,5,4019.80,5,4019.90,5,Sell,23,70,93,-47.00,1.00,-57.00,3.90,87.2,4021.40,4021.40,4017.50,4018.00,12,14,26,-2.00,7.00,-2.00,1.40,71.4,-9,21,0.0000,0.2128,89.00,252.00,4024.51,-0.6530,DOWN,51.60,0.5039,1.8365
20260728 231538 090,4018.00,1,4017.50,4018.00,0.50,4017.50,2,4017.40,3,4017.00,2,4016.90,5,4016.80,5,4016.70,5,4016.60,6,4016.50,5,4016.40,6,4016.30,5,4018.00,3,4018.10,3,4018.80,7,4018.90,6,4019.00,7,4019.10,5,4019.20,5,4019.30,6,4019.40,5,4019.50,5,Buy,24,70,94,-46.00,1.00,-57.00,3.90,87.2,4021.40,4021.40,4017.50,4018.00,12,14,26,-2.00,7.00,-2.00,1.40,71.4,-9,21,0.0000,0.2391,90.00,253.00,4024.51,-0.6530,DOWN,51.60,0.5039,1.8365
20260728 231538 138,4017.50,1,4017.50,4018.00,0.50,4017.50,2,4017.40,3,4017.10,1,4017.00,4,4016.90,5,4016.80,5,4016.70,5,4016.60,6,4016.50,5,4016.40,7,4018.00,3,4018.10,3,4018.80,7,4018.90,7,4019.00,6,4019.10,5,4019.20,5,4019.30,6,4019.40,5,4019.50,5,Sell,24,71,95,-47.00,1.00,-57.00,3.90,100.0,4021.40,4021.40,4017.50,4017.50,12,14,26,-2.00,7.00,-2.00,1.40,71.4,-9,21,0.0000,0.2128,89.00,252.00,4024.46,-0.6689,DOWN,51.60,0.5039,1.8365
20260728 231544 943,4018.00,1,4017.70,4018.10,0.40,4017.70,1,4017.50,3,4017.10,1,4017.00,4,4016.90,5,4016.80,5,4016.70,5,4016.60,7,4016.50,5,4016.40,6,4018.10,2,4018.20,3,4019.10,2,4019.20,5,4019.30,6,4019.40,5,4019.50,5,4019.60,6,4019.70,5,4019.80,5,Buy,25,71,96,-46.00,1.00,-57.00,3.90,87.2,4021.40,4021.40,4017.50,4018.00,12,14,26,-2.00,7.00,-2.00,1.40,71.4,-9,21,0.0000,0.2391,90.00,253.00,4024.51,-0.6530,DOWN,51.60,0.5039,1.8365
20260728 231544 943,4018.10,1,4017.70,4018.10,0.40,4017.70,1,4017.50,3,4017.10,1,4017.00,4,4016.90,5,4016.80,5,4016.70,5,4016.60,7,4016.50,5,4016.40,6,4018.10,2,4018.20,3,4019.10,2,4019.20,5,4019.30,6,4019.40,5,4019.50,5,4019.60,6,4019.70,5,4019.80,5,Buy,26,71,97,-45.00,1.00,-57.00,3.90,84.6,4021.40,4021.40,4017.50,4018.10,12,14,26,-2.00,7.00,-2.00,1.40,71.4,-9,21,0.0000,0.2667,91.00,254.00,4024.52,-0.6499,DOWN,51.60,0.5039,1.8365
20260728 231553 920,4017.70,1,4017.70,4018.20,0.50,4017.70,1,4017.60,3,4017.10,1,4017.00,4,4016.90,5,4016.80,5,4016.70,5,4016.60,6,4016.50,5,4016.40,6,4018.20,3,4018.30,4,4018.90,2,4019.00,6,4019.10,7,4019.20,5,4019.30,6,4019.40,5,4019.50,5,4019.60,6,Sell,26,72,98,-46.00,1.00,-57.00,3.90,94.9,4021.40,4021.40,4017.50,4017.70,12,14,26,-2.00,7.00,-2.00,1.40,71.4,-9,21,0.0000,0.2391,90.00,253.00,4024.48,-0.6626,DOWN,51.60,0.5039,1.8365
20260728 231555 409,4018.10,1,4017.70,4018.20,0.50,4017.70,1,4017.60,4,4017.00,4,4016.90,5,4016.80,5,4016.70,5,4016.60,6,4016.50,5,4016.40,6,4016.30,5,4018.20,3,4018.30,4,4018.90,3,4019.00,5,4019.10,7,4019.20,5,4019.30,6,4019.40,5,4019.50,5,4019.60,6,Buy,27,72,99,-45.00,1.00,-57.00,3.90,84.6,4021.40,4021.40,4017.50,4018.10,12,14,26,-2.00,7.00,-2.00,1.40,71.4,-9,21,0.0000,0.2667,91.00,254.00,4024.52,-0.6499,DOWN,51.60,0.5039,1.8365
20260728 231557 884,4017.70,1,4017.60,4018.10,0.50,4017.60,2,4017.50,4,4017.00,4,4016.90,5,4016.80,5,4016.70,5,4016.60,6,4016.50,5,4016.40,6,4016.30,5,4018.10,2,4018.20,3,4018.90,3,4019.00,5,4019.10,7,4019.20,5,4019.30,6,4019.40,5,4019.50,5,4019.60,6,Sell,27,73,100,-46.00,1.00,-57.00,3.90,94.9,4021.40,4021.40,4017.50,4017.70,12,14,26,-2.00,7.00,-2.00,1.40,71.4,-9,21,0.0000,0.2391,90.00,253.00,4024.48,-0.6626,DOWN,51.60,0.5039,1.8365
20260728 231601 782,4017.70,1,4017.60,4018.10,0.50,4017.60,2,4017.50,3,4017.00,4,4016.90,5,4016.80,5,4016.70,6,4016.60,6,4016.50,5,4016.40,6,4016.30,5,4018.10,2,4018.20,2,4018.90,2,4019.00,5,4019.10,7,4019.20,5,4019.30,6,4019.40,5,4019.50,5,4019.60,6,Sell,0,1,1,-1.00,-1.00,-1.00,0.00,0.0,4017.70,4017.70,4017.70,4017.70,27,73,100,-46.00,1.00,-57.00,3.90,94.9,0,24,0.2391,0.0000,26.00,264.00,4024.48,-0.6626,DOWN,54.30,1.8416,1.7053
20260728 231602 993,4017.90,1,4017.50,4018.00,0.50,4017.50,3,4017.40,2,4017.00,2,4016.70,2,4016.60,1,4016.50,5,4016.40,6,4016.30,5,4016.20,5,4016.10,6,4018.00,3,4018.10,2,4018.60,1,4018.70,8,4018.80,6,4018.90,7,4019.00,5,4019.10,6,4019.20,5,4019.30,6,Sell,0,2,2,-2.00,-1.00,-2.00,0.20,100.0,4017.70,4017.90,4017.70,4017.90,27,73,100,-46.00,1.00,-57.00,3.90,94.9,0,24,0.2391,0.0000,25.00,263.00,4024.50,-0.6562,DOWN,54.30,1.8416,1.7196
20260728 231602 993,4017.90,1,4017.50,4018.00,0.50,4017.50,3,4017.40,2,4017.00,2,4016.70,2,4016.60,1,4016.50,5,4016.40,6,4016.30,5,4016.20,5,4016.10,6,4018.00,3,4018.10,2,4018.60,1,4018.70,8,4018.80,6,4018.90,7,4019.00,5,4019.10,6,4019.20,5,4019.30,6,Sell,0,3,3,-3.00,-1.00,-3.00,0.20,100.0,4017.70,4017.90,4017.70,4017.90,27,73,100,-46.00,1.00,-57.00,3.90,94.9,0,24,0.2391,0.0000,24.00,262.00,4024.50,-0.6562,DOWN,54.30,1.8416,1.7196
20260728 231603 008,4017.40,1,4017.50,4018.00,0.50,4017.50,3,4017.40,2,4017.00,2,4016.70,2,4016.60,1,4016.50,5,4016.40,6,4016.30,5,4016.20,5,4016.10,6,4018.00,3,4018.10,2,4018.60,1,4018.70,8,4018.80,6,4018.90,7,4019.00,5,4019.10,6,4019.20,5,4019.30,6,Sell,0,4,4,-4.00,-1.00,-4.00,0.50,60.0,4017.70,4017.90,4017.40,4017.40,27,73,100,-46.00,1.00,-57.00,3.90,94.9,0,24,0.2391,0.0000,23.00,261.00,4024.45,-0.6721,DOWN,54.30,1.8416,1.7410
20260728 231603 160,4018.00,1,4017.50,4018.00,0.50,4017.50,3,4017.40,2,4017.00,2,4016.70,2,4016.60,1,4016.50,5,4016.40,6,4016.30,5,4016.20,5,4016.10,6,4018.00,2,4018.10,2,4018.60,1,4018.70,8,4018.80,6,4018.90,7,4019.00,5,4019.10,6,4019.20,5,4019.30,6,Buy,1,4,5,-3.00,-1.00,-4.00,0.60,50.0,4017.70,4018.00,4017.40,4018.00,27,73,100,-46.00,1.00,-57.00,3.90,94.9,0,24,0.2391,0.3333,24.00,262.00,4024.51,-0.6530,DOWN,54.30,1.8416,1.7481
20260728 231610 924,4017.80,1,4017.80,4018.30,0.50,4017.80,2,4017.70,2,4017.00,2,4016.90,2,4016.80,5,4016.70,8,4016.60,7,4016.50,5,4016.40,6,4016.30,5,4018.30,2,4018.40,2,4018.70,2,4018.80,5,4018.90,5,4019.00,5,4019.10,5,4019.20,5,4019.30,6,4019.40,5,Sell,1,5,6,-4.00,-1.00,-4.00,0.60,16.7,4017.70,4018.00,4017.40,4017.80,27,73,100,-46.00,1.00,-57.00,3.90,94.9,0,24,0.2391,0.0000,23.00,261.00,4024.49,-0.6594,DOWN,54.30,1.8416,1.7481
20260728 231612 073,4018.00,1,4017.60,4018.10,0.50,4017.60,2,4017.50,4,4017.00,2,4016.90,2,4016.80,5,4016.70,8,4016.60,7,4016.50,5,4016.40,6,4016.30,5,4018.10,2,4018.20,2,4018.70,2,4018.80,5,4018.90,5,4019.00,5,4019.10,5,4019.20,5,4019.30,6,4019.40,5,Buy,2,5,7,-3.00,-1.00,-4.00,0.60,50.0,4017.70,4018.00,4017.40,4018.00,27,73,100,-46.00,1.00,-57.00,3.90,94.9,0,24,0.2391,0.3333,24.00,262.00,4024.51,-0.6530,DOWN,54.30,1.8416,1.7481
20260728 231612 073,4018.00,1,4017.60,4018.10,0.50,4017.60,2,4017.50,4,4017.00,2,4016.90,2,4016.80,5,4016.70,8,4016.60,7,4016.50,5,4016.40,6,4016.30,5,4018.10,2,4018.20,2,4018.70,2,4018.80,5,4018.90,5,4019.00,5,4019.10,5,4019.20,5,4019.30,6,4019.40,5,Buy,3,5,8,-2.00,-1.00,-4.00,0.60,50.0,4017.70,4018.00,4017.40,4018.00,27,73,100,-46.00,1.00,-57.00,3.90,94.9,0,24,0.2391,1.0000,25.00,263.00,4024.51,-0.6530,DOWN,54.30,1.8416,1.7481
20260728 231613 538,4017.80,1,4017.80,4017.90,0.10,4017.40,2,4017.30,3,4017.00,2,4016.70,1,4016.60,1,4016.50,5,4016.40,7,4016.30,5,4016.20,5,4016.10,5,4017.90,2,4018.00,2,4018.70,8,4018.80,6,4018.90,5,4019.00,5,4019.10,5,4019.20,5,4019.30,6,4019.40,5,Sell,3,6,9,-3.00,-1.00,-4.00,0.60,16.7,4017.70,4018.00,4017.40,4017.80,27,73,100,-46.00,1.00,-57.00,3.90,94.9,0,24,0.2391,0.3333,24.00,262.00,4024.49,-0.6594,DOWN,54.30,1.8416,1.7481
20260728 231621 105,4017.40,1,4017.40,4017.90,0.50,4017.30,3,4017.20,4,4017.00,2,4016.80,2,4016.70,1,4016.60,6,4016.50,5,4016.40,6,4016.30,5,4016.20,5,4017.80,1,4017.90,4,4018.70,8,4018.80,6,4018.90,5,4019.00,5,4019.10,5,4019.20,5,4019.30,6,4019.40,5,Sell,3,7,10,-4.00,-1.00,-4.00,0.60,50.0,4017.70,4018.00,4017.40,4017.40,27,73,100,-46.00,1.00,-57.00,3.90,94.9,0,24,0.2391,0.0000,23.00,261.00,4024.45,-0.6721,DOWN,54.30,1.8416,1.7481
20260728 231621 105,4017.40,1,4017.40,4017.90,0.50,4017.30,3,4017.20,4,4017.00,2,4016.80,2,4016.70,1,4016.60,6,4016.50,5,4016.40,6,4016.30,5,4016.20,5,4017.80,1,4017.90,4,4018.70,8,4018.80,6,4018.90,5,4019.00,5,4019.10,5,4019.20,5,4019.30,6,4019.40,5,Sell,3,8,11,-5.00,-1.00,-5.00,0.60,50.0,4017.70,4018.00,4017.40,4017.40,27,73,100,-46.00,1.00,-57.00,3.90,94.9,0,24,0.2391,0.0000,22.00,260.00,4024.45,-0.6721,DOWN,54.30,1.8416,1.7481
20260728 231621 105,4017.30,1,4017.40,4017.90,0.50,4017.30,3,4017.20,4,4017.00,2,4016.80,2,4016.70,1,4016.60,6,4016.50,5,4016.40,6,4016.30,5,4016.20,5,4017.80,1,4017.90,4,4018.70,8,4018.80,6,4018.90,5,4019.00,5,4019.10,5,4019.20,5,4019.30,6,4019.40,5,Sell,3,9,12,-6.00,-1.00,-6.00,0.70,57.1,4017.70,4018.00,4017.30,4017.30,27,73,100,-46.00,1.00,-57.00,3.90,94.9,0,24,0.2391,0.0000,21.00,259.00,4024.44,-0.6753,DOWN,54.30,1.8416,1.7553
20260728 231621 105,4017.30,1,4017.40,4017.90,0.50,4017.30,3,4017.20,4,4017.00,2,4016.80,2,4016.70,1,4016.60,6,4016.50,5,4016.40,6,4016.30,5,4016.20,5,4017.80,1,4017.90,4,4018.70,8,4018.80,6,4018.90,5,4019.00,5,4019.10,5,4019.20,5,4019.30,6,4019.40,5,Sell,3,10,13,-7.00,-1.00,-7.00,0.70,57.1,4017.70,4018.00,4017.30,4017.30,27,73,100,-46.00,1.00,-57.00,3.90,94.9,0,24,0.2391,0.0000,20.00,258.00,4024.44,-0.6753,DOWN,54.30,1.8416,1.7553
20260728 231621 105,4017.30,2,4017.40,4017.90,0.50,4017.30,3,4017.20,4,4017.00,2,4016.80,2,4016.70,1,4016.60,6,4016.50,5,4016.40,6,4016.30,5,4016.20,5,4017.80,1,4017.90,4,4018.70,8,4018.80,6,4018.90,5,4019.00,5,4019.10,5,4019.20,5,4019.30,6,4019.40,5,Sell,3,12,15,-9.00,-1.00,-9.00,0.70,57.1,4017.70,4018.00,4017.30,4017.30,27,73,100,-46.00,1.00,-57.00,3.90,94.9,0,24,0.2391,0.0000,18.00,256.00,4024.44,-0.6753,DOWN,54.30,1.8416,1.7553
20260728 231621 105,4017.20,2,4017.40,4017.90,0.50,4017.30,3,4017.20,4,4017.00,2,4016.80,2,4016.70,1,4016.60,6,4016.50,5,4016.40,6,4016.30,5,4016.20,5,4017.80,1,4017.90,4,4018.70,8,4018.80,6,4018.90,5,4019.00,5,4019.10,5,4019.20,5,4019.30,6,4019.40,5,Sell,3,14,17,-11.00,-1.00,-11.00,0.80,62.5,4017.70,4018.00,4017.20,4017.20,27,73,100,-46.00,1.00,-57.00,3.90,94.9,0,24,0.2391,0.0000,16.00,254.00,4024.43,-0.6784,DOWN,54.30,1.8416,1.7624
20260728 231621 105,4017.20,1,4017.40,4017.90,0.50,4017.30,3,4017.20,4,4017.00,2,4016.80,2,4016.70,1,4016.60,6,4016.50,5,4016.40,6,4016.30,5,4016.20,5,4017.80,1,4017.90,4,4018.70,8,4018.80,6,4018.90,5,4019.00,5,4019.10,5,4019.20,5,4019.30,6,4019.40,5,Sell,3,15,18,-12.00,-1.00,-12.00,0.80,62.5,4017.70,4018.00,4017.20,4017.20,27,73,100,-46.00,1.00,-57.00,3.90,94.9,0,24,0.2391,0.0000,15.00,253.00,4024.43,-0.6784,DOWN,54.30,1.8416,1.7624
20260728 231621 105,4017.20,1,4017.40,4017.90,0.50,4017.30,3,4017.20,4,4017.00,2,4016.80,2,4016.70,1,4016.60,6,4016.50,5,4016.40,6,4016.30,5,4016.20,5,4017.80,1,4017.90,4,4018.70,8,4018.80,6,4018.90,5,4019.00,5,4019.10,5,4019.20,5,4019.30,6,4019.40,5,Sell,3,16,19,-13.00,-1.00,-13.00,0.80,62.5,4017.70,4018.00,4017.20,4017.20,27,73,100,-46.00,1.00,-57.00,3.90,94.9,0,24,0.2391,0.0000,14.00,252.00,4024.43,-0.6784,DOWN,54.30,1.8416,1.7624
20260728 231621 106,4017.20,1,4017.40,4017.90,0.50,4017.30,3,4017.20,4,4017.00,2,4016.80,2,4016.70,1,4016.60,6,4016.50,5,4016.40,6,4016.30,5,4016.20,5,4017.80,1,4017.90,4,4018.70,8,4018.80,6,4018.90,5,4019.00,5,4019.10,5,4019.20,5,4019.30,6,4019.40,5,Sell,3,17,20,-14.00,-1.00,-14.00,0.80,62.5,4017.70,4018.00,4017.20,4017.20,27,73,100,-46.00,1.00,-57.00,3.90,94.9,0,24,0.2391,0.0000,13.00,251.00,4024.43,-0.6784,DOWN,54.30,1.8416,1.7624
20260728 231621 476,4017.50,1,4017.10,4017.60,0.50,4017.10,1,4017.00,6,4016.80,2,4016.70,1,4016.60,1,4016.40,1,4016.20,5,4016.10,5,4016.00,7,4015.90,5,4017.60,2,4017.70,4,4018.50,6,4018.60,5,4018.70,7,4018.80,6,4018.90,5,4019.00,5,4019.10,5,4019.20,5,Buy,4,17,21,-13.00,-1.00,-14.00,0.80,25.0,4017.70,4018.00,4017.20,4017.50,27,73,100,-46.00,1.00,-57.00,3.90,94.9,0,24,0.2391,0.0769,14.00,252.00,4024.46,-0.6689,DOWN,54.30,1.8416,1.7624
20260728 231621 476,4017.50,1,4017.10,4017.60,0.50,4017.10,1,4017.00,6,4016.80,2,4016.70,1,4016.60,1,4016.40,1,4016.20,5,4016.10,5,4016.00,7,4015.90,5,4017.60,2,4017.70,4,4018.50,6,4018.60,5,4018.70,7,4018.80,6,4018.90,5,4019.00,5,4019.10,5,4019.20,5,Buy,5,17,22,-12.00,-1.00,-14.00,0.80,25.0,4017.70,4018.00,4017.20,4017.50,27,73,100,-46.00,1.00,-57.00,3.90,94.9,0,24,0.2391,0.1667,15.00,253.00,4024.46,-0.6689,DOWN,54.30,1.8416,1.7624
20260728 231625 581,4017.00,1,4016.70,4017.30,0.60,4016.70,5,4016.60,7,4016.40,1,4016.20,5,4016.10,5,4016.00,6,4015.90,5,4015.80,6,4015.70,5,4015.60,6,4017.30,1,4017.40,3,4018.30,2,4018.40,5,4018.50,6,4018.60,5,4018.70,5,4018.80,6,4018.90,5,4019.00,5,Sell,5,18,23,-13.00,-1.00,-14.00,1.00,70.0,4017.70,4018.00,4017.00,4017.00,27,73,100,-46.00,1.00,-57.00,3.90,94.9,0,24,0.2391,0.0769,14.00,252.00,4024.41,-0.6848,DOWN,54.30,1.8416,1.7767
20260728 231625 581,4017.00,1,4016.70,4017.30,0.60,4016.70,5,4016.60,7,4016.40,1,4016.20,5,4016.10,5,4016.00,6,4015.90,5,4015.80,6,4015.70,5,4015.60,6,4017.30,1,4017.40,3,4018.30,2,4018.40,5,4018.50,6,4018.60,5,4018.70,5,4018.80,6,4018.90,5,4019.00,5,Sell,5,19,24,-14.00,-1.00,-14.00,1.00,70.0,4017.70,4018.00,4017.00,4017.00,27,73,100,-46.00,1.00,-57.00,3.90,94.9,0,24,0.2391,0.0000,13.00,251.00,4024.41,-0.6848,DOWN,54.30,1.8416,1.7767
20260728 231625 581,4016.80,2,4016.70,4017.30,0.60,4016.70,5,4016.60,7,4016.40,1,4016.20,5,4016.10,5,4016.00,6,4015.90,5,4015.80,6,4015.70,5,4015.60,6,4017.30,1,4017.40,3,4018.30,2,4018.40,5,4018.50,6,4018.60,5,4018.70,5,4018.80,6,4018.90,5,4019.00,5,Sell,5,21,26,-16.00,-1.00,-16.00,1.20,75.0,4017.70,4018.00,4016.80,4016.80,27,73,100,-46.00,1.00,-57.00,3.90,94.9,0,24,0.2391,0.0000,11.00,249.00,4024.39,-0.6911,DOWN,54.30,1.8416,1.7910
20260728 231625 581,4016.90,1,4016.70,4017.30,0.60,4016.70,5,4016.60,7,4016.40,1,4016.20,5,4016.10,5,4016.00,6,4015.90,5,4015.80,6,4015.70,5,4015.60,6,4017.30,1,4017.40,3,4018.30,2,4018.40,5,4018.50,6,4018.60,5,4018.70,5,4018.80,6,4018.90,5,4019.00,5,Sell,5,22,27,-17.00,-1.00,-17.00,1.20,66.7,4017.70,4018.00,4016.80,4016.90,27,73,100,-46.00,1.00,-57.00,3.90,94.9,0,24,0.2391,0.0000,10.00,248.00,4024.40,-0.6880,DOWN,54.30,1.8416,1.7910
20260728 231625 818,4016.80,1,4016.80,4017.20,0.40,4016.70,6,4016.60,7,4016.40,1,4016.20,5,4016.10,5,4016.00,6,4015.90,5,4015.80,5,4015.70,5,4015.60,6,4017.20,1,4017.30,2,4018.10,3,4018.20,6,4018.30,7,4018.40,5,4018.50,5,4018.60,5,4018.70,5,4018.80,6,Sell,5,23,28,-18.00,-1.00,-18.00,1.20,75.0,4017.70,4018.00,4016.80,4016.80,27,73,100,-46.00,1.00,-57.00,3.90,94.9,0,24,0.2391,0.0000,9.00,247.00,4024.39,-0.6911,DOWN,54.30,1.8416,1.7910
20260728 231626 064,4016.70,1,4016.70,4017.20,0.50,4016.70,1,4016.60,7,4016.40,1,4016.20,5,4016.10,5,4016.00,6,4015.90,5,4015.80,5,4015.70,5,4015.60,6,4017.20,2,4017.30,2,4018.10,3,4018.20,6,4018.30,7,4018.40,5,4018.50,5,4018.60,5,4018.70,5,4018.80,6,Sell,5,24,29,-19.00,-1.00,-19.00,1.30,76.9,4017.70,4018.00,4016.70,4016.70,27,73,100,-46.00,1.00,-57.00,3.90,94.9,0,24,0.2391,0.0000,8.00,246.00,4024.38,-0.6943,DOWN,54.30,1.8416,1.7981
20260728 231626 064,4016.70,1,4016.70,4017.20,0.50,4016.70,1,4016.60,7,4016.40,1,4016.20,5,4016.10,5,4016.00,6,4015.90,5,4015.80,5,4015.70,5,4015.60,6,4017.20,2,4017.30,2,4018.10,3,4018.20,6,4018.30,7,4018.40,5,4018.50,5,4018.60,5,4018.70,5,4018.80,6,Sell,5,25,30,-20.00,-1.00,-20.00,1.30,76.9,4017.70,4018.00,4016.70,4016.70,27,73,100,-46.00,1.00,-57.00,3.90,94.9,0,24,0.2391,0.0000,7.00,245.00,4024.38,-0.6943,DOWN,54.30,1.8416,1.7981
20260728 231626 064,4016.70,1,4016.70,4017.20,0.50,4016.70,1,4016.60,7,4016.40,1,4016.20,5,4016.10,5,4016.00,6,4015.90,5,4015.80,5,4015.70,5,4015.60,6,4017.20,2,4017.30,2,4018.10,3,4018.20,6,4018.30,7,4018.40,5,4018.50,5,4018.60,5,4018.70,5,4018.80,6,Sell,5,26,31,-21.00,-1.00,-21.00,1.30,76.9,4017.70,4018.00,4016.70,4016.70,27,73,100,-46.00,1.00,-57.00,3.90,94.9,0,24,0.2391,0.0000,6.00,244.00,4024.38,-0.6943,DOWN,54.30,1.8416,1.7981
20260728 231626 064,4016.70,1,4016.70,4017.20,0.50,4016.70,1,4016.60,7,4016.40,1,4016.20,5,4016.10,5,4016.00,6,4015.90,5,4015.80,5,4015.70,5,4015.60,6,4017.20,2,4017.30,2,4018.10,3,4018.20,6,4018.30,7,4018.40,5,4018.50,5,4018.60,5,4018.70,5,4018.80,6,Sell,5,27,32,-22.00,-1.00,-22.00,1.30,76.9,4017.70,4018.00,4016.70,4016.70,27,73,100,-46.00,1.00,-57.00,3.90,94.9,0,24,0.2391,0.0000,5.00,243.00,4024.38,-0.6943,DOWN,54.30,1.8416,1.7981
20260728 231626 064,4016.70,1,4016.70,4017.20,0.50,4016.70,1,4016.60,7,4016.40,1,4016.20,5,4016.10,5,4016.00,6,4015.90,5,4015.80,5,4015.70,5,4015.60,6,4017.20,2,4017.30,2,4018.10,3,4018.20,6,4018.30,7,4018.40,5,4018.50,5,4018.60,5,4018.70,5,4018.80,6,Sell,5,28,33,-23.00,-1.00,-23.00,1.30,76.9,4017.70,4018.00,4016.70,4016.70,27,73,100,-46.00,1.00,-57.00,3.90,94.9,0,24,0.2391,0.0000,4.00,242.00,4024.38,-0.6943,DOWN,54.30,1.8416,1.7981
20260728 231626 479,4016.70,1,4016.60,4017.10,0.50,4016.60,5,4016.50,7,4016.40,1,4016.30,1,4016.20,5,4016.10,5,4016.00,6,4015.90,5,4015.80,5,4015.70,5,4017.10,1,4017.20,2,4018.10,3,4018.20,5,4018.30,7,4018.40,5,4018.50,5,4018.60,5,4018.70,5,4018.80,6,Sell,5,29,34,-24.00,-1.00,-24.00,1.30,76.9,4017.70,4018.00,4016.70,4016.70,27,73,100,-46.00,1.00,-57.00,3.90,94.9,0,24,0.2391,0.0000,3.00,241.00,4024.38,-0.6943,DOWN,54.30,1.8416,1.7981
20260728 231626 479,4016.70,1,4016.60,4017.10,0.50,4016.60,5,4016.50,7,4016.40,1,4016.30,1,4016.20,5,4016.10,5,4016.00,6,4015.90,5,4015.80,5,4015.70,5,4017.10,1,4017.20,2,4018.10,3,4018.20,5,4018.30,7,4018.40,5,4018.50,5,4018.60,5,4018.70,5,4018.80,6,Sell,5,30,35,-25.00,-1.00,-25.00,1.30,76.9,4017.70,4018.00,4016.70,4016.70,27,73,100,-46.00,1.00,-57.00,3.90,94.9,0,24,0.2391,0.0000,2.00,240.00,4024.38,-0.6943,DOWN,54.30,1.8416,1.7981
20260728 231626 479,4016.60,1,4016.60,4017.10,0.50,4016.60,5,4016.50,7,4016.40,1,4016.30,1,4016.20,5,4016.10,5,4016.00,6,4015.90,5,4015.80,5,4015.70,5,4017.10,1,4017.20,2,4018.10,3,4018.20,5,4018.30,7,4018.40,5,4018.50,5,4018.60,5,4018.70,5,4018.80,6,Sell,5,31,36,-26.00,-1.00,-26.00,1.40,78.6,4017.70,4018.00,4016.60,4016.60,27,73,100,-46.00,1.00,-57.00,3.90,94.9,0,24,0.2391,0.0000,1.00,239.00,4024.37,-0.6975,DOWN,54.30,1.8416,1.8053
20260728 231629 562,4017.10,1,4017.00,4017.10,0.10,4017.00,15,4016.90,2,4016.80,2,4016.40,1,4016.20,5,4016.10,5,4016.00,6,4015.90,5,4015.80,5,4015.70,5,4017.10,1,4017.40,2,4017.50,2,4018.10,3,4018.30,2,4018.40,5,4018.50,5,4018.60,6,4018.70,5,4018.80,6,Buy,6,31,37,-25.00,-1.00,-26.00,1.40,42.9,4017.70,4018.00,4016.60,4017.10,27,73,100,-46.00,1.00,-57.00,3.90,94.9,0,24,0.2391,0.0400,2.00,240.00,4024.42,-0.6816,DOWN,54.30,1.8416,1.8053
20260728 231630 697,4017.70,1,4017.40,4017.90,0.50,4017.40,2,4017.30,1,4017.00,15,4016.50,5,4016.40,6,4016.30,6,4016.20,5,4016.10,5,4016.00,6,4015.90,5,4017.90,3,4018.00,4,4018.10,3,4018.40,3,4018.50,5,4018.60,5,4018.70,5,4018.80,6,4018.90,5,4019.00,5,Buy,7,31,38,-24.00,-1.00,-26.00,1.40,0.0,4017.70,4018.00,4016.60,4017.70,27,73,100,-46.00,1.00,-57.00,3.90,94.9,0,24,0.2391,0.0833,3.00,241.00,4024.48,-0.6626,DOWN,54.30,1.8416,1.8053
20260728 231630 697,4017.80,1,4017.40,4017.90,0.50,4017.40,2,4017.30,1,4017.00,15,4016.50,5,4016.40,6,4016.30,6,4016.20,5,4016.10,5,4016.00,6,4015.90,5,4017.90,3,4018.00,4,4018.10,3,4018.40,3,4018.50,5,4018.60,5,4018.70,5,4018.80,6,4018.90,5,4019.00,5,Buy,8,31,39,-23.00,-1.00,-26.00,1.40,7.1,4017.70,4018.00,4016.60,4017.80,27,73,100,-46.00,1.00,-57.00,3.90,94.9,0,24,0.2391,0.1304,4.00,242.00,4024.49,-0.6594,DOWN,54.30,1.8416,1.8053
20260728 231630 697,4017.90,1,4017.40,4017.90,0.50,4017.40,2,4017.30,1,4017.00,15,4016.50,5,4016.40,6,4016.30,6,4016.20,5,4016.10,5,4016.00,6,4015.90,5,4017.90,3,4018.00,4,4018.10,3,4018.40,3,4018.50,5,4018.60,5,4018.70,5,4018.80,6,4018.90,5,4019.00,5,Buy,9,31,40,-22.00,-1.00,-26.00,1.40,14.3,4017.70,4018.00,4016.60,4017.90,27,73,100,-46.00,1.00,-57.00,3.90,94.9,0,24,0.2391,0.1818,5.00,243.00,4024.50,-0.6562,DOWN,54.30,1.8416,1.8053
20260728 231634 835,4017.60,1,4017.30,4017.60,0.30,4017.40,2,4017.30,4,4017.00,15,4016.50,5,4016.40,6,4016.30,5,4016.20,6,4016.10,5,4016.00,6,4015.90,5,4017.90,2,4018.00,2,4018.10,3,4018.40,3,4018.50,5,4018.60,5,4018.70,6,4018.80,6,4018.90,5,4019.00,5,Buy,10,31,41,-21.00,-1.00,-26.00,1.40,7.1,4017.70,4018.00,4016.60,4017.60,27,73,100,-46.00,1.00,-57.00,3.90,94.9,0,24,0.2391,0.2381,6.00,244.00,4024.47,-0.6657,DOWN,54.30,1.8416,1.8053
20260728 231636 870,4017.60,1,4017.50,4017.90,0.40,4017.50,2,4017.40,2,4017.30,1,4017.00,15,4016.50,6,4016.40,6,4016.30,5,4016.20,5,4016.10,5,4016.00,6,4017.90,2,4018.00,2,4018.10,3,4018.40,3,4018.50,5,4018.60,5,4018.70,5,4018.80,6,4018.90,6,4019.00,5,Buy,11,31,42,-20.00,-1.00,-26.00,1.40,7.1,4017.70,4018.00,4016.60,4017.60,27,73,100,-46.00,1.00,-57.00,3.90,94.9,0,24,0.2391,0.3000,7.00,245.00,4024.47,-0.6657,DOWN,54.30,1.8416,1.8053
20260728 231641 523,4017.60,1,4017.60,4017.60,0.00,4017.30,1,4017.20,2,4017.10,3,4017.00,15,4016.50,5,4016.40,6,4016.30,5,4016.20,5,4016.10,5,4016.00,6,4017.60,2,4017.70,4,4017.80,1,4018.10,3,4018.40,3,4018.50,5,4018.60,5,4018.70,5,4018.80,6,4018.90,5,Sell,11,32,43,-21.00,-1.00,-26.00,1.40,7.1,4017.70,4018.00,4016.60,4017.60,27,73,100,-46.00,1.00,-57.00,3.90,94.9,0,24,0.2391,0.2381,6.00,244.00,4024.47,-0.6657,DOWN,54.30,1.8416,1.8053
20260728 231645 839,4017.60,1,4017.30,4017.60,0.30,4017.30,3,4017.20,2,4016.50,5,4016.40,6,4016.30,5,4016.20,5,4016.10,5,4016.00,6,4015.90,5,4015.80,5,4017.60,2,4017.70,2,4017.80,1,4018.10,3,4018.40,8,4018.50,6,4018.60,5,4018.70,5,4018.80,6,4018.90,5,Buy,12,32,44,-20.00,-1.00,-26.00,1.40,7.1,4017.70,4018.00,4016.60,4017.60,27,73,100,-46.00,1.00,-57.00,3.90,94.9,0,24,0.2391,0.3000,7.00,245.00,4024.47,-0.6657,DOWN,54.30,1.8416,1.8053
20260728 231646 189,4017.60,1,4017.30,4017.60,0.30,4017.30,3,4017.20,2,4016.50,5,4016.40,6,4016.30,5,4016.20,5,4016.10,5,4016.00,6,4015.90,5,4015.80,5,4017.60,1,4017.70,2,4017.80,1,4018.10,3,4018.40,8,4018.50,6,4018.60,5,4018.70,5,4018.80,6,4018.90,5,Buy,13,32,45,-19.00,-1.00,-26.00,1.40,7.1,4017.70,4018.00,4016.60,4017.60,27,73,100,-46.00,1.00,-57.00,3.90,94.9,0,24,0.2391,0.3684,8.00,246.00,4024.47,-0.6657,DOWN,54.30,1.8416,1.8053
20260728 231646 648,4017.30,1,4017.20,4017.60,0.40,4017.20,2,4017.10,3,4016.60,1,4016.50,5,4016.40,6,4016.30,5,4016.20,5,4016.10,5,4016.00,6,4015.90,5,4017.60,2,4017.70,2,4017.80,1,4018.10,3,4018.40,8,4018.50,6,4018.60,5,4018.70,5,4018.80,6,4018.90,5,Sell,13,33,46,-20.00,-1.00,-26.00,1.40,28.6,4017.70,4018.00,4016.60,4017.30,27,73,100,-46.00,1.00,-57.00,3.90,94.9,0,24,0.2391,0.3000,7.00,245.00,4024.44,-0.6753,DOWN,54.30,1.8416,1.8053
20260728 231646 648,4017.30,1,4017.20,4017.60,0.40,4017.20,2,4017.10,3,4016.60,1,4016.50,5,4016.40,6,4016.30,5,4016.20,5,4016.10,5,4016.00,6,4015.90,5,4017.60,2,4017.70,2,4017.80,1,4018.10,3,4018.40,8,4018.50,6,4018.60,5,4018.70,5,4018.80,6,4018.90,5,Sell,13,34,47,-21.00,-1.00,-26.00,1.40,28.6,4017.70,4018.00,4016.60,4017.30,27,73,100,-46.00,1.00,-57.00,3.90,94.9,0,24,0.2391,0.2381,6.00,244.00,4024.44,-0.6753,DOWN,54.30,1.8416,1.8053
20260728 231650 044,4017.40,1,4017.30,4017.80,0.50,4017.30,2,4017.20,2,4016.60,2,4016.40,6,4016.30,5,4016.20,5,4016.10,5,4016.00,6,4015.90,6,4015.80,5,4017.80,3,4017.90,2,4018.10,3,4018.40,8,4018.50,5,4018.60,5,4018.70,5,4018.80,6,4018.90,5,4019.00,5,Sell,13,35,48,-22.00,-1.00,-26.00,1.40,21.4,4017.70,4018.00,4016.60,4017.40,27,73,100,-46.00,1.00,-57.00,3.90,94.9,0,24,0.2391,0.1818,5.00,243.00,4024.45,-0.6721,DOWN,54.30,1.8416,1.8053
20260728 231650 044,4017.40,1,4017.30,4017.80,0.50,4017.30,2,4017.20,2,4016.60,2,4016.40,6,4016.30,5,4016.20,5,4016.10,5,4016.00,6,4015.90,6,4015.80,5,4017.80,3,4017.90,2,4018.10,3,4018.40,8,4018.50,5,4018.60,5,4018.70,5,4018.80,6,4018.90,5,4019.00,5,Sell,13,36,49,-23.00,-1.00,-26.00,1.40,21.4,4017.70,4018.00,4016.60,4017.40,27,73,100,-46.00,1.00,-57.00,3.90,94.9,0,24,0.2391,0.1304,4.00,242.00,4024.45,-0.6721,DOWN,54.30,1.8416,1.8053
20260728 231651 249,4017.80,1,4017.50,4017.80,0.30,4017.50,2,4017.40,3,4016.60,2,4016.40,6,4016.30,5,4016.20,5,4016.10,5,4016.00,6,4015.90,6,4015.80,5,4017.80,1,4017.90,2,4018.00,2,4018.10,3,4018.40,8,4018.50,5,4018.60,5,4018.70,5,4018.80,6,4018.90,5,Buy,14,36,50,-22.00,-1.00,-26.00,1.40,7.1,4017.70,4018.00,4016.60,4017.80,27,73,100,-46.00,1.00,-57.00,3.90,94.9,0,24,0.2391,0.1818,5.00,243.00,4024.49,-0.6594,DOWN,54.30,1.8416,1.8053
20260728 231652 601,4017.60,1,4017.60,4018.00,0.40,4017.60,2,4017.50,2,4016.60,7,4016.50,6,4016.40,6,4016.30,5,4016.20,5,4016.10,6,4016.00,6,4015.90,5,4018.00,2,4018.10,2,4018.30,1,4018.40,5,4018.50,5,4018.60,5,4018.70,5,4018.80,5,4018.90,5,4019.00,5,Sell,14,37,51,-23.00,-1.00,-26.00,1.40,7.1,4017.70,4018.00,4016.60,4017.60,27,73,100,-46.00,1.00,-57.00,3.90,94.9,0,24,0.2391,0.1304,4.00,242.00,4024.47,-0.6657,DOWN,54.30,1.8416,1.8053
20260728 231656 162,4017.80,1,4017.60,4018.00,0.40,4017.60,3,4017.50,2,4016.60,7,4016.50,6,4016.40,6,4016.30,5,4016.20,6,4016.10,5,4016.00,6,4015.90,5,4018.00,2,4018.10,3,4018.30,1,4018.40,5,4018.50,5,4018.60,5,4018.70,5,4018.80,5,4018.90,5,4019.00,5,Sell,14,38,52,-24.00,-1.00,-26.00,1.40,7.1,4017.70,4018.00,4016.60,4017.80,27,73,100,-46.00,1.00,-57.00,3.90,94.9,0,24,0.2391,0.0833,3.00,241.00,4024.49,-0.6594,DOWN,54.30,1.8416,1.8053
20260728 231656 165,4017.80,1,4017.60,4018.00,0.40,4017.60,3,4017.50,2,4016.60,7,4016.50,6,4016.40,6,4016.30,5,4016.20,6,4016.10,5,4016.00,6,4015.90,5,4018.00,2,4018.10,3,4018.30,1,4018.40,5,4018.50,5,4018.60,5,4018.70,5,4018.80,5,4018.90,5,4019.00,5,Sell,14,39,53,-25.00,-1.00,-26.00,1.40,7.1,4017.70,4018.00,4016.60,4017.80,27,73,100,-46.00,1.00,-57.00,3.90,94.9,0,24,0.2391,0.0400,2.00,240.00,4024.49,-0.6594,DOWN,54.30,1.8416,1.8053
20260728 231656 664,4017.70,1,4017.20,4017.60,0.40,4017.20,2,4017.10,3,4016.60,7,4016.50,6,4016.40,6,4016.30,5,4016.20,5,4016.10,6,4016.00,6,4015.90,5,4017.60,1,4017.70,2,4018.30,2,4018.40,5,4018.50,5,4018.60,5,4018.70,5,4018.80,5,4018.90,5,4019.00,5,Sell,14,40,54,-26.00,-1.00,-26.00,1.40,0.0,4017.70,4018.00,4016.60,4017.70,27,73,100,-46.00,1.00,-57.00,3.90,94.9,0,24,0.2391,0.0000,1.00,239.00,4024.48,-0.6626,DOWN,54.30,1.8416,1.8053
20260728 231701 399,4017.50,5,4016.70,4017.10,0.40,4016.70,2,4016.60,5,4016.40,1,4016.00,6,4015.90,5,4015.80,5,4015.70,5,4015.60,6,4015.50,6,4015.40,6,4017.10,2,4017.20,4,4017.80,2,4017.90,5,4018.00,5,4018.10,5,4018.20,6,4018.30,7,4018.40,5,4018.50,5,Sell,0,5,5,-5.00,-5.00,-5.00,0.00,0.0,4017.50,4017.50,4017.50,4017.50,14,40,54,-26.00,-1.00,-26.00,1.40,0.0,-12,42,0.0000,0.0000,-48.00,211.00,4024.46,-0.6689,DOWN,52.90,1.0208,1.6906
20260728 231701 399,4017.50,1,4016.70,4017.10,0.40,4016.70,2,4016.60,5,4016.40,1,4016.00,6,4015.90,5,4015.80,5,4015.70,5,4015.60,6,4015.50,6,4015.40,6,4017.10,2,4017.20,4,4017.80,2,4017.90,5,4018.00,5,4018.10,5,4018.20,6,4018.30,7,4018.40,5,4018.50,5,Sell,0,6,6,-6.00,-5.00,-6.00,0.00,0.0,4017.50,4017.50,4017.50,4017.50,14,40,54,-26.00,-1.00,-26.00,1.40,0.0,-12,42,0.0000,0.0000,-49.00,210.00,4024.46,-0.6689,DOWN,52.90,1.0208,1.6906
20260728 231701 399,4017.50,1,4016.70,4017.10,0.40,4016.70,2,4016.60,5,4016.40,1,4016.00,6,4015.90,5,4015.80,5,4015.70,5,4015.60,6,4015.50,6,4015.40,6,4017.10,2,4017.20,4,4017.80,2,4017.90,5,4018.00,5,4018.10,5,4018.20,6,4018.30,7,4018.40,5,4018.50,5,Sell,0,7,7,-7.00,-5.00,-7.00,0.00,0.0,4017.50,4017.50,4017.50,4017.50,14,40,54,-26.00,-1.00,-26.00,1.40,0.0,-12,42,0.0000,0.0000,-50.00,209.00,4024.46,-0.6689,DOWN,52.90,1.0208,1.6906
20260728 231701 399,4017.50,1,4016.70,4017.10,0.40,4016.70,2,4016.60,5,4016.40,1,4016.00,6,4015.90,5,4015.80,5,4015.70,5,4015.60,6,4015.50,6,4015.40,6,4017.10,2,4017.20,4,4017.80,2,4017.90,5,4018.00,5,4018.10,5,4018.20,6,4018.30,7,4018.40,5,4018.50,5,Sell,0,8,8,-8.00,-5.00,-8.00,0.00,0.0,4017.50,4017.50,4017.50,4017.50,14,40,54,-26.00,-1.00,-26.00,1.40,0.0,-12,42,0.0000,0.0000,-51.00,208.00,4024.46,-0.6689,DOWN,52.90,1.0208,1.6906
20260728 231701 403,4017.40,1,4016.70,4017.10,0.40,4016.70,2,4016.60,5,4016.40,1,4016.00,6,4015.90,5,4015.80,5,4015.70,5,4015.60,6,4015.50,6,4015.40,6,4017.10,2,4017.20,4,4017.80,2,4017.90,5,4018.00,5,4018.10,5,4018.20,6,4018.30,7,4018.40,5,4018.50,5,Sell,0,9,9,-9.00,-5.00,-9.00,0.10,100.0,4017.50,4017.50,4017.40,4017.40,14,40,54,-26.00,-1.00,-26.00,1.40,0.0,-12,42,0.0000,0.0000,-52.00,207.00,4024.45,-0.6721,DOWN,52.90,1.0208,1.6978
20260728 231701 403,4017.40,1,4016.70,4017.10,0.40,4016.70,2,4016.60,5,4016.40,1,4016.00,6,4015.90,5,4015.80,5,4015.70,5,4015.60,6,4015.50,6,4015.40,6,4017.10,2,4017.20,4,4017.80,2,4017.90,5,4018.00,5,4018.10,5,4018.20,6,4018.30,7,4018.40,5,4018.50,5,Sell,0,10,10,-10.00,-5.00,-10.00,0.10,100.0,4017.50,4017.50,4017.40,4017.40,14,40,54,-26.00,-1.00,-26.00,1.40,0.0,-12,42,0.0000,0.0000,-53.00,206.00,4024.45,-0.6721,DOWN,52.90,1.0208,1.6978
20260728 231705 640,4016.70,1,4016.70,4017.10,0.40,4016.70,2,4016.60,4,4016.30,2,4016.20,5,4016.10,7,4016.00,7,4015.90,5,4015.80,5,4015.70,5,4015.60,6,4017.10,2,4017.20,3,4017.50,1,4017.80,2,4018.00,1,4018.10,5,4018.20,5,4018.30,6,4018.40,5,4018.50,5,Sell,0,11,11,-11.00,-5.00,-11.00,0.80,100.0,4017.50,4017.50,4016.70,4016.70,14,40,54,-26.00,-1.00,-26.00,1.40,0.0,-12,42,0.0000,0.0000,-54.00,205.00,4024.38,-0.6943,DOWN,52.90,1.0208,1.7478
20260728 231711 523,4017.20,1,4017.20,4017.50,0.30,4017.20,2,4017.10,4,4016.50,2,4016.40,5,4016.30,10,4016.20,5,4016.10,6,4016.00,7,4015.90,6,4015.80,5,4017.50,1,4017.60,2,4017.70,1,4018.20,1,4018.30,2,4018.40,5,4018.50,5,4018.60,5,4018.70,5,4018.80,6,Sell,0,12,12,-12.00,-5.00,-12.00,0.80,37.5,4017.50,4017.50,4016.70,4017.20,14,40,54,-26.00,-1.00,-26.00,1.40,0.0,-12,42,0.0000,0.0000,-55.00,204.00,4024.43,-0.6784,DOWN,52.90,1.0208,1.7478
20260728 231711 523,4017.20,1,4017.20,4017.50,0.30,4017.20,2,4017.10,4,4016.50,2,4016.40,5,4016.30,10,4016.20,5,4016.10,6,4016.00,7,4015.90,6,4015.80,5,4017.50,1,4017.60,2,4017.70,1,4018.20,1,4018.30,2,4018.40,5,4018.50,5,4018.60,5,4018.70,5,4018.80,6,Sell,0,13,13,-13.00,-5.00,-13.00,0.80,37.5,4017.50,4017.50,4016.70,4017.20,14,40,54,-26.00,-1.00,-26.00,1.40,0.0,-12,42,0.0000,0.0000,-56.00,203.00,4024.43,-0.6784,DOWN,52.90,1.0208,1.7478
20260728 231711 523,4017.20,1,4017.20,4017.50,0.30,4017.20,2,4017.10,4,4016.50,2,4016.40,5,4016.30,10,4016.20,5,4016.10,6,4016.00,7,4015.90,6,4015.80,5,4017.50,1,4017.60,2,4017.70,1,4018.20,1,4018.30,2,4018.40,5,4018.50,5,4018.60,5,4018.70,5,4018.80,6,Sell,0,14,14,-14.00,-5.00,-14.00,0.80,37.5,4017.50,4017.50,4016.70,4017.20,14,40,54,-26.00,-1.00,-26.00,1.40,0.0,-12,42,0.0000,0.0000,-57.00,202.00,4024.43,-0.6784,DOWN,52.90,1.0208,1.7478
20260728 231713 355,4017.50,1,4017.20,4017.50,0.30,4017.30,1,4017.20,3,4016.50,2,4016.40,5,4016.30,10,4016.20,5,4016.10,6,4016.00,7,4015.90,5,4015.80,5,4017.60,1,4017.70,1,4018.20,1,4018.30,2,4018.40,5,4018.50,5,4018.60,5,4018.70,5,4018.80,5,4018.90,5,Buy,1,14,15,-13.00,-5.00,-14.00,0.80,0.0,4017.50,4017.50,4016.70,4017.50,14,40,54,-26.00,-1.00,-26.00,1.40,0.0,-12,42,0.0000,0.0769,-56.00,203.00,4024.46,-0.6689,DOWN,52.90,1.0208,1.7478
20260728 231713 639,4017.70,1,4017.50,4017.80,0.30,4017.50,1,4017.40,4,4016.50,2,4016.40,5,4016.30,5,4016.20,5,4016.10,6,4016.00,8,4015.90,5,4015.80,5,4017.80,1,4018.00,3,4018.20,1,4018.30,2,4018.40,5,4018.50,5,4018.60,5,4018.70,5,4018.80,5,4018.90,5,Buy,2,14,16,-12.00,-5.00,-14.00,1.00,20.0,4017.50,4017.70,4016.70,4017.70,14,40,54,-26.00,-1.00,-26.00,1.40,0.0,-12,42,0.0000,0.1667,-55.00,204.00,4024.48,-0.6626,DOWN,52.90,1.0208,1.7478
20260728 231714 169,4017.50,1,4017.10,4017.50,0.40,4017.10,4,4017.00,5,4016.50,7,4016.40,5,4016.30,5,4016.20,5,4016.10,6,4016.00,7,4015.90,5,4015.80,5,4017.50,2,4017.60,2,4018.20,2,4018.30,1,4018.40,5,4018.50,5,4018.60,5,4018.70,5,4018.80,5,4018.90,5,Sell,2,15,17,-13.00,-5.00,-14.00,1.00,0.0,4017.50,4017.70,4016.70,4017.50,14,40,54,-26.00,-1.00,-26.00,1.40,0.0,-12,42,0.0000,0.0769,-56.00,203.00,4024.46,-0.6689,DOWN,52.90,1.0208,1.7478
20260728 231714 280,4017.00,1,4017.00,4017.30,0.30,4017.00,5,4016.90,4,4016.50,7,4016.40,5,4016.30,5,4016.20,5,4016.10,6,4016.00,7,4015.90,5,4015.80,5,4017.40,1,4017.50,2,4018.20,2,4018.30,1,4018.40,5,4018.50,5,4018.60,5,4018.70,5,4018.80,5,4018.90,5,Sell,2,16,18,-14.00,-5.00,-14.00,1.00,50.0,4017.50,4017.70,4016.70,4017.00,14,40,54,-26.00,-1.00,-26.00,1.40,0.0,-12,42,0.0000,0.0000,-57.00,202.00,4024.41,-0.6848,DOWN,52.90,1.0208,1.7478
20260728 231714 280,4017.00,1,4017.00,4017.30,0.30,4017.00,5,4016.90,4,4016.50,7,4016.40,5,4016.30,5,4016.20,5,4016.10,6,4016.00,7,4015.90,5,4015.80,5,4017.40,1,4017.50,2,4018.20,2,4018.30,1,4018.40,5,4018.50,5,4018.60,5,4018.70,5,4018.80,5,4018.90,5,Sell,2,17,19,-15.00,-5.00,-15.00,1.00,50.0,4017.50,4017.70,4016.70,4017.00,14,40,54,-26.00,-1.00,-26.00,1.40,0.0,-12,42,0.0000,0.0000,-58.00,201.00,4024.41,-0.6848,DOWN,52.90,1.0208,1.7478
20260728 231715 129,4017.40,1,4017.20,4017.80,0.60,4017.20,3,4017.10,3,4016.40,7,4016.30,5,4016.20,7,4016.10,6,4016.00,7,4015.90,5,4015.80,5,4015.70,6,4017.80,3,4017.90,3,4018.10,2,4018.20,3,4018.30,5,4018.40,5,4018.50,5,4018.60,6,4018.70,5,4018.80,5,Buy,3,17,20,-14.00,-5.00,-15.00,1.00,10.0,4017.50,4017.70,4016.70,4017.40,14,40,54,-26.00,-1.00,-26.00,1.40,0.0,-12,42,0.0000,0.0714,-57.00,202.00,4024.45,-0.6721,DOWN,52.90,1.0208,1.7478
20260728 231715 129,4017.50,1,4017.20,4017.80,0.60,4017.20,3,4017.10,3,4016.40,7,4016.30,5,4016.20,7,4016.10,6,4016.00,7,4015.90,5,4015.80,5,4015.70,6,4017.80,3,4017.90,3,4018.10,2,4018.20,3,4018.30,5,4018.40,5,4018.50,5,4018.60,6,4018.70,5,4018.80,5,Buy,4,17,21,-13.00,-5.00,-15.00,1.00,0.0,4017.50,4017.70,4016.70,4017.50,14,40,54,-26.00,-1.00,-26.00,1.40,0.0,-12,42,0.0000,0.1538,-56.00,203.00,4024.46,-0.6689,DOWN,52.90,1.0208,1.7478
20260728 231715 129,4017.50,1,4017.20,4017.80,0.60,4017.20,3,4017.10,3,4016.40,7,4016.30,5,4016.20,7,4016.10,6,4016.00,7,4015.90,5,4015.80,5,4015.70,6,4017.80,3,4017.90,3,4018.10,2,4018.20,3,4018.30,5,4018.40,5,4018.50,5,4018.60,6,4018.70,5,4018.80,5,Buy,5,17,22,-12.00,-5.00,-15.00,1.00,0.0,4017.50,4017.70,4016.70,4017.50,14,40,54,-26.00,-1.00,-26.00,1.40,0.0,-12,42,0.0000,0.2500,-55.00,204.00,4024.46,-0.6689,DOWN,52.90,1.0208,1.7478
20260728 231715 129,4017.60,1,4017.20,4017.80,0.60,4017.20,3,4017.10,3,4016.40,7,4016.30,5,4016.20,7,4016.10,6,4016.00,7,4015.90,5,4015.80,5,4015.70,6,4017.80,3,4017.90,3,4018.10,2,4018.20,3,4018.30,5,4018.40,5,4018.50,5,4018.60,6,4018.70,5,4018.80,5,Buy,6,17,23,-11.00,-5.00,-15.00,1.00,10.0,4017.50,4017.70,4016.70,4017.60,14,40,54,-26.00,-1.00,-26.00,1.40,0.0,-12,42,0.0000,0.3636,-54.00,205.00,4024.47,-0.6657,DOWN,52.90,1.0208,1.7478
20260728 231715 129,4017.70,1,4017.20,4017.80,0.60,4017.20,3,4017.10,3,4016.40,7,4016.30,5,4016.20,7,4016.10,6,4016.00,7,4015.90,5,4015.80,5,4015.70,6,4017.80,3,4017.90,3,4018.10,2,4018.20,3,4018.30,5,4018.40,5,4018.50,5,4018.60,6,4018.70,5,4018.80,5,Buy,7,17,24,-10.00,-5.00,-15.00,1.00,20.0,4017.50,4017.70,4016.70,4017.70,14,40,54,-26.00,-1.00,-26.00,1.40,0.0,-12,42,0.0000,0.5000,-53.00,206.00,4024.48,-0.6626,DOWN,52.90,1.0208,1.7478
20260728 231715 129,4017.70,1,4017.20,4017.80,0.60,4017.20,3,4017.10,3,4016.40,7,4016.30,5,4016.20,7,4016.10,6,4016.00,7,4015.90,5,4015.80,5,4015.70,6,4017.80,3,4017.90,3,4018.10,2,4018.20,3,4018.30,5,4018.40,5,4018.50,5,4018.60,6,4018.70,5,4018.80,5,Buy,8,17,25,-9.00,-5.00,-15.00,1.00,20.0,4017.50,4017.70,4016.70,4017.70,14,40,54,-26.00,-1.00,-26.00,1.40,0.0,-12,42,0.0000,0.6667,-52.00,207.00,4024.48,-0.6626,DOWN,52.90,1.0208,1.7478
20260728 231715 129,4017.70,1,4017.20,4017.80,0.60,4017.20,3,4017.10,3,4016.40,7,4016.30,5,4016.20,7,4016.10,6,4016.00,7,4015.90,5,4015.80,5,4015.70,6,4017.80,3,4017.90,3,4018.10,2,4018.20,3,4018.30,5,4018.40,5,4018.50,5,4018.60,6,4018.70,5,4018.80,5,Buy,9,17,26,-8.00,-5.00,-15.00,1.00,20.0,4017.50,4017.70,4016.70,4017.70,14,40,54,-26.00,-1.00,-26.00,1.40,0.0,-12,42,0.0000,0.8750,-51.00,208.00,4024.48,-0.6626,DOWN,52.90,1.0208,1.7478
20260728 231715 129,4017.80,1,4017.20,4017.80,0.60,4017.20,3,4017.10,3,4016.40,7,4016.30,5,4016.20,7,4016.10,6,4016.00,7,4015.90,5,4015.80,5,4015.70,6,4017.80,3,4017.90,3,4018.10,2,4018.20,3,4018.30,5,4018.40,5,4018.50,5,4018.60,6,4018.70,5,4018.80,5,Buy,10,17,27,-7.00,-5.00,-15.00,1.10,27.3,4017.50,4017.80,4016.70,4017.80,14,40,54,-26.00,-1.00,-26.00,1.40,0.0,-12,42,0.0000,1.1429,-50.00,209.00,4024.49,-0.6594,DOWN,52.90,1.0208,1.7549
20260728 231717 206,4017.30,1,4017.10,4017.60,0.50,4017.10,1,4017.00,4,4016.40,7,4016.30,5,4016.20,7,4016.10,6,4016.00,7,4015.90,5,4015.80,5,4015.70,6,4017.60,3,4017.70,3,4018.10,2,4018.20,2,4018.30,5,4018.40,5,4018.50,5,4018.60,5,4018.70,5,4018.80,6,Sell,10,18,28,-8.00,-5.00,-15.00,1.10,18.2,4017.50,4017.80,4016.70,4017.30,14,40,54,-26.00,-1.00,-26.00,1.40,0.0,-12,42,0.0000,0.8750,-51.00,208.00,4024.44,-0.6753,DOWN,52.90,1.0208,1.7549
20260728 231717 206,4017.20,1,4017.10,4017.60,0.50,4017.10,1,4017.00,4,4016.40,7,4016.30,5,4016.20,7,4016.10,6,4016.00,7,4015.90,5,4015.80,5,4015.70,6,4017.60,3,4017.70,3,4018.10,2,4018.20,2,4018.30,5,4018.40,5,4018.50,5,4018.60,5,4018.70,5,4018.80,6,Sell,10,19,29,-9.00,-5.00,-15.00,1.10,27.3,4017.50,4017.80,4016.70,4017.20,14,40,54,-26.00,-1.00,-26.00,1.40,0.0,-12,42,0.0000,0.6667,-52.00,207.00,4024.43,-0.6784,DOWN,52.90,1.0208,1.7549
20260728 231718 455,4017.10,1,4017.00,4017.50,0.50,4017.00,5,4016.90,4,4016.40,7,4016.30,5,4016.20,7,4016.10,6,4016.00,7,4015.90,5,4015.80,5,4015.70,5,4017.50,1,4017.60,3,4018.30,2,4018.40,6,4018.50,5,4018.60,5,4018.70,5,4018.80,6,4018.90,5,4019.00,5,Sell,10,20,30,-10.00,-5.00,-15.00,1.10,36.4,4017.50,4017.80,4016.70,4017.10,14,40,54,-26.00,-1.00,-26.00,1.40,0.0,-12,42,0.0000,0.5000,-53.00,206.00,4024.42,-0.6816,DOWN,52.90,1.0208,1.7549
20260728 231720 519,4017.50,1,4017.10,4017.60,0.50,4017.10,3,4017.00,5,4016.40,2,4016.30,5,4016.20,7,4016.10,6,4016.00,7,4015.90,5,4015.80,5,4015.70,5,4017.60,3,4017.70,3,4018.30,3,4018.40,5,4018.50,5,4018.60,5,4018.70,5,4018.80,6,4018.90,5,4019.00,5,Sell,10,21,31,-11.00,-5.00,-15.00,1.10,0.0,4017.50,4017.80,4016.70,4017.50,14,40,54,-26.00,-1.00,-26.00,1.40,0.0,-12,42,0.0000,0.3636,-54.00,205.00,4024.46,-0.6689,DOWN,52.90,1.0208,1.7549
20260728 231734 613,4017.90,1,4017.80,4018.20,0.40,4017.90,1,4017.80,3,4016.50,6,4016.40,5,4016.30,9,4016.20,6,4016.10,7,4016.00,7,4015.90,5,4015.80,5,4018.30,2,4018.40,7,4018.50,10,4018.60,5,4018.70,5,4018.80,5,4018.90,5,4019.00,5,4019.10,5,4019.20,6,Sell,10,22,32,-12.00,-5.00,-15.00,1.20,33.3,4017.50,4017.90,4016.70,4017.90,14,40,54,-26.00,-1.00,-26.00,1.40,0.0,-12,42,0.0000,0.2500,-55.00,204.00,4024.50,-0.6562,DOWN,52.90,1.0208,1.7620
20260728 231734 616,4017.80,1,4017.80,4018.20,0.40,4017.90,1,4017.80,3,4016.50,6,4016.40,5,4016.30,9,4016.20,6,4016.10,7,4016.00,7,4015.90,5,4015.80,5,4018.30,2,4018.40,7,4018.50,10,4018.60,5,4018.70,5,4018.80,5,4018.90,5,4019.00,5,4019.10,5,4019.20,6,Sell,10,23,33,-13.00,-5.00,-15.00,1.20,25.0,4017.50,4017.90,4016.70,4017.80,14,40,54,-26.00,-1.00,-26.00,1.40,0.0,-12,42,0.0000,0.1538,-56.00,203.00,4024.49,-0.6594,DOWN,52.90,1.0208,1.7620
20260728 231734 616,4017.80,1,4017.80,4018.20,0.40,4017.90,1,4017.80,3,4016.50,6,4016.40,5,4016.30,9,4016.20,6,4016.10,7,4016.00,7,4015.90,5,4015.80,5,4018.30,2,4018.40,7,4018.50,10,4018.60,5,4018.70,5,4018.80,5,4018.90,5,4019.00,5,4019.10,5,4019.20,6,Sell,10,24,34,-14.00,-5.00,-15.00,1.20,25.0,4017.50,4017.90,4016.70,4017.80,14,40,54,-26.00,-1.00,-26.00,1.40,0.0,-12,42,0.0000,0.0714,-57.00,202.00,4024.49,-0.6594,DOWN,52.90,1.0208,1.7620
20260728 231734 616,4017.80,1,4017.80,4018.20,0.40,4017.90,1,4017.80,3,4016.50,6,4016.40,5,4016.30,9,4016.20,6,4016.10,7,4016.00,7,4015.90,5,4015.80,5,4018.30,2,4018.40,7,4018.50,10,4018.60,5,4018.70,5,4018.80,5,4018.90,5,4019.00,5,4019.10,5,4019.20,6,Sell,10,25,35,-15.00,-5.00,-15.00,1.20,25.0,4017.50,4017.90,4016.70,4017.80,14,40,54,-26.00,-1.00,-26.00,1.40,0.0,-12,42,0.0000,0.0000,-58.00,201.00,4024.49,-0.6594,DOWN,52.90,1.0208,1.7620
20260728 231736 821,4018.00,1,4018.00,4018.40,0.40,4018.00,2,4017.90,4,4016.90,2,4016.80,5,4016.70,7,4016.60,5,4016.50,6,4016.40,6,4016.30,8,4016.20,6,4018.40,2,4018.50,6,4018.60,6,4018.70,5,4018.80,5,4018.90,5,4019.00,5,4019.10,5,4019.20,5,4019.30,6,Buy,11,25,36,-14.00,-5.00,-15.00,1.30,38.5,4017.50,4018.00,4016.70,4018.00,14,40,54,-26.00,-1.00,-26.00,1.40,0.0,-12,42,0.0000,0.0714,-57.00,202.00,4024.51,-0.6530,DOWN,52.90,1.0208,1.7692
20260728 231744 017,4018.00,1,4018.00,4018.10,0.10,4018.00,4,4017.60,3,4017.50,4,4017.00,2,4016.90,6,4016.80,5,4016.70,5,4016.60,5,4016.50,6,4016.40,5,4018.10,2,4018.20,1,4018.60,1,4018.70,8,4018.80,5,4018.90,5,4019.00,5,4019.10,5,4019.20,5,4019.30,6,Buy,12,25,37,-13.00,-5.00,-15.00,1.30,38.5,4017.50,4018.00,4016.70,4018.00,14,40,54,-26.00,-1.00,-26.00,1.40,0.0,-12,42,0.0000,0.1538,-56.00,203.00,4024.51,-0.6530,DOWN,52.90,1.0208,1.7692
20260728 231744 018,4018.00,4,4018.00,4018.10,0.10,4018.00,4,4017.60,3,4017.50,4,4017.00,2,4016.90,6,4016.80,5,4016.70,5,4016.60,5,4016.50,6,4016.40,5,4018.10,2,4018.20,1,4018.60,1,4018.70,8,4018.80,5,4018.90,5,4019.00,5,4019.10,5,4019.20,5,4019.30,6,Sell,12,29,41,-17.00,-5.00,-17.00,1.30,38.5,4017.50,4018.00,4016.70,4018.00,14,40,54,-26.00,-1.00,-26.00,1.40,0.0,-12,42,0.0000,0.0000,-60.00,199.00,4024.51,-0.6530,DOWN,52.90,1.0208,1.7692
20260728 231747 618,4017.60,1,4017.30,4017.70,0.40,4017.30,1,4017.20,4,4016.60,2,4016.50,6,4016.40,5,4016.30,9,4016.20,6,4016.10,6,4016.00,7,4015.90,5,4017.70,1,4017.80,2,4018.40,2,4018.50,6,4018.60,7,4018.70,6,4018.80,6,4018.90,5,4019.00,5,4019.10,5,Buy,13,29,42,-16.00,-5.00,-17.00,1.30,7.7,4017.50,4018.00,4016.70,4017.60,14,40,54,-26.00,-1.00,-26.00,1.40,0.0,-12,42,0.0000,0.0625,-59.00,200.00,4024.47,-0.6657,DOWN,52.90,1.0208,1.7692
20260728 231747 618,4017.60,1,4017.30,4017.70,0.40,4017.30,1,4017.20,4,4016.60,2,4016.50,6,4016.40,5,4016.30,9,4016.20,6,4016.10,6,4016.00,7,4015.90,5,4017.70,1,4017.80,2,4018.40,2,4018.50,6,4018.60,7,4018.70,6,4018.80,6,4018.90,5,4019.00,5,4019.10,5,Buy,14,29,43,-15.00,-5.00,-17.00,1.30,7.7,4017.50,4018.00,4016.70,4017.60,14,40,54,-26.00,-1.00,-26.00,1.40,0.0,-12,42,0.0000,0.1333,-58.00,201.00,4024.47,-0.6657,DOWN,52.90,1.0208,1.7692
20260728 231747 618,4017.70,1,4017.30,4017.70,0.40,4017.30,1,4017.20,4,4016.60,2,4016.50,6,4016.40,5,4016.30,9,4016.20,6,4016.10,6,4016.00,7,4015.90,5,4017.70,1,4017.80,2,4018.40,2,4018.50,6,4018.60,7,4018.70,6,4018.80,6,4018.90,5,4019.00,5,4019.10,5,Buy,15,29,44,-14.00,-5.00,-17.00,1.30,15.4,4017.50,4018.00,4016.70,4017.70,14,40,54,-26.00,-1.00,-26.00,1.40,0.0,-12,42,0.0000,0.2143,-57.00,202.00,4024.48,-0.6626,DOWN,52.90,1.0208,1.7692
20260728 231751 613,4018.10,1,4017.60,4018.10,0.50,4017.60,4,4017.50,3,4016.80,2,4016.70,5,4016.60,7,4016.50,7,4016.40,5,4016.30,8,4016.20,6,4016.10,6,4018.10,2,4018.20,2,4018.60,7,4018.70,6,4018.80,5,4018.90,5,4019.00,5,4019.10,5,4019.20,5,4019.30,6,Buy,16,29,45,-13.00,-5.00,-17.00,1.40,42.9,4017.50,4018.10,4016.70,4018.10,14,40,54,-26.00,-1.00,-26.00,1.40,0.0,-12,42,0.0000,0.3077,-56.00,203.00,4024.52,-0.6499,DOWN,52.90,1.0208,1.7763
20260728 231751 613,4018.10,1,4017.60,4018.10,0.50,4017.60,4,4017.50,3,4016.80,2,4016.70,5,4016.60,7,4016.50,7,4016.40,5,4016.30,8,4016.20,6,4016.10,6,4018.10,2,4018.20,2,4018.60,7,4018.70,6,4018.80,5,4018.90,5,4019.00,5,4019.10,5,4019.20,5,4019.30,6,Buy,17,29,46,-12.00,-5.00,-17.00,1.40,42.9,4017.50,4018.10,4016.70,4018.10,14,40,54,-26.00,-1.00,-26.00,1.40,0.0,-12,42,0.0000,0.4167,-55.00,204.00,4024.52,-0.6499,DOWN,52.90,1.0208,1.7763
20260728 231751 613,4018.10,1,4017.60,4018.10,0.50,4017.60,4,4017.50,3,4016.80,2,4016.70,5,4016.60,7,4016.50,7,4016.40,5,4016.30,8,4016.20,6,4016.10,6,4018.10,2,4018.20,2,4018.60,7,4018.70,6,4018.80,5,4018.90,5,4019.00,5,4019.10,5,4019.20,5,4019.30,6,Buy,18,29,47,-11.00,-5.00,-17.00,1.40,42.9,4017.50,4018.10,4016.70,4018.10,14,40,54,-26.00,-1.00,-26.00,1.40,0.0,-12,42,0.0000,0.5455,-54.00,205.00,4024.52,-0.6499,DOWN,52.90,1.0208,1.7763
20260728 231751 613,4018.20,1,4017.60,4018.10,0.50,4017.60,4,4017.50,3,4016.80,2,4016.70,5,4016.60,7,4016.50,7,4016.40,5,4016.30,8,4016.20,6,4016.10,6,4018.10,2,4018.20,2,4018.60,7,4018.70,6,4018.80,5,4018.90,5,4019.00,5,4019.10,5,4019.20,5,4019.30,6,Buy,19,29,48,-10.00,-5.00,-17.00,1.50,46.7,4017.50,4018.20,4016.70,4018.20,14,40,54,-26.00,-1.00,-26.00,1.40,0.0,-12,42,0.0000,0.7000,-53.00,206.00,4024.53,-0.6467,DOWN,52.90,1.0208,1.7835
20260728 231751 613,4018.30,1,4017.60,4018.10,0.50,4017.60,4,4017.50,3,4016.80,2,4016.70,5,4016.60,7,4016.50,7,4016.40,5,4016.30,8,4016.20,6,4016.10,6,4018.10,2,4018.20,2,4018.60,7,4018.70,6,4018.80,5,4018.90,5,4019.00,5,4019.10,5,4019.20,5,4019.30,6,Buy,20,29,49,-9.00,-5.00,-17.00,1.60,50.0,4017.50,4018.30,4016.70,4018.30,14,40,54,-26.00,-1.00,-26.00,1.40,0.0,-12,42,0.0000,0.8889,-52.00,207.00,4024.54,-0.6435,DOWN,52.90,1.0208,1.7906
20260728 231751 613,4018.40,1,4017.60,4018.10,0.50,4017.60,4,4017.50,3,4016.80,2,4016.70,5,4016.60,7,4016.50,7,4016.40,5,4016.30,8,4016.20,6,4016.10,6,4018.10,2,4018.20,2,4018.60,7,4018.70,6,4018.80,5,4018.90,5,4019.00,5,4019.10,5,4019.20,5,4019.30,6,Buy,21,29,50,-8.00,-5.00,-17.00,1.70,52.9,4017.50,4018.40,4016.70,4018.40,14,40,54,-26.00,-1.00,-26.00,1.40,0.0,-12,42,0.0000,1.1250,-51.00,208.00,4024.55,-0.6403,DOWN,52.90,1.0208,1.7978
20260728 231817 069,4017.90,1,4017.60,4017.90,0.30,4017.60,1,4017.50,4,4017.00,2,4016.90,5,4016.80,6,4016.70,5,4016.60,6,4016.50,6,4016.40,5,4016.30,8,4018.00,2,4018.10,6,4018.60,2,4018.70,6,4018.80,6,4018.90,5,4019.00,5,4019.10,5,4019.20,5,4019.30,6,Buy,1,0,1,1.00,1.00,1.00,0.00,0.0,4017.90,4017.90,4017.90,4017.90,21,29,50,-8.00,-5.00,-17.00,1.70,52.9,27,27,1.1250,0.0000,-81.00,193.00,4024.50,-0.6562,DOWN,53.95,0.9268,1.7051
20260728 231817 069,4017.90,1,4017.60,4017.90,0.30,4017.60,1,4017.50,4,4017.00,2,4016.90,5,4016.80,6,4016.70,5,4016.60,6,4016.50,6,4016.40,5,4016.30,8,4018.00,2,4018.10,6,4018.60,2,4018.70,6,4018.80,6,4018.90,5,4019.00,5,4019.10,5,4019.20,5,4019.30,6,Buy,2,0,2,2.00,2.00,1.00,0.00,0.0,4017.90,4017.90,4017.90,4017.90,21,29,50,-8.00,-5.00,-17.00,1.70,52.9,27,27,1.1250,0.0000,-80.00,194.00,4024.50,-0.6562,DOWN,53.95,0.9268,1.7051
20260728 231817 069,4018.00,1,4017.60,4017.90,0.30,4017.60,1,4017.50,4,4017.00,2,4016.90,5,4016.80,6,4016.70,5,4016.60,6,4016.50,6,4016.40,5,4016.30,8,4018.00,2,4018.10,6,4018.60,2,4018.70,6,4018.80,6,4018.90,5,4019.00,5,4019.10,5,4019.20,5,4019.30,6,Buy,3,0,3,3.00,3.00,1.00,0.10,100.0,4017.90,4018.00,4017.90,4018.00,21,29,50,-8.00,-5.00,-17.00,1.70,52.9,27,27,1.1250,0.0000,-79.00,195.00,4024.51,-0.6530,DOWN,53.95,0.9268,1.7051
20260728 231817 069,4018.00,1,4017.60,4017.90,0.30,4017.60,1,4017.50,4,4017.00,2,4016.90,5,4016.80,6,4016.70,5,4016.60,6,4016.50,6,4016.40,5,4016.30,8,4018.00,2,4018.10,6,4018.60,2,4018.70,6,4018.80,6,4018.90,5,4019.00,5,4019.10,5,4019.20,5,4019.30,6,Buy,4,0,4,4.00,4.00,1.00,0.10,100.0,4017.90,4018.00,4017.90,4018.00,21,29,50,-8.00,-5.00,-17.00,1.70,52.9,27,27,1.1250,0.0000,-78.00,196.00,4024.51,-0.6530,DOWN,53.95,0.9268,1.7051
20260728 231817 069,4018.00,1,4017.60,4017.90,0.30,4017.60,1,4017.50,4,4017.00,2,4016.90,5,4016.80,6,4016.70,5,4016.60,6,4016.50,6,4016.40,5,4016.30,8,4018.00,2,4018.10,6,4018.60,2,4018.70,6,4018.80,6,4018.90,5,4019.00,5,4019.10,5,4019.20,5,4019.30,6,Buy,5,0,5,5.00,5.00,1.00,0.10,100.0,4017.90,4018.00,4017.90,4018.00,21,29,50,-8.00,-5.00,-17.00,1.70,52.9,27,27,1.1250,0.0000,-77.00,197.00,4024.51,-0.6530,DOWN,53.95,0.9268,1.7051
20260728 231819 981,4017.50,1,4017.50,4017.60,0.10,4017.10,1,4017.00,4,4016.90,5,4016.80,5,4016.70,5,4016.60,5,4016.50,6,4016.40,5,4016.30,8,4016.20,6,4017.60,1,4017.70,1,4018.40,2,4018.50,5,4018.60,7,4018.70,7,4018.80,6,4018.90,5,4019.00,5,4019.10,5,Sell,5,1,6,4.00,5.00,1.00,0.50,80.0,4017.90,4018.00,4017.50,4017.50,21,29,50,-8.00,-5.00,-17.00,1.70,52.9,27,27,1.1250,0.2500,-78.00,196.00,4024.46,-0.6689,DOWN,53.95,0.9268,1.7336
20260728 231822 449,4017.10,1,4017.00,4017.50,0.50,4017.00,4,4016.90,3,4016.70,3,4016.60,5,4016.50,6,4016.40,5,4016.30,8,4016.20,6,4016.10,6,4016.00,7,4017.50,2,4017.60,2,4018.20,2,4018.30,5,4018.40,8,4018.50,5,4018.60,5,4018.70,6,4018.80,6,4018.90,5,Sell,5,2,7,3.00,5.00,1.00,0.90,88.9,4017.90,4018.00,4017.10,4017.10,21,29,50,-8.00,-5.00,-17.00,1.70,52.9,27,27,1.1250,0.6667,-79.00,195.00,4024.42,-0.6816,DOWN,53.95,0.9268,1.7622
20260728 231829 913,4016.30,1,4016.10,4016.60,0.50,4016.10,2,4016.00,6,4015.70,2,4015.60,1,4015.50,6,4015.40,6,4015.30,7,4015.20,5,4015.10,7,4015.00,9,4016.60,2,4016.70,1,4017.40,3,4017.50,6,4017.60,5,4017.70,5,4017.80,5,4017.90,5,4018.00,5,4018.10,6,Sell,5,3,8,2.00,5.00,1.00,1.70,94.1,4017.90,4018.00,4016.30,4016.30,21,29,50,-8.00,-5.00,-17.00,1.70,52.9,27,27,1.1250,1.5000,-80.00,194.00,4024.35,-0.7070,DOWN,53.95,0.9268,1.8193
20260728 231829 914,4016.30,1,4016.10,4016.60,0.50,4016.10,2,4016.00,6,4015.70,2,4015.60,1,4015.50,6,4015.40,6,4015.30,7,4015.20,5,4015.10,7,4015.00,9,4016.60,2,4016.70,1,4017.40,3,4017.50,6,4017.60,5,4017.70,5,4017.80,5,4017.90,5,4018.00,5,4018.10,6,Sell,5,4,9,1.00,5.00,1.00,1.70,94.1,4017.90,4018.00,4016.30,4016.30,21,29,50,-8.00,-5.00,-17.00,1.70,52.9,27,27,1.1250,4.0000,-81.00,193.00,4024.35,-0.7070,DOWN,53.95,0.9268,1.8193
20260728 231829 914,4016.40,1,4016.10,4016.60,0.50,4016.10,2,4016.00,6,4015.70,2,4015.60,1,4015.50,6,4015.40,6,4015.30,7,4015.20,5,4015.10,7,4015.00,9,4016.60,2,4016.70,1,4017.40,3,4017.50,6,4017.60,5,4017.70,5,4017.80,5,4017.90,5,4018.00,5,4018.10,6,Buy,6,4,10,2.00,5.00,1.00,1.70,88.2,4017.90,4018.00,4016.30,4016.40,21,29,50,-8.00,-5.00,-17.00,1.70,52.9,27,27,1.1250,1.5000,-80.00,194.00,4024.35,-0.7038,DOWN,53.95,0.9268,1.8193
20260728 231829 942,4016.40,1,4016.00,4016.40,0.40,4016.20,2,4016.10,3,4016.00,2,4015.70,2,4015.60,1,4015.50,1,4015.40,6,4015.30,6,4015.20,5,4015.10,7,4016.60,1,4016.70,2,4017.30,3,4017.40,6,4017.50,8,4017.60,6,4017.70,5,4017.80,5,4017.90,5,4018.00,5,Buy,7,4,11,3.00,5.00,1.00,1.70,88.2,4017.90,4018.00,4016.30,4016.40,21,29,50,-8.00,-5.00,-17.00,1.70,52.9,27,27,1.1250,0.6667,-79.00,195.00,4024.35,-0.7038,DOWN,53.95,0.9268,1.8193
20260728 231829 942,4016.40,1,4016.00,4016.40,0.40,4016.20,2,4016.10,3,4016.00,2,4015.70,2,4015.60,1,4015.50,1,4015.40,6,4015.30,6,4015.20,5,4015.10,7,4016.60,1,4016.70,2,4017.30,3,4017.40,6,4017.50,8,4017.60,6,4017.70,5,4017.80,5,4017.90,5,4018.00,5,Buy,8,4,12,4.00,5.00,1.00,1.70,88.2,4017.90,4018.00,4016.30,4016.40,21,29,50,-8.00,-5.00,-17.00,1.70,52.9,27,27,1.1250,0.2500,-78.00,196.00,4024.35,-0.7038,DOWN,53.95,0.9268,1.8193
20260728 231829 942,4016.40,1,4016.00,4016.40,0.40,4016.20,2,4016.10,3,4016.00,2,4015.70,2,4015.60,1,4015.50,1,4015.40,6,4015.30,6,4015.20,5,4015.10,7,4016.60,1,4016.70,2,4017.30,3,4017.40,6,4017.50,8,4017.60,6,4017.70,5,4017.80,5,4017.90,5,4018.00,5,Buy,9,4,13,5.00,5.00,1.00,1.70,88.2,4017.90,4018.00,4016.30,4016.40,21,29,50,-8.00,-5.00,-17.00,1.70,52.9,27,27,1.1250,0.0000,-77.00,197.00,4024.35,-0.7038,DOWN,53.95,0.9268,1.8193
20260728 231831 060,4016.40,1,4016.30,4016.80,0.50,4016.30,3,4016.20,3,4016.00,2,4015.70,2,4015.60,1,4015.50,7,4015.40,6,4015.30,6,4015.20,5,4015.10,7,4016.80,2,4016.90,3,4017.40,1,4017.50,2,4017.60,6,4017.70,5,4017.80,5,4017.90,5,4018.00,5,4018.10,6,Sell,9,5,14,4.00,5.00,1.00,1.70,88.2,4017.90,4018.00,4016.30,4016.40,21,29,50,-8.00,-5.00,-17.00,1.70,52.9,27,27,1.1250,0.2500,-78.00,196.00,4024.35,-0.7038,DOWN,53.95,0.9268,1.8193
20260728 231833 022,4016.20,1,4016.20,4016.70,0.50,4016.20,4,4016.10,2,4016.00,2,4015.70,1,4015.60,1,4015.50,2,4015.40,6,4015.30,6,4015.20,5,4015.10,7,4016.70,2,4016.80,2,4017.40,1,4017.50,6,4017.60,5,4017.70,5,4017.80,5,4017.90,5,4018.00,5,4018.10,6,Sell,9,6,15,3.00,5.00,1.00,1.80,94.4,4017.90,4018.00,4016.20,4016.20,21,29,50,-8.00,-5.00,-17.00,1.70,52.9,27,27,1.1250,0.6667,-79.00,195.00,4024.34,-0.7102,DOWN,53.95,0.9268,1.8265
20260728 231833 022,4016.20,1,4016.20,4016.70,0.50,4016.20,4,4016.10,2,4016.00,2,4015.70,1,4015.60,1,4015.50,2,4015.40,6,4015.30,6,4015.20,5,4015.10,7,4016.70,2,4016.80,2,4017.40,1,4017.50,6,4017.60,5,4017.70,5,4017.80,5,4017.90,5,4018.00,5,4018.10,6,Sell,9,7,16,2.00,5.00,1.00,1.80,94.4,4017.90,4018.00,4016.20,4016.20,21,29,50,-8.00,-5.00,-17.00,1.70,52.9,27,27,1.1250,1.5000,-80.00,194.00,4024.34,-0.7102,DOWN,53.95,0.9268,1.8265
20260728 231833 022,4016.10,1,4016.20,4016.70,0.50,4016.20,4,4016.10,2,4016.00,2,4015.70,1,4015.60,1,4015.50,2,4015.40,6,4015.30,6,4015.20,5,4015.10,7,4016.70,2,4016.80,2,4017.40,1,4017.50,6,4017.60,5,4017.70,5,4017.80,5,4017.90,5,4018.00,5,4018.10,6,Sell,9,8,17,1.00,5.00,1.00,1.90,94.7,4017.90,4018.00,4016.10,4016.10,21,29,50,-8.00,-5.00,-17.00,1.70,52.9,27,27,1.1250,4.0000,-81.00,193.00,4024.33,-0.7134,DOWN,53.95,0.9268,1.8336
20260728 231833 022,4016.10,1,4016.20,4016.70,0.50,4016.20,4,4016.10,2,4016.00,2,4015.70,1,4015.60,1,4015.50,2,4015.40,6,4015.30,6,4015.20,5,4015.10,7,4016.70,2,4016.80,2,4017.40,1,4017.50,6,4017.60,5,4017.70,5,4017.80,5,4017.90,5,4018.00,5,4018.10,6,Sell,9,9,18,0.00,5.00,0.00,1.90,94.7,4017.90,4018.00,4016.10,4016.10,21,29,50,-8.00,-5.00,-17.00,1.70,52.9,27,27,1.1250,5.0000,-82.00,192.00,4024.33,-0.7134,DOWN,53.95,0.9268,1.8336
20260728 231835 461,4016.30,1,4016.20,4016.70,0.50,4016.20,3,4016.10,2,4016.00,2,4015.70,2,4015.60,1,4015.50,2,4015.40,6,4015.30,6,4015.20,5,4015.10,7,4016.70,2,4016.80,2,4017.40,1,4017.50,3,4017.60,5,4017.70,6,4017.80,5,4017.90,5,4018.00,5,4018.10,6,Sell,9,10,19,-1.00,5.00,-1.00,1.90,84.2,4017.90,4018.00,4016.10,4016.30,21,29,50,-8.00,-5.00,-17.00,1.70,52.9,27,27,1.1250,0.0000,-83.00,191.00,4024.35,-0.7070,DOWN,53.95,0.9268,1.8336
20260728 231835 461,4016.20,1,4016.20,4016.70,0.50,4016.20,3,4016.10,2,4016.00,2,4015.70,2,4015.60,1,4015.50,2,4015.40,6,4015.30,6,4015.20,5,4015.10,7,4016.70,2,4016.80,2,4017.40,1,4017.50,3,4017.60,5,4017.70,6,4017.80,5,4017.90,5,4018.00,5,4018.10,6,Sell,9,11,20,-2.00,5.00,-2.00,1.90,89.5,4017.90,4018.00,4016.10,4016.20,21,29,50,-8.00,-5.00,-17.00,1.70,52.9,27,27,1.1250,0.0000,-84.00,190.00,4024.34,-0.7102,DOWN,53.95,0.9268,1.8336
20260728 231838 330,4016.00,1,4015.90,4016.00,0.10,4015.90,4,4015.80,2,4015.70,1,4015.60,1,4015.50,1,4015.40,1,4015.30,1,4015.20,6,4015.10,7,4015.00,9,4016.00,98,4016.50,2,4016.60,5,4017.20,3,4017.30,5,4017.40,2,4017.50,8,4017.60,5,4017.70,5,4017.80,5,Sell,9,12,21,-3.00,5.00,-3.00,2.00,95.0,4017.90,4018.00,4016.00,4016.00,21,29,50,-8.00,-5.00,-17.00,1.70,52.9,27,27,1.1250,0.0000,-85.00,189.00,4024.32,-0.7165,DOWN,53.95,0.9268,1.8408
20260728 231838 330,4016.00,1,4015.90,4016.00,0.10,4015.90,4,4015.80,2,4015.70,1,4015.60,1,4015.50,1,4015.40,1,4015.30,1,4015.20,6,4015.10,7,4015.00,9,4016.00,98,4016.50,2,4016.60,5,4017.20,3,4017.30,5,4017.40,2,4017.50,8,4017.60,5,4017.70,5,4017.80,5,Sell,9,13,22,-4.00,5.00,-4.00,2.00,95.0,4017.90,4018.00,4016.00,4016.00,21,29,50,-8.00,-5.00,-17.00,1.70,52.9,27,27,1.1250,0.0000,-86.00,188.00,4024.32,-0.7165,DOWN,53.95,0.9268,1.8408
20260728 231838 331,4015.90,1,4015.90,4016.00,0.10,4015.90,4,4015.80,2,4015.70,1,4015.60,1,4015.50,1,4015.40,1,4015.30,1,4015.20,6,4015.10,7,4015.00,9,4016.00,98,4016.50,2,4016.60,5,4017.20,3,4017.30,5,4017.40,2,4017.50,8,4017.60,5,4017.70,5,4017.80,5,Sell,9,14,23,-5.00,5.00,-5.00,2.10,95.2,4017.90,4018.00,4015.90,4015.90,21,29,50,-8.00,-5.00,-17.00,1.70,52.9,27,27,1.1250,0.0000,-87.00,187.00,4024.31,-0.7197,DOWN,53.95,0.9268,1.8479
20260728 231838 435,4015.80,1,4015.70,4016.00,0.30,4015.70,4,4015.60,7,4015.50,1,4015.40,1,4015.30,1,4015.20,5,4015.10,7,4015.00,9,4014.90,5,4014.80,5,4016.00,98,4016.20,1,4016.30,2,4017.10,1,4017.20,5,4017.30,5,4017.40,1,4017.50,6,4017.60,5,4017.70,5,Sell,9,15,24,-6.00,5.00,-6.00,2.20,95.5,4017.90,4018.00,4015.80,4015.80,21,29,50,-8.00,-5.00,-17.00,1.70,52.9,27,27,1.1250,0.0000,-88.00,186.00,4024.30,-0.7229,DOWN,53.95,0.9268,1.8551
20260728 231839 625,4015.70,1,4015.80,4016.00,0.20,4015.80,1,4015.70,2,4015.50,2,4015.40,1,4015.30,1,4015.10,2,4015.00,9,4014.90,5,4014.80,5,4014.70,5,4016.00,79,4016.20,2,4016.30,2,4017.00,6,4017.10,5,4017.20,5,4017.30,5,4017.40,6,4017.50,6,4017.60,5,Sell,9,16,25,-7.00,5.00,-7.00,2.30,95.7,4017.90,4018.00,4015.70,4015.70,21,29,50,-8.00,-5.00,-17.00,1.70,52.9,27,27,1.1250,0.0000,-89.00,185.00,4024.29,-0.7261,DOWN,53.95,0.9268,1.8622
20260728 231839 625,4015.70,1,4015.80,4016.00,0.20,4015.80,1,4015.70,2,4015.50,2,4015.40,1,4015.30,1,4015.10,2,4015.00,9,4014.90,5,4014.80,5,4014.70,5,4016.00,79,4016.20,2,4016.30,2,4017.00,6,4017.10,5,4017.20,5,4017.30,5,4017.40,6,4017.50,6,4017.60,5,Sell,9,17,26,-8.00,5.00,-8.00,2.30,95.7,4017.90,4018.00,4015.70,4015.70,21,29,50,-8.00,-5.00,-17.00,1.70,52.9,27,27,1.1250,0.0000,-90.00,184.00,4024.29,-0.7261,DOWN,53.95,0.9268,1.8622
20260728 231839 625,4015.60,1,4015.80,4016.00,0.20,4015.80,1,4015.70,2,4015.50,2,4015.40,1,4015.30,1,4015.10,2,4015.00,9,4014.90,5,4014.80,5,4014.70,5,4016.00,79,4016.20,2,4016.30,2,4017.00,6,4017.10,5,4017.20,5,4017.30,5,4017.40,6,4017.50,6,4017.60,5,Sell,9,18,27,-9.00,5.00,-9.00,2.40,95.8,4017.90,4018.00,4015.60,4015.60,21,29,50,-8.00,-5.00,-17.00,1.70,52.9,27,27,1.1250,0.0000,-91.00,183.00,4024.28,-0.7292,DOWN,53.95,0.9268,1.8693
20260728 231839 647,4016.00,19,4015.80,4016.00,0.20,4015.80,1,4015.70,2,4015.50,2,4015.40,1,4015.30,1,4015.10,2,4015.00,9,4014.90,5,4014.80,5,4014.70,5,4016.00,79,4016.20,2,4016.30,2,4017.00,6,4017.10,5,4017.20,5,4017.30,5,4017.40,6,4017.50,6,4017.60,5,Buy,28,18,46,10.00,10.00,-9.00,2.40,79.2,4017.90,4018.00,4015.60,4016.00,21,29,50,-8.00,-5.00,-17.00,1.70,52.9,27,27,1.1250,0.0000,-72.00,202.00,4024.32,-0.7165,DOWN,53.95,0.9268,1.8693
20260728 231839 723,4016.00,12,4015.80,4016.00,0.20,4015.80,1,4015.70,2,4015.50,1,4015.40,1,4015.30,1,4015.10,2,4015.00,9,4014.90,5,4014.80,5,4014.70,5,4016.00,67,4016.20,2,4016.30,2,4017.00,6,4017.10,5,4017.20,5,4017.30,5,4017.40,6,4017.50,6,4017.60,5,Buy,40,18,58,22.00,22.00,-9.00,2.40,79.2,4017.90,4018.00,4015.60,4016.00,21,29,50,-8.00,-5.00,-17.00,1.70,52.9,27,27,1.1250,0.0000,-60.00,214.00,4024.32,-0.7165,DOWN,53.95,0.9268,1.8693
20260728 231842 983,4016.00,7,4015.90,4016.00,0.10,4015.90,1,4015.80,2,4015.50,2,4015.40,1,4015.30,1,4015.10,2,4015.00,9,4014.90,5,4014.80,5,4014.70,5,4016.00,58,4016.40,3,4016.50,1,4017.00,5,4017.10,5,4017.20,5,4017.30,5,4017.40,6,4017.50,6,4017.60,5,Buy,47,18,65,29.00,29.00,-9.00,2.40,79.2,4017.90,4018.00,4015.60,4016.00,21,29,50,-8.00,-5.00,-17.00,1.70,52.9,27,27,1.1250,0.0000,-53.00,221.00,4024.32,-0.7165,DOWN,53.95,0.9268,1.8693
20260728 231842 984,4016.00,2,4015.90,4016.00,0.10,4015.90,1,4015.80,2,4015.50,2,4015.40,1,4015.30,1,4015.10,2,4015.00,9,4014.90,5,4014.80,5,4014.70,5,4016.00,58,4016.40,3,4016.50,1,4017.00,5,4017.10,5,4017.20,5,4017.30,5,4017.40,6,4017.50,6,4017.60,5,Buy,49,18,67,31.00,31.00,-9.00,2.40,79.2,4017.90,4018.00,4015.60,4016.00,21,29,50,-8.00,-5.00,-17.00,1.70,52.9,27,27,1.1250,0.0000,-51.00,223.00,4024.32,-0.7165,DOWN,53.95,0.9268,1.8693
20260728 231843 481,4016.00,1,4015.80,4016.00,0.20,4015.80,2,4015.70,2,4015.50,1,4015.40,1,4015.30,1,4015.10,2,4015.00,9,4014.90,5,4014.80,5,4014.70,5,4016.00,57,4016.30,1,4016.40,3,4017.00,5,4017.10,5,4017.20,5,4017.30,5,4017.40,6,4017.50,6,4017.60,5,Buy,50,18,68,32.00,32.00,-9.00,2.40,79.2,4017.90,4018.00,4015.60,4016.00,21,29,50,-8.00,-5.00,-17.00,1.70,52.9,27,27,1.1250,0.0000,-50.00,224.00,4024.32,-0.7165,DOWN,53.95,0.9268,1.8693
20260728 231845 027,4015.80,1,4015.70,4016.00,0.30,4015.70,1,4015.50,1,4015.40,6,4015.30,1,4015.10,2,4015.00,9,4014.90,5,4014.80,5,4014.70,6,4014.60,5,4016.00,57,4016.10,1,4016.20,4,4017.00,5,4017.10,6,4017.20,5,4017.30,5,4017.40,6,4017.50,6,4017.60,5,Sell,50,19,69,31.00,32.00,-9.00,2.40,87.5,4017.90,4018.00,4015.60,4015.80,21,29,50,-8.00,-5.00,-17.00,1.70,52.9,27,27,1.1250,0.0323,-51.00,223.00,4024.30,-0.7229,DOWN,53.95,0.9268,1.8693
20260728 231845 027,4015.70,1,4015.70,4016.00,0.30,4015.70,1,4015.50,1,4015.40,6,4015.30,1,4015.10,2,4015.00,9,4014.90,5,4014.80,5,4014.70,6,4014.60,5,4016.00,57,4016.10,1,4016.20,4,4017.00,5,4017.10,6,4017.20,5,4017.30,5,4017.40,6,4017.50,6,4017.60,5,Sell,50,20,70,30.00,32.00,-9.00,2.40,91.7,4017.90,4018.00,4015.60,4015.70,21,29,50,-8.00,-5.00,-17.00,1.70,52.9,27,27,1.1250,0.0667,-52.00,222.00,4024.29,-0.7261,DOWN,53.95,0.9268,1.8693
20260728 231845 027,4015.60,1,4015.70,4016.00,0.30,4015.70,1,4015.50,1,4015.40,6,4015.30,1,4015.10,2,4015.00,9,4014.90,5,4014.80,5,4014.70,6,4014.60,5,4016.00,57,4016.10,1,4016.20,4,4017.00,5,4017.10,6,4017.20,5,4017.30,5,4017.40,6,4017.50,6,4017.60,5,Sell,50,21,71,29.00,32.00,-9.00,2.40,95.8,4017.90,4018.00,4015.60,4015.60,21,29,50,-8.00,-5.00,-17.00,1.70,52.9,27,27,1.1250,0.1034,-53.00,221.00,4024.28,-0.7292,DOWN,53.95,0.9268,1.8693
20260728 231847 273,4015.50,1,4015.50,4015.80,0.30,4015.40,1,4015.30,1,4015.20,2,4015.10,6,4015.00,4,4014.60,5,4014.50,7,4014.40,7,4014.30,5,4014.20,7,4015.70,2,4015.80,1,4016.00,57,4016.60,5,4016.70,5,4016.80,5,4016.90,5,4017.00,5,4017.10,5,4017.20,5,Sell,50,22,72,28.00,32.00,-9.00,2.50,96.0,4017.90,4018.00,4015.50,4015.50,21,29,50,-8.00,-5.00,-17.00,1.70,52.9,27,27,1.1250,0.1429,-54.00,220.00,4024.27,-0.7324,DOWN,53.95,0.9268,1.8765
20260728 231847 461,4015.40,1,4015.40,4015.90,0.50,4015.40,2,4015.30,5,4015.10,2,4015.00,4,4014.70,5,4014.60,5,4014.50,7,4014.40,7,4014.30,5,4014.20,7,4015.90,1,4016.00,60,4016.60,5,4016.70,5,4016.80,5,4016.90,5,4017.00,5,4017.10,5,4017.20,5,4017.30,5,Sell,50,23,73,27.00,32.00,-9.00,2.60,96.2,4017.90,4018.00,4015.40,4015.40,21,29,50,-8.00,-5.00,-17.00,1.70,52.9,27,27,1.1250,0.1852,-55.00,219.00,4024.26,-0.7356,DOWN,53.95,0.9268,1.8836
20260728 231848 012,4015.50,1,4015.50,4015.90,0.40,4015.40,1,4015.30,4,4015.10,2,4015.00,4,4014.70,5,4014.60,5,4014.50,7,4014.40,7,4014.30,5,4014.20,7,4015.90,3,4016.00,58,4016.60,5,4016.70,5,4016.80,5,4016.90,5,4017.00,5,4017.10,6,4017.20,5,4017.30,5,Sell,50,24,74,26.00,32.00,-9.00,2.60,92.3,4017.90,4018.00,4015.40,4015.50,21,29,50,-8.00,-5.00,-17.00,1.70,52.9,27,27,1.1250,0.2308,-56.00,218.00,4024.27,-0.7324,DOWN,53.95,0.9268,1.8836
20260728 231848 012,4015.40,1,4015.50,4015.90,0.40,4015.40,1,4015.30,4,4015.10,2,4015.00,4,4014.70,5,4014.60,5,4014.50,7,4014.40,7,4014.30,5,4014.20,7,4015.90,3,4016.00,58,4016.60,5,4016.70,5,4016.80,5,4016.90,5,4017.00,5,4017.10,6,4017.20,5,4017.30,5,Sell,50,25,75,25.00,32.00,-9.00,2.60,96.2,4017.90,4018.00,4015.40,4015.40,21,29,50,-8.00,-5.00,-17.00,1.70,52.9,27,27,1.1250,0.2800,-57.00,217.00,4024.26,-0.7356,DOWN,53.95,0.9268,1.8836
20260728 231850 087,4015.40,1,4015.40,4015.90,0.50,4015.40,1,4015.30,4,4015.10,2,4015.00,4,4014.70,5,4014.60,5,4014.50,7,4014.40,6,4014.30,5,4014.20,7,4015.90,4,4016.00,59,4016.60,7,4016.70,5,4016.80,5,4016.90,5,4017.00,5,4017.10,5,4017.20,5,4017.30,5,Sell,50,26,76,24.00,32.00,-9.00,2.60,96.2,4017.90,4018.00,4015.40,4015.40,21,29,50,-8.00,-5.00,-17.00,1.70,52.9,27,27,1.1250,0.3333,-58.00,216.00,4024.26,-0.7356,DOWN,53.95,0.9268,1.8836
20260728 231851 986,4015.30,1,4015.30,4015.80,0.50,4015.30,2,4015.20,6,4015.10,3,4015.00,4,4014.60,5,4014.50,7,4014.40,6,4014.30,5,4014.20,7,4014.10,7,4015.80,2,4015.90,2,4016.00,57,4016.50,5,4016.60,7,4016.70,5,4016.80,5,4016.90,5,4017.00,5,4017.10,5,Sell,50,27,77,23.00,32.00,-9.00,2.70,96.3,4017.90,4018.00,4015.30,4015.30,21,29,50,-8.00,-5.00,-17.00,1.70,52.9,27,27,1.1250,0.3913,-59.00,215.00,4024.25,-0.7388,DOWN,53.95,0.9268,1.8908
20260728 231852 777,4015.20,2,4015.20,4015.70,0.50,4015.20,1,4015.10,3,4015.00,5,4014.60,5,4014.50,7,4014.40,6,4014.30,6,4014.20,7,4014.10,6,4014.00,8,4015.70,2,4015.80,2,4015.90,3,4016.00,57,4016.40,2,4016.50,5,4016.60,5,4016.70,5,4016.80,5,4016.90,5,Sell,50,29,79,21.00,32.00,-9.00,2.80,96.4,4017.90,4018.00,4015.20,4015.20,21,29,50,-8.00,-5.00,-17.00,1.70,52.9,27,27,1.1250,0.5238,-61.00,213.00,4024.24,-0.7419,DOWN,53.95,0.9268,1.8979
20260728 231852 777,4015.30,1,4015.20,4015.70,0.50,4015.20,1,4015.10,3,4015.00,5,4014.60,5,4014.50,7,4014.40,6,4014.30,6,4014.20,7,4014.10,6,4014.00,8,4015.70,2,4015.80,2,4015.90,3,4016.00,57,4016.40,2,4016.50,5,4016.60,5,4016.70,5,4016.80,5,4016.90,5,Sell,50,30,80,20.00,32.00,-9.00,2.80,92.9,4017.90,4018.00,4015.20,4015.30,21,29,50,-8.00,-5.00,-17.00,1.70,52.9,27,27,1.1250,0.6000,-62.00,212.00,4024.25,-0.7388,DOWN,53.95,0.9268,1.8979
20260728 231852 777,4015.20,1,4015.20,4015.70,0.50,4015.20,1,4015.10,3,4015.00,5,4014.60,5,4014.50,7,4014.40,6,4014.30,6,4014.20,7,4014.10,6,4014.00,8,4015.70,2,4015.80,2,4015.90,3,4016.00,57,4016.40,2,4016.50,5,4016.60,5,4016.70,5,4016.80,5,4016.90,5,Sell,50,31,81,19.00,32.00,-9.00,2.80,96.4,4017.90,4018.00,4015.20,4015.20,21,29,50,-8.00,-5.00,-17.00,1.70,52.9,27,27,1.1250,0.6842,-63.00,211.00,4024.24,-0.7419,DOWN,53.95,0.9268,1.8979
20260728 231852 777,4015.20,1,4015.20,4015.70,0.50,4015.20,1,4015.10,3,4015.00,5,4014.60,5,4014.50,7,4014.40,6,4014.30,6,4014.20,7,4014.10,6,4014.00,8,4015.70,2,4015.80,2,4015.90,3,4016.00,57,4016.40,2,4016.50,5,4016.60,5,4016.70,5,4016.80,5,4016.90,5,Sell,50,32,82,18.00,32.00,-9.00,2.80,96.4,4017.90,4018.00,4015.20,4015.20,21,29,50,-8.00,-5.00,-17.00,1.70,52.9,27,27,1.1250,0.7778,-64.00,210.00,4024.24,-0.7419,DOWN,53.95,0.9268,1.8979
20260728 231852 777,4015.10,1,4015.20,4015.70,0.50,4015.20,1,4015.10,3,4015.00,5,4014.60,5,4014.50,7,4014.40,6,4014.30,6,4014.20,7,4014.10,6,4014.00,8,4015.70,2,4015.80,2,4015.90,3,4016.00,57,4016.40,2,4016.50,5,4016.60,5,4016.70,5,4016.80,5,4016.90,5,Sell,50,33,83,17.00,32.00,-9.00,2.90,96.6,4017.90,4018.00,4015.10,4015.10,21,29,50,-8.00,-5.00,-17.00,1.70,52.9,27,27,1.1250,0.8824,-65.00,209.00,4024.23,-0.7451,DOWN,53.95,0.9268,1.9051
20260728 231852 777,4015.10,1,4015.20,4015.70,0.50,4015.20,1,4015.10,3,4015.00,5,4014.60,5,4014.50,7,4014.40,6,4014.30,6,4014.20,7,4014.10,6,4014.00,8,4015.70,2,4015.80,2,4015.90,3,4016.00,57,4016.40,2,4016.50,5,4016.60,5,4016.70,5,4016.80,5,4016.90,5,Sell,50,34,84,16.00,32.00,-9.00,2.90,96.6,4017.90,4018.00,4015.10,4015.10,21,29,50,-8.00,-5.00,-17.00,1.70,52.9,27,27,1.1250,1.0000,-66.00,208.00,4024.23,-0.7451,DOWN,53.95,0.9268,1.9051
20260728 231852 777,4015.10,1,4015.20,4015.70,0.50,4015.20,1,4015.10,3,4015.00,5,4014.60,5,4014.50,7,4014.40,6,4014.30,6,4014.20,7,4014.10,6,4014.00,8,4015.70,2,4015.80,2,4015.90,3,4016.00,57,4016.40,2,4016.50,5,4016.60,5,4016.70,5,4016.80,5,4016.90,5,Sell,50,35,85,15.00,32.00,-9.00,2.90,96.6,4017.90,4018.00,4015.10,4015.10,21,29,50,-8.00,-5.00,-17.00,1.70,52.9,27,27,1.1250,1.1333,-67.00,207.00,4024.23,-0.7451,DOWN,53.95,0.9268,1.9051
20260728 231852 777,4015.10,1,4015.20,4015.70,0.50,4015.20,1,4015.10,3,4015.00,5,4014.60,5,4014.50,7,4014.40,6,4014.30,6,4014.20,7,4014.10,6,4014.00,8,4015.70,2,4015.80,2,4015.90,3,4016.00,57,4016.40,2,4016.50,5,4016.60,5,4016.70,5,4016.80,5,4016.90,5,Sell,50,36,86,14.00,32.00,-9.00,2.90,96.6,4017.90,4018.00,4015.10,4015.10,21,29,50,-8.00,-5.00,-17.00,1.70,52.9,27,27,1.1250,1.2857,-68.00,206.00,4024.23,-0.7451,DOWN,53.95,0.9268,1.9051
20260728 231852 942,4015.20,1,4015.20,4015.70,0.50,4015.20,1,4015.10,4,4015.00,5,4014.60,5,4014.50,7,4014.40,6,4014.30,5,4014.20,8,4014.10,6,4014.00,8,4015.70,4,4015.80,3,4015.90,3,4016.00,57,4016.40,2,4016.50,6,4016.60,5,4016.70,5,4016.80,5,4016.90,5,Sell,50,37,87,13.00,32.00,-9.00,2.90,93.1,4017.90,4018.00,4015.10,4015.20,21,29,50,-8.00,-5.00,-17.00,1.70,52.9,27,27,1.1250,1.4615,-69.00,205.00,4024.24,-0.7419,DOWN,53.95,0.9268,1.9051
20260728 231852 942,4015.10,1,4015.20,4015.70,0.50,4015.20,1,4015.10,4,4015.00,5,4014.60,5,4014.50,7,4014.40,6,4014.30,5,4014.20,8,4014.10,6,4014.00,8,4015.70,4,4015.80,3,4015.90,3,4016.00,57,4016.40,2,4016.50,6,4016.60,5,4016.70,5,4016.80,5,4016.90,5,Sell,50,38,88,12.00,32.00,-9.00,2.90,96.6,4017.90,4018.00,4015.10,4015.10,21,29,50,-8.00,-5.00,-17.00,1.70,52.9,27,27,1.1250,1.6667,-70.00,204.00,4024.23,-0.7451,DOWN,53.95,0.9268,1.9051
20260728 231856 587,4015.40,1,4015.40,4015.70,0.30,4015.20,2,4015.00,10,4014.60,5,4014.50,7,4014.40,6,4014.30,5,4014.20,8,4014.10,6,4014.00,8,4013.90,5,4015.70,3,4015.80,4,4015.90,2,4016.00,57,4016.40,2,4016.50,6,4016.60,5,4016.70,5,4016.80,5,4016.90,5,Sell,50,39,89,11.00,32.00,-9.00,2.90,86.2,4017.90,4018.00,4015.10,4015.40,21,29,50,-8.00,-5.00,-17.00,1.70,52.9,27,27,1.1250,1.9091,-71.00,203.00,4024.26,-0.7356,DOWN,53.95,0.9268,1.9051
20260728 231858 601,4015.20,1,4015.30,4015.80,0.50,4015.30,2,4015.20,3,4015.10,1,4015.00,5,4014.60,5,4014.50,7,4014.40,6,4014.30,6,4014.20,7,4014.10,6,4015.80,3,4015.90,3,4016.00,57,4016.40,2,4016.50,5,4016.60,5,4016.70,5,4016.80,5,4016.90,5,4017.00,5,Sell,50,40,90,10.00,32.00,-9.00,2.90,93.1,4017.90,4018.00,4015.10,4015.20,21,29,50,-8.00,-5.00,-17.00,1.70,52.9,27,27,1.1250,2.2000,-72.00,202.00,4024.24,-0.7419,DOWN,53.95,0.9268,1.9051
20260728 231858 601,4015.20,1,4015.30,4015.80,0.50,4015.30,2,4015.20,3,4015.10,1,4015.00,5,4014.60,5,4014.50,7,4014.40,6,4014.30,6,4014.20,7,4014.10,6,4015.80,3,4015.90,3,4016.00,57,4016.40,2,4016.50,5,4016.60,5,4016.70,5,4016.80,5,4016.90,5,4017.00,5,Sell,50,41,91,9.00,32.00,-9.00,2.90,93.1,4017.90,4018.00,4015.10,4015.20,21,29,50,-8.00,-5.00,-17.00,1.70,52.9,27,27,1.1250,2.5556,-73.00,201.00,4024.24,-0.7419,DOWN,53.95,0.9268,1.9051
20260728 231903 023,4015.40,1,4015.30,4015.40,0.10,4015.30,2,4015.20,2,4015.00,5,4014.60,5,4014.50,7,4014.40,6,4014.30,5,4014.20,7,4014.10,6,4014.00,8,4015.80,4,4015.90,1,4016.00,57,4016.40,2,4016.50,5,4016.60,5,4016.70,5,4016.80,5,4016.90,5,4017.00,5,Buy,1,0,1,1.00,1.00,1.00,0.00,0.0,4015.40,4015.40,4015.40,4015.40,50,41,91,9.00,32.00,-9.00,2.90,93.1,15,120,2.5556,0.0000,-70.00,97.00,4024.26,-0.7356,DOWN,57.00,1.5965,1.7833
20260728 231904 184,4015.10,1,4015.20,4015.70,0.50,4015.20,2,4015.10,6,4015.00,5,4014.60,5,4014.50,7,4014.40,6,4014.30,5,4014.20,7,4014.10,6,4014.00,9,4015.70,2,4015.80,4,4015.90,1,4016.00,57,4016.40,2,4016.50,5,4016.60,5,4016.70,5,4016.80,5,4016.90,5,Sell,1,1,2,0.00,1.00,0.00,0.30,100.0,4015.40,4015.40,4015.10,4015.10,50,41,91,9.00,32.00,-9.00,2.90,93.1,15,120,2.5556,1.0000,-71.00,96.00,4024.23,-0.7451,DOWN,57.00,1.5965,1.7904
20260728 231912 986,4015.20,1,4015.20,4015.60,0.40,4015.10,2,4015.00,10,4014.60,5,4014.50,7,4014.40,6,4014.30,5,4014.20,7,4014.10,7,4014.00,8,4013.90,5,4015.60,2,4015.70,2,4015.80,2,4015.90,1,4016.00,57,4016.40,2,4016.50,5,4016.60,5,4016.70,5,4016.80,5,Sell,1,2,3,-1.00,1.00,-1.00,0.30,66.7,4015.40,4015.40,4015.10,4015.20,50,41,91,9.00,32.00,-9.00,2.90,93.1,15,120,2.5556,0.0000,-72.00,95.00,4024.24,-0.7419,DOWN,57.00,1.5965,1.7904
20260728 231915 015,4015.00,1,4014.90,4015.20,0.30,4014.90,1,4014.80,3,4014.70,2,4014.50,2,4014.40,5,4014.30,5,4014.20,7,4014.10,6,4014.00,8,4013.90,5,4015.20,1,4015.40,5,4015.80,2,4016.00,57,4016.30,5,4016.40,5,4016.50,5,4016.60,5,4016.70,5,4016.80,5,Sell,1,3,4,-2.00,1.00,-2.00,0.40,100.0,4015.40,4015.40,4015.00,4015.00,50,41,91,9.00,32.00,-9.00,2.90,93.1,15,120,2.5556,0.0000,-73.00,94.00,4024.22,-0.7483,DOWN,57.00,1.5965,1.7976
20260728 231915 015,4015.00,1,4014.90,4015.20,0.30,4014.90,1,4014.80,3,4014.70,2,4014.50,2,4014.40,5,4014.30,5,4014.20,7,4014.10,6,4014.00,8,4013.90,5,4015.20,1,4015.40,5,4015.80,2,4016.00,57,4016.30,5,4016.40,5,4016.50,5,4016.60,5,4016.70,5,4016.80,5,Sell,1,4,5,-3.00,1.00,-3.00,0.40,100.0,4015.40,4015.40,4015.00,4015.00,50,41,91,9.00,32.00,-9.00,2.90,93.1,15,120,2.5556,0.0000,-74.00,93.00,4024.22,-0.7483,DOWN,57.00,1.5965,1.7976
20260728 231915 015,4015.00,1,4014.90,4015.20,0.30,4014.90,1,4014.80,3,4014.70,2,4014.50,2,4014.40,5,4014.30,5,4014.20,7,4014.10,6,4014.00,8,4013.90,5,4015.20,1,4015.40,5,4015.80,2,4016.00,57,4016.30,5,4016.40,5,4016.50,5,4016.60,5,4016.70,5,4016.80,5,Sell,1,5,6,-4.00,1.00,-4.00,0.40,100.0,4015.40,4015.40,4015.00,4015.00,50,41,91,9.00,32.00,-9.00,2.90,93.1,15,120,2.5556,0.0000,-75.00,92.00,4024.22,-0.7483,DOWN,57.00,1.5965,1.7976
20260728 231915 015,4015.00,1,4014.90,4015.20,0.30,4014.90,1,4014.80,3,4014.70,2,4014.50,2,4014.40,5,4014.30,5,4014.20,7,4014.10,6,4014.00,8,4013.90,5,4015.20,1,4015.40,5,4015.80,2,4016.00,57,4016.30,5,4016.40,5,4016.50,5,4016.60,5,4016.70,5,4016.80,5,Sell,1,6,7,-5.00,1.00,-5.00,0.40,100.0,4015.40,4015.40,4015.00,4015.00,50,41,91,9.00,32.00,-9.00,2.90,93.1,15,120,2.5556,0.0000,-76.00,91.00,4024.22,-0.7483,DOWN,57.00,1.5965,1.7976
20260728 231915 015,4014.90,2,4014.90,4015.20,0.30,4014.90,1,4014.80,3,4014.70,2,4014.50,2,4014.40,5,4014.30,5,4014.20,7,4014.10,6,4014.00,8,4013.90,5,4015.20,1,4015.40,5,4015.80,2,4016.00,57,4016.30,5,4016.40,5,4016.50,5,4016.60,5,4016.70,5,4016.80,5,Sell,1,8,9,-7.00,1.00,-7.00,0.50,100.0,4015.40,4015.40,4014.90,4014.90,50,41,91,9.00,32.00,-9.00,2.90,93.1,15,120,2.5556,0.0000,-78.00,89.00,4024.21,-0.7515,DOWN,57.00,1.5965,1.8047
20260728 231915 015,4014.90,1,4014.90,4015.20,0.30,4014.90,1,4014.80,3,4014.70,2,4014.50,2,4014.40,5,4014.30,5,4014.20,7,4014.10,6,4014.00,8,4013.90,5,4015.20,1,4015.40,5,4015.80,2,4016.00,57,4016.30,5,4016.40,5,4016.50,5,4016.60,5,4016.70,5,4016.80,5,Sell,1,9,10,-8.00,1.00,-8.00,0.50,100.0,4015.40,4015.40,4014.90,4014.90,50,41,91,9.00,32.00,-9.00,2.90,93.1,15,120,2.5556,0.0000,-79.00,88.00,4024.21,-0.7515,DOWN,57.00,1.5965,1.8047
20260728 231915 015,4014.80,1,4014.90,4015.20,0.30,4014.90,1,4014.80,3,4014.70,2,4014.50,2,4014.40,5,4014.30,5,4014.20,7,4014.10,6,4014.00,8,4013.90,5,4015.20,1,4015.40,5,4015.80,2,4016.00,57,4016.30,5,4016.40,5,4016.50,5,4016.60,5,4016.70,5,4016.80,5,Sell,1,10,11,-9.00,1.00,-9.00,0.60,100.0,4015.40,4015.40,4014.80,4014.80,50,41,91,9.00,32.00,-9.00,2.90,93.1,15,120,2.5556,0.0000,-80.00,87.00,4024.20,-0.7546,DOWN,57.00,1.5965,1.8118
20260728 231915 015,4014.80,2,4014.90,4015.20,0.30,4014.90,1,4014.80,3,4014.70,2,4014.50,2,4014.40,5,4014.30,5,4014.20,7,4014.10,6,4014.00,8,4013.90,5,4015.20,1,4015.40,5,4015.80,2,4016.00,57,4016.30,5,4016.40,5,4016.50,5,4016.60,5,4016.70,5,4016.80,5,Sell,1,12,13,-11.00,1.00,-11.00,0.60,100.0,4015.40,4015.40,4014.80,4014.80,50,41,91,9.00,32.00,-9.00,2.90,93.1,15,120,2.5556,0.0000,-82.00,85.00,4024.20,-0.7546,DOWN,57.00,1.5965,1.8118
20260728 231915 015,4014.70,1,4014.90,4015.20,0.30,4014.90,1,4014.80,3,4014.70,2,4014.50,2,4014.40,5,4014.30,5,4014.20,7,4014.10,6,4014.00,8,4013.90,5,4015.20,1,4015.40,5,4015.80,2,4016.00,57,4016.30,5,4016.40,5,4016.50,5,4016.60,5,4016.70,5,4016.80,5,Sell,1,13,14,-12.00,1.00,-12.00,0.70,100.0,4015.40,4015.40,4014.70,4014.70,50,41,91,9.00,32.00,-9.00,2.90,93.1,15,120,2.5556,0.0000,-83.00,84.00,4024.19,-0.7578,DOWN,57.00,1.5965,1.8190
20260728 231915 015,4014.70,1,4014.90,4015.20,0.30,4014.90,1,4014.80,3,4014.70,2,4014.50,2,4014.40,5,4014.30,5,4014.20,7,4014.10,6,4014.00,8,4013.90,5,4015.20,1,4015.40,5,4015.80,2,4016.00,57,4016.30,5,4016.40,5,4016.50,5,4016.60,5,4016.70,5,4016.80,5,Sell,1,14,15,-13.00,1.00,-13.00,0.70,100.0,4015.40,4015.40,4014.70,4014.70,50,41,91,9.00,32.00,-9.00,2.90,93.1,15,120,2.5556,0.0000,-84.00,83.00,4024.19,-0.7578,DOWN,57.00,1.5965,1.8190
20260728 231915 015,4014.70,1,4014.90,4015.20,0.30,4014.90,1,4014.80,3,4014.70,2,4014.50,2,4014.40,5,4014.30,5,4014.20,7,4014.10,6,4014.00,8,4013.90,5,4015.20,1,4015.40,5,4015.80,2,4016.00,57,4016.30,5,4016.40,5,4016.50,5,4016.60,5,4016.70,5,4016.80,5,Sell,1,15,16,-14.00,1.00,-14.00,0.70,100.0,4015.40,4015.40,4014.70,4014.70,50,41,91,9.00,32.00,-9.00,2.90,93.1,15,120,2.5556,0.0000,-85.00,82.00,4024.19,-0.7578,DOWN,57.00,1.5965,1.8190
20260728 231919 928,4015.40,2,4015.10,4015.50,0.40,4015.10,1,4015.00,3,4014.90,2,4014.80,2,4014.70,2,4014.50,7,4014.40,6,4014.30,5,4014.20,7,4014.10,6,4015.50,1,4015.60,3,4015.70,1,4015.80,2,4015.90,1,4016.00,57,4016.30,5,4016.40,5,4016.50,5,4016.60,5,Buy,3,15,18,-12.00,1.00,-14.00,0.70,0.0,4015.40,4015.40,4014.70,4015.40,50,41,91,9.00,32.00,-9.00,2.90,93.1,15,120,2.5556,0.1667,-83.00,84.00,4024.26,-0.7356,DOWN,57.00,1.5965,1.8190
20260728 231921 247,4015.00,1,4014.80,4015.30,0.50,4014.80,2,4014.70,4,4014.50,7,4014.40,5,4014.30,5,4014.20,7,4014.10,6,4014.00,8,4013.90,5,4013.80,5,4015.30,2,4015.40,4,4015.70,2,4015.80,2,4015.90,1,4016.00,57,4016.30,5,4016.40,5,4016.50,5,4016.60,5,Sell,3,16,19,-13.00,1.00,-14.00,0.70,57.1,4015.40,4015.40,4014.70,4015.00,50,41,91,9.00,32.00,-9.00,2.90,93.1,15,120,2.5556,0.0769,-84.00,83.00,4024.22,-0.7483,DOWN,57.00,1.5965,1.8190
20260728 231921 247,4014.90,1,4014.80,4015.30,0.50,4014.80,2,4014.70,4,4014.50,7,4014.40,5,4014.30,5,4014.20,7,4014.10,6,4014.00,8,4013.90,5,4013.80,5,4015.30,2,4015.40,4,4015.70,2,4015.80,2,4015.90,1,4016.00,57,4016.30,5,4016.40,5,4016.50,5,4016.60,5,Sell,3,17,20,-14.00,1.00,-14.00,0.70,71.4,4015.40,4015.40,4014.70,4014.90,50,41,91,9.00,32.00,-9.00,2.90,93.1,15,120,2.5556,0.0000,-85.00,82.00,4024.21,-0.7515,DOWN,57.00,1.5965,1.8190
20260728 231921 247,4014.80,1,4014.80,4015.30,0.50,4014.80,2,4014.70,4,4014.50,7,4014.40,5,4014.30,5,4014.20,7,4014.10,6,4014.00,8,4013.90,5,4013.80,5,4015.30,2,4015.40,4,4015.70,2,4015.80,2,4015.90,1,4016.00,57,4016.30,5,4016.40,5,4016.50,5,4016.60,5,Sell,3,18,21,-15.00,1.00,-15.00,0.70,85.7,4015.40,4015.40,4014.70,4014.80,50,41,91,9.00,32.00,-9.00,2.90,93.1,15,120,2.5556,0.0000,-86.00,81.00,4024.20,-0.7546,DOWN,57.00,1.5965,1.8190
20260728 231921 343,4014.80,1,4014.70,4015.20,0.50,4014.70,3,4014.60,5,4014.50,7,4014.40,5,4014.30,5,4014.20,7,4014.10,6,4014.00,8,4013.90,5,4013.80,5,4015.20,3,4015.30,1,4015.70,2,4015.80,2,4015.90,1,4016.00,57,4016.30,5,4016.40,5,4016.50,5,4016.60,5,Sell,3,19,22,-16.00,1.00,-16.00,0.70,85.7,4015.40,4015.40,4014.70,4014.80,50,41,91,9.00,32.00,-9.00,2.90,93.1,15,120,2.5556,0.0000,-87.00,80.00,4024.20,-0.7546,DOWN,57.00,1.5965,1.8190
20260728 231921 343,4014.80,1,4014.70,4015.20,0.50,4014.70,3,4014.60,5,4014.50,7,4014.40,5,4014.30,5,4014.20,7,4014.10,6,4014.00,8,4013.90,5,4013.80,5,4015.20,3,4015.30,1,4015.70,2,4015.80,2,4015.90,1,4016.00,57,4016.30,5,4016.40,5,4016.50,5,4016.60,5,Sell,3,20,23,-17.00,1.00,-17.00,0.70,85.7,4015.40,4015.40,4014.70,4014.80,50,41,91,9.00,32.00,-9.00,2.90,93.1,15,120,2.5556,0.0000,-88.00,79.00,4024.20,-0.7546,DOWN,57.00,1.5965,1.8190
20260728 231922 486,4015.20,1,4014.90,4015.30,0.40,4014.90,2,4014.80,4,4014.70,1,4014.50,7,4014.40,5,4014.30,5,4014.20,7,4014.10,6,4014.00,8,4013.90,5,4015.30,1,4015.40,4,4015.70,2,4015.80,2,4015.90,1,4016.00,57,4016.30,5,4016.40,5,4016.50,5,4016.60,5,Buy,4,20,24,-16.00,1.00,-17.00,0.70,28.6,4015.40,4015.40,4014.70,4015.20,50,41,91,9.00,32.00,-9.00,2.90,93.1,15,120,2.5556,0.0625,-87.00,80.00,4024.24,-0.7419,DOWN,57.00,1.5965,1.8190
20260728 231924 964,4015.20,1,4014.80,4015.20,0.40,4014.80,3,4014.70,2,4014.50,2,4014.40,5,4014.30,5,4014.20,7,4014.10,6,4014.00,8,4013.90,5,4013.80,5,4015.20,1,4015.30,3,4015.70,2,4015.80,2,4016.00,57,4016.30,1,4016.40,5,4016.50,5,4016.60,5,4016.70,5,Sell,4,21,25,-17.00,1.00,-17.00,0.70,28.6,4015.40,4015.40,4014.70,4015.20,50,41,91,9.00,32.00,-9.00,2.90,93.1,15,120,2.5556,0.0000,-88.00,79.00,4024.24,-0.7419,DOWN,57.00,1.5965,1.8190
20260728 231930 943,4015.50,1,4015.10,4015.60,0.50,4015.10,2,4015.00,7,4014.90,1,4014.80,1,4014.70,1,4014.50,2,4014.40,5,4014.30,5,4014.20,7,4014.10,6,4015.60,3,4015.70,4,4015.80,2,4015.90,1,4016.00,57,4016.20,5,4016.30,5,4016.40,6,4016.50,5,4016.60,5,Buy,5,21,26,-16.00,1.00,-17.00,0.80,12.5,4015.40,4015.50,4014.70,4015.50,50,41,91,9.00,32.00,-9.00,2.90,93.1,15,120,2.5556,0.0625,-87.00,80.00,4024.27,-0.7324,DOWN,57.00,1.5965,1.8261
20260728 231942 133,4015.00,1,4015.00,4015.40,0.40,4015.00,1,4014.90,5,4014.80,1,4014.70,1,4014.50,2,4014.40,5,4014.30,5,4014.20,7,4014.10,6,4014.00,8,4015.40,2,4015.50,2,4015.70,1,4015.80,2,4016.10,5,4016.20,6,4016.30,5,4016.40,5,4016.50,5,4016.60,5,Sell,5,22,27,-17.00,1.00,-17.00,0.80,50.0,4015.40,4015.50,4014.70,4015.00,50,41,91,9.00,32.00,-9.00,2.90,93.1,15,120,2.5556,0.0000,-88.00,79.00,4024.22,-0.7483,DOWN,57.00,1.5965,1.8261
20260728 231942 599,4015.40,1,4015.50,4015.80,0.30,4015.50,1,4015.40,2,4014.90,7,4014.80,6,4014.70,6,4014.60,5,4014.50,7,4014.40,6,4014.30,5,4014.20,7,4015.80,2,4015.90,1,4016.00,2,4017.00,1,4017.20,1,4017.30,6,4017.40,6,4017.50,6,4017.60,5,4017.80,39,Buy,6,22,28,-16.00,1.00,-17.00,0.80,0.0,4015.40,4015.50,4014.70,4015.40,50,41,91,9.00,32.00,-9.00,2.90,93.1,15,120,2.5556,0.0625,-87.00,80.00,4024.26,-0.7356,DOWN,57.00,1.5965,1.8261
20260728 231949 031,4015.80,1,4015.60,4016.00,0.40,4015.60,2,4015.50,2,4014.90,7,4014.80,6,4014.70,9,4014.60,5,4014.50,7,4014.40,6,4014.30,5,4014.20,7,4016.00,1,4016.10,3,4016.20,3,4016.80,6,4016.90,5,4017.00,6,4017.10,5,4017.20,5,4017.30,5,4017.40,6,Buy,7,22,29,-15.00,1.00,-17.00,1.10,36.4,4015.40,4015.80,4014.70,4015.80,50,41,91,9.00,32.00,-9.00,2.90,93.1,15,120,2.5556,0.1333,-86.00,81.00,4024.30,-0.7229,DOWN,57.00,1.5965,1.8476
20260728 231949 031,4015.80,1,4015.60,4016.00,0.40,4015.60,2,4015.50,2,4014.90,7,4014.80,6,4014.70,9,4014.60,5,4014.50,7,4014.40,6,4014.30,5,4014.20,7,4016.00,1,4016.10,3,4016.20,3,4016.80,6,4016.90,5,4017.00,6,4017.10,5,4017.20,5,4017.30,5,4017.40,6,Buy,8,22,30,-14.00,1.00,-17.00,1.10,36.4,4015.40,4015.80,4014.70,4015.80,50,41,91,9.00,32.00,-9.00,2.90,93.1,15,120,2.5556,0.2143,-85.00,82.00,4024.30,-0.7229,DOWN,57.00,1.5965,1.8476
20260728 231949 122,4016.00,1,4015.60,4016.10,0.50,4015.60,2,4015.50,2,4014.90,8,4014.80,6,4014.70,8,4014.60,5,4014.50,7,4014.40,6,4014.30,5,4014.20,7,4016.10,2,4016.20,3,4016.80,6,4016.90,5,4017.00,5,4017.10,5,4017.20,5,4017.30,5,4017.40,6,4017.50,6,Buy,9,22,31,-13.00,1.00,-17.00,1.30,46.2,4015.40,4016.00,4014.70,4016.00,50,41,91,9.00,32.00,-9.00,2.90,93.1,15,120,2.5556,0.3077,-84.00,83.00,4024.32,-0.7165,DOWN,57.00,1.5965,1.8618
20260728 231950 273,4016.10,1,4015.70,4016.10,0.40,4015.70,2,4015.60,2,4014.90,7,4014.80,6,4014.70,8,4014.60,5,4014.50,7,4014.40,6,4014.30,5,4014.20,7,4016.20,1,4016.30,3,4016.80,1,4017.20,2,4017.30,1,4017.40,1,4017.50,1,4017.80,5,4017.90,5,4018.00,5,Buy,10,22,32,-12.00,1.00,-17.00,1.40,50.0,4015.40,4016.10,4014.70,4016.10,50,41,91,9.00,32.00,-9.00,2.90,93.1,15,120,2.5556,0.4167,-83.00,84.00,4024.33,-0.7134,DOWN,57.00,1.5965,1.8690
20260728 231950 273,4016.20,1,4015.70,4016.10,0.40,4015.70,2,4015.60,2,4014.90,7,4014.80,6,4014.70,8,4014.60,5,4014.50,7,4014.40,6,4014.30,5,4014.20,7,4016.20,1,4016.30,3,4016.80,1,4017.20,2,4017.30,1,4017.40,1,4017.50,1,4017.80,5,4017.90,5,4018.00,5,Buy,11,22,33,-11.00,1.00,-17.00,1.50,53.3,4015.40,4016.20,4014.70,4016.20,50,41,91,9.00,32.00,-9.00,2.90,93.1,15,120,2.5556,0.5455,-82.00,85.00,4024.34,-0.7102,DOWN,57.00,1.5965,1.8761
20260728 231950 474,4015.80,1,4015.70,4015.80,0.10,4015.70,2,4015.60,2,4015.00,1,4014.90,7,4014.80,6,4014.70,8,4014.60,5,4014.50,7,4014.40,6,4014.30,5,4015.80,54,4016.20,3,4016.30,3,4016.80,1,4017.10,1,4017.20,1,4017.40,1,4017.50,1,4017.70,5,4017.80,5,Sell,11,23,34,-12.00,1.00,-17.00,1.50,26.7,4015.40,4016.20,4014.70,4015.80,50,41,91,9.00,32.00,-9.00,2.90,93.1,15,120,2.5556,0.4167,-83.00,84.00,4024.30,-0.7229,DOWN,57.00,1.5965,1.8761
20260728 231950 474,4015.80,1,4015.70,4015.80,0.10,4015.70,2,4015.60,2,4015.00,1,4014.90,7,4014.80,6,4014.70,8,4014.60,5,4014.50,7,4014.40,6,4014.30,5,4015.80,54,4016.20,3,4016.30,3,4016.80,1,4017.10,1,4017.20,1,4017.40,1,4017.50,1,4017.70,5,4017.80,5,Sell,11,24,35,-13.00,1.00,-17.00,1.50,26.7,4015.40,4016.20,4014.70,4015.80,50,41,91,9.00,32.00,-9.00,2.90,93.1,15,120,2.5556,0.3077,-84.00,83.00,4024.30,-0.7229,DOWN,57.00,1.5965,1.8761
20260728 231950 474,4015.80,1,4015.70,4015.80,0.10,4015.70,2,4015.60,2,4015.00,1,4014.90,7,4014.80,6,4014.70,8,4014.60,5,4014.50,7,4014.40,6,4014.30,5,4015.80,54,4016.20,3,4016.30,3,4016.80,1,4017.10,1,4017.20,1,4017.40,1,4017.50,1,4017.70,5,4017.80,5,Sell,11,25,36,-14.00,1.00,-17.00,1.50,26.7,4015.40,4016.20,4014.70,4015.80,50,41,91,9.00,32.00,-9.00,2.90,93.1,15,120,2.5556,0.2143,-85.00,82.00,4024.30,-0.7229,DOWN,57.00,1.5965,1.8761
20260728 231950 477,4015.70,1,4015.70,4015.80,0.10,4015.70,2,4015.60,2,4015.00,1,4014.90,7,4014.80,6,4014.70,8,4014.60,5,4014.50,7,4014.40,6,4014.30,5,4015.80,54,4016.20,3,4016.30,3,4016.80,1,4017.10,1,4017.20,1,4017.40,1,4017.50,1,4017.70,5,4017.80,5,Sell,11,26,37,-15.00,1.00,-17.00,1.50,20.0,4015.40,4016.20,4014.70,4015.70,50,41,91,9.00,32.00,-9.00,2.90,93.1,15,120,2.5556,0.1333,-86.00,81.00,4024.29,-0.7261,DOWN,57.00,1.5965,1.8761
20260728 231951 181,4015.70,1,4015.60,4015.70,0.10,4015.60,1,4015.50,3,4015.00,2,4014.90,7,4014.80,6,4014.70,8,4014.60,5,4014.50,7,4014.40,7,4014.30,5,4015.70,1,4015.80,53,4016.10,2,4016.20,3,4016.80,6,4017.00,5,4017.40,1,4017.50,1,4017.70,5,4017.80,5,Buy,12,26,38,-14.00,1.00,-17.00,1.50,20.0,4015.40,4016.20,4014.70,4015.70,50,41,91,9.00,32.00,-9.00,2.90,93.1,15,120,2.5556,0.2143,-85.00,82.00,4024.29,-0.7261,DOWN,57.00,1.5965,1.8761
20260728 231951 181,4015.80,1,4015.60,4015.70,0.10,4015.60,1,4015.50,3,4015.00,2,4014.90,7,4014.80,6,4014.70,8,4014.60,5,4014.50,7,4014.40,7,4014.30,5,4015.70,1,4015.80,53,4016.10,2,4016.20,3,4016.80,6,4017.00,5,4017.40,1,4017.50,1,4017.70,5,4017.80,5,Buy,13,26,39,-13.00,1.00,-17.00,1.50,26.7,4015.40,4016.20,4014.70,4015.80,50,41,91,9.00,32.00,-9.00,2.90,93.1,15,120,2.5556,0.3077,-84.00,83.00,4024.30,-0.7229,DOWN,57.00,1.5965,1.8761
20260728 231951 182,4015.70,1,4015.60,4015.70,0.10,4015.60,1,4015.50,3,4015.00,2,4014.90,7,4014.80,6,4014.70,8,4014.60,5,4014.50,7,4014.40,7,4014.30,5,4015.70,1,4015.80,53,4016.10,2,4016.20,3,4016.80,6,4017.00,5,4017.40,1,4017.50,1,4017.70,5,4017.80,5,Buy,14,26,40,-12.00,1.00,-17.00,1.50,20.0,4015.40,4016.20,4014.70,4015.70,50,41,91,9.00,32.00,-9.00,2.90,93.1,15,120,2.5556,0.4167,-83.00,84.00,4024.29,-0.7261,DOWN,57.00,1.5965,1.8761
20260728 231953 945,4015.60,1,4015.50,4015.70,0.20,4015.50,3,4015.40,1,4015.00,1,4014.90,7,4014.80,6,4014.70,8,4014.60,5,4014.50,7,4014.40,7,4014.30,5,4015.70,1,4015.80,53,4016.10,2,4016.20,3,4016.80,6,4017.00,5,4017.40,1,4017.50,1,4017.70,5,4017.80,6,Sell,14,27,41,-13.00,1.00,-17.00,1.50,13.3,4015.40,4016.20,4014.70,4015.60,50,41,91,9.00,32.00,-9.00,2.90,93.1,15,120,2.5556,0.3077,-84.00,83.00,4024.28,-0.7292,DOWN,57.00,1.5965,1.8761
20260728 231955 019,4015.50,1,4015.50,4015.70,0.20,4015.50,2,4015.40,1,4015.00,2,4014.90,7,4014.80,6,4014.70,8,4014.60,5,4014.50,7,4014.40,7,4014.30,5,4015.70,1,4015.80,53,4016.10,2,4016.20,3,4016.80,6,4017.00,5,4017.40,1,4017.50,1,4017.70,5,4017.80,5,Sell,14,28,42,-14.00,1.00,-17.00,1.50,6.7,4015.40,4016.20,4014.70,4015.50,50,41,91,9.00,32.00,-9.00,2.90,93.1,15,120,2.5556,0.2143,-85.00,82.00,4024.27,-0.7324,DOWN,57.00,1.5965,1.8761
20260728 231956 877,4015.50,1,4015.50,4015.70,0.20,4015.50,2,4015.40,2,4015.00,3,4014.90,7,4014.80,6,4014.70,8,4014.60,5,4014.50,7,4014.40,7,4014.30,5,4015.70,1,4015.80,53,4015.90,1,4016.00,1,4016.80,6,4016.90,5,4017.00,5,4017.10,5,4017.20,5,4017.30,5,Sell,14,29,43,-15.00,1.00,-17.00,1.50,6.7,4015.40,4016.20,4014.70,4015.50,50,41,91,9.00,32.00,-9.00,2.90,93.1,15,120,2.5556,0.1333,-86.00,81.00,4024.27,-0.7324,DOWN,57.00,1.5965,1.8761
20260728 232001 151,4015.70,1,4016.10,4016.50,0.40,4016.10,1,4016.00,3,4015.60,1,4015.50,1,4015.30,1,4015.20,5,4015.10,5,4015.00,2,4014.90,7,4014.80,6,4016.50,2,4016.60,2,4017.40,1,4017.50,1,4017.80,1,4017.90,2,4018.00,5,4018.10,5,4018.20,5,4018.30,5,Buy,1,0,1,1.00,1.00,1.00,0.00,0.0,4015.70,4015.70,4015.70,4015.70,14,29,43,-15.00,1.00,-17.00,1.50,6.7,3,51,0.1333,0.0000,-39.00,51.00,4024.29,-0.7261,DOWN,58.85,0.7307,1.7564
20260728 232001 151,4015.70,1,4016.10,4016.50,0.40,4016.10,1,4016.00,3,4015.60,1,4015.50,1,4015.30,1,4015.20,5,4015.10,5,4015.00,2,4014.90,7,4014.80,6,4016.50,2,4016.60,2,4017.40,1,4017.50,1,4017.80,1,4017.90,2,4018.00,5,4018.10,5,4018.20,5,4018.30,5,Buy,2,0,2,2.00,2.00,1.00,0.00,0.0,4015.70,4015.70,4015.70,4015.70,14,29,43,-15.00,1.00,-17.00,1.50,6.7,3,51,0.1333,0.0000,-38.00,52.00,4024.29,-0.7261,DOWN,58.85,0.7307,1.7564
20260728 232001 152,4015.70,5,4016.10,4016.50,0.40,4016.10,1,4016.00,3,4015.60,1,4015.50,1,4015.30,1,4015.20,5,4015.10,5,4015.00,2,4014.90,7,4014.80,6,4016.50,2,4016.60,2,4017.40,1,4017.50,1,4017.80,1,4017.90,2,4018.00,5,4018.10,5,4018.20,5,4018.30,5,Buy,7,0,7,7.00,7.00,1.00,0.00,0.0,4015.70,4015.70,4015.70,4015.70,14,29,43,-15.00,1.00,-17.00,1.50,6.7,3,51,0.1333,0.0000,-33.00,57.00,4024.29,-0.7261,DOWN,58.85,0.7307,1.7564
20260728 232001 153,4015.70,2,4016.10,4016.50,0.40,4016.10,1,4016.00,3,4015.60,1,4015.50,1,4015.30,1,4015.20,5,4015.10,5,4015.00,2,4014.90,7,4014.80,6,4016.50,2,4016.60,2,4017.40,1,4017.50,1,4017.80,1,4017.90,2,4018.00,5,4018.10,5,4018.20,5,4018.30,5,Buy,9,0,9,9.00,9.00,1.00,0.00,0.0,4015.70,4015.70,4015.70,4015.70,14,29,43,-15.00,1.00,-17.00,1.50,6.7,3,51,0.1333,0.0000,-31.00,59.00,4024.29,-0.7261,DOWN,58.85,0.7307,1.7564
20260728 232001 153,4015.70,10,4016.10,4016.50,0.40,4016.10,1,4016.00,3,4015.60,1,4015.50,1,4015.30,1,4015.20,5,4015.10,5,4015.00,2,4014.90,7,4014.80,6,4016.50,2,4016.60,2,4017.40,1,4017.50,1,4017.80,1,4017.90,2,4018.00,5,4018.10,5,4018.20,5,4018.30,5,Buy,19,0,19,19.00,19.00,1.00,0.00,0.0,4015.70,4015.70,4015.70,4015.70,14,29,43,-15.00,1.00,-17.00,1.50,6.7,3,51,0.1333,0.0000,-21.00,69.00,4024.29,-0.7261,DOWN,58.85,0.7307,1.7564
20260728 232001 153,4015.70,2,4016.10,4016.50,0.40,4016.10,1,4016.00,3,4015.60,1,4015.50,1,4015.30,1,4015.20,5,4015.10,5,4015.00,2,4014.90,7,4014.80,6,4016.50,2,4016.60,2,4017.40,1,4017.50,1,4017.80,1,4017.90,2,4018.00,5,4018.10,5,4018.20,5,4018.30,5,Buy,21,0,21,21.00,21.00,1.00,0.00,0.0,4015.70,4015.70,4015.70,4015.70,14,29,43,-15.00,1.00,-17.00,1.50,6.7,3,51,0.1333,0.0000,-19.00,71.00,4024.29,-0.7261,DOWN,58.85,0.7307,1.7564
20260728 232001 153,4015.70,2,4016.10,4016.50,0.40,4016.10,1,4016.00,3,4015.60,1,4015.50,1,4015.30,1,4015.20,5,4015.10,5,4015.00,2,4014.90,7,4014.80,6,4016.50,2,4016.60,2,4017.40,1,4017.50,1,4017.80,1,4017.90,2,4018.00,5,4018.10,5,4018.20,5,4018.30,5,Buy,23,0,23,23.00,23.00,1.00,0.00,0.0,4015.70,4015.70,4015.70,4015.70,14,29,43,-15.00,1.00,-17.00,1.50,6.7,3,51,0.1333,0.0000,-17.00,73.00,4024.29,-0.7261,DOWN,58.85,0.7307,1.7564
20260728 232001 154,4015.70,31,4016.10,4016.50,0.40,4016.10,1,4016.00,3,4015.60,1,4015.50,1,4015.30,1,4015.20,5,4015.10,5,4015.00,2,4014.90,7,4014.80,6,4016.50,2,4016.60,2,4017.40,1,4017.50,1,4017.80,1,4017.90,2,4018.00,5,4018.10,5,4018.20,5,4018.30,5,Buy,54,0,54,54.00,54.00,1.00,0.00,0.0,4015.70,4015.70,4015.70,4015.70,14,29,43,-15.00,1.00,-17.00,1.50,6.7,3,51,0.1333,0.0000,14.00,104.00,4024.29,-0.7261,DOWN,58.85,0.7307,1.7564
20260728 232001 167,4016.20,1,4016.10,4016.50,0.40,4016.10,1,4016.00,3,4015.60,1,4015.50,1,4015.30,1,4015.20,5,4015.10,5,4015.00,2,4014.90,7,4014.80,6,4016.50,2,4016.60,2,4017.40,1,4017.50,1,4017.80,1,4017.90,2,4018.00,5,4018.10,5,4018.20,5,4018.30,5,Buy,55,0,55,55.00,55.00,1.00,0.50,100.0,4015.70,4016.20,4015.70,4016.20,14,29,43,-15.00,1.00,-17.00,1.50,6.7,3,51,0.1333,0.0000,15.00,105.00,4024.34,-0.7102,DOWN,58.85,0.7307,1.7921
20260728 232001 167,4016.20,1,4016.10,4016.50,0.40,4016.10,1,4016.00,3,4015.60,1,4015.50,1,4015.30,1,4015.20,5,4015.10,5,4015.00,2,4014.90,7,4014.80,6,4016.50,2,4016.60,2,4017.40,1,4017.50,1,4017.80,1,4017.90,2,4018.00,5,4018.10,5,4018.20,5,4018.30,5,Buy,56,0,56,56.00,56.00,1.00,0.50,100.0,4015.70,4016.20,4015.70,4016.20,14,29,43,-15.00,1.00,-17.00,1.50,6.7,3,51,0.1333,0.0000,16.00,106.00,4024.34,-0.7102,DOWN,58.85,0.7307,1.7921
20260728 232001 167,4016.30,1,4016.10,4016.50,0.40,4016.10,1,4016.00,3,4015.60,1,4015.50,1,4015.30,1,4015.20,5,4015.10,5,4015.00,2,4014.90,7,4014.80,6,4016.50,2,4016.60,2,4017.40,1,4017.50,1,4017.80,1,4017.90,2,4018.00,5,4018.10,5,4018.20,5,4018.30,5,Buy,57,0,57,57.00,57.00,1.00,0.60,100.0,4015.70,4016.30,4015.70,4016.30,14,29,43,-15.00,1.00,-17.00,1.50,6.7,3,51,0.1333,0.0000,17.00,107.00,4024.35,-0.7070,DOWN,58.85,0.7307,1.7993
20260728 232001 167,4016.30,1,4016.10,4016.50,0.40,4016.10,1,4016.00,3,4015.60,1,4015.50,1,4015.30,1,4015.20,5,4015.10,5,4015.00,2,4014.90,7,4014.80,6,4016.50,2,4016.60,2,4017.40,1,4017.50,1,4017.80,1,4017.90,2,4018.00,5,4018.10,5,4018.20,5,4018.30,5,Buy,58,0,58,58.00,58.00,1.00,0.60,100.0,4015.70,4016.30,4015.70,4016.30,14,29,43,-15.00,1.00,-17.00,1.50,6.7,3,51,0.1333,0.0000,18.00,108.00,4024.35,-0.7070,DOWN,58.85,0.7307,1.7993
20260728 232001 167,4016.50,1,4016.10,4016.50,0.40,4016.10,1,4016.00,3,4015.60,1,4015.50,1,4015.30,1,4015.20,5,4015.10,5,4015.00,2,4014.90,7,4014.80,6,4016.50,2,4016.60,2,4017.40,1,4017.50,1,4017.80,1,4017.90,2,4018.00,5,4018.10,5,4018.20,5,4018.30,5,Buy,59,0,59,59.00,59.00,1.00,0.80,100.0,4015.70,4016.50,4015.70,4016.50,14,29,43,-15.00,1.00,-17.00,1.50,6.7,3,51,0.1333,0.0000,19.00,109.00,4024.36,-0.7007,DOWN,58.85,0.7307,1.8135
20260728 232001 167,4016.50,1,4016.10,4016.50,0.40,4016.10,1,4016.00,3,4015.60,1,4015.50,1,4015.30,1,4015.20,5,4015.10,5,4015.00,2,4014.90,7,4014.80,6,4016.50,2,4016.60,2,4017.40,1,4017.50,1,4017.80,1,4017.90,2,4018.00,5,4018.10,5,4018.20,5,4018.30,5,Buy,60,0,60,60.00,60.00,1.00,0.80,100.0,4015.70,4016.50,4015.70,4016.50,14,29,43,-15.00,1.00,-17.00,1.50,6.7,3,51,0.1333,0.0000,20.00,110.00,4024.36,-0.7007,DOWN,58.85,0.7307,1.8135
20260728 232001 167,4016.50,1,4016.10,4016.50,0.40,4016.10,1,4016.00,3,4015.60,1,4015.50,1,4015.30,1,4015.20,5,4015.10,5,4015.00,2,4014.90,7,4014.80,6,4016.50,2,4016.60,2,4017.40,1,4017.50,1,4017.80,1,4017.90,2,4018.00,5,4018.10,5,4018.20,5,4018.30,5,Buy,61,0,61,61.00,61.00,1.00,0.80,100.0,4015.70,4016.50,4015.70,4016.50,14,29,43,-15.00,1.00,-17.00,1.50,6.7,3,51,0.1333,0.0000,21.00,111.00,4024.36,-0.7007,DOWN,58.85,0.7307,1.8135
20260728 232001 172,4016.40,1,4016.10,4016.50,0.40,4016.10,1,4016.00,3,4015.60,1,4015.50,1,4015.30,1,4015.20,5,4015.10,5,4015.00,2,4014.90,7,4014.80,6,4016.50,2,4016.60,2,4017.40,1,4017.50,1,4017.80,1,4017.90,2,4018.00,5,4018.10,5,4018.20,5,4018.30,5,Buy,62,0,62,62.00,62.00,1.00,0.80,87.5,4015.70,4016.50,4015.70,4016.40,14,29,43,-15.00,1.00,-17.00,1.50,6.7,3,51,0.1333,0.0000,22.00,112.00,4024.35,-0.7038,DOWN,58.85,0.7307,1.8135
20260728 232001 172,4016.60,1,4016.10,4016.50,0.40,4016.10,1,4016.00,3,4015.60,1,4015.50,1,4015.30,1,4015.20,5,4015.10,5,4015.00,2,4014.90,7,4014.80,6,4016.50,2,4016.60,2,4017.40,1,4017.50,1,4017.80,1,4017.90,2,4018.00,5,4018.10,5,4018.20,5,4018.30,5,Buy,63,0,63,63.00,63.00,1.00,0.90,100.0,4015.70,4016.60,4015.70,4016.60,14,29,43,-15.00,1.00,-17.00,1.50,6.7,3,51,0.1333,0.0000,23.00,113.00,4024.37,-0.6975,DOWN,58.85,0.7307,1.8207
20260728 232001 172,4016.90,1,4016.10,4016.50,0.40,4016.10,1,4016.00,3,4015.60,1,4015.50,1,4015.30,1,4015.20,5,4015.10,5,4015.00,2,4014.90,7,4014.80,6,4016.50,2,4016.60,2,4017.40,1,4017.50,1,4017.80,1,4017.90,2,4018.00,5,4018.10,5,4018.20,5,4018.30,5,Buy,64,0,64,64.00,64.00,1.00,1.20,100.0,4015.70,4016.90,4015.70,4016.90,14,29,43,-15.00,1.00,-17.00,1.50,6.7,3,51,0.1333,0.0000,24.00,114.00,4024.40,-0.6880,DOWN,58.85,0.7307,1.8421
20260728 232001 172,4016.90,1,4016.10,4016.50,0.40,4016.10,1,4016.00,3,4015.60,1,4015.50,1,4015.30,1,4015.20,5,4015.10,5,4015.00,2,4014.90,7,4014.80,6,4016.50,2,4016.60,2,4017.40,1,4017.50,1,4017.80,1,4017.90,2,4018.00,5,4018.10,5,4018.20,5,4018.30,5,Buy,65,0,65,65.00,65.00,1.00,1.20,100.0,4015.70,4016.90,4015.70,4016.90,14,29,43,-15.00,1.00,-17.00,1.50,6.7,3,51,0.1333,0.0000,25.00,115.00,4024.40,-0.6880,DOWN,58.85,0.7307,1.8421
20260728 232001 172,4016.90,2,4016.10,4016.50,0.40,4016.10,1,4016.00,3,4015.60,1,4015.50,1,4015.30,1,4015.20,5,4015.10,5,4015.00,2,4014.90,7,4014.80,6,4016.50,2,4016.60,2,4017.40,1,4017.50,1,4017.80,1,4017.90,2,4018.00,5,4018.10,5,4018.20,5,4018.30,5,Buy,67,0,67,67.00,67.00,1.00,1.20,100.0,4015.70,4016.90,4015.70,4016.90,14,29,43,-15.00,1.00,-17.00,1.50,6.7,3,51,0.1333,0.0000,27.00,117.00,4024.40,-0.6880,DOWN,58.85,0.7307,1.8421
20260728 232001 172,4017.00,1,4016.10,4016.50,0.40,4016.10,1,4016.00,3,4015.60,1,4015.50,1,4015.30,1,4015.20,5,4015.10,5,4015.00,2,4014.90,7,4014.80,6,4016.50,2,4016.60,2,4017.40,1,4017.50,1,4017.80,1,4017.90,2,4018.00,5,4018.10,5,4018.20,5,4018.30,5,Buy,68,0,68,68.00,68.00,1.00,1.30,100.0,4015.70,4017.00,4015.70,4017.00,14,29,43,-15.00,1.00,-17.00,1.50,6.7,3,51,0.1333,0.0000,28.00,118.00,4024.41,-0.6848,DOWN,58.85,0.7307,1.8493
20260728 232001 172,4017.00,1,4016.10,4016.50,0.40,4016.10,1,4016.00,3,4015.60,1,4015.50,1,4015.30,1,4015.20,5,4015.10,5,4015.00,2,4014.90,7,4014.80,6,4016.50,2,4016.60,2,4017.40,1,4017.50,1,4017.80,1,4017.90,2,4018.00,5,4018.10,5,4018.20,5,4018.30,5,Buy,69,0,69,69.00,69.00,1.00,1.30,100.0,4015.70,4017.00,4015.70,4017.00,14,29,43,-15.00,1.00,-17.00,1.50,6.7,3,51,0.1333,0.0000,29.00,119.00,4024.41,-0.6848,DOWN,58.85,0.7307,1.8493
20260728 232001 172,4017.00,1,4016.10,4016.50,0.40,4016.10,1,4016.00,3,4015.60,1,4015.50,1,4015.30,1,4015.20,5,4015.10,5,4015.00,2,4014.90,7,4014.80,6,4016.50,2,4016.60,2,4017.40,1,4017.50,1,4017.80,1,4017.90,2,4018.00,5,4018.10,5,4018.20,5,4018.30,5,Buy,70,0,70,70.00,70.00,1.00,1.30,100.0,4015.70,4017.00,4015.70,4017.00,14,29,43,-15.00,1.00,-17.00,1.50,6.7,3,51,0.1333,0.0000,30.00,120.00,4024.41,-0.6848,DOWN,58.85,0.7307,1.8493
20260728 232001 172,4017.00,1,4016.10,4016.50,0.40,4016.10,1,4016.00,3,4015.60,1,4015.50,1,4015.30,1,4015.20,5,4015.10,5,4015.00,2,4014.90,7,4014.80,6,4016.50,2,4016.60,2,4017.40,1,4017.50,1,4017.80,1,4017.90,2,4018.00,5,4018.10,5,4018.20,5,4018.30,5,Buy,71,0,71,71.00,71.00,1.00,1.30,100.0,4015.70,4017.00,4015.70,4017.00,14,29,43,-15.00,1.00,-17.00,1.50,6.7,3,51,0.1333,0.0000,31.00,121.00,4024.41,-0.6848,DOWN,58.85,0.7307,1.8493
20260728 232001 519,4016.40,1,4016.20,4016.60,0.40,4016.20,3,4016.10,3,4015.60,1,4015.50,4,4015.40,5,4015.30,6,4015.20,5,4015.10,5,4015.00,7,4014.90,7,4016.60,2,4016.70,3,4017.40,1,4017.50,1,4017.80,1,4017.90,7,4018.00,5,4018.10,5,4018.20,5,4018.30,5,Buy,72,0,72,72.00,72.00,1.00,1.30,53.8,4015.70,4017.00,4015.70,4016.40,14,29,43,-15.00,1.00,-17.00,1.50,6.7,3,51,0.1333,0.0000,32.00,122.00,4024.35,-0.7038,DOWN,58.85,0.7307,1.8493
20260728 232001 689,4016.80,1,4016.50,4016.80,0.30,4016.20,3,4016.10,3,4015.60,1,4015.50,9,4015.40,5,4015.30,6,4015.20,5,4015.10,5,4015.00,7,4014.90,7,4016.60,1,4016.70,3,4017.40,1,4017.90,7,4018.00,5,4018.10,5,4018.20,5,4018.30,5,4018.40,5,4018.50,39,Buy,73,0,73,73.00,73.00,1.00,1.30,84.6,4015.70,4017.00,4015.70,4016.80,14,29,43,-15.00,1.00,-17.00,1.50,6.7,3,51,0.1333,0.0000,33.00,123.00,4024.39,-0.6911,DOWN,58.85,0.7307,1.8493
20260728 232001 689,4016.80,1,4016.50,4016.80,0.30,4016.20,3,4016.10,3,4015.60,1,4015.50,9,4015.40,5,4015.30,6,4015.20,5,4015.10,5,4015.00,7,4014.90,7,4016.60,1,4016.70,3,4017.40,1,4017.90,7,4018.00,5,4018.10,5,4018.20,5,4018.30,5,4018.40,5,4018.50,39,Buy,74,0,74,74.00,74.00,1.00,1.30,84.6,4015.70,4017.00,4015.70,4016.80,14,29,43,-15.00,1.00,-17.00,1.50,6.7,3,51,0.1333,0.0000,34.00,124.00,4024.39,-0.6911,DOWN,58.85,0.7307,1.8493
20260728 232001 689,4016.90,1,4016.50,4016.80,0.30,4016.20,3,4016.10,3,4015.60,1,4015.50,9,4015.40,5,4015.30,6,4015.20,5,4015.10,5,4015.00,7,4014.90,7,4016.60,1,4016.70,3,4017.40,1,4017.90,7,4018.00,5,4018.10,5,4018.20,5,4018.30,5,4018.40,5,4018.50,39,Buy,75,0,75,75.00,75.00,1.00,1.30,92.3,4015.70,4017.00,4015.70,4016.90,14,29,43,-15.00,1.00,-17.00,1.50,6.7,3,51,0.1333,0.0000,35.00,125.00,4024.40,-0.6880,DOWN,58.85,0.7307,1.8493
20260728 232001 689,4016.90,1,4016.50,4016.80,0.30,4016.20,3,4016.10,3,4015.60,1,4015.50,9,4015.40,5,4015.30,6,4015.20,5,4015.10,5,4015.00,7,4014.90,7,4016.60,1,4016.70,3,4017.40,1,4017.90,7,4018.00,5,4018.10,5,4018.20,5,4018.30,5,4018.40,5,4018.50,39,Buy,76,0,76,76.00,76.00,1.00,1.30,92.3,4015.70,4017.00,4015.70,4016.90,14,29,43,-15.00,1.00,-17.00,1.50,6.7,3,51,0.1333,0.0000,36.00,126.00,4024.40,-0.6880,DOWN,58.85,0.7307,1.8493
20260728 232001 689,4017.00,1,4016.50,4016.80,0.30,4016.20,3,4016.10,3,4015.60,1,4015.50,9,4015.40,5,4015.30,6,4015.20,5,4015.10,5,4015.00,7,4014.90,7,4016.60,1,4016.70,3,4017.40,1,4017.90,7,4018.00,5,4018.10,5,4018.20,5,4018.30,5,4018.40,5,4018.50,39,Buy,77,0,77,77.00,77.00,1.00,1.30,100.0,4015.70,4017.00,4015.70,4017.00,14,29,43,-15.00,1.00,-17.00,1.50,6.7,3,51,0.1333,0.0000,37.00,127.00,4024.41,-0.6848,DOWN,58.85,0.7307,1.8493
20260728 232001 689,4017.00,1,4016.50,4016.80,0.30,4016.20,3,4016.10,3,4015.60,1,4015.50,9,4015.40,5,4015.30,6,4015.20,5,4015.10,5,4015.00,7,4014.90,7,4016.60,1,4016.70,3,4017.40,1,4017.90,7,4018.00,5,4018.10,5,4018.20,5,4018.30,5,4018.40,5,4018.50,39,Buy,78,0,78,78.00,78.00,1.00,1.30,100.0,4015.70,4017.00,4015.70,4017.00,14,29,43,-15.00,1.00,-17.00,1.50,6.7,3,51,0.1333,0.0000,38.00,128.00,4024.41,-0.6848,DOWN,58.85,0.7307,1.8493
20260728 232002 478,4016.50,1,4016.40,4016.90,0.50,4016.40,2,4016.30,2,4015.70,1,4015.60,6,4015.50,5,4015.40,5,4015.30,5,4015.20,6,4015.10,5,4015.00,7,4016.90,3,4017.00,2,4017.40,3,4017.50,5,4017.60,5,4017.70,8,4017.80,5,4017.90,2,4018.00,5,4018.10,5,Sell,78,1,79,77.00,78.00,1.00,1.30,61.5,4015.70,4017.00,4015.70,4016.50,14,29,43,-15.00,1.00,-17.00,1.50,6.7,3,51,0.1333,0.0130,37.00,127.00,4024.36,-0.7007,DOWN,58.85,0.7307,1.8493
20260728 232003 717,4016.50,1,4016.40,4016.90,0.50,4016.40,2,4016.30,2,4015.70,1,4015.60,1,4015.50,5,4015.40,5,4015.30,5,4015.20,5,4015.10,5,4015.00,8,4016.90,2,4017.00,2,4017.40,3,4017.50,5,4017.60,5,4017.70,8,4017.80,6,4017.90,6,4018.00,5,4018.10,5,Sell,78,2,80,76.00,78.00,1.00,1.30,61.5,4015.70,4017.00,4015.70,4016.50,14,29,43,-15.00,1.00,-17.00,1.50,6.7,3,51,0.1333,0.0263,36.00,126.00,4024.36,-0.7007,DOWN,58.85,0.7307,1.8493
20260728 232004 847,4016.40,1,4016.40,4016.90,0.50,4016.40,1,4016.30,2,4015.70,1,4015.60,1,4015.50,5,4015.40,5,4015.30,6,4015.20,5,4015.10,5,4015.00,7,4016.90,2,4017.00,2,4017.10,1,4017.40,3,4017.50,5,4017.60,5,4017.70,8,4017.80,6,4017.90,6,4018.00,5,Sell,78,3,81,75.00,78.00,1.00,1.30,53.8,4015.70,4017.00,4015.70,4016.40,14,29,43,-15.00,1.00,-17.00,1.50,6.7,3,51,0.1333,0.0400,35.00,125.00,4024.35,-0.7038,DOWN,58.85,0.7307,1.8493
20260728 232005 020,4016.90,1,4016.40,4016.90,0.50,4016.40,1,4016.30,2,4015.70,1,4015.60,1,4015.50,5,4015.40,5,4015.30,5,4015.20,5,4015.10,6,4015.00,7,4016.90,1,4017.00,2,4017.10,1,4017.40,3,4017.50,5,4017.60,5,4017.70,8,4017.80,6,4017.90,6,4018.00,5,Buy,79,3,82,76.00,78.00,1.00,1.30,92.3,4015.70,4017.00,4015.70,4016.90,14,29,43,-15.00,1.00,-17.00,1.50,6.7,3,51,0.1333,0.0263,36.00,126.00,4024.40,-0.6880,DOWN,58.85,0.7307,1.8493
20260728 232005 679,4017.00,1,4016.50,4017.00,0.50,4016.50,2,4016.40,3,4015.70,1,4015.60,1,4015.50,5,4015.40,5,4015.30,5,4015.20,5,4015.10,5,4015.00,7,4017.00,3,4017.10,4,4017.40,3,4017.50,5,4017.60,5,4017.70,9,4017.80,5,4017.90,7,4018.00,5,4018.10,5,Buy,80,3,83,77.00,78.00,1.00,1.30,100.0,4015.70,4017.00,4015.70,4017.00,14,29,43,-15.00,1.00,-17.00,1.50,6.7,3,51,0.1333,0.0130,37.00,127.00,4024.41,-0.6848,DOWN,58.85,0.7307,1.8493
20260728 232005 679,4017.00,1,4016.50,4017.00,0.50,4016.50,2,4016.40,3,4015.70,1,4015.60,1,4015.50,5,4015.40,5,4015.30,5,4015.20,5,4015.10,5,4015.00,7,4017.00,3,4017.10,4,4017.40,3,4017.50,5,4017.60,5,4017.70,9,4017.80,5,4017.90,7,4018.00,5,4018.10,5,Buy,81,3,84,78.00,78.00,1.00,1.30,100.0,4015.70,4017.00,4015.70,4017.00,14,29,43,-15.00,1.00,-17.00,1.50,6.7,3,51,0.1333,0.0000,38.00,128.00,4024.41,-0.6848,DOWN,58.85,0.7307,1.8493
20260728 232005 679,4017.10,1,4016.50,4017.00,0.50,4016.50,2,4016.40,3,4015.70,1,4015.60,1,4015.50,5,4015.40,5,4015.30,5,4015.20,5,4015.10,5,4015.00,7,4017.00,3,4017.10,4,4017.40,3,4017.50,5,4017.60,5,4017.70,9,4017.80,5,4017.90,7,4018.00,5,4018.10,5,Buy,82,3,85,79.00,79.00,1.00,1.40,100.0,4015.70,4017.10,4015.70,4017.10,14,29,43,-15.00,1.00,-17.00,1.50,6.7,3,51,0.1333,0.0000,39.00,129.00,4024.42,-0.6816,DOWN,58.85,0.7307,1.8564
20260728 232005 679,4017.10,1,4016.50,4017.00,0.50,4016.50,2,4016.40,3,4015.70,1,4015.60,1,4015.50,5,4015.40,5,4015.30,5,4015.20,5,4015.10,5,4015.00,7,4017.00,3,4017.10,4,4017.40,3,4017.50,5,4017.60,5,4017.70,9,4017.80,5,4017.90,7,4018.00,5,4018.10,5,Buy,83,3,86,80.00,80.00,1.00,1.40,100.0,4015.70,4017.10,4015.70,4017.10,14,29,43,-15.00,1.00,-17.00,1.50,6.7,3,51,0.1333,0.0000,40.00,130.00,4024.42,-0.6816,DOWN,58.85,0.7307,1.8564
20260728 232008 220,4017.00,1,4016.50,4017.00,0.50,4016.50,3,4016.40,3,4015.70,1,4015.60,2,4015.50,5,4015.40,5,4015.30,5,4015.20,5,4015.10,5,4015.00,7,4017.00,2,4017.10,4,4017.40,3,4017.50,5,4017.60,5,4017.70,8,4017.80,5,4017.90,7,4018.00,5,4018.10,5,Buy,84,3,87,81.00,81.00,1.00,1.40,92.9,4015.70,4017.10,4015.70,4017.00,14,29,43,-15.00,1.00,-17.00,1.50,6.7,3,51,0.1333,0.0000,41.00,131.00,4024.41,-0.6848,DOWN,58.85,0.7307,1.8564
20260728 232009 773,4017.00,1,4016.60,4017.00,0.40,4016.60,1,4016.50,1,4016.40,2,4015.70,1,4015.60,1,4015.50,5,4015.40,6,4015.30,5,4015.20,5,4015.10,5,4017.00,3,4017.10,7,4017.30,1,4017.40,3,4017.50,5,4017.60,5,4017.70,8,4017.80,5,4017.90,7,4018.00,5,Buy,85,3,88,82.00,82.00,1.00,1.40,92.9,4015.70,4017.10,4015.70,4017.00,14,29,43,-15.00,1.00,-17.00,1.50,6.7,3,51,0.1333,0.0000,42.00,132.00,4024.41,-0.6848,DOWN,58.85,0.7307,1.8564
20260728 232009 773,4017.00,1,4016.60,4017.00,0.40,4016.60,1,4016.50,1,4016.40,2,4015.70,1,4015.60,1,4015.50,5,4015.40,6,4015.30,5,4015.20,5,4015.10,5,4017.00,3,4017.10,7,4017.30,1,4017.40,3,4017.50,5,4017.60,5,4017.70,8,4017.80,5,4017.90,7,4018.00,5,Buy,86,3,89,83.00,83.00,1.00,1.40,92.9,4015.70,4017.10,4015.70,4017.00,14,29,43,-15.00,1.00,-17.00,1.50,6.7,3,51,0.1333,0.0000,43.00,133.00,4024.41,-0.6848,DOWN,58.85,0.7307,1.8564
20260728 232009 773,4017.00,1,4016.60,4017.00,0.40,4016.60,1,4016.50,1,4016.40,2,4015.70,1,4015.60,1,4015.50,5,4015.40,6,4015.30,5,4015.20,5,4015.10,5,4017.00,3,4017.10,7,4017.30,1,4017.40,3,4017.50,5,4017.60,5,4017.70,8,4017.80,5,4017.90,7,4018.00,5,Buy,87,3,90,84.00,84.00,1.00,1.40,92.9,4015.70,4017.10,4015.70,4017.00,14,29,43,-15.00,1.00,-17.00,1.50,6.7,3,51,0.1333,0.0000,44.00,134.00,4024.41,-0.6848,DOWN,58.85,0.7307,1.8564
20260728 232009 773,4017.10,1,4016.60,4017.00,0.40,4016.60,1,4016.50,1,4016.40,2,4015.70,1,4015.60,1,4015.50,5,4015.40,6,4015.30,5,4015.20,5,4015.10,5,4017.00,3,4017.10,7,4017.30,1,4017.40,3,4017.50,5,4017.60,5,4017.70,8,4017.80,5,4017.90,7,4018.00,5,Buy,88,3,91,85.00,85.00,1.00,1.40,100.0,4015.70,4017.10,4015.70,4017.10,14,29,43,-15.00,1.00,-17.00,1.50,6.7,3,51,0.1333,0.0000,45.00,135.00,4024.42,-0.6816,DOWN,58.85,0.7307,1.8564
20260728 232009 773,4017.10,1,4016.60,4017.00,0.40,4016.60,1,4016.50,1,4016.40,2,4015.70,1,4015.60,1,4015.50,5,4015.40,6,4015.30,5,4015.20,5,4015.10,5,4017.00,3,4017.10,7,4017.30,1,4017.40,3,4017.50,5,4017.60,5,4017.70,8,4017.80,5,4017.90,7,4018.00,5,Buy,89,3,92,86.00,86.00,1.00,1.40,100.0,4015.70,4017.10,4015.70,4017.10,14,29,43,-15.00,1.00,-17.00,1.50,6.7,3,51,0.1333,0.0000,46.00,136.00,4024.42,-0.6816,DOWN,58.85,0.7307,1.8564
20260728 232010 593,4016.60,1,4016.40,4016.80,0.40,4016.40,1,4016.30,2,4015.70,1,4015.60,1,4015.40,3,4015.30,5,4015.20,5,4015.10,5,4015.00,7,4014.90,7,4016.80,2,4016.90,3,4017.50,7,4017.60,5,4017.70,5,4017.80,5,4017.90,7,4018.00,5,4018.10,5,4018.20,6,Sell,89,4,93,85.00,86.00,1.00,1.40,64.3,4015.70,4017.10,4015.70,4016.60,14,29,43,-15.00,1.00,-17.00,1.50,6.7,3,51,0.1333,0.0118,45.00,135.00,4024.37,-0.6975,DOWN,58.85,0.7307,1.8564
20260728 232020 273,4016.30,1,4016.30,4016.60,0.30,4016.30,1,4016.20,4,4015.70,1,4015.60,3,4015.50,2,4015.30,5,4015.20,5,4015.10,5,4015.00,7,4014.90,7,4016.60,1,4016.80,2,4016.90,3,4017.20,2,4017.30,5,4017.40,5,4017.50,8,4017.60,6,4017.70,5,4017.80,5,Sell,89,5,94,84.00,86.00,1.00,1.40,42.9,4015.70,4017.10,4015.70,4016.30,14,29,43,-15.00,1.00,-17.00,1.50,6.7,3,51,0.1333,0.0238,44.00,134.00,4024.35,-0.7070,DOWN,58.85,0.7307,1.8564
20260728 232021 302,4016.20,1,4016.20,4016.60,0.40,4016.20,1,4016.10,3,4015.70,1,4015.60,3,4015.50,2,4015.30,5,4015.20,5,4015.10,5,4015.00,7,4014.90,7,4016.60,2,4016.70,2,4017.20,2,4017.30,5,4017.40,5,4017.50,8,4017.60,6,4017.70,5,4017.80,5,4017.90,7,Sell,89,6,95,83.00,86.00,1.00,1.40,35.7,4015.70,4017.10,4015.70,4016.20,14,29,43,-15.00,1.00,-17.00,1.50,6.7,3,51,0.1333,0.0361,43.00,133.00,4024.34,-0.7102,DOWN,58.85,0.7307,1.8564
20260728 232021 909,4016.40,1,4016.40,4016.60,0.20,4016.40,1,4016.30,3,4015.70,1,4015.60,2,4015.50,3,4015.40,5,4015.30,5,4015.20,5,4015.10,5,4015.00,7,4016.60,1,4016.90,2,4017.00,2,4017.20,1,4017.30,5,4017.40,5,4017.50,5,4017.60,5,4017.70,5,4017.80,5,Sell,89,7,96,82.00,86.00,1.00,1.40,50.0,4015.70,4017.10,4015.70,4016.40,14,29,43,-15.00,1.00,-17.00,1.50,6.7,3,51,0.1333,0.0488,42.00,132.00,4024.35,-0.7038,DOWN,58.85,0.7307,1.8564
20260728 232028 767,4016.10,1,4016.10,4016.60,0.50,4016.10,2,4016.00,3,4015.50,2,4015.30,6,4015.20,5,4015.10,5,4015.00,7,4014.90,7,4014.80,6,4014.70,8,4016.60,3,4016.70,2,4017.00,1,4017.10,5,4017.20,7,4017.30,5,4017.40,5,4017.50,6,4017.60,5,4017.70,5,Sell,89,8,97,81.00,86.00,1.00,1.40,28.6,4015.70,4017.10,4015.70,4016.10,14,29,43,-15.00,1.00,-17.00,1.50,6.7,3,51,0.1333,0.0617,41.00,131.00,4024.33,-0.7134,DOWN,58.85,0.7307,1.8564
20260728 232032 514,4016.10,1,4016.00,4016.10,0.10,4016.00,2,4015.90,4,4015.50,2,4015.10,1,4015.00,8,4014.90,7,4014.80,6,4014.70,8,4014.60,5,4014.50,7,4016.50,2,4016.60,2,4016.90,5,4017.00,5,4017.10,5,4017.20,6,4017.30,5,4017.40,5,4017.50,6,4017.60,5,Buy,90,8,98,82.00,86.00,1.00,1.40,28.6,4015.70,4017.10,4015.70,4016.10,14,29,43,-15.00,1.00,-17.00,1.50,6.7,3,51,0.1333,0.0488,42.00,132.00,4024.33,-0.7134,DOWN,58.85,0.7307,1.8564
20260728 232035 081,4016.00,1,4015.90,4016.40,0.50,4015.90,1,4015.80,2,4015.50,2,4015.00,8,4014.90,7,4014.80,6,4014.70,8,4014.60,5,4014.50,7,4014.40,6,4016.40,2,4016.50,2,4016.80,2,4017.00,7,4017.10,5,4017.20,6,4017.30,5,4017.40,5,4017.50,6,4017.60,5,Sell,90,9,99,81.00,86.00,1.00,1.40,21.4,4015.70,4017.10,4015.70,4016.00,14,29,43,-15.00,1.00,-17.00,1.50,6.7,3,51,0.1333,0.0617,41.00,131.00,4024.32,-0.7165,DOWN,58.85,0.7307,1.8564
20260728 232035 081,4016.00,1,4015.90,4016.40,0.50,4015.90,1,4015.80,2,4015.50,2,4015.00,8,4014.90,7,4014.80,6,4014.70,8,4014.60,5,4014.50,7,4014.40,6,4016.40,2,4016.50,2,4016.80,2,4017.00,7,4017.10,5,4017.20,6,4017.30,5,4017.40,5,4017.50,6,4017.60,5,Sell,90,10,100,80.00,86.00,1.00,1.40,21.4,4015.70,4017.10,4015.70,4016.00,14,29,43,-15.00,1.00,-17.00,1.50,6.7,3,51,0.1333,0.0750,40.00,130.00,4024.32,-0.7165,DOWN,58.85,0.7307,1.8564
20260728 232035 081,4015.90,1,4015.90,4016.40,0.50,4015.90,1,4015.80,2,4015.50,2,4015.00,8,4014.90,7,4014.80,6,4014.70,8,4014.60,5,4014.50,7,4014.40,6,4016.40,2,4016.50,2,4016.80,2,4017.00,7,4017.10,5,4017.20,6,4017.30,5,4017.40,5,4017.50,6,4017.60,5,Sell,90,11,101,79.00,86.00,1.00,1.40,14.3,4015.70,4017.10,4015.70,4015.90,14,29,43,-15.00,1.00,-17.00,1.50,6.7,3,51,0.1333,0.0886,39.00,129.00,4024.31,-0.7197,DOWN,58.85,0.7307,1.8564
20260728 232040 330,4015.90,1,4015.90,4016.40,0.50,4015.90,2,4015.80,5,4015.50,2,4015.00,8,4014.90,7,4014.80,6,4014.70,8,4014.60,5,4014.50,7,4014.40,6,4016.40,2,4016.50,2,4016.60,1,4016.80,2,4016.90,2,4017.00,5,4017.10,5,4017.20,7,4017.30,5,4017.40,5,Sell,90,12,102,78.00,86.00,1.00,1.40,14.3,4015.70,4017.10,4015.70,4015.90,14,29,43,-15.00,1.00,-17.00,1.50,6.7,3,51,0.1333,0.1026,38.00,128.00,4024.31,-0.7197,DOWN,58.85,0.7307,1.8564
20260728 232040 330,4015.90,1,4015.90,4016.40,0.50,4015.90,2,4015.80,5,4015.50,2,4015.00,8,4014.90,7,4014.80,6,4014.70,8,4014.60,5,4014.50,7,4014.40,6,4016.40,2,4016.50,2,4016.60,1,4016.80,2,4016.90,2,4017.00,5,4017.10,5,4017.20,7,4017.30,5,4017.40,5,Sell,90,13,103,77.00,86.00,1.00,1.40,14.3,4015.70,4017.10,4015.70,4015.90,14,29,43,-15.00,1.00,-17.00,1.50,6.7,3,51,0.1333,0.1169,37.00,127.00,4024.31,-0.7197,DOWN,58.85,0.7307,1.8564
20260728 232051 898,4015.80,1,4015.80,4016.20,0.40,4015.80,2,4015.70,2,4015.60,2,4015.50,2,4015.00,4,4014.90,7,4014.80,6,4014.70,8,4014.60,5,4014.50,7,4016.20,2,4016.30,3,4016.60,2,4017.30,5,4017.40,5,4017.50,7,4017.60,5,4017.70,5,4017.80,5,4017.90,6,Sell,90,14,104,76.00,86.00,1.00,1.40,7.1,4015.70,4017.10,4015.70,4015.80,14,29,43,-15.00,1.00,-17.00,1.50,6.7,3,51,0.1333,0.1316,36.00,126.00,4024.30,-0.7229,DOWN,58.85,0.7307,1.8564
20260728 232053 236,4016.60,1,4016.50,4016.90,0.40,4016.50,1,4016.40,2,4015.80,2,4015.70,3,4015.60,2,4015.50,7,4015.40,5,4015.20,5,4015.10,5,4015.00,8,4016.90,2,4017.00,3,4017.60,2,4017.70,5,4017.80,5,4017.90,6,4018.00,5,4018.10,5,4018.20,5,4018.30,5,Buy,91,14,105,77.00,86.00,1.00,1.40,64.3,4015.70,4017.10,4015.70,4016.60,14,29,43,-15.00,1.00,-17.00,1.50,6.7,3,51,0.1333,0.1169,37.00,127.00,4024.37,-0.6975,DOWN,58.85,0.7307,1.8564
20260728 232058 925,4016.90,1,4016.70,4017.10,0.40,4016.70,2,4016.60,1,4015.90,1,4015.80,2,4015.60,1,4015.50,7,4015.40,5,4015.30,5,4015.20,5,4015.10,5,4017.10,2,4017.20,7,4017.60,7,4017.70,5,4017.80,5,4017.90,6,4018.00,5,4018.10,8,4018.20,5,4018.30,5,Buy,92,14,106,78.00,86.00,1.00,1.40,85.7,4015.70,4017.10,4015.70,4016.90,14,29,43,-15.00,1.00,-17.00,1.50,6.7,3,51,0.1333,0.1026,38.00,128.00,4024.40,-0.6880,DOWN,58.85,0.7307,1.8564
20260728 232058 925,4016.90,1,4016.70,4017.10,0.40,4016.70,2,4016.60,1,4015.90,1,4015.80,2,4015.60,1,4015.50,7,4015.40,5,4015.30,5,4015.20,5,4015.10,5,4017.10,2,4017.20,7,4017.60,7,4017.70,5,4017.80,5,4017.90,6,4018.00,5,4018.10,8,4018.20,5,4018.30,5,Buy,93,14,107,79.00,86.00,1.00,1.40,85.7,4015.70,4017.10,4015.70,4016.90,14,29,43,-15.00,1.00,-17.00,1.50,6.7,3,51,0.1333,0.0886,39.00,129.00,4024.40,-0.6880,DOWN,58.85,0.7307,1.8564
20260728 232058 943,4017.00,1,4016.70,4017.10,0.40,4016.70,2,4016.60,1,4015.90,1,4015.80,2,4015.60,1,4015.50,7,4015.40,5,4015.30,5,4015.20,5,4015.10,5,4017.10,2,4017.20,7,4017.60,7,4017.70,5,4017.80,5,4017.90,6,4018.00,5,4018.10,8,4018.20,5,4018.30,5,Buy,94,14,108,80.00,86.00,1.00,1.40,92.9,4015.70,4017.10,4015.70,4017.00,14,29,43,-15.00,1.00,-17.00,1.50,6.7,3,51,0.1333,0.0750,40.00,130.00,4024.41,-0.6848,DOWN,58.85,0.7307,1.8564
20260728 232058 943,4017.00,1,4016.70,4017.10,0.40,4016.70,2,4016.60,1,4015.90,1,4015.80,2,4015.60,1,4015.50,7,4015.40,5,4015.30,5,4015.20,5,4015.10,5,4017.10,2,4017.20,7,4017.60,7,4017.70,5,4017.80,5,4017.90,6,4018.00,5,4018.10,8,4018.20,5,4018.30,5,Buy,95,14,109,81.00,86.00,1.00,1.40,92.9,4015.70,4017.10,4015.70,4017.00,14,29,43,-15.00,1.00,-17.00,1.50,6.7,3,51,0.1333,0.0617,41.00,131.00,4024.41,-0.6848,DOWN,58.85,0.7307,1.8564
20260728 232058 943,4017.10,1,4016.70,4017.10,0.40,4016.70,2,4016.60,1,4015.90,1,4015.80,2,4015.60,1,4015.50,7,4015.40,5,4015.30,5,4015.20,5,4015.10,5,4017.10,2,4017.20,7,4017.60,7,4017.70,5,4017.80,5,4017.90,6,4018.00,5,4018.10,8,4018.20,5,4018.30,5,Buy,96,14,110,82.00,86.00,1.00,1.40,100.0,4015.70,4017.10,4015.70,4017.10,14,29,43,-15.00,1.00,-17.00,1.50,6.7,3,51,0.1333,0.0488,42.00,132.00,4024.42,-0.6816,DOWN,58.85,0.7307,1.8564
20260728 232112 039,4016.70,1,4016.60,4017.00,0.40,4016.60,2,4016.50,4,4016.00,3,4015.90,6,4015.80,7,4015.70,5,4015.60,5,4015.50,7,4015.40,5,4015.30,5,4017.00,2,4017.10,4,4017.60,3,4017.70,1,4017.80,3,4017.90,5,4018.00,5,4018.10,5,4018.20,5,4018.30,5,Sell,0,1,1,-1.00,-1.00,-1.00,0.00,0.0,4016.70,4016.70,4016.70,4016.70,96,14,110,82.00,86.00,1.00,1.40,100.0,15,21,0.0488,0.0000,67.00,68.00,4024.38,-0.6943,DOWN,62.15,1.7699,1.7524
20260728 232112 039,4016.70,1,4016.60,4017.00,0.40,4016.60,2,4016.50,4,4016.00,3,4015.90,6,4015.80,7,4015.70,5,4015.60,5,4015.50,7,4015.40,5,4015.30,5,4017.00,2,4017.10,4,4017.60,3,4017.70,1,4017.80,3,4017.90,5,4018.00,5,4018.10,5,4018.20,5,4018.30,5,Sell,0,2,2,-2.00,-1.00,-2.00,0.00,0.0,4016.70,4016.70,4016.70,4016.70,96,14,110,82.00,86.00,1.00,1.40,100.0,15,21,0.0488,0.0000,66.00,67.00,4024.38,-0.6943,DOWN,62.15,1.7699,1.7524
20260728 232112 039,4016.60,1,4016.60,4017.00,0.40,4016.60,2,4016.50,4,4016.00,3,4015.90,6,4015.80,7,4015.70,5,4015.60,5,4015.50,7,4015.40,5,4015.30,5,4017.00,2,4017.10,4,4017.60,3,4017.70,1,4017.80,3,4017.90,5,4018.00,5,4018.10,5,4018.20,5,4018.30,5,Sell,0,3,3,-3.00,-1.00,-3.00,0.10,100.0,4016.70,4016.70,4016.60,4016.60,96,14,110,82.00,86.00,1.00,1.40,100.0,15,21,0.0488,0.0000,65.00,66.00,4024.37,-0.6975,DOWN,62.15,1.7699,1.7595
20260728 232112 039,4016.60,1,4016.60,4017.00,0.40,4016.60,2,4016.50,4,4016.00,3,4015.90,6,4015.80,7,4015.70,5,4015.60,5,4015.50,7,4015.40,5,4015.30,5,4017.00,2,4017.10,4,4017.60,3,4017.70,1,4017.80,3,4017.90,5,4018.00,5,4018.10,5,4018.20,5,4018.30,5,Sell,0,4,4,-4.00,-1.00,-4.00,0.10,100.0,4016.70,4016.70,4016.60,4016.60,96,14,110,82.00,86.00,1.00,1.40,100.0,15,21,0.0488,0.0000,64.00,65.00,4024.37,-0.6975,DOWN,62.15,1.7699,1.7595
20260728 232112 039,4016.60,1,4016.60,4017.00,0.40,4016.60,2,4016.50,4,4016.00,3,4015.90,6,4015.80,7,4015.70,5,4015.60,5,4015.50,7,4015.40,5,4015.30,5,4017.00,2,4017.10,4,4017.60,3,4017.70,1,4017.80,3,4017.90,5,4018.00,5,4018.10,5,4018.20,5,4018.30,5,Sell,0,5,5,-5.00,-1.00,-5.00,0.10,100.0,4016.70,4016.70,4016.60,4016.60,96,14,110,82.00,86.00,1.00,1.40,100.0,15,21,0.0488,0.0000,63.00,64.00,4024.37,-0.6975,DOWN,62.15,1.7699,1.7595
20260728 232112 039,4016.50,1,4016.60,4017.00,0.40,4016.60,2,4016.50,4,4016.00,3,4015.90,6,4015.80,7,4015.70,5,4015.60,5,4015.50,7,4015.40,5,4015.30,5,4017.00,2,4017.10,4,4017.60,3,4017.70,1,4017.80,3,4017.90,5,4018.00,5,4018.10,5,4018.20,5,4018.30,5,Sell,0,6,6,-6.00,-1.00,-6.00,0.20,100.0,4016.70,4016.70,4016.50,4016.50,96,14,110,82.00,86.00,1.00,1.40,100.0,15,21,0.0488,0.0000,62.00,63.00,4024.36,-0.7007,DOWN,62.15,1.7699,1.7667
20260728 232112 039,4016.50,1,4016.60,4017.00,0.40,4016.60,2,4016.50,4,4016.00,3,4015.90,6,4015.80,7,4015.70,5,4015.60,5,4015.50,7,4015.40,5,4015.30,5,4017.00,2,4017.10,4,4017.60,3,4017.70,1,4017.80,3,4017.90,5,4018.00,5,4018.10,5,4018.20,5,4018.30,5,Sell,0,7,7,-7.00,-1.00,-7.00,0.20,100.0,4016.70,4016.70,4016.50,4016.50,96,14,110,82.00,86.00,1.00,1.40,100.0,15,21,0.0488,0.0000,61.00,62.00,4024.36,-0.7007,DOWN,62.15,1.7699,1.7667
20260728 232112 039,4016.50,1,4016.60,4017.00,0.40,4016.60,2,4016.50,4,4016.00,3,4015.90,6,4015.80,7,4015.70,5,4015.60,5,4015.50,7,4015.40,5,4015.30,5,4017.00,2,4017.10,4,4017.60,3,4017.70,1,4017.80,3,4017.90,5,4018.00,5,4018.10,5,4018.20,5,4018.30,5,Sell,0,8,8,-8.00,-1.00,-8.00,0.20,100.0,4016.70,4016.70,4016.50,4016.50,96,14,110,82.00,86.00,1.00,1.40,100.0,15,21,0.0488,0.0000,60.00,61.00,4024.36,-0.7007,DOWN,62.15,1.7699,1.7667
20260728 232114 288,4016.80,1,4016.40,4016.80,0.40,4016.50,2,4016.40,2,4016.00,3,4015.90,6,4015.80,7,4015.70,6,4015.60,5,4015.50,7,4015.40,5,4015.30,5,4016.90,2,4017.00,2,4017.60,3,4017.70,1,4017.80,2,4017.90,5,4018.00,5,4018.10,5,4018.20,5,4018.30,5,Buy,1,8,9,-7.00,-1.00,-8.00,0.30,33.3,4016.70,4016.80,4016.50,4016.80,96,14,110,82.00,86.00,1.00,1.40,100.0,15,21,0.0488,0.1429,61.00,62.00,4024.39,-0.6911,DOWN,62.15,1.7699,1.7667
20260728 232114 801,4016.40,1,4016.30,4016.70,0.40,4016.30,2,4016.20,4,4016.00,3,4015.90,6,4015.80,7,4015.70,5,4015.60,5,4015.50,7,4015.40,5,4015.30,5,4016.70,1,4016.80,2,4017.60,3,4017.70,1,4017.80,2,4017.90,5,4018.00,5,4018.10,5,4018.20,5,4018.30,5,Sell,1,9,10,-8.00,-1.00,-8.00,0.40,75.0,4016.70,4016.80,4016.40,4016.40,96,14,110,82.00,86.00,1.00,1.40,100.0,15,21,0.0488,0.0000,60.00,61.00,4024.35,-0.7038,DOWN,62.15,1.7699,1.7738
20260728 232114 949,4016.70,1,4016.40,4016.80,0.40,4016.40,3,4016.30,3,4016.00,3,4015.90,6,4015.80,8,4015.70,5,4015.60,5,4015.50,7,4015.40,5,4015.30,5,4016.80,1,4016.90,2,4017.60,3,4017.70,1,4017.80,2,4017.90,5,4018.00,6,4018.10,5,4018.20,5,4018.30,5,Buy,2,9,11,-7.00,-1.00,-8.00,0.40,0.0,4016.70,4016.80,4016.40,4016.70,96,14,110,82.00,86.00,1.00,1.40,100.0,15,21,0.0488,0.1429,61.00,62.00,4024.38,-0.6943,DOWN,62.15,1.7699,1.7738
20260728 232116 900,4016.30,1,4016.20,4016.60,0.40,4016.20,3,4016.10,2,4015.90,1,4015.80,7,4015.70,5,4015.60,5,4015.50,7,4015.40,5,4015.30,5,4015.20,5,4016.60,2,4016.70,2,4017.40,3,4017.50,5,4017.60,9,4017.70,6,4017.80,5,4017.90,5,4018.00,5,4018.10,5,Sell,2,10,12,-8.00,-1.00,-8.00,0.50,80.0,4016.70,4016.80,4016.30,4016.30,96,14,110,82.00,86.00,1.00,1.40,100.0,15,21,0.0488,0.0000,60.00,61.00,4024.35,-0.7070,DOWN,62.15,1.7699,1.7809
20260728 232124 322,4016.80,1,4016.70,4016.80,0.10,4016.70,1,4016.60,3,4015.80,3,4015.70,6,4015.60,6,4015.50,7,4015.40,5,4015.30,5,4015.20,5,4015.10,5,4017.10,3,4017.20,3,4017.70,1,4017.90,5,4018.00,5,4018.10,5,4018.20,6,4018.30,5,4018.40,5,4018.50,5,Buy,3,10,13,-7.00,-1.00,-8.00,0.50,20.0,4016.70,4016.80,4016.30,4016.80,96,14,110,82.00,86.00,1.00,1.40,100.0,15,21,0.0488,0.1429,61.00,62.00,4024.39,-0.6911,DOWN,62.15,1.7699,1.7809
20260728 232125 634,4016.60,1,4016.60,4017.00,0.40,4016.60,2,4016.50,3,4015.90,1,4015.80,4,4015.70,5,4015.60,6,4015.50,7,4015.40,5,4015.30,5,4015.20,5,4017.00,2,4017.10,3,4017.70,2,4017.80,2,4017.90,5,4018.00,5,4018.10,6,4018.20,5,4018.30,5,4018.40,5,Sell,3,11,14,-8.00,-1.00,-8.00,0.50,20.0,4016.70,4016.80,4016.30,4016.60,96,14,110,82.00,86.00,1.00,1.40,100.0,15,21,0.0488,0.0000,60.00,61.00,4024.37,-0.6975,DOWN,62.15,1.7699,1.7809
20260728 232125 798,4016.60,1,4016.60,4017.00,0.40,4016.50,3,4016.40,3,4015.90,1,4015.80,4,4015.70,5,4015.60,6,4015.50,7,4015.40,5,4015.30,5,4015.20,5,4017.00,2,4017.10,3,4017.70,2,4017.80,2,4017.90,5,4018.00,5,4018.10,6,4018.20,5,4018.30,5,4018.40,5,Sell,3,12,15,-9.00,-1.00,-9.00,0.50,20.0,4016.70,4016.80,4016.30,4016.60,96,14,110,82.00,86.00,1.00,1.40,100.0,15,21,0.0488,0.0000,59.00,60.00,4024.37,-0.6975,DOWN,62.15,1.7699,1.7809
20260728 232125 798,4016.60,1,4016.60,4017.00,0.40,4016.50,3,4016.40,3,4015.90,1,4015.80,4,4015.70,5,4015.60,6,4015.50,7,4015.40,5,4015.30,5,4015.20,5,4017.00,2,4017.10,3,4017.70,2,4017.80,2,4017.90,5,4018.00,5,4018.10,6,4018.20,5,4018.30,5,4018.40,5,Sell,3,13,16,-10.00,-1.00,-10.00,0.50,20.0,4016.70,4016.80,4016.30,4016.60,96,14,110,82.00,86.00,1.00,1.40,100.0,15,21,0.0488,0.0000,58.00,59.00,4024.37,-0.6975,DOWN,62.15,1.7699,1.7809
20260728 232133 269,4017.00,1,4016.60,4017.00,0.40,4016.60,2,4016.50,6,4015.80,9,4015.70,5,4015.60,6,4015.50,7,4015.40,5,4015.30,5,4015.20,5,4015.10,5,4017.10,3,4017.20,3,4017.70,7,4017.80,5,4017.90,5,4018.00,5,4018.10,5,4018.20,5,4018.30,5,4018.40,5,Buy,4,13,17,-9.00,-1.00,-10.00,0.70,42.9,4016.70,4017.00,4016.30,4017.00,96,14,110,82.00,86.00,1.00,1.40,100.0,15,21,0.0488,0.1111,59.00,60.00,4024.41,-0.6848,DOWN,62.15,1.7699,1.7809
20260728 232156 649,4017.40,3,4017.00,4017.40,0.40,4017.00,2,4016.90,2,4016.10,3,4016.00,6,4015.90,5,4015.80,7,4015.70,5,4015.60,5,4015.50,7,4015.40,5,4017.40,3,4017.50,2,4017.70,1,4018.00,1,4018.10,3,4018.20,5,4018.30,7,4018.40,6,4018.50,5,4018.60,5,Sell,4,16,20,-12.00,-1.00,-12.00,1.10,63.6,4016.70,4017.40,4016.30,4017.40,96,14,110,82.00,86.00,1.00,1.40,100.0,15,21,0.0488,0.0000,56.00,57.00,4024.45,-0.6721,DOWN,62.15,1.7699,1.8024
20260728 232156 649,4017.50,1,4017.00,4017.40,0.40,4017.00,2,4016.90,2,4016.10,3,4016.00,6,4015.90,5,4015.80,7,4015.70,5,4015.60,5,4015.50,7,4015.40,5,4017.40,3,4017.50,2,4017.70,1,4018.00,1,4018.10,3,4018.20,5,4018.30,7,4018.40,6,4018.50,5,4018.60,5,Buy,5,16,21,-11.00,-1.00,-12.00,1.20,66.7,4016.70,4017.50,4016.30,4017.50,96,14,110,82.00,86.00,1.00,1.40,100.0,15,21,0.0488,0.0909,57.00,58.00,4024.46,-0.6689,DOWN,62.15,1.7699,1.8095
20260728 232159 677,4017.40,1,4017.10,4017.50,0.40,4017.10,2,4017.00,2,4016.10,4,4016.00,6,4015.90,5,4015.80,7,4015.70,5,4015.60,5,4015.50,7,4015.40,5,4017.50,3,4017.60,4,4017.70,1,4018.00,1,4018.10,3,4018.20,5,4018.30,7,4018.40,5,4018.50,5,4018.60,5,Buy,6,16,22,-10.00,-1.00,-12.00,1.20,58.3,4016.70,4017.50,4016.30,4017.40,96,14,110,82.00,86.00,1.00,1.40,100.0,15,21,0.0488,0.2000,58.00,59.00,4024.45,-0.6721,DOWN,62.15,1.7699,1.8095
20260728 232159 677,4017.50,1,4017.10,4017.50,0.40,4017.10,2,4017.00,2,4016.10,4,4016.00,6,4015.90,5,4015.80,7,4015.70,5,4015.60,5,4015.50,7,4015.40,5,4017.50,3,4017.60,4,4017.70,1,4018.00,1,4018.10,3,4018.20,5,4018.30,7,4018.40,5,4018.50,5,4018.60,5,Buy,7,16,23,-9.00,-1.00,-12.00,1.20,66.7,4016.70,4017.50,4016.30,4017.50,96,14,110,82.00,86.00,1.00,1.40,100.0,15,21,0.0488,0.3333,59.00,60.00,4024.46,-0.6689,DOWN,62.15,1.7699,1.8095
20260728 232159 677,4017.50,1,4017.10,4017.50,0.40,4017.10,2,4017.00,2,4016.10,4,4016.00,6,4015.90,5,4015.80,7,4015.70,5,4015.60,5,4015.50,7,4015.40,5,4017.50,3,4017.60,4,4017.70,1,4018.00,1,4018.10,3,4018.20,5,4018.30,7,4018.40,5,4018.50,5,4018.60,5,Buy,8,16,24,-8.00,-1.00,-12.00,1.20,66.7,4016.70,4017.50,4016.30,4017.50,96,14,110,82.00,86.00,1.00,1.40,100.0,15,21,0.0488,0.5000,60.00,61.00,4024.46,-0.6689,DOWN,62.15,1.7699,1.8095
20260728 232200 175,4017.50,1,4017.10,4017.50,0.40,4017.10,2,4017.00,2,4016.10,3,4016.00,6,4015.90,5,4015.80,7,4015.70,5,4015.60,5,4015.50,7,4015.40,5,4017.50,1,4017.60,4,4017.70,1,4018.00,1,4018.10,3,4018.20,5,4018.30,7,4018.40,6,4018.50,5,4018.60,5,Buy,1,0,1,1.00,1.00,1.00,0.00,0.0,4017.50,4017.50,4017.50,4017.50,8,16,24,-8.00,-1.00,-12.00,1.20,66.7,6,18,0.5000,0.0000,69.00,18.00,4024.46,-0.6689,DOWN,61.75,0.3887,1.6803
20260728 232206 405,4017.10,1,4017.10,4017.40,0.30,4017.00,3,4016.90,2,4016.10,8,4016.00,6,4015.90,5,4015.80,7,4015.70,5,4015.60,6,4015.50,7,4015.40,5,4017.40,1,4017.50,4,4017.90,2,4018.00,1,4018.10,3,4018.20,5,4018.30,5,4018.40,6,4018.50,5,4018.60,5,Sell,1,1,2,0.00,1.00,0.00,0.40,100.0,4017.50,4017.50,4017.10,4017.10,8,16,24,-8.00,-1.00,-12.00,1.20,66.7,6,18,0.5000,1.0000,68.00,17.00,4024.42,-0.6816,DOWN,61.75,0.3887,1.7088
20260728 232206 405,4017.10,1,4017.10,4017.40,0.30,4017.00,3,4016.90,2,4016.10,8,4016.00,6,4015.90,5,4015.80,7,4015.70,5,4015.60,6,4015.50,7,4015.40,5,4017.40,1,4017.50,4,4017.90,2,4018.00,1,4018.10,3,4018.20,5,4018.30,5,4018.40,6,4018.50,5,4018.60,5,Sell,1,2,3,-1.00,1.00,-1.00,0.40,100.0,4017.50,4017.50,4017.10,4017.10,8,16,24,-8.00,-1.00,-12.00,1.20,66.7,6,18,0.5000,0.0000,67.00,16.00,4024.42,-0.6816,DOWN,61.75,0.3887,1.7088
20260728 232212 915,4017.20,1,4017.20,4017.50,0.30,4017.20,1,4017.10,3,4016.10,9,4016.00,6,4015.90,5,4015.80,7,4015.70,5,4015.60,5,4015.50,7,4015.40,5,4017.50,2,4017.70,3,4017.80,4,4017.90,2,4018.00,1,4018.10,3,4018.20,5,4018.30,5,4018.40,5,4018.50,5,Sell,1,3,4,-2.00,1.00,-2.00,0.40,75.0,4017.50,4017.50,4017.10,4017.20,8,16,24,-8.00,-1.00,-12.00,1.20,66.7,6,18,0.5000,0.0000,66.00,15.00,4024.43,-0.6784,DOWN,61.75,0.3887,1.7088
20260728 232213 821,4017.50,1,4017.40,4017.50,0.10,4017.40,1,4017.30,2,4016.10,9,4016.00,6,4015.90,5,4015.80,7,4015.70,5,4015.60,5,4015.50,7,4015.40,5,4017.50,1,4017.80,1,4017.90,2,4018.00,1,4018.30,2,4018.40,5,4018.50,5,4018.60,5,4018.70,6,4018.80,5,Buy,2,3,5,-1.00,1.00,-2.00,0.40,0.0,4017.50,4017.50,4017.10,4017.50,8,16,24,-8.00,-1.00,-12.00,1.20,66.7,6,18,0.5000,1.0000,67.00,16.00,4024.46,-0.6689,DOWN,61.75,0.3887,1.7088
20260728 232216 158,4017.50,1,4017.40,4017.50,0.10,4017.40,3,4017.30,1,4016.30,4,4016.20,5,4016.10,8,4016.00,6,4015.90,5,4015.80,7,4015.70,5,4015.60,5,4017.50,1,4017.90,1,4018.00,6,4018.30,2,4018.40,5,4018.50,5,4018.60,5,4018.70,6,4018.80,5,4018.90,5,Buy,3,3,6,0.00,1.00,-2.00,0.40,0.0,4017.50,4017.50,4017.10,4017.50,8,16,24,-8.00,-1.00,-12.00,1.20,66.7,6,18,0.5000,1.0000,68.00,17.00,4024.46,-0.6689,DOWN,61.75,0.3887,1.7088
20260728 232223 264,4018.00,1,4017.60,4018.00,0.40,4017.60,1,4017.50,2,4016.80,2,4016.60,3,4016.50,5,4016.40,5,4016.20,5,4016.10,1,4016.00,1,4015.90,1,4018.00,2,4018.10,4,4018.30,2,4018.40,5,4018.50,5,4018.60,5,4018.70,6,4018.80,6,4018.90,5,4019.00,6,Buy,4,3,7,1.00,1.00,-2.00,0.90,55.6,4017.50,4018.00,4017.10,4018.00,8,16,24,-8.00,-1.00,-12.00,1.20,66.7,6,18,0.5000,0.0000,69.00,18.00,4024.51,-0.6530,DOWN,61.75,0.3887,1.7446
20260728 232225 163,4018.00,1,4017.60,4018.00,0.40,4017.60,1,4017.50,1,4016.60,3,4016.50,6,4016.40,5,4016.20,5,4016.10,6,4016.00,1,4015.80,1,4015.60,5,4018.00,2,4018.10,2,4018.30,2,4018.40,5,4018.50,5,4018.60,5,4018.70,6,4018.80,6,4018.90,5,4019.00,6,Buy,5,3,8,2.00,2.00,-2.00,0.90,55.6,4017.50,4018.00,4017.10,4018.00,8,16,24,-8.00,-1.00,-12.00,1.20,66.7,6,18,0.5000,0.0000,70.00,19.00,4024.51,-0.6530,DOWN,61.75,0.3887,1.7446
20260728 232225 163,4018.00,1,4017.60,4018.00,0.40,4017.60,1,4017.50,1,4016.60,3,4016.50,6,4016.40,5,4016.20,5,4016.10,6,4016.00,1,4015.80,1,4015.60,5,4018.00,2,4018.10,2,4018.30,2,4018.40,5,4018.50,5,4018.60,5,4018.70,6,4018.80,6,4018.90,5,4019.00,6,Buy,6,3,9,3.00,3.00,-2.00,0.90,55.6,4017.50,4018.00,4017.10,4018.00,8,16,24,-8.00,-1.00,-12.00,1.20,66.7,6,18,0.5000,0.0000,71.00,20.00,4024.51,-0.6530,DOWN,61.75,0.3887,1.7446
20260728 232225 163,4018.00,1,4017.60,4018.00,0.40,4017.60,1,4017.50,1,4016.60,3,4016.50,6,4016.40,5,4016.20,5,4016.10,6,4016.00,1,4015.80,1,4015.60,5,4018.00,2,4018.10,2,4018.30,2,4018.40,5,4018.50,5,4018.60,5,4018.70,6,4018.80,6,4018.90,5,4019.00,6,Buy,7,3,10,4.00,4.00,-2.00,0.90,55.6,4017.50,4018.00,4017.10,4018.00,8,16,24,-8.00,-1.00,-12.00,1.20,66.7,6,18,0.5000,0.0000,72.00,21.00,4024.51,-0.6530,DOWN,61.75,0.3887,1.7446
20260728 232225 163,4018.10,1,4017.60,4018.00,0.40,4017.60,1,4017.50,1,4016.60,3,4016.50,6,4016.40,5,4016.20,5,4016.10,6,4016.00,1,4015.80,1,4015.60,5,4018.00,2,4018.10,2,4018.30,2,4018.40,5,4018.50,5,4018.60,5,4018.70,6,4018.80,6,4018.90,5,4019.00,6,Buy,8,3,11,5.00,5.00,-2.00,1.00,60.0,4017.50,4018.10,4017.10,4018.10,8,16,24,-8.00,-1.00,-12.00,1.20,66.7,6,18,0.5000,0.0000,73.00,22.00,4024.52,-0.6499,DOWN,61.75,0.3887,1.7517
20260728 232225 163,4018.10,1,4017.60,4018.00,0.40,4017.60,1,4017.50,1,4016.60,3,4016.50,6,4016.40,5,4016.20,5,4016.10,6,4016.00,1,4015.80,1,4015.60,5,4018.00,2,4018.10,2,4018.30,2,4018.40,5,4018.50,5,4018.60,5,4018.70,6,4018.80,6,4018.90,5,4019.00,6,Buy,9,3,12,6.00,6.00,-2.00,1.00,60.0,4017.50,4018.10,4017.10,4018.10,8,16,24,-8.00,-1.00,-12.00,1.20,66.7,6,18,0.5000,0.0000,74.00,23.00,4024.52,-0.6499,DOWN,61.75,0.3887,1.7517
20260728 232227 032,4018.00,1,4017.60,4018.00,0.40,4017.60,2,4017.50,1,4016.60,2,4016.50,6,4016.40,5,4016.20,5,4016.10,6,4016.00,6,4015.90,5,4015.80,6,4018.00,1,4018.10,4,4018.70,10,4018.80,6,4018.90,6,4019.00,6,4019.10,5,4019.20,5,4019.30,6,4019.40,5,Buy,10,3,13,7.00,7.00,-2.00,1.00,50.0,4017.50,4018.10,4017.10,4018.00,8,16,24,-8.00,-1.00,-12.00,1.20,66.7,6,18,0.5000,0.0000,75.00,24.00,4024.51,-0.6530,DOWN,61.75,0.3887,1.7517
20260728 232227 032,4018.00,1,4017.60,4018.00,0.40,4017.60,2,4017.50,1,4016.60,2,4016.50,6,4016.40,5,4016.20,5,4016.10,6,4016.00,6,4015.90,5,4015.80,6,4018.00,1,4018.10,4,4018.70,10,4018.80,6,4018.90,6,4019.00,6,4019.10,5,4019.20,5,4019.30,6,4019.40,5,Buy,11,3,14,8.00,8.00,-2.00,1.00,50.0,4017.50,4018.10,4017.10,4018.00,8,16,24,-8.00,-1.00,-12.00,1.20,66.7,6,18,0.5000,0.0000,76.00,25.00,4024.51,-0.6530,DOWN,61.75,0.3887,1.7517
20260728 232227 221,4018.00,1,4017.70,4018.20,0.50,4017.70,2,4017.60,2,4016.70,2,4016.60,2,4016.50,5,4016.40,5,4016.20,5,4016.10,6,4016.00,6,4015.90,5,4018.20,3,4018.30,4,4018.70,10,4018.80,5,4018.90,6,4019.00,6,4019.10,5,4019.20,5,4019.30,6,4019.40,5,Buy,12,3,15,9.00,9.00,-2.00,1.00,50.0,4017.50,4018.10,4017.10,4018.00,8,16,24,-8.00,-1.00,-12.00,1.20,66.7,6,18,0.5000,0.0000,77.00,26.00,4024.51,-0.6530,DOWN,61.75,0.3887,1.7517
20260728 232227 221,4018.00,1,4017.70,4018.20,0.50,4017.70,2,4017.60,2,4016.70,2,4016.60,2,4016.50,5,4016.40,5,4016.20,5,4016.10,6,4016.00,6,4015.90,5,4018.20,3,4018.30,4,4018.70,10,4018.80,5,4018.90,6,4019.00,6,4019.10,5,4019.20,5,4019.30,6,4019.40,5,Buy,13,3,16,10.00,10.00,-2.00,1.00,50.0,4017.50,4018.10,4017.10,4018.00,8,16,24,-8.00,-1.00,-12.00,1.20,66.7,6,18,0.5000,0.0000,78.00,27.00,4024.51,-0.6530,DOWN,61.75,0.3887,1.7517
20260728 232227 225,4018.00,1,4017.70,4018.20,0.50,4017.70,2,4017.60,2,4016.70,2,4016.60,2,4016.50,5,4016.40,5,4016.20,5,4016.10,6,4016.00,6,4015.90,5,4018.20,3,4018.30,4,4018.70,10,4018.80,5,4018.90,6,4019.00,6,4019.10,5,4019.20,5,4019.30,6,4019.40,5,Buy,14,3,17,11.00,11.00,-2.00,1.00,50.0,4017.50,4018.10,4017.10,4018.00,8,16,24,-8.00,-1.00,-12.00,1.20,66.7,6,18,0.5000,0.0000,79.00,28.00,4024.51,-0.6530,DOWN,61.75,0.3887,1.7517
20260728 232227 225,4018.10,1,4017.70,4018.20,0.50,4017.70,2,4017.60,2,4016.70,2,4016.60,2,4016.50,5,4016.40,5,4016.20,5,4016.10,6,4016.00,6,4015.90,5,4018.20,3,4018.30,4,4018.70,10,4018.80,5,4018.90,6,4019.00,6,4019.10,5,4019.20,5,4019.30,6,4019.40,5,Buy,15,3,18,12.00,12.00,-2.00,1.00,60.0,4017.50,4018.10,4017.10,4018.10,8,16,24,-8.00,-1.00,-12.00,1.20,66.7,6,18,0.5000,0.0000,80.00,29.00,4024.52,-0.6499,DOWN,61.75,0.3887,1.7517
20260728 232227 228,4018.10,1,4017.70,4018.20,0.50,4017.70,2,4017.60,2,4016.70,2,4016.60,2,4016.50,5,4016.40,5,4016.20,5,4016.10,6,4016.00,6,4015.90,5,4018.20,3,4018.30,4,4018.70,10,4018.80,5,4018.90,6,4019.00,6,4019.10,5,4019.20,5,4019.30,6,4019.40,5,Buy,16,3,19,13.00,13.00,-2.00,1.00,60.0,4017.50,4018.10,4017.10,4018.10,8,16,24,-8.00,-1.00,-12.00,1.20,66.7,6,18,0.5000,0.0000,81.00,30.00,4024.52,-0.6499,DOWN,61.75,0.3887,1.7517
20260728 232227 228,4018.10,1,4017.70,4018.20,0.50,4017.70,2,4017.60,2,4016.70,2,4016.60,2,4016.50,5,4016.40,5,4016.20,5,4016.10,6,4016.00,6,4015.90,5,4018.20,3,4018.30,4,4018.70,10,4018.80,5,4018.90,6,4019.00,6,4019.10,5,4019.20,5,4019.30,6,4019.40,5,Buy,17,3,20,14.00,14.00,-2.00,1.00,60.0,4017.50,4018.10,4017.10,4018.10,8,16,24,-8.00,-1.00,-12.00,1.20,66.7,6,18,0.5000,0.0000,82.00,31.00,4024.52,-0.6499,DOWN,61.75,0.3887,1.7517
20260728 232227 228,4018.20,1,4017.70,4018.20,0.50,4017.70,2,4017.60,2,4016.70,2,4016.60,2,4016.50,5,4016.40,5,4016.20,5,4016.10,6,4016.00,6,4015.90,5,4018.20,3,4018.30,4,4018.70,10,4018.80,5,4018.90,6,4019.00,6,4019.10,5,4019.20,5,4019.30,6,4019.40,5,Buy,18,3,21,15.00,15.00,-2.00,1.10,63.6,4017.50,4018.20,4017.10,4018.20,8,16,24,-8.00,-1.00,-12.00,1.20,66.7,6,18,0.5000,0.0000,83.00,32.00,4024.53,-0.6467,DOWN,61.75,0.3887,1.7588
20260728 232227 228,4018.20,1,4017.70,4018.20,0.50,4017.70,2,4017.60,2,4016.70,2,4016.60,2,4016.50,5,4016.40,5,4016.20,5,4016.10,6,4016.00,6,4015.90,5,4018.20,3,4018.30,4,4018.70,10,4018.80,5,4018.90,6,4019.00,6,4019.10,5,4019.20,5,4019.30,6,4019.40,5,Buy,19,3,22,16.00,16.00,-2.00,1.10,63.6,4017.50,4018.20,4017.10,4018.20,8,16,24,-8.00,-1.00,-12.00,1.20,66.7,6,18,0.5000,0.0000,84.00,33.00,4024.53,-0.6467,DOWN,61.75,0.3887,1.7588
20260728 232227 607,4017.70,1,4017.60,4017.90,0.30,4017.60,1,4017.50,1,4016.70,1,4016.60,2,4016.50,5,4016.40,5,4016.20,5,4016.10,6,4016.00,6,4015.90,5,4017.90,2,4018.00,7,4018.60,2,4018.70,10,4018.80,5,4018.90,6,4019.00,6,4019.10,5,4019.20,5,4019.30,6,Sell,19,4,23,15.00,16.00,-2.00,1.10,18.2,4017.50,4018.20,4017.10,4017.70,8,16,24,-8.00,-1.00,-12.00,1.20,66.7,6,18,0.5000,0.0667,83.00,32.00,4024.48,-0.6626,DOWN,61.75,0.3887,1.7588
20260728 232227 607,4017.70,1,4017.60,4017.90,0.30,4017.60,1,4017.50,1,4016.70,1,4016.60,2,4016.50,5,4016.40,5,4016.20,5,4016.10,6,4016.00,6,4015.90,5,4017.90,2,4018.00,7,4018.60,2,4018.70,10,4018.80,5,4018.90,6,4019.00,6,4019.10,5,4019.20,5,4019.30,6,Sell,19,5,24,14.00,16.00,-2.00,1.10,18.2,4017.50,4018.20,4017.10,4017.70,8,16,24,-8.00,-1.00,-12.00,1.20,66.7,6,18,0.5000,0.1429,82.00,31.00,4024.48,-0.6626,DOWN,61.75,0.3887,1.7588
20260728 232228 245,4017.90,1,4017.60,4017.90,0.30,4017.60,1,4017.50,1,4016.70,1,4016.60,2,4016.50,5,4016.40,5,4016.20,5,4016.10,6,4016.00,6,4015.90,5,4017.90,1,4018.00,7,4018.50,1,4018.60,1,4018.70,10,4018.80,5,4018.90,6,4019.00,6,4019.10,5,4019.20,5,Buy,20,5,25,15.00,16.00,-2.00,1.10,36.4,4017.50,4018.20,4017.10,4017.90,8,16,24,-8.00,-1.00,-12.00,1.20,66.7,6,18,0.5000,0.0667,83.00,32.00,4024.50,-0.6562,DOWN,61.75,0.3887,1.7588
20260728 232235 864,4018.00,1,4017.60,4018.00,0.40,4017.60,3,4017.50,3,4016.80,2,4016.70,1,4016.60,7,4016.50,5,4016.40,5,4016.30,5,4016.20,5,4016.10,6,4018.00,2,4018.10,5,4018.70,11,4018.80,5,4018.90,5,4019.00,6,4019.10,5,4019.20,5,4019.30,6,4019.40,5,Buy,21,5,26,16.00,16.00,-2.00,1.10,45.5,4017.50,4018.20,4017.10,4018.00,8,16,24,-8.00,-1.00,-12.00,1.20,66.7,6,18,0.5000,0.0000,84.00,33.00,4024.51,-0.6530,DOWN,61.75,0.3887,1.7588
20260728 232242 727,4017.60,1,4017.60,4017.90,0.30,4017.40,1,4017.30,2,4016.70,2,4016.60,2,4016.50,5,4016.40,5,4016.30,5,4016.20,5,4016.10,6,4016.00,6,4017.70,2,4017.80,3,4018.50,4,4018.60,6,4018.70,10,4018.80,5,4018.90,5,4019.00,6,4019.10,5,4019.20,5,Sell,21,6,27,15.00,16.00,-2.00,1.10,9.1,4017.50,4018.20,4017.10,4017.60,8,16,24,-8.00,-1.00,-12.00,1.20,66.7,6,18,0.5000,0.0667,83.00,32.00,4024.47,-0.6657,DOWN,61.75,0.3887,1.7588
20260728 232242 727,4017.50,1,4017.60,4017.90,0.30,4017.40,1,4017.30,2,4016.70,2,4016.60,2,4016.50,5,4016.40,5,4016.30,5,4016.20,5,4016.10,6,4016.00,6,4017.70,2,4017.80,3,4018.50,4,4018.60,6,4018.70,10,4018.80,5,4018.90,5,4019.00,6,4019.10,5,4019.20,5,Sell,21,7,28,14.00,16.00,-2.00,1.10,0.0,4017.50,4018.20,4017.10,4017.50,8,16,24,-8.00,-1.00,-12.00,1.20,66.7,6,18,0.5000,0.1429,82.00,31.00,4024.46,-0.6689,DOWN,61.75,0.3887,1.7588
20260728 232244 683,4017.40,1,4017.20,4017.60,0.40,4017.20,1,4017.10,3,4016.60,2,4016.50,5,4016.40,5,4016.30,5,4016.20,5,4016.10,7,4016.00,6,4015.90,5,4017.60,3,4017.70,2,4018.30,2,4018.40,5,4018.50,8,4018.60,6,4018.70,7,4018.80,5,4018.90,5,4019.00,6,Buy,22,7,29,15.00,16.00,-2.00,1.10,9.1,4017.50,4018.20,4017.10,4017.40,8,16,24,-8.00,-1.00,-12.00,1.20,66.7,6,18,0.5000,0.0667,83.00,32.00,4024.45,-0.6721,DOWN,61.75,0.3887,1.7588
20260728 232301 656,4017.70,1,4017.60,4018.10,0.50,4017.60,2,4017.50,3,4016.70,5,4016.60,5,4016.50,5,4016.40,5,4016.30,5,4016.20,5,4016.10,6,4016.00,6,4018.10,3,4018.20,2,4018.60,2,4018.70,8,4018.80,7,4018.90,5,4019.00,6,4019.10,5,4019.20,5,4019.30,6,Sell,0,1,1,-1.00,-1.00,-1.00,0.00,0.0,4017.70,4017.70,4017.70,4017.70,22,7,29,15.00,16.00,-2.00,1.10,9.1,0,12,0.0667,0.0000,73.00,0.00,4024.48,-0.6626,DOWN,60.30,0.4809,1.6546
20260728 232305 682,4017.90,1,4017.70,4018.10,0.40,4017.70,2,4017.60,2,4016.70,8,4016.60,5,4016.50,5,4016.40,5,4016.30,5,4016.20,5,4016.10,6,4016.00,6,4018.10,2,4018.20,4,4018.60,2,4018.70,7,4018.80,5,4018.90,5,4019.00,6,4019.10,5,4019.20,5,4019.30,6,Buy,1,1,2,0.00,0.00,-1.00,0.20,100.0,4017.70,4017.90,4017.70,4017.90,22,7,29,15.00,16.00,-2.00,1.10,9.1,0,12,0.0667,0.0000,74.00,1.00,4024.50,-0.6562,DOWN,60.30,0.4809,1.6689
20260728 232305 683,4017.90,13,4017.70,4018.10,0.40,4017.70,2,4017.60,2,4016.70,8,4016.60,5,4016.50,5,4016.40,5,4016.30,5,4016.20,5,4016.10,6,4016.00,6,4018.10,2,4018.20,4,4018.60,2,4018.70,7,4018.80,5,4018.90,5,4019.00,6,4019.10,5,4019.20,5,4019.30,6,Sell,1,14,15,-13.00,0.00,-13.00,0.20,100.0,4017.70,4017.90,4017.70,4017.90,22,7,29,15.00,16.00,-2.00,1.10,9.1,0,12,0.0667,0.0000,61.00,-12.00,4024.50,-0.6562,DOWN,60.30,0.4809,1.6689
20260728 232323 175,4018.10,1,4017.70,4018.10,0.40,4017.70,2,4017.60,3,4016.80,1,4016.70,7,4016.60,5,4016.50,5,4016.40,5,4016.30,5,4016.20,5,4016.10,6,4018.10,1,4018.20,2,4018.60,3,4018.70,7,4018.80,5,4018.90,5,4019.00,6,4019.10,5,4019.20,5,4019.30,6,Buy,2,14,16,-12.00,0.00,-13.00,0.40,100.0,4017.70,4018.10,4017.70,4018.10,22,7,29,15.00,16.00,-2.00,1.10,9.1,0,12,0.0667,0.0833,62.00,-11.00,4024.52,-0.6499,DOWN,60.30,0.4809,1.6832
20260728 232323 175,4018.10,1,4017.70,4018.10,0.40,4017.70,2,4017.60,3,4016.80,1,4016.70,7,4016.60,5,4016.50,5,4016.40,5,4016.30,5,4016.20,5,4016.10,6,4018.10,1,4018.20,2,4018.60,3,4018.70,7,4018.80,5,4018.90,5,4019.00,6,4019.10,5,4019.20,5,4019.30,6,Buy,3,14,17,-11.00,0.00,-13.00,0.40,100.0,4017.70,4018.10,4017.70,4018.10,22,7,29,15.00,16.00,-2.00,1.10,9.1,0,12,0.0667,0.1818,63.00,-10.00,4024.52,-0.6499,DOWN,60.30,0.4809,1.6832
20260728 232330 587,4017.50,1,4017.20,4017.50,0.30,4017.30,1,4017.20,2,4016.70,1,4016.60,5,4016.50,5,4016.40,5,4016.30,5,4016.20,5,4016.10,6,4016.00,6,4017.70,3,4017.80,2,4018.30,3,4018.40,6,4018.50,6,4018.60,8,4018.70,7,4018.80,6,4018.90,6,4019.00,6,Buy,4,14,18,-10.00,0.00,-13.00,0.60,33.3,4017.70,4018.10,4017.50,4017.50,22,7,29,15.00,16.00,-2.00,1.10,9.1,0,12,0.0667,0.3000,64.00,-9.00,4024.46,-0.6689,DOWN,60.30,0.4809,1.6832
20260728 232341 624,4017.50,1,4017.50,4017.90,0.40,4017.50,1,4017.40,4,4016.70,3,4016.60,5,4016.50,5,4016.40,5,4016.30,5,4016.20,5,4016.10,6,4016.00,6,4017.90,3,4018.00,2,4018.40,3,4018.50,5,4018.60,9,4018.70,7,4018.80,6,4018.90,6,4019.00,6,4019.10,5,Sell,4,15,19,-11.00,0.00,-13.00,0.60,33.3,4017.70,4018.10,4017.50,4017.50,22,7,29,15.00,16.00,-2.00,1.10,9.1,0,12,0.0667,0.1818,63.00,-10.00,4024.46,-0.6689,DOWN,60.30,0.4809,1.6832
20260728 232341 624,4017.50,1,4017.50,4017.90,0.40,4017.50,1,4017.40,4,4016.70,3,4016.60,5,4016.50,5,4016.40,5,4016.30,5,4016.20,5,4016.10,6,4016.00,6,4017.90,3,4018.00,2,4018.40,3,4018.50,5,4018.60,9,4018.70,7,4018.80,6,4018.90,6,4019.00,6,4019.10,5,Sell,4,16,20,-12.00,0.00,-13.00,0.60,33.3,4017.70,4018.10,4017.50,4017.50,22,7,29,15.00,16.00,-2.00,1.10,9.1,0,12,0.0667,0.0833,62.00,-11.00,4024.46,-0.6689,DOWN,60.30,0.4809,1.6832
20260728 232341 624,4017.40,1,4017.50,4017.90,0.40,4017.50,1,4017.40,4,4016.70,3,4016.60,5,4016.50,5,4016.40,5,4016.30,5,4016.20,5,4016.10,6,4016.00,6,4017.90,3,4018.00,2,4018.40,3,4018.50,5,4018.60,9,4018.70,7,4018.80,6,4018.90,6,4019.00,6,4019.10,5,Sell,4,17,21,-13.00,0.00,-13.00,0.70,42.9,4017.70,4018.10,4017.40,4017.40,22,7,29,15.00,16.00,-2.00,1.10,9.1,0,12,0.0667,0.0000,61.00,-12.00,4024.45,-0.6721,DOWN,60.30,0.4809,1.6832
20260728 232347 910,4017.90,1,4017.50,4017.90,0.40,4017.50,2,4017.40,5,4016.70,3,4016.60,5,4016.50,5,4016.40,5,4016.30,5,4016.20,5,4016.10,6,4016.00,6,4017.90,2,4018.00,2,4018.40,1,4018.50,5,4018.60,7,4018.70,7,4018.80,6,4018.90,6,4019.00,6,4019.10,5,Buy,5,17,22,-12.00,0.00,-13.00,0.70,28.6,4017.70,4018.10,4017.40,4017.90,22,7,29,15.00,16.00,-2.00,1.10,9.1,0,12,0.0667,0.0833,62.00,-11.00,4024.50,-0.6562,DOWN,60.30,0.4809,1.6832
20260728 232355 255,4017.80,1,4017.80,4018.20,0.40,4017.80,1,4017.70,2,4017.50,1,4016.90,2,4016.80,5,4016.70,5,4016.60,5,4016.50,5,4016.40,5,4016.30,5,4018.10,2,4018.20,4,4018.60,3,4018.70,6,4018.80,5,4018.90,6,4019.00,6,4019.10,5,4019.20,5,4019.30,6,Sell,5,18,23,-13.00,0.00,-13.00,0.70,14.3,4017.70,4018.10,4017.40,4017.80,22,7,29,15.00,16.00,-2.00,1.10,9.1,0,12,0.0667,0.0000,61.00,-12.00,4024.49,-0.6594,DOWN,60.30,0.4809,1.6832
20260728 232400 109,4018.30,1,4018.10,4018.50,0.40,4018.10,2,4018.00,4,4017.50,2,4017.10,2,4017.00,1,4016.90,5,4016.80,5,4016.70,5,4016.60,5,4016.50,5,4018.50,2,4018.60,3,4018.70,1,4018.90,2,4019.00,6,4019.10,5,4019.20,5,4019.30,6,4019.40,5,4019.50,6,Sell,0,1,1,-1.00,-1.00,-1.00,0.00,0.0,4018.30,4018.30,4018.30,4018.30,5,18,23,-13.00,0.00,-13.00,0.70,14.3,-6,18,0.0000,0.0000,75.00,-11.00,4024.54,-0.6435,DOWN,60.00,0.3833,1.5987
20260728 232400 109,4018.20,1,4018.10,4018.50,0.40,4018.10,2,4018.00,4,4017.50,2,4017.10,2,4017.00,1,4016.90,5,4016.80,5,4016.70,5,4016.60,5,4016.50,5,4018.50,2,4018.60,3,4018.70,1,4018.90,2,4019.00,6,4019.10,5,4019.20,5,4019.30,6,4019.40,5,4019.50,6,Sell,0,2,2,-2.00,-1.00,-2.00,0.10,100.0,4018.30,4018.30,4018.20,4018.20,5,18,23,-13.00,0.00,-13.00,0.70,14.3,-6,18,0.0000,0.0000,74.00,-12.00,4024.53,-0.6467,DOWN,60.00,0.3833,1.5987
20260728 232405 398,4018.70,1,4018.60,4018.90,0.30,4018.60,2,4018.50,3,4017.60,2,4017.50,8,4017.40,5,4017.30,7,4017.20,5,4017.10,5,4017.00,5,4016.90,5,4018.90,1,4019.00,3,4019.10,2,4019.30,6,4019.40,5,4019.50,6,4019.60,7,4019.70,5,4019.80,5,4019.90,6,Buy,1,2,3,-1.00,-1.00,-2.00,0.50,80.0,4018.30,4018.70,4018.20,4018.70,5,18,23,-13.00,0.00,-13.00,0.70,14.3,-6,18,0.0000,1.0000,75.00,-11.00,4024.57,-0.6308,DOWN,60.00,0.3833,1.6273
20260728 232405 612,4018.70,1,4018.70,4018.90,0.20,4018.70,1,4018.60,3,4017.80,2,4017.70,5,4017.60,8,4017.50,7,4017.40,5,4017.30,5,4017.20,5,4017.10,5,4018.90,1,4019.00,1,4019.10,2,4019.20,3,4019.50,1,4019.60,1,4019.90,1,4020.00,3,4020.10,7,4020.20,7,Sell,1,3,4,-2.00,-1.00,-2.00,0.50,80.0,4018.30,4018.70,4018.20,4018.70,5,18,23,-13.00,0.00,-13.00,0.70,14.3,-6,18,0.0000,0.0000,74.00,-12.00,4024.57,-0.6308,DOWN,60.00,0.3833,1.6273
20260728 232409 126,4018.90,1,4018.50,4018.90,0.40,4018.50,2,4018.40,3,4017.70,2,4017.60,5,4017.50,7,4017.40,5,4017.30,6,4017.20,5,4017.10,5,4017.00,5,4018.90,3,4019.00,3,4019.40,1,4019.50,1,4019.60,1,4019.70,5,4019.80,6,4019.90,6,4020.00,8,4020.10,7,Buy,2,3,5,-1.00,-1.00,-2.00,0.70,85.7,4018.30,4018.90,4018.20,4018.90,5,18,23,-13.00,0.00,-13.00,0.70,14.3,-6,18,0.0000,1.0000,75.00,-11.00,4024.59,-0.6245,DOWN,60.00,0.3833,1.6415
20260728 232412 618,4017.80,1,4017.90,4018.00,0.10,4017.50,1,4017.40,3,4017.20,1,4016.70,1,4016.60,5,4016.50,5,4016.40,6,4016.30,5,4016.20,5,4016.10,6,4017.80,3,4017.90,2,4018.40,2,4018.50,5,4018.60,7,4018.70,6,4018.80,6,4018.90,5,4019.00,7,4019.10,5,Buy,3,3,6,0.00,0.00,-2.00,1.10,45.5,4018.30,4018.90,4017.80,4017.80,5,18,23,-13.00,0.00,-13.00,0.70,14.3,-6,18,0.0000,0.0000,76.00,-10.00,4024.49,-0.6594,DOWN,60.00,0.3833,1.6415
20260728 232412 618,4017.80,1,4017.90,4018.00,0.10,4017.50,1,4017.40,3,4017.20,1,4016.70,1,4016.60,5,4016.50,5,4016.40,6,4016.30,5,4016.20,5,4016.10,6,4017.80,3,4017.90,2,4018.40,2,4018.50,5,4018.60,7,4018.70,6,4018.80,6,4018.90,5,4019.00,7,4019.10,5,Buy,4,3,7,1.00,1.00,-2.00,1.10,45.5,4018.30,4018.90,4017.80,4017.80,5,18,23,-13.00,0.00,-13.00,0.70,14.3,-6,18,0.0000,0.0000,77.00,-9.00,4024.49,-0.6594,DOWN,60.00,0.3833,1.6415
20260728 232412 618,4017.90,1,4017.90,4018.00,0.10,4017.50,1,4017.40,3,4017.20,1,4016.70,1,4016.60,5,4016.50,5,4016.40,6,4016.30,5,4016.20,5,4016.10,6,4017.80,3,4017.90,2,4018.40,2,4018.50,5,4018.60,7,4018.70,6,4018.80,6,4018.90,5,4019.00,7,4019.10,5,Buy,5,3,8,2.00,2.00,-2.00,1.10,36.4,4018.30,4018.90,4017.80,4017.90,5,18,23,-13.00,0.00,-13.00,0.70,14.3,-6,18,0.0000,0.0000,78.00,-8.00,4024.50,-0.6562,DOWN,60.00,0.3833,1.6415
20260728 232412 618,4017.90,1,4017.90,4018.00,0.10,4017.50,1,4017.40,3,4017.20,1,4016.70,1,4016.60,5,4016.50,5,4016.40,6,4016.30,5,4016.20,5,4016.10,6,4017.80,3,4017.90,2,4018.40,2,4018.50,5,4018.60,7,4018.70,6,4018.80,6,4018.90,5,4019.00,7,4019.10,5,Buy,6,3,9,3.00,3.00,-2.00,1.10,36.4,4018.30,4018.90,4017.80,4017.90,5,18,23,-13.00,0.00,-13.00,0.70,14.3,-6,18,0.0000,0.0000,79.00,-7.00,4024.50,-0.6562,DOWN,60.00,0.3833,1.6415
20260728 232412 618,4017.90,1,4017.90,4018.00,0.10,4017.50,1,4017.40,3,4017.20,1,4016.70,1,4016.60,5,4016.50,5,4016.40,6,4016.30,5,4016.20,5,4016.10,6,4017.80,3,4017.90,2,4018.40,2,4018.50,5,4018.60,7,4018.70,6,4018.80,6,4018.90,5,4019.00,7,4019.10,5,Sell,6,4,10,2.00,3.00,-2.00,1.10,36.4,4018.30,4018.90,4017.80,4017.90,5,18,23,-13.00,0.00,-13.00,0.70,14.3,-6,18,0.0000,0.5000,78.00,-8.00,4024.50,-0.6562,DOWN,60.00,0.3833,1.6415
20260728 232412 962,4017.90,1,4017.50,4017.90,0.40,4017.50,4,4017.40,4,4016.70,1,4016.60,6,4016.50,5,4016.40,5,4016.30,5,4016.20,5,4016.10,6,4016.00,6,4017.90,2,4018.00,4,4018.40,2,4018.50,5,4018.60,5,4018.70,5,4018.80,6,4018.90,5,4019.00,7,4019.10,5,Buy,7,4,11,3.00,3.00,-2.00,1.10,36.4,4018.30,4018.90,4017.80,4017.90,5,18,23,-13.00,0.00,-13.00,0.70,14.3,-6,18,0.0000,0.0000,79.00,-7.00,4024.50,-0.6562,DOWN,60.00,0.3833,1.6415
20260728 232414 361,4017.50,1,4017.10,4017.50,0.40,4017.10,1,4017.00,5,4016.70,2,4016.60,5,4016.50,5,4016.40,5,4016.30,5,4016.20,5,4016.10,6,4016.00,6,4017.50,2,4017.60,5,4018.30,7,4018.40,5,4018.50,6,4018.60,5,4018.70,5,4018.80,6,4018.90,5,4019.00,7,Sell,7,5,12,2.00,3.00,-2.00,1.40,57.1,4018.30,4018.90,4017.50,4017.50,5,18,23,-13.00,0.00,-13.00,0.70,14.3,-6,18,0.0000,0.5000,78.00,-8.00,4024.46,-0.6689,DOWN,60.00,0.3833,1.6630
20260728 232414 361,4017.40,1,4017.10,4017.50,0.40,4017.10,1,4017.00,5,4016.70,2,4016.60,5,4016.50,5,4016.40,5,4016.30,5,4016.20,5,4016.10,6,4016.00,6,4017.50,2,4017.60,5,4018.30,7,4018.40,5,4018.50,6,4018.60,5,4018.70,5,4018.80,6,4018.90,5,4019.00,7,Sell,7,6,13,1.00,3.00,-2.00,1.50,60.0,4018.30,4018.90,4017.40,4017.40,5,18,23,-13.00,0.00,-13.00,0.70,14.3,-6,18,0.0000,2.0000,77.00,-9.00,4024.45,-0.6721,DOWN,60.00,0.3833,1.6701
20260728 232422 834,4018.10,1,4017.80,4018.20,0.40,4017.80,3,4017.70,2,4017.00,3,4016.90,6,4016.80,8,4016.70,5,4016.60,5,4016.50,5,4016.40,5,4016.30,5,4018.20,2,4018.30,3,4019.00,2,4019.10,2,4019.20,5,4019.30,5,4019.40,5,4019.50,6,4019.60,7,4019.70,5,Buy,8,6,14,2.00,3.00,-2.00,1.50,13.3,4018.30,4018.90,4017.40,4018.10,5,18,23,-13.00,0.00,-13.00,0.70,14.3,-6,18,0.0000,0.5000,78.00,-8.00,4024.52,-0.6499,DOWN,60.00,0.3833,1.6701
20260728 232435 297,4018.20,1,4018.20,4018.50,0.30,4018.20,1,4018.10,3,4017.10,2,4017.00,3,4016.90,5,4016.80,8,4016.70,6,4016.60,5,4016.50,5,4016.40,5,4018.60,2,4018.70,2,4019.00,1,4019.30,1,4019.40,2,4019.50,6,4019.60,7,4019.70,5,4019.80,5,4019.90,6,Sell,8,7,15,1.00,3.00,-2.00,1.50,6.7,4018.30,4018.90,4017.40,4018.20,5,18,23,-13.00,0.00,-13.00,0.70,14.3,-6,18,0.0000,2.0000,77.00,-9.00,4024.53,-0.6467,DOWN,60.00,0.3833,1.6701
20260728 232504 932,4017.70,1,4017.10,4017.60,0.50,4017.10,2,4017.00,5,4016.10,1,4016.00,1,4015.90,1,4015.80,1,4015.50,3,4015.00,38,4014.90,2,4014.80,1,4017.60,3,4017.70,4,4018.70,1,4018.80,1,4018.90,5,4019.00,7,4019.10,5,4019.20,5,4019.30,5,4019.40,5,Sell,0,1,1,-1.00,-1.00,-1.00,0.00,0.0,4017.70,4017.70,4017.70,4017.70,8,7,15,1.00,3.00,-2.00,1.50,6.7,-3,3,2.0000,0.0000,-6.00,36.00,4024.48,-0.6626,DOWN,58.40,0.2568,1.5865
20260728 232504 932,4017.70,1,4017.10,4017.60,0.50,4017.10,2,4017.00,5,4016.10,1,4016.00,1,4015.90,1,4015.80,1,4015.50,3,4015.00,38,4014.90,2,4014.80,1,4017.60,3,4017.70,4,4018.70,1,4018.80,1,4018.90,5,4019.00,7,4019.10,5,4019.20,5,4019.30,5,4019.40,5,Sell,0,2,2,-2.00,-1.00,-2.00,0.00,0.0,4017.70,4017.70,4017.70,4017.70,8,7,15,1.00,3.00,-2.00,1.50,6.7,-3,3,2.0000,0.0000,-7.00,35.00,4024.48,-0.6626,DOWN,58.40,0.2568,1.5865
20260728 232504 935,4017.50,1,4017.10,4017.60,0.50,4017.10,2,4017.00,5,4016.10,1,4016.00,1,4015.90,1,4015.80,1,4015.50,3,4015.00,38,4014.90,2,4014.80,1,4017.60,3,4017.70,4,4018.70,1,4018.80,1,4018.90,5,4019.00,7,4019.10,5,4019.20,5,4019.30,5,4019.40,5,Sell,0,3,3,-3.00,-1.00,-3.00,0.20,100.0,4017.70,4017.70,4017.50,4017.50,8,7,15,1.00,3.00,-2.00,1.50,6.7,-3,3,2.0000,0.0000,-8.00,34.00,4024.46,-0.6689,DOWN,58.40,0.2568,1.6008
20260728 232512 109,4017.10,1,4016.60,4017.00,0.40,4016.60,1,4016.50,2,4015.90,1,4015.80,6,4015.70,5,4015.60,5,4015.50,8,4015.40,5,4015.30,5,4015.20,5,4017.00,1,4017.10,2,4018.20,2,4018.30,2,4018.60,7,4018.70,6,4018.80,5,4018.90,5,4019.00,6,4019.10,5,Buy,1,3,4,-2.00,-1.00,-3.00,0.60,100.0,4017.70,4017.70,4017.10,4017.10,8,7,15,1.00,3.00,-2.00,1.50,6.7,-3,3,2.0000,0.5000,-7.00,35.00,4024.42,-0.6816,DOWN,58.40,0.2568,1.6294
20260728 232516 469,4016.80,1,4016.20,4016.80,0.60,4016.20,1,4016.10,2,4015.80,6,4015.70,5,4015.60,5,4015.50,8,4015.40,5,4015.30,5,4015.20,5,4015.10,5,4016.80,2,4016.90,1,4017.60,2,4017.70,2,4017.90,2,4018.00,5,4018.10,5,4018.30,5,4018.40,5,4018.50,5,Sell,1,4,5,-3.00,-1.00,-3.00,0.90,100.0,4017.70,4017.70,4016.80,4016.80,8,7,15,1.00,3.00,-2.00,1.50,6.7,-3,3,2.0000,0.0000,-8.00,34.00,4024.39,-0.6911,DOWN,58.40,0.2568,1.6508
20260728 232518 908,4015.80,1,4015.80,4016.20,0.40,4016.20,2,4016.10,2,4015.80,2,4015.70,5,4015.60,5,4015.50,8,4015.40,5,4015.30,5,4015.20,5,4015.10,5,4016.90,2,4017.00,2,4017.20,1,4017.60,2,4017.70,2,4017.80,1,4017.90,5,4018.00,5,4018.10,5,4018.20,5,Sell,1,5,6,-4.00,-1.00,-4.00,1.90,100.0,4017.70,4017.70,4015.80,4015.80,8,7,15,1.00,3.00,-2.00,1.50,6.7,-3,3,2.0000,0.0000,-9.00,33.00,4024.30,-0.7229,DOWN,58.40,0.2568,1.7223
20260728 232518 913,4015.50,1,4015.30,4015.70,0.40,4015.30,1,4015.20,3,4015.10,1,4015.00,3,4014.90,1,4014.70,2,4014.60,1,4014.50,1,4014.40,6,4014.30,5,4015.70,3,4015.80,2,4016.50,1,4016.60,2,4016.90,3,4017.00,6,4017.10,6,4017.20,6,4017.30,5,4017.40,5,Sell,1,6,7,-5.00,-1.00,-5.00,2.20,100.0,4017.70,4017.70,4015.50,4015.50,8,7,15,1.00,3.00,-2.00,1.50,6.7,-3,3,2.0000,0.0000,-10.00,32.00,4024.27,-0.7324,DOWN,58.40,0.2568,1.7437
20260728 232518 913,4015.50,1,4015.30,4015.70,0.40,4015.30,1,4015.20,3,4015.10,1,4015.00,3,4014.90,1,4014.70,2,4014.60,1,4014.50,1,4014.40,6,4014.30,5,4015.70,3,4015.80,2,4016.50,1,4016.60,2,4016.90,3,4017.00,6,4017.10,6,4017.20,6,4017.30,5,4017.40,5,Sell,1,7,8,-6.00,-1.00,-6.00,2.20,100.0,4017.70,4017.70,4015.50,4015.50,8,7,15,1.00,3.00,-2.00,1.50,6.7,-3,3,2.0000,0.0000,-11.00,31.00,4024.27,-0.7324,DOWN,58.40,0.2568,1.7437
20260728 232518 914,4015.50,1,4015.30,4015.70,0.40,4015.30,1,4015.20,3,4015.10,1,4015.00,3,4014.90,1,4014.70,2,4014.60,1,4014.50,1,4014.40,6,4014.30,5,4015.70,3,4015.80,2,4016.50,1,4016.60,2,4016.90,3,4017.00,6,4017.10,6,4017.20,6,4017.30,5,4017.40,5,Sell,1,8,9,-7.00,-1.00,-7.00,2.20,100.0,4017.70,4017.70,4015.50,4015.50,8,7,15,1.00,3.00,-2.00,1.50,6.7,-3,3,2.0000,0.0000,-12.00,30.00,4024.27,-0.7324,DOWN,58.40,0.2568,1.7437
20260728 232519 014,4015.30,1,4015.20,4015.60,0.40,4015.20,3,4015.00,6,4014.90,1,4014.70,2,4014.60,1,4014.50,1,4014.40,6,4014.30,5,4014.20,7,4014.10,6,4015.60,2,4015.70,3,4016.20,2,4016.40,2,4016.50,1,4016.60,2,4017.00,6,4017.10,6,4017.20,6,4017.30,5,Sell,1,9,10,-8.00,-1.00,-8.00,2.40,100.0,4017.70,4017.70,4015.30,4015.30,8,7,15,1.00,3.00,-2.00,1.50,6.7,-3,3,2.0000,0.0000,-13.00,29.00,4024.25,-0.7388,DOWN,58.40,0.2568,1.7580
20260728 232526 072,4015.70,1,4015.40,4015.70,0.30,4015.40,1,4015.30,2,4015.10,1,4015.00,3,4014.90,1,4014.70,2,4014.60,1,4014.50,6,4014.40,6,4014.30,5,4015.70,2,4015.80,3,4016.20,4,4016.30,1,4016.40,2,4016.50,2,4016.60,5,4016.70,5,4016.80,5,4017.00,6,Buy,2,9,11,-7.00,-1.00,-8.00,2.40,83.3,4017.70,4017.70,4015.30,4015.70,8,7,15,1.00,3.00,-2.00,1.50,6.7,-3,3,2.0000,0.1429,-12.00,30.00,4024.29,-0.7261,DOWN,58.40,0.2568,1.7580
20260728 232527 208,4015.10,1,4014.80,4015.20,0.40,4014.80,1,4014.70,4,4014.60,1,4014.50,1,4014.20,2,4014.10,1,4014.00,3,4013.90,1,4013.70,5,4013.60,6,4015.20,2,4015.30,2,4016.20,2,4016.40,7,4016.50,7,4016.60,5,4016.70,5,4016.80,5,4016.90,6,4017.00,6,Sell,2,10,12,-8.00,-1.00,-8.00,2.60,100.0,4017.70,4017.70,4015.10,4015.10,8,7,15,1.00,3.00,-2.00,1.50,6.7,-3,3,2.0000,0.0000,-13.00,29.00,4024.23,-0.7451,DOWN,58.40,0.2568,1.7723
20260728 232527 213,4015.00,1,4014.80,4015.20,0.40,4014.80,1,4014.70,4,4014.60,1,4014.50,1,4014.20,2,4014.10,1,4014.00,3,4013.90,1,4013.70,5,4013.60,6,4015.20,2,4015.30,2,4016.20,2,4016.40,7,4016.50,7,4016.60,5,4016.70,5,4016.80,5,4016.90,6,4017.00,6,Sell,2,11,13,-9.00,-1.00,-9.00,2.70,100.0,4017.70,4017.70,4015.00,4015.00,8,7,15,1.00,3.00,-2.00,1.50,6.7,-3,3,2.0000,0.0000,-14.00,28.00,4024.22,-0.7483,DOWN,58.40,0.2568,1.7794
20260728 232527 213,4015.00,1,4014.80,4015.20,0.40,4014.80,1,4014.70,4,4014.60,1,4014.50,1,4014.20,2,4014.10,1,4014.00,3,4013.90,1,4013.70,5,4013.60,6,4015.20,2,4015.30,2,4016.20,2,4016.40,7,4016.50,7,4016.60,5,4016.70,5,4016.80,5,4016.90,6,4017.00,6,Sell,2,12,14,-10.00,-1.00,-10.00,2.70,100.0,4017.70,4017.70,4015.00,4015.00,8,7,15,1.00,3.00,-2.00,1.50,6.7,-3,3,2.0000,0.0000,-15.00,27.00,4024.22,-0.7483,DOWN,58.40,0.2568,1.7794
20260728 232527 213,4015.00,1,4014.80,4015.20,0.40,4014.80,1,4014.70,4,4014.60,1,4014.50,1,4014.20,2,4014.10,1,4014.00,3,4013.90,1,4013.70,5,4013.60,6,4015.20,2,4015.30,2,4016.20,2,4016.40,7,4016.50,7,4016.60,5,4016.70,5,4016.80,5,4016.90,6,4017.00,6,Sell,2,13,15,-11.00,-1.00,-11.00,2.70,100.0,4017.70,4017.70,4015.00,4015.00,8,7,15,1.00,3.00,-2.00,1.50,6.7,-3,3,2.0000,0.0000,-16.00,26.00,4024.22,-0.7483,DOWN,58.40,0.2568,1.7794
20260728 232527 213,4014.90,1,4014.80,4015.20,0.40,4014.80,1,4014.70,4,4014.60,1,4014.50,1,4014.20,2,4014.10,1,4014.00,3,4013.90,1,4013.70,5,4013.60,6,4015.20,2,4015.30,2,4016.20,2,4016.40,7,4016.50,7,4016.60,5,4016.70,5,4016.80,5,4016.90,6,4017.00,6,Sell,2,14,16,-12.00,-1.00,-12.00,2.80,100.0,4017.70,4017.70,4014.90,4014.90,8,7,15,1.00,3.00,-2.00,1.50,6.7,-3,3,2.0000,0.0000,-17.00,25.00,4024.21,-0.7515,DOWN,58.40,0.2568,1.7865
20260728 232527 739,4014.70,2,4015.00,4015.40,0.40,4015.00,1,4014.90,3,4014.60,1,4014.50,1,4014.20,2,4014.00,3,4013.90,1,4013.70,5,4013.60,6,4013.50,6,4015.40,2,4015.50,1,4016.20,2,4016.40,2,4016.50,2,4016.60,5,4016.70,5,4016.80,5,4016.90,6,4017.00,6,Sell,2,16,18,-14.00,-1.00,-14.00,3.00,100.0,4017.70,4017.70,4014.70,4014.70,8,7,15,1.00,3.00,-2.00,1.50,6.7,-3,3,2.0000,0.0000,-19.00,23.00,4024.19,-0.7578,DOWN,58.40,0.2568,1.8008
20260728 232527 739,4014.70,1,4015.00,4015.40,0.40,4015.00,1,4014.90,3,4014.60,1,4014.50,1,4014.20,2,4014.00,3,4013.90,1,4013.70,5,4013.60,6,4013.50,6,4015.40,2,4015.50,1,4016.20,2,4016.40,2,4016.50,2,4016.60,5,4016.70,5,4016.80,5,4016.90,6,4017.00,6,Sell,2,17,19,-15.00,-1.00,-15.00,3.00,100.0,4017.70,4017.70,4014.70,4014.70,8,7,15,1.00,3.00,-2.00,1.50,6.7,-3,3,2.0000,0.0000,-20.00,22.00,4024.19,-0.7578,DOWN,58.40,0.2568,1.8008
20260728 232528 266,4014.60,1,4014.50,4014.90,0.40,4014.50,2,4014.40,4,4014.20,2,4014.00,3,4013.90,1,4013.80,5,4013.70,5,4013.60,6,4013.50,6,4013.40,5,4014.90,2,4015.00,3,4016.10,4,4016.20,3,4016.40,7,4016.50,8,4016.60,5,4016.70,5,4016.80,5,4016.90,5,Sell,2,18,20,-16.00,-1.00,-16.00,3.10,100.0,4017.70,4017.70,4014.60,4014.60,8,7,15,1.00,3.00,-2.00,1.50,6.7,-3,3,2.0000,0.0000,-21.00,21.00,4024.18,-0.7610,DOWN,58.40,0.2568,1.8080
20260728 232528 266,4014.50,1,4014.50,4014.90,0.40,4014.50,2,4014.40,4,4014.20,2,4014.00,3,4013.90,1,4013.80,5,4013.70,5,4013.60,6,4013.50,6,4013.40,5,4014.90,2,4015.00,3,4016.10,4,4016.20,3,4016.40,7,4016.50,8,4016.60,5,4016.70,5,4016.80,5,4016.90,5,Sell,2,19,21,-17.00,-1.00,-17.00,3.20,100.0,4017.70,4017.70,4014.50,4014.50,8,7,15,1.00,3.00,-2.00,1.50,6.7,-3,3,2.0000,0.0000,-22.00,20.00,4024.17,-0.7642,DOWN,58.40,0.2568,1.8151
20260728 232528 266,4014.50,1,4014.50,4014.90,0.40,4014.50,2,4014.40,4,4014.20,2,4014.00,3,4013.90,1,4013.80,5,4013.70,5,4013.60,6,4013.50,6,4013.40,5,4014.90,2,4015.00,3,4016.10,4,4016.20,3,4016.40,7,4016.50,8,4016.60,5,4016.70,5,4016.80,5,4016.90,5,Sell,2,20,22,-18.00,-1.00,-18.00,3.20,100.0,4017.70,4017.70,4014.50,4014.50,8,7,15,1.00,3.00,-2.00,1.50,6.7,-3,3,2.0000,0.0000,-23.00,19.00,4024.17,-0.7642,DOWN,58.40,0.2568,1.8151
20260728 232528 266,4014.50,2,4014.50,4014.90,0.40,4014.50,2,4014.40,4,4014.20,2,4014.00,3,4013.90,1,4013.80,5,4013.70,5,4013.60,6,4013.50,6,4013.40,5,4014.90,2,4015.00,3,4016.10,4,4016.20,3,4016.40,7,4016.50,8,4016.60,5,4016.70,5,4016.80,5,4016.90,5,Sell,2,22,24,-20.00,-1.00,-20.00,3.20,100.0,4017.70,4017.70,4014.50,4014.50,8,7,15,1.00,3.00,-2.00,1.50,6.7,-3,3,2.0000,0.0000,-25.00,17.00,4024.17,-0.7642,DOWN,58.40,0.2568,1.8151
20260728 232528 266,4014.50,1,4014.50,4014.90,0.40,4014.50,2,4014.40,4,4014.20,2,4014.00,3,4013.90,1,4013.80,5,4013.70,5,4013.60,6,4013.50,6,4013.40,5,4014.90,2,4015.00,3,4016.10,4,4016.20,3,4016.40,7,4016.50,8,4016.60,5,4016.70,5,4016.80,5,4016.90,5,Sell,2,23,25,-21.00,-1.00,-21.00,3.20,100.0,4017.70,4017.70,4014.50,4014.50,8,7,15,1.00,3.00,-2.00,1.50,6.7,-3,3,2.0000,0.0000,-26.00,16.00,4024.17,-0.7642,DOWN,58.40,0.2568,1.8151
20260728 232528 266,4014.40,1,4014.50,4014.90,0.40,4014.50,2,4014.40,4,4014.20,2,4014.00,3,4013.90,1,4013.80,5,4013.70,5,4013.60,6,4013.50,6,4013.40,5,4014.90,2,4015.00,3,4016.10,4,4016.20,3,4016.40,7,4016.50,8,4016.60,5,4016.70,5,4016.80,5,4016.90,5,Sell,2,24,26,-22.00,-1.00,-22.00,3.30,100.0,4017.70,4017.70,4014.40,4014.40,8,7,15,1.00,3.00,-2.00,1.50,6.7,-3,3,2.0000,0.0000,-27.00,15.00,4024.16,-0.7673,DOWN,58.40,0.2568,1.8223
20260728 232529 636,4014.60,1,4014.30,4014.70,0.40,4014.30,3,4014.20,8,4014.00,3,4013.90,1,4013.80,5,4013.70,5,4013.60,6,4013.50,6,4013.40,5,4013.30,8,4014.70,1,4014.80,3,4016.10,4,4016.20,3,4016.30,1,4016.40,7,4016.50,7,4016.60,5,4016.70,5,4016.80,5,Sell,2,25,27,-23.00,-1.00,-23.00,3.30,93.9,4017.70,4017.70,4014.40,4014.60,8,7,15,1.00,3.00,-2.00,1.50,6.7,-3,3,2.0000,0.0000,-28.00,14.00,4024.18,-0.7610,DOWN,58.40,0.2568,1.8223
20260728 232529 636,4014.60,1,4014.30,4014.70,0.40,4014.30,3,4014.20,8,4014.00,3,4013.90,1,4013.80,5,4013.70,5,4013.60,6,4013.50,6,4013.40,5,4013.30,8,4014.70,1,4014.80,3,4016.10,4,4016.20,3,4016.30,1,4016.40,7,4016.50,7,4016.60,5,4016.70,5,4016.80,5,Sell,2,26,28,-24.00,-1.00,-24.00,3.30,93.9,4017.70,4017.70,4014.40,4014.60,8,7,15,1.00,3.00,-2.00,1.50,6.7,-3,3,2.0000,0.0000,-29.00,13.00,4024.18,-0.7610,DOWN,58.40,0.2568,1.8223
20260728 232530 944,4014.20,1,4014.20,4014.60,0.40,4014.20,7,4014.10,4,4014.00,3,4013.90,1,4013.80,5,4013.70,5,4013.60,6,4013.50,6,4013.40,5,4013.30,8,4014.60,2,4014.70,2,4016.10,4,4016.20,3,4016.30,1,4016.40,7,4016.50,7,4016.60,5,4016.70,5,4016.80,5,Sell,2,27,29,-25.00,-1.00,-25.00,3.50,100.0,4017.70,4017.70,4014.20,4014.20,8,7,15,1.00,3.00,-2.00,1.50,6.7,-3,3,2.0000,0.0000,-30.00,12.00,4024.15,-0.7737,DOWN,58.40,0.2568,1.8365
20260728 232532 423,4014.60,1,4014.20,4014.60,0.40,4014.20,7,4014.10,4,4014.00,3,4013.90,1,4013.80,5,4013.70,5,4013.60,6,4013.50,6,4013.40,5,4013.30,8,4014.60,1,4014.70,2,4015.30,1,4016.10,4,4016.20,3,4016.30,1,4016.40,2,4016.50,6,4016.60,5,4016.70,5,Buy,3,27,30,-24.00,-1.00,-25.00,3.50,88.6,4017.70,4017.70,4014.20,4014.60,8,7,15,1.00,3.00,-2.00,1.50,6.7,-3,3,2.0000,0.0417,-29.00,13.00,4024.18,-0.7610,DOWN,58.40,0.2568,1.8365
20260728 232534 125,4014.60,1,4014.30,4014.60,0.30,4014.30,1,4014.20,4,4014.10,4,4014.00,3,4013.90,1,4013.80,5,4013.70,5,4013.60,6,4013.50,6,4013.40,5,4014.60,1,4014.70,2,4015.30,2,4016.10,9,4016.20,8,4016.30,6,4016.40,7,4016.50,6,4016.60,5,4016.80,39,Buy,4,27,31,-23.00,-1.00,-25.00,3.50,88.6,4017.70,4017.70,4014.20,4014.60,8,7,15,1.00,3.00,-2.00,1.50,6.7,-3,3,2.0000,0.0870,-28.00,14.00,4024.18,-0.7610,DOWN,58.40,0.2568,1.8365
20260728 232535 476,4014.60,1,4014.20,4014.60,0.40,4014.30,1,4014.20,5,4014.00,3,4013.90,1,4013.80,5,4013.70,5,4013.60,6,4013.50,6,4013.40,5,4013.30,8,4014.60,1,4014.70,1,4015.30,2,4016.10,9,4016.20,9,4016.30,5,4016.40,7,4016.50,6,4016.60,5,4016.70,34,Buy,5,27,32,-22.00,-1.00,-25.00,3.50,88.6,4017.70,4017.70,4014.20,4014.60,8,7,15,1.00,3.00,-2.00,1.50,6.7,-3,3,2.0000,0.1364,-27.00,15.00,4024.18,-0.7610,DOWN,58.40,0.2568,1.8365
20260728 232535 476,4014.70,1,4014.20,4014.60,0.40,4014.30,1,4014.20,5,4014.00,3,4013.90,1,4013.80,5,4013.70,5,4013.60,6,4013.50,6,4013.40,5,4013.30,8,4014.60,1,4014.70,1,4015.30,2,4016.10,9,4016.20,9,4016.30,5,4016.40,7,4016.50,6,4016.60,5,4016.70,34,Buy,6,27,33,-21.00,-1.00,-25.00,3.50,85.7,4017.70,4017.70,4014.20,4014.70,8,7,15,1.00,3.00,-2.00,1.50,6.7,-3,3,2.0000,0.1905,-26.00,16.00,4024.19,-0.7578,DOWN,58.40,0.2568,1.8365
20260728 232537 753,4014.30,1,4014.30,4014.60,0.30,4014.30,2,4014.20,4,4014.10,5,4014.00,3,4013.90,1,4013.80,5,4013.70,5,4013.60,6,4013.50,6,4013.40,5,4014.60,1,4014.70,1,4015.30,2,4016.10,9,4016.20,8,4016.30,5,4016.40,7,4016.50,7,4016.60,5,4016.70,5,Sell,6,28,34,-22.00,-1.00,-25.00,3.50,97.1,4017.70,4017.70,4014.20,4014.30,8,7,15,1.00,3.00,-2.00,1.50,6.7,-3,3,2.0000,0.1364,-27.00,15.00,4024.15,-0.7705,DOWN,58.40,0.2568,1.8365
20260728 232539 328,4014.30,1,4014.30,4014.60,0.30,4014.20,4,4014.10,5,4014.00,3,4013.90,1,4013.80,5,4013.70,5,4013.60,6,4013.50,6,4013.40,5,4013.30,8,4014.60,2,4014.70,1,4015.30,2,4016.10,9,4016.20,7,4016.30,5,4016.40,7,4016.50,6,4016.60,6,4016.70,5,Sell,6,29,35,-23.00,-1.00,-25.00,3.50,97.1,4017.70,4017.70,4014.20,4014.30,8,7,15,1.00,3.00,-2.00,1.50,6.7,-3,3,2.0000,0.0870,-28.00,14.00,4024.15,-0.7705,DOWN,58.40,0.2568,1.8365
20260728 232539 328,4014.30,1,4014.30,4014.60,0.30,4014.20,4,4014.10,5,4014.00,3,4013.90,1,4013.80,5,4013.70,5,4013.60,6,4013.50,6,4013.40,5,4013.30,8,4014.60,2,4014.70,1,4015.30,2,4016.10,9,4016.20,7,4016.30,5,4016.40,7,4016.50,6,4016.60,6,4016.70,5,Sell,6,30,36,-24.00,-1.00,-25.00,3.50,97.1,4017.70,4017.70,4014.20,4014.30,8,7,15,1.00,3.00,-2.00,1.50,6.7,-3,3,2.0000,0.0417,-29.00,13.00,4024.15,-0.7705,DOWN,58.40,0.2568,1.8365
20260728 232540 455,4014.30,1,4014.20,4014.60,0.40,4014.20,4,4014.10,5,4014.00,3,4013.90,1,4013.70,5,4013.60,6,4013.50,6,4013.40,5,4013.30,8,4013.20,5,4014.60,2,4014.70,3,4015.30,2,4016.10,9,4016.20,7,4016.30,5,4016.40,7,4016.50,6,4016.60,5,4016.70,5,Sell,6,31,37,-25.00,-1.00,-25.00,3.50,97.1,4017.70,4017.70,4014.20,4014.30,8,7,15,1.00,3.00,-2.00,1.50,6.7,-3,3,2.0000,0.0000,-30.00,12.00,4024.15,-0.7705,DOWN,58.40,0.2568,1.8365
20260728 232540 455,4014.30,1,4014.20,4014.60,0.40,4014.20,4,4014.10,5,4014.00,3,4013.90,1,4013.70,5,4013.60,6,4013.50,6,4013.40,5,4013.30,8,4013.20,5,4014.60,2,4014.70,3,4015.30,2,4016.10,9,4016.20,7,4016.30,5,4016.40,7,4016.50,6,4016.60,5,4016.70,5,Sell,6,32,38,-26.00,-1.00,-26.00,3.50,97.1,4017.70,4017.70,4014.20,4014.30,8,7,15,1.00,3.00,-2.00,1.50,6.7,-3,3,2.0000,0.0000,-31.00,11.00,4024.15,-0.7705,DOWN,58.40,0.2568,1.8365
20260728 232542 066,4014.60,1,4014.70,4015.10,0.40,4014.70,1,4014.60,3,4014.00,3,4013.90,6,4013.70,5,4013.60,6,4013.50,6,4013.40,5,4013.30,8,4013.20,5,4015.10,2,4015.20,4,4015.30,1,4016.10,4,4016.20,2,4016.30,5,4016.40,7,4016.50,6,4016.60,5,4016.70,5,Buy,7,32,39,-25.00,-1.00,-26.00,3.50,88.6,4017.70,4017.70,4014.20,4014.60,8,7,15,1.00,3.00,-2.00,1.50,6.7,-3,3,2.0000,0.0400,-30.00,12.00,4024.18,-0.7610,DOWN,58.40,0.2568,1.8365
20260728 232542 066,4014.60,1,4014.70,4015.10,0.40,4014.70,1,4014.60,3,4014.00,3,4013.90,6,4013.70,5,4013.60,6,4013.50,6,4013.40,5,4013.30,8,4013.20,5,4015.10,2,4015.20,4,4015.30,1,4016.10,4,4016.20,2,4016.30,5,4016.40,7,4016.50,6,4016.60,5,4016.70,5,Buy,8,32,40,-24.00,-1.00,-26.00,3.50,88.6,4017.70,4017.70,4014.20,4014.60,8,7,15,1.00,3.00,-2.00,1.50,6.7,-3,3,2.0000,0.0833,-29.00,13.00,4024.18,-0.7610,DOWN,58.40,0.2568,1.8365
20260728 232542 147,4014.60,2,4014.70,4015.10,0.40,4014.70,1,4014.60,3,4014.00,3,4013.90,6,4013.70,5,4013.60,6,4013.50,6,4013.40,5,4013.30,8,4013.20,5,4015.10,2,4015.20,4,4015.30,1,4016.10,4,4016.20,2,4016.30,5,4016.40,7,4016.50,6,4016.60,5,4016.70,5,Sell,8,34,42,-26.00,-1.00,-26.00,3.50,88.6,4017.70,4017.70,4014.20,4014.60,8,7,15,1.00,3.00,-2.00,1.50,6.7,-3,3,2.0000,0.0000,-31.00,11.00,4024.18,-0.7610,DOWN,58.40,0.2568,1.8365
20260728 232542 147,4014.70,1,4014.70,4015.10,0.40,4014.70,1,4014.60,3,4014.00,3,4013.90,6,4013.70,5,4013.60,6,4013.50,6,4013.40,5,4013.30,8,4013.20,5,4015.10,2,4015.20,4,4015.30,1,4016.10,4,4016.20,2,4016.30,5,4016.40,7,4016.50,6,4016.60,5,4016.70,5,Sell,8,35,43,-27.00,-1.00,-27.00,3.50,85.7,4017.70,4017.70,4014.20,4014.70,8,7,15,1.00,3.00,-2.00,1.50,6.7,-3,3,2.0000,0.0000,-32.00,10.00,4024.19,-0.7578,DOWN,58.40,0.2568,1.8365
20260728 232542 147,4014.60,1,4014.70,4015.10,0.40,4014.70,1,4014.60,3,4014.00,3,4013.90,6,4013.70,5,4013.60,6,4013.50,6,4013.40,5,4013.30,8,4013.20,5,4015.10,2,4015.20,4,4015.30,1,4016.10,4,4016.20,2,4016.30,5,4016.40,7,4016.50,6,4016.60,5,4016.70,5,Sell,8,36,44,-28.00,-1.00,-28.00,3.50,88.6,4017.70,4017.70,4014.20,4014.60,8,7,15,1.00,3.00,-2.00,1.50,6.7,-3,3,2.0000,0.0000,-33.00,9.00,4024.18,-0.7610,DOWN,58.40,0.2568,1.8365
20260728 232542 577,4014.50,1,4014.50,4014.90,0.40,4014.50,2,4014.40,2,4014.10,1,4014.00,3,4013.90,1,4013.80,5,4013.70,5,4013.60,6,4013.50,6,4013.40,5,4014.90,1,4015.00,3,4015.30,1,4016.10,4,4016.20,7,4016.30,5,4016.40,7,4016.50,6,4016.60,5,4016.70,5,Sell,8,37,45,-29.00,-1.00,-29.00,3.50,91.4,4017.70,4017.70,4014.20,4014.50,8,7,15,1.00,3.00,-2.00,1.50,6.7,-3,3,2.0000,0.0000,-34.00,8.00,4024.17,-0.7642,DOWN,58.40,0.2568,1.8365
20260728 232543 570,4014.50,1,4014.40,4014.80,0.40,4014.40,2,4014.30,4,4014.00,3,4013.90,1,4013.80,5,4013.70,5,4013.60,6,4013.50,6,4013.40,5,4013.30,8,4014.80,1,4014.90,2,4016.10,4,4016.20,2,4016.40,8,4016.50,6,4016.60,5,4016.70,5,4016.80,5,4016.90,6,Sell,8,38,46,-30.00,-1.00,-30.00,3.50,91.4,4017.70,4017.70,4014.20,4014.50,8,7,15,1.00,3.00,-2.00,1.50,6.7,-3,3,2.0000,0.0000,-35.00,7.00,4024.17,-0.7642,DOWN,58.40,0.2568,1.8365
20260728 232543 842,4014.40,1,4014.40,4014.80,0.40,4014.40,1,4014.30,4,4014.00,3,4013.90,1,4013.80,5,4013.70,5,4013.60,6,4013.50,6,4013.40,5,4013.30,8,4014.80,3,4014.90,1,4016.10,4,4016.20,2,4016.40,8,4016.50,6,4016.60,5,4016.70,5,4016.80,6,4016.90,5,Sell,8,39,47,-31.00,-1.00,-31.00,3.50,94.3,4017.70,4017.70,4014.20,4014.40,8,7,15,1.00,3.00,-2.00,1.50,6.7,-3,3,2.0000,0.0000,-36.00,6.00,4024.16,-0.7673,DOWN,58.40,0.2568,1.8365
20260728 232545 738,4014.50,1,4014.50,4014.90,0.40,4014.40,1,4014.30,4,4014.00,3,4013.90,1,4013.80,5,4013.70,5,4013.60,6,4013.50,6,4013.40,5,4013.30,8,4014.80,2,4014.90,2,4016.10,4,4016.20,2,4016.40,8,4016.50,6,4016.60,5,4016.70,5,4016.80,6,4016.90,5,Sell,8,40,48,-32.00,-1.00,-32.00,3.50,91.4,4017.70,4017.70,4014.20,4014.50,8,7,15,1.00,3.00,-2.00,1.50,6.7,-3,3,2.0000,0.0000,-37.00,5.00,4024.17,-0.7642,DOWN,58.40,0.2568,1.8365
20260728 232545 738,4014.40,1,4014.50,4014.90,0.40,4014.40,1,4014.30,4,4014.00,3,4013.90,1,4013.80,5,4013.70,5,4013.60,6,4013.50,6,4013.40,5,4013.30,8,4014.80,2,4014.90,2,4016.10,4,4016.20,2,4016.40,8,4016.50,6,4016.60,5,4016.70,5,4016.80,6,4016.90,5,Sell,8,41,49,-33.00,-1.00,-33.00,3.50,94.3,4017.70,4017.70,4014.20,4014.40,8,7,15,1.00,3.00,-2.00,1.50,6.7,-3,3,2.0000,0.0000,-38.00,4.00,4024.16,-0.7673,DOWN,58.40,0.2568,1.8365
20260728 232548 947,4014.50,1,4014.50,4014.80,0.30,4014.50,1,4014.40,1,4014.00,3,4013.80,5,4013.70,5,4013.60,6,4013.50,6,4013.40,5,4013.30,8,4013.20,5,4014.80,1,4014.90,2,4016.10,4,4016.20,2,4016.40,8,4016.50,6,4016.60,5,4016.70,5,4016.80,5,4016.90,5,Sell,8,42,50,-34.00,-1.00,-34.00,3.50,91.4,4017.70,4017.70,4014.20,4014.50,8,7,15,1.00,3.00,-2.00,1.50,6.7,-3,3,2.0000,0.0000,-39.00,3.00,4024.17,-0.7642,DOWN,58.40,0.2568,1.8365
20260728 232548 947,4014.40,1,4014.50,4014.80,0.30,4014.50,1,4014.40,1,4014.00,3,4013.80,5,4013.70,5,4013.60,6,4013.50,6,4013.40,5,4013.30,8,4013.20,5,4014.80,1,4014.90,2,4016.10,4,4016.20,2,4016.40,8,4016.50,6,4016.60,5,4016.70,5,4016.80,5,4016.90,5,Sell,8,43,51,-35.00,-1.00,-35.00,3.50,94.3,4017.70,4017.70,4014.20,4014.40,8,7,15,1.00,3.00,-2.00,1.50,6.7,-3,3,2.0000,0.0000,-40.00,2.00,4024.16,-0.7673,DOWN,58.40,0.2568,1.8365
20260728 232556 673,4015.40,1,4015.30,4015.70,0.40,4015.30,2,4015.20,3,4014.70,1,4014.60,1,4014.50,1,4014.30,1,4014.20,5,4014.10,5,4014.00,8,4013.90,5,4015.70,1,4015.80,3,4015.90,1,4016.00,1,4016.10,2,4016.20,2,4016.80,5,4016.90,7,4017.00,6,4017.10,6,Sell,8,44,52,-36.00,-1.00,-36.00,3.50,65.7,4017.70,4017.70,4014.20,4015.40,8,7,15,1.00,3.00,-2.00,1.50,6.7,-3,3,2.0000,0.0000,-41.00,1.00,4024.26,-0.7356,DOWN,58.40,0.2568,1.8365
20260728 232557 563,4015.70,1,4015.50,4015.90,0.40,4015.50,1,4015.40,5,4014.70,1,4014.60,6,4014.50,6,4014.40,5,4014.30,6,4014.20,5,4014.10,5,4014.00,8,4015.90,2,4016.00,3,4016.10,1,4016.20,2,4016.80,5,4016.90,7,4017.00,6,4017.10,6,4017.20,5,4017.30,5,Buy,9,44,53,-35.00,-1.00,-36.00,3.50,57.1,4017.70,4017.70,4014.20,4015.70,8,7,15,1.00,3.00,-2.00,1.50,6.7,-3,3,2.0000,0.0286,-40.00,2.00,4024.29,-0.7261,DOWN,58.40,0.2568,1.8365
20260728 232557 913,4016.00,1,4015.70,4016.10,0.40,4015.80,1,4015.70,2,4014.80,1,4014.70,1,4014.60,6,4014.50,6,4014.40,5,4014.30,6,4014.20,5,4014.10,5,4016.20,5,4016.30,2,4016.90,2,4017.00,1,4017.10,1,4017.30,5,4017.40,5,4017.50,5,4017.60,5,4017.70,5,Buy,10,44,54,-34.00,-1.00,-36.00,3.50,48.6,4017.70,4017.70,4014.20,4016.00,8,7,15,1.00,3.00,-2.00,1.50,6.7,-3,3,2.0000,0.0588,-39.00,3.00,4024.32,-0.7165,DOWN,58.40,0.2568,1.8365
20260728 232557 913,4016.10,1,4015.70,4016.10,0.40,4015.80,1,4015.70,2,4014.80,1,4014.70,1,4014.60,6,4014.50,6,4014.40,5,4014.30,6,4014.20,5,4014.10,5,4016.20,5,4016.30,2,4016.90,2,4017.00,1,4017.10,1,4017.30,5,4017.40,5,4017.50,5,4017.60,5,4017.70,5,Buy,11,44,55,-33.00,-1.00,-36.00,3.50,45.7,4017.70,4017.70,4014.20,4016.10,8,7,15,1.00,3.00,-2.00,1.50,6.7,-3,3,2.0000,0.0909,-38.00,4.00,4024.33,-0.7134,DOWN,58.40,0.2568,1.8365
20260728 232559 821,4016.20,1,4016.00,4016.30,0.30,4016.00,1,4015.90,3,4015.50,2,4014.80,1,4014.70,1,4014.60,6,4014.50,6,4014.40,5,4014.30,6,4014.20,5,4016.30,2,4016.40,2,4016.90,2,4017.00,1,4017.10,1,4017.30,7,4017.40,5,4017.50,5,4017.60,5,4017.70,5,Buy,12,44,56,-32.00,-1.00,-36.00,3.50,42.9,4017.70,4017.70,4014.20,4016.20,8,7,15,1.00,3.00,-2.00,1.50,6.7,-3,3,2.0000,0.1250,-37.00,5.00,4024.34,-0.7102,DOWN,58.40,0.2568,1.8365
20260728 232559 821,4016.20,1,4016.00,4016.30,0.30,4016.00,1,4015.90,3,4015.50,2,4014.80,1,4014.70,1,4014.60,6,4014.50,6,4014.40,5,4014.30,6,4014.20,5,4016.30,2,4016.40,2,4016.90,2,4017.00,1,4017.10,1,4017.30,7,4017.40,5,4017.50,5,4017.60,5,4017.70,5,Buy,13,44,57,-31.00,-1.00,-36.00,3.50,42.9,4017.70,4017.70,4014.20,4016.20,8,7,15,1.00,3.00,-2.00,1.50,6.7,-3,3,2.0000,0.1613,-36.00,6.00,4024.34,-0.7102,DOWN,58.40,0.2568,1.8365
20260728 232602 055,4016.90,2,4016.70,4017.10,0.40,4016.70,2,4016.60,4,4015.70,1,4015.60,5,4015.50,2,4015.40,5,4015.30,5,4015.20,5,4015.10,5,4015.00,5,4017.10,2,4017.20,3,4017.90,5,4018.00,1,4018.30,5,4018.40,5,4018.50,5,4018.60,5,4018.70,6,4018.80,5,Buy,2,0,2,2.00,2.00,2.00,0.00,0.0,4016.90,4016.90,4016.90,4016.90,13,44,57,-31.00,-1.00,-36.00,3.50,42.9,-18,81,0.1613,0.0000,-26.00,34.00,4024.40,-0.6880,DOWN,58.85,0.9686,1.7554
20260728 232623 899,4017.40,1,4017.10,4017.50,0.40,4017.10,3,4017.00,3,4016.30,1,4016.20,1,4016.00,1,4015.90,5,4015.80,5,4015.70,1,4015.60,5,4015.50,6,4017.50,1,4017.60,3,4017.80,2,4017.90,5,4018.00,2,4018.30,1,4018.40,5,4018.50,5,4018.60,5,4018.70,6,Buy,3,0,3,3.00,3.00,2.00,0.50,100.0,4016.90,4017.40,4016.90,4017.40,13,44,57,-31.00,-1.00,-36.00,3.50,42.9,-18,81,0.1613,0.0000,-25.00,35.00,4024.45,-0.6721,DOWN,58.85,0.9686,1.7911
20260728 232623 899,4017.50,1,4017.10,4017.50,0.40,4017.10,3,4017.00,3,4016.30,1,4016.20,1,4016.00,1,4015.90,5,4015.80,5,4015.70,1,4015.60,5,4015.50,6,4017.50,1,4017.60,3,4017.80,2,4017.90,5,4018.00,2,4018.30,1,4018.40,5,4018.50,5,4018.60,5,4018.70,6,Buy,4,0,4,4.00,4.00,2.00,0.60,100.0,4016.90,4017.50,4016.90,4017.50,13,44,57,-31.00,-1.00,-36.00,3.50,42.9,-18,81,0.1613,0.0000,-24.00,36.00,4024.46,-0.6689,DOWN,58.85,0.9686,1.7982
20260728 232623 899,4017.50,1,4017.10,4017.50,0.40,4017.10,3,4017.00,3,4016.30,1,4016.20,1,4016.00,1,4015.90,5,4015.80,5,4015.70,1,4015.60,5,4015.50,6,4017.50,1,4017.60,3,4017.80,2,4017.90,5,4018.00,2,4018.30,1,4018.40,5,4018.50,5,4018.60,5,4018.70,6,Buy,5,0,5,5.00,5.00,2.00,0.60,100.0,4016.90,4017.50,4016.90,4017.50,13,44,57,-31.00,-1.00,-36.00,3.50,42.9,-18,81,0.1613,0.0000,-23.00,37.00,4024.46,-0.6689,DOWN,58.85,0.9686,1.7982
20260728 232623 899,4017.60,1,4017.10,4017.50,0.40,4017.10,3,4017.00,3,4016.30,1,4016.20,1,4016.00,1,4015.90,5,4015.80,5,4015.70,1,4015.60,5,4015.50,6,4017.50,1,4017.60,3,4017.80,2,4017.90,5,4018.00,2,4018.30,1,4018.40,5,4018.50,5,4018.60,5,4018.70,6,Buy,6,0,6,6.00,6.00,2.00,0.70,100.0,4016.90,4017.60,4016.90,4017.60,13,44,57,-31.00,-1.00,-36.00,3.50,42.9,-18,81,0.1613,0.0000,-22.00,38.00,4024.47,-0.6657,DOWN,58.85,0.9686,1.8054
20260728 232623 914,4017.40,1,4017.10,4017.50,0.40,4017.10,3,4017.00,3,4016.30,1,4016.20,1,4016.00,1,4015.90,5,4015.80,5,4015.70,1,4015.60,5,4015.50,6,4017.50,1,4017.60,3,4017.80,2,4017.90,5,4018.00,2,4018.30,1,4018.40,5,4018.50,5,4018.60,5,4018.70,6,Buy,7,0,7,7.00,7.00,2.00,0.70,71.4,4016.90,4017.60,4016.90,4017.40,13,44,57,-31.00,-1.00,-36.00,3.50,42.9,-18,81,0.1613,0.0000,-21.00,39.00,4024.45,-0.6721,DOWN,58.85,0.9686,1.8054
20260728 232627 636,4017.40,1,4017.30,4017.70,0.40,4017.30,3,4017.20,3,4016.60,2,4016.50,5,4016.40,5,4016.30,5,4016.20,6,4016.10,5,4016.00,6,4015.90,5,4017.70,1,4017.80,2,4017.90,5,4018.00,2,4018.60,5,4018.70,6,4018.80,5,4018.90,5,4019.00,6,4019.10,5,Sell,7,1,8,6.00,7.00,2.00,0.70,71.4,4016.90,4017.60,4016.90,4017.40,13,44,57,-31.00,-1.00,-36.00,3.50,42.9,-18,81,0.1613,0.1667,-22.00,38.00,4024.45,-0.6721,DOWN,58.85,0.9686,1.8054
20260728 232627 637,4017.40,1,4017.30,4017.70,0.40,4017.30,3,4017.20,3,4016.60,2,4016.50,5,4016.40,5,4016.30,5,4016.20,6,4016.10,5,4016.00,6,4015.90,5,4017.70,1,4017.80,2,4017.90,5,4018.00,2,4018.60,5,4018.70,6,4018.80,5,4018.90,5,4019.00,6,4019.10,5,Sell,7,2,9,5.00,7.00,2.00,0.70,71.4,4016.90,4017.60,4016.90,4017.40,13,44,57,-31.00,-1.00,-36.00,3.50,42.9,-18,81,0.1613,0.4000,-23.00,37.00,4024.45,-0.6721,DOWN,58.85,0.9686,1.8054
20260728 232627 639,4017.40,1,4017.30,4017.70,0.40,4017.30,3,4017.20,3,4016.60,2,4016.50,5,4016.40,5,4016.30,5,4016.20,6,4016.10,5,4016.00,6,4015.90,5,4017.70,1,4017.80,2,4017.90,5,4018.00,2,4018.60,5,4018.70,6,4018.80,5,4018.90,5,4019.00,6,4019.10,5,Sell,7,3,10,4.00,7.00,2.00,0.70,71.4,4016.90,4017.60,4016.90,4017.40,13,44,57,-31.00,-1.00,-36.00,3.50,42.9,-18,81,0.1613,0.7500,-24.00,36.00,4024.45,-0.6721,DOWN,58.85,0.9686,1.8054
20260728 232629 682,4017.30,1,4017.20,4017.60,0.40,4017.20,1,4017.10,3,4016.40,1,4016.30,2,4016.20,6,4016.10,5,4016.00,6,4015.90,5,4015.80,5,4015.70,6,4017.60,2,4017.70,3,4017.80,1,4017.90,5,4018.00,1,4018.50,5,4018.60,5,4018.70,6,4018.80,5,4018.90,5,Sell,7,4,11,3.00,7.00,2.00,0.70,57.1,4016.90,4017.60,4016.90,4017.30,13,44,57,-31.00,-1.00,-36.00,3.50,42.9,-18,81,0.1613,1.3333,-25.00,35.00,4024.44,-0.6753,DOWN,58.85,0.9686,1.8054
20260728 232631 796,4017.20,1,4016.90,4017.00,0.10,4017.10,2,4017.00,8,4016.40,3,4016.30,5,4016.20,6,4016.10,5,4016.00,6,4015.90,5,4015.80,5,4015.70,6,4017.50,1,4017.60,2,4017.80,1,4017.90,5,4018.00,1,4018.50,5,4018.60,5,4018.70,6,4018.80,5,4018.90,5,Sell,7,5,12,2.00,7.00,2.00,0.70,42.9,4016.90,4017.60,4016.90,4017.20,13,44,57,-31.00,-1.00,-36.00,3.50,42.9,-18,81,0.1613,2.5000,-26.00,34.00,4024.43,-0.6784,DOWN,58.85,0.9686,1.8054
20260728 232631 796,4017.20,1,4016.90,4017.00,0.10,4017.10,2,4017.00,8,4016.40,3,4016.30,5,4016.20,6,4016.10,5,4016.00,6,4015.90,5,4015.80,5,4015.70,6,4017.50,1,4017.60,2,4017.80,1,4017.90,5,4018.00,1,4018.50,5,4018.60,5,4018.70,6,4018.80,5,4018.90,5,Sell,7,6,13,1.00,7.00,1.00,0.70,42.9,4016.90,4017.60,4016.90,4017.20,13,44,57,-31.00,-1.00,-36.00,3.50,42.9,-18,81,0.1613,6.0000,-27.00,33.00,4024.43,-0.6784,DOWN,58.85,0.9686,1.8054
20260728 232631 796,4017.20,1,4016.90,4017.00,0.10,4017.10,2,4017.00,8,4016.40,3,4016.30,5,4016.20,6,4016.10,5,4016.00,6,4015.90,5,4015.80,5,4015.70,6,4017.50,1,4017.60,2,4017.80,1,4017.90,5,4018.00,1,4018.50,5,4018.60,5,4018.70,6,4018.80,5,4018.90,5,Sell,7,7,14,0.00,7.00,0.00,0.70,42.9,4016.90,4017.60,4016.90,4017.20,13,44,57,-31.00,-1.00,-36.00,3.50,42.9,-18,81,0.1613,7.0000,-28.00,32.00,4024.43,-0.6784,DOWN,58.85,0.9686,1.8054
20260728 232631 796,4017.10,1,4016.90,4017.00,0.10,4017.10,2,4017.00,8,4016.40,3,4016.30,5,4016.20,6,4016.10,5,4016.00,6,4015.90,5,4015.80,5,4015.70,6,4017.50,1,4017.60,2,4017.80,1,4017.90,5,4018.00,1,4018.50,5,4018.60,5,4018.70,6,4018.80,5,4018.90,5,Sell,7,8,15,-1.00,7.00,-1.00,0.70,28.6,4016.90,4017.60,4016.90,4017.10,13,44,57,-31.00,-1.00,-36.00,3.50,42.9,-18,81,0.1613,0.0000,-29.00,31.00,4024.42,-0.6816,DOWN,58.85,0.9686,1.8054
20260728 232631 796,4017.10,1,4016.90,4017.00,0.10,4017.10,2,4017.00,8,4016.40,3,4016.30,5,4016.20,6,4016.10,5,4016.00,6,4015.90,5,4015.80,5,4015.70,6,4017.50,1,4017.60,2,4017.80,1,4017.90,5,4018.00,1,4018.50,5,4018.60,5,4018.70,6,4018.80,5,4018.90,5,Sell,7,9,16,-2.00,7.00,-2.00,0.70,28.6,4016.90,4017.60,4016.90,4017.10,13,44,57,-31.00,-1.00,-36.00,3.50,42.9,-18,81,0.1613,0.0000,-30.00,30.00,4024.42,-0.6816,DOWN,58.85,0.9686,1.8054
20260728 232631 796,4017.10,1,4016.90,4017.00,0.10,4017.10,2,4017.00,8,4016.40,3,4016.30,5,4016.20,6,4016.10,5,4016.00,6,4015.90,5,4015.80,5,4015.70,6,4017.50,1,4017.60,2,4017.80,1,4017.90,5,4018.00,1,4018.50,5,4018.60,5,4018.70,6,4018.80,5,4018.90,5,Sell,7,10,17,-3.00,7.00,-3.00,0.70,28.6,4016.90,4017.60,4016.90,4017.10,13,44,57,-31.00,-1.00,-36.00,3.50,42.9,-18,81,0.1613,0.0000,-31.00,29.00,4024.42,-0.6816,DOWN,58.85,0.9686,1.8054
20260728 232631 796,4017.00,1,4016.90,4017.00,0.10,4017.10,2,4017.00,8,4016.40,3,4016.30,5,4016.20,6,4016.10,5,4016.00,6,4015.90,5,4015.80,5,4015.70,6,4017.50,1,4017.60,2,4017.80,1,4017.90,5,4018.00,1,4018.50,5,4018.60,5,4018.70,6,4018.80,5,4018.90,5,Sell,7,11,18,-4.00,7.00,-4.00,0.70,14.3,4016.90,4017.60,4016.90,4017.00,13,44,57,-31.00,-1.00,-36.00,3.50,42.9,-18,81,0.1613,0.0000,-32.00,28.00,4024.41,-0.6848,DOWN,58.85,0.9686,1.8054
20260728 232631 796,4017.00,1,4016.90,4017.00,0.10,4017.10,2,4017.00,8,4016.40,3,4016.30,5,4016.20,6,4016.10,5,4016.00,6,4015.90,5,4015.80,5,4015.70,6,4017.50,1,4017.60,2,4017.80,1,4017.90,5,4018.00,1,4018.50,5,4018.60,5,4018.70,6,4018.80,5,4018.90,5,Sell,7,12,19,-5.00,7.00,-5.00,0.70,14.3,4016.90,4017.60,4016.90,4017.00,13,44,57,-31.00,-1.00,-36.00,3.50,42.9,-18,81,0.1613,0.0000,-33.00,27.00,4024.41,-0.6848,DOWN,58.85,0.9686,1.8054
20260728 232631 796,4017.00,1,4016.90,4017.00,0.10,4017.10,2,4017.00,8,4016.40,3,4016.30,5,4016.20,6,4016.10,5,4016.00,6,4015.90,5,4015.80,5,4015.70,6,4017.50,1,4017.60,2,4017.80,1,4017.90,5,4018.00,1,4018.50,5,4018.60,5,4018.70,6,4018.80,5,4018.90,5,Sell,7,13,20,-6.00,7.00,-6.00,0.70,14.3,4016.90,4017.60,4016.90,4017.00,13,44,57,-31.00,-1.00,-36.00,3.50,42.9,-18,81,0.1613,0.0000,-34.00,26.00,4024.41,-0.6848,DOWN,58.85,0.9686,1.8054
20260728 232631 796,4017.00,1,4016.90,4017.00,0.10,4017.10,2,4017.00,8,4016.40,3,4016.30,5,4016.20,6,4016.10,5,4016.00,6,4015.90,5,4015.80,5,4015.70,6,4017.50,1,4017.60,2,4017.80,1,4017.90,5,4018.00,1,4018.50,5,4018.60,5,4018.70,6,4018.80,5,4018.90,5,Sell,7,14,21,-7.00,7.00,-7.00,0.70,14.3,4016.90,4017.60,4016.90,4017.00,13,44,57,-31.00,-1.00,-36.00,3.50,42.9,-18,81,0.1613,0.0000,-35.00,25.00,4024.41,-0.6848,DOWN,58.85,0.9686,1.8054
20260728 232631 796,4017.00,1,4016.90,4017.00,0.10,4017.10,2,4017.00,8,4016.40,3,4016.30,5,4016.20,6,4016.10,5,4016.00,6,4015.90,5,4015.80,5,4015.70,6,4017.50,1,4017.60,2,4017.80,1,4017.90,5,4018.00,1,4018.50,5,4018.60,5,4018.70,6,4018.80,5,4018.90,5,Sell,7,15,22,-8.00,7.00,-8.00,0.70,14.3,4016.90,4017.60,4016.90,4017.00,13,44,57,-31.00,-1.00,-36.00,3.50,42.9,-18,81,0.1613,0.0000,-36.00,24.00,4024.41,-0.6848,DOWN,58.85,0.9686,1.8054
20260728 232631 798,4017.00,3,4016.90,4017.00,0.10,4017.10,2,4017.00,8,4016.40,3,4016.30,5,4016.20,6,4016.10,5,4016.00,6,4015.90,5,4015.80,5,4015.70,6,4017.50,1,4017.60,2,4017.80,1,4017.90,5,4018.00,1,4018.50,5,4018.60,5,4018.70,6,4018.80,5,4018.90,5,Buy,10,15,25,-5.00,7.00,-8.00,0.70,14.3,4016.90,4017.60,4016.90,4017.00,13,44,57,-31.00,-1.00,-36.00,3.50,42.9,-18,81,0.1613,0.6000,-33.00,27.00,4024.41,-0.6848,DOWN,58.85,0.9686,1.8054
20260728 232642 419,4017.30,1,4017.30,4017.70,0.40,4017.30,2,4017.20,4,4016.60,2,4016.50,5,4016.40,9,4016.30,5,4016.20,6,4016.10,5,4016.00,6,4015.90,5,4017.70,1,4017.80,2,4017.90,5,4018.00,1,4018.30,1,4018.50,5,4018.60,5,4018.70,6,4018.80,5,4018.90,5,Sell,10,16,26,-6.00,7.00,-8.00,0.70,57.1,4016.90,4017.60,4016.90,4017.30,13,44,57,-31.00,-1.00,-36.00,3.50,42.9,-18,81,0.1613,0.3333,-34.00,26.00,4024.44,-0.6753,DOWN,58.85,0.9686,1.8054
20260728 232705 970,4017.70,1,4017.40,4017.70,0.30,4017.30,2,4017.20,2,4016.60,2,4016.50,5,4016.40,6,4016.30,5,4016.20,6,4016.10,5,4016.00,6,4015.90,5,4017.70,1,4017.80,5,4017.90,11,4018.00,1,4018.30,1,4018.60,5,4018.70,6,4018.80,5,4018.90,5,4019.00,6,Buy,1,0,1,1.00,1.00,1.00,0.00,0.0,4017.70,4017.70,4017.70,4017.70,10,16,26,-6.00,7.00,-8.00,0.70,57.1,-3,3,0.3333,0.0000,-48.00,35.00,4024.48,-0.6626,DOWN,59.15,0.4396,1.7050
20260728 232720 093,4017.80,1,4017.70,4018.00,0.30,4017.70,2,4017.60,2,4016.70,3,4016.60,6,4016.50,5,4016.40,6,4016.30,5,4016.20,6,4016.10,5,4016.00,6,4018.00,1,4018.20,1,4018.30,3,4018.60,1,4018.70,2,4018.80,5,4018.90,6,4019.00,6,4019.10,5,4019.20,5,Buy,2,0,2,2.00,2.00,1.00,0.10,100.0,4017.70,4017.80,4017.70,4017.80,10,16,26,-6.00,7.00,-8.00,0.70,57.1,-3,3,0.3333,0.0000,-47.00,36.00,4024.49,-0.6594,DOWN,59.15,0.4396,1.7121
20260728 232720 101,4017.90,3,4017.70,4018.00,0.30,4017.70,2,4017.60,2,4016.70,3,4016.60,6,4016.50,5,4016.40,6,4016.30,5,4016.20,6,4016.10,5,4016.00,6,4018.00,1,4018.20,1,4018.30,3,4018.60,1,4018.70,2,4018.80,5,4018.90,6,4019.00,6,4019.10,5,4019.20,5,Buy,5,0,5,5.00,5.00,1.00,0.20,100.0,4017.70,4017.90,4017.70,4017.90,10,16,26,-6.00,7.00,-8.00,0.70,57.1,-3,3,0.3333,0.0000,-44.00,39.00,4024.50,-0.6562,DOWN,59.15,0.4396,1.7193
20260728 232720 103,4017.90,2,4017.70,4018.00,0.30,4017.70,2,4017.60,2,4016.70,3,4016.60,6,4016.50,5,4016.40,6,4016.30,5,4016.20,6,4016.10,5,4016.00,6,4018.00,1,4018.20,1,4018.30,3,4018.60,1,4018.70,2,4018.80,5,4018.90,6,4019.00,6,4019.10,5,4019.20,5,Buy,7,0,7,7.00,7.00,1.00,0.20,100.0,4017.70,4017.90,4017.70,4017.90,10,16,26,-6.00,7.00,-8.00,0.70,57.1,-3,3,0.3333,0.0000,-42.00,41.00,4024.50,-0.6562,DOWN,59.15,0.4396,1.7193
20260728 232720 103,4017.90,6,4017.70,4018.00,0.30,4017.70,2,4017.60,2,4016.70,3,4016.60,6,4016.50,5,4016.40,6,4016.30,5,4016.20,6,4016.10,5,4016.00,6,4018.00,1,4018.20,1,4018.30,3,4018.60,1,4018.70,2,4018.80,5,4018.90,6,4019.00,6,4019.10,5,4019.20,5,Buy,13,0,13,13.00,13.00,1.00,0.20,100.0,4017.70,4017.90,4017.70,4017.90,10,16,26,-6.00,7.00,-8.00,0.70,57.1,-3,3,0.3333,0.0000,-36.00,47.00,4024.50,-0.6562,DOWN,59.15,0.4396,1.7193
20260728 232720 228,4018.00,1,4017.80,4018.30,0.50,4017.80,3,4017.70,4,4017.10,3,4016.80,8,4016.70,6,4016.60,6,4016.50,5,4016.40,6,4016.30,5,4016.20,6,4018.30,1,4018.40,2,4018.50,3,4018.70,1,4018.90,1,4019.00,2,4019.10,5,4019.20,5,4019.30,5,4019.40,5,Buy,14,0,14,14.00,14.00,1.00,0.30,100.0,4017.70,4018.00,4017.70,4018.00,10,16,26,-6.00,7.00,-8.00,0.70,57.1,-3,3,0.3333,0.0000,-35.00,48.00,4024.51,-0.6530,DOWN,59.15,0.4396,1.7264
20260728 232721 845,4018.30,1,4018.00,4018.40,0.40,4018.00,2,4017.90,2,4017.10,3,4017.00,5,4016.90,5,4016.80,8,4016.70,6,4016.60,6,4016.50,5,4016.40,6,4018.40,2,4018.50,3,4018.70,1,4018.90,1,4019.00,2,4019.10,5,4019.20,5,4019.30,5,4019.40,5,4019.50,5,Buy,15,0,15,15.00,15.00,1.00,0.60,100.0,4017.70,4018.30,4017.70,4018.30,10,16,26,-6.00,7.00,-8.00,0.70,57.1,-3,3,0.3333,0.0000,-34.00,49.00,4024.54,-0.6435,DOWN,59.15,0.4396,1.7478
20260728 232721 845,4018.30,1,4018.00,4018.40,0.40,4018.00,2,4017.90,2,4017.10,3,4017.00,5,4016.90,5,4016.80,8,4016.70,6,4016.60,6,4016.50,5,4016.40,6,4018.40,2,4018.50,3,4018.70,1,4018.90,1,4019.00,2,4019.10,5,4019.20,5,4019.30,5,4019.40,5,4019.50,5,Buy,16,0,16,16.00,16.00,1.00,0.60,100.0,4017.70,4018.30,4017.70,4018.30,10,16,26,-6.00,7.00,-8.00,0.70,57.1,-3,3,0.3333,0.0000,-33.00,50.00,4024.54,-0.6435,DOWN,59.15,0.4396,1.7478
20260728 232729 865,4018.50,1,4018.20,4018.60,0.40,4018.20,2,4018.10,1,4017.10,8,4017.00,5,4016.90,5,4016.80,8,4016.70,6,4016.60,6,4016.50,5,4016.40,6,4018.60,3,4018.70,3,4019.00,2,4019.10,5,4019.20,5,4019.30,5,4019.40,5,4019.50,5,4019.60,7,4019.70,5,Buy,17,0,17,17.00,17.00,1.00,0.80,100.0,4017.70,4018.50,4017.70,4018.50,10,16,26,-6.00,7.00,-8.00,0.70,57.1,-3,3,0.3333,0.0000,-32.00,51.00,4024.55,-0.6372,DOWN,59.15,0.4396,1.7621
20260728 232729 865,4018.50,1,4018.20,4018.60,0.40,4018.20,2,4018.10,1,4017.10,8,4017.00,5,4016.90,5,4016.80,8,4016.70,6,4016.60,6,4016.50,5,4016.40,6,4018.60,3,4018.70,3,4019.00,2,4019.10,5,4019.20,5,4019.30,5,4019.40,5,4019.50,5,4019.60,7,4019.70,5,Buy,18,0,18,18.00,18.00,1.00,0.80,100.0,4017.70,4018.50,4017.70,4018.50,10,16,26,-6.00,7.00,-8.00,0.70,57.1,-3,3,0.3333,0.0000,-31.00,52.00,4024.55,-0.6372,DOWN,59.15,0.4396,1.7621
20260728 232729 865,4018.50,1,4018.20,4018.60,0.40,4018.20,2,4018.10,1,4017.10,8,4017.00,5,4016.90,5,4016.80,8,4016.70,6,4016.60,6,4016.50,5,4016.40,6,4018.60,3,4018.70,3,4019.00,2,4019.10,5,4019.20,5,4019.30,5,4019.40,5,4019.50,5,4019.60,7,4019.70,5,Buy,19,0,19,19.00,19.00,1.00,0.80,100.0,4017.70,4018.50,4017.70,4018.50,10,16,26,-6.00,7.00,-8.00,0.70,57.1,-3,3,0.3333,0.0000,-30.00,53.00,4024.55,-0.6372,DOWN,59.15,0.4396,1.7621
20260728 232730 556,4018.20,1,4018.20,4018.60,0.40,4018.20,1,4018.10,1,4017.10,8,4017.00,5,4016.90,5,4016.80,8,4016.70,6,4016.60,6,4016.50,5,4016.40,6,4018.60,1,4018.70,3,4019.00,2,4019.10,5,4019.20,5,4019.30,5,4019.40,5,4019.50,5,4019.60,7,4019.70,5,Sell,19,1,20,18.00,19.00,1.00,0.80,62.5,4017.70,4018.50,4017.70,4018.20,10,16,26,-6.00,7.00,-8.00,0.70,57.1,-3,3,0.3333,0.0556,-31.00,52.00,4024.53,-0.6467,DOWN,59.15,0.4396,1.7621
20260728 232736 875,4018.10,2,4018.10,4018.60,0.50,4018.10,2,4018.00,2,4017.20,1,4017.10,5,4017.00,5,4016.90,5,4016.80,5,4016.70,6,4016.60,6,4016.50,5,4018.60,4,4018.70,3,4018.90,1,4019.00,1,4019.10,5,4019.20,5,4019.30,5,4019.40,5,4019.50,5,4019.60,7,Sell,19,3,22,16.00,19.00,1.00,0.80,50.0,4017.70,4018.50,4017.70,4018.10,10,16,26,-6.00,7.00,-8.00,0.70,57.1,-3,3,0.3333,0.1875,-33.00,50.00,4024.52,-0.6499,DOWN,59.15,0.4396,1.7621
20260728 232741 101,4018.10,1,4018.10,4018.60,0.50,4017.90,3,4017.80,3,4017.20,2,4017.10,5,4017.00,5,4016.90,5,4016.80,5,4016.70,6,4016.60,6,4016.50,5,4018.40,4,4018.50,4,4018.60,1,4018.70,2,4018.80,5,4018.90,5,4019.00,6,4019.10,5,4019.20,5,4019.30,5,Sell,19,4,23,15.00,19.00,1.00,0.80,50.0,4017.70,4018.50,4017.70,4018.10,10,16,26,-6.00,7.00,-8.00,0.70,57.1,-3,3,0.3333,0.2667,-34.00,49.00,4024.52,-0.6499,DOWN,59.15,0.4396,1.7621
20260728 232741 101,4018.10,1,4018.10,4018.60,0.50,4017.90,3,4017.80,3,4017.20,2,4017.10,5,4017.00,5,4016.90,5,4016.80,5,4016.70,6,4016.60,6,4016.50,5,4018.40,4,4018.50,4,4018.60,1,4018.70,2,4018.80,5,4018.90,5,4019.00,6,4019.10,5,4019.20,5,4019.30,5,Sell,19,5,24,14.00,19.00,1.00,0.80,50.0,4017.70,4018.50,4017.70,4018.10,10,16,26,-6.00,7.00,-8.00,0.70,57.1,-3,3,0.3333,0.3571,-35.00,48.00,4024.52,-0.6499,DOWN,59.15,0.4396,1.7621
20260728 232741 101,4018.10,1,4018.10,4018.60,0.50,4017.90,3,4017.80,3,4017.20,2,4017.10,5,4017.00,5,4016.90,5,4016.80,5,4016.70,6,4016.60,6,4016.50,5,4018.40,4,4018.50,4,4018.60,1,4018.70,2,4018.80,5,4018.90,5,4019.00,6,4019.10,5,4019.20,5,4019.30,5,Sell,19,6,25,13.00,19.00,1.00,0.80,50.0,4017.70,4018.50,4017.70,4018.10,10,16,26,-6.00,7.00,-8.00,0.70,57.1,-3,3,0.3333,0.4615,-36.00,47.00,4024.52,-0.6499,DOWN,59.15,0.4396,1.7621
20260728 232744 040,4018.00,1,4017.80,4018.10,0.30,4017.80,2,4017.70,2,4017.20,2,4017.10,5,4017.00,5,4016.90,5,4016.80,5,4016.70,6,4016.60,6,4016.50,5,4018.10,2,4018.20,2,4018.60,2,4018.70,2,4018.80,5,4018.90,5,4019.00,6,4019.10,5,4019.20,5,4019.30,5,Sell,19,7,26,12.00,19.00,1.00,0.80,37.5,4017.70,4018.50,4017.70,4018.00,10,16,26,-6.00,7.00,-8.00,0.70,57.1,-3,3,0.3333,0.5833,-37.00,46.00,4024.51,-0.6530,DOWN,59.15,0.4396,1.7621
20260728 232744 040,4018.00,1,4017.80,4018.10,0.30,4017.80,2,4017.70,2,4017.20,2,4017.10,5,4017.00,5,4016.90,5,4016.80,5,4016.70,6,4016.60,6,4016.50,5,4018.10,2,4018.20,2,4018.60,2,4018.70,2,4018.80,5,4018.90,5,4019.00,6,4019.10,5,4019.20,5,4019.30,5,Sell,19,8,27,11.00,19.00,1.00,0.80,37.5,4017.70,4018.50,4017.70,4018.00,10,16,26,-6.00,7.00,-8.00,0.70,57.1,-3,3,0.3333,0.7273,-38.00,45.00,4024.51,-0.6530,DOWN,59.15,0.4396,1.7621
20260728 232747 686,4017.60,1,4017.30,4017.60,0.30,4017.30,1,4017.20,2,4017.10,1,4017.00,5,4016.90,5,4016.80,5,4016.70,6,4016.60,6,4016.50,5,4016.40,6,4017.60,2,4017.70,4,4018.50,1,4018.60,3,4018.70,1,4018.80,5,4018.90,5,4019.00,6,4019.10,5,4019.20,5,Sell,19,9,28,10.00,19.00,1.00,0.90,11.1,4017.70,4018.50,4017.60,4017.60,10,16,26,-6.00,7.00,-8.00,0.70,57.1,-3,3,0.3333,0.9000,-39.00,44.00,4024.47,-0.6657,DOWN,59.15,0.4396,1.7621
20260728 232758 321,4016.90,1,4016.50,4016.90,0.40,4016.50,2,4016.40,3,4016.00,2,4015.80,2,4015.70,6,4015.60,6,4015.50,6,4015.40,5,4015.30,5,4015.20,5,4016.90,1,4017.00,4,4017.60,1,4017.70,5,4017.80,1,4017.90,6,4018.00,6,4018.10,5,4018.20,6,4018.30,6,Buy,20,9,29,11.00,19.00,1.00,1.60,50.0,4017.70,4018.50,4016.90,4016.90,10,16,26,-6.00,7.00,-8.00,0.70,57.1,-3,3,0.3333,0.7273,-38.00,45.00,4024.40,-0.6880,DOWN,59.15,0.4396,1.7907
20260728 232800 171,4016.90,2,4016.70,4016.90,0.20,4016.70,2,4016.60,2,4016.00,2,4015.80,7,4015.70,5,4015.60,6,4015.50,6,4015.40,5,4015.30,5,4015.20,5,4017.10,1,4017.20,2,4017.80,1,4017.90,1,4018.00,1,4018.20,1,4018.30,1,4018.40,6,4018.50,6,4018.60,7,Buy,2,0,2,2.00,2.00,2.00,0.00,0.0,4016.90,4016.90,4016.90,4016.90,20,9,29,11.00,19.00,1.00,1.60,50.0,-24,27,0.7273,0.0000,-23.00,38.00,4024.40,-0.6880,DOWN,58.55,0.4953,1.6628
20260728 232803 714,4017.00,2,4016.90,4017.00,0.10,4016.90,1,4016.80,3,4016.00,2,4015.90,5,4015.80,7,4015.70,5,4015.60,6,4015.50,6,4015.40,5,4015.30,5,4017.20,1,4017.30,1,4017.90,1,4018.00,6,4018.20,6,4018.30,6,4018.40,6,4018.50,6,4018.60,7,4018.70,6,Buy,4,0,4,4.00,4.00,2.00,0.10,100.0,4016.90,4017.00,4016.90,4017.00,20,9,29,11.00,19.00,1.00,1.60,50.0,-24,27,0.7273,0.0000,-21.00,40.00,4024.41,-0.6848,DOWN,58.55,0.4953,1.6699
20260728 232815 601,4017.40,1,4017.40,4017.80,0.40,4017.40,2,4017.30,3,4016.30,8,4016.20,5,4016.10,7,4016.00,6,4015.90,5,4015.80,5,4015.70,5,4015.60,6,4017.80,2,4017.90,2,4018.60,2,4018.70,1,4018.90,5,4019.00,6,4019.10,5,4019.20,5,4019.30,5,4019.40,5,Sell,4,1,5,3.00,4.00,2.00,0.50,100.0,4016.90,4017.40,4016.90,4017.40,20,9,29,11.00,19.00,1.00,1.60,50.0,-24,27,0.7273,0.3333,-22.00,39.00,4024.45,-0.6721,DOWN,58.55,0.4953,1.6985
20260728 232815 601,4017.40,1,4017.40,4017.80,0.40,4017.40,2,4017.30,3,4016.30,8,4016.20,5,4016.10,7,4016.00,6,4015.90,5,4015.80,5,4015.70,5,4015.60,6,4017.80,2,4017.90,2,4018.60,2,4018.70,1,4018.90,5,4019.00,6,4019.10,5,4019.20,5,4019.30,5,4019.40,5,Sell,4,2,6,2.00,4.00,2.00,0.50,100.0,4016.90,4017.40,4016.90,4017.40,20,9,29,11.00,19.00,1.00,1.60,50.0,-24,27,0.7273,1.0000,-23.00,38.00,4024.45,-0.6721,DOWN,58.55,0.4953,1.6985
20260728 232843 083,4018.00,1,4017.60,4018.00,0.40,4017.70,1,4017.60,2,4016.70,7,4016.60,5,4016.50,5,4016.40,5,4016.30,5,4016.20,5,4016.10,5,4016.00,6,4018.00,1,4018.10,2,4018.60,1,4018.70,1,4019.00,6,4019.10,5,4019.20,5,4019.30,5,4019.40,5,4019.50,5,Buy,5,2,7,3.00,4.00,2.00,1.10,100.0,4016.90,4018.00,4016.90,4018.00,20,9,29,11.00,19.00,1.00,1.60,50.0,-24,27,0.7273,0.3333,-22.00,39.00,4024.51,-0.6530,DOWN,58.55,0.4953,1.7414
20260728 232843 083,4018.10,1,4017.60,4018.00,0.40,4017.70,1,4017.60,2,4016.70,7,4016.60,5,4016.50,5,4016.40,5,4016.30,5,4016.20,5,4016.10,5,4016.00,6,4018.00,1,4018.10,2,4018.60,1,4018.70,1,4019.00,6,4019.10,5,4019.20,5,4019.30,5,4019.40,5,4019.50,5,Buy,6,2,8,4.00,4.00,2.00,1.20,100.0,4016.90,4018.10,4016.90,4018.10,20,9,29,11.00,19.00,1.00,1.60,50.0,-24,27,0.7273,0.0000,-21.00,40.00,4024.52,-0.6499,DOWN,58.55,0.4953,1.7485
20260728 232902 889,4018.00,1,4018.00,4018.40,0.40,4018.00,2,4017.90,4,4017.10,2,4017.00,5,4016.90,7,4016.80,5,4016.70,5,4016.60,5,4016.50,5,4016.40,5,4018.40,2,4018.50,5,4018.60,1,4018.70,1,4019.00,1,4019.10,5,4019.20,5,4019.30,5,4019.40,5,4019.50,5,Sell,0,1,1,-1.00,-1.00,-1.00,0.00,0.0,4018.00,4018.00,4018.00,4018.00,6,2,8,4.00,4.00,2.00,1.20,100.0,6,6,0.0000,0.0000,-23.00,54.00,4024.51,-0.6530,DOWN,55.85,0.1432,1.6307
20260728 232911 589,4018.20,1,4018.00,4018.40,0.40,4018.00,2,4017.90,4,4017.10,2,4017.00,5,4016.90,7,4016.80,5,4016.70,5,4016.60,5,4016.50,5,4016.40,5,4018.40,2,4018.50,3,4018.60,1,4018.70,1,4019.00,1,4019.10,5,4019.20,5,4019.30,5,4019.40,5,4019.50,5,Buy,1,1,2,0.00,0.00,-1.00,0.20,100.0,4018.00,4018.20,4018.00,4018.20,6,2,8,4.00,4.00,2.00,1.20,100.0,6,6,0.0000,0.0000,-22.00,55.00,4024.53,-0.6467,DOWN,55.85,0.1432,1.6379
20260728 232918 630,4018.60,1,4018.40,4018.90,0.50,4018.40,2,4018.30,4,4017.50,8,4017.40,5,4017.30,7,4017.20,5,4017.10,5,4017.00,5,4016.90,6,4016.80,5,4018.90,3,4019.00,5,4019.60,1,4019.70,5,4019.80,5,4019.90,5,4020.00,8,4020.10,7,4020.20,7,4020.30,6,Buy,2,1,3,1.00,1.00,-1.00,0.60,100.0,4018.00,4018.60,4018.00,4018.60,6,2,8,4.00,4.00,2.00,1.20,100.0,6,6,0.0000,0.0000,-21.00,56.00,4024.56,-0.6340,DOWN,55.85,0.1432,1.6665
20260728 232918 630,4018.70,1,4018.40,4018.90,0.50,4018.40,2,4018.30,4,4017.50,8,4017.40,5,4017.30,7,4017.20,5,4017.10,5,4017.00,5,4016.90,6,4016.80,5,4018.90,3,4019.00,5,4019.60,1,4019.70,5,4019.80,5,4019.90,5,4020.00,8,4020.10,7,4020.20,7,4020.30,6,Buy,3,1,4,2.00,2.00,-1.00,0.70,100.0,4018.00,4018.70,4018.00,4018.70,6,2,8,4.00,4.00,2.00,1.20,100.0,6,6,0.0000,0.0000,-20.00,57.00,4024.57,-0.6308,DOWN,55.85,0.1432,1.6736
20260728 232918 630,4018.80,1,4018.40,4018.90,0.50,4018.40,2,4018.30,4,4017.50,8,4017.40,5,4017.30,7,4017.20,5,4017.10,5,4017.00,5,4016.90,6,4016.80,5,4018.90,3,4019.00,5,4019.60,1,4019.70,5,4019.80,5,4019.90,5,4020.00,8,4020.10,7,4020.20,7,4020.30,6,Buy,4,1,5,3.00,3.00,-1.00,0.80,100.0,4018.00,4018.80,4018.00,4018.80,6,2,8,4.00,4.00,2.00,1.20,100.0,6,6,0.0000,0.0000,-19.00,58.00,4024.58,-0.6276,DOWN,55.85,0.1432,1.6807
20260728 232931 657,4017.40,1,4017.30,4017.70,0.40,4017.30,1,4017.20,2,4016.70,1,4016.50,2,4016.40,5,4016.10,5,4016.00,6,4015.90,5,4015.80,5,4015.70,5,4017.70,1,4017.80,3,4018.90,5,4019.00,6,4019.10,6,4019.20,5,4019.30,5,4019.40,5,4019.50,5,4019.60,7,Sell,4,2,6,2.00,3.00,-1.00,1.40,42.9,4018.00,4018.80,4017.40,4017.40,6,2,8,4.00,4.00,2.00,1.20,100.0,6,6,0.0000,0.5000,-20.00,57.00,4024.45,-0.6721,DOWN,55.85,0.1432,1.7236
20260728 232939 702,4017.80,1,4017.30,4017.80,0.50,4017.30,2,4017.20,3,4016.70,1,4016.50,7,4016.40,5,4016.30,5,4016.20,5,4016.10,5,4016.00,6,4015.90,5,4017.90,2,4018.00,3,4019.00,1,4019.50,1,4019.60,7,4019.70,5,4019.80,5,4019.90,5,4020.00,8,4020.10,7,Buy,5,2,7,3.00,3.00,-1.00,1.40,14.3,4018.00,4018.80,4017.40,4017.80,6,2,8,4.00,4.00,2.00,1.20,100.0,6,6,0.0000,0.0000,-19.00,58.00,4024.49,-0.6594,DOWN,55.85,0.1432,1.7236
20260728 232955 278,4017.80,1,4017.60,4018.10,0.50,4017.60,1,4017.50,2,4017.40,1,4017.30,1,4017.20,1,4017.10,2,4017.00,5,4016.90,5,4016.80,5,4016.70,5,4018.10,2,4018.20,3,4019.00,1,4019.50,1,4019.60,2,4019.80,5,4019.90,5,4020.00,8,4020.10,7,4020.20,7,Sell,5,3,8,2.00,3.00,-1.00,1.40,14.3,4018.00,4018.80,4017.40,4017.80,6,2,8,4.00,4.00,2.00,1.20,100.0,6,6,0.0000,0.5000,-20.00,57.00,4024.49,-0.6594,DOWN,55.85,0.1432,1.7236
20260728 233001 395,4018.40,1,4018.40,4018.60,0.20,4018.40,2,4018.30,3,4017.40,1,4017.30,2,4017.20,6,4017.10,5,4017.00,5,4016.90,5,4016.80,5,4016.70,5,4018.60,1,4018.90,2,4019.00,1,4019.60,2,4019.90,5,4020.00,8,4020.10,7,4020.20,7,4020.30,6,4020.40,6,Sell,0,1,1,-1.00,-1.00,-1.00,0.00,0.0,4018.40,4018.40,4018.40,4018.40,5,3,8,2.00,3.00,-1.00,1.40,14.3,-3,9,0.5000,0.0000,10.00,-26.00,4023.91,-0.5680,DOWN,48.20,0.1660,1.6433
20260728 233001 463,4018.40,1,4018.30,4018.60,0.30,4018.30,3,4018.20,2,4017.40,1,4017.30,2,4017.20,6,4017.10,5,4017.00,5,4016.90,5,4016.80,5,4016.70,5,4018.60,1,4018.80,1,4019.00,1,4019.50,1,4019.60,2,4019.90,5,4020.00,8,4020.10,7,4020.20,7,4020.30,6,Sell,0,2,2,-2.00,-1.00,-2.00,0.00,0.0,4018.40,4018.40,4018.40,4018.40,5,3,8,2.00,3.00,-1.00,1.40,14.3,-3,9,0.5000,0.0000,9.00,-27.00,4023.91,-0.5680,DOWN,48.20,0.1660,1.6433
20260728 233008 813,4018.30,1,4018.00,4018.50,0.50,4018.00,1,4017.90,3,4017.50,4,4017.40,6,4017.30,2,4017.20,6,4017.10,5,4017.00,5,4016.90,5,4016.80,5,4018.50,4,4018.60,3,4019.00,1,4019.20,1,4019.30,1,4019.40,5,4019.50,5,4019.60,7,4019.70,5,4019.80,5,Buy,1,2,3,-1.00,-1.00,-2.00,0.10,100.0,4018.40,4018.40,4018.30,4018.30,5,3,8,2.00,3.00,-1.00,1.40,14.3,-3,9,0.5000,1.0000,10.00,-26.00,4023.90,-0.5712,DOWN,48.20,0.1660,1.6433
20260728 233009 918,4018.50,1,4018.00,4018.50,0.50,4018.00,1,4017.90,3,4017.50,4,4017.40,6,4017.30,2,4017.20,6,4017.10,5,4017.00,5,4016.90,5,4016.80,5,4018.50,3,4018.60,3,4019.00,1,4019.30,1,4019.40,5,4019.50,5,4019.60,7,4019.70,5,4019.80,5,4019.90,5,Buy,2,2,4,0.00,0.00,-2.00,0.20,50.0,4018.40,4018.50,4018.30,4018.50,5,3,8,2.00,3.00,-1.00,1.40,14.3,-3,9,0.5000,0.0000,11.00,-25.00,4023.92,-0.5648,DOWN,48.20,0.1660,1.6505
20260728 233012 410,4018.40,1,4018.00,4018.50,0.50,4018.00,1,4017.90,2,4017.50,4,4017.40,6,4017.30,2,4017.20,6,4017.10,5,4017.00,5,4016.90,5,4016.80,5,4018.50,3,4018.60,3,4019.00,1,4019.30,1,4019.40,5,4019.50,5,4019.60,7,4019.70,5,4019.80,5,4019.90,5,Buy,3,2,5,1.00,1.00,-2.00,0.20,0.0,4018.40,4018.50,4018.30,4018.40,5,3,8,2.00,3.00,-1.00,1.40,14.3,-3,9,0.5000,0.0000,12.00,-24.00,4023.91,-0.5680,DOWN,48.20,0.1660,1.6505
20260728 233014 473,4018.40,1,4018.10,4018.50,0.40,4018.10,2,4018.00,2,4017.50,4,4017.40,6,4017.30,2,4017.20,6,4017.10,5,4017.00,5,4016.90,5,4016.80,5,4018.50,1,4018.60,5,4019.00,1,4019.40,5,4019.50,5,4019.60,7,4019.70,6,4019.80,5,4019.90,5,4020.00,8,Buy,4,2,6,2.00,2.00,-2.00,0.20,0.0,4018.40,4018.50,4018.30,4018.40,5,3,8,2.00,3.00,-1.00,1.40,14.3,-3,9,0.5000,0.0000,13.00,-23.00,4023.91,-0.5680,DOWN,48.20,0.1660,1.6505
20260728 233014 473,4018.40,1,4018.10,4018.50,0.40,4018.10,2,4018.00,2,4017.50,4,4017.40,6,4017.30,2,4017.20,6,4017.10,5,4017.00,5,4016.90,5,4016.80,5,4018.50,1,4018.60,5,4019.00,1,4019.40,5,4019.50,5,4019.60,7,4019.70,6,4019.80,5,4019.90,5,4020.00,8,Buy,5,2,7,3.00,3.00,-2.00,0.20,0.0,4018.40,4018.50,4018.30,4018.40,5,3,8,2.00,3.00,-1.00,1.40,14.3,-3,9,0.5000,0.0000,14.00,-22.00,4023.91,-0.5680,DOWN,48.20,0.1660,1.6505
20260728 233023 023,4018.50,1,4018.30,4018.60,0.30,4018.30,1,4018.20,2,4017.50,4,4017.40,6,4017.30,7,4017.20,6,4017.10,5,4017.00,5,4016.90,5,4016.80,7,4018.60,3,4018.70,2,4019.00,1,4019.40,1,4019.50,5,4019.60,7,4019.70,5,4019.80,5,4019.90,5,4020.00,8,Buy,6,2,8,4.00,4.00,-2.00,0.20,50.0,4018.40,4018.50,4018.30,4018.50,5,3,8,2.00,3.00,-1.00,1.40,14.3,-3,9,0.5000,0.0000,15.00,-21.00,4023.92,-0.5648,DOWN,48.20,0.1660,1.6505
20260728 233025 209,4018.60,2,4018.40,4018.80,0.40,4018.40,1,4018.30,4,4017.50,4,4017.40,6,4017.30,7,4017.20,6,4017.10,5,4017.00,5,4016.90,5,4016.80,7,4018.80,3,4018.90,1,4019.00,1,4019.30,1,4019.40,1,4019.50,5,4019.60,6,4019.70,5,4019.80,5,4019.90,5,Buy,8,2,10,6.00,6.00,-2.00,0.30,66.7,4018.40,4018.60,4018.30,4018.60,5,3,8,2.00,3.00,-1.00,1.40,14.3,-3,9,0.5000,0.0000,17.00,-19.00,4023.93,-0.5617,DOWN,48.20,0.1660,1.6576
20260728 233035 188,4018.20,1,4017.60,4018.00,0.40,4017.60,2,4017.50,3,4017.40,1,4017.30,2,4017.20,6,4017.10,5,4017.00,5,4016.90,5,4016.80,7,4016.70,5,4018.00,1,4018.10,2,4019.00,1,4019.30,7,4019.40,5,4019.50,5,4019.60,7,4019.70,5,4019.80,5,4019.90,5,Sell,8,3,11,5.00,6.00,-2.00,0.40,50.0,4018.40,4018.60,4018.20,4018.20,5,3,8,2.00,3.00,-1.00,1.40,14.3,-3,9,0.5000,0.2000,16.00,-20.00,4023.89,-0.5744,DOWN,48.20,0.1660,1.6576
20260728 233039 444,4017.80,1,4017.80,4018.20,0.40,4017.80,1,4017.70,1,4017.40,1,4017.30,2,4017.20,6,4017.10,5,4017.00,5,4016.90,5,4016.80,7,4016.70,5,4018.20,2,4018.30,1,4019.00,1,4019.20,1,4019.30,6,4019.40,5,4019.50,5,4019.60,7,4019.70,5,4019.80,5,Sell,8,4,12,4.00,6.00,-2.00,0.80,75.0,4018.40,4018.60,4017.80,4017.80,5,3,8,2.00,3.00,-1.00,1.40,14.3,-3,9,0.5000,0.5000,15.00,-21.00,4023.85,-0.5871,DOWN,48.20,0.1660,1.6576
20260728 233050 929,4017.40,1,4017.40,4017.80,0.40,4017.30,2,4017.20,7,4017.10,6,4017.00,5,4016.90,5,4016.80,8,4016.70,5,4016.60,5,4016.50,5,4016.40,5,4017.80,1,4017.90,1,4018.00,1,4019.00,1,4019.20,1,4019.30,5,4019.40,5,4019.50,5,4019.60,7,4019.70,5,Sell,8,5,13,3.00,6.00,-2.00,1.20,83.3,4018.40,4018.60,4017.40,4017.40,5,3,8,2.00,3.00,-1.00,1.40,14.3,-3,9,0.5000,1.0000,14.00,-22.00,4023.81,-0.5998,DOWN,48.20,0.1660,1.6862
20260728 233051 852,4018.00,1,4017.70,4018.20,0.50,4017.70,1,4017.60,2,4017.30,2,4017.20,6,4017.10,5,4017.00,5,4016.90,5,4016.80,8,4016.70,5,4016.60,5,4018.20,3,4018.30,4,4019.00,1,4019.30,5,4019.40,5,4019.50,5,4019.60,7,4019.70,5,4019.80,6,4019.90,5,Buy,9,5,14,4.00,6.00,-2.00,1.20,33.3,4018.40,4018.60,4017.40,4018.00,5,3,8,2.00,3.00,-1.00,1.40,14.3,-3,9,0.5000,0.5000,15.00,-21.00,4023.87,-0.5807,DOWN,48.20,0.1660,1.6862
20260728 233051 852,4018.00,1,4017.70,4018.20,0.50,4017.70,1,4017.60,2,4017.30,2,4017.20,6,4017.10,5,4017.00,5,4016.90,5,4016.80,8,4016.70,5,4016.60,5,4018.20,3,4018.30,4,4019.00,1,4019.30,5,4019.40,5,4019.50,5,4019.60,7,4019.70,5,4019.80,6,4019.90,5,Buy,10,5,15,5.00,6.00,-2.00,1.20,33.3,4018.40,4018.60,4017.40,4018.00,5,3,8,2.00,3.00,-1.00,1.40,14.3,-3,9,0.5000,0.2000,16.00,-20.00,4023.87,-0.5807,DOWN,48.20,0.1660,1.6862
20260728 233058 306,4018.80,1,4018.60,4019.00,0.40,4018.60,2,4018.50,3,4017.80,5,4017.70,6,4017.60,5,4017.50,6,4017.40,5,4017.30,5,4017.20,5,4017.10,5,4019.00,1,4019.10,1,4019.20,3,4019.50,1,4019.60,1,4020.00,8,4020.10,2,4020.20,2,4020.30,1,4020.40,1,Buy,11,5,16,6.00,6.00,-2.00,1.40,28.6,4018.40,4018.80,4017.40,4018.80,5,3,8,2.00,3.00,-1.00,1.40,14.3,-3,9,0.5000,0.0000,17.00,-19.00,4023.95,-0.5553,DOWN,48.20,0.1660,1.7005
20260728 233100 370,4019.00,1,4018.90,4019.00,0.10,4018.80,4,4018.70,3,4017.90,1,4017.80,5,4017.70,6,4017.60,5,4017.50,6,4017.40,5,4017.30,5,4017.20,5,4019.00,1,4019.20,1,4019.30,3,4019.60,1,4019.80,1,4019.90,5,4020.00,8,4020.10,7,4020.20,7,4020.30,6,Buy,1,0,1,1.00,1.00,1.00,0.00,0.0,4019.00,4019.00,4019.00,4019.00,11,5,16,6.00,6.00,-2.00,1.40,28.6,0,18,0.0000,0.0000,24.00,-10.00,4023.97,-0.5490,DOWN,46.55,0.3437,1.5933
20260728 233100 370,4019.20,1,4018.90,4019.00,0.10,4018.80,4,4018.70,3,4017.90,1,4017.80,5,4017.70,6,4017.60,5,4017.50,6,4017.40,5,4017.30,5,4017.20,5,4019.00,1,4019.20,1,4019.30,3,4019.60,1,4019.80,1,4019.90,5,4020.00,8,4020.10,7,4020.20,7,4020.30,6,Buy,2,0,2,2.00,2.00,1.00,0.20,100.0,4019.00,4019.20,4019.00,4019.20,11,5,16,6.00,6.00,-2.00,1.40,28.6,0,18,0.0000,0.0000,25.00,-9.00,4023.98,-0.5426,DOWN,46.55,0.3437,1.6076
20260728 233100 370,4019.30,1,4018.90,4019.00,0.10,4018.80,4,4018.70,3,4017.90,1,4017.80,5,4017.70,6,4017.60,5,4017.50,6,4017.40,5,4017.30,5,4017.20,5,4019.00,1,4019.20,1,4019.30,3,4019.60,1,4019.80,1,4019.90,5,4020.00,8,4020.10,7,4020.20,7,4020.30,6,Buy,3,0,3,3.00,3.00,1.00,0.30,100.0,4019.00,4019.30,4019.00,4019.30,11,5,16,6.00,6.00,-2.00,1.40,28.6,0,18,0.0000,0.0000,26.00,-8.00,4023.99,-0.5395,DOWN,46.55,0.3437,1.6147
20260728 233100 384,4019.00,1,4019.00,4019.40,0.40,4019.00,1,4018.90,2,4017.90,6,4017.80,5,4017.70,6,4017.60,5,4017.50,6,4017.40,5,4017.30,5,4017.20,5,4019.40,3,4019.50,3,4019.60,1,4019.80,2,4019.90,5,4020.00,8,4020.10,6,4020.20,6,4020.30,6,4020.40,6,Sell,3,1,4,2.00,3.00,1.00,0.30,0.0,4019.00,4019.30,4019.00,4019.00,11,5,16,6.00,6.00,-2.00,1.40,28.6,0,18,0.0000,0.5000,25.00,-9.00,4023.97,-0.5490,DOWN,46.55,0.3437,1.6147
20260728 233105 398,4019.00,1,4018.90,4019.30,0.40,4018.90,3,4018.80,2,4018.00,1,4017.90,5,4017.80,5,4017.70,6,4017.60,5,4017.50,6,4017.40,5,4017.30,5,4019.30,1,4019.40,3,4019.60,1,4019.80,1,4019.90,1,4020.00,3,4020.10,1,4020.20,6,4020.30,6,4020.40,6,Sell,3,2,5,1.00,3.00,1.00,0.30,0.0,4019.00,4019.30,4019.00,4019.00,11,5,16,6.00,6.00,-2.00,1.40,28.6,0,18,0.0000,2.0000,24.00,-10.00,4023.97,-0.5490,DOWN,46.55,0.3437,1.6147
20260728 233108 673,4019.00,1,4019.00,4019.30,0.30,4018.90,2,4018.80,2,4018.00,1,4017.90,5,4017.80,5,4017.70,6,4017.60,5,4017.50,6,4017.40,5,4017.30,5,4019.30,2,4019.40,3,4019.60,1,4020.00,3,4020.10,1,4020.20,6,4020.30,6,4020.40,6,4020.50,5,4020.60,5,Sell,3,3,6,0.00,3.00,0.00,0.30,0.0,4019.00,4019.30,4019.00,4019.00,11,5,16,6.00,6.00,-2.00,1.40,28.6,0,18,0.0000,3.0000,23.00,-11.00,4023.97,-0.5490,DOWN,46.55,0.3437,1.6147
20260728 233114 363,4019.20,1,4019.10,4019.30,0.20,4019.10,1,4019.00,2,4018.90,3,4018.20,1,4018.10,5,4018.00,6,4017.90,5,4017.80,5,4017.70,6,4017.60,5,4019.30,1,4019.40,1,4019.60,1,4020.00,3,4020.10,6,4020.20,6,4020.30,6,4020.40,6,4020.50,5,4020.60,5,Buy,4,3,7,1.00,3.00,0.00,0.30,66.7,4019.00,4019.30,4019.00,4019.20,11,5,16,6.00,6.00,-2.00,1.40,28.6,0,18,0.0000,2.0000,24.00,-10.00,4023.98,-0.5426,DOWN,46.55,0.3437,1.6147
20260728 233116 708,4019.10,1,4018.80,4019.20,0.40,4018.80,2,4018.70,4,4018.20,1,4018.10,5,4018.00,6,4017.90,5,4017.80,5,4017.70,6,4017.60,5,4017.50,6,4019.20,1,4019.30,3,4019.60,1,4019.90,1,4020.00,3,4020.10,7,4020.20,7,4020.30,6,4020.40,6,4020.50,5,Sell,4,4,8,0.00,3.00,0.00,0.30,33.3,4019.00,4019.30,4019.00,4019.10,11,5,16,6.00,6.00,-2.00,1.40,28.6,0,18,0.0000,3.0000,23.00,-11.00,4023.97,-0.5458,DOWN,46.55,0.3437,1.6147
20260728 233117 923,4018.70,1,4018.10,4018.40,0.30,4018.10,1,4017.90,6,4017.80,2,4017.70,6,4017.60,5,4017.50,6,4017.40,5,4017.30,5,4017.20,5,4017.10,5,4018.40,1,4018.50,3,4019.00,1,4019.10,1,4019.30,1,4019.40,5,4019.50,5,4019.60,7,4019.70,5,4019.80,5,Sell,4,5,9,-1.00,3.00,-1.00,0.60,50.0,4019.00,4019.30,4018.70,4018.70,11,5,16,6.00,6.00,-2.00,1.40,28.6,0,18,0.0000,0.0000,22.00,-12.00,4023.94,-0.5585,DOWN,46.55,0.3437,1.6219
20260728 233117 923,4018.70,1,4018.10,4018.40,0.30,4018.10,1,4017.90,6,4017.80,2,4017.70,6,4017.60,5,4017.50,6,4017.40,5,4017.30,5,4017.20,5,4017.10,5,4018.40,1,4018.50,3,4019.00,1,4019.10,1,4019.30,1,4019.40,5,4019.50,5,4019.60,7,4019.70,5,4019.80,5,Sell,4,6,10,-2.00,3.00,-2.00,0.60,50.0,4019.00,4019.30,4018.70,4018.70,11,5,16,6.00,6.00,-2.00,1.40,28.6,0,18,0.0000,0.0000,21.00,-13.00,4023.94,-0.5585,DOWN,46.55,0.3437,1.6219
20260728 233117 923,4018.70,1,4018.10,4018.40,0.30,4018.10,1,4017.90,6,4017.80,2,4017.70,6,4017.60,5,4017.50,6,4017.40,5,4017.30,5,4017.20,5,4017.10,5,4018.40,1,4018.50,3,4019.00,1,4019.10,1,4019.30,1,4019.40,5,4019.50,5,4019.60,7,4019.70,5,4019.80,5,Sell,4,7,11,-3.00,3.00,-3.00,0.60,50.0,4019.00,4019.30,4018.70,4018.70,11,5,16,6.00,6.00,-2.00,1.40,28.6,0,18,0.0000,0.0000,20.00,-14.00,4023.94,-0.5585,DOWN,46.55,0.3437,1.6219
20260728 233118 081,4017.90,1,4017.90,4018.30,0.40,4017.90,3,4017.80,2,4017.70,8,4017.60,5,4017.50,6,4017.40,5,4017.30,5,4017.20,5,4017.10,5,4017.00,5,4018.30,1,4018.40,2,4019.00,1,4019.10,1,4019.30,1,4019.40,5,4019.50,5,4019.60,7,4019.70,5,4019.80,5,Sell,4,8,12,-4.00,3.00,-4.00,1.40,78.6,4019.00,4019.30,4017.90,4017.90,11,5,16,6.00,6.00,-2.00,1.40,28.6,0,18,0.0000,0.0000,19.00,-15.00,4023.86,-0.5839,DOWN,46.55,0.3437,1.6790
20260728 233118 140,4018.20,1,4017.80,4018.20,0.40,4017.80,2,4017.70,2,4017.10,1,4016.90,2,4016.80,3,4016.40,5,4016.30,5,4016.20,5,4016.10,5,4016.00,6,4018.20,3,4018.30,4,4019.00,1,4019.10,1,4019.30,1,4019.40,5,4019.50,5,4019.60,7,4019.70,5,4019.80,5,Buy,5,8,13,-3.00,3.00,-4.00,1.40,57.1,4019.00,4019.30,4017.90,4018.20,11,5,16,6.00,6.00,-2.00,1.40,28.6,0,18,0.0000,0.3333,20.00,-14.00,4023.89,-0.5744,DOWN,46.55,0.3437,1.6790
20260728 233119 001,4017.90,1,4017.90,4018.20,0.30,4017.90,1,4017.80,2,4017.10,1,4016.90,7,4016.80,8,4016.70,5,4016.60,5,4016.50,5,4016.40,5,4016.30,5,4018.20,1,4018.30,1,4019.00,1,4019.10,1,4019.40,5,4019.50,5,4019.60,7,4019.70,5,4019.80,5,4019.90,5,Sell,5,9,14,-4.00,3.00,-4.00,1.40,78.6,4019.00,4019.30,4017.90,4017.90,11,5,16,6.00,6.00,-2.00,1.40,28.6,0,18,0.0000,0.0000,19.00,-15.00,4023.86,-0.5839,DOWN,46.55,0.3437,1.6790
20260728 233131 346,4017.90,1,4017.80,4018.20,0.40,4017.80,2,4017.70,1,4017.10,1,4016.90,7,4016.80,8,4016.70,5,4016.60,5,4016.50,5,4016.40,5,4016.30,5,4018.20,2,4018.30,1,4019.00,6,4019.10,6,4019.20,5,4019.30,5,4019.40,5,4019.50,5,4019.60,7,4019.70,5,Buy,6,9,15,-3.00,3.00,-4.00,1.40,78.6,4019.00,4019.30,4017.90,4017.90,11,5,16,6.00,6.00,-2.00,1.40,28.6,0,18,0.0000,0.3333,20.00,-14.00,4023.86,-0.5839,DOWN,46.55,0.3437,1.6790
20260728 233131 346,4017.90,9,4017.80,4018.20,0.40,4017.80,2,4017.70,1,4017.10,1,4016.90,7,4016.80,8,4016.70,5,4016.60,5,4016.50,5,4016.40,5,4016.30,5,4018.20,2,4018.30,1,4019.00,6,4019.10,6,4019.20,5,4019.30,5,4019.40,5,4019.50,5,4019.60,7,4019.70,5,Buy,15,9,24,6.00,6.00,-4.00,1.40,78.6,4019.00,4019.30,4017.90,4017.90,11,5,16,6.00,6.00,-2.00,1.40,28.6,0,18,0.0000,0.0000,29.00,-5.00,4023.86,-0.5839,DOWN,46.55,0.3437,1.6790
20260728 233237 368,4017.70,1,4017.70,4018.00,0.30,4017.60,4,4017.50,4,4017.00,5,4016.90,5,4016.80,6,4016.70,5,4016.60,5,4016.50,5,4016.40,5,4016.30,5,4018.00,2,4018.10,4,4018.50,2,4018.60,5,4018.70,5,4018.80,5,4018.90,6,4019.00,5,4019.10,6,4019.20,6,Sell,0,1,1,-1.00,-1.00,-1.00,0.00,0.0,4017.70,4017.70,4017.70,4017.70,15,9,24,6.00,6.00,-4.00,1.40,78.6,0,0,0.0000,0.0000,17.00,-21.00,4023.84,-0.5902,DOWN,43.10,0.5568,1.5734
20260728 233237 975,4018.30,1,4018.00,4018.40,0.40,4018.00,4,4017.90,4,4017.60,3,4017.50,1,4017.10,5,4017.00,5,4016.90,5,4016.80,6,4016.70,5,4016.60,5,4018.40,3,4018.50,4,4018.90,1,4019.00,5,4019.10,6,4019.20,6,4019.30,5,4019.40,5,4019.50,5,4019.60,7,Buy,1,1,2,0.00,0.00,-1.00,0.60,100.0,4017.70,4018.30,4017.70,4018.30,15,9,24,6.00,6.00,-4.00,1.40,78.6,0,0,0.0000,0.0000,18.00,-20.00,4023.90,-0.5712,DOWN,43.10,0.5568,1.6020
20260728 233239 159,4017.90,1,4017.90,4018.30,0.40,4017.90,1,4017.80,2,4017.60,2,4017.50,1,4017.10,5,4017.00,5,4016.90,5,4016.80,6,4016.70,5,4016.60,5,4018.30,2,4018.40,4,4018.80,3,4018.90,1,4019.00,1,4019.10,6,4019.20,6,4019.30,5,4019.40,5,4019.50,5,Sell,1,2,3,-1.00,0.00,-1.00,0.60,33.3,4017.70,4018.30,4017.70,4017.90,15,9,24,6.00,6.00,-4.00,1.40,78.6,0,0,0.0000,0.0000,17.00,-21.00,4023.86,-0.5839,DOWN,43.10,0.5568,1.6020
20260728 233239 159,4017.90,1,4017.90,4018.30,0.40,4017.90,1,4017.80,2,4017.60,2,4017.50,1,4017.10,5,4017.00,5,4016.90,5,4016.80,6,4016.70,5,4016.60,5,4018.30,2,4018.40,4,4018.80,3,4018.90,1,4019.00,1,4019.10,6,4019.20,6,4019.30,5,4019.40,5,4019.50,5,Sell,1,3,4,-2.00,0.00,-2.00,0.60,33.3,4017.70,4018.30,4017.70,4017.90,15,9,24,6.00,6.00,-4.00,1.40,78.6,0,0,0.0000,0.0000,16.00,-22.00,4023.86,-0.5839,DOWN,43.10,0.5568,1.6020
20260728 233239 159,4017.80,1,4017.90,4018.30,0.40,4017.90,1,4017.80,2,4017.60,2,4017.50,1,4017.10,5,4017.00,5,4016.90,5,4016.80,6,4016.70,5,4016.60,5,4018.30,2,4018.40,4,4018.80,3,4018.90,1,4019.00,1,4019.10,6,4019.20,6,4019.30,5,4019.40,5,4019.50,5,Sell,1,4,5,-3.00,0.00,-3.00,0.60,16.7,4017.70,4018.30,4017.70,4017.80,15,9,24,6.00,6.00,-4.00,1.40,78.6,0,0,0.0000,0.0000,15.00,-23.00,4023.85,-0.5871,DOWN,43.10,0.5568,1.6020
20260728 233239 159,4017.80,1,4017.90,4018.30,0.40,4017.90,1,4017.80,2,4017.60,2,4017.50,1,4017.10,5,4017.00,5,4016.90,5,4016.80,6,4016.70,5,4016.60,5,4018.30,2,4018.40,4,4018.80,3,4018.90,1,4019.00,1,4019.10,6,4019.20,6,4019.30,5,4019.40,5,4019.50,5,Sell,1,5,6,-4.00,0.00,-4.00,0.60,16.7,4017.70,4018.30,4017.70,4017.80,15,9,24,6.00,6.00,-4.00,1.40,78.6,0,0,0.0000,0.0000,14.00,-24.00,4023.85,-0.5871,DOWN,43.10,0.5568,1.6020
20260728 233252 210,4017.90,1,4017.80,4018.30,0.50,4017.80,2,4017.70,3,4017.60,3,4017.50,1,4017.10,5,4017.00,5,4016.90,5,4016.80,6,4016.70,5,4016.60,5,4018.30,2,4018.40,3,4018.60,5,4018.80,1,4018.90,1,4019.00,5,4019.10,6,4019.20,6,4019.30,5,4019.40,5,Sell,1,6,7,-5.00,0.00,-5.00,0.60,33.3,4017.70,4018.30,4017.70,4017.90,15,9,24,6.00,6.00,-4.00,1.40,78.6,0,0,0.0000,0.0000,13.00,-25.00,4023.86,-0.5839,DOWN,43.10,0.5568,1.6020
20260728 233252 210,4017.90,1,4017.80,4018.30,0.50,4017.80,2,4017.70,3,4017.60,3,4017.50,1,4017.10,5,4017.00,5,4016.90,5,4016.80,6,4016.70,5,4016.60,5,4018.30,2,4018.40,3,4018.60,5,4018.80,1,4018.90,1,4019.00,5,4019.10,6,4019.20,6,4019.30,5,4019.40,5,Sell,1,7,8,-6.00,0.00,-6.00,0.60,33.3,4017.70,4018.30,4017.70,4017.90,15,9,24,6.00,6.00,-4.00,1.40,78.6,0,0,0.0000,0.0000,12.00,-26.00,4023.86,-0.5839,DOWN,43.10,0.5568,1.6020
20260728 233308 910,4017.60,2,4017.60,4017.70,0.10,4017.50,1,4017.30,1,4017.20,1,4017.10,1,4017.00,5,4016.90,5,4016.80,6,4016.70,5,4016.60,5,4016.50,5,4017.70,3,4017.80,3,4018.50,3,4018.60,10,4018.70,5,4018.80,5,4018.90,6,4019.00,5,4019.10,6,4019.20,6,Sell,0,2,2,-2.00,-2.00,-2.00,0.00,0.0,4017.60,4017.60,4017.60,4017.60,1,7,8,-6.00,0.00,-6.00,0.60,33.3,-18,18,0.0000,0.0000,6.00,-15.00,4023.83,-0.5934,DOWN,40.20,0.1990,1.5090
20260728 233310 619,4017.50,1,4017.50,4017.70,0.20,4017.30,1,4017.20,1,4017.10,1,4017.00,5,4016.90,5,4016.80,6,4016.70,5,4016.60,5,4016.50,5,4016.40,5,4017.70,2,4017.80,2,4018.50,3,4018.60,10,4018.70,5,4018.80,5,4018.90,6,4019.00,5,4019.10,6,4019.20,6,Sell,0,3,3,-3.00,-2.00,-3.00,0.10,100.0,4017.60,4017.60,4017.50,4017.50,1,7,8,-6.00,0.00,-6.00,0.60,33.3,-18,18,0.0000,0.0000,5.00,-16.00,4023.82,-0.5966,DOWN,40.20,0.1990,1.5161
20260728 233310 967,4017.30,1,4016.90,4017.30,0.40,4016.90,3,4016.80,1,4016.50,1,4016.10,6,4016.00,7,4015.90,5,4015.70,5,4015.60,6,4015.50,6,4015.40,5,4017.30,2,4017.40,2,4018.10,1,4018.20,7,4018.30,5,4018.40,1,4018.50,6,4018.60,10,4018.70,5,4018.80,5,Buy,1,3,4,-2.00,-2.00,-3.00,0.30,100.0,4017.60,4017.60,4017.30,4017.30,1,7,8,-6.00,0.00,-6.00,0.60,33.3,-18,18,0.0000,0.5000,6.00,-15.00,4023.80,-0.6029,DOWN,40.20,0.1990,1.5304
20260728 233314 860,4017.10,1,4017.10,4017.40,0.30,4017.10,1,4017.00,3,4016.80,1,4016.10,6,4016.00,7,4015.90,5,4015.70,5,4015.60,6,4015.50,6,4015.40,5,4017.40,1,4017.50,2,4017.60,2,4017.90,1,4018.00,1,4018.10,1,4018.20,6,4018.30,5,4018.40,6,4018.50,6,Sell,1,4,5,-3.00,-2.00,-3.00,0.50,100.0,4017.60,4017.60,4017.10,4017.10,1,7,8,-6.00,0.00,-6.00,0.60,33.3,-18,18,0.0000,0.0000,5.00,-16.00,4023.78,-0.6093,DOWN,40.20,0.1990,1.5447
20260728 233314 860,4017.10,1,4017.10,4017.40,0.30,4017.10,1,4017.00,3,4016.80,1,4016.10,6,4016.00,7,4015.90,5,4015.70,5,4015.60,6,4015.50,6,4015.40,5,4017.40,1,4017.50,2,4017.60,2,4017.90,1,4018.00,1,4018.10,1,4018.20,6,4018.30,5,4018.40,6,4018.50,6,Sell,1,5,6,-4.00,-2.00,-4.00,0.50,100.0,4017.60,4017.60,4017.10,4017.10,1,7,8,-6.00,0.00,-6.00,0.60,33.3,-18,18,0.0000,0.0000,4.00,-17.00,4023.78,-0.6093,DOWN,40.20,0.1990,1.5447
20260728 233326 717,4017.40,1,4017.20,4017.40,0.20,4017.30,1,4017.20,2,4016.80,2,4016.30,2,4016.20,5,4016.10,6,4016.00,7,4015.90,5,4015.70,5,4015.60,6,4017.40,1,4017.70,1,4017.80,2,4018.00,1,4018.10,6,4018.20,6,4018.30,5,4018.40,6,4018.50,6,4018.60,10,Buy,2,5,7,-3.00,-2.00,-4.00,0.50,40.0,4017.60,4017.60,4017.10,4017.40,1,7,8,-6.00,0.00,-6.00,0.60,33.3,-18,18,0.0000,0.3333,5.00,-16.00,4023.81,-0.5998,DOWN,40.20,0.1990,1.5447
20260728 233328 382,4017.50,1,4017.10,4017.50,0.40,4017.10,3,4017.00,6,4016.60,2,4016.50,2,4016.30,6,4016.20,5,4016.10,5,4016.00,7,4015.90,5,4015.70,5,4017.50,1,4017.60,2,4018.20,1,4018.40,6,4018.50,6,4018.60,10,4018.70,5,4018.80,5,4018.90,6,4019.00,5,Buy,3,5,8,-2.00,-2.00,-4.00,0.50,20.0,4017.60,4017.60,4017.10,4017.50,1,7,8,-6.00,0.00,-6.00,0.60,33.3,-18,18,0.0000,1.0000,6.00,-15.00,4023.82,-0.5966,DOWN,40.20,0.1990,1.5447
20260728 233333 062,4017.00,1,4017.00,4017.40,0.40,4017.00,2,4016.90,1,4016.70,1,4016.60,1,4016.30,2,4016.20,5,4016.10,5,4016.00,7,4015.90,5,4015.70,5,4017.40,2,4017.50,2,4018.00,1,4018.10,1,4018.20,6,4018.30,5,4018.40,6,4018.50,1,4018.60,10,4018.70,5,Sell,3,6,9,-3.00,-2.00,-4.00,0.60,100.0,4017.60,4017.60,4017.00,4017.00,1,7,8,-6.00,0.00,-6.00,0.60,33.3,-18,18,0.0000,0.3333,5.00,-16.00,4023.77,-0.6125,DOWN,40.20,0.1990,1.5518
20260728 233343 596,4017.00,1,4017.00,4017.40,0.40,4017.00,2,4016.90,1,4016.60,1,4016.30,1,4016.20,5,4016.10,6,4016.00,7,4015.90,5,4015.70,5,4015.60,6,4017.40,2,4017.50,2,4018.00,1,4018.10,1,4018.20,6,4018.30,5,4018.40,6,4018.50,6,4018.60,10,4018.70,5,Sell,3,7,10,-4.00,-2.00,-4.00,0.60,100.0,4017.60,4017.60,4017.00,4017.00,1,7,8,-6.00,0.00,-6.00,0.60,33.3,-18,18,0.0000,0.0000,4.00,-17.00,4023.77,-0.6125,DOWN,40.20,0.1990,1.5518
20260728 233357 368,4016.70,1,4016.60,4017.00,0.40,4016.60,1,4016.50,3,4016.30,1,4016.10,1,4016.00,2,4015.80,5,4015.70,5,4015.60,6,4015.50,7,4015.40,5,4017.00,3,4017.10,4,4018.00,6,4018.10,5,4018.20,6,4018.30,5,4018.40,6,4018.50,6,4018.60,10,4018.70,5,Sell,3,8,11,-5.00,-2.00,-5.00,0.90,100.0,4017.60,4017.60,4016.70,4016.70,1,7,8,-6.00,0.00,-6.00,0.60,33.3,-18,18,0.0000,0.0000,3.00,-18.00,4023.75,-0.6220,DOWN,40.20,0.1990,1.5732
20260728 233401 018,4017.00,1,4016.60,4017.00,0.40,4016.60,3,4016.50,1,4016.30,2,4016.10,1,4016.00,2,4015.70,5,4015.60,6,4015.50,7,4015.40,5,4015.30,5,4017.00,1,4017.10,3,4017.90,6,4018.00,6,4018.10,5,4018.20,6,4018.30,5,4018.40,6,4018.50,6,4018.60,10,Buy,1,0,1,1.00,1.00,1.00,0.00,0.0,4017.00,4017.00,4017.00,4017.00,3,8,11,-5.00,-2.00,-5.00,0.90,100.0,-9,9,0.0000,0.0000,2.00,-18.00,4023.77,-0.6125,DOWN,37.60,0.2926,1.4823
20260728 233414 087,4017.40,1,4017.00,4017.40,0.40,4017.00,3,4016.90,2,4016.50,1,4016.30,2,4016.20,5,4016.10,6,4016.00,7,4015.90,5,4015.80,5,4015.70,5,4017.40,1,4017.50,2,4017.90,2,4018.00,8,4018.10,5,4018.20,6,4018.30,5,4018.40,6,4018.50,6,4018.60,10,Buy,2,0,2,2.00,2.00,1.00,0.40,100.0,4017.00,4017.40,4017.00,4017.40,3,8,11,-5.00,-2.00,-5.00,0.90,100.0,-9,9,0.0000,0.0000,3.00,-17.00,4023.81,-0.5998,DOWN,37.60,0.2926,1.5109
20260728 233414 087,4017.50,1,4017.00,4017.40,0.40,4017.00,3,4016.90,2,4016.50,1,4016.30,2,4016.20,5,4016.10,6,4016.00,7,4015.90,5,4015.80,5,4015.70,5,4017.40,1,4017.50,2,4017.90,2,4018.00,8,4018.10,5,4018.20,6,4018.30,5,4018.40,6,4018.50,6,4018.60,10,Buy,3,0,3,3.00,3.00,1.00,0.50,100.0,4017.00,4017.50,4017.00,4017.50,3,8,11,-5.00,-2.00,-5.00,0.90,100.0,-9,9,0.0000,0.0000,4.00,-16.00,4023.82,-0.5966,DOWN,37.60,0.2926,1.5180
20260728 233415 083,4016.50,1,4016.40,4017.30,0.90,4016.40,1,4016.30,3,4016.20,5,4016.10,6,4016.00,7,4015.90,5,4015.80,5,4015.70,5,4015.60,6,4015.50,7,4017.30,2,4017.40,3,4017.90,2,4018.00,8,4018.10,5,4018.20,6,4018.30,5,4018.40,6,4018.50,6,4018.60,10,Sell,3,1,4,2.00,3.00,1.00,1.00,50.0,4017.00,4017.50,4016.50,4016.50,3,8,11,-5.00,-2.00,-5.00,0.90,100.0,-9,9,0.0000,0.5000,3.00,-17.00,4023.73,-0.6283,DOWN,37.60,0.2926,1.5323
20260728 233426 220,4017.00,1,4016.90,4017.00,0.10,4016.90,1,4016.80,2,4016.30,2,4016.10,6,4016.00,7,4015.90,5,4015.80,5,4015.70,5,4015.60,6,4015.50,7,4017.00,1,4017.20,1,4017.30,1,4018.00,8,4018.10,5,4018.20,6,4018.30,5,4018.40,6,4018.50,6,4018.60,10,Buy,4,1,5,3.00,3.00,1.00,1.00,0.0,4017.00,4017.50,4016.50,4017.00,3,8,11,-5.00,-2.00,-5.00,0.90,100.0,-9,9,0.0000,0.0000,4.00,-16.00,4023.77,-0.6125,DOWN,37.60,0.2926,1.5323
20260728 233426 307,4016.90,1,4016.90,4017.20,0.30,4016.90,1,4016.80,1,4016.30,2,4016.10,6,4016.00,7,4015.90,5,4015.80,5,4015.70,5,4015.60,6,4015.50,7,4017.20,1,4017.30,1,4018.00,2,4018.10,1,4018.20,6,4018.30,5,4018.40,6,4018.50,6,4018.60,10,4018.70,5,Sell,4,2,6,2.00,3.00,1.00,1.00,10.0,4017.00,4017.50,4016.50,4016.90,3,8,11,-5.00,-2.00,-5.00,0.90,100.0,-9,9,0.0000,0.5000,3.00,-17.00,4023.77,-0.6156,DOWN,37.60,0.2926,1.5323
20260728 233436 264,4017.20,1,4017.00,4017.40,0.40,4017.00,1,4016.90,2,4016.30,2,4016.10,6,4016.00,7,4015.90,5,4015.80,5,4015.70,5,4015.60,6,4015.50,6,4017.40,3,4017.50,1,4017.90,1,4018.00,7,4018.10,6,4018.20,6,4018.30,5,4018.40,6,4018.50,6,4018.60,10,Buy,5,2,7,3.00,3.00,1.00,1.00,20.0,4017.00,4017.50,4016.50,4017.20,3,8,11,-5.00,-2.00,-5.00,0.90,100.0,-9,9,0.0000,0.0000,4.00,-16.00,4023.79,-0.6061,DOWN,37.60,0.2926,1.5323
20260728 233454 750,4017.00,5,4017.40,4017.80,0.40,4017.40,3,4017.30,1,4016.70,1,4016.60,2,4016.50,5,4016.40,6,4016.30,6,4016.20,5,4016.10,5,4016.00,7,4017.80,2,4017.90,3,4018.00,1,4018.10,1,4018.40,1,4018.50,1,4018.90,1,4019.00,5,4019.10,6,4019.20,1,Buy,10,2,12,8.00,8.00,1.00,1.00,0.0,4017.00,4017.50,4016.50,4017.00,3,8,11,-5.00,-2.00,-5.00,0.90,100.0,-9,9,0.0000,0.0000,9.00,-11.00,4023.77,-0.6125,DOWN,37.60,0.2926,1.5323
20260728 233454 750,4017.00,1,4017.40,4017.80,0.40,4017.40,3,4017.30,1,4016.70,1,4016.60,2,4016.50,5,4016.40,6,4016.30,6,4016.20,5,4016.10,5,4016.00,7,4017.80,2,4017.90,3,4018.00,1,4018.10,1,4018.40,1,4018.50,1,4018.90,1,4019.00,5,4019.10,6,4019.20,1,Buy,11,2,13,9.00,9.00,1.00,1.00,0.0,4017.00,4017.50,4016.50,4017.00,3,8,11,-5.00,-2.00,-5.00,0.90,100.0,-9,9,0.0000,0.0000,10.00,-10.00,4023.77,-0.6125,DOWN,37.60,0.2926,1.5323
20260728 233454 750,4017.00,1,4017.40,4017.80,0.40,4017.40,3,4017.30,1,4016.70,1,4016.60,2,4016.50,5,4016.40,6,4016.30,6,4016.20,5,4016.10,5,4016.00,7,4017.80,2,4017.90,3,4018.00,1,4018.10,1,4018.40,1,4018.50,1,4018.90,1,4019.00,5,4019.10,6,4019.20,1,Buy,12,2,14,10.00,10.00,1.00,1.00,0.0,4017.00,4017.50,4016.50,4017.00,3,8,11,-5.00,-2.00,-5.00,0.90,100.0,-9,9,0.0000,0.0000,11.00,-9.00,4023.77,-0.6125,DOWN,37.60,0.2926,1.5323
20260728 233454 751,4017.10,1,4017.40,4017.80,0.40,4017.40,3,4017.30,1,4016.70,1,4016.60,2,4016.50,5,4016.40,6,4016.30,6,4016.20,5,4016.10,5,4016.00,7,4017.80,2,4017.90,3,4018.00,1,4018.10,1,4018.40,1,4018.50,1,4018.90,1,4019.00,5,4019.10,6,4019.20,1,Buy,13,2,15,11.00,11.00,1.00,1.00,10.0,4017.00,4017.50,4016.50,4017.10,3,8,11,-5.00,-2.00,-5.00,0.90,100.0,-9,9,0.0000,0.0000,12.00,-8.00,4023.78,-0.6093,DOWN,37.60,0.2926,1.5323
20260728 233454 768,4017.60,1,4017.40,4017.80,0.40,4017.40,3,4017.30,1,4016.70,1,4016.60,2,4016.50,5,4016.40,6,4016.30,6,4016.20,5,4016.10,5,4016.00,7,4017.80,2,4017.90,3,4018.00,1,4018.10,1,4018.40,1,4018.50,1,4018.90,1,4019.00,5,4019.10,6,4019.20,1,Buy,14,2,16,12.00,12.00,1.00,1.10,54.5,4017.00,4017.60,4016.50,4017.60,3,8,11,-5.00,-2.00,-5.00,0.90,100.0,-9,9,0.0000,0.0000,13.00,-7.00,4023.83,-0.5934,DOWN,37.60,0.2926,1.5394
20260728 233454 768,4017.60,1,4017.40,4017.80,0.40,4017.40,3,4017.30,1,4016.70,1,4016.60,2,4016.50,5,4016.40,6,4016.30,6,4016.20,5,4016.10,5,4016.00,7,4017.80,2,4017.90,3,4018.00,1,4018.10,1,4018.40,1,4018.50,1,4018.90,1,4019.00,5,4019.10,6,4019.20,1,Buy,15,2,17,13.00,13.00,1.00,1.10,54.5,4017.00,4017.60,4016.50,4017.60,3,8,11,-5.00,-2.00,-5.00,0.90,100.0,-9,9,0.0000,0.0000,14.00,-6.00,4023.83,-0.5934,DOWN,37.60,0.2926,1.5394
20260728 233454 771,4017.70,1,4017.40,4017.80,0.40,4017.40,3,4017.30,1,4016.70,1,4016.60,2,4016.50,5,4016.40,6,4016.30,6,4016.20,5,4016.10,5,4016.00,7,4017.80,2,4017.90,3,4018.00,1,4018.10,1,4018.40,1,4018.50,1,4018.90,1,4019.00,5,4019.10,6,4019.20,1,Buy,16,2,18,14.00,14.00,1.00,1.20,58.3,4017.00,4017.70,4016.50,4017.70,3,8,11,-5.00,-2.00,-5.00,0.90,100.0,-9,9,0.0000,0.0000,15.00,-5.00,4023.84,-0.5902,DOWN,37.60,0.2926,1.5466
20260728 233454 771,4017.70,1,4017.40,4017.80,0.40,4017.40,3,4017.30,1,4016.70,1,4016.60,2,4016.50,5,4016.40,6,4016.30,6,4016.20,5,4016.10,5,4016.00,7,4017.80,2,4017.90,3,4018.00,1,4018.10,1,4018.40,1,4018.50,1,4018.90,1,4019.00,5,4019.10,6,4019.20,1,Buy,17,2,19,15.00,15.00,1.00,1.20,58.3,4017.00,4017.70,4016.50,4017.70,3,8,11,-5.00,-2.00,-5.00,0.90,100.0,-9,9,0.0000,0.0000,16.00,-4.00,4023.84,-0.5902,DOWN,37.60,0.2926,1.5466
20260728 233454 772,4017.80,1,4017.40,4017.80,0.40,4017.40,3,4017.30,1,4016.70,1,4016.60,2,4016.50,5,4016.40,6,4016.30,6,4016.20,5,4016.10,5,4016.00,7,4017.80,2,4017.90,3,4018.00,1,4018.10,1,4018.40,1,4018.50,1,4018.90,1,4019.00,5,4019.10,6,4019.20,1,Buy,18,2,20,16.00,16.00,1.00,1.30,61.5,4017.00,4017.80,4016.50,4017.80,3,8,11,-5.00,-2.00,-5.00,0.90,100.0,-9,9,0.0000,0.0000,17.00,-3.00,4023.85,-0.5871,DOWN,37.60,0.2926,1.5537
20260728 233504 235,4017.70,1,4017.40,4017.80,0.40,4017.40,2,4017.30,2,4016.90,2,4016.80,2,4016.70,6,4016.50,5,4016.40,5,4016.30,6,4016.20,5,4016.10,5,4017.80,3,4017.90,1,4018.00,1,4018.10,1,4018.40,1,4018.50,1,4018.80,5,4018.90,6,4019.00,5,4019.10,6,Buy,1,0,1,1.00,1.00,1.00,0.00,0.0,4017.70,4017.70,4017.70,4017.70,18,2,20,16.00,16.00,1.00,1.30,61.5,42,30,0.0000,0.0000,12.00,29.00,4023.84,-0.5902,DOWN,37.30,0.5362,1.4499
20260728 233510 362,4017.70,1,4017.40,4017.80,0.40,4017.40,4,4017.30,3,4016.90,2,4016.80,2,4016.70,6,4016.50,5,4016.40,5,4016.30,6,4016.20,5,4016.10,5,4017.80,1,4017.90,1,4018.00,1,4018.10,1,4018.40,1,4018.50,1,4018.80,5,4018.90,6,4019.00,5,4019.10,6,Buy,2,0,2,2.00,2.00,1.00,0.00,0.0,4017.70,4017.70,4017.70,4017.70,18,2,20,16.00,16.00,1.00,1.30,61.5,42,30,0.0000,0.0000,13.00,30.00,4023.84,-0.5902,DOWN,37.30,0.5362,1.4499
20260728 233510 362,4017.70,1,4017.40,4017.80,0.40,4017.40,4,4017.30,3,4016.90,2,4016.80,2,4016.70,6,4016.50,5,4016.40,5,4016.30,6,4016.20,5,4016.10,5,4017.80,1,4017.90,1,4018.00,1,4018.10,1,4018.40,1,4018.50,1,4018.80,5,4018.90,6,4019.00,5,4019.10,6,Buy,3,0,3,3.00,3.00,1.00,0.00,0.0,4017.70,4017.70,4017.70,4017.70,18,2,20,16.00,16.00,1.00,1.30,61.5,42,30,0.0000,0.0000,14.00,31.00,4023.84,-0.5902,DOWN,37.30,0.5362,1.4499
20260728 233512 571,4018.00,1,4017.90,4018.00,0.10,4018.10,2,4018.00,3,4017.20,1,4017.10,5,4017.00,5,4016.90,7,4016.80,5,4016.70,6,4016.60,5,4016.50,5,4018.50,5,4018.60,2,4019.00,1,4019.10,2,4019.20,6,4019.30,5,4019.40,5,4019.50,5,4019.60,7,4019.70,5,Buy,4,0,4,4.00,4.00,1.00,0.30,100.0,4017.70,4018.00,4017.70,4018.00,18,2,20,16.00,16.00,1.00,1.30,61.5,42,30,0.0000,0.0000,15.00,32.00,4023.87,-0.5807,DOWN,37.30,0.5362,1.4642
20260728 233512 571,4018.10,1,4017.90,4018.00,0.10,4018.10,2,4018.00,3,4017.20,1,4017.10,5,4017.00,5,4016.90,7,4016.80,5,4016.70,6,4016.60,5,4016.50,5,4018.50,5,4018.60,2,4019.00,1,4019.10,2,4019.20,6,4019.30,5,4019.40,5,4019.50,5,4019.60,7,4019.70,5,Buy,5,0,5,5.00,5.00,1.00,0.40,100.0,4017.70,4018.10,4017.70,4018.10,18,2,20,16.00,16.00,1.00,1.30,61.5,42,30,0.0000,0.0000,16.00,33.00,4023.88,-0.5775,DOWN,37.30,0.5362,1.4713
20260728 233512 875,4018.10,1,4018.00,4018.40,0.40,4018.00,2,4017.90,4,4017.20,1,4017.10,5,4017.00,5,4016.90,7,4016.80,5,4016.70,6,4016.60,5,4016.50,5,4018.40,2,4018.50,8,4019.00,1,4019.10,2,4019.20,6,4019.30,5,4019.40,5,4019.50,5,4019.60,7,4019.70,5,Sell,5,1,6,4.00,5.00,1.00,0.40,100.0,4017.70,4018.10,4017.70,4018.10,18,2,20,16.00,16.00,1.00,1.30,61.5,42,30,0.0000,0.2500,15.00,32.00,4023.88,-0.5775,DOWN,37.30,0.5362,1.4713
20260728 233512 875,4018.10,1,4018.00,4018.40,0.40,4018.00,2,4017.90,4,4017.20,1,4017.10,5,4017.00,5,4016.90,7,4016.80,5,4016.70,6,4016.60,5,4016.50,5,4018.40,2,4018.50,8,4019.00,1,4019.10,2,4019.20,6,4019.30,5,4019.40,5,4019.50,5,4019.60,7,4019.70,5,Sell,5,2,7,3.00,5.00,1.00,0.40,100.0,4017.70,4018.10,4017.70,4018.10,18,2,20,16.00,16.00,1.00,1.30,61.5,42,30,0.0000,0.6667,14.00,31.00,4023.88,-0.5775,DOWN,37.30,0.5362,1.4713
20260728 233512 875,4018.00,1,4018.00,4018.40,0.40,4018.00,2,4017.90,4,4017.20,1,4017.10,5,4017.00,5,4016.90,7,4016.80,5,4016.70,6,4016.60,5,4016.50,5,4018.40,2,4018.50,8,4019.00,1,4019.10,2,4019.20,6,4019.30,5,4019.40,5,4019.50,5,4019.60,7,4019.70,5,Sell,5,3,8,2.00,5.00,1.00,0.40,75.0,4017.70,4018.10,4017.70,4018.00,18,2,20,16.00,16.00,1.00,1.30,61.5,42,30,0.0000,1.5000,13.00,30.00,4023.87,-0.5807,DOWN,37.30,0.5362,1.4713
20260728 233515 210,4018.30,1,4017.90,4018.30,0.40,4018.00,2,4017.90,3,4017.20,1,4016.90,7,4016.80,5,4016.70,6,4016.60,5,4016.50,5,4016.40,5,4016.30,6,4018.40,2,4018.50,8,4019.10,2,4019.20,6,4019.30,5,4019.40,5,4019.50,5,4019.60,7,4019.70,5,4019.80,5,Buy,6,3,9,3.00,5.00,1.00,0.60,100.0,4017.70,4018.30,4017.70,4018.30,18,2,20,16.00,16.00,1.00,1.30,61.5,42,30,0.0000,0.6667,14.00,31.00,4023.90,-0.5712,DOWN,37.30,0.5362,1.4856
20260728 233525 751,4018.30,1,4017.90,4018.30,0.40,4017.90,2,4017.80,2,4017.20,1,4017.10,7,4017.00,5,4016.90,5,4016.80,5,4016.70,6,4016.60,5,4016.50,5,4018.30,2,4018.40,2,4019.00,1,4019.10,6,4019.20,6,4019.30,5,4019.40,5,4019.50,5,4019.60,7,4019.70,5,Buy,7,3,10,4.00,5.00,1.00,0.60,100.0,4017.70,4018.30,4017.70,4018.30,18,2,20,16.00,16.00,1.00,1.30,61.5,42,30,0.0000,0.2500,15.00,32.00,4023.90,-0.5712,DOWN,37.30,0.5362,1.4856
20260728 233527 276,4017.90,1,4017.90,4018.20,0.30,4017.90,1,4017.80,3,4017.20,1,4017.10,7,4017.00,5,4016.90,5,4016.80,5,4016.70,6,4016.60,5,4016.50,5,4018.20,1,4018.30,1,4019.00,1,4019.10,6,4019.20,6,4019.30,5,4019.40,5,4019.50,5,4019.60,7,4019.70,5,Sell,7,4,11,3.00,5.00,1.00,0.60,33.3,4017.70,4018.30,4017.70,4017.90,18,2,20,16.00,16.00,1.00,1.30,61.5,42,30,0.0000,0.6667,14.00,31.00,4023.86,-0.5839,DOWN,37.30,0.5362,1.4856
20260728 233531 300,4018.50,1,4018.20,4018.80,0.60,4018.20,2,4018.10,3,4017.20,1,4017.10,7,4017.00,5,4016.90,5,4016.80,5,4016.70,6,4016.60,5,4016.50,5,4018.80,3,4018.90,5,4019.00,1,4019.10,5,4019.20,6,4019.30,5,4019.40,5,4019.50,5,4019.60,7,4019.70,5,Buy,8,4,12,4.00,5.00,1.00,0.80,100.0,4017.70,4018.50,4017.70,4018.50,18,2,20,16.00,16.00,1.00,1.30,61.5,42,30,0.0000,0.2500,15.00,32.00,4023.92,-0.5648,DOWN,37.30,0.5362,1.4999
20260728 233531 300,4018.50,1,4018.20,4018.80,0.60,4018.20,2,4018.10,3,4017.20,1,4017.10,7,4017.00,5,4016.90,5,4016.80,5,4016.70,6,4016.60,5,4016.50,5,4018.80,3,4018.90,5,4019.00,1,4019.10,5,4019.20,6,4019.30,5,4019.40,5,4019.50,5,4019.60,7,4019.70,5,Buy,9,4,13,5.00,5.00,1.00,0.80,100.0,4017.70,4018.50,4017.70,4018.50,18,2,20,16.00,16.00,1.00,1.30,61.5,42,30,0.0000,0.0000,16.00,33.00,4023.92,-0.5648,DOWN,37.30,0.5362,1.4999
20260728 233531 300,4018.60,1,4018.20,4018.80,0.60,4018.20,2,4018.10,3,4017.20,1,4017.10,7,4017.00,5,4016.90,5,4016.80,5,4016.70,6,4016.60,5,4016.50,5,4018.80,3,4018.90,5,4019.00,1,4019.10,5,4019.20,6,4019.30,5,4019.40,5,4019.50,5,4019.60,7,4019.70,5,Buy,10,4,14,6.00,6.00,1.00,0.90,100.0,4017.70,4018.60,4017.70,4018.60,18,2,20,16.00,16.00,1.00,1.30,61.5,42,30,0.0000,0.0000,17.00,34.00,4023.93,-0.5617,DOWN,37.30,0.5362,1.5070
20260728 233531 300,4018.50,1,4018.20,4018.80,0.60,4018.20,2,4018.10,3,4017.20,1,4017.10,7,4017.00,5,4016.90,5,4016.80,5,4016.70,6,4016.60,5,4016.50,5,4018.80,3,4018.90,5,4019.00,1,4019.10,5,4019.20,6,4019.30,5,4019.40,5,4019.50,5,4019.60,7,4019.70,5,Buy,11,4,15,7.00,7.00,1.00,0.90,88.9,4017.70,4018.60,4017.70,4018.50,18,2,20,16.00,16.00,1.00,1.30,61.5,42,30,0.0000,0.0000,18.00,35.00,4023.92,-0.5648,DOWN,37.30,0.5362,1.5070
20260728 233531 300,4018.60,1,4018.20,4018.80,0.60,4018.20,2,4018.10,3,4017.20,1,4017.10,7,4017.00,5,4016.90,5,4016.80,5,4016.70,6,4016.60,5,4016.50,5,4018.80,3,4018.90,5,4019.00,1,4019.10,5,4019.20,6,4019.30,5,4019.40,5,4019.50,5,4019.60,7,4019.70,5,Buy,12,4,16,8.00,8.00,1.00,0.90,100.0,4017.70,4018.60,4017.70,4018.60,18,2,20,16.00,16.00,1.00,1.30,61.5,42,30,0.0000,0.0000,19.00,36.00,4023.93,-0.5617,DOWN,37.30,0.5362,1.5070
20260728 233531 300,4018.50,1,4018.20,4018.80,0.60,4018.20,2,4018.10,3,4017.20,1,4017.10,7,4017.00,5,4016.90,5,4016.80,5,4016.70,6,4016.60,5,4016.50,5,4018.80,3,4018.90,5,4019.00,1,4019.10,5,4019.20,6,4019.30,5,4019.40,5,4019.50,5,4019.60,7,4019.70,5,Buy,13,4,17,9.00,9.00,1.00,0.90,88.9,4017.70,4018.60,4017.70,4018.50,18,2,20,16.00,16.00,1.00,1.30,61.5,42,30,0.0000,0.0000,20.00,37.00,4023.92,-0.5648,DOWN,37.30,0.5362,1.5070
20260728 233531 300,4018.70,1,4018.20,4018.80,0.60,4018.20,2,4018.10,3,4017.20,1,4017.10,7,4017.00,5,4016.90,5,4016.80,5,4016.70,6,4016.60,5,4016.50,5,4018.80,3,4018.90,5,4019.00,1,4019.10,5,4019.20,6,4019.30,5,4019.40,5,4019.50,5,4019.60,7,4019.70,5,Buy,14,4,18,10.00,10.00,1.00,1.00,100.0,4017.70,4018.70,4017.70,4018.70,18,2,20,16.00,16.00,1.00,1.30,61.5,42,30,0.0000,0.0000,21.00,38.00,4023.94,-0.5585,DOWN,37.30,0.5362,1.5142
20260728 233531 300,4018.50,1,4018.20,4018.80,0.60,4018.20,2,4018.10,3,4017.20,1,4017.10,7,4017.00,5,4016.90,5,4016.80,5,4016.70,6,4016.60,5,4016.50,5,4018.80,3,4018.90,5,4019.00,1,4019.10,5,4019.20,6,4019.30,5,4019.40,5,4019.50,5,4019.60,7,4019.70,5,Buy,15,4,19,11.00,11.00,1.00,1.00,80.0,4017.70,4018.70,4017.70,4018.50,18,2,20,16.00,16.00,1.00,1.30,61.5,42,30,0.0000,0.0000,22.00,39.00,4023.92,-0.5648,DOWN,37.30,0.5362,1.5142
20260728 233531 300,4018.70,1,4018.20,4018.80,0.60,4018.20,2,4018.10,3,4017.20,1,4017.10,7,4017.00,5,4016.90,5,4016.80,5,4016.70,6,4016.60,5,4016.50,5,4018.80,3,4018.90,5,4019.00,1,4019.10,5,4019.20,6,4019.30,5,4019.40,5,4019.50,5,4019.60,7,4019.70,5,Buy,16,4,20,12.00,12.00,1.00,1.00,100.0,4017.70,4018.70,4017.70,4018.70,18,2,20,16.00,16.00,1.00,1.30,61.5,42,30,0.0000,0.0000,23.00,40.00,4023.94,-0.5585,DOWN,37.30,0.5362,1.5142
20260728 233531 300,4018.70,1,4018.20,4018.80,0.60,4018.20,2,4018.10,3,4017.20,1,4017.10,7,4017.00,5,4016.90,5,4016.80,5,4016.70,6,4016.60,5,4016.50,5,4018.80,3,4018.90,5,4019.00,1,4019.10,5,4019.20,6,4019.30,5,4019.40,5,4019.50,5,4019.60,7,4019.70,5,Buy,17,4,21,13.00,13.00,1.00,1.00,100.0,4017.70,4018.70,4017.70,4018.70,18,2,20,16.00,16.00,1.00,1.30,61.5,42,30,0.0000,0.0000,24.00,41.00,4023.94,-0.5585,DOWN,37.30,0.5362,1.5142
20260728 233531 300,4018.80,1,4018.20,4018.80,0.60,4018.20,2,4018.10,3,4017.20,1,4017.10,7,4017.00,5,4016.90,5,4016.80,5,4016.70,6,4016.60,5,4016.50,5,4018.80,3,4018.90,5,4019.00,1,4019.10,5,4019.20,6,4019.30,5,4019.40,5,4019.50,5,4019.60,7,4019.70,5,Buy,18,4,22,14.00,14.00,1.00,1.10,100.0,4017.70,4018.80,4017.70,4018.80,18,2,20,16.00,16.00,1.00,1.30,61.5,42,30,0.0000,0.0000,25.00,42.00,4023.95,-0.5553,DOWN,37.30,0.5362,1.5213
20260728 233534 118,4018.90,1,4018.50,4018.90,0.40,4018.50,2,4018.40,4,4017.50,1,4017.40,5,4017.30,5,4017.20,6,4017.10,5,4017.00,5,4016.90,5,4016.80,5,4018.90,2,4019.00,3,4019.60,1,4019.90,1,4020.00,8,4020.10,7,4020.20,7,4020.30,6,4020.40,6,4020.50,6,Buy,19,4,23,15.00,15.00,1.00,1.20,100.0,4017.70,4018.90,4017.70,4018.90,18,2,20,16.00,16.00,1.00,1.30,61.5,42,30,0.0000,0.0000,26.00,43.00,4023.96,-0.5521,DOWN,37.30,0.5362,1.5285
20260728 233534 118,4018.90,1,4018.50,4018.90,0.40,4018.50,2,4018.40,4,4017.50,1,4017.40,5,4017.30,5,4017.20,6,4017.10,5,4017.00,5,4016.90,5,4016.80,5,4018.90,2,4019.00,3,4019.60,1,4019.90,1,4020.00,8,4020.10,7,4020.20,7,4020.30,6,4020.40,6,4020.50,6,Buy,20,4,24,16.00,16.00,1.00,1.20,100.0,4017.70,4018.90,4017.70,4018.90,18,2,20,16.00,16.00,1.00,1.30,61.5,42,30,0.0000,0.0000,27.00,44.00,4023.96,-0.5521,DOWN,37.30,0.5362,1.5285
20260728 233534 118,4019.00,1,4018.50,4018.90,0.40,4018.50,2,4018.40,4,4017.50,1,4017.40,5,4017.30,5,4017.20,6,4017.10,5,4017.00,5,4016.90,5,4016.80,5,4018.90,2,4019.00,3,4019.60,1,4019.90,1,4020.00,8,4020.10,7,4020.20,7,4020.30,6,4020.40,6,4020.50,6,Buy,21,4,25,17.00,17.00,1.00,1.30,100.0,4017.70,4019.00,4017.70,4019.00,18,2,20,16.00,16.00,1.00,1.30,61.5,42,30,0.0000,0.0000,28.00,45.00,4023.97,-0.5490,DOWN,37.30,0.5362,1.5356
20260728 233534 118,4019.00,1,4018.50,4018.90,0.40,4018.50,2,4018.40,4,4017.50,1,4017.40,5,4017.30,5,4017.20,6,4017.10,5,4017.00,5,4016.90,5,4016.80,5,4018.90,2,4019.00,3,4019.60,1,4019.90,1,4020.00,8,4020.10,7,4020.20,7,4020.30,6,4020.40,6,4020.50,6,Buy,22,4,26,18.00,18.00,1.00,1.30,100.0,4017.70,4019.00,4017.70,4019.00,18,2,20,16.00,16.00,1.00,1.30,61.5,42,30,0.0000,0.0000,29.00,46.00,4023.97,-0.5490,DOWN,37.30,0.5362,1.5356
20260728 233551 610,4018.90,1,4018.60,4019.10,0.50,4018.60,3,4018.50,3,4018.10,1,4017.80,2,4017.70,5,4017.60,5,4017.50,5,4017.40,5,4017.30,5,4017.20,5,4019.10,3,4019.20,5,4019.60,1,4020.00,7,4020.10,8,4020.20,7,4020.30,6,4020.40,6,4020.50,5,4020.60,5,Sell,22,5,27,17.00,18.00,1.00,1.30,92.3,4017.70,4019.00,4017.70,4018.90,18,2,20,16.00,16.00,1.00,1.30,61.5,42,30,0.0000,0.0588,28.00,45.00,4023.96,-0.5521,DOWN,37.30,0.5362,1.5356
20260728 233551 612,4018.80,1,4018.60,4019.10,0.50,4018.60,3,4018.50,3,4018.10,1,4017.80,2,4017.70,5,4017.60,5,4017.50,5,4017.40,5,4017.30,5,4017.20,5,4019.10,3,4019.20,5,4019.60,1,4020.00,7,4020.10,8,4020.20,7,4020.30,6,4020.40,6,4020.50,5,4020.60,5,Sell,22,6,28,16.00,18.00,1.00,1.30,84.6,4017.70,4019.00,4017.70,4018.80,18,2,20,16.00,16.00,1.00,1.30,61.5,42,30,0.0000,0.1250,27.00,44.00,4023.95,-0.5553,DOWN,37.30,0.5362,1.5356
20260728 233609 319,4018.70,1,4018.60,4019.10,0.50,4018.60,2,4018.50,2,4018.10,1,4018.00,7,4017.90,5,4017.80,5,4017.70,5,4017.60,5,4017.50,5,4017.40,5,4019.10,2,4019.20,3,4019.60,1,4019.80,1,4019.90,5,4020.00,7,4020.10,7,4020.20,7,4020.30,6,4020.40,6,Sell,0,1,1,-1.00,-1.00,-1.00,0.00,0.0,4018.70,4018.70,4018.70,4018.70,22,6,28,16.00,18.00,1.00,1.30,84.6,-6,6,0.1250,0.0000,20.00,49.00,4023.94,-0.5585,DOWN,33.70,0.8309,1.4331
20260728 233609 319,4018.60,1,4018.60,4019.10,0.50,4018.60,2,4018.50,2,4018.10,1,4018.00,7,4017.90,5,4017.80,5,4017.70,5,4017.60,5,4017.50,5,4017.40,5,4019.10,2,4019.20,3,4019.60,1,4019.80,1,4019.90,5,4020.00,7,4020.10,7,4020.20,7,4020.30,6,4020.40,6,Sell,0,2,2,-2.00,-1.00,-2.00,0.10,100.0,4018.70,4018.70,4018.60,4018.60,22,6,28,16.00,18.00,1.00,1.30,84.6,-6,6,0.1250,0.0000,19.00,48.00,4023.93,-0.5617,DOWN,33.70,0.8309,1.4402
20260728 233612 979,4018.80,2,4018.80,4018.90,0.10,4018.50,2,4018.40,4,4018.10,1,4018.00,2,4017.90,5,4017.80,5,4017.70,5,4017.60,5,4017.50,5,4017.40,5,4018.90,2,4019.00,2,4019.60,1,4019.80,1,4019.90,5,4020.00,7,4020.10,7,4020.20,7,4020.30,6,4020.40,6,Sell,0,4,4,-4.00,-1.00,-4.00,0.20,50.0,4018.70,4018.80,4018.60,4018.80,22,6,28,16.00,18.00,1.00,1.30,84.6,-6,6,0.1250,0.0000,17.00,46.00,4023.95,-0.5553,DOWN,33.70,0.8309,1.4402
20260728 233618 317,4018.90,1,4018.50,4018.90,0.40,4018.50,2,4018.40,3,4018.10,1,4018.00,2,4017.90,5,4017.80,5,4017.70,5,4017.60,5,4017.50,5,4017.40,5,4018.90,1,4019.00,2,4019.60,1,4019.80,1,4019.90,5,4020.00,7,4020.10,7,4020.20,7,4020.30,6,4020.40,6,Buy,1,4,5,-3.00,-1.00,-4.00,0.30,66.7,4018.70,4018.90,4018.60,4018.90,22,6,28,16.00,18.00,1.00,1.30,84.6,-6,6,0.1250,0.3333,18.00,47.00,4023.96,-0.5521,DOWN,33.70,0.8309,1.4473
20260728 233624 869,4018.90,1,4018.50,4019.00,0.50,4018.50,2,4018.40,3,4018.10,1,4018.00,2,4017.90,5,4017.80,5,4017.70,5,4017.60,5,4017.50,5,4017.40,5,4019.00,2,4019.10,2,4019.60,1,4019.80,1,4019.90,5,4020.00,7,4020.10,7,4020.20,7,4020.30,6,4020.40,6,Buy,2,4,6,-2.00,-1.00,-4.00,0.30,66.7,4018.70,4018.90,4018.60,4018.90,22,6,28,16.00,18.00,1.00,1.30,84.6,-6,6,0.1250,1.0000,19.00,48.00,4023.96,-0.5521,DOWN,33.70,0.8309,1.4473
20260728 233624 869,4018.90,1,4018.50,4019.00,0.50,4018.50,2,4018.40,3,4018.10,1,4018.00,2,4017.90,5,4017.80,5,4017.70,5,4017.60,5,4017.50,5,4017.40,5,4019.00,2,4019.10,2,4019.60,1,4019.80,1,4019.90,5,4020.00,7,4020.10,7,4020.20,7,4020.30,6,4020.40,6,Buy,3,4,7,-1.00,-1.00,-4.00,0.30,66.7,4018.70,4018.90,4018.60,4018.90,22,6,28,16.00,18.00,1.00,1.30,84.6,-6,6,0.1250,3.0000,20.00,49.00,4023.96,-0.5521,DOWN,33.70,0.8309,1.4473
20260728 233628 209,4018.70,1,4018.50,4018.90,0.40,4018.50,2,4018.40,3,4018.10,1,4018.00,2,4017.90,5,4017.80,5,4017.70,5,4017.60,5,4017.50,5,4017.40,5,4018.90,2,4019.00,2,4019.60,1,4019.80,6,4019.90,5,4020.00,7,4020.10,7,4020.20,7,4020.30,6,4020.40,6,Sell,3,5,8,-2.00,-1.00,-4.00,0.30,0.0,4018.70,4018.90,4018.60,4018.70,22,6,28,16.00,18.00,1.00,1.30,84.6,-6,6,0.1250,1.0000,19.00,48.00,4023.94,-0.5585,DOWN,33.70,0.8309,1.4473
20260728 233643 827,4018.60,1,4018.60,4019.00,0.40,4018.60,1,4018.50,2,4018.10,1,4018.00,2,4017.90,5,4017.80,5,4017.70,5,4017.60,5,4017.50,5,4017.40,5,4019.00,3,4019.10,1,4019.60,1,4019.80,5,4019.90,5,4020.00,7,4020.10,8,4020.20,7,4020.30,6,4020.40,6,Sell,3,6,9,-3.00,-1.00,-4.00,0.30,33.3,4018.70,4018.90,4018.60,4018.60,22,6,28,16.00,18.00,1.00,1.30,84.6,-6,6,0.1250,0.3333,18.00,47.00,4023.93,-0.5617,DOWN,33.70,0.8309,1.4473
20260728 233656 305,4018.70,1,4018.60,4019.00,0.40,4018.60,3,4018.50,1,4018.10,1,4018.00,2,4017.90,5,4017.80,5,4017.70,5,4017.60,5,4017.50,5,4017.40,5,4019.00,3,4019.10,2,4019.60,1,4019.80,5,4019.90,5,4020.00,7,4020.10,8,4020.20,7,4020.30,6,4020.40,6,Sell,3,7,10,-4.00,-1.00,-4.00,0.30,0.0,4018.70,4018.90,4018.60,4018.70,22,6,28,16.00,18.00,1.00,1.30,84.6,-6,6,0.1250,0.0000,17.00,46.00,4023.94,-0.5585,DOWN,33.70,0.8309,1.4473
20260728 233700 533,4018.60,1,4018.50,4018.90,0.40,4018.50,1,4018.40,4,4018.10,1,4018.00,2,4017.90,5,4017.80,5,4017.70,5,4017.60,5,4017.50,5,4017.40,5,4018.90,2,4019.00,3,4019.60,1,4019.80,5,4019.90,6,4020.00,7,4020.10,7,4020.20,7,4020.30,6,4020.40,6,Sell,0,1,1,-1.00,-1.00,-1.00,0.00,0.0,4018.60,4018.60,4018.60,4018.60,3,7,10,-4.00,-1.00,-4.00,0.30,0.0,-6,6,0.0000,0.0000,22.00,34.00,4023.93,-0.5617,DOWN,31.50,0.3175,1.3511
20260728 233718 241,4018.60,1,4018.60,4019.00,0.40,4018.60,2,4018.50,3,4018.00,1,4017.90,5,4017.80,5,4017.70,5,4017.60,5,4017.50,5,4017.40,5,4017.30,5,4019.00,4,4019.10,1,4019.60,1,4019.70,1,4019.80,5,4019.90,6,4020.00,7,4020.10,7,4020.20,7,4020.30,6,Sell,0,2,2,-2.00,-1.00,-2.00,0.00,0.0,4018.60,4018.60,4018.60,4018.60,3,7,10,-4.00,-1.00,-4.00,0.30,0.0,-6,6,0.0000,0.0000,21.00,33.00,4023.93,-0.5617,DOWN,31.50,0.3175,1.3511
20260728 233724 018,4019.00,1,4018.90,4019.20,0.30,4018.90,1,4018.80,3,4018.00,6,4017.90,5,4017.80,5,4017.70,5,4017.60,5,4017.50,5,4017.40,5,4017.30,5,4019.20,1,4019.30,3,4019.60,1,4019.70,1,4019.80,5,4019.90,5,4020.00,7,4020.10,7,4020.20,7,4020.30,6,Buy,1,2,3,-1.00,-1.00,-2.00,0.40,100.0,4018.60,4019.00,4018.60,4019.00,3,7,10,-4.00,-1.00,-4.00,0.30,0.0,-6,6,0.0000,1.0000,22.00,34.00,4023.97,-0.5490,DOWN,31.50,0.3175,1.3725
20260728 233728 124,4019.00,1,4019.00,4019.30,0.30,4019.00,1,4018.90,2,4018.00,6,4017.90,5,4017.80,5,4017.70,5,4017.60,5,4017.50,5,4017.40,5,4017.30,5,4019.30,2,4019.40,1,4019.60,1,4019.70,1,4019.80,5,4019.90,5,4020.00,7,4020.10,7,4020.20,7,4020.30,6,Sell,1,3,4,-2.00,-1.00,-2.00,0.40,100.0,4018.60,4019.00,4018.60,4019.00,3,7,10,-4.00,-1.00,-4.00,0.30,0.0,-6,6,0.0000,0.0000,21.00,33.00,4023.97,-0.5490,DOWN,31.50,0.3175,1.3725
20260728 233736 931,4019.20,1,4019.10,4019.40,0.30,4019.10,1,4019.00,2,4018.30,1,4018.20,5,4018.10,5,4018.00,5,4017.90,5,4017.80,5,4017.70,5,4017.60,5,4019.40,1,4019.50,3,4019.60,1,4020.00,2,4020.10,1,4020.20,1,4020.30,1,4020.40,6,4020.50,5,4020.60,5,Sell,1,4,5,-3.00,-1.00,-3.00,0.60,100.0,4018.60,4019.20,4018.60,4019.20,3,7,10,-4.00,-1.00,-4.00,0.30,0.0,-6,6,0.0000,0.0000,20.00,32.00,4023.98,-0.5426,DOWN,31.50,0.3175,1.3868
20260728 233738 670,4019.10,1,4019.10,4019.40,0.30,4019.10,1,4019.00,2,4018.30,1,4018.20,5,4018.10,5,4018.00,5,4017.90,5,4017.80,5,4017.70,5,4017.60,5,4019.40,1,4019.50,2,4019.60,1,4020.00,2,4020.10,1,4020.20,1,4020.30,1,4020.40,6,4020.50,5,4020.60,5,Sell,1,5,6,-4.00,-1.00,-4.00,0.60,83.3,4018.60,4019.20,4018.60,4019.10,3,7,10,-4.00,-1.00,-4.00,0.30,0.0,-6,6,0.0000,0.0000,19.00,31.00,4023.97,-0.5458,DOWN,31.50,0.3175,1.3868
20260728 233742 955,4019.40,1,4019.10,4019.50,0.40,4019.10,3,4019.00,1,4018.50,1,4018.40,5,4018.20,5,4018.10,5,4018.00,5,4017.90,5,4017.80,5,4017.70,5,4019.50,2,4019.60,4,4020.00,2,4020.10,1,4020.20,1,4020.40,1,4020.50,5,4020.60,5,4020.70,5,4020.80,6,Sell,1,6,7,-5.00,-1.00,-5.00,0.80,100.0,4018.60,4019.40,4018.60,4019.40,3,7,10,-4.00,-1.00,-4.00,0.30,0.0,-6,6,0.0000,0.0000,18.00,30.00,4024.00,-0.5363,DOWN,31.50,0.3175,1.4011
20260728 233745 989,4019.20,3,4019.00,4019.40,0.40,4019.00,2,4018.90,1,4018.50,1,4018.40,5,4018.20,5,4018.10,5,4018.00,5,4017.90,5,4017.80,5,4017.70,5,4019.40,3,4019.50,4,4019.60,1,4019.90,1,4020.00,2,4020.10,2,4020.20,2,4020.30,6,4020.40,6,4020.50,5,Sell,1,9,10,-8.00,-1.00,-8.00,0.80,75.0,4018.60,4019.40,4018.60,4019.20,3,7,10,-4.00,-1.00,-4.00,0.30,0.0,-6,6,0.0000,0.0000,15.00,27.00,4023.98,-0.5426,DOWN,31.50,0.3175,1.4011
20260728 233750 841,4019.00,1,4018.80,4019.30,0.50,4018.80,1,4018.70,3,4018.50,1,4018.40,5,4018.20,5,4018.10,5,4018.00,5,4017.90,5,4017.80,5,4017.70,5,4019.30,2,4019.40,4,4019.60,1,4020.00,2,4020.10,2,4020.20,2,4020.30,6,4020.40,6,4020.50,5,4020.60,5,Sell,1,10,11,-9.00,-1.00,-9.00,0.80,50.0,4018.60,4019.40,4018.60,4019.00,3,7,10,-4.00,-1.00,-4.00,0.30,0.0,-6,6,0.0000,0.0000,14.00,26.00,4023.97,-0.5490,DOWN,31.50,0.3175,1.4011
20260728 233750 841,4019.00,1,4018.80,4019.30,0.50,4018.80,1,4018.70,3,4018.50,1,4018.40,5,4018.20,5,4018.10,5,4018.00,5,4017.90,5,4017.80,5,4017.70,5,4019.30,2,4019.40,4,4019.60,1,4020.00,2,4020.10,2,4020.20,2,4020.30,6,4020.40,6,4020.50,5,4020.60,5,Sell,1,11,12,-10.00,-1.00,-10.00,0.80,50.0,4018.60,4019.40,4018.60,4019.00,3,7,10,-4.00,-1.00,-4.00,0.30,0.0,-6,6,0.0000,0.0000,13.00,25.00,4023.97,-0.5490,DOWN,31.50,0.3175,1.4011
20260728 233750 841,4018.90,1,4018.80,4019.30,0.50,4018.80,1,4018.70,3,4018.50,1,4018.40,5,4018.20,5,4018.10,5,4018.00,5,4017.90,5,4017.80,5,4017.70,5,4019.30,2,4019.40,4,4019.60,1,4020.00,2,4020.10,2,4020.20,2,4020.30,6,4020.40,6,4020.50,5,4020.60,5,Sell,1,12,13,-11.00,-1.00,-11.00,0.80,37.5,4018.60,4019.40,4018.60,4018.90,3,7,10,-4.00,-1.00,-4.00,0.30,0.0,-6,6,0.0000,0.0000,12.00,24.00,4023.96,-0.5521,DOWN,31.50,0.3175,1.4011
20260728 233750 841,4018.90,1,4018.80,4019.30,0.50,4018.80,1,4018.70,3,4018.50,1,4018.40,5,4018.20,5,4018.10,5,4018.00,5,4017.90,5,4017.80,5,4017.70,5,4019.30,2,4019.40,4,4019.60,1,4020.00,2,4020.10,2,4020.20,2,4020.30,6,4020.40,6,4020.50,5,4020.60,5,Sell,1,13,14,-12.00,-1.00,-12.00,0.80,37.5,4018.60,4019.40,4018.60,4018.90,3,7,10,-4.00,-1.00,-4.00,0.30,0.0,-6,6,0.0000,0.0000,11.00,23.00,4023.96,-0.5521,DOWN,31.50,0.3175,1.4011
20260728 233750 841,4018.80,1,4018.80,4019.30,0.50,4018.80,1,4018.70,3,4018.50,1,4018.40,5,4018.20,5,4018.10,5,4018.00,5,4017.90,5,4017.80,5,4017.70,5,4019.30,2,4019.40,4,4019.60,1,4020.00,2,4020.10,2,4020.20,2,4020.30,6,4020.40,6,4020.50,5,4020.60,5,Sell,1,14,15,-13.00,-1.00,-13.00,0.80,25.0,4018.60,4019.40,4018.60,4018.80,3,7,10,-4.00,-1.00,-4.00,0.30,0.0,-6,6,0.0000,0.0000,10.00,22.00,4023.95,-0.5553,DOWN,31.50,0.3175,1.4011
20260728 233750 841,4018.80,1,4018.80,4019.30,0.50,4018.80,1,4018.70,3,4018.50,1,4018.40,5,4018.20,5,4018.10,5,4018.00,5,4017.90,5,4017.80,5,4017.70,5,4019.30,2,4019.40,4,4019.60,1,4020.00,2,4020.10,2,4020.20,2,4020.30,6,4020.40,6,4020.50,5,4020.60,5,Sell,1,15,16,-14.00,-1.00,-14.00,0.80,25.0,4018.60,4019.40,4018.60,4018.80,3,7,10,-4.00,-1.00,-4.00,0.30,0.0,-6,6,0.0000,0.0000,9.00,21.00,4023.95,-0.5553,DOWN,31.50,0.3175,1.4011
20260728 233750 841,4018.70,1,4018.80,4019.30,0.50,4018.80,1,4018.70,3,4018.50,1,4018.40,5,4018.20,5,4018.10,5,4018.00,5,4017.90,5,4017.80,5,4017.70,5,4019.30,2,4019.40,4,4019.60,1,4020.00,2,4020.10,2,4020.20,2,4020.30,6,4020.40,6,4020.50,5,4020.60,5,Sell,1,16,17,-15.00,-1.00,-15.00,0.80,12.5,4018.60,4019.40,4018.60,4018.70,3,7,10,-4.00,-1.00,-4.00,0.30,0.0,-6,6,0.0000,0.0000,8.00,20.00,4023.94,-0.5585,DOWN,31.50,0.3175,1.4011
20260728 233750 841,4018.70,1,4018.80,4019.30,0.50,4018.80,1,4018.70,3,4018.50,1,4018.40,5,4018.20,5,4018.10,5,4018.00,5,4017.90,5,4017.80,5,4017.70,5,4019.30,2,4019.40,4,4019.60,1,4020.00,2,4020.10,2,4020.20,2,4020.30,6,4020.40,6,4020.50,5,4020.60,5,Sell,1,17,18,-16.00,-1.00,-16.00,0.80,12.5,4018.60,4019.40,4018.60,4018.70,3,7,10,-4.00,-1.00,-4.00,0.30,0.0,-6,6,0.0000,0.0000,7.00,19.00,4023.94,-0.5585,DOWN,31.50,0.3175,1.4011
20260728 233750 841,4018.70,1,4018.80,4019.30,0.50,4018.80,1,4018.70,3,4018.50,1,4018.40,5,4018.20,5,4018.10,5,4018.00,5,4017.90,5,4017.80,5,4017.70,5,4019.30,2,4019.40,4,4019.60,1,4020.00,2,4020.10,2,4020.20,2,4020.30,6,4020.40,6,4020.50,5,4020.60,5,Sell,1,18,19,-17.00,-1.00,-17.00,0.80,12.5,4018.60,4019.40,4018.60,4018.70,3,7,10,-4.00,-1.00,-4.00,0.30,0.0,-6,6,0.0000,0.0000,6.00,18.00,4023.94,-0.5585,DOWN,31.50,0.3175,1.4011
20260728 233752 289,4019.00,1,4018.90,4019.00,0.10,4019.00,1,4018.90,1,4018.50,1,4018.30,2,4018.20,5,4018.10,5,4018.00,5,4017.90,5,4017.80,5,4017.70,5,4019.30,1,4019.40,3,4019.60,1,4020.00,2,4020.10,2,4020.20,7,4020.30,6,4020.40,6,4020.50,5,4020.60,5,Sell,1,19,20,-18.00,-1.00,-18.00,0.80,50.0,4018.60,4019.40,4018.60,4019.00,3,7,10,-4.00,-1.00,-4.00,0.30,0.0,-6,6,0.0000,0.0000,5.00,17.00,4023.97,-0.5490,DOWN,31.50,0.3175,1.4011
20260728 233752 289,4019.00,3,4018.90,4019.00,0.10,4019.00,1,4018.90,1,4018.50,1,4018.30,2,4018.20,5,4018.10,5,4018.00,5,4017.90,5,4017.80,5,4017.70,5,4019.30,1,4019.40,3,4019.60,1,4020.00,2,4020.10,2,4020.20,7,4020.30,6,4020.40,6,4020.50,5,4020.60,5,Buy,4,19,23,-15.00,-1.00,-18.00,0.80,50.0,4018.60,4019.40,4018.60,4019.00,3,7,10,-4.00,-1.00,-4.00,0.30,0.0,-6,6,0.0000,0.2000,8.00,20.00,4023.97,-0.5490,DOWN,31.50,0.3175,1.4011
20260728 233754 468,4019.30,1,4018.90,4019.30,0.40,4019.00,1,4018.90,2,4018.50,1,4018.30,2,4018.20,5,4018.10,5,4018.00,5,4017.90,5,4017.80,5,4017.70,5,4019.40,2,4019.50,4,4019.60,1,4020.00,2,4020.10,2,4020.20,7,4020.30,6,4020.40,6,4020.50,5,4020.60,5,Buy,5,19,24,-14.00,-1.00,-18.00,0.80,87.5,4018.60,4019.40,4018.60,4019.30,3,7,10,-4.00,-1.00,-4.00,0.30,0.0,-6,6,0.0000,0.2857,9.00,21.00,4023.99,-0.5395,DOWN,31.50,0.3175,1.4011
20260728 233754 468,4019.40,1,4018.90,4019.30,0.40,4019.00,1,4018.90,2,4018.50,1,4018.30,2,4018.20,5,4018.10,5,4018.00,5,4017.90,5,4017.80,5,4017.70,5,4019.40,2,4019.50,4,4019.60,1,4020.00,2,4020.10,2,4020.20,7,4020.30,6,4020.40,6,4020.50,5,4020.60,5,Buy,6,19,25,-13.00,-1.00,-18.00,0.80,100.0,4018.60,4019.40,4018.60,4019.40,3,7,10,-4.00,-1.00,-4.00,0.30,0.0,-6,6,0.0000,0.3846,10.00,22.00,4024.00,-0.5363,DOWN,31.50,0.3175,1.4011
20260728 233757 168,4019.00,1,4018.90,4019.30,0.40,4018.90,2,4018.80,3,4018.50,1,4018.30,2,4018.20,5,4018.10,5,4018.00,5,4017.90,5,4017.80,5,4017.70,5,4019.30,2,4019.40,3,4019.60,1,4020.00,2,4020.10,2,4020.20,7,4020.30,6,4020.40,6,4020.50,5,4020.60,5,Sell,6,20,26,-14.00,-1.00,-18.00,0.80,50.0,4018.60,4019.40,4018.60,4019.00,3,7,10,-4.00,-1.00,-4.00,0.30,0.0,-6,6,0.0000,0.2857,9.00,21.00,4023.97,-0.5490,DOWN,31.50,0.3175,1.4011
20260728 233757 168,4018.90,1,4018.90,4019.30,0.40,4018.90,2,4018.80,3,4018.50,1,4018.30,2,4018.20,5,4018.10,5,4018.00,5,4017.90,5,4017.80,5,4017.70,5,4019.30,2,4019.40,3,4019.60,1,4020.00,2,4020.10,2,4020.20,7,4020.30,6,4020.40,6,4020.50,5,4020.60,5,Sell,6,21,27,-15.00,-1.00,-18.00,0.80,37.5,4018.60,4019.40,4018.60,4018.90,3,7,10,-4.00,-1.00,-4.00,0.30,0.0,-6,6,0.0000,0.2000,8.00,20.00,4023.96,-0.5521,DOWN,31.50,0.3175,1.4011
20260728 233757 168,4018.90,1,4018.90,4019.30,0.40,4018.90,2,4018.80,3,4018.50,1,4018.30,2,4018.20,5,4018.10,5,4018.00,5,4017.90,5,4017.80,5,4017.70,5,4019.30,2,4019.40,3,4019.60,1,4020.00,2,4020.10,2,4020.20,7,4020.30,6,4020.40,6,4020.50,5,4020.60,5,Sell,6,22,28,-16.00,-1.00,-18.00,0.80,37.5,4018.60,4019.40,4018.60,4018.90,3,7,10,-4.00,-1.00,-4.00,0.30,0.0,-6,6,0.0000,0.1250,7.00,19.00,4023.96,-0.5521,DOWN,31.50,0.3175,1.4011
20260728 233757 694,4019.30,1,4018.90,4019.40,0.50,4018.90,2,4018.80,3,4018.50,1,4018.30,2,4018.20,5,4018.10,5,4018.00,5,4017.90,5,4017.80,5,4017.70,5,4019.40,3,4019.50,4,4019.60,1,4020.00,2,4020.10,2,4020.20,7,4020.30,6,4020.40,6,4020.50,5,4020.60,5,Buy,7,22,29,-15.00,-1.00,-18.00,0.80,87.5,4018.60,4019.40,4018.60,4019.30,3,7,10,-4.00,-1.00,-4.00,0.30,0.0,-6,6,0.0000,0.2000,8.00,20.00,4023.99,-0.5395,DOWN,31.50,0.3175,1.4011
20260728 233807 641,4019.50,1,4019.20,4019.60,0.40,4019.20,3,4019.10,1,4018.50,1,4018.30,7,4018.20,5,4018.10,5,4018.00,5,4017.90,5,4017.80,5,4017.70,5,4019.60,2,4019.70,4,4020.00,2,4020.10,1,4020.20,6,4020.30,5,4020.40,6,4020.50,5,4020.60,5,4020.70,5,Buy,1,0,1,1.00,1.00,1.00,0.00,0.0,4019.50,4019.50,4019.50,4019.50,7,22,29,-15.00,-1.00,-18.00,0.80,87.5,-36,60,0.2000,0.0000,14.00,17.00,4024.01,-0.5331,DOWN,30.45,0.9524,1.3153
20260728 233807 641,4019.60,1,4019.20,4019.60,0.40,4019.20,3,4019.10,1,4018.50,1,4018.30,7,4018.20,5,4018.10,5,4018.00,5,4017.90,5,4017.80,5,4017.70,5,4019.60,2,4019.70,4,4020.00,2,4020.10,1,4020.20,6,4020.30,5,4020.40,6,4020.50,5,4020.60,5,4020.70,5,Buy,2,0,2,2.00,2.00,1.00,0.10,100.0,4019.50,4019.60,4019.50,4019.60,7,22,29,-15.00,-1.00,-18.00,0.80,87.5,-36,60,0.2000,0.0000,15.00,18.00,4024.02,-0.5299,DOWN,30.45,0.9524,1.3225
20260728 233807 641,4019.60,1,4019.20,4019.60,0.40,4019.20,3,4019.10,1,4018.50,1,4018.30,7,4018.20,5,4018.10,5,4018.00,5,4017.90,5,4017.80,5,4017.70,5,4019.60,2,4019.70,4,4020.00,2,4020.10,1,4020.20,6,4020.30,5,4020.40,6,4020.50,5,4020.60,5,4020.70,5,Buy,3,0,3,3.00,3.00,1.00,0.10,100.0,4019.50,4019.60,4019.50,4019.60,7,22,29,-15.00,-1.00,-18.00,0.80,87.5,-36,60,0.2000,0.0000,16.00,19.00,4024.02,-0.5299,DOWN,30.45,0.9524,1.3225
20260728 233807 641,4019.60,1,4019.20,4019.60,0.40,4019.20,3,4019.10,1,4018.50,1,4018.30,7,4018.20,5,4018.10,5,4018.00,5,4017.90,5,4017.80,5,4017.70,5,4019.60,2,4019.70,4,4020.00,2,4020.10,1,4020.20,6,4020.30,5,4020.40,6,4020.50,5,4020.60,5,4020.70,5,Buy,4,0,4,4.00,4.00,1.00,0.10,100.0,4019.50,4019.60,4019.50,4019.60,7,22,29,-15.00,-1.00,-18.00,0.80,87.5,-36,60,0.2000,0.0000,17.00,20.00,4024.02,-0.5299,DOWN,30.45,0.9524,1.3225
20260728 233818 091,4019.80,1,4019.40,4019.80,0.40,4019.40,2,4019.30,2,4018.50,6,4018.40,5,4018.30,7,4018.20,5,4018.10,5,4018.00,5,4017.90,5,4017.80,5,4019.80,2,4019.90,6,4020.00,2,4020.20,1,4020.40,6,4020.50,5,4020.60,5,4020.70,5,4020.80,7,4020.90,5,Buy,5,0,5,5.00,5.00,1.00,0.30,100.0,4019.50,4019.80,4019.50,4019.80,7,22,29,-15.00,-1.00,-18.00,0.80,87.5,-36,60,0.2000,0.0000,18.00,21.00,4024.04,-0.5236,DOWN,30.45,0.9524,1.3367
20260728 233840 909,4019.10,1,4019.00,4019.40,0.40,4019.00,3,4018.80,1,4018.50,6,4018.40,5,4018.30,5,4018.20,5,4018.10,5,4018.00,5,4017.90,5,4017.80,5,4019.40,2,4019.50,3,4020.00,2,4020.10,1,4020.20,6,4020.30,6,4020.40,6,4020.50,5,4020.60,5,4020.70,5,Sell,5,1,6,4.00,5.00,1.00,0.70,57.1,4019.50,4019.80,4019.10,4019.10,7,22,29,-15.00,-1.00,-18.00,0.80,87.5,-36,60,0.2000,0.2500,17.00,20.00,4023.97,-0.5458,DOWN,30.45,0.9524,1.3510
20260728 233840 910,4019.10,1,4019.00,4019.40,0.40,4019.00,3,4018.80,1,4018.50,6,4018.40,5,4018.30,5,4018.20,5,4018.10,5,4018.00,5,4017.90,5,4017.80,5,4019.40,2,4019.50,3,4020.00,2,4020.10,1,4020.20,6,4020.30,6,4020.40,6,4020.50,5,4020.60,5,4020.70,5,Buy,6,1,7,5.00,5.00,1.00,0.70,57.1,4019.50,4019.80,4019.10,4019.10,7,22,29,-15.00,-1.00,-18.00,0.80,87.5,-36,60,0.2000,0.0000,18.00,21.00,4023.97,-0.5458,DOWN,30.45,0.9524,1.3510
20260728 233842 051,4019.50,1,4019.20,4019.60,0.40,4019.20,2,4019.10,1,4018.50,6,4018.40,5,4018.30,5,4018.20,5,4018.10,5,4018.00,5,4017.90,5,4017.80,5,4019.60,2,4019.70,2,4019.90,1,4020.00,3,4020.10,1,4020.20,6,4020.30,5,4020.40,6,4020.50,5,4020.60,5,Buy,7,1,8,6.00,6.00,1.00,0.70,0.0,4019.50,4019.80,4019.10,4019.50,7,22,29,-15.00,-1.00,-18.00,0.80,87.5,-36,60,0.2000,0.0000,19.00,22.00,4024.01,-0.5331,DOWN,30.45,0.9524,1.3510
20260728 233842 052,4019.50,1,4019.20,4019.60,0.40,4019.20,2,4019.10,1,4018.50,6,4018.40,5,4018.30,5,4018.20,5,4018.10,5,4018.00,5,4017.90,5,4017.80,5,4019.60,2,4019.70,2,4019.90,1,4020.00,3,4020.10,1,4020.20,6,4020.30,5,4020.40,6,4020.50,5,4020.60,5,Buy,8,1,9,7.00,7.00,1.00,0.70,0.0,4019.50,4019.80,4019.10,4019.50,7,22,29,-15.00,-1.00,-18.00,0.80,87.5,-36,60,0.2000,0.0000,20.00,23.00,4024.01,-0.5331,DOWN,30.45,0.9524,1.3510
20260728 233843 372,4019.20,1,4019.20,4019.60,0.40,4019.20,1,4019.10,1,4018.50,6,4018.40,5,4018.30,5,4018.20,5,4018.10,5,4018.00,5,4017.90,5,4017.80,5,4019.60,2,4019.70,2,4019.90,1,4020.00,3,4020.10,1,4020.20,6,4020.30,5,4020.40,6,4020.50,5,4020.60,5,Sell,8,2,10,6.00,7.00,1.00,0.70,42.9,4019.50,4019.80,4019.10,4019.20,7,22,29,-15.00,-1.00,-18.00,0.80,87.5,-36,60,0.2000,0.1667,19.00,22.00,4023.98,-0.5426,DOWN,30.45,0.9524,1.3510
20260728 233843 373,4019.20,1,4019.20,4019.60,0.40,4019.20,1,4019.10,1,4018.50,6,4018.40,5,4018.30,5,4018.20,5,4018.10,5,4018.00,5,4017.90,5,4017.80,5,4019.60,2,4019.70,2,4019.90,1,4020.00,3,4020.10,1,4020.20,6,4020.30,5,4020.40,6,4020.50,5,4020.60,5,Sell,8,3,11,5.00,7.00,1.00,0.70,42.9,4019.50,4019.80,4019.10,4019.20,7,22,29,-15.00,-1.00,-18.00,0.80,87.5,-36,60,0.2000,0.4000,18.00,21.00,4023.98,-0.5426,DOWN,30.45,0.9524,1.3510
20260728 233906 526,4019.80,1,4019.40,4019.80,0.40,4019.40,1,4019.30,1,4018.70,8,4018.60,5,4018.50,6,4018.40,5,4018.30,5,4018.20,5,4018.10,5,4018.00,5,4019.80,1,4019.90,5,4020.00,2,4020.70,5,4020.80,7,4020.90,5,4021.00,7,4021.10,5,4021.20,7,4021.30,6,Buy,1,0,1,1.00,1.00,1.00,0.00,0.0,4019.80,4019.80,4019.80,4019.80,8,3,11,5.00,7.00,1.00,0.70,42.9,0,18,0.4000,0.0000,3.00,20.00,4024.04,-0.5236,DOWN,26.45,0.4159,1.2974
20260728 233907 718,4019.80,1,4019.40,4019.80,0.40,4019.40,1,4019.30,1,4018.70,8,4018.60,5,4018.50,6,4018.40,5,4018.30,5,4018.20,5,4018.10,5,4018.00,5,4019.80,2,4019.90,5,4020.00,2,4020.70,5,4020.80,7,4020.90,5,4021.00,7,4021.10,5,4021.20,7,4021.30,6,Buy,2,0,2,2.00,2.00,1.00,0.00,0.0,4019.80,4019.80,4019.80,4019.80,8,3,11,5.00,7.00,1.00,0.70,42.9,0,18,0.4000,0.0000,4.00,21.00,4024.04,-0.5236,DOWN,26.45,0.4159,1.2974
20260728 233915 910,4019.50,2,4019.30,4019.70,0.40,4019.30,1,4019.20,6,4018.80,2,4018.70,6,4018.60,5,4018.50,5,4018.40,5,4018.30,5,4018.20,5,4018.10,5,4019.70,2,4019.80,2,4019.90,2,4020.00,2,4020.60,5,4020.70,5,4020.80,7,4020.90,5,4021.00,7,4021.10,5,Sell,2,2,4,0.00,2.00,0.00,0.30,100.0,4019.80,4019.80,4019.50,4019.50,8,3,11,5.00,7.00,1.00,0.70,42.9,0,18,0.4000,2.0000,2.00,19.00,4024.01,-0.5331,DOWN,26.45,0.4159,1.2974
20260728 233915 910,4019.30,1,4019.30,4019.70,0.40,4019.30,1,4019.20,6,4018.80,2,4018.70,6,4018.60,5,4018.50,5,4018.40,5,4018.30,5,4018.20,5,4018.10,5,4019.70,2,4019.80,2,4019.90,2,4020.00,2,4020.60,5,4020.70,5,4020.80,7,4020.90,5,4021.00,7,4021.10,5,Sell,2,3,5,-1.00,2.00,-1.00,0.50,100.0,4019.80,4019.80,4019.30,4019.30,8,3,11,5.00,7.00,1.00,0.70,42.9,0,18,0.4000,0.0000,1.00,18.00,4023.99,-0.5395,DOWN,26.45,0.4159,1.2974
20260728 233916 013,4019.30,1,4019.20,4019.60,0.40,4019.20,5,4019.10,3,4018.80,2,4018.70,6,4018.60,5,4018.50,5,4018.40,5,4018.30,5,4018.20,5,4018.10,5,4019.60,1,4019.70,3,4019.90,2,4020.00,2,4020.50,5,4020.60,5,4020.70,5,4020.80,7,4020.90,5,4021.00,7,Sell,2,4,6,-2.00,2.00,-2.00,0.50,100.0,4019.80,4019.80,4019.30,4019.30,8,3,11,5.00,7.00,1.00,0.70,42.9,0,18,0.4000,0.0000,0.00,17.00,4023.99,-0.5395,DOWN,26.45,0.4159,1.2974
20260728 233916 229,4019.50,1,4019.30,4019.70,0.40,4019.30,2,4019.20,5,4018.80,2,4018.70,6,4018.60,5,4018.50,5,4018.40,5,4018.30,5,4018.20,5,4018.10,5,4019.70,3,4019.80,2,4019.90,1,4020.00,2,4020.50,5,4020.60,6,4020.70,5,4020.80,7,4020.90,5,4021.00,6,Buy,3,4,7,-1.00,2.00,-2.00,0.50,60.0,4019.80,4019.80,4019.30,4019.50,8,3,11,5.00,7.00,1.00,0.70,42.9,0,18,0.4000,1.0000,1.00,18.00,4024.01,-0.5331,DOWN,26.45,0.4159,1.2974
20260728 233916 406,4019.70,1,4019.40,4019.70,0.30,4019.40,1,4019.30,3,4018.80,2,4018.70,6,4018.60,5,4018.50,5,4018.40,5,4018.30,5,4018.20,5,4018.10,5,4019.70,1,4019.80,2,4019.90,1,4020.00,2,4020.50,5,4020.60,5,4020.70,5,4020.80,7,4020.90,5,4021.00,6,Buy,4,4,8,0.00,2.00,-2.00,0.50,20.0,4019.80,4019.80,4019.30,4019.70,8,3,11,5.00,7.00,1.00,0.70,42.9,0,18,0.4000,2.0000,2.00,19.00,4024.03,-0.5268,DOWN,26.45,0.4159,1.2974
20260728 233927 100,4018.40,1,4018.30,4018.70,0.40,4018.30,1,4018.20,2,4018.00,1,4017.60,1,4017.50,5,4017.40,5,4017.30,5,4017.20,5,4017.10,5,4017.00,5,4018.70,3,4018.80,4,4019.40,1,4019.50,7,4019.60,7,4019.70,1,4019.80,6,4019.90,6,4020.00,7,4020.10,6,Sell,4,5,9,-1.00,2.00,-2.00,1.40,100.0,4019.80,4019.80,4018.40,4018.40,8,3,11,5.00,7.00,1.00,0.70,42.9,0,18,0.4000,1.0000,1.00,18.00,4023.91,-0.5680,DOWN,26.45,0.4159,1.3545
20260728 233927 284,4018.70,1,4018.30,4018.70,0.40,4018.30,4,4018.20,2,4018.00,1,4017.60,1,4017.50,5,4017.40,5,4017.30,5,4017.20,5,4017.10,5,4017.00,5,4018.70,2,4018.80,4,4019.40,1,4019.50,7,4019.60,7,4019.70,1,4019.80,6,4019.90,6,4020.00,7,4020.10,7,Buy,5,5,10,0.00,2.00,-2.00,1.40,78.6,4019.80,4019.80,4018.40,4018.70,8,3,11,5.00,7.00,1.00,0.70,42.9,0,18,0.4000,2.0000,2.00,19.00,4023.94,-0.5585,DOWN,26.45,0.4159,1.3545
20260728 233927 284,4018.70,1,4018.30,4018.70,0.40,4018.30,4,4018.20,2,4018.00,1,4017.60,1,4017.50,5,4017.40,5,4017.30,5,4017.20,5,4017.10,5,4017.00,5,4018.70,2,4018.80,4,4019.40,1,4019.50,7,4019.60,7,4019.70,1,4019.80,6,4019.90,6,4020.00,7,4020.10,7,Buy,6,5,11,1.00,2.00,-2.00,1.40,78.6,4019.80,4019.80,4018.40,4018.70,8,3,11,5.00,7.00,1.00,0.70,42.9,0,18,0.4000,1.0000,3.00,20.00,4023.94,-0.5585,DOWN,26.45,0.4159,1.3545
20260728 233941 342,4018.30,1,4018.20,4018.60,0.40,4018.20,1,4018.10,2,4018.00,1,4017.60,1,4017.50,5,4017.40,5,4017.30,5,4017.20,5,4017.10,5,4017.00,5,4018.60,4,4018.70,4,4019.20,2,4019.30,2,4019.40,6,4019.50,9,4019.60,7,4019.80,6,4019.90,6,4020.00,8,Sell,6,6,12,0.00,2.00,-2.00,1.50,100.0,4019.80,4019.80,4018.30,4018.30,8,3,11,5.00,7.00,1.00,0.70,42.9,0,18,0.4000,2.0000,2.00,19.00,4023.90,-0.5712,DOWN,26.45,0.4159,1.3617
20260728 233941 342,4018.20,1,4018.20,4018.60,0.40,4018.20,1,4018.10,2,4018.00,1,4017.60,1,4017.50,5,4017.40,5,4017.30,5,4017.20,5,4017.10,5,4017.00,5,4018.60,4,4018.70,4,4019.20,2,4019.30,2,4019.40,6,4019.50,9,4019.60,7,4019.80,6,4019.90,6,4020.00,8,Sell,6,7,13,-1.00,2.00,-2.00,1.60,100.0,4019.80,4019.80,4018.20,4018.20,8,3,11,5.00,7.00,1.00,0.70,42.9,0,18,0.4000,1.0000,1.00,18.00,4023.89,-0.5744,DOWN,26.45,0.4159,1.3688
20260728 233951 418,4018.20,1,4018.10,4018.40,0.30,4018.10,2,4017.90,1,4017.60,2,4017.50,6,4017.40,5,4017.30,5,4017.20,5,4017.10,5,4017.00,5,4016.90,5,4018.40,1,4018.50,2,4019.10,1,4019.20,2,4019.30,1,4019.40,6,4019.50,9,4019.60,7,4019.80,6,4019.90,6,Sell,6,8,14,-2.00,2.00,-2.00,1.60,100.0,4019.80,4019.80,4018.20,4018.20,8,3,11,5.00,7.00,1.00,0.70,42.9,0,18,0.4000,0.0000,0.00,17.00,4023.89,-0.5744,DOWN,26.45,0.4159,1.3688
20260728 234004 744,4018.40,2,4018.40,4018.70,0.30,4018.40,2,4018.30,3,4017.60,1,4017.50,6,4017.40,5,4017.30,5,4017.20,5,4017.10,5,4017.00,5,4016.90,5,4018.70,1,4018.80,3,4019.20,1,4019.30,2,4019.40,6,4019.50,10,4019.60,7,4019.80,6,4019.90,6,4020.00,8,Buy,2,0,2,2.00,2.00,2.00,0.00,0.0,4018.40,4018.40,4018.40,4018.40,6,8,14,-2.00,2.00,-2.00,1.60,100.0,-9,9,0.0000,0.0000,-14.00,13.00,4023.91,-0.5680,DOWN,25.00,0.5600,1.2853
20260728 234023 685,4018.40,1,4018.10,4018.50,0.40,4018.10,3,4018.00,2,4017.60,1,4017.50,6,4017.40,5,4017.30,5,4017.20,5,4017.10,5,4017.00,5,4016.90,5,4018.50,2,4018.60,4,4019.20,1,4019.30,1,4019.40,6,4019.50,9,4019.60,7,4019.70,1,4019.80,6,4019.90,5,Buy,3,0,3,3.00,3.00,2.00,0.00,0.0,4018.40,4018.40,4018.40,4018.40,6,8,14,-2.00,2.00,-2.00,1.60,100.0,-9,9,0.0000,0.0000,-13.00,14.00,4023.91,-0.5680,DOWN,25.00,0.5600,1.2853
20260728 234023 685,4018.50,1,4018.10,4018.50,0.40,4018.10,3,4018.00,2,4017.60,1,4017.50,6,4017.40,5,4017.30,5,4017.20,5,4017.10,5,4017.00,5,4016.90,5,4018.50,2,4018.60,4,4019.20,1,4019.30,1,4019.40,6,4019.50,9,4019.60,7,4019.70,1,4019.80,6,4019.90,5,Buy,4,0,4,4.00,4.00,2.00,0.10,100.0,4018.40,4018.50,4018.40,4018.50,6,8,14,-2.00,2.00,-2.00,1.60,100.0,-9,9,0.0000,0.0000,-12.00,15.00,4023.92,-0.5648,DOWN,25.00,0.5600,1.2925
20260728 234033 261,4018.60,1,4018.40,4018.70,0.30,4018.40,2,4018.30,3,4017.60,1,4017.50,6,4017.40,5,4017.30,5,4017.20,5,4017.10,5,4017.00,5,4016.90,5,4018.70,1,4018.80,3,4019.20,1,4019.30,1,4019.40,6,4019.50,9,4019.60,7,4019.80,6,4019.90,5,4020.00,8,Buy,5,0,5,5.00,5.00,2.00,0.20,100.0,4018.40,4018.60,4018.40,4018.60,6,8,14,-2.00,2.00,-2.00,1.60,100.0,-9,9,0.0000,0.0000,-11.00,16.00,4023.93,-0.5617,DOWN,25.00,0.5600,1.2996
20260728 234048 352,4018.60,1,4018.60,4018.90,0.30,4018.50,2,4018.40,2,4017.60,1,4017.50,7,4017.40,5,4017.30,5,4017.20,5,4017.10,5,4017.00,5,4016.90,5,4018.90,2,4019.00,3,4019.20,1,4019.30,1,4019.40,5,4019.50,8,4019.60,6,4019.70,5,4019.80,6,4019.90,5,Sell,5,1,6,4.00,5.00,2.00,0.20,100.0,4018.40,4018.60,4018.40,4018.60,6,8,14,-2.00,2.00,-2.00,1.60,100.0,-9,9,0.0000,0.2500,-12.00,15.00,4023.93,-0.5617,DOWN,25.00,0.5600,1.2996
20260728 234100 073,4018.50,1,4018.50,4018.90,0.40,4018.50,1,4018.40,2,4017.80,2,4017.60,1,4017.50,7,4017.40,5,4017.30,5,4017.20,5,4017.10,5,4017.00,5,4018.90,4,4019.00,4,4019.20,2,4019.40,1,4019.50,8,4019.60,2,4019.80,6,4019.90,5,4020.00,8,4020.10,6,Sell,0,1,1,-1.00,-1.00,-1.00,0.00,0.0,4018.50,4018.50,4018.50,4018.50,5,1,6,4.00,5.00,2.00,0.20,100.0,0,6,0.2500,0.0000,-9.00,8.00,4023.92,-0.5648,DOWN,19.80,0.3030,1.2139
20260728 234106 004,4018.50,1,4018.30,4018.70,0.40,4018.30,2,4018.20,4,4017.60,6,4017.50,7,4017.40,5,4017.30,5,4017.20,5,4017.10,5,4017.00,5,4016.90,6,4018.70,3,4018.80,7,4018.90,1,4019.20,1,4019.50,8,4019.60,2,4019.80,6,4019.90,5,4020.00,8,4020.10,6,Sell,0,2,2,-2.00,-1.00,-2.00,0.00,0.0,4018.50,4018.50,4018.50,4018.50,5,1,6,4.00,5.00,2.00,0.20,100.0,0,6,0.2500,0.0000,-10.00,7.00,4023.92,-0.5648,DOWN,19.80,0.3030,1.2139
20260728 234121 571,4018.20,1,4017.90,4018.40,0.50,4018.00,2,4017.90,3,4017.60,1,4017.50,7,4017.40,5,4017.30,5,4017.20,5,4017.10,5,4017.00,5,4016.90,6,4018.40,2,4018.50,4,4018.90,1,4019.10,1,4019.20,6,4019.30,5,4019.50,8,4019.60,2,4019.70,5,4019.80,6,Buy,1,2,3,-1.00,-1.00,-2.00,0.30,100.0,4018.50,4018.50,4018.20,4018.20,5,1,6,4.00,5.00,2.00,0.20,100.0,0,6,0.2500,1.0000,-9.00,8.00,4023.89,-0.5744,DOWN,19.80,0.3030,1.2354
20260728 234121 574,4018.30,1,4017.90,4018.40,0.50,4018.00,2,4017.90,3,4017.60,1,4017.50,7,4017.40,5,4017.30,5,4017.20,5,4017.10,5,4017.00,5,4016.90,6,4018.40,2,4018.50,4,4018.90,1,4019.10,1,4019.20,6,4019.30,5,4019.50,8,4019.60,2,4019.70,5,4019.80,6,Buy,2,2,4,0.00,0.00,-2.00,0.30,66.7,4018.50,4018.50,4018.20,4018.30,5,1,6,4.00,5.00,2.00,0.20,100.0,0,6,0.2500,0.0000,-8.00,9.00,4023.90,-0.5712,DOWN,19.80,0.3030,1.2354
20260728 234121 576,4018.30,1,4017.90,4018.40,0.50,4018.00,2,4017.90,3,4017.60,1,4017.50,7,4017.40,5,4017.30,5,4017.20,5,4017.10,5,4017.00,5,4016.90,6,4018.40,2,4018.50,4,4018.90,1,4019.10,1,4019.20,6,4019.30,5,4019.50,8,4019.60,2,4019.70,5,4019.80,6,Buy,3,2,5,1.00,1.00,-2.00,0.30,66.7,4018.50,4018.50,4018.20,4018.30,5,1,6,4.00,5.00,2.00,0.20,100.0,0,6,0.2500,0.0000,-7.00,10.00,4023.90,-0.5712,DOWN,19.80,0.3030,1.2354
20260728 234121 579,4018.30,1,4017.90,4018.40,0.50,4018.00,2,4017.90,3,4017.60,1,4017.50,7,4017.40,5,4017.30,5,4017.20,5,4017.10,5,4017.00,5,4016.90,6,4018.40,2,4018.50,4,4018.90,1,4019.10,1,4019.20,6,4019.30,5,4019.50,8,4019.60,2,4019.70,5,4019.80,6,Buy,4,2,6,2.00,2.00,-2.00,0.30,66.7,4018.50,4018.50,4018.20,4018.30,5,1,6,4.00,5.00,2.00,0.20,100.0,0,6,0.2500,0.0000,-6.00,11.00,4023.90,-0.5712,DOWN,19.80,0.3030,1.2354
20260728 234121 582,4018.40,1,4017.90,4018.40,0.50,4018.00,2,4017.90,3,4017.60,1,4017.50,7,4017.40,5,4017.30,5,4017.20,5,4017.10,5,4017.00,5,4016.90,6,4018.40,2,4018.50,4,4018.90,1,4019.10,1,4019.20,6,4019.30,5,4019.50,8,4019.60,2,4019.70,5,4019.80,6,Buy,5,2,7,3.00,3.00,-2.00,0.30,33.3,4018.50,4018.50,4018.20,4018.40,5,1,6,4.00,5.00,2.00,0.20,100.0,0,6,0.2500,0.0000,-5.00,12.00,4023.91,-0.5680,DOWN,19.80,0.3030,1.2354
20260728 234128 434,4018.90,1,4018.60,4018.90,0.30,4018.60,2,4018.50,2,4017.60,6,4017.50,7,4017.40,6,4017.30,5,4017.20,5,4017.10,5,4017.00,5,4016.90,6,4018.90,2,4019.00,3,4019.20,1,4019.40,1,4019.50,8,4019.60,1,4019.70,5,4019.80,6,4019.90,5,4020.00,8,Buy,6,2,8,4.00,4.00,-2.00,0.70,57.1,4018.50,4018.90,4018.20,4018.90,5,1,6,4.00,5.00,2.00,0.20,100.0,0,6,0.2500,0.0000,-4.00,13.00,4023.96,-0.5521,DOWN,19.80,0.3030,1.2568
20260728 234154 471,4018.40,2,4018.10,4018.40,0.30,4018.10,2,4018.00,5,4017.60,2,4017.50,2,4017.20,5,4017.10,5,4017.00,5,4016.90,6,4016.80,5,4016.70,6,4018.40,1,4018.50,1,4019.20,1,4019.30,1,4019.40,5,4019.50,8,4019.60,7,4019.70,5,4019.80,6,4019.90,5,Sell,6,4,10,2.00,4.00,-2.00,0.70,14.3,4018.50,4018.90,4018.20,4018.40,5,1,6,4.00,5.00,2.00,0.20,100.0,0,6,0.2500,1.0000,-6.00,11.00,4023.91,-0.5680,DOWN,19.80,0.3030,1.2568
20260728 234154 471,4018.40,2,4018.10,4018.40,0.30,4018.10,2,4018.00,5,4017.60,2,4017.50,2,4017.20,5,4017.10,5,4017.00,5,4016.90,6,4016.80,5,4016.70,6,4018.40,1,4018.50,1,4019.20,1,4019.30,1,4019.40,5,4019.50,8,4019.60,7,4019.70,5,4019.80,6,4019.90,5,Sell,6,6,12,0.00,4.00,-2.00,0.70,14.3,4018.50,4018.90,4018.20,4018.40,5,1,6,4.00,5.00,2.00,0.20,100.0,0,6,0.2500,4.0000,-8.00,9.00,4023.91,-0.5680,DOWN,19.80,0.3030,1.2568
20260728 234159 426,4018.10,1,4018.00,4018.40,0.40,4018.00,2,4017.90,3,4017.60,2,4017.50,2,4017.20,6,4017.10,5,4017.00,5,4016.90,6,4016.80,5,4016.70,6,4018.40,3,4018.50,1,4019.20,2,4019.30,5,4019.40,5,4019.50,8,4019.60,7,4019.70,5,4019.80,6,4019.90,5,Sell,6,7,13,-1.00,4.00,-2.00,0.80,50.0,4018.50,4018.90,4018.10,4018.10,5,1,6,4.00,5.00,2.00,0.20,100.0,0,6,0.2500,1.0000,-9.00,8.00,4023.88,-0.5775,DOWN,19.80,0.3030,1.2639
20260728 234159 426,4018.10,1,4018.00,4018.40,0.40,4018.00,2,4017.90,3,4017.60,2,4017.50,2,4017.20,6,4017.10,5,4017.00,5,4016.90,6,4016.80,5,4016.70,6,4018.40,3,4018.50,1,4019.20,2,4019.30,5,4019.40,5,4019.50,8,4019.60,7,4019.70,5,4019.80,6,4019.90,5,Sell,6,8,14,-2.00,4.00,-2.00,0.80,50.0,4018.50,4018.90,4018.10,4018.10,5,1,6,4.00,5.00,2.00,0.20,100.0,0,6,0.2500,0.0000,-10.00,7.00,4023.88,-0.5775,DOWN,19.80,0.3030,1.2639
20260728 234159 426,4018.00,1,4018.00,4018.40,0.40,4018.00,2,4017.90,3,4017.60,2,4017.50,2,4017.20,6,4017.10,5,4017.00,5,4016.90,6,4016.80,5,4016.70,6,4018.40,3,4018.50,1,4019.20,2,4019.30,5,4019.40,5,4019.50,8,4019.60,7,4019.70,5,4019.80,6,4019.90,5,Sell,6,9,15,-3.00,4.00,-3.00,0.90,55.6,4018.50,4018.90,4018.00,4018.00,5,1,6,4.00,5.00,2.00,0.20,100.0,0,6,0.2500,0.0000,-11.00,6.00,4023.87,-0.5807,DOWN,19.80,0.3030,1.2711
20260728 234159 426,4018.00,1,4018.00,4018.40,0.40,4018.00,2,4017.90,3,4017.60,2,4017.50,2,4017.20,6,4017.10,5,4017.00,5,4016.90,6,4016.80,5,4016.70,6,4018.40,3,4018.50,1,4019.20,2,4019.30,5,4019.40,5,4019.50,8,4019.60,7,4019.70,5,4019.80,6,4019.90,5,Sell,6,10,16,-4.00,4.00,-4.00,0.90,55.6,4018.50,4018.90,4018.00,4018.00,5,1,6,4.00,5.00,2.00,0.20,100.0,0,6,0.2500,0.0000,-12.00,5.00,4023.87,-0.5807,DOWN,19.80,0.3030,1.2711
20260728 234159 426,4018.00,1,4018.00,4018.40,0.40,4018.00,2,4017.90,3,4017.60,2,4017.50,2,4017.20,6,4017.10,5,4017.00,5,4016.90,6,4016.80,5,4016.70,6,4018.40,3,4018.50,1,4019.20,2,4019.30,5,4019.40,5,4019.50,8,4019.60,7,4019.70,5,4019.80,6,4019.90,5,Sell,6,11,17,-5.00,4.00,-5.00,0.90,55.6,4018.50,4018.90,4018.00,4018.00,5,1,6,4.00,5.00,2.00,0.20,100.0,0,6,0.2500,0.0000,-13.00,4.00,4023.87,-0.5807,DOWN,19.80,0.3030,1.2711
20260728 234201 404,4018.00,1,4018.00,4018.40,0.40,4018.00,1,4017.90,4,4017.60,2,4017.50,2,4017.20,6,4017.10,5,4017.00,5,4016.90,6,4016.80,5,4016.70,6,4018.40,2,4018.50,1,4019.20,2,4019.30,5,4019.40,5,4019.50,8,4019.60,7,4019.70,5,4019.80,6,4019.90,5,Sell,0,1,1,-1.00,-1.00,-1.00,0.00,0.0,4018.00,4018.00,4018.00,4018.00,6,11,17,-5.00,4.00,-5.00,0.90,55.6,-27,21,0.0000,0.0000,1.00,9.00,4023.87,-0.5807,DOWN,19.45,0.8740,1.1803
20260728 234212 062,4018.20,1,4018.00,4018.30,0.30,4018.00,1,4017.90,2,4017.60,2,4017.50,1,4017.40,1,4017.30,5,4017.20,5,4017.10,5,4017.00,5,4016.90,6,4018.30,4,4018.40,6,4019.10,2,4019.20,2,4019.30,5,4019.40,5,4019.50,8,4019.60,7,4019.70,5,4019.80,6,Buy,1,1,2,0.00,0.00,-1.00,0.20,100.0,4018.00,4018.20,4018.00,4018.20,6,11,17,-5.00,4.00,-5.00,0.90,55.6,-27,21,0.0000,0.0000,2.00,10.00,4023.89,-0.5744,DOWN,19.45,0.8740,1.1946
20260728 234212 639,4018.00,1,4017.70,4018.00,0.30,4017.70,1,4017.60,5,4017.50,1,4017.40,1,4017.30,5,4017.20,5,4017.10,5,4017.00,5,4016.90,6,4016.80,5,4018.10,2,4018.20,5,4018.90,2,4019.00,6,4019.10,6,4019.20,6,4019.30,5,4019.40,5,4019.50,8,4019.60,7,Buy,2,1,3,1.00,1.00,-1.00,0.20,0.0,4018.00,4018.20,4018.00,4018.00,6,11,17,-5.00,4.00,-5.00,0.90,55.6,-27,21,0.0000,0.0000,3.00,11.00,4023.87,-0.5807,DOWN,19.45,0.8740,1.1946
20260728 234216 201,4017.70,1,4017.60,4017.70,0.10,4017.60,1,4017.50,1,4017.40,1,4017.30,2,4017.20,1,4017.10,5,4017.00,5,4016.90,6,4016.80,5,4016.70,6,4017.80,3,4017.90,6,4018.60,2,4018.70,6,4018.80,5,4018.90,6,4019.00,5,4019.10,6,4019.20,6,4019.30,5,Buy,3,1,4,2.00,2.00,-1.00,0.50,60.0,4018.00,4018.20,4017.70,4017.70,6,11,17,-5.00,4.00,-5.00,0.90,55.6,-27,21,0.0000,0.0000,4.00,12.00,4023.84,-0.5902,DOWN,19.45,0.8740,1.2160
20260728 234228 089,4017.80,1,4017.60,4017.80,0.20,4017.60,1,4017.50,1,4017.40,2,4017.30,3,4017.20,1,4017.10,5,4017.00,5,4016.90,6,4016.80,5,4016.70,6,4017.80,1,4017.90,3,4018.60,2,4018.70,6,4018.80,5,4018.90,6,4019.00,5,4019.10,6,4019.20,5,4019.30,5,Buy,4,1,5,3.00,3.00,-1.00,0.50,40.0,4018.00,4018.20,4017.70,4017.80,6,11,17,-5.00,4.00,-5.00,0.90,55.6,-27,21,0.0000,0.0000,5.00,13.00,4023.85,-0.5871,DOWN,19.45,0.8740,1.2160
20260728 234228 616,4017.70,1,4017.30,4017.70,0.40,4017.30,2,4017.20,3,4017.00,2,4016.90,6,4016.80,5,4016.70,6,4016.60,5,4016.50,6,4016.40,5,4016.30,5,4017.70,1,4017.80,5,4018.60,3,4018.70,5,4018.80,5,4018.90,6,4019.00,5,4019.10,6,4019.20,5,4019.30,5,Buy,5,1,6,4.00,4.00,-1.00,0.50,60.0,4018.00,4018.20,4017.70,4017.70,6,11,17,-5.00,4.00,-5.00,0.90,55.6,-27,21,0.0000,0.0000,6.00,14.00,4023.84,-0.5902,DOWN,19.45,0.8740,1.2160
20260728 234228 628,4017.60,1,4017.30,4017.70,0.40,4017.30,2,4017.20,3,4017.00,2,4016.90,6,4016.80,5,4016.70,6,4016.60,5,4016.50,6,4016.40,5,4016.30,5,4017.70,1,4017.80,5,4018.60,3,4018.70,5,4018.80,5,4018.90,6,4019.00,5,4019.10,6,4019.20,5,4019.30,5,Sell,5,2,7,3.00,4.00,-1.00,0.60,66.7,4018.00,4018.20,4017.60,4017.60,6,11,17,-5.00,4.00,-5.00,0.90,55.6,-27,21,0.0000,0.3333,5.00,13.00,4023.83,-0.5934,DOWN,19.45,0.8740,1.2231
20260728 234228 628,4017.50,1,4017.30,4017.70,0.40,4017.30,2,4017.20,3,4017.00,2,4016.90,6,4016.80,5,4016.70,6,4016.60,5,4016.50,6,4016.40,5,4016.30,5,4017.70,1,4017.80,5,4018.60,3,4018.70,5,4018.80,5,4018.90,6,4019.00,5,4019.10,6,4019.20,5,4019.30,5,Sell,5,3,8,2.00,4.00,-1.00,0.70,71.4,4018.00,4018.20,4017.50,4017.50,6,11,17,-5.00,4.00,-5.00,0.90,55.6,-27,21,0.0000,1.0000,4.00,12.00,4023.82,-0.5966,DOWN,19.45,0.8740,1.2303
20260728 234228 628,4017.40,1,4017.30,4017.70,0.40,4017.30,2,4017.20,3,4017.00,2,4016.90,6,4016.80,5,4016.70,6,4016.60,5,4016.50,6,4016.40,5,4016.30,5,4017.70,1,4017.80,5,4018.60,3,4018.70,5,4018.80,5,4018.90,6,4019.00,5,4019.10,6,4019.20,5,4019.30,5,Sell,5,4,9,1.00,4.00,-1.00,0.80,75.0,4018.00,4018.20,4017.40,4017.40,6,11,17,-5.00,4.00,-5.00,0.90,55.6,-27,21,0.0000,3.0000,3.00,11.00,4023.81,-0.5998,DOWN,19.45,0.8740,1.2374
20260728 234229 582,4017.60,1,4017.60,4017.70,0.10,4017.30,2,4017.20,3,4017.00,2,4016.90,6,4016.80,5,4016.70,6,4016.60,5,4016.50,6,4016.40,5,4016.30,5,4017.70,1,4017.80,5,4018.50,1,4018.60,2,4018.70,5,4018.80,5,4018.90,6,4019.00,5,4019.10,6,4019.20,5,Sell,5,5,10,0.00,4.00,-1.00,0.80,50.0,4018.00,4018.20,4017.40,4017.60,6,11,17,-5.00,4.00,-5.00,0.90,55.6,-27,21,0.0000,4.0000,2.00,10.00,4023.83,-0.5934,DOWN,19.45,0.8740,1.2374
20260728 234232 963,4017.80,1,4017.40,4017.80,0.40,4017.40,3,4017.30,2,4017.20,1,4017.00,2,4016.90,6,4016.80,5,4016.70,6,4016.60,5,4016.50,6,4016.40,5,4017.80,1,4017.90,3,4018.60,1,4018.70,5,4018.80,5,4018.90,6,4019.00,5,4019.10,6,4019.20,5,4019.30,6,Buy,6,5,11,1.00,4.00,-1.00,0.80,25.0,4018.00,4018.20,4017.40,4017.80,6,11,17,-5.00,4.00,-5.00,0.90,55.6,-27,21,0.0000,3.0000,3.00,11.00,4023.85,-0.5871,DOWN,19.45,0.8740,1.2374
20260728 234232 963,4017.80,1,4017.40,4017.80,0.40,4017.40,3,4017.30,2,4017.20,1,4017.00,2,4016.90,6,4016.80,5,4016.70,6,4016.60,5,4016.50,6,4016.40,5,4017.80,1,4017.90,3,4018.60,1,4018.70,5,4018.80,5,4018.90,6,4019.00,5,4019.10,6,4019.20,5,4019.30,6,Buy,7,5,12,2.00,4.00,-1.00,0.80,25.0,4018.00,4018.20,4017.40,4017.80,6,11,17,-5.00,4.00,-5.00,0.90,55.6,-27,21,0.0000,1.0000,4.00,12.00,4023.85,-0.5871,DOWN,19.45,0.8740,1.2374
20260728 234232 963,4017.90,1,4017.40,4017.80,0.40,4017.40,3,4017.30,2,4017.20,1,4017.00,2,4016.90,6,4016.80,5,4016.70,6,4016.60,5,4016.50,6,4016.40,5,4017.80,1,4017.90,3,4018.60,1,4018.70,5,4018.80,5,4018.90,6,4019.00,5,4019.10,6,4019.20,5,4019.30,6,Buy,8,5,13,3.00,4.00,-1.00,0.80,12.5,4018.00,4018.20,4017.40,4017.90,6,11,17,-5.00,4.00,-5.00,0.90,55.6,-27,21,0.0000,0.3333,5.00,13.00,4023.86,-0.5839,DOWN,19.45,0.8740,1.2374
20260728 234233 828,4018.00,1,4017.60,4018.00,0.40,4017.90,1,4017.80,3,4017.20,1,4017.00,7,4016.90,6,4016.80,5,4016.70,6,4016.60,5,4016.50,6,4016.40,5,4017.90,3,4018.00,3,4018.60,1,4018.70,5,4018.80,5,4018.90,6,4019.00,5,4019.10,6,4019.20,5,4019.30,6,Buy,9,5,14,4.00,4.00,-1.00,0.80,0.0,4018.00,4018.20,4017.40,4018.00,6,11,17,-5.00,4.00,-5.00,0.90,55.6,-27,21,0.0000,0.0000,6.00,14.00,4023.87,-0.5807,DOWN,19.45,0.8740,1.2374
20260728 234236 451,4018.20,1,4017.80,4018.20,0.40,4017.80,3,4017.70,1,4017.20,1,4017.00,7,4016.90,6,4016.80,5,4016.70,6,4016.60,5,4016.50,6,4016.40,5,4018.20,1,4018.30,2,4018.90,1,4019.10,1,4019.20,5,4019.30,5,4019.40,5,4019.50,8,4019.60,7,4019.70,5,Buy,10,5,15,5.00,5.00,-1.00,0.80,25.0,4018.00,4018.20,4017.40,4018.20,6,11,17,-5.00,4.00,-5.00,0.90,55.6,-27,21,0.0000,0.0000,7.00,15.00,4023.89,-0.5744,DOWN,19.45,0.8740,1.2374
20260728 234237 378,4018.20,1,4017.90,4018.30,0.40,4017.90,3,4017.80,3,4017.20,1,4017.00,7,4016.90,6,4016.80,5,4016.70,6,4016.60,5,4016.50,6,4016.40,5,4018.30,1,4018.40,4,4018.80,1,4018.90,1,4019.10,6,4019.20,5,4019.30,5,4019.40,5,4019.50,8,4019.60,7,Buy,11,5,16,6.00,6.00,-1.00,0.80,25.0,4018.00,4018.20,4017.40,4018.20,6,11,17,-5.00,4.00,-5.00,0.90,55.6,-27,21,0.0000,0.0000,8.00,16.00,4023.89,-0.5744,DOWN,19.45,0.8740,1.2374
20260728 234237 796,4017.90,1,4017.80,4018.20,0.40,4017.80,3,4017.70,1,4017.20,1,4017.00,7,4016.90,6,4016.80,5,4016.70,6,4016.60,5,4016.50,6,4016.40,5,4018.20,2,4018.30,4,4018.80,1,4018.90,1,4019.10,6,4019.20,5,4019.30,5,4019.40,5,4019.50,8,4019.60,7,Sell,11,6,17,5.00,6.00,-1.00,0.80,12.5,4018.00,4018.20,4017.40,4017.90,6,11,17,-5.00,4.00,-5.00,0.90,55.6,-27,21,0.0000,0.2000,7.00,15.00,4023.86,-0.5839,DOWN,19.45,0.8740,1.2374
20260728 234314 152,4018.10,1,4018.10,4018.50,0.40,4018.10,2,4018.00,2,4017.80,1,4017.60,1,4017.40,2,4017.30,5,4017.20,5,4017.10,5,4017.00,5,4016.90,6,4018.50,2,4018.60,3,4019.30,1,4019.40,2,4019.50,8,4019.60,7,4019.70,5,4019.80,6,4019.90,5,4020.00,8,Sell,0,1,1,-1.00,-1.00,-1.00,0.00,0.0,4018.10,4018.10,4018.10,4018.10,11,6,17,5.00,6.00,-1.00,0.80,12.5,0,0,0.2000,0.0000,1.00,19.00,4023.88,-0.5775,DOWN,18.85,0.9019,1.1633
20260728 234322 802,4018.40,1,4018.30,4018.70,0.40,4018.30,2,4018.20,3,4017.80,1,4017.60,1,4017.40,2,4017.30,5,4017.20,5,4017.10,5,4017.00,5,4016.90,6,4018.70,2,4018.80,4,4019.40,2,4019.50,8,4019.60,7,4019.70,5,4019.80,6,4019.90,5,4020.00,8,4020.10,6,Buy,1,1,2,0.00,0.00,-1.00,0.30,100.0,4018.10,4018.40,4018.10,4018.40,11,6,17,5.00,6.00,-1.00,0.80,12.5,0,0,0.2000,0.0000,2.00,20.00,4023.91,-0.5680,DOWN,18.85,0.9019,1.1847
20260728 234324 723,4018.70,1,4018.40,4018.70,0.30,4018.40,2,4018.30,2,4017.80,1,4017.60,1,4017.40,2,4017.30,5,4017.20,5,4017.10,5,4017.00,5,4016.90,6,4018.70,1,4018.80,1,4019.30,1,4019.40,1,4019.50,8,4019.60,7,4019.70,5,4019.80,6,4019.90,5,4020.00,8,Buy,2,1,3,1.00,1.00,-1.00,0.60,100.0,4018.10,4018.70,4018.10,4018.70,11,6,17,5.00,6.00,-1.00,0.80,12.5,0,0,0.2000,0.0000,3.00,21.00,4023.94,-0.5585,DOWN,18.85,0.9019,1.2062
20260728 234326 817,4018.40,1,4018.30,4018.70,0.40,4018.30,2,4018.20,3,4017.80,1,4017.60,1,4017.40,2,4017.30,5,4017.20,5,4017.10,5,4017.00,5,4016.90,6,4018.70,4,4018.80,1,4019.40,2,4019.50,8,4019.60,7,4019.70,5,4019.80,6,4019.90,5,4020.00,8,4020.10,6,Sell,2,2,4,0.00,1.00,-1.00,0.60,50.0,4018.10,4018.70,4018.10,4018.40,11,6,17,5.00,6.00,-1.00,0.80,12.5,0,0,0.2000,1.0000,2.00,20.00,4023.91,-0.5680,DOWN,18.85,0.9019,1.2062
20260728 234326 817,4018.40,1,4018.30,4018.70,0.40,4018.30,2,4018.20,3,4017.80,1,4017.60,1,4017.40,2,4017.30,5,4017.20,5,4017.10,5,4017.00,5,4016.90,6,4018.70,4,4018.80,1,4019.40,2,4019.50,8,4019.60,7,4019.70,5,4019.80,6,4019.90,5,4020.00,8,4020.10,6,Sell,2,3,5,-1.00,1.00,-1.00,0.60,50.0,4018.10,4018.70,4018.10,4018.40,11,6,17,5.00,6.00,-1.00,0.80,12.5,0,0,0.2000,0.0000,1.00,19.00,4023.91,-0.5680,DOWN,18.85,0.9019,1.2062
20260728 234401 292,4019.50,1,4019.20,4019.50,0.30,4019.20,2,4019.10,2,4018.10,2,4018.00,1,4017.90,6,4017.80,6,4017.70,5,4017.60,5,4017.50,5,4017.40,5,4019.40,1,4019.50,3,4019.60,3,4019.70,5,4019.90,5,4020.00,8,4020.10,5,4020.20,5,4020.30,5,4020.40,5,Buy,1,0,1,1.00,1.00,1.00,0.00,0.0,4019.50,4019.50,4019.50,4019.50,2,3,5,-1.00,1.00,-1.00,0.60,50.0,0,0,0.0000,0.0000,4.00,4.00,4024.01,-0.5331,DOWN,17.95,0.2786,1.1986
20260728 234402 255,4019.50,2,4019.30,4019.50,0.20,4019.20,2,4019.10,2,4018.10,2,4018.00,1,4017.80,1,4017.40,2,4017.30,5,4016.90,1,4016.70,2,4016.50,1,4019.50,3,4019.60,2,4019.70,5,4019.90,5,4020.00,8,4020.10,5,4020.20,5,4020.30,6,4020.40,5,4020.50,6,Buy,3,0,3,3.00,3.00,1.00,0.00,0.0,4019.50,4019.50,4019.50,4019.50,2,3,5,-1.00,1.00,-1.00,0.60,50.0,0,0,0.0000,0.0000,6.00,6.00,4024.01,-0.5331,DOWN,17.95,0.2786,1.1986
20260728 234402 255,4019.50,1,4019.30,4019.50,0.20,4019.20,2,4019.10,2,4018.10,2,4018.00,1,4017.80,1,4017.40,2,4017.30,5,4016.90,1,4016.70,2,4016.50,1,4019.50,3,4019.60,2,4019.70,5,4019.90,5,4020.00,8,4020.10,5,4020.20,5,4020.30,6,4020.40,5,4020.50,6,Buy,4,0,4,4.00,4.00,1.00,0.00,0.0,4019.50,4019.50,4019.50,4019.50,2,3,5,-1.00,1.00,-1.00,0.60,50.0,0,0,0.0000,0.0000,7.00,7.00,4024.01,-0.5331,DOWN,17.95,0.2786,1.1986
20260728 234414 254,4020.00,1,4019.70,4020.10,0.40,4019.70,3,4019.60,2,4018.90,7,4018.80,5,4018.70,8,4018.60,5,4018.40,5,4018.30,5,4018.20,5,4018.10,5,4020.10,3,4020.20,5,4020.40,1,4020.50,1,4020.70,1,4020.80,2,4020.90,5,4021.00,6,4021.10,5,4021.20,7,Buy,5,0,5,5.00,5.00,1.00,0.50,100.0,4019.50,4020.00,4019.50,4020.00,2,3,5,-1.00,1.00,-1.00,0.60,50.0,0,0,0.0000,0.0000,8.00,8.00,4024.06,-0.5172,DOWN,17.95,0.2786,1.2343
20260728 234414 254,4020.00,1,4019.70,4020.10,0.40,4019.70,3,4019.60,2,4018.90,7,4018.80,5,4018.70,8,4018.60,5,4018.40,5,4018.30,5,4018.20,5,4018.10,5,4020.10,3,4020.20,5,4020.40,1,4020.50,1,4020.70,1,4020.80,2,4020.90,5,4021.00,6,4021.10,5,4021.20,7,Buy,6,0,6,6.00,6.00,1.00,0.50,100.0,4019.50,4020.00,4019.50,4020.00,2,3,5,-1.00,1.00,-1.00,0.60,50.0,0,0,0.0000,0.0000,9.00,9.00,4024.06,-0.5172,DOWN,17.95,0.2786,1.2343
20260728 234414 255,4020.00,1,4019.70,4020.10,0.40,4019.70,3,4019.60,2,4018.90,7,4018.80,5,4018.70,8,4018.60,5,4018.40,5,4018.30,5,4018.20,5,4018.10,5,4020.10,3,4020.20,5,4020.40,1,4020.50,1,4020.70,1,4020.80,2,4020.90,5,4021.00,6,4021.10,5,4021.20,7,Buy,7,0,7,7.00,7.00,1.00,0.50,100.0,4019.50,4020.00,4019.50,4020.00,2,3,5,-1.00,1.00,-1.00,0.60,50.0,0,0,0.0000,0.0000,10.00,10.00,4024.06,-0.5172,DOWN,17.95,0.2786,1.2343
20260728 234418 428,4020.20,1,4019.90,4020.60,0.70,4019.90,3,4019.80,3,4018.90,7,4018.80,5,4018.70,8,4018.60,5,4018.40,5,4018.30,5,4018.20,5,4018.10,5,4020.60,3,4020.70,3,4020.90,5,4021.00,6,4021.10,5,4021.20,7,4021.30,6,4021.40,5,4021.50,10,4021.60,5,Buy,8,0,8,8.00,8.00,1.00,0.70,100.0,4019.50,4020.20,4019.50,4020.20,2,3,5,-1.00,1.00,-1.00,0.60,50.0,0,0,0.0000,0.0000,11.00,11.00,4024.08,-0.5109,DOWN,17.95,0.2786,1.2486
20260728 234418 428,4020.20,1,4019.90,4020.60,0.70,4019.90,3,4019.80,3,4018.90,7,4018.80,5,4018.70,8,4018.60,5,4018.40,5,4018.30,5,4018.20,5,4018.10,5,4020.60,3,4020.70,3,4020.90,5,4021.00,6,4021.10,5,4021.20,7,4021.30,6,4021.40,5,4021.50,10,4021.60,5,Buy,9,0,9,9.00,9.00,1.00,0.70,100.0,4019.50,4020.20,4019.50,4020.20,2,3,5,-1.00,1.00,-1.00,0.60,50.0,0,0,0.0000,0.0000,12.00,12.00,4024.08,-0.5109,DOWN,17.95,0.2786,1.2486
20260728 234418 428,4020.50,1,4019.90,4020.60,0.70,4019.90,3,4019.80,3,4018.90,7,4018.80,5,4018.70,8,4018.60,5,4018.40,5,4018.30,5,4018.20,5,4018.10,5,4020.60,3,4020.70,3,4020.90,5,4021.00,6,4021.10,5,4021.20,7,4021.30,6,4021.40,5,4021.50,10,4021.60,5,Buy,10,0,10,10.00,10.00,1.00,1.00,100.0,4019.50,4020.50,4019.50,4020.50,2,3,5,-1.00,1.00,-1.00,0.60,50.0,0,0,0.0000,0.0000,13.00,13.00,4024.11,-0.5014,DOWN,17.95,0.2786,1.2700
20260728 234418 428,4020.60,1,4019.90,4020.60,0.70,4019.90,3,4019.80,3,4018.90,7,4018.80,5,4018.70,8,4018.60,5,4018.40,5,4018.30,5,4018.20,5,4018.10,5,4020.60,3,4020.70,3,4020.90,5,4021.00,6,4021.10,5,4021.20,7,4021.30,6,4021.40,5,4021.50,10,4021.60,5,Buy,11,0,11,11.00,11.00,1.00,1.10,100.0,4019.50,4020.60,4019.50,4020.60,2,3,5,-1.00,1.00,-1.00,0.60,50.0,0,0,0.0000,0.0000,14.00,14.00,4024.12,-0.4982,DOWN,17.95,0.2786,1.2772
20260728 234419 400,4020.40,1,4020.10,4020.40,0.30,4020.00,3,4019.90,3,4018.90,1,4018.80,5,4018.70,5,4018.60,5,4018.50,5,4018.40,5,4018.30,5,4018.20,5,4020.40,3,4020.50,5,4020.90,1,4021.00,2,4021.10,5,4021.20,7,4021.30,6,4021.40,5,4021.50,10,4021.60,5,Buy,12,0,12,12.00,12.00,1.00,1.10,81.8,4019.50,4020.60,4019.50,4020.40,2,3,5,-1.00,1.00,-1.00,0.60,50.0,0,0,0.0000,0.0000,15.00,15.00,4024.10,-0.5045,DOWN,17.95,0.2786,1.2772
20260728 234419 400,4020.40,1,4020.10,4020.40,0.30,4020.00,3,4019.90,3,4018.90,1,4018.80,5,4018.70,5,4018.60,5,4018.50,5,4018.40,5,4018.30,5,4018.20,5,4020.40,3,4020.50,5,4020.90,1,4021.00,2,4021.10,5,4021.20,7,4021.30,6,4021.40,5,4021.50,10,4021.60,5,Buy,13,0,13,13.00,13.00,1.00,1.10,81.8,4019.50,4020.60,4019.50,4020.40,2,3,5,-1.00,1.00,-1.00,0.60,50.0,0,0,0.0000,0.0000,16.00,16.00,4024.10,-0.5045,DOWN,17.95,0.2786,1.2772
20260728 234419 400,4020.40,1,4020.10,4020.40,0.30,4020.00,3,4019.90,3,4018.90,1,4018.80,5,4018.70,5,4018.60,5,4018.50,5,4018.40,5,4018.30,5,4018.20,5,4020.40,3,4020.50,5,4020.90,1,4021.00,2,4021.10,5,4021.20,7,4021.30,6,4021.40,5,4021.50,10,4021.60,5,Buy,14,0,14,14.00,14.00,1.00,1.10,81.8,4019.50,4020.60,4019.50,4020.40,2,3,5,-1.00,1.00,-1.00,0.60,50.0,0,0,0.0000,0.0000,17.00,17.00,4024.10,-0.5045,DOWN,17.95,0.2786,1.2772
20260728 234419 514,4020.70,1,4020.40,4020.70,0.30,4020.40,1,4020.30,3,4020.00,1,4019.20,1,4019.10,5,4019.00,5,4018.90,7,4018.80,5,4018.70,5,4018.60,5,4020.70,1,4020.80,2,4021.20,1,4021.30,1,4021.40,1,4021.50,5,4021.70,8,4021.80,5,4021.90,5,4022.00,6,Buy,15,0,15,15.00,15.00,1.00,1.20,100.0,4019.50,4020.70,4019.50,4020.70,2,3,5,-1.00,1.00,-1.00,0.60,50.0,0,0,0.0000,0.0000,18.00,18.00,4024.13,-0.4950,DOWN,17.95,0.2786,1.2843
20260728 234419 514,4020.70,1,4020.40,4020.70,0.30,4020.40,1,4020.30,3,4020.00,1,4019.20,1,4019.10,5,4019.00,5,4018.90,7,4018.80,5,4018.70,5,4018.60,5,4020.70,1,4020.80,2,4021.20,1,4021.30,1,4021.40,1,4021.50,5,4021.70,8,4021.80,5,4021.90,5,4022.00,6,Buy,16,0,16,16.00,16.00,1.00,1.20,100.0,4019.50,4020.70,4019.50,4020.70,2,3,5,-1.00,1.00,-1.00,0.60,50.0,0,0,0.0000,0.0000,19.00,19.00,4024.13,-0.4950,DOWN,17.95,0.2786,1.2843
20260728 234419 514,4020.80,1,4020.40,4020.70,0.30,4020.40,1,4020.30,3,4020.00,1,4019.20,1,4019.10,5,4019.00,5,4018.90,7,4018.80,5,4018.70,5,4018.60,5,4020.70,1,4020.80,2,4021.20,1,4021.30,1,4021.40,1,4021.50,5,4021.70,8,4021.80,5,4021.90,5,4022.00,6,Buy,17,0,17,17.00,17.00,1.00,1.30,100.0,4019.50,4020.80,4019.50,4020.80,2,3,5,-1.00,1.00,-1.00,0.60,50.0,0,0,0.0000,0.0000,20.00,20.00,4024.14,-0.4918,DOWN,17.95,0.2786,1.2914
20260728 234419 514,4020.80,2,4020.40,4020.70,0.30,4020.40,1,4020.30,3,4020.00,1,4019.20,1,4019.10,5,4019.00,5,4018.90,7,4018.80,5,4018.70,5,4018.60,5,4020.70,1,4020.80,2,4021.20,1,4021.30,1,4021.40,1,4021.50,5,4021.70,8,4021.80,5,4021.90,5,4022.00,6,Buy,19,0,19,19.00,19.00,1.00,1.30,100.0,4019.50,4020.80,4019.50,4020.80,2,3,5,-1.00,1.00,-1.00,0.60,50.0,0,0,0.0000,0.0000,22.00,22.00,4024.14,-0.4918,DOWN,17.95,0.2786,1.2914
20260728 234419 514,4021.00,1,4020.40,4020.70,0.30,4020.40,1,4020.30,3,4020.00,1,4019.20,1,4019.10,5,4019.00,5,4018.90,7,4018.80,5,4018.70,5,4018.60,5,4020.70,1,4020.80,2,4021.20,1,4021.30,1,4021.40,1,4021.50,5,4021.70,8,4021.80,5,4021.90,5,4022.00,6,Buy,20,0,20,20.00,20.00,1.00,1.50,100.0,4019.50,4021.00,4019.50,4021.00,2,3,5,-1.00,1.00,-1.00,0.60,50.0,0,0,0.0000,0.0000,23.00,23.00,4024.16,-0.4855,DOWN,17.95,0.2786,1.3057
20260728 234419 514,4021.00,1,4020.40,4020.70,0.30,4020.40,1,4020.30,3,4020.00,1,4019.20,1,4019.10,5,4019.00,5,4018.90,7,4018.80,5,4018.70,5,4018.60,5,4020.70,1,4020.80,2,4021.20,1,4021.30,1,4021.40,1,4021.50,5,4021.70,8,4021.80,5,4021.90,5,4022.00,6,Buy,21,0,21,21.00,21.00,1.00,1.50,100.0,4019.50,4021.00,4019.50,4021.00,2,3,5,-1.00,1.00,-1.00,0.60,50.0,0,0,0.0000,0.0000,24.00,24.00,4024.16,-0.4855,DOWN,17.95,0.2786,1.3057
20260728 234419 514,4021.00,2,4020.40,4020.70,0.30,4020.40,1,4020.30,3,4020.00,1,4019.20,1,4019.10,5,4019.00,5,4018.90,7,4018.80,5,4018.70,5,4018.60,5,4020.70,1,4020.80,2,4021.20,1,4021.30,1,4021.40,1,4021.50,5,4021.70,8,4021.80,5,4021.90,5,4022.00,6,Buy,23,0,23,23.00,23.00,1.00,1.50,100.0,4019.50,4021.00,4019.50,4021.00,2,3,5,-1.00,1.00,-1.00,0.60,50.0,0,0,0.0000,0.0000,26.00,26.00,4024.16,-0.4855,DOWN,17.95,0.2786,1.3057
20260728 234419 514,4021.20,1,4020.40,4020.70,0.30,4020.40,1,4020.30,3,4020.00,1,4019.20,1,4019.10,5,4019.00,5,4018.90,7,4018.80,5,4018.70,5,4018.60,5,4020.70,1,4020.80,2,4021.20,1,4021.30,1,4021.40,1,4021.50,5,4021.70,8,4021.80,5,4021.90,5,4022.00,6,Buy,24,0,24,24.00,24.00,1.00,1.70,100.0,4019.50,4021.20,4019.50,4021.20,2,3,5,-1.00,1.00,-1.00,0.60,50.0,0,0,0.0000,0.0000,27.00,27.00,4024.17,-0.4791,DOWN,17.95,0.2786,1.3200
20260728 234419 514,4021.20,1,4020.40,4020.70,0.30,4020.40,1,4020.30,3,4020.00,1,4019.20,1,4019.10,5,4019.00,5,4018.90,7,4018.80,5,4018.70,5,4018.60,5,4020.70,1,4020.80,2,4021.20,1,4021.30,1,4021.40,1,4021.50,5,4021.70,8,4021.80,5,4021.90,5,4022.00,6,Buy,25,0,25,25.00,25.00,1.00,1.70,100.0,4019.50,4021.20,4019.50,4021.20,2,3,5,-1.00,1.00,-1.00,0.60,50.0,0,0,0.0000,0.0000,28.00,28.00,4024.17,-0.4791,DOWN,17.95,0.2786,1.3200
20260728 234419 514,4021.20,1,4020.40,4020.70,0.30,4020.40,1,4020.30,3,4020.00,1,4019.20,1,4019.10,5,4019.00,5,4018.90,7,4018.80,5,4018.70,5,4018.60,5,4020.70,1,4020.80,2,4021.20,1,4021.30,1,4021.40,1,4021.50,5,4021.70,8,4021.80,5,4021.90,5,4022.00,6,Buy,26,0,26,26.00,26.00,1.00,1.70,100.0,4019.50,4021.20,4019.50,4021.20,2,3,5,-1.00,1.00,-1.00,0.60,50.0,0,0,0.0000,0.0000,29.00,29.00,4024.17,-0.4791,DOWN,17.95,0.2786,1.3200
20260728 234419 514,4021.20,1,4020.40,4020.70,0.30,4020.40,1,4020.30,3,4020.00,1,4019.20,1,4019.10,5,4019.00,5,4018.90,7,4018.80,5,4018.70,5,4018.60,5,4020.70,1,4020.80,2,4021.20,1,4021.30,1,4021.40,1,4021.50,5,4021.70,8,4021.80,5,4021.90,5,4022.00,6,Buy,27,0,27,27.00,27.00,1.00,1.70,100.0,4019.50,4021.20,4019.50,4021.20,2,3,5,-1.00,1.00,-1.00,0.60,50.0,0,0,0.0000,0.0000,30.00,30.00,4024.17,-0.4791,DOWN,17.95,0.2786,1.3200
20260728 234421 224,4021.50,5,4021.40,4021.50,0.10,4021.20,2,4021.10,2,4020.40,2,4020.30,5,4020.20,5,4020.00,2,4019.70,8,4019.60,5,4019.50,5,4019.40,5,4021.50,5,4021.60,4,4021.70,5,4021.90,1,4022.00,1,4022.10,1,4022.30,5,4022.40,5,4022.50,5,4022.60,5,Buy,32,0,32,32.00,32.00,1.00,2.00,100.0,4019.50,4021.50,4019.50,4021.50,2,3,5,-1.00,1.00,-1.00,0.60,50.0,0,0,0.0000,0.0000,35.00,35.00,4024.20,-0.4696,DOWN,17.95,0.2786,1.3414
20260728 234421 224,4021.60,1,4021.40,4021.50,0.10,4021.20,2,4021.10,2,4020.40,2,4020.30,5,4020.20,5,4020.00,2,4019.70,8,4019.60,5,4019.50,5,4019.40,5,4021.50,5,4021.60,4,4021.70,5,4021.90,1,4022.00,1,4022.10,1,4022.30,5,4022.40,5,4022.50,5,4022.60,5,Buy,33,0,33,33.00,33.00,1.00,2.10,100.0,4019.50,4021.60,4019.50,4021.60,2,3,5,-1.00,1.00,-1.00,0.60,50.0,0,0,0.0000,0.0000,36.00,36.00,4024.21,-0.4664,DOWN,17.95,0.2786,1.3486
20260728 234421 224,4021.70,1,4021.40,4021.50,0.10,4021.20,2,4021.10,2,4020.40,2,4020.30,5,4020.20,5,4020.00,2,4019.70,8,4019.60,5,4019.50,5,4019.40,5,4021.50,5,4021.60,4,4021.70,5,4021.90,1,4022.00,1,4022.10,1,4022.30,5,4022.40,5,4022.50,5,4022.60,5,Buy,34,0,34,34.00,34.00,1.00,2.20,100.0,4019.50,4021.70,4019.50,4021.70,2,3,5,-1.00,1.00,-1.00,0.60,50.0,0,0,0.0000,0.0000,37.00,37.00,4024.22,-0.4633,DOWN,17.95,0.2786,1.3557
20260728 234421 251,4021.70,1,4021.70,4022.00,0.30,4021.70,1,4021.60,3,4020.80,1,4020.70,6,4020.60,5,4020.50,5,4020.40,5,4020.30,5,4020.20,5,4020.10,5,4022.00,3,4022.10,2,4022.50,1,4022.60,5,4022.70,5,4022.80,7,4022.90,5,4023.00,6,4023.10,5,4023.20,5,Buy,35,0,35,35.00,35.00,1.00,2.20,100.0,4019.50,4021.70,4019.50,4021.70,2,3,5,-1.00,1.00,-1.00,0.60,50.0,0,0,0.0000,0.0000,38.00,38.00,4024.22,-0.4633,DOWN,17.95,0.2786,1.3557
20260728 234421 281,4021.70,1,4021.70,4022.00,0.30,4021.70,1,4021.60,3,4020.80,1,4020.70,6,4020.60,5,4020.50,5,4020.40,5,4020.30,5,4020.20,5,4020.10,5,4022.00,3,4022.10,2,4022.50,1,4022.60,5,4022.70,5,4022.80,7,4022.90,5,4023.00,6,4023.10,5,4023.20,5,Buy,36,0,36,36.00,36.00,1.00,2.20,100.0,4019.50,4021.70,4019.50,4021.70,2,3,5,-1.00,1.00,-1.00,0.60,50.0,0,0,0.0000,0.0000,39.00,39.00,4024.22,-0.4633,DOWN,17.95,0.2786,1.3557
20260728 234421 338,4022.00,1,4021.70,4022.00,0.30,4021.70,1,4021.60,3,4020.80,1,4020.70,6,4020.60,5,4020.50,5,4020.40,5,4020.30,5,4020.20,5,4020.10,5,4022.00,3,4022.10,2,4022.60,5,4022.70,5,4022.80,7,4022.90,5,4023.00,6,4023.10,5,4023.20,5,4023.30,5,Buy,37,0,37,37.00,37.00,1.00,2.50,100.0,4019.50,4022.00,4019.50,4022.00,2,3,5,-1.00,1.00,-1.00,0.60,50.0,0,0,0.0000,0.0000,40.00,40.00,4024.25,-0.4537,DOWN,17.95,0.2786,1.3772
20260728 234421 398,4021.70,1,4021.70,4022.00,0.30,4021.60,2,4021.50,5,4020.70,1,4020.10,1,4020.00,2,4018.50,5,4018.40,5,4018.30,5,4018.20,5,4018.10,5,4022.00,3,4022.10,2,4022.60,5,4022.70,5,4022.80,7,4022.90,5,4023.00,6,4023.10,5,4023.20,5,4023.30,5,Sell,37,1,38,36.00,37.00,1.00,2.50,88.0,4019.50,4022.00,4019.50,4021.70,2,3,5,-1.00,1.00,-1.00,0.60,50.0,0,0,0.0000,0.0278,39.00,39.00,4024.22,-0.4633,DOWN,17.95,0.2786,1.3772
20260728 234421 469,4022.00,1,4021.60,4021.90,0.30,4021.60,2,4021.50,5,4020.70,1,4020.50,2,4020.40,5,4020.10,6,4020.00,2,4019.90,5,4019.40,5,4019.30,5,4021.90,1,4022.00,2,4022.10,1,4022.50,1,4022.60,5,4022.70,5,4022.80,7,4022.90,5,4023.00,6,4023.10,5,Buy,38,1,39,37.00,37.00,1.00,2.50,100.0,4019.50,4022.00,4019.50,4022.00,2,3,5,-1.00,1.00,-1.00,0.60,50.0,0,0,0.0000,0.0000,40.00,40.00,4024.25,-0.4537,DOWN,17.95,0.2786,1.3772
20260728 234421 821,4021.60,1,4021.60,4022.00,0.40,4021.60,2,4021.50,3,4021.00,3,4020.90,1,4020.80,1,4020.70,1,4020.20,5,4020.10,5,4020.00,7,4019.90,5,4021.90,1,4022.00,4,4022.10,1,4022.50,1,4022.60,5,4022.70,5,4022.80,8,4022.90,5,4023.00,6,4023.10,5,Sell,38,2,40,36.00,37.00,1.00,2.50,84.0,4019.50,4022.00,4019.50,4021.60,2,3,5,-1.00,1.00,-1.00,0.60,50.0,0,0,0.0000,0.0278,39.00,39.00,4024.21,-0.4664,DOWN,17.95,0.2786,1.3772
20260728 234421 821,4021.60,1,4021.60,4022.00,0.40,4021.60,2,4021.50,3,4021.00,3,4020.90,1,4020.80,1,4020.70,1,4020.20,5,4020.10,5,4020.00,7,4019.90,5,4021.90,1,4022.00,4,4022.10,1,4022.50,1,4022.60,5,4022.70,5,4022.80,8,4022.90,5,4023.00,6,4023.10,5,Sell,38,3,41,35.00,37.00,1.00,2.50,84.0,4019.50,4022.00,4019.50,4021.60,2,3,5,-1.00,1.00,-1.00,0.60,50.0,0,0,0.0000,0.0571,38.00,38.00,4024.21,-0.4664,DOWN,17.95,0.2786,1.3772
20260728 234423 332,4022.10,1,4021.90,4022.10,0.20,4021.80,1,4021.70,2,4021.10,1,4021.00,2,4020.90,1,4020.80,1,4020.70,6,4020.50,5,4020.20,5,4020.00,2,4022.10,2,4022.20,2,4022.40,2,4022.50,6,4022.60,5,4022.70,5,4022.80,6,4022.90,5,4023.00,6,4023.10,5,Buy,39,3,42,36.00,37.00,1.00,2.60,100.0,4019.50,4022.10,4019.50,4022.10,2,3,5,-1.00,1.00,-1.00,0.60,50.0,0,0,0.0000,0.0278,39.00,39.00,4024.26,-0.4506,DOWN,17.95,0.2786,1.3843
20260728 234423 332,4022.20,1,4021.90,4022.10,0.20,4021.80,1,4021.70,2,4021.10,1,4021.00,2,4020.90,1,4020.80,1,4020.70,6,4020.50,5,4020.20,5,4020.00,2,4022.10,2,4022.20,2,4022.40,2,4022.50,6,4022.60,5,4022.70,5,4022.80,6,4022.90,5,4023.00,6,4023.10,5,Buy,40,3,43,37.00,37.00,1.00,2.70,100.0,4019.50,4022.20,4019.50,4022.20,2,3,5,-1.00,1.00,-1.00,0.60,50.0,0,0,0.0000,0.0000,40.00,40.00,4024.27,-0.4474,DOWN,17.95,0.2786,1.3914
20260728 234423 332,4022.20,1,4021.90,4022.10,0.20,4021.80,1,4021.70,2,4021.10,1,4021.00,2,4020.90,1,4020.80,1,4020.70,6,4020.50,5,4020.20,5,4020.00,2,4022.10,2,4022.20,2,4022.40,2,4022.50,6,4022.60,5,4022.70,5,4022.80,6,4022.90,5,4023.00,6,4023.10,5,Buy,41,3,44,38.00,38.00,1.00,2.70,100.0,4019.50,4022.20,4019.50,4022.20,2,3,5,-1.00,1.00,-1.00,0.60,50.0,0,0,0.0000,0.0000,41.00,41.00,4024.27,-0.4474,DOWN,17.95,0.2786,1.3914
20260728 234423 333,4022.30,1,4021.90,4022.10,0.20,4021.80,1,4021.70,2,4021.10,1,4021.00,2,4020.90,1,4020.80,1,4020.70,6,4020.50,5,4020.20,5,4020.00,2,4022.10,2,4022.20,2,4022.40,2,4022.50,6,4022.60,5,4022.70,5,4022.80,6,4022.90,5,4023.00,6,4023.10,5,Buy,42,3,45,39.00,39.00,1.00,2.80,100.0,4019.50,4022.30,4019.50,4022.30,2,3,5,-1.00,1.00,-1.00,0.60,50.0,0,0,0.0000,0.0000,42.00,42.00,4024.28,-0.4442,DOWN,17.95,0.2786,1.3986
20260728 234423 808,4021.80,1,4021.60,4022.00,0.40,4021.60,3,4021.50,4,4021.00,2,4020.90,1,4020.80,1,4020.70,6,4020.50,5,4020.20,5,4020.00,2,4019.80,5,4022.00,2,4022.10,5,4022.40,1,4022.50,6,4022.60,5,4022.70,5,4022.80,6,4022.90,5,4023.00,6,4023.10,5,Sell,42,4,46,38.00,39.00,1.00,2.80,82.1,4019.50,4022.30,4019.50,4021.80,2,3,5,-1.00,1.00,-1.00,0.60,50.0,0,0,0.0000,0.0263,41.00,41.00,4024.23,-0.4601,DOWN,17.95,0.2786,1.3986
20260728 234427 477,4022.90,1,4022.50,4022.80,0.30,4022.50,1,4022.40,3,4022.00,3,4021.90,1,4021.80,2,4021.70,1,4021.50,5,4021.40,5,4021.30,5,4021.20,5,4022.80,1,4022.90,2,4023.40,5,4023.50,2,4023.60,7,4023.70,5,4023.80,5,4023.90,5,4024.00,10,4024.10,5,Buy,43,4,47,39.00,39.00,1.00,3.40,100.0,4019.50,4022.90,4019.50,4022.90,2,3,5,-1.00,1.00,-1.00,0.60,50.0,0,0,0.0000,0.0000,42.00,42.00,4024.34,-0.4252,DOWN,17.95,0.2786,1.4414
20260728 234427 477,4022.90,1,4022.50,4022.80,0.30,4022.50,1,4022.40,3,4022.00,3,4021.90,1,4021.80,2,4021.70,1,4021.50,5,4021.40,5,4021.30,5,4021.20,5,4022.80,1,4022.90,2,4023.40,5,4023.50,2,4023.60,7,4023.70,5,4023.80,5,4023.90,5,4024.00,10,4024.10,5,Buy,44,4,48,40.00,40.00,1.00,3.40,100.0,4019.50,4022.90,4019.50,4022.90,2,3,5,-1.00,1.00,-1.00,0.60,50.0,0,0,0.0000,0.0000,43.00,43.00,4024.34,-0.4252,DOWN,17.95,0.2786,1.4414
20260728 234427 477,4022.90,1,4022.50,4022.80,0.30,4022.50,1,4022.40,3,4022.00,3,4021.90,1,4021.80,2,4021.70,1,4021.50,5,4021.40,5,4021.30,5,4021.20,5,4022.80,1,4022.90,2,4023.40,5,4023.50,2,4023.60,7,4023.70,5,4023.80,5,4023.90,5,4024.00,10,4024.10,5,Buy,45,4,49,41.00,41.00,1.00,3.40,100.0,4019.50,4022.90,4019.50,4022.90,2,3,5,-1.00,1.00,-1.00,0.60,50.0,0,0,0.0000,0.0000,44.00,44.00,4024.34,-0.4252,DOWN,17.95,0.2786,1.4414
20260728 234427 477,4023.00,1,4022.50,4022.80,0.30,4022.50,1,4022.40,3,4022.00,3,4021.90,1,4021.80,2,4021.70,1,4021.50,5,4021.40,5,4021.30,5,4021.20,5,4022.80,1,4022.90,2,4023.40,5,4023.50,2,4023.60,7,4023.70,5,4023.80,5,4023.90,5,4024.00,10,4024.10,5,Buy,46,4,50,42.00,42.00,1.00,3.50,100.0,4019.50,4023.00,4019.50,4023.00,2,3,5,-1.00,1.00,-1.00,0.60,50.0,0,0,0.0000,0.0000,45.00,45.00,4024.35,-0.4220,DOWN,17.95,0.2786,1.4486
20260728 234427 478,4023.00,1,4022.50,4022.80,0.30,4022.50,1,4022.40,3,4022.00,3,4021.90,1,4021.80,2,4021.70,1,4021.50,5,4021.40,5,4021.30,5,4021.20,5,4022.80,1,4022.90,2,4023.40,5,4023.50,2,4023.60,7,4023.70,5,4023.80,5,4023.90,5,4024.00,10,4024.10,5,Buy,47,4,51,43.00,43.00,1.00,3.50,100.0,4019.50,4023.00,4019.50,4023.00,2,3,5,-1.00,1.00,-1.00,0.60,50.0,0,0,0.0000,0.0000,46.00,46.00,4024.35,-0.4220,DOWN,17.95,0.2786,1.4486
20260728 234427 478,4023.10,1,4022.50,4022.80,0.30,4022.50,1,4022.40,3,4022.00,3,4021.90,1,4021.80,2,4021.70,1,4021.50,5,4021.40,5,4021.30,5,4021.20,5,4022.80,1,4022.90,2,4023.40,5,4023.50,2,4023.60,7,4023.70,5,4023.80,5,4023.90,5,4024.00,10,4024.10,5,Buy,48,4,52,44.00,44.00,1.00,3.60,100.0,4019.50,4023.10,4019.50,4023.10,2,3,5,-1.00,1.00,-1.00,0.60,50.0,0,0,0.0000,0.0000,47.00,47.00,4024.36,-0.4188,DOWN,17.95,0.2786,1.4557
20260728 234427 478,4023.20,1,4022.50,4022.80,0.30,4022.50,1,4022.40,3,4022.00,3,4021.90,1,4021.80,2,4021.70,1,4021.50,5,4021.40,5,4021.30,5,4021.20,5,4022.80,1,4022.90,2,4023.40,5,4023.50,2,4023.60,7,4023.70,5,4023.80,5,4023.90,5,4024.00,10,4024.10,5,Buy,49,4,53,45.00,45.00,1.00,3.70,100.0,4019.50,4023.20,4019.50,4023.20,2,3,5,-1.00,1.00,-1.00,0.60,50.0,0,0,0.0000,0.0000,48.00,48.00,4024.37,-0.4156,DOWN,17.95,0.2786,1.4629
20260728 234427 478,4023.30,5,4022.50,4022.80,0.30,4022.50,1,4022.40,3,4022.00,3,4021.90,1,4021.80,2,4021.70,1,4021.50,5,4021.40,5,4021.30,5,4021.20,5,4022.80,1,4022.90,2,4023.40,5,4023.50,2,4023.60,7,4023.70,5,4023.80,5,4023.90,5,4024.00,10,4024.10,5,Buy,54,4,58,50.00,50.00,1.00,3.80,100.0,4019.50,4023.30,4019.50,4023.30,2,3,5,-1.00,1.00,-1.00,0.60,50.0,0,0,0.0000,0.0000,53.00,53.00,4024.37,-0.4125,DOWN,17.95,0.2786,1.4700
20260728 234427 478,4023.20,1,4022.50,4022.80,0.30,4022.50,1,4022.40,3,4022.00,3,4021.90,1,4021.80,2,4021.70,1,4021.50,5,4021.40,5,4021.30,5,4021.20,5,4022.80,1,4022.90,2,4023.40,5,4023.50,2,4023.60,7,4023.70,5,4023.80,5,4023.90,5,4024.00,10,4024.10,5,Buy,55,4,59,51.00,51.00,1.00,3.80,97.4,4019.50,4023.30,4019.50,4023.20,2,3,5,-1.00,1.00,-1.00,0.60,50.0,0,0,0.0000,0.0000,54.00,54.00,4024.37,-0.4156,DOWN,17.95,0.2786,1.4700
20260728 234427 478,4023.20,1,4022.50,4022.80,0.30,4022.50,1,4022.40,3,4022.00,3,4021.90,1,4021.80,2,4021.70,1,4021.50,5,4021.40,5,4021.30,5,4021.20,5,4022.80,1,4022.90,2,4023.40,5,4023.50,2,4023.60,7,4023.70,5,4023.80,5,4023.90,5,4024.00,10,4024.10,5,Buy,56,4,60,52.00,52.00,1.00,3.80,97.4,4019.50,4023.30,4019.50,4023.20,2,3,5,-1.00,1.00,-1.00,0.60,50.0,0,0,0.0000,0.0000,55.00,55.00,4024.37,-0.4156,DOWN,17.95,0.2786,1.4700
20260728 234427 478,4023.20,1,4022.50,4022.80,0.30,4022.50,1,4022.40,3,4022.00,3,4021.90,1,4021.80,2,4021.70,1,4021.50,5,4021.40,5,4021.30,5,4021.20,5,4022.80,1,4022.90,2,4023.40,5,4023.50,2,4023.60,7,4023.70,5,4023.80,5,4023.90,5,4024.00,10,4024.10,5,Buy,57,4,61,53.00,53.00,1.00,3.80,97.4,4019.50,4023.30,4019.50,4023.20,2,3,5,-1.00,1.00,-1.00,0.60,50.0,0,0,0.0000,0.0000,56.00,56.00,4024.37,-0.4156,DOWN,17.95,0.2786,1.4700
20260728 234427 478,4023.40,1,4022.50,4022.80,0.30,4022.50,1,4022.40,3,4022.00,3,4021.90,1,4021.80,2,4021.70,1,4021.50,5,4021.40,5,4021.30,5,4021.20,5,4022.80,1,4022.90,2,4023.40,5,4023.50,2,4023.60,7,4023.70,5,4023.80,5,4023.90,5,4024.00,10,4024.10,5,Buy,58,4,62,54.00,54.00,1.00,3.90,100.0,4019.50,4023.40,4019.50,4023.40,2,3,5,-1.00,1.00,-1.00,0.60,50.0,0,0,0.0000,0.0000,57.00,57.00,4024.38,-0.4093,DOWN,17.95,0.2786,1.4772
20260728 234427 478,4023.40,2,4022.50,4022.80,0.30,4022.50,1,4022.40,3,4022.00,3,4021.90,1,4021.80,2,4021.70,1,4021.50,5,4021.40,5,4021.30,5,4021.20,5,4022.80,1,4022.90,2,4023.40,5,4023.50,2,4023.60,7,4023.70,5,4023.80,5,4023.90,5,4024.00,10,4024.10,5,Buy,60,4,64,56.00,56.00,1.00,3.90,100.0,4019.50,4023.40,4019.50,4023.40,2,3,5,-1.00,1.00,-1.00,0.60,50.0,0,0,0.0000,0.0000,59.00,59.00,4024.38,-0.4093,DOWN,17.95,0.2786,1.4772
20260728 234427 478,4023.40,1,4022.50,4022.80,0.30,4022.50,1,4022.40,3,4022.00,3,4021.90,1,4021.80,2,4021.70,1,4021.50,5,4021.40,5,4021.30,5,4021.20,5,4022.80,1,4022.90,2,4023.40,5,4023.50,2,4023.60,7,4023.70,5,4023.80,5,4023.90,5,4024.00,10,4024.10,5,Buy,61,4,65,57.00,57.00,1.00,3.90,100.0,4019.50,4023.40,4019.50,4023.40,2,3,5,-1.00,1.00,-1.00,0.60,50.0,0,0,0.0000,0.0000,60.00,60.00,4024.38,-0.4093,DOWN,17.95,0.2786,1.4772
20260728 234427 478,4023.40,1,4022.50,4022.80,0.30,4022.50,1,4022.40,3,4022.00,3,4021.90,1,4021.80,2,4021.70,1,4021.50,5,4021.40,5,4021.30,5,4021.20,5,4022.80,1,4022.90,2,4023.40,5,4023.50,2,4023.60,7,4023.70,5,4023.80,5,4023.90,5,4024.00,10,4024.10,5,Buy,62,4,66,58.00,58.00,1.00,3.90,100.0,4019.50,4023.40,4019.50,4023.40,2,3,5,-1.00,1.00,-1.00,0.60,50.0,0,0,0.0000,0.0000,61.00,61.00,4024.38,-0.4093,DOWN,17.95,0.2786,1.4772
20260728 234427 478,4023.40,3,4022.50,4022.80,0.30,4022.50,1,4022.40,3,4022.00,3,4021.90,1,4021.80,2,4021.70,1,4021.50,5,4021.40,5,4021.30,5,4021.20,5,4022.80,1,4022.90,2,4023.40,5,4023.50,2,4023.60,7,4023.70,5,4023.80,5,4023.90,5,4024.00,10,4024.10,5,Buy,65,4,69,61.00,61.00,1.00,3.90,100.0,4019.50,4023.40,4019.50,4023.40,2,3,5,-1.00,1.00,-1.00,0.60,50.0,0,0,0.0000,0.0000,64.00,64.00,4024.38,-0.4093,DOWN,17.95,0.2786,1.4772
20260728 234427 478,4023.50,4,4022.50,4022.80,0.30,4022.50,1,4022.40,3,4022.00,3,4021.90,1,4021.80,2,4021.70,1,4021.50,5,4021.40,5,4021.30,5,4021.20,5,4022.80,1,4022.90,2,4023.40,5,4023.50,2,4023.60,7,4023.70,5,4023.80,5,4023.90,5,4024.00,10,4024.10,5,Buy,69,4,73,65.00,65.00,1.00,4.00,100.0,4019.50,4023.50,4019.50,4023.50,2,3,5,-1.00,1.00,-1.00,0.60,50.0,0,0,0.0000,0.0000,68.00,68.00,4024.39,-0.4061,DOWN,17.95,0.2786,1.4843
20260728 234427 488,4022.80,1,4022.50,4022.80,0.30,4022.50,1,4022.40,3,4022.00,3,4021.90,1,4021.80,2,4021.70,1,4021.50,5,4021.40,5,4021.30,5,4021.20,5,4022.80,1,4022.90,2,4023.40,5,4023.50,2,4023.60,7,4023.70,5,4023.80,5,4023.90,5,4024.00,10,4024.10,5,Buy,70,4,74,66.00,66.00,1.00,4.00,82.5,4019.50,4023.50,4019.50,4022.80,2,3,5,-1.00,1.00,-1.00,0.60,50.0,0,0,0.0000,0.0000,69.00,69.00,4024.33,-0.4283,DOWN,17.95,0.2786,1.4843
20260728 234427 529,4022.50,1,4022.50,4022.80,0.30,4022.50,1,4022.40,3,4022.00,3,4021.90,1,4021.80,2,4021.70,1,4021.50,5,4021.40,5,4021.30,5,4021.20,5,4022.80,1,4022.90,2,4023.40,5,4023.50,2,4023.60,7,4023.70,5,4023.80,5,4023.90,5,4024.00,10,4024.10,5,Sell,70,5,75,65.00,66.00,1.00,4.00,75.0,4019.50,4023.50,4019.50,4022.50,2,3,5,-1.00,1.00,-1.00,0.60,50.0,0,0,0.0000,0.0154,68.00,68.00,4024.30,-0.4379,DOWN,17.95,0.2786,1.4843
20260728 234428 303,4022.90,1,4022.60,4022.90,0.30,4022.50,1,4022.40,3,4022.00,2,4021.90,1,4021.80,2,4021.70,1,4021.40,5,4021.30,5,4021.20,5,4021.10,5,4022.90,2,4023.00,3,4023.40,5,4023.50,2,4023.60,7,4023.70,5,4023.80,5,4023.90,5,4024.00,10,4024.10,5,Buy,71,5,76,66.00,66.00,1.00,4.00,85.0,4019.50,4023.50,4019.50,4022.90,2,3,5,-1.00,1.00,-1.00,0.60,50.0,0,0,0.0000,0.0000,69.00,69.00,4024.34,-0.4252,DOWN,17.95,0.2786,1.4843
20260728 234430 204,4022.60,1,4022.40,4022.80,0.40,4022.40,3,4022.30,3,4022.10,1,4022.00,2,4021.90,1,4021.80,1,4021.60,5,4021.50,5,4021.40,5,4021.30,5,4022.80,2,4022.90,2,4023.40,5,4023.50,2,4023.60,7,4023.70,5,4023.80,5,4023.90,5,4024.00,10,4024.10,5,Sell,71,6,77,65.00,66.00,1.00,4.00,77.5,4019.50,4023.50,4019.50,4022.60,2,3,5,-1.00,1.00,-1.00,0.60,50.0,0,0,0.0000,0.0154,68.00,68.00,4024.31,-0.4347,DOWN,17.95,0.2786,1.4843
20260728 234431 450,4022.60,1,4022.60,4023.00,0.40,4022.60,2,4022.50,2,4022.40,1,4021.90,2,4021.80,1,4021.60,5,4021.50,5,4021.40,5,4021.30,5,4021.20,5,4023.00,6,4023.10,5,4023.40,5,4023.50,2,4023.60,7,4023.70,5,4023.80,5,4023.90,5,4024.00,10,4024.10,5,Sell,71,7,78,64.00,66.00,1.00,4.00,77.5,4019.50,4023.50,4019.50,4022.60,2,3,5,-1.00,1.00,-1.00,0.60,50.0,0,0,0.0000,0.0313,67.00,67.00,4024.31,-0.4347,DOWN,17.95,0.2786,1.4843
20260728 234432 089,4022.50,1,4021.90,4022.20,0.30,4021.90,2,4021.80,3,4021.30,2,4021.10,3,4021.00,6,4020.90,6,4020.80,6,4020.70,6,4020.60,5,4020.50,6,4022.20,1,4022.30,4,4023.00,4,4023.20,5,4023.30,5,4023.40,5,4023.50,2,4023.60,7,4023.70,5,4023.80,5,Sell,71,8,79,63.00,66.00,1.00,4.00,75.0,4019.50,4023.50,4019.50,4022.50,2,3,5,-1.00,1.00,-1.00,0.60,50.0,0,0,0.0000,0.0476,66.00,66.00,4024.30,-0.4379,DOWN,17.95,0.2786,1.4843
20260728 234432 095,4022.40,1,4021.90,4022.20,0.30,4021.90,2,4021.80,3,4021.30,2,4021.10,3,4021.00,6,4020.90,6,4020.80,6,4020.70,6,4020.60,5,4020.50,6,4022.20,1,4022.30,4,4023.00,4,4023.20,5,4023.30,5,4023.40,5,4023.50,2,4023.60,7,4023.70,5,4023.80,5,Sell,71,9,80,62.00,66.00,1.00,4.00,72.5,4019.50,4023.50,4019.50,4022.40,2,3,5,-1.00,1.00,-1.00,0.60,50.0,0,0,0.0000,0.0645,65.00,65.00,4024.29,-0.4410,DOWN,17.95,0.2786,1.4843
20260728 234432 095,4022.40,1,4021.90,4022.20,0.30,4021.90,2,4021.80,3,4021.30,2,4021.10,3,4021.00,6,4020.90,6,4020.80,6,4020.70,6,4020.60,5,4020.50,6,4022.20,1,4022.30,4,4023.00,4,4023.20,5,4023.30,5,4023.40,5,4023.50,2,4023.60,7,4023.70,5,4023.80,5,Sell,71,10,81,61.00,66.00,1.00,4.00,72.5,4019.50,4023.50,4019.50,4022.40,2,3,5,-1.00,1.00,-1.00,0.60,50.0,0,0,0.0000,0.0820,64.00,64.00,4024.29,-0.4410,DOWN,17.95,0.2786,1.4843
20260728 234432 095,4022.40,1,4021.90,4022.20,0.30,4021.90,2,4021.80,3,4021.30,2,4021.10,3,4021.00,6,4020.90,6,4020.80,6,4020.70,6,4020.60,5,4020.50,6,4022.20,1,4022.30,4,4023.00,4,4023.20,5,4023.30,5,4023.40,5,4023.50,2,4023.60,7,4023.70,5,4023.80,5,Sell,71,11,82,60.00,66.00,1.00,4.00,72.5,4019.50,4023.50,4019.50,4022.40,2,3,5,-1.00,1.00,-1.00,0.60,50.0,0,0,0.0000,0.1000,63.00,63.00,4024.29,-0.4410,DOWN,17.95,0.2786,1.4843
20260728 234432 095,4022.30,1,4021.90,4022.20,0.30,4021.90,2,4021.80,3,4021.30,2,4021.10,3,4021.00,6,4020.90,6,4020.80,6,4020.70,6,4020.60,5,4020.50,6,4022.20,1,4022.30,4,4023.00,4,4023.20,5,4023.30,5,4023.40,5,4023.50,2,4023.60,7,4023.70,5,4023.80,5,Sell,71,12,83,59.00,66.00,1.00,4.00,70.0,4019.50,4023.50,4019.50,4022.30,2,3,5,-1.00,1.00,-1.00,0.60,50.0,0,0,0.0000,0.1186,62.00,62.00,4024.28,-0.4442,DOWN,17.95,0.2786,1.4843
20260728 234432 095,4022.30,1,4021.90,4022.20,0.30,4021.90,2,4021.80,3,4021.30,2,4021.10,3,4021.00,6,4020.90,6,4020.80,6,4020.70,6,4020.60,5,4020.50,6,4022.20,1,4022.30,4,4023.00,4,4023.20,5,4023.30,5,4023.40,5,4023.50,2,4023.60,7,4023.70,5,4023.80,5,Sell,71,13,84,58.00,66.00,1.00,4.00,70.0,4019.50,4023.50,4019.50,4022.30,2,3,5,-1.00,1.00,-1.00,0.60,50.0,0,0,0.0000,0.1379,61.00,61.00,4024.28,-0.4442,DOWN,17.95,0.2786,1.4843
20260728 234438 828,4022.00,1,4022.00,4022.40,0.40,4022.00,1,4021.90,3,4021.50,1,4021.10,2,4021.00,6,4020.90,6,4020.80,6,4020.70,6,4020.60,5,4020.50,5,4022.40,4,4022.50,2,4023.00,9,4023.10,5,4023.20,6,4023.30,5,4023.40,5,4023.50,2,4023.60,7,4023.70,5,Sell,71,14,85,57.00,66.00,1.00,4.00,62.5,4019.50,4023.50,4019.50,4022.00,2,3,5,-1.00,1.00,-1.00,0.60,50.0,0,0,0.0000,0.1579,60.00,60.00,4024.25,-0.4537,DOWN,17.95,0.2786,1.4843
20260728 234438 828,4022.00,1,4022.00,4022.40,0.40,4022.00,1,4021.90,3,4021.50,1,4021.10,2,4021.00,6,4020.90,6,4020.80,6,4020.70,6,4020.60,5,4020.50,5,4022.40,4,4022.50,2,4023.00,9,4023.10,5,4023.20,6,4023.30,5,4023.40,5,4023.50,2,4023.60,7,4023.70,5,Sell,71,15,86,56.00,66.00,1.00,4.00,62.5,4019.50,4023.50,4019.50,4022.00,2,3,5,-1.00,1.00,-1.00,0.60,50.0,0,0,0.0000,0.1786,59.00,59.00,4024.25,-0.4537,DOWN,17.95,0.2786,1.4843
20260728 234444 735,4021.90,1,4021.90,4022.30,0.40,4021.90,1,4021.80,2,4021.50,1,4021.10,2,4021.00,6,4020.90,7,4020.80,6,4020.70,6,4020.60,5,4020.50,5,4022.30,3,4022.40,4,4023.00,4,4023.20,6,4023.30,5,4023.40,5,4023.50,2,4023.60,7,4023.70,5,4023.80,5,Sell,71,16,87,55.00,66.00,1.00,4.00,60.0,4019.50,4023.50,4019.50,4021.90,2,3,5,-1.00,1.00,-1.00,0.60,50.0,0,0,0.0000,0.2000,58.00,58.00,4024.24,-0.4569,DOWN,17.95,0.2786,1.4843
20260728 234444 735,4021.90,1,4021.90,4022.30,0.40,4021.90,1,4021.80,2,4021.50,1,4021.10,2,4021.00,6,4020.90,7,4020.80,6,4020.70,6,4020.60,5,4020.50,5,4022.30,3,4022.40,4,4023.00,4,4023.20,6,4023.30,5,4023.40,5,4023.50,2,4023.60,7,4023.70,5,4023.80,5,Sell,71,17,88,54.00,66.00,1.00,4.00,60.0,4019.50,4023.50,4019.50,4021.90,2,3,5,-1.00,1.00,-1.00,0.60,50.0,0,0,0.0000,0.2222,57.00,57.00,4024.24,-0.4569,DOWN,17.95,0.2786,1.4843
20260728 234444 735,4021.90,1,4021.90,4022.30,0.40,4021.90,1,4021.80,2,4021.50,1,4021.10,2,4021.00,6,4020.90,7,4020.80,6,4020.70,6,4020.60,5,4020.50,5,4022.30,3,4022.40,4,4023.00,4,4023.20,6,4023.30,5,4023.40,5,4023.50,2,4023.60,7,4023.70,5,4023.80,5,Sell,71,18,89,53.00,66.00,1.00,4.00,60.0,4019.50,4023.50,4019.50,4021.90,2,3,5,-1.00,1.00,-1.00,0.60,50.0,0,0,0.0000,0.2453,56.00,56.00,4024.24,-0.4569,DOWN,17.95,0.2786,1.4843
20260728 234448 804,4022.10,1,4022.20,4022.60,0.40,4022.20,2,4022.10,2,4021.70,3,4021.60,1,4021.50,1,4021.30,5,4021.20,5,4021.00,6,4020.90,6,4020.80,6,4022.60,3,4022.80,4,4023.00,4,4023.20,1,4023.30,5,4023.40,5,4023.50,2,4023.60,7,4023.70,5,4023.80,5,Sell,71,19,90,52.00,66.00,1.00,4.00,65.0,4019.50,4023.50,4019.50,4022.10,2,3,5,-1.00,1.00,-1.00,0.60,50.0,0,0,0.0000,0.2692,55.00,55.00,4024.26,-0.4506,DOWN,17.95,0.2786,1.4843
20260728 234448 804,4022.10,1,4022.20,4022.60,0.40,4022.20,2,4022.10,2,4021.70,3,4021.60,1,4021.50,1,4021.30,5,4021.20,5,4021.00,6,4020.90,6,4020.80,6,4022.60,3,4022.80,4,4023.00,4,4023.20,1,4023.30,5,4023.40,5,4023.50,2,4023.60,7,4023.70,5,4023.80,5,Sell,71,20,91,51.00,66.00,1.00,4.00,65.0,4019.50,4023.50,4019.50,4022.10,2,3,5,-1.00,1.00,-1.00,0.60,50.0,0,0,0.0000,0.2941,54.00,54.00,4024.26,-0.4506,DOWN,17.95,0.2786,1.4843
20260728 234450 548,4022.50,1,4022.50,4022.80,0.30,4022.50,1,4022.40,3,4021.80,2,4021.70,2,4021.60,1,4021.40,1,4021.30,5,4021.20,5,4021.00,6,4020.90,6,4022.80,1,4022.90,3,4023.00,4,4023.20,1,4023.40,5,4023.50,2,4023.60,7,4023.70,5,4023.80,5,4023.90,5,Sell,71,21,92,50.00,66.00,1.00,4.00,75.0,4019.50,4023.50,4019.50,4022.50,2,3,5,-1.00,1.00,-1.00,0.60,50.0,0,0,0.0000,0.3200,53.00,53.00,4024.30,-0.4379,DOWN,17.95,0.2786,1.4843
20260728 234450 548,4022.40,1,4022.50,4022.80,0.30,4022.50,1,4022.40,3,4021.80,2,4021.70,2,4021.60,1,4021.40,1,4021.30,5,4021.20,5,4021.00,6,4020.90,6,4022.80,1,4022.90,3,4023.00,4,4023.20,1,4023.40,5,4023.50,2,4023.60,7,4023.70,5,4023.80,5,4023.90,5,Sell,71,22,93,49.00,66.00,1.00,4.00,72.5,4019.50,4023.50,4019.50,4022.40,2,3,5,-1.00,1.00,-1.00,0.60,50.0,0,0,0.0000,0.3469,52.00,52.00,4024.29,-0.4410,DOWN,17.95,0.2786,1.4843
20260728 234452 747,4022.70,1,4022.70,4023.00,0.30,4022.50,2,4022.40,3,4021.80,2,4021.70,2,4021.60,1,4021.40,1,4021.30,5,4021.20,5,4021.00,6,4020.90,6,4023.00,5,4023.10,3,4023.20,1,4023.40,5,4023.50,1,4023.60,7,4023.70,5,4023.80,5,4023.90,5,4024.00,10,Sell,71,23,94,48.00,66.00,1.00,4.00,80.0,4019.50,4023.50,4019.50,4022.70,2,3,5,-1.00,1.00,-1.00,0.60,50.0,0,0,0.0000,0.3750,51.00,51.00,4024.32,-0.4315,DOWN,17.95,0.2786,1.4843
20260728 234452 747,4022.70,1,4022.70,4023.00,0.30,4022.50,2,4022.40,3,4021.80,2,4021.70,2,4021.60,1,4021.40,1,4021.30,5,4021.20,5,4021.00,6,4020.90,6,4023.00,5,4023.10,3,4023.20,1,4023.40,5,4023.50,1,4023.60,7,4023.70,5,4023.80,5,4023.90,5,4024.00,10,Sell,71,24,95,47.00,66.00,1.00,4.00,80.0,4019.50,4023.50,4019.50,4022.70,2,3,5,-1.00,1.00,-1.00,0.60,50.0,0,0,0.0000,0.4043,50.00,50.00,4024.32,-0.4315,DOWN,17.95,0.2786,1.4843
20260728 234453 041,4022.50,1,4022.40,4022.70,0.30,4022.40,1,4022.30,3,4021.70,3,4021.60,1,4021.40,5,4021.30,5,4021.20,5,4021.10,5,4021.00,6,4020.90,6,4022.70,1,4022.80,3,4023.00,4,4023.10,1,4023.20,1,4023.40,5,4023.50,1,4023.60,7,4023.70,5,4023.80,5,Sell,71,25,96,46.00,66.00,1.00,4.00,75.0,4019.50,4023.50,4019.50,4022.50,2,3,5,-1.00,1.00,-1.00,0.60,50.0,0,0,0.0000,0.4348,49.00,49.00,4024.30,-0.4379,DOWN,17.95,0.2786,1.4843
20260728 234453 041,4022.50,1,4022.40,4022.70,0.30,4022.40,1,4022.30,3,4021.70,3,4021.60,1,4021.40,5,4021.30,5,4021.20,5,4021.10,5,4021.00,6,4020.90,6,4022.70,1,4022.80,3,4023.00,4,4023.10,1,4023.20,1,4023.40,5,4023.50,1,4023.60,7,4023.70,5,4023.80,5,Sell,71,26,97,45.00,66.00,1.00,4.00,75.0,4019.50,4023.50,4019.50,4022.50,2,3,5,-1.00,1.00,-1.00,0.60,50.0,0,0,0.0000,0.4667,48.00,48.00,4024.30,-0.4379,DOWN,17.95,0.2786,1.4843
20260728 234453 172,4022.50,1,4022.40,4022.80,0.40,4022.40,1,4022.30,2,4021.70,2,4021.60,1,4021.50,1,4021.40,5,4021.30,5,4021.20,5,4021.10,6,4021.00,6,4022.80,3,4022.90,1,4023.00,4,4023.10,1,4023.20,1,4023.40,5,4023.50,1,4023.60,7,4023.70,5,4023.80,5,Sell,71,27,98,44.00,66.00,1.00,4.00,75.0,4019.50,4023.50,4019.50,4022.50,2,3,5,-1.00,1.00,-1.00,0.60,50.0,0,0,0.0000,0.5000,47.00,47.00,4024.30,-0.4379,DOWN,17.95,0.2786,1.4843
20260728 234453 814,4022.00,1,4022.00,4022.30,0.30,4022.00,1,4021.90,2,4021.40,2,4021.30,5,4021.20,5,4021.10,5,4021.00,6,4020.90,6,4020.80,6,4020.70,6,4022.30,1,4022.40,3,4023.00,4,4023.10,1,4023.20,1,4023.30,5,4023.40,5,4023.50,1,4023.60,7,4023.70,5,Sell,71,28,99,43.00,66.00,1.00,4.00,62.5,4019.50,4023.50,4019.50,4022.00,2,3,5,-1.00,1.00,-1.00,0.60,50.0,0,0,0.0000,0.5349,46.00,46.00,4024.25,-0.4537,DOWN,17.95,0.2786,1.4843
20260728 234454 655,4023.00,1,4022.40,4022.80,0.40,4022.40,3,4022.30,1,4021.40,1,4021.30,5,4021.20,5,4021.10,5,4021.00,6,4020.90,6,4020.80,6,4020.70,6,4022.80,2,4022.90,3,4023.00,3,4023.10,1,4023.20,1,4023.30,5,4023.40,5,4023.50,1,4023.60,7,4023.70,5,Buy,72,28,100,44.00,66.00,1.00,4.00,87.5,4019.50,4023.50,4019.50,4023.00,2,3,5,-1.00,1.00,-1.00,0.60,50.0,0,0,0.0000,0.5000,47.00,47.00,4024.35,-0.4220,DOWN,17.95,0.2786,1.4843
20260728 234458 714,4022.50,1,4022.50,4022.70,0.20,4022.20,2,4022.10,2,4021.40,2,4021.30,5,4021.20,5,4021.10,5,4021.00,6,4020.90,6,4020.80,6,4020.70,6,4022.60,5,4022.70,2,4023.00,3,4023.10,1,4023.20,1,4023.30,5,4023.40,5,4023.50,1,4023.60,7,4023.70,5,Sell,72,29,101,43.00,66.00,1.00,4.00,75.0,4019.50,4023.50,4019.50,4022.50,2,3,5,-1.00,1.00,-1.00,0.60,50.0,0,0,0.0000,0.5349,46.00,46.00,4024.30,-0.4379,DOWN,17.95,0.2786,1.4843
20260728 234500 040,4022.40,1,4022.20,4022.40,0.20,4022.20,1,4022.10,1,4021.50,2,4021.40,2,4021.30,5,4021.20,5,4021.10,5,4021.00,6,4020.90,6,4020.80,6,4022.40,2,4022.50,2,4022.60,2,4023.00,3,4023.10,1,4023.20,1,4023.30,5,4023.40,5,4023.50,1,4023.60,7,Buy,1,0,1,1.00,1.00,1.00,0.00,0.0,4022.40,4022.40,4022.40,4022.40,72,29,101,43.00,66.00,1.00,4.00,75.0,-69,75,0.5349,0.0000,43.00,31.00,4024.12,-0.3581,DOWN,22.25,4.5393,1.3854
20260728 234500 040,4022.40,1,4022.20,4022.40,0.20,4022.20,1,4022.10,1,4021.50,2,4021.40,2,4021.30,5,4021.20,5,4021.10,5,4021.00,6,4020.90,6,4020.80,6,4022.40,2,4022.50,2,4022.60,2,4023.00,3,4023.10,1,4023.20,1,4023.30,5,4023.40,5,4023.50,1,4023.60,7,Buy,2,0,2,2.00,2.00,1.00,0.00,0.0,4022.40,4022.40,4022.40,4022.40,72,29,101,43.00,66.00,1.00,4.00,75.0,-69,75,0.5349,0.0000,44.00,32.00,4024.12,-0.3581,DOWN,22.25,4.5393,1.3854
20260728 234500 044,4022.40,1,4022.50,4022.90,0.40,4022.50,2,4022.40,3,4021.70,2,4021.60,3,4021.50,1,4021.40,7,4021.30,5,4021.20,5,4021.10,5,4021.00,6,4022.90,2,4023.00,6,4023.10,1,4023.20,1,4023.30,5,4023.40,5,4023.50,1,4023.60,7,4023.70,5,4023.80,5,Sell,2,1,3,1.00,2.00,1.00,0.00,0.0,4022.40,4022.40,4022.40,4022.40,72,29,101,43.00,66.00,1.00,4.00,75.0,-69,75,0.5349,1.0000,43.00,31.00,4024.12,-0.3581,DOWN,22.25,4.5393,1.3854
20260728 234500 164,4022.50,1,4022.40,4022.80,0.40,4022.40,2,4022.30,4,4021.80,1,4021.70,1,4021.60,3,4021.50,1,4021.40,7,4021.30,5,4021.20,5,4021.10,5,4022.80,2,4022.90,2,4023.00,3,4023.10,1,4023.20,1,4023.30,5,4023.40,5,4023.50,1,4023.60,7,4023.70,5,Sell,2,2,4,0.00,2.00,0.00,0.10,100.0,4022.40,4022.50,4022.40,4022.50,72,29,101,43.00,66.00,1.00,4.00,75.0,-69,75,0.5349,2.0000,42.00,30.00,4024.13,-0.3549,DOWN,22.25,4.5393,1.3854
20260728 234501 290,4021.00,1,4021.00,4021.20,0.20,4020.90,1,4020.80,3,4020.70,4,4020.40,2,4020.30,2,4020.20,6,4020.10,6,4020.00,6,4019.90,6,4019.80,5,4021.20,2,4021.30,3,4022.30,5,4022.50,5,4022.60,6,4022.70,5,4022.80,5,4022.90,5,4023.00,8,4023.10,6,Sell,2,3,5,-1.00,2.00,-1.00,1.50,93.3,4022.40,4022.50,4021.00,4021.00,72,29,101,43.00,66.00,1.00,4.00,75.0,-69,75,0.5349,0.0000,41.00,29.00,4023.98,-0.4025,DOWN,22.25,4.5393,1.4854
20260728 234501 290,4020.90,1,4021.00,4021.20,0.20,4020.90,1,4020.80,3,4020.70,4,4020.40,2,4020.30,2,4020.20,6,4020.10,6,4020.00,6,4019.90,6,4019.80,5,4021.20,2,4021.30,3,4022.30,5,4022.50,5,4022.60,6,4022.70,5,4022.80,5,4022.90,5,4023.00,8,4023.10,6,Sell,2,4,6,-2.00,2.00,-2.00,1.60,93.8,4022.40,4022.50,4020.90,4020.90,72,29,101,43.00,66.00,1.00,4.00,75.0,-69,75,0.5349,0.0000,40.00,28.00,4023.98,-0.4057,DOWN,22.25,4.5393,1.4926
20260728 234503 973,4020.40,1,4020.40,4020.50,0.10,4020.10,1,4020.00,4,4019.60,1,4018.40,1,4017.60,1,4017.50,1,4017.10,5,4017.00,6,4016.90,6,4016.80,5,4020.40,1,4020.50,2,4022.50,5,4022.60,6,4022.70,5,4022.80,6,4022.90,5,4023.00,8,4023.10,6,4023.20,5,Sell,2,5,7,-3.00,2.00,-3.00,2.10,95.2,4022.40,4022.50,4020.40,4020.40,72,29,101,43.00,66.00,1.00,4.00,75.0,-69,75,0.5349,0.0000,39.00,27.00,4023.93,-0.4216,DOWN,22.25,4.5393,1.5283
20260728 234510 506,4020.30,1,4020.20,4020.40,0.20,4020.20,1,4020.00,3,4019.30,1,4019.20,1,4018.90,3,4018.80,5,4018.70,5,4018.60,5,4018.50,5,4018.40,6,4020.40,2,4020.50,4,4020.80,1,4021.60,5,4021.80,5,4021.90,5,4022.00,5,4022.10,5,4022.20,5,4022.30,5,Sell,2,6,8,-4.00,2.00,-4.00,2.20,95.5,4022.40,4022.50,4020.30,4020.30,72,29,101,43.00,66.00,1.00,4.00,75.0,-69,75,0.5349,0.0000,38.00,26.00,4023.92,-0.4247,DOWN,22.25,4.5393,1.5354
20260728 234510 643,4020.20,1,4019.70,4020.00,0.30,4019.70,2,4019.60,4,4018.70,7,4018.60,5,4018.50,5,4018.40,6,4018.30,5,4018.10,5,4018.00,5,4017.90,5,4020.00,1,4020.10,1,4020.80,2,4021.50,5,4021.60,5,4021.70,5,4021.80,5,4021.90,5,4022.00,5,4022.10,5,Sell,2,7,9,-5.00,2.00,-5.00,2.30,95.7,4022.40,4022.50,4020.20,4020.20,72,29,101,43.00,66.00,1.00,4.00,75.0,-69,75,0.5349,0.0000,37.00,25.00,4023.91,-0.4279,DOWN,22.25,4.5393,1.5426
20260728 234514 431,4020.20,1,4020.20,4020.30,0.10,4019.90,3,4019.80,6,4019.40,1,4019.30,1,4019.20,5,4019.10,7,4019.00,5,4018.90,5,4018.80,6,4018.70,5,4020.30,2,4020.40,3,4020.80,1,4021.30,5,4021.40,5,4021.50,5,4021.60,5,4021.70,5,4021.80,5,4021.90,5,Sell,2,8,10,-6.00,2.00,-6.00,2.30,95.7,4022.40,4022.50,4020.20,4020.20,72,29,101,43.00,66.00,1.00,4.00,75.0,-69,75,0.5349,0.0000,36.00,24.00,4023.91,-0.4279,DOWN,22.25,4.5393,1.5426
20260728 234516 808,4020.80,1,4020.20,4020.60,0.40,4020.20,2,4020.10,2,4019.70,2,4019.60,1,4019.40,3,4019.30,7,4019.20,5,4019.10,5,4019.00,5,4018.90,5,4020.60,2,4020.70,2,4021.50,5,4021.60,5,4021.70,5,4021.80,5,4021.90,5,4022.00,5,4022.10,5,4022.20,5,Buy,3,8,11,-5.00,2.00,-6.00,2.30,69.6,4022.40,4022.50,4020.20,4020.80,72,29,101,43.00,66.00,1.00,4.00,75.0,-69,75,0.5349,0.2000,37.00,25.00,4023.97,-0.4089,DOWN,22.25,4.5393,1.5426
20260728 234519 036,4020.30,1,4020.10,4020.50,0.40,4020.10,2,4020.00,3,4019.70,2,4019.40,2,4019.30,6,4019.20,5,4019.10,5,4019.00,5,4018.90,5,4018.80,6,4020.50,2,4020.70,2,4021.40,5,4021.50,5,4021.60,5,4021.70,5,4021.80,5,4021.90,5,4022.00,5,4022.10,5,Buy,4,8,12,-4.00,2.00,-6.00,2.30,91.3,4022.40,4022.50,4020.20,4020.30,72,29,101,43.00,66.00,1.00,4.00,75.0,-69,75,0.5349,0.5000,38.00,26.00,4023.92,-0.4247,DOWN,22.25,4.5393,1.5426
20260728 234519 036,4020.40,1,4020.10,4020.50,0.40,4020.10,2,4020.00,3,4019.70,2,4019.40,2,4019.30,6,4019.20,5,4019.10,5,4019.00,5,4018.90,5,4018.80,6,4020.50,2,4020.70,2,4021.40,5,4021.50,5,4021.60,5,4021.70,5,4021.80,5,4021.90,5,4022.00,5,4022.10,5,Buy,5,8,13,-3.00,2.00,-6.00,2.30,87.0,4022.40,4022.50,4020.20,4020.40,72,29,101,43.00,66.00,1.00,4.00,75.0,-69,75,0.5349,1.0000,39.00,27.00,4023.93,-0.4216,DOWN,22.25,4.5393,1.5426
20260728 234519 248,4020.10,1,4020.00,4020.40,0.40,4020.00,2,4019.90,3,4019.70,2,4019.40,2,4019.30,6,4019.20,5,4019.10,5,4019.00,5,4018.90,5,4018.80,6,4020.40,2,4020.50,2,4021.40,5,4021.50,5,4021.60,5,4021.70,5,4021.80,5,4021.90,5,4022.00,5,4022.10,5,Sell,5,9,14,-4.00,2.00,-6.00,2.40,95.8,4022.40,4022.50,4020.10,4020.10,72,29,101,43.00,66.00,1.00,4.00,75.0,-69,75,0.5349,0.5000,38.00,26.00,4023.90,-0.4311,DOWN,22.25,4.5393,1.5497
20260728 234519 504,4020.40,1,4020.00,4020.30,0.30,4020.00,1,4019.90,3,4019.70,2,4019.40,2,4019.30,6,4019.20,6,4019.10,5,4019.00,5,4018.90,5,4018.80,6,4020.30,1,4020.40,2,4021.40,5,4021.50,5,4021.60,5,4021.70,5,4021.80,5,4021.90,5,4022.00,5,4022.10,5,Buy,6,9,15,-3.00,2.00,-6.00,2.40,83.3,4022.40,4022.50,4020.10,4020.40,72,29,101,43.00,66.00,1.00,4.00,75.0,-69,75,0.5349,1.0000,39.00,27.00,4023.93,-0.4216,DOWN,22.25,4.5393,1.5497
20260728 234521 760,4020.20,1,4019.90,4020.20,0.30,4019.80,1,4019.70,3,4019.20,2,4019.10,5,4019.00,5,4018.90,5,4018.80,6,4018.70,5,4018.60,5,4018.50,5,4020.20,2,4020.30,1,4021.60,5,4021.70,5,4021.80,5,4021.90,5,4022.00,5,4022.10,5,4022.20,5,4022.30,5,Buy,7,9,16,-2.00,2.00,-6.00,2.40,91.7,4022.40,4022.50,4020.10,4020.20,72,29,101,43.00,66.00,1.00,4.00,75.0,-69,75,0.5349,2.0000,40.00,28.00,4023.91,-0.4279,DOWN,22.25,4.5393,1.5497
20260728 234533 334,4019.80,1,4019.50,4019.80,0.30,4019.50,2,4019.40,3,4019.20,1,4019.10,5,4019.00,5,4018.90,5,4018.80,6,4018.70,5,4018.60,5,4018.50,5,4019.80,1,4019.90,3,4021.00,5,4021.20,5,4021.30,5,4021.40,5,4021.50,5,4021.60,5,4021.70,5,4021.80,5,Buy,8,9,17,-1.00,2.00,-6.00,2.70,96.3,4022.40,4022.50,4019.80,4019.80,72,29,101,43.00,66.00,1.00,4.00,75.0,-69,75,0.5349,5.0000,41.00,29.00,4023.87,-0.4406,DOWN,22.25,4.5393,1.5711
20260728 234533 334,4019.80,1,4019.50,4019.80,0.30,4019.50,2,4019.40,3,4019.20,1,4019.10,5,4019.00,5,4018.90,5,4018.80,6,4018.70,5,4018.60,5,4018.50,5,4019.80,1,4019.90,3,4021.00,5,4021.20,5,4021.30,5,4021.40,5,4021.50,5,4021.60,5,4021.70,5,4021.80,5,Buy,9,9,18,0.00,2.00,-6.00,2.70,96.3,4022.40,4022.50,4019.80,4019.80,72,29,101,43.00,66.00,1.00,4.00,75.0,-69,75,0.5349,2.0000,42.00,30.00,4023.87,-0.4406,DOWN,22.25,4.5393,1.5711
20260728 234537 188,4019.60,1,4019.30,4019.70,0.40,4019.30,1,4019.20,2,4018.50,2,4018.40,6,4018.30,8,4018.20,5,4018.10,5,4018.00,5,4017.90,5,4017.80,5,4019.70,2,4019.80,4,4020.60,5,4020.70,5,4020.80,5,4020.90,5,4021.00,5,4021.10,5,4021.20,5,4021.30,5,Buy,10,9,19,1.00,2.00,-6.00,2.90,96.6,4022.40,4022.50,4019.60,4019.60,72,29,101,43.00,66.00,1.00,4.00,75.0,-69,75,0.5349,1.0000,43.00,31.00,4023.85,-0.4470,DOWN,22.25,4.5393,1.5854
20260728 234537 188,4019.70,1,4019.30,4019.70,0.40,4019.30,1,4019.20,2,4018.50,2,4018.40,6,4018.30,8,4018.20,5,4018.10,5,4018.00,5,4017.90,5,4017.80,5,4019.70,2,4019.80,4,4020.60,5,4020.70,5,4020.80,5,4020.90,5,4021.00,5,4021.10,5,4021.20,5,4021.30,5,Buy,11,9,20,2.00,2.00,-6.00,2.90,93.1,4022.40,4022.50,4019.60,4019.70,72,29,101,43.00,66.00,1.00,4.00,75.0,-69,75,0.5349,0.0000,44.00,32.00,4023.86,-0.4438,DOWN,22.25,4.5393,1.5854
20260728 234537 188,4019.70,1,4019.30,4019.70,0.40,4019.30,1,4019.20,2,4018.50,2,4018.40,6,4018.30,8,4018.20,5,4018.10,5,4018.00,5,4017.90,5,4017.80,5,4019.70,2,4019.80,4,4020.60,5,4020.70,5,4020.80,5,4020.90,5,4021.00,5,4021.10,5,4021.20,5,4021.30,5,Buy,12,9,21,3.00,3.00,-6.00,2.90,93.1,4022.40,4022.50,4019.60,4019.70,72,29,101,43.00,66.00,1.00,4.00,75.0,-69,75,0.5349,0.0000,45.00,33.00,4023.86,-0.4438,DOWN,22.25,4.5393,1.5854
20260728 234544 367,4019.80,1,4019.50,4019.90,0.40,4019.50,2,4019.40,3,4018.70,2,4018.50,6,4018.40,6,4018.30,5,4018.20,5,4018.10,5,4018.00,5,4017.90,5,4019.90,2,4020.00,2,4020.70,5,4020.80,5,4020.90,5,4021.00,5,4021.10,5,4021.20,5,4021.30,5,4021.40,5,Buy,13,9,22,4.00,4.00,-6.00,2.90,89.7,4022.40,4022.50,4019.60,4019.80,72,29,101,43.00,66.00,1.00,4.00,75.0,-69,75,0.5349,0.0000,46.00,34.00,4023.87,-0.4406,DOWN,22.25,4.5393,1.5854
20260728 234544 367,4019.90,1,4019.50,4019.90,0.40,4019.50,2,4019.40,3,4018.70,2,4018.50,6,4018.40,6,4018.30,5,4018.20,5,4018.10,5,4018.00,5,4017.90,5,4019.90,2,4020.00,2,4020.70,5,4020.80,5,4020.90,5,4021.00,5,4021.10,5,4021.20,5,4021.30,5,4021.40,5,Buy,14,9,23,5.00,5.00,-6.00,2.90,86.2,4022.40,4022.50,4019.60,4019.90,72,29,101,43.00,66.00,1.00,4.00,75.0,-69,75,0.5349,0.0000,47.00,35.00,4023.88,-0.4374,DOWN,22.25,4.5393,1.5854
20260728 234548 577,4019.60,1,4019.50,4019.90,0.40,4019.50,2,4019.40,3,4018.50,2,4018.40,1,4018.30,1,4018.20,5,4018.10,5,4018.00,5,4017.90,5,4017.80,5,4019.90,1,4020.00,3,4021.20,5,4021.30,5,4021.40,5,4021.50,7,4021.60,5,4021.70,5,4021.80,5,4021.90,5,Sell,14,10,24,4.00,5.00,-6.00,2.90,96.6,4022.40,4022.50,4019.60,4019.60,72,29,101,43.00,66.00,1.00,4.00,75.0,-69,75,0.5349,0.2500,46.00,34.00,4023.85,-0.4470,DOWN,22.25,4.5393,1.5854
20260728 234558 586,4020.90,1,4020.90,4021.00,0.10,4020.90,8,4020.70,1,4020.50,1,4019.80,1,4019.70,5,4019.60,9,4019.50,5,4019.40,5,4019.30,5,4019.20,5,4021.10,3,4021.20,1,4021.50,2,4021.70,5,4021.80,5,4021.90,5,4022.00,6,4022.10,5,4022.20,5,4022.30,5,Sell,14,11,25,3.00,5.00,-6.00,2.90,51.7,4022.40,4022.50,4019.60,4020.90,72,29,101,43.00,66.00,1.00,4.00,75.0,-69,75,0.5349,0.6667,45.00,33.00,4023.98,-0.4057,DOWN,22.25,4.5393,1.5854
20260728 234558 586,4021.00,1,4020.90,4021.00,0.10,4020.90,8,4020.70,1,4020.50,1,4019.80,1,4019.70,5,4019.60,9,4019.50,5,4019.40,5,4019.30,5,4019.20,5,4021.10,3,4021.20,1,4021.50,2,4021.70,5,4021.80,5,4021.90,5,4022.00,6,4022.10,5,4022.20,5,4022.30,5,Buy,15,11,26,4.00,5.00,-6.00,2.90,48.3,4022.40,4022.50,4019.60,4021.00,72,29,101,43.00,66.00,1.00,4.00,75.0,-69,75,0.5349,0.2500,46.00,34.00,4023.98,-0.4025,DOWN,22.25,4.5393,1.5854
20260728 234558 586,4020.90,12,4020.90,4021.00,0.10,4020.90,8,4020.70,1,4020.50,1,4019.80,1,4019.70,5,4019.60,9,4019.50,5,4019.40,5,4019.30,5,4019.20,5,4021.10,3,4021.20,1,4021.50,2,4021.70,5,4021.80,5,4021.90,5,4022.00,6,4022.10,5,4022.20,5,4022.30,5,Sell,15,23,38,-8.00,5.00,-8.00,2.90,51.7,4022.40,4022.50,4019.60,4020.90,72,29,101,43.00,66.00,1.00,4.00,75.0,-69,75,0.5349,0.0000,34.00,22.00,4023.98,-0.4057,DOWN,22.25,4.5393,1.5854
20260728 234558 587,4020.90,9,4020.90,4021.00,0.10,4020.90,8,4020.70,1,4020.50,1,4019.80,1,4019.70,5,4019.60,9,4019.50,5,4019.40,5,4019.30,5,4019.20,5,4021.10,3,4021.20,1,4021.50,2,4021.70,5,4021.80,5,4021.90,5,4022.00,6,4022.10,5,4022.20,5,4022.30,5,Sell,15,32,47,-17.00,5.00,-17.00,2.90,51.7,4022.40,4022.50,4019.60,4020.90,72,29,101,43.00,66.00,1.00,4.00,75.0,-69,75,0.5349,0.0000,25.00,13.00,4023.98,-0.4057,DOWN,22.25,4.5393,1.5854
20260728 234558 588,4020.90,1,4020.90,4021.00,0.10,4020.90,8,4020.70,1,4020.50,1,4019.80,1,4019.70,5,4019.60,9,4019.50,5,4019.40,5,4019.30,5,4019.20,5,4021.10,3,4021.20,1,4021.50,2,4021.70,5,4021.80,5,4021.90,5,4022.00,6,4022.10,5,4022.20,5,4022.30,5,Sell,15,33,48,-18.00,5.00,-18.00,2.90,51.7,4022.40,4022.50,4019.60,4020.90,72,29,101,43.00,66.00,1.00,4.00,75.0,-69,75,0.5349,0.0000,24.00,12.00,4023.98,-0.4057,DOWN,22.25,4.5393,1.5854
20260728 234558 590,4020.90,7,4020.90,4021.00,0.10,4020.90,8,4020.70,1,4020.50,1,4019.80,1,4019.70,5,4019.60,9,4019.50,5,4019.40,5,4019.30,5,4019.20,5,4021.10,3,4021.20,1,4021.50,2,4021.70,5,4021.80,5,4021.90,5,4022.00,6,4022.10,5,4022.20,5,4022.30,5,Sell,15,40,55,-25.00,5.00,-25.00,2.90,51.7,4022.40,4022.50,4019.60,4020.90,72,29,101,43.00,66.00,1.00,4.00,75.0,-69,75,0.5349,0.0000,17.00,5.00,4023.98,-0.4057,DOWN,22.25,4.5393,1.5854
20260728 234558 590,4020.70,1,4020.90,4021.00,0.10,4020.90,8,4020.70,1,4020.50,1,4019.80,1,4019.70,5,4019.60,9,4019.50,5,4019.40,5,4019.30,5,4019.20,5,4021.10,3,4021.20,1,4021.50,2,4021.70,5,4021.80,5,4021.90,5,4022.00,6,4022.10,5,4022.20,5,4022.30,5,Sell,15,41,56,-26.00,5.00,-26.00,2.90,58.6,4022.40,4022.50,4019.60,4020.70,72,29,101,43.00,66.00,1.00,4.00,75.0,-69,75,0.5349,0.0000,16.00,4.00,4023.96,-0.4120,DOWN,22.25,4.5393,1.5854
20260728 234559 908,4020.90,1,4020.60,4020.90,0.30,4020.60,1,4020.50,2,4019.90,2,4019.80,1,4019.70,1,4019.60,4,4019.50,5,4019.40,5,4019.30,5,4019.20,5,4020.90,1,4021.00,4,4021.50,1,4021.70,5,4021.80,5,4021.90,5,4022.00,6,4022.10,5,4022.20,5,4022.30,5,Buy,16,41,57,-25.00,5.00,-26.00,2.90,51.7,4022.40,4022.50,4019.60,4020.90,72,29,101,43.00,66.00,1.00,4.00,75.0,-69,75,0.5349,0.0400,17.00,5.00,4023.98,-0.4057,DOWN,22.25,4.5393,1.5854
20260728 234559 908,4020.90,1,4020.60,4020.90,0.30,4020.60,1,4020.50,2,4019.90,2,4019.80,1,4019.70,1,4019.60,4,4019.50,5,4019.40,5,4019.30,5,4019.20,5,4020.90,1,4021.00,4,4021.50,1,4021.70,5,4021.80,5,4021.90,5,4022.00,6,4022.10,5,4022.20,5,4022.30,5,Buy,17,41,58,-24.00,5.00,-26.00,2.90,51.7,4022.40,4022.50,4019.60,4020.90,72,29,101,43.00,66.00,1.00,4.00,75.0,-69,75,0.5349,0.0833,18.00,6.00,4023.98,-0.4057,DOWN,22.25,4.5393,1.5854
20260728 234559 908,4021.00,1,4020.60,4020.90,0.30,4020.60,1,4020.50,2,4019.90,2,4019.80,1,4019.70,1,4019.60,4,4019.50,5,4019.40,5,4019.30,5,4019.20,5,4020.90,1,4021.00,4,4021.50,1,4021.70,5,4021.80,5,4021.90,5,4022.00,6,4022.10,5,4022.20,5,4022.30,5,Buy,18,41,59,-23.00,5.00,-26.00,2.90,48.3,4022.40,4022.50,4019.60,4021.00,72,29,101,43.00,66.00,1.00,4.00,75.0,-69,75,0.5349,0.1304,19.00,7.00,4023.98,-0.4025,DOWN,22.25,4.5393,1.5854
20260728 234600 250,4020.90,1,4020.60,4021.00,0.40,4020.60,1,4020.30,1,4019.90,2,4019.80,1,4019.70,1,4019.60,4,4019.50,5,4019.40,5,4019.30,5,4019.20,5,4021.00,6,4021.10,1,4021.50,2,4021.70,5,4021.80,5,4021.90,5,4022.00,6,4022.10,5,4022.20,5,4022.30,5,Buy,1,0,1,1.00,1.00,1.00,0.00,0.0,4020.90,4020.90,4020.90,4020.90,18,41,59,-23.00,5.00,-26.00,2.90,48.3,-63,54,0.1304,0.0000,25.00,12.00,4023.98,-0.4057,DOWN,22.35,2.6398,1.4793
20260728 234600 402,4020.50,1,4020.50,4020.90,0.40,4020.50,1,4020.40,3,4019.90,1,4019.80,1,4019.70,1,4019.60,4,4019.50,5,4019.40,5,4019.30,5,4019.20,5,4020.90,3,4021.00,5,4021.50,2,4021.70,5,4021.80,5,4021.90,5,4022.00,6,4022.10,5,4022.20,5,4022.30,5,Sell,1,1,2,0.00,1.00,0.00,0.40,100.0,4020.90,4020.90,4020.50,4020.50,18,41,59,-23.00,5.00,-26.00,2.90,48.3,-63,54,0.1304,1.0000,24.00,11.00,4023.94,-0.4184,DOWN,22.35,2.6398,1.5079
20260728 234600 443,4020.90,1,4020.50,4020.90,0.40,4020.50,2,4020.40,3,4019.90,2,4019.80,1,4019.70,1,4019.60,4,4019.50,5,4019.40,5,4019.30,5,4019.20,5,4020.90,1,4021.00,5,4021.50,1,4021.70,5,4021.80,5,4021.90,5,4022.00,6,4022.10,5,4022.20,5,4022.30,5,Buy,2,1,3,1.00,1.00,0.00,0.40,0.0,4020.90,4020.90,4020.50,4020.90,18,41,59,-23.00,5.00,-26.00,2.90,48.3,-63,54,0.1304,0.0000,25.00,12.00,4023.98,-0.4057,DOWN,22.35,2.6398,1.5079
20260728 234603 514,4020.50,1,4020.30,4020.60,0.30,4020.30,2,4020.20,2,4019.90,1,4019.80,1,4019.70,1,4019.60,1,4018.70,2,4018.60,1,4018.50,1,4018.40,1,4020.60,1,4020.70,7,4020.80,3,4021.30,5,4021.50,6,4021.60,5,4021.70,5,4021.80,5,4021.90,5,4022.00,6,Sell,2,2,4,0.00,1.00,0.00,0.40,100.0,4020.90,4020.90,4020.50,4020.50,18,41,59,-23.00,5.00,-26.00,2.90,48.3,-63,54,0.1304,1.0000,24.00,11.00,4023.94,-0.4184,DOWN,22.35,2.6398,1.5079
20260728 234604 059,4020.60,1,4020.50,4020.60,0.10,4020.50,1,4020.40,2,4019.80,1,4019.60,1,4019.40,1,4019.30,5,4019.20,5,4019.00,5,4018.90,5,4018.80,5,4020.60,1,4020.70,1,4020.80,3,4021.30,5,4021.50,6,4021.60,5,4021.70,5,4021.80,5,4021.90,5,4022.00,6,Buy,3,2,5,1.00,1.00,0.00,0.40,75.0,4020.90,4020.90,4020.50,4020.60,18,41,59,-23.00,5.00,-26.00,2.90,48.3,-63,54,0.1304,0.0000,25.00,12.00,4023.95,-0.4152,DOWN,22.35,2.6398,1.5079
20260728 234605 556,4020.80,1,4020.70,4021.10,0.40,4020.70,2,4020.60,2,4019.90,2,4019.80,2,4019.70,1,4019.60,1,4019.30,5,4019.20,5,4019.10,5,4019.00,5,4021.10,1,4021.20,2,4021.40,5,4021.50,6,4021.60,5,4021.70,5,4021.80,5,4021.90,5,4022.00,6,4022.10,5,Sell,3,3,6,0.00,1.00,0.00,0.40,25.0,4020.90,4020.90,4020.50,4020.80,18,41,59,-23.00,5.00,-26.00,2.90,48.3,-63,54,0.1304,1.0000,24.00,11.00,4023.97,-0.4089,DOWN,22.35,2.6398,1.5079
20260728 234605 589,4020.70,1,4020.70,4021.10,0.40,4020.70,2,4020.60,2,4019.90,2,4019.80,2,4019.70,1,4019.60,1,4019.30,5,4019.20,5,4019.10,5,4019.00,5,4021.10,1,4021.20,2,4021.40,5,4021.50,6,4021.60,5,4021.70,5,4021.80,5,4021.90,5,4022.00,6,4022.10,5,Sell,3,4,7,-1.00,1.00,-1.00,0.40,50.0,4020.90,4020.90,4020.50,4020.70,18,41,59,-23.00,5.00,-26.00,2.90,48.3,-63,54,0.1304,0.0000,23.00,10.00,4023.96,-0.4120,DOWN,22.35,2.6398,1.5079
20260728 234606 214,4020.70,1,4020.70,4021.10,0.40,4020.70,1,4020.60,2,4019.90,2,4019.80,2,4019.60,1,4019.30,5,4019.20,5,4019.10,5,4019.00,5,4018.90,5,4021.10,4,4021.20,2,4021.40,5,4021.50,6,4021.60,5,4021.70,5,4021.80,5,4021.90,5,4022.00,6,4022.10,5,Sell,3,5,8,-2.00,1.00,-2.00,0.40,50.0,4020.90,4020.90,4020.50,4020.70,18,41,59,-23.00,5.00,-26.00,2.90,48.3,-63,54,0.1304,0.0000,22.00,9.00,4023.96,-0.4120,DOWN,22.35,2.6398,1.5079
20260728 234606 853,4020.70,2,4020.70,4020.90,0.20,4020.70,3,4020.60,2,4020.50,1,4019.90,1,4019.80,2,4019.60,1,4019.30,5,4019.20,5,4019.10,5,4019.00,5,4020.90,1,4021.00,4,4021.50,1,4021.60,5,4021.70,5,4021.80,5,4021.90,5,4022.00,6,4022.10,5,4022.20,5,Sell,3,7,10,-4.00,1.00,-4.00,0.40,50.0,4020.90,4020.90,4020.50,4020.70,18,41,59,-23.00,5.00,-26.00,2.90,48.3,-63,54,0.1304,0.0000,20.00,7.00,4023.96,-0.4120,DOWN,22.35,2.6398,1.5079
20260728 234606 853,4020.70,1,4020.70,4020.90,0.20,4020.70,3,4020.60,2,4020.50,1,4019.90,1,4019.80,2,4019.60,1,4019.30,5,4019.20,5,4019.10,5,4019.00,5,4020.90,1,4021.00,4,4021.50,1,4021.60,5,4021.70,5,4021.80,5,4021.90,5,4022.00,6,4022.10,5,4022.20,5,Sell,3,8,11,-5.00,1.00,-5.00,0.40,50.0,4020.90,4020.90,4020.50,4020.70,18,41,59,-23.00,5.00,-26.00,2.90,48.3,-63,54,0.1304,0.0000,19.00,6.00,4023.96,-0.4120,DOWN,22.35,2.6398,1.5079
20260728 234607 305,4020.30,1,4020.20,4020.60,0.40,4020.20,1,4020.10,1,4019.80,1,4019.20,6,4019.10,5,4019.00,5,4018.90,5,4018.80,5,4018.70,5,4018.60,6,4020.60,2,4020.70,5,4021.30,5,4021.40,5,4021.50,7,4021.60,5,4021.70,5,4021.80,5,4021.90,5,4022.00,6,Sell,3,9,12,-6.00,1.00,-6.00,0.60,100.0,4020.90,4020.90,4020.30,4020.30,18,41,59,-23.00,5.00,-26.00,2.90,48.3,-63,54,0.1304,0.0000,18.00,5.00,4023.92,-0.4247,DOWN,22.35,2.6398,1.5222
20260728 234608 354,4020.20,1,4020.10,4020.50,0.40,4020.10,1,4020.00,4,4019.80,1,4019.30,1,4019.20,5,4019.10,5,4019.00,5,4018.90,5,4018.80,5,4018.70,5,4020.50,2,4020.60,3,4021.30,5,4021.40,5,4021.50,7,4021.60,5,4021.70,5,4021.80,5,4021.90,5,4022.00,6,Sell,3,10,13,-7.00,1.00,-7.00,0.70,100.0,4020.90,4020.90,4020.20,4020.20,18,41,59,-23.00,5.00,-26.00,2.90,48.3,-63,54,0.1304,0.0000,17.00,4.00,4023.91,-0.4279,DOWN,22.35,2.6398,1.5293
20260728 234609 117,4020.00,1,4019.80,4020.20,0.40,4019.80,2,4019.70,2,4019.10,1,4019.00,10,4018.60,6,4018.50,6,4018.40,6,4018.30,5,4018.20,5,4018.10,5,4020.20,3,4020.30,6,4020.70,5,4020.80,5,4020.90,5,4021.00,5,4021.10,5,4021.20,5,4021.30,5,4021.40,5,Sell,3,11,14,-8.00,1.00,-8.00,0.90,100.0,4020.90,4020.90,4020.00,4020.00,18,41,59,-23.00,5.00,-26.00,2.90,48.3,-63,54,0.1304,0.0000,16.00,3.00,4023.89,-0.4343,DOWN,22.35,2.6398,1.5436
20260728 234609 117,4020.00,1,4019.80,4020.20,0.40,4019.80,2,4019.70,2,4019.10,1,4019.00,10,4018.60,6,4018.50,6,4018.40,6,4018.30,5,4018.20,5,4018.10,5,4020.20,3,4020.30,6,4020.70,5,4020.80,5,4020.90,5,4021.00,5,4021.10,5,4021.20,5,4021.30,5,4021.40,5,Sell,3,12,15,-9.00,1.00,-9.00,0.90,100.0,4020.90,4020.90,4020.00,4020.00,18,41,59,-23.00,5.00,-26.00,2.90,48.3,-63,54,0.1304,0.0000,15.00,2.00,4023.89,-0.4343,DOWN,22.35,2.6398,1.5436
20260728 234609 245,4019.80,1,4019.70,4020.10,0.40,4019.70,2,4019.60,4,4019.10,1,4019.00,10,4018.60,6,4018.50,6,4018.40,6,4018.30,5,4018.20,6,4018.10,5,4020.10,1,4020.20,3,4021.50,2,4021.80,5,4021.90,5,4022.00,6,4022.10,5,4022.20,5,4022.30,5,4022.40,5,Sell,3,13,16,-10.00,1.00,-10.00,1.10,100.0,4020.90,4020.90,4019.80,4019.80,18,41,59,-23.00,5.00,-26.00,2.90,48.3,-63,54,0.1304,0.0000,14.00,1.00,4023.87,-0.4406,DOWN,22.35,2.6398,1.5579
20260728 234609 246,4019.80,1,4019.70,4020.10,0.40,4019.70,2,4019.60,4,4019.10,1,4019.00,10,4018.60,6,4018.50,6,4018.40,6,4018.30,5,4018.20,6,4018.10,5,4020.10,1,4020.20,3,4021.50,2,4021.80,5,4021.90,5,4022.00,6,4022.10,5,4022.20,5,4022.30,5,4022.40,5,Sell,3,14,17,-11.00,1.00,-11.00,1.10,100.0,4020.90,4020.90,4019.80,4019.80,18,41,59,-23.00,5.00,-26.00,2.90,48.3,-63,54,0.1304,0.0000,13.00,0.00,4023.87,-0.4406,DOWN,22.35,2.6398,1.5579
20260728 234612 862,4019.70,1,4019.60,4019.90,0.30,4019.60,1,4019.50,4,4019.20,1,4019.10,1,4019.00,10,4018.60,6,4018.50,6,4018.40,6,4018.30,5,4018.20,5,4019.90,2,4020.00,4,4020.70,5,4021.00,5,4021.10,5,4021.20,5,4021.30,5,4021.40,5,4021.50,6,4021.60,6,Sell,3,15,18,-12.00,1.00,-12.00,1.20,100.0,4020.90,4020.90,4019.70,4019.70,18,41,59,-23.00,5.00,-26.00,2.90,48.3,-63,54,0.1304,0.0000,12.00,-1.00,4023.86,-0.4438,DOWN,22.35,2.6398,1.5650
20260728 234614 245,4019.50,1,4019.10,4019.50,0.40,4019.10,4,4019.00,13,4018.60,1,4018.50,1,4018.40,6,4018.30,6,4018.20,5,4018.10,5,4018.00,5,4017.90,5,4019.50,1,4019.60,4,4019.90,1,4020.40,5,4020.60,5,4020.70,5,4020.80,5,4020.90,5,4021.00,5,4021.10,5,Sell,3,16,19,-13.00,1.00,-13.00,1.40,100.0,4020.90,4020.90,4019.50,4019.50,18,41,59,-23.00,5.00,-26.00,2.90,48.3,-63,54,0.1304,0.0000,11.00,-2.00,4023.84,-0.4501,DOWN,22.35,2.6398,1.5793
20260728 234615 012,4019.60,1,4019.30,4019.70,0.40,4019.30,3,4019.20,2,4019.10,2,4019.00,10,4018.50,1,4018.40,6,4018.30,6,4018.20,5,4018.10,5,4018.00,5,4019.70,1,4019.80,4,4019.90,1,4020.60,5,4020.70,5,4020.80,5,4020.90,5,4021.00,5,4021.10,5,4021.20,5,Buy,4,16,20,-12.00,1.00,-13.00,1.40,92.9,4020.90,4020.90,4019.50,4019.60,18,41,59,-23.00,5.00,-26.00,2.90,48.3,-63,54,0.1304,0.0833,12.00,-1.00,4023.85,-0.4470,DOWN,22.35,2.6398,1.5793
20260728 234615 012,4019.60,1,4019.30,4019.70,0.40,4019.30,3,4019.20,2,4019.10,2,4019.00,10,4018.50,1,4018.40,6,4018.30,6,4018.20,5,4018.10,5,4018.00,5,4019.70,1,4019.80,4,4019.90,1,4020.60,5,4020.70,5,4020.80,5,4020.90,5,4021.00,5,4021.10,5,4021.20,5,Buy,5,16,21,-11.00,1.00,-13.00,1.40,92.9,4020.90,4020.90,4019.50,4019.60,18,41,59,-23.00,5.00,-26.00,2.90,48.3,-63,54,0.1304,0.1818,13.00,0.00,4023.85,-0.4470,DOWN,22.35,2.6398,1.5793
20260728 234615 012,4019.70,1,4019.30,4019.70,0.40,4019.30,3,4019.20,2,4019.10,2,4019.00,10,4018.50,1,4018.40,6,4018.30,6,4018.20,5,4018.10,5,4018.00,5,4019.70,1,4019.80,4,4019.90,1,4020.60,5,4020.70,5,4020.80,5,4020.90,5,4021.00,5,4021.10,5,4021.20,5,Buy,6,16,22,-10.00,1.00,-13.00,1.40,85.7,4020.90,4020.90,4019.50,4019.70,18,41,59,-23.00,5.00,-26.00,2.90,48.3,-63,54,0.1304,0.3000,14.00,1.00,4023.86,-0.4438,DOWN,22.35,2.6398,1.5793
20260728 234615 012,4019.70,1,4019.30,4019.70,0.40,4019.30,3,4019.20,2,4019.10,2,4019.00,10,4018.50,1,4018.40,6,4018.30,6,4018.20,5,4018.10,5,4018.00,5,4019.70,1,4019.80,4,4019.90,1,4020.60,5,4020.70,5,4020.80,5,4020.90,5,4021.00,5,4021.10,5,4021.20,5,Buy,7,16,23,-9.00,1.00,-13.00,1.40,85.7,4020.90,4020.90,4019.50,4019.70,18,41,59,-23.00,5.00,-26.00,2.90,48.3,-63,54,0.1304,0.4444,15.00,2.00,4023.86,-0.4438,DOWN,22.35,2.6398,1.5793
20260728 234615 012,4019.70,1,4019.30,4019.70,0.40,4019.30,3,4019.20,2,4019.10,2,4019.00,10,4018.50,1,4018.40,6,4018.30,6,4018.20,5,4018.10,5,4018.00,5,4019.70,1,4019.80,4,4019.90,1,4020.60,5,4020.70,5,4020.80,5,4020.90,5,4021.00,5,4021.10,5,4021.20,5,Buy,8,16,24,-8.00,1.00,-13.00,1.40,85.7,4020.90,4020.90,4019.50,4019.70,18,41,59,-23.00,5.00,-26.00,2.90,48.3,-63,54,0.1304,0.6250,16.00,3.00,4023.86,-0.4438,DOWN,22.35,2.6398,1.5793
20260728 234616 905,4019.90,1,4019.60,4019.90,0.30,4019.90,3,4019.80,3,4019.50,1,4019.40,1,4019.30,1,4019.10,1,4019.00,10,4018.90,5,4018.80,5,4018.70,5,4020.20,1,4020.40,2,4021.20,5,4021.30,5,4021.40,5,4021.50,6,4021.60,6,4021.70,5,4021.80,5,4021.90,5,Buy,9,16,25,-7.00,1.00,-13.00,1.40,71.4,4020.90,4020.90,4019.50,4019.90,18,41,59,-23.00,5.00,-26.00,2.90,48.3,-63,54,0.1304,0.8571,17.00,4.00,4023.88,-0.4374,DOWN,22.35,2.6398,1.5793
20260728 234618 462,4020.30,1,4019.70,4020.10,0.40,4019.70,2,4019.60,3,4019.10,3,4019.00,10,4018.90,5,4018.80,5,4018.70,5,4018.60,5,4018.50,6,4018.40,6,4020.10,2,4020.20,4,4021.00,5,4021.10,5,4021.20,5,4021.30,5,4021.40,5,4021.50,6,4021.60,6,4021.70,5,Sell,9,17,26,-8.00,1.00,-13.00,1.40,42.9,4020.90,4020.90,4019.50,4020.30,18,41,59,-23.00,5.00,-26.00,2.90,48.3,-63,54,0.1304,0.6250,16.00,3.00,4023.92,-0.4247,DOWN,22.35,2.6398,1.5793
20260728 234620 187,4019.90,1,4019.80,4020.20,0.40,4019.80,1,4019.70,5,4019.20,1,4019.10,1,4019.00,10,4018.80,1,4018.70,5,4018.60,5,4018.50,6,4018.40,6,4020.20,2,4020.30,5,4021.50,6,4021.60,6,4021.70,5,4021.80,5,4021.90,5,4022.00,6,4022.10,5,4022.20,39,Buy,10,17,27,-7.00,1.00,-13.00,1.40,71.4,4020.90,4020.90,4019.50,4019.90,18,41,59,-23.00,5.00,-26.00,2.90,48.3,-63,54,0.1304,0.8571,17.00,4.00,4023.88,-0.4374,DOWN,22.35,2.6398,1.5793
20260728 234620 187,4020.00,1,4019.80,4020.20,0.40,4019.80,1,4019.70,5,4019.20,1,4019.10,1,4019.00,10,4018.80,1,4018.70,5,4018.60,5,4018.50,6,4018.40,6,4020.20,2,4020.30,5,4021.50,6,4021.60,6,4021.70,5,4021.80,5,4021.90,5,4022.00,6,4022.10,5,4022.20,39,Buy,11,17,28,-6.00,1.00,-13.00,1.40,64.3,4020.90,4020.90,4019.50,4020.00,18,41,59,-23.00,5.00,-26.00,2.90,48.3,-63,54,0.1304,1.1667,18.00,5.00,4023.89,-0.4343,DOWN,22.35,2.6398,1.5793
20260728 234626 552,4020.30,1,4020.10,4020.50,0.40,4020.10,2,4020.00,4,4019.10,2,4019.00,10,4018.90,5,4018.80,6,4018.70,5,4018.60,5,4018.50,6,4018.40,6,4020.50,1,4020.60,3,4021.40,5,4021.50,6,4021.60,6,4021.70,5,4021.80,5,4021.90,5,4022.00,6,4022.10,5,Sell,11,18,29,-7.00,1.00,-13.00,1.40,42.9,4020.90,4020.90,4019.50,4020.30,18,41,59,-23.00,5.00,-26.00,2.90,48.3,-63,54,0.1304,0.8571,17.00,4.00,4023.92,-0.4247,DOWN,22.35,2.6398,1.5793
20260728 234639 839,4020.50,1,4020.40,4020.50,0.10,4020.30,2,4020.20,2,4020.00,1,4019.60,1,4019.40,1,4019.30,5,4019.20,5,4019.10,6,4019.00,15,4018.90,5,4020.50,1,4020.60,2,4020.70,3,4021.40,5,4021.50,5,4021.60,7,4021.70,5,4021.80,5,4021.90,5,4022.00,6,Buy,12,18,30,-6.00,1.00,-13.00,1.40,28.6,4020.90,4020.90,4019.50,4020.50,18,41,59,-23.00,5.00,-26.00,2.90,48.3,-63,54,0.1304,1.1667,18.00,5.00,4023.94,-0.4184,DOWN,22.35,2.6398,1.5793
20260728 234639 839,4020.60,1,4020.40,4020.50,0.10,4020.30,2,4020.20,2,4020.00,1,4019.60,1,4019.40,1,4019.30,5,4019.20,5,4019.10,6,4019.00,15,4018.90,5,4020.50,1,4020.60,2,4020.70,3,4021.40,5,4021.50,5,4021.60,7,4021.70,5,4021.80,5,4021.90,5,4022.00,6,Buy,13,18,31,-5.00,1.00,-13.00,1.40,21.4,4020.90,4020.90,4019.50,4020.60,18,41,59,-23.00,5.00,-26.00,2.90,48.3,-63,54,0.1304,1.6000,19.00,6.00,4023.95,-0.4152,DOWN,22.35,2.6398,1.5793
20260728 234639 839,4020.70,1,4020.40,4020.50,0.10,4020.30,2,4020.20,2,4020.00,1,4019.60,1,4019.40,1,4019.30,5,4019.20,5,4019.10,6,4019.00,15,4018.90,5,4020.50,1,4020.60,2,4020.70,3,4021.40,5,4021.50,5,4021.60,7,4021.70,5,4021.80,5,4021.90,5,4022.00,6,Buy,14,18,32,-4.00,1.00,-13.00,1.40,14.3,4020.90,4020.90,4019.50,4020.70,18,41,59,-23.00,5.00,-26.00,2.90,48.3,-63,54,0.1304,2.2500,20.00,7.00,4023.96,-0.4120,DOWN,22.35,2.6398,1.5793
20260728 234639 839,4020.70,2,4020.40,4020.50,0.10,4020.30,2,4020.20,2,4020.00,1,4019.60,1,4019.40,1,4019.30,5,4019.20,5,4019.10,6,4019.00,15,4018.90,5,4020.50,1,4020.60,2,4020.70,3,4021.40,5,4021.50,5,4021.60,7,4021.70,5,4021.80,5,4021.90,5,4022.00,6,Buy,16,18,34,-2.00,1.00,-13.00,1.40,14.3,4020.90,4020.90,4019.50,4020.70,18,41,59,-23.00,5.00,-26.00,2.90,48.3,-63,54,0.1304,5.5000,22.00,9.00,4023.96,-0.4120,DOWN,22.35,2.6398,1.5793
20260728 234639 839,4020.80,1,4020.40,4020.50,0.10,4020.30,2,4020.20,2,4020.00,1,4019.60,1,4019.40,1,4019.30,5,4019.20,5,4019.10,6,4019.00,15,4018.90,5,4020.50,1,4020.60,2,4020.70,3,4021.40,5,4021.50,5,4021.60,7,4021.70,5,4021.80,5,4021.90,5,4022.00,6,Buy,17,18,35,-1.00,1.00,-13.00,1.40,7.1,4020.90,4020.90,4019.50,4020.80,18,41,59,-23.00,5.00,-26.00,2.90,48.3,-63,54,0.1304,12.0000,23.00,10.00,4023.97,-0.4089,DOWN,22.35,2.6398,1.5793
20260728 234640 738,4020.80,1,4020.40,4020.80,0.40,4020.40,2,4020.30,3,4020.10,1,4020.00,1,4019.60,1,4019.40,5,4019.30,5,4019.20,5,4019.10,6,4019.00,15,4020.80,1,4020.90,2,4021.50,5,4021.60,7,4021.70,5,4021.80,5,4021.90,5,4022.00,6,4022.10,5,4022.20,5,Buy,18,18,36,0.00,1.00,-13.00,1.40,7.1,4020.90,4020.90,4019.50,4020.80,18,41,59,-23.00,5.00,-26.00,2.90,48.3,-63,54,0.1304,1.0000,24.00,11.00,4023.97,-0.4089,DOWN,22.35,2.6398,1.5793
20260728 234645 088,4020.60,1,4020.60,4020.80,0.20,4020.60,1,4020.40,2,4020.30,3,4020.10,1,4020.00,1,4019.60,1,4019.40,5,4019.30,5,4019.20,5,4019.10,6,4020.80,1,4020.90,2,4021.50,5,4021.60,7,4021.70,5,4021.80,5,4021.90,5,4022.00,6,4022.10,5,4022.20,5,Sell,18,19,37,-1.00,1.00,-13.00,1.40,21.4,4020.90,4020.90,4019.50,4020.60,18,41,59,-23.00,5.00,-26.00,2.90,48.3,-63,54,0.1304,12.0000,23.00,10.00,4023.95,-0.4152,DOWN,22.35,2.6398,1.5793
20260728 234645 962,4020.10,1,4020.00,4020.40,0.40,4020.00,3,4019.90,2,4019.20,1,4019.10,7,4019.00,15,4018.90,5,4018.80,7,4018.70,5,4018.60,5,4018.50,6,4020.40,2,4020.50,5,4021.20,7,4021.30,5,4021.40,5,4021.50,5,4021.60,7,4021.70,5,4021.80,5,4021.90,5,Sell,18,20,38,-2.00,1.00,-13.00,1.40,57.1,4020.90,4020.90,4019.50,4020.10,18,41,59,-23.00,5.00,-26.00,2.90,48.3,-63,54,0.1304,5.5000,22.00,9.00,4023.90,-0.4311,DOWN,22.35,2.6398,1.5793
20260728 234646 069,4020.00,1,4020.00,4020.30,0.30,4020.00,3,4019.90,2,4019.20,1,4019.10,7,4019.00,15,4018.90,5,4018.80,7,4018.70,5,4018.60,5,4018.50,6,4020.40,2,4020.50,5,4021.20,6,4021.30,5,4021.40,5,4021.50,5,4021.60,8,4021.70,5,4021.80,5,4021.90,5,Sell,18,21,39,-3.00,1.00,-13.00,1.40,64.3,4020.90,4020.90,4019.50,4020.00,18,41,59,-23.00,5.00,-26.00,2.90,48.3,-63,54,0.1304,3.3333,21.00,8.00,4023.89,-0.4343,DOWN,22.35,2.6398,1.5793
20260728 234704 952,4019.60,1,4019.50,4019.90,0.40,4019.50,1,4019.40,7,4019.00,10,4018.80,6,4018.70,5,4018.60,5,4018.50,6,4018.40,6,4018.30,5,4018.20,5,4019.90,4,4020.00,4,4020.10,1,4020.60,1,4020.70,1,4020.80,6,4020.90,6,4021.00,5,4021.10,7,4021.20,6,Sell,0,1,1,-1.00,-1.00,-1.00,0.00,0.0,4019.60,4019.60,4019.60,4019.60,18,21,39,-3.00,1.00,-13.00,1.40,64.3,12,27,3.3333,0.0000,15.00,22.00,4023.85,-0.4470,DOWN,23.00,1.6957,1.4951
20260728 234704 952,4019.60,1,4019.50,4019.90,0.40,4019.50,1,4019.40,7,4019.00,10,4018.80,6,4018.70,5,4018.60,5,4018.50,6,4018.40,6,4018.30,5,4018.20,5,4019.90,4,4020.00,4,4020.10,1,4020.60,1,4020.70,1,4020.80,6,4020.90,6,4021.00,5,4021.10,7,4021.20,6,Sell,0,2,2,-2.00,-1.00,-2.00,0.00,0.0,4019.60,4019.60,4019.60,4019.60,18,21,39,-3.00,1.00,-13.00,1.40,64.3,12,27,3.3333,0.0000,14.00,21.00,4023.85,-0.4470,DOWN,23.00,1.6957,1.4951
20260728 234704 952,4019.50,1,4019.50,4019.90,0.40,4019.50,1,4019.40,7,4019.00,10,4018.80,6,4018.70,5,4018.60,5,4018.50,6,4018.40,6,4018.30,5,4018.20,5,4019.90,4,4020.00,4,4020.10,1,4020.60,1,4020.70,1,4020.80,6,4020.90,6,4021.00,5,4021.10,7,4021.20,6,Sell,0,3,3,-3.00,-1.00,-3.00,0.10,100.0,4019.60,4019.60,4019.50,4019.50,18,21,39,-3.00,1.00,-13.00,1.40,64.3,12,27,3.3333,0.0000,13.00,20.00,4023.84,-0.4501,DOWN,23.00,1.6957,1.5022
20260728 234706 453,4019.40,5,4019.40,4019.70,0.30,4019.20,3,4019.10,4,4019.00,10,4018.80,1,4018.50,1,4018.40,6,4018.30,5,4018.20,5,4018.10,5,4018.00,5,4019.50,1,4019.60,2,4020.20,1,4020.30,5,4020.40,5,4020.60,5,4020.70,6,4020.80,6,4020.90,6,4021.00,5,Sell,0,8,8,-8.00,-1.00,-8.00,0.20,100.0,4019.60,4019.60,4019.40,4019.40,18,21,39,-3.00,1.00,-13.00,1.40,64.3,12,27,3.3333,0.0000,8.00,15.00,4023.83,-0.4533,DOWN,23.00,1.6957,1.5094
20260728 234707 184,4019.70,1,4019.60,4019.80,0.20,4019.60,1,4019.50,2,4019.10,2,4019.00,10,4018.80,1,4018.50,6,4018.40,6,4018.30,5,4018.20,5,4018.10,5,4019.80,1,4019.90,2,4020.40,1,4020.50,5,4020.60,5,4020.70,6,4020.80,6,4020.90,6,4021.00,5,4021.10,7,Buy,1,8,9,-7.00,-1.00,-8.00,0.30,33.3,4019.60,4019.70,4019.40,4019.70,18,21,39,-3.00,1.00,-13.00,1.40,64.3,12,27,3.3333,0.1429,9.00,16.00,4023.86,-0.4438,DOWN,23.00,1.6957,1.5094
20260728 234707 184,4019.80,1,4019.60,4019.80,0.20,4019.60,1,4019.50,2,4019.10,2,4019.00,10,4018.80,1,4018.50,6,4018.40,6,4018.30,5,4018.20,5,4018.10,5,4019.80,1,4019.90,2,4020.40,1,4020.50,5,4020.60,5,4020.70,6,4020.80,6,4020.90,6,4021.00,5,4021.10,7,Buy,2,8,10,-6.00,-1.00,-8.00,0.40,50.0,4019.60,4019.80,4019.40,4019.80,18,21,39,-3.00,1.00,-13.00,1.40,64.3,12,27,3.3333,0.3333,10.00,17.00,4023.87,-0.4406,DOWN,23.00,1.6957,1.5094
20260728 234707 184,4019.80,1,4019.60,4019.80,0.20,4019.60,1,4019.50,2,4019.10,2,4019.00,10,4018.80,1,4018.50,6,4018.40,6,4018.30,5,4018.20,5,4018.10,5,4019.80,1,4019.90,2,4020.40,1,4020.50,5,4020.60,5,4020.70,6,4020.80,6,4020.90,6,4021.00,5,4021.10,7,Buy,3,8,11,-5.00,-1.00,-8.00,0.40,50.0,4019.60,4019.80,4019.40,4019.80,18,21,39,-3.00,1.00,-13.00,1.40,64.3,12,27,3.3333,0.6000,11.00,18.00,4023.87,-0.4406,DOWN,23.00,1.6957,1.5094
20260728 234707 184,4019.90,1,4019.60,4019.80,0.20,4019.60,1,4019.50,2,4019.10,2,4019.00,10,4018.80,1,4018.50,6,4018.40,6,4018.30,5,4018.20,5,4018.10,5,4019.80,1,4019.90,2,4020.40,1,4020.50,5,4020.60,5,4020.70,6,4020.80,6,4020.90,6,4021.00,5,4021.10,7,Buy,4,8,12,-4.00,-1.00,-8.00,0.50,60.0,4019.60,4019.90,4019.40,4019.90,18,21,39,-3.00,1.00,-13.00,1.40,64.3,12,27,3.3333,1.0000,12.00,19.00,4023.88,-0.4374,DOWN,23.00,1.6957,1.5094
20260728 234707 184,4019.90,1,4019.60,4019.80,0.20,4019.60,1,4019.50,2,4019.10,2,4019.00,10,4018.80,1,4018.50,6,4018.40,6,4018.30,5,4018.20,5,4018.10,5,4019.80,1,4019.90,2,4020.40,1,4020.50,5,4020.60,5,4020.70,6,4020.80,6,4020.90,6,4021.00,5,4021.10,7,Buy,5,8,13,-3.00,-1.00,-8.00,0.50,60.0,4019.60,4019.90,4019.40,4019.90,18,21,39,-3.00,1.00,-13.00,1.40,64.3,12,27,3.3333,1.6667,13.00,20.00,4023.88,-0.4374,DOWN,23.00,1.6957,1.5094
20260728 234707 184,4019.90,1,4019.60,4019.80,0.20,4019.60,1,4019.50,2,4019.10,2,4019.00,10,4018.80,1,4018.50,6,4018.40,6,4018.30,5,4018.20,5,4018.10,5,4019.80,1,4019.90,2,4020.40,1,4020.50,5,4020.60,5,4020.70,6,4020.80,6,4020.90,6,4021.00,5,4021.10,7,Buy,6,8,14,-2.00,-1.00,-8.00,0.50,60.0,4019.60,4019.90,4019.40,4019.90,18,21,39,-3.00,1.00,-13.00,1.40,64.3,12,27,3.3333,3.0000,14.00,21.00,4023.88,-0.4374,DOWN,23.00,1.6957,1.5094
20260728 234707 184,4019.90,1,4019.60,4019.80,0.20,4019.60,1,4019.50,2,4019.10,2,4019.00,10,4018.80,1,4018.50,6,4018.40,6,4018.30,5,4018.20,5,4018.10,5,4019.80,1,4019.90,2,4020.40,1,4020.50,5,4020.60,5,4020.70,6,4020.80,6,4020.90,6,4021.00,5,4021.10,7,Buy,7,8,15,-1.00,-1.00,-8.00,0.50,60.0,4019.60,4019.90,4019.40,4019.90,18,21,39,-3.00,1.00,-13.00,1.40,64.3,12,27,3.3333,7.0000,15.00,22.00,4023.88,-0.4374,DOWN,23.00,1.6957,1.5094
20260728 234707 184,4020.00,1,4019.60,4019.80,0.20,4019.60,1,4019.50,2,4019.10,2,4019.00,10,4018.80,1,4018.50,6,4018.40,6,4018.30,5,4018.20,5,4018.10,5,4019.80,1,4019.90,2,4020.40,1,4020.50,5,4020.60,5,4020.70,6,4020.80,6,4020.90,6,4021.00,5,4021.10,7,Buy,8,8,16,0.00,0.00,-8.00,0.60,66.7,4019.60,4020.00,4019.40,4020.00,18,21,39,-3.00,1.00,-13.00,1.40,64.3,12,27,3.3333,0.0000,16.00,23.00,4023.89,-0.4343,DOWN,23.00,1.6957,1.5094
20260728 234707 184,4020.00,1,4019.60,4019.80,0.20,4019.60,1,4019.50,2,4019.10,2,4019.00,10,4018.80,1,4018.50,6,4018.40,6,4018.30,5,4018.20,5,4018.10,5,4019.80,1,4019.90,2,4020.40,1,4020.50,5,4020.60,5,4020.70,6,4020.80,6,4020.90,6,4021.00,5,4021.10,7,Buy,9,8,17,1.00,1.00,-8.00,0.60,66.7,4019.60,4020.00,4019.40,4020.00,18,21,39,-3.00,1.00,-13.00,1.40,64.3,12,27,3.3333,0.0000,17.00,24.00,4023.89,-0.4343,DOWN,23.00,1.6957,1.5094
20260728 234707 184,4020.00,1,4019.60,4019.80,0.20,4019.60,1,4019.50,2,4019.10,2,4019.00,10,4018.80,1,4018.50,6,4018.40,6,4018.30,5,4018.20,5,4018.10,5,4019.80,1,4019.90,2,4020.40,1,4020.50,5,4020.60,5,4020.70,6,4020.80,6,4020.90,6,4021.00,5,4021.10,7,Buy,10,8,18,2.00,2.00,-8.00,0.60,66.7,4019.60,4020.00,4019.40,4020.00,18,21,39,-3.00,1.00,-13.00,1.40,64.3,12,27,3.3333,0.0000,18.00,25.00,4023.89,-0.4343,DOWN,23.00,1.6957,1.5094
20260728 234707 184,4020.00,1,4019.60,4019.80,0.20,4019.60,1,4019.50,2,4019.10,2,4019.00,10,4018.80,1,4018.50,6,4018.40,6,4018.30,5,4018.20,5,4018.10,5,4019.80,1,4019.90,2,4020.40,1,4020.50,5,4020.60,5,4020.70,6,4020.80,6,4020.90,6,4021.00,5,4021.10,7,Buy,11,8,19,3.00,3.00,-8.00,0.60,66.7,4019.60,4020.00,4019.40,4020.00,18,21,39,-3.00,1.00,-13.00,1.40,64.3,12,27,3.3333,0.0000,19.00,26.00,4023.89,-0.4343,DOWN,23.00,1.6957,1.5094
20260728 234707 184,4020.00,1,4019.60,4019.80,0.20,4019.60,1,4019.50,2,4019.10,2,4019.00,10,4018.80,1,4018.50,6,4018.40,6,4018.30,5,4018.20,5,4018.10,5,4019.80,1,4019.90,2,4020.40,1,4020.50,5,4020.60,5,4020.70,6,4020.80,6,4020.90,6,4021.00,5,4021.10,7,Buy,12,8,20,4.00,4.00,-8.00,0.60,66.7,4019.60,4020.00,4019.40,4020.00,18,21,39,-3.00,1.00,-13.00,1.40,64.3,12,27,3.3333,0.0000,20.00,27.00,4023.89,-0.4343,DOWN,23.00,1.6957,1.5094
20260728 234707 184,4020.00,1,4019.60,4019.80,0.20,4019.60,1,4019.50,2,4019.10,2,4019.00,10,4018.80,1,4018.50,6,4018.40,6,4018.30,5,4018.20,5,4018.10,5,4019.80,1,4019.90,2,4020.40,1,4020.50,5,4020.60,5,4020.70,6,4020.80,6,4020.90,6,4021.00,5,4021.10,7,Buy,13,8,21,5.00,5.00,-8.00,0.60,66.7,4019.60,4020.00,4019.40,4020.00,18,21,39,-3.00,1.00,-13.00,1.40,64.3,12,27,3.3333,0.0000,21.00,28.00,4023.89,-0.4343,DOWN,23.00,1.6957,1.5094
20260728 234707 185,4020.00,7,4019.60,4019.80,0.20,4019.60,1,4019.50,2,4019.10,2,4019.00,10,4018.80,1,4018.50,6,4018.40,6,4018.30,5,4018.20,5,4018.10,5,4019.80,1,4019.90,2,4020.40,1,4020.50,5,4020.60,5,4020.70,6,4020.80,6,4020.90,6,4021.00,5,4021.10,7,Sell,13,15,28,-2.00,5.00,-8.00,0.60,66.7,4019.60,4020.00,4019.40,4020.00,18,21,39,-3.00,1.00,-13.00,1.40,64.3,12,27,3.3333,3.0000,14.00,21.00,4023.89,-0.4343,DOWN,23.00,1.6957,1.5094
20260728 234712 573,4019.70,1,4020.10,4020.40,0.30,4020.10,1,4020.00,2,4019.10,7,4019.00,15,4018.90,5,4018.80,6,4018.70,5,4018.60,5,4018.50,6,4018.40,6,4020.40,2,4020.50,2,4020.90,1,4021.10,1,4021.20,1,4021.30,5,4021.40,5,4021.50,6,4021.60,6,4021.70,6,Sell,13,16,29,-3.00,5.00,-8.00,0.60,16.7,4019.60,4020.00,4019.40,4019.70,18,21,39,-3.00,1.00,-13.00,1.40,64.3,12,27,3.3333,1.6667,13.00,20.00,4023.86,-0.4438,DOWN,23.00,1.6957,1.5094
20260728 234712 573,4019.60,1,4020.10,4020.40,0.30,4020.10,1,4020.00,2,4019.10,7,4019.00,15,4018.90,5,4018.80,6,4018.70,5,4018.60,5,4018.50,6,4018.40,6,4020.40,2,4020.50,2,4020.90,1,4021.10,1,4021.20,1,4021.30,5,4021.40,5,4021.50,6,4021.60,6,4021.70,6,Sell,13,17,30,-4.00,5.00,-8.00,0.60,0.0,4019.60,4020.00,4019.40,4019.60,18,21,39,-3.00,1.00,-13.00,1.40,64.3,12,27,3.3333,1.0000,12.00,19.00,4023.85,-0.4470,DOWN,23.00,1.6957,1.5094
20260728 234712 573,4019.60,1,4020.10,4020.40,0.30,4020.10,1,4020.00,2,4019.10,7,4019.00,15,4018.90,5,4018.80,6,4018.70,5,4018.60,5,4018.50,6,4018.40,6,4020.40,2,4020.50,2,4020.90,1,4021.10,1,4021.20,1,4021.30,5,4021.40,5,4021.50,6,4021.60,6,4021.70,6,Sell,13,18,31,-5.00,5.00,-8.00,0.60,0.0,4019.60,4020.00,4019.40,4019.60,18,21,39,-3.00,1.00,-13.00,1.40,64.3,12,27,3.3333,0.6000,11.00,18.00,4023.85,-0.4470,DOWN,23.00,1.6957,1.5094
20260728 234712 573,4019.60,1,4020.10,4020.40,0.30,4020.10,1,4020.00,2,4019.10,7,4019.00,15,4018.90,5,4018.80,6,4018.70,5,4018.60,5,4018.50,6,4018.40,6,4020.40,2,4020.50,2,4020.90,1,4021.10,1,4021.20,1,4021.30,5,4021.40,5,4021.50,6,4021.60,6,4021.70,6,Sell,13,19,32,-6.00,5.00,-8.00,0.60,0.0,4019.60,4020.00,4019.40,4019.60,18,21,39,-3.00,1.00,-13.00,1.40,64.3,12,27,3.3333,0.3333,10.00,17.00,4023.85,-0.4470,DOWN,23.00,1.6957,1.5094
20260728 234712 610,4020.00,1,4020.20,4020.50,0.30,4020.20,1,4020.10,2,4019.30,2,4019.20,5,4019.10,7,4019.00,15,4018.90,5,4018.80,6,4018.70,5,4018.60,5,4020.50,1,4020.60,3,4021.10,1,4021.20,6,4021.30,5,4021.40,6,4021.50,5,4021.60,6,4021.70,6,4021.80,5,Sell,13,20,33,-7.00,5.00,-8.00,0.60,66.7,4019.60,4020.00,4019.40,4020.00,18,21,39,-3.00,1.00,-13.00,1.40,64.3,12,27,3.3333,0.1429,9.00,16.00,4023.89,-0.4343,DOWN,23.00,1.6957,1.5094
20260728 234714 410,4020.10,1,4020.10,4020.50,0.40,4020.00,4,4019.90,3,4019.50,1,4019.40,3,4019.30,5,4019.20,5,4019.10,6,4019.00,15,4018.90,5,4018.80,6,4020.50,4,4020.60,2,4021.30,1,4021.40,5,4021.50,5,4021.60,6,4021.70,6,4021.80,5,4021.90,5,4022.00,7,Sell,13,21,34,-8.00,5.00,-8.00,0.70,71.4,4019.60,4020.10,4019.40,4020.10,18,21,39,-3.00,1.00,-13.00,1.40,64.3,12,27,3.3333,0.0000,8.00,15.00,4023.90,-0.4311,DOWN,23.00,1.6957,1.5165
20260728 234714 410,4020.10,1,4020.10,4020.50,0.40,4020.00,4,4019.90,3,4019.50,1,4019.40,3,4019.30,5,4019.20,5,4019.10,6,4019.00,15,4018.90,5,4018.80,6,4020.50,4,4020.60,2,4021.30,1,4021.40,5,4021.50,5,4021.60,6,4021.70,6,4021.80,5,4021.90,5,4022.00,7,Sell,13,22,35,-9.00,5.00,-9.00,0.70,71.4,4019.60,4020.10,4019.40,4020.10,18,21,39,-3.00,1.00,-13.00,1.40,64.3,12,27,3.3333,0.0000,7.00,14.00,4023.90,-0.4311,DOWN,23.00,1.6957,1.5165
20260728 234715 512,4020.50,1,4020.30,4020.60,0.30,4020.30,1,4020.20,2,4019.50,2,4019.40,3,4019.30,5,4019.20,5,4019.10,6,4019.00,15,4018.90,5,4018.80,6,4020.60,1,4020.70,2,4021.30,1,4021.40,5,4021.50,5,4021.60,6,4021.70,6,4021.80,5,4021.90,5,4022.00,7,Buy,14,22,36,-8.00,5.00,-9.00,1.10,81.8,4019.60,4020.50,4019.40,4020.50,18,21,39,-3.00,1.00,-13.00,1.40,64.3,12,27,3.3333,0.1250,8.00,15.00,4023.94,-0.4184,DOWN,23.00,1.6957,1.5451
20260728 234715 512,4020.60,1,4020.30,4020.60,0.30,4020.30,1,4020.20,2,4019.50,2,4019.40,3,4019.30,5,4019.20,5,4019.10,6,4019.00,15,4018.90,5,4018.80,6,4020.60,1,4020.70,2,4021.30,1,4021.40,5,4021.50,5,4021.60,6,4021.70,6,4021.80,5,4021.90,5,4022.00,7,Buy,15,22,37,-7.00,5.00,-9.00,1.20,83.3,4019.60,4020.60,4019.40,4020.60,18,21,39,-3.00,1.00,-13.00,1.40,64.3,12,27,3.3333,0.2857,9.00,16.00,4023.95,-0.4152,DOWN,23.00,1.6957,1.5522
20260728 234715 512,4020.60,1,4020.30,4020.60,0.30,4020.30,1,4020.20,2,4019.50,2,4019.40,3,4019.30,5,4019.20,5,4019.10,6,4019.00,15,4018.90,5,4018.80,6,4020.60,1,4020.70,2,4021.30,1,4021.40,5,4021.50,5,4021.60,6,4021.70,6,4021.80,5,4021.90,5,4022.00,7,Buy,16,22,38,-6.00,5.00,-9.00,1.20,83.3,4019.60,4020.60,4019.40,4020.60,18,21,39,-3.00,1.00,-13.00,1.40,64.3,12,27,3.3333,0.5000,10.00,17.00,4023.95,-0.4152,DOWN,23.00,1.6957,1.5522
20260728 234717 909,4020.70,1,4020.30,4020.70,0.40,4020.30,2,4020.20,2,4019.50,2,4019.40,3,4019.30,5,4019.20,5,4019.10,6,4019.00,15,4018.90,5,4018.80,6,4020.70,2,4020.80,2,4021.00,5,4021.40,1,4021.50,5,4021.60,6,4021.70,6,4021.80,5,4021.90,5,4022.00,7,Buy,17,22,39,-5.00,5.00,-9.00,1.30,84.6,4019.60,4020.70,4019.40,4020.70,18,21,39,-3.00,1.00,-13.00,1.40,64.3,12,27,3.3333,0.8000,11.00,18.00,4023.96,-0.4120,DOWN,23.00,1.6957,1.5594
20260728 234720 029,4020.80,1,4020.40,4020.80,0.40,4020.40,2,4020.30,3,4019.50,2,4019.40,8,4019.30,5,4019.20,5,4019.10,6,4019.00,15,4018.90,5,4018.80,6,4020.80,2,4020.90,3,4021.00,5,4021.40,1,4021.50,6,4021.60,6,4021.70,6,4021.80,5,4021.90,5,4022.00,7,Buy,18,22,40,-4.00,5.00,-9.00,1.40,85.7,4019.60,4020.80,4019.40,4020.80,18,21,39,-3.00,1.00,-13.00,1.40,64.3,12,27,3.3333,1.2500,12.00,19.00,4023.97,-0.4089,DOWN,23.00,1.6957,1.5665
20260728 234722 133,4020.90,1,4020.70,4020.90,0.20,4020.70,1,4020.50,2,4020.40,2,4019.80,1,4019.70,5,4019.50,6,4019.40,5,4019.30,5,4019.20,5,4019.10,6,4020.90,2,4021.00,11,4021.50,5,4021.60,6,4021.70,6,4021.80,5,4021.90,5,4022.00,7,4022.10,5,4022.20,5,Buy,19,22,41,-3.00,5.00,-9.00,1.50,86.7,4019.60,4020.90,4019.40,4020.90,18,21,39,-3.00,1.00,-13.00,1.40,64.3,12,27,3.3333,2.0000,13.00,20.00,4023.98,-0.4057,DOWN,23.00,1.6957,1.5737
20260728 234723 929,4020.70,1,4020.70,4020.90,0.20,4020.70,1,4020.50,1,4020.40,2,4019.80,1,4019.70,5,4019.50,6,4019.40,5,4019.30,5,4019.20,5,4019.10,7,4020.90,2,4021.00,11,4021.50,5,4021.60,6,4021.70,6,4021.80,5,4021.90,5,4022.00,7,4022.10,5,4022.20,5,Sell,19,23,42,-4.00,5.00,-9.00,1.50,73.3,4019.60,4020.90,4019.40,4020.70,18,21,39,-3.00,1.00,-13.00,1.40,64.3,12,27,3.3333,1.2500,12.00,19.00,4023.96,-0.4120,DOWN,23.00,1.6957,1.5737
20260728 234724 728,4020.50,1,4020.50,4020.90,0.40,4020.40,2,4020.30,2,4019.80,1,4019.50,3,4019.40,5,4019.30,5,4019.20,5,4019.10,7,4019.00,15,4018.90,5,4020.80,2,4020.90,2,4021.50,5,4021.60,6,4021.70,6,4021.80,5,4021.90,5,4022.00,7,4022.10,5,4022.20,5,Sell,19,24,43,-5.00,5.00,-9.00,1.50,60.0,4019.60,4020.90,4019.40,4020.50,18,21,39,-3.00,1.00,-13.00,1.40,64.3,12,27,3.3333,0.8000,11.00,18.00,4023.94,-0.4184,DOWN,23.00,1.6957,1.5737
20260728 234724 728,4020.40,1,4020.50,4020.90,0.40,4020.40,2,4020.30,2,4019.80,1,4019.50,3,4019.40,5,4019.30,5,4019.20,5,4019.10,7,4019.00,15,4018.90,5,4020.80,2,4020.90,2,4021.50,5,4021.60,6,4021.70,6,4021.80,5,4021.90,5,4022.00,7,4022.10,5,4022.20,5,Sell,19,25,44,-6.00,5.00,-9.00,1.50,53.3,4019.60,4020.90,4019.40,4020.40,18,21,39,-3.00,1.00,-13.00,1.40,64.3,12,27,3.3333,0.5000,10.00,17.00,4023.93,-0.4216,DOWN,23.00,1.6957,1.5737
20260728 234724 728,4020.40,1,4020.50,4020.90,0.40,4020.40,2,4020.30,2,4019.80,1,4019.50,3,4019.40,5,4019.30,5,4019.20,5,4019.10,7,4019.00,15,4018.90,5,4020.80,2,4020.90,2,4021.50,5,4021.60,6,4021.70,6,4021.80,5,4021.90,5,4022.00,7,4022.10,5,4022.20,5,Sell,19,26,45,-7.00,5.00,-9.00,1.50,53.3,4019.60,4020.90,4019.40,4020.40,18,21,39,-3.00,1.00,-13.00,1.40,64.3,12,27,3.3333,0.2857,9.00,16.00,4023.93,-0.4216,DOWN,23.00,1.6957,1.5737
20260728 234724 728,4020.30,1,4020.50,4020.90,0.40,4020.40,2,4020.30,2,4019.80,1,4019.50,3,4019.40,5,4019.30,5,4019.20,5,4019.10,7,4019.00,15,4018.90,5,4020.80,2,4020.90,2,4021.50,5,4021.60,6,4021.70,6,4021.80,5,4021.90,5,4022.00,7,4022.10,5,4022.20,5,Sell,19,27,46,-8.00,5.00,-9.00,1.50,46.7,4019.60,4020.90,4019.40,4020.30,18,21,39,-3.00,1.00,-13.00,1.40,64.3,12,27,3.3333,0.1250,8.00,15.00,4023.92,-0.4247,DOWN,23.00,1.6957,1.5737
20260728 234724 728,4020.30,1,4020.50,4020.90,0.40,4020.40,2,4020.30,2,4019.80,1,4019.50,3,4019.40,5,4019.30,5,4019.20,5,4019.10,7,4019.00,15,4018.90,5,4020.80,2,4020.90,2,4021.50,5,4021.60,6,4021.70,6,4021.80,5,4021.90,5,4022.00,7,4022.10,5,4022.20,5,Sell,19,28,47,-9.00,5.00,-9.00,1.50,46.7,4019.60,4020.90,4019.40,4020.30,18,21,39,-3.00,1.00,-13.00,1.40,64.3,12,27,3.3333,0.0000,7.00,14.00,4023.92,-0.4247,DOWN,23.00,1.6957,1.5737
20260728 234735 053,4020.70,1,4020.60,4021.00,0.40,4020.60,2,4020.50,4,4020.00,2,4019.80,1,4019.70,1,4019.60,6,4019.50,6,4019.40,5,4019.30,5,4019.20,5,4021.00,5,4021.10,1,4021.60,1,4021.70,1,4021.80,5,4021.90,5,4022.00,7,4022.10,5,4022.20,5,4022.30,5,Sell,19,29,48,-10.00,5.00,-10.00,1.50,73.3,4019.60,4020.90,4019.40,4020.70,18,21,39,-3.00,1.00,-13.00,1.40,64.3,12,27,3.3333,0.0000,6.00,13.00,4023.96,-0.4120,DOWN,23.00,1.6957,1.5737
20260728 234736 589,4021.10,1,4020.50,4020.90,0.40,4020.50,2,4020.40,2,4020.00,2,4019.70,1,4019.60,2,4019.50,1,4019.40,5,4019.30,5,4019.20,5,4019.10,5,4020.90,2,4021.00,3,4021.70,1,4021.90,6,4022.00,7,4022.10,5,4022.20,5,4022.30,5,4022.40,5,4022.50,5,Sell,19,30,49,-11.00,5.00,-11.00,1.70,88.2,4019.60,4021.10,4019.40,4021.10,18,21,39,-3.00,1.00,-13.00,1.40,64.3,12,27,3.3333,0.0000,5.00,12.00,4023.99,-0.3993,DOWN,23.00,1.6957,1.5879
20260728 234736 589,4021.00,1,4020.50,4020.90,0.40,4020.50,2,4020.40,2,4020.00,2,4019.70,1,4019.60,2,4019.50,1,4019.40,5,4019.30,5,4019.20,5,4019.10,5,4020.90,2,4021.00,3,4021.70,1,4021.90,6,4022.00,7,4022.10,5,4022.20,5,4022.30,5,4022.40,5,4022.50,5,Sell,19,31,50,-12.00,5.00,-12.00,1.70,82.4,4019.60,4021.10,4019.40,4021.00,18,21,39,-3.00,1.00,-13.00,1.40,64.3,12,27,3.3333,0.0000,4.00,11.00,4023.98,-0.4025,DOWN,23.00,1.6957,1.5879
20260728 234736 589,4020.90,1,4020.50,4020.90,0.40,4020.50,2,4020.40,2,4020.00,2,4019.70,1,4019.60,2,4019.50,1,4019.40,5,4019.30,5,4019.20,5,4019.10,5,4020.90,2,4021.00,3,4021.70,1,4021.90,6,4022.00,7,4022.10,5,4022.20,5,4022.30,5,4022.40,5,4022.50,5,Sell,19,32,51,-13.00,5.00,-13.00,1.70,76.5,4019.60,4021.10,4019.40,4020.90,18,21,39,-3.00,1.00,-13.00,1.40,64.3,12,27,3.3333,0.0000,3.00,10.00,4023.98,-0.4057,DOWN,23.00,1.6957,1.5879
20260728 234736 589,4020.90,1,4020.50,4020.90,0.40,4020.50,2,4020.40,2,4020.00,2,4019.70,1,4019.60,2,4019.50,1,4019.40,5,4019.30,5,4019.20,5,4019.10,5,4020.90,2,4021.00,3,4021.70,1,4021.90,6,4022.00,7,4022.10,5,4022.20,5,4022.30,5,4022.40,5,4022.50,5,Sell,19,33,52,-14.00,5.00,-14.00,1.70,76.5,4019.60,4021.10,4019.40,4020.90,18,21,39,-3.00,1.00,-13.00,1.40,64.3,12,27,3.3333,0.0000,2.00,9.00,4023.98,-0.4057,DOWN,23.00,1.6957,1.5879
20260728 234736 589,4020.80,1,4020.50,4020.90,0.40,4020.50,2,4020.40,2,4020.00,2,4019.70,1,4019.60,2,4019.50,1,4019.40,5,4019.30,5,4019.20,5,4019.10,5,4020.90,2,4021.00,3,4021.70,1,4021.90,6,4022.00,7,4022.10,5,4022.20,5,4022.30,5,4022.40,5,4022.50,5,Sell,19,34,53,-15.00,5.00,-15.00,1.70,70.6,4019.60,4021.10,4019.40,4020.80,18,21,39,-3.00,1.00,-13.00,1.40,64.3,12,27,3.3333,0.0000,1.00,8.00,4023.97,-0.4089,DOWN,23.00,1.6957,1.5879
20260728 234736 590,4020.70,1,4020.50,4020.90,0.40,4020.50,2,4020.40,2,4020.00,2,4019.70,1,4019.60,2,4019.50,1,4019.40,5,4019.30,5,4019.20,5,4019.10,5,4020.90,2,4021.00,3,4021.70,1,4021.90,6,4022.00,7,4022.10,5,4022.20,5,4022.30,5,4022.40,5,4022.50,5,Sell,19,35,54,-16.00,5.00,-16.00,1.70,64.7,4019.60,4021.10,4019.40,4020.70,18,21,39,-3.00,1.00,-13.00,1.40,64.3,12,27,3.3333,0.0000,0.00,7.00,4023.96,-0.4120,DOWN,23.00,1.6957,1.5879
20260728 234740 530,4021.00,1,4020.60,4021.00,0.40,4020.60,2,4020.50,1,4020.00,2,4019.70,1,4019.60,2,4019.50,1,4019.40,5,4019.20,5,4019.10,5,4019.00,15,4021.00,1,4021.10,3,4021.60,1,4021.70,5,4021.80,5,4021.90,5,4022.00,7,4022.10,5,4022.20,5,4022.30,5,Buy,20,35,55,-15.00,5.00,-16.00,1.70,82.4,4019.60,4021.10,4019.40,4021.00,18,21,39,-3.00,1.00,-13.00,1.40,64.3,12,27,3.3333,0.0667,1.00,8.00,4023.98,-0.4025,DOWN,23.00,1.6957,1.5879
20260728 234740 530,4021.10,1,4020.60,4021.00,0.40,4020.60,2,4020.50,1,4020.00,2,4019.70,1,4019.60,2,4019.50,1,4019.40,5,4019.20,5,4019.10,5,4019.00,15,4021.00,1,4021.10,3,4021.60,1,4021.70,5,4021.80,5,4021.90,5,4022.00,7,4022.10,5,4022.20,5,4022.30,5,Buy,21,35,56,-14.00,5.00,-16.00,1.70,88.2,4019.60,4021.10,4019.40,4021.10,18,21,39,-3.00,1.00,-13.00,1.40,64.3,12,27,3.3333,0.1429,2.00,9.00,4023.99,-0.3993,DOWN,23.00,1.6957,1.5879
20260728 234740 530,4021.10,1,4020.60,4021.00,0.40,4020.60,2,4020.50,1,4020.00,2,4019.70,1,4019.60,2,4019.50,1,4019.40,5,4019.20,5,4019.10,5,4019.00,15,4021.00,1,4021.10,3,4021.60,1,4021.70,5,4021.80,5,4021.90,5,4022.00,7,4022.10,5,4022.20,5,4022.30,5,Buy,22,35,57,-13.00,5.00,-16.00,1.70,88.2,4019.60,4021.10,4019.40,4021.10,18,21,39,-3.00,1.00,-13.00,1.40,64.3,12,27,3.3333,0.2308,3.00,10.00,4023.99,-0.3993,DOWN,23.00,1.6957,1.5879
20260728 234741 453,4021.00,1,4020.70,4021.00,0.30,4020.70,1,4020.60,2,4020.00,2,4019.70,1,4019.60,7,4019.50,6,4019.40,5,4019.30,5,4019.20,5,4019.10,5,4021.00,1,4021.10,2,4021.60,1,4021.70,5,4021.80,5,4021.90,5,4022.00,7,4022.10,5,4022.20,5,4022.30,5,Buy,23,35,58,-12.00,5.00,-16.00,1.70,82.4,4019.60,4021.10,4019.40,4021.00,18,21,39,-3.00,1.00,-13.00,1.40,64.3,12,27,3.3333,0.3333,4.00,11.00,4023.98,-0.4025,DOWN,23.00,1.6957,1.5879
20260728 234741 453,4021.00,1,4020.70,4021.00,0.30,4020.70,1,4020.60,2,4020.00,2,4019.70,1,4019.60,7,4019.50,6,4019.40,5,4019.30,5,4019.20,5,4019.10,5,4021.00,1,4021.10,2,4021.60,1,4021.70,5,4021.80,5,4021.90,5,4022.00,7,4022.10,5,4022.20,5,4022.30,5,Buy,24,35,59,-11.00,5.00,-16.00,1.70,82.4,4019.60,4021.10,4019.40,4021.00,18,21,39,-3.00,1.00,-13.00,1.40,64.3,12,27,3.3333,0.4545,5.00,12.00,4023.98,-0.4025,DOWN,23.00,1.6957,1.5879
20260728 234741 453,4021.10,1,4020.70,4021.00,0.30,4020.70,1,4020.60,2,4020.00,2,4019.70,1,4019.60,7,4019.50,6,4019.40,5,4019.30,5,4019.20,5,4019.10,5,4021.00,1,4021.10,2,4021.60,1,4021.70,5,4021.80,5,4021.90,5,4022.00,7,4022.10,5,4022.20,5,4022.30,5,Buy,25,35,60,-10.00,5.00,-16.00,1.70,88.2,4019.60,4021.10,4019.40,4021.10,18,21,39,-3.00,1.00,-13.00,1.40,64.3,12,27,3.3333,0.6000,6.00,13.00,4023.99,-0.3993,DOWN,23.00,1.6957,1.5879
20260728 234741 850,4020.70,1,4020.60,4021.00,0.40,4020.60,2,4020.50,1,4020.00,2,4019.70,1,4019.60,7,4019.50,6,4019.40,5,4019.30,5,4019.20,5,4019.10,5,4021.00,2,4021.10,2,4021.70,5,4021.80,5,4021.90,5,4022.00,7,4022.10,5,4022.20,5,4022.30,5,4022.40,5,Sell,25,36,61,-11.00,5.00,-16.00,1.70,64.7,4019.60,4021.10,4019.40,4020.70,18,21,39,-3.00,1.00,-13.00,1.40,64.3,12,27,3.3333,0.4545,5.00,12.00,4023.96,-0.4120,DOWN,23.00,1.6957,1.5879
20260728 234747 485,4020.40,1,4020.30,4020.70,0.40,4020.30,3,4020.20,3,4020.00,2,4019.70,1,4019.60,1,4019.50,1,4019.30,5,4019.20,5,4019.10,5,4019.00,15,4020.70,1,4020.80,2,4021.40,1,4021.50,5,4021.60,5,4021.70,5,4021.80,5,4021.90,5,4022.00,7,4022.10,5,Buy,26,36,62,-10.00,5.00,-16.00,1.70,47.1,4019.60,4021.10,4019.40,4020.40,18,21,39,-3.00,1.00,-13.00,1.40,64.3,12,27,3.3333,0.6000,6.00,13.00,4023.93,-0.4216,DOWN,23.00,1.6957,1.5879
20260728 234748 031,4020.40,1,4020.10,4020.50,0.40,4020.10,2,4020.00,6,4019.60,1,4019.50,1,4019.30,5,4019.20,5,4019.10,5,4019.00,15,4018.90,5,4018.80,6,4020.50,1,4020.60,2,4021.40,5,4021.50,5,4021.60,5,4021.70,6,4021.80,5,4021.90,5,4022.00,7,4022.10,5,Sell,26,37,63,-11.00,5.00,-16.00,1.70,47.1,4019.60,4021.10,4019.40,4020.40,18,21,39,-3.00,1.00,-13.00,1.40,64.3,12,27,3.3333,0.4545,5.00,12.00,4023.93,-0.4216,DOWN,23.00,1.6957,1.5879
20260728 234748 031,4020.40,1,4020.10,4020.50,0.40,4020.10,2,4020.00,6,4019.60,1,4019.50,1,4019.30,5,4019.20,5,4019.10,5,4019.00,15,4018.90,5,4018.80,6,4020.50,1,4020.60,2,4021.40,5,4021.50,5,4021.60,5,4021.70,6,4021.80,5,4021.90,5,4022.00,7,4022.10,5,Sell,26,38,64,-12.00,5.00,-16.00,1.70,47.1,4019.60,4021.10,4019.40,4020.40,18,21,39,-3.00,1.00,-13.00,1.40,64.3,12,27,3.3333,0.3333,4.00,11.00,4023.93,-0.4216,DOWN,23.00,1.6957,1.5879
20260728 234749 170,4020.10,2,4020.00,4020.50,0.50,4019.60,2,4019.50,2,4019.10,1,4019.00,10,4018.80,1,4018.70,5,4018.60,5,4018.50,6,4018.40,6,4018.30,5,4020.00,1,4020.10,3,4020.70,1,4020.80,5,4020.90,5,4021.00,5,4021.10,5,4021.20,5,4021.30,5,4021.40,5,Sell,26,40,66,-14.00,5.00,-16.00,1.70,29.4,4019.60,4021.10,4019.40,4020.10,18,21,39,-3.00,1.00,-13.00,1.40,64.3,12,27,3.3333,0.1429,2.00,9.00,4023.90,-0.4311,DOWN,23.00,1.6957,1.5879
20260728 234749 170,4020.10,1,4020.00,4020.50,0.50,4019.60,2,4019.50,2,4019.10,1,4019.00,10,4018.80,1,4018.70,5,4018.60,5,4018.50,6,4018.40,6,4018.30,5,4020.00,1,4020.10,3,4020.70,1,4020.80,5,4020.90,5,4021.00,5,4021.10,5,4021.20,5,4021.30,5,4021.40,5,Sell,26,41,67,-15.00,5.00,-16.00,1.70,29.4,4019.60,4021.10,4019.40,4020.10,18,21,39,-3.00,1.00,-13.00,1.40,64.3,12,27,3.3333,0.0667,1.00,8.00,4023.90,-0.4311,DOWN,23.00,1.6957,1.5879
20260728 234749 170,4020.00,2,4020.00,4020.50,0.50,4019.60,2,4019.50,2,4019.10,1,4019.00,10,4018.80,1,4018.70,5,4018.60,5,4018.50,6,4018.40,6,4018.30,5,4020.00,1,4020.10,3,4020.70,1,4020.80,5,4020.90,5,4021.00,5,4021.10,5,4021.20,5,4021.30,5,4021.40,5,Sell,26,43,69,-17.00,5.00,-17.00,1.70,23.5,4019.60,4021.10,4019.40,4020.00,18,21,39,-3.00,1.00,-13.00,1.40,64.3,12,27,3.3333,0.0000,-1.00,6.00,4023.89,-0.4343,DOWN,23.00,1.6957,1.5879
20260728 234752 943,4020.00,1,4019.70,4020.10,0.40,4019.70,3,4019.60,4,4019.10,1,4019.00,10,4018.80,6,4018.70,5,4018.60,5,4018.50,6,4018.40,6,4018.30,5,4020.10,3,4020.20,2,4020.80,5,4020.90,5,4021.00,5,4021.10,5,4021.20,5,4021.30,6,4021.40,5,4021.50,5,Buy,27,43,70,-16.00,5.00,-17.00,1.70,23.5,4019.60,4021.10,4019.40,4020.00,18,21,39,-3.00,1.00,-13.00,1.40,64.3,12,27,3.3333,0.0625,0.00,7.00,4023.89,-0.4343,DOWN,23.00,1.6957,1.5879
20260728 234755 162,4020.00,1,4019.70,4020.00,0.30,4019.70,2,4019.60,4,4019.30,1,4019.20,20,4019.10,1,4019.00,10,4018.80,6,4018.70,5,4018.60,5,4018.50,6,4020.00,1,4020.10,4,4020.30,1,4020.80,5,4020.90,6,4021.00,5,4021.10,5,4021.20,5,4021.30,5,4021.40,5,Buy,28,43,71,-15.00,5.00,-17.00,1.70,23.5,4019.60,4021.10,4019.40,4020.00,18,21,39,-3.00,1.00,-13.00,1.40,64.3,12,27,3.3333,0.1333,1.00,8.00,4023.89,-0.4343,DOWN,23.00,1.6957,1.5879
20260728 234757 560,4019.70,1,4019.50,4019.90,0.40,4019.50,2,4019.40,5,4019.30,1,4019.20,20,4019.10,1,4019.00,10,4018.80,1,4018.60,5,4018.50,6,4018.40,6,4019.90,2,4020.00,4,4020.30,1,4020.80,6,4020.90,5,4021.00,5,4021.10,5,4021.20,5,4021.30,5,4021.40,5,Sell,28,44,72,-16.00,5.00,-17.00,1.70,5.9,4019.60,4021.10,4019.40,4019.70,18,21,39,-3.00,1.00,-13.00,1.40,64.3,12,27,3.3333,0.0625,0.00,7.00,4023.86,-0.4438,DOWN,23.00,1.6957,1.5879
20260728 234759 999,4020.00,1,4019.60,4020.00,0.40,4019.60,2,4019.50,2,4019.30,1,4019.20,20,4019.10,1,4019.00,10,4018.80,1,4018.60,5,4018.50,6,4018.40,6,4020.00,1,4020.10,2,4020.20,1,4020.30,1,4020.60,5,4020.70,5,4020.80,5,4020.90,5,4021.00,5,4021.10,5,Buy,29,44,73,-15.00,5.00,-17.00,1.70,23.5,4019.60,4021.10,4019.40,4020.00,18,21,39,-3.00,1.00,-13.00,1.40,64.3,12,27,3.3333,0.1333,1.00,8.00,4023.89,-0.4343,DOWN,23.00,1.6957,1.5879
20260728 234802 616,4019.70,1,4019.50,4019.90,0.40,4019.50,3,4019.40,9,4019.30,1,4019.20,20,4019.00,10,4018.80,1,4018.70,5,4018.60,5,4018.50,6,4018.40,6,4019.90,1,4020.00,4,4020.30,1,4020.70,1,4020.80,5,4020.90,5,4021.00,5,4021.10,5,4021.20,5,4021.30,5,Sell,0,1,1,-1.00,-1.00,-1.00,0.00,0.0,4019.70,4019.70,4019.70,4019.70,29,44,73,-15.00,5.00,-17.00,1.70,23.5,-18,72,0.1333,0.0000,1.00,2.00,4023.86,-0.4438,DOWN,25.20,2.8968,1.4959
20260728 234812 003,4019.40,2,4019.40,4019.70,0.30,4019.40,23,4019.30,3,4019.20,20,4019.00,10,4018.80,1,4018.70,5,4018.60,5,4018.50,6,4018.40,6,4018.30,5,4019.70,3,4019.80,4,4020.20,1,4020.30,1,4020.60,5,4020.70,5,4020.80,5,4020.90,5,4021.00,5,4021.10,5,Sell,0,3,3,-3.00,-1.00,-3.00,0.30,100.0,4019.70,4019.70,4019.40,4019.40,29,44,73,-15.00,5.00,-17.00,1.70,23.5,-18,72,0.1333,0.0000,-1.00,0.00,4023.83,-0.4533,DOWN,25.20,2.8968,1.5174
20260728 234818 582,4019.50,1,4019.40,4019.50,0.10,4019.40,20,4019.30,1,4019.20,22,4019.00,10,4018.80,1,4018.70,5,4018.60,5,4018.50,6,4018.40,6,4018.30,5,4019.50,1,4019.60,3,4020.20,1,4020.30,1,4020.60,5,4020.80,5,4020.90,5,4021.00,5,4021.10,5,4021.20,5,Buy,1,3,4,-2.00,-1.00,-3.00,0.30,66.7,4019.70,4019.70,4019.40,4019.50,29,44,73,-15.00,5.00,-17.00,1.70,23.5,-18,72,0.1333,0.5000,0.00,1.00,4023.84,-0.4501,DOWN,25.20,2.8968,1.5174
20260728 234819 068,4019.50,1,4019.40,4019.60,0.20,4019.40,20,4019.30,2,4019.20,20,4019.00,10,4018.80,1,4018.70,5,4018.60,5,4018.50,6,4018.40,6,4018.30,5,4019.70,3,4019.80,3,4020.20,1,4020.30,1,4020.60,5,4020.80,5,4020.90,5,4021.00,5,4021.10,5,4021.20,5,Buy,2,3,5,-1.00,-1.00,-3.00,0.30,66.7,4019.70,4019.70,4019.40,4019.50,29,44,73,-15.00,5.00,-17.00,1.70,23.5,-18,72,0.1333,2.0000,1.00,2.00,4023.84,-0.4501,DOWN,25.20,2.8968,1.5174
20260728 234820 068,4019.30,1,4019.20,4019.30,0.10,4019.40,20,4019.20,20,4019.10,2,4019.00,10,4018.80,1,4018.70,5,4018.60,5,4018.50,6,4018.40,6,4018.30,5,4019.60,3,4019.70,4,4020.20,1,4020.30,1,4020.60,5,4020.70,5,4020.80,5,4020.90,5,4021.00,5,4021.10,5,Sell,2,4,6,-2.00,-1.00,-3.00,0.40,100.0,4019.70,4019.70,4019.30,4019.30,29,44,73,-15.00,5.00,-17.00,1.70,23.5,-18,72,0.1333,0.5000,0.00,1.00,4023.82,-0.4565,DOWN,25.20,2.8968,1.5245
20260728 234820 075,4019.40,6,4019.20,4019.30,0.10,4019.40,20,4019.20,20,4019.10,2,4019.00,10,4018.80,1,4018.70,5,4018.60,5,4018.50,6,4018.40,6,4018.30,5,4019.60,3,4019.70,4,4020.20,1,4020.30,1,4020.60,5,4020.70,5,4020.80,5,4020.90,5,4021.00,5,4021.10,5,Sell,2,10,12,-8.00,-1.00,-8.00,0.40,75.0,4019.70,4019.70,4019.30,4019.40,29,44,73,-15.00,5.00,-17.00,1.70,23.5,-18,72,0.1333,0.0000,-6.00,-5.00,4023.83,-0.4533,DOWN,25.20,2.8968,1.5245
20260728 234820 076,4019.30,1,4019.20,4019.30,0.10,4019.40,20,4019.20,20,4019.10,2,4019.00,10,4018.80,1,4018.70,5,4018.60,5,4018.50,6,4018.40,6,4018.30,5,4019.60,3,4019.70,4,4020.20,1,4020.30,1,4020.60,5,4020.70,5,4020.80,5,4020.90,5,4021.00,5,4021.10,5,Sell,2,11,13,-9.00,-1.00,-9.00,0.40,100.0,4019.70,4019.70,4019.30,4019.30,29,44,73,-15.00,5.00,-17.00,1.70,23.5,-18,72,0.1333,0.0000,-7.00,-6.00,4023.82,-0.4565,DOWN,25.20,2.8968,1.5245
20260728 234820 076,4019.20,9,4019.20,4019.30,0.10,4019.40,20,4019.20,20,4019.10,2,4019.00,10,4018.80,1,4018.70,5,4018.60,5,4018.50,6,4018.40,6,4018.30,5,4019.60,3,4019.70,4,4020.20,1,4020.30,1,4020.60,5,4020.70,5,4020.80,5,4020.90,5,4021.00,5,4021.10,5,Sell,2,20,22,-18.00,-1.00,-18.00,0.50,100.0,4019.70,4019.70,4019.20,4019.20,29,44,73,-15.00,5.00,-17.00,1.70,23.5,-18,72,0.1333,0.0000,-16.00,-15.00,4023.81,-0.4597,DOWN,25.20,2.8968,1.5317
20260728 234820 076,4019.20,2,4019.20,4019.30,0.10,4019.40,20,4019.20,20,4019.10,2,4019.00,10,4018.80,1,4018.70,5,4018.60,5,4018.50,6,4018.40,6,4018.30,5,4019.60,3,4019.70,4,4020.20,1,4020.30,1,4020.60,5,4020.70,5,4020.80,5,4020.90,5,4021.00,5,4021.10,5,Sell,2,22,24,-20.00,-1.00,-20.00,0.50,100.0,4019.70,4019.70,4019.20,4019.20,29,44,73,-15.00,5.00,-17.00,1.70,23.5,-18,72,0.1333,0.0000,-18.00,-17.00,4023.81,-0.4597,DOWN,25.20,2.8968,1.5317
20260728 234820 079,4019.20,1,4019.20,4019.30,0.10,4019.40,20,4019.20,20,4019.10,2,4019.00,10,4018.80,1,4018.70,5,4018.60,5,4018.50,6,4018.40,6,4018.30,5,4019.60,3,4019.70,4,4020.20,1,4020.30,1,4020.60,5,4020.70,5,4020.80,5,4020.90,5,4021.00,5,4021.10,5,Sell,2,23,25,-21.00,-1.00,-21.00,0.50,100.0,4019.70,4019.70,4019.20,4019.20,29,44,73,-15.00,5.00,-17.00,1.70,23.5,-18,72,0.1333,0.0000,-19.00,-18.00,4023.81,-0.4597,DOWN,25.20,2.8968,1.5317
20260728 234820 080,4019.20,2,4019.20,4019.30,0.10,4019.40,20,4019.20,20,4019.10,2,4019.00,10,4018.80,1,4018.70,5,4018.60,5,4018.50,6,4018.40,6,4018.30,5,4019.60,3,4019.70,4,4020.20,1,4020.30,1,4020.60,5,4020.70,5,4020.80,5,4020.90,5,4021.00,5,4021.10,5,Sell,2,25,27,-23.00,-1.00,-23.00,0.50,100.0,4019.70,4019.70,4019.20,4019.20,29,44,73,-15.00,5.00,-17.00,1.70,23.5,-18,72,0.1333,0.0000,-21.00,-20.00,4023.81,-0.4597,DOWN,25.20,2.8968,1.5317
20260728 234820 081,4019.20,6,4019.20,4019.30,0.10,4019.40,20,4019.20,20,4019.10,2,4019.00,10,4018.80,1,4018.70,5,4018.60,5,4018.50,6,4018.40,6,4018.30,5,4019.60,3,4019.70,4,4020.20,1,4020.30,1,4020.60,5,4020.70,5,4020.80,5,4020.90,5,4021.00,5,4021.10,5,Sell,2,31,33,-29.00,-1.00,-29.00,0.50,100.0,4019.70,4019.70,4019.20,4019.20,29,44,73,-15.00,5.00,-17.00,1.70,23.5,-18,72,0.1333,0.0000,-27.00,-26.00,4023.81,-0.4597,DOWN,25.20,2.8968,1.5317
20260728 234820 104,4019.00,7,4018.90,4019.30,0.40,4018.90,3,4018.80,1,4018.70,4,4018.40,1,4018.30,2,4018.20,5,4018.10,5,4018.00,5,4017.90,5,4017.80,5,4019.30,1,4019.40,5,4020.10,1,4020.20,1,4020.30,2,4020.40,5,4020.50,5,4020.60,5,4020.70,5,4020.80,5,Sell,2,38,40,-36.00,-1.00,-36.00,0.70,100.0,4019.70,4019.70,4019.00,4019.00,29,44,73,-15.00,5.00,-17.00,1.70,23.5,-18,72,0.1333,0.0000,-34.00,-33.00,4023.79,-0.4660,DOWN,25.20,2.8968,1.5459
20260728 234820 105,4019.00,3,4018.90,4019.30,0.40,4018.90,3,4018.80,1,4018.70,4,4018.40,1,4018.30,2,4018.20,5,4018.10,5,4018.00,5,4017.90,5,4017.80,5,4019.30,1,4019.40,5,4020.10,1,4020.20,1,4020.30,2,4020.40,5,4020.50,5,4020.60,5,4020.70,5,4020.80,5,Sell,2,41,43,-39.00,-1.00,-39.00,0.70,100.0,4019.70,4019.70,4019.00,4019.00,29,44,73,-15.00,5.00,-17.00,1.70,23.5,-18,72,0.1333,0.0000,-37.00,-36.00,4023.79,-0.4660,DOWN,25.20,2.8968,1.5459
20260728 234834 732,4018.80,1,4018.50,4018.90,0.40,4018.50,2,4018.40,3,4018.00,1,4017.60,5,4017.50,6,4017.40,5,4017.30,5,4017.20,5,4017.10,5,4017.00,6,4018.90,3,4019.00,3,4019.60,3,4019.70,5,4019.80,5,4019.90,5,4020.00,10,4020.10,6,4020.20,6,4020.30,7,Buy,3,41,44,-38.00,-1.00,-39.00,0.90,100.0,4019.70,4019.70,4018.80,4018.80,29,44,73,-15.00,5.00,-17.00,1.70,23.5,-18,72,0.1333,0.0263,-36.00,-35.00,4023.78,-0.4724,DOWN,25.20,2.8968,1.5602
20260728 234838 716,4018.80,1,4018.50,4018.80,0.30,4018.50,2,4018.40,2,4017.70,2,4017.60,5,4017.50,7,4017.40,5,4017.30,5,4017.20,5,4017.10,5,4017.00,6,4018.80,1,4018.90,3,4019.50,1,4019.60,2,4019.70,5,4019.80,5,4019.90,5,4020.00,10,4020.10,6,4020.20,6,Buy,4,41,45,-37.00,-1.00,-39.00,0.90,100.0,4019.70,4019.70,4018.80,4018.80,29,44,73,-15.00,5.00,-17.00,1.70,23.5,-18,72,0.1333,0.0541,-35.00,-34.00,4023.78,-0.4724,DOWN,25.20,2.8968,1.5602
20260728 234843 464,4019.00,1,4018.80,4019.20,0.40,4018.80,3,4018.70,6,4018.40,1,4017.80,5,4017.60,5,4017.50,7,4017.40,5,4017.30,5,4017.20,5,4017.10,5,4019.20,3,4019.30,2,4019.80,3,4019.90,5,4020.00,10,4020.10,6,4020.20,6,4020.30,6,4020.40,5,4020.50,5,Buy,5,41,46,-36.00,-1.00,-39.00,0.90,77.8,4019.70,4019.70,4018.80,4019.00,29,44,73,-15.00,5.00,-17.00,1.70,23.5,-18,72,0.1333,0.0833,-34.00,-33.00,4023.79,-0.4660,DOWN,25.20,2.8968,1.5602
20260728 234843 464,4019.00,1,4018.80,4019.20,0.40,4018.80,3,4018.70,6,4018.40,1,4017.80,5,4017.60,5,4017.50,7,4017.40,5,4017.30,5,4017.20,5,4017.10,5,4019.20,3,4019.30,2,4019.80,3,4019.90,5,4020.00,10,4020.10,6,4020.20,6,4020.30,6,4020.40,5,4020.50,5,Buy,6,41,47,-35.00,-1.00,-39.00,0.90,77.8,4019.70,4019.70,4018.80,4019.00,29,44,73,-15.00,5.00,-17.00,1.70,23.5,-18,72,0.1333,0.1143,-33.00,-32.00,4023.79,-0.4660,DOWN,25.20,2.8968,1.5602
20260728 234843 464,4019.00,1,4018.80,4019.20,0.40,4018.80,3,4018.70,6,4018.40,1,4017.80,5,4017.60,5,4017.50,7,4017.40,5,4017.30,5,4017.20,5,4017.10,5,4019.20,3,4019.30,2,4019.80,3,4019.90,5,4020.00,10,4020.10,6,4020.20,6,4020.30,6,4020.40,5,4020.50,5,Buy,7,41,48,-34.00,-1.00,-39.00,0.90,77.8,4019.70,4019.70,4018.80,4019.00,29,44,73,-15.00,5.00,-17.00,1.70,23.5,-18,72,0.1333,0.1471,-32.00,-31.00,4023.79,-0.4660,DOWN,25.20,2.8968,1.5602
20260728 234843 464,4019.00,1,4018.80,4019.20,0.40,4018.80,3,4018.70,6,4018.40,1,4017.80,5,4017.60,5,4017.50,7,4017.40,5,4017.30,5,4017.20,5,4017.10,5,4019.20,3,4019.30,2,4019.80,3,4019.90,5,4020.00,10,4020.10,6,4020.20,6,4020.30,6,4020.40,5,4020.50,5,Buy,8,41,49,-33.00,-1.00,-39.00,0.90,77.8,4019.70,4019.70,4018.80,4019.00,29,44,73,-15.00,5.00,-17.00,1.70,23.5,-18,72,0.1333,0.1818,-31.00,-30.00,4023.79,-0.4660,DOWN,25.20,2.8968,1.5602
20260728 234851 436,4019.60,1,4019.50,4019.90,0.40,4019.50,3,4019.40,3,4019.10,3,4019.00,4,4018.40,6,4018.30,5,4018.20,5,4018.10,5,4018.00,5,4017.90,5,4019.90,5,4020.00,10,4020.70,5,4020.80,5,4020.90,5,4021.00,5,4021.10,5,4021.20,5,4021.30,5,4021.40,5,Sell,8,42,50,-34.00,-1.00,-39.00,0.90,11.1,4019.70,4019.70,4018.80,4019.60,29,44,73,-15.00,5.00,-17.00,1.70,23.5,-18,72,0.1333,0.1471,-32.00,-31.00,4023.85,-0.4470,DOWN,25.20,2.8968,1.5602
20260728 234851 436,4019.60,1,4019.50,4019.90,0.40,4019.50,3,4019.40,3,4019.10,3,4019.00,4,4018.40,6,4018.30,5,4018.20,5,4018.10,5,4018.00,5,4017.90,5,4019.90,5,4020.00,10,4020.70,5,4020.80,5,4020.90,5,4021.00,5,4021.10,5,4021.20,5,4021.30,5,4021.40,5,Sell,8,43,51,-35.00,-1.00,-39.00,0.90,11.1,4019.70,4019.70,4018.80,4019.60,29,44,73,-15.00,5.00,-17.00,1.70,23.5,-18,72,0.1333,0.1143,-33.00,-32.00,4023.85,-0.4470,DOWN,25.20,2.8968,1.5602
20260728 234852 380,4019.60,1,4019.60,4019.90,0.30,4019.60,1,4019.50,3,4019.10,3,4019.00,4,4018.40,6,4018.30,5,4018.20,5,4018.10,5,4018.00,5,4017.90,5,4019.90,3,4020.00,10,4020.70,5,4020.80,5,4020.90,5,4021.00,5,4021.10,5,4021.20,5,4021.30,5,4021.40,5,Sell,8,44,52,-36.00,-1.00,-39.00,0.90,11.1,4019.70,4019.70,4018.80,4019.60,29,44,73,-15.00,5.00,-17.00,1.70,23.5,-18,72,0.1333,0.0833,-34.00,-33.00,4023.85,-0.4470,DOWN,25.20,2.8968,1.5602
20260728 234852 439,4019.60,1,4019.50,4019.90,0.40,4019.50,2,4019.40,3,4019.10,3,4019.00,4,4018.40,1,4018.20,5,4018.10,5,4018.00,5,4017.90,5,4017.80,5,4019.90,5,4020.00,9,4020.60,5,4020.70,5,4020.80,5,4020.90,5,4021.00,5,4021.10,5,4021.20,5,4021.30,5,Sell,8,45,53,-37.00,-1.00,-39.00,0.90,11.1,4019.70,4019.70,4018.80,4019.60,29,44,73,-15.00,5.00,-17.00,1.70,23.5,-18,72,0.1333,0.0541,-35.00,-34.00,4023.85,-0.4470,DOWN,25.20,2.8968,1.5602
20260728 234901 176,4019.50,1,4019.50,4019.90,0.40,4019.40,3,4019.30,2,4019.00,4,4018.50,5,4018.40,2,4018.30,5,4018.20,5,4018.10,5,4018.00,5,4017.90,5,4019.80,2,4019.90,3,4020.00,7,4020.60,5,4020.70,5,4020.80,5,4020.90,5,4021.00,5,4021.10,5,4021.20,5,Sell,0,1,1,-1.00,-1.00,-1.00,0.00,0.0,4019.50,4019.50,4019.50,4019.50,8,45,53,-37.00,-1.00,-39.00,0.90,11.1,6,30,0.0541,0.0000,-79.00,-33.00,4023.84,-0.4501,DOWN,27.45,1.9308,1.4559
20260728 234901 176,4019.50,1,4019.50,4019.90,0.40,4019.40,3,4019.30,2,4019.00,4,4018.50,5,4018.40,2,4018.30,5,4018.20,5,4018.10,5,4018.00,5,4017.90,5,4019.80,2,4019.90,3,4020.00,7,4020.60,5,4020.70,5,4020.80,5,4020.90,5,4021.00,5,4021.10,5,4021.20,5,Sell,0,2,2,-2.00,-1.00,-2.00,0.00,0.0,4019.50,4019.50,4019.50,4019.50,8,45,53,-37.00,-1.00,-39.00,0.90,11.1,6,30,0.0541,0.0000,-80.00,-34.00,4023.84,-0.4501,DOWN,27.45,1.9308,1.4559
20260728 234901 176,4019.50,1,4019.50,4019.90,0.40,4019.40,3,4019.30,2,4019.00,4,4018.50,5,4018.40,2,4018.30,5,4018.20,5,4018.10,5,4018.00,5,4017.90,5,4019.80,2,4019.90,3,4020.00,7,4020.60,5,4020.70,5,4020.80,5,4020.90,5,4021.00,5,4021.10,5,4021.20,5,Sell,0,3,3,-3.00,-1.00,-3.00,0.00,0.0,4019.50,4019.50,4019.50,4019.50,8,45,53,-37.00,-1.00,-39.00,0.90,11.1,6,30,0.0541,0.0000,-81.00,-35.00,4023.84,-0.4501,DOWN,27.45,1.9308,1.4559
20260728 234901 176,4019.50,1,4019.50,4019.90,0.40,4019.40,3,4019.30,2,4019.00,4,4018.50,5,4018.40,2,4018.30,5,4018.20,5,4018.10,5,4018.00,5,4017.90,5,4019.80,2,4019.90,3,4020.00,7,4020.60,5,4020.70,5,4020.80,5,4020.90,5,4021.00,5,4021.10,5,4021.20,5,Sell,0,4,4,-4.00,-1.00,-4.00,0.00,0.0,4019.50,4019.50,4019.50,4019.50,8,45,53,-37.00,-1.00,-39.00,0.90,11.1,6,30,0.0541,0.0000,-82.00,-36.00,4023.84,-0.4501,DOWN,27.45,1.9308,1.4559
20260728 234905 159,4019.90,1,4019.40,4019.80,0.40,4019.40,2,4019.30,4,4019.10,1,4019.00,4,4018.60,5,4018.50,5,4018.40,2,4018.10,5,4018.00,5,4017.90,5,4019.80,3,4019.90,5,4020.00,7,4020.70,5,4020.80,5,4020.90,5,4021.00,5,4021.10,5,4021.20,5,4021.30,5,Buy,1,4,5,-3.00,-1.00,-4.00,0.40,100.0,4019.50,4019.90,4019.50,4019.90,8,45,53,-37.00,-1.00,-39.00,0.90,11.1,6,30,0.0541,0.3333,-81.00,-35.00,4023.88,-0.4374,DOWN,27.45,1.9308,1.4774
20260728 234905 182,4019.60,1,4019.40,4019.80,0.40,4019.40,2,4019.30,4,4019.10,1,4019.00,4,4018.60,5,4018.50,5,4018.40,2,4018.10,5,4018.00,5,4017.90,5,4019.80,3,4019.90,5,4020.00,7,4020.70,5,4020.80,5,4020.90,5,4021.00,5,4021.10,5,4021.20,5,4021.30,5,Sell,1,5,6,-4.00,-1.00,-4.00,0.40,25.0,4019.50,4019.90,4019.50,4019.60,8,45,53,-37.00,-1.00,-39.00,0.90,11.1,6,30,0.0541,0.0000,-82.00,-36.00,4023.85,-0.4470,DOWN,27.45,1.9308,1.4774
20260728 234905 182,4019.60,1,4019.40,4019.80,0.40,4019.40,2,4019.30,4,4019.10,1,4019.00,4,4018.60,5,4018.50,5,4018.40,2,4018.10,5,4018.00,5,4017.90,5,4019.80,3,4019.90,5,4020.00,7,4020.70,5,4020.80,5,4020.90,5,4021.00,5,4021.10,5,4021.20,5,4021.30,5,Sell,1,6,7,-5.00,-1.00,-5.00,0.40,25.0,4019.50,4019.90,4019.50,4019.60,8,45,53,-37.00,-1.00,-39.00,0.90,11.1,6,30,0.0541,0.0000,-83.00,-37.00,4023.85,-0.4470,DOWN,27.45,1.9308,1.4774
20260728 234905 182,4019.60,1,4019.40,4019.80,0.40,4019.40,2,4019.30,4,4019.10,1,4019.00,4,4018.60,5,4018.50,5,4018.40,2,4018.10,5,4018.00,5,4017.90,5,4019.80,3,4019.90,5,4020.00,7,4020.70,5,4020.80,5,4020.90,5,4021.00,5,4021.10,5,4021.20,5,4021.30,5,Sell,1,7,8,-6.00,-1.00,-6.00,0.40,25.0,4019.50,4019.90,4019.50,4019.60,8,45,53,-37.00,-1.00,-39.00,0.90,11.1,6,30,0.0541,0.0000,-84.00,-38.00,4023.85,-0.4470,DOWN,27.45,1.9308,1.4774
20260728 234907 752,4019.50,1,4019.40,4019.50,0.10,4019.40,1,4019.30,2,4019.00,4,4018.40,7,4018.10,5,4018.00,6,4017.90,5,4017.80,5,4017.70,5,4017.60,6,4019.80,3,4019.90,5,4020.00,7,4020.60,5,4020.70,5,4020.80,5,4020.90,5,4021.00,5,4021.10,5,4021.20,5,Buy,2,7,9,-5.00,-1.00,-6.00,0.40,0.0,4019.50,4019.90,4019.50,4019.50,8,45,53,-37.00,-1.00,-39.00,0.90,11.1,6,30,0.0541,0.2000,-83.00,-37.00,4023.84,-0.4501,DOWN,27.45,1.9308,1.4774
20260728 234914 420,4019.80,1,4019.50,4019.90,0.40,4019.50,3,4019.40,2,4019.00,4,4018.70,5,4018.60,5,4018.50,5,4018.40,7,4018.30,5,4018.20,5,4018.10,6,4019.90,3,4020.00,10,4020.70,5,4020.80,5,4020.90,5,4021.00,5,4021.10,5,4021.20,5,4021.30,5,4021.40,5,Sell,2,8,10,-6.00,-1.00,-6.00,0.40,75.0,4019.50,4019.90,4019.50,4019.80,8,45,53,-37.00,-1.00,-39.00,0.90,11.1,6,30,0.0541,0.0000,-84.00,-38.00,4023.87,-0.4406,DOWN,27.45,1.9308,1.4774
20260728 234916 605,4020.00,1,4019.60,4019.90,0.30,4019.60,1,4019.50,3,4019.00,4,4018.70,5,4018.60,5,4018.50,5,4018.40,7,4018.30,5,4018.20,5,4018.10,6,4019.90,2,4020.00,9,4020.60,6,4020.70,5,4020.80,5,4020.90,5,4021.00,5,4021.10,5,4021.20,5,4021.30,5,Buy,3,8,11,-5.00,-1.00,-6.00,0.50,100.0,4019.50,4020.00,4019.50,4020.00,8,45,53,-37.00,-1.00,-39.00,0.90,11.1,6,30,0.0541,0.2000,-83.00,-37.00,4023.89,-0.4343,DOWN,27.45,1.9308,1.4845
20260728 234921 051,4019.80,1,4019.50,4019.90,0.40,4019.50,3,4019.40,4,4019.30,2,4019.20,1,4019.10,1,4019.00,4,4018.40,2,4018.10,6,4018.00,5,4017.90,5,4019.90,3,4020.00,9,4020.80,5,4020.90,5,4021.00,5,4021.20,5,4021.30,6,4021.40,5,4021.50,6,4021.60,5,Buy,4,8,12,-4.00,-1.00,-6.00,0.50,60.0,4019.50,4020.00,4019.50,4019.80,8,45,53,-37.00,-1.00,-39.00,0.90,11.1,6,30,0.0541,0.5000,-82.00,-36.00,4023.87,-0.4406,DOWN,27.45,1.9308,1.4845
20260728 234921 051,4019.80,1,4019.50,4019.90,0.40,4019.50,3,4019.40,4,4019.30,2,4019.20,1,4019.10,1,4019.00,4,4018.40,2,4018.10,6,4018.00,5,4017.90,5,4019.90,3,4020.00,9,4020.80,5,4020.90,5,4021.00,5,4021.20,5,4021.30,6,4021.40,5,4021.50,6,4021.60,5,Buy,5,8,13,-3.00,-1.00,-6.00,0.50,60.0,4019.50,4020.00,4019.50,4019.80,8,45,53,-37.00,-1.00,-39.00,0.90,11.1,6,30,0.0541,1.0000,-81.00,-35.00,4023.87,-0.4406,DOWN,27.45,1.9308,1.4845
20260728 234921 051,4019.80,1,4019.50,4019.90,0.40,4019.50,3,4019.40,4,4019.30,2,4019.20,1,4019.10,1,4019.00,4,4018.40,2,4018.10,6,4018.00,5,4017.90,5,4019.90,3,4020.00,9,4020.80,5,4020.90,5,4021.00,5,4021.20,5,4021.30,6,4021.40,5,4021.50,6,4021.60,5,Buy,6,8,14,-2.00,-1.00,-6.00,0.50,60.0,4019.50,4020.00,4019.50,4019.80,8,45,53,-37.00,-1.00,-39.00,0.90,11.1,6,30,0.0541,2.0000,-80.00,-34.00,4023.87,-0.4406,DOWN,27.45,1.9308,1.4845
20260728 234928 336,4019.60,1,4019.60,4019.90,0.30,4019.60,1,4019.50,1,4019.10,1,4019.00,4,4018.60,5,4018.50,5,4018.40,7,4018.30,6,4018.20,5,4018.10,6,4019.90,2,4020.00,9,4020.50,1,4020.60,5,4020.70,5,4020.80,5,4020.90,5,4021.00,5,4021.10,5,4021.20,5,Sell,6,9,15,-3.00,-1.00,-6.00,0.50,20.0,4019.50,4020.00,4019.50,4019.60,8,45,53,-37.00,-1.00,-39.00,0.90,11.1,6,30,0.0541,1.0000,-81.00,-35.00,4023.85,-0.4470,DOWN,27.45,1.9308,1.4845
20260728 234928 336,4019.50,1,4019.60,4019.90,0.30,4019.60,1,4019.50,1,4019.10,1,4019.00,4,4018.60,5,4018.50,5,4018.40,7,4018.30,6,4018.20,5,4018.10,6,4019.90,2,4020.00,9,4020.50,1,4020.60,5,4020.70,5,4020.80,5,4020.90,5,4021.00,5,4021.10,5,4021.20,5,Sell,6,10,16,-4.00,-1.00,-6.00,0.50,0.0,4019.50,4020.00,4019.50,4019.50,8,45,53,-37.00,-1.00,-39.00,0.90,11.1,6,30,0.0541,0.5000,-82.00,-36.00,4023.84,-0.4501,DOWN,27.45,1.9308,1.4845
20260728 234929 555,4020.00,1,4020.20,4020.50,0.30,4020.20,1,4020.10,2,4019.30,2,4019.20,1,4019.10,1,4019.00,4,4018.40,2,4018.10,1,4017.90,5,4017.80,5,4020.50,1,4020.60,1,4020.80,1,4021.20,5,4021.30,5,4021.40,5,4021.50,6,4021.60,5,4021.70,6,4021.80,6,Buy,7,10,17,-3.00,-1.00,-6.00,0.50,100.0,4019.50,4020.00,4019.50,4020.00,8,45,53,-37.00,-1.00,-39.00,0.90,11.1,6,30,0.0541,1.0000,-81.00,-35.00,4023.89,-0.4343,DOWN,27.45,1.9308,1.4845
20260728 234929 555,4020.00,3,4020.20,4020.50,0.30,4020.20,1,4020.10,2,4019.30,2,4019.20,1,4019.10,1,4019.00,4,4018.40,2,4018.10,1,4017.90,5,4017.80,5,4020.50,1,4020.60,1,4020.80,1,4021.20,5,4021.30,5,4021.40,5,4021.50,6,4021.60,5,4021.70,6,4021.80,6,Buy,10,10,20,0.00,0.00,-6.00,0.50,100.0,4019.50,4020.00,4019.50,4020.00,8,45,53,-37.00,-1.00,-39.00,0.90,11.1,6,30,0.0541,0.0000,-78.00,-32.00,4023.89,-0.4343,DOWN,27.45,1.9308,1.4845
20260728 234929 555,4020.00,2,4020.20,4020.50,0.30,4020.20,1,4020.10,2,4019.30,2,4019.20,1,4019.10,1,4019.00,4,4018.40,2,4018.10,1,4017.90,5,4017.80,5,4020.50,1,4020.60,1,4020.80,1,4021.20,5,4021.30,5,4021.40,5,4021.50,6,4021.60,5,4021.70,6,4021.80,6,Buy,12,10,22,2.00,2.00,-6.00,0.50,100.0,4019.50,4020.00,4019.50,4020.00,8,45,53,-37.00,-1.00,-39.00,0.90,11.1,6,30,0.0541,0.0000,-76.00,-30.00,4023.89,-0.4343,DOWN,27.45,1.9308,1.4845
20260728 234929 846,4020.20,1,4020.10,4020.50,0.40,4020.10,3,4020.00,2,4019.40,1,4019.30,3,4019.20,1,4019.10,6,4019.00,9,4018.90,5,4018.80,5,4018.70,5,4020.50,3,4020.60,3,4020.80,1,4021.10,1,4021.20,5,4021.30,5,4021.40,5,4021.50,6,4021.60,5,4021.70,6,Sell,12,11,23,1.00,2.00,-6.00,0.70,100.0,4019.50,4020.20,4019.50,4020.20,8,45,53,-37.00,-1.00,-39.00,0.90,11.1,6,30,0.0541,1.0000,-77.00,-31.00,4023.91,-0.4279,DOWN,27.45,1.9308,1.4988
20260728 234932 562,4021.50,1,4021.40,4021.70,0.30,4021.40,2,4021.30,2,4019.50,1,4019.40,1,4019.30,6,4019.20,1,4019.10,1,4019.00,4,4018.40,2,4018.00,34,4021.70,2,4021.80,6,4021.90,1,4022.00,1,4022.10,1,4022.40,6,4022.50,5,4022.60,6,4022.70,5,4022.80,6,Buy,13,11,24,2.00,2.00,-6.00,2.00,100.0,4019.50,4021.50,4019.50,4021.50,8,45,53,-37.00,-1.00,-39.00,0.90,11.1,6,30,0.0541,0.0000,-76.00,-30.00,4024.03,-0.3866,DOWN,27.45,1.9308,1.5916
20260728 234932 562,4021.70,1,4021.40,4021.70,0.30,4021.40,2,4021.30,2,4019.50,1,4019.40,1,4019.30,6,4019.20,1,4019.10,1,4019.00,4,4018.40,2,4018.00,34,4021.70,2,4021.80,6,4021.90,1,4022.00,1,4022.10,1,4022.40,6,4022.50,5,4022.60,6,4022.70,5,4022.80,6,Buy,14,11,25,3.00,3.00,-6.00,2.20,100.0,4019.50,4021.70,4019.50,4021.70,8,45,53,-37.00,-1.00,-39.00,0.90,11.1,6,30,0.0541,0.0000,-75.00,-29.00,4024.05,-0.3803,DOWN,27.45,1.9308,1.6059
20260728 234932 879,4021.40,1,4021.30,4021.60,0.30,4021.30,1,4021.20,3,4019.50,1,4019.40,1,4019.30,1,4019.20,1,4019.10,1,4019.00,4,4018.40,2,4017.80,5,4021.60,2,4021.70,5,4021.80,1,4021.90,3,4022.00,1,4022.10,1,4022.20,5,4022.30,5,4022.40,6,4022.50,5,Sell,14,12,26,2.00,3.00,-6.00,2.20,86.4,4019.50,4021.70,4019.50,4021.40,8,45,53,-37.00,-1.00,-39.00,0.90,11.1,6,30,0.0541,0.5000,-76.00,-30.00,4024.02,-0.3898,DOWN,27.45,1.9308,1.6059
20260728 234935 724,4021.30,1,4021.20,4021.50,0.30,4021.20,2,4021.10,2,4020.10,7,4020.00,5,4019.70,5,4019.60,5,4019.50,6,4019.40,6,4019.30,6,4019.20,6,4021.50,1,4021.60,3,4021.80,2,4021.90,1,4022.00,1,4022.10,1,4022.20,5,4022.30,5,4022.40,6,4022.50,5,Sell,14,13,27,1.00,3.00,-6.00,2.20,81.8,4019.50,4021.70,4019.50,4021.30,8,45,53,-37.00,-1.00,-39.00,0.90,11.1,6,30,0.0541,2.0000,-77.00,-31.00,4024.01,-0.3930,DOWN,27.45,1.9308,1.6059
20260728 234941 658,4021.80,1,4021.80,4021.90,0.10,4021.80,2,4021.70,2,4020.70,4,4020.60,6,4020.50,6,4020.40,6,4020.30,7,4020.20,6,4020.10,6,4020.00,5,4021.90,1,4022.00,1,4022.10,2,4022.20,2,4022.40,1,4022.50,5,4022.60,6,4022.70,6,4022.80,5,4022.90,5,Buy,15,13,28,2.00,3.00,-6.00,2.30,100.0,4019.50,4021.80,4019.50,4021.80,8,45,53,-37.00,-1.00,-39.00,0.90,11.1,6,30,0.0541,0.5000,-76.00,-30.00,4024.06,-0.3771,DOWN,27.45,1.9308,1.6131
20260728 234944 588,4021.90,1,4021.70,4021.90,0.20,4021.70,1,4021.60,2,4020.70,2,4020.60,6,4020.50,6,4020.40,6,4020.30,7,4020.20,6,4020.10,6,4020.00,5,4021.90,1,4022.00,3,4022.10,1,4022.30,1,4022.40,1,4022.50,5,4022.60,6,4022.70,5,4022.80,5,4022.90,5,Buy,16,13,29,3.00,3.00,-6.00,2.40,100.0,4019.50,4021.90,4019.50,4021.90,8,45,53,-37.00,-1.00,-39.00,0.90,11.1,6,30,0.0541,0.0000,-75.00,-29.00,4024.07,-0.3739,DOWN,27.45,1.9308,1.6202
20260728 234944 604,4021.70,1,4021.10,4021.50,0.40,4021.10,3,4021.00,2,4020.40,1,4020.30,2,4020.20,1,4020.10,1,4019.60,1,4019.50,1,4019.40,1,4019.30,1,4021.50,2,4021.60,2,4021.90,3,4022.00,1,4022.20,5,4022.40,6,4022.50,5,4022.60,6,4022.70,5,4022.80,6,Sell,16,14,30,2.00,3.00,-6.00,2.40,91.7,4019.50,4021.90,4019.50,4021.70,8,45,53,-37.00,-1.00,-39.00,0.90,11.1,6,30,0.0541,0.5000,-76.00,-30.00,4024.05,-0.3803,DOWN,27.45,1.9308,1.6202
20260728 234944 608,4021.60,1,4021.10,4021.50,0.40,4021.10,3,4021.00,2,4020.40,1,4020.30,2,4020.20,1,4020.10,1,4019.60,1,4019.50,1,4019.40,1,4019.30,1,4021.50,2,4021.60,2,4021.90,3,4022.00,1,4022.20,5,4022.40,6,4022.50,5,4022.60,6,4022.70,5,4022.80,6,Sell,16,15,31,1.00,3.00,-6.00,2.40,87.5,4019.50,4021.90,4019.50,4021.60,8,45,53,-37.00,-1.00,-39.00,0.90,11.1,6,30,0.0541,2.0000,-77.00,-31.00,4024.04,-0.3835,DOWN,27.45,1.9308,1.6202
20260728 234944 608,4021.60,1,4021.10,4021.50,0.40,4021.10,3,4021.00,2,4020.40,1,4020.30,2,4020.20,1,4020.10,1,4019.60,1,4019.50,1,4019.40,1,4019.30,1,4021.50,2,4021.60,2,4021.90,3,4022.00,1,4022.20,5,4022.40,6,4022.50,5,4022.60,6,4022.70,5,4022.80,6,Sell,16,16,32,0.00,3.00,-6.00,2.40,87.5,4019.50,4021.90,4019.50,4021.60,8,45,53,-37.00,-1.00,-39.00,0.90,11.1,6,30,0.0541,3.0000,-78.00,-32.00,4024.04,-0.3835,DOWN,27.45,1.9308,1.6202
20260728 234945 793,4021.10,1,4021.00,4021.40,0.40,4021.00,2,4020.90,2,4020.40,2,4020.30,4,4020.20,1,4020.10,6,4019.90,5,4019.80,5,4019.70,5,4019.60,6,4021.40,4,4021.50,4,4021.90,1,4022.00,1,4022.10,5,4022.20,5,4022.30,5,4022.40,6,4022.50,5,4022.60,6,Sell,16,17,33,-1.00,3.00,-6.00,2.40,66.7,4019.50,4021.90,4019.50,4021.10,8,45,53,-37.00,-1.00,-39.00,0.90,11.1,6,30,0.0541,5.0000,-79.00,-33.00,4023.99,-0.3993,DOWN,27.45,1.9308,1.6202
20260728 234947 247,4021.40,1,4021.10,4021.60,0.50,4021.10,2,4021.00,2,4020.30,3,4020.20,1,4020.10,1,4020.00,5,4019.90,5,4019.80,5,4019.70,5,4019.60,6,4021.60,3,4021.70,5,4021.90,1,4022.00,1,4022.20,5,4022.30,5,4022.40,6,4022.50,5,4022.60,6,4022.70,5,Buy,17,17,34,0.00,3.00,-6.00,2.40,79.2,4019.50,4021.90,4019.50,4021.40,8,45,53,-37.00,-1.00,-39.00,0.90,11.1,6,30,0.0541,3.0000,-78.00,-32.00,4024.02,-0.3898,DOWN,27.45,1.9308,1.6202
20260728 234947 247,4021.40,1,4021.10,4021.60,0.50,4021.10,2,4021.00,2,4020.30,3,4020.20,1,4020.10,1,4020.00,5,4019.90,5,4019.80,5,4019.70,5,4019.60,6,4021.60,3,4021.70,5,4021.90,1,4022.00,1,4022.20,5,4022.30,5,4022.40,6,4022.50,5,4022.60,6,4022.70,5,Buy,18,17,35,1.00,3.00,-6.00,2.40,79.2,4019.50,4021.90,4019.50,4021.40,8,45,53,-37.00,-1.00,-39.00,0.90,11.1,6,30,0.0541,2.0000,-77.00,-31.00,4024.02,-0.3898,DOWN,27.45,1.9308,1.6202
20260728 234947 981,4021.80,1,4021.50,4021.80,0.30,4021.50,1,4021.40,3,4020.80,4,4020.70,1,4020.60,7,4020.50,5,4020.30,7,4020.20,6,4020.10,6,4020.00,5,4021.80,1,4021.90,4,4022.00,1,4022.40,1,4022.50,5,4022.60,6,4022.70,5,4022.80,6,4022.90,5,4023.00,5,Sell,18,18,36,0.00,3.00,-6.00,2.40,95.8,4019.50,4021.90,4019.50,4021.80,8,45,53,-37.00,-1.00,-39.00,0.90,11.1,6,30,0.0541,3.0000,-78.00,-32.00,4024.06,-0.3771,DOWN,27.45,1.9308,1.6202
20260728 234947 982,4021.80,1,4021.50,4021.80,0.30,4021.50,1,4021.40,3,4020.80,4,4020.70,1,4020.60,7,4020.50,5,4020.30,7,4020.20,6,4020.10,6,4020.00,5,4021.80,1,4021.90,4,4022.00,1,4022.40,1,4022.50,5,4022.60,6,4022.70,5,4022.80,6,4022.90,5,4023.00,5,Buy,19,18,37,1.00,3.00,-6.00,2.40,95.8,4019.50,4021.90,4019.50,4021.80,8,45,53,-37.00,-1.00,-39.00,0.90,11.1,6,30,0.0541,2.0000,-77.00,-31.00,4024.06,-0.3771,DOWN,27.45,1.9308,1.6202
20260728 234948 480,4021.70,1,4021.50,4021.70,0.20,4021.50,2,4021.40,2,4020.80,4,4020.70,1,4020.60,7,4020.50,5,4020.30,7,4020.20,6,4020.10,6,4020.00,5,4021.70,1,4021.90,4,4022.00,3,4022.40,1,4022.50,5,4022.60,6,4022.70,5,4022.80,6,4022.90,5,4023.00,5,Buy,20,18,38,2.00,3.00,-6.00,2.40,91.7,4019.50,4021.90,4019.50,4021.70,8,45,53,-37.00,-1.00,-39.00,0.90,11.1,6,30,0.0541,0.5000,-76.00,-30.00,4024.05,-0.3803,DOWN,27.45,1.9308,1.6202
20260728 234951 870,4021.60,1,4021.50,4021.80,0.30,4021.50,1,4021.40,2,4020.90,1,4020.80,1,4020.70,1,4020.40,5,4020.30,7,4020.20,6,4020.10,6,4020.00,5,4021.80,1,4021.90,3,4022.00,2,4022.50,6,4022.60,6,4022.70,5,4022.80,6,4022.90,5,4023.00,5,4023.10,5,Sell,20,19,39,1.00,3.00,-6.00,2.40,87.5,4019.50,4021.90,4019.50,4021.60,8,45,53,-37.00,-1.00,-39.00,0.90,11.1,6,30,0.0541,2.0000,-77.00,-31.00,4024.04,-0.3835,DOWN,27.45,1.9308,1.6202
20260728 234952 898,4022.00,1,4021.50,4021.90,0.40,4021.50,2,4021.40,2,4020.90,2,4020.80,1,4020.70,1,4020.60,5,4020.50,5,4020.40,5,4020.30,7,4020.20,6,4021.90,1,4022.00,3,4022.40,1,4022.50,5,4022.60,6,4022.70,5,4022.80,6,4022.90,5,4023.00,5,4023.10,5,Buy,21,19,40,2.00,3.00,-6.00,2.50,100.0,4019.50,4022.00,4019.50,4022.00,8,45,53,-37.00,-1.00,-39.00,0.90,11.1,6,30,0.0541,0.5000,-76.00,-30.00,4024.08,-0.3708,DOWN,27.45,1.9308,1.6274
20260728 234952 898,4022.00,1,4021.50,4021.90,0.40,4021.50,2,4021.40,2,4020.90,2,4020.80,1,4020.70,1,4020.60,5,4020.50,5,4020.40,5,4020.30,7,4020.20,6,4021.90,1,4022.00,3,4022.40,1,4022.50,5,4022.60,6,4022.70,5,4022.80,6,4022.90,5,4023.00,5,4023.10,5,Buy,22,19,41,3.00,3.00,-6.00,2.50,100.0,4019.50,4022.00,4019.50,4022.00,8,45,53,-37.00,-1.00,-39.00,0.90,11.1,6,30,0.0541,0.0000,-75.00,-29.00,4024.08,-0.3708,DOWN,27.45,1.9308,1.6274
20260728 234953 081,4021.90,1,4021.60,4022.00,0.40,4021.60,2,4021.50,3,4021.00,1,4020.90,1,4020.80,1,4020.70,1,4020.60,5,4020.50,5,4020.40,5,4020.30,7,4022.00,3,4022.10,5,4022.20,1,4022.30,1,4022.40,1,4022.50,5,4022.60,6,4022.70,5,4022.80,6,4022.90,5,Buy,23,19,42,4.00,4.00,-6.00,2.50,96.0,4019.50,4022.00,4019.50,4021.90,8,45,53,-37.00,-1.00,-39.00,0.90,11.1,6,30,0.0541,0.0000,-74.00,-28.00,4024.07,-0.3739,DOWN,27.45,1.9308,1.6274
20260728 234955 251,4021.60,1,4021.60,4022.00,0.40,4021.60,2,4021.50,3,4021.00,1,4020.90,2,4020.80,1,4020.70,1,4020.40,5,4020.30,7,4020.20,6,4020.10,6,4021.90,1,4022.00,3,4022.10,3,4022.40,1,4022.50,5,4022.60,6,4022.70,5,4022.80,6,4022.90,5,4023.00,5,Sell,23,20,43,3.00,4.00,-6.00,2.50,84.0,4019.50,4022.00,4019.50,4021.60,8,45,53,-37.00,-1.00,-39.00,0.90,11.1,6,30,0.0541,0.3333,-75.00,-29.00,4024.04,-0.3835,DOWN,27.45,1.9308,1.6274
20260728 234955 251,4021.60,1,4021.60,4022.00,0.40,4021.60,2,4021.50,3,4021.00,1,4020.90,2,4020.80,1,4020.70,1,4020.40,5,4020.30,7,4020.20,6,4020.10,6,4021.90,1,4022.00,3,4022.10,3,4022.40,1,4022.50,5,4022.60,6,4022.70,5,4022.80,6,4022.90,5,4023.00,5,Sell,23,21,44,2.00,4.00,-6.00,2.50,84.0,4019.50,4022.00,4019.50,4021.60,8,45,53,-37.00,-1.00,-39.00,0.90,11.1,6,30,0.0541,1.0000,-76.00,-30.00,4024.04,-0.3835,DOWN,27.45,1.9308,1.6274
20260728 234955 251,4021.60,1,4021.60,4022.00,0.40,4021.60,2,4021.50,3,4021.00,1,4020.90,2,4020.80,1,4020.70,1,4020.40,5,4020.30,7,4020.20,6,4020.10,6,4021.90,1,4022.00,3,4022.10,3,4022.40,1,4022.50,5,4022.60,6,4022.70,5,4022.80,6,4022.90,5,4023.00,5,Sell,23,22,45,1.00,4.00,-6.00,2.50,84.0,4019.50,4022.00,4019.50,4021.60,8,45,53,-37.00,-1.00,-39.00,0.90,11.1,6,30,0.0541,3.0000,-77.00,-31.00,4024.04,-0.3835,DOWN,27.45,1.9308,1.6274
20260728 234956 025,4021.90,1,4021.70,4022.00,0.30,4021.70,1,4021.60,3,4021.00,1,4020.90,1,4020.80,1,4020.70,1,4020.50,5,4020.40,5,4020.30,7,4020.20,6,4022.00,2,4022.10,3,4022.20,1,4022.30,2,4022.40,3,4022.50,5,4022.60,6,4022.70,5,4022.80,5,4022.90,5,Buy,24,22,46,2.00,4.00,-6.00,2.50,96.0,4019.50,4022.00,4019.50,4021.90,8,45,53,-37.00,-1.00,-39.00,0.90,11.1,6,30,0.0541,1.0000,-76.00,-30.00,4024.07,-0.3739,DOWN,27.45,1.9308,1.6274
20260728 235000 077,4022.10,1,4022.00,4022.40,0.40,4022.00,4,4021.90,5,4021.20,1,4021.10,6,4021.00,6,4020.90,6,4020.80,9,4020.70,6,4020.60,5,4020.50,5,4022.40,2,4022.50,4,4023.20,3,4023.30,5,4023.40,5,4023.50,7,4023.60,5,4023.70,5,4023.80,5,4023.90,5,Buy,1,0,1,1.00,1.00,1.00,0.00,0.0,4022.10,4022.10,4022.10,4022.10,24,22,46,2.00,4.00,-6.00,2.50,96.0,3,69,1.0000,0.0000,-52.00,-33.00,4024.09,-0.3676,DOWN,29.35,1.5673,1.5254
20260728 235000 541,4022.00,1,4021.90,4022.30,0.40,4021.90,3,4021.80,4,4021.40,1,4021.30,2,4021.20,5,4021.10,6,4021.00,6,4020.90,6,4020.80,9,4020.70,6,4022.30,3,4022.40,4,4022.90,1,4023.00,1,4023.10,1,4023.20,5,4023.30,5,4023.40,5,4023.50,7,4023.60,5,Sell,1,1,2,0.00,1.00,0.00,0.10,100.0,4022.10,4022.10,4022.00,4022.00,24,22,46,2.00,4.00,-6.00,2.50,96.0,3,69,1.0000,1.0000,-53.00,-34.00,4024.08,-0.3708,DOWN,29.35,1.5673,1.5254
20260728 235000 541,4022.00,1,4021.90,4022.30,0.40,4021.90,3,4021.80,4,4021.40,1,4021.30,2,4021.20,5,4021.10,6,4021.00,6,4020.90,6,4020.80,9,4020.70,6,4022.30,3,4022.40,4,4022.90,1,4023.00,1,4023.10,1,4023.20,5,4023.30,5,4023.40,5,4023.50,7,4023.60,5,Sell,1,2,3,-1.00,1.00,-1.00,0.10,100.0,4022.10,4022.10,4022.00,4022.00,24,22,46,2.00,4.00,-6.00,2.50,96.0,3,69,1.0000,0.0000,-54.00,-35.00,4024.08,-0.3708,DOWN,29.35,1.5673,1.5254
20260728 235001 900,4022.20,1,4022.00,4022.40,0.40,4022.00,1,4021.90,2,4021.40,1,4021.30,2,4021.10,3,4021.00,6,4020.90,6,4020.80,9,4020.70,6,4020.60,5,4022.40,3,4022.50,4,4022.80,2,4022.90,1,4023.00,1,4023.10,1,4023.20,5,4023.30,5,4023.40,5,4023.50,7,Buy,2,2,4,0.00,1.00,-1.00,0.20,50.0,4022.10,4022.20,4022.00,4022.20,24,22,46,2.00,4.00,-6.00,2.50,96.0,3,69,1.0000,1.0000,-53.00,-34.00,4024.10,-0.3644,DOWN,29.35,1.5673,1.5325
20260728 235003 357,4022.30,1,4021.90,4022.30,0.40,4021.90,2,4021.80,3,4021.50,4,4021.40,1,4021.20,2,4021.10,6,4021.00,6,4020.90,6,4020.80,9,4020.70,6,4022.30,2,4022.40,4,4022.90,1,4023.00,1,4023.10,1,4023.30,5,4023.40,5,4023.50,7,4023.60,5,4023.70,5,Buy,3,2,5,1.00,1.00,-1.00,0.30,66.7,4022.10,4022.30,4022.00,4022.30,24,22,46,2.00,4.00,-6.00,2.50,96.0,3,69,1.0000,0.0000,-52.00,-33.00,4024.11,-0.3612,DOWN,29.35,1.5673,1.5397
20260728 235003 834,4021.80,1,4021.80,4022.20,0.40,4021.80,2,4021.70,2,4021.60,1,4021.50,2,4021.40,1,4021.20,2,4021.10,6,4021.00,6,4020.90,6,4020.80,9,4022.20,2,4022.30,3,4022.90,1,4023.00,1,4023.10,1,4023.30,5,4023.40,5,4023.50,7,4023.60,5,4023.70,5,Sell,3,3,6,0.00,1.00,-1.00,0.50,60.0,4022.10,4022.30,4021.80,4021.80,24,22,46,2.00,4.00,-6.00,2.50,96.0,3,69,1.0000,1.0000,-53.00,-34.00,4024.06,-0.3771,DOWN,29.35,1.5673,1.5468
20260728 235007 478,4021.50,1,4021.40,4021.70,0.30,4021.40,3,4021.30,2,4020.90,1,4020.80,3,4020.70,1,4020.60,5,4020.50,5,4020.40,5,4020.30,7,4020.20,6,4021.70,1,4021.80,2,4022.50,1,4022.60,5,4022.70,5,4022.80,6,4022.90,6,4023.00,6,4023.10,6,4023.20,5,Buy,4,3,7,1.00,1.00,-1.00,0.80,75.0,4022.10,4022.30,4021.50,4021.50,24,22,46,2.00,4.00,-6.00,2.50,96.0,3,69,1.0000,0.0000,-52.00,-33.00,4024.03,-0.3866,DOWN,29.35,1.5673,1.5683
20260728 235007 478,4021.50,1,4021.40,4021.70,0.30,4021.40,3,4021.30,2,4020.90,1,4020.80,3,4020.70,1,4020.60,5,4020.50,5,4020.40,5,4020.30,7,4020.20,6,4021.70,1,4021.80,2,4022.50,1,4022.60,5,4022.70,5,4022.80,6,4022.90,6,4023.00,6,4023.10,6,4023.20,5,Buy,5,3,8,2.00,2.00,-1.00,0.80,75.0,4022.10,4022.30,4021.50,4021.50,24,22,46,2.00,4.00,-6.00,2.50,96.0,3,69,1.0000,0.0000,-51.00,-32.00,4024.03,-0.3866,DOWN,29.35,1.5673,1.5683
20260728 235007 824,4021.40,1,4021.20,4021.50,0.30,4021.20,2,4021.10,2,4020.90,2,4020.80,3,4020.60,5,4020.50,5,4020.40,5,4020.30,7,4020.20,6,4020.10,7,4021.50,1,4021.60,4,4022.50,1,4022.60,5,4022.70,5,4022.80,6,4022.90,6,4023.00,6,4023.10,6,4023.20,5,Buy,6,3,9,3.00,3.00,-1.00,0.90,77.8,4022.10,4022.30,4021.40,4021.40,24,22,46,2.00,4.00,-6.00,2.50,96.0,3,69,1.0000,0.0000,-50.00,-31.00,4024.02,-0.3898,DOWN,29.35,1.5673,1.5754
20260728 235013 222,4021.30,1,4021.20,4021.60,0.40,4021.20,6,4021.10,2,4020.80,1,4020.60,5,4020.50,5,4020.40,5,4020.30,8,4020.20,6,4020.10,6,4020.00,5,4021.60,1,4021.70,2,4022.30,2,4022.40,1,4022.50,5,4022.60,5,4022.70,5,4022.80,6,4022.90,6,4023.00,6,Buy,7,3,10,4.00,4.00,-1.00,1.00,80.0,4022.10,4022.30,4021.30,4021.30,24,22,46,2.00,4.00,-6.00,2.50,96.0,3,69,1.0000,0.0000,-49.00,-30.00,4024.01,-0.3930,DOWN,29.35,1.5673,1.5825
20260728 235013 222,4021.40,1,4021.20,4021.60,0.40,4021.20,6,4021.10,2,4020.80,1,4020.60,5,4020.50,5,4020.40,5,4020.30,8,4020.20,6,4020.10,6,4020.00,5,4021.60,1,4021.70,2,4022.30,2,4022.40,1,4022.50,5,4022.60,5,4022.70,5,4022.80,6,4022.90,6,4023.00,6,Buy,8,3,11,5.00,5.00,-1.00,1.00,70.0,4022.10,4022.30,4021.30,4021.40,24,22,46,2.00,4.00,-6.00,2.50,96.0,3,69,1.0000,0.0000,-48.00,-29.00,4024.02,-0.3898,DOWN,29.35,1.5673,1.5825
20260728 235024 255,4022.50,1,4022.30,4022.60,0.30,4022.30,1,4022.20,3,4021.30,1,4021.20,7,4021.10,5,4021.00,5,4020.90,5,4020.80,6,4020.70,5,4020.60,5,4022.60,2,4022.70,5,4023.20,1,4023.30,5,4023.40,5,4023.50,7,4023.60,5,4023.70,5,4023.80,5,4023.90,5,Sell,8,4,12,4.00,5.00,-1.00,1.20,33.3,4022.10,4022.50,4021.30,4022.50,24,22,46,2.00,4.00,-6.00,2.50,96.0,3,69,1.0000,0.2500,-49.00,-30.00,4024.13,-0.3549,DOWN,29.35,1.5673,1.5968
20260728 235024 255,4022.40,1,4022.30,4022.60,0.30,4022.30,1,4022.20,3,4021.30,1,4021.20,7,4021.10,5,4021.00,5,4020.90,5,4020.80,6,4020.70,5,4020.60,5,4022.60,2,4022.70,5,4023.20,1,4023.30,5,4023.40,5,4023.50,7,4023.60,5,4023.70,5,4023.80,5,4023.90,5,Sell,8,5,13,3.00,5.00,-1.00,1.20,25.0,4022.10,4022.50,4021.30,4022.40,24,22,46,2.00,4.00,-6.00,2.50,96.0,3,69,1.0000,0.6667,-50.00,-31.00,4024.12,-0.3581,DOWN,29.35,1.5673,1.5968
20260728 235026 380,4022.10,1,4021.90,4022.20,0.30,4021.90,3,4021.80,2,4021.10,2,4021.00,5,4020.90,7,4020.80,6,4020.70,5,4020.60,5,4020.50,8,4020.40,5,4022.20,2,4022.30,2,4022.40,2,4023.10,1,4023.20,5,4023.30,5,4023.40,5,4023.50,7,4023.60,5,4023.70,5,Buy,9,5,14,4.00,5.00,-1.00,1.20,0.0,4022.10,4022.50,4021.30,4022.10,24,22,46,2.00,4.00,-6.00,2.50,96.0,3,69,1.0000,0.2500,-49.00,-30.00,4024.09,-0.3676,DOWN,29.35,1.5673,1.5968
20260728 235026 380,4022.10,2,4021.90,4022.20,0.30,4021.90,3,4021.80,2,4021.10,2,4021.00,5,4020.90,7,4020.80,6,4020.70,5,4020.60,5,4020.50,8,4020.40,5,4022.20,2,4022.30,2,4022.40,2,4023.10,1,4023.20,5,4023.30,5,4023.40,5,4023.50,7,4023.60,5,4023.70,5,Buy,11,5,16,6.00,6.00,-1.00,1.20,0.0,4022.10,4022.50,4021.30,4022.10,24,22,46,2.00,4.00,-6.00,2.50,96.0,3,69,1.0000,0.0000,-47.00,-28.00,4024.09,-0.3676,DOWN,29.35,1.5673,1.5968
20260728 235027 279,4022.20,1,4022.00,4022.40,0.40,4022.00,2,4021.90,4,4021.20,1,4021.10,2,4021.00,5,4020.90,7,4020.80,6,4020.70,5,4020.60,5,4020.50,8,4022.40,1,4022.50,3,4023.10,1,4023.20,5,4023.30,5,4023.40,5,4023.50,7,4023.60,5,4023.70,5,4023.80,5,Buy,12,5,17,7.00,7.00,-1.00,1.20,8.3,4022.10,4022.50,4021.30,4022.20,24,22,46,2.00,4.00,-6.00,2.50,96.0,3,69,1.0000,0.0000,-46.00,-27.00,4024.10,-0.3644,DOWN,29.35,1.5673,1.5968
20260728 235027 280,4022.20,1,4022.00,4022.40,0.40,4022.00,2,4021.90,4,4021.20,1,4021.10,2,4021.00,5,4020.90,7,4020.80,6,4020.70,5,4020.60,5,4020.50,8,4022.40,1,4022.50,3,4023.10,1,4023.20,5,4023.30,5,4023.40,5,4023.50,7,4023.60,5,4023.70,5,4023.80,5,Buy,13,5,18,8.00,8.00,-1.00,1.20,8.3,4022.10,4022.50,4021.30,4022.20,24,22,46,2.00,4.00,-6.00,2.50,96.0,3,69,1.0000,0.0000,-45.00,-26.00,4024.10,-0.3644,DOWN,29.35,1.5673,1.5968
20260728 235028 000,4022.50,1,4022.10,4022.50,0.40,4022.10,3,4022.00,1,4021.40,1,4021.30,2,4021.20,5,4021.10,6,4021.00,5,4020.90,5,4020.80,6,4020.70,5,4022.50,1,4022.60,3,4023.20,2,4023.30,5,4023.40,5,4023.50,7,4023.60,5,4023.70,5,4023.80,5,4023.90,5,Buy,14,5,19,9.00,9.00,-1.00,1.20,33.3,4022.10,4022.50,4021.30,4022.50,24,22,46,2.00,4.00,-6.00,2.50,96.0,3,69,1.0000,0.0000,-44.00,-25.00,4024.13,-0.3549,DOWN,29.35,1.5673,1.5968
20260728 235030 963,4022.60,1,4022.60,4023.00,0.40,4022.60,3,4022.50,2,4021.70,1,4021.60,5,4021.50,5,4021.40,5,4021.30,5,4021.20,5,4021.10,5,4021.00,5,4023.00,2,4023.10,2,4023.40,5,4023.50,7,4023.60,5,4023.70,5,4023.80,5,4023.90,5,4024.00,10,4024.10,5,Buy,15,5,20,10.00,10.00,-1.00,1.30,38.5,4022.10,4022.60,4021.30,4022.60,24,22,46,2.00,4.00,-6.00,2.50,96.0,3,69,1.0000,0.0000,-43.00,-24.00,4024.14,-0.3517,DOWN,29.35,1.5673,1.6040
20260728 235031 281,4022.60,1,4022.60,4023.00,0.40,4022.60,1,4022.50,2,4022.10,1,4022.00,2,4021.90,5,4021.80,5,4021.70,5,4021.60,5,4021.50,5,4021.40,5,4023.00,3,4023.10,2,4023.40,5,4023.50,7,4023.60,5,4023.70,5,4023.80,5,4023.90,5,4024.00,10,4024.10,5,Sell,15,6,21,9.00,10.00,-1.00,1.30,38.5,4022.10,4022.60,4021.30,4022.60,24,22,46,2.00,4.00,-6.00,2.50,96.0,3,69,1.0000,0.1111,-44.00,-25.00,4024.14,-0.3517,DOWN,29.35,1.5673,1.6040
20260728 235033 208,4022.40,1,4022.20,4022.60,0.40,4022.20,2,4022.10,1,4021.30,4,4021.20,8,4021.10,5,4021.00,5,4020.90,5,4020.80,6,4020.70,5,4020.60,5,4022.60,3,4022.70,1,4023.20,3,4023.30,5,4023.40,5,4023.50,7,4023.60,5,4023.70,5,4023.80,5,4023.90,5,Buy,16,6,22,10.00,10.00,-1.00,1.30,23.1,4022.10,4022.60,4021.30,4022.40,24,22,46,2.00,4.00,-6.00,2.50,96.0,3,69,1.0000,0.0000,-43.00,-24.00,4024.12,-0.3581,DOWN,29.35,1.5673,1.6040
20260728 235033 208,4022.50,1,4022.20,4022.60,0.40,4022.20,2,4022.10,1,4021.30,4,4021.20,8,4021.10,5,4021.00,5,4020.90,5,4020.80,6,4020.70,5,4020.60,5,4022.60,3,4022.70,1,4023.20,3,4023.30,5,4023.40,5,4023.50,7,4023.60,5,4023.70,5,4023.80,5,4023.90,5,Buy,17,6,23,11.00,11.00,-1.00,1.30,30.8,4022.10,4022.60,4021.30,4022.50,24,22,46,2.00,4.00,-6.00,2.50,96.0,3,69,1.0000,0.0000,-42.00,-23.00,4024.13,-0.3549,DOWN,29.35,1.5673,1.6040
20260728 235042 061,4022.10,1,4022.00,4022.20,0.20,4022.00,1,4021.90,1,4021.40,3,4021.30,5,4021.20,6,4021.10,5,4021.00,5,4020.90,5,4020.80,6,4020.70,5,4022.20,1,4022.30,4,4023.10,2,4023.20,6,4023.30,7,4023.40,5,4023.50,7,4023.60,5,4023.70,5,4023.80,5,Buy,18,6,24,12.00,12.00,-1.00,1.30,0.0,4022.10,4022.60,4021.30,4022.10,24,22,46,2.00,4.00,-6.00,2.50,96.0,3,69,1.0000,0.0000,-41.00,-22.00,4024.09,-0.3676,DOWN,29.35,1.5673,1.6040
20260728 235042 061,4022.10,1,4022.00,4022.20,0.20,4022.00,1,4021.90,1,4021.40,3,4021.30,5,4021.20,6,4021.10,5,4021.00,5,4020.90,5,4020.80,6,4020.70,5,4022.20,1,4022.30,4,4023.10,2,4023.20,6,4023.30,7,4023.40,5,4023.50,7,4023.60,5,4023.70,5,4023.80,5,Buy,19,6,25,13.00,13.00,-1.00,1.30,0.0,4022.10,4022.60,4021.30,4022.10,24,22,46,2.00,4.00,-6.00,2.50,96.0,3,69,1.0000,0.0000,-40.00,-21.00,4024.09,-0.3676,DOWN,29.35,1.5673,1.6040
20260728 235042 888,4022.20,1,4022.00,4022.30,0.30,4022.00,1,4021.90,2,4021.40,2,4021.30,5,4021.20,6,4021.10,6,4021.00,5,4020.90,5,4020.80,6,4020.70,5,4022.30,2,4022.40,4,4023.00,1,4023.10,1,4023.20,6,4023.30,6,4023.40,5,4023.50,7,4023.60,5,4023.70,5,Buy,20,6,26,14.00,14.00,-1.00,1.30,7.7,4022.10,4022.60,4021.30,4022.20,24,22,46,2.00,4.00,-6.00,2.50,96.0,3,69,1.0000,0.0000,-39.00,-20.00,4024.10,-0.3644,DOWN,29.35,1.5673,1.6040
20260728 235042 888,4022.20,1,4022.00,4022.30,0.30,4022.00,1,4021.90,2,4021.40,2,4021.30,5,4021.20,6,4021.10,6,4021.00,5,4020.90,5,4020.80,6,4020.70,5,4022.30,2,4022.40,4,4023.00,1,4023.10,1,4023.20,6,4023.30,6,4023.40,5,4023.50,7,4023.60,5,4023.70,5,Buy,21,6,27,15.00,15.00,-1.00,1.30,7.7,4022.10,4022.60,4021.30,4022.20,24,22,46,2.00,4.00,-6.00,2.50,96.0,3,69,1.0000,0.0000,-38.00,-19.00,4024.10,-0.3644,DOWN,29.35,1.5673,1.6040
20260728 235045 907,4021.90,1,4021.60,4022.00,0.40,4021.60,2,4021.50,3,4020.90,1,4020.80,1,4020.70,1,4020.60,5,4020.50,5,4020.40,5,4020.30,7,4020.20,6,4022.00,5,4022.10,2,4022.60,3,4022.70,5,4022.80,6,4022.90,6,4023.00,6,4023.10,6,4023.20,6,4023.30,6,Buy,22,6,28,16.00,16.00,-1.00,1.30,15.4,4022.10,4022.60,4021.30,4021.90,24,22,46,2.00,4.00,-6.00,2.50,96.0,3,69,1.0000,0.0000,-37.00,-18.00,4024.07,-0.3739,DOWN,29.35,1.5673,1.6040
20260728 235045 907,4021.90,1,4021.60,4022.00,0.40,4021.60,2,4021.50,3,4020.90,1,4020.80,1,4020.70,1,4020.60,5,4020.50,5,4020.40,5,4020.30,7,4020.20,6,4022.00,5,4022.10,2,4022.60,3,4022.70,5,4022.80,6,4022.90,6,4023.00,6,4023.10,6,4023.20,6,4023.30,6,Buy,23,6,29,17.00,17.00,-1.00,1.30,15.4,4022.10,4022.60,4021.30,4021.90,24,22,46,2.00,4.00,-6.00,2.50,96.0,3,69,1.0000,0.0000,-36.00,-17.00,4024.07,-0.3739,DOWN,29.35,1.5673,1.6040
20260728 235050 818,4022.00,1,4021.70,4022.00,0.30,4021.70,2,4021.60,3,4020.90,1,4020.80,3,4020.70,6,4020.60,5,4020.50,5,4020.40,5,4020.30,7,4020.20,6,4022.00,1,4022.10,2,4022.20,4,4022.80,1,4022.90,6,4023.00,6,4023.10,6,4023.20,6,4023.30,6,4023.40,5,Buy,24,6,30,18.00,18.00,-1.00,1.30,7.7,4022.10,4022.60,4021.30,4022.00,24,22,46,2.00,4.00,-6.00,2.50,96.0,3,69,1.0000,0.0000,-35.00,-16.00,4024.08,-0.3708,DOWN,29.35,1.5673,1.6040
20260728 235054 718,4022.10,1,4021.80,4022.10,0.30,4021.80,1,4021.70,12,4021.10,2,4021.00,6,4020.90,6,4020.80,6,4020.70,6,4020.60,5,4020.50,5,4020.40,5,4022.10,2,4022.20,3,4022.80,2,4022.90,1,4023.00,5,4023.10,6,4023.20,6,4023.30,6,4023.40,5,4023.50,7,Buy,25,6,31,19.00,19.00,-1.00,1.30,0.0,4022.10,4022.60,4021.30,4022.10,24,22,46,2.00,4.00,-6.00,2.50,96.0,3,69,1.0000,0.0000,-34.00,-15.00,4024.09,-0.3676,DOWN,29.35,1.5673,1.6040
20260728 235054 718,4022.10,1,4021.80,4022.10,0.30,4021.80,1,4021.70,12,4021.10,2,4021.00,6,4020.90,6,4020.80,6,4020.70,6,4020.60,5,4020.50,5,4020.40,5,4022.10,2,4022.20,3,4022.80,2,4022.90,1,4023.00,5,4023.10,6,4023.20,6,4023.30,6,4023.40,5,4023.50,7,Buy,26,6,32,20.00,20.00,-1.00,1.30,0.0,4022.10,4022.60,4021.30,4022.10,24,22,46,2.00,4.00,-6.00,2.50,96.0,3,69,1.0000,0.0000,-33.00,-14.00,4024.09,-0.3676,DOWN,29.35,1.5673,1.6040
20260728 235054 718,4022.10,1,4021.80,4022.10,0.30,4021.80,1,4021.70,12,4021.10,2,4021.00,6,4020.90,6,4020.80,6,4020.70,6,4020.60,5,4020.50,5,4020.40,5,4022.10,2,4022.20,3,4022.80,2,4022.90,1,4023.00,5,4023.10,6,4023.20,6,4023.30,6,4023.40,5,4023.50,7,Buy,27,6,33,21.00,21.00,-1.00,1.30,0.0,4022.10,4022.60,4021.30,4022.10,24,22,46,2.00,4.00,-6.00,2.50,96.0,3,69,1.0000,0.0000,-32.00,-13.00,4024.09,-0.3676,DOWN,29.35,1.5673,1.6040
20260728 235059 987,4022.00,1,4022.00,4022.40,0.40,4022.00,2,4021.90,5,4021.20,1,4021.10,9,4021.00,6,4020.90,6,4020.80,6,4020.70,6,4020.60,5,4020.50,5,4022.40,3,4022.50,4,4023.10,2,4023.20,1,4023.30,1,4023.40,5,4023.50,7,4023.60,5,4023.70,5,4023.80,5,Sell,27,7,34,20.00,21.00,-1.00,1.30,7.7,4022.10,4022.60,4021.30,4022.00,24,22,46,2.00,4.00,-6.00,2.50,96.0,3,69,1.0000,0.0500,-33.00,-14.00,4024.08,-0.3708,DOWN,29.35,1.5673,1.6040
20260728 235101 081,4022.40,1,4022.20,4022.60,0.40,4022.20,3,4022.10,2,4021.30,1,4021.20,6,4021.10,6,4021.00,6,4020.90,6,4020.80,6,4020.70,6,4020.60,5,4022.60,1,4022.90,4,4023.20,1,4023.30,6,4023.40,5,4023.50,7,4023.60,5,4023.70,5,4023.80,5,4023.90,5,Buy,1,0,1,1.00,1.00,1.00,0.00,0.0,4022.40,4022.40,4022.40,4022.40,27,7,34,20.00,21.00,-1.00,1.30,7.7,30,42,0.0500,0.0000,-29.00,-8.00,4024.12,-0.3581,DOWN,30.25,1.1240,1.5180
20260728 235103 046,4022.00,1,4021.80,4022.10,0.30,4021.80,1,4021.70,12,4021.20,1,4021.10,3,4021.00,6,4020.90,6,4020.80,6,4020.70,6,4020.60,5,4020.50,5,4022.10,1,4022.20,3,4023.10,2,4023.20,6,4023.30,6,4023.40,5,4023.50,7,4023.60,5,4023.70,5,4023.80,5,Sell,1,1,2,0.00,1.00,0.00,0.40,100.0,4022.40,4022.40,4022.00,4022.00,27,7,34,20.00,21.00,-1.00,1.30,7.7,30,42,0.0500,1.0000,-30.00,-9.00,4024.08,-0.3708,DOWN,30.25,1.1240,1.5180
20260728 235106 056,4021.80,1,4021.70,4021.90,0.20,4021.70,2,4021.50,1,4020.90,3,4020.80,6,4020.70,6,4020.60,5,4020.50,5,4020.40,5,4020.30,7,4020.20,6,4021.90,3,4022.00,3,4022.90,8,4023.00,6,4023.10,6,4023.20,6,4023.30,6,4023.40,5,4023.50,7,4023.60,5,Sell,1,2,3,-1.00,1.00,-1.00,0.60,100.0,4022.40,4022.40,4021.80,4021.80,27,7,34,20.00,21.00,-1.00,1.30,7.7,30,42,0.0500,0.0000,-31.00,-10.00,4024.06,-0.3771,DOWN,30.25,1.1240,1.5323
20260728 235106 056,4021.70,8,4021.70,4021.90,0.20,4021.70,2,4021.50,1,4020.90,3,4020.80,6,4020.70,6,4020.60,5,4020.50,5,4020.40,5,4020.30,7,4020.20,6,4021.90,3,4022.00,3,4022.90,8,4023.00,6,4023.10,6,4023.20,6,4023.30,6,4023.40,5,4023.50,7,4023.60,5,Sell,1,10,11,-9.00,1.00,-9.00,0.70,100.0,4022.40,4022.40,4021.70,4021.70,27,7,34,20.00,21.00,-1.00,1.30,7.7,30,42,0.0500,0.0000,-39.00,-18.00,4024.05,-0.3803,DOWN,30.25,1.1240,1.5394
20260728 235111 849,4021.60,1,4021.20,4021.60,0.40,4021.20,1,4021.00,1,4020.90,2,4020.80,6,4020.70,6,4020.60,5,4020.50,5,4020.40,5,4020.30,7,4020.20,6,4021.60,1,4021.70,3,4022.70,2,4022.80,7,4022.90,6,4023.00,6,4023.10,6,4023.20,6,4023.30,6,4023.40,5,Sell,1,11,12,-10.00,1.00,-10.00,0.80,100.0,4022.40,4022.40,4021.60,4021.60,27,7,34,20.00,21.00,-1.00,1.30,7.7,30,42,0.0500,0.0000,-40.00,-19.00,4024.04,-0.3835,DOWN,30.25,1.1240,1.5466
20260728 235112 892,4021.80,1,4021.50,4021.90,0.40,4021.50,1,4021.40,3,4021.00,2,4020.90,2,4020.80,8,4020.70,6,4020.60,5,4020.50,5,4020.40,5,4020.30,7,4021.90,3,4022.00,4,4022.50,1,4022.60,1,4022.70,1,4022.80,2,4022.90,6,4023.00,6,4023.10,6,4023.20,6,Buy,2,11,13,-9.00,1.00,-10.00,0.80,75.0,4022.40,4022.40,4021.60,4021.80,27,7,34,20.00,21.00,-1.00,1.30,7.7,30,42,0.0500,0.1111,-39.00,-18.00,4024.06,-0.3771,DOWN,30.25,1.1240,1.5466
20260728 235113 352,4021.60,1,4021.40,4021.80,0.40,4021.40,2,4021.30,4,4020.90,2,4020.80,8,4020.70,6,4020.60,5,4020.50,5,4020.40,5,4020.30,7,4020.20,6,4021.80,2,4021.90,3,4022.50,2,4022.60,1,4022.70,1,4022.80,7,4022.90,6,4023.00,6,4023.10,6,4023.20,6,Buy,3,11,14,-8.00,1.00,-10.00,0.80,100.0,4022.40,4022.40,4021.60,4021.60,27,7,34,20.00,21.00,-1.00,1.30,7.7,30,42,0.0500,0.2500,-38.00,-17.00,4024.04,-0.3835,DOWN,30.25,1.1240,1.5466
20260728 235122 083,4021.00,1,4021.00,4021.40,0.40,4021.00,1,4020.90,2,4020.40,1,4020.30,3,4020.20,1,4020.10,7,4020.00,6,4019.90,5,4019.80,5,4019.70,5,4021.40,2,4021.50,2,4022.20,1,4022.30,1,4022.40,6,4022.50,6,4022.60,6,4022.70,6,4022.80,7,4022.90,6,Sell,3,12,15,-9.00,1.00,-10.00,1.40,100.0,4022.40,4022.40,4021.00,4021.00,27,7,34,20.00,21.00,-1.00,1.30,7.7,30,42,0.0500,0.1111,-39.00,-18.00,4023.98,-0.4025,DOWN,30.25,1.1240,1.5894
20260728 235122 083,4021.00,1,4021.00,4021.40,0.40,4021.00,1,4020.90,2,4020.40,1,4020.30,3,4020.20,1,4020.10,7,4020.00,6,4019.90,5,4019.80,5,4019.70,5,4021.40,2,4021.50,2,4022.20,1,4022.30,1,4022.40,6,4022.50,6,4022.60,6,4022.70,6,4022.80,7,4022.90,6,Sell,3,13,16,-10.00,1.00,-10.00,1.40,100.0,4022.40,4022.40,4021.00,4021.00,27,7,34,20.00,21.00,-1.00,1.30,7.7,30,42,0.0500,0.0000,-40.00,-19.00,4023.98,-0.4025,DOWN,30.25,1.1240,1.5894
20260728 235122 083,4020.90,1,4021.00,4021.40,0.40,4021.00,1,4020.90,2,4020.40,1,4020.30,3,4020.20,1,4020.10,7,4020.00,6,4019.90,5,4019.80,5,4019.70,5,4021.40,2,4021.50,2,4022.20,1,4022.30,1,4022.40,6,4022.50,6,4022.60,6,4022.70,6,4022.80,7,4022.90,6,Sell,3,14,17,-11.00,1.00,-11.00,1.50,100.0,4022.40,4022.40,4020.90,4020.90,27,7,34,20.00,21.00,-1.00,1.30,7.7,30,42,0.0500,0.0000,-41.00,-20.00,4023.98,-0.4057,DOWN,30.25,1.1240,1.5966
20260728 235125 360,4021.40,1,4021.00,4021.30,0.30,4021.00,1,4020.90,2,4020.40,1,4020.30,1,4020.20,3,4020.10,1,4020.00,6,4019.90,5,4019.80,5,4019.70,6,4021.30,1,4021.40,2,4022.10,2,4022.20,1,4022.30,1,4022.40,6,4022.50,6,4022.60,6,4022.70,6,4022.80,7,Buy,4,14,18,-10.00,1.00,-11.00,1.50,66.7,4022.40,4022.40,4020.90,4021.40,27,7,34,20.00,21.00,-1.00,1.30,7.7,30,42,0.0500,0.1000,-40.00,-19.00,4024.02,-0.3898,DOWN,30.25,1.1240,1.5966
20260728 235137 664,4020.60,1,4020.30,4020.70,0.40,4020.30,1,4020.20,2,4020.00,1,4019.60,1,4019.50,1,4019.40,7,4019.30,6,4019.20,6,4019.10,6,4019.00,6,4020.70,2,4020.80,1,4021.20,1,4021.30,1,4021.40,7,4021.60,5,4021.80,5,4022.00,5,4022.10,6,4022.20,6,Buy,5,14,19,-9.00,1.00,-11.00,1.80,100.0,4022.40,4022.40,4020.60,4020.60,27,7,34,20.00,21.00,-1.00,1.30,7.7,30,42,0.0500,0.2222,-39.00,-18.00,4023.95,-0.4152,DOWN,30.25,1.1240,1.6180
20260728 235137 664,4020.70,1,4020.30,4020.70,0.40,4020.30,1,4020.20,2,4020.00,1,4019.60,1,4019.50,1,4019.40,7,4019.30,6,4019.20,6,4019.10,6,4019.00,6,4020.70,2,4020.80,1,4021.20,1,4021.30,1,4021.40,7,4021.60,5,4021.80,5,4022.00,5,4022.10,6,4022.20,6,Buy,6,14,20,-8.00,1.00,-11.00,1.80,94.4,4022.40,4022.40,4020.60,4020.70,27,7,34,20.00,21.00,-1.00,1.30,7.7,30,42,0.0500,0.3750,-38.00,-17.00,4023.96,-0.4120,DOWN,30.25,1.1240,1.6180
20260728 235139 929,4021.40,1,4021.30,4021.70,0.40,4021.00,3,4020.90,2,4020.60,1,4020.50,1,4020.40,2,4020.30,2,4020.00,7,4019.70,5,4019.60,1,4019.50,1,4021.40,2,4021.50,2,4022.30,1,4022.40,1,4022.50,1,4022.60,1,4022.70,6,4022.80,8,4022.90,6,4023.00,6,Buy,7,14,21,-7.00,1.00,-11.00,1.80,55.6,4022.40,4022.40,4020.60,4021.40,27,7,34,20.00,21.00,-1.00,1.30,7.7,30,42,0.0500,0.5714,-37.00,-16.00,4024.02,-0.3898,DOWN,30.25,1.1240,1.6180
20260728 235139 929,4021.40,1,4021.30,4021.70,0.40,4021.00,3,4020.90,2,4020.60,1,4020.50,1,4020.40,2,4020.30,2,4020.00,7,4019.70,5,4019.60,1,4019.50,1,4021.40,2,4021.50,2,4022.30,1,4022.40,1,4022.50,1,4022.60,1,4022.70,6,4022.80,8,4022.90,6,4023.00,6,Buy,8,14,22,-6.00,1.00,-11.00,1.80,55.6,4022.40,4022.40,4020.60,4021.40,27,7,34,20.00,21.00,-1.00,1.30,7.7,30,42,0.0500,0.8333,-36.00,-15.00,4024.02,-0.3898,DOWN,30.25,1.1240,1.6180
20260728 235139 931,4021.30,1,4021.30,4021.70,0.40,4021.00,3,4020.90,2,4020.60,1,4020.50,1,4020.40,2,4020.30,2,4020.00,7,4019.70,5,4019.60,1,4019.50,1,4021.40,2,4021.50,2,4022.30,1,4022.40,1,4022.50,1,4022.60,1,4022.70,6,4022.80,8,4022.90,6,4023.00,6,Buy,9,14,23,-5.00,1.00,-11.00,1.80,61.1,4022.40,4022.40,4020.60,4021.30,27,7,34,20.00,21.00,-1.00,1.30,7.7,30,42,0.0500,1.2000,-35.00,-14.00,4024.01,-0.3930,DOWN,30.25,1.1240,1.6180
20260728 235139 934,4021.40,1,4021.30,4021.70,0.40,4021.00,3,4020.90,2,4020.60,1,4020.50,1,4020.40,2,4020.30,2,4020.00,7,4019.70,5,4019.60,1,4019.50,1,4021.40,2,4021.50,2,4022.30,1,4022.40,1,4022.50,1,4022.60,1,4022.70,6,4022.80,8,4022.90,6,4023.00,6,Buy,10,14,24,-4.00,1.00,-11.00,1.80,55.6,4022.40,4022.40,4020.60,4021.40,27,7,34,20.00,21.00,-1.00,1.30,7.7,30,42,0.0500,1.7500,-34.00,-13.00,4024.02,-0.3898,DOWN,30.25,1.1240,1.6180
20260728 235139 943,4021.40,1,4021.30,4021.70,0.40,4021.00,3,4020.90,2,4020.60,1,4020.50,1,4020.40,2,4020.30,2,4020.00,7,4019.70,5,4019.60,1,4019.50,1,4021.40,2,4021.50,2,4022.30,1,4022.40,1,4022.50,1,4022.60,1,4022.70,6,4022.80,8,4022.90,6,4023.00,6,Buy,11,14,25,-3.00,1.00,-11.00,1.80,55.6,4022.40,4022.40,4020.60,4021.40,27,7,34,20.00,21.00,-1.00,1.30,7.7,30,42,0.0500,2.6667,-33.00,-12.00,4024.02,-0.3898,DOWN,30.25,1.1240,1.6180
20260728 235139 946,4021.40,1,4021.30,4021.70,0.40,4021.00,3,4020.90,2,4020.60,1,4020.50,1,4020.40,2,4020.30,2,4020.00,7,4019.70,5,4019.60,1,4019.50,1,4021.40,2,4021.50,2,4022.30,1,4022.40,1,4022.50,1,4022.60,1,4022.70,6,4022.80,8,4022.90,6,4023.00,6,Buy,12,14,26,-2.00,1.00,-11.00,1.80,55.6,4022.40,4022.40,4020.60,4021.40,27,7,34,20.00,21.00,-1.00,1.30,7.7,30,42,0.0500,4.5000,-32.00,-11.00,4024.02,-0.3898,DOWN,30.25,1.1240,1.6180
20260728 235139 946,4021.40,2,4021.30,4021.70,0.40,4021.00,3,4020.90,2,4020.60,1,4020.50,1,4020.40,2,4020.30,2,4020.00,7,4019.70,5,4019.60,1,4019.50,1,4021.40,2,4021.50,2,4022.30,1,4022.40,1,4022.50,1,4022.60,1,4022.70,6,4022.80,8,4022.90,6,4023.00,6,Buy,14,14,28,0.00,1.00,-11.00,1.80,55.6,4022.40,4022.40,4020.60,4021.40,27,7,34,20.00,21.00,-1.00,1.30,7.7,30,42,0.0500,1.0000,-30.00,-9.00,4024.02,-0.3898,DOWN,30.25,1.1240,1.6180
20260728 235139 947,4021.30,1,4021.30,4021.70,0.40,4021.00,3,4020.90,2,4020.60,1,4020.50,1,4020.40,2,4020.30,2,4020.00,7,4019.70,5,4019.60,1,4019.50,1,4021.40,2,4021.50,2,4022.30,1,4022.40,1,4022.50,1,4022.60,1,4022.70,6,4022.80,8,4022.90,6,4023.00,6,Sell,14,15,29,-1.00,1.00,-11.00,1.80,61.1,4022.40,4022.40,4020.60,4021.30,27,7,34,20.00,21.00,-1.00,1.30,7.7,30,42,0.0500,10.0000,-31.00,-10.00,4024.01,-0.3930,DOWN,30.25,1.1240,1.6180
20260728 235146 607,4021.30,1,4021.30,4021.50,0.20,4021.30,5,4021.00,2,4020.90,2,4020.30,6,4020.20,7,4020.10,6,4020.00,7,4019.90,5,4019.80,5,4019.70,5,4021.50,1,4021.60,1,4022.30,1,4022.40,1,4022.50,1,4022.60,1,4022.70,6,4022.80,7,4022.90,6,4023.00,6,Buy,15,15,30,0.00,1.00,-11.00,1.80,61.1,4022.40,4022.40,4020.60,4021.30,27,7,34,20.00,21.00,-1.00,1.30,7.7,30,42,0.0500,1.0000,-30.00,-9.00,4024.01,-0.3930,DOWN,30.25,1.1240,1.6180
20260728 235146 612,4021.40,1,4021.30,4021.50,0.20,4021.30,5,4021.00,2,4020.90,2,4020.30,6,4020.20,7,4020.10,6,4020.00,7,4019.90,5,4019.80,5,4019.70,5,4021.50,1,4021.60,1,4022.30,1,4022.40,1,4022.50,1,4022.60,1,4022.70,6,4022.80,7,4022.90,6,4023.00,6,Buy,16,15,31,1.00,1.00,-11.00,1.80,55.6,4022.40,4022.40,4020.60,4021.40,27,7,34,20.00,21.00,-1.00,1.30,7.7,30,42,0.0500,0.0000,-29.00,-8.00,4024.02,-0.3898,DOWN,30.25,1.1240,1.6180
20260728 235147 562,4021.30,1,4021.30,4021.50,0.20,4021.30,4,4021.10,2,4021.00,2,4020.30,6,4020.20,7,4020.10,6,4020.00,7,4019.90,5,4019.80,5,4019.70,5,4021.50,1,4021.60,1,4022.30,1,4022.40,1,4022.50,1,4022.60,1,4022.70,6,4022.80,7,4022.90,6,4023.00,6,Sell,16,16,32,0.00,1.00,-11.00,1.80,61.1,4022.40,4022.40,4020.60,4021.30,27,7,34,20.00,21.00,-1.00,1.30,7.7,30,42,0.0500,1.0000,-30.00,-9.00,4024.01,-0.3930,DOWN,30.25,1.1240,1.6180
20260728 235151 347,4021.30,1,4021.00,4021.40,0.40,4021.00,2,4020.90,3,4020.40,6,4020.30,6,4020.20,6,4020.10,6,4020.00,7,4019.90,5,4019.80,5,4019.70,5,4021.40,1,4021.50,2,4022.30,2,4022.40,5,4022.50,5,4022.60,5,4022.70,6,4022.80,7,4022.90,6,4023.00,6,Sell,16,17,33,-1.00,1.00,-11.00,1.80,61.1,4022.40,4022.40,4020.60,4021.30,27,7,34,20.00,21.00,-1.00,1.30,7.7,30,42,0.0500,10.0000,-31.00,-10.00,4024.01,-0.3930,DOWN,30.25,1.1240,1.6180
20260728 235151 348,4021.30,3,4021.00,4021.40,0.40,4021.00,2,4020.90,3,4020.40,6,4020.30,6,4020.20,6,4020.10,6,4020.00,7,4019.90,5,4019.80,5,4019.70,5,4021.40,1,4021.50,2,4022.30,2,4022.40,5,4022.50,5,4022.60,5,4022.70,6,4022.80,7,4022.90,6,4023.00,6,Sell,16,20,36,-4.00,1.00,-11.00,1.80,61.1,4022.40,4022.40,4020.60,4021.30,27,7,34,20.00,21.00,-1.00,1.30,7.7,30,42,0.0500,1.7500,-34.00,-13.00,4024.01,-0.3930,DOWN,30.25,1.1240,1.6180
20260728 235151 348,4021.30,1,4021.00,4021.40,0.40,4021.00,2,4020.90,3,4020.40,6,4020.30,6,4020.20,6,4020.10,6,4020.00,7,4019.90,5,4019.80,5,4019.70,5,4021.40,1,4021.50,2,4022.30,2,4022.40,5,4022.50,5,4022.60,5,4022.70,6,4022.80,7,4022.90,6,4023.00,6,Sell,16,21,37,-5.00,1.00,-11.00,1.80,61.1,4022.40,4022.40,4020.60,4021.30,27,7,34,20.00,21.00,-1.00,1.30,7.7,30,42,0.0500,1.2000,-35.00,-14.00,4024.01,-0.3930,DOWN,30.25,1.1240,1.6180
20260728 235158 634,4021.30,1,4021.00,4021.30,0.30,4021.00,3,4020.90,3,4020.40,1,4020.30,1,4020.20,1,4020.10,6,4020.00,7,4019.90,5,4019.80,5,4019.70,5,4021.30,2,4021.40,2,4022.20,2,4022.30,5,4022.40,6,4022.50,5,4022.60,5,4022.70,6,4022.80,7,4022.90,7,Buy,17,21,38,-4.00,1.00,-11.00,1.80,61.1,4022.40,4022.40,4020.60,4021.30,27,7,34,20.00,21.00,-1.00,1.30,7.7,30,42,0.0500,1.7500,-34.00,-13.00,4024.01,-0.3930,DOWN,30.25,1.1240,1.6180
20260728 235159 128,4021.30,1,4021.00,4021.30,0.30,4021.00,2,4020.90,3,4020.40,1,4020.30,1,4020.20,1,4020.10,1,4020.00,2,4019.90,5,4019.80,5,4019.70,5,4021.30,1,4021.40,2,4022.20,2,4022.30,5,4022.40,7,4022.50,5,4022.60,5,4022.70,6,4022.80,7,4022.90,6,Buy,18,21,39,-3.00,1.00,-11.00,1.80,61.1,4022.40,4022.40,4020.60,4021.30,27,7,34,20.00,21.00,-1.00,1.30,7.7,30,42,0.0500,2.6667,-33.00,-12.00,4024.01,-0.3930,DOWN,30.25,1.1240,1.6180
20260728 235159 880,4021.00,1,4021.00,4021.30,0.30,4021.00,1,4020.90,3,4020.30,1,4020.20,1,4020.10,1,4020.00,1,4019.90,5,4019.80,5,4019.70,5,4019.60,7,4021.30,2,4021.40,1,4022.10,1,4022.20,1,4022.30,5,4022.40,6,4022.50,5,4022.60,5,4022.70,6,4022.80,7,Sell,18,22,40,-4.00,1.00,-11.00,1.80,77.8,4022.40,4022.40,4020.60,4021.00,27,7,34,20.00,21.00,-1.00,1.30,7.7,30,42,0.0500,1.7500,-34.00,-13.00,4023.98,-0.4025,DOWN,30.25,1.1240,1.6180
20260728 235159 880,4021.00,1,4021.00,4021.30,0.30,4021.00,1,4020.90,3,4020.30,1,4020.20,1,4020.10,1,4020.00,1,4019.90,5,4019.80,5,4019.70,5,4019.60,7,4021.30,2,4021.40,1,4022.10,1,4022.20,1,4022.30,5,4022.40,6,4022.50,5,4022.60,5,4022.70,6,4022.80,7,Sell,18,23,41,-5.00,1.00,-11.00,1.80,77.8,4022.40,4022.40,4020.60,4021.00,27,7,34,20.00,21.00,-1.00,1.30,7.7,30,42,0.0500,1.2000,-35.00,-14.00,4023.98,-0.4025,DOWN,30.25,1.1240,1.6180
20260728 235210 740,4021.70,1,4022.00,4022.80,0.80,4021.30,1,4021.20,3,4020.90,1,4020.30,6,4020.20,6,4020.10,6,4020.00,6,4019.90,5,4019.80,6,4019.70,5,4021.70,2,4021.80,3,4022.20,2,4022.30,2,4022.40,6,4022.50,5,4022.60,5,4022.70,6,4022.80,7,4022.90,6,Buy,1,0,1,1.00,1.00,1.00,0.00,0.0,4021.70,4021.70,4021.70,4021.70,18,23,41,-5.00,1.00,-11.00,1.80,77.8,-12,30,1.2000,0.0000,-19.00,-18.00,4024.05,-0.3803,DOWN,31.10,1.3183,1.5524
20260728 235210 740,4021.70,1,4022.00,4022.80,0.80,4021.30,1,4021.20,3,4020.90,1,4020.30,6,4020.20,6,4020.10,6,4020.00,6,4019.90,5,4019.80,6,4019.70,5,4021.70,2,4021.80,3,4022.20,2,4022.30,2,4022.40,6,4022.50,5,4022.60,5,4022.70,6,4022.80,7,4022.90,6,Buy,2,0,2,2.00,2.00,1.00,0.00,0.0,4021.70,4021.70,4021.70,4021.70,18,23,41,-5.00,1.00,-11.00,1.80,77.8,-12,30,1.2000,0.0000,-18.00,-17.00,4024.05,-0.3803,DOWN,31.10,1.3183,1.5524
20260728 235210 741,4021.90,1,4022.00,4022.80,0.80,4021.30,1,4021.20,3,4020.90,1,4020.30,6,4020.20,6,4020.10,6,4020.00,6,4019.90,5,4019.80,6,4019.70,5,4021.70,2,4021.80,3,4022.20,2,4022.30,2,4022.40,6,4022.50,5,4022.60,5,4022.70,6,4022.80,7,4022.90,6,Buy,3,0,3,3.00,3.00,1.00,0.20,100.0,4021.70,4021.90,4021.70,4021.90,18,23,41,-5.00,1.00,-11.00,1.80,77.8,-12,30,1.2000,0.0000,-17.00,-16.00,4024.07,-0.3739,DOWN,31.10,1.3183,1.5667
20260728 235210 741,4022.00,1,4022.00,4022.80,0.80,4021.30,1,4021.20,3,4020.90,1,4020.30,6,4020.20,6,4020.10,6,4020.00,6,4019.90,5,4019.80,6,4019.70,5,4021.70,2,4021.80,3,4022.20,2,4022.30,2,4022.40,6,4022.50,5,4022.60,5,4022.70,6,4022.80,7,4022.90,6,Buy,4,0,4,4.00,4.00,1.00,0.30,100.0,4021.70,4022.00,4021.70,4022.00,18,23,41,-5.00,1.00,-11.00,1.80,77.8,-12,30,1.2000,0.0000,-16.00,-15.00,4024.08,-0.3708,DOWN,31.10,1.3183,1.5738
20260728 235210 741,4022.00,2,4022.00,4022.80,0.80,4021.30,1,4021.20,3,4020.90,1,4020.30,6,4020.20,6,4020.10,6,4020.00,6,4019.90,5,4019.80,6,4019.70,5,4021.70,2,4021.80,3,4022.20,2,4022.30,2,4022.40,6,4022.50,5,4022.60,5,4022.70,6,4022.80,7,4022.90,6,Buy,6,0,6,6.00,6.00,1.00,0.30,100.0,4021.70,4022.00,4021.70,4022.00,18,23,41,-5.00,1.00,-11.00,1.80,77.8,-12,30,1.2000,0.0000,-14.00,-13.00,4024.08,-0.3708,DOWN,31.10,1.3183,1.5738
20260728 235210 741,4022.10,1,4022.00,4022.80,0.80,4021.30,1,4021.20,3,4020.90,1,4020.30,6,4020.20,6,4020.10,6,4020.00,6,4019.90,5,4019.80,6,4019.70,5,4021.70,2,4021.80,3,4022.20,2,4022.30,2,4022.40,6,4022.50,5,4022.60,5,4022.70,6,4022.80,7,4022.90,6,Buy,7,0,7,7.00,7.00,1.00,0.40,100.0,4021.70,4022.10,4021.70,4022.10,18,23,41,-5.00,1.00,-11.00,1.80,77.8,-12,30,1.2000,0.0000,-13.00,-12.00,4024.09,-0.3676,DOWN,31.10,1.3183,1.5810
20260728 235210 742,4022.20,1,4022.00,4022.80,0.80,4021.30,1,4021.20,3,4020.90,1,4020.30,6,4020.20,6,4020.10,6,4020.00,6,4019.90,5,4019.80,6,4019.70,5,4021.70,2,4021.80,3,4022.20,2,4022.30,2,4022.40,6,4022.50,5,4022.60,5,4022.70,6,4022.80,7,4022.90,6,Buy,8,0,8,8.00,8.00,1.00,0.50,100.0,4021.70,4022.20,4021.70,4022.20,18,23,41,-5.00,1.00,-11.00,1.80,77.8,-12,30,1.2000,0.0000,-12.00,-11.00,4024.10,-0.3644,DOWN,31.10,1.3183,1.5881
20260728 235210 746,4022.80,1,4022.00,4022.80,0.80,4021.30,1,4021.20,3,4020.90,1,4020.30,6,4020.20,6,4020.10,6,4020.00,6,4019.90,5,4019.80,6,4019.70,5,4021.70,2,4021.80,3,4022.20,2,4022.30,2,4022.40,6,4022.50,5,4022.60,5,4022.70,6,4022.80,7,4022.90,6,Buy,9,0,9,9.00,9.00,1.00,1.10,100.0,4021.70,4022.80,4021.70,4022.80,18,23,41,-5.00,1.00,-11.00,1.80,77.8,-12,30,1.2000,0.0000,-11.00,-10.00,4024.16,-0.3454,DOWN,31.10,1.3183,1.6310
20260728 235215 315,4023.20,1,4022.90,4023.20,0.30,4023.20,1,4023.10,1,4022.30,1,4022.20,5,4022.10,5,4022.00,5,4021.80,5,4021.70,5,4021.60,5,4021.50,5,4023.50,3,4023.60,1,4023.90,2,4024.00,3,4024.30,5,4024.40,5,4024.50,6,4024.60,5,4024.70,3,4024.80,1,Buy,10,0,10,10.00,10.00,1.00,1.50,100.0,4021.70,4023.20,4021.70,4023.20,18,23,41,-5.00,1.00,-11.00,1.80,77.8,-12,30,1.2000,0.0000,-10.00,-9.00,4024.19,-0.3327,DOWN,31.10,1.3183,1.6596
20260728 235215 315,4023.30,1,4022.90,4023.20,0.30,4023.20,1,4023.10,1,4022.30,1,4022.20,5,4022.10,5,4022.00,5,4021.80,5,4021.70,5,4021.60,5,4021.50,5,4023.50,3,4023.60,1,4023.90,2,4024.00,3,4024.30,5,4024.40,5,4024.50,6,4024.60,5,4024.70,3,4024.80,1,Buy,11,0,11,11.00,11.00,1.00,1.60,100.0,4021.70,4023.30,4021.70,4023.30,18,23,41,-5.00,1.00,-11.00,1.80,77.8,-12,30,1.2000,0.0000,-9.00,-8.00,4024.20,-0.3295,DOWN,31.10,1.3183,1.6667
20260728 235215 315,4023.40,1,4022.90,4023.20,0.30,4023.20,1,4023.10,1,4022.30,1,4022.20,5,4022.10,5,4022.00,5,4021.80,5,4021.70,5,4021.60,5,4021.50,5,4023.50,3,4023.60,1,4023.90,2,4024.00,3,4024.30,5,4024.40,5,4024.50,6,4024.60,5,4024.70,3,4024.80,1,Buy,12,0,12,12.00,12.00,1.00,1.70,100.0,4021.70,4023.40,4021.70,4023.40,18,23,41,-5.00,1.00,-11.00,1.80,77.8,-12,30,1.2000,0.0000,-8.00,-7.00,4024.21,-0.3263,DOWN,31.10,1.3183,1.6738
20260728 235216 182,4023.50,1,4023.70,4024.20,0.50,4023.70,2,4023.60,3,4022.70,1,4022.60,5,4022.50,5,4022.40,5,4022.30,5,4022.20,5,4022.00,5,4021.80,5,4024.20,2,4024.30,5,4024.40,2,4024.50,5,4024.60,5,4024.70,8,4024.80,6,4024.90,7,4025.00,9,4025.10,7,Buy,13,0,13,13.00,13.00,1.00,1.80,100.0,4021.70,4023.50,4021.70,4023.50,18,23,41,-5.00,1.00,-11.00,1.80,77.8,-12,30,1.2000,0.0000,-7.00,-6.00,4024.22,-0.3231,DOWN,31.10,1.3183,1.6810
20260728 235216 184,4023.50,1,4023.70,4024.20,0.50,4023.70,2,4023.60,3,4022.70,1,4022.60,5,4022.50,5,4022.40,5,4022.30,5,4022.20,5,4022.00,5,4021.80,5,4024.20,2,4024.30,5,4024.40,2,4024.50,5,4024.60,5,4024.70,8,4024.80,6,4024.90,7,4025.00,9,4025.10,7,Buy,14,0,14,14.00,14.00,1.00,1.80,100.0,4021.70,4023.50,4021.70,4023.50,18,23,41,-5.00,1.00,-11.00,1.80,77.8,-12,30,1.2000,0.0000,-6.00,-5.00,4024.22,-0.3231,DOWN,31.10,1.3183,1.6810
20260728 235216 184,4024.00,1,4023.70,4024.20,0.50,4023.70,2,4023.60,3,4022.70,1,4022.60,5,4022.50,5,4022.40,5,4022.30,5,4022.20,5,4022.00,5,4021.80,5,4024.20,2,4024.30,5,4024.40,2,4024.50,5,4024.60,5,4024.70,8,4024.80,6,4024.90,7,4025.00,9,4025.10,7,Buy,15,0,15,15.00,15.00,1.00,2.30,100.0,4021.70,4024.00,4021.70,4024.00,18,23,41,-5.00,1.00,-11.00,1.80,77.8,-12,30,1.2000,0.0000,-5.00,-4.00,4024.27,-0.3073,DOWN,31.10,1.3183,1.7167
20260728 235216 184,4024.00,1,4023.70,4024.20,0.50,4023.70,2,4023.60,3,4022.70,1,4022.60,5,4022.50,5,4022.40,5,4022.30,5,4022.20,5,4022.00,5,4021.80,5,4024.20,2,4024.30,5,4024.40,2,4024.50,5,4024.60,5,4024.70,8,4024.80,6,4024.90,7,4025.00,9,4025.10,7,Buy,16,0,16,16.00,16.00,1.00,2.30,100.0,4021.70,4024.00,4021.70,4024.00,18,23,41,-5.00,1.00,-11.00,1.80,77.8,-12,30,1.2000,0.0000,-4.00,-3.00,4024.27,-0.3073,DOWN,31.10,1.3183,1.7167
20260728 235216 184,4024.00,1,4023.70,4024.20,0.50,4023.70,2,4023.60,3,4022.70,1,4022.60,5,4022.50,5,4022.40,5,4022.30,5,4022.20,5,4022.00,5,4021.80,5,4024.20,2,4024.30,5,4024.40,2,4024.50,5,4024.60,5,4024.70,8,4024.80,6,4024.90,7,4025.00,9,4025.10,7,Buy,17,0,17,17.00,17.00,1.00,2.30,100.0,4021.70,4024.00,4021.70,4024.00,18,23,41,-5.00,1.00,-11.00,1.80,77.8,-12,30,1.2000,0.0000,-3.00,-2.00,4024.27,-0.3073,DOWN,31.10,1.3183,1.7167
20260728 235216 184,4023.90,1,4023.70,4024.20,0.50,4023.70,2,4023.60,3,4022.70,1,4022.60,5,4022.50,5,4022.40,5,4022.30,5,4022.20,5,4022.00,5,4021.80,5,4024.20,2,4024.30,5,4024.40,2,4024.50,5,4024.60,5,4024.70,8,4024.80,6,4024.90,7,4025.00,9,4025.10,7,Buy,18,0,18,18.00,18.00,1.00,2.30,95.7,4021.70,4024.00,4021.70,4023.90,18,23,41,-5.00,1.00,-11.00,1.80,77.8,-12,30,1.2000,0.0000,-2.00,-1.00,4024.26,-0.3104,DOWN,31.10,1.3183,1.7167
20260728 235216 184,4024.00,1,4023.70,4024.20,0.50,4023.70,2,4023.60,3,4022.70,1,4022.60,5,4022.50,5,4022.40,5,4022.30,5,4022.20,5,4022.00,5,4021.80,5,4024.20,2,4024.30,5,4024.40,2,4024.50,5,4024.60,5,4024.70,8,4024.80,6,4024.90,7,4025.00,9,4025.10,7,Buy,19,0,19,19.00,19.00,1.00,2.30,100.0,4021.70,4024.00,4021.70,4024.00,18,23,41,-5.00,1.00,-11.00,1.80,77.8,-12,30,1.2000,0.0000,-1.00,0.00,4024.27,-0.3073,DOWN,31.10,1.3183,1.7167
20260728 235216 184,4024.10,1,4023.70,4024.20,0.50,4023.70,2,4023.60,3,4022.70,1,4022.60,5,4022.50,5,4022.40,5,4022.30,5,4022.20,5,4022.00,5,4021.80,5,4024.20,2,4024.30,5,4024.40,2,4024.50,5,4024.60,5,4024.70,8,4024.80,6,4024.90,7,4025.00,9,4025.10,7,Buy,20,0,20,20.00,20.00,1.00,2.40,100.0,4021.70,4024.10,4021.70,4024.10,18,23,41,-5.00,1.00,-11.00,1.80,77.8,-12,30,1.2000,0.0000,0.00,1.00,4024.28,-0.3041,DOWN,31.10,1.3183,1.7238
20260728 235216 184,4024.00,1,4023.70,4024.20,0.50,4023.70,2,4023.60,3,4022.70,1,4022.60,5,4022.50,5,4022.40,5,4022.30,5,4022.20,5,4022.00,5,4021.80,5,4024.20,2,4024.30,5,4024.40,2,4024.50,5,4024.60,5,4024.70,8,4024.80,6,4024.90,7,4025.00,9,4025.10,7,Buy,21,0,21,21.00,21.00,1.00,2.40,95.8,4021.70,4024.10,4021.70,4024.00,18,23,41,-5.00,1.00,-11.00,1.80,77.8,-12,30,1.2000,0.0000,1.00,2.00,4024.27,-0.3073,DOWN,31.10,1.3183,1.7238
20260728 235216 184,4024.10,1,4023.70,4024.20,0.50,4023.70,2,4023.60,3,4022.70,1,4022.60,5,4022.50,5,4022.40,5,4022.30,5,4022.20,5,4022.00,5,4021.80,5,4024.20,2,4024.30,5,4024.40,2,4024.50,5,4024.60,5,4024.70,8,4024.80,6,4024.90,7,4025.00,9,4025.10,7,Buy,22,0,22,22.00,22.00,1.00,2.40,100.0,4021.70,4024.10,4021.70,4024.10,18,23,41,-5.00,1.00,-11.00,1.80,77.8,-12,30,1.2000,0.0000,2.00,3.00,4024.28,-0.3041,DOWN,31.10,1.3183,1.7238
20260728 235216 184,4024.20,1,4023.70,4024.20,0.50,4023.70,2,4023.60,3,4022.70,1,4022.60,5,4022.50,5,4022.40,5,4022.30,5,4022.20,5,4022.00,5,4021.80,5,4024.20,2,4024.30,5,4024.40,2,4024.50,5,4024.60,5,4024.70,8,4024.80,6,4024.90,7,4025.00,9,4025.10,7,Buy,23,0,23,23.00,23.00,1.00,2.50,100.0,4021.70,4024.20,4021.70,4024.20,18,23,41,-5.00,1.00,-11.00,1.80,77.8,-12,30,1.2000,0.0000,3.00,4.00,4024.29,-0.3009,DOWN,31.10,1.3183,1.7310
20260728 235216 184,4024.30,1,4023.70,4024.20,0.50,4023.70,2,4023.60,3,4022.70,1,4022.60,5,4022.50,5,4022.40,5,4022.30,5,4022.20,5,4022.00,5,4021.80,5,4024.20,2,4024.30,5,4024.40,2,4024.50,5,4024.60,5,4024.70,8,4024.80,6,4024.90,7,4025.00,9,4025.10,7,Buy,24,0,24,24.00,24.00,1.00,2.60,100.0,4021.70,4024.30,4021.70,4024.30,18,23,41,-5.00,1.00,-11.00,1.80,77.8,-12,30,1.2000,0.0000,4.00,5.00,4024.30,-0.2978,DOWN,31.10,1.3183,1.7381
20260728 235216 184,4024.30,1,4023.70,4024.20,0.50,4023.70,2,4023.60,3,4022.70,1,4022.60,5,4022.50,5,4022.40,5,4022.30,5,4022.20,5,4022.00,5,4021.80,5,4024.20,2,4024.30,5,4024.40,2,4024.50,5,4024.60,5,4024.70,8,4024.80,6,4024.90,7,4025.00,9,4025.10,7,Buy,25,0,25,25.00,25.00,1.00,2.60,100.0,4021.70,4024.30,4021.70,4024.30,18,23,41,-5.00,1.00,-11.00,1.80,77.8,-12,30,1.2000,0.0000,5.00,6.00,4024.30,-0.2978,DOWN,31.10,1.3183,1.7381
20260728 235216 184,4024.30,1,4023.70,4024.20,0.50,4023.70,2,4023.60,3,4022.70,1,4022.60,5,4022.50,5,4022.40,5,4022.30,5,4022.20,5,4022.00,5,4021.80,5,4024.20,2,4024.30,5,4024.40,2,4024.50,5,4024.60,5,4024.70,8,4024.80,6,4024.90,7,4025.00,9,4025.10,7,Buy,26,0,26,26.00,26.00,1.00,2.60,100.0,4021.70,4024.30,4021.70,4024.30,18,23,41,-5.00,1.00,-11.00,1.80,77.8,-12,30,1.2000,0.0000,6.00,7.00,4024.30,-0.2978,DOWN,31.10,1.3183,1.7381
20260728 235216 184,4024.30,1,4023.70,4024.20,0.50,4023.70,2,4023.60,3,4022.70,1,4022.60,5,4022.50,5,4022.40,5,4022.30,5,4022.20,5,4022.00,5,4021.80,5,4024.20,2,4024.30,5,4024.40,2,4024.50,5,4024.60,5,4024.70,8,4024.80,6,4024.90,7,4025.00,9,4025.10,7,Buy,27,0,27,27.00,27.00,1.00,2.60,100.0,4021.70,4024.30,4021.70,4024.30,18,23,41,-5.00,1.00,-11.00,1.80,77.8,-12,30,1.2000,0.0000,7.00,8.00,4024.30,-0.2978,DOWN,31.10,1.3183,1.7381
20260728 235216 184,4024.40,1,4023.70,4024.20,0.50,4023.70,2,4023.60,3,4022.70,1,4022.60,5,4022.50,5,4022.40,5,4022.30,5,4022.20,5,4022.00,5,4021.80,5,4024.20,2,4024.30,5,4024.40,2,4024.50,5,4024.60,5,4024.70,8,4024.80,6,4024.90,7,4025.00,9,4025.10,7,Buy,28,0,28,28.00,28.00,1.00,2.70,100.0,4021.70,4024.40,4021.70,4024.40,18,23,41,-5.00,1.00,-11.00,1.80,77.8,-12,30,1.2000,0.0000,8.00,9.00,4024.31,-0.2946,DOWN,31.10,1.3183,1.7453
20260728 235216 184,4024.40,1,4023.70,4024.20,0.50,4023.70,2,4023.60,3,4022.70,1,4022.60,5,4022.50,5,4022.40,5,4022.30,5,4022.20,5,4022.00,5,4021.80,5,4024.20,2,4024.30,5,4024.40,2,4024.50,5,4024.60,5,4024.70,8,4024.80,6,4024.90,7,4025.00,9,4025.10,7,Buy,29,0,29,29.00,29.00,1.00,2.70,100.0,4021.70,4024.40,4021.70,4024.40,18,23,41,-5.00,1.00,-11.00,1.80,77.8,-12,30,1.2000,0.0000,9.00,10.00,4024.31,-0.2946,DOWN,31.10,1.3183,1.7453
20260728 235216 184,4024.40,2,4023.70,4024.20,0.50,4023.70,2,4023.60,3,4022.70,1,4022.60,5,4022.50,5,4022.40,5,4022.30,5,4022.20,5,4022.00,5,4021.80,5,4024.20,2,4024.30,5,4024.40,2,4024.50,5,4024.60,5,4024.70,8,4024.80,6,4024.90,7,4025.00,9,4025.10,7,Buy,31,0,31,31.00,31.00,1.00,2.70,100.0,4021.70,4024.40,4021.70,4024.40,18,23,41,-5.00,1.00,-11.00,1.80,77.8,-12,30,1.2000,0.0000,11.00,12.00,4024.31,-0.2946,DOWN,31.10,1.3183,1.7453
20260728 235216 184,4024.50,1,4023.70,4024.20,0.50,4023.70,2,4023.60,3,4022.70,1,4022.60,5,4022.50,5,4022.40,5,4022.30,5,4022.20,5,4022.00,5,4021.80,5,4024.20,2,4024.30,5,4024.40,2,4024.50,5,4024.60,5,4024.70,8,4024.80,6,4024.90,7,4025.00,9,4025.10,7,Buy,32,0,32,32.00,32.00,1.00,2.80,100.0,4021.70,4024.50,4021.70,4024.50,18,23,41,-5.00,1.00,-11.00,1.80,77.8,-12,30,1.2000,0.0000,12.00,13.00,4024.32,-0.2914,DOWN,31.10,1.3183,1.7524
20260728 235216 603,4023.80,1,4023.30,4023.80,0.50,4023.30,3,4023.20,4,4022.50,2,4022.40,5,4022.30,5,4022.20,5,4022.10,5,4022.00,5,4021.80,5,4021.70,5,4023.80,1,4023.90,3,4024.40,2,4024.50,5,4024.60,5,4024.70,8,4024.80,6,4024.90,7,4025.00,9,4025.10,7,Buy,33,0,33,33.00,33.00,1.00,2.80,75.0,4021.70,4024.50,4021.70,4023.80,18,23,41,-5.00,1.00,-11.00,1.80,77.8,-12,30,1.2000,0.0000,13.00,14.00,4024.25,-0.3136,DOWN,31.10,1.3183,1.7524
20260728 235216 715,4023.80,1,4023.50,4024.00,0.50,4023.50,2,4023.40,3,4022.60,1,4022.50,7,4022.40,5,4022.30,5,4022.20,5,4022.10,5,4022.00,5,4021.90,5,4024.00,1,4024.10,3,4024.40,2,4024.50,5,4024.60,5,4024.70,8,4024.80,6,4024.90,7,4025.00,9,4025.10,7,Buy,34,0,34,34.00,34.00,1.00,2.80,75.0,4021.70,4024.50,4021.70,4023.80,18,23,41,-5.00,1.00,-11.00,1.80,77.8,-12,30,1.2000,0.0000,14.00,15.00,4024.25,-0.3136,DOWN,31.10,1.3183,1.7524
20260728 235216 715,4023.90,1,4023.50,4024.00,0.50,4023.50,2,4023.40,3,4022.60,1,4022.50,7,4022.40,5,4022.30,5,4022.20,5,4022.10,5,4022.00,5,4021.90,5,4024.00,1,4024.10,3,4024.40,2,4024.50,5,4024.60,5,4024.70,8,4024.80,6,4024.90,7,4025.00,9,4025.10,7,Buy,35,0,35,35.00,35.00,1.00,2.80,78.6,4021.70,4024.50,4021.70,4023.90,18,23,41,-5.00,1.00,-11.00,1.80,77.8,-12,30,1.2000,0.0000,15.00,16.00,4024.26,-0.3104,DOWN,31.10,1.3183,1.7524
20260728 235216 715,4023.90,1,4023.50,4024.00,0.50,4023.50,2,4023.40,3,4022.60,1,4022.50,7,4022.40,5,4022.30,5,4022.20,5,4022.10,5,4022.00,5,4021.90,5,4024.00,1,4024.10,3,4024.40,2,4024.50,5,4024.60,5,4024.70,8,4024.80,6,4024.90,7,4025.00,9,4025.10,7,Buy,36,0,36,36.00,36.00,1.00,2.80,78.6,4021.70,4024.50,4021.70,4023.90,18,23,41,-5.00,1.00,-11.00,1.80,77.8,-12,30,1.2000,0.0000,16.00,17.00,4024.26,-0.3104,DOWN,31.10,1.3183,1.7524
20260728 235216 715,4023.90,1,4023.50,4024.00,0.50,4023.50,2,4023.40,3,4022.60,1,4022.50,7,4022.40,5,4022.30,5,4022.20,5,4022.10,5,4022.00,5,4021.90,5,4024.00,1,4024.10,3,4024.40,2,4024.50,5,4024.60,5,4024.70,8,4024.80,6,4024.90,7,4025.00,9,4025.10,7,Buy,37,0,37,37.00,37.00,1.00,2.80,78.6,4021.70,4024.50,4021.70,4023.90,18,23,41,-5.00,1.00,-11.00,1.80,77.8,-12,30,1.2000,0.0000,17.00,18.00,4024.26,-0.3104,DOWN,31.10,1.3183,1.7524
20260728 235216 715,4024.00,1,4023.50,4024.00,0.50,4023.50,2,4023.40,3,4022.60,1,4022.50,7,4022.40,5,4022.30,5,4022.20,5,4022.10,5,4022.00,5,4021.90,5,4024.00,1,4024.10,3,4024.40,2,4024.50,5,4024.60,5,4024.70,8,4024.80,6,4024.90,7,4025.00,9,4025.10,7,Buy,38,0,38,38.00,38.00,1.00,2.80,82.1,4021.70,4024.50,4021.70,4024.00,18,23,41,-5.00,1.00,-11.00,1.80,77.8,-12,30,1.2000,0.0000,18.00,19.00,4024.27,-0.3073,DOWN,31.10,1.3183,1.7524
20260728 235216 735,4024.00,1,4023.50,4024.00,0.50,4023.50,2,4023.40,3,4022.60,1,4022.50,7,4022.40,5,4022.30,5,4022.20,5,4022.10,5,4022.00,5,4021.90,5,4024.00,1,4024.10,3,4024.40,2,4024.50,5,4024.60,5,4024.70,8,4024.80,6,4024.90,7,4025.00,9,4025.10,7,Buy,39,0,39,39.00,39.00,1.00,2.80,82.1,4021.70,4024.50,4021.70,4024.00,18,23,41,-5.00,1.00,-11.00,1.80,77.8,-12,30,1.2000,0.0000,19.00,20.00,4024.27,-0.3073,DOWN,31.10,1.3183,1.7524
20260728 235216 879,4024.00,1,4023.60,4024.10,0.50,4023.60,1,4023.50,2,4022.60,1,4022.50,7,4022.40,5,4022.30,5,4022.20,5,4022.10,5,4022.00,5,4021.90,5,4024.10,3,4024.20,4,4024.40,2,4024.50,5,4024.60,5,4024.70,8,4024.80,6,4024.90,7,4025.00,9,4025.10,7,Buy,40,0,40,40.00,40.00,1.00,2.80,82.1,4021.70,4024.50,4021.70,4024.00,18,23,41,-5.00,1.00,-11.00,1.80,77.8,-12,30,1.2000,0.0000,20.00,21.00,4024.27,-0.3073,DOWN,31.10,1.3183,1.7524
20260728 235216 879,4024.00,1,4023.60,4024.10,0.50,4023.60,1,4023.50,2,4022.60,1,4022.50,7,4022.40,5,4022.30,5,4022.20,5,4022.10,5,4022.00,5,4021.90,5,4024.10,3,4024.20,4,4024.40,2,4024.50,5,4024.60,5,4024.70,8,4024.80,6,4024.90,7,4025.00,9,4025.10,7,Buy,41,0,41,41.00,41.00,1.00,2.80,82.1,4021.70,4024.50,4021.70,4024.00,18,23,41,-5.00,1.00,-11.00,1.80,77.8,-12,30,1.2000,0.0000,21.00,22.00,4024.27,-0.3073,DOWN,31.10,1.3183,1.7524
20260728 235216 879,4024.10,1,4023.60,4024.10,0.50,4023.60,1,4023.50,2,4022.60,1,4022.50,7,4022.40,5,4022.30,5,4022.20,5,4022.10,5,4022.00,5,4021.90,5,4024.10,3,4024.20,4,4024.40,2,4024.50,5,4024.60,5,4024.70,8,4024.80,6,4024.90,7,4025.00,9,4025.10,7,Buy,42,0,42,42.00,42.00,1.00,2.80,85.7,4021.70,4024.50,4021.70,4024.10,18,23,41,-5.00,1.00,-11.00,1.80,77.8,-12,30,1.2000,0.0000,22.00,23.00,4024.28,-0.3041,DOWN,31.10,1.3183,1.7524
20260728 235216 879,4024.10,1,4023.60,4024.10,0.50,4023.60,1,4023.50,2,4022.60,1,4022.50,7,4022.40,5,4022.30,5,4022.20,5,4022.10,5,4022.00,5,4021.90,5,4024.10,3,4024.20,4,4024.40,2,4024.50,5,4024.60,5,4024.70,8,4024.80,6,4024.90,7,4025.00,9,4025.10,7,Buy,43,0,43,43.00,43.00,1.00,2.80,85.7,4021.70,4024.50,4021.70,4024.10,18,23,41,-5.00,1.00,-11.00,1.80,77.8,-12,30,1.2000,0.0000,23.00,24.00,4024.28,-0.3041,DOWN,31.10,1.3183,1.7524
20260728 235216 879,4024.10,1,4023.60,4024.10,0.50,4023.60,1,4023.50,2,4022.60,1,4022.50,7,4022.40,5,4022.30,5,4022.20,5,4022.10,5,4022.00,5,4021.90,5,4024.10,3,4024.20,4,4024.40,2,4024.50,5,4024.60,5,4024.70,8,4024.80,6,4024.90,7,4025.00,9,4025.10,7,Buy,44,0,44,44.00,44.00,1.00,2.80,85.7,4021.70,4024.50,4021.70,4024.10,18,23,41,-5.00,1.00,-11.00,1.80,77.8,-12,30,1.2000,0.0000,24.00,25.00,4024.28,-0.3041,DOWN,31.10,1.3183,1.7524
20260728 235216 879,4024.20,1,4023.60,4024.10,0.50,4023.60,1,4023.50,2,4022.60,1,4022.50,7,4022.40,5,4022.30,5,4022.20,5,4022.10,5,4022.00,5,4021.90,5,4024.10,3,4024.20,4,4024.40,2,4024.50,5,4024.60,5,4024.70,8,4024.80,6,4024.90,7,4025.00,9,4025.10,7,Buy,45,0,45,45.00,45.00,1.00,2.80,89.3,4021.70,4024.50,4021.70,4024.20,18,23,41,-5.00,1.00,-11.00,1.80,77.8,-12,30,1.2000,0.0000,25.00,26.00,4024.29,-0.3009,DOWN,31.10,1.3183,1.7524
20260728 235217 022,4023.90,1,4023.70,4024.20,0.50,4023.70,2,4023.60,3,4022.70,8,4022.60,5,4022.50,5,4022.40,5,4022.30,5,4022.20,5,4022.10,5,4022.00,5,4024.20,2,4024.30,3,4024.50,5,4024.60,5,4024.70,8,4024.80,6,4024.90,7,4025.00,9,4025.10,7,4025.20,6,Sell,45,1,46,44.00,45.00,1.00,2.80,78.6,4021.70,4024.50,4021.70,4023.90,18,23,41,-5.00,1.00,-11.00,1.80,77.8,-12,30,1.2000,0.0227,24.00,25.00,4024.26,-0.3104,DOWN,31.10,1.3183,1.7524
20260728 235218 413,4023.50,1,4023.70,4024.10,0.40,4023.70,1,4023.60,1,4022.90,2,4022.80,1,4022.60,5,4022.50,5,4022.40,5,4022.30,5,4022.20,5,4022.10,5,4024.10,1,4024.20,3,4024.40,2,4024.50,5,4024.60,5,4024.70,8,4024.80,6,4024.90,5,4025.00,9,4025.10,7,Sell,45,2,47,43.00,45.00,1.00,2.80,64.3,4021.70,4024.50,4021.70,4023.50,18,23,41,-5.00,1.00,-11.00,1.80,77.8,-12,30,1.2000,0.0465,23.00,24.00,4024.22,-0.3231,DOWN,31.10,1.3183,1.7524
20260728 235218 413,4023.40,1,4023.70,4024.10,0.40,4023.70,1,4023.60,1,4022.90,2,4022.80,1,4022.60,5,4022.50,5,4022.40,5,4022.30,5,4022.20,5,4022.10,5,4024.10,1,4024.20,3,4024.40,2,4024.50,5,4024.60,5,4024.70,8,4024.80,6,4024.90,5,4025.00,9,4025.10,7,Sell,45,3,48,42.00,45.00,1.00,2.80,60.7,4021.70,4024.50,4021.70,4023.40,18,23,41,-5.00,1.00,-11.00,1.80,77.8,-12,30,1.2000,0.0714,22.00,23.00,4024.21,-0.3263,DOWN,31.10,1.3183,1.7524
20260728 235218 413,4023.40,1,4023.70,4024.10,0.40,4023.70,1,4023.60,1,4022.90,2,4022.80,1,4022.60,5,4022.50,5,4022.40,5,4022.30,5,4022.20,5,4022.10,5,4024.10,1,4024.20,3,4024.40,2,4024.50,5,4024.60,5,4024.70,8,4024.80,6,4024.90,5,4025.00,9,4025.10,7,Sell,45,4,49,41.00,45.00,1.00,2.80,60.7,4021.70,4024.50,4021.70,4023.40,18,23,41,-5.00,1.00,-11.00,1.80,77.8,-12,30,1.2000,0.0976,21.00,22.00,4024.21,-0.3263,DOWN,31.10,1.3183,1.7524
20260728 235218 413,4023.40,1,4023.70,4024.10,0.40,4023.70,1,4023.60,1,4022.90,2,4022.80,1,4022.60,5,4022.50,5,4022.40,5,4022.30,5,4022.20,5,4022.10,5,4024.10,1,4024.20,3,4024.40,2,4024.50,5,4024.60,5,4024.70,8,4024.80,6,4024.90,5,4025.00,9,4025.10,7,Sell,45,5,50,40.00,45.00,1.00,2.80,60.7,4021.70,4024.50,4021.70,4023.40,18,23,41,-5.00,1.00,-11.00,1.80,77.8,-12,30,1.2000,0.1250,20.00,21.00,4024.21,-0.3263,DOWN,31.10,1.3183,1.7524
20260728 235219 376,4023.90,1,4023.90,4024.40,0.50,4023.70,2,4023.60,1,4023.00,1,4022.90,1,4022.80,1,4022.60,5,4022.50,5,4022.40,5,4022.30,5,4022.20,5,4024.20,1,4024.30,4,4024.40,2,4024.50,5,4024.60,5,4024.70,8,4024.80,6,4024.90,5,4025.00,9,4025.10,7,Sell,45,6,51,39.00,45.00,1.00,2.80,78.6,4021.70,4024.50,4021.70,4023.90,18,23,41,-5.00,1.00,-11.00,1.80,77.8,-12,30,1.2000,0.1538,19.00,20.00,4024.26,-0.3104,DOWN,31.10,1.3183,1.7524
20260728 235219 376,4023.90,1,4023.90,4024.40,0.50,4023.70,2,4023.60,1,4023.00,1,4022.90,1,4022.80,1,4022.60,5,4022.50,5,4022.40,5,4022.30,5,4022.20,5,4024.20,1,4024.30,4,4024.40,2,4024.50,5,4024.60,5,4024.70,8,4024.80,6,4024.90,5,4025.00,9,4025.10,7,Sell,45,7,52,38.00,45.00,1.00,2.80,78.6,4021.70,4024.50,4021.70,4023.90,18,23,41,-5.00,1.00,-11.00,1.80,77.8,-12,30,1.2000,0.1842,18.00,19.00,4024.26,-0.3104,DOWN,31.10,1.3183,1.7524
20260728 235219 469,4024.20,1,4023.80,4024.20,0.40,4023.80,1,4023.70,2,4023.10,1,4023.00,1,4022.90,1,4022.80,1,4022.60,5,4022.50,5,4022.40,5,4022.30,5,4024.20,1,4024.30,4,4024.40,2,4024.50,5,4024.60,5,4024.70,8,4024.80,6,4024.90,5,4025.00,9,4025.10,7,Buy,46,7,53,39.00,45.00,1.00,2.80,89.3,4021.70,4024.50,4021.70,4024.20,18,23,41,-5.00,1.00,-11.00,1.80,77.8,-12,30,1.2000,0.1538,19.00,20.00,4024.29,-0.3009,DOWN,31.10,1.3183,1.7524
20260728 235220 864,4023.70,1,4023.70,4024.20,0.50,4023.60,2,4023.50,3,4022.90,1,4022.80,1,4022.60,5,4022.50,5,4022.40,5,4022.30,5,4022.20,5,4022.10,5,4024.20,4,4024.30,4,4024.50,5,4024.60,5,4024.70,8,4024.80,6,4024.90,5,4025.00,9,4025.10,7,4025.20,6,Sell,46,8,54,38.00,45.00,1.00,2.80,71.4,4021.70,4024.50,4021.70,4023.70,18,23,41,-5.00,1.00,-11.00,1.80,77.8,-12,30,1.2000,0.1842,18.00,19.00,4024.24,-0.3168,DOWN,31.10,1.3183,1.7524
20260728 235221 353,4024.00,1,4023.70,4024.10,0.40,4023.70,3,4023.60,1,4023.00,1,4022.90,1,4022.80,1,4022.60,5,4022.50,5,4022.40,5,4022.30,5,4022.20,5,4024.10,4,4024.20,4,4024.40,1,4024.50,5,4024.60,5,4024.70,8,4024.80,6,4024.90,5,4025.00,9,4025.10,7,Buy,47,8,55,39.00,45.00,1.00,2.80,82.1,4021.70,4024.50,4021.70,4024.00,18,23,41,-5.00,1.00,-11.00,1.80,77.8,-12,30,1.2000,0.1538,19.00,20.00,4024.27,-0.3073,DOWN,31.10,1.3183,1.7524
20260728 235228 050,4023.30,1,4023.10,4023.70,0.60,4023.10,2,4023.00,4,4022.50,3,4022.40,5,4022.30,5,4022.20,5,4022.10,5,4022.00,5,4021.90,5,4021.80,5,4023.70,2,4023.80,3,4024.40,2,4024.50,5,4024.60,5,4024.70,8,4024.80,6,4024.90,5,4025.00,10,4025.10,7,Sell,47,9,56,38.00,45.00,1.00,2.80,57.1,4021.70,4024.50,4021.70,4023.30,18,23,41,-5.00,1.00,-11.00,1.80,77.8,-12,30,1.2000,0.1842,18.00,19.00,4024.20,-0.3295,DOWN,31.10,1.3183,1.7524
20260728 235228 050,4023.30,1,4023.10,4023.70,0.60,4023.10,2,4023.00,4,4022.50,3,4022.40,5,4022.30,5,4022.20,5,4022.10,5,4022.00,5,4021.90,5,4021.80,5,4023.70,2,4023.80,3,4024.40,2,4024.50,5,4024.60,5,4024.70,8,4024.80,6,4024.90,5,4025.00,10,4025.10,7,Sell,47,10,57,37.00,45.00,1.00,2.80,57.1,4021.70,4024.50,4021.70,4023.30,18,23,41,-5.00,1.00,-11.00,1.80,77.8,-12,30,1.2000,0.2162,17.00,18.00,4024.20,-0.3295,DOWN,31.10,1.3183,1.7524
20260728 235228 050,4023.20,1,4023.10,4023.70,0.60,4023.10,2,4023.00,4,4022.50,3,4022.40,5,4022.30,5,4022.20,5,4022.10,5,4022.00,5,4021.90,5,4021.80,5,4023.70,2,4023.80,3,4024.40,2,4024.50,5,4024.60,5,4024.70,8,4024.80,6,4024.90,5,4025.00,10,4025.10,7,Sell,47,11,58,36.00,45.00,1.00,2.80,53.6,4021.70,4024.50,4021.70,4023.20,18,23,41,-5.00,1.00,-11.00,1.80,77.8,-12,30,1.2000,0.2500,16.00,17.00,4024.19,-0.3327,DOWN,31.10,1.3183,1.7524
20260728 235228 522,4023.50,1,4023.20,4023.50,0.30,4023.20,1,4023.10,3,4022.60,1,4022.50,2,4022.40,5,4022.30,5,4022.20,5,4022.10,5,4022.00,5,4021.90,5,4023.60,3,4023.70,2,4024.50,5,4024.60,5,4024.70,8,4024.80,6,4024.90,5,4025.00,10,4025.10,7,4025.20,6,Buy,48,11,59,37.00,45.00,1.00,2.80,64.3,4021.70,4024.50,4021.70,4023.50,18,23,41,-5.00,1.00,-11.00,1.80,77.8,-12,30,1.2000,0.2162,17.00,18.00,4024.22,-0.3231,DOWN,31.10,1.3183,1.7524
20260728 235230 656,4023.20,1,4023.00,4023.30,0.30,4023.00,1,4022.90,3,4022.60,1,4022.50,1,4022.40,5,4022.30,5,4022.20,5,4022.10,5,4022.00,5,4021.90,5,4023.30,1,4023.40,2,4023.50,5,4024.30,5,4024.50,5,4024.60,5,4024.70,10,4024.80,6,4024.90,5,4025.00,10,Buy,49,11,60,38.00,45.00,1.00,2.80,53.6,4021.70,4024.50,4021.70,4023.20,18,23,41,-5.00,1.00,-11.00,1.80,77.8,-12,30,1.2000,0.1842,18.00,19.00,4024.19,-0.3327,DOWN,31.10,1.3183,1.7524
20260728 235231 065,4023.30,1,4022.90,4023.30,0.40,4022.90,1,4022.80,2,4022.50,1,4022.40,5,4022.30,5,4022.20,5,4022.10,5,4022.00,5,4021.90,5,4021.80,5,4023.20,2,4023.30,2,4024.50,5,4024.60,5,4024.70,10,4024.80,6,4024.90,5,4025.00,10,4025.10,7,4025.20,6,Buy,50,11,61,39.00,45.00,1.00,2.80,57.1,4021.70,4024.50,4021.70,4023.30,18,23,41,-5.00,1.00,-11.00,1.80,77.8,-12,30,1.2000,0.1538,19.00,20.00,4024.20,-0.3295,DOWN,31.10,1.3183,1.7524
20260728 235231 065,4023.30,1,4022.90,4023.30,0.40,4022.90,1,4022.80,2,4022.50,1,4022.40,5,4022.30,5,4022.20,5,4022.10,5,4022.00,5,4021.90,5,4021.80,5,4023.20,2,4023.30,2,4024.50,5,4024.60,5,4024.70,10,4024.80,6,4024.90,5,4025.00,10,4025.10,7,4025.20,6,Buy,51,11,62,40.00,45.00,1.00,2.80,57.1,4021.70,4024.50,4021.70,4023.30,18,23,41,-5.00,1.00,-11.00,1.80,77.8,-12,30,1.2000,0.1250,20.00,21.00,4024.20,-0.3295,DOWN,31.10,1.3183,1.7524
20260728 235232 019,4023.20,1,4022.90,4023.20,0.30,4022.90,2,4022.80,2,4022.50,1,4022.40,5,4022.30,5,4022.20,5,4022.10,5,4022.00,5,4021.90,5,4021.80,5,4023.40,1,4023.50,6,4024.50,5,4024.60,5,4024.70,10,4024.80,6,4024.90,5,4025.00,10,4025.10,7,4025.20,6,Buy,52,11,63,41.00,45.00,1.00,2.80,53.6,4021.70,4024.50,4021.70,4023.20,18,23,41,-5.00,1.00,-11.00,1.80,77.8,-12,30,1.2000,0.0976,21.00,22.00,4024.19,-0.3327,DOWN,31.10,1.3183,1.7524
20260728 235253 739,4023.60,1,4023.40,4023.70,0.30,4023.40,10,4023.30,3,4023.20,2,4022.70,2,4022.60,1,4022.50,6,4022.40,5,4022.30,5,4022.20,5,4022.10,5,4023.70,2,4023.80,3,4024.40,2,4024.50,5,4024.60,5,4024.70,8,4024.80,6,4024.90,5,4025.00,10,4025.10,7,Buy,53,11,64,42.00,45.00,1.00,2.80,67.9,4021.70,4024.50,4021.70,4023.60,18,23,41,-5.00,1.00,-11.00,1.80,77.8,-12,30,1.2000,0.0714,22.00,23.00,4024.23,-0.3200,DOWN,31.10,1.3183,1.7524
20260728 235253 739,4023.70,1,4023.40,4023.70,0.30,4023.40,10,4023.30,3,4023.20,2,4022.70,2,4022.60,1,4022.50,6,4022.40,5,4022.30,5,4022.20,5,4022.10,5,4023.70,2,4023.80,3,4024.40,2,4024.50,5,4024.60,5,4024.70,8,4024.80,6,4024.90,5,4025.00,10,4025.10,7,Buy,54,11,65,43.00,45.00,1.00,2.80,71.4,4021.70,4024.50,4021.70,4023.70,18,23,41,-5.00,1.00,-11.00,1.80,77.8,-12,30,1.2000,0.0465,23.00,24.00,4024.24,-0.3168,DOWN,31.10,1.3183,1.7524
20260728 235253 739,4023.60,1,4023.40,4023.70,0.30,4023.40,10,4023.30,3,4023.20,2,4022.70,2,4022.60,1,4022.50,6,4022.40,5,4022.30,5,4022.20,5,4022.10,5,4023.70,2,4023.80,3,4024.40,2,4024.50,5,4024.60,5,4024.70,8,4024.80,6,4024.90,5,4025.00,10,4025.10,7,Buy,55,11,66,44.00,45.00,1.00,2.80,67.9,4021.70,4024.50,4021.70,4023.60,18,23,41,-5.00,1.00,-11.00,1.80,77.8,-12,30,1.2000,0.0227,24.00,25.00,4024.23,-0.3200,DOWN,31.10,1.3183,1.7524
20260728 235253 739,4023.70,1,4023.40,4023.70,0.30,4023.40,10,4023.30,3,4023.20,2,4022.70,2,4022.60,1,4022.50,6,4022.40,5,4022.30,5,4022.20,5,4022.10,5,4023.70,2,4023.80,3,4024.40,2,4024.50,5,4024.60,5,4024.70,8,4024.80,6,4024.90,5,4025.00,10,4025.10,7,Buy,56,11,67,45.00,45.00,1.00,2.80,71.4,4021.70,4024.50,4021.70,4023.70,18,23,41,-5.00,1.00,-11.00,1.80,77.8,-12,30,1.2000,0.0000,25.00,26.00,4024.24,-0.3168,DOWN,31.10,1.3183,1.7524
20260728 235253 739,4023.70,1,4023.40,4023.70,0.30,4023.40,10,4023.30,3,4023.20,2,4022.70,2,4022.60,1,4022.50,6,4022.40,5,4022.30,5,4022.20,5,4022.10,5,4023.70,2,4023.80,3,4024.40,2,4024.50,5,4024.60,5,4024.70,8,4024.80,6,4024.90,5,4025.00,10,4025.10,7,Buy,57,11,68,46.00,46.00,1.00,2.80,71.4,4021.70,4024.50,4021.70,4023.70,18,23,41,-5.00,1.00,-11.00,1.80,77.8,-12,30,1.2000,0.0000,26.00,27.00,4024.24,-0.3168,DOWN,31.10,1.3183,1.7524
20260728 235253 739,4023.80,1,4023.40,4023.70,0.30,4023.40,10,4023.30,3,4023.20,2,4022.70,2,4022.60,1,4022.50,6,4022.40,5,4022.30,5,4022.20,5,4022.10,5,4023.70,2,4023.80,3,4024.40,2,4024.50,5,4024.60,5,4024.70,8,4024.80,6,4024.90,5,4025.00,10,4025.10,7,Buy,58,11,69,47.00,47.00,1.00,2.80,75.0,4021.70,4024.50,4021.70,4023.80,18,23,41,-5.00,1.00,-11.00,1.80,77.8,-12,30,1.2000,0.0000,27.00,28.00,4024.25,-0.3136,DOWN,31.10,1.3183,1.7524
20260728 235253 739,4023.80,1,4023.40,4023.70,0.30,4023.40,10,4023.30,3,4023.20,2,4022.70,2,4022.60,1,4022.50,6,4022.40,5,4022.30,5,4022.20,5,4022.10,5,4023.70,2,4023.80,3,4024.40,2,4024.50,5,4024.60,5,4024.70,8,4024.80,6,4024.90,5,4025.00,10,4025.10,7,Buy,59,11,70,48.00,48.00,1.00,2.80,75.0,4021.70,4024.50,4021.70,4023.80,18,23,41,-5.00,1.00,-11.00,1.80,77.8,-12,30,1.2000,0.0000,28.00,29.00,4024.25,-0.3136,DOWN,31.10,1.3183,1.7524
20260728 235258 366,4023.70,1,4023.40,4023.70,0.30,4023.40,12,4023.30,3,4023.20,2,4022.80,1,4022.70,1,4022.60,1,4022.50,6,4022.40,5,4022.30,5,4022.20,5,4023.70,1,4023.80,3,4024.40,2,4024.50,5,4024.60,5,4024.70,8,4024.80,6,4024.90,5,4025.00,10,4025.10,7,Buy,60,11,71,49.00,49.00,1.00,2.80,71.4,4021.70,4024.50,4021.70,4023.70,18,23,41,-5.00,1.00,-11.00,1.80,77.8,-12,30,1.2000,0.0000,29.00,30.00,4024.24,-0.3168,DOWN,31.10,1.3183,1.7524
20260728 235303 489,4023.70,1,4023.40,4023.70,0.30,4023.40,12,4023.30,4,4023.20,2,4022.90,1,4022.80,1,4022.70,1,4022.60,1,4022.50,6,4022.40,5,4022.30,5,4023.70,1,4023.80,2,4024.40,1,4024.50,5,4024.60,5,4024.70,8,4024.80,6,4024.90,5,4025.00,10,4025.10,7,Buy,1,0,1,1.00,1.00,1.00,0.00,0.0,4023.70,4023.70,4023.70,4023.70,60,11,71,49.00,49.00,1.00,2.80,71.4,24,24,0.0000,0.0000,67.00,32.00,4024.24,-0.3168,DOWN,34.25,2.0730,1.6272
20260728 235303 489,4023.70,1,4023.40,4023.70,0.30,4023.40,12,4023.30,4,4023.20,2,4022.90,1,4022.80,1,4022.70,1,4022.60,1,4022.50,6,4022.40,5,4022.30,5,4023.70,1,4023.80,2,4024.40,1,4024.50,5,4024.60,5,4024.70,8,4024.80,6,4024.90,5,4025.00,10,4025.10,7,Buy,2,0,2,2.00,2.00,1.00,0.00,0.0,4023.70,4023.70,4023.70,4023.70,60,11,71,49.00,49.00,1.00,2.80,71.4,24,24,0.0000,0.0000,68.00,33.00,4024.24,-0.3168,DOWN,34.25,2.0730,1.6272
20260728 235303 489,4023.70,1,4023.40,4023.70,0.30,4023.40,12,4023.30,4,4023.20,2,4022.90,1,4022.80,1,4022.70,1,4022.60,1,4022.50,6,4022.40,5,4022.30,5,4023.70,1,4023.80,2,4024.40,1,4024.50,5,4024.60,5,4024.70,8,4024.80,6,4024.90,5,4025.00,10,4025.10,7,Buy,3,0,3,3.00,3.00,1.00,0.00,0.0,4023.70,4023.70,4023.70,4023.70,60,11,71,49.00,49.00,1.00,2.80,71.4,24,24,0.0000,0.0000,69.00,34.00,4024.24,-0.3168,DOWN,34.25,2.0730,1.6272
20260728 235303 990,4023.60,1,4023.40,4023.70,0.30,4023.40,11,4023.30,4,4023.20,2,4022.90,2,4022.80,1,4022.70,1,4022.60,1,4022.50,6,4022.40,5,4022.30,5,4023.70,1,4023.80,4,4024.30,2,4024.40,1,4024.50,5,4024.60,5,4024.70,8,4024.80,6,4024.90,5,4025.00,10,Buy,4,0,4,4.00,4.00,1.00,0.10,100.0,4023.70,4023.70,4023.60,4023.60,60,11,71,49.00,49.00,1.00,2.80,71.4,24,24,0.0000,0.0000,70.00,35.00,4024.23,-0.3200,DOWN,34.25,2.0730,1.6344
20260728 235303 990,4023.60,1,4023.40,4023.70,0.30,4023.40,11,4023.30,4,4023.20,2,4022.90,2,4022.80,1,4022.70,1,4022.60,1,4022.50,6,4022.40,5,4022.30,5,4023.70,1,4023.80,4,4024.30,2,4024.40,1,4024.50,5,4024.60,5,4024.70,8,4024.80,6,4024.90,5,4025.00,10,Buy,5,0,5,5.00,5.00,1.00,0.10,100.0,4023.70,4023.70,4023.60,4023.60,60,11,71,49.00,49.00,1.00,2.80,71.4,24,24,0.0000,0.0000,71.00,36.00,4024.23,-0.3200,DOWN,34.25,2.0730,1.6344
20260728 235303 990,4023.70,1,4023.40,4023.70,0.30,4023.40,11,4023.30,4,4023.20,2,4022.90,2,4022.80,1,4022.70,1,4022.60,1,4022.50,6,4022.40,5,4022.30,5,4023.70,1,4023.80,4,4024.30,2,4024.40,1,4024.50,5,4024.60,5,4024.70,8,4024.80,6,4024.90,5,4025.00,10,Buy,6,0,6,6.00,6.00,1.00,0.10,0.0,4023.70,4023.70,4023.60,4023.70,60,11,71,49.00,49.00,1.00,2.80,71.4,24,24,0.0000,0.0000,72.00,37.00,4024.24,-0.3168,DOWN,34.25,2.0730,1.6344
20260728 235303 990,4023.70,1,4023.40,4023.70,0.30,4023.40,11,4023.30,4,4023.20,2,4022.90,2,4022.80,1,4022.70,1,4022.60,1,4022.50,6,4022.40,5,4022.30,5,4023.70,1,4023.80,4,4024.30,2,4024.40,1,4024.50,5,4024.60,5,4024.70,8,4024.80,6,4024.90,5,4025.00,10,Buy,7,0,7,7.00,7.00,1.00,0.10,0.0,4023.70,4023.70,4023.60,4023.70,60,11,71,49.00,49.00,1.00,2.80,71.4,24,24,0.0000,0.0000,73.00,38.00,4024.24,-0.3168,DOWN,34.25,2.0730,1.6344
20260728 235303 990,4023.70,1,4023.40,4023.70,0.30,4023.40,11,4023.30,4,4023.20,2,4022.90,2,4022.80,1,4022.70,1,4022.60,1,4022.50,6,4022.40,5,4022.30,5,4023.70,1,4023.80,4,4024.30,2,4024.40,1,4024.50,5,4024.60,5,4024.70,8,4024.80,6,4024.90,5,4025.00,10,Buy,8,0,8,8.00,8.00,1.00,0.10,0.0,4023.70,4023.70,4023.60,4023.70,60,11,71,49.00,49.00,1.00,2.80,71.4,24,24,0.0000,0.0000,74.00,39.00,4024.24,-0.3168,DOWN,34.25,2.0730,1.6344
20260728 235303 990,4023.80,1,4023.40,4023.70,0.30,4023.40,11,4023.30,4,4023.20,2,4022.90,2,4022.80,1,4022.70,1,4022.60,1,4022.50,6,4022.40,5,4022.30,5,4023.70,1,4023.80,4,4024.30,2,4024.40,1,4024.50,5,4024.60,5,4024.70,8,4024.80,6,4024.90,5,4025.00,10,Buy,9,0,9,9.00,9.00,1.00,0.20,50.0,4023.70,4023.80,4023.60,4023.80,60,11,71,49.00,49.00,1.00,2.80,71.4,24,24,0.0000,0.0000,75.00,40.00,4024.25,-0.3136,DOWN,34.25,2.0730,1.6415
20260728 235303 990,4023.80,1,4023.40,4023.70,0.30,4023.40,11,4023.30,4,4023.20,2,4022.90,2,4022.80,1,4022.70,1,4022.60,1,4022.50,6,4022.40,5,4022.30,5,4023.70,1,4023.80,4,4024.30,2,4024.40,1,4024.50,5,4024.60,5,4024.70,8,4024.80,6,4024.90,5,4025.00,10,Buy,10,0,10,10.00,10.00,1.00,0.20,50.0,4023.70,4023.80,4023.60,4023.80,60,11,71,49.00,49.00,1.00,2.80,71.4,24,24,0.0000,0.0000,76.00,41.00,4024.25,-0.3136,DOWN,34.25,2.0730,1.6415
20260728 235303 990,4023.80,1,4023.40,4023.70,0.30,4023.40,11,4023.30,4,4023.20,2,4022.90,2,4022.80,1,4022.70,1,4022.60,1,4022.50,6,4022.40,5,4022.30,5,4023.70,1,4023.80,4,4024.30,2,4024.40,1,4024.50,5,4024.60,5,4024.70,8,4024.80,6,4024.90,5,4025.00,10,Buy,11,0,11,11.00,11.00,1.00,0.20,50.0,4023.70,4023.80,4023.60,4023.80,60,11,71,49.00,49.00,1.00,2.80,71.4,24,24,0.0000,0.0000,77.00,42.00,4024.25,-0.3136,DOWN,34.25,2.0730,1.6415
20260728 235307 944,4023.80,1,4023.50,4023.80,0.30,4023.50,2,4023.40,12,4023.20,2,4022.90,1,4022.80,1,4022.70,1,4022.60,6,4022.50,6,4022.40,5,4022.30,5,4023.80,1,4023.90,2,4024.30,2,4024.50,5,4024.60,5,4024.70,8,4024.80,6,4024.90,5,4025.00,10,4025.10,7,Buy,12,0,12,12.00,12.00,1.00,0.20,50.0,4023.70,4023.80,4023.60,4023.80,60,11,71,49.00,49.00,1.00,2.80,71.4,24,24,0.0000,0.0000,78.00,43.00,4024.25,-0.3136,DOWN,34.25,2.0730,1.6415
20260728 235308 064,4023.80,1,4023.40,4023.80,0.40,4023.50,1,4023.20,2,4022.90,1,4022.80,1,4022.70,1,4022.60,6,4022.50,6,4022.40,5,4022.30,5,4022.20,5,4023.80,2,4023.90,2,4024.30,2,4024.50,5,4024.60,5,4024.70,8,4024.80,6,4024.90,5,4025.00,10,4025.10,7,Buy,13,0,13,13.00,13.00,1.00,0.20,50.0,4023.70,4023.80,4023.60,4023.80,60,11,71,49.00,49.00,1.00,2.80,71.4,24,24,0.0000,0.0000,79.00,44.00,4024.25,-0.3136,DOWN,34.25,2.0730,1.6415
20260728 235308 907,4023.70,1,4023.40,4023.70,0.30,4023.40,12,4023.30,2,4023.20,2,4023.10,2,4022.90,1,4022.80,1,4022.70,1,4022.60,1,4022.50,6,4022.40,5,4023.80,3,4023.90,2,4024.30,2,4024.50,5,4024.60,5,4024.70,8,4024.80,6,4024.90,5,4025.00,10,4025.10,7,Buy,14,0,14,14.00,14.00,1.00,0.20,0.0,4023.70,4023.80,4023.60,4023.70,60,11,71,49.00,49.00,1.00,2.80,71.4,24,24,0.0000,0.0000,80.00,45.00,4024.24,-0.3168,DOWN,34.25,2.0730,1.6415
20260728 235319 654,4023.60,1,4023.40,4023.70,0.30,4023.40,1,4023.30,2,4023.20,2,4022.80,1,4022.70,1,4022.60,6,4022.50,6,4022.40,6,4022.30,5,4022.20,5,4023.70,2,4023.80,4,4024.30,2,4024.40,2,4024.50,5,4024.60,5,4024.70,8,4024.80,6,4024.90,5,4025.00,10,Buy,15,0,15,15.00,15.00,1.00,0.20,50.0,4023.70,4023.80,4023.60,4023.60,60,11,71,49.00,49.00,1.00,2.80,71.4,24,24,0.0000,0.0000,81.00,46.00,4024.23,-0.3200,DOWN,34.25,2.0730,1.6415
20260728 235319 654,4023.60,1,4023.40,4023.70,0.30,4023.40,1,4023.30,2,4023.20,2,4022.80,1,4022.70,1,4022.60,6,4022.50,6,4022.40,6,4022.30,5,4022.20,5,4023.70,2,4023.80,4,4024.30,2,4024.40,2,4024.50,5,4024.60,5,4024.70,8,4024.80,6,4024.90,5,4025.00,10,Buy,16,0,16,16.00,16.00,1.00,0.20,50.0,4023.70,4023.80,4023.60,4023.60,60,11,71,49.00,49.00,1.00,2.80,71.4,24,24,0.0000,0.0000,82.00,47.00,4024.23,-0.3200,DOWN,34.25,2.0730,1.6415
20260728 235319 654,4023.60,1,4023.40,4023.70,0.30,4023.40,1,4023.30,2,4023.20,2,4022.80,1,4022.70,1,4022.60,6,4022.50,6,4022.40,6,4022.30,5,4022.20,5,4023.70,2,4023.80,4,4024.30,2,4024.40,2,4024.50,5,4024.60,5,4024.70,8,4024.80,6,4024.90,5,4025.00,10,Buy,17,0,17,17.00,17.00,1.00,0.20,50.0,4023.70,4023.80,4023.60,4023.60,60,11,71,49.00,49.00,1.00,2.80,71.4,24,24,0.0000,0.0000,83.00,48.00,4024.23,-0.3200,DOWN,34.25,2.0730,1.6415
20260728 235319 654,4023.70,1,4023.40,4023.70,0.30,4023.40,1,4023.30,2,4023.20,2,4022.80,1,4022.70,1,4022.60,6,4022.50,6,4022.40,6,4022.30,5,4022.20,5,4023.70,2,4023.80,4,4024.30,2,4024.40,2,4024.50,5,4024.60,5,4024.70,8,4024.80,6,4024.90,5,4025.00,10,Buy,18,0,18,18.00,18.00,1.00,0.20,0.0,4023.70,4023.80,4023.60,4023.70,60,11,71,49.00,49.00,1.00,2.80,71.4,24,24,0.0000,0.0000,84.00,49.00,4024.24,-0.3168,DOWN,34.25,2.0730,1.6415
20260728 235319 654,4023.70,1,4023.40,4023.70,0.30,4023.40,1,4023.30,2,4023.20,2,4022.80,1,4022.70,1,4022.60,6,4022.50,6,4022.40,6,4022.30,5,4022.20,5,4023.70,2,4023.80,4,4024.30,2,4024.40,2,4024.50,5,4024.60,5,4024.70,8,4024.80,6,4024.90,5,4025.00,10,Buy,19,0,19,19.00,19.00,1.00,0.20,0.0,4023.70,4023.80,4023.60,4023.70,60,11,71,49.00,49.00,1.00,2.80,71.4,24,24,0.0000,0.0000,85.00,50.00,4024.24,-0.3168,DOWN,34.25,2.0730,1.6415
20260728 235319 654,4023.80,1,4023.40,4023.70,0.30,4023.40,1,4023.30,2,4023.20,2,4022.80,1,4022.70,1,4022.60,6,4022.50,6,4022.40,6,4022.30,5,4022.20,5,4023.70,2,4023.80,4,4024.30,2,4024.40,2,4024.50,5,4024.60,5,4024.70,8,4024.80,6,4024.90,5,4025.00,10,Buy,20,0,20,20.00,20.00,1.00,0.20,50.0,4023.70,4023.80,4023.60,4023.80,60,11,71,49.00,49.00,1.00,2.80,71.4,24,24,0.0000,0.0000,86.00,51.00,4024.25,-0.3136,DOWN,34.25,2.0730,1.6415
20260728 235319 654,4023.80,1,4023.40,4023.70,0.30,4023.40,1,4023.30,2,4023.20,2,4022.80,1,4022.70,1,4022.60,6,4022.50,6,4022.40,6,4022.30,5,4022.20,5,4023.70,2,4023.80,4,4024.30,2,4024.40,2,4024.50,5,4024.60,5,4024.70,8,4024.80,6,4024.90,5,4025.00,10,Buy,21,0,21,21.00,21.00,1.00,0.20,50.0,4023.70,4023.80,4023.60,4023.80,60,11,71,49.00,49.00,1.00,2.80,71.4,24,24,0.0000,0.0000,87.00,52.00,4024.25,-0.3136,DOWN,34.25,2.0730,1.6415
20260728 235319 654,4023.90,1,4023.40,4023.70,0.30,4023.40,1,4023.30,2,4023.20,2,4022.80,1,4022.70,1,4022.60,6,4022.50,6,4022.40,6,4022.30,5,4022.20,5,4023.70,2,4023.80,4,4024.30,2,4024.40,2,4024.50,5,4024.60,5,4024.70,8,4024.80,6,4024.90,5,4025.00,10,Buy,22,0,22,22.00,22.00,1.00,0.30,66.7,4023.70,4023.90,4023.60,4023.90,60,11,71,49.00,49.00,1.00,2.80,71.4,24,24,0.0000,0.0000,88.00,53.00,4024.26,-0.3104,DOWN,34.25,2.0730,1.6487
20260728 235319 654,4024.00,1,4023.40,4023.70,0.30,4023.40,1,4023.30,2,4023.20,2,4022.80,1,4022.70,1,4022.60,6,4022.50,6,4022.40,6,4022.30,5,4022.20,5,4023.70,2,4023.80,4,4024.30,2,4024.40,2,4024.50,5,4024.60,5,4024.70,8,4024.80,6,4024.90,5,4025.00,10,Buy,23,0,23,23.00,23.00,1.00,0.40,75.0,4023.70,4024.00,4023.60,4024.00,60,11,71,49.00,49.00,1.00,2.80,71.4,24,24,0.0000,0.0000,89.00,54.00,4024.27,-0.3073,DOWN,34.25,2.0730,1.6558
20260728 235319 654,4024.00,1,4023.40,4023.70,0.30,4023.40,1,4023.30,2,4023.20,2,4022.80,1,4022.70,1,4022.60,6,4022.50,6,4022.40,6,4022.30,5,4022.20,5,4023.70,2,4023.80,4,4024.30,2,4024.40,2,4024.50,5,4024.60,5,4024.70,8,4024.80,6,4024.90,5,4025.00,10,Buy,24,0,24,24.00,24.00,1.00,0.40,75.0,4023.70,4024.00,4023.60,4024.00,60,11,71,49.00,49.00,1.00,2.80,71.4,24,24,0.0000,0.0000,90.00,55.00,4024.27,-0.3073,DOWN,34.25,2.0730,1.6558
20260728 235319 654,4024.10,1,4023.40,4023.70,0.30,4023.40,1,4023.30,2,4023.20,2,4022.80,1,4022.70,1,4022.60,6,4022.50,6,4022.40,6,4022.30,5,4022.20,5,4023.70,2,4023.80,4,4024.30,2,4024.40,2,4024.50,5,4024.60,5,4024.70,8,4024.80,6,4024.90,5,4025.00,10,Buy,25,0,25,25.00,25.00,1.00,0.50,80.0,4023.70,4024.10,4023.60,4024.10,60,11,71,49.00,49.00,1.00,2.80,71.4,24,24,0.0000,0.0000,91.00,56.00,4024.28,-0.3041,DOWN,34.25,2.0730,1.6630
20260728 235319 654,4024.10,1,4023.40,4023.70,0.30,4023.40,1,4023.30,2,4023.20,2,4022.80,1,4022.70,1,4022.60,6,4022.50,6,4022.40,6,4022.30,5,4022.20,5,4023.70,2,4023.80,4,4024.30,2,4024.40,2,4024.50,5,4024.60,5,4024.70,8,4024.80,6,4024.90,5,4025.00,10,Buy,26,0,26,26.00,26.00,1.00,0.50,80.0,4023.70,4024.10,4023.60,4024.10,60,11,71,49.00,49.00,1.00,2.80,71.4,24,24,0.0000,0.0000,92.00,57.00,4024.28,-0.3041,DOWN,34.25,2.0730,1.6630
20260728 235319 654,4024.10,1,4023.40,4023.70,0.30,4023.40,1,4023.30,2,4023.20,2,4022.80,1,4022.70,1,4022.60,6,4022.50,6,4022.40,6,4022.30,5,4022.20,5,4023.70,2,4023.80,4,4024.30,2,4024.40,2,4024.50,5,4024.60,5,4024.70,8,4024.80,6,4024.90,5,4025.00,10,Buy,27,0,27,27.00,27.00,1.00,0.50,80.0,4023.70,4024.10,4023.60,4024.10,60,11,71,49.00,49.00,1.00,2.80,71.4,24,24,0.0000,0.0000,93.00,58.00,4024.28,-0.3041,DOWN,34.25,2.0730,1.6630
20260728 235319 654,4024.20,1,4023.40,4023.70,0.30,4023.40,1,4023.30,2,4023.20,2,4022.80,1,4022.70,1,4022.60,6,4022.50,6,4022.40,6,4022.30,5,4022.20,5,4023.70,2,4023.80,4,4024.30,2,4024.40,2,4024.50,5,4024.60,5,4024.70,8,4024.80,6,4024.90,5,4025.00,10,Buy,28,0,28,28.00,28.00,1.00,0.60,83.3,4023.70,4024.20,4023.60,4024.20,60,11,71,49.00,49.00,1.00,2.80,71.4,24,24,0.0000,0.0000,94.00,59.00,4024.29,-0.3009,DOWN,34.25,2.0730,1.6701
20260728 235324 517,4023.60,1,4023.40,4023.80,0.40,4023.40,4,4023.30,3,4023.20,2,4022.80,1,4022.70,1,4022.60,6,4022.50,6,4022.40,5,4022.30,5,4022.20,5,4023.80,2,4024.10,6,4024.20,1,4024.30,3,4024.50,5,4024.60,5,4024.70,8,4024.80,6,4024.90,5,4025.00,10,Buy,29,0,29,29.00,29.00,1.00,0.60,16.7,4023.70,4024.20,4023.60,4023.60,60,11,71,49.00,49.00,1.00,2.80,71.4,24,24,0.0000,0.0000,95.00,60.00,4024.23,-0.3200,DOWN,34.25,2.0730,1.6701
20260728 235325 201,4023.90,1,4023.50,4023.90,0.40,4023.50,2,4023.40,4,4023.20,2,4023.10,1,4023.00,1,4022.80,1,4022.70,1,4022.60,6,4022.50,6,4022.40,5,4023.90,2,4024.00,6,4024.20,2,4024.30,3,4024.50,5,4024.60,5,4024.70,8,4024.80,6,4024.90,5,4025.00,10,Buy,30,0,30,30.00,30.00,1.00,0.60,33.3,4023.70,4024.20,4023.60,4023.90,60,11,71,49.00,49.00,1.00,2.80,71.4,24,24,0.0000,0.0000,96.00,61.00,4024.26,-0.3104,DOWN,34.25,2.0730,1.6701
20260728 235327 143,4023.70,1,4023.40,4023.70,0.30,4023.40,2,4023.30,3,4023.20,2,4022.90,2,4022.80,1,4022.70,1,4022.60,6,4022.50,6,4022.40,5,4022.30,5,4023.70,1,4023.80,4,4024.20,2,4024.30,3,4024.50,5,4024.60,5,4024.70,8,4024.80,6,4024.90,5,4025.00,10,Buy,31,0,31,31.00,31.00,1.00,0.60,0.0,4023.70,4024.20,4023.60,4023.70,60,11,71,49.00,49.00,1.00,2.80,71.4,24,24,0.0000,0.0000,97.00,62.00,4024.24,-0.3168,DOWN,34.25,2.0730,1.6701
20260728 235330 360,4023.40,2,4023.30,4023.60,0.30,4023.30,1,4023.20,3,4022.80,1,4022.70,1,4022.60,6,4022.50,6,4022.40,5,4022.30,5,4022.20,5,4022.10,5,4023.60,1,4023.70,4,4023.90,1,4024.20,2,4024.30,2,4024.50,5,4024.60,5,4024.70,8,4024.80,6,4024.90,5,Sell,31,2,33,29.00,31.00,1.00,0.80,37.5,4023.70,4024.20,4023.40,4023.40,60,11,71,49.00,49.00,1.00,2.80,71.4,24,24,0.0000,0.0690,95.00,60.00,4024.21,-0.3263,DOWN,34.25,2.0730,1.6844
20260728 235330 360,4023.30,1,4023.30,4023.60,0.30,4023.30,1,4023.20,3,4022.80,1,4022.70,1,4022.60,6,4022.50,6,4022.40,5,4022.30,5,4022.20,5,4022.10,5,4023.60,1,4023.70,4,4023.90,1,4024.20,2,4024.30,2,4024.50,5,4024.60,5,4024.70,8,4024.80,6,4024.90,5,Sell,31,3,34,28.00,31.00,1.00,0.90,44.4,4023.70,4024.20,4023.30,4023.30,60,11,71,49.00,49.00,1.00,2.80,71.4,24,24,0.0000,0.1071,94.00,59.00,4024.20,-0.3295,DOWN,34.25,2.0730,1.6915
20260728 235334 467,4023.20,2,4023.10,4023.40,0.30,4023.10,1,4022.90,4,4022.80,1,4022.70,2,4022.60,6,4022.50,6,4022.40,5,4022.30,5,4022.20,5,4022.10,5,4023.40,3,4023.50,4,4023.90,2,4024.20,2,4024.30,7,4024.40,5,4024.50,5,4024.60,5,4024.70,8,4024.80,6,Sell,31,5,36,26.00,31.00,1.00,1.00,50.0,4023.70,4024.20,4023.20,4023.20,60,11,71,49.00,49.00,1.00,2.80,71.4,24,24,0.0000,0.1923,92.00,57.00,4024.19,-0.3327,DOWN,34.25,2.0730,1.6987
20260728 235341 003,4023.30,1,4023.10,4023.50,0.40,4023.10,3,4023.00,1,4022.90,4,4022.80,3,4022.70,1,4022.60,6,4022.50,6,4022.40,5,4022.30,5,4022.20,5,4023.50,1,4023.60,3,4023.80,1,4023.90,1,4024.00,1,4024.20,2,4024.30,7,4024.40,5,4024.50,5,4024.60,5,Buy,32,5,37,27.00,31.00,1.00,1.00,40.0,4023.70,4024.20,4023.20,4023.30,60,11,71,49.00,49.00,1.00,2.80,71.4,24,24,0.0000,0.1481,93.00,58.00,4024.20,-0.3295,DOWN,34.25,2.0730,1.6987
20260728 235345 368,4023.00,1,4023.00,4023.20,0.20,4023.00,1,4022.90,3,4022.80,1,4022.70,1,4022.60,9,4022.50,6,4022.40,5,4022.30,5,4022.20,5,4022.10,5,4023.30,1,4023.40,4,4023.50,1,4023.90,1,4024.00,2,4024.20,2,4024.30,7,4024.40,5,4024.50,5,4024.60,5,Sell,32,6,38,26.00,31.00,1.00,1.20,58.3,4023.70,4024.20,4023.00,4023.00,60,11,71,49.00,49.00,1.00,2.80,71.4,24,24,0.0000,0.1923,92.00,57.00,4024.18,-0.3390,DOWN,34.25,2.0730,1.7130
20260728 235346 185,4023.10,2,4022.80,4023.10,0.30,4022.80,2,4022.70,2,4022.50,1,4022.40,5,4022.30,5,4022.20,5,4022.10,5,4022.00,5,4021.90,5,4021.80,5,4023.10,1,4023.20,3,4023.50,1,4023.70,1,4023.90,1,4024.00,2,4024.20,7,4024.30,7,4024.40,5,4024.50,5,Buy,34,6,40,28.00,31.00,1.00,1.20,50.0,4023.70,4024.20,4023.00,4023.10,60,11,71,49.00,49.00,1.00,2.80,71.4,24,24,0.0000,0.1071,94.00,59.00,4024.18,-0.3358,DOWN,34.25,2.0730,1.7130
20260728 235346 185,4023.10,1,4022.80,4023.10,0.30,4022.80,2,4022.70,2,4022.50,1,4022.40,5,4022.30,5,4022.20,5,4022.10,5,4022.00,5,4021.90,5,4021.80,5,4023.10,1,4023.20,3,4023.50,1,4023.70,1,4023.90,1,4024.00,2,4024.20,7,4024.30,7,4024.40,5,4024.50,5,Buy,35,6,41,29.00,31.00,1.00,1.20,50.0,4023.70,4024.20,4023.00,4023.10,60,11,71,49.00,49.00,1.00,2.80,71.4,24,24,0.0000,0.0690,95.00,60.00,4024.18,-0.3358,DOWN,34.25,2.0730,1.7130
20260728 235349 084,4022.80,1,4022.70,4023.00,0.30,4022.70,2,4022.60,4,4022.50,3,4022.40,5,4022.30,5,4022.20,5,4022.10,5,4022.00,5,4021.90,5,4021.80,5,4023.00,1,4023.10,3,4023.50,2,4023.70,1,4023.90,1,4024.00,2,4024.10,5,4024.20,7,4024.30,7,4024.40,5,Sell,35,7,42,28.00,31.00,1.00,1.40,64.3,4023.70,4024.20,4022.80,4022.80,60,11,71,49.00,49.00,1.00,2.80,71.4,24,24,0.0000,0.1071,94.00,59.00,4024.16,-0.3454,DOWN,34.25,2.0730,1.7272
20260728 235349 084,4022.80,1,4022.70,4023.00,0.30,4022.70,2,4022.60,4,4022.50,3,4022.40,5,4022.30,5,4022.20,5,4022.10,5,4022.00,5,4021.90,5,4021.80,5,4023.00,1,4023.10,3,4023.50,2,4023.70,1,4023.90,1,4024.00,2,4024.10,5,4024.20,7,4024.30,7,4024.40,5,Sell,35,8,43,27.00,31.00,1.00,1.40,64.3,4023.70,4024.20,4022.80,4022.80,60,11,71,49.00,49.00,1.00,2.80,71.4,24,24,0.0000,0.1481,93.00,58.00,4024.16,-0.3454,DOWN,34.25,2.0730,1.7272
20260728 235359 009,4023.20,1,4022.90,4023.20,0.30,4022.90,1,4022.80,2,4022.50,3,4022.40,5,4022.30,6,4022.20,5,4022.10,5,4022.00,5,4021.90,5,4021.80,5,4023.20,1,4023.30,3,4023.40,1,4023.90,1,4024.00,2,4024.20,2,4024.30,7,4024.40,5,4024.50,5,4024.60,5,Buy,36,8,44,28.00,31.00,1.00,1.40,35.7,4023.70,4024.20,4022.80,4023.20,60,11,71,49.00,49.00,1.00,2.80,71.4,24,24,0.0000,0.1071,94.00,59.00,4024.19,-0.3327,DOWN,34.25,2.0730,1.7272
20260728 235359 653,4023.10,2,4022.90,4023.30,0.40,4022.90,1,4022.80,2,4022.50,3,4022.40,5,4022.30,5,4022.20,5,4022.10,5,4022.00,5,4021.90,5,4021.80,5,4023.30,3,4023.40,4,4023.90,1,4024.00,2,4024.20,2,4024.30,7,4024.40,5,4024.50,5,4024.60,5,4024.70,8,Sell,36,10,46,26.00,31.00,1.00,1.40,42.9,4023.70,4024.20,4022.80,4023.10,60,11,71,49.00,49.00,1.00,2.80,71.4,24,24,0.0000,0.1923,92.00,57.00,4024.18,-0.3358,DOWN,34.25,2.0730,1.7272
20260728 235401 085,4023.00,1,4023.00,4023.20,0.20,4023.00,2,4022.90,5,4022.50,1,4022.40,6,4022.30,5,4022.20,5,4022.10,5,4022.00,5,4021.90,5,4021.80,5,4023.20,1,4023.40,3,4023.50,3,4023.90,1,4024.00,2,4024.20,2,4024.30,7,4024.40,5,4024.50,5,4024.60,5,Buy,1,0,1,1.00,1.00,1.00,0.00,0.0,4023.00,4023.00,4023.00,4023.00,36,10,46,26.00,31.00,1.00,1.40,42.9,-6,27,0.1923,0.0000,91.00,15.00,4024.18,-0.3390,DOWN,36.00,1.2778,1.6110
20260728 235402 499,4023.20,1,4023.10,4023.50,0.40,4023.10,2,4023.00,2,4022.60,1,4022.50,3,4022.40,5,4022.30,5,4022.20,5,4022.10,5,4022.00,5,4021.90,5,4023.50,1,4023.60,2,4023.90,1,4024.00,2,4024.20,7,4024.30,7,4024.40,5,4024.50,5,4024.60,5,4024.70,8,Buy,2,0,2,2.00,2.00,1.00,0.20,100.0,4023.00,4023.20,4023.00,4023.20,36,10,46,26.00,31.00,1.00,1.40,42.9,-6,27,0.1923,0.0000,92.00,16.00,4024.19,-0.3327,DOWN,36.00,1.2778,1.6181
20260728 235402 499,4023.20,1,4023.10,4023.50,0.40,4023.10,2,4023.00,2,4022.60,1,4022.50,3,4022.40,5,4022.30,5,4022.20,5,4022.10,5,4022.00,5,4021.90,5,4023.50,1,4023.60,2,4023.90,1,4024.00,2,4024.20,7,4024.30,7,4024.40,5,4024.50,5,4024.60,5,4024.70,8,Buy,3,0,3,3.00,3.00,1.00,0.20,100.0,4023.00,4023.20,4023.00,4023.20,36,10,46,26.00,31.00,1.00,1.40,42.9,-6,27,0.1923,0.0000,93.00,17.00,4024.19,-0.3327,DOWN,36.00,1.2778,1.6181
20260728 235419 370,4023.20,1,4023.10,4023.20,0.10,4023.10,2,4023.00,2,4022.50,3,4022.40,5,4022.30,5,4022.20,5,4022.10,5,4022.00,5,4021.90,5,4021.80,5,4023.20,4,4023.40,1,4023.50,1,4023.60,1,4024.00,1,4024.20,6,4024.30,6,4024.40,5,4024.50,5,4024.60,5,Buy,4,0,4,4.00,4.00,1.00,0.20,100.0,4023.00,4023.20,4023.00,4023.20,36,10,46,26.00,31.00,1.00,1.40,42.9,-6,27,0.1923,0.0000,94.00,18.00,4024.19,-0.3327,DOWN,36.00,1.2778,1.6181
20260728 235419 371,4023.20,1,4023.10,4023.20,0.10,4023.10,2,4023.00,2,4022.50,3,4022.40,5,4022.30,5,4022.20,5,4022.10,5,4022.00,5,4021.90,5,4021.80,5,4023.20,4,4023.40,1,4023.50,1,4023.60,1,4024.00,1,4024.20,6,4024.30,6,4024.40,5,4024.50,5,4024.60,5,Buy,5,0,5,5.00,5.00,1.00,0.20,100.0,4023.00,4023.20,4023.00,4023.20,36,10,46,26.00,31.00,1.00,1.40,42.9,-6,27,0.1923,0.0000,95.00,19.00,4024.19,-0.3327,DOWN,36.00,1.2778,1.6181
20260728 235419 371,4023.20,1,4023.10,4023.20,0.10,4023.10,2,4023.00,2,4022.50,3,4022.40,5,4022.30,5,4022.20,5,4022.10,5,4022.00,5,4021.90,5,4021.80,5,4023.20,4,4023.40,1,4023.50,1,4023.60,1,4024.00,1,4024.20,6,4024.30,6,4024.40,5,4024.50,5,4024.60,5,Buy,6,0,6,6.00,6.00,1.00,0.20,100.0,4023.00,4023.20,4023.00,4023.20,36,10,46,26.00,31.00,1.00,1.40,42.9,-6,27,0.1923,0.0000,96.00,20.00,4024.19,-0.3327,DOWN,36.00,1.2778,1.6181
20260728 235419 371,4023.20,4,4023.10,4023.20,0.10,4023.10,2,4023.00,2,4022.50,3,4022.40,5,4022.30,5,4022.20,5,4022.10,5,4022.00,5,4021.90,5,4021.80,5,4023.20,4,4023.40,1,4023.50,1,4023.60,1,4024.00,1,4024.20,6,4024.30,6,4024.40,5,4024.50,5,4024.60,5,Buy,10,0,10,10.00,10.00,1.00,0.20,100.0,4023.00,4023.20,4023.00,4023.20,36,10,46,26.00,31.00,1.00,1.40,42.9,-6,27,0.1923,0.0000,100.00,24.00,4024.19,-0.3327,DOWN,36.00,1.2778,1.6181
20260728 235419 963,4023.20,1,4023.10,4023.40,0.30,4023.10,1,4023.00,2,4022.50,3,4022.40,5,4022.30,5,4022.20,5,4022.10,5,4022.00,5,4021.90,5,4021.80,6,4023.40,3,4023.50,3,4024.00,1,4024.20,6,4024.30,6,4024.40,5,4024.50,5,4024.60,5,4024.70,8,4024.80,5,Buy,11,0,11,11.00,11.00,1.00,0.20,100.0,4023.00,4023.20,4023.00,4023.20,36,10,46,26.00,31.00,1.00,1.40,42.9,-6,27,0.1923,0.0000,101.00,25.00,4024.19,-0.3327,DOWN,36.00,1.2778,1.6181
20260728 235428 378,4023.30,1,4023.10,4023.40,0.30,4023.10,2,4023.00,2,4022.60,3,4022.50,1,4022.40,5,4022.30,5,4022.20,5,4022.10,5,4022.00,5,4021.90,5,4023.40,1,4023.50,3,4023.60,2,4024.00,1,4024.20,6,4024.30,6,4024.40,5,4024.50,5,4024.60,5,4024.70,8,Buy,12,0,12,12.00,12.00,1.00,0.30,100.0,4023.00,4023.30,4023.00,4023.30,36,10,46,26.00,31.00,1.00,1.40,42.9,-6,27,0.1923,0.0000,102.00,26.00,4024.20,-0.3295,DOWN,36.00,1.2778,1.6253
20260728 235439 769,4023.10,1,4022.80,4023.20,0.40,4022.80,2,4022.70,4,4022.40,2,4022.30,1,4022.20,1,4022.00,5,4021.80,5,4021.70,5,4021.60,5,4021.50,5,4023.20,4,4023.30,1,4023.40,2,4023.80,5,4023.90,5,4024.00,6,4024.10,5,4024.20,6,4024.30,6,4024.40,5,Buy,13,0,13,13.00,13.00,1.00,0.30,33.3,4023.00,4023.30,4023.00,4023.10,36,10,46,26.00,31.00,1.00,1.40,42.9,-6,27,0.1923,0.0000,103.00,27.00,4024.18,-0.3358,DOWN,36.00,1.2778,1.6253
20260728 235440 446,4022.70,2,4022.70,4022.90,0.20,4022.70,2,4022.60,3,4022.50,4,4022.20,1,4021.90,5,4021.80,5,4021.70,5,4021.60,6,4021.50,5,4021.40,6,4023.00,1,4023.10,4,4023.20,1,4023.40,2,4023.90,5,4024.00,6,4024.10,5,4024.20,6,4024.30,6,4024.40,5,Sell,13,2,15,11.00,13.00,1.00,0.60,50.0,4023.00,4023.30,4022.70,4022.70,36,10,46,26.00,31.00,1.00,1.40,42.9,-6,27,0.1923,0.1818,101.00,25.00,4024.15,-0.3485,DOWN,36.00,1.2778,1.6467
20260728 235442 153,4022.60,1,4022.50,4022.90,0.40,4022.50,2,4022.40,4,4021.80,1,4021.70,2,4021.60,5,4021.50,5,4021.40,6,4021.30,6,4021.20,5,4021.10,5,4022.90,3,4023.00,2,4023.20,1,4023.80,2,4023.90,5,4024.00,6,4024.10,5,4024.20,6,4024.30,6,4024.40,5,Buy,14,2,16,12.00,13.00,1.00,0.70,57.1,4023.00,4023.30,4022.60,4022.60,36,10,46,26.00,31.00,1.00,1.40,42.9,-6,27,0.1923,0.0833,102.00,26.00,4024.14,-0.3517,DOWN,36.00,1.2778,1.6539
20260728 235442 153,4022.60,1,4022.50,4022.90,0.40,4022.50,2,4022.40,4,4021.80,1,4021.70,2,4021.60,5,4021.50,5,4021.40,6,4021.30,6,4021.20,5,4021.10,5,4022.90,3,4023.00,2,4023.20,1,4023.80,2,4023.90,5,4024.00,6,4024.10,5,4024.20,6,4024.30,6,4024.40,5,Buy,15,2,17,13.00,13.00,1.00,0.70,57.1,4023.00,4023.30,4022.60,4022.60,36,10,46,26.00,31.00,1.00,1.40,42.9,-6,27,0.1923,0.0000,103.00,27.00,4024.14,-0.3517,DOWN,36.00,1.2778,1.6539
20260728 235445 732,4022.80,1,4022.60,4023.00,0.40,4022.60,3,4022.50,2,4021.70,7,4021.60,5,4021.50,5,4021.40,6,4021.30,6,4021.20,5,4021.10,5,4021.00,6,4023.00,3,4023.10,3,4023.20,1,4023.80,5,4023.90,5,4024.00,6,4024.10,5,4024.20,6,4024.30,6,4024.40,5,Buy,16,2,18,14.00,14.00,1.00,0.70,28.6,4023.00,4023.30,4022.60,4022.80,36,10,46,26.00,31.00,1.00,1.40,42.9,-6,27,0.1923,0.0000,104.00,28.00,4024.16,-0.3454,DOWN,36.00,1.2778,1.6539
20260728 235445 732,4022.80,1,4022.60,4023.00,0.40,4022.60,3,4022.50,2,4021.70,7,4021.60,5,4021.50,5,4021.40,6,4021.30,6,4021.20,5,4021.10,5,4021.00,6,4023.00,3,4023.10,3,4023.20,1,4023.80,5,4023.90,5,4024.00,6,4024.10,5,4024.20,6,4024.30,6,4024.40,5,Buy,17,2,19,15.00,15.00,1.00,0.70,28.6,4023.00,4023.30,4022.60,4022.80,36,10,46,26.00,31.00,1.00,1.40,42.9,-6,27,0.1923,0.0000,105.00,29.00,4024.16,-0.3454,DOWN,36.00,1.2778,1.6539
20260728 235449 469,4023.20,1,4023.20,4023.50,0.30,4023.20,1,4023.10,2,4022.90,1,4022.00,5,4021.90,6,4021.80,5,4021.70,5,4021.60,5,4021.50,5,4021.40,6,4023.50,1,4023.60,2,4023.90,5,4024.00,6,4024.10,5,4024.20,7,4024.30,6,4024.40,5,4024.50,5,4024.60,5,Buy,18,2,20,16.00,16.00,1.00,0.70,28.6,4023.00,4023.30,4022.60,4023.20,36,10,46,26.00,31.00,1.00,1.40,42.9,-6,27,0.1923,0.0000,106.00,30.00,4024.19,-0.3327,DOWN,36.00,1.2778,1.6539
20260728 235456 516,4023.10,1,4022.90,4023.30,0.40,4022.90,4,4022.80,3,4022.20,1,4022.10,5,4022.00,5,4021.90,5,4021.80,5,4021.70,5,4021.60,5,4021.50,5,4023.30,1,4023.40,5,4023.80,2,4023.90,5,4024.00,6,4024.10,5,4024.20,7,4024.30,6,4024.40,5,4024.50,5,Sell,18,3,21,15.00,16.00,1.00,0.70,14.3,4023.00,4023.30,4022.60,4023.10,36,10,46,26.00,31.00,1.00,1.40,42.9,-6,27,0.1923,0.0667,105.00,29.00,4024.18,-0.3358,DOWN,36.00,1.2778,1.6539
20260728 235456 516,4023.10,1,4022.90,4023.30,0.40,4022.90,4,4022.80,3,4022.20,1,4022.10,5,4022.00,5,4021.90,5,4021.80,5,4021.70,5,4021.60,5,4021.50,5,4023.30,1,4023.40,5,4023.80,2,4023.90,5,4024.00,6,4024.10,5,4024.20,7,4024.30,6,4024.40,5,4024.50,5,Sell,18,4,22,14.00,16.00,1.00,0.70,14.3,4023.00,4023.30,4022.60,4023.10,36,10,46,26.00,31.00,1.00,1.40,42.9,-6,27,0.1923,0.1429,104.00,28.00,4024.18,-0.3358,DOWN,36.00,1.2778,1.6539
20260728 235459 346,4023.00,1,4022.90,4023.00,0.10,4023.00,1,4022.90,4,4022.20,1,4022.10,5,4022.00,5,4021.90,5,4021.80,5,4021.70,5,4021.60,5,4021.50,5,4023.30,2,4023.40,2,4023.90,5,4024.00,6,4024.10,5,4024.20,7,4024.30,6,4024.40,5,4024.50,5,4024.60,5,Buy,19,4,23,15.00,16.00,1.00,0.70,0.0,4023.00,4023.30,4022.60,4023.00,36,10,46,26.00,31.00,1.00,1.40,42.9,-6,27,0.1923,0.0667,105.00,29.00,4024.18,-0.3390,DOWN,36.00,1.2778,1.6539
20260728 235459 346,4023.00,2,4022.90,4023.00,0.10,4023.00,1,4022.90,4,4022.20,1,4022.10,5,4022.00,5,4021.90,5,4021.80,5,4021.70,5,4021.60,5,4021.50,5,4023.30,2,4023.40,2,4023.90,5,4024.00,6,4024.10,5,4024.20,7,4024.30,6,4024.40,5,4024.50,5,4024.60,5,Buy,21,4,25,17.00,17.00,1.00,0.70,0.0,4023.00,4023.30,4022.60,4023.00,36,10,46,26.00,31.00,1.00,1.40,42.9,-6,27,0.1923,0.0000,107.00,31.00,4024.18,-0.3390,DOWN,36.00,1.2778,1.6539
20260728 235501 359,4023.40,1,4023.10,4023.50,0.40,4023.10,2,4023.00,3,4022.90,1,4022.20,1,4022.10,5,4022.00,5,4021.90,5,4021.80,5,4021.70,5,4021.60,5,4023.50,3,4023.60,1,4024.00,6,4024.10,5,4024.20,7,4024.30,6,4024.40,5,4024.50,5,4024.60,5,4024.70,8,Buy,1,0,1,1.00,1.00,1.00,0.00,0.0,4023.40,4023.40,4023.40,4023.40,21,4,25,17.00,17.00,1.00,0.70,0.0,15,33,0.0000,0.0000,88.00,55.00,4024.21,-0.3263,DOWN,36.25,0.6897,1.5643
20260728 235501 359,4023.40,1,4023.10,4023.50,0.40,4023.10,2,4023.00,3,4022.90,1,4022.20,1,4022.10,5,4022.00,5,4021.90,5,4021.80,5,4021.70,5,4021.60,5,4023.50,3,4023.60,1,4024.00,6,4024.10,5,4024.20,7,4024.30,6,4024.40,5,4024.50,5,4024.60,5,4024.70,8,Buy,2,0,2,2.00,2.00,1.00,0.00,0.0,4023.40,4023.40,4023.40,4023.40,21,4,25,17.00,17.00,1.00,0.70,0.0,15,33,0.0000,0.0000,89.00,56.00,4024.21,-0.3263,DOWN,36.25,0.6897,1.5643
20260728 235501 359,4023.50,1,4023.10,4023.50,0.40,4023.10,2,4023.00,3,4022.90,1,4022.20,1,4022.10,5,4022.00,5,4021.90,5,4021.80,5,4021.70,5,4021.60,5,4023.50,3,4023.60,1,4024.00,6,4024.10,5,4024.20,7,4024.30,6,4024.40,5,4024.50,5,4024.60,5,4024.70,8,Buy,3,0,3,3.00,3.00,1.00,0.10,100.0,4023.40,4023.50,4023.40,4023.50,21,4,25,17.00,17.00,1.00,0.70,0.0,15,33,0.0000,0.0000,90.00,57.00,4024.22,-0.3231,DOWN,36.25,0.6897,1.5714
20260728 235507 088,4023.20,1,4022.90,4023.30,0.40,4022.90,2,4022.80,3,4022.30,1,4022.20,2,4022.10,5,4022.00,5,4021.90,5,4021.80,5,4021.70,5,4021.60,5,4023.30,2,4023.40,2,4024.00,1,4024.10,5,4024.20,7,4024.30,6,4024.40,5,4024.50,5,4024.60,5,4024.70,8,Buy,4,0,4,4.00,4.00,1.00,0.30,66.7,4023.40,4023.50,4023.20,4023.20,21,4,25,17.00,17.00,1.00,0.70,0.0,15,33,0.0000,0.0000,91.00,58.00,4024.19,-0.3327,DOWN,36.25,0.6897,1.5714
20260728 235509 730,4022.50,1,4022.40,4022.70,0.30,4022.40,1,4022.30,1,4022.00,2,4021.90,5,4021.80,5,4021.70,5,4021.60,5,4021.50,5,4021.40,6,4021.30,6,4022.70,1,4022.80,2,4023.70,5,4023.80,5,4023.90,5,4024.00,6,4024.10,5,4024.20,7,4024.30,6,4024.40,5,Sell,4,1,5,3.00,4.00,1.00,1.00,90.0,4023.40,4023.50,4022.50,4022.50,21,4,25,17.00,17.00,1.00,0.70,0.0,15,33,0.0000,0.3333,90.00,57.00,4024.13,-0.3549,DOWN,36.25,0.6897,1.6072
20260728 235509 834,4022.50,1,4022.50,4022.90,0.40,4022.40,3,4022.30,1,4022.00,2,4021.90,5,4021.80,5,4021.70,5,4021.60,5,4021.50,5,4021.40,6,4021.30,6,4022.80,2,4022.90,1,4023.70,5,4023.80,5,4023.90,5,4024.00,6,4024.10,5,4024.20,7,4024.30,6,4024.40,5,Sell,4,2,6,2.00,4.00,1.00,1.00,90.0,4023.40,4023.50,4022.50,4022.50,21,4,25,17.00,17.00,1.00,0.70,0.0,15,33,0.0000,1.0000,89.00,56.00,4024.13,-0.3549,DOWN,36.25,0.6897,1.6072
20260728 235513 882,4022.90,1,4022.60,4022.90,0.30,4022.60,1,4022.50,2,4022.10,1,4022.00,3,4021.90,5,4021.80,5,4021.70,5,4021.60,5,4021.50,5,4021.40,6,4023.00,3,4023.10,2,4023.80,5,4023.90,5,4024.00,6,4024.10,5,4024.20,7,4024.30,6,4024.40,5,4024.50,5,Buy,5,2,7,3.00,4.00,1.00,1.00,50.0,4023.40,4023.50,4022.50,4022.90,21,4,25,17.00,17.00,1.00,0.70,0.0,15,33,0.0000,0.3333,90.00,57.00,4024.17,-0.3422,DOWN,36.25,0.6897,1.6072
20260728 235514 847,4022.80,1,4022.70,4023.00,0.30,4022.70,2,4022.60,2,4022.20,1,4022.10,1,4022.00,1,4021.90,5,4021.80,5,4021.70,5,4021.60,5,4021.50,5,4023.00,1,4023.10,4,4023.70,1,4023.80,2,4023.90,5,4024.00,6,4024.10,5,4024.20,7,4024.30,6,4024.40,5,Sell,5,3,8,2.00,4.00,1.00,1.00,60.0,4023.40,4023.50,4022.50,4022.80,21,4,25,17.00,17.00,1.00,0.70,0.0,15,33,0.0000,1.0000,89.00,56.00,4024.16,-0.3454,DOWN,36.25,0.6897,1.6072
20260728 235519 491,4022.70,1,4022.60,4023.00,0.40,4022.60,1,4022.50,2,4022.10,1,4022.00,3,4021.90,5,4021.80,5,4021.70,5,4021.60,6,4021.50,5,4021.40,6,4023.00,4,4023.10,3,4023.70,1,4023.90,5,4024.00,6,4024.10,5,4024.20,7,4024.30,6,4024.40,5,4024.50,5,Sell,5,4,9,1.00,4.00,1.00,1.00,70.0,4023.40,4023.50,4022.50,4022.70,21,4,25,17.00,17.00,1.00,0.70,0.0,15,33,0.0000,3.0000,88.00,55.00,4024.15,-0.3485,DOWN,36.25,0.6897,1.6072
20260728 235519 491,4022.70,1,4022.60,4023.00,0.40,4022.60,1,4022.50,2,4022.10,1,4022.00,3,4021.90,5,4021.80,5,4021.70,5,4021.60,6,4021.50,5,4021.40,6,4023.00,4,4023.10,3,4023.70,1,4023.90,5,4024.00,6,4024.10,5,4024.20,7,4024.30,6,4024.40,5,4024.50,5,Sell,5,5,10,0.00,4.00,0.00,1.00,70.0,4023.40,4023.50,4022.50,4022.70,21,4,25,17.00,17.00,1.00,0.70,0.0,15,33,0.0000,4.0000,87.00,54.00,4024.15,-0.3485,DOWN,36.25,0.6897,1.6072
20260728 235519 491,4022.70,1,4022.60,4023.00,0.40,4022.60,1,4022.50,2,4022.10,1,4022.00,3,4021.90,5,4021.80,5,4021.70,5,4021.60,6,4021.50,5,4021.40,6,4023.00,4,4023.10,3,4023.70,1,4023.90,5,4024.00,6,4024.10,5,4024.20,7,4024.30,6,4024.40,5,4024.50,5,Sell,5,6,11,-1.00,4.00,-1.00,1.00,70.0,4023.40,4023.50,4022.50,4022.70,21,4,25,17.00,17.00,1.00,0.70,0.0,15,33,0.0000,0.0000,86.00,53.00,4024.15,-0.3485,DOWN,36.25,0.6897,1.6072
20260728 235519 522,4022.60,1,4022.40,4022.70,0.30,4022.40,2,4022.30,1,4022.00,2,4021.90,6,4021.80,5,4021.70,5,4021.60,5,4021.50,5,4021.40,6,4021.30,6,4022.70,1,4022.80,2,4023.00,1,4023.70,1,4023.80,5,4023.90,5,4024.00,6,4024.10,5,4024.20,7,4024.30,6,Sell,5,7,12,-2.00,4.00,-2.00,1.00,80.0,4023.40,4023.50,4022.50,4022.60,21,4,25,17.00,17.00,1.00,0.70,0.0,15,33,0.0000,0.0000,85.00,52.00,4024.14,-0.3517,DOWN,36.25,0.6897,1.6072
20260728 235519 524,4022.50,1,4022.40,4022.70,0.30,4022.40,2,4022.30,1,4022.00,2,4021.90,6,4021.80,5,4021.70,5,4021.60,5,4021.50,5,4021.40,6,4021.30,6,4022.70,1,4022.80,2,4023.00,1,4023.70,1,4023.80,5,4023.90,5,4024.00,6,4024.10,5,4024.20,7,4024.30,6,Sell,5,8,13,-3.00,4.00,-3.00,1.00,90.0,4023.40,4023.50,4022.50,4022.50,21,4,25,17.00,17.00,1.00,0.70,0.0,15,33,0.0000,0.0000,84.00,51.00,4024.13,-0.3549,DOWN,36.25,0.6897,1.6072
20260728 235519 524,4022.50,1,4022.40,4022.70,0.30,4022.40,2,4022.30,1,4022.00,2,4021.90,6,4021.80,5,4021.70,5,4021.60,5,4021.50,5,4021.40,6,4021.30,6,4022.70,1,4022.80,2,4023.00,1,4023.70,1,4023.80,5,4023.90,5,4024.00,6,4024.10,5,4024.20,7,4024.30,6,Sell,5,9,14,-4.00,4.00,-4.00,1.00,90.0,4023.40,4023.50,4022.50,4022.50,21,4,25,17.00,17.00,1.00,0.70,0.0,15,33,0.0000,0.0000,83.00,50.00,4024.13,-0.3549,DOWN,36.25,0.6897,1.6072
20260728 235533 891,4023.00,1,4023.00,4023.20,0.20,4023.00,2,4022.90,4,4022.20,2,4022.10,5,4021.90,5,4021.80,5,4021.70,5,4021.60,5,4021.50,5,4021.40,6,4023.20,2,4023.40,1,4024.00,1,4024.10,2,4024.20,7,4024.30,6,4024.40,5,4024.50,5,4024.60,5,4024.70,8,Buy,6,9,15,-3.00,4.00,-4.00,1.00,40.0,4023.40,4023.50,4022.50,4023.00,21,4,25,17.00,17.00,1.00,0.70,0.0,15,33,0.0000,0.3333,84.00,51.00,4024.18,-0.3390,DOWN,36.25,0.6897,1.6072
20260728 235537 436,4023.20,1,4023.10,4023.50,0.40,4023.10,3,4023.00,2,4022.40,1,4022.30,5,4022.20,5,4022.10,5,4022.00,5,4021.90,5,4021.80,5,4021.70,5,4023.50,4,4023.60,2,4024.00,2,4024.10,2,4024.20,7,4024.30,6,4024.40,5,4024.50,5,4024.60,5,4024.70,8,Sell,6,10,16,-4.00,4.00,-4.00,1.00,20.0,4023.40,4023.50,4022.50,4023.20,21,4,25,17.00,17.00,1.00,0.70,0.0,15,33,0.0000,0.0000,83.00,50.00,4024.19,-0.3327,DOWN,36.25,0.6897,1.6072
20260728 235544 884,4022.90,1,4022.80,4023.20,0.40,4022.80,2,4022.70,2,4022.20,1,4022.10,3,4022.00,5,4021.90,5,4021.80,5,4021.70,5,4021.60,5,4021.50,5,4023.20,2,4023.30,2,4024.00,2,4024.20,7,4024.30,6,4024.40,5,4024.50,5,4024.60,5,4024.70,8,4024.80,5,Sell,6,11,17,-5.00,4.00,-5.00,1.00,50.0,4023.40,4023.50,4022.50,4022.90,21,4,25,17.00,17.00,1.00,0.70,0.0,15,33,0.0000,0.0000,82.00,49.00,4024.17,-0.3422,DOWN,36.25,0.6897,1.6072
20260728 235544 884,4022.80,1,4022.80,4023.20,0.40,4022.80,2,4022.70,2,4022.20,1,4022.10,3,4022.00,5,4021.90,5,4021.80,5,4021.70,5,4021.60,5,4021.50,5,4023.20,2,4023.30,2,4024.00,2,4024.20,7,4024.30,6,4024.40,5,4024.50,5,4024.60,5,4024.70,8,4024.80,5,Sell,6,12,18,-6.00,4.00,-6.00,1.00,60.0,4023.40,4023.50,4022.50,4022.80,21,4,25,17.00,17.00,1.00,0.70,0.0,15,33,0.0000,0.0000,81.00,48.00,4024.16,-0.3454,DOWN,36.25,0.6897,1.6072
20260728 235546 068,4023.10,10,4022.90,4023.20,0.30,4022.90,1,4022.80,2,4022.30,4,4022.20,1,4022.10,2,4022.00,5,4021.90,5,4021.80,5,4021.70,5,4021.60,5,4023.20,1,4023.30,2,4024.00,2,4024.10,1,4024.20,7,4024.30,6,4024.40,5,4024.50,5,4024.60,5,4024.70,8,Buy,16,12,28,4.00,4.00,-6.00,1.00,30.0,4023.40,4023.50,4022.50,4023.10,21,4,25,17.00,17.00,1.00,0.70,0.0,15,33,0.0000,0.0000,91.00,58.00,4024.18,-0.3358,DOWN,36.25,0.6897,1.6072
20260728 235552 159,4022.90,1,4022.90,4023.30,0.40,4022.90,3,4022.80,2,4022.40,1,4022.30,1,4022.20,1,4022.10,5,4022.00,5,4021.90,5,4021.80,5,4021.70,5,4023.30,3,4023.40,2,4023.90,1,4024.00,2,4024.20,7,4024.30,6,4024.40,5,4024.50,5,4024.60,5,4024.70,8,Sell,16,13,29,3.00,4.00,-6.00,1.00,50.0,4023.40,4023.50,4022.50,4022.90,21,4,25,17.00,17.00,1.00,0.70,0.0,15,33,0.0000,0.3333,90.00,57.00,4024.17,-0.3422,DOWN,36.25,0.6897,1.6072
20260728 235553 602,4023.00,1,4022.90,4023.30,0.40,4022.90,2,4022.80,2,4022.50,2,4022.40,1,4022.30,1,4022.20,1,4022.10,5,4022.00,5,4021.90,5,4021.80,5,4023.30,2,4023.40,2,4024.00,2,4024.10,2,4024.20,7,4024.30,6,4024.40,5,4024.50,5,4024.60,5,4024.70,8,Sell,16,14,30,2.00,4.00,-6.00,1.00,40.0,4023.40,4023.50,4022.50,4023.00,21,4,25,17.00,17.00,1.00,0.70,0.0,15,33,0.0000,1.0000,89.00,56.00,4024.18,-0.3390,DOWN,36.25,0.6897,1.6072
20260728 235555 900,4022.80,1,4022.80,4023.10,0.30,4022.80,1,4022.70,2,4022.50,1,4022.40,1,4022.30,1,4022.20,1,4022.10,5,4022.00,5,4021.90,5,4021.80,5,4023.10,2,4023.20,3,4023.90,2,4024.00,1,4024.20,7,4024.30,6,4024.40,5,4024.50,5,4024.60,5,4024.70,8,Sell,16,15,31,1.00,4.00,-6.00,1.00,60.0,4023.40,4023.50,4022.50,4022.80,21,4,25,17.00,17.00,1.00,0.70,0.0,15,33,0.0000,3.0000,88.00,55.00,4024.16,-0.3454,DOWN,36.25,0.6897,1.6072
20260728 235558 289,4023.20,1,4022.90,4023.20,0.30,4022.90,1,4022.80,2,4022.50,1,4022.40,1,4022.30,1,4022.20,1,4022.00,5,4021.90,5,4021.80,5,4021.70,5,4023.20,1,4023.30,1,4023.80,1,4023.90,1,4024.00,2,4024.20,7,4024.30,6,4024.40,5,4024.50,5,4024.60,5,Sell,16,16,32,0.00,4.00,-6.00,1.00,20.0,4023.40,4023.50,4022.50,4023.20,21,4,25,17.00,17.00,1.00,0.70,0.0,15,33,0.0000,4.0000,87.00,54.00,4024.19,-0.3327,DOWN,36.25,0.6897,1.6072
20260728 235614 916,4023.50,1,4023.50,4023.90,0.40,4023.50,3,4023.40,5,4023.10,3,4023.00,2,4022.80,1,4022.60,5,4022.50,6,4022.40,5,4022.30,6,4022.20,1,4023.90,3,4024.00,4,4024.20,2,4024.30,6,4024.40,5,4024.50,5,4024.60,5,4024.70,6,4024.80,5,4024.90,5,Buy,1,0,1,1.00,1.00,1.00,0.00,0.0,4023.50,4023.50,4023.50,4023.50,16,16,32,0.00,4.00,-6.00,1.00,20.0,18,15,4.0000,0.0000,93.00,58.00,4024.22,-0.3231,DOWN,36.45,0.8779,1.5138
20260728 235614 916,4023.50,1,4023.50,4023.90,0.40,4023.50,3,4023.40,5,4023.10,3,4023.00,2,4022.80,1,4022.60,5,4022.50,6,4022.40,5,4022.30,6,4022.20,1,4023.90,3,4024.00,4,4024.20,2,4024.30,6,4024.40,5,4024.50,5,4024.60,5,4024.70,6,4024.80,5,4024.90,5,Buy,2,0,2,2.00,2.00,1.00,0.00,0.0,4023.50,4023.50,4023.50,4023.50,16,16,32,0.00,4.00,-6.00,1.00,20.0,18,15,4.0000,0.0000,94.00,59.00,4024.22,-0.3231,DOWN,36.45,0.8779,1.5138
20260728 235621 021,4023.50,1,4023.50,4023.90,0.40,4023.50,2,4023.40,4,4023.20,1,4023.10,2,4023.00,2,4022.90,2,4022.80,1,4022.60,5,4022.50,6,4022.40,5,4023.90,1,4024.00,4,4024.20,2,4024.30,1,4024.60,5,4024.70,1,4024.80,5,4024.90,5,4025.00,11,4025.10,9,Sell,2,1,3,1.00,2.00,1.00,0.00,0.0,4023.50,4023.50,4023.50,4023.50,16,16,32,0.00,4.00,-6.00,1.00,20.0,18,15,4.0000,1.0000,93.00,58.00,4024.22,-0.3231,DOWN,36.45,0.8779,1.5138
20260728 235626 079,4024.00,1,4023.70,4024.10,0.40,4023.70,3,4023.60,2,4023.10,3,4023.00,2,4022.80,1,4022.70,5,4022.60,5,4022.50,6,4022.40,5,4022.30,6,4024.10,3,4024.20,8,4024.30,1,4024.60,5,4024.70,1,4024.80,5,4024.90,5,4025.00,11,4025.10,9,4025.20,6,Buy,3,1,4,2.00,2.00,1.00,0.50,100.0,4023.50,4024.00,4023.50,4024.00,16,16,32,0.00,4.00,-6.00,1.00,20.0,18,15,4.0000,0.0000,94.00,59.00,4024.27,-0.3073,DOWN,36.45,0.8779,1.5495
20260728 235626 079,4024.00,1,4023.70,4024.10,0.40,4023.70,3,4023.60,2,4023.10,3,4023.00,2,4022.80,1,4022.70,5,4022.60,5,4022.50,6,4022.40,5,4022.30,6,4024.10,3,4024.20,8,4024.30,1,4024.60,5,4024.70,1,4024.80,5,4024.90,5,4025.00,11,4025.10,9,4025.20,6,Buy,4,1,5,3.00,3.00,1.00,0.50,100.0,4023.50,4024.00,4023.50,4024.00,16,16,32,0.00,4.00,-6.00,1.00,20.0,18,15,4.0000,0.0000,95.00,60.00,4024.27,-0.3073,DOWN,36.45,0.8779,1.5495
20260728 235626 079,4024.00,1,4023.70,4024.10,0.40,4023.70,3,4023.60,2,4023.10,3,4023.00,2,4022.80,1,4022.70,5,4022.60,5,4022.50,6,4022.40,5,4022.30,6,4024.10,3,4024.20,8,4024.30,1,4024.60,5,4024.70,1,4024.80,5,4024.90,5,4025.00,11,4025.10,9,4025.20,6,Buy,5,1,6,4.00,4.00,1.00,0.50,100.0,4023.50,4024.00,4023.50,4024.00,16,16,32,0.00,4.00,-6.00,1.00,20.0,18,15,4.0000,0.0000,96.00,61.00,4024.27,-0.3073,DOWN,36.45,0.8779,1.5495
20260728 235626 079,4024.10,1,4023.70,4024.10,0.40,4023.70,3,4023.60,2,4023.10,3,4023.00,2,4022.80,1,4022.70,5,4022.60,5,4022.50,6,4022.40,5,4022.30,6,4024.10,3,4024.20,8,4024.30,1,4024.60,5,4024.70,1,4024.80,5,4024.90,5,4025.00,11,4025.10,9,4025.20,6,Buy,6,1,7,5.00,5.00,1.00,0.60,100.0,4023.50,4024.10,4023.50,4024.10,16,16,32,0.00,4.00,-6.00,1.00,20.0,18,15,4.0000,0.0000,97.00,62.00,4024.28,-0.3041,DOWN,36.45,0.8779,1.5566
20260728 235630 202,4024.20,1,4023.80,4024.20,0.40,4023.80,2,4023.70,3,4023.60,1,4023.50,3,4023.00,2,4022.80,6,4022.70,5,4022.60,5,4022.50,6,4022.40,5,4024.20,4,4024.30,6,4024.60,5,4024.70,1,4024.80,5,4024.90,5,4025.00,11,4025.10,9,4025.20,6,4025.30,5,Buy,7,1,8,6.00,6.00,1.00,0.70,100.0,4023.50,4024.20,4023.50,4024.20,16,16,32,0.00,4.00,-6.00,1.00,20.0,18,15,4.0000,0.0000,98.00,63.00,4024.29,-0.3009,DOWN,36.45,0.8779,1.5638
20260728 235630 202,4024.30,1,4023.80,4024.20,0.40,4023.80,2,4023.70,3,4023.60,1,4023.50,3,4023.00,2,4022.80,6,4022.70,5,4022.60,5,4022.50,6,4022.40,5,4024.20,4,4024.30,6,4024.60,5,4024.70,1,4024.80,5,4024.90,5,4025.00,11,4025.10,9,4025.20,6,4025.30,5,Buy,8,1,9,7.00,7.00,1.00,0.80,100.0,4023.50,4024.30,4023.50,4024.30,16,16,32,0.00,4.00,-6.00,1.00,20.0,18,15,4.0000,0.0000,99.00,64.00,4024.30,-0.2978,DOWN,36.45,0.8779,1.5709
20260728 235630 351,4023.80,1,4023.80,4024.10,0.30,4023.80,1,4023.70,3,4023.60,1,4023.50,3,4023.00,2,4022.90,5,4022.80,6,4022.70,5,4022.60,5,4022.50,6,4024.10,2,4024.20,4,4024.60,5,4024.70,1,4024.80,5,4024.90,5,4025.00,11,4025.10,9,4025.20,6,4025.30,5,Sell,8,2,10,6.00,7.00,1.00,0.80,37.5,4023.50,4024.30,4023.50,4023.80,16,16,32,0.00,4.00,-6.00,1.00,20.0,18,15,4.0000,0.1667,98.00,63.00,4024.25,-0.3136,DOWN,36.45,0.8779,1.5709
20260728 235651 934,4023.80,1,4023.60,4023.90,0.30,4023.60,2,4023.50,6,4023.40,6,4023.10,1,4023.00,2,4022.80,6,4022.60,5,4022.50,6,4022.40,5,4022.30,6,4023.90,2,4024.00,3,4024.70,1,4025.00,11,4025.10,9,4025.20,6,4025.30,5,4025.40,5,4025.50,7,4025.60,5,Sell,8,3,11,5.00,7.00,1.00,0.80,37.5,4023.50,4024.30,4023.50,4023.80,16,16,32,0.00,4.00,-6.00,1.00,20.0,18,15,4.0000,0.4000,97.00,62.00,4024.25,-0.3136,DOWN,36.45,0.8779,1.5709
20260728 235653 485,4023.50,3,4023.40,4023.80,0.40,4023.40,1,4023.30,3,4023.10,1,4023.00,2,4022.80,1,4022.60,5,4022.50,6,4022.40,5,4022.30,6,4022.20,6,4023.80,2,4023.90,1,4024.70,3,4024.80,5,4024.90,7,4025.00,11,4025.10,9,4025.20,6,4025.30,5,4025.40,5,Sell,8,6,14,2.00,7.00,1.00,0.80,0.0,4023.50,4024.30,4023.50,4023.50,16,16,32,0.00,4.00,-6.00,1.00,20.0,18,15,4.0000,2.5000,94.00,59.00,4024.22,-0.3231,DOWN,36.45,0.8779,1.5709
20260728 235653 485,4023.50,1,4023.40,4023.80,0.40,4023.40,1,4023.30,3,4023.10,1,4023.00,2,4022.80,1,4022.60,5,4022.50,6,4022.40,5,4022.30,6,4022.20,6,4023.80,2,4023.90,1,4024.70,3,4024.80,5,4024.90,7,4025.00,11,4025.10,9,4025.20,6,4025.30,5,4025.40,5,Sell,8,7,15,1.00,7.00,1.00,0.80,0.0,4023.50,4024.30,4023.50,4023.50,16,16,32,0.00,4.00,-6.00,1.00,20.0,18,15,4.0000,6.0000,93.00,58.00,4024.22,-0.3231,DOWN,36.45,0.8779,1.5709
20260728 235653 485,4023.50,1,4023.40,4023.80,0.40,4023.40,1,4023.30,3,4023.10,1,4023.00,2,4022.80,1,4022.60,5,4022.50,6,4022.40,5,4022.30,6,4022.20,6,4023.80,2,4023.90,1,4024.70,3,4024.80,5,4024.90,7,4025.00,11,4025.10,9,4025.20,6,4025.30,5,4025.40,5,Sell,8,8,16,0.00,7.00,0.00,0.80,0.0,4023.50,4024.30,4023.50,4023.50,16,16,32,0.00,4.00,-6.00,1.00,20.0,18,15,4.0000,7.0000,92.00,57.00,4024.22,-0.3231,DOWN,36.45,0.8779,1.5709
20260728 235653 485,4023.40,1,4023.40,4023.80,0.40,4023.40,1,4023.30,3,4023.10,1,4023.00,2,4022.80,1,4022.60,5,4022.50,6,4022.40,5,4022.30,6,4022.20,6,4023.80,2,4023.90,1,4024.70,3,4024.80,5,4024.90,7,4025.00,11,4025.10,9,4025.20,6,4025.30,5,4025.40,5,Sell,8,9,17,-1.00,7.00,-1.00,0.90,11.1,4023.50,4024.30,4023.40,4023.40,16,16,32,0.00,4.00,-6.00,1.00,20.0,18,15,4.0000,0.0000,91.00,56.00,4024.21,-0.3263,DOWN,36.45,0.8779,1.5709
20260728 235653 485,4023.40,1,4023.40,4023.80,0.40,4023.40,1,4023.30,3,4023.10,1,4023.00,2,4022.80,1,4022.60,5,4022.50,6,4022.40,5,4022.30,6,4022.20,6,4023.80,2,4023.90,1,4024.70,3,4024.80,5,4024.90,7,4025.00,11,4025.10,9,4025.20,6,4025.30,5,4025.40,5,Sell,8,10,18,-2.00,7.00,-2.00,0.90,11.1,4023.50,4024.30,4023.40,4023.40,16,16,32,0.00,4.00,-6.00,1.00,20.0,18,15,4.0000,0.0000,90.00,55.00,4024.21,-0.3263,DOWN,36.45,0.8779,1.5709
20260728 235653 485,4023.40,1,4023.40,4023.80,0.40,4023.40,1,4023.30,3,4023.10,1,4023.00,2,4022.80,1,4022.60,5,4022.50,6,4022.40,5,4022.30,6,4022.20,6,4023.80,2,4023.90,1,4024.70,3,4024.80,5,4024.90,7,4025.00,11,4025.10,9,4025.20,6,4025.30,5,4025.40,5,Sell,8,11,19,-3.00,7.00,-3.00,0.90,11.1,4023.50,4024.30,4023.40,4023.40,16,16,32,0.00,4.00,-6.00,1.00,20.0,18,15,4.0000,0.0000,89.00,54.00,4024.21,-0.3263,DOWN,36.45,0.8779,1.5709
20260728 235653 485,4023.40,2,4023.40,4023.80,0.40,4023.40,1,4023.30,3,4023.10,1,4023.00,2,4022.80,1,4022.60,5,4022.50,6,4022.40,5,4022.30,6,4022.20,6,4023.80,2,4023.90,1,4024.70,3,4024.80,5,4024.90,7,4025.00,11,4025.10,9,4025.20,6,4025.30,5,4025.40,5,Sell,8,13,21,-5.00,7.00,-5.00,0.90,11.1,4023.50,4024.30,4023.40,4023.40,16,16,32,0.00,4.00,-6.00,1.00,20.0,18,15,4.0000,0.0000,87.00,52.00,4024.21,-0.3263,DOWN,36.45,0.8779,1.5709
20260728 235659 767,4023.60,1,4023.40,4023.60,0.20,4023.40,2,4023.30,1,4023.10,1,4023.00,2,4022.80,1,4022.60,5,4022.50,6,4022.40,5,4022.30,6,4022.20,6,4023.60,1,4023.80,3,4023.90,2,4024.60,5,4024.70,6,4024.80,6,4024.90,5,4025.00,11,4025.10,9,4025.20,6,Buy,9,13,22,-4.00,7.00,-5.00,0.90,11.1,4023.50,4024.30,4023.40,4023.60,16,16,32,0.00,4.00,-6.00,1.00,20.0,18,15,4.0000,0.2500,88.00,53.00,4024.23,-0.3200,DOWN,36.45,0.8779,1.5709
20260728 235702 994,4023.60,1,4023.40,4023.70,0.30,4023.40,1,4023.30,2,4023.10,1,4023.00,2,4022.80,1,4022.60,5,4022.50,6,4022.40,5,4022.30,6,4022.20,6,4023.70,1,4023.80,3,4024.40,2,4024.50,5,4024.60,6,4024.70,6,4024.80,5,4024.90,5,4025.00,12,4025.10,9,Buy,1,0,1,1.00,1.00,1.00,0.00,0.0,4023.60,4023.60,4023.60,4023.60,9,13,22,-4.00,7.00,-5.00,0.90,11.1,-30,27,0.2500,0.0000,40.00,69.00,4024.23,-0.3200,DOWN,37.05,0.5938,1.4587
20260728 235702 994,4023.70,1,4023.40,4023.70,0.30,4023.40,1,4023.30,2,4023.10,1,4023.00,2,4022.80,1,4022.60,5,4022.50,6,4022.40,5,4022.30,6,4022.20,6,4023.70,1,4023.80,3,4024.40,2,4024.50,5,4024.60,6,4024.70,6,4024.80,5,4024.90,5,4025.00,12,4025.10,9,Buy,2,0,2,2.00,2.00,1.00,0.10,100.0,4023.60,4023.70,4023.60,4023.70,9,13,22,-4.00,7.00,-5.00,0.90,11.1,-30,27,0.2500,0.0000,41.00,70.00,4024.24,-0.3168,DOWN,37.05,0.5938,1.4659
20260728 235712 856,4024.60,1,4024.60,4024.70,0.10,4024.50,1,4024.40,2,4023.60,3,4023.50,143,4023.40,5,4023.30,5,4023.20,5,4023.10,5,4023.00,7,4022.90,5,4024.70,1,4024.80,2,4025.00,7,4025.10,9,4025.20,1,4025.50,7,4025.60,5,4025.70,6,4025.80,8,4025.90,5,Sell,2,1,3,1.00,2.00,1.00,1.00,100.0,4023.60,4024.60,4023.60,4024.60,9,13,22,-4.00,7.00,-5.00,0.90,11.1,-30,27,0.2500,1.0000,40.00,69.00,4024.33,-0.2882,DOWN,37.05,0.5938,1.5302
20260728 235714 044,4024.20,1,4024.00,4024.30,0.30,4024.00,3,4023.90,2,4023.60,3,4023.50,143,4023.00,7,4022.90,5,4022.80,6,4022.70,5,4022.60,5,4022.50,6,4024.30,1,4024.40,2,4024.70,1,4024.80,1,4024.90,1,4025.00,7,4025.10,4,4025.20,1,4025.30,5,4025.40,5,Sell,2,2,4,0.00,2.00,0.00,1.00,60.0,4023.60,4024.60,4023.60,4024.20,9,13,22,-4.00,7.00,-5.00,0.90,11.1,-30,27,0.2500,2.0000,39.00,68.00,4024.29,-0.3009,DOWN,37.05,0.5938,1.5302
20260728 235714 044,4024.20,1,4024.00,4024.30,0.30,4024.00,3,4023.90,2,4023.60,3,4023.50,143,4023.00,7,4022.90,5,4022.80,6,4022.70,5,4022.60,5,4022.50,6,4024.30,1,4024.40,2,4024.70,1,4024.80,1,4024.90,1,4025.00,7,4025.10,4,4025.20,1,4025.30,5,4025.40,5,Sell,2,3,5,-1.00,2.00,-1.00,1.00,60.0,4023.60,4024.60,4023.60,4024.20,9,13,22,-4.00,7.00,-5.00,0.90,11.1,-30,27,0.2500,0.0000,38.00,67.00,4024.29,-0.3009,DOWN,37.05,0.5938,1.5302
20260728 235717 700,4023.90,1,4023.80,4024.20,0.40,4023.80,2,4023.70,2,4023.60,1,4023.50,143,4023.00,7,4022.90,5,4022.80,6,4022.70,5,4022.60,5,4022.50,6,4024.20,2,4024.30,2,4024.70,1,4024.80,1,4024.90,5,4025.00,7,4025.10,9,4025.20,6,4025.30,5,4025.40,5,Sell,2,4,6,-2.00,2.00,-2.00,1.00,30.0,4023.60,4024.60,4023.60,4023.90,9,13,22,-4.00,7.00,-5.00,0.90,11.1,-30,27,0.2500,0.0000,37.00,66.00,4024.26,-0.3104,DOWN,37.05,0.5938,1.5302
20260728 235717 700,4023.90,1,4023.80,4024.20,0.40,4023.80,2,4023.70,2,4023.60,1,4023.50,143,4023.00,7,4022.90,5,4022.80,6,4022.70,5,4022.60,5,4022.50,6,4024.20,2,4024.30,2,4024.70,1,4024.80,1,4024.90,5,4025.00,7,4025.10,9,4025.20,6,4025.30,5,4025.40,5,Sell,2,5,7,-3.00,2.00,-3.00,1.00,30.0,4023.60,4024.60,4023.60,4023.90,9,13,22,-4.00,7.00,-5.00,0.90,11.1,-30,27,0.2500,0.0000,36.00,65.00,4024.26,-0.3104,DOWN,37.05,0.5938,1.5302
20260728 235720 482,4023.80,1,4023.80,4024.10,0.30,4023.70,2,4023.60,2,4023.50,143,4023.10,1,4023.00,7,4022.90,5,4022.80,6,4022.70,5,4022.60,5,4022.50,6,4024.00,1,4024.10,3,4024.60,1,4024.70,1,4024.80,2,4024.90,5,4025.00,6,4025.10,9,4025.20,6,4025.30,5,Sell,2,6,8,-4.00,2.00,-4.00,1.00,20.0,4023.60,4024.60,4023.60,4023.80,9,13,22,-4.00,7.00,-5.00,0.90,11.1,-30,27,0.2500,0.0000,35.00,64.00,4024.25,-0.3136,DOWN,37.05,0.5938,1.5302
20260728 235728 062,4024.10,2,4023.90,4024.20,0.30,4023.90,4,4023.80,8,4023.70,1,4023.30,1,4023.20,5,4023.10,5,4023.00,5,4022.90,5,4022.80,6,4022.70,5,4024.20,1,4024.30,3,4024.70,1,4025.00,6,4025.10,4,4025.20,1,4025.30,5,4025.40,6,4025.50,8,4025.60,6,Buy,4,6,10,-2.00,2.00,-4.00,1.00,50.0,4023.60,4024.60,4023.60,4024.10,9,13,22,-4.00,7.00,-5.00,0.90,11.1,-30,27,0.2500,1.0000,37.00,66.00,4024.28,-0.3041,DOWN,37.05,0.5938,1.5302
20260728 235730 678,4024.00,2,4024.00,4024.40,0.40,4024.00,2,4023.90,5,4023.80,7,4023.70,1,4023.20,5,4023.10,5,4023.00,5,4022.90,5,4022.80,6,4022.70,5,4024.40,3,4024.50,2,4024.70,1,4025.00,6,4025.10,4,4025.20,1,4025.30,5,4025.40,5,4025.50,8,4025.60,6,Sell,4,8,12,-4.00,2.00,-4.00,1.00,40.0,4023.60,4024.60,4023.60,4024.00,9,13,22,-4.00,7.00,-5.00,0.90,11.1,-30,27,0.2500,0.0000,35.00,64.00,4024.27,-0.3073,DOWN,37.05,0.5938,1.5302
20260728 235730 679,4024.00,1,4024.00,4024.40,0.40,4024.00,2,4023.90,5,4023.80,7,4023.70,1,4023.20,5,4023.10,5,4023.00,5,4022.90,5,4022.80,6,4022.70,5,4024.40,3,4024.50,2,4024.70,1,4025.00,6,4025.10,4,4025.20,1,4025.30,5,4025.40,5,4025.50,8,4025.60,6,Buy,5,8,13,-3.00,2.00,-4.00,1.00,40.0,4023.60,4024.60,4023.60,4024.00,9,13,22,-4.00,7.00,-5.00,0.90,11.1,-30,27,0.2500,0.3333,36.00,65.00,4024.27,-0.3073,DOWN,37.05,0.5938,1.5302
20260728 235731 223,4024.20,10,4023.90,4024.30,0.40,4023.90,4,4023.80,8,4023.70,1,4023.20,5,4023.10,6,4023.00,5,4022.90,5,4022.80,6,4022.70,5,4022.60,5,4024.30,3,4024.40,3,4024.70,1,4024.90,1,4025.00,6,4025.10,4,4025.20,1,4025.30,5,4025.40,5,4025.50,8,Sell,5,18,23,-13.00,2.00,-13.00,1.00,60.0,4023.60,4024.60,4023.60,4024.20,9,13,22,-4.00,7.00,-5.00,0.90,11.1,-30,27,0.2500,0.0000,26.00,55.00,4024.29,-0.3009,DOWN,37.05,0.5938,1.5302
20260728 235732 090,4024.20,1,4023.90,4024.30,0.40,4023.90,3,4023.80,8,4023.70,1,4023.30,1,4023.20,5,4023.10,5,4023.00,5,4022.90,5,4022.80,6,4022.70,5,4024.30,2,4024.40,3,4024.70,1,4025.00,6,4025.10,4,4025.20,1,4025.30,5,4025.40,5,4025.50,8,4025.60,6,Buy,6,18,24,-12.00,2.00,-13.00,1.00,60.0,4023.60,4024.60,4023.60,4024.20,9,13,22,-4.00,7.00,-5.00,0.90,11.1,-30,27,0.2500,0.0833,27.00,56.00,4024.29,-0.3009,DOWN,37.05,0.5938,1.5302
20260728 235733 775,4024.70,1,4024.50,4024.80,0.30,4024.50,1,4024.40,2,4023.90,3,4023.80,6,4023.70,1,4023.50,5,4023.40,5,4023.30,5,4023.20,5,4023.10,5,4024.80,1,4024.90,4,4025.00,6,4025.10,4,4025.20,1,4025.50,3,4025.60,5,4025.70,5,4025.80,8,4025.90,5,Buy,7,18,25,-11.00,2.00,-13.00,1.10,100.0,4023.60,4024.70,4023.60,4024.70,9,13,22,-4.00,7.00,-5.00,0.90,11.1,-30,27,0.2500,0.1818,28.00,57.00,4024.34,-0.2851,DOWN,37.05,0.5938,1.5373
20260728 235733 885,4024.50,1,4024.50,4024.80,0.30,4024.40,2,4024.30,5,4023.90,3,4023.80,6,4023.70,1,4023.50,5,4023.40,5,4023.30,5,4023.20,5,4023.10,5,4024.80,1,4024.90,4,4025.00,6,4025.10,4,4025.20,1,4025.50,3,4025.60,5,4025.70,5,4025.80,8,4025.90,5,Sell,7,19,26,-12.00,2.00,-13.00,1.10,81.8,4023.60,4024.70,4023.60,4024.50,9,13,22,-4.00,7.00,-5.00,0.90,11.1,-30,27,0.2500,0.0833,27.00,56.00,4024.32,-0.2914,DOWN,37.05,0.5938,1.5373
20260728 235735 367,4024.80,1,4024.40,4024.80,0.40,4024.40,2,4024.30,3,4023.90,2,4023.80,6,4023.70,1,4023.50,5,4023.40,5,4023.30,5,4023.20,5,4023.10,5,4024.80,2,4024.90,4,4025.00,4,4025.10,4,4025.20,1,4025.50,3,4025.60,5,4025.70,5,4025.80,8,4025.90,5,Buy,8,19,27,-11.00,2.00,-13.00,1.20,100.0,4023.60,4024.80,4023.60,4024.80,9,13,22,-4.00,7.00,-5.00,0.90,11.1,-30,27,0.2500,0.1818,28.00,57.00,4024.35,-0.2819,DOWN,37.05,0.5938,1.5444
20260728 235735 367,4024.90,1,4024.40,4024.80,0.40,4024.40,2,4024.30,3,4023.90,2,4023.80,6,4023.70,1,4023.50,5,4023.40,5,4023.30,5,4023.20,5,4023.10,5,4024.80,2,4024.90,4,4025.00,4,4025.10,4,4025.20,1,4025.50,3,4025.60,5,4025.70,5,4025.80,8,4025.90,5,Buy,9,19,28,-10.00,2.00,-13.00,1.30,100.0,4023.60,4024.90,4023.60,4024.90,9,13,22,-4.00,7.00,-5.00,0.90,11.1,-30,27,0.2500,0.3000,29.00,58.00,4024.36,-0.2787,DOWN,37.05,0.5938,1.5516
20260728 235735 367,4025.00,1,4024.40,4024.80,0.40,4024.40,2,4024.30,3,4023.90,2,4023.80,6,4023.70,1,4023.50,5,4023.40,5,4023.30,5,4023.20,5,4023.10,5,4024.80,2,4024.90,4,4025.00,4,4025.10,4,4025.20,1,4025.50,3,4025.60,5,4025.70,5,4025.80,8,4025.90,5,Buy,10,19,29,-9.00,2.00,-13.00,1.40,100.0,4023.60,4025.00,4023.60,4025.00,9,13,22,-4.00,7.00,-5.00,0.90,11.1,-30,27,0.2500,0.4444,30.00,59.00,4024.37,-0.2755,DOWN,37.05,0.5938,1.5587
20260728 235735 368,4025.00,1,4024.40,4024.80,0.40,4024.40,2,4024.30,3,4023.90,2,4023.80,6,4023.70,1,4023.50,5,4023.40,5,4023.30,5,4023.20,5,4023.10,5,4024.80,2,4024.90,4,4025.00,4,4025.10,4,4025.20,1,4025.50,3,4025.60,5,4025.70,5,4025.80,8,4025.90,5,Buy,11,19,30,-8.00,2.00,-13.00,1.40,100.0,4023.60,4025.00,4023.60,4025.00,9,13,22,-4.00,7.00,-5.00,0.90,11.1,-30,27,0.2500,0.6250,31.00,60.00,4024.37,-0.2755,DOWN,37.05,0.5938,1.5587
20260728 235735 368,4025.00,1,4024.40,4024.80,0.40,4024.40,2,4024.30,3,4023.90,2,4023.80,6,4023.70,1,4023.50,5,4023.40,5,4023.30,5,4023.20,5,4023.10,5,4024.80,2,4024.90,4,4025.00,4,4025.10,4,4025.20,1,4025.50,3,4025.60,5,4025.70,5,4025.80,8,4025.90,5,Buy,12,19,31,-7.00,2.00,-13.00,1.40,100.0,4023.60,4025.00,4023.60,4025.00,9,13,22,-4.00,7.00,-5.00,0.90,11.1,-30,27,0.2500,0.8571,32.00,61.00,4024.37,-0.2755,DOWN,37.05,0.5938,1.5587
20260728 235736 432,4024.50,1,4024.50,4024.80,0.30,4024.50,1,4024.40,2,4023.90,3,4023.80,6,4023.70,1,4023.50,5,4023.40,5,4023.30,5,4023.20,5,4023.10,5,4024.80,2,4024.90,3,4025.00,3,4025.10,4,4025.20,1,4025.50,3,4025.60,5,4025.70,5,4025.80,8,4025.90,5,Sell,12,20,32,-8.00,2.00,-13.00,1.40,64.3,4023.60,4025.00,4023.60,4024.50,9,13,22,-4.00,7.00,-5.00,0.90,11.1,-30,27,0.2500,0.6250,31.00,60.00,4024.32,-0.2914,DOWN,37.05,0.5938,1.5587
20260728 235738 443,4024.60,1,4024.20,4024.60,0.40,4024.20,2,4024.10,3,4023.90,3,4023.80,6,4023.70,1,4023.30,5,4023.20,5,4023.10,5,4023.00,5,4022.90,5,4024.60,2,4024.70,2,4025.00,3,4025.10,4,4025.20,1,4025.50,8,4025.60,5,4025.70,5,4025.80,8,4025.90,5,Buy,13,20,33,-7.00,2.00,-13.00,1.40,71.4,4023.60,4025.00,4023.60,4024.60,9,13,22,-4.00,7.00,-5.00,0.90,11.1,-30,27,0.2500,0.8571,32.00,61.00,4024.33,-0.2882,DOWN,37.05,0.5938,1.5587
20260728 235738 443,4024.60,1,4024.20,4024.60,0.40,4024.20,2,4024.10,3,4023.90,3,4023.80,6,4023.70,1,4023.30,5,4023.20,5,4023.10,5,4023.00,5,4022.90,5,4024.60,2,4024.70,2,4025.00,3,4025.10,4,4025.20,1,4025.50,8,4025.60,5,4025.70,5,4025.80,8,4025.90,5,Buy,14,20,34,-6.00,2.00,-13.00,1.40,71.4,4023.60,4025.00,4023.60,4024.60,9,13,22,-4.00,7.00,-5.00,0.90,11.1,-30,27,0.2500,1.1667,33.00,62.00,4024.33,-0.2882,DOWN,37.05,0.5938,1.5587
20260728 235739 578,4024.60,1,4024.30,4024.60,0.30,4024.30,1,4024.20,4,4023.90,1,4023.80,6,4023.70,1,4023.30,5,4023.20,5,4023.10,5,4023.00,5,4022.90,5,4024.60,1,4024.70,2,4025.00,3,4025.10,4,4025.20,1,4025.50,8,4025.60,5,4025.70,5,4025.80,8,4025.90,6,Buy,15,20,35,-5.00,2.00,-13.00,1.40,71.4,4023.60,4025.00,4023.60,4024.60,9,13,22,-4.00,7.00,-5.00,0.90,11.1,-30,27,0.2500,1.6000,34.00,63.00,4024.33,-0.2882,DOWN,37.05,0.5938,1.5587
20260728 235739 813,4024.60,1,4024.30,4024.70,0.40,4024.30,1,4024.20,5,4023.90,1,4023.80,6,4023.70,1,4023.30,5,4023.20,5,4023.10,5,4023.00,5,4022.90,5,4024.70,2,4024.80,4,4024.90,2,4025.00,4,4025.10,4,4025.20,1,4025.50,8,4025.60,5,4025.70,5,4025.80,8,Buy,16,20,36,-4.00,2.00,-13.00,1.40,71.4,4023.60,4025.00,4023.60,4024.60,9,13,22,-4.00,7.00,-5.00,0.90,11.1,-30,27,0.2500,2.2500,35.00,64.00,4024.33,-0.2882,DOWN,37.05,0.5938,1.5587
20260728 235740 958,4024.40,1,4024.20,4024.40,0.20,4024.20,2,4024.10,3,4023.90,1,4023.80,6,4023.70,1,4023.30,5,4023.20,5,4023.10,5,4023.00,5,4022.90,5,4024.60,1,4024.70,2,4024.90,2,4025.00,3,4025.10,5,4025.20,1,4025.40,5,4025.50,8,4025.60,5,4025.70,5,Buy,17,20,37,-3.00,2.00,-13.00,1.40,57.1,4023.60,4025.00,4023.60,4024.40,9,13,22,-4.00,7.00,-5.00,0.90,11.1,-30,27,0.2500,3.3333,36.00,65.00,4024.31,-0.2946,DOWN,37.05,0.5938,1.5587
20260728 235743 616,4024.50,2,4024.50,4024.70,0.20,4024.30,3,4024.20,4,4023.80,6,4023.70,1,4023.50,5,4023.40,5,4023.30,5,4023.20,5,4023.10,5,4023.00,6,4024.70,2,4024.80,4,4025.00,2,4025.10,4,4025.20,1,4025.40,5,4025.50,8,4025.60,5,4025.70,5,4025.80,8,Sell,17,22,39,-5.00,2.00,-13.00,1.40,64.3,4023.60,4025.00,4023.60,4024.50,9,13,22,-4.00,7.00,-5.00,0.90,11.1,-30,27,0.2500,1.6000,34.00,63.00,4024.32,-0.2914,DOWN,37.05,0.5938,1.5587
20260728 235744 716,4024.50,1,4024.20,4024.60,0.40,4024.20,3,4024.10,3,4024.00,1,4023.90,2,4023.80,6,4023.70,1,4023.50,5,4023.40,5,4023.30,5,4023.20,5,4024.60,4,4024.70,2,4025.00,2,4025.10,4,4025.20,1,4025.40,6,4025.50,8,4025.60,5,4025.70,5,4025.80,8,Buy,18,22,40,-4.00,2.00,-13.00,1.40,64.3,4023.60,4025.00,4023.60,4024.50,9,13,22,-4.00,7.00,-5.00,0.90,11.1,-30,27,0.2500,2.2500,35.00,64.00,4024.32,-0.2914,DOWN,37.05,0.5938,1.5587
20260728 235744 716,4024.50,1,4024.20,4024.60,0.40,4024.20,3,4024.10,3,4024.00,1,4023.90,2,4023.80,6,4023.70,1,4023.50,5,4023.40,5,4023.30,5,4023.20,5,4024.60,4,4024.70,2,4025.00,2,4025.10,4,4025.20,1,4025.40,6,4025.50,8,4025.60,5,4025.70,5,4025.80,8,Buy,19,22,41,-3.00,2.00,-13.00,1.40,64.3,4023.60,4025.00,4023.60,4024.50,9,13,22,-4.00,7.00,-5.00,0.90,11.1,-30,27,0.2500,3.3333,36.00,65.00,4024.32,-0.2914,DOWN,37.05,0.5938,1.5587
20260728 235745 800,4024.70,1,4024.30,4024.70,0.40,4024.30,3,4024.20,4,4023.90,3,4023.80,6,4023.50,5,4023.40,5,4023.30,5,4023.20,5,4023.10,5,4023.00,6,4024.70,1,4024.80,4,4025.00,2,4025.10,4,4025.20,1,4025.40,5,4025.50,8,4025.60,5,4025.70,5,4025.80,8,Buy,20,22,42,-2.00,2.00,-13.00,1.40,78.6,4023.60,4025.00,4023.60,4024.70,9,13,22,-4.00,7.00,-5.00,0.90,11.1,-30,27,0.2500,5.5000,37.00,66.00,4024.34,-0.2851,DOWN,37.05,0.5938,1.5587
20260728 235746 121,4024.30,1,4024.30,4024.70,0.40,4024.30,1,4024.20,5,4023.90,2,4023.80,6,4023.50,5,4023.40,5,4023.30,5,4023.20,5,4023.10,5,4023.00,6,4024.70,3,4024.80,4,4025.00,2,4025.10,4,4025.20,1,4025.40,5,4025.50,8,4025.60,5,4025.70,5,4025.80,8,Sell,20,23,43,-3.00,2.00,-13.00,1.40,50.0,4023.60,4025.00,4023.60,4024.30,9,13,22,-4.00,7.00,-5.00,0.90,11.1,-30,27,0.2500,3.3333,36.00,65.00,4024.30,-0.2978,DOWN,37.05,0.5938,1.5587
20260728 235746 121,4024.30,1,4024.30,4024.70,0.40,4024.30,1,4024.20,5,4023.90,2,4023.80,6,4023.50,5,4023.40,5,4023.30,5,4023.20,5,4023.10,5,4023.00,6,4024.70,3,4024.80,4,4025.00,2,4025.10,4,4025.20,1,4025.40,5,4025.50,8,4025.60,5,4025.70,5,4025.80,8,Sell,20,24,44,-4.00,2.00,-13.00,1.40,50.0,4023.60,4025.00,4023.60,4024.30,9,13,22,-4.00,7.00,-5.00,0.90,11.1,-30,27,0.2500,2.2500,35.00,64.00,4024.30,-0.2978,DOWN,37.05,0.5938,1.5587
20260728 235748 099,4024.70,1,4024.50,4024.90,0.40,4024.50,9,4024.40,1,4023.70,5,4023.60,6,4023.50,5,4023.40,5,4023.30,5,4023.20,5,4023.10,5,4023.00,6,4024.90,2,4025.00,5,4025.10,4,4025.20,1,4025.50,3,4025.60,5,4025.70,5,4025.80,3,4025.90,5,4026.00,6,Buy,21,24,45,-3.00,2.00,-13.00,1.40,78.6,4023.60,4025.00,4023.60,4024.70,9,13,22,-4.00,7.00,-5.00,0.90,11.1,-30,27,0.2500,3.3333,36.00,65.00,4024.34,-0.2851,DOWN,37.05,0.5938,1.5587
20260728 235750 811,4025.00,1,4024.60,4025.00,0.40,4024.60,4,4024.50,9,4023.80,1,4023.70,5,4023.60,5,4023.50,5,4023.40,5,4023.30,5,4023.20,5,4023.10,5,4025.00,4,4025.10,7,4025.20,1,4025.50,3,4025.60,5,4025.70,5,4025.80,3,4025.90,5,4026.00,6,4026.10,5,Buy,22,24,46,-2.00,2.00,-13.00,1.40,100.0,4023.60,4025.00,4023.60,4025.00,9,13,22,-4.00,7.00,-5.00,0.90,11.1,-30,27,0.2500,5.5000,37.00,66.00,4024.37,-0.2755,DOWN,37.05,0.5938,1.5587
20260728 235756 412,4024.80,1,4024.80,4025.00,0.20,4024.70,1,4024.60,4,4024.50,6,4023.80,1,4023.70,5,4023.60,5,4023.50,5,4023.40,5,4023.30,5,4023.20,5,4025.00,2,4025.10,8,4025.20,7,4025.50,2,4025.60,5,4025.70,6,4025.80,8,4025.90,5,4026.00,6,4026.10,5,Sell,22,25,47,-3.00,2.00,-13.00,1.40,85.7,4023.60,4025.00,4023.60,4024.80,9,13,22,-4.00,7.00,-5.00,0.90,11.1,-30,27,0.2500,3.3333,36.00,65.00,4024.35,-0.2819,DOWN,37.05,0.5938,1.5587
20260728 235756 412,4024.70,1,4024.80,4025.00,0.20,4024.70,1,4024.60,4,4024.50,6,4023.80,1,4023.70,5,4023.60,5,4023.50,5,4023.40,5,4023.30,5,4023.20,5,4025.00,2,4025.10,8,4025.20,7,4025.50,2,4025.60,5,4025.70,6,4025.80,8,4025.90,5,4026.00,6,4026.10,5,Sell,22,26,48,-4.00,2.00,-13.00,1.40,78.6,4023.60,4025.00,4023.60,4024.70,9,13,22,-4.00,7.00,-5.00,0.90,11.1,-30,27,0.2500,2.2500,35.00,64.00,4024.34,-0.2851,DOWN,37.05,0.5938,1.5587
20260728 235800 078,4025.00,1,4025.30,4025.70,0.40,4025.30,1,4025.20,2,4024.80,2,4024.70,1,4024.50,6,4024.20,5,4024.10,5,4024.00,5,4023.90,5,4023.80,5,4025.70,4,4025.80,3,4026.00,2,4026.30,1,4026.50,5,4026.60,5,4026.70,5,4026.80,5,4026.90,5,4027.00,5,Buy,1,0,1,1.00,1.00,1.00,0.00,0.0,4025.00,4025.00,4025.00,4025.00,22,26,48,-4.00,2.00,-13.00,1.40,78.6,-6,81,2.2500,0.0000,10.00,102.00,4024.37,-0.2755,DOWN,38.00,1.2632,1.4688
20260728 235800 078,4025.00,1,4025.30,4025.70,0.40,4025.30,1,4025.20,2,4024.80,2,4024.70,1,4024.50,6,4024.20,5,4024.10,5,4024.00,5,4023.90,5,4023.80,5,4025.70,4,4025.80,3,4026.00,2,4026.30,1,4026.50,5,4026.60,5,4026.70,5,4026.80,5,4026.90,5,4027.00,5,Buy,2,0,2,2.00,2.00,1.00,0.00,0.0,4025.00,4025.00,4025.00,4025.00,22,26,48,-4.00,2.00,-13.00,1.40,78.6,-6,81,2.2500,0.0000,11.00,103.00,4024.37,-0.2755,DOWN,38.00,1.2632,1.4688
20260728 235800 080,4025.10,1,4025.30,4025.70,0.40,4025.30,1,4025.20,2,4024.80,2,4024.70,1,4024.50,6,4024.20,5,4024.10,5,4024.00,5,4023.90,5,4023.80,5,4025.70,4,4025.80,3,4026.00,2,4026.30,1,4026.50,5,4026.60,5,4026.70,5,4026.80,5,4026.90,5,4027.00,5,Buy,3,0,3,3.00,3.00,1.00,0.10,100.0,4025.00,4025.10,4025.00,4025.10,22,26,48,-4.00,2.00,-13.00,1.40,78.6,-6,81,2.2500,0.0000,12.00,104.00,4024.38,-0.2724,DOWN,38.00,1.2632,1.4760
20260728 235800 080,4025.10,1,4025.30,4025.70,0.40,4025.30,1,4025.20,2,4024.80,2,4024.70,1,4024.50,6,4024.20,5,4024.10,5,4024.00,5,4023.90,5,4023.80,5,4025.70,4,4025.80,3,4026.00,2,4026.30,1,4026.50,5,4026.60,5,4026.70,5,4026.80,5,4026.90,5,4027.00,5,Buy,4,0,4,4.00,4.00,1.00,0.10,100.0,4025.00,4025.10,4025.00,4025.10,22,26,48,-4.00,2.00,-13.00,1.40,78.6,-6,81,2.2500,0.0000,13.00,105.00,4024.38,-0.2724,DOWN,38.00,1.2632,1.4760
20260728 235800 080,4025.10,2,4025.30,4025.70,0.40,4025.30,1,4025.20,2,4024.80,2,4024.70,1,4024.50,6,4024.20,5,4024.10,5,4024.00,5,4023.90,5,4023.80,5,4025.70,4,4025.80,3,4026.00,2,4026.30,1,4026.50,5,4026.60,5,4026.70,5,4026.80,5,4026.90,5,4027.00,5,Buy,6,0,6,6.00,6.00,1.00,0.10,100.0,4025.00,4025.10,4025.00,4025.10,22,26,48,-4.00,2.00,-13.00,1.40,78.6,-6,81,2.2500,0.0000,15.00,107.00,4024.38,-0.2724,DOWN,38.00,1.2632,1.4760
20260728 235800 081,4025.20,1,4025.30,4025.70,0.40,4025.30,1,4025.20,2,4024.80,2,4024.70,1,4024.50,6,4024.20,5,4024.10,5,4024.00,5,4023.90,5,4023.80,5,4025.70,4,4025.80,3,4026.00,2,4026.30,1,4026.50,5,4026.60,5,4026.70,5,4026.80,5,4026.90,5,4027.00,5,Buy,7,0,7,7.00,7.00,1.00,0.20,100.0,4025.00,4025.20,4025.00,4025.20,22,26,48,-4.00,2.00,-13.00,1.40,78.6,-6,81,2.2500,0.0000,16.00,108.00,4024.38,-0.2692,DOWN,38.00,1.2632,1.4831
20260728 235800 081,4025.20,1,4025.30,4025.70,0.40,4025.30,1,4025.20,2,4024.80,2,4024.70,1,4024.50,6,4024.20,5,4024.10,5,4024.00,5,4023.90,5,4023.80,5,4025.70,4,4025.80,3,4026.00,2,4026.30,1,4026.50,5,4026.60,5,4026.70,5,4026.80,5,4026.90,5,4027.00,5,Buy,8,0,8,8.00,8.00,1.00,0.20,100.0,4025.00,4025.20,4025.00,4025.20,22,26,48,-4.00,2.00,-13.00,1.40,78.6,-6,81,2.2500,0.0000,17.00,109.00,4024.38,-0.2692,DOWN,38.00,1.2632,1.4831
20260728 235800 081,4025.30,1,4025.30,4025.70,0.40,4025.30,1,4025.20,2,4024.80,2,4024.70,1,4024.50,6,4024.20,5,4024.10,5,4024.00,5,4023.90,5,4023.80,5,4025.70,4,4025.80,3,4026.00,2,4026.30,1,4026.50,5,4026.60,5,4026.70,5,4026.80,5,4026.90,5,4027.00,5,Buy,9,0,9,9.00,9.00,1.00,0.30,100.0,4025.00,4025.30,4025.00,4025.30,22,26,48,-4.00,2.00,-13.00,1.40,78.6,-6,81,2.2500,0.0000,18.00,110.00,4024.39,-0.2660,DOWN,38.00,1.2632,1.4902
20260728 235800 081,4025.40,1,4025.30,4025.70,0.40,4025.30,1,4025.20,2,4024.80,2,4024.70,1,4024.50,6,4024.20,5,4024.10,5,4024.00,5,4023.90,5,4023.80,5,4025.70,4,4025.80,3,4026.00,2,4026.30,1,4026.50,5,4026.60,5,4026.70,5,4026.80,5,4026.90,5,4027.00,5,Buy,10,0,10,10.00,10.00,1.00,0.40,100.0,4025.00,4025.40,4025.00,4025.40,22,26,48,-4.00,2.00,-13.00,1.40,78.6,-6,81,2.2500,0.0000,19.00,111.00,4024.40,-0.2628,DOWN,38.00,1.2632,1.4974
20260728 235800 081,4025.40,1,4025.30,4025.70,0.40,4025.30,1,4025.20,2,4024.80,2,4024.70,1,4024.50,6,4024.20,5,4024.10,5,4024.00,5,4023.90,5,4023.80,5,4025.70,4,4025.80,3,4026.00,2,4026.30,1,4026.50,5,4026.60,5,4026.70,5,4026.80,5,4026.90,5,4027.00,5,Buy,11,0,11,11.00,11.00,1.00,0.40,100.0,4025.00,4025.40,4025.00,4025.40,22,26,48,-4.00,2.00,-13.00,1.40,78.6,-6,81,2.2500,0.0000,20.00,112.00,4024.40,-0.2628,DOWN,38.00,1.2632,1.4974
20260728 235800 086,4025.10,1,4025.30,4025.70,0.40,4025.30,1,4025.20,2,4024.80,2,4024.70,1,4024.50,6,4024.20,5,4024.10,5,4024.00,5,4023.90,5,4023.80,5,4025.70,4,4025.80,3,4026.00,2,4026.30,1,4026.50,5,4026.60,5,4026.70,5,4026.80,5,4026.90,5,4027.00,5,Sell,11,1,12,10.00,11.00,1.00,0.40,25.0,4025.00,4025.40,4025.00,4025.10,22,26,48,-4.00,2.00,-13.00,1.40,78.6,-6,81,2.2500,0.1000,19.00,111.00,4024.38,-0.2724,DOWN,38.00,1.2632,1.4974
20260728 235800 094,4025.50,1,4025.30,4025.70,0.40,4025.30,1,4025.20,2,4024.80,2,4024.70,1,4024.50,6,4024.20,5,4024.10,5,4024.00,5,4023.90,5,4023.80,5,4025.70,4,4025.80,3,4026.00,2,4026.30,1,4026.50,5,4026.60,5,4026.70,5,4026.80,5,4026.90,5,4027.00,5,Buy,12,1,13,11.00,11.00,1.00,0.50,100.0,4025.00,4025.50,4025.00,4025.50,22,26,48,-4.00,2.00,-13.00,1.40,78.6,-6,81,2.2500,0.0000,20.00,112.00,4024.41,-0.2597,DOWN,38.00,1.2632,1.5045
20260728 235800 096,4025.20,1,4025.30,4025.70,0.40,4025.30,1,4025.20,2,4024.80,2,4024.70,1,4024.50,6,4024.20,5,4024.10,5,4024.00,5,4023.90,5,4023.80,5,4025.70,4,4025.80,3,4026.00,2,4026.30,1,4026.50,5,4026.60,5,4026.70,5,4026.80,5,4026.90,5,4027.00,5,Sell,12,2,14,10.00,11.00,1.00,0.50,40.0,4025.00,4025.50,4025.00,4025.20,22,26,48,-4.00,2.00,-13.00,1.40,78.6,-6,81,2.2500,0.1000,19.00,111.00,4024.38,-0.2692,DOWN,38.00,1.2632,1.5045
20260728 235800 115,4025.50,1,4025.30,4025.70,0.40,4025.30,1,4025.20,2,4024.80,2,4024.70,1,4024.50,6,4024.20,5,4024.10,5,4024.00,5,4023.90,5,4023.80,5,4025.70,4,4025.80,3,4026.00,2,4026.30,1,4026.50,5,4026.60,5,4026.70,5,4026.80,5,4026.90,5,4027.00,5,Buy,13,2,15,11.00,11.00,1.00,0.50,100.0,4025.00,4025.50,4025.00,4025.50,22,26,48,-4.00,2.00,-13.00,1.40,78.6,-6,81,2.2500,0.0000,20.00,112.00,4024.41,-0.2597,DOWN,38.00,1.2632,1.5045
20260728 235800 115,4025.60,1,4025.30,4025.70,0.40,4025.30,1,4025.20,2,4024.80,2,4024.70,1,4024.50,6,4024.20,5,4024.10,5,4024.00,5,4023.90,5,4023.80,5,4025.70,4,4025.80,3,4026.00,2,4026.30,1,4026.50,5,4026.60,5,4026.70,5,4026.80,5,4026.90,5,4027.00,5,Buy,14,2,16,12.00,12.00,1.00,0.60,100.0,4025.00,4025.60,4025.00,4025.60,22,26,48,-4.00,2.00,-13.00,1.40,78.6,-6,81,2.2500,0.0000,21.00,113.00,4024.42,-0.2565,DOWN,38.00,1.2632,1.5117
20260728 235800 115,4025.60,1,4025.30,4025.70,0.40,4025.30,1,4025.20,2,4024.80,2,4024.70,1,4024.50,6,4024.20,5,4024.10,5,4024.00,5,4023.90,5,4023.80,5,4025.70,4,4025.80,3,4026.00,2,4026.30,1,4026.50,5,4026.60,5,4026.70,5,4026.80,5,4026.90,5,4027.00,5,Buy,15,2,17,13.00,13.00,1.00,0.60,100.0,4025.00,4025.60,4025.00,4025.60,22,26,48,-4.00,2.00,-13.00,1.40,78.6,-6,81,2.2500,0.0000,22.00,114.00,4024.42,-0.2565,DOWN,38.00,1.2632,1.5117
20260728 235800 115,4025.60,1,4025.30,4025.70,0.40,4025.30,1,4025.20,2,4024.80,2,4024.70,1,4024.50,6,4024.20,5,4024.10,5,4024.00,5,4023.90,5,4023.80,5,4025.70,4,4025.80,3,4026.00,2,4026.30,1,4026.50,5,4026.60,5,4026.70,5,4026.80,5,4026.90,5,4027.00,5,Buy,16,2,18,14.00,14.00,1.00,0.60,100.0,4025.00,4025.60,4025.00,4025.60,22,26,48,-4.00,2.00,-13.00,1.40,78.6,-6,81,2.2500,0.0000,23.00,115.00,4024.42,-0.2565,DOWN,38.00,1.2632,1.5117
20260728 235800 115,4025.70,1,4025.30,4025.70,0.40,4025.30,1,4025.20,2,4024.80,2,4024.70,1,4024.50,6,4024.20,5,4024.10,5,4024.00,5,4023.90,5,4023.80,5,4025.70,4,4025.80,3,4026.00,2,4026.30,1,4026.50,5,4026.60,5,4026.70,5,4026.80,5,4026.90,5,4027.00,5,Buy,17,2,19,15.00,15.00,1.00,0.70,100.0,4025.00,4025.70,4025.00,4025.70,22,26,48,-4.00,2.00,-13.00,1.40,78.6,-6,81,2.2500,0.0000,24.00,116.00,4024.43,-0.2533,DOWN,38.00,1.2632,1.5188
20260728 235800 115,4025.70,1,4025.30,4025.70,0.40,4025.30,1,4025.20,2,4024.80,2,4024.70,1,4024.50,6,4024.20,5,4024.10,5,4024.00,5,4023.90,5,4023.80,5,4025.70,4,4025.80,3,4026.00,2,4026.30,1,4026.50,5,4026.60,5,4026.70,5,4026.80,5,4026.90,5,4027.00,5,Buy,18,2,20,16.00,16.00,1.00,0.70,100.0,4025.00,4025.70,4025.00,4025.70,22,26,48,-4.00,2.00,-13.00,1.40,78.6,-6,81,2.2500,0.0000,25.00,117.00,4024.43,-0.2533,DOWN,38.00,1.2632,1.5188
20260728 235800 115,4025.70,1,4025.30,4025.70,0.40,4025.30,1,4025.20,2,4024.80,2,4024.70,1,4024.50,6,4024.20,5,4024.10,5,4024.00,5,4023.90,5,4023.80,5,4025.70,4,4025.80,3,4026.00,2,4026.30,1,4026.50,5,4026.60,5,4026.70,5,4026.80,5,4026.90,5,4027.00,5,Buy,19,2,21,17.00,17.00,1.00,0.70,100.0,4025.00,4025.70,4025.00,4025.70,22,26,48,-4.00,2.00,-13.00,1.40,78.6,-6,81,2.2500,0.0000,26.00,118.00,4024.43,-0.2533,DOWN,38.00,1.2632,1.5188
20260728 235800 115,4025.80,1,4025.30,4025.70,0.40,4025.30,1,4025.20,2,4024.80,2,4024.70,1,4024.50,6,4024.20,5,4024.10,5,4024.00,5,4023.90,5,4023.80,5,4025.70,4,4025.80,3,4026.00,2,4026.30,1,4026.50,5,4026.60,5,4026.70,5,4026.80,5,4026.90,5,4027.00,5,Buy,20,2,22,18.00,18.00,1.00,0.80,100.0,4025.00,4025.80,4025.00,4025.80,22,26,48,-4.00,2.00,-13.00,1.40,78.6,-6,81,2.2500,0.0000,27.00,119.00,4024.44,-0.2501,DOWN,38.00,1.2632,1.5260
20260728 235800 119,4025.80,1,4025.30,4025.70,0.40,4025.30,1,4025.20,2,4024.80,2,4024.70,1,4024.50,6,4024.20,5,4024.10,5,4024.00,5,4023.90,5,4023.80,5,4025.70,4,4025.80,3,4026.00,2,4026.30,1,4026.50,5,4026.60,5,4026.70,5,4026.80,5,4026.90,5,4027.00,5,Buy,21,2,23,19.00,19.00,1.00,0.80,100.0,4025.00,4025.80,4025.00,4025.80,22,26,48,-4.00,2.00,-13.00,1.40,78.6,-6,81,2.2500,0.0000,28.00,120.00,4024.44,-0.2501,DOWN,38.00,1.2632,1.5260
20260728 235800 119,4025.80,1,4025.30,4025.70,0.40,4025.30,1,4025.20,2,4024.80,2,4024.70,1,4024.50,6,4024.20,5,4024.10,5,4024.00,5,4023.90,5,4023.80,5,4025.70,4,4025.80,3,4026.00,2,4026.30,1,4026.50,5,4026.60,5,4026.70,5,4026.80,5,4026.90,5,4027.00,5,Buy,22,2,24,20.00,20.00,1.00,0.80,100.0,4025.00,4025.80,4025.00,4025.80,22,26,48,-4.00,2.00,-13.00,1.40,78.6,-6,81,2.2500,0.0000,29.00,121.00,4024.44,-0.2501,DOWN,38.00,1.2632,1.5260
20260728 235800 132,4025.50,1,4025.30,4025.60,0.30,4025.30,1,4025.20,2,4024.90,1,4024.80,1,4024.70,1,4024.50,6,4024.20,5,4024.00,5,4023.90,5,4023.80,5,4025.60,1,4025.70,4,4026.00,2,4026.30,1,4026.50,5,4026.60,5,4026.70,5,4026.80,5,4026.90,5,4027.00,5,Sell,22,3,25,19.00,20.00,1.00,0.80,62.5,4025.00,4025.80,4025.00,4025.50,22,26,48,-4.00,2.00,-13.00,1.40,78.6,-6,81,2.2500,0.0526,28.00,120.00,4024.41,-0.2597,DOWN,38.00,1.2632,1.5260
20260728 235800 132,4025.50,1,4025.30,4025.60,0.30,4025.30,1,4025.20,2,4024.90,1,4024.80,1,4024.70,1,4024.50,6,4024.20,5,4024.00,5,4023.90,5,4023.80,5,4025.60,1,4025.70,4,4026.00,2,4026.30,1,4026.50,5,4026.60,5,4026.70,5,4026.80,5,4026.90,5,4027.00,5,Sell,22,4,26,18.00,20.00,1.00,0.80,62.5,4025.00,4025.80,4025.00,4025.50,22,26,48,-4.00,2.00,-13.00,1.40,78.6,-6,81,2.2500,0.1111,27.00,119.00,4024.41,-0.2597,DOWN,38.00,1.2632,1.5260
20260728 235800 737,4026.00,1,4025.50,4026.10,0.60,4025.50,3,4025.40,2,4024.90,2,4024.80,3,4024.70,1,4024.50,6,4024.40,5,4024.30,5,4024.20,5,4024.10,5,4026.10,6,4026.20,6,4026.30,1,4026.50,5,4026.60,5,4026.70,5,4026.80,5,4026.90,5,4027.00,5,4027.10,5,Buy,23,4,27,19.00,20.00,1.00,1.00,100.0,4025.00,4026.00,4025.00,4026.00,22,26,48,-4.00,2.00,-13.00,1.40,78.6,-6,81,2.2500,0.0526,28.00,120.00,4024.46,-0.2438,DOWN,38.00,1.2632,1.5402
20260728 235800 737,4026.00,1,4025.50,4026.10,0.60,4025.50,3,4025.40,2,4024.90,2,4024.80,3,4024.70,1,4024.50,6,4024.40,5,4024.30,5,4024.20,5,4024.10,5,4026.10,6,4026.20,6,4026.30,1,4026.50,5,4026.60,5,4026.70,5,4026.80,5,4026.90,5,4027.00,5,4027.10,5,Buy,24,4,28,20.00,20.00,1.00,1.00,100.0,4025.00,4026.00,4025.00,4026.00,22,26,48,-4.00,2.00,-13.00,1.40,78.6,-6,81,2.2500,0.0000,29.00,121.00,4024.46,-0.2438,DOWN,38.00,1.2632,1.5402
20260728 235802 567,4025.60,1,4025.40,4025.70,0.30,4025.40,1,4025.30,3,4025.00,1,4024.90,1,4024.80,3,4024.70,1,4024.50,11,4024.40,5,4024.30,5,4024.20,5,4025.70,3,4025.80,4,4026.00,1,4026.10,1,4026.30,2,4026.50,5,4026.60,5,4026.70,5,4026.80,5,4026.90,5,Buy,25,4,29,21.00,21.00,1.00,1.00,60.0,4025.00,4026.00,4025.00,4025.60,22,26,48,-4.00,2.00,-13.00,1.40,78.6,-6,81,2.2500,0.0000,30.00,122.00,4024.42,-0.2565,DOWN,38.00,1.2632,1.5402
20260728 235802 567,4025.60,1,4025.40,4025.70,0.30,4025.40,1,4025.30,3,4025.00,1,4024.90,1,4024.80,3,4024.70,1,4024.50,11,4024.40,5,4024.30,5,4024.20,5,4025.70,3,4025.80,4,4026.00,1,4026.10,1,4026.30,2,4026.50,5,4026.60,5,4026.70,5,4026.80,5,4026.90,5,Buy,26,4,30,22.00,22.00,1.00,1.00,60.0,4025.00,4026.00,4025.00,4025.60,22,26,48,-4.00,2.00,-13.00,1.40,78.6,-6,81,2.2500,0.0000,31.00,123.00,4024.42,-0.2565,DOWN,38.00,1.2632,1.5402
20260728 235802 567,4025.70,1,4025.40,4025.70,0.30,4025.40,1,4025.30,3,4025.00,1,4024.90,1,4024.80,3,4024.70,1,4024.50,11,4024.40,5,4024.30,5,4024.20,5,4025.70,3,4025.80,4,4026.00,1,4026.10,1,4026.30,2,4026.50,5,4026.60,5,4026.70,5,4026.80,5,4026.90,5,Buy,27,4,31,23.00,23.00,1.00,1.00,70.0,4025.00,4026.00,4025.00,4025.70,22,26,48,-4.00,2.00,-13.00,1.40,78.6,-6,81,2.2500,0.0000,32.00,124.00,4024.43,-0.2533,DOWN,38.00,1.2632,1.5402
20260728 235802 567,4025.70,1,4025.40,4025.70,0.30,4025.40,1,4025.30,3,4025.00,1,4024.90,1,4024.80,3,4024.70,1,4024.50,11,4024.40,5,4024.30,5,4024.20,5,4025.70,3,4025.80,4,4026.00,1,4026.10,1,4026.30,2,4026.50,5,4026.60,5,4026.70,5,4026.80,5,4026.90,5,Buy,28,4,32,24.00,24.00,1.00,1.00,70.0,4025.00,4026.00,4025.00,4025.70,22,26,48,-4.00,2.00,-13.00,1.40,78.6,-6,81,2.2500,0.0000,33.00,125.00,4024.43,-0.2533,DOWN,38.00,1.2632,1.5402
20260728 235802 567,4025.80,1,4025.40,4025.70,0.30,4025.40,1,4025.30,3,4025.00,1,4024.90,1,4024.80,3,4024.70,1,4024.50,11,4024.40,5,4024.30,5,4024.20,5,4025.70,3,4025.80,4,4026.00,1,4026.10,1,4026.30,2,4026.50,5,4026.60,5,4026.70,5,4026.80,5,4026.90,5,Buy,29,4,33,25.00,25.00,1.00,1.00,80.0,4025.00,4026.00,4025.00,4025.80,22,26,48,-4.00,2.00,-13.00,1.40,78.6,-6,81,2.2500,0.0000,34.00,126.00,4024.44,-0.2501,DOWN,38.00,1.2632,1.5402
20260728 235803 517,4025.70,1,4025.30,4025.70,0.40,4025.30,2,4025.20,1,4025.00,1,4024.90,1,4024.80,3,4024.70,1,4024.50,11,4024.40,5,4024.30,5,4024.20,5,4025.70,2,4025.80,4,4026.00,1,4026.10,1,4026.30,2,4026.50,5,4026.60,5,4026.70,5,4026.80,5,4026.90,5,Buy,30,4,34,26.00,26.00,1.00,1.00,70.0,4025.00,4026.00,4025.00,4025.70,22,26,48,-4.00,2.00,-13.00,1.40,78.6,-6,81,2.2500,0.0000,35.00,127.00,4024.43,-0.2533,DOWN,38.00,1.2632,1.5402
20260728 235803 789,4025.80,1,4025.40,4025.80,0.40,4025.40,1,4025.30,3,4025.00,1,4024.90,3,4024.80,1,4024.70,1,4024.50,11,4024.40,5,4024.30,5,4024.20,5,4025.80,6,4025.90,5,4026.30,2,4026.40,2,4026.50,5,4026.60,5,4026.70,6,4026.80,5,4026.90,5,4027.00,5,Buy,31,4,35,27.00,27.00,1.00,1.00,80.0,4025.00,4026.00,4025.00,4025.80,22,26,48,-4.00,2.00,-13.00,1.40,78.6,-6,81,2.2500,0.0000,36.00,128.00,4024.44,-0.2501,DOWN,38.00,1.2632,1.5402
20260728 235810 337,4025.70,1,4025.60,4026.00,0.40,4025.60,3,4025.50,3,4024.90,3,4024.80,3,4024.70,1,4024.60,5,4024.50,11,4024.40,5,4024.30,5,4024.20,5,4026.00,3,4026.10,3,4026.30,1,4026.60,1,4026.70,1,4026.80,5,4026.90,5,4027.00,5,4027.10,5,4027.20,5,Sell,31,5,36,26.00,27.00,1.00,1.00,70.0,4025.00,4026.00,4025.00,4025.70,22,26,48,-4.00,2.00,-13.00,1.40,78.6,-6,81,2.2500,0.0385,35.00,127.00,4024.43,-0.2533,DOWN,38.00,1.2632,1.5402
20260728 235813 122,4025.60,1,4025.60,4025.80,0.20,4025.60,1,4025.50,3,4025.10,1,4025.00,2,4024.90,1,4024.80,1,4024.70,1,4024.60,5,4024.50,11,4024.40,5,4025.80,1,4025.90,3,4026.30,1,4026.70,6,4026.80,5,4026.90,5,4027.00,5,4027.10,5,4027.20,5,4027.30,5,Sell,31,6,37,25.00,27.00,1.00,1.00,60.0,4025.00,4026.00,4025.00,4025.60,22,26,48,-4.00,2.00,-13.00,1.40,78.6,-6,81,2.2500,0.0800,34.00,126.00,4024.42,-0.2565,DOWN,38.00,1.2632,1.5402
20260728 235813 345,4025.80,1,4025.60,4025.90,0.30,4025.60,1,4025.50,2,4025.10,1,4025.00,2,4024.90,1,4024.80,1,4024.70,1,4024.60,5,4024.50,11,4024.40,5,4025.90,3,4026.00,4,4026.30,1,4026.70,1,4026.80,5,4026.90,5,4027.00,5,4027.10,5,4027.20,5,4027.30,5,Buy,32,6,38,26.00,27.00,1.00,1.00,80.0,4025.00,4026.00,4025.00,4025.80,22,26,48,-4.00,2.00,-13.00,1.40,78.6,-6,81,2.2500,0.0385,35.00,127.00,4024.44,-0.2501,DOWN,38.00,1.2632,1.5402
20260728 235816 603,4025.40,1,4025.40,4025.70,0.30,4025.40,1,4025.30,3,4025.10,2,4025.00,2,4024.90,1,4024.80,1,4024.70,1,4024.60,5,4024.50,11,4024.40,5,4025.70,2,4025.80,2,4026.30,1,4026.70,1,4026.80,5,4026.90,5,4027.00,5,4027.10,5,4027.20,5,4027.30,5,Sell,32,7,39,25.00,27.00,1.00,1.00,40.0,4025.00,4026.00,4025.00,4025.40,22,26,48,-4.00,2.00,-13.00,1.40,78.6,-6,81,2.2500,0.0800,34.00,126.00,4024.40,-0.2628,DOWN,38.00,1.2632,1.5402
20260728 235816 603,4025.40,1,4025.40,4025.70,0.30,4025.40,1,4025.30,3,4025.10,2,4025.00,2,4024.90,1,4024.80,1,4024.70,1,4024.60,5,4024.50,11,4024.40,5,4025.70,2,4025.80,2,4026.30,1,4026.70,1,4026.80,5,4026.90,5,4027.00,5,4027.10,5,4027.20,5,4027.30,5,Sell,32,8,40,24.00,27.00,1.00,1.00,40.0,4025.00,4026.00,4025.00,4025.40,22,26,48,-4.00,2.00,-13.00,1.40,78.6,-6,81,2.2500,0.1250,33.00,125.00,4024.40,-0.2628,DOWN,38.00,1.2632,1.5402
20260728 235817 145,4025.70,1,4025.30,4025.70,0.40,4025.30,3,4025.20,2,4025.10,1,4025.00,1,4024.90,1,4024.80,1,4024.70,1,4024.60,5,4024.50,11,4024.40,5,4025.70,1,4025.80,2,4026.30,1,4026.70,1,4026.80,5,4026.90,5,4027.00,5,4027.10,5,4027.20,5,4027.30,5,Buy,33,8,41,25.00,27.00,1.00,1.00,70.0,4025.00,4026.00,4025.00,4025.70,22,26,48,-4.00,2.00,-13.00,1.40,78.6,-6,81,2.2500,0.0800,34.00,126.00,4024.43,-0.2533,DOWN,38.00,1.2632,1.5402
20260728 235819 819,4025.60,1,4025.30,4025.60,0.30,4025.30,1,4025.20,2,4025.10,1,4025.00,7,4024.80,1,4024.70,1,4024.60,5,4024.50,5,4024.40,5,4024.30,5,4025.60,1,4025.70,5,4026.30,1,4026.70,1,4026.80,5,4026.90,5,4027.00,5,4027.10,5,4027.20,5,4027.30,5,Buy,34,8,42,26.00,27.00,1.00,1.00,60.0,4025.00,4026.00,4025.00,4025.60,22,26,48,-4.00,2.00,-13.00,1.40,78.6,-6,81,2.2500,0.0385,35.00,127.00,4024.42,-0.2565,DOWN,38.00,1.2632,1.5402
20260728 235821 003,4025.10,2,4024.90,4025.20,0.30,4024.90,1,4024.80,3,4024.20,6,4024.10,2,4023.20,1,4023.10,1,4023.00,1,4022.90,34,4022.80,1,4022.50,1,4025.20,1,4025.30,3,4026.30,1,4026.40,6,4026.50,5,4026.60,6,4026.70,6,4026.80,6,4026.90,5,4027.00,5,Sell,34,10,44,24.00,27.00,1.00,1.00,10.0,4025.00,4026.00,4025.00,4025.10,22,26,48,-4.00,2.00,-13.00,1.40,78.6,-6,81,2.2500,0.1250,33.00,125.00,4024.38,-0.2724,DOWN,38.00,1.2632,1.5402
20260728 235821 003,4025.10,1,4024.90,4025.20,0.30,4024.90,1,4024.80,3,4024.20,6,4024.10,2,4023.20,1,4023.10,1,4023.00,1,4022.90,34,4022.80,1,4022.50,1,4025.20,1,4025.30,3,4026.30,1,4026.40,6,4026.50,5,4026.60,6,4026.70,6,4026.80,6,4026.90,5,4027.00,5,Sell,34,11,45,23.00,27.00,1.00,1.00,10.0,4025.00,4026.00,4025.00,4025.10,22,26,48,-4.00,2.00,-13.00,1.40,78.6,-6,81,2.2500,0.1739,32.00,124.00,4024.38,-0.2724,DOWN,38.00,1.2632,1.5402
20260728 235821 003,4025.00,1,4024.90,4025.20,0.30,4024.90,1,4024.80,3,4024.20,6,4024.10,2,4023.20,1,4023.10,1,4023.00,1,4022.90,34,4022.80,1,4022.50,1,4025.20,1,4025.30,3,4026.30,1,4026.40,6,4026.50,5,4026.60,6,4026.70,6,4026.80,6,4026.90,5,4027.00,5,Sell,34,12,46,22.00,27.00,1.00,1.00,0.0,4025.00,4026.00,4025.00,4025.00,22,26,48,-4.00,2.00,-13.00,1.40,78.6,-6,81,2.2500,0.2273,31.00,123.00,4024.37,-0.2755,DOWN,38.00,1.2632,1.5402
20260728 235821 003,4025.00,1,4024.90,4025.20,0.30,4024.90,1,4024.80,3,4024.20,6,4024.10,2,4023.20,1,4023.10,1,4023.00,1,4022.90,34,4022.80,1,4022.50,1,4025.20,1,4025.30,3,4026.30,1,4026.40,6,4026.50,5,4026.60,6,4026.70,6,4026.80,6,4026.90,5,4027.00,5,Sell,34,13,47,21.00,27.00,1.00,1.00,0.0,4025.00,4026.00,4025.00,4025.00,22,26,48,-4.00,2.00,-13.00,1.40,78.6,-6,81,2.2500,0.2857,30.00,122.00,4024.37,-0.2755,DOWN,38.00,1.2632,1.5402
20260728 235821 003,4025.00,5,4024.90,4025.20,0.30,4024.90,1,4024.80,3,4024.20,6,4024.10,2,4023.20,1,4023.10,1,4023.00,1,4022.90,34,4022.80,1,4022.50,1,4025.20,1,4025.30,3,4026.30,1,4026.40,6,4026.50,5,4026.60,6,4026.70,6,4026.80,6,4026.90,5,4027.00,5,Sell,34,18,52,16.00,27.00,1.00,1.00,0.0,4025.00,4026.00,4025.00,4025.00,22,26,48,-4.00,2.00,-13.00,1.40,78.6,-6,81,2.2500,0.6875,25.00,117.00,4024.37,-0.2755,DOWN,38.00,1.2632,1.5402
20260728 235821 003,4025.00,1,4024.90,4025.20,0.30,4024.90,1,4024.80,3,4024.20,6,4024.10,2,4023.20,1,4023.10,1,4023.00,1,4022.90,34,4022.80,1,4022.50,1,4025.20,1,4025.30,3,4026.30,1,4026.40,6,4026.50,5,4026.60,6,4026.70,6,4026.80,6,4026.90,5,4027.00,5,Sell,34,19,53,15.00,27.00,1.00,1.00,0.0,4025.00,4026.00,4025.00,4025.00,22,26,48,-4.00,2.00,-13.00,1.40,78.6,-6,81,2.2500,0.8000,24.00,116.00,4024.37,-0.2755,DOWN,38.00,1.2632,1.5402
20260728 235821 003,4025.00,1,4024.90,4025.20,0.30,4024.90,1,4024.80,3,4024.20,6,4024.10,2,4023.20,1,4023.10,1,4023.00,1,4022.90,34,4022.80,1,4022.50,1,4025.20,1,4025.30,3,4026.30,1,4026.40,6,4026.50,5,4026.60,6,4026.70,6,4026.80,6,4026.90,5,4027.00,5,Sell,34,20,54,14.00,27.00,1.00,1.00,0.0,4025.00,4026.00,4025.00,4025.00,22,26,48,-4.00,2.00,-13.00,1.40,78.6,-6,81,2.2500,0.9286,23.00,115.00,4024.37,-0.2755,DOWN,38.00,1.2632,1.5402
20260728 235822 109,4025.20,1,4024.90,4025.20,0.30,4024.90,2,4024.80,3,4024.30,1,4024.20,6,4024.10,7,4024.00,5,4023.90,5,4023.80,5,4023.70,5,4023.60,5,4025.30,2,4025.40,6,4026.30,1,4026.40,6,4026.50,5,4026.60,6,4026.70,6,4026.80,6,4026.90,5,4027.00,5,Buy,35,20,55,15.00,27.00,1.00,1.00,20.0,4025.00,4026.00,4025.00,4025.20,22,26,48,-4.00,2.00,-13.00,1.40,78.6,-6,81,2.2500,0.8000,24.00,116.00,4024.38,-0.2692,DOWN,38.00,1.2632,1.5402
20260728 235822 461,4025.30,1,4024.90,4025.20,0.30,4024.90,2,4024.80,3,4024.50,1,4024.40,1,4024.30,5,4024.20,6,4024.10,7,4024.00,5,4023.90,5,4023.80,5,4025.20,1,4025.30,3,4026.30,2,4026.40,5,4026.50,5,4026.60,6,4026.70,6,4026.80,5,4026.90,6,4027.00,5,Buy,36,20,56,16.00,27.00,1.00,1.00,30.0,4025.00,4026.00,4025.00,4025.30,22,26,48,-4.00,2.00,-13.00,1.40,78.6,-6,81,2.2500,0.6875,25.00,117.00,4024.39,-0.2660,DOWN,38.00,1.2632,1.5402
20260728 235822 461,4025.40,1,4024.90,4025.20,0.30,4024.90,2,4024.80,3,4024.50,1,4024.40,1,4024.30,5,4024.20,6,4024.10,7,4024.00,5,4023.90,5,4023.80,5,4025.20,1,4025.30,3,4026.30,2,4026.40,5,4026.50,5,4026.60,6,4026.70,6,4026.80,5,4026.90,6,4027.00,5,Buy,37,20,57,17.00,27.00,1.00,1.00,40.0,4025.00,4026.00,4025.00,4025.40,22,26,48,-4.00,2.00,-13.00,1.40,78.6,-6,81,2.2500,0.5882,26.00,118.00,4024.40,-0.2628,DOWN,38.00,1.2632,1.5402
20260728 235822 461,4025.40,1,4024.90,4025.20,0.30,4024.90,2,4024.80,3,4024.50,1,4024.40,1,4024.30,5,4024.20,6,4024.10,7,4024.00,5,4023.90,5,4023.80,5,4025.20,1,4025.30,3,4026.30,2,4026.40,5,4026.50,5,4026.60,6,4026.70,6,4026.80,5,4026.90,6,4027.00,5,Buy,38,20,58,18.00,27.00,1.00,1.00,40.0,4025.00,4026.00,4025.00,4025.40,22,26,48,-4.00,2.00,-13.00,1.40,78.6,-6,81,2.2500,0.5000,27.00,119.00,4024.40,-0.2628,DOWN,38.00,1.2632,1.5402
20260728 235822 461,4025.40,1,4024.90,4025.20,0.30,4024.90,2,4024.80,3,4024.50,1,4024.40,1,4024.30,5,4024.20,6,4024.10,7,4024.00,5,4023.90,5,4023.80,5,4025.20,1,4025.30,3,4026.30,2,4026.40,5,4026.50,5,4026.60,6,4026.70,6,4026.80,5,4026.90,6,4027.00,5,Buy,39,20,59,19.00,27.00,1.00,1.00,40.0,4025.00,4026.00,4025.00,4025.40,22,26,48,-4.00,2.00,-13.00,1.40,78.6,-6,81,2.2500,0.4211,28.00,120.00,4024.40,-0.2628,DOWN,38.00,1.2632,1.5402
20260728 235822 461,4025.40,1,4024.90,4025.20,0.30,4024.90,2,4024.80,3,4024.50,1,4024.40,1,4024.30,5,4024.20,6,4024.10,7,4024.00,5,4023.90,5,4023.80,5,4025.20,1,4025.30,3,4026.30,2,4026.40,5,4026.50,5,4026.60,6,4026.70,6,4026.80,5,4026.90,6,4027.00,5,Buy,40,20,60,20.00,27.00,1.00,1.00,40.0,4025.00,4026.00,4025.00,4025.40,22,26,48,-4.00,2.00,-13.00,1.40,78.6,-6,81,2.2500,0.3500,29.00,121.00,4024.40,-0.2628,DOWN,38.00,1.2632,1.5402
20260728 235822 461,4025.50,1,4024.90,4025.20,0.30,4024.90,2,4024.80,3,4024.50,1,4024.40,1,4024.30,5,4024.20,6,4024.10,7,4024.00,5,4023.90,5,4023.80,5,4025.20,1,4025.30,3,4026.30,2,4026.40,5,4026.50,5,4026.60,6,4026.70,6,4026.80,5,4026.90,6,4027.00,5,Buy,41,20,61,21.00,27.00,1.00,1.00,50.0,4025.00,4026.00,4025.00,4025.50,22,26,48,-4.00,2.00,-13.00,1.40,78.6,-6,81,2.2500,0.2857,30.00,122.00,4024.41,-0.2597,DOWN,38.00,1.2632,1.5402
20260728 235822 461,4025.50,1,4024.90,4025.20,0.30,4024.90,2,4024.80,3,4024.50,1,4024.40,1,4024.30,5,4024.20,6,4024.10,7,4024.00,5,4023.90,5,4023.80,5,4025.20,1,4025.30,3,4026.30,2,4026.40,5,4026.50,5,4026.60,6,4026.70,6,4026.80,5,4026.90,6,4027.00,5,Buy,42,20,62,22.00,27.00,1.00,1.00,50.0,4025.00,4026.00,4025.00,4025.50,22,26,48,-4.00,2.00,-13.00,1.40,78.6,-6,81,2.2500,0.2273,31.00,123.00,4024.41,-0.2597,DOWN,38.00,1.2632,1.5402
20260728 235822 461,4025.50,1,4024.90,4025.20,0.30,4024.90,2,4024.80,3,4024.50,1,4024.40,1,4024.30,5,4024.20,6,4024.10,7,4024.00,5,4023.90,5,4023.80,5,4025.20,1,4025.30,3,4026.30,2,4026.40,5,4026.50,5,4026.60,6,4026.70,6,4026.80,5,4026.90,6,4027.00,5,Buy,43,20,63,23.00,27.00,1.00,1.00,50.0,4025.00,4026.00,4025.00,4025.50,22,26,48,-4.00,2.00,-13.00,1.40,78.6,-6,81,2.2500,0.1739,32.00,124.00,4024.41,-0.2597,DOWN,38.00,1.2632,1.5402
20260728 235822 461,4025.60,1,4024.90,4025.20,0.30,4024.90,2,4024.80,3,4024.50,1,4024.40,1,4024.30,5,4024.20,6,4024.10,7,4024.00,5,4023.90,5,4023.80,5,4025.20,1,4025.30,3,4026.30,2,4026.40,5,4026.50,5,4026.60,6,4026.70,6,4026.80,5,4026.90,6,4027.00,5,Buy,44,20,64,24.00,27.00,1.00,1.00,60.0,4025.00,4026.00,4025.00,4025.60,22,26,48,-4.00,2.00,-13.00,1.40,78.6,-6,81,2.2500,0.1250,33.00,125.00,4024.42,-0.2565,DOWN,38.00,1.2632,1.5402
20260728 235822 461,4025.60,1,4024.90,4025.20,0.30,4024.90,2,4024.80,3,4024.50,1,4024.40,1,4024.30,5,4024.20,6,4024.10,7,4024.00,5,4023.90,5,4023.80,5,4025.20,1,4025.30,3,4026.30,2,4026.40,5,4026.50,5,4026.60,6,4026.70,6,4026.80,5,4026.90,6,4027.00,5,Buy,45,20,65,25.00,27.00,1.00,1.00,60.0,4025.00,4026.00,4025.00,4025.60,22,26,48,-4.00,2.00,-13.00,1.40,78.6,-6,81,2.2500,0.0800,34.00,126.00,4024.42,-0.2565,DOWN,38.00,1.2632,1.5402
20260728 235822 461,4025.60,1,4024.90,4025.20,0.30,4024.90,2,4024.80,3,4024.50,1,4024.40,1,4024.30,5,4024.20,6,4024.10,7,4024.00,5,4023.90,5,4023.80,5,4025.20,1,4025.30,3,4026.30,2,4026.40,5,4026.50,5,4026.60,6,4026.70,6,4026.80,5,4026.90,6,4027.00,5,Buy,46,20,66,26.00,27.00,1.00,1.00,60.0,4025.00,4026.00,4025.00,4025.60,22,26,48,-4.00,2.00,-13.00,1.40,78.6,-6,81,2.2500,0.0385,35.00,127.00,4024.42,-0.2565,DOWN,38.00,1.2632,1.5402
20260728 235822 461,4025.60,1,4024.90,4025.20,0.30,4024.90,2,4024.80,3,4024.50,1,4024.40,1,4024.30,5,4024.20,6,4024.10,7,4024.00,5,4023.90,5,4023.80,5,4025.20,1,4025.30,3,4026.30,2,4026.40,5,4026.50,5,4026.60,6,4026.70,6,4026.80,5,4026.90,6,4027.00,5,Buy,47,20,67,27.00,27.00,1.00,1.00,60.0,4025.00,4026.00,4025.00,4025.60,22,26,48,-4.00,2.00,-13.00,1.40,78.6,-6,81,2.2500,0.0000,36.00,128.00,4024.42,-0.2565,DOWN,38.00,1.2632,1.5402
20260728 235828 674,4024.90,1,4024.70,4025.10,0.40,4024.70,3,4024.60,3,4024.20,6,4024.10,7,4024.00,5,4023.90,5,4023.80,5,4023.70,5,4023.60,5,4023.50,5,4025.10,3,4025.20,4,4026.00,6,4026.10,9,4026.20,5,4026.30,6,4026.40,5,4026.50,5,4026.60,6,4026.70,5,Sell,47,21,68,26.00,27.00,1.00,1.10,9.1,4025.00,4026.00,4024.90,4024.90,22,26,48,-4.00,2.00,-13.00,1.40,78.6,-6,81,2.2500,0.0385,35.00,127.00,4024.36,-0.2787,DOWN,38.00,1.2632,1.5402
20260728 235828 674,4024.90,1,4024.70,4025.10,0.40,4024.70,3,4024.60,3,4024.20,6,4024.10,7,4024.00,5,4023.90,5,4023.80,5,4023.70,5,4023.60,5,4023.50,5,4025.10,3,4025.20,4,4026.00,6,4026.10,9,4026.20,5,4026.30,6,4026.40,5,4026.50,5,4026.60,6,4026.70,5,Sell,47,22,69,25.00,27.00,1.00,1.10,9.1,4025.00,4026.00,4024.90,4024.90,22,26,48,-4.00,2.00,-13.00,1.40,78.6,-6,81,2.2500,0.0800,34.00,126.00,4024.36,-0.2787,DOWN,38.00,1.2632,1.5402
20260728 235832 370,4024.80,1,4024.80,4025.20,0.40,4024.80,2,4024.70,3,4024.30,1,4024.20,5,4024.10,7,4024.00,6,4023.90,5,4023.80,5,4023.70,5,4023.60,5,4025.20,4,4025.30,2,4025.90,1,4026.00,1,4026.10,4,4026.20,5,4026.30,6,4026.40,5,4026.50,5,4026.60,6,Buy,48,22,70,26.00,27.00,1.00,1.20,16.7,4025.00,4026.00,4024.80,4024.80,22,26,48,-4.00,2.00,-13.00,1.40,78.6,-6,81,2.2500,0.0385,35.00,127.00,4024.35,-0.2819,DOWN,38.00,1.2632,1.5402
20260728 235832 370,4024.90,1,4024.80,4025.20,0.40,4024.80,2,4024.70,3,4024.30,1,4024.20,5,4024.10,7,4024.00,6,4023.90,5,4023.80,5,4023.70,5,4023.60,5,4025.20,4,4025.30,2,4025.90,1,4026.00,1,4026.10,4,4026.20,5,4026.30,6,4026.40,5,4026.50,5,4026.60,6,Buy,49,22,71,27.00,27.00,1.00,1.20,8.3,4025.00,4026.00,4024.80,4024.90,22,26,48,-4.00,2.00,-13.00,1.40,78.6,-6,81,2.2500,0.0000,36.00,128.00,4024.36,-0.2787,DOWN,38.00,1.2632,1.5402
20260728 235832 370,4024.90,1,4024.80,4025.20,0.40,4024.80,2,4024.70,3,4024.30,1,4024.20,5,4024.10,7,4024.00,6,4023.90,5,4023.80,5,4023.70,5,4023.60,5,4025.20,4,4025.30,2,4025.90,1,4026.00,1,4026.10,4,4026.20,5,4026.30,6,4026.40,5,4026.50,5,4026.60,6,Buy,50,22,72,28.00,28.00,1.00,1.20,8.3,4025.00,4026.00,4024.80,4024.90,22,26,48,-4.00,2.00,-13.00,1.40,78.6,-6,81,2.2500,0.0000,37.00,129.00,4024.36,-0.2787,DOWN,38.00,1.2632,1.5402
20260728 235834 460,4024.90,1,4024.90,4025.20,0.30,4024.90,2,4024.80,3,4024.40,2,4024.30,1,4024.20,5,4024.10,7,4024.00,6,4023.90,5,4023.80,5,4023.70,5,4025.20,2,4025.30,2,4025.90,1,4026.00,1,4026.10,4,4026.20,5,4026.30,6,4026.40,5,4026.50,5,4026.60,6,Sell,50,23,73,27.00,28.00,1.00,1.20,8.3,4025.00,4026.00,4024.80,4024.90,22,26,48,-4.00,2.00,-13.00,1.40,78.6,-6,81,2.2500,0.0370,36.00,128.00,4024.36,-0.2787,DOWN,38.00,1.2632,1.5402
20260728 235834 460,4024.90,1,4024.90,4025.20,0.30,4024.90,2,4024.80,3,4024.40,2,4024.30,1,4024.20,5,4024.10,7,4024.00,6,4023.90,5,4023.80,5,4023.70,5,4025.20,2,4025.30,2,4025.90,1,4026.00,1,4026.10,4,4026.20,5,4026.30,6,4026.40,5,4026.50,5,4026.60,6,Sell,50,24,74,26.00,28.00,1.00,1.20,8.3,4025.00,4026.00,4024.80,4024.90,22,26,48,-4.00,2.00,-13.00,1.40,78.6,-6,81,2.2500,0.0769,35.00,127.00,4024.36,-0.2787,DOWN,38.00,1.2632,1.5402
20260728 235834 460,4024.90,4,4024.90,4025.20,0.30,4024.90,2,4024.80,3,4024.40,2,4024.30,1,4024.20,5,4024.10,7,4024.00,6,4023.90,5,4023.80,5,4023.70,5,4025.20,2,4025.30,2,4025.90,1,4026.00,1,4026.10,4,4026.20,5,4026.30,6,4026.40,5,4026.50,5,4026.60,6,Buy,54,24,78,30.00,30.00,1.00,1.20,8.3,4025.00,4026.00,4024.80,4024.90,22,26,48,-4.00,2.00,-13.00,1.40,78.6,-6,81,2.2500,0.0000,39.00,131.00,4024.36,-0.2787,DOWN,38.00,1.2632,1.5402
20260728 235835 022,4024.90,1,4024.80,4025.10,0.30,4024.80,1,4024.70,3,4024.40,1,4024.30,1,4024.20,5,4024.10,7,4024.00,6,4023.90,5,4023.80,5,4023.70,5,4025.10,1,4025.20,2,4025.90,1,4026.00,1,4026.10,4,4026.20,5,4026.30,6,4026.40,5,4026.50,5,4026.60,6,Sell,54,25,79,29.00,30.00,1.00,1.20,8.3,4025.00,4026.00,4024.80,4024.90,22,26,48,-4.00,2.00,-13.00,1.40,78.6,-6,81,2.2500,0.0345,38.00,130.00,4024.36,-0.2787,DOWN,38.00,1.2632,1.5402
20260728 235837 916,4024.80,1,4024.50,4024.80,0.30,4024.50,3,4024.40,7,4024.30,5,4024.20,1,4024.10,2,4024.00,1,4023.90,5,4023.80,5,4023.70,5,4023.60,5,4024.80,1,4024.90,4,4025.60,1,4025.70,1,4025.80,1,4025.90,6,4026.10,9,4026.20,5,4026.30,6,4026.40,5,Buy,55,25,80,30.00,30.00,1.00,1.20,16.7,4025.00,4026.00,4024.80,4024.80,22,26,48,-4.00,2.00,-13.00,1.40,78.6,-6,81,2.2500,0.0000,39.00,131.00,4024.35,-0.2819,DOWN,38.00,1.2632,1.5402
20260728 235837 916,4024.80,1,4024.50,4024.80,0.30,4024.50,3,4024.40,7,4024.30,5,4024.20,1,4024.10,2,4024.00,1,4023.90,5,4023.80,5,4023.70,5,4023.60,5,4024.80,1,4024.90,4,4025.60,1,4025.70,1,4025.80,1,4025.90,6,4026.10,9,4026.20,5,4026.30,6,4026.40,5,Buy,56,25,81,31.00,31.00,1.00,1.20,16.7,4025.00,4026.00,4024.80,4024.80,22,26,48,-4.00,2.00,-13.00,1.40,78.6,-6,81,2.2500,0.0000,40.00,132.00,4024.35,-0.2819,DOWN,38.00,1.2632,1.5402
20260728 235843 349,4025.20,1,4025.10,4025.40,0.30,4025.10,1,4025.00,4,4024.60,1,4024.50,3,4024.10,2,4024.00,6,4023.90,5,4023.80,5,4023.70,5,4023.60,5,4025.40,1,4025.50,5,4026.00,2,4026.10,4,4026.30,1,4026.60,6,4026.70,5,4026.80,5,4026.90,5,4027.00,5,Sell,56,26,82,30.00,31.00,1.00,1.20,16.7,4025.00,4026.00,4024.80,4025.20,22,26,48,-4.00,2.00,-13.00,1.40,78.6,-6,81,2.2500,0.0333,39.00,131.00,4024.38,-0.2692,DOWN,38.00,1.2632,1.5402
20260728 235845 516,4025.10,1,4024.90,4025.30,0.40,4024.90,2,4024.70,2,4024.50,3,4024.10,2,4024.00,1,4023.90,5,4023.80,5,4023.70,5,4023.60,5,4023.50,5,4025.30,3,4025.40,6,4025.90,1,4026.00,1,4026.10,4,4026.20,5,4026.30,6,4026.40,5,4026.50,5,4026.60,6,Sell,56,27,83,29.00,31.00,1.00,1.20,8.3,4025.00,4026.00,4024.80,4025.10,22,26,48,-4.00,2.00,-13.00,1.40,78.6,-6,81,2.2500,0.0690,38.00,130.00,4024.38,-0.2724,DOWN,38.00,1.2632,1.5402
20260728 235845 516,4025.10,1,4024.90,4025.30,0.40,4024.90,2,4024.70,2,4024.50,3,4024.10,2,4024.00,1,4023.90,5,4023.80,5,4023.70,5,4023.60,5,4023.50,5,4025.30,3,4025.40,6,4025.90,1,4026.00,1,4026.10,4,4026.20,5,4026.30,6,4026.40,5,4026.50,5,4026.60,6,Sell,56,28,84,28.00,31.00,1.00,1.20,8.3,4025.00,4026.00,4024.80,4025.10,22,26,48,-4.00,2.00,-13.00,1.40,78.6,-6,81,2.2500,0.1071,37.00,129.00,4024.38,-0.2724,DOWN,38.00,1.2632,1.5402
20260728 235903 444,4025.40,1,4025.20,4025.60,0.40,4025.20,2,4025.00,7,4024.40,5,4024.30,5,4024.20,5,4024.10,7,4024.00,7,4023.90,5,4023.80,5,4023.70,5,4025.60,3,4025.70,3,4026.00,2,4026.10,4,4026.30,1,4026.50,5,4026.60,6,4026.70,5,4026.80,5,4026.90,5,Sell,0,1,1,-1.00,-1.00,-1.00,0.00,0.0,4025.40,4025.40,4025.40,4025.40,56,28,84,28.00,31.00,1.00,1.20,8.3,0,27,0.1071,0.0000,19.00,126.00,4024.40,-0.2628,DOWN,41.65,2.0168,1.4517
20260728 235909 811,4025.50,1,4025.20,4025.60,0.40,4025.20,2,4025.10,2,4025.00,3,4024.40,5,4024.30,5,4024.20,5,4024.10,7,4024.00,6,4023.90,5,4023.80,5,4025.60,3,4025.70,3,4025.90,1,4026.00,1,4026.10,4,4026.30,1,4026.40,5,4026.50,5,4026.60,6,4026.70,5,Buy,1,1,2,0.00,0.00,-1.00,0.10,100.0,4025.40,4025.50,4025.40,4025.50,56,28,84,28.00,31.00,1.00,1.20,8.3,0,27,0.1071,0.0000,20.00,127.00,4024.41,-0.2597,DOWN,41.65,2.0168,1.4588
20260728 235910 097,4025.20,1,4025.20,4025.60,0.40,4025.20,2,4025.10,2,4025.00,3,4024.40,5,4024.30,5,4024.20,5,4024.10,7,4024.00,6,4023.90,5,4023.80,5,4025.60,2,4025.70,3,4026.00,2,4026.10,4,4026.30,1,4026.40,5,4026.50,5,4026.60,6,4026.70,5,4026.80,5,Sell,1,2,3,-1.00,0.00,-1.00,0.30,66.7,4025.40,4025.50,4025.20,4025.20,56,28,84,28.00,31.00,1.00,1.20,8.3,0,27,0.1071,0.0000,19.00,126.00,4024.38,-0.2692,DOWN,41.65,2.0168,1.4588
20260728 235910 097,4025.20,1,4025.20,4025.60,0.40,4025.20,2,4025.10,2,4025.00,3,4024.40,5,4024.30,5,4024.20,5,4024.10,7,4024.00,6,4023.90,5,4023.80,5,4025.60,2,4025.70,3,4026.00,2,4026.10,4,4026.30,1,4026.40,5,4026.50,5,4026.60,6,4026.70,5,4026.80,5,Sell,1,3,4,-2.00,0.00,-2.00,0.30,66.7,4025.40,4025.50,4025.20,4025.20,56,28,84,28.00,31.00,1.00,1.20,8.3,0,27,0.1071,0.0000,18.00,125.00,4024.38,-0.2692,DOWN,41.65,2.0168,1.4588
20260728 235910 166,4025.00,1,4024.70,4025.00,0.30,4024.70,1,4024.60,1,4024.10,7,4024.00,6,4023.90,5,4023.80,5,4023.70,5,4023.60,5,4023.50,5,4023.40,5,4025.00,2,4025.10,7,4026.00,2,4026.10,4,4026.30,1,4026.40,5,4026.50,5,4026.60,6,4026.70,5,4026.80,5,Sell,1,4,5,-3.00,0.00,-3.00,0.50,80.0,4025.40,4025.50,4025.00,4025.00,56,28,84,28.00,31.00,1.00,1.20,8.3,0,27,0.1071,0.0000,17.00,124.00,4024.37,-0.2755,DOWN,41.65,2.0168,1.4659
20260728 235910 167,4025.00,2,4024.70,4025.00,0.30,4024.70,1,4024.60,1,4024.10,7,4024.00,6,4023.90,5,4023.80,5,4023.70,5,4023.60,5,4023.50,5,4023.40,5,4025.00,2,4025.10,7,4026.00,2,4026.10,4,4026.30,1,4026.40,5,4026.50,5,4026.60,6,4026.70,5,4026.80,5,Sell,1,6,7,-5.00,0.00,-5.00,0.50,80.0,4025.40,4025.50,4025.00,4025.00,56,28,84,28.00,31.00,1.00,1.20,8.3,0,27,0.1071,0.0000,15.00,122.00,4024.37,-0.2755,DOWN,41.65,2.0168,1.4659
20260728 235922 047,4025.20,1,4025.20,4025.30,0.10,4025.20,1,4024.90,2,4024.80,2,4024.20,1,4024.10,2,4024.00,1,4023.90,5,4023.80,5,4023.70,5,4023.60,5,4025.30,1,4025.40,2,4025.90,7,4026.00,7,4026.10,9,4026.20,5,4026.30,6,4026.40,5,4026.50,5,4026.60,6,Sell,1,7,8,-6.00,0.00,-6.00,0.50,40.0,4025.40,4025.50,4025.00,4025.20,56,28,84,28.00,31.00,1.00,1.20,8.3,0,27,0.1071,0.0000,14.00,121.00,4024.38,-0.2692,DOWN,41.65,2.0168,1.4659
20260728 235926 056,4024.90,1,4024.90,4025.20,0.30,4024.90,1,4024.80,2,4024.20,1,4024.10,2,4024.00,1,4023.90,5,4023.80,5,4023.70,5,4023.60,5,4023.50,5,4025.20,3,4025.30,3,4025.90,7,4026.00,7,4026.10,9,4026.20,5,4026.30,6,4026.40,5,4026.50,5,4026.60,6,Sell,1,8,9,-7.00,0.00,-7.00,0.60,83.3,4025.40,4025.50,4024.90,4024.90,56,28,84,28.00,31.00,1.00,1.20,8.3,0,27,0.1071,0.0000,13.00,120.00,4024.36,-0.2787,DOWN,41.65,2.0168,1.4731
20260728 235926 748,4024.90,1,4024.90,4025.30,0.40,4024.90,2,4024.80,2,4024.20,1,4024.10,2,4024.00,1,4023.90,5,4023.80,5,4023.70,5,4023.60,5,4023.50,5,4025.30,2,4025.40,2,4025.90,7,4026.00,7,4026.10,9,4026.20,5,4026.30,6,4026.40,5,4026.50,5,4026.60,6,Sell,1,9,10,-8.00,0.00,-8.00,0.60,83.3,4025.40,4025.50,4024.90,4024.90,56,28,84,28.00,31.00,1.00,1.20,8.3,0,27,0.1071,0.0000,12.00,119.00,4024.36,-0.2787,DOWN,41.65,2.0168,1.4731
20260728 235940 370,4025.20,1,4025.20,4025.40,0.20,4025.20,1,4025.10,3,4024.40,2,4024.30,1,4024.10,7,4024.00,6,4023.90,5,4023.80,5,4023.70,5,4023.60,5,4025.40,9,4025.50,1,4026.00,2,4026.10,4,4026.30,1,4026.40,5,4026.50,5,4026.60,6,4026.70,5,4026.80,5,Sell,1,10,11,-9.00,0.00,-9.00,0.60,33.3,4025.40,4025.50,4024.90,4025.20,56,28,84,28.00,31.00,1.00,1.20,8.3,0,27,0.1071,0.0000,11.00,118.00,4024.38,-0.2692,DOWN,41.65,2.0168,1.4731
20260728 235941 550,4025.00,1,4024.70,4025.00,0.30,4024.70,2,4024.60,4,4024.20,1,4024.10,2,4024.00,1,4023.90,5,4023.80,5,4023.70,5,4023.60,5,4023.50,5,4025.00,1,4025.10,3,4025.90,1,4026.00,2,4026.10,4,4026.30,1,4026.40,5,4026.50,5,4026.60,6,4026.70,5,Buy,2,10,12,-8.00,0.00,-9.00,0.60,66.7,4025.40,4025.50,4024.90,4025.00,56,28,84,28.00,31.00,1.00,1.20,8.3,0,27,0.1071,0.1250,12.00,119.00,4024.37,-0.2755,DOWN,41.65,2.0168,1.4731
20260728 235941 550,4025.00,4,4024.70,4025.00,0.30,4024.70,2,4024.60,4,4024.20,1,4024.10,2,4024.00,1,4023.90,5,4023.80,5,4023.70,5,4023.60,5,4023.50,5,4025.00,1,4025.10,3,4025.90,1,4026.00,2,4026.10,4,4026.30,1,4026.40,5,4026.50,5,4026.60,6,4026.70,5,Sell,2,14,16,-12.00,0.00,-12.00,0.60,66.7,4025.40,4025.50,4024.90,4025.00,56,28,84,28.00,31.00,1.00,1.20,8.3,0,27,0.1071,0.0000,8.00,115.00,4024.37,-0.2755,DOWN,41.65,2.0168,1.4731
20260728 235949 123,4024.50,1,4024.20,4024.50,0.30,4024.20,4,4024.10,140,4024.00,1,4023.90,5,4023.80,5,4023.70,5,4023.60,5,4023.50,5,4023.40,5,4023.30,5,4024.50,1,4024.60,4,4025.70,1,4025.80,2,4025.90,1,4026.00,2,4026.10,4,4026.20,5,4026.30,6,4026.40,5,Buy,3,14,17,-11.00,0.00,-12.00,1.00,90.0,4025.40,4025.50,4024.50,4024.50,56,28,84,28.00,31.00,1.00,1.20,8.3,0,27,0.1071,0.0909,9.00,116.00,4024.32,-0.2914,DOWN,41.65,2.0168,1.5017
20260728 235949 450,4024.40,1,4024.20,4024.50,0.30,4024.20,6,4024.10,139,4024.00,1,4023.80,5,4023.70,5,4023.60,5,4023.50,5,4023.40,5,4023.30,5,4023.20,5,4024.50,2,4024.60,5,4025.30,3,4025.40,1,4025.60,6,4025.70,6,4025.80,6,4025.90,6,4026.00,6,4026.10,9,Buy,4,14,18,-10.00,0.00,-12.00,1.10,90.9,4025.40,4025.50,4024.40,4024.40,56,28,84,28.00,31.00,1.00,1.20,8.3,0,27,0.1071,0.2000,10.00,117.00,4024.31,-0.2946,DOWN,41.65,2.0168,1.5088
20260728 235949 457,4024.50,1,4024.20,4024.50,0.30,4024.20,6,4024.10,139,4024.00,1,4023.80,5,4023.70,5,4023.60,5,4023.50,5,4023.40,5,4023.30,5,4023.20,5,4024.50,2,4024.60,5,4025.30,3,4025.40,1,4025.60,6,4025.70,6,4025.80,6,4025.90,6,4026.00,6,4026.10,9,Sell,4,15,19,-11.00,0.00,-12.00,1.10,81.8,4025.40,4025.50,4024.40,4024.50,56,28,84,28.00,31.00,1.00,1.20,8.3,0,27,0.1071,0.0909,9.00,116.00,4024.32,-0.2914,DOWN,41.65,2.0168,1.5088
20260728 235950 752,4024.20,1,4023.90,4024.20,0.30,4023.90,3,4023.80,5,4023.20,5,4023.10,5,4023.00,7,4022.90,5,4022.80,6,4022.70,5,4022.60,5,4022.50,6,4024.20,2,4024.30,6,4025.00,2,4025.10,5,4025.20,5,4025.30,7,4025.40,6,4025.50,5,4025.60,5,4025.70,6,Sell,4,16,20,-12.00,0.00,-12.00,1.30,92.3,4025.40,4025.50,4024.20,4024.20,56,28,84,28.00,31.00,1.00,1.20,8.3,0,27,0.1071,0.0000,8.00,115.00,4024.29,-0.3009,DOWN,41.65,2.0168,1.5231
20260728 235950 752,4024.20,2,4023.90,4024.20,0.30,4023.90,3,4023.80,5,4023.20,5,4023.10,5,4023.00,7,4022.90,5,4022.80,6,4022.70,5,4022.60,5,4022.50,6,4024.20,2,4024.30,6,4025.00,2,4025.10,5,4025.20,5,4025.30,7,4025.40,6,4025.50,5,4025.60,5,4025.70,6,Sell,4,18,22,-14.00,0.00,-14.00,1.30,92.3,4025.40,4025.50,4024.20,4024.20,56,28,84,28.00,31.00,1.00,1.20,8.3,0,27,0.1071,0.0000,6.00,113.00,4024.29,-0.3009,DOWN,41.65,2.0168,1.5231
20260728 235950 763,4024.10,1,4023.90,4024.20,0.30,4023.90,3,4023.80,5,4023.20,5,4023.10,5,4023.00,7,4022.90,5,4022.80,6,4022.70,5,4022.60,5,4022.50,6,4024.20,2,4024.30,6,4025.00,2,4025.10,5,4025.20,5,4025.30,7,4025.40,6,4025.50,5,4025.60,5,4025.70,6,Sell,4,19,23,-15.00,0.00,-15.00,1.40,92.9,4025.40,4025.50,4024.10,4024.10,56,28,84,28.00,31.00,1.00,1.20,8.3,0,27,0.1071,0.0000,5.00,112.00,4024.28,-0.3041,DOWN,41.65,2.0168,1.5302
20260728 235950 763,4024.10,1,4023.90,4024.20,0.30,4023.90,3,4023.80,5,4023.20,5,4023.10,5,4023.00,7,4022.90,5,4022.80,6,4022.70,5,4022.60,5,4022.50,6,4024.20,2,4024.30,6,4025.00,2,4025.10,5,4025.20,5,4025.30,7,4025.40,6,4025.50,5,4025.60,5,4025.70,6,Sell,4,20,24,-16.00,0.00,-16.00,1.40,92.9,4025.40,4025.50,4024.10,4024.10,56,28,84,28.00,31.00,1.00,1.20,8.3,0,27,0.1071,0.0000,4.00,111.00,4024.28,-0.3041,DOWN,41.65,2.0168,1.5302
20260728 235950 763,4024.10,6,4023.90,4024.20,0.30,4023.90,3,4023.80,5,4023.20,5,4023.10,5,4023.00,7,4022.90,5,4022.80,6,4022.70,5,4022.60,5,4022.50,6,4024.20,2,4024.30,6,4025.00,2,4025.10,5,4025.20,5,4025.30,7,4025.40,6,4025.50,5,4025.60,5,4025.70,6,Sell,4,26,30,-22.00,0.00,-22.00,1.40,92.9,4025.40,4025.50,4024.10,4024.10,56,28,84,28.00,31.00,1.00,1.20,8.3,0,27,0.1071,0.0000,-2.00,105.00,4024.28,-0.3041,DOWN,41.65,2.0168,1.5302
20260728 235950 768,4024.00,1,4023.90,4024.20,0.30,4023.90,3,4023.80,5,4023.20,5,4023.10,5,4023.00,7,4022.90,5,4022.80,6,4022.70,5,4022.60,5,4022.50,6,4024.20,2,4024.30,6,4025.00,2,4025.10,5,4025.20,5,4025.30,7,4025.40,6,4025.50,5,4025.60,5,4025.70,6,Sell,4,27,31,-23.00,0.00,-23.00,1.50,93.3,4025.40,4025.50,4024.00,4024.00,56,28,84,28.00,31.00,1.00,1.20,8.3,0,27,0.1071,0.0000,-3.00,104.00,4024.27,-0.3073,DOWN,41.65,2.0168,1.5374
20260728 235950 862,4023.90,3,4023.90,4024.30,0.40,4023.90,2,4023.80,5,4023.30,2,4023.20,5,4023.10,5,4023.00,7,4022.90,5,4022.80,6,4022.70,5,4022.60,5,4024.30,6,4024.40,9,4025.20,4,4025.30,6,4025.40,6,4025.50,5,4025.60,5,4025.70,6,4025.80,6,4025.90,1,Sell,4,30,34,-26.00,0.00,-26.00,1.60,93.8,4025.40,4025.50,4023.90,4023.90,56,28,84,28.00,31.00,1.00,1.20,8.3,0,27,0.1071,0.0000,-6.00,101.00,4024.26,-0.3104,DOWN,41.65,2.0168,1.5445
20260728 235954 151,4024.50,1,4024.20,4024.50,0.30,4024.20,3,4024.10,4,4023.30,7,4023.20,5,4023.10,5,4023.00,7,4022.90,5,4022.80,6,4022.70,5,4022.60,5,4024.60,3,4024.70,4,4025.10,1,4025.20,2,4025.30,1,4025.40,1,4025.50,5,4025.60,5,4025.70,6,4025.80,6,Buy,5,30,35,-25.00,0.00,-26.00,1.60,56.3,4025.40,4025.50,4023.90,4024.50,56,28,84,28.00,31.00,1.00,1.20,8.3,0,27,0.1071,0.0400,-5.00,102.00,4024.32,-0.2914,DOWN,41.65,2.0168,1.5445
20260728 235955 099,4024.60,1,4024.30,4024.60,0.30,4024.30,1,4024.20,5,4023.40,5,4023.30,6,4023.20,5,4023.10,5,4023.00,7,4022.90,5,4022.80,6,4022.70,5,4024.60,2,4024.70,2,4025.20,1,4025.30,1,4025.40,2,4025.60,5,4025.70,6,4025.80,6,4025.90,6,4026.00,6,Buy,6,30,36,-24.00,0.00,-26.00,1.60,50.0,4025.40,4025.50,4023.90,4024.60,56,28,84,28.00,31.00,1.00,1.20,8.3,0,27,0.1071,0.0833,-4.00,103.00,4024.33,-0.2882,DOWN,41.65,2.0168,1.5445
20260728 235955 849,4024.30,1,4024.20,4024.30,0.10,4024.20,1,4024.10,1,4024.00,2,4023.40,5,4023.30,6,4023.20,5,4023.10,5,4023.00,7,4022.90,5,4022.80,6,4024.40,2,4024.50,2,4025.20,4,4025.30,1,4025.40,2,4025.60,5,4025.70,6,4025.80,6,4025.90,6,4026.00,6,Buy,7,30,37,-23.00,0.00,-26.00,1.60,68.7,4025.40,4025.50,4023.90,4024.30,56,28,84,28.00,31.00,1.00,1.20,8.3,0,27,0.1071,0.1304,-3.00,104.00,4024.30,-0.2978,DOWN,41.65,2.0168,1.5445
