Timestamp,Last,Volume,Bid,Ask,Spread,BidPrice1,BidQty1,BidPrice2,BidQty2,BidPrice3,BidQty3,BidPrice4,BidQty4,BidPrice5,BidQty5,BidPrice6,BidQty6,BidPrice7,BidQty7,BidPrice8,BidQty8,BidPrice9,BidQty9,BidPrice10,BidQty10,AskPrice1,AskQty1,AskPrice2,AskQty2,AskPrice3,AskQty3,AskPrice4,AskQty4,AskPrice5,AskQty5,AskPrice6,AskQty6,AskPrice7,AskQty7,AskPrice8,AskQty8,AskPrice9,AskQty9,AskPrice10,AskQty10,Aggressor,CurBarBuyVol,CurBarSellVol,CurBarTotalVol,CurBarDelta,CurBarMaxSeen,CurBarMinSeen,CurBarRange,CurBarBodyPct,CurBarOpen,CurBarHigh,CurBarLow,CurBarClose,PrevBarBuyVol,PrevBarSellVol,PrevBarTotalVol,PrevBarDelta,PrevBarMaxSeen,PrevBarMinSeen,PrevBarRange,PrevBarBodyPct,PrevBar30sAggDelta,PrevBar30sTradeCount,PrevBarAbsorbRatio,IntraAbsorbRatio,CumDelta5Bars,CumDelta10Bars,HTFEmaValue,HTFEmaSlope,HTFEmaDir,H2_HourlyVolBaseline,H2_PrevBarVolMultiple,ATRValue
20260810 195308 683,4450.80,1,4450.70,4450.90,0.20,4450.70,8,4450.60,7,4450.50,7,4450.40,10,4450.30,12,4450.20,15,4450.10,12,4450.00,14,4449.90,15,4449.80,11,4450.90,1,4451.00,3,4451.10,5,4451.20,6,4451.30,5,4451.40,7,4451.50,8,4451.60,10,4451.70,16,4451.80,15,Sell,8,21,29,-13.00,-1.00,-13.00,0.40,50.0,4451.00,4451.20,4450.80,4450.80,90,140,230,-50.00,0.00,-58.00,2.60,92.3,-36,240,0.1600,0.0000,-157.00,80.00,4427.46,2.5198,UP,230.20,0.9991,2.0355
20260810 195308 683,4450.80,1,4450.70,4450.90,0.20,4450.70,8,4450.60,7,4450.50,7,4450.40,10,4450.30,12,4450.20,15,4450.10,12,4450.00,14,4449.90,15,4449.80,11,4450.90,1,4451.00,3,4451.10,5,4451.20,6,4451.30,5,4451.40,7,4451.50,8,4451.60,10,4451.70,16,4451.80,15,Sell,8,22,30,-14.00,-1.00,-14.00,0.40,50.0,4451.00,4451.20,4450.80,4450.80,90,140,230,-50.00,0.00,-58.00,2.60,92.3,-36,240,0.1600,0.0000,-158.00,79.00,4427.46,2.5198,UP,230.20,0.9991,2.0355
20260810 195308 683,4450.80,1,4450.70,4450.90,0.20,4450.70,8,4450.60,7,4450.50,7,4450.40,10,4450.30,12,4450.20,15,4450.10,12,4450.00,14,4449.90,15,4449.80,11,4450.90,1,4451.00,3,4451.10,5,4451.20,6,4451.30,5,4451.40,7,4451.50,8,4451.60,10,4451.70,16,4451.80,15,Sell,8,23,31,-15.00,-1.00,-15.00,0.40,50.0,4451.00,4451.20,4450.80,4450.80,90,140,230,-50.00,0.00,-58.00,2.60,92.3,-36,240,0.1600,0.0000,-159.00,78.00,4427.46,2.5198,UP,230.20,0.9991,2.0355
20260810 195308 683,4450.70,1,4450.70,4450.90,0.20,4450.70,8,4450.60,7,4450.50,7,4450.40,10,4450.30,12,4450.20,15,4450.10,12,4450.00,14,4449.90,15,4449.80,11,4450.90,1,4451.00,3,4451.10,5,4451.20,6,4451.30,5,4451.40,7,4451.50,8,4451.60,10,4451.70,16,4451.80,15,Sell,8,24,32,-16.00,-1.00,-16.00,0.50,60.0,4451.00,4451.20,4450.70,4450.70,90,140,230,-50.00,0.00,-58.00,2.60,92.3,-36,240,0.1600,0.0000,-160.00,77.00,4427.45,2.5167,UP,230.20,0.9991,2.0427
20260810 195308 683,4450.70,1,4450.70,4450.90,0.20,4450.70,8,4450.60,7,4450.50,7,4450.40,10,4450.30,12,4450.20,15,4450.10,12,4450.00,14,4449.90,15,4449.80,11,4450.90,1,4451.00,3,4451.10,5,4451.20,6,4451.30,5,4451.40,7,4451.50,8,4451.60,10,4451.70,16,4451.80,15,Sell,8,25,33,-17.00,-1.00,-17.00,0.50,60.0,4451.00,4451.20,4450.70,4450.70,90,140,230,-50.00,0.00,-58.00,2.60,92.3,-36,240,0.1600,0.0000,-161.00,76.00,4427.45,2.5167,UP,230.20,0.9991,2.0427
20260810 195308 683,4450.70,2,4450.70,4450.90,0.20,4450.70,8,4450.60,7,4450.50,7,4450.40,10,4450.30,12,4450.20,15,4450.10,12,4450.00,14,4449.90,15,4449.80,11,4450.90,1,4451.00,3,4451.10,5,4451.20,6,4451.30,5,4451.40,7,4451.50,8,4451.60,10,4451.70,16,4451.80,15,Sell,8,27,35,-19.00,-1.00,-19.00,0.50,60.0,4451.00,4451.20,4450.70,4450.70,90,140,230,-50.00,0.00,-58.00,2.60,92.3,-36,240,0.1600,0.0000,-163.00,74.00,4427.45,2.5167,UP,230.20,0.9991,2.0427
20260810 195308 683,4450.70,1,4450.70,4450.90,0.20,4450.70,8,4450.60,7,4450.50,7,4450.40,10,4450.30,12,4450.20,15,4450.10,12,4450.00,14,4449.90,15,4449.80,11,4450.90,1,4451.00,3,4451.10,5,4451.20,6,4451.30,5,4451.40,7,4451.50,8,4451.60,10,4451.70,16,4451.80,15,Sell,8,28,36,-20.00,-1.00,-20.00,0.50,60.0,4451.00,4451.20,4450.70,4450.70,90,140,230,-50.00,0.00,-58.00,2.60,92.3,-36,240,0.1600,0.0000,-164.00,73.00,4427.45,2.5167,UP,230.20,0.9991,2.0427
20260810 195308 683,4450.70,1,4450.70,4450.90,0.20,4450.70,8,4450.60,7,4450.50,7,4450.40,10,4450.30,12,4450.20,15,4450.10,12,4450.00,14,4449.90,15,4449.80,11,4450.90,1,4451.00,3,4451.10,5,4451.20,6,4451.30,5,4451.40,7,4451.50,8,4451.60,10,4451.70,16,4451.80,15,Sell,8,29,37,-21.00,-1.00,-21.00,0.50,60.0,4451.00,4451.20,4450.70,4450.70,90,140,230,-50.00,0.00,-58.00,2.60,92.3,-36,240,0.1600,0.0000,-165.00,72.00,4427.45,2.5167,UP,230.20,0.9991,2.0427
20260810 195308 683,4450.60,1,4450.70,4450.90,0.20,4450.70,8,4450.60,7,4450.50,7,4450.40,10,4450.30,12,4450.20,15,4450.10,12,4450.00,14,4449.90,15,4449.80,11,4450.90,1,4451.00,3,4451.10,5,4451.20,6,4451.30,5,4451.40,7,4451.50,8,4451.60,10,4451.70,16,4451.80,15,Sell,8,30,38,-22.00,-1.00,-22.00,0.60,66.7,4451.00,4451.20,4450.60,4450.60,90,140,230,-50.00,0.00,-58.00,2.60,92.3,-36,240,0.1600,0.0000,-166.00,71.00,4427.44,2.5135,UP,230.20,0.9991,2.0498
20260810 195308 683,4450.60,1,4450.70,4450.90,0.20,4450.70,8,4450.60,7,4450.50,7,4450.40,10,4450.30,12,4450.20,15,4450.10,12,4450.00,14,4449.90,15,4449.80,11,4450.90,1,4451.00,3,4451.10,5,4451.20,6,4451.30,5,4451.40,7,4451.50,8,4451.60,10,4451.70,16,4451.80,15,Sell,8,31,39,-23.00,-1.00,-23.00,0.60,66.7,4451.00,4451.20,4450.60,4450.60,90,140,230,-50.00,0.00,-58.00,2.60,92.3,-36,240,0.1600,0.0000,-167.00,70.00,4427.44,2.5135,UP,230.20,0.9991,2.0498
20260810 195308 683,4450.60,1,4450.70,4450.90,0.20,4450.70,8,4450.60,7,4450.50,7,4450.40,10,4450.30,12,4450.20,15,4450.10,12,4450.00,14,4449.90,15,4449.80,11,4450.90,1,4451.00,3,4451.10,5,4451.20,6,4451.30,5,4451.40,7,4451.50,8,4451.60,10,4451.70,16,4451.80,15,Sell,8,32,40,-24.00,-1.00,-24.00,0.60,66.7,4451.00,4451.20,4450.60,4450.60,90,140,230,-50.00,0.00,-58.00,2.60,92.3,-36,240,0.1600,0.0000,-168.00,69.00,4427.44,2.5135,UP,230.20,0.9991,2.0498
20260810 195308 683,4450.60,1,4450.70,4450.90,0.20,4450.70,8,4450.60,7,4450.50,7,4450.40,10,4450.30,12,4450.20,15,4450.10,12,4450.00,14,4449.90,15,4449.80,11,4450.90,1,4451.00,3,4451.10,5,4451.20,6,4451.30,5,4451.40,7,4451.50,8,4451.60,10,4451.70,16,4451.80,15,Sell,8,33,41,-25.00,-1.00,-25.00,0.60,66.7,4451.00,4451.20,4450.60,4450.60,90,140,230,-50.00,0.00,-58.00,2.60,92.3,-36,240,0.1600,0.0000,-169.00,68.00,4427.44,2.5135,UP,230.20,0.9991,2.0498
20260810 195308 683,4450.60,1,4450.70,4450.90,0.20,4450.70,8,4450.60,7,4450.50,7,4450.40,10,4450.30,12,4450.20,15,4450.10,12,4450.00,14,4449.90,15,4449.80,11,4450.90,1,4451.00,3,4451.10,5,4451.20,6,4451.30,5,4451.40,7,4451.50,8,4451.60,10,4451.70,16,4451.80,15,Sell,8,34,42,-26.00,-1.00,-26.00,0.60,66.7,4451.00,4451.20,4450.60,4450.60,90,140,230,-50.00,0.00,-58.00,2.60,92.3,-36,240,0.1600,0.0000,-170.00,67.00,4427.44,2.5135,UP,230.20,0.9991,2.0498
20260810 195308 846,4450.80,1,4450.60,4450.80,0.20,4450.60,4,4450.50,3,4450.40,9,4450.30,5,4450.20,10,4450.10,14,4450.00,14,4449.90,15,4449.80,13,4449.70,11,4450.90,3,4451.00,7,4451.10,6,4451.20,6,4451.30,4,4451.40,16,4451.50,19,4451.60,19,4451.70,16,4451.80,14,Buy,9,34,43,-25.00,-1.00,-26.00,0.60,33.3,4451.00,4451.20,4450.60,4450.80,90,140,230,-50.00,0.00,-58.00,2.60,92.3,-36,240,0.1600,0.0400,-169.00,68.00,4427.46,2.5198,UP,230.20,0.9991,2.0498
20260810 195309 226,4451.00,1,4450.80,4451.00,0.20,4450.80,2,4450.70,5,4450.60,4,4450.50,6,4450.40,10,4450.30,5,4450.20,10,4450.10,14,4450.00,14,4449.90,15,4451.00,1,4451.10,5,4451.20,6,4451.30,4,4451.40,7,4451.50,18,4451.60,19,4451.70,16,4451.80,14,4451.90,14,Buy,10,34,44,-24.00,-1.00,-26.00,0.60,0.0,4451.00,4451.20,4450.60,4451.00,90,140,230,-50.00,0.00,-58.00,2.60,92.3,-36,240,0.1600,0.0833,-168.00,69.00,4427.48,2.5262,UP,230.20,0.9991,2.0498
20260810 195309 877,4451.00,1,4450.90,4451.10,0.20,4450.90,2,4450.80,3,4450.70,8,4450.60,9,4450.50,8,4450.40,10,4450.30,5,4450.20,17,4450.10,14,4450.00,14,4451.10,3,4451.20,6,4451.30,4,4451.40,7,4451.50,18,4451.60,19,4451.70,16,4451.80,14,4451.90,14,4452.00,21,Buy,11,34,45,-23.00,-1.00,-26.00,0.60,0.0,4451.00,4451.20,4450.60,4451.00,90,140,230,-50.00,0.00,-58.00,2.60,92.3,-36,240,0.1600,0.1304,-167.00,70.00,4427.48,2.5262,UP,230.20,0.9991,2.0498
20260810 195309 877,4451.00,1,4450.90,4451.10,0.20,4450.90,2,4450.80,3,4450.70,8,4450.60,9,4450.50,8,4450.40,10,4450.30,5,4450.20,17,4450.10,14,4450.00,14,4451.10,3,4451.20,6,4451.30,4,4451.40,7,4451.50,18,4451.60,19,4451.70,16,4451.80,14,4451.90,14,4452.00,21,Buy,12,34,46,-22.00,-1.00,-26.00,0.60,0.0,4451.00,4451.20,4450.60,4451.00,90,140,230,-50.00,0.00,-58.00,2.60,92.3,-36,240,0.1600,0.1818,-166.00,71.00,4427.48,2.5262,UP,230.20,0.9991,2.0498
20260810 195309 877,4451.10,1,4450.90,4451.10,0.20,4450.90,2,4450.80,3,4450.70,8,4450.60,9,4450.50,8,4450.40,10,4450.30,5,4450.20,17,4450.10,14,4450.00,14,4451.10,3,4451.20,6,4451.30,4,4451.40,7,4451.50,18,4451.60,19,4451.70,16,4451.80,14,4451.90,14,4452.00,21,Buy,13,34,47,-21.00,-1.00,-26.00,0.60,16.7,4451.00,4451.20,4450.60,4451.10,90,140,230,-50.00,0.00,-58.00,2.60,92.3,-36,240,0.1600,0.2381,-165.00,72.00,4427.49,2.5294,UP,230.20,0.9991,2.0498
20260810 195309 877,4451.10,1,4450.90,4451.10,0.20,4450.90,2,4450.80,3,4450.70,8,4450.60,9,4450.50,8,4450.40,10,4450.30,5,4450.20,17,4450.10,14,4450.00,14,4451.10,3,4451.20,6,4451.30,4,4451.40,7,4451.50,18,4451.60,19,4451.70,16,4451.80,14,4451.90,14,4452.00,21,Buy,14,34,48,-20.00,-1.00,-26.00,0.60,16.7,4451.00,4451.20,4450.60,4451.10,90,140,230,-50.00,0.00,-58.00,2.60,92.3,-36,240,0.1600,0.3000,-164.00,73.00,4427.49,2.5294,UP,230.20,0.9991,2.0498
20260810 195312 023,4451.10,1,4451.00,4451.20,0.20,4451.00,1,4450.90,4,4450.80,3,4450.70,8,4450.60,9,4450.50,8,4450.40,10,4450.30,12,4450.20,17,4450.10,14,4451.20,2,4451.30,4,4451.40,7,4451.50,8,4451.60,19,4451.70,16,4451.80,14,4451.90,14,4452.00,19,4452.10,14,Buy,15,34,49,-19.00,-1.00,-26.00,0.60,16.7,4451.00,4451.20,4450.60,4451.10,90,140,230,-50.00,0.00,-58.00,2.60,92.3,-36,240,0.1600,0.3684,-163.00,74.00,4427.49,2.5294,UP,230.20,0.9991,2.0498
20260810 195312 023,4451.10,1,4451.00,4451.20,0.20,4451.00,1,4450.90,4,4450.80,3,4450.70,8,4450.60,9,4450.50,8,4450.40,10,4450.30,12,4450.20,17,4450.10,14,4451.20,2,4451.30,4,4451.40,7,4451.50,8,4451.60,19,4451.70,16,4451.80,14,4451.90,14,4452.00,19,4452.10,14,Buy,16,34,50,-18.00,-1.00,-26.00,0.60,16.7,4451.00,4451.20,4450.60,4451.10,90,140,230,-50.00,0.00,-58.00,2.60,92.3,-36,240,0.1600,0.4444,-162.00,75.00,4427.49,2.5294,UP,230.20,0.9991,2.0498
20260810 195312 087,4451.20,1,4451.00,4451.20,0.20,4451.00,3,4450.90,4,4450.80,5,4450.70,8,4450.60,9,4450.50,7,4450.40,10,4450.30,12,4450.20,17,4450.10,14,4451.20,1,4451.30,5,4451.40,7,4451.50,8,4451.60,19,4451.70,16,4451.80,14,4451.90,15,4452.00,19,4452.10,14,Buy,17,34,51,-17.00,-1.00,-26.00,0.60,33.3,4451.00,4451.20,4450.60,4451.20,90,140,230,-50.00,0.00,-58.00,2.60,92.3,-36,240,0.1600,0.5294,-161.00,76.00,4427.50,2.5325,UP,230.20,0.9991,2.0498
20260810 195314 269,4451.00,1,4450.80,4451.00,0.20,4450.80,2,4450.70,6,4450.60,8,4450.50,6,4450.40,9,4450.30,12,4450.20,17,4450.10,14,4450.00,14,4449.90,15,4451.00,2,4451.10,3,4451.20,8,4451.30,7,4451.40,8,4451.50,8,4451.60,18,4451.70,16,4451.80,14,4451.90,15,Sell,17,35,52,-18.00,-1.00,-26.00,0.60,0.0,4451.00,4451.20,4450.60,4451.00,90,140,230,-50.00,0.00,-58.00,2.60,92.3,-36,240,0.1600,0.4444,-162.00,75.00,4427.48,2.5262,UP,230.20,0.9991,2.0498
20260810 195314 534,4450.90,1,4450.90,4451.20,0.30,4450.90,5,4450.80,4,4450.70,9,4450.60,10,4450.50,6,4450.40,9,4450.30,12,4450.20,17,4450.10,14,4450.00,14,4451.20,3,4451.30,6,4451.40,7,4451.50,8,4451.60,18,4451.70,16,4451.80,14,4451.90,15,4452.00,19,4452.10,14,Buy,18,35,53,-17.00,-1.00,-26.00,0.60,16.7,4451.00,4451.20,4450.60,4450.90,90,140,230,-50.00,0.00,-58.00,2.60,92.3,-36,240,0.1600,0.5294,-161.00,76.00,4427.47,2.5230,UP,230.20,0.9991,2.0498
20260810 195315 679,4450.80,1,4450.90,4451.10,0.20,4450.90,2,4450.80,4,4450.70,9,4450.60,9,4450.50,6,4450.40,10,4450.30,12,4450.20,17,4450.10,14,4450.00,14,4451.10,4,4451.20,6,4451.30,6,4451.40,7,4451.50,8,4451.60,18,4451.70,16,4451.80,14,4451.90,15,4452.00,19,Sell,18,36,54,-18.00,-1.00,-26.00,0.60,33.3,4451.00,4451.20,4450.60,4450.80,90,140,230,-50.00,0.00,-58.00,2.60,92.3,-36,240,0.1600,0.4444,-162.00,75.00,4427.46,2.5198,UP,230.20,0.9991,2.0498
20260810 195316 207,4450.90,1,4450.90,4451.20,0.30,4450.90,2,4450.80,4,4450.70,9,4450.60,9,4450.50,6,4450.40,9,4450.30,13,4450.20,17,4450.10,14,4450.00,14,4451.20,4,4451.30,6,4451.40,7,4451.50,8,4451.60,18,4451.70,16,4451.80,14,4451.90,15,4452.00,19,4452.10,14,Sell,18,37,55,-19.00,-1.00,-26.00,0.60,16.7,4451.00,4451.20,4450.60,4450.90,90,140,230,-50.00,0.00,-58.00,2.60,92.3,-36,240,0.1600,0.3684,-163.00,74.00,4427.47,2.5230,UP,230.20,0.9991,2.0498
20260810 195317 686,4450.90,1,4450.90,4451.10,0.20,4450.90,5,4450.80,9,4450.70,9,4450.60,9,4450.50,6,4450.40,9,4450.30,12,4450.20,17,4450.10,14,4450.00,14,4451.10,2,4451.20,4,4451.30,6,4451.40,7,4451.50,9,4451.60,18,4451.70,16,4451.80,14,4451.90,15,4452.00,19,Sell,18,38,56,-20.00,-1.00,-26.00,0.60,16.7,4451.00,4451.20,4450.60,4450.90,90,140,230,-50.00,0.00,-58.00,2.60,92.3,-36,240,0.1600,0.3000,-164.00,73.00,4427.47,2.5230,UP,230.20,0.9991,2.0498
20260810 195317 686,4450.90,1,4450.90,4451.10,0.20,4450.90,5,4450.80,9,4450.70,9,4450.60,9,4450.50,6,4450.40,9,4450.30,12,4450.20,17,4450.10,14,4450.00,14,4451.10,2,4451.20,4,4451.30,6,4451.40,7,4451.50,9,4451.60,18,4451.70,16,4451.80,14,4451.90,15,4452.00,19,Sell,18,39,57,-21.00,-1.00,-26.00,0.60,16.7,4451.00,4451.20,4450.60,4450.90,90,140,230,-50.00,0.00,-58.00,2.60,92.3,-36,240,0.1600,0.2381,-165.00,72.00,4427.47,2.5230,UP,230.20,0.9991,2.0498
20260810 195317 686,4450.90,1,4450.90,4451.10,0.20,4450.90,5,4450.80,9,4450.70,9,4450.60,9,4450.50,6,4450.40,9,4450.30,12,4450.20,17,4450.10,14,4450.00,14,4451.10,2,4451.20,4,4451.30,6,4451.40,7,4451.50,9,4451.60,18,4451.70,16,4451.80,14,4451.90,15,4452.00,19,Sell,18,40,58,-22.00,-1.00,-26.00,0.60,16.7,4451.00,4451.20,4450.60,4450.90,90,140,230,-50.00,0.00,-58.00,2.60,92.3,-36,240,0.1600,0.1818,-166.00,71.00,4427.47,2.5230,UP,230.20,0.9991,2.0498
20260810 195317 686,4450.90,2,4450.90,4451.10,0.20,4450.90,5,4450.80,9,4450.70,9,4450.60,9,4450.50,6,4450.40,9,4450.30,12,4450.20,17,4450.10,14,4450.00,14,4451.10,2,4451.20,4,4451.30,6,4451.40,7,4451.50,9,4451.60,18,4451.70,16,4451.80,14,4451.90,15,4452.00,19,Sell,18,42,60,-24.00,-1.00,-26.00,0.60,16.7,4451.00,4451.20,4450.60,4450.90,90,140,230,-50.00,0.00,-58.00,2.60,92.3,-36,240,0.1600,0.0833,-168.00,69.00,4427.47,2.5230,UP,230.20,0.9991,2.0498
20260810 195317 686,4450.80,1,4450.90,4451.10,0.20,4450.90,5,4450.80,9,4450.70,9,4450.60,9,4450.50,6,4450.40,9,4450.30,12,4450.20,17,4450.10,14,4450.00,14,4451.10,2,4451.20,4,4451.30,6,4451.40,7,4451.50,9,4451.60,18,4451.70,16,4451.80,14,4451.90,15,4452.00,19,Sell,18,43,61,-25.00,-1.00,-26.00,0.60,33.3,4451.00,4451.20,4450.60,4450.80,90,140,230,-50.00,0.00,-58.00,2.60,92.3,-36,240,0.1600,0.0400,-169.00,68.00,4427.46,2.5198,UP,230.20,0.9991,2.0498
20260810 195317 686,4450.80,1,4450.90,4451.10,0.20,4450.90,5,4450.80,9,4450.70,9,4450.60,9,4450.50,6,4450.40,9,4450.30,12,4450.20,17,4450.10,14,4450.00,14,4451.10,2,4451.20,4,4451.30,6,4451.40,7,4451.50,9,4451.60,18,4451.70,16,4451.80,14,4451.90,15,4452.00,19,Sell,18,44,62,-26.00,-1.00,-26.00,0.60,33.3,4451.00,4451.20,4450.60,4450.80,90,140,230,-50.00,0.00,-58.00,2.60,92.3,-36,240,0.1600,0.0000,-170.00,67.00,4427.46,2.5198,UP,230.20,0.9991,2.0498
20260810 195317 686,4450.80,1,4450.90,4451.10,0.20,4450.90,5,4450.80,9,4450.70,9,4450.60,9,4450.50,6,4450.40,9,4450.30,12,4450.20,17,4450.10,14,4450.00,14,4451.10,2,4451.20,4,4451.30,6,4451.40,7,4451.50,9,4451.60,18,4451.70,16,4451.80,14,4451.90,15,4452.00,19,Sell,18,45,63,-27.00,-1.00,-27.00,0.60,33.3,4451.00,4451.20,4450.60,4450.80,90,140,230,-50.00,0.00,-58.00,2.60,92.3,-36,240,0.1600,0.0000,-171.00,66.00,4427.46,2.5198,UP,230.20,0.9991,2.0498
20260810 195319 984,4451.00,1,4450.90,4451.20,0.30,4450.90,4,4450.80,7,4450.70,9,4450.60,9,4450.50,7,4450.40,9,4450.30,12,4450.20,17,4450.10,14,4450.00,14,4451.20,4,4451.30,6,4451.40,7,4451.50,8,4451.60,19,4451.70,16,4451.80,14,4451.90,15,4452.00,19,4452.10,14,Buy,19,45,64,-26.00,-1.00,-27.00,0.60,0.0,4451.00,4451.20,4450.60,4451.00,90,140,230,-50.00,0.00,-58.00,2.60,92.3,-36,240,0.1600,0.0385,-170.00,67.00,4427.48,2.5262,UP,230.20,0.9991,2.0498
20260810 195319 984,4451.10,1,4450.90,4451.20,0.30,4450.90,4,4450.80,7,4450.70,9,4450.60,9,4450.50,7,4450.40,9,4450.30,12,4450.20,17,4450.10,14,4450.00,14,4451.20,4,4451.30,6,4451.40,7,4451.50,8,4451.60,19,4451.70,16,4451.80,14,4451.90,15,4452.00,19,4452.10,14,Buy,20,45,65,-25.00,-1.00,-27.00,0.60,16.7,4451.00,4451.20,4450.60,4451.10,90,140,230,-50.00,0.00,-58.00,2.60,92.3,-36,240,0.1600,0.0800,-169.00,68.00,4427.49,2.5294,UP,230.20,0.9991,2.0498
20260810 195319 984,4451.10,1,4450.90,4451.20,0.30,4450.90,4,4450.80,7,4450.70,9,4450.60,9,4450.50,7,4450.40,9,4450.30,12,4450.20,17,4450.10,14,4450.00,14,4451.20,4,4451.30,6,4451.40,7,4451.50,8,4451.60,19,4451.70,16,4451.80,14,4451.90,15,4452.00,19,4452.10,14,Buy,21,45,66,-24.00,-1.00,-27.00,0.60,16.7,4451.00,4451.20,4450.60,4451.10,90,140,230,-50.00,0.00,-58.00,2.60,92.3,-36,240,0.1600,0.1250,-168.00,69.00,4427.49,2.5294,UP,230.20,0.9991,2.0498
20260810 195320 645,4450.90,1,4451.00,4451.20,0.20,4451.00,2,4450.90,4,4450.80,7,4450.70,9,4450.60,9,4450.50,6,4450.40,10,4450.30,12,4450.20,17,4450.10,14,4451.20,3,4451.30,6,4451.40,7,4451.50,8,4451.60,18,4451.70,16,4451.80,14,4451.90,15,4452.00,19,4452.10,14,Sell,21,46,67,-25.00,-1.00,-27.00,0.60,16.7,4451.00,4451.20,4450.60,4450.90,90,140,230,-50.00,0.00,-58.00,2.60,92.3,-36,240,0.1600,0.0800,-169.00,68.00,4427.47,2.5230,UP,230.20,0.9991,2.0498
20260810 195321 953,4450.80,1,4450.80,4451.00,0.20,4450.80,3,4450.70,8,4450.60,9,4450.50,6,4450.40,16,4450.30,12,4450.20,17,4450.10,14,4450.00,14,4449.90,14,4451.00,1,4451.10,4,4451.20,5,4451.30,5,4451.40,8,4451.50,8,4451.60,9,4451.70,16,4451.80,14,4451.90,15,Sell,21,47,68,-26.00,-1.00,-27.00,0.60,33.3,4451.00,4451.20,4450.60,4450.80,90,140,230,-50.00,0.00,-58.00,2.60,92.3,-36,240,0.1600,0.0385,-170.00,67.00,4427.46,2.5198,UP,230.20,0.9991,2.0498
20260810 195321 953,4450.80,1,4450.80,4451.00,0.20,4450.80,3,4450.70,8,4450.60,9,4450.50,6,4450.40,16,4450.30,12,4450.20,17,4450.10,14,4450.00,14,4449.90,14,4451.00,1,4451.10,4,4451.20,5,4451.30,5,4451.40,8,4451.50,8,4451.60,9,4451.70,16,4451.80,14,4451.90,15,Sell,21,48,69,-27.00,-1.00,-27.00,0.60,33.3,4451.00,4451.20,4450.60,4450.80,90,140,230,-50.00,0.00,-58.00,2.60,92.3,-36,240,0.1600,0.0000,-171.00,66.00,4427.46,2.5198,UP,230.20,0.9991,2.0498
20260810 195321 953,4450.80,1,4450.80,4451.00,0.20,4450.80,3,4450.70,8,4450.60,9,4450.50,6,4450.40,16,4450.30,12,4450.20,17,4450.10,14,4450.00,14,4449.90,14,4451.00,1,4451.10,4,4451.20,5,4451.30,5,4451.40,8,4451.50,8,4451.60,9,4451.70,16,4451.80,14,4451.90,15,Sell,21,49,70,-28.00,-1.00,-28.00,0.60,33.3,4451.00,4451.20,4450.60,4450.80,90,140,230,-50.00,0.00,-58.00,2.60,92.3,-36,240,0.1600,0.0000,-172.00,65.00,4427.46,2.5198,UP,230.20,0.9991,2.0498
20260810 195322 008,4451.00,1,4450.80,4451.00,0.20,4450.80,3,4450.70,8,4450.60,9,4450.50,6,4450.40,16,4450.30,12,4450.20,17,4450.10,14,4450.00,14,4449.90,14,4451.00,1,4451.10,4,4451.20,5,4451.30,5,4451.40,8,4451.50,8,4451.60,9,4451.70,16,4451.80,14,4451.90,15,Buy,22,49,71,-27.00,-1.00,-28.00,0.60,0.0,4451.00,4451.20,4450.60,4451.00,90,140,230,-50.00,0.00,-58.00,2.60,92.3,-36,240,0.1600,0.0370,-171.00,66.00,4427.48,2.5262,UP,230.20,0.9991,2.0498
20260810 195322 988,4450.70,1,4450.70,4450.90,0.20,4450.80,2,4450.70,7,4450.60,9,4450.50,6,4450.40,16,4450.30,12,4450.20,17,4450.10,14,4450.00,14,4449.90,14,4451.00,6,4451.10,3,4451.20,7,4451.30,5,4451.40,8,4451.50,8,4451.60,9,4451.70,16,4451.80,14,4451.90,15,Sell,22,50,72,-28.00,-1.00,-28.00,0.60,50.0,4451.00,4451.20,4450.60,4450.70,90,140,230,-50.00,0.00,-58.00,2.60,92.3,-36,240,0.1600,0.0000,-172.00,65.00,4427.45,2.5167,UP,230.20,0.9991,2.0498
20260810 195323 081,4450.80,1,4450.70,4450.90,0.20,4450.70,4,4450.60,5,4450.50,5,4450.40,9,4450.30,12,4450.20,17,4450.10,14,4450.00,14,4449.90,14,4449.80,14,4450.90,2,4451.00,5,4451.10,5,4451.20,7,4451.30,5,4451.40,7,4451.50,9,4451.60,18,4451.70,16,4451.80,14,Buy,23,50,73,-27.00,-1.00,-28.00,0.60,33.3,4451.00,4451.20,4450.60,4450.80,90,140,230,-50.00,0.00,-58.00,2.60,92.3,-36,240,0.1600,0.0370,-171.00,66.00,4427.46,2.5198,UP,230.20,0.9991,2.0498
20260810 195324 184,4450.60,1,4450.50,4450.60,0.10,4450.50,1,4450.40,5,4450.30,5,4450.20,10,4450.10,7,4450.00,16,4449.90,14,4449.80,12,4449.70,11,4449.60,17,4450.60,2,4450.70,4,4450.80,5,4450.90,5,4451.00,10,4451.10,5,4451.20,7,4451.30,14,4451.40,16,4451.50,18,Sell,23,51,74,-28.00,-1.00,-28.00,0.60,66.7,4451.00,4451.20,4450.60,4450.60,90,140,230,-50.00,0.00,-58.00,2.60,92.3,-36,240,0.1600,0.0000,-172.00,65.00,4427.44,2.5135,UP,230.20,0.9991,2.0498
20260810 195324 833,4450.70,1,4450.60,4450.80,0.20,4450.60,3,4450.50,5,4450.40,7,4450.30,5,4450.20,10,4450.10,7,4450.00,16,4449.90,14,4449.80,12,4449.70,11,4450.80,1,4450.90,4,4451.00,9,4451.10,5,4451.20,16,4451.30,15,4451.40,17,4451.50,18,4451.60,17,4451.70,15,Buy,24,51,75,-27.00,-1.00,-28.00,0.60,50.0,4451.00,4451.20,4450.60,4450.70,90,140,230,-50.00,0.00,-58.00,2.60,92.3,-36,240,0.1600,0.0370,-171.00,66.00,4427.45,2.5167,UP,230.20,0.9991,2.0498
20260810 195325 044,4450.60,1,4450.50,4450.80,0.30,4450.50,6,4450.40,8,4450.30,5,4450.20,10,4450.10,7,4450.00,16,4449.90,14,4449.80,12,4449.70,11,4449.60,18,4450.80,3,4450.90,6,4451.00,11,4451.10,8,4451.20,16,4451.30,14,4451.40,17,4451.50,18,4451.60,17,4451.70,15,Sell,24,52,76,-28.00,-1.00,-28.00,0.60,66.7,4451.00,4451.20,4450.60,4450.60,90,140,230,-50.00,0.00,-58.00,2.60,92.3,-36,240,0.1600,0.0000,-172.00,65.00,4427.44,2.5135,UP,230.20,0.9991,2.0498
20260810 195325 044,4450.60,1,4450.50,4450.80,0.30,4450.50,6,4450.40,8,4450.30,5,4450.20,10,4450.10,7,4450.00,16,4449.90,14,4449.80,12,4449.70,11,4449.60,18,4450.80,3,4450.90,6,4451.00,11,4451.10,8,4451.20,16,4451.30,14,4451.40,17,4451.50,18,4451.60,17,4451.70,15,Sell,24,53,77,-29.00,-1.00,-29.00,0.60,66.7,4451.00,4451.20,4450.60,4450.60,90,140,230,-50.00,0.00,-58.00,2.60,92.3,-36,240,0.1600,0.0000,-173.00,64.00,4427.44,2.5135,UP,230.20,0.9991,2.0498
20260810 195325 044,4450.60,1,4450.50,4450.80,0.30,4450.50,6,4450.40,8,4450.30,5,4450.20,10,4450.10,7,4450.00,16,4449.90,14,4449.80,12,4449.70,11,4449.60,18,4450.80,3,4450.90,6,4451.00,11,4451.10,8,4451.20,16,4451.30,14,4451.40,17,4451.50,18,4451.60,17,4451.70,15,Sell,24,54,78,-30.00,-1.00,-30.00,0.60,66.7,4451.00,4451.20,4450.60,4450.60,90,140,230,-50.00,0.00,-58.00,2.60,92.3,-36,240,0.1600,0.0000,-174.00,63.00,4427.44,2.5135,UP,230.20,0.9991,2.0498
20260810 195325 044,4450.60,1,4450.50,4450.80,0.30,4450.50,6,4450.40,8,4450.30,5,4450.20,10,4450.10,7,4450.00,16,4449.90,14,4449.80,12,4449.70,11,4449.60,18,4450.80,3,4450.90,6,4451.00,11,4451.10,8,4451.20,16,4451.30,14,4451.40,17,4451.50,18,4451.60,17,4451.70,15,Sell,24,55,79,-31.00,-1.00,-31.00,0.60,66.7,4451.00,4451.20,4450.60,4450.60,90,140,230,-50.00,0.00,-58.00,2.60,92.3,-36,240,0.1600,0.0000,-175.00,62.00,4427.44,2.5135,UP,230.20,0.9991,2.0498
20260810 195325 044,4450.50,1,4450.50,4450.80,0.30,4450.50,6,4450.40,8,4450.30,5,4450.20,10,4450.10,7,4450.00,16,4449.90,14,4449.80,12,4449.70,11,4449.60,18,4450.80,3,4450.90,6,4451.00,11,4451.10,8,4451.20,16,4451.30,14,4451.40,17,4451.50,18,4451.60,17,4451.70,15,Sell,24,56,80,-32.00,-1.00,-32.00,0.70,71.4,4451.00,4451.20,4450.50,4450.50,90,140,230,-50.00,0.00,-58.00,2.60,92.3,-36,240,0.1600,0.0000,-176.00,61.00,4427.43,2.5103,UP,230.20,0.9991,2.0570
20260810 195325 044,4450.50,1,4450.50,4450.80,0.30,4450.50,6,4450.40,8,4450.30,5,4450.20,10,4450.10,7,4450.00,16,4449.90,14,4449.80,12,4449.70,11,4449.60,18,4450.80,3,4450.90,6,4451.00,11,4451.10,8,4451.20,16,4451.30,14,4451.40,17,4451.50,18,4451.60,17,4451.70,15,Sell,24,57,81,-33.00,-1.00,-33.00,0.70,71.4,4451.00,4451.20,4450.50,4450.50,90,140,230,-50.00,0.00,-58.00,2.60,92.3,-36,240,0.1600,0.0000,-177.00,60.00,4427.43,2.5103,UP,230.20,0.9991,2.0570
20260810 195325 044,4450.50,1,4450.50,4450.80,0.30,4450.50,6,4450.40,8,4450.30,5,4450.20,10,4450.10,7,4450.00,16,4449.90,14,4449.80,12,4449.70,11,4449.60,18,4450.80,3,4450.90,6,4451.00,11,4451.10,8,4451.20,16,4451.30,14,4451.40,17,4451.50,18,4451.60,17,4451.70,15,Sell,24,58,82,-34.00,-1.00,-34.00,0.70,71.4,4451.00,4451.20,4450.50,4450.50,90,140,230,-50.00,0.00,-58.00,2.60,92.3,-36,240,0.1600,0.0000,-178.00,59.00,4427.43,2.5103,UP,230.20,0.9991,2.0570
20260810 195325 044,4450.50,2,4450.50,4450.80,0.30,4450.50,6,4450.40,8,4450.30,5,4450.20,10,4450.10,7,4450.00,16,4449.90,14,4449.80,12,4449.70,11,4449.60,18,4450.80,3,4450.90,6,4451.00,11,4451.10,8,4451.20,16,4451.30,14,4451.40,17,4451.50,18,4451.60,17,4451.70,15,Sell,24,60,84,-36.00,-1.00,-36.00,0.70,71.4,4451.00,4451.20,4450.50,4450.50,90,140,230,-50.00,0.00,-58.00,2.60,92.3,-36,240,0.1600,0.0000,-180.00,57.00,4427.43,2.5103,UP,230.20,0.9991,2.0570
20260810 195325 044,4450.50,1,4450.50,4450.80,0.30,4450.50,6,4450.40,8,4450.30,5,4450.20,10,4450.10,7,4450.00,16,4449.90,14,4449.80,12,4449.70,11,4449.60,18,4450.80,3,4450.90,6,4451.00,11,4451.10,8,4451.20,16,4451.30,14,4451.40,17,4451.50,18,4451.60,17,4451.70,15,Sell,24,61,85,-37.00,-1.00,-37.00,0.70,71.4,4451.00,4451.20,4450.50,4450.50,90,140,230,-50.00,0.00,-58.00,2.60,92.3,-36,240,0.1600,0.0000,-181.00,56.00,4427.43,2.5103,UP,230.20,0.9991,2.0570
20260810 195325 045,4450.50,1,4450.50,4450.80,0.30,4450.50,6,4450.40,8,4450.30,5,4450.20,10,4450.10,7,4450.00,16,4449.90,14,4449.80,12,4449.70,11,4449.60,18,4450.80,3,4450.90,6,4451.00,11,4451.10,8,4451.20,16,4451.30,14,4451.40,17,4451.50,18,4451.60,17,4451.70,15,Sell,24,62,86,-38.00,-1.00,-38.00,0.70,71.4,4451.00,4451.20,4450.50,4450.50,90,140,230,-50.00,0.00,-58.00,2.60,92.3,-36,240,0.1600,0.0000,-182.00,55.00,4427.43,2.5103,UP,230.20,0.9991,2.0570
20260810 195325 045,4450.40,1,4450.50,4450.80,0.30,4450.50,6,4450.40,8,4450.30,5,4450.20,10,4450.10,7,4450.00,16,4449.90,14,4449.80,12,4449.70,11,4449.60,18,4450.80,3,4450.90,6,4451.00,11,4451.10,8,4451.20,16,4451.30,14,4451.40,17,4451.50,18,4451.60,17,4451.70,15,Sell,24,63,87,-39.00,-1.00,-39.00,0.80,75.0,4451.00,4451.20,4450.40,4450.40,90,140,230,-50.00,0.00,-58.00,2.60,92.3,-36,240,0.1600,0.0000,-183.00,54.00,4427.42,2.5071,UP,230.20,0.9991,2.0641
20260810 195325 045,4450.40,1,4450.50,4450.80,0.30,4450.50,6,4450.40,8,4450.30,5,4450.20,10,4450.10,7,4450.00,16,4449.90,14,4449.80,12,4449.70,11,4449.60,18,4450.80,3,4450.90,6,4451.00,11,4451.10,8,4451.20,16,4451.30,14,4451.40,17,4451.50,18,4451.60,17,4451.70,15,Sell,24,64,88,-40.00,-1.00,-40.00,0.80,75.0,4451.00,4451.20,4450.40,4450.40,90,140,230,-50.00,0.00,-58.00,2.60,92.3,-36,240,0.1600,0.0000,-184.00,53.00,4427.42,2.5071,UP,230.20,0.9991,2.0641
20260810 195325 045,4450.40,1,4450.50,4450.80,0.30,4450.50,6,4450.40,8,4450.30,5,4450.20,10,4450.10,7,4450.00,16,4449.90,14,4449.80,12,4449.70,11,4449.60,18,4450.80,3,4450.90,6,4451.00,11,4451.10,8,4451.20,16,4451.30,14,4451.40,17,4451.50,18,4451.60,17,4451.70,15,Sell,24,65,89,-41.00,-1.00,-41.00,0.80,75.0,4451.00,4451.20,4450.40,4450.40,90,140,230,-50.00,0.00,-58.00,2.60,92.3,-36,240,0.1600,0.0000,-185.00,52.00,4427.42,2.5071,UP,230.20,0.9991,2.0641
20260810 195325 188,4450.80,1,4450.50,4450.80,0.30,4450.50,6,4450.40,8,4450.30,5,4450.20,10,4450.10,7,4450.00,16,4449.90,14,4449.80,12,4449.70,11,4449.60,18,4450.80,2,4450.90,6,4451.00,11,4451.10,8,4451.20,16,4451.30,14,4451.40,17,4451.50,18,4451.60,17,4451.70,15,Buy,25,65,90,-40.00,-1.00,-41.00,0.80,25.0,4451.00,4451.20,4450.40,4450.80,90,140,230,-50.00,0.00,-58.00,2.60,92.3,-36,240,0.1600,0.0250,-184.00,53.00,4427.46,2.5198,UP,230.20,0.9991,2.0641
20260810 195325 202,4450.80,1,4450.50,4450.80,0.30,4450.50,6,4450.40,8,4450.30,5,4450.20,10,4450.10,7,4450.00,16,4449.90,14,4449.80,12,4449.70,11,4449.60,18,4450.80,2,4450.90,6,4451.00,11,4451.10,8,4451.20,16,4451.30,14,4451.40,17,4451.50,18,4451.60,17,4451.70,15,Buy,26,65,91,-39.00,-1.00,-41.00,0.80,25.0,4451.00,4451.20,4450.40,4450.80,90,140,230,-50.00,0.00,-58.00,2.60,92.3,-36,240,0.1600,0.0513,-183.00,54.00,4427.46,2.5198,UP,230.20,0.9991,2.0641
20260810 195326 821,4450.60,1,4450.50,4450.80,0.30,4450.50,8,4450.40,7,4450.30,5,4450.20,10,4450.10,7,4450.00,16,4449.90,14,4449.80,12,4449.70,11,4449.60,18,4450.80,2,4450.90,4,4451.00,9,4451.10,8,4451.20,18,4451.30,16,4451.40,17,4451.50,18,4451.60,17,4451.70,15,Sell,26,66,92,-40.00,-1.00,-41.00,0.80,50.0,4451.00,4451.20,4450.40,4450.60,90,140,230,-50.00,0.00,-58.00,2.60,92.3,-36,240,0.1600,0.0250,-184.00,53.00,4427.44,2.5135,UP,230.20,0.9991,2.0641
20260810 195326 942,4450.50,1,4450.50,4450.80,0.30,4450.50,5,4450.40,7,4450.30,5,4450.20,10,4450.10,7,4450.00,16,4449.90,14,4449.80,12,4449.70,11,4449.60,18,4450.80,3,4450.90,4,4451.00,11,4451.10,8,4451.20,18,4451.30,16,4451.40,17,4451.50,18,4451.60,17,4451.70,15,Sell,26,67,93,-41.00,-1.00,-41.00,0.80,62.5,4451.00,4451.20,4450.40,4450.50,90,140,230,-50.00,0.00,-58.00,2.60,92.3,-36,240,0.1600,0.0000,-185.00,52.00,4427.43,2.5103,UP,230.20,0.9991,2.0641
20260810 195326 942,4450.50,1,4450.50,4450.80,0.30,4450.50,5,4450.40,7,4450.30,5,4450.20,10,4450.10,7,4450.00,16,4449.90,14,4449.80,12,4449.70,11,4449.60,18,4450.80,3,4450.90,4,4451.00,11,4451.10,8,4451.20,18,4451.30,16,4451.40,17,4451.50,18,4451.60,17,4451.70,15,Sell,26,68,94,-42.00,-1.00,-42.00,0.80,62.5,4451.00,4451.20,4450.40,4450.50,90,140,230,-50.00,0.00,-58.00,2.60,92.3,-36,240,0.1600,0.0000,-186.00,51.00,4427.43,2.5103,UP,230.20,0.9991,2.0641
20260810 195326 942,4450.50,1,4450.50,4450.80,0.30,4450.50,5,4450.40,7,4450.30,5,4450.20,10,4450.10,7,4450.00,16,4449.90,14,4449.80,12,4449.70,11,4449.60,18,4450.80,3,4450.90,4,4451.00,11,4451.10,8,4451.20,18,4451.30,16,4451.40,17,4451.50,18,4451.60,17,4451.70,15,Sell,26,69,95,-43.00,-1.00,-43.00,0.80,62.5,4451.00,4451.20,4450.40,4450.50,90,140,230,-50.00,0.00,-58.00,2.60,92.3,-36,240,0.1600,0.0000,-187.00,50.00,4427.43,2.5103,UP,230.20,0.9991,2.0641
20260810 195327 138,4450.70,1,4450.60,4450.80,0.20,4450.50,4,4450.40,7,4450.30,5,4450.20,10,4450.10,7,4450.00,16,4449.90,16,4449.80,12,4449.70,11,4449.60,18,4450.70,1,4450.80,4,4450.90,6,4451.00,11,4451.10,8,4451.20,18,4451.30,17,4451.40,17,4451.50,18,4451.60,17,Buy,27,69,96,-42.00,-1.00,-43.00,0.80,37.5,4451.00,4451.20,4450.40,4450.70,90,140,230,-50.00,0.00,-58.00,2.60,92.3,-36,240,0.1600,0.0238,-186.00,51.00,4427.45,2.5167,UP,230.20,0.9991,2.0641
20260810 195327 140,4450.60,1,4450.60,4450.80,0.20,4450.50,4,4450.40,7,4450.30,5,4450.20,10,4450.10,7,4450.00,16,4449.90,16,4449.80,12,4449.70,11,4449.60,18,4450.70,1,4450.80,4,4450.90,6,4451.00,11,4451.10,8,4451.20,18,4451.30,17,4451.40,17,4451.50,18,4451.60,17,Sell,27,70,97,-43.00,-1.00,-43.00,0.80,50.0,4451.00,4451.20,4450.40,4450.60,90,140,230,-50.00,0.00,-58.00,2.60,92.3,-36,240,0.1600,0.0000,-187.00,50.00,4427.44,2.5135,UP,230.20,0.9991,2.0641
20260810 195328 167,4450.50,2,4450.40,4450.50,0.10,4450.40,2,4450.20,6,4450.10,7,4450.00,9,4449.90,9,4449.80,12,4449.70,11,4449.60,16,4449.50,15,4449.40,13,4450.60,2,4450.70,5,4450.80,7,4450.90,6,4451.00,11,4451.10,7,4451.20,18,4451.30,17,4451.40,17,4451.50,17,Buy,29,70,99,-41.00,-1.00,-43.00,0.80,62.5,4451.00,4451.20,4450.40,4450.50,90,140,230,-50.00,0.00,-58.00,2.60,92.3,-36,240,0.1600,0.0488,-185.00,52.00,4427.43,2.5103,UP,230.20,0.9991,2.0641
20260810 195329 009,4450.40,1,4450.20,4450.40,0.20,4450.20,2,4450.10,6,4450.00,9,4449.90,9,4449.80,7,4449.70,13,4449.60,16,4449.50,15,4449.40,15,4449.30,14,4450.40,2,4450.50,5,4450.60,5,4450.70,6,4450.80,7,4450.90,6,4451.00,11,4451.10,16,4451.20,18,4451.30,17,Sell,29,71,100,-42.00,-1.00,-43.00,0.80,75.0,4451.00,4451.20,4450.40,4450.40,90,140,230,-50.00,0.00,-58.00,2.60,92.3,-36,240,0.1600,0.0238,-186.00,51.00,4427.42,2.5071,UP,230.20,0.9991,2.0641
20260810 195329 009,4450.40,1,4450.20,4450.40,0.20,4450.20,2,4450.10,6,4450.00,9,4449.90,9,4449.80,7,4449.70,13,4449.60,16,4449.50,15,4449.40,15,4449.30,14,4450.40,2,4450.50,5,4450.60,5,4450.70,6,4450.80,7,4450.90,6,4451.00,11,4451.10,16,4451.20,18,4451.30,17,Sell,29,72,101,-43.00,-1.00,-43.00,0.80,75.0,4451.00,4451.20,4450.40,4450.40,90,140,230,-50.00,0.00,-58.00,2.60,92.3,-36,240,0.1600,0.0000,-187.00,50.00,4427.42,2.5071,UP,230.20,0.9991,2.0641
20260810 195329 010,4450.40,1,4450.20,4450.40,0.20,4450.20,2,4450.10,6,4450.00,9,4449.90,9,4449.80,7,4449.70,13,4449.60,16,4449.50,15,4449.40,15,4449.30,14,4450.40,2,4450.50,5,4450.60,5,4450.70,6,4450.80,7,4450.90,6,4451.00,11,4451.10,16,4451.20,18,4451.30,17,Sell,29,73,102,-44.00,-1.00,-44.00,0.80,75.0,4451.00,4451.20,4450.40,4450.40,90,140,230,-50.00,0.00,-58.00,2.60,92.3,-36,240,0.1600,0.0000,-188.00,49.00,4427.42,2.5071,UP,230.20,0.9991,2.0641
20260810 195329 598,4450.20,1,4449.90,4450.10,0.20,4449.90,5,4449.80,5,4449.70,6,4449.60,9,4449.50,8,4449.40,16,4449.30,15,4449.20,17,4449.10,16,4449.00,14,4450.10,1,4450.20,4,4450.30,7,4450.40,7,4450.50,5,4450.60,7,4450.70,15,4450.80,15,4450.90,15,4451.00,20,Sell,29,74,103,-45.00,-1.00,-45.00,1.00,80.0,4451.00,4451.20,4450.20,4450.20,90,140,230,-50.00,0.00,-58.00,2.60,92.3,-36,240,0.1600,0.0000,-189.00,48.00,4427.40,2.5008,UP,230.20,0.9991,2.0784
20260810 195329 598,4450.10,1,4449.90,4450.10,0.20,4449.90,5,4449.80,5,4449.70,6,4449.60,9,4449.50,8,4449.40,16,4449.30,15,4449.20,17,4449.10,16,4449.00,14,4450.10,1,4450.20,4,4450.30,7,4450.40,7,4450.50,5,4450.60,7,4450.70,15,4450.80,15,4450.90,15,4451.00,20,Sell,29,75,104,-46.00,-1.00,-46.00,1.10,81.8,4451.00,4451.20,4450.10,4450.10,90,140,230,-50.00,0.00,-58.00,2.60,92.3,-36,240,0.1600,0.0000,-190.00,47.00,4427.39,2.4976,UP,230.20,0.9991,2.0855
20260810 195329 598,4450.10,1,4449.90,4450.10,0.20,4449.90,5,4449.80,5,4449.70,6,4449.60,9,4449.50,8,4449.40,16,4449.30,15,4449.20,17,4449.10,16,4449.00,14,4450.10,1,4450.20,4,4450.30,7,4450.40,7,4450.50,5,4450.60,7,4450.70,15,4450.80,15,4450.90,15,4451.00,20,Sell,29,76,105,-47.00,-1.00,-47.00,1.10,81.8,4451.00,4451.20,4450.10,4450.10,90,140,230,-50.00,0.00,-58.00,2.60,92.3,-36,240,0.1600,0.0000,-191.00,46.00,4427.39,2.4976,UP,230.20,0.9991,2.0855
20260810 195329 598,4450.00,1,4449.90,4450.10,0.20,4449.90,5,4449.80,5,4449.70,6,4449.60,9,4449.50,8,4449.40,16,4449.30,15,4449.20,17,4449.10,16,4449.00,14,4450.10,1,4450.20,4,4450.30,7,4450.40,7,4450.50,5,4450.60,7,4450.70,15,4450.80,15,4450.90,15,4451.00,20,Sell,29,77,106,-48.00,-1.00,-48.00,1.20,83.3,4451.00,4451.20,4450.00,4450.00,90,140,230,-50.00,0.00,-58.00,2.60,92.3,-36,240,0.1600,0.0000,-192.00,45.00,4427.38,2.4944,UP,230.20,0.9991,2.0927
20260810 195329 598,4450.00,1,4449.90,4450.10,0.20,4449.90,5,4449.80,5,4449.70,6,4449.60,9,4449.50,8,4449.40,16,4449.30,15,4449.20,17,4449.10,16,4449.00,14,4450.10,1,4450.20,4,4450.30,7,4450.40,7,4450.50,5,4450.60,7,4450.70,15,4450.80,15,4450.90,15,4451.00,20,Sell,29,78,107,-49.00,-1.00,-49.00,1.20,83.3,4451.00,4451.20,4450.00,4450.00,90,140,230,-50.00,0.00,-58.00,2.60,92.3,-36,240,0.1600,0.0000,-193.00,44.00,4427.38,2.4944,UP,230.20,0.9991,2.0927
20260810 195329 598,4450.00,1,4449.90,4450.10,0.20,4449.90,5,4449.80,5,4449.70,6,4449.60,9,4449.50,8,4449.40,16,4449.30,15,4449.20,17,4449.10,16,4449.00,14,4450.10,1,4450.20,4,4450.30,7,4450.40,7,4450.50,5,4450.60,7,4450.70,15,4450.80,15,4450.90,15,4451.00,20,Sell,29,79,108,-50.00,-1.00,-50.00,1.20,83.3,4451.00,4451.20,4450.00,4450.00,90,140,230,-50.00,0.00,-58.00,2.60,92.3,-36,240,0.1600,0.0000,-194.00,43.00,4427.38,2.4944,UP,230.20,0.9991,2.0927
20260810 195329 598,4450.00,1,4449.90,4450.10,0.20,4449.90,5,4449.80,5,4449.70,6,4449.60,9,4449.50,8,4449.40,16,4449.30,15,4449.20,17,4449.10,16,4449.00,14,4450.10,1,4450.20,4,4450.30,7,4450.40,7,4450.50,5,4450.60,7,4450.70,15,4450.80,15,4450.90,15,4451.00,20,Sell,29,80,109,-51.00,-1.00,-51.00,1.20,83.3,4451.00,4451.20,4450.00,4450.00,90,140,230,-50.00,0.00,-58.00,2.60,92.3,-36,240,0.1600,0.0000,-195.00,42.00,4427.38,2.4944,UP,230.20,0.9991,2.0927
20260810 195329 598,4450.00,1,4449.90,4450.10,0.20,4449.90,5,4449.80,5,4449.70,6,4449.60,9,4449.50,8,4449.40,16,4449.30,15,4449.20,17,4449.10,16,4449.00,14,4450.10,1,4450.20,4,4450.30,7,4450.40,7,4450.50,5,4450.60,7,4450.70,15,4450.80,15,4450.90,15,4451.00,20,Sell,29,81,110,-52.00,-1.00,-52.00,1.20,83.3,4451.00,4451.20,4450.00,4450.00,90,140,230,-50.00,0.00,-58.00,2.60,92.3,-36,240,0.1600,0.0000,-196.00,41.00,4427.38,2.4944,UP,230.20,0.9991,2.0927
20260810 195329 598,4450.00,1,4449.90,4450.10,0.20,4449.90,5,4449.80,5,4449.70,6,4449.60,9,4449.50,8,4449.40,16,4449.30,15,4449.20,17,4449.10,16,4449.00,14,4450.10,1,4450.20,4,4450.30,7,4450.40,7,4450.50,5,4450.60,7,4450.70,15,4450.80,15,4450.90,15,4451.00,20,Sell,29,82,111,-53.00,-1.00,-53.00,1.20,83.3,4451.00,4451.20,4450.00,4450.00,90,140,230,-50.00,0.00,-58.00,2.60,92.3,-36,240,0.1600,0.0000,-197.00,40.00,4427.38,2.4944,UP,230.20,0.9991,2.0927
20260810 195329 598,4450.00,1,4449.90,4450.10,0.20,4449.90,5,4449.80,5,4449.70,6,4449.60,9,4449.50,8,4449.40,16,4449.30,15,4449.20,17,4449.10,16,4449.00,14,4450.10,1,4450.20,4,4450.30,7,4450.40,7,4450.50,5,4450.60,7,4450.70,15,4450.80,15,4450.90,15,4451.00,20,Sell,29,83,112,-54.00,-1.00,-54.00,1.20,83.3,4451.00,4451.20,4450.00,4450.00,90,140,230,-50.00,0.00,-58.00,2.60,92.3,-36,240,0.1600,0.0000,-198.00,39.00,4427.38,2.4944,UP,230.20,0.9991,2.0927
20260810 195330 614,4450.00,1,4449.90,4450.00,0.10,4449.90,2,4449.80,4,4449.70,6,4449.60,9,4449.50,8,4449.40,16,4449.30,15,4449.20,17,4449.10,17,4449.00,15,4450.00,1,4450.10,5,4450.20,4,4450.30,7,4450.40,7,4450.50,6,4450.60,7,4450.70,15,4450.80,15,4450.90,15,Buy,30,83,113,-53.00,-1.00,-54.00,1.20,83.3,4451.00,4451.20,4450.00,4450.00,90,140,230,-50.00,0.00,-58.00,2.60,92.3,-36,240,0.1600,0.0189,-197.00,40.00,4427.38,2.4944,UP,230.20,0.9991,2.0927
20260810 195330 747,4450.00,1,4450.00,4450.20,0.20,4450.00,1,4449.90,6,4449.80,4,4449.70,6,4449.60,8,4449.50,7,4449.40,16,4449.30,15,4449.20,17,4449.10,17,4450.20,3,4450.30,7,4450.40,7,4450.50,6,4450.60,6,4450.70,16,4450.80,15,4450.90,15,4451.00,19,4451.10,15,Sell,30,84,114,-54.00,-1.00,-54.00,1.20,83.3,4451.00,4451.20,4450.00,4450.00,90,140,230,-50.00,0.00,-58.00,2.60,92.3,-36,240,0.1600,0.0000,-198.00,39.00,4427.38,2.4944,UP,230.20,0.9991,2.0927
20260810 195331 560,4450.00,1,4450.00,4450.20,0.20,4450.00,2,4449.90,8,4449.80,7,4449.70,6,4449.60,8,4449.50,7,4449.40,9,4449.30,17,4449.20,20,4449.10,19,4450.20,2,4450.30,6,4450.40,6,4450.50,5,4450.60,7,4450.70,15,4450.80,16,4450.90,15,4451.00,19,4451.10,15,Sell,30,85,115,-55.00,-1.00,-55.00,1.20,83.3,4451.00,4451.20,4450.00,4450.00,90,140,230,-50.00,0.00,-58.00,2.60,92.3,-36,240,0.1600,0.0000,-199.00,38.00,4427.38,2.4944,UP,230.20,0.9991,2.0927
20260810 195331 714,4450.00,1,4450.00,4450.30,0.30,4450.00,5,4449.90,8,4449.80,8,4449.70,6,4449.60,9,4449.50,7,4449.40,9,4449.30,17,4449.20,19,4449.10,19,4450.30,4,4450.40,6,4450.50,5,4450.60,6,4450.70,15,4450.80,16,4450.90,15,4451.00,19,4451.10,15,4451.20,17,Sell,30,86,116,-56.00,-1.00,-56.00,1.20,83.3,4451.00,4451.20,4450.00,4450.00,90,140,230,-50.00,0.00,-58.00,2.60,92.3,-36,240,0.1600,0.0000,-200.00,37.00,4427.38,2.4944,UP,230.20,0.9991,2.0927
20260810 195331 849,4450.30,1,4450.10,4450.30,0.20,4450.10,3,4450.00,5,4449.90,8,4449.80,10,4449.70,7,4449.60,9,4449.50,8,4449.40,18,4449.30,17,4449.20,19,4450.30,3,4450.40,4,4450.50,5,4450.60,6,4450.70,6,4450.80,16,4450.90,16,4451.00,19,4451.10,15,4451.20,17,Buy,31,86,117,-55.00,-1.00,-56.00,1.20,58.3,4451.00,4451.20,4450.00,4450.30,90,140,230,-50.00,0.00,-58.00,2.60,92.3,-36,240,0.1600,0.0182,-199.00,38.00,4427.41,2.5040,UP,230.20,0.9991,2.0927
20260810 195331 849,4450.30,1,4450.10,4450.30,0.20,4450.10,3,4450.00,5,4449.90,8,4449.80,10,4449.70,7,4449.60,9,4449.50,8,4449.40,18,4449.30,17,4449.20,19,4450.30,3,4450.40,4,4450.50,5,4450.60,6,4450.70,6,4450.80,16,4450.90,16,4451.00,19,4451.10,15,4451.20,17,Buy,32,86,118,-54.00,-1.00,-56.00,1.20,58.3,4451.00,4451.20,4450.00,4450.30,90,140,230,-50.00,0.00,-58.00,2.60,92.3,-36,240,0.1600,0.0370,-198.00,39.00,4427.41,2.5040,UP,230.20,0.9991,2.0927
20260810 195333 531,4450.10,1,4450.10,4450.30,0.20,4450.10,3,4450.00,5,4449.90,7,4449.80,10,4449.70,8,4449.60,9,4449.50,17,4449.40,19,4449.30,17,4449.20,19,4450.30,1,4450.40,5,4450.50,4,4450.60,6,4450.70,6,4450.80,15,4450.90,15,4451.00,19,4451.10,15,4451.20,17,Sell,32,87,119,-55.00,-1.00,-56.00,1.20,75.0,4451.00,4451.20,4450.00,4450.10,90,140,230,-50.00,0.00,-58.00,2.60,92.3,-36,240,0.1600,0.0182,-199.00,38.00,4427.39,2.4976,UP,230.20,0.9991,2.0927
20260810 195333 531,4450.10,1,4450.10,4450.30,0.20,4450.10,3,4450.00,5,4449.90,7,4449.80,10,4449.70,8,4449.60,9,4449.50,17,4449.40,19,4449.30,17,4449.20,19,4450.30,1,4450.40,5,4450.50,4,4450.60,6,4450.70,6,4450.80,15,4450.90,15,4451.00,19,4451.10,15,4451.20,17,Sell,32,88,120,-56.00,-1.00,-56.00,1.20,75.0,4451.00,4451.20,4450.00,4450.10,90,140,230,-50.00,0.00,-58.00,2.60,92.3,-36,240,0.1600,0.0000,-200.00,37.00,4427.39,2.4976,UP,230.20,0.9991,2.0927
20260810 195333 663,4450.10,1,4450.00,4450.30,0.30,4450.00,2,4449.50,12,4449.40,19,4449.30,17,4449.20,20,4449.10,19,4449.00,17,4448.90,14,4448.80,17,4448.70,13,4450.30,3,4450.40,5,4450.50,4,4450.60,6,4450.70,6,4450.80,15,4450.90,15,4451.00,19,4451.10,15,4451.20,17,Sell,32,89,121,-57.00,-1.00,-57.00,1.20,75.0,4451.00,4451.20,4450.00,4450.10,90,140,230,-50.00,0.00,-58.00,2.60,92.3,-36,240,0.1600,0.0000,-201.00,36.00,4427.39,2.4976,UP,230.20,0.9991,2.0927
20260810 195333 663,4450.10,1,4450.00,4450.30,0.30,4450.00,2,4449.50,12,4449.40,19,4449.30,17,4449.20,20,4449.10,19,4449.00,17,4448.90,14,4448.80,17,4448.70,13,4450.30,3,4450.40,5,4450.50,4,4450.60,6,4450.70,6,4450.80,15,4450.90,15,4451.00,19,4451.10,15,4451.20,17,Sell,32,90,122,-58.00,-1.00,-58.00,1.20,75.0,4451.00,4451.20,4450.00,4450.10,90,140,230,-50.00,0.00,-58.00,2.60,92.3,-36,240,0.1600,0.0000,-202.00,35.00,4427.39,2.4976,UP,230.20,0.9991,2.0927
20260810 195333 663,4450.10,1,4450.00,4450.30,0.30,4450.00,2,4449.50,12,4449.40,19,4449.30,17,4449.20,20,4449.10,19,4449.00,17,4448.90,14,4448.80,17,4448.70,13,4450.30,3,4450.40,5,4450.50,4,4450.60,6,4450.70,6,4450.80,15,4450.90,15,4451.00,19,4451.10,15,4451.20,17,Sell,32,91,123,-59.00,-1.00,-59.00,1.20,75.0,4451.00,4451.20,4450.00,4450.10,90,140,230,-50.00,0.00,-58.00,2.60,92.3,-36,240,0.1600,0.0000,-203.00,34.00,4427.39,2.4976,UP,230.20,0.9991,2.0927
20260810 195333 663,4450.00,1,4450.00,4450.30,0.30,4450.00,2,4449.50,12,4449.40,19,4449.30,17,4449.20,20,4449.10,19,4449.00,17,4448.90,14,4448.80,17,4448.70,13,4450.30,3,4450.40,5,4450.50,4,4450.60,6,4450.70,6,4450.80,15,4450.90,15,4451.00,19,4451.10,15,4451.20,17,Sell,32,92,124,-60.00,-1.00,-60.00,1.20,83.3,4451.00,4451.20,4450.00,4450.00,90,140,230,-50.00,0.00,-58.00,2.60,92.3,-36,240,0.1600,0.0000,-204.00,33.00,4427.38,2.4944,UP,230.20,0.9991,2.0927
20260810 195333 663,4450.00,1,4450.00,4450.30,0.30,4450.00,2,4449.50,12,4449.40,19,4449.30,17,4449.20,20,4449.10,19,4449.00,17,4448.90,14,4448.80,17,4448.70,13,4450.30,3,4450.40,5,4450.50,4,4450.60,6,4450.70,6,4450.80,15,4450.90,15,4451.00,19,4451.10,15,4451.20,17,Sell,32,93,125,-61.00,-1.00,-61.00,1.20,83.3,4451.00,4451.20,4450.00,4450.00,90,140,230,-50.00,0.00,-58.00,2.60,92.3,-36,240,0.1600,0.0000,-205.00,32.00,4427.38,2.4944,UP,230.20,0.9991,2.0927
20260810 195333 663,4450.00,1,4450.00,4450.30,0.30,4450.00,2,4449.50,12,4449.40,19,4449.30,17,4449.20,20,4449.10,19,4449.00,17,4448.90,14,4448.80,17,4448.70,13,4450.30,3,4450.40,5,4450.50,4,4450.60,6,4450.70,6,4450.80,15,4450.90,15,4451.00,19,4451.10,15,4451.20,17,Sell,32,94,126,-62.00,-1.00,-62.00,1.20,83.3,4451.00,4451.20,4450.00,4450.00,90,140,230,-50.00,0.00,-58.00,2.60,92.3,-36,240,0.1600,0.0000,-206.00,31.00,4427.38,2.4944,UP,230.20,0.9991,2.0927
20260810 195333 663,4450.00,1,4450.00,4450.30,0.30,4450.00,2,4449.50,12,4449.40,19,4449.30,17,4449.20,20,4449.10,19,4449.00,17,4448.90,14,4448.80,17,4448.70,13,4450.30,3,4450.40,5,4450.50,4,4450.60,6,4450.70,6,4450.80,15,4450.90,15,4451.00,19,4451.10,15,4451.20,17,Sell,32,95,127,-63.00,-1.00,-63.00,1.20,83.3,4451.00,4451.20,4450.00,4450.00,90,140,230,-50.00,0.00,-58.00,2.60,92.3,-36,240,0.1600,0.0000,-207.00,30.00,4427.38,2.4944,UP,230.20,0.9991,2.0927
20260810 195333 663,4450.00,1,4450.00,4450.30,0.30,4450.00,2,4449.50,12,4449.40,19,4449.30,17,4449.20,20,4449.10,19,4449.00,17,4448.90,14,4448.80,17,4448.70,13,4450.30,3,4450.40,5,4450.50,4,4450.60,6,4450.70,6,4450.80,15,4450.90,15,4451.00,19,4451.10,15,4451.20,17,Sell,32,96,128,-64.00,-1.00,-64.00,1.20,83.3,4451.00,4451.20,4450.00,4450.00,90,140,230,-50.00,0.00,-58.00,2.60,92.3,-36,240,0.1600,0.0000,-208.00,29.00,4427.38,2.4944,UP,230.20,0.9991,2.0927
20260810 195333 663,4449.90,1,4450.00,4450.20,0.20,4450.00,4,4449.70,3,4449.60,8,4449.50,15,4449.40,18,4449.30,17,4449.20,20,4449.10,19,4449.00,17,4448.90,14,4450.20,2,4450.30,4,4450.40,5,4450.50,6,4450.60,6,4450.70,6,4450.80,15,4450.90,15,4451.00,19,4451.10,15,Sell,32,97,129,-65.00,-1.00,-65.00,1.30,84.6,4451.00,4451.20,4449.90,4449.90,90,140,230,-50.00,0.00,-58.00,2.60,92.3,-36,240,0.1600,0.0000,-209.00,28.00,4427.37,2.4913,UP,230.20,0.9991,2.0998
20260810 195333 663,4449.90,1,4450.00,4450.20,0.20,4450.00,4,4449.70,3,4449.60,8,4449.50,15,4449.40,18,4449.30,17,4449.20,20,4449.10,19,4449.00,17,4448.90,14,4450.20,2,4450.30,4,4450.40,5,4450.50,6,4450.60,6,4450.70,6,4450.80,15,4450.90,15,4451.00,19,4451.10,15,Sell,32,98,130,-66.00,-1.00,-66.00,1.30,84.6,4451.00,4451.20,4449.90,4449.90,90,140,230,-50.00,0.00,-58.00,2.60,92.3,-36,240,0.1600,0.0000,-210.00,27.00,4427.37,2.4913,UP,230.20,0.9991,2.0998
20260810 195333 663,4449.90,1,4450.00,4450.20,0.20,4450.00,4,4449.70,3,4449.60,8,4449.50,15,4449.40,18,4449.30,17,4449.20,20,4449.10,19,4449.00,17,4448.90,14,4450.20,2,4450.30,4,4450.40,5,4450.50,6,4450.60,6,4450.70,6,4450.80,15,4450.90,15,4451.00,19,4451.10,15,Sell,32,99,131,-67.00,-1.00,-67.00,1.30,84.6,4451.00,4451.20,4449.90,4449.90,90,140,230,-50.00,0.00,-58.00,2.60,92.3,-36,240,0.1600,0.0000,-211.00,26.00,4427.37,2.4913,UP,230.20,0.9991,2.0998
20260810 195333 663,4449.90,1,4450.00,4450.20,0.20,4450.00,4,4449.70,3,4449.60,8,4449.50,15,4449.40,18,4449.30,17,4449.20,20,4449.10,19,4449.00,17,4448.90,14,4450.20,2,4450.30,4,4450.40,5,4450.50,6,4450.60,6,4450.70,6,4450.80,15,4450.90,15,4451.00,19,4451.10,15,Sell,32,100,132,-68.00,-1.00,-68.00,1.30,84.6,4451.00,4451.20,4449.90,4449.90,90,140,230,-50.00,0.00,-58.00,2.60,92.3,-36,240,0.1600,0.0000,-212.00,25.00,4427.37,2.4913,UP,230.20,0.9991,2.0998
20260810 195333 663,4449.90,2,4450.00,4450.20,0.20,4450.00,4,4449.70,3,4449.60,8,4449.50,15,4449.40,18,4449.30,17,4449.20,20,4449.10,19,4449.00,17,4448.90,14,4450.20,2,4450.30,4,4450.40,5,4450.50,6,4450.60,6,4450.70,6,4450.80,15,4450.90,15,4451.00,19,4451.10,15,Sell,32,102,134,-70.00,-1.00,-70.00,1.30,84.6,4451.00,4451.20,4449.90,4449.90,90,140,230,-50.00,0.00,-58.00,2.60,92.3,-36,240,0.1600,0.0000,-214.00,23.00,4427.37,2.4913,UP,230.20,0.9991,2.0998
20260810 195333 663,4449.90,1,4450.00,4450.20,0.20,4450.00,4,4449.70,3,4449.60,8,4449.50,15,4449.40,18,4449.30,17,4449.20,20,4449.10,19,4449.00,17,4448.90,14,4450.20,2,4450.30,4,4450.40,5,4450.50,6,4450.60,6,4450.70,6,4450.80,15,4450.90,15,4451.00,19,4451.10,15,Sell,32,103,135,-71.00,-1.00,-71.00,1.30,84.6,4451.00,4451.20,4449.90,4449.90,90,140,230,-50.00,0.00,-58.00,2.60,92.3,-36,240,0.1600,0.0000,-215.00,22.00,4427.37,2.4913,UP,230.20,0.9991,2.0998
20260810 195333 663,4449.80,1,4450.00,4450.20,0.20,4450.00,4,4449.70,3,4449.60,8,4449.50,15,4449.40,18,4449.30,17,4449.20,20,4449.10,19,4449.00,17,4448.90,14,4450.20,2,4450.30,4,4450.40,5,4450.50,6,4450.60,6,4450.70,6,4450.80,15,4450.90,15,4451.00,19,4451.10,15,Sell,32,104,136,-72.00,-1.00,-72.00,1.40,85.7,4451.00,4451.20,4449.80,4449.80,90,140,230,-50.00,0.00,-58.00,2.60,92.3,-36,240,0.1600,0.0000,-216.00,21.00,4427.36,2.4881,UP,230.20,0.9991,2.1070
20260810 195333 663,4449.80,1,4450.00,4450.20,0.20,4450.00,4,4449.70,3,4449.60,8,4449.50,15,4449.40,18,4449.30,17,4449.20,20,4449.10,19,4449.00,17,4448.90,14,4450.20,2,4450.30,4,4450.40,5,4450.50,6,4450.60,6,4450.70,6,4450.80,15,4450.90,15,4451.00,19,4451.10,15,Sell,32,105,137,-73.00,-1.00,-73.00,1.40,85.7,4451.00,4451.20,4449.80,4449.80,90,140,230,-50.00,0.00,-58.00,2.60,92.3,-36,240,0.1600,0.0000,-217.00,20.00,4427.36,2.4881,UP,230.20,0.9991,2.1070
20260810 195333 663,4449.80,1,4450.00,4450.20,0.20,4450.00,4,4449.70,3,4449.60,8,4449.50,15,4449.40,18,4449.30,17,4449.20,20,4449.10,19,4449.00,17,4448.90,14,4450.20,2,4450.30,4,4450.40,5,4450.50,6,4450.60,6,4450.70,6,4450.80,15,4450.90,15,4451.00,19,4451.10,15,Sell,32,106,138,-74.00,-1.00,-74.00,1.40,85.7,4451.00,4451.20,4449.80,4449.80,90,140,230,-50.00,0.00,-58.00,2.60,92.3,-36,240,0.1600,0.0000,-218.00,19.00,4427.36,2.4881,UP,230.20,0.9991,2.1070
20260810 195333 663,4449.80,1,4450.00,4450.20,0.20,4450.00,4,4449.70,3,4449.60,8,4449.50,15,4449.40,18,4449.30,17,4449.20,20,4449.10,19,4449.00,17,4448.90,14,4450.20,2,4450.30,4,4450.40,5,4450.50,6,4450.60,6,4450.70,6,4450.80,15,4450.90,15,4451.00,19,4451.10,15,Sell,32,107,139,-75.00,-1.00,-75.00,1.40,85.7,4451.00,4451.20,4449.80,4449.80,90,140,230,-50.00,0.00,-58.00,2.60,92.3,-36,240,0.1600,0.0000,-219.00,18.00,4427.36,2.4881,UP,230.20,0.9991,2.1070
20260810 195333 663,4449.80,1,4450.00,4450.20,0.20,4450.00,4,4449.70,3,4449.60,8,4449.50,15,4449.40,18,4449.30,17,4449.20,20,4449.10,19,4449.00,17,4448.90,14,4450.20,2,4450.30,4,4450.40,5,4450.50,6,4450.60,6,4450.70,6,4450.80,15,4450.90,15,4451.00,19,4451.10,15,Sell,32,108,140,-76.00,-1.00,-76.00,1.40,85.7,4451.00,4451.20,4449.80,4449.80,90,140,230,-50.00,0.00,-58.00,2.60,92.3,-36,240,0.1600,0.0000,-220.00,17.00,4427.36,2.4881,UP,230.20,0.9991,2.1070
20260810 195333 663,4449.80,1,4450.00,4450.20,0.20,4450.00,4,4449.70,3,4449.60,8,4449.50,15,4449.40,18,4449.30,17,4449.20,20,4449.10,19,4449.00,17,4448.90,14,4450.20,2,4450.30,4,4450.40,5,4450.50,6,4450.60,6,4450.70,6,4450.80,15,4450.90,15,4451.00,19,4451.10,15,Sell,32,109,141,-77.00,-1.00,-77.00,1.40,85.7,4451.00,4451.20,4449.80,4449.80,90,140,230,-50.00,0.00,-58.00,2.60,92.3,-36,240,0.1600,0.0000,-221.00,16.00,4427.36,2.4881,UP,230.20,0.9991,2.1070
20260810 195333 663,4449.80,1,4450.00,4450.20,0.20,4450.00,4,4449.70,3,4449.60,8,4449.50,15,4449.40,18,4449.30,17,4449.20,20,4449.10,19,4449.00,17,4448.90,14,4450.20,2,4450.30,4,4450.40,5,4450.50,6,4450.60,6,4450.70,6,4450.80,15,4450.90,15,4451.00,19,4451.10,15,Sell,32,110,142,-78.00,-1.00,-78.00,1.40,85.7,4451.00,4451.20,4449.80,4449.80,90,140,230,-50.00,0.00,-58.00,2.60,92.3,-36,240,0.1600,0.0000,-222.00,15.00,4427.36,2.4881,UP,230.20,0.9991,2.1070
20260810 195333 663,4449.80,1,4450.00,4450.20,0.20,4450.00,4,4449.70,3,4449.60,8,4449.50,15,4449.40,18,4449.30,17,4449.20,20,4449.10,19,4449.00,17,4448.90,14,4450.20,2,4450.30,4,4450.40,5,4450.50,6,4450.60,6,4450.70,6,4450.80,15,4450.90,15,4451.00,19,4451.10,15,Sell,32,111,143,-79.00,-1.00,-79.00,1.40,85.7,4451.00,4451.20,4449.80,4449.80,90,140,230,-50.00,0.00,-58.00,2.60,92.3,-36,240,0.1600,0.0000,-223.00,14.00,4427.36,2.4881,UP,230.20,0.9991,2.1070
20260810 195333 663,4449.80,2,4450.00,4450.20,0.20,4450.00,4,4449.70,3,4449.60,8,4449.50,15,4449.40,18,4449.30,17,4449.20,20,4449.10,19,4449.00,17,4448.90,14,4450.20,2,4450.30,4,4450.40,5,4450.50,6,4450.60,6,4450.70,6,4450.80,15,4450.90,15,4451.00,19,4451.10,15,Sell,32,113,145,-81.00,-1.00,-81.00,1.40,85.7,4451.00,4451.20,4449.80,4449.80,90,140,230,-50.00,0.00,-58.00,2.60,92.3,-36,240,0.1600,0.0000,-225.00,12.00,4427.36,2.4881,UP,230.20,0.9991,2.1070
20260810 195333 663,4449.70,1,4450.00,4450.20,0.20,4450.00,4,4449.70,3,4449.60,8,4449.50,15,4449.40,18,4449.30,17,4449.20,20,4449.10,19,4449.00,17,4448.90,14,4450.20,2,4450.30,4,4450.40,5,4450.50,6,4450.60,6,4450.70,6,4450.80,15,4450.90,15,4451.00,19,4451.10,15,Sell,32,114,146,-82.00,-1.00,-82.00,1.50,86.7,4451.00,4451.20,4449.70,4449.70,90,140,230,-50.00,0.00,-58.00,2.60,92.3,-36,240,0.1600,0.0000,-226.00,11.00,4427.35,2.4849,UP,230.20,0.9991,2.1141
20260810 195333 663,4449.70,1,4450.00,4450.20,0.20,4450.00,4,4449.70,3,4449.60,8,4449.50,15,4449.40,18,4449.30,17,4449.20,20,4449.10,19,4449.00,17,4448.90,14,4450.20,2,4450.30,4,4450.40,5,4450.50,6,4450.60,6,4450.70,6,4450.80,15,4450.90,15,4451.00,19,4451.10,15,Sell,32,115,147,-83.00,-1.00,-83.00,1.50,86.7,4451.00,4451.20,4449.70,4449.70,90,140,230,-50.00,0.00,-58.00,2.60,92.3,-36,240,0.1600,0.0000,-227.00,10.00,4427.35,2.4849,UP,230.20,0.9991,2.1141
20260810 195333 663,4449.70,2,4450.00,4450.20,0.20,4450.00,4,4449.70,3,4449.60,8,4449.50,15,4449.40,18,4449.30,17,4449.20,20,4449.10,19,4449.00,17,4448.90,14,4450.20,2,4450.30,4,4450.40,5,4450.50,6,4450.60,6,4450.70,6,4450.80,15,4450.90,15,4451.00,19,4451.10,15,Sell,32,117,149,-85.00,-1.00,-85.00,1.50,86.7,4451.00,4451.20,4449.70,4449.70,90,140,230,-50.00,0.00,-58.00,2.60,92.3,-36,240,0.1600,0.0000,-229.00,8.00,4427.35,2.4849,UP,230.20,0.9991,2.1141
20260810 195333 663,4449.70,1,4450.00,4450.20,0.20,4450.00,4,4449.70,3,4449.60,8,4449.50,15,4449.40,18,4449.30,17,4449.20,20,4449.10,19,4449.00,17,4448.90,14,4450.20,2,4450.30,4,4450.40,5,4450.50,6,4450.60,6,4450.70,6,4450.80,15,4450.90,15,4451.00,19,4451.10,15,Sell,32,118,150,-86.00,-1.00,-86.00,1.50,86.7,4451.00,4451.20,4449.70,4449.70,90,140,230,-50.00,0.00,-58.00,2.60,92.3,-36,240,0.1600,0.0000,-230.00,7.00,4427.35,2.4849,UP,230.20,0.9991,2.1141
20260810 195333 663,4449.70,1,4450.00,4450.20,0.20,4450.00,4,4449.70,3,4449.60,8,4449.50,15,4449.40,18,4449.30,17,4449.20,20,4449.10,19,4449.00,17,4448.90,14,4450.20,2,4450.30,4,4450.40,5,4450.50,6,4450.60,6,4450.70,6,4450.80,15,4450.90,15,4451.00,19,4451.10,15,Sell,32,119,151,-87.00,-1.00,-87.00,1.50,86.7,4451.00,4451.20,4449.70,4449.70,90,140,230,-50.00,0.00,-58.00,2.60,92.3,-36,240,0.1600,0.0000,-231.00,6.00,4427.35,2.4849,UP,230.20,0.9991,2.1141
20260810 195333 663,4449.70,1,4450.00,4450.20,0.20,4450.00,4,4449.70,3,4449.60,8,4449.50,15,4449.40,18,4449.30,17,4449.20,20,4449.10,19,4449.00,17,4448.90,14,4450.20,2,4450.30,4,4450.40,5,4450.50,6,4450.60,6,4450.70,6,4450.80,15,4450.90,15,4451.00,19,4451.10,15,Sell,32,120,152,-88.00,-1.00,-88.00,1.50,86.7,4451.00,4451.20,4449.70,4449.70,90,140,230,-50.00,0.00,-58.00,2.60,92.3,-36,240,0.1600,0.0000,-232.00,5.00,4427.35,2.4849,UP,230.20,0.9991,2.1141
20260810 195333 663,4449.70,1,4450.00,4450.20,0.20,4450.00,4,4449.70,3,4449.60,8,4449.50,15,4449.40,18,4449.30,17,4449.20,20,4449.10,19,4449.00,17,4448.90,14,4450.20,2,4450.30,4,4450.40,5,4450.50,6,4450.60,6,4450.70,6,4450.80,15,4450.90,15,4451.00,19,4451.10,15,Sell,32,121,153,-89.00,-1.00,-89.00,1.50,86.7,4451.00,4451.20,4449.70,4449.70,90,140,230,-50.00,0.00,-58.00,2.60,92.3,-36,240,0.1600,0.0000,-233.00,4.00,4427.35,2.4849,UP,230.20,0.9991,2.1141
20260810 195333 663,4449.60,1,4450.00,4450.20,0.20,4450.00,4,4449.70,3,4449.60,8,4449.50,15,4449.40,18,4449.30,17,4449.20,20,4449.10,19,4449.00,17,4448.90,14,4450.20,2,4450.30,4,4450.40,5,4450.50,6,4450.60,6,4450.70,6,4450.80,15,4450.90,15,4451.00,19,4451.10,15,Sell,32,122,154,-90.00,-1.00,-90.00,1.60,87.5,4451.00,4451.20,4449.60,4449.60,90,140,230,-50.00,0.00,-58.00,2.60,92.3,-36,240,0.1600,0.0000,-234.00,3.00,4427.34,2.4818,UP,230.20,0.9991,2.1213
20260810 195333 663,4449.60,1,4450.00,4450.20,0.20,4450.00,4,4449.70,3,4449.60,8,4449.50,15,4449.40,18,4449.30,17,4449.20,20,4449.10,19,4449.00,17,4448.90,14,4450.20,2,4450.30,4,4450.40,5,4450.50,6,4450.60,6,4450.70,6,4450.80,15,4450.90,15,4451.00,19,4451.10,15,Sell,32,123,155,-91.00,-1.00,-91.00,1.60,87.5,4451.00,4451.20,4449.60,4449.60,90,140,230,-50.00,0.00,-58.00,2.60,92.3,-36,240,0.1600,0.0000,-235.00,2.00,4427.34,2.4818,UP,230.20,0.9991,2.1213
20260810 195333 663,4449.60,2,4450.00,4450.20,0.20,4450.00,4,4449.70,3,4449.60,8,4449.50,15,4449.40,18,4449.30,17,4449.20,20,4449.10,19,4449.00,17,4448.90,14,4450.20,2,4450.30,4,4450.40,5,4450.50,6,4450.60,6,4450.70,6,4450.80,15,4450.90,15,4451.00,19,4451.10,15,Sell,32,125,157,-93.00,-1.00,-93.00,1.60,87.5,4451.00,4451.20,4449.60,4449.60,90,140,230,-50.00,0.00,-58.00,2.60,92.3,-36,240,0.1600,0.0000,-237.00,0.00,4427.34,2.4818,UP,230.20,0.9991,2.1213
20260810 195333 663,4449.60,1,4450.00,4450.20,0.20,4450.00,4,4449.70,3,4449.60,8,4449.50,15,4449.40,18,4449.30,17,4449.20,20,4449.10,19,4449.00,17,4448.90,14,4450.20,2,4450.30,4,4450.40,5,4450.50,6,4450.60,6,4450.70,6,4450.80,15,4450.90,15,4451.00,19,4451.10,15,Sell,32,126,158,-94.00,-1.00,-94.00,1.60,87.5,4451.00,4451.20,4449.60,4449.60,90,140,230,-50.00,0.00,-58.00,2.60,92.3,-36,240,0.1600,0.0000,-238.00,-1.00,4427.34,2.4818,UP,230.20,0.9991,2.1213
20260810 195333 663,4449.60,1,4450.00,4450.20,0.20,4450.00,4,4449.70,3,4449.60,8,4449.50,15,4449.40,18,4449.30,17,4449.20,20,4449.10,19,4449.00,17,4448.90,14,4450.20,2,4450.30,4,4450.40,5,4450.50,6,4450.60,6,4450.70,6,4450.80,15,4450.90,15,4451.00,19,4451.10,15,Sell,32,127,159,-95.00,-1.00,-95.00,1.60,87.5,4451.00,4451.20,4449.60,4449.60,90,140,230,-50.00,0.00,-58.00,2.60,92.3,-36,240,0.1600,0.0000,-239.00,-2.00,4427.34,2.4818,UP,230.20,0.9991,2.1213
20260810 195333 663,4449.60,1,4450.00,4450.20,0.20,4450.00,4,4449.70,3,4449.60,8,4449.50,15,4449.40,18,4449.30,17,4449.20,20,4449.10,19,4449.00,17,4448.90,14,4450.20,2,4450.30,4,4450.40,5,4450.50,6,4450.60,6,4450.70,6,4450.80,15,4450.90,15,4451.00,19,4451.10,15,Sell,32,128,160,-96.00,-1.00,-96.00,1.60,87.5,4451.00,4451.20,4449.60,4449.60,90,140,230,-50.00,0.00,-58.00,2.60,92.3,-36,240,0.1600,0.0000,-240.00,-3.00,4427.34,2.4818,UP,230.20,0.9991,2.1213
20260810 195333 664,4449.60,1,4450.00,4450.20,0.20,4450.00,4,4449.70,3,4449.60,8,4449.50,15,4449.40,18,4449.30,17,4449.20,20,4449.10,19,4449.00,17,4448.90,14,4450.20,2,4450.30,4,4450.40,5,4450.50,6,4450.60,6,4450.70,6,4450.80,15,4450.90,15,4451.00,19,4451.10,15,Sell,32,129,161,-97.00,-1.00,-97.00,1.60,87.5,4451.00,4451.20,4449.60,4449.60,90,140,230,-50.00,0.00,-58.00,2.60,92.3,-36,240,0.1600,0.0000,-241.00,-4.00,4427.34,2.4818,UP,230.20,0.9991,2.1213
20260810 195333 664,4449.60,1,4450.00,4450.20,0.20,4450.00,4,4449.70,3,4449.60,8,4449.50,15,4449.40,18,4449.30,17,4449.20,20,4449.10,19,4449.00,17,4448.90,14,4450.20,2,4450.30,4,4450.40,5,4450.50,6,4450.60,6,4450.70,6,4450.80,15,4450.90,15,4451.00,19,4451.10,15,Sell,32,130,162,-98.00,-1.00,-98.00,1.60,87.5,4451.00,4451.20,4449.60,4449.60,90,140,230,-50.00,0.00,-58.00,2.60,92.3,-36,240,0.1600,0.0000,-242.00,-5.00,4427.34,2.4818,UP,230.20,0.9991,2.1213
20260810 195333 664,4449.50,1,4450.00,4450.20,0.20,4450.00,4,4449.70,3,4449.60,8,4449.50,15,4449.40,18,4449.30,17,4449.20,20,4449.10,19,4449.00,17,4448.90,14,4450.20,2,4450.30,4,4450.40,5,4450.50,6,4450.60,6,4450.70,6,4450.80,15,4450.90,15,4451.00,19,4451.10,15,Sell,32,131,163,-99.00,-1.00,-99.00,1.70,88.2,4451.00,4451.20,4449.50,4449.50,90,140,230,-50.00,0.00,-58.00,2.60,92.3,-36,240,0.1600,0.0000,-243.00,-6.00,4427.33,2.4786,UP,230.20,0.9991,2.1284
20260810 195333 664,4449.50,1,4450.00,4450.20,0.20,4450.00,4,4449.70,3,4449.60,8,4449.50,15,4449.40,18,4449.30,17,4449.20,20,4449.10,19,4449.00,17,4448.90,14,4450.20,2,4450.30,4,4450.40,5,4450.50,6,4450.60,6,4450.70,6,4450.80,15,4450.90,15,4451.00,19,4451.10,15,Sell,32,132,164,-100.00,-1.00,-100.00,1.70,88.2,4451.00,4451.20,4449.50,4449.50,90,140,230,-50.00,0.00,-58.00,2.60,92.3,-36,240,0.1600,0.0000,-244.00,-7.00,4427.33,2.4786,UP,230.20,0.9991,2.1284
20260810 195333 664,4449.50,1,4450.00,4450.20,0.20,4450.00,4,4449.70,3,4449.60,8,4449.50,15,4449.40,18,4449.30,17,4449.20,20,4449.10,19,4449.00,17,4448.90,14,4450.20,2,4450.30,4,4450.40,5,4450.50,6,4450.60,6,4450.70,6,4450.80,15,4450.90,15,4451.00,19,4451.10,15,Sell,32,133,165,-101.00,-1.00,-101.00,1.70,88.2,4451.00,4451.20,4449.50,4449.50,90,140,230,-50.00,0.00,-58.00,2.60,92.3,-36,240,0.1600,0.0000,-245.00,-8.00,4427.33,2.4786,UP,230.20,0.9991,2.1284
20260810 195333 664,4449.50,1,4450.00,4450.20,0.20,4450.00,4,4449.70,3,4449.60,8,4449.50,15,4449.40,18,4449.30,17,4449.20,20,4449.10,19,4449.00,17,4448.90,14,4450.20,2,4450.30,4,4450.40,5,4450.50,6,4450.60,6,4450.70,6,4450.80,15,4450.90,15,4451.00,19,4451.10,15,Sell,32,134,166,-102.00,-1.00,-102.00,1.70,88.2,4451.00,4451.20,4449.50,4449.50,90,140,230,-50.00,0.00,-58.00,2.60,92.3,-36,240,0.1600,0.0000,-246.00,-9.00,4427.33,2.4786,UP,230.20,0.9991,2.1284
20260810 195333 664,4449.50,1,4450.00,4450.20,0.20,4450.00,4,4449.70,3,4449.60,8,4449.50,15,4449.40,18,4449.30,17,4449.20,20,4449.10,19,4449.00,17,4448.90,14,4450.20,2,4450.30,4,4450.40,5,4450.50,6,4450.60,6,4450.70,6,4450.80,15,4450.90,15,4451.00,19,4451.10,15,Sell,32,135,167,-103.00,-1.00,-103.00,1.70,88.2,4451.00,4451.20,4449.50,4449.50,90,140,230,-50.00,0.00,-58.00,2.60,92.3,-36,240,0.1600,0.0000,-247.00,-10.00,4427.33,2.4786,UP,230.20,0.9991,2.1284
20260810 195333 664,4449.50,1,4450.00,4450.20,0.20,4450.00,4,4449.70,3,4449.60,8,4449.50,15,4449.40,18,4449.30,17,4449.20,20,4449.10,19,4449.00,17,4448.90,14,4450.20,2,4450.30,4,4450.40,5,4450.50,6,4450.60,6,4450.70,6,4450.80,15,4450.90,15,4451.00,19,4451.10,15,Sell,32,136,168,-104.00,-1.00,-104.00,1.70,88.2,4451.00,4451.20,4449.50,4449.50,90,140,230,-50.00,0.00,-58.00,2.60,92.3,-36,240,0.1600,0.0000,-248.00,-11.00,4427.33,2.4786,UP,230.20,0.9991,2.1284
20260810 195333 869,4450.00,1,4449.90,4450.10,0.20,4449.90,4,4449.80,8,4449.70,6,4449.60,8,4449.50,16,4449.40,17,4449.30,17,4449.20,20,4449.10,19,4449.00,17,4450.10,1,4450.20,3,4450.30,4,4450.40,5,4450.50,6,4450.60,7,4450.70,6,4450.80,15,4450.90,15,4451.00,19,Sell,32,137,169,-105.00,-1.00,-105.00,1.70,58.8,4451.00,4451.20,4449.50,4450.00,90,140,230,-50.00,0.00,-58.00,2.60,92.3,-36,240,0.1600,0.0000,-249.00,-12.00,4427.38,2.4944,UP,230.20,0.9991,2.1284
20260810 195334 165,4450.00,1,4450.00,4450.20,0.20,4450.00,1,4449.90,4,4449.80,8,4449.70,6,4449.60,8,4449.50,16,4449.40,17,4449.30,17,4449.20,20,4449.10,18,4450.20,4,4450.30,6,4450.40,5,4450.50,7,4450.60,7,4450.70,6,4450.80,15,4450.90,15,4451.00,19,4451.10,16,Sell,32,138,170,-106.00,-1.00,-106.00,1.70,58.8,4451.00,4451.20,4449.50,4450.00,90,140,230,-50.00,0.00,-58.00,2.60,92.3,-36,240,0.1600,0.0000,-250.00,-13.00,4427.38,2.4944,UP,230.20,0.9991,2.1284
20260810 195335 096,4450.00,1,4450.00,4450.20,0.20,4450.00,2,4449.90,4,4449.80,8,4449.70,6,4449.60,8,4449.50,16,4449.40,17,4449.30,18,4449.20,20,4449.10,18,4450.20,2,4450.30,5,4450.40,7,4450.50,5,4450.60,7,4450.70,15,4450.80,15,4450.90,15,4451.00,19,4451.10,16,Sell,32,139,171,-107.00,-1.00,-107.00,1.70,58.8,4451.00,4451.20,4449.50,4450.00,90,140,230,-50.00,0.00,-58.00,2.60,92.3,-36,240,0.1600,0.0000,-251.00,-14.00,4427.38,2.4944,UP,230.20,0.9991,2.1284
20260810 195336 237,4450.20,1,4450.10,4450.30,0.20,4450.10,1,4450.00,3,4449.90,4,4449.80,8,4449.70,7,4449.60,8,4449.50,16,4449.40,17,4449.30,16,4449.20,20,4450.30,4,4450.40,5,4450.50,5,4450.60,7,4450.70,16,4450.80,15,4450.90,15,4451.00,19,4451.10,16,4451.20,17,Buy,33,139,172,-106.00,-1.00,-107.00,1.70,47.1,4451.00,4451.20,4449.50,4450.20,90,140,230,-50.00,0.00,-58.00,2.60,92.3,-36,240,0.1600,0.0094,-250.00,-13.00,4427.40,2.5008,UP,230.20,0.9991,2.1284
20260810 195338 579,4450.00,1,4450.00,4450.30,0.30,4450.00,4,4449.90,7,4449.80,10,4449.70,6,4449.60,9,4449.50,17,4449.40,17,4449.30,17,4449.20,19,4449.10,20,4450.30,3,4450.40,3,4450.50,4,4450.60,6,4450.70,7,4450.80,15,4450.90,15,4451.00,20,4451.10,16,4451.20,18,Sell,33,140,173,-107.00,-1.00,-107.00,1.70,58.8,4451.00,4451.20,4449.50,4450.00,90,140,230,-50.00,0.00,-58.00,2.60,92.3,-36,240,0.1600,0.0000,-251.00,-14.00,4427.38,2.4944,UP,230.20,0.9991,2.1284
20260810 195342 598,4450.20,1,4450.10,4450.30,0.20,4450.10,3,4450.00,4,4449.90,7,4449.80,10,4449.70,6,4449.60,18,4449.50,17,4449.40,18,4449.30,17,4449.20,19,4450.30,2,4450.40,5,4450.50,8,4450.60,8,4450.70,6,4450.80,6,4450.90,15,4451.00,19,4451.10,16,4451.20,17,Sell,33,141,174,-108.00,-1.00,-108.00,1.70,47.1,4451.00,4451.20,4449.50,4450.20,90,140,230,-50.00,0.00,-58.00,2.60,92.3,-36,240,0.1600,0.0000,-252.00,-15.00,4427.40,2.5008,UP,230.20,0.9991,2.1284
20260810 195342 974,4450.20,1,4450.10,4450.30,0.20,4450.10,2,4450.00,4,4449.90,7,4449.80,10,4449.70,6,4449.60,18,4449.50,17,4449.40,18,4449.30,17,4449.20,19,4450.30,3,4450.40,8,4450.50,8,4450.60,8,4450.70,6,4450.80,14,4450.90,15,4451.00,19,4451.10,16,4451.20,17,Sell,33,142,175,-109.00,-1.00,-109.00,1.70,47.1,4451.00,4451.20,4449.50,4450.20,90,140,230,-50.00,0.00,-58.00,2.60,92.3,-36,240,0.1600,0.0000,-253.00,-16.00,4427.40,2.5008,UP,230.20,0.9991,2.1284
20260810 195342 974,4450.20,1,4450.10,4450.30,0.20,4450.10,2,4450.00,4,4449.90,7,4449.80,10,4449.70,6,4449.60,18,4449.50,17,4449.40,18,4449.30,17,4449.20,19,4450.30,3,4450.40,8,4450.50,8,4450.60,8,4450.70,6,4450.80,14,4450.90,15,4451.00,19,4451.10,16,4451.20,17,Sell,33,143,176,-110.00,-1.00,-110.00,1.70,47.1,4451.00,4451.20,4449.50,4450.20,90,140,230,-50.00,0.00,-58.00,2.60,92.3,-36,240,0.1600,0.0000,-254.00,-17.00,4427.40,2.5008,UP,230.20,0.9991,2.1284
20260810 195342 975,4450.10,1,4450.10,4450.30,0.20,4450.10,2,4450.00,4,4449.90,7,4449.80,10,4449.70,6,4449.60,18,4449.50,17,4449.40,18,4449.30,17,4449.20,19,4450.30,3,4450.40,8,4450.50,8,4450.60,8,4450.70,6,4450.80,14,4450.90,15,4451.00,19,4451.10,16,4451.20,17,Sell,33,144,177,-111.00,-1.00,-111.00,1.70,52.9,4451.00,4451.20,4449.50,4450.10,90,140,230,-50.00,0.00,-58.00,2.60,92.3,-36,240,0.1600,0.0000,-255.00,-18.00,4427.39,2.4976,UP,230.20,0.9991,2.1284
20260810 195342 976,4450.20,1,4450.10,4450.30,0.20,4450.10,2,4450.00,4,4449.90,7,4449.80,10,4449.70,6,4449.60,18,4449.50,17,4449.40,18,4449.30,17,4449.20,19,4450.30,3,4450.40,8,4450.50,8,4450.60,8,4450.70,6,4450.80,14,4450.90,15,4451.00,19,4451.10,16,4451.20,17,Buy,34,144,178,-110.00,-1.00,-111.00,1.70,47.1,4451.00,4451.20,4449.50,4450.20,90,140,230,-50.00,0.00,-58.00,2.60,92.3,-36,240,0.1600,0.0091,-254.00,-17.00,4427.40,2.5008,UP,230.20,0.9991,2.1284
20260810 195343 509,4450.20,1,4450.20,4450.40,0.20,4450.20,3,4450.10,5,4450.00,5,4449.90,5,4449.80,14,4449.70,6,4449.60,9,4449.50,16,4449.40,19,4449.30,17,4450.40,1,4450.50,7,4450.60,7,4450.70,15,4450.80,14,4450.90,15,4451.00,19,4451.10,16,4451.20,17,4451.30,17,Buy,35,144,179,-109.00,-1.00,-111.00,1.70,47.1,4451.00,4451.20,4449.50,4450.20,90,140,230,-50.00,0.00,-58.00,2.60,92.3,-36,240,0.1600,0.0183,-253.00,-16.00,4427.40,2.5008,UP,230.20,0.9991,2.1284
20260810 195344 240,4450.30,1,4450.30,4450.60,0.30,4450.30,3,4450.20,6,4450.10,6,4450.00,8,4449.90,5,4449.80,13,4449.70,15,4449.60,19,4449.50,16,4449.40,19,4450.60,5,4450.70,6,4450.80,6,4450.90,6,4451.00,18,4451.10,16,4451.20,17,4451.30,17,4451.40,16,4451.50,16,Sell,35,145,180,-110.00,-1.00,-111.00,1.70,41.2,4451.00,4451.20,4449.50,4450.30,90,140,230,-50.00,0.00,-58.00,2.60,92.3,-36,240,0.1600,0.0091,-254.00,-17.00,4427.41,2.5040,UP,230.20,0.9991,2.1284
20260810 195344 240,4450.50,1,4450.30,4450.60,0.30,4450.30,3,4450.20,6,4450.10,6,4450.00,8,4449.90,5,4449.80,13,4449.70,15,4449.60,19,4449.50,16,4449.40,19,4450.60,5,4450.70,6,4450.80,6,4450.90,6,4451.00,18,4451.10,16,4451.20,17,4451.30,17,4451.40,16,4451.50,16,Buy,36,145,181,-109.00,-1.00,-111.00,1.70,29.4,4451.00,4451.20,4449.50,4450.50,90,140,230,-50.00,0.00,-58.00,2.60,92.3,-36,240,0.1600,0.0183,-253.00,-16.00,4427.43,2.5103,UP,230.20,0.9991,2.1284
20260810 195345 469,4450.60,1,4450.50,4450.70,0.20,4450.50,1,4450.40,3,4450.30,4,4450.20,6,4450.10,6,4450.00,9,4449.90,6,4449.80,22,4449.70,16,4449.60,19,4450.70,4,4450.80,6,4450.90,6,4451.00,9,4451.10,16,4451.20,17,4451.30,17,4451.40,16,4451.50,16,4451.60,20,Sell,36,146,182,-110.00,-1.00,-111.00,1.70,23.5,4451.00,4451.20,4449.50,4450.60,90,140,230,-50.00,0.00,-58.00,2.60,92.3,-36,240,0.1600,0.0091,-254.00,-17.00,4427.44,2.5135,UP,230.20,0.9991,2.1284
20260810 195345 674,4450.50,1,4450.40,4450.60,0.20,4450.40,2,4450.30,4,4450.20,6,4450.10,6,4450.00,9,4449.90,6,4449.80,22,4449.70,16,4449.60,19,4449.50,15,4450.60,2,4450.70,6,4450.80,6,4450.90,6,4451.00,9,4451.10,15,4451.20,17,4451.30,17,4451.40,16,4451.50,16,Sell,36,147,183,-111.00,-1.00,-111.00,1.70,29.4,4451.00,4451.20,4449.50,4450.50,90,140,230,-50.00,0.00,-58.00,2.60,92.3,-36,240,0.1600,0.0000,-255.00,-18.00,4427.43,2.5103,UP,230.20,0.9991,2.1284
20260810 195346 151,4450.70,1,4450.50,4450.70,0.20,4450.50,3,4450.40,4,4450.30,4,4450.20,9,4450.10,6,4450.00,8,4449.90,6,4449.80,22,4449.70,17,4449.60,19,4450.80,4,4450.90,6,4451.00,9,4451.10,15,4451.20,17,4451.30,17,4451.40,16,4451.50,16,4451.60,21,4451.70,14,Buy,37,147,184,-110.00,-1.00,-111.00,1.70,17.6,4451.00,4451.20,4449.50,4450.70,90,140,230,-50.00,0.00,-58.00,2.60,92.3,-36,240,0.1600,0.0091,-254.00,-17.00,4427.45,2.5167,UP,230.20,0.9991,2.1284
20260810 195346 151,4450.80,1,4450.50,4450.70,0.20,4450.50,3,4450.40,4,4450.30,4,4450.20,9,4450.10,6,4450.00,8,4449.90,6,4449.80,22,4449.70,17,4449.60,19,4450.80,4,4450.90,6,4451.00,9,4451.10,15,4451.20,17,4451.30,17,4451.40,16,4451.50,16,4451.60,21,4451.70,14,Buy,38,147,185,-109.00,-1.00,-111.00,1.70,11.8,4451.00,4451.20,4449.50,4450.80,90,140,230,-50.00,0.00,-58.00,2.60,92.3,-36,240,0.1600,0.0183,-253.00,-16.00,4427.46,2.5198,UP,230.20,0.9991,2.1284
20260810 195346 151,4450.80,1,4450.50,4450.70,0.20,4450.50,3,4450.40,4,4450.30,4,4450.20,9,4450.10,6,4450.00,8,4449.90,6,4449.80,22,4449.70,17,4449.60,19,4450.80,4,4450.90,6,4451.00,9,4451.10,15,4451.20,17,4451.30,17,4451.40,16,4451.50,16,4451.60,21,4451.70,14,Buy,39,147,186,-108.00,-1.00,-111.00,1.70,11.8,4451.00,4451.20,4449.50,4450.80,90,140,230,-50.00,0.00,-58.00,2.60,92.3,-36,240,0.1600,0.0278,-252.00,-15.00,4427.46,2.5198,UP,230.20,0.9991,2.1284
20260810 195346 208,4450.80,2,4450.50,4450.70,0.20,4450.50,1,4450.40,4,4450.30,4,4450.20,8,4450.10,6,4450.00,8,4449.90,6,4449.80,22,4449.70,17,4449.60,19,4450.70,3,4450.80,6,4450.90,6,4451.00,9,4451.10,15,4451.20,17,4451.30,17,4451.40,16,4451.50,16,4451.60,21,Buy,41,147,188,-106.00,-1.00,-111.00,1.70,11.8,4451.00,4451.20,4449.50,4450.80,90,140,230,-50.00,0.00,-58.00,2.60,92.3,-36,240,0.1600,0.0472,-250.00,-13.00,4427.46,2.5198,UP,230.20,0.9991,2.1284
20260810 195346 208,4450.80,1,4450.50,4450.70,0.20,4450.50,1,4450.40,4,4450.30,4,4450.20,8,4450.10,6,4450.00,8,4449.90,6,4449.80,22,4449.70,17,4449.60,19,4450.70,3,4450.80,6,4450.90,6,4451.00,9,4451.10,15,4451.20,17,4451.30,17,4451.40,16,4451.50,16,4451.60,21,Buy,42,147,189,-105.00,-1.00,-111.00,1.70,11.8,4451.00,4451.20,4449.50,4450.80,90,140,230,-50.00,0.00,-58.00,2.60,92.3,-36,240,0.1600,0.0571,-249.00,-12.00,4427.46,2.5198,UP,230.20,0.9991,2.1284
20260810 195346 317,4450.30,1,4450.30,4450.60,0.30,4450.30,5,4450.20,6,4450.10,6,4450.00,8,4449.90,6,4449.80,22,4449.70,17,4449.60,19,4449.50,15,4449.40,19,4450.60,4,4450.70,5,4450.80,8,4450.90,7,4451.00,9,4451.10,15,4451.20,17,4451.30,16,4451.40,16,4451.50,16,Sell,42,148,190,-106.00,-1.00,-111.00,1.70,41.2,4451.00,4451.20,4449.50,4450.30,90,140,230,-50.00,0.00,-58.00,2.60,92.3,-36,240,0.1600,0.0472,-250.00,-13.00,4427.41,2.5040,UP,230.20,0.9991,2.1284
20260810 195347 230,4450.50,1,4450.40,4450.60,0.20,4450.40,1,4450.30,4,4450.20,5,4450.10,6,4450.00,8,4449.90,5,4449.80,14,4449.70,17,4449.60,19,4449.50,15,4450.60,4,4450.70,7,4450.80,8,4450.90,6,4451.00,18,4451.10,15,4451.20,17,4451.30,16,4451.40,16,4451.50,16,Buy,43,148,191,-105.00,-1.00,-111.00,1.70,29.4,4451.00,4451.20,4449.50,4450.50,90,140,230,-50.00,0.00,-58.00,2.60,92.3,-36,240,0.1600,0.0571,-249.00,-12.00,4427.43,2.5103,UP,230.20,0.9991,2.1284
20260810 195347 355,4450.50,1,4450.40,4450.50,0.10,4450.40,1,4450.30,3,4450.20,5,4450.10,5,4450.00,7,4449.90,5,4449.80,14,4449.70,17,4449.60,19,4449.50,15,4450.50,1,4450.60,4,4450.70,7,4450.80,8,4450.90,6,4451.00,18,4451.10,15,4451.20,17,4451.30,16,4451.40,16,Sell,43,149,192,-106.00,-1.00,-111.00,1.70,29.4,4451.00,4451.20,4449.50,4450.50,90,140,230,-50.00,0.00,-58.00,2.60,92.3,-36,240,0.1600,0.0472,-250.00,-13.00,4427.43,2.5103,UP,230.20,0.9991,2.1284
20260810 195347 746,4450.40,1,4450.30,4450.50,0.20,4450.30,4,4450.20,5,4450.10,5,4450.00,7,4449.90,5,4449.80,13,4449.70,17,4449.60,19,4449.50,15,4449.40,19,4450.50,1,4450.60,4,4450.70,7,4450.80,8,4450.90,6,4451.00,18,4451.10,15,4451.20,18,4451.30,16,4451.40,18,Sell,43,150,193,-107.00,-1.00,-111.00,1.70,35.3,4451.00,4451.20,4449.50,4450.40,90,140,230,-50.00,0.00,-58.00,2.60,92.3,-36,240,0.1600,0.0374,-251.00,-14.00,4427.42,2.5071,UP,230.20,0.9991,2.1284
20260810 195349 564,4450.70,1,4450.80,4451.00,0.20,4450.80,2,4450.70,7,4450.60,7,4450.50,7,4450.40,8,4450.30,3,4450.20,17,4450.10,16,4450.00,17,4449.90,15,4451.00,2,4451.10,4,4451.20,8,4451.30,7,4451.40,17,4451.50,18,4451.60,19,4451.70,14,4451.80,15,4451.90,14,Buy,44,150,194,-106.00,-1.00,-111.00,1.70,17.6,4451.00,4451.20,4449.50,4450.70,90,140,230,-50.00,0.00,-58.00,2.60,92.3,-36,240,0.1600,0.0472,-250.00,-13.00,4427.45,2.5167,UP,230.20,0.9991,2.1284
20260810 195349 564,4450.70,2,4450.80,4451.00,0.20,4450.80,2,4450.70,7,4450.60,7,4450.50,7,4450.40,8,4450.30,3,4450.20,17,4450.10,16,4450.00,17,4449.90,15,4451.00,2,4451.10,4,4451.20,8,4451.30,7,4451.40,17,4451.50,18,4451.60,19,4451.70,14,4451.80,15,4451.90,14,Buy,46,150,196,-104.00,-1.00,-111.00,1.70,17.6,4451.00,4451.20,4449.50,4450.70,90,140,230,-50.00,0.00,-58.00,2.60,92.3,-36,240,0.1600,0.0673,-248.00,-11.00,4427.45,2.5167,UP,230.20,0.9991,2.1284
20260810 195350 110,4450.70,1,4450.70,4451.00,0.30,4450.70,2,4450.60,7,4450.50,7,4450.40,7,4450.30,3,4450.20,18,4450.10,16,4450.00,17,4449.90,15,4449.80,20,4451.00,4,4451.10,5,4451.20,8,4451.30,7,4451.40,17,4451.50,18,4451.60,19,4451.70,15,4451.80,15,4451.90,14,Sell,46,151,197,-105.00,-1.00,-111.00,1.70,17.6,4451.00,4451.20,4449.50,4450.70,90,140,230,-50.00,0.00,-58.00,2.60,92.3,-36,240,0.1600,0.0571,-249.00,-12.00,4427.45,2.5167,UP,230.20,0.9991,2.1284
20260810 195350 851,4450.80,1,4450.80,4451.00,0.20,4450.80,3,4450.70,4,4450.60,7,4450.50,8,4450.40,8,4450.30,3,4450.20,18,4450.10,16,4450.00,17,4449.90,15,4451.00,2,4451.10,5,4451.20,8,4451.30,7,4451.40,9,4451.50,18,4451.60,19,4451.70,15,4451.80,15,4451.90,15,Sell,46,152,198,-106.00,-1.00,-111.00,1.70,11.8,4451.00,4451.20,4449.50,4450.80,90,140,230,-50.00,0.00,-58.00,2.60,92.3,-36,240,0.1600,0.0472,-250.00,-13.00,4427.46,2.5198,UP,230.20,0.9991,2.1284
20260810 195350 851,4450.80,1,4450.80,4451.00,0.20,4450.80,3,4450.70,4,4450.60,7,4450.50,8,4450.40,8,4450.30,3,4450.20,18,4450.10,16,4450.00,17,4449.90,15,4451.00,2,4451.10,5,4451.20,8,4451.30,7,4451.40,9,4451.50,18,4451.60,19,4451.70,15,4451.80,15,4451.90,15,Sell,46,153,199,-107.00,-1.00,-111.00,1.70,11.8,4451.00,4451.20,4449.50,4450.80,90,140,230,-50.00,0.00,-58.00,2.60,92.3,-36,240,0.1600,0.0374,-251.00,-14.00,4427.46,2.5198,UP,230.20,0.9991,2.1284
20260810 195351 408,4451.00,1,4450.80,4451.00,0.20,4450.80,2,4450.70,4,4450.60,7,4450.50,8,4450.40,7,4450.30,3,4450.20,18,4450.10,16,4450.00,17,4449.90,15,4451.10,7,4451.20,8,4451.30,7,4451.40,9,4451.50,18,4451.60,19,4451.70,15,4451.80,15,4451.90,15,4452.00,23,Buy,47,153,200,-106.00,-1.00,-111.00,1.70,0.0,4451.00,4451.20,4449.50,4451.00,90,140,230,-50.00,0.00,-58.00,2.60,92.3,-36,240,0.1600,0.0472,-250.00,-13.00,4427.48,2.5262,UP,230.20,0.9991,2.1284
20260810 195351 856,4450.70,1,4450.70,4450.90,0.20,4450.70,3,4450.60,7,4450.50,8,4450.40,7,4450.30,3,4450.20,18,4450.10,16,4450.00,17,4449.90,15,4449.80,21,4450.90,1,4451.00,4,4451.10,8,4451.20,8,4451.30,7,4451.40,10,4451.50,18,4451.60,18,4451.70,15,4451.80,15,Sell,47,154,201,-107.00,-1.00,-111.00,1.70,17.6,4451.00,4451.20,4449.50,4450.70,90,140,230,-50.00,0.00,-58.00,2.60,92.3,-36,240,0.1600,0.0374,-251.00,-14.00,4427.45,2.5167,UP,230.20,0.9991,2.1284
20260810 195352 289,4450.80,1,4450.80,4450.90,0.10,4450.60,3,4450.50,8,4450.40,6,4450.30,4,4450.20,18,4450.10,16,4450.00,17,4449.90,15,4449.80,21,4449.70,16,4450.90,3,4451.00,7,4451.10,8,4451.20,8,4451.30,7,4451.40,9,4451.50,18,4451.60,19,4451.70,15,4451.80,15,Sell,47,155,202,-108.00,-1.00,-111.00,1.70,11.8,4451.00,4451.20,4449.50,4450.80,90,140,230,-50.00,0.00,-58.00,2.60,92.3,-36,240,0.1600,0.0278,-252.00,-15.00,4427.46,2.5198,UP,230.20,0.9991,2.1284
20260810 195352 378,4450.80,1,4450.60,4450.90,0.30,4450.60,3,4450.50,8,4450.40,6,4450.30,4,4450.20,18,4450.10,16,4450.00,17,4449.90,15,4449.80,21,4449.70,16,4450.90,5,4451.00,7,4451.10,8,4451.20,9,4451.30,7,4451.40,18,4451.50,18,4451.60,19,4451.70,15,4451.80,15,Buy,48,155,203,-107.00,-1.00,-111.00,1.70,11.8,4451.00,4451.20,4449.50,4450.80,90,140,230,-50.00,0.00,-58.00,2.60,92.3,-36,240,0.1600,0.0374,-251.00,-14.00,4427.46,2.5198,UP,230.20,0.9991,2.1284
20260810 195355 866,4450.60,1,4450.50,4450.70,0.20,4450.50,3,4450.40,3,4450.30,3,4450.20,7,4450.10,8,4450.00,17,4449.90,15,4449.80,18,4449.70,16,4449.60,19,4450.70,3,4450.80,3,4450.90,5,4451.00,9,4451.10,8,4451.20,8,4451.30,19,4451.40,18,4451.50,18,4451.60,19,Sell,48,156,204,-108.00,-1.00,-111.00,1.70,23.5,4451.00,4451.20,4449.50,4450.60,90,140,230,-50.00,0.00,-58.00,2.60,92.3,-36,240,0.1600,0.0278,-252.00,-15.00,4427.44,2.5135,UP,230.20,0.9991,2.1284
20260810 195355 866,4450.60,1,4450.50,4450.70,0.20,4450.50,3,4450.40,3,4450.30,3,4450.20,7,4450.10,8,4450.00,17,4449.90,15,4449.80,18,4449.70,16,4449.60,19,4450.70,3,4450.80,3,4450.90,5,4451.00,9,4451.10,8,4451.20,8,4451.30,19,4451.40,18,4451.50,18,4451.60,19,Sell,48,157,205,-109.00,-1.00,-111.00,1.70,23.5,4451.00,4451.20,4449.50,4450.60,90,140,230,-50.00,0.00,-58.00,2.60,92.3,-36,240,0.1600,0.0183,-253.00,-16.00,4427.44,2.5135,UP,230.20,0.9991,2.1284
20260810 195355 920,4450.50,1,4450.30,4450.60,0.30,4450.30,4,4450.20,5,4450.10,5,4450.00,7,4449.90,15,4449.80,18,4449.70,16,4449.60,19,4449.50,15,4449.40,21,4450.60,4,4450.70,6,4450.80,5,4450.90,5,4451.00,9,4451.10,8,4451.20,17,4451.30,19,4451.40,18,4451.50,18,Sell,48,158,206,-110.00,-1.00,-111.00,1.70,29.4,4451.00,4451.20,4449.50,4450.50,90,140,230,-50.00,0.00,-58.00,2.60,92.3,-36,240,0.1600,0.0091,-254.00,-17.00,4427.43,2.5103,UP,230.20,0.9991,2.1284
20260810 195355 920,4450.50,1,4450.30,4450.60,0.30,4450.30,4,4450.20,5,4450.10,5,4450.00,7,4449.90,15,4449.80,18,4449.70,16,4449.60,19,4449.50,15,4449.40,21,4450.60,4,4450.70,6,4450.80,5,4450.90,5,4451.00,9,4451.10,8,4451.20,17,4451.30,19,4451.40,18,4451.50,18,Sell,48,159,207,-111.00,-1.00,-111.00,1.70,29.4,4451.00,4451.20,4449.50,4450.50,90,140,230,-50.00,0.00,-58.00,2.60,92.3,-36,240,0.1600,0.0000,-255.00,-18.00,4427.43,2.5103,UP,230.20,0.9991,2.1284
20260810 195356 166,4450.50,1,4450.30,4450.50,0.20,4450.30,3,4450.20,5,4450.10,6,4450.00,7,4449.90,15,4449.80,18,4449.70,16,4449.60,19,4449.50,15,4449.40,21,4450.60,4,4450.70,6,4450.80,5,4450.90,5,4451.00,9,4451.10,8,4451.20,17,4451.30,19,4451.40,18,4451.50,19,Buy,49,159,208,-110.00,-1.00,-111.00,1.70,29.4,4451.00,4451.20,4449.50,4450.50,90,140,230,-50.00,0.00,-58.00,2.60,92.3,-36,240,0.1600,0.0091,-254.00,-17.00,4427.43,2.5103,UP,230.20,0.9991,2.1284
20260810 195357 353,4450.60,1,4450.40,4450.60,0.20,4450.40,3,4450.30,4,4450.20,15,4450.10,6,4450.00,8,4449.90,15,4449.80,17,4449.70,16,4449.60,20,4449.50,15,4450.60,1,4450.70,6,4450.80,7,4450.90,8,4451.00,9,4451.10,8,4451.20,19,4451.30,19,4451.40,18,4451.50,18,Buy,50,159,209,-109.00,-1.00,-111.00,1.70,23.5,4451.00,4451.20,4449.50,4450.60,90,140,230,-50.00,0.00,-58.00,2.60,92.3,-36,240,0.1600,0.0183,-253.00,-16.00,4427.44,2.5135,UP,230.20,0.9991,2.1284
20260810 195357 422,4450.70,1,4450.60,4450.70,0.10,4450.50,2,4450.40,4,4450.30,4,4450.20,18,4450.10,6,4450.00,7,4449.90,15,4449.80,17,4449.70,16,4449.60,20,4450.70,2,4450.80,7,4450.90,8,4451.00,9,4451.10,8,4451.20,19,4451.30,19,4451.40,18,4451.50,18,4451.60,19,Buy,51,159,210,-108.00,-1.00,-111.00,1.70,17.6,4451.00,4451.20,4449.50,4450.70,90,140,230,-50.00,0.00,-58.00,2.60,92.3,-36,240,0.1600,0.0278,-252.00,-15.00,4427.45,2.5167,UP,230.20,0.9991,2.1284
20260810 195357 940,4450.60,1,4450.60,4450.80,0.20,4450.60,1,4450.50,5,4450.40,14,4450.30,5,4450.20,7,4450.10,6,4450.00,8,4449.90,15,4449.80,17,4449.70,16,4450.80,2,4450.90,4,4451.00,9,4451.10,8,4451.20,19,4451.30,19,4451.40,19,4451.50,18,4451.60,19,4451.70,15,Sell,51,160,211,-109.00,-1.00,-111.00,1.70,23.5,4451.00,4451.20,4449.50,4450.60,90,140,230,-50.00,0.00,-58.00,2.60,92.3,-36,240,0.1600,0.0183,-253.00,-16.00,4427.44,2.5135,UP,230.20,0.9991,2.1284
20260810 195400 578,4450.80,1,4450.60,4450.80,0.20,4450.80,1,4450.70,1,4450.60,4,4450.50,5,4450.40,5,4450.30,5,4450.20,7,4450.10,7,4450.00,17,4449.90,15,4450.90,2,4451.00,9,4451.10,8,4451.20,19,4451.30,19,4451.40,20,4451.50,18,4451.60,19,4451.70,15,4451.80,15,Buy,1,0,1,1.00,1.00,1.00,0.00,0.0,4450.80,4450.80,4450.80,4450.80,51,160,211,-109.00,-1.00,-111.00,1.70,23.5,-165,279,0.0183,0.0000,-200.00,109.00,4427.46,2.5198,UP,227.65,0.9269,1.9907
20260810 195407 007,4450.70,1,4450.60,4450.80,0.20,4450.60,2,4450.50,5,4450.40,5,4450.30,5,4450.20,7,4450.10,7,4450.00,17,4449.90,15,4449.80,19,4449.70,16,4450.80,3,4450.90,3,4451.00,7,4451.10,8,4451.20,10,4451.30,10,4451.40,18,4451.50,18,4451.60,19,4451.70,16,Sell,1,1,2,0.00,1.00,0.00,0.10,100.0,4450.80,4450.80,4450.70,4450.70,51,160,211,-109.00,-1.00,-111.00,1.70,23.5,-165,279,0.0183,1.0000,-201.00,108.00,4427.45,2.5167,UP,227.65,0.9269,1.9907
20260810 195407 768,4450.50,1,4450.50,4450.70,0.20,4450.50,4,4450.40,4,4450.30,5,4450.20,7,4450.10,7,4450.00,17,4449.90,15,4449.80,18,4449.70,16,4449.60,20,4450.70,1,4450.80,5,4450.90,6,4451.00,9,4451.10,9,4451.20,10,4451.30,10,4451.40,18,4451.50,18,4451.60,19,Sell,1,2,3,-1.00,1.00,-1.00,0.30,100.0,4450.80,4450.80,4450.50,4450.50,51,160,211,-109.00,-1.00,-111.00,1.70,23.5,-165,279,0.0183,0.0000,-202.00,107.00,4427.43,2.5103,UP,227.65,0.9269,1.9978
20260810 195410 010,4451.00,1,4451.00,4451.20,0.20,4451.00,5,4450.90,7,4450.80,7,4450.70,7,4450.60,8,4450.50,5,4450.40,8,4450.30,14,4450.20,17,4450.10,16,4451.20,2,4451.30,1,4451.40,9,4451.50,9,4451.60,11,4451.70,17,4451.80,15,4451.90,15,4452.00,20,4452.10,14,Buy,2,2,4,0.00,1.00,-1.00,0.50,40.0,4450.80,4451.00,4450.50,4451.00,51,160,211,-109.00,-1.00,-111.00,1.70,23.5,-165,279,0.0183,1.0000,-201.00,108.00,4427.48,2.5262,UP,227.65,0.9269,2.0121
20260810 195410 010,4451.00,1,4451.00,4451.20,0.20,4451.00,5,4450.90,7,4450.80,7,4450.70,7,4450.60,8,4450.50,5,4450.40,8,4450.30,14,4450.20,17,4450.10,16,4451.20,2,4451.30,1,4451.40,9,4451.50,9,4451.60,11,4451.70,17,4451.80,15,4451.90,15,4452.00,20,4452.10,14,Buy,3,2,5,1.00,1.00,-1.00,0.50,40.0,4450.80,4451.00,4450.50,4451.00,51,160,211,-109.00,-1.00,-111.00,1.70,23.5,-165,279,0.0183,0.0000,-200.00,109.00,4427.48,2.5262,UP,227.65,0.9269,2.0121
20260810 195410 060,4451.20,2,4451.10,4451.40,0.30,4451.10,4,4451.00,5,4450.90,7,4450.80,10,4450.70,7,4450.60,7,4450.50,14,4450.40,17,4450.30,14,4450.20,16,4451.40,6,4451.50,8,4451.60,11,4451.70,8,4451.80,17,4451.90,15,4452.00,20,4452.10,14,4452.20,15,4452.30,18,Buy,5,2,7,3.00,3.00,-1.00,0.70,57.1,4450.80,4451.20,4450.50,4451.20,51,160,211,-109.00,-1.00,-111.00,1.70,23.5,-165,279,0.0183,0.0000,-198.00,111.00,4427.50,2.5325,UP,227.65,0.9269,2.0264
20260810 195410 855,4451.30,1,4451.10,4451.40,0.30,4451.10,3,4451.00,4,4450.90,7,4450.80,12,4450.70,7,4450.60,8,4450.50,14,4450.40,17,4450.30,15,4450.20,16,4451.40,4,4451.50,8,4451.60,11,4451.70,8,4451.80,18,4451.90,17,4452.00,20,4452.10,15,4452.20,14,4452.30,18,Buy,6,2,8,4.00,4.00,-1.00,0.80,62.5,4450.80,4451.30,4450.50,4451.30,51,160,211,-109.00,-1.00,-111.00,1.70,23.5,-165,279,0.0183,0.0000,-197.00,112.00,4427.51,2.5357,UP,227.65,0.9269,2.0335
20260810 195411 243,4451.50,1,4451.20,4451.50,0.30,4451.20,3,4451.10,5,4451.00,4,4450.90,7,4450.80,12,4450.70,16,4450.60,17,4450.50,14,4450.40,17,4450.30,14,4451.50,4,4451.60,9,4451.70,9,4451.80,7,4451.90,16,4452.00,22,4452.10,17,4452.20,16,4452.30,19,4452.40,16,Sell,6,3,9,3.00,4.00,-1.00,1.00,70.0,4450.80,4451.50,4450.50,4451.50,51,160,211,-109.00,-1.00,-111.00,1.70,23.5,-165,279,0.0183,0.3333,-198.00,111.00,4427.52,2.5421,UP,227.65,0.9269,2.0478
20260810 195411 243,4451.60,1,4451.20,4451.50,0.30,4451.20,3,4451.10,5,4451.00,4,4450.90,7,4450.80,12,4450.70,16,4450.60,17,4450.50,14,4450.40,17,4450.30,14,4451.50,4,4451.60,9,4451.70,9,4451.80,7,4451.90,16,4452.00,22,4452.10,17,4452.20,16,4452.30,19,4452.40,16,Buy,7,3,10,4.00,4.00,-1.00,1.10,72.7,4450.80,4451.60,4450.50,4451.60,51,160,211,-109.00,-1.00,-111.00,1.70,23.5,-165,279,0.0183,0.0000,-197.00,112.00,4427.53,2.5452,UP,227.65,0.9269,2.0549
20260810 195411 243,4451.60,1,4451.20,4451.50,0.30,4451.20,3,4451.10,5,4451.00,4,4450.90,7,4450.80,12,4450.70,16,4450.60,17,4450.50,14,4450.40,17,4450.30,14,4451.50,4,4451.60,9,4451.70,9,4451.80,7,4451.90,16,4452.00,22,4452.10,17,4452.20,16,4452.30,19,4452.40,16,Buy,8,3,11,5.00,5.00,-1.00,1.10,72.7,4450.80,4451.60,4450.50,4451.60,51,160,211,-109.00,-1.00,-111.00,1.70,23.5,-165,279,0.0183,0.0000,-196.00,113.00,4427.53,2.5452,UP,227.65,0.9269,2.0549
20260810 195411 243,4451.60,1,4451.20,4451.50,0.30,4451.20,3,4451.10,5,4451.00,4,4450.90,7,4450.80,12,4450.70,16,4450.60,17,4450.50,14,4450.40,17,4450.30,14,4451.50,4,4451.60,9,4451.70,9,4451.80,7,4451.90,16,4452.00,22,4452.10,17,4452.20,16,4452.30,19,4452.40,16,Buy,9,3,12,6.00,6.00,-1.00,1.10,72.7,4450.80,4451.60,4450.50,4451.60,51,160,211,-109.00,-1.00,-111.00,1.70,23.5,-165,279,0.0183,0.0000,-195.00,114.00,4427.53,2.5452,UP,227.65,0.9269,2.0549
20260810 195411 243,4451.60,1,4451.20,4451.50,0.30,4451.20,3,4451.10,5,4451.00,4,4450.90,7,4450.80,12,4450.70,16,4450.60,17,4450.50,14,4450.40,17,4450.30,14,4451.50,4,4451.60,9,4451.70,9,4451.80,7,4451.90,16,4452.00,22,4452.10,17,4452.20,16,4452.30,19,4452.40,16,Buy,10,3,13,7.00,7.00,-1.00,1.10,72.7,4450.80,4451.60,4450.50,4451.60,51,160,211,-109.00,-1.00,-111.00,1.70,23.5,-165,279,0.0183,0.0000,-194.00,115.00,4427.53,2.5452,UP,227.65,0.9269,2.0549
20260810 195412 062,4451.20,1,4451.20,4451.40,0.20,4451.20,3,4451.10,5,4451.00,5,4450.90,8,4450.80,12,4450.70,7,4450.60,17,4450.50,14,4450.40,17,4450.30,14,4451.40,2,4451.50,5,4451.60,9,4451.70,9,4451.80,7,4451.90,16,4452.00,22,4452.10,17,4452.20,16,4452.30,19,Sell,10,4,14,6.00,7.00,-1.00,1.10,36.4,4450.80,4451.60,4450.50,4451.20,51,160,211,-109.00,-1.00,-111.00,1.70,23.5,-165,279,0.0183,0.1667,-195.00,114.00,4427.50,2.5325,UP,227.65,0.9269,2.0549
20260810 195412 457,4451.10,1,4451.10,4451.30,0.20,4451.10,1,4451.00,4,4450.90,7,4450.80,12,4450.70,7,4450.60,17,4450.50,14,4450.40,17,4450.30,14,4450.20,16,4451.30,3,4451.40,5,4451.50,5,4451.60,9,4451.70,10,4451.80,7,4451.90,16,4452.00,22,4452.10,17,4452.20,16,Sell,10,5,15,5.00,7.00,-1.00,1.10,27.3,4450.80,4451.60,4450.50,4451.10,51,160,211,-109.00,-1.00,-111.00,1.70,23.5,-165,279,0.0183,0.4000,-196.00,113.00,4427.49,2.5294,UP,227.65,0.9269,2.0549
20260810 195413 519,4451.60,1,4451.40,4451.70,0.30,4451.40,2,4451.30,5,4451.20,7,4451.10,6,4451.00,6,4450.90,7,4450.80,22,4450.70,16,4450.60,17,4450.50,14,4451.60,3,4451.70,8,4451.80,7,4451.90,8,4452.00,22,4452.10,17,4452.20,16,4452.30,19,4452.40,16,4452.50,16,Buy,11,5,16,6.00,7.00,-1.00,1.10,72.7,4450.80,4451.60,4450.50,4451.60,51,160,211,-109.00,-1.00,-111.00,1.70,23.5,-165,279,0.0183,0.1667,-195.00,114.00,4427.53,2.5452,UP,227.65,0.9269,2.0549
20260810 195413 519,4451.60,1,4451.40,4451.70,0.30,4451.40,2,4451.30,5,4451.20,7,4451.10,6,4451.00,6,4450.90,7,4450.80,22,4450.70,16,4450.60,17,4450.50,14,4451.60,3,4451.70,8,4451.80,7,4451.90,8,4452.00,22,4452.10,17,4452.20,16,4452.30,19,4452.40,16,4452.50,16,Buy,12,5,17,7.00,7.00,-1.00,1.10,72.7,4450.80,4451.60,4450.50,4451.60,51,160,211,-109.00,-1.00,-111.00,1.70,23.5,-165,279,0.0183,0.0000,-194.00,115.00,4427.53,2.5452,UP,227.65,0.9269,2.0549
20260810 195413 519,4451.60,1,4451.40,4451.70,0.30,4451.40,2,4451.30,5,4451.20,7,4451.10,6,4451.00,6,4450.90,7,4450.80,22,4450.70,16,4450.60,17,4450.50,14,4451.60,3,4451.70,8,4451.80,7,4451.90,8,4452.00,22,4452.10,17,4452.20,16,4452.30,19,4452.40,16,4452.50,16,Buy,13,5,18,8.00,8.00,-1.00,1.10,72.7,4450.80,4451.60,4450.50,4451.60,51,160,211,-109.00,-1.00,-111.00,1.70,23.5,-165,279,0.0183,0.0000,-193.00,116.00,4427.53,2.5452,UP,227.65,0.9269,2.0549
20260810 195413 519,4451.60,1,4451.40,4451.70,0.30,4451.40,2,4451.30,5,4451.20,7,4451.10,6,4451.00,6,4450.90,7,4450.80,22,4450.70,16,4450.60,17,4450.50,14,4451.60,3,4451.70,8,4451.80,7,4451.90,8,4452.00,22,4452.10,17,4452.20,16,4452.30,19,4452.40,16,4452.50,16,Buy,14,5,19,9.00,9.00,-1.00,1.10,72.7,4450.80,4451.60,4450.50,4451.60,51,160,211,-109.00,-1.00,-111.00,1.70,23.5,-165,279,0.0183,0.0000,-192.00,117.00,4427.53,2.5452,UP,227.65,0.9269,2.0549
20260810 195413 519,4451.70,1,4451.40,4451.70,0.30,4451.40,2,4451.30,5,4451.20,7,4451.10,6,4451.00,6,4450.90,7,4450.80,22,4450.70,16,4450.60,17,4450.50,14,4451.60,3,4451.70,8,4451.80,7,4451.90,8,4452.00,22,4452.10,17,4452.20,16,4452.30,19,4452.40,16,4452.50,16,Buy,15,5,20,10.00,10.00,-1.00,1.20,75.0,4450.80,4451.70,4450.50,4451.70,51,160,211,-109.00,-1.00,-111.00,1.70,23.5,-165,279,0.0183,0.0000,-191.00,118.00,4427.54,2.5484,UP,227.65,0.9269,2.0621
20260810 195413 519,4451.70,1,4451.40,4451.70,0.30,4451.40,2,4451.30,5,4451.20,7,4451.10,6,4451.00,6,4450.90,7,4450.80,22,4450.70,16,4450.60,17,4450.50,14,4451.60,3,4451.70,8,4451.80,7,4451.90,8,4452.00,22,4452.10,17,4452.20,16,4452.30,19,4452.40,16,4452.50,16,Buy,16,5,21,11.00,11.00,-1.00,1.20,75.0,4450.80,4451.70,4450.50,4451.70,51,160,211,-109.00,-1.00,-111.00,1.70,23.5,-165,279,0.0183,0.0000,-190.00,119.00,4427.54,2.5484,UP,227.65,0.9269,2.0621
20260810 195413 813,4451.60,1,4451.30,4451.60,0.30,4451.30,4,4451.20,7,4451.10,6,4451.00,6,4450.90,7,4450.80,22,4450.70,16,4450.60,17,4450.50,14,4450.40,17,4451.60,4,4451.70,8,4451.80,7,4451.90,8,4452.00,22,4452.10,17,4452.20,16,4452.30,19,4452.40,16,4452.50,16,Buy,17,5,22,12.00,12.00,-1.00,1.20,66.7,4450.80,4451.70,4450.50,4451.60,51,160,211,-109.00,-1.00,-111.00,1.70,23.5,-165,279,0.0183,0.0000,-189.00,120.00,4427.53,2.5452,UP,227.65,0.9269,2.0621
20260810 195413 895,4451.30,1,4451.40,4451.60,0.20,4451.40,2,4451.30,4,4451.20,7,4451.10,6,4451.00,7,4450.90,7,4450.80,22,4450.70,16,4450.60,17,4450.50,14,4451.60,3,4451.70,8,4451.80,7,4451.90,8,4452.00,22,4452.10,17,4452.20,16,4452.30,19,4452.40,16,4452.50,16,Sell,17,6,23,11.00,12.00,-1.00,1.20,41.7,4450.80,4451.70,4450.50,4451.30,51,160,211,-109.00,-1.00,-111.00,1.70,23.5,-165,279,0.0183,0.0909,-190.00,119.00,4427.51,2.5357,UP,227.65,0.9269,2.0621
20260810 195417 288,4451.80,1,4451.80,4451.90,0.10,4451.80,1,4451.70,5,4451.60,6,4451.50,6,4451.40,8,4451.30,6,4451.20,10,4451.10,15,4451.00,16,4450.90,17,4451.90,1,4452.00,8,4452.10,8,4452.20,9,4452.30,12,4452.40,9,4452.50,12,4452.60,12,4452.70,12,4452.80,10,Sell,17,7,24,10.00,12.00,-1.00,1.30,76.9,4450.80,4451.80,4450.50,4451.80,51,160,211,-109.00,-1.00,-111.00,1.70,23.5,-165,279,0.0183,0.2000,-191.00,118.00,4427.55,2.5516,UP,227.65,0.9269,2.0692
20260810 195417 680,4451.80,1,4451.80,4451.90,0.10,4451.80,1,4451.70,4,4451.60,6,4451.50,6,4451.40,8,4451.30,6,4451.20,10,4451.10,15,4451.00,16,4450.90,17,4451.90,1,4452.00,8,4452.10,8,4452.20,9,4452.30,12,4452.40,9,4452.50,12,4452.60,12,4452.70,12,4452.80,10,Sell,17,8,25,9.00,12.00,-1.00,1.30,76.9,4450.80,4451.80,4450.50,4451.80,51,160,211,-109.00,-1.00,-111.00,1.70,23.5,-165,279,0.0183,0.3333,-192.00,117.00,4427.55,2.5516,UP,227.65,0.9269,2.0692
20260810 195417 680,4451.70,1,4451.80,4451.90,0.10,4451.80,1,4451.70,4,4451.60,6,4451.50,6,4451.40,8,4451.30,6,4451.20,10,4451.10,15,4451.00,16,4450.90,17,4451.90,1,4452.00,8,4452.10,8,4452.20,9,4452.30,12,4452.40,9,4452.50,12,4452.60,12,4452.70,12,4452.80,10,Sell,17,9,26,8.00,12.00,-1.00,1.30,69.2,4450.80,4451.80,4450.50,4451.70,51,160,211,-109.00,-1.00,-111.00,1.70,23.5,-165,279,0.0183,0.5000,-193.00,116.00,4427.54,2.5484,UP,227.65,0.9269,2.0692
20260810 195417 680,4451.70,1,4451.80,4451.90,0.10,4451.80,1,4451.70,4,4451.60,6,4451.50,6,4451.40,8,4451.30,6,4451.20,10,4451.10,15,4451.00,16,4450.90,17,4451.90,1,4452.00,8,4452.10,8,4452.20,9,4452.30,12,4452.40,9,4452.50,12,4452.60,12,4452.70,12,4452.80,10,Sell,17,10,27,7.00,12.00,-1.00,1.30,69.2,4450.80,4451.80,4450.50,4451.70,51,160,211,-109.00,-1.00,-111.00,1.70,23.5,-165,279,0.0183,0.7143,-194.00,115.00,4427.54,2.5484,UP,227.65,0.9269,2.0692
20260810 195417 680,4451.70,1,4451.80,4451.90,0.10,4451.80,1,4451.70,4,4451.60,6,4451.50,6,4451.40,8,4451.30,6,4451.20,10,4451.10,15,4451.00,16,4450.90,17,4451.90,1,4452.00,8,4452.10,8,4452.20,9,4452.30,12,4452.40,9,4452.50,12,4452.60,12,4452.70,12,4452.80,10,Sell,17,11,28,6.00,12.00,-1.00,1.30,69.2,4450.80,4451.80,4450.50,4451.70,51,160,211,-109.00,-1.00,-111.00,1.70,23.5,-165,279,0.0183,1.0000,-195.00,114.00,4427.54,2.5484,UP,227.65,0.9269,2.0692
20260810 195417 680,4451.70,1,4451.80,4451.90,0.10,4451.80,1,4451.70,4,4451.60,6,4451.50,6,4451.40,8,4451.30,6,4451.20,10,4451.10,15,4451.00,16,4450.90,17,4451.90,1,4452.00,8,4452.10,8,4452.20,9,4452.30,12,4452.40,9,4452.50,12,4452.60,12,4452.70,12,4452.80,10,Sell,17,12,29,5.00,12.00,-1.00,1.30,69.2,4450.80,4451.80,4450.50,4451.70,51,160,211,-109.00,-1.00,-111.00,1.70,23.5,-165,279,0.0183,1.4000,-196.00,113.00,4427.54,2.5484,UP,227.65,0.9269,2.0692
20260810 195418 229,4451.70,1,4451.50,4451.70,0.20,4451.50,2,4451.40,4,4451.30,6,4451.20,9,4451.10,6,4451.00,16,4450.90,17,4450.80,22,4450.70,15,4450.60,16,4451.70,2,4451.80,5,4451.90,5,4452.00,12,4452.10,8,4452.20,9,4452.30,12,4452.40,19,4452.50,12,4452.60,12,Buy,18,12,30,6.00,12.00,-1.00,1.30,69.2,4450.80,4451.80,4450.50,4451.70,51,160,211,-109.00,-1.00,-111.00,1.70,23.5,-165,279,0.0183,1.0000,-195.00,114.00,4427.54,2.5484,UP,227.65,0.9269,2.0692
20260810 195420 648,4451.60,1,4451.50,4451.60,0.10,4451.50,1,4451.40,5,4451.30,5,4451.20,9,4451.10,6,4451.00,16,4450.90,17,4450.80,22,4450.70,15,4450.60,16,4451.60,1,4451.70,2,4451.80,5,4451.90,6,4452.00,12,4452.10,8,4452.20,9,4452.30,17,4452.40,14,4452.50,12,Buy,19,12,31,7.00,12.00,-1.00,1.30,61.5,4450.80,4451.80,4450.50,4451.60,51,160,211,-109.00,-1.00,-111.00,1.70,23.5,-165,279,0.0183,0.7143,-194.00,115.00,4427.53,2.5452,UP,227.65,0.9269,2.0692
20260810 195420 648,4451.60,1,4451.50,4451.60,0.10,4451.50,1,4451.40,5,4451.30,5,4451.20,9,4451.10,6,4451.00,16,4450.90,17,4450.80,22,4450.70,15,4450.60,16,4451.60,1,4451.70,2,4451.80,5,4451.90,6,4452.00,12,4452.10,8,4452.20,9,4452.30,17,4452.40,14,4452.50,12,Buy,20,12,32,8.00,12.00,-1.00,1.30,61.5,4450.80,4451.80,4450.50,4451.60,51,160,211,-109.00,-1.00,-111.00,1.70,23.5,-165,279,0.0183,0.5000,-193.00,116.00,4427.53,2.5452,UP,227.65,0.9269,2.0692
20260810 195420 800,4451.60,1,4451.50,4451.70,0.20,4451.50,5,4451.40,5,4451.30,5,4451.20,10,4451.10,6,4451.00,16,4450.90,17,4450.80,22,4450.70,15,4450.60,16,4451.70,1,4451.80,4,4451.90,6,4452.00,13,4452.10,8,4452.20,9,4452.30,17,4452.40,14,4452.50,12,4452.60,12,Sell,20,13,33,7.00,12.00,-1.00,1.30,61.5,4450.80,4451.80,4450.50,4451.60,51,160,211,-109.00,-1.00,-111.00,1.70,23.5,-165,279,0.0183,0.7143,-194.00,115.00,4427.53,2.5452,UP,227.65,0.9269,2.0692
20260810 195423 554,4451.50,1,4451.50,4451.70,0.20,4451.50,3,4451.40,5,4451.30,5,4451.20,10,4451.10,6,4451.00,16,4450.90,17,4450.80,19,4450.70,15,4450.60,16,4451.70,1,4451.80,5,4451.90,6,4452.00,12,4452.10,8,4452.20,9,4452.30,12,4452.40,14,4452.50,12,4452.60,12,Sell,20,14,34,6.00,12.00,-1.00,1.30,53.8,4450.80,4451.80,4450.50,4451.50,51,160,211,-109.00,-1.00,-111.00,1.70,23.5,-165,279,0.0183,1.0000,-195.00,114.00,4427.52,2.5421,UP,227.65,0.9269,2.0692
20260810 195425 639,4451.50,1,4451.40,4451.60,0.20,4451.40,4,4451.30,5,4451.20,9,4451.10,6,4451.00,16,4450.90,17,4450.80,19,4450.70,15,4450.60,16,4450.50,14,4451.60,1,4451.70,5,4451.80,6,4451.90,6,4452.00,13,4452.10,8,4452.20,9,4452.30,12,4452.40,19,4452.50,17,Sell,20,15,35,5.00,12.00,-1.00,1.30,53.8,4450.80,4451.80,4450.50,4451.50,51,160,211,-109.00,-1.00,-111.00,1.70,23.5,-165,279,0.0183,1.4000,-196.00,113.00,4427.52,2.5421,UP,227.65,0.9269,2.0692
20260810 195426 446,4451.20,1,4451.10,4451.40,0.30,4451.10,4,4451.00,4,4450.90,7,4450.80,9,4450.70,6,4450.60,16,4450.50,14,4450.40,17,4450.30,14,4450.20,16,4451.40,5,4451.50,6,4451.60,8,4451.70,7,4451.80,8,4451.90,7,4452.00,12,4452.10,18,4452.20,19,4452.30,22,Sell,20,16,36,4.00,12.00,-1.00,1.30,30.8,4450.80,4451.80,4450.50,4451.20,51,160,211,-109.00,-1.00,-111.00,1.70,23.5,-165,279,0.0183,2.0000,-197.00,112.00,4427.50,2.5325,UP,227.65,0.9269,2.0692
20260810 195426 446,4451.20,1,4451.10,4451.40,0.30,4451.10,4,4451.00,4,4450.90,7,4450.80,9,4450.70,6,4450.60,16,4450.50,14,4450.40,17,4450.30,14,4450.20,16,4451.40,5,4451.50,6,4451.60,8,4451.70,7,4451.80,8,4451.90,7,4452.00,12,4452.10,18,4452.20,19,4452.30,22,Sell,20,17,37,3.00,12.00,-1.00,1.30,30.8,4450.80,4451.80,4450.50,4451.20,51,160,211,-109.00,-1.00,-111.00,1.70,23.5,-165,279,0.0183,3.0000,-198.00,111.00,4427.50,2.5325,UP,227.65,0.9269,2.0692
20260810 195429 811,4451.30,1,4451.20,4451.40,0.20,4451.20,2,4451.10,4,4451.00,4,4450.90,7,4450.80,10,4450.70,6,4450.60,16,4450.50,14,4450.40,17,4450.30,14,4451.40,2,4451.50,7,4451.60,8,4451.70,6,4451.80,8,4451.90,7,4452.00,14,4452.10,18,4452.20,19,4452.30,22,Buy,21,17,38,4.00,12.00,-1.00,1.30,38.5,4450.80,4451.80,4450.50,4451.30,51,160,211,-109.00,-1.00,-111.00,1.70,23.5,-165,279,0.0183,2.0000,-197.00,112.00,4427.51,2.5357,UP,227.65,0.9269,2.0692
20260810 195430 106,4451.00,1,4450.90,4451.20,0.30,4451.00,2,4450.90,7,4450.80,9,4450.70,6,4450.60,16,4450.50,14,4450.40,17,4450.30,14,4450.20,17,4450.10,16,4451.20,2,4451.30,7,4451.40,6,4451.50,7,4451.60,8,4451.70,7,4451.80,8,4451.90,7,4452.00,24,4452.10,18,Sell,21,18,39,3.00,12.00,-1.00,1.30,15.4,4450.80,4451.80,4450.50,4451.00,51,160,211,-109.00,-1.00,-111.00,1.70,23.5,-165,279,0.0183,3.0000,-198.00,111.00,4427.48,2.5262,UP,227.65,0.9269,2.0692
20260810 195430 106,4451.00,1,4450.90,4451.20,0.30,4451.00,2,4450.90,7,4450.80,9,4450.70,6,4450.60,16,4450.50,14,4450.40,17,4450.30,14,4450.20,17,4450.10,16,4451.20,2,4451.30,7,4451.40,6,4451.50,7,4451.60,8,4451.70,7,4451.80,8,4451.90,7,4452.00,24,4452.10,18,Sell,21,19,40,2.00,12.00,-1.00,1.30,15.4,4450.80,4451.80,4450.50,4451.00,51,160,211,-109.00,-1.00,-111.00,1.70,23.5,-165,279,0.0183,5.0000,-199.00,110.00,4427.48,2.5262,UP,227.65,0.9269,2.0692
20260810 195430 106,4451.00,1,4450.90,4451.20,0.30,4451.00,2,4450.90,7,4450.80,9,4450.70,6,4450.60,16,4450.50,14,4450.40,17,4450.30,14,4450.20,17,4450.10,16,4451.20,2,4451.30,7,4451.40,6,4451.50,7,4451.60,8,4451.70,7,4451.80,8,4451.90,7,4452.00,24,4452.10,18,Sell,21,20,41,1.00,12.00,-1.00,1.30,15.4,4450.80,4451.80,4450.50,4451.00,51,160,211,-109.00,-1.00,-111.00,1.70,23.5,-165,279,0.0183,11.0000,-200.00,109.00,4427.48,2.5262,UP,227.65,0.9269,2.0692
20260810 195430 107,4450.90,1,4450.90,4451.20,0.30,4451.00,2,4450.90,7,4450.80,9,4450.70,6,4450.60,16,4450.50,14,4450.40,17,4450.30,14,4450.20,17,4450.10,16,4451.20,2,4451.30,7,4451.40,6,4451.50,7,4451.60,8,4451.70,7,4451.80,8,4451.90,7,4452.00,24,4452.10,18,Sell,21,21,42,0.00,12.00,-1.00,1.30,7.7,4450.80,4451.80,4450.50,4450.90,51,160,211,-109.00,-1.00,-111.00,1.70,23.5,-165,279,0.0183,12.0000,-201.00,108.00,4427.47,2.5230,UP,227.65,0.9269,2.0692
20260810 195431 318,4451.00,1,4451.30,4451.60,0.30,4451.30,3,4451.20,6,4451.10,5,4451.00,13,4450.90,9,4450.80,8,4450.70,17,4450.60,15,4450.50,15,4450.40,16,4451.60,5,4451.70,7,4451.80,8,4451.90,7,4452.00,14,4452.10,8,4452.20,19,4452.30,22,4452.40,20,4452.50,17,Buy,22,21,43,1.00,12.00,-1.00,1.30,15.4,4450.80,4451.80,4450.50,4451.00,51,160,211,-109.00,-1.00,-111.00,1.70,23.5,-165,279,0.0183,11.0000,-200.00,109.00,4427.48,2.5262,UP,227.65,0.9269,2.0692
20260810 195431 323,4451.00,1,4451.30,4451.60,0.30,4451.30,3,4451.20,6,4451.10,5,4451.00,13,4450.90,9,4450.80,8,4450.70,17,4450.60,15,4450.50,15,4450.40,16,4451.60,5,4451.70,7,4451.80,8,4451.90,7,4452.00,14,4452.10,8,4452.20,19,4452.30,22,4452.40,20,4452.50,17,Buy,23,21,44,2.00,12.00,-1.00,1.30,15.4,4450.80,4451.80,4450.50,4451.00,51,160,211,-109.00,-1.00,-111.00,1.70,23.5,-165,279,0.0183,5.0000,-199.00,110.00,4427.48,2.5262,UP,227.65,0.9269,2.0692
20260810 195431 323,4451.10,1,4451.30,4451.60,0.30,4451.30,3,4451.20,6,4451.10,5,4451.00,13,4450.90,9,4450.80,8,4450.70,17,4450.60,15,4450.50,15,4450.40,16,4451.60,5,4451.70,7,4451.80,8,4451.90,7,4452.00,14,4452.10,8,4452.20,19,4452.30,22,4452.40,20,4452.50,17,Buy,24,21,45,3.00,12.00,-1.00,1.30,23.1,4450.80,4451.80,4450.50,4451.10,51,160,211,-109.00,-1.00,-111.00,1.70,23.5,-165,279,0.0183,3.0000,-198.00,111.00,4427.49,2.5294,UP,227.65,0.9269,2.0692
20260810 195431 323,4451.10,1,4451.30,4451.60,0.30,4451.30,3,4451.20,6,4451.10,5,4451.00,13,4450.90,9,4450.80,8,4450.70,17,4450.60,15,4450.50,15,4450.40,16,4451.60,5,4451.70,7,4451.80,8,4451.90,7,4452.00,14,4452.10,8,4452.20,19,4452.30,22,4452.40,20,4452.50,17,Buy,25,21,46,4.00,12.00,-1.00,1.30,23.1,4450.80,4451.80,4450.50,4451.10,51,160,211,-109.00,-1.00,-111.00,1.70,23.5,-165,279,0.0183,2.0000,-197.00,112.00,4427.49,2.5294,UP,227.65,0.9269,2.0692
20260810 195431 323,4451.10,1,4451.30,4451.60,0.30,4451.30,3,4451.20,6,4451.10,5,4451.00,13,4450.90,9,4450.80,8,4450.70,17,4450.60,15,4450.50,15,4450.40,16,4451.60,5,4451.70,7,4451.80,8,4451.90,7,4452.00,14,4452.10,8,4452.20,19,4452.30,22,4452.40,20,4452.50,17,Buy,26,21,47,5.00,12.00,-1.00,1.30,23.1,4450.80,4451.80,4450.50,4451.10,51,160,211,-109.00,-1.00,-111.00,1.70,23.5,-165,279,0.0183,1.4000,-196.00,113.00,4427.49,2.5294,UP,227.65,0.9269,2.0692
20260810 195431 324,4451.20,1,4451.30,4451.60,0.30,4451.30,3,4451.20,6,4451.10,5,4451.00,13,4450.90,9,4450.80,8,4450.70,17,4450.60,15,4450.50,15,4450.40,16,4451.60,5,4451.70,7,4451.80,8,4451.90,7,4452.00,14,4452.10,8,4452.20,19,4452.30,22,4452.40,20,4452.50,17,Buy,27,21,48,6.00,12.00,-1.00,1.30,30.8,4450.80,4451.80,4450.50,4451.20,51,160,211,-109.00,-1.00,-111.00,1.70,23.5,-165,279,0.0183,1.0000,-195.00,114.00,4427.50,2.5325,UP,227.65,0.9269,2.0692
20260810 195431 324,4451.20,1,4451.30,4451.60,0.30,4451.30,3,4451.20,6,4451.10,5,4451.00,13,4450.90,9,4450.80,8,4450.70,17,4450.60,15,4450.50,15,4450.40,16,4451.60,5,4451.70,7,4451.80,8,4451.90,7,4452.00,14,4452.10,8,4452.20,19,4452.30,22,4452.40,20,4452.50,17,Buy,28,21,49,7.00,12.00,-1.00,1.30,30.8,4450.80,4451.80,4450.50,4451.20,51,160,211,-109.00,-1.00,-111.00,1.70,23.5,-165,279,0.0183,0.7143,-194.00,115.00,4427.50,2.5325,UP,227.65,0.9269,2.0692
20260810 195431 324,4451.20,1,4451.30,4451.60,0.30,4451.30,3,4451.20,6,4451.10,5,4451.00,13,4450.90,9,4450.80,8,4450.70,17,4450.60,15,4450.50,15,4450.40,16,4451.60,5,4451.70,7,4451.80,8,4451.90,7,4452.00,14,4452.10,8,4452.20,19,4452.30,22,4452.40,20,4452.50,17,Buy,29,21,50,8.00,12.00,-1.00,1.30,30.8,4450.80,4451.80,4450.50,4451.20,51,160,211,-109.00,-1.00,-111.00,1.70,23.5,-165,279,0.0183,0.5000,-193.00,116.00,4427.50,2.5325,UP,227.65,0.9269,2.0692
20260810 195431 324,4451.30,1,4451.30,4451.60,0.30,4451.30,3,4451.20,6,4451.10,5,4451.00,13,4450.90,9,4450.80,8,4450.70,17,4450.60,15,4450.50,15,4450.40,16,4451.60,5,4451.70,7,4451.80,8,4451.90,7,4452.00,14,4452.10,8,4452.20,19,4452.30,22,4452.40,20,4452.50,17,Buy,30,21,51,9.00,12.00,-1.00,1.30,38.5,4450.80,4451.80,4450.50,4451.30,51,160,211,-109.00,-1.00,-111.00,1.70,23.5,-165,279,0.0183,0.3333,-192.00,117.00,4427.51,2.5357,UP,227.65,0.9269,2.0692
20260810 195431 324,4451.30,1,4451.30,4451.60,0.30,4451.30,3,4451.20,6,4451.10,5,4451.00,13,4450.90,9,4450.80,8,4450.70,17,4450.60,15,4450.50,15,4450.40,16,4451.60,5,4451.70,7,4451.80,8,4451.90,7,4452.00,14,4452.10,8,4452.20,19,4452.30,22,4452.40,20,4452.50,17,Buy,31,21,52,10.00,12.00,-1.00,1.30,38.5,4450.80,4451.80,4450.50,4451.30,51,160,211,-109.00,-1.00,-111.00,1.70,23.5,-165,279,0.0183,0.2000,-191.00,118.00,4427.51,2.5357,UP,227.65,0.9269,2.0692
20260810 195431 324,4451.30,1,4451.30,4451.60,0.30,4451.30,3,4451.20,6,4451.10,5,4451.00,13,4450.90,9,4450.80,8,4450.70,17,4450.60,15,4450.50,15,4450.40,16,4451.60,5,4451.70,7,4451.80,8,4451.90,7,4452.00,14,4452.10,8,4452.20,19,4452.30,22,4452.40,20,4452.50,17,Buy,32,21,53,11.00,12.00,-1.00,1.30,38.5,4450.80,4451.80,4450.50,4451.30,51,160,211,-109.00,-1.00,-111.00,1.70,23.5,-165,279,0.0183,0.0909,-190.00,119.00,4427.51,2.5357,UP,227.65,0.9269,2.0692
20260810 195431 324,4451.30,1,4451.30,4451.60,0.30,4451.30,3,4451.20,6,4451.10,5,4451.00,13,4450.90,9,4450.80,8,4450.70,17,4450.60,15,4450.50,15,4450.40,16,4451.60,5,4451.70,7,4451.80,8,4451.90,7,4452.00,14,4452.10,8,4452.20,19,4452.30,22,4452.40,20,4452.50,17,Buy,33,21,54,12.00,12.00,-1.00,1.30,38.5,4450.80,4451.80,4450.50,4451.30,51,160,211,-109.00,-1.00,-111.00,1.70,23.5,-165,279,0.0183,0.0000,-189.00,120.00,4427.51,2.5357,UP,227.65,0.9269,2.0692
20260810 195431 324,4451.30,2,4451.30,4451.60,0.30,4451.30,3,4451.20,6,4451.10,5,4451.00,13,4450.90,9,4450.80,8,4450.70,17,4450.60,15,4450.50,15,4450.40,16,4451.60,5,4451.70,7,4451.80,8,4451.90,7,4452.00,14,4452.10,8,4452.20,19,4452.30,22,4452.40,20,4452.50,17,Buy,35,21,56,14.00,14.00,-1.00,1.30,38.5,4450.80,4451.80,4450.50,4451.30,51,160,211,-109.00,-1.00,-111.00,1.70,23.5,-165,279,0.0183,0.0000,-187.00,122.00,4427.51,2.5357,UP,227.65,0.9269,2.0692
20260810 195431 324,4451.30,1,4451.30,4451.60,0.30,4451.30,3,4451.20,6,4451.10,5,4451.00,13,4450.90,9,4450.80,8,4450.70,17,4450.60,15,4450.50,15,4450.40,16,4451.60,5,4451.70,7,4451.80,8,4451.90,7,4452.00,14,4452.10,8,4452.20,19,4452.30,22,4452.40,20,4452.50,17,Buy,36,21,57,15.00,15.00,-1.00,1.30,38.5,4450.80,4451.80,4450.50,4451.30,51,160,211,-109.00,-1.00,-111.00,1.70,23.5,-165,279,0.0183,0.0000,-186.00,123.00,4427.51,2.5357,UP,227.65,0.9269,2.0692
20260810 195431 324,4451.40,1,4451.30,4451.60,0.30,4451.30,3,4451.20,6,4451.10,5,4451.00,13,4450.90,9,4450.80,8,4450.70,17,4450.60,15,4450.50,15,4450.40,16,4451.60,5,4451.70,7,4451.80,8,4451.90,7,4452.00,14,4452.10,8,4452.20,19,4452.30,22,4452.40,20,4452.50,17,Buy,37,21,58,16.00,16.00,-1.00,1.30,46.2,4450.80,4451.80,4450.50,4451.40,51,160,211,-109.00,-1.00,-111.00,1.70,23.5,-165,279,0.0183,0.0000,-185.00,124.00,4427.51,2.5389,UP,227.65,0.9269,2.0692
20260810 195431 324,4451.40,1,4451.30,4451.60,0.30,4451.30,3,4451.20,6,4451.10,5,4451.00,13,4450.90,9,4450.80,8,4450.70,17,4450.60,15,4450.50,15,4450.40,16,4451.60,5,4451.70,7,4451.80,8,4451.90,7,4452.00,14,4452.10,8,4452.20,19,4452.30,22,4452.40,20,4452.50,17,Buy,38,21,59,17.00,17.00,-1.00,1.30,46.2,4450.80,4451.80,4450.50,4451.40,51,160,211,-109.00,-1.00,-111.00,1.70,23.5,-165,279,0.0183,0.0000,-184.00,125.00,4427.51,2.5389,UP,227.65,0.9269,2.0692
20260810 195431 324,4451.40,1,4451.30,4451.60,0.30,4451.30,3,4451.20,6,4451.10,5,4451.00,13,4450.90,9,4450.80,8,4450.70,17,4450.60,15,4450.50,15,4450.40,16,4451.60,5,4451.70,7,4451.80,8,4451.90,7,4452.00,14,4452.10,8,4452.20,19,4452.30,22,4452.40,20,4452.50,17,Buy,39,21,60,18.00,18.00,-1.00,1.30,46.2,4450.80,4451.80,4450.50,4451.40,51,160,211,-109.00,-1.00,-111.00,1.70,23.5,-165,279,0.0183,0.0000,-183.00,126.00,4427.51,2.5389,UP,227.65,0.9269,2.0692
20260810 195431 324,4451.40,2,4451.30,4451.60,0.30,4451.30,3,4451.20,6,4451.10,5,4451.00,13,4450.90,9,4450.80,8,4450.70,17,4450.60,15,4450.50,15,4450.40,16,4451.60,5,4451.70,7,4451.80,8,4451.90,7,4452.00,14,4452.10,8,4452.20,19,4452.30,22,4452.40,20,4452.50,17,Buy,41,21,62,20.00,20.00,-1.00,1.30,46.2,4450.80,4451.80,4450.50,4451.40,51,160,211,-109.00,-1.00,-111.00,1.70,23.5,-165,279,0.0183,0.0000,-181.00,128.00,4427.51,2.5389,UP,227.65,0.9269,2.0692
20260810 195431 324,4451.50,1,4451.30,4451.60,0.30,4451.30,3,4451.20,6,4451.10,5,4451.00,13,4450.90,9,4450.80,8,4450.70,17,4450.60,15,4450.50,15,4450.40,16,4451.60,5,4451.70,7,4451.80,8,4451.90,7,4452.00,14,4452.10,8,4452.20,19,4452.30,22,4452.40,20,4452.50,17,Buy,42,21,63,21.00,21.00,-1.00,1.30,53.8,4450.80,4451.80,4450.50,4451.50,51,160,211,-109.00,-1.00,-111.00,1.70,23.5,-165,279,0.0183,0.0000,-180.00,129.00,4427.52,2.5421,UP,227.65,0.9269,2.0692
20260810 195431 324,4451.50,1,4451.30,4451.60,0.30,4451.30,3,4451.20,6,4451.10,5,4451.00,13,4450.90,9,4450.80,8,4450.70,17,4450.60,15,4450.50,15,4450.40,16,4451.60,5,4451.70,7,4451.80,8,4451.90,7,4452.00,14,4452.10,8,4452.20,19,4452.30,22,4452.40,20,4452.50,17,Buy,43,21,64,22.00,22.00,-1.00,1.30,53.8,4450.80,4451.80,4450.50,4451.50,51,160,211,-109.00,-1.00,-111.00,1.70,23.5,-165,279,0.0183,0.0000,-179.00,130.00,4427.52,2.5421,UP,227.65,0.9269,2.0692
20260810 195431 324,4451.50,1,4451.30,4451.60,0.30,4451.30,3,4451.20,6,4451.10,5,4451.00,13,4450.90,9,4450.80,8,4450.70,17,4450.60,15,4450.50,15,4450.40,16,4451.60,5,4451.70,7,4451.80,8,4451.90,7,4452.00,14,4452.10,8,4452.20,19,4452.30,22,4452.40,20,4452.50,17,Buy,44,21,65,23.00,23.00,-1.00,1.30,53.8,4450.80,4451.80,4450.50,4451.50,51,160,211,-109.00,-1.00,-111.00,1.70,23.5,-165,279,0.0183,0.0000,-178.00,131.00,4427.52,2.5421,UP,227.65,0.9269,2.0692
20260810 195431 324,4451.50,2,4451.30,4451.60,0.30,4451.30,3,4451.20,6,4451.10,5,4451.00,13,4450.90,9,4450.80,8,4450.70,17,4450.60,15,4450.50,15,4450.40,16,4451.60,5,4451.70,7,4451.80,8,4451.90,7,4452.00,14,4452.10,8,4452.20,19,4452.30,22,4452.40,20,4452.50,17,Buy,46,21,67,25.00,25.00,-1.00,1.30,53.8,4450.80,4451.80,4450.50,4451.50,51,160,211,-109.00,-1.00,-111.00,1.70,23.5,-165,279,0.0183,0.0000,-176.00,133.00,4427.52,2.5421,UP,227.65,0.9269,2.0692
20260810 195431 324,4451.60,1,4451.30,4451.60,0.30,4451.30,3,4451.20,6,4451.10,5,4451.00,13,4450.90,9,4450.80,8,4450.70,17,4450.60,15,4450.50,15,4450.40,16,4451.60,5,4451.70,7,4451.80,8,4451.90,7,4452.00,14,4452.10,8,4452.20,19,4452.30,22,4452.40,20,4452.50,17,Buy,47,21,68,26.00,26.00,-1.00,1.30,61.5,4450.80,4451.80,4450.50,4451.60,51,160,211,-109.00,-1.00,-111.00,1.70,23.5,-165,279,0.0183,0.0000,-175.00,134.00,4427.53,2.5452,UP,227.65,0.9269,2.0692
20260810 195431 324,4451.60,1,4451.30,4451.60,0.30,4451.30,3,4451.20,6,4451.10,5,4451.00,13,4450.90,9,4450.80,8,4450.70,17,4450.60,15,4450.50,15,4450.40,16,4451.60,5,4451.70,7,4451.80,8,4451.90,7,4452.00,14,4452.10,8,4452.20,19,4452.30,22,4452.40,20,4452.50,17,Buy,48,21,69,27.00,27.00,-1.00,1.30,61.5,4450.80,4451.80,4450.50,4451.60,51,160,211,-109.00,-1.00,-111.00,1.70,23.5,-165,279,0.0183,0.0000,-174.00,135.00,4427.53,2.5452,UP,227.65,0.9269,2.0692
20260810 195431 324,4451.60,1,4451.30,4451.60,0.30,4451.30,3,4451.20,6,4451.10,5,4451.00,13,4450.90,9,4450.80,8,4450.70,17,4450.60,15,4450.50,15,4450.40,16,4451.60,5,4451.70,7,4451.80,8,4451.90,7,4452.00,14,4452.10,8,4452.20,19,4452.30,22,4452.40,20,4452.50,17,Buy,49,21,70,28.00,28.00,-1.00,1.30,61.5,4450.80,4451.80,4450.50,4451.60,51,160,211,-109.00,-1.00,-111.00,1.70,23.5,-165,279,0.0183,0.0000,-173.00,136.00,4427.53,2.5452,UP,227.65,0.9269,2.0692
20260810 195431 324,4451.60,1,4451.30,4451.60,0.30,4451.30,3,4451.20,6,4451.10,5,4451.00,13,4450.90,9,4450.80,8,4450.70,17,4450.60,15,4450.50,15,4450.40,16,4451.60,5,4451.70,7,4451.80,8,4451.90,7,4452.00,14,4452.10,8,4452.20,19,4452.30,22,4452.40,20,4452.50,17,Buy,50,21,71,29.00,29.00,-1.00,1.30,61.5,4450.80,4451.80,4450.50,4451.60,51,160,211,-109.00,-1.00,-111.00,1.70,23.5,-165,279,0.0183,0.0000,-172.00,137.00,4427.53,2.5452,UP,227.65,0.9269,2.0692
20260810 195431 324,4451.60,1,4451.30,4451.60,0.30,4451.30,3,4451.20,6,4451.10,5,4451.00,13,4450.90,9,4450.80,8,4450.70,17,4450.60,15,4450.50,15,4450.40,16,4451.60,5,4451.70,7,4451.80,8,4451.90,7,4452.00,14,4452.10,8,4452.20,19,4452.30,22,4452.40,20,4452.50,17,Buy,51,21,72,30.00,30.00,-1.00,1.30,61.5,4450.80,4451.80,4450.50,4451.60,51,160,211,-109.00,-1.00,-111.00,1.70,23.5,-165,279,0.0183,0.0000,-171.00,138.00,4427.53,2.5452,UP,227.65,0.9269,2.0692
20260810 195431 325,4451.60,2,4451.30,4451.60,0.30,4451.30,3,4451.20,6,4451.10,5,4451.00,13,4450.90,9,4450.80,8,4450.70,17,4450.60,15,4450.50,15,4450.40,16,4451.60,5,4451.70,7,4451.80,8,4451.90,7,4452.00,14,4452.10,8,4452.20,19,4452.30,22,4452.40,20,4452.50,17,Buy,53,21,74,32.00,32.00,-1.00,1.30,61.5,4450.80,4451.80,4450.50,4451.60,51,160,211,-109.00,-1.00,-111.00,1.70,23.5,-165,279,0.0183,0.0000,-169.00,140.00,4427.53,2.5452,UP,227.65,0.9269,2.0692
20260810 195431 336,4451.60,1,4451.30,4451.60,0.30,4451.30,3,4451.20,6,4451.10,5,4451.00,13,4450.90,9,4450.80,8,4450.70,17,4450.60,15,4450.50,15,4450.40,16,4451.60,5,4451.70,7,4451.80,8,4451.90,7,4452.00,14,4452.10,8,4452.20,19,4452.30,22,4452.40,20,4452.50,17,Buy,54,21,75,33.00,33.00,-1.00,1.30,61.5,4450.80,4451.80,4450.50,4451.60,51,160,211,-109.00,-1.00,-111.00,1.70,23.5,-165,279,0.0183,0.0000,-168.00,141.00,4427.53,2.5452,UP,227.65,0.9269,2.0692
20260810 195431 337,4451.60,1,4451.30,4451.60,0.30,4451.30,3,4451.20,6,4451.10,5,4451.00,13,4450.90,9,4450.80,8,4450.70,17,4450.60,15,4450.50,15,4450.40,16,4451.60,5,4451.70,7,4451.80,8,4451.90,7,4452.00,14,4452.10,8,4452.20,19,4452.30,22,4452.40,20,4452.50,17,Buy,55,21,76,34.00,34.00,-1.00,1.30,61.5,4450.80,4451.80,4450.50,4451.60,51,160,211,-109.00,-1.00,-111.00,1.70,23.5,-165,279,0.0183,0.0000,-167.00,142.00,4427.53,2.5452,UP,227.65,0.9269,2.0692
20260810 195434 385,4451.10,1,4450.90,4451.10,0.20,4450.90,2,4450.80,7,4450.70,7,4450.60,6,4450.50,15,4450.40,17,4450.30,14,4450.20,17,4450.10,17,4450.00,29,4451.20,3,4451.30,5,4451.40,9,4451.50,5,4451.60,7,4451.70,7,4451.80,8,4451.90,18,4452.00,25,4452.10,18,Buy,56,21,77,35.00,35.00,-1.00,1.30,23.1,4450.80,4451.80,4450.50,4451.10,51,160,211,-109.00,-1.00,-111.00,1.70,23.5,-165,279,0.0183,0.0000,-166.00,143.00,4427.49,2.5294,UP,227.65,0.9269,2.0692
20260810 195434 385,4451.20,1,4450.90,4451.10,0.20,4450.90,2,4450.80,7,4450.70,7,4450.60,6,4450.50,15,4450.40,17,4450.30,14,4450.20,17,4450.10,17,4450.00,29,4451.20,3,4451.30,5,4451.40,9,4451.50,5,4451.60,7,4451.70,7,4451.80,8,4451.90,18,4452.00,25,4452.10,18,Buy,57,21,78,36.00,36.00,-1.00,1.30,30.8,4450.80,4451.80,4450.50,4451.20,51,160,211,-109.00,-1.00,-111.00,1.70,23.5,-165,279,0.0183,0.0000,-165.00,144.00,4427.50,2.5325,UP,227.65,0.9269,2.0692
20260810 195435 747,4450.90,1,4450.90,4451.10,0.20,4450.90,3,4450.80,7,4450.70,9,4450.60,6,4450.50,14,4450.40,16,4450.30,14,4450.20,16,4450.10,17,4450.00,29,4451.20,3,4451.30,5,4451.40,9,4451.50,5,4451.60,7,4451.70,7,4451.80,8,4451.90,18,4452.00,26,4452.10,18,Sell,57,22,79,35.00,36.00,-1.00,1.30,7.7,4450.80,4451.80,4450.50,4450.90,51,160,211,-109.00,-1.00,-111.00,1.70,23.5,-165,279,0.0183,0.0286,-166.00,143.00,4427.47,2.5230,UP,227.65,0.9269,2.0692
20260810 195435 747,4450.90,1,4450.90,4451.10,0.20,4450.90,3,4450.80,7,4450.70,9,4450.60,6,4450.50,14,4450.40,16,4450.30,14,4450.20,16,4450.10,17,4450.00,29,4451.20,3,4451.30,5,4451.40,9,4451.50,5,4451.60,7,4451.70,7,4451.80,8,4451.90,18,4452.00,26,4452.10,18,Sell,57,23,80,34.00,36.00,-1.00,1.30,7.7,4450.80,4451.80,4450.50,4450.90,51,160,211,-109.00,-1.00,-111.00,1.70,23.5,-165,279,0.0183,0.0588,-167.00,142.00,4427.47,2.5230,UP,227.65,0.9269,2.0692
20260810 195435 747,4450.90,1,4450.90,4451.10,0.20,4450.90,3,4450.80,7,4450.70,9,4450.60,6,4450.50,14,4450.40,16,4450.30,14,4450.20,16,4450.10,17,4450.00,29,4451.20,3,4451.30,5,4451.40,9,4451.50,5,4451.60,7,4451.70,7,4451.80,8,4451.90,18,4452.00,26,4452.10,18,Sell,57,24,81,33.00,36.00,-1.00,1.30,7.7,4450.80,4451.80,4450.50,4450.90,51,160,211,-109.00,-1.00,-111.00,1.70,23.5,-165,279,0.0183,0.0909,-168.00,141.00,4427.47,2.5230,UP,227.65,0.9269,2.0692
20260810 195435 747,4450.80,1,4450.90,4451.10,0.20,4450.90,3,4450.80,7,4450.70,9,4450.60,6,4450.50,14,4450.40,16,4450.30,14,4450.20,16,4450.10,17,4450.00,29,4451.20,3,4451.30,5,4451.40,9,4451.50,5,4451.60,7,4451.70,7,4451.80,8,4451.90,18,4452.00,26,4452.10,18,Sell,57,25,82,32.00,36.00,-1.00,1.30,0.0,4450.80,4451.80,4450.50,4450.80,51,160,211,-109.00,-1.00,-111.00,1.70,23.5,-165,279,0.0183,0.1250,-169.00,140.00,4427.46,2.5198,UP,227.65,0.9269,2.0692
20260810 195435 747,4450.80,1,4450.90,4451.10,0.20,4450.90,3,4450.80,7,4450.70,9,4450.60,6,4450.50,14,4450.40,16,4450.30,14,4450.20,16,4450.10,17,4450.00,29,4451.20,3,4451.30,5,4451.40,9,4451.50,5,4451.60,7,4451.70,7,4451.80,8,4451.90,18,4452.00,26,4452.10,18,Sell,57,26,83,31.00,36.00,-1.00,1.30,0.0,4450.80,4451.80,4450.50,4450.80,51,160,211,-109.00,-1.00,-111.00,1.70,23.5,-165,279,0.0183,0.1613,-170.00,139.00,4427.46,2.5198,UP,227.65,0.9269,2.0692
20260810 195435 747,4450.80,1,4450.90,4451.10,0.20,4450.90,3,4450.80,7,4450.70,9,4450.60,6,4450.50,14,4450.40,16,4450.30,14,4450.20,16,4450.10,17,4450.00,29,4451.20,3,4451.30,5,4451.40,9,4451.50,5,4451.60,7,4451.70,7,4451.80,8,4451.90,18,4452.00,26,4452.10,18,Sell,57,27,84,30.00,36.00,-1.00,1.30,0.0,4450.80,4451.80,4450.50,4450.80,51,160,211,-109.00,-1.00,-111.00,1.70,23.5,-165,279,0.0183,0.2000,-171.00,138.00,4427.46,2.5198,UP,227.65,0.9269,2.0692
20260810 195435 747,4450.80,1,4450.90,4451.10,0.20,4450.90,3,4450.80,7,4450.70,9,4450.60,6,4450.50,14,4450.40,16,4450.30,14,4450.20,16,4450.10,17,4450.00,29,4451.20,3,4451.30,5,4451.40,9,4451.50,5,4451.60,7,4451.70,7,4451.80,8,4451.90,18,4452.00,26,4452.10,18,Sell,57,28,85,29.00,36.00,-1.00,1.30,0.0,4450.80,4451.80,4450.50,4450.80,51,160,211,-109.00,-1.00,-111.00,1.70,23.5,-165,279,0.0183,0.2414,-172.00,137.00,4427.46,2.5198,UP,227.65,0.9269,2.0692
20260810 195435 747,4450.80,2,4450.90,4451.10,0.20,4450.90,3,4450.80,7,4450.70,9,4450.60,6,4450.50,14,4450.40,16,4450.30,14,4450.20,16,4450.10,17,4450.00,29,4451.20,3,4451.30,5,4451.40,9,4451.50,5,4451.60,7,4451.70,7,4451.80,8,4451.90,18,4452.00,26,4452.10,18,Sell,57,30,87,27.00,36.00,-1.00,1.30,0.0,4450.80,4451.80,4450.50,4450.80,51,160,211,-109.00,-1.00,-111.00,1.70,23.5,-165,279,0.0183,0.3333,-174.00,135.00,4427.46,2.5198,UP,227.65,0.9269,2.0692
20260810 195435 747,4450.70,1,4450.90,4451.10,0.20,4450.90,3,4450.80,7,4450.70,9,4450.60,6,4450.50,14,4450.40,16,4450.30,14,4450.20,16,4450.10,17,4450.00,29,4451.20,3,4451.30,5,4451.40,9,4451.50,5,4451.60,7,4451.70,7,4451.80,8,4451.90,18,4452.00,26,4452.10,18,Sell,57,31,88,26.00,36.00,-1.00,1.30,7.7,4450.80,4451.80,4450.50,4450.70,51,160,211,-109.00,-1.00,-111.00,1.70,23.5,-165,279,0.0183,0.3846,-175.00,134.00,4427.45,2.5167,UP,227.65,0.9269,2.0692
20260810 195435 747,4450.70,1,4450.90,4451.10,0.20,4450.90,3,4450.80,7,4450.70,9,4450.60,6,4450.50,14,4450.40,16,4450.30,14,4450.20,16,4450.10,17,4450.00,29,4451.20,3,4451.30,5,4451.40,9,4451.50,5,4451.60,7,4451.70,7,4451.80,8,4451.90,18,4452.00,26,4452.10,18,Sell,57,32,89,25.00,36.00,-1.00,1.30,7.7,4450.80,4451.80,4450.50,4450.70,51,160,211,-109.00,-1.00,-111.00,1.70,23.5,-165,279,0.0183,0.4400,-176.00,133.00,4427.45,2.5167,UP,227.65,0.9269,2.0692
20260810 195435 747,4450.70,2,4450.90,4451.10,0.20,4450.90,3,4450.80,7,4450.70,9,4450.60,6,4450.50,14,4450.40,16,4450.30,14,4450.20,16,4450.10,17,4450.00,29,4451.20,3,4451.30,5,4451.40,9,4451.50,5,4451.60,7,4451.70,7,4451.80,8,4451.90,18,4452.00,26,4452.10,18,Sell,57,34,91,23.00,36.00,-1.00,1.30,7.7,4450.80,4451.80,4450.50,4450.70,51,160,211,-109.00,-1.00,-111.00,1.70,23.5,-165,279,0.0183,0.5652,-178.00,131.00,4427.45,2.5167,UP,227.65,0.9269,2.0692
20260810 195435 747,4450.70,1,4450.90,4451.10,0.20,4450.90,3,4450.80,7,4450.70,9,4450.60,6,4450.50,14,4450.40,16,4450.30,14,4450.20,16,4450.10,17,4450.00,29,4451.20,3,4451.30,5,4451.40,9,4451.50,5,4451.60,7,4451.70,7,4451.80,8,4451.90,18,4452.00,26,4452.10,18,Sell,57,35,92,22.00,36.00,-1.00,1.30,7.7,4450.80,4451.80,4450.50,4450.70,51,160,211,-109.00,-1.00,-111.00,1.70,23.5,-165,279,0.0183,0.6364,-179.00,130.00,4427.45,2.5167,UP,227.65,0.9269,2.0692
20260810 195435 755,4450.90,1,4450.90,4451.10,0.20,4450.90,3,4450.80,7,4450.70,9,4450.60,6,4450.50,14,4450.40,16,4450.30,14,4450.20,16,4450.10,17,4450.00,29,4451.20,3,4451.30,5,4451.40,9,4451.50,5,4451.60,7,4451.70,7,4451.80,8,4451.90,18,4452.00,26,4452.10,18,Sell,57,36,93,21.00,36.00,-1.00,1.30,7.7,4450.80,4451.80,4450.50,4450.90,51,160,211,-109.00,-1.00,-111.00,1.70,23.5,-165,279,0.0183,0.7143,-180.00,129.00,4427.47,2.5230,UP,227.65,0.9269,2.0692
20260810 195436 798,4451.00,1,4450.90,4451.20,0.30,4450.90,4,4450.80,8,4450.70,7,4450.60,6,4450.50,5,4450.40,16,4450.30,14,4450.20,16,4450.10,17,4450.00,27,4451.20,6,4451.30,5,4451.40,9,4451.50,5,4451.60,7,4451.70,7,4451.80,8,4451.90,18,4452.00,26,4452.10,18,Sell,57,37,94,20.00,36.00,-1.00,1.30,15.4,4450.80,4451.80,4450.50,4451.00,51,160,211,-109.00,-1.00,-111.00,1.70,23.5,-165,279,0.0183,0.8000,-181.00,128.00,4427.48,2.5262,UP,227.65,0.9269,2.0692
20260810 195436 798,4451.00,1,4450.90,4451.20,0.30,4450.90,4,4450.80,8,4450.70,7,4450.60,6,4450.50,5,4450.40,16,4450.30,14,4450.20,16,4450.10,17,4450.00,27,4451.20,6,4451.30,5,4451.40,9,4451.50,5,4451.60,7,4451.70,7,4451.80,8,4451.90,18,4452.00,26,4452.10,18,Sell,57,38,95,19.00,36.00,-1.00,1.30,15.4,4450.80,4451.80,4450.50,4451.00,51,160,211,-109.00,-1.00,-111.00,1.70,23.5,-165,279,0.0183,0.8947,-182.00,127.00,4427.48,2.5262,UP,227.65,0.9269,2.0692
20260810 195436 929,4450.90,1,4450.90,4451.20,0.30,4450.90,5,4450.80,8,4450.70,7,4450.60,6,4450.50,5,4450.40,16,4450.30,14,4450.20,16,4450.10,17,4450.00,27,4451.20,4,4451.30,5,4451.40,9,4451.50,5,4451.60,7,4451.70,7,4451.80,8,4451.90,18,4452.00,26,4452.10,18,Sell,57,39,96,18.00,36.00,-1.00,1.30,7.7,4450.80,4451.80,4450.50,4450.90,51,160,211,-109.00,-1.00,-111.00,1.70,23.5,-165,279,0.0183,1.0000,-183.00,126.00,4427.47,2.5230,UP,227.65,0.9269,2.0692
20260810 195436 929,4450.90,1,4450.90,4451.20,0.30,4450.90,5,4450.80,8,4450.70,7,4450.60,6,4450.50,5,4450.40,16,4450.30,14,4450.20,16,4450.10,17,4450.00,27,4451.20,4,4451.30,5,4451.40,9,4451.50,5,4451.60,7,4451.70,7,4451.80,8,4451.90,18,4452.00,26,4452.10,18,Sell,57,40,97,17.00,36.00,-1.00,1.30,7.7,4450.80,4451.80,4450.50,4450.90,51,160,211,-109.00,-1.00,-111.00,1.70,23.5,-165,279,0.0183,1.1176,-184.00,125.00,4427.47,2.5230,UP,227.65,0.9269,2.0692
20260810 195439 897,4451.00,1,4451.00,4451.10,0.10,4450.90,1,4450.80,6,4450.70,7,4450.60,6,4450.50,5,4450.40,16,4450.30,14,4450.20,17,4450.10,17,4450.00,27,4451.10,5,4451.20,5,4451.30,5,4451.40,9,4451.50,5,4451.60,7,4451.70,8,4451.80,8,4451.90,18,4452.00,26,Sell,57,41,98,16.00,36.00,-1.00,1.30,15.4,4450.80,4451.80,4450.50,4451.00,51,160,211,-109.00,-1.00,-111.00,1.70,23.5,-165,279,0.0183,1.2500,-185.00,124.00,4427.48,2.5262,UP,227.65,0.9269,2.0692
20260810 195439 919,4451.00,1,4451.00,4451.10,0.10,4450.90,1,4450.80,6,4450.70,7,4450.60,6,4450.50,5,4450.40,16,4450.30,14,4450.20,17,4450.10,17,4450.00,27,4451.10,5,4451.20,5,4451.30,5,4451.40,9,4451.50,5,4451.60,7,4451.70,8,4451.80,8,4451.90,18,4452.00,26,Sell,57,42,99,15.00,36.00,-1.00,1.30,15.4,4450.80,4451.80,4450.50,4451.00,51,160,211,-109.00,-1.00,-111.00,1.70,23.5,-165,279,0.0183,1.4000,-186.00,123.00,4427.48,2.5262,UP,227.65,0.9269,2.0692
20260810 195439 919,4451.00,1,4451.00,4451.10,0.10,4450.90,1,4450.80,6,4450.70,7,4450.60,6,4450.50,5,4450.40,16,4450.30,14,4450.20,17,4450.10,17,4450.00,27,4451.10,5,4451.20,5,4451.30,5,4451.40,9,4451.50,5,4451.60,7,4451.70,8,4451.80,8,4451.90,18,4452.00,26,Sell,57,43,100,14.00,36.00,-1.00,1.30,15.4,4450.80,4451.80,4450.50,4451.00,51,160,211,-109.00,-1.00,-111.00,1.70,23.5,-165,279,0.0183,1.5714,-187.00,122.00,4427.48,2.5262,UP,227.65,0.9269,2.0692
20260810 195440 658,4451.10,1,4450.90,4451.10,0.20,4450.90,2,4450.80,4,4450.70,5,4450.60,6,4450.50,5,4450.40,7,4450.30,14,4450.20,17,4450.10,17,4450.00,27,4451.10,2,4451.20,8,4451.30,5,4451.40,9,4451.50,5,4451.60,7,4451.70,8,4451.80,18,4451.90,18,4452.00,26,Buy,58,43,101,15.00,36.00,-1.00,1.30,23.1,4450.80,4451.80,4450.50,4451.10,51,160,211,-109.00,-1.00,-111.00,1.70,23.5,-165,279,0.0183,1.4000,-186.00,123.00,4427.49,2.5294,UP,227.65,0.9269,2.0692
20260810 195441 684,4451.00,1,4450.90,4451.10,0.20,4450.90,1,4450.80,5,4450.70,8,4450.60,6,4450.50,5,4450.40,7,4450.30,6,4450.20,17,4450.10,17,4450.00,27,4451.10,3,4451.20,8,4451.30,5,4451.40,9,4451.50,5,4451.60,17,4451.70,18,4451.80,18,4451.90,17,4452.00,26,Buy,59,43,102,16.00,36.00,-1.00,1.30,15.4,4450.80,4451.80,4450.50,4451.00,51,160,211,-109.00,-1.00,-111.00,1.70,23.5,-165,279,0.0183,1.2500,-185.00,124.00,4427.48,2.5262,UP,227.65,0.9269,2.0692
20260810 195444 442,4450.70,1,4450.50,4450.80,0.30,4450.50,4,4450.40,4,4450.30,4,4450.20,7,4450.10,17,4450.00,27,4449.90,16,4449.80,17,4449.70,16,4449.60,20,4450.80,4,4450.90,7,4451.00,7,4451.10,7,4451.20,8,4451.30,5,4451.40,19,4451.50,15,4451.60,17,4451.70,17,Buy,60,43,103,17.00,36.00,-1.00,1.30,7.7,4450.80,4451.80,4450.50,4450.70,51,160,211,-109.00,-1.00,-111.00,1.70,23.5,-165,279,0.0183,1.1176,-184.00,125.00,4427.45,2.5167,UP,227.65,0.9269,2.0692
20260810 195445 106,4450.50,1,4450.60,4450.80,0.20,4450.60,1,4450.50,5,4450.40,5,4450.30,6,4450.20,7,4450.10,17,4450.00,27,4449.90,16,4449.80,17,4449.70,16,4450.80,5,4450.90,7,4451.00,7,4451.10,7,4451.20,8,4451.30,5,4451.40,20,4451.50,16,4451.60,17,4451.70,17,Sell,60,44,104,16.00,36.00,-1.00,1.30,23.1,4450.80,4451.80,4450.50,4450.50,51,160,211,-109.00,-1.00,-111.00,1.70,23.5,-165,279,0.0183,1.2500,-185.00,124.00,4427.43,2.5103,UP,227.65,0.9269,2.0692
20260810 195445 107,4450.50,1,4450.60,4450.80,0.20,4450.60,1,4450.50,5,4450.40,5,4450.30,6,4450.20,7,4450.10,17,4450.00,27,4449.90,16,4449.80,17,4449.70,16,4450.80,5,4450.90,7,4451.00,7,4451.10,7,4451.20,8,4451.30,5,4451.40,20,4451.50,16,4451.60,17,4451.70,17,Sell,60,45,105,15.00,36.00,-1.00,1.30,23.1,4450.80,4451.80,4450.50,4450.50,51,160,211,-109.00,-1.00,-111.00,1.70,23.5,-165,279,0.0183,1.4000,-186.00,123.00,4427.43,2.5103,UP,227.65,0.9269,2.0692
20260810 195446 422,4450.60,1,4450.50,4450.60,0.10,4450.50,4,4450.40,6,4450.30,6,4450.20,7,4450.10,17,4450.00,27,4449.90,16,4449.80,17,4449.70,16,4449.60,21,4450.60,1,4450.80,3,4450.90,7,4451.00,7,4451.10,7,4451.20,8,4451.30,6,4451.40,20,4451.50,16,4451.60,17,Buy,61,45,106,16.00,36.00,-1.00,1.30,15.4,4450.80,4451.80,4450.50,4450.60,51,160,211,-109.00,-1.00,-111.00,1.70,23.5,-165,279,0.0183,1.2500,-185.00,124.00,4427.44,2.5135,UP,227.65,0.9269,2.0692
20260810 195446 900,4450.80,1,4450.50,4450.80,0.30,4450.50,3,4450.40,6,4450.30,5,4450.20,7,4450.10,17,4450.00,27,4449.90,16,4449.80,17,4449.70,16,4449.60,22,4450.80,3,4450.90,7,4451.00,7,4451.10,7,4451.20,8,4451.30,6,4451.40,21,4451.50,15,4451.60,17,4451.70,17,Buy,62,45,107,17.00,36.00,-1.00,1.30,0.0,4450.80,4451.80,4450.50,4450.80,51,160,211,-109.00,-1.00,-111.00,1.70,23.5,-165,279,0.0183,1.1176,-184.00,125.00,4427.46,2.5198,UP,227.65,0.9269,2.0692
20260810 195447 620,4451.00,1,4450.90,4451.10,0.20,4450.90,1,4450.80,6,4450.70,5,4450.60,8,4450.50,8,4450.40,7,4450.30,6,4450.20,16,4450.10,17,4450.00,27,4451.10,3,4451.20,6,4451.30,5,4451.40,10,4451.50,5,4451.60,8,4451.70,12,4451.80,13,4451.90,14,4452.00,18,Buy,63,45,108,18.00,36.00,-1.00,1.30,15.4,4450.80,4451.80,4450.50,4451.00,51,160,211,-109.00,-1.00,-111.00,1.70,23.5,-165,279,0.0183,1.0000,-183.00,126.00,4427.48,2.5262,UP,227.65,0.9269,2.0692
20260810 195447 620,4451.00,1,4450.90,4451.10,0.20,4450.90,1,4450.80,6,4450.70,5,4450.60,8,4450.50,8,4450.40,7,4450.30,6,4450.20,16,4450.10,17,4450.00,27,4451.10,3,4451.20,6,4451.30,5,4451.40,10,4451.50,5,4451.60,8,4451.70,12,4451.80,13,4451.90,14,4452.00,18,Buy,64,45,109,19.00,36.00,-1.00,1.30,15.4,4450.80,4451.80,4450.50,4451.00,51,160,211,-109.00,-1.00,-111.00,1.70,23.5,-165,279,0.0183,0.8947,-182.00,127.00,4427.48,2.5262,UP,227.65,0.9269,2.0692
20260810 195449 737,4450.70,1,4450.70,4450.90,0.20,4450.70,2,4450.60,6,4450.50,7,4450.40,7,4450.30,6,4450.20,17,4450.10,17,4450.00,27,4449.90,16,4449.80,17,4450.90,2,4451.00,5,4451.10,7,4451.20,8,4451.30,5,4451.40,10,4451.50,5,4451.60,8,4451.70,12,4451.80,13,Sell,64,46,110,18.00,36.00,-1.00,1.30,7.7,4450.80,4451.80,4450.50,4450.70,51,160,211,-109.00,-1.00,-111.00,1.70,23.5,-165,279,0.0183,1.0000,-183.00,126.00,4427.45,2.5167,UP,227.65,0.9269,2.0692
20260810 195450 984,4450.90,2,4450.70,4450.90,0.20,4450.70,1,4450.60,5,4450.50,7,4450.40,7,4450.30,5,4450.20,16,4450.10,17,4450.00,27,4449.90,16,4449.80,17,4450.90,2,4451.00,5,4451.10,6,4451.20,8,4451.30,5,4451.40,10,4451.50,11,4451.60,13,4451.70,12,4451.80,13,Buy,66,46,112,20.00,36.00,-1.00,1.30,7.7,4450.80,4451.80,4450.50,4450.90,51,160,211,-109.00,-1.00,-111.00,1.70,23.5,-165,279,0.0183,0.8000,-181.00,128.00,4427.47,2.5230,UP,227.65,0.9269,2.0692
20260810 195453 179,4450.90,1,4451.00,4451.20,0.20,4451.00,4,4450.90,7,4450.80,9,4450.70,7,4450.60,7,4450.50,7,4450.40,16,4450.30,14,4450.20,16,4450.10,17,4451.20,2,4451.30,4,4451.40,10,4451.50,5,4451.60,8,4451.70,7,4451.80,13,4451.90,14,4452.00,18,4452.10,13,Buy,67,46,113,21.00,36.00,-1.00,1.30,7.7,4450.80,4451.80,4450.50,4450.90,51,160,211,-109.00,-1.00,-111.00,1.70,23.5,-165,279,0.0183,0.7143,-180.00,129.00,4427.47,2.5230,UP,227.65,0.9269,2.0692
20260810 195453 184,4451.00,1,4451.00,4451.20,0.20,4451.00,4,4450.90,7,4450.80,9,4450.70,7,4450.60,7,4450.50,7,4450.40,16,4450.30,14,4450.20,16,4450.10,17,4451.20,2,4451.30,4,4451.40,10,4451.50,5,4451.60,8,4451.70,7,4451.80,13,4451.90,14,4452.00,18,4452.10,13,Buy,68,46,114,22.00,36.00,-1.00,1.30,15.4,4450.80,4451.80,4450.50,4451.00,51,160,211,-109.00,-1.00,-111.00,1.70,23.5,-165,279,0.0183,0.6364,-179.00,130.00,4427.48,2.5262,UP,227.65,0.9269,2.0692
20260810 195453 210,4451.10,1,4451.00,4451.20,0.20,4451.00,4,4450.90,7,4450.80,9,4450.70,7,4450.60,7,4450.50,7,4450.40,16,4450.30,14,4450.20,16,4450.10,17,4451.20,2,4451.30,4,4451.40,10,4451.50,5,4451.60,8,4451.70,7,4451.80,13,4451.90,14,4452.00,18,4452.10,13,Buy,69,46,115,23.00,36.00,-1.00,1.30,23.1,4450.80,4451.80,4450.50,4451.10,51,160,211,-109.00,-1.00,-111.00,1.70,23.5,-165,279,0.0183,0.5652,-178.00,131.00,4427.49,2.5294,UP,227.65,0.9269,2.0692
20260810 195453 210,4451.10,1,4451.00,4451.20,0.20,4451.00,4,4450.90,7,4450.80,9,4450.70,7,4450.60,7,4450.50,7,4450.40,16,4450.30,14,4450.20,16,4450.10,17,4451.20,2,4451.30,4,4451.40,10,4451.50,5,4451.60,8,4451.70,7,4451.80,13,4451.90,14,4452.00,18,4452.10,13,Buy,70,46,116,24.00,36.00,-1.00,1.30,23.1,4450.80,4451.80,4450.50,4451.10,51,160,211,-109.00,-1.00,-111.00,1.70,23.5,-165,279,0.0183,0.5000,-177.00,132.00,4427.49,2.5294,UP,227.65,0.9269,2.0692
20260810 195455 106,4451.20,1,4451.20,4451.40,0.20,4451.20,1,4451.10,2,4451.00,4,4450.90,7,4450.80,8,4450.70,7,4450.60,7,4450.50,7,4450.40,17,4450.30,15,4451.40,8,4451.50,5,4451.60,7,4451.70,7,4451.80,13,4451.90,14,4452.00,18,4452.10,13,4452.20,14,4452.30,17,Buy,71,46,117,25.00,36.00,-1.00,1.30,30.8,4450.80,4451.80,4450.50,4451.20,51,160,211,-109.00,-1.00,-111.00,1.70,23.5,-165,279,0.0183,0.4400,-176.00,133.00,4427.50,2.5325,UP,227.65,0.9269,2.0692
20260810 195455 825,4451.30,1,4451.10,4451.30,0.20,4451.10,2,4451.00,4,4450.90,7,4450.80,8,4450.70,7,4450.60,8,4450.50,16,4450.40,17,4450.30,15,4450.20,16,4451.40,5,4451.50,6,4451.60,8,4451.70,6,4451.80,7,4451.90,9,4452.00,18,4452.10,13,4452.20,14,4452.30,17,Buy,72,46,118,26.00,36.00,-1.00,1.30,38.5,4450.80,4451.80,4450.50,4451.30,51,160,211,-109.00,-1.00,-111.00,1.70,23.5,-165,279,0.0183,0.3846,-175.00,134.00,4427.51,2.5357,UP,227.65,0.9269,2.0692
20260810 195455 825,4451.40,1,4451.10,4451.30,0.20,4451.10,2,4451.00,4,4450.90,7,4450.80,8,4450.70,7,4450.60,8,4450.50,16,4450.40,17,4450.30,15,4450.20,16,4451.40,5,4451.50,6,4451.60,8,4451.70,6,4451.80,7,4451.90,9,4452.00,18,4452.10,13,4452.20,14,4452.30,17,Buy,73,46,119,27.00,36.00,-1.00,1.30,46.2,4450.80,4451.80,4450.50,4451.40,51,160,211,-109.00,-1.00,-111.00,1.70,23.5,-165,279,0.0183,0.3333,-174.00,135.00,4427.51,2.5389,UP,227.65,0.9269,2.0692
20260810 195456 561,4451.00,1,4451.00,4451.20,0.20,4451.00,5,4450.90,7,4450.80,8,4450.70,7,4450.60,8,4450.50,16,4450.40,17,4450.30,15,4450.20,16,4450.10,17,4451.30,3,4451.40,6,4451.50,6,4451.60,8,4451.70,6,4451.80,7,4451.90,9,4452.00,18,4452.10,13,4452.20,14,Sell,73,47,120,26.00,36.00,-1.00,1.30,15.4,4450.80,4451.80,4450.50,4451.00,51,160,211,-109.00,-1.00,-111.00,1.70,23.5,-165,279,0.0183,0.3846,-175.00,134.00,4427.48,2.5262,UP,227.65,0.9269,2.0692
20260810 195456 711,4450.80,1,4450.90,4451.10,0.20,4450.90,3,4450.80,3,4450.70,7,4450.60,7,4450.50,7,4450.40,17,4450.30,15,4450.20,16,4450.10,17,4450.00,27,4451.10,2,4451.20,8,4451.30,6,4451.40,8,4451.50,6,4451.60,8,4451.70,16,4451.80,17,4451.90,19,4452.00,23,Sell,73,48,121,25.00,36.00,-1.00,1.30,0.0,4450.80,4451.80,4450.50,4450.80,51,160,211,-109.00,-1.00,-111.00,1.70,23.5,-165,279,0.0183,0.4400,-176.00,133.00,4427.46,2.5198,UP,227.65,0.9269,2.0692
20260810 195458 422,4451.00,1,4451.00,4451.30,0.30,4451.00,4,4450.90,6,4450.80,8,4450.70,7,4450.60,7,4450.50,7,4450.40,17,4450.30,15,4450.20,17,4450.10,17,4451.30,2,4451.40,5,4451.50,6,4451.60,7,4451.70,16,4451.80,17,4451.90,18,4452.00,23,4452.10,18,4452.20,19,Sell,73,49,122,24.00,36.00,-1.00,1.30,15.4,4450.80,4451.80,4450.50,4451.00,51,160,211,-109.00,-1.00,-111.00,1.70,23.5,-165,279,0.0183,0.5000,-177.00,132.00,4427.48,2.5262,UP,227.65,0.9269,2.0692
20260810 195458 422,4451.00,1,4451.00,4451.30,0.30,4451.00,4,4450.90,6,4450.80,8,4450.70,7,4450.60,7,4450.50,7,4450.40,17,4450.30,15,4450.20,17,4450.10,17,4451.30,2,4451.40,5,4451.50,6,4451.60,7,4451.70,16,4451.80,17,4451.90,18,4452.00,23,4452.10,18,4452.20,19,Sell,73,50,123,23.00,36.00,-1.00,1.30,15.4,4450.80,4451.80,4450.50,4451.00,51,160,211,-109.00,-1.00,-111.00,1.70,23.5,-165,279,0.0183,0.5652,-178.00,131.00,4427.48,2.5262,UP,227.65,0.9269,2.0692
20260810 195459 485,4451.10,1,4451.00,4451.30,0.30,4451.00,4,4450.90,6,4450.80,7,4450.70,7,4450.60,7,4450.50,7,4450.40,17,4450.30,15,4450.20,17,4450.10,17,4451.30,3,4451.40,5,4451.50,6,4451.60,7,4451.70,16,4451.80,17,4451.90,18,4452.00,23,4452.10,18,4452.20,19,Sell,73,51,124,22.00,36.00,-1.00,1.30,23.1,4450.80,4451.80,4450.50,4451.10,51,160,211,-109.00,-1.00,-111.00,1.70,23.5,-165,279,0.0183,0.6364,-179.00,130.00,4427.49,2.5294,UP,227.65,0.9269,2.0692
20260810 195459 485,4451.10,1,4451.00,4451.30,0.30,4451.00,4,4450.90,6,4450.80,7,4450.70,7,4450.60,7,4450.50,7,4450.40,17,4450.30,15,4450.20,17,4450.10,17,4451.30,3,4451.40,5,4451.50,6,4451.60,7,4451.70,16,4451.80,17,4451.90,18,4452.00,23,4452.10,18,4452.20,19,Sell,73,52,125,21.00,36.00,-1.00,1.30,23.1,4450.80,4451.80,4450.50,4451.10,51,160,211,-109.00,-1.00,-111.00,1.70,23.5,-165,279,0.0183,0.7143,-180.00,129.00,4427.49,2.5294,UP,227.65,0.9269,2.0692
20260810 195500 011,4451.10,1,4450.80,4451.00,0.20,4450.80,3,4450.70,5,4450.60,7,4450.50,6,4450.40,8,4450.30,15,4450.20,16,4450.10,17,4450.00,27,4449.90,16,4451.00,1,4451.10,5,4451.20,9,4451.30,6,4451.40,7,4451.50,6,4451.60,18,4451.70,17,4451.80,17,4451.90,18,Sell,0,1,1,-1.00,-1.00,-1.00,0.00,0.0,4451.10,4451.10,4451.10,4451.10,73,52,125,21.00,36.00,-1.00,1.30,23.1,51,240,0.7143,0.0000,-72.00,117.00,4427.49,2.5294,UP,219.50,0.5695,1.9214
20260810 195500 014,4451.10,1,4450.80,4451.00,0.20,4450.80,3,4450.70,5,4450.60,7,4450.50,6,4450.40,8,4450.30,15,4450.20,16,4450.10,17,4450.00,27,4449.90,16,4451.00,1,4451.10,5,4451.20,9,4451.30,6,4451.40,7,4451.50,6,4451.60,18,4451.70,17,4451.80,17,4451.90,18,Sell,0,2,2,-2.00,-1.00,-2.00,0.00,0.0,4451.10,4451.10,4451.10,4451.10,73,52,125,21.00,36.00,-1.00,1.30,23.1,51,240,0.7143,0.0000,-73.00,116.00,4427.49,2.5294,UP,219.50,0.5695,1.9214
20260810 195500 026,4451.00,1,4450.80,4451.00,0.20,4450.80,3,4450.70,5,4450.60,7,4450.50,6,4450.40,8,4450.30,15,4450.20,16,4450.10,17,4450.00,27,4449.90,16,4451.00,1,4451.10,5,4451.20,9,4451.30,6,4451.40,7,4451.50,6,4451.60,18,4451.70,17,4451.80,17,4451.90,18,Sell,0,3,3,-3.00,-1.00,-3.00,0.10,100.0,4451.10,4451.10,4451.00,4451.00,73,52,125,21.00,36.00,-1.00,1.30,23.1,51,240,0.7143,0.0000,-74.00,115.00,4427.48,2.5262,UP,219.50,0.5695,1.9286
20260810 195500 026,4451.00,1,4450.80,4451.00,0.20,4450.80,3,4450.70,5,4450.60,7,4450.50,6,4450.40,8,4450.30,15,4450.20,16,4450.10,17,4450.00,27,4449.90,16,4451.00,1,4451.10,5,4451.20,9,4451.30,6,4451.40,7,4451.50,6,4451.60,18,4451.70,17,4451.80,17,4451.90,18,Sell,0,4,4,-4.00,-1.00,-4.00,0.10,100.0,4451.10,4451.10,4451.00,4451.00,73,52,125,21.00,36.00,-1.00,1.30,23.1,51,240,0.7143,0.0000,-75.00,114.00,4427.48,2.5262,UP,219.50,0.5695,1.9286
20260810 195500 049,4450.90,1,4450.80,4451.00,0.20,4450.80,3,4450.70,5,4450.60,7,4450.50,6,4450.40,8,4450.30,15,4450.20,16,4450.10,17,4450.00,27,4449.90,16,4451.00,1,4451.10,5,4451.20,9,4451.30,6,4451.40,7,4451.50,6,4451.60,18,4451.70,17,4451.80,17,4451.90,18,Sell,0,5,5,-5.00,-1.00,-5.00,0.20,100.0,4451.10,4451.10,4450.90,4450.90,73,52,125,21.00,36.00,-1.00,1.30,23.1,51,240,0.7143,0.0000,-76.00,113.00,4427.47,2.5230,UP,219.50,0.5695,1.9357
20260810 195500 114,4451.00,1,4450.80,4451.00,0.20,4450.80,3,4450.70,7,4450.60,7,4450.50,6,4450.40,8,4450.30,15,4450.20,16,4450.10,16,4450.00,27,4449.90,16,4451.00,1,4451.10,5,4451.20,7,4451.30,6,4451.40,7,4451.50,6,4451.60,7,4451.70,17,4451.80,17,4451.90,18,Buy,1,5,6,-4.00,-1.00,-5.00,0.20,50.0,4451.10,4451.10,4450.90,4451.00,73,52,125,21.00,36.00,-1.00,1.30,23.1,51,240,0.7143,0.2500,-75.00,114.00,4427.48,2.5262,UP,219.50,0.5695,1.9357
20260810 195500 271,4451.00,1,4450.90,4451.00,0.10,4450.80,4,4450.70,6,4450.60,7,4450.50,6,4450.40,8,4450.30,15,4450.20,16,4450.10,16,4450.00,27,4449.90,16,4451.00,1,4451.10,5,4451.20,7,4451.30,5,4451.40,7,4451.50,6,4451.60,7,4451.70,17,4451.80,17,4451.90,18,Buy,2,5,7,-3.00,-1.00,-5.00,0.20,50.0,4451.10,4451.10,4450.90,4451.00,73,52,125,21.00,36.00,-1.00,1.30,23.1,51,240,0.7143,0.6667,-74.00,115.00,4427.48,2.5262,UP,219.50,0.5695,1.9357
20260810 195500 316,4451.00,1,4451.00,4451.10,0.10,4451.00,2,4450.90,5,4450.80,5,4450.70,9,4450.60,7,4450.50,6,4450.40,8,4450.30,15,4450.20,16,4450.10,16,4451.20,5,4451.30,5,4451.40,7,4451.50,6,4451.60,7,4451.70,17,4451.80,17,4451.90,18,4452.00,23,4452.10,18,Sell,2,6,8,-4.00,-1.00,-5.00,0.20,50.0,4451.10,4451.10,4450.90,4451.00,73,52,125,21.00,36.00,-1.00,1.30,23.1,51,240,0.7143,0.2500,-75.00,114.00,4427.48,2.5262,UP,219.50,0.5695,1.9357
20260810 195500 316,4451.00,1,4451.00,4451.10,0.10,4451.00,2,4450.90,5,4450.80,5,4450.70,9,4450.60,7,4450.50,6,4450.40,8,4450.30,15,4450.20,16,4450.10,16,4451.20,5,4451.30,5,4451.40,7,4451.50,6,4451.60,7,4451.70,17,4451.80,17,4451.90,18,4452.00,23,4452.10,18,Sell,2,7,9,-5.00,-1.00,-5.00,0.20,50.0,4451.10,4451.10,4450.90,4451.00,73,52,125,21.00,36.00,-1.00,1.30,23.1,51,240,0.7143,0.0000,-76.00,113.00,4427.48,2.5262,UP,219.50,0.5695,1.9357
20260810 195500 316,4451.00,1,4451.00,4451.10,0.10,4451.00,2,4450.90,5,4450.80,5,4450.70,9,4450.60,7,4450.50,6,4450.40,8,4450.30,15,4450.20,16,4450.10,16,4451.20,5,4451.30,5,4451.40,7,4451.50,6,4451.60,7,4451.70,17,4451.80,17,4451.90,18,4452.00,23,4452.10,18,Sell,2,8,10,-6.00,-1.00,-6.00,0.20,50.0,4451.10,4451.10,4450.90,4451.00,73,52,125,21.00,36.00,-1.00,1.30,23.1,51,240,0.7143,0.0000,-77.00,112.00,4427.48,2.5262,UP,219.50,0.5695,1.9357
20260810 195500 317,4451.00,1,4451.00,4451.10,0.10,4451.00,2,4450.90,5,4450.80,5,4450.70,9,4450.60,7,4450.50,6,4450.40,8,4450.30,15,4450.20,16,4450.10,16,4451.20,5,4451.30,5,4451.40,7,4451.50,6,4451.60,7,4451.70,17,4451.80,17,4451.90,18,4452.00,23,4452.10,18,Sell,2,9,11,-7.00,-1.00,-7.00,0.20,50.0,4451.10,4451.10,4450.90,4451.00,73,52,125,21.00,36.00,-1.00,1.30,23.1,51,240,0.7143,0.0000,-78.00,111.00,4427.48,2.5262,UP,219.50,0.5695,1.9357
20260810 195501 186,4450.80,1,4450.70,4450.90,0.20,4450.70,3,4450.60,5,4450.50,8,4450.40,7,4450.30,6,4450.20,15,4450.10,17,4450.00,27,4449.90,16,4449.80,17,4450.90,2,4451.00,5,4451.10,6,4451.20,8,4451.30,7,4451.40,7,4451.50,16,4451.60,17,4451.70,17,4451.80,17,Buy,3,9,12,-6.00,-1.00,-7.00,0.30,100.0,4451.10,4451.10,4450.80,4450.80,73,52,125,21.00,36.00,-1.00,1.30,23.1,51,240,0.7143,0.1667,-77.00,112.00,4427.46,2.5198,UP,219.50,0.5695,1.9429
20260810 195501 500,4450.80,1,4450.70,4451.00,0.30,4450.70,5,4450.60,8,4450.50,7,4450.40,7,4450.30,6,4450.20,16,4450.10,17,4450.00,27,4449.90,16,4449.80,17,4451.00,4,4451.10,5,4451.20,8,4451.30,7,4451.40,7,4451.50,6,4451.60,17,4451.70,17,4451.80,17,4451.90,18,Buy,4,9,13,-5.00,-1.00,-7.00,0.30,100.0,4451.10,4451.10,4450.80,4450.80,73,52,125,21.00,36.00,-1.00,1.30,23.1,51,240,0.7143,0.4000,-76.00,113.00,4427.46,2.5198,UP,219.50,0.5695,1.9429
20260810 195501 506,4450.90,1,4450.70,4451.00,0.30,4450.70,5,4450.60,8,4450.50,7,4450.40,7,4450.30,6,4450.20,16,4450.10,17,4450.00,27,4449.90,16,4449.80,17,4451.00,4,4451.10,5,4451.20,8,4451.30,7,4451.40,7,4451.50,6,4451.60,17,4451.70,17,4451.80,17,4451.90,18,Buy,5,9,14,-4.00,-1.00,-7.00,0.30,66.7,4451.10,4451.10,4450.80,4450.90,73,52,125,21.00,36.00,-1.00,1.30,23.1,51,240,0.7143,0.7500,-75.00,114.00,4427.47,2.5230,UP,219.50,0.5695,1.9429
20260810 195502 332,4451.10,2,4450.90,4451.20,0.30,4450.90,4,4450.80,5,4450.70,9,4450.60,8,4450.50,7,4450.40,7,4450.30,15,4450.20,16,4450.10,16,4450.00,18,4451.20,3,4451.30,6,4451.40,7,4451.50,6,4451.60,17,4451.70,18,4451.80,17,4451.90,18,4452.00,23,4452.10,18,Buy,7,9,16,-2.00,-1.00,-7.00,0.30,0.0,4451.10,4451.10,4450.80,4451.10,73,52,125,21.00,36.00,-1.00,1.30,23.1,51,240,0.7143,2.5000,-73.00,116.00,4427.49,2.5294,UP,219.50,0.5695,1.9429
20260810 195502 332,4451.10,1,4450.90,4451.20,0.30,4450.90,4,4450.80,5,4450.70,9,4450.60,8,4450.50,7,4450.40,7,4450.30,15,4450.20,16,4450.10,16,4450.00,18,4451.20,3,4451.30,6,4451.40,7,4451.50,6,4451.60,17,4451.70,18,4451.80,17,4451.90,18,4452.00,23,4452.10,18,Buy,8,9,17,-1.00,-1.00,-7.00,0.30,0.0,4451.10,4451.10,4450.80,4451.10,73,52,125,21.00,36.00,-1.00,1.30,23.1,51,240,0.7143,6.0000,-72.00,117.00,4427.49,2.5294,UP,219.50,0.5695,1.9429
20260810 195502 332,4451.10,2,4450.90,4451.20,0.30,4450.90,4,4450.80,5,4450.70,9,4450.60,8,4450.50,7,4450.40,7,4450.30,15,4450.20,16,4450.10,16,4450.00,18,4451.20,3,4451.30,6,4451.40,7,4451.50,6,4451.60,17,4451.70,18,4451.80,17,4451.90,18,4452.00,23,4452.10,18,Buy,10,9,19,1.00,1.00,-7.00,0.30,0.0,4451.10,4451.10,4450.80,4451.10,73,52,125,21.00,36.00,-1.00,1.30,23.1,51,240,0.7143,0.0000,-70.00,119.00,4427.49,2.5294,UP,219.50,0.5695,1.9429
20260810 195502 332,4451.10,1,4450.90,4451.20,0.30,4450.90,4,4450.80,5,4450.70,9,4450.60,8,4450.50,7,4450.40,7,4450.30,15,4450.20,16,4450.10,16,4450.00,18,4451.20,3,4451.30,6,4451.40,7,4451.50,6,4451.60,17,4451.70,18,4451.80,17,4451.90,18,4452.00,23,4452.10,18,Buy,11,9,20,2.00,2.00,-7.00,0.30,0.0,4451.10,4451.10,4450.80,4451.10,73,52,125,21.00,36.00,-1.00,1.30,23.1,51,240,0.7143,0.0000,-69.00,120.00,4427.49,2.5294,UP,219.50,0.5695,1.9429
20260810 195503 022,4451.20,1,4451.10,4451.30,0.20,4451.10,1,4451.00,4,4450.90,5,4450.80,8,4450.70,10,4450.60,8,4450.50,7,4450.40,8,4450.30,15,4450.20,16,4451.30,6,4451.40,5,4451.50,5,4451.60,7,4451.70,6,4451.80,6,4451.90,13,4452.00,18,4452.10,13,4452.20,14,Buy,12,9,21,3.00,3.00,-7.00,0.40,25.0,4451.10,4451.20,4450.80,4451.20,73,52,125,21.00,36.00,-1.00,1.30,23.1,51,240,0.7143,0.0000,-68.00,121.00,4427.50,2.5325,UP,219.50,0.5695,1.9500
20260810 195503 942,4451.30,1,4451.20,4451.40,0.20,4451.20,1,4451.10,7,4451.00,4,4450.90,6,4450.80,8,4450.70,10,4450.60,18,4450.50,16,4450.40,17,4450.30,15,4451.40,4,4451.50,6,4451.60,7,4451.70,6,4451.80,6,4451.90,13,4452.00,18,4452.10,13,4452.20,14,4452.30,17,Buy,13,9,22,4.00,4.00,-7.00,0.50,40.0,4451.10,4451.30,4450.80,4451.30,73,52,125,21.00,36.00,-1.00,1.30,23.1,51,240,0.7143,0.0000,-67.00,122.00,4427.51,2.5357,UP,219.50,0.5695,1.9571
20260810 195503 942,4451.30,1,4451.20,4451.40,0.20,4451.20,1,4451.10,7,4451.00,4,4450.90,6,4450.80,8,4450.70,10,4450.60,18,4450.50,16,4450.40,17,4450.30,15,4451.40,4,4451.50,6,4451.60,7,4451.70,6,4451.80,6,4451.90,13,4452.00,18,4452.10,13,4452.20,14,4452.30,17,Buy,14,9,23,5.00,5.00,-7.00,0.50,40.0,4451.10,4451.30,4450.80,4451.30,73,52,125,21.00,36.00,-1.00,1.30,23.1,51,240,0.7143,0.0000,-66.00,123.00,4427.51,2.5357,UP,219.50,0.5695,1.9571
20260810 195503 942,4451.40,1,4451.20,4451.40,0.20,4451.20,1,4451.10,7,4451.00,4,4450.90,6,4450.80,8,4450.70,10,4450.60,18,4450.50,16,4450.40,17,4450.30,15,4451.40,4,4451.50,6,4451.60,7,4451.70,6,4451.80,6,4451.90,13,4452.00,18,4452.10,13,4452.20,14,4452.30,17,Buy,15,9,24,6.00,6.00,-7.00,0.60,50.0,4451.10,4451.40,4450.80,4451.40,73,52,125,21.00,36.00,-1.00,1.30,23.1,51,240,0.7143,0.0000,-65.00,124.00,4427.51,2.5389,UP,219.50,0.5695,1.9643
20260810 195503 942,4451.40,1,4451.20,4451.40,0.20,4451.20,1,4451.10,7,4451.00,4,4450.90,6,4450.80,8,4450.70,10,4450.60,18,4450.50,16,4450.40,17,4450.30,15,4451.40,4,4451.50,6,4451.60,7,4451.70,6,4451.80,6,4451.90,13,4452.00,18,4452.10,13,4452.20,14,4452.30,17,Buy,16,9,25,7.00,7.00,-7.00,0.60,50.0,4451.10,4451.40,4450.80,4451.40,73,52,125,21.00,36.00,-1.00,1.30,23.1,51,240,0.7143,0.0000,-64.00,125.00,4427.51,2.5389,UP,219.50,0.5695,1.9643
20260810 195503 942,4451.40,1,4451.20,4451.40,0.20,4451.20,1,4451.10,7,4451.00,4,4450.90,6,4450.80,8,4450.70,10,4450.60,18,4450.50,16,4450.40,17,4450.30,15,4451.40,4,4451.50,6,4451.60,7,4451.70,6,4451.80,6,4451.90,13,4452.00,18,4452.10,13,4452.20,14,4452.30,17,Buy,17,9,26,8.00,8.00,-7.00,0.60,50.0,4451.10,4451.40,4450.80,4451.40,73,52,125,21.00,36.00,-1.00,1.30,23.1,51,240,0.7143,0.0000,-63.00,126.00,4427.51,2.5389,UP,219.50,0.5695,1.9643
20260810 195503 942,4451.40,1,4451.20,4451.40,0.20,4451.20,1,4451.10,7,4451.00,4,4450.90,6,4450.80,8,4450.70,10,4450.60,18,4450.50,16,4450.40,17,4450.30,15,4451.40,4,4451.50,6,4451.60,7,4451.70,6,4451.80,6,4451.90,13,4452.00,18,4452.10,13,4452.20,14,4452.30,17,Buy,18,9,27,9.00,9.00,-7.00,0.60,50.0,4451.10,4451.40,4450.80,4451.40,73,52,125,21.00,36.00,-1.00,1.30,23.1,51,240,0.7143,0.0000,-62.00,127.00,4427.51,2.5389,UP,219.50,0.5695,1.9643
20260810 195504 540,4451.10,1,4451.10,4451.40,0.30,4451.10,3,4451.00,5,4450.90,5,4450.80,8,4450.70,10,4450.60,18,4450.50,16,4450.40,17,4450.30,15,4450.20,16,4451.40,5,4451.50,6,4451.60,7,4451.70,7,4451.80,6,4451.90,13,4452.00,18,4452.10,13,4452.20,14,4452.30,17,Sell,18,10,28,8.00,9.00,-7.00,0.60,0.0,4451.10,4451.40,4450.80,4451.10,73,52,125,21.00,36.00,-1.00,1.30,23.1,51,240,0.7143,0.1250,-63.00,126.00,4427.49,2.5294,UP,219.50,0.5695,1.9643
20260810 195504 540,4451.10,2,4451.10,4451.40,0.30,4451.10,3,4451.00,5,4450.90,5,4450.80,8,4450.70,10,4450.60,18,4450.50,16,4450.40,17,4450.30,15,4450.20,16,4451.40,5,4451.50,6,4451.60,7,4451.70,7,4451.80,6,4451.90,13,4452.00,18,4452.10,13,4452.20,14,4452.30,17,Sell,18,12,30,6.00,9.00,-7.00,0.60,0.0,4451.10,4451.40,4450.80,4451.10,73,52,125,21.00,36.00,-1.00,1.30,23.1,51,240,0.7143,0.5000,-65.00,124.00,4427.49,2.5294,UP,219.50,0.5695,1.9643
20260810 195504 540,4451.00,1,4451.10,4451.40,0.30,4451.10,3,4451.00,5,4450.90,5,4450.80,8,4450.70,10,4450.60,18,4450.50,16,4450.40,17,4450.30,15,4450.20,16,4451.40,5,4451.50,6,4451.60,7,4451.70,7,4451.80,6,4451.90,13,4452.00,18,4452.10,13,4452.20,14,4452.30,17,Sell,18,13,31,5.00,9.00,-7.00,0.60,16.7,4451.10,4451.40,4450.80,4451.00,73,52,125,21.00,36.00,-1.00,1.30,23.1,51,240,0.7143,0.8000,-66.00,123.00,4427.48,2.5262,UP,219.50,0.5695,1.9643
20260810 195504 540,4451.00,1,4451.10,4451.40,0.30,4451.10,3,4451.00,5,4450.90,5,4450.80,8,4450.70,10,4450.60,18,4450.50,16,4450.40,17,4450.30,15,4450.20,16,4451.40,5,4451.50,6,4451.60,7,4451.70,7,4451.80,6,4451.90,13,4452.00,18,4452.10,13,4452.20,14,4452.30,17,Sell,18,14,32,4.00,9.00,-7.00,0.60,16.7,4451.10,4451.40,4450.80,4451.00,73,52,125,21.00,36.00,-1.00,1.30,23.1,51,240,0.7143,1.2500,-67.00,122.00,4427.48,2.5262,UP,219.50,0.5695,1.9643
20260810 195504 540,4451.00,1,4451.10,4451.40,0.30,4451.10,3,4451.00,5,4450.90,5,4450.80,8,4450.70,10,4450.60,18,4450.50,16,4450.40,17,4450.30,15,4450.20,16,4451.40,5,4451.50,6,4451.60,7,4451.70,7,4451.80,6,4451.90,13,4452.00,18,4452.10,13,4452.20,14,4452.30,17,Sell,18,15,33,3.00,9.00,-7.00,0.60,16.7,4451.10,4451.40,4450.80,4451.00,73,52,125,21.00,36.00,-1.00,1.30,23.1,51,240,0.7143,2.0000,-68.00,121.00,4427.48,2.5262,UP,219.50,0.5695,1.9643
20260810 195504 540,4450.90,1,4451.10,4451.40,0.30,4451.10,3,4451.00,5,4450.90,5,4450.80,8,4450.70,10,4450.60,18,4450.50,16,4450.40,17,4450.30,15,4450.20,16,4451.40,5,4451.50,6,4451.60,7,4451.70,7,4451.80,6,4451.90,13,4452.00,18,4452.10,13,4452.20,14,4452.30,17,Sell,18,16,34,2.00,9.00,-7.00,0.60,33.3,4451.10,4451.40,4450.80,4450.90,73,52,125,21.00,36.00,-1.00,1.30,23.1,51,240,0.7143,3.5000,-69.00,120.00,4427.47,2.5230,UP,219.50,0.5695,1.9643
20260810 195504 540,4450.90,1,4451.10,4451.40,0.30,4451.10,3,4451.00,5,4450.90,5,4450.80,8,4450.70,10,4450.60,18,4450.50,16,4450.40,17,4450.30,15,4450.20,16,4451.40,5,4451.50,6,4451.60,7,4451.70,7,4451.80,6,4451.90,13,4452.00,18,4452.10,13,4452.20,14,4452.30,17,Sell,18,17,35,1.00,9.00,-7.00,0.60,33.3,4451.10,4451.40,4450.80,4450.90,73,52,125,21.00,36.00,-1.00,1.30,23.1,51,240,0.7143,8.0000,-70.00,119.00,4427.47,2.5230,UP,219.50,0.5695,1.9643
20260810 195504 989,4451.20,1,4451.00,4451.20,0.20,4451.10,1,4451.00,4,4450.90,3,4450.80,8,4450.70,10,4450.60,18,4450.50,16,4450.40,17,4450.30,15,4450.20,16,4451.30,4,4451.40,5,4451.50,6,4451.60,7,4451.70,7,4451.80,7,4451.90,13,4452.00,18,4452.10,13,4452.20,14,Buy,19,17,36,2.00,9.00,-7.00,0.60,16.7,4451.10,4451.40,4450.80,4451.20,73,52,125,21.00,36.00,-1.00,1.30,23.1,51,240,0.7143,3.5000,-69.00,120.00,4427.50,2.5325,UP,219.50,0.5695,1.9643
20260810 195505 085,4450.80,1,4450.60,4450.80,0.20,4450.60,3,4450.50,5,4450.40,6,4450.30,5,4450.20,6,4450.10,16,4450.00,18,4449.90,16,4449.80,17,4449.70,16,4450.80,3,4450.90,5,4451.00,6,4451.10,5,4451.20,7,4451.30,5,4451.40,19,4451.50,16,4451.60,17,4451.70,17,Sell,19,18,37,1.00,9.00,-7.00,0.60,50.0,4451.10,4451.40,4450.80,4450.80,73,52,125,21.00,36.00,-1.00,1.30,23.1,51,240,0.7143,8.0000,-70.00,119.00,4427.46,2.5198,UP,219.50,0.5695,1.9643
20260810 195505 085,4450.80,1,4450.60,4450.80,0.20,4450.60,3,4450.50,5,4450.40,6,4450.30,5,4450.20,6,4450.10,16,4450.00,18,4449.90,16,4449.80,17,4449.70,16,4450.80,3,4450.90,5,4451.00,6,4451.10,5,4451.20,7,4451.30,5,4451.40,19,4451.50,16,4451.60,17,4451.70,17,Sell,19,19,38,0.00,9.00,-7.00,0.60,50.0,4451.10,4451.40,4450.80,4450.80,73,52,125,21.00,36.00,-1.00,1.30,23.1,51,240,0.7143,9.0000,-71.00,118.00,4427.46,2.5198,UP,219.50,0.5695,1.9643
20260810 195505 085,4451.00,1,4450.60,4450.80,0.20,4450.60,3,4450.50,5,4450.40,6,4450.30,5,4450.20,6,4450.10,16,4450.00,18,4449.90,16,4449.80,17,4449.70,16,4450.80,3,4450.90,5,4451.00,6,4451.10,5,4451.20,7,4451.30,5,4451.40,19,4451.50,16,4451.60,17,4451.70,17,Buy,20,19,39,1.00,9.00,-7.00,0.60,16.7,4451.10,4451.40,4450.80,4451.00,73,52,125,21.00,36.00,-1.00,1.30,23.1,51,240,0.7143,8.0000,-70.00,119.00,4427.48,2.5262,UP,219.50,0.5695,1.9643
20260810 195505 085,4451.00,1,4450.60,4450.80,0.20,4450.60,3,4450.50,5,4450.40,6,4450.30,5,4450.20,6,4450.10,16,4450.00,18,4449.90,16,4449.80,17,4449.70,16,4450.80,3,4450.90,5,4451.00,6,4451.10,5,4451.20,7,4451.30,5,4451.40,19,4451.50,16,4451.60,17,4451.70,17,Buy,21,19,40,2.00,9.00,-7.00,0.60,16.7,4451.10,4451.40,4450.80,4451.00,73,52,125,21.00,36.00,-1.00,1.30,23.1,51,240,0.7143,3.5000,-69.00,120.00,4427.48,2.5262,UP,219.50,0.5695,1.9643
20260810 195505 085,4451.10,1,4450.60,4450.80,0.20,4450.60,3,4450.50,5,4450.40,6,4450.30,5,4450.20,6,4450.10,16,4450.00,18,4449.90,16,4449.80,17,4449.70,16,4450.80,3,4450.90,5,4451.00,6,4451.10,5,4451.20,7,4451.30,5,4451.40,19,4451.50,16,4451.60,17,4451.70,17,Buy,22,19,41,3.00,9.00,-7.00,0.60,0.0,4451.10,4451.40,4450.80,4451.10,73,52,125,21.00,36.00,-1.00,1.30,23.1,51,240,0.7143,2.0000,-68.00,121.00,4427.49,2.5294,UP,219.50,0.5695,1.9643
20260810 195505 085,4451.10,1,4450.60,4450.80,0.20,4450.60,3,4450.50,5,4450.40,6,4450.30,5,4450.20,6,4450.10,16,4450.00,18,4449.90,16,4449.80,17,4449.70,16,4450.80,3,4450.90,5,4451.00,6,4451.10,5,4451.20,7,4451.30,5,4451.40,19,4451.50,16,4451.60,17,4451.70,17,Buy,23,19,42,4.00,9.00,-7.00,0.60,0.0,4451.10,4451.40,4450.80,4451.10,73,52,125,21.00,36.00,-1.00,1.30,23.1,51,240,0.7143,1.2500,-67.00,122.00,4427.49,2.5294,UP,219.50,0.5695,1.9643
20260810 195505 101,4450.70,1,4450.60,4450.80,0.20,4450.60,3,4450.50,5,4450.40,6,4450.30,5,4450.20,6,4450.10,16,4450.00,18,4449.90,16,4449.80,17,4449.70,16,4450.80,3,4450.90,5,4451.00,6,4451.10,5,4451.20,7,4451.30,5,4451.40,19,4451.50,16,4451.60,17,4451.70,17,Sell,23,20,43,3.00,9.00,-7.00,0.70,57.1,4451.10,4451.40,4450.70,4450.70,73,52,125,21.00,36.00,-1.00,1.30,23.1,51,240,0.7143,2.0000,-68.00,121.00,4427.45,2.5167,UP,219.50,0.5695,1.9714
20260810 195505 105,4450.60,1,4450.60,4450.80,0.20,4450.60,3,4450.50,5,4450.40,6,4450.30,5,4450.20,6,4450.10,16,4450.00,18,4449.90,16,4449.80,17,4449.70,16,4450.80,3,4450.90,5,4451.00,6,4451.10,5,4451.20,7,4451.30,5,4451.40,19,4451.50,16,4451.60,17,4451.70,17,Sell,23,21,44,2.00,9.00,-7.00,0.80,62.5,4451.10,4451.40,4450.60,4450.60,73,52,125,21.00,36.00,-1.00,1.30,23.1,51,240,0.7143,3.5000,-69.00,120.00,4427.44,2.5135,UP,219.50,0.5695,1.9786
20260810 195505 107,4450.50,1,4450.60,4450.80,0.20,4450.60,3,4450.50,5,4450.40,6,4450.30,5,4450.20,6,4450.10,16,4450.00,18,4449.90,16,4449.80,17,4449.70,16,4450.80,3,4450.90,5,4451.00,6,4451.10,5,4451.20,7,4451.30,5,4451.40,19,4451.50,16,4451.60,17,4451.70,17,Sell,23,22,45,1.00,9.00,-7.00,0.90,66.7,4451.10,4451.40,4450.50,4450.50,73,52,125,21.00,36.00,-1.00,1.30,23.1,51,240,0.7143,8.0000,-70.00,119.00,4427.43,2.5103,UP,219.50,0.5695,1.9857
20260810 195505 107,4450.50,1,4450.60,4450.80,0.20,4450.60,3,4450.50,5,4450.40,6,4450.30,5,4450.20,6,4450.10,16,4450.00,18,4449.90,16,4449.80,17,4449.70,16,4450.80,3,4450.90,5,4451.00,6,4451.10,5,4451.20,7,4451.30,5,4451.40,19,4451.50,16,4451.60,17,4451.70,17,Sell,23,23,46,0.00,9.00,-7.00,0.90,66.7,4451.10,4451.40,4450.50,4450.50,73,52,125,21.00,36.00,-1.00,1.30,23.1,51,240,0.7143,9.0000,-71.00,118.00,4427.43,2.5103,UP,219.50,0.5695,1.9857
20260810 195505 757,4450.80,1,4450.60,4450.90,0.30,4450.60,3,4450.50,6,4450.40,4,4450.30,5,4450.20,7,4450.10,17,4450.00,19,4449.90,16,4449.80,17,4449.70,16,4450.90,4,4451.00,8,4451.10,5,4451.20,7,4451.30,5,4451.40,19,4451.50,17,4451.60,17,4451.70,17,4451.80,17,Buy,24,23,47,1.00,9.00,-7.00,0.90,33.3,4451.10,4451.40,4450.50,4450.80,73,52,125,21.00,36.00,-1.00,1.30,23.1,51,240,0.7143,8.0000,-70.00,119.00,4427.46,2.5198,UP,219.50,0.5695,1.9857
20260810 195506 412,4451.00,1,4450.80,4451.00,0.20,4450.80,3,4450.70,7,4450.60,6,4450.50,6,4450.40,9,4450.30,5,4450.20,17,4450.10,17,4450.00,18,4449.90,16,4451.00,1,4451.10,7,4451.20,8,4451.30,5,4451.40,8,4451.50,6,4451.60,17,4451.70,17,4451.80,17,4451.90,18,Buy,25,23,48,2.00,9.00,-7.00,0.90,11.1,4451.10,4451.40,4450.50,4451.00,73,52,125,21.00,36.00,-1.00,1.30,23.1,51,240,0.7143,3.5000,-69.00,120.00,4427.48,2.5262,UP,219.50,0.5695,1.9857
20260810 195507 290,4451.00,1,4450.60,4450.90,0.30,4450.60,3,4450.50,6,4450.40,9,4450.30,5,4450.20,17,4450.10,17,4450.00,18,4449.90,16,4449.80,17,4449.70,16,4450.90,4,4451.00,5,4451.10,7,4451.20,7,4451.30,5,4451.40,7,4451.50,16,4451.60,17,4451.70,18,4451.80,17,Sell,25,24,49,1.00,9.00,-7.00,0.90,11.1,4451.10,4451.40,4450.50,4451.00,73,52,125,21.00,36.00,-1.00,1.30,23.1,51,240,0.7143,8.0000,-70.00,119.00,4427.48,2.5262,UP,219.50,0.5695,1.9857
20260810 195507 295,4450.90,1,4450.60,4450.90,0.30,4450.60,3,4450.50,6,4450.40,9,4450.30,5,4450.20,17,4450.10,17,4450.00,18,4449.90,16,4449.80,17,4449.70,16,4450.90,4,4451.00,5,4451.10,7,4451.20,7,4451.30,5,4451.40,7,4451.50,16,4451.60,17,4451.70,18,4451.80,17,Sell,25,25,50,0.00,9.00,-7.00,0.90,22.2,4451.10,4451.40,4450.50,4450.90,73,52,125,21.00,36.00,-1.00,1.30,23.1,51,240,0.7143,9.0000,-71.00,118.00,4427.47,2.5230,UP,219.50,0.5695,1.9857
20260810 195507 572,4450.60,1,4450.40,4450.60,0.20,4450.40,1,4450.30,4,4450.20,7,4450.10,6,4450.00,9,4449.90,16,4449.80,17,4449.70,16,4449.60,20,4449.50,15,4450.60,4,4450.70,7,4450.80,7,4450.90,6,4451.00,8,4451.10,7,4451.20,18,4451.30,15,4451.40,17,4451.50,16,Sell,25,26,51,-1.00,9.00,-7.00,0.90,55.6,4451.10,4451.40,4450.50,4450.60,73,52,125,21.00,36.00,-1.00,1.30,23.1,51,240,0.7143,6.0000,-72.00,117.00,4427.44,2.5135,UP,219.50,0.5695,1.9857
20260810 195507 572,4450.60,1,4450.40,4450.60,0.20,4450.40,1,4450.30,4,4450.20,7,4450.10,6,4450.00,9,4449.90,16,4449.80,17,4449.70,16,4449.60,20,4449.50,15,4450.60,4,4450.70,7,4450.80,7,4450.90,6,4451.00,8,4451.10,7,4451.20,18,4451.30,15,4451.40,17,4451.50,16,Sell,25,27,52,-2.00,9.00,-7.00,0.90,55.6,4451.10,4451.40,4450.50,4450.60,73,52,125,21.00,36.00,-1.00,1.30,23.1,51,240,0.7143,2.5000,-73.00,116.00,4427.44,2.5135,UP,219.50,0.5695,1.9857
20260810 195507 668,4450.50,1,4450.40,4450.70,0.30,4450.40,4,4450.30,7,4450.20,6,4450.10,6,4450.00,9,4449.90,16,4449.80,17,4449.70,16,4449.60,20,4449.50,15,4450.70,5,4450.80,7,4450.90,6,4451.00,8,4451.10,7,4451.20,18,4451.30,15,4451.40,17,4451.50,16,4451.60,17,Buy,26,27,53,-1.00,9.00,-7.00,0.90,66.7,4451.10,4451.40,4450.50,4450.50,73,52,125,21.00,36.00,-1.00,1.30,23.1,51,240,0.7143,6.0000,-72.00,117.00,4427.43,2.5103,UP,219.50,0.5695,1.9857
20260810 195507 668,4450.50,1,4450.40,4450.70,0.30,4450.40,4,4450.30,7,4450.20,6,4450.10,6,4450.00,9,4449.90,16,4449.80,17,4449.70,16,4449.60,20,4449.50,15,4450.70,5,4450.80,7,4450.90,6,4451.00,8,4451.10,7,4451.20,18,4451.30,15,4451.40,17,4451.50,16,4451.60,17,Buy,27,27,54,0.00,9.00,-7.00,0.90,66.7,4451.10,4451.40,4450.50,4450.50,73,52,125,21.00,36.00,-1.00,1.30,23.1,51,240,0.7143,9.0000,-71.00,118.00,4427.43,2.5103,UP,219.50,0.5695,1.9857
20260810 195508 043,4450.40,1,4450.40,4450.60,0.20,4450.40,2,4450.30,1,4450.20,1,4450.10,7,4450.00,9,4449.90,7,4449.80,20,4449.70,16,4449.60,20,4449.50,15,4450.60,3,4450.70,4,4450.80,7,4450.90,6,4451.00,8,4451.10,17,4451.20,18,4451.30,15,4451.40,17,4451.50,16,Sell,27,28,55,-1.00,9.00,-7.00,1.00,70.0,4451.10,4451.40,4450.40,4450.40,73,52,125,21.00,36.00,-1.00,1.30,23.1,51,240,0.7143,6.0000,-72.00,117.00,4427.42,2.5071,UP,219.50,0.5695,1.9929
20260810 195508 043,4450.40,1,4450.40,4450.60,0.20,4450.40,2,4450.30,1,4450.20,1,4450.10,7,4450.00,9,4449.90,7,4449.80,20,4449.70,16,4449.60,20,4449.50,15,4450.60,3,4450.70,4,4450.80,7,4450.90,6,4451.00,8,4451.10,17,4451.20,18,4451.30,15,4451.40,17,4451.50,16,Sell,27,29,56,-2.00,9.00,-7.00,1.00,70.0,4451.10,4451.40,4450.40,4450.40,73,52,125,21.00,36.00,-1.00,1.30,23.1,51,240,0.7143,2.5000,-73.00,116.00,4427.42,2.5071,UP,219.50,0.5695,1.9929
20260810 195508 043,4450.40,1,4450.40,4450.60,0.20,4450.40,2,4450.30,1,4450.20,1,4450.10,7,4450.00,9,4449.90,7,4449.80,20,4449.70,16,4449.60,20,4449.50,15,4450.60,3,4450.70,4,4450.80,7,4450.90,6,4451.00,8,4451.10,17,4451.20,18,4451.30,15,4451.40,17,4451.50,16,Sell,27,30,57,-3.00,9.00,-7.00,1.00,70.0,4451.10,4451.40,4450.40,4450.40,73,52,125,21.00,36.00,-1.00,1.30,23.1,51,240,0.7143,1.3333,-74.00,115.00,4427.42,2.5071,UP,219.50,0.5695,1.9929
20260810 195508 043,4450.30,1,4450.40,4450.60,0.20,4450.40,2,4450.30,1,4450.20,1,4450.10,7,4450.00,9,4449.90,7,4449.80,20,4449.70,16,4449.60,20,4449.50,15,4450.60,3,4450.70,4,4450.80,7,4450.90,6,4451.00,8,4451.10,17,4451.20,18,4451.30,15,4451.40,17,4451.50,16,Sell,27,31,58,-4.00,9.00,-7.00,1.10,72.7,4451.10,4451.40,4450.30,4450.30,73,52,125,21.00,36.00,-1.00,1.30,23.1,51,240,0.7143,0.7500,-75.00,114.00,4427.41,2.5040,UP,219.50,0.5695,2.0000
20260810 195508 043,4450.30,1,4450.40,4450.60,0.20,4450.40,2,4450.30,1,4450.20,1,4450.10,7,4450.00,9,4449.90,7,4449.80,20,4449.70,16,4449.60,20,4449.50,15,4450.60,3,4450.70,4,4450.80,7,4450.90,6,4451.00,8,4451.10,17,4451.20,18,4451.30,15,4451.40,17,4451.50,16,Sell,27,32,59,-5.00,9.00,-7.00,1.10,72.7,4451.10,4451.40,4450.30,4450.30,73,52,125,21.00,36.00,-1.00,1.30,23.1,51,240,0.7143,0.4000,-76.00,113.00,4427.41,2.5040,UP,219.50,0.5695,2.0000
20260810 195508 043,4450.30,1,4450.40,4450.60,0.20,4450.40,2,4450.30,1,4450.20,1,4450.10,7,4450.00,9,4449.90,7,4449.80,20,4449.70,16,4449.60,20,4449.50,15,4450.60,3,4450.70,4,4450.80,7,4450.90,6,4451.00,8,4451.10,17,4451.20,18,4451.30,15,4451.40,17,4451.50,16,Sell,27,33,60,-6.00,9.00,-7.00,1.10,72.7,4451.10,4451.40,4450.30,4450.30,73,52,125,21.00,36.00,-1.00,1.30,23.1,51,240,0.7143,0.1667,-77.00,112.00,4427.41,2.5040,UP,219.50,0.5695,2.0000
20260810 195508 043,4450.30,1,4450.40,4450.60,0.20,4450.40,2,4450.30,1,4450.20,1,4450.10,7,4450.00,9,4449.90,7,4449.80,20,4449.70,16,4449.60,20,4449.50,15,4450.60,3,4450.70,4,4450.80,7,4450.90,6,4451.00,8,4451.10,17,4451.20,18,4451.30,15,4451.40,17,4451.50,16,Sell,27,34,61,-7.00,9.00,-7.00,1.10,72.7,4451.10,4451.40,4450.30,4450.30,73,52,125,21.00,36.00,-1.00,1.30,23.1,51,240,0.7143,0.0000,-78.00,111.00,4427.41,2.5040,UP,219.50,0.5695,2.0000
20260810 195508 043,4450.20,1,4450.40,4450.60,0.20,4450.40,2,4450.30,7,4450.20,5,4450.10,6,4450.00,9,4449.90,6,4449.80,20,4449.70,16,4449.60,20,4449.50,15,4450.60,3,4450.70,4,4450.80,7,4450.90,6,4451.00,8,4451.10,17,4451.20,17,4451.30,15,4451.40,17,4451.50,16,Sell,27,35,62,-8.00,9.00,-8.00,1.20,75.0,4451.10,4451.40,4450.20,4450.20,73,52,125,21.00,36.00,-1.00,1.30,23.1,51,240,0.7143,0.0000,-79.00,110.00,4427.40,2.5008,UP,219.50,0.5695,2.0071
20260810 195508 043,4450.20,1,4450.40,4450.60,0.20,4450.40,2,4450.30,7,4450.20,5,4450.10,6,4450.00,9,4449.90,6,4449.80,20,4449.70,16,4449.60,20,4449.50,15,4450.60,3,4450.70,4,4450.80,7,4450.90,6,4451.00,8,4451.10,17,4451.20,17,4451.30,15,4451.40,17,4451.50,16,Sell,27,36,63,-9.00,9.00,-9.00,1.20,75.0,4451.10,4451.40,4450.20,4450.20,73,52,125,21.00,36.00,-1.00,1.30,23.1,51,240,0.7143,0.0000,-80.00,109.00,4427.40,2.5008,UP,219.50,0.5695,2.0071
20260810 195508 043,4450.20,1,4450.40,4450.60,0.20,4450.40,2,4450.30,7,4450.20,5,4450.10,6,4450.00,9,4449.90,6,4449.80,20,4449.70,16,4449.60,20,4449.50,15,4450.60,3,4450.70,4,4450.80,7,4450.90,6,4451.00,8,4451.10,17,4451.20,17,4451.30,15,4451.40,17,4451.50,16,Sell,27,37,64,-10.00,9.00,-10.00,1.20,75.0,4451.10,4451.40,4450.20,4450.20,73,52,125,21.00,36.00,-1.00,1.30,23.1,51,240,0.7143,0.0000,-81.00,108.00,4427.40,2.5008,UP,219.50,0.5695,2.0071
20260810 195508 043,4450.20,2,4450.40,4450.60,0.20,4450.40,2,4450.30,7,4450.20,5,4450.10,6,4450.00,9,4449.90,6,4449.80,20,4449.70,16,4449.60,20,4449.50,15,4450.60,3,4450.70,4,4450.80,7,4450.90,6,4451.00,8,4451.10,17,4451.20,17,4451.30,15,4451.40,17,4451.50,16,Sell,27,39,66,-12.00,9.00,-12.00,1.20,75.0,4451.10,4451.40,4450.20,4450.20,73,52,125,21.00,36.00,-1.00,1.30,23.1,51,240,0.7143,0.0000,-83.00,106.00,4427.40,2.5008,UP,219.50,0.5695,2.0071
20260810 195508 043,4450.20,1,4450.40,4450.60,0.20,4450.40,2,4450.30,7,4450.20,5,4450.10,6,4450.00,9,4449.90,6,4449.80,20,4449.70,16,4449.60,20,4449.50,15,4450.60,3,4450.70,4,4450.80,7,4450.90,6,4451.00,8,4451.10,17,4451.20,17,4451.30,15,4451.40,17,4451.50,16,Sell,27,40,67,-13.00,9.00,-13.00,1.20,75.0,4451.10,4451.40,4450.20,4450.20,73,52,125,21.00,36.00,-1.00,1.30,23.1,51,240,0.7143,0.0000,-84.00,105.00,4427.40,2.5008,UP,219.50,0.5695,2.0071
20260810 195508 442,4450.30,1,4450.20,4450.40,0.20,4450.20,4,4450.10,5,4450.00,6,4449.90,6,4449.80,11,4449.70,16,4449.60,20,4449.50,15,4449.40,18,4449.30,16,4450.40,1,4450.50,4,4450.60,6,4450.70,7,4450.80,7,4450.90,6,4451.00,18,4451.10,17,4451.20,17,4451.30,15,Sell,27,41,68,-14.00,9.00,-14.00,1.20,66.7,4451.10,4451.40,4450.20,4450.30,73,52,125,21.00,36.00,-1.00,1.30,23.1,51,240,0.7143,0.0000,-85.00,104.00,4427.41,2.5040,UP,219.50,0.5695,2.0071
20260810 195508 442,4450.30,1,4450.20,4450.40,0.20,4450.20,4,4450.10,5,4450.00,6,4449.90,6,4449.80,11,4449.70,16,4449.60,20,4449.50,15,4449.40,18,4449.30,16,4450.40,1,4450.50,4,4450.60,6,4450.70,7,4450.80,7,4450.90,6,4451.00,18,4451.10,17,4451.20,17,4451.30,15,Sell,27,42,69,-15.00,9.00,-15.00,1.20,66.7,4451.10,4451.40,4450.20,4450.30,73,52,125,21.00,36.00,-1.00,1.30,23.1,51,240,0.7143,0.0000,-86.00,103.00,4427.41,2.5040,UP,219.50,0.5695,2.0071
20260810 195508 442,4450.30,1,4450.20,4450.40,0.20,4450.20,4,4450.10,5,4450.00,6,4449.90,6,4449.80,11,4449.70,16,4449.60,20,4449.50,15,4449.40,18,4449.30,16,4450.40,1,4450.50,4,4450.60,6,4450.70,7,4450.80,7,4450.90,6,4451.00,18,4451.10,17,4451.20,17,4451.30,15,Sell,27,43,70,-16.00,9.00,-16.00,1.20,66.7,4451.10,4451.40,4450.20,4450.30,73,52,125,21.00,36.00,-1.00,1.30,23.1,51,240,0.7143,0.0000,-87.00,102.00,4427.41,2.5040,UP,219.50,0.5695,2.0071
20260810 195508 454,4450.10,1,4450.20,4450.40,0.20,4450.20,4,4450.10,5,4450.00,6,4449.90,6,4449.80,11,4449.70,16,4449.60,20,4449.50,15,4449.40,18,4449.30,16,4450.40,1,4450.50,4,4450.60,6,4450.70,7,4450.80,7,4450.90,6,4451.00,18,4451.10,17,4451.20,17,4451.30,15,Sell,27,44,71,-17.00,9.00,-17.00,1.30,76.9,4451.10,4451.40,4450.10,4450.10,73,52,125,21.00,36.00,-1.00,1.30,23.1,51,240,0.7143,0.0000,-88.00,101.00,4427.39,2.4976,UP,219.50,0.5695,2.0143
20260810 195509 609,4450.20,1,4450.30,4450.50,0.20,4450.30,1,4450.20,4,4450.10,4,4450.00,9,4449.90,6,4449.80,11,4449.70,16,4449.60,20,4449.50,15,4449.40,18,4450.50,2,4450.60,4,4450.70,7,4450.80,7,4450.90,6,4451.00,18,4451.10,17,4451.20,17,4451.30,16,4451.40,17,Sell,27,45,72,-18.00,9.00,-18.00,1.30,69.2,4451.10,4451.40,4450.10,4450.20,73,52,125,21.00,36.00,-1.00,1.30,23.1,51,240,0.7143,0.0000,-89.00,100.00,4427.40,2.5008,UP,219.50,0.5695,2.0143
20260810 195509 609,4450.20,1,4450.30,4450.50,0.20,4450.30,1,4450.20,4,4450.10,4,4450.00,9,4449.90,6,4449.80,11,4449.70,16,4449.60,20,4449.50,15,4449.40,18,4450.50,2,4450.60,4,4450.70,7,4450.80,7,4450.90,6,4451.00,18,4451.10,17,4451.20,17,4451.30,16,4451.40,17,Sell,27,46,73,-19.00,9.00,-19.00,1.30,69.2,4451.10,4451.40,4450.10,4450.20,73,52,125,21.00,36.00,-1.00,1.30,23.1,51,240,0.7143,0.0000,-90.00,99.00,4427.40,2.5008,UP,219.50,0.5695,2.0143
20260810 195509 609,4450.20,1,4450.30,4450.50,0.20,4450.30,1,4450.20,4,4450.10,4,4450.00,9,4449.90,6,4449.80,11,4449.70,16,4449.60,20,4449.50,15,4449.40,18,4450.50,2,4450.60,4,4450.70,7,4450.80,7,4450.90,6,4451.00,18,4451.10,17,4451.20,17,4451.30,16,4451.40,17,Sell,27,47,74,-20.00,9.00,-20.00,1.30,69.2,4451.10,4451.40,4450.10,4450.20,73,52,125,21.00,36.00,-1.00,1.30,23.1,51,240,0.7143,0.0000,-91.00,98.00,4427.40,2.5008,UP,219.50,0.5695,2.0143
20260810 195509 609,4450.20,1,4450.30,4450.50,0.20,4450.30,1,4450.20,4,4450.10,4,4450.00,9,4449.90,6,4449.80,11,4449.70,16,4449.60,20,4449.50,15,4449.40,18,4450.50,2,4450.60,4,4450.70,7,4450.80,7,4450.90,6,4451.00,18,4451.10,17,4451.20,17,4451.30,16,4451.40,17,Sell,27,48,75,-21.00,9.00,-21.00,1.30,69.2,4451.10,4451.40,4450.10,4450.20,73,52,125,21.00,36.00,-1.00,1.30,23.1,51,240,0.7143,0.0000,-92.00,97.00,4427.40,2.5008,UP,219.50,0.5695,2.0143
20260810 195509 609,4450.20,1,4450.30,4450.50,0.20,4450.30,1,4450.20,4,4450.10,4,4450.00,9,4449.90,6,4449.80,11,4449.70,16,4449.60,20,4449.50,15,4449.40,18,4450.50,2,4450.60,4,4450.70,7,4450.80,7,4450.90,6,4451.00,18,4451.10,17,4451.20,17,4451.30,16,4451.40,17,Sell,27,49,76,-22.00,9.00,-22.00,1.30,69.2,4451.10,4451.40,4450.10,4450.20,73,52,125,21.00,36.00,-1.00,1.30,23.1,51,240,0.7143,0.0000,-93.00,96.00,4427.40,2.5008,UP,219.50,0.5695,2.0143
20260810 195510 874,4450.30,1,4450.20,4450.40,0.20,4450.20,2,4450.10,7,4450.00,7,4449.90,5,4449.80,11,4449.70,6,4449.60,20,4449.50,15,4449.40,18,4449.30,17,4450.40,2,4450.50,6,4450.60,8,4450.70,7,4450.80,7,4450.90,16,4451.00,19,4451.10,17,4451.20,17,4451.30,16,Buy,28,49,77,-21.00,9.00,-22.00,1.30,61.5,4451.10,4451.40,4450.10,4450.30,73,52,125,21.00,36.00,-1.00,1.30,23.1,51,240,0.7143,0.0476,-92.00,97.00,4427.41,2.5040,UP,219.50,0.5695,2.0143
20260810 195511 337,4450.40,1,4450.20,4450.40,0.20,4450.20,2,4450.10,7,4450.00,7,4449.90,5,4449.80,11,4449.70,6,4449.60,20,4449.50,15,4449.40,18,4449.30,17,4450.40,1,4450.50,6,4450.60,8,4450.70,7,4450.80,7,4450.90,16,4451.00,19,4451.10,17,4451.20,17,4451.30,16,Buy,29,49,78,-20.00,9.00,-22.00,1.30,53.8,4451.10,4451.40,4450.10,4450.40,73,52,125,21.00,36.00,-1.00,1.30,23.1,51,240,0.7143,0.1000,-91.00,98.00,4427.42,2.5071,UP,219.50,0.5695,2.0143
20260810 195512 020,4450.50,1,4450.30,4450.50,0.20,4450.30,1,4450.20,6,4450.10,7,4450.00,8,4449.90,5,4449.80,11,4449.70,6,4449.60,20,4449.50,15,4449.40,18,4450.50,4,4450.60,8,4450.70,7,4450.80,7,4450.90,6,4451.00,18,4451.10,17,4451.20,17,4451.30,16,4451.40,17,Buy,30,49,79,-19.00,9.00,-22.00,1.30,46.2,4451.10,4451.40,4450.10,4450.50,73,52,125,21.00,36.00,-1.00,1.30,23.1,51,240,0.7143,0.1579,-90.00,99.00,4427.43,2.5103,UP,219.50,0.5695,2.0143
20260810 195512 020,4450.50,2,4450.30,4450.50,0.20,4450.30,1,4450.20,6,4450.10,7,4450.00,8,4449.90,5,4449.80,11,4449.70,6,4449.60,20,4449.50,15,4449.40,18,4450.50,4,4450.60,8,4450.70,7,4450.80,7,4450.90,6,4451.00,18,4451.10,17,4451.20,17,4451.30,16,4451.40,17,Buy,32,49,81,-17.00,9.00,-22.00,1.30,46.2,4451.10,4451.40,4450.10,4450.50,73,52,125,21.00,36.00,-1.00,1.30,23.1,51,240,0.7143,0.2941,-88.00,101.00,4427.43,2.5103,UP,219.50,0.5695,2.0143
20260810 195512 020,4450.50,1,4450.30,4450.50,0.20,4450.30,1,4450.20,6,4450.10,7,4450.00,8,4449.90,5,4449.80,11,4449.70,6,4449.60,20,4449.50,15,4449.40,18,4450.50,4,4450.60,8,4450.70,7,4450.80,7,4450.90,6,4451.00,18,4451.10,17,4451.20,17,4451.30,16,4451.40,17,Buy,33,49,82,-16.00,9.00,-22.00,1.30,46.2,4451.10,4451.40,4450.10,4450.50,73,52,125,21.00,36.00,-1.00,1.30,23.1,51,240,0.7143,0.3750,-87.00,102.00,4427.43,2.5103,UP,219.50,0.5695,2.0143
20260810 195512 020,4450.60,1,4450.30,4450.50,0.20,4450.30,1,4450.20,6,4450.10,7,4450.00,8,4449.90,5,4449.80,11,4449.70,6,4449.60,20,4449.50,15,4449.40,18,4450.50,4,4450.60,8,4450.70,7,4450.80,7,4450.90,6,4451.00,18,4451.10,17,4451.20,17,4451.30,16,4451.40,17,Buy,34,49,83,-15.00,9.00,-22.00,1.30,38.5,4451.10,4451.40,4450.10,4450.60,73,52,125,21.00,36.00,-1.00,1.30,23.1,51,240,0.7143,0.4667,-86.00,103.00,4427.44,2.5135,UP,219.50,0.5695,2.0143
20260810 195512 020,4450.60,1,4450.30,4450.50,0.20,4450.30,1,4450.20,6,4450.10,7,4450.00,8,4449.90,5,4449.80,11,4449.70,6,4449.60,20,4449.50,15,4449.40,18,4450.50,4,4450.60,8,4450.70,7,4450.80,7,4450.90,6,4451.00,18,4451.10,17,4451.20,17,4451.30,16,4451.40,17,Buy,35,49,84,-14.00,9.00,-22.00,1.30,38.5,4451.10,4451.40,4450.10,4450.60,73,52,125,21.00,36.00,-1.00,1.30,23.1,51,240,0.7143,0.5714,-85.00,104.00,4427.44,2.5135,UP,219.50,0.5695,2.0143
20260810 195512 020,4450.60,1,4450.30,4450.50,0.20,4450.30,1,4450.20,6,4450.10,7,4450.00,8,4449.90,5,4449.80,11,4449.70,6,4449.60,20,4449.50,15,4449.40,18,4450.50,4,4450.60,8,4450.70,7,4450.80,7,4450.90,6,4451.00,18,4451.10,17,4451.20,17,4451.30,16,4451.40,17,Buy,36,49,85,-13.00,9.00,-22.00,1.30,38.5,4451.10,4451.40,4450.10,4450.60,73,52,125,21.00,36.00,-1.00,1.30,23.1,51,240,0.7143,0.6923,-84.00,105.00,4427.44,2.5135,UP,219.50,0.5695,2.0143
20260810 195512 020,4450.60,1,4450.30,4450.50,0.20,4450.30,1,4450.20,6,4450.10,7,4450.00,8,4449.90,5,4449.80,11,4449.70,6,4449.60,20,4449.50,15,4449.40,18,4450.50,4,4450.60,8,4450.70,7,4450.80,7,4450.90,6,4451.00,18,4451.10,17,4451.20,17,4451.30,16,4451.40,17,Buy,37,49,86,-12.00,9.00,-22.00,1.30,38.5,4451.10,4451.40,4450.10,4450.60,73,52,125,21.00,36.00,-1.00,1.30,23.1,51,240,0.7143,0.8333,-83.00,106.00,4427.44,2.5135,UP,219.50,0.5695,2.0143
20260810 195512 020,4450.60,2,4450.30,4450.50,0.20,4450.30,1,4450.20,6,4450.10,7,4450.00,8,4449.90,5,4449.80,11,4449.70,6,4449.60,20,4449.50,15,4449.40,18,4450.50,4,4450.60,8,4450.70,7,4450.80,7,4450.90,6,4451.00,18,4451.10,17,4451.20,17,4451.30,16,4451.40,17,Buy,39,49,88,-10.00,9.00,-22.00,1.30,38.5,4451.10,4451.40,4450.10,4450.60,73,52,125,21.00,36.00,-1.00,1.30,23.1,51,240,0.7143,1.2000,-81.00,108.00,4427.44,2.5135,UP,219.50,0.5695,2.0143
20260810 195512 020,4450.70,1,4450.30,4450.50,0.20,4450.30,1,4450.20,6,4450.10,7,4450.00,8,4449.90,5,4449.80,11,4449.70,6,4449.60,20,4449.50,15,4449.40,18,4450.50,4,4450.60,8,4450.70,7,4450.80,7,4450.90,6,4451.00,18,4451.10,17,4451.20,17,4451.30,16,4451.40,17,Buy,40,49,89,-9.00,9.00,-22.00,1.30,30.8,4451.10,4451.40,4450.10,4450.70,73,52,125,21.00,36.00,-1.00,1.30,23.1,51,240,0.7143,1.4444,-80.00,109.00,4427.45,2.5167,UP,219.50,0.5695,2.0143
20260810 195512 020,4450.70,2,4450.30,4450.50,0.20,4450.30,1,4450.20,6,4450.10,7,4450.00,8,4449.90,5,4449.80,11,4449.70,6,4449.60,20,4449.50,15,4449.40,18,4450.50,4,4450.60,8,4450.70,7,4450.80,7,4450.90,6,4451.00,18,4451.10,17,4451.20,17,4451.30,16,4451.40,17,Buy,42,49,91,-7.00,9.00,-22.00,1.30,30.8,4451.10,4451.40,4450.10,4450.70,73,52,125,21.00,36.00,-1.00,1.30,23.1,51,240,0.7143,2.1429,-78.00,111.00,4427.45,2.5167,UP,219.50,0.5695,2.0143
20260810 195512 020,4450.70,1,4450.30,4450.50,0.20,4450.30,1,4450.20,6,4450.10,7,4450.00,8,4449.90,5,4449.80,11,4449.70,6,4449.60,20,4449.50,15,4449.40,18,4450.50,4,4450.60,8,4450.70,7,4450.80,7,4450.90,6,4451.00,18,4451.10,17,4451.20,17,4451.30,16,4451.40,17,Buy,43,49,92,-6.00,9.00,-22.00,1.30,30.8,4451.10,4451.40,4450.10,4450.70,73,52,125,21.00,36.00,-1.00,1.30,23.1,51,240,0.7143,2.6667,-77.00,112.00,4427.45,2.5167,UP,219.50,0.5695,2.0143
20260810 195512 600,4450.30,1,4450.10,4450.40,0.30,4450.10,3,4450.00,8,4449.90,5,4449.80,11,4449.70,6,4449.60,20,4449.50,15,4449.40,18,4449.30,17,4449.20,19,4450.40,5,4450.50,5,4450.60,10,4450.70,7,4450.80,7,4450.90,6,4451.00,18,4451.10,17,4451.20,17,4451.30,16,Buy,44,49,93,-5.00,9.00,-22.00,1.30,61.5,4451.10,4451.40,4450.10,4450.30,73,52,125,21.00,36.00,-1.00,1.30,23.1,51,240,0.7143,3.4000,-76.00,113.00,4427.41,2.5040,UP,219.50,0.5695,2.0143
20260810 195512 630,4450.40,1,4450.20,4450.40,0.20,4450.20,3,4450.10,3,4450.00,8,4449.90,5,4449.80,11,4449.70,6,4449.60,20,4449.50,15,4449.40,18,4449.30,17,4450.50,4,4450.60,10,4450.70,7,4450.80,7,4450.90,6,4451.00,18,4451.10,17,4451.20,17,4451.30,16,4451.40,17,Buy,45,49,94,-4.00,9.00,-22.00,1.30,53.8,4451.10,4451.40,4450.10,4450.40,73,52,125,21.00,36.00,-1.00,1.30,23.1,51,240,0.7143,4.5000,-75.00,114.00,4427.42,2.5071,UP,219.50,0.5695,2.0143
20260810 195512 630,4450.40,1,4450.20,4450.40,0.20,4450.20,3,4450.10,3,4450.00,8,4449.90,5,4449.80,11,4449.70,6,4449.60,20,4449.50,15,4449.40,18,4449.30,17,4450.50,4,4450.60,10,4450.70,7,4450.80,7,4450.90,6,4451.00,18,4451.10,17,4451.20,17,4451.30,16,4451.40,17,Buy,46,49,95,-3.00,9.00,-22.00,1.30,53.8,4451.10,4451.40,4450.10,4450.40,73,52,125,21.00,36.00,-1.00,1.30,23.1,51,240,0.7143,6.3333,-74.00,115.00,4427.42,2.5071,UP,219.50,0.5695,2.0143
20260810 195512 630,4450.40,1,4450.20,4450.40,0.20,4450.20,3,4450.10,3,4450.00,8,4449.90,5,4449.80,11,4449.70,6,4449.60,20,4449.50,15,4449.40,18,4449.30,17,4450.50,4,4450.60,10,4450.70,7,4450.80,7,4450.90,6,4451.00,18,4451.10,17,4451.20,17,4451.30,16,4451.40,17,Buy,47,49,96,-2.00,9.00,-22.00,1.30,53.8,4451.10,4451.40,4450.10,4450.40,73,52,125,21.00,36.00,-1.00,1.30,23.1,51,240,0.7143,10.0000,-73.00,116.00,4427.42,2.5071,UP,219.50,0.5695,2.0143
20260810 195513 435,4450.50,1,4450.40,4450.50,0.10,4450.30,1,4450.20,4,4450.10,6,4450.00,8,4449.90,5,4449.80,11,4449.70,7,4449.60,20,4449.50,15,4449.40,18,4450.50,3,4450.60,10,4450.70,7,4450.80,7,4450.90,6,4451.00,18,4451.10,17,4451.20,17,4451.30,16,4451.40,17,Buy,48,49,97,-1.00,9.00,-22.00,1.30,46.2,4451.10,4451.40,4450.10,4450.50,73,52,125,21.00,36.00,-1.00,1.30,23.1,51,240,0.7143,21.0000,-72.00,117.00,4427.43,2.5103,UP,219.50,0.5695,2.0143
20260810 195513 435,4450.50,2,4450.40,4450.50,0.10,4450.30,1,4450.20,4,4450.10,6,4450.00,8,4449.90,5,4449.80,11,4449.70,7,4449.60,20,4449.50,15,4449.40,18,4450.50,3,4450.60,10,4450.70,7,4450.80,7,4450.90,6,4451.00,18,4451.10,17,4451.20,17,4451.30,16,4451.40,17,Buy,50,49,99,1.00,9.00,-22.00,1.30,46.2,4451.10,4451.40,4450.10,4450.50,73,52,125,21.00,36.00,-1.00,1.30,23.1,51,240,0.7143,8.0000,-70.00,119.00,4427.43,2.5103,UP,219.50,0.5695,2.0143
20260810 195513 502,4450.60,1,4450.30,4450.60,0.30,4450.30,6,4450.20,4,4450.10,6,4450.00,8,4449.90,5,4449.80,11,4449.70,7,4449.60,20,4449.50,15,4449.40,18,4450.60,3,4450.70,5,4450.80,7,4450.90,6,4451.00,18,4451.10,17,4451.20,17,4451.30,16,4451.40,17,4451.50,18,Buy,51,49,100,2.00,9.00,-22.00,1.30,38.5,4451.10,4451.40,4450.10,4450.60,73,52,125,21.00,36.00,-1.00,1.30,23.1,51,240,0.7143,3.5000,-69.00,120.00,4427.44,2.5135,UP,219.50,0.5695,2.0143
20260810 195514 906,4450.50,1,4450.50,4450.60,0.10,4450.30,3,4450.20,4,4450.10,5,4450.00,8,4449.90,5,4449.80,11,4449.70,7,4449.60,20,4449.50,15,4449.40,18,4450.60,5,4450.70,5,4450.80,7,4450.90,6,4451.00,18,4451.10,17,4451.20,17,4451.30,16,4451.40,17,4451.50,18,Buy,52,49,101,3.00,9.00,-22.00,1.30,46.2,4451.10,4451.40,4450.10,4450.50,73,52,125,21.00,36.00,-1.00,1.30,23.1,51,240,0.7143,2.0000,-68.00,121.00,4427.43,2.5103,UP,219.50,0.5695,2.0143
20260810 195514 906,4450.50,1,4450.50,4450.60,0.10,4450.30,3,4450.20,4,4450.10,5,4450.00,8,4449.90,5,4449.80,11,4449.70,7,4449.60,20,4449.50,15,4449.40,18,4450.60,5,4450.70,5,4450.80,7,4450.90,6,4451.00,18,4451.10,17,4451.20,17,4451.30,16,4451.40,17,4451.50,18,Buy,53,49,102,4.00,9.00,-22.00,1.30,46.2,4451.10,4451.40,4450.10,4450.50,73,52,125,21.00,36.00,-1.00,1.30,23.1,51,240,0.7143,1.2500,-67.00,122.00,4427.43,2.5103,UP,219.50,0.5695,2.0143
20260810 195514 906,4450.50,2,4450.50,4450.60,0.10,4450.30,3,4450.20,4,4450.10,5,4450.00,8,4449.90,5,4449.80,11,4449.70,7,4449.60,20,4449.50,15,4449.40,18,4450.60,5,4450.70,5,4450.80,7,4450.90,6,4451.00,18,4451.10,17,4451.20,17,4451.30,16,4451.40,17,4451.50,18,Buy,55,49,104,6.00,9.00,-22.00,1.30,46.2,4451.10,4451.40,4450.10,4450.50,73,52,125,21.00,36.00,-1.00,1.30,23.1,51,240,0.7143,0.5000,-65.00,124.00,4427.43,2.5103,UP,219.50,0.5695,2.0143
20260810 195514 908,4450.50,16,4450.50,4450.60,0.10,4450.30,3,4450.20,4,4450.10,5,4450.00,8,4449.90,5,4449.80,11,4449.70,7,4449.60,20,4449.50,15,4449.40,18,4450.60,5,4450.70,5,4450.80,7,4450.90,6,4451.00,18,4451.10,17,4451.20,17,4451.30,16,4451.40,17,4451.50,18,Sell,55,65,120,-10.00,9.00,-22.00,1.30,46.2,4451.10,4451.40,4450.10,4450.50,73,52,125,21.00,36.00,-1.00,1.30,23.1,51,240,0.7143,1.2000,-81.00,108.00,4427.43,2.5103,UP,219.50,0.5695,2.0143
20260810 195515 406,4450.20,1,4450.00,4450.30,0.30,4450.00,4,4449.90,4,4449.80,10,4449.70,6,4449.60,20,4449.50,15,4449.40,18,4449.30,17,4449.20,19,4449.10,16,4450.30,5,4450.40,4,4450.50,6,4450.60,6,4450.70,6,4450.80,7,4450.90,16,4451.00,18,4451.10,17,4451.20,16,Buy,56,65,121,-9.00,9.00,-22.00,1.30,69.2,4451.10,4451.40,4450.10,4450.20,73,52,125,21.00,36.00,-1.00,1.30,23.1,51,240,0.7143,1.4444,-80.00,109.00,4427.40,2.5008,UP,219.50,0.5695,2.0143
20260810 195515 951,4450.00,1,4450.00,4450.20,0.20,4450.00,2,4449.90,3,4449.80,10,4449.70,6,4449.60,20,4449.50,15,4449.40,18,4449.30,17,4449.20,19,4449.10,16,4450.20,2,4450.30,5,4450.40,6,4450.50,6,4450.60,6,4450.70,6,4450.80,7,4450.90,16,4451.00,18,4451.10,16,Sell,56,66,122,-10.00,9.00,-22.00,1.40,78.6,4451.10,4451.40,4450.00,4450.00,73,52,125,21.00,36.00,-1.00,1.30,23.1,51,240,0.7143,1.2000,-81.00,108.00,4427.38,2.4944,UP,219.50,0.5695,2.0214
20260810 195516 491,4450.30,1,4450.10,4450.30,0.20,4450.20,1,4450.10,4,4450.00,5,4449.90,6,4449.80,10,4449.70,6,4449.60,20,4449.50,15,4449.40,18,4449.30,17,4450.40,3,4450.50,6,4450.60,6,4450.70,6,4450.80,7,4450.90,16,4451.00,19,4451.10,16,4451.20,17,4451.30,16,Buy,57,66,123,-9.00,9.00,-22.00,1.40,57.1,4451.10,4451.40,4450.00,4450.30,73,52,125,21.00,36.00,-1.00,1.30,23.1,51,240,0.7143,1.4444,-80.00,109.00,4427.41,2.5040,UP,219.50,0.5695,2.0214
20260810 195516 931,4450.00,1,4450.10,4450.30,0.20,4450.10,4,4450.00,4,4449.90,6,4449.80,10,4449.70,6,4449.60,20,4449.50,15,4449.40,18,4449.30,17,4449.20,19,4450.30,2,4450.40,6,4450.50,6,4450.60,6,4450.70,6,4450.80,7,4450.90,16,4451.00,21,4451.10,16,4451.20,17,Sell,57,67,124,-10.00,9.00,-22.00,1.40,78.6,4451.10,4451.40,4450.00,4450.00,73,52,125,21.00,36.00,-1.00,1.30,23.1,51,240,0.7143,1.2000,-81.00,108.00,4427.38,2.4944,UP,219.50,0.5695,2.0214
20260810 195516 931,4450.00,1,4450.10,4450.30,0.20,4450.10,4,4450.00,4,4449.90,6,4449.80,10,4449.70,6,4449.60,20,4449.50,15,4449.40,18,4449.30,17,4449.20,19,4450.30,2,4450.40,6,4450.50,6,4450.60,6,4450.70,6,4450.80,7,4450.90,16,4451.00,21,4451.10,16,4451.20,17,Sell,57,68,125,-11.00,9.00,-22.00,1.40,78.6,4451.10,4451.40,4450.00,4450.00,73,52,125,21.00,36.00,-1.00,1.30,23.1,51,240,0.7143,1.0000,-82.00,107.00,4427.38,2.4944,UP,219.50,0.5695,2.0214
20260810 195517 021,4450.00,1,4449.80,4449.90,0.10,4449.80,3,4449.70,4,4449.60,5,4449.50,6,4449.40,9,4449.30,17,4449.20,19,4449.10,16,4449.00,17,4448.90,13,4449.90,1,4450.00,4,4450.10,6,4450.20,7,4450.30,6,4450.40,18,4450.50,17,4450.60,17,4450.70,17,4450.80,17,Sell,57,69,126,-12.00,9.00,-22.00,1.40,78.6,4451.10,4451.40,4450.00,4450.00,73,52,125,21.00,36.00,-1.00,1.30,23.1,51,240,0.7143,0.8333,-83.00,106.00,4427.38,2.4944,UP,219.50,0.5695,2.0214
20260810 195517 098,4449.80,3,4449.60,4449.80,0.20,4449.60,5,4449.50,5,4449.40,9,4449.30,7,4449.20,10,4449.10,16,4449.00,17,4448.90,13,4448.80,17,4448.70,13,4449.80,1,4449.90,6,4450.00,6,4450.10,8,4450.20,7,4450.30,6,4450.40,19,4450.50,17,4450.60,17,4450.70,17,Sell,57,72,129,-15.00,9.00,-22.00,1.60,81.3,4451.10,4451.40,4449.80,4449.80,73,52,125,21.00,36.00,-1.00,1.30,23.1,51,240,0.7143,0.4667,-86.00,103.00,4427.36,2.4881,UP,219.50,0.5695,2.0357
20260810 195517 953,4449.60,1,4449.50,4449.70,0.20,4449.50,3,4449.40,6,4449.30,8,4449.20,11,4449.10,17,4449.00,17,4448.90,14,4448.80,18,4448.70,14,4448.60,20,4449.70,1,4449.80,5,4449.90,6,4450.00,8,4450.10,8,4450.20,7,4450.30,16,4450.40,19,4450.50,17,4450.60,16,Sell,57,73,130,-16.00,9.00,-22.00,1.80,83.3,4451.10,4451.40,4449.60,4449.60,73,52,125,21.00,36.00,-1.00,1.30,23.1,51,240,0.7143,0.3750,-87.00,102.00,4427.34,2.4818,UP,219.50,0.5695,2.0500
20260810 195517 955,4449.60,1,4449.50,4449.70,0.20,4449.50,3,4449.40,6,4449.30,8,4449.20,11,4449.10,17,4449.00,17,4448.90,14,4448.80,18,4448.70,14,4448.60,20,4449.70,1,4449.80,5,4449.90,6,4450.00,8,4450.10,8,4450.20,7,4450.30,16,4450.40,19,4450.50,17,4450.60,16,Buy,58,73,131,-15.00,9.00,-22.00,1.80,83.3,4451.10,4451.40,4449.60,4449.60,73,52,125,21.00,36.00,-1.00,1.30,23.1,51,240,0.7143,0.4667,-86.00,103.00,4427.34,2.4818,UP,219.50,0.5695,2.0500
20260810 195517 955,4449.70,1,4449.50,4449.70,0.20,4449.50,3,4449.40,6,4449.30,8,4449.20,11,4449.10,17,4449.00,17,4448.90,14,4448.80,18,4448.70,14,4448.60,20,4449.70,1,4449.80,5,4449.90,6,4450.00,8,4450.10,8,4450.20,7,4450.30,16,4450.40,19,4450.50,17,4450.60,16,Buy,59,73,132,-14.00,9.00,-22.00,1.80,77.8,4451.10,4451.40,4449.60,4449.70,73,52,125,21.00,36.00,-1.00,1.30,23.1,51,240,0.7143,0.5714,-85.00,104.00,4427.35,2.4849,UP,219.50,0.5695,2.0500
20260810 195517 955,4449.70,1,4449.50,4449.70,0.20,4449.50,3,4449.40,6,4449.30,8,4449.20,11,4449.10,17,4449.00,17,4448.90,14,4448.80,18,4448.70,14,4448.60,20,4449.70,1,4449.80,5,4449.90,6,4450.00,8,4450.10,8,4450.20,7,4450.30,16,4450.40,19,4450.50,17,4450.60,16,Buy,60,73,133,-13.00,9.00,-22.00,1.80,77.8,4451.10,4451.40,4449.60,4449.70,73,52,125,21.00,36.00,-1.00,1.30,23.1,51,240,0.7143,0.6923,-84.00,105.00,4427.35,2.4849,UP,219.50,0.5695,2.0500
20260810 195517 962,4449.70,1,4449.50,4449.70,0.20,4449.50,3,4449.40,6,4449.30,8,4449.20,11,4449.10,17,4449.00,17,4448.90,14,4448.80,18,4448.70,14,4448.60,20,4449.70,1,4449.80,5,4449.90,6,4450.00,8,4450.10,8,4450.20,7,4450.30,16,4450.40,19,4450.50,17,4450.60,16,Buy,61,73,134,-12.00,9.00,-22.00,1.80,77.8,4451.10,4451.40,4449.60,4449.70,73,52,125,21.00,36.00,-1.00,1.30,23.1,51,240,0.7143,0.8333,-83.00,106.00,4427.35,2.4849,UP,219.50,0.5695,2.0500
20260810 195517 973,4449.50,1,4449.50,4449.70,0.20,4449.50,3,4449.40,6,4449.30,8,4449.20,11,4449.10,17,4449.00,17,4448.90,14,4448.80,18,4448.70,14,4448.60,20,4449.70,1,4449.80,5,4449.90,6,4450.00,8,4450.10,8,4450.20,7,4450.30,16,4450.40,19,4450.50,17,4450.60,16,Sell,61,74,135,-13.00,9.00,-22.00,1.90,84.2,4451.10,4451.40,4449.50,4449.50,73,52,125,21.00,36.00,-1.00,1.30,23.1,51,240,0.7143,0.6923,-84.00,105.00,4427.33,2.4786,UP,219.50,0.5695,2.0571
20260810 195517 973,4449.50,1,4449.50,4449.70,0.20,4449.50,3,4449.40,6,4449.30,8,4449.20,11,4449.10,17,4449.00,17,4448.90,14,4448.80,18,4448.70,14,4448.60,20,4449.70,1,4449.80,5,4449.90,6,4450.00,8,4450.10,8,4450.20,7,4450.30,16,4450.40,19,4450.50,17,4450.60,16,Sell,61,75,136,-14.00,9.00,-22.00,1.90,84.2,4451.10,4451.40,4449.50,4449.50,73,52,125,21.00,36.00,-1.00,1.30,23.1,51,240,0.7143,0.5714,-85.00,104.00,4427.33,2.4786,UP,219.50,0.5695,2.0571
20260810 195517 973,4449.50,1,4449.50,4449.70,0.20,4449.50,3,4449.40,6,4449.30,8,4449.20,11,4449.10,17,4449.00,17,4448.90,14,4448.80,18,4448.70,14,4448.60,20,4449.70,1,4449.80,5,4449.90,6,4450.00,8,4450.10,8,4450.20,7,4450.30,16,4450.40,19,4450.50,17,4450.60,16,Sell,61,76,137,-15.00,9.00,-22.00,1.90,84.2,4451.10,4451.40,4449.50,4449.50,73,52,125,21.00,36.00,-1.00,1.30,23.1,51,240,0.7143,0.4667,-86.00,103.00,4427.33,2.4786,UP,219.50,0.5695,2.0571
20260810 195517 973,4449.40,1,4449.50,4449.70,0.20,4449.50,3,4449.40,6,4449.30,8,4449.20,11,4449.10,17,4449.00,17,4448.90,14,4448.80,18,4448.70,14,4448.60,20,4449.70,1,4449.80,5,4449.90,6,4450.00,8,4450.10,8,4450.20,7,4450.30,16,4450.40,19,4450.50,17,4450.60,16,Sell,61,77,138,-16.00,9.00,-22.00,2.00,85.0,4451.10,4451.40,4449.40,4449.40,73,52,125,21.00,36.00,-1.00,1.30,23.1,51,240,0.7143,0.3750,-87.00,102.00,4427.32,2.4754,UP,219.50,0.5695,2.0643
20260810 195517 974,4449.40,2,4449.50,4449.70,0.20,4449.50,3,4449.40,6,4449.30,8,4449.20,11,4449.10,17,4449.00,17,4448.90,14,4448.80,18,4448.70,14,4448.60,20,4449.70,1,4449.80,5,4449.90,6,4450.00,8,4450.10,8,4450.20,7,4450.30,16,4450.40,19,4450.50,17,4450.60,16,Sell,61,79,140,-18.00,9.00,-22.00,2.00,85.0,4451.10,4451.40,4449.40,4449.40,73,52,125,21.00,36.00,-1.00,1.30,23.1,51,240,0.7143,0.2222,-89.00,100.00,4427.32,2.4754,UP,219.50,0.5695,2.0643
20260810 195517 974,4449.40,1,4449.50,4449.70,0.20,4449.50,3,4449.40,6,4449.30,8,4449.20,11,4449.10,17,4449.00,17,4448.90,14,4448.80,18,4448.70,14,4448.60,20,4449.70,1,4449.80,5,4449.90,6,4450.00,8,4450.10,8,4450.20,7,4450.30,16,4450.40,19,4450.50,17,4450.60,16,Sell,61,80,141,-19.00,9.00,-22.00,2.00,85.0,4451.10,4451.40,4449.40,4449.40,73,52,125,21.00,36.00,-1.00,1.30,23.1,51,240,0.7143,0.1579,-90.00,99.00,4427.32,2.4754,UP,219.50,0.5695,2.0643
20260810 195517 974,4449.40,1,4449.50,4449.70,0.20,4449.50,3,4449.40,7,4449.30,9,4449.20,11,4449.10,16,4449.00,17,4448.90,14,4448.80,18,4448.70,14,4448.60,20,4449.70,1,4449.80,5,4449.90,6,4450.00,7,4450.10,8,4450.20,7,4450.30,16,4450.40,19,4450.50,17,4450.60,16,Sell,61,81,142,-20.00,9.00,-22.00,2.00,85.0,4451.10,4451.40,4449.40,4449.40,73,52,125,21.00,36.00,-1.00,1.30,23.1,51,240,0.7143,0.1000,-91.00,98.00,4427.32,2.4754,UP,219.50,0.5695,2.0643
20260810 195517 974,4449.40,1,4449.50,4449.70,0.20,4449.50,3,4449.40,7,4449.30,9,4449.20,11,4449.10,16,4449.00,17,4448.90,14,4448.80,18,4448.70,14,4448.60,20,4449.70,1,4449.80,5,4449.90,6,4450.00,7,4450.10,8,4450.20,7,4450.30,16,4450.40,19,4450.50,17,4450.60,16,Sell,61,82,143,-21.00,9.00,-22.00,2.00,85.0,4451.10,4451.40,4449.40,4449.40,73,52,125,21.00,36.00,-1.00,1.30,23.1,51,240,0.7143,0.0476,-92.00,97.00,4427.32,2.4754,UP,219.50,0.5695,2.0643
20260810 195518 063,4449.80,1,4449.70,4449.90,0.20,4449.70,1,4449.60,4,4449.50,4,4449.40,10,4449.30,7,4449.20,11,4449.10,16,4449.00,17,4448.90,14,4448.80,18,4449.90,3,4450.00,5,4450.10,8,4450.20,7,4450.30,6,4450.40,18,4450.50,17,4450.60,16,4450.70,17,4450.80,16,Buy,62,82,144,-20.00,9.00,-22.00,2.00,65.0,4451.10,4451.40,4449.40,4449.80,73,52,125,21.00,36.00,-1.00,1.30,23.1,51,240,0.7143,0.1000,-91.00,98.00,4427.36,2.4881,UP,219.50,0.5695,2.0643
20260810 195518 063,4449.80,1,4449.70,4449.90,0.20,4449.70,1,4449.60,4,4449.50,4,4449.40,10,4449.30,7,4449.20,11,4449.10,16,4449.00,17,4448.90,14,4448.80,18,4449.90,3,4450.00,5,4450.10,8,4450.20,7,4450.30,6,4450.40,18,4450.50,17,4450.60,16,4450.70,17,4450.80,16,Buy,63,82,145,-19.00,9.00,-22.00,2.00,65.0,4451.10,4451.40,4449.40,4449.80,73,52,125,21.00,36.00,-1.00,1.30,23.1,51,240,0.7143,0.1579,-90.00,99.00,4427.36,2.4881,UP,219.50,0.5695,2.0643
20260810 195518 259,4449.60,1,4449.60,4449.80,0.20,4449.60,4,4449.50,4,4449.40,9,4449.30,7,4449.20,11,4449.10,16,4449.00,17,4448.90,14,4448.80,18,4448.70,14,4449.80,1,4449.90,4,4450.00,5,4450.10,8,4450.20,7,4450.30,6,4450.40,18,4450.50,17,4450.60,16,4450.70,17,Sell,63,83,146,-20.00,9.00,-22.00,2.00,75.0,4451.10,4451.40,4449.40,4449.60,73,52,125,21.00,36.00,-1.00,1.30,23.1,51,240,0.7143,0.1000,-91.00,98.00,4427.34,2.4818,UP,219.50,0.5695,2.0643
20260810 195518 259,4449.60,1,4449.60,4449.80,0.20,4449.60,4,4449.50,4,4449.40,9,4449.30,7,4449.20,11,4449.10,16,4449.00,17,4448.90,14,4448.80,18,4448.70,14,4449.80,1,4449.90,4,4450.00,5,4450.10,8,4450.20,7,4450.30,6,4450.40,18,4450.50,17,4450.60,16,4450.70,17,Sell,63,84,147,-21.00,9.00,-22.00,2.00,75.0,4451.10,4451.40,4449.40,4449.60,73,52,125,21.00,36.00,-1.00,1.30,23.1,51,240,0.7143,0.0476,-92.00,97.00,4427.34,2.4818,UP,219.50,0.5695,2.0643
20260810 195518 822,4449.70,1,4449.70,4449.90,0.20,4449.70,3,4449.60,5,4449.50,5,4449.40,9,4449.30,7,4449.20,11,4449.10,16,4449.00,17,4448.90,14,4448.80,18,4449.90,2,4450.00,7,4450.10,8,4450.20,7,4450.30,6,4450.40,18,4450.50,17,4450.60,16,4450.70,17,4450.80,16,Sell,63,85,148,-22.00,9.00,-22.00,2.00,70.0,4451.10,4451.40,4449.40,4449.70,73,52,125,21.00,36.00,-1.00,1.30,23.1,51,240,0.7143,0.0000,-93.00,96.00,4427.35,2.4849,UP,219.50,0.5695,2.0643
20260810 195519 388,4449.70,1,4449.70,4450.00,0.30,4449.70,3,4449.60,5,4449.50,5,4449.40,9,4449.30,7,4449.20,11,4449.10,16,4449.00,17,4448.90,14,4448.80,18,4450.00,3,4450.10,6,4450.20,7,4450.30,6,4450.40,18,4450.50,17,4450.60,16,4450.70,17,4450.80,16,4450.90,15,Sell,63,86,149,-23.00,9.00,-23.00,2.00,70.0,4451.10,4451.40,4449.40,4449.70,73,52,125,21.00,36.00,-1.00,1.30,23.1,51,240,0.7143,0.0000,-94.00,95.00,4427.35,2.4849,UP,219.50,0.5695,2.0643
20260810 195519 802,4449.70,1,4449.60,4449.80,0.20,4449.60,2,4449.50,4,4449.40,9,4449.30,7,4449.20,11,4449.10,16,4449.00,17,4448.90,14,4448.80,18,4448.70,14,4449.80,2,4449.90,4,4450.00,5,4450.10,8,4450.20,7,4450.30,6,4450.40,8,4450.50,17,4450.60,16,4450.70,17,Sell,63,87,150,-24.00,9.00,-24.00,2.00,70.0,4451.10,4451.40,4449.40,4449.70,73,52,125,21.00,36.00,-1.00,1.30,23.1,51,240,0.7143,0.0000,-95.00,94.00,4427.35,2.4849,UP,219.50,0.5695,2.0643
20260810 195520 464,4449.20,1,4449.00,4449.20,0.20,4449.00,3,4448.90,6,4448.80,9,4448.70,6,4448.60,21,4448.50,16,4448.40,18,4448.30,15,4448.20,18,4448.10,17,4449.20,2,4449.30,3,4449.40,6,4449.50,5,4449.60,7,4449.70,5,4449.80,6,4449.90,16,4450.00,17,4450.10,18,Sell,63,88,151,-25.00,9.00,-25.00,2.20,86.4,4451.10,4451.40,4449.20,4449.20,73,52,125,21.00,36.00,-1.00,1.30,23.1,51,240,0.7143,0.0000,-96.00,93.00,4427.31,2.4691,UP,219.50,0.5695,2.0786
20260810 195520 464,4449.10,1,4449.00,4449.20,0.20,4449.00,3,4448.90,6,4448.80,9,4448.70,6,4448.60,21,4448.50,16,4448.40,18,4448.30,15,4448.20,18,4448.10,17,4449.20,2,4449.30,3,4449.40,6,4449.50,5,4449.60,7,4449.70,5,4449.80,6,4449.90,16,4450.00,17,4450.10,18,Sell,63,89,152,-26.00,9.00,-26.00,2.30,87.0,4451.10,4451.40,4449.10,4449.10,73,52,125,21.00,36.00,-1.00,1.30,23.1,51,240,0.7143,0.0000,-97.00,92.00,4427.30,2.4659,UP,219.50,0.5695,2.0857
20260810 195520 464,4449.10,1,4449.00,4449.20,0.20,4449.00,3,4448.90,6,4448.80,9,4448.70,6,4448.60,21,4448.50,16,4448.40,18,4448.30,15,4448.20,18,4448.10,17,4449.20,2,4449.30,3,4449.40,6,4449.50,5,4449.60,7,4449.70,5,4449.80,6,4449.90,16,4450.00,17,4450.10,18,Sell,63,90,153,-27.00,9.00,-27.00,2.30,87.0,4451.10,4451.40,4449.10,4449.10,73,52,125,21.00,36.00,-1.00,1.30,23.1,51,240,0.7143,0.0000,-98.00,91.00,4427.30,2.4659,UP,219.50,0.5695,2.0857
20260810 195520 464,4449.00,1,4449.00,4449.20,0.20,4449.00,3,4448.90,6,4448.80,9,4448.70,6,4448.60,21,4448.50,16,4448.40,18,4448.30,15,4448.20,18,4448.10,17,4449.20,2,4449.30,3,4449.40,6,4449.50,5,4449.60,7,4449.70,5,4449.80,6,4449.90,16,4450.00,17,4450.10,18,Sell,63,91,154,-28.00,9.00,-28.00,2.40,87.5,4451.10,4451.40,4449.00,4449.00,73,52,125,21.00,36.00,-1.00,1.30,23.1,51,240,0.7143,0.0000,-99.00,90.00,4427.29,2.4627,UP,219.50,0.5695,2.0929
20260810 195520 464,4449.00,1,4449.00,4449.20,0.20,4449.00,3,4448.90,6,4448.80,9,4448.70,6,4448.60,21,4448.50,16,4448.40,18,4448.30,15,4448.20,18,4448.10,17,4449.20,2,4449.30,3,4449.40,6,4449.50,5,4449.60,7,4449.70,5,4449.80,6,4449.90,16,4450.00,17,4450.10,18,Sell,63,92,155,-29.00,9.00,-29.00,2.40,87.5,4451.10,4451.40,4449.00,4449.00,73,52,125,21.00,36.00,-1.00,1.30,23.1,51,240,0.7143,0.0000,-100.00,89.00,4427.29,2.4627,UP,219.50,0.5695,2.0929
20260810 195520 464,4449.00,2,4449.00,4449.20,0.20,4449.00,3,4448.90,6,4448.80,9,4448.70,6,4448.60,21,4448.50,16,4448.40,18,4448.30,15,4448.20,18,4448.10,17,4449.20,2,4449.30,3,4449.40,6,4449.50,5,4449.60,7,4449.70,5,4449.80,6,4449.90,16,4450.00,17,4450.10,18,Sell,63,94,157,-31.00,9.00,-31.00,2.40,87.5,4451.10,4451.40,4449.00,4449.00,73,52,125,21.00,36.00,-1.00,1.30,23.1,51,240,0.7143,0.0000,-102.00,87.00,4427.29,2.4627,UP,219.50,0.5695,2.0929
20260810 195520 464,4449.00,1,4449.00,4449.20,0.20,4449.00,3,4448.90,6,4448.80,9,4448.70,6,4448.60,21,4448.50,16,4448.40,18,4448.30,15,4448.20,18,4448.10,17,4449.20,2,4449.30,3,4449.40,6,4449.50,5,4449.60,7,4449.70,5,4449.80,6,4449.90,16,4450.00,17,4450.10,18,Sell,63,95,158,-32.00,9.00,-32.00,2.40,87.5,4451.10,4451.40,4449.00,4449.00,73,52,125,21.00,36.00,-1.00,1.30,23.1,51,240,0.7143,0.0000,-103.00,86.00,4427.29,2.4627,UP,219.50,0.5695,2.0929
20260810 195520 464,4448.90,1,4448.90,4449.10,0.20,4448.90,4,4448.80,6,4448.70,6,4448.60,12,4448.50,17,4448.40,18,4448.30,15,4448.20,18,4448.10,17,4448.00,16,4449.10,2,4449.20,4,4449.30,3,4449.40,6,4449.50,5,4449.60,7,4449.70,5,4449.80,16,4449.90,16,4450.00,17,Sell,63,96,159,-33.00,9.00,-33.00,2.50,88.0,4451.10,4451.40,4448.90,4448.90,73,52,125,21.00,36.00,-1.00,1.30,23.1,51,240,0.7143,0.0000,-104.00,85.00,4427.28,2.4595,UP,219.50,0.5695,2.1000
20260810 195520 464,4448.90,1,4448.90,4449.10,0.20,4448.90,4,4448.80,6,4448.70,6,4448.60,12,4448.50,17,4448.40,18,4448.30,15,4448.20,18,4448.10,17,4448.00,16,4449.10,2,4449.20,4,4449.30,3,4449.40,6,4449.50,5,4449.60,7,4449.70,5,4449.80,16,4449.90,16,4450.00,17,Sell,63,97,160,-34.00,9.00,-34.00,2.50,88.0,4451.10,4451.40,4448.90,4448.90,73,52,125,21.00,36.00,-1.00,1.30,23.1,51,240,0.7143,0.0000,-105.00,84.00,4427.28,2.4595,UP,219.50,0.5695,2.1000
20260810 195520 464,4448.90,2,4448.90,4449.10,0.20,4448.90,4,4448.80,6,4448.70,6,4448.60,12,4448.50,17,4448.40,18,4448.30,15,4448.20,18,4448.10,17,4448.00,16,4449.10,2,4449.20,4,4449.30,3,4449.40,6,4449.50,5,4449.60,7,4449.70,5,4449.80,16,4449.90,16,4450.00,17,Sell,63,99,162,-36.00,9.00,-36.00,2.50,88.0,4451.10,4451.40,4448.90,4448.90,73,52,125,21.00,36.00,-1.00,1.30,23.1,51,240,0.7143,0.0000,-107.00,82.00,4427.28,2.4595,UP,219.50,0.5695,2.1000
20260810 195520 464,4448.90,1,4448.90,4449.10,0.20,4448.90,4,4448.80,6,4448.70,6,4448.60,12,4448.50,17,4448.40,18,4448.30,15,4448.20,18,4448.10,17,4448.00,16,4449.10,2,4449.20,4,4449.30,3,4449.40,6,4449.50,5,4449.60,7,4449.70,5,4449.80,16,4449.90,16,4450.00,17,Sell,63,100,163,-37.00,9.00,-37.00,2.50,88.0,4451.10,4451.40,4448.90,4448.90,73,52,125,21.00,36.00,-1.00,1.30,23.1,51,240,0.7143,0.0000,-108.00,81.00,4427.28,2.4595,UP,219.50,0.5695,2.1000
20260810 195520 464,4448.90,1,4448.90,4449.10,0.20,4448.90,4,4448.80,6,4448.70,6,4448.60,12,4448.50,17,4448.40,18,4448.30,15,4448.20,18,4448.10,17,4448.00,16,4449.10,2,4449.20,4,4449.30,3,4449.40,6,4449.50,5,4449.60,7,4449.70,5,4449.80,16,4449.90,16,4450.00,17,Sell,63,101,164,-38.00,9.00,-38.00,2.50,88.0,4451.10,4451.40,4448.90,4448.90,73,52,125,21.00,36.00,-1.00,1.30,23.1,51,240,0.7143,0.0000,-109.00,80.00,4427.28,2.4595,UP,219.50,0.5695,2.1000
20260810 195520 464,4448.80,1,4448.90,4449.10,0.20,4448.90,4,4448.80,6,4448.70,6,4448.60,12,4448.50,17,4448.40,18,4448.30,15,4448.20,18,4448.10,17,4448.00,16,4449.10,2,4449.20,4,4449.30,3,4449.40,6,4449.50,5,4449.60,7,4449.70,5,4449.80,16,4449.90,16,4450.00,17,Sell,63,102,165,-39.00,9.00,-39.00,2.60,88.5,4451.10,4451.40,4448.80,4448.80,73,52,125,21.00,36.00,-1.00,1.30,23.1,51,240,0.7143,0.0000,-110.00,79.00,4427.27,2.4564,UP,219.50,0.5695,2.1071
20260810 195520 464,4448.80,1,4448.90,4449.10,0.20,4448.90,4,4448.80,6,4448.70,6,4448.60,12,4448.50,17,4448.40,18,4448.30,15,4448.20,18,4448.10,17,4448.00,16,4449.10,2,4449.20,4,4449.30,3,4449.40,6,4449.50,5,4449.60,7,4449.70,5,4449.80,16,4449.90,16,4450.00,17,Sell,63,103,166,-40.00,9.00,-40.00,2.60,88.5,4451.10,4451.40,4448.80,4448.80,73,52,125,21.00,36.00,-1.00,1.30,23.1,51,240,0.7143,0.0000,-111.00,78.00,4427.27,2.4564,UP,219.50,0.5695,2.1071
20260810 195520 464,4448.80,1,4448.90,4449.10,0.20,4448.90,4,4448.80,6,4448.70,6,4448.60,12,4448.50,17,4448.40,18,4448.30,15,4448.20,18,4448.10,17,4448.00,16,4449.10,2,4449.20,4,4449.30,3,4449.40,6,4449.50,5,4449.60,7,4449.70,5,4449.80,16,4449.90,16,4450.00,17,Sell,63,104,167,-41.00,9.00,-41.00,2.60,88.5,4451.10,4451.40,4448.80,4448.80,73,52,125,21.00,36.00,-1.00,1.30,23.1,51,240,0.7143,0.0000,-112.00,77.00,4427.27,2.4564,UP,219.50,0.5695,2.1071
20260810 195520 488,4449.00,1,4448.90,4449.10,0.20,4448.90,4,4448.80,6,4448.70,6,4448.60,12,4448.50,17,4448.40,18,4448.30,15,4448.20,18,4448.10,17,4448.00,16,4449.10,2,4449.20,4,4449.30,3,4449.40,6,4449.50,5,4449.60,7,4449.70,5,4449.80,16,4449.90,16,4450.00,17,Sell,63,105,168,-42.00,9.00,-42.00,2.60,80.8,4451.10,4451.40,4448.80,4449.00,73,52,125,21.00,36.00,-1.00,1.30,23.1,51,240,0.7143,0.0000,-113.00,76.00,4427.29,2.4627,UP,219.50,0.5695,2.1071
20260810 195520 488,4449.00,1,4448.90,4449.10,0.20,4448.90,4,4448.80,6,4448.70,6,4448.60,12,4448.50,17,4448.40,18,4448.30,15,4448.20,18,4448.10,17,4448.00,16,4449.10,2,4449.20,4,4449.30,3,4449.40,6,4449.50,5,4449.60,7,4449.70,5,4449.80,16,4449.90,16,4450.00,17,Sell,63,106,169,-43.00,9.00,-43.00,2.60,80.8,4451.10,4451.40,4448.80,4449.00,73,52,125,21.00,36.00,-1.00,1.30,23.1,51,240,0.7143,0.0000,-114.00,75.00,4427.29,2.4627,UP,219.50,0.5695,2.1071
20260810 195520 488,4449.00,1,4448.90,4449.10,0.20,4448.90,4,4448.80,6,4448.70,6,4448.60,12,4448.50,17,4448.40,18,4448.30,15,4448.20,18,4448.10,17,4448.00,16,4449.10,2,4449.20,4,4449.30,3,4449.40,6,4449.50,5,4449.60,7,4449.70,5,4449.80,16,4449.90,16,4450.00,17,Sell,63,107,170,-44.00,9.00,-44.00,2.60,80.8,4451.10,4451.40,4448.80,4449.00,73,52,125,21.00,36.00,-1.00,1.30,23.1,51,240,0.7143,0.0000,-115.00,74.00,4427.29,2.4627,UP,219.50,0.5695,2.1071
20260810 195520 562,4448.90,1,4448.80,4448.90,0.10,4448.80,3,4448.70,4,4448.60,6,4448.50,7,4448.40,18,4448.30,15,4448.20,18,4448.10,17,4448.00,17,4447.90,13,4448.90,1,4449.00,4,4449.10,3,4449.20,6,4449.30,4,4449.40,6,4449.50,5,4449.60,17,4449.70,15,4449.80,16,Sell,63,108,171,-45.00,9.00,-45.00,2.60,84.6,4451.10,4451.40,4448.80,4448.90,73,52,125,21.00,36.00,-1.00,1.30,23.1,51,240,0.7143,0.0000,-116.00,73.00,4427.28,2.4595,UP,219.50,0.5695,2.1071
20260810 195520 562,4448.90,2,4448.80,4448.90,0.10,4448.80,3,4448.70,4,4448.60,6,4448.50,7,4448.40,18,4448.30,15,4448.20,18,4448.10,17,4448.00,17,4447.90,13,4448.90,1,4449.00,4,4449.10,3,4449.20,6,4449.30,4,4449.40,6,4449.50,5,4449.60,17,4449.70,15,4449.80,16,Sell,63,110,173,-47.00,9.00,-47.00,2.60,84.6,4451.10,4451.40,4448.80,4448.90,73,52,125,21.00,36.00,-1.00,1.30,23.1,51,240,0.7143,0.0000,-118.00,71.00,4427.28,2.4595,UP,219.50,0.5695,2.1071
20260810 195520 596,4448.80,2,4448.40,4448.60,0.20,4448.40,4,4448.30,4,4448.20,9,4448.10,9,4448.00,21,4447.90,15,4447.80,29,4447.70,14,4447.60,16,4447.50,15,4448.60,1,4448.70,5,4448.80,6,4448.90,7,4449.00,8,4449.10,6,4449.20,6,4449.30,5,4449.40,17,4449.50,14,Sell,63,112,175,-49.00,9.00,-49.00,2.60,88.5,4451.10,4451.40,4448.80,4448.80,73,52,125,21.00,36.00,-1.00,1.30,23.1,51,240,0.7143,0.0000,-120.00,69.00,4427.27,2.4564,UP,219.50,0.5695,2.1071
20260810 195520 605,4448.60,1,4448.40,4448.60,0.20,4448.40,4,4448.30,4,4448.20,9,4448.10,9,4448.00,21,4447.90,15,4447.80,29,4447.70,14,4447.60,16,4447.50,15,4448.60,1,4448.70,5,4448.80,6,4448.90,7,4449.00,8,4449.10,6,4449.20,6,4449.30,5,4449.40,17,4449.50,14,Sell,63,113,176,-50.00,9.00,-50.00,2.80,89.3,4451.10,4451.40,4448.60,4448.60,73,52,125,21.00,36.00,-1.00,1.30,23.1,51,240,0.7143,0.0000,-121.00,68.00,4427.25,2.4500,UP,219.50,0.5695,2.1214
20260810 195520 605,4448.50,1,4448.40,4448.60,0.20,4448.40,4,4448.30,4,4448.20,9,4448.10,9,4448.00,21,4447.90,15,4447.80,29,4447.70,14,4447.60,16,4447.50,15,4448.60,1,4448.70,5,4448.80,6,4448.90,7,4449.00,8,4449.10,6,4449.20,6,4449.30,5,4449.40,17,4449.50,14,Sell,63,114,177,-51.00,9.00,-51.00,2.90,89.7,4451.10,4451.40,4448.50,4448.50,73,52,125,21.00,36.00,-1.00,1.30,23.1,51,240,0.7143,0.0000,-122.00,67.00,4427.24,2.4468,UP,219.50,0.5695,2.1286
20260810 195520 605,4448.50,1,4448.40,4448.60,0.20,4448.40,4,4448.30,4,4448.20,9,4448.10,9,4448.00,21,4447.90,15,4447.80,29,4447.70,14,4447.60,16,4447.50,15,4448.60,1,4448.70,5,4448.80,6,4448.90,7,4449.00,8,4449.10,6,4449.20,6,4449.30,5,4449.40,17,4449.50,14,Sell,63,115,178,-52.00,9.00,-52.00,2.90,89.7,4451.10,4451.40,4448.50,4448.50,73,52,125,21.00,36.00,-1.00,1.30,23.1,51,240,0.7143,0.0000,-123.00,66.00,4427.24,2.4468,UP,219.50,0.5695,2.1286
20260810 195520 608,4448.50,1,4448.40,4448.60,0.20,4448.40,4,4448.30,4,4448.20,9,4448.10,9,4448.00,21,4447.90,15,4447.80,29,4447.70,14,4447.60,16,4447.50,15,4448.60,1,4448.70,5,4448.80,6,4448.90,7,4449.00,8,4449.10,6,4449.20,6,4449.30,5,4449.40,17,4449.50,14,Buy,64,115,179,-51.00,9.00,-52.00,2.90,89.7,4451.10,4451.40,4448.50,4448.50,73,52,125,21.00,36.00,-1.00,1.30,23.1,51,240,0.7143,0.0196,-122.00,67.00,4427.24,2.4468,UP,219.50,0.5695,2.1286
20260810 195520 622,4448.40,1,4448.40,4448.60,0.20,4448.40,4,4448.30,4,4448.20,9,4448.10,9,4448.00,21,4447.90,15,4447.80,29,4447.70,14,4447.60,16,4447.50,15,4448.60,1,4448.70,5,4448.80,6,4448.90,7,4449.00,8,4449.10,6,4449.20,6,4449.30,5,4449.40,17,4449.50,14,Sell,64,116,180,-52.00,9.00,-52.00,3.00,90.0,4451.10,4451.40,4448.40,4448.40,73,52,125,21.00,36.00,-1.00,1.30,23.1,51,240,0.7143,0.0000,-123.00,66.00,4427.23,2.4437,UP,219.50,0.5695,2.1357
20260810 195520 689,4448.60,1,4448.50,4448.70,0.20,4448.50,1,4448.40,4,4448.30,6,4448.20,8,4448.10,9,4448.00,12,4447.90,17,4447.80,30,4447.70,14,4447.60,17,4448.70,2,4448.80,6,4448.90,7,4449.00,8,4449.10,6,4449.20,16,4449.30,15,4449.40,17,4449.50,14,4449.60,16,Buy,65,116,181,-51.00,9.00,-52.00,3.00,83.3,4451.10,4451.40,4448.40,4448.60,73,52,125,21.00,36.00,-1.00,1.30,23.1,51,240,0.7143,0.0196,-122.00,67.00,4427.25,2.4500,UP,219.50,0.5695,2.1357
20260810 195521 145,4448.70,1,4448.50,4448.70,0.20,4448.50,2,4448.40,5,4448.30,7,4448.20,9,4448.10,9,4448.00,12,4447.90,18,4447.80,31,4447.70,15,4447.60,17,4448.70,3,4448.80,4,4448.90,6,4449.00,8,4449.10,6,4449.20,18,4449.30,15,4449.40,17,4449.50,14,4449.60,16,Buy,66,116,182,-50.00,9.00,-52.00,3.00,80.0,4451.10,4451.40,4448.40,4448.70,73,52,125,21.00,36.00,-1.00,1.30,23.1,51,240,0.7143,0.0400,-121.00,68.00,4427.26,2.4532,UP,219.50,0.5695,2.1357
20260810 195521 145,4448.70,1,4448.50,4448.70,0.20,4448.50,2,4448.40,5,4448.30,7,4448.20,9,4448.10,9,4448.00,12,4447.90,18,4447.80,31,4447.70,15,4447.60,17,4448.70,3,4448.80,4,4448.90,6,4449.00,8,4449.10,6,4449.20,18,4449.30,15,4449.40,17,4449.50,14,4449.60,16,Buy,67,116,183,-49.00,9.00,-52.00,3.00,80.0,4451.10,4451.40,4448.40,4448.70,73,52,125,21.00,36.00,-1.00,1.30,23.1,51,240,0.7143,0.0612,-120.00,69.00,4427.26,2.4532,UP,219.50,0.5695,2.1357
20260810 195521 145,4448.70,1,4448.50,4448.70,0.20,4448.50,2,4448.40,5,4448.30,7,4448.20,9,4448.10,9,4448.00,12,4447.90,18,4447.80,31,4447.70,15,4447.60,17,4448.70,3,4448.80,4,4448.90,6,4449.00,8,4449.10,6,4449.20,18,4449.30,15,4449.40,17,4449.50,14,4449.60,16,Buy,68,116,184,-48.00,9.00,-52.00,3.00,80.0,4451.10,4451.40,4448.40,4448.70,73,52,125,21.00,36.00,-1.00,1.30,23.1,51,240,0.7143,0.0833,-119.00,70.00,4427.26,2.4532,UP,219.50,0.5695,2.1357
20260810 195521 145,4448.80,1,4448.50,4448.70,0.20,4448.50,2,4448.40,5,4448.30,7,4448.20,9,4448.10,9,4448.00,12,4447.90,18,4447.80,31,4447.70,15,4447.60,17,4448.70,3,4448.80,4,4448.90,6,4449.00,8,4449.10,6,4449.20,18,4449.30,15,4449.40,17,4449.50,14,4449.60,16,Buy,69,116,185,-47.00,9.00,-52.00,3.00,76.7,4451.10,4451.40,4448.40,4448.80,73,52,125,21.00,36.00,-1.00,1.30,23.1,51,240,0.7143,0.1064,-118.00,71.00,4427.27,2.4564,UP,219.50,0.5695,2.1357
20260810 195521 145,4448.80,2,4448.50,4448.70,0.20,4448.50,2,4448.40,5,4448.30,7,4448.20,9,4448.10,9,4448.00,12,4447.90,18,4447.80,31,4447.70,15,4447.60,17,4448.70,3,4448.80,4,4448.90,6,4449.00,8,4449.10,6,4449.20,18,4449.30,15,4449.40,17,4449.50,14,4449.60,16,Buy,71,116,187,-45.00,9.00,-52.00,3.00,76.7,4451.10,4451.40,4448.40,4448.80,73,52,125,21.00,36.00,-1.00,1.30,23.1,51,240,0.7143,0.1556,-116.00,73.00,4427.27,2.4564,UP,219.50,0.5695,2.1357
20260810 195521 145,4448.80,1,4448.50,4448.70,0.20,4448.50,2,4448.40,5,4448.30,7,4448.20,9,4448.10,9,4448.00,12,4447.90,18,4447.80,31,4447.70,15,4447.60,17,4448.70,3,4448.80,4,4448.90,6,4449.00,8,4449.10,6,4449.20,18,4449.30,15,4449.40,17,4449.50,14,4449.60,16,Buy,72,116,188,-44.00,9.00,-52.00,3.00,76.7,4451.10,4451.40,4448.40,4448.80,73,52,125,21.00,36.00,-1.00,1.30,23.1,51,240,0.7143,0.1818,-115.00,74.00,4427.27,2.4564,UP,219.50,0.5695,2.1357
20260810 195521 145,4448.80,1,4448.50,4448.70,0.20,4448.50,2,4448.40,5,4448.30,7,4448.20,9,4448.10,9,4448.00,12,4447.90,18,4447.80,31,4447.70,15,4447.60,17,4448.70,3,4448.80,4,4448.90,6,4449.00,8,4449.10,6,4449.20,18,4449.30,15,4449.40,17,4449.50,14,4449.60,16,Buy,73,116,189,-43.00,9.00,-52.00,3.00,76.7,4451.10,4451.40,4448.40,4448.80,73,52,125,21.00,36.00,-1.00,1.30,23.1,51,240,0.7143,0.2093,-114.00,75.00,4427.27,2.4564,UP,219.50,0.5695,2.1357
20260810 195521 164,4448.50,1,4448.50,4448.70,0.20,4448.50,2,4448.40,5,4448.30,7,4448.20,9,4448.10,9,4448.00,12,4447.90,18,4447.80,31,4447.70,15,4447.60,17,4448.70,3,4448.80,4,4448.90,6,4449.00,8,4449.10,6,4449.20,18,4449.30,15,4449.40,17,4449.50,14,4449.60,16,Sell,73,117,190,-44.00,9.00,-52.00,3.00,86.7,4451.10,4451.40,4448.40,4448.50,73,52,125,21.00,36.00,-1.00,1.30,23.1,51,240,0.7143,0.1818,-115.00,74.00,4427.24,2.4468,UP,219.50,0.5695,2.1357
20260810 195521 530,4448.50,1,4448.50,4448.80,0.30,4448.50,5,4448.40,5,4448.30,7,4448.20,9,4448.10,9,4448.00,13,4447.90,18,4447.80,31,4447.70,15,4447.60,17,4448.80,3,4448.90,6,4449.00,8,4449.10,6,4449.20,18,4449.30,15,4449.40,17,4449.50,14,4449.60,16,4449.70,16,Sell,73,118,191,-45.00,9.00,-52.00,3.00,86.7,4451.10,4451.40,4448.40,4448.50,73,52,125,21.00,36.00,-1.00,1.30,23.1,51,240,0.7143,0.1556,-116.00,73.00,4427.24,2.4468,UP,219.50,0.5695,2.1357
20260810 195521 604,4448.50,1,4448.60,4448.80,0.20,4448.60,1,4448.50,4,4448.40,6,4448.30,7,4448.20,5,4448.10,6,4448.00,12,4447.90,19,4447.80,31,4447.70,15,4448.80,4,4448.90,6,4449.00,8,4449.10,6,4449.20,18,4449.30,15,4449.40,17,4449.50,14,4449.60,16,4449.70,16,Sell,73,119,192,-46.00,9.00,-52.00,3.00,86.7,4451.10,4451.40,4448.40,4448.50,73,52,125,21.00,36.00,-1.00,1.30,23.1,51,240,0.7143,0.1304,-117.00,72.00,4427.24,2.4468,UP,219.50,0.5695,2.1357
20260810 195521 604,4448.50,1,4448.60,4448.80,0.20,4448.60,1,4448.50,4,4448.40,6,4448.30,7,4448.20,5,4448.10,6,4448.00,12,4447.90,19,4447.80,31,4447.70,15,4448.80,4,4448.90,6,4449.00,8,4449.10,6,4449.20,18,4449.30,15,4449.40,17,4449.50,14,4449.60,16,4449.70,16,Sell,73,120,193,-47.00,9.00,-52.00,3.00,86.7,4451.10,4451.40,4448.40,4448.50,73,52,125,21.00,36.00,-1.00,1.30,23.1,51,240,0.7143,0.1064,-118.00,71.00,4427.24,2.4468,UP,219.50,0.5695,2.1357
20260810 195521 604,4448.50,1,4448.60,4448.80,0.20,4448.60,1,4448.50,4,4448.40,6,4448.30,7,4448.20,5,4448.10,6,4448.00,12,4447.90,19,4447.80,31,4447.70,15,4448.80,4,4448.90,6,4449.00,8,4449.10,6,4449.20,18,4449.30,15,4449.40,17,4449.50,14,4449.60,16,4449.70,16,Sell,73,121,194,-48.00,9.00,-52.00,3.00,86.7,4451.10,4451.40,4448.40,4448.50,73,52,125,21.00,36.00,-1.00,1.30,23.1,51,240,0.7143,0.0833,-119.00,70.00,4427.24,2.4468,UP,219.50,0.5695,2.1357
20260810 195521 604,4448.50,1,4448.60,4448.80,0.20,4448.60,1,4448.50,4,4448.40,6,4448.30,7,4448.20,5,4448.10,6,4448.00,12,4447.90,19,4447.80,31,4447.70,15,4448.80,4,4448.90,6,4449.00,8,4449.10,6,4449.20,18,4449.30,15,4449.40,17,4449.50,14,4449.60,16,4449.70,16,Sell,73,122,195,-49.00,9.00,-52.00,3.00,86.7,4451.10,4451.40,4448.40,4448.50,73,52,125,21.00,36.00,-1.00,1.30,23.1,51,240,0.7143,0.0612,-120.00,69.00,4427.24,2.4468,UP,219.50,0.5695,2.1357
20260810 195521 604,4448.50,1,4448.60,4448.80,0.20,4448.60,1,4448.50,4,4448.40,6,4448.30,7,4448.20,5,4448.10,6,4448.00,12,4447.90,19,4447.80,31,4447.70,15,4448.80,4,4448.90,6,4449.00,8,4449.10,6,4449.20,18,4449.30,15,4449.40,17,4449.50,14,4449.60,16,4449.70,16,Sell,73,123,196,-50.00,9.00,-52.00,3.00,86.7,4451.10,4451.40,4448.40,4448.50,73,52,125,21.00,36.00,-1.00,1.30,23.1,51,240,0.7143,0.0400,-121.00,68.00,4427.24,2.4468,UP,219.50,0.5695,2.1357
20260810 195521 604,4448.40,1,4448.60,4448.80,0.20,4448.60,1,4448.50,4,4448.40,6,4448.30,7,4448.20,5,4448.10,6,4448.00,12,4447.90,19,4447.80,31,4447.70,15,4448.80,4,4448.90,6,4449.00,8,4449.10,6,4449.20,18,4449.30,15,4449.40,17,4449.50,14,4449.60,16,4449.70,16,Sell,73,124,197,-51.00,9.00,-52.00,3.00,90.0,4451.10,4451.40,4448.40,4448.40,73,52,125,21.00,36.00,-1.00,1.30,23.1,51,240,0.7143,0.0196,-122.00,67.00,4427.23,2.4437,UP,219.50,0.5695,2.1357
20260810 195521 604,4448.40,1,4448.60,4448.80,0.20,4448.60,1,4448.50,4,4448.40,6,4448.30,7,4448.20,5,4448.10,6,4448.00,12,4447.90,19,4447.80,31,4447.70,15,4448.80,4,4448.90,6,4449.00,8,4449.10,6,4449.20,18,4449.30,15,4449.40,17,4449.50,14,4449.60,16,4449.70,16,Sell,73,125,198,-52.00,9.00,-52.00,3.00,90.0,4451.10,4451.40,4448.40,4448.40,73,52,125,21.00,36.00,-1.00,1.30,23.1,51,240,0.7143,0.0000,-123.00,66.00,4427.23,2.4437,UP,219.50,0.5695,2.1357
20260810 195521 604,4448.40,1,4448.60,4448.80,0.20,4448.60,1,4448.50,4,4448.40,6,4448.30,7,4448.20,5,4448.10,6,4448.00,12,4447.90,19,4447.80,31,4447.70,15,4448.80,4,4448.90,6,4449.00,8,4449.10,6,4449.20,18,4449.30,15,4449.40,17,4449.50,14,4449.60,16,4449.70,16,Sell,73,126,199,-53.00,9.00,-53.00,3.00,90.0,4451.10,4451.40,4448.40,4448.40,73,52,125,21.00,36.00,-1.00,1.30,23.1,51,240,0.7143,0.0000,-124.00,65.00,4427.23,2.4437,UP,219.50,0.5695,2.1357
20260810 195521 604,4448.40,1,4448.60,4448.80,0.20,4448.60,1,4448.50,4,4448.40,6,4448.30,7,4448.20,5,4448.10,6,4448.00,12,4447.90,19,4447.80,31,4447.70,15,4448.80,4,4448.90,6,4449.00,8,4449.10,6,4449.20,18,4449.30,15,4449.40,17,4449.50,14,4449.60,16,4449.70,16,Sell,73,127,200,-54.00,9.00,-54.00,3.00,90.0,4451.10,4451.40,4448.40,4448.40,73,52,125,21.00,36.00,-1.00,1.30,23.1,51,240,0.7143,0.0000,-125.00,64.00,4427.23,2.4437,UP,219.50,0.5695,2.1357
20260810 195521 604,4448.40,1,4448.60,4448.80,0.20,4448.60,1,4448.50,4,4448.40,6,4448.30,7,4448.20,5,4448.10,6,4448.00,12,4447.90,19,4447.80,31,4447.70,15,4448.80,4,4448.90,6,4449.00,8,4449.10,6,4449.20,18,4449.30,15,4449.40,17,4449.50,14,4449.60,16,4449.70,16,Sell,73,128,201,-55.00,9.00,-55.00,3.00,90.0,4451.10,4451.40,4448.40,4448.40,73,52,125,21.00,36.00,-1.00,1.30,23.1,51,240,0.7143,0.0000,-126.00,63.00,4427.23,2.4437,UP,219.50,0.5695,2.1357
20260810 195521 604,4448.40,1,4448.60,4448.80,0.20,4448.60,1,4448.50,4,4448.40,6,4448.30,7,4448.20,5,4448.10,6,4448.00,12,4447.90,19,4447.80,31,4447.70,15,4448.80,4,4448.90,6,4449.00,8,4449.10,6,4449.20,18,4449.30,15,4449.40,17,4449.50,14,4449.60,16,4449.70,16,Sell,73,129,202,-56.00,9.00,-56.00,3.00,90.0,4451.10,4451.40,4448.40,4448.40,73,52,125,21.00,36.00,-1.00,1.30,23.1,51,240,0.7143,0.0000,-127.00,62.00,4427.23,2.4437,UP,219.50,0.5695,2.1357
20260810 195521 604,4448.30,1,4448.60,4448.80,0.20,4448.60,1,4448.50,4,4448.40,6,4448.30,7,4448.20,5,4448.10,6,4448.00,12,4447.90,19,4447.80,31,4447.70,15,4448.80,4,4448.90,6,4449.00,8,4449.10,6,4449.20,18,4449.30,15,4449.40,17,4449.50,14,4449.60,16,4449.70,16,Sell,73,130,203,-57.00,9.00,-57.00,3.10,90.3,4451.10,4451.40,4448.30,4448.30,73,52,125,21.00,36.00,-1.00,1.30,23.1,51,240,0.7143,0.0000,-128.00,61.00,4427.22,2.4405,UP,219.50,0.5695,2.1429
20260810 195521 604,4448.30,1,4448.60,4448.80,0.20,4448.60,1,4448.50,4,4448.40,6,4448.30,7,4448.20,5,4448.10,6,4448.00,12,4447.90,19,4447.80,31,4447.70,15,4448.80,4,4448.90,6,4449.00,8,4449.10,6,4449.20,18,4449.30,15,4449.40,17,4449.50,14,4449.60,16,4449.70,16,Sell,73,131,204,-58.00,9.00,-58.00,3.10,90.3,4451.10,4451.40,4448.30,4448.30,73,52,125,21.00,36.00,-1.00,1.30,23.1,51,240,0.7143,0.0000,-129.00,60.00,4427.22,2.4405,UP,219.50,0.5695,2.1429
20260810 195521 604,4448.30,1,4448.60,4448.80,0.20,4448.60,1,4448.50,4,4448.40,6,4448.30,7,4448.20,5,4448.10,6,4448.00,12,4447.90,19,4447.80,31,4447.70,15,4448.80,4,4448.90,6,4449.00,8,4449.10,6,4449.20,18,4449.30,15,4449.40,17,4449.50,14,4449.60,16,4449.70,16,Sell,73,132,205,-59.00,9.00,-59.00,3.10,90.3,4451.10,4451.40,4448.30,4448.30,73,52,125,21.00,36.00,-1.00,1.30,23.1,51,240,0.7143,0.0000,-130.00,59.00,4427.22,2.4405,UP,219.50,0.5695,2.1429
20260810 195521 604,4448.30,1,4448.60,4448.80,0.20,4448.60,1,4448.50,4,4448.40,6,4448.30,7,4448.20,5,4448.10,6,4448.00,12,4447.90,19,4447.80,31,4447.70,15,4448.80,4,4448.90,6,4449.00,8,4449.10,6,4449.20,18,4449.30,15,4449.40,17,4449.50,14,4449.60,16,4449.70,16,Sell,73,133,206,-60.00,9.00,-60.00,3.10,90.3,4451.10,4451.40,4448.30,4448.30,73,52,125,21.00,36.00,-1.00,1.30,23.1,51,240,0.7143,0.0000,-131.00,58.00,4427.22,2.4405,UP,219.50,0.5695,2.1429
20260810 195521 604,4448.30,1,4448.60,4448.80,0.20,4448.60,1,4448.50,4,4448.40,6,4448.30,7,4448.20,5,4448.10,6,4448.00,12,4447.90,19,4447.80,31,4447.70,15,4448.80,4,4448.90,6,4449.00,8,4449.10,6,4449.20,18,4449.30,15,4449.40,17,4449.50,14,4449.60,16,4449.70,16,Sell,73,134,207,-61.00,9.00,-61.00,3.10,90.3,4451.10,4451.40,4448.30,4448.30,73,52,125,21.00,36.00,-1.00,1.30,23.1,51,240,0.7143,0.0000,-132.00,57.00,4427.22,2.4405,UP,219.50,0.5695,2.1429
20260810 195521 604,4448.30,1,4448.60,4448.80,0.20,4448.60,1,4448.50,4,4448.40,6,4448.30,7,4448.20,5,4448.10,6,4448.00,12,4447.90,19,4447.80,31,4447.70,15,4448.80,4,4448.90,6,4449.00,8,4449.10,6,4449.20,18,4449.30,15,4449.40,17,4449.50,14,4449.60,16,4449.70,16,Sell,73,135,208,-62.00,9.00,-62.00,3.10,90.3,4451.10,4451.40,4448.30,4448.30,73,52,125,21.00,36.00,-1.00,1.30,23.1,51,240,0.7143,0.0000,-133.00,56.00,4427.22,2.4405,UP,219.50,0.5695,2.1429
20260810 195521 604,4448.30,1,4448.60,4448.80,0.20,4448.60,1,4448.50,4,4448.40,6,4448.30,7,4448.20,5,4448.10,6,4448.00,12,4447.90,19,4447.80,31,4447.70,15,4448.80,4,4448.90,6,4449.00,8,4449.10,6,4449.20,18,4449.30,15,4449.40,17,4449.50,14,4449.60,16,4449.70,16,Sell,73,136,209,-63.00,9.00,-63.00,3.10,90.3,4451.10,4451.40,4448.30,4448.30,73,52,125,21.00,36.00,-1.00,1.30,23.1,51,240,0.7143,0.0000,-134.00,55.00,4427.22,2.4405,UP,219.50,0.5695,2.1429
20260810 195521 604,4448.20,1,4448.60,4448.80,0.20,4448.60,1,4448.50,4,4448.40,6,4448.30,7,4448.20,5,4448.10,6,4448.00,12,4447.90,19,4447.80,31,4447.70,15,4448.80,4,4448.90,6,4449.00,8,4449.10,6,4449.20,18,4449.30,15,4449.40,17,4449.50,14,4449.60,16,4449.70,16,Sell,73,137,210,-64.00,9.00,-64.00,3.20,90.6,4451.10,4451.40,4448.20,4448.20,73,52,125,21.00,36.00,-1.00,1.30,23.1,51,240,0.7143,0.0000,-135.00,54.00,4427.21,2.4373,UP,219.50,0.5695,2.1500
20260810 195521 604,4448.20,2,4448.60,4448.80,0.20,4448.60,1,4448.50,4,4448.40,6,4448.30,7,4448.20,5,4448.10,6,4448.00,12,4447.90,19,4447.80,31,4447.70,15,4448.80,4,4448.90,6,4449.00,8,4449.10,6,4449.20,18,4449.30,15,4449.40,17,4449.50,14,4449.60,16,4449.70,16,Sell,73,139,212,-66.00,9.00,-66.00,3.20,90.6,4451.10,4451.40,4448.20,4448.20,73,52,125,21.00,36.00,-1.00,1.30,23.1,51,240,0.7143,0.0000,-137.00,52.00,4427.21,2.4373,UP,219.50,0.5695,2.1500
20260810 195521 605,4448.20,1,4448.60,4448.80,0.20,4448.60,1,4448.50,4,4448.40,6,4448.30,7,4448.20,5,4448.10,6,4448.00,12,4447.90,19,4447.80,31,4447.70,15,4448.80,4,4448.90,6,4449.00,8,4449.10,6,4449.20,18,4449.30,15,4449.40,17,4449.50,14,4449.60,16,4449.70,16,Sell,73,140,213,-67.00,9.00,-67.00,3.20,90.6,4451.10,4451.40,4448.20,4448.20,73,52,125,21.00,36.00,-1.00,1.30,23.1,51,240,0.7143,0.0000,-138.00,51.00,4427.21,2.4373,UP,219.50,0.5695,2.1500
20260810 195521 610,4448.70,1,4448.60,4448.80,0.20,4448.60,1,4448.50,4,4448.40,6,4448.30,7,4448.20,5,4448.10,6,4448.00,12,4447.90,19,4447.80,31,4447.70,15,4448.80,4,4448.90,6,4449.00,8,4449.10,6,4449.20,18,4449.30,15,4449.40,17,4449.50,14,4449.60,16,4449.70,16,Buy,74,140,214,-66.00,9.00,-67.00,3.20,75.0,4451.10,4451.40,4448.20,4448.70,73,52,125,21.00,36.00,-1.00,1.30,23.1,51,240,0.7143,0.0152,-137.00,52.00,4427.26,2.4532,UP,219.50,0.5695,2.1500
20260810 195521 610,4448.70,1,4448.60,4448.80,0.20,4448.60,1,4448.50,4,4448.40,6,4448.30,7,4448.20,5,4448.10,6,4448.00,12,4447.90,19,4447.80,31,4447.70,15,4448.80,4,4448.90,6,4449.00,8,4449.10,6,4449.20,18,4449.30,15,4449.40,17,4449.50,14,4449.60,16,4449.70,16,Buy,75,140,215,-65.00,9.00,-67.00,3.20,75.0,4451.10,4451.40,4448.20,4448.70,73,52,125,21.00,36.00,-1.00,1.30,23.1,51,240,0.7143,0.0308,-136.00,53.00,4427.26,2.4532,UP,219.50,0.5695,2.1500
20260810 195521 610,4448.70,1,4448.60,4448.80,0.20,4448.60,1,4448.50,4,4448.40,6,4448.30,7,4448.20,5,4448.10,6,4448.00,12,4447.90,19,4447.80,31,4447.70,15,4448.80,4,4448.90,6,4449.00,8,4449.10,6,4449.20,18,4449.30,15,4449.40,17,4449.50,14,4449.60,16,4449.70,16,Buy,76,140,216,-64.00,9.00,-67.00,3.20,75.0,4451.10,4451.40,4448.20,4448.70,73,52,125,21.00,36.00,-1.00,1.30,23.1,51,240,0.7143,0.0469,-135.00,54.00,4427.26,2.4532,UP,219.50,0.5695,2.1500
20260810 195521 982,4448.50,1,4448.50,4448.70,0.20,4448.50,4,4448.40,6,4448.30,8,4448.20,7,4448.10,6,4448.00,12,4447.90,18,4447.80,31,4447.70,15,4447.60,17,4448.70,1,4448.80,4,4448.90,5,4449.00,8,4449.10,6,4449.20,17,4449.30,17,4449.40,17,4449.50,16,4449.60,16,Sell,76,141,217,-65.00,9.00,-67.00,3.20,81.3,4451.10,4451.40,4448.20,4448.50,73,52,125,21.00,36.00,-1.00,1.30,23.1,51,240,0.7143,0.0308,-136.00,53.00,4427.24,2.4468,UP,219.50,0.5695,2.1500
20260810 195521 982,4448.50,1,4448.50,4448.70,0.20,4448.50,4,4448.40,6,4448.30,8,4448.20,7,4448.10,6,4448.00,12,4447.90,18,4447.80,31,4447.70,15,4447.60,17,4448.70,1,4448.80,4,4448.90,5,4449.00,8,4449.10,6,4449.20,17,4449.30,17,4449.40,17,4449.50,16,4449.60,16,Sell,76,142,218,-66.00,9.00,-67.00,3.20,81.3,4451.10,4451.40,4448.20,4448.50,73,52,125,21.00,36.00,-1.00,1.30,23.1,51,240,0.7143,0.0152,-137.00,52.00,4427.24,2.4468,UP,219.50,0.5695,2.1500
20260810 195521 982,4448.50,1,4448.50,4448.70,0.20,4448.50,4,4448.40,6,4448.30,8,4448.20,7,4448.10,6,4448.00,12,4447.90,18,4447.80,31,4447.70,15,4447.60,17,4448.70,1,4448.80,4,4448.90,5,4449.00,8,4449.10,6,4449.20,17,4449.30,17,4449.40,17,4449.50,16,4449.60,16,Sell,76,143,219,-67.00,9.00,-67.00,3.20,81.3,4451.10,4451.40,4448.20,4448.50,73,52,125,21.00,36.00,-1.00,1.30,23.1,51,240,0.7143,0.0000,-138.00,51.00,4427.24,2.4468,UP,219.50,0.5695,2.1500
20260810 195521 982,4448.50,1,4448.50,4448.70,0.20,4448.50,4,4448.40,6,4448.30,8,4448.20,7,4448.10,6,4448.00,12,4447.90,18,4447.80,31,4447.70,15,4447.60,17,4448.70,1,4448.80,4,4448.90,5,4449.00,8,4449.10,6,4449.20,17,4449.30,17,4449.40,17,4449.50,16,4449.60,16,Sell,76,144,220,-68.00,9.00,-68.00,3.20,81.3,4451.10,4451.40,4448.20,4448.50,73,52,125,21.00,36.00,-1.00,1.30,23.1,51,240,0.7143,0.0000,-139.00,50.00,4427.24,2.4468,UP,219.50,0.5695,2.1500
20260810 195522 104,4448.50,1,4448.50,4448.70,0.20,4448.50,3,4448.40,6,4448.30,8,4448.20,7,4448.10,6,4448.00,12,4447.90,18,4447.80,31,4447.70,15,4447.60,17,4448.70,1,4448.80,4,4448.90,5,4449.00,8,4449.10,6,4449.20,17,4449.30,17,4449.40,17,4449.50,16,4449.60,16,Sell,76,145,221,-69.00,9.00,-69.00,3.20,81.3,4451.10,4451.40,4448.20,4448.50,73,52,125,21.00,36.00,-1.00,1.30,23.1,51,240,0.7143,0.0000,-140.00,49.00,4427.24,2.4468,UP,219.50,0.5695,2.1500
20260810 195522 504,4448.50,1,4448.50,4448.70,0.20,4448.50,1,4448.40,6,4448.30,8,4448.20,7,4448.10,6,4448.00,12,4447.90,18,4447.80,31,4447.70,15,4447.60,17,4448.70,1,4448.80,4,4448.90,5,4449.00,8,4449.10,6,4449.20,17,4449.30,17,4449.40,17,4449.50,16,4449.60,16,Sell,76,146,222,-70.00,9.00,-70.00,3.20,81.3,4451.10,4451.40,4448.20,4448.50,73,52,125,21.00,36.00,-1.00,1.30,23.1,51,240,0.7143,0.0000,-141.00,48.00,4427.24,2.4468,UP,219.50,0.5695,2.1500
20260810 195522 504,4448.50,1,4448.50,4448.70,0.20,4448.50,1,4448.40,6,4448.30,8,4448.20,7,4448.10,6,4448.00,12,4447.90,18,4447.80,31,4447.70,15,4447.60,17,4448.70,1,4448.80,4,4448.90,5,4449.00,8,4449.10,6,4449.20,17,4449.30,17,4449.40,17,4449.50,16,4449.60,16,Sell,76,147,223,-71.00,9.00,-71.00,3.20,81.3,4451.10,4451.40,4448.20,4448.50,73,52,125,21.00,36.00,-1.00,1.30,23.1,51,240,0.7143,0.0000,-142.00,47.00,4427.24,2.4468,UP,219.50,0.5695,2.1500
20260810 195522 879,4448.80,1,4448.90,4449.00,0.10,4448.90,2,4448.80,3,4448.70,3,4448.60,5,4448.50,6,4448.40,8,4448.30,8,4448.20,7,4448.10,6,4448.00,12,4449.00,2,4449.10,5,4449.20,17,4449.30,17,4449.40,19,4449.50,16,4449.60,16,4449.70,16,4449.80,15,4449.90,15,Buy,77,147,224,-70.00,9.00,-71.00,3.20,71.9,4451.10,4451.40,4448.20,4448.80,73,52,125,21.00,36.00,-1.00,1.30,23.1,51,240,0.7143,0.0143,-141.00,48.00,4427.27,2.4564,UP,219.50,0.5695,2.1500
20260810 195522 879,4448.80,1,4448.90,4449.00,0.10,4448.90,2,4448.80,3,4448.70,3,4448.60,5,4448.50,6,4448.40,8,4448.30,8,4448.20,7,4448.10,6,4448.00,12,4449.00,2,4449.10,5,4449.20,17,4449.30,17,4449.40,19,4449.50,16,4449.60,16,4449.70,16,4449.80,15,4449.90,15,Buy,78,147,225,-69.00,9.00,-71.00,3.20,71.9,4451.10,4451.40,4448.20,4448.80,73,52,125,21.00,36.00,-1.00,1.30,23.1,51,240,0.7143,0.0290,-140.00,49.00,4427.27,2.4564,UP,219.50,0.5695,2.1500
20260810 195522 879,4448.80,1,4448.90,4449.00,0.10,4448.90,2,4448.80,3,4448.70,3,4448.60,5,4448.50,6,4448.40,8,4448.30,8,4448.20,7,4448.10,6,4448.00,12,4449.00,2,4449.10,5,4449.20,17,4449.30,17,4449.40,19,4449.50,16,4449.60,16,4449.70,16,4449.80,15,4449.90,15,Buy,79,147,226,-68.00,9.00,-71.00,3.20,71.9,4451.10,4451.40,4448.20,4448.80,73,52,125,21.00,36.00,-1.00,1.30,23.1,51,240,0.7143,0.0441,-139.00,50.00,4427.27,2.4564,UP,219.50,0.5695,2.1500
20260810 195522 879,4448.90,1,4448.90,4449.00,0.10,4448.90,2,4448.80,3,4448.70,3,4448.60,5,4448.50,6,4448.40,8,4448.30,8,4448.20,7,4448.10,6,4448.00,12,4449.00,2,4449.10,5,4449.20,17,4449.30,17,4449.40,19,4449.50,16,4449.60,16,4449.70,16,4449.80,15,4449.90,15,Buy,80,147,227,-67.00,9.00,-71.00,3.20,68.8,4451.10,4451.40,4448.20,4448.90,73,52,125,21.00,36.00,-1.00,1.30,23.1,51,240,0.7143,0.0597,-138.00,51.00,4427.28,2.4595,UP,219.50,0.5695,2.1500
20260810 195522 879,4448.90,1,4448.90,4449.00,0.10,4448.90,2,4448.80,3,4448.70,3,4448.60,5,4448.50,6,4448.40,8,4448.30,8,4448.20,7,4448.10,6,4448.00,12,4449.00,2,4449.10,5,4449.20,17,4449.30,17,4449.40,19,4449.50,16,4449.60,16,4449.70,16,4449.80,15,4449.90,15,Buy,81,147,228,-66.00,9.00,-71.00,3.20,68.8,4451.10,4451.40,4448.20,4448.90,73,52,125,21.00,36.00,-1.00,1.30,23.1,51,240,0.7143,0.0758,-137.00,52.00,4427.28,2.4595,UP,219.50,0.5695,2.1500
20260810 195522 904,4448.80,1,4448.70,4448.90,0.20,4448.70,1,4448.60,5,4448.50,5,4448.40,8,4448.30,8,4448.20,7,4448.10,15,4448.00,21,4447.90,18,4447.80,31,4448.90,2,4449.00,5,4449.10,5,4449.20,7,4449.30,7,4449.40,9,4449.50,16,4449.60,17,4449.70,17,4449.80,15,Sell,81,148,229,-67.00,9.00,-71.00,3.20,71.9,4451.10,4451.40,4448.20,4448.80,73,52,125,21.00,36.00,-1.00,1.30,23.1,51,240,0.7143,0.0597,-138.00,51.00,4427.27,2.4564,UP,219.50,0.5695,2.1500
20260810 195522 977,4448.70,1,4448.70,4448.90,0.20,4448.70,1,4448.60,5,4448.50,5,4448.40,8,4448.30,8,4448.20,7,4448.10,15,4448.00,21,4447.90,18,4447.80,31,4448.90,2,4449.00,5,4449.10,5,4449.20,7,4449.30,7,4449.40,9,4449.50,16,4449.60,17,4449.70,17,4449.80,15,Sell,81,149,230,-68.00,9.00,-71.00,3.20,75.0,4451.10,4451.40,4448.20,4448.70,73,52,125,21.00,36.00,-1.00,1.30,23.1,51,240,0.7143,0.0441,-139.00,50.00,4427.26,2.4532,UP,219.50,0.5695,2.1500
20260810 195522 977,4448.70,1,4448.70,4448.90,0.20,4448.70,1,4448.60,5,4448.50,5,4448.40,8,4448.30,8,4448.20,7,4448.10,15,4448.00,21,4447.90,18,4447.80,31,4448.90,2,4449.00,5,4449.10,5,4449.20,7,4449.30,7,4449.40,9,4449.50,16,4449.60,17,4449.70,17,4449.80,15,Sell,81,150,231,-69.00,9.00,-71.00,3.20,75.0,4451.10,4451.40,4448.20,4448.70,73,52,125,21.00,36.00,-1.00,1.30,23.1,51,240,0.7143,0.0290,-140.00,49.00,4427.26,2.4532,UP,219.50,0.5695,2.1500
20260810 195523 130,4448.70,1,4448.70,4448.90,0.20,4448.70,1,4448.60,5,4448.50,4,4448.40,8,4448.30,8,4448.20,7,4448.10,15,4448.00,21,4447.90,18,4447.80,31,4448.90,4,4449.00,4,4449.10,5,4449.20,7,4449.30,7,4449.40,9,4449.50,16,4449.60,17,4449.70,17,4449.80,15,Sell,81,151,232,-70.00,9.00,-71.00,3.20,75.0,4451.10,4451.40,4448.20,4448.70,73,52,125,21.00,36.00,-1.00,1.30,23.1,51,240,0.7143,0.0143,-141.00,48.00,4427.26,2.4532,UP,219.50,0.5695,2.1500
20260810 195523 130,4448.60,1,4448.70,4448.90,0.20,4448.70,1,4448.60,5,4448.50,4,4448.40,8,4448.30,8,4448.20,7,4448.10,15,4448.00,21,4447.90,18,4447.80,31,4448.90,4,4449.00,4,4449.10,5,4449.20,7,4449.30,7,4449.40,9,4449.50,16,4449.60,17,4449.70,17,4449.80,15,Sell,81,152,233,-71.00,9.00,-71.00,3.20,78.1,4451.10,4451.40,4448.20,4448.60,73,52,125,21.00,36.00,-1.00,1.30,23.1,51,240,0.7143,0.0000,-142.00,47.00,4427.25,2.4500,UP,219.50,0.5695,2.1500
20260810 195523 130,4448.60,1,4448.70,4448.90,0.20,4448.70,1,4448.60,5,4448.50,4,4448.40,8,4448.30,8,4448.20,7,4448.10,15,4448.00,21,4447.90,18,4447.80,31,4448.90,4,4449.00,4,4449.10,5,4449.20,7,4449.30,7,4449.40,9,4449.50,16,4449.60,17,4449.70,17,4449.80,15,Sell,81,153,234,-72.00,9.00,-72.00,3.20,78.1,4451.10,4451.40,4448.20,4448.60,73,52,125,21.00,36.00,-1.00,1.30,23.1,51,240,0.7143,0.0000,-143.00,46.00,4427.25,2.4500,UP,219.50,0.5695,2.1500
20260810 195523 130,4448.60,1,4448.70,4448.90,0.20,4448.70,1,4448.60,5,4448.50,4,4448.40,8,4448.30,8,4448.20,7,4448.10,15,4448.00,21,4447.90,18,4447.80,31,4448.90,4,4449.00,4,4449.10,5,4449.20,7,4449.30,7,4449.40,9,4449.50,16,4449.60,17,4449.70,17,4449.80,15,Sell,81,154,235,-73.00,9.00,-73.00,3.20,78.1,4451.10,4451.40,4448.20,4448.60,73,52,125,21.00,36.00,-1.00,1.30,23.1,51,240,0.7143,0.0000,-144.00,45.00,4427.25,2.4500,UP,219.50,0.5695,2.1500
20260810 195523 222,4448.60,1,4448.50,4448.70,0.20,4448.50,2,4448.40,6,4448.30,8,4448.20,7,4448.10,15,4448.00,21,4447.90,18,4447.80,31,4447.70,15,4447.60,17,4448.70,3,4448.80,3,4448.90,5,4449.00,8,4449.10,6,4449.20,7,4449.30,7,4449.40,19,4449.50,16,4449.60,17,Sell,81,155,236,-74.00,9.00,-74.00,3.20,78.1,4451.10,4451.40,4448.20,4448.60,73,52,125,21.00,36.00,-1.00,1.30,23.1,51,240,0.7143,0.0000,-145.00,44.00,4427.25,2.4500,UP,219.50,0.5695,2.1500
20260810 195523 717,4448.70,1,4448.80,4449.00,0.20,4448.80,6,4448.70,2,4448.60,3,4448.50,6,4448.40,8,4448.30,8,4448.20,8,4448.10,16,4448.00,20,4447.90,18,4449.00,3,4449.10,5,4449.20,7,4449.30,7,4449.40,19,4449.50,16,4449.60,17,4449.70,17,4449.80,19,4449.90,15,Sell,81,156,237,-75.00,9.00,-75.00,3.20,75.0,4451.10,4451.40,4448.20,4448.70,73,52,125,21.00,36.00,-1.00,1.30,23.1,51,240,0.7143,0.0000,-146.00,43.00,4427.26,2.4532,UP,219.50,0.5695,2.1500
20260810 195524 746,4448.90,4,4448.70,4448.90,0.20,4448.70,1,4448.60,3,4448.50,5,4448.40,8,4448.30,8,4448.20,17,4448.10,17,4448.00,21,4447.90,18,4447.80,31,4448.90,2,4449.00,3,4449.10,3,4449.20,7,4449.30,7,4449.40,9,4449.50,7,4449.60,17,4449.70,17,4449.80,19,Sell,81,160,241,-79.00,9.00,-79.00,3.20,68.8,4451.10,4451.40,4448.20,4448.90,73,52,125,21.00,36.00,-1.00,1.30,23.1,51,240,0.7143,0.0000,-150.00,39.00,4427.28,2.4595,UP,219.50,0.5695,2.1500
20260810 195525 067,4448.80,1,4448.70,4449.00,0.30,4448.70,2,4448.60,4,4448.50,5,4448.40,8,4448.30,9,4448.20,18,4448.10,17,4448.00,21,4447.90,18,4447.80,31,4449.00,4,4449.10,5,4449.20,7,4449.30,7,4449.40,9,4449.50,7,4449.60,17,4449.70,17,4449.80,15,4449.90,15,Sell,81,161,242,-80.00,9.00,-80.00,3.20,71.9,4451.10,4451.40,4448.20,4448.80,73,52,125,21.00,36.00,-1.00,1.30,23.1,51,240,0.7143,0.0000,-151.00,38.00,4427.27,2.4564,UP,219.50,0.5695,2.1500
20260810 195525 415,4449.00,1,4448.90,4449.10,0.20,4448.90,3,4448.80,4,4448.70,5,4448.60,6,4448.50,6,4448.40,9,4448.30,9,4448.20,18,4448.10,17,4448.00,21,4449.10,2,4449.20,7,4449.30,6,4449.40,8,4449.50,7,4449.60,17,4449.70,17,4449.80,15,4449.90,15,4450.00,16,Buy,82,161,243,-79.00,9.00,-80.00,3.20,65.6,4451.10,4451.40,4448.20,4449.00,73,52,125,21.00,36.00,-1.00,1.30,23.1,51,240,0.7143,0.0127,-150.00,39.00,4427.29,2.4627,UP,219.50,0.5695,2.1500
20260810 195526 194,4449.20,1,4449.00,4449.20,0.20,4449.00,2,4448.90,9,4448.80,6,4448.70,6,4448.60,7,4448.50,6,4448.40,19,4448.30,18,4448.20,18,4448.10,18,4449.20,2,4449.30,5,4449.40,8,4449.50,7,4449.60,6,4449.70,17,4449.80,15,4449.90,15,4450.00,16,4450.10,16,Buy,83,161,244,-78.00,9.00,-80.00,3.20,59.4,4451.10,4451.40,4448.20,4449.20,73,52,125,21.00,36.00,-1.00,1.30,23.1,51,240,0.7143,0.0256,-149.00,40.00,4427.31,2.4691,UP,219.50,0.5695,2.1500
20260810 195526 521,4449.00,1,4449.00,4449.20,0.20,4449.00,3,4448.90,9,4448.80,5,4448.70,5,4448.60,7,4448.50,6,4448.40,19,4448.30,18,4448.20,18,4448.10,18,4449.20,2,4449.30,5,4449.40,8,4449.50,7,4449.60,6,4449.70,17,4449.80,15,4449.90,15,4450.00,16,4450.10,16,Sell,83,162,245,-79.00,9.00,-80.00,3.20,65.6,4451.10,4451.40,4448.20,4449.00,73,52,125,21.00,36.00,-1.00,1.30,23.1,51,240,0.7143,0.0127,-150.00,39.00,4427.29,2.4627,UP,219.50,0.5695,2.1500
20260810 195526 827,4449.00,1,4448.90,4449.10,0.20,4448.90,3,4448.80,4,4448.70,5,4448.60,7,4448.50,6,4448.40,19,4448.30,18,4448.20,18,4448.10,18,4448.00,21,4449.10,2,4449.20,4,4449.30,4,4449.40,8,4449.50,6,4449.60,6,4449.70,16,4449.80,15,4449.90,15,4450.00,16,Sell,83,163,246,-80.00,9.00,-80.00,3.20,65.6,4451.10,4451.40,4448.20,4449.00,73,52,125,21.00,36.00,-1.00,1.30,23.1,51,240,0.7143,0.0000,-151.00,38.00,4427.29,2.4627,UP,219.50,0.5695,2.1500
20260810 195526 827,4449.00,1,4448.90,4449.10,0.20,4448.90,3,4448.80,4,4448.70,5,4448.60,7,4448.50,6,4448.40,19,4448.30,18,4448.20,18,4448.10,18,4448.00,21,4449.10,2,4449.20,4,4449.30,4,4449.40,8,4449.50,6,4449.60,6,4449.70,16,4449.80,15,4449.90,15,4450.00,16,Sell,83,164,247,-81.00,9.00,-81.00,3.20,65.6,4451.10,4451.40,4448.20,4449.00,73,52,125,21.00,36.00,-1.00,1.30,23.1,51,240,0.7143,0.0000,-152.00,37.00,4427.29,2.4627,UP,219.50,0.5695,2.1500
20260810 195526 827,4449.00,1,4448.90,4449.10,0.20,4448.90,3,4448.80,4,4448.70,5,4448.60,7,4448.50,6,4448.40,19,4448.30,18,4448.20,18,4448.10,18,4448.00,21,4449.10,2,4449.20,4,4449.30,4,4449.40,8,4449.50,6,4449.60,6,4449.70,16,4449.80,15,4449.90,15,4450.00,16,Sell,83,165,248,-82.00,9.00,-82.00,3.20,65.6,4451.10,4451.40,4448.20,4449.00,73,52,125,21.00,36.00,-1.00,1.30,23.1,51,240,0.7143,0.0000,-153.00,36.00,4427.29,2.4627,UP,219.50,0.5695,2.1500
20260810 195526 827,4448.90,1,4448.90,4449.10,0.20,4448.90,3,4448.80,4,4448.70,5,4448.60,7,4448.50,6,4448.40,19,4448.30,18,4448.20,18,4448.10,18,4448.00,21,4449.10,2,4449.20,4,4449.30,4,4449.40,8,4449.50,6,4449.60,6,4449.70,16,4449.80,15,4449.90,15,4450.00,16,Sell,83,166,249,-83.00,9.00,-83.00,3.20,68.8,4451.10,4451.40,4448.20,4448.90,73,52,125,21.00,36.00,-1.00,1.30,23.1,51,240,0.7143,0.0000,-154.00,35.00,4427.28,2.4595,UP,219.50,0.5695,2.1500
20260810 195527 990,4449.20,1,4448.90,4449.20,0.30,4449.00,2,4448.90,5,4448.80,4,4448.70,5,4448.60,9,4448.50,6,4448.40,19,4448.30,17,4448.20,18,4448.10,18,4449.20,3,4449.30,4,4449.40,8,4449.50,6,4449.60,6,4449.70,16,4449.80,15,4449.90,15,4450.00,16,4450.10,16,Buy,84,166,250,-82.00,9.00,-83.00,3.20,59.4,4451.10,4451.40,4448.20,4449.20,73,52,125,21.00,36.00,-1.00,1.30,23.1,51,240,0.7143,0.0122,-153.00,36.00,4427.31,2.4691,UP,219.50,0.5695,2.1500
20260810 195528 597,4449.20,1,4449.00,4449.10,0.10,4449.00,5,4448.90,1,4448.80,4,4448.70,5,4448.60,7,4448.50,6,4448.40,19,4448.30,17,4448.20,18,4448.10,18,4449.10,1,4449.20,6,4449.30,5,4449.40,8,4449.50,6,4449.60,6,4449.70,15,4449.80,15,4449.90,15,4450.00,16,Buy,85,166,251,-81.00,9.00,-83.00,3.20,59.4,4451.10,4451.40,4448.20,4449.20,73,52,125,21.00,36.00,-1.00,1.30,23.1,51,240,0.7143,0.0247,-152.00,37.00,4427.31,2.4691,UP,219.50,0.5695,2.1500
20260810 195529 681,4449.10,1,4449.00,4449.20,0.20,4449.00,6,4448.90,2,4448.80,4,4448.70,4,4448.60,7,4448.50,6,4448.40,18,4448.30,17,4448.20,17,4448.10,18,4449.20,2,4449.30,4,4449.40,7,4449.50,6,4449.60,6,4449.70,15,4449.80,15,4449.90,15,4450.00,16,4450.10,16,Buy,86,166,252,-80.00,9.00,-83.00,3.20,62.5,4451.10,4451.40,4448.20,4449.10,73,52,125,21.00,36.00,-1.00,1.30,23.1,51,240,0.7143,0.0375,-151.00,38.00,4427.30,2.4659,UP,219.50,0.5695,2.1500
20260810 195530 277,4449.40,1,4449.40,4449.60,0.20,4449.40,4,4449.30,5,4449.20,4,4449.10,6,4449.00,6,4448.90,5,4448.80,6,4448.70,6,4448.60,17,4448.50,15,4449.60,1,4449.70,4,4449.80,5,4449.90,4,4450.00,6,4450.10,6,4450.20,17,4450.30,14,4450.40,18,4450.50,15,Buy,87,166,253,-79.00,9.00,-83.00,3.20,53.1,4451.10,4451.40,4448.20,4449.40,73,52,125,21.00,36.00,-1.00,1.30,23.1,51,240,0.7143,0.0506,-150.00,39.00,4427.32,2.4754,UP,219.50,0.5695,2.1500
20260810 195530 278,4449.40,1,4449.40,4449.60,0.20,4449.40,4,4449.30,5,4449.20,4,4449.10,6,4449.00,6,4448.90,5,4448.80,6,4448.70,6,4448.60,17,4448.50,15,4449.60,1,4449.70,4,4449.80,5,4449.90,4,4450.00,6,4450.10,6,4450.20,17,4450.30,14,4450.40,18,4450.50,15,Buy,88,166,254,-78.00,9.00,-83.00,3.20,53.1,4451.10,4451.40,4448.20,4449.40,73,52,125,21.00,36.00,-1.00,1.30,23.1,51,240,0.7143,0.0641,-149.00,40.00,4427.32,2.4754,UP,219.50,0.5695,2.1500
20260810 195530 284,4449.50,5,4449.40,4449.60,0.20,4449.40,4,4449.30,5,4449.20,4,4449.10,6,4449.00,6,4448.90,5,4448.80,6,4448.70,6,4448.60,17,4448.50,15,4449.60,1,4449.70,4,4449.80,5,4449.90,4,4450.00,6,4450.10,6,4450.20,17,4450.30,14,4450.40,18,4450.50,15,Sell,88,171,259,-83.00,9.00,-83.00,3.20,50.0,4451.10,4451.40,4448.20,4449.50,73,52,125,21.00,36.00,-1.00,1.30,23.1,51,240,0.7143,0.0000,-154.00,35.00,4427.33,2.4786,UP,219.50,0.5695,2.1500
20260810 195530 314,4449.60,1,4449.40,4449.60,0.20,4449.40,3,4449.30,5,4449.20,4,4449.10,5,4449.00,6,4448.90,6,4448.80,6,4448.70,15,4448.60,17,4448.50,15,4449.60,1,4449.70,4,4449.80,3,4449.90,4,4450.00,6,4450.10,6,4450.20,17,4450.30,14,4450.40,18,4450.50,15,Buy,89,171,260,-82.00,9.00,-83.00,3.20,46.9,4451.10,4451.40,4448.20,4449.60,73,52,125,21.00,36.00,-1.00,1.30,23.1,51,240,0.7143,0.0122,-153.00,36.00,4427.34,2.4818,UP,219.50,0.5695,2.1500
20260810 195530 881,4449.30,1,4449.20,4449.40,0.20,4449.20,2,4449.10,3,4449.00,4,4448.90,5,4448.80,6,4448.70,6,4448.60,8,4448.50,6,4448.40,18,4448.30,17,4449.40,2,4449.50,8,4449.60,6,4449.70,5,4449.80,6,4449.90,4,4450.00,16,4450.10,16,4450.20,17,4450.30,14,Sell,89,172,261,-83.00,9.00,-83.00,3.20,56.3,4451.10,4451.40,4448.20,4449.30,73,52,125,21.00,36.00,-1.00,1.30,23.1,51,240,0.7143,0.0000,-154.00,35.00,4427.31,2.4722,UP,219.50,0.5695,2.1500
20260810 195530 890,4449.20,1,4449.20,4449.40,0.20,4449.20,2,4449.10,3,4449.00,4,4448.90,5,4448.80,6,4448.70,6,4448.60,8,4448.50,6,4448.40,18,4448.30,17,4449.40,2,4449.50,8,4449.60,6,4449.70,5,4449.80,6,4449.90,4,4450.00,16,4450.10,16,4450.20,17,4450.30,14,Sell,89,173,262,-84.00,9.00,-84.00,3.20,59.4,4451.10,4451.40,4448.20,4449.20,73,52,125,21.00,36.00,-1.00,1.30,23.1,51,240,0.7143,0.0000,-155.00,34.00,4427.31,2.4691,UP,219.50,0.5695,2.1500
20260810 195531 159,4449.40,1,4449.10,4449.30,0.20,4449.10,2,4449.00,4,4448.90,4,4448.80,6,4448.70,6,4448.60,8,4448.50,15,4448.40,18,4448.30,17,4448.20,17,4449.30,1,4449.40,4,4449.50,6,4449.60,6,4449.70,5,4449.80,6,4449.90,4,4450.00,16,4450.10,16,4450.20,17,Buy,90,173,263,-83.00,9.00,-84.00,3.20,53.1,4451.10,4451.40,4448.20,4449.40,73,52,125,21.00,36.00,-1.00,1.30,23.1,51,240,0.7143,0.0120,-154.00,35.00,4427.32,2.4754,UP,219.50,0.5695,2.1500
20260810 195531 436,4449.20,1,4449.00,4449.20,0.20,4449.10,4,4449.00,4,4448.90,4,4448.80,6,4448.70,5,4448.60,8,4448.50,15,4448.40,18,4448.30,17,4448.20,17,4449.40,4,4449.50,6,4449.60,6,4449.70,5,4449.80,6,4449.90,4,4450.00,16,4450.10,16,4450.20,17,4450.30,14,Buy,91,173,264,-82.00,9.00,-84.00,3.20,59.4,4451.10,4451.40,4448.20,4449.20,73,52,125,21.00,36.00,-1.00,1.30,23.1,51,240,0.7143,0.0244,-153.00,36.00,4427.31,2.4691,UP,219.50,0.5695,2.1500
20260810 195532 061,4449.40,1,4449.10,4449.40,0.30,4449.10,3,4449.00,3,4448.90,4,4448.80,6,4448.70,5,4448.60,18,4448.50,15,4448.40,18,4448.30,17,4448.20,17,4449.40,1,4449.50,6,4449.60,6,4449.70,5,4449.80,6,4449.90,4,4450.00,16,4450.10,16,4450.20,17,4450.30,15,Buy,92,173,265,-81.00,9.00,-84.00,3.20,53.1,4451.10,4451.40,4448.20,4449.40,73,52,125,21.00,36.00,-1.00,1.30,23.1,51,240,0.7143,0.0370,-152.00,37.00,4427.32,2.4754,UP,219.50,0.5695,2.1500
20260810 195532 326,4449.10,1,4449.00,4449.20,0.20,4449.00,1,4448.90,4,4448.80,6,4448.70,5,4448.60,8,4448.50,15,4448.40,18,4448.30,17,4448.20,17,4448.10,18,4449.20,3,4449.30,3,4449.40,6,4449.50,6,4449.60,6,4449.70,5,4449.80,6,4449.90,14,4450.00,16,4450.10,16,Buy,93,173,266,-80.00,9.00,-84.00,3.20,62.5,4451.10,4451.40,4448.20,4449.10,73,52,125,21.00,36.00,-1.00,1.30,23.1,51,240,0.7143,0.0500,-151.00,38.00,4427.30,2.4659,UP,219.50,0.5695,2.1500
20260810 195532 687,4449.20,1,4448.90,4449.20,0.30,4448.90,4,4448.80,4,4448.70,4,4448.60,7,4448.50,6,4448.40,18,4448.30,17,4448.20,18,4448.10,18,4448.00,21,4449.20,3,4449.30,5,4449.40,6,4449.50,6,4449.60,6,4449.70,15,4449.80,16,4449.90,14,4450.00,16,4450.10,16,Buy,94,173,267,-79.00,9.00,-84.00,3.20,59.4,4451.10,4451.40,4448.20,4449.20,73,52,125,21.00,36.00,-1.00,1.30,23.1,51,240,0.7143,0.0633,-150.00,39.00,4427.31,2.4691,UP,219.50,0.5695,2.1500
20260810 195533 001,4449.00,1,4448.90,4449.00,0.10,4448.90,2,4448.80,3,4448.70,4,4448.60,7,4448.50,6,4448.40,18,4448.30,17,4448.20,18,4448.10,18,4448.00,21,4449.10,6,4449.20,4,4449.30,5,4449.40,6,4449.50,6,4449.60,6,4449.70,15,4449.80,16,4449.90,14,4450.00,16,Buy,95,173,268,-78.00,9.00,-84.00,3.20,65.6,4451.10,4451.40,4448.20,4449.00,73,52,125,21.00,36.00,-1.00,1.30,23.1,51,240,0.7143,0.0769,-149.00,40.00,4427.29,2.4627,UP,219.50,0.5695,2.1500
20260810 195533 386,4448.90,1,4448.70,4448.90,0.20,4448.70,2,4448.60,3,4448.50,4,4448.40,8,4448.30,8,4448.20,8,4448.10,18,4448.00,21,4447.90,18,4447.80,31,4448.90,2,4449.00,4,4449.10,6,4449.20,5,4449.30,6,4449.40,6,4449.50,6,4449.60,16,4449.70,15,4449.80,16,Sell,95,174,269,-79.00,9.00,-84.00,3.20,68.8,4451.10,4451.40,4448.20,4448.90,73,52,125,21.00,36.00,-1.00,1.30,23.1,51,240,0.7143,0.0633,-150.00,39.00,4427.28,2.4595,UP,219.50,0.5695,2.1500
20260810 195533 386,4448.90,1,4448.70,4448.90,0.20,4448.70,2,4448.60,3,4448.50,4,4448.40,8,4448.30,8,4448.20,8,4448.10,18,4448.00,21,4447.90,18,4447.80,31,4448.90,2,4449.00,4,4449.10,6,4449.20,5,4449.30,6,4449.40,6,4449.50,6,4449.60,16,4449.70,15,4449.80,16,Sell,95,175,270,-80.00,9.00,-84.00,3.20,68.8,4451.10,4451.40,4448.20,4448.90,73,52,125,21.00,36.00,-1.00,1.30,23.1,51,240,0.7143,0.0500,-151.00,38.00,4427.28,2.4595,UP,219.50,0.5695,2.1500
20260810 195534 630,4448.90,1,4448.70,4448.90,0.20,4448.70,7,4448.60,3,4448.50,4,4448.40,8,4448.30,8,4448.20,8,4448.10,18,4448.00,21,4447.90,18,4447.80,31,4448.90,2,4449.00,4,4449.10,5,4449.20,5,4449.30,6,4449.40,6,4449.50,16,4449.60,16,4449.70,15,4449.80,16,Buy,96,175,271,-79.00,9.00,-84.00,3.20,68.8,4451.10,4451.40,4448.20,4448.90,73,52,125,21.00,36.00,-1.00,1.30,23.1,51,240,0.7143,0.0633,-150.00,39.00,4427.28,2.4595,UP,219.50,0.5695,2.1500
20260810 195534 630,4448.90,1,4448.70,4448.90,0.20,4448.70,7,4448.60,3,4448.50,4,4448.40,8,4448.30,8,4448.20,8,4448.10,18,4448.00,21,4447.90,18,4447.80,31,4448.90,2,4449.00,4,4449.10,5,4449.20,5,4449.30,6,4449.40,6,4449.50,16,4449.60,16,4449.70,15,4449.80,16,Buy,97,175,272,-78.00,9.00,-84.00,3.20,68.8,4451.10,4451.40,4448.20,4448.90,73,52,125,21.00,36.00,-1.00,1.30,23.1,51,240,0.7143,0.0769,-149.00,40.00,4427.28,2.4595,UP,219.50,0.5695,2.1500
20260810 195534 918,4448.90,1,4448.70,4449.00,0.30,4448.70,7,4448.60,3,4448.50,4,4448.40,8,4448.30,8,4448.20,8,4448.10,18,4448.00,21,4447.90,18,4447.80,31,4449.00,1,4449.10,5,4449.20,5,4449.30,6,4449.40,6,4449.50,16,4449.60,16,4449.70,15,4449.80,16,4449.90,14,Buy,98,175,273,-77.00,9.00,-84.00,3.20,68.8,4451.10,4451.40,4448.20,4448.90,73,52,125,21.00,36.00,-1.00,1.30,23.1,51,240,0.7143,0.0909,-148.00,41.00,4427.28,2.4595,UP,219.50,0.5695,2.1500
20260810 195534 918,4448.90,1,4448.70,4449.00,0.30,4448.70,7,4448.60,3,4448.50,4,4448.40,8,4448.30,8,4448.20,8,4448.10,18,4448.00,21,4447.90,18,4447.80,31,4449.00,1,4449.10,5,4449.20,5,4449.30,6,4449.40,6,4449.50,16,4449.60,16,4449.70,15,4449.80,16,4449.90,14,Buy,99,175,274,-76.00,9.00,-84.00,3.20,68.8,4451.10,4451.40,4448.20,4448.90,73,52,125,21.00,36.00,-1.00,1.30,23.1,51,240,0.7143,0.1053,-147.00,42.00,4427.28,2.4595,UP,219.50,0.5695,2.1500
20260810 195534 918,4449.00,1,4448.70,4449.00,0.30,4448.70,7,4448.60,3,4448.50,4,4448.40,8,4448.30,8,4448.20,8,4448.10,18,4448.00,21,4447.90,18,4447.80,31,4449.00,1,4449.10,5,4449.20,5,4449.30,6,4449.40,6,4449.50,16,4449.60,16,4449.70,15,4449.80,16,4449.90,14,Buy,100,175,275,-75.00,9.00,-84.00,3.20,65.6,4451.10,4451.40,4448.20,4449.00,73,52,125,21.00,36.00,-1.00,1.30,23.1,51,240,0.7143,0.1200,-146.00,43.00,4427.29,2.4627,UP,219.50,0.5695,2.1500
20260810 195534 918,4449.00,1,4448.70,4449.00,0.30,4448.70,7,4448.60,3,4448.50,4,4448.40,8,4448.30,8,4448.20,8,4448.10,18,4448.00,21,4447.90,18,4447.80,31,4449.00,1,4449.10,5,4449.20,5,4449.30,6,4449.40,6,4449.50,16,4449.60,16,4449.70,15,4449.80,16,4449.90,14,Buy,101,175,276,-74.00,9.00,-84.00,3.20,65.6,4451.10,4451.40,4448.20,4449.00,73,52,125,21.00,36.00,-1.00,1.30,23.1,51,240,0.7143,0.1351,-145.00,44.00,4427.29,2.4627,UP,219.50,0.5695,2.1500
20260810 195534 918,4449.00,1,4448.70,4449.00,0.30,4448.70,7,4448.60,3,4448.50,4,4448.40,8,4448.30,8,4448.20,8,4448.10,18,4448.00,21,4447.90,18,4447.80,31,4449.00,1,4449.10,5,4449.20,5,4449.30,6,4449.40,6,4449.50,16,4449.60,16,4449.70,15,4449.80,16,4449.90,14,Buy,102,175,277,-73.00,9.00,-84.00,3.20,65.6,4451.10,4451.40,4448.20,4449.00,73,52,125,21.00,36.00,-1.00,1.30,23.1,51,240,0.7143,0.1507,-144.00,45.00,4427.29,2.4627,UP,219.50,0.5695,2.1500
20260810 195535 007,4448.90,1,4448.80,4449.00,0.20,4448.80,5,4448.70,2,4448.60,3,4448.50,6,4448.40,8,4448.30,8,4448.20,18,4448.10,18,4448.00,21,4447.90,18,4449.00,2,4449.10,5,4449.20,5,4449.30,5,4449.40,6,4449.50,17,4449.60,17,4449.70,16,4449.80,16,4449.90,14,Buy,103,175,278,-72.00,9.00,-84.00,3.20,68.8,4451.10,4451.40,4448.20,4448.90,73,52,125,21.00,36.00,-1.00,1.30,23.1,51,240,0.7143,0.1667,-143.00,46.00,4427.28,2.4595,UP,219.50,0.5695,2.1500
20260810 195536 685,4448.80,1,4448.80,4448.90,0.10,4448.80,1,4448.70,2,4448.60,3,4448.50,5,4448.40,7,4448.30,8,4448.20,17,4448.10,18,4448.00,21,4447.90,18,4448.90,2,4449.00,3,4449.10,3,4449.20,5,4449.30,6,4449.40,6,4449.50,17,4449.60,17,4449.70,16,4449.80,16,Sell,103,176,279,-73.00,9.00,-84.00,3.20,71.9,4451.10,4451.40,4448.20,4448.80,73,52,125,21.00,36.00,-1.00,1.30,23.1,51,240,0.7143,0.1507,-144.00,45.00,4427.27,2.4564,UP,219.50,0.5695,2.1500
20260810 195536 697,4448.80,4,4448.80,4448.90,0.10,4448.80,1,4448.70,2,4448.60,3,4448.50,5,4448.40,7,4448.30,8,4448.20,17,4448.10,18,4448.00,21,4447.90,18,4448.90,2,4449.00,3,4449.10,3,4449.20,5,4449.30,6,4449.40,6,4449.50,17,4449.60,17,4449.70,16,4449.80,16,Sell,103,180,283,-77.00,9.00,-84.00,3.20,71.9,4451.10,4451.40,4448.20,4448.80,73,52,125,21.00,36.00,-1.00,1.30,23.1,51,240,0.7143,0.0909,-148.00,41.00,4427.27,2.4564,UP,219.50,0.5695,2.1500
20260810 195536 701,4448.80,1,4448.80,4448.90,0.10,4448.80,1,4448.70,2,4448.60,3,4448.50,5,4448.40,7,4448.30,8,4448.20,17,4448.10,18,4448.00,21,4447.90,18,4448.90,2,4449.00,3,4449.10,3,4449.20,5,4449.30,6,4449.40,6,4449.50,17,4449.60,17,4449.70,16,4449.80,16,Buy,104,180,284,-76.00,9.00,-84.00,3.20,71.9,4451.10,4451.40,4448.20,4448.80,73,52,125,21.00,36.00,-1.00,1.30,23.1,51,240,0.7143,0.1053,-147.00,42.00,4427.27,2.4564,UP,219.50,0.5695,2.1500
20260810 195537 057,4448.90,1,4448.80,4449.00,0.20,4448.80,2,4448.70,2,4448.60,3,4448.50,5,4448.40,7,4448.30,8,4448.20,17,4448.10,18,4448.00,22,4447.90,18,4449.00,3,4449.10,3,4449.20,5,4449.30,6,4449.40,6,4449.50,17,4449.60,17,4449.70,16,4449.80,16,4449.90,14,Buy,105,180,285,-75.00,9.00,-84.00,3.20,68.8,4451.10,4451.40,4448.20,4448.90,73,52,125,21.00,36.00,-1.00,1.30,23.1,51,240,0.7143,0.1200,-146.00,43.00,4427.28,2.4595,UP,219.50,0.5695,2.1500
20260810 195537 152,4448.80,1,4448.70,4448.90,0.20,4448.70,4,4448.60,5,4448.50,5,4448.40,7,4448.30,8,4448.20,17,4448.10,18,4448.00,21,4447.90,18,4447.80,32,4448.90,2,4449.00,3,4449.10,3,4449.20,5,4449.30,6,4449.40,6,4449.50,16,4449.60,17,4449.70,16,4449.80,16,Sell,105,181,286,-76.00,9.00,-84.00,3.20,71.9,4451.10,4451.40,4448.20,4448.80,73,52,125,21.00,36.00,-1.00,1.30,23.1,51,240,0.7143,0.1053,-147.00,42.00,4427.27,2.4564,UP,219.50,0.5695,2.1500
20260810 195537 152,4448.70,1,4448.70,4448.90,0.20,4448.70,4,4448.60,5,4448.50,5,4448.40,7,4448.30,8,4448.20,17,4448.10,18,4448.00,21,4447.90,18,4447.80,32,4448.90,2,4449.00,3,4449.10,3,4449.20,5,4449.30,6,4449.40,6,4449.50,16,4449.60,17,4449.70,16,4449.80,16,Sell,105,182,287,-77.00,9.00,-84.00,3.20,75.0,4451.10,4451.40,4448.20,4448.70,73,52,125,21.00,36.00,-1.00,1.30,23.1,51,240,0.7143,0.0909,-148.00,41.00,4427.26,2.4532,UP,219.50,0.5695,2.1500
20260810 195537 152,4448.70,1,4448.70,4448.90,0.20,4448.70,4,4448.60,5,4448.50,5,4448.40,7,4448.30,8,4448.20,17,4448.10,18,4448.00,21,4447.90,18,4447.80,32,4448.90,2,4449.00,3,4449.10,3,4449.20,5,4449.30,6,4449.40,6,4449.50,16,4449.60,17,4449.70,16,4449.80,16,Sell,105,183,288,-78.00,9.00,-84.00,3.20,75.0,4451.10,4451.40,4448.20,4448.70,73,52,125,21.00,36.00,-1.00,1.30,23.1,51,240,0.7143,0.0769,-149.00,40.00,4427.26,2.4532,UP,219.50,0.5695,2.1500
20260810 195537 152,4448.60,1,4448.70,4448.90,0.20,4448.70,4,4448.60,5,4448.50,5,4448.40,7,4448.30,8,4448.20,17,4448.10,18,4448.00,21,4447.90,18,4447.80,32,4448.90,2,4449.00,3,4449.10,3,4449.20,5,4449.30,6,4449.40,6,4449.50,16,4449.60,17,4449.70,16,4449.80,16,Sell,105,184,289,-79.00,9.00,-84.00,3.20,78.1,4451.10,4451.40,4448.20,4448.60,73,52,125,21.00,36.00,-1.00,1.30,23.1,51,240,0.7143,0.0633,-150.00,39.00,4427.25,2.4500,UP,219.50,0.5695,2.1500
20260810 195537 153,4448.60,1,4448.70,4448.90,0.20,4448.70,4,4448.60,5,4448.50,5,4448.40,7,4448.30,8,4448.20,17,4448.10,18,4448.00,21,4447.90,18,4447.80,32,4448.90,2,4449.00,3,4449.10,3,4449.20,5,4449.30,6,4449.40,6,4449.50,16,4449.60,17,4449.70,16,4449.80,16,Sell,105,185,290,-80.00,9.00,-84.00,3.20,78.1,4451.10,4451.40,4448.20,4448.60,73,52,125,21.00,36.00,-1.00,1.30,23.1,51,240,0.7143,0.0500,-151.00,38.00,4427.25,2.4500,UP,219.50,0.5695,2.1500
20260810 195538 335,4448.90,1,4448.80,4449.00,0.20,4448.80,2,4448.70,4,4448.60,5,4448.50,5,4448.40,7,4448.30,8,4448.20,18,4448.10,18,4448.00,20,4447.90,19,4449.00,3,4449.10,5,4449.20,5,4449.30,6,4449.40,6,4449.50,16,4449.60,16,4449.70,16,4449.80,16,4449.90,15,Buy,106,185,291,-79.00,9.00,-84.00,3.20,68.8,4451.10,4451.40,4448.20,4448.90,73,52,125,21.00,36.00,-1.00,1.30,23.1,51,240,0.7143,0.0633,-150.00,39.00,4427.28,2.4595,UP,219.50,0.5695,2.1500
20260810 195538 335,4448.90,1,4448.80,4449.00,0.20,4448.80,2,4448.70,4,4448.60,5,4448.50,5,4448.40,7,4448.30,8,4448.20,18,4448.10,18,4448.00,20,4447.90,19,4449.00,3,4449.10,5,4449.20,5,4449.30,6,4449.40,6,4449.50,16,4449.60,16,4449.70,16,4449.80,16,4449.90,15,Buy,107,185,292,-78.00,9.00,-84.00,3.20,68.8,4451.10,4451.40,4448.20,4448.90,73,52,125,21.00,36.00,-1.00,1.30,23.1,51,240,0.7143,0.0769,-149.00,40.00,4427.28,2.4595,UP,219.50,0.5695,2.1500
20260810 195538 335,4449.00,1,4448.80,4449.00,0.20,4448.80,2,4448.70,4,4448.60,5,4448.50,5,4448.40,7,4448.30,8,4448.20,18,4448.10,18,4448.00,20,4447.90,19,4449.00,3,4449.10,5,4449.20,5,4449.30,6,4449.40,6,4449.50,16,4449.60,16,4449.70,16,4449.80,16,4449.90,15,Buy,108,185,293,-77.00,9.00,-84.00,3.20,65.6,4451.10,4451.40,4448.20,4449.00,73,52,125,21.00,36.00,-1.00,1.30,23.1,51,240,0.7143,0.0909,-148.00,41.00,4427.29,2.4627,UP,219.50,0.5695,2.1500
20260810 195538 335,4449.00,1,4448.80,4449.00,0.20,4448.80,2,4448.70,4,4448.60,5,4448.50,5,4448.40,7,4448.30,8,4448.20,18,4448.10,18,4448.00,20,4447.90,19,4449.00,3,4449.10,5,4449.20,5,4449.30,6,4449.40,6,4449.50,16,4449.60,16,4449.70,16,4449.80,16,4449.90,15,Buy,109,185,294,-76.00,9.00,-84.00,3.20,65.6,4451.10,4451.40,4448.20,4449.00,73,52,125,21.00,36.00,-1.00,1.30,23.1,51,240,0.7143,0.1053,-147.00,42.00,4427.29,2.4627,UP,219.50,0.5695,2.1500
20260810 195538 335,4449.00,1,4448.80,4449.00,0.20,4448.80,2,4448.70,4,4448.60,5,4448.50,5,4448.40,7,4448.30,8,4448.20,18,4448.10,18,4448.00,20,4447.90,19,4449.00,3,4449.10,5,4449.20,5,4449.30,6,4449.40,6,4449.50,16,4449.60,16,4449.70,16,4449.80,16,4449.90,15,Buy,110,185,295,-75.00,9.00,-84.00,3.20,65.6,4451.10,4451.40,4448.20,4449.00,73,52,125,21.00,36.00,-1.00,1.30,23.1,51,240,0.7143,0.1200,-146.00,43.00,4427.29,2.4627,UP,219.50,0.5695,2.1500
20260810 195539 143,4448.80,1,4448.70,4448.90,0.20,4448.70,4,4448.60,5,4448.50,5,4448.40,7,4448.30,7,4448.20,17,4448.10,18,4448.00,20,4447.90,19,4447.80,31,4448.90,2,4449.00,3,4449.10,3,4449.20,5,4449.30,6,4449.40,6,4449.50,16,4449.60,16,4449.70,16,4449.80,16,Sell,110,186,296,-76.00,9.00,-84.00,3.20,71.9,4451.10,4451.40,4448.20,4448.80,73,52,125,21.00,36.00,-1.00,1.30,23.1,51,240,0.7143,0.1053,-147.00,42.00,4427.27,2.4564,UP,219.50,0.5695,2.1500
20260810 195539 143,4448.70,1,4448.70,4448.90,0.20,4448.70,4,4448.60,5,4448.50,5,4448.40,7,4448.30,7,4448.20,17,4448.10,18,4448.00,20,4447.90,19,4447.80,31,4448.90,2,4449.00,3,4449.10,3,4449.20,5,4449.30,6,4449.40,6,4449.50,16,4449.60,16,4449.70,16,4449.80,16,Sell,110,187,297,-77.00,9.00,-84.00,3.20,75.0,4451.10,4451.40,4448.20,4448.70,73,52,125,21.00,36.00,-1.00,1.30,23.1,51,240,0.7143,0.0909,-148.00,41.00,4427.26,2.4532,UP,219.50,0.5695,2.1500
20260810 195541 239,4448.60,1,4448.50,4448.70,0.20,4448.50,2,4448.40,5,4448.30,6,4448.20,7,4448.10,9,4448.00,12,4447.90,18,4447.80,31,4447.70,15,4447.60,17,4448.70,2,4448.80,4,4448.90,4,4449.00,6,4449.10,4,4449.20,6,4449.30,16,4449.40,16,4449.50,16,4449.60,16,Buy,111,187,298,-76.00,9.00,-84.00,3.20,78.1,4451.10,4451.40,4448.20,4448.60,73,52,125,21.00,36.00,-1.00,1.30,23.1,51,240,0.7143,0.1053,-147.00,42.00,4427.25,2.4500,UP,219.50,0.5695,2.1500
20260810 195541 504,4448.70,1,4448.60,4448.80,0.20,4448.60,1,4448.50,4,4448.40,5,4448.30,6,4448.20,7,4448.10,9,4448.00,11,4447.90,18,4447.80,31,4447.70,15,4448.80,2,4448.90,4,4449.00,5,4449.10,4,4449.20,6,4449.30,16,4449.40,16,4449.50,16,4449.60,16,4449.70,16,Buy,112,187,299,-75.00,9.00,-84.00,3.20,75.0,4451.10,4451.40,4448.20,4448.70,73,52,125,21.00,36.00,-1.00,1.30,23.1,51,240,0.7143,0.1200,-146.00,43.00,4427.26,2.4532,UP,219.50,0.5695,2.1500
20260810 195542 330,4448.40,1,4448.40,4448.60,0.20,4448.40,2,4448.30,6,4448.20,6,4448.10,9,4448.00,15,4447.90,18,4447.80,31,4447.70,15,4447.60,17,4447.50,17,4448.60,2,4448.70,3,4448.80,2,4448.90,4,4449.00,6,4449.10,4,4449.20,6,4449.30,14,4449.40,14,4449.50,14,Sell,112,188,300,-76.00,9.00,-84.00,3.20,84.4,4451.10,4451.40,4448.20,4448.40,73,52,125,21.00,36.00,-1.00,1.30,23.1,51,240,0.7143,0.1053,-147.00,42.00,4427.23,2.4437,UP,219.50,0.5695,2.1500
20260810 195542 363,4448.40,1,4448.10,4448.30,0.20,4448.10,4,4448.00,10,4447.90,8,4447.80,24,4447.70,10,4447.60,17,4447.50,17,4447.40,16,4447.30,14,4447.20,15,4448.30,1,4448.40,3,4448.50,3,4448.60,7,4448.70,6,4448.80,6,4448.90,14,4449.00,15,4449.10,12,4449.20,14,Sell,112,189,301,-77.00,9.00,-84.00,3.20,84.4,4451.10,4451.40,4448.20,4448.40,73,52,125,21.00,36.00,-1.00,1.30,23.1,51,240,0.7143,0.0909,-148.00,41.00,4427.23,2.4437,UP,219.50,0.5695,2.1500
20260810 195543 099,4448.20,1,4448.10,4448.30,0.20,4448.10,4,4448.00,8,4447.90,6,4447.80,22,4447.70,9,4447.60,15,4447.50,16,4447.40,16,4447.30,15,4447.20,15,4448.30,2,4448.40,4,4448.50,3,4448.60,7,4448.70,5,4448.80,6,4448.90,14,4449.00,15,4449.10,12,4449.20,14,Sell,112,190,302,-78.00,9.00,-84.00,3.20,90.6,4451.10,4451.40,4448.20,4448.20,73,52,125,21.00,36.00,-1.00,1.30,23.1,51,240,0.7143,0.0769,-149.00,40.00,4427.21,2.4373,UP,219.50,0.5695,2.1500
20260810 195543 099,4448.20,1,4448.10,4448.30,0.20,4448.10,4,4448.00,8,4447.90,6,4447.80,22,4447.70,9,4447.60,15,4447.50,16,4447.40,16,4447.30,15,4447.20,15,4448.30,2,4448.40,4,4448.50,3,4448.60,7,4448.70,5,4448.80,6,4448.90,14,4449.00,15,4449.10,12,4449.20,14,Sell,112,191,303,-79.00,9.00,-84.00,3.20,90.6,4451.10,4451.40,4448.20,4448.20,73,52,125,21.00,36.00,-1.00,1.30,23.1,51,240,0.7143,0.0633,-150.00,39.00,4427.21,2.4373,UP,219.50,0.5695,2.1500
20260810 195543 100,4448.10,1,4448.10,4448.30,0.20,4448.10,4,4448.00,8,4447.90,6,4447.80,22,4447.70,9,4447.60,15,4447.50,16,4447.40,16,4447.30,15,4447.20,15,4448.30,2,4448.40,4,4448.50,3,4448.60,7,4448.70,5,4448.80,6,4448.90,14,4449.00,15,4449.10,12,4449.20,14,Sell,112,192,304,-80.00,9.00,-84.00,3.30,90.9,4451.10,4451.40,4448.10,4448.10,73,52,125,21.00,36.00,-1.00,1.30,23.1,51,240,0.7143,0.0500,-151.00,38.00,4427.20,2.4341,UP,219.50,0.5695,2.1571
20260810 195543 100,4448.10,1,4448.10,4448.30,0.20,4448.10,4,4448.00,8,4447.90,6,4447.80,22,4447.70,9,4447.60,15,4447.50,16,4447.40,16,4447.30,15,4447.20,15,4448.30,2,4448.40,4,4448.50,3,4448.60,7,4448.70,5,4448.80,6,4448.90,14,4449.00,15,4449.10,12,4449.20,14,Sell,112,193,305,-81.00,9.00,-84.00,3.30,90.9,4451.10,4451.40,4448.10,4448.10,73,52,125,21.00,36.00,-1.00,1.30,23.1,51,240,0.7143,0.0370,-152.00,37.00,4427.20,2.4341,UP,219.50,0.5695,2.1571
20260810 195543 100,4448.10,1,4448.10,4448.30,0.20,4448.10,4,4448.00,8,4447.90,6,4447.80,22,4447.70,9,4447.60,15,4447.50,16,4447.40,16,4447.30,15,4447.20,15,4448.30,2,4448.40,4,4448.50,3,4448.60,7,4448.70,5,4448.80,6,4448.90,14,4449.00,15,4449.10,12,4449.20,14,Sell,112,194,306,-82.00,9.00,-84.00,3.30,90.9,4451.10,4451.40,4448.10,4448.10,73,52,125,21.00,36.00,-1.00,1.30,23.1,51,240,0.7143,0.0244,-153.00,36.00,4427.20,2.4341,UP,219.50,0.5695,2.1571
20260810 195543 100,4448.10,1,4448.10,4448.30,0.20,4448.10,4,4448.00,8,4447.90,6,4447.80,22,4447.70,9,4447.60,15,4447.50,16,4447.40,16,4447.30,15,4447.20,15,4448.30,2,4448.40,4,4448.50,3,4448.60,7,4448.70,5,4448.80,6,4448.90,14,4449.00,15,4449.10,12,4449.20,14,Sell,112,195,307,-83.00,9.00,-84.00,3.30,90.9,4451.10,4451.40,4448.10,4448.10,73,52,125,21.00,36.00,-1.00,1.30,23.1,51,240,0.7143,0.0120,-154.00,35.00,4427.20,2.4341,UP,219.50,0.5695,2.1571
20260810 195543 100,4448.00,1,4448.10,4448.30,0.20,4448.10,4,4448.00,8,4447.90,6,4447.80,22,4447.70,9,4447.60,15,4447.50,16,4447.40,16,4447.30,15,4447.20,15,4448.30,2,4448.40,4,4448.50,3,4448.60,7,4448.70,5,4448.80,6,4448.90,14,4449.00,15,4449.10,12,4449.20,14,Sell,112,196,308,-84.00,9.00,-84.00,3.40,91.2,4451.10,4451.40,4448.00,4448.00,73,52,125,21.00,36.00,-1.00,1.30,23.1,51,240,0.7143,0.0000,-155.00,34.00,4427.19,2.4310,UP,219.50,0.5695,2.1643
20260810 195543 100,4448.00,1,4448.10,4448.30,0.20,4448.10,4,4448.00,8,4447.90,6,4447.80,22,4447.70,9,4447.60,15,4447.50,16,4447.40,16,4447.30,15,4447.20,15,4448.30,2,4448.40,4,4448.50,3,4448.60,7,4448.70,5,4448.80,6,4448.90,14,4449.00,15,4449.10,12,4449.20,14,Sell,112,197,309,-85.00,9.00,-85.00,3.40,91.2,4451.10,4451.40,4448.00,4448.00,73,52,125,21.00,36.00,-1.00,1.30,23.1,51,240,0.7143,0.0000,-156.00,33.00,4427.19,2.4310,UP,219.50,0.5695,2.1643
20260810 195543 446,4448.00,1,4448.00,4448.20,0.20,4448.00,4,4447.90,4,4447.80,22,4447.70,10,4447.60,10,4447.50,10,4447.40,16,4447.30,15,4447.20,16,4447.10,15,4448.20,3,4448.30,5,4448.40,8,4448.50,5,4448.60,7,4448.70,6,4448.80,14,4448.90,14,4449.00,15,4449.10,13,Sell,112,198,310,-86.00,9.00,-86.00,3.40,91.2,4451.10,4451.40,4448.00,4448.00,73,52,125,21.00,36.00,-1.00,1.30,23.1,51,240,0.7143,0.0000,-157.00,32.00,4427.19,2.4310,UP,219.50,0.5695,2.1643
20260810 195543 606,4448.20,2,4448.10,4448.40,0.30,4448.10,3,4448.00,7,4447.90,6,4447.80,23,4447.70,10,4447.60,10,4447.50,19,4447.40,16,4447.30,15,4447.20,16,4448.40,4,4448.50,5,4448.60,7,4448.70,5,4448.80,14,4448.90,14,4449.00,15,4449.10,13,4449.20,14,4449.30,14,Buy,114,198,312,-84.00,9.00,-86.00,3.40,85.3,4451.10,4451.40,4448.00,4448.20,73,52,125,21.00,36.00,-1.00,1.30,23.1,51,240,0.7143,0.0238,-155.00,34.00,4427.21,2.4373,UP,219.50,0.5695,2.1643
20260810 195543 613,4448.20,1,4448.10,4448.40,0.30,4448.10,3,4448.00,7,4447.90,6,4447.80,23,4447.70,10,4447.60,10,4447.50,19,4447.40,16,4447.30,15,4447.20,16,4448.40,4,4448.50,5,4448.60,7,4448.70,5,4448.80,14,4448.90,14,4449.00,15,4449.10,13,4449.20,14,4449.30,14,Buy,115,198,313,-83.00,9.00,-86.00,3.40,85.3,4451.10,4451.40,4448.00,4448.20,73,52,125,21.00,36.00,-1.00,1.30,23.1,51,240,0.7143,0.0361,-154.00,35.00,4427.21,2.4373,UP,219.50,0.5695,2.1643
20260810 195543 613,4448.30,2,4448.10,4448.40,0.30,4448.10,3,4448.00,7,4447.90,6,4447.80,23,4447.70,10,4447.60,10,4447.50,19,4447.40,16,4447.30,15,4447.20,16,4448.40,4,4448.50,5,4448.60,7,4448.70,5,4448.80,14,4448.90,14,4449.00,15,4449.10,13,4449.20,14,4449.30,14,Buy,117,198,315,-81.00,9.00,-86.00,3.40,82.4,4451.10,4451.40,4448.00,4448.30,73,52,125,21.00,36.00,-1.00,1.30,23.1,51,240,0.7143,0.0617,-152.00,37.00,4427.22,2.4405,UP,219.50,0.5695,2.1643
20260810 195543 613,4448.30,1,4448.10,4448.40,0.30,4448.10,2,4448.00,7,4447.90,6,4447.80,23,4447.70,10,4447.60,10,4447.50,19,4447.40,16,4447.30,15,4447.20,16,4448.40,4,4448.50,5,4448.60,7,4448.70,5,4448.80,14,4448.90,14,4449.00,15,4449.10,13,4449.20,14,4449.30,14,Buy,118,198,316,-80.00,9.00,-86.00,3.40,82.4,4451.10,4451.40,4448.00,4448.30,73,52,125,21.00,36.00,-1.00,1.30,23.1,51,240,0.7143,0.0750,-151.00,38.00,4427.22,2.4405,UP,219.50,0.5695,2.1643
20260810 195543 641,4448.10,1,4448.10,4448.40,0.30,4448.10,2,4448.00,7,4447.90,6,4447.80,23,4447.70,10,4447.60,10,4447.50,19,4447.40,16,4447.30,15,4447.20,16,4448.40,4,4448.50,5,4448.60,7,4448.70,5,4448.80,14,4448.90,14,4449.00,15,4449.10,13,4449.20,14,4449.30,14,Sell,118,199,317,-81.00,9.00,-86.00,3.40,88.2,4451.10,4451.40,4448.00,4448.10,73,52,125,21.00,36.00,-1.00,1.30,23.1,51,240,0.7143,0.0617,-152.00,37.00,4427.20,2.4341,UP,219.50,0.5695,2.1643
20260810 195543 872,4448.10,1,4448.20,4448.40,0.20,4448.20,3,4448.10,4,4448.00,7,4447.90,6,4447.80,23,4447.70,10,4447.60,10,4447.50,19,4447.40,16,4447.30,15,4448.40,4,4448.50,5,4448.60,7,4448.70,5,4448.80,14,4448.90,15,4449.00,15,4449.10,13,4449.20,14,4449.30,14,Sell,118,200,318,-82.00,9.00,-86.00,3.40,88.2,4451.10,4451.40,4448.00,4448.10,73,52,125,21.00,36.00,-1.00,1.30,23.1,51,240,0.7143,0.0488,-153.00,36.00,4427.20,2.4341,UP,219.50,0.5695,2.1643
20260810 195544 188,4448.20,1,4448.20,4448.30,0.10,4448.20,1,4448.10,3,4448.00,6,4447.90,7,4447.80,23,4447.70,10,4447.60,10,4447.50,19,4447.40,16,4447.30,15,4448.30,1,4448.40,4,4448.50,5,4448.60,7,4448.70,5,4448.80,14,4448.90,15,4449.00,15,4449.10,13,4449.20,14,Sell,118,201,319,-83.00,9.00,-86.00,3.40,85.3,4451.10,4451.40,4448.00,4448.20,73,52,125,21.00,36.00,-1.00,1.30,23.1,51,240,0.7143,0.0361,-154.00,35.00,4427.21,2.4373,UP,219.50,0.5695,2.1643
20260810 195544 447,4448.20,1,4448.10,4448.40,0.30,4448.10,12,4448.00,6,4447.90,6,4447.80,23,4447.70,10,4447.60,10,4447.50,19,4447.40,17,4447.30,15,4447.20,16,4448.40,4,4448.50,5,4448.60,7,4448.70,5,4448.80,14,4448.90,15,4449.00,15,4449.10,13,4449.20,14,4449.30,15,Sell,118,202,320,-84.00,9.00,-86.00,3.40,85.3,4451.10,4451.40,4448.00,4448.20,73,52,125,21.00,36.00,-1.00,1.30,23.1,51,240,0.7143,0.0238,-155.00,34.00,4427.21,2.4373,UP,219.50,0.5695,2.1643
20260810 195544 447,4448.20,1,4448.10,4448.40,0.30,4448.10,12,4448.00,6,4447.90,6,4447.80,23,4447.70,10,4447.60,10,4447.50,19,4447.40,17,4447.30,15,4447.20,16,4448.40,4,4448.50,5,4448.60,7,4448.70,5,4448.80,14,4448.90,15,4449.00,15,4449.10,13,4449.20,14,4449.30,15,Sell,118,203,321,-85.00,9.00,-86.00,3.40,85.3,4451.10,4451.40,4448.00,4448.20,73,52,125,21.00,36.00,-1.00,1.30,23.1,51,240,0.7143,0.0118,-156.00,33.00,4427.21,2.4373,UP,219.50,0.5695,2.1643
20260810 195544 447,4448.20,1,4448.10,4448.40,0.30,4448.10,12,4448.00,6,4447.90,6,4447.80,23,4447.70,10,4447.60,10,4447.50,19,4447.40,17,4447.30,15,4447.20,16,4448.40,4,4448.50,5,4448.60,7,4448.70,5,4448.80,14,4448.90,15,4449.00,15,4449.10,13,4449.20,14,4449.30,15,Sell,118,204,322,-86.00,9.00,-86.00,3.40,85.3,4451.10,4451.40,4448.00,4448.20,73,52,125,21.00,36.00,-1.00,1.30,23.1,51,240,0.7143,0.0000,-157.00,32.00,4427.21,2.4373,UP,219.50,0.5695,2.1643
20260810 195544 447,4448.20,1,4448.10,4448.40,0.30,4448.10,12,4448.00,6,4447.90,6,4447.80,23,4447.70,10,4447.60,10,4447.50,19,4447.40,17,4447.30,15,4447.20,16,4448.40,4,4448.50,5,4448.60,7,4448.70,5,4448.80,14,4448.90,15,4449.00,15,4449.10,13,4449.20,14,4449.30,15,Sell,118,205,323,-87.00,9.00,-87.00,3.40,85.3,4451.10,4451.40,4448.00,4448.20,73,52,125,21.00,36.00,-1.00,1.30,23.1,51,240,0.7143,0.0000,-158.00,31.00,4427.21,2.4373,UP,219.50,0.5695,2.1643
20260810 195544 447,4448.10,1,4448.10,4448.40,0.30,4448.10,12,4448.00,6,4447.90,6,4447.80,23,4447.70,10,4447.60,10,4447.50,19,4447.40,17,4447.30,15,4447.20,16,4448.40,4,4448.50,5,4448.60,7,4448.70,5,4448.80,14,4448.90,15,4449.00,15,4449.10,13,4449.20,14,4449.30,15,Sell,118,206,324,-88.00,9.00,-88.00,3.40,88.2,4451.10,4451.40,4448.00,4448.10,73,52,125,21.00,36.00,-1.00,1.30,23.1,51,240,0.7143,0.0000,-159.00,30.00,4427.20,2.4341,UP,219.50,0.5695,2.1643
20260810 195544 447,4448.10,1,4448.10,4448.40,0.30,4448.10,12,4448.00,6,4447.90,6,4447.80,23,4447.70,10,4447.60,10,4447.50,19,4447.40,17,4447.30,15,4447.20,16,4448.40,4,4448.50,5,4448.60,7,4448.70,5,4448.80,14,4448.90,15,4449.00,15,4449.10,13,4449.20,14,4449.30,15,Sell,118,207,325,-89.00,9.00,-89.00,3.40,88.2,4451.10,4451.40,4448.00,4448.10,73,52,125,21.00,36.00,-1.00,1.30,23.1,51,240,0.7143,0.0000,-160.00,29.00,4427.20,2.4341,UP,219.50,0.5695,2.1643
20260810 195544 447,4448.10,1,4448.10,4448.40,0.30,4448.10,12,4448.00,6,4447.90,6,4447.80,23,4447.70,10,4447.60,10,4447.50,19,4447.40,17,4447.30,15,4447.20,16,4448.40,4,4448.50,5,4448.60,7,4448.70,5,4448.80,14,4448.90,15,4449.00,15,4449.10,13,4449.20,14,4449.30,15,Sell,118,208,326,-90.00,9.00,-90.00,3.40,88.2,4451.10,4451.40,4448.00,4448.10,73,52,125,21.00,36.00,-1.00,1.30,23.1,51,240,0.7143,0.0000,-161.00,28.00,4427.20,2.4341,UP,219.50,0.5695,2.1643
20260810 195544 964,4448.40,1,4448.20,4448.40,0.20,4448.20,2,4448.10,13,4448.00,6,4447.90,6,4447.80,23,4447.70,10,4447.60,10,4447.50,19,4447.40,17,4447.30,15,4448.40,3,4448.50,5,4448.60,7,4448.70,5,4448.80,14,4448.90,15,4449.00,15,4449.10,13,4449.20,14,4449.30,15,Buy,119,208,327,-89.00,9.00,-90.00,3.40,79.4,4451.10,4451.40,4448.00,4448.40,73,52,125,21.00,36.00,-1.00,1.30,23.1,51,240,0.7143,0.0112,-160.00,29.00,4427.23,2.4437,UP,219.50,0.5695,2.1643
20260810 195545 032,4448.40,1,4448.20,4448.40,0.20,4448.20,2,4448.10,13,4448.00,6,4447.90,6,4447.80,23,4447.70,10,4447.60,10,4447.50,19,4447.40,17,4447.30,15,4448.40,1,4448.50,5,4448.60,7,4448.70,5,4448.80,14,4448.90,15,4449.00,15,4449.10,13,4449.20,14,4449.30,15,Buy,120,208,328,-88.00,9.00,-90.00,3.40,79.4,4451.10,4451.40,4448.00,4448.40,73,52,125,21.00,36.00,-1.00,1.30,23.1,51,240,0.7143,0.0227,-159.00,30.00,4427.23,2.4437,UP,219.50,0.5695,2.1643
20260810 195545 032,4448.40,1,4448.20,4448.40,0.20,4448.20,2,4448.10,13,4448.00,6,4447.90,6,4447.80,23,4447.70,10,4447.60,10,4447.50,19,4447.40,17,4447.30,15,4448.40,1,4448.50,5,4448.60,7,4448.70,5,4448.80,14,4448.90,15,4449.00,15,4449.10,13,4449.20,14,4449.30,15,Buy,121,208,329,-87.00,9.00,-90.00,3.40,79.4,4451.10,4451.40,4448.00,4448.40,73,52,125,21.00,36.00,-1.00,1.30,23.1,51,240,0.7143,0.0345,-158.00,31.00,4427.23,2.4437,UP,219.50,0.5695,2.1643
20260810 195546 404,4448.40,4,4448.40,4448.50,0.10,4448.20,2,4448.10,3,4448.00,8,4447.90,6,4447.80,23,4447.70,10,4447.60,10,4447.50,19,4447.40,16,4447.30,15,4448.50,3,4448.60,6,4448.70,5,4448.80,6,4448.90,15,4449.00,17,4449.10,13,4449.20,14,4449.30,15,4449.40,14,Sell,121,212,333,-91.00,9.00,-91.00,3.40,79.4,4451.10,4451.40,4448.00,4448.40,73,52,125,21.00,36.00,-1.00,1.30,23.1,51,240,0.7143,0.0000,-162.00,27.00,4427.23,2.4437,UP,219.50,0.5695,2.1643
20260810 195546 404,4448.40,6,4448.40,4448.50,0.10,4448.20,2,4448.10,3,4448.00,8,4447.90,6,4447.80,23,4447.70,10,4447.60,10,4447.50,19,4447.40,16,4447.30,15,4448.50,3,4448.60,6,4448.70,5,4448.80,6,4448.90,15,4449.00,17,4449.10,13,4449.20,14,4449.30,15,4449.40,14,Sell,121,218,339,-97.00,9.00,-97.00,3.40,79.4,4451.10,4451.40,4448.00,4448.40,73,52,125,21.00,36.00,-1.00,1.30,23.1,51,240,0.7143,0.0000,-168.00,21.00,4427.23,2.4437,UP,219.50,0.5695,2.1643
20260810 195547 798,4448.40,1,4448.40,4448.60,0.20,4448.40,2,4448.30,4,4448.20,5,4448.10,5,4448.00,10,4447.90,6,4447.80,23,4447.70,19,4447.60,19,4447.50,19,4448.60,2,4448.70,3,4448.80,4,4448.90,7,4449.00,17,4449.10,14,4449.20,15,4449.30,14,4449.40,15,4449.50,15,Sell,121,219,340,-98.00,9.00,-98.00,3.40,79.4,4451.10,4451.40,4448.00,4448.40,73,52,125,21.00,36.00,-1.00,1.30,23.1,51,240,0.7143,0.0000,-169.00,20.00,4427.23,2.4437,UP,219.50,0.5695,2.1643
20260810 195549 195,4448.70,1,4448.60,4448.80,0.20,4448.60,2,4448.50,3,4448.40,3,4448.30,4,4448.20,8,4448.10,5,4448.00,11,4447.90,16,4447.80,32,4447.70,19,4448.80,2,4448.90,4,4449.00,7,4449.10,6,4449.20,17,4449.30,14,4449.40,15,4449.50,15,4449.60,16,4449.70,14,Buy,122,219,341,-97.00,9.00,-98.00,3.40,70.6,4451.10,4451.40,4448.00,4448.70,73,52,125,21.00,36.00,-1.00,1.30,23.1,51,240,0.7143,0.0103,-168.00,21.00,4427.26,2.4532,UP,219.50,0.5695,2.1643
20260810 195549 195,4448.80,1,4448.60,4448.80,0.20,4448.60,2,4448.50,3,4448.40,3,4448.30,4,4448.20,8,4448.10,5,4448.00,11,4447.90,16,4447.80,32,4447.70,19,4448.80,2,4448.90,4,4449.00,7,4449.10,6,4449.20,17,4449.30,14,4449.40,15,4449.50,15,4449.60,16,4449.70,14,Buy,123,219,342,-96.00,9.00,-98.00,3.40,67.6,4451.10,4451.40,4448.00,4448.80,73,52,125,21.00,36.00,-1.00,1.30,23.1,51,240,0.7143,0.0208,-167.00,22.00,4427.27,2.4564,UP,219.50,0.5695,2.1643
20260810 195549 195,4448.80,1,4448.60,4448.80,0.20,4448.60,2,4448.50,3,4448.40,3,4448.30,4,4448.20,8,4448.10,5,4448.00,11,4447.90,16,4447.80,32,4447.70,19,4448.80,2,4448.90,4,4449.00,7,4449.10,6,4449.20,17,4449.30,14,4449.40,15,4449.50,15,4449.60,16,4449.70,14,Buy,124,219,343,-95.00,9.00,-98.00,3.40,67.6,4451.10,4451.40,4448.00,4448.80,73,52,125,21.00,36.00,-1.00,1.30,23.1,51,240,0.7143,0.0316,-166.00,23.00,4427.27,2.4564,UP,219.50,0.5695,2.1643
20260810 195549 299,4448.50,1,4448.50,4448.80,0.30,4448.50,3,4448.40,3,4448.30,4,4448.20,8,4448.10,5,4448.00,11,4447.90,16,4447.80,32,4447.70,19,4447.60,19,4448.80,4,4448.90,4,4449.00,7,4449.10,6,4449.20,16,4449.30,14,4449.40,15,4449.50,15,4449.60,16,4449.70,14,Sell,124,220,344,-96.00,9.00,-98.00,3.40,76.5,4451.10,4451.40,4448.00,4448.50,73,52,125,21.00,36.00,-1.00,1.30,23.1,51,240,0.7143,0.0208,-167.00,22.00,4427.24,2.4468,UP,219.50,0.5695,2.1643
20260810 195549 647,4448.60,1,4448.50,4448.80,0.30,4448.50,4,4448.40,3,4448.30,5,4448.20,8,4448.10,5,4448.00,11,4447.90,16,4447.80,32,4447.70,19,4447.60,19,4448.80,3,4448.90,4,4449.00,7,4449.10,6,4449.20,16,4449.30,14,4449.40,15,4449.50,15,4449.60,16,4449.70,15,Sell,124,221,345,-97.00,9.00,-98.00,3.40,73.5,4451.10,4451.40,4448.00,4448.60,73,52,125,21.00,36.00,-1.00,1.30,23.1,51,240,0.7143,0.0103,-168.00,21.00,4427.25,2.4500,UP,219.50,0.5695,2.1643
20260810 195549 647,4448.60,1,4448.50,4448.80,0.30,4448.50,4,4448.40,3,4448.30,5,4448.20,8,4448.10,5,4448.00,11,4447.90,16,4447.80,32,4447.70,19,4447.60,19,4448.80,3,4448.90,4,4449.00,7,4449.10,6,4449.20,16,4449.30,14,4449.40,15,4449.50,15,4449.60,16,4449.70,15,Sell,124,222,346,-98.00,9.00,-98.00,3.40,73.5,4451.10,4451.40,4448.00,4448.60,73,52,125,21.00,36.00,-1.00,1.30,23.1,51,240,0.7143,0.0000,-169.00,20.00,4427.25,2.4500,UP,219.50,0.5695,2.1643
20260810 195549 726,4448.80,1,4448.60,4448.80,0.20,4448.60,2,4448.50,4,4448.40,3,4448.30,5,4448.20,7,4448.10,5,4448.00,11,4447.90,16,4447.80,32,4447.70,19,4448.80,2,4449.00,7,4449.10,3,4449.20,16,4449.30,14,4449.40,14,4449.50,14,4449.60,16,4449.70,15,4449.80,16,Buy,125,222,347,-97.00,9.00,-98.00,3.40,67.6,4451.10,4451.40,4448.00,4448.80,73,52,125,21.00,36.00,-1.00,1.30,23.1,51,240,0.7143,0.0103,-168.00,21.00,4427.27,2.4564,UP,219.50,0.5695,2.1643
20260810 195549 726,4448.80,1,4448.60,4448.80,0.20,4448.60,2,4448.50,4,4448.40,3,4448.30,5,4448.20,7,4448.10,5,4448.00,11,4447.90,16,4447.80,32,4447.70,19,4448.80,2,4449.00,7,4449.10,3,4449.20,16,4449.30,14,4449.40,14,4449.50,14,4449.60,16,4449.70,15,4449.80,16,Buy,126,222,348,-96.00,9.00,-98.00,3.40,67.6,4451.10,4451.40,4448.00,4448.80,73,52,125,21.00,36.00,-1.00,1.30,23.1,51,240,0.7143,0.0208,-167.00,22.00,4427.27,2.4564,UP,219.50,0.5695,2.1643
20260810 195549 726,4448.80,1,4448.60,4448.80,0.20,4448.60,2,4448.50,4,4448.40,3,4448.30,5,4448.20,7,4448.10,5,4448.00,11,4447.90,16,4447.80,32,4447.70,19,4448.80,2,4449.00,7,4449.10,3,4449.20,16,4449.30,14,4449.40,14,4449.50,14,4449.60,16,4449.70,15,4449.80,16,Buy,127,222,349,-95.00,9.00,-98.00,3.40,67.6,4451.10,4451.40,4448.00,4448.80,73,52,125,21.00,36.00,-1.00,1.30,23.1,51,240,0.7143,0.0316,-166.00,23.00,4427.27,2.4564,UP,219.50,0.5695,2.1643
20260810 195549 726,4448.90,1,4448.60,4448.80,0.20,4448.60,2,4448.50,4,4448.40,3,4448.30,5,4448.20,7,4448.10,5,4448.00,11,4447.90,16,4447.80,32,4447.70,19,4448.80,2,4449.00,7,4449.10,3,4449.20,16,4449.30,14,4449.40,14,4449.50,14,4449.60,16,4449.70,15,4449.80,16,Buy,128,222,350,-94.00,9.00,-98.00,3.40,64.7,4451.10,4451.40,4448.00,4448.90,73,52,125,21.00,36.00,-1.00,1.30,23.1,51,240,0.7143,0.0426,-165.00,24.00,4427.28,2.4595,UP,219.50,0.5695,2.1643
20260810 195549 726,4448.90,1,4448.60,4448.80,0.20,4448.60,2,4448.50,4,4448.40,3,4448.30,5,4448.20,7,4448.10,5,4448.00,11,4447.90,16,4447.80,32,4447.70,19,4448.80,2,4449.00,7,4449.10,3,4449.20,16,4449.30,14,4449.40,14,4449.50,14,4449.60,16,4449.70,15,4449.80,16,Buy,129,222,351,-93.00,9.00,-98.00,3.40,64.7,4451.10,4451.40,4448.00,4448.90,73,52,125,21.00,36.00,-1.00,1.30,23.1,51,240,0.7143,0.0538,-164.00,25.00,4427.28,2.4595,UP,219.50,0.5695,2.1643
20260810 195549 726,4448.90,1,4448.60,4448.80,0.20,4448.60,2,4448.50,4,4448.40,3,4448.30,5,4448.20,7,4448.10,5,4448.00,11,4447.90,16,4447.80,32,4447.70,19,4448.80,2,4449.00,7,4449.10,3,4449.20,16,4449.30,14,4449.40,14,4449.50,14,4449.60,16,4449.70,15,4449.80,16,Buy,130,222,352,-92.00,9.00,-98.00,3.40,64.7,4451.10,4451.40,4448.00,4448.90,73,52,125,21.00,36.00,-1.00,1.30,23.1,51,240,0.7143,0.0652,-163.00,26.00,4427.28,2.4595,UP,219.50,0.5695,2.1643
20260810 195549 726,4448.90,1,4448.60,4448.80,0.20,4448.60,2,4448.50,4,4448.40,3,4448.30,5,4448.20,7,4448.10,5,4448.00,11,4447.90,16,4447.80,32,4447.70,19,4448.80,2,4449.00,7,4449.10,3,4449.20,16,4449.30,14,4449.40,14,4449.50,14,4449.60,16,4449.70,15,4449.80,16,Buy,131,222,353,-91.00,9.00,-98.00,3.40,64.7,4451.10,4451.40,4448.00,4448.90,73,52,125,21.00,36.00,-1.00,1.30,23.1,51,240,0.7143,0.0769,-162.00,27.00,4427.28,2.4595,UP,219.50,0.5695,2.1643
20260810 195549 726,4449.00,1,4448.60,4448.80,0.20,4448.60,2,4448.50,4,4448.40,3,4448.30,5,4448.20,7,4448.10,5,4448.00,11,4447.90,16,4447.80,32,4447.70,19,4448.80,2,4449.00,7,4449.10,3,4449.20,16,4449.30,14,4449.40,14,4449.50,14,4449.60,16,4449.70,15,4449.80,16,Buy,132,222,354,-90.00,9.00,-98.00,3.40,61.8,4451.10,4451.40,4448.00,4449.00,73,52,125,21.00,36.00,-1.00,1.30,23.1,51,240,0.7143,0.0889,-161.00,28.00,4427.29,2.4627,UP,219.50,0.5695,2.1643
20260810 195549 726,4449.00,1,4448.60,4448.80,0.20,4448.60,2,4448.50,4,4448.40,3,4448.30,5,4448.20,7,4448.10,5,4448.00,11,4447.90,16,4447.80,32,4447.70,19,4448.80,2,4449.00,7,4449.10,3,4449.20,16,4449.30,14,4449.40,14,4449.50,14,4449.60,16,4449.70,15,4449.80,16,Buy,133,222,355,-89.00,9.00,-98.00,3.40,61.8,4451.10,4451.40,4448.00,4449.00,73,52,125,21.00,36.00,-1.00,1.30,23.1,51,240,0.7143,0.1011,-160.00,29.00,4427.29,2.4627,UP,219.50,0.5695,2.1643
20260810 195549 726,4449.00,1,4448.60,4448.80,0.20,4448.60,2,4448.50,4,4448.40,3,4448.30,5,4448.20,7,4448.10,5,4448.00,11,4447.90,16,4447.80,32,4447.70,19,4448.80,2,4449.00,7,4449.10,3,4449.20,16,4449.30,14,4449.40,14,4449.50,14,4449.60,16,4449.70,15,4449.80,16,Buy,134,222,356,-88.00,9.00,-98.00,3.40,61.8,4451.10,4451.40,4448.00,4449.00,73,52,125,21.00,36.00,-1.00,1.30,23.1,51,240,0.7143,0.1136,-159.00,30.00,4427.29,2.4627,UP,219.50,0.5695,2.1643
20260810 195549 726,4449.00,2,4448.60,4448.80,0.20,4448.60,2,4448.50,4,4448.40,3,4448.30,5,4448.20,7,4448.10,5,4448.00,11,4447.90,16,4447.80,32,4447.70,19,4448.80,2,4449.00,7,4449.10,3,4449.20,16,4449.30,14,4449.40,14,4449.50,14,4449.60,16,4449.70,15,4449.80,16,Buy,136,222,358,-86.00,9.00,-98.00,3.40,61.8,4451.10,4451.40,4448.00,4449.00,73,52,125,21.00,36.00,-1.00,1.30,23.1,51,240,0.7143,0.1395,-157.00,32.00,4427.29,2.4627,UP,219.50,0.5695,2.1643
20260810 195549 726,4449.00,2,4448.60,4448.80,0.20,4448.60,2,4448.50,4,4448.40,3,4448.30,5,4448.20,7,4448.10,5,4448.00,11,4447.90,16,4447.80,32,4447.70,19,4448.80,2,4449.00,7,4449.10,3,4449.20,16,4449.30,14,4449.40,14,4449.50,14,4449.60,16,4449.70,15,4449.80,16,Buy,138,222,360,-84.00,9.00,-98.00,3.40,61.8,4451.10,4451.40,4448.00,4449.00,73,52,125,21.00,36.00,-1.00,1.30,23.1,51,240,0.7143,0.1667,-155.00,34.00,4427.29,2.4627,UP,219.50,0.5695,2.1643
20260810 195549 726,4449.10,1,4448.60,4448.80,0.20,4448.60,2,4448.50,4,4448.40,3,4448.30,5,4448.20,7,4448.10,5,4448.00,11,4447.90,16,4447.80,32,4447.70,19,4448.80,2,4449.00,7,4449.10,3,4449.20,16,4449.30,14,4449.40,14,4449.50,14,4449.60,16,4449.70,15,4449.80,16,Buy,139,222,361,-83.00,9.00,-98.00,3.40,58.8,4451.10,4451.40,4448.00,4449.10,73,52,125,21.00,36.00,-1.00,1.30,23.1,51,240,0.7143,0.1807,-154.00,35.00,4427.30,2.4659,UP,219.50,0.5695,2.1643
20260810 195549 726,4449.10,1,4448.60,4448.80,0.20,4448.60,2,4448.50,4,4448.40,3,4448.30,5,4448.20,7,4448.10,5,4448.00,11,4447.90,16,4447.80,32,4447.70,19,4448.80,2,4449.00,7,4449.10,3,4449.20,16,4449.30,14,4449.40,14,4449.50,14,4449.60,16,4449.70,15,4449.80,16,Buy,140,222,362,-82.00,9.00,-98.00,3.40,58.8,4451.10,4451.40,4448.00,4449.10,73,52,125,21.00,36.00,-1.00,1.30,23.1,51,240,0.7143,0.1951,-153.00,36.00,4427.30,2.4659,UP,219.50,0.5695,2.1643
20260810 195549 726,4449.10,1,4448.60,4448.80,0.20,4448.60,2,4448.50,4,4448.40,3,4448.30,5,4448.20,7,4448.10,5,4448.00,11,4447.90,16,4447.80,32,4447.70,19,4448.80,2,4449.00,7,4449.10,3,4449.20,16,4449.30,14,4449.40,14,4449.50,14,4449.60,16,4449.70,15,4449.80,16,Buy,141,222,363,-81.00,9.00,-98.00,3.40,58.8,4451.10,4451.40,4448.00,4449.10,73,52,125,21.00,36.00,-1.00,1.30,23.1,51,240,0.7143,0.2099,-152.00,37.00,4427.30,2.4659,UP,219.50,0.5695,2.1643
20260810 195549 726,4449.10,1,4448.60,4448.80,0.20,4448.60,2,4448.50,4,4448.40,3,4448.30,5,4448.20,7,4448.10,5,4448.00,11,4447.90,16,4447.80,32,4447.70,19,4448.80,2,4449.00,7,4449.10,3,4449.20,16,4449.30,14,4449.40,14,4449.50,14,4449.60,16,4449.70,15,4449.80,16,Buy,142,222,364,-80.00,9.00,-98.00,3.40,58.8,4451.10,4451.40,4448.00,4449.10,73,52,125,21.00,36.00,-1.00,1.30,23.1,51,240,0.7143,0.2250,-151.00,38.00,4427.30,2.4659,UP,219.50,0.5695,2.1643
20260810 195549 855,4448.60,1,4448.60,4448.80,0.20,4448.60,1,4448.50,4,4448.40,3,4448.30,5,4448.20,7,4448.10,5,4448.00,11,4447.90,16,4447.80,32,4447.70,19,4448.80,2,4448.90,2,4449.00,8,4449.10,5,4449.20,16,4449.30,14,4449.40,14,4449.50,14,4449.60,16,4449.70,15,Sell,142,223,365,-81.00,9.00,-98.00,3.40,73.5,4451.10,4451.40,4448.00,4448.60,73,52,125,21.00,36.00,-1.00,1.30,23.1,51,240,0.7143,0.2099,-152.00,37.00,4427.25,2.4500,UP,219.50,0.5695,2.1643
20260810 195551 722,4448.50,1,4448.50,4448.60,0.10,4448.40,3,4448.30,4,4448.20,7,4448.10,4,4448.00,11,4447.90,16,4447.80,32,4447.70,19,4447.60,19,4447.50,19,4448.60,1,4448.70,2,4448.80,7,4448.90,4,4449.00,10,4449.10,7,4449.20,16,4449.30,14,4449.40,14,4449.50,14,Sell,142,224,366,-82.00,9.00,-98.00,3.40,76.5,4451.10,4451.40,4448.00,4448.50,73,52,125,21.00,36.00,-1.00,1.30,23.1,51,240,0.7143,0.1951,-153.00,36.00,4427.24,2.4468,UP,219.50,0.5695,2.1643
20260810 195553 827,4448.80,1,4448.60,4448.80,0.20,4448.60,2,4448.50,4,4448.40,4,4448.30,5,4448.20,7,4448.10,5,4448.00,10,4447.90,15,4447.80,32,4447.70,20,4448.80,2,4448.90,3,4449.00,10,4449.10,7,4449.20,16,4449.30,14,4449.40,14,4449.50,14,4449.60,16,4449.70,15,Buy,143,224,367,-81.00,9.00,-98.00,3.40,67.6,4451.10,4451.40,4448.00,4448.80,73,52,125,21.00,36.00,-1.00,1.30,23.1,51,240,0.7143,0.2099,-152.00,37.00,4427.27,2.4564,UP,219.50,0.5695,2.1643
20260810 195553 827,4448.80,1,4448.60,4448.80,0.20,4448.60,2,4448.50,4,4448.40,4,4448.30,5,4448.20,7,4448.10,5,4448.00,10,4447.90,15,4447.80,32,4447.70,20,4448.80,2,4448.90,3,4449.00,10,4449.10,7,4449.20,16,4449.30,14,4449.40,14,4449.50,14,4449.60,16,4449.70,15,Buy,144,224,368,-80.00,9.00,-98.00,3.40,67.6,4451.10,4451.40,4448.00,4448.80,73,52,125,21.00,36.00,-1.00,1.30,23.1,51,240,0.7143,0.2250,-151.00,38.00,4427.27,2.4564,UP,219.50,0.5695,2.1643
20260810 195553 828,4448.80,3,4448.60,4448.80,0.20,4448.60,2,4448.50,4,4448.40,4,4448.30,5,4448.20,7,4448.10,5,4448.00,10,4447.90,15,4447.80,32,4447.70,20,4448.80,2,4448.90,3,4449.00,10,4449.10,7,4449.20,16,4449.30,14,4449.40,14,4449.50,14,4449.60,16,4449.70,15,Sell,144,227,371,-83.00,9.00,-98.00,3.40,67.6,4451.10,4451.40,4448.00,4448.80,73,52,125,21.00,36.00,-1.00,1.30,23.1,51,240,0.7143,0.1807,-154.00,35.00,4427.27,2.4564,UP,219.50,0.5695,2.1643
20260810 195555 726,4448.80,1,4448.60,4448.90,0.30,4448.60,5,4448.50,5,4448.40,6,4448.30,5,4448.20,7,4448.10,15,4448.00,19,4447.90,15,4447.80,32,4447.70,19,4448.90,1,4449.00,5,4449.10,6,4449.20,7,4449.30,6,4449.40,6,4449.50,14,4449.60,15,4449.70,15,4449.80,13,Buy,145,227,372,-82.00,9.00,-98.00,3.40,67.6,4451.10,4451.40,4448.00,4448.80,73,52,125,21.00,36.00,-1.00,1.30,23.1,51,240,0.7143,0.1951,-153.00,36.00,4427.27,2.4564,UP,219.50,0.5695,2.1643
20260810 195555 829,4448.70,1,4448.60,4448.90,0.30,4448.60,5,4448.50,5,4448.40,6,4448.30,5,4448.20,7,4448.10,15,4448.00,19,4447.90,15,4447.80,32,4447.70,19,4448.90,2,4449.00,5,4449.10,6,4449.20,7,4449.30,6,4449.40,6,4449.50,14,4449.60,15,4449.70,15,4449.80,13,Sell,145,228,373,-83.00,9.00,-98.00,3.40,70.6,4451.10,4451.40,4448.00,4448.70,73,52,125,21.00,36.00,-1.00,1.30,23.1,51,240,0.7143,0.1807,-154.00,35.00,4427.26,2.4532,UP,219.50,0.5695,2.1643
20260810 195555 829,4448.70,1,4448.60,4448.90,0.30,4448.60,5,4448.50,5,4448.40,6,4448.30,5,4448.20,7,4448.10,15,4448.00,19,4447.90,15,4447.80,32,4447.70,19,4448.90,2,4449.00,5,4449.10,6,4449.20,7,4449.30,6,4449.40,6,4449.50,14,4449.60,15,4449.70,15,4449.80,13,Sell,145,229,374,-84.00,9.00,-98.00,3.40,70.6,4451.10,4451.40,4448.00,4448.70,73,52,125,21.00,36.00,-1.00,1.30,23.1,51,240,0.7143,0.1667,-155.00,34.00,4427.26,2.4532,UP,219.50,0.5695,2.1643
20260810 195556 987,4448.50,1,4448.50,4448.70,0.20,4448.50,1,4448.40,4,4448.30,5,4448.20,6,4448.10,6,4448.00,10,4447.90,7,4447.80,32,4447.70,19,4447.60,19,4448.70,4,4448.80,5,4448.90,5,4449.00,9,4449.10,6,4449.20,15,4449.30,14,4449.40,14,4449.50,14,4449.60,16,Sell,145,230,375,-85.00,9.00,-98.00,3.40,76.5,4451.10,4451.40,4448.00,4448.50,73,52,125,21.00,36.00,-1.00,1.30,23.1,51,240,0.7143,0.1529,-156.00,33.00,4427.24,2.4468,UP,219.50,0.5695,2.1643
20260810 195557 008,4448.50,1,4448.50,4448.70,0.20,4448.50,1,4448.40,4,4448.30,5,4448.20,6,4448.10,6,4448.00,10,4447.90,7,4447.80,32,4447.70,19,4447.60,19,4448.70,4,4448.80,5,4448.90,5,4449.00,9,4449.10,6,4449.20,15,4449.30,14,4449.40,14,4449.50,14,4449.60,16,Sell,145,231,376,-86.00,9.00,-98.00,3.40,76.5,4451.10,4451.40,4448.00,4448.50,73,52,125,21.00,36.00,-1.00,1.30,23.1,51,240,0.7143,0.1395,-157.00,32.00,4427.24,2.4468,UP,219.50,0.5695,2.1643
20260810 195558 899,4448.70,1,4448.50,4448.70,0.20,4448.50,2,4448.40,4,4448.30,5,4448.20,6,4448.10,6,4448.00,10,4447.90,7,4447.80,32,4447.70,19,4447.60,19,4448.70,2,4448.80,6,4448.90,5,4449.00,9,4449.10,6,4449.20,15,4449.30,14,4449.40,14,4449.50,15,4449.60,16,Buy,146,231,377,-85.00,9.00,-98.00,3.40,70.6,4451.10,4451.40,4448.00,4448.70,73,52,125,21.00,36.00,-1.00,1.30,23.1,51,240,0.7143,0.1529,-156.00,33.00,4427.26,2.4532,UP,219.50,0.5695,2.1643
20260810 195559 433,4448.50,1,4448.40,4448.60,0.20,4448.40,3,4448.30,5,4448.20,6,4448.10,6,4448.00,10,4447.90,7,4447.80,32,4447.70,19,4447.60,19,4447.50,19,4448.60,1,4448.70,2,4448.80,7,4448.90,5,4449.00,9,4449.10,6,4449.20,15,4449.30,14,4449.40,14,4449.50,15,Sell,146,232,378,-86.00,9.00,-98.00,3.40,76.5,4451.10,4451.40,4448.00,4448.50,73,52,125,21.00,36.00,-1.00,1.30,23.1,51,240,0.7143,0.1395,-157.00,32.00,4427.24,2.4468,UP,219.50,0.5695,2.1643
20260810 195559 718,4448.60,1,4448.40,4448.70,0.30,4448.40,2,4448.30,5,4448.20,5,4448.10,5,4448.00,10,4447.90,7,4447.80,32,4447.70,19,4447.60,19,4447.50,20,4448.70,3,4448.80,7,4448.90,6,4449.00,9,4449.10,6,4449.20,15,4449.30,14,4449.40,14,4449.50,15,4449.60,16,Sell,146,233,379,-87.00,9.00,-98.00,3.40,73.5,4451.10,4451.40,4448.00,4448.60,73,52,125,21.00,36.00,-1.00,1.30,23.1,51,240,0.7143,0.1264,-158.00,31.00,4427.25,2.4500,UP,219.50,0.5695,2.1643
20260810 195559 932,4448.60,1,4448.40,4448.60,0.20,4448.40,1,4448.30,5,4448.20,5,4448.10,5,4448.00,10,4447.90,7,4447.80,32,4447.70,19,4447.60,19,4447.50,19,4448.60,2,4448.70,5,4448.80,7,4448.90,6,4449.00,9,4449.10,6,4449.20,15,4449.30,14,4449.40,14,4449.50,15,Buy,147,233,380,-86.00,9.00,-98.00,3.40,73.5,4451.10,4451.40,4448.00,4448.60,73,52,125,21.00,36.00,-1.00,1.30,23.1,51,240,0.7143,0.1395,-157.00,32.00,4427.25,2.4500,UP,219.50,0.5695,2.1643
20260810 195600 184,4448.40,1,4448.40,4448.60,0.20,4448.30,5,4448.20,5,4448.10,5,4448.00,10,4447.90,7,4447.80,32,4447.70,19,4447.60,19,4447.50,19,4447.40,16,4448.50,1,4448.60,2,4448.70,5,4448.80,7,4448.90,6,4449.00,9,4449.10,6,4449.20,15,4449.30,14,4449.40,14,Sell,0,1,1,-1.00,-1.00,-1.00,0.00,0.0,4448.40,4448.40,4448.40,4448.40,147,233,380,-86.00,9.00,-98.00,3.40,73.5,-18,321,0.1395,0.0000,-225.00,-66.00,4427.23,2.4437,UP,221.55,1.7152,2.0240
20260810 195602 260,4448.40,1,4448.20,4448.40,0.20,4448.20,1,4448.10,5,4448.00,9,4447.90,6,4447.80,32,4447.70,20,4447.60,19,4447.50,19,4447.40,16,4447.30,15,4448.40,2,4448.50,3,4448.60,6,4448.70,6,4448.80,9,4448.90,6,4449.00,9,4449.10,14,4449.20,15,4449.30,15,Buy,1,1,2,0.00,0.00,-1.00,0.00,0.0,4448.40,4448.40,4448.40,4448.40,147,233,380,-86.00,9.00,-98.00,3.40,73.5,-18,321,0.1395,0.0000,-224.00,-65.00,4427.23,2.4437,UP,221.55,1.7152,2.0240
20260810 195602 990,4448.10,2,4447.70,4447.90,0.20,4447.70,2,4447.60,6,4447.50,10,4447.40,9,4447.30,8,4447.20,18,4447.10,15,4447.00,17,4446.90,13,4446.80,21,4447.90,4,4448.00,6,4448.10,8,4448.20,7,4448.30,6,4448.40,7,4448.50,8,4448.60,16,4448.70,15,4448.80,17,Sell,1,3,4,-2.00,0.00,-2.00,0.30,100.0,4448.40,4448.40,4448.10,4448.10,147,233,380,-86.00,9.00,-98.00,3.40,73.5,-18,321,0.1395,0.0000,-226.00,-67.00,4427.20,2.4341,UP,221.55,1.7152,2.0454
20260810 195602 990,4448.10,1,4447.70,4447.90,0.20,4447.70,2,4447.60,6,4447.50,10,4447.40,9,4447.30,8,4447.20,18,4447.10,15,4447.00,17,4446.90,13,4446.80,21,4447.90,4,4448.00,6,4448.10,8,4448.20,7,4448.30,6,4448.40,7,4448.50,8,4448.60,16,4448.70,15,4448.80,17,Sell,1,4,5,-3.00,0.00,-3.00,0.30,100.0,4448.40,4448.40,4448.10,4448.10,147,233,380,-86.00,9.00,-98.00,3.40,73.5,-18,321,0.1395,0.0000,-227.00,-68.00,4427.20,2.4341,UP,221.55,1.7152,2.0454
20260810 195602 990,4448.10,1,4447.70,4447.90,0.20,4447.70,2,4447.60,6,4447.50,10,4447.40,9,4447.30,8,4447.20,18,4447.10,15,4447.00,17,4446.90,13,4446.80,21,4447.90,4,4448.00,6,4448.10,8,4448.20,7,4448.30,6,4448.40,7,4448.50,8,4448.60,16,4448.70,15,4448.80,17,Sell,1,5,6,-4.00,0.00,-4.00,0.30,100.0,4448.40,4448.40,4448.10,4448.10,147,233,380,-86.00,9.00,-98.00,3.40,73.5,-18,321,0.1395,0.0000,-228.00,-69.00,4427.20,2.4341,UP,221.55,1.7152,2.0454
20260810 195603 003,4448.00,3,4447.70,4447.90,0.20,4447.70,2,4447.60,6,4447.50,10,4447.40,9,4447.30,8,4447.20,18,4447.10,15,4447.00,17,4446.90,13,4446.80,21,4447.90,4,4448.00,6,4448.10,8,4448.20,7,4448.30,6,4448.40,7,4448.50,8,4448.60,16,4448.70,15,4448.80,17,Sell,1,8,9,-7.00,0.00,-7.00,0.40,100.0,4448.40,4448.40,4448.00,4448.00,147,233,380,-86.00,9.00,-98.00,3.40,73.5,-18,321,0.1395,0.0000,-231.00,-72.00,4427.19,2.4310,UP,221.55,1.7152,2.0525
20260810 195603 038,4447.80,1,4447.70,4447.90,0.20,4447.70,2,4447.60,6,4447.50,10,4447.40,9,4447.30,8,4447.20,18,4447.10,15,4447.00,17,4446.90,13,4446.80,21,4447.90,4,4448.00,6,4448.10,8,4448.20,7,4448.30,6,4448.40,7,4448.50,8,4448.60,16,4448.70,15,4448.80,17,Sell,1,9,10,-8.00,0.00,-8.00,0.60,100.0,4448.40,4448.40,4447.80,4447.80,147,233,380,-86.00,9.00,-98.00,3.40,73.5,-18,321,0.1395,0.0000,-232.00,-73.00,4427.17,2.4246,UP,221.55,1.7152,2.0668
20260810 195603 038,4447.80,1,4447.70,4447.90,0.20,4447.70,2,4447.60,6,4447.50,10,4447.40,9,4447.30,8,4447.20,18,4447.10,15,4447.00,17,4446.90,13,4446.80,21,4447.90,4,4448.00,6,4448.10,8,4448.20,7,4448.30,6,4448.40,7,4448.50,8,4448.60,16,4448.70,15,4448.80,17,Sell,1,10,11,-9.00,0.00,-9.00,0.60,100.0,4448.40,4448.40,4447.80,4447.80,147,233,380,-86.00,9.00,-98.00,3.40,73.5,-18,321,0.1395,0.0000,-233.00,-74.00,4427.17,2.4246,UP,221.55,1.7152,2.0668
20260810 195603 038,4447.80,1,4447.70,4447.90,0.20,4447.70,2,4447.60,6,4447.50,10,4447.40,9,4447.30,8,4447.20,18,4447.10,15,4447.00,17,4446.90,13,4446.80,21,4447.90,4,4448.00,6,4448.10,8,4448.20,7,4448.30,6,4448.40,7,4448.50,8,4448.60,16,4448.70,15,4448.80,17,Sell,1,11,12,-10.00,0.00,-10.00,0.60,100.0,4448.40,4448.40,4447.80,4447.80,147,233,380,-86.00,9.00,-98.00,3.40,73.5,-18,321,0.1395,0.0000,-234.00,-75.00,4427.17,2.4246,UP,221.55,1.7152,2.0668
20260810 195603 038,4447.80,1,4447.70,4447.90,0.20,4447.70,2,4447.60,6,4447.50,10,4447.40,9,4447.30,8,4447.20,18,4447.10,15,4447.00,17,4446.90,13,4446.80,21,4447.90,4,4448.00,6,4448.10,8,4448.20,7,4448.30,6,4448.40,7,4448.50,8,4448.60,16,4448.70,15,4448.80,17,Sell,1,12,13,-11.00,0.00,-11.00,0.60,100.0,4448.40,4448.40,4447.80,4447.80,147,233,380,-86.00,9.00,-98.00,3.40,73.5,-18,321,0.1395,0.0000,-235.00,-76.00,4427.17,2.4246,UP,221.55,1.7152,2.0668
20260810 195603 038,4447.80,3,4447.70,4447.90,0.20,4447.70,2,4447.60,6,4447.50,10,4447.40,9,4447.30,8,4447.20,18,4447.10,15,4447.00,17,4446.90,13,4446.80,21,4447.90,4,4448.00,6,4448.10,8,4448.20,7,4448.30,6,4448.40,7,4448.50,8,4448.60,16,4448.70,15,4448.80,17,Sell,1,15,16,-14.00,0.00,-14.00,0.60,100.0,4448.40,4448.40,4447.80,4447.80,147,233,380,-86.00,9.00,-98.00,3.40,73.5,-18,321,0.1395,0.0000,-238.00,-79.00,4427.17,2.4246,UP,221.55,1.7152,2.0668
20260810 195603 039,4447.80,5,4447.70,4447.90,0.20,4447.70,2,4447.60,6,4447.50,10,4447.40,9,4447.30,8,4447.20,18,4447.10,15,4447.00,17,4446.90,13,4446.80,21,4447.90,4,4448.00,6,4448.10,8,4448.20,7,4448.30,6,4448.40,7,4448.50,8,4448.60,16,4448.70,15,4448.80,17,Sell,1,20,21,-19.00,0.00,-19.00,0.60,100.0,4448.40,4448.40,4447.80,4447.80,147,233,380,-86.00,9.00,-98.00,3.40,73.5,-18,321,0.1395,0.0000,-243.00,-84.00,4427.17,2.4246,UP,221.55,1.7152,2.0668
20260810 195603 180,4447.90,1,4447.70,4447.90,0.20,4447.80,2,4447.70,3,4447.60,6,4447.50,10,4447.40,9,4447.30,8,4447.20,18,4447.10,15,4447.00,17,4446.90,13,4447.90,1,4448.00,6,4448.10,8,4448.20,7,4448.30,6,4448.40,7,4448.50,8,4448.60,16,4448.70,15,4448.80,17,Buy,2,20,22,-18.00,0.00,-19.00,0.60,83.3,4448.40,4448.40,4447.80,4447.90,147,233,380,-86.00,9.00,-98.00,3.40,73.5,-18,321,0.1395,0.0556,-242.00,-83.00,4427.18,2.4278,UP,221.55,1.7152,2.0668
20260810 195604 014,4448.10,1,4447.90,4448.10,0.20,4447.90,3,4447.80,5,4447.70,8,4447.60,8,4447.50,10,4447.40,9,4447.30,8,4447.20,18,4447.10,16,4447.00,18,4448.20,4,4448.30,6,4448.40,7,4448.50,7,4448.60,16,4448.70,15,4448.80,18,4448.90,14,4449.00,18,4449.10,14,Buy,3,20,23,-17.00,0.00,-19.00,0.60,50.0,4448.40,4448.40,4447.80,4448.10,147,233,380,-86.00,9.00,-98.00,3.40,73.5,-18,321,0.1395,0.1176,-241.00,-82.00,4427.20,2.4341,UP,221.55,1.7152,2.0668
20260810 195604 833,4447.90,1,4447.90,4448.20,0.30,4447.90,4,4447.80,6,4447.70,7,4447.60,8,4447.50,10,4447.40,9,4447.30,17,4447.20,18,4447.10,16,4447.00,18,4448.20,2,4448.30,6,4448.40,7,4448.50,7,4448.60,16,4448.70,14,4448.80,18,4448.90,14,4449.00,19,4449.10,15,Sell,3,21,24,-18.00,0.00,-19.00,0.60,83.3,4448.40,4448.40,4447.80,4447.90,147,233,380,-86.00,9.00,-98.00,3.40,73.5,-18,321,0.1395,0.0556,-242.00,-83.00,4427.18,2.4278,UP,221.55,1.7152,2.0668
20260810 195604 833,4447.90,1,4447.90,4448.20,0.30,4447.90,4,4447.80,6,4447.70,7,4447.60,8,4447.50,10,4447.40,9,4447.30,17,4447.20,18,4447.10,16,4447.00,18,4448.20,2,4448.30,6,4448.40,7,4448.50,7,4448.60,16,4448.70,14,4448.80,18,4448.90,14,4449.00,19,4449.10,15,Sell,3,22,25,-19.00,0.00,-19.00,0.60,83.3,4448.40,4448.40,4447.80,4447.90,147,233,380,-86.00,9.00,-98.00,3.40,73.5,-18,321,0.1395,0.0000,-243.00,-84.00,4427.18,2.4278,UP,221.55,1.7152,2.0668
20260810 195604 833,4447.90,1,4447.90,4448.20,0.30,4447.90,4,4447.80,6,4447.70,7,4447.60,8,4447.50,10,4447.40,9,4447.30,17,4447.20,18,4447.10,16,4447.00,18,4448.20,2,4448.30,6,4448.40,7,4448.50,7,4448.60,16,4448.70,14,4448.80,18,4448.90,14,4449.00,19,4449.10,15,Sell,3,23,26,-20.00,0.00,-20.00,0.60,83.3,4448.40,4448.40,4447.80,4447.90,147,233,380,-86.00,9.00,-98.00,3.40,73.5,-18,321,0.1395,0.0000,-244.00,-85.00,4427.18,2.4278,UP,221.55,1.7152,2.0668
20260810 195604 846,4447.90,1,4447.90,4448.20,0.30,4447.90,4,4447.80,6,4447.70,7,4447.60,8,4447.50,10,4447.40,9,4447.30,17,4447.20,18,4447.10,16,4447.00,18,4448.20,2,4448.30,6,4448.40,7,4448.50,7,4448.60,16,4448.70,14,4448.80,18,4448.90,14,4449.00,19,4449.10,15,Sell,3,24,27,-21.00,0.00,-21.00,0.60,83.3,4448.40,4448.40,4447.80,4447.90,147,233,380,-86.00,9.00,-98.00,3.40,73.5,-18,321,0.1395,0.0000,-245.00,-86.00,4427.18,2.4278,UP,221.55,1.7152,2.0668
20260810 195605 106,4447.90,1,4447.90,4448.20,0.30,4447.90,4,4447.80,6,4447.70,7,4447.60,8,4447.50,10,4447.40,9,4447.30,17,4447.20,18,4447.10,16,4447.00,18,4448.20,3,4448.30,6,4448.40,7,4448.50,7,4448.60,16,4448.70,14,4448.80,17,4448.90,14,4449.00,19,4449.10,15,Sell,3,25,28,-22.00,0.00,-22.00,0.60,83.3,4448.40,4448.40,4447.80,4447.90,147,233,380,-86.00,9.00,-98.00,3.40,73.5,-18,321,0.1395,0.0000,-246.00,-87.00,4427.18,2.4278,UP,221.55,1.7152,2.0668
20260810 195605 106,4447.90,1,4447.90,4448.20,0.30,4447.90,4,4447.80,6,4447.70,7,4447.60,8,4447.50,10,4447.40,9,4447.30,17,4447.20,18,4447.10,16,4447.00,18,4448.20,3,4448.30,6,4448.40,7,4448.50,7,4448.60,16,4448.70,14,4448.80,17,4448.90,14,4449.00,19,4449.10,15,Sell,3,26,29,-23.00,0.00,-23.00,0.60,83.3,4448.40,4448.40,4447.80,4447.90,147,233,380,-86.00,9.00,-98.00,3.40,73.5,-18,321,0.1395,0.0000,-247.00,-88.00,4427.18,2.4278,UP,221.55,1.7152,2.0668
20260810 195605 106,4447.90,1,4447.90,4448.20,0.30,4447.90,4,4447.80,6,4447.70,7,4447.60,8,4447.50,10,4447.40,9,4447.30,17,4447.20,18,4447.10,16,4447.00,18,4448.20,3,4448.30,6,4448.40,7,4448.50,7,4448.60,16,4448.70,14,4448.80,17,4448.90,14,4449.00,19,4449.10,15,Sell,3,27,30,-24.00,0.00,-24.00,0.60,83.3,4448.40,4448.40,4447.80,4447.90,147,233,380,-86.00,9.00,-98.00,3.40,73.5,-18,321,0.1395,0.0000,-248.00,-89.00,4427.18,2.4278,UP,221.55,1.7152,2.0668
20260810 195605 106,4447.90,1,4447.90,4448.20,0.30,4447.90,4,4447.80,6,4447.70,7,4447.60,8,4447.50,10,4447.40,9,4447.30,17,4447.20,18,4447.10,16,4447.00,18,4448.20,3,4448.30,6,4448.40,7,4448.50,7,4448.60,16,4448.70,14,4448.80,17,4448.90,14,4449.00,19,4449.10,15,Sell,3,28,31,-25.00,0.00,-25.00,0.60,83.3,4448.40,4448.40,4447.80,4447.90,147,233,380,-86.00,9.00,-98.00,3.40,73.5,-18,321,0.1395,0.0000,-249.00,-90.00,4427.18,2.4278,UP,221.55,1.7152,2.0668
20260810 195605 268,4447.90,1,4447.90,4448.20,0.30,4447.90,3,4447.80,6,4447.70,7,4447.60,8,4447.50,10,4447.40,9,4447.30,17,4447.20,18,4447.10,16,4447.00,18,4448.20,3,4448.30,6,4448.40,7,4448.50,7,4448.60,16,4448.70,14,4448.80,17,4448.90,14,4449.00,19,4449.10,15,Sell,3,29,32,-26.00,0.00,-26.00,0.60,83.3,4448.40,4448.40,4447.80,4447.90,147,233,380,-86.00,9.00,-98.00,3.40,73.5,-18,321,0.1395,0.0000,-250.00,-91.00,4427.18,2.4278,UP,221.55,1.7152,2.0668
20260810 195605 496,4448.20,1,4448.00,4448.30,0.30,4448.00,4,4447.90,4,4447.80,7,4447.70,7,4447.60,8,4447.50,10,4447.40,9,4447.30,17,4447.20,18,4447.10,16,4448.30,5,4448.40,7,4448.50,7,4448.60,16,4448.70,14,4448.80,17,4448.90,14,4449.00,19,4449.10,15,4449.20,18,Buy,4,29,33,-25.00,0.00,-26.00,0.60,33.3,4448.40,4448.40,4447.80,4448.20,147,233,380,-86.00,9.00,-98.00,3.40,73.5,-18,321,0.1395,0.0400,-249.00,-90.00,4427.21,2.4373,UP,221.55,1.7152,2.0668
20260810 195605 708,4448.00,1,4448.00,4448.20,0.20,4448.00,2,4447.90,5,4447.80,7,4447.70,7,4447.60,9,4447.50,10,4447.40,9,4447.30,17,4447.20,18,4447.10,16,4448.20,1,4448.30,5,4448.40,7,4448.50,6,4448.60,16,4448.70,14,4448.80,17,4448.90,14,4449.00,19,4449.10,15,Sell,4,30,34,-26.00,0.00,-26.00,0.60,66.7,4448.40,4448.40,4447.80,4448.00,147,233,380,-86.00,9.00,-98.00,3.40,73.5,-18,321,0.1395,0.0000,-250.00,-91.00,4427.19,2.4310,UP,221.55,1.7152,2.0668
20260810 195606 060,4447.90,1,4447.90,4448.10,0.20,4447.90,3,4447.80,5,4447.70,7,4447.60,8,4447.50,10,4447.40,9,4447.30,18,4447.20,18,4447.10,16,4447.00,18,4448.20,3,4448.30,4,4448.40,7,4448.50,6,4448.60,16,4448.70,15,4448.80,18,4448.90,14,4449.00,19,4449.10,15,Sell,4,31,35,-27.00,0.00,-27.00,0.60,83.3,4448.40,4448.40,4447.80,4447.90,147,233,380,-86.00,9.00,-98.00,3.40,73.5,-18,321,0.1395,0.0000,-251.00,-92.00,4427.18,2.4278,UP,221.55,1.7152,2.0668
20260810 195606 310,4448.20,1,4448.00,4448.20,0.20,4448.10,3,4448.00,5,4447.90,6,4447.80,8,4447.70,7,4447.60,8,4447.50,10,4447.40,9,4447.30,17,4447.20,18,4448.30,3,4448.40,3,4448.50,6,4448.60,16,4448.70,15,4448.80,18,4448.90,14,4449.00,19,4449.10,15,4449.20,17,Buy,5,31,36,-26.00,0.00,-27.00,0.60,33.3,4448.40,4448.40,4447.80,4448.20,147,233,380,-86.00,9.00,-98.00,3.40,73.5,-18,321,0.1395,0.0385,-250.00,-91.00,4427.21,2.4373,UP,221.55,1.7152,2.0668
20260810 195606 412,4448.00,1,4448.10,4448.30,0.20,4448.10,3,4448.00,6,4447.90,6,4447.80,10,4447.70,7,4447.60,8,4447.50,19,4447.40,18,4447.30,17,4447.20,18,4448.30,1,4448.40,3,4448.50,6,4448.60,8,4448.70,6,4448.80,18,4448.90,14,4449.00,19,4449.10,15,4449.20,17,Sell,5,32,37,-27.00,0.00,-27.00,0.60,66.7,4448.40,4448.40,4447.80,4448.00,147,233,380,-86.00,9.00,-98.00,3.40,73.5,-18,321,0.1395,0.0000,-251.00,-92.00,4427.19,2.4310,UP,221.55,1.7152,2.0668
20260810 195606 412,4448.00,1,4448.10,4448.30,0.20,4448.10,3,4448.00,6,4447.90,6,4447.80,10,4447.70,7,4447.60,8,4447.50,19,4447.40,18,4447.30,17,4447.20,18,4448.30,1,4448.40,3,4448.50,6,4448.60,8,4448.70,6,4448.80,18,4448.90,14,4449.00,19,4449.10,15,4449.20,17,Sell,5,33,38,-28.00,0.00,-28.00,0.60,66.7,4448.40,4448.40,4447.80,4448.00,147,233,380,-86.00,9.00,-98.00,3.40,73.5,-18,321,0.1395,0.0000,-252.00,-93.00,4427.19,2.4310,UP,221.55,1.7152,2.0668
20260810 195606 412,4448.00,1,4448.10,4448.30,0.20,4448.10,3,4448.00,6,4447.90,6,4447.80,10,4447.70,7,4447.60,8,4447.50,19,4447.40,18,4447.30,17,4447.20,18,4448.30,1,4448.40,3,4448.50,6,4448.60,8,4448.70,6,4448.80,18,4448.90,14,4449.00,19,4449.10,15,4449.20,17,Sell,5,34,39,-29.00,0.00,-29.00,0.60,66.7,4448.40,4448.40,4447.80,4448.00,147,233,380,-86.00,9.00,-98.00,3.40,73.5,-18,321,0.1395,0.0000,-253.00,-94.00,4427.19,2.4310,UP,221.55,1.7152,2.0668
20260810 195606 571,4448.30,1,4448.10,4448.40,0.30,4448.10,2,4448.00,6,4447.90,6,4447.80,10,4447.70,7,4447.60,8,4447.50,19,4447.40,18,4447.30,17,4447.20,18,4448.40,5,4448.50,6,4448.60,8,4448.70,6,4448.80,17,4448.90,14,4449.00,19,4449.10,15,4449.20,17,4449.30,16,Buy,6,34,40,-28.00,0.00,-29.00,0.60,16.7,4448.40,4448.40,4447.80,4448.30,147,233,380,-86.00,9.00,-98.00,3.40,73.5,-18,321,0.1395,0.0357,-252.00,-93.00,4427.22,2.4405,UP,221.55,1.7152,2.0668
20260810 195606 571,4448.30,1,4448.10,4448.40,0.30,4448.10,2,4448.00,6,4447.90,6,4447.80,10,4447.70,7,4447.60,8,4447.50,19,4447.40,18,4447.30,17,4447.20,18,4448.40,5,4448.50,6,4448.60,8,4448.70,6,4448.80,17,4448.90,14,4449.00,19,4449.10,15,4449.20,17,4449.30,16,Buy,7,34,41,-27.00,0.00,-29.00,0.60,16.7,4448.40,4448.40,4447.80,4448.30,147,233,380,-86.00,9.00,-98.00,3.40,73.5,-18,321,0.1395,0.0741,-251.00,-92.00,4427.22,2.4405,UP,221.55,1.7152,2.0668
20260810 195606 571,4448.40,1,4448.10,4448.40,0.30,4448.10,2,4448.00,6,4447.90,6,4447.80,10,4447.70,7,4447.60,8,4447.50,19,4447.40,18,4447.30,17,4447.20,18,4448.40,5,4448.50,6,4448.60,8,4448.70,6,4448.80,17,4448.90,14,4449.00,19,4449.10,15,4449.20,17,4449.30,16,Buy,8,34,42,-26.00,0.00,-29.00,0.60,0.0,4448.40,4448.40,4447.80,4448.40,147,233,380,-86.00,9.00,-98.00,3.40,73.5,-18,321,0.1395,0.1154,-250.00,-91.00,4427.23,2.4437,UP,221.55,1.7152,2.0668
20260810 195606 571,4448.40,1,4448.10,4448.40,0.30,4448.10,2,4448.00,6,4447.90,6,4447.80,10,4447.70,7,4447.60,8,4447.50,19,4447.40,18,4447.30,17,4447.20,18,4448.40,5,4448.50,6,4448.60,8,4448.70,6,4448.80,17,4448.90,14,4449.00,19,4449.10,15,4449.20,17,4449.30,16,Buy,9,34,43,-25.00,0.00,-29.00,0.60,0.0,4448.40,4448.40,4447.80,4448.40,147,233,380,-86.00,9.00,-98.00,3.40,73.5,-18,321,0.1395,0.1600,-249.00,-90.00,4427.23,2.4437,UP,221.55,1.7152,2.0668
20260810 195606 571,4448.40,1,4448.10,4448.40,0.30,4448.10,2,4448.00,6,4447.90,6,4447.80,10,4447.70,7,4447.60,8,4447.50,19,4447.40,18,4447.30,17,4447.20,18,4448.40,5,4448.50,6,4448.60,8,4448.70,6,4448.80,17,4448.90,14,4449.00,19,4449.10,15,4449.20,17,4449.30,16,Buy,10,34,44,-24.00,0.00,-29.00,0.60,0.0,4448.40,4448.40,4447.80,4448.40,147,233,380,-86.00,9.00,-98.00,3.40,73.5,-18,321,0.1395,0.2083,-248.00,-89.00,4427.23,2.4437,UP,221.55,1.7152,2.0668
20260810 195606 607,4448.10,1,4448.10,4448.40,0.30,4448.10,2,4448.00,6,4447.90,6,4447.80,10,4447.70,7,4447.60,8,4447.50,19,4447.40,18,4447.30,17,4447.20,18,4448.40,5,4448.50,6,4448.60,8,4448.70,6,4448.80,17,4448.90,14,4449.00,19,4449.10,15,4449.20,17,4449.30,16,Sell,10,35,45,-25.00,0.00,-29.00,0.60,50.0,4448.40,4448.40,4447.80,4448.10,147,233,380,-86.00,9.00,-98.00,3.40,73.5,-18,321,0.1395,0.1600,-249.00,-90.00,4427.20,2.4341,UP,221.55,1.7152,2.0668
20260810 195607 067,4448.00,2,4447.80,4448.00,0.20,4447.80,2,4447.70,4,4447.60,7,4447.50,10,4447.40,9,4447.30,17,4447.20,18,4447.10,16,4447.00,18,4446.90,13,4448.00,3,4448.10,2,4448.20,7,4448.30,5,4448.40,7,4448.50,5,4448.60,18,4448.70,16,4448.80,17,4448.90,14,Sell,10,37,47,-27.00,0.00,-29.00,0.60,66.7,4448.40,4448.40,4447.80,4448.00,147,233,380,-86.00,9.00,-98.00,3.40,73.5,-18,321,0.1395,0.0741,-251.00,-92.00,4427.19,2.4310,UP,221.55,1.7152,2.0668
20260810 195607 068,4448.00,1,4447.80,4448.00,0.20,4447.80,2,4447.70,4,4447.60,7,4447.50,10,4447.40,9,4447.30,17,4447.20,18,4447.10,16,4447.00,18,4446.90,13,4448.00,3,4448.10,2,4448.20,7,4448.30,5,4448.40,7,4448.50,5,4448.60,18,4448.70,16,4448.80,17,4448.90,14,Sell,10,38,48,-28.00,0.00,-29.00,0.60,66.7,4448.40,4448.40,4447.80,4448.00,147,233,380,-86.00,9.00,-98.00,3.40,73.5,-18,321,0.1395,0.0357,-252.00,-93.00,4427.19,2.4310,UP,221.55,1.7152,2.0668
20260810 195607 123,4447.70,1,4447.10,4447.30,0.20,4447.10,3,4447.00,10,4446.90,7,4446.80,10,4446.70,13,4446.60,16,4446.50,13,4446.40,15,4446.30,15,4446.20,18,4447.30,2,4447.40,5,4447.50,4,4447.60,7,4447.70,5,4447.80,6,4447.90,16,4448.00,19,4448.10,15,4448.20,19,Sell,10,39,49,-29.00,0.00,-29.00,0.70,100.0,4448.40,4448.40,4447.70,4447.70,147,233,380,-86.00,9.00,-98.00,3.40,73.5,-18,321,0.1395,0.0000,-253.00,-94.00,4427.16,2.4214,UP,221.55,1.7152,2.0740
20260810 195607 123,4447.70,1,4447.10,4447.30,0.20,4447.10,3,4447.00,10,4446.90,7,4446.80,10,4446.70,13,4446.60,16,4446.50,13,4446.40,15,4446.30,15,4446.20,18,4447.30,2,4447.40,5,4447.50,4,4447.60,7,4447.70,5,4447.80,6,4447.90,16,4448.00,19,4448.10,15,4448.20,19,Sell,10,40,50,-30.00,0.00,-30.00,0.70,100.0,4448.40,4448.40,4447.70,4447.70,147,233,380,-86.00,9.00,-98.00,3.40,73.5,-18,321,0.1395,0.0000,-254.00,-95.00,4427.16,2.4214,UP,221.55,1.7152,2.0740
20260810 195607 158,4447.50,1,4447.10,4447.30,0.20,4447.10,3,4447.00,10,4446.90,7,4446.80,10,4446.70,13,4446.60,16,4446.50,13,4446.40,15,4446.30,15,4446.20,18,4447.30,2,4447.40,5,4447.50,4,4447.60,7,4447.70,5,4447.80,6,4447.90,16,4448.00,19,4448.10,15,4448.20,19,Sell,10,41,51,-31.00,0.00,-31.00,0.90,100.0,4448.40,4448.40,4447.50,4447.50,147,233,380,-86.00,9.00,-98.00,3.40,73.5,-18,321,0.1395,0.0000,-255.00,-96.00,4427.14,2.4151,UP,221.55,1.7152,2.0883
20260810 195607 158,4447.40,2,4447.10,4447.30,0.20,4447.10,3,4447.00,10,4446.90,7,4446.80,10,4446.70,13,4446.60,16,4446.50,13,4446.40,15,4446.30,15,4446.20,18,4447.30,2,4447.40,5,4447.50,4,4447.60,7,4447.70,5,4447.80,6,4447.90,16,4448.00,19,4448.10,15,4448.20,19,Sell,10,43,53,-33.00,0.00,-33.00,1.00,100.0,4448.40,4448.40,4447.40,4447.40,147,233,380,-86.00,9.00,-98.00,3.40,73.5,-18,321,0.1395,0.0000,-257.00,-98.00,4427.13,2.4119,UP,221.55,1.7152,2.0954
20260810 195607 164,4447.30,1,4447.10,4447.30,0.20,4447.10,3,4447.00,10,4446.90,7,4446.80,10,4446.70,13,4446.60,16,4446.50,13,4446.40,15,4446.30,15,4446.20,18,4447.30,2,4447.40,5,4447.50,4,4447.60,7,4447.70,5,4447.80,6,4447.90,16,4448.00,19,4448.10,15,4448.20,19,Sell,10,44,54,-34.00,0.00,-34.00,1.10,100.0,4448.40,4448.40,4447.30,4447.30,147,233,380,-86.00,9.00,-98.00,3.40,73.5,-18,321,0.1395,0.0000,-258.00,-99.00,4427.12,2.4087,UP,221.55,1.7152,2.1025
20260810 195607 204,4447.30,1,4447.20,4447.40,0.20,4447.20,1,4447.10,5,4447.00,10,4446.90,7,4446.80,10,4446.70,13,4446.60,16,4446.50,14,4446.40,15,4446.30,15,4447.40,3,4447.50,4,4447.60,5,4447.70,5,4447.80,6,4447.90,16,4448.00,19,4448.10,15,4448.20,19,4448.30,17,Buy,11,44,55,-33.00,0.00,-34.00,1.10,100.0,4448.40,4448.40,4447.30,4447.30,147,233,380,-86.00,9.00,-98.00,3.40,73.5,-18,321,0.1395,0.0303,-257.00,-98.00,4427.12,2.4087,UP,221.55,1.7152,2.1025
20260810 195607 228,4447.30,1,4447.10,4447.30,0.20,4447.10,3,4447.00,9,4446.90,7,4446.80,10,4446.70,13,4446.60,16,4446.50,14,4446.40,15,4446.30,15,4446.20,18,4447.30,2,4447.40,3,4447.50,4,4447.60,7,4447.70,5,4447.80,6,4447.90,16,4448.00,19,4448.10,15,4448.20,19,Buy,12,44,56,-32.00,0.00,-34.00,1.10,100.0,4448.40,4448.40,4447.30,4447.30,147,233,380,-86.00,9.00,-98.00,3.40,73.5,-18,321,0.1395,0.0625,-256.00,-97.00,4427.12,2.4087,UP,221.55,1.7152,2.1025
20260810 195607 229,4447.40,1,4447.10,4447.30,0.20,4447.10,3,4447.00,9,4446.90,7,4446.80,10,4446.70,13,4446.60,16,4446.50,14,4446.40,15,4446.30,15,4446.20,18,4447.30,2,4447.40,3,4447.50,4,4447.60,7,4447.70,5,4447.80,6,4447.90,16,4448.00,19,4448.10,15,4448.20,19,Buy,13,44,57,-31.00,0.00,-34.00,1.10,90.9,4448.40,4448.40,4447.30,4447.40,147,233,380,-86.00,9.00,-98.00,3.40,73.5,-18,321,0.1395,0.0968,-255.00,-96.00,4427.13,2.4119,UP,221.55,1.7152,2.1025
20260810 195607 241,4447.20,1,4447.10,4447.30,0.20,4447.10,3,4447.00,9,4446.90,7,4446.80,10,4446.70,13,4446.60,16,4446.50,14,4446.40,15,4446.30,15,4446.20,18,4447.30,2,4447.40,3,4447.50,4,4447.60,7,4447.70,5,4447.80,6,4447.90,16,4448.00,19,4448.10,15,4448.20,19,Sell,13,45,58,-32.00,0.00,-34.00,1.20,100.0,4448.40,4448.40,4447.20,4447.20,147,233,380,-86.00,9.00,-98.00,3.40,73.5,-18,321,0.1395,0.0625,-256.00,-97.00,4427.11,2.4056,UP,221.55,1.7152,2.1097
20260810 195607 293,4447.20,1,4447.20,4447.30,0.10,4447.10,3,4447.00,9,4446.90,7,4446.80,10,4446.70,13,4446.60,16,4446.50,14,4446.40,15,4446.30,15,4446.20,18,4447.30,2,4447.40,3,4447.50,4,4447.60,7,4447.70,5,4447.80,6,4447.90,16,4448.00,19,4448.10,15,4448.20,19,Sell,13,46,59,-33.00,0.00,-34.00,1.20,100.0,4448.40,4448.40,4447.20,4447.20,147,233,380,-86.00,9.00,-98.00,3.40,73.5,-18,321,0.1395,0.0303,-257.00,-98.00,4427.11,2.4056,UP,221.55,1.7152,2.1097
20260810 195607 335,4447.10,1,4447.00,4447.30,0.30,4447.00,4,4446.90,6,4446.80,10,4446.70,6,4446.60,16,4446.50,14,4446.40,15,4446.30,15,4446.20,17,4446.10,17,4447.30,2,4447.40,3,4447.50,4,4447.60,7,4447.70,5,4447.80,6,4447.90,16,4448.00,19,4448.10,15,4448.20,19,Sell,13,47,60,-34.00,0.00,-34.00,1.30,100.0,4448.40,4448.40,4447.10,4447.10,147,233,380,-86.00,9.00,-98.00,3.40,73.5,-18,321,0.1395,0.0000,-258.00,-99.00,4427.11,2.4024,UP,221.55,1.7152,2.1168
20260810 195607 336,4447.10,2,4447.00,4447.30,0.30,4447.00,4,4446.90,6,4446.80,10,4446.70,6,4446.60,16,4446.50,14,4446.40,15,4446.30,15,4446.20,17,4446.10,17,4447.30,2,4447.40,3,4447.50,4,4447.60,7,4447.70,5,4447.80,6,4447.90,16,4448.00,19,4448.10,15,4448.20,19,Sell,13,49,62,-36.00,0.00,-36.00,1.30,100.0,4448.40,4448.40,4447.10,4447.10,147,233,380,-86.00,9.00,-98.00,3.40,73.5,-18,321,0.1395,0.0000,-260.00,-101.00,4427.11,2.4024,UP,221.55,1.7152,2.1168
20260810 195607 336,4447.00,1,4447.00,4447.30,0.30,4447.00,4,4446.90,6,4446.80,10,4446.70,6,4446.60,16,4446.50,14,4446.40,15,4446.30,15,4446.20,17,4446.10,17,4447.30,2,4447.40,3,4447.50,4,4447.60,7,4447.70,5,4447.80,6,4447.90,16,4448.00,19,4448.10,15,4448.20,19,Sell,13,50,63,-37.00,0.00,-37.00,1.40,100.0,4448.40,4448.40,4447.00,4447.00,147,233,380,-86.00,9.00,-98.00,3.40,73.5,-18,321,0.1395,0.0000,-261.00,-102.00,4427.10,2.3992,UP,221.55,1.7152,2.1240
20260810 195607 336,4447.00,1,4447.00,4447.30,0.30,4447.00,4,4446.90,6,4446.80,10,4446.70,6,4446.60,16,4446.50,14,4446.40,15,4446.30,15,4446.20,17,4446.10,17,4447.30,2,4447.40,3,4447.50,4,4447.60,7,4447.70,5,4447.80,6,4447.90,16,4448.00,19,4448.10,15,4448.20,19,Sell,13,51,64,-38.00,0.00,-38.00,1.40,100.0,4448.40,4448.40,4447.00,4447.00,147,233,380,-86.00,9.00,-98.00,3.40,73.5,-18,321,0.1395,0.0000,-262.00,-103.00,4427.10,2.3992,UP,221.55,1.7152,2.1240
20260810 195607 336,4447.00,1,4447.00,4447.30,0.30,4447.00,4,4446.90,6,4446.80,10,4446.70,6,4446.60,16,4446.50,14,4446.40,15,4446.30,15,4446.20,17,4446.10,17,4447.30,2,4447.40,3,4447.50,4,4447.60,7,4447.70,5,4447.80,6,4447.90,16,4448.00,19,4448.10,15,4448.20,19,Sell,13,52,65,-39.00,0.00,-39.00,1.40,100.0,4448.40,4448.40,4447.00,4447.00,147,233,380,-86.00,9.00,-98.00,3.40,73.5,-18,321,0.1395,0.0000,-263.00,-104.00,4427.10,2.3992,UP,221.55,1.7152,2.1240
20260810 195607 412,4447.00,2,4447.00,4447.20,0.20,4447.00,1,4446.90,3,4446.80,6,4446.70,5,4446.60,9,4446.50,5,4446.40,16,4446.30,15,4446.20,19,4446.10,17,4447.20,3,4447.30,5,4447.40,5,4447.50,5,4447.60,7,4447.70,15,4447.80,16,4447.90,16,4448.00,19,4448.10,15,Sell,13,54,67,-41.00,0.00,-41.00,1.40,100.0,4448.40,4448.40,4447.00,4447.00,147,233,380,-86.00,9.00,-98.00,3.40,73.5,-18,321,0.1395,0.0000,-265.00,-106.00,4427.10,2.3992,UP,221.55,1.7152,2.1240
20260810 195607 412,4447.00,1,4447.00,4447.20,0.20,4447.00,1,4446.90,3,4446.80,6,4446.70,5,4446.60,9,4446.50,5,4446.40,16,4446.30,15,4446.20,19,4446.10,17,4447.20,3,4447.30,5,4447.40,5,4447.50,5,4447.60,7,4447.70,15,4447.80,16,4447.90,16,4448.00,19,4448.10,15,Sell,13,55,68,-42.00,0.00,-42.00,1.40,100.0,4448.40,4448.40,4447.00,4447.00,147,233,380,-86.00,9.00,-98.00,3.40,73.5,-18,321,0.1395,0.0000,-266.00,-107.00,4427.10,2.3992,UP,221.55,1.7152,2.1240
20260810 195607 412,4447.00,1,4447.00,4447.20,0.20,4447.00,1,4446.90,3,4446.80,6,4446.70,5,4446.60,9,4446.50,5,4446.40,16,4446.30,15,4446.20,19,4446.10,17,4447.20,3,4447.30,5,4447.40,5,4447.50,5,4447.60,7,4447.70,15,4447.80,16,4447.90,16,4448.00,19,4448.10,15,Sell,13,56,69,-43.00,0.00,-43.00,1.40,100.0,4448.40,4448.40,4447.00,4447.00,147,233,380,-86.00,9.00,-98.00,3.40,73.5,-18,321,0.1395,0.0000,-267.00,-108.00,4427.10,2.3992,UP,221.55,1.7152,2.1240
20260810 195608 341,4447.10,1,4447.00,4447.30,0.30,4447.00,4,4446.90,7,4446.80,9,4446.70,6,4446.60,9,4446.50,5,4446.40,16,4446.30,16,4446.20,18,4446.10,18,4447.30,2,4447.40,5,4447.50,6,4447.60,9,4447.70,7,4447.80,18,4447.90,16,4448.00,19,4448.10,15,4448.20,19,Sell,13,57,70,-44.00,0.00,-44.00,1.40,92.9,4448.40,4448.40,4447.00,4447.10,147,233,380,-86.00,9.00,-98.00,3.40,73.5,-18,321,0.1395,0.0000,-268.00,-109.00,4427.11,2.4024,UP,221.55,1.7152,2.1240
20260810 195608 341,4447.10,1,4447.00,4447.30,0.30,4447.00,4,4446.90,7,4446.80,9,4446.70,6,4446.60,9,4446.50,5,4446.40,16,4446.30,16,4446.20,18,4446.10,18,4447.30,2,4447.40,5,4447.50,6,4447.60,9,4447.70,7,4447.80,18,4447.90,16,4448.00,19,4448.10,15,4448.20,19,Sell,13,58,71,-45.00,0.00,-45.00,1.40,92.9,4448.40,4448.40,4447.00,4447.10,147,233,380,-86.00,9.00,-98.00,3.40,73.5,-18,321,0.1395,0.0000,-269.00,-110.00,4427.11,2.4024,UP,221.55,1.7152,2.1240
20260810 195608 426,4447.00,1,4447.10,4447.30,0.20,4447.10,4,4447.00,8,4446.90,8,4446.80,9,4446.70,6,4446.60,9,4446.50,5,4446.40,16,4446.30,16,4446.20,18,4447.30,2,4447.40,5,4447.50,6,4447.60,9,4447.70,7,4447.80,18,4447.90,16,4448.00,19,4448.10,15,4448.20,19,Sell,13,59,72,-46.00,0.00,-46.00,1.40,100.0,4448.40,4448.40,4447.00,4447.00,147,233,380,-86.00,9.00,-98.00,3.40,73.5,-18,321,0.1395,0.0000,-270.00,-111.00,4427.10,2.3992,UP,221.55,1.7152,2.1240
20260810 195608 426,4447.00,1,4447.10,4447.30,0.20,4447.10,4,4447.00,8,4446.90,8,4446.80,9,4446.70,6,4446.60,9,4446.50,5,4446.40,16,4446.30,16,4446.20,18,4447.30,2,4447.40,5,4447.50,6,4447.60,9,4447.70,7,4447.80,18,4447.90,16,4448.00,19,4448.10,15,4448.20,19,Sell,13,60,73,-47.00,0.00,-47.00,1.40,100.0,4448.40,4448.40,4447.00,4447.00,147,233,380,-86.00,9.00,-98.00,3.40,73.5,-18,321,0.1395,0.0000,-271.00,-112.00,4427.10,2.3992,UP,221.55,1.7152,2.1240
20260810 195608 426,4447.00,1,4447.10,4447.30,0.20,4447.10,4,4447.00,8,4446.90,8,4446.80,9,4446.70,6,4446.60,9,4446.50,5,4446.40,16,4446.30,16,4446.20,18,4447.30,2,4447.40,5,4447.50,6,4447.60,9,4447.70,7,4447.80,18,4447.90,16,4448.00,19,4448.10,15,4448.20,19,Sell,13,61,74,-48.00,0.00,-48.00,1.40,100.0,4448.40,4448.40,4447.00,4447.00,147,233,380,-86.00,9.00,-98.00,3.40,73.5,-18,321,0.1395,0.0000,-272.00,-113.00,4427.10,2.3992,UP,221.55,1.7152,2.1240
20260810 195608 811,4447.20,1,4447.20,4447.40,0.20,4447.20,2,4447.10,5,4447.00,9,4446.90,6,4446.80,9,4446.70,6,4446.60,9,4446.50,5,4446.40,16,4446.30,16,4447.40,5,4447.50,6,4447.60,9,4447.70,7,4447.80,18,4447.90,16,4448.00,19,4448.10,15,4448.20,19,4448.30,17,Sell,13,62,75,-49.00,0.00,-49.00,1.40,85.7,4448.40,4448.40,4447.00,4447.20,147,233,380,-86.00,9.00,-98.00,3.40,73.5,-18,321,0.1395,0.0000,-273.00,-114.00,4427.11,2.4056,UP,221.55,1.7152,2.1240
20260810 195609 254,4447.10,1,4446.90,4447.20,0.30,4446.90,4,4446.80,7,4446.70,4,4446.60,9,4446.50,5,4446.40,16,4446.30,16,4446.20,18,4446.10,18,4446.00,18,4447.20,2,4447.30,5,4447.40,7,4447.50,5,4447.60,9,4447.70,7,4447.80,18,4447.90,18,4448.00,19,4448.10,15,Sell,13,63,76,-50.00,0.00,-50.00,1.40,92.9,4448.40,4448.40,4447.00,4447.10,147,233,380,-86.00,9.00,-98.00,3.40,73.5,-18,321,0.1395,0.0000,-274.00,-115.00,4427.11,2.4024,UP,221.55,1.7152,2.1240
20260810 195609 258,4447.00,1,4446.90,4447.20,0.30,4446.90,4,4446.80,7,4446.70,4,4446.60,9,4446.50,5,4446.40,16,4446.30,16,4446.20,18,4446.10,18,4446.00,18,4447.20,2,4447.30,5,4447.40,7,4447.50,5,4447.60,9,4447.70,7,4447.80,18,4447.90,18,4448.00,19,4448.10,15,Sell,13,64,77,-51.00,0.00,-51.00,1.40,100.0,4448.40,4448.40,4447.00,4447.00,147,233,380,-86.00,9.00,-98.00,3.40,73.5,-18,321,0.1395,0.0000,-275.00,-116.00,4427.10,2.3992,UP,221.55,1.7152,2.1240
20260810 195609 258,4446.90,1,4446.90,4447.20,0.30,4446.90,4,4446.80,7,4446.70,4,4446.60,9,4446.50,5,4446.40,16,4446.30,16,4446.20,18,4446.10,18,4446.00,18,4447.20,2,4447.30,5,4447.40,7,4447.50,5,4447.60,9,4447.70,7,4447.80,18,4447.90,18,4448.00,19,4448.10,15,Sell,13,65,78,-52.00,0.00,-52.00,1.50,100.0,4448.40,4448.40,4446.90,4446.90,147,233,380,-86.00,9.00,-98.00,3.40,73.5,-18,321,0.1395,0.0000,-276.00,-117.00,4427.09,2.3960,UP,221.55,1.7152,2.1311
20260810 195609 258,4446.90,1,4446.90,4447.20,0.30,4446.90,4,4446.80,7,4446.70,4,4446.60,9,4446.50,5,4446.40,16,4446.30,16,4446.20,18,4446.10,18,4446.00,18,4447.20,2,4447.30,5,4447.40,7,4447.50,5,4447.60,9,4447.70,7,4447.80,18,4447.90,18,4448.00,19,4448.10,15,Sell,13,66,79,-53.00,0.00,-53.00,1.50,100.0,4448.40,4448.40,4446.90,4446.90,147,233,380,-86.00,9.00,-98.00,3.40,73.5,-18,321,0.1395,0.0000,-277.00,-118.00,4427.09,2.3960,UP,221.55,1.7152,2.1311
20260810 195609 258,4446.90,1,4446.90,4447.20,0.30,4446.90,4,4446.80,7,4446.70,4,4446.60,9,4446.50,5,4446.40,16,4446.30,16,4446.20,18,4446.10,18,4446.00,18,4447.20,2,4447.30,5,4447.40,7,4447.50,5,4447.60,9,4447.70,7,4447.80,18,4447.90,18,4448.00,19,4448.10,15,Sell,13,67,80,-54.00,0.00,-54.00,1.50,100.0,4448.40,4448.40,4446.90,4446.90,147,233,380,-86.00,9.00,-98.00,3.40,73.5,-18,321,0.1395,0.0000,-278.00,-119.00,4427.09,2.3960,UP,221.55,1.7152,2.1311
20260810 195609 258,4446.90,1,4446.90,4447.20,0.30,4446.90,4,4446.80,7,4446.70,4,4446.60,9,4446.50,5,4446.40,16,4446.30,16,4446.20,18,4446.10,18,4446.00,18,4447.20,2,4447.30,5,4447.40,7,4447.50,5,4447.60,9,4447.70,7,4447.80,18,4447.90,18,4448.00,19,4448.10,15,Sell,13,68,81,-55.00,0.00,-55.00,1.50,100.0,4448.40,4448.40,4446.90,4446.90,147,233,380,-86.00,9.00,-98.00,3.40,73.5,-18,321,0.1395,0.0000,-279.00,-120.00,4427.09,2.3960,UP,221.55,1.7152,2.1311
20260810 195609 258,4446.80,1,4446.90,4447.20,0.30,4446.90,4,4446.80,7,4446.70,4,4446.60,9,4446.50,5,4446.40,16,4446.30,16,4446.20,18,4446.10,18,4446.00,18,4447.20,2,4447.30,5,4447.40,7,4447.50,5,4447.60,9,4447.70,7,4447.80,18,4447.90,18,4448.00,19,4448.10,15,Sell,13,69,82,-56.00,0.00,-56.00,1.60,100.0,4448.40,4448.40,4446.80,4446.80,147,233,380,-86.00,9.00,-98.00,3.40,73.5,-18,321,0.1395,0.0000,-280.00,-121.00,4427.08,2.3929,UP,221.55,1.7152,2.1383
20260810 195609 258,4446.80,1,4446.90,4447.20,0.30,4446.90,4,4446.80,7,4446.70,4,4446.60,9,4446.50,5,4446.40,16,4446.30,16,4446.20,18,4446.10,18,4446.00,18,4447.20,2,4447.30,5,4447.40,7,4447.50,5,4447.60,9,4447.70,7,4447.80,18,4447.90,18,4448.00,19,4448.10,15,Sell,13,70,83,-57.00,0.00,-57.00,1.60,100.0,4448.40,4448.40,4446.80,4446.80,147,233,380,-86.00,9.00,-98.00,3.40,73.5,-18,321,0.1395,0.0000,-281.00,-122.00,4427.08,2.3929,UP,221.55,1.7152,2.1383
20260810 195609 258,4446.80,2,4446.90,4447.20,0.30,4446.90,4,4446.80,7,4446.70,4,4446.60,9,4446.50,5,4446.40,16,4446.30,16,4446.20,18,4446.10,18,4446.00,18,4447.20,2,4447.30,5,4447.40,7,4447.50,5,4447.60,9,4447.70,7,4447.80,18,4447.90,18,4448.00,19,4448.10,15,Sell,13,72,85,-59.00,0.00,-59.00,1.60,100.0,4448.40,4448.40,4446.80,4446.80,147,233,380,-86.00,9.00,-98.00,3.40,73.5,-18,321,0.1395,0.0000,-283.00,-124.00,4427.08,2.3929,UP,221.55,1.7152,2.1383
20260810 195609 258,4446.80,2,4446.90,4447.20,0.30,4446.90,4,4446.80,7,4446.70,4,4446.60,9,4446.50,5,4446.40,16,4446.30,16,4446.20,18,4446.10,18,4446.00,18,4447.20,2,4447.30,5,4447.40,7,4447.50,5,4447.60,9,4447.70,7,4447.80,18,4447.90,18,4448.00,19,4448.10,15,Sell,13,74,87,-61.00,0.00,-61.00,1.60,100.0,4448.40,4448.40,4446.80,4446.80,147,233,380,-86.00,9.00,-98.00,3.40,73.5,-18,321,0.1395,0.0000,-285.00,-126.00,4427.08,2.3929,UP,221.55,1.7152,2.1383
20260810 195609 259,4446.80,1,4446.90,4447.20,0.30,4446.90,4,4446.80,7,4446.70,4,4446.60,9,4446.50,5,4446.40,16,4446.30,16,4446.20,18,4446.10,18,4446.00,18,4447.20,2,4447.30,5,4447.40,7,4447.50,5,4447.60,9,4447.70,7,4447.80,18,4447.90,18,4448.00,19,4448.10,15,Sell,13,75,88,-62.00,0.00,-62.00,1.60,100.0,4448.40,4448.40,4446.80,4446.80,147,233,380,-86.00,9.00,-98.00,3.40,73.5,-18,321,0.1395,0.0000,-286.00,-127.00,4427.08,2.3929,UP,221.55,1.7152,2.1383
20260810 195609 259,4446.80,1,4446.90,4447.20,0.30,4446.90,4,4446.80,7,4446.70,4,4446.60,9,4446.50,5,4446.40,16,4446.30,16,4446.20,18,4446.10,18,4446.00,18,4447.20,2,4447.30,5,4447.40,7,4447.50,5,4447.60,9,4447.70,7,4447.80,18,4447.90,18,4448.00,19,4448.10,15,Sell,13,76,89,-63.00,0.00,-63.00,1.60,100.0,4448.40,4448.40,4446.80,4446.80,147,233,380,-86.00,9.00,-98.00,3.40,73.5,-18,321,0.1395,0.0000,-287.00,-128.00,4427.08,2.3929,UP,221.55,1.7152,2.1383
20260810 195609 259,4446.70,1,4446.90,4447.20,0.30,4446.90,4,4446.80,7,4446.70,4,4446.60,9,4446.50,5,4446.40,16,4446.30,16,4446.20,18,4446.10,18,4446.00,18,4447.20,2,4447.30,5,4447.40,7,4447.50,5,4447.60,9,4447.70,7,4447.80,18,4447.90,18,4448.00,19,4448.10,15,Sell,13,77,90,-64.00,0.00,-64.00,1.70,100.0,4448.40,4448.40,4446.70,4446.70,147,233,380,-86.00,9.00,-98.00,3.40,73.5,-18,321,0.1395,0.0000,-288.00,-129.00,4427.07,2.3897,UP,221.55,1.7152,2.1454
20260810 195609 259,4446.70,1,4446.90,4447.20,0.30,4446.90,4,4446.80,7,4446.70,4,4446.60,9,4446.50,5,4446.40,16,4446.30,16,4446.20,18,4446.10,18,4446.00,18,4447.20,2,4447.30,5,4447.40,7,4447.50,5,4447.60,9,4447.70,7,4447.80,18,4447.90,18,4448.00,19,4448.10,15,Sell,13,78,91,-65.00,0.00,-65.00,1.70,100.0,4448.40,4448.40,4446.70,4446.70,147,233,380,-86.00,9.00,-98.00,3.40,73.5,-18,321,0.1395,0.0000,-289.00,-130.00,4427.07,2.3897,UP,221.55,1.7152,2.1454
20260810 195609 259,4446.70,1,4446.90,4447.20,0.30,4446.90,4,4446.80,7,4446.70,4,4446.60,9,4446.50,5,4446.40,16,4446.30,16,4446.20,18,4446.10,18,4446.00,18,4447.20,2,4447.30,5,4447.40,7,4447.50,5,4447.60,9,4447.70,7,4447.80,18,4447.90,18,4448.00,19,4448.10,15,Sell,13,79,92,-66.00,0.00,-66.00,1.70,100.0,4448.40,4448.40,4446.70,4446.70,147,233,380,-86.00,9.00,-98.00,3.40,73.5,-18,321,0.1395,0.0000,-290.00,-131.00,4427.07,2.3897,UP,221.55,1.7152,2.1454
20260810 195609 259,4446.70,1,4446.90,4447.20,0.30,4446.90,4,4446.80,7,4446.70,4,4446.60,9,4446.50,5,4446.40,16,4446.30,16,4446.20,18,4446.10,18,4446.00,18,4447.20,2,4447.30,5,4447.40,7,4447.50,5,4447.60,9,4447.70,7,4447.80,18,4447.90,18,4448.00,19,4448.10,15,Sell,13,80,93,-67.00,0.00,-67.00,1.70,100.0,4448.40,4448.40,4446.70,4446.70,147,233,380,-86.00,9.00,-98.00,3.40,73.5,-18,321,0.1395,0.0000,-291.00,-132.00,4427.07,2.3897,UP,221.55,1.7152,2.1454
20260810 195609 259,4446.70,1,4446.90,4447.20,0.30,4446.90,4,4446.80,7,4446.70,4,4446.60,9,4446.50,5,4446.40,16,4446.30,16,4446.20,18,4446.10,18,4446.00,18,4447.20,2,4447.30,5,4447.40,7,4447.50,5,4447.60,9,4447.70,7,4447.80,18,4447.90,18,4448.00,19,4448.10,15,Sell,13,81,94,-68.00,0.00,-68.00,1.70,100.0,4448.40,4448.40,4446.70,4446.70,147,233,380,-86.00,9.00,-98.00,3.40,73.5,-18,321,0.1395,0.0000,-292.00,-133.00,4427.07,2.3897,UP,221.55,1.7152,2.1454
20260810 195609 259,4446.70,1,4446.90,4447.20,0.30,4446.90,4,4446.80,7,4446.70,4,4446.60,9,4446.50,5,4446.40,16,4446.30,16,4446.20,18,4446.10,18,4446.00,18,4447.20,2,4447.30,5,4447.40,7,4447.50,5,4447.60,9,4447.70,7,4447.80,18,4447.90,18,4448.00,19,4448.10,15,Sell,13,82,95,-69.00,0.00,-69.00,1.70,100.0,4448.40,4448.40,4446.70,4446.70,147,233,380,-86.00,9.00,-98.00,3.40,73.5,-18,321,0.1395,0.0000,-293.00,-134.00,4427.07,2.3897,UP,221.55,1.7152,2.1454
20260810 195609 719,4446.90,1,4446.90,4447.00,0.10,4446.90,3,4446.80,5,4446.70,4,4446.60,9,4446.50,7,4446.40,16,4446.30,16,4446.20,19,4446.10,18,4446.00,18,4447.10,1,4447.20,4,4447.30,4,4447.40,7,4447.50,5,4447.60,9,4447.70,17,4447.80,18,4447.90,18,4448.00,19,Sell,13,83,96,-70.00,0.00,-70.00,1.70,88.2,4448.40,4448.40,4446.70,4446.90,147,233,380,-86.00,9.00,-98.00,3.40,73.5,-18,321,0.1395,0.0000,-294.00,-135.00,4427.09,2.3960,UP,221.55,1.7152,2.1454
20260810 195609 733,4447.00,1,4446.90,4447.00,0.10,4446.90,3,4446.80,5,4446.70,4,4446.60,9,4446.50,7,4446.40,16,4446.30,16,4446.20,19,4446.10,18,4446.00,18,4447.10,1,4447.20,4,4447.30,4,4447.40,7,4447.50,5,4447.60,9,4447.70,17,4447.80,18,4447.90,18,4448.00,19,Sell,13,84,97,-71.00,0.00,-71.00,1.70,82.4,4448.40,4448.40,4446.70,4447.00,147,233,380,-86.00,9.00,-98.00,3.40,73.5,-18,321,0.1395,0.0000,-295.00,-136.00,4427.10,2.3992,UP,221.55,1.7152,2.1454
20260810 195609 733,4447.00,1,4446.90,4447.00,0.10,4446.90,3,4446.80,5,4446.70,4,4446.60,9,4446.50,7,4446.40,16,4446.30,16,4446.20,19,4446.10,18,4446.00,18,4447.10,1,4447.20,4,4447.30,4,4447.40,7,4447.50,5,4447.60,9,4447.70,17,4447.80,18,4447.90,18,4448.00,19,Sell,13,85,98,-72.00,0.00,-72.00,1.70,82.4,4448.40,4448.40,4446.70,4447.00,147,233,380,-86.00,9.00,-98.00,3.40,73.5,-18,321,0.1395,0.0000,-296.00,-137.00,4427.10,2.3992,UP,221.55,1.7152,2.1454
20260810 195609 735,4447.00,1,4446.90,4447.00,0.10,4446.90,3,4446.80,5,4446.70,4,4446.60,9,4446.50,7,4446.40,16,4446.30,16,4446.20,19,4446.10,18,4446.00,18,4447.10,1,4447.20,4,4447.30,4,4447.40,7,4447.50,5,4447.60,9,4447.70,17,4447.80,18,4447.90,18,4448.00,19,Buy,14,85,99,-71.00,0.00,-72.00,1.70,82.4,4448.40,4448.40,4446.70,4447.00,147,233,380,-86.00,9.00,-98.00,3.40,73.5,-18,321,0.1395,0.0141,-295.00,-136.00,4427.10,2.3992,UP,221.55,1.7152,2.1454
20260810 195609 736,4447.00,4,4446.90,4447.00,0.10,4446.90,3,4446.80,5,4446.70,4,4446.60,9,4446.50,7,4446.40,16,4446.30,16,4446.20,19,4446.10,18,4446.00,18,4447.10,1,4447.20,4,4447.30,4,4447.40,7,4447.50,5,4447.60,9,4447.70,17,4447.80,18,4447.90,18,4448.00,19,Buy,18,85,103,-67.00,0.00,-72.00,1.70,82.4,4448.40,4448.40,4446.70,4447.00,147,233,380,-86.00,9.00,-98.00,3.40,73.5,-18,321,0.1395,0.0746,-291.00,-132.00,4427.10,2.3992,UP,221.55,1.7152,2.1454
20260810 195610 418,4447.00,1,4447.00,4447.20,0.20,4447.00,2,4446.90,5,4446.80,6,4446.70,6,4446.60,9,4446.50,7,4446.40,16,4446.30,16,4446.20,20,4446.10,18,4447.20,1,4447.30,4,4447.40,9,4447.50,5,4447.60,9,4447.70,17,4447.80,18,4447.90,18,4448.00,19,4448.10,15,Sell,18,86,104,-68.00,0.00,-72.00,1.70,82.4,4448.40,4448.40,4446.70,4447.00,147,233,380,-86.00,9.00,-98.00,3.40,73.5,-18,321,0.1395,0.0588,-292.00,-133.00,4427.10,2.3992,UP,221.55,1.7152,2.1454
20260810 195610 537,4447.00,1,4446.90,4447.10,0.20,4446.90,3,4446.80,6,4446.70,6,4446.60,9,4446.50,7,4446.40,16,4446.30,16,4446.20,20,4446.10,18,4446.00,18,4447.10,3,4447.20,5,4447.30,4,4447.40,9,4447.50,5,4447.60,9,4447.70,17,4447.80,18,4447.90,18,4448.00,19,Sell,18,87,105,-69.00,0.00,-72.00,1.70,82.4,4448.40,4448.40,4446.70,4447.00,147,233,380,-86.00,9.00,-98.00,3.40,73.5,-18,321,0.1395,0.0435,-293.00,-134.00,4427.10,2.3992,UP,221.55,1.7152,2.1454
20260810 195610 537,4447.00,1,4446.90,4447.10,0.20,4446.90,3,4446.80,6,4446.70,6,4446.60,9,4446.50,7,4446.40,16,4446.30,16,4446.20,20,4446.10,18,4446.00,18,4447.10,3,4447.20,5,4447.30,4,4447.40,9,4447.50,5,4447.60,9,4447.70,17,4447.80,18,4447.90,18,4448.00,19,Sell,18,88,106,-70.00,0.00,-72.00,1.70,82.4,4448.40,4448.40,4446.70,4447.00,147,233,380,-86.00,9.00,-98.00,3.40,73.5,-18,321,0.1395,0.0286,-294.00,-135.00,4427.10,2.3992,UP,221.55,1.7152,2.1454
20260810 195611 089,4447.40,1,4447.30,4447.40,0.10,4447.20,2,4447.10,5,4447.00,8,4446.90,6,4446.80,8,4446.70,6,4446.60,18,4446.50,16,4446.40,16,4446.30,16,4447.40,1,4447.50,2,4447.60,9,4447.70,6,4447.80,8,4447.90,18,4448.00,19,4448.10,15,4448.20,20,4448.30,18,Buy,19,88,107,-69.00,0.00,-72.00,1.70,58.8,4448.40,4448.40,4446.70,4447.40,147,233,380,-86.00,9.00,-98.00,3.40,73.5,-18,321,0.1395,0.0435,-293.00,-134.00,4427.13,2.4119,UP,221.55,1.7152,2.1454
20260810 195611 198,4447.30,1,4447.20,4447.40,0.20,4447.20,2,4447.10,3,4447.00,8,4446.90,5,4446.80,8,4446.70,7,4446.60,18,4446.50,16,4446.40,16,4446.30,16,4447.40,1,4447.50,4,4447.60,9,4447.70,6,4447.80,8,4447.90,18,4448.00,20,4448.10,15,4448.20,20,4448.30,18,Buy,20,88,108,-68.00,0.00,-72.00,1.70,64.7,4448.40,4448.40,4446.70,4447.30,147,233,380,-86.00,9.00,-98.00,3.40,73.5,-18,321,0.1395,0.0588,-292.00,-133.00,4427.12,2.4087,UP,221.55,1.7152,2.1454
20260810 195611 212,4447.20,1,4447.00,4447.20,0.20,4447.00,2,4446.90,5,4446.80,7,4446.70,5,4446.60,18,4446.50,16,4446.40,16,4446.30,16,4446.20,19,4446.10,18,4447.20,1,4447.30,4,4447.40,8,4447.50,6,4447.60,9,4447.70,6,4447.80,8,4447.90,18,4448.00,20,4448.10,15,Sell,20,89,109,-69.00,0.00,-72.00,1.70,70.6,4448.40,4448.40,4446.70,4447.20,147,233,380,-86.00,9.00,-98.00,3.40,73.5,-18,321,0.1395,0.0435,-293.00,-134.00,4427.11,2.4056,UP,221.55,1.7152,2.1454
20260810 195611 218,4447.20,1,4447.00,4447.20,0.20,4447.00,2,4446.90,5,4446.80,7,4446.70,5,4446.60,18,4446.50,16,4446.40,16,4446.30,16,4446.20,19,4446.10,18,4447.20,1,4447.30,4,4447.40,8,4447.50,6,4447.60,9,4447.70,6,4447.80,8,4447.90,18,4448.00,20,4448.10,15,Sell,20,90,110,-70.00,0.00,-72.00,1.70,70.6,4448.40,4448.40,4446.70,4447.20,147,233,380,-86.00,9.00,-98.00,3.40,73.5,-18,321,0.1395,0.0286,-294.00,-135.00,4427.11,2.4056,UP,221.55,1.7152,2.1454
20260810 195611 220,4447.20,1,4447.00,4447.20,0.20,4447.00,2,4446.90,5,4446.80,7,4446.70,5,4446.60,18,4446.50,16,4446.40,16,4446.30,16,4446.20,19,4446.10,18,4447.20,1,4447.30,4,4447.40,8,4447.50,6,4447.60,9,4447.70,6,4447.80,8,4447.90,18,4448.00,20,4448.10,15,Sell,20,91,111,-71.00,0.00,-72.00,1.70,70.6,4448.40,4448.40,4446.70,4447.20,147,233,380,-86.00,9.00,-98.00,3.40,73.5,-18,321,0.1395,0.0141,-295.00,-136.00,4427.11,2.4056,UP,221.55,1.7152,2.1454
20260810 195612 260,4447.20,1,4447.00,4447.20,0.20,4447.00,1,4446.90,2,4446.80,5,4446.70,5,4446.60,9,4446.50,7,4446.40,16,4446.30,16,4446.20,19,4446.10,18,4447.30,5,4447.40,7,4447.50,5,4447.60,9,4447.70,16,4447.80,18,4447.90,18,4448.00,20,4448.10,15,4448.20,20,Buy,21,91,112,-70.00,0.00,-72.00,1.70,70.6,4448.40,4448.40,4446.70,4447.20,147,233,380,-86.00,9.00,-98.00,3.40,73.5,-18,321,0.1395,0.0286,-294.00,-135.00,4427.11,2.4056,UP,221.55,1.7152,2.1454
20260810 195612 260,4447.20,1,4447.00,4447.20,0.20,4447.00,1,4446.90,2,4446.80,5,4446.70,5,4446.60,9,4446.50,7,4446.40,16,4446.30,16,4446.20,19,4446.10,18,4447.30,5,4447.40,7,4447.50,5,4447.60,9,4447.70,16,4447.80,18,4447.90,18,4448.00,20,4448.10,15,4448.20,20,Buy,22,91,113,-69.00,0.00,-72.00,1.70,70.6,4448.40,4448.40,4446.70,4447.20,147,233,380,-86.00,9.00,-98.00,3.40,73.5,-18,321,0.1395,0.0435,-293.00,-134.00,4427.11,2.4056,UP,221.55,1.7152,2.1454
20260810 195612 260,4447.30,1,4447.00,4447.20,0.20,4447.00,1,4446.90,2,4446.80,5,4446.70,5,4446.60,9,4446.50,7,4446.40,16,4446.30,16,4446.20,19,4446.10,18,4447.30,5,4447.40,7,4447.50,5,4447.60,9,4447.70,16,4447.80,18,4447.90,18,4448.00,20,4448.10,15,4448.20,20,Buy,23,91,114,-68.00,0.00,-72.00,1.70,64.7,4448.40,4448.40,4446.70,4447.30,147,233,380,-86.00,9.00,-98.00,3.40,73.5,-18,321,0.1395,0.0588,-292.00,-133.00,4427.12,2.4087,UP,221.55,1.7152,2.1454
20260810 195612 260,4447.30,1,4447.00,4447.20,0.20,4447.00,1,4446.90,2,4446.80,5,4446.70,5,4446.60,9,4446.50,7,4446.40,16,4446.30,16,4446.20,19,4446.10,18,4447.30,5,4447.40,7,4447.50,5,4447.60,9,4447.70,16,4447.80,18,4447.90,18,4448.00,20,4448.10,15,4448.20,20,Buy,24,91,115,-67.00,0.00,-72.00,1.70,64.7,4448.40,4448.40,4446.70,4447.30,147,233,380,-86.00,9.00,-98.00,3.40,73.5,-18,321,0.1395,0.0746,-291.00,-132.00,4427.12,2.4087,UP,221.55,1.7152,2.1454
20260810 195612 270,4447.20,1,4447.00,4447.20,0.20,4447.00,1,4446.90,2,4446.80,5,4446.70,5,4446.60,9,4446.50,7,4446.40,16,4446.30,16,4446.20,19,4446.10,18,4447.30,5,4447.40,7,4447.50,5,4447.60,9,4447.70,16,4447.80,18,4447.90,18,4448.00,20,4448.10,15,4448.20,20,Buy,25,91,116,-66.00,0.00,-72.00,1.70,70.6,4448.40,4448.40,4446.70,4447.20,147,233,380,-86.00,9.00,-98.00,3.40,73.5,-18,321,0.1395,0.0909,-290.00,-131.00,4427.11,2.4056,UP,221.55,1.7152,2.1454
20260810 195612 513,4447.00,1,4447.10,4447.30,0.20,4447.10,2,4447.00,5,4446.90,7,4446.80,5,4446.70,6,4446.60,9,4446.50,7,4446.40,18,4446.30,16,4446.20,19,4447.30,3,4447.40,6,4447.50,5,4447.60,9,4447.70,16,4447.80,18,4447.90,18,4448.00,20,4448.10,15,4448.20,20,Sell,25,92,117,-67.00,0.00,-72.00,1.70,82.4,4448.40,4448.40,4446.70,4447.00,147,233,380,-86.00,9.00,-98.00,3.40,73.5,-18,321,0.1395,0.0746,-291.00,-132.00,4427.10,2.3992,UP,221.55,1.7152,2.1454
20260810 195612 513,4446.90,1,4447.10,4447.30,0.20,4447.10,2,4447.00,5,4446.90,7,4446.80,5,4446.70,6,4446.60,9,4446.50,7,4446.40,18,4446.30,16,4446.20,19,4447.30,3,4447.40,6,4447.50,5,4447.60,9,4447.70,16,4447.80,18,4447.90,18,4448.00,20,4448.10,15,4448.20,20,Sell,25,93,118,-68.00,0.00,-72.00,1.70,88.2,4448.40,4448.40,4446.70,4446.90,147,233,380,-86.00,9.00,-98.00,3.40,73.5,-18,321,0.1395,0.0588,-292.00,-133.00,4427.09,2.3960,UP,221.55,1.7152,2.1454
20260810 195612 513,4446.90,1,4447.10,4447.30,0.20,4447.10,2,4447.00,5,4446.90,7,4446.80,5,4446.70,6,4446.60,9,4446.50,7,4446.40,18,4446.30,16,4446.20,19,4447.30,3,4447.40,6,4447.50,5,4447.60,9,4447.70,16,4447.80,18,4447.90,18,4448.00,20,4448.10,15,4448.20,20,Sell,25,94,119,-69.00,0.00,-72.00,1.70,88.2,4448.40,4448.40,4446.70,4446.90,147,233,380,-86.00,9.00,-98.00,3.40,73.5,-18,321,0.1395,0.0435,-293.00,-134.00,4427.09,2.3960,UP,221.55,1.7152,2.1454
20260810 195612 513,4446.80,1,4447.10,4447.30,0.20,4447.10,2,4447.00,5,4446.90,7,4446.80,5,4446.70,6,4446.60,9,4446.50,7,4446.40,18,4446.30,16,4446.20,19,4447.30,3,4447.40,6,4447.50,5,4447.60,9,4447.70,16,4447.80,18,4447.90,18,4448.00,20,4448.10,15,4448.20,20,Sell,25,95,120,-70.00,0.00,-72.00,1.70,94.1,4448.40,4448.40,4446.70,4446.80,147,233,380,-86.00,9.00,-98.00,3.40,73.5,-18,321,0.1395,0.0286,-294.00,-135.00,4427.08,2.3929,UP,221.55,1.7152,2.1454
20260810 195612 513,4446.80,2,4447.10,4447.30,0.20,4447.10,2,4447.00,5,4446.90,7,4446.80,5,4446.70,6,4446.60,9,4446.50,7,4446.40,18,4446.30,16,4446.20,19,4447.30,3,4447.40,6,4447.50,5,4447.60,9,4447.70,16,4447.80,18,4447.90,18,4448.00,20,4448.10,15,4448.20,20,Sell,25,97,122,-72.00,0.00,-72.00,1.70,94.1,4448.40,4448.40,4446.70,4446.80,147,233,380,-86.00,9.00,-98.00,3.40,73.5,-18,321,0.1395,0.0000,-296.00,-137.00,4427.08,2.3929,UP,221.55,1.7152,2.1454
20260810 195612 513,4446.80,2,4447.10,4447.30,0.20,4447.10,2,4447.00,5,4446.90,7,4446.80,5,4446.70,6,4446.60,9,4446.50,7,4446.40,18,4446.30,16,4446.20,19,4447.30,3,4447.40,6,4447.50,5,4447.60,9,4447.70,16,4447.80,18,4447.90,18,4448.00,20,4448.10,15,4448.20,20,Sell,25,99,124,-74.00,0.00,-74.00,1.70,94.1,4448.40,4448.40,4446.70,4446.80,147,233,380,-86.00,9.00,-98.00,3.40,73.5,-18,321,0.1395,0.0000,-298.00,-139.00,4427.08,2.3929,UP,221.55,1.7152,2.1454
20260810 195612 513,4446.70,1,4447.10,4447.30,0.20,4447.10,2,4447.00,5,4446.90,7,4446.80,5,4446.70,6,4446.60,9,4446.50,7,4446.40,18,4446.30,16,4446.20,19,4447.30,3,4447.40,6,4447.50,5,4447.60,9,4447.70,16,4447.80,18,4447.90,18,4448.00,20,4448.10,15,4448.20,20,Sell,25,100,125,-75.00,0.00,-75.00,1.70,100.0,4448.40,4448.40,4446.70,4446.70,147,233,380,-86.00,9.00,-98.00,3.40,73.5,-18,321,0.1395,0.0000,-299.00,-140.00,4427.07,2.3897,UP,221.55,1.7152,2.1454
20260810 195612 513,4446.70,2,4447.10,4447.30,0.20,4447.10,2,4447.00,5,4446.90,7,4446.80,5,4446.70,6,4446.60,9,4446.50,7,4446.40,18,4446.30,16,4446.20,19,4447.30,3,4447.40,6,4447.50,5,4447.60,9,4447.70,16,4447.80,18,4447.90,18,4448.00,20,4448.10,15,4448.20,20,Sell,25,102,127,-77.00,0.00,-77.00,1.70,100.0,4448.40,4448.40,4446.70,4446.70,147,233,380,-86.00,9.00,-98.00,3.40,73.5,-18,321,0.1395,0.0000,-301.00,-142.00,4427.07,2.3897,UP,221.55,1.7152,2.1454
20260810 195612 513,4446.70,1,4447.10,4447.30,0.20,4447.10,2,4447.00,5,4446.90,7,4446.80,5,4446.70,6,4446.60,9,4446.50,7,4446.40,18,4446.30,16,4446.20,19,4447.30,3,4447.40,6,4447.50,5,4447.60,9,4447.70,16,4447.80,18,4447.90,18,4448.00,20,4448.10,15,4448.20,20,Sell,25,103,128,-78.00,0.00,-78.00,1.70,100.0,4448.40,4448.40,4446.70,4446.70,147,233,380,-86.00,9.00,-98.00,3.40,73.5,-18,321,0.1395,0.0000,-302.00,-143.00,4427.07,2.3897,UP,221.55,1.7152,2.1454
20260810 195612 513,4446.70,1,4447.10,4447.30,0.20,4447.10,2,4447.00,5,4446.90,7,4446.80,5,4446.70,6,4446.60,9,4446.50,7,4446.40,18,4446.30,16,4446.20,19,4447.30,3,4447.40,6,4447.50,5,4447.60,9,4447.70,16,4447.80,18,4447.90,18,4448.00,20,4448.10,15,4448.20,20,Sell,25,104,129,-79.00,0.00,-79.00,1.70,100.0,4448.40,4448.40,4446.70,4446.70,147,233,380,-86.00,9.00,-98.00,3.40,73.5,-18,321,0.1395,0.0000,-303.00,-144.00,4427.07,2.3897,UP,221.55,1.7152,2.1454
20260810 195612 513,4446.60,1,4447.10,4447.30,0.20,4447.10,2,4447.00,5,4446.90,7,4446.80,5,4446.70,6,4446.60,9,4446.50,7,4446.40,18,4446.30,16,4446.20,19,4447.30,3,4447.40,6,4447.50,5,4447.60,9,4447.70,16,4447.80,18,4447.90,18,4448.00,20,4448.10,15,4448.20,20,Sell,25,105,130,-80.00,0.00,-80.00,1.80,100.0,4448.40,4448.40,4446.60,4446.60,147,233,380,-86.00,9.00,-98.00,3.40,73.5,-18,321,0.1395,0.0000,-304.00,-145.00,4427.06,2.3865,UP,221.55,1.7152,2.1525
20260810 195612 603,4447.20,2,4447.10,4447.30,0.20,4447.10,2,4447.00,5,4446.90,7,4446.80,5,4446.70,6,4446.60,9,4446.50,7,4446.40,18,4446.30,16,4446.20,19,4447.30,3,4447.40,6,4447.50,5,4447.60,9,4447.70,16,4447.80,18,4447.90,18,4448.00,20,4448.10,15,4448.20,20,Buy,27,105,132,-78.00,0.00,-80.00,1.80,66.7,4448.40,4448.40,4446.60,4447.20,147,233,380,-86.00,9.00,-98.00,3.40,73.5,-18,321,0.1395,0.0256,-302.00,-143.00,4427.11,2.4056,UP,221.55,1.7152,2.1525
20260810 195612 888,4447.10,1,4447.10,4447.30,0.20,4447.10,1,4447.00,5,4446.90,6,4446.80,5,4446.70,6,4446.60,9,4446.50,7,4446.40,18,4446.30,16,4446.20,19,4447.30,3,4447.40,6,4447.50,5,4447.60,9,4447.70,16,4447.80,18,4447.90,18,4448.00,20,4448.10,15,4448.20,20,Sell,27,106,133,-79.00,0.00,-80.00,1.80,72.2,4448.40,4448.40,4446.60,4447.10,147,233,380,-86.00,9.00,-98.00,3.40,73.5,-18,321,0.1395,0.0127,-303.00,-144.00,4427.11,2.4024,UP,221.55,1.7152,2.1525
20260810 195613 504,4447.10,1,4447.10,4447.30,0.20,4447.00,3,4446.90,6,4446.80,5,4446.70,6,4446.60,9,4446.50,7,4446.40,18,4446.30,16,4446.20,19,4446.10,15,4447.30,4,4447.40,6,4447.50,5,4447.60,9,4447.70,16,4447.80,18,4447.90,18,4448.00,20,4448.10,15,4448.20,21,Sell,27,107,134,-80.00,0.00,-80.00,1.80,72.2,4448.40,4448.40,4446.60,4447.10,147,233,380,-86.00,9.00,-98.00,3.40,73.5,-18,321,0.1395,0.0000,-304.00,-145.00,4427.11,2.4024,UP,221.55,1.7152,2.1525
20260810 195615 631,4447.30,1,4447.10,4447.30,0.20,4447.10,2,4447.00,3,4446.90,6,4446.80,5,4446.70,6,4446.60,10,4446.50,7,4446.40,18,4446.30,17,4446.20,19,4447.30,2,4447.40,6,4447.50,5,4447.60,9,4447.70,16,4447.80,18,4447.90,18,4448.00,20,4448.10,15,4448.20,20,Buy,28,107,135,-79.00,0.00,-80.00,1.80,61.1,4448.40,4448.40,4446.60,4447.30,147,233,380,-86.00,9.00,-98.00,3.40,73.5,-18,321,0.1395,0.0127,-303.00,-144.00,4427.12,2.4087,UP,221.55,1.7152,2.1525
20260810 195616 243,4447.20,1,4447.10,4447.20,0.10,4447.10,2,4447.00,3,4446.90,6,4446.80,4,4446.70,6,4446.60,9,4446.50,7,4446.40,18,4446.30,17,4446.20,19,4447.30,2,4447.40,6,4447.50,5,4447.60,9,4447.70,16,4447.80,18,4447.90,18,4448.00,20,4448.10,15,4448.20,20,Buy,29,107,136,-78.00,0.00,-80.00,1.80,66.7,4448.40,4448.40,4446.60,4447.20,147,233,380,-86.00,9.00,-98.00,3.40,73.5,-18,321,0.1395,0.0256,-302.00,-143.00,4427.11,2.4056,UP,221.55,1.7152,2.1525
20260810 195617 166,4447.10,1,4447.00,4447.30,0.30,4447.00,3,4446.90,6,4446.80,4,4446.70,6,4446.60,9,4446.50,8,4446.40,18,4446.30,17,4446.20,19,4446.10,15,4447.30,2,4447.40,6,4447.50,5,4447.60,9,4447.70,16,4447.80,18,4447.90,18,4448.00,20,4448.10,15,4448.20,21,Sell,29,108,137,-79.00,0.00,-80.00,1.80,72.2,4448.40,4448.40,4446.60,4447.10,147,233,380,-86.00,9.00,-98.00,3.40,73.5,-18,321,0.1395,0.0127,-303.00,-144.00,4427.11,2.4024,UP,221.55,1.7152,2.1525
20260810 195617 166,4447.10,1,4447.00,4447.30,0.30,4447.00,3,4446.90,6,4446.80,4,4446.70,6,4446.60,9,4446.50,8,4446.40,18,4446.30,17,4446.20,19,4446.10,15,4447.30,2,4447.40,6,4447.50,5,4447.60,9,4447.70,16,4447.80,18,4447.90,18,4448.00,20,4448.10,15,4448.20,21,Sell,29,109,138,-80.00,0.00,-80.00,1.80,72.2,4448.40,4448.40,4446.60,4447.10,147,233,380,-86.00,9.00,-98.00,3.40,73.5,-18,321,0.1395,0.0000,-304.00,-145.00,4427.11,2.4024,UP,221.55,1.7152,2.1525
20260810 195617 578,4447.30,1,4447.10,4447.30,0.20,4447.10,2,4447.00,3,4446.90,6,4446.80,4,4446.70,7,4446.60,9,4446.50,7,4446.40,18,4446.30,17,4446.20,19,4447.30,1,4447.40,6,4447.50,5,4447.60,9,4447.70,16,4447.80,18,4447.90,18,4448.00,20,4448.10,15,4448.20,21,Buy,30,109,139,-79.00,0.00,-80.00,1.80,61.1,4448.40,4448.40,4446.60,4447.30,147,233,380,-86.00,9.00,-98.00,3.40,73.5,-18,321,0.1395,0.0127,-303.00,-144.00,4427.12,2.4087,UP,221.55,1.7152,2.1525
20260810 195617 811,4447.30,1,4447.10,4447.30,0.20,4447.10,2,4447.00,4,4446.90,6,4446.80,4,4446.70,7,4446.60,9,4446.50,7,4446.40,18,4446.30,17,4446.20,19,4447.30,2,4447.40,6,4447.50,5,4447.60,9,4447.70,16,4447.80,18,4447.90,18,4448.00,20,4448.10,15,4448.20,21,Buy,31,109,140,-78.00,0.00,-80.00,1.80,61.1,4448.40,4448.40,4446.60,4447.30,147,233,380,-86.00,9.00,-98.00,3.40,73.5,-18,321,0.1395,0.0256,-302.00,-143.00,4427.12,2.4087,UP,221.55,1.7152,2.1525
20260810 195618 033,4447.10,1,4447.10,4447.30,0.20,4447.00,4,4446.90,5,4446.80,4,4446.70,6,4446.60,9,4446.50,7,4446.40,19,4446.30,17,4446.20,19,4446.10,15,4447.30,2,4447.40,6,4447.50,5,4447.60,9,4447.70,16,4447.80,18,4447.90,18,4448.00,20,4448.10,15,4448.20,21,Sell,31,110,141,-79.00,0.00,-80.00,1.80,72.2,4448.40,4448.40,4446.60,4447.10,147,233,380,-86.00,9.00,-98.00,3.40,73.5,-18,321,0.1395,0.0127,-303.00,-144.00,4427.11,2.4024,UP,221.55,1.7152,2.1525
20260810 195618 033,4447.10,1,4447.10,4447.30,0.20,4447.00,4,4446.90,5,4446.80,4,4446.70,6,4446.60,9,4446.50,7,4446.40,19,4446.30,17,4446.20,19,4446.10,15,4447.30,2,4447.40,6,4447.50,5,4447.60,9,4447.70,16,4447.80,18,4447.90,18,4448.00,20,4448.10,15,4448.20,21,Sell,31,111,142,-80.00,0.00,-80.00,1.80,72.2,4448.40,4448.40,4446.60,4447.10,147,233,380,-86.00,9.00,-98.00,3.40,73.5,-18,321,0.1395,0.0000,-304.00,-145.00,4427.11,2.4024,UP,221.55,1.7152,2.1525
20260810 195618 557,4447.20,1,4447.10,4447.30,0.20,4447.10,2,4447.00,3,4446.90,5,4446.80,4,4446.70,6,4446.60,9,4446.50,7,4446.40,18,4446.30,17,4446.20,20,4447.30,2,4447.40,6,4447.50,6,4447.60,9,4447.70,16,4447.80,19,4447.90,18,4448.00,20,4448.10,15,4448.20,21,Buy,32,111,143,-79.00,0.00,-80.00,1.80,66.7,4448.40,4448.40,4446.60,4447.20,147,233,380,-86.00,9.00,-98.00,3.40,73.5,-18,321,0.1395,0.0127,-303.00,-144.00,4427.11,2.4056,UP,221.55,1.7152,2.1525
20260810 195620 772,4447.30,1,4447.10,4447.30,0.20,4447.10,2,4447.00,5,4446.90,6,4446.80,4,4446.70,6,4446.60,9,4446.50,7,4446.40,18,4446.30,17,4446.20,19,4447.30,1,4447.40,4,4447.50,5,4447.60,9,4447.70,16,4447.80,18,4447.90,18,4448.00,20,4448.10,15,4448.20,21,Buy,33,111,144,-78.00,0.00,-80.00,1.80,61.1,4448.40,4448.40,4446.60,4447.30,147,233,380,-86.00,9.00,-98.00,3.40,73.5,-18,321,0.1395,0.0256,-302.00,-143.00,4427.12,2.4087,UP,221.55,1.7152,2.1525
20260810 195620 772,4447.40,1,4447.10,4447.30,0.20,4447.10,2,4447.00,5,4446.90,6,4446.80,4,4446.70,6,4446.60,9,4446.50,7,4446.40,18,4446.30,17,4446.20,19,4447.30,1,4447.40,4,4447.50,5,4447.60,9,4447.70,16,4447.80,18,4447.90,18,4448.00,20,4448.10,15,4448.20,21,Buy,34,111,145,-77.00,0.00,-80.00,1.80,55.6,4448.40,4448.40,4446.60,4447.40,147,233,380,-86.00,9.00,-98.00,3.40,73.5,-18,321,0.1395,0.0390,-301.00,-142.00,4427.13,2.4119,UP,221.55,1.7152,2.1525
20260810 195620 772,4447.40,1,4447.10,4447.30,0.20,4447.10,2,4447.00,5,4446.90,6,4446.80,4,4446.70,6,4446.60,9,4446.50,7,4446.40,18,4446.30,17,4446.20,19,4447.30,1,4447.40,4,4447.50,5,4447.60,9,4447.70,16,4447.80,18,4447.90,18,4448.00,20,4448.10,15,4448.20,21,Buy,35,111,146,-76.00,0.00,-80.00,1.80,55.6,4448.40,4448.40,4446.60,4447.40,147,233,380,-86.00,9.00,-98.00,3.40,73.5,-18,321,0.1395,0.0526,-300.00,-141.00,4427.13,2.4119,UP,221.55,1.7152,2.1525
20260810 195620 772,4447.40,2,4447.10,4447.30,0.20,4447.10,2,4447.00,5,4446.90,6,4446.80,4,4446.70,6,4446.60,9,4446.50,7,4446.40,18,4446.30,17,4446.20,19,4447.30,1,4447.40,4,4447.50,5,4447.60,9,4447.70,16,4447.80,18,4447.90,18,4448.00,20,4448.10,15,4448.20,21,Buy,37,111,148,-74.00,0.00,-80.00,1.80,55.6,4448.40,4448.40,4446.60,4447.40,147,233,380,-86.00,9.00,-98.00,3.40,73.5,-18,321,0.1395,0.0811,-298.00,-139.00,4427.13,2.4119,UP,221.55,1.7152,2.1525
20260810 195620 801,4447.10,1,4447.10,4447.30,0.20,4447.10,2,4447.00,5,4446.90,6,4446.80,4,4446.70,6,4446.60,9,4446.50,7,4446.40,18,4446.30,17,4446.20,19,4447.30,1,4447.40,4,4447.50,5,4447.60,9,4447.70,16,4447.80,18,4447.90,18,4448.00,20,4448.10,15,4448.20,21,Sell,37,112,149,-75.00,0.00,-80.00,1.80,72.2,4448.40,4448.40,4446.60,4447.10,147,233,380,-86.00,9.00,-98.00,3.40,73.5,-18,321,0.1395,0.0667,-299.00,-140.00,4427.11,2.4024,UP,221.55,1.7152,2.1525
20260810 195620 914,4447.10,1,4447.10,4447.30,0.20,4447.10,1,4447.00,5,4446.90,6,4446.80,4,4446.70,6,4446.60,9,4446.50,7,4446.40,18,4446.30,17,4446.20,19,4447.30,1,4447.40,4,4447.50,5,4447.60,9,4447.70,16,4447.80,18,4447.90,18,4448.00,20,4448.10,15,4448.20,21,Sell,37,113,150,-76.00,0.00,-80.00,1.80,72.2,4448.40,4448.40,4446.60,4447.10,147,233,380,-86.00,9.00,-98.00,3.40,73.5,-18,321,0.1395,0.0526,-300.00,-141.00,4427.11,2.4024,UP,221.55,1.7152,2.1525
20260810 195621 240,4447.20,1,4447.10,4447.30,0.20,4447.20,1,4447.10,3,4447.00,5,4446.90,6,4446.80,4,4446.70,6,4446.60,9,4446.50,7,4446.40,18,4446.30,17,4447.40,4,4447.50,5,4447.60,9,4447.70,16,4447.80,18,4447.90,18,4448.00,20,4448.10,15,4448.20,21,4448.30,18,Sell,37,114,151,-77.00,0.00,-80.00,1.80,66.7,4448.40,4448.40,4446.60,4447.20,147,233,380,-86.00,9.00,-98.00,3.40,73.5,-18,321,0.1395,0.0390,-301.00,-142.00,4427.11,2.4056,UP,221.55,1.7152,2.1525
20260810 195621 241,4447.10,1,4447.10,4447.30,0.20,4447.20,1,4447.10,3,4447.00,5,4446.90,6,4446.80,4,4446.70,6,4446.60,9,4446.50,7,4446.40,18,4446.30,17,4447.40,4,4447.50,5,4447.60,9,4447.70,16,4447.80,18,4447.90,18,4448.00,20,4448.10,15,4448.20,21,4448.30,18,Sell,37,115,152,-78.00,0.00,-80.00,1.80,72.2,4448.40,4448.40,4446.60,4447.10,147,233,380,-86.00,9.00,-98.00,3.40,73.5,-18,321,0.1395,0.0256,-302.00,-143.00,4427.11,2.4024,UP,221.55,1.7152,2.1525
20260810 195621 241,4447.10,2,4447.10,4447.30,0.20,4447.20,1,4447.10,3,4447.00,5,4446.90,6,4446.80,4,4446.70,6,4446.60,9,4446.50,7,4446.40,18,4446.30,17,4447.40,4,4447.50,5,4447.60,9,4447.70,16,4447.80,18,4447.90,18,4448.00,20,4448.10,15,4448.20,21,4448.30,18,Sell,37,117,154,-80.00,0.00,-80.00,1.80,72.2,4448.40,4448.40,4446.60,4447.10,147,233,380,-86.00,9.00,-98.00,3.40,73.5,-18,321,0.1395,0.0000,-304.00,-145.00,4427.11,2.4024,UP,221.55,1.7152,2.1525
20260810 195621 268,4447.10,1,4447.00,4447.10,0.10,4447.00,2,4446.90,4,4446.80,4,4446.70,7,4446.60,9,4446.50,7,4446.40,18,4446.30,17,4446.20,19,4446.10,15,4447.20,1,4447.30,5,4447.40,5,4447.50,6,4447.60,9,4447.70,16,4447.80,18,4447.90,18,4448.00,20,4448.10,15,Buy,38,117,155,-79.00,0.00,-80.00,1.80,72.2,4448.40,4448.40,4446.60,4447.10,147,233,380,-86.00,9.00,-98.00,3.40,73.5,-18,321,0.1395,0.0127,-303.00,-144.00,4427.11,2.4024,UP,221.55,1.7152,2.1525
20260810 195621 685,4446.90,1,4446.80,4447.10,0.30,4446.80,5,4446.70,6,4446.60,7,4446.50,6,4446.40,9,4446.30,16,4446.20,19,4446.10,15,4446.00,19,4445.90,14,4447.10,4,4447.20,6,4447.30,6,4447.40,6,4447.50,6,4447.60,19,4447.70,16,4447.80,18,4447.90,18,4448.00,20,Sell,38,118,156,-80.00,0.00,-80.00,1.80,83.3,4448.40,4448.40,4446.60,4446.90,147,233,380,-86.00,9.00,-98.00,3.40,73.5,-18,321,0.1395,0.0000,-304.00,-145.00,4427.09,2.3960,UP,221.55,1.7152,2.1525
20260810 195621 894,4447.10,1,4446.80,4447.10,0.30,4446.80,6,4446.70,6,4446.60,7,4446.50,6,4446.40,10,4446.30,16,4446.20,19,4446.10,15,4446.00,19,4445.90,15,4447.10,1,4447.20,6,4447.30,5,4447.40,6,4447.50,6,4447.60,19,4447.70,16,4447.80,18,4447.90,18,4448.00,20,Buy,39,118,157,-79.00,0.00,-80.00,1.80,72.2,4448.40,4448.40,4446.60,4447.10,147,233,380,-86.00,9.00,-98.00,3.40,73.5,-18,321,0.1395,0.0127,-303.00,-144.00,4427.11,2.4024,UP,221.55,1.7152,2.1525
20260810 195622 091,4446.90,1,4446.70,4446.90,0.20,4446.80,6,4446.70,6,4446.60,7,4446.50,6,4446.40,10,4446.30,16,4446.20,19,4446.10,15,4446.00,19,4445.90,15,4447.00,1,4447.10,2,4447.20,6,4447.30,5,4447.40,6,4447.50,6,4447.60,19,4447.70,16,4447.80,18,4447.90,18,Buy,40,118,158,-78.00,0.00,-80.00,1.80,83.3,4448.40,4448.40,4446.60,4446.90,147,233,380,-86.00,9.00,-98.00,3.40,73.5,-18,321,0.1395,0.0256,-302.00,-143.00,4427.09,2.3960,UP,221.55,1.7152,2.1525
20260810 195622 378,4447.10,1,4446.90,4447.20,0.30,4446.90,3,4446.80,4,4446.70,7,4446.60,7,4446.50,7,4446.40,9,4446.30,16,4446.20,19,4446.10,15,4446.00,19,4447.20,4,4447.30,5,4447.40,6,4447.50,6,4447.60,19,4447.70,16,4447.80,18,4447.90,18,4448.00,20,4448.10,15,Buy,41,118,159,-77.00,0.00,-80.00,1.80,72.2,4448.40,4448.40,4446.60,4447.10,147,233,380,-86.00,9.00,-98.00,3.40,73.5,-18,321,0.1395,0.0390,-301.00,-142.00,4427.11,2.4024,UP,221.55,1.7152,2.1525
20260810 195622 378,4447.10,1,4446.90,4447.20,0.30,4446.90,3,4446.80,4,4446.70,7,4446.60,7,4446.50,7,4446.40,9,4446.30,16,4446.20,19,4446.10,15,4446.00,19,4447.20,4,4447.30,5,4447.40,6,4447.50,6,4447.60,19,4447.70,16,4447.80,18,4447.90,18,4448.00,20,4448.10,15,Buy,42,118,160,-76.00,0.00,-80.00,1.80,72.2,4448.40,4448.40,4446.60,4447.10,147,233,380,-86.00,9.00,-98.00,3.40,73.5,-18,321,0.1395,0.0526,-300.00,-141.00,4427.11,2.4024,UP,221.55,1.7152,2.1525
20260810 195622 378,4447.20,1,4446.90,4447.20,0.30,4446.90,3,4446.80,4,4446.70,7,4446.60,7,4446.50,7,4446.40,9,4446.30,16,4446.20,19,4446.10,15,4446.00,19,4447.20,4,4447.30,5,4447.40,6,4447.50,6,4447.60,19,4447.70,16,4447.80,18,4447.90,18,4448.00,20,4448.10,15,Buy,43,118,161,-75.00,0.00,-80.00,1.80,66.7,4448.40,4448.40,4446.60,4447.20,147,233,380,-86.00,9.00,-98.00,3.40,73.5,-18,321,0.1395,0.0667,-299.00,-140.00,4427.11,2.4056,UP,221.55,1.7152,2.1525
20260810 195622 378,4447.20,1,4446.90,4447.20,0.30,4446.90,3,4446.80,4,4446.70,7,4446.60,7,4446.50,7,4446.40,9,4446.30,16,4446.20,19,4446.10,15,4446.00,19,4447.20,4,4447.30,5,4447.40,6,4447.50,6,4447.60,19,4447.70,16,4447.80,18,4447.90,18,4448.00,20,4448.10,15,Buy,44,118,162,-74.00,0.00,-80.00,1.80,66.7,4448.40,4448.40,4446.60,4447.20,147,233,380,-86.00,9.00,-98.00,3.40,73.5,-18,321,0.1395,0.0811,-298.00,-139.00,4427.11,2.4056,UP,221.55,1.7152,2.1525
20260810 195622 378,4447.20,2,4446.90,4447.20,0.30,4446.90,3,4446.80,4,4446.70,7,4446.60,7,4446.50,7,4446.40,9,4446.30,16,4446.20,19,4446.10,15,4446.00,19,4447.20,4,4447.30,5,4447.40,6,4447.50,6,4447.60,19,4447.70,16,4447.80,18,4447.90,18,4448.00,20,4448.10,15,Buy,46,118,164,-72.00,0.00,-80.00,1.80,66.7,4448.40,4448.40,4446.60,4447.20,147,233,380,-86.00,9.00,-98.00,3.40,73.5,-18,321,0.1395,0.1111,-296.00,-137.00,4427.11,2.4056,UP,221.55,1.7152,2.1525
20260810 195623 989,4446.90,1,4446.90,4447.10,0.20,4446.90,2,4446.80,5,4446.70,5,4446.60,8,4446.50,6,4446.40,9,4446.30,16,4446.20,19,4446.10,15,4446.00,19,4447.10,2,4447.20,4,4447.30,3,4447.40,6,4447.50,6,4447.60,19,4447.70,16,4447.80,18,4447.90,19,4448.00,20,Sell,46,119,165,-73.00,0.00,-80.00,1.80,83.3,4448.40,4448.40,4446.60,4446.90,147,233,380,-86.00,9.00,-98.00,3.40,73.5,-18,321,0.1395,0.0959,-297.00,-138.00,4427.09,2.3960,UP,221.55,1.7152,2.1525
20260810 195623 989,4446.90,1,4446.90,4447.10,0.20,4446.90,2,4446.80,5,4446.70,5,4446.60,8,4446.50,6,4446.40,9,4446.30,16,4446.20,19,4446.10,15,4446.00,19,4447.10,2,4447.20,4,4447.30,3,4447.40,6,4447.50,6,4447.60,19,4447.70,16,4447.80,18,4447.90,19,4448.00,20,Sell,46,120,166,-74.00,0.00,-80.00,1.80,83.3,4448.40,4448.40,4446.60,4446.90,147,233,380,-86.00,9.00,-98.00,3.40,73.5,-18,321,0.1395,0.0811,-298.00,-139.00,4427.09,2.3960,UP,221.55,1.7152,2.1525
20260810 195623 989,4446.90,1,4446.90,4447.10,0.20,4446.90,2,4446.80,5,4446.70,5,4446.60,8,4446.50,6,4446.40,9,4446.30,16,4446.20,19,4446.10,15,4446.00,19,4447.10,2,4447.20,4,4447.30,3,4447.40,6,4447.50,6,4447.60,19,4447.70,16,4447.80,18,4447.90,19,4448.00,20,Sell,46,121,167,-75.00,0.00,-80.00,1.80,83.3,4448.40,4448.40,4446.60,4446.90,147,233,380,-86.00,9.00,-98.00,3.40,73.5,-18,321,0.1395,0.0667,-299.00,-140.00,4427.09,2.3960,UP,221.55,1.7152,2.1525
20260810 195623 989,4446.80,2,4446.90,4447.10,0.20,4446.90,2,4446.80,5,4446.70,5,4446.60,8,4446.50,6,4446.40,9,4446.30,16,4446.20,19,4446.10,15,4446.00,19,4447.10,2,4447.20,4,4447.30,3,4447.40,6,4447.50,6,4447.60,19,4447.70,16,4447.80,18,4447.90,19,4448.00,20,Sell,46,123,169,-77.00,0.00,-80.00,1.80,88.9,4448.40,4448.40,4446.60,4446.80,147,233,380,-86.00,9.00,-98.00,3.40,73.5,-18,321,0.1395,0.0390,-301.00,-142.00,4427.08,2.3929,UP,221.55,1.7152,2.1525
20260810 195623 989,4446.80,1,4446.90,4447.10,0.20,4446.90,2,4446.80,5,4446.70,5,4446.60,8,4446.50,6,4446.40,9,4446.30,16,4446.20,19,4446.10,15,4446.00,19,4447.10,2,4447.20,4,4447.30,3,4447.40,6,4447.50,6,4447.60,19,4447.70,16,4447.80,18,4447.90,19,4448.00,20,Sell,46,124,170,-78.00,0.00,-80.00,1.80,88.9,4448.40,4448.40,4446.60,4446.80,147,233,380,-86.00,9.00,-98.00,3.40,73.5,-18,321,0.1395,0.0256,-302.00,-143.00,4427.08,2.3929,UP,221.55,1.7152,2.1525
20260810 195623 989,4446.80,1,4446.90,4447.10,0.20,4446.90,2,4446.80,5,4446.70,5,4446.60,8,4446.50,6,4446.40,9,4446.30,16,4446.20,19,4446.10,15,4446.00,19,4447.10,2,4447.20,4,4447.30,3,4447.40,6,4447.50,6,4447.60,19,4447.70,16,4447.80,18,4447.90,19,4448.00,20,Sell,46,125,171,-79.00,0.00,-80.00,1.80,88.9,4448.40,4448.40,4446.60,4446.80,147,233,380,-86.00,9.00,-98.00,3.40,73.5,-18,321,0.1395,0.0127,-303.00,-144.00,4427.08,2.3929,UP,221.55,1.7152,2.1525
20260810 195623 989,4446.80,1,4446.90,4447.10,0.20,4446.90,2,4446.80,5,4446.70,5,4446.60,8,4446.50,6,4446.40,9,4446.30,16,4446.20,19,4446.10,15,4446.00,19,4447.10,2,4447.20,4,4447.30,3,4447.40,6,4447.50,6,4447.60,19,4447.70,16,4447.80,18,4447.90,19,4448.00,20,Sell,46,126,172,-80.00,0.00,-80.00,1.80,88.9,4448.40,4448.40,4446.60,4446.80,147,233,380,-86.00,9.00,-98.00,3.40,73.5,-18,321,0.1395,0.0000,-304.00,-145.00,4427.08,2.3929,UP,221.55,1.7152,2.1525
20260810 195623 989,4446.70,1,4446.90,4447.10,0.20,4446.90,2,4446.80,5,4446.70,5,4446.60,8,4446.50,6,4446.40,9,4446.30,16,4446.20,19,4446.10,15,4446.00,19,4447.10,2,4447.20,4,4447.30,3,4447.40,6,4447.50,6,4447.60,19,4447.70,16,4447.80,18,4447.90,19,4448.00,20,Sell,46,127,173,-81.00,0.00,-81.00,1.80,94.4,4448.40,4448.40,4446.60,4446.70,147,233,380,-86.00,9.00,-98.00,3.40,73.5,-18,321,0.1395,0.0000,-305.00,-146.00,4427.07,2.3897,UP,221.55,1.7152,2.1525
20260810 195623 989,4446.70,1,4446.90,4447.10,0.20,4446.90,2,4446.80,5,4446.70,5,4446.60,8,4446.50,6,4446.40,9,4446.30,16,4446.20,19,4446.10,15,4446.00,19,4447.10,2,4447.20,4,4447.30,3,4447.40,6,4447.50,6,4447.60,19,4447.70,16,4447.80,18,4447.90,19,4448.00,20,Sell,46,128,174,-82.00,0.00,-82.00,1.80,94.4,4448.40,4448.40,4446.60,4446.70,147,233,380,-86.00,9.00,-98.00,3.40,73.5,-18,321,0.1395,0.0000,-306.00,-147.00,4427.07,2.3897,UP,221.55,1.7152,2.1525
20260810 195623 989,4446.70,1,4446.90,4447.10,0.20,4446.90,2,4446.80,5,4446.70,5,4446.60,8,4446.50,6,4446.40,9,4446.30,16,4446.20,19,4446.10,15,4446.00,19,4447.10,2,4447.20,4,4447.30,3,4447.40,6,4447.50,6,4447.60,19,4447.70,16,4447.80,18,4447.90,19,4448.00,20,Sell,46,129,175,-83.00,0.00,-83.00,1.80,94.4,4448.40,4448.40,4446.60,4446.70,147,233,380,-86.00,9.00,-98.00,3.40,73.5,-18,321,0.1395,0.0000,-307.00,-148.00,4427.07,2.3897,UP,221.55,1.7152,2.1525
20260810 195623 989,4446.70,1,4446.90,4447.10,0.20,4446.90,2,4446.80,5,4446.70,5,4446.60,8,4446.50,6,4446.40,9,4446.30,16,4446.20,19,4446.10,15,4446.00,19,4447.10,2,4447.20,4,4447.30,3,4447.40,6,4447.50,6,4447.60,19,4447.70,16,4447.80,18,4447.90,19,4448.00,20,Sell,46,130,176,-84.00,0.00,-84.00,1.80,94.4,4448.40,4448.40,4446.60,4446.70,147,233,380,-86.00,9.00,-98.00,3.40,73.5,-18,321,0.1395,0.0000,-308.00,-149.00,4427.07,2.3897,UP,221.55,1.7152,2.1525
20260810 195624 005,4447.00,1,4446.90,4447.10,0.20,4446.90,2,4446.80,5,4446.70,5,4446.60,8,4446.50,6,4446.40,9,4446.30,16,4446.20,19,4446.10,15,4446.00,19,4447.10,2,4447.20,4,4447.30,3,4447.40,6,4447.50,6,4447.60,19,4447.70,16,4447.80,18,4447.90,19,4448.00,20,Buy,47,130,177,-83.00,0.00,-84.00,1.80,77.8,4448.40,4448.40,4446.60,4447.00,147,233,380,-86.00,9.00,-98.00,3.40,73.5,-18,321,0.1395,0.0120,-307.00,-148.00,4427.10,2.3992,UP,221.55,1.7152,2.1525
20260810 195624 472,4446.90,1,4446.90,4447.10,0.20,4446.90,2,4446.80,5,4446.70,6,4446.60,8,4446.50,7,4446.40,9,4446.30,16,4446.20,19,4446.10,15,4446.00,19,4447.10,1,4447.20,7,4447.30,6,4447.40,6,4447.50,6,4447.60,9,4447.70,16,4447.80,18,4447.90,18,4448.00,20,Sell,47,131,178,-84.00,0.00,-84.00,1.80,83.3,4448.40,4448.40,4446.60,4446.90,147,233,380,-86.00,9.00,-98.00,3.40,73.5,-18,321,0.1395,0.0000,-308.00,-149.00,4427.09,2.3960,UP,221.55,1.7152,2.1525
20260810 195624 472,4446.90,1,4446.90,4447.10,0.20,4446.90,2,4446.80,5,4446.70,6,4446.60,8,4446.50,7,4446.40,9,4446.30,16,4446.20,19,4446.10,15,4446.00,19,4447.10,1,4447.20,7,4447.30,6,4447.40,6,4447.50,6,4447.60,9,4447.70,16,4447.80,18,4447.90,18,4448.00,20,Sell,47,132,179,-85.00,0.00,-85.00,1.80,83.3,4448.40,4448.40,4446.60,4446.90,147,233,380,-86.00,9.00,-98.00,3.40,73.5,-18,321,0.1395,0.0000,-309.00,-150.00,4427.09,2.3960,UP,221.55,1.7152,2.1525
20260810 195624 996,4447.10,1,4446.90,4447.20,0.30,4446.90,1,4446.80,5,4446.70,5,4446.60,7,4446.50,7,4446.40,9,4446.30,16,4446.20,19,4446.10,15,4446.00,19,4447.10,2,4447.20,7,4447.30,6,4447.40,6,4447.50,6,4447.60,9,4447.70,16,4447.80,18,4447.90,18,4448.00,20,Buy,48,132,180,-84.00,0.00,-85.00,1.80,72.2,4448.40,4448.40,4446.60,4447.10,147,233,380,-86.00,9.00,-98.00,3.40,73.5,-18,321,0.1395,0.0119,-308.00,-149.00,4427.11,2.4024,UP,221.55,1.7152,2.1525
20260810 195624 996,4447.10,1,4446.90,4447.20,0.30,4446.90,1,4446.80,5,4446.70,5,4446.60,7,4446.50,7,4446.40,9,4446.30,16,4446.20,19,4446.10,15,4446.00,19,4447.10,2,4447.20,7,4447.30,6,4447.40,6,4447.50,6,4447.60,9,4447.70,16,4447.80,18,4447.90,18,4448.00,20,Buy,49,132,181,-83.00,0.00,-85.00,1.80,72.2,4448.40,4448.40,4446.60,4447.10,147,233,380,-86.00,9.00,-98.00,3.40,73.5,-18,321,0.1395,0.0241,-307.00,-148.00,4427.11,2.4024,UP,221.55,1.7152,2.1525
20260810 195627 006,4447.00,1,4447.00,4447.20,0.20,4447.00,3,4446.90,4,4446.80,5,4446.70,5,4446.60,8,4446.50,7,4446.40,9,4446.30,16,4446.20,18,4446.10,15,4447.20,1,4447.30,4,4447.40,5,4447.50,6,4447.60,9,4447.70,16,4447.80,18,4447.90,18,4448.00,20,4448.10,15,Sell,49,133,182,-84.00,0.00,-85.00,1.80,77.8,4448.40,4448.40,4446.60,4447.00,147,233,380,-86.00,9.00,-98.00,3.40,73.5,-18,321,0.1395,0.0119,-308.00,-149.00,4427.10,2.3992,UP,221.55,1.7152,2.1525
20260810 195627 006,4447.00,1,4447.00,4447.20,0.20,4447.00,3,4446.90,4,4446.80,5,4446.70,5,4446.60,8,4446.50,7,4446.40,9,4446.30,16,4446.20,18,4446.10,15,4447.20,1,4447.30,4,4447.40,5,4447.50,6,4447.60,9,4447.70,16,4447.80,18,4447.90,18,4448.00,20,4448.10,15,Sell,49,134,183,-85.00,0.00,-85.00,1.80,77.8,4448.40,4448.40,4446.60,4447.00,147,233,380,-86.00,9.00,-98.00,3.40,73.5,-18,321,0.1395,0.0000,-309.00,-150.00,4427.10,2.3992,UP,221.55,1.7152,2.1525
20260810 195627 220,4447.10,1,4447.00,4447.10,0.10,4447.00,2,4446.90,4,4446.80,5,4446.70,6,4446.60,7,4446.50,7,4446.40,9,4446.30,16,4446.20,18,4446.10,15,4447.10,1,4447.20,2,4447.30,4,4447.40,5,4447.50,5,4447.60,9,4447.70,16,4447.80,18,4447.90,18,4448.00,20,Buy,50,134,184,-84.00,0.00,-85.00,1.80,72.2,4448.40,4448.40,4446.60,4447.10,147,233,380,-86.00,9.00,-98.00,3.40,73.5,-18,321,0.1395,0.0119,-308.00,-149.00,4427.11,2.4024,UP,221.55,1.7152,2.1525
20260810 195628 575,4447.10,1,4447.10,4447.20,0.10,4447.10,1,4447.00,4,4446.90,4,4446.80,6,4446.70,6,4446.60,7,4446.50,7,4446.40,9,4446.30,16,4446.20,18,4447.20,1,4447.30,4,4447.40,5,4447.50,5,4447.60,9,4447.70,16,4447.80,18,4447.90,18,4448.00,20,4448.10,15,Buy,51,134,185,-83.00,0.00,-85.00,1.80,72.2,4448.40,4448.40,4446.60,4447.10,147,233,380,-86.00,9.00,-98.00,3.40,73.5,-18,321,0.1395,0.0241,-307.00,-148.00,4427.11,2.4024,UP,221.55,1.7152,2.1525
20260810 195628 676,4447.10,1,4447.10,4447.20,0.10,4447.00,4,4446.90,4,4446.80,6,4446.70,6,4446.60,7,4446.50,7,4446.40,9,4446.30,16,4446.20,18,4446.10,15,4447.20,1,4447.30,4,4447.40,5,4447.50,6,4447.60,9,4447.70,16,4447.80,18,4447.90,18,4448.00,20,4448.10,15,Sell,51,135,186,-84.00,0.00,-85.00,1.80,72.2,4448.40,4448.40,4446.60,4447.10,147,233,380,-86.00,9.00,-98.00,3.40,73.5,-18,321,0.1395,0.0119,-308.00,-149.00,4427.11,2.4024,UP,221.55,1.7152,2.1525
20260810 195630 437,4447.10,1,4447.00,4447.20,0.20,4447.00,2,4446.90,4,4446.80,5,4446.70,9,4446.60,7,4446.50,7,4446.40,9,4446.30,16,4446.20,18,4446.10,15,4447.20,2,4447.30,4,4447.40,5,4447.50,6,4447.60,9,4447.70,16,4447.80,18,4447.90,18,4448.00,20,4448.10,15,Buy,52,135,187,-83.00,0.00,-85.00,1.80,72.2,4448.40,4448.40,4446.60,4447.10,147,233,380,-86.00,9.00,-98.00,3.40,73.5,-18,321,0.1395,0.0241,-307.00,-148.00,4427.11,2.4024,UP,221.55,1.7152,2.1525
20260810 195630 518,4447.00,1,4447.00,4447.20,0.20,4447.00,2,4446.90,4,4446.80,5,4446.70,8,4446.60,7,4446.50,7,4446.40,9,4446.30,16,4446.20,18,4446.10,15,4447.20,3,4447.30,4,4447.40,5,4447.50,6,4447.60,9,4447.70,16,4447.80,18,4447.90,19,4448.00,20,4448.10,15,Sell,52,136,188,-84.00,0.00,-85.00,1.80,77.8,4448.40,4448.40,4446.60,4447.00,147,233,380,-86.00,9.00,-98.00,3.40,73.5,-18,321,0.1395,0.0119,-308.00,-149.00,4427.10,2.3992,UP,221.55,1.7152,2.1525
20260810 195631 650,4446.90,1,4446.80,4447.00,0.20,4446.80,2,4446.70,4,4446.60,6,4446.50,6,4446.40,9,4446.30,18,4446.20,18,4446.10,15,4446.00,19,4445.90,15,4447.00,6,4447.10,5,4447.20,9,4447.30,8,4447.40,6,4447.50,6,4447.60,19,4447.70,16,4447.80,18,4447.90,18,Sell,52,137,189,-85.00,0.00,-85.00,1.80,83.3,4448.40,4448.40,4446.60,4446.90,147,233,380,-86.00,9.00,-98.00,3.40,73.5,-18,321,0.1395,0.0000,-309.00,-150.00,4427.09,2.3960,UP,221.55,1.7152,2.1525
20260810 195631 735,4446.80,1,4446.80,4446.90,0.10,4446.80,2,4446.70,4,4446.60,6,4446.50,6,4446.40,9,4446.30,18,4446.20,18,4446.10,15,4446.00,19,4445.90,15,4447.00,6,4447.10,5,4447.20,9,4447.30,8,4447.40,6,4447.50,6,4447.60,19,4447.70,16,4447.80,18,4447.90,18,Sell,52,138,190,-86.00,0.00,-86.00,1.80,88.9,4448.40,4448.40,4446.60,4446.80,147,233,380,-86.00,9.00,-98.00,3.40,73.5,-18,321,0.1395,0.0000,-310.00,-151.00,4427.08,2.3929,UP,221.55,1.7152,2.1525
20260810 195631 968,4446.80,1,4446.50,4446.80,0.30,4446.50,3,4446.40,6,4446.30,8,4446.20,11,4446.10,8,4446.00,21,4445.90,15,4445.80,21,4445.70,12,4445.60,17,4446.80,5,4446.90,5,4447.00,8,4447.10,7,4447.20,9,4447.30,7,4447.40,16,4447.50,16,4447.60,20,4447.70,16,Sell,52,139,191,-87.00,0.00,-87.00,1.80,88.9,4448.40,4448.40,4446.60,4446.80,147,233,380,-86.00,9.00,-98.00,3.40,73.5,-18,321,0.1395,0.0000,-311.00,-152.00,4427.08,2.3929,UP,221.55,1.7152,2.1525
20260810 195631 968,4446.70,3,4446.50,4446.80,0.30,4446.50,3,4446.40,6,4446.30,8,4446.20,11,4446.10,8,4446.00,21,4445.90,15,4445.80,21,4445.70,12,4445.60,17,4446.80,5,4446.90,5,4447.00,8,4447.10,7,4447.20,9,4447.30,7,4447.40,16,4447.50,16,4447.60,20,4447.70,16,Sell,52,142,194,-90.00,0.00,-90.00,1.80,94.4,4448.40,4448.40,4446.60,4446.70,147,233,380,-86.00,9.00,-98.00,3.40,73.5,-18,321,0.1395,0.0000,-314.00,-155.00,4427.07,2.3897,UP,221.55,1.7152,2.1525
20260810 195632 581,4446.50,1,4446.50,4446.80,0.30,4446.50,4,4446.40,7,4446.30,8,4446.20,11,4446.10,8,4446.00,21,4445.90,15,4445.80,21,4445.70,13,4445.60,17,4446.80,5,4446.90,5,4447.00,8,4447.10,6,4447.20,9,4447.30,7,4447.40,16,4447.50,16,4447.60,20,4447.70,17,Sell,52,143,195,-91.00,0.00,-91.00,1.90,100.0,4448.40,4448.40,4446.50,4446.50,147,233,380,-86.00,9.00,-98.00,3.40,73.5,-18,321,0.1395,0.0000,-315.00,-156.00,4427.05,2.3833,UP,221.55,1.7152,2.1597
20260810 195632 582,4446.50,1,4446.50,4446.80,0.30,4446.50,4,4446.40,7,4446.30,8,4446.20,11,4446.10,8,4446.00,21,4445.90,15,4445.80,21,4445.70,13,4445.60,17,4446.80,5,4446.90,5,4447.00,8,4447.10,6,4447.20,9,4447.30,7,4447.40,16,4447.50,16,4447.60,20,4447.70,17,Sell,52,144,196,-92.00,0.00,-92.00,1.90,100.0,4448.40,4448.40,4446.50,4446.50,147,233,380,-86.00,9.00,-98.00,3.40,73.5,-18,321,0.1395,0.0000,-316.00,-157.00,4427.05,2.3833,UP,221.55,1.7152,2.1597
20260810 195633 885,4446.50,1,4446.50,4446.80,0.30,4446.50,2,4446.40,4,4446.30,7,4446.20,11,4446.10,8,4446.00,21,4445.90,16,4445.80,19,4445.70,13,4445.60,18,4446.80,6,4446.90,5,4447.00,8,4447.10,6,4447.20,9,4447.30,7,4447.40,16,4447.50,16,4447.60,20,4447.70,17,Sell,52,145,197,-93.00,0.00,-93.00,1.90,100.0,4448.40,4448.40,4446.50,4446.50,147,233,380,-86.00,9.00,-98.00,3.40,73.5,-18,321,0.1395,0.0000,-317.00,-158.00,4427.05,2.3833,UP,221.55,1.7152,2.1597
20260810 195634 275,4446.80,1,4446.40,4446.70,0.30,4446.40,4,4446.30,7,4446.20,11,4446.10,8,4446.00,21,4445.90,16,4445.80,19,4445.70,13,4445.60,18,4445.50,14,4446.70,3,4446.80,3,4446.90,5,4447.00,8,4447.10,7,4447.20,9,4447.30,7,4447.40,16,4447.50,17,4447.60,21,Buy,53,145,198,-92.00,0.00,-93.00,1.90,84.2,4448.40,4448.40,4446.50,4446.80,147,233,380,-86.00,9.00,-98.00,3.40,73.5,-18,321,0.1395,0.0109,-316.00,-157.00,4427.08,2.3929,UP,221.55,1.7152,2.1597
20260810 195634 275,4446.80,1,4446.40,4446.70,0.30,4446.40,4,4446.30,7,4446.20,11,4446.10,8,4446.00,21,4445.90,16,4445.80,19,4445.70,13,4445.60,18,4445.50,14,4446.70,3,4446.80,3,4446.90,5,4447.00,8,4447.10,7,4447.20,9,4447.30,7,4447.40,16,4447.50,17,4447.60,21,Buy,54,145,199,-91.00,0.00,-93.00,1.90,84.2,4448.40,4448.40,4446.50,4446.80,147,233,380,-86.00,9.00,-98.00,3.40,73.5,-18,321,0.1395,0.0220,-315.00,-156.00,4427.08,2.3929,UP,221.55,1.7152,2.1597
20260810 195634 275,4446.80,1,4446.40,4446.70,0.30,4446.40,4,4446.30,7,4446.20,11,4446.10,8,4446.00,21,4445.90,16,4445.80,19,4445.70,13,4445.60,18,4445.50,14,4446.70,3,4446.80,3,4446.90,5,4447.00,8,4447.10,7,4447.20,9,4447.30,7,4447.40,16,4447.50,17,4447.60,21,Buy,55,145,200,-90.00,0.00,-93.00,1.90,84.2,4448.40,4448.40,4446.50,4446.80,147,233,380,-86.00,9.00,-98.00,3.40,73.5,-18,321,0.1395,0.0333,-314.00,-155.00,4427.08,2.3929,UP,221.55,1.7152,2.1597
20260810 195634 275,4446.80,1,4446.40,4446.70,0.30,4446.40,4,4446.30,7,4446.20,11,4446.10,8,4446.00,21,4445.90,16,4445.80,19,4445.70,13,4445.60,18,4445.50,14,4446.70,3,4446.80,3,4446.90,5,4447.00,8,4447.10,7,4447.20,9,4447.30,7,4447.40,16,4447.50,17,4447.60,21,Buy,56,145,201,-89.00,0.00,-93.00,1.90,84.2,4448.40,4448.40,4446.50,4446.80,147,233,380,-86.00,9.00,-98.00,3.40,73.5,-18,321,0.1395,0.0449,-313.00,-154.00,4427.08,2.3929,UP,221.55,1.7152,2.1597
20260810 195635 273,4446.50,1,4446.60,4446.80,0.20,4446.60,2,4446.50,4,4446.40,8,4446.30,6,4446.20,10,4446.10,17,4446.00,22,4445.90,16,4445.80,21,4445.70,13,4446.80,2,4446.90,4,4447.00,9,4447.10,6,4447.20,9,4447.30,16,4447.40,16,4447.50,16,4447.60,21,4447.70,16,Sell,56,146,202,-90.00,0.00,-93.00,1.90,100.0,4448.40,4448.40,4446.50,4446.50,147,233,380,-86.00,9.00,-98.00,3.40,73.5,-18,321,0.1395,0.0333,-314.00,-155.00,4427.05,2.3833,UP,221.55,1.7152,2.1597
20260810 195635 274,4446.60,1,4446.60,4446.80,0.20,4446.60,2,4446.50,4,4446.40,8,4446.30,6,4446.20,10,4446.10,17,4446.00,22,4445.90,16,4445.80,21,4445.70,13,4446.80,2,4446.90,4,4447.00,9,4447.10,6,4447.20,9,4447.30,16,4447.40,16,4447.50,16,4447.60,21,4447.70,16,Buy,57,146,203,-89.00,0.00,-93.00,1.90,94.7,4448.40,4448.40,4446.50,4446.60,147,233,380,-86.00,9.00,-98.00,3.40,73.5,-18,321,0.1395,0.0449,-313.00,-154.00,4427.06,2.3865,UP,221.55,1.7152,2.1597
20260810 195635 274,4446.60,1,4446.60,4446.80,0.20,4446.60,2,4446.50,4,4446.40,8,4446.30,6,4446.20,10,4446.10,17,4446.00,22,4445.90,16,4445.80,21,4445.70,13,4446.80,2,4446.90,4,4447.00,9,4447.10,6,4447.20,9,4447.30,16,4447.40,16,4447.50,16,4447.60,21,4447.70,16,Buy,58,146,204,-88.00,0.00,-93.00,1.90,94.7,4448.40,4448.40,4446.50,4446.60,147,233,380,-86.00,9.00,-98.00,3.40,73.5,-18,321,0.1395,0.0568,-312.00,-153.00,4427.06,2.3865,UP,221.55,1.7152,2.1597
20260810 195635 274,4446.60,1,4446.60,4446.80,0.20,4446.60,2,4446.50,4,4446.40,8,4446.30,6,4446.20,10,4446.10,17,4446.00,22,4445.90,16,4445.80,21,4445.70,13,4446.80,2,4446.90,4,4447.00,9,4447.10,6,4447.20,9,4447.30,16,4447.40,16,4447.50,16,4447.60,21,4447.70,16,Buy,59,146,205,-87.00,0.00,-93.00,1.90,94.7,4448.40,4448.40,4446.50,4446.60,147,233,380,-86.00,9.00,-98.00,3.40,73.5,-18,321,0.1395,0.0690,-311.00,-152.00,4427.06,2.3865,UP,221.55,1.7152,2.1597
20260810 195635 275,4446.60,1,4446.60,4446.80,0.20,4446.60,2,4446.50,4,4446.40,8,4446.30,6,4446.20,10,4446.10,17,4446.00,22,4445.90,16,4445.80,21,4445.70,13,4446.80,2,4446.90,4,4447.00,9,4447.10,6,4447.20,9,4447.30,16,4447.40,16,4447.50,16,4447.60,21,4447.70,16,Buy,60,146,206,-86.00,0.00,-93.00,1.90,94.7,4448.40,4448.40,4446.50,4446.60,147,233,380,-86.00,9.00,-98.00,3.40,73.5,-18,321,0.1395,0.0814,-310.00,-151.00,4427.06,2.3865,UP,221.55,1.7152,2.1597
20260810 195635 275,4446.60,1,4446.60,4446.80,0.20,4446.60,2,4446.50,4,4446.40,8,4446.30,6,4446.20,10,4446.10,17,4446.00,22,4445.90,16,4445.80,21,4445.70,13,4446.80,2,4446.90,4,4447.00,9,4447.10,6,4447.20,9,4447.30,16,4447.40,16,4447.50,16,4447.60,21,4447.70,16,Buy,61,146,207,-85.00,0.00,-93.00,1.90,94.7,4448.40,4448.40,4446.50,4446.60,147,233,380,-86.00,9.00,-98.00,3.40,73.5,-18,321,0.1395,0.0941,-309.00,-150.00,4427.06,2.3865,UP,221.55,1.7152,2.1597
20260810 195635 275,4446.60,1,4446.60,4446.80,0.20,4446.60,2,4446.50,4,4446.40,8,4446.30,6,4446.20,10,4446.10,17,4446.00,22,4445.90,16,4445.80,21,4445.70,13,4446.80,2,4446.90,4,4447.00,9,4447.10,6,4447.20,9,4447.30,16,4447.40,16,4447.50,16,4447.60,21,4447.70,16,Buy,62,146,208,-84.00,0.00,-93.00,1.90,94.7,4448.40,4448.40,4446.50,4446.60,147,233,380,-86.00,9.00,-98.00,3.40,73.5,-18,321,0.1395,0.1071,-308.00,-149.00,4427.06,2.3865,UP,221.55,1.7152,2.1597
20260810 195635 275,4446.70,3,4446.60,4446.80,0.20,4446.60,2,4446.50,4,4446.40,8,4446.30,6,4446.20,10,4446.10,17,4446.00,22,4445.90,16,4445.80,21,4445.70,13,4446.80,2,4446.90,4,4447.00,9,4447.10,6,4447.20,9,4447.30,16,4447.40,16,4447.50,16,4447.60,21,4447.70,16,Buy,65,146,211,-81.00,0.00,-93.00,1.90,89.5,4448.40,4448.40,4446.50,4446.70,147,233,380,-86.00,9.00,-98.00,3.40,73.5,-18,321,0.1395,0.1481,-305.00,-146.00,4427.07,2.3897,UP,221.55,1.7152,2.1597
20260810 195635 275,4446.70,2,4446.60,4446.80,0.20,4446.60,2,4446.50,4,4446.40,8,4446.30,6,4446.20,10,4446.10,17,4446.00,22,4445.90,16,4445.80,21,4445.70,13,4446.80,2,4446.90,4,4447.00,9,4447.10,6,4447.20,9,4447.30,16,4447.40,16,4447.50,16,4447.60,21,4447.70,16,Buy,67,146,213,-79.00,0.00,-93.00,1.90,89.5,4448.40,4448.40,4446.50,4446.70,147,233,380,-86.00,9.00,-98.00,3.40,73.5,-18,321,0.1395,0.1772,-303.00,-144.00,4427.07,2.3897,UP,221.55,1.7152,2.1597
20260810 195635 278,4446.70,1,4446.60,4446.80,0.20,4446.60,2,4446.50,4,4446.40,8,4446.30,6,4446.20,10,4446.10,17,4446.00,22,4445.90,16,4445.80,21,4445.70,13,4446.80,2,4446.90,4,4447.00,9,4447.10,6,4447.20,9,4447.30,16,4447.40,16,4447.50,16,4447.60,21,4447.70,16,Buy,68,146,214,-78.00,0.00,-93.00,1.90,89.5,4448.40,4448.40,4446.50,4446.70,147,233,380,-86.00,9.00,-98.00,3.40,73.5,-18,321,0.1395,0.1923,-302.00,-143.00,4427.07,2.3897,UP,221.55,1.7152,2.1597
20260810 195635 675,4446.50,1,4446.50,4446.70,0.20,4446.50,2,4446.40,6,4446.30,7,4446.20,8,4446.10,7,4446.00,22,4445.90,18,4445.80,21,4445.70,13,4445.60,20,4446.70,1,4446.80,5,4446.90,6,4447.00,8,4447.10,6,4447.20,8,4447.30,16,4447.40,16,4447.50,16,4447.60,21,Sell,68,147,215,-79.00,0.00,-93.00,1.90,100.0,4448.40,4448.40,4446.50,4446.50,147,233,380,-86.00,9.00,-98.00,3.40,73.5,-18,321,0.1395,0.1772,-303.00,-144.00,4427.05,2.3833,UP,221.55,1.7152,2.1597
20260810 195635 675,4446.40,1,4446.50,4446.70,0.20,4446.50,2,4446.40,6,4446.30,7,4446.20,8,4446.10,7,4446.00,22,4445.90,18,4445.80,21,4445.70,13,4445.60,20,4446.70,1,4446.80,5,4446.90,6,4447.00,8,4447.10,6,4447.20,8,4447.30,16,4447.40,16,4447.50,16,4447.60,21,Sell,68,148,216,-80.00,0.00,-93.00,2.00,100.0,4448.40,4448.40,4446.40,4446.40,147,233,380,-86.00,9.00,-98.00,3.40,73.5,-18,321,0.1395,0.1625,-304.00,-145.00,4427.04,2.3802,UP,221.55,1.7152,2.1668
20260810 195635 675,4446.40,2,4446.50,4446.70,0.20,4446.50,2,4446.40,6,4446.30,7,4446.20,8,4446.10,7,4446.00,22,4445.90,18,4445.80,21,4445.70,13,4445.60,20,4446.70,1,4446.80,5,4446.90,6,4447.00,8,4447.10,6,4447.20,8,4447.30,16,4447.40,16,4447.50,16,4447.60,21,Sell,68,150,218,-82.00,0.00,-93.00,2.00,100.0,4448.40,4448.40,4446.40,4446.40,147,233,380,-86.00,9.00,-98.00,3.40,73.5,-18,321,0.1395,0.1341,-306.00,-147.00,4427.04,2.3802,UP,221.55,1.7152,2.1668
20260810 195635 675,4446.40,2,4446.50,4446.70,0.20,4446.50,2,4446.40,6,4446.30,7,4446.20,8,4446.10,7,4446.00,22,4445.90,18,4445.80,21,4445.70,13,4445.60,20,4446.70,1,4446.80,5,4446.90,6,4447.00,8,4447.10,6,4447.20,8,4447.30,16,4447.40,16,4447.50,16,4447.60,21,Sell,68,152,220,-84.00,0.00,-93.00,2.00,100.0,4448.40,4448.40,4446.40,4446.40,147,233,380,-86.00,9.00,-98.00,3.40,73.5,-18,321,0.1395,0.1071,-308.00,-149.00,4427.04,2.3802,UP,221.55,1.7152,2.1668
20260810 195635 675,4446.40,2,4446.50,4446.70,0.20,4446.50,2,4446.40,6,4446.30,7,4446.20,8,4446.10,7,4446.00,22,4445.90,18,4445.80,21,4445.70,13,4445.60,20,4446.70,1,4446.80,5,4446.90,6,4447.00,8,4447.10,6,4447.20,8,4447.30,16,4447.40,16,4447.50,16,4447.60,21,Sell,68,154,222,-86.00,0.00,-93.00,2.00,100.0,4448.40,4448.40,4446.40,4446.40,147,233,380,-86.00,9.00,-98.00,3.40,73.5,-18,321,0.1395,0.0814,-310.00,-151.00,4427.04,2.3802,UP,221.55,1.7152,2.1668
20260810 195635 675,4446.30,1,4446.50,4446.70,0.20,4446.50,2,4446.40,6,4446.30,7,4446.20,8,4446.10,7,4446.00,22,4445.90,18,4445.80,21,4445.70,13,4445.60,20,4446.70,1,4446.80,5,4446.90,6,4447.00,8,4447.10,6,4447.20,8,4447.30,16,4447.40,16,4447.50,16,4447.60,21,Sell,68,155,223,-87.00,0.00,-93.00,2.10,100.0,4448.40,4448.40,4446.30,4446.30,147,233,380,-86.00,9.00,-98.00,3.40,73.5,-18,321,0.1395,0.0690,-311.00,-152.00,4427.03,2.3770,UP,221.55,1.7152,2.1740
20260810 195635 675,4446.30,1,4446.50,4446.70,0.20,4446.50,2,4446.40,6,4446.30,7,4446.20,8,4446.10,7,4446.00,22,4445.90,18,4445.80,21,4445.70,13,4445.60,20,4446.70,1,4446.80,5,4446.90,6,4447.00,8,4447.10,6,4447.20,8,4447.30,16,4447.40,16,4447.50,16,4447.60,21,Sell,68,156,224,-88.00,0.00,-93.00,2.10,100.0,4448.40,4448.40,4446.30,4446.30,147,233,380,-86.00,9.00,-98.00,3.40,73.5,-18,321,0.1395,0.0568,-312.00,-153.00,4427.03,2.3770,UP,221.55,1.7152,2.1740
20260810 195635 675,4446.30,1,4446.50,4446.70,0.20,4446.50,2,4446.40,6,4446.30,7,4446.20,8,4446.10,7,4446.00,22,4445.90,18,4445.80,21,4445.70,13,4445.60,20,4446.70,1,4446.80,5,4446.90,6,4447.00,8,4447.10,6,4447.20,8,4447.30,16,4447.40,16,4447.50,16,4447.60,21,Sell,68,157,225,-89.00,0.00,-93.00,2.10,100.0,4448.40,4448.40,4446.30,4446.30,147,233,380,-86.00,9.00,-98.00,3.40,73.5,-18,321,0.1395,0.0449,-313.00,-154.00,4427.03,2.3770,UP,221.55,1.7152,2.1740
20260810 195635 675,4446.30,2,4446.50,4446.70,0.20,4446.50,2,4446.40,6,4446.30,7,4446.20,8,4446.10,7,4446.00,22,4445.90,18,4445.80,21,4445.70,13,4445.60,20,4446.70,1,4446.80,5,4446.90,6,4447.00,8,4447.10,6,4447.20,8,4447.30,16,4447.40,16,4447.50,16,4447.60,21,Sell,68,159,227,-91.00,0.00,-93.00,2.10,100.0,4448.40,4448.40,4446.30,4446.30,147,233,380,-86.00,9.00,-98.00,3.40,73.5,-18,321,0.1395,0.0220,-315.00,-156.00,4427.03,2.3770,UP,221.55,1.7152,2.1740
20260810 195635 675,4446.20,2,4446.50,4446.70,0.20,4446.50,2,4446.40,6,4446.30,7,4446.20,8,4446.10,7,4446.00,22,4445.90,18,4445.80,21,4445.70,13,4445.60,20,4446.70,1,4446.80,5,4446.90,6,4447.00,8,4447.10,6,4447.20,8,4447.30,16,4447.40,16,4447.50,16,4447.60,21,Sell,68,161,229,-93.00,0.00,-93.00,2.20,100.0,4448.40,4448.40,4446.20,4446.20,147,233,380,-86.00,9.00,-98.00,3.40,73.5,-18,321,0.1395,0.0000,-317.00,-158.00,4427.02,2.3738,UP,221.55,1.7152,2.1811
20260810 195635 675,4446.20,1,4446.50,4446.70,0.20,4446.50,2,4446.40,6,4446.30,7,4446.20,8,4446.10,7,4446.00,22,4445.90,18,4445.80,21,4445.70,13,4445.60,20,4446.70,1,4446.80,5,4446.90,6,4447.00,8,4447.10,6,4447.20,8,4447.30,16,4447.40,16,4447.50,16,4447.60,21,Sell,68,162,230,-94.00,0.00,-94.00,2.20,100.0,4448.40,4448.40,4446.20,4446.20,147,233,380,-86.00,9.00,-98.00,3.40,73.5,-18,321,0.1395,0.0000,-318.00,-159.00,4427.02,2.3738,UP,221.55,1.7152,2.1811
20260810 195635 675,4446.20,1,4446.50,4446.70,0.20,4446.50,2,4446.40,6,4446.30,7,4446.20,8,4446.10,7,4446.00,22,4445.90,18,4445.80,21,4445.70,13,4445.60,20,4446.70,1,4446.80,5,4446.90,6,4447.00,8,4447.10,6,4447.20,8,4447.30,16,4447.40,16,4447.50,16,4447.60,21,Sell,68,163,231,-95.00,0.00,-95.00,2.20,100.0,4448.40,4448.40,4446.20,4446.20,147,233,380,-86.00,9.00,-98.00,3.40,73.5,-18,321,0.1395,0.0000,-319.00,-160.00,4427.02,2.3738,UP,221.55,1.7152,2.1811
20260810 195637 517,4446.50,1,4446.40,4446.70,0.30,4446.40,6,4446.30,5,4446.20,8,4446.10,7,4446.00,22,4445.90,18,4445.80,21,4445.70,13,4445.60,20,4445.50,14,4446.70,3,4446.80,5,4446.90,6,4447.00,10,4447.10,7,4447.20,8,4447.30,16,4447.40,16,4447.50,16,4447.60,20,Sell,68,164,232,-96.00,0.00,-96.00,2.20,86.4,4448.40,4448.40,4446.20,4446.50,147,233,380,-86.00,9.00,-98.00,3.40,73.5,-18,321,0.1395,0.0000,-320.00,-161.00,4427.05,2.3833,UP,221.55,1.7152,2.1811
20260810 195637 517,4446.50,1,4446.40,4446.70,0.30,4446.40,6,4446.30,5,4446.20,8,4446.10,7,4446.00,22,4445.90,18,4445.80,21,4445.70,13,4445.60,20,4445.50,14,4446.70,3,4446.80,5,4446.90,6,4447.00,10,4447.10,7,4447.20,8,4447.30,16,4447.40,16,4447.50,16,4447.60,20,Sell,68,165,233,-97.00,0.00,-97.00,2.20,86.4,4448.40,4448.40,4446.20,4446.50,147,233,380,-86.00,9.00,-98.00,3.40,73.5,-18,321,0.1395,0.0000,-321.00,-162.00,4427.05,2.3833,UP,221.55,1.7152,2.1811
20260810 195637 991,4446.60,1,4446.60,4446.80,0.20,4446.60,2,4446.50,4,4446.40,6,4446.30,6,4446.20,8,4446.10,7,4446.00,22,4445.90,18,4445.80,21,4445.70,13,4446.80,2,4446.90,3,4447.00,10,4447.10,6,4447.20,8,4447.30,16,4447.40,16,4447.50,17,4447.60,20,4447.70,16,Sell,68,166,234,-98.00,0.00,-98.00,2.20,81.8,4448.40,4448.40,4446.20,4446.60,147,233,380,-86.00,9.00,-98.00,3.40,73.5,-18,321,0.1395,0.0000,-322.00,-163.00,4427.06,2.3865,UP,221.55,1.7152,2.1811
20260810 195638 185,4446.60,1,4446.50,4446.80,0.30,4446.50,3,4446.40,6,4446.30,6,4446.20,8,4446.10,7,4446.00,22,4445.90,18,4445.80,21,4445.70,13,4445.60,20,4446.80,4,4446.90,3,4447.00,10,4447.10,7,4447.20,8,4447.30,16,4447.40,16,4447.50,16,4447.60,20,4447.70,16,Sell,68,167,235,-99.00,0.00,-99.00,2.20,81.8,4448.40,4448.40,4446.20,4446.60,147,233,380,-86.00,9.00,-98.00,3.40,73.5,-18,321,0.1395,0.0000,-323.00,-164.00,4427.06,2.3865,UP,221.55,1.7152,2.1811
20260810 195639 050,4446.70,1,4446.90,4447.10,0.20,4446.90,2,4446.80,5,4446.70,6,4446.60,9,4446.50,5,4446.40,16,4446.30,16,4446.20,18,4446.10,17,4446.00,22,4447.10,1,4447.20,5,4447.30,6,4447.40,6,4447.50,6,4447.60,19,4447.70,16,4447.80,19,4447.90,18,4448.00,20,Buy,69,167,236,-98.00,0.00,-99.00,2.20,77.3,4448.40,4448.40,4446.20,4446.70,147,233,380,-86.00,9.00,-98.00,3.40,73.5,-18,321,0.1395,0.0102,-322.00,-163.00,4427.07,2.3897,UP,221.55,1.7152,2.1811
20260810 195639 053,4446.90,1,4446.90,4447.10,0.20,4446.90,2,4446.80,5,4446.70,6,4446.60,9,4446.50,5,4446.40,16,4446.30,16,4446.20,18,4446.10,17,4446.00,22,4447.10,1,4447.20,5,4447.30,6,4447.40,6,4447.50,6,4447.60,19,4447.70,16,4447.80,19,4447.90,18,4448.00,20,Buy,70,167,237,-97.00,0.00,-99.00,2.20,68.2,4448.40,4448.40,4446.20,4446.90,147,233,380,-86.00,9.00,-98.00,3.40,73.5,-18,321,0.1395,0.0206,-321.00,-162.00,4427.09,2.3960,UP,221.55,1.7152,2.1811
20260810 195639 053,4446.90,1,4446.90,4447.10,0.20,4446.90,2,4446.80,5,4446.70,6,4446.60,9,4446.50,5,4446.40,16,4446.30,16,4446.20,18,4446.10,17,4446.00,22,4447.10,1,4447.20,5,4447.30,6,4447.40,6,4447.50,6,4447.60,19,4447.70,16,4447.80,19,4447.90,18,4448.00,20,Buy,71,167,238,-96.00,0.00,-99.00,2.20,68.2,4448.40,4448.40,4446.20,4446.90,147,233,380,-86.00,9.00,-98.00,3.40,73.5,-18,321,0.1395,0.0313,-320.00,-161.00,4427.09,2.3960,UP,221.55,1.7152,2.1811
20260810 195639 055,4447.00,2,4446.90,4447.10,0.20,4446.90,2,4446.80,5,4446.70,6,4446.60,9,4446.50,5,4446.40,16,4446.30,16,4446.20,18,4446.10,17,4446.00,22,4447.10,1,4447.20,5,4447.30,6,4447.40,6,4447.50,6,4447.60,19,4447.70,16,4447.80,19,4447.90,18,4448.00,20,Buy,73,167,240,-94.00,0.00,-99.00,2.20,63.6,4448.40,4448.40,4446.20,4447.00,147,233,380,-86.00,9.00,-98.00,3.40,73.5,-18,321,0.1395,0.0532,-318.00,-159.00,4427.10,2.3992,UP,221.55,1.7152,2.1811
20260810 195639 055,4447.10,1,4446.90,4447.10,0.20,4446.90,2,4446.80,5,4446.70,6,4446.60,9,4446.50,5,4446.40,16,4446.30,16,4446.20,18,4446.10,17,4446.00,22,4447.10,1,4447.20,5,4447.30,6,4447.40,6,4447.50,6,4447.60,19,4447.70,16,4447.80,19,4447.90,18,4448.00,20,Buy,74,167,241,-93.00,0.00,-99.00,2.20,59.1,4448.40,4448.40,4446.20,4447.10,147,233,380,-86.00,9.00,-98.00,3.40,73.5,-18,321,0.1395,0.0645,-317.00,-158.00,4427.11,2.4024,UP,221.55,1.7152,2.1811
20260810 195639 056,4447.10,1,4446.90,4447.10,0.20,4446.90,2,4446.80,5,4446.70,6,4446.60,9,4446.50,5,4446.40,16,4446.30,16,4446.20,18,4446.10,17,4446.00,22,4447.10,1,4447.20,5,4447.30,6,4447.40,6,4447.50,6,4447.60,19,4447.70,16,4447.80,19,4447.90,18,4448.00,20,Buy,75,167,242,-92.00,0.00,-99.00,2.20,59.1,4448.40,4448.40,4446.20,4447.10,147,233,380,-86.00,9.00,-98.00,3.40,73.5,-18,321,0.1395,0.0761,-316.00,-157.00,4427.11,2.4024,UP,221.55,1.7152,2.1811
20260810 195639 068,4447.10,1,4446.90,4447.10,0.20,4446.90,2,4446.80,5,4446.70,6,4446.60,9,4446.50,5,4446.40,16,4446.30,16,4446.20,18,4446.10,17,4446.00,22,4447.10,1,4447.20,5,4447.30,6,4447.40,6,4447.50,6,4447.60,19,4447.70,16,4447.80,19,4447.90,18,4448.00,20,Buy,76,167,243,-91.00,0.00,-99.00,2.20,59.1,4448.40,4448.40,4446.20,4447.10,147,233,380,-86.00,9.00,-98.00,3.40,73.5,-18,321,0.1395,0.0879,-315.00,-156.00,4427.11,2.4024,UP,221.55,1.7152,2.1811
20260810 195639 166,4447.00,1,4447.00,4447.20,0.20,4447.00,2,4446.90,5,4446.80,5,4446.70,7,4446.60,9,4446.50,5,4446.40,16,4446.30,16,4446.20,18,4446.10,17,4447.20,1,4447.30,6,4447.40,5,4447.50,5,4447.60,9,4447.70,16,4447.80,19,4447.90,18,4448.00,20,4448.10,16,Sell,76,168,244,-92.00,0.00,-99.00,2.20,63.6,4448.40,4448.40,4446.20,4447.00,147,233,380,-86.00,9.00,-98.00,3.40,73.5,-18,321,0.1395,0.0761,-316.00,-157.00,4427.10,2.3992,UP,221.55,1.7152,2.1811
20260810 195640 438,4447.20,1,4447.10,4447.30,0.20,4447.10,2,4447.00,5,4446.90,5,4446.80,8,4446.70,6,4446.60,9,4446.50,5,4446.40,16,4446.30,16,4446.20,18,4447.30,2,4447.40,4,4447.50,5,4447.60,9,4447.70,6,4447.80,19,4447.90,18,4448.00,21,4448.10,16,4448.20,24,Buy,77,168,245,-91.00,0.00,-99.00,2.20,54.5,4448.40,4448.40,4446.20,4447.20,147,233,380,-86.00,9.00,-98.00,3.40,73.5,-18,321,0.1395,0.0879,-315.00,-156.00,4427.11,2.4056,UP,221.55,1.7152,2.1811
20260810 195640 937,4447.30,1,4447.10,4447.40,0.30,4447.10,3,4447.00,5,4446.90,5,4446.80,8,4446.70,6,4446.60,9,4446.50,5,4446.40,16,4446.30,16,4446.20,18,4447.40,4,4447.50,5,4447.60,9,4447.70,6,4447.80,18,4447.90,18,4448.00,21,4448.10,16,4448.20,24,4448.30,18,Buy,78,168,246,-90.00,0.00,-99.00,2.20,50.0,4448.40,4448.40,4446.20,4447.30,147,233,380,-86.00,9.00,-98.00,3.40,73.5,-18,321,0.1395,0.1000,-314.00,-155.00,4427.12,2.4087,UP,221.55,1.7152,2.1811
20260810 195642 212,4447.10,1,4447.10,4447.40,0.30,4447.10,2,4447.00,5,4446.90,5,4446.80,8,4446.70,6,4446.60,9,4446.50,5,4446.40,16,4446.30,16,4446.20,18,4447.40,4,4447.50,5,4447.60,9,4447.70,7,4447.80,18,4447.90,18,4448.00,21,4448.10,16,4448.20,24,4448.30,19,Sell,78,169,247,-91.00,0.00,-99.00,2.20,59.1,4448.40,4448.40,4446.20,4447.10,147,233,380,-86.00,9.00,-98.00,3.40,73.5,-18,321,0.1395,0.0879,-315.00,-156.00,4427.11,2.4024,UP,221.55,1.7152,2.1811
20260810 195643 455,4447.10,1,4447.10,4447.30,0.20,4447.10,1,4447.00,5,4446.90,5,4446.80,7,4446.70,6,4446.60,9,4446.50,15,4446.40,16,4446.30,16,4446.20,19,4447.30,1,4447.40,6,4447.50,5,4447.60,9,4447.70,7,4447.80,19,4447.90,18,4448.00,21,4448.10,16,4448.20,24,Sell,78,170,248,-92.00,0.00,-99.00,2.20,59.1,4448.40,4448.40,4446.20,4447.10,147,233,380,-86.00,9.00,-98.00,3.40,73.5,-18,321,0.1395,0.0761,-316.00,-157.00,4427.11,2.4024,UP,221.55,1.7152,2.1811
20260810 195643 455,4447.00,1,4447.10,4447.30,0.20,4447.10,1,4447.00,5,4446.90,5,4446.80,7,4446.70,6,4446.60,9,4446.50,15,4446.40,16,4446.30,16,4446.20,19,4447.30,1,4447.40,6,4447.50,5,4447.60,9,4447.70,7,4447.80,19,4447.90,18,4448.00,21,4448.10,16,4448.20,24,Sell,78,171,249,-93.00,0.00,-99.00,2.20,63.6,4448.40,4448.40,4446.20,4447.00,147,233,380,-86.00,9.00,-98.00,3.40,73.5,-18,321,0.1395,0.0645,-317.00,-158.00,4427.10,2.3992,UP,221.55,1.7152,2.1811
20260810 195643 455,4447.00,1,4447.10,4447.30,0.20,4447.10,1,4447.00,5,4446.90,5,4446.80,7,4446.70,6,4446.60,9,4446.50,15,4446.40,16,4446.30,16,4446.20,19,4447.30,1,4447.40,6,4447.50,5,4447.60,9,4447.70,7,4447.80,19,4447.90,18,4448.00,21,4448.10,16,4448.20,24,Sell,78,172,250,-94.00,0.00,-99.00,2.20,63.6,4448.40,4448.40,4446.20,4447.00,147,233,380,-86.00,9.00,-98.00,3.40,73.5,-18,321,0.1395,0.0532,-318.00,-159.00,4427.10,2.3992,UP,221.55,1.7152,2.1811
20260810 195643 455,4447.00,1,4447.10,4447.30,0.20,4447.10,1,4447.00,5,4446.90,5,4446.80,7,4446.70,6,4446.60,9,4446.50,15,4446.40,16,4446.30,16,4446.20,19,4447.30,1,4447.40,6,4447.50,5,4447.60,9,4447.70,7,4447.80,19,4447.90,18,4448.00,21,4448.10,16,4448.20,24,Sell,78,173,251,-95.00,0.00,-99.00,2.20,63.6,4448.40,4448.40,4446.20,4447.00,147,233,380,-86.00,9.00,-98.00,3.40,73.5,-18,321,0.1395,0.0421,-319.00,-160.00,4427.10,2.3992,UP,221.55,1.7152,2.1811
20260810 195644 617,4447.10,1,4447.10,4447.40,0.30,4447.10,2,4447.00,6,4446.90,4,4446.80,8,4446.70,6,4446.60,9,4446.50,15,4446.40,16,4446.30,16,4446.20,18,4447.40,3,4447.50,5,4447.60,9,4447.70,7,4447.80,19,4447.90,18,4448.00,21,4448.10,16,4448.20,24,4448.30,19,Sell,78,174,252,-96.00,0.00,-99.00,2.20,59.1,4448.40,4448.40,4446.20,4447.10,147,233,380,-86.00,9.00,-98.00,3.40,73.5,-18,321,0.1395,0.0313,-320.00,-161.00,4427.11,2.4024,UP,221.55,1.7152,2.1811
20260810 195644 617,4447.10,1,4447.10,4447.40,0.30,4447.10,2,4447.00,6,4446.90,4,4446.80,8,4446.70,6,4446.60,9,4446.50,15,4446.40,16,4446.30,16,4446.20,18,4447.40,3,4447.50,5,4447.60,9,4447.70,7,4447.80,19,4447.90,18,4448.00,21,4448.10,16,4448.20,24,4448.30,19,Sell,78,175,253,-97.00,0.00,-99.00,2.20,59.1,4448.40,4448.40,4446.20,4447.10,147,233,380,-86.00,9.00,-98.00,3.40,73.5,-18,321,0.1395,0.0206,-321.00,-162.00,4427.11,2.4024,UP,221.55,1.7152,2.1811
20260810 195644 618,4447.40,2,4447.10,4447.40,0.30,4447.10,2,4447.00,6,4446.90,4,4446.80,8,4446.70,6,4446.60,9,4446.50,15,4446.40,16,4446.30,16,4446.20,18,4447.40,3,4447.50,5,4447.60,9,4447.70,7,4447.80,19,4447.90,18,4448.00,21,4448.10,16,4448.20,24,4448.30,19,Buy,80,175,255,-95.00,0.00,-99.00,2.20,45.5,4448.40,4448.40,4446.20,4447.40,147,233,380,-86.00,9.00,-98.00,3.40,73.5,-18,321,0.1395,0.0421,-319.00,-160.00,4427.13,2.4119,UP,221.55,1.7152,2.1811
20260810 195644 618,4447.40,2,4447.10,4447.40,0.30,4447.10,2,4447.00,6,4446.90,4,4446.80,8,4446.70,6,4446.60,9,4446.50,15,4446.40,16,4446.30,16,4446.20,18,4447.40,3,4447.50,5,4447.60,9,4447.70,7,4447.80,19,4447.90,18,4448.00,21,4448.10,16,4448.20,24,4448.30,19,Buy,82,175,257,-93.00,0.00,-99.00,2.20,45.5,4448.40,4448.40,4446.20,4447.40,147,233,380,-86.00,9.00,-98.00,3.40,73.5,-18,321,0.1395,0.0645,-317.00,-158.00,4427.13,2.4119,UP,221.55,1.7152,2.1811
20260810 195644 618,4447.30,1,4447.10,4447.40,0.30,4447.10,2,4447.00,6,4446.90,4,4446.80,8,4446.70,6,4446.60,9,4446.50,15,4446.40,16,4446.30,16,4446.20,18,4447.40,3,4447.50,5,4447.60,9,4447.70,7,4447.80,19,4447.90,18,4448.00,21,4448.10,16,4448.20,24,4448.30,19,Buy,83,175,258,-92.00,0.00,-99.00,2.20,50.0,4448.40,4448.40,4446.20,4447.30,147,233,380,-86.00,9.00,-98.00,3.40,73.5,-18,321,0.1395,0.0761,-316.00,-157.00,4427.12,2.4087,UP,221.55,1.7152,2.1811
20260810 195644 890,4447.30,1,4447.10,4447.40,0.30,4447.10,2,4447.00,6,4446.90,4,4446.80,7,4446.70,6,4446.60,9,4446.50,15,4446.40,16,4446.30,16,4446.20,18,4447.40,7,4447.50,5,4447.60,10,4447.70,7,4447.80,19,4447.90,18,4448.00,21,4448.10,16,4448.20,24,4448.30,19,Buy,84,175,259,-91.00,0.00,-99.00,2.20,50.0,4448.40,4448.40,4446.20,4447.30,147,233,380,-86.00,9.00,-98.00,3.40,73.5,-18,321,0.1395,0.0879,-315.00,-156.00,4427.12,2.4087,UP,221.55,1.7152,2.1811
20260810 195646 124,4447.40,1,4447.20,4447.40,0.20,4447.20,1,4447.10,4,4447.00,6,4446.90,5,4446.80,7,4446.70,7,4446.60,18,4446.50,15,4446.40,16,4446.30,16,4447.40,4,4447.50,5,4447.60,9,4447.70,7,4447.80,9,4447.90,19,4448.00,21,4448.10,17,4448.20,22,4448.30,19,Buy,85,175,260,-90.00,0.00,-99.00,2.20,45.5,4448.40,4448.40,4446.20,4447.40,147,233,380,-86.00,9.00,-98.00,3.40,73.5,-18,321,0.1395,0.1000,-314.00,-155.00,4427.13,2.4119,UP,221.55,1.7152,2.1811
20260810 195647 604,4447.40,1,4447.20,4447.40,0.20,4447.20,1,4447.10,4,4447.00,6,4446.90,5,4446.80,7,4446.70,7,4446.60,18,4446.50,15,4446.40,17,4446.30,16,4447.40,3,4447.50,4,4447.60,9,4447.70,6,4447.80,8,4447.90,19,4448.00,20,4448.10,16,4448.20,22,4448.30,19,Buy,86,175,261,-89.00,0.00,-99.00,2.20,45.5,4448.40,4448.40,4446.20,4447.40,147,233,380,-86.00,9.00,-98.00,3.40,73.5,-18,321,0.1395,0.1124,-313.00,-154.00,4427.13,2.4119,UP,221.55,1.7152,2.1811
20260810 195647 604,4447.40,1,4447.20,4447.40,0.20,4447.20,1,4447.10,4,4447.00,6,4446.90,5,4446.80,7,4446.70,7,4446.60,18,4446.50,15,4446.40,17,4446.30,16,4447.40,3,4447.50,4,4447.60,9,4447.70,6,4447.80,8,4447.90,19,4448.00,20,4448.10,16,4448.20,22,4448.30,19,Buy,87,175,262,-88.00,0.00,-99.00,2.20,45.5,4448.40,4448.40,4446.20,4447.40,147,233,380,-86.00,9.00,-98.00,3.40,73.5,-18,321,0.1395,0.1250,-312.00,-153.00,4427.13,2.4119,UP,221.55,1.7152,2.1811
20260810 195647 946,4447.40,1,4447.20,4447.40,0.20,4447.20,2,4447.10,4,4447.00,6,4446.90,6,4446.80,7,4446.70,7,4446.60,18,4446.50,15,4446.40,17,4446.30,16,4447.40,1,4447.50,4,4447.60,9,4447.70,6,4447.80,8,4447.90,19,4448.00,20,4448.10,16,4448.20,22,4448.30,19,Buy,88,175,263,-87.00,0.00,-99.00,2.20,45.5,4448.40,4448.40,4446.20,4447.40,147,233,380,-86.00,9.00,-98.00,3.40,73.5,-18,321,0.1395,0.1379,-311.00,-152.00,4427.13,2.4119,UP,221.55,1.7152,2.1811
20260810 195647 946,4447.40,1,4447.20,4447.40,0.20,4447.20,2,4447.10,4,4447.00,6,4446.90,6,4446.80,7,4446.70,7,4446.60,18,4446.50,15,4446.40,17,4446.30,16,4447.40,1,4447.50,4,4447.60,9,4447.70,6,4447.80,8,4447.90,19,4448.00,20,4448.10,16,4448.20,22,4448.30,19,Buy,89,175,264,-86.00,0.00,-99.00,2.20,45.5,4448.40,4448.40,4446.20,4447.40,147,233,380,-86.00,9.00,-98.00,3.40,73.5,-18,321,0.1395,0.1512,-310.00,-151.00,4427.13,2.4119,UP,221.55,1.7152,2.1811
20260810 195648 010,4447.40,1,4447.40,4447.60,0.20,4447.40,1,4447.30,2,4447.20,5,4447.10,5,4447.00,6,4446.90,5,4446.80,8,4446.70,16,4446.60,18,4446.50,15,4447.60,2,4447.70,5,4447.80,8,4447.90,7,4448.00,19,4448.10,16,4448.20,22,4448.30,19,4448.40,18,4448.50,17,Buy,90,175,265,-85.00,0.00,-99.00,2.20,45.5,4448.40,4448.40,4446.20,4447.40,147,233,380,-86.00,9.00,-98.00,3.40,73.5,-18,321,0.1395,0.1647,-309.00,-150.00,4427.13,2.4119,UP,221.55,1.7152,2.1811
20260810 195648 291,4447.60,1,4447.30,4447.60,0.30,4447.30,4,4447.20,4,4447.10,4,4447.00,6,4446.90,5,4446.80,7,4446.70,16,4446.60,18,4446.50,15,4446.40,17,4447.60,2,4447.70,9,4447.80,6,4447.90,7,4448.00,9,4448.10,15,4448.20,22,4448.30,18,4448.40,18,4448.50,17,Buy,91,175,266,-84.00,0.00,-99.00,2.20,36.4,4448.40,4448.40,4446.20,4447.60,147,233,380,-86.00,9.00,-98.00,3.40,73.5,-18,321,0.1395,0.1786,-308.00,-149.00,4427.15,2.4183,UP,221.55,1.7152,2.1811
20260810 195648 291,4447.60,1,4447.30,4447.60,0.30,4447.30,4,4447.20,4,4447.10,4,4447.00,6,4446.90,5,4446.80,7,4446.70,16,4446.60,18,4446.50,15,4446.40,17,4447.60,2,4447.70,9,4447.80,6,4447.90,7,4448.00,9,4448.10,15,4448.20,22,4448.30,18,4448.40,18,4448.50,17,Buy,92,175,267,-83.00,0.00,-99.00,2.20,36.4,4448.40,4448.40,4446.20,4447.60,147,233,380,-86.00,9.00,-98.00,3.40,73.5,-18,321,0.1395,0.1928,-307.00,-148.00,4427.15,2.4183,UP,221.55,1.7152,2.1811
20260810 195648 291,4447.60,1,4447.30,4447.60,0.30,4447.30,4,4447.20,4,4447.10,4,4447.00,6,4446.90,5,4446.80,7,4446.70,16,4446.60,18,4446.50,15,4446.40,17,4447.60,2,4447.70,9,4447.80,6,4447.90,7,4448.00,9,4448.10,15,4448.20,22,4448.30,18,4448.40,18,4448.50,17,Buy,93,175,268,-82.00,0.00,-99.00,2.20,36.4,4448.40,4448.40,4446.20,4447.60,147,233,380,-86.00,9.00,-98.00,3.40,73.5,-18,321,0.1395,0.2073,-306.00,-147.00,4427.15,2.4183,UP,221.55,1.7152,2.1811
20260810 195648 291,4447.60,1,4447.30,4447.60,0.30,4447.30,4,4447.20,4,4447.10,4,4447.00,6,4446.90,5,4446.80,7,4446.70,16,4446.60,18,4446.50,15,4446.40,17,4447.60,2,4447.70,9,4447.80,6,4447.90,7,4448.00,9,4448.10,15,4448.20,22,4448.30,18,4448.40,18,4448.50,17,Buy,94,175,269,-81.00,0.00,-99.00,2.20,36.4,4448.40,4448.40,4446.20,4447.60,147,233,380,-86.00,9.00,-98.00,3.40,73.5,-18,321,0.1395,0.2222,-305.00,-146.00,4427.15,2.4183,UP,221.55,1.7152,2.1811
20260810 195648 291,4447.70,1,4447.30,4447.60,0.30,4447.30,4,4447.20,4,4447.10,4,4447.00,6,4446.90,5,4446.80,7,4446.70,16,4446.60,18,4446.50,15,4446.40,17,4447.60,2,4447.70,9,4447.80,6,4447.90,7,4448.00,9,4448.10,15,4448.20,22,4448.30,18,4448.40,18,4448.50,17,Buy,95,175,270,-80.00,0.00,-99.00,2.20,31.8,4448.40,4448.40,4446.20,4447.70,147,233,380,-86.00,9.00,-98.00,3.40,73.5,-18,321,0.1395,0.2375,-304.00,-145.00,4427.16,2.4214,UP,221.55,1.7152,2.1811
20260810 195648 291,4447.70,1,4447.30,4447.60,0.30,4447.30,4,4447.20,4,4447.10,4,4447.00,6,4446.90,5,4446.80,7,4446.70,16,4446.60,18,4446.50,15,4446.40,17,4447.60,2,4447.70,9,4447.80,6,4447.90,7,4448.00,9,4448.10,15,4448.20,22,4448.30,18,4448.40,18,4448.50,17,Buy,96,175,271,-79.00,0.00,-99.00,2.20,31.8,4448.40,4448.40,4446.20,4447.70,147,233,380,-86.00,9.00,-98.00,3.40,73.5,-18,321,0.1395,0.2532,-303.00,-144.00,4427.16,2.4214,UP,221.55,1.7152,2.1811
20260810 195648 291,4447.70,1,4447.30,4447.60,0.30,4447.30,4,4447.20,4,4447.10,4,4447.00,6,4446.90,5,4446.80,7,4446.70,16,4446.60,18,4446.50,15,4446.40,17,4447.60,2,4447.70,9,4447.80,6,4447.90,7,4448.00,9,4448.10,15,4448.20,22,4448.30,18,4448.40,18,4448.50,17,Buy,97,175,272,-78.00,0.00,-99.00,2.20,31.8,4448.40,4448.40,4446.20,4447.70,147,233,380,-86.00,9.00,-98.00,3.40,73.5,-18,321,0.1395,0.2692,-302.00,-143.00,4427.16,2.4214,UP,221.55,1.7152,2.1811
20260810 195648 291,4447.70,2,4447.30,4447.60,0.30,4447.30,4,4447.20,4,4447.10,4,4447.00,6,4446.90,5,4446.80,7,4446.70,16,4446.60,18,4446.50,15,4446.40,17,4447.60,2,4447.70,9,4447.80,6,4447.90,7,4448.00,9,4448.10,15,4448.20,22,4448.30,18,4448.40,18,4448.50,17,Buy,99,175,274,-76.00,0.00,-99.00,2.20,31.8,4448.40,4448.40,4446.20,4447.70,147,233,380,-86.00,9.00,-98.00,3.40,73.5,-18,321,0.1395,0.3026,-300.00,-141.00,4427.16,2.4214,UP,221.55,1.7152,2.1811
20260810 195648 291,4447.80,1,4447.30,4447.60,0.30,4447.30,4,4447.20,4,4447.10,4,4447.00,6,4446.90,5,4446.80,7,4446.70,16,4446.60,18,4446.50,15,4446.40,17,4447.60,2,4447.70,9,4447.80,6,4447.90,7,4448.00,9,4448.10,15,4448.20,22,4448.30,18,4448.40,18,4448.50,17,Buy,100,175,275,-75.00,0.00,-99.00,2.20,27.3,4448.40,4448.40,4446.20,4447.80,147,233,380,-86.00,9.00,-98.00,3.40,73.5,-18,321,0.1395,0.3200,-299.00,-140.00,4427.17,2.4246,UP,221.55,1.7152,2.1811
20260810 195648 291,4447.80,1,4447.30,4447.60,0.30,4447.30,4,4447.20,4,4447.10,4,4447.00,6,4446.90,5,4446.80,7,4446.70,16,4446.60,18,4446.50,15,4446.40,17,4447.60,2,4447.70,9,4447.80,6,4447.90,7,4448.00,9,4448.10,15,4448.20,22,4448.30,18,4448.40,18,4448.50,17,Buy,101,175,276,-74.00,0.00,-99.00,2.20,27.3,4448.40,4448.40,4446.20,4447.80,147,233,380,-86.00,9.00,-98.00,3.40,73.5,-18,321,0.1395,0.3378,-298.00,-139.00,4427.17,2.4246,UP,221.55,1.7152,2.1811
20260810 195648 291,4447.80,1,4447.30,4447.60,0.30,4447.30,4,4447.20,4,4447.10,4,4447.00,6,4446.90,5,4446.80,7,4446.70,16,4446.60,18,4446.50,15,4446.40,17,4447.60,2,4447.70,9,4447.80,6,4447.90,7,4448.00,9,4448.10,15,4448.20,22,4448.30,18,4448.40,18,4448.50,17,Buy,102,175,277,-73.00,0.00,-99.00,2.20,27.3,4448.40,4448.40,4446.20,4447.80,147,233,380,-86.00,9.00,-98.00,3.40,73.5,-18,321,0.1395,0.3562,-297.00,-138.00,4427.17,2.4246,UP,221.55,1.7152,2.1811
20260810 195648 441,4447.40,1,4447.40,4447.60,0.20,4447.40,1,4447.30,4,4447.20,6,4447.10,6,4447.00,8,4446.90,5,4446.80,7,4446.70,16,4446.60,18,4446.50,15,4447.60,2,4447.70,9,4447.80,6,4447.90,7,4448.00,9,4448.10,15,4448.20,21,4448.30,18,4448.40,20,4448.50,17,Sell,102,176,278,-74.00,0.00,-99.00,2.20,45.5,4448.40,4448.40,4446.20,4447.40,147,233,380,-86.00,9.00,-98.00,3.40,73.5,-18,321,0.1395,0.3378,-298.00,-139.00,4427.13,2.4119,UP,221.55,1.7152,2.1811
20260810 195649 011,4447.30,1,4447.20,4447.40,0.20,4447.20,3,4447.10,5,4447.00,8,4446.90,7,4446.80,10,4446.70,16,4446.60,18,4446.50,15,4446.40,17,4446.30,17,4447.50,3,4447.60,6,4447.70,10,4447.80,6,4447.90,7,4448.00,9,4448.10,15,4448.20,21,4448.30,18,4448.40,19,Sell,102,177,279,-75.00,0.00,-99.00,2.20,50.0,4448.40,4448.40,4446.20,4447.30,147,233,380,-86.00,9.00,-98.00,3.40,73.5,-18,321,0.1395,0.3200,-299.00,-140.00,4427.12,2.4087,UP,221.55,1.7152,2.1811
20260810 195649 011,4447.20,1,4447.20,4447.40,0.20,4447.20,3,4447.10,5,4447.00,8,4446.90,7,4446.80,10,4446.70,16,4446.60,18,4446.50,15,4446.40,17,4446.30,17,4447.50,3,4447.60,6,4447.70,10,4447.80,6,4447.90,7,4448.00,9,4448.10,15,4448.20,21,4448.30,18,4448.40,19,Sell,102,178,280,-76.00,0.00,-99.00,2.20,54.5,4448.40,4448.40,4446.20,4447.20,147,233,380,-86.00,9.00,-98.00,3.40,73.5,-18,321,0.1395,0.3026,-300.00,-141.00,4427.11,2.4056,UP,221.55,1.7152,2.1811
20260810 195649 011,4447.20,1,4447.20,4447.40,0.20,4447.20,3,4447.10,5,4447.00,8,4446.90,7,4446.80,10,4446.70,16,4446.60,18,4446.50,15,4446.40,17,4446.30,17,4447.50,3,4447.60,6,4447.70,10,4447.80,6,4447.90,7,4448.00,9,4448.10,15,4448.20,21,4448.30,18,4448.40,19,Sell,102,179,281,-77.00,0.00,-99.00,2.20,54.5,4448.40,4448.40,4446.20,4447.20,147,233,380,-86.00,9.00,-98.00,3.40,73.5,-18,321,0.1395,0.2857,-301.00,-142.00,4427.11,2.4056,UP,221.55,1.7152,2.1811
20260810 195649 024,4447.40,1,4447.20,4447.40,0.20,4447.20,3,4447.10,5,4447.00,8,4446.90,7,4446.80,10,4446.70,16,4446.60,18,4446.50,15,4446.40,17,4446.30,17,4447.50,3,4447.60,6,4447.70,10,4447.80,6,4447.90,7,4448.00,9,4448.10,15,4448.20,21,4448.30,18,4448.40,19,Buy,103,179,282,-76.00,0.00,-99.00,2.20,45.5,4448.40,4448.40,4446.20,4447.40,147,233,380,-86.00,9.00,-98.00,3.40,73.5,-18,321,0.1395,0.3026,-300.00,-141.00,4427.13,2.4119,UP,221.55,1.7152,2.1811
20260810 195649 602,4447.30,1,4447.10,4447.40,0.30,4447.10,4,4447.00,8,4446.90,7,4446.80,10,4446.70,16,4446.60,18,4446.50,15,4446.40,17,4446.30,16,4446.20,18,4447.40,3,4447.50,5,4447.60,6,4447.70,11,4447.80,6,4447.90,7,4448.00,9,4448.10,15,4448.20,21,4448.30,18,Sell,103,180,283,-77.00,0.00,-99.00,2.20,50.0,4448.40,4448.40,4446.20,4447.30,147,233,380,-86.00,9.00,-98.00,3.40,73.5,-18,321,0.1395,0.2857,-301.00,-142.00,4427.12,2.4087,UP,221.55,1.7152,2.1811
20260810 195650 735,4447.40,1,4447.10,4447.40,0.30,4447.10,3,4447.00,6,4446.90,6,4446.80,9,4446.70,18,4446.60,18,4446.50,15,4446.40,17,4446.30,16,4446.20,18,4447.40,4,4447.50,5,4447.60,6,4447.70,11,4447.80,6,4447.90,17,4448.00,19,4448.10,15,4448.20,21,4448.30,18,Buy,104,180,284,-76.00,0.00,-99.00,2.20,45.5,4448.40,4448.40,4446.20,4447.40,147,233,380,-86.00,9.00,-98.00,3.40,73.5,-18,321,0.1395,0.3026,-300.00,-141.00,4427.13,2.4119,UP,221.55,1.7152,2.1811
20260810 195651 557,4447.20,5,4447.10,4447.30,0.20,4447.10,1,4447.00,4,4446.90,6,4446.80,9,4446.70,9,4446.60,20,4446.50,15,4446.40,17,4446.30,16,4446.20,18,4447.30,4,4447.40,6,4447.50,6,4447.60,6,4447.70,10,4447.80,6,4447.90,17,4448.00,20,4448.10,16,4448.20,21,Sell,104,185,289,-81.00,0.00,-99.00,2.20,54.5,4448.40,4448.40,4446.20,4447.20,147,233,380,-86.00,9.00,-98.00,3.40,73.5,-18,321,0.1395,0.2222,-305.00,-146.00,4427.11,2.4056,UP,221.55,1.7152,2.1811
20260810 195651 724,4447.20,1,4447.00,4447.30,0.30,4447.00,3,4446.90,5,4446.80,10,4446.70,9,4446.60,20,4446.50,15,4446.40,17,4446.30,16,4446.20,18,4446.10,17,4447.30,4,4447.40,8,4447.50,6,4447.60,6,4447.70,10,4447.80,6,4447.90,17,4448.00,20,4448.10,16,4448.20,22,Buy,105,185,290,-80.00,0.00,-99.00,2.20,54.5,4448.40,4448.40,4446.20,4447.20,147,233,380,-86.00,9.00,-98.00,3.40,73.5,-18,321,0.1395,0.2375,-304.00,-145.00,4427.11,2.4056,UP,221.55,1.7152,2.1811
20260810 195653 132,4447.20,2,4447.10,4447.20,0.10,4447.10,2,4447.00,5,4446.90,5,4446.80,10,4446.70,9,4446.60,20,4446.50,15,4446.40,17,4446.30,16,4446.20,18,4447.30,2,4447.40,8,4447.50,6,4447.60,6,4447.70,10,4447.80,6,4447.90,17,4448.00,20,4448.10,16,4448.20,21,Buy,107,185,292,-78.00,0.00,-99.00,2.20,54.5,4448.40,4448.40,4446.20,4447.20,147,233,380,-86.00,9.00,-98.00,3.40,73.5,-18,321,0.1395,0.2692,-302.00,-143.00,4427.11,2.4056,UP,221.55,1.7152,2.1811
20260810 195654 592,4447.30,1,4447.10,4447.40,0.30,4447.10,4,4447.00,5,4446.90,5,4446.80,10,4446.70,9,4446.60,20,4446.50,16,4446.40,17,4446.30,16,4446.20,18,4447.40,7,4447.50,6,4447.60,6,4447.70,10,4447.80,6,4447.90,17,4448.00,20,4448.10,16,4448.20,21,4448.30,18,Buy,108,185,293,-77.00,0.00,-99.00,2.20,50.0,4448.40,4448.40,4446.20,4447.30,147,233,380,-86.00,9.00,-98.00,3.40,73.5,-18,321,0.1395,0.2857,-301.00,-142.00,4427.12,2.4087,UP,221.55,1.7152,2.1811
20260810 195655 690,4447.30,1,4447.10,4447.40,0.30,4447.10,2,4447.00,5,4446.90,5,4446.80,10,4446.70,9,4446.60,20,4446.50,16,4446.40,17,4446.30,16,4446.20,18,4447.40,8,4447.50,6,4447.60,6,4447.70,10,4447.80,6,4447.90,17,4448.00,20,4448.10,16,4448.20,21,4448.30,18,Buy,109,185,294,-76.00,0.00,-99.00,2.20,50.0,4448.40,4448.40,4446.20,4447.30,147,233,380,-86.00,9.00,-98.00,3.40,73.5,-18,321,0.1395,0.3026,-300.00,-141.00,4427.12,2.4087,UP,221.55,1.7152,2.1811
20260810 195655 690,4447.30,1,4447.10,4447.40,0.30,4447.10,2,4447.00,5,4446.90,5,4446.80,10,4446.70,9,4446.60,20,4446.50,16,4446.40,17,4446.30,16,4446.20,18,4447.40,8,4447.50,6,4447.60,6,4447.70,10,4447.80,6,4447.90,17,4448.00,20,4448.10,16,4448.20,21,4448.30,18,Buy,110,185,295,-75.00,0.00,-99.00,2.20,50.0,4448.40,4448.40,4446.20,4447.30,147,233,380,-86.00,9.00,-98.00,3.40,73.5,-18,321,0.1395,0.3200,-299.00,-140.00,4427.12,2.4087,UP,221.55,1.7152,2.1811
20260810 195656 895,4447.30,1,4447.10,4447.30,0.20,4447.10,7,4447.00,5,4446.90,5,4446.80,10,4446.70,9,4446.60,20,4446.50,14,4446.40,17,4446.30,16,4446.20,19,4447.40,4,4447.50,6,4447.60,6,4447.70,10,4447.80,6,4447.90,18,4448.00,20,4448.10,16,4448.20,21,4448.30,18,Buy,111,185,296,-74.00,0.00,-99.00,2.20,50.0,4448.40,4448.40,4446.20,4447.30,147,233,380,-86.00,9.00,-98.00,3.40,73.5,-18,321,0.1395,0.3378,-298.00,-139.00,4427.12,2.4087,UP,221.55,1.7152,2.1811
20260810 195656 895,4447.30,1,4447.10,4447.40,0.30,4447.10,9,4447.00,5,4446.90,5,4446.80,11,4446.70,9,4446.60,20,4446.50,14,4446.40,17,4446.30,16,4446.20,18,4447.40,4,4447.50,6,4447.60,6,4447.70,10,4447.80,6,4447.90,17,4448.00,20,4448.10,16,4448.20,21,4448.30,18,Buy,112,185,297,-73.00,0.00,-99.00,2.20,50.0,4448.40,4448.40,4446.20,4447.30,147,233,380,-86.00,9.00,-98.00,3.40,73.5,-18,321,0.1395,0.3562,-297.00,-138.00,4427.12,2.4087,UP,221.55,1.7152,2.1811
20260810 195656 895,4447.30,1,4447.10,4447.40,0.30,4447.10,9,4447.00,5,4446.90,5,4446.80,11,4446.70,9,4446.60,20,4446.50,14,4446.40,17,4446.30,16,4446.20,18,4447.40,4,4447.50,6,4447.60,6,4447.70,10,4447.80,6,4447.90,17,4448.00,20,4448.10,16,4448.20,21,4448.30,18,Buy,113,185,298,-72.00,0.00,-99.00,2.20,50.0,4448.40,4448.40,4446.20,4447.30,147,233,380,-86.00,9.00,-98.00,3.40,73.5,-18,321,0.1395,0.3750,-296.00,-137.00,4427.12,2.4087,UP,221.55,1.7152,2.1811
20260810 195656 895,4447.40,1,4447.10,4447.40,0.30,4447.10,9,4447.00,5,4446.90,5,4446.80,11,4446.70,9,4446.60,20,4446.50,14,4446.40,17,4446.30,16,4446.20,18,4447.40,4,4447.50,6,4447.60,6,4447.70,10,4447.80,6,4447.90,17,4448.00,20,4448.10,16,4448.20,21,4448.30,18,Buy,114,185,299,-71.00,0.00,-99.00,2.20,45.5,4448.40,4448.40,4446.20,4447.40,147,233,380,-86.00,9.00,-98.00,3.40,73.5,-18,321,0.1395,0.3944,-295.00,-136.00,4427.13,2.4119,UP,221.55,1.7152,2.1811
20260810 195656 895,4447.40,1,4447.10,4447.40,0.30,4447.10,9,4447.00,5,4446.90,5,4446.80,11,4446.70,9,4446.60,20,4446.50,14,4446.40,17,4446.30,16,4446.20,18,4447.40,4,4447.50,6,4447.60,6,4447.70,10,4447.80,6,4447.90,17,4448.00,20,4448.10,16,4448.20,21,4448.30,18,Buy,115,185,300,-70.00,0.00,-99.00,2.20,45.5,4448.40,4448.40,4446.20,4447.40,147,233,380,-86.00,9.00,-98.00,3.40,73.5,-18,321,0.1395,0.4143,-294.00,-135.00,4427.13,2.4119,UP,221.55,1.7152,2.1811
20260810 195657 447,4447.10,1,4447.10,4447.40,0.30,4447.20,1,4447.10,9,4447.00,5,4446.90,6,4446.80,11,4446.70,9,4446.60,20,4446.50,14,4446.40,17,4446.30,16,4447.40,4,4447.50,6,4447.60,6,4447.70,10,4447.80,6,4447.90,17,4448.00,20,4448.10,16,4448.20,21,4448.30,18,Sell,115,186,301,-71.00,0.00,-99.00,2.20,59.1,4448.40,4448.40,4446.20,4447.10,147,233,380,-86.00,9.00,-98.00,3.40,73.5,-18,321,0.1395,0.3944,-295.00,-136.00,4427.11,2.4024,UP,221.55,1.7152,2.1811
20260810 195700 312,4447.20,2,4447.10,4447.30,0.20,4447.10,1,4447.00,5,4446.90,5,4446.80,10,4446.70,9,4446.60,21,4446.50,14,4446.40,17,4446.30,16,4446.20,18,4447.30,4,4447.40,5,4447.50,7,4447.60,6,4447.70,10,4447.80,6,4447.90,17,4448.00,20,4448.10,16,4448.20,21,Sell,0,2,2,-2.00,-2.00,-2.00,0.00,0.0,4447.20,4447.20,4447.20,4447.20,115,186,301,-71.00,0.00,-99.00,2.20,59.1,39,288,0.3944,0.0000,-247.00,-192.00,4427.11,2.4056,UP,225.85,1.3327,2.0325
20260810 195700 312,4447.20,1,4447.10,4447.30,0.20,4447.10,1,4447.00,5,4446.90,5,4446.80,10,4446.70,9,4446.60,21,4446.50,14,4446.40,17,4446.30,16,4446.20,18,4447.30,4,4447.40,5,4447.50,7,4447.60,6,4447.70,10,4447.80,6,4447.90,17,4448.00,20,4448.10,16,4448.20,21,Sell,0,3,3,-3.00,-2.00,-3.00,0.00,0.0,4447.20,4447.20,4447.20,4447.20,115,186,301,-71.00,0.00,-99.00,2.20,59.1,39,288,0.3944,0.0000,-248.00,-193.00,4427.11,2.4056,UP,225.85,1.3327,2.0325
20260810 195700 313,4447.20,1,4447.10,4447.30,0.20,4447.10,1,4447.00,5,4446.90,5,4446.80,10,4446.70,9,4446.60,21,4446.50,14,4446.40,17,4446.30,16,4446.20,18,4447.30,4,4447.40,5,4447.50,7,4447.60,6,4447.70,10,4447.80,6,4447.90,17,4448.00,20,4448.10,16,4448.20,21,Sell,0,4,4,-4.00,-2.00,-4.00,0.00,0.0,4447.20,4447.20,4447.20,4447.20,115,186,301,-71.00,0.00,-99.00,2.20,59.1,39,288,0.3944,0.0000,-249.00,-194.00,4427.11,2.4056,UP,225.85,1.3327,2.0325
20260810 195700 313,4447.20,1,4447.10,4447.30,0.20,4447.10,1,4447.00,5,4446.90,5,4446.80,10,4446.70,9,4446.60,21,4446.50,14,4446.40,17,4446.30,16,4446.20,18,4447.30,4,4447.40,5,4447.50,7,4447.60,6,4447.70,10,4447.80,6,4447.90,17,4448.00,20,4448.10,16,4448.20,21,Sell,0,5,5,-5.00,-2.00,-5.00,0.00,0.0,4447.20,4447.20,4447.20,4447.20,115,186,301,-71.00,0.00,-99.00,2.20,59.1,39,288,0.3944,0.0000,-250.00,-195.00,4427.11,2.4056,UP,225.85,1.3327,2.0325
20260810 195702 668,4446.90,1,4446.80,4447.00,0.20,4446.80,8,4446.70,8,4446.60,12,4446.50,7,4446.40,19,4446.30,16,4446.20,18,4446.10,17,4446.00,23,4445.90,17,4447.00,2,4447.10,3,4447.20,6,4447.30,5,4447.40,7,4447.50,7,4447.60,6,4447.70,10,4447.80,16,4447.90,17,Sell,0,6,6,-6.00,-2.00,-6.00,0.30,100.0,4447.20,4447.20,4446.90,4446.90,115,186,301,-71.00,0.00,-99.00,2.20,59.1,39,288,0.3944,0.0000,-251.00,-196.00,4427.09,2.3960,UP,225.85,1.3327,2.0468
20260810 195702 682,4446.80,1,4446.60,4446.90,0.30,4446.60,4,4446.50,5,4446.40,10,4446.30,18,4446.20,18,4446.10,17,4446.00,23,4445.90,18,4445.80,21,4445.70,13,4446.90,3,4447.00,5,4447.10,6,4447.20,8,4447.30,6,4447.40,7,4447.50,16,4447.60,17,4447.70,20,4447.80,16,Sell,0,7,7,-7.00,-2.00,-7.00,0.40,100.0,4447.20,4447.20,4446.80,4446.80,115,186,301,-71.00,0.00,-99.00,2.20,59.1,39,288,0.3944,0.0000,-252.00,-197.00,4427.08,2.3929,UP,225.85,1.3327,2.0539
20260810 195702 817,4446.90,1,4446.60,4446.90,0.30,4446.70,2,4446.60,4,4446.50,5,4446.40,10,4446.30,18,4446.20,18,4446.10,17,4446.00,23,4445.90,18,4445.80,21,4446.90,2,4447.00,5,4447.10,5,4447.20,8,4447.30,5,4447.40,7,4447.50,16,4447.60,17,4447.70,20,4447.80,16,Buy,1,7,8,-6.00,-2.00,-7.00,0.40,75.0,4447.20,4447.20,4446.80,4446.90,115,186,301,-71.00,0.00,-99.00,2.20,59.1,39,288,0.3944,0.1667,-251.00,-196.00,4427.09,2.3960,UP,225.85,1.3327,2.0539
20260810 195702 893,4446.70,1,4446.60,4446.90,0.30,4446.60,6,4446.50,5,4446.40,10,4446.30,9,4446.20,18,4446.10,17,4446.00,23,4445.90,18,4445.80,21,4445.70,13,4446.90,3,4447.00,5,4447.10,5,4447.20,8,4447.30,7,4447.40,7,4447.50,16,4447.60,17,4447.70,20,4447.80,17,Sell,1,8,9,-7.00,-2.00,-7.00,0.50,100.0,4447.20,4447.20,4446.70,4446.70,115,186,301,-71.00,0.00,-99.00,2.20,59.1,39,288,0.3944,0.0000,-252.00,-197.00,4427.07,2.3897,UP,225.85,1.3327,2.0610
20260810 195703 063,4446.60,1,4446.50,4446.80,0.30,4446.50,4,4446.40,10,4446.30,9,4446.20,18,4446.10,17,4446.00,23,4445.90,18,4445.80,19,4445.70,13,4445.60,20,4446.80,6,4446.90,4,4447.00,7,4447.10,8,4447.20,8,4447.30,6,4447.40,17,4447.50,16,4447.60,17,4447.70,20,Sell,1,9,10,-8.00,-2.00,-8.00,0.60,100.0,4447.20,4447.20,4446.60,4446.60,115,186,301,-71.00,0.00,-99.00,2.20,59.1,39,288,0.3944,0.0000,-253.00,-198.00,4427.06,2.3865,UP,225.85,1.3327,2.0682
20260810 195703 579,4446.50,1,4446.50,4446.80,0.30,4446.50,2,4446.40,10,4446.30,9,4446.20,18,4446.10,17,4446.00,23,4445.90,18,4445.80,19,4445.70,13,4445.60,20,4446.80,6,4446.90,4,4447.00,7,4447.10,8,4447.20,8,4447.30,6,4447.40,17,4447.50,16,4447.60,17,4447.70,21,Sell,1,10,11,-9.00,-2.00,-9.00,0.70,100.0,4447.20,4447.20,4446.50,4446.50,115,186,301,-71.00,0.00,-99.00,2.20,59.1,39,288,0.3944,0.0000,-254.00,-199.00,4427.05,2.3833,UP,225.85,1.3327,2.0753
20260810 195703 580,4446.50,1,4446.50,4446.80,0.30,4446.50,2,4446.40,10,4446.30,9,4446.20,18,4446.10,17,4446.00,23,4445.90,18,4445.80,19,4445.70,13,4445.60,20,4446.80,6,4446.90,4,4447.00,7,4447.10,8,4447.20,8,4447.30,6,4447.40,17,4447.50,16,4447.60,17,4447.70,21,Sell,1,11,12,-10.00,-2.00,-10.00,0.70,100.0,4447.20,4447.20,4446.50,4446.50,115,186,301,-71.00,0.00,-99.00,2.20,59.1,39,288,0.3944,0.0000,-255.00,-200.00,4427.05,2.3833,UP,225.85,1.3327,2.0753
20260810 195703 617,4446.80,1,4446.60,4446.80,0.20,4446.60,4,4446.50,4,4446.40,10,4446.30,9,4446.20,18,4446.10,17,4446.00,23,4445.90,18,4445.80,19,4445.70,13,4446.80,2,4446.90,4,4447.00,7,4447.10,6,4447.20,8,4447.30,6,4447.40,17,4447.50,16,4447.60,17,4447.70,21,Buy,2,11,13,-9.00,-2.00,-10.00,0.70,57.1,4447.20,4447.20,4446.50,4446.80,115,186,301,-71.00,0.00,-99.00,2.20,59.1,39,288,0.3944,0.1111,-254.00,-199.00,4427.08,2.3929,UP,225.85,1.3327,2.0753
20260810 195704 508,4446.70,1,4446.50,4446.80,0.30,4446.50,3,4446.40,9,4446.30,9,4446.20,18,4446.10,17,4446.00,23,4445.90,18,4445.80,19,4445.70,13,4445.60,20,4446.80,6,4446.90,4,4447.00,7,4447.10,7,4447.20,8,4447.30,6,4447.40,17,4447.50,16,4447.60,17,4447.70,21,Buy,3,11,14,-8.00,-2.00,-10.00,0.70,71.4,4447.20,4447.20,4446.50,4446.70,115,186,301,-71.00,0.00,-99.00,2.20,59.1,39,288,0.3944,0.2500,-253.00,-198.00,4427.07,2.3897,UP,225.85,1.3327,2.0753
20260810 195706 814,4447.00,1,4447.00,4447.30,0.30,4447.10,1,4447.00,4,4446.90,4,4446.80,6,4446.70,7,4446.60,8,4446.50,5,4446.40,19,4446.30,18,4446.20,19,4447.30,2,4447.40,7,4447.50,6,4447.60,6,4447.70,21,4447.80,17,4447.90,18,4448.00,20,4448.10,16,4448.20,24,Sell,3,12,15,-9.00,-2.00,-10.00,0.70,28.6,4447.20,4447.20,4446.50,4447.00,115,186,301,-71.00,0.00,-99.00,2.20,59.1,39,288,0.3944,0.1111,-254.00,-199.00,4427.10,2.3992,UP,225.85,1.3327,2.0753
20260810 195707 682,4447.50,1,4447.30,4447.60,0.30,4447.30,2,4447.20,5,4447.10,6,4447.00,7,4446.90,5,4446.80,8,4446.70,6,4446.60,17,4446.50,15,4446.40,19,4447.60,5,4447.70,10,4447.80,6,4447.90,7,4448.00,19,4448.10,16,4448.20,22,4448.30,19,4448.40,21,4448.50,17,Buy,4,12,16,-8.00,-2.00,-10.00,1.00,30.0,4447.20,4447.50,4446.50,4447.50,115,186,301,-71.00,0.00,-99.00,2.20,59.1,39,288,0.3944,0.2500,-253.00,-198.00,4427.14,2.4151,UP,225.85,1.3327,2.0968
20260810 195707 695,4447.60,1,4447.30,4447.60,0.30,4447.30,2,4447.20,5,4447.10,6,4447.00,7,4446.90,5,4446.80,8,4446.70,6,4446.60,17,4446.50,15,4446.40,19,4447.60,5,4447.70,10,4447.80,6,4447.90,7,4448.00,19,4448.10,16,4448.20,22,4448.30,19,4448.40,21,4448.50,17,Buy,5,12,17,-7.00,-2.00,-10.00,1.10,36.4,4447.20,4447.60,4446.50,4447.60,115,186,301,-71.00,0.00,-99.00,2.20,59.1,39,288,0.3944,0.4286,-252.00,-197.00,4427.15,2.4183,UP,225.85,1.3327,2.1039
20260810 195708 124,4447.30,1,4447.20,4447.50,0.30,4447.20,4,4447.10,6,4447.00,6,4446.90,2,4446.80,8,4446.70,6,4446.60,17,4446.50,15,4446.40,19,4446.30,18,4447.50,3,4447.60,6,4447.70,10,4447.80,6,4447.90,7,4448.00,19,4448.10,15,4448.20,22,4448.30,19,4448.40,21,Sell,5,13,18,-8.00,-2.00,-10.00,1.10,9.1,4447.20,4447.60,4446.50,4447.30,115,186,301,-71.00,0.00,-99.00,2.20,59.1,39,288,0.3944,0.2500,-253.00,-198.00,4427.12,2.4087,UP,225.85,1.3327,2.1039
20260810 195708 124,4447.30,1,4447.20,4447.50,0.30,4447.20,4,4447.10,6,4447.00,6,4446.90,2,4446.80,8,4446.70,6,4446.60,17,4446.50,15,4446.40,19,4446.30,18,4447.50,3,4447.60,6,4447.70,10,4447.80,6,4447.90,7,4448.00,19,4448.10,15,4448.20,22,4448.30,19,4448.40,21,Sell,5,14,19,-9.00,-2.00,-10.00,1.10,9.1,4447.20,4447.60,4446.50,4447.30,115,186,301,-71.00,0.00,-99.00,2.20,59.1,39,288,0.3944,0.1111,-254.00,-199.00,4427.12,2.4087,UP,225.85,1.3327,2.1039
20260810 195708 124,4447.30,1,4447.20,4447.50,0.30,4447.20,4,4447.10,6,4447.00,6,4446.90,2,4446.80,8,4446.70,6,4446.60,17,4446.50,15,4446.40,19,4446.30,18,4447.50,3,4447.60,6,4447.70,10,4447.80,6,4447.90,7,4448.00,19,4448.10,15,4448.20,22,4448.30,19,4448.40,21,Sell,5,15,20,-10.00,-2.00,-10.00,1.10,9.1,4447.20,4447.60,4446.50,4447.30,115,186,301,-71.00,0.00,-99.00,2.20,59.1,39,288,0.3944,0.0000,-255.00,-200.00,4427.12,2.4087,UP,225.85,1.3327,2.1039
20260810 195708 124,4447.20,1,4447.20,4447.50,0.30,4447.20,4,4447.10,6,4447.00,6,4446.90,2,4446.80,8,4446.70,6,4446.60,17,4446.50,15,4446.40,19,4446.30,18,4447.50,3,4447.60,6,4447.70,10,4447.80,6,4447.90,7,4448.00,19,4448.10,15,4448.20,22,4448.30,19,4448.40,21,Sell,5,16,21,-11.00,-2.00,-11.00,1.10,0.0,4447.20,4447.60,4446.50,4447.20,115,186,301,-71.00,0.00,-99.00,2.20,59.1,39,288,0.3944,0.0000,-256.00,-201.00,4427.11,2.4056,UP,225.85,1.3327,2.1039
20260810 195708 124,4447.20,1,4447.20,4447.50,0.30,4447.20,4,4447.10,6,4447.00,6,4446.90,2,4446.80,8,4446.70,6,4446.60,17,4446.50,15,4446.40,19,4446.30,18,4447.50,3,4447.60,6,4447.70,10,4447.80,6,4447.90,7,4448.00,19,4448.10,15,4448.20,22,4448.30,19,4448.40,21,Sell,5,17,22,-12.00,-2.00,-12.00,1.10,0.0,4447.20,4447.60,4446.50,4447.20,115,186,301,-71.00,0.00,-99.00,2.20,59.1,39,288,0.3944,0.0000,-257.00,-202.00,4427.11,2.4056,UP,225.85,1.3327,2.1039
20260810 195708 124,4447.20,1,4447.20,4447.50,0.30,4447.20,4,4447.10,6,4447.00,6,4446.90,2,4446.80,8,4446.70,6,4446.60,17,4446.50,15,4446.40,19,4446.30,18,4447.50,3,4447.60,6,4447.70,10,4447.80,6,4447.90,7,4448.00,19,4448.10,15,4448.20,22,4448.30,19,4448.40,21,Sell,5,18,23,-13.00,-2.00,-13.00,1.10,0.0,4447.20,4447.60,4446.50,4447.20,115,186,301,-71.00,0.00,-99.00,2.20,59.1,39,288,0.3944,0.0000,-258.00,-203.00,4427.11,2.4056,UP,225.85,1.3327,2.1039
20260810 195708 124,4447.20,2,4447.20,4447.50,0.30,4447.20,4,4447.10,6,4447.00,6,4446.90,2,4446.80,8,4446.70,6,4446.60,17,4446.50,15,4446.40,19,4446.30,18,4447.50,3,4447.60,6,4447.70,10,4447.80,6,4447.90,7,4448.00,19,4448.10,15,4448.20,22,4448.30,19,4448.40,21,Sell,5,20,25,-15.00,-2.00,-15.00,1.10,0.0,4447.20,4447.60,4446.50,4447.20,115,186,301,-71.00,0.00,-99.00,2.20,59.1,39,288,0.3944,0.0000,-260.00,-205.00,4427.11,2.4056,UP,225.85,1.3327,2.1039
20260810 195708 124,4447.10,1,4447.20,4447.50,0.30,4447.20,4,4447.10,6,4447.00,6,4446.90,2,4446.80,8,4446.70,6,4446.60,17,4446.50,15,4446.40,19,4446.30,18,4447.50,3,4447.60,6,4447.70,10,4447.80,6,4447.90,7,4448.00,19,4448.10,15,4448.20,22,4448.30,19,4448.40,21,Sell,5,21,26,-16.00,-2.00,-16.00,1.10,9.1,4447.20,4447.60,4446.50,4447.10,115,186,301,-71.00,0.00,-99.00,2.20,59.1,39,288,0.3944,0.0000,-261.00,-206.00,4427.11,2.4024,UP,225.85,1.3327,2.1039
20260810 195708 124,4447.10,1,4447.20,4447.50,0.30,4447.20,4,4447.10,6,4447.00,6,4446.90,2,4446.80,8,4446.70,6,4446.60,17,4446.50,15,4446.40,19,4446.30,18,4447.50,3,4447.60,6,4447.70,10,4447.80,6,4447.90,7,4448.00,19,4448.10,15,4448.20,22,4448.30,19,4448.40,21,Sell,5,22,27,-17.00,-2.00,-17.00,1.10,9.1,4447.20,4447.60,4446.50,4447.10,115,186,301,-71.00,0.00,-99.00,2.20,59.1,39,288,0.3944,0.0000,-262.00,-207.00,4427.11,2.4024,UP,225.85,1.3327,2.1039
20260810 195708 124,4447.10,1,4447.20,4447.50,0.30,4447.20,4,4447.10,6,4447.00,6,4446.90,2,4446.80,8,4446.70,6,4446.60,17,4446.50,15,4446.40,19,4446.30,18,4447.50,3,4447.60,6,4447.70,10,4447.80,6,4447.90,7,4448.00,19,4448.10,15,4448.20,22,4448.30,19,4448.40,21,Sell,5,23,28,-18.00,-2.00,-18.00,1.10,9.1,4447.20,4447.60,4446.50,4447.10,115,186,301,-71.00,0.00,-99.00,2.20,59.1,39,288,0.3944,0.0000,-263.00,-208.00,4427.11,2.4024,UP,225.85,1.3327,2.1039
20260810 195708 124,4447.10,1,4447.20,4447.50,0.30,4447.20,4,4447.10,6,4447.00,6,4446.90,2,4446.80,8,4446.70,6,4446.60,17,4446.50,15,4446.40,19,4446.30,18,4447.50,3,4447.60,6,4447.70,10,4447.80,6,4447.90,7,4448.00,19,4448.10,15,4448.20,22,4448.30,19,4448.40,21,Sell,5,24,29,-19.00,-2.00,-19.00,1.10,9.1,4447.20,4447.60,4446.50,4447.10,115,186,301,-71.00,0.00,-99.00,2.20,59.1,39,288,0.3944,0.0000,-264.00,-209.00,4427.11,2.4024,UP,225.85,1.3327,2.1039
20260810 195708 124,4447.10,1,4447.20,4447.50,0.30,4447.20,4,4447.10,6,4447.00,6,4446.90,2,4446.80,8,4446.70,6,4446.60,17,4446.50,15,4446.40,19,4446.30,18,4447.50,3,4447.60,6,4447.70,10,4447.80,6,4447.90,7,4448.00,19,4448.10,15,4448.20,22,4448.30,19,4448.40,21,Sell,5,25,30,-20.00,-2.00,-20.00,1.10,9.1,4447.20,4447.60,4446.50,4447.10,115,186,301,-71.00,0.00,-99.00,2.20,59.1,39,288,0.3944,0.0000,-265.00,-210.00,4427.11,2.4024,UP,225.85,1.3327,2.1039
20260810 195708 124,4447.10,1,4447.20,4447.50,0.30,4447.20,4,4447.10,6,4447.00,6,4446.90,2,4446.80,8,4446.70,6,4446.60,17,4446.50,15,4446.40,19,4446.30,18,4447.50,3,4447.60,6,4447.70,10,4447.80,6,4447.90,7,4448.00,19,4448.10,15,4448.20,22,4448.30,19,4448.40,21,Sell,5,26,31,-21.00,-2.00,-21.00,1.10,9.1,4447.20,4447.60,4446.50,4447.10,115,186,301,-71.00,0.00,-99.00,2.20,59.1,39,288,0.3944,0.0000,-266.00,-211.00,4427.11,2.4024,UP,225.85,1.3327,2.1039
20260810 195708 124,4447.00,1,4447.20,4447.50,0.30,4447.20,4,4447.10,6,4447.00,6,4446.90,2,4446.80,8,4446.70,6,4446.60,17,4446.50,15,4446.40,19,4446.30,18,4447.50,3,4447.60,6,4447.70,10,4447.80,6,4447.90,7,4448.00,19,4448.10,15,4448.20,22,4448.30,19,4448.40,21,Sell,5,27,32,-22.00,-2.00,-22.00,1.10,18.2,4447.20,4447.60,4446.50,4447.00,115,186,301,-71.00,0.00,-99.00,2.20,59.1,39,288,0.3944,0.0000,-267.00,-212.00,4427.10,2.3992,UP,225.85,1.3327,2.1039
20260810 195708 124,4447.00,1,4447.20,4447.50,0.30,4447.20,4,4447.10,6,4447.00,6,4446.90,2,4446.80,8,4446.70,6,4446.60,17,4446.50,15,4446.40,19,4446.30,18,4447.50,3,4447.60,6,4447.70,10,4447.80,6,4447.90,7,4448.00,19,4448.10,15,4448.20,22,4448.30,19,4448.40,21,Sell,5,28,33,-23.00,-2.00,-23.00,1.10,18.2,4447.20,4447.60,4446.50,4447.00,115,186,301,-71.00,0.00,-99.00,2.20,59.1,39,288,0.3944,0.0000,-268.00,-213.00,4427.10,2.3992,UP,225.85,1.3327,2.1039
20260810 195708 124,4447.00,2,4447.20,4447.50,0.30,4447.20,4,4447.10,6,4447.00,6,4446.90,2,4446.80,8,4446.70,6,4446.60,17,4446.50,15,4446.40,19,4446.30,18,4447.50,3,4447.60,6,4447.70,10,4447.80,6,4447.90,7,4448.00,19,4448.10,15,4448.20,22,4448.30,19,4448.40,21,Sell,5,30,35,-25.00,-2.00,-25.00,1.10,18.2,4447.20,4447.60,4446.50,4447.00,115,186,301,-71.00,0.00,-99.00,2.20,59.1,39,288,0.3944,0.0000,-270.00,-215.00,4427.10,2.3992,UP,225.85,1.3327,2.1039
20260810 195708 124,4447.00,2,4447.20,4447.50,0.30,4447.20,4,4447.10,6,4447.00,6,4446.90,2,4446.80,8,4446.70,6,4446.60,17,4446.50,15,4446.40,19,4446.30,18,4447.50,3,4447.60,6,4447.70,10,4447.80,6,4447.90,7,4448.00,19,4448.10,15,4448.20,22,4448.30,19,4448.40,21,Sell,5,32,37,-27.00,-2.00,-27.00,1.10,18.2,4447.20,4447.60,4446.50,4447.00,115,186,301,-71.00,0.00,-99.00,2.20,59.1,39,288,0.3944,0.0000,-272.00,-217.00,4427.10,2.3992,UP,225.85,1.3327,2.1039
20260810 195708 124,4447.00,6,4447.20,4447.50,0.30,4447.20,4,4447.10,6,4447.00,6,4446.90,2,4446.80,8,4446.70,6,4446.60,17,4446.50,15,4446.40,19,4446.30,18,4447.50,3,4447.60,6,4447.70,10,4447.80,6,4447.90,7,4448.00,19,4448.10,15,4448.20,22,4448.30,19,4448.40,21,Sell,5,38,43,-33.00,-2.00,-33.00,1.10,18.2,4447.20,4447.60,4446.50,4447.00,115,186,301,-71.00,0.00,-99.00,2.20,59.1,39,288,0.3944,0.0000,-278.00,-223.00,4427.10,2.3992,UP,225.85,1.3327,2.1039
20260810 195708 124,4446.90,1,4447.20,4447.50,0.30,4447.20,4,4447.10,6,4447.00,6,4446.90,2,4446.80,8,4446.70,6,4446.60,17,4446.50,15,4446.40,19,4446.30,18,4447.50,3,4447.60,6,4447.70,10,4447.80,6,4447.90,7,4448.00,19,4448.10,15,4448.20,22,4448.30,19,4448.40,21,Sell,5,39,44,-34.00,-2.00,-34.00,1.10,27.3,4447.20,4447.60,4446.50,4446.90,115,186,301,-71.00,0.00,-99.00,2.20,59.1,39,288,0.3944,0.0000,-279.00,-224.00,4427.09,2.3960,UP,225.85,1.3327,2.1039
20260810 195708 124,4446.90,1,4447.20,4447.50,0.30,4447.20,4,4447.10,6,4447.00,6,4446.90,2,4446.80,8,4446.70,6,4446.60,17,4446.50,15,4446.40,19,4446.30,18,4447.50,3,4447.60,6,4447.70,10,4447.80,6,4447.90,7,4448.00,19,4448.10,15,4448.20,22,4448.30,19,4448.40,21,Sell,5,40,45,-35.00,-2.00,-35.00,1.10,27.3,4447.20,4447.60,4446.50,4446.90,115,186,301,-71.00,0.00,-99.00,2.20,59.1,39,288,0.3944,0.0000,-280.00,-225.00,4427.09,2.3960,UP,225.85,1.3327,2.1039
20260810 195708 124,4446.90,1,4447.20,4447.50,0.30,4447.20,4,4447.10,6,4447.00,6,4446.90,2,4446.80,8,4446.70,6,4446.60,17,4446.50,15,4446.40,19,4446.30,18,4447.50,3,4447.60,6,4447.70,10,4447.80,6,4447.90,7,4448.00,19,4448.10,15,4448.20,22,4448.30,19,4448.40,21,Sell,5,41,46,-36.00,-2.00,-36.00,1.10,27.3,4447.20,4447.60,4446.50,4446.90,115,186,301,-71.00,0.00,-99.00,2.20,59.1,39,288,0.3944,0.0000,-281.00,-226.00,4427.09,2.3960,UP,225.85,1.3327,2.1039
20260810 195708 124,4446.90,1,4447.20,4447.50,0.30,4447.20,4,4447.10,6,4447.00,6,4446.90,3,4446.80,8,4446.70,6,4446.60,17,4446.50,15,4446.40,19,4446.30,18,4447.50,3,4447.60,6,4447.70,10,4447.80,6,4447.90,7,4448.00,19,4448.10,15,4448.20,22,4448.30,19,4448.40,21,Sell,5,42,47,-37.00,-2.00,-37.00,1.10,27.3,4447.20,4447.60,4446.50,4446.90,115,186,301,-71.00,0.00,-99.00,2.20,59.1,39,288,0.3944,0.0000,-282.00,-227.00,4427.09,2.3960,UP,225.85,1.3327,2.1039
20260810 195708 124,4446.90,1,4447.20,4447.50,0.30,4447.20,4,4447.10,6,4447.00,6,4446.90,3,4446.80,8,4446.70,6,4446.60,17,4446.50,15,4446.40,19,4446.30,18,4447.50,3,4447.60,6,4447.70,10,4447.80,6,4447.90,7,4448.00,19,4448.10,15,4448.20,22,4448.30,19,4448.40,21,Sell,5,43,48,-38.00,-2.00,-38.00,1.10,27.3,4447.20,4447.60,4446.50,4446.90,115,186,301,-71.00,0.00,-99.00,2.20,59.1,39,288,0.3944,0.0000,-283.00,-228.00,4427.09,2.3960,UP,225.85,1.3327,2.1039
20260810 195708 124,4446.90,1,4447.20,4447.50,0.30,4447.20,4,4447.10,6,4447.00,6,4446.90,3,4446.80,8,4446.70,6,4446.60,17,4446.50,15,4446.40,19,4446.30,18,4447.50,3,4447.60,6,4447.70,10,4447.80,6,4447.90,7,4448.00,19,4448.10,15,4448.20,22,4448.30,19,4448.40,21,Sell,5,44,49,-39.00,-2.00,-39.00,1.10,27.3,4447.20,4447.60,4446.50,4446.90,115,186,301,-71.00,0.00,-99.00,2.20,59.1,39,288,0.3944,0.0000,-284.00,-229.00,4427.09,2.3960,UP,225.85,1.3327,2.1039
20260810 195708 124,4446.80,1,4447.20,4447.50,0.30,4447.20,4,4447.10,6,4447.00,6,4446.90,3,4446.80,8,4446.70,6,4446.60,17,4446.50,15,4446.40,19,4446.30,18,4447.50,3,4447.60,6,4447.70,10,4447.80,6,4447.90,7,4448.00,19,4448.10,15,4448.20,22,4448.30,19,4448.40,21,Sell,5,45,50,-40.00,-2.00,-40.00,1.10,36.4,4447.20,4447.60,4446.50,4446.80,115,186,301,-71.00,0.00,-99.00,2.20,59.1,39,288,0.3944,0.0000,-285.00,-230.00,4427.08,2.3929,UP,225.85,1.3327,2.1039
20260810 195708 999,4447.50,1,4447.20,4447.50,0.30,4447.20,4,4447.10,5,4447.00,5,4446.90,5,4446.80,9,4446.70,6,4446.60,17,4446.50,15,4446.40,19,4446.30,18,4447.50,3,4447.60,6,4447.70,10,4447.80,6,4447.90,7,4448.00,19,4448.10,15,4448.20,22,4448.30,19,4448.40,21,Buy,6,45,51,-39.00,-2.00,-40.00,1.10,27.3,4447.20,4447.60,4446.50,4447.50,115,186,301,-71.00,0.00,-99.00,2.20,59.1,39,288,0.3944,0.0256,-284.00,-229.00,4427.14,2.4151,UP,225.85,1.3327,2.1039
20260810 195709 223,4447.20,2,4447.10,4447.40,0.30,4447.10,4,4447.00,5,4446.90,5,4446.80,9,4446.70,6,4446.60,17,4446.50,15,4446.40,19,4446.30,18,4446.20,19,4447.40,4,4447.50,3,4447.60,7,4447.70,10,4447.80,6,4447.90,7,4448.00,19,4448.10,15,4448.20,22,4448.30,19,Sell,6,47,53,-41.00,-2.00,-41.00,1.10,0.0,4447.20,4447.60,4446.50,4447.20,115,186,301,-71.00,0.00,-99.00,2.20,59.1,39,288,0.3944,0.0000,-286.00,-231.00,4427.11,2.4056,UP,225.85,1.3327,2.1039
20260810 195709 459,4447.10,1,4447.10,4447.40,0.30,4447.10,1,4447.00,7,4446.90,3,4446.80,8,4446.70,6,4446.60,17,4446.50,15,4446.40,19,4446.30,18,4446.20,19,4447.40,4,4447.50,5,4447.60,6,4447.70,10,4447.80,6,4447.90,17,4448.00,19,4448.10,15,4448.20,22,4448.30,19,Sell,6,48,54,-42.00,-2.00,-42.00,1.10,9.1,4447.20,4447.60,4446.50,4447.10,115,186,301,-71.00,0.00,-99.00,2.20,59.1,39,288,0.3944,0.0000,-287.00,-232.00,4427.11,2.4024,UP,225.85,1.3327,2.1039
20260810 195709 459,4447.10,1,4447.10,4447.40,0.30,4447.10,1,4447.00,7,4446.90,3,4446.80,8,4446.70,6,4446.60,17,4446.50,15,4446.40,19,4446.30,18,4446.20,19,4447.40,4,4447.50,5,4447.60,6,4447.70,10,4447.80,6,4447.90,17,4448.00,19,4448.10,15,4448.20,22,4448.30,19,Sell,6,49,55,-43.00,-2.00,-43.00,1.10,9.1,4447.20,4447.60,4446.50,4447.10,115,186,301,-71.00,0.00,-99.00,2.20,59.1,39,288,0.3944,0.0000,-288.00,-233.00,4427.11,2.4024,UP,225.85,1.3327,2.1039
20260810 195709 459,4447.10,1,4447.10,4447.40,0.30,4447.10,1,4447.00,7,4446.90,3,4446.80,8,4446.70,6,4446.60,17,4446.50,15,4446.40,19,4446.30,18,4446.20,19,4447.40,4,4447.50,5,4447.60,6,4447.70,10,4447.80,6,4447.90,17,4448.00,19,4448.10,15,4448.20,22,4448.30,19,Sell,6,50,56,-44.00,-2.00,-44.00,1.10,9.1,4447.20,4447.60,4446.50,4447.10,115,186,301,-71.00,0.00,-99.00,2.20,59.1,39,288,0.3944,0.0000,-289.00,-234.00,4427.11,2.4024,UP,225.85,1.3327,2.1039
20260810 195710 092,4447.10,1,4447.10,4447.40,0.30,4447.10,4,4447.00,7,4446.90,5,4446.80,9,4446.70,6,4446.60,18,4446.50,15,4446.40,19,4446.30,18,4446.20,19,4447.40,2,4447.50,4,4447.60,6,4447.70,10,4447.80,6,4447.90,17,4448.00,19,4448.10,15,4448.20,22,4448.30,19,Sell,6,51,57,-45.00,-2.00,-45.00,1.10,9.1,4447.20,4447.60,4446.50,4447.10,115,186,301,-71.00,0.00,-99.00,2.20,59.1,39,288,0.3944,0.0000,-290.00,-235.00,4427.11,2.4024,UP,225.85,1.3327,2.1039
20260810 195710 092,4447.10,1,4447.10,4447.40,0.30,4447.10,4,4447.00,7,4446.90,5,4446.80,9,4446.70,6,4446.60,18,4446.50,15,4446.40,19,4446.30,18,4446.20,19,4447.40,2,4447.50,4,4447.60,6,4447.70,10,4447.80,6,4447.90,17,4448.00,19,4448.10,15,4448.20,22,4448.30,19,Sell,6,52,58,-46.00,-2.00,-46.00,1.10,9.1,4447.20,4447.60,4446.50,4447.10,115,186,301,-71.00,0.00,-99.00,2.20,59.1,39,288,0.3944,0.0000,-291.00,-236.00,4427.11,2.4024,UP,225.85,1.3327,2.1039
20260810 195711 877,4447.30,1,4447.10,4447.30,0.20,4447.10,2,4447.00,6,4446.90,3,4446.80,9,4446.70,6,4446.60,18,4446.50,15,4446.40,19,4446.30,18,4446.20,19,4447.30,1,4447.40,5,4447.50,4,4447.60,6,4447.70,10,4447.80,6,4447.90,17,4448.00,19,4448.10,15,4448.20,22,Buy,7,52,59,-45.00,-2.00,-46.00,1.10,9.1,4447.20,4447.60,4446.50,4447.30,115,186,301,-71.00,0.00,-99.00,2.20,59.1,39,288,0.3944,0.0222,-290.00,-235.00,4427.12,2.4087,UP,225.85,1.3327,2.1039
20260810 195717 894,4447.30,1,4447.10,4447.30,0.20,4447.10,2,4447.00,6,4446.90,3,4446.80,7,4446.70,6,4446.60,18,4446.50,15,4446.40,19,4446.30,18,4446.20,19,4447.30,1,4447.40,6,4447.50,5,4447.60,6,4447.70,10,4447.80,6,4447.90,17,4448.00,19,4448.10,15,4448.20,22,Buy,8,52,60,-44.00,-2.00,-46.00,1.10,9.1,4447.20,4447.60,4446.50,4447.30,115,186,301,-71.00,0.00,-99.00,2.20,59.1,39,288,0.3944,0.0455,-289.00,-234.00,4427.12,2.4087,UP,225.85,1.3327,2.1039
20260810 195717 894,4447.30,1,4447.10,4447.30,0.20,4447.10,2,4447.00,6,4446.90,3,4446.80,7,4446.70,6,4446.60,18,4446.50,15,4446.40,19,4446.30,18,4446.20,19,4447.30,1,4447.40,6,4447.50,5,4447.60,6,4447.70,10,4447.80,6,4447.90,17,4448.00,19,4448.10,15,4448.20,22,Buy,9,52,61,-43.00,-2.00,-46.00,1.10,9.1,4447.20,4447.60,4446.50,4447.30,115,186,301,-71.00,0.00,-99.00,2.20,59.1,39,288,0.3944,0.0698,-288.00,-233.00,4427.12,2.4087,UP,225.85,1.3327,2.1039
20260810 195717 894,4447.40,1,4447.10,4447.30,0.20,4447.10,2,4447.00,6,4446.90,3,4446.80,7,4446.70,6,4446.60,18,4446.50,15,4446.40,19,4446.30,18,4446.20,19,4447.30,1,4447.40,6,4447.50,5,4447.60,6,4447.70,10,4447.80,6,4447.90,17,4448.00,19,4448.10,15,4448.20,22,Buy,10,52,62,-42.00,-2.00,-46.00,1.10,18.2,4447.20,4447.60,4446.50,4447.40,115,186,301,-71.00,0.00,-99.00,2.20,59.1,39,288,0.3944,0.0952,-287.00,-232.00,4427.13,2.4119,UP,225.85,1.3327,2.1039
20260810 195717 894,4447.40,1,4447.10,4447.30,0.20,4447.10,2,4447.00,6,4446.90,3,4446.80,7,4446.70,6,4446.60,18,4446.50,15,4446.40,19,4446.30,18,4446.20,19,4447.30,1,4447.40,6,4447.50,5,4447.60,6,4447.70,10,4447.80,6,4447.90,17,4448.00,19,4448.10,15,4448.20,22,Buy,11,52,63,-41.00,-2.00,-46.00,1.10,18.2,4447.20,4447.60,4446.50,4447.40,115,186,301,-71.00,0.00,-99.00,2.20,59.1,39,288,0.3944,0.1220,-286.00,-231.00,4427.13,2.4119,UP,225.85,1.3327,2.1039
20260810 195717 894,4447.40,1,4447.10,4447.30,0.20,4447.10,2,4447.00,6,4446.90,3,4446.80,7,4446.70,6,4446.60,18,4446.50,15,4446.40,19,4446.30,18,4446.20,19,4447.30,1,4447.40,6,4447.50,5,4447.60,6,4447.70,10,4447.80,6,4447.90,17,4448.00,19,4448.10,15,4448.20,22,Buy,12,52,64,-40.00,-2.00,-46.00,1.10,18.2,4447.20,4447.60,4446.50,4447.40,115,186,301,-71.00,0.00,-99.00,2.20,59.1,39,288,0.3944,0.1500,-285.00,-230.00,4427.13,2.4119,UP,225.85,1.3327,2.1039
20260810 195718 226,4447.30,1,4447.00,4447.30,0.30,4447.00,6,4446.90,3,4446.80,7,4446.70,6,4446.60,18,4446.50,15,4446.40,19,4446.30,18,4446.20,19,4446.10,17,4447.30,2,4447.40,5,4447.50,4,4447.60,6,4447.70,10,4447.80,6,4447.90,17,4448.00,19,4448.10,15,4448.20,22,Buy,13,52,65,-39.00,-2.00,-46.00,1.10,9.1,4447.20,4447.60,4446.50,4447.30,115,186,301,-71.00,0.00,-99.00,2.20,59.1,39,288,0.3944,0.1795,-284.00,-229.00,4427.12,2.4087,UP,225.85,1.3327,2.1039
20260810 195718 616,4447.30,1,4447.00,4447.30,0.30,4447.00,3,4446.90,4,4446.80,6,4446.70,6,4446.60,9,4446.50,15,4446.40,19,4446.30,18,4446.20,19,4446.10,17,4447.30,2,4447.40,8,4447.50,4,4447.60,6,4447.70,10,4447.80,16,4447.90,17,4448.00,19,4448.10,15,4448.20,22,Buy,14,52,66,-38.00,-2.00,-46.00,1.10,9.1,4447.20,4447.60,4446.50,4447.30,115,186,301,-71.00,0.00,-99.00,2.20,59.1,39,288,0.3944,0.2105,-283.00,-228.00,4427.12,2.4087,UP,225.85,1.3327,2.1039
20260810 195718 616,4447.30,1,4447.00,4447.30,0.30,4447.00,3,4446.90,4,4446.80,6,4446.70,6,4446.60,9,4446.50,15,4446.40,19,4446.30,18,4446.20,19,4446.10,17,4447.30,2,4447.40,8,4447.50,4,4447.60,6,4447.70,10,4447.80,16,4447.90,17,4448.00,19,4448.10,15,4448.20,22,Buy,15,52,67,-37.00,-2.00,-46.00,1.10,9.1,4447.20,4447.60,4446.50,4447.30,115,186,301,-71.00,0.00,-99.00,2.20,59.1,39,288,0.3944,0.2432,-282.00,-227.00,4427.12,2.4087,UP,225.85,1.3327,2.1039
20260810 195718 898,4447.20,1,4447.00,4447.20,0.20,4447.10,1,4447.00,5,4446.90,4,4446.80,6,4446.70,6,4446.60,9,4446.50,15,4446.40,19,4446.30,18,4446.20,19,4447.30,3,4447.40,8,4447.50,5,4447.60,6,4447.70,10,4447.80,16,4447.90,17,4448.00,19,4448.10,15,4448.20,22,Buy,16,52,68,-36.00,-2.00,-46.00,1.10,0.0,4447.20,4447.60,4446.50,4447.20,115,186,301,-71.00,0.00,-99.00,2.20,59.1,39,288,0.3944,0.2778,-281.00,-226.00,4427.11,2.4056,UP,225.85,1.3327,2.1039
20260810 195719 326,4447.30,1,4447.00,4447.30,0.30,4447.00,4,4446.90,4,4446.80,6,4446.70,6,4446.60,9,4446.50,15,4446.40,19,4446.30,18,4446.20,19,4446.10,17,4447.30,4,4447.40,8,4447.50,5,4447.60,6,4447.70,10,4447.80,16,4447.90,17,4448.00,19,4448.10,15,4448.20,22,Buy,17,52,69,-35.00,-2.00,-46.00,1.10,9.1,4447.20,4447.60,4446.50,4447.30,115,186,301,-71.00,0.00,-99.00,2.20,59.1,39,288,0.3944,0.3143,-280.00,-225.00,4427.12,2.4087,UP,225.85,1.3327,2.1039
20260810 195722 965,4447.10,1,4447.00,4447.20,0.20,4447.00,1,4446.90,4,4446.80,8,4446.70,5,4446.60,8,4446.50,15,4446.40,19,4446.30,18,4446.20,19,4446.10,17,4447.20,4,4447.30,5,4447.40,8,4447.50,5,4447.60,6,4447.70,10,4447.80,16,4447.90,17,4448.00,23,4448.10,15,Sell,17,53,70,-36.00,-2.00,-46.00,1.10,9.1,4447.20,4447.60,4446.50,4447.10,115,186,301,-71.00,0.00,-99.00,2.20,59.1,39,288,0.3944,0.2778,-281.00,-226.00,4427.11,2.4024,UP,225.85,1.3327,2.1039
20260810 195725 921,4446.90,1,4446.90,4447.10,0.20,4446.90,1,4446.80,6,4446.70,5,4446.60,9,4446.50,14,4446.40,19,4446.30,18,4446.20,19,4446.10,17,4446.00,24,4447.10,2,4447.20,3,4447.30,5,4447.40,7,4447.50,5,4447.60,6,4447.70,10,4447.80,17,4447.90,17,4448.00,23,Sell,17,54,71,-37.00,-2.00,-46.00,1.10,27.3,4447.20,4447.60,4446.50,4446.90,115,186,301,-71.00,0.00,-99.00,2.20,59.1,39,288,0.3944,0.2432,-282.00,-227.00,4427.09,2.3960,UP,225.85,1.3327,2.1039
20260810 195727 765,4447.10,1,4446.90,4447.10,0.20,4446.90,2,4446.80,5,4446.70,5,4446.60,9,4446.50,5,4446.40,19,4446.30,18,4446.20,19,4446.10,17,4446.00,22,4447.20,4,4447.30,5,4447.40,6,4447.50,5,4447.60,6,4447.70,20,4447.80,17,4447.90,18,4448.00,23,4448.10,15,Buy,18,54,72,-36.00,-2.00,-46.00,1.10,9.1,4447.20,4447.60,4446.50,4447.10,115,186,301,-71.00,0.00,-99.00,2.20,59.1,39,288,0.3944,0.2778,-281.00,-226.00,4427.11,2.4024,UP,225.85,1.3327,2.1039
20260810 195728 302,4447.20,2,4446.90,4447.20,0.30,4446.90,3,4446.80,5,4446.70,5,4446.60,9,4446.50,5,4446.40,19,4446.30,18,4446.20,19,4446.10,17,4446.00,22,4447.20,6,4447.30,8,4447.40,7,4447.50,5,4447.60,6,4447.70,20,4447.80,16,4447.90,18,4448.00,23,4448.10,15,Buy,20,54,74,-34.00,-2.00,-46.00,1.10,0.0,4447.20,4447.60,4446.50,4447.20,115,186,301,-71.00,0.00,-99.00,2.20,59.1,39,288,0.3944,0.3529,-279.00,-224.00,4427.11,2.4056,UP,225.85,1.3327,2.1039
20260810 195728 302,4447.20,1,4446.90,4447.20,0.30,4446.90,3,4446.80,5,4446.70,5,4446.60,9,4446.50,5,4446.40,19,4446.30,18,4446.20,19,4446.10,17,4446.00,22,4447.20,6,4447.30,8,4447.40,7,4447.50,5,4447.60,6,4447.70,20,4447.80,16,4447.90,18,4448.00,23,4448.10,15,Buy,21,54,75,-33.00,-2.00,-46.00,1.10,0.0,4447.20,4447.60,4446.50,4447.20,115,186,301,-71.00,0.00,-99.00,2.20,59.1,39,288,0.3944,0.3939,-278.00,-223.00,4427.11,2.4056,UP,225.85,1.3327,2.1039
20260810 195728 302,4447.20,1,4446.90,4447.20,0.30,4446.90,3,4446.80,5,4446.70,5,4446.60,9,4446.50,5,4446.40,19,4446.30,18,4446.20,19,4446.10,17,4446.00,22,4447.20,6,4447.30,8,4447.40,7,4447.50,5,4447.60,6,4447.70,20,4447.80,16,4447.90,18,4448.00,23,4448.10,15,Buy,22,54,76,-32.00,-2.00,-46.00,1.10,0.0,4447.20,4447.60,4446.50,4447.20,115,186,301,-71.00,0.00,-99.00,2.20,59.1,39,288,0.3944,0.4375,-277.00,-222.00,4427.11,2.4056,UP,225.85,1.3327,2.1039
20260810 195728 302,4447.30,1,4446.90,4447.20,0.30,4446.90,3,4446.80,5,4446.70,5,4446.60,9,4446.50,5,4446.40,19,4446.30,18,4446.20,19,4446.10,17,4446.00,22,4447.20,6,4447.30,8,4447.40,7,4447.50,5,4447.60,6,4447.70,20,4447.80,16,4447.90,18,4448.00,23,4448.10,15,Buy,23,54,77,-31.00,-2.00,-46.00,1.10,9.1,4447.20,4447.60,4446.50,4447.30,115,186,301,-71.00,0.00,-99.00,2.20,59.1,39,288,0.3944,0.4839,-276.00,-221.00,4427.12,2.4087,UP,225.85,1.3327,2.1039
20260810 195728 302,4447.30,1,4446.90,4447.20,0.30,4446.90,3,4446.80,5,4446.70,5,4446.60,9,4446.50,5,4446.40,19,4446.30,18,4446.20,19,4446.10,17,4446.00,22,4447.20,6,4447.30,8,4447.40,7,4447.50,5,4447.60,6,4447.70,20,4447.80,16,4447.90,18,4448.00,23,4448.10,15,Buy,24,54,78,-30.00,-2.00,-46.00,1.10,9.1,4447.20,4447.60,4446.50,4447.30,115,186,301,-71.00,0.00,-99.00,2.20,59.1,39,288,0.3944,0.5333,-275.00,-220.00,4427.12,2.4087,UP,225.85,1.3327,2.1039
20260810 195728 302,4447.30,1,4446.90,4447.20,0.30,4446.90,3,4446.80,5,4446.70,5,4446.60,9,4446.50,5,4446.40,19,4446.30,18,4446.20,19,4446.10,17,4446.00,22,4447.20,6,4447.30,8,4447.40,7,4447.50,5,4447.60,6,4447.70,20,4447.80,16,4447.90,18,4448.00,23,4448.10,15,Buy,25,54,79,-29.00,-2.00,-46.00,1.10,9.1,4447.20,4447.60,4446.50,4447.30,115,186,301,-71.00,0.00,-99.00,2.20,59.1,39,288,0.3944,0.5862,-274.00,-219.00,4427.12,2.4087,UP,225.85,1.3327,2.1039
20260810 195728 302,4447.30,1,4446.90,4447.20,0.30,4446.90,3,4446.80,5,4446.70,5,4446.60,9,4446.50,5,4446.40,19,4446.30,18,4446.20,19,4446.10,17,4446.00,22,4447.20,6,4447.30,8,4447.40,7,4447.50,5,4447.60,6,4447.70,20,4447.80,16,4447.90,18,4448.00,23,4448.10,15,Buy,26,54,80,-28.00,-2.00,-46.00,1.10,9.1,4447.20,4447.60,4446.50,4447.30,115,186,301,-71.00,0.00,-99.00,2.20,59.1,39,288,0.3944,0.6429,-273.00,-218.00,4427.12,2.4087,UP,225.85,1.3327,2.1039
20260810 195728 302,4447.40,1,4446.90,4447.20,0.30,4446.90,3,4446.80,5,4446.70,5,4446.60,9,4446.50,5,4446.40,19,4446.30,18,4446.20,19,4446.10,17,4446.00,22,4447.20,6,4447.30,8,4447.40,7,4447.50,5,4447.60,6,4447.70,20,4447.80,16,4447.90,18,4448.00,23,4448.10,15,Buy,27,54,81,-27.00,-2.00,-46.00,1.10,18.2,4447.20,4447.60,4446.50,4447.40,115,186,301,-71.00,0.00,-99.00,2.20,59.1,39,288,0.3944,0.7037,-272.00,-217.00,4427.13,2.4119,UP,225.85,1.3327,2.1039
20260810 195728 302,4447.40,1,4446.90,4447.20,0.30,4446.90,3,4446.80,5,4446.70,5,4446.60,9,4446.50,5,4446.40,19,4446.30,18,4446.20,19,4446.10,17,4446.00,22,4447.20,6,4447.30,8,4447.40,7,4447.50,5,4447.60,6,4447.70,20,4447.80,16,4447.90,18,4448.00,23,4448.10,15,Buy,28,54,82,-26.00,-2.00,-46.00,1.10,18.2,4447.20,4447.60,4446.50,4447.40,115,186,301,-71.00,0.00,-99.00,2.20,59.1,39,288,0.3944,0.7692,-271.00,-216.00,4427.13,2.4119,UP,225.85,1.3327,2.1039
20260810 195728 701,4446.90,1,4446.90,4447.20,0.30,4446.90,5,4446.80,6,4446.70,4,4446.60,8,4446.50,5,4446.40,19,4446.30,18,4446.20,19,4446.10,17,4446.00,24,4447.20,5,4447.30,7,4447.40,6,4447.50,5,4447.60,6,4447.70,20,4447.80,16,4447.90,18,4448.00,23,4448.10,15,Sell,28,55,83,-27.00,-2.00,-46.00,1.10,27.3,4447.20,4447.60,4446.50,4446.90,115,186,301,-71.00,0.00,-99.00,2.20,59.1,39,288,0.3944,0.7037,-272.00,-217.00,4427.09,2.3960,UP,225.85,1.3327,2.1039
20260810 195728 701,4446.90,1,4446.90,4447.20,0.30,4446.90,5,4446.80,6,4446.70,4,4446.60,8,4446.50,5,4446.40,19,4446.30,18,4446.20,19,4446.10,17,4446.00,24,4447.20,5,4447.30,7,4447.40,6,4447.50,5,4447.60,6,4447.70,20,4447.80,16,4447.90,18,4448.00,23,4448.10,15,Sell,28,56,84,-28.00,-2.00,-46.00,1.10,27.3,4447.20,4447.60,4446.50,4446.90,115,186,301,-71.00,0.00,-99.00,2.20,59.1,39,288,0.3944,0.6429,-273.00,-218.00,4427.09,2.3960,UP,225.85,1.3327,2.1039
20260810 195728 701,4446.80,1,4446.90,4447.20,0.30,4446.90,5,4446.80,6,4446.70,4,4446.60,8,4446.50,5,4446.40,19,4446.30,18,4446.20,19,4446.10,17,4446.00,24,4447.20,5,4447.30,7,4447.40,6,4447.50,5,4447.60,6,4447.70,20,4447.80,16,4447.90,18,4448.00,23,4448.10,15,Sell,28,57,85,-29.00,-2.00,-46.00,1.10,36.4,4447.20,4447.60,4446.50,4446.80,115,186,301,-71.00,0.00,-99.00,2.20,59.1,39,288,0.3944,0.5862,-274.00,-219.00,4427.08,2.3929,UP,225.85,1.3327,2.1039
20260810 195728 701,4446.80,2,4446.90,4447.20,0.30,4446.90,5,4446.80,6,4446.70,4,4446.60,8,4446.50,5,4446.40,19,4446.30,18,4446.20,19,4446.10,17,4446.00,24,4447.20,5,4447.30,7,4447.40,6,4447.50,5,4447.60,6,4447.70,20,4447.80,16,4447.90,18,4448.00,23,4448.10,15,Sell,28,59,87,-31.00,-2.00,-46.00,1.10,36.4,4447.20,4447.60,4446.50,4446.80,115,186,301,-71.00,0.00,-99.00,2.20,59.1,39,288,0.3944,0.4839,-276.00,-221.00,4427.08,2.3929,UP,225.85,1.3327,2.1039
20260810 195728 701,4446.80,2,4446.90,4447.20,0.30,4446.90,5,4446.80,6,4446.70,4,4446.60,8,4446.50,5,4446.40,19,4446.30,18,4446.20,19,4446.10,17,4446.00,24,4447.20,5,4447.30,7,4447.40,6,4447.50,5,4447.60,6,4447.70,20,4447.80,16,4447.90,18,4448.00,23,4448.10,15,Sell,28,61,89,-33.00,-2.00,-46.00,1.10,36.4,4447.20,4447.60,4446.50,4446.80,115,186,301,-71.00,0.00,-99.00,2.20,59.1,39,288,0.3944,0.3939,-278.00,-223.00,4427.08,2.3929,UP,225.85,1.3327,2.1039
20260810 195728 701,4446.70,1,4446.90,4447.20,0.30,4446.90,5,4446.80,6,4446.70,4,4446.60,8,4446.50,5,4446.40,19,4446.30,18,4446.20,19,4446.10,17,4446.00,24,4447.20,5,4447.30,7,4447.40,6,4447.50,5,4447.60,6,4447.70,20,4447.80,16,4447.90,18,4448.00,23,4448.10,15,Sell,28,62,90,-34.00,-2.00,-46.00,1.10,45.5,4447.20,4447.60,4446.50,4446.70,115,186,301,-71.00,0.00,-99.00,2.20,59.1,39,288,0.3944,0.3529,-279.00,-224.00,4427.07,2.3897,UP,225.85,1.3327,2.1039
20260810 195728 701,4446.70,1,4446.90,4447.20,0.30,4446.90,5,4446.80,6,4446.70,4,4446.60,8,4446.50,5,4446.40,19,4446.30,18,4446.20,19,4446.10,17,4446.00,24,4447.20,5,4447.30,7,4447.40,6,4447.50,5,4447.60,6,4447.70,20,4447.80,16,4447.90,18,4448.00,23,4448.10,15,Sell,28,63,91,-35.00,-2.00,-46.00,1.10,45.5,4447.20,4447.60,4446.50,4446.70,115,186,301,-71.00,0.00,-99.00,2.20,59.1,39,288,0.3944,0.3143,-280.00,-225.00,4427.07,2.3897,UP,225.85,1.3327,2.1039
20260810 195729 239,4447.10,1,4446.90,4447.10,0.20,4446.90,2,4446.80,5,4446.70,4,4446.60,8,4446.50,5,4446.40,19,4446.30,18,4446.20,19,4446.10,17,4446.00,24,4447.20,4,4447.30,7,4447.40,6,4447.50,5,4447.60,6,4447.70,20,4447.80,16,4447.90,18,4448.00,23,4448.10,15,Buy,29,63,92,-34.00,-2.00,-46.00,1.10,9.1,4447.20,4447.60,4446.50,4447.10,115,186,301,-71.00,0.00,-99.00,2.20,59.1,39,288,0.3944,0.3529,-279.00,-224.00,4427.11,2.4024,UP,225.85,1.3327,2.1039
20260810 195730 464,4447.00,1,4447.00,4447.20,0.20,4447.00,2,4446.90,5,4446.80,5,4446.70,5,4446.60,9,4446.50,5,4446.40,19,4446.30,18,4446.20,19,4446.10,17,4447.20,2,4447.30,7,4447.40,6,4447.50,5,4447.60,6,4447.70,20,4447.80,16,4447.90,17,4448.00,23,4448.10,15,Sell,29,64,93,-35.00,-2.00,-46.00,1.10,18.2,4447.20,4447.60,4446.50,4447.00,115,186,301,-71.00,0.00,-99.00,2.20,59.1,39,288,0.3944,0.3143,-280.00,-225.00,4427.10,2.3992,UP,225.85,1.3327,2.1039
20260810 195730 464,4447.00,1,4447.00,4447.20,0.20,4447.00,2,4446.90,5,4446.80,5,4446.70,5,4446.60,9,4446.50,5,4446.40,19,4446.30,18,4446.20,19,4446.10,17,4447.20,2,4447.30,7,4447.40,6,4447.50,5,4447.60,6,4447.70,20,4447.80,16,4447.90,17,4448.00,23,4448.10,15,Sell,29,65,94,-36.00,-2.00,-46.00,1.10,18.2,4447.20,4447.60,4446.50,4447.00,115,186,301,-71.00,0.00,-99.00,2.20,59.1,39,288,0.3944,0.2778,-281.00,-226.00,4427.10,2.3992,UP,225.85,1.3327,2.1039
20260810 195730 464,4446.90,1,4447.00,4447.20,0.20,4447.00,2,4446.90,5,4446.80,5,4446.70,5,4446.60,9,4446.50,5,4446.40,19,4446.30,18,4446.20,19,4446.10,17,4447.20,2,4447.30,7,4447.40,6,4447.50,5,4447.60,6,4447.70,20,4447.80,16,4447.90,17,4448.00,23,4448.10,15,Sell,29,66,95,-37.00,-2.00,-46.00,1.10,27.3,4447.20,4447.60,4446.50,4446.90,115,186,301,-71.00,0.00,-99.00,2.20,59.1,39,288,0.3944,0.2432,-282.00,-227.00,4427.09,2.3960,UP,225.85,1.3327,2.1039
20260810 195731 734,4447.10,1,4447.00,4447.20,0.20,4447.00,2,4446.90,4,4446.80,5,4446.70,5,4446.60,9,4446.50,5,4446.40,19,4446.30,18,4446.20,19,4446.10,17,4447.20,1,4447.30,7,4447.40,6,4447.50,5,4447.60,6,4447.70,20,4447.80,16,4447.90,18,4448.00,23,4448.10,15,Buy,30,66,96,-36.00,-2.00,-46.00,1.10,9.1,4447.20,4447.60,4446.50,4447.10,115,186,301,-71.00,0.00,-99.00,2.20,59.1,39,288,0.3944,0.2778,-281.00,-226.00,4427.11,2.4024,UP,225.85,1.3327,2.1039
20260810 195731 946,4447.00,1,4447.00,4447.30,0.30,4447.00,3,4446.90,4,4446.80,5,4446.70,5,4446.60,9,4446.50,5,4446.40,19,4446.30,18,4446.20,19,4446.10,17,4447.30,7,4447.40,6,4447.50,5,4447.60,6,4447.70,20,4447.80,16,4447.90,17,4448.00,23,4448.10,15,4448.20,22,Sell,30,67,97,-37.00,-2.00,-46.00,1.10,18.2,4447.20,4447.60,4446.50,4447.00,115,186,301,-71.00,0.00,-99.00,2.20,59.1,39,288,0.3944,0.2432,-282.00,-227.00,4427.10,2.3992,UP,225.85,1.3327,2.1039
20260810 195731 946,4447.00,1,4447.00,4447.30,0.30,4447.00,3,4446.90,4,4446.80,5,4446.70,5,4446.60,9,4446.50,5,4446.40,19,4446.30,18,4446.20,19,4446.10,17,4447.30,7,4447.40,6,4447.50,5,4447.60,6,4447.70,20,4447.80,16,4447.90,17,4448.00,23,4448.10,15,4448.20,22,Sell,30,68,98,-38.00,-2.00,-46.00,1.10,18.2,4447.20,4447.60,4446.50,4447.00,115,186,301,-71.00,0.00,-99.00,2.20,59.1,39,288,0.3944,0.2105,-283.00,-228.00,4427.10,2.3992,UP,225.85,1.3327,2.1039
20260810 195731 946,4446.90,1,4447.00,4447.30,0.30,4447.00,3,4446.90,4,4446.80,5,4446.70,5,4446.60,9,4446.50,5,4446.40,19,4446.30,18,4446.20,19,4446.10,17,4447.30,7,4447.40,6,4447.50,5,4447.60,6,4447.70,20,4447.80,16,4447.90,17,4448.00,23,4448.10,15,4448.20,22,Sell,30,69,99,-39.00,-2.00,-46.00,1.10,27.3,4447.20,4447.60,4446.50,4446.90,115,186,301,-71.00,0.00,-99.00,2.20,59.1,39,288,0.3944,0.1795,-284.00,-229.00,4427.09,2.3960,UP,225.85,1.3327,2.1039
20260810 195731 946,4446.90,1,4447.00,4447.30,0.30,4447.00,3,4446.90,4,4446.80,5,4446.70,5,4446.60,9,4446.50,5,4446.40,19,4446.30,18,4446.20,19,4446.10,17,4447.30,7,4447.40,6,4447.50,5,4447.60,6,4447.70,20,4447.80,16,4447.90,17,4448.00,23,4448.10,15,4448.20,22,Sell,30,70,100,-40.00,-2.00,-46.00,1.10,27.3,4447.20,4447.60,4446.50,4446.90,115,186,301,-71.00,0.00,-99.00,2.20,59.1,39,288,0.3944,0.1500,-285.00,-230.00,4427.09,2.3960,UP,225.85,1.3327,2.1039
20260810 195732 424,4447.00,1,4447.00,4447.30,0.30,4447.00,1,4446.90,5,4446.80,5,4446.70,5,4446.60,9,4446.50,5,4446.40,19,4446.30,18,4446.20,19,4446.10,17,4447.30,6,4447.40,6,4447.50,4,4447.60,6,4447.70,20,4447.80,16,4447.90,17,4448.00,23,4448.10,15,4448.20,22,Sell,30,71,101,-41.00,-2.00,-46.00,1.10,18.2,4447.20,4447.60,4446.50,4447.00,115,186,301,-71.00,0.00,-99.00,2.20,59.1,39,288,0.3944,0.1220,-286.00,-231.00,4427.10,2.3992,UP,225.85,1.3327,2.1039
20260810 195732 424,4447.00,1,4447.00,4447.30,0.30,4447.00,1,4446.90,5,4446.80,5,4446.70,5,4446.60,9,4446.50,5,4446.40,19,4446.30,18,4446.20,19,4446.10,17,4447.30,6,4447.40,6,4447.50,4,4447.60,6,4447.70,20,4447.80,16,4447.90,17,4448.00,23,4448.10,15,4448.20,22,Sell,30,72,102,-42.00,-2.00,-46.00,1.10,18.2,4447.20,4447.60,4446.50,4447.00,115,186,301,-71.00,0.00,-99.00,2.20,59.1,39,288,0.3944,0.0952,-287.00,-232.00,4427.10,2.3992,UP,225.85,1.3327,2.1039
20260810 195732 424,4447.00,2,4447.00,4447.30,0.30,4447.00,1,4446.90,5,4446.80,5,4446.70,5,4446.60,9,4446.50,5,4446.40,19,4446.30,18,4446.20,19,4446.10,17,4447.30,6,4447.40,6,4447.50,4,4447.60,6,4447.70,20,4447.80,16,4447.90,17,4448.00,23,4448.10,15,4448.20,22,Sell,30,74,104,-44.00,-2.00,-46.00,1.10,18.2,4447.20,4447.60,4446.50,4447.00,115,186,301,-71.00,0.00,-99.00,2.20,59.1,39,288,0.3944,0.0455,-289.00,-234.00,4427.10,2.3992,UP,225.85,1.3327,2.1039
20260810 195732 424,4446.90,1,4447.00,4447.30,0.30,4447.00,1,4446.90,5,4446.80,5,4446.70,5,4446.60,9,4446.50,5,4446.40,19,4446.30,18,4446.20,19,4446.10,17,4447.30,6,4447.40,6,4447.50,4,4447.60,6,4447.70,20,4447.80,16,4447.90,17,4448.00,23,4448.10,15,4448.20,22,Sell,30,75,105,-45.00,-2.00,-46.00,1.10,27.3,4447.20,4447.60,4446.50,4446.90,115,186,301,-71.00,0.00,-99.00,2.20,59.1,39,288,0.3944,0.0222,-290.00,-235.00,4427.09,2.3960,UP,225.85,1.3327,2.1039
20260810 195738 183,4447.40,1,4447.30,4447.40,0.10,4447.20,6,4447.10,4,4447.00,8,4446.90,6,4446.80,7,4446.70,6,4446.60,9,4446.50,14,4446.40,18,4446.30,18,4447.50,3,4447.60,6,4447.70,10,4447.80,7,4447.90,17,4448.00,24,4448.10,15,4448.20,22,4448.30,19,4448.40,21,Buy,31,75,106,-44.00,-2.00,-46.00,1.10,18.2,4447.20,4447.60,4446.50,4447.40,115,186,301,-71.00,0.00,-99.00,2.20,59.1,39,288,0.3944,0.0455,-289.00,-234.00,4427.13,2.4119,UP,225.85,1.3327,2.1039
20260810 195738 183,4447.40,2,4447.30,4447.40,0.10,4447.20,6,4447.10,4,4447.00,8,4446.90,6,4446.80,7,4446.70,6,4446.60,9,4446.50,14,4446.40,18,4446.30,18,4447.50,3,4447.60,6,4447.70,10,4447.80,7,4447.90,17,4448.00,24,4448.10,15,4448.20,22,4448.30,19,4448.40,21,Buy,33,75,108,-42.00,-2.00,-46.00,1.10,18.2,4447.20,4447.60,4446.50,4447.40,115,186,301,-71.00,0.00,-99.00,2.20,59.1,39,288,0.3944,0.0952,-287.00,-232.00,4427.13,2.4119,UP,225.85,1.3327,2.1039
20260810 195738 337,4447.60,2,4447.40,4447.60,0.20,4447.40,6,4447.30,5,4447.20,8,4447.10,6,4447.00,17,4446.90,15,4446.80,17,4446.70,15,4446.60,18,4446.50,14,4447.70,3,4447.80,4,4447.90,8,4448.00,13,4448.10,5,4448.20,22,4448.30,19,4448.40,19,4448.50,17,4448.60,19,Buy,35,75,110,-40.00,-2.00,-46.00,1.10,36.4,4447.20,4447.60,4446.50,4447.60,115,186,301,-71.00,0.00,-99.00,2.20,59.1,39,288,0.3944,0.1500,-285.00,-230.00,4427.15,2.4183,UP,225.85,1.3327,2.1039
20260810 195739 387,4447.70,1,4447.50,4447.70,0.20,4447.60,1,4447.50,3,4447.40,5,4447.30,5,4447.20,8,4447.10,6,4447.00,17,4446.90,15,4446.80,17,4446.70,15,4447.80,4,4447.90,7,4448.00,13,4448.10,5,4448.20,21,4448.30,19,4448.40,19,4448.50,18,4448.60,19,4448.70,19,Buy,36,75,111,-39.00,-2.00,-46.00,1.20,41.7,4447.20,4447.70,4446.50,4447.70,115,186,301,-71.00,0.00,-99.00,2.20,59.1,39,288,0.3944,0.1795,-284.00,-229.00,4427.16,2.4214,UP,225.85,1.3327,2.1110
20260810 195741 062,4447.70,1,4447.50,4447.70,0.20,4447.50,3,4447.40,5,4447.30,5,4447.20,8,4447.10,6,4447.00,17,4446.90,15,4446.80,17,4446.70,15,4446.60,18,4447.80,6,4447.90,8,4448.00,12,4448.10,5,4448.20,12,4448.30,19,4448.40,19,4448.50,18,4448.60,19,4448.70,19,Buy,37,75,112,-38.00,-2.00,-46.00,1.20,41.7,4447.20,4447.70,4446.50,4447.70,115,186,301,-71.00,0.00,-99.00,2.20,59.1,39,288,0.3944,0.2105,-283.00,-228.00,4427.16,2.4214,UP,225.85,1.3327,2.1110
20260810 195741 134,4447.50,1,4447.50,4447.60,0.10,4447.40,1,4447.30,3,4447.20,8,4447.10,5,4447.00,17,4446.90,15,4446.80,17,4446.70,15,4446.60,18,4446.50,14,4447.60,5,4447.70,10,4447.80,8,4447.90,7,4448.00,12,4448.10,5,4448.20,22,4448.30,19,4448.40,19,4448.50,18,Sell,37,76,113,-39.00,-2.00,-46.00,1.20,25.0,4447.20,4447.70,4446.50,4447.50,115,186,301,-71.00,0.00,-99.00,2.20,59.1,39,288,0.3944,0.1795,-284.00,-229.00,4427.14,2.4151,UP,225.85,1.3327,2.1110
20260810 195741 373,4447.40,1,4447.40,4447.70,0.30,4447.30,3,4447.20,8,4447.10,6,4447.00,8,4446.90,15,4446.80,17,4446.70,15,4446.60,18,4446.50,14,4446.40,18,4447.60,5,4447.70,8,4447.80,9,4447.90,7,4448.00,12,4448.10,5,4448.20,22,4448.30,19,4448.40,19,4448.50,18,Sell,37,77,114,-40.00,-2.00,-46.00,1.20,16.7,4447.20,4447.70,4446.50,4447.40,115,186,301,-71.00,0.00,-99.00,2.20,59.1,39,288,0.3944,0.1500,-285.00,-230.00,4427.13,2.4119,UP,225.85,1.3327,2.1110
20260810 195741 585,4447.30,1,4447.30,4447.60,0.30,4447.30,2,4447.20,8,4447.10,6,4447.00,8,4446.90,15,4446.80,17,4446.70,15,4446.60,18,4446.50,14,4446.40,18,4447.60,4,4447.70,9,4447.80,8,4447.90,7,4448.00,12,4448.10,5,4448.20,22,4448.30,19,4448.40,19,4448.50,18,Sell,37,78,115,-41.00,-2.00,-46.00,1.20,8.3,4447.20,4447.70,4446.50,4447.30,115,186,301,-71.00,0.00,-99.00,2.20,59.1,39,288,0.3944,0.1220,-286.00,-231.00,4427.12,2.4087,UP,225.85,1.3327,2.1110
20260810 195744 241,4447.60,1,4447.30,4447.60,0.30,4447.30,3,4447.20,5,4447.10,5,4447.00,8,4446.90,6,4446.80,16,4446.70,15,4446.60,18,4446.50,14,4446.40,18,4447.60,3,4447.70,8,4447.80,8,4447.90,7,4448.00,12,4448.10,15,4448.20,22,4448.30,19,4448.40,19,4448.50,18,Buy,38,78,116,-40.00,-2.00,-46.00,1.20,33.3,4447.20,4447.70,4446.50,4447.60,115,186,301,-71.00,0.00,-99.00,2.20,59.1,39,288,0.3944,0.1500,-285.00,-230.00,4427.15,2.4183,UP,225.85,1.3327,2.1110
20260810 195744 429,4447.50,1,4447.30,4447.50,0.20,4447.30,2,4447.20,5,4447.10,5,4447.00,8,4446.90,6,4446.80,16,4446.70,14,4446.60,18,4446.50,14,4446.40,18,4447.60,3,4447.70,9,4447.80,8,4447.90,7,4448.00,12,4448.10,15,4448.20,22,4448.30,19,4448.40,19,4448.50,18,Buy,39,78,117,-39.00,-2.00,-46.00,1.20,25.0,4447.20,4447.70,4446.50,4447.50,115,186,301,-71.00,0.00,-99.00,2.20,59.1,39,288,0.3944,0.1795,-284.00,-229.00,4427.14,2.4151,UP,225.85,1.3327,2.1110
20260810 195745 725,4447.60,1,4447.40,4447.70,0.30,4447.40,2,4447.30,4,4447.20,5,4447.10,6,4447.00,8,4446.90,6,4446.80,16,4446.70,15,4446.60,18,4446.50,14,4447.70,6,4447.80,9,4447.90,7,4448.00,12,4448.10,15,4448.20,22,4448.30,19,4448.40,19,4448.50,18,4448.60,19,Buy,40,78,118,-38.00,-2.00,-46.00,1.20,33.3,4447.20,4447.70,4446.50,4447.60,115,186,301,-71.00,0.00,-99.00,2.20,59.1,39,288,0.3944,0.2105,-283.00,-228.00,4427.15,2.4183,UP,225.85,1.3327,2.1110
20260810 195745 769,4447.70,1,4447.40,4447.70,0.30,4447.40,2,4447.30,4,4447.20,5,4447.10,6,4447.00,8,4446.90,6,4446.80,16,4446.70,15,4446.60,18,4446.50,14,4447.70,6,4447.80,9,4447.90,7,4448.00,12,4448.10,15,4448.20,22,4448.30,19,4448.40,19,4448.50,18,4448.60,19,Buy,41,78,119,-37.00,-2.00,-46.00,1.20,41.7,4447.20,4447.70,4446.50,4447.70,115,186,301,-71.00,0.00,-99.00,2.20,59.1,39,288,0.3944,0.2432,-282.00,-227.00,4427.16,2.4214,UP,225.85,1.3327,2.1110
20260810 195747 229,4447.40,1,4447.20,4447.50,0.30,4447.20,6,4447.10,5,4447.00,8,4446.90,6,4446.80,7,4446.70,6,4446.60,18,4446.50,14,4446.40,18,4446.30,18,4447.50,3,4447.60,5,4447.70,6,4447.80,8,4447.90,7,4448.00,22,4448.10,16,4448.20,22,4448.30,19,4448.40,19,Sell,41,79,120,-38.00,-2.00,-46.00,1.20,16.7,4447.20,4447.70,4446.50,4447.40,115,186,301,-71.00,0.00,-99.00,2.20,59.1,39,288,0.3944,0.2105,-283.00,-228.00,4427.13,2.4119,UP,225.85,1.3327,2.1110
20260810 195747 611,4447.50,1,4447.20,4447.50,0.30,4447.20,4,4447.10,5,4447.00,8,4446.90,6,4446.80,7,4446.70,6,4446.60,18,4446.50,14,4446.40,18,4446.30,18,4447.50,3,4447.60,6,4447.70,6,4447.80,8,4447.90,7,4448.00,22,4448.10,16,4448.20,22,4448.30,19,4448.40,19,Buy,42,79,121,-37.00,-2.00,-46.00,1.20,25.0,4447.20,4447.70,4446.50,4447.50,115,186,301,-71.00,0.00,-99.00,2.20,59.1,39,288,0.3944,0.2432,-282.00,-227.00,4427.14,2.4151,UP,225.85,1.3327,2.1110
20260810 195748 999,4447.30,1,4447.30,4447.50,0.20,4447.20,1,4447.10,5,4447.00,8,4446.90,6,4446.80,7,4446.70,15,4446.60,18,4446.50,14,4446.40,18,4446.30,18,4447.40,1,4447.50,5,4447.60,7,4447.70,7,4447.80,8,4447.90,7,4448.00,12,4448.10,16,4448.20,22,4448.30,19,Sell,42,80,122,-38.00,-2.00,-46.00,1.20,8.3,4447.20,4447.70,4446.50,4447.30,115,186,301,-71.00,0.00,-99.00,2.20,59.1,39,288,0.3944,0.2105,-283.00,-228.00,4427.12,2.4087,UP,225.85,1.3327,2.1110
20260810 195749 650,4447.30,1,4447.10,4447.30,0.20,4447.10,1,4447.00,8,4446.90,5,4446.80,7,4446.70,14,4446.60,18,4446.50,14,4446.40,18,4446.30,18,4446.20,21,4447.30,3,4447.40,6,4447.50,7,4447.60,7,4447.70,7,4447.80,8,4447.90,7,4448.00,22,4448.10,16,4448.20,22,Buy,43,80,123,-37.00,-2.00,-46.00,1.20,8.3,4447.20,4447.70,4446.50,4447.30,115,186,301,-71.00,0.00,-99.00,2.20,59.1,39,288,0.3944,0.2432,-282.00,-227.00,4427.12,2.4087,UP,225.85,1.3327,2.1110
20260810 195751 202,4447.00,1,4446.90,4447.20,0.30,4446.90,3,4446.80,7,4446.70,4,4446.60,9,4446.50,14,4446.40,18,4446.30,18,4446.20,19,4446.10,17,4446.00,27,4447.20,3,4447.30,5,4447.40,8,4447.50,6,4447.60,7,4447.70,7,4447.80,8,4447.90,17,4448.00,23,4448.10,16,Sell,43,81,124,-38.00,-2.00,-46.00,1.20,16.7,4447.20,4447.70,4446.50,4447.00,115,186,301,-71.00,0.00,-99.00,2.20,59.1,39,288,0.3944,0.2105,-283.00,-228.00,4427.10,2.3992,UP,225.85,1.3327,2.1110
20260810 195751 202,4446.90,1,4446.90,4447.20,0.30,4446.90,3,4446.80,7,4446.70,4,4446.60,9,4446.50,14,4446.40,18,4446.30,18,4446.20,19,4446.10,17,4446.00,27,4447.20,3,4447.30,5,4447.40,8,4447.50,6,4447.60,7,4447.70,7,4447.80,8,4447.90,17,4448.00,23,4448.10,16,Sell,43,82,125,-39.00,-2.00,-46.00,1.20,25.0,4447.20,4447.70,4446.50,4446.90,115,186,301,-71.00,0.00,-99.00,2.20,59.1,39,288,0.3944,0.1795,-284.00,-229.00,4427.09,2.3960,UP,225.85,1.3327,2.1110
20260810 195751 202,4446.90,1,4446.90,4447.20,0.30,4446.90,3,4446.80,7,4446.70,4,4446.60,9,4446.50,14,4446.40,18,4446.30,18,4446.20,19,4446.10,17,4446.00,27,4447.20,3,4447.30,5,4447.40,8,4447.50,6,4447.60,7,4447.70,7,4447.80,8,4447.90,17,4448.00,23,4448.10,16,Sell,43,83,126,-40.00,-2.00,-46.00,1.20,25.0,4447.20,4447.70,4446.50,4446.90,115,186,301,-71.00,0.00,-99.00,2.20,59.1,39,288,0.3944,0.1500,-285.00,-230.00,4427.09,2.3960,UP,225.85,1.3327,2.1110
20260810 195751 279,4447.10,1,4446.90,4447.20,0.30,4446.90,3,4446.80,7,4446.70,4,4446.60,9,4446.50,14,4446.40,18,4446.30,18,4446.20,19,4446.10,17,4446.00,27,4447.20,3,4447.30,5,4447.40,8,4447.50,6,4447.60,7,4447.70,7,4447.80,8,4447.90,17,4448.00,23,4448.10,16,Buy,44,83,127,-39.00,-2.00,-46.00,1.20,8.3,4447.20,4447.70,4446.50,4447.10,115,186,301,-71.00,0.00,-99.00,2.20,59.1,39,288,0.3944,0.1795,-284.00,-229.00,4427.11,2.4024,UP,225.85,1.3327,2.1110
20260810 195751 994,4446.90,1,4446.70,4446.90,0.20,4446.70,1,4446.60,8,4446.50,3,4446.40,9,4446.30,9,4446.20,19,4446.10,17,4446.00,25,4445.90,17,4445.80,21,4446.90,2,4447.00,6,4447.10,10,4447.20,6,4447.30,5,4447.40,8,4447.50,16,4447.60,17,4447.70,17,4447.80,18,Buy,45,83,128,-38.00,-2.00,-46.00,1.20,25.0,4447.20,4447.70,4446.50,4446.90,115,186,301,-71.00,0.00,-99.00,2.20,59.1,39,288,0.3944,0.2105,-283.00,-228.00,4427.09,2.3960,UP,225.85,1.3327,2.1110
20260810 195751 994,4446.90,1,4446.70,4446.90,0.20,4446.70,1,4446.60,8,4446.50,3,4446.40,9,4446.30,9,4446.20,19,4446.10,17,4446.00,25,4445.90,17,4445.80,21,4446.90,2,4447.00,6,4447.10,10,4447.20,6,4447.30,5,4447.40,8,4447.50,16,4447.60,17,4447.70,17,4447.80,18,Buy,46,83,129,-37.00,-2.00,-46.00,1.20,25.0,4447.20,4447.70,4446.50,4446.90,115,186,301,-71.00,0.00,-99.00,2.20,59.1,39,288,0.3944,0.2432,-282.00,-227.00,4427.09,2.3960,UP,225.85,1.3327,2.1110
20260810 195751 994,4446.90,1,4446.70,4446.90,0.20,4446.70,1,4446.60,8,4446.50,3,4446.40,9,4446.30,9,4446.20,19,4446.10,17,4446.00,25,4445.90,17,4445.80,21,4446.90,2,4447.00,6,4447.10,10,4447.20,6,4447.30,5,4447.40,8,4447.50,16,4447.60,17,4447.70,17,4447.80,18,Buy,47,83,130,-36.00,-2.00,-46.00,1.20,25.0,4447.20,4447.70,4446.50,4446.90,115,186,301,-71.00,0.00,-99.00,2.20,59.1,39,288,0.3944,0.2778,-281.00,-226.00,4427.09,2.3960,UP,225.85,1.3327,2.1110
20260810 195752 283,4446.60,1,4446.60,4446.90,0.30,4446.60,6,4446.50,3,4446.40,9,4446.30,9,4446.20,19,4446.10,17,4446.00,25,4445.90,17,4445.80,21,4445.70,13,4446.90,4,4447.00,7,4447.10,9,4447.20,6,4447.30,5,4447.40,8,4447.50,16,4447.60,17,4447.70,17,4447.80,18,Sell,47,84,131,-37.00,-2.00,-46.00,1.20,50.0,4447.20,4447.70,4446.50,4446.60,115,186,301,-71.00,0.00,-99.00,2.20,59.1,39,288,0.3944,0.2432,-282.00,-227.00,4427.06,2.3865,UP,225.85,1.3327,2.1110
20260810 195752 909,4446.60,1,4446.60,4446.70,0.10,4446.60,2,4446.50,2,4446.40,9,4446.30,8,4446.20,19,4446.10,17,4446.00,25,4445.90,17,4445.80,19,4445.70,13,4446.70,1,4446.80,4,4446.90,5,4447.00,9,4447.10,9,4447.20,6,4447.30,5,4447.40,18,4447.50,16,4447.60,17,Sell,47,85,132,-38.00,-2.00,-46.00,1.20,50.0,4447.20,4447.70,4446.50,4446.60,115,186,301,-71.00,0.00,-99.00,2.20,59.1,39,288,0.3944,0.2105,-283.00,-228.00,4427.06,2.3865,UP,225.85,1.3327,2.1110
20260810 195752 909,4446.60,1,4446.60,4446.70,0.10,4446.60,2,4446.50,2,4446.40,9,4446.30,8,4446.20,19,4446.10,17,4446.00,25,4445.90,17,4445.80,19,4445.70,13,4446.70,1,4446.80,4,4446.90,5,4447.00,9,4447.10,9,4447.20,6,4447.30,5,4447.40,18,4447.50,16,4447.60,17,Sell,47,86,133,-39.00,-2.00,-46.00,1.20,50.0,4447.20,4447.70,4446.50,4446.60,115,186,301,-71.00,0.00,-99.00,2.20,59.1,39,288,0.3944,0.1795,-284.00,-229.00,4427.06,2.3865,UP,225.85,1.3327,2.1110
20260810 195754 623,4446.90,1,4446.70,4447.00,0.30,4446.70,3,4446.60,5,4446.50,3,4446.40,9,4446.30,8,4446.20,19,4446.10,17,4446.00,25,4445.90,17,4445.80,19,4447.00,8,4447.10,8,4447.20,6,4447.30,5,4447.40,18,4447.50,16,4447.60,17,4447.70,17,4447.80,18,4447.90,17,Buy,48,86,134,-38.00,-2.00,-46.00,1.20,25.0,4447.20,4447.70,4446.50,4446.90,115,186,301,-71.00,0.00,-99.00,2.20,59.1,39,288,0.3944,0.2105,-283.00,-228.00,4427.09,2.3960,UP,225.85,1.3327,2.1110
20260810 195756 737,4446.50,1,4446.50,4446.80,0.30,4446.50,4,4446.40,7,4446.30,6,4446.20,9,4446.10,7,4446.00,25,4445.90,17,4445.80,19,4445.70,13,4445.60,18,4446.80,3,4446.90,6,4447.00,8,4447.10,8,4447.20,16,4447.30,15,4447.40,18,4447.50,16,4447.60,17,4447.70,17,Buy,49,86,135,-37.00,-2.00,-46.00,1.20,58.3,4447.20,4447.70,4446.50,4446.50,115,186,301,-71.00,0.00,-99.00,2.20,59.1,39,288,0.3944,0.2432,-282.00,-227.00,4427.05,2.3833,UP,225.85,1.3327,2.1110
20260810 195756 738,4446.60,1,4446.50,4446.80,0.30,4446.50,4,4446.40,7,4446.30,6,4446.20,9,4446.10,7,4446.00,25,4445.90,17,4445.80,19,4445.70,13,4445.60,18,4446.80,3,4446.90,6,4447.00,8,4447.10,8,4447.20,16,4447.30,15,4447.40,18,4447.50,16,4447.60,17,4447.70,17,Buy,50,86,136,-36.00,-2.00,-46.00,1.20,50.0,4447.20,4447.70,4446.50,4446.60,115,186,301,-71.00,0.00,-99.00,2.20,59.1,39,288,0.3944,0.2778,-281.00,-226.00,4427.06,2.3865,UP,225.85,1.3327,2.1110
20260810 195756 739,4446.50,1,4446.50,4446.80,0.30,4446.50,4,4446.40,7,4446.30,6,4446.20,9,4446.10,7,4446.00,25,4445.90,17,4445.80,19,4445.70,13,4445.60,18,4446.80,3,4446.90,6,4447.00,8,4447.10,8,4447.20,16,4447.30,15,4447.40,18,4447.50,16,4447.60,17,4447.70,17,Sell,50,87,137,-37.00,-2.00,-46.00,1.20,58.3,4447.20,4447.70,4446.50,4446.50,115,186,301,-71.00,0.00,-99.00,2.20,59.1,39,288,0.3944,0.2432,-282.00,-227.00,4427.05,2.3833,UP,225.85,1.3327,2.1110
20260810 195756 739,4446.50,1,4446.50,4446.80,0.30,4446.50,4,4446.40,7,4446.30,6,4446.20,9,4446.10,7,4446.00,25,4445.90,17,4445.80,19,4445.70,13,4445.60,18,4446.80,3,4446.90,6,4447.00,8,4447.10,8,4447.20,16,4447.30,15,4447.40,18,4447.50,16,4447.60,17,4447.70,17,Sell,50,88,138,-38.00,-2.00,-46.00,1.20,58.3,4447.20,4447.70,4446.50,4446.50,115,186,301,-71.00,0.00,-99.00,2.20,59.1,39,288,0.3944,0.2105,-283.00,-228.00,4427.05,2.3833,UP,225.85,1.3327,2.1110
20260810 195756 749,4446.50,1,4446.50,4446.80,0.30,4446.50,4,4446.40,7,4446.30,6,4446.20,9,4446.10,7,4446.00,25,4445.90,17,4445.80,19,4445.70,13,4445.60,18,4446.80,3,4446.90,6,4447.00,8,4447.10,8,4447.20,16,4447.30,15,4447.40,18,4447.50,16,4447.60,17,4447.70,17,Buy,51,88,139,-37.00,-2.00,-46.00,1.20,58.3,4447.20,4447.70,4446.50,4446.50,115,186,301,-71.00,0.00,-99.00,2.20,59.1,39,288,0.3944,0.2432,-282.00,-227.00,4427.05,2.3833,UP,225.85,1.3327,2.1110
20260810 195756 749,4446.60,1,4446.50,4446.80,0.30,4446.50,4,4446.40,7,4446.30,6,4446.20,9,4446.10,7,4446.00,25,4445.90,17,4445.80,19,4445.70,13,4445.60,18,4446.80,3,4446.90,6,4447.00,8,4447.10,8,4447.20,16,4447.30,15,4447.40,18,4447.50,16,4447.60,17,4447.70,17,Buy,52,88,140,-36.00,-2.00,-46.00,1.20,50.0,4447.20,4447.70,4446.50,4446.60,115,186,301,-71.00,0.00,-99.00,2.20,59.1,39,288,0.3944,0.2778,-281.00,-226.00,4427.06,2.3865,UP,225.85,1.3327,2.1110
20260810 195756 749,4446.60,1,4446.50,4446.80,0.30,4446.50,4,4446.40,7,4446.30,6,4446.20,9,4446.10,7,4446.00,25,4445.90,17,4445.80,19,4445.70,13,4445.60,18,4446.80,3,4446.90,6,4447.00,8,4447.10,8,4447.20,16,4447.30,15,4447.40,18,4447.50,16,4447.60,17,4447.70,17,Buy,53,88,141,-35.00,-2.00,-46.00,1.20,50.0,4447.20,4447.70,4446.50,4446.60,115,186,301,-71.00,0.00,-99.00,2.20,59.1,39,288,0.3944,0.3143,-280.00,-225.00,4427.06,2.3865,UP,225.85,1.3327,2.1110
20260810 195758 376,4446.90,1,4446.60,4446.90,0.30,4446.60,5,4446.50,4,4446.40,9,4446.30,7,4446.20,9,4446.10,7,4446.00,25,4445.90,17,4445.80,19,4445.70,13,4446.90,3,4447.00,8,4447.10,8,4447.20,6,4447.30,5,4447.40,18,4447.50,16,4447.60,17,4447.70,18,4447.80,19,Buy,54,88,142,-34.00,-2.00,-46.00,1.20,25.0,4447.20,4447.70,4446.50,4446.90,115,186,301,-71.00,0.00,-99.00,2.20,59.1,39,288,0.3944,0.3529,-279.00,-224.00,4427.09,2.3960,UP,225.85,1.3327,2.1110
20260810 195800 484,4446.60,1,4446.50,4446.80,0.30,4446.50,5,4446.40,9,4446.30,6,4446.20,9,4446.10,17,4446.00,25,4445.90,17,4445.80,19,4445.70,13,4445.60,18,4446.80,5,4446.90,4,4447.00,8,4447.10,8,4447.20,6,4447.30,5,4447.40,18,4447.50,16,4447.60,17,4447.70,18,Sell,0,1,1,-1.00,-1.00,-1.00,0.00,0.0,4446.60,4446.60,4446.60,4446.60,54,88,142,-34.00,-2.00,-46.00,1.20,25.0,9,132,0.3529,0.0000,-171.00,-424.00,4427.06,2.3865,UP,225.15,0.6307,1.9817
20260810 195800 484,4446.60,1,4446.50,4446.80,0.30,4446.50,5,4446.40,9,4446.30,6,4446.20,9,4446.10,17,4446.00,25,4445.90,17,4445.80,19,4445.70,13,4445.60,18,4446.80,5,4446.90,4,4447.00,8,4447.10,8,4447.20,6,4447.30,5,4447.40,18,4447.50,16,4447.60,17,4447.70,18,Sell,0,2,2,-2.00,-1.00,-2.00,0.00,0.0,4446.60,4446.60,4446.60,4446.60,54,88,142,-34.00,-2.00,-46.00,1.20,25.0,9,132,0.3529,0.0000,-172.00,-425.00,4427.06,2.3865,UP,225.15,0.6307,1.9817
20260810 195800 484,4446.60,1,4446.50,4446.80,0.30,4446.50,5,4446.40,9,4446.30,6,4446.20,9,4446.10,17,4446.00,25,4445.90,17,4445.80,19,4445.70,13,4445.60,18,4446.80,5,4446.90,4,4447.00,8,4447.10,8,4447.20,6,4447.30,5,4447.40,18,4447.50,16,4447.60,17,4447.70,18,Sell,0,3,3,-3.00,-1.00,-3.00,0.00,0.0,4446.60,4446.60,4446.60,4446.60,54,88,142,-34.00,-2.00,-46.00,1.20,25.0,9,132,0.3529,0.0000,-173.00,-426.00,4427.06,2.3865,UP,225.15,0.6307,1.9817
20260810 195800 648,4446.60,2,4446.60,4446.80,0.20,4446.60,5,4446.50,5,4446.40,9,4446.30,6,4446.20,9,4446.10,17,4446.00,25,4445.90,17,4445.80,19,4445.70,13,4446.80,5,4446.90,3,4447.00,8,4447.10,8,4447.20,6,4447.30,5,4447.40,18,4447.50,16,4447.60,17,4447.70,18,Sell,0,5,5,-5.00,-1.00,-5.00,0.00,0.0,4446.60,4446.60,4446.60,4446.60,54,88,142,-34.00,-2.00,-46.00,1.20,25.0,9,132,0.3529,0.0000,-175.00,-428.00,4427.06,2.3865,UP,225.15,0.6307,1.9817
20260810 195801 069,4446.70,1,4446.70,4446.90,0.20,4446.70,3,4446.60,5,4446.50,6,4446.40,10,4446.30,6,4446.20,18,4446.10,17,4446.00,25,4445.90,17,4445.80,19,4446.90,1,4447.00,5,4447.10,7,4447.20,6,4447.30,5,4447.40,18,4447.50,16,4447.60,17,4447.70,18,4447.80,19,Buy,1,5,6,-4.00,-1.00,-5.00,0.10,100.0,4446.60,4446.70,4446.60,4446.70,54,88,142,-34.00,-2.00,-46.00,1.20,25.0,9,132,0.3529,0.2500,-174.00,-427.00,4427.07,2.3897,UP,225.15,0.6307,1.9817
20260810 195801 069,4446.70,1,4446.70,4446.90,0.20,4446.70,3,4446.60,5,4446.50,6,4446.40,10,4446.30,6,4446.20,18,4446.10,17,4446.00,25,4445.90,17,4445.80,19,4446.90,1,4447.00,5,4447.10,7,4447.20,6,4447.30,5,4447.40,18,4447.50,16,4447.60,17,4447.70,18,4447.80,19,Buy,2,5,7,-3.00,-1.00,-5.00,0.10,100.0,4446.60,4446.70,4446.60,4446.70,54,88,142,-34.00,-2.00,-46.00,1.20,25.0,9,132,0.3529,0.6667,-173.00,-426.00,4427.07,2.3897,UP,225.15,0.6307,1.9817
20260810 195801 069,4446.70,5,4446.70,4446.90,0.20,4446.70,3,4446.60,5,4446.50,6,4446.40,10,4446.30,6,4446.20,18,4446.10,17,4446.00,25,4445.90,17,4445.80,19,4446.90,1,4447.00,5,4447.10,7,4447.20,6,4447.30,5,4447.40,18,4447.50,16,4447.60,17,4447.70,18,4447.80,19,Buy,7,5,12,2.00,2.00,-5.00,0.10,100.0,4446.60,4446.70,4446.60,4446.70,54,88,142,-34.00,-2.00,-46.00,1.20,25.0,9,132,0.3529,0.0000,-168.00,-421.00,4427.07,2.3897,UP,225.15,0.6307,1.9817
20260810 195802 629,4447.20,1,4447.20,4447.40,0.20,4447.20,4,4447.10,3,4447.00,4,4446.90,6,4446.80,8,4446.70,5,4446.60,7,4446.50,15,4446.40,19,4446.30,15,4447.40,3,4447.50,5,4447.60,7,4447.70,7,4447.80,19,4447.90,17,4448.00,24,4448.10,16,4448.20,21,4448.30,20,Sell,7,6,13,1.00,2.00,-5.00,0.60,100.0,4446.60,4447.20,4446.60,4447.20,54,88,142,-34.00,-2.00,-46.00,1.20,25.0,9,132,0.3529,1.0000,-169.00,-422.00,4427.11,2.4056,UP,225.15,0.6307,2.0031
20260810 195802 776,4447.20,1,4447.10,4447.20,0.10,4447.20,3,4447.10,3,4447.00,4,4446.90,5,4446.80,8,4446.70,5,4446.60,7,4446.50,15,4446.40,19,4446.30,15,4447.30,2,4447.40,2,4447.50,5,4447.60,7,4447.70,7,4447.80,19,4447.90,17,4448.00,24,4448.10,16,4448.20,21,Sell,7,7,14,0.00,2.00,-5.00,0.60,100.0,4446.60,4447.20,4446.60,4447.20,54,88,142,-34.00,-2.00,-46.00,1.20,25.0,9,132,0.3529,2.0000,-170.00,-423.00,4427.11,2.4056,UP,225.15,0.6307,2.0031
20260810 195802 777,4447.20,3,4447.10,4447.20,0.10,4447.20,3,4447.10,3,4447.00,4,4446.90,5,4446.80,8,4446.70,5,4446.60,7,4446.50,15,4446.40,19,4446.30,15,4447.30,2,4447.40,2,4447.50,5,4447.60,7,4447.70,7,4447.80,19,4447.90,17,4448.00,24,4448.10,16,4448.20,21,Sell,7,10,17,-3.00,2.00,-5.00,0.60,100.0,4446.60,4447.20,4446.60,4447.20,54,88,142,-34.00,-2.00,-46.00,1.20,25.0,9,132,0.3529,0.6667,-173.00,-426.00,4427.11,2.4056,UP,225.15,0.6307,2.0031
20260810 195802 780,4447.10,1,4447.10,4447.20,0.10,4447.20,3,4447.10,3,4447.00,4,4446.90,5,4446.80,8,4446.70,5,4446.60,7,4446.50,15,4446.40,19,4446.30,15,4447.30,2,4447.40,2,4447.50,5,4447.60,7,4447.70,7,4447.80,19,4447.90,17,4448.00,24,4448.10,16,4448.20,21,Sell,7,11,18,-4.00,2.00,-5.00,0.60,83.3,4446.60,4447.20,4446.60,4447.10,54,88,142,-34.00,-2.00,-46.00,1.20,25.0,9,132,0.3529,0.2500,-174.00,-427.00,4427.11,2.4024,UP,225.15,0.6307,2.0031
20260810 195803 505,4447.30,1,4447.20,4447.50,0.30,4447.20,3,4447.10,5,4447.00,5,4446.90,6,4446.80,8,4446.70,5,4446.60,16,4446.50,15,4446.40,19,4446.30,16,4447.50,3,4447.60,8,4447.70,7,4447.80,8,4447.90,17,4448.00,24,4448.10,16,4448.20,21,4448.30,20,4448.40,20,Buy,8,11,19,-3.00,2.00,-5.00,0.70,100.0,4446.60,4447.30,4446.60,4447.30,54,88,142,-34.00,-2.00,-46.00,1.20,25.0,9,132,0.3529,0.6667,-173.00,-426.00,4427.12,2.4087,UP,225.15,0.6307,2.0103
20260810 195805 042,4447.30,1,4447.20,4447.30,0.10,4447.20,1,4447.10,5,4447.00,7,4446.90,6,4446.80,9,4446.70,6,4446.60,16,4446.50,19,4446.40,19,4446.30,16,4447.30,1,4447.40,4,4447.50,4,4447.60,6,4447.70,7,4447.80,8,4447.90,8,4448.00,24,4448.10,16,4448.20,21,Sell,8,12,20,-4.00,2.00,-5.00,0.70,100.0,4446.60,4447.30,4446.60,4447.30,54,88,142,-34.00,-2.00,-46.00,1.20,25.0,9,132,0.3529,0.2500,-174.00,-427.00,4427.12,2.4087,UP,225.15,0.6307,2.0103
20260810 195806 101,4447.40,1,4447.30,4447.50,0.20,4447.30,1,4447.20,4,4447.10,6,4447.00,6,4446.90,6,4446.80,8,4446.70,6,4446.60,16,4446.50,19,4446.40,19,4447.50,2,4447.60,9,4447.70,7,4447.80,9,4447.90,8,4448.00,24,4448.10,16,4448.20,21,4448.30,20,4448.40,20,Buy,9,12,21,-3.00,2.00,-5.00,0.80,100.0,4446.60,4447.40,4446.60,4447.40,54,88,142,-34.00,-2.00,-46.00,1.20,25.0,9,132,0.3529,0.6667,-173.00,-426.00,4427.13,2.4119,UP,225.15,0.6307,2.0174
20260810 195806 198,4447.30,1,4447.30,4447.50,0.20,4447.30,2,4447.20,5,4447.10,6,4447.00,6,4446.90,6,4446.80,8,4446.70,6,4446.60,16,4446.50,19,4446.40,19,4447.50,2,4447.60,9,4447.70,7,4447.80,9,4447.90,8,4448.00,24,4448.10,16,4448.20,21,4448.30,20,4448.40,20,Sell,9,13,22,-4.00,2.00,-5.00,0.80,87.5,4446.60,4447.40,4446.60,4447.30,54,88,142,-34.00,-2.00,-46.00,1.20,25.0,9,132,0.3529,0.2500,-174.00,-427.00,4427.12,2.4087,UP,225.15,0.6307,2.0174
20260810 195806 369,4447.20,1,4447.20,4447.50,0.30,4447.20,5,4447.10,6,4447.00,6,4446.90,6,4446.80,8,4446.70,6,4446.60,17,4446.50,19,4446.40,19,4446.30,16,4447.50,3,4447.60,10,4447.70,7,4447.80,9,4447.90,8,4448.00,24,4448.10,16,4448.20,21,4448.30,20,4448.40,20,Sell,9,14,23,-5.00,2.00,-5.00,0.80,75.0,4446.60,4447.40,4446.60,4447.20,54,88,142,-34.00,-2.00,-46.00,1.20,25.0,9,132,0.3529,0.0000,-175.00,-428.00,4427.11,2.4056,UP,225.15,0.6307,2.0174
20260810 195807 087,4447.50,1,4447.40,4447.70,0.30,4447.40,6,4447.30,5,4447.20,7,4447.10,6,4447.00,6,4446.90,6,4446.80,18,4446.70,15,4446.60,17,4446.50,19,4447.70,4,4447.80,6,4447.90,8,4448.00,13,4448.10,15,4448.20,21,4448.30,20,4448.40,19,4448.50,23,4448.60,19,Buy,10,14,24,-4.00,2.00,-5.00,0.90,100.0,4446.60,4447.50,4446.60,4447.50,54,88,142,-34.00,-2.00,-46.00,1.20,25.0,9,132,0.3529,0.2500,-174.00,-427.00,4427.14,2.4151,UP,225.15,0.6307,2.0245
20260810 195808 095,4447.70,1,4447.70,4447.90,0.20,4447.70,1,4447.60,7,4447.50,5,4447.40,10,4447.30,6,4447.20,7,4447.10,6,4447.00,15,4446.90,15,4446.80,18,4447.90,3,4448.00,10,4448.10,5,4448.20,10,4448.30,20,4448.40,19,4448.50,23,4448.60,19,4448.70,19,4448.80,20,Buy,11,14,25,-3.00,2.00,-5.00,1.10,100.0,4446.60,4447.70,4446.60,4447.70,54,88,142,-34.00,-2.00,-46.00,1.20,25.0,9,132,0.3529,0.6667,-173.00,-426.00,4427.16,2.4214,UP,225.15,0.6307,2.0388
20260810 195808 107,4447.90,1,4447.60,4447.90,0.30,4447.60,7,4447.50,5,4447.40,10,4447.30,6,4447.20,7,4447.10,6,4447.00,15,4446.90,15,4446.80,18,4446.70,15,4447.90,3,4448.00,10,4448.10,5,4448.20,11,4448.30,20,4448.40,18,4448.50,23,4448.60,19,4448.70,19,4448.80,17,Buy,12,14,26,-2.00,2.00,-5.00,1.30,100.0,4446.60,4447.90,4446.60,4447.90,54,88,142,-34.00,-2.00,-46.00,1.20,25.0,9,132,0.3529,1.5000,-172.00,-425.00,4427.18,2.4278,UP,225.15,0.6307,2.0531
20260810 195808 107,4447.90,1,4447.60,4447.90,0.30,4447.60,7,4447.50,5,4447.40,10,4447.30,6,4447.20,7,4447.10,6,4447.00,15,4446.90,15,4446.80,18,4446.70,15,4447.90,3,4448.00,10,4448.10,5,4448.20,11,4448.30,20,4448.40,18,4448.50,23,4448.60,19,4448.70,19,4448.80,17,Buy,13,14,27,-1.00,2.00,-5.00,1.30,100.0,4446.60,4447.90,4446.60,4447.90,54,88,142,-34.00,-2.00,-46.00,1.20,25.0,9,132,0.3529,4.0000,-171.00,-424.00,4427.18,2.4278,UP,225.15,0.6307,2.0531
20260810 195808 108,4447.90,1,4447.60,4447.90,0.30,4447.60,7,4447.50,5,4447.40,10,4447.30,6,4447.20,7,4447.10,6,4447.00,15,4446.90,15,4446.80,18,4446.70,15,4447.90,3,4448.00,10,4448.10,5,4448.20,11,4448.30,20,4448.40,18,4448.50,23,4448.60,19,4448.70,19,4448.80,17,Buy,14,14,28,0.00,2.00,-5.00,1.30,100.0,4446.60,4447.90,4446.60,4447.90,54,88,142,-34.00,-2.00,-46.00,1.20,25.0,9,132,0.3529,2.0000,-170.00,-423.00,4427.18,2.4278,UP,225.15,0.6307,2.0531
20260810 195808 460,4447.80,1,4447.70,4447.90,0.20,4447.70,3,4447.60,3,4447.50,5,4447.40,10,4447.30,6,4447.20,6,4447.10,6,4447.00,15,4446.90,15,4446.80,18,4447.90,4,4448.00,13,4448.10,5,4448.20,10,4448.30,20,4448.40,18,4448.50,23,4448.60,19,4448.70,19,4448.80,17,Sell,14,15,29,-1.00,2.00,-5.00,1.30,92.3,4446.60,4447.90,4446.60,4447.80,54,88,142,-34.00,-2.00,-46.00,1.20,25.0,9,132,0.3529,4.0000,-171.00,-424.00,4427.17,2.4246,UP,225.15,0.6307,2.0531
20260810 195808 890,4447.70,2,4447.60,4447.80,0.20,4447.60,4,4447.50,5,4447.40,10,4447.30,6,4447.20,6,4447.10,6,4447.00,15,4446.90,15,4446.80,18,4446.70,15,4447.80,2,4447.90,6,4448.00,14,4448.10,5,4448.20,9,4448.30,10,4448.40,18,4448.50,23,4448.60,19,4448.70,19,Sell,14,17,31,-3.00,2.00,-5.00,1.30,84.6,4446.60,4447.90,4446.60,4447.70,54,88,142,-34.00,-2.00,-46.00,1.20,25.0,9,132,0.3529,0.6667,-173.00,-426.00,4427.16,2.4214,UP,225.15,0.6307,2.0531
20260810 195808 890,4447.70,1,4447.60,4447.80,0.20,4447.60,4,4447.50,5,4447.40,10,4447.30,6,4447.20,6,4447.10,6,4447.00,15,4446.90,15,4446.80,18,4446.70,15,4447.80,2,4447.90,6,4448.00,14,4448.10,5,4448.20,9,4448.30,10,4448.40,18,4448.50,23,4448.60,19,4448.70,19,Sell,14,18,32,-4.00,2.00,-5.00,1.30,84.6,4446.60,4447.90,4446.60,4447.70,54,88,142,-34.00,-2.00,-46.00,1.20,25.0,9,132,0.3529,0.2500,-174.00,-427.00,4427.16,2.4214,UP,225.15,0.6307,2.0531
20260810 195809 043,4447.90,1,4447.70,4447.90,0.20,4447.70,3,4447.60,6,4447.50,5,4447.40,10,4447.30,6,4447.20,6,4447.10,6,4447.00,15,4446.90,15,4446.80,18,4447.90,2,4448.00,13,4448.10,5,4448.20,10,4448.30,10,4448.40,18,4448.50,23,4448.60,19,4448.70,19,4448.80,17,Buy,15,18,33,-3.00,2.00,-5.00,1.30,100.0,4446.60,4447.90,4446.60,4447.90,54,88,142,-34.00,-2.00,-46.00,1.20,25.0,9,132,0.3529,0.6667,-173.00,-426.00,4427.18,2.4278,UP,225.15,0.6307,2.0531
20260810 195809 043,4447.90,1,4447.70,4447.90,0.20,4447.70,3,4447.60,6,4447.50,5,4447.40,10,4447.30,6,4447.20,6,4447.10,6,4447.00,15,4446.90,15,4446.80,18,4447.90,2,4448.00,13,4448.10,5,4448.20,10,4448.30,10,4448.40,18,4448.50,23,4448.60,19,4448.70,19,4448.80,17,Buy,16,18,34,-2.00,2.00,-5.00,1.30,100.0,4446.60,4447.90,4446.60,4447.90,54,88,142,-34.00,-2.00,-46.00,1.20,25.0,9,132,0.3529,1.5000,-172.00,-425.00,4427.18,2.4278,UP,225.15,0.6307,2.0531
20260810 195809 190,4448.00,3,4447.90,4448.20,0.30,4447.90,4,4447.80,6,4447.70,6,4447.60,8,4447.50,6,4447.40,9,4447.30,6,4447.20,15,4447.10,16,4447.00,16,4448.20,6,4448.30,6,4448.40,10,4448.50,13,4448.60,9,4448.70,19,4448.80,20,4448.90,14,4449.00,19,4449.10,16,Buy,19,18,37,1.00,2.00,-5.00,1.40,100.0,4446.60,4448.00,4446.60,4448.00,54,88,142,-34.00,-2.00,-46.00,1.20,25.0,9,132,0.3529,1.0000,-169.00,-422.00,4427.19,2.4310,UP,225.15,0.6307,2.0603
20260810 195809 190,4448.00,1,4447.90,4448.20,0.30,4447.90,4,4447.80,6,4447.70,6,4447.60,8,4447.50,6,4447.40,9,4447.30,6,4447.20,15,4447.10,16,4447.00,16,4448.20,6,4448.30,6,4448.40,10,4448.50,13,4448.60,9,4448.70,19,4448.80,20,4448.90,14,4449.00,19,4449.10,16,Buy,20,18,38,2.00,2.00,-5.00,1.40,100.0,4446.60,4448.00,4446.60,4448.00,54,88,142,-34.00,-2.00,-46.00,1.20,25.0,9,132,0.3529,0.0000,-168.00,-421.00,4427.19,2.4310,UP,225.15,0.6307,2.0603
20260810 195809 190,4448.10,1,4447.90,4448.20,0.30,4447.90,4,4447.80,6,4447.70,6,4447.60,8,4447.50,6,4447.40,9,4447.30,6,4447.20,15,4447.10,16,4447.00,16,4448.20,6,4448.30,6,4448.40,10,4448.50,13,4448.60,9,4448.70,19,4448.80,20,4448.90,14,4449.00,19,4449.10,16,Buy,21,18,39,3.00,3.00,-5.00,1.50,100.0,4446.60,4448.10,4446.60,4448.10,54,88,142,-34.00,-2.00,-46.00,1.20,25.0,9,132,0.3529,0.0000,-167.00,-420.00,4427.20,2.4341,UP,225.15,0.6307,2.0674
20260810 195809 190,4448.10,1,4447.90,4448.20,0.30,4447.90,4,4447.80,6,4447.70,6,4447.60,8,4447.50,6,4447.40,9,4447.30,6,4447.20,15,4447.10,16,4447.00,16,4448.20,6,4448.30,6,4448.40,10,4448.50,13,4448.60,9,4448.70,19,4448.80,20,4448.90,14,4449.00,19,4449.10,16,Buy,22,18,40,4.00,4.00,-5.00,1.50,100.0,4446.60,4448.10,4446.60,4448.10,54,88,142,-34.00,-2.00,-46.00,1.20,25.0,9,132,0.3529,0.0000,-166.00,-419.00,4427.20,2.4341,UP,225.15,0.6307,2.0674
20260810 195809 190,4448.20,1,4447.90,4448.20,0.30,4447.90,4,4447.80,6,4447.70,6,4447.60,8,4447.50,6,4447.40,9,4447.30,6,4447.20,15,4447.10,16,4447.00,16,4448.20,6,4448.30,6,4448.40,10,4448.50,13,4448.60,9,4448.70,19,4448.80,20,4448.90,14,4449.00,19,4449.10,16,Buy,23,18,41,5.00,5.00,-5.00,1.60,100.0,4446.60,4448.20,4446.60,4448.20,54,88,142,-34.00,-2.00,-46.00,1.20,25.0,9,132,0.3529,0.0000,-165.00,-418.00,4427.21,2.4373,UP,225.15,0.6307,2.0745
20260810 195809 193,4448.10,1,4447.90,4448.20,0.30,4447.90,4,4447.80,6,4447.70,6,4447.60,8,4447.50,6,4447.40,9,4447.30,6,4447.20,15,4447.10,16,4447.00,16,4448.20,6,4448.30,6,4448.40,10,4448.50,13,4448.60,9,4448.70,19,4448.80,20,4448.90,14,4449.00,19,4449.10,16,Buy,24,18,42,6.00,6.00,-5.00,1.60,93.8,4446.60,4448.20,4446.60,4448.10,54,88,142,-34.00,-2.00,-46.00,1.20,25.0,9,132,0.3529,0.0000,-164.00,-417.00,4427.20,2.4341,UP,225.15,0.6307,2.0745
20260810 195809 193,4448.10,1,4447.90,4448.20,0.30,4447.90,4,4447.80,6,4447.70,6,4447.60,8,4447.50,6,4447.40,9,4447.30,6,4447.20,15,4447.10,16,4447.00,16,4448.20,6,4448.30,6,4448.40,10,4448.50,13,4448.60,9,4448.70,19,4448.80,20,4448.90,14,4449.00,19,4449.10,16,Buy,25,18,43,7.00,7.00,-5.00,1.60,93.8,4446.60,4448.20,4446.60,4448.10,54,88,142,-34.00,-2.00,-46.00,1.20,25.0,9,132,0.3529,0.0000,-163.00,-416.00,4427.20,2.4341,UP,225.15,0.6307,2.0745
20260810 195809 193,4448.20,2,4447.90,4448.20,0.30,4447.90,4,4447.80,6,4447.70,6,4447.60,8,4447.50,6,4447.40,9,4447.30,6,4447.20,15,4447.10,16,4447.00,16,4448.20,6,4448.30,6,4448.40,10,4448.50,13,4448.60,9,4448.70,19,4448.80,20,4448.90,14,4449.00,19,4449.10,16,Buy,27,18,45,9.00,9.00,-5.00,1.60,100.0,4446.60,4448.20,4446.60,4448.20,54,88,142,-34.00,-2.00,-46.00,1.20,25.0,9,132,0.3529,0.0000,-161.00,-414.00,4427.21,2.4373,UP,225.15,0.6307,2.0745
20260810 195809 193,4448.20,1,4447.90,4448.20,0.30,4447.90,4,4447.80,6,4447.70,6,4447.60,8,4447.50,6,4447.40,9,4447.30,6,4447.20,15,4447.10,16,4447.00,16,4448.20,6,4448.30,6,4448.40,10,4448.50,13,4448.60,9,4448.70,19,4448.80,20,4448.90,14,4449.00,19,4449.10,16,Buy,28,18,46,10.00,10.00,-5.00,1.60,100.0,4446.60,4448.20,4446.60,4448.20,54,88,142,-34.00,-2.00,-46.00,1.20,25.0,9,132,0.3529,0.0000,-160.00,-413.00,4427.21,2.4373,UP,225.15,0.6307,2.0745
20260810 195809 193,4448.30,1,4447.90,4448.20,0.30,4447.90,4,4447.80,6,4447.70,6,4447.60,8,4447.50,6,4447.40,9,4447.30,6,4447.20,15,4447.10,16,4447.00,16,4448.20,6,4448.30,6,4448.40,10,4448.50,13,4448.60,9,4448.70,19,4448.80,20,4448.90,14,4449.00,19,4449.10,16,Buy,29,18,47,11.00,11.00,-5.00,1.70,100.0,4446.60,4448.30,4446.60,4448.30,54,88,142,-34.00,-2.00,-46.00,1.20,25.0,9,132,0.3529,0.0000,-159.00,-412.00,4427.22,2.4405,UP,225.15,0.6307,2.0817
20260810 195809 193,4448.30,1,4447.90,4448.20,0.30,4447.90,4,4447.80,6,4447.70,6,4447.60,8,4447.50,6,4447.40,9,4447.30,6,4447.20,15,4447.10,16,4447.00,16,4448.20,6,4448.30,6,4448.40,10,4448.50,13,4448.60,9,4448.70,19,4448.80,20,4448.90,14,4449.00,19,4449.10,16,Buy,30,18,48,12.00,12.00,-5.00,1.70,100.0,4446.60,4448.30,4446.60,4448.30,54,88,142,-34.00,-2.00,-46.00,1.20,25.0,9,132,0.3529,0.0000,-158.00,-411.00,4427.22,2.4405,UP,225.15,0.6307,2.0817
20260810 195809 193,4448.30,1,4447.90,4448.20,0.30,4447.90,4,4447.80,6,4447.70,6,4447.60,8,4447.50,6,4447.40,9,4447.30,6,4447.20,15,4447.10,16,4447.00,16,4448.20,6,4448.30,6,4448.40,10,4448.50,13,4448.60,9,4448.70,19,4448.80,20,4448.90,14,4449.00,19,4449.10,16,Buy,31,18,49,13.00,13.00,-5.00,1.70,100.0,4446.60,4448.30,4446.60,4448.30,54,88,142,-34.00,-2.00,-46.00,1.20,25.0,9,132,0.3529,0.0000,-157.00,-410.00,4427.22,2.4405,UP,225.15,0.6307,2.0817
20260810 195809 193,4448.30,1,4447.90,4448.20,0.30,4447.90,4,4447.80,6,4447.70,6,4447.60,8,4447.50,6,4447.40,9,4447.30,6,4447.20,15,4447.10,16,4447.00,16,4448.20,6,4448.30,6,4448.40,10,4448.50,13,4448.60,9,4448.70,19,4448.80,20,4448.90,14,4449.00,19,4449.10,16,Buy,32,18,50,14.00,14.00,-5.00,1.70,100.0,4446.60,4448.30,4446.60,4448.30,54,88,142,-34.00,-2.00,-46.00,1.20,25.0,9,132,0.3529,0.0000,-156.00,-409.00,4427.22,2.4405,UP,225.15,0.6307,2.0817
20260810 195809 193,4448.30,1,4447.90,4448.20,0.30,4447.90,4,4447.80,6,4447.70,6,4447.60,8,4447.50,6,4447.40,9,4447.30,6,4447.20,15,4447.10,16,4447.00,16,4448.20,6,4448.30,6,4448.40,10,4448.50,13,4448.60,9,4448.70,19,4448.80,20,4448.90,14,4449.00,19,4449.10,16,Buy,33,18,51,15.00,15.00,-5.00,1.70,100.0,4446.60,4448.30,4446.60,4448.30,54,88,142,-34.00,-2.00,-46.00,1.20,25.0,9,132,0.3529,0.0000,-155.00,-408.00,4427.22,2.4405,UP,225.15,0.6307,2.0817
20260810 195809 208,4448.10,1,4447.90,4448.20,0.30,4447.90,4,4447.80,6,4447.70,6,4447.60,8,4447.50,6,4447.40,9,4447.30,6,4447.20,15,4447.10,16,4447.00,16,4448.20,6,4448.30,6,4448.40,10,4448.50,13,4448.60,9,4448.70,19,4448.80,20,4448.90,14,4449.00,19,4449.10,16,Buy,34,18,52,16.00,16.00,-5.00,1.70,88.2,4446.60,4448.30,4446.60,4448.10,54,88,142,-34.00,-2.00,-46.00,1.20,25.0,9,132,0.3529,0.0000,-154.00,-407.00,4427.20,2.4341,UP,225.15,0.6307,2.0817
20260810 195809 802,4447.90,1,4447.90,4448.00,0.10,4447.90,1,4447.80,6,4447.70,10,4447.60,7,4447.50,6,4447.40,9,4447.30,6,4447.20,15,4447.10,16,4447.00,16,4448.10,4,4448.20,11,4448.30,6,4448.40,10,4448.50,14,4448.60,9,4448.70,19,4448.80,20,4448.90,15,4449.00,19,Sell,34,19,53,15.00,16.00,-5.00,1.70,76.5,4446.60,4448.30,4446.60,4447.90,54,88,142,-34.00,-2.00,-46.00,1.20,25.0,9,132,0.3529,0.0667,-155.00,-408.00,4427.18,2.4278,UP,225.15,0.6307,2.0817
20260810 195810 043,4448.00,1,4447.90,4448.10,0.20,4447.90,1,4447.80,6,4447.70,10,4447.60,7,4447.50,6,4447.40,9,4447.30,6,4447.20,15,4447.10,16,4447.00,16,4448.10,2,4448.20,12,4448.30,6,4448.40,10,4448.50,13,4448.60,9,4448.70,19,4448.80,20,4448.90,15,4449.00,19,Buy,35,19,54,16.00,16.00,-5.00,1.70,82.4,4446.60,4448.30,4446.60,4448.00,54,88,142,-34.00,-2.00,-46.00,1.20,25.0,9,132,0.3529,0.0000,-154.00,-407.00,4427.19,2.4310,UP,225.15,0.6307,2.0817
20260810 195810 069,4448.00,1,4448.00,4448.20,0.20,4448.00,1,4447.90,3,4447.80,6,4447.70,10,4447.60,7,4447.50,6,4447.40,9,4447.30,6,4447.20,15,4447.10,16,4448.20,12,4448.30,6,4448.40,10,4448.50,13,4448.60,9,4448.70,19,4448.80,20,4448.90,15,4449.00,19,4449.10,16,Buy,36,19,55,17.00,17.00,-5.00,1.70,82.4,4446.60,4448.30,4446.60,4448.00,54,88,142,-34.00,-2.00,-46.00,1.20,25.0,9,132,0.3529,0.0000,-153.00,-406.00,4427.19,2.4310,UP,225.15,0.6307,2.0817
20260810 195810 310,4448.00,1,4447.90,4448.10,0.20,4447.90,2,4447.80,6,4447.70,10,4447.60,7,4447.50,6,4447.40,9,4447.30,6,4447.20,15,4447.10,16,4447.00,16,4448.10,2,4448.20,7,4448.30,6,4448.40,11,4448.50,13,4448.60,9,4448.70,19,4448.80,20,4448.90,15,4449.00,19,Sell,36,20,56,16.00,17.00,-5.00,1.70,82.4,4446.60,4448.30,4446.60,4448.00,54,88,142,-34.00,-2.00,-46.00,1.20,25.0,9,132,0.3529,0.0625,-154.00,-407.00,4427.19,2.4310,UP,225.15,0.6307,2.0817
20260810 195811 396,4447.90,1,4447.80,4448.00,0.20,4447.80,3,4447.70,10,4447.60,7,4447.50,6,4447.40,9,4447.30,6,4447.20,15,4447.10,16,4447.00,16,4446.90,15,4448.00,3,4448.10,5,4448.20,10,4448.30,6,4448.40,10,4448.50,13,4448.60,9,4448.70,19,4448.80,20,4448.90,15,Sell,36,21,57,15.00,17.00,-5.00,1.70,76.5,4446.60,4448.30,4446.60,4447.90,54,88,142,-34.00,-2.00,-46.00,1.20,25.0,9,132,0.3529,0.1333,-155.00,-408.00,4427.18,2.4278,UP,225.15,0.6307,2.0817
20260810 195812 318,4447.80,1,4447.70,4448.00,0.30,4447.70,6,4447.60,7,4447.50,6,4447.40,9,4447.30,5,4447.20,15,4447.10,16,4447.00,16,4446.90,15,4446.80,18,4448.00,4,4448.10,5,4448.20,11,4448.30,6,4448.40,10,4448.50,13,4448.60,19,4448.70,19,4448.80,20,4448.90,15,Sell,36,22,58,14.00,17.00,-5.00,1.70,70.6,4446.60,4448.30,4446.60,4447.80,54,88,142,-34.00,-2.00,-46.00,1.20,25.0,9,132,0.3529,0.2143,-156.00,-409.00,4427.17,2.4246,UP,225.15,0.6307,2.0817
20260810 195812 318,4447.70,1,4447.70,4448.00,0.30,4447.70,6,4447.60,7,4447.50,6,4447.40,9,4447.30,5,4447.20,15,4447.10,16,4447.00,16,4446.90,15,4446.80,18,4448.00,4,4448.10,5,4448.20,11,4448.30,6,4448.40,10,4448.50,13,4448.60,19,4448.70,19,4448.80,20,4448.90,15,Sell,36,23,59,13.00,17.00,-5.00,1.70,64.7,4446.60,4448.30,4446.60,4447.70,54,88,142,-34.00,-2.00,-46.00,1.20,25.0,9,132,0.3529,0.3077,-157.00,-410.00,4427.16,2.4214,UP,225.15,0.6307,2.0817
20260810 195812 318,4447.70,1,4447.70,4448.00,0.30,4447.70,6,4447.60,7,4447.50,6,4447.40,9,4447.30,5,4447.20,15,4447.10,16,4447.00,16,4446.90,15,4446.80,18,4448.00,4,4448.10,5,4448.20,11,4448.30,6,4448.40,10,4448.50,13,4448.60,19,4448.70,19,4448.80,20,4448.90,15,Sell,36,24,60,12.00,17.00,-5.00,1.70,64.7,4446.60,4448.30,4446.60,4447.70,54,88,142,-34.00,-2.00,-46.00,1.20,25.0,9,132,0.3529,0.4167,-158.00,-411.00,4427.16,2.4214,UP,225.15,0.6307,2.0817
20260810 195812 318,4447.70,1,4447.70,4448.00,0.30,4447.70,6,4447.60,7,4447.50,6,4447.40,9,4447.30,5,4447.20,15,4447.10,16,4447.00,16,4446.90,15,4446.80,18,4448.00,4,4448.10,5,4448.20,11,4448.30,6,4448.40,10,4448.50,13,4448.60,19,4448.70,19,4448.80,20,4448.90,15,Sell,36,25,61,11.00,17.00,-5.00,1.70,64.7,4446.60,4448.30,4446.60,4447.70,54,88,142,-34.00,-2.00,-46.00,1.20,25.0,9,132,0.3529,0.5455,-159.00,-412.00,4427.16,2.4214,UP,225.15,0.6307,2.0817
20260810 195812 318,4447.70,1,4447.70,4448.00,0.30,4447.70,6,4447.60,7,4447.50,6,4447.40,9,4447.30,5,4447.20,15,4447.10,16,4447.00,16,4446.90,15,4446.80,18,4448.00,4,4448.10,5,4448.20,11,4448.30,6,4448.40,10,4448.50,13,4448.60,19,4448.70,19,4448.80,20,4448.90,15,Sell,36,26,62,10.00,17.00,-5.00,1.70,64.7,4446.60,4448.30,4446.60,4447.70,54,88,142,-34.00,-2.00,-46.00,1.20,25.0,9,132,0.3529,0.7000,-160.00,-413.00,4427.16,2.4214,UP,225.15,0.6307,2.0817
20260810 195812 424,4448.00,1,4447.70,4448.00,0.30,4447.70,6,4447.60,7,4447.50,6,4447.40,9,4447.30,5,4447.20,15,4447.10,16,4447.00,16,4446.90,15,4446.80,18,4448.00,2,4448.10,5,4448.20,11,4448.30,6,4448.40,10,4448.50,13,4448.60,19,4448.70,19,4448.80,20,4448.90,15,Buy,37,26,63,11.00,17.00,-5.00,1.70,82.4,4446.60,4448.30,4446.60,4448.00,54,88,142,-34.00,-2.00,-46.00,1.20,25.0,9,132,0.3529,0.5455,-159.00,-412.00,4427.19,2.4310,UP,225.15,0.6307,2.0817
20260810 195812 822,4447.80,1,4447.80,4448.00,0.20,4447.80,1,4447.70,7,4447.60,7,4447.50,6,4447.40,9,4447.30,5,4447.20,15,4447.10,16,4447.00,16,4446.90,15,4448.00,3,4448.10,6,4448.20,10,4448.30,6,4448.40,10,4448.50,13,4448.60,19,4448.70,19,4448.80,20,4448.90,15,Sell,37,27,64,10.00,17.00,-5.00,1.70,70.6,4446.60,4448.30,4446.60,4447.80,54,88,142,-34.00,-2.00,-46.00,1.20,25.0,9,132,0.3529,0.7000,-160.00,-413.00,4427.17,2.4246,UP,225.15,0.6307,2.0817
20260810 195813 067,4448.00,2,4447.70,4448.00,0.30,4447.70,3,4447.60,7,4447.50,6,4447.40,9,4447.30,5,4447.20,15,4447.10,16,4447.00,16,4446.90,15,4446.80,18,4448.00,5,4448.10,4,4448.20,11,4448.30,6,4448.40,10,4448.50,13,4448.60,19,4448.70,19,4448.80,20,4448.90,15,Buy,39,27,66,12.00,17.00,-5.00,1.70,82.4,4446.60,4448.30,4446.60,4448.00,54,88,142,-34.00,-2.00,-46.00,1.20,25.0,9,132,0.3529,0.4167,-158.00,-411.00,4427.19,2.4310,UP,225.15,0.6307,2.0817
20260810 195813 067,4448.00,1,4447.70,4448.00,0.30,4447.70,3,4447.60,7,4447.50,6,4447.40,9,4447.30,5,4447.20,15,4447.10,16,4447.00,16,4446.90,15,4446.80,18,4448.00,5,4448.10,4,4448.20,11,4448.30,6,4448.40,10,4448.50,13,4448.60,19,4448.70,19,4448.80,20,4448.90,15,Buy,40,27,67,13.00,17.00,-5.00,1.70,82.4,4446.60,4448.30,4446.60,4448.00,54,88,142,-34.00,-2.00,-46.00,1.20,25.0,9,132,0.3529,0.3077,-157.00,-410.00,4427.19,2.4310,UP,225.15,0.6307,2.0817
20260810 195813 067,4448.10,1,4447.70,4448.00,0.30,4447.70,3,4447.60,7,4447.50,6,4447.40,9,4447.30,5,4447.20,15,4447.10,16,4447.00,16,4446.90,15,4446.80,18,4448.00,5,4448.10,4,4448.20,11,4448.30,6,4448.40,10,4448.50,13,4448.60,19,4448.70,19,4448.80,20,4448.90,15,Buy,41,27,68,14.00,17.00,-5.00,1.70,88.2,4446.60,4448.30,4446.60,4448.10,54,88,142,-34.00,-2.00,-46.00,1.20,25.0,9,132,0.3529,0.2143,-156.00,-409.00,4427.20,2.4341,UP,225.15,0.6307,2.0817
20260810 195813 269,4447.80,1,4447.60,4447.80,0.20,4447.60,5,4447.50,5,4447.40,9,4447.30,5,4447.20,15,4447.10,16,4447.00,16,4446.90,15,4446.80,18,4446.70,15,4447.80,1,4447.90,4,4448.00,8,4448.10,5,4448.20,10,4448.30,6,4448.40,10,4448.50,23,4448.60,19,4448.70,20,Buy,42,27,69,15.00,17.00,-5.00,1.70,70.6,4446.60,4448.30,4446.60,4447.80,54,88,142,-34.00,-2.00,-46.00,1.20,25.0,9,132,0.3529,0.1333,-155.00,-408.00,4427.17,2.4246,UP,225.15,0.6307,2.0817
20260810 195815 067,4447.80,2,4447.90,4448.20,0.30,4447.90,4,4447.80,5,4447.70,9,4447.60,10,4447.50,5,4447.40,7,4447.30,14,4447.20,15,4447.10,16,4447.00,16,4448.20,5,4448.30,6,4448.40,9,4448.50,13,4448.60,9,4448.70,19,4448.80,22,4448.90,15,4449.00,19,4449.10,16,Buy,44,27,71,17.00,17.00,-5.00,1.70,70.6,4446.60,4448.30,4446.60,4447.80,54,88,142,-34.00,-2.00,-46.00,1.20,25.0,9,132,0.3529,0.0000,-153.00,-406.00,4427.17,2.4246,UP,225.15,0.6307,2.0817
20260810 195815 291,4448.00,1,4448.00,4448.20,0.20,4448.00,3,4447.90,5,4447.80,7,4447.70,9,4447.60,10,4447.50,5,4447.40,17,4447.30,15,4447.20,15,4447.10,16,4448.20,1,4448.30,3,4448.40,7,4448.50,13,4448.60,9,4448.70,9,4448.80,22,4448.90,17,4449.00,19,4449.10,16,Sell,44,28,72,16.00,17.00,-5.00,1.70,82.4,4446.60,4448.30,4446.60,4448.00,54,88,142,-34.00,-2.00,-46.00,1.20,25.0,9,132,0.3529,0.0625,-154.00,-407.00,4427.19,2.4310,UP,225.15,0.6307,2.0817
20260810 195815 630,4448.00,1,4448.00,4448.20,0.20,4448.00,3,4447.90,5,4447.80,7,4447.70,9,4447.60,10,4447.50,5,4447.40,17,4447.30,15,4447.20,15,4447.10,16,4448.20,1,4448.30,3,4448.40,8,4448.50,13,4448.60,9,4448.70,9,4448.80,22,4448.90,17,4449.00,19,4449.10,16,Sell,44,29,73,15.00,17.00,-5.00,1.70,82.4,4446.60,4448.30,4446.60,4448.00,54,88,142,-34.00,-2.00,-46.00,1.20,25.0,9,132,0.3529,0.1333,-155.00,-408.00,4427.19,2.4310,UP,225.15,0.6307,2.0817
20260810 195815 630,4448.00,1,4448.00,4448.20,0.20,4448.00,3,4447.90,5,4447.80,7,4447.70,9,4447.60,10,4447.50,5,4447.40,17,4447.30,15,4447.20,15,4447.10,16,4448.20,1,4448.30,3,4448.40,8,4448.50,13,4448.60,9,4448.70,9,4448.80,22,4448.90,17,4449.00,19,4449.10,16,Sell,44,30,74,14.00,17.00,-5.00,1.70,82.4,4446.60,4448.30,4446.60,4448.00,54,88,142,-34.00,-2.00,-46.00,1.20,25.0,9,132,0.3529,0.2143,-156.00,-409.00,4427.19,2.4310,UP,225.15,0.6307,2.0817
20260810 195815 630,4448.00,1,4448.00,4448.20,0.20,4448.00,6,4447.90,3,4447.80,7,4447.70,9,4447.60,10,4447.50,5,4447.40,17,4447.30,15,4447.20,15,4447.10,16,4448.20,2,4448.30,3,4448.40,8,4448.50,13,4448.60,9,4448.70,9,4448.80,22,4448.90,17,4449.00,19,4449.10,16,Sell,44,31,75,13.00,17.00,-5.00,1.70,82.4,4446.60,4448.30,4446.60,4448.00,54,88,142,-34.00,-2.00,-46.00,1.20,25.0,9,132,0.3529,0.3077,-157.00,-410.00,4427.19,2.4310,UP,225.15,0.6307,2.0817
20260810 195815 630,4447.90,1,4448.00,4448.20,0.20,4448.00,6,4447.90,3,4447.80,7,4447.70,9,4447.60,10,4447.50,5,4447.40,17,4447.30,15,4447.20,15,4447.10,16,4448.20,2,4448.30,3,4448.40,8,4448.50,13,4448.60,9,4448.70,9,4448.80,22,4448.90,17,4449.00,19,4449.10,16,Sell,44,32,76,12.00,17.00,-5.00,1.70,76.5,4446.60,4448.30,4446.60,4447.90,54,88,142,-34.00,-2.00,-46.00,1.20,25.0,9,132,0.3529,0.4167,-158.00,-411.00,4427.18,2.4278,UP,225.15,0.6307,2.0817
20260810 195816 641,4448.10,1,4447.90,4448.20,0.30,4447.90,3,4447.80,7,4447.70,9,4447.60,10,4447.50,5,4447.40,16,4447.30,15,4447.20,15,4447.10,16,4447.00,16,4448.20,6,4448.30,6,4448.40,10,4448.50,13,4448.60,9,4448.70,9,4448.80,22,4448.90,17,4449.00,19,4449.10,16,Buy,45,32,77,13.00,17.00,-5.00,1.70,88.2,4446.60,4448.30,4446.60,4448.10,54,88,142,-34.00,-2.00,-46.00,1.20,25.0,9,132,0.3529,0.3077,-157.00,-410.00,4427.20,2.4341,UP,225.15,0.6307,2.0817
20260810 195817 268,4448.20,1,4448.00,4448.20,0.20,4448.00,3,4447.90,5,4447.80,7,4447.70,9,4447.60,10,4447.50,5,4447.40,16,4447.30,15,4447.20,15,4447.10,16,4448.20,1,4448.30,6,4448.40,10,4448.50,13,4448.60,9,4448.70,9,4448.80,22,4448.90,17,4449.00,19,4449.10,16,Buy,46,32,78,14.00,17.00,-5.00,1.70,94.1,4446.60,4448.30,4446.60,4448.20,54,88,142,-34.00,-2.00,-46.00,1.20,25.0,9,132,0.3529,0.2143,-156.00,-409.00,4427.21,2.4373,UP,225.15,0.6307,2.0817
20260810 195819 721,4448.10,1,4448.00,4448.30,0.30,4448.00,4,4447.90,6,4447.80,7,4447.70,9,4447.60,10,4447.50,14,4447.40,16,4447.30,15,4447.20,15,4447.10,16,4448.30,2,4448.40,8,4448.50,12,4448.60,9,4448.70,9,4448.80,22,4448.90,17,4449.00,19,4449.10,16,4449.20,17,Sell,46,33,79,13.00,17.00,-5.00,1.70,88.2,4446.60,4448.30,4446.60,4448.10,54,88,142,-34.00,-2.00,-46.00,1.20,25.0,9,132,0.3529,0.3077,-157.00,-410.00,4427.20,2.4341,UP,225.15,0.6307,2.0817
20260810 195819 721,4448.10,1,4448.00,4448.30,0.30,4448.00,4,4447.90,6,4447.80,7,4447.70,9,4447.60,10,4447.50,14,4447.40,16,4447.30,15,4447.20,15,4447.10,16,4448.30,2,4448.40,8,4448.50,12,4448.60,9,4448.70,9,4448.80,22,4448.90,17,4449.00,19,4449.10,16,4449.20,17,Sell,46,34,80,12.00,17.00,-5.00,1.70,88.2,4446.60,4448.30,4446.60,4448.10,54,88,142,-34.00,-2.00,-46.00,1.20,25.0,9,132,0.3529,0.4167,-158.00,-411.00,4427.20,2.4341,UP,225.15,0.6307,2.0817
20260810 195820 180,4448.00,1,4447.90,4448.20,0.30,4447.90,5,4447.80,7,4447.70,9,4447.60,10,4447.50,14,4447.40,17,4447.30,15,4447.20,15,4447.10,16,4447.00,16,4448.20,3,4448.30,3,4448.40,9,4448.50,13,4448.60,9,4448.70,9,4448.80,22,4448.90,17,4449.00,19,4449.10,16,Sell,46,35,81,11.00,17.00,-5.00,1.70,82.4,4446.60,4448.30,4446.60,4448.00,54,88,142,-34.00,-2.00,-46.00,1.20,25.0,9,132,0.3529,0.5455,-159.00,-412.00,4427.19,2.4310,UP,225.15,0.6307,2.0817
20260810 195820 260,4448.00,1,4447.90,4448.10,0.20,4447.90,5,4447.80,7,4447.70,9,4447.60,10,4447.50,14,4447.40,17,4447.30,15,4447.20,15,4447.10,16,4447.00,16,4448.10,1,4448.20,5,4448.30,3,4448.40,7,4448.50,13,4448.60,9,4448.70,9,4448.80,23,4448.90,17,4449.00,19,Sell,46,36,82,10.00,17.00,-5.00,1.70,82.4,4446.60,4448.30,4446.60,4448.00,54,88,142,-34.00,-2.00,-46.00,1.20,25.0,9,132,0.3529,0.7000,-160.00,-413.00,4427.19,2.4310,UP,225.15,0.6307,2.0817
20260810 195820 324,4447.90,1,4447.90,4448.10,0.20,4447.90,4,4447.80,7,4447.70,9,4447.60,10,4447.50,14,4447.40,17,4447.30,15,4447.20,15,4447.10,16,4447.00,16,4448.10,1,4448.20,5,4448.30,3,4448.40,8,4448.50,13,4448.60,9,4448.70,9,4448.80,22,4448.90,17,4449.00,19,Sell,46,37,83,9.00,17.00,-5.00,1.70,76.5,4446.60,4448.30,4446.60,4447.90,54,88,142,-34.00,-2.00,-46.00,1.20,25.0,9,132,0.3529,0.8889,-161.00,-414.00,4427.18,2.4278,UP,225.15,0.6307,2.0817
20260810 195820 663,4448.00,1,4447.90,4448.20,0.30,4447.90,4,4447.80,7,4447.70,9,4447.60,10,4447.50,14,4447.40,17,4447.30,15,4447.20,15,4447.10,16,4447.00,16,4448.20,4,4448.30,5,4448.40,10,4448.50,13,4448.60,9,4448.70,9,4448.80,22,4448.90,17,4449.00,19,4449.10,16,Sell,46,38,84,8.00,17.00,-5.00,1.70,82.4,4446.60,4448.30,4446.60,4448.00,54,88,142,-34.00,-2.00,-46.00,1.20,25.0,9,132,0.3529,1.1250,-162.00,-415.00,4427.19,2.4310,UP,225.15,0.6307,2.0817
20260810 195822 194,4448.00,1,4448.00,4448.20,0.20,4448.00,2,4447.90,5,4447.80,9,4447.70,10,4447.60,10,4447.50,6,4447.40,17,4447.30,15,4447.20,15,4447.10,16,4448.20,2,4448.30,6,4448.40,9,4448.50,12,4448.60,9,4448.70,19,4448.80,22,4448.90,17,4449.00,19,4449.10,16,Sell,46,39,85,7.00,17.00,-5.00,1.70,82.4,4446.60,4448.30,4446.60,4448.00,54,88,142,-34.00,-2.00,-46.00,1.20,25.0,9,132,0.3529,1.4286,-163.00,-416.00,4427.19,2.4310,UP,225.15,0.6307,2.0817
20260810 195822 823,4448.20,2,4448.10,4448.30,0.20,4448.10,1,4448.00,3,4447.90,5,4447.80,9,4447.70,10,4447.60,10,4447.50,6,4447.40,17,4447.30,15,4447.20,15,4448.30,5,4448.40,9,4448.50,12,4448.60,9,4448.70,19,4448.80,22,4448.90,17,4449.00,19,4449.10,16,4449.20,17,Buy,48,39,87,9.00,17.00,-5.00,1.70,94.1,4446.60,4448.30,4446.60,4448.20,54,88,142,-34.00,-2.00,-46.00,1.20,25.0,9,132,0.3529,0.8889,-161.00,-414.00,4427.21,2.4373,UP,225.15,0.6307,2.0817
20260810 195823 089,4448.30,1,4448.20,4448.40,0.20,4448.20,1,4448.10,5,4448.00,8,4447.90,6,4447.80,9,4447.70,10,4447.60,10,4447.50,15,4447.40,17,4447.30,15,4448.40,5,4448.50,13,4448.60,8,4448.70,8,4448.80,22,4448.90,17,4449.00,19,4449.10,16,4449.20,17,4449.30,17,Buy,49,39,88,10.00,17.00,-5.00,1.70,100.0,4446.60,4448.30,4446.60,4448.30,54,88,142,-34.00,-2.00,-46.00,1.20,25.0,9,132,0.3529,0.7000,-160.00,-413.00,4427.22,2.4405,UP,225.15,0.6307,2.0817
20260810 195823 118,4448.30,1,4448.20,4448.40,0.20,4448.20,1,4448.10,5,4448.00,8,4447.90,6,4447.80,9,4447.70,10,4447.60,10,4447.50,15,4447.40,17,4447.30,15,4448.40,5,4448.50,13,4448.60,8,4448.70,8,4448.80,22,4448.90,17,4449.00,19,4449.10,16,4449.20,17,4449.30,17,Buy,50,39,89,11.00,17.00,-5.00,1.70,100.0,4446.60,4448.30,4446.60,4448.30,54,88,142,-34.00,-2.00,-46.00,1.20,25.0,9,132,0.3529,0.5455,-159.00,-412.00,4427.22,2.4405,UP,225.15,0.6307,2.0817
20260810 195823 382,4448.40,1,4448.20,4448.40,0.20,4448.20,1,4448.10,4,4448.00,8,4447.90,6,4447.80,9,4447.70,10,4447.60,10,4447.50,15,4447.40,17,4447.30,15,4448.40,4,4448.50,14,4448.60,8,4448.70,8,4448.80,22,4448.90,17,4449.00,19,4449.10,16,4449.20,17,4449.30,17,Buy,51,39,90,12.00,17.00,-5.00,1.80,100.0,4446.60,4448.40,4446.60,4448.40,54,88,142,-34.00,-2.00,-46.00,1.20,25.0,9,132,0.3529,0.4167,-158.00,-411.00,4427.23,2.4437,UP,225.15,0.6307,2.0888
20260810 195823 455,4448.40,1,4448.30,4448.60,0.30,4448.30,5,4448.20,7,4448.10,6,4448.00,10,4447.90,6,4447.80,19,4447.70,20,4447.60,20,4447.50,15,4447.40,17,4448.60,4,4448.70,8,4448.80,13,4448.90,6,4449.00,11,4449.10,16,4449.20,21,4449.30,17,4449.40,17,4449.50,16,Buy,52,39,91,13.00,17.00,-5.00,1.80,100.0,4446.60,4448.40,4446.60,4448.40,54,88,142,-34.00,-2.00,-46.00,1.20,25.0,9,132,0.3529,0.3077,-157.00,-410.00,4427.23,2.4437,UP,225.15,0.6307,2.0888
20260810 195823 458,4448.50,4,4448.30,4448.60,0.30,4448.30,5,4448.20,7,4448.10,6,4448.00,10,4447.90,6,4447.80,19,4447.70,20,4447.60,20,4447.50,15,4447.40,17,4448.60,4,4448.70,8,4448.80,13,4448.90,6,4449.00,11,4449.10,16,4449.20,21,4449.30,17,4449.40,17,4449.50,16,Buy,56,39,95,17.00,17.00,-5.00,1.90,100.0,4446.60,4448.50,4446.60,4448.50,54,88,142,-34.00,-2.00,-46.00,1.20,25.0,9,132,0.3529,0.0000,-153.00,-406.00,4427.24,2.4468,UP,225.15,0.6307,2.0960
20260810 195823 458,4448.50,1,4448.30,4448.60,0.30,4448.30,5,4448.20,7,4448.10,6,4448.00,10,4447.90,6,4447.80,19,4447.70,20,4447.60,20,4447.50,15,4447.40,17,4448.60,4,4448.70,8,4448.80,13,4448.90,6,4449.00,11,4449.10,16,4449.20,21,4449.30,17,4449.40,17,4449.50,16,Buy,57,39,96,18.00,18.00,-5.00,1.90,100.0,4446.60,4448.50,4446.60,4448.50,54,88,142,-34.00,-2.00,-46.00,1.20,25.0,9,132,0.3529,0.0000,-152.00,-405.00,4427.24,2.4468,UP,225.15,0.6307,2.0960
20260810 195823 566,4448.60,1,4448.30,4448.60,0.30,4448.30,5,4448.20,7,4448.10,6,4448.00,10,4447.90,6,4447.80,19,4447.70,20,4447.60,20,4447.50,15,4447.40,17,4448.60,4,4448.70,8,4448.80,13,4448.90,6,4449.00,11,4449.10,17,4449.20,21,4449.30,17,4449.40,16,4449.50,16,Buy,58,39,97,19.00,19.00,-5.00,2.00,100.0,4446.60,4448.60,4446.60,4448.60,54,88,142,-34.00,-2.00,-46.00,1.20,25.0,9,132,0.3529,0.0000,-151.00,-404.00,4427.25,2.4500,UP,225.15,0.6307,2.1031
20260810 195823 839,4448.60,1,4448.40,4448.60,0.20,4448.40,1,4448.30,3,4448.20,7,4448.10,6,4448.00,10,4447.90,6,4447.80,19,4447.70,20,4447.60,21,4447.50,15,4448.60,4,4448.70,8,4448.80,13,4448.90,6,4449.00,12,4449.10,16,4449.20,21,4449.30,17,4449.40,16,4449.50,16,Buy,59,39,98,20.00,20.00,-5.00,2.00,100.0,4446.60,4448.60,4446.60,4448.60,54,88,142,-34.00,-2.00,-46.00,1.20,25.0,9,132,0.3529,0.0000,-150.00,-403.00,4427.25,2.4500,UP,225.15,0.6307,2.1031
20260810 195823 839,4448.60,1,4448.40,4448.60,0.20,4448.40,1,4448.30,3,4448.20,7,4448.10,6,4448.00,10,4447.90,6,4447.80,19,4447.70,20,4447.60,21,4447.50,15,4448.60,4,4448.70,8,4448.80,13,4448.90,6,4449.00,12,4449.10,16,4449.20,21,4449.30,17,4449.40,16,4449.50,16,Buy,60,39,99,21.00,21.00,-5.00,2.00,100.0,4446.60,4448.60,4446.60,4448.60,54,88,142,-34.00,-2.00,-46.00,1.20,25.0,9,132,0.3529,0.0000,-149.00,-402.00,4427.25,2.4500,UP,225.15,0.6307,2.1031
20260810 195824 089,4448.40,1,4448.40,4448.60,0.20,4448.20,3,4448.10,6,4448.00,10,4447.90,6,4447.80,19,4447.70,20,4447.60,21,4447.50,15,4447.40,17,4447.30,15,4448.40,1,4448.50,4,4448.60,8,4448.70,8,4448.80,13,4448.90,6,4449.00,11,4449.10,16,4449.20,21,4449.30,17,Sell,60,40,100,20.00,21.00,-5.00,2.00,90.0,4446.60,4448.60,4446.60,4448.40,54,88,142,-34.00,-2.00,-46.00,1.20,25.0,9,132,0.3529,0.0500,-150.00,-403.00,4427.23,2.4437,UP,225.15,0.6307,2.1031
20260810 195824 270,4448.40,1,4448.20,4448.40,0.20,4448.20,3,4448.10,6,4448.00,10,4447.90,6,4447.80,19,4447.70,20,4447.60,21,4447.50,15,4447.40,17,4447.30,15,4448.40,2,4448.50,4,4448.60,9,4448.70,8,4448.80,13,4448.90,6,4449.00,11,4449.10,16,4449.20,21,4449.30,17,Buy,61,40,101,21.00,21.00,-5.00,2.00,90.0,4446.60,4448.60,4446.60,4448.40,54,88,142,-34.00,-2.00,-46.00,1.20,25.0,9,132,0.3529,0.0000,-149.00,-402.00,4427.23,2.4437,UP,225.15,0.6307,2.1031
20260810 195824 745,4448.40,1,4448.30,4448.40,0.10,4448.30,4,4448.20,7,4448.10,6,4448.00,10,4447.90,6,4447.80,19,4447.70,20,4447.60,21,4447.50,15,4447.40,17,4448.50,3,4448.60,8,4448.70,8,4448.80,13,4448.90,6,4449.00,11,4449.10,16,4449.20,21,4449.30,17,4449.40,16,Buy,62,40,102,22.00,22.00,-5.00,2.00,90.0,4446.60,4448.60,4446.60,4448.40,54,88,142,-34.00,-2.00,-46.00,1.20,25.0,9,132,0.3529,0.0000,-148.00,-401.00,4427.23,2.4437,UP,225.15,0.6307,2.1031
20260810 195826 895,4448.20,1,4448.20,4448.40,0.20,4448.10,4,4448.00,10,4447.90,6,4447.80,19,4447.70,20,4447.60,21,4447.50,15,4447.40,17,4447.30,15,4447.20,15,4448.30,2,4448.40,4,4448.50,6,4448.60,8,4448.70,8,4448.80,13,4448.90,6,4449.00,11,4449.10,16,4449.20,21,Sell,62,41,103,21.00,22.00,-5.00,2.00,80.0,4446.60,4448.60,4446.60,4448.20,54,88,142,-34.00,-2.00,-46.00,1.20,25.0,9,132,0.3529,0.0476,-149.00,-402.00,4427.21,2.4373,UP,225.15,0.6307,2.1031
20260810 195826 895,4448.20,1,4448.20,4448.40,0.20,4448.10,4,4448.00,10,4447.90,6,4447.80,19,4447.70,20,4447.60,21,4447.50,15,4447.40,17,4447.30,15,4447.20,15,4448.30,2,4448.40,4,4448.50,6,4448.60,8,4448.70,8,4448.80,13,4448.90,6,4449.00,11,4449.10,16,4449.20,21,Sell,62,42,104,20.00,22.00,-5.00,2.00,80.0,4446.60,4448.60,4446.60,4448.20,54,88,142,-34.00,-2.00,-46.00,1.20,25.0,9,132,0.3529,0.1000,-150.00,-403.00,4427.21,2.4373,UP,225.15,0.6307,2.1031
20260810 195827 167,4448.10,1,4447.90,4448.10,0.20,4447.90,1,4447.80,7,4447.70,10,4447.60,20,4447.50,15,4447.40,17,4447.30,15,4447.20,15,4447.10,16,4447.00,18,4448.10,4,4448.20,5,4448.30,8,4448.40,7,4448.50,6,4448.60,8,4448.70,7,4448.80,23,4448.90,16,4449.00,21,Sell,62,43,105,19.00,22.00,-5.00,2.00,75.0,4446.60,4448.60,4446.60,4448.10,54,88,142,-34.00,-2.00,-46.00,1.20,25.0,9,132,0.3529,0.1579,-151.00,-404.00,4427.20,2.4341,UP,225.15,0.6307,2.1031
20260810 195827 251,4448.00,1,4448.00,4448.10,0.10,4448.00,2,4447.90,5,4447.80,7,4447.70,10,4447.60,20,4447.50,15,4447.40,17,4447.30,15,4447.20,15,4447.10,16,4448.20,2,4448.30,7,4448.40,7,4448.50,6,4448.60,8,4448.70,7,4448.80,23,4448.90,16,4449.00,21,4449.10,16,Sell,62,44,106,18.00,22.00,-5.00,2.00,70.0,4446.60,4448.60,4446.60,4448.00,54,88,142,-34.00,-2.00,-46.00,1.20,25.0,9,132,0.3529,0.2222,-152.00,-405.00,4427.19,2.4310,UP,225.15,0.6307,2.1031
20260810 195827 757,4448.10,1,4448.00,4448.10,0.10,4448.00,2,4447.90,4,4447.80,9,4447.70,10,4447.60,11,4447.50,15,4447.40,17,4447.30,15,4447.20,15,4447.10,16,4448.20,4,4448.30,7,4448.40,7,4448.50,6,4448.60,8,4448.70,17,4448.80,23,4448.90,16,4449.00,21,4449.10,16,Buy,63,44,107,19.00,22.00,-5.00,2.00,75.0,4446.60,4448.60,4446.60,4448.10,54,88,142,-34.00,-2.00,-46.00,1.20,25.0,9,132,0.3529,0.1579,-151.00,-404.00,4427.20,2.4341,UP,225.15,0.6307,2.1031
20260810 195828 093,4448.20,1,4448.00,4448.30,0.30,4448.00,3,4447.90,5,4447.80,9,4447.70,10,4447.60,11,4447.50,15,4447.40,17,4447.30,15,4447.20,15,4447.10,16,4448.30,4,4448.40,7,4448.50,6,4448.60,8,4448.70,17,4448.80,23,4448.90,16,4449.00,21,4449.10,16,4449.20,21,Buy,64,44,108,20.00,22.00,-5.00,2.00,80.0,4446.60,4448.60,4446.60,4448.20,54,88,142,-34.00,-2.00,-46.00,1.20,25.0,9,132,0.3529,0.1000,-150.00,-403.00,4427.21,2.4373,UP,225.15,0.6307,2.1031
20260810 195828 093,4448.20,2,4448.00,4448.30,0.30,4448.00,3,4447.90,5,4447.80,9,4447.70,10,4447.60,11,4447.50,15,4447.40,17,4447.30,15,4447.20,15,4447.10,16,4448.30,4,4448.40,7,4448.50,6,4448.60,8,4448.70,17,4448.80,23,4448.90,16,4449.00,21,4449.10,16,4449.20,21,Buy,66,44,110,22.00,22.00,-5.00,2.00,80.0,4446.60,4448.60,4446.60,4448.20,54,88,142,-34.00,-2.00,-46.00,1.20,25.0,9,132,0.3529,0.0000,-148.00,-401.00,4427.21,2.4373,UP,225.15,0.6307,2.1031
20260810 195829 859,4448.30,1,4448.00,4448.30,0.30,4448.00,4,4447.90,5,4447.80,9,4447.70,10,4447.60,11,4447.50,15,4447.40,17,4447.30,15,4447.20,15,4447.10,16,4448.30,3,4448.40,7,4448.50,6,4448.60,8,4448.70,17,4448.80,23,4448.90,16,4449.00,21,4449.10,16,4449.20,21,Buy,67,44,111,23.00,23.00,-5.00,2.00,85.0,4446.60,4448.60,4446.60,4448.30,54,88,142,-34.00,-2.00,-46.00,1.20,25.0,9,132,0.3529,0.0000,-147.00,-400.00,4427.22,2.4405,UP,225.15,0.6307,2.1031
20260810 195831 124,4448.20,1,4448.00,4448.20,0.20,4448.00,2,4447.90,6,4447.80,9,4447.70,10,4447.60,21,4447.50,15,4447.40,17,4447.30,15,4447.20,15,4447.10,16,4448.20,1,4448.30,5,4448.40,7,4448.50,6,4448.60,8,4448.70,7,4448.80,13,4448.90,16,4449.00,21,4449.10,16,Buy,68,44,112,24.00,24.00,-5.00,2.00,80.0,4446.60,4448.60,4446.60,4448.20,54,88,142,-34.00,-2.00,-46.00,1.20,25.0,9,132,0.3529,0.0000,-146.00,-399.00,4427.21,2.4373,UP,225.15,0.6307,2.1031
20260810 195831 759,4448.00,1,4447.90,4448.20,0.30,4447.90,3,4447.80,9,4447.70,10,4447.60,21,4447.50,15,4447.40,17,4447.30,15,4447.20,15,4447.10,16,4447.00,18,4448.20,3,4448.30,6,4448.40,9,4448.50,6,4448.60,8,4448.70,8,4448.80,13,4448.90,16,4449.00,21,4449.10,16,Sell,68,45,113,23.00,24.00,-5.00,2.00,70.0,4446.60,4448.60,4446.60,4448.00,54,88,142,-34.00,-2.00,-46.00,1.20,25.0,9,132,0.3529,0.0435,-147.00,-400.00,4427.19,2.4310,UP,225.15,0.6307,2.1031
20260810 195833 668,4448.20,2,4448.00,4448.20,0.20,4448.00,3,4447.90,11,4447.80,9,4447.70,10,4447.60,11,4447.50,15,4447.40,17,4447.30,15,4447.20,15,4447.10,16,4448.20,4,4448.30,6,4448.40,9,4448.50,7,4448.60,9,4448.70,9,4448.80,13,4448.90,16,4449.00,21,4449.10,16,Buy,70,45,115,25.00,25.00,-5.00,2.00,80.0,4446.60,4448.60,4446.60,4448.20,54,88,142,-34.00,-2.00,-46.00,1.20,25.0,9,132,0.3529,0.0000,-145.00,-398.00,4427.21,2.4373,UP,225.15,0.6307,2.1031
20260810 195833 668,4448.20,1,4448.00,4448.20,0.20,4448.00,3,4447.90,11,4447.80,9,4447.70,10,4447.60,11,4447.50,15,4447.40,17,4447.30,15,4447.20,15,4447.10,16,4448.20,4,4448.30,6,4448.40,9,4448.50,7,4448.60,9,4448.70,9,4448.80,13,4448.90,16,4449.00,21,4449.10,16,Buy,71,45,116,26.00,26.00,-5.00,2.00,80.0,4446.60,4448.60,4446.60,4448.20,54,88,142,-34.00,-2.00,-46.00,1.20,25.0,9,132,0.3529,0.0000,-144.00,-397.00,4427.21,2.4373,UP,225.15,0.6307,2.1031
20260810 195833 668,4448.20,1,4448.00,4448.20,0.20,4448.00,3,4447.90,11,4447.80,9,4447.70,10,4447.60,11,4447.50,15,4447.40,17,4447.30,15,4447.20,15,4447.10,16,4448.20,4,4448.30,6,4448.40,9,4448.50,7,4448.60,9,4448.70,9,4448.80,13,4448.90,16,4449.00,21,4449.10,16,Buy,72,45,117,27.00,27.00,-5.00,2.00,80.0,4446.60,4448.60,4446.60,4448.20,54,88,142,-34.00,-2.00,-46.00,1.20,25.0,9,132,0.3529,0.0000,-143.00,-396.00,4427.21,2.4373,UP,225.15,0.6307,2.1031
20260810 195833 794,4448.20,1,4448.00,4448.20,0.20,4448.00,2,4447.90,11,4447.80,9,4447.70,10,4447.60,11,4447.50,15,4447.40,17,4447.30,15,4447.20,15,4447.10,16,4448.20,4,4448.30,6,4448.40,10,4448.50,7,4448.60,9,4448.70,9,4448.80,13,4448.90,16,4449.00,21,4449.10,16,Buy,73,45,118,28.00,28.00,-5.00,2.00,80.0,4446.60,4448.60,4446.60,4448.20,54,88,142,-34.00,-2.00,-46.00,1.20,25.0,9,132,0.3529,0.0000,-142.00,-395.00,4427.21,2.4373,UP,225.15,0.6307,2.1031
20260810 195838 097,4448.10,1,4448.00,4448.20,0.20,4448.00,2,4447.90,3,4447.80,15,4447.70,10,4447.60,11,4447.50,5,4447.40,16,4447.30,15,4447.20,15,4447.10,16,4448.20,4,4448.30,6,4448.40,8,4448.50,7,4448.60,9,4448.70,9,4448.80,23,4448.90,16,4449.00,21,4449.10,16,Buy,74,45,119,29.00,29.00,-5.00,2.00,75.0,4446.60,4448.60,4446.60,4448.10,54,88,142,-34.00,-2.00,-46.00,1.20,25.0,9,132,0.3529,0.0000,-141.00,-394.00,4427.20,2.4341,UP,225.15,0.6307,2.1031
20260810 195838 097,4448.10,1,4448.00,4448.20,0.20,4448.00,2,4447.90,3,4447.80,15,4447.70,10,4447.60,11,4447.50,5,4447.40,16,4447.30,15,4447.20,15,4447.10,16,4448.20,4,4448.30,6,4448.40,8,4448.50,7,4448.60,9,4448.70,9,4448.80,23,4448.90,16,4449.00,21,4449.10,16,Buy,75,45,120,30.00,30.00,-5.00,2.00,75.0,4446.60,4448.60,4446.60,4448.10,54,88,142,-34.00,-2.00,-46.00,1.20,25.0,9,132,0.3529,0.0000,-140.00,-393.00,4427.20,2.4341,UP,225.15,0.6307,2.1031
20260810 195838 111,4448.00,1,4448.00,4448.20,0.20,4448.00,2,4447.90,3,4447.80,15,4447.70,10,4447.60,11,4447.50,5,4447.40,16,4447.30,15,4447.20,15,4447.10,16,4448.20,4,4448.30,6,4448.40,8,4448.50,7,4448.60,9,4448.70,9,4448.80,23,4448.90,16,4449.00,21,4449.10,16,Sell,75,46,121,29.00,30.00,-5.00,2.00,70.0,4446.60,4448.60,4446.60,4448.00,54,88,142,-34.00,-2.00,-46.00,1.20,25.0,9,132,0.3529,0.0345,-141.00,-394.00,4427.19,2.4310,UP,225.15,0.6307,2.1031
20260810 195838 490,4448.00,1,4447.60,4447.90,0.30,4447.60,2,4447.50,4,4447.40,7,4447.30,5,4447.20,6,4447.10,16,4447.00,16,4446.90,15,4446.80,23,4446.70,15,4447.90,7,4448.00,14,4448.10,6,4448.20,11,4448.30,6,4448.40,18,4448.50,18,4448.60,19,4448.70,19,4448.80,23,Sell,75,47,122,28.00,30.00,-5.00,2.00,70.0,4446.60,4448.60,4446.60,4448.00,54,88,142,-34.00,-2.00,-46.00,1.20,25.0,9,132,0.3529,0.0714,-142.00,-395.00,4427.19,2.4310,UP,225.15,0.6307,2.1031
20260810 195838 503,4447.90,8,4447.60,4447.90,0.30,4447.60,2,4447.50,4,4447.40,7,4447.30,5,4447.20,6,4447.10,16,4447.00,16,4446.90,15,4446.80,23,4446.70,15,4447.90,7,4448.00,14,4448.10,6,4448.20,11,4448.30,6,4448.40,18,4448.50,18,4448.60,19,4448.70,19,4448.80,23,Sell,75,55,130,20.00,30.00,-5.00,2.00,65.0,4446.60,4448.60,4446.60,4447.90,54,88,142,-34.00,-2.00,-46.00,1.20,25.0,9,132,0.3529,0.5000,-150.00,-403.00,4427.18,2.4278,UP,225.15,0.6307,2.1031
20260810 195838 532,4447.80,1,4447.60,4447.90,0.30,4447.60,2,4447.50,4,4447.40,7,4447.30,5,4447.20,6,4447.10,16,4447.00,16,4446.90,15,4446.80,23,4446.70,15,4447.90,7,4448.00,14,4448.10,6,4448.20,11,4448.30,6,4448.40,18,4448.50,18,4448.60,19,4448.70,19,4448.80,23,Buy,76,55,131,21.00,30.00,-5.00,2.00,60.0,4446.60,4448.60,4446.60,4447.80,54,88,142,-34.00,-2.00,-46.00,1.20,25.0,9,132,0.3529,0.4286,-149.00,-402.00,4427.17,2.4246,UP,225.15,0.6307,2.1031
20260810 195838 532,4447.80,2,4447.60,4447.90,0.30,4447.60,2,4447.50,4,4447.40,7,4447.30,5,4447.20,6,4447.10,16,4447.00,16,4446.90,15,4446.80,23,4446.70,15,4447.90,7,4448.00,14,4448.10,6,4448.20,11,4448.30,6,4448.40,18,4448.50,18,4448.60,19,4448.70,19,4448.80,23,Buy,78,55,133,23.00,30.00,-5.00,2.00,60.0,4446.60,4448.60,4446.60,4447.80,54,88,142,-34.00,-2.00,-46.00,1.20,25.0,9,132,0.3529,0.3043,-147.00,-400.00,4427.17,2.4246,UP,225.15,0.6307,2.1031
20260810 195840 313,4447.60,1,4447.60,4447.80,0.20,4447.60,1,4447.50,4,4447.40,8,4447.30,5,4447.20,6,4447.10,16,4447.00,16,4446.90,15,4446.80,23,4446.70,15,4447.80,4,4447.90,6,4448.00,10,4448.10,6,4448.20,15,4448.30,7,4448.40,18,4448.50,18,4448.60,19,4448.70,19,Sell,78,56,134,22.00,30.00,-5.00,2.00,50.0,4446.60,4448.60,4446.60,4447.60,54,88,142,-34.00,-2.00,-46.00,1.20,25.0,9,132,0.3529,0.3636,-148.00,-401.00,4427.15,2.4183,UP,225.15,0.6307,2.1031
20260810 195840 341,4447.60,1,4447.60,4447.80,0.20,4447.60,1,4447.50,4,4447.40,8,4447.30,5,4447.20,6,4447.10,16,4447.00,16,4446.90,15,4446.80,23,4446.70,15,4447.80,4,4447.90,6,4448.00,10,4448.10,6,4448.20,15,4448.30,7,4448.40,18,4448.50,18,4448.60,19,4448.70,19,Sell,78,57,135,21.00,30.00,-5.00,2.00,50.0,4446.60,4448.60,4446.60,4447.60,54,88,142,-34.00,-2.00,-46.00,1.20,25.0,9,132,0.3529,0.4286,-149.00,-402.00,4427.15,2.4183,UP,225.15,0.6307,2.1031
20260810 195841 167,4447.80,1,4447.60,4447.80,0.20,4447.60,3,4447.50,6,4447.40,8,4447.30,5,4447.20,6,4447.10,16,4447.00,16,4446.90,15,4446.80,23,4446.70,15,4447.80,1,4447.90,4,4448.00,9,4448.10,6,4448.20,15,4448.30,7,4448.40,18,4448.50,18,4448.60,19,4448.70,19,Buy,79,57,136,22.00,30.00,-5.00,2.00,60.0,4446.60,4448.60,4446.60,4447.80,54,88,142,-34.00,-2.00,-46.00,1.20,25.0,9,132,0.3529,0.3636,-148.00,-401.00,4427.17,2.4246,UP,225.15,0.6307,2.1031
20260810 195842 729,4447.60,1,4447.40,4447.70,0.30,4447.50,4,4447.40,8,4447.30,5,4447.20,6,4447.10,16,4447.00,16,4446.90,15,4446.80,23,4446.70,15,4446.60,17,4447.70,1,4447.80,5,4447.90,6,4448.00,11,4448.10,6,4448.20,15,4448.30,7,4448.40,18,4448.50,18,4448.60,19,Sell,79,58,137,21.00,30.00,-5.00,2.00,50.0,4446.60,4448.60,4446.60,4447.60,54,88,142,-34.00,-2.00,-46.00,1.20,25.0,9,132,0.3529,0.4286,-149.00,-402.00,4427.15,2.4183,UP,225.15,0.6307,2.1031
20260810 195842 731,4447.70,1,4447.40,4447.70,0.30,4447.50,4,4447.40,8,4447.30,5,4447.20,6,4447.10,16,4447.00,16,4446.90,15,4446.80,23,4446.70,15,4446.60,17,4447.70,1,4447.80,5,4447.90,6,4448.00,11,4448.10,6,4448.20,15,4448.30,7,4448.40,18,4448.50,18,4448.60,19,Buy,80,58,138,22.00,30.00,-5.00,2.00,55.0,4446.60,4448.60,4446.60,4447.70,54,88,142,-34.00,-2.00,-46.00,1.20,25.0,9,132,0.3529,0.3636,-148.00,-401.00,4427.16,2.4214,UP,225.15,0.6307,2.1031
20260810 195842 731,4447.70,1,4447.40,4447.70,0.30,4447.50,4,4447.40,8,4447.30,5,4447.20,6,4447.10,16,4447.00,16,4446.90,15,4446.80,23,4446.70,15,4446.60,17,4447.70,1,4447.80,5,4447.90,6,4448.00,11,4448.10,6,4448.20,15,4448.30,7,4448.40,18,4448.50,18,4448.60,19,Buy,81,58,139,23.00,30.00,-5.00,2.00,55.0,4446.60,4448.60,4446.60,4447.70,54,88,142,-34.00,-2.00,-46.00,1.20,25.0,9,132,0.3529,0.3043,-147.00,-400.00,4427.16,2.4214,UP,225.15,0.6307,2.1031
20260810 195843 229,4447.50,1,4447.50,4447.80,0.30,4447.50,2,4447.40,6,4447.30,6,4447.20,6,4447.10,7,4447.00,15,4446.90,15,4446.80,23,4446.70,15,4446.60,18,4447.80,6,4447.90,7,4448.00,10,4448.10,9,4448.20,12,4448.30,7,4448.40,18,4448.50,18,4448.60,19,4448.70,19,Sell,81,59,140,22.00,30.00,-5.00,2.00,45.0,4446.60,4448.60,4446.60,4447.50,54,88,142,-34.00,-2.00,-46.00,1.20,25.0,9,132,0.3529,0.3636,-148.00,-401.00,4427.14,2.4151,UP,225.15,0.6307,2.1031
20260810 195844 091,4447.80,1,4447.60,4447.80,0.20,4447.60,1,4447.50,7,4447.40,6,4447.30,6,4447.20,6,4447.10,6,4447.00,15,4446.90,15,4446.80,23,4446.70,15,4447.80,2,4447.90,4,4448.00,13,4448.10,9,4448.20,12,4448.30,16,4448.40,18,4448.50,18,4448.60,20,4448.70,19,Buy,82,59,141,23.00,30.00,-5.00,2.00,60.0,4446.60,4448.60,4446.60,4447.80,54,88,142,-34.00,-2.00,-46.00,1.20,25.0,9,132,0.3529,0.3043,-147.00,-400.00,4427.17,2.4246,UP,225.15,0.6307,2.1031
20260810 195844 091,4447.80,1,4447.60,4447.80,0.20,4447.60,1,4447.50,7,4447.40,6,4447.30,6,4447.20,6,4447.10,6,4447.00,15,4446.90,15,4446.80,23,4446.70,15,4447.80,2,4447.90,4,4448.00,13,4448.10,9,4448.20,12,4448.30,16,4448.40,18,4448.50,18,4448.60,20,4448.70,19,Buy,83,59,142,24.00,30.00,-5.00,2.00,60.0,4446.60,4448.60,4446.60,4447.80,54,88,142,-34.00,-2.00,-46.00,1.20,25.0,9,132,0.3529,0.2500,-146.00,-399.00,4427.17,2.4246,UP,225.15,0.6307,2.1031
20260810 195844 964,4447.50,1,4447.50,4447.80,0.30,4447.50,3,4447.40,6,4447.30,6,4447.20,6,4447.10,7,4447.00,15,4446.90,15,4446.80,23,4446.70,15,4446.60,18,4447.80,4,4447.90,7,4448.00,18,4448.10,6,4448.20,12,4448.30,16,4448.40,18,4448.50,18,4448.60,18,4448.70,19,Sell,83,60,143,23.00,30.00,-5.00,2.00,45.0,4446.60,4448.60,4446.60,4447.50,54,88,142,-34.00,-2.00,-46.00,1.20,25.0,9,132,0.3529,0.3043,-147.00,-400.00,4427.14,2.4151,UP,225.15,0.6307,2.1031
20260810 195845 383,4447.60,1,4447.60,4447.80,0.20,4447.50,3,4447.40,6,4447.30,6,4447.20,6,4447.10,7,4447.00,15,4446.90,15,4446.80,23,4446.70,15,4446.60,18,4447.80,5,4447.90,7,4448.00,18,4448.10,6,4448.20,12,4448.30,16,4448.40,18,4448.50,18,4448.60,18,4448.70,19,Sell,83,61,144,22.00,30.00,-5.00,2.00,50.0,4446.60,4448.60,4446.60,4447.60,54,88,142,-34.00,-2.00,-46.00,1.20,25.0,9,132,0.3529,0.3636,-148.00,-401.00,4427.15,2.4183,UP,225.15,0.6307,2.1031
20260810 195846 118,4447.50,1,4447.50,4447.70,0.20,4447.50,1,4447.40,5,4447.30,4,4447.20,7,4447.10,7,4447.00,6,4446.90,7,4446.80,23,4446.70,15,4446.60,16,4447.70,4,4447.80,7,4447.90,10,4448.00,15,4448.10,16,4448.20,23,4448.30,16,4448.40,18,4448.50,18,4448.60,18,Buy,84,61,145,23.00,30.00,-5.00,2.00,45.0,4446.60,4448.60,4446.60,4447.50,54,88,142,-34.00,-2.00,-46.00,1.20,25.0,9,132,0.3529,0.3043,-147.00,-400.00,4427.14,2.4151,UP,225.15,0.6307,2.1031
20260810 195846 236,4447.60,1,4447.60,4447.80,0.20,4447.60,4,4447.50,7,4447.40,6,4447.30,5,4447.20,7,4447.10,7,4447.00,15,4446.90,16,4446.80,23,4446.70,15,4447.80,1,4447.90,7,4448.00,15,4448.10,6,4448.20,12,4448.30,16,4448.40,18,4448.50,18,4448.60,18,4448.70,19,Sell,84,62,146,22.00,30.00,-5.00,2.00,50.0,4446.60,4448.60,4446.60,4447.60,54,88,142,-34.00,-2.00,-46.00,1.20,25.0,9,132,0.3529,0.3636,-148.00,-401.00,4427.15,2.4183,UP,225.15,0.6307,2.1031
20260810 195846 943,4447.70,1,4447.70,4448.00,0.30,4447.70,3,4447.60,7,4447.50,7,4447.40,8,4447.30,5,4447.20,7,4447.10,16,4447.00,16,4446.90,16,4446.80,23,4448.00,10,4448.10,6,4448.20,12,4448.30,6,4448.40,18,4448.50,18,4448.60,18,4448.70,19,4448.80,23,4448.90,16,Sell,84,63,147,21.00,30.00,-5.00,2.00,55.0,4446.60,4448.60,4446.60,4447.70,54,88,142,-34.00,-2.00,-46.00,1.20,25.0,9,132,0.3529,0.4286,-149.00,-402.00,4427.16,2.4214,UP,225.15,0.6307,2.1031
20260810 195846 943,4447.70,1,4447.70,4448.00,0.30,4447.70,3,4447.60,7,4447.50,7,4447.40,8,4447.30,5,4447.20,7,4447.10,16,4447.00,16,4446.90,16,4446.80,23,4448.00,10,4448.10,6,4448.20,12,4448.30,6,4448.40,18,4448.50,18,4448.60,18,4448.70,19,4448.80,23,4448.90,16,Sell,84,64,148,20.00,30.00,-5.00,2.00,55.0,4446.60,4448.60,4446.60,4447.70,54,88,142,-34.00,-2.00,-46.00,1.20,25.0,9,132,0.3529,0.5000,-150.00,-403.00,4427.16,2.4214,UP,225.15,0.6307,2.1031
20260810 195846 944,4447.80,3,4447.70,4448.00,0.30,4447.70,3,4447.60,7,4447.50,7,4447.40,8,4447.30,5,4447.20,7,4447.10,16,4447.00,16,4446.90,16,4446.80,23,4448.00,10,4448.10,6,4448.20,12,4448.30,6,4448.40,18,4448.50,18,4448.60,18,4448.70,19,4448.80,23,4448.90,16,Buy,87,64,151,23.00,30.00,-5.00,2.00,60.0,4446.60,4448.60,4446.60,4447.80,54,88,142,-34.00,-2.00,-46.00,1.20,25.0,9,132,0.3529,0.3043,-147.00,-400.00,4427.17,2.4246,UP,225.15,0.6307,2.1031
20260810 195846 951,4447.90,1,4447.70,4448.00,0.30,4447.70,3,4447.60,7,4447.50,7,4447.40,8,4447.30,5,4447.20,7,4447.10,16,4447.00,16,4446.90,16,4446.80,23,4448.00,10,4448.10,6,4448.20,12,4448.30,6,4448.40,18,4448.50,18,4448.60,18,4448.70,19,4448.80,23,4448.90,16,Buy,88,64,152,24.00,30.00,-5.00,2.00,65.0,4446.60,4448.60,4446.60,4447.90,54,88,142,-34.00,-2.00,-46.00,1.20,25.0,9,132,0.3529,0.2500,-146.00,-399.00,4427.18,2.4278,UP,225.15,0.6307,2.1031
20260810 195846 951,4447.90,1,4447.70,4448.00,0.30,4447.70,3,4447.60,7,4447.50,7,4447.40,8,4447.30,5,4447.20,7,4447.10,16,4447.00,16,4446.90,16,4446.80,23,4448.00,10,4448.10,6,4448.20,12,4448.30,6,4448.40,18,4448.50,18,4448.60,18,4448.70,19,4448.80,23,4448.90,16,Buy,89,64,153,25.00,30.00,-5.00,2.00,65.0,4446.60,4448.60,4446.60,4447.90,54,88,142,-34.00,-2.00,-46.00,1.20,25.0,9,132,0.3529,0.2000,-145.00,-398.00,4427.18,2.4278,UP,225.15,0.6307,2.1031
20260810 195849 533,4447.60,1,4447.20,4447.50,0.30,4447.20,4,4447.10,7,4447.00,7,4446.90,6,4446.80,23,4446.70,15,4446.60,16,4446.50,17,4446.40,20,4446.30,16,4447.50,5,4447.60,7,4447.70,8,4447.80,9,4447.90,6,4448.00,26,4448.10,16,4448.20,22,4448.30,16,4448.40,18,Sell,89,65,154,24.00,30.00,-5.00,2.00,50.0,4446.60,4448.60,4446.60,4447.60,54,88,142,-34.00,-2.00,-46.00,1.20,25.0,9,132,0.3529,0.2500,-146.00,-399.00,4427.15,2.4183,UP,225.15,0.6307,2.1031
20260810 195849 557,4447.30,1,4447.20,4447.50,0.30,4447.20,4,4447.10,7,4447.00,7,4446.90,6,4446.80,23,4446.70,15,4446.60,16,4446.50,17,4446.40,20,4446.30,16,4447.50,5,4447.60,7,4447.70,8,4447.80,9,4447.90,6,4448.00,26,4448.10,16,4448.20,22,4448.30,16,4448.40,18,Sell,89,66,155,23.00,30.00,-5.00,2.00,35.0,4446.60,4448.60,4446.60,4447.30,54,88,142,-34.00,-2.00,-46.00,1.20,25.0,9,132,0.3529,0.3043,-147.00,-400.00,4427.12,2.4087,UP,225.15,0.6307,2.1031
20260810 195850 563,4447.40,1,4447.30,4447.60,0.30,4447.30,3,4447.20,8,4447.10,8,4447.00,7,4446.90,7,4446.80,23,4446.70,15,4446.60,16,4446.50,17,4446.40,20,4447.60,5,4447.70,6,4447.80,9,4447.90,6,4448.00,15,4448.10,16,4448.20,22,4448.30,18,4448.40,18,4448.50,17,Buy,90,66,156,24.00,30.00,-5.00,2.00,40.0,4446.60,4448.60,4446.60,4447.40,54,88,142,-34.00,-2.00,-46.00,1.20,25.0,9,132,0.3529,0.2500,-146.00,-399.00,4427.13,2.4119,UP,225.15,0.6307,2.1031
20260810 195851 943,4447.40,1,4447.30,4447.70,0.40,4447.30,4,4447.20,8,4447.10,8,4447.00,8,4446.90,7,4446.80,23,4446.70,15,4446.60,16,4446.50,17,4446.40,20,4447.60,2,4447.70,5,4447.80,7,4447.90,6,4448.00,15,4448.10,6,4448.20,22,4448.30,16,4448.40,18,4448.50,17,Sell,90,67,157,23.00,30.00,-5.00,2.00,40.0,4446.60,4448.60,4446.60,4447.40,54,88,142,-34.00,-2.00,-46.00,1.20,25.0,9,132,0.3529,0.3043,-147.00,-400.00,4427.13,2.4119,UP,225.15,0.6307,2.1031
20260810 195851 943,4447.40,1,4447.30,4447.70,0.40,4447.30,4,4447.20,8,4447.10,8,4447.00,8,4446.90,7,4446.80,23,4446.70,15,4446.60,16,4446.50,17,4446.40,20,4447.60,2,4447.70,5,4447.80,7,4447.90,6,4448.00,15,4448.10,6,4448.20,22,4448.30,16,4448.40,18,4448.50,17,Sell,90,68,158,22.00,30.00,-5.00,2.00,40.0,4446.60,4448.60,4446.60,4447.40,54,88,142,-34.00,-2.00,-46.00,1.20,25.0,9,132,0.3529,0.3636,-148.00,-401.00,4427.13,2.4119,UP,225.15,0.6307,2.1031
20260810 195851 943,4447.40,2,4447.30,4447.70,0.40,4447.30,4,4447.20,8,4447.10,8,4447.00,8,4446.90,7,4446.80,23,4446.70,15,4446.60,16,4446.50,17,4446.40,20,4447.60,2,4447.70,5,4447.80,7,4447.90,6,4448.00,15,4448.10,6,4448.20,22,4448.30,16,4448.40,18,4448.50,17,Sell,90,70,160,20.00,30.00,-5.00,2.00,40.0,4446.60,4448.60,4446.60,4447.40,54,88,142,-34.00,-2.00,-46.00,1.20,25.0,9,132,0.3529,0.5000,-150.00,-403.00,4427.13,2.4119,UP,225.15,0.6307,2.1031
20260810 195852 226,4447.70,1,4447.50,4447.70,0.20,4447.50,2,4447.40,5,4447.30,4,4447.20,10,4447.10,8,4447.00,8,4446.90,7,4446.80,23,4446.70,15,4446.60,16,4447.70,3,4447.80,9,4447.90,5,4448.00,15,4448.10,6,4448.20,22,4448.30,16,4448.40,18,4448.50,17,4448.60,18,Buy,91,70,161,21.00,30.00,-5.00,2.00,55.0,4446.60,4448.60,4446.60,4447.70,54,88,142,-34.00,-2.00,-46.00,1.20,25.0,9,132,0.3529,0.4286,-149.00,-402.00,4427.16,2.4214,UP,225.15,0.6307,2.1031
20260810 195852 226,4447.70,1,4447.50,4447.70,0.20,4447.50,2,4447.40,5,4447.30,4,4447.20,10,4447.10,8,4447.00,8,4446.90,7,4446.80,23,4446.70,15,4446.60,16,4447.70,3,4447.80,9,4447.90,5,4448.00,15,4448.10,6,4448.20,22,4448.30,16,4448.40,18,4448.50,17,4448.60,18,Buy,92,70,162,22.00,30.00,-5.00,2.00,55.0,4446.60,4448.60,4446.60,4447.70,54,88,142,-34.00,-2.00,-46.00,1.20,25.0,9,132,0.3529,0.3636,-148.00,-401.00,4427.16,2.4214,UP,225.15,0.6307,2.1031
20260810 195852 226,4447.70,1,4447.50,4447.70,0.20,4447.50,2,4447.40,5,4447.30,4,4447.20,10,4447.10,8,4447.00,8,4446.90,7,4446.80,23,4446.70,15,4446.60,16,4447.70,3,4447.80,9,4447.90,5,4448.00,15,4448.10,6,4448.20,22,4448.30,16,4448.40,18,4448.50,17,4448.60,18,Buy,93,70,163,23.00,30.00,-5.00,2.00,55.0,4446.60,4448.60,4446.60,4447.70,54,88,142,-34.00,-2.00,-46.00,1.20,25.0,9,132,0.3529,0.3043,-147.00,-400.00,4427.16,2.4214,UP,225.15,0.6307,2.1031
20260810 195852 226,4447.70,1,4447.50,4447.70,0.20,4447.50,2,4447.40,5,4447.30,4,4447.20,10,4447.10,8,4447.00,8,4446.90,7,4446.80,23,4446.70,15,4446.60,16,4447.70,3,4447.80,9,4447.90,5,4448.00,15,4448.10,6,4448.20,22,4448.30,16,4448.40,18,4448.50,17,4448.60,18,Buy,94,70,164,24.00,30.00,-5.00,2.00,55.0,4446.60,4448.60,4446.60,4447.70,54,88,142,-34.00,-2.00,-46.00,1.20,25.0,9,132,0.3529,0.2500,-146.00,-399.00,4427.16,2.4214,UP,225.15,0.6307,2.1031
20260810 195852 226,4447.70,1,4447.50,4447.70,0.20,4447.50,2,4447.40,5,4447.30,4,4447.20,10,4447.10,8,4447.00,8,4446.90,7,4446.80,23,4446.70,15,4446.60,16,4447.70,3,4447.80,9,4447.90,5,4448.00,15,4448.10,6,4448.20,22,4448.30,16,4448.40,18,4448.50,17,4448.60,18,Buy,95,70,165,25.00,30.00,-5.00,2.00,55.0,4446.60,4448.60,4446.60,4447.70,54,88,142,-34.00,-2.00,-46.00,1.20,25.0,9,132,0.3529,0.2000,-145.00,-398.00,4427.16,2.4214,UP,225.15,0.6307,2.1031
20260810 195852 226,4447.80,1,4447.50,4447.70,0.20,4447.50,2,4447.40,5,4447.30,4,4447.20,10,4447.10,8,4447.00,8,4446.90,7,4446.80,23,4446.70,15,4446.60,16,4447.70,3,4447.80,9,4447.90,5,4448.00,15,4448.10,6,4448.20,22,4448.30,16,4448.40,18,4448.50,17,4448.60,18,Buy,96,70,166,26.00,30.00,-5.00,2.00,60.0,4446.60,4448.60,4446.60,4447.80,54,88,142,-34.00,-2.00,-46.00,1.20,25.0,9,132,0.3529,0.1538,-144.00,-397.00,4427.17,2.4246,UP,225.15,0.6307,2.1031
20260810 195852 226,4447.80,1,4447.50,4447.70,0.20,4447.50,2,4447.40,5,4447.30,4,4447.20,10,4447.10,8,4447.00,8,4446.90,7,4446.80,23,4446.70,15,4446.60,16,4447.70,3,4447.80,9,4447.90,5,4448.00,15,4448.10,6,4448.20,22,4448.30,16,4448.40,18,4448.50,17,4448.60,18,Buy,97,70,167,27.00,30.00,-5.00,2.00,60.0,4446.60,4448.60,4446.60,4447.80,54,88,142,-34.00,-2.00,-46.00,1.20,25.0,9,132,0.3529,0.1111,-143.00,-396.00,4427.17,2.4246,UP,225.15,0.6307,2.1031
20260810 195852 226,4447.80,1,4447.50,4447.70,0.20,4447.50,2,4447.40,5,4447.30,4,4447.20,10,4447.10,8,4447.00,8,4446.90,7,4446.80,23,4446.70,15,4446.60,16,4447.70,3,4447.80,9,4447.90,5,4448.00,15,4448.10,6,4448.20,22,4448.30,16,4448.40,18,4448.50,17,4448.60,18,Buy,98,70,168,28.00,30.00,-5.00,2.00,60.0,4446.60,4448.60,4446.60,4447.80,54,88,142,-34.00,-2.00,-46.00,1.20,25.0,9,132,0.3529,0.0714,-142.00,-395.00,4427.17,2.4246,UP,225.15,0.6307,2.1031
20260810 195852 226,4447.80,1,4447.50,4447.70,0.20,4447.50,2,4447.40,5,4447.30,4,4447.20,10,4447.10,8,4447.00,8,4446.90,7,4446.80,23,4446.70,15,4446.60,16,4447.70,3,4447.80,9,4447.90,5,4448.00,15,4448.10,6,4448.20,22,4448.30,16,4448.40,18,4448.50,17,4448.60,18,Buy,99,70,169,29.00,30.00,-5.00,2.00,60.0,4446.60,4448.60,4446.60,4447.80,54,88,142,-34.00,-2.00,-46.00,1.20,25.0,9,132,0.3529,0.0345,-141.00,-394.00,4427.17,2.4246,UP,225.15,0.6307,2.1031
20260810 195852 226,4447.80,1,4447.50,4447.70,0.20,4447.50,2,4447.40,5,4447.30,4,4447.20,10,4447.10,8,4447.00,8,4446.90,7,4446.80,23,4446.70,15,4446.60,16,4447.70,3,4447.80,9,4447.90,5,4448.00,15,4448.10,6,4448.20,22,4448.30,16,4448.40,18,4448.50,17,4448.60,18,Buy,100,70,170,30.00,30.00,-5.00,2.00,60.0,4446.60,4448.60,4446.60,4447.80,54,88,142,-34.00,-2.00,-46.00,1.20,25.0,9,132,0.3529,0.0000,-140.00,-393.00,4427.17,2.4246,UP,225.15,0.6307,2.1031
20260810 195852 226,4447.80,2,4447.50,4447.70,0.20,4447.50,2,4447.40,5,4447.30,4,4447.20,10,4447.10,8,4447.00,8,4446.90,7,4446.80,23,4446.70,15,4446.60,16,4447.70,3,4447.80,9,4447.90,5,4448.00,15,4448.10,6,4448.20,22,4448.30,16,4448.40,18,4448.50,17,4448.60,18,Buy,102,70,172,32.00,32.00,-5.00,2.00,60.0,4446.60,4448.60,4446.60,4447.80,54,88,142,-34.00,-2.00,-46.00,1.20,25.0,9,132,0.3529,0.0000,-138.00,-391.00,4427.17,2.4246,UP,225.15,0.6307,2.1031
20260810 195852 226,4447.90,1,4447.50,4447.70,0.20,4447.50,2,4447.40,5,4447.30,4,4447.20,10,4447.10,8,4447.00,8,4446.90,7,4446.80,23,4446.70,15,4446.60,16,4447.70,3,4447.80,9,4447.90,5,4448.00,15,4448.10,6,4448.20,22,4448.30,16,4448.40,18,4448.50,17,4448.60,18,Buy,103,70,173,33.00,33.00,-5.00,2.00,65.0,4446.60,4448.60,4446.60,4447.90,54,88,142,-34.00,-2.00,-46.00,1.20,25.0,9,132,0.3529,0.0000,-137.00,-390.00,4427.18,2.4278,UP,225.15,0.6307,2.1031
20260810 195852 226,4447.90,1,4447.50,4447.70,0.20,4447.50,2,4447.40,5,4447.30,4,4447.20,10,4447.10,8,4447.00,8,4446.90,7,4446.80,23,4446.70,15,4446.60,16,4447.70,3,4447.80,9,4447.90,5,4448.00,15,4448.10,6,4448.20,22,4448.30,16,4448.40,18,4448.50,17,4448.60,18,Buy,104,70,174,34.00,34.00,-5.00,2.00,65.0,4446.60,4448.60,4446.60,4447.90,54,88,142,-34.00,-2.00,-46.00,1.20,25.0,9,132,0.3529,0.0000,-136.00,-389.00,4427.18,2.4278,UP,225.15,0.6307,2.1031
20260810 195854 027,4447.40,1,4447.40,4447.60,0.20,4447.40,1,4447.30,4,4447.20,10,4447.10,8,4447.00,9,4446.90,7,4446.80,23,4446.70,16,4446.60,16,4446.50,17,4447.60,5,4447.70,5,4447.80,9,4447.90,5,4448.00,15,4448.10,6,4448.20,23,4448.30,16,4448.40,18,4448.50,17,Sell,104,71,175,33.00,34.00,-5.00,2.00,40.0,4446.60,4448.60,4446.60,4447.40,54,88,142,-34.00,-2.00,-46.00,1.20,25.0,9,132,0.3529,0.0303,-137.00,-390.00,4427.13,2.4119,UP,225.15,0.6307,2.1031
20260810 195856 086,4447.40,1,4447.40,4447.60,0.20,4447.40,2,4447.30,4,4447.20,10,4447.10,8,4447.00,10,4446.90,7,4446.80,23,4446.70,16,4446.60,16,4446.50,17,4447.60,5,4447.70,5,4447.80,9,4447.90,5,4448.00,15,4448.10,6,4448.20,22,4448.30,16,4448.40,18,4448.50,17,Sell,104,72,176,32.00,34.00,-5.00,2.00,40.0,4446.60,4448.60,4446.60,4447.40,54,88,142,-34.00,-2.00,-46.00,1.20,25.0,9,132,0.3529,0.0625,-138.00,-391.00,4427.13,2.4119,UP,225.15,0.6307,2.1031
20260810 195856 212,4447.40,2,4447.40,4447.50,0.10,4447.30,3,4447.20,9,4447.10,8,4447.00,9,4446.90,7,4446.80,23,4446.70,16,4446.60,16,4446.50,17,4446.40,20,4447.50,6,4447.70,6,4447.80,11,4447.90,5,4448.00,15,4448.10,6,4448.20,22,4448.30,16,4448.40,18,4448.50,17,Sell,104,74,178,30.00,34.00,-5.00,2.00,40.0,4446.60,4448.60,4446.60,4447.40,54,88,142,-34.00,-2.00,-46.00,1.20,25.0,9,132,0.3529,0.1333,-140.00,-393.00,4427.13,2.4119,UP,225.15,0.6307,2.1031
20260810 195856 299,4447.50,1,4447.40,4447.70,0.30,4447.40,3,4447.30,4,4447.20,9,4447.10,8,4447.00,9,4446.90,7,4446.80,23,4446.70,16,4446.60,16,4446.50,17,4447.70,4,4447.80,11,4447.90,5,4448.00,15,4448.10,6,4448.20,22,4448.30,16,4448.40,18,4448.50,17,4448.60,18,Buy,105,74,179,31.00,34.00,-5.00,2.00,45.0,4446.60,4448.60,4446.60,4447.50,54,88,142,-34.00,-2.00,-46.00,1.20,25.0,9,132,0.3529,0.0968,-139.00,-392.00,4427.14,2.4151,UP,225.15,0.6307,2.1031
20260810 195856 299,4447.50,5,4447.40,4447.70,0.30,4447.40,3,4447.30,4,4447.20,9,4447.10,8,4447.00,9,4446.90,7,4446.80,23,4446.70,16,4446.60,16,4446.50,17,4447.70,4,4447.80,11,4447.90,5,4448.00,15,4448.10,6,4448.20,22,4448.30,16,4448.40,18,4448.50,17,4448.60,18,Buy,110,74,184,36.00,36.00,-5.00,2.00,45.0,4446.60,4448.60,4446.60,4447.50,54,88,142,-34.00,-2.00,-46.00,1.20,25.0,9,132,0.3529,0.0000,-134.00,-387.00,4427.14,2.4151,UP,225.15,0.6307,2.1031
20260810 195856 943,4447.50,1,4447.40,4447.70,0.30,4447.40,4,4447.30,4,4447.20,9,4447.10,8,4447.00,9,4446.90,7,4446.80,23,4446.70,16,4446.60,16,4446.50,17,4447.70,4,4447.80,6,4447.90,5,4448.00,15,4448.10,6,4448.20,22,4448.30,16,4448.40,18,4448.50,17,4448.60,20,Sell,110,75,185,35.00,36.00,-5.00,2.00,45.0,4446.60,4448.60,4446.60,4447.50,54,88,142,-34.00,-2.00,-46.00,1.20,25.0,9,132,0.3529,0.0286,-135.00,-388.00,4427.14,2.4151,UP,225.15,0.6307,2.1031
20260810 195900 006,4447.40,1,4447.40,4447.50,0.10,4447.40,1,4447.30,5,4447.20,11,4447.10,8,4447.00,17,4446.90,16,4446.80,23,4446.70,16,4446.60,16,4446.50,17,4447.50,1,4447.60,3,4447.70,3,4447.80,8,4447.90,4,4448.00,15,4448.10,6,4448.20,12,4448.30,17,4448.40,18,Sell,0,1,1,-1.00,-1.00,-1.00,0.00,0.0,4447.40,4447.40,4447.40,4447.40,110,75,185,35.00,36.00,-5.00,2.00,45.0,36,168,0.0286,0.0000,-157.00,-337.00,4427.13,2.4119,UP,224.15,0.8253,1.9600
20260810 195900 068,4447.40,1,4447.00,4447.20,0.20,4447.00,11,4446.90,3,4446.80,13,4446.70,5,4446.60,7,4446.50,17,4446.40,20,4446.30,16,4446.20,19,4446.10,17,4447.20,5,4447.30,9,4447.40,9,4447.50,7,4447.60,9,4447.70,4,4447.80,7,4447.90,14,4448.00,25,4448.10,16,Sell,0,2,2,-2.00,-1.00,-2.00,0.00,0.0,4447.40,4447.40,4447.40,4447.40,110,75,185,35.00,36.00,-5.00,2.00,45.0,36,168,0.0286,0.0000,-158.00,-338.00,4427.13,2.4119,UP,224.15,0.8253,1.9600
20260810 195900 072,4447.40,2,4447.00,4447.20,0.20,4447.00,11,4446.90,3,4446.80,13,4446.70,5,4446.60,7,4446.50,17,4446.40,20,4446.30,16,4446.20,19,4446.10,17,4447.20,5,4447.30,9,4447.40,9,4447.50,7,4447.60,9,4447.70,4,4447.80,7,4447.90,14,4448.00,25,4448.10,16,Sell,0,4,4,-4.00,-1.00,-4.00,0.00,0.0,4447.40,4447.40,4447.40,4447.40,110,75,185,35.00,36.00,-5.00,2.00,45.0,36,168,0.0286,0.0000,-160.00,-340.00,4427.13,2.4119,UP,224.15,0.8253,1.9600
20260810 195900 072,4447.40,1,4447.00,4447.20,0.20,4447.00,11,4446.90,3,4446.80,13,4446.70,5,4446.60,7,4446.50,17,4446.40,20,4446.30,16,4446.20,19,4446.10,17,4447.20,5,4447.30,9,4447.40,9,4447.50,7,4447.60,9,4447.70,4,4447.80,7,4447.90,14,4448.00,25,4448.10,16,Sell,0,5,5,-5.00,-1.00,-5.00,0.00,0.0,4447.40,4447.40,4447.40,4447.40,110,75,185,35.00,36.00,-5.00,2.00,45.0,36,168,0.0286,0.0000,-161.00,-341.00,4427.13,2.4119,UP,224.15,0.8253,1.9600
20260810 195900 072,4447.30,1,4447.00,4447.20,0.20,4447.00,11,4446.90,3,4446.80,13,4446.70,5,4446.60,7,4446.50,17,4446.40,20,4446.30,16,4446.20,19,4446.10,17,4447.20,5,4447.30,9,4447.40,9,4447.50,7,4447.60,9,4447.70,4,4447.80,7,4447.90,14,4448.00,25,4448.10,16,Sell,0,6,6,-6.00,-1.00,-6.00,0.10,100.0,4447.40,4447.40,4447.30,4447.30,110,75,185,35.00,36.00,-5.00,2.00,45.0,36,168,0.0286,0.0000,-162.00,-342.00,4427.12,2.4087,UP,224.15,0.8253,1.9672
20260810 195900 072,4447.30,1,4447.00,4447.20,0.20,4447.00,11,4446.90,3,4446.80,13,4446.70,5,4446.60,7,4446.50,17,4446.40,20,4446.30,16,4446.20,19,4446.10,17,4447.20,5,4447.30,9,4447.40,9,4447.50,7,4447.60,9,4447.70,4,4447.80,7,4447.90,14,4448.00,25,4448.10,16,Sell,0,7,7,-7.00,-1.00,-7.00,0.10,100.0,4447.40,4447.40,4447.30,4447.30,110,75,185,35.00,36.00,-5.00,2.00,45.0,36,168,0.0286,0.0000,-163.00,-343.00,4427.12,2.4087,UP,224.15,0.8253,1.9672
20260810 195900 086,4447.10,1,4447.00,4447.20,0.20,4447.00,11,4446.90,3,4446.80,13,4446.70,5,4446.60,7,4446.50,17,4446.40,20,4446.30,16,4446.20,19,4446.10,17,4447.20,5,4447.30,9,4447.40,9,4447.50,7,4447.60,9,4447.70,4,4447.80,7,4447.90,14,4448.00,25,4448.10,16,Sell,0,8,8,-8.00,-1.00,-8.00,0.30,100.0,4447.40,4447.40,4447.10,4447.10,110,75,185,35.00,36.00,-5.00,2.00,45.0,36,168,0.0286,0.0000,-164.00,-344.00,4427.11,2.4024,UP,224.15,0.8253,1.9815
20260810 195900 086,4447.10,1,4447.00,4447.20,0.20,4447.00,11,4446.90,3,4446.80,13,4446.70,5,4446.60,7,4446.50,17,4446.40,20,4446.30,16,4446.20,19,4446.10,17,4447.20,5,4447.30,9,4447.40,9,4447.50,7,4447.60,9,4447.70,4,4447.80,7,4447.90,14,4448.00,25,4448.10,16,Sell,0,9,9,-9.00,-1.00,-9.00,0.30,100.0,4447.40,4447.40,4447.10,4447.10,110,75,185,35.00,36.00,-5.00,2.00,45.0,36,168,0.0286,0.0000,-165.00,-345.00,4427.11,2.4024,UP,224.15,0.8253,1.9815
20260810 195900 152,4447.00,1,4447.00,4447.20,0.20,4447.00,10,4446.90,2,4446.80,13,4446.70,5,4446.60,7,4446.50,17,4446.40,20,4446.30,16,4446.20,19,4446.10,17,4447.20,5,4447.30,9,4447.40,10,4447.50,6,4447.60,9,4447.70,4,4447.80,7,4447.90,14,4448.00,25,4448.10,16,Sell,0,10,10,-10.00,-1.00,-10.00,0.40,100.0,4447.40,4447.40,4447.00,4447.00,110,75,185,35.00,36.00,-5.00,2.00,45.0,36,168,0.0286,0.0000,-166.00,-346.00,4427.10,2.3992,UP,224.15,0.8253,1.9886
20260810 195900 154,4447.00,1,4447.00,4447.20,0.20,4447.00,10,4446.90,2,4446.80,13,4446.70,5,4446.60,7,4446.50,17,4446.40,20,4446.30,16,4446.20,19,4446.10,17,4447.20,5,4447.30,9,4447.40,10,4447.50,6,4447.60,9,4447.70,4,4447.80,7,4447.90,14,4448.00,25,4448.10,16,Sell,0,11,11,-11.00,-1.00,-11.00,0.40,100.0,4447.40,4447.40,4447.00,4447.00,110,75,185,35.00,36.00,-5.00,2.00,45.0,36,168,0.0286,0.0000,-167.00,-347.00,4427.10,2.3992,UP,224.15,0.8253,1.9886
20260810 195900 170,4447.00,1,4447.00,4447.20,0.20,4447.00,10,4446.90,2,4446.80,13,4446.70,5,4446.60,7,4446.50,17,4446.40,20,4446.30,16,4446.20,19,4446.10,17,4447.20,5,4447.30,9,4447.40,10,4447.50,6,4447.60,9,4447.70,4,4447.80,7,4447.90,14,4448.00,25,4448.10,16,Sell,0,12,12,-12.00,-1.00,-12.00,0.40,100.0,4447.40,4447.40,4447.00,4447.00,110,75,185,35.00,36.00,-5.00,2.00,45.0,36,168,0.0286,0.0000,-168.00,-348.00,4427.10,2.3992,UP,224.15,0.8253,1.9886
20260810 195900 199,4447.00,5,4446.80,4447.00,0.20,4446.80,6,4446.70,4,4446.60,7,4446.50,8,4446.40,20,4446.30,16,4446.20,19,4446.10,17,4446.00,22,4445.90,17,4447.00,2,4447.10,5,4447.20,5,4447.30,9,4447.40,9,4447.50,6,4447.60,9,4447.70,14,4447.80,17,4447.90,14,Sell,0,17,17,-17.00,-1.00,-17.00,0.40,100.0,4447.40,4447.40,4447.00,4447.00,110,75,185,35.00,36.00,-5.00,2.00,45.0,36,168,0.0286,0.0000,-173.00,-353.00,4427.10,2.3992,UP,224.15,0.8253,1.9886
20260810 195900 199,4447.00,1,4446.80,4447.00,0.20,4446.80,6,4446.70,4,4446.60,7,4446.50,8,4446.40,20,4446.30,16,4446.20,19,4446.10,17,4446.00,22,4445.90,17,4447.00,2,4447.10,5,4447.20,5,4447.30,9,4447.40,9,4447.50,6,4447.60,9,4447.70,14,4447.80,17,4447.90,14,Sell,0,18,18,-18.00,-1.00,-18.00,0.40,100.0,4447.40,4447.40,4447.00,4447.00,110,75,185,35.00,36.00,-5.00,2.00,45.0,36,168,0.0286,0.0000,-174.00,-354.00,4427.10,2.3992,UP,224.15,0.8253,1.9886
20260810 195900 200,4447.00,1,4446.80,4447.00,0.20,4446.80,6,4446.70,4,4446.60,7,4446.50,8,4446.40,20,4446.30,16,4446.20,19,4446.10,17,4446.00,22,4445.90,17,4447.00,2,4447.10,5,4447.20,5,4447.30,9,4447.40,9,4447.50,6,4447.60,9,4447.70,14,4447.80,17,4447.90,14,Sell,0,19,19,-19.00,-1.00,-19.00,0.40,100.0,4447.40,4447.40,4447.00,4447.00,110,75,185,35.00,36.00,-5.00,2.00,45.0,36,168,0.0286,0.0000,-175.00,-355.00,4427.10,2.3992,UP,224.15,0.8253,1.9886
20260810 195900 201,4447.00,1,4446.80,4446.90,0.10,4446.80,5,4446.70,1,4446.60,4,4446.50,8,4446.40,11,4446.30,16,4446.20,19,4446.10,17,4446.00,22,4445.90,17,4446.90,1,4447.00,5,4447.10,7,4447.20,7,4447.30,9,4447.40,9,4447.50,6,4447.60,20,4447.70,14,4447.80,17,Sell,0,20,20,-20.00,-1.00,-20.00,0.40,100.0,4447.40,4447.40,4447.00,4447.00,110,75,185,35.00,36.00,-5.00,2.00,45.0,36,168,0.0286,0.0000,-176.00,-356.00,4427.10,2.3992,UP,224.15,0.8253,1.9886
20260810 195900 261,4446.80,3,4446.80,4446.90,0.10,4446.80,1,4446.70,2,4446.60,4,4446.50,7,4446.40,11,4446.30,7,4446.20,19,4446.10,17,4446.00,22,4445.90,17,4446.90,3,4447.00,5,4447.10,8,4447.20,7,4447.30,8,4447.40,9,4447.50,6,4447.60,20,4447.70,14,4447.80,17,Sell,0,23,23,-23.00,-1.00,-23.00,0.60,100.0,4447.40,4447.40,4446.80,4446.80,110,75,185,35.00,36.00,-5.00,2.00,45.0,36,168,0.0286,0.0000,-179.00,-359.00,4427.08,2.3929,UP,224.15,0.8253,2.0029
20260810 195900 355,4446.80,1,4446.90,4447.00,0.10,4446.80,1,4446.70,2,4446.60,4,4446.50,7,4446.40,11,4446.30,7,4446.20,19,4446.10,17,4446.00,22,4445.90,17,4446.90,3,4447.00,5,4447.10,8,4447.20,7,4447.30,8,4447.40,9,4447.50,6,4447.60,20,4447.70,14,4447.80,17,Sell,0,24,24,-24.00,-1.00,-24.00,0.60,100.0,4447.40,4447.40,4446.80,4446.80,110,75,185,35.00,36.00,-5.00,2.00,45.0,36,168,0.0286,0.0000,-180.00,-360.00,4427.08,2.3929,UP,224.15,0.8253,2.0029
20260810 195900 370,4446.90,2,4446.90,4447.00,0.10,4446.80,1,4446.70,2,4446.60,4,4446.50,7,4446.40,11,4446.30,7,4446.20,19,4446.10,17,4446.00,22,4445.90,17,4446.90,3,4447.00,5,4447.10,8,4447.20,7,4447.30,8,4447.40,9,4447.50,6,4447.60,20,4447.70,14,4447.80,17,Sell,0,26,26,-26.00,-1.00,-26.00,0.60,83.3,4447.40,4447.40,4446.80,4446.90,110,75,185,35.00,36.00,-5.00,2.00,45.0,36,168,0.0286,0.0000,-182.00,-362.00,4427.09,2.3960,UP,224.15,0.8253,2.0029
20260810 195900 431,4446.70,1,4446.70,4446.90,0.20,4446.70,1,4446.60,4,4446.50,7,4446.40,11,4446.30,7,4446.20,19,4446.10,17,4446.00,24,4445.90,17,4445.80,13,4446.90,4,4447.00,6,4447.10,7,4447.20,7,4447.30,8,4447.40,9,4447.50,6,4447.60,20,4447.70,14,4447.80,17,Sell,0,27,27,-27.00,-1.00,-27.00,0.70,100.0,4447.40,4447.40,4446.70,4446.70,110,75,185,35.00,36.00,-5.00,2.00,45.0,36,168,0.0286,0.0000,-183.00,-363.00,4427.07,2.3897,UP,224.15,0.8253,2.0100
20260810 195900 511,4446.70,1,4446.50,4446.70,0.20,4446.50,3,4446.40,8,4446.30,6,4446.20,10,4446.10,8,4446.00,24,4445.90,17,4445.80,15,4445.70,13,4445.60,17,4446.70,3,4446.80,5,4446.90,6,4447.00,8,4447.10,6,4447.20,7,4447.30,8,4447.40,19,4447.50,16,4447.60,20,Buy,1,27,28,-26.00,-1.00,-27.00,0.70,100.0,4447.40,4447.40,4446.70,4446.70,110,75,185,35.00,36.00,-5.00,2.00,45.0,36,168,0.0286,0.0385,-182.00,-362.00,4427.07,2.3897,UP,224.15,0.8253,2.0100
20260810 195900 600,4446.50,1,4445.90,4446.10,0.20,4445.90,2,4445.80,7,4445.70,4,4445.60,11,4445.50,6,4445.40,14,4445.30,15,4445.20,15,4445.10,12,4445.00,19,4446.10,3,4446.20,5,4446.30,6,4446.40,8,4446.50,9,4446.60,11,4446.70,15,4446.80,17,4446.90,15,4447.00,17,Sell,1,28,29,-27.00,-1.00,-27.00,0.90,100.0,4447.40,4447.40,4446.50,4446.50,110,75,185,35.00,36.00,-5.00,2.00,45.0,36,168,0.0286,0.0000,-183.00,-363.00,4427.05,2.3833,UP,224.15,0.8253,2.0243
20260810 195900 600,4446.50,1,4445.90,4446.10,0.20,4445.90,2,4445.80,7,4445.70,4,4445.60,11,4445.50,6,4445.40,14,4445.30,15,4445.20,15,4445.10,12,4445.00,19,4446.10,3,4446.20,5,4446.30,6,4446.40,8,4446.50,9,4446.60,11,4446.70,15,4446.80,17,4446.90,15,4447.00,17,Sell,1,29,30,-28.00,-1.00,-28.00,0.90,100.0,4447.40,4447.40,4446.50,4446.50,110,75,185,35.00,36.00,-5.00,2.00,45.0,36,168,0.0286,0.0000,-184.00,-364.00,4427.05,2.3833,UP,224.15,0.8253,2.0243
20260810 195900 603,4446.30,1,4445.90,4446.10,0.20,4445.90,2,4445.80,7,4445.70,4,4445.60,11,4445.50,6,4445.40,14,4445.30,15,4445.20,15,4445.10,12,4445.00,19,4446.10,3,4446.20,5,4446.30,6,4446.40,8,4446.50,9,4446.60,11,4446.70,15,4446.80,17,4446.90,15,4447.00,17,Sell,1,30,31,-29.00,-1.00,-29.00,1.10,100.0,4447.40,4447.40,4446.30,4446.30,110,75,185,35.00,36.00,-5.00,2.00,45.0,36,168,0.0286,0.0000,-185.00,-365.00,4427.03,2.3770,UP,224.15,0.8253,2.0386
20260810 195900 606,4446.20,1,4445.90,4446.10,0.20,4445.90,2,4445.80,7,4445.70,4,4445.60,11,4445.50,6,4445.40,14,4445.30,15,4445.20,15,4445.10,12,4445.00,19,4446.10,3,4446.20,5,4446.30,6,4446.40,8,4446.50,9,4446.60,11,4446.70,15,4446.80,17,4446.90,15,4447.00,17,Sell,1,31,32,-30.00,-1.00,-30.00,1.20,100.0,4447.40,4447.40,4446.20,4446.20,110,75,185,35.00,36.00,-5.00,2.00,45.0,36,168,0.0286,0.0000,-186.00,-366.00,4427.02,2.3738,UP,224.15,0.8253,2.0457
20260810 195900 606,4446.20,1,4445.90,4446.10,0.20,4445.90,2,4445.80,7,4445.70,4,4445.60,11,4445.50,6,4445.40,14,4445.30,15,4445.20,15,4445.10,12,4445.00,19,4446.10,3,4446.20,5,4446.30,6,4446.40,8,4446.50,9,4446.60,11,4446.70,15,4446.80,17,4446.90,15,4447.00,17,Sell,1,32,33,-31.00,-1.00,-31.00,1.20,100.0,4447.40,4447.40,4446.20,4446.20,110,75,185,35.00,36.00,-5.00,2.00,45.0,36,168,0.0286,0.0000,-187.00,-367.00,4427.02,2.3738,UP,224.15,0.8253,2.0457
20260810 195900 608,4446.10,1,4445.90,4446.10,0.20,4445.90,2,4445.80,7,4445.70,4,4445.60,11,4445.50,6,4445.40,14,4445.30,15,4445.20,15,4445.10,12,4445.00,19,4446.10,3,4446.20,5,4446.30,6,4446.40,8,4446.50,9,4446.60,11,4446.70,15,4446.80,17,4446.90,15,4447.00,17,Sell,1,33,34,-32.00,-1.00,-32.00,1.30,100.0,4447.40,4447.40,4446.10,4446.10,110,75,185,35.00,36.00,-5.00,2.00,45.0,36,168,0.0286,0.0000,-188.00,-368.00,4427.01,2.3706,UP,224.15,0.8253,2.0529
20260810 195900 608,4446.10,1,4445.90,4446.10,0.20,4445.90,2,4445.80,7,4445.70,4,4445.60,11,4445.50,6,4445.40,14,4445.30,15,4445.20,15,4445.10,12,4445.00,19,4446.10,3,4446.20,5,4446.30,6,4446.40,8,4446.50,9,4446.60,11,4446.70,15,4446.80,17,4446.90,15,4447.00,17,Buy,2,33,35,-31.00,-1.00,-32.00,1.30,100.0,4447.40,4447.40,4446.10,4446.10,110,75,185,35.00,36.00,-5.00,2.00,45.0,36,168,0.0286,0.0323,-187.00,-367.00,4427.01,2.3706,UP,224.15,0.8253,2.0529
20260810 195900 609,4446.10,1,4445.90,4446.10,0.20,4445.90,2,4445.80,7,4445.70,4,4445.60,11,4445.50,6,4445.40,14,4445.30,15,4445.20,15,4445.10,12,4445.00,19,4446.10,3,4446.20,5,4446.30,6,4446.40,8,4446.50,9,4446.60,11,4446.70,15,4446.80,17,4446.90,15,4447.00,17,Sell,2,34,36,-32.00,-1.00,-32.00,1.30,100.0,4447.40,4447.40,4446.10,4446.10,110,75,185,35.00,36.00,-5.00,2.00,45.0,36,168,0.0286,0.0000,-188.00,-368.00,4427.01,2.3706,UP,224.15,0.8253,2.0529
20260810 195900 613,4446.00,1,4445.90,4446.10,0.20,4445.90,2,4445.80,7,4445.70,4,4445.60,11,4445.50,6,4445.40,14,4445.30,15,4445.20,15,4445.10,12,4445.00,19,4446.10,3,4446.20,5,4446.30,6,4446.40,8,4446.50,9,4446.60,11,4446.70,15,4446.80,17,4446.90,15,4447.00,17,Sell,2,35,37,-33.00,-1.00,-33.00,1.40,100.0,4447.40,4447.40,4446.00,4446.00,110,75,185,35.00,36.00,-5.00,2.00,45.0,36,168,0.0286,0.0000,-189.00,-369.00,4427.00,2.3675,UP,224.15,0.8253,2.0600
20260810 195900 613,4446.00,1,4445.90,4446.10,0.20,4445.90,2,4445.80,7,4445.70,4,4445.60,11,4445.50,6,4445.40,14,4445.30,15,4445.20,15,4445.10,12,4445.00,19,4446.10,3,4446.20,5,4446.30,6,4446.40,8,4446.50,9,4446.60,11,4446.70,15,4446.80,17,4446.90,15,4447.00,17,Sell,2,36,38,-34.00,-1.00,-34.00,1.40,100.0,4447.40,4447.40,4446.00,4446.00,110,75,185,35.00,36.00,-5.00,2.00,45.0,36,168,0.0286,0.0000,-190.00,-370.00,4427.00,2.3675,UP,224.15,0.8253,2.0600
20260810 195900 613,4446.00,1,4445.90,4446.10,0.20,4445.90,2,4445.80,7,4445.70,4,4445.60,11,4445.50,6,4445.40,14,4445.30,15,4445.20,15,4445.10,12,4445.00,19,4446.10,3,4446.20,5,4446.30,6,4446.40,8,4446.50,9,4446.60,11,4446.70,15,4446.80,17,4446.90,15,4447.00,17,Sell,2,37,39,-35.00,-1.00,-35.00,1.40,100.0,4447.40,4447.40,4446.00,4446.00,110,75,185,35.00,36.00,-5.00,2.00,45.0,36,168,0.0286,0.0000,-191.00,-371.00,4427.00,2.3675,UP,224.15,0.8253,2.0600
20260810 195900 613,4446.00,1,4445.90,4446.10,0.20,4445.90,2,4445.80,7,4445.70,4,4445.60,11,4445.50,6,4445.40,14,4445.30,15,4445.20,15,4445.10,12,4445.00,19,4446.10,3,4446.20,5,4446.30,6,4446.40,8,4446.50,9,4446.60,11,4446.70,15,4446.80,17,4446.90,15,4447.00,17,Sell,2,38,40,-36.00,-1.00,-36.00,1.40,100.0,4447.40,4447.40,4446.00,4446.00,110,75,185,35.00,36.00,-5.00,2.00,45.0,36,168,0.0286,0.0000,-192.00,-372.00,4427.00,2.3675,UP,224.15,0.8253,2.0600
20260810 195900 615,4446.00,2,4445.90,4446.10,0.20,4445.90,2,4445.80,7,4445.70,4,4445.60,11,4445.50,6,4445.40,14,4445.30,15,4445.20,15,4445.10,12,4445.00,19,4446.10,3,4446.20,5,4446.30,6,4446.40,8,4446.50,9,4446.60,11,4446.70,15,4446.80,17,4446.90,15,4447.00,17,Buy,4,38,42,-34.00,-1.00,-36.00,1.40,100.0,4447.40,4447.40,4446.00,4446.00,110,75,185,35.00,36.00,-5.00,2.00,45.0,36,168,0.0286,0.0588,-190.00,-370.00,4427.00,2.3675,UP,224.15,0.8253,2.0600
20260810 195900 621,4445.90,1,4445.90,4446.10,0.20,4445.90,2,4445.80,7,4445.70,4,4445.60,11,4445.50,6,4445.40,14,4445.30,15,4445.20,15,4445.10,12,4445.00,19,4446.10,3,4446.20,5,4446.30,6,4446.40,8,4446.50,9,4446.60,11,4446.70,15,4446.80,17,4446.90,15,4447.00,17,Sell,4,39,43,-35.00,-1.00,-36.00,1.50,100.0,4447.40,4447.40,4445.90,4445.90,110,75,185,35.00,36.00,-5.00,2.00,45.0,36,168,0.0286,0.0286,-191.00,-371.00,4426.99,2.3643,UP,224.15,0.8253,2.0672
20260810 195900 621,4445.90,1,4445.90,4446.10,0.20,4445.90,2,4445.80,7,4445.70,4,4445.60,11,4445.50,6,4445.40,14,4445.30,15,4445.20,15,4445.10,12,4445.00,19,4446.10,3,4446.20,5,4446.30,6,4446.40,8,4446.50,9,4446.60,11,4446.70,15,4446.80,17,4446.90,15,4447.00,17,Sell,4,40,44,-36.00,-1.00,-36.00,1.50,100.0,4447.40,4447.40,4445.90,4445.90,110,75,185,35.00,36.00,-5.00,2.00,45.0,36,168,0.0286,0.0000,-192.00,-372.00,4426.99,2.3643,UP,224.15,0.8253,2.0672
20260810 195900 621,4445.90,1,4445.90,4446.10,0.20,4445.90,2,4445.80,7,4445.70,4,4445.60,11,4445.50,6,4445.40,14,4445.30,15,4445.20,15,4445.10,12,4445.00,19,4446.10,3,4446.20,5,4446.30,6,4446.40,8,4446.50,9,4446.60,11,4446.70,15,4446.80,17,4446.90,15,4447.00,17,Sell,4,41,45,-37.00,-1.00,-37.00,1.50,100.0,4447.40,4447.40,4445.90,4445.90,110,75,185,35.00,36.00,-5.00,2.00,45.0,36,168,0.0286,0.0000,-193.00,-373.00,4426.99,2.3643,UP,224.15,0.8253,2.0672
20260810 195900 621,4445.90,1,4445.90,4446.10,0.20,4445.90,2,4445.80,7,4445.70,4,4445.60,11,4445.50,6,4445.40,14,4445.30,15,4445.20,15,4445.10,12,4445.00,19,4446.10,3,4446.20,5,4446.30,6,4446.40,8,4446.50,9,4446.60,11,4446.70,15,4446.80,17,4446.90,15,4447.00,17,Sell,4,42,46,-38.00,-1.00,-38.00,1.50,100.0,4447.40,4447.40,4445.90,4445.90,110,75,185,35.00,36.00,-5.00,2.00,45.0,36,168,0.0286,0.0000,-194.00,-374.00,4426.99,2.3643,UP,224.15,0.8253,2.0672
20260810 195900 625,4446.00,1,4445.90,4446.10,0.20,4445.90,2,4445.80,7,4445.70,4,4445.60,11,4445.50,6,4445.40,14,4445.30,15,4445.20,15,4445.10,12,4445.00,19,4446.10,3,4446.20,5,4446.30,6,4446.40,8,4446.50,9,4446.60,11,4446.70,15,4446.80,17,4446.90,15,4447.00,17,Buy,5,42,47,-37.00,-1.00,-38.00,1.50,93.3,4447.40,4447.40,4445.90,4446.00,110,75,185,35.00,36.00,-5.00,2.00,45.0,36,168,0.0286,0.0270,-193.00,-373.00,4427.00,2.3675,UP,224.15,0.8253,2.0672
20260810 195900 625,4446.00,1,4445.90,4446.10,0.20,4445.90,2,4445.80,7,4445.70,4,4445.60,11,4445.50,6,4445.40,14,4445.30,15,4445.20,15,4445.10,12,4445.00,19,4446.10,3,4446.20,5,4446.30,6,4446.40,8,4446.50,9,4446.60,11,4446.70,15,4446.80,17,4446.90,15,4447.00,17,Buy,6,42,48,-36.00,-1.00,-38.00,1.50,93.3,4447.40,4447.40,4445.90,4446.00,110,75,185,35.00,36.00,-5.00,2.00,45.0,36,168,0.0286,0.0556,-192.00,-372.00,4427.00,2.3675,UP,224.15,0.8253,2.0672
20260810 195900 671,4446.10,1,4446.10,4446.30,0.20,4446.10,2,4446.00,5,4445.90,7,4445.80,9,4445.70,5,4445.60,11,4445.50,15,4445.40,23,4445.30,15,4445.20,15,4446.30,4,4446.40,6,4446.50,8,4446.60,11,4446.70,16,4446.80,17,4446.90,15,4447.00,17,4447.10,16,4447.20,17,Buy,7,42,49,-35.00,-1.00,-38.00,1.50,86.7,4447.40,4447.40,4445.90,4446.10,110,75,185,35.00,36.00,-5.00,2.00,45.0,36,168,0.0286,0.0857,-191.00,-371.00,4427.01,2.3706,UP,224.15,0.8253,2.0672
20260810 195900 671,4446.10,1,4446.10,4446.30,0.20,4446.10,2,4446.00,5,4445.90,7,4445.80,9,4445.70,5,4445.60,11,4445.50,15,4445.40,23,4445.30,15,4445.20,15,4446.30,4,4446.40,6,4446.50,8,4446.60,11,4446.70,16,4446.80,17,4446.90,15,4447.00,17,4447.10,16,4447.20,17,Buy,8,42,50,-34.00,-1.00,-38.00,1.50,86.7,4447.40,4447.40,4445.90,4446.10,110,75,185,35.00,36.00,-5.00,2.00,45.0,36,168,0.0286,0.1176,-190.00,-370.00,4427.01,2.3706,UP,224.15,0.8253,2.0672
20260810 195900 671,4446.10,1,4446.10,4446.30,0.20,4446.10,2,4446.00,5,4445.90,7,4445.80,9,4445.70,5,4445.60,11,4445.50,15,4445.40,23,4445.30,15,4445.20,15,4446.30,4,4446.40,6,4446.50,8,4446.60,11,4446.70,16,4446.80,17,4446.90,15,4447.00,17,4447.10,16,4447.20,17,Buy,9,42,51,-33.00,-1.00,-38.00,1.50,86.7,4447.40,4447.40,4445.90,4446.10,110,75,185,35.00,36.00,-5.00,2.00,45.0,36,168,0.0286,0.1515,-189.00,-369.00,4427.01,2.3706,UP,224.15,0.8253,2.0672
20260810 195900 719,4446.10,1,4446.10,4446.30,0.20,4446.10,2,4446.00,5,4445.90,7,4445.80,9,4445.70,5,4445.60,11,4445.50,15,4445.40,23,4445.30,15,4445.20,15,4446.30,4,4446.40,6,4446.50,8,4446.60,11,4446.70,16,4446.80,17,4446.90,15,4447.00,17,4447.10,16,4447.20,17,Sell,9,43,52,-34.00,-1.00,-38.00,1.50,86.7,4447.40,4447.40,4445.90,4446.10,110,75,185,35.00,36.00,-5.00,2.00,45.0,36,168,0.0286,0.1176,-190.00,-370.00,4427.01,2.3706,UP,224.15,0.8253,2.0672
20260810 195900 805,4446.10,1,4446.00,4446.30,0.30,4446.00,4,4445.90,4,4445.80,9,4445.70,5,4445.60,11,4445.50,16,4445.40,23,4445.30,15,4445.20,15,4445.10,12,4446.30,6,4446.40,7,4446.50,8,4446.60,11,4446.70,16,4446.80,17,4446.90,15,4447.00,17,4447.10,16,4447.20,17,Sell,9,44,53,-35.00,-1.00,-38.00,1.50,86.7,4447.40,4447.40,4445.90,4446.10,110,75,185,35.00,36.00,-5.00,2.00,45.0,36,168,0.0286,0.0857,-191.00,-371.00,4427.01,2.3706,UP,224.15,0.8253,2.0672
20260810 195900 806,4446.00,1,4446.00,4446.30,0.30,4446.00,4,4445.90,4,4445.80,9,4445.70,5,4445.60,11,4445.50,16,4445.40,23,4445.30,15,4445.20,15,4445.10,12,4446.30,6,4446.40,7,4446.50,8,4446.60,11,4446.70,16,4446.80,17,4446.90,15,4447.00,17,4447.10,16,4447.20,17,Sell,9,45,54,-36.00,-1.00,-38.00,1.50,93.3,4447.40,4447.40,4445.90,4446.00,110,75,185,35.00,36.00,-5.00,2.00,45.0,36,168,0.0286,0.0556,-192.00,-372.00,4427.00,2.3675,UP,224.15,0.8253,2.0672
20260810 195900 806,4446.00,2,4446.00,4446.30,0.30,4446.00,4,4445.90,4,4445.80,9,4445.70,5,4445.60,11,4445.50,16,4445.40,23,4445.30,15,4445.20,15,4445.10,12,4446.30,6,4446.40,7,4446.50,8,4446.60,11,4446.70,16,4446.80,17,4446.90,15,4447.00,17,4447.10,16,4447.20,17,Sell,9,47,56,-38.00,-1.00,-38.00,1.50,93.3,4447.40,4447.40,4445.90,4446.00,110,75,185,35.00,36.00,-5.00,2.00,45.0,36,168,0.0286,0.0000,-194.00,-374.00,4427.00,2.3675,UP,224.15,0.8253,2.0672
20260810 195900 806,4446.00,1,4446.00,4446.30,0.30,4446.00,4,4445.90,4,4445.80,9,4445.70,5,4445.60,11,4445.50,16,4445.40,23,4445.30,15,4445.20,15,4445.10,12,4446.30,6,4446.40,7,4446.50,8,4446.60,11,4446.70,16,4446.80,17,4446.90,15,4447.00,17,4447.10,16,4447.20,17,Sell,9,48,57,-39.00,-1.00,-39.00,1.50,93.3,4447.40,4447.40,4445.90,4446.00,110,75,185,35.00,36.00,-5.00,2.00,45.0,36,168,0.0286,0.0000,-195.00,-375.00,4427.00,2.3675,UP,224.15,0.8253,2.0672
20260810 195900 806,4446.00,1,4446.00,4446.30,0.30,4446.00,4,4445.90,4,4445.80,9,4445.70,5,4445.60,11,4445.50,16,4445.40,23,4445.30,15,4445.20,15,4445.10,12,4446.30,6,4446.40,7,4446.50,8,4446.60,11,4446.70,16,4446.80,17,4446.90,15,4447.00,17,4447.10,16,4447.20,17,Sell,9,49,58,-40.00,-1.00,-40.00,1.50,93.3,4447.40,4447.40,4445.90,4446.00,110,75,185,35.00,36.00,-5.00,2.00,45.0,36,168,0.0286,0.0000,-196.00,-376.00,4427.00,2.3675,UP,224.15,0.8253,2.0672
20260810 195900 806,4445.90,1,4446.00,4446.30,0.30,4446.00,4,4445.90,4,4445.80,9,4445.70,5,4445.60,11,4445.50,16,4445.40,23,4445.30,15,4445.20,15,4445.10,12,4446.30,6,4446.40,7,4446.50,8,4446.60,11,4446.70,16,4446.80,17,4446.90,15,4447.00,17,4447.10,16,4447.20,17,Sell,9,50,59,-41.00,-1.00,-41.00,1.50,100.0,4447.40,4447.40,4445.90,4445.90,110,75,185,35.00,36.00,-5.00,2.00,45.0,36,168,0.0286,0.0000,-197.00,-377.00,4426.99,2.3643,UP,224.15,0.8253,2.0672
20260810 195900 806,4445.90,1,4446.00,4446.30,0.30,4446.00,4,4445.90,4,4445.80,9,4445.70,5,4445.60,11,4445.50,16,4445.40,23,4445.30,15,4445.20,15,4445.10,12,4446.30,6,4446.40,7,4446.50,8,4446.60,11,4446.70,16,4446.80,17,4446.90,15,4447.00,17,4447.10,16,4447.20,17,Sell,9,51,60,-42.00,-1.00,-42.00,1.50,100.0,4447.40,4447.40,4445.90,4445.90,110,75,185,35.00,36.00,-5.00,2.00,45.0,36,168,0.0286,0.0000,-198.00,-378.00,4426.99,2.3643,UP,224.15,0.8253,2.0672
20260810 195900 806,4445.90,1,4446.00,4446.30,0.30,4446.00,4,4445.90,4,4445.80,9,4445.70,5,4445.60,11,4445.50,16,4445.40,23,4445.30,15,4445.20,15,4445.10,12,4446.30,6,4446.40,7,4446.50,8,4446.60,11,4446.70,16,4446.80,17,4446.90,15,4447.00,17,4447.10,16,4447.20,17,Sell,9,52,61,-43.00,-1.00,-43.00,1.50,100.0,4447.40,4447.40,4445.90,4445.90,110,75,185,35.00,36.00,-5.00,2.00,45.0,36,168,0.0286,0.0000,-199.00,-379.00,4426.99,2.3643,UP,224.15,0.8253,2.0672
20260810 195900 806,4445.90,1,4446.00,4446.30,0.30,4446.00,4,4445.90,4,4445.80,9,4445.70,5,4445.60,11,4445.50,16,4445.40,23,4445.30,15,4445.20,15,4445.10,12,4446.30,6,4446.40,7,4446.50,8,4446.60,11,4446.70,16,4446.80,17,4446.90,15,4447.00,17,4447.10,16,4447.20,17,Sell,9,53,62,-44.00,-1.00,-44.00,1.50,100.0,4447.40,4447.40,4445.90,4445.90,110,75,185,35.00,36.00,-5.00,2.00,45.0,36,168,0.0286,0.0000,-200.00,-380.00,4426.99,2.3643,UP,224.15,0.8253,2.0672
20260810 195900 806,4445.90,1,4446.00,4446.30,0.30,4446.00,4,4445.90,4,4445.80,9,4445.70,5,4445.60,11,4445.50,16,4445.40,23,4445.30,15,4445.20,15,4445.10,12,4446.30,6,4446.40,7,4446.50,8,4446.60,11,4446.70,16,4446.80,17,4446.90,15,4447.00,17,4447.10,16,4447.20,17,Sell,9,54,63,-45.00,-1.00,-45.00,1.50,100.0,4447.40,4447.40,4445.90,4445.90,110,75,185,35.00,36.00,-5.00,2.00,45.0,36,168,0.0286,0.0000,-201.00,-381.00,4426.99,2.3643,UP,224.15,0.8253,2.0672
20260810 195900 806,4445.90,1,4446.00,4446.30,0.30,4446.00,4,4445.90,4,4445.80,9,4445.70,5,4445.60,11,4445.50,16,4445.40,23,4445.30,15,4445.20,15,4445.10,12,4446.30,6,4446.40,7,4446.50,8,4446.60,11,4446.70,16,4446.80,17,4446.90,15,4447.00,17,4447.10,16,4447.20,17,Sell,9,55,64,-46.00,-1.00,-46.00,1.50,100.0,4447.40,4447.40,4445.90,4445.90,110,75,185,35.00,36.00,-5.00,2.00,45.0,36,168,0.0286,0.0000,-202.00,-382.00,4426.99,2.3643,UP,224.15,0.8253,2.0672
20260810 195900 806,4445.90,1,4446.00,4446.30,0.30,4446.00,4,4445.90,4,4445.80,9,4445.70,5,4445.60,11,4445.50,16,4445.40,23,4445.30,15,4445.20,15,4445.10,12,4446.30,6,4446.40,7,4446.50,8,4446.60,11,4446.70,16,4446.80,17,4446.90,15,4447.00,17,4447.10,16,4447.20,17,Sell,9,56,65,-47.00,-1.00,-47.00,1.50,100.0,4447.40,4447.40,4445.90,4445.90,110,75,185,35.00,36.00,-5.00,2.00,45.0,36,168,0.0286,0.0000,-203.00,-383.00,4426.99,2.3643,UP,224.15,0.8253,2.0672
20260810 195900 882,4446.30,1,4446.20,4446.40,0.20,4446.20,1,4446.10,3,4446.00,5,4445.90,5,4445.80,9,4445.70,5,4445.60,20,4445.50,16,4445.40,23,4445.30,15,4446.40,7,4446.50,8,4446.60,11,4446.70,16,4446.80,17,4446.90,15,4447.00,17,4447.10,16,4447.20,17,4447.30,19,Buy,10,56,66,-46.00,-1.00,-47.00,1.50,73.3,4447.40,4447.40,4445.90,4446.30,110,75,185,35.00,36.00,-5.00,2.00,45.0,36,168,0.0286,0.0217,-202.00,-382.00,4427.03,2.3770,UP,224.15,0.8253,2.0672
20260810 195900 882,4446.30,1,4446.20,4446.40,0.20,4446.20,1,4446.10,3,4446.00,5,4445.90,5,4445.80,9,4445.70,5,4445.60,20,4445.50,16,4445.40,23,4445.30,15,4446.40,7,4446.50,8,4446.60,11,4446.70,16,4446.80,17,4446.90,15,4447.00,17,4447.10,16,4447.20,17,4447.30,19,Buy,11,56,67,-45.00,-1.00,-47.00,1.50,73.3,4447.40,4447.40,4445.90,4446.30,110,75,185,35.00,36.00,-5.00,2.00,45.0,36,168,0.0286,0.0444,-201.00,-381.00,4427.03,2.3770,UP,224.15,0.8253,2.0672
20260810 195900 882,4446.30,1,4446.20,4446.40,0.20,4446.20,1,4446.10,3,4446.00,5,4445.90,5,4445.80,9,4445.70,5,4445.60,20,4445.50,16,4445.40,23,4445.30,15,4446.40,7,4446.50,8,4446.60,11,4446.70,16,4446.80,17,4446.90,15,4447.00,17,4447.10,16,4447.20,17,4447.30,19,Buy,12,56,68,-44.00,-1.00,-47.00,1.50,73.3,4447.40,4447.40,4445.90,4446.30,110,75,185,35.00,36.00,-5.00,2.00,45.0,36,168,0.0286,0.0682,-200.00,-380.00,4427.03,2.3770,UP,224.15,0.8253,2.0672
20260810 195900 882,4446.30,1,4446.20,4446.40,0.20,4446.20,1,4446.10,3,4446.00,5,4445.90,5,4445.80,9,4445.70,5,4445.60,20,4445.50,16,4445.40,23,4445.30,15,4446.40,7,4446.50,8,4446.60,11,4446.70,16,4446.80,17,4446.90,15,4447.00,17,4447.10,16,4447.20,17,4447.30,19,Buy,13,56,69,-43.00,-1.00,-47.00,1.50,73.3,4447.40,4447.40,4445.90,4446.30,110,75,185,35.00,36.00,-5.00,2.00,45.0,36,168,0.0286,0.0930,-199.00,-379.00,4427.03,2.3770,UP,224.15,0.8253,2.0672
20260810 195900 882,4446.30,1,4446.20,4446.40,0.20,4446.20,1,4446.10,3,4446.00,5,4445.90,5,4445.80,9,4445.70,5,4445.60,20,4445.50,16,4445.40,23,4445.30,15,4446.40,7,4446.50,8,4446.60,11,4446.70,16,4446.80,17,4446.90,15,4447.00,17,4447.10,16,4447.20,17,4447.30,19,Buy,14,56,70,-42.00,-1.00,-47.00,1.50,73.3,4447.40,4447.40,4445.90,4446.30,110,75,185,35.00,36.00,-5.00,2.00,45.0,36,168,0.0286,0.1190,-198.00,-378.00,4427.03,2.3770,UP,224.15,0.8253,2.0672
20260810 195901 187,4446.30,1,4446.30,4446.50,0.20,4446.30,1,4446.20,7,4446.10,6,4446.00,6,4445.90,6,4445.80,10,4445.70,5,4445.60,20,4445.50,16,4445.40,23,4446.50,3,4446.60,6,4446.70,6,4446.80,7,4446.90,6,4447.00,17,4447.10,16,4447.20,17,4447.30,19,4447.40,17,Buy,15,56,71,-41.00,-1.00,-47.00,1.50,73.3,4447.40,4447.40,4445.90,4446.30,110,75,185,35.00,36.00,-5.00,2.00,45.0,36,168,0.0286,0.1463,-197.00,-377.00,4427.03,2.3770,UP,224.15,0.8253,2.0672
20260810 195901 255,4446.50,1,4446.40,4446.60,0.20,4446.40,1,4446.30,3,4446.20,7,4446.10,6,4446.00,6,4445.90,6,4445.80,10,4445.70,14,4445.60,20,4445.50,16,4446.60,5,4446.70,5,4446.80,7,4446.90,6,4447.00,7,4447.10,16,4447.20,17,4447.30,19,4447.40,17,4447.50,15,Buy,16,56,72,-40.00,-1.00,-47.00,1.50,60.0,4447.40,4447.40,4445.90,4446.50,110,75,185,35.00,36.00,-5.00,2.00,45.0,36,168,0.0286,0.1750,-196.00,-376.00,4427.05,2.3833,UP,224.15,0.8253,2.0672
20260810 195901 255,4446.60,1,4446.40,4446.60,0.20,4446.40,1,4446.30,3,4446.20,7,4446.10,6,4446.00,6,4445.90,6,4445.80,10,4445.70,14,4445.60,20,4445.50,16,4446.60,5,4446.70,5,4446.80,7,4446.90,6,4447.00,7,4447.10,16,4447.20,17,4447.30,19,4447.40,17,4447.50,15,Buy,17,56,73,-39.00,-1.00,-47.00,1.50,53.3,4447.40,4447.40,4445.90,4446.60,110,75,185,35.00,36.00,-5.00,2.00,45.0,36,168,0.0286,0.2051,-195.00,-375.00,4427.06,2.3865,UP,224.15,0.8253,2.0672
20260810 195901 255,4446.60,1,4446.40,4446.60,0.20,4446.40,1,4446.30,3,4446.20,7,4446.10,6,4446.00,6,4445.90,6,4445.80,10,4445.70,14,4445.60,20,4445.50,16,4446.60,5,4446.70,5,4446.80,7,4446.90,6,4447.00,7,4447.10,16,4447.20,17,4447.30,19,4447.40,17,4447.50,15,Buy,18,56,74,-38.00,-1.00,-47.00,1.50,53.3,4447.40,4447.40,4445.90,4446.60,110,75,185,35.00,36.00,-5.00,2.00,45.0,36,168,0.0286,0.2368,-194.00,-374.00,4427.06,2.3865,UP,224.15,0.8253,2.0672
20260810 195901 276,4446.50,1,4446.40,4446.60,0.20,4446.40,1,4446.30,3,4446.20,7,4446.10,6,4446.00,6,4445.90,6,4445.80,10,4445.70,14,4445.60,20,4445.50,16,4446.60,5,4446.70,5,4446.80,7,4446.90,6,4447.00,7,4447.10,16,4447.20,17,4447.30,19,4447.40,17,4447.50,15,Buy,19,56,75,-37.00,-1.00,-47.00,1.50,60.0,4447.40,4447.40,4445.90,4446.50,110,75,185,35.00,36.00,-5.00,2.00,45.0,36,168,0.0286,0.2703,-193.00,-373.00,4427.05,2.3833,UP,224.15,0.8253,2.0672
20260810 195901 276,4446.60,1,4446.40,4446.60,0.20,4446.40,1,4446.30,3,4446.20,7,4446.10,6,4446.00,6,4445.90,6,4445.80,10,4445.70,14,4445.60,20,4445.50,16,4446.60,5,4446.70,5,4446.80,7,4446.90,6,4447.00,7,4447.10,16,4447.20,17,4447.30,19,4447.40,17,4447.50,15,Buy,20,56,76,-36.00,-1.00,-47.00,1.50,53.3,4447.40,4447.40,4445.90,4446.60,110,75,185,35.00,36.00,-5.00,2.00,45.0,36,168,0.0286,0.3056,-192.00,-372.00,4427.06,2.3865,UP,224.15,0.8253,2.0672
20260810 195901 425,4446.60,1,4446.60,4446.90,0.30,4446.60,3,4446.50,5,4446.40,5,4446.30,3,4446.20,9,4446.10,6,4446.00,16,4445.90,15,4445.80,19,4445.70,14,4446.90,4,4447.00,7,4447.10,6,4447.20,17,4447.30,18,4447.40,17,4447.50,15,4447.60,18,4447.70,14,4447.80,20,Sell,20,57,77,-37.00,-1.00,-47.00,1.50,53.3,4447.40,4447.40,4445.90,4446.60,110,75,185,35.00,36.00,-5.00,2.00,45.0,36,168,0.0286,0.2703,-193.00,-373.00,4427.06,2.3865,UP,224.15,0.8253,2.0672
20260810 195901 425,4446.60,1,4446.60,4446.90,0.30,4446.60,3,4446.50,5,4446.40,5,4446.30,3,4446.20,9,4446.10,6,4446.00,16,4445.90,15,4445.80,19,4445.70,14,4446.90,4,4447.00,7,4447.10,6,4447.20,17,4447.30,18,4447.40,17,4447.50,15,4447.60,18,4447.70,14,4447.80,20,Sell,20,58,78,-38.00,-1.00,-47.00,1.50,53.3,4447.40,4447.40,4445.90,4446.60,110,75,185,35.00,36.00,-5.00,2.00,45.0,36,168,0.0286,0.2368,-194.00,-374.00,4427.06,2.3865,UP,224.15,0.8253,2.0672
20260810 195901 425,4446.60,1,4446.60,4446.90,0.30,4446.60,3,4446.50,5,4446.40,5,4446.30,3,4446.20,9,4446.10,6,4446.00,16,4445.90,15,4445.80,19,4445.70,14,4446.90,4,4447.00,7,4447.10,6,4447.20,17,4447.30,18,4447.40,17,4447.50,15,4447.60,18,4447.70,14,4447.80,20,Sell,20,59,79,-39.00,-1.00,-47.00,1.50,53.3,4447.40,4447.40,4445.90,4446.60,110,75,185,35.00,36.00,-5.00,2.00,45.0,36,168,0.0286,0.2051,-195.00,-375.00,4427.06,2.3865,UP,224.15,0.8253,2.0672
20260810 195902 816,4446.60,1,4446.50,4446.80,0.30,4446.50,4,4446.40,5,4446.30,3,4446.20,9,4446.10,7,4446.00,16,4445.90,15,4445.80,19,4445.70,14,4445.60,20,4446.80,3,4446.90,5,4447.00,7,4447.10,6,4447.20,7,4447.30,8,4447.40,17,4447.50,15,4447.60,18,4447.70,14,Sell,20,60,80,-40.00,-1.00,-47.00,1.50,53.3,4447.40,4447.40,4445.90,4446.60,110,75,185,35.00,36.00,-5.00,2.00,45.0,36,168,0.0286,0.1750,-196.00,-376.00,4427.06,2.3865,UP,224.15,0.8253,2.0672
20260810 195903 028,4446.60,2,4446.40,4446.60,0.20,4446.40,1,4446.30,3,4446.20,9,4446.10,7,4446.00,16,4445.90,15,4445.80,19,4445.70,14,4445.60,20,4445.50,16,4446.60,2,4446.70,3,4446.80,3,4446.90,6,4447.00,7,4447.10,6,4447.20,7,4447.30,8,4447.40,17,4447.50,15,Buy,22,60,82,-38.00,-1.00,-47.00,1.50,53.3,4447.40,4447.40,4445.90,4446.60,110,75,185,35.00,36.00,-5.00,2.00,45.0,36,168,0.0286,0.2368,-194.00,-374.00,4427.06,2.3865,UP,224.15,0.8253,2.0672
20260810 195903 062,4446.40,1,4446.30,4446.60,0.30,4446.30,3,4446.20,6,4446.10,5,4446.00,6,4445.90,6,4445.80,19,4445.70,14,4445.60,20,4445.50,16,4445.40,23,4446.60,6,4446.70,4,4446.80,6,4446.90,6,4447.00,7,4447.10,16,4447.20,17,4447.30,18,4447.40,17,4447.50,15,Sell,22,61,83,-39.00,-1.00,-47.00,1.50,66.7,4447.40,4447.40,4445.90,4446.40,110,75,185,35.00,36.00,-5.00,2.00,45.0,36,168,0.0286,0.2051,-195.00,-375.00,4427.04,2.3802,UP,224.15,0.8253,2.0672
20260810 195903 062,4446.40,1,4446.30,4446.60,0.30,4446.30,3,4446.20,6,4446.10,5,4446.00,6,4445.90,6,4445.80,19,4445.70,14,4445.60,20,4445.50,16,4445.40,23,4446.60,6,4446.70,4,4446.80,6,4446.90,6,4447.00,7,4447.10,16,4447.20,17,4447.30,18,4447.40,17,4447.50,15,Sell,22,62,84,-40.00,-1.00,-47.00,1.50,66.7,4447.40,4447.40,4445.90,4446.40,110,75,185,35.00,36.00,-5.00,2.00,45.0,36,168,0.0286,0.1750,-196.00,-376.00,4427.04,2.3802,UP,224.15,0.8253,2.0672
20260810 195903 062,4446.40,1,4446.30,4446.60,0.30,4446.30,3,4446.20,6,4446.10,5,4446.00,6,4445.90,6,4445.80,19,4445.70,14,4445.60,20,4445.50,16,4445.40,23,4446.60,6,4446.70,4,4446.80,6,4446.90,6,4447.00,7,4447.10,16,4447.20,17,4447.30,18,4447.40,17,4447.50,15,Sell,22,63,85,-41.00,-1.00,-47.00,1.50,66.7,4447.40,4447.40,4445.90,4446.40,110,75,185,35.00,36.00,-5.00,2.00,45.0,36,168,0.0286,0.1463,-197.00,-377.00,4427.04,2.3802,UP,224.15,0.8253,2.0672
20260810 195903 062,4446.40,1,4446.30,4446.60,0.30,4446.30,3,4446.20,6,4446.10,5,4446.00,6,4445.90,6,4445.80,19,4445.70,14,4445.60,20,4445.50,16,4445.40,23,4446.60,6,4446.70,4,4446.80,6,4446.90,6,4447.00,7,4447.10,16,4447.20,17,4447.30,18,4447.40,17,4447.50,15,Sell,22,64,86,-42.00,-1.00,-47.00,1.50,66.7,4447.40,4447.40,4445.90,4446.40,110,75,185,35.00,36.00,-5.00,2.00,45.0,36,168,0.0286,0.1190,-198.00,-378.00,4427.04,2.3802,UP,224.15,0.8253,2.0672
20260810 195903 541,4446.60,1,4446.40,4446.60,0.20,4446.40,2,4446.30,4,4446.20,6,4446.10,6,4446.00,6,4445.90,15,4445.80,19,4445.70,14,4445.60,20,4445.50,16,4446.60,1,4446.70,4,4446.80,7,4446.90,6,4447.00,7,4447.10,6,4447.20,7,4447.30,18,4447.40,17,4447.50,15,Buy,23,64,87,-41.00,-1.00,-47.00,1.50,53.3,4447.40,4447.40,4445.90,4446.60,110,75,185,35.00,36.00,-5.00,2.00,45.0,36,168,0.0286,0.1463,-197.00,-377.00,4427.06,2.3865,UP,224.15,0.8253,2.0672
20260810 195903 573,4446.50,1,4446.40,4446.60,0.20,4446.40,2,4446.30,4,4446.20,6,4446.10,6,4446.00,6,4445.90,15,4445.80,19,4445.70,14,4445.60,20,4445.50,16,4446.60,1,4446.70,4,4446.80,7,4446.90,6,4447.00,7,4447.10,6,4447.20,7,4447.30,18,4447.40,17,4447.50,15,Sell,23,65,88,-42.00,-1.00,-47.00,1.50,60.0,4447.40,4447.40,4445.90,4446.50,110,75,185,35.00,36.00,-5.00,2.00,45.0,36,168,0.0286,0.1190,-198.00,-378.00,4427.05,2.3833,UP,224.15,0.8253,2.0672
20260810 195903 573,4446.50,1,4446.40,4446.60,0.20,4446.40,2,4446.30,4,4446.20,6,4446.10,6,4446.00,6,4445.90,15,4445.80,19,4445.70,14,4445.60,20,4445.50,16,4446.60,1,4446.70,4,4446.80,7,4446.90,6,4447.00,7,4447.10,6,4447.20,7,4447.30,18,4447.40,17,4447.50,15,Sell,23,66,89,-43.00,-1.00,-47.00,1.50,60.0,4447.40,4447.40,4445.90,4446.50,110,75,185,35.00,36.00,-5.00,2.00,45.0,36,168,0.0286,0.0930,-199.00,-379.00,4427.05,2.3833,UP,224.15,0.8253,2.0672
20260810 195903 573,4446.50,1,4446.40,4446.60,0.20,4446.40,2,4446.30,4,4446.20,6,4446.10,6,4446.00,6,4445.90,15,4445.80,19,4445.70,14,4445.60,20,4445.50,16,4446.60,1,4446.70,4,4446.80,7,4446.90,6,4447.00,7,4447.10,6,4447.20,7,4447.30,18,4447.40,17,4447.50,15,Sell,23,67,90,-44.00,-1.00,-47.00,1.50,60.0,4447.40,4447.40,4445.90,4446.50,110,75,185,35.00,36.00,-5.00,2.00,45.0,36,168,0.0286,0.0682,-200.00,-380.00,4427.05,2.3833,UP,224.15,0.8253,2.0672
20260810 195904 718,4446.40,1,4446.40,4446.60,0.20,4446.40,4,4446.30,4,4446.20,6,4446.10,6,4446.00,7,4445.90,15,4445.80,19,4445.70,14,4445.60,20,4445.50,16,4446.70,4,4446.80,8,4446.90,5,4447.00,7,4447.10,6,4447.20,7,4447.30,18,4447.40,17,4447.50,15,4447.60,18,Sell,23,68,91,-45.00,-1.00,-47.00,1.50,66.7,4447.40,4447.40,4445.90,4446.40,110,75,185,35.00,36.00,-5.00,2.00,45.0,36,168,0.0286,0.0444,-201.00,-381.00,4427.04,2.3802,UP,224.15,0.8253,2.0672
20260810 195906 451,4446.50,1,4446.30,4446.60,0.30,4446.30,3,4446.20,4,4446.10,6,4446.00,6,4445.90,6,4445.80,19,4445.70,14,4445.60,20,4445.50,16,4445.40,23,4446.60,4,4446.70,5,4446.80,7,4446.90,6,4447.00,7,4447.10,16,4447.20,17,4447.30,18,4447.40,17,4447.50,15,Sell,23,69,92,-46.00,-1.00,-47.00,1.50,60.0,4447.40,4447.40,4445.90,4446.50,110,75,185,35.00,36.00,-5.00,2.00,45.0,36,168,0.0286,0.0217,-202.00,-382.00,4427.05,2.3833,UP,224.15,0.8253,2.0672
20260810 195906 451,4446.50,1,4446.30,4446.60,0.30,4446.30,3,4446.20,4,4446.10,6,4446.00,6,4445.90,6,4445.80,19,4445.70,14,4445.60,20,4445.50,16,4445.40,23,4446.60,4,4446.70,5,4446.80,7,4446.90,6,4447.00,7,4447.10,16,4447.20,17,4447.30,18,4447.40,17,4447.50,15,Sell,23,70,93,-47.00,-1.00,-47.00,1.50,60.0,4447.40,4447.40,4445.90,4446.50,110,75,185,35.00,36.00,-5.00,2.00,45.0,36,168,0.0286,0.0000,-203.00,-383.00,4427.05,2.3833,UP,224.15,0.8253,2.0672
20260810 195906 914,4446.60,1,4446.50,4446.70,0.20,4446.50,1,4446.40,5,4446.30,4,4446.20,4,4446.10,6,4446.00,7,4445.90,6,4445.80,19,4445.70,14,4445.60,20,4446.70,2,4446.80,7,4446.90,5,4447.00,7,4447.10,16,4447.20,17,4447.30,18,4447.40,17,4447.50,15,4447.60,18,Buy,24,70,94,-46.00,-1.00,-47.00,1.50,53.3,4447.40,4447.40,4445.90,4446.60,110,75,185,35.00,36.00,-5.00,2.00,45.0,36,168,0.0286,0.0217,-202.00,-382.00,4427.06,2.3865,UP,224.15,0.8253,2.0672
20260810 195907 297,4446.50,1,4446.50,4446.70,0.20,4446.50,1,4446.40,5,4446.30,4,4446.20,4,4446.10,6,4446.00,7,4445.90,6,4445.80,19,4445.70,14,4445.60,20,4446.70,3,4446.80,7,4446.90,6,4447.00,7,4447.10,16,4447.20,17,4447.30,18,4447.40,17,4447.50,15,4447.60,18,Sell,24,71,95,-47.00,-1.00,-47.00,1.50,60.0,4447.40,4447.40,4445.90,4446.50,110,75,185,35.00,36.00,-5.00,2.00,45.0,36,168,0.0286,0.0000,-203.00,-383.00,4427.05,2.3833,UP,224.15,0.8253,2.0672
20260810 195907 399,4446.50,1,4446.50,4446.70,0.20,4446.50,1,4446.40,5,4446.30,4,4446.20,6,4446.10,6,4446.00,7,4445.90,6,4445.80,19,4445.70,14,4445.60,20,4446.70,2,4446.80,7,4446.90,5,4447.00,7,4447.10,16,4447.20,17,4447.30,18,4447.40,17,4447.50,15,4447.60,18,Sell,24,72,96,-48.00,-1.00,-48.00,1.50,60.0,4447.40,4447.40,4445.90,4446.50,110,75,185,35.00,36.00,-5.00,2.00,45.0,36,168,0.0286,0.0000,-204.00,-384.00,4427.05,2.3833,UP,224.15,0.8253,2.0672
20260810 195907 582,4446.50,1,4446.40,4446.70,0.30,4446.40,3,4446.30,4,4446.20,6,4446.10,6,4446.00,7,4445.90,6,4445.80,19,4445.70,14,4445.60,20,4445.50,16,4446.70,3,4446.80,8,4446.90,5,4447.00,7,4447.10,16,4447.20,17,4447.30,18,4447.40,17,4447.50,15,4447.60,18,Sell,24,73,97,-49.00,-1.00,-49.00,1.50,60.0,4447.40,4447.40,4445.90,4446.50,110,75,185,35.00,36.00,-5.00,2.00,45.0,36,168,0.0286,0.0000,-205.00,-385.00,4427.05,2.3833,UP,224.15,0.8253,2.0672
20260810 195907 582,4446.40,1,4446.40,4446.70,0.30,4446.40,3,4446.30,4,4446.20,6,4446.10,6,4446.00,7,4445.90,6,4445.80,19,4445.70,14,4445.60,20,4445.50,16,4446.70,3,4446.80,8,4446.90,5,4447.00,7,4447.10,16,4447.20,17,4447.30,18,4447.40,17,4447.50,15,4447.60,18,Sell,24,74,98,-50.00,-1.00,-50.00,1.50,66.7,4447.40,4447.40,4445.90,4446.40,110,75,185,35.00,36.00,-5.00,2.00,45.0,36,168,0.0286,0.0000,-206.00,-386.00,4427.04,2.3802,UP,224.15,0.8253,2.0672
20260810 195908 499,4446.60,1,4446.40,4446.70,0.30,4446.40,6,4446.30,4,4446.20,6,4446.10,6,4446.00,8,4445.90,6,4445.80,19,4445.70,14,4445.60,20,4445.50,16,4446.70,2,4446.80,7,4446.90,4,4447.00,7,4447.10,6,4447.20,17,4447.30,18,4447.40,17,4447.50,15,4447.60,18,Buy,25,74,99,-49.00,-1.00,-50.00,1.50,53.3,4447.40,4447.40,4445.90,4446.60,110,75,185,35.00,36.00,-5.00,2.00,45.0,36,168,0.0286,0.0204,-205.00,-385.00,4427.06,2.3865,UP,224.15,0.8253,2.0672
20260810 195908 499,4446.60,1,4446.40,4446.70,0.30,4446.40,6,4446.30,4,4446.20,6,4446.10,6,4446.00,8,4445.90,6,4445.80,19,4445.70,14,4445.60,20,4445.50,16,4446.70,2,4446.80,7,4446.90,4,4447.00,7,4447.10,6,4447.20,17,4447.30,18,4447.40,17,4447.50,15,4447.60,18,Buy,26,74,100,-48.00,-1.00,-50.00,1.50,53.3,4447.40,4447.40,4445.90,4446.60,110,75,185,35.00,36.00,-5.00,2.00,45.0,36,168,0.0286,0.0417,-204.00,-384.00,4427.06,2.3865,UP,224.15,0.8253,2.0672
20260810 195909 121,4446.60,1,4446.40,4446.70,0.30,4446.40,4,4446.30,4,4446.20,6,4446.10,6,4446.00,8,4445.90,6,4445.80,19,4445.70,14,4445.60,20,4445.50,16,4446.70,2,4446.80,8,4446.90,5,4447.00,7,4447.10,6,4447.20,17,4447.30,18,4447.40,17,4447.50,15,4447.60,18,Buy,27,74,101,-47.00,-1.00,-50.00,1.50,53.3,4447.40,4447.40,4445.90,4446.60,110,75,185,35.00,36.00,-5.00,2.00,45.0,36,168,0.0286,0.0638,-203.00,-383.00,4427.06,2.3865,UP,224.15,0.8253,2.0672
20260810 195909 121,4446.60,1,4446.40,4446.70,0.30,4446.40,4,4446.30,4,4446.20,6,4446.10,6,4446.00,8,4445.90,6,4445.80,19,4445.70,14,4445.60,20,4445.50,16,4446.70,2,4446.80,8,4446.90,5,4447.00,7,4447.10,6,4447.20,17,4447.30,18,4447.40,17,4447.50,15,4447.60,18,Buy,28,74,102,-46.00,-1.00,-50.00,1.50,53.3,4447.40,4447.40,4445.90,4446.60,110,75,185,35.00,36.00,-5.00,2.00,45.0,36,168,0.0286,0.0870,-202.00,-382.00,4427.06,2.3865,UP,224.15,0.8253,2.0672
20260810 195911 037,4446.40,2,4446.20,4446.40,0.20,4446.20,3,4446.10,5,4446.00,7,4445.90,6,4445.80,19,4445.70,14,4445.60,20,4445.50,16,4445.40,23,4445.30,16,4446.40,2,4446.50,3,4446.60,7,4446.70,5,4446.80,7,4446.90,5,4447.00,7,4447.10,16,4447.20,17,4447.30,18,Buy,30,74,104,-44.00,-1.00,-50.00,1.50,66.7,4447.40,4447.40,4445.90,4446.40,110,75,185,35.00,36.00,-5.00,2.00,45.0,36,168,0.0286,0.1364,-200.00,-380.00,4427.04,2.3802,UP,224.15,0.8253,2.0672
20260810 195911 038,4446.40,1,4446.20,4446.40,0.20,4446.20,3,4446.10,5,4446.00,7,4445.90,6,4445.80,19,4445.70,14,4445.60,20,4445.50,16,4445.40,23,4445.30,16,4446.40,2,4446.50,3,4446.60,7,4446.70,5,4446.80,7,4446.90,5,4447.00,7,4447.10,16,4447.20,17,4447.30,18,Sell,30,75,105,-45.00,-1.00,-50.00,1.50,66.7,4447.40,4447.40,4445.90,4446.40,110,75,185,35.00,36.00,-5.00,2.00,45.0,36,168,0.0286,0.1111,-201.00,-381.00,4427.04,2.3802,UP,224.15,0.8253,2.0672
20260810 195911 328,4446.50,1,4446.30,4446.50,0.20,4446.30,1,4446.20,5,4446.10,5,4446.00,7,4445.90,6,4445.80,20,4445.70,14,4445.60,20,4445.50,16,4445.40,23,4446.50,3,4446.60,4,4446.70,5,4446.80,7,4446.90,5,4447.00,7,4447.10,16,4447.20,17,4447.30,18,4447.40,17,Buy,31,75,106,-44.00,-1.00,-50.00,1.50,60.0,4447.40,4447.40,4445.90,4446.50,110,75,185,35.00,36.00,-5.00,2.00,45.0,36,168,0.0286,0.1364,-200.00,-380.00,4427.05,2.3833,UP,224.15,0.8253,2.0672
20260810 195911 328,4446.50,1,4446.30,4446.50,0.20,4446.30,1,4446.20,5,4446.10,5,4446.00,7,4445.90,6,4445.80,20,4445.70,14,4445.60,20,4445.50,16,4445.40,23,4446.50,3,4446.60,4,4446.70,5,4446.80,7,4446.90,5,4447.00,7,4447.10,16,4447.20,17,4447.30,18,4447.40,17,Buy,32,75,107,-43.00,-1.00,-50.00,1.50,60.0,4447.40,4447.40,4445.90,4446.50,110,75,185,35.00,36.00,-5.00,2.00,45.0,36,168,0.0286,0.1628,-199.00,-379.00,4427.05,2.3833,UP,224.15,0.8253,2.0672
20260810 195911 328,4446.60,1,4446.30,4446.50,0.20,4446.30,1,4446.20,5,4446.10,5,4446.00,7,4445.90,6,4445.80,20,4445.70,14,4445.60,20,4445.50,16,4445.40,23,4446.50,3,4446.60,4,4446.70,5,4446.80,7,4446.90,5,4447.00,7,4447.10,16,4447.20,17,4447.30,18,4447.40,17,Buy,33,75,108,-42.00,-1.00,-50.00,1.50,53.3,4447.40,4447.40,4445.90,4446.60,110,75,185,35.00,36.00,-5.00,2.00,45.0,36,168,0.0286,0.1905,-198.00,-378.00,4427.06,2.3865,UP,224.15,0.8253,2.0672
20260810 195911 328,4446.60,1,4446.30,4446.50,0.20,4446.30,1,4446.20,5,4446.10,5,4446.00,7,4445.90,6,4445.80,20,4445.70,14,4445.60,20,4445.50,16,4445.40,23,4446.50,3,4446.60,4,4446.70,5,4446.80,7,4446.90,5,4447.00,7,4447.10,16,4447.20,17,4447.30,18,4447.40,17,Buy,34,75,109,-41.00,-1.00,-50.00,1.50,53.3,4447.40,4447.40,4445.90,4446.60,110,75,185,35.00,36.00,-5.00,2.00,45.0,36,168,0.0286,0.2195,-197.00,-377.00,4427.06,2.3865,UP,224.15,0.8253,2.0672
20260810 195911 328,4446.60,1,4446.30,4446.50,0.20,4446.30,1,4446.20,5,4446.10,5,4446.00,7,4445.90,6,4445.80,20,4445.70,14,4445.60,20,4445.50,16,4445.40,23,4446.50,3,4446.60,4,4446.70,5,4446.80,7,4446.90,5,4447.00,7,4447.10,16,4447.20,17,4447.30,18,4447.40,17,Buy,35,75,110,-40.00,-1.00,-50.00,1.50,53.3,4447.40,4447.40,4445.90,4446.60,110,75,185,35.00,36.00,-5.00,2.00,45.0,36,168,0.0286,0.2500,-196.00,-376.00,4427.06,2.3865,UP,224.15,0.8253,2.0672
20260810 195911 469,4446.40,1,4446.30,4446.40,0.10,4446.30,2,4446.20,5,4446.10,5,4446.00,7,4445.90,6,4445.80,20,4445.70,14,4445.60,20,4445.50,16,4445.40,23,4446.40,1,4446.50,2,4446.60,4,4446.70,5,4446.80,7,4446.90,5,4447.00,7,4447.10,16,4447.20,17,4447.30,18,Buy,36,75,111,-39.00,-1.00,-50.00,1.50,66.7,4447.40,4447.40,4445.90,4446.40,110,75,185,35.00,36.00,-5.00,2.00,45.0,36,168,0.0286,0.2821,-195.00,-375.00,4427.04,2.3802,UP,224.15,0.8253,2.0672
20260810 195912 136,4446.30,1,4446.30,4446.40,0.10,4446.20,5,4446.10,5,4446.00,7,4445.90,6,4445.80,20,4445.70,14,4445.60,20,4445.50,16,4445.40,23,4445.30,16,4446.40,1,4446.50,2,4446.60,4,4446.70,5,4446.80,7,4446.90,5,4447.00,7,4447.10,16,4447.20,17,4447.30,18,Sell,36,76,112,-40.00,-1.00,-50.00,1.50,73.3,4447.40,4447.40,4445.90,4446.30,110,75,185,35.00,36.00,-5.00,2.00,45.0,36,168,0.0286,0.2500,-196.00,-376.00,4427.03,2.3770,UP,224.15,0.8253,2.0672
20260810 195912 155,4446.40,1,4446.30,4446.40,0.10,4446.30,4,4446.20,5,4446.10,5,4446.00,7,4445.90,6,4445.80,20,4445.70,14,4445.60,20,4445.50,16,4445.40,23,4446.50,2,4446.60,4,4446.70,4,4446.80,7,4446.90,5,4447.00,7,4447.10,16,4447.20,17,4447.30,18,4447.40,17,Buy,37,76,113,-39.00,-1.00,-50.00,1.50,66.7,4447.40,4447.40,4445.90,4446.40,110,75,185,35.00,36.00,-5.00,2.00,45.0,36,168,0.0286,0.2821,-195.00,-375.00,4427.04,2.3802,UP,224.15,0.8253,2.0672
20260810 195912 155,4446.40,1,4446.30,4446.40,0.10,4446.30,4,4446.20,5,4446.10,5,4446.00,7,4445.90,6,4445.80,20,4445.70,14,4445.60,20,4445.50,16,4445.40,23,4446.50,2,4446.60,4,4446.70,4,4446.80,7,4446.90,5,4447.00,7,4447.10,16,4447.20,17,4447.30,18,4447.40,17,Buy,38,76,114,-38.00,-1.00,-50.00,1.50,66.7,4447.40,4447.40,4445.90,4446.40,110,75,185,35.00,36.00,-5.00,2.00,45.0,36,168,0.0286,0.3158,-194.00,-374.00,4427.04,2.3802,UP,224.15,0.8253,2.0672
20260810 195912 155,4446.40,1,4446.30,4446.40,0.10,4446.30,4,4446.20,5,4446.10,5,4446.00,7,4445.90,6,4445.80,20,4445.70,14,4445.60,20,4445.50,16,4445.40,23,4446.50,2,4446.60,4,4446.70,4,4446.80,7,4446.90,5,4447.00,7,4447.10,16,4447.20,17,4447.30,18,4447.40,17,Buy,39,76,115,-37.00,-1.00,-50.00,1.50,66.7,4447.40,4447.40,4445.90,4446.40,110,75,185,35.00,36.00,-5.00,2.00,45.0,36,168,0.0286,0.3514,-193.00,-373.00,4427.04,2.3802,UP,224.15,0.8253,2.0672
20260810 195912 274,4446.30,1,4446.20,4446.40,0.20,4446.20,3,4446.10,5,4446.00,7,4445.90,6,4445.80,20,4445.70,14,4445.60,20,4445.50,16,4445.40,23,4445.30,16,4446.40,1,4446.50,3,4446.60,4,4446.70,6,4446.80,7,4446.90,5,4447.00,7,4447.10,16,4447.20,17,4447.30,18,Sell,39,77,116,-38.00,-1.00,-50.00,1.50,73.3,4447.40,4447.40,4445.90,4446.30,110,75,185,35.00,36.00,-5.00,2.00,45.0,36,168,0.0286,0.3158,-194.00,-374.00,4427.03,2.3770,UP,224.15,0.8253,2.0672
20260810 195912 408,4446.40,1,4446.20,4446.40,0.20,4446.20,3,4446.10,5,4446.00,7,4445.90,6,4445.80,20,4445.70,14,4445.60,20,4445.50,16,4445.40,23,4445.30,16,4446.50,3,4446.60,5,4446.70,4,4446.80,7,4446.90,5,4447.00,7,4447.10,16,4447.20,17,4447.30,18,4447.40,17,Buy,40,77,117,-37.00,-1.00,-50.00,1.50,66.7,4447.40,4447.40,4445.90,4446.40,110,75,185,35.00,36.00,-5.00,2.00,45.0,36,168,0.0286,0.3514,-193.00,-373.00,4427.04,2.3802,UP,224.15,0.8253,2.0672
20260810 195913 238,4446.60,2,4446.40,4446.60,0.20,4446.40,1,4446.30,5,4446.20,4,4446.10,5,4446.00,7,4445.90,6,4445.80,11,4445.70,14,4445.60,20,4445.50,16,4446.60,5,4446.70,4,4446.80,7,4446.90,5,4447.00,7,4447.10,16,4447.20,17,4447.30,18,4447.40,17,4447.50,15,Buy,42,77,119,-35.00,-1.00,-50.00,1.50,53.3,4447.40,4447.40,4445.90,4446.60,110,75,185,35.00,36.00,-5.00,2.00,45.0,36,168,0.0286,0.4286,-191.00,-371.00,4427.06,2.3865,UP,224.15,0.8253,2.0672
20260810 195914 281,4446.30,1,4446.40,4446.60,0.20,4446.40,3,4446.30,6,4446.20,6,4446.10,6,4446.00,7,4445.90,6,4445.80,20,4445.70,14,4445.60,20,4445.50,16,4446.60,3,4446.70,3,4446.80,7,4446.90,5,4447.00,7,4447.10,6,4447.20,17,4447.30,18,4447.40,17,4447.50,15,Sell,42,78,120,-36.00,-1.00,-50.00,1.50,73.3,4447.40,4447.40,4445.90,4446.30,110,75,185,35.00,36.00,-5.00,2.00,45.0,36,168,0.0286,0.3889,-192.00,-372.00,4427.03,2.3770,UP,224.15,0.8253,2.0672
20260810 195914 281,4446.30,1,4446.40,4446.60,0.20,4446.40,3,4446.30,6,4446.20,6,4446.10,6,4446.00,7,4445.90,6,4445.80,20,4445.70,14,4445.60,20,4445.50,16,4446.60,3,4446.70,3,4446.80,7,4446.90,5,4447.00,7,4447.10,6,4447.20,17,4447.30,18,4447.40,17,4447.50,15,Sell,42,79,121,-37.00,-1.00,-50.00,1.50,73.3,4447.40,4447.40,4445.90,4446.30,110,75,185,35.00,36.00,-5.00,2.00,45.0,36,168,0.0286,0.3514,-193.00,-373.00,4427.03,2.3770,UP,224.15,0.8253,2.0672
20260810 195915 324,4446.30,1,4446.30,4446.60,0.30,4446.30,5,4446.20,6,4446.10,5,4446.00,7,4445.90,6,4445.80,20,4445.70,14,4445.60,20,4445.50,16,4445.40,23,4446.60,3,4446.70,4,4446.80,7,4446.90,5,4447.00,7,4447.10,6,4447.20,17,4447.30,18,4447.40,17,4447.50,15,Sell,42,80,122,-38.00,-1.00,-50.00,1.50,73.3,4447.40,4447.40,4445.90,4446.30,110,75,185,35.00,36.00,-5.00,2.00,45.0,36,168,0.0286,0.3158,-194.00,-374.00,4427.03,2.3770,UP,224.15,0.8253,2.0672
20260810 195915 350,4446.60,1,4446.30,4446.60,0.30,4446.30,5,4446.20,6,4446.10,5,4446.00,7,4445.90,6,4445.80,20,4445.70,14,4445.60,20,4445.50,16,4445.40,23,4446.60,3,4446.70,4,4446.80,7,4446.90,5,4447.00,7,4447.10,6,4447.20,17,4447.30,18,4447.40,17,4447.50,15,Buy,43,80,123,-37.00,-1.00,-50.00,1.50,53.3,4447.40,4447.40,4445.90,4446.60,110,75,185,35.00,36.00,-5.00,2.00,45.0,36,168,0.0286,0.3514,-193.00,-373.00,4427.06,2.3865,UP,224.15,0.8253,2.0672
20260810 195916 942,4446.50,1,4446.40,4446.60,0.20,4446.40,3,4446.30,4,4446.20,5,4446.10,6,4446.00,7,4445.90,6,4445.80,19,4445.70,14,4445.60,20,4445.50,16,4446.60,1,4446.70,3,4446.80,7,4446.90,5,4447.00,7,4447.10,16,4447.20,17,4447.30,18,4447.40,17,4447.50,15,Buy,44,80,124,-36.00,-1.00,-50.00,1.50,60.0,4447.40,4447.40,4445.90,4446.50,110,75,185,35.00,36.00,-5.00,2.00,45.0,36,168,0.0286,0.3889,-192.00,-372.00,4427.05,2.3833,UP,224.15,0.8253,2.0672
20260810 195918 503,4446.40,5,4446.30,4446.50,0.20,4446.30,3,4446.20,5,4446.10,5,4446.00,7,4445.90,6,4445.80,19,4445.70,14,4445.60,20,4445.50,16,4445.40,23,4446.50,2,4446.60,4,4446.70,3,4446.80,8,4446.90,5,4447.00,8,4447.10,16,4447.20,18,4447.30,19,4447.40,17,Sell,44,85,129,-41.00,-1.00,-50.00,1.50,66.7,4447.40,4447.40,4445.90,4446.40,110,75,185,35.00,36.00,-5.00,2.00,45.0,36,168,0.0286,0.2195,-197.00,-377.00,4427.04,2.3802,UP,224.15,0.8253,2.0672
20260810 195919 529,4446.20,1,4446.20,4446.40,0.20,4446.20,1,4446.10,5,4446.00,7,4445.90,6,4445.80,9,4445.70,14,4445.60,20,4445.50,16,4445.40,23,4445.30,16,4446.40,2,4446.50,3,4446.60,7,4446.70,6,4446.80,9,4446.90,5,4447.00,17,4447.10,16,4447.20,18,4447.30,19,Sell,44,86,130,-42.00,-1.00,-50.00,1.50,80.0,4447.40,4447.40,4445.90,4446.20,110,75,185,35.00,36.00,-5.00,2.00,45.0,36,168,0.0286,0.1905,-198.00,-378.00,4427.02,2.3738,UP,224.15,0.8253,2.0672
20260810 195923 373,4446.50,1,4446.30,4446.50,0.20,4446.30,5,4446.20,8,4446.10,6,4446.00,8,4445.90,6,4445.80,19,4445.70,14,4445.60,20,4445.50,16,4445.40,23,4446.50,1,4446.60,4,4446.70,2,4446.80,9,4446.90,6,4447.00,7,4447.10,16,4447.20,18,4447.30,19,4447.40,17,Buy,45,86,131,-41.00,-1.00,-50.00,1.50,60.0,4447.40,4447.40,4445.90,4446.50,110,75,185,35.00,36.00,-5.00,2.00,45.0,36,168,0.0286,0.2195,-197.00,-377.00,4427.05,2.3833,UP,224.15,0.8253,2.0672
20260810 195924 211,4446.40,1,4446.40,4446.60,0.20,4446.40,2,4446.30,5,4446.20,8,4446.10,6,4446.00,8,4445.90,6,4445.80,19,4445.70,14,4445.60,20,4445.50,16,4446.60,2,4446.70,2,4446.80,9,4446.90,6,4447.00,7,4447.10,16,4447.20,18,4447.30,19,4447.40,17,4447.50,15,Sell,45,87,132,-42.00,-1.00,-50.00,1.50,66.7,4447.40,4447.40,4445.90,4446.40,110,75,185,35.00,36.00,-5.00,2.00,45.0,36,168,0.0286,0.1905,-198.00,-378.00,4427.04,2.3802,UP,224.15,0.8253,2.0672
20260810 195924 973,4446.40,1,4446.40,4446.60,0.20,4446.40,4,4446.30,5,4446.20,8,4446.10,6,4446.00,8,4445.90,6,4445.80,19,4445.70,14,4445.60,20,4445.50,16,4446.60,1,4446.70,2,4446.80,9,4446.90,6,4447.00,7,4447.10,16,4447.20,18,4447.30,19,4447.40,17,4447.50,15,Sell,45,88,133,-43.00,-1.00,-50.00,1.50,66.7,4447.40,4447.40,4445.90,4446.40,110,75,185,35.00,36.00,-5.00,2.00,45.0,36,168,0.0286,0.1628,-199.00,-379.00,4427.04,2.3802,UP,224.15,0.8253,2.0672
20260810 195924 973,4446.40,1,4446.40,4446.60,0.20,4446.40,4,4446.30,5,4446.20,8,4446.10,6,4446.00,8,4445.90,6,4445.80,19,4445.70,14,4445.60,20,4445.50,16,4446.60,1,4446.70,2,4446.80,9,4446.90,6,4447.00,7,4447.10,16,4447.20,18,4447.30,19,4447.40,17,4447.50,15,Sell,45,89,134,-44.00,-1.00,-50.00,1.50,66.7,4447.40,4447.40,4445.90,4446.40,110,75,185,35.00,36.00,-5.00,2.00,45.0,36,168,0.0286,0.1364,-200.00,-380.00,4427.04,2.3802,UP,224.15,0.8253,2.0672
20260810 195924 973,4446.40,1,4446.40,4446.60,0.20,4446.40,4,4446.30,5,4446.20,8,4446.10,6,4446.00,8,4445.90,6,4445.80,19,4445.70,14,4445.60,20,4445.50,16,4446.60,1,4446.70,2,4446.80,9,4446.90,6,4447.00,7,4447.10,16,4447.20,18,4447.30,19,4447.40,17,4447.50,15,Sell,45,90,135,-45.00,-1.00,-50.00,1.50,66.7,4447.40,4447.40,4445.90,4446.40,110,75,185,35.00,36.00,-5.00,2.00,45.0,36,168,0.0286,0.1111,-201.00,-381.00,4427.04,2.3802,UP,224.15,0.8253,2.0672
20260810 195925 443,4446.40,1,4446.20,4446.50,0.30,4446.20,7,4446.10,5,4446.00,8,4445.90,5,4445.80,10,4445.70,14,4445.60,20,4445.50,16,4445.40,23,4445.30,16,4446.50,2,4446.60,8,4446.70,5,4446.80,9,4446.90,6,4447.00,7,4447.10,16,4447.20,18,4447.30,19,4447.40,17,Sell,45,91,136,-46.00,-1.00,-50.00,1.50,66.7,4447.40,4447.40,4445.90,4446.40,110,75,185,35.00,36.00,-5.00,2.00,45.0,36,168,0.0286,0.0870,-202.00,-382.00,4427.04,2.3802,UP,224.15,0.8253,2.0672
20260810 195925 443,4446.40,1,4446.20,4446.50,0.30,4446.20,7,4446.10,5,4446.00,8,4445.90,5,4445.80,10,4445.70,14,4445.60,20,4445.50,16,4445.40,23,4445.30,16,4446.50,2,4446.60,8,4446.70,5,4446.80,9,4446.90,6,4447.00,7,4447.10,16,4447.20,18,4447.30,19,4447.40,17,Sell,45,92,137,-47.00,-1.00,-50.00,1.50,66.7,4447.40,4447.40,4445.90,4446.40,110,75,185,35.00,36.00,-5.00,2.00,45.0,36,168,0.0286,0.0638,-203.00,-383.00,4427.04,2.3802,UP,224.15,0.8253,2.0672
20260810 195925 443,4446.40,1,4446.20,4446.50,0.30,4446.20,7,4446.10,5,4446.00,8,4445.90,5,4445.80,10,4445.70,14,4445.60,20,4445.50,16,4445.40,23,4445.30,16,4446.50,2,4446.60,8,4446.70,5,4446.80,9,4446.90,6,4447.00,7,4447.10,16,4447.20,18,4447.30,19,4447.40,17,Sell,45,93,138,-48.00,-1.00,-50.00,1.50,66.7,4447.40,4447.40,4445.90,4446.40,110,75,185,35.00,36.00,-5.00,2.00,45.0,36,168,0.0286,0.0417,-204.00,-384.00,4427.04,2.3802,UP,224.15,0.8253,2.0672
20260810 195925 445,4446.30,1,4446.20,4446.50,0.30,4446.20,7,4446.10,5,4446.00,8,4445.90,5,4445.80,10,4445.70,14,4445.60,20,4445.50,16,4445.40,23,4445.30,16,4446.50,2,4446.60,8,4446.70,5,4446.80,9,4446.90,6,4447.00,7,4447.10,16,4447.20,18,4447.30,19,4447.40,17,Sell,45,94,139,-49.00,-1.00,-50.00,1.50,73.3,4447.40,4447.40,4445.90,4446.30,110,75,185,35.00,36.00,-5.00,2.00,45.0,36,168,0.0286,0.0204,-205.00,-385.00,4427.03,2.3770,UP,224.15,0.8253,2.0672
20260810 195926 242,4446.40,1,4446.20,4446.50,0.30,4446.20,7,4446.10,5,4446.00,9,4445.90,6,4445.80,10,4445.70,14,4445.60,20,4445.50,16,4445.40,23,4445.30,16,4446.50,2,4446.60,4,4446.70,4,4446.80,9,4446.90,6,4447.00,7,4447.10,16,4447.20,18,4447.30,21,4447.40,18,Buy,46,94,140,-48.00,-1.00,-50.00,1.50,66.7,4447.40,4447.40,4445.90,4446.40,110,75,185,35.00,36.00,-5.00,2.00,45.0,36,168,0.0286,0.0417,-204.00,-384.00,4427.04,2.3802,UP,224.15,0.8253,2.0672
20260810 195928 562,4446.40,2,4446.30,4446.50,0.20,4446.30,1,4446.20,6,4446.10,6,4446.00,9,4445.90,6,4445.80,10,4445.70,14,4445.60,20,4445.50,16,4445.40,23,4446.50,3,4446.60,6,4446.70,5,4446.80,9,4446.90,6,4447.00,17,4447.10,16,4447.20,18,4447.30,20,4447.40,18,Buy,48,94,142,-46.00,-1.00,-50.00,1.50,66.7,4447.40,4447.40,4445.90,4446.40,110,75,185,35.00,36.00,-5.00,2.00,45.0,36,168,0.0286,0.0870,-202.00,-382.00,4427.04,2.3802,UP,224.15,0.8253,2.0672
20260810 195928 893,4446.50,1,4446.20,4446.50,0.30,4446.20,4,4446.10,6,4446.00,8,4445.90,6,4445.80,10,4445.70,14,4445.60,20,4445.50,16,4445.40,23,4445.30,16,4446.50,2,4446.60,6,4446.70,5,4446.80,9,4446.90,6,4447.00,17,4447.10,16,4447.20,18,4447.30,20,4447.40,18,Buy,49,94,143,-45.00,-1.00,-50.00,1.50,60.0,4447.40,4447.40,4445.90,4446.50,110,75,185,35.00,36.00,-5.00,2.00,45.0,36,168,0.0286,0.1111,-201.00,-381.00,4427.05,2.3833,UP,224.15,0.8253,2.0672
20260810 195930 003,4446.40,1,4446.30,4446.60,0.30,4446.30,2,4446.20,5,4446.10,5,4446.00,8,4445.90,6,4445.80,10,4445.70,14,4445.60,20,4445.50,16,4445.40,23,4446.60,6,4446.70,4,4446.80,9,4446.90,6,4447.00,17,4447.10,16,4447.20,18,4447.30,19,4447.40,19,4447.50,15,Sell,49,95,144,-46.00,-1.00,-50.00,1.50,66.7,4447.40,4447.40,4445.90,4446.40,110,75,185,35.00,36.00,-5.00,2.00,45.0,36,168,0.0286,0.0870,-202.00,-382.00,4427.04,2.3802,UP,224.15,0.8253,2.0672
20260810 195931 714,4446.30,1,4446.20,4446.40,0.20,4446.20,4,4446.10,5,4446.00,8,4445.90,6,4445.80,10,4445.70,14,4445.60,20,4445.50,16,4445.40,23,4445.30,16,4446.40,7,4446.50,1,4446.60,7,4446.70,2,4446.80,9,4446.90,6,4447.00,17,4447.10,16,4447.20,18,4447.30,19,Sell,49,96,145,-47.00,-1.00,-50.00,1.50,73.3,4447.40,4447.40,4445.90,4446.30,110,75,185,35.00,36.00,-5.00,2.00,45.0,36,168,0.0286,0.0638,-203.00,-383.00,4427.03,2.3770,UP,224.15,0.8253,2.0672
20260810 195931 864,4446.40,5,4446.30,4446.40,0.10,4446.30,1,4446.20,6,4446.10,5,4446.00,9,4445.90,6,4445.80,10,4445.70,14,4445.60,20,4445.50,16,4445.40,23,4446.40,5,4446.50,1,4446.60,4,4446.70,3,4446.80,9,4446.90,6,4447.00,17,4447.10,16,4447.20,18,4447.30,19,Buy,54,96,150,-42.00,-1.00,-50.00,1.50,66.7,4447.40,4447.40,4445.90,4446.40,110,75,185,35.00,36.00,-5.00,2.00,45.0,36,168,0.0286,0.1905,-198.00,-378.00,4427.04,2.3802,UP,224.15,0.8253,2.0672
20260810 195932 009,4446.40,2,4446.40,4446.60,0.20,4446.40,2,4446.30,4,4446.20,8,4446.10,6,4446.00,9,4445.90,6,4445.80,10,4445.70,14,4445.60,20,4445.50,16,4446.60,2,4446.70,2,4446.80,9,4446.90,6,4447.00,17,4447.10,16,4447.20,18,4447.30,19,4447.40,18,4447.50,15,Sell,54,98,152,-44.00,-1.00,-50.00,1.50,66.7,4447.40,4447.40,4445.90,4446.40,110,75,185,35.00,36.00,-5.00,2.00,45.0,36,168,0.0286,0.1364,-200.00,-380.00,4427.04,2.3802,UP,224.15,0.8253,2.0672
20260810 195932 043,4446.60,1,4446.30,4446.50,0.20,4446.30,1,4446.20,6,4446.10,5,4446.00,8,4445.90,6,4445.80,10,4445.70,14,4445.60,20,4445.50,16,4445.40,23,4446.50,2,4446.60,4,4446.70,2,4446.80,10,4446.90,6,4447.00,17,4447.10,16,4447.20,18,4447.30,19,4447.40,18,Buy,55,98,153,-43.00,-1.00,-50.00,1.50,53.3,4447.40,4447.40,4445.90,4446.60,110,75,185,35.00,36.00,-5.00,2.00,45.0,36,168,0.0286,0.1628,-199.00,-379.00,4427.06,2.3865,UP,224.15,0.8253,2.0672
20260810 195932 385,4446.40,1,4446.40,4446.60,0.20,4446.40,2,4446.30,4,4446.20,8,4446.10,6,4446.00,8,4445.90,6,4445.80,10,4445.70,14,4445.60,20,4445.50,16,4446.60,1,4446.70,2,4446.80,9,4446.90,6,4447.00,17,4447.10,16,4447.20,17,4447.30,18,4447.40,18,4447.50,15,Buy,56,98,154,-42.00,-1.00,-50.00,1.50,66.7,4447.40,4447.40,4445.90,4446.40,110,75,185,35.00,36.00,-5.00,2.00,45.0,36,168,0.0286,0.1905,-198.00,-378.00,4427.04,2.3802,UP,224.15,0.8253,2.0672
20260810 195932 937,4446.30,1,4446.30,4446.60,0.30,4446.30,4,4446.20,8,4446.10,6,4446.00,8,4445.90,6,4445.80,10,4445.70,14,4445.60,20,4445.50,16,4445.40,23,4446.60,2,4446.70,2,4446.80,9,4446.90,6,4447.00,17,4447.10,16,4447.20,17,4447.30,18,4447.40,18,4447.50,17,Sell,56,99,155,-43.00,-1.00,-50.00,1.50,73.3,4447.40,4447.40,4445.90,4446.30,110,75,185,35.00,36.00,-5.00,2.00,45.0,36,168,0.0286,0.1628,-199.00,-379.00,4427.03,2.3770,UP,224.15,0.8253,2.0672
20260810 195933 982,4446.50,1,4446.20,4446.50,0.30,4446.20,8,4446.10,5,4446.00,9,4445.90,6,4445.80,10,4445.70,14,4445.60,20,4445.50,16,4445.40,23,4445.30,16,4446.50,2,4446.60,4,4446.70,5,4446.80,9,4446.90,6,4447.00,17,4447.10,16,4447.20,17,4447.30,19,4447.40,18,Buy,57,99,156,-42.00,-1.00,-50.00,1.50,60.0,4447.40,4447.40,4445.90,4446.50,110,75,185,35.00,36.00,-5.00,2.00,45.0,36,168,0.0286,0.1905,-198.00,-378.00,4427.05,2.3833,UP,224.15,0.8253,2.0672
20260810 195936 275,4446.30,1,4446.30,4446.60,0.30,4446.30,3,4446.20,7,4446.10,6,4446.00,8,4445.90,6,4445.80,10,4445.70,14,4445.60,20,4445.50,16,4445.40,23,4446.60,4,4446.70,4,4446.80,9,4446.90,6,4447.00,17,4447.10,16,4447.20,17,4447.30,19,4447.40,18,4447.50,16,Sell,57,100,157,-43.00,-1.00,-50.00,1.50,73.3,4447.40,4447.40,4445.90,4446.30,110,75,185,35.00,36.00,-5.00,2.00,45.0,36,168,0.0286,0.1628,-199.00,-379.00,4427.03,2.3770,UP,224.15,0.8253,2.0672
20260810 195938 240,4446.30,1,4446.10,4446.30,0.20,4446.10,2,4446.00,6,4445.90,6,4445.80,10,4445.70,5,4445.60,20,4445.50,16,4445.40,23,4445.30,16,4445.20,16,4446.30,2,4446.40,4,4446.50,3,4446.60,6,4446.70,5,4446.80,9,4446.90,6,4447.00,17,4447.10,16,4447.20,17,Buy,58,100,158,-42.00,-1.00,-50.00,1.50,73.3,4447.40,4447.40,4445.90,4446.30,110,75,185,35.00,36.00,-5.00,2.00,45.0,36,168,0.0286,0.1905,-198.00,-378.00,4427.03,2.3770,UP,224.15,0.8253,2.0672
20260810 195938 636,4446.20,1,4446.10,4446.40,0.30,4446.10,4,4446.00,7,4445.90,6,4445.80,10,4445.70,5,4445.60,20,4445.50,16,4445.40,23,4445.30,16,4445.20,16,4446.40,4,4446.50,2,4446.60,6,4446.70,5,4446.80,9,4446.90,6,4447.00,17,4447.10,16,4447.20,17,4447.30,19,Sell,58,101,159,-43.00,-1.00,-50.00,1.50,80.0,4447.40,4447.40,4445.90,4446.20,110,75,185,35.00,36.00,-5.00,2.00,45.0,36,168,0.0286,0.1628,-199.00,-379.00,4427.02,2.3738,UP,224.15,0.8253,2.0672
20260810 195939 202,4446.20,1,4446.00,4446.20,0.20,4446.10,3,4446.00,9,4445.90,6,4445.80,10,4445.70,5,4445.60,20,4445.50,16,4445.40,23,4445.30,16,4445.20,16,4446.40,4,4446.50,3,4446.60,6,4446.70,5,4446.80,9,4446.90,6,4447.00,17,4447.10,16,4447.20,17,4447.30,19,Buy,59,101,160,-42.00,-1.00,-50.00,1.50,80.0,4447.40,4447.40,4445.90,4446.20,110,75,185,35.00,36.00,-5.00,2.00,45.0,36,168,0.0286,0.1905,-198.00,-378.00,4427.02,2.3738,UP,224.15,0.8253,2.0672
20260810 195939 388,4446.20,1,4446.10,4446.40,0.30,4446.10,4,4446.00,6,4445.90,5,4445.80,10,4445.70,5,4445.60,20,4445.50,16,4445.40,23,4445.30,16,4445.20,16,4446.40,4,4446.50,2,4446.60,6,4446.70,5,4446.80,9,4446.90,6,4447.00,17,4447.10,16,4447.20,17,4447.30,19,Sell,59,102,161,-43.00,-1.00,-50.00,1.50,80.0,4447.40,4447.40,4445.90,4446.20,110,75,185,35.00,36.00,-5.00,2.00,45.0,36,168,0.0286,0.1628,-199.00,-379.00,4427.02,2.3738,UP,224.15,0.8253,2.0672
20260810 195939 583,4446.10,1,4446.00,4446.30,0.30,4446.00,4,4445.90,4,4445.80,9,4445.70,5,4445.60,11,4445.50,16,4445.40,23,4445.30,16,4445.20,16,4445.10,12,4446.30,2,4446.40,5,4446.50,3,4446.60,6,4446.70,5,4446.80,9,4446.90,16,4447.00,17,4447.10,16,4447.20,17,Sell,59,103,162,-44.00,-1.00,-50.00,1.50,86.7,4447.40,4447.40,4445.90,4446.10,110,75,185,35.00,36.00,-5.00,2.00,45.0,36,168,0.0286,0.1364,-200.00,-380.00,4427.01,2.3706,UP,224.15,0.8253,2.0672
20260810 195939 583,4446.10,1,4446.00,4446.30,0.30,4446.00,4,4445.90,4,4445.80,9,4445.70,5,4445.60,11,4445.50,16,4445.40,23,4445.30,16,4445.20,16,4445.10,12,4446.30,2,4446.40,5,4446.50,3,4446.60,6,4446.70,5,4446.80,9,4446.90,16,4447.00,17,4447.10,16,4447.20,17,Sell,59,104,163,-45.00,-1.00,-50.00,1.50,86.7,4447.40,4447.40,4445.90,4446.10,110,75,185,35.00,36.00,-5.00,2.00,45.0,36,168,0.0286,0.1111,-201.00,-381.00,4427.01,2.3706,UP,224.15,0.8253,2.0672
20260810 195939 606,4446.00,1,4446.00,4446.30,0.30,4446.00,4,4445.90,4,4445.80,9,4445.70,5,4445.60,11,4445.50,16,4445.40,23,4445.30,16,4445.20,16,4445.10,12,4446.30,2,4446.40,5,4446.50,3,4446.60,6,4446.70,5,4446.80,9,4446.90,16,4447.00,17,4447.10,16,4447.20,17,Sell,59,105,164,-46.00,-1.00,-50.00,1.50,93.3,4447.40,4447.40,4445.90,4446.00,110,75,185,35.00,36.00,-5.00,2.00,45.0,36,168,0.0286,0.0870,-202.00,-382.00,4427.00,2.3675,UP,224.15,0.8253,2.0672
20260810 195939 606,4446.00,1,4446.00,4446.30,0.30,4446.00,4,4445.90,4,4445.80,9,4445.70,5,4445.60,11,4445.50,16,4445.40,23,4445.30,16,4445.20,16,4445.10,12,4446.30,2,4446.40,5,4446.50,3,4446.60,6,4446.70,5,4446.80,9,4446.90,16,4447.00,17,4447.10,16,4447.20,17,Sell,59,106,165,-47.00,-1.00,-50.00,1.50,93.3,4447.40,4447.40,4445.90,4446.00,110,75,185,35.00,36.00,-5.00,2.00,45.0,36,168,0.0286,0.0638,-203.00,-383.00,4427.00,2.3675,UP,224.15,0.8253,2.0672
20260810 195939 606,4446.00,1,4446.00,4446.30,0.30,4446.00,4,4445.90,4,4445.80,9,4445.70,5,4445.60,11,4445.50,16,4445.40,23,4445.30,16,4445.20,16,4445.10,12,4446.30,2,4446.40,5,4446.50,3,4446.60,6,4446.70,5,4446.80,9,4446.90,16,4447.00,17,4447.10,16,4447.20,17,Sell,59,107,166,-48.00,-1.00,-50.00,1.50,93.3,4447.40,4447.40,4445.90,4446.00,110,75,185,35.00,36.00,-5.00,2.00,45.0,36,168,0.0286,0.0417,-204.00,-384.00,4427.00,2.3675,UP,224.15,0.8253,2.0672
20260810 195939 606,4446.00,1,4446.00,4446.30,0.30,4446.00,4,4445.90,4,4445.80,9,4445.70,5,4445.60,11,4445.50,16,4445.40,23,4445.30,16,4445.20,16,4445.10,12,4446.30,2,4446.40,5,4446.50,3,4446.60,6,4446.70,5,4446.80,9,4446.90,16,4447.00,17,4447.10,16,4447.20,17,Sell,59,108,167,-49.00,-1.00,-50.00,1.50,93.3,4447.40,4447.40,4445.90,4446.00,110,75,185,35.00,36.00,-5.00,2.00,45.0,36,168,0.0286,0.0204,-205.00,-385.00,4427.00,2.3675,UP,224.15,0.8253,2.0672
20260810 195939 606,4445.90,1,4446.00,4446.30,0.30,4446.00,4,4445.90,4,4445.80,9,4445.70,5,4445.60,11,4445.50,16,4445.40,23,4445.30,16,4445.20,16,4445.10,12,4446.30,2,4446.40,5,4446.50,3,4446.60,6,4446.70,5,4446.80,9,4446.90,16,4447.00,17,4447.10,16,4447.20,17,Sell,59,109,168,-50.00,-1.00,-50.00,1.50,100.0,4447.40,4447.40,4445.90,4445.90,110,75,185,35.00,36.00,-5.00,2.00,45.0,36,168,0.0286,0.0000,-206.00,-386.00,4426.99,2.3643,UP,224.15,0.8253,2.0672
20260810 195940 005,4446.10,1,4446.10,4446.30,0.20,4446.10,2,4446.00,7,4445.90,5,4445.80,9,4445.70,5,4445.60,11,4445.50,16,4445.40,23,4445.30,16,4445.20,16,4446.40,5,4446.50,6,4446.60,8,4446.70,5,4446.80,9,4446.90,16,4447.00,17,4447.10,17,4447.20,18,4447.30,19,Sell,59,110,169,-51.00,-1.00,-51.00,1.50,86.7,4447.40,4447.40,4445.90,4446.10,110,75,185,35.00,36.00,-5.00,2.00,45.0,36,168,0.0286,0.0000,-207.00,-387.00,4427.01,2.3706,UP,224.15,0.8253,2.0672
20260810 195941 540,4446.20,1,4446.10,4446.40,0.30,4446.10,4,4446.00,8,4445.90,6,4445.80,9,4445.70,5,4445.60,11,4445.50,16,4445.40,23,4445.30,16,4445.20,16,4446.40,4,4446.50,2,4446.60,9,4446.70,5,4446.80,9,4446.90,16,4447.00,18,4447.10,17,4447.20,18,4447.30,19,Sell,59,111,170,-52.00,-1.00,-52.00,1.50,80.0,4447.40,4447.40,4445.90,4446.20,110,75,185,35.00,36.00,-5.00,2.00,45.0,36,168,0.0286,0.0000,-208.00,-388.00,4427.02,2.3738,UP,224.15,0.8253,2.0672
20260810 195941 540,4446.20,1,4446.10,4446.40,0.30,4446.10,4,4446.00,8,4445.90,6,4445.80,9,4445.70,5,4445.60,11,4445.50,16,4445.40,23,4445.30,16,4445.20,16,4446.40,4,4446.50,2,4446.60,9,4446.70,5,4446.80,9,4446.90,16,4447.00,18,4447.10,17,4447.20,18,4447.30,19,Sell,59,112,171,-53.00,-1.00,-53.00,1.50,80.0,4447.40,4447.40,4445.90,4446.20,110,75,185,35.00,36.00,-5.00,2.00,45.0,36,168,0.0286,0.0000,-209.00,-389.00,4427.02,2.3738,UP,224.15,0.8253,2.0672
20260810 195942 272,4446.20,1,4446.00,4446.20,0.20,4446.00,5,4445.90,5,4445.80,9,4445.70,5,4445.60,11,4445.50,16,4445.40,23,4445.30,16,4445.20,16,4445.10,13,4446.20,1,4446.30,3,4446.40,8,4446.50,5,4446.60,8,4446.70,5,4446.80,9,4446.90,16,4447.00,18,4447.10,17,Buy,60,112,172,-52.00,-1.00,-53.00,1.50,80.0,4447.40,4447.40,4445.90,4446.20,110,75,185,35.00,36.00,-5.00,2.00,45.0,36,168,0.0286,0.0192,-208.00,-388.00,4427.02,2.3738,UP,224.15,0.8253,2.0672
20260810 195942 272,4446.20,2,4446.00,4446.20,0.20,4446.00,5,4445.90,5,4445.80,9,4445.70,5,4445.60,11,4445.50,16,4445.40,23,4445.30,16,4445.20,16,4445.10,13,4446.20,1,4446.30,3,4446.40,8,4446.50,5,4446.60,8,4446.70,5,4446.80,9,4446.90,16,4447.00,18,4447.10,17,Buy,62,112,174,-50.00,-1.00,-53.00,1.50,80.0,4447.40,4447.40,4445.90,4446.20,110,75,185,35.00,36.00,-5.00,2.00,45.0,36,168,0.0286,0.0600,-206.00,-386.00,4427.02,2.3738,UP,224.15,0.8253,2.0672
20260810 195942 272,4446.20,1,4446.00,4446.20,0.20,4446.00,5,4445.90,5,4445.80,9,4445.70,5,4445.60,11,4445.50,16,4445.40,23,4445.30,16,4445.20,16,4445.10,13,4446.20,1,4446.30,3,4446.40,8,4446.50,5,4446.60,8,4446.70,5,4446.80,9,4446.90,16,4447.00,18,4447.10,17,Buy,63,112,175,-49.00,-1.00,-53.00,1.50,80.0,4447.40,4447.40,4445.90,4446.20,110,75,185,35.00,36.00,-5.00,2.00,45.0,36,168,0.0286,0.0816,-205.00,-385.00,4427.02,2.3738,UP,224.15,0.8253,2.0672
20260810 195942 289,4446.20,1,4446.00,4446.20,0.20,4446.00,5,4445.90,5,4445.80,9,4445.70,5,4445.60,11,4445.50,16,4445.40,23,4445.30,16,4445.20,16,4445.10,13,4446.20,1,4446.30,3,4446.40,8,4446.50,5,4446.60,8,4446.70,5,4446.80,9,4446.90,16,4447.00,18,4447.10,17,Buy,64,112,176,-48.00,-1.00,-53.00,1.50,80.0,4447.40,4447.40,4445.90,4446.20,110,75,185,35.00,36.00,-5.00,2.00,45.0,36,168,0.0286,0.1042,-204.00,-384.00,4427.02,2.3738,UP,224.15,0.8253,2.0672
20260810 195944 011,4446.30,1,4446.10,4446.30,0.20,4446.10,11,4446.00,7,4445.90,6,4445.80,9,4445.70,5,4445.60,11,4445.50,16,4445.40,23,4445.30,16,4445.20,16,4446.40,4,4446.50,4,4446.60,8,4446.70,5,4446.80,9,4446.90,17,4447.00,19,4447.10,17,4447.20,18,4447.30,19,Buy,65,112,177,-47.00,-1.00,-53.00,1.50,73.3,4447.40,4447.40,4445.90,4446.30,110,75,185,35.00,36.00,-5.00,2.00,45.0,36,168,0.0286,0.1277,-203.00,-383.00,4427.03,2.3770,UP,224.15,0.8253,2.0672
20260810 195945 411,4446.60,1,4446.60,4446.80,0.20,4446.70,5,4446.50,2,4446.40,9,4446.30,3,4446.20,16,4446.10,5,4446.00,19,4445.90,15,4445.80,19,4445.70,14,4446.80,1,4446.90,3,4447.00,8,4447.10,7,4447.20,8,4447.30,19,4447.40,18,4447.50,16,4447.60,19,4447.70,17,Sell,65,113,178,-48.00,-1.00,-53.00,1.50,53.3,4447.40,4447.40,4445.90,4446.60,110,75,185,35.00,36.00,-5.00,2.00,45.0,36,168,0.0286,0.1042,-204.00,-384.00,4427.06,2.3865,UP,224.15,0.8253,2.0672
20260810 195945 411,4446.60,1,4446.60,4446.80,0.20,4446.70,5,4446.50,2,4446.40,9,4446.30,3,4446.20,16,4446.10,5,4446.00,19,4445.90,15,4445.80,19,4445.70,14,4446.80,1,4446.90,3,4447.00,8,4447.10,7,4447.20,8,4447.30,19,4447.40,18,4447.50,16,4447.60,19,4447.70,17,Sell,65,114,179,-49.00,-1.00,-53.00,1.50,53.3,4447.40,4447.40,4445.90,4446.60,110,75,185,35.00,36.00,-5.00,2.00,45.0,36,168,0.0286,0.0816,-205.00,-385.00,4427.06,2.3865,UP,224.15,0.8253,2.0672
20260810 195945 711,4446.70,2,4446.70,4446.90,0.20,4446.70,3,4446.50,2,4446.40,9,4446.30,3,4446.20,16,4446.10,5,4446.00,21,4445.90,15,4445.80,19,4445.70,14,4446.90,2,4447.00,8,4447.10,7,4447.20,8,4447.30,9,4447.40,18,4447.50,16,4447.60,19,4447.70,18,4447.80,20,Sell,65,116,181,-51.00,-1.00,-53.00,1.50,46.7,4447.40,4447.40,4445.90,4446.70,110,75,185,35.00,36.00,-5.00,2.00,45.0,36,168,0.0286,0.0392,-207.00,-387.00,4427.07,2.3897,UP,224.15,0.8253,2.0672
20260810 195945 711,4446.80,1,4446.70,4446.90,0.20,4446.70,3,4446.50,2,4446.40,9,4446.30,3,4446.20,16,4446.10,5,4446.00,21,4445.90,15,4445.80,19,4445.70,14,4446.90,2,4447.00,8,4447.10,7,4447.20,8,4447.30,9,4447.40,18,4447.50,16,4447.60,19,4447.70,18,4447.80,20,Buy,66,116,182,-50.00,-1.00,-53.00,1.50,40.0,4447.40,4447.40,4445.90,4446.80,110,75,185,35.00,36.00,-5.00,2.00,45.0,36,168,0.0286,0.0600,-206.00,-386.00,4427.08,2.3929,UP,224.15,0.8253,2.0672
20260810 195945 712,4446.70,3,4446.70,4446.90,0.20,4446.70,3,4446.50,2,4446.40,9,4446.30,3,4446.20,16,4446.10,5,4446.00,21,4445.90,15,4445.80,19,4445.70,14,4446.90,2,4447.00,8,4447.10,7,4447.20,8,4447.30,9,4447.40,18,4447.50,16,4447.60,19,4447.70,18,4447.80,20,Sell,66,119,185,-53.00,-1.00,-53.00,1.50,46.7,4447.40,4447.40,4445.90,4446.70,110,75,185,35.00,36.00,-5.00,2.00,45.0,36,168,0.0286,0.0000,-209.00,-389.00,4427.07,2.3897,UP,224.15,0.8253,2.0672
20260810 195945 888,4446.80,1,4446.70,4446.90,0.20,4446.70,1,4446.60,8,4446.50,6,4446.40,11,4446.30,5,4446.20,16,4446.10,5,4446.00,21,4445.90,15,4445.80,19,4446.90,3,4447.00,5,4447.10,5,4447.20,7,4447.30,9,4447.40,18,4447.50,16,4447.60,19,4447.70,18,4447.80,20,Buy,67,119,186,-52.00,-1.00,-53.00,1.50,40.0,4447.40,4447.40,4445.90,4446.80,110,75,185,35.00,36.00,-5.00,2.00,45.0,36,168,0.0286,0.0192,-208.00,-388.00,4427.08,2.3929,UP,224.15,0.8253,2.0672
20260810 195945 888,4446.80,1,4446.70,4446.90,0.20,4446.70,1,4446.60,8,4446.50,6,4446.40,11,4446.30,5,4446.20,16,4446.10,5,4446.00,21,4445.90,15,4445.80,19,4446.90,3,4447.00,5,4447.10,5,4447.20,7,4447.30,9,4447.40,18,4447.50,16,4447.60,19,4447.70,18,4447.80,20,Buy,68,119,187,-51.00,-1.00,-53.00,1.50,40.0,4447.40,4447.40,4445.90,4446.80,110,75,185,35.00,36.00,-5.00,2.00,45.0,36,168,0.0286,0.0392,-207.00,-387.00,4427.08,2.3929,UP,224.15,0.8253,2.0672
20260810 195945 888,4446.80,1,4446.70,4446.90,0.20,4446.70,1,4446.60,8,4446.50,6,4446.40,11,4446.30,5,4446.20,16,4446.10,5,4446.00,21,4445.90,15,4445.80,19,4446.90,3,4447.00,5,4447.10,5,4447.20,7,4447.30,9,4447.40,18,4447.50,16,4447.60,19,4447.70,18,4447.80,20,Buy,69,119,188,-50.00,-1.00,-53.00,1.50,40.0,4447.40,4447.40,4445.90,4446.80,110,75,185,35.00,36.00,-5.00,2.00,45.0,36,168,0.0286,0.0600,-206.00,-386.00,4427.08,2.3929,UP,224.15,0.8253,2.0672
20260810 195945 888,4446.80,1,4446.70,4446.90,0.20,4446.70,1,4446.60,8,4446.50,6,4446.40,11,4446.30,5,4446.20,16,4446.10,5,4446.00,21,4445.90,15,4445.80,19,4446.90,3,4447.00,5,4447.10,5,4447.20,7,4447.30,9,4447.40,18,4447.50,16,4447.60,19,4447.70,18,4447.80,20,Buy,70,119,189,-49.00,-1.00,-53.00,1.50,40.0,4447.40,4447.40,4445.90,4446.80,110,75,185,35.00,36.00,-5.00,2.00,45.0,36,168,0.0286,0.0816,-205.00,-385.00,4427.08,2.3929,UP,224.15,0.8253,2.0672
20260810 195945 888,4446.80,2,4446.70,4446.90,0.20,4446.70,1,4446.60,8,4446.50,6,4446.40,11,4446.30,5,4446.20,16,4446.10,5,4446.00,21,4445.90,15,4445.80,19,4446.90,3,4447.00,5,4447.10,5,4447.20,7,4447.30,9,4447.40,18,4447.50,16,4447.60,19,4447.70,18,4447.80,20,Buy,72,119,191,-47.00,-1.00,-53.00,1.50,40.0,4447.40,4447.40,4445.90,4446.80,110,75,185,35.00,36.00,-5.00,2.00,45.0,36,168,0.0286,0.1277,-203.00,-383.00,4427.08,2.3929,UP,224.15,0.8253,2.0672
20260810 195946 016,4446.70,1,4446.60,4446.90,0.30,4446.60,7,4446.50,6,4446.40,11,4446.30,5,4446.20,16,4446.10,6,4446.00,21,4445.90,15,4445.80,19,4445.70,14,4446.90,3,4447.00,5,4447.10,5,4447.20,8,4447.30,9,4447.40,18,4447.50,16,4447.60,19,4447.70,19,4447.80,21,Sell,72,120,192,-48.00,-1.00,-53.00,1.50,46.7,4447.40,4447.40,4445.90,4446.70,110,75,185,35.00,36.00,-5.00,2.00,45.0,36,168,0.0286,0.1042,-204.00,-384.00,4427.07,2.3897,UP,224.15,0.8253,2.0672
20260810 195946 121,4446.80,1,4446.80,4447.00,0.20,4446.70,3,4446.60,7,4446.50,6,4446.40,11,4446.30,5,4446.20,16,4446.10,6,4446.00,21,4445.90,15,4445.80,19,4447.00,5,4447.10,5,4447.20,8,4447.30,9,4447.40,18,4447.50,16,4447.60,19,4447.70,18,4447.80,21,4447.90,15,Sell,72,121,193,-49.00,-1.00,-53.00,1.50,40.0,4447.40,4447.40,4445.90,4446.80,110,75,185,35.00,36.00,-5.00,2.00,45.0,36,168,0.0286,0.0816,-205.00,-385.00,4427.08,2.3929,UP,224.15,0.8253,2.0672
20260810 195946 131,4446.80,1,4446.80,4447.00,0.20,4446.70,3,4446.60,7,4446.50,6,4446.40,11,4446.30,5,4446.20,16,4446.10,6,4446.00,21,4445.90,15,4445.80,19,4447.00,5,4447.10,5,4447.20,8,4447.30,9,4447.40,18,4447.50,16,4447.60,19,4447.70,18,4447.80,21,4447.90,15,Sell,72,122,194,-50.00,-1.00,-53.00,1.50,40.0,4447.40,4447.40,4445.90,4446.80,110,75,185,35.00,36.00,-5.00,2.00,45.0,36,168,0.0286,0.0600,-206.00,-386.00,4427.08,2.3929,UP,224.15,0.8253,2.0672
20260810 195946 267,4446.90,1,4446.90,4447.00,0.10,4446.90,1,4446.80,5,4446.70,5,4446.60,10,4446.50,6,4446.40,11,4446.30,15,4446.20,28,4446.10,15,4446.00,21,4447.00,1,4447.10,3,4447.20,5,4447.30,8,4447.40,7,4447.50,6,4447.60,9,4447.70,18,4447.80,19,4447.90,15,Buy,73,122,195,-49.00,-1.00,-53.00,1.50,33.3,4447.40,4447.40,4445.90,4446.90,110,75,185,35.00,36.00,-5.00,2.00,45.0,36,168,0.0286,0.0816,-205.00,-385.00,4427.09,2.3960,UP,224.15,0.8253,2.0672
20260810 195946 712,4447.10,1,4446.90,4447.20,0.30,4446.90,3,4446.80,9,4446.70,5,4446.60,10,4446.50,6,4446.40,20,4446.30,15,4446.20,28,4446.10,15,4446.00,21,4447.20,4,4447.30,7,4447.40,7,4447.50,5,4447.60,7,4447.70,18,4447.80,19,4447.90,16,4448.00,26,4448.10,17,Buy,74,122,196,-48.00,-1.00,-53.00,1.50,20.0,4447.40,4447.40,4445.90,4447.10,110,75,185,35.00,36.00,-5.00,2.00,45.0,36,168,0.0286,0.1042,-204.00,-384.00,4427.11,2.4024,UP,224.15,0.8253,2.0672
20260810 195946 712,4447.10,1,4446.90,4447.20,0.30,4446.90,3,4446.80,9,4446.70,5,4446.60,10,4446.50,6,4446.40,20,4446.30,15,4446.20,28,4446.10,15,4446.00,21,4447.20,4,4447.30,7,4447.40,7,4447.50,5,4447.60,7,4447.70,18,4447.80,19,4447.90,16,4448.00,26,4448.10,17,Buy,75,122,197,-47.00,-1.00,-53.00,1.50,20.0,4447.40,4447.40,4445.90,4447.10,110,75,185,35.00,36.00,-5.00,2.00,45.0,36,168,0.0286,0.1277,-203.00,-383.00,4427.11,2.4024,UP,224.15,0.8253,2.0672
20260810 195946 712,4447.10,1,4446.90,4447.20,0.30,4446.90,3,4446.80,9,4446.70,5,4446.60,10,4446.50,6,4446.40,20,4446.30,15,4446.20,28,4446.10,15,4446.00,21,4447.20,4,4447.30,7,4447.40,7,4447.50,5,4447.60,7,4447.70,18,4447.80,19,4447.90,16,4448.00,26,4448.10,17,Buy,76,122,198,-46.00,-1.00,-53.00,1.50,20.0,4447.40,4447.40,4445.90,4447.10,110,75,185,35.00,36.00,-5.00,2.00,45.0,36,168,0.0286,0.1522,-202.00,-382.00,4427.11,2.4024,UP,224.15,0.8253,2.0672
20260810 195946 712,4447.10,1,4446.90,4447.20,0.30,4446.90,3,4446.80,9,4446.70,5,4446.60,10,4446.50,6,4446.40,20,4446.30,15,4446.20,28,4446.10,15,4446.00,21,4447.20,4,4447.30,7,4447.40,7,4447.50,5,4447.60,7,4447.70,18,4447.80,19,4447.90,16,4448.00,26,4448.10,17,Buy,77,122,199,-45.00,-1.00,-53.00,1.50,20.0,4447.40,4447.40,4445.90,4447.10,110,75,185,35.00,36.00,-5.00,2.00,45.0,36,168,0.0286,0.1778,-201.00,-381.00,4427.11,2.4024,UP,224.15,0.8253,2.0672
20260810 195946 712,4447.10,1,4446.90,4447.20,0.30,4446.90,3,4446.80,9,4446.70,5,4446.60,10,4446.50,6,4446.40,20,4446.30,15,4446.20,28,4446.10,15,4446.00,21,4447.20,4,4447.30,7,4447.40,7,4447.50,5,4447.60,7,4447.70,18,4447.80,19,4447.90,16,4448.00,26,4448.10,17,Buy,78,122,200,-44.00,-1.00,-53.00,1.50,20.0,4447.40,4447.40,4445.90,4447.10,110,75,185,35.00,36.00,-5.00,2.00,45.0,36,168,0.0286,0.2045,-200.00,-380.00,4427.11,2.4024,UP,224.15,0.8253,2.0672
20260810 195946 712,4447.20,1,4446.90,4447.20,0.30,4446.90,3,4446.80,9,4446.70,5,4446.60,10,4446.50,6,4446.40,20,4446.30,15,4446.20,28,4446.10,15,4446.00,21,4447.20,4,4447.30,7,4447.40,7,4447.50,5,4447.60,7,4447.70,18,4447.80,19,4447.90,16,4448.00,26,4448.10,17,Buy,79,122,201,-43.00,-1.00,-53.00,1.50,13.3,4447.40,4447.40,4445.90,4447.20,110,75,185,35.00,36.00,-5.00,2.00,45.0,36,168,0.0286,0.2326,-199.00,-379.00,4427.11,2.4056,UP,224.15,0.8253,2.0672
20260810 195946 712,4447.20,1,4446.90,4447.20,0.30,4446.90,3,4446.80,9,4446.70,5,4446.60,10,4446.50,6,4446.40,20,4446.30,15,4446.20,28,4446.10,15,4446.00,21,4447.20,4,4447.30,7,4447.40,7,4447.50,5,4447.60,7,4447.70,18,4447.80,19,4447.90,16,4448.00,26,4448.10,17,Buy,80,122,202,-42.00,-1.00,-53.00,1.50,13.3,4447.40,4447.40,4445.90,4447.20,110,75,185,35.00,36.00,-5.00,2.00,45.0,36,168,0.0286,0.2619,-198.00,-378.00,4427.11,2.4056,UP,224.15,0.8253,2.0672
20260810 195946 712,4447.20,2,4446.90,4447.20,0.30,4446.90,3,4446.80,9,4446.70,5,4446.60,10,4446.50,6,4446.40,20,4446.30,15,4446.20,28,4446.10,15,4446.00,21,4447.20,4,4447.30,7,4447.40,7,4447.50,5,4447.60,7,4447.70,18,4447.80,19,4447.90,16,4448.00,26,4448.10,17,Buy,82,122,204,-40.00,-1.00,-53.00,1.50,13.3,4447.40,4447.40,4445.90,4447.20,110,75,185,35.00,36.00,-5.00,2.00,45.0,36,168,0.0286,0.3250,-196.00,-376.00,4427.11,2.4056,UP,224.15,0.8253,2.0672
20260810 195946 712,4447.30,1,4446.90,4447.20,0.30,4446.90,3,4446.80,9,4446.70,5,4446.60,10,4446.50,6,4446.40,20,4446.30,15,4446.20,28,4446.10,15,4446.00,21,4447.20,4,4447.30,7,4447.40,7,4447.50,5,4447.60,7,4447.70,18,4447.80,19,4447.90,16,4448.00,26,4448.10,17,Buy,83,122,205,-39.00,-1.00,-53.00,1.50,6.7,4447.40,4447.40,4445.90,4447.30,110,75,185,35.00,36.00,-5.00,2.00,45.0,36,168,0.0286,0.3590,-195.00,-375.00,4427.12,2.4087,UP,224.15,0.8253,2.0672
20260810 195946 714,4447.10,1,4446.90,4447.20,0.30,4446.90,3,4446.80,9,4446.70,5,4446.60,10,4446.50,6,4446.40,20,4446.30,15,4446.20,28,4446.10,15,4446.00,21,4447.20,4,4447.30,7,4447.40,7,4447.50,5,4447.60,7,4447.70,18,4447.80,19,4447.90,16,4448.00,26,4448.10,17,Buy,84,122,206,-38.00,-1.00,-53.00,1.50,20.0,4447.40,4447.40,4445.90,4447.10,110,75,185,35.00,36.00,-5.00,2.00,45.0,36,168,0.0286,0.3947,-194.00,-374.00,4427.11,2.4024,UP,224.15,0.8253,2.0672
20260810 195946 714,4447.20,1,4446.90,4447.20,0.30,4446.90,3,4446.80,9,4446.70,5,4446.60,10,4446.50,6,4446.40,20,4446.30,15,4446.20,28,4446.10,15,4446.00,21,4447.20,4,4447.30,7,4447.40,7,4447.50,5,4447.60,7,4447.70,18,4447.80,19,4447.90,16,4448.00,26,4448.10,17,Buy,85,122,207,-37.00,-1.00,-53.00,1.50,13.3,4447.40,4447.40,4445.90,4447.20,110,75,185,35.00,36.00,-5.00,2.00,45.0,36,168,0.0286,0.4324,-193.00,-373.00,4427.11,2.4056,UP,224.15,0.8253,2.0672
20260810 195947 306,4447.10,1,4446.90,4447.20,0.30,4446.90,4,4446.80,7,4446.70,5,4446.60,10,4446.50,6,4446.40,20,4446.30,15,4446.20,28,4446.10,15,4446.00,21,4447.20,5,4447.30,8,4447.40,7,4447.50,6,4447.60,7,4447.70,18,4447.80,19,4447.90,16,4448.00,27,4448.10,18,Buy,86,122,208,-36.00,-1.00,-53.00,1.50,20.0,4447.40,4447.40,4445.90,4447.10,110,75,185,35.00,36.00,-5.00,2.00,45.0,36,168,0.0286,0.4722,-192.00,-372.00,4427.11,2.4024,UP,224.15,0.8253,2.0672
20260810 195947 306,4447.10,1,4446.90,4447.20,0.30,4446.90,4,4446.80,7,4446.70,5,4446.60,10,4446.50,6,4446.40,20,4446.30,15,4446.20,28,4446.10,15,4446.00,21,4447.20,5,4447.30,8,4447.40,7,4447.50,6,4447.60,7,4447.70,18,4447.80,19,4447.90,16,4448.00,27,4448.10,18,Buy,87,122,209,-35.00,-1.00,-53.00,1.50,20.0,4447.40,4447.40,4445.90,4447.10,110,75,185,35.00,36.00,-5.00,2.00,45.0,36,168,0.0286,0.5143,-191.00,-371.00,4427.11,2.4024,UP,224.15,0.8253,2.0672
20260810 195947 306,4447.10,1,4446.90,4447.20,0.30,4446.90,4,4446.80,7,4446.70,5,4446.60,10,4446.50,6,4446.40,20,4446.30,15,4446.20,28,4446.10,15,4446.00,21,4447.20,5,4447.30,8,4447.40,7,4447.50,6,4447.60,7,4447.70,18,4447.80,19,4447.90,16,4448.00,27,4448.10,18,Buy,88,122,210,-34.00,-1.00,-53.00,1.50,20.0,4447.40,4447.40,4445.90,4447.10,110,75,185,35.00,36.00,-5.00,2.00,45.0,36,168,0.0286,0.5588,-190.00,-370.00,4427.11,2.4024,UP,224.15,0.8253,2.0672
20260810 195947 952,4447.10,1,4447.00,4447.20,0.20,4447.00,2,4446.90,5,4446.80,9,4446.70,5,4446.60,10,4446.50,6,4446.40,20,4446.30,15,4446.20,19,4446.10,15,4447.20,3,4447.30,5,4447.40,7,4447.50,5,4447.60,7,4447.70,18,4447.80,19,4447.90,16,4448.00,27,4448.10,18,Buy,89,122,211,-33.00,-1.00,-53.00,1.50,20.0,4447.40,4447.40,4445.90,4447.10,110,75,185,35.00,36.00,-5.00,2.00,45.0,36,168,0.0286,0.6061,-189.00,-369.00,4427.11,2.4024,UP,224.15,0.8253,2.0672
20260810 195948 582,4447.00,1,4447.00,4447.30,0.30,4447.00,3,4446.90,4,4446.80,9,4446.70,5,4446.60,10,4446.50,6,4446.40,20,4446.30,15,4446.20,19,4446.10,15,4447.30,11,4447.40,9,4447.50,5,4447.60,7,4447.70,18,4447.80,19,4447.90,16,4448.00,27,4448.10,18,4448.20,23,Sell,89,123,212,-34.00,-1.00,-53.00,1.50,26.7,4447.40,4447.40,4445.90,4447.00,110,75,185,35.00,36.00,-5.00,2.00,45.0,36,168,0.0286,0.5588,-190.00,-370.00,4427.10,2.3992,UP,224.15,0.8253,2.0672
20260810 195948 849,4447.00,2,4446.80,4447.00,0.20,4446.90,2,4446.80,9,4446.70,5,4446.60,10,4446.50,6,4446.40,20,4446.30,15,4446.20,19,4446.10,15,4446.00,21,4447.20,5,4447.30,13,4447.40,7,4447.50,5,4447.60,7,4447.70,19,4447.80,19,4447.90,16,4448.00,27,4448.10,18,Buy,91,123,214,-32.00,-1.00,-53.00,1.50,26.7,4447.40,4447.40,4445.90,4447.00,110,75,185,35.00,36.00,-5.00,2.00,45.0,36,168,0.0286,0.6563,-188.00,-368.00,4427.10,2.3992,UP,224.15,0.8253,2.0672
20260810 195950 358,4447.00,1,4447.00,4447.20,0.20,4446.90,3,4446.80,4,4446.70,5,4446.60,10,4446.50,6,4446.40,11,4446.30,15,4446.20,19,4446.10,15,4446.00,19,4447.20,5,4447.30,12,4447.40,8,4447.50,5,4447.60,7,4447.70,18,4447.80,19,4447.90,16,4448.00,27,4448.10,18,Sell,91,124,215,-33.00,-1.00,-53.00,1.50,26.7,4447.40,4447.40,4445.90,4447.00,110,75,185,35.00,36.00,-5.00,2.00,45.0,36,168,0.0286,0.6061,-189.00,-369.00,4427.10,2.3992,UP,224.15,0.8253,2.0672
20260810 195950 431,4446.90,1,4446.90,4447.10,0.20,4446.80,4,4446.70,5,4446.60,10,4446.50,6,4446.40,11,4446.30,15,4446.20,19,4446.10,15,4446.00,19,4445.90,18,4447.10,3,4447.20,6,4447.30,11,4447.40,8,4447.50,5,4447.60,8,4447.70,18,4447.80,19,4447.90,16,4448.00,27,Sell,91,125,216,-34.00,-1.00,-53.00,1.50,33.3,4447.40,4447.40,4445.90,4446.90,110,75,185,35.00,36.00,-5.00,2.00,45.0,36,168,0.0286,0.5588,-190.00,-370.00,4427.09,2.3960,UP,224.15,0.8253,2.0672
20260810 195950 431,4446.90,1,4446.90,4447.10,0.20,4446.80,4,4446.70,5,4446.60,10,4446.50,6,4446.40,11,4446.30,15,4446.20,19,4446.10,15,4446.00,19,4445.90,18,4447.10,3,4447.20,6,4447.30,11,4447.40,8,4447.50,5,4447.60,8,4447.70,18,4447.80,19,4447.90,16,4448.00,27,Sell,91,126,217,-35.00,-1.00,-53.00,1.50,33.3,4447.40,4447.40,4445.90,4446.90,110,75,185,35.00,36.00,-5.00,2.00,45.0,36,168,0.0286,0.5143,-191.00,-371.00,4427.09,2.3960,UP,224.15,0.8253,2.0672
20260810 195951 007,4447.00,1,4446.80,4447.00,0.20,4446.80,5,4446.70,3,4446.60,9,4446.50,6,4446.40,11,4446.30,6,4446.20,19,4446.10,15,4446.00,19,4445.90,17,4447.00,2,4447.10,4,4447.20,7,4447.30,11,4447.40,7,4447.50,16,4447.60,16,4447.70,17,4447.80,19,4447.90,16,Buy,92,126,218,-34.00,-1.00,-53.00,1.50,26.7,4447.40,4447.40,4445.90,4447.00,110,75,185,35.00,36.00,-5.00,2.00,45.0,36,168,0.0286,0.5588,-190.00,-370.00,4427.10,2.3992,UP,224.15,0.8253,2.0672
20260810 195951 007,4447.00,1,4446.80,4447.00,0.20,4446.80,5,4446.70,3,4446.60,9,4446.50,6,4446.40,11,4446.30,6,4446.20,19,4446.10,15,4446.00,19,4445.90,17,4447.00,2,4447.10,4,4447.20,7,4447.30,11,4447.40,7,4447.50,16,4447.60,16,4447.70,17,4447.80,19,4447.90,16,Buy,93,126,219,-33.00,-1.00,-53.00,1.50,26.7,4447.40,4447.40,4445.90,4447.00,110,75,185,35.00,36.00,-5.00,2.00,45.0,36,168,0.0286,0.6061,-189.00,-369.00,4427.10,2.3992,UP,224.15,0.8253,2.0672
20260810 195951 474,4447.00,1,4446.90,4447.10,0.20,4446.90,3,4446.80,6,4446.70,3,4446.60,9,4446.50,6,4446.40,11,4446.30,15,4446.20,19,4446.10,15,4446.00,19,4447.10,1,4447.20,5,4447.30,11,4447.40,7,4447.50,6,4447.60,16,4447.70,17,4447.80,19,4447.90,16,4448.00,27,Buy,94,126,220,-32.00,-1.00,-53.00,1.50,26.7,4447.40,4447.40,4445.90,4447.00,110,75,185,35.00,36.00,-5.00,2.00,45.0,36,168,0.0286,0.6563,-188.00,-368.00,4427.10,2.3992,UP,224.15,0.8253,2.0672
20260810 195951 920,4446.90,1,4446.90,4447.10,0.20,4446.90,2,4446.80,5,4446.70,3,4446.60,9,4446.50,6,4446.40,11,4446.30,15,4446.20,19,4446.10,15,4446.00,19,4447.10,2,4447.20,7,4447.30,11,4447.40,8,4447.50,5,4447.60,16,4447.70,18,4447.80,19,4447.90,16,4448.00,27,Sell,94,127,221,-33.00,-1.00,-53.00,1.50,33.3,4447.40,4447.40,4445.90,4446.90,110,75,185,35.00,36.00,-5.00,2.00,45.0,36,168,0.0286,0.6061,-189.00,-369.00,4427.09,2.3960,UP,224.15,0.8253,2.0672
20260810 195953 629,4447.20,1,4447.10,4447.30,0.20,4447.10,2,4447.00,4,4446.90,3,4446.80,7,4446.70,5,4446.60,9,4446.50,14,4446.40,18,4446.30,13,4446.20,17,4447.30,7,4447.40,7,4447.50,6,4447.60,7,4447.70,8,4447.80,19,4447.90,16,4448.00,27,4448.10,18,4448.20,23,Sell,94,128,222,-34.00,-1.00,-53.00,1.50,13.3,4447.40,4447.40,4445.90,4447.20,110,75,185,35.00,36.00,-5.00,2.00,45.0,36,168,0.0286,0.5588,-190.00,-370.00,4427.11,2.4056,UP,224.15,0.8253,2.0672
20260810 195953 667,4447.30,1,4447.20,4447.30,0.10,4447.20,1,4447.10,2,4447.00,4,4446.90,3,4446.80,7,4446.70,5,4446.60,9,4446.50,14,4446.40,18,4446.30,13,4447.30,5,4447.40,6,4447.50,6,4447.60,7,4447.70,8,4447.80,19,4447.90,16,4448.00,27,4448.10,18,4448.20,23,Buy,95,128,223,-33.00,-1.00,-53.00,1.50,6.7,4447.40,4447.40,4445.90,4447.30,110,75,185,35.00,36.00,-5.00,2.00,45.0,36,168,0.0286,0.6061,-189.00,-369.00,4427.12,2.4087,UP,224.15,0.8253,2.0672
20260810 195954 005,4447.30,4,4447.20,4447.30,0.10,4447.20,1,4447.10,3,4447.00,4,4446.90,3,4446.80,7,4446.70,5,4446.60,9,4446.50,14,4446.40,18,4446.30,13,4447.30,1,4447.40,3,4447.50,5,4447.60,7,4447.70,8,4447.80,19,4447.90,16,4448.00,27,4448.10,18,4448.20,23,Buy,99,128,227,-29.00,-1.00,-53.00,1.50,6.7,4447.40,4447.40,4445.90,4447.30,110,75,185,35.00,36.00,-5.00,2.00,45.0,36,168,0.0286,0.8276,-185.00,-365.00,4427.12,2.4087,UP,224.15,0.8253,2.0672
20260810 195954 303,4447.30,1,4447.20,4447.40,0.20,4447.20,2,4447.10,3,4447.00,4,4446.90,3,4446.80,7,4446.70,5,4446.60,9,4446.50,14,4446.40,18,4446.30,13,4447.40,3,4447.50,4,4447.60,7,4447.70,8,4447.80,9,4447.90,16,4448.00,27,4448.10,18,4448.20,23,4448.30,17,Buy,100,128,228,-28.00,-1.00,-53.00,1.50,6.7,4447.40,4447.40,4445.90,4447.30,110,75,185,35.00,36.00,-5.00,2.00,45.0,36,168,0.0286,0.8929,-184.00,-364.00,4427.12,2.4087,UP,224.15,0.8253,2.0672
20260810 195954 865,4447.40,1,4447.20,4447.50,0.30,4447.20,4,4447.10,6,4447.00,8,4446.90,7,4446.80,9,4446.70,5,4446.60,16,4446.50,14,4446.40,18,4446.30,13,4447.50,4,4447.60,6,4447.70,10,4447.80,9,4447.90,6,4448.00,27,4448.10,18,4448.20,25,4448.30,18,4448.40,17,Buy,101,128,229,-27.00,-1.00,-53.00,1.50,0.0,4447.40,4447.40,4445.90,4447.40,110,75,185,35.00,36.00,-5.00,2.00,45.0,36,168,0.0286,0.9630,-183.00,-363.00,4427.13,2.4119,UP,224.15,0.8253,2.0672
20260810 195954 865,4447.40,1,4447.20,4447.50,0.30,4447.20,4,4447.10,6,4447.00,8,4446.90,7,4446.80,9,4446.70,5,4446.60,16,4446.50,14,4446.40,18,4446.30,13,4447.50,4,4447.60,6,4447.70,10,4447.80,9,4447.90,6,4448.00,27,4448.10,18,4448.20,25,4448.30,18,4448.40,17,Buy,102,128,230,-26.00,-1.00,-53.00,1.50,0.0,4447.40,4447.40,4445.90,4447.40,110,75,185,35.00,36.00,-5.00,2.00,45.0,36,168,0.0286,1.0385,-182.00,-362.00,4427.13,2.4119,UP,224.15,0.8253,2.0672
20260810 195955 014,4447.20,1,4447.10,4447.30,0.20,4447.10,3,4447.00,7,4446.90,4,4446.80,9,4446.70,4,4446.60,9,4446.50,14,4446.40,18,4446.30,13,4446.20,17,4447.30,1,4447.40,7,4447.50,8,4447.60,7,4447.70,9,4447.80,9,4447.90,16,4448.00,27,4448.10,18,4448.20,25,Sell,102,129,231,-27.00,-1.00,-53.00,1.50,13.3,4447.40,4447.40,4445.90,4447.20,110,75,185,35.00,36.00,-5.00,2.00,45.0,36,168,0.0286,0.9630,-183.00,-363.00,4427.11,2.4056,UP,224.15,0.8253,2.0672
20260810 195955 431,4447.10,1,4447.10,4447.40,0.30,4447.10,1,4447.00,9,4446.90,8,4446.80,9,4446.70,4,4446.60,9,4446.50,14,4446.40,18,4446.30,13,4446.20,17,4447.30,1,4447.40,5,4447.50,8,4447.60,7,4447.70,9,4447.80,9,4447.90,16,4448.00,27,4448.10,18,4448.20,25,Sell,102,130,232,-28.00,-1.00,-53.00,1.50,20.0,4447.40,4447.40,4445.90,4447.10,110,75,185,35.00,36.00,-5.00,2.00,45.0,36,168,0.0286,0.8929,-184.00,-364.00,4427.11,2.4024,UP,224.15,0.8253,2.0672
20260810 195955 431,4447.10,1,4447.10,4447.40,0.30,4447.10,1,4447.00,9,4446.90,8,4446.80,9,4446.70,4,4446.60,9,4446.50,14,4446.40,18,4446.30,13,4446.20,17,4447.30,1,4447.40,5,4447.50,8,4447.60,7,4447.70,9,4447.80,9,4447.90,16,4448.00,27,4448.10,18,4448.20,25,Sell,102,131,233,-29.00,-1.00,-53.00,1.50,20.0,4447.40,4447.40,4445.90,4447.10,110,75,185,35.00,36.00,-5.00,2.00,45.0,36,168,0.0286,0.8276,-185.00,-365.00,4427.11,2.4024,UP,224.15,0.8253,2.0672
20260810 195955 431,4447.10,1,4447.10,4447.40,0.30,4447.10,1,4447.00,9,4446.90,8,4446.80,9,4446.70,4,4446.60,9,4446.50,14,4446.40,18,4446.30,13,4446.20,17,4447.30,1,4447.40,5,4447.50,8,4447.60,7,4447.70,9,4447.80,9,4447.90,16,4448.00,27,4448.10,18,4448.20,25,Sell,102,132,234,-30.00,-1.00,-53.00,1.50,20.0,4447.40,4447.40,4445.90,4447.10,110,75,185,35.00,36.00,-5.00,2.00,45.0,36,168,0.0286,0.7667,-186.00,-366.00,4427.11,2.4024,UP,224.15,0.8253,2.0672
20260810 195955 805,4447.30,1,4447.20,4447.40,0.20,4447.20,2,4447.10,4,4447.00,9,4446.90,8,4446.80,10,4446.70,4,4446.60,16,4446.50,14,4446.40,18,4446.30,13,4447.40,2,4447.50,8,4447.60,7,4447.70,9,4447.80,9,4447.90,16,4448.00,27,4448.10,18,4448.20,25,4448.30,18,Buy,103,132,235,-29.00,-1.00,-53.00,1.50,6.7,4447.40,4447.40,4445.90,4447.30,110,75,185,35.00,36.00,-5.00,2.00,45.0,36,168,0.0286,0.8276,-185.00,-365.00,4427.12,2.4087,UP,224.15,0.8253,2.0672
20260810 195956 817,4447.00,1,4446.90,4447.20,0.30,4446.90,5,4446.80,8,4446.70,4,4446.60,9,4446.50,14,4446.40,18,4446.30,13,4446.20,17,4446.10,14,4446.00,17,4447.20,4,4447.30,2,4447.40,8,4447.50,8,4447.60,7,4447.70,9,4447.80,19,4447.90,16,4448.00,27,4448.10,18,Sell,103,133,236,-30.00,-1.00,-53.00,1.50,26.7,4447.40,4447.40,4445.90,4447.00,110,75,185,35.00,36.00,-5.00,2.00,45.0,36,168,0.0286,0.7667,-186.00,-366.00,4427.10,2.3992,UP,224.15,0.8253,2.0672
20260810 195956 817,4447.00,1,4446.90,4447.20,0.30,4446.90,5,4446.80,8,4446.70,4,4446.60,9,4446.50,14,4446.40,18,4446.30,13,4446.20,17,4446.10,14,4446.00,17,4447.20,4,4447.30,2,4447.40,8,4447.50,8,4447.60,7,4447.70,9,4447.80,19,4447.90,16,4448.00,27,4448.10,18,Sell,103,134,237,-31.00,-1.00,-53.00,1.50,26.7,4447.40,4447.40,4445.90,4447.00,110,75,185,35.00,36.00,-5.00,2.00,45.0,36,168,0.0286,0.7097,-187.00,-367.00,4427.10,2.3992,UP,224.15,0.8253,2.0672
20260810 195956 817,4447.00,1,4446.90,4447.20,0.30,4446.90,5,4446.80,8,4446.70,4,4446.60,9,4446.50,14,4446.40,18,4446.30,13,4446.20,17,4446.10,14,4446.00,17,4447.20,4,4447.30,2,4447.40,8,4447.50,8,4447.60,7,4447.70,9,4447.80,19,4447.90,16,4448.00,27,4448.10,18,Sell,103,135,238,-32.00,-1.00,-53.00,1.50,26.7,4447.40,4447.40,4445.90,4447.00,110,75,185,35.00,36.00,-5.00,2.00,45.0,36,168,0.0286,0.6563,-188.00,-368.00,4427.10,2.3992,UP,224.15,0.8253,2.0672
20260810 195956 854,4447.20,2,4447.10,4447.40,0.30,4447.10,3,4447.00,7,4446.90,6,4446.80,10,4446.70,4,4446.60,9,4446.50,14,4446.40,18,4446.30,13,4446.20,17,4447.40,6,4447.50,9,4447.60,7,4447.70,9,4447.80,9,4447.90,6,4448.00,27,4448.10,18,4448.20,25,4448.30,18,Buy,105,135,240,-30.00,-1.00,-53.00,1.50,13.3,4447.40,4447.40,4445.90,4447.20,110,75,185,35.00,36.00,-5.00,2.00,45.0,36,168,0.0286,0.7667,-186.00,-366.00,4427.11,2.4056,UP,224.15,0.8253,2.0672
20260810 195957 015,4447.10,1,4446.90,4447.10,0.20,4446.90,3,4446.80,8,4446.70,4,4446.60,9,4446.50,7,4446.40,18,4446.30,13,4446.20,17,4446.10,14,4446.00,17,4447.10,3,4447.20,6,4447.30,4,4447.40,8,4447.50,8,4447.60,7,4447.70,9,4447.80,19,4447.90,16,4448.00,27,Buy,106,135,241,-29.00,-1.00,-53.00,1.50,20.0,4447.40,4447.40,4445.90,4447.10,110,75,185,35.00,36.00,-5.00,2.00,45.0,36,168,0.0286,0.8276,-185.00,-365.00,4427.11,2.4024,UP,224.15,0.8253,2.0672
20260810 195957 480,4447.00,1,4446.90,4447.20,0.30,4446.90,4,4446.80,10,4446.70,4,4446.60,9,4446.50,7,4446.40,18,4446.30,13,4446.20,17,4446.10,14,4446.00,15,4447.20,2,4447.30,5,4447.40,8,4447.50,9,4447.60,7,4447.70,9,4447.80,19,4447.90,16,4448.00,27,4448.10,18,Sell,106,136,242,-30.00,-1.00,-53.00,1.50,26.7,4447.40,4447.40,4445.90,4447.00,110,75,185,35.00,36.00,-5.00,2.00,45.0,36,168,0.0286,0.7667,-186.00,-366.00,4427.10,2.3992,UP,224.15,0.8253,2.0672
20260810 195957 480,4447.00,2,4446.90,4447.20,0.30,4446.90,4,4446.80,10,4446.70,4,4446.60,9,4446.50,7,4446.40,18,4446.30,13,4446.20,17,4446.10,14,4446.00,15,4447.20,2,4447.30,5,4447.40,8,4447.50,9,4447.60,7,4447.70,9,4447.80,19,4447.90,16,4448.00,27,4448.10,18,Sell,106,138,244,-32.00,-1.00,-53.00,1.50,26.7,4447.40,4447.40,4445.90,4447.00,110,75,185,35.00,36.00,-5.00,2.00,45.0,36,168,0.0286,0.6563,-188.00,-368.00,4427.10,2.3992,UP,224.15,0.8253,2.0672
20260810 195958 004,4446.90,1,4446.90,4447.00,0.10,4446.90,2,4446.80,2,4446.70,4,4446.60,9,4446.50,7,4446.40,18,4446.30,13,4446.20,17,4446.10,14,4446.00,16,4447.00,2,4447.10,4,4447.20,7,4447.30,5,4447.40,8,4447.50,8,4447.60,7,4447.70,19,4447.80,19,4447.90,16,Sell,106,139,245,-33.00,-1.00,-53.00,1.50,33.3,4447.40,4447.40,4445.90,4446.90,110,75,185,35.00,36.00,-5.00,2.00,45.0,36,168,0.0286,0.6061,-189.00,-369.00,4427.09,2.3960,UP,224.15,0.8253,2.0672
20260810 195958 004,4446.90,1,4446.90,4447.00,0.10,4446.90,2,4446.80,2,4446.70,4,4446.60,9,4446.50,7,4446.40,18,4446.30,13,4446.20,17,4446.10,14,4446.00,16,4447.00,2,4447.10,4,4447.20,7,4447.30,5,4447.40,8,4447.50,8,4447.60,7,4447.70,19,4447.80,19,4447.90,16,Sell,106,140,246,-34.00,-1.00,-53.00,1.50,33.3,4447.40,4447.40,4445.90,4446.90,110,75,185,35.00,36.00,-5.00,2.00,45.0,36,168,0.0286,0.5588,-190.00,-370.00,4427.09,2.3960,UP,224.15,0.8253,2.0672
20260810 195958 128,4446.80,1,4446.70,4446.90,0.20,4446.70,4,4446.60,9,4446.50,6,4446.40,11,4446.30,6,4446.20,17,4446.10,14,4446.00,16,4445.90,15,4445.80,18,4446.90,6,4447.00,2,4447.10,5,4447.20,7,4447.30,5,4447.40,9,4447.50,8,4447.60,17,4447.70,19,4447.80,19,Sell,106,141,247,-35.00,-1.00,-53.00,1.50,40.0,4447.40,4447.40,4445.90,4446.80,110,75,185,35.00,36.00,-5.00,2.00,45.0,36,168,0.0286,0.5143,-191.00,-371.00,4427.08,2.3929,UP,224.15,0.8253,2.0672
20260810 195958 372,4446.90,1,4446.70,4446.90,0.20,4446.70,3,4446.60,7,4446.50,6,4446.40,11,4446.30,6,4446.20,17,4446.10,14,4446.00,16,4445.90,15,4445.80,18,4446.90,5,4447.10,5,4447.20,7,4447.30,5,4447.40,8,4447.50,8,4447.60,17,4447.70,19,4447.80,19,4447.90,16,Buy,107,141,248,-34.00,-1.00,-53.00,1.50,33.3,4447.40,4447.40,4445.90,4446.90,110,75,185,35.00,36.00,-5.00,2.00,45.0,36,168,0.0286,0.5588,-190.00,-370.00,4427.09,2.3960,UP,224.15,0.8253,2.0672
20260810 195958 407,4446.90,3,4446.80,4447.00,0.20,4446.80,4,4446.70,6,4446.60,7,4446.50,6,4446.40,11,4446.30,6,4446.20,17,4446.10,14,4446.00,16,4445.90,15,4447.00,1,4447.10,3,4447.20,6,4447.30,4,4447.40,8,4447.50,8,4447.60,17,4447.70,19,4447.80,19,4447.90,16,Buy,110,141,251,-31.00,-1.00,-53.00,1.50,33.3,4447.40,4447.40,4445.90,4446.90,110,75,185,35.00,36.00,-5.00,2.00,45.0,36,168,0.0286,0.7097,-187.00,-367.00,4427.09,2.3960,UP,224.15,0.8253,2.0672
20260810 195958 408,4446.90,2,4446.80,4447.00,0.20,4446.80,4,4446.70,6,4446.60,7,4446.50,6,4446.40,11,4446.30,6,4446.20,17,4446.10,14,4446.00,16,4445.90,15,4447.00,1,4447.10,3,4447.20,6,4447.30,4,4447.40,8,4447.50,8,4447.60,17,4447.70,19,4447.80,19,4447.90,16,Buy,112,141,253,-29.00,-1.00,-53.00,1.50,33.3,4447.40,4447.40,4445.90,4446.90,110,75,185,35.00,36.00,-5.00,2.00,45.0,36,168,0.0286,0.8276,-185.00,-365.00,4427.09,2.3960,UP,224.15,0.8253,2.0672
20260810 195958 520,4447.00,1,4446.90,4447.20,0.30,4446.90,2,4446.80,6,4446.70,6,4446.60,7,4446.50,6,4446.40,11,4446.30,6,4446.20,17,4446.10,14,4446.00,16,4447.20,5,4447.30,4,4447.40,8,4447.50,8,4447.60,17,4447.70,19,4447.80,19,4447.90,16,4448.00,27,4448.10,18,Buy,113,141,254,-28.00,-1.00,-53.00,1.50,26.7,4447.40,4447.40,4445.90,4447.00,110,75,185,35.00,36.00,-5.00,2.00,45.0,36,168,0.0286,0.8929,-184.00,-364.00,4427.10,2.3992,UP,224.15,0.8253,2.0672
20260810 195959 387,4447.10,1,4446.80,4447.10,0.30,4446.80,5,4446.70,6,4446.60,7,4446.50,6,4446.40,11,4446.30,13,4446.20,17,4446.10,14,4446.00,18,4445.90,13,4447.10,2,4447.20,3,4447.30,4,4447.40,8,4447.50,8,4447.60,18,4447.70,19,4447.80,19,4447.90,16,4448.00,27,Buy,114,141,255,-27.00,-1.00,-53.00,1.50,20.0,4447.40,4447.40,4445.90,4447.10,110,75,185,35.00,36.00,-5.00,2.00,45.0,36,168,0.0286,0.9630,-183.00,-363.00,4427.11,2.4024,UP,224.15,0.8253,2.0672
20260810 195959 893,4446.80,1,4446.80,4447.10,0.30,4446.80,4,4446.70,6,4446.60,7,4446.50,6,4446.40,11,4446.30,13,4446.20,17,4446.10,14,4446.00,18,4445.90,14,4447.10,5,4447.20,7,4447.30,4,4447.40,8,4447.50,8,4447.60,17,4447.70,19,4447.80,19,4447.90,16,4448.00,27,Sell,114,142,256,-28.00,-1.00,-53.00,1.50,40.0,4447.40,4447.40,4445.90,4446.80,110,75,185,35.00,36.00,-5.00,2.00,45.0,36,168,0.0286,0.8929,-184.00,-364.00,4427.08,2.3929,UP,224.15,0.8253,2.0672
20260810 195959 893,4446.80,1,4446.80,4447.10,0.30,4446.80,4,4446.70,6,4446.60,7,4446.50,6,4446.40,11,4446.30,13,4446.20,17,4446.10,14,4446.00,18,4445.90,14,4447.10,5,4447.20,7,4447.30,4,4447.40,8,4447.50,8,4447.60,17,4447.70,19,4447.80,19,4447.90,16,4448.00,27,Sell,114,143,257,-29.00,-1.00,-53.00,1.50,40.0,4447.40,4447.40,4445.90,4446.80,110,75,185,35.00,36.00,-5.00,2.00,45.0,36,168,0.0286,0.8276,-185.00,-365.00,4427.08,2.3929,UP,224.15,0.8253,2.0672
20260810 200000 065,4447.00,1,4446.90,4447.10,0.20,4446.90,3,4446.80,6,4446.70,6,4446.60,7,4446.50,6,4446.40,11,4446.30,13,4446.20,17,4446.10,14,4446.00,18,4447.10,1,4447.20,5,4447.30,4,4447.40,8,4447.50,8,4447.60,17,4447.70,19,4447.80,19,4447.90,16,4448.00,27,Sell,0,1,1,-1.00,-1.00,-1.00,0.00,0.0,4447.00,4447.00,4447.00,4447.00,114,143,257,-29.00,-1.00,-53.00,1.50,40.0,51,279,0.8276,0.0000,-100.00,-257.00,4428.97,2.0824,UP,89.40,2.8747,1.9338
20260810 200000 126,4446.90,1,4446.80,4447.10,0.30,4446.80,6,4446.70,6,4446.60,7,4446.50,6,4446.40,11,4446.30,13,4446.20,17,4446.10,14,4446.00,18,4445.90,14,4447.10,2,4447.20,5,4447.30,4,4447.40,9,4447.50,8,4447.60,17,4447.70,19,4447.80,19,4447.90,16,4448.00,27,Sell,0,2,2,-2.00,-1.00,-2.00,0.10,100.0,4447.00,4447.00,4446.90,4446.90,114,143,257,-29.00,-1.00,-53.00,1.50,40.0,51,279,0.8276,0.0000,-101.00,-258.00,4428.96,2.0793,UP,89.40,2.8747,1.9338
20260810 200000 126,4446.90,1,4446.80,4447.10,0.30,4446.80,6,4446.70,6,4446.60,7,4446.50,6,4446.40,11,4446.30,13,4446.20,17,4446.10,14,4446.00,18,4445.90,14,4447.10,2,4447.20,5,4447.30,4,4447.40,9,4447.50,8,4447.60,17,4447.70,19,4447.80,19,4447.90,16,4448.00,27,Sell,0,3,3,-3.00,-1.00,-3.00,0.10,100.0,4447.00,4447.00,4446.90,4446.90,114,143,257,-29.00,-1.00,-53.00,1.50,40.0,51,279,0.8276,0.0000,-102.00,-259.00,4428.96,2.0793,UP,89.40,2.8747,1.9338
20260810 200000 282,4447.30,1,4447.00,4447.20,0.20,4447.00,4,4446.90,7,4446.80,10,4446.70,6,4446.60,7,4446.50,16,4446.40,20,4446.30,13,4446.20,17,4446.10,14,4447.20,1,4447.30,3,4447.40,6,4447.50,8,4447.60,6,4447.70,8,4447.80,20,4447.90,16,4448.00,26,4448.10,17,Buy,1,3,4,-2.00,-1.00,-3.00,0.40,75.0,4447.00,4447.30,4446.90,4447.30,114,143,257,-29.00,-1.00,-53.00,1.50,40.0,51,279,0.8276,0.5000,-101.00,-258.00,4429.00,2.0920,UP,89.40,2.8747,1.9552
20260810 200000 282,4447.30,1,4447.00,4447.20,0.20,4447.00,4,4446.90,7,4446.80,10,4446.70,6,4446.60,7,4446.50,16,4446.40,20,4446.30,13,4446.20,17,4446.10,14,4447.20,1,4447.30,3,4447.40,6,4447.50,8,4447.60,6,4447.70,8,4447.80,20,4447.90,16,4448.00,26,4448.10,17,Buy,2,3,5,-1.00,-1.00,-3.00,0.40,75.0,4447.00,4447.30,4446.90,4447.30,114,143,257,-29.00,-1.00,-53.00,1.50,40.0,51,279,0.8276,2.0000,-100.00,-257.00,4429.00,2.0920,UP,89.40,2.8747,1.9552
20260810 200000 282,4447.30,1,4447.00,4447.20,0.20,4447.00,4,4446.90,7,4446.80,10,4446.70,6,4446.60,7,4446.50,16,4446.40,20,4446.30,13,4446.20,17,4446.10,14,4447.20,1,4447.30,3,4447.40,6,4447.50,8,4447.60,6,4447.70,8,4447.80,20,4447.90,16,4448.00,26,4448.10,17,Buy,3,3,6,0.00,0.00,-3.00,0.40,75.0,4447.00,4447.30,4446.90,4447.30,114,143,257,-29.00,-1.00,-53.00,1.50,40.0,51,279,0.8276,0.0000,-99.00,-256.00,4429.00,2.0920,UP,89.40,2.8747,1.9552
20260810 200000 304,4447.20,1,4447.00,4447.20,0.20,4447.00,4,4446.90,7,4446.80,10,4446.70,6,4446.60,7,4446.50,16,4446.40,20,4446.30,13,4446.20,17,4446.10,14,4447.20,1,4447.30,3,4447.40,6,4447.50,8,4447.60,6,4447.70,8,4447.80,20,4447.90,16,4448.00,26,4448.10,17,Sell,3,4,7,-1.00,0.00,-3.00,0.40,50.0,4447.00,4447.30,4446.90,4447.20,114,143,257,-29.00,-1.00,-53.00,1.50,40.0,51,279,0.8276,2.0000,-100.00,-257.00,4428.99,2.0888,UP,89.40,2.8747,1.9552
20260810 200000 372,4447.00,1,4447.00,4447.30,0.30,4447.00,5,4446.90,7,4446.80,10,4446.70,6,4446.60,7,4446.50,16,4446.40,20,4446.30,13,4446.20,17,4446.10,14,4447.30,2,4447.40,6,4447.50,7,4447.60,6,4447.70,8,4447.80,19,4447.90,16,4448.00,27,4448.10,17,4448.20,24,Sell,3,5,8,-2.00,0.00,-3.00,0.40,0.0,4447.00,4447.30,4446.90,4447.00,114,143,257,-29.00,-1.00,-53.00,1.50,40.0,51,279,0.8276,0.5000,-101.00,-258.00,4428.97,2.0824,UP,89.40,2.8747,1.9552
20260810 200000 428,4447.00,1,4447.00,4447.30,0.30,4447.00,5,4446.90,7,4446.80,10,4446.70,6,4446.60,7,4446.50,16,4446.40,20,4446.30,13,4446.20,17,4446.10,14,4447.30,3,4447.40,7,4447.50,8,4447.60,6,4447.70,8,4447.80,19,4447.90,16,4448.00,26,4448.10,17,4448.20,24,Sell,3,6,9,-3.00,0.00,-3.00,0.40,0.0,4447.00,4447.30,4446.90,4447.00,114,143,257,-29.00,-1.00,-53.00,1.50,40.0,51,279,0.8276,0.0000,-102.00,-259.00,4428.97,2.0824,UP,89.40,2.8747,1.9552
20260810 200000 428,4447.00,1,4447.00,4447.30,0.30,4447.00,5,4446.90,7,4446.80,10,4446.70,6,4446.60,7,4446.50,16,4446.40,20,4446.30,13,4446.20,17,4446.10,14,4447.30,3,4447.40,7,4447.50,8,4447.60,6,4447.70,8,4447.80,19,4447.90,16,4448.00,26,4448.10,17,4448.20,24,Sell,3,7,10,-4.00,0.00,-4.00,0.40,0.0,4447.00,4447.30,4446.90,4447.00,114,143,257,-29.00,-1.00,-53.00,1.50,40.0,51,279,0.8276,0.0000,-103.00,-260.00,4428.97,2.0824,UP,89.40,2.8747,1.9552
20260810 200000 428,4447.00,2,4447.00,4447.30,0.30,4447.00,5,4446.90,7,4446.80,10,4446.70,6,4446.60,7,4446.50,16,4446.40,20,4446.30,13,4446.20,17,4446.10,14,4447.30,3,4447.40,7,4447.50,8,4447.60,6,4447.70,8,4447.80,19,4447.90,16,4448.00,26,4448.10,17,4448.20,24,Sell,3,9,12,-6.00,0.00,-6.00,0.40,0.0,4447.00,4447.30,4446.90,4447.00,114,143,257,-29.00,-1.00,-53.00,1.50,40.0,51,279,0.8276,0.0000,-105.00,-262.00,4428.97,2.0824,UP,89.40,2.8747,1.9552
20260810 200000 428,4447.00,1,4447.00,4447.30,0.30,4447.00,5,4446.90,7,4446.80,10,4446.70,6,4446.60,7,4446.50,16,4446.40,20,4446.30,13,4446.20,17,4446.10,14,4447.30,3,4447.40,7,4447.50,8,4447.60,6,4447.70,8,4447.80,19,4447.90,16,4448.00,26,4448.10,17,4448.20,24,Sell,3,10,13,-7.00,0.00,-7.00,0.40,0.0,4447.00,4447.30,4446.90,4447.00,114,143,257,-29.00,-1.00,-53.00,1.50,40.0,51,279,0.8276,0.0000,-106.00,-263.00,4428.97,2.0824,UP,89.40,2.8747,1.9552
20260810 200000 428,4446.90,1,4447.00,4447.30,0.30,4447.00,5,4446.90,7,4446.80,10,4446.70,6,4446.60,7,4446.50,16,4446.40,20,4446.30,13,4446.20,17,4446.10,14,4447.30,3,4447.40,7,4447.50,8,4447.60,6,4447.70,8,4447.80,19,4447.90,16,4448.00,26,4448.10,17,4448.20,24,Sell,3,11,14,-8.00,0.00,-8.00,0.40,25.0,4447.00,4447.30,4446.90,4446.90,114,143,257,-29.00,-1.00,-53.00,1.50,40.0,51,279,0.8276,0.0000,-107.00,-264.00,4428.96,2.0793,UP,89.40,2.8747,1.9552
20260810 200000 428,4446.90,1,4447.00,4447.30,0.30,4447.00,5,4446.90,7,4446.80,10,4446.70,6,4446.60,7,4446.50,16,4446.40,20,4446.30,13,4446.20,17,4446.10,14,4447.30,3,4447.40,7,4447.50,8,4447.60,6,4447.70,8,4447.80,19,4447.90,16,4448.00,26,4448.10,17,4448.20,24,Sell,3,12,15,-9.00,0.00,-9.00,0.40,25.0,4447.00,4447.30,4446.90,4446.90,114,143,257,-29.00,-1.00,-53.00,1.50,40.0,51,279,0.8276,0.0000,-108.00,-265.00,4428.96,2.0793,UP,89.40,2.8747,1.9552
20260810 200000 428,4446.90,1,4447.00,4447.30,0.30,4447.00,5,4446.90,7,4446.80,10,4446.70,6,4446.60,7,4446.50,16,4446.40,20,4446.30,13,4446.20,17,4446.10,14,4447.30,3,4447.40,7,4447.50,8,4447.60,6,4447.70,8,4447.80,19,4447.90,16,4448.00,26,4448.10,17,4448.20,24,Sell,3,13,16,-10.00,0.00,-10.00,0.40,25.0,4447.00,4447.30,4446.90,4446.90,114,143,257,-29.00,-1.00,-53.00,1.50,40.0,51,279,0.8276,0.0000,-109.00,-266.00,4428.96,2.0793,UP,89.40,2.8747,1.9552
20260810 200000 428,4446.90,1,4447.00,4447.30,0.30,4447.00,5,4446.90,7,4446.80,10,4446.70,6,4446.60,7,4446.50,16,4446.40,20,4446.30,13,4446.20,17,4446.10,14,4447.30,3,4447.40,7,4447.50,8,4447.60,6,4447.70,8,4447.80,19,4447.90,16,4448.00,26,4448.10,17,4448.20,24,Sell,3,14,17,-11.00,0.00,-11.00,0.40,25.0,4447.00,4447.30,4446.90,4446.90,114,143,257,-29.00,-1.00,-53.00,1.50,40.0,51,279,0.8276,0.0000,-110.00,-267.00,4428.96,2.0793,UP,89.40,2.8747,1.9552
20260810 200000 428,4446.90,1,4447.00,4447.30,0.30,4447.00,5,4446.90,7,4446.80,10,4446.70,6,4446.60,7,4446.50,16,4446.40,20,4446.30,13,4446.20,17,4446.10,14,4447.30,3,4447.40,7,4447.50,8,4447.60,6,4447.70,8,4447.80,19,4447.90,16,4448.00,26,4448.10,17,4448.20,24,Sell,3,15,18,-12.00,0.00,-12.00,0.40,25.0,4447.00,4447.30,4446.90,4446.90,114,143,257,-29.00,-1.00,-53.00,1.50,40.0,51,279,0.8276,0.0000,-111.00,-268.00,4428.96,2.0793,UP,89.40,2.8747,1.9552
20260810 200000 428,4446.90,1,4447.00,4447.30,0.30,4447.00,5,4446.90,7,4446.80,10,4446.70,6,4446.60,7,4446.50,16,4446.40,20,4446.30,13,4446.20,17,4446.10,14,4447.30,3,4447.40,7,4447.50,8,4447.60,6,4447.70,8,4447.80,19,4447.90,16,4448.00,26,4448.10,17,4448.20,24,Sell,3,16,19,-13.00,0.00,-13.00,0.40,25.0,4447.00,4447.30,4446.90,4446.90,114,143,257,-29.00,-1.00,-53.00,1.50,40.0,51,279,0.8276,0.0000,-112.00,-269.00,4428.96,2.0793,UP,89.40,2.8747,1.9552
20260810 200000 428,4446.90,1,4447.00,4447.30,0.30,4447.00,5,4446.90,7,4446.80,10,4446.70,6,4446.60,7,4446.50,16,4446.40,20,4446.30,13,4446.20,17,4446.10,14,4447.30,3,4447.40,7,4447.50,8,4447.60,6,4447.70,8,4447.80,19,4447.90,16,4448.00,26,4448.10,17,4448.20,24,Sell,3,17,20,-14.00,0.00,-14.00,0.40,25.0,4447.00,4447.30,4446.90,4446.90,114,143,257,-29.00,-1.00,-53.00,1.50,40.0,51,279,0.8276,0.0000,-113.00,-270.00,4428.96,2.0793,UP,89.40,2.8747,1.9552
20260810 200000 529,4447.00,1,4447.00,4447.20,0.20,4447.00,3,4446.90,6,4446.80,10,4446.70,6,4446.60,7,4446.50,16,4446.40,20,4446.30,13,4446.20,17,4446.10,14,4447.20,2,4447.30,3,4447.40,8,4447.50,7,4447.60,6,4447.70,8,4447.80,19,4447.90,16,4448.00,26,4448.10,17,Sell,3,18,21,-15.00,0.00,-15.00,0.40,0.0,4447.00,4447.30,4446.90,4447.00,114,143,257,-29.00,-1.00,-53.00,1.50,40.0,51,279,0.8276,0.0000,-114.00,-271.00,4428.97,2.0824,UP,89.40,2.8747,1.9552
20260810 200000 621,4447.20,1,4446.90,4447.20,0.30,4446.90,6,4446.80,10,4446.70,6,4446.60,7,4446.50,16,4446.40,20,4446.30,13,4446.20,17,4446.10,14,4446.00,18,4447.20,3,4447.30,4,4447.40,8,4447.50,7,4447.60,6,4447.70,8,4447.80,19,4447.90,16,4448.00,26,4448.10,17,Buy,4,18,22,-14.00,0.00,-15.00,0.40,50.0,4447.00,4447.30,4446.90,4447.20,114,143,257,-29.00,-1.00,-53.00,1.50,40.0,51,279,0.8276,0.0714,-113.00,-270.00,4428.99,2.0888,UP,89.40,2.8747,1.9552
20260810 200000 621,4447.00,2,4446.90,4447.20,0.30,4446.90,6,4446.80,10,4446.70,6,4446.60,7,4446.50,16,4446.40,20,4446.30,13,4446.20,17,4446.10,14,4446.00,18,4447.20,3,4447.30,4,4447.40,8,4447.50,7,4447.60,6,4447.70,8,4447.80,19,4447.90,16,4448.00,26,4448.10,17,Sell,4,20,24,-16.00,0.00,-16.00,0.40,0.0,4447.00,4447.30,4446.90,4447.00,114,143,257,-29.00,-1.00,-53.00,1.50,40.0,51,279,0.8276,0.0000,-115.00,-272.00,4428.97,2.0824,UP,89.40,2.8747,1.9552
20260810 200000 621,4447.00,1,4446.90,4447.20,0.30,4446.90,6,4446.80,10,4446.70,6,4446.60,7,4446.50,16,4446.40,20,4446.30,13,4446.20,17,4446.10,14,4446.00,18,4447.20,3,4447.30,4,4447.40,8,4447.50,7,4447.60,6,4447.70,8,4447.80,19,4447.90,16,4448.00,26,4448.10,17,Sell,4,21,25,-17.00,0.00,-17.00,0.40,0.0,4447.00,4447.30,4446.90,4447.00,114,143,257,-29.00,-1.00,-53.00,1.50,40.0,51,279,0.8276,0.0000,-116.00,-273.00,4428.97,2.0824,UP,89.40,2.8747,1.9552
20260810 200000 655,4447.20,1,4447.00,4447.30,0.30,4447.00,3,4446.90,6,4446.80,10,4446.70,6,4446.60,7,4446.50,16,4446.40,20,4446.30,13,4446.20,17,4446.10,14,4447.30,4,4447.40,5,4447.50,8,4447.60,6,4447.70,8,4447.80,19,4447.90,16,4448.00,26,4448.10,17,4448.20,24,Buy,5,21,26,-16.00,0.00,-17.00,0.40,50.0,4447.00,4447.30,4446.90,4447.20,114,143,257,-29.00,-1.00,-53.00,1.50,40.0,51,279,0.8276,0.0625,-115.00,-272.00,4428.99,2.0888,UP,89.40,2.8747,1.9552
20260810 200000 655,4447.20,1,4447.00,4447.30,0.30,4447.00,3,4446.90,6,4446.80,10,4446.70,6,4446.60,7,4446.50,16,4446.40,20,4446.30,13,4446.20,17,4446.10,14,4447.30,4,4447.40,5,4447.50,8,4447.60,6,4447.70,8,4447.80,19,4447.90,16,4448.00,26,4448.10,17,4448.20,24,Buy,6,21,27,-15.00,0.00,-17.00,0.40,50.0,4447.00,4447.30,4446.90,4447.20,114,143,257,-29.00,-1.00,-53.00,1.50,40.0,51,279,0.8276,0.1333,-114.00,-271.00,4428.99,2.0888,UP,89.40,2.8747,1.9552
20260810 200000 655,4447.30,1,4447.00,4447.30,0.30,4447.00,3,4446.90,6,4446.80,10,4446.70,6,4446.60,7,4446.50,16,4446.40,20,4446.30,13,4446.20,17,4446.10,14,4447.30,4,4447.40,5,4447.50,8,4447.60,6,4447.70,8,4447.80,19,4447.90,16,4448.00,26,4448.10,17,4448.20,24,Buy,7,21,28,-14.00,0.00,-17.00,0.40,75.0,4447.00,4447.30,4446.90,4447.30,114,143,257,-29.00,-1.00,-53.00,1.50,40.0,51,279,0.8276,0.2143,-113.00,-270.00,4429.00,2.0920,UP,89.40,2.8747,1.9552
20260810 200000 771,4447.30,1,4447.10,4447.40,0.30,4447.10,5,4447.00,9,4446.90,7,4446.80,10,4446.70,6,4446.60,16,4446.50,16,4446.40,20,4446.30,13,4446.20,17,4447.40,3,4447.50,5,4447.60,10,4447.70,8,4447.80,9,4447.90,6,4448.00,25,4448.10,17,4448.20,24,4448.30,17,Buy,8,21,29,-13.00,0.00,-17.00,0.40,75.0,4447.00,4447.30,4446.90,4447.30,114,143,257,-29.00,-1.00,-53.00,1.50,40.0,51,279,0.8276,0.3077,-112.00,-269.00,4429.00,2.0920,UP,89.40,2.8747,1.9552
20260810 200000 771,4447.40,1,4447.10,4447.40,0.30,4447.10,5,4447.00,9,4446.90,7,4446.80,10,4446.70,6,4446.60,16,4446.50,16,4446.40,20,4446.30,13,4446.20,17,4447.40,3,4447.50,5,4447.60,10,4447.70,8,4447.80,9,4447.90,6,4448.00,25,4448.10,17,4448.20,24,4448.30,17,Buy,9,21,30,-12.00,0.00,-17.00,0.50,80.0,4447.00,4447.40,4446.90,4447.40,114,143,257,-29.00,-1.00,-53.00,1.50,40.0,51,279,0.8276,0.4167,-111.00,-268.00,4429.01,2.0951,UP,89.40,2.8747,1.9624
20260810 200000 771,4447.40,1,4447.10,4447.40,0.30,4447.10,5,4447.00,9,4446.90,7,4446.80,10,4446.70,6,4446.60,16,4446.50,16,4446.40,20,4446.30,13,4446.20,17,4447.40,3,4447.50,5,4447.60,10,4447.70,8,4447.80,9,4447.90,6,4448.00,25,4448.10,17,4448.20,24,4448.30,17,Buy,10,21,31,-11.00,0.00,-17.00,0.50,80.0,4447.00,4447.40,4446.90,4447.40,114,143,257,-29.00,-1.00,-53.00,1.50,40.0,51,279,0.8276,0.5455,-110.00,-267.00,4429.01,2.0951,UP,89.40,2.8747,1.9624
20260810 200000 771,4447.40,2,4447.10,4447.40,0.30,4447.10,5,4447.00,9,4446.90,7,4446.80,10,4446.70,6,4446.60,16,4446.50,16,4446.40,20,4446.30,13,4446.20,17,4447.40,3,4447.50,5,4447.60,10,4447.70,8,4447.80,9,4447.90,6,4448.00,25,4448.10,17,4448.20,24,4448.30,17,Buy,12,21,33,-9.00,0.00,-17.00,0.50,80.0,4447.00,4447.40,4446.90,4447.40,114,143,257,-29.00,-1.00,-53.00,1.50,40.0,51,279,0.8276,0.8889,-108.00,-265.00,4429.01,2.0951,UP,89.40,2.8747,1.9624
20260810 200000 771,4447.40,1,4447.10,4447.40,0.30,4447.10,5,4447.00,9,4446.90,7,4446.80,10,4446.70,6,4446.60,16,4446.50,16,4446.40,20,4446.30,13,4446.20,17,4447.40,3,4447.50,5,4447.60,10,4447.70,8,4447.80,9,4447.90,6,4448.00,25,4448.10,17,4448.20,24,4448.30,17,Buy,13,21,34,-8.00,0.00,-17.00,0.50,80.0,4447.00,4447.40,4446.90,4447.40,114,143,257,-29.00,-1.00,-53.00,1.50,40.0,51,279,0.8276,1.1250,-107.00,-264.00,4429.01,2.0951,UP,89.40,2.8747,1.9624
20260810 200000 771,4447.50,1,4447.10,4447.40,0.30,4447.10,5,4447.00,9,4446.90,7,4446.80,10,4446.70,6,4446.60,16,4446.50,16,4446.40,20,4446.30,13,4446.20,17,4447.40,3,4447.50,5,4447.60,10,4447.70,8,4447.80,9,4447.90,6,4448.00,25,4448.10,17,4448.20,24,4448.30,17,Buy,14,21,35,-7.00,0.00,-17.00,0.60,83.3,4447.00,4447.50,4446.90,4447.50,114,143,257,-29.00,-1.00,-53.00,1.50,40.0,51,279,0.8276,1.4286,-106.00,-263.00,4429.02,2.0983,UP,89.40,2.8747,1.9695
20260810 200000 771,4447.50,1,4447.10,4447.40,0.30,4447.10,5,4447.00,9,4446.90,7,4446.80,10,4446.70,6,4446.60,16,4446.50,16,4446.40,20,4446.30,13,4446.20,17,4447.40,3,4447.50,5,4447.60,10,4447.70,8,4447.80,9,4447.90,6,4448.00,25,4448.10,17,4448.20,24,4448.30,17,Buy,15,21,36,-6.00,0.00,-17.00,0.60,83.3,4447.00,4447.50,4446.90,4447.50,114,143,257,-29.00,-1.00,-53.00,1.50,40.0,51,279,0.8276,1.8333,-105.00,-262.00,4429.02,2.0983,UP,89.40,2.8747,1.9695
20260810 200000 771,4447.50,1,4447.10,4447.40,0.30,4447.10,5,4447.00,9,4446.90,7,4446.80,10,4446.70,6,4446.60,16,4446.50,16,4446.40,20,4446.30,13,4446.20,17,4447.40,3,4447.50,5,4447.60,10,4447.70,8,4447.80,9,4447.90,6,4448.00,25,4448.10,17,4448.20,24,4448.30,17,Buy,16,21,37,-5.00,0.00,-17.00,0.60,83.3,4447.00,4447.50,4446.90,4447.50,114,143,257,-29.00,-1.00,-53.00,1.50,40.0,51,279,0.8276,2.4000,-104.00,-261.00,4429.02,2.0983,UP,89.40,2.8747,1.9695
20260810 200000 771,4447.50,1,4447.10,4447.40,0.30,4447.10,5,4447.00,9,4446.90,7,4446.80,10,4446.70,6,4446.60,16,4446.50,16,4446.40,20,4446.30,13,4446.20,17,4447.40,3,4447.50,5,4447.60,10,4447.70,8,4447.80,9,4447.90,6,4448.00,25,4448.10,17,4448.20,24,4448.30,17,Buy,17,21,38,-4.00,0.00,-17.00,0.60,83.3,4447.00,4447.50,4446.90,4447.50,114,143,257,-29.00,-1.00,-53.00,1.50,40.0,51,279,0.8276,3.2500,-103.00,-260.00,4429.02,2.0983,UP,89.40,2.8747,1.9695
20260810 200000 771,4447.50,1,4447.10,4447.40,0.30,4447.10,5,4447.00,9,4446.90,7,4446.80,10,4446.70,6,4446.60,16,4446.50,16,4446.40,20,4446.30,13,4446.20,17,4447.40,3,4447.50,5,4447.60,10,4447.70,8,4447.80,9,4447.90,6,4448.00,25,4448.10,17,4448.20,24,4448.30,17,Buy,18,21,39,-3.00,0.00,-17.00,0.60,83.3,4447.00,4447.50,4446.90,4447.50,114,143,257,-29.00,-1.00,-53.00,1.50,40.0,51,279,0.8276,4.6667,-102.00,-259.00,4429.02,2.0983,UP,89.40,2.8747,1.9695
20260810 200000 771,4447.50,2,4447.10,4447.40,0.30,4447.10,5,4447.00,9,4446.90,7,4446.80,10,4446.70,6,4446.60,16,4446.50,16,4446.40,20,4446.30,13,4446.20,17,4447.40,3,4447.50,5,4447.60,10,4447.70,8,4447.80,9,4447.90,6,4448.00,25,4448.10,17,4448.20,24,4448.30,17,Buy,20,21,41,-1.00,0.00,-17.00,0.60,83.3,4447.00,4447.50,4446.90,4447.50,114,143,257,-29.00,-1.00,-53.00,1.50,40.0,51,279,0.8276,16.0000,-100.00,-257.00,4429.02,2.0983,UP,89.40,2.8747,1.9695
20260810 200000 771,4447.50,1,4447.10,4447.40,0.30,4447.10,5,4447.00,9,4446.90,7,4446.80,10,4446.70,6,4446.60,16,4446.50,16,4446.40,20,4446.30,13,4446.20,17,4447.40,3,4447.50,5,4447.60,10,4447.70,8,4447.80,9,4447.90,6,4448.00,25,4448.10,17,4448.20,24,4448.30,17,Buy,21,21,42,0.00,0.00,-17.00,0.60,83.3,4447.00,4447.50,4446.90,4447.50,114,143,257,-29.00,-1.00,-53.00,1.50,40.0,51,279,0.8276,0.0000,-99.00,-256.00,4429.02,2.0983,UP,89.40,2.8747,1.9695
20260810 200000 771,4447.60,1,4447.10,4447.40,0.30,4447.10,5,4447.00,9,4446.90,7,4446.80,10,4446.70,6,4446.60,16,4446.50,16,4446.40,20,4446.30,13,4446.20,17,4447.40,3,4447.50,5,4447.60,10,4447.70,8,4447.80,9,4447.90,6,4448.00,25,4448.10,17,4448.20,24,4448.30,17,Buy,22,21,43,1.00,1.00,-17.00,0.70,85.7,4447.00,4447.60,4446.90,4447.60,114,143,257,-29.00,-1.00,-53.00,1.50,40.0,51,279,0.8276,0.0000,-98.00,-255.00,4429.03,2.1015,UP,89.40,2.8747,1.9767
20260810 200000 771,4447.60,1,4447.10,4447.40,0.30,4447.10,5,4447.00,9,4446.90,7,4446.80,10,4446.70,6,4446.60,16,4446.50,16,4446.40,20,4446.30,13,4446.20,17,4447.40,3,4447.50,5,4447.60,10,4447.70,8,4447.80,9,4447.90,6,4448.00,25,4448.10,17,4448.20,24,4448.30,17,Buy,23,21,44,2.00,2.00,-17.00,0.70,85.7,4447.00,4447.60,4446.90,4447.60,114,143,257,-29.00,-1.00,-53.00,1.50,40.0,51,279,0.8276,0.0000,-97.00,-254.00,4429.03,2.1015,UP,89.40,2.8747,1.9767
20260810 200000 775,4447.50,1,4447.10,4447.40,0.30,4447.10,5,4447.00,9,4446.90,7,4446.80,10,4446.70,6,4446.60,16,4446.50,16,4446.40,20,4446.30,13,4446.20,17,4447.40,3,4447.50,5,4447.60,10,4447.70,8,4447.80,9,4447.90,6,4448.00,25,4448.10,17,4448.20,24,4448.30,17,Buy,24,21,45,3.00,3.00,-17.00,0.70,71.4,4447.00,4447.60,4446.90,4447.50,114,143,257,-29.00,-1.00,-53.00,1.50,40.0,51,279,0.8276,0.0000,-96.00,-253.00,4429.02,2.0983,UP,89.40,2.8747,1.9767
20260810 200000 890,4447.10,1,4447.20,4447.40,0.20,4447.20,1,4447.10,4,4447.00,9,4446.90,7,4446.80,10,4446.70,6,4446.60,16,4446.50,16,4446.40,20,4446.30,13,4447.40,4,4447.50,5,4447.60,10,4447.70,8,4447.80,9,4447.90,6,4448.00,25,4448.10,17,4448.20,24,4448.30,17,Sell,24,22,46,2.00,3.00,-17.00,0.70,14.3,4447.00,4447.60,4446.90,4447.10,114,143,257,-29.00,-1.00,-53.00,1.50,40.0,51,279,0.8276,0.5000,-97.00,-254.00,4428.98,2.0856,UP,89.40,2.8747,1.9767
20260810 200001 041,4447.50,1,4447.30,4447.50,0.20,4447.30,2,4447.20,7,4447.10,6,4447.00,9,4446.90,7,4446.80,10,4446.70,6,4446.60,16,4446.50,16,4446.40,20,4447.50,1,4447.60,7,4447.70,8,4447.80,9,4447.90,6,4448.00,25,4448.10,17,4448.20,24,4448.30,17,4448.40,16,Buy,25,22,47,3.00,3.00,-17.00,0.70,71.4,4447.00,4447.60,4446.90,4447.50,114,143,257,-29.00,-1.00,-53.00,1.50,40.0,51,279,0.8276,0.0000,-96.00,-253.00,4429.02,2.0983,UP,89.40,2.8747,1.9767
20260810 200001 250,4447.40,1,4447.20,4447.40,0.20,4447.20,1,4447.10,3,4447.00,9,4446.90,7,4446.80,10,4446.70,6,4446.60,16,4446.50,16,4446.40,20,4446.30,13,4447.40,3,4447.50,5,4447.60,8,4447.70,7,4447.80,9,4447.90,6,4448.00,26,4448.10,17,4448.20,24,4448.30,17,Buy,26,22,48,4.00,4.00,-17.00,0.70,57.1,4447.00,4447.60,4446.90,4447.40,114,143,257,-29.00,-1.00,-53.00,1.50,40.0,51,279,0.8276,0.0000,-95.00,-252.00,4429.01,2.0951,UP,89.40,2.8747,1.9767
20260810 200001 250,4447.40,1,4447.20,4447.40,0.20,4447.20,1,4447.10,3,4447.00,9,4446.90,7,4446.80,10,4446.70,6,4446.60,16,4446.50,16,4446.40,20,4446.30,13,4447.40,3,4447.50,5,4447.60,8,4447.70,7,4447.80,9,4447.90,6,4448.00,26,4448.10,17,4448.20,24,4448.30,17,Buy,27,22,49,5.00,5.00,-17.00,0.70,57.1,4447.00,4447.60,4446.90,4447.40,114,143,257,-29.00,-1.00,-53.00,1.50,40.0,51,279,0.8276,0.0000,-94.00,-251.00,4429.01,2.0951,UP,89.40,2.8747,1.9767
20260810 200001 361,4447.20,1,4447.00,4447.30,0.30,4447.00,4,4446.90,7,4446.80,10,4446.70,6,4446.60,7,4446.50,16,4446.40,20,4446.30,13,4446.20,17,4446.10,14,4447.30,2,4447.40,5,4447.50,4,4447.60,7,4447.70,7,4447.80,9,4447.90,16,4448.00,26,4448.10,17,4448.20,24,Sell,27,23,50,4.00,5.00,-17.00,0.70,28.6,4447.00,4447.60,4446.90,4447.20,114,143,257,-29.00,-1.00,-53.00,1.50,40.0,51,279,0.8276,0.2500,-95.00,-252.00,4428.99,2.0888,UP,89.40,2.8747,1.9767
20260810 200001 362,4447.20,2,4447.00,4447.30,0.30,4447.00,4,4446.90,7,4446.80,10,4446.70,6,4446.60,7,4446.50,16,4446.40,20,4446.30,13,4446.20,17,4446.10,14,4447.30,2,4447.40,5,4447.50,4,4447.60,7,4447.70,7,4447.80,9,4447.90,16,4448.00,26,4448.10,17,4448.20,24,Sell,27,25,52,2.00,5.00,-17.00,0.70,28.6,4447.00,4447.60,4446.90,4447.20,114,143,257,-29.00,-1.00,-53.00,1.50,40.0,51,279,0.8276,1.5000,-97.00,-254.00,4428.99,2.0888,UP,89.40,2.8747,1.9767
20260810 200001 362,4447.20,2,4447.00,4447.30,0.30,4447.00,4,4446.90,7,4446.80,10,4446.70,6,4446.60,7,4446.50,16,4446.40,20,4446.30,13,4446.20,17,4446.10,14,4447.30,2,4447.40,5,4447.50,4,4447.60,7,4447.70,7,4447.80,9,4447.90,16,4448.00,26,4448.10,17,4448.20,24,Sell,27,27,54,0.00,5.00,-17.00,0.70,28.6,4447.00,4447.60,4446.90,4447.20,114,143,257,-29.00,-1.00,-53.00,1.50,40.0,51,279,0.8276,5.0000,-99.00,-256.00,4428.99,2.0888,UP,89.40,2.8747,1.9767
20260810 200001 365,4447.20,2,4447.00,4447.30,0.30,4447.00,4,4446.90,7,4446.80,10,4446.70,6,4446.60,7,4446.50,16,4446.40,20,4446.30,13,4446.20,17,4446.10,14,4447.30,2,4447.40,5,4447.50,4,4447.60,7,4447.70,7,4447.80,9,4447.90,16,4448.00,26,4448.10,17,4448.20,24,Buy,29,27,56,2.00,5.00,-17.00,0.70,28.6,4447.00,4447.60,4446.90,4447.20,114,143,257,-29.00,-1.00,-53.00,1.50,40.0,51,279,0.8276,1.5000,-97.00,-254.00,4428.99,2.0888,UP,89.40,2.8747,1.9767
20260810 200001 411,4447.20,2,4447.40,4447.60,0.20,4447.40,3,4447.30,3,4447.20,6,4447.10,6,4447.00,7,4446.90,8,4446.80,10,4446.70,15,4446.60,16,4446.50,16,4447.60,1,4447.70,6,4447.80,9,4447.90,6,4448.00,20,4448.10,17,4448.20,24,4448.30,17,4448.40,16,4448.50,17,Buy,31,27,58,4.00,5.00,-17.00,0.70,28.6,4447.00,4447.60,4446.90,4447.20,114,143,257,-29.00,-1.00,-53.00,1.50,40.0,51,279,0.8276,0.2500,-95.00,-252.00,4428.99,2.0888,UP,89.40,2.8747,1.9767
20260810 200001 413,4447.30,1,4447.40,4447.60,0.20,4447.40,3,4447.30,3,4447.20,6,4447.10,6,4447.00,7,4446.90,8,4446.80,10,4446.70,15,4446.60,16,4446.50,16,4447.60,1,4447.70,6,4447.80,9,4447.90,6,4448.00,20,4448.10,17,4448.20,24,4448.30,17,4448.40,16,4448.50,17,Buy,32,27,59,5.00,5.00,-17.00,0.70,42.9,4447.00,4447.60,4446.90,4447.30,114,143,257,-29.00,-1.00,-53.00,1.50,40.0,51,279,0.8276,0.0000,-94.00,-251.00,4429.00,2.0920,UP,89.40,2.8747,1.9767
20260810 200002 166,4447.20,1,4447.30,4447.50,0.20,4447.30,2,4447.20,5,4447.10,6,4447.00,9,4446.90,8,4446.80,10,4446.70,15,4446.60,16,4446.50,16,4446.40,20,4447.50,2,4447.60,4,4447.70,8,4447.80,9,4447.90,6,4448.00,20,4448.10,17,4448.20,24,4448.30,17,4448.40,16,Sell,32,28,60,4.00,5.00,-17.00,0.70,28.6,4447.00,4447.60,4446.90,4447.20,114,143,257,-29.00,-1.00,-53.00,1.50,40.0,51,279,0.8276,0.2500,-95.00,-252.00,4428.99,2.0888,UP,89.40,2.8747,1.9767
20260810 200002 389,4447.30,1,4447.20,4447.50,0.30,4447.20,5,4447.10,6,4447.00,9,4446.90,8,4446.80,10,4446.70,15,4446.60,16,4446.50,16,4446.40,20,4446.30,13,4447.50,2,4447.60,4,4447.70,8,4447.80,9,4447.90,6,4448.00,20,4448.10,17,4448.20,24,4448.30,17,4448.40,16,Sell,32,29,61,3.00,5.00,-17.00,0.70,42.9,4447.00,4447.60,4446.90,4447.30,114,143,257,-29.00,-1.00,-53.00,1.50,40.0,51,279,0.8276,0.6667,-96.00,-253.00,4429.00,2.0920,UP,89.40,2.8747,1.9767
20260810 200002 389,4447.30,1,4447.20,4447.50,0.30,4447.20,5,4447.10,6,4447.00,9,4446.90,8,4446.80,10,4446.70,15,4446.60,16,4446.50,16,4446.40,20,4446.30,13,4447.50,2,4447.60,4,4447.70,8,4447.80,9,4447.90,6,4448.00,20,4448.10,17,4448.20,24,4448.30,17,4448.40,16,Sell,32,30,62,2.00,5.00,-17.00,0.70,42.9,4447.00,4447.60,4446.90,4447.30,114,143,257,-29.00,-1.00,-53.00,1.50,40.0,51,279,0.8276,1.5000,-97.00,-254.00,4429.00,2.0920,UP,89.40,2.8747,1.9767
20260810 200002 447,4447.20,1,4447.20,4447.50,0.30,4447.20,5,4447.10,6,4447.00,9,4446.90,8,4446.80,10,4446.70,15,4446.60,16,4446.50,16,4446.40,20,4446.30,13,4447.50,3,4447.60,4,4447.70,8,4447.80,9,4447.90,6,4448.00,20,4448.10,17,4448.20,24,4448.30,17,4448.40,16,Sell,32,31,63,1.00,5.00,-17.00,0.70,28.6,4447.00,4447.60,4446.90,4447.20,114,143,257,-29.00,-1.00,-53.00,1.50,40.0,51,279,0.8276,4.0000,-98.00,-255.00,4428.99,2.0888,UP,89.40,2.8747,1.9767
20260810 200002 969,4447.50,1,4447.30,4447.50,0.20,4447.30,2,4447.20,5,4447.10,6,4447.00,9,4446.90,8,4446.80,10,4446.70,15,4446.60,17,4446.50,16,4446.40,20,4447.50,1,4447.60,3,4447.70,8,4447.80,8,4447.90,6,4448.00,20,4448.10,17,4448.20,24,4448.30,17,4448.40,16,Buy,33,31,64,2.00,5.00,-17.00,0.70,71.4,4447.00,4447.60,4446.90,4447.50,114,143,257,-29.00,-1.00,-53.00,1.50,40.0,51,279,0.8276,1.5000,-97.00,-254.00,4429.02,2.0983,UP,89.40,2.8747,1.9767
20260810 200004 516,4447.40,1,4447.10,4447.40,0.30,4447.10,2,4447.00,9,4446.90,8,4446.80,20,4446.70,16,4446.60,17,4446.50,16,4446.40,20,4446.30,13,4446.20,19,4447.40,5,4447.50,6,4447.60,9,4447.70,7,4447.80,8,4447.90,6,4448.00,10,4448.10,17,4448.20,24,4448.30,17,Buy,34,31,65,3.00,5.00,-17.00,0.70,57.1,4447.00,4447.60,4446.90,4447.40,114,143,257,-29.00,-1.00,-53.00,1.50,40.0,51,279,0.8276,0.6667,-96.00,-253.00,4429.01,2.0951,UP,89.40,2.8747,1.9767
20260810 200004 719,4447.40,1,4447.10,4447.40,0.30,4447.10,4,4447.00,9,4446.90,8,4446.80,10,4446.70,16,4446.60,17,4446.50,16,4446.40,20,4446.30,13,4446.20,19,4447.40,2,4447.50,6,4447.60,8,4447.70,7,4447.80,8,4447.90,6,4448.00,20,4448.10,17,4448.20,24,4448.30,17,Buy,35,31,66,4.00,5.00,-17.00,0.70,57.1,4447.00,4447.60,4446.90,4447.40,114,143,257,-29.00,-1.00,-53.00,1.50,40.0,51,279,0.8276,0.2500,-95.00,-252.00,4429.01,2.0951,UP,89.40,2.8747,1.9767
20260810 200005 009,4447.40,1,4447.40,4447.60,0.20,4447.30,1,4447.20,6,4447.10,4,4447.00,9,4446.90,8,4446.80,10,4446.70,16,4446.60,17,4446.50,16,4446.40,20,4447.50,3,4447.60,5,4447.70,6,4447.80,8,4447.90,6,4448.00,10,4448.10,17,4448.20,24,4448.30,18,4448.40,18,Sell,35,32,67,3.00,5.00,-17.00,0.70,57.1,4447.00,4447.60,4446.90,4447.40,114,143,257,-29.00,-1.00,-53.00,1.50,40.0,51,279,0.8276,0.6667,-96.00,-253.00,4429.01,2.0951,UP,89.40,2.8747,1.9767
20260810 200005 009,4447.40,1,4447.40,4447.60,0.20,4447.30,1,4447.20,6,4447.10,4,4447.00,9,4446.90,8,4446.80,10,4446.70,16,4446.60,17,4446.50,16,4446.40,20,4447.50,3,4447.60,5,4447.70,6,4447.80,8,4447.90,6,4448.00,10,4448.10,17,4448.20,24,4448.30,18,4448.40,18,Sell,35,33,68,2.00,5.00,-17.00,0.70,57.1,4447.00,4447.60,4446.90,4447.40,114,143,257,-29.00,-1.00,-53.00,1.50,40.0,51,279,0.8276,1.5000,-97.00,-254.00,4429.01,2.0951,UP,89.40,2.8747,1.9767
20260810 200005 009,4447.40,1,4447.40,4447.60,0.20,4447.30,1,4447.20,6,4447.10,4,4447.00,9,4446.90,8,4446.80,10,4446.70,16,4446.60,17,4446.50,16,4446.40,20,4447.50,3,4447.60,5,4447.70,6,4447.80,8,4447.90,6,4448.00,10,4448.10,17,4448.20,24,4448.30,18,4448.40,18,Sell,35,34,69,1.00,5.00,-17.00,0.70,57.1,4447.00,4447.60,4446.90,4447.40,114,143,257,-29.00,-1.00,-53.00,1.50,40.0,51,279,0.8276,4.0000,-98.00,-255.00,4429.01,2.0951,UP,89.40,2.8747,1.9767
20260810 200005 130,4447.60,1,4447.30,4447.50,0.20,4447.30,2,4447.20,6,4447.10,5,4447.00,9,4446.90,8,4446.80,10,4446.70,16,4446.60,17,4446.50,16,4446.40,20,4447.50,2,4447.60,4,4447.70,6,4447.80,8,4447.90,6,4448.00,10,4448.10,17,4448.20,24,4448.30,17,4448.40,18,Buy,36,34,70,2.00,5.00,-17.00,0.70,85.7,4447.00,4447.60,4446.90,4447.60,114,143,257,-29.00,-1.00,-53.00,1.50,40.0,51,279,0.8276,1.5000,-97.00,-254.00,4429.03,2.1015,UP,89.40,2.8747,1.9767
20260810 200008 316,4447.30,1,4447.30,4447.50,0.20,4447.30,2,4447.20,5,4447.10,5,4447.00,9,4446.90,10,4446.80,10,4446.70,16,4446.60,16,4446.50,16,4446.40,20,4447.50,2,4447.60,3,4447.70,6,4447.80,8,4447.90,6,4448.00,10,4448.10,17,4448.20,24,4448.30,17,4448.40,18,Sell,36,35,71,1.00,5.00,-17.00,0.70,42.9,4447.00,4447.60,4446.90,4447.30,114,143,257,-29.00,-1.00,-53.00,1.50,40.0,51,279,0.8276,4.0000,-98.00,-255.00,4429.00,2.0920,UP,89.40,2.8747,1.9767
20260810 200008 439,4447.50,1,4447.40,4447.70,0.30,4447.40,5,4447.30,4,4447.20,5,4447.10,6,4447.00,9,4446.90,10,4446.80,11,4446.70,16,4446.60,16,4446.50,16,4447.70,3,4447.80,6,4447.90,5,4448.00,10,4448.10,17,4448.20,24,4448.30,17,4448.40,18,4448.50,17,4448.60,16,Buy,37,35,72,2.00,5.00,-17.00,0.70,71.4,4447.00,4447.60,4446.90,4447.50,114,143,257,-29.00,-1.00,-53.00,1.50,40.0,51,279,0.8276,1.5000,-97.00,-254.00,4429.02,2.0983,UP,89.40,2.8747,1.9767
20260810 200008 439,4447.50,1,4447.40,4447.70,0.30,4447.40,5,4447.30,4,4447.20,5,4447.10,6,4447.00,9,4446.90,10,4446.80,11,4446.70,16,4446.60,16,4446.50,16,4447.70,3,4447.80,6,4447.90,5,4448.00,10,4448.10,17,4448.20,24,4448.30,17,4448.40,18,4448.50,17,4448.60,16,Buy,38,35,73,3.00,5.00,-17.00,0.70,71.4,4447.00,4447.60,4446.90,4447.50,114,143,257,-29.00,-1.00,-53.00,1.50,40.0,51,279,0.8276,0.6667,-96.00,-253.00,4429.02,2.0983,UP,89.40,2.8747,1.9767
20260810 200009 054,4447.60,1,4447.30,4447.50,0.20,4447.30,1,4447.20,5,4447.10,5,4447.00,9,4446.90,10,4446.80,10,4446.70,16,4446.60,16,4446.50,16,4446.40,20,4447.50,2,4447.60,8,4447.70,6,4447.80,9,4447.90,6,4448.00,10,4448.10,17,4448.20,24,4448.30,17,4448.40,18,Buy,39,35,74,4.00,5.00,-17.00,0.70,85.7,4447.00,4447.60,4446.90,4447.60,114,143,257,-29.00,-1.00,-53.00,1.50,40.0,51,279,0.8276,0.2500,-95.00,-252.00,4429.03,2.1015,UP,89.40,2.8747,1.9767
20260810 200009 056,4447.60,1,4447.30,4447.50,0.20,4447.30,1,4447.20,5,4447.10,5,4447.00,9,4446.90,10,4446.80,10,4446.70,16,4446.60,16,4446.50,16,4446.40,20,4447.50,2,4447.60,8,4447.70,6,4447.80,9,4447.90,6,4448.00,10,4448.10,17,4448.20,24,4448.30,17,4448.40,18,Buy,40,35,75,5.00,5.00,-17.00,0.70,85.7,4447.00,4447.60,4446.90,4447.60,114,143,257,-29.00,-1.00,-53.00,1.50,40.0,51,279,0.8276,0.0000,-94.00,-251.00,4429.03,2.1015,UP,89.40,2.8747,1.9767
20260810 200009 056,4447.60,2,4447.30,4447.50,0.20,4447.30,1,4447.20,5,4447.10,5,4447.00,9,4446.90,10,4446.80,10,4446.70,16,4446.60,16,4446.50,16,4446.40,20,4447.50,2,4447.60,8,4447.70,6,4447.80,9,4447.90,6,4448.00,10,4448.10,17,4448.20,24,4448.30,17,4448.40,18,Buy,42,35,77,7.00,7.00,-17.00,0.70,85.7,4447.00,4447.60,4446.90,4447.60,114,143,257,-29.00,-1.00,-53.00,1.50,40.0,51,279,0.8276,0.0000,-92.00,-249.00,4429.03,2.1015,UP,89.40,2.8747,1.9767
20260810 200009 059,4447.40,1,4447.30,4447.50,0.20,4447.30,1,4447.20,5,4447.10,5,4447.00,9,4446.90,10,4446.80,10,4446.70,16,4446.60,16,4446.50,16,4446.40,20,4447.50,2,4447.60,8,4447.70,6,4447.80,9,4447.90,6,4448.00,10,4448.10,17,4448.20,24,4448.30,17,4448.40,18,Sell,42,36,78,6.00,7.00,-17.00,0.70,57.1,4447.00,4447.60,4446.90,4447.40,114,143,257,-29.00,-1.00,-53.00,1.50,40.0,51,279,0.8276,0.1667,-93.00,-250.00,4429.01,2.0951,UP,89.40,2.8747,1.9767
20260810 200009 059,4447.40,1,4447.30,4447.50,0.20,4447.30,1,4447.20,5,4447.10,5,4447.00,9,4446.90,10,4446.80,10,4446.70,16,4446.60,16,4446.50,16,4446.40,20,4447.50,2,4447.60,8,4447.70,6,4447.80,9,4447.90,6,4448.00,10,4448.10,17,4448.20,24,4448.30,17,4448.40,18,Sell,42,37,79,5.00,7.00,-17.00,0.70,57.1,4447.00,4447.60,4446.90,4447.40,114,143,257,-29.00,-1.00,-53.00,1.50,40.0,51,279,0.8276,0.4000,-94.00,-251.00,4429.01,2.0951,UP,89.40,2.8747,1.9767
20260810 200009 475,4447.30,1,4447.20,4447.40,0.20,4447.20,6,4447.10,5,4447.00,9,4446.90,10,4446.80,10,4446.70,16,4446.60,16,4446.50,16,4446.40,20,4446.30,13,4447.40,1,4447.50,2,4447.60,8,4447.70,6,4447.80,9,4447.90,6,4448.00,10,4448.10,17,4448.20,24,4448.30,17,Sell,42,38,80,4.00,7.00,-17.00,0.70,42.9,4447.00,4447.60,4446.90,4447.30,114,143,257,-29.00,-1.00,-53.00,1.50,40.0,51,279,0.8276,0.7500,-95.00,-252.00,4429.00,2.0920,UP,89.40,2.8747,1.9767
20260810 200009 475,4447.30,1,4447.20,4447.40,0.20,4447.20,6,4447.10,5,4447.00,9,4446.90,10,4446.80,10,4446.70,16,4446.60,16,4446.50,16,4446.40,20,4446.30,13,4447.40,1,4447.50,2,4447.60,8,4447.70,6,4447.80,9,4447.90,6,4448.00,10,4448.10,17,4448.20,24,4448.30,17,Sell,42,39,81,3.00,7.00,-17.00,0.70,42.9,4447.00,4447.60,4446.90,4447.30,114,143,257,-29.00,-1.00,-53.00,1.50,40.0,51,279,0.8276,1.3333,-96.00,-253.00,4429.00,2.0920,UP,89.40,2.8747,1.9767
20260810 200009 475,4447.20,1,4447.20,4447.40,0.20,4447.20,6,4447.10,5,4447.00,9,4446.90,10,4446.80,10,4446.70,16,4446.60,16,4446.50,16,4446.40,20,4446.30,13,4447.40,1,4447.50,2,4447.60,8,4447.70,6,4447.80,9,4447.90,6,4448.00,10,4448.10,17,4448.20,24,4448.30,17,Sell,42,40,82,2.00,7.00,-17.00,0.70,28.6,4447.00,4447.60,4446.90,4447.20,114,143,257,-29.00,-1.00,-53.00,1.50,40.0,51,279,0.8276,2.5000,-97.00,-254.00,4428.99,2.0888,UP,89.40,2.8747,1.9767
20260810 200009 475,4447.20,1,4447.20,4447.40,0.20,4447.20,6,4447.10,5,4447.00,9,4446.90,10,4446.80,10,4446.70,16,4446.60,16,4446.50,16,4446.40,20,4446.30,13,4447.40,1,4447.50,2,4447.60,8,4447.70,6,4447.80,9,4447.90,6,4448.00,10,4448.10,17,4448.20,24,4448.30,17,Sell,42,41,83,1.00,7.00,-17.00,0.70,28.6,4447.00,4447.60,4446.90,4447.20,114,143,257,-29.00,-1.00,-53.00,1.50,40.0,51,279,0.8276,6.0000,-98.00,-255.00,4428.99,2.0888,UP,89.40,2.8747,1.9767
20260810 200009 477,4447.40,1,4447.20,4447.40,0.20,4447.20,6,4447.10,5,4447.00,9,4446.90,10,4446.80,10,4446.70,16,4446.60,16,4446.50,16,4446.40,20,4446.30,13,4447.40,1,4447.50,2,4447.60,8,4447.70,6,4447.80,9,4447.90,6,4448.00,10,4448.10,17,4448.20,24,4448.30,17,Buy,43,41,84,2.00,7.00,-17.00,0.70,57.1,4447.00,4447.60,4446.90,4447.40,114,143,257,-29.00,-1.00,-53.00,1.50,40.0,51,279,0.8276,2.5000,-97.00,-254.00,4429.01,2.0951,UP,89.40,2.8747,1.9767
20260810 200010 747,4447.40,1,4447.30,4447.60,0.30,4447.30,3,4447.20,4,4447.10,5,4447.00,9,4446.90,10,4446.80,10,4446.70,16,4446.60,16,4446.50,16,4446.40,20,4447.60,4,4447.70,6,4447.80,8,4447.90,6,4448.00,10,4448.10,17,4448.20,24,4448.30,17,4448.40,18,4448.50,17,Sell,43,42,85,1.00,7.00,-17.00,0.70,57.1,4447.00,4447.60,4446.90,4447.40,114,143,257,-29.00,-1.00,-53.00,1.50,40.0,51,279,0.8276,6.0000,-98.00,-255.00,4429.01,2.0951,UP,89.40,2.8747,1.9767
20260810 200010 747,4447.40,1,4447.30,4447.60,0.30,4447.30,3,4447.20,4,4447.10,5,4447.00,9,4446.90,10,4446.80,10,4446.70,16,4446.60,16,4446.50,16,4446.40,20,4447.60,4,4447.70,6,4447.80,8,4447.90,6,4448.00,10,4448.10,17,4448.20,24,4448.30,17,4448.40,18,4448.50,17,Sell,43,43,86,0.00,7.00,-17.00,0.70,57.1,4447.00,4447.60,4446.90,4447.40,114,143,257,-29.00,-1.00,-53.00,1.50,40.0,51,279,0.8276,7.0000,-99.00,-256.00,4429.01,2.0951,UP,89.40,2.8747,1.9767
20260810 200010 747,4447.30,1,4447.30,4447.60,0.30,4447.30,3,4447.20,4,4447.10,5,4447.00,9,4446.90,10,4446.80,10,4446.70,16,4446.60,16,4446.50,16,4446.40,20,4447.60,4,4447.70,6,4447.80,8,4447.90,6,4448.00,10,4448.10,17,4448.20,24,4448.30,17,4448.40,18,4448.50,17,Sell,43,44,87,-1.00,7.00,-17.00,0.70,42.9,4447.00,4447.60,4446.90,4447.30,114,143,257,-29.00,-1.00,-53.00,1.50,40.0,51,279,0.8276,16.0000,-100.00,-257.00,4429.00,2.0920,UP,89.40,2.8747,1.9767
20260810 200010 747,4447.30,1,4447.30,4447.60,0.30,4447.30,3,4447.20,4,4447.10,5,4447.00,9,4446.90,10,4446.80,10,4446.70,16,4446.60,16,4446.50,16,4446.40,20,4447.60,4,4447.70,6,4447.80,8,4447.90,6,4448.00,10,4448.10,17,4448.20,24,4448.30,17,4448.40,18,4448.50,17,Sell,43,45,88,-2.00,7.00,-17.00,0.70,42.9,4447.00,4447.60,4446.90,4447.30,114,143,257,-29.00,-1.00,-53.00,1.50,40.0,51,279,0.8276,7.5000,-101.00,-258.00,4429.00,2.0920,UP,89.40,2.8747,1.9767
20260810 200011 642,4447.60,1,4447.50,4447.80,0.30,4447.50,3,4447.40,6,4447.30,3,4447.20,8,4447.10,8,4447.00,10,4446.90,18,4446.80,20,4446.70,16,4446.60,16,4447.80,2,4447.90,3,4448.00,7,4448.10,6,4448.20,24,4448.30,17,4448.40,18,4448.50,17,4448.60,16,4448.70,18,Buy,44,45,89,-1.00,7.00,-17.00,0.70,85.7,4447.00,4447.60,4446.90,4447.60,114,143,257,-29.00,-1.00,-53.00,1.50,40.0,51,279,0.8276,16.0000,-100.00,-257.00,4429.03,2.1015,UP,89.40,2.8747,1.9767
20260810 200011 642,4447.60,1,4447.50,4447.80,0.30,4447.50,3,4447.40,6,4447.30,3,4447.20,8,4447.10,8,4447.00,10,4446.90,18,4446.80,20,4446.70,16,4446.60,16,4447.80,2,4447.90,3,4448.00,7,4448.10,6,4448.20,24,4448.30,17,4448.40,18,4448.50,17,4448.60,16,4448.70,18,Buy,45,45,90,0.00,7.00,-17.00,0.70,85.7,4447.00,4447.60,4446.90,4447.60,114,143,257,-29.00,-1.00,-53.00,1.50,40.0,51,279,0.8276,7.0000,-99.00,-256.00,4429.03,2.1015,UP,89.40,2.8747,1.9767
20260810 200011 653,4447.70,3,4447.50,4447.80,0.30,4447.50,3,4447.40,6,4447.30,3,4447.20,8,4447.10,8,4447.00,10,4446.90,18,4446.80,20,4446.70,16,4446.60,16,4447.80,2,4447.90,3,4448.00,7,4448.10,6,4448.20,24,4448.30,17,4448.40,18,4448.50,17,4448.60,16,4448.70,18,Buy,48,45,93,3.00,7.00,-17.00,0.80,87.5,4447.00,4447.70,4446.90,4447.70,114,143,257,-29.00,-1.00,-53.00,1.50,40.0,51,279,0.8276,1.3333,-96.00,-253.00,4429.04,2.1047,UP,89.40,2.8747,1.9838
20260810 200012 172,4447.40,1,4447.20,4447.50,0.30,4447.20,2,4447.10,5,4447.00,4,4446.90,8,4446.80,10,4446.70,6,4446.60,16,4446.50,16,4446.40,20,4446.30,15,4447.50,4,4447.60,8,4447.70,6,4447.80,8,4447.90,16,4448.00,20,4448.10,16,4448.20,24,4448.30,17,4448.40,18,Buy,49,45,94,4.00,7.00,-17.00,0.80,50.0,4447.00,4447.70,4446.90,4447.40,114,143,257,-29.00,-1.00,-53.00,1.50,40.0,51,279,0.8276,0.7500,-95.00,-252.00,4429.01,2.0951,UP,89.40,2.8747,1.9838
20260810 200012 172,4447.40,1,4447.20,4447.50,0.30,4447.20,2,4447.10,5,4447.00,4,4446.90,8,4446.80,10,4446.70,6,4446.60,16,4446.50,16,4446.40,20,4446.30,15,4447.50,4,4447.60,8,4447.70,6,4447.80,8,4447.90,16,4448.00,20,4448.10,16,4448.20,24,4448.30,17,4448.40,18,Buy,50,45,95,5.00,7.00,-17.00,0.80,50.0,4447.00,4447.70,4446.90,4447.40,114,143,257,-29.00,-1.00,-53.00,1.50,40.0,51,279,0.8276,0.4000,-94.00,-251.00,4429.01,2.0951,UP,89.40,2.8747,1.9838
20260810 200012 566,4447.50,1,4447.30,4447.50,0.20,4447.30,2,4447.20,4,4447.10,6,4447.00,6,4446.90,8,4446.80,10,4446.70,6,4446.60,16,4446.50,16,4446.40,20,4447.60,5,4447.70,5,4447.80,8,4447.90,6,4448.00,19,4448.10,17,4448.20,24,4448.30,17,4448.40,18,4448.50,17,Buy,51,45,96,6.00,7.00,-17.00,0.80,62.5,4447.00,4447.70,4446.90,4447.50,114,143,257,-29.00,-1.00,-53.00,1.50,40.0,51,279,0.8276,0.1667,-93.00,-250.00,4429.02,2.0983,UP,89.40,2.8747,1.9838
20260810 200012 623,4447.50,1,4447.20,4447.50,0.30,4447.20,4,4447.10,6,4447.00,6,4446.90,8,4446.80,10,4446.70,6,4446.60,16,4446.50,16,4446.40,20,4446.30,15,4447.50,3,4447.60,5,4447.70,5,4447.80,8,4447.90,6,4448.00,19,4448.10,17,4448.20,24,4448.30,18,4448.40,18,Buy,52,45,97,7.00,7.00,-17.00,0.80,62.5,4447.00,4447.70,4446.90,4447.50,114,143,257,-29.00,-1.00,-53.00,1.50,40.0,51,279,0.8276,0.0000,-92.00,-249.00,4429.02,2.0983,UP,89.40,2.8747,1.9838
20260810 200013 368,4447.60,1,4447.30,4447.40,0.10,4447.30,2,4447.20,5,4447.10,7,4447.00,6,4446.90,8,4446.80,10,4446.70,16,4446.60,16,4446.50,16,4446.40,20,4447.50,1,4447.60,4,4447.70,5,4447.80,8,4447.90,6,4448.00,20,4448.10,17,4448.20,24,4448.30,17,4448.40,18,Buy,53,45,98,8.00,8.00,-17.00,0.80,75.0,4447.00,4447.70,4446.90,4447.60,114,143,257,-29.00,-1.00,-53.00,1.50,40.0,51,279,0.8276,0.0000,-91.00,-248.00,4429.03,2.1015,UP,89.40,2.8747,1.9838
20260810 200013 379,4447.40,1,4447.30,4447.40,0.10,4447.30,2,4447.20,5,4447.10,7,4447.00,6,4446.90,8,4446.80,10,4446.70,16,4446.60,16,4446.50,16,4446.40,20,4447.50,1,4447.60,4,4447.70,5,4447.80,8,4447.90,6,4448.00,20,4448.10,17,4448.20,24,4448.30,17,4448.40,18,Buy,54,45,99,9.00,9.00,-17.00,0.80,50.0,4447.00,4447.70,4446.90,4447.40,114,143,257,-29.00,-1.00,-53.00,1.50,40.0,51,279,0.8276,0.0000,-90.00,-247.00,4429.01,2.0951,UP,89.40,2.8747,1.9838
20260810 200013 568,4447.50,1,4447.30,4447.50,0.20,4447.30,1,4447.20,3,4447.10,6,4447.00,6,4446.90,8,4446.80,10,4446.70,16,4446.60,16,4446.50,16,4446.40,20,4447.50,1,4447.60,4,4447.70,5,4447.80,8,4447.90,7,4448.00,20,4448.10,17,4448.20,24,4448.30,17,4448.40,18,Buy,55,45,100,10.00,10.00,-17.00,0.80,62.5,4447.00,4447.70,4446.90,4447.50,114,143,257,-29.00,-1.00,-53.00,1.50,40.0,51,279,0.8276,0.0000,-89.00,-246.00,4429.02,2.0983,UP,89.40,2.8747,1.9838
20260810 200014 146,4447.50,1,4447.30,4447.50,0.20,4447.30,1,4447.20,3,4447.10,6,4447.00,6,4446.90,8,4446.80,10,4446.70,16,4446.60,16,4446.50,16,4446.40,20,4447.50,1,4447.60,6,4447.70,6,4447.80,8,4447.90,6,4448.00,20,4448.10,17,4448.20,24,4448.30,17,4448.40,18,Buy,56,45,101,11.00,11.00,-17.00,0.80,62.5,4447.00,4447.70,4446.90,4447.50,114,143,257,-29.00,-1.00,-53.00,1.50,40.0,51,279,0.8276,0.0000,-88.00,-245.00,4429.02,2.0983,UP,89.40,2.8747,1.9838
20260810 200014 279,4447.60,1,4447.40,4447.70,0.30,4447.40,2,4447.30,4,4447.20,3,4447.10,7,4447.00,6,4446.90,8,4446.80,19,4446.70,16,4446.60,16,4446.50,16,4447.70,5,4447.80,8,4447.90,6,4448.00,10,4448.10,17,4448.20,24,4448.30,17,4448.40,18,4448.50,17,4448.60,18,Buy,57,45,102,12.00,12.00,-17.00,0.80,75.0,4447.00,4447.70,4446.90,4447.60,114,143,257,-29.00,-1.00,-53.00,1.50,40.0,51,279,0.8276,0.0000,-87.00,-244.00,4429.03,2.1015,UP,89.40,2.8747,1.9838
20260810 200014 279,4447.60,1,4447.40,4447.70,0.30,4447.40,2,4447.30,4,4447.20,3,4447.10,7,4447.00,6,4446.90,8,4446.80,19,4446.70,16,4446.60,16,4446.50,16,4447.70,5,4447.80,8,4447.90,6,4448.00,10,4448.10,17,4448.20,24,4448.30,17,4448.40,18,4448.50,17,4448.60,18,Buy,58,45,103,13.00,13.00,-17.00,0.80,75.0,4447.00,4447.70,4446.90,4447.60,114,143,257,-29.00,-1.00,-53.00,1.50,40.0,51,279,0.8276,0.0000,-86.00,-243.00,4429.03,2.1015,UP,89.40,2.8747,1.9838
20260810 200014 279,4447.60,1,4447.40,4447.70,0.30,4447.40,2,4447.30,4,4447.20,3,4447.10,7,4447.00,6,4446.90,8,4446.80,19,4446.70,16,4446.60,16,4446.50,16,4447.70,5,4447.80,8,4447.90,6,4448.00,10,4448.10,17,4448.20,24,4448.30,17,4448.40,18,4448.50,17,4448.60,18,Buy,59,45,104,14.00,14.00,-17.00,0.80,75.0,4447.00,4447.70,4446.90,4447.60,114,143,257,-29.00,-1.00,-53.00,1.50,40.0,51,279,0.8276,0.0000,-85.00,-242.00,4429.03,2.1015,UP,89.40,2.8747,1.9838
20260810 200014 385,4447.70,1,4447.40,4447.70,0.30,4447.40,2,4447.30,3,4447.20,3,4447.10,7,4447.00,6,4446.90,8,4446.80,19,4446.70,16,4446.60,16,4446.50,16,4447.70,2,4447.80,8,4447.90,6,4448.00,10,4448.10,17,4448.20,24,4448.30,17,4448.40,18,4448.50,17,4448.60,18,Buy,60,45,105,15.00,15.00,-17.00,0.80,87.5,4447.00,4447.70,4446.90,4447.70,114,143,257,-29.00,-1.00,-53.00,1.50,40.0,51,279,0.8276,0.0000,-84.00,-241.00,4429.04,2.1047,UP,89.40,2.8747,1.9838
20260810 200014 389,4447.70,1,4447.40,4447.70,0.30,4447.40,2,4447.30,3,4447.20,3,4447.10,7,4447.00,6,4446.90,8,4446.80,19,4446.70,16,4446.60,16,4446.50,16,4447.70,2,4447.80,8,4447.90,6,4448.00,10,4448.10,17,4448.20,24,4448.30,17,4448.40,18,4448.50,17,4448.60,18,Buy,61,45,106,16.00,16.00,-17.00,0.80,87.5,4447.00,4447.70,4446.90,4447.70,114,143,257,-29.00,-1.00,-53.00,1.50,40.0,51,279,0.8276,0.0000,-83.00,-240.00,4429.04,2.1047,UP,89.40,2.8747,1.9838
20260810 200014 389,4447.70,1,4447.40,4447.70,0.30,4447.40,2,4447.30,3,4447.20,3,4447.10,7,4447.00,6,4446.90,8,4446.80,19,4446.70,16,4446.60,16,4446.50,16,4447.70,2,4447.80,8,4447.90,6,4448.00,10,4448.10,17,4448.20,24,4448.30,17,4448.40,18,4448.50,17,4448.60,18,Buy,62,45,107,17.00,17.00,-17.00,0.80,87.5,4447.00,4447.70,4446.90,4447.70,114,143,257,-29.00,-1.00,-53.00,1.50,40.0,51,279,0.8276,0.0000,-82.00,-239.00,4429.04,2.1047,UP,89.40,2.8747,1.9838
20260810 200014 704,4447.50,1,4447.30,4447.60,0.30,4447.30,4,4447.20,3,4447.10,7,4447.00,6,4446.90,8,4446.80,20,4446.70,16,4446.60,16,4446.50,16,4446.40,20,4447.60,4,4447.70,4,4447.80,8,4447.90,6,4448.00,10,4448.10,18,4448.20,24,4448.30,17,4448.40,18,4448.50,17,Buy,63,45,108,18.00,18.00,-17.00,0.80,62.5,4447.00,4447.70,4446.90,4447.50,114,143,257,-29.00,-1.00,-53.00,1.50,40.0,51,279,0.8276,0.0000,-81.00,-238.00,4429.02,2.0983,UP,89.40,2.8747,1.9838
20260810 200018 724,4447.60,1,4447.50,4447.60,0.10,4447.60,1,4447.50,4,4447.40,4,4447.30,4,4447.20,6,4447.10,7,4447.00,7,4446.90,17,4446.80,20,4446.70,16,4447.80,6,4447.90,5,4448.00,10,4448.10,7,4448.20,24,4448.30,17,4448.40,18,4448.50,17,4448.60,16,4448.70,22,Sell,63,46,109,17.00,18.00,-17.00,0.80,75.0,4447.00,4447.70,4446.90,4447.60,114,143,257,-29.00,-1.00,-53.00,1.50,40.0,51,279,0.8276,0.0588,-82.00,-239.00,4429.03,2.1015,UP,89.40,2.8747,1.9838
20260810 200018 724,4447.50,1,4447.50,4447.60,0.10,4447.60,1,4447.50,4,4447.40,4,4447.30,4,4447.20,6,4447.10,7,4447.00,7,4446.90,17,4446.80,20,4446.70,16,4447.80,6,4447.90,5,4448.00,10,4448.10,7,4448.20,24,4448.30,17,4448.40,18,4448.50,17,4448.60,16,4448.70,22,Sell,63,47,110,16.00,18.00,-17.00,0.80,62.5,4447.00,4447.70,4446.90,4447.50,114,143,257,-29.00,-1.00,-53.00,1.50,40.0,51,279,0.8276,0.1250,-83.00,-240.00,4429.02,2.0983,UP,89.40,2.8747,1.9838
20260810 200018 724,4447.50,1,4447.50,4447.60,0.10,4447.60,1,4447.50,4,4447.40,4,4447.30,4,4447.20,6,4447.10,7,4447.00,7,4446.90,17,4446.80,20,4446.70,16,4447.80,6,4447.90,5,4448.00,10,4448.10,7,4448.20,24,4448.30,17,4448.40,18,4448.50,17,4448.60,16,4448.70,22,Sell,63,48,111,15.00,18.00,-17.00,0.80,62.5,4447.00,4447.70,4446.90,4447.50,114,143,257,-29.00,-1.00,-53.00,1.50,40.0,51,279,0.8276,0.2000,-84.00,-241.00,4429.02,2.0983,UP,89.40,2.8747,1.9838
20260810 200018 728,4447.60,1,4447.50,4447.60,0.10,4447.60,1,4447.50,4,4447.40,4,4447.30,4,4447.20,6,4447.10,7,4447.00,7,4446.90,17,4446.80,20,4446.70,16,4447.80,6,4447.90,5,4448.00,10,4448.10,7,4448.20,24,4448.30,17,4448.40,18,4448.50,17,4448.60,16,4448.70,22,Buy,64,48,112,16.00,18.00,-17.00,0.80,75.0,4447.00,4447.70,4446.90,4447.60,114,143,257,-29.00,-1.00,-53.00,1.50,40.0,51,279,0.8276,0.1250,-83.00,-240.00,4429.03,2.1015,UP,89.40,2.8747,1.9838
20260810 200018 734,4447.60,2,4447.50,4447.60,0.10,4447.60,1,4447.50,4,4447.40,4,4447.30,4,4447.20,6,4447.10,7,4447.00,7,4446.90,17,4446.80,20,4446.70,16,4447.80,6,4447.90,5,4448.00,10,4448.10,7,4448.20,24,4448.30,17,4448.40,18,4448.50,17,4448.60,16,4448.70,22,Buy,66,48,114,18.00,18.00,-17.00,0.80,75.0,4447.00,4447.70,4446.90,4447.60,114,143,257,-29.00,-1.00,-53.00,1.50,40.0,51,279,0.8276,0.0000,-81.00,-238.00,4429.03,2.1015,UP,89.40,2.8747,1.9838
20260810 200019 054,4447.60,1,4447.40,4447.70,0.30,4447.40,2,4447.30,4,4447.20,3,4447.10,7,4447.00,6,4446.90,8,4446.80,20,4446.70,16,4446.60,16,4446.50,16,4447.70,4,4447.80,8,4447.90,7,4448.00,10,4448.10,7,4448.20,24,4448.30,17,4448.40,18,4448.50,17,4448.60,16,Buy,67,48,115,19.00,19.00,-17.00,0.80,75.0,4447.00,4447.70,4446.90,4447.60,114,143,257,-29.00,-1.00,-53.00,1.50,40.0,51,279,0.8276,0.0000,-80.00,-237.00,4429.03,2.1015,UP,89.40,2.8747,1.9838
20260810 200019 055,4447.60,1,4447.40,4447.70,0.30,4447.40,2,4447.30,4,4447.20,3,4447.10,7,4447.00,6,4446.90,8,4446.80,20,4446.70,16,4446.60,16,4446.50,16,4447.70,4,4447.80,8,4447.90,7,4448.00,10,4448.10,7,4448.20,24,4448.30,17,4448.40,18,4448.50,17,4448.60,16,Buy,68,48,116,20.00,20.00,-17.00,0.80,75.0,4447.00,4447.70,4446.90,4447.60,114,143,257,-29.00,-1.00,-53.00,1.50,40.0,51,279,0.8276,0.0000,-79.00,-236.00,4429.03,2.1015,UP,89.40,2.8747,1.9838
20260810 200019 831,4447.40,1,4447.40,4447.50,0.10,4447.30,2,4447.20,3,4447.10,6,4447.00,6,4446.90,8,4446.80,20,4446.70,16,4446.60,16,4446.50,16,4446.40,20,4447.50,2,4447.60,3,4447.70,6,4447.80,9,4447.90,6,4448.00,10,4448.10,8,4448.20,24,4448.30,17,4448.40,18,Sell,68,49,117,19.00,20.00,-17.00,0.80,50.0,4447.00,4447.70,4446.90,4447.40,114,143,257,-29.00,-1.00,-53.00,1.50,40.0,51,279,0.8276,0.0526,-80.00,-237.00,4429.01,2.0951,UP,89.40,2.8747,1.9838
20260810 200021 002,4447.30,1,4447.10,4447.40,0.30,4447.10,4,4447.00,6,4446.90,8,4446.80,10,4446.70,15,4446.60,16,4446.50,16,4446.40,20,4446.30,15,4446.20,20,4447.40,4,4447.50,5,4447.60,7,4447.70,7,4447.80,8,4447.90,6,4448.00,20,4448.10,17,4448.20,24,4448.30,17,Sell,68,50,118,18.00,20.00,-17.00,0.80,37.5,4447.00,4447.70,4446.90,4447.30,114,143,257,-29.00,-1.00,-53.00,1.50,40.0,51,279,0.8276,0.1111,-81.00,-238.00,4429.00,2.0920,UP,89.40,2.8747,1.9838
20260810 200021 016,4447.40,2,4447.10,4447.40,0.30,4447.10,4,4447.00,6,4446.90,8,4446.80,10,4446.70,15,4446.60,16,4446.50,16,4446.40,20,4446.30,15,4446.20,20,4447.40,4,4447.50,5,4447.60,7,4447.70,7,4447.80,8,4447.90,6,4448.00,20,4448.10,17,4448.20,24,4448.30,17,Buy,70,50,120,20.00,20.00,-17.00,0.80,50.0,4447.00,4447.70,4446.90,4447.40,114,143,257,-29.00,-1.00,-53.00,1.50,40.0,51,279,0.8276,0.0000,-79.00,-236.00,4429.01,2.0951,UP,89.40,2.8747,1.9838
20260810 200021 332,4447.10,1,4446.90,4447.10,0.20,4446.90,5,4446.80,5,4446.70,6,4446.60,8,4446.50,7,4446.40,20,4446.30,15,4446.20,18,4446.10,14,4446.00,16,4447.10,2,4447.20,4,4447.30,4,4447.40,10,4447.50,8,4447.60,7,4447.70,16,4447.80,19,4447.90,16,4448.00,20,Sell,70,51,121,19.00,20.00,-17.00,0.80,12.5,4447.00,4447.70,4446.90,4447.10,114,143,257,-29.00,-1.00,-53.00,1.50,40.0,51,279,0.8276,0.0526,-80.00,-237.00,4428.98,2.0856,UP,89.40,2.8747,1.9838
20260810 200021 336,4447.00,1,4446.90,4447.10,0.20,4446.90,5,4446.80,5,4446.70,6,4446.60,8,4446.50,7,4446.40,20,4446.30,15,4446.20,18,4446.10,14,4446.00,16,4447.10,2,4447.20,4,4447.30,4,4447.40,10,4447.50,8,4447.60,7,4447.70,16,4447.80,19,4447.90,16,4448.00,20,Buy,71,51,122,20.00,20.00,-17.00,0.80,0.0,4447.00,4447.70,4446.90,4447.00,114,143,257,-29.00,-1.00,-53.00,1.50,40.0,51,279,0.8276,0.0000,-79.00,-236.00,4428.97,2.0824,UP,89.40,2.8747,1.9838
20260810 200021 336,4447.00,1,4446.90,4447.10,0.20,4446.90,5,4446.80,5,4446.70,6,4446.60,8,4446.50,7,4446.40,20,4446.30,15,4446.20,18,4446.10,14,4446.00,16,4447.10,2,4447.20,4,4447.30,4,4447.40,10,4447.50,8,4447.60,7,4447.70,16,4447.80,19,4447.90,16,4448.00,20,Buy,72,51,123,21.00,21.00,-17.00,0.80,0.0,4447.00,4447.70,4446.90,4447.00,114,143,257,-29.00,-1.00,-53.00,1.50,40.0,51,279,0.8276,0.0000,-78.00,-235.00,4428.97,2.0824,UP,89.40,2.8747,1.9838
20260810 200021 336,4447.00,1,4446.90,4447.10,0.20,4446.90,5,4446.80,5,4446.70,6,4446.60,8,4446.50,7,4446.40,20,4446.30,15,4446.20,18,4446.10,14,4446.00,16,4447.10,2,4447.20,4,4447.30,4,4447.40,10,4447.50,8,4447.60,7,4447.70,16,4447.80,19,4447.90,16,4448.00,20,Buy,73,51,124,22.00,22.00,-17.00,0.80,0.0,4447.00,4447.70,4446.90,4447.00,114,143,257,-29.00,-1.00,-53.00,1.50,40.0,51,279,0.8276,0.0000,-77.00,-234.00,4428.97,2.0824,UP,89.40,2.8747,1.9838
20260810 200021 336,4447.00,1,4446.90,4447.10,0.20,4446.90,5,4446.80,5,4446.70,6,4446.60,8,4446.50,7,4446.40,20,4446.30,15,4446.20,18,4446.10,14,4446.00,16,4447.10,2,4447.20,4,4447.30,4,4447.40,10,4447.50,8,4447.60,7,4447.70,16,4447.80,19,4447.90,16,4448.00,20,Buy,74,51,125,23.00,23.00,-17.00,0.80,0.0,4447.00,4447.70,4446.90,4447.00,114,143,257,-29.00,-1.00,-53.00,1.50,40.0,51,279,0.8276,0.0000,-76.00,-233.00,4428.97,2.0824,UP,89.40,2.8747,1.9838
20260810 200022 794,4447.00,1,4447.00,4447.20,0.20,4447.00,3,4446.90,8,4446.80,7,4446.70,7,4446.60,8,4446.50,6,4446.40,20,4446.30,15,4446.20,18,4446.10,14,4447.20,3,4447.30,5,4447.40,8,4447.50,7,4447.60,7,4447.70,6,4447.80,19,4447.90,16,4448.00,21,4448.10,17,Sell,74,52,126,22.00,23.00,-17.00,0.80,0.0,4447.00,4447.70,4446.90,4447.00,114,143,257,-29.00,-1.00,-53.00,1.50,40.0,51,279,0.8276,0.0455,-77.00,-234.00,4428.97,2.0824,UP,89.40,2.8747,1.9838
20260810 200024 136,4447.00,1,4446.90,4447.20,0.30,4446.90,5,4446.80,5,4446.70,6,4446.60,8,4446.50,6,4446.40,20,4446.30,15,4446.20,18,4446.10,14,4446.00,16,4447.20,6,4447.30,3,4447.40,10,4447.50,8,4447.60,7,4447.70,6,4447.80,19,4447.90,16,4448.00,22,4448.10,17,Sell,74,53,127,21.00,23.00,-17.00,0.80,0.0,4447.00,4447.70,4446.90,4447.00,114,143,257,-29.00,-1.00,-53.00,1.50,40.0,51,279,0.8276,0.0952,-78.00,-235.00,4428.97,2.0824,UP,89.40,2.8747,1.9838
20260810 200025 656,4447.00,2,4446.90,4447.10,0.20,4446.90,3,4446.80,5,4446.70,6,4446.60,7,4446.50,6,4446.40,20,4446.30,15,4446.20,18,4446.10,14,4446.00,16,4447.10,2,4447.20,7,4447.30,3,4447.40,10,4447.50,8,4447.60,7,4447.70,6,4447.80,19,4447.90,16,4448.00,23,Sell,74,55,129,19.00,23.00,-17.00,0.80,0.0,4447.00,4447.70,4446.90,4447.00,114,143,257,-29.00,-1.00,-53.00,1.50,40.0,51,279,0.8276,0.2105,-80.00,-237.00,4428.97,2.0824,UP,89.40,2.8747,1.9838
20260810 200028 461,4446.90,1,4446.60,4446.90,0.30,4446.60,5,4446.50,6,4446.40,11,4446.30,15,4446.20,18,4446.10,14,4446.00,16,4445.90,16,4445.80,18,4445.70,13,4446.90,3,4447.00,5,4447.10,5,4447.20,12,4447.30,6,4447.40,10,4447.50,17,4447.60,18,4447.70,16,4447.80,19,Sell,74,56,130,18.00,23.00,-17.00,0.80,12.5,4447.00,4447.70,4446.90,4446.90,114,143,257,-29.00,-1.00,-53.00,1.50,40.0,51,279,0.8276,0.2778,-81.00,-238.00,4428.96,2.0793,UP,89.40,2.8747,1.9838
20260810 200028 462,4446.80,2,4446.60,4446.90,0.30,4446.60,5,4446.50,6,4446.40,11,4446.30,15,4446.20,18,4446.10,14,4446.00,16,4445.90,16,4445.80,18,4445.70,13,4446.90,3,4447.00,5,4447.10,5,4447.20,12,4447.30,6,4447.40,10,4447.50,17,4447.60,18,4447.70,16,4447.80,19,Sell,74,58,132,16.00,23.00,-17.00,0.90,22.2,4447.00,4447.70,4446.80,4446.80,114,143,257,-29.00,-1.00,-53.00,1.50,40.0,51,279,0.8276,0.4375,-83.00,-240.00,4428.95,2.0761,UP,89.40,2.8747,1.9838
20260810 200030 699,4447.00,3,4447.00,4447.20,0.20,4447.00,3,4446.90,5,4446.80,7,4446.70,3,4446.60,7,4446.50,7,4446.40,11,4446.30,7,4446.20,18,4446.10,16,4447.20,1,4447.30,5,4447.40,10,4447.50,7,4447.60,18,4447.70,16,4447.80,19,4447.90,16,4448.00,23,4448.10,17,Buy,77,58,135,19.00,23.00,-17.00,0.90,0.0,4447.00,4447.70,4446.80,4447.00,114,143,257,-29.00,-1.00,-53.00,1.50,40.0,51,279,0.8276,0.2105,-80.00,-237.00,4428.97,2.0824,UP,89.40,2.8747,1.9838
20260810 200035 508,4447.10,1,4447.00,4447.20,0.20,4447.00,5,4446.90,6,4446.80,7,4446.70,4,4446.60,6,4446.50,16,4446.40,20,4446.30,16,4446.20,18,4446.10,16,4447.20,1,4447.30,1,4447.40,5,4447.50,4,4447.60,9,4447.70,6,4447.80,9,4447.90,16,4448.00,23,4448.10,18,Sell,77,59,136,18.00,23.00,-17.00,0.90,11.1,4447.00,4447.70,4446.80,4447.10,114,143,257,-29.00,-1.00,-53.00,1.50,40.0,51,279,0.8276,0.2778,-81.00,-238.00,4428.98,2.0856,UP,89.40,2.8747,1.9838
20260810 200037 023,4447.00,1,4446.90,4447.20,0.30,4446.90,3,4446.80,4,4446.70,4,4446.60,6,4446.50,7,4446.40,20,4446.30,15,4446.20,18,4446.10,16,4446.00,17,4447.20,2,4447.30,4,4447.40,7,4447.50,6,4447.60,8,4447.70,6,4447.80,19,4447.90,16,4448.00,23,4448.10,18,Buy,78,59,137,19.00,23.00,-17.00,0.90,0.0,4447.00,4447.70,4446.80,4447.00,114,143,257,-29.00,-1.00,-53.00,1.50,40.0,51,279,0.8276,0.2105,-80.00,-237.00,4428.97,2.0824,UP,89.40,2.8747,1.9838
20260810 200038 090,4447.20,1,4447.10,4447.40,0.30,4447.10,2,4447.00,5,4446.90,4,4446.80,7,4446.70,4,4446.60,6,4446.50,7,4446.40,20,4446.30,15,4446.20,18,4447.40,5,4447.50,4,4447.60,8,4447.70,6,4447.80,19,4447.90,16,4448.00,23,4448.10,18,4448.20,24,4448.30,17,Buy,79,59,138,20.00,23.00,-17.00,0.90,22.2,4447.00,4447.70,4446.80,4447.20,114,143,257,-29.00,-1.00,-53.00,1.50,40.0,51,279,0.8276,0.1500,-79.00,-236.00,4428.99,2.0888,UP,89.40,2.8747,1.9838
20260810 200038 090,4447.30,1,4447.10,4447.40,0.30,4447.10,2,4447.00,5,4446.90,4,4446.80,7,4446.70,4,4446.60,6,4446.50,7,4446.40,20,4446.30,15,4446.20,18,4447.40,5,4447.50,4,4447.60,8,4447.70,6,4447.80,19,4447.90,16,4448.00,23,4448.10,18,4448.20,24,4448.30,17,Buy,80,59,139,21.00,23.00,-17.00,0.90,33.3,4447.00,4447.70,4446.80,4447.30,114,143,257,-29.00,-1.00,-53.00,1.50,40.0,51,279,0.8276,0.0952,-78.00,-235.00,4429.00,2.0920,UP,89.40,2.8747,1.9838
20260810 200038 204,4447.10,1,4447.10,4447.40,0.30,4447.10,1,4447.00,5,4446.90,4,4446.80,7,4446.70,4,4446.60,6,4446.50,7,4446.40,20,4446.30,15,4446.20,18,4447.40,5,4447.50,4,4447.60,8,4447.70,6,4447.80,19,4447.90,16,4448.00,23,4448.10,18,4448.20,24,4448.30,17,Sell,80,60,140,20.00,23.00,-17.00,0.90,11.1,4447.00,4447.70,4446.80,4447.10,114,143,257,-29.00,-1.00,-53.00,1.50,40.0,51,279,0.8276,0.1500,-79.00,-236.00,4428.98,2.0856,UP,89.40,2.8747,1.9838
20260810 200040 219,4447.70,1,4447.60,4447.80,0.20,4447.60,4,4447.50,3,4447.40,2,4447.30,3,4447.20,8,4447.10,4,4447.00,7,4446.90,14,4446.80,16,4446.70,13,4447.80,2,4447.90,5,4448.00,12,4448.10,6,4448.20,24,4448.30,17,4448.40,18,4448.50,17,4448.60,18,4448.70,22,Buy,81,60,141,21.00,23.00,-17.00,0.90,77.8,4447.00,4447.70,4446.80,4447.70,114,143,257,-29.00,-1.00,-53.00,1.50,40.0,51,279,0.8276,0.0952,-78.00,-235.00,4429.04,2.1047,UP,89.40,2.8747,1.9838
20260810 200040 221,4447.70,1,4447.60,4447.80,0.20,4447.60,4,4447.50,3,4447.40,2,4447.30,3,4447.20,8,4447.10,4,4447.00,7,4446.90,14,4446.80,16,4446.70,13,4447.80,2,4447.90,5,4448.00,12,4448.10,6,4448.20,24,4448.30,17,4448.40,18,4448.50,17,4448.60,18,4448.70,22,Sell,81,61,142,20.00,23.00,-17.00,0.90,77.8,4447.00,4447.70,4446.80,4447.70,114,143,257,-29.00,-1.00,-53.00,1.50,40.0,51,279,0.8276,0.1500,-79.00,-236.00,4429.04,2.1047,UP,89.40,2.8747,1.9838
20260810 200040 244,4447.70,1,4447.70,4447.80,0.10,4447.50,4,4447.40,2,4447.30,3,4447.20,8,4447.10,4,4447.00,7,4446.90,14,4446.80,16,4446.70,13,4446.60,15,4447.80,2,4447.90,5,4448.00,12,4448.10,6,4448.20,24,4448.30,17,4448.40,18,4448.50,17,4448.60,18,4448.70,22,Sell,81,62,143,19.00,23.00,-17.00,0.90,77.8,4447.00,4447.70,4446.80,4447.70,114,143,257,-29.00,-1.00,-53.00,1.50,40.0,51,279,0.8276,0.2105,-80.00,-237.00,4429.04,2.1047,UP,89.40,2.8747,1.9838
20260810 200040 344,4447.80,1,4447.70,4447.80,0.10,4447.90,1,4447.80,5,4447.70,3,4447.60,6,4447.50,5,4447.40,4,4447.30,4,4447.20,16,4447.10,14,4447.00,17,4448.00,2,4448.10,3,4448.20,10,4448.30,6,4448.40,8,4448.50,17,4448.60,18,4448.70,22,4448.80,19,4448.90,15,Buy,82,62,144,20.00,23.00,-17.00,1.00,80.0,4447.00,4447.80,4446.80,4447.80,114,143,257,-29.00,-1.00,-53.00,1.50,40.0,51,279,0.8276,0.1500,-79.00,-236.00,4429.05,2.1078,UP,89.40,2.8747,1.9909
20260810 200040 344,4447.80,1,4447.70,4447.80,0.10,4447.90,1,4447.80,5,4447.70,3,4447.60,6,4447.50,5,4447.40,4,4447.30,4,4447.20,16,4447.10,14,4447.00,17,4448.00,2,4448.10,3,4448.20,10,4448.30,6,4448.40,8,4448.50,17,4448.60,18,4448.70,22,4448.80,19,4448.90,15,Buy,83,62,145,21.00,23.00,-17.00,1.00,80.0,4447.00,4447.80,4446.80,4447.80,114,143,257,-29.00,-1.00,-53.00,1.50,40.0,51,279,0.8276,0.0952,-78.00,-235.00,4429.05,2.1078,UP,89.40,2.8747,1.9909
20260810 200040 380,4448.00,1,4447.90,4448.00,0.10,4447.90,4,4447.80,4,4447.70,3,4447.60,6,4447.50,6,4447.40,4,4447.30,13,4447.20,16,4447.10,14,4447.00,17,4448.20,4,4448.30,5,4448.40,8,4448.50,7,4448.60,18,4448.70,22,4448.80,19,4448.90,15,4449.00,20,4449.10,14,Buy,84,62,146,22.00,23.00,-17.00,1.20,83.3,4447.00,4448.00,4446.80,4448.00,114,143,257,-29.00,-1.00,-53.00,1.50,40.0,51,279,0.8276,0.0455,-77.00,-234.00,4429.07,2.1142,UP,89.40,2.8747,2.0052
20260810 200040 380,4448.00,1,4447.90,4448.00,0.10,4447.90,4,4447.80,4,4447.70,3,4447.60,6,4447.50,6,4447.40,4,4447.30,13,4447.20,16,4447.10,14,4447.00,17,4448.20,4,4448.30,5,4448.40,8,4448.50,7,4448.60,18,4448.70,22,4448.80,19,4448.90,15,4449.00,20,4449.10,14,Buy,85,62,147,23.00,23.00,-17.00,1.20,83.3,4447.00,4448.00,4446.80,4448.00,114,143,257,-29.00,-1.00,-53.00,1.50,40.0,51,279,0.8276,0.0000,-76.00,-233.00,4429.07,2.1142,UP,89.40,2.8747,2.0052
20260810 200040 523,4448.20,1,4448.10,4448.30,0.20,4448.10,3,4448.00,3,4447.90,5,4447.80,6,4447.70,4,4447.60,6,4447.50,7,4447.40,14,4447.30,13,4447.20,16,4448.30,1,4448.40,4,4448.50,6,4448.60,8,4448.70,12,4448.80,19,4448.90,16,4449.00,20,4449.10,14,4449.20,18,Buy,86,62,148,24.00,24.00,-17.00,1.40,85.7,4447.00,4448.20,4446.80,4448.20,114,143,257,-29.00,-1.00,-53.00,1.50,40.0,51,279,0.8276,0.0000,-75.00,-232.00,4429.09,2.1205,UP,89.40,2.8747,2.0195
20260810 200040 523,4448.20,1,4448.10,4448.30,0.20,4448.10,3,4448.00,3,4447.90,5,4447.80,6,4447.70,4,4447.60,6,4447.50,7,4447.40,14,4447.30,13,4447.20,16,4448.30,1,4448.40,4,4448.50,6,4448.60,8,4448.70,12,4448.80,19,4448.90,16,4449.00,20,4449.10,14,4449.20,18,Buy,87,62,149,25.00,25.00,-17.00,1.40,85.7,4447.00,4448.20,4446.80,4448.20,114,143,257,-29.00,-1.00,-53.00,1.50,40.0,51,279,0.8276,0.0000,-74.00,-231.00,4429.09,2.1205,UP,89.40,2.8747,2.0195
20260810 200042 018,4448.70,1,4448.60,4448.90,0.30,4448.60,3,4448.50,2,4448.40,4,4448.30,4,4448.20,6,4448.10,4,4448.00,8,4447.90,15,4447.80,15,4447.70,14,4448.90,2,4449.00,9,4449.10,7,4449.20,21,4449.30,16,4449.40,20,4449.50,15,4449.60,16,4449.70,14,4449.80,14,Buy,88,62,150,26.00,26.00,-17.00,1.90,89.5,4447.00,4448.70,4446.80,4448.70,114,143,257,-29.00,-1.00,-53.00,1.50,40.0,51,279,0.8276,0.0000,-73.00,-230.00,4429.14,2.1364,UP,89.40,2.8747,2.0552
20260810 200042 018,4448.70,1,4448.60,4448.90,0.30,4448.60,3,4448.50,2,4448.40,4,4448.30,4,4448.20,6,4448.10,4,4448.00,8,4447.90,15,4447.80,15,4447.70,14,4448.90,2,4449.00,9,4449.10,7,4449.20,21,4449.30,16,4449.40,20,4449.50,15,4449.60,16,4449.70,14,4449.80,14,Buy,89,62,151,27.00,27.00,-17.00,1.90,89.5,4447.00,4448.70,4446.80,4448.70,114,143,257,-29.00,-1.00,-53.00,1.50,40.0,51,279,0.8276,0.0000,-72.00,-229.00,4429.14,2.1364,UP,89.40,2.8747,2.0552
20260810 200042 113,4448.80,1,4448.70,4448.90,0.20,4448.70,2,4448.60,5,4448.50,4,4448.40,8,4448.30,7,4448.20,6,4448.10,13,4448.00,17,4447.90,15,4447.80,15,4448.90,2,4449.00,6,4449.10,6,4449.20,10,4449.30,7,4449.40,20,4449.50,15,4449.60,16,4449.70,14,4449.80,15,Buy,90,62,152,28.00,28.00,-17.00,2.00,90.0,4447.00,4448.80,4446.80,4448.80,114,143,257,-29.00,-1.00,-53.00,1.50,40.0,51,279,0.8276,0.0000,-71.00,-228.00,4429.15,2.1396,UP,89.40,2.8747,2.0624
20260810 200042 113,4448.80,1,4448.70,4448.90,0.20,4448.70,2,4448.60,5,4448.50,4,4448.40,8,4448.30,7,4448.20,6,4448.10,13,4448.00,17,4447.90,15,4447.80,15,4448.90,2,4449.00,6,4449.10,6,4449.20,10,4449.30,7,4449.40,20,4449.50,15,4449.60,16,4449.70,14,4449.80,15,Buy,91,62,153,29.00,29.00,-17.00,2.00,90.0,4447.00,4448.80,4446.80,4448.80,114,143,257,-29.00,-1.00,-53.00,1.50,40.0,51,279,0.8276,0.0000,-70.00,-227.00,4429.15,2.1396,UP,89.40,2.8747,2.0624
20260810 200042 113,4448.80,1,4448.70,4448.90,0.20,4448.70,2,4448.60,5,4448.50,4,4448.40,8,4448.30,7,4448.20,6,4448.10,13,4448.00,17,4447.90,15,4447.80,15,4448.90,2,4449.00,6,4449.10,6,4449.20,10,4449.30,7,4449.40,20,4449.50,15,4449.60,16,4449.70,14,4449.80,15,Buy,92,62,154,30.00,30.00,-17.00,2.00,90.0,4447.00,4448.80,4446.80,4448.80,114,143,257,-29.00,-1.00,-53.00,1.50,40.0,51,279,0.8276,0.0000,-69.00,-226.00,4429.15,2.1396,UP,89.40,2.8747,2.0624
20260810 200042 113,4448.90,1,4448.70,4448.90,0.20,4448.70,2,4448.60,5,4448.50,4,4448.40,8,4448.30,7,4448.20,6,4448.10,13,4448.00,17,4447.90,15,4447.80,15,4448.90,2,4449.00,6,4449.10,6,4449.20,10,4449.30,7,4449.40,20,4449.50,15,4449.60,16,4449.70,14,4449.80,15,Buy,93,62,155,31.00,31.00,-17.00,2.10,90.5,4447.00,4448.90,4446.80,4448.90,114,143,257,-29.00,-1.00,-53.00,1.50,40.0,51,279,0.8276,0.0000,-68.00,-225.00,4429.15,2.1427,UP,89.40,2.8747,2.0695
20260810 200042 113,4448.90,1,4448.70,4448.90,0.20,4448.70,2,4448.60,5,4448.50,4,4448.40,8,4448.30,7,4448.20,6,4448.10,13,4448.00,17,4447.90,15,4447.80,15,4448.90,2,4449.00,6,4449.10,6,4449.20,10,4449.30,7,4449.40,20,4449.50,15,4449.60,16,4449.70,14,4449.80,15,Buy,94,62,156,32.00,32.00,-17.00,2.10,90.5,4447.00,4448.90,4446.80,4448.90,114,143,257,-29.00,-1.00,-53.00,1.50,40.0,51,279,0.8276,0.0000,-67.00,-224.00,4429.15,2.1427,UP,89.40,2.8747,2.0695
20260810 200042 113,4448.90,1,4448.70,4448.90,0.20,4448.70,2,4448.60,5,4448.50,4,4448.40,8,4448.30,7,4448.20,6,4448.10,13,4448.00,17,4447.90,15,4447.80,15,4448.90,2,4449.00,6,4449.10,6,4449.20,10,4449.30,7,4449.40,20,4449.50,15,4449.60,16,4449.70,14,4449.80,15,Buy,95,62,157,33.00,33.00,-17.00,2.10,90.5,4447.00,4448.90,4446.80,4448.90,114,143,257,-29.00,-1.00,-53.00,1.50,40.0,51,279,0.8276,0.0000,-66.00,-223.00,4429.15,2.1427,UP,89.40,2.8747,2.0695
20260810 200042 113,4448.90,1,4448.70,4448.90,0.20,4448.70,2,4448.60,5,4448.50,4,4448.40,8,4448.30,7,4448.20,6,4448.10,13,4448.00,17,4447.90,15,4447.80,15,4448.90,2,4449.00,6,4449.10,6,4449.20,10,4449.30,7,4449.40,20,4449.50,15,4449.60,16,4449.70,14,4449.80,15,Buy,96,62,158,34.00,34.00,-17.00,2.10,90.5,4447.00,4448.90,4446.80,4448.90,114,143,257,-29.00,-1.00,-53.00,1.50,40.0,51,279,0.8276,0.0000,-65.00,-222.00,4429.15,2.1427,UP,89.40,2.8747,2.0695
20260810 200042 113,4448.90,1,4448.70,4448.90,0.20,4448.70,2,4448.60,5,4448.50,4,4448.40,8,4448.30,7,4448.20,6,4448.10,13,4448.00,17,4447.90,15,4447.80,15,4448.90,2,4449.00,6,4449.10,6,4449.20,10,4449.30,7,4449.40,20,4449.50,15,4449.60,16,4449.70,14,4449.80,15,Buy,97,62,159,35.00,35.00,-17.00,2.10,90.5,4447.00,4448.90,4446.80,4448.90,114,143,257,-29.00,-1.00,-53.00,1.50,40.0,51,279,0.8276,0.0000,-64.00,-221.00,4429.15,2.1427,UP,89.40,2.8747,2.0695
20260810 200042 735,4448.90,1,4448.60,4448.90,0.30,4448.60,4,4448.50,4,4448.40,8,4448.30,7,4448.20,8,4448.10,4,4448.00,17,4447.90,15,4447.80,15,4447.70,14,4448.90,5,4449.00,8,4449.10,5,4449.20,11,4449.30,7,4449.40,20,4449.50,16,4449.60,16,4449.70,14,4449.80,15,Buy,98,62,160,36.00,36.00,-17.00,2.10,90.5,4447.00,4448.90,4446.80,4448.90,114,143,257,-29.00,-1.00,-53.00,1.50,40.0,51,279,0.8276,0.0000,-63.00,-220.00,4429.15,2.1427,UP,89.40,2.8747,2.0695
20260810 200042 744,4448.70,1,4448.60,4448.90,0.30,4448.60,4,4448.50,4,4448.40,8,4448.30,7,4448.20,8,4448.10,4,4448.00,17,4447.90,15,4447.80,15,4447.70,14,4448.90,5,4449.00,8,4449.10,5,4449.20,11,4449.30,7,4449.40,20,4449.50,16,4449.60,16,4449.70,14,4449.80,15,Sell,98,63,161,35.00,36.00,-17.00,2.10,81.0,4447.00,4448.90,4446.80,4448.70,114,143,257,-29.00,-1.00,-53.00,1.50,40.0,51,279,0.8276,0.0286,-64.00,-221.00,4429.14,2.1364,UP,89.40,2.8747,2.0695
20260810 200042 744,4448.70,1,4448.60,4448.90,0.30,4448.60,4,4448.50,4,4448.40,8,4448.30,7,4448.20,8,4448.10,4,4448.00,17,4447.90,15,4447.80,15,4447.70,14,4448.90,5,4449.00,8,4449.10,5,4449.20,11,4449.30,7,4449.40,20,4449.50,16,4449.60,16,4449.70,14,4449.80,15,Sell,98,64,162,34.00,36.00,-17.00,2.10,81.0,4447.00,4448.90,4446.80,4448.70,114,143,257,-29.00,-1.00,-53.00,1.50,40.0,51,279,0.8276,0.0588,-65.00,-222.00,4429.14,2.1364,UP,89.40,2.8747,2.0695
20260810 200043 133,4448.60,1,4448.60,4448.90,0.30,4448.60,3,4448.50,4,4448.40,8,4448.30,7,4448.20,8,4448.10,4,4448.00,17,4447.90,15,4447.80,15,4447.70,14,4448.90,4,4449.00,8,4449.10,5,4449.20,11,4449.30,7,4449.40,20,4449.50,16,4449.60,16,4449.70,16,4449.80,15,Sell,98,65,163,33.00,36.00,-17.00,2.10,76.2,4447.00,4448.90,4446.80,4448.60,114,143,257,-29.00,-1.00,-53.00,1.50,40.0,51,279,0.8276,0.0909,-66.00,-223.00,4429.13,2.1332,UP,89.40,2.8747,2.0695
20260810 200043 821,4448.60,1,4448.60,4448.90,0.30,4448.60,4,4448.50,4,4448.40,8,4448.30,8,4448.20,8,4448.10,6,4448.00,17,4447.90,15,4447.80,15,4447.70,14,4448.90,4,4449.00,8,4449.10,6,4449.20,11,4449.30,7,4449.40,16,4449.50,16,4449.60,16,4449.70,15,4449.80,15,Sell,98,66,164,32.00,36.00,-17.00,2.10,76.2,4447.00,4448.90,4446.80,4448.60,114,143,257,-29.00,-1.00,-53.00,1.50,40.0,51,279,0.8276,0.1250,-67.00,-224.00,4429.13,2.1332,UP,89.40,2.8747,2.0695
20260810 200043 821,4448.60,1,4448.60,4448.90,0.30,4448.60,4,4448.50,4,4448.40,8,4448.30,8,4448.20,8,4448.10,6,4448.00,17,4447.90,15,4447.80,15,4447.70,14,4448.90,4,4449.00,8,4449.10,6,4449.20,11,4449.30,7,4449.40,16,4449.50,16,4449.60,16,4449.70,15,4449.80,15,Sell,98,67,165,31.00,36.00,-17.00,2.10,76.2,4447.00,4448.90,4446.80,4448.60,114,143,257,-29.00,-1.00,-53.00,1.50,40.0,51,279,0.8276,0.1613,-68.00,-225.00,4429.13,2.1332,UP,89.40,2.8747,2.0695
20260810 200043 821,4448.60,1,4448.60,4448.90,0.30,4448.60,4,4448.50,4,4448.40,8,4448.30,8,4448.20,8,4448.10,6,4448.00,17,4447.90,15,4447.80,15,4447.70,14,4448.90,4,4449.00,8,4449.10,6,4449.20,11,4449.30,7,4449.40,16,4449.50,16,4449.60,16,4449.70,15,4449.80,15,Sell,98,68,166,30.00,36.00,-17.00,2.10,76.2,4447.00,4448.90,4446.80,4448.60,114,143,257,-29.00,-1.00,-53.00,1.50,40.0,51,279,0.8276,0.2000,-69.00,-226.00,4429.13,2.1332,UP,89.40,2.8747,2.0695
20260810 200043 970,4448.90,1,4448.60,4448.90,0.30,4448.60,4,4448.50,4,4448.40,8,4448.30,8,4448.20,8,4448.10,6,4448.00,17,4447.90,15,4447.80,15,4447.70,14,4448.90,3,4449.00,8,4449.10,6,4449.20,11,4449.30,7,4449.40,16,4449.50,16,4449.60,16,4449.70,15,4449.80,15,Buy,99,68,167,31.00,36.00,-17.00,2.10,90.5,4447.00,4448.90,4446.80,4448.90,114,143,257,-29.00,-1.00,-53.00,1.50,40.0,51,279,0.8276,0.1613,-68.00,-225.00,4429.15,2.1427,UP,89.40,2.8747,2.0695
20260810 200045 028,4449.00,1,4448.90,4449.20,0.30,4448.90,4,4448.80,6,4448.70,5,4448.60,8,4448.50,6,4448.40,8,4448.30,6,4448.20,18,4448.10,16,4448.00,17,4449.20,5,4449.30,5,4449.40,8,4449.50,8,4449.60,8,4449.70,13,4449.80,13,4449.90,14,4450.00,12,4450.10,9,Buy,100,68,168,32.00,36.00,-17.00,2.20,90.9,4447.00,4449.00,4446.80,4449.00,114,143,257,-29.00,-1.00,-53.00,1.50,40.0,51,279,0.8276,0.1250,-67.00,-224.00,4429.16,2.1459,UP,89.40,2.8747,2.0767
20260810 200045 028,4449.00,1,4448.90,4449.20,0.30,4448.90,4,4448.80,6,4448.70,5,4448.60,8,4448.50,6,4448.40,8,4448.30,6,4448.20,18,4448.10,16,4448.00,17,4449.20,5,4449.30,5,4449.40,8,4449.50,8,4449.60,8,4449.70,13,4449.80,13,4449.90,14,4450.00,12,4450.10,9,Buy,101,68,169,33.00,36.00,-17.00,2.20,90.9,4447.00,4449.00,4446.80,4449.00,114,143,257,-29.00,-1.00,-53.00,1.50,40.0,51,279,0.8276,0.0909,-66.00,-223.00,4429.16,2.1459,UP,89.40,2.8747,2.0767
20260810 200045 030,4449.00,2,4448.90,4449.20,0.30,4448.90,4,4448.80,6,4448.70,5,4448.60,8,4448.50,6,4448.40,8,4448.30,6,4448.20,18,4448.10,16,4448.00,17,4449.20,5,4449.30,5,4449.40,8,4449.50,8,4449.60,8,4449.70,13,4449.80,13,4449.90,14,4450.00,12,4450.10,9,Sell,101,70,171,31.00,36.00,-17.00,2.20,90.9,4447.00,4449.00,4446.80,4449.00,114,143,257,-29.00,-1.00,-53.00,1.50,40.0,51,279,0.8276,0.1613,-68.00,-225.00,4429.16,2.1459,UP,89.40,2.8747,2.0767
20260810 200045 246,4448.80,1,4448.80,4449.10,0.30,4448.70,5,4448.60,7,4448.50,6,4448.40,8,4448.30,6,4448.20,18,4448.10,16,4448.00,17,4447.90,15,4447.80,15,4449.10,4,4449.20,5,4449.30,5,4449.40,8,4449.50,8,4449.60,8,4449.70,13,4449.80,13,4449.90,14,4450.00,12,Sell,101,71,172,30.00,36.00,-17.00,2.20,81.8,4447.00,4449.00,4446.80,4448.80,114,143,257,-29.00,-1.00,-53.00,1.50,40.0,51,279,0.8276,0.2000,-69.00,-226.00,4429.15,2.1396,UP,89.40,2.8747,2.0767
20260810 200045 246,4448.80,1,4448.80,4449.10,0.30,4448.70,5,4448.60,7,4448.50,6,4448.40,8,4448.30,6,4448.20,18,4448.10,16,4448.00,17,4447.90,15,4447.80,15,4449.10,4,4449.20,5,4449.30,5,4449.40,8,4449.50,8,4449.60,8,4449.70,13,4449.80,13,4449.90,14,4450.00,12,Sell,101,72,173,29.00,36.00,-17.00,2.20,81.8,4447.00,4449.00,4446.80,4448.80,114,143,257,-29.00,-1.00,-53.00,1.50,40.0,51,279,0.8276,0.2414,-70.00,-227.00,4429.15,2.1396,UP,89.40,2.8747,2.0767
20260810 200045 246,4448.80,1,4448.80,4449.10,0.30,4448.70,5,4448.60,7,4448.50,6,4448.40,8,4448.30,6,4448.20,18,4448.10,16,4448.00,17,4447.90,15,4447.80,15,4449.10,4,4449.20,5,4449.30,5,4449.40,8,4449.50,8,4449.60,8,4449.70,13,4449.80,13,4449.90,14,4450.00,12,Sell,101,73,174,28.00,36.00,-17.00,2.20,81.8,4447.00,4449.00,4446.80,4448.80,114,143,257,-29.00,-1.00,-53.00,1.50,40.0,51,279,0.8276,0.2857,-71.00,-228.00,4429.15,2.1396,UP,89.40,2.8747,2.0767
20260810 200045 246,4448.80,1,4448.80,4449.10,0.30,4448.70,5,4448.60,7,4448.50,6,4448.40,8,4448.30,6,4448.20,18,4448.10,16,4448.00,17,4447.90,15,4447.80,15,4449.10,4,4449.20,5,4449.30,5,4449.40,8,4449.50,8,4449.60,8,4449.70,13,4449.80,13,4449.90,14,4450.00,12,Sell,101,74,175,27.00,36.00,-17.00,2.20,81.8,4447.00,4449.00,4446.80,4448.80,114,143,257,-29.00,-1.00,-53.00,1.50,40.0,51,279,0.8276,0.3333,-72.00,-229.00,4429.15,2.1396,UP,89.40,2.8747,2.0767
20260810 200045 483,4448.80,1,4448.80,4449.10,0.30,4448.80,3,4448.70,5,4448.60,7,4448.50,7,4448.40,8,4448.30,6,4448.20,18,4448.10,15,4448.00,17,4447.90,15,4449.10,5,4449.20,6,4449.30,6,4449.40,9,4449.50,8,4449.60,8,4449.70,13,4449.80,13,4449.90,14,4450.00,12,Sell,101,75,176,26.00,36.00,-17.00,2.20,81.8,4447.00,4449.00,4446.80,4448.80,114,143,257,-29.00,-1.00,-53.00,1.50,40.0,51,279,0.8276,0.3846,-73.00,-230.00,4429.15,2.1396,UP,89.40,2.8747,2.0767
20260810 200047 236,4448.90,1,4448.90,4449.10,0.20,4448.80,3,4448.70,5,4448.60,7,4448.50,6,4448.40,9,4448.30,6,4448.20,18,4448.10,15,4448.00,17,4447.90,15,4449.10,3,4449.20,4,4449.30,5,4449.40,9,4449.50,7,4449.60,8,4449.70,13,4449.80,13,4449.90,15,4450.00,12,Sell,101,76,177,25.00,36.00,-17.00,2.20,86.4,4447.00,4449.00,4446.80,4448.90,114,143,257,-29.00,-1.00,-53.00,1.50,40.0,51,279,0.8276,0.4400,-74.00,-231.00,4429.15,2.1427,UP,89.40,2.8747,2.0767
20260810 200048 224,4448.80,1,4448.40,4448.70,0.30,4448.40,3,4448.30,6,4448.20,8,4448.10,5,4448.00,19,4447.90,15,4447.80,15,4447.70,14,4447.60,16,4447.50,15,4448.70,3,4448.80,4,4448.90,5,4449.00,8,4449.10,6,4449.20,6,4449.30,6,4449.40,18,4449.50,16,4449.60,18,Sell,101,77,178,24.00,36.00,-17.00,2.20,81.8,4447.00,4449.00,4446.80,4448.80,114,143,257,-29.00,-1.00,-53.00,1.50,40.0,51,279,0.8276,0.5000,-75.00,-232.00,4429.15,2.1396,UP,89.40,2.8747,2.0767
20260810 200049 897,4448.60,1,4448.50,4448.70,0.20,4448.50,3,4448.40,5,4448.30,3,4448.20,8,4448.10,5,4448.00,10,4447.90,17,4447.80,15,4447.70,14,4447.60,16,4448.70,1,4448.80,2,4448.90,4,4449.00,7,4449.10,6,4449.20,6,4449.30,15,4449.40,18,4449.50,16,4449.60,18,Buy,102,77,179,25.00,36.00,-17.00,2.20,72.7,4447.00,4449.00,4446.80,4448.60,114,143,257,-29.00,-1.00,-53.00,1.50,40.0,51,279,0.8276,0.4400,-74.00,-231.00,4429.13,2.1332,UP,89.40,2.8747,2.0767
20260810 200049 931,4448.60,10,4448.50,4448.70,0.20,4448.50,3,4448.40,5,4448.30,3,4448.20,8,4448.10,5,4448.00,10,4447.90,17,4447.80,15,4447.70,14,4447.60,16,4448.70,1,4448.80,2,4448.90,4,4449.00,7,4449.10,6,4449.20,6,4449.30,15,4449.40,18,4449.50,16,4449.60,18,Buy,112,77,189,35.00,36.00,-17.00,2.20,72.7,4447.00,4449.00,4446.80,4448.60,114,143,257,-29.00,-1.00,-53.00,1.50,40.0,51,279,0.8276,0.0286,-64.00,-221.00,4429.13,2.1332,UP,89.40,2.8747,2.0767
20260810 200052 217,4448.80,1,4448.80,4449.10,0.30,4448.80,3,4448.70,2,4448.60,8,4448.50,7,4448.40,9,4448.30,6,4448.20,17,4448.10,15,4448.00,19,4447.90,17,4449.10,5,4449.20,5,4449.30,6,4449.40,10,4449.50,7,4449.60,8,4449.70,13,4449.80,13,4449.90,14,4450.00,12,Sell,112,78,190,34.00,36.00,-17.00,2.20,81.8,4447.00,4449.00,4446.80,4448.80,114,143,257,-29.00,-1.00,-53.00,1.50,40.0,51,279,0.8276,0.0588,-65.00,-222.00,4429.15,2.1396,UP,89.40,2.8747,2.0767
20260810 200053 414,4448.80,1,4448.80,4449.10,0.30,4448.80,2,4448.70,4,4448.60,8,4448.50,7,4448.40,9,4448.30,6,4448.20,17,4448.10,15,4448.00,19,4447.90,17,4449.10,5,4449.20,5,4449.30,6,4449.40,10,4449.50,7,4449.60,8,4449.70,13,4449.80,13,4449.90,14,4450.00,12,Sell,112,79,191,33.00,36.00,-17.00,2.20,81.8,4447.00,4449.00,4446.80,4448.80,114,143,257,-29.00,-1.00,-53.00,1.50,40.0,51,279,0.8276,0.0909,-66.00,-223.00,4429.15,2.1396,UP,89.40,2.8747,2.0767
20260810 200053 811,4448.90,1,4448.80,4449.00,0.20,4448.80,2,4448.70,4,4448.60,8,4448.50,6,4448.40,9,4448.30,6,4448.20,17,4448.10,15,4448.00,19,4447.90,17,4449.00,2,4449.10,5,4449.20,4,4449.30,6,4449.40,10,4449.50,7,4449.60,9,4449.70,13,4449.80,17,4449.90,14,Sell,112,80,192,32.00,36.00,-17.00,2.20,86.4,4447.00,4449.00,4446.80,4448.90,114,143,257,-29.00,-1.00,-53.00,1.50,40.0,51,279,0.8276,0.1250,-67.00,-224.00,4429.15,2.1427,UP,89.40,2.8747,2.0767
20260810 200053 811,4448.80,1,4448.80,4449.00,0.20,4448.80,2,4448.70,4,4448.60,8,4448.50,6,4448.40,9,4448.30,6,4448.20,17,4448.10,15,4448.00,19,4447.90,17,4449.00,2,4449.10,5,4449.20,4,4449.30,6,4449.40,10,4449.50,7,4449.60,9,4449.70,13,4449.80,17,4449.90,14,Sell,112,81,193,31.00,36.00,-17.00,2.20,81.8,4447.00,4449.00,4446.80,4448.80,114,143,257,-29.00,-1.00,-53.00,1.50,40.0,51,279,0.8276,0.1613,-68.00,-225.00,4429.15,2.1396,UP,89.40,2.8747,2.0767
20260810 200056 707,4448.90,1,4448.80,4448.90,0.10,4448.80,1,4448.70,4,4448.60,5,4448.50,5,4448.40,9,4448.30,6,4448.20,17,4448.10,15,4448.00,19,4447.90,17,4448.90,2,4449.00,3,4449.10,5,4449.20,6,4449.30,7,4449.40,10,4449.50,7,4449.60,18,4449.70,13,4449.80,13,Buy,113,81,194,32.00,36.00,-17.00,2.20,86.4,4447.00,4449.00,4446.80,4448.90,114,143,257,-29.00,-1.00,-53.00,1.50,40.0,51,279,0.8276,0.1250,-67.00,-224.00,4429.15,2.1427,UP,89.40,2.8747,2.0767
20260810 200059 638,4448.90,1,4448.80,4449.00,0.20,4448.80,1,4448.70,4,4448.60,7,4448.50,7,4448.40,9,4448.30,6,4448.20,17,4448.10,15,4448.00,19,4447.90,17,4449.00,5,4449.10,5,4449.20,5,4449.30,6,4449.40,11,4449.50,7,4449.60,9,4449.70,7,4449.80,16,4449.90,17,Buy,114,81,195,33.00,36.00,-17.00,2.20,86.4,4447.00,4449.00,4446.80,4448.90,114,143,257,-29.00,-1.00,-53.00,1.50,40.0,51,279,0.8276,0.0909,-66.00,-223.00,4429.15,2.1427,UP,89.40,2.8747,2.0767
20260810 200059 639,4449.00,1,4448.80,4449.00,0.20,4448.80,1,4448.70,4,4448.60,7,4448.50,7,4448.40,9,4448.30,6,4448.20,17,4448.10,15,4448.00,19,4447.90,17,4449.00,5,4449.10,5,4449.20,5,4449.30,6,4449.40,11,4449.50,7,4449.60,9,4449.70,7,4449.80,16,4449.90,17,Buy,115,81,196,34.00,36.00,-17.00,2.20,90.9,4447.00,4449.00,4446.80,4449.00,114,143,257,-29.00,-1.00,-53.00,1.50,40.0,51,279,0.8276,0.0588,-65.00,-222.00,4429.16,2.1459,UP,89.40,2.8747,2.0767
20260810 200100 062,4448.80,1,4448.70,4448.90,0.20,4448.70,4,4448.60,4,4448.50,6,4448.40,9,4448.30,6,4448.20,17,4448.10,15,4448.00,19,4447.90,17,4447.80,15,4448.90,2,4449.00,4,4449.10,5,4449.20,7,4449.30,7,4449.40,10,4449.50,7,4449.60,9,4449.70,16,4449.80,16,Sell,0,1,1,-1.00,-1.00,-1.00,0.00,0.0,4448.80,4448.80,4448.80,4448.80,115,81,196,34.00,36.00,-17.00,2.20,90.9,54,156,0.0588,0.0000,5.00,-290.00,4429.15,2.1396,UP,95.75,2.0470,1.9426
20260810 200100 120,4448.70,1,4448.70,4448.90,0.20,4448.70,1,4448.60,4,4448.50,6,4448.40,9,4448.30,6,4448.20,17,4448.10,15,4448.00,19,4447.90,17,4447.80,15,4448.90,2,4449.00,4,4449.10,5,4449.20,7,4449.30,7,4449.40,10,4449.50,8,4449.60,9,4449.70,16,4449.80,16,Sell,0,2,2,-2.00,-1.00,-2.00,0.10,100.0,4448.80,4448.80,4448.70,4448.70,115,81,196,34.00,36.00,-17.00,2.20,90.9,54,156,0.0588,0.0000,4.00,-291.00,4429.14,2.1364,UP,95.75,2.0470,1.9498
20260810 200100 243,4448.90,1,4448.60,4448.80,0.20,4448.60,3,4448.50,5,4448.40,9,4448.30,6,4448.20,17,4448.10,15,4448.00,19,4447.90,17,4447.80,15,4447.70,14,4448.80,3,4448.90,4,4449.00,4,4449.10,6,4449.20,8,4449.30,6,4449.40,10,4449.50,8,4449.60,18,4449.70,16,Buy,1,2,3,-1.00,-1.00,-2.00,0.20,50.0,4448.80,4448.90,4448.70,4448.90,115,81,196,34.00,36.00,-17.00,2.20,90.9,54,156,0.0588,1.0000,5.00,-290.00,4429.15,2.1427,UP,95.75,2.0470,1.9498
20260810 200100 243,4448.90,1,4448.60,4448.80,0.20,4448.60,3,4448.50,5,4448.40,9,4448.30,6,4448.20,17,4448.10,15,4448.00,19,4447.90,17,4447.80,15,4447.70,14,4448.80,3,4448.90,4,4449.00,4,4449.10,6,4449.20,8,4449.30,6,4449.40,10,4449.50,8,4449.60,18,4449.70,16,Buy,2,2,4,0.00,0.00,-2.00,0.20,50.0,4448.80,4448.90,4448.70,4448.90,115,81,196,34.00,36.00,-17.00,2.20,90.9,54,156,0.0588,0.0000,6.00,-289.00,4429.15,2.1427,UP,95.75,2.0470,1.9498
20260810 200100 362,4448.60,1,4448.60,4448.80,0.20,4448.60,1,4448.50,5,4448.40,9,4448.30,6,4448.20,17,4448.10,15,4448.00,19,4447.90,17,4447.80,15,4447.70,14,4448.80,3,4448.90,4,4449.00,4,4449.10,5,4449.20,8,4449.30,6,4449.40,10,4449.50,8,4449.60,18,4449.70,16,Sell,2,3,5,-1.00,0.00,-2.00,0.30,66.7,4448.80,4448.90,4448.60,4448.60,115,81,196,34.00,36.00,-17.00,2.20,90.9,54,156,0.0588,1.0000,5.00,-290.00,4429.13,2.1332,UP,95.75,2.0470,1.9569
20260810 200100 362,4448.60,1,4448.60,4448.80,0.20,4448.60,1,4448.50,5,4448.40,9,4448.30,6,4448.20,17,4448.10,15,4448.00,19,4447.90,17,4447.80,15,4447.70,14,4448.80,3,4448.90,4,4449.00,4,4449.10,5,4449.20,8,4449.30,6,4449.40,10,4449.50,8,4449.60,18,4449.70,16,Sell,2,4,6,-2.00,0.00,-2.00,0.30,66.7,4448.80,4448.90,4448.60,4448.60,115,81,196,34.00,36.00,-17.00,2.20,90.9,54,156,0.0588,0.0000,4.00,-291.00,4429.13,2.1332,UP,95.75,2.0470,1.9569
20260810 200101 211,4448.80,3,4448.70,4448.90,0.20,4448.70,2,4448.60,4,4448.50,6,4448.40,9,4448.30,6,4448.20,17,4448.10,15,4448.00,19,4447.90,17,4447.80,15,4448.90,1,4449.00,3,4449.10,4,4449.20,6,4449.30,6,4449.40,9,4449.50,8,4449.60,18,4449.70,16,4449.80,16,Buy,5,4,9,1.00,1.00,-2.00,0.30,0.0,4448.80,4448.90,4448.60,4448.80,115,81,196,34.00,36.00,-17.00,2.20,90.9,54,156,0.0588,0.0000,7.00,-288.00,4429.15,2.1396,UP,95.75,2.0470,1.9569
20260810 200103 047,4448.80,1,4448.50,4448.70,0.20,4448.50,2,4448.40,3,4448.30,5,4448.20,7,4448.10,6,4448.00,19,4447.90,17,4447.80,15,4447.70,14,4447.60,16,4448.60,1,4448.70,4,4448.80,6,4448.90,6,4449.00,8,4449.10,5,4449.20,8,4449.30,13,4449.40,15,4449.50,14,Sell,5,5,10,0.00,1.00,-2.00,0.30,0.0,4448.80,4448.90,4448.60,4448.80,115,81,196,34.00,36.00,-17.00,2.20,90.9,54,156,0.0588,1.0000,6.00,-289.00,4429.15,2.1396,UP,95.75,2.0470,1.9569
20260810 200103 047,4448.80,1,4448.50,4448.70,0.20,4448.50,2,4448.40,3,4448.30,5,4448.20,7,4448.10,6,4448.00,19,4447.90,17,4447.80,15,4447.70,14,4447.60,16,4448.60,1,4448.70,4,4448.80,6,4448.90,6,4449.00,8,4449.10,5,4449.20,8,4449.30,13,4449.40,15,4449.50,14,Sell,5,6,11,-1.00,1.00,-2.00,0.30,0.0,4448.80,4448.90,4448.60,4448.80,115,81,196,34.00,36.00,-17.00,2.20,90.9,54,156,0.0588,1.0000,5.00,-290.00,4429.15,2.1396,UP,95.75,2.0470,1.9569
20260810 200103 088,4448.60,1,4448.50,4448.70,0.20,4448.50,2,4448.40,3,4448.30,5,4448.20,7,4448.10,6,4448.00,19,4447.90,17,4447.80,15,4447.70,14,4447.60,16,4448.60,1,4448.70,4,4448.80,6,4448.90,6,4449.00,8,4449.10,5,4449.20,8,4449.30,13,4449.40,15,4449.50,14,Sell,5,7,12,-2.00,1.00,-2.00,0.30,66.7,4448.80,4448.90,4448.60,4448.60,115,81,196,34.00,36.00,-17.00,2.20,90.9,54,156,0.0588,0.0000,4.00,-291.00,4429.13,2.1332,UP,95.75,2.0470,1.9569
20260810 200103 094,4448.70,1,4448.50,4448.70,0.20,4448.50,2,4448.40,3,4448.30,5,4448.20,7,4448.10,6,4448.00,19,4447.90,17,4447.80,15,4447.70,14,4447.60,16,4448.60,1,4448.70,4,4448.80,6,4448.90,6,4449.00,8,4449.10,5,4449.20,8,4449.30,13,4449.40,15,4449.50,14,Buy,6,7,13,-1.00,1.00,-2.00,0.30,33.3,4448.80,4448.90,4448.60,4448.70,115,81,196,34.00,36.00,-17.00,2.20,90.9,54,156,0.0588,1.0000,5.00,-290.00,4429.14,2.1364,UP,95.75,2.0470,1.9569
20260810 200104 050,4448.50,1,4448.40,4448.60,0.20,4448.40,2,4448.30,5,4448.20,7,4448.10,6,4448.00,19,4447.90,17,4447.80,15,4447.70,14,4447.60,16,4447.50,15,4448.60,2,4448.70,4,4448.80,6,4448.90,5,4449.00,8,4449.10,5,4449.20,8,4449.30,13,4449.40,15,4449.50,14,Sell,6,8,14,-2.00,1.00,-2.00,0.40,75.0,4448.80,4448.90,4448.50,4448.50,115,81,196,34.00,36.00,-17.00,2.20,90.9,54,156,0.0588,0.0000,4.00,-291.00,4429.12,2.1300,UP,95.75,2.0470,1.9640
20260810 200104 050,4448.50,1,4448.40,4448.60,0.20,4448.40,2,4448.30,5,4448.20,7,4448.10,6,4448.00,19,4447.90,17,4447.80,15,4447.70,14,4447.60,16,4447.50,15,4448.60,2,4448.70,4,4448.80,6,4448.90,5,4449.00,8,4449.10,5,4449.20,8,4449.30,13,4449.40,15,4449.50,14,Sell,6,9,15,-3.00,1.00,-3.00,0.40,75.0,4448.80,4448.90,4448.50,4448.50,115,81,196,34.00,36.00,-17.00,2.20,90.9,54,156,0.0588,0.0000,3.00,-292.00,4429.12,2.1300,UP,95.75,2.0470,1.9640
20260810 200105 086,4448.40,1,4448.20,4448.40,0.20,4448.20,4,4448.10,3,4448.00,5,4447.90,7,4447.80,8,4447.70,5,4447.60,16,4447.50,15,4447.40,14,4447.30,13,4448.40,1,4448.50,3,4448.60,6,4448.70,5,4448.80,8,4448.90,5,4449.00,7,4449.10,15,4449.20,18,4449.30,13,Sell,6,10,16,-4.00,1.00,-4.00,0.50,80.0,4448.80,4448.90,4448.40,4448.40,115,81,196,34.00,36.00,-17.00,2.20,90.9,54,156,0.0588,0.0000,2.00,-293.00,4429.11,2.1269,UP,95.75,2.0470,1.9712
20260810 200105 095,4448.20,1,4448.20,4448.40,0.20,4448.20,4,4448.10,3,4448.00,5,4447.90,7,4447.80,8,4447.70,5,4447.60,16,4447.50,15,4447.40,14,4447.30,13,4448.40,1,4448.50,3,4448.60,6,4448.70,5,4448.80,8,4448.90,5,4449.00,7,4449.10,15,4449.20,18,4449.30,13,Sell,6,11,17,-5.00,1.00,-5.00,0.70,85.7,4448.80,4448.90,4448.20,4448.20,115,81,196,34.00,36.00,-17.00,2.20,90.9,54,156,0.0588,0.0000,1.00,-294.00,4429.09,2.1205,UP,95.75,2.0470,1.9855
20260810 200105 095,4448.10,1,4448.20,4448.40,0.20,4448.20,4,4448.10,3,4448.00,5,4447.90,7,4447.80,8,4447.70,5,4447.60,16,4447.50,15,4447.40,14,4447.30,13,4448.40,1,4448.50,3,4448.60,6,4448.70,5,4448.80,8,4448.90,5,4449.00,7,4449.10,15,4449.20,18,4449.30,13,Sell,6,12,18,-6.00,1.00,-6.00,0.80,87.5,4448.80,4448.90,4448.10,4448.10,115,81,196,34.00,36.00,-17.00,2.20,90.9,54,156,0.0588,0.0000,0.00,-295.00,4429.08,2.1174,UP,95.75,2.0470,1.9926
20260810 200105 095,4448.10,1,4448.20,4448.40,0.20,4448.20,4,4448.10,3,4448.00,5,4447.90,7,4447.80,8,4447.70,5,4447.60,16,4447.50,15,4447.40,14,4447.30,13,4448.40,1,4448.50,3,4448.60,6,4448.70,5,4448.80,8,4448.90,5,4449.00,7,4449.10,15,4449.20,18,4449.30,13,Sell,6,13,19,-7.00,1.00,-7.00,0.80,87.5,4448.80,4448.90,4448.10,4448.10,115,81,196,34.00,36.00,-17.00,2.20,90.9,54,156,0.0588,0.0000,-1.00,-296.00,4429.08,2.1174,UP,95.75,2.0470,1.9926
20260810 200105 095,4448.10,1,4448.20,4448.40,0.20,4448.20,4,4448.10,3,4448.00,5,4447.90,7,4447.80,8,4447.70,5,4447.60,16,4447.50,15,4447.40,14,4447.30,13,4448.40,1,4448.50,3,4448.60,6,4448.70,5,4448.80,8,4448.90,5,4449.00,7,4449.10,15,4449.20,18,4449.30,13,Sell,6,14,20,-8.00,1.00,-8.00,0.80,87.5,4448.80,4448.90,4448.10,4448.10,115,81,196,34.00,36.00,-17.00,2.20,90.9,54,156,0.0588,0.0000,-2.00,-297.00,4429.08,2.1174,UP,95.75,2.0470,1.9926
20260810 200106 011,4448.30,1,4448.00,4448.20,0.20,4448.00,1,4447.90,5,4447.80,7,4447.70,7,4447.60,9,4447.50,15,4447.40,14,4447.30,14,4447.20,16,4447.10,16,4448.20,1,4448.30,2,4448.40,4,4448.50,3,4448.60,8,4448.70,5,4448.80,8,4448.90,5,4449.00,17,4449.10,15,Buy,7,14,21,-7.00,1.00,-8.00,0.80,62.5,4448.80,4448.90,4448.10,4448.30,115,81,196,34.00,36.00,-17.00,2.20,90.9,54,156,0.0588,0.1429,-1.00,-296.00,4429.10,2.1237,UP,95.75,2.0470,1.9926
20260810 200106 011,4448.00,1,4448.00,4448.20,0.20,4448.00,1,4447.90,5,4447.80,7,4447.70,7,4447.60,9,4447.50,15,4447.40,14,4447.30,14,4447.20,16,4447.10,16,4448.20,1,4448.30,2,4448.40,4,4448.50,3,4448.60,8,4448.70,5,4448.80,8,4448.90,5,4449.00,17,4449.10,15,Sell,7,15,22,-8.00,1.00,-8.00,0.90,88.9,4448.80,4448.90,4448.00,4448.00,115,81,196,34.00,36.00,-17.00,2.20,90.9,54,156,0.0588,0.0000,-2.00,-297.00,4429.07,2.1142,UP,95.75,2.0470,1.9998
20260810 200106 011,4448.00,1,4448.00,4448.20,0.20,4448.00,1,4447.90,5,4447.80,7,4447.70,7,4447.60,9,4447.50,15,4447.40,14,4447.30,14,4447.20,16,4447.10,16,4448.20,1,4448.30,2,4448.40,4,4448.50,3,4448.60,8,4448.70,5,4448.80,8,4448.90,5,4449.00,17,4449.10,15,Sell,7,16,23,-9.00,1.00,-9.00,0.90,88.9,4448.80,4448.90,4448.00,4448.00,115,81,196,34.00,36.00,-17.00,2.20,90.9,54,156,0.0588,0.0000,-3.00,-298.00,4429.07,2.1142,UP,95.75,2.0470,1.9998
20260810 200107 264,4448.00,1,4447.90,4448.20,0.30,4447.90,4,4447.80,7,4447.70,7,4447.60,9,4447.50,15,4447.40,14,4447.30,14,4447.20,16,4447.10,17,4447.00,19,4448.20,2,4448.30,5,4448.40,3,4448.50,3,4448.60,7,4448.70,5,4448.80,8,4448.90,5,4449.00,17,4449.10,15,Sell,7,17,24,-10.00,1.00,-10.00,0.90,88.9,4448.80,4448.90,4448.00,4448.00,115,81,196,34.00,36.00,-17.00,2.20,90.9,54,156,0.0588,0.0000,-4.00,-299.00,4429.07,2.1142,UP,95.75,2.0470,1.9998
20260810 200107 264,4448.00,2,4447.90,4448.20,0.30,4447.90,4,4447.80,7,4447.70,7,4447.60,9,4447.50,15,4447.40,14,4447.30,14,4447.20,16,4447.10,17,4447.00,19,4448.20,2,4448.30,5,4448.40,3,4448.50,3,4448.60,7,4448.70,5,4448.80,8,4448.90,5,4449.00,17,4449.10,15,Sell,7,19,26,-12.00,1.00,-12.00,0.90,88.9,4448.80,4448.90,4448.00,4448.00,115,81,196,34.00,36.00,-17.00,2.20,90.9,54,156,0.0588,0.0000,-6.00,-301.00,4429.07,2.1142,UP,95.75,2.0470,1.9998
20260810 200107 264,4448.00,1,4447.90,4448.20,0.30,4447.90,4,4447.80,7,4447.70,7,4447.60,9,4447.50,15,4447.40,14,4447.30,14,4447.20,16,4447.10,17,4447.00,19,4448.20,2,4448.30,5,4448.40,3,4448.50,3,4448.60,7,4448.70,5,4448.80,8,4448.90,5,4449.00,17,4449.10,15,Sell,7,20,27,-13.00,1.00,-13.00,0.90,88.9,4448.80,4448.90,4448.00,4448.00,115,81,196,34.00,36.00,-17.00,2.20,90.9,54,156,0.0588,0.0000,-7.00,-302.00,4429.07,2.1142,UP,95.75,2.0470,1.9998
20260810 200107 264,4447.90,1,4447.90,4448.20,0.30,4447.90,4,4447.80,7,4447.70,7,4447.60,9,4447.50,15,4447.40,14,4447.30,14,4447.20,16,4447.10,17,4447.00,19,4448.20,2,4448.30,5,4448.40,3,4448.50,3,4448.60,7,4448.70,5,4448.80,8,4448.90,5,4449.00,17,4449.10,15,Sell,7,21,28,-14.00,1.00,-14.00,1.00,90.0,4448.80,4448.90,4447.90,4447.90,115,81,196,34.00,36.00,-17.00,2.20,90.9,54,156,0.0588,0.0000,-8.00,-303.00,4429.06,2.1110,UP,95.75,2.0470,2.0069
20260810 200107 264,4447.90,1,4447.90,4448.20,0.30,4447.90,4,4447.80,7,4447.70,7,4447.60,9,4447.50,15,4447.40,14,4447.30,14,4447.20,16,4447.10,17,4447.00,19,4448.20,2,4448.30,5,4448.40,3,4448.50,3,4448.60,7,4448.70,5,4448.80,8,4448.90,5,4449.00,17,4449.10,15,Sell,7,22,29,-15.00,1.00,-15.00,1.00,90.0,4448.80,4448.90,4447.90,4447.90,115,81,196,34.00,36.00,-17.00,2.20,90.9,54,156,0.0588,0.0000,-9.00,-304.00,4429.06,2.1110,UP,95.75,2.0470,2.0069
20260810 200107 264,4447.90,1,4447.90,4448.20,0.30,4447.90,4,4447.80,7,4447.70,7,4447.60,9,4447.50,15,4447.40,14,4447.30,14,4447.20,16,4447.10,17,4447.00,19,4448.20,2,4448.30,5,4448.40,3,4448.50,3,4448.60,7,4448.70,5,4448.80,8,4448.90,5,4449.00,17,4449.10,15,Sell,7,23,30,-16.00,1.00,-16.00,1.00,90.0,4448.80,4448.90,4447.90,4447.90,115,81,196,34.00,36.00,-17.00,2.20,90.9,54,156,0.0588,0.0000,-10.00,-305.00,4429.06,2.1110,UP,95.75,2.0470,2.0069
20260810 200107 264,4447.90,2,4447.90,4448.20,0.30,4447.90,4,4447.80,7,4447.70,7,4447.60,9,4447.50,15,4447.40,14,4447.30,14,4447.20,16,4447.10,17,4447.00,19,4448.20,2,4448.30,5,4448.40,3,4448.50,3,4448.60,7,4448.70,5,4448.80,8,4448.90,5,4449.00,17,4449.10,15,Sell,7,25,32,-18.00,1.00,-18.00,1.00,90.0,4448.80,4448.90,4447.90,4447.90,115,81,196,34.00,36.00,-17.00,2.20,90.9,54,156,0.0588,0.0000,-12.00,-307.00,4429.06,2.1110,UP,95.75,2.0470,2.0069
20260810 200107 264,4447.80,1,4447.90,4448.20,0.30,4447.90,4,4447.80,7,4447.70,7,4447.60,9,4447.50,15,4447.40,14,4447.30,14,4447.20,16,4447.10,17,4447.00,19,4448.20,2,4448.30,5,4448.40,3,4448.50,3,4448.60,7,4448.70,5,4448.80,8,4448.90,5,4449.00,17,4449.10,15,Sell,7,26,33,-19.00,1.00,-19.00,1.10,90.9,4448.80,4448.90,4447.80,4447.80,115,81,196,34.00,36.00,-17.00,2.20,90.9,54,156,0.0588,0.0000,-13.00,-308.00,4429.05,2.1078,UP,95.75,2.0470,2.0140
20260810 200107 708,4448.30,1,4448.00,4448.30,0.30,4448.00,2,4447.90,5,4447.80,6,4447.70,7,4447.60,9,4447.50,17,4447.40,14,4447.30,14,4447.20,16,4447.10,18,4448.30,2,4448.40,3,4448.50,3,4448.60,7,4448.70,5,4448.80,8,4448.90,5,4449.00,17,4449.10,15,4449.20,19,Buy,8,26,34,-18.00,1.00,-19.00,1.10,45.5,4448.80,4448.90,4447.80,4448.30,115,81,196,34.00,36.00,-17.00,2.20,90.9,54,156,0.0588,0.0556,-12.00,-307.00,4429.10,2.1237,UP,95.75,2.0470,2.0140
20260810 200108 944,4448.10,1,4448.10,4448.30,0.20,4448.00,4,4447.90,5,4447.80,6,4447.70,7,4447.60,9,4447.50,17,4447.40,14,4447.30,14,4447.20,16,4447.10,17,4448.30,4,4448.40,6,4448.50,6,4448.60,10,4448.70,5,4448.80,8,4448.90,5,4449.00,17,4449.10,15,4449.20,18,Sell,8,27,35,-19.00,1.00,-19.00,1.10,63.6,4448.80,4448.90,4447.80,4448.10,115,81,196,34.00,36.00,-17.00,2.20,90.9,54,156,0.0588,0.0000,-13.00,-308.00,4429.08,2.1174,UP,95.75,2.0470,2.0140
20260810 200111 177,4448.20,1,4448.10,4448.30,0.20,4448.10,1,4448.00,3,4447.90,5,4447.80,6,4447.70,7,4447.60,9,4447.50,17,4447.40,15,4447.30,14,4447.20,16,4448.30,2,4448.40,6,4448.50,6,4448.60,10,4448.70,5,4448.80,8,4448.90,5,4449.00,17,4449.10,15,4449.20,18,Buy,9,27,36,-18.00,1.00,-19.00,1.10,54.5,4448.80,4448.90,4447.80,4448.20,115,81,196,34.00,36.00,-17.00,2.20,90.9,54,156,0.0588,0.0556,-12.00,-307.00,4429.09,2.1205,UP,95.75,2.0470,2.0140
20260810 200111 412,4448.30,1,4448.30,4448.50,0.20,4448.30,2,4448.20,5,4448.10,3,4448.00,8,4447.90,7,4447.80,6,4447.70,16,4447.60,18,4447.50,17,4447.40,15,4448.50,1,4448.60,5,4448.70,5,4448.80,8,4448.90,5,4449.00,7,4449.10,15,4449.20,18,4449.30,18,4449.40,19,Buy,10,27,37,-17.00,1.00,-19.00,1.10,45.5,4448.80,4448.90,4447.80,4448.30,115,81,196,34.00,36.00,-17.00,2.20,90.9,54,156,0.0588,0.1176,-11.00,-306.00,4429.10,2.1237,UP,95.75,2.0470,2.0140
20260810 200113 814,4448.50,1,4448.30,4448.50,0.20,4448.30,2,4448.20,3,4448.10,3,4448.00,7,4447.90,6,4447.80,6,4447.70,17,4447.60,18,4447.50,17,4447.40,15,4448.60,3,4448.70,4,4448.80,8,4448.90,5,4449.00,7,4449.10,15,4449.20,18,4449.30,18,4449.40,20,4449.50,18,Buy,11,27,38,-16.00,1.00,-19.00,1.10,27.3,4448.80,4448.90,4447.80,4448.50,115,81,196,34.00,36.00,-17.00,2.20,90.9,54,156,0.0588,0.1875,-10.00,-305.00,4429.12,2.1300,UP,95.75,2.0470,2.0140
20260810 200113 814,4448.50,1,4448.30,4448.50,0.20,4448.30,2,4448.20,3,4448.10,3,4448.00,7,4447.90,6,4447.80,6,4447.70,17,4447.60,18,4447.50,17,4447.40,15,4448.60,3,4448.70,4,4448.80,8,4448.90,5,4449.00,7,4449.10,15,4449.20,18,4449.30,18,4449.40,20,4449.50,18,Buy,12,27,39,-15.00,1.00,-19.00,1.10,27.3,4448.80,4448.90,4447.80,4448.50,115,81,196,34.00,36.00,-17.00,2.20,90.9,54,156,0.0588,0.2667,-9.00,-304.00,4429.12,2.1300,UP,95.75,2.0470,2.0140
20260810 200114 720,4448.40,1,4448.20,4448.50,0.30,4448.20,1,4448.10,5,4448.00,9,4447.90,8,4447.80,6,4447.70,8,4447.60,18,4447.50,17,4447.40,15,4447.30,14,4448.50,5,4448.60,7,4448.70,8,4448.80,9,4448.90,5,4449.00,7,4449.10,15,4449.20,18,4449.30,18,4449.40,18,Buy,13,27,40,-14.00,1.00,-19.00,1.10,36.4,4448.80,4448.90,4447.80,4448.40,115,81,196,34.00,36.00,-17.00,2.20,90.9,54,156,0.0588,0.3571,-8.00,-303.00,4429.11,2.1269,UP,95.75,2.0470,2.0140
20260810 200114 720,4448.40,1,4448.20,4448.50,0.30,4448.20,1,4448.10,5,4448.00,9,4447.90,8,4447.80,6,4447.70,8,4447.60,18,4447.50,17,4447.40,15,4447.30,14,4448.50,5,4448.60,7,4448.70,8,4448.80,9,4448.90,5,4449.00,7,4449.10,15,4449.20,18,4449.30,18,4449.40,18,Buy,14,27,41,-13.00,1.00,-19.00,1.10,36.4,4448.80,4448.90,4447.80,4448.40,115,81,196,34.00,36.00,-17.00,2.20,90.9,54,156,0.0588,0.4615,-7.00,-302.00,4429.11,2.1269,UP,95.75,2.0470,2.0140
20260810 200114 720,4448.40,1,4448.20,4448.50,0.30,4448.20,1,4448.10,5,4448.00,9,4447.90,8,4447.80,6,4447.70,8,4447.60,18,4447.50,17,4447.40,15,4447.30,14,4448.50,5,4448.60,7,4448.70,8,4448.80,9,4448.90,5,4449.00,7,4449.10,15,4449.20,18,4449.30,18,4449.40,18,Buy,15,27,42,-12.00,1.00,-19.00,1.10,36.4,4448.80,4448.90,4447.80,4448.40,115,81,196,34.00,36.00,-17.00,2.20,90.9,54,156,0.0588,0.5833,-6.00,-301.00,4429.11,2.1269,UP,95.75,2.0470,2.0140
20260810 200114 720,4448.50,1,4448.20,4448.50,0.30,4448.20,1,4448.10,5,4448.00,9,4447.90,8,4447.80,6,4447.70,8,4447.60,18,4447.50,17,4447.40,15,4447.30,14,4448.50,5,4448.60,7,4448.70,8,4448.80,9,4448.90,5,4449.00,7,4449.10,15,4449.20,18,4449.30,18,4449.40,18,Buy,16,27,43,-11.00,1.00,-19.00,1.10,27.3,4448.80,4448.90,4447.80,4448.50,115,81,196,34.00,36.00,-17.00,2.20,90.9,54,156,0.0588,0.7273,-5.00,-300.00,4429.12,2.1300,UP,95.75,2.0470,2.0140
20260810 200114 720,4448.50,1,4448.20,4448.50,0.30,4448.20,1,4448.10,5,4448.00,9,4447.90,8,4447.80,6,4447.70,8,4447.60,18,4447.50,17,4447.40,15,4447.30,14,4448.50,5,4448.60,7,4448.70,8,4448.80,9,4448.90,5,4449.00,7,4449.10,15,4449.20,18,4449.30,18,4449.40,18,Buy,17,27,44,-10.00,1.00,-19.00,1.10,27.3,4448.80,4448.90,4447.80,4448.50,115,81,196,34.00,36.00,-17.00,2.20,90.9,54,156,0.0588,0.9000,-4.00,-299.00,4429.12,2.1300,UP,95.75,2.0470,2.0140
20260810 200114 720,4448.50,1,4448.20,4448.50,0.30,4448.20,1,4448.10,5,4448.00,9,4447.90,8,4447.80,6,4447.70,8,4447.60,18,4447.50,17,4447.40,15,4447.30,14,4448.50,5,4448.60,7,4448.70,8,4448.80,9,4448.90,5,4449.00,7,4449.10,15,4449.20,18,4449.30,18,4449.40,18,Buy,18,27,45,-9.00,1.00,-19.00,1.10,27.3,4448.80,4448.90,4447.80,4448.50,115,81,196,34.00,36.00,-17.00,2.20,90.9,54,156,0.0588,1.1111,-3.00,-298.00,4429.12,2.1300,UP,95.75,2.0470,2.0140
20260810 200114 720,4448.50,1,4448.20,4448.50,0.30,4448.20,1,4448.10,5,4448.00,9,4447.90,8,4447.80,6,4447.70,8,4447.60,18,4447.50,17,4447.40,15,4447.30,14,4448.50,5,4448.60,7,4448.70,8,4448.80,9,4448.90,5,4449.00,7,4449.10,15,4449.20,18,4449.30,18,4449.40,18,Buy,19,27,46,-8.00,1.00,-19.00,1.10,27.3,4448.80,4448.90,4447.80,4448.50,115,81,196,34.00,36.00,-17.00,2.20,90.9,54,156,0.0588,1.3750,-2.00,-297.00,4429.12,2.1300,UP,95.75,2.0470,2.0140
20260810 200114 720,4448.50,1,4448.20,4448.50,0.30,4448.20,1,4448.10,5,4448.00,9,4447.90,8,4447.80,6,4447.70,8,4447.60,18,4447.50,17,4447.40,15,4447.30,14,4448.50,5,4448.60,7,4448.70,8,4448.80,9,4448.90,5,4449.00,7,4449.10,15,4449.20,18,4449.30,18,4449.40,18,Buy,20,27,47,-7.00,1.00,-19.00,1.10,27.3,4448.80,4448.90,4447.80,4448.50,115,81,196,34.00,36.00,-17.00,2.20,90.9,54,156,0.0588,1.7143,-1.00,-296.00,4429.12,2.1300,UP,95.75,2.0470,2.0140
20260810 200114 720,4448.60,1,4448.20,4448.50,0.30,4448.20,1,4448.10,5,4448.00,9,4447.90,8,4447.80,6,4447.70,8,4447.60,18,4447.50,17,4447.40,15,4447.30,14,4448.50,5,4448.60,7,4448.70,8,4448.80,9,4448.90,5,4449.00,7,4449.10,15,4449.20,18,4449.30,18,4449.40,18,Buy,21,27,48,-6.00,1.00,-19.00,1.10,18.2,4448.80,4448.90,4447.80,4448.60,115,81,196,34.00,36.00,-17.00,2.20,90.9,54,156,0.0588,2.1667,0.00,-295.00,4429.13,2.1332,UP,95.75,2.0470,2.0140
20260810 200114 720,4448.60,1,4448.20,4448.50,0.30,4448.20,1,4448.10,5,4448.00,9,4447.90,8,4447.80,6,4447.70,8,4447.60,18,4447.50,17,4447.40,15,4447.30,14,4448.50,5,4448.60,7,4448.70,8,4448.80,9,4448.90,5,4449.00,7,4449.10,15,4449.20,18,4449.30,18,4449.40,18,Buy,22,27,49,-5.00,1.00,-19.00,1.10,18.2,4448.80,4448.90,4447.80,4448.60,115,81,196,34.00,36.00,-17.00,2.20,90.9,54,156,0.0588,2.8000,1.00,-294.00,4429.13,2.1332,UP,95.75,2.0470,2.0140
20260810 200114 720,4448.60,1,4448.20,4448.50,0.30,4448.20,1,4448.10,5,4448.00,9,4447.90,8,4447.80,6,4447.70,8,4447.60,18,4447.50,17,4447.40,15,4447.30,14,4448.50,5,4448.60,7,4448.70,8,4448.80,9,4448.90,5,4449.00,7,4449.10,15,4449.20,18,4449.30,18,4449.40,18,Buy,23,27,50,-4.00,1.00,-19.00,1.10,18.2,4448.80,4448.90,4447.80,4448.60,115,81,196,34.00,36.00,-17.00,2.20,90.9,54,156,0.0588,3.7500,2.00,-293.00,4429.13,2.1332,UP,95.75,2.0470,2.0140
20260810 200114 720,4448.60,1,4448.20,4448.50,0.30,4448.20,1,4448.10,5,4448.00,9,4447.90,8,4447.80,6,4447.70,8,4447.60,18,4447.50,17,4447.40,15,4447.30,14,4448.50,5,4448.60,7,4448.70,8,4448.80,9,4448.90,5,4449.00,7,4449.10,15,4449.20,18,4449.30,18,4449.40,18,Buy,24,27,51,-3.00,1.00,-19.00,1.10,18.2,4448.80,4448.90,4447.80,4448.60,115,81,196,34.00,36.00,-17.00,2.20,90.9,54,156,0.0588,5.3333,3.00,-292.00,4429.13,2.1332,UP,95.75,2.0470,2.0140
20260810 200114 720,4448.60,1,4448.20,4448.50,0.30,4448.20,1,4448.10,5,4448.00,9,4447.90,8,4447.80,6,4447.70,8,4447.60,18,4447.50,17,4447.40,15,4447.30,14,4448.50,5,4448.60,7,4448.70,8,4448.80,9,4448.90,5,4449.00,7,4449.10,15,4449.20,18,4449.30,18,4449.40,18,Buy,25,27,52,-2.00,1.00,-19.00,1.10,18.2,4448.80,4448.90,4447.80,4448.60,115,81,196,34.00,36.00,-17.00,2.20,90.9,54,156,0.0588,8.5000,4.00,-291.00,4429.13,2.1332,UP,95.75,2.0470,2.0140
20260810 200114 720,4448.60,2,4448.20,4448.50,0.30,4448.20,1,4448.10,5,4448.00,9,4447.90,8,4447.80,6,4447.70,8,4447.60,18,4447.50,17,4447.40,15,4447.30,14,4448.50,5,4448.60,7,4448.70,8,4448.80,9,4448.90,5,4449.00,7,4449.10,15,4449.20,18,4449.30,18,4449.40,18,Buy,27,27,54,0.00,1.00,-19.00,1.10,18.2,4448.80,4448.90,4447.80,4448.60,115,81,196,34.00,36.00,-17.00,2.20,90.9,54,156,0.0588,1.0000,6.00,-289.00,4429.13,2.1332,UP,95.75,2.0470,2.0140
20260810 200114 720,4448.70,1,4448.20,4448.50,0.30,4448.20,1,4448.10,5,4448.00,9,4447.90,8,4447.80,6,4447.70,8,4447.60,18,4447.50,17,4447.40,15,4447.30,14,4448.50,5,4448.60,7,4448.70,8,4448.80,9,4448.90,5,4449.00,7,4449.10,15,4449.20,18,4449.30,18,4449.40,18,Buy,28,27,55,1.00,1.00,-19.00,1.10,9.1,4448.80,4448.90,4447.80,4448.70,115,81,196,34.00,36.00,-17.00,2.20,90.9,54,156,0.0588,0.0000,7.00,-288.00,4429.14,2.1364,UP,95.75,2.0470,2.0140
20260810 200114 720,4448.70,1,4448.20,4448.50,0.30,4448.20,1,4448.10,5,4448.00,9,4447.90,8,4447.80,6,4447.70,8,4447.60,18,4447.50,17,4447.40,15,4447.30,14,4448.50,5,4448.60,7,4448.70,8,4448.80,9,4448.90,5,4449.00,7,4449.10,15,4449.20,18,4449.30,18,4449.40,18,Buy,29,27,56,2.00,2.00,-19.00,1.10,9.1,4448.80,4448.90,4447.80,4448.70,115,81,196,34.00,36.00,-17.00,2.20,90.9,54,156,0.0588,0.0000,8.00,-287.00,4429.14,2.1364,UP,95.75,2.0470,2.0140
20260810 200114 720,4448.70,1,4448.20,4448.50,0.30,4448.20,1,4448.10,5,4448.00,9,4447.90,8,4447.80,6,4447.70,8,4447.60,18,4447.50,17,4447.40,15,4447.30,14,4448.50,5,4448.60,7,4448.70,8,4448.80,9,4448.90,5,4449.00,7,4449.10,15,4449.20,18,4449.30,18,4449.40,18,Buy,30,27,57,3.00,3.00,-19.00,1.10,9.1,4448.80,4448.90,4447.80,4448.70,115,81,196,34.00,36.00,-17.00,2.20,90.9,54,156,0.0588,0.0000,9.00,-286.00,4429.14,2.1364,UP,95.75,2.0470,2.0140
20260810 200114 720,4448.70,1,4448.20,4448.50,0.30,4448.20,1,4448.10,5,4448.00,9,4447.90,8,4447.80,6,4447.70,8,4447.60,18,4447.50,17,4447.40,15,4447.30,14,4448.50,5,4448.60,7,4448.70,8,4448.80,9,4448.90,5,4449.00,7,4449.10,15,4449.20,18,4449.30,18,4449.40,18,Buy,31,27,58,4.00,4.00,-19.00,1.10,9.1,4448.80,4448.90,4447.80,4448.70,115,81,196,34.00,36.00,-17.00,2.20,90.9,54,156,0.0588,0.0000,10.00,-285.00,4429.14,2.1364,UP,95.75,2.0470,2.0140
20260810 200114 720,4448.70,1,4448.20,4448.50,0.30,4448.20,1,4448.10,5,4448.00,9,4447.90,8,4447.80,6,4447.70,8,4447.60,18,4447.50,17,4447.40,15,4447.30,14,4448.50,5,4448.60,7,4448.70,8,4448.80,9,4448.90,5,4449.00,7,4449.10,15,4449.20,18,4449.30,18,4449.40,18,Buy,32,27,59,5.00,5.00,-19.00,1.10,9.1,4448.80,4448.90,4447.80,4448.70,115,81,196,34.00,36.00,-17.00,2.20,90.9,54,156,0.0588,0.0000,11.00,-284.00,4429.14,2.1364,UP,95.75,2.0470,2.0140
20260810 200116 552,4448.50,1,4448.30,4448.50,0.20,4448.30,1,4448.20,3,4448.10,5,4448.00,9,4447.90,8,4447.80,6,4447.70,16,4447.60,18,4447.50,17,4447.40,15,4448.50,3,4448.60,8,4448.70,8,4448.80,9,4448.90,5,4449.00,18,4449.10,15,4449.20,19,4449.30,18,4449.40,19,Buy,33,27,60,6.00,6.00,-19.00,1.10,27.3,4448.80,4448.90,4447.80,4448.50,115,81,196,34.00,36.00,-17.00,2.20,90.9,54,156,0.0588,0.0000,12.00,-283.00,4429.12,2.1300,UP,95.75,2.0470,2.0140
20260810 200117 669,4448.10,1,4448.10,4448.40,0.30,4448.20,3,4448.10,4,4448.00,7,4447.90,8,4447.80,6,4447.70,7,4447.60,18,4447.50,17,4447.40,15,4447.30,14,4448.40,2,4448.50,23,4448.60,8,4448.70,7,4448.80,8,4448.90,5,4449.00,18,4449.10,15,4449.20,19,4449.30,17,Sell,33,28,61,5.00,6.00,-19.00,1.10,63.6,4448.80,4448.90,4447.80,4448.10,115,81,196,34.00,36.00,-17.00,2.20,90.9,54,156,0.0588,0.2000,11.00,-284.00,4429.08,2.1174,UP,95.75,2.0470,2.0140
20260810 200117 841,4448.20,1,4448.20,4448.40,0.20,4448.20,2,4448.10,4,4448.00,7,4447.90,8,4447.80,6,4447.70,7,4447.60,18,4447.50,17,4447.40,15,4447.30,15,4448.40,2,4448.50,23,4448.60,8,4448.70,7,4448.80,8,4448.90,5,4449.00,18,4449.10,15,4449.20,19,4449.30,17,Sell,33,29,62,4.00,6.00,-19.00,1.10,54.5,4448.80,4448.90,4447.80,4448.20,115,81,196,34.00,36.00,-17.00,2.20,90.9,54,156,0.0588,0.5000,10.00,-285.00,4429.09,2.1205,UP,95.75,2.0470,2.0140
20260810 200120 968,4448.10,1,4447.90,4448.10,0.20,4447.90,1,4447.80,4,4447.70,6,4447.60,9,4447.50,8,4447.40,6,4447.30,14,4447.20,16,4447.10,17,4447.00,19,4448.10,2,4448.20,5,4448.30,4,4448.40,4,4448.50,21,4448.60,10,4448.70,7,4448.80,8,4448.90,15,4449.00,17,Sell,33,30,63,3.00,6.00,-19.00,1.10,63.6,4448.80,4448.90,4447.80,4448.10,115,81,196,34.00,36.00,-17.00,2.20,90.9,54,156,0.0588,1.0000,9.00,-286.00,4429.08,2.1174,UP,95.75,2.0470,2.0140
20260810 200121 913,4447.90,1,4448.00,4448.20,0.20,4448.00,3,4447.90,3,4447.80,6,4447.70,6,4447.60,8,4447.50,8,4447.40,17,4447.30,14,4447.20,16,4447.10,17,4448.20,2,4448.30,3,4448.40,3,4448.50,21,4448.60,10,4448.70,7,4448.80,18,4448.90,16,4449.00,18,4449.10,15,Sell,33,31,64,2.00,6.00,-19.00,1.10,81.8,4448.80,4448.90,4447.80,4447.90,115,81,196,34.00,36.00,-17.00,2.20,90.9,54,156,0.0588,2.0000,8.00,-287.00,4429.06,2.1110,UP,95.75,2.0470,2.0140
20260810 200121 927,4447.90,1,4448.00,4448.20,0.20,4448.00,3,4447.90,3,4447.80,6,4447.70,6,4447.60,8,4447.50,8,4447.40,17,4447.30,14,4447.20,16,4447.10,17,4448.20,2,4448.30,3,4448.40,3,4448.50,21,4448.60,10,4448.70,7,4448.80,18,4448.90,16,4449.00,18,4449.10,15,Sell,33,32,65,1.00,6.00,-19.00,1.10,81.8,4448.80,4448.90,4447.80,4447.90,115,81,196,34.00,36.00,-17.00,2.20,90.9,54,156,0.0588,5.0000,7.00,-288.00,4429.06,2.1110,UP,95.75,2.0470,2.0140
20260810 200124 015,4448.10,1,4448.10,4448.30,0.20,4448.10,1,4448.00,4,4447.90,3,4447.80,6,4447.70,6,4447.60,8,4447.50,8,4447.40,17,4447.30,14,4447.20,16,4448.30,3,4448.40,3,4448.50,21,4448.60,10,4448.70,7,4448.80,18,4448.90,15,4449.00,18,4449.10,15,4449.20,19,Sell,33,33,66,0.00,6.00,-19.00,1.10,63.6,4448.80,4448.90,4447.80,4448.10,115,81,196,34.00,36.00,-17.00,2.20,90.9,54,156,0.0588,6.0000,6.00,-289.00,4429.08,2.1174,UP,95.75,2.0470,2.0140
20260810 200125 570,4448.20,1,4448.00,4448.30,0.30,4448.00,2,4447.90,3,4447.80,6,4447.70,6,4447.60,8,4447.50,8,4447.40,17,4447.30,14,4447.20,16,4447.10,17,4448.30,3,4448.40,5,4448.50,23,4448.60,10,4448.70,7,4448.80,19,4448.90,15,4449.00,18,4449.10,15,4449.20,19,Buy,34,33,67,1.00,6.00,-19.00,1.10,54.5,4448.80,4448.90,4447.80,4448.20,115,81,196,34.00,36.00,-17.00,2.20,90.9,54,156,0.0588,5.0000,7.00,-288.00,4429.09,2.1205,UP,95.75,2.0470,2.0140
20260810 200125 570,4448.20,2,4448.00,4448.30,0.30,4448.00,2,4447.90,3,4447.80,6,4447.70,6,4447.60,8,4447.50,8,4447.40,17,4447.30,14,4447.20,16,4447.10,17,4448.30,3,4448.40,5,4448.50,23,4448.60,10,4448.70,7,4448.80,19,4448.90,15,4449.00,18,4449.10,15,4449.20,19,Buy,36,33,69,3.00,6.00,-19.00,1.10,54.5,4448.80,4448.90,4447.80,4448.20,115,81,196,34.00,36.00,-17.00,2.20,90.9,54,156,0.0588,1.0000,9.00,-286.00,4429.09,2.1205,UP,95.75,2.0470,2.0140
20260810 200125 618,4448.30,1,4448.00,4448.30,0.30,4448.00,2,4447.90,3,4447.80,6,4447.70,6,4447.60,8,4447.50,8,4447.40,17,4447.30,14,4447.20,16,4447.10,17,4448.30,3,4448.40,5,4448.50,23,4448.60,10,4448.70,7,4448.80,19,4448.90,15,4449.00,18,4449.10,15,4449.20,19,Buy,37,33,70,4.00,6.00,-19.00,1.10,45.5,4448.80,4448.90,4447.80,4448.30,115,81,196,34.00,36.00,-17.00,2.20,90.9,54,156,0.0588,0.5000,10.00,-285.00,4429.10,2.1237,UP,95.75,2.0470,2.0140
20260810 200126 552,4448.20,1,4448.00,4448.20,0.20,4448.00,2,4447.90,3,4447.80,6,4447.70,6,4447.60,8,4447.50,8,4447.40,17,4447.30,14,4447.20,16,4447.10,17,4448.20,1,4448.30,3,4448.40,5,4448.50,23,4448.60,11,4448.70,7,4448.80,18,4448.90,15,4449.00,18,4449.10,15,Buy,38,33,71,5.00,6.00,-19.00,1.10,54.5,4448.80,4448.90,4447.80,4448.20,115,81,196,34.00,36.00,-17.00,2.20,90.9,54,156,0.0588,0.2000,11.00,-284.00,4429.09,2.1205,UP,95.75,2.0470,2.0140
20260810 200127 679,4447.90,1,4447.70,4447.90,0.20,4447.70,4,4447.60,6,4447.50,7,4447.40,8,4447.30,6,4447.20,16,4447.10,17,4447.00,19,4446.90,15,4446.80,15,4447.90,1,4448.00,3,4448.10,5,4448.20,5,4448.30,3,4448.40,7,4448.50,23,4448.60,10,4448.70,17,4448.80,18,Sell,38,34,72,4.00,6.00,-19.00,1.10,81.8,4448.80,4448.90,4447.80,4447.90,115,81,196,34.00,36.00,-17.00,2.20,90.9,54,156,0.0588,0.5000,10.00,-285.00,4429.06,2.1110,UP,95.75,2.0470,2.0140
20260810 200127 679,4447.90,1,4447.70,4447.90,0.20,4447.70,4,4447.60,6,4447.50,7,4447.40,8,4447.30,6,4447.20,16,4447.10,17,4447.00,19,4446.90,15,4446.80,15,4447.90,1,4448.00,3,4448.10,5,4448.20,5,4448.30,3,4448.40,7,4448.50,23,4448.60,10,4448.70,17,4448.80,18,Sell,38,35,73,3.00,6.00,-19.00,1.10,81.8,4448.80,4448.90,4447.80,4447.90,115,81,196,34.00,36.00,-17.00,2.20,90.9,54,156,0.0588,1.0000,9.00,-286.00,4429.06,2.1110,UP,95.75,2.0470,2.0140
20260810 200135 273,4447.70,1,4447.70,4447.90,0.20,4447.70,3,4447.60,4,4447.50,6,4447.40,9,4447.30,8,4447.20,9,4447.10,17,4447.00,19,4446.90,15,4446.80,17,4448.00,6,4448.10,4,4448.20,7,4448.30,3,4448.40,7,4448.50,23,4448.60,20,4448.70,17,4448.80,18,4448.90,16,Sell,38,36,74,2.00,6.00,-19.00,1.20,91.7,4448.80,4448.90,4447.70,4447.70,115,81,196,34.00,36.00,-17.00,2.20,90.9,54,156,0.0588,2.0000,8.00,-287.00,4429.04,2.1047,UP,95.75,2.0470,2.0212
20260810 200136 878,4447.90,1,4447.80,4447.90,0.10,4447.70,3,4447.60,4,4447.50,6,4447.40,8,4447.30,9,4447.20,9,4447.10,17,4447.00,19,4446.90,15,4446.80,17,4447.90,1,4448.00,4,4448.10,4,4448.20,7,4448.30,3,4448.40,7,4448.50,23,4448.60,20,4448.70,17,4448.80,18,Buy,39,36,75,3.00,6.00,-19.00,1.20,75.0,4448.80,4448.90,4447.70,4447.90,115,81,196,34.00,36.00,-17.00,2.20,90.9,54,156,0.0588,1.0000,9.00,-286.00,4429.06,2.1110,UP,95.75,2.0470,2.0212
20260810 200137 649,4447.80,1,4447.80,4448.00,0.20,4447.70,3,4447.60,4,4447.50,7,4447.40,8,4447.30,8,4447.20,18,4447.10,17,4447.00,19,4446.90,15,4446.80,17,4447.90,1,4448.00,2,4448.10,2,4448.20,5,4448.30,3,4448.40,7,4448.50,23,4448.60,20,4448.70,17,4448.80,18,Sell,39,37,76,2.00,6.00,-19.00,1.20,83.3,4448.80,4448.90,4447.70,4447.80,115,81,196,34.00,36.00,-17.00,2.20,90.9,54,156,0.0588,2.0000,8.00,-287.00,4429.05,2.1078,UP,95.75,2.0470,2.0212
20260810 200137 649,4447.80,1,4447.80,4448.00,0.20,4447.70,3,4447.60,4,4447.50,7,4447.40,8,4447.30,8,4447.20,18,4447.10,17,4447.00,19,4446.90,15,4446.80,17,4447.90,1,4448.00,2,4448.10,2,4448.20,5,4448.30,3,4448.40,7,4448.50,23,4448.60,20,4448.70,17,4448.80,18,Sell,39,38,77,1.00,6.00,-19.00,1.20,83.3,4448.80,4448.90,4447.70,4447.80,115,81,196,34.00,36.00,-17.00,2.20,90.9,54,156,0.0588,5.0000,7.00,-288.00,4429.05,2.1078,UP,95.75,2.0470,2.0212
20260810 200138 206,4447.80,1,4447.80,4448.00,0.20,4447.80,1,4447.70,3,4447.60,6,4447.50,6,4447.40,8,4447.30,8,4447.20,18,4447.10,17,4447.00,19,4446.90,15,4448.00,4,4448.10,4,4448.20,5,4448.30,3,4448.40,8,4448.50,23,4448.60,20,4448.70,17,4448.80,18,4448.90,16,Sell,39,39,78,0.00,6.00,-19.00,1.20,83.3,4448.80,4448.90,4447.70,4447.80,115,81,196,34.00,36.00,-17.00,2.20,90.9,54,156,0.0588,6.0000,6.00,-289.00,4429.05,2.1078,UP,95.75,2.0470,2.0212
20260810 200138 716,4448.00,2,4447.70,4447.90,0.20,4447.70,3,4447.60,6,4447.50,6,4447.40,8,4447.30,8,4447.20,18,4447.10,17,4447.00,19,4446.90,15,4446.80,17,4447.90,1,4448.00,4,4448.10,4,4448.20,5,4448.30,4,4448.40,7,4448.50,23,4448.60,20,4448.70,17,4448.80,18,Buy,41,39,80,2.00,6.00,-19.00,1.20,66.7,4448.80,4448.90,4447.70,4448.00,115,81,196,34.00,36.00,-17.00,2.20,90.9,54,156,0.0588,2.0000,8.00,-287.00,4429.07,2.1142,UP,95.75,2.0470,2.0212
20260810 200142 218,4447.60,1,4447.40,4447.70,0.30,4447.40,2,4447.30,6,4447.20,9,4447.10,10,4447.00,21,4446.90,15,4446.80,17,4446.70,15,4446.60,14,4446.50,16,4447.70,5,4447.80,13,4447.90,7,4448.00,10,4448.10,5,4448.20,7,4448.30,3,4448.40,17,4448.50,33,4448.60,14,Sell,41,40,81,1.00,6.00,-19.00,1.30,92.3,4448.80,4448.90,4447.60,4447.60,115,81,196,34.00,36.00,-17.00,2.20,90.9,54,156,0.0588,5.0000,7.00,-288.00,4429.03,2.1015,UP,95.75,2.0470,2.0283
20260810 200142 218,4447.60,1,4447.40,4447.70,0.30,4447.40,2,4447.30,6,4447.20,9,4447.10,10,4447.00,21,4446.90,15,4446.80,17,4446.70,15,4446.60,14,4446.50,16,4447.70,5,4447.80,13,4447.90,7,4448.00,10,4448.10,5,4448.20,7,4448.30,3,4448.40,17,4448.50,33,4448.60,14,Sell,41,41,82,0.00,6.00,-19.00,1.30,92.3,4448.80,4448.90,4447.60,4447.60,115,81,196,34.00,36.00,-17.00,2.20,90.9,54,156,0.0588,6.0000,6.00,-289.00,4429.03,2.1015,UP,95.75,2.0470,2.0283
20260810 200143 657,4447.50,1,4447.30,4447.50,0.20,4447.30,3,4447.20,9,4447.10,10,4447.00,12,4446.90,17,4446.80,17,4446.70,15,4446.60,16,4446.50,17,4446.40,19,4447.60,3,4447.70,6,4447.80,11,4447.90,7,4448.00,10,4448.10,6,4448.20,10,4448.30,3,4448.40,17,4448.50,33,Buy,42,41,83,1.00,6.00,-19.00,1.40,92.9,4448.80,4448.90,4447.50,4447.50,115,81,196,34.00,36.00,-17.00,2.20,90.9,54,156,0.0588,5.0000,7.00,-288.00,4429.02,2.0983,UP,95.75,2.0470,2.0355
20260810 200147 508,4447.50,1,4447.40,4447.50,0.10,4447.40,4,4447.30,3,4447.20,9,4447.10,10,4447.00,12,4446.90,17,4446.80,17,4446.70,15,4446.60,16,4446.50,17,4447.60,1,4447.70,4,4447.80,11,4447.90,7,4448.00,10,4448.10,5,4448.20,10,4448.30,3,4448.40,17,4448.50,34,Buy,43,41,84,2.00,6.00,-19.00,1.40,92.9,4448.80,4448.90,4447.50,4447.50,115,81,196,34.00,36.00,-17.00,2.20,90.9,54,156,0.0588,2.0000,8.00,-287.00,4429.02,2.0983,UP,95.75,2.0470,2.0355
20260810 200148 276,4447.40,1,4447.40,4447.60,0.20,4447.40,3,4447.30,3,4447.20,9,4447.10,10,4447.00,12,4446.90,18,4446.80,17,4446.70,15,4446.60,16,4446.50,17,4447.60,1,4447.70,4,4447.80,11,4447.90,7,4448.00,9,4448.10,5,4448.20,9,4448.30,3,4448.40,17,4448.50,34,Sell,43,42,85,1.00,6.00,-19.00,1.50,93.3,4448.80,4448.90,4447.40,4447.40,115,81,196,34.00,36.00,-17.00,2.20,90.9,54,156,0.0588,5.0000,7.00,-288.00,4429.01,2.0951,UP,95.75,2.0470,2.0426
20260810 200150 898,4447.40,1,4447.40,4447.60,0.20,4447.40,1,4447.30,3,4447.20,9,4447.10,10,4447.00,12,4446.90,17,4446.80,17,4446.70,16,4446.60,16,4446.50,17,4447.60,2,4447.70,4,4447.80,9,4447.90,7,4448.00,9,4448.10,5,4448.20,9,4448.30,3,4448.40,17,4448.50,34,Sell,43,43,86,0.00,6.00,-19.00,1.50,93.3,4448.80,4448.90,4447.40,4447.40,115,81,196,34.00,36.00,-17.00,2.20,90.9,54,156,0.0588,6.0000,6.00,-289.00,4429.01,2.0951,UP,95.75,2.0470,2.0426
20260810 200157 063,4447.40,1,4447.30,4447.50,0.20,4447.30,2,4447.20,4,4447.10,10,4447.00,12,4446.90,8,4446.80,17,4446.70,14,4446.60,16,4446.50,17,4446.40,17,4447.50,2,4447.60,5,4447.70,6,4447.80,9,4447.90,8,4448.00,9,4448.10,5,4448.20,9,4448.30,13,4448.40,17,Sell,43,44,87,-1.00,6.00,-19.00,1.50,93.3,4448.80,4448.90,4447.40,4447.40,115,81,196,34.00,36.00,-17.00,2.20,90.9,54,156,0.0588,18.0000,5.00,-290.00,4429.01,2.0951,UP,95.75,2.0470,2.0426
20260810 200157 063,4447.40,1,4447.30,4447.50,0.20,4447.30,2,4447.20,4,4447.10,10,4447.00,12,4446.90,8,4446.80,17,4446.70,14,4446.60,16,4446.50,17,4446.40,17,4447.50,2,4447.60,5,4447.70,6,4447.80,9,4447.90,8,4448.00,9,4448.10,5,4448.20,9,4448.30,13,4448.40,17,Sell,43,45,88,-2.00,6.00,-19.00,1.50,93.3,4448.80,4448.90,4447.40,4447.40,115,81,196,34.00,36.00,-17.00,2.20,90.9,54,156,0.0588,8.5000,4.00,-291.00,4429.01,2.0951,UP,95.75,2.0470,2.0426
20260810 200159 447,4447.10,1,4447.00,4447.20,0.20,4447.00,4,4446.90,4,4446.80,9,4446.70,7,4446.60,9,4446.50,17,4446.40,20,4446.30,16,4446.20,17,4446.10,13,4447.20,1,4447.30,3,4447.40,4,4447.50,6,4447.60,10,4447.70,6,4447.80,12,4447.90,7,4448.00,20,4448.10,16,Sell,43,46,89,-3.00,6.00,-19.00,1.80,94.4,4448.80,4448.90,4447.10,4447.10,115,81,196,34.00,36.00,-17.00,2.20,90.9,54,156,0.0588,5.3333,3.00,-292.00,4428.98,2.0856,UP,95.75,2.0470,2.0640
20260810 200159 448,4447.10,1,4447.00,4447.20,0.20,4447.00,4,4446.90,4,4446.80,9,4446.70,7,4446.60,9,4446.50,17,4446.40,20,4446.30,16,4446.20,17,4446.10,13,4447.20,1,4447.30,3,4447.40,4,4447.50,6,4447.60,10,4447.70,6,4447.80,12,4447.90,7,4448.00,20,4448.10,16,Sell,43,47,90,-4.00,6.00,-19.00,1.80,94.4,4448.80,4448.90,4447.10,4447.10,115,81,196,34.00,36.00,-17.00,2.20,90.9,54,156,0.0588,3.7500,2.00,-293.00,4428.98,2.0856,UP,95.75,2.0470,2.0640
20260810 200159 449,4447.10,1,4447.00,4447.20,0.20,4447.00,4,4446.90,4,4446.80,9,4446.70,7,4446.60,9,4446.50,17,4446.40,20,4446.30,16,4446.20,17,4446.10,13,4447.20,1,4447.30,3,4447.40,4,4447.50,6,4447.60,10,4447.70,6,4447.80,12,4447.90,7,4448.00,20,4448.10,16,Buy,44,47,91,-3.00,6.00,-19.00,1.80,94.4,4448.80,4448.90,4447.10,4447.10,115,81,196,34.00,36.00,-17.00,2.20,90.9,54,156,0.0588,5.3333,3.00,-292.00,4428.98,2.0856,UP,95.75,2.0470,2.0640
20260810 200159 530,4447.00,1,4447.00,4447.20,0.20,4447.00,3,4446.90,5,4446.80,9,4446.70,7,4446.60,9,4446.50,17,4446.40,20,4446.30,16,4446.20,17,4446.10,13,4447.20,1,4447.30,5,4447.40,6,4447.50,6,4447.60,9,4447.70,6,4447.80,12,4447.90,7,4448.00,20,4448.10,16,Sell,44,48,92,-4.00,6.00,-19.00,1.90,94.7,4448.80,4448.90,4447.00,4447.00,115,81,196,34.00,36.00,-17.00,2.20,90.9,54,156,0.0588,3.7500,2.00,-293.00,4428.97,2.0824,UP,95.75,2.0470,2.0712
20260810 200159 530,4447.00,1,4447.00,4447.20,0.20,4447.00,3,4446.90,5,4446.80,9,4446.70,7,4446.60,9,4446.50,17,4446.40,20,4446.30,16,4446.20,17,4446.10,13,4447.20,1,4447.30,5,4447.40,6,4447.50,6,4447.60,9,4447.70,6,4447.80,12,4447.90,7,4448.00,20,4448.10,16,Sell,44,49,93,-5.00,6.00,-19.00,1.90,94.7,4448.80,4448.90,4447.00,4447.00,115,81,196,34.00,36.00,-17.00,2.20,90.9,54,156,0.0588,2.8000,1.00,-294.00,4428.97,2.0824,UP,95.75,2.0470,2.0712
20260810 200159 530,4447.00,1,4447.00,4447.20,0.20,4447.00,3,4446.90,5,4446.80,9,4446.70,7,4446.60,9,4446.50,17,4446.40,20,4446.30,16,4446.20,17,4446.10,13,4447.20,1,4447.30,5,4447.40,6,4447.50,6,4447.60,9,4447.70,6,4447.80,12,4447.90,7,4448.00,20,4448.10,16,Sell,44,50,94,-6.00,6.00,-19.00,1.90,94.7,4448.80,4448.90,4447.00,4447.00,115,81,196,34.00,36.00,-17.00,2.20,90.9,54,156,0.0588,2.1667,0.00,-295.00,4428.97,2.0824,UP,95.75,2.0470,2.0712
20260810 200200 528,4447.00,1,4446.80,4447.00,0.20,4446.80,3,4446.70,3,4446.60,7,4446.50,6,4446.40,11,4446.30,16,4446.20,21,4446.10,13,4446.00,17,4445.90,15,4447.00,5,4447.10,5,4447.20,8,4447.30,6,4447.40,8,4447.50,6,4447.60,10,4447.70,6,4447.80,18,4447.90,13,Sell,0,1,1,-1.00,-1.00,-1.00,0.00,0.0,4447.00,4447.00,4447.00,4447.00,44,50,94,-6.00,6.00,-19.00,1.90,94.7,-27,60,2.1667,0.0000,33.00,-246.00,4428.97,2.0824,UP,98.25,0.9567,1.9232
20260810 200200 531,4446.90,1,4446.80,4447.00,0.20,4446.80,3,4446.70,3,4446.60,7,4446.50,6,4446.40,11,4446.30,16,4446.20,21,4446.10,13,4446.00,17,4445.90,15,4447.00,5,4447.10,5,4447.20,8,4447.30,6,4447.40,8,4447.50,6,4447.60,10,4447.70,6,4447.80,18,4447.90,13,Sell,0,2,2,-2.00,-1.00,-2.00,0.10,100.0,4447.00,4447.00,4446.90,4446.90,44,50,94,-6.00,6.00,-19.00,1.90,94.7,-27,60,2.1667,0.0000,32.00,-247.00,4428.96,2.0793,UP,98.25,0.9567,1.9304
20260810 200200 531,4446.90,1,4446.80,4447.00,0.20,4446.80,3,4446.70,3,4446.60,7,4446.50,6,4446.40,11,4446.30,16,4446.20,21,4446.10,13,4446.00,17,4445.90,15,4447.00,5,4447.10,5,4447.20,8,4447.30,6,4447.40,8,4447.50,6,4447.60,10,4447.70,6,4447.80,18,4447.90,13,Sell,0,3,3,-3.00,-1.00,-3.00,0.10,100.0,4447.00,4447.00,4446.90,4446.90,44,50,94,-6.00,6.00,-19.00,1.90,94.7,-27,60,2.1667,0.0000,31.00,-248.00,4428.96,2.0793,UP,98.25,0.9567,1.9304
20260810 200200 570,4446.80,1,4446.70,4446.90,0.20,4446.70,2,4446.60,5,4446.50,6,4446.40,11,4446.30,7,4446.20,12,4446.10,13,4446.00,17,4445.90,15,4445.80,13,4446.90,1,4447.00,6,4447.10,7,4447.20,11,4447.30,6,4447.40,8,4447.50,6,4447.60,10,4447.70,12,4447.80,18,Sell,0,4,4,-4.00,-1.00,-4.00,0.20,100.0,4447.00,4447.00,4446.80,4446.80,44,50,94,-6.00,6.00,-19.00,1.90,94.7,-27,60,2.1667,0.0000,30.00,-249.00,4428.95,2.0761,UP,98.25,0.9567,1.9375
20260810 200200 570,4446.80,1,4446.70,4446.90,0.20,4446.70,2,4446.60,5,4446.50,6,4446.40,11,4446.30,7,4446.20,12,4446.10,13,4446.00,17,4445.90,15,4445.80,13,4446.90,1,4447.00,6,4447.10,7,4447.20,11,4447.30,6,4447.40,8,4447.50,6,4447.60,10,4447.70,12,4447.80,18,Sell,0,5,5,-5.00,-1.00,-5.00,0.20,100.0,4447.00,4447.00,4446.80,4446.80,44,50,94,-6.00,6.00,-19.00,1.90,94.7,-27,60,2.1667,0.0000,29.00,-250.00,4428.95,2.0761,UP,98.25,0.9567,1.9375
20260810 200200 570,4446.80,1,4446.70,4446.90,0.20,4446.70,2,4446.60,5,4446.50,6,4446.40,11,4446.30,7,4446.20,12,4446.10,13,4446.00,17,4445.90,15,4445.80,13,4446.90,1,4447.00,6,4447.10,7,4447.20,11,4447.30,6,4447.40,8,4447.50,6,4447.60,10,4447.70,12,4447.80,18,Sell,0,6,6,-6.00,-1.00,-6.00,0.20,100.0,4447.00,4447.00,4446.80,4446.80,44,50,94,-6.00,6.00,-19.00,1.90,94.7,-27,60,2.1667,0.0000,28.00,-251.00,4428.95,2.0761,UP,98.25,0.9567,1.9375
20260810 200200 570,4446.70,1,4446.70,4446.90,0.20,4446.70,2,4446.60,5,4446.50,6,4446.40,11,4446.30,7,4446.20,12,4446.10,13,4446.00,17,4445.90,15,4445.80,13,4446.90,1,4447.00,6,4447.10,7,4447.20,11,4447.30,6,4447.40,8,4447.50,6,4447.60,10,4447.70,12,4447.80,18,Sell,0,7,7,-7.00,-1.00,-7.00,0.30,100.0,4447.00,4447.00,4446.70,4446.70,44,50,94,-6.00,6.00,-19.00,1.90,94.7,-27,60,2.1667,0.0000,27.00,-252.00,4428.95,2.0729,UP,98.25,0.9567,1.9447
20260810 200200 570,4446.70,1,4446.70,4446.90,0.20,4446.70,2,4446.60,5,4446.50,6,4446.40,11,4446.30,7,4446.20,12,4446.10,13,4446.00,17,4445.90,15,4445.80,13,4446.90,1,4447.00,6,4447.10,7,4447.20,11,4447.30,6,4447.40,8,4447.50,6,4447.60,10,4447.70,12,4447.80,18,Sell,0,8,8,-8.00,-1.00,-8.00,0.30,100.0,4447.00,4447.00,4446.70,4446.70,44,50,94,-6.00,6.00,-19.00,1.90,94.7,-27,60,2.1667,0.0000,26.00,-253.00,4428.95,2.0729,UP,98.25,0.9567,1.9447
20260810 200201 249,4446.90,1,4446.80,4447.10,0.30,4446.80,4,4446.70,5,4446.60,7,4446.50,7,4446.40,11,4446.30,7,4446.20,12,4446.10,13,4446.00,17,4445.90,16,4447.10,5,4447.20,10,4447.30,6,4447.40,8,4447.50,6,4447.60,10,4447.70,13,4447.80,18,4447.90,13,4448.00,16,Buy,1,8,9,-7.00,-1.00,-8.00,0.30,33.3,4447.00,4447.00,4446.70,4446.90,44,50,94,-6.00,6.00,-19.00,1.90,94.7,-27,60,2.1667,0.1429,27.00,-252.00,4428.96,2.0793,UP,98.25,0.9567,1.9447
20260810 200201 249,4446.90,1,4446.80,4447.10,0.30,4446.80,4,4446.70,5,4446.60,7,4446.50,7,4446.40,11,4446.30,7,4446.20,12,4446.10,13,4446.00,17,4445.90,16,4447.10,5,4447.20,10,4447.30,6,4447.40,8,4447.50,6,4447.60,10,4447.70,13,4447.80,18,4447.90,13,4448.00,16,Buy,2,8,10,-6.00,-1.00,-8.00,0.30,33.3,4447.00,4447.00,4446.70,4446.90,44,50,94,-6.00,6.00,-19.00,1.90,94.7,-27,60,2.1667,0.3333,28.00,-251.00,4428.96,2.0793,UP,98.25,0.9567,1.9447
20260810 200202 204,4447.10,1,4447.00,4447.10,0.10,4446.80,4,4446.70,4,4446.60,6,4446.50,6,4446.40,11,4446.30,7,4446.20,12,4446.10,13,4446.00,17,4445.90,17,4447.00,1,4447.10,6,4447.20,10,4447.30,6,4447.40,8,4447.50,6,4447.60,10,4447.70,13,4447.80,18,4447.90,13,Buy,3,8,11,-5.00,-1.00,-8.00,0.40,25.0,4447.00,4447.10,4446.70,4447.10,44,50,94,-6.00,6.00,-19.00,1.90,94.7,-27,60,2.1667,0.6000,29.00,-250.00,4428.98,2.0856,UP,98.25,0.9567,1.9518
20260810 200205 052,4446.80,1,4446.80,4447.10,0.30,4446.80,3,4446.70,4,4446.60,8,4446.50,6,4446.40,11,4446.30,16,4446.20,21,4446.10,13,4446.00,17,4445.90,16,4447.10,3,4447.20,6,4447.30,5,4447.40,9,4447.50,6,4447.60,9,4447.70,13,4447.80,18,4447.90,13,4448.00,17,Sell,3,9,12,-6.00,-1.00,-8.00,0.40,50.0,4447.00,4447.10,4446.70,4446.80,44,50,94,-6.00,6.00,-19.00,1.90,94.7,-27,60,2.1667,0.3333,28.00,-251.00,4428.95,2.0761,UP,98.25,0.9567,1.9518
20260810 200205 052,4446.80,1,4446.80,4447.10,0.30,4446.80,3,4446.70,4,4446.60,8,4446.50,6,4446.40,11,4446.30,16,4446.20,21,4446.10,13,4446.00,17,4445.90,16,4447.10,3,4447.20,6,4447.30,5,4447.40,9,4447.50,6,4447.60,9,4447.70,13,4447.80,18,4447.90,13,4448.00,17,Sell,3,10,13,-7.00,-1.00,-8.00,0.40,50.0,4447.00,4447.10,4446.70,4446.80,44,50,94,-6.00,6.00,-19.00,1.90,94.7,-27,60,2.1667,0.1429,27.00,-252.00,4428.95,2.0761,UP,98.25,0.9567,1.9518
20260810 200206 036,4446.80,1,4446.80,4447.00,0.20,4446.80,4,4446.70,4,4446.60,8,4446.50,6,4446.40,11,4446.30,16,4446.20,21,4446.10,13,4446.00,17,4445.90,16,4447.00,1,4447.10,4,4447.20,6,4447.30,6,4447.40,8,4447.50,6,4447.60,9,4447.70,17,4447.80,22,4447.90,18,Sell,3,11,14,-8.00,-1.00,-8.00,0.40,50.0,4447.00,4447.10,4446.70,4446.80,44,50,94,-6.00,6.00,-19.00,1.90,94.7,-27,60,2.1667,0.0000,26.00,-253.00,4428.95,2.0761,UP,98.25,0.9567,1.9518
20260810 200206 036,4446.80,1,4446.80,4447.00,0.20,4446.80,4,4446.70,4,4446.60,8,4446.50,6,4446.40,11,4446.30,16,4446.20,21,4446.10,13,4446.00,17,4445.90,16,4447.00,1,4447.10,4,4447.20,6,4447.30,6,4447.40,8,4447.50,6,4447.60,9,4447.70,17,4447.80,22,4447.90,18,Sell,3,12,15,-9.00,-1.00,-9.00,0.40,50.0,4447.00,4447.10,4446.70,4446.80,44,50,94,-6.00,6.00,-19.00,1.90,94.7,-27,60,2.1667,0.0000,25.00,-254.00,4428.95,2.0761,UP,98.25,0.9567,1.9518
20260810 200206 036,4446.80,1,4446.80,4447.00,0.20,4446.80,4,4446.70,4,4446.60,8,4446.50,6,4446.40,11,4446.30,16,4446.20,21,4446.10,13,4446.00,17,4445.90,16,4447.00,1,4447.10,4,4447.20,6,4447.30,6,4447.40,8,4447.50,6,4447.60,9,4447.70,17,4447.80,22,4447.90,18,Sell,3,13,16,-10.00,-1.00,-10.00,0.40,50.0,4447.00,4447.10,4446.70,4446.80,44,50,94,-6.00,6.00,-19.00,1.90,94.7,-27,60,2.1667,0.0000,24.00,-255.00,4428.95,2.0761,UP,98.25,0.9567,1.9518
20260810 200206 036,4446.80,2,4446.80,4447.00,0.20,4446.80,4,4446.70,4,4446.60,8,4446.50,6,4446.40,11,4446.30,16,4446.20,21,4446.10,13,4446.00,17,4445.90,16,4447.00,1,4447.10,4,4447.20,6,4447.30,6,4447.40,8,4447.50,6,4447.60,9,4447.70,17,4447.80,22,4447.90,18,Sell,3,15,18,-12.00,-1.00,-12.00,0.40,50.0,4447.00,4447.10,4446.70,4446.80,44,50,94,-6.00,6.00,-19.00,1.90,94.7,-27,60,2.1667,0.0000,22.00,-257.00,4428.95,2.0761,UP,98.25,0.9567,1.9518
20260810 200206 095,4446.80,1,4446.80,4447.00,0.20,4446.80,3,4446.70,4,4446.60,8,4446.50,6,4446.40,11,4446.30,16,4446.20,21,4446.10,13,4446.00,17,4445.90,16,4447.00,2,4447.10,4,4447.20,6,4447.30,5,4447.40,9,4447.50,6,4447.60,9,4447.70,17,4447.80,22,4447.90,18,Sell,3,16,19,-13.00,-1.00,-13.00,0.40,50.0,4447.00,4447.10,4446.70,4446.80,44,50,94,-6.00,6.00,-19.00,1.90,94.7,-27,60,2.1667,0.0000,21.00,-258.00,4428.95,2.0761,UP,98.25,0.9567,1.9518
20260810 200210 748,4446.70,1,4446.60,4446.90,0.30,4446.60,5,4446.50,5,4446.40,11,4446.30,6,4446.20,12,4446.10,13,4446.00,17,4445.90,16,4445.80,15,4445.70,13,4446.90,2,4447.00,7,4447.10,6,4447.20,9,4447.30,6,4447.40,8,4447.50,16,4447.60,19,4447.70,17,4447.80,22,Sell,3,17,20,-14.00,-1.00,-14.00,0.40,75.0,4447.00,4447.10,4446.70,4446.70,44,50,94,-6.00,6.00,-19.00,1.90,94.7,-27,60,2.1667,0.0000,20.00,-259.00,4428.95,2.0729,UP,98.25,0.9567,1.9518
20260810 200210 748,4446.60,1,4446.60,4446.90,0.30,4446.60,5,4446.50,5,4446.40,11,4446.30,6,4446.20,12,4446.10,13,4446.00,17,4445.90,16,4445.80,15,4445.70,13,4446.90,2,4447.00,7,4447.10,6,4447.20,9,4447.30,6,4447.40,8,4447.50,16,4447.60,19,4447.70,17,4447.80,22,Sell,3,18,21,-15.00,-1.00,-15.00,0.50,80.0,4447.00,4447.10,4446.60,4446.60,44,50,94,-6.00,6.00,-19.00,1.90,94.7,-27,60,2.1667,0.0000,19.00,-260.00,4428.94,2.0697,UP,98.25,0.9567,1.9590
20260810 200210 755,4446.60,1,4446.60,4446.90,0.30,4446.60,5,4446.50,5,4446.40,11,4446.30,6,4446.20,12,4446.10,13,4446.00,17,4445.90,16,4445.80,15,4445.70,13,4446.90,2,4447.00,7,4447.10,6,4447.20,9,4447.30,6,4447.40,8,4447.50,16,4447.60,19,4447.70,17,4447.80,22,Sell,3,19,22,-16.00,-1.00,-16.00,0.50,80.0,4447.00,4447.10,4446.60,4446.60,44,50,94,-6.00,6.00,-19.00,1.90,94.7,-27,60,2.1667,0.0000,18.00,-261.00,4428.94,2.0697,UP,98.25,0.9567,1.9590
20260810 200210 755,4446.60,1,4446.60,4446.90,0.30,4446.60,5,4446.50,5,4446.40,11,4446.30,6,4446.20,12,4446.10,13,4446.00,17,4445.90,16,4445.80,15,4445.70,13,4446.90,2,4447.00,7,4447.10,6,4447.20,9,4447.30,6,4447.40,8,4447.50,16,4447.60,19,4447.70,17,4447.80,22,Sell,3,20,23,-17.00,-1.00,-17.00,0.50,80.0,4447.00,4447.10,4446.60,4446.60,44,50,94,-6.00,6.00,-19.00,1.90,94.7,-27,60,2.1667,0.0000,17.00,-262.00,4428.94,2.0697,UP,98.25,0.9567,1.9590
20260810 200212 591,4446.90,1,4446.60,4446.90,0.30,4446.60,5,4446.50,4,4446.40,11,4446.30,6,4446.20,12,4446.10,13,4446.00,17,4445.90,16,4445.80,16,4445.70,13,4446.90,3,4447.00,7,4447.10,6,4447.20,9,4447.30,6,4447.40,8,4447.50,16,4447.60,19,4447.70,17,4447.80,23,Buy,4,20,24,-16.00,-1.00,-17.00,0.50,20.0,4447.00,4447.10,4446.60,4446.90,44,50,94,-6.00,6.00,-19.00,1.90,94.7,-27,60,2.1667,0.0625,18.00,-261.00,4428.96,2.0793,UP,98.25,0.9567,1.9590
20260810 200213 871,4446.90,1,4446.80,4447.00,0.20,4446.80,3,4446.70,5,4446.60,6,4446.50,4,4446.40,12,4446.30,6,4446.20,12,4446.10,13,4446.00,17,4445.90,16,4447.00,3,4447.10,4,4447.20,8,4447.30,6,4447.40,8,4447.50,6,4447.60,19,4447.70,17,4447.80,23,4447.90,18,Buy,5,20,25,-15.00,-1.00,-17.00,0.50,20.0,4447.00,4447.10,4446.60,4446.90,44,50,94,-6.00,6.00,-19.00,1.90,94.7,-27,60,2.1667,0.1333,19.00,-260.00,4428.96,2.0793,UP,98.25,0.9567,1.9590
20260810 200213 871,4446.90,1,4446.80,4447.00,0.20,4446.80,3,4446.70,5,4446.60,6,4446.50,4,4446.40,12,4446.30,6,4446.20,12,4446.10,13,4446.00,17,4445.90,16,4447.00,3,4447.10,4,4447.20,8,4447.30,6,4447.40,8,4447.50,6,4447.60,19,4447.70,17,4447.80,23,4447.90,18,Buy,6,20,26,-14.00,-1.00,-17.00,0.50,20.0,4447.00,4447.10,4446.60,4446.90,44,50,94,-6.00,6.00,-19.00,1.90,94.7,-27,60,2.1667,0.2143,20.00,-259.00,4428.96,2.0793,UP,98.25,0.9567,1.9590
20260810 200214 464,4447.00,1,4446.80,4447.00,0.20,4446.80,3,4446.70,5,4446.60,6,4446.50,5,4446.40,12,4446.30,6,4446.20,12,4446.10,13,4446.00,17,4445.90,16,4447.00,2,4447.10,4,4447.20,8,4447.30,6,4447.40,8,4447.50,6,4447.60,19,4447.70,17,4447.80,23,4447.90,18,Buy,7,20,27,-13.00,-1.00,-17.00,0.50,0.0,4447.00,4447.10,4446.60,4447.00,44,50,94,-6.00,6.00,-19.00,1.90,94.7,-27,60,2.1667,0.3077,21.00,-258.00,4428.97,2.0824,UP,98.25,0.9567,1.9590
20260810 200216 363,4446.90,1,4446.80,4447.00,0.20,4446.80,5,4446.70,5,4446.60,8,4446.50,4,4446.40,11,4446.30,7,4446.20,22,4446.10,13,4446.00,17,4445.90,16,4447.00,2,4447.10,4,4447.20,4,4447.30,6,4447.40,8,4447.50,6,4447.60,19,4447.70,16,4447.80,23,4447.90,18,Sell,7,21,28,-14.00,-1.00,-17.00,0.50,20.0,4447.00,4447.10,4446.60,4446.90,44,50,94,-6.00,6.00,-19.00,1.90,94.7,-27,60,2.1667,0.2143,20.00,-259.00,4428.96,2.0793,UP,98.25,0.9567,1.9590
20260810 200216 444,4447.00,2,4446.90,4447.10,0.20,4446.90,3,4446.80,5,4446.70,5,4446.60,8,4446.50,5,4446.40,11,4446.30,17,4446.20,22,4446.10,13,4446.00,17,4447.10,1,4447.20,2,4447.30,5,4447.40,8,4447.50,6,4447.60,19,4447.70,16,4447.80,23,4447.90,18,4448.00,21,Buy,9,21,30,-12.00,-1.00,-17.00,0.50,0.0,4447.00,4447.10,4446.60,4447.00,44,50,94,-6.00,6.00,-19.00,1.90,94.7,-27,60,2.1667,0.4167,22.00,-257.00,4428.97,2.0824,UP,98.25,0.9567,1.9590
20260810 200217 138,4447.10,1,4446.90,4447.20,0.30,4446.90,3,4446.80,5,4446.70,6,4446.60,8,4446.50,4,4446.40,11,4446.30,17,4446.20,22,4446.10,13,4446.00,17,4447.20,2,4447.30,4,4447.40,8,4447.50,6,4447.60,19,4447.70,16,4447.80,23,4447.90,18,4448.00,21,4448.10,16,Buy,10,21,31,-11.00,-1.00,-17.00,0.50,20.0,4447.00,4447.10,4446.60,4447.10,44,50,94,-6.00,6.00,-19.00,1.90,94.7,-27,60,2.1667,0.5455,23.00,-256.00,4428.98,2.0856,UP,98.25,0.9567,1.9590
20260810 200219 531,4447.10,1,4447.00,4447.30,0.30,4447.00,4,4446.90,4,4446.80,7,4446.70,6,4446.60,7,4446.50,16,4446.40,21,4446.30,17,4446.20,22,4446.10,13,4447.30,2,4447.40,5,4447.50,4,4447.60,10,4447.70,6,4447.80,13,4447.90,18,4448.00,21,4448.10,16,4448.20,20,Sell,10,22,32,-12.00,-1.00,-17.00,0.50,20.0,4447.00,4447.10,4446.60,4447.10,44,50,94,-6.00,6.00,-19.00,1.90,94.7,-27,60,2.1667,0.4167,22.00,-257.00,4428.98,2.0856,UP,98.25,0.9567,1.9590
20260810 200219 531,4447.10,1,4447.00,4447.30,0.30,4447.00,4,4446.90,4,4446.80,7,4446.70,6,4446.60,7,4446.50,16,4446.40,21,4446.30,17,4446.20,22,4446.10,13,4447.30,2,4447.40,5,4447.50,4,4447.60,10,4447.70,6,4447.80,13,4447.90,18,4448.00,21,4448.10,16,4448.20,20,Sell,10,23,33,-13.00,-1.00,-17.00,0.50,20.0,4447.00,4447.10,4446.60,4447.10,44,50,94,-6.00,6.00,-19.00,1.90,94.7,-27,60,2.1667,0.3077,21.00,-258.00,4428.98,2.0856,UP,98.25,0.9567,1.9590
20260810 200221 905,4447.30,1,4447.10,4447.30,0.20,4447.10,2,4447.00,4,4446.90,5,4446.80,7,4446.70,6,4446.60,7,4446.50,15,4446.40,20,4446.30,17,4446.20,22,4447.30,2,4447.40,5,4447.50,6,4447.60,11,4447.70,7,4447.80,12,4447.90,18,4448.00,21,4448.10,16,4448.20,20,Buy,11,23,34,-12.00,-1.00,-17.00,0.70,42.9,4447.00,4447.30,4446.60,4447.30,44,50,94,-6.00,6.00,-19.00,1.90,94.7,-27,60,2.1667,0.4167,22.00,-257.00,4429.00,2.0920,UP,98.25,0.9567,1.9732
20260810 200221 905,4447.40,1,4447.10,4447.30,0.20,4447.10,2,4447.00,4,4446.90,5,4446.80,7,4446.70,6,4446.60,7,4446.50,15,4446.40,20,4446.30,17,4446.20,22,4447.30,2,4447.40,5,4447.50,6,4447.60,11,4447.70,7,4447.80,12,4447.90,18,4448.00,21,4448.10,16,4448.20,20,Buy,12,23,35,-11.00,-1.00,-17.00,0.80,50.0,4447.00,4447.40,4446.60,4447.40,44,50,94,-6.00,6.00,-19.00,1.90,94.7,-27,60,2.1667,0.5455,23.00,-256.00,4429.01,2.0951,UP,98.25,0.9567,1.9804
20260810 200221 905,4447.40,1,4447.10,4447.30,0.20,4447.10,2,4447.00,4,4446.90,5,4446.80,7,4446.70,6,4446.60,7,4446.50,15,4446.40,20,4446.30,17,4446.20,22,4447.30,2,4447.40,5,4447.50,6,4447.60,11,4447.70,7,4447.80,12,4447.90,18,4448.00,21,4448.10,16,4448.20,20,Buy,13,23,36,-10.00,-1.00,-17.00,0.80,50.0,4447.00,4447.40,4446.60,4447.40,44,50,94,-6.00,6.00,-19.00,1.90,94.7,-27,60,2.1667,0.7000,24.00,-255.00,4429.01,2.0951,UP,98.25,0.9567,1.9804
20260810 200221 905,4447.40,1,4447.10,4447.30,0.20,4447.10,2,4447.00,4,4446.90,5,4446.80,7,4446.70,6,4446.60,7,4446.50,15,4446.40,20,4446.30,17,4446.20,22,4447.30,2,4447.40,5,4447.50,6,4447.60,11,4447.70,7,4447.80,12,4447.90,18,4448.00,21,4448.10,16,4448.20,20,Buy,14,23,37,-9.00,-1.00,-17.00,0.80,50.0,4447.00,4447.40,4446.60,4447.40,44,50,94,-6.00,6.00,-19.00,1.90,94.7,-27,60,2.1667,0.8889,25.00,-254.00,4429.01,2.0951,UP,98.25,0.9567,1.9804
20260810 200221 905,4447.40,1,4447.10,4447.30,0.20,4447.10,2,4447.00,4,4446.90,5,4446.80,7,4446.70,6,4446.60,7,4446.50,15,4446.40,20,4446.30,17,4446.20,22,4447.30,2,4447.40,5,4447.50,6,4447.60,11,4447.70,7,4447.80,12,4447.90,18,4448.00,21,4448.10,16,4448.20,20,Buy,15,23,38,-8.00,-1.00,-17.00,0.80,50.0,4447.00,4447.40,4446.60,4447.40,44,50,94,-6.00,6.00,-19.00,1.90,94.7,-27,60,2.1667,1.1250,26.00,-253.00,4429.01,2.0951,UP,98.25,0.9567,1.9804
20260810 200225 907,4446.90,1,4446.80,4446.90,0.10,4446.80,2,4446.70,3,4446.60,5,4446.50,4,4446.40,10,4446.30,7,4446.20,22,4446.10,13,4446.00,18,4445.90,16,4446.90,1,4447.00,2,4447.10,4,4447.20,9,4447.30,7,4447.40,8,4447.50,6,4447.60,21,4447.70,17,4447.80,22,Sell,15,24,39,-9.00,-1.00,-17.00,0.80,12.5,4447.00,4447.40,4446.60,4446.90,44,50,94,-6.00,6.00,-19.00,1.90,94.7,-27,60,2.1667,0.8889,25.00,-254.00,4428.96,2.0793,UP,98.25,0.9567,1.9804
20260810 200226 155,4446.70,1,4446.70,4446.90,0.20,4446.70,3,4446.60,5,4446.50,4,4446.40,10,4446.30,7,4446.20,22,4446.10,13,4446.00,18,4445.90,16,4445.80,15,4446.90,2,4447.00,4,4447.10,4,4447.20,9,4447.30,8,4447.40,8,4447.50,6,4447.60,21,4447.70,17,4447.80,22,Sell,15,25,40,-10.00,-1.00,-17.00,0.80,37.5,4447.00,4447.40,4446.60,4446.70,44,50,94,-6.00,6.00,-19.00,1.90,94.7,-27,60,2.1667,0.7000,24.00,-255.00,4428.95,2.0729,UP,98.25,0.9567,1.9804
20260810 200226 483,4446.90,1,4446.70,4447.00,0.30,4446.70,2,4446.60,5,4446.50,4,4446.40,10,4446.30,7,4446.20,22,4446.10,13,4446.00,18,4445.90,16,4445.80,15,4447.00,3,4447.10,4,4447.20,9,4447.30,7,4447.40,8,4447.50,6,4447.60,21,4447.70,17,4447.80,22,4447.90,18,Buy,16,25,41,-9.00,-1.00,-17.00,0.80,12.5,4447.00,4447.40,4446.60,4446.90,44,50,94,-6.00,6.00,-19.00,1.90,94.7,-27,60,2.1667,0.8889,25.00,-254.00,4428.96,2.0793,UP,98.25,0.9567,1.9804
20260810 200226 483,4447.00,1,4446.70,4447.00,0.30,4446.70,2,4446.60,5,4446.50,4,4446.40,10,4446.30,7,4446.20,22,4446.10,13,4446.00,18,4445.90,16,4445.80,15,4447.00,3,4447.10,4,4447.20,9,4447.30,7,4447.40,8,4447.50,6,4447.60,21,4447.70,17,4447.80,22,4447.90,18,Buy,17,25,42,-8.00,-1.00,-17.00,0.80,0.0,4447.00,4447.40,4446.60,4447.00,44,50,94,-6.00,6.00,-19.00,1.90,94.7,-27,60,2.1667,1.1250,26.00,-253.00,4428.97,2.0824,UP,98.25,0.9567,1.9804
20260810 200229 235,4446.70,1,4446.70,4446.90,0.20,4446.60,5,4446.50,4,4446.40,10,4446.30,6,4446.20,22,4446.10,13,4446.00,18,4445.90,16,4445.80,15,4445.70,12,4446.90,2,4447.00,5,4447.10,5,4447.20,9,4447.30,8,4447.40,8,4447.50,16,4447.60,21,4447.70,17,4447.80,22,Sell,17,26,43,-9.00,-1.00,-17.00,0.80,37.5,4447.00,4447.40,4446.60,4446.70,44,50,94,-6.00,6.00,-19.00,1.90,94.7,-27,60,2.1667,0.8889,25.00,-254.00,4428.95,2.0729,UP,98.25,0.9567,1.9804
20260810 200229 235,4446.70,1,4446.70,4446.90,0.20,4446.60,5,4446.50,4,4446.40,10,4446.30,6,4446.20,22,4446.10,13,4446.00,18,4445.90,16,4445.80,15,4445.70,12,4446.90,2,4447.00,5,4447.10,5,4447.20,9,4447.30,8,4447.40,8,4447.50,16,4447.60,21,4447.70,17,4447.80,22,Sell,17,27,44,-10.00,-1.00,-17.00,0.80,37.5,4447.00,4447.40,4446.60,4446.70,44,50,94,-6.00,6.00,-19.00,1.90,94.7,-27,60,2.1667,0.7000,24.00,-255.00,4428.95,2.0729,UP,98.25,0.9567,1.9804
20260810 200229 235,4446.60,1,4446.70,4446.90,0.20,4446.60,5,4446.50,4,4446.40,10,4446.30,6,4446.20,22,4446.10,13,4446.00,18,4445.90,16,4445.80,15,4445.70,12,4446.90,2,4447.00,5,4447.10,5,4447.20,9,4447.30,8,4447.40,8,4447.50,16,4447.60,21,4447.70,17,4447.80,22,Sell,17,28,45,-11.00,-1.00,-17.00,0.80,50.0,4447.00,4447.40,4446.60,4446.60,44,50,94,-6.00,6.00,-19.00,1.90,94.7,-27,60,2.1667,0.5455,23.00,-256.00,4428.94,2.0697,UP,98.25,0.9567,1.9804
20260810 200232 428,4447.10,1,4447.00,4447.10,0.10,4446.80,3,4446.70,4,4446.60,7,4446.50,5,4446.40,10,4446.30,6,4446.20,22,4446.10,13,4446.00,18,4445.90,16,4447.10,3,4447.20,9,4447.30,7,4447.40,8,4447.50,16,4447.60,21,4447.70,17,4447.80,22,4447.90,18,4448.00,21,Buy,18,28,46,-10.00,-1.00,-17.00,0.80,12.5,4447.00,4447.40,4446.60,4447.10,44,50,94,-6.00,6.00,-19.00,1.90,94.7,-27,60,2.1667,0.7000,24.00,-255.00,4428.98,2.0856,UP,98.25,0.9567,1.9804
20260810 200233 944,4447.30,1,4447.20,4447.50,0.30,4447.20,4,4447.10,3,4447.00,4,4446.90,6,4446.80,7,4446.70,5,4446.60,6,4446.50,15,4446.40,20,4446.30,17,4447.50,4,4447.60,10,4447.70,7,4447.80,22,4447.90,18,4448.00,21,4448.10,16,4448.20,20,4448.30,14,4448.40,19,Buy,19,28,47,-9.00,-1.00,-17.00,0.80,37.5,4447.00,4447.40,4446.60,4447.30,44,50,94,-6.00,6.00,-19.00,1.90,94.7,-27,60,2.1667,0.8889,25.00,-254.00,4429.00,2.0920,UP,98.25,0.9567,1.9804
20260810 200233 944,4447.30,1,4447.20,4447.50,0.30,4447.20,4,4447.10,3,4447.00,4,4446.90,6,4446.80,7,4446.70,5,4446.60,6,4446.50,15,4446.40,20,4446.30,17,4447.50,4,4447.60,10,4447.70,7,4447.80,22,4447.90,18,4448.00,21,4448.10,16,4448.20,20,4448.30,14,4448.40,19,Buy,20,28,48,-8.00,-1.00,-17.00,0.80,37.5,4447.00,4447.40,4446.60,4447.30,44,50,94,-6.00,6.00,-19.00,1.90,94.7,-27,60,2.1667,1.1250,26.00,-253.00,4429.00,2.0920,UP,98.25,0.9567,1.9804
20260810 200240 620,4447.40,1,4447.40,4447.60,0.20,4447.40,1,4447.30,3,4447.20,5,4447.10,4,4447.00,7,4446.90,6,4446.80,7,4446.70,16,4446.60,16,4446.50,15,4447.60,5,4447.70,6,4447.80,12,4447.90,8,4448.00,21,4448.10,16,4448.20,20,4448.30,14,4448.40,17,4448.50,18,Sell,20,29,49,-9.00,-1.00,-17.00,0.80,50.0,4447.00,4447.40,4446.60,4447.40,44,50,94,-6.00,6.00,-19.00,1.90,94.7,-27,60,2.1667,0.8889,25.00,-254.00,4429.01,2.0951,UP,98.25,0.9567,1.9804
20260810 200245 050,4447.30,1,4447.30,4447.50,0.20,4447.30,2,4447.20,5,4447.10,4,4447.00,8,4446.90,6,4446.80,7,4446.70,16,4446.60,16,4446.50,15,4446.40,20,4447.50,2,4447.60,5,4447.70,5,4447.80,12,4447.90,9,4448.00,21,4448.10,16,4448.20,20,4448.30,14,4448.40,17,Sell,20,30,50,-10.00,-1.00,-17.00,0.80,37.5,4447.00,4447.40,4446.60,4447.30,44,50,94,-6.00,6.00,-19.00,1.90,94.7,-27,60,2.1667,0.7000,24.00,-255.00,4429.00,2.0920,UP,98.25,0.9567,1.9804
20260810 200245 050,4447.30,1,4447.30,4447.50,0.20,4447.30,2,4447.20,5,4447.10,4,4447.00,8,4446.90,6,4446.80,7,4446.70,16,4446.60,16,4446.50,15,4446.40,20,4447.50,2,4447.60,5,4447.70,5,4447.80,12,4447.90,9,4448.00,21,4448.10,16,4448.20,20,4448.30,14,4448.40,17,Sell,20,31,51,-11.00,-1.00,-17.00,0.80,37.5,4447.00,4447.40,4446.60,4447.30,44,50,94,-6.00,6.00,-19.00,1.90,94.7,-27,60,2.1667,0.5455,23.00,-256.00,4429.00,2.0920,UP,98.25,0.9567,1.9804
20260810 200245 050,4447.30,1,4447.30,4447.50,0.20,4447.30,2,4447.20,5,4447.10,4,4447.00,8,4446.90,6,4446.80,7,4446.70,16,4446.60,16,4446.50,15,4446.40,20,4447.50,2,4447.60,5,4447.70,5,4447.80,12,4447.90,9,4448.00,21,4448.10,16,4448.20,20,4448.30,14,4448.40,17,Sell,20,32,52,-12.00,-1.00,-17.00,0.80,37.5,4447.00,4447.40,4446.60,4447.30,44,50,94,-6.00,6.00,-19.00,1.90,94.7,-27,60,2.1667,0.4167,22.00,-257.00,4429.00,2.0920,UP,98.25,0.9567,1.9804
20260810 200245 050,4447.20,1,4447.30,4447.50,0.20,4447.30,2,4447.20,5,4447.10,4,4447.00,8,4446.90,6,4446.80,7,4446.70,16,4446.60,16,4446.50,15,4446.40,20,4447.50,2,4447.60,5,4447.70,5,4447.80,12,4447.90,9,4448.00,21,4448.10,16,4448.20,20,4448.30,14,4448.40,17,Sell,20,33,53,-13.00,-1.00,-17.00,0.80,25.0,4447.00,4447.40,4446.60,4447.20,44,50,94,-6.00,6.00,-19.00,1.90,94.7,-27,60,2.1667,0.3077,21.00,-258.00,4428.99,2.0888,UP,98.25,0.9567,1.9804
20260810 200245 050,4447.20,1,4447.30,4447.50,0.20,4447.30,2,4447.20,5,4447.10,4,4447.00,8,4446.90,6,4446.80,7,4446.70,16,4446.60,16,4446.50,15,4446.40,20,4447.50,2,4447.60,5,4447.70,5,4447.80,12,4447.90,9,4448.00,21,4448.10,16,4448.20,20,4448.30,14,4448.40,17,Sell,20,34,54,-14.00,-1.00,-17.00,0.80,25.0,4447.00,4447.40,4446.60,4447.20,44,50,94,-6.00,6.00,-19.00,1.90,94.7,-27,60,2.1667,0.2143,20.00,-259.00,4428.99,2.0888,UP,98.25,0.9567,1.9804
20260810 200245 156,4447.30,1,4447.20,4447.50,0.30,4447.20,3,4447.10,4,4447.00,7,4446.90,6,4446.80,6,4446.70,16,4446.60,16,4446.50,15,4446.40,20,4446.30,17,4447.50,2,4447.60,5,4447.70,5,4447.80,12,4447.90,9,4448.00,21,4448.10,16,4448.20,20,4448.30,14,4448.40,17,Sell,20,35,55,-15.00,-1.00,-17.00,0.80,37.5,4447.00,4447.40,4446.60,4447.30,44,50,94,-6.00,6.00,-19.00,1.90,94.7,-27,60,2.1667,0.1333,19.00,-260.00,4429.00,2.0920,UP,98.25,0.9567,1.9804
20260810 200245 156,4447.30,1,4447.20,4447.50,0.30,4447.20,3,4447.10,4,4447.00,7,4446.90,6,4446.80,6,4446.70,16,4446.60,16,4446.50,15,4446.40,20,4446.30,17,4447.50,2,4447.60,5,4447.70,5,4447.80,12,4447.90,9,4448.00,21,4448.10,16,4448.20,20,4448.30,14,4448.40,17,Sell,20,36,56,-16.00,-1.00,-17.00,0.80,37.5,4447.00,4447.40,4446.60,4447.30,44,50,94,-6.00,6.00,-19.00,1.90,94.7,-27,60,2.1667,0.0625,18.00,-261.00,4429.00,2.0920,UP,98.25,0.9567,1.9804
20260810 200245 156,4447.20,1,4447.20,4447.50,0.30,4447.20,3,4447.10,4,4447.00,7,4446.90,6,4446.80,6,4446.70,16,4446.60,16,4446.50,15,4446.40,20,4446.30,17,4447.50,2,4447.60,5,4447.70,5,4447.80,12,4447.90,9,4448.00,21,4448.10,16,4448.20,20,4448.30,14,4448.40,17,Sell,20,37,57,-17.00,-1.00,-17.00,0.80,25.0,4447.00,4447.40,4446.60,4447.20,44,50,94,-6.00,6.00,-19.00,1.90,94.7,-27,60,2.1667,0.0000,17.00,-262.00,4428.99,2.0888,UP,98.25,0.9567,1.9804
20260810 200245 156,4447.20,2,4447.20,4447.50,0.30,4447.20,3,4447.10,4,4447.00,7,4446.90,6,4446.80,6,4446.70,16,4446.60,16,4446.50,15,4446.40,20,4446.30,17,4447.50,2,4447.60,5,4447.70,5,4447.80,12,4447.90,9,4448.00,21,4448.10,16,4448.20,20,4448.30,14,4448.40,17,Sell,20,39,59,-19.00,-1.00,-19.00,0.80,25.0,4447.00,4447.40,4446.60,4447.20,44,50,94,-6.00,6.00,-19.00,1.90,94.7,-27,60,2.1667,0.0000,15.00,-264.00,4428.99,2.0888,UP,98.25,0.9567,1.9804
20260810 200249 078,4447.30,1,4447.20,4447.50,0.30,4447.20,2,4447.10,4,4447.00,6,4446.90,6,4446.80,6,4446.70,16,4446.60,16,4446.50,15,4446.40,20,4446.30,17,4447.50,4,4447.60,5,4447.70,5,4447.80,13,4447.90,9,4448.00,21,4448.10,16,4448.20,20,4448.30,14,4448.40,17,Sell,20,40,60,-20.00,-1.00,-20.00,0.80,37.5,4447.00,4447.40,4446.60,4447.30,44,50,94,-6.00,6.00,-19.00,1.90,94.7,-27,60,2.1667,0.0000,14.00,-265.00,4429.00,2.0920,UP,98.25,0.9567,1.9804
20260810 200252 998,4447.30,1,4447.20,4447.50,0.30,4447.20,4,4447.10,4,4447.00,6,4446.90,6,4446.80,6,4446.70,6,4446.60,17,4446.50,15,4446.40,20,4446.30,17,4447.50,4,4447.60,8,4447.70,6,4447.80,12,4447.90,9,4448.00,21,4448.10,16,4448.20,20,4448.30,14,4448.40,17,Buy,21,40,61,-19.00,-1.00,-20.00,0.80,37.5,4447.00,4447.40,4446.60,4447.30,44,50,94,-6.00,6.00,-19.00,1.90,94.7,-27,60,2.1667,0.0526,15.00,-264.00,4429.00,2.0920,UP,98.25,0.9567,1.9804
20260810 200256 799,4447.40,1,4447.30,4447.60,0.30,4447.30,3,4447.20,3,4447.10,6,4447.00,6,4446.90,7,4446.80,7,4446.70,16,4446.60,16,4446.50,15,4446.40,20,4447.60,6,4447.70,4,4447.80,11,4447.90,9,4448.00,22,4448.10,16,4448.20,20,4448.30,14,4448.40,17,4448.50,18,Buy,22,40,62,-18.00,-1.00,-20.00,0.80,50.0,4447.00,4447.40,4446.60,4447.40,44,50,94,-6.00,6.00,-19.00,1.90,94.7,-27,60,2.1667,0.1111,16.00,-263.00,4429.01,2.0951,UP,98.25,0.9567,1.9804
20260810 200256 799,4447.40,1,4447.30,4447.60,0.30,4447.30,3,4447.20,3,4447.10,6,4447.00,6,4446.90,7,4446.80,7,4446.70,16,4446.60,16,4446.50,15,4446.40,20,4447.60,6,4447.70,4,4447.80,11,4447.90,9,4448.00,22,4448.10,16,4448.20,20,4448.30,14,4448.40,17,4448.50,18,Buy,23,40,63,-17.00,-1.00,-20.00,0.80,50.0,4447.00,4447.40,4446.60,4447.40,44,50,94,-6.00,6.00,-19.00,1.90,94.7,-27,60,2.1667,0.1765,17.00,-262.00,4429.01,2.0951,UP,98.25,0.9567,1.9804
20260810 200259 786,4447.60,1,4447.50,4447.60,0.10,4447.50,1,4447.40,3,4447.30,4,4447.20,6,4447.10,7,4447.00,7,4446.90,6,4446.80,17,4446.70,16,4446.60,16,4447.60,1,4447.70,3,4447.80,11,4447.90,9,4448.00,11,4448.10,15,4448.20,20,4448.30,14,4448.40,17,4448.50,18,Buy,24,40,64,-16.00,-1.00,-20.00,1.00,60.0,4447.00,4447.60,4446.60,4447.60,44,50,94,-6.00,6.00,-19.00,1.90,94.7,-27,60,2.1667,0.2500,18.00,-261.00,4429.03,2.1015,UP,98.25,0.9567,1.9947
20260810 200304 336,4447.40,1,4447.40,4447.60,0.20,4447.40,3,4447.30,4,4447.20,5,4447.10,6,4447.00,8,4446.90,6,4446.80,17,4446.70,16,4446.60,16,4446.50,16,4447.60,1,4447.70,4,4447.80,9,4447.90,9,4448.00,11,4448.10,5,4448.20,20,4448.30,14,4448.40,17,4448.50,18,Sell,0,1,1,-1.00,-1.00,-1.00,0.00,0.0,4447.40,4447.40,4447.40,4447.40,24,40,64,-16.00,-1.00,-20.00,1.00,60.0,-24,45,0.2500,0.0000,-18.00,-153.00,4429.01,2.0951,UP,97.60,0.6557,1.8665
20260810 200305 419,4447.40,1,4447.40,4447.60,0.20,4447.40,1,4447.30,4,4447.20,5,4447.10,6,4447.00,8,4446.90,6,4446.80,17,4446.70,16,4446.60,17,4446.50,16,4447.60,1,4447.70,4,4447.80,9,4447.90,9,4448.00,12,4448.10,5,4448.20,20,4448.30,14,4448.40,17,4448.50,18,Sell,0,2,2,-2.00,-1.00,-2.00,0.00,0.0,4447.40,4447.40,4447.40,4447.40,24,40,64,-16.00,-1.00,-20.00,1.00,60.0,-24,45,0.2500,0.0000,-19.00,-154.00,4429.01,2.0951,UP,97.60,0.6557,1.8665
20260810 200305 419,4447.40,1,4447.40,4447.60,0.20,4447.40,1,4447.30,4,4447.20,5,4447.10,6,4447.00,8,4446.90,6,4446.80,17,4446.70,16,4446.60,17,4446.50,16,4447.60,1,4447.70,4,4447.80,9,4447.90,9,4448.00,12,4448.10,5,4448.20,20,4448.30,14,4448.40,17,4448.50,18,Sell,0,3,3,-3.00,-1.00,-3.00,0.00,0.0,4447.40,4447.40,4447.40,4447.40,24,40,64,-16.00,-1.00,-20.00,1.00,60.0,-24,45,0.2500,0.0000,-20.00,-155.00,4429.01,2.0951,UP,97.60,0.6557,1.8665
20260810 200307 473,4447.60,1,4447.50,4447.80,0.30,4447.50,2,4447.40,4,4447.30,4,4447.20,6,4447.10,7,4447.00,7,4446.90,6,4446.80,17,4446.70,17,4446.60,17,4447.80,8,4447.90,8,4448.00,12,4448.10,5,4448.20,20,4448.30,15,4448.40,17,4448.50,18,4448.60,21,4448.70,17,Buy,1,3,4,-2.00,-1.00,-3.00,0.20,100.0,4447.40,4447.60,4447.40,4447.60,24,40,64,-16.00,-1.00,-20.00,1.00,60.0,-24,45,0.2500,0.5000,-19.00,-154.00,4429.03,2.1015,UP,97.60,0.6557,1.8665
20260810 200307 473,4447.70,1,4447.50,4447.80,0.30,4447.50,2,4447.40,4,4447.30,4,4447.20,6,4447.10,7,4447.00,7,4446.90,6,4446.80,17,4446.70,17,4446.60,17,4447.80,8,4447.90,8,4448.00,12,4448.10,5,4448.20,20,4448.30,15,4448.40,17,4448.50,18,4448.60,21,4448.70,17,Buy,2,3,5,-1.00,-1.00,-3.00,0.30,100.0,4447.40,4447.70,4447.40,4447.70,24,40,64,-16.00,-1.00,-20.00,1.00,60.0,-24,45,0.2500,2.0000,-18.00,-153.00,4429.04,2.1047,UP,97.60,0.6557,1.8736
20260810 200307 473,4447.70,1,4447.50,4447.80,0.30,4447.50,2,4447.40,4,4447.30,4,4447.20,6,4447.10,7,4447.00,7,4446.90,6,4446.80,17,4446.70,17,4446.60,17,4447.80,8,4447.90,8,4448.00,12,4448.10,5,4448.20,20,4448.30,15,4448.40,17,4448.50,18,4448.60,21,4448.70,17,Buy,3,3,6,0.00,0.00,-3.00,0.30,100.0,4447.40,4447.70,4447.40,4447.70,24,40,64,-16.00,-1.00,-20.00,1.00,60.0,-24,45,0.2500,0.0000,-17.00,-152.00,4429.04,2.1047,UP,97.60,0.6557,1.8736
20260810 200307 473,4447.70,1,4447.50,4447.80,0.30,4447.50,2,4447.40,4,4447.30,4,4447.20,6,4447.10,7,4447.00,7,4446.90,6,4446.80,17,4446.70,17,4446.60,17,4447.80,8,4447.90,8,4448.00,12,4448.10,5,4448.20,20,4448.30,15,4448.40,17,4448.50,18,4448.60,21,4448.70,17,Buy,4,3,7,1.00,1.00,-3.00,0.30,100.0,4447.40,4447.70,4447.40,4447.70,24,40,64,-16.00,-1.00,-20.00,1.00,60.0,-24,45,0.2500,0.0000,-16.00,-151.00,4429.04,2.1047,UP,97.60,0.6557,1.8736
20260810 200309 438,4447.50,1,4447.50,4447.70,0.20,4447.50,1,4447.40,4,4447.30,4,4447.20,6,4447.10,7,4447.00,7,4446.90,6,4446.80,17,4446.70,17,4446.60,17,4447.70,2,4447.80,8,4447.90,8,4448.00,12,4448.10,5,4448.20,20,4448.30,15,4448.40,17,4448.50,18,4448.60,21,Sell,4,4,8,0.00,1.00,-3.00,0.30,33.3,4447.40,4447.70,4447.40,4447.50,24,40,64,-16.00,-1.00,-20.00,1.00,60.0,-24,45,0.2500,1.0000,-17.00,-152.00,4429.02,2.0983,UP,97.60,0.6557,1.8736
20260810 200312 452,4447.60,2,4447.50,4447.70,0.20,4447.50,2,4447.40,4,4447.30,4,4447.20,6,4447.10,6,4447.00,8,4446.90,6,4446.80,17,4446.70,16,4446.60,17,4447.70,1,4447.80,10,4447.90,8,4448.00,12,4448.10,5,4448.20,18,4448.30,15,4448.40,17,4448.50,18,4448.60,21,Buy,6,4,10,2.00,2.00,-3.00,0.30,66.7,4447.40,4447.70,4447.40,4447.60,24,40,64,-16.00,-1.00,-20.00,1.00,60.0,-24,45,0.2500,0.0000,-15.00,-150.00,4429.03,2.1015,UP,97.60,0.6557,1.8736
20260810 200313 069,4447.50,1,4447.40,4447.70,0.30,4447.40,4,4447.30,4,4447.20,5,4447.10,6,4447.00,6,4446.90,6,4446.80,17,4446.70,16,4446.60,17,4446.50,16,4447.70,5,4447.80,10,4447.90,8,4448.00,12,4448.10,5,4448.20,18,4448.30,15,4448.40,17,4448.50,18,4448.60,21,Sell,6,5,11,1.00,2.00,-3.00,0.30,33.3,4447.40,4447.70,4447.40,4447.50,24,40,64,-16.00,-1.00,-20.00,1.00,60.0,-24,45,0.2500,1.0000,-16.00,-151.00,4429.02,2.0983,UP,97.60,0.6557,1.8736
20260810 200313 069,4447.50,1,4447.40,4447.70,0.30,4447.40,4,4447.30,4,4447.20,5,4447.10,6,4447.00,6,4446.90,6,4446.80,17,4446.70,16,4446.60,17,4446.50,16,4447.70,5,4447.80,10,4447.90,8,4448.00,12,4448.10,5,4448.20,18,4448.30,15,4448.40,17,4448.50,18,4448.60,21,Sell,6,6,12,0.00,2.00,-3.00,0.30,33.3,4447.40,4447.70,4447.40,4447.50,24,40,64,-16.00,-1.00,-20.00,1.00,60.0,-24,45,0.2500,2.0000,-17.00,-152.00,4429.02,2.0983,UP,97.60,0.6557,1.8736
20260810 200317 354,4447.40,2,4447.40,4447.60,0.20,4447.30,3,4447.20,3,4447.10,6,4447.00,6,4446.90,7,4446.80,19,4446.70,17,4446.60,17,4446.50,17,4446.40,20,4447.60,5,4447.70,4,4447.80,7,4447.90,8,4448.00,12,4448.10,5,4448.20,18,4448.30,15,4448.40,17,4448.50,18,Sell,6,8,14,-2.00,2.00,-3.00,0.30,0.0,4447.40,4447.70,4447.40,4447.40,24,40,64,-16.00,-1.00,-20.00,1.00,60.0,-24,45,0.2500,0.5000,-19.00,-154.00,4429.01,2.0951,UP,97.60,0.6557,1.8736
20260810 200317 354,4447.40,1,4447.40,4447.60,0.20,4447.30,3,4447.20,3,4447.10,6,4447.00,6,4446.90,7,4446.80,19,4446.70,17,4446.60,17,4446.50,17,4446.40,20,4447.60,5,4447.70,4,4447.80,7,4447.90,8,4448.00,12,4448.10,5,4448.20,18,4448.30,15,4448.40,17,4448.50,18,Sell,6,9,15,-3.00,2.00,-3.00,0.30,0.0,4447.40,4447.70,4447.40,4447.40,24,40,64,-16.00,-1.00,-20.00,1.00,60.0,-24,45,0.2500,0.0000,-20.00,-155.00,4429.01,2.0951,UP,97.60,0.6557,1.8736
20260810 200327 994,4447.30,1,4447.10,4447.30,0.20,4447.10,2,4447.00,4,4446.90,6,4446.80,8,4446.70,7,4446.60,17,4446.50,16,4446.40,21,4446.30,17,4446.20,21,4447.30,3,4447.40,6,4447.50,4,4447.60,11,4447.70,6,4447.80,8,4447.90,9,4448.00,21,4448.10,14,4448.20,16,Buy,7,9,16,-2.00,2.00,-3.00,0.40,25.0,4447.40,4447.70,4447.30,4447.30,24,40,64,-16.00,-1.00,-20.00,1.00,60.0,-24,45,0.2500,0.5000,-19.00,-154.00,4429.00,2.0920,UP,97.60,0.6557,1.8808
20260810 200327 994,4447.30,1,4447.10,4447.30,0.20,4447.10,2,4447.00,4,4446.90,6,4446.80,8,4446.70,7,4446.60,17,4446.50,16,4446.40,21,4446.30,17,4446.20,21,4447.30,3,4447.40,6,4447.50,4,4447.60,11,4447.70,6,4447.80,8,4447.90,9,4448.00,21,4448.10,14,4448.20,16,Buy,8,9,17,-1.00,2.00,-3.00,0.40,25.0,4447.40,4447.70,4447.30,4447.30,24,40,64,-16.00,-1.00,-20.00,1.00,60.0,-24,45,0.2500,2.0000,-18.00,-153.00,4429.00,2.0920,UP,97.60,0.6557,1.8808
20260810 200327 994,4447.30,1,4447.10,4447.30,0.20,4447.10,2,4447.00,4,4446.90,6,4446.80,8,4446.70,7,4446.60,17,4446.50,16,4446.40,21,4446.30,17,4446.20,21,4447.30,3,4447.40,6,4447.50,4,4447.60,11,4447.70,6,4447.80,8,4447.90,9,4448.00,21,4448.10,14,4448.20,16,Buy,9,9,18,0.00,2.00,-3.00,0.40,25.0,4447.40,4447.70,4447.30,4447.30,24,40,64,-16.00,-1.00,-20.00,1.00,60.0,-24,45,0.2500,2.0000,-17.00,-152.00,4429.00,2.0920,UP,97.60,0.6557,1.8808
20260810 200328 710,4447.30,1,4447.20,4447.30,0.10,4447.10,3,4447.00,5,4446.90,6,4446.80,8,4446.70,7,4446.60,17,4446.50,16,4446.40,21,4446.30,17,4446.20,21,4447.30,3,4447.40,6,4447.50,4,4447.60,11,4447.70,5,4447.80,8,4447.90,9,4448.00,21,4448.10,14,4448.20,16,Buy,10,9,19,1.00,2.00,-3.00,0.40,25.0,4447.40,4447.70,4447.30,4447.30,24,40,64,-16.00,-1.00,-20.00,1.00,60.0,-24,45,0.2500,1.0000,-16.00,-151.00,4429.00,2.0920,UP,97.60,0.6557,1.8808
20260810 200328 736,4447.10,2,4446.80,4447.10,0.30,4446.80,4,4446.70,4,4446.60,6,4446.50,4,4446.40,20,4446.30,17,4446.20,21,4446.10,13,4446.00,18,4445.90,16,4447.10,4,4447.20,8,4447.30,6,4447.40,9,4447.50,6,4447.60,9,4447.70,6,4447.80,16,4447.90,17,4448.00,21,Sell,10,11,21,-1.00,2.00,-3.00,0.60,50.0,4447.40,4447.70,4447.10,4447.10,24,40,64,-16.00,-1.00,-20.00,1.00,60.0,-24,45,0.2500,2.0000,-18.00,-153.00,4428.98,2.0856,UP,97.60,0.6557,1.8951
20260810 200328 736,4447.10,1,4446.80,4447.10,0.30,4446.80,4,4446.70,4,4446.60,6,4446.50,4,4446.40,20,4446.30,17,4446.20,21,4446.10,13,4446.00,18,4445.90,16,4447.10,4,4447.20,8,4447.30,6,4447.40,9,4447.50,6,4447.60,9,4447.70,6,4447.80,16,4447.90,17,4448.00,21,Sell,10,12,22,-2.00,2.00,-3.00,0.60,50.0,4447.40,4447.70,4447.10,4447.10,24,40,64,-16.00,-1.00,-20.00,1.00,60.0,-24,45,0.2500,0.5000,-19.00,-154.00,4428.98,2.0856,UP,97.60,0.6557,1.8951
20260810 200334 156,4447.10,1,4447.00,4447.20,0.20,4447.00,1,4446.90,2,4446.80,5,4446.70,5,4446.60,7,4446.50,5,4446.40,21,4446.30,17,4446.20,21,4446.10,13,4447.20,6,4447.30,5,4447.40,8,4447.50,6,4447.60,9,4447.70,6,4447.80,17,4447.90,17,4448.00,21,4448.10,14,Buy,11,12,23,-1.00,2.00,-3.00,0.60,50.0,4447.40,4447.70,4447.10,4447.10,24,40,64,-16.00,-1.00,-20.00,1.00,60.0,-24,45,0.2500,2.0000,-18.00,-153.00,4428.98,2.0856,UP,97.60,0.6557,1.8951
20260810 200334 156,4447.10,1,4447.00,4447.20,0.20,4447.00,1,4446.90,2,4446.80,5,4446.70,5,4446.60,7,4446.50,5,4446.40,21,4446.30,17,4446.20,21,4446.10,13,4447.20,6,4447.30,5,4447.40,8,4447.50,6,4447.60,9,4447.70,6,4447.80,17,4447.90,17,4448.00,21,4448.10,14,Buy,12,12,24,0.00,2.00,-3.00,0.60,50.0,4447.40,4447.70,4447.10,4447.10,24,40,64,-16.00,-1.00,-20.00,1.00,60.0,-24,45,0.2500,2.0000,-17.00,-152.00,4428.98,2.0856,UP,97.60,0.6557,1.8951
20260810 200334 296,4447.00,1,4447.00,4447.20,0.20,4447.00,3,4446.90,4,4446.80,5,4446.70,6,4446.60,8,4446.50,5,4446.40,21,4446.30,17,4446.20,21,4446.10,13,4447.20,3,4447.30,4,4447.40,8,4447.50,6,4447.60,9,4447.70,6,4447.80,17,4447.90,17,4448.00,21,4448.10,14,Sell,12,13,25,-1.00,2.00,-3.00,0.70,57.1,4447.40,4447.70,4447.00,4447.00,24,40,64,-16.00,-1.00,-20.00,1.00,60.0,-24,45,0.2500,2.0000,-18.00,-153.00,4428.97,2.0824,UP,97.60,0.6557,1.9022
20260810 200334 296,4447.00,1,4447.00,4447.20,0.20,4447.00,3,4446.90,4,4446.80,5,4446.70,6,4446.60,8,4446.50,5,4446.40,21,4446.30,17,4446.20,21,4446.10,13,4447.20,3,4447.30,4,4447.40,8,4447.50,6,4447.60,9,4447.70,6,4447.80,17,4447.90,17,4448.00,21,4448.10,14,Sell,12,14,26,-2.00,2.00,-3.00,0.70,57.1,4447.40,4447.70,4447.00,4447.00,24,40,64,-16.00,-1.00,-20.00,1.00,60.0,-24,45,0.2500,0.5000,-19.00,-154.00,4428.97,2.0824,UP,97.60,0.6557,1.9022
20260810 200335 438,4447.00,1,4447.00,4447.20,0.20,4447.00,1,4446.90,4,4446.80,5,4446.70,6,4446.60,8,4446.50,5,4446.40,21,4446.30,17,4446.20,21,4446.10,13,4447.20,3,4447.30,4,4447.40,8,4447.50,6,4447.60,9,4447.70,6,4447.80,17,4447.90,17,4448.00,21,4448.10,14,Sell,12,15,27,-3.00,2.00,-3.00,0.70,57.1,4447.40,4447.70,4447.00,4447.00,24,40,64,-16.00,-1.00,-20.00,1.00,60.0,-24,45,0.2500,0.0000,-20.00,-155.00,4428.97,2.0824,UP,97.60,0.6557,1.9022
20260810 200336 976,4447.10,1,4447.10,4447.40,0.30,4447.10,1,4447.00,6,4446.90,5,4446.80,8,4446.70,6,4446.60,7,4446.50,6,4446.40,21,4446.30,17,4446.20,21,4447.40,7,4447.50,6,4447.60,9,4447.70,6,4447.80,17,4447.90,17,4448.00,21,4448.10,14,4448.20,16,4448.30,12,Sell,12,16,28,-4.00,2.00,-4.00,0.70,42.9,4447.40,4447.70,4447.00,4447.10,24,40,64,-16.00,-1.00,-20.00,1.00,60.0,-24,45,0.2500,0.0000,-21.00,-156.00,4428.98,2.0856,UP,97.60,0.6557,1.9022
20260810 200340 335,4447.10,1,4447.10,4447.40,0.30,4447.10,2,4447.00,6,4446.90,6,4446.80,7,4446.70,6,4446.60,7,4446.50,16,4446.40,21,4446.30,17,4446.20,21,4447.40,5,4447.50,6,4447.60,9,4447.70,6,4447.80,16,4447.90,19,4448.00,21,4448.10,14,4448.20,16,4448.30,12,Sell,12,17,29,-5.00,2.00,-5.00,0.70,42.9,4447.40,4447.70,4447.00,4447.10,24,40,64,-16.00,-1.00,-20.00,1.00,60.0,-24,45,0.2500,0.0000,-22.00,-157.00,4428.98,2.0856,UP,97.60,0.6557,1.9022
20260810 200344 240,4447.30,1,4447.20,4447.40,0.20,4447.20,1,4447.10,4,4447.00,7,4446.90,6,4446.80,8,4446.70,6,4446.60,7,4446.50,16,4446.40,21,4446.30,17,4447.40,4,4447.50,6,4447.60,9,4447.70,6,4447.80,16,4447.90,19,4448.00,21,4448.10,14,4448.20,16,4448.30,12,Buy,13,17,30,-4.00,2.00,-5.00,0.70,14.3,4447.40,4447.70,4447.00,4447.30,24,40,64,-16.00,-1.00,-20.00,1.00,60.0,-24,45,0.2500,0.2500,-21.00,-156.00,4429.00,2.0920,UP,97.60,0.6557,1.9022
