Timestamp,Last,Volume,Bid,Ask,Spread,BidPrice1,BidQty1,BidPrice2,BidQty2,BidPrice3,BidQty3,BidPrice4,BidQty4,BidPrice5,BidQty5,BidPrice6,BidQty6,BidPrice7,BidQty7,BidPrice8,BidQty8,BidPrice9,BidQty9,BidPrice10,BidQty10,AskPrice1,AskQty1,AskPrice2,AskQty2,AskPrice3,AskQty3,AskPrice4,AskQty4,AskPrice5,AskQty5,AskPrice6,AskQty6,AskPrice7,AskQty7,AskPrice8,AskQty8,AskPrice9,AskQty9,AskPrice10,AskQty10,Aggressor,CurBarBuyVol,CurBarSellVol,CurBarTotalVol,CurBarDelta,CurBarMaxSeen,CurBarMinSeen,CurBarRange,CurBarBodyPct,CurBarOpen,CurBarHigh,CurBarLow,CurBarClose,PrevBarBuyVol,PrevBarSellVol,PrevBarTotalVol,PrevBarDelta,PrevBarMaxSeen,PrevBarMinSeen,PrevBarRange,PrevBarBodyPct,PrevBar30sAggDelta,PrevBar30sTradeCount,PrevBarAbsorbRatio,IntraAbsorbRatio,CumDelta5Bars,CumDelta10Bars,HTFEmaValue,HTFEmaSlope,HTFEmaDir,H2_HourlyVolBaseline,H2_PrevBarVolMultiple,ATRValue
20261006 195200 928,4195.10,1,4195.00,4195.20,0.20,4195.00,1,4194.90,11,4194.80,9,4194.70,9,4194.60,9,4194.50,11,4194.40,8,4194.30,16,4194.20,14,4194.10,12,4195.20,6,4195.30,8,4195.40,8,4195.50,11,4195.60,19,4195.70,19,4195.80,21,4195.90,19,4196.00,19,4196.10,28,Buy,2,3,5,-1.00,-1.00,-3.00,0.30,100.0,4194.80,4195.10,4194.80,4195.10,85,59,144,26.00,42.00,-5.00,1.30,15.4,42,198,0.6154,2.0000,-75.00,60.00,4194.39,0.3215,UP,123.20,1.1688,1.0993
20261006 195201 786,4195.00,1,4195.00,4195.20,0.20,4195.00,2,4194.90,11,4194.80,10,4194.70,9,4194.60,9,4194.50,11,4194.40,14,4194.30,15,4194.20,14,4194.10,12,4195.20,6,4195.30,7,4195.40,8,4195.50,12,4195.60,9,4195.70,19,4195.80,21,4195.90,19,4196.00,19,4196.10,28,Sell,2,4,6,-2.00,-1.00,-3.00,0.30,66.7,4194.80,4195.10,4194.80,4195.00,85,59,144,26.00,42.00,-5.00,1.30,15.4,42,198,0.6154,0.5000,-76.00,59.00,4194.38,0.3184,UP,123.20,1.1688,1.0993
20261006 195204 513,4195.10,1,4195.00,4195.20,0.20,4195.00,6,4194.90,13,4194.80,9,4194.70,11,4194.60,9,4194.50,11,4194.40,14,4194.30,15,4194.20,14,4194.10,12,4195.20,3,4195.30,6,4195.40,5,4195.50,11,4195.60,10,4195.70,19,4195.80,21,4195.90,19,4196.00,19,4196.10,28,Sell,2,5,7,-3.00,-1.00,-3.00,0.30,100.0,4194.80,4195.10,4194.80,4195.10,85,59,144,26.00,42.00,-5.00,1.30,15.4,42,198,0.6154,0.0000,-77.00,58.00,4194.39,0.3215,UP,123.20,1.1688,1.0993
20261006 195207 025,4195.00,1,4195.00,4195.20,0.20,4195.00,2,4194.90,13,4194.80,9,4194.70,11,4194.60,9,4194.50,11,4194.40,14,4194.30,15,4194.20,14,4194.10,12,4195.20,6,4195.30,6,4195.40,7,4195.50,11,4195.60,9,4195.70,19,4195.80,21,4195.90,19,4196.00,19,4196.10,28,Sell,2,6,8,-4.00,-1.00,-4.00,0.30,66.7,4194.80,4195.10,4194.80,4195.00,85,59,144,26.00,42.00,-5.00,1.30,15.4,42,198,0.6154,0.0000,-78.00,57.00,4194.38,0.3184,UP,123.20,1.1688,1.0993
20261006 195207 256,4195.00,1,4195.00,4195.20,0.20,4195.00,3,4194.90,9,4194.80,11,4194.70,11,4194.60,9,4194.50,11,4194.40,14,4194.30,15,4194.20,14,4194.10,12,4195.20,7,4195.30,6,4195.40,7,4195.50,11,4195.60,9,4195.70,19,4195.80,21,4195.90,19,4196.00,19,4196.10,28,Sell,2,7,9,-5.00,-1.00,-5.00,0.30,66.7,4194.80,4195.10,4194.80,4195.00,85,59,144,26.00,42.00,-5.00,1.30,15.4,42,198,0.6154,0.0000,-79.00,56.00,4194.38,0.3184,UP,123.20,1.1688,1.0993
20261006 195207 256,4195.00,1,4195.00,4195.20,0.20,4195.00,3,4194.90,9,4194.80,11,4194.70,11,4194.60,9,4194.50,11,4194.40,14,4194.30,15,4194.20,14,4194.10,12,4195.20,7,4195.30,6,4195.40,7,4195.50,11,4195.60,9,4195.70,19,4195.80,21,4195.90,19,4196.00,19,4196.10,28,Sell,2,8,10,-6.00,-1.00,-6.00,0.30,66.7,4194.80,4195.10,4194.80,4195.00,85,59,144,26.00,42.00,-5.00,1.30,15.4,42,198,0.6154,0.0000,-80.00,55.00,4194.38,0.3184,UP,123.20,1.1688,1.0993
20261006 195208 805,4195.20,1,4195.00,4195.20,0.20,4195.00,8,4194.90,9,4194.80,9,4194.70,11,4194.60,9,4194.50,11,4194.40,14,4194.30,15,4194.20,14,4194.10,12,4195.20,2,4195.30,6,4195.40,7,4195.50,11,4195.60,9,4195.70,19,4195.80,21,4195.90,19,4196.00,19,4196.10,28,Buy,3,8,11,-5.00,-1.00,-6.00,0.40,100.0,4194.80,4195.20,4194.80,4195.20,85,59,144,26.00,42.00,-5.00,1.30,15.4,42,198,0.6154,0.2000,-79.00,56.00,4194.40,0.3247,UP,123.20,1.1688,1.1064
20261006 195208 805,4195.20,1,4195.00,4195.20,0.20,4195.00,8,4194.90,9,4194.80,9,4194.70,11,4194.60,9,4194.50,11,4194.40,14,4194.30,15,4194.20,14,4194.10,12,4195.20,2,4195.30,6,4195.40,7,4195.50,11,4195.60,9,4195.70,19,4195.80,21,4195.90,19,4196.00,19,4196.10,28,Buy,4,8,12,-4.00,-1.00,-6.00,0.40,100.0,4194.80,4195.20,4194.80,4195.20,85,59,144,26.00,42.00,-5.00,1.30,15.4,42,198,0.6154,0.5000,-78.00,57.00,4194.40,0.3247,UP,123.20,1.1688,1.1064
20261006 195210 683,4195.20,1,4195.10,4195.20,0.10,4195.10,4,4195.00,10,4194.90,10,4194.80,10,4194.70,11,4194.60,9,4194.50,17,4194.40,14,4194.30,15,4194.20,14,4195.30,4,4195.40,7,4195.50,10,4195.60,9,4195.70,10,4195.80,21,4195.90,19,4196.00,19,4196.10,28,4196.20,19,Buy,5,8,13,-3.00,-1.00,-6.00,0.40,100.0,4194.80,4195.20,4194.80,4195.20,85,59,144,26.00,42.00,-5.00,1.30,15.4,42,198,0.6154,1.0000,-77.00,58.00,4194.40,0.3247,UP,123.20,1.1688,1.1064
20261006 195212 241,4195.30,1,4195.10,4195.30,0.20,4195.10,4,4195.00,10,4194.90,10,4194.80,10,4194.70,11,4194.60,9,4194.50,17,4194.40,14,4194.30,15,4194.20,14,4195.30,1,4195.40,7,4195.50,10,4195.60,9,4195.70,10,4195.80,21,4195.90,19,4196.00,19,4196.10,28,4196.20,19,Buy,6,8,14,-2.00,-1.00,-6.00,0.50,100.0,4194.80,4195.30,4194.80,4195.30,85,59,144,26.00,42.00,-5.00,1.30,15.4,42,198,0.6154,2.0000,-76.00,59.00,4194.41,0.3279,UP,123.20,1.1688,1.1136
20261006 195212 965,4195.30,1,4195.10,4195.30,0.20,4195.10,3,4195.00,10,4194.90,10,4194.80,10,4194.70,11,4194.60,9,4194.50,17,4194.40,14,4194.30,15,4194.20,14,4195.30,3,4195.40,8,4195.50,10,4195.60,9,4195.70,10,4195.80,21,4195.90,19,4196.00,19,4196.10,28,4196.20,19,Buy,7,8,15,-1.00,-1.00,-6.00,0.50,100.0,4194.80,4195.30,4194.80,4195.30,85,59,144,26.00,42.00,-5.00,1.30,15.4,42,198,0.6154,5.0000,-75.00,60.00,4194.41,0.3279,UP,123.20,1.1688,1.1136
20261006 195213 607,4195.30,1,4195.20,4195.40,0.20,4195.20,6,4195.10,10,4195.00,9,4194.90,10,4194.80,9,4194.70,11,4194.60,9,4194.50,17,4194.40,14,4194.30,15,4195.40,2,4195.50,8,4195.60,9,4195.70,10,4195.80,11,4195.90,19,4196.00,19,4196.10,28,4196.20,19,4196.30,18,Buy,8,8,16,0.00,0.00,-6.00,0.50,100.0,4194.80,4195.30,4194.80,4195.30,85,59,144,26.00,42.00,-5.00,1.30,15.4,42,198,0.6154,0.0000,-74.00,61.00,4194.41,0.3279,UP,123.20,1.1688,1.1136
20261006 195213 607,4195.30,1,4195.20,4195.40,0.20,4195.20,6,4195.10,10,4195.00,9,4194.90,10,4194.80,9,4194.70,11,4194.60,9,4194.50,17,4194.40,14,4194.30,15,4195.40,2,4195.50,8,4195.60,9,4195.70,10,4195.80,11,4195.90,19,4196.00,19,4196.10,28,4196.20,19,4196.30,18,Buy,9,8,17,1.00,1.00,-6.00,0.50,100.0,4194.80,4195.30,4194.80,4195.30,85,59,144,26.00,42.00,-5.00,1.30,15.4,42,198,0.6154,0.0000,-73.00,62.00,4194.41,0.3279,UP,123.20,1.1688,1.1136
20261006 195213 607,4195.30,1,4195.20,4195.40,0.20,4195.20,6,4195.10,10,4195.00,9,4194.90,10,4194.80,9,4194.70,11,4194.60,9,4194.50,17,4194.40,14,4194.30,15,4195.40,2,4195.50,8,4195.60,9,4195.70,10,4195.80,11,4195.90,19,4196.00,19,4196.10,28,4196.20,19,4196.30,18,Buy,10,8,18,2.00,2.00,-6.00,0.50,100.0,4194.80,4195.30,4194.80,4195.30,85,59,144,26.00,42.00,-5.00,1.30,15.4,42,198,0.6154,0.0000,-72.00,63.00,4194.41,0.3279,UP,123.20,1.1688,1.1136
20261006 195221 706,4195.20,1,4195.20,4195.40,0.20,4195.10,8,4195.00,11,4194.90,11,4194.80,9,4194.70,11,4194.60,15,4194.50,19,4194.40,14,4194.30,15,4194.20,14,4195.40,6,4195.50,8,4195.60,9,4195.70,10,4195.80,11,4195.90,10,4196.00,19,4196.10,28,4196.20,19,4196.30,18,Sell,10,9,19,1.00,2.00,-6.00,0.50,80.0,4194.80,4195.30,4194.80,4195.20,85,59,144,26.00,42.00,-5.00,1.30,15.4,42,198,0.6154,1.0000,-73.00,62.00,4194.40,0.3247,UP,123.20,1.1688,1.1136
20261006 195221 706,4195.20,1,4195.20,4195.40,0.20,4195.10,8,4195.00,11,4194.90,11,4194.80,9,4194.70,11,4194.60,15,4194.50,19,4194.40,14,4194.30,15,4194.20,14,4195.40,6,4195.50,8,4195.60,9,4195.70,10,4195.80,11,4195.90,10,4196.00,19,4196.10,28,4196.20,19,4196.30,18,Sell,10,10,20,0.00,2.00,-6.00,0.50,80.0,4194.80,4195.30,4194.80,4195.20,85,59,144,26.00,42.00,-5.00,1.30,15.4,42,198,0.6154,2.0000,-74.00,61.00,4194.40,0.3247,UP,123.20,1.1688,1.1136
20261006 195222 579,4195.30,1,4195.20,4195.30,0.10,4195.20,1,4195.10,8,4195.00,9,4194.90,10,4194.80,9,4194.70,11,4194.60,9,4194.50,19,4194.40,14,4194.30,15,4195.40,6,4195.50,8,4195.60,10,4195.70,10,4195.80,11,4195.90,20,4196.00,19,4196.10,28,4196.20,19,4196.30,18,Buy,11,10,21,1.00,2.00,-6.00,0.50,100.0,4194.80,4195.30,4194.80,4195.30,85,59,144,26.00,42.00,-5.00,1.30,15.4,42,198,0.6154,1.0000,-73.00,62.00,4194.41,0.3279,UP,123.20,1.1688,1.1136
20261006 195223 062,4195.30,1,4195.20,4195.40,0.20,4195.20,9,4195.10,10,4195.00,8,4194.90,10,4194.80,9,4194.70,11,4194.60,17,4194.50,19,4194.40,14,4194.30,15,4195.40,3,4195.50,7,4195.60,9,4195.70,10,4195.80,11,4195.90,20,4196.00,19,4196.10,28,4196.20,19,4196.30,18,Buy,12,10,22,2.00,2.00,-6.00,0.50,100.0,4194.80,4195.30,4194.80,4195.30,85,59,144,26.00,42.00,-5.00,1.30,15.4,42,198,0.6154,0.0000,-72.00,63.00,4194.41,0.3279,UP,123.20,1.1688,1.1136
20261006 195223 062,4195.40,1,4195.20,4195.40,0.20,4195.20,9,4195.10,10,4195.00,8,4194.90,10,4194.80,9,4194.70,11,4194.60,17,4194.50,19,4194.40,14,4194.30,15,4195.40,3,4195.50,7,4195.60,9,4195.70,10,4195.80,11,4195.90,20,4196.00,19,4196.10,28,4196.20,19,4196.30,18,Buy,13,10,23,3.00,3.00,-6.00,0.60,100.0,4194.80,4195.40,4194.80,4195.40,85,59,144,26.00,42.00,-5.00,1.30,15.4,42,198,0.6154,0.0000,-71.00,64.00,4194.42,0.3311,UP,123.20,1.1688,1.1207
20261006 195223 435,4195.30,1,4195.20,4195.40,0.20,4195.20,5,4195.10,10,4195.00,8,4194.90,10,4194.80,9,4194.70,18,4194.60,17,4194.50,19,4194.40,14,4194.30,15,4195.40,3,4195.50,7,4195.60,8,4195.70,10,4195.80,12,4195.90,20,4196.00,19,4196.10,28,4196.20,19,4196.30,18,Sell,13,11,24,2.00,3.00,-6.00,0.60,83.3,4194.80,4195.40,4194.80,4195.30,85,59,144,26.00,42.00,-5.00,1.30,15.4,42,198,0.6154,0.5000,-72.00,63.00,4194.41,0.3279,UP,123.20,1.1688,1.1207
20261006 195223 435,4195.20,1,4195.20,4195.40,0.20,4195.20,5,4195.10,10,4195.00,8,4194.90,10,4194.80,9,4194.70,18,4194.60,17,4194.50,19,4194.40,14,4194.30,15,4195.40,3,4195.50,7,4195.60,8,4195.70,10,4195.80,12,4195.90,20,4196.00,19,4196.10,28,4196.20,19,4196.30,18,Sell,13,12,25,1.00,3.00,-6.00,0.60,66.7,4194.80,4195.40,4194.80,4195.20,85,59,144,26.00,42.00,-5.00,1.30,15.4,42,198,0.6154,2.0000,-73.00,62.00,4194.40,0.3247,UP,123.20,1.1688,1.1207
20261006 195223 435,4195.20,1,4195.20,4195.40,0.20,4195.20,5,4195.10,10,4195.00,8,4194.90,10,4194.80,9,4194.70,18,4194.60,17,4194.50,19,4194.40,14,4194.30,15,4195.40,3,4195.50,7,4195.60,8,4195.70,10,4195.80,12,4195.90,20,4196.00,19,4196.10,28,4196.20,19,4196.30,18,Sell,13,13,26,0.00,3.00,-6.00,0.60,66.7,4194.80,4195.40,4194.80,4195.20,85,59,144,26.00,42.00,-5.00,1.30,15.4,42,198,0.6154,3.0000,-74.00,61.00,4194.40,0.3247,UP,123.20,1.1688,1.1207
20261006 195223 435,4195.20,1,4195.20,4195.40,0.20,4195.20,5,4195.10,10,4195.00,8,4194.90,10,4194.80,9,4194.70,18,4194.60,17,4194.50,19,4194.40,14,4194.30,15,4195.40,3,4195.50,7,4195.60,8,4195.70,10,4195.80,12,4195.90,20,4196.00,19,4196.10,28,4196.20,19,4196.30,18,Sell,13,14,27,-1.00,3.00,-6.00,0.60,66.7,4194.80,4195.40,4194.80,4195.20,85,59,144,26.00,42.00,-5.00,1.30,15.4,42,198,0.6154,5.0000,-75.00,60.00,4194.40,0.3247,UP,123.20,1.1688,1.1207
20261006 195223 435,4195.20,1,4195.20,4195.40,0.20,4195.20,5,4195.10,10,4195.00,8,4194.90,10,4194.80,9,4194.70,18,4194.60,17,4194.50,19,4194.40,14,4194.30,15,4195.40,3,4195.50,7,4195.60,8,4195.70,10,4195.80,12,4195.90,20,4196.00,19,4196.10,28,4196.20,19,4196.30,18,Sell,13,15,28,-2.00,3.00,-6.00,0.60,66.7,4194.80,4195.40,4194.80,4195.20,85,59,144,26.00,42.00,-5.00,1.30,15.4,42,198,0.6154,2.0000,-76.00,59.00,4194.40,0.3247,UP,123.20,1.1688,1.1207
20261006 195223 435,4195.20,2,4195.20,4195.40,0.20,4195.20,5,4195.10,10,4195.00,8,4194.90,10,4194.80,9,4194.70,18,4194.60,17,4194.50,19,4194.40,14,4194.30,15,4195.40,3,4195.50,7,4195.60,8,4195.70,10,4195.80,12,4195.90,20,4196.00,19,4196.10,28,4196.20,19,4196.30,18,Sell,13,17,30,-4.00,3.00,-6.00,0.60,66.7,4194.80,4195.40,4194.80,4195.20,85,59,144,26.00,42.00,-5.00,1.30,15.4,42,198,0.6154,0.5000,-78.00,57.00,4194.40,0.3247,UP,123.20,1.1688,1.1207
20261006 195224 219,4195.20,1,4195.20,4195.40,0.20,4195.20,2,4195.10,11,4195.00,9,4194.90,10,4194.80,9,4194.70,18,4194.60,17,4194.50,19,4194.40,14,4194.30,15,4195.40,4,4195.50,7,4195.60,8,4195.70,10,4195.80,12,4195.90,20,4196.00,19,4196.10,28,4196.20,19,4196.30,18,Sell,13,18,31,-5.00,3.00,-6.00,0.60,66.7,4194.80,4195.40,4194.80,4195.20,85,59,144,26.00,42.00,-5.00,1.30,15.4,42,198,0.6154,0.2000,-79.00,56.00,4194.40,0.3247,UP,123.20,1.1688,1.1207
20261006 195224 219,4195.20,2,4195.20,4195.40,0.20,4195.20,2,4195.10,11,4195.00,9,4194.90,10,4194.80,9,4194.70,18,4194.60,17,4194.50,19,4194.40,14,4194.30,15,4195.40,4,4195.50,7,4195.60,8,4195.70,10,4195.80,12,4195.90,20,4196.00,19,4196.10,28,4196.20,19,4196.30,18,Sell,13,20,33,-7.00,3.00,-7.00,0.60,66.7,4194.80,4195.40,4194.80,4195.20,85,59,144,26.00,42.00,-5.00,1.30,15.4,42,198,0.6154,0.0000,-81.00,54.00,4194.40,0.3247,UP,123.20,1.1688,1.1207
20261006 195226 332,4195.40,1,4195.30,4195.50,0.20,4195.30,5,4195.20,10,4195.10,10,4195.00,9,4194.90,10,4194.80,9,4194.70,18,4194.60,17,4194.50,19,4194.40,14,4195.50,2,4195.60,7,4195.70,9,4195.80,12,4195.90,10,4196.00,19,4196.10,28,4196.20,19,4196.30,18,4196.40,17,Buy,14,20,34,-6.00,3.00,-7.00,0.60,100.0,4194.80,4195.40,4194.80,4195.40,85,59,144,26.00,42.00,-5.00,1.30,15.4,42,198,0.6154,0.1667,-80.00,55.00,4194.42,0.3311,UP,123.20,1.1688,1.1207
20261006 195227 582,4195.70,1,4195.50,4195.70,0.20,4195.60,2,4195.50,9,4195.40,8,4195.30,6,4195.20,10,4195.10,8,4195.00,8,4194.90,20,4194.80,19,4194.70,26,4195.80,8,4195.90,10,4196.00,9,4196.10,18,4196.20,19,4196.30,18,4196.40,17,4196.50,19,4196.60,20,4196.70,20,Buy,15,20,35,-5.00,3.00,-7.00,0.90,100.0,4194.80,4195.70,4194.80,4195.70,85,59,144,26.00,42.00,-5.00,1.30,15.4,42,198,0.6154,0.4000,-79.00,56.00,4194.45,0.3406,UP,123.20,1.1688,1.1422
20261006 195227 582,4195.70,1,4195.50,4195.70,0.20,4195.60,2,4195.50,9,4195.40,8,4195.30,6,4195.20,10,4195.10,8,4195.00,8,4194.90,20,4194.80,19,4194.70,26,4195.80,8,4195.90,10,4196.00,9,4196.10,18,4196.20,19,4196.30,18,4196.40,17,4196.50,19,4196.60,20,4196.70,20,Buy,16,20,36,-4.00,3.00,-7.00,0.90,100.0,4194.80,4195.70,4194.80,4195.70,85,59,144,26.00,42.00,-5.00,1.30,15.4,42,198,0.6154,0.7500,-78.00,57.00,4194.45,0.3406,UP,123.20,1.1688,1.1422
20261006 195227 582,4195.70,1,4195.50,4195.70,0.20,4195.60,2,4195.50,9,4195.40,8,4195.30,6,4195.20,10,4195.10,8,4195.00,8,4194.90,20,4194.80,19,4194.70,26,4195.80,8,4195.90,10,4196.00,9,4196.10,18,4196.20,19,4196.30,18,4196.40,17,4196.50,19,4196.60,20,4196.70,20,Buy,17,20,37,-3.00,3.00,-7.00,0.90,100.0,4194.80,4195.70,4194.80,4195.70,85,59,144,26.00,42.00,-5.00,1.30,15.4,42,198,0.6154,1.3333,-77.00,58.00,4194.45,0.3406,UP,123.20,1.1688,1.1422
20261006 195228 131,4195.70,1,4195.50,4195.70,0.20,4195.50,2,4195.40,9,4195.30,6,4195.20,10,4195.10,8,4195.00,8,4194.90,20,4194.80,19,4194.70,26,4194.60,17,4195.70,6,4195.80,8,4195.90,10,4196.00,10,4196.10,18,4196.20,19,4196.30,18,4196.40,17,4196.50,19,4196.60,20,Buy,18,20,38,-2.00,3.00,-7.00,0.90,100.0,4194.80,4195.70,4194.80,4195.70,85,59,144,26.00,42.00,-5.00,1.30,15.4,42,198,0.6154,2.5000,-76.00,59.00,4194.45,0.3406,UP,123.20,1.1688,1.1422
20261006 195228 131,4195.70,1,4195.50,4195.70,0.20,4195.50,2,4195.40,9,4195.30,6,4195.20,10,4195.10,8,4195.00,8,4194.90,20,4194.80,19,4194.70,26,4194.60,17,4195.70,6,4195.80,8,4195.90,10,4196.00,10,4196.10,18,4196.20,19,4196.30,18,4196.40,17,4196.50,19,4196.60,20,Buy,19,20,39,-1.00,3.00,-7.00,0.90,100.0,4194.80,4195.70,4194.80,4195.70,85,59,144,26.00,42.00,-5.00,1.30,15.4,42,198,0.6154,6.0000,-75.00,60.00,4194.45,0.3406,UP,123.20,1.1688,1.1422
20261006 195228 131,4195.70,1,4195.50,4195.70,0.20,4195.50,2,4195.40,9,4195.30,6,4195.20,10,4195.10,8,4195.00,8,4194.90,20,4194.80,19,4194.70,26,4194.60,17,4195.70,6,4195.80,8,4195.90,10,4196.00,10,4196.10,18,4196.20,19,4196.30,18,4196.40,17,4196.50,19,4196.60,20,Buy,20,20,40,0.00,3.00,-7.00,0.90,100.0,4194.80,4195.70,4194.80,4195.70,85,59,144,26.00,42.00,-5.00,1.30,15.4,42,198,0.6154,3.0000,-74.00,61.00,4194.45,0.3406,UP,123.20,1.1688,1.1422
20261006 195228 255,4195.70,1,4195.50,4195.70,0.20,4195.50,2,4195.40,9,4195.30,7,4195.20,10,4195.10,8,4195.00,8,4194.90,20,4194.80,19,4194.70,26,4194.60,17,4195.70,5,4195.80,8,4195.90,10,4196.00,10,4196.10,18,4196.20,19,4196.30,18,4196.40,17,4196.50,19,4196.60,20,Buy,21,20,41,1.00,3.00,-7.00,0.90,100.0,4194.80,4195.70,4194.80,4195.70,85,59,144,26.00,42.00,-5.00,1.30,15.4,42,198,0.6154,2.0000,-73.00,62.00,4194.45,0.3406,UP,123.20,1.1688,1.1422
20261006 195230 004,4195.70,1,4195.50,4195.70,0.20,4195.50,2,4195.40,9,4195.30,7,4195.20,10,4195.10,8,4195.00,8,4194.90,20,4194.80,19,4194.70,26,4194.60,17,4195.70,6,4195.80,8,4195.90,10,4196.00,10,4196.10,18,4196.20,19,4196.30,18,4196.40,17,4196.50,19,4196.60,20,Buy,22,20,42,2.00,3.00,-7.00,0.90,100.0,4194.80,4195.70,4194.80,4195.70,85,59,144,26.00,42.00,-5.00,1.30,15.4,42,198,0.6154,0.5000,-72.00,63.00,4194.45,0.3406,UP,123.20,1.1688,1.1422
20261006 195231 909,4195.50,1,4195.40,4195.50,0.10,4195.40,4,4195.30,6,4195.20,10,4195.10,8,4195.00,8,4194.90,19,4194.80,19,4194.70,26,4194.60,17,4194.50,20,4195.60,2,4195.70,9,4195.80,8,4195.90,10,4196.00,10,4196.10,18,4196.20,19,4196.30,18,4196.40,17,4196.50,19,Sell,22,21,43,1.00,3.00,-7.00,0.90,77.8,4194.80,4195.70,4194.80,4195.50,85,59,144,26.00,42.00,-5.00,1.30,15.4,42,198,0.6154,2.0000,-73.00,62.00,4194.43,0.3342,UP,123.20,1.1688,1.1422
20261006 195231 910,4195.40,1,4195.40,4195.50,0.10,4195.40,4,4195.30,6,4195.20,10,4195.10,8,4195.00,8,4194.90,19,4194.80,19,4194.70,26,4194.60,17,4194.50,20,4195.60,2,4195.70,9,4195.80,8,4195.90,10,4196.00,10,4196.10,18,4196.20,19,4196.30,18,4196.40,17,4196.50,19,Sell,22,22,44,0.00,3.00,-7.00,0.90,66.7,4194.80,4195.70,4194.80,4195.40,85,59,144,26.00,42.00,-5.00,1.30,15.4,42,198,0.6154,3.0000,-74.00,61.00,4194.42,0.3311,UP,123.20,1.1688,1.1422
20261006 195231 910,4195.40,1,4195.40,4195.50,0.10,4195.40,4,4195.30,6,4195.20,10,4195.10,8,4195.00,8,4194.90,19,4194.80,19,4194.70,26,4194.60,17,4194.50,20,4195.60,2,4195.70,9,4195.80,8,4195.90,10,4196.00,10,4196.10,18,4196.20,19,4196.30,18,4196.40,17,4196.50,19,Sell,22,23,45,-1.00,3.00,-7.00,0.90,66.7,4194.80,4195.70,4194.80,4195.40,85,59,144,26.00,42.00,-5.00,1.30,15.4,42,198,0.6154,6.0000,-75.00,60.00,4194.42,0.3311,UP,123.20,1.1688,1.1422
20261006 195231 910,4195.40,2,4195.40,4195.50,0.10,4195.40,4,4195.30,6,4195.20,10,4195.10,8,4195.00,8,4194.90,19,4194.80,19,4194.70,26,4194.60,17,4194.50,20,4195.60,2,4195.70,9,4195.80,8,4195.90,10,4196.00,10,4196.10,18,4196.20,19,4196.30,18,4196.40,17,4196.50,19,Sell,22,25,47,-3.00,3.00,-7.00,0.90,66.7,4194.80,4195.70,4194.80,4195.40,85,59,144,26.00,42.00,-5.00,1.30,15.4,42,198,0.6154,1.3333,-77.00,58.00,4194.42,0.3311,UP,123.20,1.1688,1.1422
20261006 195234 679,4195.40,1,4195.10,4195.20,0.10,4195.10,2,4195.00,9,4194.90,9,4194.80,9,4194.70,18,4194.60,17,4194.50,20,4194.40,16,4194.30,17,4194.20,16,4195.20,2,4195.30,6,4195.40,8,4195.50,7,4195.60,8,4195.70,9,4195.80,9,4195.90,20,4196.00,20,4196.10,28,Sell,22,26,48,-4.00,3.00,-7.00,0.90,66.7,4194.80,4195.70,4194.80,4195.40,85,59,144,26.00,42.00,-5.00,1.30,15.4,42,198,0.6154,0.7500,-78.00,57.00,4194.42,0.3311,UP,123.20,1.1688,1.1422
20261006 195234 699,4195.30,1,4195.10,4195.20,0.10,4195.10,2,4195.00,9,4194.90,9,4194.80,9,4194.70,18,4194.60,17,4194.50,20,4194.40,16,4194.30,17,4194.20,16,4195.20,2,4195.30,6,4195.40,8,4195.50,7,4195.60,8,4195.70,9,4195.80,9,4195.90,20,4196.00,20,4196.10,28,Sell,22,27,49,-5.00,3.00,-7.00,0.90,55.6,4194.80,4195.70,4194.80,4195.30,85,59,144,26.00,42.00,-5.00,1.30,15.4,42,198,0.6154,0.4000,-79.00,56.00,4194.41,0.3279,UP,123.20,1.1688,1.1422
20261006 195234 730,4195.20,1,4195.10,4195.20,0.10,4195.10,2,4195.00,9,4194.90,9,4194.80,9,4194.70,18,4194.60,17,4194.50,20,4194.40,16,4194.30,17,4194.20,16,4195.20,2,4195.30,6,4195.40,8,4195.50,7,4195.60,8,4195.70,9,4195.80,9,4195.90,20,4196.00,20,4196.10,28,Buy,23,27,50,-4.00,3.00,-7.00,0.90,44.4,4194.80,4195.70,4194.80,4195.20,85,59,144,26.00,42.00,-5.00,1.30,15.4,42,198,0.6154,0.7500,-78.00,57.00,4194.40,0.3247,UP,123.20,1.1688,1.1422
20261006 195234 730,4195.20,1,4195.10,4195.20,0.10,4195.10,2,4195.00,9,4194.90,9,4194.80,9,4194.70,18,4194.60,17,4194.50,20,4194.40,16,4194.30,17,4194.20,16,4195.20,2,4195.30,6,4195.40,8,4195.50,7,4195.60,8,4195.70,9,4195.80,9,4195.90,20,4196.00,20,4196.10,28,Buy,24,27,51,-3.00,3.00,-7.00,0.90,44.4,4194.80,4195.70,4194.80,4195.20,85,59,144,26.00,42.00,-5.00,1.30,15.4,42,198,0.6154,1.3333,-77.00,58.00,4194.40,0.3247,UP,123.20,1.1688,1.1422
20261006 195236 531,4195.10,1,4195.00,4195.20,0.20,4195.00,3,4194.90,11,4194.80,9,4194.70,18,4194.60,9,4194.50,20,4194.40,16,4194.30,17,4194.20,16,4194.10,14,4195.20,4,4195.30,10,4195.40,7,4195.50,8,4195.60,9,4195.70,9,4195.80,9,4195.90,20,4196.00,20,4196.10,28,Sell,24,28,52,-4.00,3.00,-7.00,0.90,33.3,4194.80,4195.70,4194.80,4195.10,85,59,144,26.00,42.00,-5.00,1.30,15.4,42,198,0.6154,0.7500,-78.00,57.00,4194.39,0.3215,UP,123.20,1.1688,1.1422
20261006 195236 531,4195.10,1,4195.00,4195.20,0.20,4195.00,3,4194.90,11,4194.80,9,4194.70,18,4194.60,9,4194.50,20,4194.40,16,4194.30,17,4194.20,16,4194.10,14,4195.20,4,4195.30,10,4195.40,7,4195.50,8,4195.60,9,4195.70,9,4195.80,9,4195.90,20,4196.00,20,4196.10,28,Sell,24,29,53,-5.00,3.00,-7.00,0.90,33.3,4194.80,4195.70,4194.80,4195.10,85,59,144,26.00,42.00,-5.00,1.30,15.4,42,198,0.6154,0.4000,-79.00,56.00,4194.39,0.3215,UP,123.20,1.1688,1.1422
20261006 195237 624,4195.10,1,4195.00,4195.20,0.20,4195.00,3,4194.90,10,4194.80,9,4194.70,18,4194.60,9,4194.50,20,4194.40,16,4194.30,17,4194.20,16,4194.10,14,4195.20,4,4195.30,9,4195.40,7,4195.50,9,4195.60,10,4195.70,9,4195.80,9,4195.90,20,4196.00,20,4196.10,28,Sell,24,30,54,-6.00,3.00,-7.00,0.90,33.3,4194.80,4195.70,4194.80,4195.10,85,59,144,26.00,42.00,-5.00,1.30,15.4,42,198,0.6154,0.1667,-80.00,55.00,4194.39,0.3215,UP,123.20,1.1688,1.1422
20261006 195240 740,4195.20,1,4195.10,4195.20,0.10,4195.10,2,4195.00,8,4194.90,9,4194.80,9,4194.70,18,4194.60,9,4194.50,20,4194.40,16,4194.30,17,4194.20,16,4195.30,8,4195.40,7,4195.50,9,4195.60,10,4195.70,9,4195.80,19,4195.90,20,4196.00,20,4196.10,28,4196.20,19,Buy,25,30,55,-5.00,3.00,-7.00,0.90,44.4,4194.80,4195.70,4194.80,4195.20,85,59,144,26.00,42.00,-5.00,1.30,15.4,42,198,0.6154,0.4000,-79.00,56.00,4194.40,0.3247,UP,123.20,1.1688,1.1422
20261006 195242 846,4195.10,1,4195.10,4195.30,0.20,4195.00,4,4194.90,9,4194.80,9,4194.70,18,4194.60,9,4194.50,20,4194.40,17,4194.30,17,4194.20,16,4194.10,15,4195.20,5,4195.30,8,4195.40,7,4195.50,9,4195.60,10,4195.70,9,4195.80,19,4195.90,20,4196.00,20,4196.10,28,Sell,25,31,56,-6.00,3.00,-7.00,0.90,33.3,4194.80,4195.70,4194.80,4195.10,85,59,144,26.00,42.00,-5.00,1.30,15.4,42,198,0.6154,0.1667,-80.00,55.00,4194.39,0.3215,UP,123.20,1.1688,1.1422
20261006 195242 867,4195.10,1,4195.00,4195.20,0.20,4195.00,6,4194.90,9,4194.80,8,4194.70,18,4194.60,9,4194.50,18,4194.40,15,4194.30,15,4194.20,14,4194.10,13,4195.20,2,4195.30,7,4195.40,7,4195.50,9,4195.60,10,4195.70,9,4195.80,19,4195.90,20,4196.00,20,4196.10,28,Buy,26,31,57,-5.00,3.00,-7.00,0.90,33.3,4194.80,4195.70,4194.80,4195.10,85,59,144,26.00,42.00,-5.00,1.30,15.4,42,198,0.6154,0.4000,-79.00,56.00,4194.39,0.3215,UP,123.20,1.1688,1.1422
20261006 195244 352,4195.10,1,4195.00,4195.10,0.10,4195.00,2,4194.90,9,4194.80,8,4194.70,18,4194.60,9,4194.50,18,4194.40,15,4194.30,15,4194.20,14,4194.10,13,4195.20,4,4195.30,8,4195.40,7,4195.50,9,4195.60,10,4195.70,9,4195.80,19,4195.90,20,4196.00,20,4196.10,28,Buy,27,31,58,-4.00,3.00,-7.00,0.90,33.3,4194.80,4195.70,4194.80,4195.10,85,59,144,26.00,42.00,-5.00,1.30,15.4,42,198,0.6154,0.7500,-78.00,57.00,4194.39,0.3215,UP,123.20,1.1688,1.1422
20261006 195244 442,4195.20,1,4195.30,4195.40,0.10,4195.30,1,4195.20,6,4195.10,9,4195.00,9,4194.90,9,4194.80,8,4194.70,18,4194.60,9,4194.50,18,4194.40,15,4195.40,2,4195.50,5,4195.60,10,4195.70,9,4195.80,19,4195.90,20,4196.00,20,4196.10,28,4196.20,19,4196.30,17,Buy,28,31,59,-3.00,3.00,-7.00,0.90,44.4,4194.80,4195.70,4194.80,4195.20,85,59,144,26.00,42.00,-5.00,1.30,15.4,42,198,0.6154,1.3333,-77.00,58.00,4194.40,0.3247,UP,123.20,1.1688,1.1422
20261006 195244 442,4195.20,1,4195.30,4195.40,0.10,4195.30,1,4195.20,6,4195.10,9,4195.00,9,4194.90,9,4194.80,8,4194.70,18,4194.60,9,4194.50,18,4194.40,15,4195.40,2,4195.50,5,4195.60,10,4195.70,9,4195.80,19,4195.90,20,4196.00,20,4196.10,28,4196.20,19,4196.30,17,Buy,29,31,60,-2.00,3.00,-7.00,0.90,44.4,4194.80,4195.70,4194.80,4195.20,85,59,144,26.00,42.00,-5.00,1.30,15.4,42,198,0.6154,2.5000,-76.00,59.00,4194.40,0.3247,UP,123.20,1.1688,1.1422
20261006 195244 447,4195.30,1,4195.30,4195.40,0.10,4195.30,1,4195.20,6,4195.10,9,4195.00,9,4194.90,9,4194.80,8,4194.70,18,4194.60,9,4194.50,18,4194.40,15,4195.40,2,4195.50,5,4195.60,10,4195.70,9,4195.80,19,4195.90,20,4196.00,20,4196.10,28,4196.20,19,4196.30,17,Buy,30,31,61,-1.00,3.00,-7.00,0.90,55.6,4194.80,4195.70,4194.80,4195.30,85,59,144,26.00,42.00,-5.00,1.30,15.4,42,198,0.6154,6.0000,-75.00,60.00,4194.41,0.3279,UP,123.20,1.1688,1.1422
20261006 195245 240,4195.30,1,4195.30,4195.50,0.20,4195.30,4,4195.20,8,4195.10,8,4195.00,11,4194.90,9,4194.80,8,4194.70,18,4194.60,15,4194.50,17,4194.40,15,4195.50,3,4195.60,9,4195.70,9,4195.80,9,4195.90,20,4196.00,20,4196.10,28,4196.20,19,4196.30,17,4196.40,18,Sell,30,32,62,-2.00,3.00,-7.00,0.90,55.6,4194.80,4195.70,4194.80,4195.30,85,59,144,26.00,42.00,-5.00,1.30,15.4,42,198,0.6154,2.5000,-76.00,59.00,4194.41,0.3279,UP,123.20,1.1688,1.1422
20261006 195245 292,4195.50,1,4195.30,4195.50,0.20,4195.30,4,4195.20,8,4195.10,8,4195.00,11,4194.90,9,4194.80,8,4194.70,18,4194.60,15,4194.50,17,4194.40,15,4195.50,3,4195.60,9,4195.70,9,4195.80,9,4195.90,20,4196.00,20,4196.10,28,4196.20,19,4196.30,17,4196.40,18,Buy,31,32,63,-1.00,3.00,-7.00,0.90,77.8,4194.80,4195.70,4194.80,4195.50,85,59,144,26.00,42.00,-5.00,1.30,15.4,42,198,0.6154,6.0000,-75.00,60.00,4194.43,0.3342,UP,123.20,1.1688,1.1422
20261006 195247 032,4195.30,1,4195.20,4195.30,0.10,4195.30,5,4195.20,8,4195.10,7,4195.00,11,4194.90,9,4194.80,8,4194.70,18,4194.60,15,4194.50,17,4194.40,15,4195.50,3,4195.60,8,4195.70,9,4195.80,9,4195.90,20,4196.00,20,4196.10,28,4196.20,19,4196.30,17,4196.40,18,Sell,31,33,64,-2.00,3.00,-7.00,0.90,55.6,4194.80,4195.70,4194.80,4195.30,85,59,144,26.00,42.00,-5.00,1.30,15.4,42,198,0.6154,2.5000,-76.00,59.00,4194.41,0.3279,UP,123.20,1.1688,1.1422
20261006 195247 038,4195.20,1,4195.20,4195.30,0.10,4195.30,5,4195.20,8,4195.10,7,4195.00,11,4194.90,9,4194.80,8,4194.70,18,4194.60,15,4194.50,17,4194.40,15,4195.50,3,4195.60,8,4195.70,9,4195.80,9,4195.90,20,4196.00,20,4196.10,28,4196.20,19,4196.30,17,4196.40,18,Sell,31,34,65,-3.00,3.00,-7.00,0.90,44.4,4194.80,4195.70,4194.80,4195.20,85,59,144,26.00,42.00,-5.00,1.30,15.4,42,198,0.6154,1.3333,-77.00,58.00,4194.40,0.3247,UP,123.20,1.1688,1.1422
20261006 195247 063,4195.20,1,4195.10,4195.30,0.20,4195.10,5,4195.00,9,4194.90,11,4194.80,8,4194.70,18,4194.60,15,4194.50,17,4194.40,15,4194.30,15,4194.20,14,4195.30,3,4195.40,9,4195.50,11,4195.60,8,4195.70,9,4195.80,9,4195.90,20,4196.00,20,4196.10,28,4196.20,19,Buy,32,34,66,-2.00,3.00,-7.00,0.90,44.4,4194.80,4195.70,4194.80,4195.20,85,59,144,26.00,42.00,-5.00,1.30,15.4,42,198,0.6154,2.5000,-76.00,59.00,4194.40,0.3247,UP,123.20,1.1688,1.1422
20261006 195247 063,4195.20,2,4195.10,4195.30,0.20,4195.10,5,4195.00,9,4194.90,11,4194.80,8,4194.70,18,4194.60,15,4194.50,17,4194.40,15,4194.30,15,4194.20,14,4195.30,3,4195.40,9,4195.50,11,4195.60,8,4195.70,9,4195.80,9,4195.90,20,4196.00,20,4196.10,28,4196.20,19,Buy,34,34,68,0.00,3.00,-7.00,0.90,44.4,4194.80,4195.70,4194.80,4195.20,85,59,144,26.00,42.00,-5.00,1.30,15.4,42,198,0.6154,3.0000,-74.00,61.00,4194.40,0.3247,UP,123.20,1.1688,1.1422
20261006 195248 900,4195.40,1,4195.20,4195.40,0.20,4195.20,1,4195.10,7,4195.00,8,4194.90,10,4194.80,8,4194.70,18,4194.60,15,4194.50,17,4194.40,15,4194.30,15,4195.40,6,4195.50,11,4195.60,8,4195.70,9,4195.80,9,4195.90,20,4196.00,20,4196.10,28,4196.20,19,4196.30,17,Buy,35,34,69,1.00,3.00,-7.00,0.90,66.7,4194.80,4195.70,4194.80,4195.40,85,59,144,26.00,42.00,-5.00,1.30,15.4,42,198,0.6154,2.0000,-73.00,62.00,4194.42,0.3311,UP,123.20,1.1688,1.1422
20261006 195248 900,4195.40,1,4195.20,4195.40,0.20,4195.20,1,4195.10,7,4195.00,8,4194.90,10,4194.80,8,4194.70,18,4194.60,15,4194.50,17,4194.40,15,4194.30,15,4195.40,6,4195.50,11,4195.60,8,4195.70,9,4195.80,9,4195.90,20,4196.00,20,4196.10,28,4196.20,19,4196.30,17,Buy,36,34,70,2.00,3.00,-7.00,0.90,66.7,4194.80,4195.70,4194.80,4195.40,85,59,144,26.00,42.00,-5.00,1.30,15.4,42,198,0.6154,0.5000,-72.00,63.00,4194.42,0.3311,UP,123.20,1.1688,1.1422
20261006 195248 900,4195.40,1,4195.20,4195.40,0.20,4195.20,1,4195.10,7,4195.00,8,4194.90,10,4194.80,8,4194.70,18,4194.60,15,4194.50,17,4194.40,15,4194.30,15,4195.40,6,4195.50,11,4195.60,8,4195.70,9,4195.80,9,4195.90,20,4196.00,20,4196.10,28,4196.20,19,4196.30,17,Buy,37,34,71,3.00,3.00,-7.00,0.90,66.7,4194.80,4195.70,4194.80,4195.40,85,59,144,26.00,42.00,-5.00,1.30,15.4,42,198,0.6154,0.0000,-71.00,64.00,4194.42,0.3311,UP,123.20,1.1688,1.1422
20261006 195249 038,4195.20,1,4195.10,4195.30,0.20,4195.10,5,4195.00,10,4194.90,10,4194.80,8,4194.70,18,4194.60,15,4194.50,17,4194.40,15,4194.30,15,4194.20,14,4195.30,4,4195.40,6,4195.50,11,4195.60,8,4195.70,9,4195.80,9,4195.90,20,4196.00,20,4196.10,28,4196.20,19,Sell,37,35,72,2.00,3.00,-7.00,0.90,44.4,4194.80,4195.70,4194.80,4195.20,85,59,144,26.00,42.00,-5.00,1.30,15.4,42,198,0.6154,0.5000,-72.00,63.00,4194.40,0.3247,UP,123.20,1.1688,1.1422
20261006 195250 011,4195.10,1,4195.10,4195.30,0.20,4195.10,1,4195.00,9,4194.90,9,4194.80,8,4194.70,18,4194.60,15,4194.50,17,4194.40,15,4194.30,15,4194.20,14,4195.30,5,4195.40,6,4195.50,12,4195.60,9,4195.70,9,4195.80,9,4195.90,20,4196.00,20,4196.10,28,4196.20,19,Sell,37,36,73,1.00,3.00,-7.00,0.90,33.3,4194.80,4195.70,4194.80,4195.10,85,59,144,26.00,42.00,-5.00,1.30,15.4,42,198,0.6154,2.0000,-73.00,62.00,4194.39,0.3215,UP,123.20,1.1688,1.1422
20261006 195254 249,4195.00,1,4195.00,4195.20,0.20,4195.00,5,4194.90,10,4194.80,8,4194.70,18,4194.60,9,4194.50,17,4194.40,16,4194.30,15,4194.20,14,4194.10,12,4195.20,2,4195.30,11,4195.40,7,4195.50,12,4195.60,8,4195.70,9,4195.80,9,4195.90,20,4196.00,20,4196.10,28,Sell,37,37,74,0.00,3.00,-7.00,0.90,22.2,4194.80,4195.70,4194.80,4195.00,85,59,144,26.00,42.00,-5.00,1.30,15.4,42,198,0.6154,3.0000,-74.00,61.00,4194.38,0.3184,UP,123.20,1.1688,1.1422
20261006 195255 335,4195.10,1,4195.00,4195.20,0.20,4195.00,5,4194.90,9,4194.80,8,4194.70,18,4194.60,9,4194.50,11,4194.40,14,4194.30,15,4194.20,14,4194.10,12,4195.20,2,4195.30,7,4195.40,7,4195.50,12,4195.60,8,4195.70,9,4195.80,9,4195.90,20,4196.00,20,4196.10,28,Sell,37,38,75,-1.00,3.00,-7.00,0.90,33.3,4194.80,4195.70,4194.80,4195.10,85,59,144,26.00,42.00,-5.00,1.30,15.4,42,198,0.6154,6.0000,-75.00,60.00,4194.39,0.3215,UP,123.20,1.1688,1.1422
20261006 195257 245,4195.30,1,4195.20,4195.40,0.20,4195.20,3,4195.10,7,4195.00,8,4194.90,9,4194.80,8,4194.70,18,4194.60,16,4194.50,17,4194.40,14,4194.30,15,4195.40,4,4195.50,7,4195.60,8,4195.70,9,4195.80,9,4195.90,20,4196.00,20,4196.10,28,4196.20,19,4196.30,17,Buy,38,38,76,0.00,3.00,-7.00,0.90,55.6,4194.80,4195.70,4194.80,4195.30,85,59,144,26.00,42.00,-5.00,1.30,15.4,42,198,0.6154,3.0000,-74.00,61.00,4194.41,0.3279,UP,123.20,1.1688,1.1422
20261006 195257 249,4195.30,1,4195.20,4195.40,0.20,4195.20,3,4195.10,7,4195.00,8,4194.90,9,4194.80,8,4194.70,18,4194.60,16,4194.50,17,4194.40,14,4194.30,15,4195.40,4,4195.50,7,4195.60,8,4195.70,9,4195.80,9,4195.90,20,4196.00,20,4196.10,28,4196.20,19,4196.30,17,Sell,38,39,77,-1.00,3.00,-7.00,0.90,55.6,4194.80,4195.70,4194.80,4195.30,85,59,144,26.00,42.00,-5.00,1.30,15.4,42,198,0.6154,6.0000,-75.00,60.00,4194.41,0.3279,UP,123.20,1.1688,1.1422
20261006 195258 125,4195.50,1,4195.30,4195.50,0.20,4195.30,5,4195.20,11,4195.10,8,4195.00,9,4194.90,10,4194.80,8,4194.70,18,4194.60,16,4194.50,17,4194.40,14,4195.50,3,4195.60,8,4195.70,9,4195.80,9,4195.90,20,4196.00,20,4196.10,28,4196.20,19,4196.30,17,4196.40,17,Buy,39,39,78,0.00,3.00,-7.00,0.90,77.8,4194.80,4195.70,4194.80,4195.50,85,59,144,26.00,42.00,-5.00,1.30,15.4,42,198,0.6154,3.0000,-74.00,61.00,4194.43,0.3342,UP,123.20,1.1688,1.1422
20261006 195304 510,4195.30,1,4195.30,4195.50,0.20,4195.30,1,4195.20,11,4195.10,8,4195.00,9,4194.90,10,4194.80,8,4194.70,28,4194.60,20,4194.50,21,4194.40,18,4195.50,6,4195.60,7,4195.70,7,4195.80,9,4195.90,9,4196.00,20,4196.10,23,4196.20,19,4196.30,17,4196.40,17,Sell,0,1,1,-1.00,-1.00,-1.00,0.00,0.0,4195.30,4195.30,4195.30,4195.30,39,39,78,0.00,3.00,-7.00,0.90,77.8,9,90,3.0000,0.0000,-59.00,0.00,4194.41,0.3279,UP,119.80,0.6511,1.0749
20261006 195304 510,4195.30,1,4195.30,4195.50,0.20,4195.30,1,4195.20,11,4195.10,8,4195.00,9,4194.90,10,4194.80,8,4194.70,28,4194.60,20,4194.50,21,4194.40,18,4195.50,6,4195.60,7,4195.70,7,4195.80,9,4195.90,9,4196.00,20,4196.10,23,4196.20,19,4196.30,17,4196.40,17,Sell,0,2,2,-2.00,-1.00,-2.00,0.00,0.0,4195.30,4195.30,4195.30,4195.30,39,39,78,0.00,3.00,-7.00,0.90,77.8,9,90,3.0000,0.0000,-60.00,-1.00,4194.41,0.3279,UP,119.80,0.6511,1.0749
20261006 195307 312,4195.40,1,4195.20,4195.40,0.20,4195.20,6,4195.10,9,4195.00,9,4194.90,10,4194.80,8,4194.70,28,4194.60,20,4194.50,21,4194.40,18,4194.30,19,4195.40,3,4195.50,6,4195.60,7,4195.70,8,4195.80,9,4195.90,9,4196.00,20,4196.10,23,4196.20,19,4196.30,17,Buy,1,2,3,-1.00,-1.00,-2.00,0.10,100.0,4195.30,4195.40,4195.30,4195.40,39,39,78,0.00,3.00,-7.00,0.90,77.8,9,90,3.0000,1.0000,-59.00,0.00,4194.42,0.3311,UP,119.80,0.6511,1.0749
20261006 195307 715,4195.30,1,4195.20,4195.40,0.20,4195.20,4,4195.10,11,4195.00,9,4194.90,10,4194.80,8,4194.70,28,4194.60,20,4194.50,21,4194.40,18,4194.30,19,4195.40,3,4195.50,6,4195.60,7,4195.70,8,4195.80,9,4195.90,9,4196.00,20,4196.10,23,4196.20,19,4196.30,17,Buy,2,2,4,0.00,0.00,-2.00,0.10,0.0,4195.30,4195.40,4195.30,4195.30,39,39,78,0.00,3.00,-7.00,0.90,77.8,9,90,3.0000,0.0000,-58.00,1.00,4194.41,0.3279,UP,119.80,0.6511,1.0749
20261006 195307 887,4195.40,1,4195.20,4195.40,0.20,4195.20,4,4195.10,11,4195.00,9,4194.90,10,4194.80,8,4194.70,28,4194.60,20,4194.50,21,4194.40,18,4194.30,19,4195.40,3,4195.50,6,4195.60,7,4195.70,8,4195.80,9,4195.90,9,4196.00,20,4196.10,23,4196.20,19,4196.30,17,Buy,3,2,5,1.00,1.00,-2.00,0.10,100.0,4195.30,4195.40,4195.30,4195.40,39,39,78,0.00,3.00,-7.00,0.90,77.8,9,90,3.0000,0.0000,-57.00,2.00,4194.42,0.3311,UP,119.80,0.6511,1.0749
20261006 195307 887,4195.40,1,4195.20,4195.40,0.20,4195.20,4,4195.10,11,4195.00,9,4194.90,10,4194.80,8,4194.70,28,4194.60,20,4194.50,21,4194.40,18,4194.30,19,4195.40,3,4195.50,6,4195.60,7,4195.70,8,4195.80,9,4195.90,9,4196.00,20,4196.10,23,4196.20,19,4196.30,17,Buy,4,2,6,2.00,2.00,-2.00,0.10,100.0,4195.30,4195.40,4195.30,4195.40,39,39,78,0.00,3.00,-7.00,0.90,77.8,9,90,3.0000,0.0000,-56.00,3.00,4194.42,0.3311,UP,119.80,0.6511,1.0749
20261006 195310 523,4195.40,1,4195.20,4195.40,0.20,4195.20,1,4195.10,9,4195.00,13,4194.90,9,4194.80,8,4194.70,18,4194.60,10,4194.50,21,4194.40,18,4194.30,19,4195.40,5,4195.50,8,4195.60,8,4195.70,8,4195.80,19,4195.90,19,4196.00,20,4196.10,23,4196.20,19,4196.30,17,Buy,5,2,7,3.00,3.00,-2.00,0.10,100.0,4195.30,4195.40,4195.30,4195.40,39,39,78,0.00,3.00,-7.00,0.90,77.8,9,90,3.0000,0.0000,-55.00,4.00,4194.42,0.3311,UP,119.80,0.6511,1.0749
20261006 195310 872,4195.40,1,4195.20,4195.40,0.20,4195.20,2,4195.10,10,4195.00,13,4194.90,9,4194.80,8,4194.70,18,4194.60,10,4194.50,21,4194.40,18,4194.30,19,4195.40,5,4195.50,8,4195.60,8,4195.70,8,4195.80,19,4195.90,19,4196.00,20,4196.10,23,4196.20,19,4196.30,17,Buy,6,2,8,4.00,4.00,-2.00,0.10,100.0,4195.30,4195.40,4195.30,4195.40,39,39,78,0.00,3.00,-7.00,0.90,77.8,9,90,3.0000,0.0000,-54.00,5.00,4194.42,0.3311,UP,119.80,0.6511,1.0749
20261006 195311 591,4195.20,1,4195.20,4195.40,0.20,4195.20,1,4195.10,9,4195.00,13,4194.90,10,4194.80,8,4194.70,11,4194.60,10,4194.50,21,4194.40,18,4194.30,19,4195.40,6,4195.50,8,4195.60,8,4195.70,8,4195.80,19,4195.90,19,4196.00,20,4196.10,23,4196.20,19,4196.30,17,Sell,6,3,9,3.00,4.00,-2.00,0.20,50.0,4195.30,4195.40,4195.20,4195.20,39,39,78,0.00,3.00,-7.00,0.90,77.8,9,90,3.0000,0.3333,-55.00,4.00,4194.40,0.3247,UP,119.80,0.6511,1.0820
20261006 195311 591,4195.20,1,4195.20,4195.40,0.20,4195.20,1,4195.10,9,4195.00,13,4194.90,10,4194.80,8,4194.70,11,4194.60,10,4194.50,21,4194.40,18,4194.30,19,4195.40,6,4195.50,8,4195.60,8,4195.70,8,4195.80,19,4195.90,19,4196.00,20,4196.10,23,4196.20,19,4196.30,17,Sell,6,4,10,2.00,4.00,-2.00,0.20,50.0,4195.30,4195.40,4195.20,4195.20,39,39,78,0.00,3.00,-7.00,0.90,77.8,9,90,3.0000,1.0000,-56.00,3.00,4194.40,0.3247,UP,119.80,0.6511,1.0820
20261006 195313 064,4195.40,1,4195.20,4195.40,0.20,4195.20,1,4195.10,7,4195.00,13,4194.90,10,4194.80,8,4194.70,11,4194.60,10,4194.50,21,4194.40,18,4194.30,19,4195.40,4,4195.50,8,4195.60,8,4195.70,8,4195.80,19,4195.90,19,4196.00,20,4196.10,23,4196.20,19,4196.30,17,Buy,7,4,11,3.00,4.00,-2.00,0.20,50.0,4195.30,4195.40,4195.20,4195.40,39,39,78,0.00,3.00,-7.00,0.90,77.8,9,90,3.0000,0.3333,-55.00,4.00,4194.42,0.3311,UP,119.80,0.6511,1.0820
20261006 195313 930,4195.30,1,4195.30,4195.50,0.20,4195.30,7,4195.20,12,4195.10,9,4195.00,12,4194.90,10,4194.80,8,4194.70,11,4194.60,20,4194.50,21,4194.40,18,4195.50,3,4195.60,7,4195.70,8,4195.80,10,4195.90,9,4196.00,20,4196.10,23,4196.20,19,4196.30,17,4196.40,17,Buy,8,4,12,4.00,4.00,-2.00,0.20,0.0,4195.30,4195.40,4195.20,4195.30,39,39,78,0.00,3.00,-7.00,0.90,77.8,9,90,3.0000,0.0000,-54.00,5.00,4194.41,0.3279,UP,119.80,0.6511,1.0820
20261006 195313 930,4195.30,1,4195.30,4195.50,0.20,4195.30,7,4195.20,12,4195.10,9,4195.00,12,4194.90,10,4194.80,8,4194.70,11,4194.60,20,4194.50,21,4194.40,18,4195.50,3,4195.60,7,4195.70,8,4195.80,10,4195.90,9,4196.00,20,4196.10,23,4196.20,19,4196.30,17,4196.40,17,Buy,9,4,13,5.00,5.00,-2.00,0.20,0.0,4195.30,4195.40,4195.20,4195.30,39,39,78,0.00,3.00,-7.00,0.90,77.8,9,90,3.0000,0.0000,-53.00,6.00,4194.41,0.3279,UP,119.80,0.6511,1.0820
20261006 195313 930,4195.30,1,4195.30,4195.50,0.20,4195.30,7,4195.20,12,4195.10,9,4195.00,12,4194.90,10,4194.80,8,4194.70,11,4194.60,20,4194.50,21,4194.40,18,4195.50,3,4195.60,7,4195.70,8,4195.80,10,4195.90,9,4196.00,20,4196.10,23,4196.20,19,4196.30,17,4196.40,17,Buy,10,4,14,6.00,6.00,-2.00,0.20,0.0,4195.30,4195.40,4195.20,4195.30,39,39,78,0.00,3.00,-7.00,0.90,77.8,9,90,3.0000,0.0000,-52.00,7.00,4194.41,0.3279,UP,119.80,0.6511,1.0820
20261006 195313 933,4195.40,1,4195.30,4195.50,0.20,4195.30,6,4195.20,12,4195.10,9,4195.00,12,4194.90,10,4194.80,8,4194.70,11,4194.60,20,4194.50,21,4194.40,18,4195.50,4,4195.60,7,4195.70,8,4195.80,10,4195.90,9,4196.00,20,4196.10,23,4196.20,19,4196.30,17,4196.40,17,Buy,11,4,15,7.00,7.00,-2.00,0.20,50.0,4195.30,4195.40,4195.20,4195.40,39,39,78,0.00,3.00,-7.00,0.90,77.8,9,90,3.0000,0.0000,-51.00,8.00,4194.42,0.3311,UP,119.80,0.6511,1.0820
20261006 195313 933,4195.40,1,4195.30,4195.50,0.20,4195.30,6,4195.20,12,4195.10,9,4195.00,12,4194.90,10,4194.80,8,4194.70,11,4194.60,20,4194.50,21,4194.40,18,4195.50,4,4195.60,7,4195.70,8,4195.80,10,4195.90,9,4196.00,20,4196.10,23,4196.20,19,4196.30,17,4196.40,17,Buy,12,4,16,8.00,8.00,-2.00,0.20,50.0,4195.30,4195.40,4195.20,4195.40,39,39,78,0.00,3.00,-7.00,0.90,77.8,9,90,3.0000,0.0000,-50.00,9.00,4194.42,0.3311,UP,119.80,0.6511,1.0820
20261006 195313 933,4195.40,1,4195.30,4195.50,0.20,4195.30,6,4195.20,12,4195.10,9,4195.00,12,4194.90,10,4194.80,8,4194.70,11,4194.60,20,4194.50,21,4194.40,18,4195.50,4,4195.60,7,4195.70,8,4195.80,10,4195.90,9,4196.00,20,4196.10,23,4196.20,19,4196.30,17,4196.40,17,Buy,13,4,17,9.00,9.00,-2.00,0.20,50.0,4195.30,4195.40,4195.20,4195.40,39,39,78,0.00,3.00,-7.00,0.90,77.8,9,90,3.0000,0.0000,-49.00,10.00,4194.42,0.3311,UP,119.80,0.6511,1.0820
20261006 195314 232,4195.30,1,4195.30,4195.50,0.20,4195.30,5,4195.20,12,4195.10,9,4195.00,13,4194.90,10,4194.80,8,4194.70,11,4194.60,20,4194.50,21,4194.40,18,4195.50,4,4195.60,7,4195.70,8,4195.80,10,4195.90,9,4196.00,20,4196.10,23,4196.20,19,4196.30,17,4196.40,17,Sell,13,5,18,8.00,9.00,-2.00,0.20,0.0,4195.30,4195.40,4195.20,4195.30,39,39,78,0.00,3.00,-7.00,0.90,77.8,9,90,3.0000,0.1250,-50.00,9.00,4194.41,0.3279,UP,119.80,0.6511,1.0820
20261006 195315 173,4195.30,1,4195.30,4195.50,0.20,4195.30,6,4195.20,12,4195.10,9,4195.00,13,4194.90,10,4194.80,8,4194.70,11,4194.60,20,4194.50,21,4194.40,18,4195.50,1,4195.60,7,4195.70,8,4195.80,10,4195.90,9,4196.00,20,4196.10,23,4196.20,19,4196.30,17,4196.40,17,Sell,13,6,19,7.00,9.00,-2.00,0.20,0.0,4195.30,4195.40,4195.20,4195.30,39,39,78,0.00,3.00,-7.00,0.90,77.8,9,90,3.0000,0.2857,-51.00,8.00,4194.41,0.3279,UP,119.80,0.6511,1.0820
20261006 195317 089,4195.50,1,4195.30,4195.50,0.20,4195.30,4,4195.20,12,4195.10,10,4195.00,13,4194.90,10,4194.80,8,4194.70,21,4194.60,20,4194.50,21,4194.40,18,4195.50,4,4195.60,5,4195.70,8,4195.80,10,4195.90,10,4196.00,10,4196.10,23,4196.20,19,4196.30,17,4196.40,17,Buy,14,6,20,8.00,9.00,-2.00,0.30,66.7,4195.30,4195.50,4195.20,4195.50,39,39,78,0.00,3.00,-7.00,0.90,77.8,9,90,3.0000,0.1250,-50.00,9.00,4194.43,0.3342,UP,119.80,0.6511,1.0820
20261006 195317 089,4195.50,1,4195.30,4195.50,0.20,4195.30,4,4195.20,12,4195.10,10,4195.00,13,4194.90,10,4194.80,8,4194.70,21,4194.60,20,4194.50,21,4194.40,18,4195.50,4,4195.60,5,4195.70,8,4195.80,10,4195.90,10,4196.00,10,4196.10,23,4196.20,19,4196.30,17,4196.40,17,Buy,15,6,21,9.00,9.00,-2.00,0.30,66.7,4195.30,4195.50,4195.20,4195.50,39,39,78,0.00,3.00,-7.00,0.90,77.8,9,90,3.0000,0.0000,-49.00,10.00,4194.43,0.3342,UP,119.80,0.6511,1.0820
20261006 195317 089,4195.50,1,4195.30,4195.50,0.20,4195.30,4,4195.20,12,4195.10,10,4195.00,13,4194.90,10,4194.80,8,4194.70,21,4194.60,20,4194.50,21,4194.40,18,4195.50,4,4195.60,5,4195.70,8,4195.80,10,4195.90,10,4196.00,10,4196.10,23,4196.20,19,4196.30,17,4196.40,17,Buy,16,6,22,10.00,10.00,-2.00,0.30,66.7,4195.30,4195.50,4195.20,4195.50,39,39,78,0.00,3.00,-7.00,0.90,77.8,9,90,3.0000,0.0000,-48.00,11.00,4194.43,0.3342,UP,119.80,0.6511,1.0820
20261006 195317 089,4195.50,1,4195.30,4195.50,0.20,4195.30,4,4195.20,12,4195.10,10,4195.00,13,4194.90,10,4194.80,8,4194.70,21,4194.60,20,4194.50,21,4194.40,18,4195.50,4,4195.60,5,4195.70,8,4195.80,10,4195.90,10,4196.00,10,4196.10,23,4196.20,19,4196.30,17,4196.40,17,Buy,17,6,23,11.00,11.00,-2.00,0.30,66.7,4195.30,4195.50,4195.20,4195.50,39,39,78,0.00,3.00,-7.00,0.90,77.8,9,90,3.0000,0.0000,-47.00,12.00,4194.43,0.3342,UP,119.80,0.6511,1.0820
20261006 195317 089,4195.60,1,4195.30,4195.50,0.20,4195.30,4,4195.20,12,4195.10,10,4195.00,13,4194.90,10,4194.80,8,4194.70,21,4194.60,20,4194.50,21,4194.40,18,4195.50,4,4195.60,5,4195.70,8,4195.80,10,4195.90,10,4196.00,10,4196.10,23,4196.20,19,4196.30,17,4196.40,17,Buy,18,6,24,12.00,12.00,-2.00,0.40,75.0,4195.30,4195.60,4195.20,4195.60,39,39,78,0.00,3.00,-7.00,0.90,77.8,9,90,3.0000,0.0000,-46.00,13.00,4194.44,0.3374,UP,119.80,0.6511,1.0891
20261006 195317 220,4195.50,2,4195.30,4195.50,0.20,4195.30,4,4195.20,12,4195.10,10,4195.00,13,4194.90,10,4194.80,8,4194.70,21,4194.60,20,4194.50,21,4194.40,18,4195.50,2,4195.60,5,4195.70,8,4195.80,10,4195.90,10,4196.00,10,4196.10,23,4196.20,19,4196.30,17,4196.40,17,Buy,20,6,26,14.00,14.00,-2.00,0.40,50.0,4195.30,4195.60,4195.20,4195.50,39,39,78,0.00,3.00,-7.00,0.90,77.8,9,90,3.0000,0.0000,-44.00,15.00,4194.43,0.3342,UP,119.80,0.6511,1.0891
20261006 195319 563,4195.60,1,4195.50,4195.60,0.10,4195.50,1,4195.40,8,4195.30,10,4195.20,9,4195.10,10,4195.00,12,4194.90,10,4194.80,8,4194.70,19,4194.60,18,4195.70,6,4195.80,9,4195.90,9,4196.00,9,4196.10,23,4196.20,19,4196.30,17,4196.40,17,4196.50,19,4196.60,20,Buy,21,6,27,15.00,15.00,-2.00,0.40,75.0,4195.30,4195.60,4195.20,4195.60,39,39,78,0.00,3.00,-7.00,0.90,77.8,9,90,3.0000,0.0000,-43.00,16.00,4194.44,0.3374,UP,119.80,0.6511,1.0891
20261006 195319 566,4195.70,1,4195.50,4195.60,0.10,4195.50,1,4195.40,8,4195.30,10,4195.20,9,4195.10,10,4195.00,12,4194.90,10,4194.80,8,4194.70,19,4194.60,18,4195.70,6,4195.80,9,4195.90,9,4196.00,9,4196.10,23,4196.20,19,4196.30,17,4196.40,17,4196.50,19,4196.60,20,Buy,22,6,28,16.00,16.00,-2.00,0.50,80.0,4195.30,4195.70,4195.20,4195.70,39,39,78,0.00,3.00,-7.00,0.90,77.8,9,90,3.0000,0.0000,-42.00,17.00,4194.45,0.3406,UP,119.80,0.6511,1.0963
20261006 195319 567,4195.70,1,4195.50,4195.60,0.10,4195.50,1,4195.40,8,4195.30,10,4195.20,9,4195.10,10,4195.00,12,4194.90,10,4194.80,8,4194.70,19,4194.60,18,4195.70,6,4195.80,9,4195.90,9,4196.00,9,4196.10,23,4196.20,19,4196.30,17,4196.40,17,4196.50,19,4196.60,20,Buy,23,6,29,17.00,17.00,-2.00,0.50,80.0,4195.30,4195.70,4195.20,4195.70,39,39,78,0.00,3.00,-7.00,0.90,77.8,9,90,3.0000,0.0000,-41.00,18.00,4194.45,0.3406,UP,119.80,0.6511,1.0963
20261006 195319 634,4195.70,1,4195.50,4195.60,0.10,4195.50,1,4195.40,8,4195.30,10,4195.20,9,4195.10,10,4195.00,12,4194.90,10,4194.80,8,4194.70,19,4194.60,18,4195.60,3,4195.70,6,4195.80,9,4195.90,9,4196.00,9,4196.10,23,4196.20,19,4196.30,17,4196.40,17,4196.50,19,Buy,24,6,30,18.00,18.00,-2.00,0.50,80.0,4195.30,4195.70,4195.20,4195.70,39,39,78,0.00,3.00,-7.00,0.90,77.8,9,90,3.0000,0.0000,-40.00,19.00,4194.45,0.3406,UP,119.80,0.6511,1.0963
20261006 195319 634,4195.70,1,4195.50,4195.60,0.10,4195.50,1,4195.40,8,4195.30,10,4195.20,9,4195.10,10,4195.00,12,4194.90,10,4194.80,8,4194.70,19,4194.60,18,4195.60,3,4195.70,6,4195.80,9,4195.90,9,4196.00,9,4196.10,23,4196.20,19,4196.30,17,4196.40,17,4196.50,19,Buy,25,6,31,19.00,19.00,-2.00,0.50,80.0,4195.30,4195.70,4195.20,4195.70,39,39,78,0.00,3.00,-7.00,0.90,77.8,9,90,3.0000,0.0000,-39.00,20.00,4194.45,0.3406,UP,119.80,0.6511,1.0963
20261006 195320 793,4195.40,1,4195.40,4195.60,0.20,4195.40,2,4195.30,10,4195.20,10,4195.10,10,4195.00,12,4194.90,10,4194.80,8,4194.70,19,4194.60,18,4194.50,19,4195.60,7,4195.70,7,4195.80,9,4195.90,9,4196.00,9,4196.10,23,4196.20,19,4196.30,17,4196.40,17,4196.50,19,Sell,25,7,32,18.00,19.00,-2.00,0.50,20.0,4195.30,4195.70,4195.20,4195.40,39,39,78,0.00,3.00,-7.00,0.90,77.8,9,90,3.0000,0.0556,-40.00,19.00,4194.42,0.3311,UP,119.80,0.6511,1.0963
20261006 195321 166,4195.70,1,4195.50,4195.70,0.20,4195.50,12,4195.40,9,4195.30,11,4195.20,10,4195.10,9,4195.00,12,4194.90,20,4194.80,18,4194.70,19,4194.60,18,4195.70,2,4195.80,8,4195.90,9,4196.00,9,4196.10,13,4196.20,19,4196.30,17,4196.40,17,4196.50,19,4196.60,20,Buy,26,7,33,19.00,19.00,-2.00,0.50,80.0,4195.30,4195.70,4195.20,4195.70,39,39,78,0.00,3.00,-7.00,0.90,77.8,9,90,3.0000,0.0000,-39.00,20.00,4194.45,0.3406,UP,119.80,0.6511,1.0963
20261006 195323 509,4195.70,1,4195.50,4195.70,0.20,4195.50,1,4195.40,8,4195.30,13,4195.20,11,4195.10,9,4195.00,12,4194.90,20,4194.80,18,4194.70,19,4194.60,18,4195.70,5,4195.80,9,4195.90,7,4196.00,10,4196.10,13,4196.20,9,4196.30,17,4196.40,17,4196.50,19,4196.60,20,Buy,27,7,34,20.00,20.00,-2.00,0.50,80.0,4195.30,4195.70,4195.20,4195.70,39,39,78,0.00,3.00,-7.00,0.90,77.8,9,90,3.0000,0.0000,-38.00,21.00,4194.45,0.3406,UP,119.80,0.6511,1.0963
20261006 195323 572,4195.50,1,4195.40,4195.60,0.20,4195.40,3,4195.30,13,4195.20,11,4195.10,9,4195.00,12,4194.90,20,4194.80,18,4194.70,19,4194.60,18,4194.50,19,4195.60,5,4195.70,9,4195.80,9,4195.90,7,4196.00,10,4196.10,13,4196.20,19,4196.30,17,4196.40,17,4196.50,19,Sell,27,8,35,19.00,20.00,-2.00,0.50,40.0,4195.30,4195.70,4195.20,4195.50,39,39,78,0.00,3.00,-7.00,0.90,77.8,9,90,3.0000,0.0526,-39.00,20.00,4194.43,0.3342,UP,119.80,0.6511,1.0963
20261006 195328 577,4195.50,1,4195.30,4195.50,0.20,4195.30,3,4195.20,11,4195.10,9,4195.00,12,4194.90,11,4194.80,18,4194.70,19,4194.60,18,4194.50,19,4194.40,16,4195.50,4,4195.60,7,4195.70,7,4195.80,10,4195.90,8,4196.00,10,4196.10,23,4196.20,19,4196.30,17,4196.40,17,Sell,27,9,36,18.00,20.00,-2.00,0.50,40.0,4195.30,4195.70,4195.20,4195.50,39,39,78,0.00,3.00,-7.00,0.90,77.8,9,90,3.0000,0.1111,-40.00,19.00,4194.43,0.3342,UP,119.80,0.6511,1.0963
20261006 195328 579,4195.50,1,4195.30,4195.50,0.20,4195.30,3,4195.20,11,4195.10,9,4195.00,12,4194.90,11,4194.80,18,4194.70,19,4194.60,18,4194.50,19,4194.40,16,4195.50,4,4195.60,7,4195.70,7,4195.80,10,4195.90,8,4196.00,10,4196.10,23,4196.20,19,4196.30,17,4196.40,17,Buy,28,9,37,19.00,20.00,-2.00,0.50,40.0,4195.30,4195.70,4195.20,4195.50,39,39,78,0.00,3.00,-7.00,0.90,77.8,9,90,3.0000,0.0526,-39.00,20.00,4194.43,0.3342,UP,119.80,0.6511,1.0963
20261006 195328 825,4195.30,1,4195.30,4195.50,0.20,4195.30,1,4195.20,7,4195.10,8,4195.00,12,4194.90,11,4194.80,18,4194.70,19,4194.60,18,4194.50,19,4194.40,16,4195.50,6,4195.60,7,4195.70,8,4195.80,10,4195.90,8,4196.00,20,4196.10,23,4196.20,19,4196.30,17,4196.40,17,Sell,28,10,38,18.00,20.00,-2.00,0.50,0.0,4195.30,4195.70,4195.20,4195.30,39,39,78,0.00,3.00,-7.00,0.90,77.8,9,90,3.0000,0.1111,-40.00,19.00,4194.41,0.3279,UP,119.80,0.6511,1.0963
20261006 195328 826,4195.30,1,4195.30,4195.50,0.20,4195.30,1,4195.20,7,4195.10,8,4195.00,12,4194.90,11,4194.80,18,4194.70,19,4194.60,18,4194.50,19,4194.40,16,4195.50,6,4195.60,7,4195.70,8,4195.80,10,4195.90,8,4196.00,20,4196.10,23,4196.20,19,4196.30,17,4196.40,17,Sell,28,11,39,17.00,20.00,-2.00,0.50,0.0,4195.30,4195.70,4195.20,4195.30,39,39,78,0.00,3.00,-7.00,0.90,77.8,9,90,3.0000,0.1765,-41.00,18.00,4194.41,0.3279,UP,119.80,0.6511,1.0963
20261006 195328 827,4195.30,1,4195.30,4195.50,0.20,4195.30,1,4195.20,7,4195.10,8,4195.00,12,4194.90,11,4194.80,18,4194.70,19,4194.60,18,4194.50,19,4194.40,16,4195.50,6,4195.60,7,4195.70,8,4195.80,10,4195.90,8,4196.00,20,4196.10,23,4196.20,19,4196.30,17,4196.40,17,Buy,29,11,40,18.00,20.00,-2.00,0.50,0.0,4195.30,4195.70,4195.20,4195.30,39,39,78,0.00,3.00,-7.00,0.90,77.8,9,90,3.0000,0.1111,-40.00,19.00,4194.41,0.3279,UP,119.80,0.6511,1.0963
20261006 195328 828,4195.30,1,4195.30,4195.50,0.20,4195.30,1,4195.20,7,4195.10,8,4195.00,12,4194.90,11,4194.80,18,4194.70,19,4194.60,18,4194.50,19,4194.40,16,4195.50,6,4195.60,7,4195.70,8,4195.80,10,4195.90,8,4196.00,20,4196.10,23,4196.20,19,4196.30,17,4196.40,17,Buy,30,11,41,19.00,20.00,-2.00,0.50,0.0,4195.30,4195.70,4195.20,4195.30,39,39,78,0.00,3.00,-7.00,0.90,77.8,9,90,3.0000,0.0526,-39.00,20.00,4194.41,0.3279,UP,119.80,0.6511,1.0963
20261006 195329 659,4195.30,1,4195.30,4195.50,0.20,4195.30,1,4195.20,8,4195.10,7,4195.00,12,4194.90,11,4194.80,8,4194.70,19,4194.60,20,4194.50,19,4194.40,16,4195.50,5,4195.60,6,4195.70,8,4195.80,10,4195.90,8,4196.00,20,4196.10,23,4196.20,19,4196.30,17,4196.40,17,Sell,30,12,42,18.00,20.00,-2.00,0.50,0.0,4195.30,4195.70,4195.20,4195.30,39,39,78,0.00,3.00,-7.00,0.90,77.8,9,90,3.0000,0.1111,-40.00,19.00,4194.41,0.3279,UP,119.80,0.6511,1.0963
20261006 195329 659,4195.30,1,4195.30,4195.50,0.20,4195.30,1,4195.20,8,4195.10,7,4195.00,12,4194.90,11,4194.80,8,4194.70,19,4194.60,20,4194.50,19,4194.40,16,4195.50,5,4195.60,6,4195.70,8,4195.80,10,4195.90,8,4196.00,20,4196.10,23,4196.20,19,4196.30,17,4196.40,17,Sell,30,13,43,17.00,20.00,-2.00,0.50,0.0,4195.30,4195.70,4195.20,4195.30,39,39,78,0.00,3.00,-7.00,0.90,77.8,9,90,3.0000,0.1765,-41.00,18.00,4194.41,0.3279,UP,119.80,0.6511,1.0963
20261006 195330 071,4195.30,1,4195.20,4195.40,0.20,4195.20,4,4195.10,7,4195.00,12,4194.90,11,4194.80,8,4194.70,19,4194.60,20,4194.50,19,4194.40,16,4194.30,17,4195.40,3,4195.50,10,4195.60,7,4195.70,8,4195.80,10,4195.90,8,4196.00,20,4196.10,23,4196.20,19,4196.30,17,Sell,30,14,44,16.00,20.00,-2.00,0.50,0.0,4195.30,4195.70,4195.20,4195.30,39,39,78,0.00,3.00,-7.00,0.90,77.8,9,90,3.0000,0.2500,-42.00,17.00,4194.41,0.3279,UP,119.80,0.6511,1.0963
20261006 195330 071,4195.30,1,4195.20,4195.40,0.20,4195.20,4,4195.10,7,4195.00,12,4194.90,11,4194.80,8,4194.70,19,4194.60,20,4194.50,19,4194.40,16,4194.30,17,4195.40,3,4195.50,10,4195.60,7,4195.70,8,4195.80,10,4195.90,8,4196.00,20,4196.10,23,4196.20,19,4196.30,17,Sell,30,15,45,15.00,20.00,-2.00,0.50,0.0,4195.30,4195.70,4195.20,4195.30,39,39,78,0.00,3.00,-7.00,0.90,77.8,9,90,3.0000,0.3333,-43.00,16.00,4194.41,0.3279,UP,119.80,0.6511,1.0963
20261006 195330 071,4195.30,1,4195.20,4195.40,0.20,4195.20,4,4195.10,7,4195.00,12,4194.90,11,4194.80,8,4194.70,19,4194.60,20,4194.50,19,4194.40,16,4194.30,17,4195.40,3,4195.50,10,4195.60,7,4195.70,8,4195.80,10,4195.90,8,4196.00,20,4196.10,23,4196.20,19,4196.30,17,Sell,30,16,46,14.00,20.00,-2.00,0.50,0.0,4195.30,4195.70,4195.20,4195.30,39,39,78,0.00,3.00,-7.00,0.90,77.8,9,90,3.0000,0.4286,-44.00,15.00,4194.41,0.3279,UP,119.80,0.6511,1.0963
20261006 195330 071,4195.30,2,4195.20,4195.40,0.20,4195.20,1,4195.10,9,4195.00,12,4194.90,11,4194.80,8,4194.70,19,4194.60,20,4194.50,19,4194.40,16,4194.30,17,4195.40,6,4195.50,10,4195.60,7,4195.70,8,4195.80,10,4195.90,8,4196.00,20,4196.10,23,4196.20,19,4196.30,17,Sell,30,18,48,12.00,20.00,-2.00,0.50,0.0,4195.30,4195.70,4195.20,4195.30,39,39,78,0.00,3.00,-7.00,0.90,77.8,9,90,3.0000,0.6667,-46.00,13.00,4194.41,0.3279,UP,119.80,0.6511,1.0963
20261006 195330 187,4195.40,1,4195.40,4195.60,0.20,4195.40,2,4195.30,8,4195.20,11,4195.10,7,4195.00,12,4194.90,11,4194.80,8,4194.70,19,4194.60,20,4194.50,19,4195.60,6,4195.70,8,4195.80,10,4195.90,8,4196.00,20,4196.10,23,4196.20,19,4196.30,17,4196.40,17,4196.50,19,Buy,31,18,49,13.00,20.00,-2.00,0.50,20.0,4195.30,4195.70,4195.20,4195.40,39,39,78,0.00,3.00,-7.00,0.90,77.8,9,90,3.0000,0.5385,-45.00,14.00,4194.42,0.3311,UP,119.80,0.6511,1.0963
20261006 195330 187,4195.40,1,4195.40,4195.60,0.20,4195.40,2,4195.30,8,4195.20,11,4195.10,7,4195.00,12,4194.90,11,4194.80,8,4194.70,19,4194.60,20,4194.50,19,4195.60,6,4195.70,8,4195.80,10,4195.90,8,4196.00,20,4196.10,23,4196.20,19,4196.30,17,4196.40,17,4196.50,19,Buy,32,18,50,14.00,20.00,-2.00,0.50,20.0,4195.30,4195.70,4195.20,4195.40,39,39,78,0.00,3.00,-7.00,0.90,77.8,9,90,3.0000,0.4286,-44.00,15.00,4194.42,0.3311,UP,119.80,0.6511,1.0963
20261006 195330 187,4195.40,2,4195.40,4195.60,0.20,4195.40,2,4195.30,8,4195.20,11,4195.10,7,4195.00,12,4194.90,11,4194.80,8,4194.70,19,4194.60,20,4194.50,19,4195.60,6,4195.70,8,4195.80,10,4195.90,8,4196.00,20,4196.10,23,4196.20,19,4196.30,17,4196.40,17,4196.50,19,Buy,34,18,52,16.00,20.00,-2.00,0.50,20.0,4195.30,4195.70,4195.20,4195.40,39,39,78,0.00,3.00,-7.00,0.90,77.8,9,90,3.0000,0.2500,-42.00,17.00,4194.42,0.3311,UP,119.80,0.6511,1.0963
20261006 195330 187,4195.40,1,4195.40,4195.60,0.20,4195.40,2,4195.30,8,4195.20,11,4195.10,7,4195.00,12,4194.90,11,4194.80,8,4194.70,19,4194.60,20,4194.50,19,4195.60,6,4195.70,8,4195.80,10,4195.90,8,4196.00,20,4196.10,23,4196.20,19,4196.30,17,4196.40,17,4196.50,19,Buy,35,18,53,17.00,20.00,-2.00,0.50,20.0,4195.30,4195.70,4195.20,4195.40,39,39,78,0.00,3.00,-7.00,0.90,77.8,9,90,3.0000,0.1765,-41.00,18.00,4194.42,0.3311,UP,119.80,0.6511,1.0963
20261006 195333 012,4195.50,1,4195.30,4195.60,0.30,4195.30,4,4195.20,11,4195.10,8,4195.00,12,4194.90,11,4194.80,8,4194.70,19,4194.60,20,4194.50,19,4194.40,16,4195.60,5,4195.70,8,4195.80,10,4195.90,8,4196.00,20,4196.10,23,4196.20,19,4196.30,17,4196.40,17,4196.50,19,Buy,36,18,54,18.00,20.00,-2.00,0.50,40.0,4195.30,4195.70,4195.20,4195.50,39,39,78,0.00,3.00,-7.00,0.90,77.8,9,90,3.0000,0.1111,-40.00,19.00,4194.43,0.3342,UP,119.80,0.6511,1.0963
20261006 195333 012,4195.50,1,4195.30,4195.60,0.30,4195.30,4,4195.20,11,4195.10,8,4195.00,12,4194.90,11,4194.80,8,4194.70,19,4194.60,20,4194.50,19,4194.40,16,4195.60,5,4195.70,8,4195.80,10,4195.90,8,4196.00,20,4196.10,23,4196.20,19,4196.30,17,4196.40,17,4196.50,19,Buy,37,18,55,19.00,20.00,-2.00,0.50,40.0,4195.30,4195.70,4195.20,4195.50,39,39,78,0.00,3.00,-7.00,0.90,77.8,9,90,3.0000,0.0526,-39.00,20.00,4194.43,0.3342,UP,119.80,0.6511,1.0963
20261006 195333 012,4195.50,1,4195.30,4195.60,0.30,4195.30,4,4195.20,11,4195.10,8,4195.00,12,4194.90,11,4194.80,8,4194.70,19,4194.60,20,4194.50,19,4194.40,16,4195.60,5,4195.70,8,4195.80,10,4195.90,8,4196.00,20,4196.10,23,4196.20,19,4196.30,17,4196.40,17,4196.50,19,Buy,38,18,56,20.00,20.00,-2.00,0.50,40.0,4195.30,4195.70,4195.20,4195.50,39,39,78,0.00,3.00,-7.00,0.90,77.8,9,90,3.0000,0.0000,-38.00,21.00,4194.43,0.3342,UP,119.80,0.6511,1.0963
20261006 195333 012,4195.50,2,4195.30,4195.60,0.30,4195.30,4,4195.20,11,4195.10,8,4195.00,12,4194.90,11,4194.80,8,4194.70,19,4194.60,20,4194.50,19,4194.40,16,4195.60,5,4195.70,8,4195.80,10,4195.90,8,4196.00,20,4196.10,23,4196.20,19,4196.30,17,4196.40,17,4196.50,19,Buy,40,18,58,22.00,22.00,-2.00,0.50,40.0,4195.30,4195.70,4195.20,4195.50,39,39,78,0.00,3.00,-7.00,0.90,77.8,9,90,3.0000,0.0000,-36.00,23.00,4194.43,0.3342,UP,119.80,0.6511,1.0963
20261006 195333 012,4195.60,1,4195.30,4195.60,0.30,4195.30,4,4195.20,11,4195.10,8,4195.00,12,4194.90,11,4194.80,8,4194.70,19,4194.60,20,4194.50,19,4194.40,16,4195.60,5,4195.70,8,4195.80,10,4195.90,8,4196.00,20,4196.10,23,4196.20,19,4196.30,17,4196.40,17,4196.50,19,Buy,41,18,59,23.00,23.00,-2.00,0.50,60.0,4195.30,4195.70,4195.20,4195.60,39,39,78,0.00,3.00,-7.00,0.90,77.8,9,90,3.0000,0.0000,-35.00,24.00,4194.44,0.3374,UP,119.80,0.6511,1.0963
20261006 195337 534,4195.20,1,4195.20,4195.40,0.20,4195.20,3,4195.10,10,4195.00,11,4194.90,11,4194.80,8,4194.70,11,4194.60,20,4194.50,21,4194.40,16,4194.30,17,4195.40,4,4195.50,6,4195.60,7,4195.70,8,4195.80,10,4195.90,8,4196.00,20,4196.10,23,4196.20,20,4196.30,17,Sell,41,19,60,22.00,23.00,-2.00,0.50,20.0,4195.30,4195.70,4195.20,4195.20,39,39,78,0.00,3.00,-7.00,0.90,77.8,9,90,3.0000,0.0455,-36.00,23.00,4194.40,0.3247,UP,119.80,0.6511,1.0963
20261006 195337 534,4195.20,1,4195.20,4195.40,0.20,4195.20,3,4195.10,10,4195.00,11,4194.90,11,4194.80,8,4194.70,11,4194.60,20,4194.50,21,4194.40,16,4194.30,17,4195.40,4,4195.50,6,4195.60,7,4195.70,8,4195.80,10,4195.90,8,4196.00,20,4196.10,23,4196.20,20,4196.30,17,Sell,41,20,61,21.00,23.00,-2.00,0.50,20.0,4195.30,4195.70,4195.20,4195.20,39,39,78,0.00,3.00,-7.00,0.90,77.8,9,90,3.0000,0.0952,-37.00,22.00,4194.40,0.3247,UP,119.80,0.6511,1.0963
20261006 195337 534,4195.20,1,4195.20,4195.40,0.20,4195.20,3,4195.10,10,4195.00,11,4194.90,11,4194.80,8,4194.70,11,4194.60,20,4194.50,21,4194.40,16,4194.30,17,4195.40,4,4195.50,6,4195.60,7,4195.70,8,4195.80,10,4195.90,8,4196.00,20,4196.10,23,4196.20,20,4196.30,17,Sell,41,21,62,20.00,23.00,-2.00,0.50,20.0,4195.30,4195.70,4195.20,4195.20,39,39,78,0.00,3.00,-7.00,0.90,77.8,9,90,3.0000,0.1500,-38.00,21.00,4194.40,0.3247,UP,119.80,0.6511,1.0963
20261006 195337 534,4195.20,1,4195.20,4195.40,0.20,4195.20,3,4195.10,10,4195.00,11,4194.90,11,4194.80,8,4194.70,11,4194.60,20,4194.50,21,4194.40,16,4194.30,17,4195.40,4,4195.50,6,4195.60,7,4195.70,8,4195.80,10,4195.90,8,4196.00,20,4196.10,23,4196.20,20,4196.30,17,Sell,41,22,63,19.00,23.00,-2.00,0.50,20.0,4195.30,4195.70,4195.20,4195.20,39,39,78,0.00,3.00,-7.00,0.90,77.8,9,90,3.0000,0.2105,-39.00,20.00,4194.40,0.3247,UP,119.80,0.6511,1.0963
20261006 195337 534,4195.20,1,4195.20,4195.40,0.20,4195.20,3,4195.10,10,4195.00,11,4194.90,11,4194.80,8,4194.70,11,4194.60,20,4194.50,21,4194.40,16,4194.30,17,4195.40,4,4195.50,6,4195.60,7,4195.70,8,4195.80,10,4195.90,8,4196.00,20,4196.10,23,4196.20,20,4196.30,17,Sell,41,23,64,18.00,23.00,-2.00,0.50,20.0,4195.30,4195.70,4195.20,4195.20,39,39,78,0.00,3.00,-7.00,0.90,77.8,9,90,3.0000,0.2778,-40.00,19.00,4194.40,0.3247,UP,119.80,0.6511,1.0963
20261006 195339 552,4195.10,1,4195.10,4195.30,0.20,4195.10,5,4195.00,11,4194.90,11,4194.80,8,4194.70,11,4194.60,20,4194.50,21,4194.40,16,4194.30,17,4194.20,16,4195.30,4,4195.40,8,4195.50,7,4195.60,7,4195.70,8,4195.80,10,4195.90,8,4196.00,20,4196.10,23,4196.20,20,Sell,41,24,65,17.00,23.00,-2.00,0.60,33.3,4195.30,4195.70,4195.10,4195.10,39,39,78,0.00,3.00,-7.00,0.90,77.8,9,90,3.0000,0.3529,-41.00,18.00,4194.39,0.3215,UP,119.80,0.6511,1.1034
20261006 195339 552,4195.10,1,4195.10,4195.30,0.20,4195.10,5,4195.00,11,4194.90,11,4194.80,8,4194.70,11,4194.60,20,4194.50,21,4194.40,16,4194.30,17,4194.20,16,4195.30,4,4195.40,8,4195.50,7,4195.60,7,4195.70,8,4195.80,10,4195.90,8,4196.00,20,4196.10,23,4196.20,20,Sell,41,25,66,16.00,23.00,-2.00,0.60,33.3,4195.30,4195.70,4195.10,4195.10,39,39,78,0.00,3.00,-7.00,0.90,77.8,9,90,3.0000,0.4375,-42.00,17.00,4194.39,0.3215,UP,119.80,0.6511,1.1034
20261006 195339 552,4195.10,1,4195.10,4195.30,0.20,4195.10,5,4195.00,11,4194.90,11,4194.80,8,4194.70,11,4194.60,20,4194.50,21,4194.40,16,4194.30,17,4194.20,16,4195.30,4,4195.40,8,4195.50,7,4195.60,7,4195.70,8,4195.80,10,4195.90,8,4196.00,20,4196.10,23,4196.20,20,Sell,41,26,67,15.00,23.00,-2.00,0.60,33.3,4195.30,4195.70,4195.10,4195.10,39,39,78,0.00,3.00,-7.00,0.90,77.8,9,90,3.0000,0.5333,-43.00,16.00,4194.39,0.3215,UP,119.80,0.6511,1.1034
20261006 195339 552,4195.10,1,4195.10,4195.30,0.20,4195.10,5,4195.00,11,4194.90,11,4194.80,8,4194.70,11,4194.60,20,4194.50,21,4194.40,16,4194.30,17,4194.20,16,4195.30,4,4195.40,8,4195.50,7,4195.60,7,4195.70,8,4195.80,10,4195.90,8,4196.00,20,4196.10,23,4196.20,20,Sell,41,27,68,14.00,23.00,-2.00,0.60,33.3,4195.30,4195.70,4195.10,4195.10,39,39,78,0.00,3.00,-7.00,0.90,77.8,9,90,3.0000,0.6429,-44.00,15.00,4194.39,0.3215,UP,119.80,0.6511,1.1034
20261006 195340 827,4195.30,1,4195.20,4195.40,0.20,4195.20,7,4195.10,7,4195.00,12,4194.90,11,4194.80,8,4194.70,11,4194.60,20,4194.50,21,4194.40,16,4194.30,17,4195.40,4,4195.50,7,4195.60,7,4195.70,8,4195.80,10,4195.90,8,4196.00,20,4196.10,23,4196.20,20,4196.30,17,Buy,42,27,69,15.00,23.00,-2.00,0.60,0.0,4195.30,4195.70,4195.10,4195.30,39,39,78,0.00,3.00,-7.00,0.90,77.8,9,90,3.0000,0.5333,-43.00,16.00,4194.41,0.3279,UP,119.80,0.6511,1.1034
20261006 195340 827,4195.30,1,4195.20,4195.40,0.20,4195.20,7,4195.10,7,4195.00,12,4194.90,11,4194.80,8,4194.70,11,4194.60,20,4194.50,21,4194.40,16,4194.30,17,4195.40,4,4195.50,7,4195.60,7,4195.70,8,4195.80,10,4195.90,8,4196.00,20,4196.10,23,4196.20,20,4196.30,17,Buy,43,27,70,16.00,23.00,-2.00,0.60,0.0,4195.30,4195.70,4195.10,4195.30,39,39,78,0.00,3.00,-7.00,0.90,77.8,9,90,3.0000,0.4375,-42.00,17.00,4194.41,0.3279,UP,119.80,0.6511,1.1034
20261006 195341 701,4195.40,1,4195.30,4195.40,0.10,4195.30,2,4195.20,7,4195.10,7,4195.00,12,4194.90,10,4194.80,8,4194.70,12,4194.60,20,4194.50,21,4194.40,16,4195.40,1,4195.50,5,4195.60,7,4195.70,8,4195.80,10,4195.90,8,4196.00,20,4196.10,23,4196.20,20,4196.30,17,Buy,44,27,71,17.00,23.00,-2.00,0.60,16.7,4195.30,4195.70,4195.10,4195.40,39,39,78,0.00,3.00,-7.00,0.90,77.8,9,90,3.0000,0.3529,-41.00,18.00,4194.42,0.3311,UP,119.80,0.6511,1.1034
20261006 195341 726,4195.30,1,4195.20,4195.40,0.20,4195.20,6,4195.10,7,4195.00,12,4194.90,10,4194.80,8,4194.70,22,4194.60,20,4194.50,21,4194.40,16,4194.30,17,4195.40,4,4195.50,5,4195.60,7,4195.70,8,4195.80,10,4195.90,8,4196.00,20,4196.10,23,4196.20,20,4196.30,17,Sell,44,28,72,16.00,23.00,-2.00,0.60,0.0,4195.30,4195.70,4195.10,4195.30,39,39,78,0.00,3.00,-7.00,0.90,77.8,9,90,3.0000,0.4375,-42.00,17.00,4194.41,0.3279,UP,119.80,0.6511,1.1034
20261006 195342 236,4195.40,1,4195.20,4195.40,0.20,4195.20,7,4195.10,9,4195.00,12,4194.90,10,4194.80,8,4194.70,20,4194.60,18,4194.50,19,4194.40,16,4194.30,17,4195.40,2,4195.50,8,4195.60,7,4195.70,8,4195.80,10,4195.90,8,4196.00,20,4196.10,23,4196.20,20,4196.30,17,Buy,45,28,73,17.00,23.00,-2.00,0.60,16.7,4195.30,4195.70,4195.10,4195.40,39,39,78,0.00,3.00,-7.00,0.90,77.8,9,90,3.0000,0.3529,-41.00,18.00,4194.42,0.3311,UP,119.80,0.6511,1.1034
20261006 195346 789,4195.10,1,4195.10,4195.30,0.20,4195.10,8,4195.00,12,4194.90,10,4194.80,9,4194.70,19,4194.60,18,4194.50,19,4194.40,16,4194.30,17,4194.20,16,4195.30,5,4195.40,8,4195.50,8,4195.60,7,4195.70,8,4195.80,10,4195.90,8,4196.00,21,4196.10,23,4196.20,20,Sell,45,29,74,16.00,23.00,-2.00,0.60,33.3,4195.30,4195.70,4195.10,4195.10,39,39,78,0.00,3.00,-7.00,0.90,77.8,9,90,3.0000,0.4375,-42.00,17.00,4194.39,0.3215,UP,119.80,0.6511,1.1034
20261006 195346 789,4195.10,1,4195.10,4195.30,0.20,4195.10,8,4195.00,12,4194.90,10,4194.80,9,4194.70,19,4194.60,18,4194.50,19,4194.40,16,4194.30,17,4194.20,16,4195.30,5,4195.40,8,4195.50,8,4195.60,7,4195.70,8,4195.80,10,4195.90,8,4196.00,21,4196.10,23,4196.20,20,Sell,45,30,75,15.00,23.00,-2.00,0.60,33.3,4195.30,4195.70,4195.10,4195.10,39,39,78,0.00,3.00,-7.00,0.90,77.8,9,90,3.0000,0.5333,-43.00,16.00,4194.39,0.3215,UP,119.80,0.6511,1.1034
20261006 195349 463,4195.30,4,4195.20,4195.30,0.10,4195.20,1,4195.10,8,4195.00,12,4194.90,10,4194.80,9,4194.70,11,4194.60,18,4194.50,19,4194.40,16,4194.30,17,4195.30,5,4195.40,8,4195.50,8,4195.60,7,4195.70,7,4195.80,10,4195.90,18,4196.00,21,4196.10,23,4196.20,20,Buy,49,30,79,19.00,23.00,-2.00,0.60,0.0,4195.30,4195.70,4195.10,4195.30,39,39,78,0.00,3.00,-7.00,0.90,77.8,9,90,3.0000,0.2105,-39.00,20.00,4194.41,0.3279,UP,119.80,0.6511,1.1034
20261006 195349 463,4195.30,1,4195.20,4195.30,0.10,4195.20,1,4195.10,8,4195.00,12,4194.90,10,4194.80,9,4194.70,11,4194.60,18,4194.50,19,4194.40,16,4194.30,17,4195.30,5,4195.40,8,4195.50,8,4195.60,7,4195.70,7,4195.80,10,4195.90,18,4196.00,21,4196.10,23,4196.20,20,Buy,50,30,80,20.00,23.00,-2.00,0.60,0.0,4195.30,4195.70,4195.10,4195.30,39,39,78,0.00,3.00,-7.00,0.90,77.8,9,90,3.0000,0.1500,-38.00,21.00,4194.41,0.3279,UP,119.80,0.6511,1.1034
20261006 195350 558,4195.30,1,4195.20,4195.40,0.20,4195.20,6,4195.10,8,4195.00,12,4194.90,10,4194.80,9,4194.70,11,4194.60,18,4194.50,19,4194.40,16,4194.30,17,4195.40,2,4195.50,7,4195.60,7,4195.70,7,4195.80,10,4195.90,18,4196.00,21,4196.10,23,4196.20,20,4196.30,17,Sell,50,31,81,19.00,23.00,-2.00,0.60,0.0,4195.30,4195.70,4195.10,4195.30,39,39,78,0.00,3.00,-7.00,0.90,77.8,9,90,3.0000,0.2105,-39.00,20.00,4194.41,0.3279,UP,119.80,0.6511,1.1034
20261006 195356 606,4195.40,1,4195.40,4195.50,0.10,4195.40,4,4195.30,9,4195.20,8,4195.10,9,4195.00,12,4194.90,10,4194.80,9,4194.70,19,4194.60,18,4194.50,19,4195.60,9,4195.70,8,4195.80,10,4195.90,8,4196.00,10,4196.10,23,4196.20,20,4196.30,17,4196.40,18,4196.50,19,Sell,50,32,82,18.00,23.00,-2.00,0.60,16.7,4195.30,4195.70,4195.10,4195.40,39,39,78,0.00,3.00,-7.00,0.90,77.8,9,90,3.0000,0.2778,-40.00,19.00,4194.42,0.3311,UP,119.80,0.6511,1.1034
20261006 195358 006,4195.30,2,4195.30,4195.40,0.10,4195.20,7,4195.10,9,4195.00,12,4194.90,10,4194.80,17,4194.70,19,4194.60,18,4194.50,19,4194.40,16,4194.30,17,4195.40,3,4195.50,6,4195.60,9,4195.70,8,4195.80,10,4195.90,8,4196.00,10,4196.10,23,4196.20,20,4196.30,17,Sell,50,34,84,16.00,23.00,-2.00,0.60,0.0,4195.30,4195.70,4195.10,4195.30,39,39,78,0.00,3.00,-7.00,0.90,77.8,9,90,3.0000,0.4375,-42.00,17.00,4194.41,0.3279,UP,119.80,0.6511,1.1034
20261006 195358 006,4195.30,2,4195.30,4195.40,0.10,4195.20,7,4195.10,9,4195.00,12,4194.90,10,4194.80,17,4194.70,19,4194.60,18,4194.50,19,4194.40,16,4194.30,17,4195.40,3,4195.50,6,4195.60,9,4195.70,8,4195.80,10,4195.90,8,4196.00,10,4196.10,23,4196.20,20,4196.30,17,Sell,50,36,86,14.00,23.00,-2.00,0.60,0.0,4195.30,4195.70,4195.10,4195.30,39,39,78,0.00,3.00,-7.00,0.90,77.8,9,90,3.0000,0.6429,-44.00,15.00,4194.41,0.3279,UP,119.80,0.6511,1.1034
20261006 195358 016,4195.40,1,4195.50,4195.70,0.20,4195.50,1,4195.40,5,4195.30,9,4195.20,9,4195.10,9,4195.00,12,4194.90,10,4194.80,17,4194.70,19,4194.60,18,4195.70,8,4195.80,10,4195.90,8,4196.00,10,4196.10,23,4196.20,20,4196.30,17,4196.40,18,4196.50,19,4196.60,20,Buy,51,36,87,15.00,23.00,-2.00,0.60,16.7,4195.30,4195.70,4195.10,4195.40,39,39,78,0.00,3.00,-7.00,0.90,77.8,9,90,3.0000,0.5333,-43.00,16.00,4194.42,0.3311,UP,119.80,0.6511,1.1034
20261006 195403 975,4195.60,1,4195.60,4195.80,0.20,4195.60,1,4195.50,5,4195.40,9,4195.30,9,4195.20,11,4195.10,8,4195.00,12,4194.90,20,4194.80,19,4194.70,19,4195.80,9,4195.90,7,4196.00,11,4196.10,13,4196.20,20,4196.30,17,4196.40,17,4196.50,19,4196.60,20,4196.70,20,Buy,1,0,1,1.00,1.00,1.00,0.00,0.0,4195.60,4195.60,4195.60,4195.60,51,36,87,15.00,23.00,-2.00,0.60,16.7,-24,69,0.5333,0.0000,63.00,32.00,4194.44,0.3374,UP,116.70,0.7455,1.0389
20261006 195404 493,4195.80,1,4195.60,4195.80,0.20,4195.60,6,4195.50,7,4195.40,10,4195.30,9,4195.20,12,4195.10,8,4195.00,22,4194.90,20,4194.80,19,4194.70,19,4195.80,1,4195.90,10,4196.00,10,4196.10,13,4196.20,10,4196.30,17,4196.40,17,4196.50,19,4196.60,20,4196.70,20,Buy,2,0,2,2.00,2.00,1.00,0.20,100.0,4195.60,4195.80,4195.60,4195.80,51,36,87,15.00,23.00,-2.00,0.60,16.7,-24,69,0.5333,0.0000,64.00,33.00,4194.46,0.3438,UP,116.70,0.7455,1.0532
20261006 195404 494,4195.80,1,4195.60,4195.80,0.20,4195.60,6,4195.50,7,4195.40,10,4195.30,9,4195.20,12,4195.10,8,4195.00,22,4194.90,20,4194.80,19,4194.70,19,4195.80,1,4195.90,10,4196.00,10,4196.10,13,4196.20,10,4196.30,17,4196.40,17,4196.50,19,4196.60,20,4196.70,20,Sell,2,1,3,1.00,2.00,1.00,0.20,100.0,4195.60,4195.80,4195.60,4195.80,51,36,87,15.00,23.00,-2.00,0.60,16.7,-24,69,0.5333,1.0000,63.00,32.00,4194.46,0.3438,UP,116.70,0.7455,1.0532
20261006 195405 075,4195.80,1,4195.60,4195.80,0.20,4195.60,6,4195.50,8,4195.40,10,4195.30,10,4195.20,12,4195.10,8,4195.00,22,4194.90,20,4194.80,19,4194.70,19,4195.80,2,4195.90,10,4196.00,10,4196.10,13,4196.20,10,4196.30,17,4196.40,17,4196.50,19,4196.60,20,4196.70,20,Buy,3,1,4,2.00,2.00,1.00,0.20,100.0,4195.60,4195.80,4195.60,4195.80,51,36,87,15.00,23.00,-2.00,0.60,16.7,-24,69,0.5333,0.0000,64.00,33.00,4194.46,0.3438,UP,116.70,0.7455,1.0532
20261006 195405 777,4195.80,1,4195.60,4195.80,0.20,4195.60,6,4195.50,8,4195.40,10,4195.30,10,4195.20,12,4195.10,8,4195.00,22,4194.90,20,4194.80,19,4194.70,19,4195.80,1,4195.90,10,4196.00,10,4196.10,13,4196.20,10,4196.30,17,4196.40,17,4196.50,19,4196.60,20,4196.70,20,Buy,4,1,5,3.00,3.00,1.00,0.20,100.0,4195.60,4195.80,4195.60,4195.80,51,36,87,15.00,23.00,-2.00,0.60,16.7,-24,69,0.5333,0.0000,65.00,34.00,4194.46,0.3438,UP,116.70,0.7455,1.0532
20261006 195406 339,4195.90,1,4195.70,4195.90,0.20,4195.70,2,4195.60,6,4195.50,8,4195.40,11,4195.30,10,4195.20,12,4195.10,8,4195.00,22,4194.90,20,4194.80,19,4195.90,7,4196.00,10,4196.10,13,4196.20,10,4196.30,17,4196.40,17,4196.50,19,4196.60,20,4196.70,20,4196.80,19,Buy,5,1,6,4.00,4.00,1.00,0.30,100.0,4195.60,4195.90,4195.60,4195.90,51,36,87,15.00,23.00,-2.00,0.60,16.7,-24,69,0.5333,0.0000,66.00,35.00,4194.47,0.3469,UP,116.70,0.7455,1.0603
20261006 195406 339,4195.90,1,4195.70,4195.90,0.20,4195.70,2,4195.60,6,4195.50,8,4195.40,11,4195.30,10,4195.20,12,4195.10,8,4195.00,22,4194.90,20,4194.80,19,4195.90,7,4196.00,10,4196.10,13,4196.20,10,4196.30,17,4196.40,17,4196.50,19,4196.60,20,4196.70,20,4196.80,19,Buy,6,1,7,5.00,5.00,1.00,0.30,100.0,4195.60,4195.90,4195.60,4195.90,51,36,87,15.00,23.00,-2.00,0.60,16.7,-24,69,0.5333,0.0000,67.00,36.00,4194.47,0.3469,UP,116.70,0.7455,1.0603
20261006 195406 339,4195.90,1,4195.70,4195.90,0.20,4195.70,2,4195.60,6,4195.50,8,4195.40,11,4195.30,10,4195.20,12,4195.10,8,4195.00,22,4194.90,20,4194.80,19,4195.90,7,4196.00,10,4196.10,13,4196.20,10,4196.30,17,4196.40,17,4196.50,19,4196.60,20,4196.70,20,4196.80,19,Buy,7,1,8,6.00,6.00,1.00,0.30,100.0,4195.60,4195.90,4195.60,4195.90,51,36,87,15.00,23.00,-2.00,0.60,16.7,-24,69,0.5333,0.0000,68.00,37.00,4194.47,0.3469,UP,116.70,0.7455,1.0603
20261006 195406 339,4195.90,1,4195.70,4195.90,0.20,4195.70,2,4195.60,6,4195.50,8,4195.40,11,4195.30,10,4195.20,12,4195.10,8,4195.00,22,4194.90,20,4194.80,19,4195.90,7,4196.00,10,4196.10,13,4196.20,10,4196.30,17,4196.40,17,4196.50,19,4196.60,20,4196.70,20,4196.80,19,Buy,8,1,9,7.00,7.00,1.00,0.30,100.0,4195.60,4195.90,4195.60,4195.90,51,36,87,15.00,23.00,-2.00,0.60,16.7,-24,69,0.5333,0.0000,69.00,38.00,4194.47,0.3469,UP,116.70,0.7455,1.0603
20261006 195409 970,4195.60,1,4195.60,4195.80,0.20,4195.60,2,4195.50,8,4195.40,11,4195.30,10,4195.20,12,4195.10,8,4195.00,22,4194.90,20,4194.80,19,4194.70,19,4195.80,4,4195.90,8,4196.00,10,4196.10,12,4196.20,10,4196.30,7,4196.40,17,4196.50,19,4196.60,20,4196.70,20,Sell,8,2,10,6.00,7.00,1.00,0.30,0.0,4195.60,4195.90,4195.60,4195.60,51,36,87,15.00,23.00,-2.00,0.60,16.7,-24,69,0.5333,0.1667,68.00,37.00,4194.44,0.3374,UP,116.70,0.7455,1.0603
20261006 195409 970,4195.60,1,4195.60,4195.80,0.20,4195.60,2,4195.50,8,4195.40,11,4195.30,10,4195.20,12,4195.10,8,4195.00,22,4194.90,20,4194.80,19,4194.70,19,4195.80,4,4195.90,8,4196.00,10,4196.10,12,4196.20,10,4196.30,7,4196.40,17,4196.50,19,4196.60,20,4196.70,20,Sell,8,3,11,5.00,7.00,1.00,0.30,0.0,4195.60,4195.90,4195.60,4195.60,51,36,87,15.00,23.00,-2.00,0.60,16.7,-24,69,0.5333,0.4000,67.00,36.00,4194.44,0.3374,UP,116.70,0.7455,1.0603
20261006 195412 099,4195.60,1,4195.60,4195.70,0.10,4195.60,1,4195.50,8,4195.40,11,4195.30,10,4195.20,12,4195.10,8,4195.00,22,4194.90,20,4194.80,19,4194.70,19,4195.70,3,4195.80,9,4195.90,7,4196.00,10,4196.10,12,4196.20,10,4196.30,17,4196.40,17,4196.50,19,4196.60,20,Sell,8,4,12,4.00,7.00,1.00,0.30,0.0,4195.60,4195.90,4195.60,4195.60,51,36,87,15.00,23.00,-2.00,0.60,16.7,-24,69,0.5333,0.7500,66.00,35.00,4194.44,0.3374,UP,116.70,0.7455,1.0603
20261006 195412 099,4195.60,1,4195.60,4195.70,0.10,4195.60,1,4195.50,8,4195.40,11,4195.30,10,4195.20,12,4195.10,8,4195.00,22,4194.90,20,4194.80,19,4194.70,19,4195.70,3,4195.80,9,4195.90,7,4196.00,10,4196.10,12,4196.20,10,4196.30,17,4196.40,17,4196.50,19,4196.60,20,Sell,8,5,13,3.00,7.00,1.00,0.30,0.0,4195.60,4195.90,4195.60,4195.60,51,36,87,15.00,23.00,-2.00,0.60,16.7,-24,69,0.5333,1.3333,65.00,34.00,4194.44,0.3374,UP,116.70,0.7455,1.0603
20261006 195412 099,4195.60,1,4195.60,4195.70,0.10,4195.60,1,4195.50,8,4195.40,11,4195.30,10,4195.20,12,4195.10,8,4195.00,22,4194.90,20,4194.80,19,4194.70,19,4195.70,3,4195.80,9,4195.90,7,4196.00,10,4196.10,12,4196.20,10,4196.30,17,4196.40,17,4196.50,19,4196.60,20,Sell,8,6,14,2.00,7.00,1.00,0.30,0.0,4195.60,4195.90,4195.60,4195.60,51,36,87,15.00,23.00,-2.00,0.60,16.7,-24,69,0.5333,2.5000,64.00,33.00,4194.44,0.3374,UP,116.70,0.7455,1.0603
20261006 195412 099,4195.60,1,4195.60,4195.70,0.10,4195.60,1,4195.50,8,4195.40,11,4195.30,10,4195.20,12,4195.10,8,4195.00,22,4194.90,20,4194.80,19,4194.70,19,4195.70,3,4195.80,9,4195.90,7,4196.00,10,4196.10,12,4196.20,10,4196.30,17,4196.40,17,4196.50,19,4196.60,20,Sell,8,7,15,1.00,7.00,1.00,0.30,0.0,4195.60,4195.90,4195.60,4195.60,51,36,87,15.00,23.00,-2.00,0.60,16.7,-24,69,0.5333,6.0000,63.00,32.00,4194.44,0.3374,UP,116.70,0.7455,1.0603
20261006 195412 099,4195.60,1,4195.60,4195.70,0.10,4195.60,1,4195.50,8,4195.40,11,4195.30,10,4195.20,12,4195.10,8,4195.00,22,4194.90,20,4194.80,19,4194.70,19,4195.70,3,4195.80,9,4195.90,7,4196.00,10,4196.10,12,4196.20,10,4196.30,17,4196.40,17,4196.50,19,4196.60,20,Sell,8,8,16,0.00,7.00,0.00,0.30,0.0,4195.60,4195.90,4195.60,4195.60,51,36,87,15.00,23.00,-2.00,0.60,16.7,-24,69,0.5333,7.0000,62.00,31.00,4194.44,0.3374,UP,116.70,0.7455,1.0603
20261006 195414 101,4195.80,1,4195.70,4195.90,0.20,4195.70,1,4195.60,7,4195.50,8,4195.40,11,4195.30,10,4195.20,12,4195.10,8,4195.00,22,4194.90,20,4194.80,19,4195.90,5,4196.00,10,4196.10,12,4196.20,10,4196.30,17,4196.40,17,4196.50,19,4196.60,20,4196.70,20,4196.80,19,Buy,9,8,17,1.00,7.00,0.00,0.30,66.7,4195.60,4195.90,4195.60,4195.80,51,36,87,15.00,23.00,-2.00,0.60,16.7,-24,69,0.5333,6.0000,63.00,32.00,4194.46,0.3438,UP,116.70,0.7455,1.0603
20261006 195414 101,4195.90,1,4195.70,4195.90,0.20,4195.70,1,4195.60,7,4195.50,8,4195.40,11,4195.30,10,4195.20,12,4195.10,8,4195.00,22,4194.90,20,4194.80,19,4195.90,5,4196.00,10,4196.10,12,4196.20,10,4196.30,17,4196.40,17,4196.50,19,4196.60,20,4196.70,20,4196.80,19,Buy,10,8,18,2.00,7.00,0.00,0.30,100.0,4195.60,4195.90,4195.60,4195.90,51,36,87,15.00,23.00,-2.00,0.60,16.7,-24,69,0.5333,2.5000,64.00,33.00,4194.47,0.3469,UP,116.70,0.7455,1.0603
20261006 195414 101,4195.90,1,4195.70,4195.90,0.20,4195.70,1,4195.60,7,4195.50,8,4195.40,11,4195.30,10,4195.20,12,4195.10,8,4195.00,22,4194.90,20,4194.80,19,4195.90,5,4196.00,10,4196.10,12,4196.20,10,4196.30,17,4196.40,17,4196.50,19,4196.60,20,4196.70,20,4196.80,19,Buy,11,8,19,3.00,7.00,0.00,0.30,100.0,4195.60,4195.90,4195.60,4195.90,51,36,87,15.00,23.00,-2.00,0.60,16.7,-24,69,0.5333,1.3333,65.00,34.00,4194.47,0.3469,UP,116.70,0.7455,1.0603
20261006 195414 101,4195.90,1,4195.70,4195.90,0.20,4195.70,1,4195.60,7,4195.50,8,4195.40,11,4195.30,10,4195.20,12,4195.10,8,4195.00,22,4194.90,20,4194.80,19,4195.90,5,4196.00,10,4196.10,12,4196.20,10,4196.30,17,4196.40,17,4196.50,19,4196.60,20,4196.70,20,4196.80,19,Buy,12,8,20,4.00,7.00,0.00,0.30,100.0,4195.60,4195.90,4195.60,4195.90,51,36,87,15.00,23.00,-2.00,0.60,16.7,-24,69,0.5333,0.7500,66.00,35.00,4194.47,0.3469,UP,116.70,0.7455,1.0603
20261006 195415 234,4195.70,1,4195.60,4195.80,0.20,4195.60,9,4195.50,7,4195.40,11,4195.30,10,4195.20,12,4195.10,8,4195.00,22,4194.90,20,4194.80,19,4194.70,19,4195.80,2,4195.90,5,4196.00,10,4196.10,12,4196.20,11,4196.30,17,4196.40,17,4196.50,19,4196.60,20,4196.70,20,Sell,12,9,21,3.00,7.00,0.00,0.30,33.3,4195.60,4195.90,4195.60,4195.70,51,36,87,15.00,23.00,-2.00,0.60,16.7,-24,69,0.5333,1.3333,65.00,34.00,4194.45,0.3406,UP,116.70,0.7455,1.0603
20261006 195415 234,4195.70,1,4195.60,4195.80,0.20,4195.60,9,4195.50,7,4195.40,11,4195.30,10,4195.20,12,4195.10,8,4195.00,22,4194.90,20,4194.80,19,4194.70,19,4195.80,2,4195.90,5,4196.00,10,4196.10,12,4196.20,11,4196.30,17,4196.40,17,4196.50,19,4196.60,20,4196.70,20,Sell,12,10,22,2.00,7.00,0.00,0.30,33.3,4195.60,4195.90,4195.60,4195.70,51,36,87,15.00,23.00,-2.00,0.60,16.7,-24,69,0.5333,2.5000,64.00,33.00,4194.45,0.3406,UP,116.70,0.7455,1.0603
20261006 195418 055,4195.60,1,4195.60,4195.80,0.20,4195.60,5,4195.50,7,4195.40,11,4195.30,10,4195.20,12,4195.10,8,4195.00,22,4194.90,20,4194.80,19,4194.70,19,4195.80,2,4195.90,6,4196.00,10,4196.10,12,4196.20,11,4196.30,17,4196.40,17,4196.50,19,4196.60,21,4196.70,20,Sell,12,11,23,1.00,7.00,0.00,0.30,0.0,4195.60,4195.90,4195.60,4195.60,51,36,87,15.00,23.00,-2.00,0.60,16.7,-24,69,0.5333,6.0000,63.00,32.00,4194.44,0.3374,UP,116.70,0.7455,1.0603
20261006 195418 055,4195.60,1,4195.60,4195.80,0.20,4195.60,5,4195.50,7,4195.40,11,4195.30,10,4195.20,12,4195.10,8,4195.00,22,4194.90,20,4194.80,19,4194.70,19,4195.80,2,4195.90,6,4196.00,10,4196.10,12,4196.20,11,4196.30,17,4196.40,17,4196.50,19,4196.60,21,4196.70,20,Sell,12,12,24,0.00,7.00,0.00,0.30,0.0,4195.60,4195.90,4195.60,4195.60,51,36,87,15.00,23.00,-2.00,0.60,16.7,-24,69,0.5333,7.0000,62.00,31.00,4194.44,0.3374,UP,116.70,0.7455,1.0603
20261006 195419 643,4195.70,1,4195.60,4195.70,0.10,4195.60,1,4195.50,4,4195.40,10,4195.30,10,4195.20,12,4195.10,8,4195.00,22,4194.90,20,4194.80,19,4194.70,19,4195.70,1,4195.80,8,4195.90,6,4196.00,10,4196.10,12,4196.20,11,4196.30,17,4196.40,17,4196.50,19,4196.60,21,Buy,13,12,25,1.00,7.00,0.00,0.30,33.3,4195.60,4195.90,4195.60,4195.70,51,36,87,15.00,23.00,-2.00,0.60,16.7,-24,69,0.5333,6.0000,63.00,32.00,4194.45,0.3406,UP,116.70,0.7455,1.0603
20261006 195419 912,4195.60,1,4195.60,4195.70,0.10,4195.60,1,4195.50,7,4195.40,10,4195.30,10,4195.20,12,4195.10,8,4195.00,22,4194.90,20,4194.80,19,4194.70,19,4195.70,1,4195.80,8,4195.90,6,4196.00,10,4196.10,12,4196.20,11,4196.30,17,4196.40,17,4196.50,19,4196.60,21,Sell,13,13,26,0.00,7.00,0.00,0.30,0.0,4195.60,4195.90,4195.60,4195.60,51,36,87,15.00,23.00,-2.00,0.60,16.7,-24,69,0.5333,7.0000,62.00,31.00,4194.44,0.3374,UP,116.70,0.7455,1.0603
20261006 195419 912,4195.50,1,4195.60,4195.70,0.10,4195.60,1,4195.50,7,4195.40,10,4195.30,10,4195.20,12,4195.10,8,4195.00,22,4194.90,20,4194.80,19,4194.70,19,4195.70,1,4195.80,8,4195.90,6,4196.00,10,4196.10,12,4196.20,11,4196.30,17,4196.40,17,4196.50,19,4196.60,21,Sell,13,14,27,-1.00,7.00,-1.00,0.40,25.0,4195.60,4195.90,4195.50,4195.50,51,36,87,15.00,23.00,-2.00,0.60,16.7,-24,69,0.5333,0.0000,61.00,30.00,4194.43,0.3342,UP,116.70,0.7455,1.0603
20261006 195420 374,4195.70,1,4195.60,4195.80,0.20,4195.60,2,4195.50,7,4195.40,11,4195.30,10,4195.20,12,4195.10,8,4195.00,22,4194.90,20,4194.80,19,4194.70,19,4195.80,7,4195.90,6,4196.00,10,4196.10,12,4196.20,11,4196.30,17,4196.40,17,4196.50,19,4196.60,21,4196.70,20,Buy,14,14,28,0.00,7.00,-1.00,0.40,25.0,4195.60,4195.90,4195.50,4195.70,51,36,87,15.00,23.00,-2.00,0.60,16.7,-24,69,0.5333,7.0000,62.00,31.00,4194.45,0.3406,UP,116.70,0.7455,1.0603
20261006 195420 374,4195.80,1,4195.60,4195.80,0.20,4195.60,2,4195.50,7,4195.40,11,4195.30,10,4195.20,12,4195.10,8,4195.00,22,4194.90,20,4194.80,19,4194.70,19,4195.80,7,4195.90,6,4196.00,10,4196.10,12,4196.20,11,4196.30,17,4196.40,17,4196.50,19,4196.60,21,4196.70,20,Buy,15,14,29,1.00,7.00,-1.00,0.40,50.0,4195.60,4195.90,4195.50,4195.80,51,36,87,15.00,23.00,-2.00,0.60,16.7,-24,69,0.5333,6.0000,63.00,32.00,4194.46,0.3438,UP,116.70,0.7455,1.0603
20261006 195420 374,4195.80,1,4195.60,4195.80,0.20,4195.60,2,4195.50,7,4195.40,11,4195.30,10,4195.20,12,4195.10,8,4195.00,22,4194.90,20,4194.80,19,4194.70,19,4195.80,7,4195.90,6,4196.00,10,4196.10,12,4196.20,11,4196.30,17,4196.40,17,4196.50,19,4196.60,21,4196.70,20,Buy,16,14,30,2.00,7.00,-1.00,0.40,50.0,4195.60,4195.90,4195.50,4195.80,51,36,87,15.00,23.00,-2.00,0.60,16.7,-24,69,0.5333,2.5000,64.00,33.00,4194.46,0.3438,UP,116.70,0.7455,1.0603
20261006 195423 357,4195.70,1,4195.60,4195.80,0.20,4195.60,5,4195.50,7,4195.40,12,4195.30,10,4195.20,12,4195.10,8,4195.00,22,4194.90,20,4194.80,19,4194.70,19,4195.80,3,4195.90,4,4196.00,10,4196.10,12,4196.20,11,4196.30,17,4196.40,17,4196.50,19,4196.60,21,4196.70,20,Sell,16,15,31,1.00,7.00,-1.00,0.40,25.0,4195.60,4195.90,4195.50,4195.70,51,36,87,15.00,23.00,-2.00,0.60,16.7,-24,69,0.5333,6.0000,63.00,32.00,4194.45,0.3406,UP,116.70,0.7455,1.0603
20261006 195425 627,4195.80,1,4195.70,4195.90,0.20,4195.70,5,4195.60,6,4195.50,8,4195.40,11,4195.30,10,4195.20,12,4195.10,8,4195.00,22,4194.90,20,4194.80,19,4195.90,2,4196.00,9,4196.10,12,4196.20,10,4196.30,7,4196.40,17,4196.50,19,4196.60,21,4196.70,20,4196.80,19,Buy,17,15,32,2.00,7.00,-1.00,0.40,50.0,4195.60,4195.90,4195.50,4195.80,51,36,87,15.00,23.00,-2.00,0.60,16.7,-24,69,0.5333,2.5000,64.00,33.00,4194.46,0.3438,UP,116.70,0.7455,1.0603
20261006 195427 904,4195.80,1,4195.80,4196.00,0.20,4195.80,3,4195.70,7,4195.60,7,4195.50,9,4195.40,11,4195.30,10,4195.20,12,4195.10,18,4195.00,22,4194.90,20,4196.00,6,4196.10,13,4196.20,10,4196.30,7,4196.40,7,4196.50,19,4196.60,20,4196.70,20,4196.80,20,4196.90,21,Sell,17,16,33,1.00,7.00,-1.00,0.40,50.0,4195.60,4195.90,4195.50,4195.80,51,36,87,15.00,23.00,-2.00,0.60,16.7,-24,69,0.5333,6.0000,63.00,32.00,4194.46,0.3438,UP,116.70,0.7455,1.0603
20261006 195429 083,4196.00,1,4195.90,4196.10,0.20,4195.90,2,4195.80,7,4195.70,7,4195.60,8,4195.50,9,4195.40,11,4195.30,10,4195.20,22,4195.10,18,4195.00,22,4196.10,11,4196.20,10,4196.30,7,4196.40,7,4196.50,19,4196.60,20,4196.70,20,4196.80,20,4196.90,21,4197.00,23,Buy,18,16,34,2.00,7.00,-1.00,0.50,80.0,4195.60,4196.00,4195.50,4196.00,51,36,87,15.00,23.00,-2.00,0.60,16.7,-24,69,0.5333,2.5000,64.00,33.00,4194.48,0.3501,UP,116.70,0.7455,1.0675
20261006 195429 083,4196.10,1,4195.90,4196.10,0.20,4195.90,2,4195.80,7,4195.70,7,4195.60,8,4195.50,9,4195.40,11,4195.30,10,4195.20,22,4195.10,18,4195.00,22,4196.10,11,4196.20,10,4196.30,7,4196.40,7,4196.50,19,4196.60,20,4196.70,20,4196.80,20,4196.90,21,4197.00,23,Buy,19,16,35,3.00,7.00,-1.00,0.60,83.3,4195.60,4196.10,4195.50,4196.10,51,36,87,15.00,23.00,-2.00,0.60,16.7,-24,69,0.5333,1.3333,65.00,34.00,4194.48,0.3533,UP,116.70,0.7455,1.0746
20261006 195430 364,4196.00,1,4195.90,4196.10,0.20,4195.90,6,4195.80,7,4195.70,7,4195.60,8,4195.50,9,4195.40,11,4195.30,10,4195.20,22,4195.10,18,4195.00,22,4196.10,5,4196.20,10,4196.30,7,4196.40,7,4196.50,9,4196.60,20,4196.70,20,4196.80,20,4196.90,21,4197.00,23,Sell,19,17,36,2.00,7.00,-1.00,0.60,66.7,4195.60,4196.10,4195.50,4196.00,51,36,87,15.00,23.00,-2.00,0.60,16.7,-24,69,0.5333,2.5000,64.00,33.00,4194.48,0.3501,UP,116.70,0.7455,1.0746
20261006 195435 383,4195.60,1,4195.50,4195.70,0.20,4195.50,2,4195.40,11,4195.30,10,4195.20,12,4195.10,8,4195.00,22,4194.90,20,4194.80,18,4194.70,19,4194.60,16,4195.70,5,4195.80,7,4195.90,7,4196.00,9,4196.10,19,4196.20,10,4196.30,17,4196.40,17,4196.50,19,4196.60,20,Sell,19,18,37,1.00,7.00,-1.00,0.60,0.0,4195.60,4196.10,4195.50,4195.60,51,36,87,15.00,23.00,-2.00,0.60,16.7,-24,69,0.5333,6.0000,63.00,32.00,4194.44,0.3374,UP,116.70,0.7455,1.0746
20261006 195435 383,4195.60,1,4195.50,4195.70,0.20,4195.50,2,4195.40,11,4195.30,10,4195.20,12,4195.10,8,4195.00,22,4194.90,20,4194.80,18,4194.70,19,4194.60,16,4195.70,5,4195.80,7,4195.90,7,4196.00,9,4196.10,19,4196.20,10,4196.30,17,4196.40,17,4196.50,19,4196.60,20,Sell,19,19,38,0.00,7.00,-1.00,0.60,0.0,4195.60,4196.10,4195.50,4195.60,51,36,87,15.00,23.00,-2.00,0.60,16.7,-24,69,0.5333,7.0000,62.00,31.00,4194.44,0.3374,UP,116.70,0.7455,1.0746
20261006 195435 896,4195.70,1,4195.60,4195.80,0.20,4195.60,2,4195.50,7,4195.40,11,4195.30,10,4195.20,12,4195.10,8,4195.00,22,4194.90,20,4194.80,18,4194.70,19,4195.80,7,4195.90,7,4196.00,9,4196.10,19,4196.20,10,4196.30,17,4196.40,17,4196.50,19,4196.60,20,4196.70,20,Buy,20,19,39,1.00,7.00,-1.00,0.60,16.7,4195.60,4196.10,4195.50,4195.70,51,36,87,15.00,23.00,-2.00,0.60,16.7,-24,69,0.5333,6.0000,63.00,32.00,4194.45,0.3406,UP,116.70,0.7455,1.0746
20261006 195435 896,4195.70,1,4195.60,4195.80,0.20,4195.60,2,4195.50,7,4195.40,11,4195.30,10,4195.20,12,4195.10,8,4195.00,22,4194.90,20,4194.80,18,4194.70,19,4195.80,7,4195.90,7,4196.00,9,4196.10,19,4196.20,10,4196.30,17,4196.40,17,4196.50,19,4196.60,20,4196.70,20,Buy,21,19,40,2.00,7.00,-1.00,0.60,16.7,4195.60,4196.10,4195.50,4195.70,51,36,87,15.00,23.00,-2.00,0.60,16.7,-24,69,0.5333,2.5000,64.00,33.00,4194.45,0.3406,UP,116.70,0.7455,1.0746
20261006 195437 170,4195.60,1,4195.40,4195.60,0.20,4195.40,5,4195.30,10,4195.20,12,4195.10,8,4195.00,22,4194.90,20,4194.80,18,4194.70,19,4194.60,16,4194.50,19,4195.60,2,4195.70,10,4195.80,7,4195.90,7,4196.00,9,4196.10,19,4196.20,20,4196.30,17,4196.40,18,4196.50,19,Buy,22,19,41,3.00,7.00,-1.00,0.60,0.0,4195.60,4196.10,4195.50,4195.60,51,36,87,15.00,23.00,-2.00,0.60,16.7,-24,69,0.5333,1.3333,65.00,34.00,4194.44,0.3374,UP,116.70,0.7455,1.0746
20261006 195437 170,4195.60,1,4195.40,4195.60,0.20,4195.40,5,4195.30,10,4195.20,12,4195.10,8,4195.00,22,4194.90,20,4194.80,18,4194.70,19,4194.60,16,4194.50,19,4195.60,2,4195.70,10,4195.80,7,4195.90,7,4196.00,9,4196.10,19,4196.20,20,4196.30,17,4196.40,18,4196.50,19,Buy,23,19,42,4.00,7.00,-1.00,0.60,0.0,4195.60,4196.10,4195.50,4195.60,51,36,87,15.00,23.00,-2.00,0.60,16.7,-24,69,0.5333,0.7500,66.00,35.00,4194.44,0.3374,UP,116.70,0.7455,1.0746
20261006 195438 745,4195.50,1,4195.30,4195.50,0.20,4195.30,8,4195.20,13,4195.10,8,4195.00,12,4194.90,20,4194.80,18,4194.70,19,4194.60,16,4194.50,19,4194.40,16,4195.50,1,4195.60,8,4195.70,7,4195.80,8,4195.90,8,4196.00,8,4196.10,19,4196.20,20,4196.30,17,4196.40,18,Buy,24,19,43,5.00,7.00,-1.00,0.60,16.7,4195.60,4196.10,4195.50,4195.50,51,36,87,15.00,23.00,-2.00,0.60,16.7,-24,69,0.5333,0.4000,67.00,36.00,4194.43,0.3342,UP,116.70,0.7455,1.0746
20261006 195440 013,4195.30,1,4195.10,4195.30,0.20,4195.10,1,4195.00,8,4194.90,9,4194.80,8,4194.70,11,4194.60,16,4194.50,19,4194.40,16,4194.30,17,4194.20,21,4195.30,6,4195.40,8,4195.50,8,4195.60,9,4195.70,7,4195.80,19,4195.90,18,4196.00,18,4196.10,29,4196.20,20,Sell,24,20,44,4.00,7.00,-1.00,0.80,37.5,4195.60,4196.10,4195.30,4195.30,51,36,87,15.00,23.00,-2.00,0.60,16.7,-24,69,0.5333,0.7500,66.00,35.00,4194.41,0.3279,UP,116.70,0.7455,1.0818
20261006 195440 013,4195.30,1,4195.10,4195.30,0.20,4195.10,1,4195.00,8,4194.90,9,4194.80,8,4194.70,11,4194.60,16,4194.50,19,4194.40,16,4194.30,17,4194.20,21,4195.30,6,4195.40,8,4195.50,8,4195.60,9,4195.70,7,4195.80,19,4195.90,18,4196.00,18,4196.10,29,4196.20,20,Sell,24,21,45,3.00,7.00,-1.00,0.80,37.5,4195.60,4196.10,4195.30,4195.30,51,36,87,15.00,23.00,-2.00,0.60,16.7,-24,69,0.5333,1.3333,65.00,34.00,4194.41,0.3279,UP,116.70,0.7455,1.0818
20261006 195440 013,4195.30,1,4195.10,4195.30,0.20,4195.10,1,4195.00,8,4194.90,9,4194.80,8,4194.70,11,4194.60,16,4194.50,19,4194.40,16,4194.30,17,4194.20,21,4195.30,6,4195.40,8,4195.50,8,4195.60,9,4195.70,7,4195.80,19,4195.90,18,4196.00,18,4196.10,29,4196.20,20,Sell,24,22,46,2.00,7.00,-1.00,0.80,37.5,4195.60,4196.10,4195.30,4195.30,51,36,87,15.00,23.00,-2.00,0.60,16.7,-24,69,0.5333,2.5000,64.00,33.00,4194.41,0.3279,UP,116.70,0.7455,1.0818
20261006 195440 013,4195.20,1,4195.10,4195.30,0.20,4195.10,1,4195.00,8,4194.90,9,4194.80,8,4194.70,11,4194.60,16,4194.50,19,4194.40,16,4194.30,17,4194.20,21,4195.30,6,4195.40,8,4195.50,8,4195.60,9,4195.70,7,4195.80,19,4195.90,18,4196.00,18,4196.10,29,4196.20,20,Sell,24,23,47,1.00,7.00,-1.00,0.90,44.4,4195.60,4196.10,4195.20,4195.20,51,36,87,15.00,23.00,-2.00,0.60,16.7,-24,69,0.5333,6.0000,63.00,32.00,4194.40,0.3247,UP,116.70,0.7455,1.0889
20261006 195440 013,4195.20,1,4195.10,4195.30,0.20,4195.10,1,4195.00,8,4194.90,9,4194.80,8,4194.70,11,4194.60,16,4194.50,19,4194.40,16,4194.30,17,4194.20,21,4195.30,6,4195.40,8,4195.50,8,4195.60,9,4195.70,7,4195.80,19,4195.90,18,4196.00,18,4196.10,29,4196.20,20,Sell,24,24,48,0.00,7.00,-1.00,0.90,44.4,4195.60,4196.10,4195.20,4195.20,51,36,87,15.00,23.00,-2.00,0.60,16.7,-24,69,0.5333,7.0000,62.00,31.00,4194.40,0.3247,UP,116.70,0.7455,1.0889
20261006 195440 013,4195.20,1,4195.10,4195.30,0.20,4195.10,1,4195.00,8,4194.90,9,4194.80,8,4194.70,11,4194.60,16,4194.50,19,4194.40,16,4194.30,17,4194.20,21,4195.30,6,4195.40,8,4195.50,8,4195.60,9,4195.70,7,4195.80,19,4195.90,18,4196.00,18,4196.10,29,4196.20,20,Sell,24,25,49,-1.00,7.00,-1.00,0.90,44.4,4195.60,4196.10,4195.20,4195.20,51,36,87,15.00,23.00,-2.00,0.60,16.7,-24,69,0.5333,0.0000,61.00,30.00,4194.40,0.3247,UP,116.70,0.7455,1.0889
20261006 195440 013,4195.20,2,4195.10,4195.30,0.20,4195.10,1,4195.00,8,4194.90,9,4194.80,8,4194.70,11,4194.60,16,4194.50,19,4194.40,16,4194.30,17,4194.20,21,4195.30,6,4195.40,8,4195.50,8,4195.60,9,4195.70,7,4195.80,19,4195.90,18,4196.00,18,4196.10,29,4196.20,20,Sell,24,27,51,-3.00,7.00,-3.00,0.90,44.4,4195.60,4196.10,4195.20,4195.20,51,36,87,15.00,23.00,-2.00,0.60,16.7,-24,69,0.5333,0.0000,59.00,28.00,4194.40,0.3247,UP,116.70,0.7455,1.0889
20261006 195440 013,4195.20,1,4195.10,4195.30,0.20,4195.10,1,4195.00,8,4194.90,9,4194.80,8,4194.70,11,4194.60,16,4194.50,19,4194.40,16,4194.30,17,4194.20,21,4195.30,6,4195.40,8,4195.50,8,4195.60,9,4195.70,7,4195.80,19,4195.90,18,4196.00,18,4196.10,29,4196.20,20,Sell,24,28,52,-4.00,7.00,-4.00,0.90,44.4,4195.60,4196.10,4195.20,4195.20,51,36,87,15.00,23.00,-2.00,0.60,16.7,-24,69,0.5333,0.0000,58.00,27.00,4194.40,0.3247,UP,116.70,0.7455,1.0889
20261006 195440 036,4195.20,1,4195.10,4195.30,0.20,4195.10,1,4195.00,8,4194.90,9,4194.80,8,4194.70,11,4194.60,16,4194.50,19,4194.40,16,4194.30,17,4194.20,21,4195.30,6,4195.40,8,4195.50,8,4195.60,9,4195.70,7,4195.80,19,4195.90,18,4196.00,18,4196.10,29,4196.20,20,Sell,24,29,53,-5.00,7.00,-5.00,0.90,44.4,4195.60,4196.10,4195.20,4195.20,51,36,87,15.00,23.00,-2.00,0.60,16.7,-24,69,0.5333,0.0000,57.00,26.00,4194.40,0.3247,UP,116.70,0.7455,1.0889
20261006 195440 036,4195.10,2,4195.10,4195.30,0.20,4195.10,1,4195.00,8,4194.90,9,4194.80,8,4194.70,11,4194.60,16,4194.50,19,4194.40,16,4194.30,17,4194.20,21,4195.30,6,4195.40,8,4195.50,8,4195.60,9,4195.70,7,4195.80,19,4195.90,18,4196.00,18,4196.10,29,4196.20,20,Sell,24,31,55,-7.00,7.00,-7.00,1.00,50.0,4195.60,4196.10,4195.10,4195.10,51,36,87,15.00,23.00,-2.00,0.60,16.7,-24,69,0.5333,0.0000,55.00,24.00,4194.39,0.3215,UP,116.70,0.7455,1.0960
20261006 195440 036,4195.10,1,4195.10,4195.30,0.20,4195.10,1,4195.00,8,4194.90,9,4194.80,8,4194.70,11,4194.60,16,4194.50,19,4194.40,16,4194.30,17,4194.20,21,4195.30,6,4195.40,8,4195.50,8,4195.60,9,4195.70,7,4195.80,19,4195.90,18,4196.00,18,4196.10,29,4196.20,20,Sell,24,32,56,-8.00,7.00,-8.00,1.00,50.0,4195.60,4196.10,4195.10,4195.10,51,36,87,15.00,23.00,-2.00,0.60,16.7,-24,69,0.5333,0.0000,54.00,23.00,4194.39,0.3215,UP,116.70,0.7455,1.0960
20261006 195447 451,4195.10,1,4195.10,4195.20,0.10,4195.10,1,4195.00,8,4194.90,9,4194.80,8,4194.70,11,4194.60,8,4194.50,19,4194.40,16,4194.30,17,4194.20,21,4195.20,2,4195.30,7,4195.40,9,4195.50,9,4195.60,10,4195.70,17,4195.80,19,4195.90,18,4196.00,18,4196.10,29,Buy,25,32,57,-7.00,7.00,-8.00,1.00,50.0,4195.60,4196.10,4195.10,4195.10,51,36,87,15.00,23.00,-2.00,0.60,16.7,-24,69,0.5333,0.1429,55.00,24.00,4194.39,0.3215,UP,116.70,0.7455,1.0960
20261006 195449 555,4195.00,1,4195.00,4195.20,0.20,4195.00,5,4194.90,9,4194.80,8,4194.70,11,4194.60,8,4194.50,19,4194.40,16,4194.30,17,4194.20,21,4194.10,14,4195.20,3,4195.30,7,4195.40,9,4195.50,9,4195.60,10,4195.70,17,4195.80,19,4195.90,18,4196.00,18,4196.10,29,Sell,25,33,58,-8.00,7.00,-8.00,1.10,54.5,4195.60,4196.10,4195.00,4195.00,51,36,87,15.00,23.00,-2.00,0.60,16.7,-24,69,0.5333,0.0000,54.00,23.00,4194.38,0.3184,UP,116.70,0.7455,1.1032
20261006 195449 555,4195.00,1,4195.00,4195.20,0.20,4195.00,5,4194.90,9,4194.80,8,4194.70,11,4194.60,8,4194.50,19,4194.40,16,4194.30,17,4194.20,21,4194.10,14,4195.20,3,4195.30,7,4195.40,9,4195.50,9,4195.60,10,4195.70,17,4195.80,19,4195.90,18,4196.00,18,4196.10,29,Sell,25,34,59,-9.00,7.00,-9.00,1.10,54.5,4195.60,4196.10,4195.00,4195.00,51,36,87,15.00,23.00,-2.00,0.60,16.7,-24,69,0.5333,0.0000,53.00,22.00,4194.38,0.3184,UP,116.70,0.7455,1.1032
20261006 195449 555,4195.00,1,4195.00,4195.20,0.20,4195.00,5,4194.90,9,4194.80,8,4194.70,11,4194.60,8,4194.50,19,4194.40,16,4194.30,17,4194.20,21,4194.10,14,4195.20,3,4195.30,7,4195.40,9,4195.50,9,4195.60,10,4195.70,17,4195.80,19,4195.90,18,4196.00,18,4196.10,29,Sell,25,35,60,-10.00,7.00,-10.00,1.10,54.5,4195.60,4196.10,4195.00,4195.00,51,36,87,15.00,23.00,-2.00,0.60,16.7,-24,69,0.5333,0.0000,52.00,21.00,4194.38,0.3184,UP,116.70,0.7455,1.1032
20261006 195449 555,4195.00,1,4195.00,4195.20,0.20,4195.00,5,4194.90,9,4194.80,8,4194.70,11,4194.60,8,4194.50,19,4194.40,16,4194.30,17,4194.20,21,4194.10,14,4195.20,3,4195.30,7,4195.40,9,4195.50,9,4195.60,10,4195.70,17,4195.80,19,4195.90,18,4196.00,18,4196.10,29,Sell,25,36,61,-11.00,7.00,-11.00,1.10,54.5,4195.60,4196.10,4195.00,4195.00,51,36,87,15.00,23.00,-2.00,0.60,16.7,-24,69,0.5333,0.0000,51.00,20.00,4194.38,0.3184,UP,116.70,0.7455,1.1032
20261006 195452 901,4195.10,2,4195.10,4195.30,0.20,4195.10,3,4195.00,6,4194.90,9,4194.80,8,4194.70,11,4194.60,8,4194.50,19,4194.40,16,4194.30,17,4194.20,21,4195.30,4,4195.40,9,4195.50,9,4195.60,10,4195.70,17,4195.80,19,4195.90,18,4196.00,18,4196.10,29,4196.20,20,Sell,25,38,63,-13.00,7.00,-13.00,1.10,45.5,4195.60,4196.10,4195.00,4195.10,51,36,87,15.00,23.00,-2.00,0.60,16.7,-24,69,0.5333,0.0000,49.00,18.00,4194.39,0.3215,UP,116.70,0.7455,1.1032
20261006 195452 901,4195.10,1,4195.10,4195.30,0.20,4195.10,3,4195.00,8,4194.90,9,4194.80,8,4194.70,11,4194.60,8,4194.50,19,4194.40,16,4194.30,17,4194.20,21,4195.30,4,4195.40,9,4195.50,9,4195.60,10,4195.70,17,4195.80,19,4195.90,18,4196.00,18,4196.10,29,4196.20,20,Sell,25,39,64,-14.00,7.00,-14.00,1.10,45.5,4195.60,4196.10,4195.00,4195.10,51,36,87,15.00,23.00,-2.00,0.60,16.7,-24,69,0.5333,0.0000,48.00,17.00,4194.39,0.3215,UP,116.70,0.7455,1.1032
20261006 195452 901,4195.00,1,4195.10,4195.30,0.20,4195.10,3,4195.00,8,4194.90,9,4194.80,8,4194.70,11,4194.60,8,4194.50,19,4194.40,16,4194.30,17,4194.20,21,4195.30,4,4195.40,9,4195.50,9,4195.60,10,4195.70,17,4195.80,19,4195.90,18,4196.00,18,4196.10,29,4196.20,20,Sell,25,40,65,-15.00,7.00,-15.00,1.10,54.5,4195.60,4196.10,4195.00,4195.00,51,36,87,15.00,23.00,-2.00,0.60,16.7,-24,69,0.5333,0.0000,47.00,16.00,4194.38,0.3184,UP,116.70,0.7455,1.1032
20261006 195452 901,4195.00,1,4195.10,4195.30,0.20,4195.10,3,4195.00,8,4194.90,9,4194.80,8,4194.70,11,4194.60,8,4194.50,19,4194.40,16,4194.30,17,4194.20,21,4195.30,4,4195.40,9,4195.50,9,4195.60,10,4195.70,17,4195.80,19,4195.90,18,4196.00,18,4196.10,29,4196.20,20,Sell,25,41,66,-16.00,7.00,-16.00,1.10,54.5,4195.60,4196.10,4195.00,4195.00,51,36,87,15.00,23.00,-2.00,0.60,16.7,-24,69,0.5333,0.0000,46.00,15.00,4194.38,0.3184,UP,116.70,0.7455,1.1032
20261006 195453 541,4195.10,1,4195.10,4195.20,0.10,4195.10,2,4195.00,9,4194.90,8,4194.80,8,4194.70,11,4194.60,8,4194.50,19,4194.40,16,4194.30,17,4194.20,21,4195.20,1,4195.30,7,4195.40,8,4195.50,9,4195.60,9,4195.70,17,4195.80,19,4195.90,18,4196.00,19,4196.10,29,Sell,25,42,67,-17.00,7.00,-17.00,1.10,45.5,4195.60,4196.10,4195.00,4195.10,51,36,87,15.00,23.00,-2.00,0.60,16.7,-24,69,0.5333,0.0000,45.00,14.00,4194.39,0.3215,UP,116.70,0.7455,1.1032
20261006 195453 541,4195.10,1,4195.10,4195.20,0.10,4195.10,2,4195.00,9,4194.90,8,4194.80,8,4194.70,11,4194.60,8,4194.50,19,4194.40,16,4194.30,17,4194.20,21,4195.20,1,4195.30,7,4195.40,8,4195.50,9,4195.60,9,4195.70,17,4195.80,19,4195.90,18,4196.00,19,4196.10,29,Sell,25,43,68,-18.00,7.00,-18.00,1.10,45.5,4195.60,4196.10,4195.00,4195.10,51,36,87,15.00,23.00,-2.00,0.60,16.7,-24,69,0.5333,0.0000,44.00,13.00,4194.39,0.3215,UP,116.70,0.7455,1.1032
20261006 195453 541,4195.10,1,4195.10,4195.20,0.10,4195.10,2,4195.00,9,4194.90,8,4194.80,8,4194.70,11,4194.60,8,4194.50,19,4194.40,16,4194.30,17,4194.20,21,4195.20,1,4195.30,7,4195.40,8,4195.50,9,4195.60,9,4195.70,17,4195.80,19,4195.90,18,4196.00,19,4196.10,29,Sell,25,44,69,-19.00,7.00,-19.00,1.10,45.5,4195.60,4196.10,4195.00,4195.10,51,36,87,15.00,23.00,-2.00,0.60,16.7,-24,69,0.5333,0.0000,43.00,12.00,4194.39,0.3215,UP,116.70,0.7455,1.1032
20261006 195453 541,4195.10,1,4195.10,4195.20,0.10,4195.10,2,4195.00,9,4194.90,8,4194.80,8,4194.70,11,4194.60,8,4194.50,19,4194.40,16,4194.30,17,4194.20,21,4195.20,1,4195.30,7,4195.40,8,4195.50,9,4195.60,9,4195.70,17,4195.80,19,4195.90,18,4196.00,19,4196.10,29,Sell,25,45,70,-20.00,7.00,-20.00,1.10,45.5,4195.60,4196.10,4195.00,4195.10,51,36,87,15.00,23.00,-2.00,0.60,16.7,-24,69,0.5333,0.0000,42.00,11.00,4194.39,0.3215,UP,116.70,0.7455,1.1032
20261006 195453 541,4195.10,1,4195.10,4195.20,0.10,4195.10,2,4195.00,9,4194.90,8,4194.80,8,4194.70,11,4194.60,8,4194.50,19,4194.40,16,4194.30,17,4194.20,21,4195.20,1,4195.30,7,4195.40,8,4195.50,9,4195.60,9,4195.70,17,4195.80,19,4195.90,18,4196.00,19,4196.10,29,Sell,25,46,71,-21.00,7.00,-21.00,1.10,45.5,4195.60,4196.10,4195.00,4195.10,51,36,87,15.00,23.00,-2.00,0.60,16.7,-24,69,0.5333,0.0000,41.00,10.00,4194.39,0.3215,UP,116.70,0.7455,1.1032
20261006 195455 672,4195.20,1,4195.00,4195.20,0.20,4195.00,6,4194.90,10,4194.80,7,4194.70,9,4194.60,7,4194.50,19,4194.40,14,4194.30,15,4194.20,20,4194.10,13,4195.20,2,4195.30,8,4195.40,8,4195.50,8,4195.60,7,4195.70,16,4195.80,18,4195.90,16,4196.00,18,4196.10,28,Buy,26,46,72,-20.00,7.00,-21.00,1.10,36.4,4195.60,4196.10,4195.00,4195.20,51,36,87,15.00,23.00,-2.00,0.60,16.7,-24,69,0.5333,0.0500,42.00,11.00,4194.40,0.3247,UP,116.70,0.7455,1.1032
20261006 195455 672,4195.30,1,4195.00,4195.20,0.20,4195.00,6,4194.90,10,4194.80,7,4194.70,9,4194.60,7,4194.50,19,4194.40,14,4194.30,15,4194.20,20,4194.10,13,4195.20,2,4195.30,8,4195.40,8,4195.50,8,4195.60,7,4195.70,16,4195.80,18,4195.90,16,4196.00,18,4196.10,28,Buy,27,46,73,-19.00,7.00,-21.00,1.10,27.3,4195.60,4196.10,4195.00,4195.30,51,36,87,15.00,23.00,-2.00,0.60,16.7,-24,69,0.5333,0.1053,43.00,12.00,4194.41,0.3279,UP,116.70,0.7455,1.1032
20261006 195455 672,4195.30,1,4195.00,4195.20,0.20,4195.00,6,4194.90,10,4194.80,7,4194.70,9,4194.60,7,4194.50,19,4194.40,14,4194.30,15,4194.20,20,4194.10,13,4195.20,2,4195.30,8,4195.40,8,4195.50,8,4195.60,7,4195.70,16,4195.80,18,4195.90,16,4196.00,18,4196.10,28,Buy,28,46,74,-18.00,7.00,-21.00,1.10,27.3,4195.60,4196.10,4195.00,4195.30,51,36,87,15.00,23.00,-2.00,0.60,16.7,-24,69,0.5333,0.1667,44.00,13.00,4194.41,0.3279,UP,116.70,0.7455,1.1032
20261006 195455 672,4195.30,1,4195.00,4195.20,0.20,4195.00,6,4194.90,10,4194.80,7,4194.70,9,4194.60,7,4194.50,19,4194.40,14,4194.30,15,4194.20,20,4194.10,13,4195.20,2,4195.30,8,4195.40,8,4195.50,8,4195.60,7,4195.70,16,4195.80,18,4195.90,16,4196.00,18,4196.10,28,Buy,29,46,75,-17.00,7.00,-21.00,1.10,27.3,4195.60,4196.10,4195.00,4195.30,51,36,87,15.00,23.00,-2.00,0.60,16.7,-24,69,0.5333,0.2353,45.00,14.00,4194.41,0.3279,UP,116.70,0.7455,1.1032
20261006 195455 672,4195.30,1,4195.00,4195.20,0.20,4195.00,6,4194.90,10,4194.80,7,4194.70,9,4194.60,7,4194.50,19,4194.40,14,4194.30,15,4194.20,20,4194.10,13,4195.20,2,4195.30,8,4195.40,8,4195.50,8,4195.60,7,4195.70,16,4195.80,18,4195.90,16,4196.00,18,4196.10,28,Buy,30,46,76,-16.00,7.00,-21.00,1.10,27.3,4195.60,4196.10,4195.00,4195.30,51,36,87,15.00,23.00,-2.00,0.60,16.7,-24,69,0.5333,0.3125,46.00,15.00,4194.41,0.3279,UP,116.70,0.7455,1.1032
20261006 195456 091,4195.20,1,4195.00,4195.20,0.20,4195.10,5,4195.00,9,4194.90,10,4194.80,7,4194.70,9,4194.60,7,4194.50,19,4194.40,14,4194.30,15,4194.20,20,4195.30,7,4195.40,8,4195.50,8,4195.60,7,4195.70,16,4195.80,18,4195.90,16,4196.00,18,4196.10,28,4196.20,19,Buy,31,46,77,-15.00,7.00,-21.00,1.10,36.4,4195.60,4196.10,4195.00,4195.20,51,36,87,15.00,23.00,-2.00,0.60,16.7,-24,69,0.5333,0.4000,47.00,16.00,4194.40,0.3247,UP,116.70,0.7455,1.1032
20261006 195456 091,4195.20,1,4195.00,4195.20,0.20,4195.10,5,4195.00,9,4194.90,10,4194.80,7,4194.70,9,4194.60,7,4194.50,19,4194.40,14,4194.30,15,4194.20,20,4195.30,7,4195.40,8,4195.50,8,4195.60,7,4195.70,16,4195.80,18,4195.90,16,4196.00,18,4196.10,28,4196.20,19,Buy,32,46,78,-14.00,7.00,-21.00,1.10,36.4,4195.60,4196.10,4195.00,4195.20,51,36,87,15.00,23.00,-2.00,0.60,16.7,-24,69,0.5333,0.5000,48.00,17.00,4194.40,0.3247,UP,116.70,0.7455,1.1032
20261006 195457 098,4195.20,1,4195.10,4195.20,0.10,4195.10,3,4195.00,5,4194.90,9,4194.80,7,4194.70,9,4194.60,7,4194.50,19,4194.40,14,4194.30,15,4194.20,20,4195.30,7,4195.40,8,4195.50,8,4195.60,7,4195.70,16,4195.80,18,4195.90,16,4196.00,17,4196.10,28,4196.20,19,Buy,33,46,79,-13.00,7.00,-21.00,1.10,36.4,4195.60,4196.10,4195.00,4195.20,51,36,87,15.00,23.00,-2.00,0.60,16.7,-24,69,0.5333,0.6154,49.00,18.00,4194.40,0.3247,UP,116.70,0.7455,1.1032
20261006 195457 967,4195.30,1,4195.30,4195.50,0.20,4195.20,9,4195.10,7,4195.00,9,4194.90,8,4194.80,7,4194.70,9,4194.60,15,4194.50,19,4194.40,14,4194.30,15,4195.40,3,4195.50,8,4195.60,7,4195.70,7,4195.80,18,4195.90,16,4196.00,17,4196.10,28,4196.20,19,4196.30,16,Sell,33,47,80,-14.00,7.00,-21.00,1.10,27.3,4195.60,4196.10,4195.00,4195.30,51,36,87,15.00,23.00,-2.00,0.60,16.7,-24,69,0.5333,0.5000,48.00,17.00,4194.41,0.3279,UP,116.70,0.7455,1.1032
20261006 195458 514,4195.30,1,4195.30,4195.50,0.20,4195.30,5,4195.20,11,4195.10,7,4195.00,7,4194.90,8,4194.80,7,4194.70,17,4194.60,15,4194.50,19,4194.40,14,4195.50,1,4195.60,7,4195.70,7,4195.80,8,4195.90,6,4196.00,17,4196.10,28,4196.20,19,4196.30,16,4196.40,17,Sell,33,48,81,-15.00,7.00,-21.00,1.10,27.3,4195.60,4196.10,4195.00,4195.30,51,36,87,15.00,23.00,-2.00,0.60,16.7,-24,69,0.5333,0.4000,47.00,16.00,4194.41,0.3279,UP,116.70,0.7455,1.1032
20261006 195458 514,4195.30,1,4195.30,4195.50,0.20,4195.30,5,4195.20,11,4195.10,7,4195.00,7,4194.90,8,4194.80,7,4194.70,17,4194.60,15,4194.50,19,4194.40,14,4195.50,1,4195.60,7,4195.70,7,4195.80,8,4195.90,6,4196.00,17,4196.10,28,4196.20,19,4196.30,16,4196.40,17,Sell,33,49,82,-16.00,7.00,-21.00,1.10,27.3,4195.60,4196.10,4195.00,4195.30,51,36,87,15.00,23.00,-2.00,0.60,16.7,-24,69,0.5333,0.3125,46.00,15.00,4194.41,0.3279,UP,116.70,0.7455,1.1032
20261006 195458 514,4195.30,1,4195.30,4195.50,0.20,4195.30,5,4195.20,11,4195.10,7,4195.00,7,4194.90,8,4194.80,7,4194.70,17,4194.60,15,4194.50,19,4194.40,14,4195.50,1,4195.60,7,4195.70,7,4195.80,8,4195.90,6,4196.00,17,4196.10,28,4196.20,19,4196.30,16,4196.40,17,Sell,33,50,83,-17.00,7.00,-21.00,1.10,27.3,4195.60,4196.10,4195.00,4195.30,51,36,87,15.00,23.00,-2.00,0.60,16.7,-24,69,0.5333,0.2353,45.00,14.00,4194.41,0.3279,UP,116.70,0.7455,1.1032
20261006 195458 514,4195.30,1,4195.30,4195.50,0.20,4195.30,5,4195.20,11,4195.10,7,4195.00,7,4194.90,8,4194.80,7,4194.70,17,4194.60,15,4194.50,19,4194.40,14,4195.50,1,4195.60,7,4195.70,7,4195.80,8,4195.90,6,4196.00,17,4196.10,28,4196.20,19,4196.30,16,4196.40,17,Sell,33,51,84,-18.00,7.00,-21.00,1.10,27.3,4195.60,4196.10,4195.00,4195.30,51,36,87,15.00,23.00,-2.00,0.60,16.7,-24,69,0.5333,0.1667,44.00,13.00,4194.41,0.3279,UP,116.70,0.7455,1.1032
20261006 195458 832,4195.50,1,4195.40,4195.60,0.20,4195.40,2,4195.30,9,4195.20,11,4195.10,7,4195.00,7,4194.90,8,4194.80,7,4194.70,17,4194.60,15,4194.50,19,4195.60,7,4195.70,9,4195.80,9,4195.90,15,4196.00,17,4196.10,28,4196.20,19,4196.30,16,4196.40,17,4196.50,18,Buy,34,51,85,-17.00,7.00,-21.00,1.10,9.1,4195.60,4196.10,4195.00,4195.50,51,36,87,15.00,23.00,-2.00,0.60,16.7,-24,69,0.5333,0.2353,45.00,14.00,4194.43,0.3342,UP,116.70,0.7455,1.1032
20261006 195458 832,4195.50,1,4195.40,4195.60,0.20,4195.40,2,4195.30,9,4195.20,11,4195.10,7,4195.00,7,4194.90,8,4194.80,7,4194.70,17,4194.60,15,4194.50,19,4195.60,7,4195.70,9,4195.80,9,4195.90,15,4196.00,17,4196.10,28,4196.20,19,4196.30,16,4196.40,17,4196.50,18,Buy,35,51,86,-16.00,7.00,-21.00,1.10,9.1,4195.60,4196.10,4195.00,4195.50,51,36,87,15.00,23.00,-2.00,0.60,16.7,-24,69,0.5333,0.3125,46.00,15.00,4194.43,0.3342,UP,116.70,0.7455,1.1032
20261006 195458 832,4195.50,1,4195.40,4195.60,0.20,4195.40,2,4195.30,9,4195.20,11,4195.10,7,4195.00,7,4194.90,8,4194.80,7,4194.70,17,4194.60,15,4194.50,19,4195.60,7,4195.70,9,4195.80,9,4195.90,15,4196.00,17,4196.10,28,4196.20,19,4196.30,16,4196.40,17,4196.50,18,Buy,36,51,87,-15.00,7.00,-21.00,1.10,9.1,4195.60,4196.10,4195.00,4195.50,51,36,87,15.00,23.00,-2.00,0.60,16.7,-24,69,0.5333,0.4000,47.00,16.00,4194.43,0.3342,UP,116.70,0.7455,1.1032
20261006 195458 832,4195.60,1,4195.40,4195.60,0.20,4195.40,2,4195.30,9,4195.20,11,4195.10,7,4195.00,7,4194.90,8,4194.80,7,4194.70,17,4194.60,15,4194.50,19,4195.60,7,4195.70,9,4195.80,9,4195.90,15,4196.00,17,4196.10,28,4196.20,19,4196.30,16,4196.40,17,4196.50,18,Buy,37,51,88,-14.00,7.00,-21.00,1.10,0.0,4195.60,4196.10,4195.00,4195.60,51,36,87,15.00,23.00,-2.00,0.60,16.7,-24,69,0.5333,0.5000,48.00,17.00,4194.44,0.3374,UP,116.70,0.7455,1.1032
20261006 195458 832,4195.60,1,4195.40,4195.60,0.20,4195.40,2,4195.30,9,4195.20,11,4195.10,7,4195.00,7,4194.90,8,4194.80,7,4194.70,17,4194.60,15,4194.50,19,4195.60,7,4195.70,9,4195.80,9,4195.90,15,4196.00,17,4196.10,28,4196.20,19,4196.30,16,4196.40,17,4196.50,18,Buy,38,51,89,-13.00,7.00,-21.00,1.10,0.0,4195.60,4196.10,4195.00,4195.60,51,36,87,15.00,23.00,-2.00,0.60,16.7,-24,69,0.5333,0.6154,49.00,18.00,4194.44,0.3374,UP,116.70,0.7455,1.1032
20261006 195458 832,4195.60,1,4195.40,4195.60,0.20,4195.40,2,4195.30,9,4195.20,11,4195.10,7,4195.00,7,4194.90,8,4194.80,7,4194.70,17,4194.60,15,4194.50,19,4195.60,7,4195.70,9,4195.80,9,4195.90,15,4196.00,17,4196.10,28,4196.20,19,4196.30,16,4196.40,17,4196.50,18,Buy,39,51,90,-12.00,7.00,-21.00,1.10,0.0,4195.60,4196.10,4195.00,4195.60,51,36,87,15.00,23.00,-2.00,0.60,16.7,-24,69,0.5333,0.7500,50.00,19.00,4194.44,0.3374,UP,116.70,0.7455,1.1032
20261006 195458 832,4195.60,2,4195.40,4195.60,0.20,4195.40,2,4195.30,9,4195.20,11,4195.10,7,4195.00,7,4194.90,8,4194.80,7,4194.70,17,4194.60,15,4194.50,19,4195.60,7,4195.70,9,4195.80,9,4195.90,15,4196.00,17,4196.10,28,4196.20,19,4196.30,16,4196.40,17,4196.50,18,Buy,41,51,92,-10.00,7.00,-21.00,1.10,0.0,4195.60,4196.10,4195.00,4195.60,51,36,87,15.00,23.00,-2.00,0.60,16.7,-24,69,0.5333,1.1000,52.00,21.00,4194.44,0.3374,UP,116.70,0.7455,1.1032
20261006 195458 832,4195.60,2,4195.40,4195.60,0.20,4195.40,2,4195.30,9,4195.20,11,4195.10,7,4195.00,7,4194.90,8,4194.80,7,4194.70,17,4194.60,15,4194.50,19,4195.60,7,4195.70,9,4195.80,9,4195.90,15,4196.00,17,4196.10,28,4196.20,19,4196.30,16,4196.40,17,4196.50,18,Buy,43,51,94,-8.00,7.00,-21.00,1.10,0.0,4195.60,4196.10,4195.00,4195.60,51,36,87,15.00,23.00,-2.00,0.60,16.7,-24,69,0.5333,1.6250,54.00,23.00,4194.44,0.3374,UP,116.70,0.7455,1.1032
20261006 195458 832,4195.70,1,4195.40,4195.60,0.20,4195.40,2,4195.30,9,4195.20,11,4195.10,7,4195.00,7,4194.90,8,4194.80,7,4194.70,17,4194.60,15,4194.50,19,4195.60,7,4195.70,9,4195.80,10,4195.90,15,4196.00,17,4196.10,28,4196.20,19,4196.30,16,4196.40,17,4196.50,18,Buy,44,51,95,-7.00,7.00,-21.00,1.10,9.1,4195.60,4196.10,4195.00,4195.70,51,36,87,15.00,23.00,-2.00,0.60,16.7,-24,69,0.5333,2.0000,55.00,24.00,4194.45,0.3406,UP,116.70,0.7455,1.1032
20261006 195458 832,4195.70,1,4195.40,4195.60,0.20,4195.40,2,4195.30,9,4195.20,11,4195.10,7,4195.00,7,4194.90,8,4194.80,7,4194.70,17,4194.60,15,4194.50,19,4195.60,7,4195.70,9,4195.80,10,4195.90,15,4196.00,17,4196.10,28,4196.20,19,4196.30,16,4196.40,17,4196.50,18,Buy,45,51,96,-6.00,7.00,-21.00,1.10,9.1,4195.60,4196.10,4195.00,4195.70,51,36,87,15.00,23.00,-2.00,0.60,16.7,-24,69,0.5333,2.5000,56.00,25.00,4194.45,0.3406,UP,116.70,0.7455,1.1032
20261006 195458 832,4195.70,1,4195.40,4195.60,0.20,4195.40,2,4195.30,9,4195.20,11,4195.10,7,4195.00,7,4194.90,8,4194.80,7,4194.70,17,4194.60,15,4194.50,19,4195.60,7,4195.70,9,4195.80,10,4195.90,15,4196.00,17,4196.10,28,4196.20,19,4196.30,16,4196.40,17,4196.50,18,Buy,46,51,97,-5.00,7.00,-21.00,1.10,9.1,4195.60,4196.10,4195.00,4195.70,51,36,87,15.00,23.00,-2.00,0.60,16.7,-24,69,0.5333,3.2000,57.00,26.00,4194.45,0.3406,UP,116.70,0.7455,1.1032
20261006 195458 832,4195.70,1,4195.40,4195.60,0.20,4195.40,2,4195.30,9,4195.20,11,4195.10,7,4195.00,7,4194.90,8,4194.80,7,4194.70,17,4194.60,15,4194.50,19,4195.60,7,4195.70,9,4195.80,10,4195.90,15,4196.00,17,4196.10,28,4196.20,19,4196.30,16,4196.40,17,4196.50,18,Buy,47,51,98,-4.00,7.00,-21.00,1.10,9.1,4195.60,4196.10,4195.00,4195.70,51,36,87,15.00,23.00,-2.00,0.60,16.7,-24,69,0.5333,4.2500,58.00,27.00,4194.45,0.3406,UP,116.70,0.7455,1.1032
20261006 195458 832,4195.70,2,4195.40,4195.60,0.20,4195.40,2,4195.30,9,4195.20,11,4195.10,7,4195.00,7,4194.90,8,4194.80,7,4194.70,17,4194.60,15,4194.50,19,4195.60,7,4195.70,9,4195.80,10,4195.90,15,4196.00,17,4196.10,28,4196.20,19,4196.30,16,4196.40,17,4196.50,18,Buy,49,51,100,-2.00,7.00,-21.00,1.10,9.1,4195.60,4196.10,4195.00,4195.70,51,36,87,15.00,23.00,-2.00,0.60,16.7,-24,69,0.5333,9.5000,60.00,29.00,4194.45,0.3406,UP,116.70,0.7455,1.1032
20261006 195458 832,4195.70,1,4195.40,4195.60,0.20,4195.40,2,4195.30,9,4195.20,11,4195.10,7,4195.00,7,4194.90,8,4194.80,7,4194.70,17,4194.60,15,4194.50,19,4195.60,7,4195.70,9,4195.80,10,4195.90,15,4196.00,17,4196.10,28,4196.20,19,4196.30,16,4196.40,17,4196.50,18,Buy,50,51,101,-1.00,7.00,-21.00,1.10,9.1,4195.60,4196.10,4195.00,4195.70,51,36,87,15.00,23.00,-2.00,0.60,16.7,-24,69,0.5333,20.0000,61.00,30.00,4194.45,0.3406,UP,116.70,0.7455,1.1032
20261006 195458 832,4195.80,1,4195.40,4195.60,0.20,4195.40,2,4195.30,9,4195.20,11,4195.10,7,4195.00,7,4194.90,8,4194.80,7,4194.70,17,4194.60,15,4194.50,19,4195.60,7,4195.70,9,4195.80,10,4195.90,15,4196.00,17,4196.10,28,4196.20,19,4196.30,16,4196.40,17,4196.50,18,Buy,51,51,102,0.00,7.00,-21.00,1.10,18.2,4195.60,4196.10,4195.00,4195.80,51,36,87,15.00,23.00,-2.00,0.60,16.7,-24,69,0.5333,7.0000,62.00,31.00,4194.46,0.3438,UP,116.70,0.7455,1.1032
20261006 195458 832,4195.80,1,4195.40,4195.60,0.20,4195.40,2,4195.30,9,4195.20,11,4195.10,7,4195.00,7,4194.90,8,4194.80,7,4194.70,17,4194.60,15,4194.50,19,4195.60,7,4195.70,9,4195.80,10,4195.90,15,4196.00,17,4196.10,28,4196.20,19,4196.30,16,4196.40,17,4196.50,18,Buy,52,51,103,1.00,7.00,-21.00,1.10,18.2,4195.60,4196.10,4195.00,4195.80,51,36,87,15.00,23.00,-2.00,0.60,16.7,-24,69,0.5333,6.0000,63.00,32.00,4194.46,0.3438,UP,116.70,0.7455,1.1032
20261006 195458 832,4195.80,1,4195.40,4195.60,0.20,4195.40,2,4195.30,9,4195.20,11,4195.10,7,4195.00,7,4194.90,8,4194.80,7,4194.70,17,4194.60,15,4194.50,19,4195.60,7,4195.70,9,4195.80,10,4195.90,15,4196.00,17,4196.10,28,4196.20,19,4196.30,16,4196.40,17,4196.50,18,Buy,53,51,104,2.00,7.00,-21.00,1.10,18.2,4195.60,4196.10,4195.00,4195.80,51,36,87,15.00,23.00,-2.00,0.60,16.7,-24,69,0.5333,2.5000,64.00,33.00,4194.46,0.3438,UP,116.70,0.7455,1.1032
20261006 195458 832,4195.80,1,4195.40,4195.60,0.20,4195.40,2,4195.30,9,4195.20,11,4195.10,7,4195.00,7,4194.90,8,4194.80,7,4194.70,17,4194.60,15,4194.50,19,4195.60,7,4195.70,9,4195.80,10,4195.90,15,4196.00,17,4196.10,28,4196.20,19,4196.30,16,4196.40,17,4196.50,18,Buy,54,51,105,3.00,7.00,-21.00,1.10,18.2,4195.60,4196.10,4195.00,4195.80,51,36,87,15.00,23.00,-2.00,0.60,16.7,-24,69,0.5333,1.3333,65.00,34.00,4194.46,0.3438,UP,116.70,0.7455,1.1032
20261006 195458 832,4195.80,2,4195.40,4195.60,0.20,4195.40,2,4195.30,9,4195.20,11,4195.10,7,4195.00,7,4194.90,8,4194.80,7,4194.70,17,4194.60,15,4194.50,19,4195.60,7,4195.70,9,4195.80,10,4195.90,15,4196.00,17,4196.10,28,4196.20,19,4196.30,16,4196.40,17,4196.50,18,Buy,56,51,107,5.00,7.00,-21.00,1.10,18.2,4195.60,4196.10,4195.00,4195.80,51,36,87,15.00,23.00,-2.00,0.60,16.7,-24,69,0.5333,0.4000,67.00,36.00,4194.46,0.3438,UP,116.70,0.7455,1.1032
20261006 195458 832,4195.80,2,4195.40,4195.60,0.20,4195.40,2,4195.30,9,4195.20,11,4195.10,7,4195.00,7,4194.90,8,4194.80,7,4194.70,17,4194.60,15,4194.50,19,4195.60,7,4195.70,9,4195.80,10,4195.90,15,4196.00,17,4196.10,28,4196.20,19,4196.30,16,4196.40,17,4196.50,18,Buy,58,51,109,7.00,7.00,-21.00,1.10,18.2,4195.60,4196.10,4195.00,4195.80,51,36,87,15.00,23.00,-2.00,0.60,16.7,-24,69,0.5333,0.0000,69.00,38.00,4194.46,0.3438,UP,116.70,0.7455,1.1032
20261006 195458 832,4195.90,1,4195.40,4195.60,0.20,4195.40,2,4195.30,9,4195.20,11,4195.10,7,4195.00,7,4194.90,8,4194.80,7,4194.70,17,4194.60,15,4194.50,19,4195.60,7,4195.70,9,4195.80,10,4195.90,15,4196.00,17,4196.10,28,4196.20,19,4196.30,16,4196.40,17,4196.50,18,Buy,59,51,110,8.00,8.00,-21.00,1.10,27.3,4195.60,4196.10,4195.00,4195.90,51,36,87,15.00,23.00,-2.00,0.60,16.7,-24,69,0.5333,0.0000,70.00,39.00,4194.47,0.3469,UP,116.70,0.7455,1.1032
20261006 195458 832,4195.90,1,4195.40,4195.60,0.20,4195.40,2,4195.30,9,4195.20,11,4195.10,7,4195.00,7,4194.90,8,4194.80,7,4194.70,17,4194.60,15,4194.50,19,4195.60,7,4195.70,9,4195.80,10,4195.90,15,4196.00,17,4196.10,28,4196.20,19,4196.30,16,4196.40,17,4196.50,18,Buy,60,51,111,9.00,9.00,-21.00,1.10,27.3,4195.60,4196.10,4195.00,4195.90,51,36,87,15.00,23.00,-2.00,0.60,16.7,-24,69,0.5333,0.0000,71.00,40.00,4194.47,0.3469,UP,116.70,0.7455,1.1032
20261006 195458 832,4195.90,1,4195.40,4195.60,0.20,4195.40,2,4195.30,9,4195.20,11,4195.10,7,4195.00,7,4194.90,8,4194.80,7,4194.70,17,4194.60,15,4194.50,19,4195.60,7,4195.70,9,4195.80,10,4195.90,15,4196.00,17,4196.10,28,4196.20,19,4196.30,16,4196.40,17,4196.50,18,Buy,61,51,112,10.00,10.00,-21.00,1.10,27.3,4195.60,4196.10,4195.00,4195.90,51,36,87,15.00,23.00,-2.00,0.60,16.7,-24,69,0.5333,0.0000,72.00,41.00,4194.47,0.3469,UP,116.70,0.7455,1.1032
20261006 195458 832,4195.90,1,4195.40,4195.60,0.20,4195.40,2,4195.30,9,4195.20,11,4195.10,7,4195.00,7,4194.90,8,4194.80,7,4194.70,17,4194.60,15,4194.50,19,4195.60,7,4195.70,9,4195.80,10,4195.90,15,4196.00,17,4196.10,28,4196.20,19,4196.30,16,4196.40,17,4196.50,18,Buy,62,51,113,11.00,11.00,-21.00,1.10,27.3,4195.60,4196.10,4195.00,4195.90,51,36,87,15.00,23.00,-2.00,0.60,16.7,-24,69,0.5333,0.0000,73.00,42.00,4194.47,0.3469,UP,116.70,0.7455,1.1032
20261006 195458 832,4195.90,2,4195.40,4195.60,0.20,4195.40,2,4195.30,9,4195.20,11,4195.10,7,4195.00,7,4194.90,8,4194.80,7,4194.70,17,4194.60,15,4194.50,19,4195.60,7,4195.70,9,4195.80,10,4195.90,15,4196.00,17,4196.10,28,4196.20,19,4196.30,16,4196.40,17,4196.50,18,Buy,64,51,115,13.00,13.00,-21.00,1.10,27.3,4195.60,4196.10,4195.00,4195.90,51,36,87,15.00,23.00,-2.00,0.60,16.7,-24,69,0.5333,0.0000,75.00,44.00,4194.47,0.3469,UP,116.70,0.7455,1.1032
20261006 195458 832,4196.00,1,4195.40,4195.60,0.20,4195.40,2,4195.30,9,4195.20,11,4195.10,7,4195.00,7,4194.90,8,4194.80,7,4194.70,17,4194.60,15,4194.50,19,4195.60,7,4195.70,9,4195.80,10,4195.90,15,4196.00,17,4196.10,28,4196.20,19,4196.30,16,4196.40,17,4196.50,18,Buy,65,51,116,14.00,14.00,-21.00,1.10,36.4,4195.60,4196.10,4195.00,4196.00,51,36,87,15.00,23.00,-2.00,0.60,16.7,-24,69,0.5333,0.0000,76.00,45.00,4194.48,0.3501,UP,116.70,0.7455,1.1032
20261006 195458 832,4196.00,1,4195.40,4195.60,0.20,4195.40,2,4195.30,9,4195.20,11,4195.10,7,4195.00,7,4194.90,8,4194.80,7,4194.70,17,4194.60,15,4194.50,19,4195.60,7,4195.70,9,4195.80,10,4195.90,15,4196.00,17,4196.10,28,4196.20,19,4196.30,16,4196.40,17,4196.50,18,Buy,66,51,117,15.00,15.00,-21.00,1.10,36.4,4195.60,4196.10,4195.00,4196.00,51,36,87,15.00,23.00,-2.00,0.60,16.7,-24,69,0.5333,0.0000,77.00,46.00,4194.48,0.3501,UP,116.70,0.7455,1.1032
20261006 195500 003,4195.40,1,4195.40,4195.50,0.10,4195.40,2,4195.30,5,4195.20,11,4195.10,7,4195.00,8,4194.90,9,4194.80,8,4194.70,17,4194.60,15,4194.50,19,4195.50,1,4195.60,9,4195.70,9,4195.80,11,4195.90,17,4196.00,8,4196.10,29,4196.20,19,4196.30,16,4196.40,17,Sell,0,1,1,-1.00,-1.00,-1.00,0.00,0.0,4195.40,4195.40,4195.40,4195.40,66,51,117,15.00,15.00,-21.00,1.10,36.4,36,219,0.0000,0.0000,55.00,-10.00,4194.42,0.3311,UP,116.15,1.0073,1.0672
20261006 195500 003,4195.40,1,4195.40,4195.50,0.10,4195.40,2,4195.30,5,4195.20,11,4195.10,7,4195.00,8,4194.90,9,4194.80,8,4194.70,17,4194.60,15,4194.50,19,4195.50,1,4195.60,9,4195.70,9,4195.80,11,4195.90,17,4196.00,8,4196.10,29,4196.20,19,4196.30,16,4196.40,17,Sell,0,2,2,-2.00,-1.00,-2.00,0.00,0.0,4195.40,4195.40,4195.40,4195.40,66,51,117,15.00,15.00,-21.00,1.10,36.4,36,219,0.0000,0.0000,54.00,-11.00,4194.42,0.3311,UP,116.15,1.0073,1.0672
20261006 195500 016,4195.50,1,4195.20,4195.40,0.20,4195.20,7,4195.10,10,4195.00,7,4194.90,9,4194.80,8,4194.70,19,4194.60,16,4194.50,20,4194.40,15,4194.30,16,4195.40,4,4195.50,5,4195.60,8,4195.70,8,4195.80,12,4195.90,16,4196.00,10,4196.10,29,4196.20,20,4196.30,17,Buy,1,2,3,-1.00,-1.00,-2.00,0.10,100.0,4195.40,4195.50,4195.40,4195.50,66,51,117,15.00,15.00,-21.00,1.10,36.4,36,219,0.0000,1.0000,55.00,-10.00,4194.43,0.3342,UP,116.15,1.0073,1.0672
20261006 195500 021,4195.60,1,4195.20,4195.40,0.20,4195.20,7,4195.10,10,4195.00,7,4194.90,9,4194.80,8,4194.70,19,4194.60,16,4194.50,20,4194.40,15,4194.30,16,4195.40,4,4195.50,5,4195.60,8,4195.70,8,4195.80,12,4195.90,16,4196.00,10,4196.10,29,4196.20,20,4196.30,17,Buy,2,2,4,0.00,0.00,-2.00,0.20,100.0,4195.40,4195.60,4195.40,4195.60,66,51,117,15.00,15.00,-21.00,1.10,36.4,36,219,0.0000,0.0000,56.00,-9.00,4194.44,0.3374,UP,116.15,1.0073,1.0672
20261006 195500 147,4195.50,1,4195.40,4195.50,0.10,4195.30,2,4195.20,7,4195.10,10,4195.00,7,4194.90,9,4194.80,8,4194.70,19,4194.60,16,4194.50,20,4194.40,15,4195.40,1,4195.50,3,4195.60,8,4195.70,8,4195.80,12,4195.90,16,4196.00,10,4196.10,29,4196.20,20,4196.30,17,Buy,3,2,5,1.00,1.00,-2.00,0.20,50.0,4195.40,4195.60,4195.40,4195.50,66,51,117,15.00,15.00,-21.00,1.10,36.4,36,219,0.0000,0.0000,57.00,-8.00,4194.43,0.3342,UP,116.15,1.0073,1.0672
20261006 195500 147,4195.50,1,4195.40,4195.50,0.10,4195.30,2,4195.20,7,4195.10,10,4195.00,7,4194.90,9,4194.80,8,4194.70,19,4194.60,16,4194.50,20,4194.40,15,4195.40,1,4195.50,3,4195.60,8,4195.70,8,4195.80,12,4195.90,16,4196.00,10,4196.10,29,4196.20,20,4196.30,17,Buy,4,2,6,2.00,2.00,-2.00,0.20,50.0,4195.40,4195.60,4195.40,4195.50,66,51,117,15.00,15.00,-21.00,1.10,36.4,36,219,0.0000,0.0000,58.00,-7.00,4194.43,0.3342,UP,116.15,1.0073,1.0672
20261006 195500 147,4195.50,1,4195.40,4195.50,0.10,4195.30,2,4195.20,7,4195.10,10,4195.00,7,4194.90,9,4194.80,8,4194.70,19,4194.60,16,4194.50,20,4194.40,15,4195.40,1,4195.50,3,4195.60,8,4195.70,8,4195.80,12,4195.90,16,4196.00,10,4196.10,29,4196.20,20,4196.30,17,Buy,5,2,7,3.00,3.00,-2.00,0.20,50.0,4195.40,4195.60,4195.40,4195.50,66,51,117,15.00,15.00,-21.00,1.10,36.4,36,219,0.0000,0.0000,59.00,-6.00,4194.43,0.3342,UP,116.15,1.0073,1.0672
20261006 195500 180,4195.40,1,4195.40,4195.50,0.10,4195.40,1,4195.30,8,4195.20,9,4195.10,8,4195.00,7,4194.90,9,4194.80,8,4194.70,19,4194.60,16,4194.50,20,4195.50,1,4195.60,7,4195.70,8,4195.80,12,4195.90,16,4196.00,10,4196.10,29,4196.20,20,4196.30,17,4196.40,18,Sell,5,3,8,2.00,3.00,-2.00,0.20,0.0,4195.40,4195.60,4195.40,4195.40,66,51,117,15.00,15.00,-21.00,1.10,36.4,36,219,0.0000,0.5000,58.00,-7.00,4194.42,0.3311,UP,116.15,1.0073,1.0672
20261006 195500 473,4195.30,1,4195.30,4195.50,0.20,4195.30,6,4195.20,9,4195.10,8,4195.00,7,4194.90,9,4194.80,8,4194.70,19,4194.60,16,4194.50,20,4194.40,15,4195.50,3,4195.60,7,4195.70,8,4195.80,12,4195.90,16,4196.00,10,4196.10,29,4196.20,20,4196.30,17,4196.40,18,Sell,5,4,9,1.00,3.00,-2.00,0.30,33.3,4195.40,4195.60,4195.30,4195.30,66,51,117,15.00,15.00,-21.00,1.10,36.4,36,219,0.0000,2.0000,57.00,-8.00,4194.41,0.3279,UP,116.15,1.0073,1.0744
20261006 195502 207,4195.50,1,4195.50,4195.70,0.20,4195.50,5,4195.40,10,4195.30,7,4195.20,11,4195.10,7,4195.00,7,4194.90,17,4194.80,16,4194.70,19,4194.60,16,4195.70,2,4195.80,7,4195.90,13,4196.00,10,4196.10,19,4196.20,10,4196.30,17,4196.40,17,4196.50,19,4196.60,20,Sell,5,5,10,0.00,3.00,-2.00,0.30,33.3,4195.40,4195.60,4195.30,4195.50,66,51,117,15.00,15.00,-21.00,1.10,36.4,36,219,0.0000,3.0000,56.00,-9.00,4194.43,0.3342,UP,116.15,1.0073,1.0744
20261006 195502 207,4195.50,1,4195.50,4195.70,0.20,4195.50,5,4195.40,10,4195.30,7,4195.20,11,4195.10,7,4195.00,7,4194.90,17,4194.80,16,4194.70,19,4194.60,16,4195.70,2,4195.80,7,4195.90,13,4196.00,10,4196.10,19,4196.20,10,4196.30,17,4196.40,17,4196.50,19,4196.60,20,Sell,5,6,11,-1.00,3.00,-2.00,0.30,33.3,4195.40,4195.60,4195.30,4195.50,66,51,117,15.00,15.00,-21.00,1.10,36.4,36,219,0.0000,1.0000,55.00,-10.00,4194.43,0.3342,UP,116.15,1.0073,1.0744
20261006 195503 354,4196.10,1,4196.00,4196.20,0.20,4196.00,7,4195.90,10,4195.80,10,4195.70,10,4195.60,10,4195.50,8,4195.40,11,4195.30,15,4195.20,19,4195.10,15,4196.20,4,4196.30,6,4196.40,7,4196.50,10,4196.60,20,4196.70,20,4196.80,20,4196.90,21,4197.00,23,4197.10,19,Buy,6,6,12,0.00,3.00,-2.00,0.80,87.5,4195.40,4196.10,4195.30,4196.10,66,51,117,15.00,15.00,-21.00,1.10,36.4,36,219,0.0000,3.0000,56.00,-9.00,4194.48,0.3533,UP,116.15,1.0073,1.0815
20261006 195503 354,4196.10,1,4196.00,4196.20,0.20,4196.00,7,4195.90,10,4195.80,10,4195.70,10,4195.60,10,4195.50,8,4195.40,11,4195.30,15,4195.20,19,4195.10,15,4196.20,4,4196.30,6,4196.40,7,4196.50,10,4196.60,20,4196.70,20,4196.80,20,4196.90,21,4197.00,23,4197.10,19,Buy,7,6,13,1.00,3.00,-2.00,0.80,87.5,4195.40,4196.10,4195.30,4196.10,66,51,117,15.00,15.00,-21.00,1.10,36.4,36,219,0.0000,2.0000,57.00,-8.00,4194.48,0.3533,UP,116.15,1.0073,1.0815
20261006 195503 354,4196.10,1,4196.00,4196.20,0.20,4196.00,7,4195.90,10,4195.80,10,4195.70,10,4195.60,10,4195.50,8,4195.40,11,4195.30,15,4195.20,19,4195.10,15,4196.20,4,4196.30,6,4196.40,7,4196.50,10,4196.60,20,4196.70,20,4196.80,20,4196.90,21,4197.00,23,4197.10,19,Buy,8,6,14,2.00,3.00,-2.00,0.80,87.5,4195.40,4196.10,4195.30,4196.10,66,51,117,15.00,15.00,-21.00,1.10,36.4,36,219,0.0000,0.5000,58.00,-7.00,4194.48,0.3533,UP,116.15,1.0073,1.0815
20261006 195503 354,4196.10,2,4196.00,4196.20,0.20,4196.00,7,4195.90,10,4195.80,10,4195.70,10,4195.60,10,4195.50,8,4195.40,11,4195.30,15,4195.20,19,4195.10,15,4196.20,4,4196.30,6,4196.40,7,4196.50,10,4196.60,20,4196.70,20,4196.80,20,4196.90,21,4197.00,23,4197.10,19,Buy,10,6,16,4.00,4.00,-2.00,0.80,87.5,4195.40,4196.10,4195.30,4196.10,66,51,117,15.00,15.00,-21.00,1.10,36.4,36,219,0.0000,0.0000,60.00,-5.00,4194.48,0.3533,UP,116.15,1.0073,1.0815
20261006 195503 354,4196.10,2,4196.00,4196.20,0.20,4196.00,7,4195.90,10,4195.80,10,4195.70,10,4195.60,10,4195.50,8,4195.40,11,4195.30,15,4195.20,19,4195.10,15,4196.20,4,4196.30,6,4196.40,7,4196.50,10,4196.60,20,4196.70,20,4196.80,20,4196.90,21,4197.00,23,4197.10,19,Buy,12,6,18,6.00,6.00,-2.00,0.80,87.5,4195.40,4196.10,4195.30,4196.10,66,51,117,15.00,15.00,-21.00,1.10,36.4,36,219,0.0000,0.0000,62.00,-3.00,4194.48,0.3533,UP,116.15,1.0073,1.0815
20261006 195504 315,4196.10,1,4196.00,4196.20,0.20,4196.00,5,4195.90,8,4195.80,10,4195.70,10,4195.60,10,4195.50,8,4195.40,11,4195.30,15,4195.20,19,4195.10,15,4196.20,4,4196.30,6,4196.40,5,4196.50,10,4196.60,10,4196.70,20,4196.80,19,4196.90,21,4197.00,23,4197.10,19,Buy,13,6,19,7.00,7.00,-2.00,0.80,87.5,4195.40,4196.10,4195.30,4196.10,66,51,117,15.00,15.00,-21.00,1.10,36.4,36,219,0.0000,0.0000,63.00,-2.00,4194.48,0.3533,UP,116.15,1.0073,1.0815
20261006 195504 722,4196.20,1,4196.20,4196.30,0.10,4196.20,1,4196.10,8,4196.00,8,4195.90,9,4195.80,11,4195.70,9,4195.60,9,4195.50,16,4195.40,19,4195.30,15,4196.30,2,4196.40,5,4196.50,10,4196.60,10,4196.70,10,4196.80,19,4196.90,21,4197.00,23,4197.10,19,4197.20,21,Buy,14,6,20,8.00,8.00,-2.00,0.90,88.9,4195.40,4196.20,4195.30,4196.20,66,51,117,15.00,15.00,-21.00,1.10,36.4,36,219,0.0000,0.0000,64.00,-1.00,4194.49,0.3565,UP,116.15,1.0073,1.0887
20261006 195504 808,4196.10,1,4196.00,4196.20,0.20,4196.00,4,4195.90,7,4195.80,11,4195.70,9,4195.60,9,4195.50,16,4195.40,19,4195.30,15,4195.20,19,4195.10,15,4196.20,6,4196.30,7,4196.40,6,4196.50,10,4196.60,10,4196.70,10,4196.80,19,4196.90,21,4197.00,23,4197.10,19,Sell,14,7,21,7.00,8.00,-2.00,0.90,77.8,4195.40,4196.20,4195.30,4196.10,66,51,117,15.00,15.00,-21.00,1.10,36.4,36,219,0.0000,0.1429,63.00,-2.00,4194.48,0.3533,UP,116.15,1.0073,1.0887
20261006 195504 865,4196.20,2,4195.90,4196.10,0.20,4195.90,7,4195.80,11,4195.70,9,4195.60,9,4195.50,16,4195.40,19,4195.30,15,4195.20,19,4195.10,15,4195.00,15,4196.10,3,4196.20,7,4196.30,8,4196.40,6,4196.50,10,4196.60,10,4196.70,10,4196.80,19,4196.90,21,4197.00,23,Buy,16,7,23,9.00,9.00,-2.00,0.90,88.9,4195.40,4196.20,4195.30,4196.20,66,51,117,15.00,15.00,-21.00,1.10,36.4,36,219,0.0000,0.0000,65.00,0.00,4194.49,0.3565,UP,116.15,1.0073,1.0887
20261006 195504 865,4196.20,1,4195.90,4196.10,0.20,4195.90,7,4195.80,11,4195.70,9,4195.60,9,4195.50,16,4195.40,19,4195.30,15,4195.20,19,4195.10,15,4195.00,15,4196.10,3,4196.20,7,4196.30,8,4196.40,6,4196.50,10,4196.60,10,4196.70,10,4196.80,19,4196.90,21,4197.00,23,Buy,17,7,24,10.00,10.00,-2.00,0.90,88.9,4195.40,4196.20,4195.30,4196.20,66,51,117,15.00,15.00,-21.00,1.10,36.4,36,219,0.0000,0.0000,66.00,1.00,4194.49,0.3565,UP,116.15,1.0073,1.0887
20261006 195504 865,4196.20,1,4195.90,4196.10,0.20,4195.90,7,4195.80,11,4195.70,9,4195.60,9,4195.50,16,4195.40,19,4195.30,15,4195.20,19,4195.10,15,4195.00,15,4196.10,3,4196.20,7,4196.30,8,4196.40,6,4196.50,10,4196.60,10,4196.70,10,4196.80,19,4196.90,21,4197.00,23,Buy,18,7,25,11.00,11.00,-2.00,0.90,88.9,4195.40,4196.20,4195.30,4196.20,66,51,117,15.00,15.00,-21.00,1.10,36.4,36,219,0.0000,0.0000,67.00,2.00,4194.49,0.3565,UP,116.15,1.0073,1.0887
20261006 195504 865,4196.20,1,4195.90,4196.10,0.20,4195.90,7,4195.80,11,4195.70,9,4195.60,9,4195.50,16,4195.40,19,4195.30,15,4195.20,19,4195.10,15,4195.00,15,4196.10,3,4196.20,7,4196.30,8,4196.40,6,4196.50,10,4196.60,10,4196.70,10,4196.80,19,4196.90,21,4197.00,23,Buy,19,7,26,12.00,12.00,-2.00,0.90,88.9,4195.40,4196.20,4195.30,4196.20,66,51,117,15.00,15.00,-21.00,1.10,36.4,36,219,0.0000,0.0000,68.00,3.00,4194.49,0.3565,UP,116.15,1.0073,1.0887
20261006 195505 885,4196.10,1,4196.00,4196.10,0.10,4196.00,1,4195.90,5,4195.80,11,4195.70,9,4195.60,9,4195.50,8,4195.40,19,4195.30,17,4195.20,19,4195.10,15,4196.10,1,4196.20,7,4196.30,8,4196.40,7,4196.50,10,4196.60,10,4196.70,10,4196.80,19,4196.90,21,4197.00,23,Buy,20,7,27,13.00,13.00,-2.00,0.90,77.8,4195.40,4196.20,4195.30,4196.10,66,51,117,15.00,15.00,-21.00,1.10,36.4,36,219,0.0000,0.0000,69.00,4.00,4194.48,0.3533,UP,116.15,1.0073,1.0887
20261006 195505 885,4196.10,1,4196.00,4196.10,0.10,4196.00,1,4195.90,5,4195.80,11,4195.70,9,4195.60,9,4195.50,8,4195.40,19,4195.30,17,4195.20,19,4195.10,15,4196.10,1,4196.20,7,4196.30,8,4196.40,7,4196.50,10,4196.60,10,4196.70,10,4196.80,19,4196.90,21,4197.00,23,Buy,21,7,28,14.00,14.00,-2.00,0.90,77.8,4195.40,4196.20,4195.30,4196.10,66,51,117,15.00,15.00,-21.00,1.10,36.4,36,219,0.0000,0.0000,70.00,5.00,4194.48,0.3533,UP,116.15,1.0073,1.0887
20261006 195505 885,4196.10,1,4196.00,4196.10,0.10,4196.00,1,4195.90,5,4195.80,11,4195.70,9,4195.60,9,4195.50,8,4195.40,19,4195.30,17,4195.20,19,4195.10,15,4196.10,1,4196.20,7,4196.30,8,4196.40,7,4196.50,10,4196.60,10,4196.70,10,4196.80,19,4196.90,21,4197.00,23,Buy,22,7,29,15.00,15.00,-2.00,0.90,77.8,4195.40,4196.20,4195.30,4196.10,66,51,117,15.00,15.00,-21.00,1.10,36.4,36,219,0.0000,0.0000,71.00,6.00,4194.48,0.3533,UP,116.15,1.0073,1.0887
20261006 195506 205,4196.00,1,4195.90,4196.10,0.20,4195.90,1,4195.80,11,4195.70,9,4195.60,9,4195.50,8,4195.40,19,4195.30,17,4195.20,19,4195.10,15,4195.00,15,4196.10,5,4196.20,7,4196.30,8,4196.40,7,4196.50,10,4196.60,10,4196.70,10,4196.80,19,4196.90,21,4197.00,23,Sell,22,8,30,14.00,15.00,-2.00,0.90,66.7,4195.40,4196.20,4195.30,4196.00,66,51,117,15.00,15.00,-21.00,1.10,36.4,36,219,0.0000,0.0714,70.00,5.00,4194.48,0.3501,UP,116.15,1.0073,1.0887
20261006 195507 770,4196.10,1,4195.90,4196.10,0.20,4195.90,4,4195.80,11,4195.70,9,4195.60,9,4195.50,8,4195.40,19,4195.30,17,4195.20,19,4195.10,15,4195.00,15,4196.10,2,4196.20,8,4196.30,9,4196.40,7,4196.50,10,4196.60,10,4196.70,10,4196.80,19,4196.90,21,4197.00,23,Buy,23,8,31,15.00,15.00,-2.00,0.90,77.8,4195.40,4196.20,4195.30,4196.10,66,51,117,15.00,15.00,-21.00,1.10,36.4,36,219,0.0000,0.0000,71.00,6.00,4194.48,0.3533,UP,116.15,1.0073,1.0887
20261006 195508 534,4195.90,1,4195.80,4195.90,0.10,4195.90,4,4195.80,11,4195.70,9,4195.60,9,4195.50,8,4195.40,19,4195.30,17,4195.20,19,4195.10,15,4195.00,15,4196.10,4,4196.20,8,4196.30,9,4196.40,7,4196.50,10,4196.60,10,4196.70,10,4196.80,19,4196.90,21,4197.00,23,Sell,23,9,32,14.00,15.00,-2.00,0.90,55.6,4195.40,4196.20,4195.30,4195.90,66,51,117,15.00,15.00,-21.00,1.10,36.4,36,219,0.0000,0.0714,70.00,5.00,4194.47,0.3469,UP,116.15,1.0073,1.0887
20261006 195508 534,4195.90,1,4195.80,4195.90,0.10,4195.90,4,4195.80,11,4195.70,9,4195.60,9,4195.50,8,4195.40,19,4195.30,17,4195.20,19,4195.10,15,4195.00,15,4196.10,4,4196.20,8,4196.30,9,4196.40,7,4196.50,10,4196.60,10,4196.70,10,4196.80,19,4196.90,21,4197.00,23,Buy,24,9,33,15.00,15.00,-2.00,0.90,55.6,4195.40,4196.20,4195.30,4195.90,66,51,117,15.00,15.00,-21.00,1.10,36.4,36,219,0.0000,0.0000,71.00,6.00,4194.47,0.3469,UP,116.15,1.0073,1.0887
20261006 195508 777,4195.90,1,4195.80,4196.00,0.20,4195.80,5,4195.70,7,4195.60,9,4195.50,8,4195.40,11,4195.30,17,4195.20,21,4195.10,15,4195.00,15,4194.90,17,4196.00,4,4196.10,7,4196.20,8,4196.30,9,4196.40,8,4196.50,10,4196.60,11,4196.70,20,4196.80,19,4196.90,21,Sell,24,10,34,14.00,15.00,-2.00,0.90,55.6,4195.40,4196.20,4195.30,4195.90,66,51,117,15.00,15.00,-21.00,1.10,36.4,36,219,0.0000,0.0714,70.00,5.00,4194.47,0.3469,UP,116.15,1.0073,1.0887
20261006 195509 704,4196.10,5,4196.00,4196.10,0.10,4196.00,1,4195.90,8,4195.80,12,4195.70,8,4195.60,9,4195.50,8,4195.40,21,4195.30,17,4195.20,21,4195.10,15,4196.10,2,4196.20,6,4196.30,7,4196.40,8,4196.50,10,4196.60,11,4196.70,23,4196.80,19,4196.90,21,4197.00,23,Sell,24,15,39,9.00,15.00,-2.00,0.90,77.8,4195.40,4196.20,4195.30,4196.10,66,51,117,15.00,15.00,-21.00,1.10,36.4,36,219,0.0000,0.6667,65.00,0.00,4194.48,0.3533,UP,116.15,1.0073,1.0887
20261006 195510 491,4196.20,1,4196.00,4196.20,0.20,4196.00,3,4195.90,10,4195.80,13,4195.70,9,4195.60,9,4195.50,18,4195.40,21,4195.30,17,4195.20,21,4195.10,15,4196.20,5,4196.30,6,4196.40,8,4196.50,9,4196.60,11,4196.70,13,4196.80,19,4196.90,21,4197.00,23,4197.10,19,Buy,25,15,40,10.00,15.00,-2.00,0.90,88.9,4195.40,4196.20,4195.30,4196.20,66,51,117,15.00,15.00,-21.00,1.10,36.4,36,219,0.0000,0.5000,66.00,1.00,4194.49,0.3565,UP,116.15,1.0073,1.0887
20261006 195510 491,4196.20,1,4196.00,4196.20,0.20,4196.00,3,4195.90,10,4195.80,13,4195.70,9,4195.60,9,4195.50,18,4195.40,21,4195.30,17,4195.20,21,4195.10,15,4196.20,5,4196.30,6,4196.40,8,4196.50,9,4196.60,11,4196.70,13,4196.80,19,4196.90,21,4197.00,23,4197.10,19,Buy,26,15,41,11.00,15.00,-2.00,0.90,88.9,4195.40,4196.20,4195.30,4196.20,66,51,117,15.00,15.00,-21.00,1.10,36.4,36,219,0.0000,0.3636,67.00,2.00,4194.49,0.3565,UP,116.15,1.0073,1.0887
20261006 195510 491,4196.30,1,4196.00,4196.20,0.20,4196.00,3,4195.90,10,4195.80,13,4195.70,9,4195.60,9,4195.50,18,4195.40,21,4195.30,17,4195.20,21,4195.10,15,4196.20,5,4196.30,6,4196.40,8,4196.50,9,4196.60,11,4196.70,13,4196.80,19,4196.90,21,4197.00,23,4197.10,19,Buy,27,15,42,12.00,15.00,-2.00,1.00,90.0,4195.40,4196.30,4195.30,4196.30,66,51,117,15.00,15.00,-21.00,1.10,36.4,36,219,0.0000,0.2500,68.00,3.00,4194.50,0.3596,UP,116.15,1.0073,1.0958
20261006 195510 491,4196.30,1,4196.00,4196.20,0.20,4196.00,3,4195.90,10,4195.80,13,4195.70,9,4195.60,9,4195.50,18,4195.40,21,4195.30,17,4195.20,21,4195.10,15,4196.20,5,4196.30,6,4196.40,8,4196.50,9,4196.60,11,4196.70,13,4196.80,19,4196.90,21,4197.00,23,4197.10,19,Buy,28,15,43,13.00,15.00,-2.00,1.00,90.0,4195.40,4196.30,4195.30,4196.30,66,51,117,15.00,15.00,-21.00,1.10,36.4,36,219,0.0000,0.1538,69.00,4.00,4194.50,0.3596,UP,116.15,1.0073,1.0958
20261006 195510 491,4196.30,1,4196.00,4196.20,0.20,4196.00,3,4195.90,10,4195.80,13,4195.70,9,4195.60,9,4195.50,18,4195.40,21,4195.30,17,4195.20,21,4195.10,15,4196.20,5,4196.30,6,4196.40,8,4196.50,9,4196.60,11,4196.70,13,4196.80,19,4196.90,21,4197.00,23,4197.10,19,Buy,29,15,44,14.00,15.00,-2.00,1.00,90.0,4195.40,4196.30,4195.30,4196.30,66,51,117,15.00,15.00,-21.00,1.10,36.4,36,219,0.0000,0.0714,70.00,5.00,4194.50,0.3596,UP,116.15,1.0073,1.0958
20261006 195510 491,4196.30,1,4196.00,4196.20,0.20,4196.00,3,4195.90,10,4195.80,13,4195.70,9,4195.60,9,4195.50,18,4195.40,21,4195.30,17,4195.20,21,4195.10,15,4196.20,5,4196.30,6,4196.40,8,4196.50,9,4196.60,11,4196.70,13,4196.80,19,4196.90,21,4197.00,23,4197.10,19,Buy,30,15,45,15.00,15.00,-2.00,1.00,90.0,4195.40,4196.30,4195.30,4196.30,66,51,117,15.00,15.00,-21.00,1.10,36.4,36,219,0.0000,0.0000,71.00,6.00,4194.50,0.3596,UP,116.15,1.0073,1.0958
20261006 195510 491,4196.30,1,4196.00,4196.20,0.20,4196.00,3,4195.90,10,4195.80,13,4195.70,9,4195.60,9,4195.50,18,4195.40,21,4195.30,17,4195.20,21,4195.10,15,4196.20,5,4196.30,6,4196.40,8,4196.50,9,4196.60,11,4196.70,13,4196.80,19,4196.90,21,4197.00,23,4197.10,19,Buy,31,15,46,16.00,16.00,-2.00,1.00,90.0,4195.40,4196.30,4195.30,4196.30,66,51,117,15.00,15.00,-21.00,1.10,36.4,36,219,0.0000,0.0000,72.00,7.00,4194.50,0.3596,UP,116.15,1.0073,1.0958
20261006 195510 491,4196.40,1,4196.00,4196.20,0.20,4196.00,3,4195.90,10,4195.80,13,4195.70,9,4195.60,9,4195.50,18,4195.40,21,4195.30,17,4195.20,21,4195.10,15,4196.20,5,4196.30,6,4196.40,8,4196.50,9,4196.60,11,4196.70,13,4196.80,19,4196.90,21,4197.00,23,4197.10,19,Buy,32,15,47,17.00,17.00,-2.00,1.10,90.9,4195.40,4196.40,4195.30,4196.40,66,51,117,15.00,15.00,-21.00,1.10,36.4,36,219,0.0000,0.0000,73.00,8.00,4194.51,0.3628,UP,116.15,1.0073,1.1030
20261006 195510 494,4196.30,1,4196.00,4196.20,0.20,4196.00,3,4195.90,10,4195.80,13,4195.70,9,4195.60,9,4195.50,18,4195.40,21,4195.30,17,4195.20,21,4195.10,15,4196.20,5,4196.30,6,4196.40,8,4196.50,9,4196.60,11,4196.70,13,4196.80,19,4196.90,21,4197.00,23,4197.10,19,Buy,33,15,48,18.00,18.00,-2.00,1.10,81.8,4195.40,4196.40,4195.30,4196.30,66,51,117,15.00,15.00,-21.00,1.10,36.4,36,219,0.0000,0.0000,74.00,9.00,4194.50,0.3596,UP,116.15,1.0073,1.1030
20261006 195510 495,4196.20,1,4196.00,4196.20,0.20,4196.00,3,4195.90,10,4195.80,13,4195.70,9,4195.60,9,4195.50,18,4195.40,21,4195.30,17,4195.20,21,4195.10,15,4196.20,5,4196.30,6,4196.40,8,4196.50,9,4196.60,11,4196.70,13,4196.80,19,4196.90,21,4197.00,23,4197.10,19,Sell,33,16,49,17.00,18.00,-2.00,1.10,72.7,4195.40,4196.40,4195.30,4196.20,66,51,117,15.00,15.00,-21.00,1.10,36.4,36,219,0.0000,0.0588,73.00,8.00,4194.49,0.3565,UP,116.15,1.0073,1.1030
20261006 195510 497,4196.10,1,4196.00,4196.20,0.20,4196.00,3,4195.90,10,4195.80,13,4195.70,9,4195.60,9,4195.50,18,4195.40,21,4195.30,17,4195.20,21,4195.10,15,4196.20,5,4196.30,6,4196.40,8,4196.50,9,4196.60,11,4196.70,13,4196.80,19,4196.90,21,4197.00,23,4197.10,19,Sell,33,17,50,16.00,18.00,-2.00,1.10,63.6,4195.40,4196.40,4195.30,4196.10,66,51,117,15.00,15.00,-21.00,1.10,36.4,36,219,0.0000,0.1250,72.00,7.00,4194.48,0.3533,UP,116.15,1.0073,1.1030
20261006 195510 497,4196.10,1,4196.00,4196.20,0.20,4196.00,3,4195.90,10,4195.80,13,4195.70,9,4195.60,9,4195.50,18,4195.40,21,4195.30,17,4195.20,21,4195.10,15,4196.20,5,4196.30,6,4196.40,8,4196.50,9,4196.60,11,4196.70,13,4196.80,19,4196.90,21,4197.00,23,4197.10,19,Sell,33,18,51,15.00,18.00,-2.00,1.10,63.6,4195.40,4196.40,4195.30,4196.10,66,51,117,15.00,15.00,-21.00,1.10,36.4,36,219,0.0000,0.2000,71.00,6.00,4194.48,0.3533,UP,116.15,1.0073,1.1030
20261006 195510 497,4196.10,1,4196.00,4196.20,0.20,4196.00,3,4195.90,10,4195.80,13,4195.70,9,4195.60,9,4195.50,18,4195.40,21,4195.30,17,4195.20,21,4195.10,15,4196.20,5,4196.30,6,4196.40,8,4196.50,9,4196.60,11,4196.70,13,4196.80,19,4196.90,21,4197.00,23,4197.10,19,Sell,33,19,52,14.00,18.00,-2.00,1.10,63.6,4195.40,4196.40,4195.30,4196.10,66,51,117,15.00,15.00,-21.00,1.10,36.4,36,219,0.0000,0.2857,70.00,5.00,4194.48,0.3533,UP,116.15,1.0073,1.1030
20261006 195512 485,4196.30,1,4196.40,4196.50,0.10,4196.30,5,4196.20,7,4196.10,8,4196.00,10,4195.90,10,4195.80,14,4195.70,9,4195.60,19,4195.50,18,4195.40,21,4196.50,6,4196.60,9,4196.70,13,4196.80,9,4196.90,11,4197.00,24,4197.10,21,4197.20,21,4197.30,19,4197.40,24,Buy,34,19,53,15.00,18.00,-2.00,1.10,81.8,4195.40,4196.40,4195.30,4196.30,66,51,117,15.00,15.00,-21.00,1.10,36.4,36,219,0.0000,0.2000,71.00,6.00,4194.50,0.3596,UP,116.15,1.0073,1.1030
20261006 195512 485,4196.30,1,4196.40,4196.50,0.10,4196.30,5,4196.20,7,4196.10,8,4196.00,10,4195.90,10,4195.80,14,4195.70,9,4195.60,19,4195.50,18,4195.40,21,4196.50,6,4196.60,9,4196.70,13,4196.80,9,4196.90,11,4197.00,24,4197.10,21,4197.20,21,4197.30,19,4197.40,24,Buy,35,19,54,16.00,18.00,-2.00,1.10,81.8,4195.40,4196.40,4195.30,4196.30,66,51,117,15.00,15.00,-21.00,1.10,36.4,36,219,0.0000,0.1250,72.00,7.00,4194.50,0.3596,UP,116.15,1.0073,1.1030
20261006 195512 494,4196.40,1,4196.40,4196.50,0.10,4196.30,5,4196.20,7,4196.10,8,4196.00,10,4195.90,10,4195.80,14,4195.70,9,4195.60,19,4195.50,18,4195.40,21,4196.50,6,4196.60,9,4196.70,13,4196.80,9,4196.90,11,4197.00,24,4197.10,21,4197.20,21,4197.30,19,4197.40,24,Sell,35,20,55,15.00,18.00,-2.00,1.10,90.9,4195.40,4196.40,4195.30,4196.40,66,51,117,15.00,15.00,-21.00,1.10,36.4,36,219,0.0000,0.2000,71.00,6.00,4194.51,0.3628,UP,116.15,1.0073,1.1030
20261006 195513 052,4196.40,1,4196.30,4196.50,0.20,4196.30,5,4196.20,7,4196.10,8,4196.00,10,4195.90,10,4195.80,14,4195.70,19,4195.60,19,4195.50,18,4195.40,21,4196.50,4,4196.60,8,4196.70,12,4196.80,10,4196.90,11,4197.00,24,4197.10,21,4197.20,21,4197.30,19,4197.40,24,Sell,35,21,56,14.00,18.00,-2.00,1.10,90.9,4195.40,4196.40,4195.30,4196.40,66,51,117,15.00,15.00,-21.00,1.10,36.4,36,219,0.0000,0.2857,70.00,5.00,4194.51,0.3628,UP,116.15,1.0073,1.1030
20261006 195514 971,4196.40,1,4196.30,4196.40,0.10,4196.30,1,4196.20,6,4196.10,10,4196.00,10,4195.90,10,4195.80,14,4195.70,19,4195.60,19,4195.50,18,4195.40,21,4196.40,1,4196.50,8,4196.60,9,4196.70,12,4196.80,10,4196.90,11,4197.00,24,4197.10,21,4197.20,21,4197.30,19,Buy,36,21,57,15.00,18.00,-2.00,1.10,90.9,4195.40,4196.40,4195.30,4196.40,66,51,117,15.00,15.00,-21.00,1.10,36.4,36,219,0.0000,0.2000,71.00,6.00,4194.51,0.3628,UP,116.15,1.0073,1.1030
20261006 195514 971,4196.40,1,4196.30,4196.40,0.10,4196.30,1,4196.20,6,4196.10,10,4196.00,10,4195.90,10,4195.80,14,4195.70,19,4195.60,19,4195.50,18,4195.40,21,4196.40,1,4196.50,8,4196.60,9,4196.70,12,4196.80,10,4196.90,11,4197.00,24,4197.10,21,4197.20,21,4197.30,19,Buy,37,21,58,16.00,18.00,-2.00,1.10,90.9,4195.40,4196.40,4195.30,4196.40,66,51,117,15.00,15.00,-21.00,1.10,36.4,36,219,0.0000,0.1250,72.00,7.00,4194.51,0.3628,UP,116.15,1.0073,1.1030
20261006 195516 117,4196.30,1,4196.20,4196.40,0.20,4196.20,3,4196.10,6,4196.00,10,4195.90,10,4195.80,14,4195.70,9,4195.60,19,4195.50,18,4195.40,21,4195.30,17,4196.40,8,4196.50,9,4196.60,9,4196.70,12,4196.80,10,4196.90,11,4197.00,24,4197.10,21,4197.20,21,4197.30,19,Sell,37,22,59,15.00,18.00,-2.00,1.10,81.8,4195.40,4196.40,4195.30,4196.30,66,51,117,15.00,15.00,-21.00,1.10,36.4,36,219,0.0000,0.2000,71.00,6.00,4194.50,0.3596,UP,116.15,1.0073,1.1030
20261006 195516 117,4196.30,4,4196.20,4196.40,0.20,4196.20,3,4196.10,6,4196.00,10,4195.90,10,4195.80,14,4195.70,9,4195.60,19,4195.50,18,4195.40,21,4195.30,17,4196.40,8,4196.50,9,4196.60,9,4196.70,12,4196.80,10,4196.90,11,4197.00,24,4197.10,21,4197.20,21,4197.30,19,Sell,37,26,63,11.00,18.00,-2.00,1.10,81.8,4195.40,4196.40,4195.30,4196.30,66,51,117,15.00,15.00,-21.00,1.10,36.4,36,219,0.0000,0.6364,67.00,2.00,4194.50,0.3596,UP,116.15,1.0073,1.1030
20261006 195519 875,4196.30,1,4196.30,4196.40,0.10,4196.30,2,4196.20,2,4196.10,7,4196.00,10,4195.90,10,4195.80,14,4195.70,9,4195.60,19,4195.50,18,4195.40,21,4196.40,7,4196.50,9,4196.60,8,4196.70,12,4196.80,10,4196.90,11,4197.00,24,4197.10,21,4197.20,21,4197.30,19,Buy,38,26,64,12.00,18.00,-2.00,1.10,81.8,4195.40,4196.40,4195.30,4196.30,66,51,117,15.00,15.00,-21.00,1.10,36.4,36,219,0.0000,0.5000,68.00,3.00,4194.50,0.3596,UP,116.15,1.0073,1.1030
20261006 195522 175,4196.30,1,4195.50,4195.70,0.20,4195.50,5,4195.40,9,4195.30,7,4195.20,11,4195.10,17,4195.00,17,4194.90,17,4194.80,16,4194.70,19,4194.60,16,4195.70,3,4195.80,6,4195.90,6,4196.00,11,4196.10,12,4196.20,16,4196.30,10,4196.40,31,4196.50,18,4196.60,20,Sell,38,27,65,11.00,18.00,-2.00,1.10,81.8,4195.40,4196.40,4195.30,4196.30,66,51,117,15.00,15.00,-21.00,1.10,36.4,36,219,0.0000,0.6364,67.00,2.00,4194.50,0.3596,UP,116.15,1.0073,1.1030
20261006 195522 175,4196.30,2,4195.50,4195.70,0.20,4195.50,5,4195.40,9,4195.30,7,4195.20,11,4195.10,17,4195.00,17,4194.90,17,4194.80,16,4194.70,19,4194.60,16,4195.70,3,4195.80,6,4195.90,6,4196.00,11,4196.10,12,4196.20,16,4196.30,10,4196.40,31,4196.50,18,4196.60,20,Sell,38,29,67,9.00,18.00,-2.00,1.10,81.8,4195.40,4196.40,4195.30,4196.30,66,51,117,15.00,15.00,-21.00,1.10,36.4,36,219,0.0000,1.0000,65.00,0.00,4194.50,0.3596,UP,116.15,1.0073,1.1030
20261006 195522 175,4196.30,1,4195.50,4195.70,0.20,4195.50,5,4195.40,9,4195.30,7,4195.20,11,4195.10,17,4195.00,17,4194.90,17,4194.80,16,4194.70,19,4194.60,16,4195.70,3,4195.80,6,4195.90,6,4196.00,11,4196.10,12,4196.20,16,4196.30,10,4196.40,31,4196.50,18,4196.60,20,Sell,38,30,68,8.00,18.00,-2.00,1.10,81.8,4195.40,4196.40,4195.30,4196.30,66,51,117,15.00,15.00,-21.00,1.10,36.4,36,219,0.0000,1.2500,64.00,-1.00,4194.50,0.3596,UP,116.15,1.0073,1.1030
20261006 195522 175,4196.30,1,4195.50,4195.70,0.20,4195.50,5,4195.40,9,4195.30,7,4195.20,11,4195.10,17,4195.00,17,4194.90,17,4194.80,16,4194.70,19,4194.60,16,4195.70,3,4195.80,6,4195.90,6,4196.00,11,4196.10,12,4196.20,16,4196.30,10,4196.40,31,4196.50,18,4196.60,20,Sell,38,31,69,7.00,18.00,-2.00,1.10,81.8,4195.40,4196.40,4195.30,4196.30,66,51,117,15.00,15.00,-21.00,1.10,36.4,36,219,0.0000,1.5714,63.00,-2.00,4194.50,0.3596,UP,116.15,1.0073,1.1030
20261006 195522 175,4196.30,1,4195.50,4195.70,0.20,4195.50,5,4195.40,9,4195.30,7,4195.20,11,4195.10,17,4195.00,17,4194.90,17,4194.80,16,4194.70,19,4194.60,16,4195.70,3,4195.80,6,4195.90,6,4196.00,11,4196.10,12,4196.20,16,4196.30,10,4196.40,31,4196.50,18,4196.60,20,Sell,38,32,70,6.00,18.00,-2.00,1.10,81.8,4195.40,4196.40,4195.30,4196.30,66,51,117,15.00,15.00,-21.00,1.10,36.4,36,219,0.0000,2.0000,62.00,-3.00,4194.50,0.3596,UP,116.15,1.0073,1.1030
20261006 195522 176,4196.20,1,4195.50,4195.70,0.20,4195.50,5,4195.40,9,4195.30,7,4195.20,11,4195.10,17,4195.00,17,4194.90,17,4194.80,16,4194.70,19,4194.60,16,4195.70,3,4195.80,6,4195.90,6,4196.00,11,4196.10,12,4196.20,16,4196.30,10,4196.40,31,4196.50,18,4196.60,20,Sell,38,33,71,5.00,18.00,-2.00,1.10,72.7,4195.40,4196.40,4195.30,4196.20,66,51,117,15.00,15.00,-21.00,1.10,36.4,36,219,0.0000,2.6000,61.00,-4.00,4194.49,0.3565,UP,116.15,1.0073,1.1030
20261006 195522 176,4196.20,1,4195.50,4195.70,0.20,4195.50,5,4195.40,9,4195.30,7,4195.20,11,4195.10,17,4195.00,17,4194.90,17,4194.80,16,4194.70,19,4194.60,16,4195.70,3,4195.80,6,4195.90,6,4196.00,11,4196.10,12,4196.20,16,4196.30,10,4196.40,31,4196.50,18,4196.60,20,Sell,38,34,72,4.00,18.00,-2.00,1.10,72.7,4195.40,4196.40,4195.30,4196.20,66,51,117,15.00,15.00,-21.00,1.10,36.4,36,219,0.0000,3.5000,60.00,-5.00,4194.49,0.3565,UP,116.15,1.0073,1.1030
20261006 195522 176,4196.20,1,4195.50,4195.70,0.20,4195.50,5,4195.40,9,4195.30,7,4195.20,11,4195.10,17,4195.00,17,4194.90,17,4194.80,16,4194.70,19,4194.60,16,4195.70,3,4195.80,6,4195.90,6,4196.00,11,4196.10,12,4196.20,16,4196.30,10,4196.40,31,4196.50,18,4196.60,20,Sell,38,35,73,3.00,18.00,-2.00,1.10,72.7,4195.40,4196.40,4195.30,4196.20,66,51,117,15.00,15.00,-21.00,1.10,36.4,36,219,0.0000,5.0000,59.00,-6.00,4194.49,0.3565,UP,116.15,1.0073,1.1030
20261006 195522 176,4196.20,1,4195.50,4195.70,0.20,4195.50,5,4195.40,9,4195.30,7,4195.20,11,4195.10,17,4195.00,17,4194.90,17,4194.80,16,4194.70,19,4194.60,16,4195.70,3,4195.80,6,4195.90,6,4196.00,11,4196.10,12,4196.20,16,4196.30,10,4196.40,31,4196.50,18,4196.60,20,Sell,38,36,74,2.00,18.00,-2.00,1.10,72.7,4195.40,4196.40,4195.30,4196.20,66,51,117,15.00,15.00,-21.00,1.10,36.4,36,219,0.0000,8.0000,58.00,-7.00,4194.49,0.3565,UP,116.15,1.0073,1.1030
20261006 195522 176,4196.10,1,4195.50,4195.70,0.20,4195.50,5,4195.40,9,4195.30,7,4195.20,11,4195.10,17,4195.00,17,4194.90,17,4194.80,16,4194.70,19,4194.60,16,4195.70,3,4195.80,6,4195.90,6,4196.00,11,4196.10,12,4196.20,16,4196.30,10,4196.40,31,4196.50,18,4196.60,20,Sell,38,37,75,1.00,18.00,-2.00,1.10,63.6,4195.40,4196.40,4195.30,4196.10,66,51,117,15.00,15.00,-21.00,1.10,36.4,36,219,0.0000,17.0000,57.00,-8.00,4194.48,0.3533,UP,116.15,1.0073,1.1030
20261006 195522 176,4196.10,1,4195.50,4195.70,0.20,4195.50,5,4195.40,9,4195.30,7,4195.20,11,4195.10,17,4195.00,17,4194.90,17,4194.80,16,4194.70,19,4194.60,16,4195.70,3,4195.80,6,4195.90,6,4196.00,11,4196.10,12,4196.20,16,4196.30,10,4196.40,31,4196.50,18,4196.60,20,Sell,38,38,76,0.00,18.00,-2.00,1.10,63.6,4195.40,4196.40,4195.30,4196.10,66,51,117,15.00,15.00,-21.00,1.10,36.4,36,219,0.0000,18.0000,56.00,-9.00,4194.48,0.3533,UP,116.15,1.0073,1.1030
20261006 195522 176,4196.10,1,4195.50,4195.70,0.20,4195.50,5,4195.40,9,4195.30,7,4195.20,11,4195.10,17,4195.00,17,4194.90,17,4194.80,16,4194.70,19,4194.60,16,4195.70,3,4195.80,6,4195.90,6,4196.00,11,4196.10,12,4196.20,16,4196.30,10,4196.40,31,4196.50,18,4196.60,20,Sell,38,39,77,-1.00,18.00,-2.00,1.10,63.6,4195.40,4196.40,4195.30,4196.10,66,51,117,15.00,15.00,-21.00,1.10,36.4,36,219,0.0000,1.0000,55.00,-10.00,4194.48,0.3533,UP,116.15,1.0073,1.1030
20261006 195522 176,4196.10,1,4195.50,4195.70,0.20,4195.50,5,4195.40,9,4195.30,7,4195.20,11,4195.10,17,4195.00,17,4194.90,17,4194.80,16,4194.70,19,4194.60,16,4195.70,3,4195.80,6,4195.90,6,4196.00,11,4196.10,12,4196.20,16,4196.30,10,4196.40,31,4196.50,18,4196.60,20,Sell,38,40,78,-2.00,18.00,-2.00,1.10,63.6,4195.40,4196.40,4195.30,4196.10,66,51,117,15.00,15.00,-21.00,1.10,36.4,36,219,0.0000,0.0000,54.00,-11.00,4194.48,0.3533,UP,116.15,1.0073,1.1030
20261006 195522 176,4196.10,1,4195.50,4195.70,0.20,4195.50,5,4195.40,9,4195.30,7,4195.20,11,4195.10,17,4195.00,17,4194.90,17,4194.80,16,4194.70,19,4194.60,16,4195.70,3,4195.80,6,4195.90,6,4196.00,11,4196.10,12,4196.20,16,4196.30,10,4196.40,31,4196.50,18,4196.60,20,Sell,38,41,79,-3.00,18.00,-3.00,1.10,63.6,4195.40,4196.40,4195.30,4196.10,66,51,117,15.00,15.00,-21.00,1.10,36.4,36,219,0.0000,0.0000,53.00,-12.00,4194.48,0.3533,UP,116.15,1.0073,1.1030
20261006 195522 176,4196.10,1,4195.50,4195.70,0.20,4195.50,5,4195.40,9,4195.30,7,4195.20,11,4195.10,17,4195.00,17,4194.90,17,4194.80,16,4194.70,19,4194.60,16,4195.70,3,4195.80,6,4195.90,6,4196.00,11,4196.10,12,4196.20,16,4196.30,10,4196.40,31,4196.50,18,4196.60,20,Sell,38,42,80,-4.00,18.00,-4.00,1.10,63.6,4195.40,4196.40,4195.30,4196.10,66,51,117,15.00,15.00,-21.00,1.10,36.4,36,219,0.0000,0.0000,52.00,-13.00,4194.48,0.3533,UP,116.15,1.0073,1.1030
20261006 195522 177,4196.10,1,4195.50,4195.70,0.20,4195.50,5,4195.40,9,4195.30,7,4195.20,11,4195.10,17,4195.00,17,4194.90,17,4194.80,16,4194.70,19,4194.60,16,4195.70,3,4195.80,6,4195.90,6,4196.00,11,4196.10,12,4196.20,16,4196.30,10,4196.40,31,4196.50,18,4196.60,20,Sell,38,43,81,-5.00,18.00,-5.00,1.10,63.6,4195.40,4196.40,4195.30,4196.10,66,51,117,15.00,15.00,-21.00,1.10,36.4,36,219,0.0000,0.0000,51.00,-14.00,4194.48,0.3533,UP,116.15,1.0073,1.1030
20261006 195522 177,4196.00,1,4195.50,4195.70,0.20,4195.50,5,4195.40,9,4195.30,7,4195.20,11,4195.10,17,4195.00,17,4194.90,17,4194.80,16,4194.70,19,4194.60,16,4195.70,3,4195.80,6,4195.90,6,4196.00,11,4196.10,12,4196.20,16,4196.30,10,4196.40,31,4196.50,18,4196.60,20,Sell,38,44,82,-6.00,18.00,-6.00,1.10,54.5,4195.40,4196.40,4195.30,4196.00,66,51,117,15.00,15.00,-21.00,1.10,36.4,36,219,0.0000,0.0000,50.00,-15.00,4194.48,0.3501,UP,116.15,1.0073,1.1030
20261006 195522 177,4196.00,1,4195.50,4195.70,0.20,4195.50,5,4195.40,9,4195.30,7,4195.20,11,4195.10,17,4195.00,17,4194.90,17,4194.80,16,4194.70,19,4194.60,16,4195.70,3,4195.80,6,4195.90,6,4196.00,11,4196.10,12,4196.20,16,4196.30,10,4196.40,31,4196.50,18,4196.60,20,Sell,38,45,83,-7.00,18.00,-7.00,1.10,54.5,4195.40,4196.40,4195.30,4196.00,66,51,117,15.00,15.00,-21.00,1.10,36.4,36,219,0.0000,0.0000,49.00,-16.00,4194.48,0.3501,UP,116.15,1.0073,1.1030
20261006 195522 177,4196.00,1,4195.50,4195.70,0.20,4195.50,5,4195.40,9,4195.30,7,4195.20,11,4195.10,17,4195.00,17,4194.90,17,4194.80,16,4194.70,19,4194.60,16,4195.70,3,4195.80,6,4195.90,6,4196.00,11,4196.10,12,4196.20,16,4196.30,10,4196.40,31,4196.50,18,4196.60,20,Sell,38,46,84,-8.00,18.00,-8.00,1.10,54.5,4195.40,4196.40,4195.30,4196.00,66,51,117,15.00,15.00,-21.00,1.10,36.4,36,219,0.0000,0.0000,48.00,-17.00,4194.48,0.3501,UP,116.15,1.0073,1.1030
20261006 195522 177,4196.00,1,4195.50,4195.70,0.20,4195.50,5,4195.40,9,4195.30,7,4195.20,11,4195.10,17,4195.00,17,4194.90,17,4194.80,16,4194.70,19,4194.60,16,4195.70,3,4195.80,6,4195.90,6,4196.00,11,4196.10,12,4196.20,16,4196.30,10,4196.40,31,4196.50,18,4196.60,20,Sell,38,47,85,-9.00,18.00,-9.00,1.10,54.5,4195.40,4196.40,4195.30,4196.00,66,51,117,15.00,15.00,-21.00,1.10,36.4,36,219,0.0000,0.0000,47.00,-18.00,4194.48,0.3501,UP,116.15,1.0073,1.1030
20261006 195522 177,4196.00,1,4195.50,4195.70,0.20,4195.50,5,4195.40,9,4195.30,7,4195.20,11,4195.10,17,4195.00,17,4194.90,17,4194.80,16,4194.70,19,4194.60,16,4195.70,3,4195.80,6,4195.90,6,4196.00,11,4196.10,12,4196.20,16,4196.30,10,4196.40,31,4196.50,18,4196.60,20,Sell,38,48,86,-10.00,18.00,-10.00,1.10,54.5,4195.40,4196.40,4195.30,4196.00,66,51,117,15.00,15.00,-21.00,1.10,36.4,36,219,0.0000,0.0000,46.00,-19.00,4194.48,0.3501,UP,116.15,1.0073,1.1030
20261006 195522 177,4196.00,1,4195.50,4195.70,0.20,4195.50,5,4195.40,9,4195.30,7,4195.20,11,4195.10,17,4195.00,17,4194.90,17,4194.80,16,4194.70,19,4194.60,16,4195.70,3,4195.80,6,4195.90,6,4196.00,11,4196.10,12,4196.20,16,4196.30,10,4196.40,31,4196.50,18,4196.60,20,Sell,38,49,87,-11.00,18.00,-11.00,1.10,54.5,4195.40,4196.40,4195.30,4196.00,66,51,117,15.00,15.00,-21.00,1.10,36.4,36,219,0.0000,0.0000,45.00,-20.00,4194.48,0.3501,UP,116.15,1.0073,1.1030
20261006 195522 177,4196.00,1,4195.50,4195.70,0.20,4195.50,5,4195.40,9,4195.30,7,4195.20,11,4195.10,17,4195.00,17,4194.90,17,4194.80,16,4194.70,19,4194.60,16,4195.70,3,4195.80,6,4195.90,6,4196.00,11,4196.10,12,4196.20,16,4196.30,10,4196.40,31,4196.50,18,4196.60,20,Sell,38,50,88,-12.00,18.00,-12.00,1.10,54.5,4195.40,4196.40,4195.30,4196.00,66,51,117,15.00,15.00,-21.00,1.10,36.4,36,219,0.0000,0.0000,44.00,-21.00,4194.48,0.3501,UP,116.15,1.0073,1.1030
20261006 195522 178,4195.90,1,4195.50,4195.70,0.20,4195.50,5,4195.40,9,4195.30,7,4195.20,11,4195.10,17,4195.00,17,4194.90,17,4194.80,16,4194.70,19,4194.60,16,4195.70,3,4195.80,6,4195.90,6,4196.00,11,4196.10,12,4196.20,16,4196.30,10,4196.40,31,4196.50,18,4196.60,20,Sell,38,51,89,-13.00,18.00,-13.00,1.10,45.5,4195.40,4196.40,4195.30,4195.90,66,51,117,15.00,15.00,-21.00,1.10,36.4,36,219,0.0000,0.0000,43.00,-22.00,4194.47,0.3469,UP,116.15,1.0073,1.1030
20261006 195522 178,4195.90,1,4195.50,4195.70,0.20,4195.50,5,4195.40,9,4195.30,7,4195.20,11,4195.10,17,4195.00,17,4194.90,17,4194.80,16,4194.70,19,4194.60,16,4195.70,3,4195.80,6,4195.90,6,4196.00,11,4196.10,12,4196.20,16,4196.30,10,4196.40,31,4196.50,18,4196.60,20,Sell,38,52,90,-14.00,18.00,-14.00,1.10,45.5,4195.40,4196.40,4195.30,4195.90,66,51,117,15.00,15.00,-21.00,1.10,36.4,36,219,0.0000,0.0000,42.00,-23.00,4194.47,0.3469,UP,116.15,1.0073,1.1030
20261006 195522 180,4195.90,1,4195.50,4195.70,0.20,4195.50,5,4195.40,9,4195.30,7,4195.20,11,4195.10,17,4195.00,17,4194.90,17,4194.80,16,4194.70,19,4194.60,16,4195.70,3,4195.80,6,4195.90,6,4196.00,11,4196.10,12,4196.20,16,4196.30,10,4196.40,31,4196.50,18,4196.60,20,Sell,38,53,91,-15.00,18.00,-15.00,1.10,45.5,4195.40,4196.40,4195.30,4195.90,66,51,117,15.00,15.00,-21.00,1.10,36.4,36,219,0.0000,0.0000,41.00,-24.00,4194.47,0.3469,UP,116.15,1.0073,1.1030
20261006 195522 180,4195.90,1,4195.50,4195.70,0.20,4195.50,5,4195.40,9,4195.30,7,4195.20,11,4195.10,17,4195.00,17,4194.90,17,4194.80,16,4194.70,19,4194.60,16,4195.70,3,4195.80,6,4195.90,6,4196.00,11,4196.10,12,4196.20,16,4196.30,10,4196.40,31,4196.50,18,4196.60,20,Sell,38,54,92,-16.00,18.00,-16.00,1.10,45.5,4195.40,4196.40,4195.30,4195.90,66,51,117,15.00,15.00,-21.00,1.10,36.4,36,219,0.0000,0.0000,40.00,-25.00,4194.47,0.3469,UP,116.15,1.0073,1.1030
20261006 195522 181,4195.80,1,4195.50,4195.70,0.20,4195.50,5,4195.40,9,4195.30,7,4195.20,11,4195.10,17,4195.00,17,4194.90,17,4194.80,16,4194.70,19,4194.60,16,4195.70,3,4195.80,6,4195.90,6,4196.00,11,4196.10,12,4196.20,16,4196.30,10,4196.40,31,4196.50,18,4196.60,20,Sell,38,55,93,-17.00,18.00,-17.00,1.10,36.4,4195.40,4196.40,4195.30,4195.80,66,51,117,15.00,15.00,-21.00,1.10,36.4,36,219,0.0000,0.0000,39.00,-26.00,4194.46,0.3438,UP,116.15,1.0073,1.1030
20261006 195522 181,4195.80,1,4195.50,4195.70,0.20,4195.50,5,4195.40,9,4195.30,7,4195.20,11,4195.10,17,4195.00,17,4194.90,17,4194.80,16,4194.70,19,4194.60,16,4195.70,3,4195.80,6,4195.90,6,4196.00,11,4196.10,12,4196.20,16,4196.30,10,4196.40,31,4196.50,18,4196.60,20,Sell,38,56,94,-18.00,18.00,-18.00,1.10,36.4,4195.40,4196.40,4195.30,4195.80,66,51,117,15.00,15.00,-21.00,1.10,36.4,36,219,0.0000,0.0000,38.00,-27.00,4194.46,0.3438,UP,116.15,1.0073,1.1030
20261006 195522 182,4195.80,1,4195.50,4195.70,0.20,4195.50,5,4195.40,9,4195.30,7,4195.20,11,4195.10,17,4195.00,17,4194.90,17,4194.80,16,4194.70,19,4194.60,16,4195.70,3,4195.80,6,4195.90,6,4196.00,11,4196.10,12,4196.20,16,4196.30,10,4196.40,31,4196.50,18,4196.60,20,Sell,38,57,95,-19.00,18.00,-19.00,1.10,36.4,4195.40,4196.40,4195.30,4195.80,66,51,117,15.00,15.00,-21.00,1.10,36.4,36,219,0.0000,0.0000,37.00,-28.00,4194.46,0.3438,UP,116.15,1.0073,1.1030
20261006 195522 183,4195.80,1,4195.50,4195.70,0.20,4195.50,5,4195.40,9,4195.30,7,4195.20,11,4195.10,17,4195.00,17,4194.90,17,4194.80,16,4194.70,19,4194.60,16,4195.70,3,4195.80,6,4195.90,6,4196.00,11,4196.10,12,4196.20,16,4196.30,10,4196.40,31,4196.50,18,4196.60,20,Sell,38,58,96,-20.00,18.00,-20.00,1.10,36.4,4195.40,4196.40,4195.30,4195.80,66,51,117,15.00,15.00,-21.00,1.10,36.4,36,219,0.0000,0.0000,36.00,-29.00,4194.46,0.3438,UP,116.15,1.0073,1.1030
20261006 195522 184,4195.70,1,4195.50,4195.70,0.20,4195.50,5,4195.40,9,4195.30,7,4195.20,11,4195.10,17,4195.00,17,4194.90,17,4194.80,16,4194.70,19,4194.60,16,4195.70,3,4195.80,6,4195.90,6,4196.00,11,4196.10,12,4196.20,16,4196.30,10,4196.40,31,4196.50,18,4196.60,20,Sell,38,59,97,-21.00,18.00,-21.00,1.10,27.3,4195.40,4196.40,4195.30,4195.70,66,51,117,15.00,15.00,-21.00,1.10,36.4,36,219,0.0000,0.0000,35.00,-30.00,4194.45,0.3406,UP,116.15,1.0073,1.1030
20261006 195522 184,4195.70,1,4195.50,4195.70,0.20,4195.50,5,4195.40,9,4195.30,7,4195.20,11,4195.10,17,4195.00,17,4194.90,17,4194.80,16,4194.70,19,4194.60,16,4195.70,3,4195.80,6,4195.90,6,4196.00,11,4196.10,12,4196.20,16,4196.30,10,4196.40,31,4196.50,18,4196.60,20,Sell,38,60,98,-22.00,18.00,-22.00,1.10,27.3,4195.40,4196.40,4195.30,4195.70,66,51,117,15.00,15.00,-21.00,1.10,36.4,36,219,0.0000,0.0000,34.00,-31.00,4194.45,0.3406,UP,116.15,1.0073,1.1030
20261006 195522 187,4195.80,1,4195.50,4195.70,0.20,4195.50,5,4195.40,9,4195.30,7,4195.20,11,4195.10,17,4195.00,17,4194.90,17,4194.80,16,4194.70,19,4194.60,16,4195.70,3,4195.80,6,4195.90,6,4196.00,11,4196.10,12,4196.20,16,4196.30,10,4196.40,31,4196.50,18,4196.60,20,Sell,38,61,99,-23.00,18.00,-23.00,1.10,36.4,4195.40,4196.40,4195.30,4195.80,66,51,117,15.00,15.00,-21.00,1.10,36.4,36,219,0.0000,0.0000,33.00,-32.00,4194.46,0.3438,UP,116.15,1.0073,1.1030
20261006 195522 187,4195.80,1,4195.50,4195.70,0.20,4195.50,5,4195.40,9,4195.30,7,4195.20,11,4195.10,17,4195.00,17,4194.90,17,4194.80,16,4194.70,19,4194.60,16,4195.70,3,4195.80,6,4195.90,6,4196.00,11,4196.10,12,4196.20,16,4196.30,10,4196.40,31,4196.50,18,4196.60,20,Sell,38,62,100,-24.00,18.00,-24.00,1.10,36.4,4195.40,4196.40,4195.30,4195.80,66,51,117,15.00,15.00,-21.00,1.10,36.4,36,219,0.0000,0.0000,32.00,-33.00,4194.46,0.3438,UP,116.15,1.0073,1.1030
20261006 195522 236,4195.60,1,4195.60,4195.70,0.10,4195.50,5,4195.40,7,4195.30,7,4195.20,11,4195.10,7,4195.00,17,4194.90,19,4194.80,16,4194.70,19,4194.60,16,4195.70,3,4195.80,7,4195.90,6,4196.00,12,4196.10,13,4196.20,26,4196.30,22,4196.40,31,4196.50,20,4196.60,20,Buy,39,62,101,-23.00,18.00,-24.00,1.10,18.2,4195.40,4196.40,4195.30,4195.60,66,51,117,15.00,15.00,-21.00,1.10,36.4,36,219,0.0000,0.0435,33.00,-32.00,4194.44,0.3374,UP,116.15,1.0073,1.1030
20261006 195522 264,4195.60,1,4195.60,4195.70,0.10,4195.50,5,4195.40,7,4195.30,7,4195.20,11,4195.10,7,4195.00,17,4194.90,19,4194.80,16,4194.70,19,4194.60,16,4195.70,3,4195.80,7,4195.90,6,4196.00,12,4196.10,13,4196.20,26,4196.30,22,4196.40,31,4196.50,20,4196.60,20,Buy,40,62,102,-22.00,18.00,-24.00,1.10,18.2,4195.40,4196.40,4195.30,4195.60,66,51,117,15.00,15.00,-21.00,1.10,36.4,36,219,0.0000,0.0909,34.00,-31.00,4194.44,0.3374,UP,116.15,1.0073,1.1030
20261006 195522 267,4195.60,1,4195.60,4195.70,0.10,4195.50,5,4195.40,7,4195.30,7,4195.20,11,4195.10,7,4195.00,17,4194.90,19,4194.80,16,4194.70,19,4194.60,16,4195.70,3,4195.80,7,4195.90,6,4196.00,12,4196.10,13,4196.20,26,4196.30,22,4196.40,31,4196.50,20,4196.60,20,Sell,40,63,103,-23.00,18.00,-24.00,1.10,18.2,4195.40,4196.40,4195.30,4195.60,66,51,117,15.00,15.00,-21.00,1.10,36.4,36,219,0.0000,0.0435,33.00,-32.00,4194.44,0.3374,UP,116.15,1.0073,1.1030
20261006 195522 300,4195.70,1,4195.50,4195.70,0.20,4195.50,5,4195.40,9,4195.30,7,4195.20,11,4195.10,7,4195.00,17,4194.90,19,4194.80,16,4194.70,19,4194.60,16,4195.70,4,4195.80,6,4195.90,6,4196.00,12,4196.10,13,4196.20,26,4196.30,22,4196.40,31,4196.50,20,4196.60,20,Buy,41,63,104,-22.00,18.00,-24.00,1.10,27.3,4195.40,4196.40,4195.30,4195.70,66,51,117,15.00,15.00,-21.00,1.10,36.4,36,219,0.0000,0.0909,34.00,-31.00,4194.45,0.3406,UP,116.15,1.0073,1.1030
20261006 195522 379,4195.60,1,4195.60,4195.70,0.10,4195.50,5,4195.40,10,4195.30,7,4195.20,11,4195.10,7,4195.00,17,4194.90,19,4194.80,16,4194.70,19,4194.60,16,4195.70,2,4195.80,8,4195.90,6,4196.00,12,4196.10,13,4196.20,26,4196.30,22,4196.40,31,4196.50,20,4196.60,20,Sell,41,64,105,-23.00,18.00,-24.00,1.10,18.2,4195.40,4196.40,4195.30,4195.60,66,51,117,15.00,15.00,-21.00,1.10,36.4,36,219,0.0000,0.0435,33.00,-32.00,4194.44,0.3374,UP,116.15,1.0073,1.1030
20261006 195522 380,4195.60,2,4195.60,4195.70,0.10,4195.50,5,4195.40,10,4195.30,7,4195.20,11,4195.10,7,4195.00,17,4194.90,19,4194.80,16,4194.70,19,4194.60,16,4195.70,2,4195.80,8,4195.90,6,4196.00,12,4196.10,13,4196.20,26,4196.30,22,4196.40,31,4196.50,20,4196.60,20,Sell,41,66,107,-25.00,18.00,-25.00,1.10,18.2,4195.40,4196.40,4195.30,4195.60,66,51,117,15.00,15.00,-21.00,1.10,36.4,36,219,0.0000,0.0000,31.00,-34.00,4194.44,0.3374,UP,116.15,1.0073,1.1030
20261006 195522 626,4195.70,1,4195.50,4195.70,0.20,4195.50,1,4195.40,10,4195.30,7,4195.20,11,4195.10,7,4195.00,17,4194.90,19,4194.80,16,4194.70,19,4194.60,16,4195.70,6,4195.80,8,4195.90,6,4196.00,12,4196.10,13,4196.20,26,4196.30,22,4196.40,31,4196.50,20,4196.60,20,Buy,42,66,108,-24.00,18.00,-25.00,1.10,27.3,4195.40,4196.40,4195.30,4195.70,66,51,117,15.00,15.00,-21.00,1.10,36.4,36,219,0.0000,0.0417,32.00,-33.00,4194.45,0.3406,UP,116.15,1.0073,1.1030
20261006 195522 626,4195.70,1,4195.50,4195.70,0.20,4195.50,1,4195.40,10,4195.30,7,4195.20,11,4195.10,7,4195.00,17,4194.90,19,4194.80,16,4194.70,19,4194.60,16,4195.70,6,4195.80,8,4195.90,6,4196.00,12,4196.10,13,4196.20,26,4196.30,22,4196.40,31,4196.50,20,4196.60,20,Buy,43,66,109,-23.00,18.00,-25.00,1.10,27.3,4195.40,4196.40,4195.30,4195.70,66,51,117,15.00,15.00,-21.00,1.10,36.4,36,219,0.0000,0.0870,33.00,-32.00,4194.45,0.3406,UP,116.15,1.0073,1.1030
20261006 195532 821,4195.60,1,4195.40,4195.60,0.20,4195.40,2,4195.30,8,4195.20,7,4195.10,7,4195.00,7,4194.90,9,4194.80,18,4194.70,19,4194.60,16,4194.50,19,4195.60,5,4195.70,8,4195.80,10,4195.90,7,4196.00,11,4196.10,23,4196.20,26,4196.30,22,4196.40,31,4196.50,23,Buy,44,66,110,-22.00,18.00,-25.00,1.10,18.2,4195.40,4196.40,4195.30,4195.60,66,51,117,15.00,15.00,-21.00,1.10,36.4,36,219,0.0000,0.1364,34.00,-31.00,4194.44,0.3374,UP,116.15,1.0073,1.1030
20261006 195535 819,4195.60,1,4195.60,4195.80,0.20,4195.60,1,4195.50,5,4195.40,8,4195.30,6,4195.20,8,4195.10,7,4195.00,7,4194.90,9,4194.80,18,4194.70,19,4195.80,9,4195.90,8,4196.00,11,4196.10,13,4196.20,26,4196.30,22,4196.40,31,4196.50,23,4196.60,20,4196.70,19,Buy,45,66,111,-21.00,18.00,-25.00,1.10,18.2,4195.40,4196.40,4195.30,4195.60,66,51,117,15.00,15.00,-21.00,1.10,36.4,36,219,0.0000,0.1905,35.00,-30.00,4194.44,0.3374,UP,116.15,1.0073,1.1030
20261006 195535 993,4195.50,1,4195.50,4195.70,0.20,4195.50,4,4195.40,10,4195.30,8,4195.20,8,4195.10,7,4195.00,7,4194.90,9,4194.80,18,4194.70,19,4194.60,16,4195.70,2,4195.80,9,4195.90,8,4196.00,11,4196.10,13,4196.20,26,4196.30,22,4196.40,31,4196.50,23,4196.60,20,Sell,45,67,112,-22.00,18.00,-25.00,1.10,9.1,4195.40,4196.40,4195.30,4195.50,66,51,117,15.00,15.00,-21.00,1.10,36.4,36,219,0.0000,0.1364,34.00,-31.00,4194.43,0.3342,UP,116.15,1.0073,1.1030
20261006 195535 993,4195.50,1,4195.50,4195.70,0.20,4195.50,4,4195.40,10,4195.30,8,4195.20,8,4195.10,7,4195.00,7,4194.90,9,4194.80,18,4194.70,19,4194.60,16,4195.70,2,4195.80,9,4195.90,8,4196.00,11,4196.10,13,4196.20,26,4196.30,22,4196.40,31,4196.50,23,4196.60,20,Sell,45,68,113,-23.00,18.00,-25.00,1.10,9.1,4195.40,4196.40,4195.30,4195.50,66,51,117,15.00,15.00,-21.00,1.10,36.4,36,219,0.0000,0.0870,33.00,-32.00,4194.43,0.3342,UP,116.15,1.0073,1.1030
20261006 195537 078,4195.50,2,4195.50,4195.70,0.20,4195.50,4,4195.40,10,4195.30,8,4195.20,8,4195.10,7,4195.00,7,4194.90,9,4194.80,18,4194.70,19,4194.60,16,4195.70,5,4195.80,9,4195.90,8,4196.00,11,4196.10,13,4196.20,26,4196.30,22,4196.40,31,4196.50,23,4196.60,20,Sell,45,70,115,-25.00,18.00,-25.00,1.10,9.1,4195.40,4196.40,4195.30,4195.50,66,51,117,15.00,15.00,-21.00,1.10,36.4,36,219,0.0000,0.0000,31.00,-34.00,4194.43,0.3342,UP,116.15,1.0073,1.1030
20261006 195539 615,4195.60,1,4195.40,4195.60,0.20,4195.40,4,4195.30,8,4195.20,8,4195.10,7,4195.00,7,4194.90,9,4194.80,18,4194.70,19,4194.60,16,4194.50,19,4195.60,3,4195.70,9,4195.80,9,4195.90,8,4196.00,11,4196.10,13,4196.20,26,4196.30,22,4196.40,31,4196.50,23,Buy,46,70,116,-24.00,18.00,-25.00,1.10,18.2,4195.40,4196.40,4195.30,4195.60,66,51,117,15.00,15.00,-21.00,1.10,36.4,36,219,0.0000,0.0417,32.00,-33.00,4194.44,0.3374,UP,116.15,1.0073,1.1030
20261006 195540 643,4195.50,1,4195.40,4195.50,0.10,4195.40,5,4195.30,8,4195.20,8,4195.10,7,4195.00,7,4194.90,9,4194.80,18,4194.70,19,4194.60,16,4194.50,19,4195.50,2,4195.60,5,4195.70,9,4195.80,9,4195.90,8,4196.00,11,4196.10,13,4196.20,26,4196.30,22,4196.40,31,Sell,46,71,117,-25.00,18.00,-25.00,1.10,9.1,4195.40,4196.40,4195.30,4195.50,66,51,117,15.00,15.00,-21.00,1.10,36.4,36,219,0.0000,0.0000,31.00,-34.00,4194.43,0.3342,UP,116.15,1.0073,1.1030
20261006 195540 643,4195.50,1,4195.40,4195.50,0.10,4195.40,5,4195.30,8,4195.20,8,4195.10,7,4195.00,7,4194.90,9,4194.80,18,4194.70,19,4194.60,16,4194.50,19,4195.50,2,4195.60,5,4195.70,9,4195.80,9,4195.90,8,4196.00,11,4196.10,13,4196.20,26,4196.30,22,4196.40,31,Sell,46,72,118,-26.00,18.00,-26.00,1.10,9.1,4195.40,4196.40,4195.30,4195.50,66,51,117,15.00,15.00,-21.00,1.10,36.4,36,219,0.0000,0.0000,30.00,-35.00,4194.43,0.3342,UP,116.15,1.0073,1.1030
20261006 195540 645,4195.40,1,4195.40,4195.50,0.10,4195.40,5,4195.30,8,4195.20,8,4195.10,7,4195.00,7,4194.90,9,4194.80,18,4194.70,19,4194.60,16,4194.50,19,4195.50,2,4195.60,5,4195.70,9,4195.80,9,4195.90,8,4196.00,11,4196.10,13,4196.20,26,4196.30,22,4196.40,31,Sell,46,73,119,-27.00,18.00,-27.00,1.10,0.0,4195.40,4196.40,4195.30,4195.40,66,51,117,15.00,15.00,-21.00,1.10,36.4,36,219,0.0000,0.0000,29.00,-36.00,4194.42,0.3311,UP,116.15,1.0073,1.1030
20261006 195540 678,4195.50,1,4195.40,4195.60,0.20,4195.40,6,4195.30,11,4195.20,8,4195.10,7,4195.00,7,4194.90,9,4194.80,18,4194.70,21,4194.60,18,4194.50,19,4195.60,3,4195.70,5,4195.80,9,4195.90,8,4196.00,11,4196.10,13,4196.20,26,4196.30,22,4196.40,31,4196.50,20,Sell,46,74,120,-28.00,18.00,-28.00,1.10,9.1,4195.40,4196.40,4195.30,4195.50,66,51,117,15.00,15.00,-21.00,1.10,36.4,36,219,0.0000,0.0000,28.00,-37.00,4194.43,0.3342,UP,116.15,1.0073,1.1030
20261006 195540 678,4195.40,1,4195.40,4195.60,0.20,4195.40,6,4195.30,11,4195.20,8,4195.10,7,4195.00,7,4194.90,9,4194.80,18,4194.70,21,4194.60,18,4194.50,19,4195.60,3,4195.70,5,4195.80,9,4195.90,8,4196.00,11,4196.10,13,4196.20,26,4196.30,22,4196.40,31,4196.50,20,Sell,46,75,121,-29.00,18.00,-29.00,1.10,0.0,4195.40,4196.40,4195.30,4195.40,66,51,117,15.00,15.00,-21.00,1.10,36.4,36,219,0.0000,0.0000,27.00,-38.00,4194.42,0.3311,UP,116.15,1.0073,1.1030
20261006 195540 678,4195.40,1,4195.40,4195.60,0.20,4195.40,6,4195.30,11,4195.20,8,4195.10,7,4195.00,7,4194.90,9,4194.80,18,4194.70,21,4194.60,18,4194.50,19,4195.60,3,4195.70,5,4195.80,9,4195.90,8,4196.00,11,4196.10,13,4196.20,26,4196.30,22,4196.40,31,4196.50,20,Sell,46,76,122,-30.00,18.00,-30.00,1.10,0.0,4195.40,4196.40,4195.30,4195.40,66,51,117,15.00,15.00,-21.00,1.10,36.4,36,219,0.0000,0.0000,26.00,-39.00,4194.42,0.3311,UP,116.15,1.0073,1.1030
20261006 195542 314,4195.60,1,4195.50,4195.70,0.20,4195.50,2,4195.40,7,4195.30,13,4195.20,8,4195.10,7,4195.00,7,4194.90,9,4194.80,18,4194.70,21,4194.60,18,4195.70,4,4195.80,9,4195.90,8,4196.00,11,4196.10,13,4196.20,26,4196.30,22,4196.40,31,4196.50,20,4196.60,19,Buy,47,76,123,-29.00,18.00,-30.00,1.10,18.2,4195.40,4196.40,4195.30,4195.60,66,51,117,15.00,15.00,-21.00,1.10,36.4,36,219,0.0000,0.0345,27.00,-38.00,4194.44,0.3374,UP,116.15,1.0073,1.1030
20261006 195544 762,4195.80,1,4195.70,4195.90,0.20,4195.70,6,4195.60,8,4195.50,11,4195.40,11,4195.30,11,4195.20,9,4195.10,17,4195.00,17,4194.90,19,4194.80,18,4195.90,3,4196.00,9,4196.10,13,4196.20,16,4196.30,12,4196.40,31,4196.50,20,4196.60,19,4196.70,19,4196.80,20,Buy,48,76,124,-28.00,18.00,-30.00,1.10,36.4,4195.40,4196.40,4195.30,4195.80,66,51,117,15.00,15.00,-21.00,1.10,36.4,36,219,0.0000,0.0714,28.00,-37.00,4194.46,0.3438,UP,116.15,1.0073,1.1030
20261006 195544 762,4195.80,1,4195.70,4195.90,0.20,4195.70,6,4195.60,8,4195.50,11,4195.40,11,4195.30,11,4195.20,9,4195.10,17,4195.00,17,4194.90,19,4194.80,18,4195.90,3,4196.00,9,4196.10,13,4196.20,16,4196.30,12,4196.40,31,4196.50,20,4196.60,19,4196.70,19,4196.80,20,Buy,49,76,125,-27.00,18.00,-30.00,1.10,36.4,4195.40,4196.40,4195.30,4195.80,66,51,117,15.00,15.00,-21.00,1.10,36.4,36,219,0.0000,0.1111,29.00,-36.00,4194.46,0.3438,UP,116.15,1.0073,1.1030
20261006 195546 729,4196.20,1,4196.30,4196.50,0.20,4196.30,4,4196.20,7,4196.10,10,4196.00,9,4195.90,11,4195.80,13,4195.70,9,4195.60,18,4195.50,21,4195.40,20,4196.50,7,4196.60,9,4196.70,9,4196.80,10,4196.90,21,4197.00,24,4197.10,21,4197.20,20,4197.30,19,4197.40,24,Buy,50,76,126,-26.00,18.00,-30.00,1.10,72.7,4195.40,4196.40,4195.30,4196.20,66,51,117,15.00,15.00,-21.00,1.10,36.4,36,219,0.0000,0.1538,30.00,-35.00,4194.49,0.3565,UP,116.15,1.0073,1.1030
20261006 195546 899,4196.50,1,4196.50,4196.70,0.20,4196.40,5,4196.30,7,4196.20,8,4196.10,11,4196.00,10,4195.90,10,4195.80,13,4195.70,19,4195.60,18,4195.50,21,4196.60,3,4196.70,9,4196.80,10,4196.90,11,4197.00,24,4197.10,21,4197.20,20,4197.30,19,4197.40,24,4197.50,20,Sell,50,77,127,-27.00,18.00,-30.00,1.20,91.7,4195.40,4196.50,4195.30,4196.50,66,51,117,15.00,15.00,-21.00,1.10,36.4,36,219,0.0000,0.1111,29.00,-36.00,4194.52,0.3660,UP,116.15,1.0073,1.1101
20261006 195546 938,4196.40,1,4196.30,4196.50,0.20,4196.30,5,4196.20,8,4196.10,10,4196.00,10,4195.90,10,4195.80,13,4195.70,19,4195.60,18,4195.50,21,4195.40,20,4196.50,5,4196.60,8,4196.70,8,4196.80,10,4196.90,11,4197.00,14,4197.10,21,4197.20,20,4197.30,19,4197.40,24,Sell,50,78,128,-28.00,18.00,-30.00,1.20,83.3,4195.40,4196.50,4195.30,4196.40,66,51,117,15.00,15.00,-21.00,1.10,36.4,36,219,0.0000,0.0714,28.00,-37.00,4194.51,0.3628,UP,116.15,1.0073,1.1101
20261006 195546 938,4196.40,1,4196.30,4196.50,0.20,4196.30,5,4196.20,8,4196.10,10,4196.00,10,4195.90,10,4195.80,13,4195.70,19,4195.60,18,4195.50,21,4195.40,20,4196.50,5,4196.60,8,4196.70,8,4196.80,10,4196.90,11,4197.00,14,4197.10,21,4197.20,20,4197.30,19,4197.40,24,Sell,50,79,129,-29.00,18.00,-30.00,1.20,83.3,4195.40,4196.50,4195.30,4196.40,66,51,117,15.00,15.00,-21.00,1.10,36.4,36,219,0.0000,0.0345,27.00,-38.00,4194.51,0.3628,UP,116.15,1.0073,1.1101
20261006 195547 285,4196.30,1,4196.30,4196.40,0.10,4196.30,5,4196.20,8,4196.10,10,4196.00,10,4195.90,10,4195.80,13,4195.70,19,4195.60,18,4195.50,21,4195.40,20,4196.50,4,4196.60,8,4196.70,9,4196.80,10,4196.90,11,4197.00,14,4197.10,21,4197.20,20,4197.30,19,4197.40,24,Sell,50,80,130,-30.00,18.00,-30.00,1.20,75.0,4195.40,4196.50,4195.30,4196.30,66,51,117,15.00,15.00,-21.00,1.10,36.4,36,219,0.0000,0.0000,26.00,-39.00,4194.50,0.3596,UP,116.15,1.0073,1.1101
20261006 195547 512,4196.40,1,4196.30,4196.40,0.10,4196.20,6,4196.10,9,4196.00,8,4195.90,10,4195.80,13,4195.70,19,4195.60,18,4195.50,21,4195.40,20,4195.30,21,4196.40,5,4196.50,9,4196.60,8,4196.70,9,4196.80,10,4196.90,11,4197.00,24,4197.10,21,4197.20,20,4197.30,19,Buy,51,80,131,-29.00,18.00,-30.00,1.20,83.3,4195.40,4196.50,4195.30,4196.40,66,51,117,15.00,15.00,-21.00,1.10,36.4,36,219,0.0000,0.0345,27.00,-38.00,4194.51,0.3628,UP,116.15,1.0073,1.1101
20261006 195547 512,4196.40,2,4196.30,4196.40,0.10,4196.20,6,4196.10,9,4196.00,8,4195.90,10,4195.80,13,4195.70,19,4195.60,18,4195.50,21,4195.40,20,4195.30,21,4196.40,5,4196.50,9,4196.60,8,4196.70,9,4196.80,10,4196.90,11,4197.00,24,4197.10,21,4197.20,20,4197.30,19,Buy,53,80,133,-27.00,18.00,-30.00,1.20,83.3,4195.40,4196.50,4195.30,4196.40,66,51,117,15.00,15.00,-21.00,1.10,36.4,36,219,0.0000,0.1111,29.00,-36.00,4194.51,0.3628,UP,116.15,1.0073,1.1101
20261006 195547 949,4196.40,1,4196.40,4196.50,0.10,4196.40,1,4196.30,3,4196.20,8,4196.10,9,4196.00,9,4195.90,10,4195.80,13,4195.70,19,4195.60,18,4195.50,21,4196.50,7,4196.60,8,4196.70,8,4196.80,10,4196.90,11,4197.00,14,4197.10,21,4197.20,20,4197.30,19,4197.40,24,Buy,54,80,134,-26.00,18.00,-30.00,1.20,83.3,4195.40,4196.50,4195.30,4196.40,66,51,117,15.00,15.00,-21.00,1.10,36.4,36,219,0.0000,0.1538,30.00,-35.00,4194.51,0.3628,UP,116.15,1.0073,1.1101
20261006 195547 949,4196.40,1,4196.40,4196.50,0.10,4196.40,1,4196.30,3,4196.20,8,4196.10,9,4196.00,9,4195.90,10,4195.80,13,4195.70,19,4195.60,18,4195.50,21,4196.50,7,4196.60,8,4196.70,8,4196.80,10,4196.90,11,4197.00,14,4197.10,21,4197.20,20,4197.30,19,4197.40,24,Buy,55,80,135,-25.00,18.00,-30.00,1.20,83.3,4195.40,4196.50,4195.30,4196.40,66,51,117,15.00,15.00,-21.00,1.10,36.4,36,219,0.0000,0.2000,31.00,-34.00,4194.51,0.3628,UP,116.15,1.0073,1.1101
20261006 195549 132,4196.50,1,4196.30,4196.50,0.20,4196.30,5,4196.20,8,4196.10,9,4196.00,9,4195.90,10,4195.80,13,4195.70,19,4195.60,18,4195.50,21,4195.40,20,4196.50,2,4196.60,8,4196.70,8,4196.80,10,4196.90,11,4197.00,14,4197.10,21,4197.20,20,4197.30,20,4197.40,24,Buy,56,80,136,-24.00,18.00,-30.00,1.20,91.7,4195.40,4196.50,4195.30,4196.50,66,51,117,15.00,15.00,-21.00,1.10,36.4,36,219,0.0000,0.2500,32.00,-33.00,4194.52,0.3660,UP,116.15,1.0073,1.1101
20261006 195549 637,4196.50,1,4196.40,4196.60,0.20,4196.40,9,4196.30,9,4196.20,8,4196.10,10,4196.00,9,4195.90,10,4195.80,23,4195.70,19,4195.60,18,4195.50,21,4196.60,1,4196.70,8,4196.80,10,4196.90,11,4197.00,14,4197.10,21,4197.20,20,4197.30,20,4197.40,24,4197.50,20,Buy,57,80,137,-23.00,18.00,-30.00,1.20,91.7,4195.40,4196.50,4195.30,4196.50,66,51,117,15.00,15.00,-21.00,1.10,36.4,36,219,0.0000,0.3043,33.00,-32.00,4194.52,0.3660,UP,116.15,1.0073,1.1101
20261006 195549 660,4196.50,2,4196.40,4196.60,0.20,4196.40,9,4196.30,9,4196.20,8,4196.10,10,4196.00,9,4195.90,10,4195.80,23,4195.70,19,4195.60,18,4195.50,21,4196.60,1,4196.70,8,4196.80,10,4196.90,11,4197.00,14,4197.10,21,4197.20,20,4197.30,20,4197.40,24,4197.50,20,Sell,57,82,139,-25.00,18.00,-30.00,1.20,91.7,4195.40,4196.50,4195.30,4196.50,66,51,117,15.00,15.00,-21.00,1.10,36.4,36,219,0.0000,0.2000,31.00,-34.00,4194.52,0.3660,UP,116.15,1.0073,1.1101
20261006 195550 374,4196.50,1,4196.60,4196.80,0.20,4196.60,5,4196.50,6,4196.40,8,4196.30,10,4196.20,11,4196.10,10,4196.00,10,4195.90,20,4195.80,23,4195.70,19,4196.80,5,4196.90,10,4197.00,14,4197.10,11,4197.20,10,4197.30,20,4197.40,24,4197.50,20,4197.60,18,4197.70,17,Sell,57,83,140,-26.00,18.00,-30.00,1.20,91.7,4195.40,4196.50,4195.30,4196.50,66,51,117,15.00,15.00,-21.00,1.10,36.4,36,219,0.0000,0.1538,30.00,-35.00,4194.52,0.3660,UP,116.15,1.0073,1.1101
20261006 195550 376,4196.60,1,4196.60,4196.80,0.20,4196.60,5,4196.50,6,4196.40,8,4196.30,10,4196.20,11,4196.10,10,4196.00,10,4195.90,20,4195.80,23,4195.70,19,4196.80,5,4196.90,10,4197.00,14,4197.10,11,4197.20,10,4197.30,20,4197.40,24,4197.50,20,4197.60,18,4197.70,17,Buy,58,83,141,-25.00,18.00,-30.00,1.30,92.3,4195.40,4196.60,4195.30,4196.60,66,51,117,15.00,15.00,-21.00,1.10,36.4,36,219,0.0000,0.2000,31.00,-34.00,4194.53,0.3692,UP,116.15,1.0073,1.1172
20261006 195550 376,4196.70,1,4196.60,4196.80,0.20,4196.60,5,4196.50,6,4196.40,8,4196.30,10,4196.20,11,4196.10,10,4196.00,10,4195.90,20,4195.80,23,4195.70,19,4196.80,5,4196.90,10,4197.00,14,4197.10,11,4197.20,10,4197.30,20,4197.40,24,4197.50,20,4197.60,18,4197.70,17,Buy,59,83,142,-24.00,18.00,-30.00,1.40,92.9,4195.40,4196.70,4195.30,4196.70,66,51,117,15.00,15.00,-21.00,1.10,36.4,36,219,0.0000,0.2500,32.00,-33.00,4194.54,0.3723,UP,116.15,1.0073,1.1244
20261006 195550 394,4196.60,1,4196.60,4196.80,0.20,4196.60,5,4196.50,6,4196.40,8,4196.30,10,4196.20,11,4196.10,10,4196.00,10,4195.90,20,4195.80,23,4195.70,19,4196.80,5,4196.90,10,4197.00,14,4197.10,11,4197.20,10,4197.30,20,4197.40,24,4197.50,20,4197.60,18,4197.70,17,Sell,59,84,143,-25.00,18.00,-30.00,1.40,85.7,4195.40,4196.70,4195.30,4196.60,66,51,117,15.00,15.00,-21.00,1.10,36.4,36,219,0.0000,0.2000,31.00,-34.00,4194.53,0.3692,UP,116.15,1.0073,1.1244
20261006 195550 483,4196.80,1,4196.70,4196.90,0.20,4196.70,6,4196.60,6,4196.50,7,4196.40,8,4196.30,11,4196.20,10,4196.10,10,4196.00,20,4195.90,20,4195.80,23,4196.90,4,4197.00,12,4197.10,11,4197.20,10,4197.30,10,4197.40,24,4197.50,20,4197.60,18,4197.70,17,4197.80,19,Buy,60,84,144,-24.00,18.00,-30.00,1.50,93.3,4195.40,4196.80,4195.30,4196.80,66,51,117,15.00,15.00,-21.00,1.10,36.4,36,219,0.0000,0.2500,32.00,-33.00,4194.55,0.3755,UP,116.15,1.0073,1.1315
20261006 195550 483,4196.80,1,4196.70,4196.90,0.20,4196.70,6,4196.60,6,4196.50,7,4196.40,8,4196.30,11,4196.20,10,4196.10,10,4196.00,20,4195.90,20,4195.80,23,4196.90,4,4197.00,12,4197.10,11,4197.20,10,4197.30,10,4197.40,24,4197.50,20,4197.60,18,4197.70,17,4197.80,19,Buy,61,84,145,-23.00,18.00,-30.00,1.50,93.3,4195.40,4196.80,4195.30,4196.80,66,51,117,15.00,15.00,-21.00,1.10,36.4,36,219,0.0000,0.3043,33.00,-32.00,4194.55,0.3755,UP,116.15,1.0073,1.1315
20261006 195550 483,4196.80,1,4196.70,4196.90,0.20,4196.70,6,4196.60,6,4196.50,7,4196.40,8,4196.30,11,4196.20,10,4196.10,10,4196.00,20,4195.90,20,4195.80,23,4196.90,4,4197.00,12,4197.10,11,4197.20,10,4197.30,10,4197.40,24,4197.50,20,4197.60,18,4197.70,17,4197.80,19,Buy,62,84,146,-22.00,18.00,-30.00,1.50,93.3,4195.40,4196.80,4195.30,4196.80,66,51,117,15.00,15.00,-21.00,1.10,36.4,36,219,0.0000,0.3636,34.00,-31.00,4194.55,0.3755,UP,116.15,1.0073,1.1315
20261006 195550 483,4196.80,1,4196.70,4196.90,0.20,4196.70,6,4196.60,6,4196.50,7,4196.40,8,4196.30,11,4196.20,10,4196.10,10,4196.00,20,4195.90,20,4195.80,23,4196.90,4,4197.00,12,4197.10,11,4197.20,10,4197.30,10,4197.40,24,4197.50,20,4197.60,18,4197.70,17,4197.80,19,Buy,63,84,147,-21.00,18.00,-30.00,1.50,93.3,4195.40,4196.80,4195.30,4196.80,66,51,117,15.00,15.00,-21.00,1.10,36.4,36,219,0.0000,0.4286,35.00,-30.00,4194.55,0.3755,UP,116.15,1.0073,1.1315
20261006 195550 483,4196.90,1,4196.70,4196.90,0.20,4196.70,6,4196.60,6,4196.50,7,4196.40,8,4196.30,11,4196.20,10,4196.10,10,4196.00,20,4195.90,20,4195.80,23,4196.90,4,4197.00,12,4197.10,11,4197.20,10,4197.30,10,4197.40,24,4197.50,20,4197.60,18,4197.70,17,4197.80,19,Buy,64,84,148,-20.00,18.00,-30.00,1.60,93.8,4195.40,4196.90,4195.30,4196.90,66,51,117,15.00,15.00,-21.00,1.10,36.4,36,219,0.0000,0.5000,36.00,-29.00,4194.56,0.3787,UP,116.15,1.0073,1.1387
20261006 195550 483,4196.90,1,4196.70,4196.90,0.20,4196.70,6,4196.60,6,4196.50,7,4196.40,8,4196.30,11,4196.20,10,4196.10,10,4196.00,20,4195.90,20,4195.80,23,4196.90,4,4197.00,12,4197.10,11,4197.20,10,4197.30,10,4197.40,24,4197.50,20,4197.60,18,4197.70,17,4197.80,19,Buy,65,84,149,-19.00,18.00,-30.00,1.60,93.8,4195.40,4196.90,4195.30,4196.90,66,51,117,15.00,15.00,-21.00,1.10,36.4,36,219,0.0000,0.5789,37.00,-28.00,4194.56,0.3787,UP,116.15,1.0073,1.1387
20261006 195550 483,4196.90,1,4196.70,4196.90,0.20,4196.70,6,4196.60,6,4196.50,7,4196.40,8,4196.30,11,4196.20,10,4196.10,10,4196.00,20,4195.90,20,4195.80,23,4196.90,4,4197.00,12,4197.10,11,4197.20,10,4197.30,10,4197.40,24,4197.50,20,4197.60,18,4197.70,17,4197.80,19,Buy,66,84,150,-18.00,18.00,-30.00,1.60,93.8,4195.40,4196.90,4195.30,4196.90,66,51,117,15.00,15.00,-21.00,1.10,36.4,36,219,0.0000,0.6667,38.00,-27.00,4194.56,0.3787,UP,116.15,1.0073,1.1387
20261006 195550 483,4196.90,1,4196.70,4196.90,0.20,4196.70,6,4196.60,6,4196.50,7,4196.40,8,4196.30,11,4196.20,10,4196.10,10,4196.00,20,4195.90,20,4195.80,23,4196.90,4,4197.00,12,4197.10,11,4197.20,10,4197.30,10,4197.40,24,4197.50,20,4197.60,18,4197.70,17,4197.80,19,Buy,67,84,151,-17.00,18.00,-30.00,1.60,93.8,4195.40,4196.90,4195.30,4196.90,66,51,117,15.00,15.00,-21.00,1.10,36.4,36,219,0.0000,0.7647,39.00,-26.00,4194.56,0.3787,UP,116.15,1.0073,1.1387
20261006 195550 483,4196.90,1,4196.70,4196.90,0.20,4196.70,6,4196.60,6,4196.50,7,4196.40,8,4196.30,11,4196.20,10,4196.10,10,4196.00,20,4195.90,20,4195.80,23,4196.90,4,4197.00,12,4197.10,11,4197.20,10,4197.30,10,4197.40,24,4197.50,20,4197.60,18,4197.70,17,4197.80,19,Buy,68,84,152,-16.00,18.00,-30.00,1.60,93.8,4195.40,4196.90,4195.30,4196.90,66,51,117,15.00,15.00,-21.00,1.10,36.4,36,219,0.0000,0.8750,40.00,-25.00,4194.56,0.3787,UP,116.15,1.0073,1.1387
20261006 195550 483,4196.90,1,4196.70,4196.90,0.20,4196.70,6,4196.60,6,4196.50,7,4196.40,8,4196.30,11,4196.20,10,4196.10,10,4196.00,20,4195.90,20,4195.80,23,4196.90,4,4197.00,12,4197.10,11,4197.20,10,4197.30,10,4197.40,24,4197.50,20,4197.60,18,4197.70,17,4197.80,19,Buy,69,84,153,-15.00,18.00,-30.00,1.60,93.8,4195.40,4196.90,4195.30,4196.90,66,51,117,15.00,15.00,-21.00,1.10,36.4,36,219,0.0000,1.0000,41.00,-24.00,4194.56,0.3787,UP,116.15,1.0073,1.1387
20261006 195550 492,4196.90,1,4196.70,4196.90,0.20,4196.70,6,4196.60,6,4196.50,7,4196.40,8,4196.30,11,4196.20,10,4196.10,10,4196.00,20,4195.90,20,4195.80,23,4196.90,4,4197.00,12,4197.10,11,4197.20,10,4197.30,10,4197.40,24,4197.50,20,4197.60,18,4197.70,17,4197.80,19,Buy,70,84,154,-14.00,18.00,-30.00,1.60,93.8,4195.40,4196.90,4195.30,4196.90,66,51,117,15.00,15.00,-21.00,1.10,36.4,36,219,0.0000,1.1429,42.00,-23.00,4194.56,0.3787,UP,116.15,1.0073,1.1387
20261006 195550 636,4196.90,1,4196.70,4196.90,0.20,4196.70,6,4196.60,6,4196.50,7,4196.40,8,4196.30,11,4196.20,10,4196.10,10,4196.00,20,4195.90,20,4195.80,23,4196.90,3,4197.00,12,4197.10,11,4197.20,10,4197.30,10,4197.40,24,4197.50,20,4197.60,18,4197.70,17,4197.80,19,Buy,71,84,155,-13.00,18.00,-30.00,1.60,93.8,4195.40,4196.90,4195.30,4196.90,66,51,117,15.00,15.00,-21.00,1.10,36.4,36,219,0.0000,1.3077,43.00,-22.00,4194.56,0.3787,UP,116.15,1.0073,1.1387
20261006 195550 636,4196.90,1,4196.70,4196.90,0.20,4196.70,6,4196.60,6,4196.50,7,4196.40,8,4196.30,11,4196.20,10,4196.10,10,4196.00,20,4195.90,20,4195.80,23,4196.90,3,4197.00,12,4197.10,11,4197.20,10,4197.30,10,4197.40,24,4197.50,20,4197.60,18,4197.70,17,4197.80,19,Buy,72,84,156,-12.00,18.00,-30.00,1.60,93.8,4195.40,4196.90,4195.30,4196.90,66,51,117,15.00,15.00,-21.00,1.10,36.4,36,219,0.0000,1.5000,44.00,-21.00,4194.56,0.3787,UP,116.15,1.0073,1.1387
20261006 195550 636,4196.90,1,4196.70,4196.90,0.20,4196.70,6,4196.60,6,4196.50,7,4196.40,8,4196.30,11,4196.20,10,4196.10,10,4196.00,20,4195.90,20,4195.80,23,4196.90,3,4197.00,12,4197.10,11,4197.20,10,4197.30,10,4197.40,24,4197.50,20,4197.60,18,4197.70,17,4197.80,19,Buy,73,84,157,-11.00,18.00,-30.00,1.60,93.8,4195.40,4196.90,4195.30,4196.90,66,51,117,15.00,15.00,-21.00,1.10,36.4,36,219,0.0000,1.7273,45.00,-20.00,4194.56,0.3787,UP,116.15,1.0073,1.1387
20261006 195551 232,4196.80,1,4196.80,4196.90,0.10,4196.80,1,4196.70,6,4196.60,8,4196.50,9,4196.40,11,4196.30,10,4196.20,10,4196.10,20,4196.00,20,4195.90,20,4196.90,3,4197.00,12,4197.10,11,4197.20,10,4197.30,10,4197.40,24,4197.50,20,4197.60,18,4197.70,17,4197.80,19,Sell,73,85,158,-12.00,18.00,-30.00,1.60,87.5,4195.40,4196.90,4195.30,4196.80,66,51,117,15.00,15.00,-21.00,1.10,36.4,36,219,0.0000,1.5000,44.00,-21.00,4194.55,0.3755,UP,116.15,1.0073,1.1387
20261006 195551 469,4196.90,1,4196.70,4196.90,0.20,4196.70,6,4196.60,8,4196.50,10,4196.40,11,4196.30,10,4196.20,10,4196.10,20,4196.00,20,4195.90,20,4195.80,23,4196.90,4,4197.00,9,4197.10,11,4197.20,10,4197.30,10,4197.40,14,4197.50,20,4197.60,18,4197.70,17,4197.80,19,Buy,74,85,159,-11.00,18.00,-30.00,1.60,93.8,4195.40,4196.90,4195.30,4196.90,66,51,117,15.00,15.00,-21.00,1.10,36.4,36,219,0.0000,1.7273,45.00,-20.00,4194.56,0.3787,UP,116.15,1.0073,1.1387
20261006 195551 540,4196.70,1,4196.30,4196.50,0.20,4196.30,2,4196.20,8,4196.10,10,4196.00,9,4195.90,10,4195.80,23,4195.70,19,4195.60,18,4195.50,21,4195.40,20,4196.50,6,4196.60,6,4196.70,7,4196.80,8,4196.90,10,4197.00,10,4197.10,21,4197.20,20,4197.30,20,4197.40,24,Sell,74,86,160,-12.00,18.00,-30.00,1.60,81.3,4195.40,4196.90,4195.30,4196.70,66,51,117,15.00,15.00,-21.00,1.10,36.4,36,219,0.0000,1.5000,44.00,-21.00,4194.54,0.3723,UP,116.15,1.0073,1.1387
20261006 195551 540,4196.70,1,4196.30,4196.50,0.20,4196.30,2,4196.20,8,4196.10,10,4196.00,9,4195.90,10,4195.80,23,4195.70,19,4195.60,18,4195.50,21,4195.40,20,4196.50,6,4196.60,6,4196.70,7,4196.80,8,4196.90,10,4197.00,10,4197.10,21,4197.20,20,4197.30,20,4197.40,24,Sell,74,87,161,-13.00,18.00,-30.00,1.60,81.3,4195.40,4196.90,4195.30,4196.70,66,51,117,15.00,15.00,-21.00,1.10,36.4,36,219,0.0000,1.3077,43.00,-22.00,4194.54,0.3723,UP,116.15,1.0073,1.1387
20261006 195551 540,4196.70,1,4196.30,4196.50,0.20,4196.30,2,4196.20,8,4196.10,10,4196.00,9,4195.90,10,4195.80,23,4195.70,19,4195.60,18,4195.50,21,4195.40,20,4196.50,6,4196.60,6,4196.70,7,4196.80,8,4196.90,10,4197.00,10,4197.10,21,4197.20,20,4197.30,20,4197.40,24,Sell,74,88,162,-14.00,18.00,-30.00,1.60,81.3,4195.40,4196.90,4195.30,4196.70,66,51,117,15.00,15.00,-21.00,1.10,36.4,36,219,0.0000,1.1429,42.00,-23.00,4194.54,0.3723,UP,116.15,1.0073,1.1387
20261006 195551 540,4196.70,2,4196.30,4196.50,0.20,4196.30,2,4196.20,8,4196.10,10,4196.00,9,4195.90,10,4195.80,23,4195.70,19,4195.60,18,4195.50,21,4195.40,20,4196.50,6,4196.60,6,4196.70,7,4196.80,8,4196.90,10,4197.00,10,4197.10,21,4197.20,20,4197.30,20,4197.40,24,Sell,74,90,164,-16.00,18.00,-30.00,1.60,81.3,4195.40,4196.90,4195.30,4196.70,66,51,117,15.00,15.00,-21.00,1.10,36.4,36,219,0.0000,0.8750,40.00,-25.00,4194.54,0.3723,UP,116.15,1.0073,1.1387
20261006 195551 556,4196.50,1,4196.30,4196.50,0.20,4196.30,2,4196.20,8,4196.10,10,4196.00,9,4195.90,10,4195.80,23,4195.70,19,4195.60,18,4195.50,21,4195.40,20,4196.50,6,4196.60,6,4196.70,7,4196.80,8,4196.90,10,4197.00,10,4197.10,21,4197.20,20,4197.30,20,4197.40,24,Sell,74,91,165,-17.00,18.00,-30.00,1.60,68.8,4195.40,4196.90,4195.30,4196.50,66,51,117,15.00,15.00,-21.00,1.10,36.4,36,219,0.0000,0.7647,39.00,-26.00,4194.52,0.3660,UP,116.15,1.0073,1.1387
20261006 195551 562,4196.40,1,4196.30,4196.50,0.20,4196.30,2,4196.20,8,4196.10,10,4196.00,9,4195.90,10,4195.80,23,4195.70,19,4195.60,18,4195.50,21,4195.40,20,4196.50,6,4196.60,6,4196.70,7,4196.80,8,4196.90,10,4197.00,10,4197.10,21,4197.20,20,4197.30,20,4197.40,24,Sell,74,92,166,-18.00,18.00,-30.00,1.60,62.5,4195.40,4196.90,4195.30,4196.40,66,51,117,15.00,15.00,-21.00,1.10,36.4,36,219,0.0000,0.6667,38.00,-27.00,4194.51,0.3628,UP,116.15,1.0073,1.1387
20261006 195551 940,4196.60,1,4196.40,4196.60,0.20,4196.40,4,4196.30,7,4196.20,8,4196.10,10,4196.00,9,4195.90,10,4195.80,23,4195.70,19,4195.60,18,4195.50,21,4196.60,3,4196.70,7,4196.80,9,4196.90,10,4197.00,10,4197.10,21,4197.20,20,4197.30,20,4197.40,24,4197.50,20,Buy,75,92,167,-17.00,18.00,-30.00,1.60,75.0,4195.40,4196.90,4195.30,4196.60,66,51,117,15.00,15.00,-21.00,1.10,36.4,36,219,0.0000,0.7647,39.00,-26.00,4194.53,0.3692,UP,116.15,1.0073,1.1387
20261006 195552 064,4196.40,2,4196.30,4196.50,0.20,4196.30,4,4196.20,8,4196.10,10,4196.00,9,4195.90,10,4195.80,23,4195.70,19,4195.60,18,4195.50,21,4195.40,20,4196.50,4,4196.60,8,4196.70,7,4196.80,8,4196.90,10,4197.00,10,4197.10,21,4197.20,20,4197.30,20,4197.40,24,Buy,77,92,169,-15.00,18.00,-30.00,1.60,62.5,4195.40,4196.90,4195.30,4196.40,66,51,117,15.00,15.00,-21.00,1.10,36.4,36,219,0.0000,1.0000,41.00,-24.00,4194.51,0.3628,UP,116.15,1.0073,1.1387
20261006 195552 749,4196.50,1,4196.30,4196.50,0.20,4196.30,4,4196.20,8,4196.10,10,4196.00,9,4195.90,10,4195.80,23,4195.70,19,4195.60,18,4195.50,21,4195.40,20,4196.50,4,4196.60,6,4196.70,7,4196.80,8,4196.90,10,4197.00,10,4197.10,21,4197.20,20,4197.30,20,4197.40,24,Buy,78,92,170,-14.00,18.00,-30.00,1.60,68.8,4195.40,4196.90,4195.30,4196.50,66,51,117,15.00,15.00,-21.00,1.10,36.4,36,219,0.0000,1.1429,42.00,-23.00,4194.52,0.3660,UP,116.15,1.0073,1.1387
20261006 195552 749,4196.50,1,4196.30,4196.50,0.20,4196.30,4,4196.20,8,4196.10,10,4196.00,9,4195.90,10,4195.80,23,4195.70,19,4195.60,18,4195.50,21,4195.40,20,4196.50,4,4196.60,6,4196.70,7,4196.80,8,4196.90,10,4197.00,10,4197.10,21,4197.20,20,4197.30,20,4197.40,24,Buy,79,92,171,-13.00,18.00,-30.00,1.60,68.8,4195.40,4196.90,4195.30,4196.50,66,51,117,15.00,15.00,-21.00,1.10,36.4,36,219,0.0000,1.3077,43.00,-22.00,4194.52,0.3660,UP,116.15,1.0073,1.1387
20261006 195552 749,4196.50,1,4196.30,4196.50,0.20,4196.30,4,4196.20,8,4196.10,10,4196.00,9,4195.90,10,4195.80,23,4195.70,19,4195.60,18,4195.50,21,4195.40,20,4196.50,4,4196.60,6,4196.70,7,4196.80,8,4196.90,10,4197.00,10,4197.10,21,4197.20,20,4197.30,20,4197.40,24,Buy,80,92,172,-12.00,18.00,-30.00,1.60,68.8,4195.40,4196.90,4195.30,4196.50,66,51,117,15.00,15.00,-21.00,1.10,36.4,36,219,0.0000,1.5000,44.00,-21.00,4194.52,0.3660,UP,116.15,1.0073,1.1387
20261006 195552 749,4196.60,1,4196.30,4196.50,0.20,4196.30,4,4196.20,8,4196.10,10,4196.00,9,4195.90,10,4195.80,23,4195.70,19,4195.60,18,4195.50,21,4195.40,20,4196.50,4,4196.60,6,4196.70,7,4196.80,8,4196.90,10,4197.00,10,4197.10,21,4197.20,20,4197.30,20,4197.40,24,Buy,81,92,173,-11.00,18.00,-30.00,1.60,75.0,4195.40,4196.90,4195.30,4196.60,66,51,117,15.00,15.00,-21.00,1.10,36.4,36,219,0.0000,1.7273,45.00,-20.00,4194.53,0.3692,UP,116.15,1.0073,1.1387
20261006 195552 871,4196.50,1,4196.30,4196.50,0.20,4196.30,5,4196.20,8,4196.10,10,4196.00,9,4195.90,10,4195.80,23,4195.70,19,4195.60,18,4195.50,21,4195.40,20,4196.50,3,4196.60,6,4196.70,7,4196.80,9,4196.90,10,4197.00,10,4197.10,21,4197.20,20,4197.30,20,4197.40,24,Buy,82,92,174,-10.00,18.00,-30.00,1.60,68.8,4195.40,4196.90,4195.30,4196.50,66,51,117,15.00,15.00,-21.00,1.10,36.4,36,219,0.0000,2.0000,46.00,-19.00,4194.52,0.3660,UP,116.15,1.0073,1.1387
20261006 195553 614,4196.50,1,4196.40,4196.50,0.10,4196.40,1,4196.30,8,4196.20,8,4196.10,10,4196.00,9,4195.90,10,4195.80,23,4195.70,19,4195.60,18,4195.50,21,4196.50,1,4196.60,6,4196.70,7,4196.80,9,4196.90,10,4197.00,10,4197.10,21,4197.20,20,4197.30,20,4197.40,24,Buy,83,92,175,-9.00,18.00,-30.00,1.60,68.8,4195.40,4196.90,4195.30,4196.50,66,51,117,15.00,15.00,-21.00,1.10,36.4,36,219,0.0000,2.3333,47.00,-18.00,4194.52,0.3660,UP,116.15,1.0073,1.1387
20261006 195554 200,4196.50,1,4196.40,4196.60,0.20,4196.40,2,4196.30,8,4196.20,8,4196.10,10,4196.00,9,4195.90,10,4195.80,23,4195.70,19,4195.60,18,4195.50,21,4196.60,6,4196.70,7,4196.80,9,4196.90,10,4197.00,10,4197.10,21,4197.20,20,4197.30,20,4197.40,24,4197.50,20,Buy,84,92,176,-8.00,18.00,-30.00,1.60,68.8,4195.40,4196.90,4195.30,4196.50,66,51,117,15.00,15.00,-21.00,1.10,36.4,36,219,0.0000,2.7500,48.00,-17.00,4194.52,0.3660,UP,116.15,1.0073,1.1387
20261006 195556 611,4196.50,1,4196.50,4196.60,0.10,4196.50,2,4196.40,6,4196.30,9,4196.20,8,4196.10,10,4196.00,9,4195.90,10,4195.80,23,4195.70,19,4195.60,18,4196.60,3,4196.70,6,4196.80,8,4196.90,10,4197.00,11,4197.10,21,4197.20,20,4197.30,20,4197.40,24,4197.50,20,Sell,84,93,177,-9.00,18.00,-30.00,1.60,68.8,4195.40,4196.90,4195.30,4196.50,66,51,117,15.00,15.00,-21.00,1.10,36.4,36,219,0.0000,2.3333,47.00,-18.00,4194.52,0.3660,UP,116.15,1.0073,1.1387
20261006 195556 611,4196.50,1,4196.50,4196.60,0.10,4196.50,2,4196.40,6,4196.30,9,4196.20,8,4196.10,10,4196.00,9,4195.90,10,4195.80,23,4195.70,19,4195.60,18,4196.60,3,4196.70,6,4196.80,8,4196.90,10,4197.00,11,4197.10,21,4197.20,20,4197.30,20,4197.40,24,4197.50,20,Sell,84,94,178,-10.00,18.00,-30.00,1.60,68.8,4195.40,4196.90,4195.30,4196.50,66,51,117,15.00,15.00,-21.00,1.10,36.4,36,219,0.0000,2.0000,46.00,-19.00,4194.52,0.3660,UP,116.15,1.0073,1.1387
20261006 195558 163,4196.60,1,4196.40,4196.60,0.20,4196.40,2,4196.30,9,4196.20,8,4196.10,10,4196.00,9,4195.90,10,4195.80,23,4195.70,19,4195.60,18,4195.50,21,4196.60,5,4196.70,7,4196.80,9,4196.90,10,4197.00,11,4197.10,21,4197.20,20,4197.30,19,4197.40,24,4197.50,20,Buy,85,94,179,-9.00,18.00,-30.00,1.60,75.0,4195.40,4196.90,4195.30,4196.60,66,51,117,15.00,15.00,-21.00,1.10,36.4,36,219,0.0000,2.3333,47.00,-18.00,4194.53,0.3692,UP,116.15,1.0073,1.1387
20261006 195558 957,4196.60,1,4196.50,4196.70,0.20,4196.50,2,4196.40,7,4196.30,9,4196.20,8,4196.10,10,4196.00,9,4195.90,10,4195.80,23,4195.70,19,4195.60,18,4196.70,6,4196.80,9,4196.90,10,4197.00,11,4197.10,22,4197.20,20,4197.30,19,4197.40,24,4197.50,20,4197.60,18,Buy,86,94,180,-8.00,18.00,-30.00,1.60,75.0,4195.40,4196.90,4195.30,4196.60,66,51,117,15.00,15.00,-21.00,1.10,36.4,36,219,0.0000,2.7500,48.00,-17.00,4194.53,0.3692,UP,116.15,1.0073,1.1387
20261006 195559 434,4196.50,1,4196.40,4196.60,0.20,4196.40,1,4196.30,9,4196.20,8,4196.10,10,4196.00,9,4195.90,10,4195.80,23,4195.70,19,4195.60,18,4195.50,21,4196.60,5,4196.70,7,4196.80,9,4196.90,10,4197.00,11,4197.10,22,4197.20,20,4197.30,19,4197.40,24,4197.50,20,Sell,86,95,181,-9.00,18.00,-30.00,1.60,68.8,4195.40,4196.90,4195.30,4196.50,66,51,117,15.00,15.00,-21.00,1.10,36.4,36,219,0.0000,2.3333,47.00,-18.00,4194.52,0.3660,UP,116.15,1.0073,1.1387
20261006 195559 434,4196.50,1,4196.40,4196.60,0.20,4196.40,1,4196.30,9,4196.20,8,4196.10,10,4196.00,9,4195.90,10,4195.80,23,4195.70,19,4195.60,18,4195.50,21,4196.60,5,4196.70,7,4196.80,9,4196.90,10,4197.00,11,4197.10,22,4197.20,20,4197.30,19,4197.40,24,4197.50,20,Sell,86,96,182,-10.00,18.00,-30.00,1.60,68.8,4195.40,4196.90,4195.30,4196.50,66,51,117,15.00,15.00,-21.00,1.10,36.4,36,219,0.0000,2.0000,46.00,-19.00,4194.52,0.3660,UP,116.15,1.0073,1.1387
20261006 195559 556,4196.60,1,4196.40,4196.60,0.20,4196.40,1,4196.30,9,4196.20,8,4196.10,10,4196.00,9,4195.90,10,4195.80,23,4195.70,19,4195.60,18,4195.50,21,4196.50,2,4196.60,5,4196.70,7,4196.80,9,4196.90,10,4197.00,11,4197.10,22,4197.20,20,4197.30,19,4197.40,24,Buy,87,96,183,-9.00,18.00,-30.00,1.60,75.0,4195.40,4196.90,4195.30,4196.60,66,51,117,15.00,15.00,-21.00,1.10,36.4,36,219,0.0000,2.3333,47.00,-18.00,4194.53,0.3692,UP,116.15,1.0073,1.1387
20261006 195601 746,4196.60,1,4196.50,4196.70,0.20,4196.50,3,4196.40,8,4196.30,9,4196.20,9,4196.10,10,4196.00,9,4195.90,10,4195.80,23,4195.70,19,4195.60,18,4196.70,3,4196.80,7,4196.90,9,4197.00,11,4197.10,12,4197.20,20,4197.30,19,4197.40,24,4197.50,20,4197.60,18,Sell,0,1,1,-1.00,-1.00,-1.00,0.00,0.0,4196.60,4196.60,4196.60,4196.60,87,96,183,-9.00,18.00,-30.00,1.60,75.0,42,207,2.3333,0.0000,20.00,-92.00,4194.53,0.3692,UP,115.25,1.5879,1.0573
20261006 195601 746,4196.50,1,4196.50,4196.70,0.20,4196.50,3,4196.40,8,4196.30,9,4196.20,9,4196.10,10,4196.00,9,4195.90,10,4195.80,23,4195.70,19,4195.60,18,4196.70,3,4196.80,7,4196.90,9,4197.00,11,4197.10,12,4197.20,20,4197.30,19,4197.40,24,4197.50,20,4197.60,18,Sell,0,2,2,-2.00,-1.00,-2.00,0.10,100.0,4196.60,4196.60,4196.50,4196.50,87,96,183,-9.00,18.00,-30.00,1.60,75.0,42,207,2.3333,0.0000,19.00,-93.00,4194.52,0.3660,UP,115.25,1.5879,1.0645
20261006 195601 973,4196.60,1,4196.50,4196.70,0.20,4196.60,1,4196.50,5,4196.40,8,4196.30,9,4196.20,9,4196.10,10,4196.00,9,4195.90,10,4195.80,23,4195.70,19,4196.70,3,4196.80,7,4196.90,8,4197.00,11,4197.10,12,4197.20,20,4197.30,19,4197.40,24,4197.50,20,4197.60,18,Sell,0,3,3,-3.00,-1.00,-3.00,0.10,0.0,4196.60,4196.60,4196.50,4196.60,87,96,183,-9.00,18.00,-30.00,1.60,75.0,42,207,2.3333,0.0000,18.00,-94.00,4194.53,0.3692,UP,115.25,1.5879,1.0645
20261006 195601 975,4196.50,1,4196.50,4196.70,0.20,4196.60,1,4196.50,5,4196.40,8,4196.30,9,4196.20,9,4196.10,10,4196.00,9,4195.90,10,4195.80,23,4195.70,19,4196.70,3,4196.80,7,4196.90,8,4197.00,11,4197.10,12,4197.20,20,4197.30,19,4197.40,24,4197.50,20,4197.60,18,Sell,0,4,4,-4.00,-1.00,-4.00,0.10,100.0,4196.60,4196.60,4196.50,4196.50,87,96,183,-9.00,18.00,-30.00,1.60,75.0,42,207,2.3333,0.0000,17.00,-95.00,4194.52,0.3660,UP,115.25,1.5879,1.0645
20261006 195601 975,4196.50,1,4196.50,4196.70,0.20,4196.60,1,4196.50,5,4196.40,8,4196.30,9,4196.20,9,4196.10,10,4196.00,9,4195.90,10,4195.80,23,4195.70,19,4196.70,3,4196.80,7,4196.90,8,4197.00,11,4197.10,12,4197.20,20,4197.30,19,4197.40,24,4197.50,20,4197.60,18,Sell,0,5,5,-5.00,-1.00,-5.00,0.10,100.0,4196.60,4196.60,4196.50,4196.50,87,96,183,-9.00,18.00,-30.00,1.60,75.0,42,207,2.3333,0.0000,16.00,-96.00,4194.52,0.3660,UP,115.25,1.5879,1.0645
20261006 195601 977,4196.50,1,4196.50,4196.70,0.20,4196.60,1,4196.50,5,4196.40,8,4196.30,9,4196.20,9,4196.10,10,4196.00,9,4195.90,10,4195.80,23,4195.70,19,4196.70,3,4196.80,7,4196.90,8,4197.00,11,4197.10,12,4197.20,20,4197.30,19,4197.40,24,4197.50,20,4197.60,18,Sell,0,6,6,-6.00,-1.00,-6.00,0.10,100.0,4196.60,4196.60,4196.50,4196.50,87,96,183,-9.00,18.00,-30.00,1.60,75.0,42,207,2.3333,0.0000,15.00,-97.00,4194.52,0.3660,UP,115.25,1.5879,1.0645
20261006 195602 845,4196.50,1,4196.50,4196.70,0.20,4196.50,3,4196.40,9,4196.30,8,4196.20,9,4196.10,10,4196.00,9,4195.90,10,4195.80,23,4195.70,19,4195.60,18,4196.70,5,4196.80,7,4196.90,8,4197.00,10,4197.10,12,4197.20,20,4197.30,19,4197.40,24,4197.50,20,4197.60,18,Sell,0,7,7,-7.00,-1.00,-7.00,0.10,100.0,4196.60,4196.60,4196.50,4196.50,87,96,183,-9.00,18.00,-30.00,1.60,75.0,42,207,2.3333,0.0000,14.00,-98.00,4194.52,0.3660,UP,115.25,1.5879,1.0645
20261006 195603 673,4196.60,1,4196.50,4196.70,0.20,4196.50,2,4196.40,8,4196.30,8,4196.20,11,4196.10,10,4196.00,9,4195.90,10,4195.80,23,4195.70,19,4195.60,18,4196.70,5,4196.80,7,4196.90,8,4197.00,10,4197.10,12,4197.20,20,4197.30,19,4197.40,24,4197.50,20,4197.60,18,Buy,1,7,8,-6.00,-1.00,-7.00,0.10,0.0,4196.60,4196.60,4196.50,4196.60,87,96,183,-9.00,18.00,-30.00,1.60,75.0,42,207,2.3333,0.1667,15.00,-97.00,4194.53,0.3692,UP,115.25,1.5879,1.0645
20261006 195604 769,4196.70,1,4196.60,4196.70,0.10,4196.50,3,4196.40,5,4196.30,8,4196.20,11,4196.10,10,4196.00,9,4195.90,10,4195.80,23,4195.70,19,4195.60,18,4196.70,7,4196.80,7,4196.90,8,4197.00,11,4197.10,12,4197.20,20,4197.30,19,4197.40,24,4197.50,20,4197.60,18,Buy,2,7,9,-5.00,-1.00,-7.00,0.20,50.0,4196.60,4196.70,4196.50,4196.70,87,96,183,-9.00,18.00,-30.00,1.60,75.0,42,207,2.3333,0.4000,16.00,-96.00,4194.54,0.3723,UP,115.25,1.5879,1.0716
20261006 195604 817,4196.80,1,4196.80,4197.00,0.20,4196.80,2,4196.70,8,4196.60,7,4196.50,11,4196.40,8,4196.30,8,4196.20,11,4196.10,20,4196.00,19,4195.90,20,4197.00,11,4197.10,12,4197.20,10,4197.30,9,4197.40,24,4197.50,20,4197.60,18,4197.70,17,4197.80,19,4197.90,17,Buy,3,7,10,-4.00,-1.00,-7.00,0.30,66.7,4196.60,4196.80,4196.50,4196.80,87,96,183,-9.00,18.00,-30.00,1.60,75.0,42,207,2.3333,0.7500,17.00,-95.00,4194.55,0.3755,UP,115.25,1.5879,1.0788
20261006 195605 130,4197.00,1,4197.00,4197.20,0.20,4197.00,3,4196.90,14,4196.80,8,4196.70,11,4196.60,9,4196.50,12,4196.40,18,4196.30,18,4196.20,20,4196.10,20,4197.20,8,4197.30,9,4197.40,15,4197.50,10,4197.60,8,4197.70,17,4197.80,19,4197.90,17,4198.00,17,4198.10,15,Buy,4,7,11,-3.00,-1.00,-7.00,0.50,80.0,4196.60,4197.00,4196.50,4197.00,87,96,183,-9.00,18.00,-30.00,1.60,75.0,42,207,2.3333,1.3333,18.00,-94.00,4194.57,0.3819,UP,115.25,1.5879,1.0931
20261006 195605 130,4197.00,1,4197.00,4197.20,0.20,4197.00,3,4196.90,14,4196.80,8,4196.70,11,4196.60,9,4196.50,12,4196.40,18,4196.30,18,4196.20,20,4196.10,20,4197.20,8,4197.30,9,4197.40,15,4197.50,10,4197.60,8,4197.70,17,4197.80,19,4197.90,17,4198.00,17,4198.10,15,Buy,5,7,12,-2.00,-1.00,-7.00,0.50,80.0,4196.60,4197.00,4196.50,4197.00,87,96,183,-9.00,18.00,-30.00,1.60,75.0,42,207,2.3333,2.5000,19.00,-93.00,4194.57,0.3819,UP,115.25,1.5879,1.0931
20261006 195605 130,4197.10,1,4197.00,4197.20,0.20,4197.00,3,4196.90,14,4196.80,8,4196.70,11,4196.60,9,4196.50,12,4196.40,18,4196.30,18,4196.20,20,4196.10,20,4197.20,8,4197.30,9,4197.40,15,4197.50,10,4197.60,8,4197.70,17,4197.80,19,4197.90,17,4198.00,17,4198.10,15,Buy,6,7,13,-1.00,-1.00,-7.00,0.60,83.3,4196.60,4197.10,4196.50,4197.10,87,96,183,-9.00,18.00,-30.00,1.60,75.0,42,207,2.3333,6.0000,20.00,-92.00,4194.58,0.3850,UP,115.25,1.5879,1.1002
20261006 195605 130,4197.10,1,4197.00,4197.20,0.20,4197.00,3,4196.90,14,4196.80,8,4196.70,11,4196.60,9,4196.50,12,4196.40,18,4196.30,18,4196.20,20,4196.10,20,4197.20,8,4197.30,9,4197.40,15,4197.50,10,4197.60,8,4197.70,17,4197.80,19,4197.90,17,4198.00,17,4198.10,15,Buy,7,7,14,0.00,0.00,-7.00,0.60,83.3,4196.60,4197.10,4196.50,4197.10,87,96,183,-9.00,18.00,-30.00,1.60,75.0,42,207,2.3333,0.0000,21.00,-91.00,4194.58,0.3850,UP,115.25,1.5879,1.1002
20261006 195605 135,4197.10,1,4197.00,4197.20,0.20,4197.00,3,4196.90,14,4196.80,8,4196.70,11,4196.60,9,4196.50,12,4196.40,18,4196.30,18,4196.20,20,4196.10,20,4197.20,8,4197.30,9,4197.40,15,4197.50,10,4197.60,8,4197.70,17,4197.80,19,4197.90,17,4198.00,17,4198.10,15,Buy,8,7,15,1.00,1.00,-7.00,0.60,83.3,4196.60,4197.10,4196.50,4197.10,87,96,183,-9.00,18.00,-30.00,1.60,75.0,42,207,2.3333,0.0000,22.00,-90.00,4194.58,0.3850,UP,115.25,1.5879,1.1002
20261006 195605 135,4197.10,1,4197.00,4197.20,0.20,4197.00,3,4196.90,14,4196.80,8,4196.70,11,4196.60,9,4196.50,12,4196.40,18,4196.30,18,4196.20,20,4196.10,20,4197.20,8,4197.30,9,4197.40,15,4197.50,10,4197.60,8,4197.70,17,4197.80,19,4197.90,17,4198.00,17,4198.10,15,Buy,9,7,16,2.00,2.00,-7.00,0.60,83.3,4196.60,4197.10,4196.50,4197.10,87,96,183,-9.00,18.00,-30.00,1.60,75.0,42,207,2.3333,0.0000,23.00,-89.00,4194.58,0.3850,UP,115.25,1.5879,1.1002
20261006 195605 137,4197.10,1,4197.00,4197.20,0.20,4197.00,3,4196.90,14,4196.80,8,4196.70,11,4196.60,9,4196.50,12,4196.40,18,4196.30,18,4196.20,20,4196.10,20,4197.20,8,4197.30,9,4197.40,15,4197.50,10,4197.60,8,4197.70,17,4197.80,19,4197.90,17,4198.00,17,4198.10,15,Sell,9,8,17,1.00,2.00,-7.00,0.60,83.3,4196.60,4197.10,4196.50,4197.10,87,96,183,-9.00,18.00,-30.00,1.60,75.0,42,207,2.3333,1.0000,22.00,-90.00,4194.58,0.3850,UP,115.25,1.5879,1.1002
20261006 195605 263,4197.10,1,4197.10,4197.20,0.10,4197.00,5,4196.90,13,4196.80,8,4196.70,11,4196.60,9,4196.50,12,4196.40,18,4196.30,18,4196.20,20,4196.10,20,4197.20,6,4197.30,8,4197.40,15,4197.50,10,4197.60,8,4197.70,17,4197.80,19,4197.90,17,4198.00,17,4198.10,15,Sell,9,9,18,0.00,2.00,-7.00,0.60,83.3,4196.60,4197.10,4196.50,4197.10,87,96,183,-9.00,18.00,-30.00,1.60,75.0,42,207,2.3333,2.0000,21.00,-91.00,4194.58,0.3850,UP,115.25,1.5879,1.1002
20261006 195606 020,4197.00,1,4196.90,4197.00,0.10,4196.90,1,4196.80,6,4196.70,11,4196.60,9,4196.50,12,4196.40,8,4196.30,18,4196.20,20,4196.10,20,4196.00,19,4197.00,1,4197.10,7,4197.20,9,4197.30,9,4197.40,15,4197.50,10,4197.60,8,4197.70,17,4197.80,19,4197.90,17,Buy,10,9,19,1.00,2.00,-7.00,0.60,66.7,4196.60,4197.10,4196.50,4197.00,87,96,183,-9.00,18.00,-30.00,1.60,75.0,42,207,2.3333,1.0000,22.00,-90.00,4194.57,0.3819,UP,115.25,1.5879,1.1002
20261006 195606 032,4197.00,1,4196.90,4197.00,0.10,4196.90,1,4196.80,6,4196.70,11,4196.60,9,4196.50,12,4196.40,8,4196.30,18,4196.20,20,4196.10,20,4196.00,19,4197.00,1,4197.10,7,4197.20,9,4197.30,9,4197.40,15,4197.50,10,4197.60,8,4197.70,17,4197.80,19,4197.90,17,Buy,11,9,20,2.00,2.00,-7.00,0.60,66.7,4196.60,4197.10,4196.50,4197.00,87,96,183,-9.00,18.00,-30.00,1.60,75.0,42,207,2.3333,0.0000,23.00,-89.00,4194.57,0.3819,UP,115.25,1.5879,1.1002
20261006 195606 122,4196.90,1,4196.70,4196.80,0.10,4196.90,1,4196.80,6,4196.70,10,4196.60,9,4196.50,12,4196.40,8,4196.30,18,4196.20,20,4196.10,20,4196.00,19,4197.00,3,4197.10,7,4197.20,9,4197.30,9,4197.40,15,4197.50,10,4197.60,8,4197.70,17,4197.80,19,4197.90,17,Sell,11,10,21,1.00,2.00,-7.00,0.60,50.0,4196.60,4197.10,4196.50,4196.90,87,96,183,-9.00,18.00,-30.00,1.60,75.0,42,207,2.3333,1.0000,22.00,-90.00,4194.56,0.3787,UP,115.25,1.5879,1.1002
20261006 195606 124,4196.80,1,4196.70,4196.80,0.10,4196.90,1,4196.80,6,4196.70,10,4196.60,9,4196.50,12,4196.40,8,4196.30,18,4196.20,20,4196.10,20,4196.00,19,4197.00,3,4197.10,7,4197.20,9,4197.30,9,4197.40,15,4197.50,10,4197.60,8,4197.70,17,4197.80,19,4197.90,17,Sell,11,11,22,0.00,2.00,-7.00,0.60,33.3,4196.60,4197.10,4196.50,4196.80,87,96,183,-9.00,18.00,-30.00,1.60,75.0,42,207,2.3333,2.0000,21.00,-91.00,4194.55,0.3755,UP,115.25,1.5879,1.1002
20261006 195606 124,4196.80,2,4196.70,4196.80,0.10,4196.90,1,4196.80,6,4196.70,10,4196.60,9,4196.50,12,4196.40,8,4196.30,18,4196.20,20,4196.10,20,4196.00,19,4197.00,3,4197.10,7,4197.20,9,4197.30,9,4197.40,15,4197.50,10,4197.60,8,4197.70,17,4197.80,19,4197.90,17,Sell,11,13,24,-2.00,2.00,-7.00,0.60,33.3,4196.60,4197.10,4196.50,4196.80,87,96,183,-9.00,18.00,-30.00,1.60,75.0,42,207,2.3333,2.5000,19.00,-93.00,4194.55,0.3755,UP,115.25,1.5879,1.1002
20261006 195606 126,4196.80,1,4196.70,4196.80,0.10,4196.90,1,4196.80,6,4196.70,10,4196.60,9,4196.50,12,4196.40,8,4196.30,18,4196.20,20,4196.10,20,4196.00,19,4197.00,3,4197.10,7,4197.20,9,4197.30,9,4197.40,15,4197.50,10,4197.60,8,4197.70,17,4197.80,19,4197.90,17,Buy,12,13,25,-1.00,2.00,-7.00,0.60,33.3,4196.60,4197.10,4196.50,4196.80,87,96,183,-9.00,18.00,-30.00,1.60,75.0,42,207,2.3333,6.0000,20.00,-92.00,4194.55,0.3755,UP,115.25,1.5879,1.1002
20261006 195607 207,4196.70,1,4196.70,4196.90,0.20,4196.70,5,4196.60,8,4196.50,12,4196.40,8,4196.30,8,4196.20,24,4196.10,20,4196.00,19,4195.90,20,4195.80,23,4196.90,3,4197.00,7,4197.10,7,4197.20,10,4197.30,10,4197.40,15,4197.50,20,4197.60,18,4197.70,17,4197.80,19,Sell,12,14,26,-2.00,2.00,-7.00,0.60,16.7,4196.60,4197.10,4196.50,4196.70,87,96,183,-9.00,18.00,-30.00,1.60,75.0,42,207,2.3333,2.5000,19.00,-93.00,4194.54,0.3723,UP,115.25,1.5879,1.1002
20261006 195607 482,4196.70,1,4196.60,4196.80,0.20,4196.60,4,4196.50,12,4196.40,8,4196.30,8,4196.20,14,4196.10,20,4196.00,19,4195.90,20,4195.80,23,4195.70,19,4196.80,5,4196.90,8,4197.00,7,4197.10,9,4197.20,10,4197.30,10,4197.40,25,4197.50,20,4197.60,18,4197.70,17,Sell,12,15,27,-3.00,2.00,-7.00,0.60,16.7,4196.60,4197.10,4196.50,4196.70,87,96,183,-9.00,18.00,-30.00,1.60,75.0,42,207,2.3333,1.3333,18.00,-94.00,4194.54,0.3723,UP,115.25,1.5879,1.1002
20261006 195607 486,4196.80,1,4196.60,4196.80,0.20,4196.60,4,4196.50,12,4196.40,8,4196.30,8,4196.20,14,4196.10,20,4196.00,19,4195.90,20,4195.80,23,4195.70,19,4196.80,5,4196.90,8,4197.00,7,4197.10,9,4197.20,10,4197.30,10,4197.40,25,4197.50,20,4197.60,18,4197.70,17,Buy,13,15,28,-2.00,2.00,-7.00,0.60,33.3,4196.60,4197.10,4196.50,4196.80,87,96,183,-9.00,18.00,-30.00,1.60,75.0,42,207,2.3333,2.5000,19.00,-93.00,4194.55,0.3755,UP,115.25,1.5879,1.1002
20261006 195607 486,4196.80,1,4196.60,4196.80,0.20,4196.60,4,4196.50,12,4196.40,8,4196.30,8,4196.20,14,4196.10,20,4196.00,19,4195.90,20,4195.80,23,4195.70,19,4196.80,5,4196.90,8,4197.00,7,4197.10,9,4197.20,10,4197.30,10,4197.40,25,4197.50,20,4197.60,18,4197.70,17,Buy,14,15,29,-1.00,2.00,-7.00,0.60,33.3,4196.60,4197.10,4196.50,4196.80,87,96,183,-9.00,18.00,-30.00,1.60,75.0,42,207,2.3333,6.0000,20.00,-92.00,4194.55,0.3755,UP,115.25,1.5879,1.1002
20261006 195608 405,4196.80,1,4196.60,4196.80,0.20,4196.60,7,4196.50,12,4196.40,8,4196.30,8,4196.20,14,4196.10,20,4196.00,19,4195.90,20,4195.80,23,4195.70,19,4196.80,2,4196.90,7,4197.00,7,4197.10,9,4197.20,10,4197.30,10,4197.40,25,4197.50,20,4197.60,18,4197.70,17,Buy,15,15,30,0.00,2.00,-7.00,0.60,33.3,4196.60,4197.10,4196.50,4196.80,87,96,183,-9.00,18.00,-30.00,1.60,75.0,42,207,2.3333,2.0000,21.00,-91.00,4194.55,0.3755,UP,115.25,1.5879,1.1002
20261006 195609 642,4196.70,1,4196.60,4196.80,0.20,4196.60,6,4196.50,10,4196.40,8,4196.30,8,4196.20,14,4196.10,20,4196.00,19,4195.90,20,4195.80,23,4195.70,19,4196.80,3,4196.90,7,4197.00,7,4197.10,9,4197.20,9,4197.30,10,4197.40,25,4197.50,20,4197.60,18,4197.70,17,Sell,15,16,31,-1.00,2.00,-7.00,0.60,16.7,4196.60,4197.10,4196.50,4196.70,87,96,183,-9.00,18.00,-30.00,1.60,75.0,42,207,2.3333,6.0000,20.00,-92.00,4194.54,0.3723,UP,115.25,1.5879,1.1002
20261006 195610 108,4196.80,1,4196.60,4196.80,0.20,4196.60,6,4196.50,10,4196.40,8,4196.30,8,4196.20,12,4196.10,20,4196.00,19,4195.90,20,4195.80,23,4195.70,19,4196.80,2,4196.90,7,4197.00,7,4197.10,9,4197.20,9,4197.30,10,4197.40,25,4197.50,20,4197.60,18,4197.70,17,Buy,16,16,32,0.00,2.00,-7.00,0.60,33.3,4196.60,4197.10,4196.50,4196.80,87,96,183,-9.00,18.00,-30.00,1.60,75.0,42,207,2.3333,2.0000,21.00,-91.00,4194.55,0.3755,UP,115.25,1.5879,1.1002
20261006 195610 108,4196.80,1,4196.60,4196.80,0.20,4196.60,6,4196.50,10,4196.40,8,4196.30,8,4196.20,12,4196.10,20,4196.00,19,4195.90,20,4195.80,23,4195.70,19,4196.80,2,4196.90,7,4197.00,7,4197.10,9,4197.20,9,4197.30,10,4197.40,25,4197.50,20,4197.60,18,4197.70,17,Buy,17,16,33,1.00,2.00,-7.00,0.60,33.3,4196.60,4197.10,4196.50,4196.80,87,96,183,-9.00,18.00,-30.00,1.60,75.0,42,207,2.3333,1.0000,22.00,-90.00,4194.55,0.3755,UP,115.25,1.5879,1.1002
20261006 195610 222,4196.80,1,4196.60,4196.80,0.20,4196.60,6,4196.50,10,4196.40,8,4196.30,8,4196.20,12,4196.10,20,4196.00,19,4195.90,20,4195.80,23,4195.70,19,4196.80,3,4196.90,7,4197.00,7,4197.10,9,4197.20,9,4197.30,10,4197.40,25,4197.50,20,4197.60,18,4197.70,17,Buy,18,16,34,2.00,2.00,-7.00,0.60,33.3,4196.60,4197.10,4196.50,4196.80,87,96,183,-9.00,18.00,-30.00,1.60,75.0,42,207,2.3333,0.0000,23.00,-89.00,4194.55,0.3755,UP,115.25,1.5879,1.1002
20261006 195611 227,4196.80,1,4196.70,4196.80,0.10,4196.70,1,4196.60,9,4196.50,10,4196.40,8,4196.30,8,4196.20,12,4196.10,20,4196.00,19,4195.90,20,4195.80,23,4196.90,7,4197.00,7,4197.10,8,4197.20,9,4197.30,10,4197.40,25,4197.50,20,4197.60,18,4197.70,17,4197.80,19,Buy,19,16,35,3.00,3.00,-7.00,0.60,33.3,4196.60,4197.10,4196.50,4196.80,87,96,183,-9.00,18.00,-30.00,1.60,75.0,42,207,2.3333,0.0000,24.00,-88.00,4194.55,0.3755,UP,115.25,1.5879,1.1002
20261006 195612 855,4196.70,1,4196.60,4196.80,0.20,4196.60,4,4196.50,10,4196.40,8,4196.30,8,4196.20,12,4196.10,20,4196.00,19,4195.90,20,4195.80,23,4195.70,19,4196.80,3,4196.90,7,4197.00,7,4197.10,8,4197.20,9,4197.30,10,4197.40,25,4197.50,20,4197.60,18,4197.70,17,Sell,19,17,36,2.00,3.00,-7.00,0.60,16.7,4196.60,4197.10,4196.50,4196.70,87,96,183,-9.00,18.00,-30.00,1.60,75.0,42,207,2.3333,0.5000,23.00,-89.00,4194.54,0.3723,UP,115.25,1.5879,1.1002
20261006 195612 855,4196.70,2,4196.60,4196.80,0.20,4196.60,4,4196.50,10,4196.40,8,4196.30,8,4196.20,12,4196.10,20,4196.00,19,4195.90,20,4195.80,23,4195.70,19,4196.80,3,4196.90,7,4197.00,7,4197.10,8,4197.20,9,4197.30,10,4197.40,25,4197.50,20,4197.60,18,4197.70,17,Sell,19,19,38,0.00,3.00,-7.00,0.60,16.7,4196.60,4197.10,4196.50,4196.70,87,96,183,-9.00,18.00,-30.00,1.60,75.0,42,207,2.3333,3.0000,21.00,-91.00,4194.54,0.3723,UP,115.25,1.5879,1.1002
20261006 195612 986,4196.80,1,4196.60,4196.80,0.20,4196.60,4,4196.50,10,4196.40,8,4196.30,8,4196.20,12,4196.10,20,4196.00,19,4195.90,20,4195.80,23,4195.70,19,4196.80,5,4196.90,7,4197.00,7,4197.10,8,4197.20,9,4197.30,10,4197.40,25,4197.50,20,4197.60,18,4197.70,17,Buy,20,19,39,1.00,3.00,-7.00,0.60,33.3,4196.60,4197.10,4196.50,4196.80,87,96,183,-9.00,18.00,-30.00,1.60,75.0,42,207,2.3333,2.0000,22.00,-90.00,4194.55,0.3755,UP,115.25,1.5879,1.1002
20261006 195612 986,4196.80,1,4196.60,4196.80,0.20,4196.60,4,4196.50,10,4196.40,8,4196.30,8,4196.20,12,4196.10,20,4196.00,19,4195.90,20,4195.80,23,4195.70,19,4196.80,5,4196.90,7,4197.00,7,4197.10,8,4197.20,9,4197.30,10,4197.40,25,4197.50,20,4197.60,18,4197.70,17,Buy,21,19,40,2.00,3.00,-7.00,0.60,33.3,4196.60,4197.10,4196.50,4196.80,87,96,183,-9.00,18.00,-30.00,1.60,75.0,42,207,2.3333,0.5000,23.00,-89.00,4194.55,0.3755,UP,115.25,1.5879,1.1002
20261006 195612 986,4196.80,1,4196.60,4196.80,0.20,4196.60,4,4196.50,10,4196.40,8,4196.30,8,4196.20,12,4196.10,20,4196.00,19,4195.90,20,4195.80,23,4195.70,19,4196.80,5,4196.90,7,4197.00,7,4197.10,8,4197.20,9,4197.30,10,4197.40,25,4197.50,20,4197.60,18,4197.70,17,Buy,22,19,41,3.00,3.00,-7.00,0.60,33.3,4196.60,4197.10,4196.50,4196.80,87,96,183,-9.00,18.00,-30.00,1.60,75.0,42,207,2.3333,0.0000,24.00,-88.00,4194.55,0.3755,UP,115.25,1.5879,1.1002
20261006 195613 816,4196.70,1,4196.60,4196.70,0.10,4196.60,2,4196.50,6,4196.40,8,4196.30,8,4196.20,12,4196.10,10,4196.00,19,4195.90,20,4195.80,23,4195.70,19,4196.80,7,4196.90,8,4197.00,8,4197.10,8,4197.20,9,4197.30,10,4197.40,25,4197.50,20,4197.60,18,4197.70,17,Buy,23,19,42,4.00,4.00,-7.00,0.60,16.7,4196.60,4197.10,4196.50,4196.70,87,96,183,-9.00,18.00,-30.00,1.60,75.0,42,207,2.3333,0.0000,25.00,-87.00,4194.54,0.3723,UP,115.25,1.5879,1.1002
20261006 195613 816,4196.80,1,4196.60,4196.70,0.10,4196.60,2,4196.50,6,4196.40,8,4196.30,8,4196.20,12,4196.10,10,4196.00,19,4195.90,20,4195.80,23,4195.70,19,4196.80,7,4196.90,8,4197.00,8,4197.10,8,4197.20,9,4197.30,10,4197.40,25,4197.50,20,4197.60,18,4197.70,17,Buy,24,19,43,5.00,5.00,-7.00,0.60,33.3,4196.60,4197.10,4196.50,4196.80,87,96,183,-9.00,18.00,-30.00,1.60,75.0,42,207,2.3333,0.0000,26.00,-86.00,4194.55,0.3755,UP,115.25,1.5879,1.1002
20261006 195613 816,4196.80,1,4196.60,4196.70,0.10,4196.60,2,4196.50,6,4196.40,8,4196.30,8,4196.20,12,4196.10,10,4196.00,19,4195.90,20,4195.80,23,4195.70,19,4196.80,7,4196.90,8,4197.00,8,4197.10,8,4197.20,9,4197.30,10,4197.40,25,4197.50,20,4197.60,18,4197.70,17,Buy,25,19,44,6.00,6.00,-7.00,0.60,33.3,4196.60,4197.10,4196.50,4196.80,87,96,183,-9.00,18.00,-30.00,1.60,75.0,42,207,2.3333,0.0000,27.00,-85.00,4194.55,0.3755,UP,115.25,1.5879,1.1002
20261006 195613 816,4196.80,1,4196.60,4196.70,0.10,4196.60,2,4196.50,6,4196.40,8,4196.30,8,4196.20,12,4196.10,10,4196.00,19,4195.90,20,4195.80,23,4195.70,19,4196.80,7,4196.90,8,4197.00,8,4197.10,8,4197.20,9,4197.30,10,4197.40,25,4197.50,20,4197.60,18,4197.70,17,Buy,26,19,45,7.00,7.00,-7.00,0.60,33.3,4196.60,4197.10,4196.50,4196.80,87,96,183,-9.00,18.00,-30.00,1.60,75.0,42,207,2.3333,0.0000,28.00,-84.00,4194.55,0.3755,UP,115.25,1.5879,1.1002
20261006 195615 180,4196.60,2,4196.50,4196.60,0.10,4196.50,1,4196.40,7,4196.30,8,4196.20,12,4196.10,10,4196.00,9,4195.90,20,4195.80,23,4195.70,19,4195.60,18,4196.60,3,4196.70,7,4196.80,7,4196.90,8,4197.00,8,4197.10,7,4197.20,9,4197.30,20,4197.40,25,4197.50,20,Sell,26,21,47,5.00,7.00,-7.00,0.60,0.0,4196.60,4197.10,4196.50,4196.60,87,96,183,-9.00,18.00,-30.00,1.60,75.0,42,207,2.3333,0.4000,26.00,-86.00,4194.53,0.3692,UP,115.25,1.5879,1.1002
20261006 195616 397,4196.50,1,4196.50,4196.70,0.20,4196.50,2,4196.40,6,4196.30,7,4196.20,12,4196.10,10,4196.00,9,4195.90,20,4195.80,23,4195.70,19,4195.60,18,4196.70,6,4196.80,8,4196.90,8,4197.00,8,4197.10,17,4197.20,19,4197.30,20,4197.40,25,4197.50,20,4197.60,18,Sell,26,22,48,4.00,7.00,-7.00,0.60,16.7,4196.60,4197.10,4196.50,4196.50,87,96,183,-9.00,18.00,-30.00,1.60,75.0,42,207,2.3333,0.7500,25.00,-87.00,4194.52,0.3660,UP,115.25,1.5879,1.1002
20261006 195621 146,4196.60,1,4196.50,4196.80,0.30,4196.50,7,4196.40,9,4196.30,8,4196.20,13,4196.10,10,4196.00,19,4195.90,20,4195.80,23,4195.70,19,4195.60,18,4196.80,9,4196.90,8,4197.00,7,4197.10,7,4197.20,9,4197.30,10,4197.40,25,4197.50,20,4197.60,18,4197.70,17,Sell,26,23,49,3.00,7.00,-7.00,0.60,0.0,4196.60,4197.10,4196.50,4196.60,87,96,183,-9.00,18.00,-30.00,1.60,75.0,42,207,2.3333,1.3333,24.00,-88.00,4194.53,0.3692,UP,115.25,1.5879,1.1002
20261006 195621 146,4196.60,1,4196.50,4196.80,0.30,4196.50,7,4196.40,9,4196.30,8,4196.20,13,4196.10,10,4196.00,19,4195.90,20,4195.80,23,4195.70,19,4195.60,18,4196.80,9,4196.90,8,4197.00,7,4197.10,7,4197.20,9,4197.30,10,4197.40,25,4197.50,20,4197.60,18,4197.70,17,Sell,26,24,50,2.00,7.00,-7.00,0.60,0.0,4196.60,4197.10,4196.50,4196.60,87,96,183,-9.00,18.00,-30.00,1.60,75.0,42,207,2.3333,2.5000,23.00,-89.00,4194.53,0.3692,UP,115.25,1.5879,1.1002
20261006 195621 546,4196.70,1,4196.60,4196.80,0.20,4196.60,1,4196.50,7,4196.40,9,4196.30,8,4196.20,13,4196.10,10,4196.00,19,4195.90,20,4195.80,23,4195.70,19,4196.80,7,4196.90,8,4197.00,8,4197.10,8,4197.20,9,4197.30,10,4197.40,25,4197.50,20,4197.60,18,4197.70,17,Buy,27,24,51,3.00,7.00,-7.00,0.60,16.7,4196.60,4197.10,4196.50,4196.70,87,96,183,-9.00,18.00,-30.00,1.60,75.0,42,207,2.3333,1.3333,24.00,-88.00,4194.54,0.3723,UP,115.25,1.5879,1.1002
20261006 195621 546,4196.70,1,4196.60,4196.80,0.20,4196.60,1,4196.50,7,4196.40,9,4196.30,8,4196.20,13,4196.10,10,4196.00,19,4195.90,20,4195.80,23,4195.70,19,4196.80,7,4196.90,8,4197.00,8,4197.10,8,4197.20,9,4197.30,10,4197.40,25,4197.50,20,4197.60,18,4197.70,17,Buy,28,24,52,4.00,7.00,-7.00,0.60,16.7,4196.60,4197.10,4196.50,4196.70,87,96,183,-9.00,18.00,-30.00,1.60,75.0,42,207,2.3333,0.7500,25.00,-87.00,4194.54,0.3723,UP,115.25,1.5879,1.1002
20261006 195621 546,4196.80,2,4196.60,4196.80,0.20,4196.60,1,4196.50,7,4196.40,9,4196.30,8,4196.20,13,4196.10,10,4196.00,19,4195.90,20,4195.80,23,4195.70,19,4196.80,7,4196.90,8,4197.00,8,4197.10,8,4197.20,9,4197.30,10,4197.40,25,4197.50,20,4197.60,18,4197.70,17,Buy,30,24,54,6.00,7.00,-7.00,0.60,33.3,4196.60,4197.10,4196.50,4196.80,87,96,183,-9.00,18.00,-30.00,1.60,75.0,42,207,2.3333,0.1667,27.00,-85.00,4194.55,0.3755,UP,115.25,1.5879,1.1002
20261006 195622 056,4196.70,1,4196.50,4196.70,0.20,4196.50,6,4196.40,9,4196.30,8,4196.20,14,4196.10,10,4196.00,19,4195.90,20,4195.80,23,4195.70,19,4195.60,18,4196.70,4,4196.80,8,4196.90,8,4197.00,8,4197.10,8,4197.20,9,4197.30,10,4197.40,25,4197.50,20,4197.60,18,Buy,31,24,55,7.00,7.00,-7.00,0.60,16.7,4196.60,4197.10,4196.50,4196.70,87,96,183,-9.00,18.00,-30.00,1.60,75.0,42,207,2.3333,0.0000,28.00,-84.00,4194.54,0.3723,UP,115.25,1.5879,1.1002
20261006 195623 207,4196.80,1,4196.60,4196.80,0.20,4196.60,4,4196.50,10,4196.40,9,4196.30,8,4196.20,14,4196.10,10,4196.00,19,4195.90,20,4195.80,23,4195.70,19,4196.80,5,4196.90,8,4197.00,8,4197.10,8,4197.20,9,4197.30,10,4197.40,25,4197.50,20,4197.60,18,4197.70,17,Buy,32,24,56,8.00,8.00,-7.00,0.60,33.3,4196.60,4197.10,4196.50,4196.80,87,96,183,-9.00,18.00,-30.00,1.60,75.0,42,207,2.3333,0.0000,29.00,-83.00,4194.55,0.3755,UP,115.25,1.5879,1.1002
20261006 195623 207,4196.80,1,4196.60,4196.80,0.20,4196.60,4,4196.50,10,4196.40,9,4196.30,8,4196.20,14,4196.10,10,4196.00,19,4195.90,20,4195.80,23,4195.70,19,4196.80,5,4196.90,8,4197.00,8,4197.10,8,4197.20,9,4197.30,10,4197.40,25,4197.50,20,4197.60,18,4197.70,17,Buy,33,24,57,9.00,9.00,-7.00,0.60,33.3,4196.60,4197.10,4196.50,4196.80,87,96,183,-9.00,18.00,-30.00,1.60,75.0,42,207,2.3333,0.0000,30.00,-82.00,4194.55,0.3755,UP,115.25,1.5879,1.1002
20261006 195623 663,4196.80,1,4196.60,4196.80,0.20,4196.60,3,4196.50,10,4196.40,9,4196.30,8,4196.20,14,4196.10,10,4196.00,19,4195.90,20,4195.80,23,4195.70,19,4196.80,4,4196.90,8,4197.00,8,4197.10,8,4197.20,9,4197.30,10,4197.40,25,4197.50,20,4197.60,18,4197.70,17,Buy,34,24,58,10.00,10.00,-7.00,0.60,33.3,4196.60,4197.10,4196.50,4196.80,87,96,183,-9.00,18.00,-30.00,1.60,75.0,42,207,2.3333,0.0000,31.00,-81.00,4194.55,0.3755,UP,115.25,1.5879,1.1002
20261006 195624 519,4196.70,1,4196.60,4196.80,0.20,4196.60,2,4196.50,9,4196.40,9,4196.30,8,4196.20,14,4196.10,10,4196.00,19,4195.90,20,4195.80,23,4195.70,19,4196.80,5,4196.90,8,4197.00,8,4197.10,8,4197.20,9,4197.30,10,4197.40,25,4197.50,20,4197.60,18,4197.70,17,Sell,34,25,59,9.00,10.00,-7.00,0.60,16.7,4196.60,4197.10,4196.50,4196.70,87,96,183,-9.00,18.00,-30.00,1.60,75.0,42,207,2.3333,0.1111,30.00,-82.00,4194.54,0.3723,UP,115.25,1.5879,1.1002
20261006 195625 094,4196.80,1,4196.60,4196.80,0.20,4196.60,5,4196.50,9,4196.40,9,4196.30,9,4196.20,14,4196.10,10,4196.00,19,4195.90,20,4195.80,23,4195.70,19,4196.80,4,4196.90,8,4197.00,8,4197.10,8,4197.20,9,4197.30,10,4197.40,25,4197.50,20,4197.60,18,4197.70,17,Buy,35,25,60,10.00,10.00,-7.00,0.60,33.3,4196.60,4197.10,4196.50,4196.80,87,96,183,-9.00,18.00,-30.00,1.60,75.0,42,207,2.3333,0.0000,31.00,-81.00,4194.55,0.3755,UP,115.25,1.5879,1.1002
20261006 195628 281,4196.80,1,4196.60,4196.80,0.20,4196.60,2,4196.50,8,4196.40,10,4196.30,8,4196.20,14,4196.10,10,4196.00,19,4195.90,20,4195.80,23,4195.70,19,4196.80,5,4196.90,9,4197.00,9,4197.10,8,4197.20,9,4197.30,20,4197.40,25,4197.50,20,4197.60,18,4197.70,17,Buy,36,25,61,11.00,11.00,-7.00,0.60,33.3,4196.60,4197.10,4196.50,4196.80,87,96,183,-9.00,18.00,-30.00,1.60,75.0,42,207,2.3333,0.0000,32.00,-80.00,4194.55,0.3755,UP,115.25,1.5879,1.1002
20261006 195628 281,4196.80,1,4196.60,4196.80,0.20,4196.60,2,4196.50,8,4196.40,10,4196.30,8,4196.20,14,4196.10,10,4196.00,19,4195.90,20,4195.80,23,4195.70,19,4196.80,5,4196.90,9,4197.00,9,4197.10,8,4197.20,9,4197.30,20,4197.40,25,4197.50,20,4197.60,18,4197.70,17,Buy,37,25,62,12.00,12.00,-7.00,0.60,33.3,4196.60,4197.10,4196.50,4196.80,87,96,183,-9.00,18.00,-30.00,1.60,75.0,42,207,2.3333,0.0000,33.00,-79.00,4194.55,0.3755,UP,115.25,1.5879,1.1002
20261006 195629 427,4196.80,1,4196.60,4196.80,0.20,4196.60,3,4196.50,9,4196.40,9,4196.30,9,4196.20,14,4196.10,10,4196.00,19,4195.90,20,4195.80,23,4195.70,19,4196.80,5,4196.90,8,4197.00,9,4197.10,8,4197.20,9,4197.30,20,4197.40,25,4197.50,20,4197.60,18,4197.70,17,Buy,38,25,63,13.00,13.00,-7.00,0.60,33.3,4196.60,4197.10,4196.50,4196.80,87,96,183,-9.00,18.00,-30.00,1.60,75.0,42,207,2.3333,0.0000,34.00,-78.00,4194.55,0.3755,UP,115.25,1.5879,1.1002
20261006 195631 234,4196.80,1,4196.60,4196.80,0.20,4196.60,4,4196.50,9,4196.40,9,4196.30,9,4196.20,14,4196.10,10,4196.00,19,4195.90,20,4195.80,23,4195.70,19,4196.80,4,4196.90,8,4197.00,9,4197.10,8,4197.20,9,4197.30,20,4197.40,25,4197.50,20,4197.60,18,4197.70,17,Buy,39,25,64,14.00,14.00,-7.00,0.60,33.3,4196.60,4197.10,4196.50,4196.80,87,96,183,-9.00,18.00,-30.00,1.60,75.0,42,207,2.3333,0.0000,35.00,-77.00,4194.55,0.3755,UP,115.25,1.5879,1.1002
20261006 195633 210,4196.80,2,4196.80,4197.00,0.20,4196.60,1,4196.50,5,4196.40,8,4196.30,9,4196.20,14,4196.10,10,4196.00,19,4195.90,20,4195.80,23,4195.70,19,4196.70,1,4196.80,8,4196.90,8,4197.00,9,4197.10,8,4197.20,9,4197.30,20,4197.40,25,4197.50,20,4197.60,18,Buy,41,25,66,16.00,16.00,-7.00,0.60,33.3,4196.60,4197.10,4196.50,4196.80,87,96,183,-9.00,18.00,-30.00,1.60,75.0,42,207,2.3333,0.0000,37.00,-75.00,4194.55,0.3755,UP,115.25,1.5879,1.1002
20261006 195633 219,4196.80,1,4196.80,4197.00,0.20,4196.60,1,4196.50,5,4196.40,8,4196.30,9,4196.20,14,4196.10,10,4196.00,19,4195.90,20,4195.80,23,4195.70,19,4196.70,1,4196.80,8,4196.90,8,4197.00,9,4197.10,8,4197.20,9,4197.30,20,4197.40,25,4197.50,20,4197.60,18,Sell,41,26,67,15.00,16.00,-7.00,0.60,33.3,4196.60,4197.10,4196.50,4196.80,87,96,183,-9.00,18.00,-30.00,1.60,75.0,42,207,2.3333,0.0667,36.00,-76.00,4194.55,0.3755,UP,115.25,1.5879,1.1002
20261006 195637 654,4196.90,1,4196.90,4197.10,0.20,4196.90,2,4196.80,10,4196.70,6,4196.60,6,4196.50,9,4196.40,10,4196.30,9,4196.20,14,4196.10,20,4196.00,19,4197.10,7,4197.20,9,4197.30,10,4197.40,15,4197.50,20,4197.60,18,4197.70,17,4197.80,20,4197.90,19,4198.00,16,Buy,42,26,68,16.00,16.00,-7.00,0.60,50.0,4196.60,4197.10,4196.50,4196.90,87,96,183,-9.00,18.00,-30.00,1.60,75.0,42,207,2.3333,0.0000,37.00,-75.00,4194.56,0.3787,UP,115.25,1.5879,1.1002
20261006 195639 091,4197.00,1,4196.90,4197.00,0.10,4196.90,2,4196.80,9,4196.70,6,4196.60,7,4196.50,9,4196.40,10,4196.30,9,4196.20,14,4196.10,20,4196.00,19,4197.10,7,4197.20,9,4197.30,10,4197.40,15,4197.50,20,4197.60,18,4197.70,17,4197.80,20,4197.90,19,4198.00,16,Buy,43,26,69,17.00,17.00,-7.00,0.60,66.7,4196.60,4197.10,4196.50,4197.00,87,96,183,-9.00,18.00,-30.00,1.60,75.0,42,207,2.3333,0.0000,38.00,-74.00,4194.57,0.3819,UP,115.25,1.5879,1.1002
20261006 195639 417,4197.10,1,4196.90,4197.10,0.20,4196.90,2,4196.80,9,4196.70,6,4196.60,7,4196.50,9,4196.40,10,4196.30,19,4196.20,24,4196.10,20,4196.00,19,4197.10,4,4197.20,9,4197.30,10,4197.40,15,4197.50,20,4197.60,18,4197.70,17,4197.80,20,4197.90,19,4198.00,16,Buy,44,26,70,18.00,18.00,-7.00,0.60,83.3,4196.60,4197.10,4196.50,4197.10,87,96,183,-9.00,18.00,-30.00,1.60,75.0,42,207,2.3333,0.0000,39.00,-73.00,4194.58,0.3850,UP,115.25,1.5879,1.1002
20261006 195639 417,4197.10,1,4196.90,4197.10,0.20,4196.90,2,4196.80,9,4196.70,6,4196.60,7,4196.50,9,4196.40,10,4196.30,19,4196.20,24,4196.10,20,4196.00,19,4197.10,4,4197.20,9,4197.30,10,4197.40,15,4197.50,20,4197.60,18,4197.70,17,4197.80,20,4197.90,19,4198.00,16,Buy,45,26,71,19.00,19.00,-7.00,0.60,83.3,4196.60,4197.10,4196.50,4197.10,87,96,183,-9.00,18.00,-30.00,1.60,75.0,42,207,2.3333,0.0000,40.00,-72.00,4194.58,0.3850,UP,115.25,1.5879,1.1002
20261006 195639 417,4197.10,1,4196.90,4197.10,0.20,4196.90,2,4196.80,9,4196.70,6,4196.60,7,4196.50,9,4196.40,10,4196.30,19,4196.20,24,4196.10,20,4196.00,19,4197.10,4,4197.20,9,4197.30,10,4197.40,15,4197.50,20,4197.60,18,4197.70,17,4197.80,20,4197.90,19,4198.00,16,Buy,46,26,72,20.00,20.00,-7.00,0.60,83.3,4196.60,4197.10,4196.50,4197.10,87,96,183,-9.00,18.00,-30.00,1.60,75.0,42,207,2.3333,0.0000,41.00,-71.00,4194.58,0.3850,UP,115.25,1.5879,1.1002
20261006 195642 391,4196.90,1,4196.90,4197.00,0.10,4196.90,1,4196.80,7,4196.70,6,4196.60,7,4196.50,7,4196.40,10,4196.30,19,4196.20,23,4196.10,20,4196.00,19,4197.00,5,4197.10,5,4197.20,9,4197.30,10,4197.40,15,4197.50,10,4197.60,18,4197.70,17,4197.80,20,4197.90,19,Sell,46,27,73,19.00,20.00,-7.00,0.60,50.0,4196.60,4197.10,4196.50,4196.90,87,96,183,-9.00,18.00,-30.00,1.60,75.0,42,207,2.3333,0.0526,40.00,-72.00,4194.56,0.3787,UP,115.25,1.5879,1.1002
20261006 195642 600,4197.00,1,4196.90,4197.00,0.10,4196.90,1,4196.80,7,4196.70,6,4196.60,6,4196.50,7,4196.40,10,4196.30,9,4196.20,23,4196.10,20,4196.00,19,4197.00,2,4197.10,6,4197.20,9,4197.30,10,4197.40,15,4197.50,10,4197.60,18,4197.70,17,4197.80,20,4197.90,19,Buy,47,27,74,20.00,20.00,-7.00,0.60,66.7,4196.60,4197.10,4196.50,4197.00,87,96,183,-9.00,18.00,-30.00,1.60,75.0,42,207,2.3333,0.0000,41.00,-71.00,4194.57,0.3819,UP,115.25,1.5879,1.1002
20261006 195642 600,4197.00,1,4196.90,4197.00,0.10,4196.90,1,4196.80,7,4196.70,6,4196.60,6,4196.50,7,4196.40,10,4196.30,9,4196.20,23,4196.10,20,4196.00,19,4197.00,2,4197.10,6,4197.20,9,4197.30,10,4197.40,15,4197.50,10,4197.60,18,4197.70,17,4197.80,20,4197.90,19,Buy,48,27,75,21.00,21.00,-7.00,0.60,66.7,4196.60,4197.10,4196.50,4197.00,87,96,183,-9.00,18.00,-30.00,1.60,75.0,42,207,2.3333,0.0000,42.00,-70.00,4194.57,0.3819,UP,115.25,1.5879,1.1002
20261006 195643 486,4197.00,1,4196.90,4197.00,0.10,4196.90,2,4196.80,7,4196.70,6,4196.60,6,4196.50,7,4196.40,10,4196.30,9,4196.20,23,4196.10,20,4196.00,19,4197.10,6,4197.20,9,4197.30,10,4197.40,15,4197.50,10,4197.60,18,4197.70,17,4197.80,20,4197.90,19,4198.00,16,Buy,49,27,76,22.00,22.00,-7.00,0.60,66.7,4196.60,4197.10,4196.50,4197.00,87,96,183,-9.00,18.00,-30.00,1.60,75.0,42,207,2.3333,0.0000,43.00,-69.00,4194.57,0.3819,UP,115.25,1.5879,1.1002
20261006 195644 068,4196.90,1,4196.80,4196.90,0.10,4196.80,3,4196.70,4,4196.60,6,4196.50,7,4196.40,10,4196.30,9,4196.20,23,4196.10,20,4196.00,19,4195.90,20,4196.90,2,4197.00,4,4197.10,6,4197.20,9,4197.30,10,4197.40,15,4197.50,10,4197.60,18,4197.70,17,4197.80,20,Sell,49,28,77,21.00,22.00,-7.00,0.60,50.0,4196.60,4197.10,4196.50,4196.90,87,96,183,-9.00,18.00,-30.00,1.60,75.0,42,207,2.3333,0.0476,42.00,-70.00,4194.56,0.3787,UP,115.25,1.5879,1.1002
20261006 195644 755,4196.90,2,4196.80,4197.00,0.20,4196.80,1,4196.70,5,4196.60,6,4196.50,7,4196.40,10,4196.30,9,4196.20,23,4196.10,20,4196.00,19,4195.90,20,4197.00,6,4197.10,7,4197.20,9,4197.30,10,4197.40,15,4197.50,10,4197.60,18,4197.70,17,4197.80,20,4197.90,19,Buy,51,28,79,23.00,23.00,-7.00,0.60,50.0,4196.60,4197.10,4196.50,4196.90,87,96,183,-9.00,18.00,-30.00,1.60,75.0,42,207,2.3333,0.0000,44.00,-68.00,4194.56,0.3787,UP,115.25,1.5879,1.1002
20261006 195644 755,4196.90,1,4196.80,4197.00,0.20,4196.80,1,4196.70,5,4196.60,6,4196.50,7,4196.40,10,4196.30,9,4196.20,23,4196.10,20,4196.00,19,4195.90,20,4197.00,6,4197.10,7,4197.20,9,4197.30,10,4197.40,15,4197.50,10,4197.60,18,4197.70,17,4197.80,20,4197.90,19,Buy,52,28,80,24.00,24.00,-7.00,0.60,50.0,4196.60,4197.10,4196.50,4196.90,87,96,183,-9.00,18.00,-30.00,1.60,75.0,42,207,2.3333,0.0000,45.00,-67.00,4194.56,0.3787,UP,115.25,1.5879,1.1002
20261006 195644 755,4196.90,1,4196.80,4197.00,0.20,4196.80,1,4196.70,5,4196.60,6,4196.50,7,4196.40,10,4196.30,9,4196.20,23,4196.10,20,4196.00,19,4195.90,20,4197.00,6,4197.10,7,4197.20,9,4197.30,10,4197.40,15,4197.50,10,4197.60,18,4197.70,17,4197.80,20,4197.90,19,Buy,53,28,81,25.00,25.00,-7.00,0.60,50.0,4196.60,4197.10,4196.50,4196.90,87,96,183,-9.00,18.00,-30.00,1.60,75.0,42,207,2.3333,0.0000,46.00,-66.00,4194.56,0.3787,UP,115.25,1.5879,1.1002
20261006 195646 951,4196.80,1,4196.70,4196.80,0.10,4196.70,1,4196.60,7,4196.50,7,4196.40,10,4196.30,9,4196.20,13,4196.10,20,4196.00,19,4195.90,20,4195.80,23,4196.80,1,4196.90,6,4197.00,7,4197.10,8,4197.20,9,4197.30,10,4197.40,15,4197.50,20,4197.60,18,4197.70,17,Buy,54,28,82,26.00,26.00,-7.00,0.60,33.3,4196.60,4197.10,4196.50,4196.80,87,96,183,-9.00,18.00,-30.00,1.60,75.0,42,207,2.3333,0.0000,47.00,-65.00,4194.55,0.3755,UP,115.25,1.5879,1.1002
20261006 195650 090,4196.90,1,4196.70,4196.90,0.20,4196.70,7,4196.60,10,4196.50,10,4196.40,10,4196.30,9,4196.20,13,4196.10,20,4196.00,19,4195.90,20,4195.80,23,4196.90,2,4197.00,7,4197.10,8,4197.20,9,4197.30,10,4197.40,15,4197.50,20,4197.60,18,4197.70,17,4197.80,20,Buy,55,28,83,27.00,27.00,-7.00,0.60,50.0,4196.60,4197.10,4196.50,4196.90,87,96,183,-9.00,18.00,-30.00,1.60,75.0,42,207,2.3333,0.0000,48.00,-64.00,4194.56,0.3787,UP,115.25,1.5879,1.1002
20261006 195650 090,4196.90,1,4196.70,4196.90,0.20,4196.70,7,4196.60,10,4196.50,10,4196.40,10,4196.30,9,4196.20,13,4196.10,20,4196.00,19,4195.90,20,4195.80,23,4196.90,2,4197.00,7,4197.10,8,4197.20,9,4197.30,10,4197.40,15,4197.50,20,4197.60,18,4197.70,17,4197.80,20,Buy,56,28,84,28.00,28.00,-7.00,0.60,50.0,4196.60,4197.10,4196.50,4196.90,87,96,183,-9.00,18.00,-30.00,1.60,75.0,42,207,2.3333,0.0000,49.00,-63.00,4194.56,0.3787,UP,115.25,1.5879,1.1002
20261006 195650 090,4197.00,1,4196.70,4196.90,0.20,4196.70,7,4196.60,10,4196.50,10,4196.40,10,4196.30,9,4196.20,13,4196.10,20,4196.00,19,4195.90,20,4195.80,23,4196.90,2,4197.00,7,4197.10,8,4197.20,9,4197.30,10,4197.40,15,4197.50,20,4197.60,18,4197.70,17,4197.80,20,Buy,57,28,85,29.00,29.00,-7.00,0.60,66.7,4196.60,4197.10,4196.50,4197.00,87,96,183,-9.00,18.00,-30.00,1.60,75.0,42,207,2.3333,0.0000,50.00,-62.00,4194.57,0.3819,UP,115.25,1.5879,1.1002
20261006 195650 090,4197.00,1,4196.70,4196.90,0.20,4196.70,7,4196.60,10,4196.50,10,4196.40,10,4196.30,9,4196.20,13,4196.10,20,4196.00,19,4195.90,20,4195.80,23,4196.90,2,4197.00,7,4197.10,8,4197.20,9,4197.30,10,4197.40,15,4197.50,20,4197.60,18,4197.70,17,4197.80,20,Buy,58,28,86,30.00,30.00,-7.00,0.60,66.7,4196.60,4197.10,4196.50,4197.00,87,96,183,-9.00,18.00,-30.00,1.60,75.0,42,207,2.3333,0.0000,51.00,-61.00,4194.57,0.3819,UP,115.25,1.5879,1.1002
20261006 195650 381,4196.80,1,4196.70,4196.90,0.20,4196.70,2,4196.60,10,4196.50,10,4196.40,10,4196.30,9,4196.20,13,4196.10,20,4196.00,19,4195.90,20,4195.80,23,4196.90,4,4197.00,7,4197.10,8,4197.20,9,4197.30,10,4197.40,15,4197.50,20,4197.60,18,4197.70,17,4197.80,20,Sell,58,29,87,29.00,30.00,-7.00,0.60,33.3,4196.60,4197.10,4196.50,4196.80,87,96,183,-9.00,18.00,-30.00,1.60,75.0,42,207,2.3333,0.0345,50.00,-62.00,4194.55,0.3755,UP,115.25,1.5879,1.1002
20261006 195651 073,4196.80,1,4196.60,4196.80,0.20,4196.60,1,4196.50,6,4196.40,10,4196.30,9,4196.20,13,4196.10,10,4196.00,19,4195.90,20,4195.80,23,4195.70,19,4196.80,5,4196.90,9,4197.00,8,4197.10,9,4197.20,9,4197.30,10,4197.40,25,4197.50,20,4197.60,18,4197.70,17,Buy,59,29,88,30.00,30.00,-7.00,0.60,33.3,4196.60,4197.10,4196.50,4196.80,87,96,183,-9.00,18.00,-30.00,1.60,75.0,42,207,2.3333,0.0000,51.00,-61.00,4194.55,0.3755,UP,115.25,1.5879,1.1002
20261006 195651 073,4196.80,1,4196.60,4196.80,0.20,4196.60,1,4196.50,6,4196.40,10,4196.30,9,4196.20,13,4196.10,10,4196.00,19,4195.90,20,4195.80,23,4195.70,19,4196.80,5,4196.90,9,4197.00,8,4197.10,9,4197.20,9,4197.30,10,4197.40,25,4197.50,20,4197.60,18,4197.70,17,Buy,60,29,89,31.00,31.00,-7.00,0.60,33.3,4196.60,4197.10,4196.50,4196.80,87,96,183,-9.00,18.00,-30.00,1.60,75.0,42,207,2.3333,0.0000,52.00,-60.00,4194.55,0.3755,UP,115.25,1.5879,1.1002
20261006 195651 073,4196.80,1,4196.60,4196.80,0.20,4196.60,1,4196.50,6,4196.40,10,4196.30,9,4196.20,13,4196.10,10,4196.00,19,4195.90,20,4195.80,23,4195.70,19,4196.80,5,4196.90,9,4197.00,8,4197.10,9,4197.20,9,4197.30,10,4197.40,25,4197.50,20,4197.60,18,4197.70,17,Buy,61,29,90,32.00,32.00,-7.00,0.60,33.3,4196.60,4197.10,4196.50,4196.80,87,96,183,-9.00,18.00,-30.00,1.60,75.0,42,207,2.3333,0.0000,53.00,-59.00,4194.55,0.3755,UP,115.25,1.5879,1.1002
20261006 195651 073,4196.80,1,4196.60,4196.80,0.20,4196.60,1,4196.50,6,4196.40,10,4196.30,9,4196.20,13,4196.10,10,4196.00,19,4195.90,20,4195.80,23,4195.70,19,4196.80,5,4196.90,9,4197.00,8,4197.10,9,4197.20,9,4197.30,10,4197.40,25,4197.50,20,4197.60,18,4197.70,17,Buy,62,29,91,33.00,33.00,-7.00,0.60,33.3,4196.60,4197.10,4196.50,4196.80,87,96,183,-9.00,18.00,-30.00,1.60,75.0,42,207,2.3333,0.0000,54.00,-58.00,4194.55,0.3755,UP,115.25,1.5879,1.1002
20261006 195651 073,4196.80,1,4196.60,4196.80,0.20,4196.60,1,4196.50,6,4196.40,10,4196.30,9,4196.20,13,4196.10,10,4196.00,19,4195.90,20,4195.80,23,4195.70,19,4196.80,5,4196.90,9,4197.00,8,4197.10,9,4197.20,9,4197.30,10,4197.40,25,4197.50,20,4197.60,18,4197.70,17,Buy,63,29,92,34.00,34.00,-7.00,0.60,33.3,4196.60,4197.10,4196.50,4196.80,87,96,183,-9.00,18.00,-30.00,1.60,75.0,42,207,2.3333,0.0000,55.00,-57.00,4194.55,0.3755,UP,115.25,1.5879,1.1002
20261006 195651 673,4196.70,1,4196.60,4196.80,0.20,4196.60,3,4196.50,5,4196.40,10,4196.30,9,4196.20,13,4196.10,10,4196.00,19,4195.90,20,4195.80,23,4195.70,19,4196.80,6,4196.90,9,4197.00,8,4197.10,9,4197.20,9,4197.30,10,4197.40,25,4197.50,20,4197.60,18,4197.70,17,Buy,64,29,93,35.00,35.00,-7.00,0.60,16.7,4196.60,4197.10,4196.50,4196.70,87,96,183,-9.00,18.00,-30.00,1.60,75.0,42,207,2.3333,0.0000,56.00,-56.00,4194.54,0.3723,UP,115.25,1.5879,1.1002
20261006 195651 673,4196.70,1,4196.60,4196.80,0.20,4196.60,3,4196.50,5,4196.40,10,4196.30,9,4196.20,13,4196.10,10,4196.00,19,4195.90,20,4195.80,23,4195.70,19,4196.80,6,4196.90,9,4197.00,8,4197.10,9,4197.20,9,4197.30,10,4197.40,25,4197.50,20,4197.60,18,4197.70,17,Buy,65,29,94,36.00,36.00,-7.00,0.60,16.7,4196.60,4197.10,4196.50,4196.70,87,96,183,-9.00,18.00,-30.00,1.60,75.0,42,207,2.3333,0.0000,57.00,-55.00,4194.54,0.3723,UP,115.25,1.5879,1.1002
20261006 195651 674,4196.80,1,4196.60,4196.80,0.20,4196.60,3,4196.50,5,4196.40,10,4196.30,9,4196.20,13,4196.10,10,4196.00,19,4195.90,20,4195.80,23,4195.70,19,4196.80,6,4196.90,9,4197.00,8,4197.10,9,4197.20,9,4197.30,10,4197.40,25,4197.50,20,4197.60,18,4197.70,17,Buy,66,29,95,37.00,37.00,-7.00,0.60,33.3,4196.60,4197.10,4196.50,4196.80,87,96,183,-9.00,18.00,-30.00,1.60,75.0,42,207,2.3333,0.0000,58.00,-54.00,4194.55,0.3755,UP,115.25,1.5879,1.1002
20261006 195651 674,4196.80,1,4196.60,4196.80,0.20,4196.60,3,4196.50,5,4196.40,10,4196.30,9,4196.20,13,4196.10,10,4196.00,19,4195.90,20,4195.80,23,4195.70,19,4196.80,6,4196.90,9,4197.00,8,4197.10,9,4197.20,9,4197.30,10,4197.40,25,4197.50,20,4197.60,18,4197.70,17,Buy,67,29,96,38.00,38.00,-7.00,0.60,33.3,4196.60,4197.10,4196.50,4196.80,87,96,183,-9.00,18.00,-30.00,1.60,75.0,42,207,2.3333,0.0000,59.00,-53.00,4194.55,0.3755,UP,115.25,1.5879,1.1002
20261006 195651 674,4196.80,1,4196.60,4196.80,0.20,4196.60,3,4196.50,5,4196.40,10,4196.30,9,4196.20,13,4196.10,10,4196.00,19,4195.90,20,4195.80,23,4195.70,19,4196.80,6,4196.90,9,4197.00,8,4197.10,9,4197.20,9,4197.30,10,4197.40,25,4197.50,20,4197.60,18,4197.70,17,Buy,68,29,97,39.00,39.00,-7.00,0.60,33.3,4196.60,4197.10,4196.50,4196.80,87,96,183,-9.00,18.00,-30.00,1.60,75.0,42,207,2.3333,0.0000,60.00,-52.00,4194.55,0.3755,UP,115.25,1.5879,1.1002
20261006 195651 674,4196.90,1,4196.60,4196.80,0.20,4196.60,3,4196.50,5,4196.40,10,4196.30,9,4196.20,13,4196.10,10,4196.00,19,4195.90,20,4195.80,23,4195.70,19,4196.80,6,4196.90,9,4197.00,8,4197.10,9,4197.20,9,4197.30,10,4197.40,25,4197.50,20,4197.60,18,4197.70,17,Buy,69,29,98,40.00,40.00,-7.00,0.60,50.0,4196.60,4197.10,4196.50,4196.90,87,96,183,-9.00,18.00,-30.00,1.60,75.0,42,207,2.3333,0.0000,61.00,-51.00,4194.56,0.3787,UP,115.25,1.5879,1.1002
20261006 195651 674,4196.90,1,4196.60,4196.80,0.20,4196.60,3,4196.50,5,4196.40,10,4196.30,9,4196.20,13,4196.10,10,4196.00,19,4195.90,20,4195.80,23,4195.70,19,4196.80,6,4196.90,9,4197.00,8,4197.10,9,4197.20,9,4197.30,10,4197.40,25,4197.50,20,4197.60,18,4197.70,17,Buy,70,29,99,41.00,41.00,-7.00,0.60,50.0,4196.60,4197.10,4196.50,4196.90,87,96,183,-9.00,18.00,-30.00,1.60,75.0,42,207,2.3333,0.0000,62.00,-50.00,4194.56,0.3787,UP,115.25,1.5879,1.1002
20261006 195651 674,4196.90,1,4196.60,4196.80,0.20,4196.60,3,4196.50,5,4196.40,10,4196.30,9,4196.20,13,4196.10,10,4196.00,19,4195.90,20,4195.80,23,4195.70,19,4196.80,6,4196.90,9,4197.00,8,4197.10,9,4197.20,9,4197.30,10,4197.40,25,4197.50,20,4197.60,18,4197.70,17,Buy,71,29,100,42.00,42.00,-7.00,0.60,50.0,4196.60,4197.10,4196.50,4196.90,87,96,183,-9.00,18.00,-30.00,1.60,75.0,42,207,2.3333,0.0000,63.00,-49.00,4194.56,0.3787,UP,115.25,1.5879,1.1002
20261006 195651 674,4196.90,1,4196.60,4196.80,0.20,4196.60,3,4196.50,5,4196.40,10,4196.30,9,4196.20,13,4196.10,10,4196.00,19,4195.90,20,4195.80,23,4195.70,19,4196.80,6,4196.90,9,4197.00,8,4197.10,9,4197.20,9,4197.30,10,4197.40,25,4197.50,20,4197.60,18,4197.70,17,Buy,72,29,101,43.00,43.00,-7.00,0.60,50.0,4196.60,4197.10,4196.50,4196.90,87,96,183,-9.00,18.00,-30.00,1.60,75.0,42,207,2.3333,0.0000,64.00,-48.00,4194.56,0.3787,UP,115.25,1.5879,1.1002
20261006 195651 674,4196.90,1,4196.60,4196.80,0.20,4196.60,3,4196.50,5,4196.40,10,4196.30,9,4196.20,13,4196.10,10,4196.00,19,4195.90,20,4195.80,23,4195.70,19,4196.80,6,4196.90,9,4197.00,8,4197.10,9,4197.20,9,4197.30,10,4197.40,25,4197.50,20,4197.60,18,4197.70,17,Buy,73,29,102,44.00,44.00,-7.00,0.60,50.0,4196.60,4197.10,4196.50,4196.90,87,96,183,-9.00,18.00,-30.00,1.60,75.0,42,207,2.3333,0.0000,65.00,-47.00,4194.56,0.3787,UP,115.25,1.5879,1.1002
20261006 195651 675,4197.00,1,4196.60,4196.80,0.20,4196.60,3,4196.50,5,4196.40,10,4196.30,9,4196.20,13,4196.10,10,4196.00,19,4195.90,20,4195.80,23,4195.70,19,4196.80,6,4196.90,9,4197.00,8,4197.10,9,4197.20,9,4197.30,10,4197.40,25,4197.50,20,4197.60,18,4197.70,17,Buy,74,29,103,45.00,45.00,-7.00,0.60,66.7,4196.60,4197.10,4196.50,4197.00,87,96,183,-9.00,18.00,-30.00,1.60,75.0,42,207,2.3333,0.0000,66.00,-46.00,4194.57,0.3819,UP,115.25,1.5879,1.1002
20261006 195651 675,4197.00,1,4196.60,4196.80,0.20,4196.60,3,4196.50,5,4196.40,10,4196.30,9,4196.20,13,4196.10,10,4196.00,19,4195.90,20,4195.80,23,4195.70,19,4196.80,6,4196.90,9,4197.00,8,4197.10,9,4197.20,9,4197.30,10,4197.40,25,4197.50,20,4197.60,18,4197.70,17,Buy,75,29,104,46.00,46.00,-7.00,0.60,66.7,4196.60,4197.10,4196.50,4197.00,87,96,183,-9.00,18.00,-30.00,1.60,75.0,42,207,2.3333,0.0000,67.00,-45.00,4194.57,0.3819,UP,115.25,1.5879,1.1002
20261006 195651 675,4197.00,2,4196.60,4196.80,0.20,4196.60,3,4196.50,5,4196.40,10,4196.30,9,4196.20,13,4196.10,10,4196.00,19,4195.90,20,4195.80,23,4195.70,19,4196.80,6,4196.90,9,4197.00,8,4197.10,9,4197.20,9,4197.30,10,4197.40,25,4197.50,20,4197.60,18,4197.70,17,Buy,77,29,106,48.00,48.00,-7.00,0.60,66.7,4196.60,4197.10,4196.50,4197.00,87,96,183,-9.00,18.00,-30.00,1.60,75.0,42,207,2.3333,0.0000,69.00,-43.00,4194.57,0.3819,UP,115.25,1.5879,1.1002
20261006 195651 675,4197.00,1,4196.60,4196.80,0.20,4196.60,3,4196.50,5,4196.40,10,4196.30,9,4196.20,13,4196.10,10,4196.00,19,4195.90,20,4195.80,23,4195.70,19,4196.80,6,4196.90,9,4197.00,8,4197.10,9,4197.20,9,4197.30,10,4197.40,25,4197.50,20,4197.60,18,4197.70,17,Buy,78,29,107,49.00,49.00,-7.00,0.60,66.7,4196.60,4197.10,4196.50,4197.00,87,96,183,-9.00,18.00,-30.00,1.60,75.0,42,207,2.3333,0.0000,70.00,-42.00,4194.57,0.3819,UP,115.25,1.5879,1.1002
20261006 195651 675,4197.00,1,4196.60,4196.80,0.20,4197.20,1,4197.10,6,4197.00,10,4196.90,15,4196.80,9,4196.70,20,4196.60,9,4195.90,20,4195.80,23,4195.70,19,4196.80,6,4196.90,9,4197.00,8,4197.10,9,4197.20,9,4197.30,10,4197.40,25,4197.50,20,4197.60,18,4197.70,17,Buy,78,29,107,49.00,49.00,-7.00,0.60,66.7,4196.60,4197.10,4196.50,4197.00,87,96,183,-9.00,18.00,-30.00,1.60,75.0,42,207,2.3333,0.0000,70.00,-42.00,4194.57,0.3819,UP,115.25,1.5879,1.1002
20261006 195651 675,4197.10,1,4197.20,4197.40,0.20,4197.20,1,4197.10,6,4197.00,10,4196.90,15,4196.80,9,4196.70,20,4196.60,9,4196.50,18,4196.40,20,4196.30,19,4197.40,10,4197.50,10,4197.60,8,4197.70,7,4197.80,17,4197.90,15,4198.00,14,4198.10,14,4198.20,14,4198.30,14,Buy,79,29,108,50.00,50.00,-7.00,0.60,83.3,4196.60,4197.10,4196.50,4197.10,87,96,183,-9.00,18.00,-30.00,1.60,75.0,42,207,2.3333,0.0000,71.00,-41.00,4194.58,0.3850,UP,115.25,1.5879,1.1002
20261006 195651 675,4197.10,1,4197.20,4197.40,0.20,4197.20,1,4197.10,6,4197.00,10,4196.90,15,4196.80,9,4196.70,20,4196.60,9,4196.50,18,4196.40,20,4196.30,19,4197.40,10,4197.50,10,4197.60,8,4197.70,7,4197.80,17,4197.90,15,4198.00,14,4198.10,14,4198.20,14,4198.30,14,Buy,80,29,109,51.00,51.00,-7.00,0.60,83.3,4196.60,4197.10,4196.50,4197.10,87,96,183,-9.00,18.00,-30.00,1.60,75.0,42,207,2.3333,0.0000,72.00,-40.00,4194.58,0.3850,UP,115.25,1.5879,1.1002
20261006 195651 675,4197.10,2,4197.20,4197.40,0.20,4197.20,1,4197.10,6,4197.00,10,4196.90,15,4196.80,9,4196.70,20,4196.60,9,4196.50,18,4196.40,20,4196.30,19,4197.40,10,4197.50,10,4197.60,8,4197.70,7,4197.80,17,4197.90,15,4198.00,14,4198.10,14,4198.20,14,4198.30,14,Buy,82,29,111,53.00,53.00,-7.00,0.60,83.3,4196.60,4197.10,4196.50,4197.10,87,96,183,-9.00,18.00,-30.00,1.60,75.0,42,207,2.3333,0.0000,74.00,-38.00,4194.58,0.3850,UP,115.25,1.5879,1.1002
20261006 195651 675,4197.10,1,4197.20,4197.40,0.20,4197.20,1,4197.10,6,4197.00,10,4196.90,15,4196.80,9,4196.70,20,4196.60,9,4196.50,18,4196.40,20,4196.30,19,4197.40,10,4197.50,10,4197.60,8,4197.70,7,4197.80,17,4197.90,15,4198.00,14,4198.10,14,4198.20,14,4198.30,14,Buy,83,29,112,54.00,54.00,-7.00,0.60,83.3,4196.60,4197.10,4196.50,4197.10,87,96,183,-9.00,18.00,-30.00,1.60,75.0,42,207,2.3333,0.0000,75.00,-37.00,4194.58,0.3850,UP,115.25,1.5879,1.1002
20261006 195651 677,4197.10,1,4197.20,4197.40,0.20,4197.20,1,4197.10,6,4197.00,10,4196.90,15,4196.80,9,4196.70,20,4196.60,9,4196.50,18,4196.40,20,4196.30,19,4197.40,10,4197.50,10,4197.60,8,4197.70,7,4197.80,17,4197.90,15,4198.00,14,4198.10,14,4198.20,14,4198.30,14,Buy,84,29,113,55.00,55.00,-7.00,0.60,83.3,4196.60,4197.10,4196.50,4197.10,87,96,183,-9.00,18.00,-30.00,1.60,75.0,42,207,2.3333,0.0000,76.00,-36.00,4194.58,0.3850,UP,115.25,1.5879,1.1002
20261006 195651 677,4197.10,1,4197.20,4197.40,0.20,4197.20,1,4197.10,6,4197.00,10,4196.90,15,4196.80,9,4196.70,20,4196.60,9,4196.50,18,4196.40,20,4196.30,19,4197.40,10,4197.50,10,4197.60,8,4197.70,7,4197.80,17,4197.90,15,4198.00,14,4198.10,14,4198.20,14,4198.30,14,Buy,85,29,114,56.00,56.00,-7.00,0.60,83.3,4196.60,4197.10,4196.50,4197.10,87,96,183,-9.00,18.00,-30.00,1.60,75.0,42,207,2.3333,0.0000,77.00,-35.00,4194.58,0.3850,UP,115.25,1.5879,1.1002
20261006 195651 678,4197.20,1,4197.20,4197.40,0.20,4197.20,1,4197.10,6,4197.00,10,4196.90,15,4196.80,9,4196.70,20,4196.60,9,4196.50,18,4196.40,20,4196.30,19,4197.40,10,4197.50,10,4197.60,8,4197.70,7,4197.80,17,4197.90,15,4198.00,14,4198.10,14,4198.20,14,4198.30,14,Buy,86,29,115,57.00,57.00,-7.00,0.70,85.7,4196.60,4197.20,4196.50,4197.20,87,96,183,-9.00,18.00,-30.00,1.60,75.0,42,207,2.3333,0.0000,78.00,-34.00,4194.59,0.3882,UP,115.25,1.5879,1.1073
20261006 195651 678,4197.20,1,4197.20,4197.40,0.20,4197.20,1,4197.10,6,4197.00,10,4196.90,15,4196.80,9,4196.70,20,4196.60,9,4196.50,18,4196.40,20,4196.30,19,4197.40,10,4197.50,10,4197.60,8,4197.70,7,4197.80,17,4197.90,15,4198.00,14,4198.10,14,4198.20,14,4198.30,14,Buy,87,29,116,58.00,58.00,-7.00,0.70,85.7,4196.60,4197.20,4196.50,4197.20,87,96,183,-9.00,18.00,-30.00,1.60,75.0,42,207,2.3333,0.0000,79.00,-33.00,4194.59,0.3882,UP,115.25,1.5879,1.1073
20261006 195651 678,4197.20,1,4197.20,4197.40,0.20,4197.20,1,4197.10,6,4197.00,10,4196.90,15,4196.80,9,4196.70,20,4196.60,9,4196.50,18,4196.40,20,4196.30,19,4197.40,10,4197.50,10,4197.60,8,4197.70,7,4197.80,17,4197.90,15,4198.00,14,4198.10,14,4198.20,14,4198.30,14,Buy,88,29,117,59.00,59.00,-7.00,0.70,85.7,4196.60,4197.20,4196.50,4197.20,87,96,183,-9.00,18.00,-30.00,1.60,75.0,42,207,2.3333,0.0000,80.00,-32.00,4194.59,0.3882,UP,115.25,1.5879,1.1073
20261006 195651 678,4197.20,1,4197.20,4197.40,0.20,4197.20,1,4197.10,6,4197.00,10,4196.90,15,4196.80,9,4196.70,20,4196.60,9,4196.50,18,4196.40,20,4196.30,19,4197.40,10,4197.50,10,4197.60,8,4197.70,7,4197.80,17,4197.90,15,4198.00,14,4198.10,14,4198.20,14,4198.30,14,Buy,89,29,118,60.00,60.00,-7.00,0.70,85.7,4196.60,4197.20,4196.50,4197.20,87,96,183,-9.00,18.00,-30.00,1.60,75.0,42,207,2.3333,0.0000,81.00,-31.00,4194.59,0.3882,UP,115.25,1.5879,1.1073
20261006 195651 679,4197.30,1,4197.20,4197.40,0.20,4197.20,1,4197.10,6,4197.00,10,4196.90,15,4196.80,9,4196.70,20,4196.60,9,4196.50,18,4196.40,20,4196.30,19,4197.40,10,4197.50,10,4197.60,8,4197.70,7,4197.80,17,4197.90,15,4198.00,14,4198.10,14,4198.20,14,4198.30,14,Buy,90,29,119,61.00,61.00,-7.00,0.80,87.5,4196.60,4197.30,4196.50,4197.30,87,96,183,-9.00,18.00,-30.00,1.60,75.0,42,207,2.3333,0.0000,82.00,-30.00,4194.60,0.3914,UP,115.25,1.5879,1.1145
20261006 195651 679,4197.30,1,4197.20,4197.40,0.20,4197.20,1,4197.10,6,4197.00,10,4196.90,15,4196.80,9,4196.70,20,4196.60,9,4196.50,18,4196.40,20,4196.30,19,4197.40,10,4197.50,10,4197.60,8,4197.70,7,4197.80,17,4197.90,15,4198.00,14,4198.10,14,4198.20,14,4198.30,14,Buy,91,29,120,62.00,62.00,-7.00,0.80,87.5,4196.60,4197.30,4196.50,4197.30,87,96,183,-9.00,18.00,-30.00,1.60,75.0,42,207,2.3333,0.0000,83.00,-29.00,4194.60,0.3914,UP,115.25,1.5879,1.1145
20261006 195651 679,4197.30,1,4197.20,4197.40,0.20,4197.20,1,4197.10,6,4197.00,10,4196.90,15,4196.80,9,4196.70,20,4196.60,9,4196.50,18,4196.40,20,4196.30,19,4197.40,10,4197.50,10,4197.60,8,4197.70,7,4197.80,17,4197.90,15,4198.00,14,4198.10,14,4198.20,14,4198.30,14,Buy,92,29,121,63.00,63.00,-7.00,0.80,87.5,4196.60,4197.30,4196.50,4197.30,87,96,183,-9.00,18.00,-30.00,1.60,75.0,42,207,2.3333,0.0000,84.00,-28.00,4194.60,0.3914,UP,115.25,1.5879,1.1145
20261006 195651 687,4197.20,1,4197.20,4197.40,0.20,4197.20,1,4197.10,6,4197.00,10,4196.90,15,4196.80,9,4196.70,20,4196.60,9,4196.50,18,4196.40,20,4196.30,19,4197.40,10,4197.50,10,4197.60,8,4197.70,7,4197.80,17,4197.90,15,4198.00,14,4198.10,14,4198.20,14,4198.30,14,Sell,92,30,122,62.00,63.00,-7.00,0.80,75.0,4196.60,4197.30,4196.50,4197.20,87,96,183,-9.00,18.00,-30.00,1.60,75.0,42,207,2.3333,0.0161,83.00,-29.00,4194.59,0.3882,UP,115.25,1.5879,1.1145
20261006 195651 687,4197.20,1,4197.20,4197.40,0.20,4197.20,1,4197.10,6,4197.00,10,4196.90,15,4196.80,9,4196.70,20,4196.60,9,4196.50,18,4196.40,20,4196.30,19,4197.40,10,4197.50,10,4197.60,8,4197.70,7,4197.80,17,4197.90,15,4198.00,14,4198.10,14,4198.20,14,4198.30,14,Sell,92,31,123,61.00,63.00,-7.00,0.80,75.0,4196.60,4197.30,4196.50,4197.20,87,96,183,-9.00,18.00,-30.00,1.60,75.0,42,207,2.3333,0.0328,82.00,-30.00,4194.59,0.3882,UP,115.25,1.5879,1.1145
20261006 195651 687,4197.20,1,4197.20,4197.40,0.20,4197.20,1,4197.10,6,4197.00,10,4196.90,15,4196.80,9,4196.70,20,4196.60,9,4196.50,18,4196.40,20,4196.30,19,4197.40,10,4197.50,10,4197.60,8,4197.70,7,4197.80,17,4197.90,15,4198.00,14,4198.10,14,4198.20,14,4198.30,14,Sell,92,32,124,60.00,63.00,-7.00,0.80,75.0,4196.60,4197.30,4196.50,4197.20,87,96,183,-9.00,18.00,-30.00,1.60,75.0,42,207,2.3333,0.0500,81.00,-31.00,4194.59,0.3882,UP,115.25,1.5879,1.1145
20261006 195651 687,4197.20,1,4197.20,4197.40,0.20,4197.20,1,4197.10,6,4197.00,10,4196.90,15,4196.80,9,4196.70,20,4196.60,9,4196.50,18,4196.40,20,4196.30,19,4197.40,10,4197.50,10,4197.60,8,4197.70,7,4197.80,17,4197.90,15,4198.00,14,4198.10,14,4198.20,14,4198.30,14,Sell,92,33,125,59.00,63.00,-7.00,0.80,75.0,4196.60,4197.30,4196.50,4197.20,87,96,183,-9.00,18.00,-30.00,1.60,75.0,42,207,2.3333,0.0678,80.00,-32.00,4194.59,0.3882,UP,115.25,1.5879,1.1145
20261006 195651 689,4197.20,1,4197.20,4197.40,0.20,4197.20,1,4197.10,6,4197.00,10,4196.90,15,4196.80,9,4196.70,20,4196.60,9,4196.50,18,4196.40,20,4196.30,19,4197.40,10,4197.50,10,4197.60,8,4197.70,7,4197.80,17,4197.90,15,4198.00,14,4198.10,14,4198.20,14,4198.30,14,Buy,93,33,126,60.00,63.00,-7.00,0.80,75.0,4196.60,4197.30,4196.50,4197.20,87,96,183,-9.00,18.00,-30.00,1.60,75.0,42,207,2.3333,0.0500,81.00,-31.00,4194.59,0.3882,UP,115.25,1.5879,1.1145
20261006 195651 689,4197.20,1,4197.20,4197.40,0.20,4197.20,1,4197.10,6,4197.00,10,4196.90,15,4196.80,9,4196.70,20,4196.60,9,4196.50,18,4196.40,20,4196.30,19,4197.40,10,4197.50,10,4197.60,8,4197.70,7,4197.80,17,4197.90,15,4198.00,14,4198.10,14,4198.20,14,4198.30,14,Buy,94,33,127,61.00,63.00,-7.00,0.80,75.0,4196.60,4197.30,4196.50,4197.20,87,96,183,-9.00,18.00,-30.00,1.60,75.0,42,207,2.3333,0.0328,82.00,-30.00,4194.59,0.3882,UP,115.25,1.5879,1.1145
20261006 195651 690,4197.20,1,4197.20,4197.40,0.20,4197.20,1,4197.10,6,4197.00,10,4196.90,15,4196.80,9,4196.70,20,4196.60,9,4196.50,18,4196.40,20,4196.30,19,4197.40,10,4197.50,10,4197.60,8,4197.70,7,4197.80,17,4197.90,15,4198.00,14,4198.10,14,4198.20,14,4198.30,14,Buy,95,33,128,62.00,63.00,-7.00,0.80,75.0,4196.60,4197.30,4196.50,4197.20,87,96,183,-9.00,18.00,-30.00,1.60,75.0,42,207,2.3333,0.0161,83.00,-29.00,4194.59,0.3882,UP,115.25,1.5879,1.1145
20261006 195651 722,4197.30,1,4197.20,4197.30,0.10,4197.20,1,4197.10,6,4197.00,10,4196.90,15,4196.80,11,4196.70,20,4196.60,21,4196.50,18,4196.40,20,4196.30,19,4197.30,2,4197.40,12,4197.50,10,4197.60,8,4197.70,7,4197.80,17,4197.90,15,4198.00,14,4198.10,14,4198.20,14,Buy,96,33,129,63.00,63.00,-7.00,0.80,87.5,4196.60,4197.30,4196.50,4197.30,87,96,183,-9.00,18.00,-30.00,1.60,75.0,42,207,2.3333,0.0000,84.00,-28.00,4194.60,0.3914,UP,115.25,1.5879,1.1145
20261006 195651 722,4197.30,1,4197.20,4197.30,0.10,4197.20,1,4197.10,6,4197.00,10,4196.90,15,4196.80,11,4196.70,20,4196.60,21,4196.50,18,4196.40,20,4196.30,19,4197.30,2,4197.40,12,4197.50,10,4197.60,8,4197.70,7,4197.80,17,4197.90,15,4198.00,14,4198.10,14,4198.20,14,Buy,97,33,130,64.00,64.00,-7.00,0.80,87.5,4196.60,4197.30,4196.50,4197.30,87,96,183,-9.00,18.00,-30.00,1.60,75.0,42,207,2.3333,0.0000,85.00,-27.00,4194.60,0.3914,UP,115.25,1.5879,1.1145
20261006 195651 723,4197.20,1,4197.20,4197.30,0.10,4197.20,1,4197.10,6,4197.00,10,4196.90,15,4196.80,11,4196.70,20,4196.60,21,4196.50,18,4196.40,20,4196.30,19,4197.30,2,4197.40,12,4197.50,10,4197.60,8,4197.70,7,4197.80,17,4197.90,15,4198.00,14,4198.10,14,4198.20,14,Sell,97,34,131,63.00,64.00,-7.00,0.80,75.0,4196.60,4197.30,4196.50,4197.20,87,96,183,-9.00,18.00,-30.00,1.60,75.0,42,207,2.3333,0.0159,84.00,-28.00,4194.59,0.3882,UP,115.25,1.5879,1.1145
20261006 195651 723,4197.20,1,4197.20,4197.30,0.10,4197.20,1,4197.10,6,4197.00,10,4196.90,15,4196.80,11,4196.70,20,4196.60,21,4196.50,18,4196.40,20,4196.30,19,4197.30,2,4197.40,12,4197.50,10,4197.60,8,4197.70,7,4197.80,17,4197.90,15,4198.00,14,4198.10,14,4198.20,14,Sell,97,35,132,62.00,64.00,-7.00,0.80,75.0,4196.60,4197.30,4196.50,4197.20,87,96,183,-9.00,18.00,-30.00,1.60,75.0,42,207,2.3333,0.0323,83.00,-29.00,4194.59,0.3882,UP,115.25,1.5879,1.1145
20261006 195651 796,4197.30,1,4197.20,4197.40,0.20,4197.20,5,4197.10,6,4197.00,11,4196.90,15,4196.80,11,4196.70,20,4196.60,21,4196.50,18,4196.40,20,4196.30,19,4197.40,10,4197.50,10,4197.60,8,4197.70,8,4197.80,17,4197.90,15,4198.00,14,4198.10,14,4198.20,14,4198.30,14,Buy,98,35,133,63.00,64.00,-7.00,0.80,87.5,4196.60,4197.30,4196.50,4197.30,87,96,183,-9.00,18.00,-30.00,1.60,75.0,42,207,2.3333,0.0159,84.00,-28.00,4194.60,0.3914,UP,115.25,1.5879,1.1145
20261006 195652 162,4197.30,1,4197.30,4197.40,0.10,4197.20,7,4197.10,6,4197.00,11,4196.90,17,4196.80,11,4196.70,20,4196.60,21,4196.50,18,4196.40,20,4196.30,19,4197.40,10,4197.50,10,4197.60,9,4197.70,8,4197.80,17,4197.90,15,4198.00,14,4198.10,14,4198.20,14,4198.30,14,Sell,98,36,134,62.00,64.00,-7.00,0.80,87.5,4196.60,4197.30,4196.50,4197.30,87,96,183,-9.00,18.00,-30.00,1.60,75.0,42,207,2.3333,0.0323,83.00,-29.00,4194.60,0.3914,UP,115.25,1.5879,1.1145
20261006 195652 814,4197.20,1,4197.10,4197.30,0.20,4197.10,8,4197.00,10,4196.90,16,4196.80,11,4196.70,20,4196.60,21,4196.50,18,4196.40,20,4196.30,19,4196.20,19,4197.30,4,4197.40,13,4197.50,10,4197.60,9,4197.70,8,4197.80,17,4197.90,15,4198.00,14,4198.10,14,4198.20,14,Sell,98,37,135,61.00,64.00,-7.00,0.80,75.0,4196.60,4197.30,4196.50,4197.20,87,96,183,-9.00,18.00,-30.00,1.60,75.0,42,207,2.3333,0.0492,82.00,-30.00,4194.59,0.3882,UP,115.25,1.5879,1.1145
20261006 195653 402,4197.30,1,4197.30,4197.40,0.10,4197.20,2,4197.10,8,4197.00,10,4196.90,16,4196.80,11,4196.70,20,4196.60,21,4196.50,18,4196.40,20,4196.30,19,4197.40,11,4197.50,10,4197.60,9,4197.70,8,4197.80,17,4197.90,15,4198.00,14,4198.10,13,4198.20,14,4198.30,14,Sell,98,38,136,60.00,64.00,-7.00,0.80,87.5,4196.60,4197.30,4196.50,4197.30,87,96,183,-9.00,18.00,-30.00,1.60,75.0,42,207,2.3333,0.0667,81.00,-31.00,4194.60,0.3914,UP,115.25,1.5879,1.1145
20261006 195653 850,4197.20,1,4197.20,4197.40,0.20,4197.20,3,4197.10,8,4197.00,10,4196.90,16,4196.80,11,4196.70,20,4196.60,21,4196.50,18,4196.40,20,4196.30,19,4197.40,11,4197.50,10,4197.60,9,4197.70,8,4197.80,17,4197.90,15,4198.00,14,4198.10,13,4198.20,14,4198.30,14,Sell,98,39,137,59.00,64.00,-7.00,0.80,75.0,4196.60,4197.30,4196.50,4197.20,87,96,183,-9.00,18.00,-30.00,1.60,75.0,42,207,2.3333,0.0847,80.00,-32.00,4194.59,0.3882,UP,115.25,1.5879,1.1145
20261006 195655 170,4197.40,1,4197.30,4197.50,0.20,4197.30,5,4197.20,7,4197.10,6,4197.00,12,4196.90,16,4196.80,11,4196.70,22,4196.60,21,4196.50,18,4196.40,20,4197.50,5,4197.60,9,4197.70,8,4197.80,10,4197.90,15,4198.00,14,4198.10,13,4198.20,14,4198.30,14,4198.40,17,Buy,99,39,138,60.00,64.00,-7.00,0.90,88.9,4196.60,4197.40,4196.50,4197.40,87,96,183,-9.00,18.00,-30.00,1.60,75.0,42,207,2.3333,0.0667,81.00,-31.00,4194.61,0.3946,UP,115.25,1.5879,1.1216
20261006 195655 170,4197.40,1,4197.30,4197.50,0.20,4197.30,5,4197.20,7,4197.10,6,4197.00,12,4196.90,16,4196.80,11,4196.70,22,4196.60,21,4196.50,18,4196.40,20,4197.50,5,4197.60,9,4197.70,8,4197.80,10,4197.90,15,4198.00,14,4198.10,13,4198.20,14,4198.30,14,4198.40,17,Buy,100,39,139,61.00,64.00,-7.00,0.90,88.9,4196.60,4197.40,4196.50,4197.40,87,96,183,-9.00,18.00,-30.00,1.60,75.0,42,207,2.3333,0.0492,82.00,-30.00,4194.61,0.3946,UP,115.25,1.5879,1.1216
20261006 195655 170,4197.40,1,4197.30,4197.50,0.20,4197.30,5,4197.20,7,4197.10,6,4197.00,12,4196.90,16,4196.80,11,4196.70,22,4196.60,21,4196.50,18,4196.40,20,4197.50,5,4197.60,9,4197.70,8,4197.80,10,4197.90,15,4198.00,14,4198.10,13,4198.20,14,4198.30,14,4198.40,17,Buy,101,39,140,62.00,64.00,-7.00,0.90,88.9,4196.60,4197.40,4196.50,4197.40,87,96,183,-9.00,18.00,-30.00,1.60,75.0,42,207,2.3333,0.0323,83.00,-29.00,4194.61,0.3946,UP,115.25,1.5879,1.1216
20261006 195655 170,4197.40,1,4197.30,4197.50,0.20,4197.30,5,4197.20,7,4197.10,6,4197.00,12,4196.90,16,4196.80,11,4196.70,22,4196.60,21,4196.50,18,4196.40,20,4197.50,5,4197.60,9,4197.70,8,4197.80,10,4197.90,15,4198.00,14,4198.10,13,4198.20,14,4198.30,14,4198.40,17,Buy,102,39,141,63.00,64.00,-7.00,0.90,88.9,4196.60,4197.40,4196.50,4197.40,87,96,183,-9.00,18.00,-30.00,1.60,75.0,42,207,2.3333,0.0159,84.00,-28.00,4194.61,0.3946,UP,115.25,1.5879,1.1216
20261006 195655 170,4197.40,1,4197.30,4197.50,0.20,4197.30,5,4197.20,7,4197.10,6,4197.00,12,4196.90,16,4196.80,11,4196.70,22,4196.60,21,4196.50,18,4196.40,20,4197.50,5,4197.60,9,4197.70,8,4197.80,10,4197.90,15,4198.00,14,4198.10,13,4198.20,14,4198.30,14,4198.40,17,Buy,103,39,142,64.00,64.00,-7.00,0.90,88.9,4196.60,4197.40,4196.50,4197.40,87,96,183,-9.00,18.00,-30.00,1.60,75.0,42,207,2.3333,0.0000,85.00,-27.00,4194.61,0.3946,UP,115.25,1.5879,1.1216
20261006 195655 170,4197.40,1,4197.30,4197.50,0.20,4197.30,5,4197.20,7,4197.10,6,4197.00,12,4196.90,16,4196.80,11,4196.70,22,4196.60,21,4196.50,18,4196.40,20,4197.50,5,4197.60,9,4197.70,8,4197.80,10,4197.90,15,4198.00,14,4198.10,13,4198.20,14,4198.30,14,4198.40,17,Buy,104,39,143,65.00,65.00,-7.00,0.90,88.9,4196.60,4197.40,4196.50,4197.40,87,96,183,-9.00,18.00,-30.00,1.60,75.0,42,207,2.3333,0.0000,86.00,-26.00,4194.61,0.3946,UP,115.25,1.5879,1.1216
20261006 195655 171,4197.40,1,4197.30,4197.50,0.20,4197.30,5,4197.20,7,4197.10,6,4197.00,12,4196.90,16,4196.80,11,4196.70,22,4196.60,21,4196.50,18,4196.40,20,4197.50,5,4197.60,9,4197.70,8,4197.80,10,4197.90,15,4198.00,14,4198.10,13,4198.20,14,4198.30,14,4198.40,17,Buy,105,39,144,66.00,66.00,-7.00,0.90,88.9,4196.60,4197.40,4196.50,4197.40,87,96,183,-9.00,18.00,-30.00,1.60,75.0,42,207,2.3333,0.0000,87.00,-25.00,4194.61,0.3946,UP,115.25,1.5879,1.1216
20261006 195655 171,4197.40,1,4197.30,4197.50,0.20,4197.30,5,4197.20,7,4197.10,6,4197.00,12,4196.90,16,4196.80,11,4196.70,22,4196.60,21,4196.50,18,4196.40,20,4197.50,5,4197.60,9,4197.70,8,4197.80,10,4197.90,15,4198.00,14,4198.10,13,4198.20,14,4198.30,14,4198.40,17,Buy,106,39,145,67.00,67.00,-7.00,0.90,88.9,4196.60,4197.40,4196.50,4197.40,87,96,183,-9.00,18.00,-30.00,1.60,75.0,42,207,2.3333,0.0000,88.00,-24.00,4194.61,0.3946,UP,115.25,1.5879,1.1216
20261006 195655 172,4197.40,1,4197.30,4197.50,0.20,4197.30,5,4197.20,7,4197.10,6,4197.00,12,4196.90,16,4196.80,11,4196.70,22,4196.60,21,4196.50,18,4196.40,20,4197.50,5,4197.60,9,4197.70,8,4197.80,10,4197.90,15,4198.00,14,4198.10,13,4198.20,14,4198.30,14,4198.40,17,Buy,107,39,146,68.00,68.00,-7.00,0.90,88.9,4196.60,4197.40,4196.50,4197.40,87,96,183,-9.00,18.00,-30.00,1.60,75.0,42,207,2.3333,0.0000,89.00,-23.00,4194.61,0.3946,UP,115.25,1.5879,1.1216
20261006 195655 757,4197.40,1,4197.40,4197.50,0.10,4197.30,4,4197.20,9,4197.10,8,4197.00,12,4196.90,15,4196.80,11,4196.70,22,4196.60,21,4196.50,18,4196.40,20,4197.50,4,4197.60,8,4197.70,8,4197.80,10,4197.90,15,4198.00,14,4198.10,13,4198.20,14,4198.30,14,4198.40,17,Sell,107,40,147,67.00,68.00,-7.00,0.90,88.9,4196.60,4197.40,4196.50,4197.40,87,96,183,-9.00,18.00,-30.00,1.60,75.0,42,207,2.3333,0.0149,88.00,-24.00,4194.61,0.3946,UP,115.25,1.5879,1.1216
20261006 195655 986,4197.50,1,4197.30,4197.50,0.20,4197.30,4,4197.20,9,4197.10,8,4197.00,12,4196.90,15,4196.80,11,4196.70,22,4196.60,21,4196.50,18,4196.40,20,4197.50,4,4197.60,9,4197.70,8,4197.80,10,4197.90,15,4198.00,14,4198.10,13,4198.20,14,4198.30,14,4198.40,17,Buy,108,40,148,68.00,68.00,-7.00,1.00,90.0,4196.60,4197.50,4196.50,4197.50,87,96,183,-9.00,18.00,-30.00,1.60,75.0,42,207,2.3333,0.0000,89.00,-23.00,4194.62,0.3977,UP,115.25,1.5879,1.1288
20261006 195658 620,4197.40,1,4197.20,4197.40,0.20,4197.20,6,4197.10,8,4197.00,12,4196.90,16,4196.80,11,4196.70,22,4196.60,21,4196.50,18,4196.40,20,4196.30,19,4197.40,1,4197.50,7,4197.60,8,4197.70,8,4197.80,10,4197.90,15,4198.00,14,4198.10,13,4198.20,14,4198.30,14,Buy,109,40,149,69.00,69.00,-7.00,1.00,80.0,4196.60,4197.50,4196.50,4197.40,87,96,183,-9.00,18.00,-30.00,1.60,75.0,42,207,2.3333,0.0000,90.00,-22.00,4194.61,0.3946,UP,115.25,1.5879,1.1288
20261006 195659 072,4197.30,1,4197.20,4197.40,0.20,4197.20,8,4197.10,8,4197.00,12,4196.90,16,4196.80,11,4196.70,22,4196.60,21,4196.50,18,4196.40,20,4196.30,19,4197.40,2,4197.50,6,4197.60,8,4197.70,8,4197.80,10,4197.90,15,4198.00,14,4198.10,13,4198.20,14,4198.30,14,Sell,109,41,150,68.00,69.00,-7.00,1.00,70.0,4196.60,4197.50,4196.50,4197.30,87,96,183,-9.00,18.00,-30.00,1.60,75.0,42,207,2.3333,0.0147,89.00,-23.00,4194.60,0.3914,UP,115.25,1.5879,1.1288
20261006 195659 653,4197.40,1,4197.20,4197.50,0.30,4197.20,7,4197.10,8,4197.00,12,4196.90,16,4196.80,11,4196.70,22,4196.60,21,4196.50,18,4196.40,20,4196.30,19,4197.50,6,4197.60,8,4197.70,8,4197.80,10,4197.90,15,4198.00,14,4198.10,13,4198.20,14,4198.30,14,4198.40,17,Buy,110,41,151,69.00,69.00,-7.00,1.00,80.0,4196.60,4197.50,4196.50,4197.40,87,96,183,-9.00,18.00,-30.00,1.60,75.0,42,207,2.3333,0.0000,90.00,-22.00,4194.61,0.3946,UP,115.25,1.5879,1.1288
20261006 195700 037,4197.30,1,4197.30,4197.40,0.10,4197.30,1,4197.20,7,4197.10,9,4197.00,10,4196.90,15,4196.80,11,4196.70,22,4196.60,21,4196.50,18,4196.40,20,4197.40,1,4197.50,6,4197.60,8,4197.70,8,4197.80,10,4197.90,15,4198.00,14,4198.10,13,4198.20,14,4198.30,14,Sell,0,1,1,-1.00,-1.00,-1.00,0.00,0.0,4197.30,4197.30,4197.30,4197.30,110,41,151,69.00,69.00,-7.00,1.00,80.0,168,252,0.0000,0.0000,89.00,15.00,4194.60,0.3914,UP,119.05,1.2684,1.0553
20261006 195700 056,4197.30,1,4197.30,4197.40,0.10,4197.30,1,4197.20,7,4197.10,9,4197.00,10,4196.90,15,4196.80,11,4196.70,22,4196.60,21,4196.50,18,4196.40,20,4197.40,1,4197.50,6,4197.60,8,4197.70,8,4197.80,10,4197.90,15,4198.00,14,4198.10,13,4198.20,14,4198.30,14,Buy,1,1,2,0.00,0.00,-1.00,0.00,0.0,4197.30,4197.30,4197.30,4197.30,110,41,151,69.00,69.00,-7.00,1.00,80.0,168,252,0.0000,0.0000,90.00,16.00,4194.60,0.3914,UP,119.05,1.2684,1.0553
20261006 195700 486,4197.40,1,4197.20,4197.40,0.20,4197.20,10,4197.10,10,4197.00,12,4196.90,15,4196.80,10,4196.70,22,4196.60,21,4196.50,18,4196.40,20,4196.30,19,4197.40,2,4197.50,6,4197.60,8,4197.70,8,4197.80,10,4197.90,7,4198.00,14,4198.10,13,4198.20,14,4198.30,14,Buy,2,1,3,1.00,1.00,-1.00,0.10,100.0,4197.30,4197.40,4197.30,4197.40,110,41,151,69.00,69.00,-7.00,1.00,80.0,168,252,0.0000,0.0000,91.00,17.00,4194.61,0.3946,UP,119.05,1.2684,1.0553
20261006 195700 486,4197.40,1,4197.20,4197.40,0.20,4197.20,10,4197.10,10,4197.00,12,4196.90,15,4196.80,10,4196.70,22,4196.60,21,4196.50,18,4196.40,20,4196.30,19,4197.40,2,4197.50,6,4197.60,8,4197.70,8,4197.80,10,4197.90,7,4198.00,14,4198.10,13,4198.20,14,4198.30,14,Buy,3,1,4,2.00,2.00,-1.00,0.10,100.0,4197.30,4197.40,4197.30,4197.40,110,41,151,69.00,69.00,-7.00,1.00,80.0,168,252,0.0000,0.0000,92.00,18.00,4194.61,0.3946,UP,119.05,1.2684,1.0553
20261006 195701 865,4197.20,1,4197.20,4197.40,0.20,4197.20,4,4197.10,10,4197.00,11,4196.90,15,4196.80,10,4196.70,22,4196.60,21,4196.50,18,4196.40,20,4196.30,18,4197.40,5,4197.50,7,4197.60,8,4197.70,8,4197.80,10,4197.90,7,4198.00,14,4198.10,13,4198.20,14,4198.30,14,Sell,3,2,5,1.00,2.00,-1.00,0.20,50.0,4197.30,4197.40,4197.20,4197.20,110,41,151,69.00,69.00,-7.00,1.00,80.0,168,252,0.0000,1.0000,91.00,17.00,4194.59,0.3882,UP,119.05,1.2684,1.0624
20261006 195701 865,4197.20,1,4197.20,4197.40,0.20,4197.20,4,4197.10,10,4197.00,11,4196.90,15,4196.80,10,4196.70,22,4196.60,21,4196.50,18,4196.40,20,4196.30,18,4197.40,5,4197.50,7,4197.60,8,4197.70,8,4197.80,10,4197.90,7,4198.00,14,4198.10,13,4198.20,14,4198.30,14,Sell,3,3,6,0.00,2.00,-1.00,0.20,50.0,4197.30,4197.40,4197.20,4197.20,110,41,151,69.00,69.00,-7.00,1.00,80.0,168,252,0.0000,2.0000,90.00,16.00,4194.59,0.3882,UP,119.05,1.2684,1.0624
20261006 195703 466,4197.20,1,4196.90,4197.10,0.20,4196.90,14,4196.80,10,4196.70,20,4196.60,20,4196.50,18,4196.40,20,4196.30,18,4196.20,19,4196.10,20,4196.00,20,4197.10,2,4197.20,6,4197.30,8,4197.40,8,4197.50,8,4197.60,9,4197.70,8,4197.80,18,4197.90,15,4198.00,14,Sell,3,4,7,-1.00,2.00,-1.00,0.20,50.0,4197.30,4197.40,4197.20,4197.20,110,41,151,69.00,69.00,-7.00,1.00,80.0,168,252,0.0000,0.0000,89.00,15.00,4194.59,0.3882,UP,119.05,1.2684,1.0624
20261006 195703 467,4197.20,1,4196.90,4197.10,0.20,4196.90,14,4196.80,10,4196.70,20,4196.60,20,4196.50,18,4196.40,20,4196.30,18,4196.20,19,4196.10,20,4196.00,20,4197.10,2,4197.20,6,4197.30,8,4197.40,8,4197.50,8,4197.60,9,4197.70,8,4197.80,18,4197.90,15,4198.00,14,Sell,3,5,8,-2.00,2.00,-2.00,0.20,50.0,4197.30,4197.40,4197.20,4197.20,110,41,151,69.00,69.00,-7.00,1.00,80.0,168,252,0.0000,0.0000,88.00,14.00,4194.59,0.3882,UP,119.05,1.2684,1.0624
20261006 195703 506,4197.10,1,4196.90,4197.10,0.20,4196.90,14,4196.80,10,4196.70,20,4196.60,20,4196.50,18,4196.40,20,4196.30,18,4196.20,19,4196.10,20,4196.00,20,4197.10,2,4197.20,6,4197.30,8,4197.40,8,4197.50,8,4197.60,9,4197.70,8,4197.80,18,4197.90,15,4198.00,14,Sell,3,6,9,-3.00,2.00,-3.00,0.30,66.7,4197.30,4197.40,4197.10,4197.10,110,41,151,69.00,69.00,-7.00,1.00,80.0,168,252,0.0000,0.0000,87.00,13.00,4194.58,0.3850,UP,119.05,1.2684,1.0696
20261006 195703 506,4197.10,2,4196.90,4197.10,0.20,4196.90,14,4196.80,10,4196.70,20,4196.60,20,4196.50,18,4196.40,20,4196.30,18,4196.20,19,4196.10,20,4196.00,20,4197.10,2,4197.20,6,4197.30,8,4197.40,8,4197.50,8,4197.60,9,4197.70,8,4197.80,18,4197.90,15,4198.00,14,Sell,3,8,11,-5.00,2.00,-5.00,0.30,66.7,4197.30,4197.40,4197.10,4197.10,110,41,151,69.00,69.00,-7.00,1.00,80.0,168,252,0.0000,0.0000,85.00,11.00,4194.58,0.3850,UP,119.05,1.2684,1.0696
20261006 195703 519,4197.10,1,4196.90,4197.10,0.20,4196.90,14,4196.80,10,4196.70,20,4196.60,20,4196.50,18,4196.40,20,4196.30,18,4196.20,19,4196.10,20,4196.00,20,4197.10,2,4197.20,6,4197.30,8,4197.40,8,4197.50,8,4197.60,9,4197.70,8,4197.80,18,4197.90,15,4198.00,14,Buy,4,8,12,-4.00,2.00,-5.00,0.30,66.7,4197.30,4197.40,4197.10,4197.10,110,41,151,69.00,69.00,-7.00,1.00,80.0,168,252,0.0000,0.2500,86.00,12.00,4194.58,0.3850,UP,119.05,1.2684,1.0696
20261006 195703 519,4197.10,1,4196.90,4197.10,0.20,4196.90,14,4196.80,10,4196.70,20,4196.60,20,4196.50,18,4196.40,20,4196.30,18,4196.20,19,4196.10,20,4196.00,20,4197.10,2,4197.20,6,4197.30,8,4197.40,8,4197.50,8,4197.60,9,4197.70,8,4197.80,18,4197.90,15,4198.00,14,Buy,5,8,13,-3.00,2.00,-5.00,0.30,66.7,4197.30,4197.40,4197.10,4197.10,110,41,151,69.00,69.00,-7.00,1.00,80.0,168,252,0.0000,0.6667,87.00,13.00,4194.58,0.3850,UP,119.05,1.2684,1.0696
20261006 195703 657,4196.90,2,4196.90,4197.00,0.10,4196.90,14,4196.80,10,4196.70,20,4196.60,20,4196.50,18,4196.40,20,4196.30,18,4196.20,19,4196.10,20,4196.00,20,4197.10,3,4197.20,6,4197.30,8,4197.40,9,4197.50,8,4197.60,9,4197.70,8,4197.80,18,4197.90,15,4198.00,14,Sell,5,10,15,-5.00,2.00,-5.00,0.50,80.0,4197.30,4197.40,4196.90,4196.90,110,41,151,69.00,69.00,-7.00,1.00,80.0,168,252,0.0000,0.0000,85.00,11.00,4194.56,0.3787,UP,119.05,1.2684,1.0839
20261006 195703 657,4196.90,2,4196.90,4197.00,0.10,4196.90,14,4196.80,10,4196.70,20,4196.60,20,4196.50,18,4196.40,20,4196.30,18,4196.20,19,4196.10,20,4196.00,20,4197.10,3,4197.20,6,4197.30,8,4197.40,9,4197.50,8,4197.60,9,4197.70,8,4197.80,18,4197.90,15,4198.00,14,Sell,5,12,17,-7.00,2.00,-7.00,0.50,80.0,4197.30,4197.40,4196.90,4196.90,110,41,151,69.00,69.00,-7.00,1.00,80.0,168,252,0.0000,0.0000,83.00,9.00,4194.56,0.3787,UP,119.05,1.2684,1.0839
20261006 195703 657,4196.90,1,4196.90,4197.00,0.10,4196.90,14,4196.80,10,4196.70,20,4196.60,20,4196.50,18,4196.40,20,4196.30,18,4196.20,19,4196.10,20,4196.00,20,4197.10,3,4197.20,6,4197.30,8,4197.40,9,4197.50,8,4197.60,9,4197.70,8,4197.80,18,4197.90,15,4198.00,14,Sell,5,13,18,-8.00,2.00,-8.00,0.50,80.0,4197.30,4197.40,4196.90,4196.90,110,41,151,69.00,69.00,-7.00,1.00,80.0,168,252,0.0000,0.0000,82.00,8.00,4194.56,0.3787,UP,119.05,1.2684,1.0839
20261006 195703 657,4196.90,1,4196.90,4197.10,0.20,4196.90,6,4196.80,7,4196.70,16,4196.60,10,4196.50,8,4196.40,10,4196.30,18,4196.20,19,4196.10,20,4196.00,20,4197.10,6,4197.20,6,4197.30,8,4197.40,10,4197.50,8,4197.60,9,4197.70,16,4197.80,18,4197.90,15,4198.00,14,Sell,5,14,19,-9.00,2.00,-9.00,0.50,80.0,4197.30,4197.40,4196.90,4196.90,110,41,151,69.00,69.00,-7.00,1.00,80.0,168,252,0.0000,0.0000,81.00,7.00,4194.56,0.3787,UP,119.05,1.2684,1.0839
20261006 195703 657,4196.90,2,4196.90,4197.10,0.20,4196.90,6,4196.80,7,4196.70,16,4196.60,10,4196.50,8,4196.40,10,4196.30,18,4196.20,19,4196.10,20,4196.00,20,4197.10,6,4197.20,6,4197.30,8,4197.40,10,4197.50,8,4197.60,9,4197.70,16,4197.80,18,4197.90,15,4198.00,14,Sell,5,16,21,-11.00,2.00,-11.00,0.50,80.0,4197.30,4197.40,4196.90,4196.90,110,41,151,69.00,69.00,-7.00,1.00,80.0,168,252,0.0000,0.0000,79.00,5.00,4194.56,0.3787,UP,119.05,1.2684,1.0839
20261006 195703 657,4196.90,1,4196.90,4197.10,0.20,4196.90,6,4196.80,7,4196.70,16,4196.60,10,4196.50,8,4196.40,10,4196.30,18,4196.20,19,4196.10,20,4196.00,20,4197.10,6,4197.20,6,4197.30,8,4197.40,10,4197.50,8,4197.60,9,4197.70,16,4197.80,18,4197.90,15,4198.00,14,Sell,5,17,22,-12.00,2.00,-12.00,0.50,80.0,4197.30,4197.40,4196.90,4196.90,110,41,151,69.00,69.00,-7.00,1.00,80.0,168,252,0.0000,0.0000,78.00,4.00,4194.56,0.3787,UP,119.05,1.2684,1.0839
20261006 195703 665,4197.00,1,4196.90,4197.10,0.20,4196.90,6,4196.80,7,4196.70,16,4196.60,10,4196.50,8,4196.40,10,4196.30,18,4196.20,19,4196.10,20,4196.00,20,4197.10,6,4197.20,6,4197.30,8,4197.40,10,4197.50,8,4197.60,9,4197.70,16,4197.80,18,4197.90,15,4198.00,14,Buy,6,17,23,-11.00,2.00,-12.00,0.50,60.0,4197.30,4197.40,4196.90,4197.00,110,41,151,69.00,69.00,-7.00,1.00,80.0,168,252,0.0000,0.0909,79.00,5.00,4194.57,0.3819,UP,119.05,1.2684,1.0839
20261006 195705 122,4196.70,1,4196.70,4196.80,0.10,4196.70,1,4196.60,10,4196.50,8,4196.40,10,4196.30,8,4196.20,19,4196.10,20,4196.00,20,4195.90,21,4195.80,24,4196.80,3,4196.90,6,4197.00,8,4197.10,7,4197.20,9,4197.30,11,4197.40,9,4197.50,16,4197.60,17,4197.70,16,Sell,6,18,24,-12.00,2.00,-12.00,0.70,85.7,4197.30,4197.40,4196.70,4196.70,110,41,151,69.00,69.00,-7.00,1.00,80.0,168,252,0.0000,0.0000,78.00,4.00,4194.54,0.3723,UP,119.05,1.2684,1.0981
20261006 195705 129,4196.70,1,4196.70,4196.80,0.10,4196.70,1,4196.60,10,4196.50,8,4196.40,10,4196.30,8,4196.20,19,4196.10,20,4196.00,20,4195.90,21,4195.80,24,4196.80,3,4196.90,6,4197.00,8,4197.10,7,4197.20,9,4197.30,11,4197.40,9,4197.50,16,4197.60,17,4197.70,16,Sell,6,19,25,-13.00,2.00,-13.00,0.70,85.7,4197.30,4197.40,4196.70,4196.70,110,41,151,69.00,69.00,-7.00,1.00,80.0,168,252,0.0000,0.0000,77.00,3.00,4194.54,0.3723,UP,119.05,1.2684,1.0981
20261006 195706 820,4196.60,1,4196.60,4196.80,0.20,4196.60,1,4196.50,9,4196.40,11,4196.30,8,4196.20,9,4196.10,20,4196.00,20,4195.90,21,4195.80,24,4195.70,20,4196.70,1,4196.80,8,4196.90,7,4197.00,9,4197.10,8,4197.20,8,4197.30,11,4197.40,17,4197.50,16,4197.60,17,Sell,6,20,26,-14.00,2.00,-14.00,0.80,87.5,4197.30,4197.40,4196.60,4196.60,110,41,151,69.00,69.00,-7.00,1.00,80.0,168,252,0.0000,0.0000,76.00,2.00,4194.53,0.3692,UP,119.05,1.2684,1.1053
20261006 195706 820,4196.60,1,4196.60,4196.80,0.20,4196.60,1,4196.50,9,4196.40,11,4196.30,8,4196.20,9,4196.10,20,4196.00,20,4195.90,21,4195.80,24,4195.70,20,4196.70,1,4196.80,8,4196.90,7,4197.00,9,4197.10,8,4197.20,8,4197.30,11,4197.40,17,4197.50,16,4197.60,17,Sell,6,21,27,-15.00,2.00,-15.00,0.80,87.5,4197.30,4197.40,4196.60,4196.60,110,41,151,69.00,69.00,-7.00,1.00,80.0,168,252,0.0000,0.0000,75.00,1.00,4194.53,0.3692,UP,119.05,1.2684,1.1053
20261006 195708 776,4196.50,1,4196.40,4196.50,0.10,4196.50,4,4196.40,8,4196.30,9,4196.20,9,4196.10,10,4196.00,20,4195.90,21,4195.80,24,4195.70,20,4195.60,19,4196.60,2,4196.70,5,4196.80,7,4196.90,7,4197.00,9,4197.10,7,4197.20,8,4197.30,11,4197.40,17,4197.50,16,Sell,6,22,28,-16.00,2.00,-16.00,0.90,88.9,4197.30,4197.40,4196.50,4196.50,110,41,151,69.00,69.00,-7.00,1.00,80.0,168,252,0.0000,0.0000,74.00,0.00,4194.52,0.3660,UP,119.05,1.2684,1.1124
20261006 195708 776,4196.50,1,4196.40,4196.50,0.10,4196.50,4,4196.40,8,4196.30,9,4196.20,9,4196.10,10,4196.00,20,4195.90,21,4195.80,24,4195.70,20,4195.60,19,4196.60,2,4196.70,5,4196.80,7,4196.90,7,4197.00,9,4197.10,7,4197.20,8,4197.30,11,4197.40,17,4197.50,16,Sell,6,23,29,-17.00,2.00,-17.00,0.90,88.9,4197.30,4197.40,4196.50,4196.50,110,41,151,69.00,69.00,-7.00,1.00,80.0,168,252,0.0000,0.0000,73.00,-1.00,4194.52,0.3660,UP,119.05,1.2684,1.1124
20261006 195708 776,4196.50,1,4196.40,4196.50,0.10,4196.50,4,4196.40,8,4196.30,9,4196.20,9,4196.10,10,4196.00,20,4195.90,21,4195.80,24,4195.70,20,4195.60,19,4196.60,2,4196.70,5,4196.80,7,4196.90,7,4197.00,9,4197.10,7,4197.20,8,4197.30,11,4197.40,17,4197.50,16,Sell,6,24,30,-18.00,2.00,-18.00,0.90,88.9,4197.30,4197.40,4196.50,4196.50,110,41,151,69.00,69.00,-7.00,1.00,80.0,168,252,0.0000,0.0000,72.00,-2.00,4194.52,0.3660,UP,119.05,1.2684,1.1124
20261006 195708 776,4196.50,1,4196.40,4196.50,0.10,4196.50,4,4196.40,8,4196.30,9,4196.20,9,4196.10,10,4196.00,20,4195.90,21,4195.80,24,4195.70,20,4195.60,19,4196.60,2,4196.70,5,4196.80,7,4196.90,7,4197.00,9,4197.10,7,4197.20,8,4197.30,11,4197.40,17,4197.50,16,Sell,6,25,31,-19.00,2.00,-19.00,0.90,88.9,4197.30,4197.40,4196.50,4196.50,110,41,151,69.00,69.00,-7.00,1.00,80.0,168,252,0.0000,0.0000,71.00,-3.00,4194.52,0.3660,UP,119.05,1.2684,1.1124
20261006 195708 781,4196.50,1,4196.40,4196.50,0.10,4196.50,4,4196.40,8,4196.30,9,4196.20,9,4196.10,10,4196.00,20,4195.90,21,4195.80,24,4195.70,20,4195.60,19,4196.60,2,4196.70,5,4196.80,7,4196.90,7,4197.00,9,4197.10,7,4197.20,8,4197.30,11,4197.40,17,4197.50,16,Buy,7,25,32,-18.00,2.00,-19.00,0.90,88.9,4197.30,4197.40,4196.50,4196.50,110,41,151,69.00,69.00,-7.00,1.00,80.0,168,252,0.0000,0.0556,72.00,-2.00,4194.52,0.3660,UP,119.05,1.2684,1.1124
20261006 195708 781,4196.50,1,4196.40,4196.50,0.10,4196.50,4,4196.40,8,4196.30,9,4196.20,9,4196.10,10,4196.00,20,4195.90,21,4195.80,24,4195.70,20,4195.60,19,4196.60,2,4196.70,5,4196.80,7,4196.90,7,4197.00,9,4197.10,7,4197.20,8,4197.30,11,4197.40,17,4197.50,16,Buy,8,25,33,-17.00,2.00,-19.00,0.90,88.9,4197.30,4197.40,4196.50,4196.50,110,41,151,69.00,69.00,-7.00,1.00,80.0,168,252,0.0000,0.1176,73.00,-1.00,4194.52,0.3660,UP,119.05,1.2684,1.1124
20261006 195710 155,4196.30,1,4196.30,4196.50,0.20,4196.30,6,4196.20,8,4196.10,11,4196.00,10,4195.90,11,4195.80,24,4195.70,20,4195.60,19,4195.50,21,4195.40,20,4196.50,1,4196.60,6,4196.70,5,4196.80,7,4196.90,7,4197.00,9,4197.10,7,4197.20,18,4197.30,21,4197.40,17,Sell,8,26,34,-18.00,2.00,-19.00,1.10,90.9,4197.30,4197.40,4196.30,4196.30,110,41,151,69.00,69.00,-7.00,1.00,80.0,168,252,0.0000,0.0556,72.00,-2.00,4194.50,0.3596,UP,119.05,1.2684,1.1267
20261006 195714 968,4196.40,1,4196.40,4196.60,0.20,4196.40,2,4196.30,7,4196.20,8,4196.10,10,4196.00,11,4195.90,11,4195.80,24,4195.70,20,4195.60,19,4195.50,21,4196.60,4,4196.70,5,4196.80,6,4196.90,7,4197.00,9,4197.10,7,4197.20,18,4197.30,22,4197.40,17,4197.50,16,Sell,8,27,35,-19.00,2.00,-19.00,1.10,81.8,4197.30,4197.40,4196.30,4196.40,110,41,151,69.00,69.00,-7.00,1.00,80.0,168,252,0.0000,0.0000,71.00,-3.00,4194.51,0.3628,UP,119.05,1.2684,1.1267
20261006 195716 714,4196.60,1,4196.50,4196.70,0.20,4196.50,3,4196.40,8,4196.30,7,4196.20,9,4196.10,10,4196.00,11,4195.90,11,4195.80,24,4195.70,20,4195.60,19,4196.70,5,4196.80,6,4196.90,7,4197.00,9,4197.10,7,4197.20,18,4197.30,22,4197.40,17,4197.50,16,4197.60,17,Buy,9,27,36,-18.00,2.00,-19.00,1.10,63.6,4197.30,4197.40,4196.30,4196.60,110,41,151,69.00,69.00,-7.00,1.00,80.0,168,252,0.0000,0.0556,72.00,-2.00,4194.53,0.3692,UP,119.05,1.2684,1.1267
20261006 195716 714,4196.60,1,4196.50,4196.70,0.20,4196.50,3,4196.40,8,4196.30,7,4196.20,9,4196.10,10,4196.00,11,4195.90,11,4195.80,24,4195.70,20,4195.60,19,4196.70,5,4196.80,6,4196.90,7,4197.00,9,4197.10,7,4197.20,18,4197.30,22,4197.40,17,4197.50,16,4197.60,17,Buy,10,27,37,-17.00,2.00,-19.00,1.10,63.6,4197.30,4197.40,4196.30,4196.60,110,41,151,69.00,69.00,-7.00,1.00,80.0,168,252,0.0000,0.1176,73.00,-1.00,4194.53,0.3692,UP,119.05,1.2684,1.1267
20261006 195716 857,4196.70,1,4196.50,4196.70,0.20,4196.50,2,4196.40,8,4196.30,7,4196.20,9,4196.10,10,4196.00,11,4195.90,11,4195.80,24,4195.70,20,4195.60,19,4196.70,5,4196.80,6,4196.90,7,4197.00,9,4197.10,7,4197.20,18,4197.30,22,4197.40,17,4197.50,16,4197.60,17,Buy,11,27,38,-16.00,2.00,-19.00,1.10,54.5,4197.30,4197.40,4196.30,4196.70,110,41,151,69.00,69.00,-7.00,1.00,80.0,168,252,0.0000,0.1875,74.00,0.00,4194.54,0.3723,UP,119.05,1.2684,1.1267
20261006 195717 710,4196.50,1,4196.40,4196.60,0.20,4196.40,6,4196.30,6,4196.20,9,4196.10,9,4196.00,11,4195.90,21,4195.80,23,4195.70,20,4195.60,19,4195.50,20,4196.60,1,4196.70,4,4196.80,5,4196.90,8,4197.00,10,4197.10,7,4197.20,18,4197.30,21,4197.40,17,4197.50,16,Sell,11,28,39,-17.00,2.00,-19.00,1.10,72.7,4197.30,4197.40,4196.30,4196.50,110,41,151,69.00,69.00,-7.00,1.00,80.0,168,252,0.0000,0.1176,73.00,-1.00,4194.52,0.3660,UP,119.05,1.2684,1.1267
20261006 195717 713,4196.40,1,4196.40,4196.60,0.20,4196.40,6,4196.30,6,4196.20,9,4196.10,9,4196.00,11,4195.90,21,4195.80,23,4195.70,20,4195.60,19,4195.50,20,4196.60,1,4196.70,4,4196.80,5,4196.90,8,4197.00,10,4197.10,7,4197.20,18,4197.30,21,4197.40,17,4197.50,16,Sell,11,29,40,-18.00,2.00,-19.00,1.10,81.8,4197.30,4197.40,4196.30,4196.40,110,41,151,69.00,69.00,-7.00,1.00,80.0,168,252,0.0000,0.0556,72.00,-2.00,4194.51,0.3628,UP,119.05,1.2684,1.1267
20261006 195717 713,4196.40,1,4196.40,4196.60,0.20,4196.40,6,4196.30,6,4196.20,9,4196.10,9,4196.00,11,4195.90,21,4195.80,23,4195.70,20,4195.60,19,4195.50,20,4196.60,1,4196.70,4,4196.80,5,4196.90,8,4197.00,10,4197.10,7,4197.20,18,4197.30,21,4197.40,17,4197.50,16,Sell,11,30,41,-19.00,2.00,-19.00,1.10,81.8,4197.30,4197.40,4196.30,4196.40,110,41,151,69.00,69.00,-7.00,1.00,80.0,168,252,0.0000,0.0000,71.00,-3.00,4194.51,0.3628,UP,119.05,1.2684,1.1267
20261006 195717 714,4196.40,1,4196.40,4196.60,0.20,4196.40,6,4196.30,6,4196.20,9,4196.10,9,4196.00,11,4195.90,21,4195.80,23,4195.70,20,4195.60,19,4195.50,20,4196.60,1,4196.70,4,4196.80,5,4196.90,8,4197.00,10,4197.10,7,4197.20,18,4197.30,21,4197.40,17,4197.50,16,Sell,11,31,42,-20.00,2.00,-20.00,1.10,81.8,4197.30,4197.40,4196.30,4196.40,110,41,151,69.00,69.00,-7.00,1.00,80.0,168,252,0.0000,0.0000,70.00,-4.00,4194.51,0.3628,UP,119.05,1.2684,1.1267
20261006 195717 715,4196.40,1,4196.40,4196.60,0.20,4196.40,6,4196.30,6,4196.20,9,4196.10,9,4196.00,11,4195.90,21,4195.80,23,4195.70,20,4195.60,19,4195.50,20,4196.60,1,4196.70,4,4196.80,5,4196.90,8,4197.00,10,4197.10,7,4197.20,18,4197.30,21,4197.40,17,4197.50,16,Sell,11,32,43,-21.00,2.00,-21.00,1.10,81.8,4197.30,4197.40,4196.30,4196.40,110,41,151,69.00,69.00,-7.00,1.00,80.0,168,252,0.0000,0.0000,69.00,-5.00,4194.51,0.3628,UP,119.05,1.2684,1.1267
20261006 195717 715,4196.40,1,4196.40,4196.60,0.20,4196.40,6,4196.30,6,4196.20,9,4196.10,9,4196.00,11,4195.90,21,4195.80,23,4195.70,20,4195.60,19,4195.50,20,4196.60,1,4196.70,4,4196.80,5,4196.90,8,4197.00,10,4197.10,7,4197.20,18,4197.30,21,4197.40,17,4197.50,16,Sell,11,33,44,-22.00,2.00,-22.00,1.10,81.8,4197.30,4197.40,4196.30,4196.40,110,41,151,69.00,69.00,-7.00,1.00,80.0,168,252,0.0000,0.0000,68.00,-6.00,4194.51,0.3628,UP,119.05,1.2684,1.1267
20261006 195717 719,4196.50,1,4196.40,4196.60,0.20,4196.40,6,4196.30,6,4196.20,9,4196.10,9,4196.00,11,4195.90,21,4195.80,23,4195.70,20,4195.60,19,4195.50,20,4196.60,1,4196.70,4,4196.80,5,4196.90,8,4197.00,10,4197.10,7,4197.20,18,4197.30,21,4197.40,17,4197.50,16,Sell,11,34,45,-23.00,2.00,-23.00,1.10,72.7,4197.30,4197.40,4196.30,4196.50,110,41,151,69.00,69.00,-7.00,1.00,80.0,168,252,0.0000,0.0000,67.00,-7.00,4194.52,0.3660,UP,119.05,1.2684,1.1267
20261006 195717 719,4196.50,1,4196.40,4196.60,0.20,4196.40,6,4196.30,6,4196.20,9,4196.10,9,4196.00,11,4195.90,21,4195.80,23,4195.70,20,4195.60,19,4195.50,20,4196.60,1,4196.70,4,4196.80,5,4196.90,8,4197.00,10,4197.10,7,4197.20,18,4197.30,21,4197.40,17,4197.50,16,Sell,11,35,46,-24.00,2.00,-24.00,1.10,72.7,4197.30,4197.40,4196.30,4196.50,110,41,151,69.00,69.00,-7.00,1.00,80.0,168,252,0.0000,0.0000,66.00,-8.00,4194.52,0.3660,UP,119.05,1.2684,1.1267
20261006 195724 460,4196.80,1,4196.50,4196.80,0.30,4196.50,7,4196.40,7,4196.30,8,4196.20,10,4196.10,10,4196.00,21,4195.90,21,4195.80,23,4195.70,20,4195.60,19,4196.80,9,4196.90,11,4197.00,9,4197.10,7,4197.20,10,4197.30,21,4197.40,19,4197.50,16,4197.60,16,4197.70,16,Buy,12,35,47,-23.00,2.00,-24.00,1.10,45.5,4197.30,4197.40,4196.30,4196.80,110,41,151,69.00,69.00,-7.00,1.00,80.0,168,252,0.0000,0.0435,67.00,-7.00,4194.55,0.3755,UP,119.05,1.2684,1.1267
20261006 195724 460,4196.80,1,4196.50,4196.80,0.30,4196.50,7,4196.40,7,4196.30,8,4196.20,10,4196.10,10,4196.00,21,4195.90,21,4195.80,23,4195.70,20,4195.60,19,4196.80,9,4196.90,11,4197.00,9,4197.10,7,4197.20,10,4197.30,21,4197.40,19,4197.50,16,4197.60,16,4197.70,16,Buy,13,35,48,-22.00,2.00,-24.00,1.10,45.5,4197.30,4197.40,4196.30,4196.80,110,41,151,69.00,69.00,-7.00,1.00,80.0,168,252,0.0000,0.0909,68.00,-6.00,4194.55,0.3755,UP,119.05,1.2684,1.1267
20261006 195724 472,4196.70,1,4196.50,4196.70,0.20,4196.50,3,4196.40,7,4196.30,8,4196.20,10,4196.10,10,4196.00,21,4195.90,21,4195.80,23,4195.70,20,4195.60,19,4196.70,4,4196.80,11,4196.90,11,4197.00,10,4197.10,7,4197.20,10,4197.30,21,4197.40,19,4197.50,16,4197.60,16,Sell,13,36,49,-23.00,2.00,-24.00,1.10,54.5,4197.30,4197.40,4196.30,4196.70,110,41,151,69.00,69.00,-7.00,1.00,80.0,168,252,0.0000,0.0435,67.00,-7.00,4194.54,0.3723,UP,119.05,1.2684,1.1267
20261006 195724 472,4196.70,1,4196.50,4196.70,0.20,4196.50,3,4196.40,7,4196.30,8,4196.20,10,4196.10,10,4196.00,21,4195.90,21,4195.80,23,4195.70,20,4195.60,19,4196.70,4,4196.80,11,4196.90,11,4197.00,10,4197.10,7,4197.20,10,4197.30,21,4197.40,19,4197.50,16,4197.60,16,Sell,13,37,50,-24.00,2.00,-24.00,1.10,54.5,4197.30,4197.40,4196.30,4196.70,110,41,151,69.00,69.00,-7.00,1.00,80.0,168,252,0.0000,0.0000,66.00,-8.00,4194.54,0.3723,UP,119.05,1.2684,1.1267
20261006 195725 775,4196.90,2,4196.70,4196.90,0.20,4196.70,3,4196.60,8,4196.50,10,4196.40,7,4196.30,8,4196.20,10,4196.10,20,4196.00,21,4195.90,21,4195.80,23,4196.90,4,4197.00,8,4197.10,7,4197.20,9,4197.30,11,4197.40,9,4197.50,18,4197.60,18,4197.70,16,4197.80,18,Buy,15,37,52,-22.00,2.00,-24.00,1.10,36.4,4197.30,4197.40,4196.30,4196.90,110,41,151,69.00,69.00,-7.00,1.00,80.0,168,252,0.0000,0.0909,68.00,-6.00,4194.56,0.3787,UP,119.05,1.2684,1.1267
20261006 195727 161,4196.80,2,4196.70,4197.00,0.30,4196.70,6,4196.60,7,4196.50,10,4196.40,7,4196.30,8,4196.20,10,4196.10,20,4196.00,21,4195.90,21,4195.80,23,4197.00,8,4197.10,7,4197.20,9,4197.30,11,4197.40,9,4197.50,18,4197.60,18,4197.70,16,4197.80,18,4197.90,14,Buy,17,37,54,-20.00,2.00,-24.00,1.10,45.5,4197.30,4197.40,4196.30,4196.80,110,41,151,69.00,69.00,-7.00,1.00,80.0,168,252,0.0000,0.2000,70.00,-4.00,4194.55,0.3755,UP,119.05,1.2684,1.1267
20261006 195727 162,4196.80,1,4196.70,4197.00,0.30,4196.70,6,4196.60,7,4196.50,10,4196.40,7,4196.30,8,4196.20,10,4196.10,20,4196.00,21,4195.90,21,4195.80,23,4197.00,8,4197.10,7,4197.20,9,4197.30,11,4197.40,9,4197.50,18,4197.60,18,4197.70,16,4197.80,18,4197.90,14,Buy,18,37,55,-19.00,2.00,-24.00,1.10,45.5,4197.30,4197.40,4196.30,4196.80,110,41,151,69.00,69.00,-7.00,1.00,80.0,168,252,0.0000,0.2632,71.00,-3.00,4194.55,0.3755,UP,119.05,1.2684,1.1267
20261006 195728 573,4197.00,1,4196.80,4197.00,0.20,4196.80,5,4196.70,8,4196.60,9,4196.50,11,4196.40,7,4196.30,8,4196.20,20,4196.10,20,4196.00,21,4195.90,21,4197.00,2,4197.10,7,4197.20,9,4197.30,11,4197.40,9,4197.50,18,4197.60,18,4197.70,18,4197.80,18,4197.90,14,Sell,18,38,56,-20.00,2.00,-24.00,1.10,27.3,4197.30,4197.40,4196.30,4197.00,110,41,151,69.00,69.00,-7.00,1.00,80.0,168,252,0.0000,0.2000,70.00,-4.00,4194.57,0.3819,UP,119.05,1.2684,1.1267
20261006 195728 573,4197.00,1,4196.80,4197.00,0.20,4196.80,5,4196.70,8,4196.60,9,4196.50,11,4196.40,7,4196.30,8,4196.20,20,4196.10,20,4196.00,21,4195.90,21,4197.00,2,4197.10,7,4197.20,9,4197.30,11,4197.40,9,4197.50,18,4197.60,18,4197.70,18,4197.80,18,4197.90,14,Sell,18,39,57,-21.00,2.00,-24.00,1.10,27.3,4197.30,4197.40,4196.30,4197.00,110,41,151,69.00,69.00,-7.00,1.00,80.0,168,252,0.0000,0.1429,69.00,-5.00,4194.57,0.3819,UP,119.05,1.2684,1.1267
20261006 195728 575,4196.90,1,4196.80,4197.00,0.20,4196.80,5,4196.70,8,4196.60,9,4196.50,11,4196.40,7,4196.30,8,4196.20,20,4196.10,20,4196.00,21,4195.90,21,4197.00,2,4197.10,7,4197.20,9,4197.30,11,4197.40,9,4197.50,18,4197.60,18,4197.70,18,4197.80,18,4197.90,14,Sell,18,40,58,-22.00,2.00,-24.00,1.10,36.4,4197.30,4197.40,4196.30,4196.90,110,41,151,69.00,69.00,-7.00,1.00,80.0,168,252,0.0000,0.0909,68.00,-6.00,4194.56,0.3787,UP,119.05,1.2684,1.1267
20261006 195733 878,4197.30,1,4197.10,4197.30,0.20,4197.10,3,4197.00,6,4196.90,8,4196.80,8,4196.70,9,4196.60,9,4196.50,11,4196.40,17,4196.30,18,4196.20,20,4197.30,2,4197.40,9,4197.50,9,4197.60,8,4197.70,18,4197.80,20,4197.90,14,4198.00,14,4198.10,13,4198.20,13,Buy,19,40,59,-21.00,2.00,-24.00,1.10,0.0,4197.30,4197.40,4196.30,4197.30,110,41,151,69.00,69.00,-7.00,1.00,80.0,168,252,0.0000,0.1429,69.00,-5.00,4194.60,0.3914,UP,119.05,1.2684,1.1267
20261006 195735 217,4197.30,1,4197.10,4197.30,0.20,4197.10,2,4197.00,6,4196.90,8,4196.80,9,4196.70,9,4196.60,9,4196.50,11,4196.40,17,4196.30,18,4196.20,20,4197.30,4,4197.40,9,4197.50,9,4197.60,8,4197.70,18,4197.80,20,4197.90,14,4198.00,14,4198.10,13,4198.20,13,Buy,20,40,60,-20.00,2.00,-24.00,1.10,0.0,4197.30,4197.40,4196.30,4197.30,110,41,151,69.00,69.00,-7.00,1.00,80.0,168,252,0.0000,0.2000,70.00,-4.00,4194.60,0.3914,UP,119.05,1.2684,1.1267
20261006 195735 217,4197.30,1,4197.10,4197.30,0.20,4197.10,2,4197.00,6,4196.90,8,4196.80,9,4196.70,9,4196.60,9,4196.50,11,4196.40,17,4196.30,18,4196.20,20,4197.30,4,4197.40,9,4197.50,9,4197.60,8,4197.70,18,4197.80,20,4197.90,14,4198.00,14,4198.10,13,4198.20,13,Buy,21,40,61,-19.00,2.00,-24.00,1.10,0.0,4197.30,4197.40,4196.30,4197.30,110,41,151,69.00,69.00,-7.00,1.00,80.0,168,252,0.0000,0.2632,71.00,-3.00,4194.60,0.3914,UP,119.05,1.2684,1.1267
20261006 195735 217,4197.30,1,4197.10,4197.30,0.20,4197.10,2,4197.00,6,4196.90,8,4196.80,9,4196.70,9,4196.60,9,4196.50,11,4196.40,17,4196.30,18,4196.20,20,4197.30,4,4197.40,9,4197.50,9,4197.60,8,4197.70,18,4197.80,20,4197.90,14,4198.00,14,4198.10,13,4198.20,13,Buy,22,40,62,-18.00,2.00,-24.00,1.10,0.0,4197.30,4197.40,4196.30,4197.30,110,41,151,69.00,69.00,-7.00,1.00,80.0,168,252,0.0000,0.3333,72.00,-2.00,4194.60,0.3914,UP,119.05,1.2684,1.1267
20261006 195736 048,4197.20,1,4197.00,4197.30,0.30,4197.00,9,4196.90,8,4196.80,9,4196.70,10,4196.60,9,4196.50,11,4196.40,17,4196.30,18,4196.20,20,4196.10,20,4197.30,3,4197.40,9,4197.50,9,4197.60,8,4197.70,8,4197.80,20,4197.90,16,4198.00,14,4198.10,13,4198.20,13,Buy,23,40,63,-17.00,2.00,-24.00,1.10,9.1,4197.30,4197.40,4196.30,4197.20,110,41,151,69.00,69.00,-7.00,1.00,80.0,168,252,0.0000,0.4118,73.00,-1.00,4194.59,0.3882,UP,119.05,1.2684,1.1267
20261006 195736 048,4197.20,2,4197.00,4197.30,0.30,4197.00,9,4196.90,8,4196.80,9,4196.70,10,4196.60,9,4196.50,11,4196.40,17,4196.30,18,4196.20,20,4196.10,20,4197.30,3,4197.40,9,4197.50,9,4197.60,8,4197.70,8,4197.80,20,4197.90,16,4198.00,14,4198.10,13,4198.20,13,Buy,25,40,65,-15.00,2.00,-24.00,1.10,9.1,4197.30,4197.40,4196.30,4197.20,110,41,151,69.00,69.00,-7.00,1.00,80.0,168,252,0.0000,0.6000,75.00,1.00,4194.59,0.3882,UP,119.05,1.2684,1.1267
20261006 195736 763,4197.30,1,4197.10,4197.40,0.30,4197.10,4,4197.00,10,4196.90,8,4196.80,10,4196.70,10,4196.60,9,4196.50,11,4196.40,17,4196.30,18,4196.20,20,4197.40,9,4197.50,9,4197.60,8,4197.70,8,4197.80,20,4197.90,16,4198.00,14,4198.10,13,4198.20,13,4198.30,16,Buy,26,40,66,-14.00,2.00,-24.00,1.10,0.0,4197.30,4197.40,4196.30,4197.30,110,41,151,69.00,69.00,-7.00,1.00,80.0,168,252,0.0000,0.7143,76.00,2.00,4194.60,0.3914,UP,119.05,1.2684,1.1267
20261006 195740 492,4197.10,1,4197.00,4197.10,0.10,4197.00,1,4196.90,4,4196.80,8,4196.70,8,4196.60,9,4196.50,12,4196.40,17,4196.30,18,4196.20,20,4196.10,20,4197.10,2,4197.20,6,4197.30,7,4197.40,9,4197.50,9,4197.60,8,4197.70,8,4197.80,20,4197.90,16,4198.00,14,Buy,27,40,67,-13.00,2.00,-24.00,1.10,18.2,4197.30,4197.40,4196.30,4197.10,110,41,151,69.00,69.00,-7.00,1.00,80.0,168,252,0.0000,0.8462,77.00,3.00,4194.58,0.3850,UP,119.05,1.2684,1.1267
20261006 195740 492,4197.10,1,4197.00,4197.10,0.10,4197.00,1,4196.90,4,4196.80,8,4196.70,8,4196.60,9,4196.50,12,4196.40,17,4196.30,18,4196.20,20,4196.10,20,4197.10,2,4197.20,6,4197.30,7,4197.40,9,4197.50,9,4197.60,8,4197.70,8,4197.80,20,4197.90,16,4198.00,14,Buy,28,40,68,-12.00,2.00,-24.00,1.10,18.2,4197.30,4197.40,4196.30,4197.10,110,41,151,69.00,69.00,-7.00,1.00,80.0,168,252,0.0000,1.0000,78.00,4.00,4194.58,0.3850,UP,119.05,1.2684,1.1267
20261006 195740 492,4197.10,1,4197.00,4197.10,0.10,4197.00,1,4196.90,4,4196.80,8,4196.70,8,4196.60,9,4196.50,12,4196.40,17,4196.30,18,4196.20,20,4196.10,20,4197.10,2,4197.20,6,4197.30,7,4197.40,9,4197.50,9,4197.60,8,4197.70,8,4197.80,20,4197.90,16,4198.00,14,Buy,29,40,69,-11.00,2.00,-24.00,1.10,18.2,4197.30,4197.40,4196.30,4197.10,110,41,151,69.00,69.00,-7.00,1.00,80.0,168,252,0.0000,1.1818,79.00,5.00,4194.58,0.3850,UP,119.05,1.2684,1.1267
20261006 195740 492,4197.10,1,4197.00,4197.10,0.10,4197.00,1,4196.90,4,4196.80,8,4196.70,8,4196.60,9,4196.50,12,4196.40,17,4196.30,18,4196.20,20,4196.10,20,4197.10,2,4197.20,6,4197.30,7,4197.40,9,4197.50,9,4197.60,8,4197.70,8,4197.80,20,4197.90,16,4198.00,14,Buy,30,40,70,-10.00,2.00,-24.00,1.10,18.2,4197.30,4197.40,4196.30,4197.10,110,41,151,69.00,69.00,-7.00,1.00,80.0,168,252,0.0000,1.4000,80.00,6.00,4194.58,0.3850,UP,119.05,1.2684,1.1267
20261006 195740 492,4197.20,1,4197.00,4197.10,0.10,4197.00,1,4196.90,4,4196.80,8,4196.70,8,4196.60,9,4196.50,12,4196.40,17,4196.30,18,4196.20,20,4196.10,20,4197.10,2,4197.20,6,4197.30,7,4197.40,9,4197.50,9,4197.60,8,4197.70,8,4197.80,20,4197.90,16,4198.00,14,Buy,31,40,71,-9.00,2.00,-24.00,1.10,9.1,4197.30,4197.40,4196.30,4197.20,110,41,151,69.00,69.00,-7.00,1.00,80.0,168,252,0.0000,1.6667,81.00,7.00,4194.59,0.3882,UP,119.05,1.2684,1.1267
20261006 195740 826,4197.10,1,4197.00,4197.10,0.10,4197.00,1,4196.90,3,4196.80,8,4196.70,8,4196.60,9,4196.50,12,4196.40,17,4196.30,18,4196.20,20,4196.10,20,4197.10,4,4197.20,7,4197.30,7,4197.40,9,4197.50,9,4197.60,8,4197.70,18,4197.80,20,4197.90,16,4198.00,14,Buy,32,40,72,-8.00,2.00,-24.00,1.10,18.2,4197.30,4197.40,4196.30,4197.10,110,41,151,69.00,69.00,-7.00,1.00,80.0,168,252,0.0000,2.0000,82.00,8.00,4194.58,0.3850,UP,119.05,1.2684,1.1267
20261006 195742 061,4197.20,1,4197.00,4197.20,0.20,4197.00,1,4196.90,6,4196.80,8,4196.70,8,4196.60,9,4196.50,12,4196.40,17,4196.30,18,4196.20,20,4196.10,20,4197.20,6,4197.30,6,4197.40,9,4197.50,9,4197.60,8,4197.70,18,4197.80,20,4197.90,16,4198.00,14,4198.10,13,Buy,33,40,73,-7.00,2.00,-24.00,1.10,9.1,4197.30,4197.40,4196.30,4197.20,110,41,151,69.00,69.00,-7.00,1.00,80.0,168,252,0.0000,2.4286,83.00,9.00,4194.59,0.3882,UP,119.05,1.2684,1.1267
20261006 195742 094,4197.00,1,4197.00,4197.20,0.20,4197.00,1,4196.90,6,4196.80,8,4196.70,8,4196.60,9,4196.50,12,4196.40,17,4196.30,18,4196.20,20,4196.10,20,4197.20,6,4197.30,6,4197.40,9,4197.50,9,4197.60,8,4197.70,18,4197.80,20,4197.90,16,4198.00,14,4198.10,13,Sell,33,41,74,-8.00,2.00,-24.00,1.10,27.3,4197.30,4197.40,4196.30,4197.00,110,41,151,69.00,69.00,-7.00,1.00,80.0,168,252,0.0000,2.0000,82.00,8.00,4194.57,0.3819,UP,119.05,1.2684,1.1267
20261006 195742 501,4197.00,1,4197.00,4197.10,0.10,4197.00,5,4196.90,6,4196.80,8,4196.70,9,4196.60,9,4196.50,12,4196.40,17,4196.30,18,4196.20,20,4196.10,20,4197.10,1,4197.20,5,4197.30,6,4197.40,9,4197.50,9,4197.60,8,4197.70,18,4197.80,20,4197.90,16,4198.00,14,Sell,33,42,75,-9.00,2.00,-24.00,1.10,27.3,4197.30,4197.40,4196.30,4197.00,110,41,151,69.00,69.00,-7.00,1.00,80.0,168,252,0.0000,1.6667,81.00,7.00,4194.57,0.3819,UP,119.05,1.2684,1.1267
20261006 195742 655,4197.00,3,4196.90,4197.10,0.20,4196.90,5,4196.80,8,4196.70,8,4196.60,9,4196.50,12,4196.40,17,4196.30,18,4196.20,20,4196.10,20,4196.00,21,4197.10,2,4197.20,6,4197.30,7,4197.40,9,4197.50,9,4197.60,8,4197.70,18,4197.80,20,4197.90,16,4198.00,14,Sell,33,45,78,-12.00,2.00,-24.00,1.10,27.3,4197.30,4197.40,4196.30,4197.00,110,41,151,69.00,69.00,-7.00,1.00,80.0,168,252,0.0000,1.0000,78.00,4.00,4194.57,0.3819,UP,119.05,1.2684,1.1267
20261006 195742 655,4197.00,1,4196.90,4197.10,0.20,4196.90,5,4196.80,8,4196.70,8,4196.60,9,4196.50,12,4196.40,17,4196.30,18,4196.20,20,4196.10,20,4196.00,21,4197.10,2,4197.20,6,4197.30,7,4197.40,9,4197.50,9,4197.60,8,4197.70,18,4197.80,20,4197.90,16,4198.00,14,Sell,33,46,79,-13.00,2.00,-24.00,1.10,27.3,4197.30,4197.40,4196.30,4197.00,110,41,151,69.00,69.00,-7.00,1.00,80.0,168,252,0.0000,0.8462,77.00,3.00,4194.57,0.3819,UP,119.05,1.2684,1.1267
20261006 195742 655,4197.00,1,4196.90,4197.10,0.20,4196.90,5,4196.80,8,4196.70,8,4196.60,9,4196.50,12,4196.40,17,4196.30,18,4196.20,20,4196.10,20,4196.00,21,4197.10,2,4197.20,6,4197.30,7,4197.40,9,4197.50,9,4197.60,8,4197.70,18,4197.80,20,4197.90,16,4198.00,14,Sell,33,47,80,-14.00,2.00,-24.00,1.10,27.3,4197.30,4197.40,4196.30,4197.00,110,41,151,69.00,69.00,-7.00,1.00,80.0,168,252,0.0000,0.7143,76.00,2.00,4194.57,0.3819,UP,119.05,1.2684,1.1267
20261006 195745 914,4197.10,1,4196.90,4197.10,0.20,4196.90,7,4196.80,8,4196.70,9,4196.60,9,4196.50,12,4196.40,17,4196.30,18,4196.20,20,4196.10,20,4196.00,21,4197.10,1,4197.20,6,4197.30,7,4197.40,9,4197.50,9,4197.60,8,4197.70,18,4197.80,20,4197.90,16,4198.00,14,Buy,34,47,81,-13.00,2.00,-24.00,1.10,18.2,4197.30,4197.40,4196.30,4197.10,110,41,151,69.00,69.00,-7.00,1.00,80.0,168,252,0.0000,0.8462,77.00,3.00,4194.58,0.3850,UP,119.05,1.2684,1.1267
20261006 195746 259,4197.10,1,4196.90,4197.20,0.30,4196.90,5,4196.80,8,4196.70,9,4196.60,9,4196.50,12,4196.40,17,4196.30,18,4196.20,20,4196.10,20,4196.00,21,4197.20,7,4197.30,7,4197.40,9,4197.50,9,4197.60,8,4197.70,18,4197.80,20,4197.90,16,4198.00,14,4198.10,13,Buy,35,47,82,-12.00,2.00,-24.00,1.10,18.2,4197.30,4197.40,4196.30,4197.10,110,41,151,69.00,69.00,-7.00,1.00,80.0,168,252,0.0000,1.0000,78.00,4.00,4194.58,0.3850,UP,119.05,1.2684,1.1267
20261006 195747 483,4196.90,1,4196.90,4197.20,0.30,4196.90,4,4196.80,8,4196.70,10,4196.60,9,4196.50,12,4196.40,17,4196.30,18,4196.20,20,4196.10,20,4196.00,21,4197.20,6,4197.30,7,4197.40,9,4197.50,9,4197.60,8,4197.70,18,4197.80,20,4197.90,16,4198.00,14,4198.10,13,Sell,35,48,83,-13.00,2.00,-24.00,1.10,36.4,4197.30,4197.40,4196.30,4196.90,110,41,151,69.00,69.00,-7.00,1.00,80.0,168,252,0.0000,0.8462,77.00,3.00,4194.56,0.3787,UP,119.05,1.2684,1.1267
20261006 195748 700,4196.90,1,4196.90,4197.10,0.20,4196.90,2,4196.80,10,4196.70,9,4196.60,9,4196.50,12,4196.40,17,4196.30,18,4196.20,20,4196.10,20,4196.00,21,4197.10,5,4197.20,8,4197.30,7,4197.40,9,4197.50,9,4197.60,18,4197.70,18,4197.80,20,4197.90,16,4198.00,14,Sell,35,49,84,-14.00,2.00,-24.00,1.10,36.4,4197.30,4197.40,4196.30,4196.90,110,41,151,69.00,69.00,-7.00,1.00,80.0,168,252,0.0000,0.7143,76.00,2.00,4194.56,0.3787,UP,119.05,1.2684,1.1267
20261006 195748 700,4196.90,2,4196.90,4197.10,0.20,4196.90,2,4196.80,10,4196.70,9,4196.60,9,4196.50,12,4196.40,17,4196.30,18,4196.20,20,4196.10,20,4196.00,21,4197.10,5,4197.20,8,4197.30,7,4197.40,9,4197.50,9,4197.60,18,4197.70,18,4197.80,20,4197.90,16,4198.00,14,Sell,35,51,86,-16.00,2.00,-24.00,1.10,36.4,4197.30,4197.40,4196.30,4196.90,110,41,151,69.00,69.00,-7.00,1.00,80.0,168,252,0.0000,0.5000,74.00,0.00,4194.56,0.3787,UP,119.05,1.2684,1.1267
20261006 195748 702,4197.10,1,4196.90,4197.10,0.20,4196.90,2,4196.80,10,4196.70,9,4196.60,9,4196.50,12,4196.40,17,4196.30,18,4196.20,20,4196.10,20,4196.00,21,4197.10,5,4197.20,8,4197.30,7,4197.40,9,4197.50,9,4197.60,18,4197.70,18,4197.80,20,4197.90,16,4198.00,14,Buy,36,51,87,-15.00,2.00,-24.00,1.10,18.2,4197.30,4197.40,4196.30,4197.10,110,41,151,69.00,69.00,-7.00,1.00,80.0,168,252,0.0000,0.6000,75.00,1.00,4194.58,0.3850,UP,119.05,1.2684,1.1267
20261006 195748 702,4197.10,1,4196.90,4197.10,0.20,4196.90,2,4196.80,10,4196.70,9,4196.60,9,4196.50,12,4196.40,17,4196.30,18,4196.20,20,4196.10,20,4196.00,21,4197.10,5,4197.20,8,4197.30,7,4197.40,9,4197.50,9,4197.60,18,4197.70,18,4197.80,20,4197.90,16,4198.00,14,Buy,37,51,88,-14.00,2.00,-24.00,1.10,18.2,4197.30,4197.40,4196.30,4197.10,110,41,151,69.00,69.00,-7.00,1.00,80.0,168,252,0.0000,0.7143,76.00,2.00,4194.58,0.3850,UP,119.05,1.2684,1.1267
20261006 195750 376,4197.20,1,4197.10,4197.30,0.20,4197.10,2,4197.00,6,4196.90,9,4196.80,11,4196.70,9,4196.60,9,4196.50,12,4196.40,17,4196.30,18,4196.20,20,4197.30,3,4197.40,7,4197.50,8,4197.60,8,4197.70,8,4197.80,20,4197.90,16,4198.00,14,4198.10,13,4198.20,13,Buy,38,51,89,-13.00,2.00,-24.00,1.10,9.1,4197.30,4197.40,4196.30,4197.20,110,41,151,69.00,69.00,-7.00,1.00,80.0,168,252,0.0000,0.8462,77.00,3.00,4194.59,0.3882,UP,119.05,1.2684,1.1267
20261006 195750 873,4197.20,1,4197.20,4197.40,0.20,4197.20,1,4197.10,6,4197.00,7,4196.90,9,4196.80,11,4196.70,9,4196.60,9,4196.50,22,4196.40,17,4196.30,18,4197.40,7,4197.50,9,4197.60,8,4197.70,8,4197.80,20,4197.90,16,4198.00,14,4198.10,13,4198.20,13,4198.30,16,Sell,38,52,90,-14.00,2.00,-24.00,1.10,9.1,4197.30,4197.40,4196.30,4197.20,110,41,151,69.00,69.00,-7.00,1.00,80.0,168,252,0.0000,0.7143,76.00,2.00,4194.59,0.3882,UP,119.05,1.2684,1.1267
20261006 195750 965,4197.40,1,4197.20,4197.40,0.20,4197.20,3,4197.10,6,4197.00,7,4196.90,9,4196.80,11,4196.70,9,4196.60,9,4196.50,22,4196.40,17,4196.30,18,4197.40,6,4197.50,9,4197.60,8,4197.70,8,4197.80,20,4197.90,16,4198.00,14,4198.10,13,4198.20,13,4198.30,16,Buy,39,52,91,-13.00,2.00,-24.00,1.10,9.1,4197.30,4197.40,4196.30,4197.40,110,41,151,69.00,69.00,-7.00,1.00,80.0,168,252,0.0000,0.8462,77.00,3.00,4194.61,0.3946,UP,119.05,1.2684,1.1267
20261006 195753 639,4197.00,1,4197.00,4197.30,0.30,4197.10,5,4197.00,6,4196.90,9,4196.80,11,4196.70,9,4196.60,9,4196.50,22,4196.40,17,4196.30,18,4196.20,20,4197.30,2,4197.40,6,4197.50,8,4197.60,8,4197.70,8,4197.80,10,4197.90,16,4198.00,16,4198.10,13,4198.20,13,Sell,39,53,92,-14.00,2.00,-24.00,1.10,27.3,4197.30,4197.40,4196.30,4197.00,110,41,151,69.00,69.00,-7.00,1.00,80.0,168,252,0.0000,0.7143,76.00,2.00,4194.57,0.3819,UP,119.05,1.2684,1.1267
20261006 195755 918,4197.40,1,4197.20,4197.40,0.20,4197.20,2,4197.10,7,4197.00,10,4196.90,10,4196.80,11,4196.70,10,4196.60,9,4196.50,22,4196.40,17,4196.30,18,4197.40,5,4197.50,8,4197.60,8,4197.70,8,4197.80,10,4197.90,16,4198.00,16,4198.10,13,4198.20,13,4198.30,16,Buy,40,53,93,-13.00,2.00,-24.00,1.10,9.1,4197.30,4197.40,4196.30,4197.40,110,41,151,69.00,69.00,-7.00,1.00,80.0,168,252,0.0000,0.8462,77.00,3.00,4194.61,0.3946,UP,119.05,1.2684,1.1267
20261006 195756 737,4197.40,1,4197.20,4197.40,0.20,4197.20,2,4197.10,7,4197.00,10,4196.90,11,4196.80,11,4196.70,10,4196.60,9,4196.50,23,4196.40,17,4196.30,18,4197.40,3,4197.50,8,4197.60,8,4197.70,8,4197.80,10,4197.90,16,4198.00,16,4198.10,13,4198.20,13,4198.30,16,Buy,41,53,94,-12.00,2.00,-24.00,1.10,9.1,4197.30,4197.40,4196.30,4197.40,110,41,151,69.00,69.00,-7.00,1.00,80.0,168,252,0.0000,1.0000,78.00,4.00,4194.61,0.3946,UP,119.05,1.2684,1.1267
20261006 195757 197,4197.40,1,4197.20,4197.40,0.20,4197.20,5,4197.10,8,4197.00,10,4196.90,11,4196.80,11,4196.70,10,4196.60,9,4196.50,23,4196.40,17,4196.30,18,4197.40,2,4197.50,8,4197.60,8,4197.70,8,4197.80,10,4197.90,16,4198.00,16,4198.10,13,4198.20,13,4198.30,16,Buy,42,53,95,-11.00,2.00,-24.00,1.10,9.1,4197.30,4197.40,4196.30,4197.40,110,41,151,69.00,69.00,-7.00,1.00,80.0,168,252,0.0000,1.1818,79.00,5.00,4194.61,0.3946,UP,119.05,1.2684,1.1267
20261006 195757 756,4197.20,1,4197.20,4197.40,0.20,4197.20,1,4197.10,8,4197.00,10,4196.90,11,4196.80,11,4196.70,10,4196.60,9,4196.50,23,4196.40,17,4196.30,18,4197.40,4,4197.50,8,4197.60,8,4197.70,8,4197.80,10,4197.90,16,4198.00,16,4198.10,13,4198.20,13,4198.30,16,Sell,42,54,96,-12.00,2.00,-24.00,1.10,9.1,4197.30,4197.40,4196.30,4197.20,110,41,151,69.00,69.00,-7.00,1.00,80.0,168,252,0.0000,1.0000,78.00,4.00,4194.59,0.3882,UP,119.05,1.2684,1.1267
20261006 195801 170,4196.80,1,4196.70,4196.90,0.20,4196.70,3,4196.60,9,4196.50,13,4196.40,17,4196.30,18,4196.20,20,4196.10,20,4196.00,21,4195.90,21,4195.80,23,4196.90,7,4197.00,11,4197.10,6,4197.20,5,4197.30,6,4197.40,9,4197.50,9,4197.60,16,4197.70,16,4197.80,18,Sell,0,1,1,-1.00,-1.00,-1.00,0.00,0.0,4196.80,4196.80,4196.80,4196.80,42,54,96,-12.00,2.00,-24.00,1.10,9.1,30,102,1.0000,0.0000,62.00,19.00,4194.55,0.3755,UP,118.25,0.8118,1.0748
20261006 195801 170,4196.80,1,4196.70,4196.90,0.20,4196.70,3,4196.60,9,4196.50,13,4196.40,17,4196.30,18,4196.20,20,4196.10,20,4196.00,21,4195.90,21,4195.80,23,4196.90,7,4197.00,11,4197.10,6,4197.20,5,4197.30,6,4197.40,9,4197.50,9,4197.60,16,4197.70,16,4197.80,18,Sell,0,2,2,-2.00,-1.00,-2.00,0.00,0.0,4196.80,4196.80,4196.80,4196.80,42,54,96,-12.00,2.00,-24.00,1.10,9.1,30,102,1.0000,0.0000,61.00,18.00,4194.55,0.3755,UP,118.25,0.8118,1.0748
20261006 195801 170,4196.80,1,4196.70,4196.90,0.20,4196.70,3,4196.60,9,4196.50,13,4196.40,17,4196.30,18,4196.20,20,4196.10,20,4196.00,21,4195.90,21,4195.80,23,4196.90,7,4197.00,11,4197.10,6,4197.20,5,4197.30,6,4197.40,9,4197.50,9,4197.60,16,4197.70,16,4197.80,18,Sell,0,3,3,-3.00,-1.00,-3.00,0.00,0.0,4196.80,4196.80,4196.80,4196.80,42,54,96,-12.00,2.00,-24.00,1.10,9.1,30,102,1.0000,0.0000,60.00,17.00,4194.55,0.3755,UP,118.25,0.8118,1.0748
20261006 195801 170,4196.80,1,4196.70,4196.90,0.20,4196.70,3,4196.60,9,4196.50,13,4196.40,17,4196.30,18,4196.20,20,4196.10,20,4196.00,21,4195.90,21,4195.80,23,4196.90,7,4197.00,11,4197.10,6,4197.20,5,4197.30,6,4197.40,9,4197.50,9,4197.60,16,4197.70,16,4197.80,18,Sell,0,4,4,-4.00,-1.00,-4.00,0.00,0.0,4196.80,4196.80,4196.80,4196.80,42,54,96,-12.00,2.00,-24.00,1.10,9.1,30,102,1.0000,0.0000,59.00,16.00,4194.55,0.3755,UP,118.25,0.8118,1.0748
20261006 195801 170,4196.80,1,4196.70,4196.90,0.20,4196.70,3,4196.60,9,4196.50,13,4196.40,17,4196.30,18,4196.20,20,4196.10,20,4196.00,21,4195.90,21,4195.80,23,4196.90,7,4197.00,11,4197.10,6,4197.20,5,4197.30,6,4197.40,9,4197.50,9,4197.60,16,4197.70,16,4197.80,18,Sell,0,5,5,-5.00,-1.00,-5.00,0.00,0.0,4196.80,4196.80,4196.80,4196.80,42,54,96,-12.00,2.00,-24.00,1.10,9.1,30,102,1.0000,0.0000,58.00,15.00,4194.55,0.3755,UP,118.25,0.8118,1.0748
20261006 195801 172,4196.70,1,4196.60,4196.80,0.20,4196.60,1,4196.50,13,4196.40,7,4196.30,8,4196.20,10,4196.10,20,4196.00,21,4195.90,21,4195.80,23,4195.70,20,4196.80,6,4196.90,10,4197.00,10,4197.10,9,4197.20,8,4197.30,7,4197.40,9,4197.50,17,4197.60,16,4197.70,16,Sell,0,6,6,-6.00,-1.00,-6.00,0.10,100.0,4196.80,4196.80,4196.70,4196.70,42,54,96,-12.00,2.00,-24.00,1.10,9.1,30,102,1.0000,0.0000,57.00,14.00,4194.54,0.3723,UP,118.25,0.8118,1.0819
20261006 195801 172,4196.70,1,4196.60,4196.80,0.20,4196.60,1,4196.50,13,4196.40,7,4196.30,8,4196.20,10,4196.10,20,4196.00,21,4195.90,21,4195.80,23,4195.70,20,4196.80,6,4196.90,10,4197.00,10,4197.10,9,4197.20,8,4197.30,7,4197.40,9,4197.50,17,4197.60,16,4197.70,16,Sell,0,7,7,-7.00,-1.00,-7.00,0.10,100.0,4196.80,4196.80,4196.70,4196.70,42,54,96,-12.00,2.00,-24.00,1.10,9.1,30,102,1.0000,0.0000,56.00,13.00,4194.54,0.3723,UP,118.25,0.8118,1.0819
20261006 195801 316,4196.70,1,4196.50,4196.70,0.20,4196.60,3,4196.50,13,4196.40,7,4196.30,8,4196.20,10,4196.10,20,4196.00,21,4195.90,21,4195.80,23,4195.70,20,4196.80,3,4196.90,10,4197.00,10,4197.10,9,4197.20,8,4197.30,7,4197.40,17,4197.50,17,4197.60,16,4197.70,16,Buy,1,7,8,-6.00,-1.00,-7.00,0.10,100.0,4196.80,4196.80,4196.70,4196.70,42,54,96,-12.00,2.00,-24.00,1.10,9.1,30,102,1.0000,0.1667,57.00,14.00,4194.54,0.3723,UP,118.25,0.8118,1.0819
20261006 195801 763,4196.70,1,4196.70,4196.90,0.20,4196.70,1,4196.60,5,4196.50,10,4196.40,8,4196.30,8,4196.20,10,4196.10,20,4196.00,21,4195.90,21,4195.80,23,4196.90,9,4197.00,10,4197.10,9,4197.20,8,4197.30,7,4197.40,17,4197.50,19,4197.60,16,4197.70,16,4197.80,18,Sell,1,8,9,-7.00,-1.00,-7.00,0.10,100.0,4196.80,4196.80,4196.70,4196.70,42,54,96,-12.00,2.00,-24.00,1.10,9.1,30,102,1.0000,0.0000,56.00,13.00,4194.54,0.3723,UP,118.25,0.8118,1.0819
20261006 195801 763,4196.60,1,4196.70,4196.90,0.20,4196.70,1,4196.60,5,4196.50,10,4196.40,8,4196.30,8,4196.20,10,4196.10,20,4196.00,21,4195.90,21,4195.80,23,4196.90,9,4197.00,10,4197.10,9,4197.20,8,4197.30,7,4197.40,17,4197.50,19,4197.60,16,4197.70,16,4197.80,18,Sell,1,9,10,-8.00,-1.00,-8.00,0.20,100.0,4196.80,4196.80,4196.60,4196.60,42,54,96,-12.00,2.00,-24.00,1.10,9.1,30,102,1.0000,0.0000,55.00,12.00,4194.53,0.3692,UP,118.25,0.8118,1.0891
20261006 195803 209,4196.90,1,4196.90,4197.10,0.20,4196.90,1,4196.80,5,4196.70,6,4196.60,7,4196.50,11,4196.40,8,4196.30,8,4196.20,20,4196.10,20,4196.00,21,4197.10,8,4197.20,8,4197.30,7,4197.40,8,4197.50,19,4197.60,16,4197.70,16,4197.80,18,4197.90,14,4198.00,14,Buy,2,9,11,-7.00,-1.00,-8.00,0.30,33.3,4196.80,4196.90,4196.60,4196.90,42,54,96,-12.00,2.00,-24.00,1.10,9.1,30,102,1.0000,0.1429,56.00,13.00,4194.56,0.3787,UP,118.25,0.8118,1.0891
20261006 195808 194,4197.10,1,4196.90,4197.10,0.20,4196.90,3,4196.80,7,4196.70,10,4196.60,8,4196.50,11,4196.40,8,4196.30,18,4196.20,20,4196.10,20,4196.00,21,4197.10,5,4197.20,8,4197.30,7,4197.40,8,4197.50,19,4197.60,18,4197.70,16,4197.80,18,4197.90,14,4198.00,14,Buy,3,9,12,-6.00,-1.00,-8.00,0.50,60.0,4196.80,4197.10,4196.60,4197.10,42,54,96,-12.00,2.00,-24.00,1.10,9.1,30,102,1.0000,0.3333,57.00,14.00,4194.58,0.3850,UP,118.25,0.8118,1.0891
20261006 195808 194,4197.10,1,4196.90,4197.10,0.20,4196.90,3,4196.80,7,4196.70,10,4196.60,8,4196.50,11,4196.40,8,4196.30,18,4196.20,20,4196.10,20,4196.00,21,4197.10,5,4197.20,8,4197.30,7,4197.40,8,4197.50,19,4197.60,18,4197.70,16,4197.80,18,4197.90,14,4198.00,14,Buy,4,9,13,-5.00,-1.00,-8.00,0.50,60.0,4196.80,4197.10,4196.60,4197.10,42,54,96,-12.00,2.00,-24.00,1.10,9.1,30,102,1.0000,0.6000,58.00,15.00,4194.58,0.3850,UP,118.25,0.8118,1.0891
20261006 195808 194,4197.10,2,4196.90,4197.10,0.20,4196.90,3,4196.80,7,4196.70,10,4196.60,8,4196.50,11,4196.40,8,4196.30,18,4196.20,20,4196.10,20,4196.00,21,4197.10,5,4197.20,8,4197.30,7,4197.40,8,4197.50,19,4197.60,18,4197.70,16,4197.80,18,4197.90,14,4198.00,14,Buy,6,9,15,-3.00,-1.00,-8.00,0.50,60.0,4196.80,4197.10,4196.60,4197.10,42,54,96,-12.00,2.00,-24.00,1.10,9.1,30,102,1.0000,1.6667,60.00,17.00,4194.58,0.3850,UP,118.25,0.8118,1.0891
20261006 195809 868,4197.20,1,4197.00,4197.20,0.20,4197.00,2,4196.90,7,4196.80,8,4196.70,10,4196.60,8,4196.50,11,4196.40,8,4196.30,18,4196.20,20,4196.10,20,4197.20,4,4197.30,6,4197.40,8,4197.50,19,4197.60,18,4197.70,16,4197.80,18,4197.90,14,4198.00,14,4198.10,13,Buy,7,9,16,-2.00,-1.00,-8.00,0.60,66.7,4196.80,4197.20,4196.60,4197.20,42,54,96,-12.00,2.00,-24.00,1.10,9.1,30,102,1.0000,3.0000,61.00,18.00,4194.59,0.3882,UP,118.25,0.8118,1.0891
20261006 195811 124,4197.10,1,4196.90,4197.10,0.20,4196.90,2,4196.80,8,4196.70,11,4196.60,8,4196.50,11,4196.40,8,4196.30,18,4196.20,20,4196.10,20,4196.00,21,4197.10,5,4197.20,6,4197.30,4,4197.40,8,4197.50,9,4197.60,18,4197.70,16,4197.80,18,4197.90,14,4198.00,14,Buy,8,9,17,-1.00,-1.00,-8.00,0.60,50.0,4196.80,4197.20,4196.60,4197.10,42,54,96,-12.00,2.00,-24.00,1.10,9.1,30,102,1.0000,7.0000,62.00,19.00,4194.58,0.3850,UP,118.25,0.8118,1.0891
20261006 195812 480,4197.10,1,4196.90,4197.10,0.20,4196.90,2,4196.80,8,4196.70,11,4196.60,8,4196.50,11,4196.40,8,4196.30,18,4196.20,20,4196.10,20,4196.00,21,4197.10,5,4197.20,6,4197.30,4,4197.40,8,4197.50,9,4197.60,18,4197.70,16,4197.80,18,4197.90,14,4198.00,14,Buy,9,9,18,0.00,0.00,-8.00,0.60,50.0,4196.80,4197.20,4196.60,4197.10,42,54,96,-12.00,2.00,-24.00,1.10,9.1,30,102,1.0000,0.0000,63.00,20.00,4194.58,0.3850,UP,118.25,0.8118,1.0891
20261006 195812 690,4196.90,1,4196.80,4197.00,0.20,4196.80,2,4196.70,9,4196.60,8,4196.50,11,4196.40,8,4196.30,18,4196.20,20,4196.10,20,4196.00,21,4195.90,21,4197.00,5,4197.10,7,4197.20,6,4197.30,4,4197.40,8,4197.50,9,4197.60,18,4197.70,16,4197.80,18,4197.90,14,Sell,9,10,19,-1.00,0.00,-8.00,0.60,16.7,4196.80,4197.20,4196.60,4196.90,42,54,96,-12.00,2.00,-24.00,1.10,9.1,30,102,1.0000,7.0000,62.00,19.00,4194.56,0.3787,UP,118.25,0.8118,1.0891
20261006 195812 690,4196.90,1,4196.80,4197.00,0.20,4196.80,2,4196.70,9,4196.60,8,4196.50,11,4196.40,8,4196.30,18,4196.20,20,4196.10,20,4196.00,21,4195.90,21,4197.00,5,4197.10,7,4197.20,6,4197.30,4,4197.40,8,4197.50,9,4197.60,18,4197.70,16,4197.80,18,4197.90,14,Sell,9,11,20,-2.00,0.00,-8.00,0.60,16.7,4196.80,4197.20,4196.60,4196.90,42,54,96,-12.00,2.00,-24.00,1.10,9.1,30,102,1.0000,3.0000,61.00,18.00,4194.56,0.3787,UP,118.25,0.8118,1.0891
20261006 195812 690,4196.90,1,4196.80,4197.00,0.20,4196.80,2,4196.70,9,4196.60,8,4196.50,11,4196.40,8,4196.30,18,4196.20,20,4196.10,20,4196.00,21,4195.90,21,4197.00,5,4197.10,7,4197.20,6,4197.30,4,4197.40,8,4197.50,9,4197.60,18,4197.70,16,4197.80,18,4197.90,14,Sell,9,12,21,-3.00,0.00,-8.00,0.60,16.7,4196.80,4197.20,4196.60,4196.90,42,54,96,-12.00,2.00,-24.00,1.10,9.1,30,102,1.0000,1.6667,60.00,17.00,4194.56,0.3787,UP,118.25,0.8118,1.0891
20261006 195812 719,4196.80,1,4196.80,4197.00,0.20,4196.80,2,4196.70,9,4196.60,8,4196.50,11,4196.40,8,4196.30,18,4196.20,20,4196.10,20,4196.00,21,4195.90,21,4197.00,5,4197.10,7,4197.20,6,4197.30,4,4197.40,8,4197.50,9,4197.60,18,4197.70,16,4197.80,18,4197.90,14,Sell,9,13,22,-4.00,0.00,-8.00,0.60,0.0,4196.80,4197.20,4196.60,4196.80,42,54,96,-12.00,2.00,-24.00,1.10,9.1,30,102,1.0000,1.0000,59.00,16.00,4194.55,0.3755,UP,118.25,0.8118,1.0891
20261006 195813 079,4197.00,3,4196.90,4197.10,0.20,4196.90,7,4196.80,9,4196.70,10,4196.60,8,4196.50,11,4196.40,8,4196.30,18,4196.20,20,4196.10,20,4196.00,21,4197.10,3,4197.20,6,4197.30,5,4197.40,8,4197.50,9,4197.60,18,4197.70,16,4197.80,18,4197.90,14,4198.00,14,Buy,12,13,25,-1.00,0.00,-8.00,0.60,33.3,4196.80,4197.20,4196.60,4197.00,42,54,96,-12.00,2.00,-24.00,1.10,9.1,30,102,1.0000,7.0000,62.00,19.00,4194.57,0.3819,UP,118.25,0.8118,1.0891
20261006 195813 957,4197.10,1,4196.90,4197.10,0.20,4196.90,8,4196.80,9,4196.70,10,4196.60,8,4196.50,11,4196.40,8,4196.30,18,4196.20,20,4196.10,20,4196.00,21,4197.10,2,4197.20,5,4197.30,5,4197.40,9,4197.50,9,4197.60,18,4197.70,16,4197.80,18,4197.90,14,4198.00,14,Buy,13,13,26,0.00,0.00,-8.00,0.60,50.0,4196.80,4197.20,4196.60,4197.10,42,54,96,-12.00,2.00,-24.00,1.10,9.1,30,102,1.0000,0.0000,63.00,20.00,4194.58,0.3850,UP,118.25,0.8118,1.0891
20261006 195814 440,4197.10,1,4196.90,4197.10,0.20,4196.90,4,4196.80,9,4196.70,10,4196.60,8,4196.50,11,4196.40,8,4196.30,18,4196.20,20,4196.10,20,4196.00,21,4197.10,2,4197.20,7,4197.30,5,4197.40,9,4197.50,9,4197.60,18,4197.70,16,4197.80,18,4197.90,14,4198.00,14,Buy,14,13,27,1.00,1.00,-8.00,0.60,50.0,4196.80,4197.20,4196.60,4197.10,42,54,96,-12.00,2.00,-24.00,1.10,9.1,30,102,1.0000,0.0000,64.00,21.00,4194.58,0.3850,UP,118.25,0.8118,1.0891
20261006 195814 601,4197.10,1,4196.90,4197.10,0.20,4196.90,2,4196.80,9,4196.70,10,4196.60,8,4196.50,11,4196.40,8,4196.30,18,4196.20,20,4196.10,20,4196.00,21,4197.10,4,4197.20,7,4197.30,5,4197.40,9,4197.50,9,4197.60,18,4197.70,16,4197.80,18,4197.90,14,4198.00,14,Buy,15,13,28,2.00,2.00,-8.00,0.60,50.0,4196.80,4197.20,4196.60,4197.10,42,54,96,-12.00,2.00,-24.00,1.10,9.1,30,102,1.0000,0.0000,65.00,22.00,4194.58,0.3850,UP,118.25,0.8118,1.0891
20261006 195815 193,4196.90,1,4196.80,4196.90,0.10,4196.90,2,4196.80,7,4196.70,10,4196.60,8,4196.50,11,4196.40,8,4196.30,18,4196.20,20,4196.10,20,4196.00,21,4197.10,5,4197.20,7,4197.30,5,4197.40,9,4197.50,9,4197.60,18,4197.70,16,4197.80,18,4197.90,14,4198.00,14,Sell,15,14,29,1.00,2.00,-8.00,0.60,16.7,4196.80,4197.20,4196.60,4196.90,42,54,96,-12.00,2.00,-24.00,1.10,9.1,30,102,1.0000,1.0000,64.00,21.00,4194.56,0.3787,UP,118.25,0.8118,1.0891
20261006 195815 193,4196.90,1,4196.80,4196.90,0.10,4196.90,2,4196.80,7,4196.70,10,4196.60,8,4196.50,11,4196.40,8,4196.30,18,4196.20,20,4196.10,20,4196.00,21,4197.10,5,4197.20,7,4197.30,5,4197.40,9,4197.50,9,4197.60,18,4197.70,16,4197.80,18,4197.90,14,4198.00,14,Buy,16,14,30,2.00,2.00,-8.00,0.60,16.7,4196.80,4197.20,4196.60,4196.90,42,54,96,-12.00,2.00,-24.00,1.10,9.1,30,102,1.0000,0.0000,65.00,22.00,4194.56,0.3787,UP,118.25,0.8118,1.0891
20261006 195816 301,4196.90,1,4196.70,4197.00,0.30,4196.70,6,4196.60,6,4196.50,11,4196.40,8,4196.30,8,4196.20,20,4196.10,20,4196.00,21,4195.90,21,4195.80,23,4197.00,5,4197.10,8,4197.20,8,4197.30,6,4197.40,9,4197.50,19,4197.60,18,4197.70,18,4197.80,18,4197.90,14,Buy,17,14,31,3.00,3.00,-8.00,0.60,16.7,4196.80,4197.20,4196.60,4196.90,42,54,96,-12.00,2.00,-24.00,1.10,9.1,30,102,1.0000,0.0000,66.00,23.00,4194.56,0.3787,UP,118.25,0.8118,1.0891
20261006 195816 799,4196.80,1,4196.70,4196.90,0.20,4196.70,3,4196.60,6,4196.50,11,4196.40,8,4196.30,8,4196.20,20,4196.10,20,4196.00,21,4195.90,21,4195.80,23,4196.90,5,4197.00,6,4197.10,8,4197.20,8,4197.30,6,4197.40,9,4197.50,19,4197.60,18,4197.70,18,4197.80,18,Sell,17,15,32,2.00,3.00,-8.00,0.60,0.0,4196.80,4197.20,4196.60,4196.80,42,54,96,-12.00,2.00,-24.00,1.10,9.1,30,102,1.0000,0.5000,65.00,22.00,4194.55,0.3755,UP,118.25,0.8118,1.0891
20261006 195816 799,4196.70,1,4196.70,4196.90,0.20,4196.70,3,4196.60,6,4196.50,11,4196.40,8,4196.30,8,4196.20,20,4196.10,20,4196.00,21,4195.90,21,4195.80,23,4196.90,5,4197.00,6,4197.10,8,4197.20,8,4197.30,6,4197.40,9,4197.50,19,4197.60,18,4197.70,18,4197.80,18,Sell,17,16,33,1.00,3.00,-8.00,0.60,16.7,4196.80,4197.20,4196.60,4196.70,42,54,96,-12.00,2.00,-24.00,1.10,9.1,30,102,1.0000,2.0000,64.00,21.00,4194.54,0.3723,UP,118.25,0.8118,1.0891
20261006 195818 397,4196.80,2,4196.80,4197.00,0.20,4196.70,4,4196.60,9,4196.50,12,4196.40,8,4196.30,8,4196.20,20,4196.10,20,4196.00,21,4195.90,21,4195.80,23,4196.90,2,4197.00,10,4197.10,10,4197.20,7,4197.30,6,4197.40,9,4197.50,19,4197.60,18,4197.70,18,4197.80,18,Sell,17,18,35,-1.00,3.00,-8.00,0.60,0.0,4196.80,4197.20,4196.60,4196.80,42,54,96,-12.00,2.00,-24.00,1.10,9.1,30,102,1.0000,7.0000,62.00,19.00,4194.55,0.3755,UP,118.25,0.8118,1.0891
20261006 195818 397,4196.80,1,4196.80,4197.00,0.20,4196.70,4,4196.60,9,4196.50,12,4196.40,8,4196.30,8,4196.20,20,4196.10,20,4196.00,21,4195.90,21,4195.80,23,4196.90,2,4197.00,10,4197.10,10,4197.20,7,4197.30,6,4197.40,9,4197.50,19,4197.60,18,4197.70,18,4197.80,18,Sell,17,19,36,-2.00,3.00,-8.00,0.60,0.0,4196.80,4197.20,4196.60,4196.80,42,54,96,-12.00,2.00,-24.00,1.10,9.1,30,102,1.0000,3.0000,61.00,18.00,4194.55,0.3755,UP,118.25,0.8118,1.0891
20261006 195822 047,4196.80,1,4196.70,4197.00,0.30,4196.70,7,4196.60,9,4196.50,12,4196.40,8,4196.30,8,4196.20,20,4196.10,20,4196.00,25,4195.90,21,4195.80,23,4197.00,4,4197.10,10,4197.20,7,4197.30,6,4197.40,9,4197.50,19,4197.60,18,4197.70,18,4197.80,18,4197.90,14,Sell,17,20,37,-3.00,3.00,-8.00,0.60,0.0,4196.80,4197.20,4196.60,4196.80,42,54,96,-12.00,2.00,-24.00,1.10,9.1,30,102,1.0000,1.6667,60.00,17.00,4194.55,0.3755,UP,118.25,0.8118,1.0891
20261006 195824 829,4196.80,1,4196.60,4196.90,0.30,4196.60,8,4196.50,11,4196.40,7,4196.30,7,4196.20,20,4196.10,20,4196.00,25,4195.90,21,4195.80,23,4195.70,20,4196.90,5,4197.00,8,4197.10,10,4197.20,7,4197.30,6,4197.40,19,4197.50,19,4197.60,18,4197.70,18,4197.80,18,Sell,17,21,38,-4.00,3.00,-8.00,0.60,0.0,4196.80,4197.20,4196.60,4196.80,42,54,96,-12.00,2.00,-24.00,1.10,9.1,30,102,1.0000,1.0000,59.00,16.00,4194.55,0.3755,UP,118.25,0.8118,1.0891
20261006 195824 830,4196.70,1,4196.60,4196.90,0.30,4196.60,8,4196.50,11,4196.40,7,4196.30,7,4196.20,20,4196.10,20,4196.00,25,4195.90,21,4195.80,23,4195.70,20,4196.90,5,4197.00,8,4197.10,10,4197.20,7,4197.30,6,4197.40,19,4197.50,19,4197.60,18,4197.70,18,4197.80,18,Sell,17,22,39,-5.00,3.00,-8.00,0.60,16.7,4196.80,4197.20,4196.60,4196.70,42,54,96,-12.00,2.00,-24.00,1.10,9.1,30,102,1.0000,0.6000,58.00,15.00,4194.54,0.3723,UP,118.25,0.8118,1.0891
20261006 195824 830,4196.70,1,4196.60,4196.90,0.30,4196.60,8,4196.50,11,4196.40,7,4196.30,7,4196.20,20,4196.10,20,4196.00,25,4195.90,21,4195.80,23,4195.70,20,4196.90,5,4197.00,8,4197.10,10,4197.20,7,4197.30,6,4197.40,19,4197.50,19,4197.60,18,4197.70,18,4197.80,18,Sell,17,23,40,-6.00,3.00,-8.00,0.60,16.7,4196.80,4197.20,4196.60,4196.70,42,54,96,-12.00,2.00,-24.00,1.10,9.1,30,102,1.0000,0.3333,57.00,14.00,4194.54,0.3723,UP,118.25,0.8118,1.0891
20261006 195824 855,4196.80,1,4196.60,4196.90,0.30,4196.60,8,4196.50,11,4196.40,7,4196.30,7,4196.20,20,4196.10,20,4196.00,25,4195.90,21,4195.80,23,4195.70,20,4196.90,5,4197.00,8,4197.10,10,4197.20,7,4197.30,6,4197.40,19,4197.50,19,4197.60,18,4197.70,18,4197.80,18,Buy,18,23,41,-5.00,3.00,-8.00,0.60,0.0,4196.80,4197.20,4196.60,4196.80,42,54,96,-12.00,2.00,-24.00,1.10,9.1,30,102,1.0000,0.6000,58.00,15.00,4194.55,0.3755,UP,118.25,0.8118,1.0891
20261006 195824 855,4196.80,1,4196.60,4196.90,0.30,4196.60,8,4196.50,11,4196.40,7,4196.30,7,4196.20,20,4196.10,20,4196.00,25,4195.90,21,4195.80,23,4195.70,20,4196.90,5,4197.00,8,4197.10,10,4197.20,7,4197.30,6,4197.40,19,4197.50,19,4197.60,18,4197.70,18,4197.80,18,Buy,19,23,42,-4.00,3.00,-8.00,0.60,0.0,4196.80,4197.20,4196.60,4196.80,42,54,96,-12.00,2.00,-24.00,1.10,9.1,30,102,1.0000,1.0000,59.00,16.00,4194.55,0.3755,UP,118.25,0.8118,1.0891
20261006 195824 861,4196.80,1,4196.60,4196.90,0.30,4196.60,8,4196.50,11,4196.40,7,4196.30,7,4196.20,20,4196.10,20,4196.00,25,4195.90,21,4195.80,23,4195.70,20,4196.90,5,4197.00,8,4197.10,10,4197.20,7,4197.30,6,4197.40,19,4197.50,19,4197.60,18,4197.70,18,4197.80,18,Buy,20,23,43,-3.00,3.00,-8.00,0.60,0.0,4196.80,4197.20,4196.60,4196.80,42,54,96,-12.00,2.00,-24.00,1.10,9.1,30,102,1.0000,1.6667,60.00,17.00,4194.55,0.3755,UP,118.25,0.8118,1.0891
20261006 195827 043,4196.70,2,4196.50,4196.80,0.30,4196.50,7,4196.40,7,4196.30,8,4196.20,10,4196.10,20,4196.00,25,4195.90,21,4195.80,23,4195.70,20,4195.60,19,4196.80,9,4196.90,6,4197.00,8,4197.10,10,4197.20,7,4197.30,6,4197.40,19,4197.50,19,4197.60,18,4197.70,18,Buy,22,23,45,-1.00,3.00,-8.00,0.60,16.7,4196.80,4197.20,4196.60,4196.70,42,54,96,-12.00,2.00,-24.00,1.10,9.1,30,102,1.0000,7.0000,62.00,19.00,4194.54,0.3723,UP,118.25,0.8118,1.0891
20261006 195830 627,4196.80,1,4196.60,4196.80,0.20,4196.60,1,4196.50,9,4196.40,8,4196.30,7,4196.20,10,4196.10,10,4196.00,25,4195.90,21,4195.80,23,4195.70,20,4196.80,5,4196.90,6,4197.00,9,4197.10,10,4197.20,7,4197.30,16,4197.40,19,4197.50,19,4197.60,18,4197.70,18,Buy,23,23,46,0.00,3.00,-8.00,0.60,0.0,4196.80,4197.20,4196.60,4196.80,42,54,96,-12.00,2.00,-24.00,1.10,9.1,30,102,1.0000,3.0000,63.00,20.00,4194.55,0.3755,UP,118.25,0.8118,1.0891
20261006 195830 627,4196.80,1,4196.60,4196.80,0.20,4196.60,1,4196.50,9,4196.40,8,4196.30,7,4196.20,10,4196.10,10,4196.00,25,4195.90,21,4195.80,23,4195.70,20,4196.80,5,4196.90,6,4197.00,9,4197.10,10,4197.20,7,4197.30,16,4197.40,19,4197.50,19,4197.60,18,4197.70,18,Buy,24,23,47,1.00,3.00,-8.00,0.60,0.0,4196.80,4197.20,4196.60,4196.80,42,54,96,-12.00,2.00,-24.00,1.10,9.1,30,102,1.0000,2.0000,64.00,21.00,4194.55,0.3755,UP,118.25,0.8118,1.0891
20261006 195831 941,4196.70,1,4196.50,4196.80,0.30,4196.50,7,4196.40,8,4196.30,7,4196.20,10,4196.10,20,4196.00,25,4195.90,21,4195.80,23,4195.70,20,4195.60,19,4196.80,6,4196.90,8,4197.00,10,4197.10,10,4197.20,7,4197.30,16,4197.40,19,4197.50,19,4197.60,18,4197.70,18,Buy,25,23,48,2.00,3.00,-8.00,0.60,16.7,4196.80,4197.20,4196.60,4196.70,42,54,96,-12.00,2.00,-24.00,1.10,9.1,30,102,1.0000,0.5000,65.00,22.00,4194.54,0.3723,UP,118.25,0.8118,1.0891
20261006 195834 002,4196.70,1,4196.60,4196.80,0.20,4196.60,2,4196.50,10,4196.40,6,4196.30,7,4196.20,10,4196.10,20,4196.00,25,4195.90,21,4195.80,23,4195.70,20,4196.80,5,4196.90,7,4197.00,10,4197.10,10,4197.20,7,4197.30,16,4197.40,19,4197.50,19,4197.60,18,4197.70,18,Buy,26,23,49,3.00,3.00,-8.00,0.60,16.7,4196.80,4197.20,4196.60,4196.70,42,54,96,-12.00,2.00,-24.00,1.10,9.1,30,102,1.0000,0.0000,66.00,23.00,4194.54,0.3723,UP,118.25,0.8118,1.0891
20261006 195834 002,4196.70,1,4196.60,4196.80,0.20,4196.60,2,4196.50,10,4196.40,6,4196.30,7,4196.20,10,4196.10,20,4196.00,25,4195.90,21,4195.80,23,4195.70,20,4196.80,5,4196.90,7,4197.00,10,4197.10,10,4197.20,7,4197.30,16,4197.40,19,4197.50,19,4197.60,18,4197.70,18,Buy,27,23,50,4.00,4.00,-8.00,0.60,16.7,4196.80,4197.20,4196.60,4196.70,42,54,96,-12.00,2.00,-24.00,1.10,9.1,30,102,1.0000,0.0000,67.00,24.00,4194.54,0.3723,UP,118.25,0.8118,1.0891
20261006 195834 023,4196.70,1,4196.60,4196.80,0.20,4196.60,2,4196.50,10,4196.40,6,4196.30,7,4196.20,10,4196.10,20,4196.00,25,4195.90,21,4195.80,23,4195.70,20,4196.80,5,4196.90,7,4197.00,10,4197.10,10,4197.20,7,4197.30,16,4197.40,19,4197.50,19,4197.60,18,4197.70,18,Sell,27,24,51,3.00,4.00,-8.00,0.60,16.7,4196.80,4197.20,4196.60,4196.70,42,54,96,-12.00,2.00,-24.00,1.10,9.1,30,102,1.0000,0.3333,66.00,23.00,4194.54,0.3723,UP,118.25,0.8118,1.0891
20261006 195835 878,4196.60,1,4196.50,4196.70,0.20,4196.50,4,4196.40,6,4196.30,7,4196.20,10,4196.10,10,4196.00,25,4195.90,21,4195.80,23,4195.70,20,4195.60,19,4196.70,2,4196.80,7,4196.90,7,4197.00,10,4197.10,10,4197.20,7,4197.30,16,4197.40,19,4197.50,19,4197.60,19,Sell,27,25,52,2.00,4.00,-8.00,0.60,33.3,4196.80,4197.20,4196.60,4196.60,42,54,96,-12.00,2.00,-24.00,1.10,9.1,30,102,1.0000,1.0000,65.00,22.00,4194.53,0.3692,UP,118.25,0.8118,1.0891
20261006 195835 896,4196.60,1,4196.50,4196.70,0.20,4196.50,4,4196.40,6,4196.30,7,4196.20,10,4196.10,10,4196.00,25,4195.90,21,4195.80,23,4195.70,20,4195.60,19,4196.70,2,4196.80,7,4196.90,7,4197.00,10,4197.10,10,4197.20,7,4197.30,16,4197.40,19,4197.50,19,4197.60,19,Buy,28,25,53,3.00,4.00,-8.00,0.60,33.3,4196.80,4197.20,4196.60,4196.60,42,54,96,-12.00,2.00,-24.00,1.10,9.1,30,102,1.0000,0.3333,66.00,23.00,4194.53,0.3692,UP,118.25,0.8118,1.0891
20261006 195836 876,4196.60,1,4196.50,4196.70,0.20,4196.50,4,4196.40,7,4196.30,7,4196.20,10,4196.10,10,4196.00,25,4195.90,21,4195.80,23,4195.70,20,4195.60,19,4196.70,1,4196.80,7,4196.90,7,4197.00,10,4197.10,10,4197.20,7,4197.30,16,4197.40,19,4197.50,19,4197.60,19,Sell,28,26,54,2.00,4.00,-8.00,0.60,33.3,4196.80,4197.20,4196.60,4196.60,42,54,96,-12.00,2.00,-24.00,1.10,9.1,30,102,1.0000,1.0000,65.00,22.00,4194.53,0.3692,UP,118.25,0.8118,1.0891
20261006 195838 062,4196.80,1,4196.60,4196.80,0.20,4196.60,1,4196.50,8,4196.40,7,4196.30,7,4196.20,10,4196.10,10,4196.00,25,4195.90,21,4195.80,23,4195.70,20,4196.80,6,4196.90,7,4197.00,11,4197.10,10,4197.20,7,4197.30,16,4197.40,19,4197.50,19,4197.60,19,4197.70,18,Buy,29,26,55,3.00,4.00,-8.00,0.60,0.0,4196.80,4197.20,4196.60,4196.80,42,54,96,-12.00,2.00,-24.00,1.10,9.1,30,102,1.0000,0.3333,66.00,23.00,4194.55,0.3755,UP,118.25,0.8118,1.0891
20261006 195839 359,4196.70,1,4196.70,4196.90,0.20,4196.70,4,4196.60,8,4196.50,11,4196.40,7,4196.30,7,4196.20,10,4196.10,20,4196.00,25,4195.90,21,4195.80,23,4196.90,2,4197.00,11,4197.10,10,4197.20,7,4197.30,6,4197.40,19,4197.50,19,4197.60,19,4197.70,18,4197.80,19,Buy,30,26,56,4.00,4.00,-8.00,0.60,16.7,4196.80,4197.20,4196.60,4196.70,42,54,96,-12.00,2.00,-24.00,1.10,9.1,30,102,1.0000,0.0000,67.00,24.00,4194.54,0.3723,UP,118.25,0.8118,1.0891
20261006 195840 604,4197.00,1,4196.90,4197.00,0.10,4196.90,4,4196.80,6,4196.70,7,4196.60,9,4196.50,11,4196.40,8,4196.30,7,4196.20,20,4196.10,20,4196.00,25,4197.10,4,4197.20,6,4197.30,7,4197.40,9,4197.50,9,4197.60,19,4197.70,18,4197.80,19,4197.90,14,4198.00,14,Buy,31,26,57,5.00,5.00,-8.00,0.60,33.3,4196.80,4197.20,4196.60,4197.00,42,54,96,-12.00,2.00,-24.00,1.10,9.1,30,102,1.0000,0.0000,68.00,25.00,4194.57,0.3819,UP,118.25,0.8118,1.0891
20261006 195841 068,4197.10,1,4197.00,4197.20,0.20,4197.00,6,4196.90,7,4196.80,6,4196.70,8,4196.60,9,4196.50,11,4196.40,8,4196.30,17,4196.20,20,4196.10,20,4197.20,3,4197.30,4,4197.40,9,4197.50,9,4197.60,9,4197.70,18,4197.80,21,4197.90,14,4198.00,14,4198.10,13,Buy,32,26,58,6.00,6.00,-8.00,0.60,50.0,4196.80,4197.20,4196.60,4197.10,42,54,96,-12.00,2.00,-24.00,1.10,9.1,30,102,1.0000,0.0000,69.00,26.00,4194.58,0.3850,UP,118.25,0.8118,1.0891
20261006 195842 239,4197.20,1,4197.10,4197.30,0.20,4197.10,4,4197.00,7,4196.90,7,4196.80,7,4196.70,8,4196.60,9,4196.50,11,4196.40,18,4196.30,17,4196.20,20,4197.30,2,4197.40,7,4197.50,9,4197.60,9,4197.70,8,4197.80,21,4197.90,16,4198.00,14,4198.10,13,4198.20,13,Sell,32,27,59,5.00,6.00,-8.00,0.60,66.7,4196.80,4197.20,4196.60,4197.20,42,54,96,-12.00,2.00,-24.00,1.10,9.1,30,102,1.0000,0.2000,68.00,25.00,4194.59,0.3882,UP,118.25,0.8118,1.0891
20261006 195842 355,4197.20,1,4197.20,4197.30,0.10,4197.10,4,4197.00,7,4196.90,7,4196.80,7,4196.70,8,4196.60,9,4196.50,11,4196.40,18,4196.30,17,4196.20,20,4197.30,4,4197.40,7,4197.50,9,4197.60,9,4197.70,8,4197.80,21,4197.90,16,4198.00,14,4198.10,13,4198.20,13,Sell,32,28,60,4.00,6.00,-8.00,0.60,66.7,4196.80,4197.20,4196.60,4197.20,42,54,96,-12.00,2.00,-24.00,1.10,9.1,30,102,1.0000,0.5000,67.00,24.00,4194.59,0.3882,UP,118.25,0.8118,1.0891
20261006 195842 779,4197.10,1,4197.10,4197.30,0.20,4197.00,7,4196.90,8,4196.80,7,4196.70,8,4196.60,9,4196.50,21,4196.40,18,4196.30,17,4196.20,20,4196.10,20,4197.20,2,4197.30,5,4197.40,7,4197.50,9,4197.60,9,4197.70,8,4197.80,21,4197.90,16,4198.00,14,4198.10,13,Sell,32,29,61,3.00,6.00,-8.00,0.60,50.0,4196.80,4197.20,4196.60,4197.10,42,54,96,-12.00,2.00,-24.00,1.10,9.1,30,102,1.0000,1.0000,66.00,23.00,4194.58,0.3850,UP,118.25,0.8118,1.0891
20261006 195843 065,4197.30,1,4197.20,4197.40,0.20,4197.20,7,4197.10,7,4197.00,7,4196.90,8,4196.80,7,4196.70,8,4196.60,19,4196.50,21,4196.40,18,4196.30,17,4197.40,1,4197.50,6,4197.60,9,4197.70,8,4197.80,11,4197.90,16,4198.00,14,4198.10,13,4198.20,13,4198.30,16,Buy,33,29,62,4.00,6.00,-8.00,0.70,71.4,4196.80,4197.30,4196.60,4197.30,42,54,96,-12.00,2.00,-24.00,1.10,9.1,30,102,1.0000,0.5000,67.00,24.00,4194.60,0.3914,UP,118.25,0.8118,1.0962
20261006 195843 065,4197.30,1,4197.20,4197.40,0.20,4197.20,7,4197.10,7,4197.00,7,4196.90,8,4196.80,7,4196.70,8,4196.60,19,4196.50,21,4196.40,18,4196.30,17,4197.40,1,4197.50,6,4197.60,9,4197.70,8,4197.80,11,4197.90,16,4198.00,14,4198.10,13,4198.20,13,4198.30,16,Buy,34,29,63,5.00,6.00,-8.00,0.70,71.4,4196.80,4197.30,4196.60,4197.30,42,54,96,-12.00,2.00,-24.00,1.10,9.1,30,102,1.0000,0.2000,68.00,25.00,4194.60,0.3914,UP,118.25,0.8118,1.0962
20261006 195843 065,4197.30,1,4197.20,4197.40,0.20,4197.20,7,4197.10,7,4197.00,7,4196.90,8,4196.80,7,4196.70,8,4196.60,19,4196.50,21,4196.40,18,4196.30,17,4197.40,1,4197.50,6,4197.60,9,4197.70,8,4197.80,11,4197.90,16,4198.00,14,4198.10,13,4198.20,13,4198.30,16,Buy,35,29,64,6.00,6.00,-8.00,0.70,71.4,4196.80,4197.30,4196.60,4197.30,42,54,96,-12.00,2.00,-24.00,1.10,9.1,30,102,1.0000,0.0000,69.00,26.00,4194.60,0.3914,UP,118.25,0.8118,1.0962
20261006 195843 110,4197.30,2,4197.20,4197.40,0.20,4197.20,7,4197.10,7,4197.00,7,4196.90,8,4196.80,7,4196.70,8,4196.60,19,4196.50,21,4196.40,18,4196.30,17,4197.40,1,4197.50,6,4197.60,9,4197.70,8,4197.80,11,4197.90,16,4198.00,14,4198.10,13,4198.20,13,4198.30,16,Sell,35,31,66,4.00,6.00,-8.00,0.70,71.4,4196.80,4197.30,4196.60,4197.30,42,54,96,-12.00,2.00,-24.00,1.10,9.1,30,102,1.0000,0.5000,67.00,24.00,4194.60,0.3914,UP,118.25,0.8118,1.0962
20261006 195843 360,4197.50,1,4197.30,4197.50,0.20,4197.30,4,4197.20,10,4197.10,9,4197.00,10,4196.90,10,4196.80,7,4196.70,8,4196.60,19,4196.50,21,4196.40,18,4197.50,3,4197.60,9,4197.70,8,4197.80,11,4197.90,7,4198.00,14,4198.10,15,4198.20,13,4198.30,16,4198.40,17,Buy,36,31,67,5.00,6.00,-8.00,0.90,77.8,4196.80,4197.50,4196.60,4197.50,42,54,96,-12.00,2.00,-24.00,1.10,9.1,30,102,1.0000,0.2000,68.00,25.00,4194.62,0.3977,UP,118.25,0.8118,1.1105
20261006 195843 360,4197.50,1,4197.30,4197.50,0.20,4197.30,4,4197.20,10,4197.10,9,4197.00,10,4196.90,10,4196.80,7,4196.70,8,4196.60,19,4196.50,21,4196.40,18,4197.50,3,4197.60,9,4197.70,8,4197.80,11,4197.90,7,4198.00,14,4198.10,15,4198.20,13,4198.30,16,4198.40,17,Buy,37,31,68,6.00,6.00,-8.00,0.90,77.8,4196.80,4197.50,4196.60,4197.50,42,54,96,-12.00,2.00,-24.00,1.10,9.1,30,102,1.0000,0.0000,69.00,26.00,4194.62,0.3977,UP,118.25,0.8118,1.1105
20261006 195844 893,4197.40,1,4197.20,4197.40,0.20,4197.20,3,4197.10,5,4197.00,10,4196.90,10,4196.80,9,4196.70,10,4196.60,19,4196.50,21,4196.40,18,4196.30,17,4197.40,6,4197.50,7,4197.60,9,4197.70,8,4197.80,11,4197.90,7,4198.00,14,4198.10,15,4198.20,13,4198.30,16,Buy,38,31,69,7.00,7.00,-8.00,0.90,66.7,4196.80,4197.50,4196.60,4197.40,42,54,96,-12.00,2.00,-24.00,1.10,9.1,30,102,1.0000,0.0000,70.00,27.00,4194.61,0.3946,UP,118.25,0.8118,1.1105
20261006 195847 118,4197.40,1,4197.20,4197.40,0.20,4197.20,6,4197.10,7,4197.00,10,4196.90,10,4196.80,9,4196.70,10,4196.60,19,4196.50,21,4196.40,18,4196.30,17,4197.40,2,4197.50,7,4197.60,9,4197.70,8,4197.80,11,4197.90,7,4198.00,13,4198.10,15,4198.20,13,4198.30,16,Buy,39,31,70,8.00,8.00,-8.00,0.90,66.7,4196.80,4197.50,4196.60,4197.40,42,54,96,-12.00,2.00,-24.00,1.10,9.1,30,102,1.0000,0.0000,71.00,28.00,4194.61,0.3946,UP,118.25,0.8118,1.1105
20261006 195847 118,4197.40,1,4197.20,4197.40,0.20,4197.20,6,4197.10,7,4197.00,10,4196.90,10,4196.80,9,4196.70,10,4196.60,19,4196.50,21,4196.40,18,4196.30,17,4197.40,2,4197.50,7,4197.60,9,4197.70,8,4197.80,11,4197.90,7,4198.00,13,4198.10,15,4198.20,13,4198.30,16,Buy,40,31,71,9.00,9.00,-8.00,0.90,66.7,4196.80,4197.50,4196.60,4197.40,42,54,96,-12.00,2.00,-24.00,1.10,9.1,30,102,1.0000,0.0000,72.00,29.00,4194.61,0.3946,UP,118.25,0.8118,1.1105
20261006 195847 119,4197.50,1,4197.20,4197.40,0.20,4197.20,6,4197.10,7,4197.00,10,4196.90,10,4196.80,9,4196.70,10,4196.60,19,4196.50,21,4196.40,18,4196.30,17,4197.40,2,4197.50,7,4197.60,9,4197.70,8,4197.80,11,4197.90,7,4198.00,13,4198.10,15,4198.20,13,4198.30,16,Buy,41,31,72,10.00,10.00,-8.00,0.90,77.8,4196.80,4197.50,4196.60,4197.50,42,54,96,-12.00,2.00,-24.00,1.10,9.1,30,102,1.0000,0.0000,73.00,30.00,4194.62,0.3977,UP,118.25,0.8118,1.1105
20261006 195847 119,4197.50,1,4197.20,4197.40,0.20,4197.20,6,4197.10,7,4197.00,10,4196.90,10,4196.80,9,4196.70,10,4196.60,19,4196.50,21,4196.40,18,4196.30,17,4197.40,2,4197.50,7,4197.60,9,4197.70,8,4197.80,11,4197.90,7,4198.00,13,4198.10,15,4198.20,13,4198.30,16,Buy,42,31,73,11.00,11.00,-8.00,0.90,77.8,4196.80,4197.50,4196.60,4197.50,42,54,96,-12.00,2.00,-24.00,1.10,9.1,30,102,1.0000,0.0000,74.00,31.00,4194.62,0.3977,UP,118.25,0.8118,1.1105
20261006 195847 119,4197.50,1,4197.20,4197.40,0.20,4197.20,6,4197.10,7,4197.00,10,4196.90,10,4196.80,9,4196.70,10,4196.60,19,4196.50,21,4196.40,18,4196.30,17,4197.40,2,4197.50,7,4197.60,9,4197.70,8,4197.80,11,4197.90,7,4198.00,13,4198.10,15,4198.20,13,4198.30,16,Buy,43,31,74,12.00,12.00,-8.00,0.90,77.8,4196.80,4197.50,4196.60,4197.50,42,54,96,-12.00,2.00,-24.00,1.10,9.1,30,102,1.0000,0.0000,75.00,32.00,4194.62,0.3977,UP,118.25,0.8118,1.1105
20261006 195847 119,4197.50,1,4197.20,4197.40,0.20,4197.20,6,4197.10,7,4197.00,10,4196.90,10,4196.80,9,4196.70,10,4196.60,19,4196.50,21,4196.40,18,4196.30,17,4197.40,2,4197.50,7,4197.60,9,4197.70,8,4197.80,11,4197.90,7,4198.00,13,4198.10,15,4198.20,13,4198.30,16,Buy,44,31,75,13.00,13.00,-8.00,0.90,77.8,4196.80,4197.50,4196.60,4197.50,42,54,96,-12.00,2.00,-24.00,1.10,9.1,30,102,1.0000,0.0000,76.00,33.00,4194.62,0.3977,UP,118.25,0.8118,1.1105
20261006 195847 119,4197.50,1,4197.20,4197.40,0.20,4197.20,6,4197.10,7,4197.00,10,4196.90,10,4196.80,9,4196.70,10,4196.60,19,4196.50,21,4196.40,18,4196.30,17,4197.40,2,4197.50,7,4197.60,9,4197.70,8,4197.80,11,4197.90,7,4198.00,13,4198.10,15,4198.20,13,4198.30,16,Buy,45,31,76,14.00,14.00,-8.00,0.90,77.8,4196.80,4197.50,4196.60,4197.50,42,54,96,-12.00,2.00,-24.00,1.10,9.1,30,102,1.0000,0.0000,77.00,34.00,4194.62,0.3977,UP,118.25,0.8118,1.1105
20261006 195849 736,4197.30,1,4197.00,4197.30,0.30,4197.00,6,4196.90,7,4196.80,8,4196.70,9,4196.60,9,4196.50,21,4196.40,18,4196.30,17,4196.20,20,4196.10,21,4197.30,1,4197.40,7,4197.50,10,4197.60,9,4197.70,18,4197.80,21,4197.90,17,4198.00,15,4198.10,15,4198.20,13,Buy,46,31,77,15.00,15.00,-8.00,0.90,55.6,4196.80,4197.50,4196.60,4197.30,42,54,96,-12.00,2.00,-24.00,1.10,9.1,30,102,1.0000,0.0000,78.00,35.00,4194.60,0.3914,UP,118.25,0.8118,1.1105
20261006 195849 736,4197.30,1,4197.00,4197.30,0.30,4197.00,6,4196.90,7,4196.80,8,4196.70,9,4196.60,9,4196.50,21,4196.40,18,4196.30,17,4196.20,20,4196.10,21,4197.30,1,4197.40,7,4197.50,10,4197.60,9,4197.70,18,4197.80,21,4197.90,17,4198.00,15,4198.10,15,4198.20,13,Buy,47,31,78,16.00,16.00,-8.00,0.90,55.6,4196.80,4197.50,4196.60,4197.30,42,54,96,-12.00,2.00,-24.00,1.10,9.1,30,102,1.0000,0.0000,79.00,36.00,4194.60,0.3914,UP,118.25,0.8118,1.1105
20261006 195849 736,4197.30,1,4197.00,4197.30,0.30,4197.00,6,4196.90,7,4196.80,8,4196.70,9,4196.60,9,4196.50,21,4196.40,18,4196.30,17,4196.20,20,4196.10,21,4197.30,1,4197.40,7,4197.50,10,4197.60,9,4197.70,18,4197.80,21,4197.90,17,4198.00,15,4198.10,15,4198.20,13,Buy,48,31,79,17.00,17.00,-8.00,0.90,55.6,4196.80,4197.50,4196.60,4197.30,42,54,96,-12.00,2.00,-24.00,1.10,9.1,30,102,1.0000,0.0000,80.00,37.00,4194.60,0.3914,UP,118.25,0.8118,1.1105
20261006 195849 736,4197.30,1,4197.00,4197.30,0.30,4197.00,6,4196.90,7,4196.80,8,4196.70,9,4196.60,9,4196.50,21,4196.40,18,4196.30,17,4196.20,20,4196.10,21,4197.30,1,4197.40,7,4197.50,10,4197.60,9,4197.70,18,4197.80,21,4197.90,17,4198.00,15,4198.10,15,4198.20,13,Buy,49,31,80,18.00,18.00,-8.00,0.90,55.6,4196.80,4197.50,4196.60,4197.30,42,54,96,-12.00,2.00,-24.00,1.10,9.1,30,102,1.0000,0.0000,81.00,38.00,4194.60,0.3914,UP,118.25,0.8118,1.1105
20261006 195849 736,4197.30,1,4197.00,4197.30,0.30,4197.00,6,4196.90,7,4196.80,8,4196.70,9,4196.60,9,4196.50,21,4196.40,18,4196.30,17,4196.20,20,4196.10,21,4197.30,1,4197.40,7,4197.50,10,4197.60,9,4197.70,18,4197.80,21,4197.90,17,4198.00,15,4198.10,15,4198.20,13,Buy,50,31,81,19.00,19.00,-8.00,0.90,55.6,4196.80,4197.50,4196.60,4197.30,42,54,96,-12.00,2.00,-24.00,1.10,9.1,30,102,1.0000,0.0000,82.00,39.00,4194.60,0.3914,UP,118.25,0.8118,1.1105
20261006 195849 736,4197.30,1,4197.00,4197.30,0.30,4197.00,6,4196.90,7,4196.80,8,4196.70,9,4196.60,9,4196.50,21,4196.40,18,4196.30,17,4196.20,20,4196.10,21,4197.30,1,4197.40,7,4197.50,10,4197.60,9,4197.70,18,4197.80,21,4197.90,17,4198.00,15,4198.10,15,4198.20,13,Buy,51,31,82,20.00,20.00,-8.00,0.90,55.6,4196.80,4197.50,4196.60,4197.30,42,54,96,-12.00,2.00,-24.00,1.10,9.1,30,102,1.0000,0.0000,83.00,40.00,4194.60,0.3914,UP,118.25,0.8118,1.1105
20261006 195849 736,4197.30,1,4197.00,4197.30,0.30,4197.00,6,4196.90,7,4196.80,8,4196.70,9,4196.60,9,4196.50,21,4196.40,18,4196.30,17,4196.20,20,4196.10,21,4197.30,1,4197.40,7,4197.50,10,4197.60,9,4197.70,18,4197.80,21,4197.90,17,4198.00,15,4198.10,15,4198.20,13,Buy,52,31,83,21.00,21.00,-8.00,0.90,55.6,4196.80,4197.50,4196.60,4197.30,42,54,96,-12.00,2.00,-24.00,1.10,9.1,30,102,1.0000,0.0000,84.00,41.00,4194.60,0.3914,UP,118.25,0.8118,1.1105
20261006 195849 736,4197.40,1,4197.00,4197.30,0.30,4197.00,6,4196.90,7,4196.80,8,4196.70,9,4196.60,9,4196.50,21,4196.40,18,4196.30,17,4196.20,20,4196.10,21,4197.30,1,4197.40,7,4197.50,10,4197.60,9,4197.70,18,4197.80,21,4197.90,17,4198.00,15,4198.10,15,4198.20,13,Buy,53,31,84,22.00,22.00,-8.00,0.90,66.7,4196.80,4197.50,4196.60,4197.40,42,54,96,-12.00,2.00,-24.00,1.10,9.1,30,102,1.0000,0.0000,85.00,42.00,4194.61,0.3946,UP,118.25,0.8118,1.1105
20261006 195849 736,4197.40,1,4197.00,4197.30,0.30,4197.00,6,4196.90,7,4196.80,8,4196.70,9,4196.60,9,4196.50,21,4196.40,18,4196.30,17,4196.20,20,4196.10,21,4197.30,1,4197.40,7,4197.50,10,4197.60,9,4197.70,18,4197.80,21,4197.90,17,4198.00,15,4198.10,15,4198.20,13,Buy,54,31,85,23.00,23.00,-8.00,0.90,66.7,4196.80,4197.50,4196.60,4197.40,42,54,96,-12.00,2.00,-24.00,1.10,9.1,30,102,1.0000,0.0000,86.00,43.00,4194.61,0.3946,UP,118.25,0.8118,1.1105
20261006 195849 736,4197.40,1,4197.00,4197.30,0.30,4197.00,6,4196.90,7,4196.80,8,4196.70,9,4196.60,9,4196.50,21,4196.40,18,4196.30,17,4196.20,20,4196.10,21,4197.30,1,4197.40,7,4197.50,10,4197.60,9,4197.70,18,4197.80,21,4197.90,17,4198.00,15,4198.10,15,4198.20,13,Buy,55,31,86,24.00,24.00,-8.00,0.90,66.7,4196.80,4197.50,4196.60,4197.40,42,54,96,-12.00,2.00,-24.00,1.10,9.1,30,102,1.0000,0.0000,87.00,44.00,4194.61,0.3946,UP,118.25,0.8118,1.1105
20261006 195854 800,4197.10,5,4197.00,4197.20,0.20,4197.00,11,4196.90,7,4196.80,9,4196.70,10,4196.60,9,4196.50,21,4196.40,18,4196.30,17,4196.20,20,4196.10,21,4197.20,5,4197.30,7,4197.40,9,4197.50,10,4197.60,9,4197.70,8,4197.80,21,4197.90,17,4198.00,16,4198.10,15,Sell,55,36,91,19.00,24.00,-8.00,0.90,33.3,4196.80,4197.50,4196.60,4197.10,42,54,96,-12.00,2.00,-24.00,1.10,9.1,30,102,1.0000,0.2632,82.00,39.00,4194.58,0.3850,UP,118.25,0.8118,1.1105
20261006 195855 533,4197.00,1,4197.00,4197.20,0.20,4197.00,10,4196.90,7,4196.80,10,4196.70,10,4196.60,9,4196.50,21,4196.40,18,4196.30,17,4196.20,20,4196.10,21,4197.20,3,4197.30,5,4197.40,10,4197.50,10,4197.60,9,4197.70,8,4197.80,21,4197.90,17,4198.00,16,4198.10,15,Sell,55,37,92,18.00,24.00,-8.00,0.90,22.2,4196.80,4197.50,4196.60,4197.00,42,54,96,-12.00,2.00,-24.00,1.10,9.1,30,102,1.0000,0.3333,81.00,38.00,4194.57,0.3819,UP,118.25,0.8118,1.1105
20261006 195855 533,4197.00,1,4197.00,4197.20,0.20,4197.00,10,4196.90,7,4196.80,10,4196.70,10,4196.60,9,4196.50,21,4196.40,18,4196.30,17,4196.20,20,4196.10,21,4197.20,3,4197.30,5,4197.40,10,4197.50,10,4197.60,9,4197.70,8,4197.80,21,4197.90,17,4198.00,16,4198.10,15,Sell,55,38,93,17.00,24.00,-8.00,0.90,22.2,4196.80,4197.50,4196.60,4197.00,42,54,96,-12.00,2.00,-24.00,1.10,9.1,30,102,1.0000,0.4118,80.00,37.00,4194.57,0.3819,UP,118.25,0.8118,1.1105
20261006 195856 451,4197.20,1,4197.10,4197.30,0.20,4197.10,4,4197.00,12,4196.90,7,4196.80,10,4196.70,10,4196.60,9,4196.50,21,4196.40,18,4196.30,17,4196.20,20,4197.30,4,4197.40,10,4197.50,10,4197.60,9,4197.70,8,4197.80,21,4197.90,17,4198.00,16,4198.10,15,4198.20,13,Buy,56,38,94,18.00,24.00,-8.00,0.90,44.4,4196.80,4197.50,4196.60,4197.20,42,54,96,-12.00,2.00,-24.00,1.10,9.1,30,102,1.0000,0.3333,81.00,38.00,4194.59,0.3882,UP,118.25,0.8118,1.1105
20261006 195856 865,4197.20,1,4197.00,4197.20,0.20,4197.00,12,4196.90,7,4196.80,10,4196.70,10,4196.60,9,4196.50,21,4196.40,18,4196.30,17,4196.20,20,4196.10,21,4197.20,3,4197.30,4,4197.40,10,4197.50,10,4197.60,9,4197.70,8,4197.80,21,4197.90,17,4198.00,16,4198.10,15,Buy,57,38,95,19.00,24.00,-8.00,0.90,44.4,4196.80,4197.50,4196.60,4197.20,42,54,96,-12.00,2.00,-24.00,1.10,9.1,30,102,1.0000,0.2632,82.00,39.00,4194.59,0.3882,UP,118.25,0.8118,1.1105
20261006 195856 927,4197.10,1,4197.10,4197.20,0.10,4197.00,12,4196.90,7,4196.80,10,4196.70,10,4196.60,9,4196.50,21,4196.40,18,4196.30,17,4196.20,20,4196.10,21,4197.20,3,4197.30,4,4197.40,10,4197.50,10,4197.60,9,4197.70,8,4197.80,21,4197.90,17,4198.00,16,4198.10,15,Sell,57,39,96,18.00,24.00,-8.00,0.90,33.3,4196.80,4197.50,4196.60,4197.10,42,54,96,-12.00,2.00,-24.00,1.10,9.1,30,102,1.0000,0.3333,81.00,38.00,4194.58,0.3850,UP,118.25,0.8118,1.1105
20261006 195857 451,4197.00,6,4196.80,4197.10,0.30,4196.80,3,4196.70,7,4196.60,9,4196.50,21,4196.40,18,4196.30,17,4196.20,20,4196.10,21,4196.00,25,4195.90,21,4197.10,7,4197.20,8,4197.30,5,4197.40,10,4197.50,11,4197.60,9,4197.70,18,4197.80,21,4197.90,17,4198.00,16,Sell,57,45,102,12.00,24.00,-8.00,0.90,22.2,4196.80,4197.50,4196.60,4197.00,42,54,96,-12.00,2.00,-24.00,1.10,9.1,30,102,1.0000,1.0000,75.00,32.00,4194.57,0.3819,UP,118.25,0.8118,1.1105
20261006 195857 455,4197.00,3,4196.80,4197.10,0.30,4196.80,3,4196.70,7,4196.60,9,4196.50,21,4196.40,18,4196.30,17,4196.20,20,4196.10,21,4196.00,25,4195.90,21,4197.10,7,4197.20,8,4197.30,5,4197.40,10,4197.50,11,4197.60,9,4197.70,18,4197.80,21,4197.90,17,4198.00,16,Sell,57,48,105,9.00,24.00,-8.00,0.90,22.2,4196.80,4197.50,4196.60,4197.00,42,54,96,-12.00,2.00,-24.00,1.10,9.1,30,102,1.0000,1.6667,72.00,29.00,4194.57,0.3819,UP,118.25,0.8118,1.1105
20261006 195859 413,4196.70,1,4196.70,4197.00,0.30,4196.80,1,4196.70,6,4196.60,10,4196.50,11,4196.40,8,4196.30,7,4196.20,20,4196.10,21,4196.00,25,4195.90,21,4197.00,5,4197.10,7,4197.20,10,4197.30,7,4197.40,10,4197.50,11,4197.60,19,4197.70,18,4197.80,21,4197.90,17,Sell,57,49,106,8.00,24.00,-8.00,0.90,11.1,4196.80,4197.50,4196.60,4196.70,42,54,96,-12.00,2.00,-24.00,1.10,9.1,30,102,1.0000,2.0000,71.00,28.00,4194.54,0.3723,UP,118.25,0.8118,1.1105
20261006 195900 094,4197.00,2,4196.90,4197.10,0.20,4196.90,3,4196.80,10,4196.70,6,4196.60,10,4196.50,11,4196.40,18,4196.30,17,4196.20,20,4196.10,21,4196.00,25,4197.10,3,4197.20,7,4197.30,6,4197.40,10,4197.50,11,4197.60,19,4197.70,18,4197.80,21,4197.90,17,4198.00,15,Buy,2,0,2,2.00,2.00,2.00,0.00,0.0,4197.00,4197.00,4197.00,4197.00,57,49,106,8.00,24.00,-8.00,0.90,11.1,27,147,2.0000,0.0000,58.00,135.00,4194.57,0.3819,UP,120.10,0.8826,1.0526
20261006 195900 094,4197.00,1,4196.90,4197.10,0.20,4196.90,3,4196.80,10,4196.70,6,4196.60,10,4196.50,11,4196.40,18,4196.30,17,4196.20,20,4196.10,21,4196.00,25,4197.10,3,4197.20,7,4197.30,6,4197.40,10,4197.50,11,4197.60,19,4197.70,18,4197.80,21,4197.90,17,4198.00,15,Buy,3,0,3,3.00,3.00,2.00,0.00,0.0,4197.00,4197.00,4197.00,4197.00,57,49,106,8.00,24.00,-8.00,0.90,11.1,27,147,2.0000,0.0000,59.00,136.00,4194.57,0.3819,UP,120.10,0.8826,1.0526
20261006 195900 094,4197.00,1,4196.90,4197.10,0.20,4196.90,3,4196.80,10,4196.70,6,4196.60,10,4196.50,11,4196.40,18,4196.30,17,4196.20,20,4196.10,21,4196.00,25,4197.10,3,4197.20,7,4197.30,6,4197.40,10,4197.50,11,4197.60,19,4197.70,18,4197.80,21,4197.90,17,4198.00,15,Buy,4,0,4,4.00,4.00,2.00,0.00,0.0,4197.00,4197.00,4197.00,4197.00,57,49,106,8.00,24.00,-8.00,0.90,11.1,27,147,2.0000,0.0000,60.00,137.00,4194.57,0.3819,UP,120.10,0.8826,1.0526
20261006 195900 233,4197.10,1,4197.00,4197.20,0.20,4197.00,1,4196.90,6,4196.80,10,4196.70,6,4196.60,10,4196.50,11,4196.40,18,4196.30,17,4196.20,20,4196.10,21,4197.20,5,4197.30,5,4197.40,10,4197.50,11,4197.60,19,4197.70,18,4197.80,21,4197.90,17,4198.00,15,4198.10,15,Buy,5,0,5,5.00,5.00,2.00,0.10,100.0,4197.00,4197.10,4197.00,4197.10,57,49,106,8.00,24.00,-8.00,0.90,11.1,27,147,2.0000,0.0000,61.00,138.00,4194.58,0.3850,UP,120.10,0.8826,1.0598
20261006 195900 285,4197.00,1,4197.00,4197.30,0.30,4197.00,7,4196.90,6,4196.80,10,4196.70,7,4196.60,10,4196.50,11,4196.40,18,4196.30,17,4196.20,20,4196.10,21,4197.30,5,4197.40,10,4197.50,11,4197.60,9,4197.70,18,4197.80,21,4197.90,17,4198.00,15,4198.10,15,4198.20,13,Sell,5,1,6,4.00,5.00,2.00,0.10,0.0,4197.00,4197.10,4197.00,4197.00,57,49,106,8.00,24.00,-8.00,0.90,11.1,27,147,2.0000,0.2500,60.00,137.00,4194.57,0.3819,UP,120.10,0.8826,1.0598
20261006 195900 285,4197.00,1,4197.00,4197.30,0.30,4197.00,7,4196.90,6,4196.80,10,4196.70,7,4196.60,10,4196.50,11,4196.40,18,4196.30,17,4196.20,20,4196.10,21,4197.30,5,4197.40,10,4197.50,11,4197.60,9,4197.70,18,4197.80,21,4197.90,17,4198.00,15,4198.10,15,4198.20,13,Sell,5,2,7,3.00,5.00,2.00,0.10,0.0,4197.00,4197.10,4197.00,4197.00,57,49,106,8.00,24.00,-8.00,0.90,11.1,27,147,2.0000,0.6667,59.00,136.00,4194.57,0.3819,UP,120.10,0.8826,1.0598
20261006 195900 285,4196.90,1,4197.00,4197.30,0.30,4197.00,7,4196.90,6,4196.80,10,4196.70,7,4196.60,10,4196.50,11,4196.40,18,4196.30,17,4196.20,20,4196.10,21,4197.30,5,4197.40,10,4197.50,11,4197.60,9,4197.70,18,4197.80,21,4197.90,17,4198.00,15,4198.10,15,4198.20,13,Sell,5,3,8,2.00,5.00,2.00,0.20,50.0,4197.00,4197.10,4196.90,4196.90,57,49,106,8.00,24.00,-8.00,0.90,11.1,27,147,2.0000,1.5000,58.00,135.00,4194.56,0.3787,UP,120.10,0.8826,1.0598
20261006 195900 653,4197.00,1,4197.00,4197.20,0.20,4197.00,5,4196.90,6,4196.80,10,4196.70,10,4196.60,10,4196.50,11,4196.40,18,4196.30,17,4196.20,20,4196.10,21,4197.20,2,4197.30,6,4197.40,10,4197.50,11,4197.60,9,4197.70,18,4197.80,21,4197.90,17,4198.00,15,4198.10,15,Sell,5,4,9,1.00,5.00,1.00,0.20,0.0,4197.00,4197.10,4196.90,4197.00,57,49,106,8.00,24.00,-8.00,0.90,11.1,27,147,2.0000,4.0000,57.00,134.00,4194.57,0.3819,UP,120.10,0.8826,1.0598
20261006 195901 785,4197.10,1,4197.10,4197.30,0.20,4197.10,2,4197.00,10,4196.90,8,4196.80,13,4196.70,10,4196.60,10,4196.50,21,4196.40,18,4196.30,17,4196.20,20,4197.30,4,4197.40,7,4197.50,11,4197.60,9,4197.70,8,4197.80,21,4197.90,17,4198.00,15,4198.10,15,4198.20,13,Sell,5,5,10,0.00,5.00,0.00,0.20,50.0,4197.00,4197.10,4196.90,4197.10,57,49,106,8.00,24.00,-8.00,0.90,11.1,27,147,2.0000,5.0000,56.00,133.00,4194.58,0.3850,UP,120.10,0.8826,1.0598
20261006 195901 785,4197.10,1,4197.10,4197.30,0.20,4197.10,2,4197.00,10,4196.90,8,4196.80,13,4196.70,10,4196.60,10,4196.50,21,4196.40,18,4196.30,17,4196.20,20,4197.30,4,4197.40,7,4197.50,11,4197.60,9,4197.70,8,4197.80,21,4197.90,17,4198.00,15,4198.10,15,4198.20,13,Sell,5,6,11,-1.00,5.00,-1.00,0.20,50.0,4197.00,4197.10,4196.90,4197.10,57,49,106,8.00,24.00,-8.00,0.90,11.1,27,147,2.0000,0.0000,55.00,132.00,4194.58,0.3850,UP,120.10,0.8826,1.0598
20261006 195902 361,4197.20,1,4197.20,4197.40,0.20,4197.20,2,4197.10,5,4197.00,5,4196.90,8,4196.80,13,4196.70,10,4196.60,20,4196.50,21,4196.40,18,4196.30,17,4197.30,2,4197.40,7,4197.50,11,4197.60,9,4197.70,8,4197.80,21,4197.90,17,4198.00,15,4198.10,15,4198.20,13,Sell,5,7,12,-2.00,5.00,-2.00,0.30,66.7,4197.00,4197.20,4196.90,4197.20,57,49,106,8.00,24.00,-8.00,0.90,11.1,27,147,2.0000,0.0000,54.00,131.00,4194.59,0.3882,UP,120.10,0.8826,1.0669
20261006 195903 206,4197.10,1,4197.10,4197.30,0.20,4197.10,4,4197.00,7,4196.90,8,4196.80,13,4196.70,10,4196.60,20,4196.50,21,4196.40,18,4196.30,17,4196.20,20,4197.30,3,4197.40,7,4197.50,9,4197.60,9,4197.70,8,4197.80,21,4197.90,17,4198.00,15,4198.10,15,4198.20,13,Sell,5,8,13,-3.00,5.00,-3.00,0.30,33.3,4197.00,4197.20,4196.90,4197.10,57,49,106,8.00,24.00,-8.00,0.90,11.1,27,147,2.0000,0.0000,53.00,130.00,4194.58,0.3850,UP,120.10,0.8826,1.0669
20261006 195903 206,4197.10,1,4197.10,4197.30,0.20,4197.10,4,4197.00,7,4196.90,8,4196.80,13,4196.70,10,4196.60,20,4196.50,21,4196.40,18,4196.30,17,4196.20,20,4197.30,3,4197.40,7,4197.50,9,4197.60,9,4197.70,8,4197.80,21,4197.90,17,4198.00,15,4198.10,15,4198.20,13,Sell,5,9,14,-4.00,5.00,-4.00,0.30,33.3,4197.00,4197.20,4196.90,4197.10,57,49,106,8.00,24.00,-8.00,0.90,11.1,27,147,2.0000,0.0000,52.00,129.00,4194.58,0.3850,UP,120.10,0.8826,1.0669
20261006 195903 479,4197.20,1,4197.00,4197.30,0.30,4197.00,5,4196.90,8,4196.80,13,4196.70,10,4196.60,20,4196.50,21,4196.40,18,4196.30,17,4196.20,20,4196.10,21,4197.30,4,4197.40,7,4197.50,10,4197.60,9,4197.70,8,4197.80,21,4197.90,17,4198.00,15,4198.10,15,4198.20,13,Sell,5,10,15,-5.00,5.00,-5.00,0.30,66.7,4197.00,4197.20,4196.90,4197.20,57,49,106,8.00,24.00,-8.00,0.90,11.1,27,147,2.0000,0.0000,51.00,128.00,4194.59,0.3882,UP,120.10,0.8826,1.0669
20261006 195905 109,4197.10,1,4197.10,4197.30,0.20,4197.00,6,4196.90,8,4196.80,13,4196.70,10,4196.60,20,4196.50,21,4196.40,18,4196.30,17,4196.20,20,4196.10,21,4197.30,5,4197.40,7,4197.50,10,4197.60,9,4197.70,8,4197.80,21,4197.90,17,4198.00,15,4198.10,15,4198.20,13,Sell,5,11,16,-6.00,5.00,-6.00,0.30,33.3,4197.00,4197.20,4196.90,4197.10,57,49,106,8.00,24.00,-8.00,0.90,11.1,27,147,2.0000,0.0000,50.00,127.00,4194.58,0.3850,UP,120.10,0.8826,1.0669
20261006 195906 059,4197.30,1,4197.10,4197.30,0.20,4197.10,5,4197.00,8,4196.90,8,4196.80,13,4196.70,10,4196.60,20,4196.50,21,4196.40,18,4196.30,17,4196.20,20,4197.30,4,4197.40,7,4197.50,9,4197.60,9,4197.70,8,4197.80,21,4197.90,17,4198.00,15,4198.10,15,4198.20,13,Buy,6,11,17,-5.00,5.00,-6.00,0.40,75.0,4197.00,4197.30,4196.90,4197.30,57,49,106,8.00,24.00,-8.00,0.90,11.1,27,147,2.0000,0.2000,51.00,128.00,4194.60,0.3914,UP,120.10,0.8826,1.0741
20261006 195906 059,4197.30,1,4197.10,4197.30,0.20,4197.10,5,4197.00,8,4196.90,8,4196.80,13,4196.70,10,4196.60,20,4196.50,21,4196.40,18,4196.30,17,4196.20,20,4197.30,4,4197.40,7,4197.50,9,4197.60,9,4197.70,8,4197.80,21,4197.90,17,4198.00,15,4198.10,15,4198.20,13,Buy,7,11,18,-4.00,5.00,-6.00,0.40,75.0,4197.00,4197.30,4196.90,4197.30,57,49,106,8.00,24.00,-8.00,0.90,11.1,27,147,2.0000,0.5000,52.00,129.00,4194.60,0.3914,UP,120.10,0.8826,1.0741
20261006 195906 169,4197.20,1,4197.20,4197.40,0.20,4197.10,5,4197.00,8,4196.90,8,4196.80,13,4196.70,10,4196.60,20,4196.50,21,4196.40,18,4196.30,17,4196.20,20,4197.30,4,4197.40,6,4197.50,9,4197.60,9,4197.70,8,4197.80,11,4197.90,17,4198.00,15,4198.10,15,4198.20,13,Sell,7,12,19,-5.00,5.00,-6.00,0.40,50.0,4197.00,4197.30,4196.90,4197.20,57,49,106,8.00,24.00,-8.00,0.90,11.1,27,147,2.0000,0.2000,51.00,128.00,4194.59,0.3882,UP,120.10,0.8826,1.0741
20261006 195906 193,4197.20,1,4197.20,4197.40,0.20,4197.10,5,4197.00,8,4196.90,8,4196.80,13,4196.70,10,4196.60,20,4196.50,21,4196.40,18,4196.30,17,4196.20,20,4197.30,4,4197.40,6,4197.50,9,4197.60,9,4197.70,8,4197.80,11,4197.90,17,4198.00,15,4198.10,15,4198.20,13,Sell,7,13,20,-6.00,5.00,-6.00,0.40,50.0,4197.00,4197.30,4196.90,4197.20,57,49,106,8.00,24.00,-8.00,0.90,11.1,27,147,2.0000,0.0000,50.00,127.00,4194.59,0.3882,UP,120.10,0.8826,1.0741
20261006 195906 739,4197.20,1,4197.20,4197.40,0.20,4197.20,1,4197.10,7,4197.00,8,4196.90,8,4196.80,13,4196.70,10,4196.60,20,4196.50,21,4196.40,18,4196.30,17,4197.40,5,4197.50,9,4197.60,9,4197.70,8,4197.80,11,4197.90,17,4198.00,15,4198.10,15,4198.20,13,4198.30,16,Sell,7,14,21,-7.00,5.00,-7.00,0.40,50.0,4197.00,4197.30,4196.90,4197.20,57,49,106,8.00,24.00,-8.00,0.90,11.1,27,147,2.0000,0.0000,49.00,126.00,4194.59,0.3882,UP,120.10,0.8826,1.0741
20261006 195906 774,4197.30,1,4197.20,4197.40,0.20,4197.20,1,4197.10,7,4197.00,8,4196.90,8,4196.80,13,4196.70,10,4196.60,20,4196.50,21,4196.40,18,4196.30,17,4197.40,5,4197.50,9,4197.60,9,4197.70,8,4197.80,11,4197.90,17,4198.00,15,4198.10,15,4198.20,13,4198.30,16,Sell,7,15,22,-8.00,5.00,-8.00,0.40,75.0,4197.00,4197.30,4196.90,4197.30,57,49,106,8.00,24.00,-8.00,0.90,11.1,27,147,2.0000,0.0000,48.00,125.00,4194.60,0.3914,UP,120.10,0.8826,1.0741
20261006 195906 978,4197.20,1,4197.20,4197.40,0.20,4197.10,7,4197.00,8,4196.90,8,4196.80,13,4196.70,10,4196.60,20,4196.50,21,4196.40,18,4196.30,17,4196.20,20,4197.40,5,4197.50,9,4197.60,9,4197.70,8,4197.80,11,4197.90,17,4198.00,15,4198.10,15,4198.20,13,4198.30,16,Sell,7,16,23,-9.00,5.00,-9.00,0.40,50.0,4197.00,4197.30,4196.90,4197.20,57,49,106,8.00,24.00,-8.00,0.90,11.1,27,147,2.0000,0.0000,47.00,124.00,4194.59,0.3882,UP,120.10,0.8826,1.0741
20261006 195915 004,4197.30,1,4197.20,4197.40,0.20,4197.20,4,4197.10,5,4197.00,8,4196.90,9,4196.80,13,4196.70,10,4196.60,20,4196.50,21,4196.40,18,4196.30,17,4197.40,22,4197.50,8,4197.60,9,4197.70,8,4197.80,11,4197.90,15,4198.00,13,4198.10,13,4198.20,13,4198.30,14,Buy,8,16,24,-8.00,5.00,-9.00,0.40,75.0,4197.00,4197.30,4196.90,4197.30,57,49,106,8.00,24.00,-8.00,0.90,11.1,27,147,2.0000,0.1250,48.00,125.00,4194.60,0.3914,UP,120.10,0.8826,1.0741
20261006 195917 286,4197.20,1,4197.20,4197.40,0.20,4197.20,4,4197.10,6,4197.00,9,4196.90,9,4196.80,13,4196.70,10,4196.60,19,4196.50,21,4196.40,18,4196.30,17,4197.40,22,4197.50,6,4197.60,9,4197.70,8,4197.80,11,4197.90,15,4198.00,13,4198.10,13,4198.20,13,4198.30,14,Sell,8,17,25,-9.00,5.00,-9.00,0.40,50.0,4197.00,4197.30,4196.90,4197.20,57,49,106,8.00,24.00,-8.00,0.90,11.1,27,147,2.0000,0.0000,47.00,124.00,4194.59,0.3882,UP,120.10,0.8826,1.0741
20261006 195917 380,4197.30,1,4197.30,4197.40,0.10,4197.20,5,4197.10,6,4197.00,9,4196.90,9,4196.80,13,4196.70,10,4196.60,19,4196.50,21,4196.40,18,4196.30,17,4197.40,20,4197.50,5,4197.60,9,4197.70,8,4197.80,11,4197.90,15,4198.00,13,4198.10,13,4198.20,13,4198.30,14,Sell,8,18,26,-10.00,5.00,-10.00,0.40,75.0,4197.00,4197.30,4196.90,4197.30,57,49,106,8.00,24.00,-8.00,0.90,11.1,27,147,2.0000,0.0000,46.00,123.00,4194.60,0.3914,UP,120.10,0.8826,1.0741
20261006 195917 506,4197.40,2,4197.20,4197.40,0.20,4197.20,4,4197.10,5,4197.00,9,4196.90,9,4196.80,13,4196.70,10,4196.60,19,4196.50,21,4196.40,18,4196.30,17,4197.40,22,4197.50,7,4197.60,9,4197.70,8,4197.80,11,4197.90,15,4198.00,13,4198.10,13,4198.20,13,4198.30,14,Buy,10,18,28,-8.00,5.00,-10.00,0.50,80.0,4197.00,4197.40,4196.90,4197.40,57,49,106,8.00,24.00,-8.00,0.90,11.1,27,147,2.0000,0.2500,48.00,125.00,4194.61,0.3946,UP,120.10,0.8826,1.0812
20261006 195918 479,4197.40,1,4197.20,4197.40,0.20,4197.20,3,4197.10,5,4197.00,9,4196.90,9,4196.80,13,4196.70,10,4196.60,19,4196.50,21,4196.40,18,4196.30,17,4197.40,21,4197.50,7,4197.60,9,4197.70,8,4197.80,11,4197.90,15,4198.00,13,4198.10,13,4198.20,13,4198.30,14,Buy,11,18,29,-7.00,5.00,-10.00,0.50,80.0,4197.00,4197.40,4196.90,4197.40,57,49,106,8.00,24.00,-8.00,0.90,11.1,27,147,2.0000,0.4286,49.00,126.00,4194.61,0.3946,UP,120.10,0.8826,1.0812
20261006 195918 479,4197.40,1,4197.20,4197.40,0.20,4197.20,3,4197.10,5,4197.00,9,4196.90,9,4196.80,13,4196.70,10,4196.60,19,4196.50,21,4196.40,18,4196.30,17,4197.40,21,4197.50,7,4197.60,9,4197.70,8,4197.80,11,4197.90,15,4198.00,13,4198.10,13,4198.20,13,4198.30,14,Buy,12,18,30,-6.00,5.00,-10.00,0.50,80.0,4197.00,4197.40,4196.90,4197.40,57,49,106,8.00,24.00,-8.00,0.90,11.1,27,147,2.0000,0.6667,50.00,127.00,4194.61,0.3946,UP,120.10,0.8826,1.0812
20261006 195918 479,4197.40,1,4197.20,4197.40,0.20,4197.20,3,4197.10,5,4197.00,9,4196.90,9,4196.80,13,4196.70,10,4196.60,19,4196.50,21,4196.40,18,4196.30,17,4197.40,21,4197.50,7,4197.60,9,4197.70,8,4197.80,11,4197.90,15,4198.00,13,4198.10,13,4198.20,13,4198.30,14,Buy,13,18,31,-5.00,5.00,-10.00,0.50,80.0,4197.00,4197.40,4196.90,4197.40,57,49,106,8.00,24.00,-8.00,0.90,11.1,27,147,2.0000,1.0000,51.00,128.00,4194.61,0.3946,UP,120.10,0.8826,1.0812
20261006 195918 788,4197.20,1,4197.10,4197.30,0.20,4197.10,5,4197.00,9,4196.90,9,4196.80,13,4196.70,10,4196.60,19,4196.50,21,4196.40,18,4196.30,17,4196.20,20,4197.30,3,4197.40,23,4197.50,7,4197.60,9,4197.70,8,4197.80,11,4197.90,15,4198.00,13,4198.10,13,4198.20,13,Sell,13,19,32,-6.00,5.00,-10.00,0.50,40.0,4197.00,4197.40,4196.90,4197.20,57,49,106,8.00,24.00,-8.00,0.90,11.1,27,147,2.0000,0.6667,50.00,127.00,4194.59,0.3882,UP,120.10,0.8826,1.0812
20261006 195918 791,4197.30,1,4197.10,4197.30,0.20,4197.10,5,4197.00,9,4196.90,9,4196.80,13,4196.70,10,4196.60,19,4196.50,21,4196.40,18,4196.30,17,4196.20,20,4197.30,3,4197.40,23,4197.50,7,4197.60,9,4197.70,8,4197.80,11,4197.90,15,4198.00,13,4198.10,13,4198.20,13,Buy,14,19,33,-5.00,5.00,-10.00,0.50,60.0,4197.00,4197.40,4196.90,4197.30,57,49,106,8.00,24.00,-8.00,0.90,11.1,27,147,2.0000,1.0000,51.00,128.00,4194.60,0.3914,UP,120.10,0.8826,1.0812
20261006 195920 214,4197.30,1,4197.20,4197.40,0.20,4197.20,2,4197.10,5,4197.00,9,4196.90,9,4196.80,13,4196.70,10,4196.60,19,4196.50,21,4196.40,18,4196.30,17,4197.40,24,4197.50,8,4197.60,9,4197.70,8,4197.80,11,4197.90,15,4198.00,13,4198.10,13,4198.20,13,4198.30,14,Buy,15,19,34,-4.00,5.00,-10.00,0.50,60.0,4197.00,4197.40,4196.90,4197.30,57,49,106,8.00,24.00,-8.00,0.90,11.1,27,147,2.0000,1.5000,52.00,129.00,4194.60,0.3914,UP,120.10,0.8826,1.0812
20261006 195920 214,4197.40,1,4197.20,4197.40,0.20,4197.20,2,4197.10,5,4197.00,9,4196.90,9,4196.80,13,4196.70,10,4196.60,19,4196.50,21,4196.40,18,4196.30,17,4197.40,24,4197.50,8,4197.60,9,4197.70,8,4197.80,11,4197.90,15,4198.00,13,4198.10,13,4198.20,13,4198.30,14,Buy,16,19,35,-3.00,5.00,-10.00,0.50,80.0,4197.00,4197.40,4196.90,4197.40,57,49,106,8.00,24.00,-8.00,0.90,11.1,27,147,2.0000,2.3333,53.00,130.00,4194.61,0.3946,UP,120.10,0.8826,1.0812
20261006 195920 214,4197.40,1,4197.20,4197.40,0.20,4197.20,2,4197.10,5,4197.00,9,4196.90,9,4196.80,13,4196.70,10,4196.60,19,4196.50,21,4196.40,18,4196.30,17,4197.40,24,4197.50,8,4197.60,9,4197.70,8,4197.80,11,4197.90,15,4198.00,13,4198.10,13,4198.20,13,4198.30,14,Buy,17,19,36,-2.00,5.00,-10.00,0.50,80.0,4197.00,4197.40,4196.90,4197.40,57,49,106,8.00,24.00,-8.00,0.90,11.1,27,147,2.0000,4.0000,54.00,131.00,4194.61,0.3946,UP,120.10,0.8826,1.0812
20261006 195920 214,4197.40,2,4197.20,4197.40,0.20,4197.20,2,4197.10,5,4197.00,9,4196.90,9,4196.80,13,4196.70,10,4196.60,19,4196.50,21,4196.40,18,4196.30,17,4197.40,24,4197.50,8,4197.60,9,4197.70,8,4197.80,11,4197.90,15,4198.00,13,4198.10,13,4198.20,13,4198.30,14,Buy,19,19,38,0.00,5.00,-10.00,0.50,80.0,4197.00,4197.40,4196.90,4197.40,57,49,106,8.00,24.00,-8.00,0.90,11.1,27,147,2.0000,5.0000,56.00,133.00,4194.61,0.3946,UP,120.10,0.8826,1.0812
20261006 195920 214,4197.40,1,4197.20,4197.40,0.20,4197.20,2,4197.10,5,4197.00,9,4196.90,9,4196.80,13,4196.70,10,4196.60,19,4196.50,21,4196.40,18,4196.30,17,4197.40,24,4197.50,8,4197.60,9,4197.70,8,4197.80,11,4197.90,15,4198.00,13,4198.10,13,4198.20,13,4198.30,14,Buy,20,19,39,1.00,5.00,-10.00,0.50,80.0,4197.00,4197.40,4196.90,4197.40,57,49,106,8.00,24.00,-8.00,0.90,11.1,27,147,2.0000,4.0000,57.00,134.00,4194.61,0.3946,UP,120.10,0.8826,1.0812
20261006 195920 214,4197.40,1,4197.20,4197.40,0.20,4197.20,2,4197.10,5,4197.00,9,4196.90,9,4196.80,13,4196.70,10,4196.60,19,4196.50,21,4196.40,18,4196.30,17,4197.40,24,4197.50,8,4197.60,9,4197.70,8,4197.80,11,4197.90,15,4198.00,13,4198.10,13,4198.20,13,4198.30,14,Buy,21,19,40,2.00,5.00,-10.00,0.50,80.0,4197.00,4197.40,4196.90,4197.40,57,49,106,8.00,24.00,-8.00,0.90,11.1,27,147,2.0000,1.5000,58.00,135.00,4194.61,0.3946,UP,120.10,0.8826,1.0812
20261006 195920 555,4197.20,1,4197.20,4197.30,0.10,4197.20,2,4197.10,5,4197.00,9,4196.90,9,4196.80,13,4196.70,10,4196.60,19,4196.50,21,4196.40,18,4196.30,17,4197.30,2,4197.40,27,4197.50,8,4197.60,9,4197.70,8,4197.80,11,4197.90,15,4198.00,13,4198.10,13,4198.20,13,Sell,21,20,41,1.00,5.00,-10.00,0.50,40.0,4197.00,4197.40,4196.90,4197.20,57,49,106,8.00,24.00,-8.00,0.90,11.1,27,147,2.0000,4.0000,57.00,134.00,4194.59,0.3882,UP,120.10,0.8826,1.0812
20261006 195920 555,4197.20,1,4197.20,4197.30,0.10,4197.20,2,4197.10,5,4197.00,9,4196.90,9,4196.80,13,4196.70,10,4196.60,19,4196.50,21,4196.40,18,4196.30,17,4197.30,2,4197.40,27,4197.50,8,4197.60,9,4197.70,8,4197.80,11,4197.90,15,4198.00,13,4198.10,13,4198.20,13,Sell,21,21,42,0.00,5.00,-10.00,0.50,40.0,4197.00,4197.40,4196.90,4197.20,57,49,106,8.00,24.00,-8.00,0.90,11.1,27,147,2.0000,5.0000,56.00,133.00,4194.59,0.3882,UP,120.10,0.8826,1.0812
20261006 195921 019,4197.20,1,4197.20,4197.30,0.10,4197.20,2,4197.10,8,4197.00,7,4196.90,9,4196.80,13,4196.70,10,4196.60,19,4196.50,21,4196.40,18,4196.30,17,4197.40,27,4197.50,8,4197.60,9,4197.70,8,4197.80,11,4197.90,15,4198.00,13,4198.10,13,4198.20,13,4198.30,14,Sell,21,22,43,-1.00,5.00,-10.00,0.50,40.0,4197.00,4197.40,4196.90,4197.20,57,49,106,8.00,24.00,-8.00,0.90,11.1,27,147,2.0000,9.0000,55.00,132.00,4194.59,0.3882,UP,120.10,0.8826,1.0812
20261006 195921 019,4197.20,4,4197.20,4197.30,0.10,4197.20,2,4197.10,8,4197.00,7,4196.90,9,4196.80,13,4196.70,10,4196.60,19,4196.50,21,4196.40,18,4196.30,17,4197.40,27,4197.50,8,4197.60,9,4197.70,8,4197.80,11,4197.90,15,4198.00,13,4198.10,13,4198.20,13,4198.30,14,Sell,21,26,47,-5.00,5.00,-10.00,0.50,40.0,4197.00,4197.40,4196.90,4197.20,57,49,106,8.00,24.00,-8.00,0.90,11.1,27,147,2.0000,1.0000,51.00,128.00,4194.59,0.3882,UP,120.10,0.8826,1.0812
20261006 195921 019,4197.20,1,4197.20,4197.30,0.10,4197.20,2,4197.10,8,4197.00,7,4196.90,9,4196.80,13,4196.70,10,4196.60,19,4196.50,21,4196.40,18,4196.30,17,4197.40,27,4197.50,8,4197.60,9,4197.70,8,4197.80,11,4197.90,15,4198.00,13,4198.10,13,4198.20,13,4198.30,14,Sell,21,27,48,-6.00,5.00,-10.00,0.50,40.0,4197.00,4197.40,4196.90,4197.20,57,49,106,8.00,24.00,-8.00,0.90,11.1,27,147,2.0000,0.6667,50.00,127.00,4194.59,0.3882,UP,120.10,0.8826,1.0812
20261006 195922 090,4197.30,1,4197.20,4197.40,0.20,4197.20,6,4197.10,7,4197.00,7,4196.90,9,4196.80,13,4196.70,10,4196.60,19,4196.50,21,4196.40,18,4196.30,17,4197.40,17,4197.50,6,4197.60,9,4197.70,8,4197.80,11,4197.90,15,4198.00,13,4198.10,13,4198.20,13,4198.30,14,Buy,22,27,49,-5.00,5.00,-10.00,0.50,60.0,4197.00,4197.40,4196.90,4197.30,57,49,106,8.00,24.00,-8.00,0.90,11.1,27,147,2.0000,1.0000,51.00,128.00,4194.60,0.3914,UP,120.10,0.8826,1.0812
20261006 195922 124,4197.20,2,4197.10,4197.30,0.20,4197.10,2,4197.00,4,4196.90,9,4196.80,12,4196.70,10,4196.60,19,4196.50,21,4196.40,18,4196.30,17,4196.20,20,4197.30,4,4197.40,26,4197.50,9,4197.60,9,4197.70,8,4197.80,11,4197.90,15,4198.00,13,4198.10,13,4198.20,13,Sell,22,29,51,-7.00,5.00,-10.00,0.50,40.0,4197.00,4197.40,4196.90,4197.20,57,49,106,8.00,24.00,-8.00,0.90,11.1,27,147,2.0000,0.4286,49.00,126.00,4194.59,0.3882,UP,120.10,0.8826,1.0812
20261006 195922 124,4197.10,1,4197.10,4197.30,0.20,4197.10,2,4197.00,4,4196.90,9,4196.80,12,4196.70,10,4196.60,19,4196.50,21,4196.40,18,4196.30,17,4196.20,20,4197.30,4,4197.40,26,4197.50,9,4197.60,9,4197.70,8,4197.80,11,4197.90,15,4198.00,13,4198.10,13,4198.20,13,Sell,22,30,52,-8.00,5.00,-10.00,0.50,20.0,4197.00,4197.40,4196.90,4197.10,57,49,106,8.00,24.00,-8.00,0.90,11.1,27,147,2.0000,0.2500,48.00,125.00,4194.58,0.3850,UP,120.10,0.8826,1.0812
20261006 195922 124,4197.10,2,4197.10,4197.30,0.20,4197.10,2,4197.00,4,4196.90,9,4196.80,12,4196.70,10,4196.60,19,4196.50,21,4196.40,18,4196.30,17,4196.20,20,4197.30,4,4197.40,26,4197.50,9,4197.60,9,4197.70,8,4197.80,11,4197.90,15,4198.00,13,4198.10,13,4198.20,13,Sell,22,32,54,-10.00,5.00,-10.00,0.50,20.0,4197.00,4197.40,4196.90,4197.10,57,49,106,8.00,24.00,-8.00,0.90,11.1,27,147,2.0000,0.0000,46.00,123.00,4194.58,0.3850,UP,120.10,0.8826,1.0812
20261006 195922 124,4197.10,1,4197.10,4197.30,0.20,4197.10,2,4197.00,4,4196.90,9,4196.80,12,4196.70,10,4196.60,19,4196.50,21,4196.40,18,4196.30,17,4196.20,20,4197.30,4,4197.40,26,4197.50,9,4197.60,9,4197.70,8,4197.80,11,4197.90,15,4198.00,13,4198.10,13,4198.20,13,Sell,22,33,55,-11.00,5.00,-11.00,0.50,20.0,4197.00,4197.40,4196.90,4197.10,57,49,106,8.00,24.00,-8.00,0.90,11.1,27,147,2.0000,0.0000,45.00,122.00,4194.58,0.3850,UP,120.10,0.8826,1.0812
20261006 195922 124,4197.10,1,4197.10,4197.30,0.20,4197.10,2,4197.00,4,4196.90,9,4196.80,12,4196.70,10,4196.60,19,4196.50,21,4196.40,18,4196.30,17,4196.20,20,4197.30,4,4197.40,26,4197.50,9,4197.60,9,4197.70,8,4197.80,11,4197.90,15,4198.00,13,4198.10,13,4198.20,13,Sell,22,34,56,-12.00,5.00,-12.00,0.50,20.0,4197.00,4197.40,4196.90,4197.10,57,49,106,8.00,24.00,-8.00,0.90,11.1,27,147,2.0000,0.0000,44.00,121.00,4194.58,0.3850,UP,120.10,0.8826,1.0812
20261006 195922 124,4197.10,2,4197.10,4197.30,0.20,4197.10,2,4197.00,4,4196.90,9,4196.80,12,4196.70,10,4196.60,19,4196.50,21,4196.40,18,4196.30,17,4196.20,20,4197.30,4,4197.40,26,4197.50,9,4197.60,9,4197.70,8,4197.80,11,4197.90,15,4198.00,13,4198.10,13,4198.20,13,Sell,22,36,58,-14.00,5.00,-14.00,0.50,20.0,4197.00,4197.40,4196.90,4197.10,57,49,106,8.00,24.00,-8.00,0.90,11.1,27,147,2.0000,0.0000,42.00,119.00,4194.58,0.3850,UP,120.10,0.8826,1.0812
20261006 195922 124,4197.00,1,4197.10,4197.30,0.20,4197.10,2,4197.00,4,4196.90,9,4196.80,12,4196.70,10,4196.60,19,4196.50,21,4196.40,18,4196.30,17,4196.20,20,4197.30,4,4197.40,26,4197.50,9,4197.60,9,4197.70,8,4197.80,11,4197.90,15,4198.00,13,4198.10,13,4198.20,13,Sell,22,37,59,-15.00,5.00,-15.00,0.50,0.0,4197.00,4197.40,4196.90,4197.00,57,49,106,8.00,24.00,-8.00,0.90,11.1,27,147,2.0000,0.0000,41.00,118.00,4194.57,0.3819,UP,120.10,0.8826,1.0812
20261006 195922 124,4197.00,1,4197.10,4197.30,0.20,4197.10,2,4197.00,4,4196.90,9,4196.80,12,4196.70,10,4196.60,19,4196.50,21,4196.40,18,4196.30,17,4196.20,20,4197.30,4,4197.40,26,4197.50,9,4197.60,9,4197.70,8,4197.80,11,4197.90,15,4198.00,13,4198.10,13,4198.20,13,Sell,22,38,60,-16.00,5.00,-16.00,0.50,0.0,4197.00,4197.40,4196.90,4197.00,57,49,106,8.00,24.00,-8.00,0.90,11.1,27,147,2.0000,0.0000,40.00,117.00,4194.57,0.3819,UP,120.10,0.8826,1.0812
20261006 195922 124,4197.00,2,4197.10,4197.30,0.20,4197.10,2,4197.00,4,4196.90,9,4196.80,12,4196.70,10,4196.60,19,4196.50,21,4196.40,18,4196.30,17,4196.20,20,4197.30,4,4197.40,26,4197.50,9,4197.60,9,4197.70,8,4197.80,11,4197.90,15,4198.00,13,4198.10,13,4198.20,13,Sell,22,40,62,-18.00,5.00,-18.00,0.50,0.0,4197.00,4197.40,4196.90,4197.00,57,49,106,8.00,24.00,-8.00,0.90,11.1,27,147,2.0000,0.0000,38.00,115.00,4194.57,0.3819,UP,120.10,0.8826,1.0812
20261006 195922 124,4197.00,1,4197.10,4197.30,0.20,4197.10,2,4197.00,4,4196.90,9,4196.80,12,4196.70,10,4196.60,19,4196.50,21,4196.40,18,4196.30,17,4196.20,20,4197.30,4,4197.40,26,4197.50,9,4197.60,9,4197.70,8,4197.80,11,4197.90,15,4198.00,13,4198.10,13,4198.20,13,Sell,22,41,63,-19.00,5.00,-19.00,0.50,0.0,4197.00,4197.40,4196.90,4197.00,57,49,106,8.00,24.00,-8.00,0.90,11.1,27,147,2.0000,0.0000,37.00,114.00,4194.57,0.3819,UP,120.10,0.8826,1.0812
20261006 195922 124,4197.00,1,4197.10,4197.30,0.20,4197.10,2,4197.00,4,4196.90,9,4196.80,12,4196.70,10,4196.60,19,4196.50,21,4196.40,18,4196.30,17,4196.20,20,4197.30,4,4197.40,26,4197.50,9,4197.60,9,4197.70,8,4197.80,11,4197.90,15,4198.00,13,4198.10,13,4198.20,13,Sell,22,42,64,-20.00,5.00,-20.00,0.50,0.0,4197.00,4197.40,4196.90,4197.00,57,49,106,8.00,24.00,-8.00,0.90,11.1,27,147,2.0000,0.0000,36.00,113.00,4194.57,0.3819,UP,120.10,0.8826,1.0812
20261006 195922 124,4196.90,1,4197.10,4197.30,0.20,4197.10,2,4197.00,4,4196.90,9,4196.80,12,4196.70,10,4196.60,19,4196.50,21,4196.40,18,4196.30,17,4196.20,20,4197.30,4,4197.40,26,4197.50,9,4197.60,9,4197.70,8,4197.80,11,4197.90,15,4198.00,13,4198.10,13,4198.20,13,Sell,22,43,65,-21.00,5.00,-21.00,0.50,20.0,4197.00,4197.40,4196.90,4196.90,57,49,106,8.00,24.00,-8.00,0.90,11.1,27,147,2.0000,0.0000,35.00,112.00,4194.56,0.3787,UP,120.10,0.8826,1.0812
20261006 195922 124,4196.90,1,4197.10,4197.30,0.20,4197.10,2,4197.00,4,4196.90,9,4196.80,12,4196.70,10,4196.60,19,4196.50,21,4196.40,18,4196.30,17,4196.20,20,4197.30,4,4197.40,26,4197.50,9,4197.60,9,4197.70,8,4197.80,11,4197.90,15,4198.00,13,4198.10,13,4198.20,13,Sell,22,44,66,-22.00,5.00,-22.00,0.50,20.0,4197.00,4197.40,4196.90,4196.90,57,49,106,8.00,24.00,-8.00,0.90,11.1,27,147,2.0000,0.0000,34.00,111.00,4194.56,0.3787,UP,120.10,0.8826,1.0812
20261006 195922 124,4196.90,2,4197.10,4197.30,0.20,4197.10,2,4197.00,4,4196.90,9,4196.80,12,4196.70,10,4196.60,19,4196.50,21,4196.40,18,4196.30,17,4196.20,20,4197.30,4,4197.40,26,4197.50,9,4197.60,9,4197.70,8,4197.80,11,4197.90,15,4198.00,13,4198.10,13,4198.20,13,Sell,22,46,68,-24.00,5.00,-24.00,0.50,20.0,4197.00,4197.40,4196.90,4196.90,57,49,106,8.00,24.00,-8.00,0.90,11.1,27,147,2.0000,0.0000,32.00,109.00,4194.56,0.3787,UP,120.10,0.8826,1.0812
20261006 195922 124,4196.90,1,4197.10,4197.30,0.20,4197.10,2,4197.00,4,4196.90,9,4196.80,12,4196.70,10,4196.60,19,4196.50,21,4196.40,18,4196.30,17,4196.20,20,4197.30,4,4197.40,26,4197.50,9,4197.60,9,4197.70,8,4197.80,11,4197.90,15,4198.00,13,4198.10,13,4198.20,13,Sell,22,47,69,-25.00,5.00,-25.00,0.50,20.0,4197.00,4197.40,4196.90,4196.90,57,49,106,8.00,24.00,-8.00,0.90,11.1,27,147,2.0000,0.0000,31.00,108.00,4194.56,0.3787,UP,120.10,0.8826,1.0812
20261006 195922 124,4196.90,2,4197.10,4197.30,0.20,4197.10,2,4197.00,4,4196.90,9,4196.80,12,4196.70,10,4196.60,19,4196.50,21,4196.40,18,4196.30,17,4196.20,20,4197.30,4,4197.40,26,4197.50,9,4197.60,9,4197.70,8,4197.80,11,4197.90,15,4198.00,13,4198.10,13,4198.20,13,Sell,22,49,71,-27.00,5.00,-27.00,0.50,20.0,4197.00,4197.40,4196.90,4196.90,57,49,106,8.00,24.00,-8.00,0.90,11.1,27,147,2.0000,0.0000,29.00,106.00,4194.56,0.3787,UP,120.10,0.8826,1.0812
20261006 195922 124,4196.90,1,4197.10,4197.30,0.20,4197.10,2,4197.00,4,4196.90,9,4196.80,12,4196.70,10,4196.60,19,4196.50,21,4196.40,18,4196.30,17,4196.20,20,4197.30,4,4197.40,26,4197.50,9,4197.60,9,4197.70,8,4197.80,11,4197.90,15,4198.00,13,4198.10,13,4198.20,13,Sell,22,50,72,-28.00,5.00,-28.00,0.50,20.0,4197.00,4197.40,4196.90,4196.90,57,49,106,8.00,24.00,-8.00,0.90,11.1,27,147,2.0000,0.0000,28.00,105.00,4194.56,0.3787,UP,120.10,0.8826,1.0812
20261006 195922 126,4197.20,1,4197.10,4197.30,0.20,4197.10,2,4197.00,4,4196.90,9,4196.80,12,4196.70,10,4196.60,19,4196.50,21,4196.40,18,4196.30,17,4196.20,20,4197.30,4,4197.40,26,4197.50,9,4197.60,9,4197.70,8,4197.80,11,4197.90,15,4198.00,13,4198.10,13,4198.20,13,Buy,23,50,73,-27.00,5.00,-28.00,0.50,40.0,4197.00,4197.40,4196.90,4197.20,57,49,106,8.00,24.00,-8.00,0.90,11.1,27,147,2.0000,0.0370,29.00,106.00,4194.59,0.3882,UP,120.10,0.8826,1.0812
20261006 195922 557,4197.30,1,4197.10,4197.30,0.20,4197.10,1,4197.00,4,4196.90,9,4196.80,13,4196.70,10,4196.60,19,4196.50,21,4196.40,18,4196.30,17,4196.20,20,4197.30,7,4197.40,27,4197.50,9,4197.60,9,4197.70,8,4197.80,11,4197.90,15,4198.00,13,4198.10,13,4198.20,13,Buy,24,50,74,-26.00,5.00,-28.00,0.50,60.0,4197.00,4197.40,4196.90,4197.30,57,49,106,8.00,24.00,-8.00,0.90,11.1,27,147,2.0000,0.0769,30.00,107.00,4194.60,0.3914,UP,120.10,0.8826,1.0812
20261006 195922 557,4197.30,1,4197.10,4197.30,0.20,4197.10,1,4197.00,4,4196.90,9,4196.80,13,4196.70,10,4196.60,19,4196.50,21,4196.40,18,4196.30,17,4196.20,20,4197.30,7,4197.40,27,4197.50,9,4197.60,9,4197.70,8,4197.80,11,4197.90,15,4198.00,13,4198.10,13,4198.20,13,Buy,25,50,75,-25.00,5.00,-28.00,0.50,60.0,4197.00,4197.40,4196.90,4197.30,57,49,106,8.00,24.00,-8.00,0.90,11.1,27,147,2.0000,0.1200,31.00,108.00,4194.60,0.3914,UP,120.10,0.8826,1.0812
20261006 195922 557,4197.30,1,4197.10,4197.30,0.20,4197.10,1,4197.00,4,4196.90,9,4196.80,13,4196.70,10,4196.60,19,4196.50,21,4196.40,18,4196.30,17,4196.20,20,4197.30,7,4197.40,27,4197.50,9,4197.60,9,4197.70,8,4197.80,11,4197.90,15,4198.00,13,4198.10,13,4198.20,13,Buy,26,50,76,-24.00,5.00,-28.00,0.50,60.0,4197.00,4197.40,4196.90,4197.30,57,49,106,8.00,24.00,-8.00,0.90,11.1,27,147,2.0000,0.1667,32.00,109.00,4194.60,0.3914,UP,120.10,0.8826,1.0812
20261006 195922 557,4197.30,1,4197.10,4197.30,0.20,4197.10,1,4197.00,4,4196.90,9,4196.80,13,4196.70,10,4196.60,19,4196.50,21,4196.40,18,4196.30,17,4196.20,20,4197.30,7,4197.40,27,4197.50,9,4197.60,9,4197.70,8,4197.80,11,4197.90,15,4198.00,13,4198.10,13,4198.20,13,Buy,27,50,77,-23.00,5.00,-28.00,0.50,60.0,4197.00,4197.40,4196.90,4197.30,57,49,106,8.00,24.00,-8.00,0.90,11.1,27,147,2.0000,0.2174,33.00,110.00,4194.60,0.3914,UP,120.10,0.8826,1.0812
20261006 195922 557,4197.40,1,4197.10,4197.30,0.20,4197.10,1,4197.00,4,4196.90,9,4196.80,13,4196.70,10,4196.60,19,4196.50,21,4196.40,18,4196.30,17,4196.20,20,4197.30,7,4197.40,27,4197.50,9,4197.60,9,4197.70,8,4197.80,11,4197.90,15,4198.00,13,4198.10,13,4198.20,13,Buy,28,50,78,-22.00,5.00,-28.00,0.50,80.0,4197.00,4197.40,4196.90,4197.40,57,49,106,8.00,24.00,-8.00,0.90,11.1,27,147,2.0000,0.2727,34.00,111.00,4194.61,0.3946,UP,120.10,0.8826,1.0812
20261006 195922 750,4197.20,1,4197.10,4197.30,0.20,4197.10,4,4197.00,4,4196.90,9,4196.80,13,4196.70,10,4196.60,19,4196.50,21,4196.40,18,4196.30,17,4196.20,20,4197.30,3,4197.40,28,4197.50,9,4197.60,9,4197.70,8,4197.80,11,4197.90,15,4198.00,13,4198.10,13,4198.20,13,Sell,28,51,79,-23.00,5.00,-28.00,0.50,40.0,4197.00,4197.40,4196.90,4197.20,57,49,106,8.00,24.00,-8.00,0.90,11.1,27,147,2.0000,0.2174,33.00,110.00,4194.59,0.3882,UP,120.10,0.8826,1.0812
20261006 195926 351,4197.40,17,4197.30,4197.50,0.20,4197.30,11,4197.20,4,4197.10,6,4197.00,8,4196.90,11,4196.80,13,4196.70,10,4196.60,19,4196.50,21,4196.40,18,4197.50,2,4197.60,9,4197.70,8,4197.80,11,4197.90,7,4198.00,13,4198.10,13,4198.20,13,4198.30,16,4198.40,17,Buy,45,51,96,-6.00,5.00,-28.00,0.50,80.0,4197.00,4197.40,4196.90,4197.40,57,49,106,8.00,24.00,-8.00,0.90,11.1,27,147,2.0000,3.6667,50.00,127.00,4194.61,0.3946,UP,120.10,0.8826,1.0812
20261006 195928 125,4197.60,1,4197.40,4197.50,0.10,4197.40,1,4197.30,2,4197.20,7,4197.10,7,4197.00,8,4196.90,11,4196.80,23,4196.70,20,4196.60,19,4196.50,21,4197.50,4,4197.60,9,4197.70,8,4197.80,11,4197.90,8,4198.00,13,4198.10,13,4198.20,13,4198.30,16,4198.40,17,Buy,46,51,97,-5.00,5.00,-28.00,0.70,85.7,4197.00,4197.60,4196.90,4197.60,57,49,106,8.00,24.00,-8.00,0.90,11.1,27,147,2.0000,4.6000,51.00,128.00,4194.63,0.4009,UP,120.10,0.8826,1.0955
20261006 195928 125,4197.60,1,4197.40,4197.50,0.10,4197.40,1,4197.30,2,4197.20,7,4197.10,7,4197.00,8,4196.90,11,4196.80,23,4196.70,20,4196.60,19,4196.50,21,4197.50,4,4197.60,9,4197.70,8,4197.80,11,4197.90,8,4198.00,13,4198.10,13,4198.20,13,4198.30,16,4198.40,17,Buy,47,51,98,-4.00,5.00,-28.00,0.70,85.7,4197.00,4197.60,4196.90,4197.60,57,49,106,8.00,24.00,-8.00,0.90,11.1,27,147,2.0000,6.0000,52.00,129.00,4194.63,0.4009,UP,120.10,0.8826,1.0955
20261006 195928 125,4197.60,2,4197.40,4197.50,0.10,4197.40,1,4197.30,2,4197.20,7,4197.10,7,4197.00,8,4196.90,11,4196.80,23,4196.70,20,4196.60,19,4196.50,21,4197.50,4,4197.60,9,4197.70,8,4197.80,11,4197.90,8,4198.00,13,4198.10,13,4198.20,13,4198.30,16,4198.40,17,Buy,49,51,100,-2.00,5.00,-28.00,0.70,85.7,4197.00,4197.60,4196.90,4197.60,57,49,106,8.00,24.00,-8.00,0.90,11.1,27,147,2.0000,13.0000,54.00,131.00,4194.63,0.4009,UP,120.10,0.8826,1.0955
20261006 195928 125,4197.60,1,4197.40,4197.50,0.10,4197.40,1,4197.30,2,4197.20,7,4197.10,7,4197.00,8,4196.90,11,4196.80,23,4196.70,20,4196.60,19,4196.50,21,4197.50,4,4197.60,9,4197.70,8,4197.80,11,4197.90,8,4198.00,13,4198.10,13,4198.20,13,4198.30,16,4198.40,17,Buy,50,51,101,-1.00,5.00,-28.00,0.70,85.7,4197.00,4197.60,4196.90,4197.60,57,49,106,8.00,24.00,-8.00,0.90,11.1,27,147,2.0000,27.0000,55.00,132.00,4194.63,0.4009,UP,120.10,0.8826,1.0955
20261006 195928 127,4197.50,1,4197.40,4197.50,0.10,4197.40,1,4197.30,2,4197.20,7,4197.10,7,4197.00,8,4196.90,11,4196.80,23,4196.70,20,4196.60,19,4196.50,21,4197.50,4,4197.60,9,4197.70,8,4197.80,11,4197.90,8,4198.00,13,4198.10,13,4198.20,13,4198.30,16,4198.40,17,Sell,50,52,102,-2.00,5.00,-28.00,0.70,71.4,4197.00,4197.60,4196.90,4197.50,57,49,106,8.00,24.00,-8.00,0.90,11.1,27,147,2.0000,13.0000,54.00,131.00,4194.62,0.3977,UP,120.10,0.8826,1.0955
20261006 195928 142,4197.40,4,4197.40,4197.50,0.10,4197.40,1,4197.30,2,4197.20,7,4197.10,7,4197.00,8,4196.90,11,4196.80,23,4196.70,20,4196.60,19,4196.50,21,4197.50,4,4197.60,9,4197.70,8,4197.80,11,4197.90,8,4198.00,13,4198.10,13,4198.20,13,4198.30,16,4198.40,17,Sell,50,56,106,-6.00,5.00,-28.00,0.70,57.1,4197.00,4197.60,4196.90,4197.40,57,49,106,8.00,24.00,-8.00,0.90,11.1,27,147,2.0000,3.6667,50.00,127.00,4194.61,0.3946,UP,120.10,0.8826,1.0955
20261006 195928 227,4197.40,1,4197.30,4197.50,0.20,4197.30,3,4197.20,6,4197.10,7,4197.00,8,4196.90,11,4196.80,23,4196.70,20,4196.60,19,4196.50,21,4196.40,18,4197.50,4,4197.60,9,4197.70,8,4197.80,11,4197.90,8,4198.00,13,4198.10,13,4198.20,13,4198.30,16,4198.40,17,Sell,50,57,107,-7.00,5.00,-28.00,0.70,57.1,4197.00,4197.60,4196.90,4197.40,57,49,106,8.00,24.00,-8.00,0.90,11.1,27,147,2.0000,3.0000,49.00,126.00,4194.61,0.3946,UP,120.10,0.8826,1.0955
20261006 195928 366,4197.50,1,4197.30,4197.50,0.20,4197.30,3,4197.20,6,4197.10,7,4197.00,8,4196.90,11,4196.80,23,4196.70,20,4196.60,19,4196.50,21,4196.40,18,4197.50,4,4197.60,9,4197.70,8,4197.80,11,4197.90,8,4198.00,13,4198.10,13,4198.20,13,4198.30,16,4198.40,17,Buy,51,57,108,-6.00,5.00,-28.00,0.70,71.4,4197.00,4197.60,4196.90,4197.50,57,49,106,8.00,24.00,-8.00,0.90,11.1,27,147,2.0000,3.6667,50.00,127.00,4194.62,0.3977,UP,120.10,0.8826,1.0955
20261006 195928 366,4197.50,1,4197.30,4197.50,0.20,4197.30,3,4197.20,6,4197.10,7,4197.00,8,4196.90,11,4196.80,23,4196.70,20,4196.60,19,4196.50,21,4196.40,18,4197.50,4,4197.60,9,4197.70,8,4197.80,11,4197.90,8,4198.00,13,4198.10,13,4198.20,13,4198.30,16,4198.40,17,Buy,52,57,109,-5.00,5.00,-28.00,0.70,71.4,4197.00,4197.60,4196.90,4197.50,57,49,106,8.00,24.00,-8.00,0.90,11.1,27,147,2.0000,4.6000,51.00,128.00,4194.62,0.3977,UP,120.10,0.8826,1.0955
20261006 195928 978,4197.40,1,4197.20,4197.40,0.20,4197.20,4,4197.10,6,4197.00,8,4196.90,11,4196.80,13,4196.70,20,4196.60,19,4196.50,21,4196.40,18,4196.30,17,4197.40,5,4197.50,8,4197.60,10,4197.70,8,4197.80,11,4197.90,8,4198.00,13,4198.10,13,4198.20,13,4198.30,16,Buy,53,57,110,-4.00,5.00,-28.00,0.70,57.1,4197.00,4197.60,4196.90,4197.40,57,49,106,8.00,24.00,-8.00,0.90,11.1,27,147,2.0000,6.0000,52.00,129.00,4194.61,0.3946,UP,120.10,0.8826,1.0955
20261006 195928 978,4197.40,1,4197.20,4197.40,0.20,4197.20,4,4197.10,6,4197.00,8,4196.90,11,4196.80,13,4196.70,20,4196.60,19,4196.50,21,4196.40,18,4196.30,17,4197.40,5,4197.50,8,4197.60,10,4197.70,8,4197.80,11,4197.90,8,4198.00,13,4198.10,13,4198.20,13,4198.30,16,Buy,54,57,111,-3.00,5.00,-28.00,0.70,57.1,4197.00,4197.60,4196.90,4197.40,57,49,106,8.00,24.00,-8.00,0.90,11.1,27,147,2.0000,8.3333,53.00,130.00,4194.61,0.3946,UP,120.10,0.8826,1.0955
20261006 195928 978,4197.40,1,4197.20,4197.40,0.20,4197.20,4,4197.10,6,4197.00,8,4196.90,11,4196.80,13,4196.70,20,4196.60,19,4196.50,21,4196.40,18,4196.30,17,4197.40,5,4197.50,8,4197.60,10,4197.70,8,4197.80,11,4197.90,8,4198.00,13,4198.10,13,4198.20,13,4198.30,16,Buy,55,57,112,-2.00,5.00,-28.00,0.70,57.1,4197.00,4197.60,4196.90,4197.40,57,49,106,8.00,24.00,-8.00,0.90,11.1,27,147,2.0000,13.0000,54.00,131.00,4194.61,0.3946,UP,120.10,0.8826,1.0955
20261006 195928 980,4197.40,1,4197.20,4197.40,0.20,4197.20,4,4197.10,6,4197.00,8,4196.90,11,4196.80,13,4196.70,20,4196.60,19,4196.50,21,4196.40,18,4196.30,17,4197.40,5,4197.50,8,4197.60,10,4197.70,8,4197.80,11,4197.90,8,4198.00,13,4198.10,13,4198.20,13,4198.30,16,Buy,56,57,113,-1.00,5.00,-28.00,0.70,57.1,4197.00,4197.60,4196.90,4197.40,57,49,106,8.00,24.00,-8.00,0.90,11.1,27,147,2.0000,27.0000,55.00,132.00,4194.61,0.3946,UP,120.10,0.8826,1.0955
20261006 195928 980,4197.40,1,4197.20,4197.40,0.20,4197.20,4,4197.10,6,4197.00,8,4196.90,11,4196.80,13,4196.70,20,4196.60,19,4196.50,21,4196.40,18,4196.30,17,4197.40,5,4197.50,8,4197.60,10,4197.70,8,4197.80,11,4197.90,8,4198.00,13,4198.10,13,4198.20,13,4198.30,16,Buy,57,57,114,0.00,5.00,-28.00,0.70,57.1,4197.00,4197.60,4196.90,4197.40,57,49,106,8.00,24.00,-8.00,0.90,11.1,27,147,2.0000,5.0000,56.00,133.00,4194.61,0.3946,UP,120.10,0.8826,1.0955
20261006 195929 129,4197.40,1,4197.20,4197.40,0.20,4197.20,4,4197.10,6,4197.00,8,4196.90,11,4196.80,13,4196.70,20,4196.60,19,4196.50,21,4196.40,18,4196.30,17,4197.40,2,4197.50,8,4197.60,10,4197.70,8,4197.80,11,4197.90,8,4198.00,13,4198.10,13,4198.20,13,4198.30,16,Buy,58,57,115,1.00,5.00,-28.00,0.70,57.1,4197.00,4197.60,4196.90,4197.40,57,49,106,8.00,24.00,-8.00,0.90,11.1,27,147,2.0000,4.0000,57.00,134.00,4194.61,0.3946,UP,120.10,0.8826,1.0955
20261006 195929 129,4197.40,1,4197.20,4197.40,0.20,4197.20,4,4197.10,6,4197.00,8,4196.90,11,4196.80,13,4196.70,20,4196.60,19,4196.50,21,4196.40,18,4196.30,17,4197.40,2,4197.50,8,4197.60,10,4197.70,8,4197.80,11,4197.90,8,4198.00,13,4198.10,13,4198.20,13,4198.30,16,Buy,59,57,116,2.00,5.00,-28.00,0.70,57.1,4197.00,4197.60,4196.90,4197.40,57,49,106,8.00,24.00,-8.00,0.90,11.1,27,147,2.0000,1.5000,58.00,135.00,4194.61,0.3946,UP,120.10,0.8826,1.0955
20261006 195929 354,4197.40,1,4197.20,4197.40,0.20,4197.20,4,4197.10,6,4197.00,8,4196.90,11,4196.80,13,4196.70,20,4196.60,19,4196.50,21,4196.40,18,4196.30,17,4197.40,2,4197.50,8,4197.60,10,4197.70,8,4197.80,11,4197.90,8,4198.00,13,4198.10,13,4198.20,13,4198.30,16,Buy,60,57,117,3.00,5.00,-28.00,0.70,57.1,4197.00,4197.60,4196.90,4197.40,57,49,106,8.00,24.00,-8.00,0.90,11.1,27,147,2.0000,0.6667,59.00,136.00,4194.61,0.3946,UP,120.10,0.8826,1.0955
20261006 195931 058,4197.40,1,4197.30,4197.50,0.20,4197.30,3,4197.20,7,4197.10,7,4197.00,8,4196.90,11,4196.80,13,4196.70,20,4196.60,19,4196.50,21,4196.40,18,4197.50,4,4197.60,10,4197.70,8,4197.80,11,4197.90,8,4198.00,13,4198.10,13,4198.20,13,4198.30,16,4198.40,17,Buy,61,57,118,4.00,5.00,-28.00,0.70,57.1,4197.00,4197.60,4196.90,4197.40,57,49,106,8.00,24.00,-8.00,0.90,11.1,27,147,2.0000,0.2500,60.00,137.00,4194.61,0.3946,UP,120.10,0.8826,1.0955
20261006 195932 259,4197.40,1,4197.30,4197.40,0.10,4197.30,6,4197.20,5,4197.10,6,4197.00,8,4196.90,11,4196.80,13,4196.70,20,4196.60,19,4196.50,21,4196.40,18,4197.50,6,4197.60,11,4197.70,8,4197.80,11,4197.90,8,4198.00,13,4198.10,13,4198.20,13,4198.30,16,4198.40,17,Buy,62,57,119,5.00,5.00,-28.00,0.70,57.1,4197.00,4197.60,4196.90,4197.40,57,49,106,8.00,24.00,-8.00,0.90,11.1,27,147,2.0000,0.0000,61.00,138.00,4194.61,0.3946,UP,120.10,0.8826,1.0955
20261006 195932 413,4197.50,1,4197.30,4197.50,0.20,4197.30,6,4197.20,5,4197.10,6,4197.00,8,4196.90,11,4196.80,13,4196.70,20,4196.60,19,4196.50,21,4196.40,18,4197.50,6,4197.60,11,4197.70,8,4197.80,11,4197.90,8,4198.00,13,4198.10,13,4198.20,13,4198.30,16,4198.40,17,Buy,63,57,120,6.00,6.00,-28.00,0.70,71.4,4197.00,4197.60,4196.90,4197.50,57,49,106,8.00,24.00,-8.00,0.90,11.1,27,147,2.0000,0.0000,62.00,139.00,4194.62,0.3977,UP,120.10,0.8826,1.0955
20261006 195932 501,4197.40,1,4197.30,4197.50,0.20,4197.30,6,4197.20,5,4197.10,6,4197.00,8,4196.90,11,4196.80,13,4196.70,20,4196.60,19,4196.50,21,4196.40,18,4197.50,7,4197.60,11,4197.70,8,4197.80,11,4197.90,8,4198.00,13,4198.10,13,4198.20,13,4198.30,16,4198.40,17,Buy,64,57,121,7.00,7.00,-28.00,0.70,57.1,4197.00,4197.60,4196.90,4197.40,57,49,106,8.00,24.00,-8.00,0.90,11.1,27,147,2.0000,0.0000,63.00,140.00,4194.61,0.3946,UP,120.10,0.8826,1.0955
20261006 195932 520,4197.30,1,4197.30,4197.50,0.20,4197.30,6,4197.20,5,4197.10,6,4197.00,8,4196.90,11,4196.80,13,4196.70,20,4196.60,19,4196.50,21,4196.40,18,4197.50,7,4197.60,11,4197.70,8,4197.80,11,4197.90,8,4198.00,13,4198.10,13,4198.20,13,4198.30,16,4198.40,17,Sell,64,58,122,6.00,7.00,-28.00,0.70,42.9,4197.00,4197.60,4196.90,4197.30,57,49,106,8.00,24.00,-8.00,0.90,11.1,27,147,2.0000,0.1667,62.00,139.00,4194.60,0.3914,UP,120.10,0.8826,1.0955
20261006 195932 542,4197.50,1,4197.30,4197.40,0.10,4197.30,5,4197.20,5,4197.10,6,4197.00,8,4196.90,11,4196.80,13,4196.70,20,4196.60,19,4196.50,21,4196.40,18,4197.50,8,4197.60,11,4197.70,8,4197.80,11,4197.90,8,4198.00,13,4198.10,13,4198.20,13,4198.30,16,4198.40,17,Buy,65,58,123,7.00,7.00,-28.00,0.70,71.4,4197.00,4197.60,4196.90,4197.50,57,49,106,8.00,24.00,-8.00,0.90,11.1,27,147,2.0000,0.0000,63.00,140.00,4194.62,0.3977,UP,120.10,0.8826,1.0955
20261006 195932 600,4197.40,1,4197.30,4197.40,0.10,4197.30,5,4197.20,5,4197.10,6,4197.00,8,4196.90,11,4196.80,13,4196.70,20,4196.60,19,4196.50,21,4196.40,18,4197.50,8,4197.60,11,4197.70,8,4197.80,11,4197.90,8,4198.00,13,4198.10,13,4198.20,13,4198.30,16,4198.40,17,Buy,66,58,124,8.00,8.00,-28.00,0.70,57.1,4197.00,4197.60,4196.90,4197.40,57,49,106,8.00,24.00,-8.00,0.90,11.1,27,147,2.0000,0.0000,64.00,141.00,4194.61,0.3946,UP,120.10,0.8826,1.0955
20261006 195933 134,4197.50,4,4197.50,4197.60,0.10,4197.40,1,4197.30,5,4197.20,7,4197.10,7,4197.00,9,4196.90,11,4196.80,23,4196.70,20,4196.60,19,4196.50,21,4197.60,6,4197.70,9,4197.80,11,4197.90,8,4198.00,13,4198.10,13,4198.20,13,4198.30,16,4198.40,17,4198.50,15,Sell,66,62,128,4.00,8.00,-28.00,0.70,71.4,4197.00,4197.60,4196.90,4197.50,57,49,106,8.00,24.00,-8.00,0.90,11.1,27,147,2.0000,1.0000,60.00,137.00,4194.62,0.3977,UP,120.10,0.8826,1.0955
20261006 195933 134,4197.50,1,4197.50,4197.60,0.10,4197.40,1,4197.30,5,4197.20,7,4197.10,7,4197.00,9,4196.90,11,4196.80,23,4196.70,20,4196.60,19,4196.50,21,4197.60,6,4197.70,9,4197.80,11,4197.90,8,4198.00,13,4198.10,13,4198.20,13,4198.30,16,4198.40,17,4198.50,15,Sell,66,63,129,3.00,8.00,-28.00,0.70,71.4,4197.00,4197.60,4196.90,4197.50,57,49,106,8.00,24.00,-8.00,0.90,11.1,27,147,2.0000,1.6667,59.00,136.00,4194.62,0.3977,UP,120.10,0.8826,1.0955
20261006 195933 225,4197.50,1,4197.30,4197.50,0.20,4197.40,1,4197.30,5,4197.20,7,4197.10,7,4197.00,9,4196.90,11,4196.80,23,4196.70,20,4196.60,19,4196.50,21,4197.60,6,4197.70,9,4197.80,11,4197.90,8,4198.00,13,4198.10,13,4198.20,13,4198.30,16,4198.40,17,4198.50,15,Buy,67,63,130,4.00,8.00,-28.00,0.70,71.4,4197.00,4197.60,4196.90,4197.50,57,49,106,8.00,24.00,-8.00,0.90,11.1,27,147,2.0000,1.0000,60.00,137.00,4194.62,0.3977,UP,120.10,0.8826,1.0955
20261006 195934 125,4197.50,1,4197.30,4197.50,0.20,4197.40,1,4197.30,5,4197.20,8,4197.10,7,4197.00,9,4196.90,11,4196.80,23,4196.70,20,4196.60,19,4196.50,21,4197.50,2,4197.60,8,4197.70,9,4197.80,11,4197.90,8,4198.00,13,4198.10,13,4198.20,13,4198.30,16,4198.40,18,Buy,68,63,131,5.00,8.00,-28.00,0.70,71.4,4197.00,4197.60,4196.90,4197.50,57,49,106,8.00,24.00,-8.00,0.90,11.1,27,147,2.0000,0.6000,61.00,138.00,4194.62,0.3977,UP,120.10,0.8826,1.0955
20261006 195934 811,4197.30,1,4197.30,4197.50,0.20,4197.30,6,4197.20,7,4197.10,7,4197.00,9,4196.90,11,4196.80,23,4196.70,20,4196.60,19,4196.50,21,4196.40,18,4197.50,3,4197.60,9,4197.70,9,4197.80,11,4197.90,8,4198.00,13,4198.10,13,4198.20,13,4198.30,16,4198.40,18,Sell,68,64,132,4.00,8.00,-28.00,0.70,42.9,4197.00,4197.60,4196.90,4197.30,57,49,106,8.00,24.00,-8.00,0.90,11.1,27,147,2.0000,1.0000,60.00,137.00,4194.60,0.3914,UP,120.10,0.8826,1.0955
20261006 195935 119,4197.50,1,4197.40,4197.60,0.20,4197.40,2,4197.30,8,4197.20,7,4197.10,7,4197.00,9,4196.90,11,4196.80,23,4196.70,20,4196.60,19,4196.50,21,4197.60,6,4197.70,9,4197.80,11,4197.90,8,4198.00,13,4198.10,13,4198.20,13,4198.30,16,4198.40,18,4198.50,15,Buy,69,64,133,5.00,8.00,-28.00,0.70,71.4,4197.00,4197.60,4196.90,4197.50,57,49,106,8.00,24.00,-8.00,0.90,11.1,27,147,2.0000,0.6000,61.00,138.00,4194.62,0.3977,UP,120.10,0.8826,1.0955
20261006 195935 246,4197.30,1,4197.30,4197.50,0.20,4197.30,5,4197.20,7,4197.10,7,4197.00,9,4196.90,11,4196.80,23,4196.70,20,4196.60,19,4196.50,21,4196.40,18,4197.50,3,4197.60,7,4197.70,9,4197.80,11,4197.90,8,4198.00,13,4198.10,13,4198.20,13,4198.30,16,4198.40,18,Sell,69,65,134,4.00,8.00,-28.00,0.70,42.9,4197.00,4197.60,4196.90,4197.30,57,49,106,8.00,24.00,-8.00,0.90,11.1,27,147,2.0000,1.0000,60.00,137.00,4194.60,0.3914,UP,120.10,0.8826,1.0955
20261006 195935 713,4197.30,1,4197.30,4197.50,0.20,4197.30,1,4197.20,7,4197.10,7,4197.00,9,4196.90,11,4196.80,23,4196.70,20,4196.60,19,4196.50,21,4196.40,18,4197.50,6,4197.60,8,4197.70,9,4197.80,11,4197.90,8,4198.00,13,4198.10,13,4198.20,13,4198.30,16,4198.40,18,Sell,69,66,135,3.00,8.00,-28.00,0.70,42.9,4197.00,4197.60,4196.90,4197.30,57,49,106,8.00,24.00,-8.00,0.90,11.1,27,147,2.0000,1.6667,59.00,136.00,4194.60,0.3914,UP,120.10,0.8826,1.0955
20261006 195936 227,4197.20,2,4197.00,4197.20,0.20,4197.00,3,4196.90,8,4196.80,12,4196.70,10,4196.60,19,4196.50,21,4196.40,18,4196.30,17,4196.20,21,4196.10,21,4197.20,5,4197.30,8,4197.40,9,4197.50,8,4197.60,9,4197.70,9,4197.80,11,4197.90,16,4198.00,13,4198.10,13,Sell,69,68,137,1.00,8.00,-28.00,0.70,28.6,4197.00,4197.60,4196.90,4197.20,57,49,106,8.00,24.00,-8.00,0.90,11.1,27,147,2.0000,7.0000,57.00,134.00,4194.59,0.3882,UP,120.10,0.8826,1.0955
20261006 195936 254,4197.20,1,4197.00,4197.20,0.20,4197.00,2,4196.90,8,4196.80,12,4196.70,10,4196.60,19,4196.50,21,4196.40,18,4196.30,17,4196.20,21,4196.10,21,4197.20,4,4197.30,8,4197.40,9,4197.50,8,4197.60,9,4197.70,9,4197.80,11,4197.90,16,4198.00,13,4198.10,13,Buy,70,68,138,2.00,8.00,-28.00,0.70,28.6,4197.00,4197.60,4196.90,4197.20,57,49,106,8.00,24.00,-8.00,0.90,11.1,27,147,2.0000,3.0000,58.00,135.00,4194.59,0.3882,UP,120.10,0.8826,1.0955
20261006 195936 927,4197.10,1,4197.10,4197.40,0.30,4197.10,5,4197.00,7,4196.90,8,4196.80,12,4196.70,10,4196.60,19,4196.50,21,4196.40,18,4196.30,17,4196.20,21,4197.40,9,4197.50,9,4197.60,9,4197.70,9,4197.80,11,4197.90,16,4198.00,13,4198.10,13,4198.20,13,4198.30,16,Sell,70,69,139,1.00,8.00,-28.00,0.70,14.3,4197.00,4197.60,4196.90,4197.10,57,49,106,8.00,24.00,-8.00,0.90,11.1,27,147,2.0000,7.0000,57.00,134.00,4194.58,0.3850,UP,120.10,0.8826,1.0955
20261006 195937 716,4197.40,1,4197.20,4197.40,0.20,4197.20,1,4197.10,6,4197.00,7,4196.90,8,4196.80,12,4196.70,10,4196.60,19,4196.50,21,4196.40,18,4196.30,17,4197.40,7,4197.50,9,4197.60,9,4197.70,9,4197.80,11,4197.90,16,4198.00,13,4198.10,13,4198.20,13,4198.30,16,Buy,71,69,140,2.00,8.00,-28.00,0.70,57.1,4197.00,4197.60,4196.90,4197.40,57,49,106,8.00,24.00,-8.00,0.90,11.1,27,147,2.0000,3.0000,58.00,135.00,4194.61,0.3946,UP,120.10,0.8826,1.0955
20261006 195937 716,4197.40,1,4197.20,4197.40,0.20,4197.20,1,4197.10,6,4197.00,7,4196.90,8,4196.80,12,4196.70,10,4196.60,19,4196.50,21,4196.40,18,4196.30,17,4197.40,7,4197.50,9,4197.60,9,4197.70,9,4197.80,11,4197.90,16,4198.00,13,4198.10,13,4198.20,13,4198.30,16,Buy,72,69,141,3.00,8.00,-28.00,0.70,57.1,4197.00,4197.60,4196.90,4197.40,57,49,106,8.00,24.00,-8.00,0.90,11.1,27,147,2.0000,1.6667,59.00,136.00,4194.61,0.3946,UP,120.10,0.8826,1.0955
20261006 195941 040,4197.00,1,4197.00,4197.20,0.20,4197.00,1,4196.90,5,4196.80,12,4196.70,10,4196.60,9,4196.50,21,4196.40,18,4196.30,17,4196.20,21,4196.10,21,4197.20,6,4197.30,8,4197.40,9,4197.50,9,4197.60,9,4197.70,9,4197.80,11,4197.90,16,4198.00,13,4198.10,13,Sell,72,70,142,2.00,8.00,-28.00,0.70,0.0,4197.00,4197.60,4196.90,4197.00,57,49,106,8.00,24.00,-8.00,0.90,11.1,27,147,2.0000,3.0000,58.00,135.00,4194.57,0.3819,UP,120.10,0.8826,1.0955
20261006 195941 194,4197.00,1,4196.90,4197.10,0.20,4196.90,1,4196.80,12,4196.70,10,4196.60,9,4196.50,11,4196.40,18,4196.30,17,4196.20,21,4196.10,21,4196.00,25,4197.10,8,4197.20,9,4197.30,8,4197.40,10,4197.50,9,4197.60,9,4197.70,9,4197.80,19,4197.90,16,4198.00,13,Sell,72,71,143,1.00,8.00,-28.00,0.70,0.0,4197.00,4197.60,4196.90,4197.00,57,49,106,8.00,24.00,-8.00,0.90,11.1,27,147,2.0000,7.0000,57.00,134.00,4194.57,0.3819,UP,120.10,0.8826,1.0955
20261006 195941 937,4196.80,1,4196.80,4197.00,0.20,4196.80,5,4196.70,8,4196.60,9,4196.50,11,4196.40,8,4196.30,17,4196.20,21,4196.10,21,4196.00,25,4195.90,21,4197.00,3,4197.10,7,4197.20,9,4197.30,9,4197.40,10,4197.50,10,4197.60,9,4197.70,17,4197.80,19,4197.90,16,Sell,72,72,144,0.00,8.00,-28.00,0.80,25.0,4197.00,4197.60,4196.80,4196.80,57,49,106,8.00,24.00,-8.00,0.90,11.1,27,147,2.0000,8.0000,56.00,133.00,4194.55,0.3755,UP,120.10,0.8826,1.0955
20261006 195942 056,4197.00,1,4196.80,4197.00,0.20,4196.80,4,4196.70,8,4196.60,9,4196.50,11,4196.40,8,4196.30,17,4196.20,21,4196.10,21,4196.00,25,4195.90,21,4197.00,2,4197.10,7,4197.20,9,4197.30,9,4197.40,10,4197.50,10,4197.60,17,4197.70,17,4197.80,19,4197.90,16,Buy,73,72,145,1.00,8.00,-28.00,0.80,0.0,4197.00,4197.60,4196.80,4197.00,57,49,106,8.00,24.00,-8.00,0.90,11.1,27,147,2.0000,7.0000,57.00,134.00,4194.57,0.3819,UP,120.10,0.8826,1.0955
20261006 195944 855,4197.00,1,4196.80,4197.00,0.20,4196.80,6,4196.70,8,4196.60,9,4196.50,11,4196.40,8,4196.30,17,4196.20,21,4196.10,21,4196.00,25,4195.90,21,4197.00,1,4197.10,8,4197.20,9,4197.30,9,4197.40,10,4197.50,10,4197.60,17,4197.70,17,4197.80,19,4197.90,16,Sell,73,73,146,0.00,8.00,-28.00,0.80,0.0,4197.00,4197.60,4196.80,4197.00,57,49,106,8.00,24.00,-8.00,0.90,11.1,27,147,2.0000,8.0000,56.00,133.00,4194.57,0.3819,UP,120.10,0.8826,1.0955
20261006 195944 934,4197.10,1,4196.80,4197.00,0.20,4196.80,5,4196.70,8,4196.60,9,4196.50,11,4196.40,8,4196.30,17,4196.20,21,4196.10,21,4196.00,25,4195.90,21,4197.00,2,4197.10,8,4197.20,9,4197.30,9,4197.40,10,4197.50,10,4197.60,17,4197.70,17,4197.80,19,4197.90,16,Buy,74,73,147,1.00,8.00,-28.00,0.80,12.5,4197.00,4197.60,4196.80,4197.10,57,49,106,8.00,24.00,-8.00,0.90,11.1,27,147,2.0000,7.0000,57.00,134.00,4194.58,0.3850,UP,120.10,0.8826,1.0955
20261006 195945 008,4197.00,1,4196.90,4197.10,0.20,4196.90,5,4196.80,7,4196.70,8,4196.60,9,4196.50,11,4196.40,8,4196.30,17,4196.20,21,4196.10,21,4196.00,25,4197.10,3,4197.20,9,4197.30,9,4197.40,10,4197.50,10,4197.60,17,4197.70,17,4197.80,19,4197.90,16,4198.00,13,Buy,75,73,148,2.00,8.00,-28.00,0.80,0.0,4197.00,4197.60,4196.80,4197.00,57,49,106,8.00,24.00,-8.00,0.90,11.1,27,147,2.0000,3.0000,58.00,135.00,4194.57,0.3819,UP,120.10,0.8826,1.0955
20261006 195945 008,4197.00,1,4196.90,4197.10,0.20,4196.90,5,4196.80,7,4196.70,8,4196.60,9,4196.50,11,4196.40,8,4196.30,17,4196.20,21,4196.10,21,4196.00,25,4197.10,3,4197.20,9,4197.30,9,4197.40,10,4197.50,10,4197.60,17,4197.70,17,4197.80,19,4197.90,16,4198.00,13,Buy,76,73,149,3.00,8.00,-28.00,0.80,0.0,4197.00,4197.60,4196.80,4197.00,57,49,106,8.00,24.00,-8.00,0.90,11.1,27,147,2.0000,1.6667,59.00,136.00,4194.57,0.3819,UP,120.10,0.8826,1.0955
20261006 195945 008,4197.00,1,4196.90,4197.10,0.20,4196.90,5,4196.80,7,4196.70,8,4196.60,9,4196.50,11,4196.40,8,4196.30,17,4196.20,21,4196.10,21,4196.00,25,4197.10,3,4197.20,9,4197.30,9,4197.40,10,4197.50,10,4197.60,17,4197.70,17,4197.80,19,4197.90,16,4198.00,13,Buy,77,73,150,4.00,8.00,-28.00,0.80,0.0,4197.00,4197.60,4196.80,4197.00,57,49,106,8.00,24.00,-8.00,0.90,11.1,27,147,2.0000,1.0000,60.00,137.00,4194.57,0.3819,UP,120.10,0.8826,1.0955
20261006 195945 008,4197.00,1,4196.90,4197.10,0.20,4196.90,5,4196.80,7,4196.70,8,4196.60,9,4196.50,11,4196.40,8,4196.30,17,4196.20,21,4196.10,21,4196.00,25,4197.10,3,4197.20,9,4197.30,9,4197.40,10,4197.50,10,4197.60,17,4197.70,17,4197.80,19,4197.90,16,4198.00,13,Buy,78,73,151,5.00,8.00,-28.00,0.80,0.0,4197.00,4197.60,4196.80,4197.00,57,49,106,8.00,24.00,-8.00,0.90,11.1,27,147,2.0000,0.6000,61.00,138.00,4194.57,0.3819,UP,120.10,0.8826,1.0955
20261006 195945 208,4197.10,1,4197.00,4197.20,0.20,4197.00,2,4196.90,10,4196.80,7,4196.70,9,4196.60,9,4196.50,11,4196.40,8,4196.30,17,4196.20,21,4196.10,21,4197.20,8,4197.30,8,4197.40,10,4197.50,10,4197.60,17,4197.70,17,4197.80,19,4197.90,16,4198.00,13,4198.10,13,Buy,79,73,152,6.00,8.00,-28.00,0.80,12.5,4197.00,4197.60,4196.80,4197.10,57,49,106,8.00,24.00,-8.00,0.90,11.1,27,147,2.0000,0.3333,62.00,139.00,4194.58,0.3850,UP,120.10,0.8826,1.0955
20261006 195945 208,4197.10,1,4197.00,4197.20,0.20,4197.00,2,4196.90,10,4196.80,7,4196.70,9,4196.60,9,4196.50,11,4196.40,8,4196.30,17,4196.20,21,4196.10,21,4197.20,8,4197.30,8,4197.40,10,4197.50,10,4197.60,17,4197.70,17,4197.80,19,4197.90,16,4198.00,13,4198.10,13,Buy,80,73,153,7.00,8.00,-28.00,0.80,12.5,4197.00,4197.60,4196.80,4197.10,57,49,106,8.00,24.00,-8.00,0.90,11.1,27,147,2.0000,0.1429,63.00,140.00,4194.58,0.3850,UP,120.10,0.8826,1.0955
20261006 195945 642,4197.10,1,4197.00,4197.20,0.20,4197.00,4,4196.90,10,4196.80,7,4196.70,9,4196.60,9,4196.50,11,4196.40,8,4196.30,17,4196.20,21,4196.10,21,4197.20,8,4197.30,8,4197.40,10,4197.50,10,4197.60,9,4197.70,17,4197.80,19,4197.90,16,4198.00,13,4198.10,13,Buy,81,73,154,8.00,8.00,-28.00,0.80,12.5,4197.00,4197.60,4196.80,4197.10,57,49,106,8.00,24.00,-8.00,0.90,11.1,27,147,2.0000,0.0000,64.00,141.00,4194.58,0.3850,UP,120.10,0.8826,1.0955
20261006 195945 777,4197.10,1,4197.00,4197.20,0.20,4197.00,5,4196.90,9,4196.80,7,4196.70,9,4196.60,9,4196.50,11,4196.40,8,4196.30,17,4196.20,21,4196.10,21,4197.20,8,4197.30,8,4197.40,10,4197.50,10,4197.60,9,4197.70,17,4197.80,19,4197.90,16,4198.00,13,4198.10,13,Buy,82,73,155,9.00,9.00,-28.00,0.80,12.5,4197.00,4197.60,4196.80,4197.10,57,49,106,8.00,24.00,-8.00,0.90,11.1,27,147,2.0000,0.0000,65.00,142.00,4194.58,0.3850,UP,120.10,0.8826,1.0955
20261006 195946 007,4197.10,1,4197.00,4197.20,0.20,4197.00,4,4196.90,10,4196.80,7,4196.70,9,4196.60,9,4196.50,11,4196.40,8,4196.30,17,4196.20,21,4196.10,21,4197.20,8,4197.30,8,4197.40,10,4197.50,10,4197.60,9,4197.70,17,4197.80,19,4197.90,16,4198.00,13,4198.10,13,Buy,83,73,156,10.00,10.00,-28.00,0.80,12.5,4197.00,4197.60,4196.80,4197.10,57,49,106,8.00,24.00,-8.00,0.90,11.1,27,147,2.0000,0.0000,66.00,143.00,4194.58,0.3850,UP,120.10,0.8826,1.0955
20261006 195946 303,4197.10,1,4197.00,4197.20,0.20,4197.00,4,4196.90,10,4196.80,7,4196.70,9,4196.60,9,4196.50,11,4196.40,8,4196.30,17,4196.20,21,4196.10,21,4197.20,5,4197.30,8,4197.40,10,4197.50,10,4197.60,9,4197.70,17,4197.80,19,4197.90,16,4198.00,13,4198.10,13,Buy,84,73,157,11.00,11.00,-28.00,0.80,12.5,4197.00,4197.60,4196.80,4197.10,57,49,106,8.00,24.00,-8.00,0.90,11.1,27,147,2.0000,0.0000,67.00,144.00,4194.58,0.3850,UP,120.10,0.8826,1.0955
20261006 195946 303,4197.10,1,4197.00,4197.20,0.20,4197.00,4,4196.90,10,4196.80,7,4196.70,9,4196.60,9,4196.50,11,4196.40,8,4196.30,17,4196.20,21,4196.10,21,4197.20,5,4197.30,8,4197.40,10,4197.50,10,4197.60,9,4197.70,17,4197.80,19,4197.90,16,4198.00,13,4198.10,13,Buy,85,73,158,12.00,12.00,-28.00,0.80,12.5,4197.00,4197.60,4196.80,4197.10,57,49,106,8.00,24.00,-8.00,0.90,11.1,27,147,2.0000,0.0000,68.00,145.00,4194.58,0.3850,UP,120.10,0.8826,1.0955
20261006 195946 446,4197.00,1,4196.90,4197.10,0.20,4196.90,3,4196.80,6,4196.70,9,4196.60,9,4196.50,11,4196.40,8,4196.30,17,4196.20,21,4196.10,21,4196.00,25,4197.10,9,4197.20,8,4197.30,8,4197.40,10,4197.50,10,4197.60,9,4197.70,17,4197.80,19,4197.90,16,4198.00,13,Sell,85,74,159,11.00,12.00,-28.00,0.80,0.0,4197.00,4197.60,4196.80,4197.00,57,49,106,8.00,24.00,-8.00,0.90,11.1,27,147,2.0000,0.0909,67.00,144.00,4194.57,0.3819,UP,120.10,0.8826,1.0955
20261006 195947 644,4197.10,1,4196.90,4197.10,0.20,4196.90,8,4196.80,6,4196.70,9,4196.60,9,4196.50,11,4196.40,8,4196.30,17,4196.20,21,4196.10,21,4196.00,25,4197.10,7,4197.20,8,4197.30,9,4197.40,10,4197.50,10,4197.60,9,4197.70,17,4197.80,19,4197.90,16,4198.00,13,Buy,86,74,160,12.00,12.00,-28.00,0.80,12.5,4197.00,4197.60,4196.80,4197.10,57,49,106,8.00,24.00,-8.00,0.90,11.1,27,147,2.0000,0.0000,68.00,145.00,4194.58,0.3850,UP,120.10,0.8826,1.0955
20261006 195948 558,4197.10,5,4197.00,4197.20,0.20,4197.00,5,4196.90,5,4196.80,6,4196.70,9,4196.60,9,4196.50,11,4196.40,8,4196.30,17,4196.20,21,4196.10,21,4197.10,1,4197.20,9,4197.30,9,4197.40,10,4197.50,10,4197.60,9,4197.70,17,4197.80,19,4197.90,16,4198.00,13,Sell,86,79,165,7.00,12.00,-28.00,0.80,12.5,4197.00,4197.60,4196.80,4197.10,57,49,106,8.00,24.00,-8.00,0.90,11.1,27,147,2.0000,0.7143,63.00,140.00,4194.58,0.3850,UP,120.10,0.8826,1.0955
20261006 195948 559,4197.20,1,4197.00,4197.20,0.20,4197.00,5,4196.90,5,4196.80,6,4196.70,9,4196.60,9,4196.50,11,4196.40,8,4196.30,17,4196.20,21,4196.10,21,4197.10,1,4197.20,9,4197.30,9,4197.40,10,4197.50,10,4197.60,9,4197.70,17,4197.80,19,4197.90,16,4198.00,13,Buy,87,79,166,8.00,12.00,-28.00,0.80,25.0,4197.00,4197.60,4196.80,4197.20,57,49,106,8.00,24.00,-8.00,0.90,11.1,27,147,2.0000,0.5000,64.00,141.00,4194.59,0.3882,UP,120.10,0.8826,1.0955
20261006 195948 559,4197.20,1,4197.00,4197.20,0.20,4197.00,5,4196.90,5,4196.80,6,4196.70,9,4196.60,9,4196.50,11,4196.40,8,4196.30,17,4196.20,21,4196.10,21,4197.10,1,4197.20,9,4197.30,9,4197.40,10,4197.50,10,4197.60,9,4197.70,17,4197.80,19,4197.90,16,4198.00,13,Buy,88,79,167,9.00,12.00,-28.00,0.80,25.0,4197.00,4197.60,4196.80,4197.20,57,49,106,8.00,24.00,-8.00,0.90,11.1,27,147,2.0000,0.3333,65.00,142.00,4194.59,0.3882,UP,120.10,0.8826,1.0955
20261006 195950 110,4197.10,1,4197.00,4197.20,0.20,4197.00,5,4196.90,5,4196.80,5,4196.70,9,4196.60,9,4196.50,11,4196.40,18,4196.30,17,4196.20,21,4196.10,21,4197.20,5,4197.30,9,4197.40,10,4197.50,10,4197.60,9,4197.70,17,4197.80,19,4197.90,16,4198.00,13,4198.10,13,Buy,89,79,168,10.00,12.00,-28.00,0.80,12.5,4197.00,4197.60,4196.80,4197.10,57,49,106,8.00,24.00,-8.00,0.90,11.1,27,147,2.0000,0.2000,66.00,143.00,4194.58,0.3850,UP,120.10,0.8826,1.0955
20261006 195950 227,4197.00,4,4197.00,4197.20,0.20,4197.00,5,4196.90,3,4196.80,5,4196.70,9,4196.60,9,4196.50,11,4196.40,18,4196.30,17,4196.20,21,4196.10,21,4197.20,5,4197.30,9,4197.40,10,4197.50,10,4197.60,9,4197.70,17,4197.80,19,4197.90,16,4198.00,13,4198.10,13,Sell,89,83,172,6.00,12.00,-28.00,0.80,0.0,4197.00,4197.60,4196.80,4197.00,57,49,106,8.00,24.00,-8.00,0.90,11.1,27,147,2.0000,1.0000,62.00,139.00,4194.57,0.3819,UP,120.10,0.8826,1.0955
20261006 195950 281,4197.10,1,4197.00,4197.20,0.20,4197.00,5,4196.90,5,4196.80,5,4196.70,9,4196.60,9,4196.50,11,4196.40,18,4196.30,17,4196.20,21,4196.10,21,4197.20,1,4197.30,9,4197.40,10,4197.50,10,4197.60,9,4197.70,17,4197.80,19,4197.90,16,4198.00,13,4198.10,13,Buy,90,83,173,7.00,12.00,-28.00,0.80,12.5,4197.00,4197.60,4196.80,4197.10,57,49,106,8.00,24.00,-8.00,0.90,11.1,27,147,2.0000,0.7143,63.00,140.00,4194.58,0.3850,UP,120.10,0.8826,1.0955
20261006 195950 990,4197.20,1,4197.00,4197.20,0.20,4197.00,5,4196.90,5,4196.80,6,4196.70,9,4196.60,9,4196.50,11,4196.40,18,4196.30,17,4196.20,21,4196.10,21,4197.30,6,4197.40,10,4197.50,10,4197.60,9,4197.70,17,4197.80,19,4197.90,16,4198.00,13,4198.10,13,4198.20,13,Buy,91,83,174,8.00,12.00,-28.00,0.80,25.0,4197.00,4197.60,4196.80,4197.20,57,49,106,8.00,24.00,-8.00,0.90,11.1,27,147,2.0000,0.5000,64.00,141.00,4194.59,0.3882,UP,120.10,0.8826,1.0955
20261006 195952 138,4197.40,1,4197.30,4197.50,0.20,4197.30,1,4197.20,4,4197.10,7,4197.00,6,4196.90,7,4196.80,7,4196.70,9,4196.60,19,4196.50,21,4196.40,18,4197.50,7,4197.60,8,4197.70,9,4197.80,11,4197.90,8,4198.00,13,4198.10,13,4198.20,13,4198.30,16,4198.40,18,Buy,92,83,175,9.00,12.00,-28.00,0.80,50.0,4197.00,4197.60,4196.80,4197.40,57,49,106,8.00,24.00,-8.00,0.90,11.1,27,147,2.0000,0.3333,65.00,142.00,4194.61,0.3946,UP,120.10,0.8826,1.0955
20261006 195952 301,4197.40,1,4197.40,4197.50,0.10,4197.40,1,4197.30,4,4197.20,5,4197.10,7,4197.00,7,4196.90,7,4196.80,7,4196.70,19,4196.60,19,4196.50,21,4197.50,2,4197.60,8,4197.70,9,4197.80,11,4197.90,8,4198.00,13,4198.10,13,4198.20,13,4198.30,16,4198.40,18,Buy,93,83,176,10.00,12.00,-28.00,0.80,50.0,4197.00,4197.60,4196.80,4197.40,57,49,106,8.00,24.00,-8.00,0.90,11.1,27,147,2.0000,0.2000,66.00,143.00,4194.61,0.3946,UP,120.10,0.8826,1.0955
20261006 195952 301,4197.40,1,4197.40,4197.50,0.10,4197.40,1,4197.30,4,4197.20,5,4197.10,7,4197.00,7,4196.90,7,4196.80,7,4196.70,19,4196.60,19,4196.50,21,4197.50,2,4197.60,8,4197.70,9,4197.80,11,4197.90,8,4198.00,13,4198.10,13,4198.20,13,4198.30,16,4198.40,18,Buy,94,83,177,11.00,12.00,-28.00,0.80,50.0,4197.00,4197.60,4196.80,4197.40,57,49,106,8.00,24.00,-8.00,0.90,11.1,27,147,2.0000,0.0909,67.00,144.00,4194.61,0.3946,UP,120.10,0.8826,1.0955
20261006 195952 301,4197.50,1,4197.40,4197.50,0.10,4197.40,1,4197.30,4,4197.20,5,4197.10,7,4197.00,7,4196.90,7,4196.80,7,4196.70,19,4196.60,19,4196.50,21,4197.50,2,4197.60,8,4197.70,9,4197.80,11,4197.90,8,4198.00,13,4198.10,13,4198.20,13,4198.30,16,4198.40,18,Buy,95,83,178,12.00,12.00,-28.00,0.80,62.5,4197.00,4197.60,4196.80,4197.50,57,49,106,8.00,24.00,-8.00,0.90,11.1,27,147,2.0000,0.0000,68.00,145.00,4194.62,0.3977,UP,120.10,0.8826,1.0955
20261006 195952 301,4197.50,1,4197.40,4197.50,0.10,4197.40,1,4197.30,4,4197.20,5,4197.10,7,4197.00,7,4196.90,7,4196.80,7,4196.70,19,4196.60,19,4196.50,21,4197.50,2,4197.60,8,4197.70,9,4197.80,11,4197.90,8,4198.00,13,4198.10,13,4198.20,13,4198.30,16,4198.40,18,Buy,96,83,179,13.00,13.00,-28.00,0.80,62.5,4197.00,4197.60,4196.80,4197.50,57,49,106,8.00,24.00,-8.00,0.90,11.1,27,147,2.0000,0.0000,69.00,146.00,4194.62,0.3977,UP,120.10,0.8826,1.0955
20261006 195952 301,4197.50,1,4197.40,4197.50,0.10,4197.40,1,4197.30,4,4197.20,5,4197.10,7,4197.00,7,4196.90,7,4196.80,7,4196.70,19,4196.60,19,4196.50,21,4197.50,2,4197.60,8,4197.70,9,4197.80,11,4197.90,8,4198.00,13,4198.10,13,4198.20,13,4198.30,16,4198.40,18,Buy,97,83,180,14.00,14.00,-28.00,0.80,62.5,4197.00,4197.60,4196.80,4197.50,57,49,106,8.00,24.00,-8.00,0.90,11.1,27,147,2.0000,0.0000,70.00,147.00,4194.62,0.3977,UP,120.10,0.8826,1.0955
20261006 195952 301,4197.50,1,4197.40,4197.50,0.10,4197.40,1,4197.30,4,4197.20,5,4197.10,7,4197.00,7,4196.90,7,4196.80,7,4196.70,19,4196.60,19,4196.50,21,4197.50,2,4197.60,8,4197.70,9,4197.80,11,4197.90,8,4198.00,13,4198.10,13,4198.20,13,4198.30,16,4198.40,18,Buy,98,83,181,15.00,15.00,-28.00,0.80,62.5,4197.00,4197.60,4196.80,4197.50,57,49,106,8.00,24.00,-8.00,0.90,11.1,27,147,2.0000,0.0000,71.00,148.00,4194.62,0.3977,UP,120.10,0.8826,1.0955
20261006 195952 304,4197.50,1,4197.40,4197.50,0.10,4197.40,1,4197.30,4,4197.20,5,4197.10,7,4197.00,7,4196.90,7,4196.80,7,4196.70,19,4196.60,19,4196.50,21,4197.50,2,4197.60,8,4197.70,9,4197.80,11,4197.90,8,4198.00,13,4198.10,13,4198.20,13,4198.30,16,4198.40,18,Sell,98,84,182,14.00,15.00,-28.00,0.80,62.5,4197.00,4197.60,4196.80,4197.50,57,49,106,8.00,24.00,-8.00,0.90,11.1,27,147,2.0000,0.0714,70.00,147.00,4194.62,0.3977,UP,120.10,0.8826,1.0955
20261006 195953 358,4197.40,1,4197.30,4197.50,0.20,4197.30,2,4197.20,7,4197.10,8,4197.00,9,4196.90,7,4196.80,7,4196.70,19,4196.60,19,4196.50,21,4196.40,18,4197.50,5,4197.60,8,4197.70,9,4197.80,11,4197.90,8,4198.00,13,4198.10,13,4198.20,13,4198.30,16,4198.40,18,Sell,98,85,183,13.00,15.00,-28.00,0.80,50.0,4197.00,4197.60,4196.80,4197.40,57,49,106,8.00,24.00,-8.00,0.90,11.1,27,147,2.0000,0.1538,69.00,146.00,4194.61,0.3946,UP,120.10,0.8826,1.0955
20261006 195953 453,4197.20,1,4197.20,4197.40,0.20,4197.20,4,4197.10,8,4197.00,9,4196.90,9,4196.80,9,4196.70,19,4196.60,19,4196.50,21,4196.40,18,4196.30,17,4197.40,3,4197.50,8,4197.60,8,4197.70,9,4197.80,11,4197.90,8,4198.00,13,4198.10,13,4198.20,13,4198.30,16,Sell,98,86,184,12.00,15.00,-28.00,0.80,25.0,4197.00,4197.60,4196.80,4197.20,57,49,106,8.00,24.00,-8.00,0.90,11.1,27,147,2.0000,0.2500,68.00,145.00,4194.59,0.3882,UP,120.10,0.8826,1.0955
20261006 195953 615,4197.40,1,4197.30,4197.50,0.20,4197.30,3,4197.20,6,4197.10,8,4197.00,9,4196.90,9,4196.80,9,4196.70,19,4196.60,19,4196.50,21,4196.40,18,4197.50,5,4197.60,6,4197.70,9,4197.80,11,4197.90,8,4198.00,13,4198.10,13,4198.20,13,4198.30,16,4198.40,18,Buy,99,86,185,13.00,15.00,-28.00,0.80,50.0,4197.00,4197.60,4196.80,4197.40,57,49,106,8.00,24.00,-8.00,0.90,11.1,27,147,2.0000,0.1538,69.00,146.00,4194.61,0.3946,UP,120.10,0.8826,1.0955
20261006 195953 615,4197.40,1,4197.30,4197.50,0.20,4197.30,3,4197.20,6,4197.10,8,4197.00,9,4196.90,9,4196.80,9,4196.70,19,4196.60,19,4196.50,21,4196.40,18,4197.50,5,4197.60,6,4197.70,9,4197.80,11,4197.90,8,4198.00,13,4198.10,13,4198.20,13,4198.30,16,4198.40,18,Buy,100,86,186,14.00,15.00,-28.00,0.80,50.0,4197.00,4197.60,4196.80,4197.40,57,49,106,8.00,24.00,-8.00,0.90,11.1,27,147,2.0000,0.0714,70.00,147.00,4194.61,0.3946,UP,120.10,0.8826,1.0955
20261006 195953 615,4197.40,1,4197.30,4197.50,0.20,4197.30,3,4197.20,6,4197.10,8,4197.00,9,4196.90,9,4196.80,9,4196.70,19,4196.60,19,4196.50,21,4196.40,18,4197.50,5,4197.60,6,4197.70,9,4197.80,11,4197.90,8,4198.00,13,4198.10,13,4198.20,13,4198.30,16,4198.40,18,Buy,101,86,187,15.00,15.00,-28.00,0.80,50.0,4197.00,4197.60,4196.80,4197.40,57,49,106,8.00,24.00,-8.00,0.90,11.1,27,147,2.0000,0.0000,71.00,148.00,4194.61,0.3946,UP,120.10,0.8826,1.0955
20261006 195953 615,4197.40,1,4197.30,4197.50,0.20,4197.30,3,4197.20,6,4197.10,8,4197.00,9,4196.90,9,4196.80,9,4196.70,19,4196.60,19,4196.50,21,4196.40,18,4197.50,5,4197.60,6,4197.70,9,4197.80,11,4197.90,8,4198.00,13,4198.10,13,4198.20,13,4198.30,16,4198.40,18,Buy,102,86,188,16.00,16.00,-28.00,0.80,50.0,4197.00,4197.60,4196.80,4197.40,57,49,106,8.00,24.00,-8.00,0.90,11.1,27,147,2.0000,0.0000,72.00,149.00,4194.61,0.3946,UP,120.10,0.8826,1.0955
20261006 195954 055,4197.50,1,4197.20,4197.50,0.30,4197.20,8,4197.10,8,4197.00,9,4196.90,9,4196.80,9,4196.70,19,4196.60,19,4196.50,21,4196.40,18,4196.30,17,4197.50,6,4197.60,8,4197.70,9,4197.80,11,4197.90,8,4198.00,13,4198.10,13,4198.20,13,4198.30,16,4198.40,18,Buy,103,86,189,17.00,17.00,-28.00,0.80,62.5,4197.00,4197.60,4196.80,4197.50,57,49,106,8.00,24.00,-8.00,0.90,11.1,27,147,2.0000,0.0000,73.00,150.00,4194.62,0.3977,UP,120.10,0.8826,1.0955
20261006 195954 055,4197.50,1,4197.20,4197.50,0.30,4197.20,8,4197.10,8,4197.00,9,4196.90,9,4196.80,9,4196.70,19,4196.60,19,4196.50,21,4196.40,18,4196.30,17,4197.50,6,4197.60,8,4197.70,9,4197.80,11,4197.90,8,4198.00,13,4198.10,13,4198.20,13,4198.30,16,4198.40,18,Buy,104,86,190,18.00,18.00,-28.00,0.80,62.5,4197.00,4197.60,4196.80,4197.50,57,49,106,8.00,24.00,-8.00,0.90,11.1,27,147,2.0000,0.0000,74.00,151.00,4194.62,0.3977,UP,120.10,0.8826,1.0955
20261006 195954 055,4197.50,1,4197.20,4197.50,0.30,4197.20,8,4197.10,8,4197.00,9,4196.90,9,4196.80,9,4196.70,19,4196.60,19,4196.50,21,4196.40,18,4196.30,17,4197.50,6,4197.60,8,4197.70,9,4197.80,11,4197.90,8,4198.00,13,4198.10,13,4198.20,13,4198.30,16,4198.40,18,Buy,105,86,191,19.00,19.00,-28.00,0.80,62.5,4197.00,4197.60,4196.80,4197.50,57,49,106,8.00,24.00,-8.00,0.90,11.1,27,147,2.0000,0.0000,75.00,152.00,4194.62,0.3977,UP,120.10,0.8826,1.0955
20261006 195954 055,4197.50,1,4197.20,4197.50,0.30,4197.20,8,4197.10,8,4197.00,9,4196.90,9,4196.80,9,4196.70,19,4196.60,19,4196.50,21,4196.40,18,4196.30,17,4197.50,6,4197.60,8,4197.70,9,4197.80,11,4197.90,8,4198.00,13,4198.10,13,4198.20,13,4198.30,16,4198.40,18,Buy,106,86,192,20.00,20.00,-28.00,0.80,62.5,4197.00,4197.60,4196.80,4197.50,57,49,106,8.00,24.00,-8.00,0.90,11.1,27,147,2.0000,0.0000,76.00,153.00,4194.62,0.3977,UP,120.10,0.8826,1.0955
20261006 195954 055,4197.50,1,4197.20,4197.50,0.30,4197.20,8,4197.10,8,4197.00,9,4196.90,9,4196.80,9,4196.70,19,4196.60,19,4196.50,21,4196.40,18,4196.30,17,4197.50,6,4197.60,8,4197.70,9,4197.80,11,4197.90,8,4198.00,13,4198.10,13,4198.20,13,4198.30,16,4198.40,18,Buy,107,86,193,21.00,21.00,-28.00,0.80,62.5,4197.00,4197.60,4196.80,4197.50,57,49,106,8.00,24.00,-8.00,0.90,11.1,27,147,2.0000,0.0000,77.00,154.00,4194.62,0.3977,UP,120.10,0.8826,1.0955
20261006 195954 055,4197.50,1,4197.20,4197.50,0.30,4197.20,8,4197.10,8,4197.00,9,4196.90,9,4196.80,9,4196.70,19,4196.60,19,4196.50,21,4196.40,18,4196.30,17,4197.50,6,4197.60,8,4197.70,9,4197.80,11,4197.90,8,4198.00,13,4198.10,13,4198.20,13,4198.30,16,4198.40,18,Buy,108,86,194,22.00,22.00,-28.00,0.80,62.5,4197.00,4197.60,4196.80,4197.50,57,49,106,8.00,24.00,-8.00,0.90,11.1,27,147,2.0000,0.0000,78.00,155.00,4194.62,0.3977,UP,120.10,0.8826,1.0955
20261006 195954 442,4197.20,1,4197.10,4197.40,0.30,4197.10,8,4197.00,9,4196.90,9,4196.80,9,4196.70,19,4196.60,19,4196.50,21,4196.40,18,4196.30,17,4196.20,21,4197.40,4,4197.50,9,4197.60,8,4197.70,9,4197.80,11,4197.90,8,4198.00,13,4198.10,13,4198.20,13,4198.30,16,Sell,108,87,195,21.00,22.00,-28.00,0.80,25.0,4197.00,4197.60,4196.80,4197.20,57,49,106,8.00,24.00,-8.00,0.90,11.1,27,147,2.0000,0.0476,77.00,154.00,4194.59,0.3882,UP,120.10,0.8826,1.0955
20261006 195954 442,4197.20,1,4197.10,4197.40,0.30,4197.10,8,4197.00,9,4196.90,9,4196.80,9,4196.70,19,4196.60,19,4196.50,21,4196.40,18,4196.30,17,4196.20,21,4197.40,4,4197.50,9,4197.60,8,4197.70,9,4197.80,11,4197.90,8,4198.00,13,4198.10,13,4198.20,13,4198.30,16,Sell,108,88,196,20.00,22.00,-28.00,0.80,25.0,4197.00,4197.60,4196.80,4197.20,57,49,106,8.00,24.00,-8.00,0.90,11.1,27,147,2.0000,0.1000,76.00,153.00,4194.59,0.3882,UP,120.10,0.8826,1.0955
20261006 195955 055,4197.20,1,4197.10,4197.20,0.10,4197.20,3,4197.10,7,4197.00,9,4196.90,9,4196.80,9,4196.70,19,4196.60,19,4196.50,21,4196.40,18,4196.30,17,4197.40,6,4197.50,7,4197.60,8,4197.70,9,4197.80,11,4197.90,8,4198.00,13,4198.10,13,4198.20,13,4198.30,16,Sell,108,89,197,19.00,22.00,-28.00,0.80,25.0,4197.00,4197.60,4196.80,4197.20,57,49,106,8.00,24.00,-8.00,0.90,11.1,27,147,2.0000,0.1579,75.00,152.00,4194.59,0.3882,UP,120.10,0.8826,1.0955
20261006 195955 056,4197.20,1,4197.10,4197.20,0.10,4197.20,3,4197.10,7,4197.00,9,4196.90,9,4196.80,9,4196.70,19,4196.60,19,4196.50,21,4196.40,18,4196.30,17,4197.40,6,4197.50,7,4197.60,8,4197.70,9,4197.80,11,4197.90,8,4198.00,13,4198.10,13,4198.20,13,4198.30,16,Buy,109,89,198,20.00,22.00,-28.00,0.80,25.0,4197.00,4197.60,4196.80,4197.20,57,49,106,8.00,24.00,-8.00,0.90,11.1,27,147,2.0000,0.1000,76.00,153.00,4194.59,0.3882,UP,120.10,0.8826,1.0955
20261006 195955 074,4197.20,1,4197.10,4197.30,0.20,4197.10,3,4197.00,6,4196.90,9,4196.80,9,4196.70,9,4196.60,19,4196.50,21,4196.40,18,4196.30,17,4196.20,21,4197.30,4,4197.40,7,4197.50,8,4197.60,9,4197.70,9,4197.80,11,4197.90,16,4198.00,13,4198.10,13,4198.20,13,Sell,109,90,199,19.00,22.00,-28.00,0.80,25.0,4197.00,4197.60,4196.80,4197.20,57,49,106,8.00,24.00,-8.00,0.90,11.1,27,147,2.0000,0.1579,75.00,152.00,4194.59,0.3882,UP,120.10,0.8826,1.0955
20261006 195955 129,4197.10,1,4197.10,4197.30,0.20,4197.10,3,4197.00,6,4196.90,9,4196.80,9,4196.70,9,4196.60,19,4196.50,21,4196.40,18,4196.30,17,4196.20,21,4197.30,4,4197.40,7,4197.50,8,4197.60,9,4197.70,9,4197.80,11,4197.90,16,4198.00,13,4198.10,13,4198.20,13,Sell,109,91,200,18.00,22.00,-28.00,0.80,12.5,4197.00,4197.60,4196.80,4197.10,57,49,106,8.00,24.00,-8.00,0.90,11.1,27,147,2.0000,0.2222,74.00,151.00,4194.58,0.3850,UP,120.10,0.8826,1.0955
20261006 195955 750,4197.30,1,4197.10,4197.30,0.20,4197.10,4,4197.00,5,4196.90,8,4196.80,9,4196.70,9,4196.60,9,4196.50,21,4196.40,18,4196.30,17,4196.20,21,4197.30,3,4197.40,7,4197.50,8,4197.60,9,4197.70,9,4197.80,11,4197.90,16,4198.00,13,4198.10,13,4198.20,13,Buy,110,91,201,19.00,22.00,-28.00,0.80,37.5,4197.00,4197.60,4196.80,4197.30,57,49,106,8.00,24.00,-8.00,0.90,11.1,27,147,2.0000,0.1579,75.00,152.00,4194.60,0.3914,UP,120.10,0.8826,1.0955
20261006 195955 750,4197.30,1,4197.10,4197.30,0.20,4197.10,4,4197.00,5,4196.90,8,4196.80,9,4196.70,9,4196.60,9,4196.50,21,4196.40,18,4196.30,17,4196.20,21,4197.30,3,4197.40,7,4197.50,8,4197.60,9,4197.70,9,4197.80,11,4197.90,16,4198.00,13,4198.10,13,4198.20,13,Buy,111,91,202,20.00,22.00,-28.00,0.80,37.5,4197.00,4197.60,4196.80,4197.30,57,49,106,8.00,24.00,-8.00,0.90,11.1,27,147,2.0000,0.1000,76.00,153.00,4194.60,0.3914,UP,120.10,0.8826,1.0955
20261006 195955 750,4197.30,1,4197.10,4197.30,0.20,4197.10,4,4197.00,5,4196.90,8,4196.80,9,4196.70,9,4196.60,9,4196.50,21,4196.40,18,4196.30,17,4196.20,21,4197.30,3,4197.40,7,4197.50,8,4197.60,9,4197.70,9,4197.80,11,4197.90,16,4198.00,13,4198.10,13,4198.20,13,Buy,112,91,203,21.00,22.00,-28.00,0.80,37.5,4197.00,4197.60,4196.80,4197.30,57,49,106,8.00,24.00,-8.00,0.90,11.1,27,147,2.0000,0.0476,77.00,154.00,4194.60,0.3914,UP,120.10,0.8826,1.0955
20261006 195955 872,4197.30,1,4197.30,4197.50,0.20,4197.30,4,4197.20,8,4197.10,9,4197.00,8,4196.90,9,4196.80,9,4196.70,9,4196.60,19,4196.50,21,4196.40,18,4197.50,4,4197.60,9,4197.70,9,4197.80,11,4197.90,8,4198.00,13,4198.10,13,4198.20,13,4198.30,16,4198.40,18,Sell,112,92,204,20.00,22.00,-28.00,0.80,37.5,4197.00,4197.60,4196.80,4197.30,57,49,106,8.00,24.00,-8.00,0.90,11.1,27,147,2.0000,0.1000,76.00,153.00,4194.60,0.3914,UP,120.10,0.8826,1.0955
20261006 195956 112,4197.50,1,4197.40,4197.60,0.20,4197.40,3,4197.30,6,4197.20,8,4197.10,10,4197.00,8,4196.90,9,4196.80,9,4196.70,19,4196.60,19,4196.50,21,4197.60,3,4197.70,9,4197.80,11,4197.90,8,4198.00,13,4198.10,13,4198.20,13,4198.30,16,4198.40,18,4198.50,15,Buy,113,92,205,21.00,22.00,-28.00,0.80,62.5,4197.00,4197.60,4196.80,4197.50,57,49,106,8.00,24.00,-8.00,0.90,11.1,27,147,2.0000,0.0476,77.00,154.00,4194.62,0.3977,UP,120.10,0.8826,1.0955
20261006 195956 223,4197.40,1,4197.40,4197.60,0.20,4197.40,3,4197.30,6,4197.20,8,4197.10,10,4197.00,8,4196.90,9,4196.80,9,4196.70,19,4196.60,19,4196.50,21,4197.60,1,4197.70,9,4197.80,11,4197.90,8,4198.00,13,4198.10,13,4198.20,13,4198.30,16,4198.40,18,4198.50,15,Sell,113,93,206,20.00,22.00,-28.00,0.80,50.0,4197.00,4197.60,4196.80,4197.40,57,49,106,8.00,24.00,-8.00,0.90,11.1,27,147,2.0000,0.1000,76.00,153.00,4194.61,0.3946,UP,120.10,0.8826,1.0955
20261006 195956 758,4197.50,1,4197.30,4197.60,0.30,4197.30,8,4197.20,8,4197.10,10,4197.00,9,4196.90,9,4196.80,9,4196.70,19,4196.60,19,4196.50,21,4196.40,18,4197.60,4,4197.70,8,4197.80,11,4197.90,8,4198.00,13,4198.10,13,4198.20,13,4198.30,16,4198.40,18,4198.50,15,Sell,113,94,207,19.00,22.00,-28.00,0.80,62.5,4197.00,4197.60,4196.80,4197.50,57,49,106,8.00,24.00,-8.00,0.90,11.1,27,147,2.0000,0.1579,75.00,152.00,4194.62,0.3977,UP,120.10,0.8826,1.0955
20261006 195957 182,4197.40,1,4197.40,4197.60,0.20,4197.40,4,4197.30,7,4197.20,8,4197.10,10,4197.00,9,4196.90,9,4196.80,9,4196.70,19,4196.60,19,4196.50,21,4197.60,3,4197.70,8,4197.80,11,4197.90,8,4198.00,13,4198.10,13,4198.20,13,4198.30,16,4198.40,18,4198.50,15,Sell,113,95,208,18.00,22.00,-28.00,0.80,50.0,4197.00,4197.60,4196.80,4197.40,57,49,106,8.00,24.00,-8.00,0.90,11.1,27,147,2.0000,0.2222,74.00,151.00,4194.61,0.3946,UP,120.10,0.8826,1.0955
20261006 195957 238,4197.50,1,4197.40,4197.60,0.20,4197.40,4,4197.30,7,4197.20,8,4197.10,10,4197.00,9,4196.90,9,4196.80,9,4196.70,19,4196.60,19,4196.50,21,4197.60,4,4197.70,8,4197.80,11,4197.90,8,4198.00,13,4198.10,13,4198.20,13,4198.30,16,4198.40,18,4198.50,15,Buy,114,95,209,19.00,22.00,-28.00,0.80,62.5,4197.00,4197.60,4196.80,4197.50,57,49,106,8.00,24.00,-8.00,0.90,11.1,27,147,2.0000,0.1579,75.00,152.00,4194.62,0.3977,UP,120.10,0.8826,1.0955
20261006 195958 005,4197.50,1,4197.30,4197.50,0.20,4197.30,4,4197.20,8,4197.10,8,4197.00,9,4196.90,9,4196.80,9,4196.70,19,4196.60,19,4196.50,21,4196.40,18,4197.50,4,4197.60,7,4197.70,8,4197.80,11,4197.90,8,4198.00,13,4198.10,13,4198.20,13,4198.30,16,4198.40,18,Buy,115,95,210,20.00,22.00,-28.00,0.80,62.5,4197.00,4197.60,4196.80,4197.50,57,49,106,8.00,24.00,-8.00,0.90,11.1,27,147,2.0000,0.1000,76.00,153.00,4194.62,0.3977,UP,120.10,0.8826,1.0955
20261006 195958 010,4197.40,1,4197.30,4197.50,0.20,4197.30,4,4197.20,8,4197.10,8,4197.00,9,4196.90,9,4196.80,9,4196.70,19,4196.60,19,4196.50,21,4196.40,18,4197.50,4,4197.60,7,4197.70,8,4197.80,11,4197.90,8,4198.00,13,4198.10,13,4198.20,13,4198.30,16,4198.40,18,Sell,115,96,211,19.00,22.00,-28.00,0.80,50.0,4197.00,4197.60,4196.80,4197.40,57,49,106,8.00,24.00,-8.00,0.90,11.1,27,147,2.0000,0.1579,75.00,152.00,4194.61,0.3946,UP,120.10,0.8826,1.0955
20261006 195958 012,4197.50,1,4197.30,4197.50,0.20,4197.30,4,4197.20,8,4197.10,8,4197.00,9,4196.90,9,4196.80,9,4196.70,19,4196.60,19,4196.50,21,4196.40,18,4197.50,4,4197.60,7,4197.70,8,4197.80,11,4197.90,8,4198.00,13,4198.10,13,4198.20,13,4198.30,16,4198.40,18,Buy,116,96,212,20.00,22.00,-28.00,0.80,62.5,4197.00,4197.60,4196.80,4197.50,57,49,106,8.00,24.00,-8.00,0.90,11.1,27,147,2.0000,0.1000,76.00,153.00,4194.62,0.3977,UP,120.10,0.8826,1.0955
20261006 195958 012,4197.50,1,4197.30,4197.50,0.20,4197.30,4,4197.20,8,4197.10,8,4197.00,9,4196.90,9,4196.80,9,4196.70,19,4196.60,19,4196.50,21,4196.40,18,4197.50,4,4197.60,7,4197.70,8,4197.80,11,4197.90,8,4198.00,13,4198.10,13,4198.20,13,4198.30,16,4198.40,18,Buy,117,96,213,21.00,22.00,-28.00,0.80,62.5,4197.00,4197.60,4196.80,4197.50,57,49,106,8.00,24.00,-8.00,0.90,11.1,27,147,2.0000,0.0476,77.00,154.00,4194.62,0.3977,UP,120.10,0.8826,1.0955
20261006 195958 183,4197.30,1,4197.40,4197.60,0.20,4197.40,1,4197.30,7,4197.20,8,4197.10,8,4197.00,9,4196.90,9,4196.80,9,4196.70,19,4196.60,19,4196.50,21,4197.60,7,4197.70,8,4197.80,11,4197.90,8,4198.00,13,4198.10,13,4198.20,13,4198.30,16,4198.40,18,4198.50,15,Sell,117,97,214,20.00,22.00,-28.00,0.80,37.5,4197.00,4197.60,4196.80,4197.30,57,49,106,8.00,24.00,-8.00,0.90,11.1,27,147,2.0000,0.1000,76.00,153.00,4194.60,0.3914,UP,120.10,0.8826,1.0955
20261006 195958 458,4197.40,1,4197.30,4197.50,0.20,4197.30,4,4197.20,8,4197.10,8,4197.00,9,4196.90,9,4196.80,19,4196.70,19,4196.60,19,4196.50,21,4196.40,18,4197.50,4,4197.60,8,4197.70,8,4197.80,11,4197.90,8,4198.00,13,4198.10,13,4198.20,13,4198.30,16,4198.40,18,Sell,117,98,215,19.00,22.00,-28.00,0.80,50.0,4197.00,4197.60,4196.80,4197.40,57,49,106,8.00,24.00,-8.00,0.90,11.1,27,147,2.0000,0.1579,75.00,152.00,4194.61,0.3946,UP,120.10,0.8826,1.0955
20261006 195958 458,4197.40,1,4197.30,4197.50,0.20,4197.30,4,4197.20,8,4197.10,8,4197.00,9,4196.90,9,4196.80,19,4196.70,19,4196.60,19,4196.50,21,4196.40,18,4197.50,4,4197.60,8,4197.70,8,4197.80,11,4197.90,8,4198.00,13,4198.10,13,4198.20,13,4198.30,16,4198.40,18,Sell,117,99,216,18.00,22.00,-28.00,0.80,50.0,4197.00,4197.60,4196.80,4197.40,57,49,106,8.00,24.00,-8.00,0.90,11.1,27,147,2.0000,0.2222,74.00,151.00,4194.61,0.3946,UP,120.10,0.8826,1.0955
20261006 195958 546,4197.50,1,4197.30,4197.50,0.20,4197.30,4,4197.20,18,4197.10,8,4197.00,9,4196.90,9,4196.80,19,4196.70,19,4196.60,19,4196.50,21,4196.40,18,4197.50,1,4197.60,8,4197.70,8,4197.80,11,4197.90,8,4198.00,13,4198.10,13,4198.20,13,4198.30,16,4198.40,18,Buy,118,99,217,19.00,22.00,-28.00,0.80,62.5,4197.00,4197.60,4196.80,4197.50,57,49,106,8.00,24.00,-8.00,0.90,11.1,27,147,2.0000,0.1579,75.00,152.00,4194.62,0.3977,UP,120.10,0.8826,1.0955
20261006 195959 012,4197.50,1,4197.30,4197.50,0.20,4197.30,1,4197.20,12,4197.10,6,4197.00,9,4196.90,9,4196.80,9,4196.70,19,4196.60,19,4196.50,21,4196.40,18,4197.50,5,4197.60,8,4197.70,8,4197.80,11,4197.90,8,4198.00,13,4198.10,13,4198.20,13,4198.30,16,4198.40,18,Buy,119,99,218,20.00,22.00,-28.00,0.80,62.5,4197.00,4197.60,4196.80,4197.50,57,49,106,8.00,24.00,-8.00,0.90,11.1,27,147,2.0000,0.1000,76.00,153.00,4194.62,0.3977,UP,120.10,0.8826,1.0955
20261006 195959 012,4197.50,1,4197.30,4197.50,0.20,4197.30,1,4197.20,12,4197.10,6,4197.00,9,4196.90,9,4196.80,9,4196.70,19,4196.60,19,4196.50,21,4196.40,18,4197.50,5,4197.60,8,4197.70,8,4197.80,11,4197.90,8,4198.00,13,4198.10,13,4198.20,13,4198.30,16,4198.40,18,Buy,120,99,219,21.00,22.00,-28.00,0.80,62.5,4197.00,4197.60,4196.80,4197.50,57,49,106,8.00,24.00,-8.00,0.90,11.1,27,147,2.0000,0.0476,77.00,154.00,4194.62,0.3977,UP,120.10,0.8826,1.0955
20261006 195959 012,4197.50,1,4197.30,4197.50,0.20,4197.30,1,4197.20,12,4197.10,6,4197.00,9,4196.90,9,4196.80,9,4196.70,19,4196.60,19,4196.50,21,4196.40,18,4197.50,5,4197.60,8,4197.70,8,4197.80,11,4197.90,8,4198.00,13,4198.10,13,4198.20,13,4198.30,16,4198.40,18,Buy,121,99,220,22.00,22.00,-28.00,0.80,62.5,4197.00,4197.60,4196.80,4197.50,57,49,106,8.00,24.00,-8.00,0.90,11.1,27,147,2.0000,0.0000,78.00,155.00,4194.62,0.3977,UP,120.10,0.8826,1.0955
20261006 195959 012,4197.50,1,4197.30,4197.50,0.20,4197.30,1,4197.20,12,4197.10,6,4197.00,9,4196.90,9,4196.80,9,4196.70,19,4196.60,19,4196.50,21,4196.40,18,4197.50,5,4197.60,8,4197.70,8,4197.80,11,4197.90,8,4198.00,13,4198.10,13,4198.20,13,4198.30,16,4198.40,18,Buy,122,99,221,23.00,23.00,-28.00,0.80,62.5,4197.00,4197.60,4196.80,4197.50,57,49,106,8.00,24.00,-8.00,0.90,11.1,27,147,2.0000,0.0000,79.00,156.00,4194.62,0.3977,UP,120.10,0.8826,1.0955
20261006 195959 012,4197.50,1,4197.30,4197.50,0.20,4197.30,1,4197.20,12,4197.10,6,4197.00,9,4196.90,9,4196.80,9,4196.70,19,4196.60,19,4196.50,21,4196.40,18,4197.50,5,4197.60,8,4197.70,8,4197.80,11,4197.90,8,4198.00,13,4198.10,13,4198.20,13,4198.30,16,4198.40,18,Buy,123,99,222,24.00,24.00,-28.00,0.80,62.5,4197.00,4197.60,4196.80,4197.50,57,49,106,8.00,24.00,-8.00,0.90,11.1,27,147,2.0000,0.0000,80.00,157.00,4194.62,0.3977,UP,120.10,0.8826,1.0955
20261006 195959 056,4197.30,1,4197.20,4197.40,0.20,4197.20,4,4197.10,6,4197.00,8,4196.90,9,4196.80,9,4196.70,19,4196.60,19,4196.50,21,4196.40,18,4196.30,18,4197.40,5,4197.50,10,4197.60,10,4197.70,8,4197.80,11,4197.90,8,4198.00,13,4198.10,13,4198.20,13,4198.30,16,Sell,123,100,223,23.00,24.00,-28.00,0.80,37.5,4197.00,4197.60,4196.80,4197.30,57,49,106,8.00,24.00,-8.00,0.90,11.1,27,147,2.0000,0.0435,79.00,156.00,4194.60,0.3914,UP,120.10,0.8826,1.0955
20261006 195959 056,4197.30,1,4197.20,4197.40,0.20,4197.20,4,4197.10,6,4197.00,8,4196.90,9,4196.80,9,4196.70,19,4196.60,19,4196.50,21,4196.40,18,4196.30,18,4197.40,5,4197.50,10,4197.60,10,4197.70,8,4197.80,11,4197.90,8,4198.00,13,4198.10,13,4198.20,13,4198.30,16,Sell,123,101,224,22.00,24.00,-28.00,0.80,37.5,4197.00,4197.60,4196.80,4197.30,57,49,106,8.00,24.00,-8.00,0.90,11.1,27,147,2.0000,0.0909,78.00,155.00,4194.60,0.3914,UP,120.10,0.8826,1.0955
20261006 195959 056,4197.30,1,4197.20,4197.40,0.20,4197.20,4,4197.10,6,4197.00,8,4196.90,9,4196.80,9,4196.70,19,4196.60,19,4196.50,21,4196.40,18,4196.30,18,4197.40,5,4197.50,10,4197.60,10,4197.70,8,4197.80,11,4197.90,8,4198.00,13,4198.10,13,4198.20,13,4198.30,16,Sell,123,102,225,21.00,24.00,-28.00,0.80,37.5,4197.00,4197.60,4196.80,4197.30,57,49,106,8.00,24.00,-8.00,0.90,11.1,27,147,2.0000,0.1429,77.00,154.00,4194.60,0.3914,UP,120.10,0.8826,1.0955
20261006 195959 062,4197.40,1,4197.20,4197.40,0.20,4197.20,4,4197.10,6,4197.00,8,4196.90,9,4196.80,9,4196.70,19,4196.60,19,4196.50,21,4196.40,18,4196.30,18,4197.40,5,4197.50,10,4197.60,10,4197.70,8,4197.80,11,4197.90,8,4198.00,13,4198.10,13,4198.20,13,4198.30,16,Buy,124,102,226,22.00,24.00,-28.00,0.80,50.0,4197.00,4197.60,4196.80,4197.40,57,49,106,8.00,24.00,-8.00,0.90,11.1,27,147,2.0000,0.0909,78.00,155.00,4194.61,0.3946,UP,120.10,0.8826,1.0955
20261006 195959 062,4197.40,2,4197.20,4197.40,0.20,4197.20,4,4197.10,6,4197.00,8,4196.90,9,4196.80,9,4196.70,19,4196.60,19,4196.50,21,4196.40,18,4196.30,18,4197.40,5,4197.50,10,4197.60,10,4197.70,8,4197.80,11,4197.90,8,4198.00,13,4198.10,13,4198.20,13,4198.30,16,Buy,126,102,228,24.00,24.00,-28.00,0.80,50.0,4197.00,4197.60,4196.80,4197.40,57,49,106,8.00,24.00,-8.00,0.90,11.1,27,147,2.0000,0.0000,80.00,157.00,4194.61,0.3946,UP,120.10,0.8826,1.0955
20261006 195959 066,4197.20,1,4197.20,4197.40,0.20,4197.20,4,4197.10,6,4197.00,8,4196.90,9,4196.80,9,4196.70,19,4196.60,19,4196.50,21,4196.40,18,4196.30,18,4197.40,5,4197.50,10,4197.60,10,4197.70,8,4197.80,11,4197.90,8,4198.00,13,4198.10,13,4198.20,13,4198.30,16,Sell,126,103,229,23.00,24.00,-28.00,0.80,25.0,4197.00,4197.60,4196.80,4197.20,57,49,106,8.00,24.00,-8.00,0.90,11.1,27,147,2.0000,0.0435,79.00,156.00,4194.59,0.3882,UP,120.10,0.8826,1.0955
20261006 195959 066,4197.20,1,4197.20,4197.40,0.20,4197.20,4,4197.10,6,4197.00,8,4196.90,9,4196.80,9,4196.70,19,4196.60,19,4196.50,21,4196.40,18,4196.30,18,4197.40,5,4197.50,10,4197.60,10,4197.70,8,4197.80,11,4197.90,8,4198.00,13,4198.10,13,4198.20,13,4198.30,16,Sell,126,104,230,22.00,24.00,-28.00,0.80,25.0,4197.00,4197.60,4196.80,4197.20,57,49,106,8.00,24.00,-8.00,0.90,11.1,27,147,2.0000,0.0909,78.00,155.00,4194.59,0.3882,UP,120.10,0.8826,1.0955
20261006 195959 066,4197.20,6,4197.20,4197.40,0.20,4197.20,4,4197.10,6,4197.00,8,4196.90,9,4196.80,9,4196.70,19,4196.60,19,4196.50,21,4196.40,18,4196.30,18,4197.40,5,4197.50,10,4197.60,10,4197.70,8,4197.80,11,4197.90,8,4198.00,13,4198.10,13,4198.20,13,4198.30,16,Sell,126,110,236,16.00,24.00,-28.00,0.80,25.0,4197.00,4197.60,4196.80,4197.20,57,49,106,8.00,24.00,-8.00,0.90,11.1,27,147,2.0000,0.5000,72.00,149.00,4194.59,0.3882,UP,120.10,0.8826,1.0955
20261006 195959 077,4197.40,1,4197.20,4197.40,0.20,4197.20,4,4197.10,6,4197.00,8,4196.90,9,4196.80,9,4196.70,19,4196.60,19,4196.50,21,4196.40,18,4196.30,18,4197.40,5,4197.50,10,4197.60,10,4197.70,8,4197.80,11,4197.90,8,4198.00,13,4198.10,13,4198.20,13,4198.30,16,Buy,127,110,237,17.00,24.00,-28.00,0.80,50.0,4197.00,4197.60,4196.80,4197.40,57,49,106,8.00,24.00,-8.00,0.90,11.1,27,147,2.0000,0.4118,73.00,150.00,4194.61,0.3946,UP,120.10,0.8826,1.0955
20261006 195959 079,4197.40,1,4197.20,4197.40,0.20,4197.20,4,4197.10,6,4197.00,8,4196.90,9,4196.80,9,4196.70,19,4196.60,19,4196.50,21,4196.40,18,4196.30,18,4197.40,5,4197.50,10,4197.60,10,4197.70,8,4197.80,11,4197.90,8,4198.00,13,4198.10,13,4198.20,13,4198.30,16,Buy,128,110,238,18.00,24.00,-28.00,0.80,50.0,4197.00,4197.60,4196.80,4197.40,57,49,106,8.00,24.00,-8.00,0.90,11.1,27,147,2.0000,0.3333,74.00,151.00,4194.61,0.3946,UP,120.10,0.8826,1.0955
20261006 195959 079,4197.50,1,4197.20,4197.40,0.20,4197.20,4,4197.10,6,4197.00,8,4196.90,9,4196.80,9,4196.70,19,4196.60,19,4196.50,21,4196.40,18,4196.30,18,4197.40,5,4197.50,10,4197.60,10,4197.70,8,4197.80,11,4197.90,8,4198.00,13,4198.10,13,4198.20,13,4198.30,16,Buy,129,110,239,19.00,24.00,-28.00,0.80,62.5,4197.00,4197.60,4196.80,4197.50,57,49,106,8.00,24.00,-8.00,0.90,11.1,27,147,2.0000,0.2632,75.00,152.00,4194.62,0.3977,UP,120.10,0.8826,1.0955
20261006 195959 079,4197.50,1,4197.20,4197.40,0.20,4197.20,4,4197.10,6,4197.00,8,4196.90,9,4196.80,9,4196.70,19,4196.60,19,4196.50,21,4196.40,18,4196.30,18,4197.40,5,4197.50,10,4197.60,10,4197.70,8,4197.80,11,4197.90,8,4198.00,13,4198.10,13,4198.20,13,4198.30,16,Buy,130,110,240,20.00,24.00,-28.00,0.80,62.5,4197.00,4197.60,4196.80,4197.50,57,49,106,8.00,24.00,-8.00,0.90,11.1,27,147,2.0000,0.2000,76.00,153.00,4194.62,0.3977,UP,120.10,0.8826,1.0955
20261006 195959 079,4197.50,1,4197.20,4197.40,0.20,4197.20,4,4197.10,6,4197.00,8,4196.90,9,4196.80,9,4196.70,19,4196.60,19,4196.50,21,4196.40,18,4196.30,18,4197.40,5,4197.50,10,4197.60,10,4197.70,8,4197.80,11,4197.90,8,4198.00,13,4198.10,13,4198.20,13,4198.30,16,Buy,131,110,241,21.00,24.00,-28.00,0.80,62.5,4197.00,4197.60,4196.80,4197.50,57,49,106,8.00,24.00,-8.00,0.90,11.1,27,147,2.0000,0.1429,77.00,154.00,4194.62,0.3977,UP,120.10,0.8826,1.0955
20261006 195959 079,4197.50,1,4197.20,4197.40,0.20,4197.20,4,4197.10,6,4197.00,8,4196.90,9,4196.80,9,4196.70,19,4196.60,19,4196.50,21,4196.40,18,4196.30,18,4197.40,5,4197.50,10,4197.60,10,4197.70,8,4197.80,11,4197.90,8,4198.00,13,4198.10,13,4198.20,13,4198.30,16,Buy,132,110,242,22.00,24.00,-28.00,0.80,62.5,4197.00,4197.60,4196.80,4197.50,57,49,106,8.00,24.00,-8.00,0.90,11.1,27,147,2.0000,0.0909,78.00,155.00,4194.62,0.3977,UP,120.10,0.8826,1.0955
20261006 195959 079,4197.60,1,4197.20,4197.40,0.20,4197.20,4,4197.10,6,4197.00,8,4196.90,9,4196.80,9,4196.70,19,4196.60,19,4196.50,21,4196.40,18,4196.30,18,4197.40,5,4197.50,10,4197.60,10,4197.70,8,4197.80,11,4197.90,8,4198.00,13,4198.10,13,4198.20,13,4198.30,16,Buy,133,110,243,23.00,24.00,-28.00,0.80,75.0,4197.00,4197.60,4196.80,4197.60,57,49,106,8.00,24.00,-8.00,0.90,11.1,27,147,2.0000,0.0435,79.00,156.00,4194.63,0.4009,UP,120.10,0.8826,1.0955
20261006 195959 079,4197.60,1,4197.20,4197.40,0.20,4197.20,4,4197.10,6,4197.00,8,4196.90,9,4196.80,9,4196.70,19,4196.60,19,4196.50,21,4196.40,18,4196.30,18,4197.40,5,4197.50,10,4197.60,10,4197.70,8,4197.80,11,4197.90,8,4198.00,13,4198.10,13,4198.20,13,4198.30,16,Buy,134,110,244,24.00,24.00,-28.00,0.80,75.0,4197.00,4197.60,4196.80,4197.60,57,49,106,8.00,24.00,-8.00,0.90,11.1,27,147,2.0000,0.0000,80.00,157.00,4194.63,0.4009,UP,120.10,0.8826,1.0955
20261006 195959 244,4197.20,1,4197.20,4197.40,0.20,4197.20,3,4197.10,6,4197.00,8,4196.90,9,4196.80,9,4196.70,19,4196.60,19,4196.50,21,4196.40,18,4196.30,18,4197.40,4,4197.50,10,4197.60,10,4197.70,8,4197.80,11,4197.90,8,4198.00,13,4198.10,13,4198.20,13,4198.30,16,Sell,134,111,245,23.00,24.00,-28.00,0.80,25.0,4197.00,4197.60,4196.80,4197.20,57,49,106,8.00,24.00,-8.00,0.90,11.1,27,147,2.0000,0.0435,79.00,156.00,4194.59,0.3882,UP,120.10,0.8826,1.0955
20261006 195959 464,4197.20,3,4197.10,4197.30,0.20,4197.10,5,4197.00,7,4196.90,9,4196.80,9,4196.70,8,4196.60,19,4196.50,21,4196.40,18,4196.30,18,4196.20,21,4197.30,3,4197.40,7,4197.50,10,4197.60,9,4197.70,9,4197.80,11,4197.90,8,4198.00,13,4198.10,13,4198.20,13,Sell,134,114,248,20.00,24.00,-28.00,0.80,25.0,4197.00,4197.60,4196.80,4197.20,57,49,106,8.00,24.00,-8.00,0.90,11.1,27,147,2.0000,0.2000,76.00,153.00,4194.59,0.3882,UP,120.10,0.8826,1.0955
20261006 195959 830,4197.40,1,4197.20,4197.40,0.20,4197.20,2,4197.10,7,4197.00,8,4196.90,9,4196.80,9,4196.70,8,4196.60,19,4196.50,21,4196.40,18,4196.30,18,4197.40,6,4197.50,11,4197.60,10,4197.70,9,4197.80,11,4197.90,8,4198.00,13,4198.10,13,4198.20,13,4198.30,16,Buy,135,114,249,21.00,24.00,-28.00,0.80,50.0,4197.00,4197.60,4196.80,4197.40,57,49,106,8.00,24.00,-8.00,0.90,11.1,27,147,2.0000,0.1429,77.00,154.00,4194.61,0.3946,UP,120.10,0.8826,1.0955
20261006 200000 023,4197.30,1,4197.20,4197.40,0.20,4197.20,2,4197.10,5,4197.00,8,4196.90,9,4196.80,9,4196.70,8,4196.60,19,4196.50,21,4196.40,18,4196.30,18,4197.40,7,4197.50,10,4197.60,9,4197.70,9,4197.80,11,4197.90,16,4198.00,13,4198.10,13,4198.20,13,4198.30,16,Buy,1,0,1,1.00,1.00,1.00,0.00,0.0,4197.30,4197.30,4197.30,4197.30,135,114,249,21.00,24.00,-28.00,0.80,50.0,54,339,0.1429,0.0000,87.00,134.00,4194.86,0.2776,UP,63.25,3.9368,1.0244
20261006 200000 280,4197.30,1,4197.10,4197.30,0.20,4197.10,2,4197.00,6,4196.90,10,4196.80,9,4196.70,8,4196.60,19,4196.50,21,4196.40,18,4196.30,18,4196.20,21,4197.30,4,4197.40,8,4197.50,9,4197.60,8,4197.70,8,4197.80,10,4197.90,16,4198.00,13,4198.10,13,4198.20,13,Buy,2,0,2,2.00,2.00,1.00,0.00,0.0,4197.30,4197.30,4197.30,4197.30,135,114,249,21.00,24.00,-28.00,0.80,50.0,54,339,0.1429,0.0000,88.00,135.00,4194.86,0.2776,UP,63.25,3.9368,1.0244
20261006 200000 283,4197.30,1,4197.10,4197.30,0.20,4197.10,2,4197.00,6,4196.90,10,4196.80,9,4196.70,8,4196.60,19,4196.50,21,4196.40,18,4196.30,18,4196.20,21,4197.30,4,4197.40,8,4197.50,9,4197.60,8,4197.70,8,4197.80,10,4197.90,16,4198.00,13,4198.10,13,4198.20,13,Buy,3,0,3,3.00,3.00,1.00,0.00,0.0,4197.30,4197.30,4197.30,4197.30,135,114,249,21.00,24.00,-28.00,0.80,50.0,54,339,0.1429,0.0000,89.00,136.00,4194.86,0.2776,UP,63.25,3.9368,1.0244
20261006 200000 497,4197.30,1,4197.10,4197.30,0.20,4197.10,1,4197.00,8,4196.90,9,4196.80,9,4196.70,8,4196.60,19,4196.50,21,4196.40,18,4196.30,18,4196.20,21,4197.30,5,4197.40,8,4197.50,9,4197.60,8,4197.70,8,4197.80,10,4197.90,16,4198.00,13,4198.10,13,4198.20,13,Buy,4,0,4,4.00,4.00,1.00,0.00,0.0,4197.30,4197.30,4197.30,4197.30,135,114,249,21.00,24.00,-28.00,0.80,50.0,54,339,0.1429,0.0000,90.00,137.00,4194.86,0.2776,UP,63.25,3.9368,1.0244
20261006 200000 504,4197.10,1,4197.10,4197.30,0.20,4197.10,1,4197.00,8,4196.90,9,4196.80,9,4196.70,8,4196.60,19,4196.50,21,4196.40,18,4196.30,18,4196.20,21,4197.30,5,4197.40,8,4197.50,9,4197.60,8,4197.70,8,4197.80,10,4197.90,16,4198.00,13,4198.10,13,4198.20,13,Sell,4,1,5,3.00,4.00,1.00,0.20,100.0,4197.30,4197.30,4197.10,4197.10,135,114,249,21.00,24.00,-28.00,0.80,50.0,54,339,0.1429,0.3333,89.00,136.00,4194.85,0.2713,UP,63.25,3.9368,1.0387
20261006 200000 504,4197.10,2,4197.10,4197.30,0.20,4197.10,1,4197.00,8,4196.90,9,4196.80,9,4196.70,8,4196.60,19,4196.50,21,4196.40,18,4196.30,18,4196.20,21,4197.30,5,4197.40,8,4197.50,9,4197.60,8,4197.70,8,4197.80,10,4197.90,16,4198.00,13,4198.10,13,4198.20,13,Sell,4,3,7,1.00,4.00,1.00,0.20,100.0,4197.30,4197.30,4197.10,4197.10,135,114,249,21.00,24.00,-28.00,0.80,50.0,54,339,0.1429,3.0000,87.00,134.00,4194.85,0.2713,UP,63.25,3.9368,1.0387
20261006 200000 694,4197.10,1,4197.10,4197.30,0.20,4197.10,2,4197.00,7,4196.90,8,4196.80,9,4196.70,6,4196.60,19,4196.50,21,4196.40,18,4196.30,18,4196.20,21,4197.30,4,4197.40,8,4197.50,9,4197.60,8,4197.70,8,4197.80,10,4197.90,16,4198.00,13,4198.10,13,4198.20,13,Sell,4,4,8,0.00,4.00,0.00,0.20,100.0,4197.30,4197.30,4197.10,4197.10,135,114,249,21.00,24.00,-28.00,0.80,50.0,54,339,0.1429,4.0000,86.00,133.00,4194.85,0.2713,UP,63.25,3.9368,1.0387
20261006 200000 870,4197.30,1,4197.10,4197.30,0.20,4197.10,1,4197.00,6,4196.90,8,4196.80,9,4196.70,6,4196.60,19,4196.50,21,4196.40,18,4196.30,18,4196.20,21,4197.30,4,4197.40,8,4197.50,9,4197.60,8,4197.70,8,4197.80,10,4197.90,16,4198.00,13,4198.10,13,4198.20,13,Buy,5,4,9,1.00,4.00,0.00,0.20,0.0,4197.30,4197.30,4197.10,4197.30,135,114,249,21.00,24.00,-28.00,0.80,50.0,54,339,0.1429,3.0000,87.00,134.00,4194.86,0.2776,UP,63.25,3.9368,1.0387
20261006 200000 935,4197.30,1,4197.10,4197.30,0.20,4197.10,4,4197.00,6,4196.90,8,4196.80,9,4196.70,6,4196.60,19,4196.50,21,4196.40,18,4196.30,18,4196.20,21,4197.30,2,4197.40,8,4197.50,9,4197.60,8,4197.70,8,4197.80,10,4197.90,16,4198.00,13,4198.10,13,4198.20,13,Buy,6,4,10,2.00,4.00,0.00,0.20,0.0,4197.30,4197.30,4197.10,4197.30,135,114,249,21.00,24.00,-28.00,0.80,50.0,54,339,0.1429,1.0000,88.00,135.00,4194.86,0.2776,UP,63.25,3.9368,1.0387
20261006 200000 996,4197.10,1,4197.10,4197.30,0.20,4197.10,4,4197.00,6,4196.90,8,4196.80,9,4196.70,6,4196.60,19,4196.50,21,4196.40,18,4196.30,18,4196.20,21,4197.30,2,4197.40,8,4197.50,9,4197.60,8,4197.70,8,4197.80,10,4197.90,16,4198.00,13,4198.10,13,4198.20,13,Sell,6,5,11,1.00,4.00,0.00,0.20,100.0,4197.30,4197.30,4197.10,4197.10,135,114,249,21.00,24.00,-28.00,0.80,50.0,54,339,0.1429,3.0000,87.00,134.00,4194.85,0.2713,UP,63.25,3.9368,1.0387
20261006 200001 064,4197.20,1,4197.20,4197.40,0.20,4197.20,5,4197.10,8,4197.00,6,4196.90,8,4196.80,9,4196.70,6,4196.60,19,4196.50,21,4196.40,18,4196.30,18,4197.40,1,4197.50,4,4197.60,8,4197.70,8,4197.80,10,4197.90,16,4198.00,13,4198.10,13,4198.20,13,4198.30,16,Sell,6,6,12,0.00,4.00,0.00,0.20,50.0,4197.30,4197.30,4197.10,4197.20,135,114,249,21.00,24.00,-28.00,0.80,50.0,54,339,0.1429,4.0000,86.00,133.00,4194.86,0.2744,UP,63.25,3.9368,1.0387
20261006 200001 107,4197.20,1,4197.20,4197.40,0.20,4197.20,4,4197.10,8,4197.00,5,4196.90,9,4196.80,8,4196.70,5,4196.60,18,4196.50,20,4196.40,17,4196.30,17,4197.40,2,4197.50,4,4197.60,8,4197.70,8,4197.80,10,4197.90,16,4198.00,13,4198.10,13,4198.20,13,4198.30,16,Sell,6,7,13,-1.00,4.00,-1.00,0.20,50.0,4197.30,4197.30,4197.10,4197.20,135,114,249,21.00,24.00,-28.00,0.80,50.0,54,339,0.1429,0.0000,85.00,132.00,4194.86,0.2744,UP,63.25,3.9368,1.0387
20261006 200001 438,4197.30,1,4197.10,4197.30,0.20,4197.10,2,4197.00,6,4196.90,9,4196.80,8,4196.70,5,4196.60,18,4196.50,20,4196.40,17,4196.30,17,4196.20,20,4197.30,3,4197.40,6,4197.50,8,4197.60,8,4197.70,8,4197.80,10,4197.90,16,4198.00,13,4198.10,13,4198.20,13,Buy,7,7,14,0.00,4.00,-1.00,0.20,0.0,4197.30,4197.30,4197.10,4197.30,135,114,249,21.00,24.00,-28.00,0.80,50.0,54,339,0.1429,4.0000,86.00,133.00,4194.86,0.2776,UP,63.25,3.9368,1.0387
20261006 200001 731,4197.30,1,4197.10,4197.30,0.20,4197.10,6,4197.00,6,4196.90,9,4196.80,8,4196.70,5,4196.60,18,4196.50,20,4196.40,17,4196.30,17,4196.20,20,4197.30,4,4197.40,6,4197.50,8,4197.60,8,4197.70,8,4197.80,10,4197.90,16,4198.00,13,4198.10,13,4198.20,13,Buy,8,7,15,1.00,4.00,-1.00,0.20,0.0,4197.30,4197.30,4197.10,4197.30,135,114,249,21.00,24.00,-28.00,0.80,50.0,54,339,0.1429,3.0000,87.00,134.00,4194.86,0.2776,UP,63.25,3.9368,1.0387
20261006 200001 918,4197.10,1,4197.10,4197.30,0.20,4197.10,6,4197.00,6,4196.90,9,4196.80,8,4196.70,5,4196.60,18,4196.50,20,4196.40,17,4196.30,17,4196.20,20,4197.30,4,4197.40,6,4197.50,8,4197.60,9,4197.70,8,4197.80,10,4197.90,16,4198.00,13,4198.10,13,4198.20,13,Sell,8,8,16,0.00,4.00,-1.00,0.20,100.0,4197.30,4197.30,4197.10,4197.10,135,114,249,21.00,24.00,-28.00,0.80,50.0,54,339,0.1429,4.0000,86.00,133.00,4194.85,0.2713,UP,63.25,3.9368,1.0387
20261006 200002 766,4197.30,1,4197.10,4197.30,0.20,4197.10,5,4197.00,6,4196.90,9,4196.80,8,4196.70,5,4196.60,18,4196.50,20,4196.40,17,4196.30,17,4196.20,20,4197.30,5,4197.40,6,4197.50,9,4197.60,9,4197.70,8,4197.80,10,4197.90,16,4198.00,13,4198.10,13,4198.20,13,Buy,9,8,17,1.00,4.00,-1.00,0.20,0.0,4197.30,4197.30,4197.10,4197.30,135,114,249,21.00,24.00,-28.00,0.80,50.0,54,339,0.1429,3.0000,87.00,134.00,4194.86,0.2776,UP,63.25,3.9368,1.0387
20261006 200002 766,4197.30,1,4197.10,4197.30,0.20,4197.10,5,4197.00,6,4196.90,9,4196.80,8,4196.70,5,4196.60,18,4196.50,20,4196.40,17,4196.30,17,4196.20,20,4197.30,5,4197.40,6,4197.50,9,4197.60,9,4197.70,8,4197.80,10,4197.90,16,4198.00,13,4198.10,13,4198.20,13,Buy,10,8,18,2.00,4.00,-1.00,0.20,0.0,4197.30,4197.30,4197.10,4197.30,135,114,249,21.00,24.00,-28.00,0.80,50.0,54,339,0.1429,1.0000,88.00,135.00,4194.86,0.2776,UP,63.25,3.9368,1.0387
20261006 200002 766,4197.30,1,4197.10,4197.30,0.20,4197.10,5,4197.00,6,4196.90,9,4196.80,8,4196.70,5,4196.60,18,4196.50,20,4196.40,17,4196.30,17,4196.20,20,4197.30,5,4197.40,6,4197.50,9,4197.60,9,4197.70,8,4197.80,10,4197.90,16,4198.00,13,4198.10,13,4198.20,13,Buy,11,8,19,3.00,4.00,-1.00,0.20,0.0,4197.30,4197.30,4197.10,4197.30,135,114,249,21.00,24.00,-28.00,0.80,50.0,54,339,0.1429,0.3333,89.00,136.00,4194.86,0.2776,UP,63.25,3.9368,1.0387
20261006 200002 868,4197.30,1,4197.10,4197.30,0.20,4197.10,5,4197.00,6,4196.90,9,4196.80,8,4196.70,5,4196.60,18,4196.50,20,4196.40,17,4196.30,17,4196.20,20,4197.30,3,4197.40,6,4197.50,9,4197.60,9,4197.70,8,4197.80,10,4197.90,16,4198.00,13,4198.10,13,4198.20,13,Buy,12,8,20,4.00,4.00,-1.00,0.20,0.0,4197.30,4197.30,4197.10,4197.30,135,114,249,21.00,24.00,-28.00,0.80,50.0,54,339,0.1429,0.0000,90.00,137.00,4194.86,0.2776,UP,63.25,3.9368,1.0387
20261006 200002 868,4197.30,1,4197.10,4197.30,0.20,4197.10,5,4197.00,6,4196.90,9,4196.80,8,4196.70,5,4196.60,18,4196.50,20,4196.40,17,4196.30,17,4196.20,20,4197.30,3,4197.40,6,4197.50,9,4197.60,9,4197.70,8,4197.80,10,4197.90,16,4198.00,13,4198.10,13,4198.20,13,Buy,13,8,21,5.00,5.00,-1.00,0.20,0.0,4197.30,4197.30,4197.10,4197.30,135,114,249,21.00,24.00,-28.00,0.80,50.0,54,339,0.1429,0.0000,91.00,138.00,4194.86,0.2776,UP,63.25,3.9368,1.0387
20261006 200003 056,4197.30,1,4197.10,4197.30,0.20,4197.10,6,4197.00,6,4196.90,9,4196.80,8,4196.70,5,4196.60,18,4196.50,20,4196.40,17,4196.30,17,4196.20,20,4197.30,2,4197.40,6,4197.50,9,4197.60,9,4197.70,8,4197.80,10,4197.90,16,4198.00,13,4198.10,13,4198.20,13,Buy,14,8,22,6.00,6.00,-1.00,0.20,0.0,4197.30,4197.30,4197.10,4197.30,135,114,249,21.00,24.00,-28.00,0.80,50.0,54,339,0.1429,0.0000,92.00,139.00,4194.86,0.2776,UP,63.25,3.9368,1.0387
20261006 200003 298,4197.20,1,4197.00,4197.30,0.30,4197.00,5,4196.90,9,4196.80,8,4196.70,5,4196.60,18,4196.50,20,4196.40,17,4196.30,17,4196.20,20,4196.10,25,4197.30,5,4197.40,7,4197.50,8,4197.60,9,4197.70,8,4197.80,10,4197.90,16,4198.00,13,4198.10,13,4198.20,13,Sell,14,9,23,5.00,6.00,-1.00,0.20,50.0,4197.30,4197.30,4197.10,4197.20,135,114,249,21.00,24.00,-28.00,0.80,50.0,54,339,0.1429,0.2000,91.00,138.00,4194.86,0.2744,UP,63.25,3.9368,1.0387
20261006 200003 298,4197.20,5,4197.00,4197.30,0.30,4197.00,5,4196.90,9,4196.80,8,4196.70,5,4196.60,18,4196.50,20,4196.40,17,4196.30,17,4196.20,20,4196.10,25,4197.30,5,4197.40,7,4197.50,8,4197.60,9,4197.70,8,4197.80,10,4197.90,16,4198.00,13,4198.10,13,4198.20,13,Sell,14,14,28,0.00,6.00,-1.00,0.20,50.0,4197.30,4197.30,4197.10,4197.20,135,114,249,21.00,24.00,-28.00,0.80,50.0,54,339,0.1429,6.0000,86.00,133.00,4194.86,0.2744,UP,63.25,3.9368,1.0387
20261006 200004 598,4197.40,1,4197.20,4197.40,0.20,4197.20,1,4197.10,7,4197.00,8,4196.90,8,4196.80,8,4196.70,6,4196.60,18,4196.50,20,4196.40,17,4196.30,17,4197.40,5,4197.50,8,4197.60,9,4197.70,9,4197.80,10,4197.90,16,4198.00,13,4198.10,13,4198.20,13,4198.30,16,Buy,15,14,29,1.00,6.00,-1.00,0.30,33.3,4197.30,4197.40,4197.10,4197.40,135,114,249,21.00,24.00,-28.00,0.80,50.0,54,339,0.1429,5.0000,87.00,134.00,4194.87,0.2808,UP,63.25,3.9368,1.0387
20261006 200004 671,4197.20,1,4197.10,4197.30,0.20,4197.10,6,4197.00,8,4196.90,8,4196.80,8,4196.70,6,4196.60,18,4196.50,20,4196.40,17,4196.30,17,4196.20,20,4197.30,2,4197.40,7,4197.50,8,4197.60,9,4197.70,9,4197.80,10,4197.90,16,4198.00,13,4198.10,13,4198.20,13,Sell,15,15,30,0.00,6.00,-1.00,0.30,33.3,4197.30,4197.40,4197.10,4197.20,135,114,249,21.00,24.00,-28.00,0.80,50.0,54,339,0.1429,6.0000,86.00,133.00,4194.86,0.2744,UP,63.25,3.9368,1.0387
20261006 200004 941,4197.30,1,4197.10,4197.30,0.20,4197.10,5,4197.00,8,4196.90,8,4196.80,8,4196.70,6,4196.60,18,4196.50,19,4196.40,17,4196.30,17,4196.20,20,4197.30,4,4197.40,6,4197.50,8,4197.60,9,4197.70,9,4197.80,10,4197.90,16,4198.00,13,4198.10,13,4198.20,13,Buy,16,15,31,1.00,6.00,-1.00,0.30,0.0,4197.30,4197.40,4197.10,4197.30,135,114,249,21.00,24.00,-28.00,0.80,50.0,54,339,0.1429,5.0000,87.00,134.00,4194.86,0.2776,UP,63.25,3.9368,1.0387
20261006 200004 941,4197.30,1,4197.10,4197.30,0.20,4197.10,5,4197.00,8,4196.90,8,4196.80,8,4196.70,6,4196.60,18,4196.50,19,4196.40,17,4196.30,17,4196.20,20,4197.30,4,4197.40,6,4197.50,8,4197.60,9,4197.70,9,4197.80,10,4197.90,16,4198.00,13,4198.10,13,4198.20,13,Buy,17,15,32,2.00,6.00,-1.00,0.30,0.0,4197.30,4197.40,4197.10,4197.30,135,114,249,21.00,24.00,-28.00,0.80,50.0,54,339,0.1429,2.0000,88.00,135.00,4194.86,0.2776,UP,63.25,3.9368,1.0387
20261006 200004 941,4197.40,1,4197.10,4197.30,0.20,4197.10,5,4197.00,8,4196.90,8,4196.80,8,4196.70,6,4196.60,18,4196.50,19,4196.40,17,4196.30,17,4196.20,20,4197.30,4,4197.40,6,4197.50,8,4197.60,9,4197.70,9,4197.80,10,4197.90,16,4198.00,13,4198.10,13,4198.20,13,Buy,18,15,33,3.00,6.00,-1.00,0.30,33.3,4197.30,4197.40,4197.10,4197.40,135,114,249,21.00,24.00,-28.00,0.80,50.0,54,339,0.1429,1.0000,89.00,136.00,4194.87,0.2808,UP,63.25,3.9368,1.0387
20261006 200005 152,4197.30,1,4197.10,4197.30,0.20,4197.10,13,4197.00,8,4196.90,8,4196.80,8,4196.70,6,4196.60,18,4196.50,19,4196.40,17,4196.30,17,4196.20,20,4197.30,1,4197.40,5,4197.50,8,4197.60,9,4197.70,9,4197.80,10,4197.90,16,4198.00,13,4198.10,13,4198.20,13,Buy,19,15,34,4.00,6.00,-1.00,0.30,0.0,4197.30,4197.40,4197.10,4197.30,135,114,249,21.00,24.00,-28.00,0.80,50.0,54,339,0.1429,0.5000,90.00,137.00,4194.86,0.2776,UP,63.25,3.9368,1.0387
20261006 200005 415,4197.40,1,4197.20,4197.40,0.20,4197.20,6,4197.10,8,4197.00,8,4196.90,8,4196.80,8,4196.70,6,4196.60,18,4196.50,19,4196.40,17,4196.30,17,4197.40,1,4197.50,4,4197.60,9,4197.70,9,4197.80,10,4197.90,16,4198.00,13,4198.10,13,4198.20,13,4198.30,16,Buy,20,15,35,5.00,6.00,-1.00,0.30,33.3,4197.30,4197.40,4197.10,4197.40,135,114,249,21.00,24.00,-28.00,0.80,50.0,54,339,0.1429,0.2000,91.00,138.00,4194.87,0.2808,UP,63.25,3.9368,1.0387
20261006 200005 415,4197.50,1,4197.20,4197.40,0.20,4197.20,6,4197.10,8,4197.00,8,4196.90,8,4196.80,8,4196.70,6,4196.60,18,4196.50,19,4196.40,17,4196.30,17,4197.40,1,4197.50,4,4197.60,9,4197.70,9,4197.80,10,4197.90,16,4198.00,13,4198.10,13,4198.20,13,4198.30,16,Buy,21,15,36,6.00,6.00,-1.00,0.40,50.0,4197.30,4197.50,4197.10,4197.50,135,114,249,21.00,24.00,-28.00,0.80,50.0,54,339,0.1429,0.0000,92.00,139.00,4194.88,0.2840,UP,63.25,3.9368,1.0458
20261006 200005 539,4197.40,1,4197.20,4197.50,0.30,4197.20,6,4197.10,8,4197.00,7,4196.90,8,4196.80,8,4196.70,6,4196.60,18,4196.50,19,4196.40,17,4196.30,17,4197.50,4,4197.60,9,4197.70,9,4197.80,10,4197.90,16,4198.00,13,4198.10,13,4198.20,13,4198.30,16,4198.40,18,Buy,22,15,37,7.00,7.00,-1.00,0.40,25.0,4197.30,4197.50,4197.10,4197.40,135,114,249,21.00,24.00,-28.00,0.80,50.0,54,339,0.1429,0.0000,93.00,140.00,4194.87,0.2808,UP,63.25,3.9368,1.0458
20261006 200005 827,4197.20,1,4197.20,4197.40,0.20,4197.20,2,4197.10,16,4197.00,7,4196.90,8,4196.80,8,4196.70,6,4196.60,18,4196.50,19,4196.40,17,4196.30,17,4197.40,4,4197.50,4,4197.60,9,4197.70,9,4197.80,10,4197.90,16,4198.00,13,4198.10,13,4198.20,13,4198.30,16,Sell,22,16,38,6.00,7.00,-1.00,0.40,25.0,4197.30,4197.50,4197.10,4197.20,135,114,249,21.00,24.00,-28.00,0.80,50.0,54,339,0.1429,0.1667,92.00,139.00,4194.86,0.2744,UP,63.25,3.9368,1.0458
20261006 200005 846,4197.20,1,4197.20,4197.40,0.20,4197.20,2,4197.10,16,4197.00,7,4196.90,8,4196.80,8,4196.70,6,4196.60,18,4196.50,19,4196.40,17,4196.30,17,4197.40,5,4197.50,4,4197.60,9,4197.70,9,4197.80,10,4197.90,16,4198.00,13,4198.10,13,4198.20,13,4198.30,16,Sell,22,17,39,5.00,7.00,-1.00,0.40,25.0,4197.30,4197.50,4197.10,4197.20,135,114,249,21.00,24.00,-28.00,0.80,50.0,54,339,0.1429,0.4000,91.00,138.00,4194.86,0.2744,UP,63.25,3.9368,1.0458
20261006 200006 966,4197.40,1,4197.20,4197.50,0.30,4197.20,6,4197.10,14,4197.00,8,4196.90,8,4196.80,8,4196.70,6,4196.60,18,4196.50,19,4196.40,17,4196.30,17,4197.50,6,4197.60,9,4197.70,9,4197.80,10,4197.90,16,4198.00,13,4198.10,13,4198.20,13,4198.30,16,4198.40,18,Buy,23,17,40,6.00,7.00,-1.00,0.40,25.0,4197.30,4197.50,4197.10,4197.40,135,114,249,21.00,24.00,-28.00,0.80,50.0,54,339,0.1429,0.1667,92.00,139.00,4194.87,0.2808,UP,63.25,3.9368,1.0458
20261006 200006 970,4197.30,1,4197.20,4197.50,0.30,4197.20,6,4197.10,14,4197.00,8,4196.90,8,4196.80,8,4196.70,6,4196.60,18,4196.50,19,4196.40,17,4196.30,17,4197.50,6,4197.60,9,4197.70,9,4197.80,10,4197.90,16,4198.00,13,4198.10,13,4198.20,13,4198.30,16,4198.40,18,Buy,24,17,41,7.00,7.00,-1.00,0.40,0.0,4197.30,4197.50,4197.10,4197.30,135,114,249,21.00,24.00,-28.00,0.80,50.0,54,339,0.1429,0.0000,93.00,140.00,4194.86,0.2776,UP,63.25,3.9368,1.0458
20261006 200006 975,4197.40,1,4197.20,4197.50,0.30,4197.20,6,4197.10,14,4197.00,8,4196.90,8,4196.80,8,4196.70,6,4196.60,18,4196.50,19,4196.40,17,4196.30,17,4197.50,6,4197.60,9,4197.70,9,4197.80,10,4197.90,16,4198.00,13,4198.10,13,4198.20,13,4198.30,16,4198.40,18,Buy,25,17,42,8.00,8.00,-1.00,0.40,25.0,4197.30,4197.50,4197.10,4197.40,135,114,249,21.00,24.00,-28.00,0.80,50.0,54,339,0.1429,0.0000,94.00,141.00,4194.87,0.2808,UP,63.25,3.9368,1.0458
20261006 200007 443,4197.50,1,4197.30,4197.50,0.20,4197.30,2,4197.20,14,4197.10,5,4197.00,8,4196.90,8,4196.80,8,4196.70,6,4196.60,18,4196.50,19,4196.40,17,4197.50,2,4197.60,9,4197.70,9,4197.80,10,4197.90,16,4198.00,13,4198.10,13,4198.20,13,4198.30,16,4198.40,18,Buy,26,17,43,9.00,9.00,-1.00,0.40,50.0,4197.30,4197.50,4197.10,4197.50,135,114,249,21.00,24.00,-28.00,0.80,50.0,54,339,0.1429,0.0000,95.00,142.00,4194.88,0.2840,UP,63.25,3.9368,1.0458
20261006 200007 443,4197.50,1,4197.30,4197.50,0.20,4197.30,2,4197.20,14,4197.10,5,4197.00,8,4196.90,8,4196.80,8,4196.70,6,4196.60,18,4196.50,19,4196.40,17,4197.50,2,4197.60,9,4197.70,9,4197.80,10,4197.90,16,4198.00,13,4198.10,13,4198.20,13,4198.30,16,4198.40,18,Buy,27,17,44,10.00,10.00,-1.00,0.40,50.0,4197.30,4197.50,4197.10,4197.50,135,114,249,21.00,24.00,-28.00,0.80,50.0,54,339,0.1429,0.0000,96.00,143.00,4194.88,0.2840,UP,63.25,3.9368,1.0458
20261006 200008 086,4197.20,1,4197.30,4197.50,0.20,4197.30,2,4197.20,13,4197.10,7,4197.00,8,4196.90,8,4196.80,8,4196.70,6,4196.60,18,4196.50,19,4196.40,17,4197.50,5,4197.60,9,4197.70,9,4197.80,10,4197.90,8,4198.00,13,4198.10,13,4198.20,13,4198.30,16,4198.40,18,Sell,27,18,45,9.00,10.00,-1.00,0.40,25.0,4197.30,4197.50,4197.10,4197.20,135,114,249,21.00,24.00,-28.00,0.80,50.0,54,339,0.1429,0.1111,95.00,142.00,4194.86,0.2744,UP,63.25,3.9368,1.0458
20261006 200009 791,4197.40,1,4197.20,4197.40,0.20,4197.20,13,4197.10,6,4197.00,9,4196.90,8,4196.80,8,4196.70,6,4196.60,18,4196.50,19,4196.40,17,4196.30,17,4197.40,2,4197.50,6,4197.60,9,4197.70,9,4197.80,10,4197.90,8,4198.00,13,4198.10,13,4198.20,13,4198.30,16,Buy,28,18,46,10.00,10.00,-1.00,0.40,25.0,4197.30,4197.50,4197.10,4197.40,135,114,249,21.00,24.00,-28.00,0.80,50.0,54,339,0.1429,0.0000,96.00,143.00,4194.87,0.2808,UP,63.25,3.9368,1.0458
20261006 200011 079,4197.70,1,4197.70,4197.80,0.10,4197.30,1,4197.20,14,4197.10,6,4197.00,9,4196.90,8,4196.80,8,4196.70,6,4196.60,18,4196.50,19,4196.40,17,4197.50,5,4197.60,9,4197.70,9,4197.80,10,4197.90,8,4198.00,13,4198.10,13,4198.20,13,4198.30,16,4198.40,18,Buy,29,18,47,11.00,11.00,-1.00,0.60,66.7,4197.30,4197.70,4197.10,4197.70,135,114,249,21.00,24.00,-28.00,0.80,50.0,54,339,0.1429,0.0000,97.00,144.00,4194.90,0.2903,UP,63.25,3.9368,1.0601
20261006 200011 079,4197.70,1,4197.70,4197.80,0.10,4197.30,1,4197.20,14,4197.10,6,4197.00,9,4196.90,8,4196.80,8,4196.70,6,4196.60,18,4196.50,19,4196.40,17,4197.50,5,4197.60,9,4197.70,9,4197.80,10,4197.90,8,4198.00,13,4198.10,13,4198.20,13,4198.30,16,4198.40,18,Buy,30,18,48,12.00,12.00,-1.00,0.60,66.7,4197.30,4197.70,4197.10,4197.70,135,114,249,21.00,24.00,-28.00,0.80,50.0,54,339,0.1429,0.0000,98.00,145.00,4194.90,0.2903,UP,63.25,3.9368,1.0601
20261006 200011 082,4197.80,1,4197.70,4197.80,0.10,4197.30,1,4197.20,14,4197.10,6,4197.00,9,4196.90,8,4196.80,8,4196.70,6,4196.60,18,4196.50,19,4196.40,17,4197.50,5,4197.60,9,4197.70,9,4197.80,10,4197.90,8,4198.00,13,4198.10,13,4198.20,13,4198.30,16,4198.40,18,Buy,31,18,49,13.00,13.00,-1.00,0.70,71.4,4197.30,4197.80,4197.10,4197.80,135,114,249,21.00,24.00,-28.00,0.80,50.0,54,339,0.1429,0.0000,99.00,146.00,4194.91,0.2935,UP,63.25,3.9368,1.0672
20261006 200011 082,4197.80,1,4197.70,4197.80,0.10,4197.30,1,4197.20,14,4197.10,6,4197.00,9,4196.90,8,4196.80,8,4196.70,6,4196.60,18,4196.50,19,4196.40,17,4197.50,5,4197.60,9,4197.70,9,4197.80,10,4197.90,8,4198.00,13,4198.10,13,4198.20,13,4198.30,16,4198.40,18,Buy,32,18,50,14.00,14.00,-1.00,0.70,71.4,4197.30,4197.80,4197.10,4197.80,135,114,249,21.00,24.00,-28.00,0.80,50.0,54,339,0.1429,0.0000,100.00,147.00,4194.91,0.2935,UP,63.25,3.9368,1.0672
20261006 200011 082,4197.80,1,4197.70,4197.80,0.10,4197.30,1,4197.20,14,4197.10,6,4197.00,9,4196.90,8,4196.80,8,4196.70,6,4196.60,18,4196.50,19,4196.40,17,4197.50,5,4197.60,9,4197.70,9,4197.80,10,4197.90,8,4198.00,13,4198.10,13,4198.20,13,4198.30,16,4198.40,18,Buy,33,18,51,15.00,15.00,-1.00,0.70,71.4,4197.30,4197.80,4197.10,4197.80,135,114,249,21.00,24.00,-28.00,0.80,50.0,54,339,0.1429,0.0000,101.00,148.00,4194.91,0.2935,UP,63.25,3.9368,1.0672
20261006 200011 082,4197.80,1,4197.70,4197.80,0.10,4197.30,1,4197.20,14,4197.10,6,4197.00,9,4196.90,8,4196.80,8,4196.70,6,4196.60,18,4196.50,19,4196.40,17,4197.50,5,4197.60,9,4197.70,9,4197.80,10,4197.90,8,4198.00,13,4198.10,13,4198.20,13,4198.30,16,4198.40,18,Buy,34,18,52,16.00,16.00,-1.00,0.70,71.4,4197.30,4197.80,4197.10,4197.80,135,114,249,21.00,24.00,-28.00,0.80,50.0,54,339,0.1429,0.0000,102.00,149.00,4194.91,0.2935,UP,63.25,3.9368,1.0672
20261006 200011 082,4197.90,1,4197.70,4197.80,0.10,4197.30,1,4197.20,14,4197.10,6,4197.00,9,4196.90,8,4196.80,8,4196.70,6,4196.60,18,4196.50,19,4196.40,17,4197.50,5,4197.60,9,4197.70,9,4197.80,10,4197.90,8,4198.00,13,4198.10,13,4198.20,13,4198.30,16,4198.40,18,Buy,35,18,53,17.00,17.00,-1.00,0.80,75.0,4197.30,4197.90,4197.10,4197.90,135,114,249,21.00,24.00,-28.00,0.80,50.0,54,339,0.1429,0.0000,103.00,150.00,4194.92,0.2967,UP,63.25,3.9368,1.0744
20261006 200011 087,4198.00,1,4197.70,4197.90,0.20,4197.70,4,4197.60,10,4197.50,9,4197.40,8,4197.30,10,4197.20,14,4197.10,17,4197.00,20,4196.90,18,4196.80,18,4197.90,5,4198.00,7,4198.10,4,4198.20,8,4198.30,11,4198.40,18,4198.50,14,4198.60,15,4198.70,12,4198.80,15,Buy,36,18,54,18.00,18.00,-1.00,0.90,77.8,4197.30,4198.00,4197.10,4198.00,135,114,249,21.00,24.00,-28.00,0.80,50.0,54,339,0.1429,0.0000,104.00,151.00,4194.93,0.2998,UP,63.25,3.9368,1.0815
20261006 200011 087,4198.00,1,4197.70,4197.90,0.20,4197.70,4,4197.60,10,4197.50,9,4197.40,8,4197.30,10,4197.20,14,4197.10,17,4197.00,20,4196.90,18,4196.80,18,4197.90,5,4198.00,7,4198.10,4,4198.20,8,4198.30,11,4198.40,18,4198.50,14,4198.60,15,4198.70,12,4198.80,15,Buy,37,18,55,19.00,19.00,-1.00,0.90,77.8,4197.30,4198.00,4197.10,4198.00,135,114,249,21.00,24.00,-28.00,0.80,50.0,54,339,0.1429,0.0000,105.00,152.00,4194.93,0.2998,UP,63.25,3.9368,1.0815
20261006 200011 088,4198.00,1,4197.70,4197.90,0.20,4197.70,4,4197.60,10,4197.50,9,4197.40,8,4197.30,10,4197.20,14,4197.10,17,4197.00,20,4196.90,18,4196.80,18,4197.90,5,4198.00,7,4198.10,4,4198.20,8,4198.30,11,4198.40,18,4198.50,14,4198.60,15,4198.70,12,4198.80,15,Buy,38,18,56,20.00,20.00,-1.00,0.90,77.8,4197.30,4198.00,4197.10,4198.00,135,114,249,21.00,24.00,-28.00,0.80,50.0,54,339,0.1429,0.0000,106.00,153.00,4194.93,0.2998,UP,63.25,3.9368,1.0815
20261006 200011 934,4198.00,1,4197.90,4198.00,0.10,4197.90,3,4197.80,6,4197.70,7,4197.60,10,4197.50,10,4197.40,8,4197.30,10,4197.20,24,4197.10,17,4197.00,20,4198.10,4,4198.20,6,4198.30,11,4198.40,9,4198.50,6,4198.60,15,4198.70,12,4198.80,15,4198.90,14,4199.00,15,Buy,39,18,57,21.00,21.00,-1.00,0.90,77.8,4197.30,4198.00,4197.10,4198.00,135,114,249,21.00,24.00,-28.00,0.80,50.0,54,339,0.1429,0.0000,107.00,154.00,4194.93,0.2998,UP,63.25,3.9368,1.0815
20261006 200011 935,4198.00,1,4197.90,4198.00,0.10,4197.90,3,4197.80,6,4197.70,7,4197.60,10,4197.50,10,4197.40,8,4197.30,10,4197.20,24,4197.10,17,4197.00,20,4198.10,4,4198.20,6,4198.30,11,4198.40,9,4198.50,6,4198.60,15,4198.70,12,4198.80,15,4198.90,14,4199.00,15,Buy,40,18,58,22.00,22.00,-1.00,0.90,77.8,4197.30,4198.00,4197.10,4198.00,135,114,249,21.00,24.00,-28.00,0.80,50.0,54,339,0.1429,0.0000,108.00,155.00,4194.93,0.2998,UP,63.25,3.9368,1.0815
20261006 200012 631,4198.00,1,4197.80,4198.00,0.20,4197.80,6,4197.70,8,4197.60,10,4197.50,10,4197.40,8,4197.30,10,4197.20,24,4197.10,17,4197.00,20,4196.90,18,4198.00,1,4198.10,9,4198.20,9,4198.30,11,4198.40,10,4198.50,6,4198.60,15,4198.70,14,4198.80,15,4198.90,14,Buy,41,18,59,23.00,23.00,-1.00,0.90,77.8,4197.30,4198.00,4197.10,4198.00,135,114,249,21.00,24.00,-28.00,0.80,50.0,54,339,0.1429,0.0000,109.00,156.00,4194.93,0.2998,UP,63.25,3.9368,1.0815
20261006 200012 647,4198.00,1,4197.80,4198.00,0.20,4197.80,6,4197.70,8,4197.60,10,4197.50,10,4197.40,8,4197.30,10,4197.20,24,4197.10,17,4197.00,20,4196.90,18,4198.00,1,4198.10,9,4198.20,9,4198.30,11,4198.40,10,4198.50,6,4198.60,15,4198.70,14,4198.80,15,4198.90,14,Buy,42,18,60,24.00,24.00,-1.00,0.90,77.8,4197.30,4198.00,4197.10,4198.00,135,114,249,21.00,24.00,-28.00,0.80,50.0,54,339,0.1429,0.0000,110.00,157.00,4194.93,0.2998,UP,63.25,3.9368,1.0815
20261006 200012 647,4198.00,1,4197.80,4198.00,0.20,4197.80,6,4197.70,8,4197.60,10,4197.50,10,4197.40,8,4197.30,10,4197.20,24,4197.10,17,4197.00,20,4196.90,18,4198.00,1,4198.10,9,4198.20,9,4198.30,11,4198.40,10,4198.50,6,4198.60,15,4198.70,14,4198.80,15,4198.90,14,Buy,43,18,61,25.00,25.00,-1.00,0.90,77.8,4197.30,4198.00,4197.10,4198.00,135,114,249,21.00,24.00,-28.00,0.80,50.0,54,339,0.1429,0.0000,111.00,158.00,4194.93,0.2998,UP,63.25,3.9368,1.0815
20261006 200012 647,4198.00,1,4197.80,4198.00,0.20,4197.80,6,4197.70,8,4197.60,10,4197.50,10,4197.40,8,4197.30,10,4197.20,24,4197.10,17,4197.00,20,4196.90,18,4198.00,1,4198.10,9,4198.20,9,4198.30,11,4198.40,10,4198.50,6,4198.60,15,4198.70,14,4198.80,15,4198.90,14,Buy,44,18,62,26.00,26.00,-1.00,0.90,77.8,4197.30,4198.00,4197.10,4198.00,135,114,249,21.00,24.00,-28.00,0.80,50.0,54,339,0.1429,0.0000,112.00,159.00,4194.93,0.2998,UP,63.25,3.9368,1.0815
20261006 200012 647,4198.00,1,4197.80,4198.00,0.20,4197.80,6,4197.70,8,4197.60,10,4197.50,10,4197.40,8,4197.30,10,4197.20,24,4197.10,17,4197.00,20,4196.90,18,4198.00,1,4198.10,9,4198.20,9,4198.30,11,4198.40,10,4198.50,6,4198.60,15,4198.70,14,4198.80,15,4198.90,14,Buy,45,18,63,27.00,27.00,-1.00,0.90,77.8,4197.30,4198.00,4197.10,4198.00,135,114,249,21.00,24.00,-28.00,0.80,50.0,54,339,0.1429,0.0000,113.00,160.00,4194.93,0.2998,UP,63.25,3.9368,1.0815
20261006 200012 647,4198.10,1,4197.80,4198.00,0.20,4197.80,6,4197.70,8,4197.60,10,4197.50,10,4197.40,8,4197.30,10,4197.20,24,4197.10,17,4197.00,20,4196.90,18,4198.00,1,4198.10,9,4198.20,9,4198.30,11,4198.40,10,4198.50,6,4198.60,15,4198.70,14,4198.80,15,4198.90,14,Buy,46,18,64,28.00,28.00,-1.00,1.00,80.0,4197.30,4198.10,4197.10,4198.10,135,114,249,21.00,24.00,-28.00,0.80,50.0,54,339,0.1429,0.0000,114.00,161.00,4194.94,0.3030,UP,63.25,3.9368,1.0887
20261006 200012 647,4198.10,1,4197.80,4198.00,0.20,4197.80,6,4197.70,8,4197.60,10,4197.50,10,4197.40,8,4197.30,10,4197.20,24,4197.10,17,4197.00,20,4196.90,18,4198.00,1,4198.10,9,4198.20,9,4198.30,11,4198.40,10,4198.50,6,4198.60,15,4198.70,14,4198.80,15,4198.90,14,Buy,47,18,65,29.00,29.00,-1.00,1.00,80.0,4197.30,4198.10,4197.10,4198.10,135,114,249,21.00,24.00,-28.00,0.80,50.0,54,339,0.1429,0.0000,115.00,162.00,4194.94,0.3030,UP,63.25,3.9368,1.0887
20261006 200012 647,4198.10,1,4197.80,4198.00,0.20,4197.80,6,4197.70,8,4197.60,10,4197.50,10,4197.40,8,4197.30,10,4197.20,24,4197.10,17,4197.00,20,4196.90,18,4198.00,1,4198.10,9,4198.20,9,4198.30,11,4198.40,10,4198.50,6,4198.60,15,4198.70,14,4198.80,15,4198.90,14,Buy,48,18,66,30.00,30.00,-1.00,1.00,80.0,4197.30,4198.10,4197.10,4198.10,135,114,249,21.00,24.00,-28.00,0.80,50.0,54,339,0.1429,0.0000,116.00,163.00,4194.94,0.3030,UP,63.25,3.9368,1.0887
20261006 200012 647,4198.10,1,4197.80,4198.00,0.20,4197.80,6,4197.70,8,4197.60,10,4197.50,10,4197.40,8,4197.30,10,4197.20,24,4197.10,17,4197.00,20,4196.90,18,4198.00,1,4198.10,9,4198.20,9,4198.30,11,4198.40,10,4198.50,6,4198.60,15,4198.70,14,4198.80,15,4198.90,14,Buy,49,18,67,31.00,31.00,-1.00,1.00,80.0,4197.30,4198.10,4197.10,4198.10,135,114,249,21.00,24.00,-28.00,0.80,50.0,54,339,0.1429,0.0000,117.00,164.00,4194.94,0.3030,UP,63.25,3.9368,1.0887
20261006 200012 647,4198.10,1,4197.80,4198.00,0.20,4197.80,6,4197.70,8,4197.60,10,4197.50,10,4197.40,8,4197.30,10,4197.20,24,4197.10,17,4197.00,20,4196.90,18,4198.00,1,4198.10,9,4198.20,9,4198.30,11,4198.40,10,4198.50,6,4198.60,15,4198.70,14,4198.80,15,4198.90,14,Buy,50,18,68,32.00,32.00,-1.00,1.00,80.0,4197.30,4198.10,4197.10,4198.10,135,114,249,21.00,24.00,-28.00,0.80,50.0,54,339,0.1429,0.0000,118.00,165.00,4194.94,0.3030,UP,63.25,3.9368,1.0887
20261006 200012 647,4198.10,1,4197.80,4198.00,0.20,4197.80,6,4197.70,8,4197.60,10,4197.50,10,4197.40,8,4197.30,10,4197.20,24,4197.10,17,4197.00,20,4196.90,18,4198.00,1,4198.10,9,4198.20,9,4198.30,11,4198.40,10,4198.50,6,4198.60,15,4198.70,14,4198.80,15,4198.90,14,Buy,51,18,69,33.00,33.00,-1.00,1.00,80.0,4197.30,4198.10,4197.10,4198.10,135,114,249,21.00,24.00,-28.00,0.80,50.0,54,339,0.1429,0.0000,119.00,166.00,4194.94,0.3030,UP,63.25,3.9368,1.0887
20261006 200012 647,4198.20,1,4197.80,4198.00,0.20,4197.80,6,4197.70,8,4197.60,10,4197.50,10,4197.40,8,4197.30,10,4197.20,24,4197.10,17,4197.00,20,4196.90,18,4198.00,1,4198.10,9,4198.20,9,4198.30,11,4198.40,10,4198.50,6,4198.60,15,4198.70,14,4198.80,15,4198.90,14,Buy,52,18,70,34.00,34.00,-1.00,1.10,81.8,4197.30,4198.20,4197.10,4198.20,135,114,249,21.00,24.00,-28.00,0.80,50.0,54,339,0.1429,0.0000,120.00,167.00,4194.95,0.3062,UP,63.25,3.9368,1.0958
20261006 200012 647,4198.20,1,4197.80,4198.00,0.20,4197.80,6,4197.70,8,4197.60,10,4197.50,10,4197.40,8,4197.30,10,4197.20,24,4197.10,17,4197.00,20,4196.90,18,4198.00,1,4198.10,9,4198.20,9,4198.30,11,4198.40,10,4198.50,6,4198.60,15,4198.70,14,4198.80,15,4198.90,14,Buy,53,18,71,35.00,35.00,-1.00,1.10,81.8,4197.30,4198.20,4197.10,4198.20,135,114,249,21.00,24.00,-28.00,0.80,50.0,54,339,0.1429,0.0000,121.00,168.00,4194.95,0.3062,UP,63.25,3.9368,1.0958
20261006 200012 647,4198.20,1,4197.80,4198.00,0.20,4197.80,6,4197.70,8,4197.60,10,4197.50,10,4197.40,8,4197.30,10,4197.20,24,4197.10,17,4197.00,20,4196.90,18,4198.00,1,4198.10,9,4198.20,9,4198.30,11,4198.40,10,4198.50,6,4198.60,15,4198.70,14,4198.80,15,4198.90,14,Buy,54,18,72,36.00,36.00,-1.00,1.10,81.8,4197.30,4198.20,4197.10,4198.20,135,114,249,21.00,24.00,-28.00,0.80,50.0,54,339,0.1429,0.0000,122.00,169.00,4194.95,0.3062,UP,63.25,3.9368,1.0958
20261006 200012 807,4197.90,1,4197.70,4197.90,0.20,4197.70,6,4197.60,11,4197.50,10,4197.40,8,4197.30,10,4197.20,24,4197.10,17,4197.00,20,4196.90,18,4196.80,18,4197.90,2,4198.00,5,4198.10,9,4198.20,9,4198.30,11,4198.40,10,4198.50,6,4198.60,15,4198.70,14,4198.80,15,Buy,55,18,73,37.00,37.00,-1.00,1.10,54.5,4197.30,4198.20,4197.10,4197.90,135,114,249,21.00,24.00,-28.00,0.80,50.0,54,339,0.1429,0.0000,123.00,170.00,4194.92,0.2967,UP,63.25,3.9368,1.0958
20261006 200012 852,4197.90,1,4197.70,4197.90,0.20,4197.70,6,4197.60,11,4197.50,10,4197.40,8,4197.30,10,4197.20,24,4197.10,17,4197.00,20,4196.90,18,4196.80,18,4197.90,1,4198.00,5,4198.10,9,4198.20,9,4198.30,11,4198.40,10,4198.50,6,4198.60,15,4198.70,14,4198.80,15,Buy,56,18,74,38.00,38.00,-1.00,1.10,54.5,4197.30,4198.20,4197.10,4197.90,135,114,249,21.00,24.00,-28.00,0.80,50.0,54,339,0.1429,0.0000,124.00,171.00,4194.92,0.2967,UP,63.25,3.9368,1.0958
20261006 200012 889,4197.90,1,4197.70,4197.90,0.20,4197.70,6,4197.60,11,4197.50,10,4197.40,8,4197.30,10,4197.20,24,4197.10,17,4197.00,20,4196.90,18,4196.80,18,4197.90,1,4198.00,5,4198.10,9,4198.20,9,4198.30,11,4198.40,10,4198.50,6,4198.60,15,4198.70,14,4198.80,15,Buy,57,18,75,39.00,39.00,-1.00,1.10,54.5,4197.30,4198.20,4197.10,4197.90,135,114,249,21.00,24.00,-28.00,0.80,50.0,54,339,0.1429,0.0000,125.00,172.00,4194.92,0.2967,UP,63.25,3.9368,1.0958
20261006 200012 958,4197.90,1,4197.70,4197.90,0.20,4197.70,6,4197.60,11,4197.50,10,4197.40,8,4197.30,10,4197.20,24,4197.10,17,4197.00,20,4196.90,18,4196.80,18,4198.00,5,4198.10,9,4198.20,10,4198.30,11,4198.40,10,4198.50,6,4198.60,15,4198.70,14,4198.80,15,4198.90,14,Buy,58,18,76,40.00,40.00,-1.00,1.10,54.5,4197.30,4198.20,4197.10,4197.90,135,114,249,21.00,24.00,-28.00,0.80,50.0,54,339,0.1429,0.0000,126.00,173.00,4194.92,0.2967,UP,63.25,3.9368,1.0958
20261006 200013 196,4198.00,1,4197.70,4198.00,0.30,4197.70,5,4197.60,11,4197.50,10,4197.40,8,4197.30,10,4197.20,24,4197.10,17,4197.00,20,4196.90,18,4196.80,18,4197.90,4,4198.00,6,4198.10,10,4198.20,10,4198.30,11,4198.40,10,4198.50,6,4198.60,15,4198.70,14,4198.80,15,Buy,59,18,77,41.00,41.00,-1.00,1.10,63.6,4197.30,4198.20,4197.10,4198.00,135,114,249,21.00,24.00,-28.00,0.80,50.0,54,339,0.1429,0.0000,127.00,174.00,4194.93,0.2998,UP,63.25,3.9368,1.0958
20261006 200013 242,4197.70,1,4197.70,4198.00,0.30,4197.70,5,4197.60,11,4197.50,10,4197.40,8,4197.30,10,4197.20,24,4197.10,17,4197.00,20,4196.90,18,4196.80,18,4197.90,4,4198.00,6,4198.10,10,4198.20,10,4198.30,11,4198.40,10,4198.50,6,4198.60,15,4198.70,14,4198.80,15,Sell,59,19,78,40.00,41.00,-1.00,1.10,36.4,4197.30,4198.20,4197.10,4197.70,135,114,249,21.00,24.00,-28.00,0.80,50.0,54,339,0.1429,0.0250,126.00,173.00,4194.90,0.2903,UP,63.25,3.9368,1.0958
20261006 200013 904,4197.70,3,4197.60,4197.80,0.20,4197.60,1,4197.50,6,4197.40,8,4197.30,10,4197.20,14,4197.10,17,4197.00,20,4196.90,18,4196.80,18,4196.70,17,4197.80,7,4197.90,7,4198.00,6,4198.10,11,4198.20,9,4198.30,11,4198.40,20,4198.50,16,4198.60,17,4198.70,14,Sell,59,22,81,37.00,41.00,-1.00,1.10,36.4,4197.30,4198.20,4197.10,4197.70,135,114,249,21.00,24.00,-28.00,0.80,50.0,54,339,0.1429,0.1081,123.00,170.00,4194.90,0.2903,UP,63.25,3.9368,1.0958
20261006 200013 910,4197.70,1,4197.60,4197.80,0.20,4197.60,1,4197.50,6,4197.40,8,4197.30,10,4197.20,14,4197.10,17,4197.00,20,4196.90,18,4196.80,18,4196.70,17,4197.80,7,4197.90,7,4198.00,6,4198.10,11,4198.20,9,4198.30,11,4198.40,20,4198.50,16,4198.60,17,4198.70,14,Buy,60,22,82,38.00,41.00,-1.00,1.10,36.4,4197.30,4198.20,4197.10,4197.70,135,114,249,21.00,24.00,-28.00,0.80,50.0,54,339,0.1429,0.0789,124.00,171.00,4194.90,0.2903,UP,63.25,3.9368,1.0958
20261006 200013 910,4197.70,1,4197.60,4197.80,0.20,4197.60,1,4197.50,6,4197.40,8,4197.30,10,4197.20,14,4197.10,17,4197.00,20,4196.90,18,4196.80,18,4196.70,17,4197.80,7,4197.90,7,4198.00,6,4198.10,11,4198.20,9,4198.30,11,4198.40,20,4198.50,16,4198.60,17,4198.70,14,Buy,61,22,83,39.00,41.00,-1.00,1.10,36.4,4197.30,4198.20,4197.10,4197.70,135,114,249,21.00,24.00,-28.00,0.80,50.0,54,339,0.1429,0.0513,125.00,172.00,4194.90,0.2903,UP,63.25,3.9368,1.0958
20261006 200013 910,4197.70,1,4197.60,4197.80,0.20,4197.60,1,4197.50,6,4197.40,8,4197.30,10,4197.20,14,4197.10,17,4197.00,20,4196.90,18,4196.80,18,4196.70,17,4197.80,7,4197.90,7,4198.00,6,4198.10,11,4198.20,9,4198.30,11,4198.40,20,4198.50,16,4198.60,17,4198.70,14,Buy,62,22,84,40.00,41.00,-1.00,1.10,36.4,4197.30,4198.20,4197.10,4197.70,135,114,249,21.00,24.00,-28.00,0.80,50.0,54,339,0.1429,0.0250,126.00,173.00,4194.90,0.2903,UP,63.25,3.9368,1.0958
20261006 200014 096,4197.80,1,4197.60,4197.80,0.20,4197.60,4,4197.50,7,4197.40,8,4197.30,10,4197.20,14,4197.10,17,4197.00,20,4196.90,18,4196.80,18,4196.70,17,4197.80,5,4197.90,8,4198.00,7,4198.10,11,4198.20,9,4198.30,11,4198.40,20,4198.50,16,4198.60,17,4198.70,14,Buy,63,22,85,41.00,41.00,-1.00,1.10,45.5,4197.30,4198.20,4197.10,4197.80,135,114,249,21.00,24.00,-28.00,0.80,50.0,54,339,0.1429,0.0000,127.00,174.00,4194.91,0.2935,UP,63.25,3.9368,1.0958
20261006 200014 096,4197.80,1,4197.60,4197.80,0.20,4197.60,4,4197.50,7,4197.40,8,4197.30,10,4197.20,14,4197.10,17,4197.00,20,4196.90,18,4196.80,18,4196.70,17,4197.80,5,4197.90,8,4198.00,7,4198.10,11,4198.20,9,4198.30,11,4198.40,20,4198.50,16,4198.60,17,4198.70,14,Buy,64,22,86,42.00,42.00,-1.00,1.10,45.5,4197.30,4198.20,4197.10,4197.80,135,114,249,21.00,24.00,-28.00,0.80,50.0,54,339,0.1429,0.0000,128.00,175.00,4194.91,0.2935,UP,63.25,3.9368,1.0958
20261006 200014 096,4197.80,2,4197.60,4197.80,0.20,4197.60,4,4197.50,7,4197.40,8,4197.30,10,4197.20,14,4197.10,17,4197.00,20,4196.90,18,4196.80,18,4196.70,17,4197.80,5,4197.90,8,4198.00,7,4198.10,11,4198.20,9,4198.30,11,4198.40,20,4198.50,16,4198.60,17,4198.70,14,Buy,66,22,88,44.00,44.00,-1.00,1.10,45.5,4197.30,4198.20,4197.10,4197.80,135,114,249,21.00,24.00,-28.00,0.80,50.0,54,339,0.1429,0.0000,130.00,177.00,4194.91,0.2935,UP,63.25,3.9368,1.0958
20261006 200014 096,4197.80,2,4197.60,4197.80,0.20,4197.60,4,4197.50,7,4197.40,8,4197.30,10,4197.20,14,4197.10,17,4197.00,20,4196.90,18,4196.80,18,4196.70,17,4197.80,5,4197.90,8,4198.00,7,4198.10,11,4198.20,9,4198.30,11,4198.40,20,4198.50,16,4198.60,17,4198.70,14,Buy,68,22,90,46.00,46.00,-1.00,1.10,45.5,4197.30,4198.20,4197.10,4197.80,135,114,249,21.00,24.00,-28.00,0.80,50.0,54,339,0.1429,0.0000,132.00,179.00,4194.91,0.2935,UP,63.25,3.9368,1.0958
20261006 200014 096,4197.80,1,4197.60,4197.80,0.20,4197.60,4,4197.50,7,4197.40,8,4197.30,10,4197.20,14,4197.10,17,4197.00,20,4196.90,18,4196.80,18,4196.70,17,4197.80,5,4197.90,8,4198.00,7,4198.10,11,4198.20,9,4198.30,11,4198.40,20,4198.50,16,4198.60,17,4198.70,14,Buy,69,22,91,47.00,47.00,-1.00,1.10,45.5,4197.30,4198.20,4197.10,4197.80,135,114,249,21.00,24.00,-28.00,0.80,50.0,54,339,0.1429,0.0000,133.00,180.00,4194.91,0.2935,UP,63.25,3.9368,1.0958
20261006 200014 096,4197.90,1,4197.60,4197.80,0.20,4197.60,4,4197.50,7,4197.40,8,4197.30,10,4197.20,14,4197.10,17,4197.00,20,4196.90,18,4196.80,18,4196.70,17,4197.80,5,4197.90,8,4198.00,7,4198.10,11,4198.20,9,4198.30,11,4198.40,20,4198.50,16,4198.60,17,4198.70,14,Buy,70,22,92,48.00,48.00,-1.00,1.10,54.5,4197.30,4198.20,4197.10,4197.90,135,114,249,21.00,24.00,-28.00,0.80,50.0,54,339,0.1429,0.0000,134.00,181.00,4194.92,0.2967,UP,63.25,3.9368,1.0958
20261006 200014 096,4197.90,1,4197.60,4197.80,0.20,4197.60,4,4197.50,7,4197.40,8,4197.30,10,4197.20,14,4197.10,17,4197.00,20,4196.90,18,4196.80,18,4196.70,17,4197.80,5,4197.90,8,4198.00,7,4198.10,11,4198.20,9,4198.30,11,4198.40,20,4198.50,16,4198.60,17,4198.70,14,Buy,71,22,93,49.00,49.00,-1.00,1.10,54.5,4197.30,4198.20,4197.10,4197.90,135,114,249,21.00,24.00,-28.00,0.80,50.0,54,339,0.1429,0.0000,135.00,182.00,4194.92,0.2967,UP,63.25,3.9368,1.0958
20261006 200014 096,4197.90,1,4197.60,4197.80,0.20,4197.60,4,4197.50,7,4197.40,8,4197.30,10,4197.20,14,4197.10,17,4197.00,20,4196.90,18,4196.80,18,4196.70,17,4197.80,5,4197.90,8,4198.00,7,4198.10,11,4198.20,9,4198.30,11,4198.40,20,4198.50,16,4198.60,17,4198.70,14,Buy,72,22,94,50.00,50.00,-1.00,1.10,54.5,4197.30,4198.20,4197.10,4197.90,135,114,249,21.00,24.00,-28.00,0.80,50.0,54,339,0.1429,0.0000,136.00,183.00,4194.92,0.2967,UP,63.25,3.9368,1.0958
20261006 200014 096,4197.90,1,4197.60,4197.80,0.20,4197.60,4,4197.50,7,4197.40,8,4197.30,10,4197.20,14,4197.10,17,4197.00,20,4196.90,18,4196.80,18,4196.70,17,4197.80,5,4197.90,8,4198.00,7,4198.10,11,4198.20,9,4198.30,11,4198.40,20,4198.50,16,4198.60,17,4198.70,14,Buy,73,22,95,51.00,51.00,-1.00,1.10,54.5,4197.30,4198.20,4197.10,4197.90,135,114,249,21.00,24.00,-28.00,0.80,50.0,54,339,0.1429,0.0000,137.00,184.00,4194.92,0.2967,UP,63.25,3.9368,1.0958
20261006 200014 096,4197.90,1,4197.60,4197.80,0.20,4197.60,4,4197.50,7,4197.40,8,4197.30,10,4197.20,14,4197.10,17,4197.00,20,4196.90,18,4196.80,18,4196.70,17,4197.80,5,4197.90,8,4198.00,7,4198.10,11,4198.20,9,4198.30,11,4198.40,20,4198.50,16,4198.60,17,4198.70,14,Buy,74,22,96,52.00,52.00,-1.00,1.10,54.5,4197.30,4198.20,4197.10,4197.90,135,114,249,21.00,24.00,-28.00,0.80,50.0,54,339,0.1429,0.0000,138.00,185.00,4194.92,0.2967,UP,63.25,3.9368,1.0958
20261006 200014 096,4197.90,1,4197.60,4197.80,0.20,4197.60,4,4197.50,7,4197.40,8,4197.30,10,4197.20,14,4197.10,17,4197.00,20,4196.90,18,4196.80,18,4196.70,17,4197.80,5,4197.90,8,4198.00,7,4198.10,11,4198.20,9,4198.30,11,4198.40,20,4198.50,16,4198.60,17,4198.70,14,Buy,75,22,97,53.00,53.00,-1.00,1.10,54.5,4197.30,4198.20,4197.10,4197.90,135,114,249,21.00,24.00,-28.00,0.80,50.0,54,339,0.1429,0.0000,139.00,186.00,4194.92,0.2967,UP,63.25,3.9368,1.0958
20261006 200014 096,4197.90,1,4197.60,4197.80,0.20,4197.60,4,4197.50,7,4197.40,8,4197.30,10,4197.20,14,4197.10,17,4197.00,20,4196.90,18,4196.80,18,4196.70,17,4197.80,5,4197.90,8,4198.00,7,4198.10,11,4198.20,9,4198.30,11,4198.40,20,4198.50,16,4198.60,17,4198.70,14,Buy,76,22,98,54.00,54.00,-1.00,1.10,54.5,4197.30,4198.20,4197.10,4197.90,135,114,249,21.00,24.00,-28.00,0.80,50.0,54,339,0.1429,0.0000,140.00,187.00,4194.92,0.2967,UP,63.25,3.9368,1.0958
20261006 200014 456,4197.70,1,4197.60,4197.80,0.20,4197.60,2,4197.50,7,4197.40,9,4197.30,10,4197.20,14,4197.10,17,4197.00,20,4196.90,18,4196.80,18,4196.70,17,4197.80,4,4197.90,9,4198.00,7,4198.10,11,4198.20,9,4198.30,11,4198.40,20,4198.50,16,4198.60,17,4198.70,14,Buy,77,22,99,55.00,55.00,-1.00,1.10,36.4,4197.30,4198.20,4197.10,4197.70,135,114,249,21.00,24.00,-28.00,0.80,50.0,54,339,0.1429,0.0000,141.00,188.00,4194.90,0.2903,UP,63.25,3.9368,1.0958
20261006 200015 161,4197.80,1,4197.60,4197.80,0.20,4197.60,1,4197.50,7,4197.40,9,4197.30,10,4197.20,14,4197.10,7,4197.00,20,4196.90,18,4196.80,18,4196.70,17,4197.80,5,4197.90,7,4198.00,7,4198.10,11,4198.20,9,4198.30,11,4198.40,20,4198.50,16,4198.60,17,4198.70,14,Buy,78,22,100,56.00,56.00,-1.00,1.10,45.5,4197.30,4198.20,4197.10,4197.80,135,114,249,21.00,24.00,-28.00,0.80,50.0,54,339,0.1429,0.0000,142.00,189.00,4194.91,0.2935,UP,63.25,3.9368,1.0958
20261006 200015 161,4197.80,1,4197.60,4197.80,0.20,4197.60,1,4197.50,7,4197.40,9,4197.30,10,4197.20,14,4197.10,7,4197.00,20,4196.90,18,4196.80,18,4196.70,17,4197.80,5,4197.90,7,4198.00,7,4198.10,11,4198.20,9,4198.30,11,4198.40,20,4198.50,16,4198.60,17,4198.70,14,Buy,79,22,101,57.00,57.00,-1.00,1.10,45.5,4197.30,4198.20,4197.10,4197.80,135,114,249,21.00,24.00,-28.00,0.80,50.0,54,339,0.1429,0.0000,143.00,190.00,4194.91,0.2935,UP,63.25,3.9368,1.0958
20261006 200015 161,4197.80,1,4197.60,4197.80,0.20,4197.60,1,4197.50,7,4197.40,9,4197.30,10,4197.20,14,4197.10,7,4197.00,20,4196.90,18,4196.80,18,4196.70,17,4197.80,5,4197.90,7,4198.00,7,4198.10,11,4198.20,9,4198.30,11,4198.40,20,4198.50,16,4198.60,17,4198.70,14,Buy,80,22,102,58.00,58.00,-1.00,1.10,45.5,4197.30,4198.20,4197.10,4197.80,135,114,249,21.00,24.00,-28.00,0.80,50.0,54,339,0.1429,0.0000,144.00,191.00,4194.91,0.2935,UP,63.25,3.9368,1.0958
20261006 200015 161,4197.90,1,4197.60,4197.80,0.20,4197.60,1,4197.50,7,4197.40,9,4197.30,10,4197.20,14,4197.10,7,4197.00,20,4196.90,18,4196.80,18,4196.70,17,4197.80,5,4197.90,7,4198.00,7,4198.10,11,4198.20,9,4198.30,11,4198.40,20,4198.50,16,4198.60,17,4198.70,14,Buy,81,22,103,59.00,59.00,-1.00,1.10,54.5,4197.30,4198.20,4197.10,4197.90,135,114,249,21.00,24.00,-28.00,0.80,50.0,54,339,0.1429,0.0000,145.00,192.00,4194.92,0.2967,UP,63.25,3.9368,1.0958
20261006 200015 239,4197.80,1,4197.60,4197.80,0.20,4197.60,1,4197.50,7,4197.40,9,4197.30,10,4197.20,14,4197.10,7,4197.00,20,4196.90,18,4196.80,18,4196.70,17,4197.80,4,4197.90,7,4198.00,7,4198.10,11,4198.20,9,4198.30,11,4198.40,20,4198.50,16,4198.60,17,4198.70,14,Buy,82,22,104,60.00,60.00,-1.00,1.10,45.5,4197.30,4198.20,4197.10,4197.80,135,114,249,21.00,24.00,-28.00,0.80,50.0,54,339,0.1429,0.0000,146.00,193.00,4194.91,0.2935,UP,63.25,3.9368,1.0958
20261006 200016 093,4197.50,1,4197.20,4197.40,0.20,4197.20,11,4197.10,5,4197.00,9,4196.90,8,4196.80,8,4196.70,17,4196.60,19,4196.50,20,4196.40,18,4196.30,17,4197.40,5,4197.50,8,4197.60,6,4197.70,7,4197.80,6,4197.90,10,4198.00,18,4198.10,21,4198.20,19,4198.30,21,Sell,82,23,105,59.00,60.00,-1.00,1.10,18.2,4197.30,4198.20,4197.10,4197.50,135,114,249,21.00,24.00,-28.00,0.80,50.0,54,339,0.1429,0.0169,145.00,192.00,4194.88,0.2840,UP,63.25,3.9368,1.0958
20261006 200016 376,4197.40,1,4197.20,4197.40,0.20,4197.20,6,4197.10,13,4197.00,10,4196.90,8,4196.80,8,4196.70,17,4196.60,19,4196.50,20,4196.40,18,4196.30,17,4197.40,2,4197.50,8,4197.60,6,4197.70,7,4197.80,6,4197.90,10,4198.00,18,4198.10,21,4198.20,19,4198.30,21,Buy,83,23,106,60.00,60.00,-1.00,1.10,9.1,4197.30,4198.20,4197.10,4197.40,135,114,249,21.00,24.00,-28.00,0.80,50.0,54,339,0.1429,0.0000,146.00,193.00,4194.87,0.2808,UP,63.25,3.9368,1.0958
20261006 200017 054,4197.20,1,4197.10,4197.30,0.20,4197.10,11,4197.00,10,4196.90,8,4196.80,8,4196.70,7,4196.60,19,4196.50,20,4196.40,18,4196.30,17,4196.20,20,4197.30,4,4197.40,6,4197.50,8,4197.60,7,4197.70,7,4197.80,6,4197.90,10,4198.00,18,4198.10,21,4198.20,19,Sell,83,24,107,59.00,60.00,-1.00,1.10,9.1,4197.30,4198.20,4197.10,4197.20,135,114,249,21.00,24.00,-28.00,0.80,50.0,54,339,0.1429,0.0169,145.00,192.00,4194.86,0.2744,UP,63.25,3.9368,1.0958
20261006 200018 057,4197.20,1,4197.20,4197.40,0.20,4197.20,4,4197.10,13,4197.00,9,4196.90,8,4196.80,8,4196.70,7,4196.60,19,4196.50,20,4196.40,18,4196.30,17,4197.40,2,4197.50,7,4197.60,8,4197.70,7,4197.80,6,4197.90,10,4198.00,18,4198.10,21,4198.20,19,4198.30,21,Sell,83,25,108,58.00,60.00,-1.00,1.10,9.1,4197.30,4198.20,4197.10,4197.20,135,114,249,21.00,24.00,-28.00,0.80,50.0,54,339,0.1429,0.0345,144.00,191.00,4194.86,0.2744,UP,63.25,3.9368,1.0958
20261006 200021 318,4197.50,1,4197.30,4197.60,0.30,4197.30,13,4197.20,7,4197.10,6,4197.00,9,4196.90,8,4196.80,8,4196.70,17,4196.60,19,4196.50,20,4196.40,18,4197.60,7,4197.70,7,4197.80,6,4197.90,10,4198.00,18,4198.10,21,4198.20,19,4198.30,21,4198.40,20,4198.50,16,Buy,84,25,109,59.00,60.00,-1.00,1.10,18.2,4197.30,4198.20,4197.10,4197.50,135,114,249,21.00,24.00,-28.00,0.80,50.0,54,339,0.1429,0.0169,145.00,192.00,4194.88,0.2840,UP,63.25,3.9368,1.0958
20261006 200021 377,4197.60,2,4197.50,4197.70,0.20,4197.50,1,4197.40,10,4197.30,15,4197.20,8,4197.10,7,4197.00,9,4196.90,8,4196.80,18,4196.70,17,4196.60,19,4197.70,3,4197.80,5,4197.90,10,4198.00,8,4198.10,11,4198.20,19,4198.30,21,4198.40,20,4198.50,16,4198.60,17,Buy,86,25,111,61.00,61.00,-1.00,1.10,27.3,4197.30,4198.20,4197.10,4197.60,135,114,249,21.00,24.00,-28.00,0.80,50.0,54,339,0.1429,0.0000,147.00,194.00,4194.89,0.2871,UP,63.25,3.9368,1.0958
20261006 200021 377,4197.60,1,4197.50,4197.70,0.20,4197.50,1,4197.40,10,4197.30,15,4197.20,8,4197.10,7,4197.00,9,4196.90,8,4196.80,18,4196.70,17,4196.60,19,4197.70,3,4197.80,5,4197.90,10,4198.00,8,4198.10,11,4198.20,19,4198.30,21,4198.40,20,4198.50,16,4198.60,17,Buy,87,25,112,62.00,62.00,-1.00,1.10,27.3,4197.30,4198.20,4197.10,4197.60,135,114,249,21.00,24.00,-28.00,0.80,50.0,54,339,0.1429,0.0000,148.00,195.00,4194.89,0.2871,UP,63.25,3.9368,1.0958
20261006 200021 377,4197.60,1,4197.50,4197.70,0.20,4197.50,1,4197.40,10,4197.30,15,4197.20,8,4197.10,7,4197.00,9,4196.90,8,4196.80,18,4196.70,17,4196.60,19,4197.70,3,4197.80,5,4197.90,10,4198.00,8,4198.10,11,4198.20,19,4198.30,21,4198.40,20,4198.50,16,4198.60,17,Buy,88,25,113,63.00,63.00,-1.00,1.10,27.3,4197.30,4198.20,4197.10,4197.60,135,114,249,21.00,24.00,-28.00,0.80,50.0,54,339,0.1429,0.0000,149.00,196.00,4194.89,0.2871,UP,63.25,3.9368,1.0958
20261006 200021 377,4197.60,1,4197.50,4197.70,0.20,4197.50,1,4197.40,10,4197.30,15,4197.20,8,4197.10,7,4197.00,9,4196.90,8,4196.80,18,4196.70,17,4196.60,19,4197.70,3,4197.80,5,4197.90,10,4198.00,8,4198.10,11,4198.20,19,4198.30,21,4198.40,20,4198.50,16,4198.60,17,Buy,89,25,114,64.00,64.00,-1.00,1.10,27.3,4197.30,4198.20,4197.10,4197.60,135,114,249,21.00,24.00,-28.00,0.80,50.0,54,339,0.1429,0.0000,150.00,197.00,4194.89,0.2871,UP,63.25,3.9368,1.0958
20261006 200022 858,4197.50,1,4197.50,4197.70,0.20,4197.50,2,4197.40,18,4197.30,6,4197.20,8,4197.10,7,4197.00,9,4196.90,18,4196.80,18,4196.70,17,4196.60,19,4197.70,2,4197.80,5,4197.90,9,4198.00,8,4198.10,11,4198.20,19,4198.30,21,4198.40,20,4198.50,16,4198.60,17,Sell,89,26,115,63.00,64.00,-1.00,1.10,18.2,4197.30,4198.20,4197.10,4197.50,135,114,249,21.00,24.00,-28.00,0.80,50.0,54,339,0.1429,0.0159,149.00,196.00,4194.88,0.2840,UP,63.25,3.9368,1.0958
20261006 200022 860,4197.50,1,4197.50,4197.70,0.20,4197.50,2,4197.40,18,4197.30,6,4197.20,8,4197.10,7,4197.00,9,4196.90,18,4196.80,18,4196.70,17,4196.60,19,4197.70,2,4197.80,5,4197.90,9,4198.00,8,4198.10,11,4198.20,19,4198.30,21,4198.40,20,4198.50,16,4198.60,17,Sell,89,27,116,62.00,64.00,-1.00,1.10,18.2,4197.30,4198.20,4197.10,4197.50,135,114,249,21.00,24.00,-28.00,0.80,50.0,54,339,0.1429,0.0323,148.00,195.00,4194.88,0.2840,UP,63.25,3.9368,1.0958
20261006 200024 273,4197.70,1,4197.60,4197.70,0.10,4197.60,3,4197.50,4,4197.40,18,4197.30,6,4197.20,8,4197.10,7,4197.00,9,4196.90,18,4196.80,18,4196.70,17,4197.80,5,4197.90,9,4198.00,8,4198.10,11,4198.20,19,4198.30,21,4198.40,20,4198.50,16,4198.60,17,4198.70,14,Buy,90,27,117,63.00,64.00,-1.00,1.10,36.4,4197.30,4198.20,4197.10,4197.70,135,114,249,21.00,24.00,-28.00,0.80,50.0,54,339,0.1429,0.0159,149.00,196.00,4194.90,0.2903,UP,63.25,3.9368,1.0958
20261006 200025 423,4197.60,1,4197.60,4197.70,0.10,4197.60,2,4197.50,8,4197.40,18,4197.30,6,4197.20,8,4197.10,7,4197.00,19,4196.90,18,4196.80,18,4196.70,17,4197.80,5,4197.90,5,4198.00,7,4198.10,9,4198.20,9,4198.30,11,4198.40,20,4198.50,16,4198.60,17,4198.70,14,Sell,90,28,118,62.00,64.00,-1.00,1.10,27.3,4197.30,4198.20,4197.10,4197.60,135,114,249,21.00,24.00,-28.00,0.80,50.0,54,339,0.1429,0.0323,148.00,195.00,4194.89,0.2871,UP,63.25,3.9368,1.0958
20261006 200026 408,4197.30,1,4197.30,4197.60,0.30,4197.30,13,4197.20,8,4197.10,7,4197.00,9,4196.90,18,4196.80,18,4196.70,17,4196.60,19,4196.50,20,4196.40,18,4197.60,5,4197.70,6,4197.80,7,4197.90,8,4198.00,8,4198.10,9,4198.20,19,4198.30,21,4198.40,20,4198.50,16,Sell,90,29,119,61.00,64.00,-1.00,1.10,0.0,4197.30,4198.20,4197.10,4197.30,135,114,249,21.00,24.00,-28.00,0.80,50.0,54,339,0.1429,0.0492,147.00,194.00,4194.86,0.2776,UP,63.25,3.9368,1.0958
20261006 200027 500,4197.40,1,4197.40,4197.60,0.20,4197.40,1,4197.30,12,4197.20,9,4197.10,8,4197.00,9,4196.90,18,4196.80,18,4196.70,17,4196.60,19,4196.50,20,4197.60,5,4197.70,6,4197.80,7,4197.90,8,4198.00,8,4198.10,9,4198.20,19,4198.30,21,4198.40,20,4198.50,16,Sell,90,30,120,60.00,64.00,-1.00,1.10,9.1,4197.30,4198.20,4197.10,4197.40,135,114,249,21.00,24.00,-28.00,0.80,50.0,54,339,0.1429,0.0667,146.00,193.00,4194.87,0.2808,UP,63.25,3.9368,1.0958
20261006 200027 500,4197.30,1,4197.40,4197.60,0.20,4197.40,1,4197.30,12,4197.20,9,4197.10,8,4197.00,9,4196.90,18,4196.80,18,4196.70,17,4196.60,19,4196.50,20,4197.60,5,4197.70,6,4197.80,7,4197.90,8,4198.00,8,4198.10,9,4198.20,19,4198.30,21,4198.40,20,4198.50,16,Sell,90,31,121,59.00,64.00,-1.00,1.10,0.0,4197.30,4198.20,4197.10,4197.30,135,114,249,21.00,24.00,-28.00,0.80,50.0,54,339,0.1429,0.0847,145.00,192.00,4194.86,0.2776,UP,63.25,3.9368,1.0958
20261006 200029 393,4197.90,1,4197.70,4197.80,0.10,4197.70,1,4197.60,6,4197.50,9,4197.40,16,4197.30,5,4197.20,8,4197.10,8,4197.00,20,4196.90,18,4196.80,18,4197.80,1,4197.90,4,4198.00,7,4198.10,9,4198.20,9,4198.30,18,4198.40,17,4198.50,13,4198.60,14,4198.70,11,Buy,91,31,122,60.00,64.00,-1.00,1.10,54.5,4197.30,4198.20,4197.10,4197.90,135,114,249,21.00,24.00,-28.00,0.80,50.0,54,339,0.1429,0.0667,146.00,193.00,4194.92,0.2967,UP,63.25,3.9368,1.0958
20261006 200030 262,4197.60,2,4197.60,4197.80,0.20,4197.60,6,4197.50,9,4197.40,17,4197.30,6,4197.20,8,4197.10,8,4197.00,20,4196.90,18,4196.80,18,4196.70,17,4197.80,2,4197.90,4,4198.00,7,4198.10,9,4198.20,9,4198.30,18,4198.40,17,4198.50,13,4198.60,14,4198.70,11,Sell,91,33,124,58.00,64.00,-1.00,1.10,27.3,4197.30,4198.20,4197.10,4197.60,135,114,249,21.00,24.00,-28.00,0.80,50.0,54,339,0.1429,0.1034,144.00,191.00,4194.89,0.2871,UP,63.25,3.9368,1.0958
20261006 200030 262,4197.60,1,4197.60,4197.80,0.20,4197.60,6,4197.50,9,4197.40,17,4197.30,6,4197.20,8,4197.10,8,4197.00,20,4196.90,18,4196.80,18,4196.70,17,4197.80,2,4197.90,4,4198.00,7,4198.10,9,4198.20,9,4198.30,18,4198.40,17,4198.50,13,4198.60,14,4198.70,11,Sell,91,34,125,57.00,64.00,-1.00,1.10,27.3,4197.30,4198.20,4197.10,4197.60,135,114,249,21.00,24.00,-28.00,0.80,50.0,54,339,0.1429,0.1228,143.00,190.00,4194.89,0.2871,UP,63.25,3.9368,1.0958
20261006 200030 262,4197.60,1,4197.60,4197.80,0.20,4197.60,6,4197.50,9,4197.40,17,4197.30,6,4197.20,8,4197.10,8,4197.00,20,4196.90,18,4196.80,18,4196.70,17,4197.80,2,4197.90,4,4198.00,7,4198.10,9,4198.20,9,4198.30,18,4198.40,17,4198.50,13,4198.60,14,4198.70,11,Sell,91,35,126,56.00,64.00,-1.00,1.10,27.3,4197.30,4198.20,4197.10,4197.60,135,114,249,21.00,24.00,-28.00,0.80,50.0,54,339,0.1429,0.1429,142.00,189.00,4194.89,0.2871,UP,63.25,3.9368,1.0958
20261006 200030 595,4197.80,1,4197.70,4197.80,0.10,4197.60,6,4197.50,9,4197.40,17,4197.30,6,4197.20,8,4197.10,8,4197.00,20,4196.90,18,4196.80,18,4196.70,17,4197.80,1,4197.90,4,4198.00,7,4198.10,9,4198.20,9,4198.30,18,4198.40,17,4198.50,13,4198.60,14,4198.70,11,Buy,92,35,127,57.00,64.00,-1.00,1.10,45.5,4197.30,4198.20,4197.10,4197.80,135,114,249,21.00,24.00,-28.00,0.80,50.0,54,339,0.1429,0.1228,143.00,190.00,4194.91,0.2935,UP,63.25,3.9368,1.0958
20261006 200030 605,4197.70,1,4197.70,4197.80,0.10,4197.60,6,4197.50,9,4197.40,17,4197.30,6,4197.20,8,4197.10,8,4197.00,20,4196.90,18,4196.80,18,4196.70,17,4197.80,1,4197.90,4,4198.00,7,4198.10,9,4198.20,9,4198.30,18,4198.40,17,4198.50,13,4198.60,14,4198.70,11,Sell,92,36,128,56.00,64.00,-1.00,1.10,36.4,4197.30,4198.20,4197.10,4197.70,135,114,249,21.00,24.00,-28.00,0.80,50.0,54,339,0.1429,0.1429,142.00,189.00,4194.90,0.2903,UP,63.25,3.9368,1.0958
20261006 200031 401,4197.80,1,4197.60,4197.80,0.20,4197.60,5,4197.50,17,4197.40,10,4197.30,5,4197.20,8,4197.10,8,4197.00,20,4196.90,18,4196.80,18,4196.70,17,4197.80,1,4197.90,8,4198.00,7,4198.10,9,4198.20,9,4198.30,11,4198.40,17,4198.50,13,4198.60,14,4198.70,11,Buy,93,36,129,57.00,64.00,-1.00,1.10,45.5,4197.30,4198.20,4197.10,4197.80,135,114,249,21.00,24.00,-28.00,0.80,50.0,54,339,0.1429,0.1228,143.00,190.00,4194.91,0.2935,UP,63.25,3.9368,1.0958
20261006 200032 853,4197.90,1,4197.70,4197.90,0.20,4197.70,1,4197.60,6,4197.50,17,4197.40,10,4197.30,6,4197.20,8,4197.10,8,4197.00,20,4196.90,18,4196.80,18,4197.90,4,4198.00,6,4198.10,10,4198.20,9,4198.30,11,4198.40,16,4198.50,13,4198.60,14,4198.70,11,4198.80,14,Buy,94,36,130,58.00,64.00,-1.00,1.10,54.5,4197.30,4198.20,4197.10,4197.90,135,114,249,21.00,24.00,-28.00,0.80,50.0,54,339,0.1429,0.1034,144.00,191.00,4194.92,0.2967,UP,63.25,3.9368,1.0958
20261006 200033 003,4197.90,1,4197.70,4197.90,0.20,4197.70,1,4197.60,6,4197.50,17,4197.40,10,4197.30,6,4197.20,8,4197.10,8,4197.00,20,4196.90,18,4196.80,18,4197.90,5,4198.00,6,4198.10,10,4198.20,9,4198.30,11,4198.40,16,4198.50,13,4198.60,14,4198.70,11,4198.80,14,Buy,95,36,131,59.00,64.00,-1.00,1.10,54.5,4197.30,4198.20,4197.10,4197.90,135,114,249,21.00,24.00,-28.00,0.80,50.0,54,339,0.1429,0.0847,145.00,192.00,4194.92,0.2967,UP,63.25,3.9368,1.0958
20261006 200033 938,4197.70,1,4197.50,4197.70,0.20,4197.50,12,4197.40,10,4197.30,5,4197.20,8,4197.10,8,4197.00,20,4196.90,18,4196.80,18,4196.70,17,4196.60,19,4197.70,2,4197.80,8,4197.90,8,4198.00,6,4198.10,10,4198.20,9,4198.30,11,4198.40,16,4198.50,13,4198.60,14,Sell,95,37,132,58.00,64.00,-1.00,1.10,36.4,4197.30,4198.20,4197.10,4197.70,135,114,249,21.00,24.00,-28.00,0.80,50.0,54,339,0.1429,0.1034,144.00,191.00,4194.90,0.2903,UP,63.25,3.9368,1.0958
20261006 200033 938,4197.60,2,4197.50,4197.70,0.20,4197.50,12,4197.40,10,4197.30,5,4197.20,8,4197.10,8,4197.00,20,4196.90,18,4196.80,18,4196.70,17,4196.60,19,4197.70,2,4197.80,8,4197.90,8,4198.00,6,4198.10,10,4198.20,9,4198.30,11,4198.40,16,4198.50,13,4198.60,14,Sell,95,39,134,56.00,64.00,-1.00,1.10,27.3,4197.30,4198.20,4197.10,4197.60,135,114,249,21.00,24.00,-28.00,0.80,50.0,54,339,0.1429,0.1429,142.00,189.00,4194.89,0.2871,UP,63.25,3.9368,1.0958
20261006 200033 938,4197.60,1,4197.50,4197.70,0.20,4197.50,12,4197.40,10,4197.30,5,4197.20,8,4197.10,8,4197.00,20,4196.90,18,4196.80,18,4196.70,17,4196.60,19,4197.70,2,4197.80,8,4197.90,8,4198.00,6,4198.10,10,4198.20,9,4198.30,11,4198.40,16,4198.50,13,4198.60,14,Sell,95,40,135,55.00,64.00,-1.00,1.10,27.3,4197.30,4198.20,4197.10,4197.60,135,114,249,21.00,24.00,-28.00,0.80,50.0,54,339,0.1429,0.1636,141.00,188.00,4194.89,0.2871,UP,63.25,3.9368,1.0958
20261006 200033 938,4197.60,1,4197.50,4197.70,0.20,4197.50,12,4197.40,10,4197.30,5,4197.20,8,4197.10,8,4197.00,20,4196.90,18,4196.80,18,4196.70,17,4196.60,19,4197.70,2,4197.80,8,4197.90,8,4198.00,6,4198.10,10,4198.20,9,4198.30,11,4198.40,16,4198.50,13,4198.60,14,Sell,95,41,136,54.00,64.00,-1.00,1.10,27.3,4197.30,4198.20,4197.10,4197.60,135,114,249,21.00,24.00,-28.00,0.80,50.0,54,339,0.1429,0.1852,140.00,187.00,4194.89,0.2871,UP,63.25,3.9368,1.0958
20261006 200034 224,4197.50,1,4197.50,4197.70,0.20,4197.50,1,4197.40,6,4197.30,4,4197.20,8,4197.10,8,4197.00,10,4196.90,18,4196.80,18,4196.70,17,4196.60,19,4197.70,7,4197.80,8,4197.90,9,4198.00,7,4198.10,10,4198.20,9,4198.30,18,4198.40,16,4198.50,13,4198.60,14,Sell,95,42,137,53.00,64.00,-1.00,1.10,18.2,4197.30,4198.20,4197.10,4197.50,135,114,249,21.00,24.00,-28.00,0.80,50.0,54,339,0.1429,0.2075,139.00,186.00,4194.88,0.2840,UP,63.25,3.9368,1.0958
20261006 200034 224,4197.50,1,4197.50,4197.70,0.20,4197.50,1,4197.40,6,4197.30,4,4197.20,8,4197.10,8,4197.00,10,4196.90,18,4196.80,18,4196.70,17,4196.60,19,4197.70,7,4197.80,8,4197.90,9,4198.00,7,4198.10,10,4198.20,9,4198.30,18,4198.40,16,4198.50,13,4198.60,14,Sell,95,43,138,52.00,64.00,-1.00,1.10,18.2,4197.30,4198.20,4197.10,4197.50,135,114,249,21.00,24.00,-28.00,0.80,50.0,54,339,0.1429,0.2308,138.00,185.00,4194.88,0.2840,UP,63.25,3.9368,1.0958
20261006 200034 224,4197.50,1,4197.50,4197.70,0.20,4197.50,1,4197.40,6,4197.30,4,4197.20,8,4197.10,8,4197.00,10,4196.90,18,4196.80,18,4196.70,17,4196.60,19,4197.70,7,4197.80,8,4197.90,9,4198.00,7,4198.10,10,4198.20,9,4198.30,18,4198.40,16,4198.50,13,4198.60,14,Sell,95,44,139,51.00,64.00,-1.00,1.10,18.2,4197.30,4198.20,4197.10,4197.50,135,114,249,21.00,24.00,-28.00,0.80,50.0,54,339,0.1429,0.2549,137.00,184.00,4194.88,0.2840,UP,63.25,3.9368,1.0958
20261006 200034 224,4197.50,8,4197.50,4197.70,0.20,4197.50,1,4197.40,6,4197.30,4,4197.20,8,4197.10,8,4197.00,10,4196.90,18,4196.80,18,4196.70,17,4196.60,19,4197.70,7,4197.80,8,4197.90,9,4198.00,7,4198.10,10,4198.20,9,4198.30,18,4198.40,16,4198.50,13,4198.60,14,Sell,95,52,147,43.00,64.00,-1.00,1.10,18.2,4197.30,4198.20,4197.10,4197.50,135,114,249,21.00,24.00,-28.00,0.80,50.0,54,339,0.1429,0.4884,129.00,176.00,4194.88,0.2840,UP,63.25,3.9368,1.0958
20261006 200034 224,4197.60,1,4197.50,4197.70,0.20,4197.50,1,4197.40,6,4197.30,4,4197.20,8,4197.10,8,4197.00,10,4196.90,18,4196.80,18,4196.70,17,4196.60,19,4197.70,7,4197.80,8,4197.90,9,4198.00,7,4198.10,10,4198.20,9,4198.30,18,4198.40,16,4198.50,13,4198.60,14,Buy,96,52,148,44.00,64.00,-1.00,1.10,27.3,4197.30,4198.20,4197.10,4197.60,135,114,249,21.00,24.00,-28.00,0.80,50.0,54,339,0.1429,0.4545,130.00,177.00,4194.89,0.2871,UP,63.25,3.9368,1.0958
20261006 200034 357,4197.60,1,4197.40,4197.60,0.20,4197.40,4,4197.30,4,4197.20,8,4197.10,8,4197.00,10,4196.90,18,4196.80,18,4196.70,17,4196.60,19,4196.50,20,4197.60,3,4197.70,6,4197.80,8,4197.90,9,4198.00,7,4198.10,10,4198.20,9,4198.30,18,4198.40,16,4198.50,13,Buy,97,52,149,45.00,64.00,-1.00,1.10,27.3,4197.30,4198.20,4197.10,4197.60,135,114,249,21.00,24.00,-28.00,0.80,50.0,54,339,0.1429,0.4222,131.00,178.00,4194.89,0.2871,UP,63.25,3.9368,1.0958
20261006 200034 357,4197.60,1,4197.40,4197.60,0.20,4197.40,4,4197.30,4,4197.20,8,4197.10,8,4197.00,10,4196.90,18,4196.80,18,4196.70,17,4196.60,19,4196.50,20,4197.60,3,4197.70,6,4197.80,8,4197.90,9,4198.00,7,4198.10,10,4198.20,9,4198.30,18,4198.40,16,4198.50,13,Buy,98,52,150,46.00,64.00,-1.00,1.10,27.3,4197.30,4198.20,4197.10,4197.60,135,114,249,21.00,24.00,-28.00,0.80,50.0,54,339,0.1429,0.3913,132.00,179.00,4194.89,0.2871,UP,63.25,3.9368,1.0958
20261006 200034 357,4197.60,1,4197.40,4197.60,0.20,4197.40,4,4197.30,4,4197.20,8,4197.10,8,4197.00,10,4196.90,18,4196.80,18,4196.70,17,4196.60,19,4196.50,20,4197.60,3,4197.70,6,4197.80,8,4197.90,9,4198.00,7,4198.10,10,4198.20,9,4198.30,18,4198.40,16,4198.50,13,Buy,99,52,151,47.00,64.00,-1.00,1.10,27.3,4197.30,4198.20,4197.10,4197.60,135,114,249,21.00,24.00,-28.00,0.80,50.0,54,339,0.1429,0.3617,133.00,180.00,4194.89,0.2871,UP,63.25,3.9368,1.0958
20261006 200034 357,4197.70,1,4197.40,4197.60,0.20,4197.40,4,4197.30,4,4197.20,8,4197.10,8,4197.00,10,4196.90,18,4196.80,18,4196.70,17,4196.60,19,4196.50,20,4197.60,3,4197.70,6,4197.80,8,4197.90,9,4198.00,7,4198.10,10,4198.20,9,4198.30,18,4198.40,16,4198.50,13,Buy,100,52,152,48.00,64.00,-1.00,1.10,36.4,4197.30,4198.20,4197.10,4197.70,135,114,249,21.00,24.00,-28.00,0.80,50.0,54,339,0.1429,0.3333,134.00,181.00,4194.90,0.2903,UP,63.25,3.9368,1.0958
20261006 200036 934,4197.40,1,4197.50,4197.70,0.20,4197.50,1,4197.40,5,4197.30,4,4197.20,8,4197.10,8,4197.00,10,4196.90,18,4196.80,18,4196.70,17,4196.60,19,4197.70,5,4197.80,7,4197.90,9,4198.00,7,4198.10,10,4198.20,9,4198.30,18,4198.40,16,4198.50,12,4198.60,14,Sell,100,53,153,47.00,64.00,-1.00,1.10,9.1,4197.30,4198.20,4197.10,4197.40,135,114,249,21.00,24.00,-28.00,0.80,50.0,54,339,0.1429,0.3617,133.00,180.00,4194.87,0.2808,UP,63.25,3.9368,1.0958
20261006 200037 092,4197.70,1,4197.50,4197.70,0.20,4197.50,1,4197.40,6,4197.30,5,4197.20,8,4197.10,8,4197.00,10,4196.90,18,4196.80,18,4196.70,17,4196.60,19,4197.70,5,4197.80,8,4197.90,9,4198.00,7,4198.10,10,4198.20,9,4198.30,18,4198.40,16,4198.50,12,4198.60,14,Buy,101,53,154,48.00,64.00,-1.00,1.10,36.4,4197.30,4198.20,4197.10,4197.70,135,114,249,21.00,24.00,-28.00,0.80,50.0,54,339,0.1429,0.3333,134.00,181.00,4194.90,0.2903,UP,63.25,3.9368,1.0958
20261006 200037 092,4197.70,1,4197.50,4197.70,0.20,4197.50,1,4197.40,6,4197.30,5,4197.20,8,4197.10,8,4197.00,10,4196.90,18,4196.80,18,4196.70,17,4196.60,19,4197.70,5,4197.80,8,4197.90,9,4198.00,7,4198.10,10,4198.20,9,4198.30,18,4198.40,16,4198.50,12,4198.60,14,Buy,102,53,155,49.00,64.00,-1.00,1.10,36.4,4197.30,4198.20,4197.10,4197.70,135,114,249,21.00,24.00,-28.00,0.80,50.0,54,339,0.1429,0.3061,135.00,182.00,4194.90,0.2903,UP,63.25,3.9368,1.0958
20261006 200037 092,4197.70,2,4197.50,4197.70,0.20,4197.50,1,4197.40,6,4197.30,5,4197.20,8,4197.10,8,4197.00,10,4196.90,18,4196.80,18,4196.70,17,4196.60,19,4197.70,5,4197.80,8,4197.90,9,4198.00,7,4198.10,10,4198.20,9,4198.30,18,4198.40,16,4198.50,12,4198.60,14,Buy,104,53,157,51.00,64.00,-1.00,1.10,36.4,4197.30,4198.20,4197.10,4197.70,135,114,249,21.00,24.00,-28.00,0.80,50.0,54,339,0.1429,0.2549,137.00,184.00,4194.90,0.2903,UP,63.25,3.9368,1.0958
20261006 200037 092,4197.70,1,4197.50,4197.70,0.20,4197.50,1,4197.40,6,4197.30,5,4197.20,8,4197.10,8,4197.00,10,4196.90,18,4196.80,18,4196.70,17,4196.60,19,4197.70,5,4197.80,8,4197.90,9,4198.00,7,4198.10,10,4198.20,9,4198.30,18,4198.40,16,4198.50,12,4198.60,14,Buy,105,53,158,52.00,64.00,-1.00,1.10,36.4,4197.30,4198.20,4197.10,4197.70,135,114,249,21.00,24.00,-28.00,0.80,50.0,54,339,0.1429,0.2308,138.00,185.00,4194.90,0.2903,UP,63.25,3.9368,1.0958
20261006 200040 603,4197.40,1,4197.40,4197.50,0.10,4197.40,3,4197.30,3,4197.20,7,4197.10,7,4197.00,9,4196.90,18,4196.80,18,4196.70,17,4196.60,19,4196.50,20,4197.60,4,4197.70,6,4197.80,8,4197.90,9,4198.00,7,4198.10,10,4198.20,16,4198.30,18,4198.40,16,4198.50,12,Sell,105,54,159,51.00,64.00,-1.00,1.10,9.1,4197.30,4198.20,4197.10,4197.40,135,114,249,21.00,24.00,-28.00,0.80,50.0,54,339,0.1429,0.2549,137.00,184.00,4194.87,0.2808,UP,63.25,3.9368,1.0958
20261006 200040 603,4197.40,1,4197.40,4197.50,0.10,4197.40,3,4197.30,3,4197.20,7,4197.10,7,4197.00,9,4196.90,18,4196.80,18,4196.70,17,4196.60,19,4196.50,20,4197.60,4,4197.70,6,4197.80,8,4197.90,9,4198.00,7,4198.10,10,4198.20,16,4198.30,18,4198.40,16,4198.50,12,Sell,105,55,160,50.00,64.00,-1.00,1.10,9.1,4197.30,4198.20,4197.10,4197.40,135,114,249,21.00,24.00,-28.00,0.80,50.0,54,339,0.1429,0.2800,136.00,183.00,4194.87,0.2808,UP,63.25,3.9368,1.0958
20261006 200040 603,4197.40,1,4197.40,4197.50,0.10,4197.40,3,4197.30,3,4197.20,7,4197.10,7,4197.00,9,4196.90,18,4196.80,18,4196.70,17,4196.60,19,4196.50,20,4197.60,4,4197.70,6,4197.80,8,4197.90,9,4198.00,7,4198.10,10,4198.20,16,4198.30,18,4198.40,16,4198.50,12,Sell,105,56,161,49.00,64.00,-1.00,1.10,9.1,4197.30,4198.20,4197.10,4197.40,135,114,249,21.00,24.00,-28.00,0.80,50.0,54,339,0.1429,0.3061,135.00,182.00,4194.87,0.2808,UP,63.25,3.9368,1.0958
20261006 200041 045,4197.60,1,4197.40,4197.60,0.20,4197.40,1,4197.30,5,4197.20,6,4197.10,8,4197.00,9,4196.90,18,4196.80,18,4196.70,17,4196.60,19,4196.50,20,4197.60,7,4197.70,5,4197.80,9,4197.90,9,4198.00,7,4198.10,10,4198.20,16,4198.30,18,4198.40,16,4198.50,12,Buy,106,56,162,50.00,64.00,-1.00,1.10,27.3,4197.30,4198.20,4197.10,4197.60,135,114,249,21.00,24.00,-28.00,0.80,50.0,54,339,0.1429,0.2800,136.00,183.00,4194.89,0.2871,UP,63.25,3.9368,1.0958
20261006 200041 045,4197.60,1,4197.40,4197.60,0.20,4197.40,1,4197.30,5,4197.20,6,4197.10,8,4197.00,9,4196.90,18,4196.80,18,4196.70,17,4196.60,19,4196.50,20,4197.60,7,4197.70,5,4197.80,9,4197.90,9,4198.00,7,4198.10,10,4198.20,16,4198.30,18,4198.40,16,4198.50,12,Buy,107,56,163,51.00,64.00,-1.00,1.10,27.3,4197.30,4198.20,4197.10,4197.60,135,114,249,21.00,24.00,-28.00,0.80,50.0,54,339,0.1429,0.2549,137.00,184.00,4194.89,0.2871,UP,63.25,3.9368,1.0958
20261006 200041 045,4197.60,1,4197.40,4197.60,0.20,4197.40,1,4197.30,5,4197.20,6,4197.10,8,4197.00,9,4196.90,18,4196.80,18,4196.70,17,4196.60,19,4196.50,20,4197.60,7,4197.70,5,4197.80,9,4197.90,9,4198.00,7,4198.10,10,4198.20,16,4198.30,18,4198.40,16,4198.50,12,Buy,108,56,164,52.00,64.00,-1.00,1.10,27.3,4197.30,4198.20,4197.10,4197.60,135,114,249,21.00,24.00,-28.00,0.80,50.0,54,339,0.1429,0.2308,138.00,185.00,4194.89,0.2871,UP,63.25,3.9368,1.0958
20261006 200041 045,4197.60,1,4197.40,4197.60,0.20,4197.40,1,4197.30,5,4197.20,6,4197.10,8,4197.00,9,4196.90,18,4196.80,18,4196.70,17,4196.60,19,4196.50,20,4197.60,7,4197.70,5,4197.80,9,4197.90,9,4198.00,7,4198.10,10,4198.20,16,4198.30,18,4198.40,16,4198.50,12,Buy,109,56,165,53.00,64.00,-1.00,1.10,27.3,4197.30,4198.20,4197.10,4197.60,135,114,249,21.00,24.00,-28.00,0.80,50.0,54,339,0.1429,0.2075,139.00,186.00,4194.89,0.2871,UP,63.25,3.9368,1.0958
20261006 200044 465,4197.60,1,4197.60,4197.80,0.20,4197.60,2,4197.50,4,4197.40,7,4197.30,7,4197.20,8,4197.10,8,4197.00,9,4196.90,18,4196.80,18,4196.70,17,4197.80,6,4197.90,9,4198.00,7,4198.10,10,4198.20,16,4198.30,18,4198.40,16,4198.50,12,4198.60,14,4198.70,11,Sell,109,57,166,52.00,64.00,-1.00,1.10,27.3,4197.30,4198.20,4197.10,4197.60,135,114,249,21.00,24.00,-28.00,0.80,50.0,54,339,0.1429,0.2308,138.00,185.00,4194.89,0.2871,UP,63.25,3.9368,1.0958
20261006 200047 246,4197.30,1,4197.10,4197.40,0.30,4197.10,6,4197.00,9,4196.90,8,4196.80,8,4196.70,7,4196.60,19,4196.50,20,4196.40,18,4196.30,17,4196.20,20,4197.40,5,4197.50,6,4197.60,10,4197.70,8,4197.80,8,4197.90,10,4198.00,14,4198.10,17,4198.20,16,4198.30,18,Buy,110,57,167,53.00,64.00,-1.00,1.10,0.0,4197.30,4198.20,4197.10,4197.30,135,114,249,21.00,24.00,-28.00,0.80,50.0,54,339,0.1429,0.2075,139.00,186.00,4194.86,0.2776,UP,63.25,3.9368,1.0958
20261006 200047 246,4197.40,1,4197.10,4197.40,0.30,4197.10,6,4197.00,9,4196.90,8,4196.80,8,4196.70,7,4196.60,19,4196.50,20,4196.40,18,4196.30,17,4196.20,20,4197.40,5,4197.50,6,4197.60,10,4197.70,8,4197.80,8,4197.90,10,4198.00,14,4198.10,17,4198.20,16,4198.30,18,Buy,111,57,168,54.00,64.00,-1.00,1.10,9.1,4197.30,4198.20,4197.10,4197.40,135,114,249,21.00,24.00,-28.00,0.80,50.0,54,339,0.1429,0.1852,140.00,187.00,4194.87,0.2808,UP,63.25,3.9368,1.0958
20261006 200047 246,4197.40,1,4197.10,4197.40,0.30,4197.10,6,4197.00,9,4196.90,8,4196.80,8,4196.70,7,4196.60,19,4196.50,20,4196.40,18,4196.30,17,4196.20,20,4197.40,5,4197.50,6,4197.60,10,4197.70,8,4197.80,8,4197.90,10,4198.00,14,4198.10,17,4198.20,16,4198.30,18,Buy,112,57,169,55.00,64.00,-1.00,1.10,9.1,4197.30,4198.20,4197.10,4197.40,135,114,249,21.00,24.00,-28.00,0.80,50.0,54,339,0.1429,0.1636,141.00,188.00,4194.87,0.2808,UP,63.25,3.9368,1.0958
20261006 200047 246,4197.40,2,4197.10,4197.40,0.30,4197.10,6,4197.00,9,4196.90,8,4196.80,8,4196.70,7,4196.60,19,4196.50,20,4196.40,18,4196.30,17,4196.20,20,4197.40,5,4197.50,6,4197.60,10,4197.70,8,4197.80,8,4197.90,10,4198.00,14,4198.10,17,4198.20,16,4198.30,18,Buy,114,57,171,57.00,64.00,-1.00,1.10,9.1,4197.30,4198.20,4197.10,4197.40,135,114,249,21.00,24.00,-28.00,0.80,50.0,54,339,0.1429,0.1228,143.00,190.00,4194.87,0.2808,UP,63.25,3.9368,1.0958
20261006 200047 246,4197.40,1,4197.10,4197.40,0.30,4197.10,6,4197.00,9,4196.90,8,4196.80,8,4196.70,7,4196.60,19,4196.50,20,4196.40,18,4196.30,17,4196.20,20,4197.40,5,4197.50,6,4197.60,10,4197.70,8,4197.80,8,4197.90,10,4198.00,14,4198.10,17,4198.20,16,4198.30,18,Buy,115,57,172,58.00,64.00,-1.00,1.10,9.1,4197.30,4198.20,4197.10,4197.40,135,114,249,21.00,24.00,-28.00,0.80,50.0,54,339,0.1429,0.1034,144.00,191.00,4194.87,0.2808,UP,63.25,3.9368,1.0958
20261006 200047 246,4197.40,1,4197.10,4197.40,0.30,4197.10,6,4197.00,9,4196.90,8,4196.80,8,4196.70,7,4196.60,19,4196.50,20,4196.40,18,4196.30,17,4196.20,20,4197.40,5,4197.50,6,4197.60,10,4197.70,8,4197.80,8,4197.90,10,4198.00,14,4198.10,17,4198.20,16,4198.30,18,Buy,116,57,173,59.00,64.00,-1.00,1.10,9.1,4197.30,4198.20,4197.10,4197.40,135,114,249,21.00,24.00,-28.00,0.80,50.0,54,339,0.1429,0.0847,145.00,192.00,4194.87,0.2808,UP,63.25,3.9368,1.0958
20261006 200047 246,4197.50,1,4197.10,4197.40,0.30,4197.10,6,4197.00,9,4196.90,8,4196.80,8,4196.70,7,4196.60,19,4196.50,20,4196.40,18,4196.30,17,4196.20,20,4197.40,5,4197.50,6,4197.60,10,4197.70,8,4197.80,8,4197.90,10,4198.00,14,4198.10,17,4198.20,16,4198.30,18,Buy,117,57,174,60.00,64.00,-1.00,1.10,18.2,4197.30,4198.20,4197.10,4197.50,135,114,249,21.00,24.00,-28.00,0.80,50.0,54,339,0.1429,0.0667,146.00,193.00,4194.88,0.2840,UP,63.25,3.9368,1.0958
20261006 200047 246,4197.50,1,4197.10,4197.40,0.30,4197.10,6,4197.00,9,4196.90,8,4196.80,8,4196.70,7,4196.60,19,4196.50,20,4196.40,18,4196.30,17,4196.20,20,4197.40,5,4197.50,6,4197.60,10,4197.70,8,4197.80,8,4197.90,10,4198.00,14,4198.10,17,4198.20,16,4198.30,18,Buy,118,57,175,61.00,64.00,-1.00,1.10,18.2,4197.30,4198.20,4197.10,4197.50,135,114,249,21.00,24.00,-28.00,0.80,50.0,54,339,0.1429,0.0492,147.00,194.00,4194.88,0.2840,UP,63.25,3.9368,1.0958
20261006 200054 019,4197.50,1,4197.30,4197.50,0.20,4197.30,1,4197.20,4,4197.10,7,4197.00,8,4196.90,8,4196.80,8,4196.70,7,4196.60,19,4196.50,20,4196.40,18,4197.50,4,4197.60,10,4197.70,8,4197.80,9,4197.90,19,4198.00,17,4198.10,17,4198.20,15,4198.30,15,4198.40,16,Buy,119,57,176,62.00,64.00,-1.00,1.10,18.2,4197.30,4198.20,4197.10,4197.50,135,114,249,21.00,24.00,-28.00,0.80,50.0,54,339,0.1429,0.0323,148.00,195.00,4194.88,0.2840,UP,63.25,3.9368,1.0958
20261006 200054 392,4197.30,1,4197.20,4197.40,0.20,4197.20,4,4197.10,7,4197.00,8,4196.90,8,4196.80,8,4196.70,7,4196.60,19,4196.50,20,4196.40,18,4196.30,17,4197.50,4,4197.60,10,4197.70,8,4197.80,9,4197.90,19,4198.00,17,4198.10,17,4198.20,15,4198.30,15,4198.40,16,Sell,119,58,177,61.00,64.00,-1.00,1.10,0.0,4197.30,4198.20,4197.10,4197.30,135,114,249,21.00,24.00,-28.00,0.80,50.0,54,339,0.1429,0.0492,147.00,194.00,4194.86,0.2776,UP,63.25,3.9368,1.0958
20261006 200054 392,4197.20,1,4197.20,4197.40,0.20,4197.20,4,4197.10,7,4197.00,8,4196.90,8,4196.80,8,4196.70,7,4196.60,19,4196.50,20,4196.40,18,4196.30,17,4197.50,4,4197.60,10,4197.70,8,4197.80,9,4197.90,19,4198.00,17,4198.10,17,4198.20,15,4198.30,15,4198.40,16,Sell,119,59,178,60.00,64.00,-1.00,1.10,9.1,4197.30,4198.20,4197.10,4197.20,135,114,249,21.00,24.00,-28.00,0.80,50.0,54,339,0.1429,0.0667,146.00,193.00,4194.86,0.2744,UP,63.25,3.9368,1.0958
20261006 200054 392,4197.20,1,4197.20,4197.40,0.20,4197.20,4,4197.10,7,4197.00,8,4196.90,8,4196.80,8,4196.70,7,4196.60,19,4196.50,20,4196.40,18,4196.30,17,4197.50,4,4197.60,10,4197.70,8,4197.80,9,4197.90,19,4198.00,17,4198.10,17,4198.20,15,4198.30,15,4198.40,16,Sell,119,60,179,59.00,64.00,-1.00,1.10,9.1,4197.30,4198.20,4197.10,4197.20,135,114,249,21.00,24.00,-28.00,0.80,50.0,54,339,0.1429,0.0847,145.00,192.00,4194.86,0.2744,UP,63.25,3.9368,1.0958
20261006 200054 392,4197.20,2,4197.20,4197.40,0.20,4197.20,4,4197.10,7,4197.00,8,4196.90,8,4196.80,8,4196.70,7,4196.60,19,4196.50,20,4196.40,18,4196.30,17,4197.50,4,4197.60,10,4197.70,8,4197.80,9,4197.90,19,4198.00,17,4198.10,17,4198.20,15,4198.30,15,4198.40,16,Sell,119,62,181,57.00,64.00,-1.00,1.10,9.1,4197.30,4198.20,4197.10,4197.20,135,114,249,21.00,24.00,-28.00,0.80,50.0,54,339,0.1429,0.1228,143.00,190.00,4194.86,0.2744,UP,63.25,3.9368,1.0958
20261006 200054 406,4197.30,1,4197.20,4197.40,0.20,4197.20,1,4197.10,7,4197.00,7,4196.90,8,4196.80,8,4196.70,7,4196.60,19,4196.50,20,4196.40,18,4196.30,17,4197.40,4,4197.50,6,4197.60,10,4197.70,8,4197.80,9,4197.90,19,4198.00,17,4198.10,17,4198.20,15,4198.30,15,Sell,119,63,182,56.00,64.00,-1.00,1.10,0.0,4197.30,4198.20,4197.10,4197.30,135,114,249,21.00,24.00,-28.00,0.80,50.0,54,339,0.1429,0.1429,142.00,189.00,4194.86,0.2776,UP,63.25,3.9368,1.0958
20261006 200055 528,4197.40,1,4197.20,4197.40,0.20,4197.20,6,4197.10,9,4197.00,7,4196.90,8,4196.80,8,4196.70,7,4196.60,19,4196.50,20,4196.40,18,4196.30,17,4197.40,2,4197.50,6,4197.60,10,4197.70,8,4197.80,9,4197.90,19,4198.00,17,4198.10,17,4198.20,15,4198.30,15,Buy,120,63,183,57.00,64.00,-1.00,1.10,9.1,4197.30,4198.20,4197.10,4197.40,135,114,249,21.00,24.00,-28.00,0.80,50.0,54,339,0.1429,0.1228,143.00,190.00,4194.87,0.2808,UP,63.25,3.9368,1.0958
20261006 200055 731,4197.20,1,4197.10,4197.30,0.20,4197.10,1,4197.00,6,4196.90,8,4196.80,8,4196.70,7,4196.60,9,4196.50,20,4196.40,18,4196.30,17,4196.20,20,4197.30,5,4197.40,9,4197.50,6,4197.60,10,4197.70,8,4197.80,19,4197.90,19,4198.00,17,4198.10,17,4198.20,15,Sell,120,64,184,56.00,64.00,-1.00,1.10,9.1,4197.30,4198.20,4197.10,4197.20,135,114,249,21.00,24.00,-28.00,0.80,50.0,54,339,0.1429,0.1429,142.00,189.00,4194.86,0.2744,UP,63.25,3.9368,1.0958
20261006 200055 757,4197.20,2,4197.10,4197.30,0.20,4197.10,1,4197.00,6,4196.90,8,4196.80,8,4196.70,7,4196.60,9,4196.50,20,4196.40,18,4196.30,17,4196.20,20,4197.30,5,4197.40,9,4197.50,6,4197.60,10,4197.70,8,4197.80,19,4197.90,19,4198.00,17,4198.10,17,4198.20,15,Sell,120,66,186,54.00,64.00,-1.00,1.10,9.1,4197.30,4198.20,4197.10,4197.20,135,114,249,21.00,24.00,-28.00,0.80,50.0,54,339,0.1429,0.1852,140.00,187.00,4194.86,0.2744,UP,63.25,3.9368,1.0958
20261006 200055 757,4197.20,1,4197.10,4197.30,0.20,4197.10,1,4197.00,6,4196.90,8,4196.80,8,4196.70,7,4196.60,9,4196.50,20,4196.40,18,4196.30,17,4196.20,20,4197.30,5,4197.40,9,4197.50,6,4197.60,10,4197.70,8,4197.80,19,4197.90,19,4198.00,17,4198.10,17,4198.20,15,Sell,120,67,187,53.00,64.00,-1.00,1.10,9.1,4197.30,4198.20,4197.10,4197.20,135,114,249,21.00,24.00,-28.00,0.80,50.0,54,339,0.1429,0.2075,139.00,186.00,4194.86,0.2744,UP,63.25,3.9368,1.0958
20261006 200056 295,4197.30,1,4197.10,4197.30,0.20,4197.10,8,4197.00,7,4196.90,8,4196.80,8,4196.70,7,4196.60,9,4196.50,20,4196.40,18,4196.30,17,4196.20,20,4197.30,1,4197.40,7,4197.50,5,4197.60,10,4197.70,8,4197.80,19,4197.90,22,4198.00,17,4198.10,17,4198.20,15,Buy,121,67,188,54.00,64.00,-1.00,1.10,0.0,4197.30,4198.20,4197.10,4197.30,135,114,249,21.00,24.00,-28.00,0.80,50.0,54,339,0.1429,0.1852,140.00,187.00,4194.86,0.2776,UP,63.25,3.9368,1.0958
20261006 200056 295,4197.30,1,4197.10,4197.30,0.20,4197.10,8,4197.00,7,4196.90,8,4196.80,8,4196.70,7,4196.60,9,4196.50,20,4196.40,18,4196.30,17,4196.20,20,4197.30,1,4197.40,7,4197.50,5,4197.60,10,4197.70,8,4197.80,19,4197.90,22,4198.00,17,4198.10,17,4198.20,15,Buy,122,67,189,55.00,64.00,-1.00,1.10,0.0,4197.30,4198.20,4197.10,4197.30,135,114,249,21.00,24.00,-28.00,0.80,50.0,54,339,0.1429,0.1636,141.00,188.00,4194.86,0.2776,UP,63.25,3.9368,1.0958
20261006 200056 295,4197.30,1,4197.10,4197.30,0.20,4197.10,8,4197.00,7,4196.90,8,4196.80,8,4196.70,7,4196.60,9,4196.50,20,4196.40,18,4196.30,17,4196.20,20,4197.30,1,4197.40,7,4197.50,5,4197.60,10,4197.70,8,4197.80,19,4197.90,22,4198.00,17,4198.10,17,4198.20,15,Buy,123,67,190,56.00,64.00,-1.00,1.10,0.0,4197.30,4198.20,4197.10,4197.30,135,114,249,21.00,24.00,-28.00,0.80,50.0,54,339,0.1429,0.1429,142.00,189.00,4194.86,0.2776,UP,63.25,3.9368,1.0958
20261006 200056 578,4197.20,1,4197.10,4197.40,0.30,4197.10,8,4197.00,7,4196.90,8,4196.80,8,4196.70,7,4196.60,9,4196.50,20,4196.40,18,4196.30,17,4196.20,20,4197.40,5,4197.50,5,4197.60,10,4197.70,8,4197.80,19,4197.90,22,4198.00,17,4198.10,17,4198.20,15,4198.30,15,Sell,123,68,191,55.00,64.00,-1.00,1.10,9.1,4197.30,4198.20,4197.10,4197.20,135,114,249,21.00,24.00,-28.00,0.80,50.0,54,339,0.1429,0.1636,141.00,188.00,4194.86,0.2744,UP,63.25,3.9368,1.0958
20261006 200058 533,4197.10,1,4197.10,4197.30,0.20,4197.10,6,4197.00,9,4196.90,8,4196.80,8,4196.70,7,4196.60,9,4196.50,20,4196.40,18,4196.30,17,4196.20,20,4197.30,2,4197.40,6,4197.50,11,4197.60,10,4197.70,8,4197.80,19,4197.90,22,4198.00,17,4198.10,17,4198.20,15,Sell,123,69,192,54.00,64.00,-1.00,1.10,18.2,4197.30,4198.20,4197.10,4197.10,135,114,249,21.00,24.00,-28.00,0.80,50.0,54,339,0.1429,0.1852,140.00,187.00,4194.85,0.2713,UP,63.25,3.9368,1.0958
20261006 200058 564,4197.10,1,4197.10,4197.30,0.20,4197.10,6,4197.00,9,4196.90,8,4196.80,8,4196.70,7,4196.60,9,4196.50,20,4196.40,18,4196.30,17,4196.20,20,4197.30,2,4197.40,6,4197.50,11,4197.60,10,4197.70,8,4197.80,19,4197.90,22,4198.00,17,4198.10,17,4198.20,15,Sell,123,70,193,53.00,64.00,-1.00,1.10,18.2,4197.30,4198.20,4197.10,4197.10,135,114,249,21.00,24.00,-28.00,0.80,50.0,54,339,0.1429,0.2075,139.00,186.00,4194.85,0.2713,UP,63.25,3.9368,1.0958
20261006 200058 564,4197.10,1,4197.10,4197.30,0.20,4197.10,6,4197.00,9,4196.90,8,4196.80,8,4196.70,7,4196.60,9,4196.50,20,4196.40,18,4196.30,17,4196.20,20,4197.30,2,4197.40,6,4197.50,11,4197.60,10,4197.70,8,4197.80,19,4197.90,22,4198.00,17,4198.10,17,4198.20,15,Sell,123,71,194,52.00,64.00,-1.00,1.10,18.2,4197.30,4198.20,4197.10,4197.10,135,114,249,21.00,24.00,-28.00,0.80,50.0,54,339,0.1429,0.2308,138.00,185.00,4194.85,0.2713,UP,63.25,3.9368,1.0958
20261006 200058 564,4197.10,2,4197.10,4197.30,0.20,4197.10,6,4197.00,9,4196.90,8,4196.80,8,4196.70,7,4196.60,9,4196.50,20,4196.40,18,4196.30,17,4196.20,20,4197.30,2,4197.40,6,4197.50,11,4197.60,10,4197.70,8,4197.80,19,4197.90,22,4198.00,17,4198.10,17,4198.20,15,Sell,123,73,196,50.00,64.00,-1.00,1.10,18.2,4197.30,4198.20,4197.10,4197.10,135,114,249,21.00,24.00,-28.00,0.80,50.0,54,339,0.1429,0.2800,136.00,183.00,4194.85,0.2713,UP,63.25,3.9368,1.0958
20261006 200058 564,4197.10,1,4197.10,4197.30,0.20,4197.10,6,4197.00,9,4196.90,8,4196.80,8,4196.70,7,4196.60,9,4196.50,20,4196.40,18,4196.30,17,4196.20,20,4197.30,2,4197.40,6,4197.50,11,4197.60,10,4197.70,8,4197.80,19,4197.90,22,4198.00,17,4198.10,17,4198.20,15,Sell,123,74,197,49.00,64.00,-1.00,1.10,18.2,4197.30,4198.20,4197.10,4197.10,135,114,249,21.00,24.00,-28.00,0.80,50.0,54,339,0.1429,0.3061,135.00,182.00,4194.85,0.2713,UP,63.25,3.9368,1.0958
20261006 200058 564,4197.10,1,4197.10,4197.30,0.20,4197.10,6,4197.00,9,4196.90,8,4196.80,8,4196.70,7,4196.60,9,4196.50,20,4196.40,18,4196.30,17,4196.20,20,4197.30,2,4197.40,6,4197.50,11,4197.60,10,4197.70,8,4197.80,19,4197.90,22,4198.00,17,4198.10,17,4198.20,15,Sell,123,75,198,48.00,64.00,-1.00,1.10,18.2,4197.30,4198.20,4197.10,4197.10,135,114,249,21.00,24.00,-28.00,0.80,50.0,54,339,0.1429,0.3333,134.00,181.00,4194.85,0.2713,UP,63.25,3.9368,1.0958
20261006 200058 564,4197.00,1,4197.10,4197.30,0.20,4197.10,6,4197.00,9,4196.90,8,4196.80,8,4196.70,7,4196.60,9,4196.50,20,4196.40,18,4196.30,17,4196.20,20,4197.30,2,4197.40,6,4197.50,11,4197.60,10,4197.70,8,4197.80,19,4197.90,22,4198.00,17,4198.10,17,4198.20,15,Sell,123,76,199,47.00,64.00,-1.00,1.20,25.0,4197.30,4198.20,4197.00,4197.00,135,114,249,21.00,24.00,-28.00,0.80,50.0,54,339,0.1429,0.3617,133.00,180.00,4194.84,0.2681,UP,63.25,3.9368,1.1029
20261006 200058 564,4197.00,1,4197.10,4197.30,0.20,4197.10,6,4197.00,9,4196.90,8,4196.80,8,4196.70,7,4196.60,9,4196.50,20,4196.40,18,4196.30,17,4196.20,20,4197.30,2,4197.40,6,4197.50,11,4197.60,10,4197.70,8,4197.80,19,4197.90,22,4198.00,17,4198.10,17,4198.20,15,Sell,123,77,200,46.00,64.00,-1.00,1.20,25.0,4197.30,4198.20,4197.00,4197.00,135,114,249,21.00,24.00,-28.00,0.80,50.0,54,339,0.1429,0.3913,132.00,179.00,4194.84,0.2681,UP,63.25,3.9368,1.1029
20261006 200058 564,4197.00,1,4197.10,4197.30,0.20,4197.10,6,4197.00,9,4196.90,8,4196.80,8,4196.70,7,4196.60,9,4196.50,20,4196.40,18,4196.30,17,4196.20,20,4197.30,2,4197.40,6,4197.50,11,4197.60,10,4197.70,8,4197.80,19,4197.90,22,4198.00,17,4198.10,17,4198.20,15,Sell,123,78,201,45.00,64.00,-1.00,1.20,25.0,4197.30,4198.20,4197.00,4197.00,135,114,249,21.00,24.00,-28.00,0.80,50.0,54,339,0.1429,0.4222,131.00,178.00,4194.84,0.2681,UP,63.25,3.9368,1.1029
20261006 200058 564,4197.00,1,4197.10,4197.30,0.20,4197.10,6,4197.00,9,4196.90,8,4196.80,8,4196.70,7,4196.60,9,4196.50,20,4196.40,18,4196.30,17,4196.20,20,4197.30,2,4197.40,6,4197.50,11,4197.60,10,4197.70,8,4197.80,19,4197.90,22,4198.00,17,4198.10,17,4198.20,15,Sell,123,79,202,44.00,64.00,-1.00,1.20,25.0,4197.30,4198.20,4197.00,4197.00,135,114,249,21.00,24.00,-28.00,0.80,50.0,54,339,0.1429,0.4545,130.00,177.00,4194.84,0.2681,UP,63.25,3.9368,1.1029
20261006 200058 564,4197.00,1,4197.10,4197.30,0.20,4197.10,6,4197.00,9,4196.90,8,4196.80,8,4196.70,7,4196.60,9,4196.50,20,4196.40,18,4196.30,17,4196.20,20,4197.30,2,4197.40,6,4197.50,11,4197.60,10,4197.70,8,4197.80,19,4197.90,22,4198.00,17,4198.10,17,4198.20,15,Sell,123,80,203,43.00,64.00,-1.00,1.20,25.0,4197.30,4198.20,4197.00,4197.00,135,114,249,21.00,24.00,-28.00,0.80,50.0,54,339,0.1429,0.4884,129.00,176.00,4194.84,0.2681,UP,63.25,3.9368,1.1029
20261006 200058 564,4197.00,1,4197.10,4197.30,0.20,4197.10,6,4197.00,9,4196.90,8,4196.80,8,4196.70,7,4196.60,9,4196.50,20,4196.40,18,4196.30,17,4196.20,20,4197.30,2,4197.40,6,4197.50,11,4197.60,10,4197.70,8,4197.80,19,4197.90,22,4198.00,17,4198.10,17,4198.20,15,Sell,123,81,204,42.00,64.00,-1.00,1.20,25.0,4197.30,4198.20,4197.00,4197.00,135,114,249,21.00,24.00,-28.00,0.80,50.0,54,339,0.1429,0.5238,128.00,175.00,4194.84,0.2681,UP,63.25,3.9368,1.1029
20261006 200058 564,4197.00,1,4197.10,4197.30,0.20,4197.10,6,4197.00,9,4196.90,8,4196.80,8,4196.70,7,4196.60,9,4196.50,20,4196.40,18,4196.30,17,4196.20,20,4197.30,2,4197.40,6,4197.50,11,4197.60,10,4197.70,8,4197.80,19,4197.90,22,4198.00,17,4198.10,17,4198.20,15,Sell,123,82,205,41.00,64.00,-1.00,1.20,25.0,4197.30,4198.20,4197.00,4197.00,135,114,249,21.00,24.00,-28.00,0.80,50.0,54,339,0.1429,0.5610,127.00,174.00,4194.84,0.2681,UP,63.25,3.9368,1.1029
20261006 200100 591,4197.50,1,4197.30,4197.50,0.20,4197.30,6,4197.20,7,4197.10,9,4197.00,11,4196.90,8,4196.80,8,4196.70,7,4196.60,19,4196.50,20,4196.40,18,4197.50,5,4197.60,10,4197.70,8,4197.80,9,4197.90,12,4198.00,17,4198.10,20,4198.20,15,4198.30,15,4198.40,16,Buy,1,0,1,1.00,1.00,1.00,0.00,0.0,4197.50,4197.50,4197.50,4197.50,123,82,205,41.00,64.00,-1.00,1.20,25.0,-45,192,0.5610,0.0000,59.00,149.00,4194.88,0.2840,UP,70.65,2.9016,1.0599
20261006 200102 345,4197.10,1,4197.10,4197.30,0.20,4197.10,6,4197.00,7,4196.90,8,4196.80,8,4196.70,7,4196.60,19,4196.50,20,4196.40,18,4196.30,17,4196.20,20,4197.30,2,4197.40,8,4197.50,8,4197.60,10,4197.70,8,4197.80,9,4197.90,12,4198.00,17,4198.10,20,4198.20,15,Sell,1,1,2,0.00,1.00,0.00,0.40,100.0,4197.50,4197.50,4197.10,4197.10,123,82,205,41.00,64.00,-1.00,1.20,25.0,-45,192,0.5610,1.0000,58.00,148.00,4194.85,0.2713,UP,70.65,2.9016,1.0599
20261006 200102 345,4197.10,2,4197.10,4197.30,0.20,4197.10,6,4197.00,7,4196.90,8,4196.80,8,4196.70,7,4196.60,19,4196.50,20,4196.40,18,4196.30,17,4196.20,20,4197.30,2,4197.40,8,4197.50,8,4197.60,10,4197.70,8,4197.80,9,4197.90,12,4198.00,17,4198.10,20,4198.20,15,Sell,1,3,4,-2.00,1.00,-2.00,0.40,100.0,4197.50,4197.50,4197.10,4197.10,123,82,205,41.00,64.00,-1.00,1.20,25.0,-45,192,0.5610,0.0000,56.00,146.00,4194.85,0.2713,UP,70.65,2.9016,1.0599
20261006 200102 345,4197.10,1,4197.10,4197.30,0.20,4197.10,6,4197.00,7,4196.90,8,4196.80,8,4196.70,7,4196.60,19,4196.50,20,4196.40,18,4196.30,17,4196.20,20,4197.30,2,4197.40,8,4197.50,8,4197.60,10,4197.70,8,4197.80,9,4197.90,12,4198.00,17,4198.10,20,4198.20,15,Sell,1,4,5,-3.00,1.00,-3.00,0.40,100.0,4197.50,4197.50,4197.10,4197.10,123,82,205,41.00,64.00,-1.00,1.20,25.0,-45,192,0.5610,0.0000,55.00,145.00,4194.85,0.2713,UP,70.65,2.9016,1.0599
20261006 200102 345,4197.00,1,4197.10,4197.30,0.20,4197.10,6,4197.00,7,4196.90,8,4196.80,8,4196.70,7,4196.60,19,4196.50,20,4196.40,18,4196.30,17,4196.20,20,4197.30,2,4197.40,8,4197.50,8,4197.60,10,4197.70,8,4197.80,9,4197.90,12,4198.00,17,4198.10,20,4198.20,15,Sell,1,5,6,-4.00,1.00,-4.00,0.50,100.0,4197.50,4197.50,4197.00,4197.00,123,82,205,41.00,64.00,-1.00,1.20,25.0,-45,192,0.5610,0.0000,54.00,144.00,4194.84,0.2681,UP,70.65,2.9016,1.0599
20261006 200102 345,4197.00,1,4197.10,4197.30,0.20,4197.10,6,4197.00,7,4196.90,8,4196.80,8,4196.70,7,4196.60,19,4196.50,20,4196.40,18,4196.30,17,4196.20,20,4197.30,2,4197.40,8,4197.50,8,4197.60,10,4197.70,8,4197.80,9,4197.90,12,4198.00,17,4198.10,20,4198.20,15,Sell,1,6,7,-5.00,1.00,-5.00,0.50,100.0,4197.50,4197.50,4197.00,4197.00,123,82,205,41.00,64.00,-1.00,1.20,25.0,-45,192,0.5610,0.0000,53.00,143.00,4194.84,0.2681,UP,70.65,2.9016,1.0599
20261006 200104 059,4197.20,1,4197.10,4197.20,0.10,4197.10,4,4197.00,7,4196.90,8,4196.80,8,4196.70,7,4196.60,19,4196.50,20,4196.40,18,4196.30,17,4196.20,20,4197.30,3,4197.40,8,4197.50,8,4197.60,10,4197.70,8,4197.80,9,4197.90,12,4198.00,17,4198.10,20,4198.20,15,Buy,2,6,8,-4.00,1.00,-5.00,0.50,60.0,4197.50,4197.50,4197.00,4197.20,123,82,205,41.00,64.00,-1.00,1.20,25.0,-45,192,0.5610,0.2500,54.00,144.00,4194.86,0.2744,UP,70.65,2.9016,1.0599
20261006 200106 848,4197.10,1,4197.10,4197.30,0.20,4197.10,3,4197.00,7,4196.90,8,4196.80,8,4196.70,7,4196.60,19,4196.50,20,4196.40,18,4196.30,17,4196.20,20,4197.30,2,4197.40,6,4197.50,8,4197.60,10,4197.70,8,4197.80,9,4197.90,12,4198.00,17,4198.10,20,4198.20,15,Sell,2,7,9,-5.00,1.00,-5.00,0.50,80.0,4197.50,4197.50,4197.00,4197.10,123,82,205,41.00,64.00,-1.00,1.20,25.0,-45,192,0.5610,0.0000,53.00,143.00,4194.85,0.2713,UP,70.65,2.9016,1.0599
20261006 200107 503,4197.20,2,4197.10,4197.30,0.20,4197.10,4,4197.00,7,4196.90,8,4196.80,8,4196.70,7,4196.60,9,4196.50,20,4196.40,18,4196.30,17,4196.20,20,4197.30,1,4197.40,8,4197.50,9,4197.60,10,4197.70,8,4197.80,19,4197.90,22,4198.00,17,4198.10,20,4198.20,15,Buy,4,7,11,-3.00,1.00,-5.00,0.50,60.0,4197.50,4197.50,4197.00,4197.20,123,82,205,41.00,64.00,-1.00,1.20,25.0,-45,192,0.5610,0.6667,55.00,145.00,4194.86,0.2744,UP,70.65,2.9016,1.0599
20261006 200107 503,4197.20,1,4197.10,4197.30,0.20,4197.10,4,4197.00,7,4196.90,8,4196.80,8,4196.70,7,4196.60,9,4196.50,20,4196.40,18,4196.30,17,4196.20,20,4197.30,1,4197.40,8,4197.50,9,4197.60,10,4197.70,8,4197.80,19,4197.90,22,4198.00,17,4198.10,20,4198.20,15,Buy,5,7,12,-2.00,1.00,-5.00,0.50,60.0,4197.50,4197.50,4197.00,4197.20,123,82,205,41.00,64.00,-1.00,1.20,25.0,-45,192,0.5610,1.5000,56.00,146.00,4194.86,0.2744,UP,70.65,2.9016,1.0599
20261006 200107 823,4197.30,1,4197.30,4197.50,0.20,4197.30,3,4197.20,6,4197.10,5,4197.00,9,4196.90,8,4196.80,8,4196.70,7,4196.60,19,4196.50,20,4196.40,18,4197.50,5,4197.60,10,4197.70,8,4197.80,9,4197.90,22,4198.00,17,4198.10,20,4198.20,15,4198.30,15,4198.40,16,Sell,5,8,13,-3.00,1.00,-5.00,0.50,40.0,4197.50,4197.50,4197.00,4197.30,123,82,205,41.00,64.00,-1.00,1.20,25.0,-45,192,0.5610,0.6667,55.00,145.00,4194.86,0.2776,UP,70.65,2.9016,1.0599
20261006 200107 823,4197.30,1,4197.30,4197.50,0.20,4197.30,3,4197.20,6,4197.10,5,4197.00,9,4196.90,8,4196.80,8,4196.70,7,4196.60,19,4196.50,20,4196.40,18,4197.50,5,4197.60,10,4197.70,8,4197.80,9,4197.90,22,4198.00,17,4198.10,20,4198.20,15,4198.30,15,4198.40,16,Sell,5,9,14,-4.00,1.00,-5.00,0.50,40.0,4197.50,4197.50,4197.00,4197.30,123,82,205,41.00,64.00,-1.00,1.20,25.0,-45,192,0.5610,0.2500,54.00,144.00,4194.86,0.2776,UP,70.65,2.9016,1.0599
20261006 200107 823,4197.30,1,4197.30,4197.50,0.20,4197.30,3,4197.20,6,4197.10,5,4197.00,9,4196.90,8,4196.80,8,4196.70,7,4196.60,19,4196.50,20,4196.40,18,4197.50,5,4197.60,10,4197.70,8,4197.80,9,4197.90,22,4198.00,17,4198.10,20,4198.20,15,4198.30,15,4198.40,16,Sell,5,10,15,-5.00,1.00,-5.00,0.50,40.0,4197.50,4197.50,4197.00,4197.30,123,82,205,41.00,64.00,-1.00,1.20,25.0,-45,192,0.5610,0.0000,53.00,143.00,4194.86,0.2776,UP,70.65,2.9016,1.0599
20261006 200107 823,4197.20,1,4197.30,4197.50,0.20,4197.30,3,4197.20,6,4197.10,5,4197.00,9,4196.90,8,4196.80,8,4196.70,7,4196.60,19,4196.50,20,4196.40,18,4197.50,5,4197.60,10,4197.70,8,4197.80,9,4197.90,22,4198.00,17,4198.10,20,4198.20,15,4198.30,15,4198.40,16,Sell,5,11,16,-6.00,1.00,-6.00,0.50,60.0,4197.50,4197.50,4197.00,4197.20,123,82,205,41.00,64.00,-1.00,1.20,25.0,-45,192,0.5610,0.0000,52.00,142.00,4194.86,0.2744,UP,70.65,2.9016,1.0599
20261006 200108 616,4197.30,1,4197.30,4197.50,0.20,4197.30,3,4197.20,7,4197.10,7,4197.00,9,4196.90,8,4196.80,8,4196.70,8,4196.60,19,4196.50,20,4196.40,18,4197.50,5,4197.60,10,4197.70,8,4197.80,9,4197.90,22,4198.00,17,4198.10,20,4198.20,15,4198.30,15,4198.40,16,Sell,5,12,17,-7.00,1.00,-7.00,0.50,40.0,4197.50,4197.50,4197.00,4197.30,123,82,205,41.00,64.00,-1.00,1.20,25.0,-45,192,0.5610,0.0000,51.00,141.00,4194.86,0.2776,UP,70.65,2.9016,1.0599
20261006 200113 569,4197.30,1,4197.30,4197.50,0.20,4197.30,1,4197.20,6,4197.10,8,4197.00,9,4196.90,8,4196.80,8,4196.70,8,4196.60,19,4196.50,20,4196.40,18,4197.50,5,4197.60,9,4197.70,8,4197.80,9,4197.90,22,4198.00,17,4198.10,20,4198.20,15,4198.30,15,4198.40,16,Sell,5,13,18,-8.00,1.00,-8.00,0.50,40.0,4197.50,4197.50,4197.00,4197.30,123,82,205,41.00,64.00,-1.00,1.20,25.0,-45,192,0.5610,0.0000,50.00,140.00,4194.86,0.2776,UP,70.65,2.9016,1.0599
20261006 200113 569,4197.30,1,4197.30,4197.50,0.20,4197.30,1,4197.20,6,4197.10,8,4197.00,9,4196.90,8,4196.80,8,4196.70,8,4196.60,19,4196.50,20,4196.40,18,4197.50,5,4197.60,9,4197.70,8,4197.80,9,4197.90,22,4198.00,17,4198.10,20,4198.20,15,4198.30,15,4198.40,16,Sell,5,14,19,-9.00,1.00,-9.00,0.50,40.0,4197.50,4197.50,4197.00,4197.30,123,82,205,41.00,64.00,-1.00,1.20,25.0,-45,192,0.5610,0.0000,49.00,139.00,4194.86,0.2776,UP,70.65,2.9016,1.0599
20261006 200113 569,4197.30,1,4197.30,4197.50,0.20,4197.30,1,4197.20,6,4197.10,8,4197.00,9,4196.90,8,4196.80,8,4196.70,8,4196.60,19,4196.50,20,4196.40,18,4197.50,5,4197.60,9,4197.70,8,4197.80,9,4197.90,22,4198.00,17,4198.10,20,4198.20,15,4198.30,15,4198.40,16,Sell,5,15,20,-10.00,1.00,-10.00,0.50,40.0,4197.50,4197.50,4197.00,4197.30,123,82,205,41.00,64.00,-1.00,1.20,25.0,-45,192,0.5610,0.0000,48.00,138.00,4194.86,0.2776,UP,70.65,2.9016,1.0599
20261006 200113 569,4197.30,1,4197.30,4197.50,0.20,4197.30,1,4197.20,6,4197.10,8,4197.00,9,4196.90,8,4196.80,8,4196.70,8,4196.60,19,4196.50,20,4196.40,18,4197.50,5,4197.60,9,4197.70,8,4197.80,9,4197.90,22,4198.00,17,4198.10,20,4198.20,15,4198.30,15,4198.40,16,Sell,5,16,21,-11.00,1.00,-11.00,0.50,40.0,4197.50,4197.50,4197.00,4197.30,123,82,205,41.00,64.00,-1.00,1.20,25.0,-45,192,0.5610,0.0000,47.00,137.00,4194.86,0.2776,UP,70.65,2.9016,1.0599
20261006 200115 835,4197.40,1,4197.30,4197.40,0.10,4197.30,3,4197.20,6,4197.10,8,4197.00,9,4196.90,8,4196.80,8,4196.70,7,4196.60,19,4196.50,20,4196.40,18,4197.50,5,4197.60,9,4197.70,8,4197.80,9,4197.90,12,4198.00,17,4198.10,20,4198.20,15,4198.30,15,4198.40,16,Buy,6,16,22,-10.00,1.00,-11.00,0.50,20.0,4197.50,4197.50,4197.00,4197.40,123,82,205,41.00,64.00,-1.00,1.20,25.0,-45,192,0.5610,0.1000,48.00,138.00,4194.87,0.2808,UP,70.65,2.9016,1.0599
20261006 200116 293,4197.30,1,4197.30,4197.40,0.10,4197.20,7,4197.10,8,4197.00,9,4196.90,8,4196.80,8,4196.70,7,4196.60,19,4196.50,20,4196.40,18,4196.30,17,4197.40,2,4197.50,5,4197.60,9,4197.70,8,4197.80,9,4197.90,12,4198.00,17,4198.10,20,4198.20,15,4198.30,15,Sell,6,17,23,-11.00,1.00,-11.00,0.50,40.0,4197.50,4197.50,4197.00,4197.30,123,82,205,41.00,64.00,-1.00,1.20,25.0,-45,192,0.5610,0.0000,47.00,137.00,4194.86,0.2776,UP,70.65,2.9016,1.0599
20261006 200116 293,4197.30,1,4197.20,4197.40,0.20,4197.20,5,4197.10,7,4197.00,9,4196.90,8,4196.80,8,4196.70,7,4196.60,19,4196.50,20,4196.40,18,4196.30,17,4197.40,1,4197.50,5,4197.60,9,4197.70,8,4197.80,9,4197.90,12,4198.00,17,4198.10,20,4198.20,15,4198.30,15,Sell,6,18,24,-12.00,1.00,-12.00,0.50,40.0,4197.50,4197.50,4197.00,4197.30,123,82,205,41.00,64.00,-1.00,1.20,25.0,-45,192,0.5610,0.0000,46.00,136.00,4194.86,0.2776,UP,70.65,2.9016,1.0599
20261006 200117 747,4197.40,1,4197.20,4197.40,0.20,4197.20,4,4197.10,7,4197.00,12,4196.90,8,4196.80,8,4196.70,7,4196.60,19,4196.50,20,4196.40,18,4196.30,17,4197.40,2,4197.50,8,4197.60,9,4197.70,8,4197.80,9,4197.90,12,4198.00,17,4198.10,20,4198.20,15,4198.30,15,Buy,7,18,25,-11.00,1.00,-12.00,0.50,20.0,4197.50,4197.50,4197.00,4197.40,123,82,205,41.00,64.00,-1.00,1.20,25.0,-45,192,0.5610,0.0909,47.00,137.00,4194.87,0.2808,UP,70.65,2.9016,1.0599
20261006 200117 747,4197.50,5,4197.20,4197.40,0.20,4197.20,4,4197.10,7,4197.00,12,4196.90,8,4196.80,8,4196.70,7,4196.60,19,4196.50,20,4196.40,18,4196.30,17,4197.40,2,4197.50,8,4197.60,9,4197.70,8,4197.80,9,4197.90,12,4198.00,17,4198.10,20,4198.20,15,4198.30,15,Buy,12,18,30,-6.00,1.00,-12.00,0.50,0.0,4197.50,4197.50,4197.00,4197.50,123,82,205,41.00,64.00,-1.00,1.20,25.0,-45,192,0.5610,1.0000,52.00,142.00,4194.88,0.2840,UP,70.65,2.9016,1.0599
20261006 200117 747,4197.40,1,4197.20,4197.40,0.20,4197.20,4,4197.10,7,4197.00,12,4196.90,8,4196.80,8,4196.70,7,4196.60,19,4196.50,20,4196.40,18,4196.30,17,4197.40,2,4197.50,8,4197.60,9,4197.70,8,4197.80,9,4197.90,12,4198.00,17,4198.10,20,4198.20,15,4198.30,15,Buy,13,18,31,-5.00,1.00,-12.00,0.50,20.0,4197.50,4197.50,4197.00,4197.40,123,82,205,41.00,64.00,-1.00,1.20,25.0,-45,192,0.5610,1.4000,53.00,143.00,4194.87,0.2808,UP,70.65,2.9016,1.0599
20261006 200117 747,4197.50,1,4197.20,4197.40,0.20,4197.20,4,4197.10,7,4197.00,12,4196.90,8,4196.80,8,4196.70,7,4196.60,19,4196.50,20,4196.40,18,4196.30,17,4197.40,2,4197.50,8,4197.60,9,4197.70,8,4197.80,9,4197.90,12,4198.00,17,4198.10,20,4198.20,15,4198.30,15,Buy,14,18,32,-4.00,1.00,-12.00,0.50,0.0,4197.50,4197.50,4197.00,4197.50,123,82,205,41.00,64.00,-1.00,1.20,25.0,-45,192,0.5610,2.0000,54.00,144.00,4194.88,0.2840,UP,70.65,2.9016,1.0599
20261006 200117 747,4197.40,3,4197.20,4197.40,0.20,4197.20,4,4197.10,7,4197.00,12,4196.90,8,4196.80,8,4196.70,7,4196.60,19,4196.50,20,4196.40,18,4196.30,17,4197.40,2,4197.50,8,4197.60,9,4197.70,8,4197.80,9,4197.90,12,4198.00,17,4198.10,20,4198.20,15,4198.30,15,Buy,17,18,35,-1.00,1.00,-12.00,0.50,20.0,4197.50,4197.50,4197.00,4197.40,123,82,205,41.00,64.00,-1.00,1.20,25.0,-45,192,0.5610,11.0000,57.00,147.00,4194.87,0.2808,UP,70.65,2.9016,1.0599
20261006 200119 571,4197.30,1,4197.20,4197.40,0.20,4197.20,5,4197.10,7,4197.00,12,4196.90,8,4196.80,8,4196.70,7,4196.60,19,4196.50,20,4196.40,18,4196.30,17,4197.40,2,4197.50,6,4197.60,9,4197.70,8,4197.80,9,4197.90,12,4198.00,17,4198.10,20,4198.20,15,4198.30,15,Sell,17,19,36,-2.00,1.00,-12.00,0.50,40.0,4197.50,4197.50,4197.00,4197.30,123,82,205,41.00,64.00,-1.00,1.20,25.0,-45,192,0.5610,5.0000,56.00,146.00,4194.86,0.2776,UP,70.65,2.9016,1.0599
20261006 200119 919,4197.10,1,4197.10,4197.30,0.20,4197.10,5,4197.00,12,4196.90,8,4196.80,8,4196.70,7,4196.60,19,4196.50,20,4196.40,18,4196.30,17,4196.20,19,4197.30,2,4197.40,3,4197.50,7,4197.60,9,4197.70,8,4197.80,9,4197.90,12,4198.00,17,4198.10,20,4198.20,15,Sell,17,20,37,-3.00,1.00,-12.00,0.50,80.0,4197.50,4197.50,4197.00,4197.10,123,82,205,41.00,64.00,-1.00,1.20,25.0,-45,192,0.5610,3.0000,55.00,145.00,4194.85,0.2713,UP,70.65,2.9016,1.0599
20261006 200119 919,4197.10,1,4197.10,4197.30,0.20,4197.10,5,4197.00,12,4196.90,8,4196.80,8,4196.70,7,4196.60,19,4196.50,20,4196.40,18,4196.30,17,4196.20,19,4197.30,2,4197.40,3,4197.50,7,4197.60,9,4197.70,8,4197.80,9,4197.90,12,4198.00,17,4198.10,20,4198.20,15,Sell,17,21,38,-4.00,1.00,-12.00,0.50,80.0,4197.50,4197.50,4197.00,4197.10,123,82,205,41.00,64.00,-1.00,1.20,25.0,-45,192,0.5610,2.0000,54.00,144.00,4194.85,0.2713,UP,70.65,2.9016,1.0599
20261006 200119 919,4197.10,1,4197.10,4197.30,0.20,4197.10,5,4197.00,12,4196.90,8,4196.80,8,4196.70,7,4196.60,19,4196.50,20,4196.40,18,4196.30,17,4196.20,19,4197.30,2,4197.40,3,4197.50,7,4197.60,9,4197.70,8,4197.80,9,4197.90,12,4198.00,17,4198.10,20,4198.20,15,Sell,17,22,39,-5.00,1.00,-12.00,0.50,80.0,4197.50,4197.50,4197.00,4197.10,123,82,205,41.00,64.00,-1.00,1.20,25.0,-45,192,0.5610,1.4000,53.00,143.00,4194.85,0.2713,UP,70.65,2.9016,1.0599
20261006 200119 919,4197.10,1,4197.10,4197.30,0.20,4197.10,5,4197.00,12,4196.90,8,4196.80,8,4196.70,7,4196.60,19,4196.50,20,4196.40,18,4196.30,17,4196.20,19,4197.30,2,4197.40,3,4197.50,7,4197.60,9,4197.70,8,4197.80,9,4197.90,12,4198.00,17,4198.10,20,4198.20,15,Sell,17,23,40,-6.00,1.00,-12.00,0.50,80.0,4197.50,4197.50,4197.00,4197.10,123,82,205,41.00,64.00,-1.00,1.20,25.0,-45,192,0.5610,1.0000,52.00,142.00,4194.85,0.2713,UP,70.65,2.9016,1.0599
20261006 200121 234,4197.00,1,4196.80,4197.00,0.20,4196.80,3,4196.70,7,4196.60,9,4196.50,10,4196.40,8,4196.30,17,4196.20,19,4196.10,25,4196.00,22,4195.90,20,4197.00,3,4197.10,4,4197.20,5,4197.30,5,4197.40,9,4197.50,10,4197.60,20,4197.70,18,4197.80,19,4197.90,22,Sell,17,24,41,-7.00,1.00,-12.00,0.50,100.0,4197.50,4197.50,4197.00,4197.00,123,82,205,41.00,64.00,-1.00,1.20,25.0,-45,192,0.5610,0.7143,51.00,141.00,4194.84,0.2681,UP,70.65,2.9016,1.0599
20261006 200121 234,4197.00,3,4196.80,4197.00,0.20,4196.80,3,4196.70,7,4196.60,9,4196.50,10,4196.40,8,4196.30,17,4196.20,19,4196.10,25,4196.00,22,4195.90,20,4197.00,3,4197.10,4,4197.20,5,4197.30,5,4197.40,9,4197.50,10,4197.60,20,4197.70,18,4197.80,19,4197.90,22,Sell,17,27,44,-10.00,1.00,-12.00,0.50,100.0,4197.50,4197.50,4197.00,4197.00,123,82,205,41.00,64.00,-1.00,1.20,25.0,-45,192,0.5610,0.2000,48.00,138.00,4194.84,0.2681,UP,70.65,2.9016,1.0599
20261006 200122 118,4196.80,1,4196.70,4197.00,0.30,4196.70,6,4196.60,9,4196.50,10,4196.40,8,4196.30,17,4196.20,19,4196.10,25,4196.00,22,4195.90,20,4195.80,25,4197.00,5,4197.10,6,4197.20,8,4197.30,8,4197.40,9,4197.50,10,4197.60,20,4197.70,18,4197.80,19,4197.90,22,Sell,17,28,45,-11.00,1.00,-12.00,0.70,100.0,4197.50,4197.50,4196.80,4196.80,123,82,205,41.00,64.00,-1.00,1.20,25.0,-45,192,0.5610,0.0909,47.00,137.00,4194.82,0.2617,UP,70.65,2.9016,1.0742
20261006 200122 121,4196.80,1,4196.70,4197.00,0.30,4196.70,6,4196.60,9,4196.50,10,4196.40,8,4196.30,17,4196.20,19,4196.10,25,4196.00,22,4195.90,20,4195.80,25,4197.00,5,4197.10,6,4197.20,8,4197.30,8,4197.40,9,4197.50,10,4197.60,20,4197.70,18,4197.80,19,4197.90,22,Sell,17,29,46,-12.00,1.00,-12.00,0.70,100.0,4197.50,4197.50,4196.80,4196.80,123,82,205,41.00,64.00,-1.00,1.20,25.0,-45,192,0.5610,0.0000,46.00,136.00,4194.82,0.2617,UP,70.65,2.9016,1.0742
20261006 200122 149,4197.00,1,4196.70,4197.00,0.30,4196.70,6,4196.60,9,4196.50,10,4196.40,8,4196.30,17,4196.20,19,4196.10,25,4196.00,22,4195.90,20,4195.80,25,4197.00,5,4197.10,6,4197.20,8,4197.30,8,4197.40,9,4197.50,10,4197.60,20,4197.70,18,4197.80,19,4197.90,22,Buy,18,29,47,-11.00,1.00,-12.00,0.70,71.4,4197.50,4197.50,4196.80,4197.00,123,82,205,41.00,64.00,-1.00,1.20,25.0,-45,192,0.5610,0.0909,47.00,137.00,4194.84,0.2681,UP,70.65,2.9016,1.0742
20261006 200127 970,4197.00,1,4196.80,4197.10,0.30,4196.80,7,4196.70,7,4196.60,9,4196.50,10,4196.40,8,4196.30,17,4196.20,19,4196.10,25,4196.00,22,4195.90,20,4197.10,6,4197.20,9,4197.30,8,4197.40,11,4197.50,10,4197.60,20,4197.70,18,4197.80,19,4197.90,22,4198.00,17,Buy,19,29,48,-10.00,1.00,-12.00,0.70,71.4,4197.50,4197.50,4196.80,4197.00,123,82,205,41.00,64.00,-1.00,1.20,25.0,-45,192,0.5610,0.2000,48.00,138.00,4194.84,0.2681,UP,70.65,2.9016,1.0742
20261006 200129 541,4197.10,1,4196.90,4197.20,0.30,4196.90,6,4196.80,7,4196.70,8,4196.60,9,4196.50,10,4196.40,8,4196.30,17,4196.20,19,4196.10,26,4196.00,22,4197.20,9,4197.30,8,4197.40,11,4197.50,12,4197.60,20,4197.70,18,4197.80,19,4197.90,22,4198.00,17,4198.10,20,Buy,20,29,49,-9.00,1.00,-12.00,0.70,57.1,4197.50,4197.50,4196.80,4197.10,123,82,205,41.00,64.00,-1.00,1.20,25.0,-45,192,0.5610,0.3333,49.00,139.00,4194.85,0.2713,UP,70.65,2.9016,1.0742
20261006 200129 541,4197.10,2,4196.90,4197.20,0.30,4196.90,6,4196.80,7,4196.70,8,4196.60,9,4196.50,10,4196.40,8,4196.30,17,4196.20,19,4196.10,26,4196.00,22,4197.20,9,4197.30,8,4197.40,11,4197.50,12,4197.60,20,4197.70,18,4197.80,19,4197.90,22,4198.00,17,4198.10,20,Buy,22,29,51,-7.00,1.00,-12.00,0.70,57.1,4197.50,4197.50,4196.80,4197.10,123,82,205,41.00,64.00,-1.00,1.20,25.0,-45,192,0.5610,0.7143,51.00,141.00,4194.85,0.2713,UP,70.65,2.9016,1.0742
20261006 200129 541,4197.10,1,4196.90,4197.20,0.30,4196.90,6,4196.80,7,4196.70,8,4196.60,9,4196.50,10,4196.40,8,4196.30,17,4196.20,19,4196.10,26,4196.00,22,4197.20,9,4197.30,8,4197.40,11,4197.50,12,4197.60,20,4197.70,18,4197.80,19,4197.90,22,4198.00,17,4198.10,20,Buy,23,29,52,-6.00,1.00,-12.00,0.70,57.1,4197.50,4197.50,4196.80,4197.10,123,82,205,41.00,64.00,-1.00,1.20,25.0,-45,192,0.5610,1.0000,52.00,142.00,4194.85,0.2713,UP,70.65,2.9016,1.0742
20261006 200130 159,4196.90,1,4196.80,4197.00,0.20,4196.80,1,4196.70,6,4196.60,9,4196.50,10,4196.40,8,4196.30,18,4196.20,19,4196.10,26,4196.00,22,4195.90,20,4197.00,4,4197.10,7,4197.20,9,4197.30,8,4197.40,12,4197.50,12,4197.60,20,4197.70,18,4197.80,19,4197.90,22,Sell,23,30,53,-7.00,1.00,-12.00,0.70,85.7,4197.50,4197.50,4196.80,4196.90,123,82,205,41.00,64.00,-1.00,1.20,25.0,-45,192,0.5610,0.7143,51.00,141.00,4194.83,0.2649,UP,70.65,2.9016,1.0742
20261006 200132 459,4196.90,1,4196.90,4197.10,0.20,4196.90,3,4196.80,5,4196.70,8,4196.60,8,4196.50,10,4196.40,8,4196.30,8,4196.20,19,4196.10,26,4196.00,22,4197.10,2,4197.20,9,4197.30,8,4197.40,12,4197.50,12,4197.60,20,4197.70,18,4197.80,19,4197.90,22,4198.00,17,Buy,24,30,54,-6.00,1.00,-12.00,0.70,85.7,4197.50,4197.50,4196.80,4196.90,123,82,205,41.00,64.00,-1.00,1.20,25.0,-45,192,0.5610,1.0000,52.00,142.00,4194.83,0.2649,UP,70.65,2.9016,1.0742
20261006 200132 635,4197.00,1,4196.90,4197.00,0.10,4196.90,5,4196.80,6,4196.70,8,4196.60,8,4196.50,10,4196.40,8,4196.30,18,4196.20,19,4196.10,26,4196.00,22,4197.20,8,4197.30,7,4197.40,12,4197.50,12,4197.60,20,4197.70,18,4197.80,19,4197.90,22,4198.00,17,4198.10,20,Buy,25,30,55,-5.00,1.00,-12.00,0.70,71.4,4197.50,4197.50,4196.80,4197.00,123,82,205,41.00,64.00,-1.00,1.20,25.0,-45,192,0.5610,1.4000,53.00,143.00,4194.84,0.2681,UP,70.65,2.9016,1.0742
20261006 200133 417,4196.90,1,4196.80,4197.10,0.30,4196.80,6,4196.70,9,4196.60,9,4196.50,10,4196.40,8,4196.30,18,4196.20,19,4196.10,26,4196.00,22,4195.90,20,4197.10,5,4197.20,8,4197.30,8,4197.40,12,4197.50,12,4197.60,20,4197.70,18,4197.80,19,4197.90,22,4198.00,17,Sell,25,31,56,-6.00,1.00,-12.00,0.70,85.7,4197.50,4197.50,4196.80,4196.90,123,82,205,41.00,64.00,-1.00,1.20,25.0,-45,192,0.5610,1.0000,52.00,142.00,4194.83,0.2649,UP,70.65,2.9016,1.0742
20261006 200133 417,4196.90,1,4196.80,4197.10,0.30,4196.80,6,4196.70,9,4196.60,9,4196.50,10,4196.40,8,4196.30,18,4196.20,19,4196.10,26,4196.00,22,4195.90,20,4197.10,5,4197.20,8,4197.30,8,4197.40,12,4197.50,12,4197.60,20,4197.70,18,4197.80,19,4197.90,22,4198.00,17,Sell,25,32,57,-7.00,1.00,-12.00,0.70,85.7,4197.50,4197.50,4196.80,4196.90,123,82,205,41.00,64.00,-1.00,1.20,25.0,-45,192,0.5610,0.7143,51.00,141.00,4194.83,0.2649,UP,70.65,2.9016,1.0742
20261006 200135 676,4196.80,1,4196.70,4196.90,0.20,4196.70,8,4196.60,9,4196.50,10,4196.40,8,4196.30,18,4196.20,19,4196.10,26,4196.00,22,4195.90,20,4195.80,25,4196.90,1,4197.00,6,4197.10,5,4197.20,8,4197.30,7,4197.40,12,4197.50,12,4197.60,20,4197.70,18,4197.80,19,Sell,25,33,58,-8.00,1.00,-12.00,0.70,100.0,4197.50,4197.50,4196.80,4196.80,123,82,205,41.00,64.00,-1.00,1.20,25.0,-45,192,0.5610,0.5000,50.00,140.00,4194.82,0.2617,UP,70.65,2.9016,1.0742
20261006 200137 105,4196.90,1,4196.90,4197.00,0.10,4196.70,7,4196.60,9,4196.50,10,4196.40,8,4196.30,18,4196.20,19,4196.10,26,4196.00,22,4195.90,20,4195.80,25,4197.00,5,4197.10,5,4197.20,8,4197.30,8,4197.40,12,4197.50,12,4197.60,20,4197.70,18,4197.80,19,4197.90,22,Sell,25,34,59,-9.00,1.00,-12.00,0.70,85.7,4197.50,4197.50,4196.80,4196.90,123,82,205,41.00,64.00,-1.00,1.20,25.0,-45,192,0.5610,0.3333,49.00,139.00,4194.83,0.2649,UP,70.65,2.9016,1.0742
20261006 200137 517,4196.80,1,4196.80,4197.00,0.20,4196.70,6,4196.60,9,4196.50,10,4196.40,8,4196.30,18,4196.20,19,4196.10,26,4196.00,22,4195.90,20,4195.80,25,4197.00,6,4197.10,6,4197.20,9,4197.30,8,4197.40,12,4197.50,12,4197.60,20,4197.70,18,4197.80,19,4197.90,22,Sell,25,35,60,-10.00,1.00,-12.00,0.70,100.0,4197.50,4197.50,4196.80,4196.80,123,82,205,41.00,64.00,-1.00,1.20,25.0,-45,192,0.5610,0.2000,48.00,138.00,4194.82,0.2617,UP,70.65,2.9016,1.0742
20261006 200137 517,4196.70,1,4196.80,4197.00,0.20,4196.70,6,4196.60,9,4196.50,10,4196.40,8,4196.30,18,4196.20,19,4196.10,26,4196.00,22,4195.90,20,4195.80,25,4197.00,6,4197.10,6,4197.20,9,4197.30,8,4197.40,12,4197.50,12,4197.60,20,4197.70,18,4197.80,19,4197.90,22,Sell,25,36,61,-11.00,1.00,-12.00,0.80,100.0,4197.50,4197.50,4196.70,4196.70,123,82,205,41.00,64.00,-1.00,1.20,25.0,-45,192,0.5610,0.0909,47.00,137.00,4194.81,0.2586,UP,70.65,2.9016,1.0813
20261006 200137 517,4196.70,1,4196.80,4197.00,0.20,4196.70,6,4196.60,9,4196.50,10,4196.40,8,4196.30,18,4196.20,19,4196.10,26,4196.00,22,4195.90,20,4195.80,25,4197.00,6,4197.10,6,4197.20,9,4197.30,8,4197.40,12,4197.50,12,4197.60,20,4197.70,18,4197.80,19,4197.90,22,Sell,25,37,62,-12.00,1.00,-12.00,0.80,100.0,4197.50,4197.50,4196.70,4196.70,123,82,205,41.00,64.00,-1.00,1.20,25.0,-45,192,0.5610,0.0000,46.00,136.00,4194.81,0.2586,UP,70.65,2.9016,1.0813
20261006 200137 517,4196.70,1,4196.80,4197.00,0.20,4196.70,6,4196.60,9,4196.50,10,4196.40,8,4196.30,18,4196.20,19,4196.10,26,4196.00,22,4195.90,20,4195.80,25,4197.00,6,4197.10,6,4197.20,9,4197.30,8,4197.40,12,4197.50,12,4197.60,20,4197.70,18,4197.80,19,4197.90,22,Sell,25,38,63,-13.00,1.00,-13.00,0.80,100.0,4197.50,4197.50,4196.70,4196.70,123,82,205,41.00,64.00,-1.00,1.20,25.0,-45,192,0.5610,0.0000,45.00,135.00,4194.81,0.2586,UP,70.65,2.9016,1.0813
20261006 200137 517,4196.70,1,4196.80,4197.00,0.20,4196.70,6,4196.60,9,4196.50,10,4196.40,8,4196.30,18,4196.20,19,4196.10,26,4196.00,22,4195.90,20,4195.80,25,4197.00,6,4197.10,6,4197.20,9,4197.30,8,4197.40,12,4197.50,12,4197.60,20,4197.70,18,4197.80,19,4197.90,22,Sell,25,39,64,-14.00,1.00,-14.00,0.80,100.0,4197.50,4197.50,4196.70,4196.70,123,82,205,41.00,64.00,-1.00,1.20,25.0,-45,192,0.5610,0.0000,44.00,134.00,4194.81,0.2586,UP,70.65,2.9016,1.0813
20261006 200137 517,4196.70,1,4196.80,4197.00,0.20,4196.70,6,4196.60,9,4196.50,10,4196.40,8,4196.30,18,4196.20,19,4196.10,26,4196.00,22,4195.90,20,4195.80,25,4197.00,6,4197.10,6,4197.20,9,4197.30,8,4197.40,12,4197.50,12,4197.60,20,4197.70,18,4197.80,19,4197.90,22,Sell,25,40,65,-15.00,1.00,-15.00,0.80,100.0,4197.50,4197.50,4196.70,4196.70,123,82,205,41.00,64.00,-1.00,1.20,25.0,-45,192,0.5610,0.0000,43.00,133.00,4194.81,0.2586,UP,70.65,2.9016,1.0813
20261006 200141 251,4196.60,1,4196.50,4196.70,0.20,4196.50,6,4196.40,8,4196.30,8,4196.20,9,4196.10,26,4196.00,22,4195.90,20,4195.80,25,4195.70,19,4195.60,18,4196.70,1,4196.80,5,4196.90,5,4197.00,7,4197.10,7,4197.20,8,4197.30,8,4197.40,22,4197.50,22,4197.60,20,Sell,25,41,66,-16.00,1.00,-16.00,0.90,100.0,4197.50,4197.50,4196.60,4196.60,123,82,205,41.00,64.00,-1.00,1.20,25.0,-45,192,0.5610,0.0000,42.00,132.00,4194.80,0.2554,UP,70.65,2.9016,1.0885
20261006 200141 251,4196.50,1,4196.50,4196.70,0.20,4196.50,6,4196.40,8,4196.30,8,4196.20,9,4196.10,26,4196.00,22,4195.90,20,4195.80,25,4195.70,19,4195.60,18,4196.70,1,4196.80,5,4196.90,5,4197.00,7,4197.10,7,4197.20,8,4197.30,8,4197.40,22,4197.50,22,4197.60,20,Sell,25,42,67,-17.00,1.00,-17.00,1.00,100.0,4197.50,4197.50,4196.50,4196.50,123,82,205,41.00,64.00,-1.00,1.20,25.0,-45,192,0.5610,0.0000,41.00,131.00,4194.79,0.2522,UP,70.65,2.9016,1.0956
20261006 200141 251,4196.50,1,4196.50,4196.70,0.20,4196.50,6,4196.40,8,4196.30,8,4196.20,9,4196.10,26,4196.00,22,4195.90,20,4195.80,25,4195.70,19,4195.60,18,4196.70,1,4196.80,5,4196.90,5,4197.00,7,4197.10,7,4197.20,8,4197.30,8,4197.40,22,4197.50,22,4197.60,20,Sell,25,43,68,-18.00,1.00,-18.00,1.00,100.0,4197.50,4197.50,4196.50,4196.50,123,82,205,41.00,64.00,-1.00,1.20,25.0,-45,192,0.5610,0.0000,40.00,130.00,4194.79,0.2522,UP,70.65,2.9016,1.0956
20261006 200141 251,4196.50,1,4196.50,4196.70,0.20,4196.50,6,4196.40,8,4196.30,8,4196.20,9,4196.10,26,4196.00,22,4195.90,20,4195.80,25,4195.70,19,4195.60,18,4196.70,1,4196.80,5,4196.90,5,4197.00,7,4197.10,7,4197.20,8,4197.30,8,4197.40,22,4197.50,22,4197.60,20,Sell,25,44,69,-19.00,1.00,-19.00,1.00,100.0,4197.50,4197.50,4196.50,4196.50,123,82,205,41.00,64.00,-1.00,1.20,25.0,-45,192,0.5610,0.0000,39.00,129.00,4194.79,0.2522,UP,70.65,2.9016,1.0956
20261006 200141 273,4196.50,1,4196.50,4196.70,0.20,4196.50,6,4196.40,8,4196.30,8,4196.20,9,4196.10,26,4196.00,22,4195.90,20,4195.80,25,4195.70,19,4195.60,18,4196.70,1,4196.80,5,4196.90,5,4197.00,7,4197.10,7,4197.20,8,4197.30,8,4197.40,22,4197.50,22,4197.60,20,Sell,25,45,70,-20.00,1.00,-20.00,1.00,100.0,4197.50,4197.50,4196.50,4196.50,123,82,205,41.00,64.00,-1.00,1.20,25.0,-45,192,0.5610,0.0000,38.00,128.00,4194.79,0.2522,UP,70.65,2.9016,1.0956
20261006 200142 115,4196.50,1,4196.50,4196.70,0.20,4196.50,5,4196.40,8,4196.30,8,4196.20,9,4196.10,16,4196.00,22,4195.90,20,4195.80,25,4195.70,19,4195.60,18,4196.70,2,4196.80,5,4196.90,5,4197.00,7,4197.10,7,4197.20,8,4197.30,8,4197.40,22,4197.50,22,4197.60,20,Sell,25,46,71,-21.00,1.00,-21.00,1.00,100.0,4197.50,4197.50,4196.50,4196.50,123,82,205,41.00,64.00,-1.00,1.20,25.0,-45,192,0.5610,0.0000,37.00,127.00,4194.79,0.2522,UP,70.65,2.9016,1.0956
20261006 200142 544,4196.50,1,4196.50,4196.60,0.10,4196.50,3,4196.40,7,4196.30,8,4196.20,9,4196.10,16,4196.00,22,4195.90,20,4195.80,25,4195.70,19,4195.60,18,4196.60,1,4196.70,4,4196.80,5,4196.90,6,4197.00,7,4197.10,7,4197.20,8,4197.30,8,4197.40,22,4197.50,22,Sell,25,47,72,-22.00,1.00,-22.00,1.00,100.0,4197.50,4197.50,4196.50,4196.50,123,82,205,41.00,64.00,-1.00,1.20,25.0,-45,192,0.5610,0.0000,36.00,126.00,4194.79,0.2522,UP,70.65,2.9016,1.0956
20261006 200142 649,4196.50,1,4196.50,4196.60,0.10,4196.50,2,4196.40,7,4196.30,8,4196.20,9,4196.10,16,4196.00,22,4195.90,20,4195.80,25,4195.70,19,4195.60,18,4196.60,1,4196.70,4,4196.80,5,4196.90,6,4197.00,7,4197.10,7,4197.20,8,4197.30,8,4197.40,22,4197.50,22,Sell,25,48,73,-23.00,1.00,-23.00,1.00,100.0,4197.50,4197.50,4196.50,4196.50,123,82,205,41.00,64.00,-1.00,1.20,25.0,-45,192,0.5610,0.0000,35.00,125.00,4194.79,0.2522,UP,70.65,2.9016,1.0956
20261006 200143 116,4196.50,1,4196.50,4196.60,0.10,4196.50,1,4196.40,5,4196.30,8,4196.20,9,4196.10,16,4196.00,22,4195.90,20,4195.80,25,4195.70,19,4195.60,18,4196.60,1,4196.70,4,4196.80,5,4196.90,6,4197.00,8,4197.10,7,4197.20,8,4197.30,8,4197.40,22,4197.50,22,Sell,25,49,74,-24.00,1.00,-24.00,1.00,100.0,4197.50,4197.50,4196.50,4196.50,123,82,205,41.00,64.00,-1.00,1.20,25.0,-45,192,0.5610,0.0000,34.00,124.00,4194.79,0.2522,UP,70.65,2.9016,1.0956
20261006 200143 116,4196.50,1,4196.50,4196.60,0.10,4196.50,1,4196.40,5,4196.30,8,4196.20,9,4196.10,16,4196.00,22,4195.90,20,4195.80,25,4195.70,19,4195.60,18,4196.60,1,4196.70,4,4196.80,5,4196.90,6,4197.00,8,4197.10,7,4197.20,8,4197.30,8,4197.40,22,4197.50,22,Sell,25,50,75,-25.00,1.00,-25.00,1.00,100.0,4197.50,4197.50,4196.50,4196.50,123,82,205,41.00,64.00,-1.00,1.20,25.0,-45,192,0.5610,0.0000,33.00,123.00,4194.79,0.2522,UP,70.65,2.9016,1.0956
20261006 200143 116,4196.40,1,4196.50,4196.60,0.10,4196.50,1,4196.40,5,4196.30,8,4196.20,9,4196.10,16,4196.00,22,4195.90,20,4195.80,25,4195.70,19,4195.60,18,4196.60,1,4196.70,4,4196.80,5,4196.90,6,4197.00,8,4197.10,7,4197.20,8,4197.30,8,4197.40,22,4197.50,22,Sell,25,51,76,-26.00,1.00,-26.00,1.10,100.0,4197.50,4197.50,4196.40,4196.40,123,82,205,41.00,64.00,-1.00,1.20,25.0,-45,192,0.5610,0.0000,32.00,122.00,4194.78,0.2490,UP,70.65,2.9016,1.1027
20261006 200143 123,4196.50,1,4196.50,4196.60,0.10,4196.50,1,4196.40,5,4196.30,8,4196.20,9,4196.10,16,4196.00,22,4195.90,20,4195.80,25,4195.70,19,4195.60,18,4196.60,1,4196.70,4,4196.80,5,4196.90,6,4197.00,8,4197.10,7,4197.20,8,4197.30,8,4197.40,22,4197.50,22,Sell,25,52,77,-27.00,1.00,-27.00,1.10,90.9,4197.50,4197.50,4196.40,4196.50,123,82,205,41.00,64.00,-1.00,1.20,25.0,-45,192,0.5610,0.0000,31.00,121.00,4194.79,0.2522,UP,70.65,2.9016,1.1027
20261006 200143 599,4196.60,1,4196.50,4196.70,0.20,4196.50,1,4196.40,5,4196.30,8,4196.20,9,4196.10,16,4196.00,22,4195.90,20,4195.80,25,4195.70,19,4195.60,18,4196.70,4,4196.80,5,4196.90,6,4197.00,8,4197.10,7,4197.20,8,4197.30,8,4197.40,22,4197.50,22,4197.60,20,Buy,26,52,78,-26.00,1.00,-27.00,1.10,81.8,4197.50,4197.50,4196.40,4196.60,123,82,205,41.00,64.00,-1.00,1.20,25.0,-45,192,0.5610,0.0385,32.00,122.00,4194.80,0.2554,UP,70.65,2.9016,1.1027
20261006 200143 734,4196.50,1,4196.50,4196.70,0.20,4196.50,4,4196.40,5,4196.30,8,4196.20,9,4196.10,16,4196.00,22,4195.90,20,4195.80,25,4195.70,19,4195.60,18,4196.70,1,4196.80,5,4196.90,6,4197.00,8,4197.10,7,4197.20,8,4197.30,8,4197.40,22,4197.50,22,4197.60,20,Sell,26,53,79,-27.00,1.00,-27.00,1.10,90.9,4197.50,4197.50,4196.40,4196.50,123,82,205,41.00,64.00,-1.00,1.20,25.0,-45,192,0.5610,0.0000,31.00,121.00,4194.79,0.2522,UP,70.65,2.9016,1.1027
20261006 200143 758,4196.50,1,4196.50,4196.70,0.20,4196.50,5,4196.40,5,4196.30,8,4196.20,9,4196.10,16,4196.00,22,4195.90,20,4195.80,25,4195.70,19,4195.60,18,4196.70,1,4196.80,5,4196.90,6,4197.00,8,4197.10,7,4197.20,8,4197.30,8,4197.40,22,4197.50,22,4197.60,20,Sell,26,54,80,-28.00,1.00,-28.00,1.10,90.9,4197.50,4197.50,4196.40,4196.50,123,82,205,41.00,64.00,-1.00,1.20,25.0,-45,192,0.5610,0.0000,30.00,120.00,4194.79,0.2522,UP,70.65,2.9016,1.1027
20261006 200143 758,4196.50,2,4196.50,4196.70,0.20,4196.50,5,4196.40,5,4196.30,8,4196.20,9,4196.10,16,4196.00,22,4195.90,20,4195.80,25,4195.70,19,4195.60,18,4196.70,1,4196.80,5,4196.90,6,4197.00,8,4197.10,7,4197.20,8,4197.30,8,4197.40,22,4197.50,22,4197.60,20,Sell,26,56,82,-30.00,1.00,-30.00,1.10,90.9,4197.50,4197.50,4196.40,4196.50,123,82,205,41.00,64.00,-1.00,1.20,25.0,-45,192,0.5610,0.0000,28.00,118.00,4194.79,0.2522,UP,70.65,2.9016,1.1027
20261006 200143 764,4196.50,1,4196.50,4196.70,0.20,4196.50,5,4196.40,5,4196.30,8,4196.20,9,4196.10,16,4196.00,22,4195.90,20,4195.80,25,4195.70,19,4195.60,18,4196.70,1,4196.80,5,4196.90,6,4197.00,8,4197.10,7,4197.20,8,4197.30,8,4197.40,22,4197.50,22,4197.60,20,Sell,26,57,83,-31.00,1.00,-31.00,1.10,90.9,4197.50,4197.50,4196.40,4196.50,123,82,205,41.00,64.00,-1.00,1.20,25.0,-45,192,0.5610,0.0000,27.00,117.00,4194.79,0.2522,UP,70.65,2.9016,1.1027
20261006 200144 011,4196.50,1,4196.50,4196.70,0.20,4196.50,4,4196.40,5,4196.30,8,4196.20,9,4196.10,16,4196.00,22,4195.90,20,4195.80,25,4195.70,19,4195.60,18,4196.70,1,4196.80,5,4196.90,6,4197.00,8,4197.10,7,4197.20,8,4197.30,8,4197.40,22,4197.50,22,4197.60,20,Sell,26,58,84,-32.00,1.00,-32.00,1.10,90.9,4197.50,4197.50,4196.40,4196.50,123,82,205,41.00,64.00,-1.00,1.20,25.0,-45,192,0.5610,0.0000,26.00,116.00,4194.79,0.2522,UP,70.65,2.9016,1.1027
20261006 200145 231,4196.60,1,4196.60,4196.80,0.20,4196.60,5,4196.50,7,4196.40,6,4196.30,8,4196.20,9,4196.10,11,4196.00,22,4195.90,20,4195.80,25,4195.70,19,4196.80,1,4196.90,3,4197.00,21,4197.10,7,4197.20,8,4197.30,8,4197.40,22,4197.50,22,4197.60,20,4197.70,18,Sell,26,59,85,-33.00,1.00,-33.00,1.10,81.8,4197.50,4197.50,4196.40,4196.60,123,82,205,41.00,64.00,-1.00,1.20,25.0,-45,192,0.5610,0.0000,25.00,115.00,4194.80,0.2554,UP,70.65,2.9016,1.1027
20261006 200147 288,4197.00,1,4196.70,4197.00,0.30,4196.70,5,4196.60,6,4196.50,8,4196.40,7,4196.30,8,4196.20,8,4196.10,21,4196.00,22,4195.90,20,4195.80,25,4197.00,20,4197.10,5,4197.20,8,4197.30,8,4197.40,22,4197.50,22,4197.60,20,4197.70,18,4197.80,19,4197.90,22,Buy,27,59,86,-32.00,1.00,-33.00,1.10,45.5,4197.50,4197.50,4196.40,4197.00,123,82,205,41.00,64.00,-1.00,1.20,25.0,-45,192,0.5610,0.0313,26.00,116.00,4194.84,0.2681,UP,70.65,2.9016,1.1027
20261006 200148 919,4197.00,1,4196.90,4197.00,0.10,4196.90,3,4196.80,7,4196.70,6,4196.60,7,4196.50,8,4196.40,7,4196.30,8,4196.20,18,4196.10,21,4196.00,22,4197.00,14,4197.10,3,4197.20,8,4197.30,7,4197.40,12,4197.50,22,4197.60,20,4197.70,18,4197.80,19,4197.90,22,Buy,28,59,87,-31.00,1.00,-33.00,1.10,45.5,4197.50,4197.50,4196.40,4197.00,123,82,205,41.00,64.00,-1.00,1.20,25.0,-45,192,0.5610,0.0645,27.00,117.00,4194.84,0.2681,UP,70.65,2.9016,1.1027
20261006 200148 919,4197.00,5,4196.90,4197.00,0.10,4196.90,3,4196.80,7,4196.70,6,4196.60,7,4196.50,8,4196.40,7,4196.30,8,4196.20,18,4196.10,21,4196.00,22,4197.00,14,4197.10,3,4197.20,8,4197.30,7,4197.40,12,4197.50,22,4197.60,20,4197.70,18,4197.80,19,4197.90,22,Buy,33,59,92,-26.00,1.00,-33.00,1.10,45.5,4197.50,4197.50,4196.40,4197.00,123,82,205,41.00,64.00,-1.00,1.20,25.0,-45,192,0.5610,0.2692,32.00,122.00,4194.84,0.2681,UP,70.65,2.9016,1.1027
20261006 200148 919,4197.00,2,4196.90,4197.00,0.10,4196.90,3,4196.80,7,4196.70,6,4196.60,7,4196.50,8,4196.40,7,4196.30,8,4196.20,18,4196.10,21,4196.00,22,4197.00,14,4197.10,3,4197.20,8,4197.30,7,4197.40,12,4197.50,22,4197.60,20,4197.70,18,4197.80,19,4197.90,22,Buy,35,59,94,-24.00,1.00,-33.00,1.10,45.5,4197.50,4197.50,4196.40,4197.00,123,82,205,41.00,64.00,-1.00,1.20,25.0,-45,192,0.5610,0.3750,34.00,124.00,4194.84,0.2681,UP,70.65,2.9016,1.1027
20261006 200148 919,4197.00,11,4196.90,4197.00,0.10,4196.90,3,4196.80,7,4196.70,6,4196.60,7,4196.50,8,4196.40,7,4196.30,8,4196.20,18,4196.10,21,4196.00,22,4197.00,14,4197.10,3,4197.20,8,4197.30,7,4197.40,12,4197.50,22,4197.60,20,4197.70,18,4197.80,19,4197.90,22,Buy,46,59,105,-13.00,1.00,-33.00,1.10,45.5,4197.50,4197.50,4196.40,4197.00,123,82,205,41.00,64.00,-1.00,1.20,25.0,-45,192,0.5610,1.5385,45.00,135.00,4194.84,0.2681,UP,70.65,2.9016,1.1027
20261006 200148 919,4197.00,2,4196.90,4197.00,0.10,4196.90,3,4196.80,7,4196.70,6,4196.60,7,4196.50,8,4196.40,7,4196.30,8,4196.20,18,4196.10,21,4196.00,22,4197.00,14,4197.10,3,4197.20,8,4197.30,7,4197.40,12,4197.50,22,4197.60,20,4197.70,18,4197.80,19,4197.90,22,Buy,48,59,107,-11.00,1.00,-33.00,1.10,45.5,4197.50,4197.50,4196.40,4197.00,123,82,205,41.00,64.00,-1.00,1.20,25.0,-45,192,0.5610,2.0000,47.00,137.00,4194.84,0.2681,UP,70.65,2.9016,1.1027
20261006 200148 921,4196.90,1,4196.90,4197.00,0.10,4196.90,3,4196.80,7,4196.70,6,4196.60,7,4196.50,8,4196.40,7,4196.30,8,4196.20,18,4196.10,21,4196.00,22,4197.00,14,4197.10,3,4197.20,8,4197.30,7,4197.40,12,4197.50,22,4197.60,20,4197.70,18,4197.80,19,4197.90,22,Sell,48,60,108,-12.00,1.00,-33.00,1.10,54.5,4197.50,4197.50,4196.40,4196.90,123,82,205,41.00,64.00,-1.00,1.20,25.0,-45,192,0.5610,1.7500,46.00,136.00,4194.83,0.2649,UP,70.65,2.9016,1.1027
20261006 200148 921,4196.90,2,4196.90,4197.00,0.10,4196.90,3,4196.80,7,4196.70,6,4196.60,7,4196.50,8,4196.40,7,4196.30,8,4196.20,18,4196.10,21,4196.00,22,4197.00,14,4197.10,3,4197.20,8,4197.30,7,4197.40,12,4197.50,22,4197.60,20,4197.70,18,4197.80,19,4197.90,22,Sell,48,62,110,-14.00,1.00,-33.00,1.10,54.5,4197.50,4197.50,4196.40,4196.90,123,82,205,41.00,64.00,-1.00,1.20,25.0,-45,192,0.5610,1.3571,44.00,134.00,4194.83,0.2649,UP,70.65,2.9016,1.1027
20261006 200149 985,4197.00,3,4196.90,4197.00,0.10,4196.90,2,4196.80,8,4196.70,7,4196.60,7,4196.50,8,4196.40,7,4196.30,8,4196.20,18,4196.10,21,4196.00,22,4197.00,1,4197.10,3,4197.20,7,4197.30,7,4197.40,11,4197.50,21,4197.60,20,4197.70,18,4197.80,19,4197.90,22,Buy,51,62,113,-11.00,1.00,-33.00,1.10,45.5,4197.50,4197.50,4196.40,4197.00,123,82,205,41.00,64.00,-1.00,1.20,25.0,-45,192,0.5610,2.0000,47.00,137.00,4194.84,0.2681,UP,70.65,2.9016,1.1027
20261006 200149 985,4197.00,3,4196.90,4197.00,0.10,4196.90,2,4196.80,8,4196.70,7,4196.60,7,4196.50,8,4196.40,7,4196.30,8,4196.20,18,4196.10,21,4196.00,22,4197.00,1,4197.10,3,4197.20,7,4197.30,7,4197.40,11,4197.50,21,4197.60,20,4197.70,18,4197.80,19,4197.90,22,Buy,54,62,116,-8.00,1.00,-33.00,1.10,45.5,4197.50,4197.50,4196.40,4197.00,123,82,205,41.00,64.00,-1.00,1.20,25.0,-45,192,0.5610,3.1250,50.00,140.00,4194.84,0.2681,UP,70.65,2.9016,1.1027
20261006 200153 921,4196.90,2,4196.90,4197.00,0.10,4196.90,1,4196.80,6,4196.70,7,4196.60,7,4196.50,8,4196.40,7,4196.30,8,4196.20,18,4196.10,21,4196.00,22,4197.00,1,4197.20,7,4197.30,7,4197.40,11,4197.50,21,4197.60,20,4197.70,18,4197.80,19,4197.90,22,4198.00,17,Sell,54,64,118,-10.00,1.00,-33.00,1.10,54.5,4197.50,4197.50,4196.40,4196.90,123,82,205,41.00,64.00,-1.00,1.20,25.0,-45,192,0.5610,2.3000,48.00,138.00,4194.83,0.2649,UP,70.65,2.9016,1.1027
20261006 200154 132,4196.90,1,4196.80,4197.00,0.20,4196.80,6,4196.70,7,4196.60,7,4196.50,8,4196.40,7,4196.30,8,4196.20,18,4196.10,21,4196.00,22,4195.90,20,4197.00,1,4197.20,7,4197.30,7,4197.40,11,4197.50,21,4197.60,20,4197.70,18,4197.80,19,4197.90,22,4198.00,17,Sell,54,65,119,-11.00,1.00,-33.00,1.10,54.5,4197.50,4197.50,4196.40,4196.90,123,82,205,41.00,64.00,-1.00,1.20,25.0,-45,192,0.5610,2.0000,47.00,137.00,4194.83,0.2649,UP,70.65,2.9016,1.1027
20261006 200155 344,4196.90,1,4196.90,4197.00,0.10,4196.90,3,4196.80,6,4196.70,7,4196.60,7,4196.50,8,4196.40,7,4196.30,8,4196.20,18,4196.10,21,4196.00,22,4197.00,1,4197.20,7,4197.30,7,4197.40,11,4197.50,21,4197.60,20,4197.70,18,4197.80,19,4197.90,22,4198.00,17,Sell,54,66,120,-12.00,1.00,-33.00,1.10,54.5,4197.50,4197.50,4196.40,4196.90,123,82,205,41.00,64.00,-1.00,1.20,25.0,-45,192,0.5610,1.7500,46.00,136.00,4194.83,0.2649,UP,70.65,2.9016,1.1027
20261006 200156 426,4197.00,1,4196.80,4197.00,0.20,4196.80,6,4196.70,7,4196.60,7,4196.50,8,4196.40,7,4196.30,8,4196.20,18,4196.10,21,4196.00,22,4195.90,20,4197.00,14,4197.10,4,4197.20,9,4197.30,7,4197.40,11,4197.50,21,4197.60,20,4197.70,18,4197.80,19,4197.90,22,Buy,55,66,121,-11.00,1.00,-33.00,1.10,45.5,4197.50,4197.50,4196.40,4197.00,123,82,205,41.00,64.00,-1.00,1.20,25.0,-45,192,0.5610,2.0000,47.00,137.00,4194.84,0.2681,UP,70.65,2.9016,1.1027
20261006 200156 620,4197.00,1,4196.80,4197.00,0.20,4196.80,6,4196.70,7,4196.60,7,4196.50,8,4196.40,7,4196.30,8,4196.20,18,4196.10,21,4196.00,22,4195.90,20,4197.00,13,4197.10,3,4197.20,9,4197.30,7,4197.40,11,4197.50,21,4197.60,20,4197.70,18,4197.80,19,4197.90,22,Buy,56,66,122,-10.00,1.00,-33.00,1.10,45.5,4197.50,4197.50,4196.40,4197.00,123,82,205,41.00,64.00,-1.00,1.20,25.0,-45,192,0.5610,2.3000,48.00,138.00,4194.84,0.2681,UP,70.65,2.9016,1.1027
20261006 200157 357,4196.80,1,4196.80,4197.00,0.20,4196.80,5,4196.70,7,4196.60,7,4196.50,8,4196.40,7,4196.30,8,4196.20,18,4196.10,21,4196.00,22,4195.90,20,4197.00,13,4197.10,3,4197.20,9,4197.30,7,4197.40,11,4197.50,21,4197.60,20,4197.70,18,4197.80,19,4197.90,22,Sell,56,67,123,-11.00,1.00,-33.00,1.10,63.6,4197.50,4197.50,4196.40,4196.80,123,82,205,41.00,64.00,-1.00,1.20,25.0,-45,192,0.5610,2.0000,47.00,137.00,4194.82,0.2617,UP,70.65,2.9016,1.1027
20261006 200159 723,4197.00,10,4196.80,4197.00,0.20,4196.80,2,4196.70,5,4196.60,6,4196.50,7,4196.40,7,4196.30,8,4196.20,18,4196.10,21,4196.00,22,4195.90,20,4197.00,14,4197.10,3,4197.20,7,4197.30,7,4197.40,11,4197.50,21,4197.60,20,4197.70,18,4197.80,19,4197.90,22,Buy,66,67,133,-1.00,1.00,-33.00,1.10,45.5,4197.50,4197.50,4196.40,4197.00,123,82,205,41.00,64.00,-1.00,1.20,25.0,-45,192,0.5610,32.0000,57.00,147.00,4194.84,0.2681,UP,70.65,2.9016,1.1027
20261006 200159 724,4197.00,13,4196.80,4197.00,0.20,4196.80,2,4196.70,5,4196.60,6,4196.50,7,4196.40,7,4196.30,8,4196.20,18,4196.10,21,4196.00,22,4195.90,20,4197.00,14,4197.10,3,4197.20,7,4197.30,7,4197.40,11,4197.50,21,4197.60,20,4197.70,18,4197.80,19,4197.90,22,Buy,79,67,146,12.00,12.00,-33.00,1.10,45.5,4197.50,4197.50,4196.40,4197.00,123,82,205,41.00,64.00,-1.00,1.20,25.0,-45,192,0.5610,0.0000,70.00,160.00,4194.84,0.2681,UP,70.65,2.9016,1.1027
20261006 200159 724,4197.00,2,4196.80,4197.00,0.20,4196.80,2,4196.70,5,4196.60,6,4196.50,7,4196.40,7,4196.30,8,4196.20,18,4196.10,21,4196.00,22,4195.90,20,4197.00,14,4197.10,3,4197.20,7,4197.30,7,4197.40,11,4197.50,21,4197.60,20,4197.70,18,4197.80,19,4197.90,22,Buy,81,67,148,14.00,14.00,-33.00,1.10,45.5,4197.50,4197.50,4196.40,4197.00,123,82,205,41.00,64.00,-1.00,1.20,25.0,-45,192,0.5610,0.0000,72.00,162.00,4194.84,0.2681,UP,70.65,2.9016,1.1027
20261006 200159 724,4197.00,2,4196.80,4197.00,0.20,4196.80,2,4196.70,5,4196.60,6,4196.50,7,4196.40,7,4196.30,8,4196.20,18,4196.10,21,4196.00,22,4195.90,20,4197.00,14,4197.10,3,4197.20,7,4197.30,7,4197.40,11,4197.50,21,4197.60,20,4197.70,18,4197.80,19,4197.90,22,Buy,83,67,150,16.00,16.00,-33.00,1.10,45.5,4197.50,4197.50,4196.40,4197.00,123,82,205,41.00,64.00,-1.00,1.20,25.0,-45,192,0.5610,0.0000,74.00,164.00,4194.84,0.2681,UP,70.65,2.9016,1.1027
20261006 200159 725,4197.00,1,4196.80,4197.00,0.20,4196.80,2,4196.70,5,4196.60,6,4196.50,7,4196.40,7,4196.30,8,4196.20,18,4196.10,21,4196.00,22,4195.90,20,4197.00,14,4197.10,3,4197.20,7,4197.30,7,4197.40,11,4197.50,21,4197.60,20,4197.70,18,4197.80,19,4197.90,22,Buy,84,67,151,17.00,17.00,-33.00,1.10,45.5,4197.50,4197.50,4196.40,4197.00,123,82,205,41.00,64.00,-1.00,1.20,25.0,-45,192,0.5610,0.0000,75.00,165.00,4194.84,0.2681,UP,70.65,2.9016,1.1027
20261006 200159 725,4196.90,2,4196.80,4197.00,0.20,4196.80,2,4196.70,5,4196.60,6,4196.50,7,4196.40,7,4196.30,8,4196.20,18,4196.10,21,4196.00,22,4195.90,20,4197.00,14,4197.10,3,4197.20,7,4197.30,7,4197.40,11,4197.50,21,4197.60,20,4197.70,18,4197.80,19,4197.90,22,Sell,84,69,153,15.00,17.00,-33.00,1.10,54.5,4197.50,4197.50,4196.40,4196.90,123,82,205,41.00,64.00,-1.00,1.20,25.0,-45,192,0.5610,0.1333,73.00,163.00,4194.83,0.2649,UP,70.65,2.9016,1.1027
20261006 200159 725,4196.90,2,4196.80,4197.00,0.20,4196.80,2,4196.70,5,4196.60,6,4196.50,7,4196.40,7,4196.30,8,4196.20,18,4196.10,21,4196.00,22,4195.90,20,4197.00,14,4197.10,3,4197.20,7,4197.30,7,4197.40,11,4197.50,21,4197.60,20,4197.70,18,4197.80,19,4197.90,22,Sell,84,71,155,13.00,17.00,-33.00,1.10,54.5,4197.50,4197.50,4196.40,4196.90,123,82,205,41.00,64.00,-1.00,1.20,25.0,-45,192,0.5610,0.3077,71.00,161.00,4194.83,0.2649,UP,70.65,2.9016,1.1027
20261006 200159 725,4196.90,2,4196.80,4197.00,0.20,4196.80,2,4196.70,5,4196.60,6,4196.50,7,4196.40,7,4196.30,8,4196.20,18,4196.10,21,4196.00,22,4195.90,20,4197.00,14,4197.10,3,4197.20,7,4197.30,7,4197.40,11,4197.50,21,4197.60,20,4197.70,18,4197.80,19,4197.90,22,Sell,84,73,157,11.00,17.00,-33.00,1.10,54.5,4197.50,4197.50,4196.40,4196.90,123,82,205,41.00,64.00,-1.00,1.20,25.0,-45,192,0.5610,0.5455,69.00,159.00,4194.83,0.2649,UP,70.65,2.9016,1.1027
20261006 200159 726,4197.00,1,4196.80,4197.00,0.20,4196.80,2,4196.70,5,4196.60,6,4196.50,7,4196.40,7,4196.30,8,4196.20,18,4196.10,21,4196.00,22,4195.90,20,4197.00,14,4197.10,3,4197.20,7,4197.30,7,4197.40,11,4197.50,21,4197.60,20,4197.70,18,4197.80,19,4197.90,22,Buy,85,73,158,12.00,17.00,-33.00,1.10,45.5,4197.50,4197.50,4196.40,4197.00,123,82,205,41.00,64.00,-1.00,1.20,25.0,-45,192,0.5610,0.4167,70.00,160.00,4194.84,0.2681,UP,70.65,2.9016,1.1027
20261006 200159 726,4197.00,1,4196.80,4197.00,0.20,4196.80,2,4196.70,5,4196.60,6,4196.50,7,4196.40,7,4196.30,8,4196.20,18,4196.10,21,4196.00,22,4195.90,20,4197.00,14,4197.10,3,4197.20,7,4197.30,7,4197.40,11,4197.50,21,4197.60,20,4197.70,18,4197.80,19,4197.90,22,Buy,86,73,159,13.00,17.00,-33.00,1.10,45.5,4197.50,4197.50,4196.40,4197.00,123,82,205,41.00,64.00,-1.00,1.20,25.0,-45,192,0.5610,0.3077,71.00,161.00,4194.84,0.2681,UP,70.65,2.9016,1.1027
20261006 200159 728,4196.90,1,4196.80,4197.00,0.20,4196.80,2,4196.70,5,4196.60,6,4196.50,7,4196.40,7,4196.30,8,4196.20,18,4196.10,21,4196.00,22,4195.90,20,4197.00,14,4197.10,3,4197.20,7,4197.30,7,4197.40,11,4197.50,21,4197.60,20,4197.70,18,4197.80,19,4197.90,22,Buy,87,73,160,14.00,17.00,-33.00,1.10,54.5,4197.50,4197.50,4196.40,4196.90,123,82,205,41.00,64.00,-1.00,1.20,25.0,-45,192,0.5610,0.2143,72.00,162.00,4194.83,0.2649,UP,70.65,2.9016,1.1027
20261006 200200 179,4196.90,1,4196.80,4196.90,0.10,4196.80,5,4196.70,5,4196.60,6,4196.50,7,4196.40,7,4196.30,8,4196.20,18,4196.10,21,4196.00,22,4195.90,20,4197.00,14,4197.10,3,4197.20,7,4197.30,7,4197.40,11,4197.50,22,4197.60,20,4197.70,18,4197.80,19,4197.90,22,Buy,1,0,1,1.00,1.00,1.00,0.00,0.0,4196.90,4196.90,4196.90,4196.90,87,73,160,14.00,17.00,-33.00,1.10,54.5,60,177,0.2143,0.0000,85.00,163.00,4194.83,0.2649,UP,77.35,2.0685,1.0240
20261006 200201 337,4196.90,1,4196.80,4196.90,0.10,4196.80,4,4196.70,5,4196.60,7,4196.50,7,4196.40,7,4196.30,8,4196.20,18,4196.10,21,4196.00,22,4195.90,20,4196.90,1,4197.00,14,4197.10,4,4197.20,7,4197.30,7,4197.40,11,4197.50,22,4197.60,20,4197.70,18,4197.80,19,Sell,1,1,2,0.00,1.00,0.00,0.00,0.0,4196.90,4196.90,4196.90,4196.90,87,73,160,14.00,17.00,-33.00,1.10,54.5,60,177,0.2143,1.0000,84.00,162.00,4194.83,0.2649,UP,77.35,2.0685,1.0240
20261006 200201 668,4196.80,1,4196.60,4196.80,0.20,4196.60,4,4196.50,7,4196.40,7,4196.30,7,4196.20,8,4196.10,21,4196.00,22,4195.90,20,4195.80,25,4195.70,18,4196.80,2,4196.90,8,4197.00,16,4197.10,6,4197.20,10,4197.30,8,4197.40,21,4197.50,22,4197.60,20,4197.70,18,Sell,1,2,3,-1.00,1.00,-1.00,0.10,100.0,4196.90,4196.90,4196.80,4196.80,87,73,160,14.00,17.00,-33.00,1.10,54.5,60,177,0.2143,0.0000,83.00,161.00,4194.82,0.2617,UP,77.35,2.0685,1.0311
20261006 200201 668,4196.80,1,4196.60,4196.80,0.20,4196.60,4,4196.50,7,4196.40,7,4196.30,7,4196.20,8,4196.10,21,4196.00,22,4195.90,20,4195.80,25,4195.70,18,4196.80,2,4196.90,8,4197.00,16,4197.10,6,4197.20,10,4197.30,8,4197.40,21,4197.50,22,4197.60,20,4197.70,18,Sell,1,3,4,-2.00,1.00,-2.00,0.10,100.0,4196.90,4196.90,4196.80,4196.80,87,73,160,14.00,17.00,-33.00,1.10,54.5,60,177,0.2143,0.0000,82.00,160.00,4194.82,0.2617,UP,77.35,2.0685,1.0311
20261006 200201 668,4196.80,2,4196.60,4196.80,0.20,4196.60,4,4196.50,7,4196.40,7,4196.30,7,4196.20,8,4196.10,21,4196.00,22,4195.90,20,4195.80,25,4195.70,18,4196.80,2,4196.90,8,4197.00,16,4197.10,6,4197.20,10,4197.30,8,4197.40,21,4197.50,22,4197.60,20,4197.70,18,Sell,1,5,6,-4.00,1.00,-4.00,0.10,100.0,4196.90,4196.90,4196.80,4196.80,87,73,160,14.00,17.00,-33.00,1.10,54.5,60,177,0.2143,0.0000,80.00,158.00,4194.82,0.2617,UP,77.35,2.0685,1.0311
20261006 200202 229,4196.60,1,4196.60,4196.80,0.20,4196.60,5,4196.50,7,4196.40,7,4196.30,7,4196.20,8,4196.10,21,4196.00,22,4195.90,20,4195.80,25,4195.70,18,4196.80,4,4196.90,8,4197.00,16,4197.10,6,4197.20,10,4197.30,8,4197.40,21,4197.50,22,4197.60,20,4197.70,18,Sell,1,6,7,-5.00,1.00,-5.00,0.30,100.0,4196.90,4196.90,4196.60,4196.60,87,73,160,14.00,17.00,-33.00,1.10,54.5,60,177,0.2143,0.0000,79.00,157.00,4194.80,0.2554,UP,77.35,2.0685,1.0454
20261006 200203 292,4196.50,1,4196.40,4196.60,0.20,4196.40,2,4196.30,5,4196.20,7,4196.10,11,4196.00,12,4195.90,20,4195.80,25,4195.70,18,4195.60,17,4195.50,25,4196.60,5,4196.70,6,4196.80,7,4196.90,9,4197.00,18,4197.10,7,4197.20,20,4197.30,18,4197.40,21,4197.50,22,Sell,1,7,8,-6.00,1.00,-6.00,0.40,100.0,4196.90,4196.90,4196.50,4196.50,87,73,160,14.00,17.00,-33.00,1.10,54.5,60,177,0.2143,0.0000,78.00,156.00,4194.79,0.2522,UP,77.35,2.0685,1.0525
20261006 200204 183,4196.40,1,4196.20,4196.40,0.20,4196.20,5,4196.10,8,4196.00,11,4195.90,9,4195.80,15,4195.70,18,4195.60,17,4195.50,25,4195.40,18,4195.30,20,4196.40,1,4196.50,5,4196.60,8,4196.70,8,4196.80,11,4196.90,10,4197.00,28,4197.10,17,4197.20,20,4197.30,18,Sell,1,8,9,-7.00,1.00,-7.00,0.50,100.0,4196.90,4196.90,4196.40,4196.40,87,73,160,14.00,17.00,-33.00,1.10,54.5,60,177,0.2143,0.0000,77.00,155.00,4194.78,0.2490,UP,77.35,2.0685,1.0597
20261006 200204 188,4196.30,1,4196.20,4196.40,0.20,4196.20,5,4196.10,8,4196.00,11,4195.90,9,4195.80,15,4195.70,18,4195.60,17,4195.50,25,4195.40,18,4195.30,20,4196.40,1,4196.50,5,4196.60,8,4196.70,8,4196.80,11,4196.90,10,4197.00,28,4197.10,17,4197.20,20,4197.30,18,Sell,1,9,10,-8.00,1.00,-8.00,0.60,100.0,4196.90,4196.90,4196.30,4196.30,87,73,160,14.00,17.00,-33.00,1.10,54.5,60,177,0.2143,0.0000,76.00,154.00,4194.77,0.2459,UP,77.35,2.0685,1.0668
20261006 200204 188,4196.20,2,4196.20,4196.40,0.20,4196.20,5,4196.10,8,4196.00,11,4195.90,9,4195.80,15,4195.70,18,4195.60,17,4195.50,25,4195.40,18,4195.30,20,4196.40,1,4196.50,5,4196.60,8,4196.70,8,4196.80,11,4196.90,10,4197.00,28,4197.10,17,4197.20,20,4197.30,18,Sell,1,11,12,-10.00,1.00,-10.00,0.70,100.0,4196.90,4196.90,4196.20,4196.20,87,73,160,14.00,17.00,-33.00,1.10,54.5,60,177,0.2143,0.0000,74.00,152.00,4194.76,0.2427,UP,77.35,2.0685,1.0740
20261006 200204 188,4196.20,1,4196.20,4196.40,0.20,4196.20,5,4196.10,8,4196.00,11,4195.90,9,4195.80,15,4195.70,18,4195.60,17,4195.50,25,4195.40,18,4195.30,20,4196.40,1,4196.50,5,4196.60,8,4196.70,8,4196.80,11,4196.90,10,4197.00,28,4197.10,17,4197.20,20,4197.30,18,Sell,1,12,13,-11.00,1.00,-11.00,0.70,100.0,4196.90,4196.90,4196.20,4196.20,87,73,160,14.00,17.00,-33.00,1.10,54.5,60,177,0.2143,0.0000,73.00,151.00,4194.76,0.2427,UP,77.35,2.0685,1.0740
20261006 200204 188,4196.10,1,4196.20,4196.40,0.20,4196.20,5,4196.10,8,4196.00,11,4195.90,9,4195.80,15,4195.70,18,4195.60,17,4195.50,25,4195.40,18,4195.30,20,4196.40,1,4196.50,5,4196.60,8,4196.70,8,4196.80,11,4196.90,10,4197.00,28,4197.10,17,4197.20,20,4197.30,18,Sell,1,13,14,-12.00,1.00,-12.00,0.80,100.0,4196.90,4196.90,4196.10,4196.10,87,73,160,14.00,17.00,-33.00,1.10,54.5,60,177,0.2143,0.0000,72.00,150.00,4194.75,0.2395,UP,77.35,2.0685,1.0811
20261006 200204 222,4196.30,2,4196.20,4196.40,0.20,4196.20,5,4196.10,8,4196.00,11,4195.90,9,4195.80,15,4195.70,18,4195.60,17,4195.50,25,4195.40,18,4195.30,20,4196.40,1,4196.50,5,4196.60,8,4196.70,8,4196.80,11,4196.90,10,4197.00,28,4197.10,17,4197.20,20,4197.30,18,Sell,1,15,16,-14.00,1.00,-14.00,0.80,75.0,4196.90,4196.90,4196.10,4196.30,87,73,160,14.00,17.00,-33.00,1.10,54.5,60,177,0.2143,0.0000,70.00,148.00,4194.77,0.2459,UP,77.35,2.0685,1.0811
20261006 200204 222,4196.30,1,4196.20,4196.40,0.20,4196.20,5,4196.10,8,4196.00,11,4195.90,9,4195.80,15,4195.70,18,4195.60,17,4195.50,25,4195.40,18,4195.30,20,4196.40,1,4196.50,5,4196.60,8,4196.70,8,4196.80,11,4196.90,10,4197.00,28,4197.10,17,4197.20,20,4197.30,18,Sell,1,16,17,-15.00,1.00,-15.00,0.80,75.0,4196.90,4196.90,4196.10,4196.30,87,73,160,14.00,17.00,-33.00,1.10,54.5,60,177,0.2143,0.0000,69.00,147.00,4194.77,0.2459,UP,77.35,2.0685,1.0811
20261006 200204 222,4196.30,1,4196.20,4196.40,0.20,4196.20,5,4196.10,8,4196.00,11,4195.90,9,4195.80,15,4195.70,18,4195.60,17,4195.50,25,4195.40,18,4195.30,20,4196.40,1,4196.50,5,4196.60,8,4196.70,8,4196.80,11,4196.90,10,4197.00,28,4197.10,17,4197.20,20,4197.30,18,Sell,1,17,18,-16.00,1.00,-16.00,0.80,75.0,4196.90,4196.90,4196.10,4196.30,87,73,160,14.00,17.00,-33.00,1.10,54.5,60,177,0.2143,0.0000,68.00,146.00,4194.77,0.2459,UP,77.35,2.0685,1.0811
20261006 200205 522,4196.30,1,4196.30,4196.50,0.20,4196.30,6,4196.20,6,4196.10,9,4196.00,12,4195.90,9,4195.80,15,4195.70,18,4195.60,17,4195.50,25,4195.40,18,4196.50,1,4196.60,8,4196.70,8,4196.80,11,4196.90,10,4197.00,28,4197.10,17,4197.20,20,4197.30,18,4197.40,21,Sell,1,18,19,-17.00,1.00,-17.00,0.80,75.0,4196.90,4196.90,4196.10,4196.30,87,73,160,14.00,17.00,-33.00,1.10,54.5,60,177,0.2143,0.0000,67.00,145.00,4194.77,0.2459,UP,77.35,2.0685,1.0811
20261006 200205 522,4196.30,1,4196.30,4196.50,0.20,4196.30,6,4196.20,6,4196.10,9,4196.00,12,4195.90,9,4195.80,15,4195.70,18,4195.60,17,4195.50,25,4195.40,18,4196.50,1,4196.60,8,4196.70,8,4196.80,11,4196.90,10,4197.00,28,4197.10,17,4197.20,20,4197.30,18,4197.40,21,Sell,1,19,20,-18.00,1.00,-18.00,0.80,75.0,4196.90,4196.90,4196.10,4196.30,87,73,160,14.00,17.00,-33.00,1.10,54.5,60,177,0.2143,0.0000,66.00,144.00,4194.77,0.2459,UP,77.35,2.0685,1.0811
20261006 200205 522,4196.30,1,4196.30,4196.50,0.20,4196.30,6,4196.20,6,4196.10,9,4196.00,12,4195.90,9,4195.80,15,4195.70,18,4195.60,17,4195.50,25,4195.40,18,4196.50,1,4196.60,8,4196.70,8,4196.80,11,4196.90,10,4197.00,28,4197.10,17,4197.20,20,4197.30,18,4197.40,21,Sell,1,20,21,-19.00,1.00,-19.00,0.80,75.0,4196.90,4196.90,4196.10,4196.30,87,73,160,14.00,17.00,-33.00,1.10,54.5,60,177,0.2143,0.0000,65.00,143.00,4194.77,0.2459,UP,77.35,2.0685,1.0811
20261006 200205 522,4196.30,1,4196.30,4196.50,0.20,4196.30,6,4196.20,6,4196.10,9,4196.00,12,4195.90,9,4195.80,15,4195.70,18,4195.60,17,4195.50,25,4195.40,18,4196.50,1,4196.60,8,4196.70,8,4196.80,11,4196.90,10,4197.00,28,4197.10,17,4197.20,20,4197.30,18,4197.40,21,Sell,1,21,22,-20.00,1.00,-20.00,0.80,75.0,4196.90,4196.90,4196.10,4196.30,87,73,160,14.00,17.00,-33.00,1.10,54.5,60,177,0.2143,0.0000,64.00,142.00,4194.77,0.2459,UP,77.35,2.0685,1.0811
20261006 200205 522,4196.30,2,4196.30,4196.50,0.20,4196.30,6,4196.20,6,4196.10,9,4196.00,12,4195.90,9,4195.80,15,4195.70,18,4195.60,17,4195.50,25,4195.40,18,4196.50,1,4196.60,8,4196.70,8,4196.80,11,4196.90,10,4197.00,28,4197.10,17,4197.20,20,4197.30,18,4197.40,21,Sell,1,23,24,-22.00,1.00,-22.00,0.80,75.0,4196.90,4196.90,4196.10,4196.30,87,73,160,14.00,17.00,-33.00,1.10,54.5,60,177,0.2143,0.0000,62.00,140.00,4194.77,0.2459,UP,77.35,2.0685,1.0811
20261006 200205 550,4196.30,1,4196.30,4196.50,0.20,4196.30,6,4196.20,6,4196.10,9,4196.00,12,4195.90,9,4195.80,15,4195.70,18,4195.60,17,4195.50,25,4195.40,18,4196.50,1,4196.60,8,4196.70,8,4196.80,11,4196.90,10,4197.00,28,4197.10,17,4197.20,20,4197.30,18,4197.40,21,Sell,1,24,25,-23.00,1.00,-23.00,0.80,75.0,4196.90,4196.90,4196.10,4196.30,87,73,160,14.00,17.00,-33.00,1.10,54.5,60,177,0.2143,0.0000,61.00,139.00,4194.77,0.2459,UP,77.35,2.0685,1.0811
20261006 200206 918,4196.60,1,4196.40,4196.60,0.20,4196.40,5,4196.30,7,4196.20,7,4196.10,9,4196.00,12,4195.90,9,4195.80,15,4195.70,18,4195.60,17,4195.50,25,4196.60,2,4196.70,8,4196.80,11,4196.90,10,4197.00,18,4197.10,7,4197.20,20,4197.30,18,4197.40,21,4197.50,22,Buy,2,24,26,-22.00,1.00,-23.00,0.80,37.5,4196.90,4196.90,4196.10,4196.60,87,73,160,14.00,17.00,-33.00,1.10,54.5,60,177,0.2143,0.0455,62.00,140.00,4194.80,0.2554,UP,77.35,2.0685,1.0811
20261006 200209 185,4196.70,1,4196.60,4196.80,0.20,4196.60,1,4196.50,7,4196.40,5,4196.30,8,4196.20,8,4196.10,10,4196.00,12,4195.90,19,4195.80,25,4195.70,18,4196.80,4,4196.90,10,4197.00,18,4197.10,7,4197.20,10,4197.30,8,4197.40,21,4197.50,22,4197.60,20,4197.70,18,Buy,3,24,27,-21.00,1.00,-23.00,0.80,25.0,4196.90,4196.90,4196.10,4196.70,87,73,160,14.00,17.00,-33.00,1.10,54.5,60,177,0.2143,0.0952,63.00,141.00,4194.81,0.2586,UP,77.35,2.0685,1.0811
20261006 200209 185,4196.70,1,4196.60,4196.80,0.20,4196.60,1,4196.50,7,4196.40,5,4196.30,8,4196.20,8,4196.10,10,4196.00,12,4195.90,19,4195.80,25,4195.70,18,4196.80,4,4196.90,10,4197.00,18,4197.10,7,4197.20,10,4197.30,8,4197.40,21,4197.50,22,4197.60,20,4197.70,18,Buy,4,24,28,-20.00,1.00,-23.00,0.80,25.0,4196.90,4196.90,4196.10,4196.70,87,73,160,14.00,17.00,-33.00,1.10,54.5,60,177,0.2143,0.1500,64.00,142.00,4194.81,0.2586,UP,77.35,2.0685,1.0811
20261006 200209 185,4196.70,1,4196.60,4196.80,0.20,4196.60,1,4196.50,7,4196.40,5,4196.30,8,4196.20,8,4196.10,10,4196.00,12,4195.90,19,4195.80,25,4195.70,18,4196.80,4,4196.90,10,4197.00,18,4197.10,7,4197.20,10,4197.30,8,4197.40,21,4197.50,22,4197.60,20,4197.70,18,Buy,5,24,29,-19.00,1.00,-23.00,0.80,25.0,4196.90,4196.90,4196.10,4196.70,87,73,160,14.00,17.00,-33.00,1.10,54.5,60,177,0.2143,0.2105,65.00,143.00,4194.81,0.2586,UP,77.35,2.0685,1.0811
20261006 200209 487,4196.90,1,4196.80,4197.00,0.20,4196.80,6,4196.70,6,4196.60,6,4196.50,7,4196.40,6,4196.30,9,4196.20,8,4196.10,20,4196.00,22,4195.90,19,4197.00,16,4197.10,6,4197.20,10,4197.30,8,4197.40,21,4197.50,22,4197.60,20,4197.70,18,4197.80,19,4197.90,20,Buy,6,24,30,-18.00,1.00,-23.00,0.80,0.0,4196.90,4196.90,4196.10,4196.90,87,73,160,14.00,17.00,-33.00,1.10,54.5,60,177,0.2143,0.2778,66.00,144.00,4194.83,0.2649,UP,77.35,2.0685,1.0811
20261006 200209 593,4196.90,1,4196.80,4196.90,0.10,4196.80,5,4196.70,6,4196.60,6,4196.50,8,4196.40,6,4196.30,9,4196.20,8,4196.10,20,4196.00,22,4195.90,19,4197.00,13,4197.10,4,4197.20,10,4197.30,7,4197.40,11,4197.50,22,4197.60,20,4197.70,18,4197.80,19,4197.90,20,Buy,7,24,31,-17.00,1.00,-23.00,0.80,0.0,4196.90,4196.90,4196.10,4196.90,87,73,160,14.00,17.00,-33.00,1.10,54.5,60,177,0.2143,0.3529,67.00,145.00,4194.83,0.2649,UP,77.35,2.0685,1.0811
20261006 200210 450,4197.00,1,4196.80,4197.00,0.20,4196.80,3,4196.70,6,4196.60,7,4196.50,9,4196.40,6,4196.30,9,4196.20,8,4196.10,20,4196.00,22,4195.90,19,4197.00,12,4197.10,4,4197.20,10,4197.30,8,4197.40,11,4197.50,22,4197.60,20,4197.70,18,4197.80,19,4197.90,20,Buy,8,24,32,-16.00,1.00,-23.00,0.90,11.1,4196.90,4197.00,4196.10,4197.00,87,73,160,14.00,17.00,-33.00,1.10,54.5,60,177,0.2143,0.4375,68.00,146.00,4194.84,0.2681,UP,77.35,2.0685,1.0883
20261006 200212 926,4196.90,1,4196.90,4197.00,0.10,4196.80,1,4196.70,6,4196.60,7,4196.50,9,4196.40,6,4196.30,9,4196.20,18,4196.10,20,4196.00,22,4195.90,19,4196.90,1,4197.00,11,4197.10,2,4197.20,10,4197.30,7,4197.40,11,4197.50,21,4197.60,20,4197.70,18,4197.80,20,Sell,8,25,33,-17.00,1.00,-23.00,0.90,0.0,4196.90,4197.00,4196.10,4196.90,87,73,160,14.00,17.00,-33.00,1.10,54.5,60,177,0.2143,0.3529,67.00,145.00,4194.83,0.2649,UP,77.35,2.0685,1.0883
20261006 200217 924,4196.40,1,4196.30,4196.50,0.20,4196.30,5,4196.20,6,4196.10,9,4196.00,12,4195.90,19,4195.80,25,4195.70,18,4195.60,17,4195.50,25,4195.40,18,4196.50,4,4196.60,9,4196.70,7,4196.80,10,4196.90,9,4197.00,17,4197.10,6,4197.20,15,4197.30,12,4197.40,16,Sell,8,26,34,-18.00,1.00,-23.00,0.90,55.6,4196.90,4197.00,4196.10,4196.40,87,73,160,14.00,17.00,-33.00,1.10,54.5,60,177,0.2143,0.2778,66.00,144.00,4194.78,0.2490,UP,77.35,2.0685,1.0883
20261006 200217 924,4196.40,1,4196.30,4196.50,0.20,4196.30,5,4196.20,6,4196.10,9,4196.00,12,4195.90,19,4195.80,25,4195.70,18,4195.60,17,4195.50,25,4195.40,18,4196.50,4,4196.60,9,4196.70,7,4196.80,10,4196.90,9,4197.00,17,4197.10,6,4197.20,15,4197.30,12,4197.40,16,Sell,8,27,35,-19.00,1.00,-23.00,0.90,55.6,4196.90,4197.00,4196.10,4196.40,87,73,160,14.00,17.00,-33.00,1.10,54.5,60,177,0.2143,0.2105,65.00,143.00,4194.78,0.2490,UP,77.35,2.0685,1.0883
20261006 200217 924,4196.40,1,4196.30,4196.50,0.20,4196.30,5,4196.20,6,4196.10,9,4196.00,12,4195.90,19,4195.80,25,4195.70,18,4195.60,17,4195.50,25,4195.40,18,4196.50,4,4196.60,9,4196.70,7,4196.80,10,4196.90,9,4197.00,17,4197.10,6,4197.20,15,4197.30,12,4197.40,16,Sell,8,28,36,-20.00,1.00,-23.00,0.90,55.6,4196.90,4197.00,4196.10,4196.40,87,73,160,14.00,17.00,-33.00,1.10,54.5,60,177,0.2143,0.1500,64.00,142.00,4194.78,0.2490,UP,77.35,2.0685,1.0883
20261006 200217 924,4196.40,2,4196.30,4196.50,0.20,4196.30,5,4196.20,6,4196.10,9,4196.00,12,4195.90,19,4195.80,25,4195.70,18,4195.60,17,4195.50,25,4195.40,18,4196.50,4,4196.60,9,4196.70,7,4196.80,10,4196.90,9,4197.00,17,4197.10,6,4197.20,15,4197.30,12,4197.40,16,Sell,8,30,38,-22.00,1.00,-23.00,0.90,55.6,4196.90,4197.00,4196.10,4196.40,87,73,160,14.00,17.00,-33.00,1.10,54.5,60,177,0.2143,0.0455,62.00,140.00,4194.78,0.2490,UP,77.35,2.0685,1.0883
20261006 200217 924,4196.40,1,4196.30,4196.50,0.20,4196.30,5,4196.20,6,4196.10,9,4196.00,12,4195.90,19,4195.80,25,4195.70,18,4195.60,17,4195.50,25,4195.40,18,4196.50,4,4196.60,9,4196.70,7,4196.80,10,4196.90,9,4197.00,17,4197.10,6,4197.20,15,4197.30,12,4197.40,16,Sell,8,31,39,-23.00,1.00,-23.00,0.90,55.6,4196.90,4197.00,4196.10,4196.40,87,73,160,14.00,17.00,-33.00,1.10,54.5,60,177,0.2143,0.0000,61.00,139.00,4194.78,0.2490,UP,77.35,2.0685,1.0883
20261006 200221 021,4196.30,1,4196.30,4196.40,0.10,4196.30,1,4196.20,4,4196.10,8,4196.00,11,4195.90,9,4195.80,15,4195.70,18,4195.60,17,4195.50,25,4195.40,18,4196.40,4,4196.50,7,4196.60,9,4196.70,7,4196.80,10,4196.90,10,4197.00,17,4197.10,6,4197.20,15,4197.30,12,Sell,8,32,40,-24.00,1.00,-24.00,0.90,66.7,4196.90,4197.00,4196.10,4196.30,87,73,160,14.00,17.00,-33.00,1.10,54.5,60,177,0.2143,0.0000,60.00,138.00,4194.77,0.2459,UP,77.35,2.0685,1.0883
20261006 200221 158,4196.20,1,4196.20,4196.40,0.20,4196.20,1,4196.10,8,4196.00,11,4195.90,9,4195.80,15,4195.70,18,4195.60,17,4195.50,25,4195.40,18,4195.30,20,4196.40,7,4196.50,8,4196.60,10,4196.70,8,4196.80,9,4196.90,10,4197.00,17,4197.10,12,4197.20,15,4197.30,12,Sell,8,33,41,-25.00,1.00,-25.00,0.90,77.8,4196.90,4197.00,4196.10,4196.20,87,73,160,14.00,17.00,-33.00,1.10,54.5,60,177,0.2143,0.0000,59.00,137.00,4194.76,0.2427,UP,77.35,2.0685,1.0883
20261006 200222 261,4196.20,1,4196.10,4196.30,0.20,4196.10,8,4196.00,11,4195.90,9,4195.80,15,4195.70,18,4195.60,17,4195.50,25,4195.40,18,4195.30,20,4195.20,18,4196.30,1,4196.40,8,4196.50,8,4196.60,10,4196.70,8,4196.80,9,4196.90,10,4197.00,17,4197.10,12,4197.20,15,Sell,8,34,42,-26.00,1.00,-26.00,0.90,77.8,4196.90,4197.00,4196.10,4196.20,87,73,160,14.00,17.00,-33.00,1.10,54.5,60,177,0.2143,0.0000,58.00,136.00,4194.76,0.2427,UP,77.35,2.0685,1.0883
20261006 200224 864,4196.10,1,4196.10,4196.30,0.20,4196.10,8,4196.00,11,4195.90,9,4195.80,13,4195.70,18,4195.60,17,4195.50,25,4195.40,18,4195.30,20,4195.20,18,4196.30,1,4196.40,8,4196.50,10,4196.60,10,4196.70,8,4196.80,9,4196.90,10,4197.00,17,4197.10,11,4197.20,15,Sell,8,35,43,-27.00,1.00,-27.00,0.90,88.9,4196.90,4197.00,4196.10,4196.10,87,73,160,14.00,17.00,-33.00,1.10,54.5,60,177,0.2143,0.0000,57.00,135.00,4194.75,0.2395,UP,77.35,2.0685,1.0883
20261006 200226 123,4196.10,1,4196.00,4196.10,0.10,4196.00,5,4195.90,9,4195.80,13,4195.70,8,4195.60,7,4195.50,25,4195.40,18,4195.30,20,4195.20,18,4195.10,15,4196.20,3,4196.30,7,4196.40,8,4196.50,10,4196.60,11,4196.70,8,4196.80,9,4196.90,10,4197.00,27,4197.10,16,Sell,8,36,44,-28.00,1.00,-28.00,0.90,88.9,4196.90,4197.00,4196.10,4196.10,87,73,160,14.00,17.00,-33.00,1.10,54.5,60,177,0.2143,0.0000,56.00,134.00,4194.75,0.2395,UP,77.35,2.0685,1.0883
20261006 200226 127,4196.10,1,4196.00,4196.10,0.10,4196.00,5,4195.90,9,4195.80,13,4195.70,8,4195.60,7,4195.50,25,4195.40,18,4195.30,20,4195.20,18,4195.10,15,4196.20,3,4196.30,7,4196.40,8,4196.50,10,4196.60,11,4196.70,8,4196.80,9,4196.90,10,4197.00,27,4197.10,16,Buy,9,36,45,-27.00,1.00,-28.00,0.90,88.9,4196.90,4197.00,4196.10,4196.10,87,73,160,14.00,17.00,-33.00,1.10,54.5,60,177,0.2143,0.0370,57.00,135.00,4194.75,0.2395,UP,77.35,2.0685,1.0883
20261006 200227 439,4196.20,1,4196.00,4196.20,0.20,4196.00,5,4195.90,8,4195.80,13,4195.70,8,4195.60,7,4195.50,25,4195.40,18,4195.30,20,4195.20,18,4195.10,15,4196.20,1,4196.30,6,4196.40,8,4196.50,11,4196.60,11,4196.70,8,4196.80,9,4196.90,10,4197.00,27,4197.10,16,Buy,10,36,46,-26.00,1.00,-28.00,0.90,77.8,4196.90,4197.00,4196.10,4196.20,87,73,160,14.00,17.00,-33.00,1.10,54.5,60,177,0.2143,0.0769,58.00,136.00,4194.76,0.2427,UP,77.35,2.0685,1.0883
20261006 200227 552,4196.20,1,4196.00,4196.20,0.20,4196.00,5,4195.90,8,4195.80,13,4195.70,8,4195.60,7,4195.50,25,4195.40,18,4195.30,20,4195.20,18,4195.10,15,4196.20,4,4196.30,6,4196.40,8,4196.50,11,4196.60,11,4196.70,8,4196.80,9,4196.90,10,4197.00,27,4197.10,16,Buy,11,36,47,-25.00,1.00,-28.00,0.90,77.8,4196.90,4197.00,4196.10,4196.20,87,73,160,14.00,17.00,-33.00,1.10,54.5,60,177,0.2143,0.1200,59.00,137.00,4194.76,0.2427,UP,77.35,2.0685,1.0883
20261006 200230 931,4196.00,1,4196.00,4196.20,0.20,4196.00,4,4195.90,8,4195.80,13,4195.70,8,4195.60,7,4195.50,25,4195.40,18,4195.30,20,4195.20,18,4195.10,15,4196.20,5,4196.30,6,4196.40,8,4196.50,10,4196.60,11,4196.70,8,4196.80,9,4196.90,9,4197.00,26,4197.10,16,Sell,11,37,48,-26.00,1.00,-28.00,1.00,90.0,4196.90,4197.00,4196.00,4196.00,87,73,160,14.00,17.00,-33.00,1.10,54.5,60,177,0.2143,0.0769,58.00,136.00,4194.74,0.2363,UP,77.35,2.0685,1.0954
20261006 200232 425,4196.00,2,4195.60,4195.80,0.20,4195.60,7,4195.50,16,4195.40,8,4195.30,10,4195.20,18,4195.10,15,4195.00,20,4194.90,14,4194.80,14,4194.70,17,4195.80,3,4195.90,6,4196.00,9,4196.10,9,4196.20,8,4196.30,7,4196.40,9,4196.50,10,4196.60,21,4196.70,18,Sell,11,39,50,-28.00,1.00,-28.00,1.00,90.0,4196.90,4197.00,4196.00,4196.00,87,73,160,14.00,17.00,-33.00,1.10,54.5,60,177,0.2143,0.0000,56.00,134.00,4194.74,0.2363,UP,77.35,2.0685,1.0954
20261006 200232 425,4196.00,1,4195.60,4195.80,0.20,4195.60,7,4195.50,16,4195.40,8,4195.30,10,4195.20,18,4195.10,15,4195.00,20,4194.90,14,4194.80,14,4194.70,17,4195.80,3,4195.90,6,4196.00,9,4196.10,9,4196.20,8,4196.30,7,4196.40,9,4196.50,10,4196.60,21,4196.70,18,Sell,11,40,51,-29.00,1.00,-29.00,1.00,90.0,4196.90,4197.00,4196.00,4196.00,87,73,160,14.00,17.00,-33.00,1.10,54.5,60,177,0.2143,0.0000,55.00,133.00,4194.74,0.2363,UP,77.35,2.0685,1.0954
20261006 200232 446,4195.90,2,4195.60,4195.80,0.20,4195.60,7,4195.50,16,4195.40,8,4195.30,10,4195.20,18,4195.10,15,4195.00,20,4194.90,14,4194.80,14,4194.70,17,4195.80,3,4195.90,6,4196.00,9,4196.10,9,4196.20,8,4196.30,7,4196.40,9,4196.50,10,4196.60,21,4196.70,18,Buy,13,40,53,-27.00,1.00,-29.00,1.10,90.9,4196.90,4197.00,4195.90,4195.90,87,73,160,14.00,17.00,-33.00,1.10,54.5,60,177,0.2143,0.0741,57.00,135.00,4194.73,0.2332,UP,77.35,2.0685,1.1025
20261006 200232 450,4195.80,1,4195.60,4195.80,0.20,4195.60,7,4195.50,16,4195.40,8,4195.30,10,4195.20,18,4195.10,15,4195.00,20,4194.90,14,4194.80,14,4194.70,17,4195.80,3,4195.90,6,4196.00,9,4196.10,9,4196.20,8,4196.30,7,4196.40,9,4196.50,10,4196.60,21,4196.70,18,Sell,13,41,54,-28.00,1.00,-29.00,1.20,91.7,4196.90,4197.00,4195.80,4195.80,87,73,160,14.00,17.00,-33.00,1.10,54.5,60,177,0.2143,0.0357,56.00,134.00,4194.72,0.2300,UP,77.35,2.0685,1.1097
20261006 200232 450,4195.80,1,4195.60,4195.80,0.20,4195.60,7,4195.50,16,4195.40,8,4195.30,10,4195.20,18,4195.10,15,4195.00,20,4194.90,14,4194.80,14,4194.70,17,4195.80,3,4195.90,6,4196.00,9,4196.10,9,4196.20,8,4196.30,7,4196.40,9,4196.50,10,4196.60,21,4196.70,18,Sell,13,42,55,-29.00,1.00,-29.00,1.20,91.7,4196.90,4197.00,4195.80,4195.80,87,73,160,14.00,17.00,-33.00,1.10,54.5,60,177,0.2143,0.0000,55.00,133.00,4194.72,0.2300,UP,77.35,2.0685,1.1097
20261006 200232 450,4195.80,1,4195.60,4195.80,0.20,4195.60,7,4195.50,16,4195.40,8,4195.30,10,4195.20,18,4195.10,15,4195.00,20,4194.90,14,4194.80,14,4194.70,17,4195.80,3,4195.90,6,4196.00,9,4196.10,9,4196.20,8,4196.30,7,4196.40,9,4196.50,10,4196.60,21,4196.70,18,Sell,13,43,56,-30.00,1.00,-30.00,1.20,91.7,4196.90,4197.00,4195.80,4195.80,87,73,160,14.00,17.00,-33.00,1.10,54.5,60,177,0.2143,0.0000,54.00,132.00,4194.72,0.2300,UP,77.35,2.0685,1.1097
20261006 200232 450,4195.80,1,4195.60,4195.80,0.20,4195.60,7,4195.50,16,4195.40,8,4195.30,10,4195.20,18,4195.10,15,4195.00,20,4194.90,14,4194.80,14,4194.70,17,4195.80,3,4195.90,6,4196.00,9,4196.10,9,4196.20,8,4196.30,7,4196.40,9,4196.50,10,4196.60,21,4196.70,18,Sell,13,44,57,-31.00,1.00,-31.00,1.20,91.7,4196.90,4197.00,4195.80,4195.80,87,73,160,14.00,17.00,-33.00,1.10,54.5,60,177,0.2143,0.0000,53.00,131.00,4194.72,0.2300,UP,77.35,2.0685,1.1097
20261006 200233 076,4195.80,1,4195.70,4195.90,0.20,4195.60,1,4195.50,14,4195.40,10,4195.30,10,4195.20,8,4195.10,15,4195.00,20,4194.90,14,4194.80,14,4194.70,17,4195.80,6,4195.90,6,4196.00,9,4196.10,10,4196.20,8,4196.30,7,4196.40,9,4196.50,10,4196.60,21,4196.70,18,Buy,14,44,58,-30.00,1.00,-31.00,1.20,91.7,4196.90,4197.00,4195.80,4195.80,87,73,160,14.00,17.00,-33.00,1.10,54.5,60,177,0.2143,0.0333,54.00,132.00,4194.72,0.2300,UP,77.35,2.0685,1.1097
20261006 200233 076,4195.80,1,4195.70,4195.90,0.20,4195.60,1,4195.50,14,4195.40,10,4195.30,10,4195.20,8,4195.10,15,4195.00,20,4194.90,14,4194.80,14,4194.70,17,4195.80,6,4195.90,6,4196.00,9,4196.10,10,4196.20,8,4196.30,7,4196.40,9,4196.50,10,4196.60,21,4196.70,18,Buy,15,44,59,-29.00,1.00,-31.00,1.20,91.7,4196.90,4197.00,4195.80,4195.80,87,73,160,14.00,17.00,-33.00,1.10,54.5,60,177,0.2143,0.0690,55.00,133.00,4194.72,0.2300,UP,77.35,2.0685,1.1097
20261006 200233 076,4195.80,1,4195.70,4195.90,0.20,4195.60,1,4195.50,14,4195.40,10,4195.30,10,4195.20,8,4195.10,15,4195.00,20,4194.90,14,4194.80,14,4194.70,17,4195.80,6,4195.90,6,4196.00,9,4196.10,10,4196.20,8,4196.30,7,4196.40,9,4196.50,10,4196.60,21,4196.70,18,Buy,16,44,60,-28.00,1.00,-31.00,1.20,91.7,4196.90,4197.00,4195.80,4195.80,87,73,160,14.00,17.00,-33.00,1.10,54.5,60,177,0.2143,0.1071,56.00,134.00,4194.72,0.2300,UP,77.35,2.0685,1.1097
20261006 200233 077,4195.90,1,4195.70,4195.90,0.20,4195.60,1,4195.50,14,4195.40,10,4195.30,10,4195.20,8,4195.10,15,4195.00,20,4194.90,14,4194.80,14,4194.70,17,4195.80,6,4195.90,6,4196.00,9,4196.10,10,4196.20,8,4196.30,7,4196.40,9,4196.50,10,4196.60,21,4196.70,18,Buy,17,44,61,-27.00,1.00,-31.00,1.20,83.3,4196.90,4197.00,4195.80,4195.90,87,73,160,14.00,17.00,-33.00,1.10,54.5,60,177,0.2143,0.1481,57.00,135.00,4194.73,0.2332,UP,77.35,2.0685,1.1097
20261006 200233 077,4195.90,1,4195.70,4195.90,0.20,4195.60,1,4195.50,14,4195.40,10,4195.30,10,4195.20,8,4195.10,15,4195.00,20,4194.90,14,4194.80,14,4194.70,17,4195.80,6,4195.90,6,4196.00,9,4196.10,10,4196.20,8,4196.30,7,4196.40,9,4196.50,10,4196.60,21,4196.70,18,Buy,18,44,62,-26.00,1.00,-31.00,1.20,83.3,4196.90,4197.00,4195.80,4195.90,87,73,160,14.00,17.00,-33.00,1.10,54.5,60,177,0.2143,0.1923,58.00,136.00,4194.73,0.2332,UP,77.35,2.0685,1.1097
20261006 200233 077,4195.90,1,4195.70,4195.90,0.20,4195.60,1,4195.50,14,4195.40,10,4195.30,10,4195.20,8,4195.10,15,4195.00,20,4194.90,14,4194.80,14,4194.70,17,4195.80,6,4195.90,6,4196.00,9,4196.10,10,4196.20,8,4196.30,7,4196.40,9,4196.50,10,4196.60,21,4196.70,18,Buy,19,44,63,-25.00,1.00,-31.00,1.20,83.3,4196.90,4197.00,4195.80,4195.90,87,73,160,14.00,17.00,-33.00,1.10,54.5,60,177,0.2143,0.2400,59.00,137.00,4194.73,0.2332,UP,77.35,2.0685,1.1097
20261006 200233 703,4195.70,1,4195.70,4195.90,0.20,4195.70,3,4195.60,9,4195.50,15,4195.40,10,4195.30,10,4195.20,18,4195.10,15,4195.00,21,4194.90,14,4194.80,14,4195.90,5,4196.00,5,4196.10,8,4196.20,8,4196.30,8,4196.40,9,4196.50,10,4196.60,11,4196.70,18,4196.80,19,Sell,19,45,64,-26.00,1.00,-31.00,1.30,92.3,4196.90,4197.00,4195.70,4195.70,87,73,160,14.00,17.00,-33.00,1.10,54.5,60,177,0.2143,0.1923,58.00,136.00,4194.71,0.2268,UP,77.35,2.0685,1.1168
20261006 200236 449,4195.70,1,4195.70,4195.90,0.20,4195.70,2,4195.60,7,4195.50,15,4195.40,10,4195.30,10,4195.20,18,4195.10,15,4195.00,21,4194.90,14,4194.80,14,4195.90,5,4196.00,7,4196.10,10,4196.20,8,4196.30,8,4196.40,9,4196.50,10,4196.60,11,4196.70,13,4196.80,14,Sell,19,46,65,-27.00,1.00,-31.00,1.30,92.3,4196.90,4197.00,4195.70,4195.70,87,73,160,14.00,17.00,-33.00,1.10,54.5,60,177,0.2143,0.1481,57.00,135.00,4194.71,0.2268,UP,77.35,2.0685,1.1168
20261006 200236 449,4195.70,1,4195.70,4195.90,0.20,4195.70,2,4195.60,7,4195.50,15,4195.40,10,4195.30,10,4195.20,18,4195.10,15,4195.00,21,4194.90,14,4194.80,14,4195.90,5,4196.00,7,4196.10,10,4196.20,8,4196.30,8,4196.40,9,4196.50,10,4196.60,11,4196.70,13,4196.80,14,Sell,19,47,66,-28.00,1.00,-31.00,1.30,92.3,4196.90,4197.00,4195.70,4195.70,87,73,160,14.00,17.00,-33.00,1.10,54.5,60,177,0.2143,0.1071,56.00,134.00,4194.71,0.2268,UP,77.35,2.0685,1.1168
20261006 200237 003,4195.90,3,4196.10,4196.40,0.30,4196.10,5,4196.00,6,4195.90,10,4195.80,9,4195.70,9,4195.60,8,4195.50,15,4195.40,18,4195.30,18,4195.20,16,4196.40,9,4196.50,10,4196.60,11,4196.70,8,4196.80,9,4196.90,12,4197.00,21,4197.10,11,4197.20,13,4197.30,12,Sell,19,50,69,-31.00,1.00,-31.00,1.30,76.9,4196.90,4197.00,4195.70,4195.90,87,73,160,14.00,17.00,-33.00,1.10,54.5,60,177,0.2143,0.0000,53.00,131.00,4194.73,0.2332,UP,77.35,2.0685,1.1168
20261006 200237 004,4195.90,2,4196.10,4196.40,0.30,4196.10,5,4196.00,6,4195.90,10,4195.80,9,4195.70,9,4195.60,8,4195.50,15,4195.40,18,4195.30,18,4195.20,16,4196.40,9,4196.50,10,4196.60,11,4196.70,8,4196.80,9,4196.90,12,4197.00,21,4197.10,11,4197.20,13,4197.30,12,Buy,21,50,71,-29.00,1.00,-31.00,1.30,76.9,4196.90,4197.00,4195.70,4195.90,87,73,160,14.00,17.00,-33.00,1.10,54.5,60,177,0.2143,0.0690,55.00,133.00,4194.73,0.2332,UP,77.35,2.0685,1.1168
20261006 200237 049,4196.20,1,4196.10,4196.30,0.20,4196.10,4,4196.00,6,4195.90,10,4195.80,9,4195.70,9,4195.60,8,4195.50,23,4195.40,18,4195.30,18,4195.20,16,4196.30,2,4196.40,8,4196.50,10,4196.60,11,4196.70,8,4196.80,9,4196.90,17,4197.00,26,4197.10,16,4197.20,18,Buy,22,50,72,-28.00,1.00,-31.00,1.30,53.8,4196.90,4197.00,4195.70,4196.20,87,73,160,14.00,17.00,-33.00,1.10,54.5,60,177,0.2143,0.1071,56.00,134.00,4194.76,0.2427,UP,77.35,2.0685,1.1168
20261006 200238 184,4196.30,5,4196.20,4196.30,0.10,4196.20,3,4196.10,6,4196.00,6,4195.90,11,4195.80,9,4195.70,9,4195.60,8,4195.50,23,4195.40,18,4195.30,18,4196.30,6,4196.40,4,4196.50,9,4196.60,11,4196.70,8,4196.80,9,4196.90,17,4197.00,26,4197.10,16,4197.20,18,Buy,27,50,77,-23.00,1.00,-31.00,1.30,46.2,4196.90,4197.00,4195.70,4196.30,87,73,160,14.00,17.00,-33.00,1.10,54.5,60,177,0.2143,0.3478,61.00,139.00,4194.77,0.2459,UP,77.35,2.0685,1.1168
20261006 200238 184,4196.30,1,4196.20,4196.30,0.10,4196.20,3,4196.10,6,4196.00,6,4195.90,11,4195.80,9,4195.70,9,4195.60,8,4195.50,23,4195.40,18,4195.30,18,4196.30,6,4196.40,4,4196.50,9,4196.60,11,4196.70,8,4196.80,9,4196.90,17,4197.00,26,4197.10,16,4197.20,18,Buy,28,50,78,-22.00,1.00,-31.00,1.30,46.2,4196.90,4197.00,4195.70,4196.30,87,73,160,14.00,17.00,-33.00,1.10,54.5,60,177,0.2143,0.4091,62.00,140.00,4194.77,0.2459,UP,77.35,2.0685,1.1168
20261006 200239 337,4196.30,1,4196.30,4196.50,0.20,4196.30,3,4196.20,5,4196.10,10,4196.00,8,4195.90,11,4195.80,10,4195.70,17,4195.60,16,4195.50,23,4195.40,18,4196.50,3,4196.60,11,4196.70,8,4196.80,9,4196.90,17,4197.00,26,4197.10,16,4197.20,18,4197.30,17,4197.40,19,Sell,28,51,79,-23.00,1.00,-31.00,1.30,46.2,4196.90,4197.00,4195.70,4196.30,87,73,160,14.00,17.00,-33.00,1.10,54.5,60,177,0.2143,0.3478,61.00,139.00,4194.77,0.2459,UP,77.35,2.0685,1.1168
20261006 200242 170,4196.40,1,4196.10,4196.40,0.30,4196.10,9,4196.00,9,4195.90,11,4195.80,10,4195.70,17,4195.60,16,4195.50,23,4195.40,18,4195.30,18,4195.20,16,4196.40,4,4196.50,8,4196.60,8,4196.70,8,4196.80,9,4196.90,7,4197.00,16,4197.10,16,4197.20,18,4197.30,17,Buy,29,51,80,-22.00,1.00,-31.00,1.30,38.5,4196.90,4197.00,4195.70,4196.40,87,73,160,14.00,17.00,-33.00,1.10,54.5,60,177,0.2143,0.4091,62.00,140.00,4194.78,0.2490,UP,77.35,2.0685,1.1168
20261006 200244 382,4196.30,1,4196.30,4196.50,0.20,4196.30,3,4196.20,6,4196.10,8,4196.00,9,4195.90,11,4195.80,10,4195.70,17,4195.60,16,4195.50,23,4195.40,18,4196.50,4,4196.60,6,4196.70,8,4196.80,9,4196.90,7,4197.00,16,4197.10,16,4197.20,18,4197.30,17,4197.40,19,Buy,30,51,81,-21.00,1.00,-31.00,1.30,46.2,4196.90,4197.00,4195.70,4196.30,87,73,160,14.00,17.00,-33.00,1.10,54.5,60,177,0.2143,0.4762,63.00,141.00,4194.77,0.2459,UP,77.35,2.0685,1.1168
20261006 200244 516,4196.30,1,4196.30,4196.50,0.20,4196.30,1,4196.20,6,4196.10,8,4196.00,9,4195.90,11,4195.80,10,4195.70,17,4195.60,16,4195.50,23,4195.40,18,4196.50,5,4196.60,6,4196.70,8,4196.80,9,4196.90,7,4197.00,16,4197.10,16,4197.20,18,4197.30,17,4197.40,19,Sell,30,52,82,-22.00,1.00,-31.00,1.30,46.2,4196.90,4197.00,4195.70,4196.30,87,73,160,14.00,17.00,-33.00,1.10,54.5,60,177,0.2143,0.4091,62.00,140.00,4194.77,0.2459,UP,77.35,2.0685,1.1168
20261006 200245 585,4196.30,1,4196.20,4196.50,0.30,4196.20,6,4196.10,8,4196.00,9,4195.90,11,4195.80,10,4195.70,17,4195.60,16,4195.50,23,4195.40,18,4195.30,18,4196.50,5,4196.60,8,4196.70,8,4196.80,9,4196.90,7,4197.00,16,4197.10,16,4197.20,18,4197.30,17,4197.40,19,Sell,30,53,83,-23.00,1.00,-31.00,1.30,46.2,4196.90,4197.00,4195.70,4196.30,87,73,160,14.00,17.00,-33.00,1.10,54.5,60,177,0.2143,0.3478,61.00,139.00,4194.77,0.2459,UP,77.35,2.0685,1.1168
20261006 200246 463,4196.50,1,4196.30,4196.50,0.20,4196.30,2,4196.20,6,4196.10,8,4196.00,9,4195.90,11,4195.80,10,4195.70,17,4195.60,16,4195.50,23,4195.40,18,4196.50,4,4196.60,8,4196.70,8,4196.80,9,4196.90,7,4197.00,16,4197.10,16,4197.20,18,4197.30,17,4197.40,19,Buy,31,53,84,-22.00,1.00,-31.00,1.30,30.8,4196.90,4197.00,4195.70,4196.50,87,73,160,14.00,17.00,-33.00,1.10,54.5,60,177,0.2143,0.4091,62.00,140.00,4194.79,0.2522,UP,77.35,2.0685,1.1168
20261006 200246 463,4196.50,1,4196.30,4196.50,0.20,4196.30,2,4196.20,6,4196.10,8,4196.00,9,4195.90,11,4195.80,10,4195.70,17,4195.60,16,4195.50,23,4195.40,18,4196.50,4,4196.60,8,4196.70,8,4196.80,9,4196.90,7,4197.00,16,4197.10,16,4197.20,18,4197.30,17,4197.40,19,Buy,32,53,85,-21.00,1.00,-31.00,1.30,30.8,4196.90,4197.00,4195.70,4196.50,87,73,160,14.00,17.00,-33.00,1.10,54.5,60,177,0.2143,0.4762,63.00,141.00,4194.79,0.2522,UP,77.35,2.0685,1.1168
20261006 200247 213,4196.50,1,4196.20,4196.50,0.30,4196.20,6,4196.10,8,4196.00,9,4195.90,11,4195.80,10,4195.70,17,4195.60,16,4195.50,23,4195.40,18,4195.30,18,4196.50,4,4196.60,8,4196.70,8,4196.80,9,4196.90,7,4197.00,16,4197.10,16,4197.20,18,4197.30,17,4197.40,19,Buy,33,53,86,-20.00,1.00,-31.00,1.30,30.8,4196.90,4197.00,4195.70,4196.50,87,73,160,14.00,17.00,-33.00,1.10,54.5,60,177,0.2143,0.5500,64.00,142.00,4194.79,0.2522,UP,77.35,2.0685,1.1168
20261006 200249 852,4196.50,1,4196.30,4196.60,0.30,4196.30,6,4196.20,7,4196.10,9,4196.00,9,4195.90,11,4195.80,18,4195.70,17,4195.60,16,4195.50,23,4195.40,18,4196.60,5,4196.70,8,4196.80,9,4196.90,7,4197.00,16,4197.10,16,4197.20,18,4197.30,17,4197.40,19,4197.50,20,Buy,34,53,87,-19.00,1.00,-31.00,1.30,30.8,4196.90,4197.00,4195.70,4196.50,87,73,160,14.00,17.00,-33.00,1.10,54.5,60,177,0.2143,0.6316,65.00,143.00,4194.79,0.2522,UP,77.35,2.0685,1.1168
20261006 200251 169,4196.50,1,4196.40,4196.60,0.20,4196.40,3,4196.30,5,4196.20,8,4196.10,10,4196.00,9,4195.90,11,4195.80,18,4195.70,17,4195.60,16,4195.50,23,4196.60,4,4196.70,7,4196.80,10,4196.90,7,4197.00,16,4197.10,16,4197.20,18,4197.30,17,4197.40,19,4197.50,20,Buy,35,53,88,-18.00,1.00,-31.00,1.30,30.8,4196.90,4197.00,4195.70,4196.50,87,73,160,14.00,17.00,-33.00,1.10,54.5,60,177,0.2143,0.7222,66.00,144.00,4194.79,0.2522,UP,77.35,2.0685,1.1168
20261006 200251 465,4196.60,1,4196.30,4196.60,0.30,4196.30,6,4196.20,8,4196.10,10,4196.00,9,4195.90,11,4195.80,18,4195.70,17,4195.60,16,4195.50,23,4195.40,18,4196.60,4,4196.70,7,4196.80,10,4196.90,8,4197.00,16,4197.10,16,4197.20,18,4197.30,17,4197.40,19,4197.50,20,Buy,36,53,89,-17.00,1.00,-31.00,1.30,23.1,4196.90,4197.00,4195.70,4196.60,87,73,160,14.00,17.00,-33.00,1.10,54.5,60,177,0.2143,0.8235,67.00,145.00,4194.80,0.2554,UP,77.35,2.0685,1.1168
20261006 200256 401,4196.40,1,4196.40,4196.60,0.20,4196.40,4,4196.30,6,4196.20,8,4196.10,10,4196.00,10,4195.90,11,4195.80,18,4195.70,19,4195.60,16,4195.50,23,4196.60,3,4196.70,6,4196.80,8,4196.90,8,4197.00,17,4197.10,16,4197.20,18,4197.30,17,4197.40,19,4197.50,20,Sell,36,54,90,-18.00,1.00,-31.00,1.30,38.5,4196.90,4197.00,4195.70,4196.40,87,73,160,14.00,17.00,-33.00,1.10,54.5,60,177,0.2143,0.7222,66.00,144.00,4194.78,0.2490,UP,77.35,2.0685,1.1168
20261006 200257 389,4196.50,1,4196.30,4196.60,0.30,4196.30,6,4196.20,8,4196.10,9,4196.00,10,4195.90,11,4195.80,18,4195.70,19,4195.60,16,4195.50,23,4195.40,18,4196.60,5,4196.70,6,4196.80,8,4196.90,8,4197.00,17,4197.10,16,4197.20,18,4197.30,17,4197.40,19,4197.50,20,Sell,36,55,91,-19.00,1.00,-31.00,1.30,30.8,4196.90,4197.00,4195.70,4196.50,87,73,160,14.00,17.00,-33.00,1.10,54.5,60,177,0.2143,0.6316,65.00,143.00,4194.79,0.2522,UP,77.35,2.0685,1.1168
20261006 200300 763,4196.50,1,4196.60,4196.90,0.30,4196.60,7,4196.50,8,4196.40,7,4196.30,10,4196.20,8,4196.10,11,4196.00,20,4195.90,21,4195.80,18,4195.70,19,4196.90,5,4197.00,16,4197.10,6,4197.20,8,4197.30,17,4197.40,19,4197.50,20,4197.60,19,4197.70,18,4197.80,19,Buy,1,0,1,1.00,1.00,1.00,0.00,0.0,4196.50,4196.50,4196.50,4196.50,36,55,91,-19.00,1.00,-31.00,1.30,30.8,18,105,0.6316,0.0000,58.00,129.00,4194.79,0.2522,UP,81.30,1.1193,1.0371
20261006 200300 763,4196.50,1,4196.60,4196.90,0.30,4196.60,7,4196.50,8,4196.40,7,4196.30,10,4196.20,8,4196.10,11,4196.00,20,4195.90,21,4195.80,18,4195.70,19,4196.90,5,4197.00,16,4197.10,6,4197.20,8,4197.30,17,4197.40,19,4197.50,20,4197.60,19,4197.70,18,4197.80,19,Buy,2,0,2,2.00,2.00,1.00,0.00,0.0,4196.50,4196.50,4196.50,4196.50,36,55,91,-19.00,1.00,-31.00,1.30,30.8,18,105,0.6316,0.0000,59.00,130.00,4194.79,0.2522,UP,81.30,1.1193,1.0371
20261006 200300 763,4196.50,1,4196.60,4196.90,0.30,4196.60,7,4196.50,8,4196.40,7,4196.30,10,4196.20,8,4196.10,11,4196.00,20,4195.90,21,4195.80,18,4195.70,19,4196.90,5,4197.00,16,4197.10,6,4197.20,8,4197.30,17,4197.40,19,4197.50,20,4197.60,19,4197.70,18,4197.80,19,Buy,3,0,3,3.00,3.00,1.00,0.00,0.0,4196.50,4196.50,4196.50,4196.50,36,55,91,-19.00,1.00,-31.00,1.30,30.8,18,105,0.6316,0.0000,60.00,131.00,4194.79,0.2522,UP,81.30,1.1193,1.0371
20261006 200300 773,4196.70,1,4196.60,4196.90,0.30,4196.60,7,4196.50,8,4196.40,7,4196.30,10,4196.20,8,4196.10,11,4196.00,20,4195.90,21,4195.80,18,4195.70,19,4196.90,5,4197.00,16,4197.10,6,4197.20,8,4197.30,17,4197.40,19,4197.50,20,4197.60,19,4197.70,18,4197.80,19,Buy,4,0,4,4.00,4.00,1.00,0.20,100.0,4196.50,4196.70,4196.50,4196.70,36,55,91,-19.00,1.00,-31.00,1.30,30.8,18,105,0.6316,0.0000,61.00,132.00,4194.81,0.2586,UP,81.30,1.1193,1.0513
20261006 200300 773,4196.70,1,4196.60,4196.90,0.30,4196.60,7,4196.50,8,4196.40,7,4196.30,10,4196.20,8,4196.10,11,4196.00,20,4195.90,21,4195.80,18,4195.70,19,4196.90,5,4197.00,16,4197.10,6,4197.20,8,4197.30,17,4197.40,19,4197.50,20,4197.60,19,4197.70,18,4197.80,19,Buy,5,0,5,5.00,5.00,1.00,0.20,100.0,4196.50,4196.70,4196.50,4196.70,36,55,91,-19.00,1.00,-31.00,1.30,30.8,18,105,0.6316,0.0000,62.00,133.00,4194.81,0.2586,UP,81.30,1.1193,1.0513
20261006 200300 773,4196.80,1,4196.60,4196.90,0.30,4196.60,7,4196.50,8,4196.40,7,4196.30,10,4196.20,8,4196.10,11,4196.00,20,4195.90,21,4195.80,18,4195.70,19,4196.90,5,4197.00,16,4197.10,6,4197.20,8,4197.30,17,4197.40,19,4197.50,20,4197.60,19,4197.70,18,4197.80,19,Buy,6,0,6,6.00,6.00,1.00,0.30,100.0,4196.50,4196.80,4196.50,4196.80,36,55,91,-19.00,1.00,-31.00,1.30,30.8,18,105,0.6316,0.0000,63.00,134.00,4194.82,0.2617,UP,81.30,1.1193,1.0585
20261006 200300 773,4196.80,1,4196.60,4196.90,0.30,4196.60,7,4196.50,8,4196.40,7,4196.30,10,4196.20,8,4196.10,11,4196.00,20,4195.90,21,4195.80,18,4195.70,19,4196.90,5,4197.00,16,4197.10,6,4197.20,8,4197.30,17,4197.40,19,4197.50,20,4197.60,19,4197.70,18,4197.80,19,Buy,7,0,7,7.00,7.00,1.00,0.30,100.0,4196.50,4196.80,4196.50,4196.80,36,55,91,-19.00,1.00,-31.00,1.30,30.8,18,105,0.6316,0.0000,64.00,135.00,4194.82,0.2617,UP,81.30,1.1193,1.0585
20261006 200300 773,4196.80,1,4196.60,4196.90,0.30,4196.60,7,4196.50,8,4196.40,7,4196.30,10,4196.20,8,4196.10,11,4196.00,20,4195.90,21,4195.80,18,4195.70,19,4196.90,5,4197.00,16,4197.10,6,4197.20,8,4197.30,17,4197.40,19,4197.50,20,4197.60,19,4197.70,18,4197.80,19,Buy,8,0,8,8.00,8.00,1.00,0.30,100.0,4196.50,4196.80,4196.50,4196.80,36,55,91,-19.00,1.00,-31.00,1.30,30.8,18,105,0.6316,0.0000,65.00,136.00,4194.82,0.2617,UP,81.30,1.1193,1.0585
20261006 200300 773,4196.80,2,4196.60,4196.90,0.30,4196.60,7,4196.50,8,4196.40,7,4196.30,10,4196.20,8,4196.10,11,4196.00,20,4195.90,21,4195.80,18,4195.70,19,4196.90,5,4197.00,16,4197.10,6,4197.20,8,4197.30,17,4197.40,19,4197.50,20,4197.60,19,4197.70,18,4197.80,19,Buy,10,0,10,10.00,10.00,1.00,0.30,100.0,4196.50,4196.80,4196.50,4196.80,36,55,91,-19.00,1.00,-31.00,1.30,30.8,18,105,0.6316,0.0000,67.00,138.00,4194.82,0.2617,UP,81.30,1.1193,1.0585
20261006 200300 773,4196.80,1,4196.60,4196.90,0.30,4196.60,7,4196.50,8,4196.40,7,4196.30,10,4196.20,8,4196.10,11,4196.00,20,4195.90,21,4195.80,18,4195.70,19,4196.90,5,4197.00,16,4197.10,6,4197.20,8,4197.30,17,4197.40,19,4197.50,20,4197.60,19,4197.70,18,4197.80,19,Buy,11,0,11,11.00,11.00,1.00,0.30,100.0,4196.50,4196.80,4196.50,4196.80,36,55,91,-19.00,1.00,-31.00,1.30,30.8,18,105,0.6316,0.0000,68.00,139.00,4194.82,0.2617,UP,81.30,1.1193,1.0585
20261006 200300 773,4196.80,2,4196.60,4196.90,0.30,4196.60,7,4196.50,8,4196.40,7,4196.30,10,4196.20,8,4196.10,11,4196.00,20,4195.90,21,4195.80,18,4195.70,19,4196.90,5,4197.00,16,4197.10,6,4197.20,8,4197.30,17,4197.40,19,4197.50,20,4197.60,19,4197.70,18,4197.80,19,Buy,13,0,13,13.00,13.00,1.00,0.30,100.0,4196.50,4196.80,4196.50,4196.80,36,55,91,-19.00,1.00,-31.00,1.30,30.8,18,105,0.6316,0.0000,70.00,141.00,4194.82,0.2617,UP,81.30,1.1193,1.0585
20261006 200302 207,4196.90,1,4196.70,4196.90,0.20,4196.70,5,4196.60,7,4196.50,9,4196.40,9,4196.30,10,4196.20,8,4196.10,11,4196.00,20,4195.90,21,4195.80,18,4196.90,2,4197.00,16,4197.10,6,4197.20,8,4197.30,7,4197.40,19,4197.50,20,4197.60,19,4197.70,18,4197.80,19,Buy,14,0,14,14.00,14.00,1.00,0.40,100.0,4196.50,4196.90,4196.50,4196.90,36,55,91,-19.00,1.00,-31.00,1.30,30.8,18,105,0.6316,0.0000,71.00,142.00,4194.83,0.2649,UP,81.30,1.1193,1.0656
20261006 200308 274,4196.80,2,4196.70,4196.90,0.20,4196.70,4,4196.60,7,4196.50,8,4196.40,9,4196.30,10,4196.20,8,4196.10,11,4196.00,20,4195.90,21,4195.80,18,4196.90,4,4197.00,15,4197.10,6,4197.20,8,4197.30,8,4197.40,19,4197.50,20,4197.60,19,4197.70,18,4197.80,19,Sell,14,2,16,12.00,14.00,1.00,0.40,75.0,4196.50,4196.90,4196.50,4196.80,36,55,91,-19.00,1.00,-31.00,1.30,30.8,18,105,0.6316,0.1667,69.00,140.00,4194.82,0.2617,UP,81.30,1.1193,1.0656
20261006 200308 274,4196.80,1,4196.70,4196.90,0.20,4196.70,4,4196.60,7,4196.50,8,4196.40,9,4196.30,10,4196.20,8,4196.10,11,4196.00,20,4195.90,21,4195.80,18,4196.90,4,4197.00,15,4197.10,6,4197.20,8,4197.30,8,4197.40,19,4197.50,20,4197.60,19,4197.70,18,4197.80,19,Sell,14,3,17,11.00,14.00,1.00,0.40,75.0,4196.50,4196.90,4196.50,4196.80,36,55,91,-19.00,1.00,-31.00,1.30,30.8,18,105,0.6316,0.2727,68.00,139.00,4194.82,0.2617,UP,81.30,1.1193,1.0656
20261006 200311 909,4196.90,1,4196.80,4197.00,0.20,4196.80,6,4196.70,5,4196.60,7,4196.50,9,4196.40,9,4196.30,10,4196.20,8,4196.10,21,4196.00,20,4195.90,21,4197.00,11,4197.10,4,4197.20,8,4197.30,8,4197.40,9,4197.50,20,4197.60,19,4197.70,18,4197.80,19,4197.90,20,Buy,15,3,18,12.00,14.00,1.00,0.40,100.0,4196.50,4196.90,4196.50,4196.90,36,55,91,-19.00,1.00,-31.00,1.30,30.8,18,105,0.6316,0.1667,69.00,140.00,4194.83,0.2649,UP,81.30,1.1193,1.0656
20261006 200312 983,4197.00,10,4196.90,4197.00,0.10,4196.90,2,4196.80,5,4196.70,5,4196.60,8,4196.50,9,4196.40,9,4196.30,10,4196.20,8,4196.10,21,4196.00,20,4197.00,11,4197.10,2,4197.20,8,4197.30,8,4197.40,9,4197.50,20,4197.60,19,4197.70,18,4197.80,19,4197.90,20,Buy,25,3,28,22.00,22.00,1.00,0.50,100.0,4196.50,4197.00,4196.50,4197.00,36,55,91,-19.00,1.00,-31.00,1.30,30.8,18,105,0.6316,0.0000,79.00,150.00,4194.84,0.2681,UP,81.30,1.1193,1.0728
20261006 200312 983,4197.00,1,4196.90,4197.00,0.10,4196.90,2,4196.80,5,4196.70,5,4196.60,8,4196.50,9,4196.40,9,4196.30,10,4196.20,8,4196.10,21,4196.00,20,4197.00,11,4197.10,2,4197.20,8,4197.30,8,4197.40,9,4197.50,20,4197.60,19,4197.70,18,4197.80,19,4197.90,20,Buy,26,3,29,23.00,23.00,1.00,0.50,100.0,4196.50,4197.00,4196.50,4197.00,36,55,91,-19.00,1.00,-31.00,1.30,30.8,18,105,0.6316,0.0000,80.00,151.00,4194.84,0.2681,UP,81.30,1.1193,1.0728
20261006 200312 984,4197.00,1,4196.90,4197.00,0.10,4196.90,2,4196.80,5,4196.70,5,4196.60,8,4196.50,9,4196.40,9,4196.30,10,4196.20,8,4196.10,21,4196.00,20,4197.00,11,4197.10,2,4197.20,8,4197.30,8,4197.40,9,4197.50,20,4197.60,19,4197.70,18,4197.80,19,4197.90,20,Buy,27,3,30,24.00,24.00,1.00,0.50,100.0,4196.50,4197.00,4196.50,4197.00,36,55,91,-19.00,1.00,-31.00,1.30,30.8,18,105,0.6316,0.0000,81.00,152.00,4194.84,0.2681,UP,81.30,1.1193,1.0728
20261006 200312 988,4197.00,5,4196.90,4197.00,0.10,4196.90,2,4196.80,5,4196.70,5,4196.60,8,4196.50,9,4196.40,9,4196.30,10,4196.20,8,4196.10,21,4196.00,20,4197.00,11,4197.10,2,4197.20,8,4197.30,8,4197.40,9,4197.50,20,4197.60,19,4197.70,18,4197.80,19,4197.90,20,Buy,32,3,35,29.00,29.00,1.00,0.50,100.0,4196.50,4197.00,4196.50,4197.00,36,55,91,-19.00,1.00,-31.00,1.30,30.8,18,105,0.6316,0.0000,86.00,157.00,4194.84,0.2681,UP,81.30,1.1193,1.0728
20261006 200312 988,4197.00,4,4196.90,4197.00,0.10,4196.90,2,4196.80,5,4196.70,5,4196.60,8,4196.50,9,4196.40,9,4196.30,10,4196.20,8,4196.10,21,4196.00,20,4197.00,11,4197.10,2,4197.20,8,4197.30,8,4197.40,9,4197.50,20,4197.60,19,4197.70,18,4197.80,19,4197.90,20,Buy,36,3,39,33.00,33.00,1.00,0.50,100.0,4196.50,4197.00,4196.50,4197.00,36,55,91,-19.00,1.00,-31.00,1.30,30.8,18,105,0.6316,0.0000,90.00,161.00,4194.84,0.2681,UP,81.30,1.1193,1.0728
20261006 200312 997,4196.70,1,4196.60,4196.80,0.20,4196.60,1,4196.50,8,4196.40,9,4196.30,10,4196.20,8,4196.10,21,4196.00,20,4195.90,21,4195.80,18,4195.70,19,4196.80,7,4196.90,7,4197.00,7,4197.10,5,4197.20,8,4197.30,8,4197.40,9,4197.50,20,4197.60,19,4197.70,18,Sell,36,4,40,32.00,33.00,1.00,0.50,40.0,4196.50,4197.00,4196.50,4196.70,36,55,91,-19.00,1.00,-31.00,1.30,30.8,18,105,0.6316,0.0313,89.00,160.00,4194.81,0.2586,UP,81.30,1.1193,1.0728
20261006 200312 997,4196.70,1,4196.60,4196.80,0.20,4196.60,1,4196.50,8,4196.40,9,4196.30,10,4196.20,8,4196.10,21,4196.00,20,4195.90,21,4195.80,18,4195.70,19,4196.80,7,4196.90,7,4197.00,7,4197.10,5,4197.20,8,4197.30,8,4197.40,9,4197.50,20,4197.60,19,4197.70,18,Sell,36,5,41,31.00,33.00,1.00,0.50,40.0,4196.50,4197.00,4196.50,4196.70,36,55,91,-19.00,1.00,-31.00,1.30,30.8,18,105,0.6316,0.0645,88.00,159.00,4194.81,0.2586,UP,81.30,1.1193,1.0728
20261006 200312 998,4196.80,1,4196.60,4196.80,0.20,4196.60,1,4196.50,8,4196.40,9,4196.30,10,4196.20,8,4196.10,21,4196.00,20,4195.90,21,4195.80,18,4195.70,19,4196.80,7,4196.90,7,4197.00,7,4197.10,5,4197.20,8,4197.30,8,4197.40,9,4197.50,20,4197.60,19,4197.70,18,Buy,37,5,42,32.00,33.00,1.00,0.50,60.0,4196.50,4197.00,4196.50,4196.80,36,55,91,-19.00,1.00,-31.00,1.30,30.8,18,105,0.6316,0.0313,89.00,160.00,4194.82,0.2617,UP,81.30,1.1193,1.0728
20261006 200312 998,4196.80,1,4196.60,4196.80,0.20,4196.60,1,4196.50,8,4196.40,9,4196.30,10,4196.20,8,4196.10,21,4196.00,20,4195.90,21,4195.80,18,4195.70,19,4196.80,7,4196.90,7,4197.00,7,4197.10,5,4197.20,8,4197.30,8,4197.40,9,4197.50,20,4197.60,19,4197.70,18,Buy,38,5,43,33.00,33.00,1.00,0.50,60.0,4196.50,4197.00,4196.50,4196.80,36,55,91,-19.00,1.00,-31.00,1.30,30.8,18,105,0.6316,0.0000,90.00,161.00,4194.82,0.2617,UP,81.30,1.1193,1.0728
20261006 200313 005,4196.90,1,4196.60,4196.80,0.20,4196.60,1,4196.50,8,4196.40,9,4196.30,10,4196.20,8,4196.10,21,4196.00,20,4195.90,21,4195.80,18,4195.70,19,4196.80,7,4196.90,7,4197.00,7,4197.10,5,4197.20,8,4197.30,8,4197.40,9,4197.50,20,4197.60,19,4197.70,18,Buy,39,5,44,34.00,34.00,1.00,0.50,80.0,4196.50,4197.00,4196.50,4196.90,36,55,91,-19.00,1.00,-31.00,1.30,30.8,18,105,0.6316,0.0000,91.00,162.00,4194.83,0.2649,UP,81.30,1.1193,1.0728
20261006 200313 005,4196.90,1,4196.60,4196.80,0.20,4196.60,1,4196.50,8,4196.40,9,4196.30,10,4196.20,8,4196.10,21,4196.00,20,4195.90,21,4195.80,18,4195.70,19,4196.80,7,4196.90,7,4197.00,7,4197.10,5,4197.20,8,4197.30,8,4197.40,9,4197.50,20,4197.60,19,4197.70,18,Buy,40,5,45,35.00,35.00,1.00,0.50,80.0,4196.50,4197.00,4196.50,4196.90,36,55,91,-19.00,1.00,-31.00,1.30,30.8,18,105,0.6316,0.0000,92.00,163.00,4194.83,0.2649,UP,81.30,1.1193,1.0728
20261006 200313 009,4196.70,1,4196.60,4196.80,0.20,4196.60,1,4196.50,8,4196.40,9,4196.30,10,4196.20,8,4196.10,21,4196.00,20,4195.90,21,4195.80,18,4195.70,19,4196.80,7,4196.90,7,4197.00,7,4197.10,5,4197.20,8,4197.30,8,4197.40,9,4197.50,20,4197.60,19,4197.70,18,Sell,40,6,46,34.00,35.00,1.00,0.50,40.0,4196.50,4197.00,4196.50,4196.70,36,55,91,-19.00,1.00,-31.00,1.30,30.8,18,105,0.6316,0.0294,91.00,162.00,4194.81,0.2586,UP,81.30,1.1193,1.0728
20261006 200317 989,4196.60,1,4196.60,4196.80,0.20,4196.60,3,4196.50,8,4196.40,9,4196.30,10,4196.20,8,4196.10,21,4196.00,20,4195.90,21,4195.80,18,4195.70,19,4196.80,3,4196.90,7,4197.00,8,4197.10,7,4197.20,8,4197.30,8,4197.40,19,4197.50,20,4197.60,19,4197.70,18,Sell,40,7,47,33.00,35.00,1.00,0.50,20.0,4196.50,4197.00,4196.50,4196.60,36,55,91,-19.00,1.00,-31.00,1.30,30.8,18,105,0.6316,0.0606,90.00,161.00,4194.80,0.2554,UP,81.30,1.1193,1.0728
20261006 200319 393,4196.80,1,4196.50,4196.80,0.30,4196.50,6,4196.40,9,4196.30,10,4196.20,8,4196.10,11,4196.00,20,4195.90,21,4195.80,18,4195.70,19,4195.60,16,4196.80,5,4196.90,7,4197.00,9,4197.10,7,4197.20,8,4197.30,8,4197.40,19,4197.50,20,4197.60,19,4197.70,18,Buy,41,7,48,34.00,35.00,1.00,0.50,60.0,4196.50,4197.00,4196.50,4196.80,36,55,91,-19.00,1.00,-31.00,1.30,30.8,18,105,0.6316,0.0294,91.00,162.00,4194.82,0.2617,UP,81.30,1.1193,1.0728
20261006 200322 516,4196.80,1,4196.60,4196.80,0.20,4196.60,4,4196.50,7,4196.40,8,4196.30,10,4196.20,8,4196.10,11,4196.00,20,4195.90,21,4195.80,18,4195.70,19,4196.80,2,4196.90,7,4197.00,9,4197.10,7,4197.20,8,4197.30,18,4197.40,19,4197.50,20,4197.60,19,4197.70,18,Buy,42,7,49,35.00,35.00,1.00,0.50,60.0,4196.50,4197.00,4196.50,4196.80,36,55,91,-19.00,1.00,-31.00,1.30,30.8,18,105,0.6316,0.0000,92.00,163.00,4194.82,0.2617,UP,81.30,1.1193,1.0728
20261006 200322 516,4196.80,1,4196.60,4196.80,0.20,4196.60,4,4196.50,7,4196.40,8,4196.30,10,4196.20,8,4196.10,11,4196.00,20,4195.90,21,4195.80,18,4195.70,19,4196.80,2,4196.90,7,4197.00,9,4197.10,7,4197.20,8,4197.30,18,4197.40,19,4197.50,20,4197.60,19,4197.70,18,Buy,43,7,50,36.00,36.00,1.00,0.50,60.0,4196.50,4197.00,4196.50,4196.80,36,55,91,-19.00,1.00,-31.00,1.30,30.8,18,105,0.6316,0.0000,93.00,164.00,4194.82,0.2617,UP,81.30,1.1193,1.0728
20261006 200322 626,4196.80,1,4196.70,4196.80,0.10,4196.70,1,4196.60,5,4196.50,7,4196.40,8,4196.30,10,4196.20,8,4196.10,11,4196.00,20,4195.90,21,4195.80,18,4196.80,2,4196.90,7,4197.00,9,4197.10,7,4197.20,8,4197.30,18,4197.40,19,4197.50,20,4197.60,19,4197.70,18,Buy,44,7,51,37.00,37.00,1.00,0.50,60.0,4196.50,4197.00,4196.50,4196.80,36,55,91,-19.00,1.00,-31.00,1.30,30.8,18,105,0.6316,0.0000,94.00,165.00,4194.82,0.2617,UP,81.30,1.1193,1.0728
20261006 200326 640,4196.80,1,4196.60,4196.80,0.20,4196.60,4,4196.50,10,4196.40,8,4196.30,10,4196.20,8,4196.10,21,4196.00,20,4195.90,21,4195.80,18,4195.70,19,4196.90,7,4197.00,8,4197.10,6,4197.20,8,4197.30,8,4197.40,19,4197.50,20,4197.60,19,4197.70,18,4197.80,19,Buy,45,7,52,38.00,38.00,1.00,0.50,60.0,4196.50,4197.00,4196.50,4196.80,36,55,91,-19.00,1.00,-31.00,1.30,30.8,18,105,0.6316,0.0000,95.00,166.00,4194.82,0.2617,UP,81.30,1.1193,1.0728
20261006 200327 635,4196.80,1,4196.70,4196.90,0.20,4196.70,4,4196.60,7,4196.50,9,4196.40,8,4196.30,10,4196.20,8,4196.10,21,4196.00,20,4195.90,21,4195.80,18,4196.90,2,4197.00,8,4197.10,7,4197.20,8,4197.30,8,4197.40,19,4197.50,20,4197.60,19,4197.70,18,4197.80,19,Buy,46,7,53,39.00,39.00,1.00,0.50,60.0,4196.50,4197.00,4196.50,4196.80,36,55,91,-19.00,1.00,-31.00,1.30,30.8,18,105,0.6316,0.0000,96.00,167.00,4194.82,0.2617,UP,81.30,1.1193,1.0728
20261006 200331 059,4196.80,1,4196.50,4196.80,0.30,4196.50,7,4196.40,8,4196.30,10,4196.20,8,4196.10,21,4196.00,20,4195.90,21,4195.80,19,4195.70,19,4195.60,16,4196.80,4,4196.90,10,4197.00,9,4197.10,6,4197.20,8,4197.30,8,4197.40,19,4197.50,20,4197.60,19,4197.70,18,Sell,46,8,54,38.00,39.00,1.00,0.50,60.0,4196.50,4197.00,4196.50,4196.80,36,55,91,-19.00,1.00,-31.00,1.30,30.8,18,105,0.6316,0.0263,95.00,166.00,4194.82,0.2617,UP,81.30,1.1193,1.0728
20261006 200331 059,4196.80,1,4196.50,4196.80,0.30,4196.50,7,4196.40,8,4196.30,10,4196.20,8,4196.10,21,4196.00,20,4195.90,21,4195.80,19,4195.70,19,4195.60,16,4196.80,4,4196.90,10,4197.00,9,4197.10,6,4197.20,8,4197.30,8,4197.40,19,4197.50,20,4197.60,19,4197.70,18,Sell,46,9,55,37.00,39.00,1.00,0.50,60.0,4196.50,4197.00,4196.50,4196.80,36,55,91,-19.00,1.00,-31.00,1.30,30.8,18,105,0.6316,0.0541,94.00,165.00,4194.82,0.2617,UP,81.30,1.1193,1.0728
20261006 200331 059,4196.80,2,4196.50,4196.80,0.30,4196.50,7,4196.40,8,4196.30,10,4196.20,8,4196.10,21,4196.00,20,4195.90,21,4195.80,19,4195.70,19,4195.60,16,4196.80,4,4196.90,10,4197.00,9,4197.10,6,4197.20,8,4197.30,8,4197.40,19,4197.50,20,4197.60,19,4197.70,18,Sell,46,11,57,35.00,39.00,1.00,0.50,60.0,4196.50,4197.00,4196.50,4196.80,36,55,91,-19.00,1.00,-31.00,1.30,30.8,18,105,0.6316,0.1143,92.00,163.00,4194.82,0.2617,UP,81.30,1.1193,1.0728
20261006 200334 258,4196.80,1,4196.50,4196.80,0.30,4196.50,9,4196.40,8,4196.30,10,4196.20,8,4196.10,21,4196.00,20,4195.90,21,4195.80,19,4195.70,19,4195.60,16,4196.80,4,4196.90,7,4197.00,9,4197.10,6,4197.20,8,4197.30,8,4197.40,19,4197.50,20,4197.60,19,4197.70,18,Buy,47,11,58,36.00,39.00,1.00,0.50,60.0,4196.50,4197.00,4196.50,4196.80,36,55,91,-19.00,1.00,-31.00,1.30,30.8,18,105,0.6316,0.0833,93.00,164.00,4194.82,0.2617,UP,81.30,1.1193,1.0728
20261006 200336 143,4196.70,1,4196.50,4196.70,0.20,4196.50,1,4196.40,7,4196.30,10,4196.20,8,4196.10,11,4196.00,20,4195.90,21,4195.80,19,4195.70,19,4195.60,16,4196.70,4,4196.80,7,4196.90,8,4197.00,10,4197.10,6,4197.20,8,4197.30,18,4197.40,19,4197.50,20,4197.60,19,Buy,48,11,59,37.00,39.00,1.00,0.50,40.0,4196.50,4197.00,4196.50,4196.70,36,55,91,-19.00,1.00,-31.00,1.30,30.8,18,105,0.6316,0.0541,94.00,165.00,4194.81,0.2586,UP,81.30,1.1193,1.0728
20261006 200337 923,4196.50,1,4196.40,4196.60,0.20,4196.40,4,4196.30,9,4196.20,8,4196.10,11,4196.00,10,4195.90,21,4195.80,21,4195.70,19,4195.60,16,4195.50,23,4196.60,2,4196.70,4,4196.80,7,4196.90,8,4197.00,10,4197.10,6,4197.20,8,4197.30,18,4197.40,19,4197.50,20,Sell,48,12,60,36.00,39.00,1.00,0.50,0.0,4196.50,4197.00,4196.50,4196.50,36,55,91,-19.00,1.00,-31.00,1.30,30.8,18,105,0.6316,0.0833,93.00,164.00,4194.79,0.2522,UP,81.30,1.1193,1.0728
20261006 200342 275,4196.50,1,4196.30,4196.50,0.20,4196.30,6,4196.20,8,4196.10,11,4196.00,10,4195.90,11,4195.80,21,4195.70,19,4195.60,16,4195.50,23,4195.40,17,4196.50,1,4196.60,6,4196.70,5,4196.80,8,4196.90,7,4197.00,10,4197.10,6,4197.20,18,4197.30,18,4197.40,19,Buy,49,12,61,37.00,39.00,1.00,0.50,0.0,4196.50,4197.00,4196.50,4196.50,36,55,91,-19.00,1.00,-31.00,1.30,30.8,18,105,0.6316,0.0541,94.00,165.00,4194.79,0.2522,UP,81.30,1.1193,1.0728
20261006 200345 027,4196.50,1,4196.40,4196.60,0.20,4196.40,5,4196.30,6,4196.20,8,4196.10,11,4196.00,10,4195.90,11,4195.80,21,4195.70,19,4195.60,16,4195.50,23,4196.60,1,4196.70,4,4196.80,8,4196.90,8,4197.00,10,4197.10,16,4197.20,18,4197.30,18,4197.40,19,4197.50,20,Buy,50,12,62,38.00,39.00,1.00,0.50,0.0,4196.50,4197.00,4196.50,4196.50,36,55,91,-19.00,1.00,-31.00,1.30,30.8,18,105,0.6316,0.0263,95.00,166.00,4194.79,0.2522,UP,81.30,1.1193,1.0728
20261006 200347 347,4196.40,2,4196.40,4196.60,0.20,4196.40,1,4196.30,9,4196.20,8,4196.10,11,4196.00,10,4195.90,11,4195.80,21,4195.70,19,4195.60,16,4195.50,23,4196.60,5,4196.70,4,4196.80,8,4196.90,8,4197.00,10,4197.10,16,4197.20,18,4197.30,18,4197.40,19,4197.50,20,Sell,50,14,64,36.00,39.00,1.00,0.60,16.7,4196.50,4197.00,4196.40,4196.40,36,55,91,-19.00,1.00,-31.00,1.30,30.8,18,105,0.6316,0.0833,93.00,164.00,4194.78,0.2490,UP,81.30,1.1193,1.0799
20261006 200347 347,4196.40,1,4196.40,4196.60,0.20,4196.40,1,4196.30,9,4196.20,8,4196.10,11,4196.00,10,4195.90,11,4195.80,21,4195.70,19,4195.60,16,4195.50,23,4196.60,5,4196.70,4,4196.80,8,4196.90,8,4197.00,10,4197.10,16,4197.20,18,4197.30,18,4197.40,19,4197.50,20,Sell,50,15,65,35.00,39.00,1.00,0.60,16.7,4196.50,4197.00,4196.40,4196.40,36,55,91,-19.00,1.00,-31.00,1.30,30.8,18,105,0.6316,0.1143,92.00,163.00,4194.78,0.2490,UP,81.30,1.1193,1.0799
20261006 200347 347,4196.30,1,4196.40,4196.60,0.20,4196.40,1,4196.30,9,4196.20,8,4196.10,11,4196.00,10,4195.90,11,4195.80,21,4195.70,19,4195.60,16,4195.50,23,4196.60,5,4196.70,4,4196.80,8,4196.90,8,4197.00,10,4197.10,16,4197.20,18,4197.30,18,4197.40,19,4197.50,20,Sell,50,16,66,34.00,39.00,1.00,0.70,28.6,4196.50,4197.00,4196.30,4196.30,36,55,91,-19.00,1.00,-31.00,1.30,30.8,18,105,0.6316,0.1471,91.00,162.00,4194.77,0.2459,UP,81.30,1.1193,1.0871
20261006 200347 347,4196.30,1,4196.40,4196.60,0.20,4196.40,1,4196.30,9,4196.20,8,4196.10,11,4196.00,10,4195.90,11,4195.80,21,4195.70,19,4195.60,16,4195.50,23,4196.60,5,4196.70,4,4196.80,8,4196.90,8,4197.00,10,4197.10,16,4197.20,18,4197.30,18,4197.40,19,4197.50,20,Sell,50,17,67,33.00,39.00,1.00,0.70,28.6,4196.50,4197.00,4196.30,4196.30,36,55,91,-19.00,1.00,-31.00,1.30,30.8,18,105,0.6316,0.1818,90.00,161.00,4194.77,0.2459,UP,81.30,1.1193,1.0871
20261006 200353 079,4196.40,1,4196.40,4196.60,0.20,4196.40,1,4196.30,8,4196.20,8,4196.10,10,4196.00,10,4195.90,11,4195.80,20,4195.70,19,4195.60,16,4195.50,23,4196.60,6,4196.70,4,4196.80,8,4196.90,7,4197.00,10,4197.10,16,4197.20,18,4197.30,18,4197.40,19,4197.50,20,Sell,50,18,68,32.00,39.00,1.00,0.70,14.3,4196.50,4197.00,4196.30,4196.40,36,55,91,-19.00,1.00,-31.00,1.30,30.8,18,105,0.6316,0.2188,89.00,160.00,4194.78,0.2490,UP,81.30,1.1193,1.0871
20261006 200353 079,4196.40,1,4196.40,4196.60,0.20,4196.40,1,4196.30,8,4196.20,8,4196.10,10,4196.00,10,4195.90,11,4195.80,20,4195.70,19,4195.60,16,4195.50,23,4196.60,6,4196.70,4,4196.80,8,4196.90,7,4197.00,10,4197.10,16,4197.20,18,4197.30,18,4197.40,19,4197.50,20,Sell,50,19,69,31.00,39.00,1.00,0.70,14.3,4196.50,4197.00,4196.30,4196.40,36,55,91,-19.00,1.00,-31.00,1.30,30.8,18,105,0.6316,0.2581,88.00,159.00,4194.78,0.2490,UP,81.30,1.1193,1.0871
20261006 200354 763,4196.60,1,4196.30,4196.50,0.20,4196.30,7,4196.20,8,4196.10,10,4196.00,10,4195.90,11,4195.80,20,4195.70,19,4195.60,16,4195.50,23,4195.40,17,4196.50,1,4196.60,4,4196.70,5,4196.80,8,4196.90,7,4197.00,10,4197.10,16,4197.20,18,4197.30,18,4197.40,19,Buy,51,19,70,32.00,39.00,1.00,0.70,14.3,4196.50,4197.00,4196.30,4196.60,36,55,91,-19.00,1.00,-31.00,1.30,30.8,18,105,0.6316,0.2188,89.00,160.00,4194.80,0.2554,UP,81.30,1.1193,1.0871
20261006 200354 954,4196.30,1,4196.40,4196.50,0.10,4196.40,2,4196.30,5,4196.20,8,4196.10,10,4196.00,10,4195.90,11,4195.80,20,4195.70,19,4195.60,16,4195.50,23,4196.50,1,4196.60,4,4196.70,5,4196.80,8,4196.90,7,4197.00,10,4197.10,16,4197.20,18,4197.30,18,4197.40,19,Sell,51,20,71,31.00,39.00,1.00,0.70,28.6,4196.50,4197.00,4196.30,4196.30,36,55,91,-19.00,1.00,-31.00,1.30,30.8,18,105,0.6316,0.2581,88.00,159.00,4194.77,0.2459,UP,81.30,1.1193,1.0871
20261006 200354 954,4196.30,1,4196.30,4196.60,0.30,4196.30,5,4196.20,8,4196.10,10,4196.00,10,4195.90,11,4195.80,20,4195.70,19,4195.60,16,4195.50,23,4195.40,17,4196.60,4,4196.70,5,4196.80,8,4196.90,7,4197.00,10,4197.10,16,4197.20,18,4197.30,18,4197.40,19,4197.50,20,Sell,51,20,71,31.00,39.00,1.00,0.70,28.6,4196.50,4197.00,4196.30,4196.30,36,55,91,-19.00,1.00,-31.00,1.30,30.8,18,105,0.6316,0.2581,88.00,159.00,4194.77,0.2459,UP,81.30,1.1193,1.0871
20261006 200356 881,4196.50,1,4196.30,4196.50,0.20,4196.30,5,4196.20,8,4196.10,10,4196.00,10,4195.90,11,4195.80,20,4195.70,19,4195.60,16,4195.50,23,4195.40,17,4196.60,4,4196.70,4,4196.80,8,4196.90,7,4197.00,10,4197.10,16,4197.20,18,4197.30,18,4197.40,19,4197.50,20,Buy,52,20,72,32.00,39.00,1.00,0.70,0.0,4196.50,4197.00,4196.30,4196.50,36,55,91,-19.00,1.00,-31.00,1.30,30.8,18,105,0.6316,0.2188,89.00,160.00,4194.79,0.2522,UP,81.30,1.1193,1.0871
20261006 200356 881,4196.60,1,4196.30,4196.50,0.20,4196.30,5,4196.20,8,4196.10,10,4196.00,10,4195.90,11,4195.80,20,4195.70,19,4195.60,16,4195.50,23,4195.40,17,4196.60,4,4196.70,4,4196.80,8,4196.90,7,4197.00,10,4197.10,16,4197.20,18,4197.30,18,4197.40,19,4197.50,20,Buy,53,20,73,33.00,39.00,1.00,0.70,14.3,4196.50,4197.00,4196.30,4196.60,36,55,91,-19.00,1.00,-31.00,1.30,30.8,18,105,0.6316,0.1818,90.00,161.00,4194.80,0.2554,UP,81.30,1.1193,1.0871
20261006 200356 881,4196.60,1,4196.30,4196.50,0.20,4196.30,5,4196.20,8,4196.10,10,4196.00,10,4195.90,11,4195.80,20,4195.70,19,4195.60,16,4195.50,23,4195.40,17,4196.60,4,4196.70,4,4196.80,8,4196.90,7,4197.00,10,4197.10,16,4197.20,18,4197.30,18,4197.40,19,4197.50,20,Buy,54,20,74,34.00,39.00,1.00,0.70,14.3,4196.50,4197.00,4196.30,4196.60,36,55,91,-19.00,1.00,-31.00,1.30,30.8,18,105,0.6316,0.1471,91.00,162.00,4194.80,0.2554,UP,81.30,1.1193,1.0871
20261006 200410 727,4196.50,1,4196.30,4196.50,0.20,4196.30,4,4196.20,5,4196.10,8,4196.00,21,4195.90,11,4195.80,10,4195.70,19,4195.60,16,4195.50,23,4195.40,17,4196.50,1,4196.60,5,4196.70,6,4196.80,8,4196.90,8,4197.00,10,4197.10,16,4197.20,18,4197.30,18,4197.40,19,Buy,1,0,1,1.00,1.00,1.00,0.00,0.0,4196.50,4196.50,4196.50,4196.50,54,20,74,34.00,39.00,1.00,0.70,14.3,-6,39,0.1471,0.0000,71.00,148.00,4194.79,0.2522,UP,82.45,0.8975,1.0166
20261006 200410 727,4196.50,1,4196.30,4196.50,0.20,4196.30,4,4196.20,5,4196.10,8,4196.00,21,4195.90,11,4195.80,10,4195.70,19,4195.60,16,4195.50,23,4195.40,17,4196.50,1,4196.60,5,4196.70,6,4196.80,8,4196.90,8,4197.00,10,4197.10,16,4197.20,18,4197.30,18,4197.40,19,Buy,2,0,2,2.00,2.00,1.00,0.00,0.0,4196.50,4196.50,4196.50,4196.50,54,20,74,34.00,39.00,1.00,0.70,14.3,-6,39,0.1471,0.0000,72.00,149.00,4194.79,0.2522,UP,82.45,0.8975,1.0166
20261006 200415 877,4196.60,1,4196.50,4196.80,0.30,4196.50,10,4196.40,7,4196.30,7,4196.20,8,4196.10,10,4196.00,21,4195.90,21,4195.80,20,4195.70,19,4195.60,16,4196.80,4,4196.90,9,4197.00,10,4197.10,7,4197.20,18,4197.30,18,4197.40,19,4197.50,20,4197.60,19,4197.70,18,Buy,3,0,3,3.00,3.00,1.00,0.10,100.0,4196.50,4196.60,4196.50,4196.60,54,20,74,34.00,39.00,1.00,0.70,14.3,-6,39,0.1471,0.0000,73.00,150.00,4194.80,0.2554,UP,82.45,0.8975,1.0166
20261006 200426 929,4196.70,1,4196.50,4196.70,0.20,4196.50,2,4196.40,6,4196.30,8,4196.20,8,4196.10,10,4196.00,21,4195.90,21,4195.80,20,4195.70,19,4195.60,16,4196.70,3,4196.80,6,4196.90,8,4197.00,11,4197.10,7,4197.20,18,4197.30,18,4197.40,19,4197.50,20,4197.60,19,Buy,4,0,4,4.00,4.00,1.00,0.20,100.0,4196.50,4196.70,4196.50,4196.70,54,20,74,34.00,39.00,1.00,0.70,14.3,-6,39,0.1471,0.0000,74.00,151.00,4194.81,0.2586,UP,82.45,0.8975,1.0237
20261006 200432 561,4196.50,2,4196.50,4196.60,0.10,4196.40,5,4196.30,8,4196.20,8,4196.10,10,4196.00,21,4195.90,21,4195.80,20,4195.70,19,4195.60,16,4195.50,23,4196.60,1,4196.70,5,4196.80,6,4196.90,8,4197.00,11,4197.10,7,4197.20,18,4197.30,18,4197.40,19,4197.50,20,Sell,4,2,6,2.00,4.00,1.00,0.20,0.0,4196.50,4196.70,4196.50,4196.50,54,20,74,34.00,39.00,1.00,0.70,14.3,-6,39,0.1471,1.0000,72.00,149.00,4194.79,0.2522,UP,82.45,0.8975,1.0237
20261006 200435 234,4196.40,1,4196.40,4196.60,0.20,4196.40,2,4196.30,7,4196.20,6,4196.10,9,4196.00,21,4195.90,11,4195.80,20,4195.70,19,4195.60,16,4195.50,23,4196.60,4,4196.70,5,4196.80,8,4196.90,9,4197.00,11,4197.10,7,4197.20,18,4197.30,18,4197.40,19,4197.50,20,Sell,4,3,7,1.00,4.00,1.00,0.30,33.3,4196.50,4196.70,4196.40,4196.40,54,20,74,34.00,39.00,1.00,0.70,14.3,-6,39,0.1471,3.0000,71.00,148.00,4194.78,0.2490,UP,82.45,0.8975,1.0308
20261006 200437 062,4196.40,1,4196.40,4196.60,0.20,4196.40,4,4196.30,6,4196.20,6,4196.10,10,4196.00,21,4195.90,11,4195.80,20,4195.70,19,4195.60,16,4195.50,23,4196.60,1,4196.70,5,4196.80,8,4196.90,9,4197.00,11,4197.10,7,4197.20,18,4197.30,18,4197.40,19,4197.50,20,Sell,4,4,8,0.00,4.00,0.00,0.30,33.3,4196.50,4196.70,4196.40,4196.40,54,20,74,34.00,39.00,1.00,0.70,14.3,-6,39,0.1471,4.0000,70.00,147.00,4194.78,0.2490,UP,82.45,0.8975,1.0308
20261006 200437 062,4196.40,2,4196.40,4196.60,0.20,4196.40,4,4196.30,6,4196.20,6,4196.10,10,4196.00,21,4195.90,11,4195.80,20,4195.70,19,4195.60,16,4195.50,23,4196.60,1,4196.70,5,4196.80,8,4196.90,9,4197.00,11,4197.10,7,4197.20,18,4197.30,18,4197.40,19,4197.50,20,Sell,4,6,10,-2.00,4.00,-2.00,0.30,33.3,4196.50,4196.70,4196.40,4196.40,54,20,74,34.00,39.00,1.00,0.70,14.3,-6,39,0.1471,0.0000,68.00,145.00,4194.78,0.2490,UP,82.45,0.8975,1.0308
20261006 200437 062,4196.40,1,4196.40,4196.60,0.20,4196.40,4,4196.30,6,4196.20,6,4196.10,10,4196.00,21,4195.90,11,4195.80,20,4195.70,19,4195.60,16,4195.50,23,4196.60,1,4196.70,5,4196.80,8,4196.90,9,4197.00,11,4197.10,7,4197.20,18,4197.30,18,4197.40,19,4197.50,20,Sell,4,7,11,-3.00,4.00,-3.00,0.30,33.3,4196.50,4196.70,4196.40,4196.40,54,20,74,34.00,39.00,1.00,0.70,14.3,-6,39,0.1471,0.0000,67.00,144.00,4194.78,0.2490,UP,82.45,0.8975,1.0308
20261006 200437 064,4196.40,3,4196.40,4196.60,0.20,4196.40,4,4196.30,6,4196.20,6,4196.10,10,4196.00,21,4195.90,11,4195.80,20,4195.70,19,4195.60,16,4195.50,23,4196.60,1,4196.70,5,4196.80,8,4196.90,9,4197.00,11,4197.10,7,4197.20,18,4197.30,18,4197.40,19,4197.50,20,Buy,7,7,14,0.00,4.00,-3.00,0.30,33.3,4196.50,4196.70,4196.40,4196.40,54,20,74,34.00,39.00,1.00,0.70,14.3,-6,39,0.1471,4.0000,70.00,147.00,4194.78,0.2490,UP,82.45,0.8975,1.0308
20261006 200437 736,4196.40,1,4196.40,4196.60,0.20,4196.40,3,4196.30,6,4196.20,7,4196.10,10,4196.00,21,4195.90,11,4195.80,20,4195.70,19,4195.60,16,4195.50,23,4196.60,2,4196.70,6,4196.80,8,4196.90,9,4197.00,11,4197.10,7,4197.20,18,4197.30,18,4197.40,19,4197.50,20,Sell,7,8,15,-1.00,4.00,-3.00,0.30,33.3,4196.50,4196.70,4196.40,4196.40,54,20,74,34.00,39.00,1.00,0.70,14.3,-6,39,0.1471,2.0000,69.00,146.00,4194.78,0.2490,UP,82.45,0.8975,1.0308
20261006 200438 575,4196.50,1,4196.50,4196.80,0.30,4196.50,5,4196.40,9,4196.30,7,4196.20,8,4196.10,10,4196.00,21,4195.90,21,4195.80,20,4195.70,19,4195.60,16,4196.80,7,4196.90,8,4197.00,11,4197.10,7,4197.20,18,4197.30,18,4197.40,19,4197.50,20,4197.60,19,4197.70,18,Sell,7,9,16,-2.00,4.00,-3.00,0.30,0.0,4196.50,4196.70,4196.40,4196.50,54,20,74,34.00,39.00,1.00,0.70,14.3,-6,39,0.1471,0.5000,68.00,145.00,4194.79,0.2522,UP,82.45,0.8975,1.0308
20261006 200442 214,4196.70,1,4196.50,4196.70,0.20,4196.50,5,4196.40,9,4196.30,7,4196.20,9,4196.10,10,4196.00,22,4195.90,22,4195.80,20,4195.70,19,4195.60,16,4196.70,1,4196.80,7,4196.90,8,4197.00,11,4197.10,7,4197.20,18,4197.30,18,4197.40,19,4197.50,20,4197.60,19,Buy,8,9,17,-1.00,4.00,-3.00,0.30,66.7,4196.50,4196.70,4196.40,4196.70,54,20,74,34.00,39.00,1.00,0.70,14.3,-6,39,0.1471,2.0000,69.00,146.00,4194.81,0.2586,UP,82.45,0.8975,1.0308
20261006 200453 707,4196.50,1,4196.50,4196.60,0.10,4196.50,2,4196.40,4,4196.30,6,4196.20,9,4196.10,10,4196.00,22,4195.90,22,4195.80,20,4195.70,19,4195.60,16,4196.60,3,4196.70,5,4196.80,7,4196.90,8,4197.00,11,4197.10,7,4197.20,18,4197.30,18,4197.40,19,4197.50,20,Sell,8,10,18,-2.00,4.00,-3.00,0.30,0.0,4196.50,4196.70,4196.40,4196.50,54,20,74,34.00,39.00,1.00,0.70,14.3,-6,39,0.1471,0.5000,68.00,145.00,4194.79,0.2522,UP,82.45,0.8975,1.0308
20261006 200456 459,4196.50,1,4196.30,4196.60,0.30,4196.30,4,4196.20,9,4196.10,10,4196.00,22,4195.90,22,4195.80,20,4195.70,19,4195.60,16,4195.50,23,4195.40,17,4196.60,6,4196.70,6,4196.80,7,4196.90,8,4197.00,11,4197.10,7,4197.20,18,4197.30,18,4197.40,19,4197.50,20,Sell,8,11,19,-3.00,4.00,-3.00,0.30,0.0,4196.50,4196.70,4196.40,4196.50,54,20,74,34.00,39.00,1.00,0.70,14.3,-6,39,0.1471,0.0000,67.00,144.00,4194.79,0.2522,UP,82.45,0.8975,1.0308
20261006 200456 956,4196.50,1,4196.50,4196.80,0.30,4196.50,6,4196.40,9,4196.30,10,4196.20,9,4196.10,10,4196.00,32,4195.90,22,4195.80,20,4195.70,19,4195.60,16,4196.80,6,4196.90,7,4197.00,11,4197.10,7,4197.20,8,4197.30,18,4197.40,19,4197.50,20,4197.60,19,4197.70,18,Buy,9,11,20,-2.00,4.00,-3.00,0.30,0.0,4196.50,4196.70,4196.40,4196.50,54,20,74,34.00,39.00,1.00,0.70,14.3,-6,39,0.1471,0.5000,68.00,145.00,4194.79,0.2522,UP,82.45,0.8975,1.0308
20261006 200456 956,4196.60,1,4196.50,4196.80,0.30,4196.50,6,4196.40,9,4196.30,10,4196.20,9,4196.10,10,4196.00,32,4195.90,22,4195.80,20,4195.70,19,4195.60,16,4196.80,6,4196.90,7,4197.00,11,4197.10,7,4197.20,8,4197.30,18,4197.40,19,4197.50,20,4197.60,19,4197.70,18,Buy,10,11,21,-1.00,4.00,-3.00,0.30,33.3,4196.50,4196.70,4196.40,4196.60,54,20,74,34.00,39.00,1.00,0.70,14.3,-6,39,0.1471,2.0000,69.00,146.00,4194.80,0.2554,UP,82.45,0.8975,1.0308
20261006 200456 956,4196.60,2,4196.50,4196.80,0.30,4196.50,6,4196.40,9,4196.30,10,4196.20,9,4196.10,10,4196.00,32,4195.90,22,4195.80,20,4195.70,19,4195.60,16,4196.80,6,4196.90,7,4197.00,11,4197.10,7,4197.20,8,4197.30,18,4197.40,19,4197.50,20,4197.60,19,4197.70,18,Buy,12,11,23,1.00,4.00,-3.00,0.30,33.3,4196.50,4196.70,4196.40,4196.60,54,20,74,34.00,39.00,1.00,0.70,14.3,-6,39,0.1471,3.0000,71.00,148.00,4194.80,0.2554,UP,82.45,0.8975,1.0308
20261006 200500 855,4196.60,1,4196.60,4196.80,0.20,4196.60,4,4196.50,17,4196.40,9,4196.30,10,4196.20,9,4196.10,10,4196.00,22,4195.90,22,4195.80,20,4195.70,19,4196.80,3,4196.90,7,4197.00,11,4197.10,7,4197.20,8,4197.30,18,4197.40,19,4197.50,20,4197.60,19,4197.70,18,Sell,0,1,1,-1.00,-1.00,-1.00,0.00,0.0,4196.60,4196.60,4196.60,4196.60,12,11,23,1.00,4.00,-3.00,0.30,33.3,-9,42,3.0000,0.0000,29.00,156.00,4194.80,0.2554,UP,82.05,0.2803,0.9572
20261006 200500 855,4196.60,1,4196.60,4196.80,0.20,4196.60,4,4196.50,17,4196.40,9,4196.30,10,4196.20,9,4196.10,10,4196.00,22,4195.90,22,4195.80,20,4195.70,19,4196.80,3,4196.90,7,4197.00,11,4197.10,7,4197.20,8,4197.30,18,4197.40,19,4197.50,20,4197.60,19,4197.70,18,Sell,0,2,2,-2.00,-1.00,-2.00,0.00,0.0,4196.60,4196.60,4196.60,4196.60,12,11,23,1.00,4.00,-3.00,0.30,33.3,-9,42,3.0000,0.0000,28.00,155.00,4194.80,0.2554,UP,82.05,0.2803,0.9572
20261006 200502 832,4196.60,1,4196.60,4196.80,0.20,4196.60,4,4196.50,18,4196.40,9,4196.30,10,4196.20,9,4196.10,10,4196.00,22,4195.90,22,4195.80,20,4195.70,19,4196.80,2,4196.90,7,4197.00,11,4197.10,7,4197.20,8,4197.30,18,4197.40,19,4197.50,20,4197.60,19,4197.70,18,Sell,0,3,3,-3.00,-1.00,-3.00,0.00,0.0,4196.60,4196.60,4196.60,4196.60,12,11,23,1.00,4.00,-3.00,0.30,33.3,-9,42,3.0000,0.0000,27.00,154.00,4194.80,0.2554,UP,82.05,0.2803,0.9572
20261006 200510 839,4196.80,1,4196.60,4196.80,0.20,4196.60,3,4196.50,16,4196.40,8,4196.30,8,4196.20,9,4196.10,10,4196.00,22,4195.90,22,4195.80,20,4195.70,19,4196.80,4,4196.90,8,4197.00,11,4197.10,7,4197.20,8,4197.30,18,4197.40,19,4197.50,20,4197.60,19,4197.70,18,Buy,1,3,4,-2.00,-1.00,-3.00,0.20,100.0,4196.60,4196.80,4196.60,4196.80,12,11,23,1.00,4.00,-3.00,0.30,33.3,-9,42,3.0000,0.5000,28.00,155.00,4194.82,0.2617,UP,82.05,0.2803,0.9715
20261006 200513 883,4196.80,1,4196.70,4197.00,0.30,4196.70,8,4196.60,8,4196.50,19,4196.40,8,4196.30,8,4196.20,9,4196.10,20,4196.00,21,4195.90,22,4195.80,20,4197.00,8,4197.10,7,4197.20,8,4197.30,8,4197.40,19,4197.50,20,4197.60,19,4197.70,18,4197.80,19,4197.90,20,Buy,2,3,5,-1.00,-1.00,-3.00,0.20,100.0,4196.60,4196.80,4196.60,4196.80,12,11,23,1.00,4.00,-3.00,0.30,33.3,-9,42,3.0000,2.0000,29.00,156.00,4194.82,0.2617,UP,82.05,0.2803,0.9715
20261006 200514 036,4196.80,1,4196.80,4197.00,0.20,4196.70,5,4196.60,8,4196.50,20,4196.40,8,4196.30,8,4196.20,9,4196.10,20,4196.00,21,4195.90,22,4195.80,20,4196.90,2,4197.00,9,4197.10,7,4197.20,8,4197.30,8,4197.40,19,4197.50,20,4197.60,19,4197.70,18,4197.80,19,Sell,2,4,6,-2.00,-1.00,-3.00,0.20,100.0,4196.60,4196.80,4196.60,4196.80,12,11,23,1.00,4.00,-3.00,0.30,33.3,-9,42,3.0000,0.5000,28.00,155.00,4194.82,0.2617,UP,82.05,0.2803,0.9715
20261006 200516 222,4196.70,2,4196.60,4196.80,0.20,4196.60,4,4196.50,19,4196.40,8,4196.30,8,4196.20,9,4196.10,20,4196.00,21,4195.90,22,4195.80,20,4195.70,19,4196.80,2,4196.90,7,4197.00,9,4197.10,7,4197.20,8,4197.30,8,4197.40,19,4197.50,20,4197.60,19,4197.70,18,Sell,2,6,8,-4.00,-1.00,-4.00,0.20,50.0,4196.60,4196.80,4196.60,4196.70,12,11,23,1.00,4.00,-3.00,0.30,33.3,-9,42,3.0000,0.0000,26.00,153.00,4194.81,0.2586,UP,82.05,0.2803,0.9715
20261006 200518 547,4196.50,1,4196.50,4196.80,0.30,4196.50,14,4196.40,8,4196.30,8,4196.20,9,4196.10,20,4196.00,21,4195.90,22,4195.80,20,4195.70,19,4195.60,16,4196.80,6,4196.90,7,4197.00,11,4197.10,7,4197.20,8,4197.30,8,4197.40,19,4197.50,20,4197.60,19,4197.70,18,Sell,2,7,9,-5.00,-1.00,-5.00,0.30,33.3,4196.60,4196.80,4196.50,4196.50,12,11,23,1.00,4.00,-3.00,0.30,33.3,-9,42,3.0000,0.0000,25.00,152.00,4194.79,0.2522,UP,82.05,0.2803,0.9786
20261006 200521 153,4196.50,1,4196.50,4196.80,0.30,4196.50,13,4196.40,8,4196.30,8,4196.20,9,4196.10,20,4196.00,21,4195.90,22,4195.80,20,4195.70,19,4195.60,16,4196.80,7,4196.90,7,4197.00,11,4197.10,7,4197.20,8,4197.30,8,4197.40,19,4197.50,20,4197.60,19,4197.70,18,Sell,2,8,10,-6.00,-1.00,-6.00,0.30,33.3,4196.60,4196.80,4196.50,4196.50,12,11,23,1.00,4.00,-3.00,0.30,33.3,-9,42,3.0000,0.0000,24.00,151.00,4194.79,0.2522,UP,82.05,0.2803,0.9786
20261006 200523 521,4196.50,2,4196.50,4196.70,0.20,4196.50,10,4196.40,6,4196.30,8,4196.20,9,4196.10,10,4196.00,21,4195.90,22,4195.80,20,4195.70,19,4195.60,16,4196.70,5,4196.80,7,4196.90,8,4197.00,11,4197.10,7,4197.20,8,4197.30,8,4197.40,19,4197.50,20,4197.60,19,Sell,2,10,12,-8.00,-1.00,-8.00,0.30,33.3,4196.60,4196.80,4196.50,4196.50,12,11,23,1.00,4.00,-3.00,0.30,33.3,-9,42,3.0000,0.0000,22.00,149.00,4194.79,0.2522,UP,82.05,0.2803,0.9786
20261006 200524 055,4196.50,1,4196.50,4196.60,0.10,4196.50,9,4196.40,5,4196.30,8,4196.20,9,4196.10,10,4196.00,21,4195.90,22,4195.80,20,4195.70,19,4195.60,16,4196.60,1,4196.70,5,4196.80,8,4196.90,8,4197.00,11,4197.10,7,4197.20,8,4197.30,8,4197.40,19,4197.50,20,Sell,2,11,13,-9.00,-1.00,-9.00,0.30,33.3,4196.60,4196.80,4196.50,4196.50,12,11,23,1.00,4.00,-3.00,0.30,33.3,-9,42,3.0000,0.0000,21.00,148.00,4194.79,0.2522,UP,82.05,0.2803,0.9786
20261006 200525 965,4196.50,1,4196.50,4196.60,0.10,4196.50,8,4196.40,2,4196.30,7,4196.20,9,4196.10,10,4196.00,11,4195.90,22,4195.80,20,4195.70,19,4195.60,16,4196.60,3,4196.70,4,4196.80,8,4196.90,8,4197.00,11,4197.10,7,4197.20,8,4197.30,18,4197.40,19,4197.50,20,Sell,2,12,14,-10.00,-1.00,-10.00,0.30,33.3,4196.60,4196.80,4196.50,4196.50,12,11,23,1.00,4.00,-3.00,0.30,33.3,-9,42,3.0000,0.0000,20.00,147.00,4194.79,0.2522,UP,82.05,0.2803,0.9786
20261006 200525 968,4196.50,8,4196.50,4196.60,0.10,4196.50,8,4196.40,2,4196.30,7,4196.20,9,4196.10,10,4196.00,11,4195.90,22,4195.80,20,4195.70,19,4195.60,16,4196.60,3,4196.70,4,4196.80,8,4196.90,8,4197.00,11,4197.10,7,4197.20,8,4197.30,18,4197.40,19,4197.50,20,Sell,2,20,22,-18.00,-1.00,-18.00,0.30,33.3,4196.60,4196.80,4196.50,4196.50,12,11,23,1.00,4.00,-3.00,0.30,33.3,-9,42,3.0000,0.0000,12.00,139.00,4194.79,0.2522,UP,82.05,0.2803,0.9786
20261006 200526 883,4196.40,1,4196.30,4196.50,0.20,4196.30,5,4196.20,6,4196.10,10,4196.00,11,4195.90,12,4195.80,20,4195.70,19,4195.60,16,4195.50,23,4195.40,19,4196.50,3,4196.60,8,4196.70,7,4196.80,9,4196.90,9,4197.00,11,4197.10,12,4197.20,13,4197.30,13,4197.40,14,Buy,3,20,23,-17.00,-1.00,-18.00,0.40,50.0,4196.60,4196.80,4196.40,4196.40,12,11,23,1.00,4.00,-3.00,0.30,33.3,-9,42,3.0000,0.0588,13.00,140.00,4194.78,0.2490,UP,82.05,0.2803,0.9858
20261006 200542 594,4196.50,1,4196.50,4196.70,0.20,4196.50,4,4196.40,5,4196.30,7,4196.20,9,4196.10,10,4196.00,11,4195.90,22,4195.80,20,4195.70,19,4195.60,16,4196.70,2,4196.80,7,4196.90,8,4197.00,11,4197.10,7,4197.20,8,4197.30,18,4197.40,19,4197.50,20,4197.60,19,Sell,3,21,24,-18.00,-1.00,-18.00,0.40,25.0,4196.60,4196.80,4196.40,4196.50,12,11,23,1.00,4.00,-3.00,0.30,33.3,-9,42,3.0000,0.0000,12.00,139.00,4194.79,0.2522,UP,82.05,0.2803,0.9858
20261006 200544 674,4196.60,1,4196.60,4196.80,0.20,4196.50,6,4196.40,6,4196.30,9,4196.20,9,4196.10,10,4196.00,21,4195.90,22,4195.80,20,4195.70,19,4195.60,16,4196.80,4,4196.90,6,4197.00,11,4197.10,7,4197.20,8,4197.30,18,4197.40,19,4197.50,20,4197.60,19,4197.70,18,Sell,3,22,25,-19.00,-1.00,-19.00,0.40,0.0,4196.60,4196.80,4196.40,4196.60,12,11,23,1.00,4.00,-3.00,0.30,33.3,-9,42,3.0000,0.0000,11.00,138.00,4194.80,0.2554,UP,82.05,0.2803,0.9858
20261006 200544 674,4196.60,1,4196.60,4196.80,0.20,4196.50,6,4196.40,6,4196.30,9,4196.20,9,4196.10,10,4196.00,21,4195.90,22,4195.80,20,4195.70,19,4195.60,16,4196.80,4,4196.90,6,4197.00,11,4197.10,7,4197.20,8,4197.30,18,4197.40,19,4197.50,20,4197.60,19,4197.70,18,Sell,3,23,26,-20.00,-1.00,-20.00,0.40,0.0,4196.60,4196.80,4196.40,4196.60,12,11,23,1.00,4.00,-3.00,0.30,33.3,-9,42,3.0000,0.0000,10.00,137.00,4194.80,0.2554,UP,82.05,0.2803,0.9858
20261006 200544 674,4196.60,2,4196.60,4196.80,0.20,4196.50,6,4196.40,6,4196.30,9,4196.20,9,4196.10,10,4196.00,21,4195.90,22,4195.80,20,4195.70,19,4195.60,16,4196.80,4,4196.90,6,4197.00,11,4197.10,7,4197.20,8,4197.30,18,4197.40,19,4197.50,20,4197.60,19,4197.70,18,Sell,3,25,28,-22.00,-1.00,-22.00,0.40,0.0,4196.60,4196.80,4196.40,4196.60,12,11,23,1.00,4.00,-3.00,0.30,33.3,-9,42,3.0000,0.0000,8.00,135.00,4194.80,0.2554,UP,82.05,0.2803,0.9858
20261006 200549 502,4196.80,1,4196.60,4196.80,0.20,4196.60,5,4196.50,8,4196.40,6,4196.30,8,4196.20,9,4196.10,10,4196.00,21,4195.90,22,4195.80,20,4195.70,19,4196.80,3,4196.90,5,4197.00,11,4197.10,7,4197.20,8,4197.30,18,4197.40,19,4197.50,20,4197.60,19,4197.70,18,Buy,4,25,29,-21.00,-1.00,-22.00,0.40,50.0,4196.60,4196.80,4196.40,4196.80,12,11,23,1.00,4.00,-3.00,0.30,33.3,-9,42,3.0000,0.0476,9.00,136.00,4194.82,0.2617,UP,82.05,0.2803,0.9858
20261006 200549 502,4196.80,1,4196.60,4196.80,0.20,4196.60,5,4196.50,8,4196.40,6,4196.30,8,4196.20,9,4196.10,10,4196.00,21,4195.90,22,4195.80,20,4195.70,19,4196.80,3,4196.90,5,4197.00,11,4197.10,7,4197.20,8,4197.30,18,4197.40,19,4197.50,20,4197.60,19,4197.70,18,Buy,5,25,30,-20.00,-1.00,-22.00,0.40,50.0,4196.60,4196.80,4196.40,4196.80,12,11,23,1.00,4.00,-3.00,0.30,33.3,-9,42,3.0000,0.1000,10.00,137.00,4194.82,0.2617,UP,82.05,0.2803,0.9858
20261006 200549 502,4196.80,1,4196.60,4196.80,0.20,4196.60,5,4196.50,8,4196.40,6,4196.30,8,4196.20,9,4196.10,10,4196.00,21,4195.90,22,4195.80,20,4195.70,19,4196.80,3,4196.90,5,4197.00,11,4197.10,7,4197.20,8,4197.30,18,4197.40,19,4197.50,20,4197.60,19,4197.70,18,Buy,6,25,31,-19.00,-1.00,-22.00,0.40,50.0,4196.60,4196.80,4196.40,4196.80,12,11,23,1.00,4.00,-3.00,0.30,33.3,-9,42,3.0000,0.1579,11.00,138.00,4194.82,0.2617,UP,82.05,0.2803,0.9858
20261006 200549 502,4196.80,1,4196.60,4196.80,0.20,4196.60,5,4196.50,8,4196.40,6,4196.30,8,4196.20,9,4196.10,10,4196.00,21,4195.90,22,4195.80,20,4195.70,19,4196.80,3,4196.90,5,4197.00,11,4197.10,7,4197.20,8,4197.30,18,4197.40,19,4197.50,20,4197.60,19,4197.70,18,Buy,7,25,32,-18.00,-1.00,-22.00,0.40,50.0,4196.60,4196.80,4196.40,4196.80,12,11,23,1.00,4.00,-3.00,0.30,33.3,-9,42,3.0000,0.2222,12.00,139.00,4194.82,0.2617,UP,82.05,0.2803,0.9858
20261006 200549 502,4196.80,1,4196.60,4196.80,0.20,4196.60,5,4196.50,8,4196.40,6,4196.30,8,4196.20,9,4196.10,10,4196.00,21,4195.90,22,4195.80,20,4195.70,19,4196.80,3,4196.90,5,4197.00,11,4197.10,7,4197.20,8,4197.30,18,4197.40,19,4197.50,20,4197.60,19,4197.70,18,Buy,8,25,33,-17.00,-1.00,-22.00,0.40,50.0,4196.60,4196.80,4196.40,4196.80,12,11,23,1.00,4.00,-3.00,0.30,33.3,-9,42,3.0000,0.2941,13.00,140.00,4194.82,0.2617,UP,82.05,0.2803,0.9858
20261006 200549 502,4196.90,1,4196.60,4196.80,0.20,4196.60,5,4196.50,8,4196.40,6,4196.30,8,4196.20,9,4196.10,10,4196.00,21,4195.90,22,4195.80,20,4195.70,19,4196.80,3,4196.90,5,4197.00,11,4197.10,7,4197.20,8,4197.30,18,4197.40,19,4197.50,20,4197.60,19,4197.70,18,Buy,9,25,34,-16.00,-1.00,-22.00,0.50,60.0,4196.60,4196.90,4196.40,4196.90,12,11,23,1.00,4.00,-3.00,0.30,33.3,-9,42,3.0000,0.3750,14.00,141.00,4194.83,0.2649,UP,82.05,0.2803,0.9929
20261006 200552 625,4196.60,1,4196.60,4196.80,0.20,4196.50,8,4196.40,8,4196.30,8,4196.20,9,4196.10,10,4196.00,21,4195.90,22,4195.80,20,4195.70,19,4195.60,16,4196.80,2,4196.90,7,4197.00,11,4197.10,7,4197.20,8,4197.30,18,4197.40,19,4197.50,20,4197.60,19,4197.70,18,Sell,9,26,35,-17.00,-1.00,-22.00,0.50,0.0,4196.60,4196.90,4196.40,4196.60,12,11,23,1.00,4.00,-3.00,0.30,33.3,-9,42,3.0000,0.2941,13.00,140.00,4194.80,0.2554,UP,82.05,0.2803,0.9929
20261006 200552 625,4196.60,1,4196.60,4196.80,0.20,4196.50,8,4196.40,8,4196.30,8,4196.20,9,4196.10,10,4196.00,21,4195.90,22,4195.80,20,4195.70,19,4195.60,16,4196.80,2,4196.90,7,4197.00,11,4197.10,7,4197.20,8,4197.30,18,4197.40,19,4197.50,20,4197.60,19,4197.70,18,Sell,9,27,36,-18.00,-1.00,-22.00,0.50,0.0,4196.60,4196.90,4196.40,4196.60,12,11,23,1.00,4.00,-3.00,0.30,33.3,-9,42,3.0000,0.2222,12.00,139.00,4194.80,0.2554,UP,82.05,0.2803,0.9929
20261006 200552 625,4196.60,2,4196.60,4196.80,0.20,4196.50,8,4196.40,8,4196.30,8,4196.20,9,4196.10,10,4196.00,21,4195.90,22,4195.80,20,4195.70,19,4195.60,16,4196.80,2,4196.90,7,4197.00,11,4197.10,7,4197.20,8,4197.30,18,4197.40,19,4197.50,20,4197.60,19,4197.70,18,Sell,9,29,38,-20.00,-1.00,-22.00,0.50,0.0,4196.60,4196.90,4196.40,4196.60,12,11,23,1.00,4.00,-3.00,0.30,33.3,-9,42,3.0000,0.1000,10.00,137.00,4194.80,0.2554,UP,82.05,0.2803,0.9929
20261006 200552 625,4196.60,1,4196.60,4196.80,0.20,4196.50,8,4196.40,8,4196.30,8,4196.20,9,4196.10,10,4196.00,21,4195.90,22,4195.80,20,4195.70,19,4195.60,16,4196.80,2,4196.90,7,4197.00,11,4197.10,7,4197.20,8,4197.30,18,4197.40,19,4197.50,20,4197.60,19,4197.70,18,Sell,9,30,39,-21.00,-1.00,-22.00,0.50,0.0,4196.60,4196.90,4196.40,4196.60,12,11,23,1.00,4.00,-3.00,0.30,33.3,-9,42,3.0000,0.0476,9.00,136.00,4194.80,0.2554,UP,82.05,0.2803,0.9929
20261006 200556 326,4196.70,1,4196.60,4196.70,0.10,4196.60,6,4196.50,9,4196.40,8,4196.30,8,4196.20,9,4196.10,10,4196.00,21,4195.90,22,4195.80,20,4195.70,19,4196.70,1,4196.90,6,4197.00,11,4197.10,7,4197.20,8,4197.30,18,4197.40,19,4197.50,20,4197.60,19,4197.70,18,Buy,10,30,40,-20.00,-1.00,-22.00,0.50,20.0,4196.60,4196.90,4196.40,4196.70,12,11,23,1.00,4.00,-3.00,0.30,33.3,-9,42,3.0000,0.1000,10.00,137.00,4194.81,0.2586,UP,82.05,0.2803,0.9929
20261006 200556 326,4196.70,2,4196.60,4196.70,0.10,4196.60,6,4196.50,9,4196.40,8,4196.30,8,4196.20,9,4196.10,10,4196.00,21,4195.90,22,4195.80,20,4195.70,19,4196.70,1,4196.90,6,4197.00,11,4197.10,7,4197.20,8,4197.30,18,4197.40,19,4197.50,20,4197.60,19,4197.70,18,Buy,12,30,42,-18.00,-1.00,-22.00,0.50,20.0,4196.60,4196.90,4196.40,4196.70,12,11,23,1.00,4.00,-3.00,0.30,33.3,-9,42,3.0000,0.2222,12.00,139.00,4194.81,0.2586,UP,82.05,0.2803,0.9929
20261006 200556 363,4196.70,1,4196.60,4196.90,0.30,4196.60,6,4196.50,9,4196.40,8,4196.30,8,4196.20,9,4196.10,10,4196.00,21,4195.90,22,4195.80,20,4195.70,19,4196.90,6,4197.00,10,4197.10,7,4197.20,8,4197.30,18,4197.40,19,4197.50,20,4197.60,19,4197.70,18,4197.80,19,Buy,13,30,43,-17.00,-1.00,-22.00,0.50,20.0,4196.60,4196.90,4196.40,4196.70,12,11,23,1.00,4.00,-3.00,0.30,33.3,-9,42,3.0000,0.2941,13.00,140.00,4194.81,0.2586,UP,82.05,0.2803,0.9929
20261006 200600 876,4196.50,1,4196.50,4196.70,0.20,4196.50,6,4196.40,5,4196.30,8,4196.20,8,4196.10,10,4196.00,21,4195.90,22,4195.80,20,4195.70,19,4195.60,16,4196.70,3,4196.80,7,4196.90,9,4197.00,11,4197.10,7,4197.20,8,4197.30,18,4197.40,19,4197.50,20,4197.60,19,Sell,0,1,1,-1.00,-1.00,-1.00,0.00,0.0,4196.50,4196.50,4196.50,4196.50,13,30,43,-17.00,-1.00,-22.00,0.50,20.0,0,51,0.2941,0.0000,-2.00,70.00,4194.79,0.2522,UP,74.15,0.5799,0.9363
20261006 200600 910,4196.50,1,4196.40,4196.60,0.20,4196.40,4,4196.30,5,4196.20,8,4196.10,10,4196.00,11,4195.90,22,4195.80,20,4195.70,19,4195.60,16,4195.50,23,4196.60,3,4196.70,7,4196.80,7,4196.90,9,4197.00,11,4197.10,7,4197.20,8,4197.30,18,4197.40,19,4197.50,20,Sell,0,2,2,-2.00,-1.00,-2.00,0.00,0.0,4196.50,4196.50,4196.50,4196.50,13,30,43,-17.00,-1.00,-22.00,0.50,20.0,0,51,0.2941,0.0000,-3.00,69.00,4194.79,0.2522,UP,74.15,0.5799,0.9363
20261006 200600 910,4196.50,2,4196.40,4196.60,0.20,4196.40,4,4196.30,5,4196.20,8,4196.10,10,4196.00,11,4195.90,22,4195.80,20,4195.70,19,4195.60,16,4195.50,23,4196.60,3,4196.70,7,4196.80,7,4196.90,9,4197.00,11,4197.10,7,4197.20,8,4197.30,18,4197.40,19,4197.50,20,Sell,0,4,4,-4.00,-1.00,-4.00,0.00,0.0,4196.50,4196.50,4196.50,4196.50,13,30,43,-17.00,-1.00,-22.00,0.50,20.0,0,51,0.2941,0.0000,-5.00,67.00,4194.79,0.2522,UP,74.15,0.5799,0.9363
20261006 200600 910,4196.50,1,4196.40,4196.60,0.20,4196.40,4,4196.30,5,4196.20,8,4196.10,10,4196.00,11,4195.90,22,4195.80,20,4195.70,19,4195.60,16,4195.50,23,4196.60,3,4196.70,7,4196.80,7,4196.90,9,4197.00,11,4197.10,7,4197.20,8,4197.30,18,4197.40,19,4197.50,20,Sell,0,5,5,-5.00,-1.00,-5.00,0.00,0.0,4196.50,4196.50,4196.50,4196.50,13,30,43,-17.00,-1.00,-22.00,0.50,20.0,0,51,0.2941,0.0000,-6.00,66.00,4194.79,0.2522,UP,74.15,0.5799,0.9363
20261006 200600 918,4196.60,1,4196.40,4196.60,0.20,4196.40,4,4196.30,5,4196.20,8,4196.10,10,4196.00,11,4195.90,22,4195.80,20,4195.70,19,4195.60,16,4195.50,23,4196.60,3,4196.70,7,4196.80,7,4196.90,9,4197.00,11,4197.10,7,4197.20,8,4197.30,18,4197.40,19,4197.50,20,Buy,1,5,6,-4.00,-1.00,-5.00,0.10,100.0,4196.50,4196.60,4196.50,4196.60,13,30,43,-17.00,-1.00,-22.00,0.50,20.0,0,51,0.2941,0.2500,-5.00,67.00,4194.80,0.2554,UP,74.15,0.5799,0.9363
20261006 200601 479,4196.50,1,4196.40,4196.60,0.20,4196.40,4,4196.30,8,4196.20,8,4196.10,10,4196.00,11,4195.90,22,4195.80,20,4195.70,19,4195.60,16,4195.50,23,4196.60,3,4196.70,7,4196.80,7,4196.90,9,4197.00,11,4197.10,7,4197.20,8,4197.30,18,4197.40,19,4197.50,20,Sell,1,6,7,-5.00,-1.00,-5.00,0.10,0.0,4196.50,4196.60,4196.50,4196.50,13,30,43,-17.00,-1.00,-22.00,0.50,20.0,0,51,0.2941,0.0000,-6.00,66.00,4194.79,0.2522,UP,74.15,0.5799,0.9363
20261006 200609 950,4196.80,1,4196.70,4196.90,0.20,4196.70,3,4196.60,8,4196.50,9,4196.40,6,4196.30,9,4196.20,8,4196.10,10,4196.00,21,4195.90,22,4195.80,20,4196.90,3,4197.00,10,4197.10,7,4197.20,8,4197.30,8,4197.40,19,4197.50,20,4197.60,19,4197.70,18,4197.80,19,Buy,2,6,8,-4.00,-1.00,-5.00,0.30,100.0,4196.50,4196.80,4196.50,4196.80,13,30,43,-17.00,-1.00,-22.00,0.50,20.0,0,51,0.2941,0.2500,-5.00,67.00,4194.82,0.2617,UP,74.15,0.5799,0.9434
20261006 200613 740,4197.00,1,4196.70,4197.00,0.30,4196.70,4,4196.60,9,4196.50,11,4196.40,7,4196.30,9,4196.20,8,4196.10,20,4196.00,21,4195.90,22,4195.80,20,4197.00,6,4197.10,7,4197.20,8,4197.30,8,4197.40,19,4197.50,20,4197.60,19,4197.70,18,4197.80,19,4197.90,20,Buy,3,6,9,-3.00,-1.00,-5.00,0.50,100.0,4196.50,4197.00,4196.50,4197.00,13,30,43,-17.00,-1.00,-22.00,0.50,20.0,0,51,0.2941,0.6667,-4.00,68.00,4194.84,0.2681,UP,74.15,0.5799,0.9577
20261006 200619 769,4196.60,1,4196.60,4196.80,0.20,4196.60,1,4196.50,9,4196.40,9,4196.30,9,4196.20,8,4196.10,20,4196.00,21,4195.90,22,4195.80,20,4195.70,19,4196.80,3,4196.90,9,4197.00,8,4197.10,7,4197.20,8,4197.30,8,4197.40,20,4197.50,20,4197.60,19,4197.70,18,Sell,3,7,10,-4.00,-1.00,-5.00,0.50,20.0,4196.50,4197.00,4196.50,4196.60,13,30,43,-17.00,-1.00,-22.00,0.50,20.0,0,51,0.2941,0.2500,-5.00,67.00,4194.80,0.2554,UP,74.15,0.5799,0.9577
20261006 200620 771,4196.50,1,4196.50,4196.70,0.20,4196.50,7,4196.40,8,4196.30,9,4196.20,8,4196.10,10,4196.00,21,4195.90,22,4195.80,20,4195.70,19,4195.60,16,4196.70,1,4196.80,5,4196.90,9,4197.00,9,4197.10,7,4197.20,8,4197.30,8,4197.40,20,4197.50,20,4197.60,19,Sell,3,8,11,-5.00,-1.00,-5.00,0.50,0.0,4196.50,4197.00,4196.50,4196.50,13,30,43,-17.00,-1.00,-22.00,0.50,20.0,0,51,0.2941,0.0000,-6.00,66.00,4194.79,0.2522,UP,74.15,0.5799,0.9577
20261006 200624 144,4196.60,1,4196.50,4196.70,0.20,4196.50,5,4196.40,7,4196.30,9,4196.20,8,4196.10,10,4196.00,21,4195.90,22,4195.80,20,4195.70,19,4195.60,16,4196.70,3,4196.80,5,4196.90,9,4197.00,9,4197.10,7,4197.20,8,4197.30,8,4197.40,20,4197.50,20,4197.60,19,Sell,3,9,12,-6.00,-1.00,-6.00,0.50,20.0,4196.50,4197.00,4196.50,4196.60,13,30,43,-17.00,-1.00,-22.00,0.50,20.0,0,51,0.2941,0.0000,-7.00,65.00,4194.80,0.2554,UP,74.15,0.5799,0.9577
20261006 200626 867,4196.50,1,4196.50,4196.70,0.20,4196.40,7,4196.30,9,4196.20,8,4196.10,10,4196.00,21,4195.90,22,4195.80,20,4195.70,19,4195.60,16,4195.50,23,4196.60,1,4196.70,4,4196.80,5,4196.90,9,4197.00,9,4197.10,7,4197.20,8,4197.30,18,4197.40,20,4197.50,20,Sell,3,10,13,-7.00,-1.00,-7.00,0.50,0.0,4196.50,4197.00,4196.50,4196.50,13,30,43,-17.00,-1.00,-22.00,0.50,20.0,0,51,0.2941,0.0000,-8.00,64.00,4194.79,0.2522,UP,74.15,0.5799,0.9577
20261006 200626 867,4196.50,2,4196.50,4196.70,0.20,4196.40,7,4196.30,9,4196.20,8,4196.10,10,4196.00,21,4195.90,22,4195.80,20,4195.70,19,4195.60,16,4195.50,23,4196.60,1,4196.70,4,4196.80,5,4196.90,9,4197.00,9,4197.10,7,4197.20,8,4197.30,18,4197.40,20,4197.50,20,Sell,3,12,15,-9.00,-1.00,-9.00,0.50,0.0,4196.50,4197.00,4196.50,4196.50,13,30,43,-17.00,-1.00,-22.00,0.50,20.0,0,51,0.2941,0.0000,-10.00,62.00,4194.79,0.2522,UP,74.15,0.5799,0.9577
20261006 200626 867,4196.50,1,4196.50,4196.70,0.20,4196.40,7,4196.30,9,4196.20,8,4196.10,10,4196.00,21,4195.90,22,4195.80,20,4195.70,19,4195.60,16,4195.50,23,4196.60,1,4196.70,4,4196.80,5,4196.90,9,4197.00,9,4197.10,7,4197.20,8,4197.30,18,4197.40,20,4197.50,20,Sell,3,13,16,-10.00,-1.00,-10.00,0.50,0.0,4196.50,4197.00,4196.50,4196.50,13,30,43,-17.00,-1.00,-22.00,0.50,20.0,0,51,0.2941,0.0000,-11.00,61.00,4194.79,0.2522,UP,74.15,0.5799,0.9577
20261006 200626 883,4196.40,1,4196.20,4196.50,0.30,4196.20,7,4196.10,10,4196.00,11,4195.90,12,4195.80,20,4195.70,19,4195.60,16,4195.50,23,4195.40,19,4195.30,19,4196.50,6,4196.60,6,4196.70,8,4196.80,6,4196.90,9,4197.00,9,4197.10,17,4197.20,18,4197.30,18,4197.40,20,Sell,3,14,17,-11.00,-1.00,-11.00,0.60,16.7,4196.50,4197.00,4196.40,4196.40,13,30,43,-17.00,-1.00,-22.00,0.50,20.0,0,51,0.2941,0.0000,-12.00,60.00,4194.78,0.2490,UP,74.15,0.5799,0.9649
20261006 200628 290,4196.40,1,4196.30,4196.40,0.10,4196.40,1,4196.30,6,4196.20,8,4196.10,10,4196.00,11,4195.90,12,4195.80,10,4195.70,19,4195.60,18,4195.50,23,4196.60,3,4196.70,8,4196.80,6,4196.90,10,4197.00,9,4197.10,17,4197.20,18,4197.30,18,4197.40,20,4197.50,20,Buy,4,14,18,-10.00,-1.00,-11.00,0.60,16.7,4196.50,4197.00,4196.40,4196.40,13,30,43,-17.00,-1.00,-22.00,0.50,20.0,0,51,0.2941,0.1000,-11.00,61.00,4194.78,0.2490,UP,74.15,0.5799,0.9649
20261006 200633 428,4196.30,1,4196.30,4196.50,0.20,4196.30,3,4196.20,10,4196.10,10,4196.00,10,4195.90,12,4195.80,10,4195.70,19,4195.60,18,4195.50,23,4195.40,18,4196.50,2,4196.60,6,4196.70,8,4196.80,5,4196.90,9,4197.00,9,4197.10,17,4197.20,18,4197.30,18,4197.40,21,Sell,4,15,19,-11.00,-1.00,-11.00,0.70,28.6,4196.50,4197.00,4196.30,4196.30,13,30,43,-17.00,-1.00,-22.00,0.50,20.0,0,51,0.2941,0.0000,-12.00,60.00,4194.77,0.2459,UP,74.15,0.5799,0.9720
20261006 200639 042,4196.50,1,4196.30,4196.50,0.20,4196.30,4,4196.20,9,4196.10,10,4196.00,10,4195.90,12,4195.80,10,4195.70,19,4195.60,18,4195.50,23,4195.40,18,4196.50,2,4196.60,5,4196.70,8,4196.80,5,4196.90,9,4197.00,9,4197.10,17,4197.20,18,4197.30,18,4197.40,21,Buy,5,15,20,-10.00,-1.00,-11.00,0.70,0.0,4196.50,4197.00,4196.30,4196.50,13,30,43,-17.00,-1.00,-22.00,0.50,20.0,0,51,0.2941,0.1000,-11.00,61.00,4194.79,0.2522,UP,74.15,0.5799,0.9720
20261006 200639 995,4196.30,1,4196.30,4196.50,0.20,4196.30,3,4196.20,9,4196.10,10,4196.00,10,4195.90,12,4195.80,10,4195.70,19,4195.60,18,4195.50,23,4195.40,18,4196.50,2,4196.60,5,4196.70,8,4196.80,5,4196.90,9,4197.00,9,4197.10,17,4197.20,18,4197.30,18,4197.40,21,Sell,5,16,21,-11.00,-1.00,-11.00,0.70,28.6,4196.50,4197.00,4196.30,4196.30,13,30,43,-17.00,-1.00,-22.00,0.50,20.0,0,51,0.2941,0.0000,-12.00,60.00,4194.77,0.2459,UP,74.15,0.5799,0.9720
20261006 200645 301,4196.50,1,4196.40,4196.60,0.20,4196.40,4,4196.30,6,4196.20,9,4196.10,11,4196.00,10,4195.90,12,4195.80,10,4195.70,19,4195.60,18,4195.50,23,4196.60,3,4196.70,8,4196.80,5,4196.90,9,4197.00,9,4197.10,17,4197.20,18,4197.30,18,4197.40,21,4197.50,20,Buy,6,16,22,-10.00,-1.00,-11.00,0.70,0.0,4196.50,4197.00,4196.30,4196.50,13,30,43,-17.00,-1.00,-22.00,0.50,20.0,0,51,0.2941,0.1000,-11.00,61.00,4194.79,0.2522,UP,74.15,0.5799,0.9720
20261006 200645 301,4196.50,1,4196.40,4196.60,0.20,4196.40,4,4196.30,6,4196.20,9,4196.10,11,4196.00,10,4195.90,12,4195.80,10,4195.70,19,4195.60,18,4195.50,23,4196.60,3,4196.70,8,4196.80,5,4196.90,9,4197.00,9,4197.10,17,4197.20,18,4197.30,18,4197.40,21,4197.50,20,Buy,7,16,23,-9.00,-1.00,-11.00,0.70,0.0,4196.50,4197.00,4196.30,4196.50,13,30,43,-17.00,-1.00,-22.00,0.50,20.0,0,51,0.2941,0.2222,-10.00,62.00,4194.79,0.2522,UP,74.15,0.5799,0.9720
20261006 200645 631,4196.50,1,4196.50,4196.60,0.10,4196.50,1,4196.40,5,4196.30,7,4196.20,8,4196.10,11,4196.00,10,4195.90,12,4195.80,20,4195.70,19,4195.60,18,4196.60,2,4196.70,7,4196.80,5,4196.90,8,4197.00,9,4197.10,17,4197.20,18,4197.30,18,4197.40,21,4197.50,20,Sell,7,17,24,-10.00,-1.00,-11.00,0.70,0.0,4196.50,4197.00,4196.30,4196.50,13,30,43,-17.00,-1.00,-22.00,0.50,20.0,0,51,0.2941,0.1000,-11.00,61.00,4194.79,0.2522,UP,74.15,0.5799,0.9720
20261006 200647 177,4196.50,1,4196.30,4196.50,0.20,4196.30,4,4196.20,8,4196.10,11,4196.00,10,4195.90,12,4195.80,20,4195.70,19,4195.60,18,4195.50,23,4195.40,18,4196.50,3,4196.60,6,4196.70,7,4196.80,5,4196.90,8,4197.00,9,4197.10,17,4197.20,18,4197.30,18,4197.40,21,Buy,8,17,25,-9.00,-1.00,-11.00,0.70,0.0,4196.50,4197.00,4196.30,4196.50,13,30,43,-17.00,-1.00,-22.00,0.50,20.0,0,51,0.2941,0.2222,-10.00,62.00,4194.79,0.2522,UP,74.15,0.5799,0.9720
20261006 200647 474,4196.30,2,4196.30,4196.50,0.20,4196.30,2,4196.20,8,4196.10,11,4196.00,10,4195.90,12,4195.80,20,4195.70,19,4195.60,18,4195.50,23,4195.40,18,4196.50,4,4196.60,6,4196.70,7,4196.80,5,4196.90,8,4197.00,9,4197.10,17,4197.20,18,4197.30,18,4197.40,21,Sell,8,19,27,-11.00,-1.00,-11.00,0.70,28.6,4196.50,4197.00,4196.30,4196.30,13,30,43,-17.00,-1.00,-22.00,0.50,20.0,0,51,0.2941,0.0000,-12.00,60.00,4194.77,0.2459,UP,74.15,0.5799,0.9720
20261006 200651 333,4196.30,1,4196.30,4196.50,0.20,4196.30,4,4196.20,8,4196.10,11,4196.00,10,4195.90,12,4195.80,20,4195.70,19,4195.60,18,4195.50,23,4195.40,18,4196.50,2,4196.60,6,4196.70,7,4196.80,5,4196.90,8,4197.00,9,4197.10,17,4197.20,18,4197.30,18,4197.40,21,Sell,8,20,28,-12.00,-1.00,-12.00,0.70,28.6,4196.50,4197.00,4196.30,4196.30,13,30,43,-17.00,-1.00,-22.00,0.50,20.0,0,51,0.2941,0.0000,-13.00,59.00,4194.77,0.2459,UP,74.15,0.5799,0.9720
20261006 200652 323,4196.30,1,4196.30,4196.50,0.20,4196.30,4,4196.20,8,4196.10,11,4196.00,10,4195.90,12,4195.80,20,4195.70,19,4195.60,18,4195.50,23,4195.40,18,4196.50,2,4196.60,5,4196.70,7,4196.80,5,4196.90,8,4197.00,9,4197.10,17,4197.20,18,4197.30,18,4197.40,21,Sell,8,21,29,-13.00,-1.00,-13.00,0.70,28.6,4196.50,4197.00,4196.30,4196.30,13,30,43,-17.00,-1.00,-22.00,0.50,20.0,0,51,0.2941,0.0000,-14.00,58.00,4194.77,0.2459,UP,74.15,0.5799,0.9720
20261006 200653 613,4196.30,2,4196.30,4196.50,0.20,4196.30,2,4196.20,8,4196.10,11,4196.00,10,4195.90,12,4195.80,20,4195.70,19,4195.60,18,4195.50,23,4195.40,18,4196.50,2,4196.60,5,4196.70,7,4196.80,5,4196.90,8,4197.00,9,4197.10,17,4197.20,18,4197.30,18,4197.40,21,Sell,8,23,31,-15.00,-1.00,-15.00,0.70,28.6,4196.50,4197.00,4196.30,4196.30,13,30,43,-17.00,-1.00,-22.00,0.50,20.0,0,51,0.2941,0.0000,-16.00,56.00,4194.77,0.2459,UP,74.15,0.5799,0.9720
20261006 200654 459,4196.30,1,4196.30,4196.50,0.20,4196.30,1,4196.20,8,4196.10,11,4196.00,10,4195.90,12,4195.80,20,4195.70,19,4195.60,18,4195.50,23,4195.40,18,4196.50,3,4196.60,5,4196.70,7,4196.80,5,4196.90,8,4197.00,9,4197.10,17,4197.20,18,4197.30,18,4197.40,21,Sell,8,24,32,-16.00,-1.00,-16.00,0.70,28.6,4196.50,4197.00,4196.30,4196.30,13,30,43,-17.00,-1.00,-22.00,0.50,20.0,0,51,0.2941,0.0000,-17.00,55.00,4194.77,0.2459,UP,74.15,0.5799,0.9720
20261006 200654 459,4196.30,1,4196.30,4196.50,0.20,4196.30,1,4196.20,8,4196.10,11,4196.00,10,4195.90,12,4195.80,20,4195.70,19,4195.60,18,4195.50,23,4195.40,18,4196.50,3,4196.60,5,4196.70,7,4196.80,5,4196.90,8,4197.00,9,4197.10,17,4197.20,18,4197.30,18,4197.40,21,Sell,8,25,33,-17.00,-1.00,-17.00,0.70,28.6,4196.50,4197.00,4196.30,4196.30,13,30,43,-17.00,-1.00,-22.00,0.50,20.0,0,51,0.2941,0.0000,-18.00,54.00,4194.77,0.2459,UP,74.15,0.5799,0.9720
20261006 200654 459,4196.30,2,4196.30,4196.50,0.20,4196.30,1,4196.20,8,4196.10,11,4196.00,10,4195.90,12,4195.80,20,4195.70,19,4195.60,18,4195.50,23,4195.40,18,4196.50,3,4196.60,5,4196.70,7,4196.80,5,4196.90,8,4197.00,9,4197.10,17,4197.20,18,4197.30,18,4197.40,21,Sell,8,27,35,-19.00,-1.00,-19.00,0.70,28.6,4196.50,4197.00,4196.30,4196.30,13,30,43,-17.00,-1.00,-22.00,0.50,20.0,0,51,0.2941,0.0000,-20.00,52.00,4194.77,0.2459,UP,74.15,0.5799,0.9720
20261006 200657 107,4196.50,1,4196.40,4196.50,0.10,4196.20,8,4196.10,11,4196.00,10,4195.90,12,4195.80,10,4195.70,19,4195.60,18,4195.50,23,4195.40,18,4195.30,19,4196.50,6,4196.60,5,4196.70,7,4196.80,5,4196.90,9,4197.00,9,4197.10,17,4197.20,18,4197.30,18,4197.40,21,Buy,9,27,36,-18.00,-1.00,-19.00,0.70,0.0,4196.50,4197.00,4196.30,4196.50,13,30,43,-17.00,-1.00,-22.00,0.50,20.0,0,51,0.2941,0.0556,-19.00,53.00,4194.79,0.2522,UP,74.15,0.5799,0.9720
20261006 200700 186,4196.50,1,4196.30,4196.50,0.20,4196.30,3,4196.20,8,4196.10,11,4196.00,10,4195.90,12,4195.80,10,4195.70,19,4195.60,18,4195.50,23,4195.40,18,4196.50,3,4196.60,5,4196.70,7,4196.80,5,4196.90,9,4197.00,9,4197.10,17,4197.20,18,4197.30,18,4197.40,21,Buy,1,0,1,1.00,1.00,1.00,0.00,0.0,4196.50,4196.50,4196.50,4196.50,9,27,36,-18.00,-1.00,-19.00,0.70,0.0,-24,45,0.0556,0.0000,1.00,66.00,4194.79,0.2522,UP,73.60,0.4891,0.9026
20261006 200710 900,4196.80,1,4196.60,4196.80,0.20,4196.60,3,4196.50,11,4196.40,9,4196.30,8,4196.20,7,4196.10,11,4196.00,10,4195.90,22,4195.80,20,4195.70,19,4196.80,3,4196.90,7,4197.00,9,4197.10,7,4197.20,8,4197.30,18,4197.40,21,4197.50,20,4197.60,19,4197.70,18,Buy,2,0,2,2.00,2.00,1.00,0.30,100.0,4196.50,4196.80,4196.50,4196.80,9,27,36,-18.00,-1.00,-19.00,0.70,0.0,-24,45,0.0556,0.0000,2.00,67.00,4194.82,0.2617,UP,73.60,0.4891,0.9240
20261006 200712 561,4197.00,2,4196.70,4196.90,0.20,4196.70,6,4196.60,7,4196.50,10,4196.40,9,4196.30,8,4196.20,7,4196.10,11,4196.00,20,4195.90,22,4195.80,20,4196.90,1,4197.00,17,4197.10,6,4197.20,8,4197.30,8,4197.40,21,4197.50,20,4197.60,19,4197.70,18,4197.80,19,Buy,4,0,4,4.00,4.00,1.00,0.50,100.0,4196.50,4197.00,4196.50,4197.00,9,27,36,-18.00,-1.00,-19.00,0.70,0.0,-24,45,0.0556,0.0000,4.00,69.00,4194.84,0.2681,UP,73.60,0.4891,0.9383
20261006 200712 561,4197.00,3,4196.70,4196.90,0.20,4196.70,6,4196.60,7,4196.50,10,4196.40,9,4196.30,8,4196.20,7,4196.10,11,4196.00,20,4195.90,22,4195.80,20,4196.90,1,4197.00,17,4197.10,6,4197.20,8,4197.30,8,4197.40,21,4197.50,20,4197.60,19,4197.70,18,4197.80,19,Buy,7,0,7,7.00,7.00,1.00,0.50,100.0,4196.50,4197.00,4196.50,4197.00,9,27,36,-18.00,-1.00,-19.00,0.70,0.0,-24,45,0.0556,0.0000,7.00,72.00,4194.84,0.2681,UP,73.60,0.4891,0.9383
20261006 200712 561,4197.00,1,4196.70,4196.90,0.20,4196.70,6,4196.60,7,4196.50,10,4196.40,9,4196.30,8,4196.20,7,4196.10,11,4196.00,20,4195.90,22,4195.80,20,4196.90,1,4197.00,17,4197.10,6,4197.20,8,4197.30,8,4197.40,21,4197.50,20,4197.60,19,4197.70,18,4197.80,19,Buy,8,0,8,8.00,8.00,1.00,0.50,100.0,4196.50,4197.00,4196.50,4197.00,9,27,36,-18.00,-1.00,-19.00,0.70,0.0,-24,45,0.0556,0.0000,8.00,73.00,4194.84,0.2681,UP,73.60,0.4891,0.9383
20261006 200721 187,4196.80,1,4196.60,4196.90,0.30,4196.60,4,4196.50,11,4196.40,9,4196.30,8,4196.20,7,4196.10,11,4196.00,20,4195.90,22,4195.80,20,4195.70,19,4196.90,1,4197.00,18,4197.10,7,4197.20,8,4197.30,8,4197.40,21,4197.50,20,4197.60,19,4197.70,18,4197.80,19,Buy,9,0,9,9.00,9.00,1.00,0.50,60.0,4196.50,4197.00,4196.50,4196.80,9,27,36,-18.00,-1.00,-19.00,0.70,0.0,-24,45,0.0556,0.0000,9.00,74.00,4194.82,0.2617,UP,73.60,0.4891,0.9383
20261006 200721 187,4196.80,1,4196.60,4196.90,0.30,4196.60,4,4196.50,11,4196.40,9,4196.30,8,4196.20,7,4196.10,11,4196.00,20,4195.90,22,4195.80,20,4195.70,19,4196.90,1,4197.00,18,4197.10,7,4197.20,8,4197.30,8,4197.40,21,4197.50,20,4197.60,19,4197.70,18,4197.80,19,Buy,10,0,10,10.00,10.00,1.00,0.50,60.0,4196.50,4197.00,4196.50,4196.80,9,27,36,-18.00,-1.00,-19.00,0.70,0.0,-24,45,0.0556,0.0000,10.00,75.00,4194.82,0.2617,UP,73.60,0.4891,0.9383
20261006 200721 187,4196.90,1,4196.60,4196.90,0.30,4196.60,4,4196.50,11,4196.40,9,4196.30,8,4196.20,7,4196.10,11,4196.00,20,4195.90,22,4195.80,20,4195.70,19,4196.90,1,4197.00,18,4197.10,7,4197.20,8,4197.30,8,4197.40,21,4197.50,20,4197.60,19,4197.70,18,4197.80,19,Buy,11,0,11,11.00,11.00,1.00,0.50,80.0,4196.50,4197.00,4196.50,4196.90,9,27,36,-18.00,-1.00,-19.00,0.70,0.0,-24,45,0.0556,0.0000,11.00,76.00,4194.83,0.2649,UP,73.60,0.4891,0.9383
20261006 200721 187,4196.90,1,4196.60,4196.90,0.30,4196.60,4,4196.50,11,4196.40,9,4196.30,8,4196.20,7,4196.10,11,4196.00,20,4195.90,22,4195.80,20,4195.70,19,4196.90,1,4197.00,18,4197.10,7,4197.20,8,4197.30,8,4197.40,21,4197.50,20,4197.60,19,4197.70,18,4197.80,19,Buy,12,0,12,12.00,12.00,1.00,0.50,80.0,4196.50,4197.00,4196.50,4196.90,9,27,36,-18.00,-1.00,-19.00,0.70,0.0,-24,45,0.0556,0.0000,12.00,77.00,4194.83,0.2649,UP,73.60,0.4891,0.9383
20261006 200721 187,4196.90,1,4196.60,4196.90,0.30,4196.60,4,4196.50,11,4196.40,9,4196.30,8,4196.20,7,4196.10,11,4196.00,20,4195.90,22,4195.80,20,4195.70,19,4196.90,1,4197.00,18,4197.10,7,4197.20,8,4197.30,8,4197.40,21,4197.50,20,4197.60,19,4197.70,18,4197.80,19,Buy,13,0,13,13.00,13.00,1.00,0.50,80.0,4196.50,4197.00,4196.50,4196.90,9,27,36,-18.00,-1.00,-19.00,0.70,0.0,-24,45,0.0556,0.0000,13.00,78.00,4194.83,0.2649,UP,73.60,0.4891,0.9383
20261006 200721 187,4196.90,2,4196.60,4196.90,0.30,4196.60,4,4196.50,11,4196.40,9,4196.30,8,4196.20,7,4196.10,11,4196.00,20,4195.90,22,4195.80,20,4195.70,19,4196.90,1,4197.00,18,4197.10,7,4197.20,8,4197.30,8,4197.40,21,4197.50,20,4197.60,19,4197.70,18,4197.80,19,Buy,15,0,15,15.00,15.00,1.00,0.50,80.0,4196.50,4197.00,4196.50,4196.90,9,27,36,-18.00,-1.00,-19.00,0.70,0.0,-24,45,0.0556,0.0000,15.00,80.00,4194.83,0.2649,UP,73.60,0.4891,0.9383
20261006 200721 187,4196.90,1,4196.60,4196.90,0.30,4196.60,4,4196.50,11,4196.40,9,4196.30,8,4196.20,7,4196.10,11,4196.00,20,4195.90,22,4195.80,20,4195.70,19,4196.90,1,4197.00,18,4197.10,7,4197.20,8,4197.30,8,4197.40,21,4197.50,20,4197.60,19,4197.70,18,4197.80,19,Buy,16,0,16,16.00,16.00,1.00,0.50,80.0,4196.50,4197.00,4196.50,4196.90,9,27,36,-18.00,-1.00,-19.00,0.70,0.0,-24,45,0.0556,0.0000,16.00,81.00,4194.83,0.2649,UP,73.60,0.4891,0.9383
20261006 200722 429,4196.80,1,4196.80,4196.90,0.10,4196.80,2,4196.70,6,4196.60,8,4196.50,9,4196.40,7,4196.30,8,4196.20,7,4196.10,21,4196.00,20,4195.90,22,4196.90,1,4197.00,15,4197.10,6,4197.20,8,4197.30,8,4197.40,11,4197.50,20,4197.60,19,4197.70,18,4197.80,19,Sell,16,1,17,15.00,16.00,1.00,0.50,60.0,4196.50,4197.00,4196.50,4196.80,9,27,36,-18.00,-1.00,-19.00,0.70,0.0,-24,45,0.0556,0.0667,15.00,80.00,4194.82,0.2617,UP,73.60,0.4891,0.9383
20261006 200722 429,4196.80,1,4196.80,4196.90,0.10,4196.80,2,4196.70,6,4196.60,8,4196.50,9,4196.40,7,4196.30,8,4196.20,7,4196.10,21,4196.00,20,4195.90,22,4196.90,1,4197.00,15,4197.10,6,4197.20,8,4197.30,8,4197.40,11,4197.50,20,4197.60,19,4197.70,18,4197.80,19,Sell,16,2,18,14.00,16.00,1.00,0.50,60.0,4196.50,4197.00,4196.50,4196.80,9,27,36,-18.00,-1.00,-19.00,0.70,0.0,-24,45,0.0556,0.1429,14.00,79.00,4194.82,0.2617,UP,73.60,0.4891,0.9383
20261006 200727 986,4197.00,1,4196.80,4197.00,0.20,4196.80,4,4196.70,11,4196.60,8,4196.50,11,4196.40,7,4196.30,8,4196.20,7,4196.10,21,4196.00,20,4195.90,22,4197.00,13,4197.10,6,4197.20,8,4197.30,8,4197.40,11,4197.50,10,4197.60,19,4197.70,18,4197.80,19,4197.90,20,Buy,17,2,19,15.00,16.00,1.00,0.50,100.0,4196.50,4197.00,4196.50,4197.00,9,27,36,-18.00,-1.00,-19.00,0.70,0.0,-24,45,0.0556,0.0667,15.00,80.00,4194.84,0.2681,UP,73.60,0.4891,0.9383
20261006 200730 886,4196.80,1,4196.60,4196.80,0.20,4196.60,2,4196.50,11,4196.40,7,4196.30,8,4196.20,7,4196.10,21,4196.00,20,4195.90,22,4195.80,20,4195.70,19,4196.80,2,4196.90,8,4197.00,17,4197.10,6,4197.20,8,4197.30,8,4197.40,11,4197.50,20,4197.60,19,4197.70,18,Buy,18,2,20,16.00,16.00,1.00,0.50,60.0,4196.50,4197.00,4196.50,4196.80,9,27,36,-18.00,-1.00,-19.00,0.70,0.0,-24,45,0.0556,0.0000,16.00,81.00,4194.82,0.2617,UP,73.60,0.4891,0.9383
20261006 200733 376,4196.70,1,4196.50,4196.70,0.20,4196.50,10,4196.40,9,4196.30,8,4196.20,7,4196.10,11,4196.00,20,4195.90,22,4195.80,20,4195.70,19,4195.60,18,4196.80,2,4196.90,8,4197.00,17,4197.10,7,4197.20,8,4197.30,8,4197.40,11,4197.50,20,4197.60,19,4197.70,18,Buy,19,2,21,17.00,17.00,1.00,0.50,40.0,4196.50,4197.00,4196.50,4196.70,9,27,36,-18.00,-1.00,-19.00,0.70,0.0,-24,45,0.0556,0.0000,17.00,82.00,4194.81,0.2586,UP,73.60,0.4891,0.9383
20261006 200733 376,4196.70,1,4196.50,4196.70,0.20,4196.50,10,4196.40,9,4196.30,8,4196.20,7,4196.10,11,4196.00,20,4195.90,22,4195.80,20,4195.70,19,4195.60,18,4196.80,2,4196.90,8,4197.00,17,4197.10,7,4197.20,8,4197.30,8,4197.40,11,4197.50,20,4197.60,19,4197.70,18,Buy,20,2,22,18.00,18.00,1.00,0.50,40.0,4196.50,4197.00,4196.50,4196.70,9,27,36,-18.00,-1.00,-19.00,0.70,0.0,-24,45,0.0556,0.0000,18.00,83.00,4194.81,0.2586,UP,73.60,0.4891,0.9383
20261006 200733 376,4196.80,1,4196.50,4196.70,0.20,4196.50,10,4196.40,9,4196.30,8,4196.20,7,4196.10,11,4196.00,20,4195.90,22,4195.80,20,4195.70,19,4195.60,18,4196.80,2,4196.90,8,4197.00,17,4197.10,7,4197.20,8,4197.30,8,4197.40,11,4197.50,20,4197.60,19,4197.70,18,Buy,21,2,23,19.00,19.00,1.00,0.50,60.0,4196.50,4197.00,4196.50,4196.80,9,27,36,-18.00,-1.00,-19.00,0.70,0.0,-24,45,0.0556,0.0000,19.00,84.00,4194.82,0.2617,UP,73.60,0.4891,0.9383
20261006 200733 376,4196.80,1,4196.50,4196.70,0.20,4196.50,10,4196.40,9,4196.30,8,4196.20,7,4196.10,11,4196.00,20,4195.90,22,4195.80,20,4195.70,19,4195.60,18,4196.80,2,4196.90,8,4197.00,17,4197.10,7,4197.20,8,4197.30,8,4197.40,11,4197.50,20,4197.60,19,4197.70,18,Buy,22,2,24,20.00,20.00,1.00,0.50,60.0,4196.50,4197.00,4196.50,4196.80,9,27,36,-18.00,-1.00,-19.00,0.70,0.0,-24,45,0.0556,0.0000,20.00,85.00,4194.82,0.2617,UP,73.60,0.4891,0.9383
20261006 200733 376,4196.80,1,4196.50,4196.70,0.20,4196.50,10,4196.40,9,4196.30,8,4196.20,7,4196.10,11,4196.00,20,4195.90,22,4195.80,20,4195.70,19,4195.60,18,4196.80,2,4196.90,8,4197.00,17,4197.10,7,4197.20,8,4197.30,8,4197.40,11,4197.50,20,4197.60,19,4197.70,18,Buy,23,2,25,21.00,21.00,1.00,0.50,60.0,4196.50,4197.00,4196.50,4196.80,9,27,36,-18.00,-1.00,-19.00,0.70,0.0,-24,45,0.0556,0.0000,21.00,86.00,4194.82,0.2617,UP,73.60,0.4891,0.9383
20261006 200742 061,4196.60,1,4196.60,4196.90,0.30,4196.60,5,4196.50,11,4196.40,7,4196.30,8,4196.20,7,4196.10,11,4196.00,20,4195.90,22,4195.80,20,4195.70,19,4196.90,8,4197.00,17,4197.10,7,4197.20,8,4197.30,8,4197.40,21,4197.50,20,4197.60,19,4197.70,18,4197.80,19,Sell,23,3,26,20.00,21.00,1.00,0.50,20.0,4196.50,4197.00,4196.50,4196.60,9,27,36,-18.00,-1.00,-19.00,0.70,0.0,-24,45,0.0556,0.0500,20.00,85.00,4194.80,0.2554,UP,73.60,0.4891,0.9383
20261006 200742 327,4196.90,1,4196.80,4197.00,0.20,4196.80,2,4196.70,6,4196.60,6,4196.50,11,4196.40,7,4196.30,8,4196.20,7,4196.10,21,4196.00,20,4195.90,22,4197.00,15,4197.10,5,4197.20,8,4197.30,8,4197.40,11,4197.50,20,4197.60,19,4197.70,18,4197.80,19,4197.90,20,Buy,24,3,27,21.00,21.00,1.00,0.50,80.0,4196.50,4197.00,4196.50,4196.90,9,27,36,-18.00,-1.00,-19.00,0.70,0.0,-24,45,0.0556,0.0000,21.00,86.00,4194.83,0.2649,UP,73.60,0.4891,0.9383
20261006 200742 327,4196.90,1,4196.80,4197.00,0.20,4196.80,2,4196.70,6,4196.60,6,4196.50,11,4196.40,7,4196.30,8,4196.20,7,4196.10,21,4196.00,20,4195.90,22,4197.00,15,4197.10,5,4197.20,8,4197.30,8,4197.40,11,4197.50,20,4197.60,19,4197.70,18,4197.80,19,4197.90,20,Buy,25,3,28,22.00,22.00,1.00,0.50,80.0,4196.50,4197.00,4196.50,4196.90,9,27,36,-18.00,-1.00,-19.00,0.70,0.0,-24,45,0.0556,0.0000,22.00,87.00,4194.83,0.2649,UP,73.60,0.4891,0.9383
20261006 200742 327,4196.90,1,4196.80,4197.00,0.20,4196.80,2,4196.70,6,4196.60,6,4196.50,11,4196.40,7,4196.30,8,4196.20,7,4196.10,21,4196.00,20,4195.90,22,4197.00,15,4197.10,5,4197.20,8,4197.30,8,4197.40,11,4197.50,20,4197.60,19,4197.70,18,4197.80,19,4197.90,20,Buy,26,3,29,23.00,23.00,1.00,0.50,80.0,4196.50,4197.00,4196.50,4196.90,9,27,36,-18.00,-1.00,-19.00,0.70,0.0,-24,45,0.0556,0.0000,23.00,88.00,4194.83,0.2649,UP,73.60,0.4891,0.9383
20261006 200749 486,4197.00,1,4196.80,4197.00,0.20,4196.80,6,4196.70,8,4196.60,7,4196.50,9,4196.40,7,4196.30,8,4196.20,7,4196.10,21,4196.00,20,4195.90,22,4197.00,12,4197.10,5,4197.20,8,4197.30,8,4197.40,11,4197.50,20,4197.60,19,4197.70,18,4197.80,19,4197.90,20,Buy,27,3,30,24.00,24.00,1.00,0.50,100.0,4196.50,4197.00,4196.50,4197.00,9,27,36,-18.00,-1.00,-19.00,0.70,0.0,-24,45,0.0556,0.0000,24.00,89.00,4194.84,0.2681,UP,73.60,0.4891,0.9383
20261006 200749 798,4197.00,1,4196.80,4197.00,0.20,4196.80,6,4196.70,8,4196.60,7,4196.50,9,4196.40,7,4196.30,8,4196.20,7,4196.10,21,4196.00,20,4195.90,22,4197.00,11,4197.10,5,4197.20,8,4197.30,8,4197.40,11,4197.50,20,4197.60,19,4197.70,18,4197.80,19,4197.90,20,Buy,28,3,31,25.00,25.00,1.00,0.50,100.0,4196.50,4197.00,4196.50,4197.00,9,27,36,-18.00,-1.00,-19.00,0.70,0.0,-24,45,0.0556,0.0000,25.00,90.00,4194.84,0.2681,UP,73.60,0.4891,0.9383
20261006 200753 170,4197.00,11,4196.90,4197.10,0.20,4196.90,1,4196.80,6,4196.70,8,4196.60,7,4196.50,8,4196.40,7,4196.30,18,4196.20,18,4196.10,21,4196.00,20,4197.10,6,4197.20,6,4197.30,7,4197.40,11,4197.50,20,4197.60,19,4197.70,18,4197.80,19,4197.90,20,4198.00,17,Buy,39,3,42,36.00,36.00,1.00,0.50,100.0,4196.50,4197.00,4196.50,4197.00,9,27,36,-18.00,-1.00,-19.00,0.70,0.0,-24,45,0.0556,0.0000,36.00,101.00,4194.84,0.2681,UP,73.60,0.4891,0.9383
20261006 200753 170,4197.00,1,4196.90,4197.10,0.20,4196.90,1,4196.80,6,4196.70,8,4196.60,7,4196.50,8,4196.40,7,4196.30,18,4196.20,18,4196.10,21,4196.00,20,4197.10,6,4197.20,6,4197.30,7,4197.40,11,4197.50,20,4197.60,19,4197.70,18,4197.80,19,4197.90,20,4198.00,17,Buy,40,3,43,37.00,37.00,1.00,0.50,100.0,4196.50,4197.00,4196.50,4197.00,9,27,36,-18.00,-1.00,-19.00,0.70,0.0,-24,45,0.0556,0.0000,37.00,102.00,4194.84,0.2681,UP,73.60,0.4891,0.9383
20261006 200753 170,4197.00,11,4196.90,4197.10,0.20,4196.90,1,4196.80,6,4196.70,8,4196.60,7,4196.50,8,4196.40,7,4196.30,18,4196.20,18,4196.10,21,4196.00,20,4197.10,6,4197.20,6,4197.30,7,4197.40,11,4197.50,20,4197.60,19,4197.70,18,4197.80,19,4197.90,20,4198.00,17,Buy,51,3,54,48.00,48.00,1.00,0.50,100.0,4196.50,4197.00,4196.50,4197.00,9,27,36,-18.00,-1.00,-19.00,0.70,0.0,-24,45,0.0556,0.0000,48.00,113.00,4194.84,0.2681,UP,73.60,0.4891,0.9383
20261006 200753 170,4197.00,3,4196.90,4197.10,0.20,4196.90,1,4196.80,6,4196.70,8,4196.60,7,4196.50,8,4196.40,7,4196.30,18,4196.20,18,4196.10,21,4196.00,20,4197.10,6,4197.20,6,4197.30,7,4197.40,11,4197.50,20,4197.60,19,4197.70,18,4197.80,19,4197.90,20,4198.00,17,Buy,54,3,57,51.00,51.00,1.00,0.50,100.0,4196.50,4197.00,4196.50,4197.00,9,27,36,-18.00,-1.00,-19.00,0.70,0.0,-24,45,0.0556,0.0000,51.00,116.00,4194.84,0.2681,UP,73.60,0.4891,0.9383
20261006 200753 171,4197.00,1,4196.90,4197.10,0.20,4196.90,1,4196.80,6,4196.70,8,4196.60,7,4196.50,8,4196.40,7,4196.30,18,4196.20,18,4196.10,21,4196.00,20,4197.10,6,4197.20,6,4197.30,7,4197.40,11,4197.50,20,4197.60,19,4197.70,18,4197.80,19,4197.90,20,4198.00,17,Buy,55,3,58,52.00,52.00,1.00,0.50,100.0,4196.50,4197.00,4196.50,4197.00,9,27,36,-18.00,-1.00,-19.00,0.70,0.0,-24,45,0.0556,0.0000,52.00,117.00,4194.84,0.2681,UP,73.60,0.4891,0.9383
20261006 200753 171,4197.00,1,4196.90,4197.10,0.20,4196.90,1,4196.80,6,4196.70,8,4196.60,7,4196.50,8,4196.40,7,4196.30,18,4196.20,18,4196.10,21,4196.00,20,4197.10,6,4197.20,6,4197.30,7,4197.40,11,4197.50,20,4197.60,19,4197.70,18,4197.80,19,4197.90,20,4198.00,17,Buy,56,3,59,53.00,53.00,1.00,0.50,100.0,4196.50,4197.00,4196.50,4197.00,9,27,36,-18.00,-1.00,-19.00,0.70,0.0,-24,45,0.0556,0.0000,53.00,118.00,4194.84,0.2681,UP,73.60,0.4891,0.9383
20261006 200753 171,4197.00,1,4196.90,4197.10,0.20,4196.90,1,4196.80,6,4196.70,8,4196.60,7,4196.50,8,4196.40,7,4196.30,18,4196.20,18,4196.10,21,4196.00,20,4197.10,6,4197.20,6,4197.30,7,4197.40,11,4197.50,20,4197.60,19,4197.70,18,4197.80,19,4197.90,20,4198.00,17,Buy,57,3,60,54.00,54.00,1.00,0.50,100.0,4196.50,4197.00,4196.50,4197.00,9,27,36,-18.00,-1.00,-19.00,0.70,0.0,-24,45,0.0556,0.0000,54.00,119.00,4194.84,0.2681,UP,73.60,0.4891,0.9383
20261006 200753 171,4197.00,1,4196.90,4197.10,0.20,4196.90,1,4196.80,6,4196.70,8,4196.60,7,4196.50,8,4196.40,7,4196.30,18,4196.20,18,4196.10,21,4196.00,20,4197.10,6,4197.20,6,4197.30,7,4197.40,11,4197.50,20,4197.60,19,4197.70,18,4197.80,19,4197.90,20,4198.00,17,Buy,58,3,61,55.00,55.00,1.00,0.50,100.0,4196.50,4197.00,4196.50,4197.00,9,27,36,-18.00,-1.00,-19.00,0.70,0.0,-24,45,0.0556,0.0000,55.00,120.00,4194.84,0.2681,UP,73.60,0.4891,0.9383
20261006 200753 171,4197.00,1,4196.90,4197.10,0.20,4196.90,1,4196.80,6,4196.70,8,4196.60,7,4196.50,8,4196.40,7,4196.30,18,4196.20,18,4196.10,21,4196.00,20,4197.10,6,4197.20,6,4197.30,7,4197.40,11,4197.50,20,4197.60,19,4197.70,18,4197.80,19,4197.90,20,4198.00,17,Buy,59,3,62,56.00,56.00,1.00,0.50,100.0,4196.50,4197.00,4196.50,4197.00,9,27,36,-18.00,-1.00,-19.00,0.70,0.0,-24,45,0.0556,0.0000,56.00,121.00,4194.84,0.2681,UP,73.60,0.4891,0.9383
20261006 200753 176,4197.00,8,4196.90,4197.10,0.20,4196.90,1,4196.80,6,4196.70,8,4196.60,7,4196.50,8,4196.40,7,4196.30,18,4196.20,18,4196.10,21,4196.00,20,4197.10,6,4197.20,6,4197.30,7,4197.40,11,4197.50,20,4197.60,19,4197.70,18,4197.80,19,4197.90,20,4198.00,17,Buy,67,3,70,64.00,64.00,1.00,0.50,100.0,4196.50,4197.00,4196.50,4197.00,9,27,36,-18.00,-1.00,-19.00,0.70,0.0,-24,45,0.0556,0.0000,64.00,129.00,4194.84,0.2681,UP,73.60,0.4891,0.9383
20261006 200753 193,4197.00,5,4196.90,4197.10,0.20,4196.90,1,4196.80,6,4196.70,8,4196.60,7,4196.50,8,4196.40,7,4196.30,18,4196.20,18,4196.10,21,4196.00,20,4197.10,6,4197.20,6,4197.30,7,4197.40,11,4197.50,20,4197.60,19,4197.70,18,4197.80,19,4197.90,20,4198.00,17,Buy,72,3,75,69.00,69.00,1.00,0.50,100.0,4196.50,4197.00,4196.50,4197.00,9,27,36,-18.00,-1.00,-19.00,0.70,0.0,-24,45,0.0556,0.0000,69.00,134.00,4194.84,0.2681,UP,73.60,0.4891,0.9383
20261006 200753 193,4197.00,1,4196.90,4197.10,0.20,4196.90,1,4196.80,6,4196.70,8,4196.60,7,4196.50,8,4196.40,7,4196.30,18,4196.20,18,4196.10,21,4196.00,20,4197.10,6,4197.20,6,4197.30,7,4197.40,11,4197.50,20,4197.60,19,4197.70,18,4197.80,19,4197.90,20,4198.00,17,Buy,73,3,76,70.00,70.00,1.00,0.50,100.0,4196.50,4197.00,4196.50,4197.00,9,27,36,-18.00,-1.00,-19.00,0.70,0.0,-24,45,0.0556,0.0000,70.00,135.00,4194.84,0.2681,UP,73.60,0.4891,0.9383
20261006 200753 193,4197.00,1,4196.90,4197.10,0.20,4196.90,1,4196.80,6,4196.70,8,4196.60,7,4196.50,8,4196.40,7,4196.30,18,4196.20,18,4196.10,21,4196.00,20,4197.10,6,4197.20,6,4197.30,7,4197.40,11,4197.50,20,4197.60,19,4197.70,18,4197.80,19,4197.90,20,4198.00,17,Buy,74,3,77,71.00,71.00,1.00,0.50,100.0,4196.50,4197.00,4196.50,4197.00,9,27,36,-18.00,-1.00,-19.00,0.70,0.0,-24,45,0.0556,0.0000,71.00,136.00,4194.84,0.2681,UP,73.60,0.4891,0.9383
20261006 200753 193,4197.00,1,4196.90,4197.10,0.20,4196.90,1,4196.80,6,4196.70,8,4196.60,7,4196.50,8,4196.40,7,4196.30,18,4196.20,18,4196.10,21,4196.00,20,4197.10,6,4197.20,6,4197.30,7,4197.40,11,4197.50,20,4197.60,19,4197.70,18,4197.80,19,4197.90,20,4198.00,17,Buy,75,3,78,72.00,72.00,1.00,0.50,100.0,4196.50,4197.00,4196.50,4197.00,9,27,36,-18.00,-1.00,-19.00,0.70,0.0,-24,45,0.0556,0.0000,72.00,137.00,4194.84,0.2681,UP,73.60,0.4891,0.9383
20261006 200753 194,4197.00,1,4196.90,4197.10,0.20,4196.90,1,4196.80,6,4196.70,8,4196.60,7,4196.50,8,4196.40,7,4196.30,18,4196.20,18,4196.10,21,4196.00,20,4197.10,6,4197.20,6,4197.30,7,4197.40,11,4197.50,20,4197.60,19,4197.70,18,4197.80,19,4197.90,20,4198.00,17,Buy,76,3,79,73.00,73.00,1.00,0.50,100.0,4196.50,4197.00,4196.50,4197.00,9,27,36,-18.00,-1.00,-19.00,0.70,0.0,-24,45,0.0556,0.0000,73.00,138.00,4194.84,0.2681,UP,73.60,0.4891,0.9383
20261006 200753 194,4197.00,9,4196.90,4197.10,0.20,4196.90,1,4196.80,6,4196.70,8,4196.60,7,4196.50,8,4196.40,7,4196.30,18,4196.20,18,4196.10,21,4196.00,20,4197.10,6,4197.20,6,4197.30,7,4197.40,11,4197.50,20,4197.60,19,4197.70,18,4197.80,19,4197.90,20,4198.00,17,Buy,85,3,88,82.00,82.00,1.00,0.50,100.0,4196.50,4197.00,4196.50,4197.00,9,27,36,-18.00,-1.00,-19.00,0.70,0.0,-24,45,0.0556,0.0000,82.00,147.00,4194.84,0.2681,UP,73.60,0.4891,0.9383
20261006 200754 544,4197.00,2,4197.00,4197.10,0.10,4196.90,1,4196.80,8,4196.70,9,4196.60,7,4196.50,8,4196.40,7,4196.30,18,4196.20,18,4196.10,21,4196.00,20,4197.00,3,4197.10,5,4197.20,6,4197.30,7,4197.40,12,4197.50,10,4197.60,19,4197.70,18,4197.80,19,4197.90,20,Sell,85,5,90,80.00,82.00,1.00,0.50,100.0,4196.50,4197.00,4196.50,4197.00,9,27,36,-18.00,-1.00,-19.00,0.70,0.0,-24,45,0.0556,0.0250,80.00,145.00,4194.84,0.2681,UP,73.60,0.4891,0.9383
20261006 200755 281,4197.00,2,4196.90,4197.00,0.10,4196.90,1,4196.80,8,4196.70,9,4196.60,7,4196.50,8,4196.40,7,4196.30,18,4196.20,18,4196.10,21,4196.00,20,4197.00,1,4197.10,4,4197.20,6,4197.30,7,4197.40,12,4197.50,10,4197.60,19,4197.70,18,4197.80,19,4197.90,20,Buy,87,5,92,82.00,82.00,1.00,0.50,100.0,4196.50,4197.00,4196.50,4197.00,9,27,36,-18.00,-1.00,-19.00,0.70,0.0,-24,45,0.0556,0.0000,82.00,147.00,4194.84,0.2681,UP,73.60,0.4891,0.9383
20261006 200757 914,4197.00,1,4196.90,4197.00,0.10,4196.90,2,4196.80,8,4196.70,8,4196.60,6,4196.50,8,4196.40,7,4196.30,18,4196.20,18,4196.10,21,4196.00,20,4197.00,2,4197.10,8,4197.20,7,4197.30,7,4197.40,12,4197.50,10,4197.60,19,4197.70,18,4197.80,19,4197.90,20,Buy,88,5,93,83.00,83.00,1.00,0.50,100.0,4196.50,4197.00,4196.50,4197.00,9,27,36,-18.00,-1.00,-19.00,0.70,0.0,-24,45,0.0556,0.0000,83.00,148.00,4194.84,0.2681,UP,73.60,0.4891,0.9383
20261006 200757 914,4197.00,1,4196.90,4197.00,0.10,4196.90,2,4196.80,8,4196.70,8,4196.60,6,4196.50,8,4196.40,7,4196.30,18,4196.20,18,4196.10,21,4196.00,20,4197.00,2,4197.10,8,4197.20,7,4197.30,7,4197.40,12,4197.50,10,4197.60,19,4197.70,18,4197.80,19,4197.90,20,Buy,89,5,94,84.00,84.00,1.00,0.50,100.0,4196.50,4197.00,4196.50,4197.00,9,27,36,-18.00,-1.00,-19.00,0.70,0.0,-24,45,0.0556,0.0000,84.00,149.00,4194.84,0.2681,UP,73.60,0.4891,0.9383
20261006 200757 914,4197.00,1,4196.90,4197.00,0.10,4196.90,2,4196.80,8,4196.70,8,4196.60,6,4196.50,8,4196.40,7,4196.30,18,4196.20,18,4196.10,21,4196.00,20,4197.00,2,4197.10,8,4197.20,7,4197.30,7,4197.40,12,4197.50,10,4197.60,19,4197.70,18,4197.80,19,4197.90,20,Buy,90,5,95,85.00,85.00,1.00,0.50,100.0,4196.50,4197.00,4196.50,4197.00,9,27,36,-18.00,-1.00,-19.00,0.70,0.0,-24,45,0.0556,0.0000,85.00,150.00,4194.84,0.2681,UP,73.60,0.4891,0.9383
20261006 200759 394,4196.90,1,4196.80,4196.90,0.10,4196.80,2,4196.70,3,4196.60,5,4196.50,8,4196.40,7,4196.30,18,4196.20,18,4196.10,21,4196.00,20,4195.90,22,4196.90,5,4197.00,6,4197.10,8,4197.20,7,4197.30,8,4197.40,12,4197.50,10,4197.60,19,4197.70,18,4197.80,19,Sell,90,6,96,84.00,85.00,1.00,0.50,80.0,4196.50,4197.00,4196.50,4196.90,9,27,36,-18.00,-1.00,-19.00,0.70,0.0,-24,45,0.0556,0.0119,84.00,149.00,4194.83,0.2649,UP,73.60,0.4891,0.9383
20261006 200800 053,4196.80,2,4196.60,4196.80,0.20,4196.60,5,4196.50,8,4196.40,7,4196.30,8,4196.20,8,4196.10,21,4196.00,20,4195.90,22,4195.80,20,4195.70,19,4196.80,1,4196.90,8,4197.00,6,4197.10,7,4197.20,8,4197.30,8,4197.40,12,4197.50,20,4197.60,21,4197.70,18,Sell,0,2,2,-2.00,-2.00,-2.00,0.00,0.0,4196.80,4196.80,4196.80,4196.80,90,6,96,84.00,85.00,1.00,0.50,80.0,207,102,0.0119,0.0000,48.00,139.00,4194.82,0.2617,UP,77.95,1.2316,0.8784
20261006 200801 635,4196.90,1,4196.70,4196.90,0.20,4196.70,2,4196.60,6,4196.50,8,4196.40,7,4196.30,8,4196.20,8,4196.10,21,4196.00,20,4195.90,22,4195.80,20,4196.90,4,4197.00,6,4197.10,7,4197.20,8,4197.30,8,4197.40,12,4197.50,20,4197.60,21,4197.70,18,4197.80,19,Buy,1,2,3,-1.00,-1.00,-2.00,0.10,100.0,4196.80,4196.90,4196.80,4196.90,90,6,96,84.00,85.00,1.00,0.50,80.0,207,102,0.0119,1.0000,49.00,140.00,4194.83,0.2649,UP,77.95,1.2316,0.8784
20261006 200802 873,4196.90,1,4196.80,4196.90,0.10,4196.90,2,4196.80,8,4196.70,9,4196.60,6,4196.50,8,4196.40,7,4196.30,8,4196.20,8,4196.10,21,4196.00,20,4197.10,4,4197.20,8,4197.30,8,4197.40,12,4197.50,10,4197.60,21,4197.70,18,4197.80,19,4197.90,20,4198.00,17,Buy,2,2,4,0.00,0.00,-2.00,0.10,100.0,4196.80,4196.90,4196.80,4196.90,90,6,96,84.00,85.00,1.00,0.50,80.0,207,102,0.0119,0.0000,50.00,141.00,4194.83,0.2649,UP,77.95,1.2316,0.8784
20261006 200806 086,4197.20,1,4197.20,4197.40,0.20,4197.20,2,4197.10,6,4197.00,8,4196.90,13,4196.80,10,4196.70,8,4196.60,18,4196.50,19,4196.40,17,4196.30,18,4197.40,4,4197.50,5,4197.60,11,4197.70,8,4197.80,9,4197.90,11,4198.00,14,4198.10,16,4198.20,15,4198.30,14,Buy,3,2,5,1.00,1.00,-2.00,0.40,100.0,4196.80,4197.20,4196.80,4197.20,90,6,96,84.00,85.00,1.00,0.50,80.0,207,102,0.0119,0.0000,51.00,142.00,4194.86,0.2744,UP,77.95,1.2316,0.8998
20261006 200806 086,4197.20,1,4197.20,4197.40,0.20,4197.20,2,4197.10,6,4197.00,8,4196.90,13,4196.80,10,4196.70,8,4196.60,18,4196.50,19,4196.40,17,4196.30,18,4197.40,4,4197.50,5,4197.60,11,4197.70,8,4197.80,9,4197.90,11,4198.00,14,4198.10,16,4198.20,15,4198.30,14,Buy,4,2,6,2.00,2.00,-2.00,0.40,100.0,4196.80,4197.20,4196.80,4197.20,90,6,96,84.00,85.00,1.00,0.50,80.0,207,102,0.0119,0.0000,52.00,143.00,4194.86,0.2744,UP,77.95,1.2316,0.8998
20261006 200806 086,4197.20,1,4197.20,4197.40,0.20,4197.20,2,4197.10,6,4197.00,8,4196.90,13,4196.80,10,4196.70,8,4196.60,18,4196.50,19,4196.40,17,4196.30,18,4197.40,4,4197.50,5,4197.60,11,4197.70,8,4197.80,9,4197.90,11,4198.00,14,4198.10,16,4198.20,15,4198.30,14,Buy,5,2,7,3.00,3.00,-2.00,0.40,100.0,4196.80,4197.20,4196.80,4197.20,90,6,96,84.00,85.00,1.00,0.50,80.0,207,102,0.0119,0.0000,53.00,144.00,4194.86,0.2744,UP,77.95,1.2316,0.8998
20261006 200806 086,4197.20,2,4197.20,4197.40,0.20,4197.20,2,4197.10,6,4197.00,8,4196.90,13,4196.80,10,4196.70,8,4196.60,18,4196.50,19,4196.40,17,4196.30,18,4197.40,4,4197.50,5,4197.60,11,4197.70,8,4197.80,9,4197.90,11,4198.00,14,4198.10,16,4198.20,15,4198.30,14,Buy,7,2,9,5.00,5.00,-2.00,0.40,100.0,4196.80,4197.20,4196.80,4197.20,90,6,96,84.00,85.00,1.00,0.50,80.0,207,102,0.0119,0.0000,55.00,146.00,4194.86,0.2744,UP,77.95,1.2316,0.8998
20261006 200806 087,4197.20,1,4197.20,4197.40,0.20,4197.20,2,4197.10,6,4197.00,8,4196.90,13,4196.80,10,4196.70,8,4196.60,18,4196.50,19,4196.40,17,4196.30,18,4197.40,4,4197.50,5,4197.60,11,4197.70,8,4197.80,9,4197.90,11,4198.00,14,4198.10,16,4198.20,15,4198.30,14,Buy,8,2,10,6.00,6.00,-2.00,0.40,100.0,4196.80,4197.20,4196.80,4197.20,90,6,96,84.00,85.00,1.00,0.50,80.0,207,102,0.0119,0.0000,56.00,147.00,4194.86,0.2744,UP,77.95,1.2316,0.8998
20261006 200806 088,4197.20,1,4197.20,4197.40,0.20,4197.20,2,4197.10,6,4197.00,8,4196.90,13,4196.80,10,4196.70,8,4196.60,18,4196.50,19,4196.40,17,4196.30,18,4197.40,4,4197.50,5,4197.60,11,4197.70,8,4197.80,9,4197.90,11,4198.00,14,4198.10,16,4198.20,15,4198.30,14,Sell,8,3,11,5.00,6.00,-2.00,0.40,100.0,4196.80,4197.20,4196.80,4197.20,90,6,96,84.00,85.00,1.00,0.50,80.0,207,102,0.0119,0.2000,55.00,146.00,4194.86,0.2744,UP,77.95,1.2316,0.8998
20261006 200806 089,4197.30,1,4197.20,4197.40,0.20,4197.20,2,4197.10,6,4197.00,8,4196.90,13,4196.80,10,4196.70,8,4196.60,18,4196.50,19,4196.40,17,4196.30,18,4197.40,4,4197.50,5,4197.60,11,4197.70,8,4197.80,9,4197.90,11,4198.00,14,4198.10,16,4198.20,15,4198.30,14,Buy,9,3,12,6.00,6.00,-2.00,0.50,100.0,4196.80,4197.30,4196.80,4197.30,90,6,96,84.00,85.00,1.00,0.50,80.0,207,102,0.0119,0.0000,56.00,147.00,4194.86,0.2776,UP,77.95,1.2316,0.9070
20261006 200806 473,4197.30,1,4197.10,4197.30,0.20,4197.10,4,4197.00,8,4196.90,13,4196.80,10,4196.70,8,4196.60,17,4196.50,19,4196.40,17,4196.30,18,4196.20,18,4197.40,8,4197.50,7,4197.60,11,4197.70,8,4197.80,9,4197.90,18,4198.00,14,4198.10,16,4198.20,15,4198.30,14,Buy,10,3,13,7.00,7.00,-2.00,0.50,100.0,4196.80,4197.30,4196.80,4197.30,90,6,96,84.00,85.00,1.00,0.50,80.0,207,102,0.0119,0.0000,57.00,148.00,4194.86,0.2776,UP,77.95,1.2316,0.9070
20261006 200806 473,4197.30,1,4197.10,4197.30,0.20,4197.10,4,4197.00,8,4196.90,13,4196.80,10,4196.70,8,4196.60,17,4196.50,19,4196.40,17,4196.30,18,4196.20,18,4197.40,8,4197.50,7,4197.60,11,4197.70,8,4197.80,9,4197.90,18,4198.00,14,4198.10,16,4198.20,15,4198.30,14,Buy,11,3,14,8.00,8.00,-2.00,0.50,100.0,4196.80,4197.30,4196.80,4197.30,90,6,96,84.00,85.00,1.00,0.50,80.0,207,102,0.0119,0.0000,58.00,149.00,4194.86,0.2776,UP,77.95,1.2316,0.9070
20261006 200806 473,4197.30,1,4197.10,4197.30,0.20,4197.10,4,4197.00,8,4196.90,13,4196.80,10,4196.70,8,4196.60,17,4196.50,19,4196.40,17,4196.30,18,4196.20,18,4197.40,8,4197.50,7,4197.60,11,4197.70,8,4197.80,9,4197.90,18,4198.00,14,4198.10,16,4198.20,15,4198.30,14,Buy,12,3,15,9.00,9.00,-2.00,0.50,100.0,4196.80,4197.30,4196.80,4197.30,90,6,96,84.00,85.00,1.00,0.50,80.0,207,102,0.0119,0.0000,59.00,150.00,4194.86,0.2776,UP,77.95,1.2316,0.9070
20261006 200808 658,4197.10,1,4197.20,4197.40,0.20,4197.20,1,4197.10,5,4197.00,6,4196.90,13,4196.80,10,4196.70,9,4196.60,7,4196.50,19,4196.40,17,4196.30,18,4197.40,8,4197.50,8,4197.60,11,4197.70,8,4197.80,16,4197.90,18,4198.00,14,4198.10,16,4198.20,15,4198.30,14,Sell,12,4,16,8.00,9.00,-2.00,0.50,60.0,4196.80,4197.30,4196.80,4197.10,90,6,96,84.00,85.00,1.00,0.50,80.0,207,102,0.0119,0.1250,58.00,149.00,4194.85,0.2713,UP,77.95,1.2316,0.9070
20261006 200810 635,4197.10,1,4197.10,4197.40,0.30,4197.10,6,4197.00,8,4196.90,12,4196.80,9,4196.70,9,4196.60,7,4196.50,19,4196.40,17,4196.30,18,4196.20,18,4197.40,7,4197.50,8,4197.60,11,4197.70,8,4197.80,16,4197.90,18,4198.00,14,4198.10,16,4198.20,15,4198.30,14,Sell,12,5,17,7.00,9.00,-2.00,0.50,60.0,4196.80,4197.30,4196.80,4197.10,90,6,96,84.00,85.00,1.00,0.50,80.0,207,102,0.0119,0.2857,57.00,148.00,4194.85,0.2713,UP,77.95,1.2316,0.9070
20261006 200811 557,4197.30,1,4197.10,4197.30,0.20,4197.10,5,4197.00,8,4196.90,12,4196.80,9,4196.70,9,4196.60,7,4196.50,19,4196.40,17,4196.30,18,4196.20,18,4197.30,1,4197.40,7,4197.50,8,4197.60,11,4197.70,8,4197.80,16,4197.90,18,4198.00,14,4198.10,16,4198.20,15,Buy,13,5,18,8.00,9.00,-2.00,0.50,100.0,4196.80,4197.30,4196.80,4197.30,90,6,96,84.00,85.00,1.00,0.50,80.0,207,102,0.0119,0.1250,58.00,149.00,4194.86,0.2776,UP,77.95,1.2316,0.9070
20261006 200811 557,4197.30,1,4197.10,4197.30,0.20,4197.10,5,4197.00,8,4196.90,12,4196.80,9,4196.70,9,4196.60,7,4196.50,19,4196.40,17,4196.30,18,4196.20,18,4197.30,1,4197.40,7,4197.50,8,4197.60,11,4197.70,8,4197.80,16,4197.90,18,4198.00,14,4198.10,16,4198.20,15,Buy,14,5,19,9.00,9.00,-2.00,0.50,100.0,4196.80,4197.30,4196.80,4197.30,90,6,96,84.00,85.00,1.00,0.50,80.0,207,102,0.0119,0.0000,59.00,150.00,4194.86,0.2776,UP,77.95,1.2316,0.9070
20261006 200811 557,4197.30,1,4197.10,4197.30,0.20,4197.10,5,4197.00,8,4196.90,12,4196.80,9,4196.70,9,4196.60,7,4196.50,19,4196.40,17,4196.30,18,4196.20,18,4197.30,1,4197.40,7,4197.50,8,4197.60,11,4197.70,8,4197.80,16,4197.90,18,4198.00,14,4198.10,16,4198.20,15,Buy,15,5,20,10.00,10.00,-2.00,0.50,100.0,4196.80,4197.30,4196.80,4197.30,90,6,96,84.00,85.00,1.00,0.50,80.0,207,102,0.0119,0.0000,60.00,151.00,4194.86,0.2776,UP,77.95,1.2316,0.9070
20261006 200812 902,4197.30,1,4197.10,4197.40,0.30,4197.10,5,4197.00,8,4196.90,12,4196.80,10,4196.70,9,4196.60,7,4196.50,19,4196.40,17,4196.30,18,4196.20,18,4197.40,7,4197.50,8,4197.60,11,4197.70,8,4197.80,16,4197.90,18,4198.00,14,4198.10,16,4198.20,15,4198.30,14,Buy,16,5,21,11.00,11.00,-2.00,0.50,100.0,4196.80,4197.30,4196.80,4197.30,90,6,96,84.00,85.00,1.00,0.50,80.0,207,102,0.0119,0.0000,61.00,152.00,4194.86,0.2776,UP,77.95,1.2316,0.9070
20261006 200815 149,4197.40,1,4197.40,4197.50,0.10,4197.40,1,4197.30,6,4197.20,6,4197.10,8,4197.00,9,4196.90,12,4196.80,11,4196.70,9,4196.60,17,4196.50,19,4197.50,1,4197.60,8,4197.70,8,4197.80,9,4197.90,11,4198.00,17,4198.10,19,4198.20,15,4198.30,14,4198.40,16,Buy,17,5,22,12.00,12.00,-2.00,0.60,100.0,4196.80,4197.40,4196.80,4197.40,90,6,96,84.00,85.00,1.00,0.50,80.0,207,102,0.0119,0.0000,62.00,153.00,4194.87,0.2808,UP,77.95,1.2316,0.9141
20261006 200815 149,4197.40,1,4197.40,4197.50,0.10,4197.40,1,4197.30,6,4197.20,6,4197.10,8,4197.00,9,4196.90,12,4196.80,11,4196.70,9,4196.60,17,4196.50,19,4197.50,1,4197.60,8,4197.70,8,4197.80,9,4197.90,11,4198.00,17,4198.10,19,4198.20,15,4198.30,14,4198.40,16,Buy,18,5,23,13.00,13.00,-2.00,0.60,100.0,4196.80,4197.40,4196.80,4197.40,90,6,96,84.00,85.00,1.00,0.50,80.0,207,102,0.0119,0.0000,63.00,154.00,4194.87,0.2808,UP,77.95,1.2316,0.9141
20261006 200816 907,4197.40,1,4197.40,4197.60,0.20,4197.40,1,4197.30,5,4197.20,7,4197.10,9,4197.00,14,4196.90,12,4196.80,11,4196.70,19,4196.60,17,4196.50,19,4197.60,8,4197.70,8,4197.80,10,4197.90,11,4198.00,17,4198.10,19,4198.20,15,4198.30,14,4198.40,16,4198.50,12,Sell,18,6,24,12.00,13.00,-2.00,0.60,100.0,4196.80,4197.40,4196.80,4197.40,90,6,96,84.00,85.00,1.00,0.50,80.0,207,102,0.0119,0.0833,62.00,153.00,4194.87,0.2808,UP,77.95,1.2316,0.9141
20261006 200816 907,4197.40,1,4197.40,4197.60,0.20,4197.40,1,4197.30,5,4197.20,7,4197.10,9,4197.00,14,4196.90,12,4196.80,11,4196.70,19,4196.60,17,4196.50,19,4197.60,8,4197.70,8,4197.80,10,4197.90,11,4198.00,17,4198.10,19,4198.20,15,4198.30,14,4198.40,16,4198.50,12,Sell,18,7,25,11.00,13.00,-2.00,0.60,100.0,4196.80,4197.40,4196.80,4197.40,90,6,96,84.00,85.00,1.00,0.50,80.0,207,102,0.0119,0.1818,61.00,152.00,4194.87,0.2808,UP,77.95,1.2316,0.9141
20261006 200816 907,4197.40,1,4197.40,4197.60,0.20,4197.40,1,4197.30,5,4197.20,7,4197.10,9,4197.00,14,4196.90,12,4196.80,11,4196.70,19,4196.60,17,4196.50,19,4197.60,8,4197.70,8,4197.80,10,4197.90,11,4198.00,17,4198.10,19,4198.20,15,4198.30,14,4198.40,16,4198.50,12,Sell,18,8,26,10.00,13.00,-2.00,0.60,100.0,4196.80,4197.40,4196.80,4197.40,90,6,96,84.00,85.00,1.00,0.50,80.0,207,102,0.0119,0.3000,60.00,151.00,4194.87,0.2808,UP,77.95,1.2316,0.9141
20261006 200816 907,4197.40,1,4197.40,4197.60,0.20,4197.40,1,4197.30,5,4197.20,7,4197.10,9,4197.00,14,4196.90,12,4196.80,11,4196.70,19,4196.60,17,4196.50,19,4197.60,8,4197.70,8,4197.80,10,4197.90,11,4198.00,17,4198.10,19,4198.20,15,4198.30,14,4198.40,16,4198.50,12,Sell,18,9,27,9.00,13.00,-2.00,0.60,100.0,4196.80,4197.40,4196.80,4197.40,90,6,96,84.00,85.00,1.00,0.50,80.0,207,102,0.0119,0.4444,59.00,150.00,4194.87,0.2808,UP,77.95,1.2316,0.9141
20261006 200816 907,4197.40,1,4197.40,4197.60,0.20,4197.40,1,4197.30,5,4197.20,7,4197.10,9,4197.00,14,4196.90,12,4196.80,11,4196.70,19,4196.60,17,4196.50,19,4197.60,8,4197.70,8,4197.80,10,4197.90,11,4198.00,17,4198.10,19,4198.20,15,4198.30,14,4198.40,16,4198.50,12,Sell,18,10,28,8.00,13.00,-2.00,0.60,100.0,4196.80,4197.40,4196.80,4197.40,90,6,96,84.00,85.00,1.00,0.50,80.0,207,102,0.0119,0.6250,58.00,149.00,4194.87,0.2808,UP,77.95,1.2316,0.9141
20261006 200819 366,4197.40,1,4197.20,4197.40,0.20,4197.20,4,4197.10,6,4197.00,14,4196.90,13,4196.80,11,4196.70,19,4196.60,17,4196.50,19,4196.40,17,4196.30,18,4197.50,7,4197.60,8,4197.70,8,4197.80,10,4197.90,11,4198.00,17,4198.10,19,4198.20,15,4198.30,14,4198.40,16,Buy,19,10,29,9.00,13.00,-2.00,0.60,100.0,4196.80,4197.40,4196.80,4197.40,90,6,96,84.00,85.00,1.00,0.50,80.0,207,102,0.0119,0.4444,59.00,150.00,4194.87,0.2808,UP,77.95,1.2316,0.9141
20261006 200820 665,4197.20,1,4197.20,4197.40,0.20,4197.10,5,4197.00,14,4196.90,13,4196.80,11,4196.70,19,4196.60,17,4196.50,19,4196.40,17,4196.30,18,4196.20,18,4197.40,5,4197.50,7,4197.60,8,4197.70,8,4197.80,10,4197.90,11,4198.00,17,4198.10,19,4198.20,15,4198.30,14,Sell,19,11,30,8.00,13.00,-2.00,0.60,66.7,4196.80,4197.40,4196.80,4197.20,90,6,96,84.00,85.00,1.00,0.50,80.0,207,102,0.0119,0.6250,58.00,149.00,4194.86,0.2744,UP,77.95,1.2316,0.9141
20261006 200820 665,4197.20,1,4197.20,4197.40,0.20,4197.10,5,4197.00,14,4196.90,13,4196.80,11,4196.70,19,4196.60,17,4196.50,19,4196.40,17,4196.30,18,4196.20,18,4197.40,5,4197.50,7,4197.60,8,4197.70,8,4197.80,10,4197.90,11,4198.00,17,4198.10,19,4198.20,15,4198.30,14,Sell,19,12,31,7.00,13.00,-2.00,0.60,66.7,4196.80,4197.40,4196.80,4197.20,90,6,96,84.00,85.00,1.00,0.50,80.0,207,102,0.0119,0.8571,57.00,148.00,4194.86,0.2744,UP,77.95,1.2316,0.9141
20261006 200823 329,4197.20,1,4197.00,4197.30,0.30,4197.00,11,4196.90,14,4196.80,10,4196.70,9,4196.60,17,4196.50,19,4196.40,17,4196.30,18,4196.20,18,4196.10,20,4197.30,5,4197.40,7,4197.50,8,4197.60,9,4197.70,8,4197.80,10,4197.90,21,4198.00,17,4198.10,19,4198.20,15,Buy,20,12,32,8.00,13.00,-2.00,0.60,66.7,4196.80,4197.40,4196.80,4197.20,90,6,96,84.00,85.00,1.00,0.50,80.0,207,102,0.0119,0.6250,58.00,149.00,4194.86,0.2744,UP,77.95,1.2316,0.9141
20261006 200823 329,4197.20,1,4197.00,4197.30,0.30,4197.00,11,4196.90,14,4196.80,10,4196.70,9,4196.60,17,4196.50,19,4196.40,17,4196.30,18,4196.20,18,4196.10,20,4197.30,5,4197.40,7,4197.50,8,4197.60,9,4197.70,8,4197.80,10,4197.90,21,4198.00,17,4198.10,19,4198.20,15,Buy,21,12,33,9.00,13.00,-2.00,0.60,66.7,4196.80,4197.40,4196.80,4197.20,90,6,96,84.00,85.00,1.00,0.50,80.0,207,102,0.0119,0.4444,59.00,150.00,4194.86,0.2744,UP,77.95,1.2316,0.9141
20261006 200823 329,4197.20,1,4197.00,4197.30,0.30,4197.00,11,4196.90,14,4196.80,10,4196.70,9,4196.60,17,4196.50,19,4196.40,17,4196.30,18,4196.20,18,4196.10,20,4197.30,5,4197.40,7,4197.50,8,4197.60,9,4197.70,8,4197.80,10,4197.90,21,4198.00,17,4198.10,19,4198.20,15,Buy,22,12,34,10.00,13.00,-2.00,0.60,66.7,4196.80,4197.40,4196.80,4197.20,90,6,96,84.00,85.00,1.00,0.50,80.0,207,102,0.0119,0.3000,60.00,151.00,4194.86,0.2744,UP,77.95,1.2316,0.9141
20261006 200823 329,4197.30,1,4197.00,4197.30,0.30,4197.00,11,4196.90,14,4196.80,10,4196.70,9,4196.60,17,4196.50,19,4196.40,17,4196.30,18,4196.20,18,4196.10,20,4197.30,5,4197.40,7,4197.50,8,4197.60,9,4197.70,8,4197.80,10,4197.90,21,4198.00,17,4198.10,19,4198.20,15,Buy,23,12,35,11.00,13.00,-2.00,0.60,83.3,4196.80,4197.40,4196.80,4197.30,90,6,96,84.00,85.00,1.00,0.50,80.0,207,102,0.0119,0.1818,61.00,152.00,4194.86,0.2776,UP,77.95,1.2316,0.9141
20261006 200823 329,4197.30,1,4197.00,4197.30,0.30,4197.00,11,4196.90,14,4196.80,10,4196.70,9,4196.60,17,4196.50,19,4196.40,17,4196.30,18,4196.20,18,4196.10,20,4197.30,5,4197.40,7,4197.50,8,4197.60,9,4197.70,8,4197.80,10,4197.90,21,4198.00,17,4198.10,19,4198.20,15,Buy,24,12,36,12.00,13.00,-2.00,0.60,83.3,4196.80,4197.40,4196.80,4197.30,90,6,96,84.00,85.00,1.00,0.50,80.0,207,102,0.0119,0.0833,62.00,153.00,4194.86,0.2776,UP,77.95,1.2316,0.9141
20261006 200823 401,4197.30,1,4197.10,4197.30,0.20,4197.10,2,4197.00,11,4196.90,14,4196.80,10,4196.70,9,4196.60,17,4196.50,19,4196.40,17,4196.30,18,4196.20,18,4197.30,4,4197.40,7,4197.50,8,4197.60,9,4197.70,8,4197.80,10,4197.90,21,4198.00,17,4198.10,19,4198.20,15,Buy,25,12,37,13.00,13.00,-2.00,0.60,83.3,4196.80,4197.40,4196.80,4197.30,90,6,96,84.00,85.00,1.00,0.50,80.0,207,102,0.0119,0.0000,63.00,154.00,4194.86,0.2776,UP,77.95,1.2316,0.9141
20261006 200823 401,4197.30,1,4197.10,4197.30,0.20,4197.10,2,4197.00,11,4196.90,14,4196.80,10,4196.70,9,4196.60,17,4196.50,19,4196.40,17,4196.30,18,4196.20,18,4197.30,4,4197.40,7,4197.50,8,4197.60,9,4197.70,8,4197.80,10,4197.90,21,4198.00,17,4198.10,19,4198.20,15,Buy,26,12,38,14.00,14.00,-2.00,0.60,83.3,4196.80,4197.40,4196.80,4197.30,90,6,96,84.00,85.00,1.00,0.50,80.0,207,102,0.0119,0.0000,64.00,155.00,4194.86,0.2776,UP,77.95,1.2316,0.9141
20261006 200823 736,4197.10,1,4197.00,4197.20,0.20,4197.00,7,4196.90,11,4196.80,9,4196.70,9,4196.60,7,4196.50,19,4196.40,17,4196.30,18,4196.20,18,4196.10,20,4197.20,5,4197.30,6,4197.40,7,4197.50,8,4197.60,9,4197.70,8,4197.80,20,4197.90,21,4198.00,17,4198.10,19,Sell,26,13,39,13.00,14.00,-2.00,0.60,50.0,4196.80,4197.40,4196.80,4197.10,90,6,96,84.00,85.00,1.00,0.50,80.0,207,102,0.0119,0.0769,63.00,154.00,4194.85,0.2713,UP,77.95,1.2316,0.9141
20261006 200823 736,4197.10,1,4197.00,4197.20,0.20,4197.00,7,4196.90,11,4196.80,9,4196.70,9,4196.60,7,4196.50,19,4196.40,17,4196.30,18,4196.20,18,4196.10,20,4197.20,5,4197.30,6,4197.40,7,4197.50,8,4197.60,9,4197.70,8,4197.80,20,4197.90,21,4198.00,17,4198.10,19,Sell,26,14,40,12.00,14.00,-2.00,0.60,50.0,4196.80,4197.40,4196.80,4197.10,90,6,96,84.00,85.00,1.00,0.50,80.0,207,102,0.0119,0.1667,62.00,153.00,4194.85,0.2713,UP,77.95,1.2316,0.9141
20261006 200831 524,4197.20,1,4197.10,4197.40,0.30,4197.10,5,4197.00,11,4196.90,12,4196.80,9,4196.70,9,4196.60,7,4196.50,19,4196.40,17,4196.30,18,4196.20,18,4197.40,7,4197.50,8,4197.60,9,4197.70,8,4197.80,20,4197.90,21,4198.00,17,4198.10,19,4198.20,15,4198.30,14,Buy,27,14,41,13.00,14.00,-2.00,0.60,66.7,4196.80,4197.40,4196.80,4197.20,90,6,96,84.00,85.00,1.00,0.50,80.0,207,102,0.0119,0.0769,63.00,154.00,4194.86,0.2744,UP,77.95,1.2316,0.9141
20261006 200831 524,4197.20,1,4197.10,4197.40,0.30,4197.10,5,4197.00,11,4196.90,12,4196.80,9,4196.70,9,4196.60,7,4196.50,19,4196.40,17,4196.30,18,4196.20,18,4197.40,7,4197.50,8,4197.60,9,4197.70,8,4197.80,20,4197.90,21,4198.00,17,4198.10,19,4198.20,15,4198.30,14,Buy,28,14,42,14.00,14.00,-2.00,0.60,66.7,4196.80,4197.40,4196.80,4197.20,90,6,96,84.00,85.00,1.00,0.50,80.0,207,102,0.0119,0.0000,64.00,155.00,4194.86,0.2744,UP,77.95,1.2316,0.9141
20261006 200831 524,4197.20,1,4197.10,4197.40,0.30,4197.10,5,4197.00,11,4196.90,12,4196.80,9,4196.70,9,4196.60,7,4196.50,19,4196.40,17,4196.30,18,4196.20,18,4197.40,7,4197.50,8,4197.60,9,4197.70,8,4197.80,20,4197.90,21,4198.00,17,4198.10,19,4198.20,15,4198.30,14,Buy,29,14,43,15.00,15.00,-2.00,0.60,66.7,4196.80,4197.40,4196.80,4197.20,90,6,96,84.00,85.00,1.00,0.50,80.0,207,102,0.0119,0.0000,65.00,156.00,4194.86,0.2744,UP,77.95,1.2316,0.9141
20261006 200844 171,4197.30,1,4197.20,4197.40,0.20,4197.20,5,4197.10,5,4197.00,10,4196.90,10,4196.80,10,4196.70,19,4196.60,17,4196.50,20,4196.40,17,4196.30,18,4197.40,5,4197.50,6,4197.60,8,4197.70,8,4197.80,10,4197.90,20,4198.00,17,4198.10,21,4198.20,15,4198.30,14,Buy,30,14,44,16.00,16.00,-2.00,0.60,83.3,4196.80,4197.40,4196.80,4197.30,90,6,96,84.00,85.00,1.00,0.50,80.0,207,102,0.0119,0.0000,66.00,157.00,4194.86,0.2776,UP,77.95,1.2316,0.9141
20261006 200854 277,4197.30,1,4197.20,4197.30,0.10,4197.20,5,4197.10,5,4197.00,10,4196.90,10,4196.80,10,4196.70,9,4196.60,17,4196.50,20,4196.40,17,4196.30,18,4197.30,2,4197.40,5,4197.50,6,4197.60,8,4197.70,8,4197.80,10,4197.90,20,4198.00,17,4198.10,21,4198.20,15,Buy,31,14,45,17.00,17.00,-2.00,0.60,83.3,4196.80,4197.40,4196.80,4197.30,90,6,96,84.00,85.00,1.00,0.50,80.0,207,102,0.0119,0.0000,67.00,158.00,4194.86,0.2776,UP,77.95,1.2316,0.9141
20261006 200854 299,4197.20,1,4197.20,4197.30,0.10,4197.20,4,4197.10,5,4197.00,10,4196.90,10,4196.80,10,4196.70,9,4196.60,17,4196.50,20,4196.40,17,4196.30,18,4197.30,3,4197.40,5,4197.50,6,4197.60,8,4197.70,8,4197.80,10,4197.90,20,4198.00,17,4198.10,21,4198.20,15,Sell,31,15,46,16.00,17.00,-2.00,0.60,66.7,4196.80,4197.40,4196.80,4197.20,90,6,96,84.00,85.00,1.00,0.50,80.0,207,102,0.0119,0.0625,66.00,157.00,4194.86,0.2744,UP,77.95,1.2316,0.9141
20261006 200854 465,4197.20,4,4197.00,4197.20,0.20,4197.10,4,4197.00,10,4196.90,10,4196.80,10,4196.70,9,4196.60,17,4196.50,20,4196.40,17,4196.30,18,4196.20,18,4197.20,2,4197.30,4,4197.40,5,4197.50,6,4197.60,8,4197.70,8,4197.80,10,4197.90,20,4198.00,17,4198.10,21,Sell,31,19,50,12.00,17.00,-2.00,0.60,66.7,4196.80,4197.40,4196.80,4197.20,90,6,96,84.00,85.00,1.00,0.50,80.0,207,102,0.0119,0.4167,62.00,153.00,4194.86,0.2744,UP,77.95,1.2316,0.9141
20261006 200854 467,4197.20,1,4197.00,4197.20,0.20,4197.10,4,4197.00,10,4196.90,10,4196.80,10,4196.70,9,4196.60,17,4196.50,20,4196.40,17,4196.30,18,4196.20,18,4197.20,2,4197.30,4,4197.40,5,4197.50,6,4197.60,8,4197.70,8,4197.80,10,4197.90,20,4198.00,17,4198.10,21,Buy,32,19,51,13.00,17.00,-2.00,0.60,66.7,4196.80,4197.40,4196.80,4197.20,90,6,96,84.00,85.00,1.00,0.50,80.0,207,102,0.0119,0.3077,63.00,154.00,4194.86,0.2744,UP,77.95,1.2316,0.9141
20261006 200854 467,4197.20,1,4197.00,4197.20,0.20,4197.10,4,4197.00,10,4196.90,10,4196.80,10,4196.70,9,4196.60,17,4196.50,20,4196.40,17,4196.30,18,4196.20,18,4197.20,2,4197.30,4,4197.40,5,4197.50,6,4197.60,8,4197.70,8,4197.80,10,4197.90,20,4198.00,17,4198.10,21,Buy,33,19,52,14.00,17.00,-2.00,0.60,66.7,4196.80,4197.40,4196.80,4197.20,90,6,96,84.00,85.00,1.00,0.50,80.0,207,102,0.0119,0.2143,64.00,155.00,4194.86,0.2744,UP,77.95,1.2316,0.9141
20261006 200856 146,4197.00,1,4197.00,4197.20,0.20,4196.90,8,4196.80,10,4196.70,9,4196.60,7,4196.50,20,4196.40,17,4196.30,18,4196.20,18,4196.10,20,4196.00,20,4197.10,1,4197.20,4,4197.30,5,4197.40,5,4197.50,7,4197.60,8,4197.70,8,4197.80,10,4197.90,20,4198.00,17,Sell,33,20,53,13.00,17.00,-2.00,0.60,33.3,4196.80,4197.40,4196.80,4197.00,90,6,96,84.00,85.00,1.00,0.50,80.0,207,102,0.0119,0.3077,63.00,154.00,4194.84,0.2681,UP,77.95,1.2316,0.9141
20261006 200856 146,4197.00,1,4197.00,4197.20,0.20,4196.90,8,4196.80,10,4196.70,9,4196.60,7,4196.50,20,4196.40,17,4196.30,18,4196.20,18,4196.10,20,4196.00,20,4197.10,1,4197.20,4,4197.30,5,4197.40,5,4197.50,7,4197.60,8,4197.70,8,4197.80,10,4197.90,20,4198.00,17,Sell,33,21,54,12.00,17.00,-2.00,0.60,33.3,4196.80,4197.40,4196.80,4197.00,90,6,96,84.00,85.00,1.00,0.50,80.0,207,102,0.0119,0.4167,62.00,153.00,4194.84,0.2681,UP,77.95,1.2316,0.9141
20261006 200856 146,4197.00,5,4197.00,4197.20,0.20,4196.90,8,4196.80,10,4196.70,9,4196.60,7,4196.50,20,4196.40,17,4196.30,18,4196.20,18,4196.10,20,4196.00,20,4197.10,1,4197.20,4,4197.30,5,4197.40,5,4197.50,7,4197.60,8,4197.70,8,4197.80,10,4197.90,20,4198.00,17,Sell,33,26,59,7.00,17.00,-2.00,0.60,33.3,4196.80,4197.40,4196.80,4197.00,90,6,96,84.00,85.00,1.00,0.50,80.0,207,102,0.0119,1.4286,57.00,148.00,4194.84,0.2681,UP,77.95,1.2316,0.9141
20261006 200857 060,4197.00,1,4196.80,4197.00,0.20,4196.90,2,4196.80,9,4196.70,9,4196.60,7,4196.50,20,4196.40,17,4196.30,18,4196.20,18,4196.10,20,4196.00,20,4197.00,1,4197.10,5,4197.20,6,4197.30,7,4197.40,7,4197.50,7,4197.60,8,4197.70,18,4197.80,20,4197.90,20,Buy,34,26,60,8.00,17.00,-2.00,0.60,33.3,4196.80,4197.40,4196.80,4197.00,90,6,96,84.00,85.00,1.00,0.50,80.0,207,102,0.0119,1.1250,58.00,149.00,4194.84,0.2681,UP,77.95,1.2316,0.9141
20261006 200900 350,4196.80,2,4196.60,4196.80,0.20,4196.60,3,4196.50,9,4196.40,7,4196.30,8,4196.20,8,4196.10,20,4196.00,20,4195.90,20,4195.80,20,4195.70,19,4196.80,4,4196.90,7,4197.00,5,4197.10,7,4197.20,9,4197.30,7,4197.40,17,4197.50,18,4197.60,18,4197.70,18,Sell,0,2,2,-2.00,-2.00,-2.00,0.00,0.0,4196.80,4196.80,4196.80,4196.80,34,26,60,8.00,17.00,-2.00,0.60,33.3,-12,39,1.1250,0.0000,55.00,126.00,4194.82,0.2617,UP,76.80,0.7813,0.8631
20261006 200905 951,4196.60,1,4196.60,4196.80,0.20,4196.60,2,4196.50,9,4196.40,6,4196.30,8,4196.20,8,4196.10,20,4196.00,20,4195.90,20,4195.80,20,4195.70,19,4196.80,5,4196.90,9,4197.00,8,4197.10,7,4197.20,9,4197.30,7,4197.40,17,4197.50,18,4197.60,18,4197.70,18,Sell,0,3,3,-3.00,-2.00,-3.00,0.20,100.0,4196.80,4196.80,4196.60,4196.60,34,26,60,8.00,17.00,-2.00,0.60,33.3,-12,39,1.1250,0.0000,54.00,125.00,4194.80,0.2554,UP,76.80,0.7813,0.8774
20261006 200907 056,4196.60,1,4196.60,4196.80,0.20,4196.60,4,4196.50,8,4196.40,6,4196.30,8,4196.20,8,4196.10,20,4196.00,20,4195.90,20,4195.80,20,4195.70,19,4196.80,4,4196.90,9,4197.00,8,4197.10,7,4197.20,9,4197.30,7,4197.40,17,4197.50,18,4197.60,18,4197.70,18,Sell,0,4,4,-4.00,-2.00,-4.00,0.20,100.0,4196.80,4196.80,4196.60,4196.60,34,26,60,8.00,17.00,-2.00,0.60,33.3,-12,39,1.1250,0.0000,53.00,124.00,4194.80,0.2554,UP,76.80,0.7813,0.8774
20261006 200907 056,4196.60,1,4196.60,4196.80,0.20,4196.60,4,4196.50,8,4196.40,6,4196.30,8,4196.20,8,4196.10,20,4196.00,20,4195.90,20,4195.80,20,4195.70,19,4196.80,4,4196.90,9,4197.00,8,4197.10,7,4197.20,9,4197.30,7,4197.40,17,4197.50,18,4197.60,18,4197.70,18,Sell,0,5,5,-5.00,-2.00,-5.00,0.20,100.0,4196.80,4196.80,4196.60,4196.60,34,26,60,8.00,17.00,-2.00,0.60,33.3,-12,39,1.1250,0.0000,52.00,123.00,4194.80,0.2554,UP,76.80,0.7813,0.8774
20261006 200907 056,4196.50,1,4196.60,4196.80,0.20,4196.60,4,4196.50,8,4196.40,6,4196.30,8,4196.20,8,4196.10,20,4196.00,20,4195.90,20,4195.80,20,4195.70,19,4196.80,4,4196.90,9,4197.00,8,4197.10,7,4197.20,9,4197.30,7,4197.40,17,4197.50,18,4197.60,18,4197.70,18,Sell,0,6,6,-6.00,-2.00,-6.00,0.30,100.0,4196.80,4196.80,4196.50,4196.50,34,26,60,8.00,17.00,-2.00,0.60,33.3,-12,39,1.1250,0.0000,51.00,122.00,4194.79,0.2522,UP,76.80,0.7813,0.8845
20261006 200907 056,4196.50,2,4196.60,4196.80,0.20,4196.60,4,4196.50,8,4196.40,6,4196.30,8,4196.20,8,4196.10,20,4196.00,20,4195.90,20,4195.80,20,4195.70,19,4196.80,4,4196.90,9,4197.00,8,4197.10,7,4197.20,9,4197.30,7,4197.40,17,4197.50,18,4197.60,18,4197.70,18,Sell,0,8,8,-8.00,-2.00,-8.00,0.30,100.0,4196.80,4196.80,4196.50,4196.50,34,26,60,8.00,17.00,-2.00,0.60,33.3,-12,39,1.1250,0.0000,49.00,120.00,4194.79,0.2522,UP,76.80,0.7813,0.8845
20261006 200909 330,4196.60,1,4196.60,4196.80,0.20,4196.60,1,4196.50,8,4196.40,6,4196.30,8,4196.20,8,4196.10,20,4196.00,20,4195.90,20,4195.80,20,4195.70,19,4196.80,4,4196.90,9,4197.00,8,4197.10,7,4197.20,9,4197.30,7,4197.40,17,4197.50,18,4197.60,18,4197.70,18,Sell,0,9,9,-9.00,-2.00,-9.00,0.30,66.7,4196.80,4196.80,4196.50,4196.60,34,26,60,8.00,17.00,-2.00,0.60,33.3,-12,39,1.1250,0.0000,48.00,119.00,4194.80,0.2554,UP,76.80,0.7813,0.8845
20261006 200913 648,4196.80,1,4196.80,4196.90,0.10,4196.80,1,4196.60,4,4196.50,8,4196.40,6,4196.30,8,4196.20,8,4196.10,20,4196.00,20,4195.90,20,4195.80,20,4196.90,9,4197.00,8,4197.10,7,4197.20,9,4197.30,7,4197.40,17,4197.50,18,4197.60,18,4197.70,18,4197.80,20,Sell,0,10,10,-10.00,-2.00,-10.00,0.30,0.0,4196.80,4196.80,4196.50,4196.80,34,26,60,8.00,17.00,-2.00,0.60,33.3,-12,39,1.1250,0.0000,47.00,118.00,4194.82,0.2617,UP,76.80,0.7813,0.8845
20261006 200917 597,4196.80,1,4196.80,4197.10,0.30,4196.80,5,4196.70,9,4196.60,6,4196.50,9,4196.40,7,4196.30,8,4196.20,18,4196.10,20,4196.00,20,4195.90,20,4197.10,5,4197.20,9,4197.30,9,4197.40,7,4197.50,8,4197.60,18,4197.70,18,4197.80,20,4197.90,20,4198.00,17,Sell,0,11,11,-11.00,-2.00,-11.00,0.30,0.0,4196.80,4196.80,4196.50,4196.80,34,26,60,8.00,17.00,-2.00,0.60,33.3,-12,39,1.1250,0.0000,46.00,117.00,4194.82,0.2617,UP,76.80,0.7813,0.8845
20261006 200918 007,4197.10,1,4196.90,4197.10,0.20,4196.90,7,4196.80,6,4196.70,9,4196.60,7,4196.50,9,4196.40,7,4196.30,8,4196.20,18,4196.10,20,4196.00,20,4197.10,2,4197.20,8,4197.30,9,4197.40,7,4197.50,8,4197.60,18,4197.70,18,4197.80,20,4197.90,20,4198.00,17,Buy,1,11,12,-10.00,-2.00,-11.00,0.60,50.0,4196.80,4197.10,4196.50,4197.10,34,26,60,8.00,17.00,-2.00,0.60,33.3,-12,39,1.1250,0.1000,47.00,118.00,4194.85,0.2713,UP,76.80,0.7813,0.8917
20261006 200918 007,4197.10,1,4196.90,4197.10,0.20,4196.90,7,4196.80,6,4196.70,9,4196.60,7,4196.50,9,4196.40,7,4196.30,8,4196.20,18,4196.10,20,4196.00,20,4197.10,2,4197.20,8,4197.30,9,4197.40,7,4197.50,8,4197.60,18,4197.70,18,4197.80,20,4197.90,20,4198.00,17,Buy,2,11,13,-9.00,-2.00,-11.00,0.60,50.0,4196.80,4197.10,4196.50,4197.10,34,26,60,8.00,17.00,-2.00,0.60,33.3,-12,39,1.1250,0.2222,48.00,119.00,4194.85,0.2713,UP,76.80,0.7813,0.8917
20261006 200918 007,4197.10,1,4196.90,4197.10,0.20,4196.90,7,4196.80,6,4196.70,9,4196.60,7,4196.50,9,4196.40,7,4196.30,8,4196.20,18,4196.10,20,4196.00,20,4197.10,2,4197.20,8,4197.30,9,4197.40,7,4197.50,8,4197.60,18,4197.70,18,4197.80,20,4197.90,20,4198.00,17,Buy,3,11,14,-8.00,-2.00,-11.00,0.60,50.0,4196.80,4197.10,4196.50,4197.10,34,26,60,8.00,17.00,-2.00,0.60,33.3,-12,39,1.1250,0.3750,49.00,120.00,4194.85,0.2713,UP,76.80,0.7813,0.8917
20261006 200918 007,4197.10,1,4196.90,4197.10,0.20,4196.90,7,4196.80,6,4196.70,9,4196.60,7,4196.50,9,4196.40,7,4196.30,8,4196.20,18,4196.10,20,4196.00,20,4197.10,2,4197.20,8,4197.30,9,4197.40,7,4197.50,8,4197.60,18,4197.70,18,4197.80,20,4197.90,20,4198.00,17,Buy,4,11,15,-7.00,-2.00,-11.00,0.60,50.0,4196.80,4197.10,4196.50,4197.10,34,26,60,8.00,17.00,-2.00,0.60,33.3,-12,39,1.1250,0.5714,50.00,121.00,4194.85,0.2713,UP,76.80,0.7813,0.8917
20261006 200918 007,4197.10,2,4196.90,4197.10,0.20,4196.90,7,4196.80,6,4196.70,9,4196.60,7,4196.50,9,4196.40,7,4196.30,8,4196.20,18,4196.10,20,4196.00,20,4197.10,2,4197.20,8,4197.30,9,4197.40,7,4197.50,8,4197.60,18,4197.70,18,4197.80,20,4197.90,20,4198.00,17,Buy,6,11,17,-5.00,-2.00,-11.00,0.60,50.0,4196.80,4197.10,4196.50,4197.10,34,26,60,8.00,17.00,-2.00,0.60,33.3,-12,39,1.1250,1.2000,52.00,123.00,4194.85,0.2713,UP,76.80,0.7813,0.8917
20261006 200918 007,4197.20,1,4196.90,4197.00,0.10,4196.90,1,4196.80,5,4196.70,9,4196.60,7,4196.50,9,4196.40,7,4196.30,8,4196.20,18,4196.10,20,4196.00,20,4197.00,1,4197.10,6,4197.20,8,4197.30,9,4197.40,7,4197.50,8,4197.60,18,4197.70,18,4197.80,20,4197.90,20,Buy,7,11,18,-4.00,-2.00,-11.00,0.70,57.1,4196.80,4197.20,4196.50,4197.20,34,26,60,8.00,17.00,-2.00,0.60,33.3,-12,39,1.1250,1.7500,53.00,124.00,4194.86,0.2744,UP,76.80,0.7813,0.8988
20261006 200919 550,4197.10,1,4196.90,4197.10,0.20,4196.90,3,4196.80,4,4196.70,9,4196.60,7,4196.50,9,4196.40,7,4196.30,8,4196.20,18,4196.10,20,4196.00,20,4197.10,3,4197.20,8,4197.30,9,4197.40,7,4197.50,8,4197.60,18,4197.70,18,4197.80,20,4197.90,20,4198.00,17,Buy,8,11,19,-3.00,-2.00,-11.00,0.70,42.9,4196.80,4197.20,4196.50,4197.10,34,26,60,8.00,17.00,-2.00,0.60,33.3,-12,39,1.1250,2.6667,54.00,125.00,4194.85,0.2713,UP,76.80,0.7813,0.8988
20261006 200922 729,4197.10,1,4196.90,4197.10,0.20,4196.90,5,4196.80,4,4196.70,9,4196.60,7,4196.50,9,4196.40,7,4196.30,8,4196.20,18,4196.10,20,4196.00,20,4197.10,2,4197.20,8,4197.30,9,4197.40,7,4197.50,8,4197.60,18,4197.70,18,4197.80,20,4197.90,20,4198.00,17,Buy,9,11,20,-2.00,-2.00,-11.00,0.70,42.9,4196.80,4197.20,4196.50,4197.10,34,26,60,8.00,17.00,-2.00,0.60,33.3,-12,39,1.1250,4.5000,55.00,126.00,4194.85,0.2713,UP,76.80,0.7813,0.8988
20261006 200925 662,4196.90,1,4196.90,4197.10,0.20,4196.90,1,4196.80,7,4196.70,9,4196.60,7,4196.50,9,4196.40,7,4196.30,8,4196.20,18,4196.10,20,4196.00,20,4197.10,6,4197.20,8,4197.30,9,4197.40,7,4197.50,8,4197.60,18,4197.70,18,4197.80,20,4197.90,20,4198.00,17,Sell,9,12,21,-3.00,-2.00,-11.00,0.70,14.3,4196.80,4197.20,4196.50,4196.90,34,26,60,8.00,17.00,-2.00,0.60,33.3,-12,39,1.1250,2.6667,54.00,125.00,4194.83,0.2649,UP,76.80,0.7813,0.8988
20261006 200925 662,4196.90,1,4196.90,4197.10,0.20,4196.90,1,4196.80,7,4196.70,9,4196.60,7,4196.50,9,4196.40,7,4196.30,8,4196.20,18,4196.10,20,4196.00,20,4197.10,6,4197.20,8,4197.30,9,4197.40,7,4197.50,8,4197.60,18,4197.70,18,4197.80,20,4197.90,20,4198.00,17,Sell,9,13,22,-4.00,-2.00,-11.00,0.70,14.3,4196.80,4197.20,4196.50,4196.90,34,26,60,8.00,17.00,-2.00,0.60,33.3,-12,39,1.1250,1.7500,53.00,124.00,4194.83,0.2649,UP,76.80,0.7813,0.8988
20261006 200925 662,4196.90,2,4196.90,4197.10,0.20,4196.90,1,4196.80,7,4196.70,9,4196.60,7,4196.50,9,4196.40,7,4196.30,8,4196.20,18,4196.10,20,4196.00,20,4197.10,6,4197.20,8,4197.30,9,4197.40,7,4197.50,8,4197.60,18,4197.70,18,4197.80,20,4197.90,20,4198.00,17,Sell,9,15,24,-6.00,-2.00,-11.00,0.70,14.3,4196.80,4197.20,4196.50,4196.90,34,26,60,8.00,17.00,-2.00,0.60,33.3,-12,39,1.1250,0.8333,51.00,122.00,4194.83,0.2649,UP,76.80,0.7813,0.8988
20261006 200925 662,4196.80,1,4196.90,4197.10,0.20,4196.90,1,4196.80,7,4196.70,9,4196.60,7,4196.50,9,4196.40,7,4196.30,8,4196.20,18,4196.10,20,4196.00,20,4197.10,6,4197.20,8,4197.30,9,4197.40,7,4197.50,8,4197.60,18,4197.70,18,4197.80,20,4197.90,20,4198.00,17,Sell,9,16,25,-7.00,-2.00,-11.00,0.70,0.0,4196.80,4197.20,4196.50,4196.80,34,26,60,8.00,17.00,-2.00,0.60,33.3,-12,39,1.1250,0.5714,50.00,121.00,4194.82,0.2617,UP,76.80,0.7813,0.8988
20261006 200927 899,4197.10,1,4196.90,4197.10,0.20,4196.90,8,4196.80,6,4196.70,10,4196.60,7,4196.50,9,4196.40,7,4196.30,18,4196.20,18,4196.10,20,4196.00,20,4197.10,1,4197.20,6,4197.30,7,4197.40,7,4197.50,8,4197.60,8,4197.70,18,4197.80,20,4197.90,20,4198.00,18,Buy,10,16,26,-6.00,-2.00,-11.00,0.70,42.9,4196.80,4197.20,4196.50,4197.10,34,26,60,8.00,17.00,-2.00,0.60,33.3,-12,39,1.1250,0.8333,51.00,122.00,4194.85,0.2713,UP,76.80,0.7813,0.8988
20261006 200930 445,4196.90,1,4196.90,4197.10,0.20,4196.80,3,4196.70,10,4196.60,8,4196.50,8,4196.40,7,4196.30,18,4196.20,18,4196.10,20,4196.00,20,4195.90,20,4197.10,3,4197.20,5,4197.30,8,4197.40,7,4197.50,8,4197.60,8,4197.70,18,4197.80,20,4197.90,20,4198.00,18,Sell,10,17,27,-7.00,-2.00,-11.00,0.70,14.3,4196.80,4197.20,4196.50,4196.90,34,26,60,8.00,17.00,-2.00,0.60,33.3,-12,39,1.1250,0.5714,50.00,121.00,4194.83,0.2649,UP,76.80,0.7813,0.8988
20261006 200930 445,4196.90,1,4196.90,4197.10,0.20,4196.80,3,4196.70,10,4196.60,8,4196.50,8,4196.40,7,4196.30,18,4196.20,18,4196.10,20,4196.00,20,4195.90,20,4197.10,3,4197.20,5,4197.30,8,4197.40,7,4197.50,8,4197.60,8,4197.70,18,4197.80,20,4197.90,20,4198.00,18,Sell,10,18,28,-8.00,-2.00,-11.00,0.70,14.3,4196.80,4197.20,4196.50,4196.90,34,26,60,8.00,17.00,-2.00,0.60,33.3,-12,39,1.1250,0.3750,49.00,120.00,4194.83,0.2649,UP,76.80,0.7813,0.8988
20261006 200930 445,4196.90,1,4196.90,4197.10,0.20,4196.80,3,4196.70,10,4196.60,8,4196.50,8,4196.40,7,4196.30,18,4196.20,18,4196.10,20,4196.00,20,4195.90,20,4197.10,3,4197.20,5,4197.30,8,4197.40,7,4197.50,8,4197.60,8,4197.70,18,4197.80,20,4197.90,20,4198.00,18,Sell,10,19,29,-9.00,-2.00,-11.00,0.70,14.3,4196.80,4197.20,4196.50,4196.90,34,26,60,8.00,17.00,-2.00,0.60,33.3,-12,39,1.1250,0.2222,48.00,119.00,4194.83,0.2649,UP,76.80,0.7813,0.8988
20261006 200930 445,4196.90,2,4196.90,4197.10,0.20,4196.80,3,4196.70,10,4196.60,8,4196.50,8,4196.40,7,4196.30,18,4196.20,18,4196.10,20,4196.00,20,4195.90,20,4197.10,3,4197.20,5,4197.30,8,4197.40,7,4197.50,8,4197.60,8,4197.70,18,4197.80,20,4197.90,20,4198.00,18,Sell,10,21,31,-11.00,-2.00,-11.00,0.70,14.3,4196.80,4197.20,4196.50,4196.90,34,26,60,8.00,17.00,-2.00,0.60,33.3,-12,39,1.1250,0.0000,46.00,117.00,4194.83,0.2649,UP,76.80,0.7813,0.8988
20261006 200930 445,4196.90,1,4196.90,4197.10,0.20,4196.80,3,4196.70,10,4196.60,8,4196.50,8,4196.40,7,4196.30,18,4196.20,18,4196.10,20,4196.00,20,4195.90,20,4197.10,3,4197.20,5,4197.30,8,4197.40,7,4197.50,8,4197.60,8,4197.70,18,4197.80,20,4197.90,20,4198.00,18,Sell,10,22,32,-12.00,-2.00,-12.00,0.70,14.3,4196.80,4197.20,4196.50,4196.90,34,26,60,8.00,17.00,-2.00,0.60,33.3,-12,39,1.1250,0.0000,45.00,116.00,4194.83,0.2649,UP,76.80,0.7813,0.8988
20261006 200930 445,4196.80,1,4196.90,4197.10,0.20,4196.80,3,4196.70,10,4196.60,8,4196.50,8,4196.40,7,4196.30,18,4196.20,18,4196.10,20,4196.00,20,4195.90,20,4197.10,3,4197.20,5,4197.30,8,4197.40,7,4197.50,8,4197.60,8,4197.70,18,4197.80,20,4197.90,20,4198.00,18,Sell,10,23,33,-13.00,-2.00,-13.00,0.70,0.0,4196.80,4197.20,4196.50,4196.80,34,26,60,8.00,17.00,-2.00,0.60,33.3,-12,39,1.1250,0.0000,44.00,115.00,4194.82,0.2617,UP,76.80,0.7813,0.8988
20261006 200930 445,4196.80,1,4196.90,4197.10,0.20,4196.80,3,4196.70,10,4196.60,8,4196.50,8,4196.40,7,4196.30,18,4196.20,18,4196.10,20,4196.00,20,4195.90,20,4197.10,3,4197.20,5,4197.30,8,4197.40,7,4197.50,8,4197.60,8,4197.70,18,4197.80,20,4197.90,20,4198.00,18,Sell,10,24,34,-14.00,-2.00,-14.00,0.70,0.0,4196.80,4197.20,4196.50,4196.80,34,26,60,8.00,17.00,-2.00,0.60,33.3,-12,39,1.1250,0.0000,43.00,114.00,4194.82,0.2617,UP,76.80,0.7813,0.8988
20261006 200930 445,4196.80,1,4196.90,4197.10,0.20,4196.80,3,4196.70,10,4196.60,8,4196.50,8,4196.40,7,4196.30,18,4196.20,18,4196.10,20,4196.00,20,4195.90,20,4197.10,3,4197.20,5,4197.30,8,4197.40,7,4197.50,8,4197.60,8,4197.70,18,4197.80,20,4197.90,20,4198.00,18,Sell,10,25,35,-15.00,-2.00,-15.00,0.70,0.0,4196.80,4197.20,4196.50,4196.80,34,26,60,8.00,17.00,-2.00,0.60,33.3,-12,39,1.1250,0.0000,42.00,113.00,4194.82,0.2617,UP,76.80,0.7813,0.8988
20261006 200930 445,4196.80,1,4196.90,4197.10,0.20,4196.80,3,4196.70,10,4196.60,8,4196.50,8,4196.40,7,4196.30,18,4196.20,18,4196.10,20,4196.00,20,4195.90,20,4197.10,3,4197.20,5,4197.30,8,4197.40,7,4197.50,8,4197.60,8,4197.70,18,4197.80,20,4197.90,20,4198.00,18,Sell,10,26,36,-16.00,-2.00,-16.00,0.70,0.0,4196.80,4197.20,4196.50,4196.80,34,26,60,8.00,17.00,-2.00,0.60,33.3,-12,39,1.1250,0.0000,41.00,112.00,4194.82,0.2617,UP,76.80,0.7813,0.8988
20261006 200932 645,4197.10,1,4196.90,4197.20,0.30,4196.90,5,4196.80,8,4196.70,10,4196.60,8,4196.50,8,4196.40,7,4196.30,18,4196.20,18,4196.10,20,4196.00,20,4197.20,6,4197.30,8,4197.40,7,4197.50,8,4197.60,8,4197.70,18,4197.80,20,4197.90,20,4198.00,18,4198.10,19,Buy,11,26,37,-15.00,-2.00,-16.00,0.70,42.9,4196.80,4197.20,4196.50,4197.10,34,26,60,8.00,17.00,-2.00,0.60,33.3,-12,39,1.1250,0.0667,42.00,113.00,4194.85,0.2713,UP,76.80,0.7813,0.8988
20261006 200935 043,4196.90,1,4196.80,4197.10,0.30,4196.80,5,4196.70,10,4196.60,8,4196.50,8,4196.40,7,4196.30,18,4196.20,18,4196.10,20,4196.00,20,4195.90,20,4197.10,6,4197.20,7,4197.30,8,4197.40,7,4197.50,9,4197.60,8,4197.70,18,4197.80,20,4197.90,20,4198.00,18,Sell,11,27,38,-16.00,-2.00,-16.00,0.70,14.3,4196.80,4197.20,4196.50,4196.90,34,26,60,8.00,17.00,-2.00,0.60,33.3,-12,39,1.1250,0.0000,41.00,112.00,4194.83,0.2649,UP,76.80,0.7813,0.8988
20261006 200939 526,4197.00,1,4196.80,4197.00,0.20,4196.80,4,4196.70,10,4196.60,8,4196.50,8,4196.40,7,4196.30,18,4196.20,18,4196.10,20,4196.00,20,4195.90,20,4197.00,2,4197.10,4,4197.20,7,4197.30,9,4197.40,7,4197.50,8,4197.60,19,4197.70,18,4197.80,20,4197.90,20,Buy,12,27,39,-15.00,-2.00,-16.00,0.70,28.6,4196.80,4197.20,4196.50,4197.00,34,26,60,8.00,17.00,-2.00,0.60,33.3,-12,39,1.1250,0.0667,42.00,113.00,4194.84,0.2681,UP,76.80,0.7813,0.8988
20261006 200946 825,4197.10,1,4196.90,4197.10,0.20,4196.90,4,4196.80,5,4196.70,10,4196.60,8,4196.50,8,4196.40,7,4196.30,18,4196.20,18,4196.10,20,4196.00,20,4197.10,1,4197.20,5,4197.30,9,4197.40,7,4197.50,8,4197.60,20,4197.70,18,4197.80,20,4197.90,20,4198.00,18,Buy,13,27,40,-14.00,-2.00,-16.00,0.70,42.9,4196.80,4197.20,4196.50,4197.10,34,26,60,8.00,17.00,-2.00,0.60,33.3,-12,39,1.1250,0.1429,43.00,114.00,4194.85,0.2713,UP,76.80,0.7813,0.8988
20261006 200950 248,4197.10,1,4196.90,4197.10,0.20,4196.90,2,4196.80,5,4196.70,11,4196.60,7,4196.50,8,4196.40,7,4196.30,18,4196.20,18,4196.10,20,4196.00,20,4197.10,3,4197.20,6,4197.30,9,4197.40,7,4197.50,8,4197.60,20,4197.70,18,4197.80,20,4197.90,20,4198.00,18,Buy,14,27,41,-13.00,-2.00,-16.00,0.70,42.9,4196.80,4197.20,4196.50,4197.10,34,26,60,8.00,17.00,-2.00,0.60,33.3,-12,39,1.1250,0.2308,44.00,115.00,4194.85,0.2713,UP,76.80,0.7813,0.8988
20261006 200955 001,4197.00,1,4197.00,4197.20,0.20,4197.00,3,4196.90,6,4196.80,7,4196.70,11,4196.60,7,4196.50,8,4196.40,7,4196.30,18,4196.20,18,4196.10,20,4197.20,2,4197.30,9,4197.40,7,4197.50,8,4197.60,10,4197.70,18,4197.80,20,4197.90,20,4198.00,18,4198.10,19,Buy,15,27,42,-12.00,-2.00,-16.00,0.70,28.6,4196.80,4197.20,4196.50,4197.00,34,26,60,8.00,17.00,-2.00,0.60,33.3,-12,39,1.1250,0.3333,45.00,116.00,4194.84,0.2681,UP,76.80,0.7813,0.8988
20261006 200958 358,4197.00,1,4196.90,4197.10,0.20,4196.90,6,4196.80,8,4196.70,11,4196.60,7,4196.50,8,4196.40,17,4196.30,18,4196.20,18,4196.10,20,4196.00,25,4197.20,1,4197.30,9,4197.40,7,4197.50,8,4197.60,10,4197.70,18,4197.80,20,4197.90,20,4198.00,18,4198.10,19,Sell,15,28,43,-13.00,-2.00,-16.00,0.70,28.6,4196.80,4197.20,4196.50,4197.00,34,26,60,8.00,17.00,-2.00,0.60,33.3,-12,39,1.1250,0.2308,44.00,115.00,4194.84,0.2681,UP,76.80,0.7813,0.8988
20261006 200958 358,4197.00,1,4196.90,4197.10,0.20,4196.90,6,4196.80,8,4196.70,11,4196.60,7,4196.50,8,4196.40,17,4196.30,18,4196.20,18,4196.10,20,4196.00,25,4197.20,1,4197.30,9,4197.40,7,4197.50,8,4197.60,10,4197.70,18,4197.80,20,4197.90,20,4198.00,18,4198.10,19,Sell,15,29,44,-14.00,-2.00,-16.00,0.70,28.6,4196.80,4197.20,4196.50,4197.00,34,26,60,8.00,17.00,-2.00,0.60,33.3,-12,39,1.1250,0.1429,43.00,114.00,4194.84,0.2681,UP,76.80,0.7813,0.8988
20261006 200958 358,4197.00,1,4196.90,4197.10,0.20,4196.90,6,4196.80,8,4196.70,11,4196.60,7,4196.50,8,4196.40,17,4196.30,18,4196.20,18,4196.10,20,4196.00,25,4197.20,1,4197.30,9,4197.40,7,4197.50,8,4197.60,10,4197.70,18,4197.80,20,4197.90,20,4198.00,18,4198.10,19,Sell,15,30,45,-15.00,-2.00,-16.00,0.70,28.6,4196.80,4197.20,4196.50,4197.00,34,26,60,8.00,17.00,-2.00,0.60,33.3,-12,39,1.1250,0.0667,42.00,113.00,4194.84,0.2681,UP,76.80,0.7813,0.8988
20261006 200958 358,4197.00,1,4196.90,4197.10,0.20,4196.90,6,4196.80,8,4196.70,11,4196.60,7,4196.50,8,4196.40,17,4196.30,18,4196.20,18,4196.10,20,4196.00,25,4197.20,1,4197.30,9,4197.40,7,4197.50,8,4197.60,10,4197.70,18,4197.80,20,4197.90,20,4198.00,18,4198.10,19,Sell,15,31,46,-16.00,-2.00,-16.00,0.70,28.6,4196.80,4197.20,4196.50,4197.00,34,26,60,8.00,17.00,-2.00,0.60,33.3,-12,39,1.1250,0.0000,41.00,112.00,4194.84,0.2681,UP,76.80,0.7813,0.8988
20261006 200958 359,4196.90,1,4196.90,4197.10,0.20,4196.90,6,4196.80,8,4196.70,11,4196.60,7,4196.50,8,4196.40,17,4196.30,18,4196.20,18,4196.10,20,4196.00,25,4197.20,1,4197.30,9,4197.40,7,4197.50,8,4197.60,10,4197.70,18,4197.80,20,4197.90,20,4198.00,18,4198.10,19,Sell,15,32,47,-17.00,-2.00,-17.00,0.70,14.3,4196.80,4197.20,4196.50,4196.90,34,26,60,8.00,17.00,-2.00,0.60,33.3,-12,39,1.1250,0.0000,40.00,111.00,4194.83,0.2649,UP,76.80,0.7813,0.8988
20261006 200958 359,4196.90,2,4196.90,4197.10,0.20,4196.90,6,4196.80,8,4196.70,11,4196.60,7,4196.50,8,4196.40,17,4196.30,18,4196.20,18,4196.10,20,4196.00,25,4197.20,1,4197.30,9,4197.40,7,4197.50,8,4197.60,10,4197.70,18,4197.80,20,4197.90,20,4198.00,18,4198.10,19,Sell,15,34,49,-19.00,-2.00,-19.00,0.70,14.3,4196.80,4197.20,4196.50,4196.90,34,26,60,8.00,17.00,-2.00,0.60,33.3,-12,39,1.1250,0.0000,38.00,109.00,4194.83,0.2649,UP,76.80,0.7813,0.8988
20261006 200958 359,4196.90,1,4196.90,4197.10,0.20,4196.90,6,4196.80,8,4196.70,11,4196.60,7,4196.50,8,4196.40,17,4196.30,18,4196.20,18,4196.10,20,4196.00,25,4197.20,1,4197.30,9,4197.40,7,4197.50,8,4197.60,10,4197.70,18,4197.80,20,4197.90,20,4198.00,18,4198.10,19,Sell,15,35,50,-20.00,-2.00,-20.00,0.70,14.3,4196.80,4197.20,4196.50,4196.90,34,26,60,8.00,17.00,-2.00,0.60,33.3,-12,39,1.1250,0.0000,37.00,108.00,4194.83,0.2649,UP,76.80,0.7813,0.8988
20261006 200958 359,4196.90,1,4197.00,4197.20,0.20,4197.00,2,4196.90,5,4196.80,9,4196.70,11,4196.60,7,4196.50,8,4196.40,17,4196.30,18,4196.20,18,4196.10,20,4197.20,4,4197.30,8,4197.40,7,4197.50,8,4197.60,10,4197.70,18,4197.80,20,4197.90,20,4198.00,18,4198.10,19,Sell,15,36,51,-21.00,-2.00,-21.00,0.70,14.3,4196.80,4197.20,4196.50,4196.90,34,26,60,8.00,17.00,-2.00,0.60,33.3,-12,39,1.1250,0.0000,36.00,107.00,4194.83,0.2649,UP,76.80,0.7813,0.8988
20261006 200958 916,4197.00,1,4197.00,4197.20,0.20,4197.00,2,4196.90,7,4196.80,9,4196.70,11,4196.60,7,4196.50,8,4196.40,17,4196.30,18,4196.20,18,4196.10,20,4197.20,4,4197.30,8,4197.40,7,4197.50,8,4197.60,10,4197.70,18,4197.80,20,4197.90,20,4198.00,18,4198.10,19,Sell,15,37,52,-22.00,-2.00,-22.00,0.70,28.6,4196.80,4197.20,4196.50,4197.00,34,26,60,8.00,17.00,-2.00,0.60,33.3,-12,39,1.1250,0.0000,35.00,106.00,4194.84,0.2681,UP,76.80,0.7813,0.8988
20261006 200959 034,4197.20,1,4197.00,4197.20,0.20,4197.00,2,4196.90,8,4196.80,9,4196.70,11,4196.60,7,4196.50,8,4196.40,17,4196.30,18,4196.20,18,4196.10,20,4197.20,3,4197.30,8,4197.40,7,4197.50,8,4197.60,10,4197.70,18,4197.80,20,4197.90,20,4198.00,18,4198.10,19,Buy,16,37,53,-21.00,-2.00,-22.00,0.70,57.1,4196.80,4197.20,4196.50,4197.20,34,26,60,8.00,17.00,-2.00,0.60,33.3,-12,39,1.1250,0.0476,36.00,107.00,4194.86,0.2744,UP,76.80,0.7813,0.8988
20261006 201000 629,4196.90,1,4196.90,4197.10,0.20,4196.90,1,4196.80,7,4196.70,11,4196.60,7,4196.50,8,4196.40,17,4196.30,18,4196.20,18,4196.10,20,4196.00,25,4197.10,7,4197.20,6,4197.30,8,4197.40,7,4197.50,8,4197.60,11,4197.70,18,4197.80,20,4197.90,20,4198.00,18,Sell,0,1,1,-1.00,-1.00,-1.00,0.00,0.0,4196.90,4196.90,4196.90,4196.90,16,37,53,-21.00,-2.00,-22.00,0.70,57.1,-15,48,0.0476,0.0000,52.00,65.00,4194.83,0.2649,UP,78.60,0.6743,0.8561
20261006 201000 629,4196.90,1,4196.90,4197.10,0.20,4196.90,1,4196.80,7,4196.70,11,4196.60,7,4196.50,8,4196.40,17,4196.30,18,4196.20,18,4196.10,20,4196.00,25,4197.10,7,4197.20,6,4197.30,8,4197.40,7,4197.50,8,4197.60,11,4197.70,18,4197.80,20,4197.90,20,4198.00,18,Sell,0,2,2,-2.00,-1.00,-2.00,0.00,0.0,4196.90,4196.90,4196.90,4196.90,16,37,53,-21.00,-2.00,-22.00,0.70,57.1,-15,48,0.0476,0.0000,51.00,64.00,4194.83,0.2649,UP,78.60,0.6743,0.8561
20261006 201000 629,4196.90,1,4196.90,4197.10,0.20,4196.90,1,4196.80,7,4196.70,11,4196.60,7,4196.50,8,4196.40,17,4196.30,18,4196.20,18,4196.10,20,4196.00,25,4197.10,7,4197.20,6,4197.30,8,4197.40,7,4197.50,8,4197.60,11,4197.70,18,4197.80,20,4197.90,20,4198.00,18,Sell,0,3,3,-3.00,-1.00,-3.00,0.00,0.0,4196.90,4196.90,4196.90,4196.90,16,37,53,-21.00,-2.00,-22.00,0.70,57.1,-15,48,0.0476,0.0000,50.00,63.00,4194.83,0.2649,UP,78.60,0.6743,0.8561
20261006 201000 802,4196.90,1,4196.90,4197.10,0.20,4196.90,5,4196.80,8,4196.70,11,4196.60,7,4196.50,8,4196.40,17,4196.30,18,4196.20,18,4196.10,20,4196.00,25,4197.10,2,4197.20,6,4197.30,8,4197.40,7,4197.50,8,4197.60,11,4197.70,18,4197.80,20,4197.90,20,4198.00,18,Sell,0,4,4,-4.00,-1.00,-4.00,0.00,0.0,4196.90,4196.90,4196.90,4196.90,16,37,53,-21.00,-2.00,-22.00,0.70,57.1,-15,48,0.0476,0.0000,49.00,62.00,4194.83,0.2649,UP,78.60,0.6743,0.8561
20261006 201000 802,4196.90,1,4196.90,4197.10,0.20,4196.90,5,4196.80,8,4196.70,11,4196.60,7,4196.50,8,4196.40,17,4196.30,18,4196.20,18,4196.10,20,4196.00,25,4197.10,2,4197.20,6,4197.30,8,4197.40,7,4197.50,8,4197.60,11,4197.70,18,4197.80,20,4197.90,20,4198.00,18,Sell,0,5,5,-5.00,-1.00,-5.00,0.00,0.0,4196.90,4196.90,4196.90,4196.90,16,37,53,-21.00,-2.00,-22.00,0.70,57.1,-15,48,0.0476,0.0000,48.00,61.00,4194.83,0.2649,UP,78.60,0.6743,0.8561
20261006 201000 802,4196.90,2,4196.90,4197.10,0.20,4196.90,5,4196.80,8,4196.70,11,4196.60,7,4196.50,8,4196.40,17,4196.30,18,4196.20,18,4196.10,20,4196.00,25,4197.10,2,4197.20,6,4197.30,8,4197.40,7,4197.50,8,4197.60,11,4197.70,18,4197.80,20,4197.90,20,4198.00,18,Sell,0,7,7,-7.00,-1.00,-7.00,0.00,0.0,4196.90,4196.90,4196.90,4196.90,16,37,53,-21.00,-2.00,-22.00,0.70,57.1,-15,48,0.0476,0.0000,46.00,59.00,4194.83,0.2649,UP,78.60,0.6743,0.8561
20261006 201000 802,4196.90,1,4196.90,4197.10,0.20,4196.90,5,4196.80,8,4196.70,11,4196.60,7,4196.50,8,4196.40,17,4196.30,18,4196.20,18,4196.10,20,4196.00,25,4197.10,2,4197.20,6,4197.30,8,4197.40,7,4197.50,8,4197.60,11,4197.70,18,4197.80,20,4197.90,20,4198.00,18,Sell,0,8,8,-8.00,-1.00,-8.00,0.00,0.0,4196.90,4196.90,4196.90,4196.90,16,37,53,-21.00,-2.00,-22.00,0.70,57.1,-15,48,0.0476,0.0000,45.00,58.00,4194.83,0.2649,UP,78.60,0.6743,0.8561
20261006 201001 377,4197.00,1,4196.90,4197.10,0.20,4196.90,5,4196.80,8,4196.70,11,4196.60,7,4196.50,8,4196.40,17,4196.30,18,4196.20,18,4196.10,20,4196.00,25,4197.10,1,4197.20,3,4197.30,8,4197.40,7,4197.50,8,4197.60,11,4197.70,18,4197.80,20,4197.90,20,4198.00,18,Sell,0,9,9,-9.00,-1.00,-9.00,0.10,100.0,4196.90,4197.00,4196.90,4197.00,16,37,53,-21.00,-2.00,-22.00,0.70,57.1,-15,48,0.0476,0.0000,44.00,57.00,4194.84,0.2681,UP,78.60,0.6743,0.8561
20261006 201001 377,4197.00,1,4196.90,4197.10,0.20,4196.90,5,4196.80,8,4196.70,11,4196.60,7,4196.50,8,4196.40,17,4196.30,18,4196.20,18,4196.10,20,4196.00,25,4197.10,1,4197.20,3,4197.30,8,4197.40,7,4197.50,8,4197.60,11,4197.70,18,4197.80,20,4197.90,20,4198.00,18,Sell,0,10,10,-10.00,-1.00,-10.00,0.10,100.0,4196.90,4197.00,4196.90,4197.00,16,37,53,-21.00,-2.00,-22.00,0.70,57.1,-15,48,0.0476,0.0000,43.00,56.00,4194.84,0.2681,UP,78.60,0.6743,0.8561
20261006 201001 377,4196.90,1,4196.90,4197.10,0.20,4196.90,5,4196.80,8,4196.70,11,4196.60,7,4196.50,8,4196.40,17,4196.30,18,4196.20,18,4196.10,20,4196.00,25,4197.10,1,4197.20,3,4197.30,8,4197.40,7,4197.50,8,4197.60,11,4197.70,18,4197.80,20,4197.90,20,4198.00,18,Sell,0,11,11,-11.00,-1.00,-11.00,0.10,0.0,4196.90,4197.00,4196.90,4196.90,16,37,53,-21.00,-2.00,-22.00,0.70,57.1,-15,48,0.0476,0.0000,42.00,55.00,4194.83,0.2649,UP,78.60,0.6743,0.8561
20261006 201003 783,4197.10,1,4197.00,4197.20,0.20,4197.00,3,4196.90,10,4196.80,8,4196.70,11,4196.60,7,4196.50,8,4196.40,17,4196.30,18,4196.20,18,4196.10,20,4197.20,3,4197.30,8,4197.40,7,4197.50,8,4197.60,11,4197.70,18,4197.80,20,4197.90,20,4198.00,18,4198.10,19,Buy,1,11,12,-10.00,-1.00,-11.00,0.20,100.0,4196.90,4197.10,4196.90,4197.10,16,37,53,-21.00,-2.00,-22.00,0.70,57.1,-15,48,0.0476,0.1000,43.00,56.00,4194.85,0.2713,UP,78.60,0.6743,0.8561
20261006 201008 304,4197.30,2,4197.30,4197.40,0.10,4197.30,2,4197.20,4,4197.10,8,4197.00,8,4196.90,11,4196.80,9,4196.70,11,4196.60,7,4196.50,18,4196.40,17,4197.40,1,4197.50,4,4197.60,11,4197.70,7,4197.80,20,4197.90,20,4198.00,18,4198.10,19,4198.20,14,4198.30,14,Buy,3,11,14,-8.00,-1.00,-11.00,0.40,100.0,4196.90,4197.30,4196.90,4197.30,16,37,53,-21.00,-2.00,-22.00,0.70,57.1,-15,48,0.0476,0.3750,45.00,58.00,4194.86,0.2776,UP,78.60,0.6743,0.8632
20261006 201009 923,4197.60,1,4197.60,4197.90,0.30,4197.60,1,4197.50,8,4197.40,8,4197.30,12,4197.20,8,4197.10,9,4197.00,10,4196.90,21,4196.80,19,4196.70,21,4197.90,8,4198.00,7,4198.10,9,4198.20,7,4198.30,7,4198.40,9,4198.50,12,4198.60,14,4198.70,11,4198.80,16,Buy,4,11,15,-7.00,-1.00,-11.00,0.70,100.0,4196.90,4197.60,4196.90,4197.60,16,37,53,-21.00,-2.00,-22.00,0.70,57.1,-15,48,0.0476,0.5714,46.00,59.00,4194.89,0.2871,UP,78.60,0.6743,0.8846
20261006 201009 923,4197.60,1,4197.60,4197.90,0.30,4197.60,1,4197.50,8,4197.40,8,4197.30,12,4197.20,8,4197.10,9,4197.00,10,4196.90,21,4196.80,19,4196.70,21,4197.90,8,4198.00,7,4198.10,9,4198.20,7,4198.30,7,4198.40,9,4198.50,12,4198.60,14,4198.70,11,4198.80,16,Buy,5,11,16,-6.00,-1.00,-11.00,0.70,100.0,4196.90,4197.60,4196.90,4197.60,16,37,53,-21.00,-2.00,-22.00,0.70,57.1,-15,48,0.0476,0.8333,47.00,60.00,4194.89,0.2871,UP,78.60,0.6743,0.8846
20261006 201009 923,4197.60,1,4197.60,4197.90,0.30,4197.60,1,4197.50,8,4197.40,8,4197.30,12,4197.20,8,4197.10,9,4197.00,10,4196.90,21,4196.80,19,4196.70,21,4197.90,8,4198.00,7,4198.10,9,4198.20,7,4198.30,7,4198.40,9,4198.50,12,4198.60,14,4198.70,11,4198.80,16,Buy,6,11,17,-5.00,-1.00,-11.00,0.70,100.0,4196.90,4197.60,4196.90,4197.60,16,37,53,-21.00,-2.00,-22.00,0.70,57.1,-15,48,0.0476,1.2000,48.00,61.00,4194.89,0.2871,UP,78.60,0.6743,0.8846
20261006 201009 926,4197.60,4,4197.60,4197.90,0.30,4197.60,1,4197.50,8,4197.40,8,4197.30,12,4197.20,8,4197.10,9,4197.00,10,4196.90,21,4196.80,19,4196.70,21,4197.90,8,4198.00,7,4198.10,9,4198.20,7,4198.30,7,4198.40,9,4198.50,12,4198.60,14,4198.70,11,4198.80,16,Buy,10,11,21,-1.00,-1.00,-11.00,0.70,100.0,4196.90,4197.60,4196.90,4197.60,16,37,53,-21.00,-2.00,-22.00,0.70,57.1,-15,48,0.0476,10.0000,52.00,65.00,4194.89,0.2871,UP,78.60,0.6743,0.8846
20261006 201009 926,4197.70,1,4197.60,4197.90,0.30,4197.60,1,4197.50,8,4197.40,8,4197.30,12,4197.20,8,4197.10,9,4197.00,10,4196.90,21,4196.80,19,4196.70,21,4197.90,8,4198.00,7,4198.10,9,4198.20,7,4198.30,7,4198.40,9,4198.50,12,4198.60,14,4198.70,11,4198.80,16,Buy,11,11,22,0.00,0.00,-11.00,0.80,100.0,4196.90,4197.70,4196.90,4197.70,16,37,53,-21.00,-2.00,-22.00,0.70,57.1,-15,48,0.0476,0.0000,53.00,66.00,4194.90,0.2903,UP,78.60,0.6743,0.8918
20261006 201009 926,4197.70,1,4197.60,4197.90,0.30,4197.60,1,4197.50,8,4197.40,8,4197.30,12,4197.20,8,4197.10,9,4197.00,10,4196.90,21,4196.80,19,4196.70,21,4197.90,8,4198.00,7,4198.10,9,4198.20,7,4198.30,7,4198.40,9,4198.50,12,4198.60,14,4198.70,11,4198.80,16,Buy,12,11,23,1.00,1.00,-11.00,0.80,100.0,4196.90,4197.70,4196.90,4197.70,16,37,53,-21.00,-2.00,-22.00,0.70,57.1,-15,48,0.0476,0.0000,54.00,67.00,4194.90,0.2903,UP,78.60,0.6743,0.8918
20261006 201009 926,4197.70,2,4197.60,4197.90,0.30,4197.60,1,4197.50,8,4197.40,8,4197.30,12,4197.20,8,4197.10,9,4197.00,10,4196.90,21,4196.80,19,4196.70,21,4197.90,8,4198.00,7,4198.10,9,4198.20,7,4198.30,7,4198.40,9,4198.50,12,4198.60,14,4198.70,11,4198.80,16,Buy,14,11,25,3.00,3.00,-11.00,0.80,100.0,4196.90,4197.70,4196.90,4197.70,16,37,53,-21.00,-2.00,-22.00,0.70,57.1,-15,48,0.0476,0.0000,56.00,69.00,4194.90,0.2903,UP,78.60,0.6743,0.8918
20261006 201009 926,4197.70,1,4197.60,4197.90,0.30,4197.60,1,4197.50,8,4197.40,8,4197.30,12,4197.20,8,4197.10,9,4197.00,10,4196.90,21,4196.80,19,4196.70,21,4197.90,8,4198.00,7,4198.10,9,4198.20,7,4198.30,7,4198.40,9,4198.50,12,4198.60,14,4198.70,11,4198.80,16,Buy,15,11,26,4.00,4.00,-11.00,0.80,100.0,4196.90,4197.70,4196.90,4197.70,16,37,53,-21.00,-2.00,-22.00,0.70,57.1,-15,48,0.0476,0.0000,57.00,70.00,4194.90,0.2903,UP,78.60,0.6743,0.8918
20261006 201010 110,4197.90,1,4197.90,4198.10,0.20,4197.90,1,4197.80,5,4197.70,5,4197.60,5,4197.50,9,4197.40,10,4197.30,13,4197.20,18,4197.10,19,4197.00,20,4198.10,8,4198.20,7,4198.30,7,4198.40,9,4198.50,12,4198.60,14,4198.70,11,4198.80,16,4198.90,13,4199.00,14,Sell,15,12,27,3.00,4.00,-11.00,1.00,100.0,4196.90,4197.90,4196.90,4197.90,16,37,53,-21.00,-2.00,-22.00,0.70,57.1,-15,48,0.0476,0.3333,56.00,69.00,4194.92,0.2967,UP,78.60,0.6743,0.9061
20261006 201010 110,4198.00,1,4197.90,4198.10,0.20,4197.90,1,4197.80,5,4197.70,5,4197.60,5,4197.50,9,4197.40,10,4197.30,13,4197.20,18,4197.10,19,4197.00,20,4198.10,8,4198.20,7,4198.30,7,4198.40,9,4198.50,12,4198.60,14,4198.70,11,4198.80,16,4198.90,13,4199.00,14,Buy,16,12,28,4.00,4.00,-11.00,1.10,100.0,4196.90,4198.00,4196.90,4198.00,16,37,53,-21.00,-2.00,-22.00,0.70,57.1,-15,48,0.0476,0.0000,57.00,70.00,4194.93,0.2998,UP,78.60,0.6743,0.9132
20261006 201010 175,4197.90,1,4197.90,4198.00,0.10,4197.80,4,4197.70,5,4197.60,5,4197.50,9,4197.40,10,4197.30,13,4197.20,18,4197.10,19,4197.00,20,4196.90,21,4198.00,3,4198.10,8,4198.20,7,4198.30,7,4198.40,9,4198.50,12,4198.60,14,4198.70,11,4198.80,16,4198.90,13,Sell,16,13,29,3.00,4.00,-11.00,1.10,90.9,4196.90,4198.00,4196.90,4197.90,16,37,53,-21.00,-2.00,-22.00,0.70,57.1,-15,48,0.0476,0.3333,56.00,69.00,4194.92,0.2967,UP,78.60,0.6743,0.9132
20261006 201011 024,4198.00,2,4197.90,4198.10,0.20,4197.90,5,4197.80,5,4197.70,6,4197.60,5,4197.50,9,4197.40,10,4197.30,23,4197.20,18,4197.10,19,4197.00,20,4198.10,3,4198.20,4,4198.30,7,4198.40,9,4198.50,5,4198.60,7,4198.70,11,4198.80,16,4198.90,13,4199.00,14,Sell,16,15,31,1.00,4.00,-11.00,1.10,100.0,4196.90,4198.00,4196.90,4198.00,16,37,53,-21.00,-2.00,-22.00,0.70,57.1,-15,48,0.0476,3.0000,54.00,67.00,4194.93,0.2998,UP,78.60,0.6743,0.9132
20261006 201011 024,4198.00,1,4197.90,4198.10,0.20,4197.90,5,4197.80,5,4197.70,6,4197.60,5,4197.50,9,4197.40,10,4197.30,23,4197.20,18,4197.10,19,4197.00,20,4198.10,3,4198.20,4,4198.30,7,4198.40,9,4198.50,5,4198.60,7,4198.70,11,4198.80,16,4198.90,13,4199.00,14,Sell,16,16,32,0.00,4.00,-11.00,1.10,100.0,4196.90,4198.00,4196.90,4198.00,16,37,53,-21.00,-2.00,-22.00,0.70,57.1,-15,48,0.0476,4.0000,53.00,66.00,4194.93,0.2998,UP,78.60,0.6743,0.9132
20261006 201011 159,4198.10,1,4197.90,4198.10,0.20,4197.90,5,4197.80,5,4197.70,6,4197.60,5,4197.50,9,4197.40,10,4197.30,23,4197.20,18,4197.10,19,4197.00,20,4198.10,2,4198.20,4,4198.30,7,4198.40,9,4198.50,5,4198.60,7,4198.70,11,4198.80,16,4198.90,13,4199.00,14,Buy,17,16,33,1.00,4.00,-11.00,1.20,100.0,4196.90,4198.10,4196.90,4198.10,16,37,53,-21.00,-2.00,-22.00,0.70,57.1,-15,48,0.0476,3.0000,54.00,67.00,4194.94,0.3030,UP,78.60,0.6743,0.9203
20261006 201011 884,4198.00,2,4198.00,4198.20,0.20,4197.90,5,4197.80,5,4197.70,6,4197.60,5,4197.50,9,4197.40,10,4197.30,23,4197.20,18,4197.10,19,4197.00,20,4198.10,1,4198.20,5,4198.30,7,4198.40,9,4198.50,5,4198.60,7,4198.70,11,4198.80,16,4198.90,13,4199.00,14,Sell,17,18,35,-1.00,4.00,-11.00,1.20,91.7,4196.90,4198.10,4196.90,4198.00,16,37,53,-21.00,-2.00,-22.00,0.70,57.1,-15,48,0.0476,10.0000,52.00,65.00,4194.93,0.2998,UP,78.60,0.6743,0.9203
20261006 201011 991,4198.30,1,4197.90,4198.10,0.20,4197.90,1,4197.80,5,4197.70,6,4197.60,6,4197.50,9,4197.40,20,4197.30,23,4197.20,18,4197.10,19,4197.00,20,4198.10,5,4198.20,6,4198.30,8,4198.40,8,4198.50,4,4198.60,5,4198.70,13,4198.80,16,4198.90,15,4199.00,16,Buy,18,18,36,0.00,4.00,-11.00,1.40,100.0,4196.90,4198.30,4196.90,4198.30,16,37,53,-21.00,-2.00,-22.00,0.70,57.1,-15,48,0.0476,4.0000,53.00,66.00,4194.96,0.3094,UP,78.60,0.6743,0.9346
20261006 201011 992,4198.30,1,4197.90,4198.10,0.20,4197.90,1,4197.80,5,4197.70,6,4197.60,6,4197.50,9,4197.40,20,4197.30,23,4197.20,18,4197.10,19,4197.00,20,4198.10,5,4198.20,6,4198.30,8,4198.40,8,4198.50,4,4198.60,5,4198.70,13,4198.80,16,4198.90,15,4199.00,16,Buy,19,18,37,1.00,4.00,-11.00,1.40,100.0,4196.90,4198.30,4196.90,4198.30,16,37,53,-21.00,-2.00,-22.00,0.70,57.1,-15,48,0.0476,3.0000,54.00,67.00,4194.96,0.3094,UP,78.60,0.6743,0.9346
20261006 201011 992,4198.40,1,4197.90,4198.10,0.20,4197.90,1,4197.80,5,4197.70,6,4197.60,6,4197.50,9,4197.40,20,4197.30,23,4197.20,18,4197.10,19,4197.00,20,4198.10,5,4198.20,6,4198.30,8,4198.40,8,4198.50,4,4198.60,5,4198.70,13,4198.80,16,4198.90,15,4199.00,16,Buy,20,18,38,2.00,4.00,-11.00,1.50,100.0,4196.90,4198.40,4196.90,4198.40,16,37,53,-21.00,-2.00,-22.00,0.70,57.1,-15,48,0.0476,1.0000,55.00,68.00,4194.97,0.3125,UP,78.60,0.6743,0.9418
20261006 201011 992,4198.50,1,4197.90,4198.10,0.20,4197.90,1,4197.80,5,4197.70,6,4197.60,6,4197.50,9,4197.40,20,4197.30,23,4197.20,18,4197.10,19,4197.00,20,4198.10,5,4198.20,6,4198.30,8,4198.40,8,4198.50,4,4198.60,5,4198.70,13,4198.80,16,4198.90,15,4199.00,16,Buy,21,18,39,3.00,4.00,-11.00,1.60,100.0,4196.90,4198.50,4196.90,4198.50,16,37,53,-21.00,-2.00,-22.00,0.70,57.1,-15,48,0.0476,0.3333,56.00,69.00,4194.98,0.3157,UP,78.60,0.6743,0.9489
20261006 201011 992,4198.50,1,4197.90,4198.10,0.20,4197.90,1,4197.80,5,4197.70,6,4197.60,6,4197.50,9,4197.40,20,4197.30,23,4197.20,18,4197.10,19,4197.00,20,4198.10,5,4198.20,6,4198.30,8,4198.40,8,4198.50,4,4198.60,5,4198.70,13,4198.80,16,4198.90,15,4199.00,16,Buy,22,18,40,4.00,4.00,-11.00,1.60,100.0,4196.90,4198.50,4196.90,4198.50,16,37,53,-21.00,-2.00,-22.00,0.70,57.1,-15,48,0.0476,0.0000,57.00,70.00,4194.98,0.3157,UP,78.60,0.6743,0.9489
20261006 201011 992,4198.50,1,4197.90,4198.10,0.20,4197.90,1,4197.80,5,4197.70,6,4197.60,6,4197.50,9,4197.40,20,4197.30,23,4197.20,18,4197.10,19,4197.00,20,4198.10,5,4198.20,6,4198.30,8,4198.40,8,4198.50,4,4198.60,5,4198.70,13,4198.80,16,4198.90,15,4199.00,16,Buy,23,18,41,5.00,5.00,-11.00,1.60,100.0,4196.90,4198.50,4196.90,4198.50,16,37,53,-21.00,-2.00,-22.00,0.70,57.1,-15,48,0.0476,0.0000,58.00,71.00,4194.98,0.3157,UP,78.60,0.6743,0.9489
20261006 201011 992,4198.50,1,4197.90,4198.10,0.20,4197.90,1,4197.80,5,4197.70,6,4197.60,6,4197.50,9,4197.40,20,4197.30,23,4197.20,18,4197.10,19,4197.00,20,4198.10,5,4198.20,6,4198.30,8,4198.40,8,4198.50,4,4198.60,5,4198.70,13,4198.80,16,4198.90,15,4199.00,16,Buy,24,18,42,6.00,6.00,-11.00,1.60,100.0,4196.90,4198.50,4196.90,4198.50,16,37,53,-21.00,-2.00,-22.00,0.70,57.1,-15,48,0.0476,0.0000,59.00,72.00,4194.98,0.3157,UP,78.60,0.6743,0.9489
20261006 201011 992,4198.50,1,4197.90,4198.10,0.20,4197.90,1,4197.80,5,4197.70,6,4197.60,6,4197.50,9,4197.40,20,4197.30,23,4197.20,18,4197.10,19,4197.00,20,4198.10,5,4198.20,6,4198.30,8,4198.40,8,4198.50,4,4198.60,5,4198.70,13,4198.80,16,4198.90,15,4199.00,16,Buy,25,18,43,7.00,7.00,-11.00,1.60,100.0,4196.90,4198.50,4196.90,4198.50,16,37,53,-21.00,-2.00,-22.00,0.70,57.1,-15,48,0.0476,0.0000,60.00,73.00,4194.98,0.3157,UP,78.60,0.6743,0.9489
20261006 201011 992,4198.60,1,4197.90,4198.10,0.20,4197.90,1,4197.80,5,4197.70,6,4197.60,6,4197.50,9,4197.40,20,4197.30,23,4197.20,18,4197.10,19,4197.00,20,4198.10,5,4198.20,6,4198.30,8,4198.40,8,4198.50,4,4198.60,5,4198.70,13,4198.80,16,4198.90,15,4199.00,16,Buy,26,18,44,8.00,8.00,-11.00,1.70,100.0,4196.90,4198.60,4196.90,4198.60,16,37,53,-21.00,-2.00,-22.00,0.70,57.1,-15,48,0.0476,0.0000,61.00,74.00,4194.99,0.3189,UP,78.60,0.6743,0.9561
20261006 201011 992,4198.60,1,4197.90,4198.10,0.20,4197.90,1,4197.80,5,4197.70,6,4197.60,6,4197.50,9,4197.40,20,4197.30,23,4197.20,18,4197.10,19,4197.00,20,4198.10,5,4198.20,6,4198.30,8,4198.40,8,4198.50,4,4198.60,5,4198.70,13,4198.80,16,4198.90,15,4199.00,16,Buy,27,18,45,9.00,9.00,-11.00,1.70,100.0,4196.90,4198.60,4196.90,4198.60,16,37,53,-21.00,-2.00,-22.00,0.70,57.1,-15,48,0.0476,0.0000,62.00,75.00,4194.99,0.3189,UP,78.60,0.6743,0.9561
20261006 201011 992,4198.60,1,4197.90,4198.10,0.20,4197.90,1,4197.80,5,4197.70,6,4197.60,6,4197.50,9,4197.40,20,4197.30,23,4197.20,18,4197.10,19,4197.00,20,4198.10,5,4198.20,6,4198.30,8,4198.40,8,4198.50,4,4198.60,5,4198.70,13,4198.80,16,4198.90,15,4199.00,16,Buy,28,18,46,10.00,10.00,-11.00,1.70,100.0,4196.90,4198.60,4196.90,4198.60,16,37,53,-21.00,-2.00,-22.00,0.70,57.1,-15,48,0.0476,0.0000,63.00,76.00,4194.99,0.3189,UP,78.60,0.6743,0.9561
20261006 201011 992,4198.60,1,4197.90,4198.10,0.20,4197.90,1,4197.80,5,4197.70,6,4197.60,6,4197.50,9,4197.40,20,4197.30,23,4197.20,18,4197.10,19,4197.00,20,4198.10,5,4198.20,6,4198.30,8,4198.40,8,4198.50,4,4198.60,5,4198.70,13,4198.80,16,4198.90,15,4199.00,16,Buy,29,18,47,11.00,11.00,-11.00,1.70,100.0,4196.90,4198.60,4196.90,4198.60,16,37,53,-21.00,-2.00,-22.00,0.70,57.1,-15,48,0.0476,0.0000,64.00,77.00,4194.99,0.3189,UP,78.60,0.6743,0.9561
20261006 201011 992,4198.60,1,4197.90,4198.10,0.20,4197.90,1,4197.80,5,4197.70,6,4197.60,6,4197.50,9,4197.40,20,4197.30,23,4197.20,18,4197.10,19,4197.00,20,4198.10,5,4198.20,6,4198.30,8,4198.40,8,4198.50,4,4198.60,5,4198.70,13,4198.80,16,4198.90,15,4199.00,16,Buy,30,18,48,12.00,12.00,-11.00,1.70,100.0,4196.90,4198.60,4196.90,4198.60,16,37,53,-21.00,-2.00,-22.00,0.70,57.1,-15,48,0.0476,0.0000,65.00,78.00,4194.99,0.3189,UP,78.60,0.6743,0.9561
20261006 201011 995,4198.30,1,4197.90,4198.10,0.20,4197.90,1,4197.80,5,4197.70,6,4197.60,6,4197.50,9,4197.40,20,4197.30,23,4197.20,18,4197.10,19,4197.00,20,4198.10,5,4198.20,6,4198.30,8,4198.40,8,4198.50,4,4198.60,5,4198.70,13,4198.80,16,4198.90,15,4199.00,16,Sell,30,19,49,11.00,12.00,-11.00,1.70,82.4,4196.90,4198.60,4196.90,4198.30,16,37,53,-21.00,-2.00,-22.00,0.70,57.1,-15,48,0.0476,0.0909,64.00,77.00,4194.96,0.3094,UP,78.60,0.6743,0.9561
20261006 201011 995,4198.30,1,4197.90,4198.10,0.20,4197.90,1,4197.80,5,4197.70,6,4197.60,6,4197.50,9,4197.40,20,4197.30,23,4197.20,18,4197.10,19,4197.00,20,4198.10,5,4198.20,6,4198.30,8,4198.40,8,4198.50,4,4198.60,5,4198.70,13,4198.80,16,4198.90,15,4199.00,16,Sell,30,20,50,10.00,12.00,-11.00,1.70,82.4,4196.90,4198.60,4196.90,4198.30,16,37,53,-21.00,-2.00,-22.00,0.70,57.1,-15,48,0.0476,0.2000,63.00,76.00,4194.96,0.3094,UP,78.60,0.6743,0.9561
20261006 201011 997,4198.30,1,4197.90,4198.10,0.20,4197.90,1,4197.80,5,4197.70,6,4197.60,6,4197.50,9,4197.40,20,4197.30,23,4197.20,18,4197.10,19,4197.00,20,4198.10,5,4198.20,6,4198.30,8,4198.40,8,4198.50,4,4198.60,5,4198.70,13,4198.80,16,4198.90,15,4199.00,16,Sell,30,21,51,9.00,12.00,-11.00,1.70,82.4,4196.90,4198.60,4196.90,4198.30,16,37,53,-21.00,-2.00,-22.00,0.70,57.1,-15,48,0.0476,0.3333,62.00,75.00,4194.96,0.3094,UP,78.60,0.6743,0.9561
20261006 201011 998,4198.30,1,4197.90,4198.10,0.20,4197.90,1,4197.80,5,4197.70,6,4197.60,6,4197.50,9,4197.40,20,4197.30,23,4197.20,18,4197.10,19,4197.00,20,4198.10,5,4198.20,6,4198.30,8,4198.40,8,4198.50,4,4198.60,5,4198.70,13,4198.80,16,4198.90,15,4199.00,16,Sell,30,22,52,8.00,12.00,-11.00,1.70,82.4,4196.90,4198.60,4196.90,4198.30,16,37,53,-21.00,-2.00,-22.00,0.70,57.1,-15,48,0.0476,0.5000,61.00,74.00,4194.96,0.3094,UP,78.60,0.6743,0.9561
20261006 201011 998,4198.20,2,4197.90,4198.10,0.20,4197.90,1,4197.80,5,4197.70,6,4197.60,6,4197.50,9,4197.40,20,4197.30,23,4197.20,18,4197.10,19,4197.00,20,4198.10,5,4198.20,6,4198.30,8,4198.40,8,4198.50,4,4198.60,5,4198.70,13,4198.80,16,4198.90,15,4199.00,16,Sell,30,24,54,6.00,12.00,-11.00,1.70,76.5,4196.90,4198.60,4196.90,4198.20,16,37,53,-21.00,-2.00,-22.00,0.70,57.1,-15,48,0.0476,1.0000,59.00,72.00,4194.95,0.3062,UP,78.60,0.6743,0.9561
20261006 201011 998,4198.20,1,4197.90,4198.10,0.20,4197.90,1,4197.80,5,4197.70,6,4197.60,6,4197.50,9,4197.40,20,4197.30,23,4197.20,18,4197.10,19,4197.00,20,4198.10,5,4198.20,6,4198.30,8,4198.40,8,4198.50,4,4198.60,5,4198.70,13,4198.80,16,4198.90,15,4199.00,16,Sell,30,25,55,5.00,12.00,-11.00,1.70,76.5,4196.90,4198.60,4196.90,4198.20,16,37,53,-21.00,-2.00,-22.00,0.70,57.1,-15,48,0.0476,1.4000,58.00,71.00,4194.95,0.3062,UP,78.60,0.6743,0.9561
20261006 201011 998,4198.20,1,4197.90,4198.10,0.20,4197.90,1,4197.80,5,4197.70,6,4197.60,6,4197.50,9,4197.40,20,4197.30,23,4197.20,18,4197.10,19,4197.00,20,4198.10,5,4198.20,6,4198.30,8,4198.40,8,4198.50,4,4198.60,5,4198.70,13,4198.80,16,4198.90,15,4199.00,16,Sell,30,26,56,4.00,12.00,-11.00,1.70,76.5,4196.90,4198.60,4196.90,4198.20,16,37,53,-21.00,-2.00,-22.00,0.70,57.1,-15,48,0.0476,2.0000,57.00,70.00,4194.95,0.3062,UP,78.60,0.6743,0.9561
20261006 201011 998,4198.20,1,4197.90,4198.10,0.20,4197.90,1,4197.80,5,4197.70,6,4197.60,6,4197.50,9,4197.40,20,4197.30,23,4197.20,18,4197.10,19,4197.00,20,4198.10,5,4198.20,6,4198.30,8,4198.40,8,4198.50,4,4198.60,5,4198.70,13,4198.80,16,4198.90,15,4199.00,16,Sell,30,27,57,3.00,12.00,-11.00,1.70,76.5,4196.90,4198.60,4196.90,4198.20,16,37,53,-21.00,-2.00,-22.00,0.70,57.1,-15,48,0.0476,3.0000,56.00,69.00,4194.95,0.3062,UP,78.60,0.6743,0.9561
20261006 201011 999,4198.20,1,4197.90,4198.10,0.20,4197.90,1,4197.80,5,4197.70,6,4197.60,6,4197.50,9,4197.40,20,4197.30,23,4197.20,18,4197.10,19,4197.00,20,4198.10,5,4198.20,6,4198.30,8,4198.40,8,4198.50,4,4198.60,5,4198.70,13,4198.80,16,4198.90,15,4199.00,16,Buy,31,27,58,4.00,12.00,-11.00,1.70,76.5,4196.90,4198.60,4196.90,4198.20,16,37,53,-21.00,-2.00,-22.00,0.70,57.1,-15,48,0.0476,2.0000,57.00,70.00,4194.95,0.3062,UP,78.60,0.6743,0.9561
20261006 201012 005,4198.10,1,4197.90,4198.10,0.20,4197.90,1,4197.80,5,4197.70,6,4197.60,6,4197.50,9,4197.40,20,4197.30,23,4197.20,18,4197.10,19,4197.00,20,4198.10,5,4198.20,6,4198.30,8,4198.40,8,4198.50,4,4198.60,5,4198.70,13,4198.80,16,4198.90,15,4199.00,16,Sell,31,28,59,3.00,12.00,-11.00,1.70,70.6,4196.90,4198.60,4196.90,4198.10,16,37,53,-21.00,-2.00,-22.00,0.70,57.1,-15,48,0.0476,3.0000,56.00,69.00,4194.94,0.3030,UP,78.60,0.6743,0.9561
20261006 201012 007,4198.10,1,4197.90,4198.10,0.20,4197.90,1,4197.80,5,4197.70,6,4197.60,6,4197.50,9,4197.40,20,4197.30,23,4197.20,18,4197.10,19,4197.00,20,4198.10,5,4198.20,6,4198.30,8,4198.40,8,4198.50,4,4198.60,5,4198.70,13,4198.80,16,4198.90,15,4199.00,16,Sell,31,29,60,2.00,12.00,-11.00,1.70,70.6,4196.90,4198.60,4196.90,4198.10,16,37,53,-21.00,-2.00,-22.00,0.70,57.1,-15,48,0.0476,5.0000,55.00,68.00,4194.94,0.3030,UP,78.60,0.6743,0.9561
20261006 201012 009,4198.00,1,4197.90,4198.10,0.20,4197.90,1,4197.80,5,4197.70,6,4197.60,6,4197.50,9,4197.40,20,4197.30,23,4197.20,18,4197.10,19,4197.00,20,4198.10,5,4198.20,6,4198.30,8,4198.40,8,4198.50,4,4198.60,5,4198.70,13,4198.80,16,4198.90,15,4199.00,16,Sell,31,30,61,1.00,12.00,-11.00,1.70,64.7,4196.90,4198.60,4196.90,4198.00,16,37,53,-21.00,-2.00,-22.00,0.70,57.1,-15,48,0.0476,11.0000,54.00,67.00,4194.93,0.2998,UP,78.60,0.6743,0.9561
20261006 201012 009,4198.00,1,4197.90,4198.10,0.20,4197.90,1,4197.80,5,4197.70,6,4197.60,6,4197.50,9,4197.40,20,4197.30,23,4197.20,18,4197.10,19,4197.00,20,4198.10,5,4198.20,6,4198.30,8,4198.40,8,4198.50,4,4198.60,5,4198.70,13,4198.80,16,4198.90,15,4199.00,16,Sell,31,31,62,0.00,12.00,-11.00,1.70,64.7,4196.90,4198.60,4196.90,4198.00,16,37,53,-21.00,-2.00,-22.00,0.70,57.1,-15,48,0.0476,12.0000,53.00,66.00,4194.93,0.2998,UP,78.60,0.6743,0.9561
20261006 201012 009,4198.00,1,4197.90,4198.10,0.20,4197.90,1,4197.80,5,4197.70,6,4197.60,6,4197.50,9,4197.40,20,4197.30,23,4197.20,18,4197.10,19,4197.00,20,4198.10,5,4198.20,6,4198.30,8,4198.40,8,4198.50,4,4198.60,5,4198.70,13,4198.80,16,4198.90,15,4199.00,16,Sell,31,32,63,-1.00,12.00,-11.00,1.70,64.7,4196.90,4198.60,4196.90,4198.00,16,37,53,-21.00,-2.00,-22.00,0.70,57.1,-15,48,0.0476,10.0000,52.00,65.00,4194.93,0.2998,UP,78.60,0.6743,0.9561
20261006 201012 900,4197.90,1,4197.70,4197.90,0.20,4197.70,5,4197.60,5,4197.50,9,4197.40,10,4197.30,23,4197.20,18,4197.10,19,4197.00,20,4196.90,21,4196.80,19,4197.90,2,4198.00,6,4198.10,5,4198.20,8,4198.30,10,4198.40,10,4198.50,5,4198.60,15,4198.70,13,4198.80,16,Buy,32,32,64,0.00,12.00,-11.00,1.70,58.8,4196.90,4198.60,4196.90,4197.90,16,37,53,-21.00,-2.00,-22.00,0.70,57.1,-15,48,0.0476,12.0000,53.00,66.00,4194.92,0.2967,UP,78.60,0.6743,0.9561
20261006 201016 430,4197.70,1,4197.70,4197.90,0.20,4197.70,1,4197.60,4,4197.50,9,4197.40,8,4197.30,13,4197.20,16,4197.10,17,4197.00,18,4196.90,19,4196.80,17,4197.90,3,4198.00,7,4198.10,5,4198.20,8,4198.30,10,4198.40,10,4198.50,5,4198.60,15,4198.70,13,4198.80,16,Sell,32,33,65,-1.00,12.00,-11.00,1.70,47.1,4196.90,4198.60,4196.90,4197.70,16,37,53,-21.00,-2.00,-22.00,0.70,57.1,-15,48,0.0476,10.0000,52.00,65.00,4194.90,0.2903,UP,78.60,0.6743,0.9561
20261006 201016 430,4197.70,1,4197.70,4197.90,0.20,4197.70,1,4197.60,4,4197.50,9,4197.40,8,4197.30,13,4197.20,16,4197.10,17,4197.00,18,4196.90,19,4196.80,17,4197.90,3,4198.00,7,4198.10,5,4198.20,8,4198.30,10,4198.40,10,4198.50,5,4198.60,15,4198.70,13,4198.80,16,Sell,32,34,66,-2.00,12.00,-11.00,1.70,47.1,4196.90,4198.60,4196.90,4197.70,16,37,53,-21.00,-2.00,-22.00,0.70,57.1,-15,48,0.0476,4.5000,51.00,64.00,4194.90,0.2903,UP,78.60,0.6743,0.9561
20261006 201020 783,4197.50,1,4197.50,4197.70,0.20,4197.40,6,4197.30,14,4197.20,6,4197.10,7,4197.00,18,4196.90,19,4196.80,17,4196.70,20,4196.60,17,4196.50,18,4197.70,6,4197.80,7,4197.90,8,4198.00,8,4198.10,6,4198.20,8,4198.30,20,4198.40,20,4198.50,15,4198.60,15,Sell,32,35,67,-3.00,12.00,-11.00,1.70,35.3,4196.90,4198.60,4196.90,4197.50,16,37,53,-21.00,-2.00,-22.00,0.70,57.1,-15,48,0.0476,2.6667,50.00,63.00,4194.88,0.2840,UP,78.60,0.6743,0.9561
20261006 201021 320,4197.60,1,4197.40,4197.70,0.30,4197.40,6,4197.30,14,4197.20,6,4197.10,7,4197.00,18,4196.90,19,4196.80,17,4196.70,20,4196.60,17,4196.50,18,4197.70,5,4197.80,7,4197.90,8,4198.00,8,4198.10,6,4198.20,8,4198.30,20,4198.40,20,4198.50,15,4198.60,15,Buy,33,35,68,-2.00,12.00,-11.00,1.70,41.2,4196.90,4198.60,4196.90,4197.60,16,37,53,-21.00,-2.00,-22.00,0.70,57.1,-15,48,0.0476,4.5000,51.00,64.00,4194.89,0.2871,UP,78.60,0.6743,0.9561
20261006 201021 320,4197.70,1,4197.40,4197.70,0.30,4197.40,6,4197.30,14,4197.20,6,4197.10,7,4197.00,18,4196.90,19,4196.80,17,4196.70,20,4196.60,17,4196.50,18,4197.70,5,4197.80,7,4197.90,8,4198.00,8,4198.10,6,4198.20,8,4198.30,20,4198.40,20,4198.50,15,4198.60,15,Buy,34,35,69,-1.00,12.00,-11.00,1.70,47.1,4196.90,4198.60,4196.90,4197.70,16,37,53,-21.00,-2.00,-22.00,0.70,57.1,-15,48,0.0476,10.0000,52.00,65.00,4194.90,0.2903,UP,78.60,0.6743,0.9561
20261006 201021 472,4197.40,1,4197.40,4197.70,0.30,4197.40,5,4197.30,12,4197.20,6,4197.10,7,4197.00,18,4196.90,19,4196.80,17,4196.70,20,4196.60,17,4196.50,18,4197.70,7,4197.80,7,4197.90,8,4198.00,8,4198.10,6,4198.20,8,4198.30,20,4198.40,20,4198.50,15,4198.60,15,Sell,34,36,70,-2.00,12.00,-11.00,1.70,29.4,4196.90,4198.60,4196.90,4197.40,16,37,53,-21.00,-2.00,-22.00,0.70,57.1,-15,48,0.0476,4.5000,51.00,64.00,4194.87,0.2808,UP,78.60,0.6743,0.9561
20261006 201024 249,4197.60,1,4197.60,4197.70,0.10,4197.60,3,4197.50,7,4197.40,7,4197.30,10,4197.20,6,4197.10,7,4197.00,18,4196.90,19,4196.80,17,4196.70,20,4197.80,2,4197.90,8,4198.00,8,4198.10,6,4198.20,8,4198.30,20,4198.40,20,4198.50,15,4198.60,15,4198.70,13,Sell,34,37,71,-3.00,12.00,-11.00,1.70,41.2,4196.90,4198.60,4196.90,4197.60,16,37,53,-21.00,-2.00,-22.00,0.70,57.1,-15,48,0.0476,2.6667,50.00,63.00,4194.89,0.2871,UP,78.60,0.6743,0.9561
20261006 201029 078,4197.40,1,4197.30,4197.40,0.10,4197.40,4,4197.30,2,4197.20,4,4197.10,6,4197.00,7,4196.90,10,4196.80,17,4196.70,20,4196.60,17,4196.50,18,4197.50,5,4197.60,7,4197.70,9,4197.80,7,4197.90,9,4198.00,8,4198.10,16,4198.20,18,4198.30,20,4198.40,20,Buy,35,37,72,-2.00,12.00,-11.00,1.70,29.4,4196.90,4198.60,4196.90,4197.40,16,37,53,-21.00,-2.00,-22.00,0.70,57.1,-15,48,0.0476,4.5000,51.00,64.00,4194.87,0.2808,UP,78.60,0.6743,0.9561
20261006 201029 536,4197.50,1,4197.50,4197.70,0.20,4197.50,3,4197.40,6,4197.30,6,4197.20,6,4197.10,7,4197.00,8,4196.90,10,4196.80,17,4196.70,20,4196.60,17,4197.70,5,4197.80,7,4197.90,9,4198.00,8,4198.10,16,4198.20,18,4198.30,20,4198.40,20,4198.50,15,4198.60,15,Buy,36,37,73,-1.00,12.00,-11.00,1.70,35.3,4196.90,4198.60,4196.90,4197.50,16,37,53,-21.00,-2.00,-22.00,0.70,57.1,-15,48,0.0476,10.0000,52.00,65.00,4194.88,0.2840,UP,78.60,0.6743,0.9561
20261006 201031 043,4197.80,1,4197.50,4197.80,0.30,4197.50,5,4197.40,10,4197.30,7,4197.20,7,4197.10,7,4197.00,8,4196.90,20,4196.80,17,4196.70,20,4196.60,17,4197.80,3,4197.90,8,4198.00,8,4198.10,6,4198.20,18,4198.30,20,4198.40,20,4198.50,15,4198.60,15,4198.70,13,Buy,37,37,74,0.00,12.00,-11.00,1.70,52.9,4196.90,4198.60,4196.90,4197.80,16,37,53,-21.00,-2.00,-22.00,0.70,57.1,-15,48,0.0476,12.0000,53.00,66.00,4194.91,0.2935,UP,78.60,0.6743,0.9561
20261006 201033 491,4197.60,1,4197.40,4197.60,0.20,4197.40,4,4197.30,7,4197.20,7,4197.10,7,4197.00,8,4196.90,20,4196.80,17,4196.70,20,4196.60,17,4196.50,18,4197.60,2,4197.70,5,4197.80,5,4197.90,8,4198.00,8,4198.10,6,4198.20,18,4198.30,20,4198.40,20,4198.50,15,Buy,38,37,75,1.00,12.00,-11.00,1.70,41.2,4196.90,4198.60,4196.90,4197.60,16,37,53,-21.00,-2.00,-22.00,0.70,57.1,-15,48,0.0476,11.0000,54.00,67.00,4194.89,0.2871,UP,78.60,0.6743,0.9561
20261006 201037 409,4197.40,4,4197.40,4197.60,0.20,4197.40,1,4197.30,4,4197.20,6,4197.10,7,4197.00,8,4196.90,10,4196.80,17,4196.70,20,4196.60,17,4196.50,18,4197.60,4,4197.70,5,4197.80,8,4197.90,8,4198.00,8,4198.10,16,4198.20,18,4198.30,20,4198.40,20,4198.50,15,Sell,38,41,79,-3.00,12.00,-11.00,1.70,29.4,4196.90,4198.60,4196.90,4197.40,16,37,53,-21.00,-2.00,-22.00,0.70,57.1,-15,48,0.0476,2.6667,50.00,63.00,4194.87,0.2808,UP,78.60,0.6743,0.9561
20261006 201043 688,4197.30,1,4197.30,4197.50,0.20,4197.30,1,4197.20,5,4197.10,9,4197.00,8,4196.90,10,4196.80,17,4196.70,20,4196.60,17,4196.50,18,4196.40,17,4197.50,4,4197.60,6,4197.70,7,4197.80,8,4197.90,9,4198.00,8,4198.10,16,4198.20,18,4198.30,20,4198.40,20,Sell,38,42,80,-4.00,12.00,-11.00,1.70,23.5,4196.90,4198.60,4196.90,4197.30,16,37,53,-21.00,-2.00,-22.00,0.70,57.1,-15,48,0.0476,1.7500,49.00,62.00,4194.86,0.2776,UP,78.60,0.6743,0.9561
20261006 201043 688,4197.20,1,4197.30,4197.50,0.20,4197.30,1,4197.20,5,4197.10,9,4197.00,8,4196.90,10,4196.80,17,4196.70,20,4196.60,17,4196.50,18,4196.40,17,4197.50,4,4197.60,6,4197.70,7,4197.80,8,4197.90,9,4198.00,8,4198.10,16,4198.20,18,4198.30,20,4198.40,20,Sell,38,43,81,-5.00,12.00,-11.00,1.70,17.6,4196.90,4198.60,4196.90,4197.20,16,37,53,-21.00,-2.00,-22.00,0.70,57.1,-15,48,0.0476,1.2000,48.00,61.00,4194.86,0.2744,UP,78.60,0.6743,0.9561
20261006 201049 816,4197.20,1,4197.20,4197.50,0.30,4197.20,5,4197.10,7,4197.00,8,4196.90,10,4196.80,17,4196.70,20,4196.60,17,4196.50,18,4196.40,17,4196.30,18,4197.50,4,4197.60,6,4197.70,6,4197.80,8,4197.90,9,4198.00,8,4198.10,16,4198.20,18,4198.30,20,4198.40,20,Sell,38,44,82,-6.00,12.00,-11.00,1.70,17.6,4196.90,4198.60,4196.90,4197.20,16,37,53,-21.00,-2.00,-22.00,0.70,57.1,-15,48,0.0476,0.8333,47.00,60.00,4194.86,0.2744,UP,78.60,0.6743,0.9561
20261006 201058 305,4197.40,1,4197.30,4197.40,0.10,4197.30,1,4197.20,5,4197.10,8,4197.00,8,4196.90,9,4196.80,17,4196.70,20,4196.60,17,4196.50,18,4196.40,18,4197.40,4,4197.50,3,4197.60,6,4197.70,5,4197.80,8,4197.90,9,4198.00,8,4198.10,16,4198.20,18,4198.30,20,Sell,38,45,83,-7.00,12.00,-11.00,1.70,29.4,4196.90,4198.60,4196.90,4197.40,16,37,53,-21.00,-2.00,-22.00,0.70,57.1,-15,48,0.0476,0.5714,46.00,59.00,4194.87,0.2808,UP,78.60,0.6743,0.9561
20261006 201102 631,4197.20,1,4197.10,4197.40,0.30,4197.10,7,4197.00,9,4196.90,9,4196.80,8,4196.70,10,4196.60,17,4196.50,18,4196.40,17,4196.30,18,4196.20,18,4197.40,6,4197.50,7,4197.60,9,4197.70,7,4197.80,8,4197.90,19,4198.00,18,4198.10,16,4198.20,18,4198.30,20,Sell,0,1,1,-1.00,-1.00,-1.00,0.00,0.0,4197.20,4197.20,4197.20,4197.20,38,45,83,-7.00,12.00,-11.00,1.70,29.4,-21,18,0.5714,0.0000,63.00,44.00,4194.86,0.2744,UP,78.20,1.0614,0.9020
20261006 201106 889,4197.10,2,4197.10,4197.30,0.20,4197.10,2,4197.00,7,4196.90,11,4196.80,8,4196.70,10,4196.60,17,4196.50,18,4196.40,17,4196.30,18,4196.20,18,4197.30,3,4197.40,6,4197.50,8,4197.60,9,4197.70,7,4197.80,9,4197.90,19,4198.00,18,4198.10,16,4198.20,18,Sell,0,3,3,-3.00,-1.00,-3.00,0.10,100.0,4197.20,4197.20,4197.10,4197.10,38,45,83,-7.00,12.00,-11.00,1.70,29.4,-21,18,0.5714,0.0000,61.00,42.00,4194.85,0.2713,UP,78.20,1.0614,0.9092
20261006 201108 586,4197.10,1,4197.10,4197.30,0.20,4197.10,5,4197.00,7,4196.90,11,4196.80,8,4196.70,10,4196.60,17,4196.50,18,4196.40,17,4196.30,18,4196.20,18,4197.30,3,4197.40,6,4197.50,8,4197.60,9,4197.70,7,4197.80,9,4197.90,19,4198.00,18,4198.10,16,4198.20,18,Sell,0,4,4,-4.00,-1.00,-4.00,0.10,100.0,4197.20,4197.20,4197.10,4197.10,38,45,83,-7.00,12.00,-11.00,1.70,29.4,-21,18,0.5714,0.0000,60.00,41.00,4194.85,0.2713,UP,78.20,1.0614,0.9092
20261006 201113 223,4197.30,1,4197.00,4197.20,0.20,4197.00,3,4196.90,11,4196.80,8,4196.70,10,4196.60,7,4196.50,18,4196.40,17,4196.30,18,4196.20,18,4196.10,21,4197.20,2,4197.30,5,4197.40,8,4197.50,8,4197.60,9,4197.70,7,4197.80,9,4197.90,19,4198.00,18,4198.10,16,Buy,1,4,5,-3.00,-1.00,-4.00,0.20,50.0,4197.20,4197.30,4197.10,4197.30,38,45,83,-7.00,12.00,-11.00,1.70,29.4,-21,18,0.5714,0.3333,61.00,42.00,4194.86,0.2776,UP,78.20,1.0614,0.9092
20261006 201122 162,4197.20,1,4197.00,4197.20,0.20,4197.00,3,4196.90,11,4196.80,8,4196.70,10,4196.60,7,4196.50,18,4196.40,17,4196.30,18,4196.20,18,4196.10,21,4197.20,2,4197.30,6,4197.40,7,4197.50,8,4197.60,9,4197.70,7,4197.80,10,4197.90,19,4198.00,18,4198.10,16,Buy,2,4,6,-2.00,-1.00,-4.00,0.20,0.0,4197.20,4197.30,4197.10,4197.20,38,45,83,-7.00,12.00,-11.00,1.70,29.4,-21,18,0.5714,1.0000,62.00,43.00,4194.86,0.2744,UP,78.20,1.0614,0.9092
20261006 201123 720,4197.20,1,4197.10,4197.30,0.20,4197.10,2,4197.00,3,4196.90,10,4196.80,8,4196.70,10,4196.60,7,4196.50,18,4196.40,17,4196.30,18,4196.20,18,4197.30,5,4197.40,7,4197.50,8,4197.60,9,4197.70,7,4197.80,10,4197.90,19,4198.00,18,4198.10,16,4198.20,18,Buy,3,4,7,-1.00,-1.00,-4.00,0.20,0.0,4197.20,4197.30,4197.10,4197.20,38,45,83,-7.00,12.00,-11.00,1.70,29.4,-21,18,0.5714,3.0000,63.00,44.00,4194.86,0.2744,UP,78.20,1.0614,0.9092
20261006 201123 839,4197.10,1,4197.00,4197.20,0.20,4197.00,4,4196.90,10,4196.80,8,4196.70,10,4196.60,7,4196.50,18,4196.40,17,4196.30,18,4196.20,18,4196.10,21,4197.20,1,4197.30,6,4197.40,7,4197.50,8,4197.60,9,4197.70,7,4197.80,10,4197.90,19,4198.00,18,4198.10,16,Sell,3,5,8,-2.00,-1.00,-4.00,0.20,50.0,4197.20,4197.30,4197.10,4197.10,38,45,83,-7.00,12.00,-11.00,1.70,29.4,-21,18,0.5714,1.0000,62.00,43.00,4194.85,0.2713,UP,78.20,1.0614,0.9092
20261006 201123 839,4197.10,1,4197.00,4197.20,0.20,4197.00,4,4196.90,10,4196.80,8,4196.70,10,4196.60,7,4196.50,18,4196.40,17,4196.30,18,4196.20,18,4196.10,21,4197.20,1,4197.30,6,4197.40,7,4197.50,8,4197.60,9,4197.70,7,4197.80,10,4197.90,19,4198.00,18,4198.10,16,Sell,3,6,9,-3.00,-1.00,-4.00,0.20,50.0,4197.20,4197.30,4197.10,4197.10,38,45,83,-7.00,12.00,-11.00,1.70,29.4,-21,18,0.5714,0.3333,61.00,42.00,4194.85,0.2713,UP,78.20,1.0614,0.9092
20261006 201123 839,4197.00,1,4197.00,4197.20,0.20,4197.00,4,4196.90,10,4196.80,8,4196.70,10,4196.60,7,4196.50,18,4196.40,17,4196.30,18,4196.20,18,4196.10,21,4197.20,1,4197.30,6,4197.40,7,4197.50,8,4197.60,9,4197.70,7,4197.80,10,4197.90,19,4198.00,18,4198.10,16,Sell,3,7,10,-4.00,-1.00,-4.00,0.30,66.7,4197.20,4197.30,4197.00,4197.00,38,45,83,-7.00,12.00,-11.00,1.70,29.4,-21,18,0.5714,0.0000,60.00,41.00,4194.84,0.2681,UP,78.20,1.0614,0.9163
20261006 201124 166,4197.20,1,4197.00,4197.30,0.30,4197.00,4,4196.90,10,4196.80,8,4196.70,10,4196.60,7,4196.50,18,4196.40,17,4196.30,18,4196.20,18,4196.10,21,4197.30,5,4197.40,7,4197.50,8,4197.60,9,4197.70,7,4197.80,10,4197.90,19,4198.00,18,4198.10,16,4198.20,18,Buy,4,7,11,-3.00,-1.00,-4.00,0.30,0.0,4197.20,4197.30,4197.00,4197.20,38,45,83,-7.00,12.00,-11.00,1.70,29.4,-21,18,0.5714,0.3333,61.00,42.00,4194.86,0.2744,UP,78.20,1.0614,0.9163
20261006 201126 857,4197.00,1,4196.80,4197.10,0.30,4196.80,6,4196.70,12,4196.60,7,4196.50,8,4196.40,17,4196.30,18,4196.20,18,4196.10,21,4196.00,20,4195.90,18,4197.10,4,4197.20,6,4197.30,7,4197.40,8,4197.50,8,4197.60,9,4197.70,17,4197.80,21,4197.90,19,4198.00,18,Sell,4,8,12,-4.00,-1.00,-4.00,0.30,66.7,4197.20,4197.30,4197.00,4197.00,38,45,83,-7.00,12.00,-11.00,1.70,29.4,-21,18,0.5714,0.0000,60.00,41.00,4194.84,0.2681,UP,78.20,1.0614,0.9163
20261006 201129 890,4197.00,1,4196.90,4197.00,0.10,4196.90,1,4196.80,3,4196.70,12,4196.60,7,4196.50,8,4196.40,7,4196.30,18,4196.20,18,4196.10,21,4196.00,20,4197.00,1,4197.10,7,4197.20,6,4197.30,7,4197.40,8,4197.50,9,4197.60,9,4197.70,17,4197.80,21,4197.90,19,Buy,5,8,13,-3.00,-1.00,-4.00,0.30,66.7,4197.20,4197.30,4197.00,4197.00,38,45,83,-7.00,12.00,-11.00,1.70,29.4,-21,18,0.5714,0.3333,61.00,42.00,4194.84,0.2681,UP,78.20,1.0614,0.9163
20261006 201142 933,4196.80,1,4196.70,4196.90,0.20,4196.70,4,4196.60,5,4196.50,8,4196.40,7,4196.30,8,4196.20,18,4196.10,21,4196.00,20,4195.90,18,4195.80,18,4196.90,4,4197.00,5,4197.10,6,4197.20,8,4197.30,8,4197.40,8,4197.50,9,4197.60,19,4197.70,21,4197.80,18,Sell,5,9,14,-4.00,-1.00,-4.00,0.50,80.0,4197.20,4197.30,4196.80,4196.80,38,45,83,-7.00,12.00,-11.00,1.70,29.4,-21,18,0.5714,0.0000,60.00,41.00,4194.82,0.2617,UP,78.20,1.0614,0.9306
20261006 201143 084,4196.90,1,4196.70,4196.90,0.20,4196.70,4,4196.60,5,4196.50,8,4196.40,7,4196.30,8,4196.20,18,4196.10,21,4196.00,20,4195.90,18,4195.80,18,4196.90,3,4197.00,5,4197.10,6,4197.20,8,4197.30,8,4197.40,8,4197.50,9,4197.60,19,4197.70,21,4197.80,18,Buy,6,9,15,-3.00,-1.00,-4.00,0.50,60.0,4197.20,4197.30,4196.80,4196.90,38,45,83,-7.00,12.00,-11.00,1.70,29.4,-21,18,0.5714,0.3333,61.00,42.00,4194.83,0.2649,UP,78.20,1.0614,0.9306
20261006 201145 687,4196.70,1,4196.60,4196.80,0.20,4196.60,3,4196.50,8,4196.40,7,4196.30,8,4196.20,18,4196.10,21,4196.00,20,4195.90,18,4195.80,18,4195.70,19,4196.80,4,4196.90,5,4197.00,5,4197.10,6,4197.20,8,4197.30,8,4197.40,8,4197.50,19,4197.60,19,4197.70,22,Sell,6,10,16,-4.00,-1.00,-4.00,0.60,83.3,4197.20,4197.30,4196.70,4196.70,38,45,83,-7.00,12.00,-11.00,1.70,29.4,-21,18,0.5714,0.0000,60.00,41.00,4194.81,0.2586,UP,78.20,1.0614,0.9378
20261006 201145 687,4196.70,1,4196.60,4196.80,0.20,4196.60,3,4196.50,8,4196.40,7,4196.30,8,4196.20,18,4196.10,21,4196.00,20,4195.90,18,4195.80,18,4195.70,19,4196.80,4,4196.90,5,4197.00,5,4197.10,6,4197.20,8,4197.30,8,4197.40,8,4197.50,19,4197.60,19,4197.70,22,Sell,6,11,17,-5.00,-1.00,-5.00,0.60,83.3,4197.20,4197.30,4196.70,4196.70,38,45,83,-7.00,12.00,-11.00,1.70,29.4,-21,18,0.5714,0.0000,59.00,40.00,4194.81,0.2586,UP,78.20,1.0614,0.9378
20261006 201145 687,4196.70,1,4196.60,4196.80,0.20,4196.60,3,4196.50,8,4196.40,7,4196.30,8,4196.20,18,4196.10,21,4196.00,20,4195.90,18,4195.80,18,4195.70,19,4196.80,4,4196.90,5,4197.00,5,4197.10,6,4197.20,8,4197.30,8,4197.40,8,4197.50,19,4197.60,19,4197.70,22,Sell,6,12,18,-6.00,-1.00,-6.00,0.60,83.3,4197.20,4197.30,4196.70,4196.70,38,45,83,-7.00,12.00,-11.00,1.70,29.4,-21,18,0.5714,0.0000,58.00,39.00,4194.81,0.2586,UP,78.20,1.0614,0.9378
20261006 201149 182,4196.70,1,4196.50,4196.70,0.20,4196.50,3,4196.40,6,4196.30,7,4196.20,8,4196.10,11,4196.00,20,4195.90,18,4195.80,18,4195.70,19,4195.60,19,4196.70,4,4196.80,5,4196.90,8,4197.00,6,4197.10,7,4197.20,8,4197.30,18,4197.40,18,4197.50,19,4197.60,19,Buy,7,12,19,-5.00,-1.00,-6.00,0.60,83.3,4197.20,4197.30,4196.70,4196.70,38,45,83,-7.00,12.00,-11.00,1.70,29.4,-21,18,0.5714,0.2000,59.00,40.00,4194.81,0.2586,UP,78.20,1.0614,0.9378
20261006 201150 373,4196.50,2,4196.50,4196.70,0.20,4196.50,2,4196.40,7,4196.30,7,4196.20,8,4196.10,11,4196.00,20,4195.90,18,4195.80,18,4195.70,19,4195.60,19,4196.70,4,4196.80,5,4196.90,8,4197.00,6,4197.10,7,4197.20,8,4197.30,18,4197.40,18,4197.50,19,4197.60,19,Sell,7,14,21,-7.00,-1.00,-7.00,0.80,87.5,4197.20,4197.30,4196.50,4196.50,38,45,83,-7.00,12.00,-11.00,1.70,29.4,-21,18,0.5714,0.0000,57.00,38.00,4194.79,0.2522,UP,78.20,1.0614,0.9520
20261006 201150 437,4196.70,1,4196.60,4196.70,0.10,4196.50,3,4196.40,7,4196.30,7,4196.20,8,4196.10,11,4196.00,20,4195.90,18,4195.80,18,4195.70,19,4195.60,19,4196.70,4,4196.80,5,4196.90,8,4197.00,6,4197.10,7,4197.20,8,4197.30,18,4197.40,18,4197.50,19,4197.60,19,Buy,8,14,22,-6.00,-1.00,-7.00,0.80,62.5,4197.20,4197.30,4196.50,4196.70,38,45,83,-7.00,12.00,-11.00,1.70,29.4,-21,18,0.5714,0.1667,58.00,39.00,4194.81,0.2586,UP,78.20,1.0614,0.9520
20261006 201150 437,4196.70,2,4196.60,4196.70,0.10,4196.50,3,4196.40,7,4196.30,7,4196.20,8,4196.10,11,4196.00,20,4195.90,18,4195.80,18,4195.70,19,4195.60,19,4196.70,4,4196.80,5,4196.90,8,4197.00,6,4197.10,7,4197.20,8,4197.30,18,4197.40,18,4197.50,19,4197.60,19,Buy,10,14,24,-4.00,-1.00,-7.00,0.80,62.5,4197.20,4197.30,4196.50,4196.70,38,45,83,-7.00,12.00,-11.00,1.70,29.4,-21,18,0.5714,0.7500,60.00,41.00,4194.81,0.2586,UP,78.20,1.0614,0.9520
20261006 201152 058,4196.50,1,4196.50,4196.70,0.20,4196.50,7,4196.40,7,4196.30,7,4196.20,8,4196.10,11,4196.00,20,4195.90,18,4195.80,18,4195.70,19,4195.60,19,4196.70,4,4196.80,5,4196.90,10,4197.00,8,4197.10,7,4197.20,8,4197.30,18,4197.40,18,4197.50,19,4197.60,19,Sell,10,15,25,-5.00,-1.00,-7.00,0.80,87.5,4197.20,4197.30,4196.50,4196.50,38,45,83,-7.00,12.00,-11.00,1.70,29.4,-21,18,0.5714,0.4000,59.00,40.00,4194.79,0.2522,UP,78.20,1.0614,0.9520
20261006 201152 058,4196.50,1,4196.50,4196.70,0.20,4196.50,7,4196.40,7,4196.30,7,4196.20,8,4196.10,11,4196.00,20,4195.90,18,4195.80,18,4195.70,19,4195.60,19,4196.70,4,4196.80,5,4196.90,10,4197.00,8,4197.10,7,4197.20,8,4197.30,18,4197.40,18,4197.50,19,4197.60,19,Sell,10,16,26,-6.00,-1.00,-7.00,0.80,87.5,4197.20,4197.30,4196.50,4196.50,38,45,83,-7.00,12.00,-11.00,1.70,29.4,-21,18,0.5714,0.1667,58.00,39.00,4194.79,0.2522,UP,78.20,1.0614,0.9520
20261006 201154 677,4196.70,1,4196.50,4196.70,0.20,4196.50,3,4196.40,7,4196.30,7,4196.20,8,4196.10,11,4196.00,20,4195.90,18,4195.80,18,4195.70,19,4195.60,19,4196.70,3,4196.80,5,4196.90,10,4197.00,8,4197.10,7,4197.20,8,4197.30,18,4197.40,18,4197.50,19,4197.60,19,Buy,11,16,27,-5.00,-1.00,-7.00,0.80,62.5,4197.20,4197.30,4196.50,4196.70,38,45,83,-7.00,12.00,-11.00,1.70,29.4,-21,18,0.5714,0.4000,59.00,40.00,4194.81,0.2586,UP,78.20,1.0614,0.9520
20261006 201156 571,4196.70,1,4196.40,4196.60,0.20,4196.40,5,4196.30,7,4196.20,8,4196.10,10,4196.00,10,4195.90,18,4195.80,18,4195.70,19,4195.60,19,4195.50,21,4196.60,2,4196.70,6,4196.80,7,4196.90,10,4197.00,8,4197.10,7,4197.20,8,4197.30,18,4197.40,18,4197.50,19,Buy,12,16,28,-4.00,-1.00,-7.00,0.80,62.5,4197.20,4197.30,4196.50,4196.70,38,45,83,-7.00,12.00,-11.00,1.70,29.4,-21,18,0.5714,0.7500,60.00,41.00,4194.81,0.2586,UP,78.20,1.0614,0.9520
20261006 201159 355,4196.60,1,4196.40,4196.60,0.20,4196.40,4,4196.30,7,4196.20,8,4196.10,10,4196.00,10,4195.90,18,4195.80,18,4195.70,19,4195.60,19,4195.50,21,4196.60,2,4196.70,6,4196.80,7,4196.90,10,4197.00,8,4197.10,7,4197.20,8,4197.30,18,4197.40,18,4197.50,19,Buy,13,16,29,-3.00,-1.00,-7.00,0.80,75.0,4197.20,4197.30,4196.50,4196.60,38,45,83,-7.00,12.00,-11.00,1.70,29.4,-21,18,0.5714,1.3333,61.00,42.00,4194.80,0.2554,UP,78.20,1.0614,0.9520
20261006 201204 356,4196.70,1,4196.50,4196.70,0.20,4196.50,6,4196.40,7,4196.30,7,4196.20,8,4196.10,10,4196.00,10,4195.90,18,4195.80,18,4195.70,19,4195.60,19,4196.70,1,4196.80,5,4196.90,10,4197.00,8,4197.10,7,4197.20,8,4197.30,18,4197.40,18,4197.50,19,4197.60,19,Buy,1,0,1,1.00,1.00,1.00,0.00,0.0,4196.70,4196.70,4196.70,4196.70,13,16,29,-3.00,-1.00,-7.00,0.80,75.0,0,42,1.3333,0.0000,-22.00,62.00,4194.81,0.2586,UP,78.10,0.3713,0.8912
20261006 201210 199,4196.70,1,4196.50,4196.80,0.30,4196.50,6,4196.40,7,4196.30,7,4196.20,8,4196.10,10,4196.00,10,4195.90,18,4195.80,18,4195.70,19,4195.60,17,4196.80,6,4196.90,10,4197.00,8,4197.10,7,4197.20,8,4197.30,18,4197.40,18,4197.50,19,4197.60,19,4197.70,26,Buy,2,0,2,2.00,2.00,1.00,0.00,0.0,4196.70,4196.70,4196.70,4196.70,13,16,29,-3.00,-1.00,-7.00,0.80,75.0,0,42,1.3333,0.0000,-21.00,63.00,4194.81,0.2586,UP,78.10,0.3713,0.8912
20261006 201214 599,4196.80,1,4196.50,4196.80,0.30,4196.50,6,4196.40,7,4196.30,7,4196.20,8,4196.10,10,4196.00,10,4195.90,18,4195.80,18,4195.70,19,4195.60,17,4196.80,4,4196.90,10,4197.00,8,4197.10,7,4197.20,8,4197.30,18,4197.40,28,4197.50,19,4197.60,19,4197.70,17,Buy,3,0,3,3.00,3.00,1.00,0.10,100.0,4196.70,4196.80,4196.70,4196.80,13,16,29,-3.00,-1.00,-7.00,0.80,75.0,0,42,1.3333,0.0000,-20.00,64.00,4194.82,0.2617,UP,78.10,0.3713,0.8983
20261006 201214 599,4196.80,1,4196.50,4196.80,0.30,4196.50,6,4196.40,7,4196.30,7,4196.20,8,4196.10,10,4196.00,10,4195.90,18,4195.80,18,4195.70,19,4195.60,17,4196.80,4,4196.90,10,4197.00,8,4197.10,7,4197.20,8,4197.30,18,4197.40,28,4197.50,19,4197.60,19,4197.70,17,Buy,4,0,4,4.00,4.00,1.00,0.10,100.0,4196.70,4196.80,4196.70,4196.80,13,16,29,-3.00,-1.00,-7.00,0.80,75.0,0,42,1.3333,0.0000,-19.00,65.00,4194.82,0.2617,UP,78.10,0.3713,0.8983
20261006 201220 158,4196.70,1,4196.50,4196.70,0.20,4196.50,4,4196.40,7,4196.30,7,4196.20,8,4196.10,10,4196.00,10,4195.90,18,4195.80,18,4195.70,19,4195.60,17,4196.80,7,4196.90,10,4197.00,9,4197.10,7,4197.20,8,4197.30,18,4197.40,28,4197.50,19,4197.60,19,4197.70,17,Buy,5,0,5,5.00,5.00,1.00,0.10,0.0,4196.70,4196.80,4196.70,4196.70,13,16,29,-3.00,-1.00,-7.00,0.80,75.0,0,42,1.3333,0.0000,-18.00,66.00,4194.81,0.2586,UP,78.10,0.3713,0.8983
20261006 201220 158,4196.70,1,4196.50,4196.70,0.20,4196.50,4,4196.40,7,4196.30,7,4196.20,8,4196.10,10,4196.00,10,4195.90,18,4195.80,18,4195.70,19,4195.60,17,4196.80,7,4196.90,10,4197.00,9,4197.10,7,4197.20,8,4197.30,18,4197.40,28,4197.50,19,4197.60,19,4197.70,17,Buy,6,0,6,6.00,6.00,1.00,0.10,0.0,4196.70,4196.80,4196.70,4196.70,13,16,29,-3.00,-1.00,-7.00,0.80,75.0,0,42,1.3333,0.0000,-17.00,67.00,4194.81,0.2586,UP,78.10,0.3713,0.8983
20261006 201225 130,4196.70,1,4196.70,4196.90,0.20,4196.70,1,4196.60,9,4196.50,10,4196.40,5,4196.30,8,4196.20,8,4196.10,10,4196.00,10,4195.90,18,4195.80,18,4196.90,6,4197.00,9,4197.10,7,4197.20,8,4197.30,18,4197.40,28,4197.50,19,4197.60,19,4197.70,17,4197.80,18,Buy,7,0,7,7.00,7.00,1.00,0.10,0.0,4196.70,4196.80,4196.70,4196.70,13,16,29,-3.00,-1.00,-7.00,0.80,75.0,0,42,1.3333,0.0000,-16.00,68.00,4194.81,0.2586,UP,78.10,0.3713,0.8983
20261006 201229 299,4196.80,1,4196.70,4196.80,0.10,4196.70,5,4196.50,8,4196.40,5,4196.30,7,4196.20,8,4196.10,10,4196.00,20,4195.90,18,4195.80,18,4195.70,19,4196.90,4,4197.00,9,4197.10,7,4197.20,8,4197.30,18,4197.40,28,4197.50,19,4197.60,19,4197.70,17,4197.80,18,Buy,8,0,8,8.00,8.00,1.00,0.10,100.0,4196.70,4196.80,4196.70,4196.80,13,16,29,-3.00,-1.00,-7.00,0.80,75.0,0,42,1.3333,0.0000,-15.00,69.00,4194.82,0.2617,UP,78.10,0.3713,0.8983
20261006 201232 866,4196.90,1,4196.50,4196.70,0.20,4196.50,1,4196.40,5,4196.30,8,4196.20,8,4196.10,10,4196.00,20,4195.90,18,4195.80,18,4195.70,19,4195.60,17,4196.70,5,4196.80,8,4196.90,7,4197.00,7,4197.10,8,4197.20,8,4197.30,8,4197.40,18,4197.50,19,4197.60,19,Sell,8,1,9,7.00,8.00,1.00,0.20,100.0,4196.70,4196.90,4196.70,4196.90,13,16,29,-3.00,-1.00,-7.00,0.80,75.0,0,42,1.3333,0.1429,-16.00,68.00,4194.83,0.2649,UP,78.10,0.3713,0.9055
20261006 201232 866,4196.90,1,4196.50,4196.70,0.20,4196.50,1,4196.40,5,4196.30,8,4196.20,8,4196.10,10,4196.00,20,4195.90,18,4195.80,18,4195.70,19,4195.60,17,4196.70,5,4196.80,8,4196.90,7,4197.00,7,4197.10,8,4197.20,8,4197.30,8,4197.40,18,4197.50,19,4197.60,19,Sell,8,2,10,6.00,8.00,1.00,0.20,100.0,4196.70,4196.90,4196.70,4196.90,13,16,29,-3.00,-1.00,-7.00,0.80,75.0,0,42,1.3333,0.3333,-17.00,67.00,4194.83,0.2649,UP,78.10,0.3713,0.9055
20261006 201232 867,4196.90,1,4196.50,4196.70,0.20,4196.50,1,4196.40,5,4196.30,8,4196.20,8,4196.10,10,4196.00,20,4195.90,18,4195.80,18,4195.70,19,4195.60,17,4196.70,5,4196.80,8,4196.90,7,4197.00,7,4197.10,8,4197.20,8,4197.30,8,4197.40,18,4197.50,19,4197.60,19,Sell,8,3,11,5.00,8.00,1.00,0.20,100.0,4196.70,4196.90,4196.70,4196.90,13,16,29,-3.00,-1.00,-7.00,0.80,75.0,0,42,1.3333,0.6000,-18.00,66.00,4194.83,0.2649,UP,78.10,0.3713,0.9055
20261006 201232 867,4196.90,1,4196.50,4196.70,0.20,4196.50,1,4196.40,5,4196.30,8,4196.20,8,4196.10,10,4196.00,20,4195.90,18,4195.80,18,4195.70,19,4195.60,17,4196.70,5,4196.80,8,4196.90,7,4197.00,7,4197.10,8,4197.20,8,4197.30,8,4197.40,18,4197.50,19,4197.60,19,Sell,8,4,12,4.00,8.00,1.00,0.20,100.0,4196.70,4196.90,4196.70,4196.90,13,16,29,-3.00,-1.00,-7.00,0.80,75.0,0,42,1.3333,1.0000,-19.00,65.00,4194.83,0.2649,UP,78.10,0.3713,0.9055
20261006 201232 867,4196.90,2,4196.50,4196.70,0.20,4196.50,1,4196.40,5,4196.30,8,4196.20,8,4196.10,10,4196.00,20,4195.90,18,4195.80,18,4195.70,19,4195.60,17,4196.70,5,4196.80,8,4196.90,7,4197.00,7,4197.10,8,4197.20,8,4197.30,8,4197.40,18,4197.50,19,4197.60,19,Sell,8,6,14,2.00,8.00,1.00,0.20,100.0,4196.70,4196.90,4196.70,4196.90,13,16,29,-3.00,-1.00,-7.00,0.80,75.0,0,42,1.3333,3.0000,-21.00,63.00,4194.83,0.2649,UP,78.10,0.3713,0.9055
20261006 201233 642,4196.50,1,4196.30,4196.50,0.20,4196.30,3,4196.20,7,4196.10,10,4196.00,10,4195.90,18,4195.80,18,4195.70,19,4195.60,17,4195.50,21,4195.40,17,4196.50,4,4196.60,5,4196.70,5,4196.80,7,4196.90,9,4197.00,8,4197.10,8,4197.20,8,4197.30,18,4197.40,28,Sell,8,7,15,1.00,8.00,1.00,0.40,50.0,4196.70,4196.90,4196.50,4196.50,13,16,29,-3.00,-1.00,-7.00,0.80,75.0,0,42,1.3333,7.0000,-22.00,62.00,4194.79,0.2522,UP,78.10,0.3713,0.9126
20261006 201236 543,4196.30,1,4196.20,4196.40,0.20,4196.20,2,4196.10,11,4196.00,10,4195.90,8,4195.80,8,4195.70,9,4195.60,17,4195.50,23,4195.40,17,4195.30,19,4196.40,4,4196.50,5,4196.60,5,4196.70,6,4196.80,7,4196.90,9,4197.00,8,4197.10,18,4197.20,18,4197.30,18,Sell,8,8,16,0.00,8.00,0.00,0.60,66.7,4196.70,4196.90,4196.30,4196.30,13,16,29,-3.00,-1.00,-7.00,0.80,75.0,0,42,1.3333,8.0000,-23.00,61.00,4194.77,0.2459,UP,78.10,0.3713,0.9269
20261006 201238 247,4196.30,1,4196.20,4196.40,0.20,4196.20,1,4196.10,9,4196.00,10,4195.90,8,4195.80,8,4195.70,9,4195.60,17,4195.50,23,4195.40,17,4195.30,20,4196.40,4,4196.50,7,4196.60,8,4196.70,6,4196.80,7,4196.90,9,4197.00,8,4197.10,18,4197.20,18,4197.30,18,Buy,9,8,17,1.00,8.00,0.00,0.60,66.7,4196.70,4196.90,4196.30,4196.30,13,16,29,-3.00,-1.00,-7.00,0.80,75.0,0,42,1.3333,7.0000,-22.00,62.00,4194.77,0.2459,UP,78.10,0.3713,0.9269
20261006 201238 373,4196.20,1,4196.10,4196.20,0.10,4196.10,10,4196.00,10,4195.90,8,4195.80,8,4195.70,9,4195.60,17,4195.50,23,4195.40,17,4195.30,20,4195.20,16,4196.40,4,4196.50,7,4196.60,8,4196.70,8,4196.80,9,4196.90,9,4197.00,8,4197.10,18,4197.20,18,4197.30,18,Buy,10,8,18,2.00,8.00,0.00,0.70,71.4,4196.70,4196.90,4196.20,4196.20,13,16,29,-3.00,-1.00,-7.00,0.80,75.0,0,42,1.3333,3.0000,-21.00,63.00,4194.76,0.2427,UP,78.10,0.3713,0.9340
20261006 201242 564,4196.30,1,4196.20,4196.40,0.20,4196.20,3,4196.10,7,4196.00,10,4195.90,8,4195.80,9,4195.70,9,4195.60,17,4195.50,23,4195.40,17,4195.30,20,4196.40,1,4196.50,5,4196.60,6,4196.70,8,4196.80,9,4196.90,9,4197.00,8,4197.10,18,4197.20,18,4197.30,18,Buy,11,8,19,3.00,8.00,0.00,0.70,57.1,4196.70,4196.90,4196.20,4196.30,13,16,29,-3.00,-1.00,-7.00,0.80,75.0,0,42,1.3333,1.6667,-20.00,64.00,4194.77,0.2459,UP,78.10,0.3713,0.9340
20261006 201242 565,4196.40,2,4196.20,4196.40,0.20,4196.20,3,4196.10,7,4196.00,10,4195.90,8,4195.80,9,4195.70,9,4195.60,17,4195.50,23,4195.40,17,4195.30,20,4196.40,1,4196.50,5,4196.60,6,4196.70,8,4196.80,9,4196.90,9,4197.00,8,4197.10,18,4197.20,18,4197.30,18,Buy,13,8,21,5.00,8.00,0.00,0.70,42.9,4196.70,4196.90,4196.20,4196.40,13,16,29,-3.00,-1.00,-7.00,0.80,75.0,0,42,1.3333,0.6000,-18.00,66.00,4194.78,0.2490,UP,78.10,0.3713,0.9340
20261006 201242 565,4196.40,1,4196.20,4196.40,0.20,4196.20,3,4196.10,7,4196.00,10,4195.90,8,4195.80,9,4195.70,9,4195.60,17,4195.50,23,4195.40,17,4195.30,20,4196.40,1,4196.50,5,4196.60,6,4196.70,8,4196.80,9,4196.90,9,4197.00,8,4197.10,18,4197.20,18,4197.30,18,Buy,14,8,22,6.00,8.00,0.00,0.70,42.9,4196.70,4196.90,4196.20,4196.40,13,16,29,-3.00,-1.00,-7.00,0.80,75.0,0,42,1.3333,0.3333,-17.00,67.00,4194.78,0.2490,UP,78.10,0.3713,0.9340
20261006 201242 565,4196.40,1,4196.20,4196.40,0.20,4196.20,3,4196.10,7,4196.00,10,4195.90,8,4195.80,9,4195.70,9,4195.60,17,4195.50,23,4195.40,17,4195.30,20,4196.40,1,4196.50,5,4196.60,6,4196.70,8,4196.80,9,4196.90,9,4197.00,8,4197.10,18,4197.20,18,4197.30,18,Buy,15,8,23,7.00,8.00,0.00,0.70,42.9,4196.70,4196.90,4196.20,4196.40,13,16,29,-3.00,-1.00,-7.00,0.80,75.0,0,42,1.3333,0.1429,-16.00,68.00,4194.78,0.2490,UP,78.10,0.3713,0.9340
20261006 201243 075,4196.30,1,4196.30,4196.60,0.30,4196.30,3,4196.20,5,4196.10,7,4196.00,8,4195.90,8,4195.80,9,4195.70,9,4195.60,17,4195.50,23,4195.40,17,4196.60,6,4196.70,8,4196.80,9,4196.90,9,4197.00,8,4197.10,18,4197.20,18,4197.30,18,4197.40,28,4197.50,19,Sell,15,9,24,6.00,8.00,0.00,0.70,57.1,4196.70,4196.90,4196.20,4196.30,13,16,29,-3.00,-1.00,-7.00,0.80,75.0,0,42,1.3333,0.3333,-17.00,67.00,4194.77,0.2459,UP,78.10,0.3713,0.9340
20261006 201249 847,4196.50,1,4196.30,4196.50,0.20,4196.30,2,4196.20,8,4196.10,9,4196.00,8,4195.90,8,4195.80,9,4195.70,19,4195.60,17,4195.50,23,4195.40,17,4196.50,2,4196.60,5,4196.70,9,4196.80,10,4196.90,9,4197.00,8,4197.10,18,4197.20,18,4197.30,18,4197.40,28,Buy,16,9,25,7.00,8.00,0.00,0.70,28.6,4196.70,4196.90,4196.20,4196.50,13,16,29,-3.00,-1.00,-7.00,0.80,75.0,0,42,1.3333,0.1429,-16.00,68.00,4194.79,0.2522,UP,78.10,0.3713,0.9340
20261006 201257 818,4196.60,1,4196.40,4196.60,0.20,4196.40,2,4196.30,8,4196.20,7,4196.10,8,4196.00,9,4195.90,8,4195.80,19,4195.70,19,4195.60,17,4195.50,23,4196.60,2,4196.70,5,4196.80,10,4196.90,9,4197.00,8,4197.10,18,4197.20,18,4197.30,18,4197.40,29,4197.50,19,Buy,17,9,26,8.00,8.00,0.00,0.70,14.3,4196.70,4196.90,4196.20,4196.60,13,16,29,-3.00,-1.00,-7.00,0.80,75.0,0,42,1.3333,0.0000,-15.00,69.00,4194.80,0.2554,UP,78.10,0.3713,0.9340
20261006 201258 951,4196.60,1,4196.40,4196.60,0.20,4196.40,1,4196.30,8,4196.20,7,4196.10,8,4196.00,9,4195.90,8,4195.80,19,4195.70,19,4195.60,17,4195.50,23,4196.60,3,4196.70,7,4196.80,10,4196.90,9,4197.00,8,4197.10,18,4197.20,18,4197.30,18,4197.40,30,4197.50,19,Buy,18,9,27,9.00,9.00,0.00,0.70,14.3,4196.70,4196.90,4196.20,4196.60,13,16,29,-3.00,-1.00,-7.00,0.80,75.0,0,42,1.3333,0.0000,-14.00,70.00,4194.80,0.2554,UP,78.10,0.3713,0.9340
20261006 201304 057,4196.50,1,4196.30,4196.50,0.20,4196.30,3,4196.20,7,4196.10,10,4196.00,9,4195.90,8,4195.80,19,4195.70,19,4195.60,17,4195.50,23,4195.40,17,4196.50,3,4196.60,5,4196.70,7,4196.80,10,4196.90,9,4197.00,8,4197.10,18,4197.20,18,4197.30,18,4197.40,30,Buy,1,0,1,1.00,1.00,1.00,0.00,0.0,4196.50,4196.50,4196.50,4196.50,18,9,27,9.00,9.00,0.00,0.70,14.3,24,33,0.0000,0.0000,-21.00,37.00,4194.79,0.2522,UP,78.40,0.3444,0.8745
20261006 201305 822,4196.30,1,4196.30,4196.50,0.20,4196.30,1,4196.20,7,4196.10,10,4196.00,9,4195.90,8,4195.80,19,4195.70,19,4195.60,17,4195.50,23,4195.40,17,4196.50,5,4196.60,5,4196.70,7,4196.80,10,4196.90,9,4197.00,8,4197.10,18,4197.20,18,4197.30,18,4197.40,30,Sell,1,1,2,0.00,1.00,0.00,0.20,100.0,4196.50,4196.50,4196.30,4196.30,18,9,27,9.00,9.00,0.00,0.70,14.3,24,33,0.0000,1.0000,-22.00,36.00,4194.77,0.2459,UP,78.40,0.3444,0.8888
20261006 201307 273,4196.50,1,4196.30,4196.50,0.20,4196.30,2,4196.20,7,4196.10,10,4196.00,9,4195.90,8,4195.80,19,4195.70,19,4195.60,17,4195.50,23,4195.40,17,4196.50,4,4196.60,5,4196.70,7,4196.80,10,4196.90,9,4197.00,8,4197.10,18,4197.20,18,4197.30,18,4197.40,30,Buy,2,1,3,1.00,1.00,0.00,0.20,0.0,4196.50,4196.50,4196.30,4196.50,18,9,27,9.00,9.00,0.00,0.70,14.3,24,33,0.0000,0.0000,-21.00,37.00,4194.79,0.2522,UP,78.40,0.3444,0.8888
20261006 201310 334,4196.30,1,4196.30,4196.50,0.20,4196.20,6,4196.10,10,4196.00,9,4195.90,8,4195.80,19,4195.70,19,4195.60,17,4195.50,23,4195.40,17,4195.30,20,4196.50,4,4196.60,5,4196.70,7,4196.80,10,4196.90,9,4197.00,8,4197.10,18,4197.20,18,4197.30,18,4197.40,31,Sell,2,2,4,0.00,1.00,0.00,0.20,100.0,4196.50,4196.50,4196.30,4196.30,18,9,27,9.00,9.00,0.00,0.70,14.3,24,33,0.0000,1.0000,-22.00,36.00,4194.77,0.2459,UP,78.40,0.3444,0.8888
20261006 201311 835,4196.20,1,4196.20,4196.30,0.10,4196.10,3,4196.00,8,4195.90,8,4195.80,9,4195.70,9,4195.60,17,4195.50,23,4195.40,17,4195.30,20,4195.20,16,4196.30,3,4196.40,5,4196.50,9,4196.60,7,4196.70,7,4196.80,10,4196.90,10,4197.00,18,4197.10,18,4197.20,18,Sell,2,3,5,-1.00,1.00,-1.00,0.30,100.0,4196.50,4196.50,4196.20,4196.20,18,9,27,9.00,9.00,0.00,0.70,14.3,24,33,0.0000,0.0000,-23.00,35.00,4194.76,0.2427,UP,78.40,0.3444,0.8959
20261006 201311 835,4196.20,1,4196.20,4196.30,0.10,4196.10,3,4196.00,8,4195.90,8,4195.80,9,4195.70,9,4195.60,17,4195.50,23,4195.40,17,4195.30,20,4195.20,16,4196.30,3,4196.40,5,4196.50,9,4196.60,7,4196.70,7,4196.80,10,4196.90,10,4197.00,18,4197.10,18,4197.20,18,Sell,2,4,6,-2.00,1.00,-2.00,0.30,100.0,4196.50,4196.50,4196.20,4196.20,18,9,27,9.00,9.00,0.00,0.70,14.3,24,33,0.0000,0.0000,-24.00,34.00,4194.76,0.2427,UP,78.40,0.3444,0.8959
20261006 201312 374,4196.10,1,4196.00,4196.30,0.30,4196.00,8,4195.90,10,4195.80,9,4195.70,9,4195.60,17,4195.50,23,4195.40,17,4195.30,20,4195.20,16,4195.10,16,4196.30,7,4196.40,5,4196.50,9,4196.60,7,4196.70,8,4196.80,10,4196.90,10,4197.00,18,4197.10,18,4197.20,18,Sell,2,5,7,-3.00,1.00,-3.00,0.40,100.0,4196.50,4196.50,4196.10,4196.10,18,9,27,9.00,9.00,0.00,0.70,14.3,24,33,0.0000,0.0000,-25.00,33.00,4194.75,0.2395,UP,78.40,0.3444,0.9030
