Timestamp,Last,Volume,Bid,Ask,Spread,BidPrice1,BidQty1,BidPrice2,BidQty2,BidPrice3,BidQty3,BidPrice4,BidQty4,BidPrice5,BidQty5,BidPrice6,BidQty6,BidPrice7,BidQty7,BidPrice8,BidQty8,BidPrice9,BidQty9,BidPrice10,BidQty10,AskPrice1,AskQty1,AskPrice2,AskQty2,AskPrice3,AskQty3,AskPrice4,AskQty4,AskPrice5,AskQty5,AskPrice6,AskQty6,AskPrice7,AskQty7,AskPrice8,AskQty8,AskPrice9,AskQty9,AskPrice10,AskQty10,Aggressor,CurBarBuyVol,CurBarSellVol,CurBarTotalVol,CurBarDelta,CurBarMaxSeen,CurBarMinSeen,CurBarRange,CurBarBodyPct,CurBarOpen,CurBarHigh,CurBarLow,CurBarClose,PrevBarBuyVol,PrevBarSellVol,PrevBarTotalVol,PrevBarDelta,PrevBarMaxSeen,PrevBarMinSeen,PrevBarRange,PrevBarBodyPct,PrevBar30sAggDelta,PrevBar30sTradeCount,PrevBarAbsorbRatio,IntraAbsorbRatio,CumDelta5Bars,CumDelta10Bars,HTFEmaValue,HTFEmaSlope,HTFEmaDir,H2_HourlyVolBaseline,H2_PrevBarVolMultiple,ATRValue
20260916 204736 528,4303.60,1,4303.60,4303.90,0.30,4303.60,2,4303.50,4,4303.30,5,4303.20,8,4303.10,14,4303.00,13,4302.90,11,4302.80,11,4302.70,10,4302.60,14,4303.90,4,4304.00,6,4304.10,7,4304.20,3,4304.30,4,4304.40,7,4304.50,10,4304.60,10,4304.70,11,4304.80,8,Sell,26,40,66,-14.00,2.00,-14.00,1.40,42.9,4303.00,4304.30,4302.90,4303.60,16,20,36,-4.00,0.00,-11.00,1.50,26.7,0,30,1.7500,0.0000,-7.00,-37.00,4333.23,-3.6805,DOWN,113.15,0.3182,2.0359
20260916 204736 528,4303.60,1,4303.60,4303.90,0.30,4303.60,2,4303.50,4,4303.30,5,4303.20,8,4303.10,14,4303.00,13,4302.90,11,4302.80,11,4302.70,10,4302.60,14,4303.90,4,4304.00,6,4304.10,7,4304.20,3,4304.30,4,4304.40,7,4304.50,10,4304.60,10,4304.70,11,4304.80,8,Sell,26,41,67,-15.00,2.00,-15.00,1.40,42.9,4303.00,4304.30,4302.90,4303.60,16,20,36,-4.00,0.00,-11.00,1.50,26.7,0,30,1.7500,0.0000,-8.00,-38.00,4333.23,-3.6805,DOWN,113.15,0.3182,2.0359
20260916 204736 528,4303.60,1,4303.60,4303.90,0.30,4303.60,2,4303.50,4,4303.30,5,4303.20,8,4303.10,14,4303.00,13,4302.90,11,4302.80,11,4302.70,10,4302.60,14,4303.90,4,4304.00,6,4304.10,7,4304.20,3,4304.30,4,4304.40,7,4304.50,10,4304.60,10,4304.70,11,4304.80,8,Sell,26,42,68,-16.00,2.00,-16.00,1.40,42.9,4303.00,4304.30,4302.90,4303.60,16,20,36,-4.00,0.00,-11.00,1.50,26.7,0,30,1.7500,0.0000,-9.00,-39.00,4333.23,-3.6805,DOWN,113.15,0.3182,2.0359
20260916 204736 528,4303.60,1,4303.60,4303.90,0.30,4303.60,2,4303.50,4,4303.30,5,4303.20,8,4303.10,14,4303.00,13,4302.90,11,4302.80,11,4302.70,10,4302.60,14,4303.90,4,4304.00,6,4304.10,7,4304.20,3,4304.30,4,4304.40,7,4304.50,10,4304.60,10,4304.70,11,4304.80,8,Sell,26,43,69,-17.00,2.00,-17.00,1.40,42.9,4303.00,4304.30,4302.90,4303.60,16,20,36,-4.00,0.00,-11.00,1.50,26.7,0,30,1.7500,0.0000,-10.00,-40.00,4333.23,-3.6805,DOWN,113.15,0.3182,2.0359
20260916 204736 528,4303.50,1,4303.60,4303.90,0.30,4303.60,2,4303.50,4,4303.30,5,4303.20,8,4303.10,14,4303.00,13,4302.90,11,4302.80,11,4302.70,10,4302.60,14,4303.90,4,4304.00,6,4304.10,7,4304.20,3,4304.30,4,4304.40,7,4304.50,10,4304.60,10,4304.70,11,4304.80,8,Sell,26,44,70,-18.00,2.00,-18.00,1.40,35.7,4303.00,4304.30,4302.90,4303.50,16,20,36,-4.00,0.00,-11.00,1.50,26.7,0,30,1.7500,0.0000,-11.00,-41.00,4333.22,-3.6837,DOWN,113.15,0.3182,2.0359
20260916 204736 528,4303.50,1,4303.60,4303.90,0.30,4303.60,2,4303.50,4,4303.30,5,4303.20,8,4303.10,14,4303.00,13,4302.90,11,4302.80,11,4302.70,10,4302.60,14,4303.90,4,4304.00,6,4304.10,7,4304.20,3,4304.30,4,4304.40,7,4304.50,10,4304.60,10,4304.70,11,4304.80,8,Sell,26,45,71,-19.00,2.00,-19.00,1.40,35.7,4303.00,4304.30,4302.90,4303.50,16,20,36,-4.00,0.00,-11.00,1.50,26.7,0,30,1.7500,0.0000,-12.00,-42.00,4333.22,-3.6837,DOWN,113.15,0.3182,2.0359
20260916 204736 528,4303.40,1,4303.60,4303.90,0.30,4303.60,2,4303.50,4,4303.30,5,4303.20,8,4303.10,14,4303.00,13,4302.90,11,4302.80,11,4302.70,10,4302.60,14,4303.90,4,4304.00,6,4304.10,7,4304.20,3,4304.30,4,4304.40,7,4304.50,10,4304.60,10,4304.70,11,4304.80,8,Sell,26,46,72,-20.00,2.00,-20.00,1.40,28.6,4303.00,4304.30,4302.90,4303.40,16,20,36,-4.00,0.00,-11.00,1.50,26.7,0,30,1.7500,0.0000,-13.00,-43.00,4333.21,-3.6869,DOWN,113.15,0.3182,2.0359
20260916 204736 528,4303.40,1,4303.60,4303.90,0.30,4303.60,2,4303.50,4,4303.30,5,4303.20,8,4303.10,14,4303.00,13,4302.90,11,4302.80,11,4302.70,10,4302.60,14,4303.90,4,4304.00,6,4304.10,7,4304.20,3,4304.30,4,4304.40,7,4304.50,10,4304.60,10,4304.70,11,4304.80,8,Sell,26,47,73,-21.00,2.00,-21.00,1.40,28.6,4303.00,4304.30,4302.90,4303.40,16,20,36,-4.00,0.00,-11.00,1.50,26.7,0,30,1.7500,0.0000,-14.00,-44.00,4333.21,-3.6869,DOWN,113.15,0.3182,2.0359
20260916 204736 528,4303.40,1,4303.60,4303.90,0.30,4303.60,2,4303.50,4,4303.30,5,4303.20,8,4303.10,14,4303.00,13,4302.90,11,4302.80,11,4302.70,10,4302.60,14,4303.90,4,4304.00,6,4304.10,7,4304.20,3,4304.30,4,4304.40,7,4304.50,10,4304.60,10,4304.70,11,4304.80,8,Sell,26,48,74,-22.00,2.00,-22.00,1.40,28.6,4303.00,4304.30,4302.90,4303.40,16,20,36,-4.00,0.00,-11.00,1.50,26.7,0,30,1.7500,0.0000,-15.00,-45.00,4333.21,-3.6869,DOWN,113.15,0.3182,2.0359
20260916 204736 528,4303.40,1,4303.60,4303.90,0.30,4303.60,2,4303.50,4,4303.30,5,4303.20,8,4303.10,14,4303.00,13,4302.90,11,4302.80,11,4302.70,10,4302.60,14,4303.90,4,4304.00,6,4304.10,7,4304.20,3,4304.30,4,4304.40,7,4304.50,10,4304.60,10,4304.70,11,4304.80,8,Sell,26,49,75,-23.00,2.00,-23.00,1.40,28.6,4303.00,4304.30,4302.90,4303.40,16,20,36,-4.00,0.00,-11.00,1.50,26.7,0,30,1.7500,0.0000,-16.00,-46.00,4333.21,-3.6869,DOWN,113.15,0.3182,2.0359
20260916 204736 528,4303.40,1,4303.60,4303.90,0.30,4303.60,2,4303.50,4,4303.30,5,4303.20,8,4303.10,14,4303.00,13,4302.90,11,4302.80,11,4302.70,10,4302.60,14,4303.90,4,4304.00,6,4304.10,7,4304.20,3,4304.30,4,4304.40,7,4304.50,10,4304.60,10,4304.70,11,4304.80,8,Sell,26,50,76,-24.00,2.00,-24.00,1.40,28.6,4303.00,4304.30,4302.90,4303.40,16,20,36,-4.00,0.00,-11.00,1.50,26.7,0,30,1.7500,0.0000,-17.00,-47.00,4333.21,-3.6869,DOWN,113.15,0.3182,2.0359
20260916 204736 528,4303.40,1,4303.60,4303.90,0.30,4303.60,2,4303.50,4,4303.30,5,4303.20,8,4303.10,14,4303.00,13,4302.90,11,4302.80,11,4302.70,10,4302.60,14,4303.90,4,4304.00,6,4304.10,7,4304.20,3,4304.30,4,4304.40,7,4304.50,10,4304.60,10,4304.70,11,4304.80,8,Sell,26,51,77,-25.00,2.00,-25.00,1.40,28.6,4303.00,4304.30,4302.90,4303.40,16,20,36,-4.00,0.00,-11.00,1.50,26.7,0,30,1.7500,0.0000,-18.00,-48.00,4333.21,-3.6869,DOWN,113.15,0.3182,2.0359
20260916 204736 528,4303.40,2,4303.60,4303.90,0.30,4303.60,2,4303.50,4,4303.30,5,4303.20,8,4303.10,14,4303.00,13,4302.90,11,4302.80,11,4302.70,10,4302.60,14,4303.90,4,4304.00,6,4304.10,7,4304.20,3,4304.30,4,4304.40,7,4304.50,10,4304.60,10,4304.70,11,4304.80,8,Sell,26,53,79,-27.00,2.00,-27.00,1.40,28.6,4303.00,4304.30,4302.90,4303.40,16,20,36,-4.00,0.00,-11.00,1.50,26.7,0,30,1.7500,0.0000,-20.00,-50.00,4333.21,-3.6869,DOWN,113.15,0.3182,2.0359
20260916 204736 528,4303.30,1,4303.60,4303.90,0.30,4303.60,2,4303.50,4,4303.30,5,4303.20,8,4303.10,14,4303.00,13,4302.90,11,4302.80,11,4302.70,10,4302.60,14,4303.90,4,4304.00,6,4304.10,7,4304.20,3,4304.30,4,4304.40,7,4304.50,10,4304.60,10,4304.70,11,4304.80,8,Sell,26,54,80,-28.00,2.00,-28.00,1.40,21.4,4303.00,4304.30,4302.90,4303.30,16,20,36,-4.00,0.00,-11.00,1.50,26.7,0,30,1.7500,0.0000,-21.00,-51.00,4333.20,-3.6900,DOWN,113.15,0.3182,2.0359
20260916 204736 528,4303.30,1,4303.60,4303.90,0.30,4303.60,2,4303.50,4,4303.30,5,4303.20,8,4303.10,14,4303.00,13,4302.90,11,4302.80,11,4302.70,10,4302.60,14,4303.90,4,4304.00,6,4304.10,7,4304.20,3,4304.30,4,4304.40,7,4304.50,10,4304.60,10,4304.70,11,4304.80,8,Sell,26,55,81,-29.00,2.00,-29.00,1.40,21.4,4303.00,4304.30,4302.90,4303.30,16,20,36,-4.00,0.00,-11.00,1.50,26.7,0,30,1.7500,0.0000,-22.00,-52.00,4333.20,-3.6900,DOWN,113.15,0.3182,2.0359
20260916 204736 528,4303.30,1,4303.60,4303.90,0.30,4303.60,2,4303.50,4,4303.30,5,4303.20,8,4303.10,14,4303.00,13,4302.90,11,4302.80,11,4302.70,10,4302.60,14,4303.90,4,4304.00,6,4304.10,7,4304.20,3,4304.30,4,4304.40,7,4304.50,10,4304.60,10,4304.70,11,4304.80,8,Sell,26,56,82,-30.00,2.00,-30.00,1.40,21.4,4303.00,4304.30,4302.90,4303.30,16,20,36,-4.00,0.00,-11.00,1.50,26.7,0,30,1.7500,0.0000,-23.00,-53.00,4333.20,-3.6900,DOWN,113.15,0.3182,2.0359
20260916 204736 528,4303.30,1,4303.60,4303.90,0.30,4303.60,2,4303.50,4,4303.30,5,4303.20,8,4303.10,14,4303.00,13,4302.90,11,4302.80,11,4302.70,10,4302.60,14,4303.90,4,4304.00,6,4304.10,7,4304.20,3,4304.30,4,4304.40,7,4304.50,10,4304.60,10,4304.70,11,4304.80,8,Sell,26,57,83,-31.00,2.00,-31.00,1.40,21.4,4303.00,4304.30,4302.90,4303.30,16,20,36,-4.00,0.00,-11.00,1.50,26.7,0,30,1.7500,0.0000,-24.00,-54.00,4333.20,-3.6900,DOWN,113.15,0.3182,2.0359
20260916 204736 528,4303.30,1,4303.60,4303.90,0.30,4303.60,2,4303.50,4,4303.30,5,4303.20,8,4303.10,14,4303.00,13,4302.90,11,4302.80,11,4302.70,10,4302.60,14,4303.90,4,4304.00,6,4304.10,7,4304.20,3,4304.30,4,4304.40,7,4304.50,10,4304.60,10,4304.70,11,4304.80,8,Sell,26,58,84,-32.00,2.00,-32.00,1.40,21.4,4303.00,4304.30,4302.90,4303.30,16,20,36,-4.00,0.00,-11.00,1.50,26.7,0,30,1.7500,0.0000,-25.00,-55.00,4333.20,-3.6900,DOWN,113.15,0.3182,2.0359
20260916 204736 528,4303.30,1,4303.60,4303.90,0.30,4303.60,2,4303.50,4,4303.30,5,4303.20,8,4303.10,14,4303.00,13,4302.90,11,4302.80,11,4302.70,10,4302.60,14,4303.90,4,4304.00,6,4304.10,7,4304.20,3,4304.30,4,4304.40,7,4304.50,10,4304.60,10,4304.70,11,4304.80,8,Sell,26,59,85,-33.00,2.00,-33.00,1.40,21.4,4303.00,4304.30,4302.90,4303.30,16,20,36,-4.00,0.00,-11.00,1.50,26.7,0,30,1.7500,0.0000,-26.00,-56.00,4333.20,-3.6900,DOWN,113.15,0.3182,2.0359
20260916 204736 528,4303.20,1,4303.60,4303.90,0.30,4303.60,2,4303.50,4,4303.30,5,4303.20,8,4303.10,14,4303.00,13,4302.90,11,4302.80,11,4302.70,10,4302.60,14,4303.90,4,4304.00,6,4304.10,7,4304.20,3,4304.30,4,4304.40,7,4304.50,10,4304.60,10,4304.70,11,4304.80,8,Sell,26,60,86,-34.00,2.00,-34.00,1.40,14.3,4303.00,4304.30,4302.90,4303.20,16,20,36,-4.00,0.00,-11.00,1.50,26.7,0,30,1.7500,0.0000,-27.00,-57.00,4333.19,-3.6932,DOWN,113.15,0.3182,2.0359
20260916 204742 506,4304.00,1,4303.70,4304.00,0.30,4303.70,3,4303.60,4,4303.50,4,4303.40,5,4303.30,7,4303.20,8,4303.10,14,4303.00,13,4302.90,11,4302.80,11,4304.00,2,4304.10,5,4304.20,3,4304.30,4,4304.40,7,4304.50,10,4304.60,10,4304.70,11,4304.80,8,4304.90,10,Buy,27,60,87,-33.00,2.00,-34.00,1.40,71.4,4303.00,4304.30,4302.90,4304.00,16,20,36,-4.00,0.00,-11.00,1.50,26.7,0,30,1.7500,0.0303,-26.00,-56.00,4333.27,-3.6678,DOWN,113.15,0.3182,2.0359
20260916 204742 587,4303.80,1,4303.70,4304.00,0.30,4303.70,3,4303.60,4,4303.50,4,4303.40,5,4303.30,7,4303.20,16,4303.10,14,4303.00,13,4302.90,11,4302.80,11,4304.00,1,4304.10,5,4304.20,3,4304.30,4,4304.40,7,4304.50,10,4304.60,10,4304.70,11,4304.80,8,4304.90,10,Sell,27,61,88,-34.00,2.00,-34.00,1.40,57.1,4303.00,4304.30,4302.90,4303.80,16,20,36,-4.00,0.00,-11.00,1.50,26.7,0,30,1.7500,0.0000,-27.00,-57.00,4333.25,-3.6742,DOWN,113.15,0.3182,2.0359
20260916 204749 267,4303.60,1,4303.60,4303.80,0.20,4303.70,2,4303.60,4,4303.50,4,4303.40,5,4303.30,8,4303.20,16,4303.10,14,4303.00,13,4302.90,11,4302.80,11,4303.90,2,4304.00,3,4304.10,5,4304.20,3,4304.30,4,4304.40,7,4304.50,5,4304.60,10,4304.70,11,4304.80,8,Sell,27,62,89,-35.00,2.00,-35.00,1.40,42.9,4303.00,4304.30,4302.90,4303.60,16,20,36,-4.00,0.00,-11.00,1.50,26.7,0,30,1.7500,0.0000,-28.00,-58.00,4333.23,-3.6805,DOWN,113.15,0.3182,2.0359
20260916 204749 267,4303.60,1,4303.60,4303.80,0.20,4303.70,2,4303.60,4,4303.50,4,4303.40,5,4303.30,8,4303.20,16,4303.10,14,4303.00,13,4302.90,11,4302.80,11,4303.90,2,4304.00,3,4304.10,5,4304.20,3,4304.30,4,4304.40,7,4304.50,5,4304.60,10,4304.70,11,4304.80,8,Sell,27,63,90,-36.00,2.00,-36.00,1.40,42.9,4303.00,4304.30,4302.90,4303.60,16,20,36,-4.00,0.00,-11.00,1.50,26.7,0,30,1.7500,0.0000,-29.00,-59.00,4333.23,-3.6805,DOWN,113.15,0.3182,2.0359
20260916 204749 318,4303.50,1,4303.30,4303.50,0.20,4303.30,3,4303.20,4,4303.10,6,4303.00,6,4302.90,3,4302.80,6,4302.70,4,4302.60,14,4302.50,10,4302.40,10,4303.50,1,4303.60,4,4303.70,5,4303.80,3,4303.90,5,4304.00,5,4304.10,6,4304.20,9,4304.30,9,4304.40,12,Buy,28,63,91,-35.00,2.00,-36.00,1.40,35.7,4303.00,4304.30,4302.90,4303.50,16,20,36,-4.00,0.00,-11.00,1.50,26.7,0,30,1.7500,0.0286,-28.00,-58.00,4333.22,-3.6837,DOWN,113.15,0.3182,2.0359
20260916 204749 510,4303.70,1,4303.50,4303.80,0.30,4303.50,3,4303.40,6,4303.30,4,4303.20,5,4303.10,6,4303.00,6,4302.90,3,4302.80,14,4302.70,12,4302.60,14,4303.80,3,4303.90,5,4304.00,5,4304.10,6,4304.20,9,4304.30,9,4304.40,12,4304.50,10,4304.60,10,4304.70,11,Buy,29,63,92,-34.00,2.00,-36.00,1.40,50.0,4303.00,4304.30,4302.90,4303.70,16,20,36,-4.00,0.00,-11.00,1.50,26.7,0,30,1.7500,0.0588,-27.00,-57.00,4333.24,-3.6773,DOWN,113.15,0.3182,2.0359
20260916 204754 221,4303.30,1,4303.10,4303.40,0.30,4303.10,3,4303.00,3,4302.90,3,4302.80,6,4302.70,5,4302.60,15,4302.50,10,4302.40,10,4302.30,11,4302.20,14,4303.40,3,4303.50,4,4303.60,5,4303.70,4,4303.80,2,4303.90,5,4304.00,11,4304.10,11,4304.20,9,4304.30,9,Sell,29,64,93,-35.00,2.00,-36.00,1.40,21.4,4303.00,4304.30,4302.90,4303.30,16,20,36,-4.00,0.00,-11.00,1.50,26.7,0,30,1.7500,0.0286,-28.00,-58.00,4333.20,-3.6900,DOWN,113.15,0.3182,2.0359
20260916 204754 317,4303.40,1,4303.30,4303.50,0.20,4303.30,2,4303.20,3,4303.10,4,4303.00,3,4302.90,4,4302.80,6,4302.70,5,4302.60,15,4302.50,10,4302.40,10,4303.50,1,4303.60,5,4303.70,4,4303.80,2,4303.90,5,4304.00,11,4304.10,11,4304.20,9,4304.30,9,4304.40,12,Buy,30,64,94,-34.00,2.00,-36.00,1.40,28.6,4303.00,4304.30,4302.90,4303.40,16,20,36,-4.00,0.00,-11.00,1.50,26.7,0,30,1.7500,0.0588,-27.00,-57.00,4333.21,-3.6869,DOWN,113.15,0.3182,2.0359
20260916 204754 409,4303.50,1,4303.30,4303.50,0.20,4303.30,2,4303.20,3,4303.10,4,4303.00,3,4302.90,4,4302.80,6,4302.70,5,4302.60,15,4302.50,10,4302.40,10,4303.60,5,4303.70,4,4303.80,2,4303.90,5,4304.00,11,4304.10,11,4304.20,9,4304.30,9,4304.40,12,4304.50,10,Buy,31,64,95,-33.00,2.00,-36.00,1.40,35.7,4303.00,4304.30,4302.90,4303.50,16,20,36,-4.00,0.00,-11.00,1.50,26.7,0,30,1.7500,0.0909,-26.00,-56.00,4333.22,-3.6837,DOWN,113.15,0.3182,2.0359
20260916 204759 518,4303.40,1,4303.10,4303.40,0.30,4303.20,1,4303.10,4,4303.00,5,4302.90,4,4302.80,7,4302.70,5,4302.60,15,4302.50,10,4302.40,10,4302.30,11,4303.40,2,4303.50,3,4303.60,5,4303.70,5,4303.80,3,4303.90,5,4304.00,11,4304.10,11,4304.20,9,4304.30,9,Buy,32,64,96,-32.00,2.00,-36.00,1.40,28.6,4303.00,4304.30,4302.90,4303.40,16,20,36,-4.00,0.00,-11.00,1.50,26.7,0,30,1.7500,0.1250,-25.00,-55.00,4333.21,-3.6869,DOWN,113.15,0.3182,2.0359
20260916 204800 612,4303.40,1,4303.30,4303.50,0.20,4303.30,2,4303.20,3,4303.10,5,4303.00,5,4302.90,4,4302.80,15,4302.70,13,4302.60,15,4302.50,10,4302.40,10,4303.50,1,4303.60,4,4303.70,6,4303.80,4,4303.90,5,4304.00,6,4304.10,6,4304.20,9,4304.30,9,4304.40,12,Buy,1,0,1,1.00,1.00,1.00,0.00,0.0,4303.40,4303.40,4303.40,4303.40,32,64,96,-32.00,2.00,-36.00,1.40,28.6,-75,114,0.1250,0.0000,-14.00,-55.00,4333.21,-3.6869,DOWN,111.65,0.8598,1.8905
20260916 204801 942,4303.40,1,4303.30,4303.50,0.20,4303.30,2,4303.20,2,4303.10,4,4303.00,3,4302.90,4,4302.80,7,4302.70,13,4302.60,15,4302.50,10,4302.40,10,4303.50,1,4303.60,4,4303.70,6,4303.80,4,4303.90,5,4304.00,14,4304.10,14,4304.20,9,4304.30,9,4304.40,12,Buy,2,0,2,2.00,2.00,1.00,0.00,0.0,4303.40,4303.40,4303.40,4303.40,32,64,96,-32.00,2.00,-36.00,1.40,28.6,-75,114,0.1250,0.0000,-13.00,-54.00,4333.21,-3.6869,DOWN,111.65,0.8598,1.8905
20260916 204804 130,4303.30,1,4303.30,4303.50,0.20,4303.30,2,4303.20,1,4303.10,4,4303.00,4,4302.90,4,4302.80,15,4302.70,13,4302.60,15,4302.50,10,4302.40,10,4303.50,1,4303.60,4,4303.70,5,4303.80,3,4303.90,5,4304.00,6,4304.10,14,4304.20,9,4304.30,9,4304.40,12,Sell,2,1,3,1.00,2.00,1.00,0.10,100.0,4303.40,4303.40,4303.30,4303.30,32,64,96,-32.00,2.00,-36.00,1.40,28.6,-75,114,0.1250,1.0000,-14.00,-55.00,4333.20,-3.6900,DOWN,111.65,0.8598,1.8976
20260916 204804 130,4303.30,1,4303.30,4303.50,0.20,4303.30,2,4303.20,1,4303.10,4,4303.00,4,4302.90,4,4302.80,15,4302.70,13,4302.60,15,4302.50,10,4302.40,10,4303.50,1,4303.60,4,4303.70,5,4303.80,3,4303.90,5,4304.00,6,4304.10,14,4304.20,9,4304.30,9,4304.40,12,Sell,2,2,4,0.00,2.00,0.00,0.10,100.0,4303.40,4303.40,4303.30,4303.30,32,64,96,-32.00,2.00,-36.00,1.40,28.6,-75,114,0.1250,2.0000,-15.00,-56.00,4333.20,-3.6900,DOWN,111.65,0.8598,1.8976
20260916 204804 517,4303.50,1,4303.30,4303.50,0.20,4303.30,3,4303.20,3,4303.10,4,4303.00,4,4302.90,3,4302.80,7,4302.70,13,4302.60,17,4302.50,10,4302.40,10,4303.60,3,4303.70,4,4303.80,3,4303.90,5,4304.00,14,4304.10,14,4304.20,12,4304.30,9,4304.40,12,4304.50,10,Buy,3,2,5,1.00,2.00,0.00,0.20,50.0,4303.40,4303.50,4303.30,4303.50,32,64,96,-32.00,2.00,-36.00,1.40,28.6,-75,114,0.1250,1.0000,-14.00,-55.00,4333.22,-3.6837,DOWN,111.65,0.8598,1.9048
20260916 204809 222,4303.20,1,4303.30,4303.50,0.20,4303.30,1,4303.20,3,4303.10,3,4303.00,4,4302.90,3,4302.80,7,4302.70,13,4302.60,17,4302.50,10,4302.40,10,4303.50,1,4303.60,4,4303.70,5,4303.80,3,4303.90,5,4304.00,14,4304.10,14,4304.20,12,4304.30,9,4304.40,12,Sell,3,3,6,0.00,2.00,0.00,0.30,66.7,4303.40,4303.50,4303.20,4303.20,32,64,96,-32.00,2.00,-36.00,1.40,28.6,-75,114,0.1250,2.0000,-15.00,-56.00,4333.19,-3.6932,DOWN,111.65,0.8598,1.9119
20260916 204809 608,4303.50,1,4303.30,4303.50,0.20,4303.30,3,4303.20,3,4303.10,4,4303.00,4,4302.90,3,4302.80,7,4302.70,13,4302.60,17,4302.50,10,4302.40,10,4303.60,4,4303.70,5,4303.80,4,4303.90,5,4304.00,14,4304.10,14,4304.20,12,4304.30,9,4304.40,12,4304.50,10,Buy,4,3,7,1.00,2.00,0.00,0.30,33.3,4303.40,4303.50,4303.20,4303.50,32,64,96,-32.00,2.00,-36.00,1.40,28.6,-75,114,0.1250,1.0000,-14.00,-55.00,4333.22,-3.6837,DOWN,111.65,0.8598,1.9119
20260916 204812 333,4303.50,1,4303.20,4303.50,0.30,4303.20,3,4303.10,4,4303.00,4,4302.90,3,4302.80,7,4302.70,13,4302.60,17,4302.50,10,4302.40,10,4302.30,11,4303.50,4,4303.60,6,4303.70,5,4303.80,4,4303.90,5,4304.00,14,4304.10,14,4304.20,12,4304.30,9,4304.40,12,Buy,5,3,8,2.00,2.00,0.00,0.30,33.3,4303.40,4303.50,4303.20,4303.50,32,64,96,-32.00,2.00,-36.00,1.40,28.6,-75,114,0.1250,0.0000,-13.00,-54.00,4333.22,-3.6837,DOWN,111.65,0.8598,1.9119
20260916 204814 661,4303.50,1,4303.30,4303.50,0.20,4303.30,1,4303.20,3,4303.10,4,4303.00,4,4302.90,3,4302.80,7,4302.70,13,4302.60,17,4302.50,10,4302.40,10,4303.50,3,4303.60,4,4303.70,6,4303.80,4,4303.90,5,4304.00,14,4304.10,14,4304.20,12,4304.30,9,4304.40,12,Buy,6,3,9,3.00,3.00,0.00,0.30,33.3,4303.40,4303.50,4303.20,4303.50,32,64,96,-32.00,2.00,-36.00,1.40,28.6,-75,114,0.1250,0.0000,-12.00,-53.00,4333.22,-3.6837,DOWN,111.65,0.8598,1.9119
20260916 204820 295,4303.20,1,4303.10,4303.50,0.40,4303.10,4,4303.00,4,4302.90,3,4302.80,7,4302.70,13,4302.60,17,4302.50,10,4302.40,10,4302.30,11,4302.20,14,4303.50,4,4303.60,5,4303.70,5,4303.80,4,4303.90,5,4304.00,14,4304.10,14,4304.20,12,4304.30,9,4304.40,12,Sell,6,4,10,2.00,3.00,0.00,0.30,66.7,4303.40,4303.50,4303.20,4303.20,32,64,96,-32.00,2.00,-36.00,1.40,28.6,-75,114,0.1250,0.5000,-13.00,-54.00,4333.19,-3.6932,DOWN,111.65,0.8598,1.9119
20260916 204821 203,4303.20,1,4303.20,4303.30,0.10,4303.10,4,4303.00,4,4302.90,3,4302.80,7,4302.70,13,4302.60,17,4302.50,10,4302.40,10,4302.30,11,4302.20,14,4303.40,1,4303.50,4,4303.60,5,4303.70,5,4303.80,4,4303.90,5,4304.00,14,4304.10,14,4304.20,12,4304.30,9,Sell,6,5,11,1.00,3.00,0.00,0.30,66.7,4303.40,4303.50,4303.20,4303.20,32,64,96,-32.00,2.00,-36.00,1.40,28.6,-75,114,0.1250,2.0000,-14.00,-55.00,4333.19,-3.6932,DOWN,111.65,0.8598,1.9119
20260916 204821 203,4303.20,1,4303.20,4303.30,0.10,4303.10,4,4303.00,4,4302.90,3,4302.80,7,4302.70,13,4302.60,17,4302.50,10,4302.40,10,4302.30,11,4302.20,14,4303.40,1,4303.50,4,4303.60,5,4303.70,5,4303.80,4,4303.90,5,4304.00,14,4304.10,14,4304.20,12,4304.30,9,Sell,6,6,12,0.00,3.00,0.00,0.30,66.7,4303.40,4303.50,4303.20,4303.20,32,64,96,-32.00,2.00,-36.00,1.40,28.6,-75,114,0.1250,3.0000,-15.00,-56.00,4333.19,-3.6932,DOWN,111.65,0.8598,1.9119
20260916 204821 206,4303.20,1,4303.20,4303.30,0.10,4303.10,4,4303.00,4,4302.90,3,4302.80,7,4302.70,13,4302.60,17,4302.50,10,4302.40,10,4302.30,11,4302.20,14,4303.40,1,4303.50,4,4303.60,5,4303.70,5,4303.80,4,4303.90,5,4304.00,14,4304.10,14,4304.20,12,4304.30,9,Buy,7,6,13,1.00,3.00,0.00,0.30,66.7,4303.40,4303.50,4303.20,4303.20,32,64,96,-32.00,2.00,-36.00,1.40,28.6,-75,114,0.1250,2.0000,-14.00,-55.00,4333.19,-3.6932,DOWN,111.65,0.8598,1.9119
20260916 204821 208,4303.20,2,4303.20,4303.30,0.10,4303.10,4,4303.00,4,4302.90,3,4302.80,7,4302.70,13,4302.60,17,4302.50,10,4302.40,10,4302.30,11,4302.20,14,4303.40,1,4303.50,4,4303.60,5,4303.70,5,4303.80,4,4303.90,5,4304.00,14,4304.10,14,4304.20,12,4304.30,9,Sell,7,8,15,-1.00,3.00,-1.00,0.30,66.7,4303.40,4303.50,4303.20,4303.20,32,64,96,-32.00,2.00,-36.00,1.40,28.6,-75,114,0.1250,0.0000,-16.00,-57.00,4333.19,-3.6932,DOWN,111.65,0.8598,1.9119
20260916 204821 208,4303.20,1,4303.20,4303.30,0.10,4303.10,4,4303.00,4,4302.90,3,4302.80,7,4302.70,13,4302.60,17,4302.50,10,4302.40,10,4302.30,11,4302.20,14,4303.40,1,4303.50,4,4303.60,5,4303.70,5,4303.80,4,4303.90,5,4304.00,14,4304.10,14,4304.20,12,4304.30,9,Sell,7,9,16,-2.00,3.00,-2.00,0.30,66.7,4303.40,4303.50,4303.20,4303.20,32,64,96,-32.00,2.00,-36.00,1.40,28.6,-75,114,0.1250,0.0000,-17.00,-58.00,4333.19,-3.6932,DOWN,111.65,0.8598,1.9119
20260916 204822 209,4303.20,1,4303.20,4303.40,0.20,4303.20,1,4303.10,3,4303.00,4,4302.90,6,4302.80,6,4302.70,5,4302.60,9,4302.50,13,4302.40,13,4302.30,11,4303.40,1,4303.50,4,4303.60,5,4303.70,6,4303.80,4,4303.90,13,4304.00,14,4304.10,14,4304.20,12,4304.30,15,Sell,7,10,17,-3.00,3.00,-3.00,0.30,66.7,4303.40,4303.50,4303.20,4303.20,32,64,96,-32.00,2.00,-36.00,1.40,28.6,-75,114,0.1250,0.0000,-18.00,-59.00,4333.19,-3.6932,DOWN,111.65,0.8598,1.9119
20260916 204823 237,4303.40,1,4303.20,4303.50,0.30,4303.10,3,4303.00,4,4302.90,6,4302.80,6,4302.70,5,4302.60,9,4302.50,13,4302.40,13,4302.30,11,4302.20,14,4303.40,3,4303.50,4,4303.60,5,4303.70,7,4303.80,4,4303.90,13,4304.00,14,4304.10,14,4304.20,12,4304.30,15,Buy,8,10,18,-2.00,3.00,-3.00,0.30,0.0,4303.40,4303.50,4303.20,4303.40,32,64,96,-32.00,2.00,-36.00,1.40,28.6,-75,114,0.1250,0.5000,-17.00,-58.00,4333.21,-3.6869,DOWN,111.65,0.8598,1.9119
20260916 204823 466,4303.30,1,4303.00,4303.30,0.30,4303.00,4,4302.90,6,4302.80,6,4302.70,5,4302.60,9,4302.50,13,4302.40,13,4302.30,11,4302.20,14,4302.10,10,4303.30,2,4303.40,4,4303.50,4,4303.60,6,4303.70,7,4303.80,4,4303.90,13,4304.00,14,4304.10,14,4304.20,12,Buy,9,10,19,-1.00,3.00,-3.00,0.30,33.3,4303.40,4303.50,4303.20,4303.30,32,64,96,-32.00,2.00,-36.00,1.40,28.6,-75,114,0.1250,2.0000,-16.00,-57.00,4333.20,-3.6900,DOWN,111.65,0.8598,1.9119
20260916 204823 466,4303.30,1,4303.00,4303.30,0.30,4303.00,4,4302.90,6,4302.80,6,4302.70,5,4302.60,9,4302.50,13,4302.40,13,4302.30,11,4302.20,14,4302.10,10,4303.30,2,4303.40,4,4303.50,4,4303.60,6,4303.70,7,4303.80,4,4303.90,13,4304.00,14,4304.10,14,4304.20,12,Buy,10,10,20,0.00,3.00,-3.00,0.30,33.3,4303.40,4303.50,4303.20,4303.30,32,64,96,-32.00,2.00,-36.00,1.40,28.6,-75,114,0.1250,3.0000,-15.00,-56.00,4333.20,-3.6900,DOWN,111.65,0.8598,1.9119
20260916 204823 499,4303.00,1,4303.50,4303.80,0.30,4303.50,3,4303.40,5,4303.30,6,4303.20,5,4303.10,4,4303.00,5,4302.90,13,4302.80,15,4302.70,13,4302.60,17,4303.80,3,4303.90,6,4304.00,6,4304.10,6,4304.20,4,4304.30,15,4304.40,18,4304.50,16,4304.60,16,4304.70,16,Sell,10,11,21,-1.00,3.00,-3.00,0.50,80.0,4303.40,4303.50,4303.00,4303.00,32,64,96,-32.00,2.00,-36.00,1.40,28.6,-75,114,0.1250,2.0000,-16.00,-57.00,4333.17,-3.6996,DOWN,111.65,0.8598,1.9262
20260916 204823 499,4303.00,1,4303.50,4303.80,0.30,4303.50,3,4303.40,5,4303.30,6,4303.20,5,4303.10,4,4303.00,5,4302.90,13,4302.80,15,4302.70,13,4302.60,17,4303.80,3,4303.90,6,4304.00,6,4304.10,6,4304.20,4,4304.30,15,4304.40,18,4304.50,16,4304.60,16,4304.70,16,Sell,10,12,22,-2.00,3.00,-3.00,0.50,80.0,4303.40,4303.50,4303.00,4303.00,32,64,96,-32.00,2.00,-36.00,1.40,28.6,-75,114,0.1250,0.5000,-17.00,-58.00,4333.17,-3.6996,DOWN,111.65,0.8598,1.9262
20260916 204823 499,4303.00,1,4303.50,4303.80,0.30,4303.50,3,4303.40,5,4303.30,6,4303.20,5,4303.10,4,4303.00,5,4302.90,13,4302.80,15,4302.70,13,4302.60,17,4303.80,3,4303.90,6,4304.00,6,4304.10,6,4304.20,4,4304.30,15,4304.40,18,4304.50,16,4304.60,16,4304.70,16,Sell,10,13,23,-3.00,3.00,-3.00,0.50,80.0,4303.40,4303.50,4303.00,4303.00,32,64,96,-32.00,2.00,-36.00,1.40,28.6,-75,114,0.1250,0.0000,-18.00,-59.00,4333.17,-3.6996,DOWN,111.65,0.8598,1.9262
20260916 204823 499,4303.00,1,4303.50,4303.80,0.30,4303.50,3,4303.40,5,4303.30,6,4303.20,5,4303.10,4,4303.00,5,4302.90,13,4302.80,15,4302.70,13,4302.60,17,4303.80,3,4303.90,6,4304.00,6,4304.10,6,4304.20,4,4304.30,15,4304.40,18,4304.50,16,4304.60,16,4304.70,16,Sell,10,14,24,-4.00,3.00,-4.00,0.50,80.0,4303.40,4303.50,4303.00,4303.00,32,64,96,-32.00,2.00,-36.00,1.40,28.6,-75,114,0.1250,0.0000,-19.00,-60.00,4333.17,-3.6996,DOWN,111.65,0.8598,1.9262
20260916 204823 500,4302.90,1,4303.50,4303.80,0.30,4303.50,3,4303.40,5,4303.30,6,4303.20,5,4303.10,4,4303.00,5,4302.90,13,4302.80,15,4302.70,13,4302.60,17,4303.80,3,4303.90,6,4304.00,6,4304.10,6,4304.20,4,4304.30,15,4304.40,18,4304.50,16,4304.60,16,4304.70,16,Sell,10,15,25,-5.00,3.00,-5.00,0.60,83.3,4303.40,4303.50,4302.90,4302.90,32,64,96,-32.00,2.00,-36.00,1.40,28.6,-75,114,0.1250,0.0000,-20.00,-61.00,4333.16,-3.7027,DOWN,111.65,0.8598,1.9333
20260916 204823 528,4303.30,1,4303.50,4303.80,0.30,4303.50,3,4303.40,5,4303.30,6,4303.20,5,4303.10,4,4303.00,5,4302.90,13,4302.80,15,4302.70,13,4302.60,17,4303.80,3,4303.90,6,4304.00,6,4304.10,6,4304.20,4,4304.30,15,4304.40,18,4304.50,16,4304.60,16,4304.70,16,Buy,11,15,26,-4.00,3.00,-5.00,0.60,16.7,4303.40,4303.50,4302.90,4303.30,32,64,96,-32.00,2.00,-36.00,1.40,28.6,-75,114,0.1250,0.2500,-19.00,-60.00,4333.20,-3.6900,DOWN,111.65,0.8598,1.9333
20260916 204823 528,4303.30,1,4303.50,4303.80,0.30,4303.50,3,4303.40,5,4303.30,6,4303.20,5,4303.10,4,4303.00,5,4302.90,13,4302.80,15,4302.70,13,4302.60,17,4303.80,3,4303.90,6,4304.00,6,4304.10,6,4304.20,4,4304.30,15,4304.40,18,4304.50,16,4304.60,16,4304.70,16,Buy,12,15,27,-3.00,3.00,-5.00,0.60,16.7,4303.40,4303.50,4302.90,4303.30,32,64,96,-32.00,2.00,-36.00,1.40,28.6,-75,114,0.1250,0.6667,-18.00,-59.00,4333.20,-3.6900,DOWN,111.65,0.8598,1.9333
20260916 204823 534,4303.50,1,4303.50,4303.80,0.30,4303.50,3,4303.40,5,4303.30,6,4303.20,5,4303.10,4,4303.00,5,4302.90,13,4302.80,15,4302.70,13,4302.60,17,4303.80,3,4303.90,6,4304.00,6,4304.10,6,4304.20,4,4304.30,15,4304.40,18,4304.50,16,4304.60,16,4304.70,16,Buy,13,15,28,-2.00,3.00,-5.00,0.60,16.7,4303.40,4303.50,4302.90,4303.50,32,64,96,-32.00,2.00,-36.00,1.40,28.6,-75,114,0.1250,1.5000,-17.00,-58.00,4333.22,-3.6837,DOWN,111.65,0.8598,1.9333
20260916 204823 536,4303.60,1,4303.50,4303.80,0.30,4303.50,3,4303.40,5,4303.30,6,4303.20,5,4303.10,4,4303.00,5,4302.90,13,4302.80,15,4302.70,13,4302.60,17,4303.80,3,4303.90,6,4304.00,6,4304.10,6,4304.20,4,4304.30,15,4304.40,18,4304.50,16,4304.60,16,4304.70,16,Buy,14,15,29,-1.00,3.00,-5.00,0.70,28.6,4303.40,4303.60,4302.90,4303.60,32,64,96,-32.00,2.00,-36.00,1.40,28.6,-75,114,0.1250,4.0000,-16.00,-57.00,4333.23,-3.6805,DOWN,111.65,0.8598,1.9405
20260916 204826 019,4303.70,1,4303.40,4303.70,0.30,4303.40,4,4303.30,4,4303.20,5,4303.10,5,4303.00,5,4302.90,13,4302.80,15,4302.70,13,4302.60,17,4302.50,13,4303.70,3,4303.80,4,4303.90,6,4304.00,7,4304.10,7,4304.20,4,4304.30,15,4304.40,18,4304.50,16,4304.60,16,Buy,15,15,30,0.00,3.00,-5.00,0.80,37.5,4303.40,4303.70,4302.90,4303.70,32,64,96,-32.00,2.00,-36.00,1.40,28.6,-75,114,0.1250,3.0000,-15.00,-56.00,4333.24,-3.6773,DOWN,111.65,0.8598,1.9476
20260916 204828 579,4303.70,1,4303.60,4303.90,0.30,4303.60,3,4303.50,3,4303.40,6,4303.30,4,4303.20,5,4303.10,5,4303.00,15,4302.90,13,4302.80,15,4302.70,13,4303.90,4,4304.00,7,4304.10,7,4304.20,4,4304.30,15,4304.40,17,4304.50,15,4304.60,16,4304.70,16,4304.80,13,Sell,15,16,31,-1.00,3.00,-5.00,0.80,37.5,4303.40,4303.70,4302.90,4303.70,32,64,96,-32.00,2.00,-36.00,1.40,28.6,-75,114,0.1250,4.0000,-16.00,-57.00,4333.24,-3.6773,DOWN,111.65,0.8598,1.9476
20260916 204829 526,4303.60,1,4303.40,4303.60,0.20,4303.40,1,4303.30,4,4303.20,5,4303.10,5,4303.00,5,4302.90,13,4302.80,15,4302.70,13,4302.60,17,4302.50,13,4303.60,2,4303.70,4,4303.80,6,4303.90,6,4304.00,8,4304.10,7,4304.20,5,4304.30,15,4304.40,16,4304.50,15,Sell,15,17,32,-2.00,3.00,-5.00,0.80,25.0,4303.40,4303.70,4302.90,4303.60,32,64,96,-32.00,2.00,-36.00,1.40,28.6,-75,114,0.1250,1.5000,-17.00,-58.00,4333.23,-3.6805,DOWN,111.65,0.8598,1.9476
20260916 204829 565,4303.60,2,4303.30,4303.60,0.30,4303.30,3,4303.20,4,4303.10,4,4303.00,5,4302.90,4,4302.80,6,4302.70,13,4302.60,17,4302.50,13,4302.40,13,4303.60,6,4303.70,6,4303.80,6,4303.90,6,4304.00,8,4304.10,17,4304.20,15,4304.30,15,4304.40,16,4304.50,15,Buy,17,17,34,0.00,3.00,-5.00,0.80,25.0,4303.40,4303.70,4302.90,4303.60,32,64,96,-32.00,2.00,-36.00,1.40,28.6,-75,114,0.1250,3.0000,-15.00,-56.00,4333.23,-3.6805,DOWN,111.65,0.8598,1.9476
20260916 204829 565,4303.60,1,4303.30,4303.60,0.30,4303.30,3,4303.20,4,4303.10,4,4303.00,5,4302.90,4,4302.80,6,4302.70,13,4302.60,17,4302.50,13,4302.40,13,4303.60,6,4303.70,6,4303.80,6,4303.90,6,4304.00,8,4304.10,17,4304.20,15,4304.30,15,4304.40,16,4304.50,15,Buy,18,17,35,1.00,3.00,-5.00,0.80,25.0,4303.40,4303.70,4302.90,4303.60,32,64,96,-32.00,2.00,-36.00,1.40,28.6,-75,114,0.1250,2.0000,-14.00,-55.00,4333.23,-3.6805,DOWN,111.65,0.8598,1.9476
20260916 204829 592,4303.40,1,4303.30,4303.60,0.30,4303.30,3,4303.20,4,4303.10,4,4303.00,5,4302.90,4,4302.80,6,4302.70,13,4302.60,17,4302.50,13,4302.40,13,4303.60,6,4303.70,6,4303.80,6,4303.90,6,4304.00,8,4304.10,17,4304.20,15,4304.30,15,4304.40,16,4304.50,15,Sell,18,18,36,0.00,3.00,-5.00,0.80,0.0,4303.40,4303.70,4302.90,4303.40,32,64,96,-32.00,2.00,-36.00,1.40,28.6,-75,114,0.1250,3.0000,-15.00,-56.00,4333.21,-3.6869,DOWN,111.65,0.8598,1.9476
20260916 204830 317,4303.40,1,4303.10,4303.40,0.30,4303.10,3,4303.00,4,4302.90,4,4302.80,6,4302.70,13,4302.60,17,4302.50,13,4302.40,13,4302.30,16,4302.20,15,4303.40,2,4303.50,3,4303.60,6,4303.70,6,4303.80,6,4303.90,6,4304.00,18,4304.10,17,4304.20,15,4304.30,15,Buy,19,18,37,1.00,3.00,-5.00,0.80,0.0,4303.40,4303.70,4302.90,4303.40,32,64,96,-32.00,2.00,-36.00,1.40,28.6,-75,114,0.1250,2.0000,-14.00,-55.00,4333.21,-3.6869,DOWN,111.65,0.8598,1.9476
20260916 204831 092,4303.10,1,4303.00,4303.30,0.30,4303.00,2,4302.90,4,4302.80,6,4302.70,13,4302.60,17,4302.50,13,4302.40,13,4302.30,16,4302.20,15,4302.10,15,4303.30,1,4303.40,3,4303.50,3,4303.60,6,4303.70,6,4303.80,6,4303.90,6,4304.00,18,4304.10,17,4304.20,15,Sell,19,19,38,0.00,3.00,-5.00,0.80,37.5,4303.40,4303.70,4302.90,4303.10,32,64,96,-32.00,2.00,-36.00,1.40,28.6,-75,114,0.1250,3.0000,-15.00,-56.00,4333.18,-3.6964,DOWN,111.65,0.8598,1.9476
20260916 204831 092,4303.10,1,4303.00,4303.30,0.30,4303.00,2,4302.90,4,4302.80,6,4302.70,13,4302.60,17,4302.50,13,4302.40,13,4302.30,16,4302.20,15,4302.10,15,4303.30,1,4303.40,3,4303.50,3,4303.60,6,4303.70,6,4303.80,6,4303.90,6,4304.00,18,4304.10,17,4304.20,15,Sell,19,20,39,-1.00,3.00,-5.00,0.80,37.5,4303.40,4303.70,4302.90,4303.10,32,64,96,-32.00,2.00,-36.00,1.40,28.6,-75,114,0.1250,4.0000,-16.00,-57.00,4333.18,-3.6964,DOWN,111.65,0.8598,1.9476
20260916 204831 092,4303.10,1,4303.00,4303.30,0.30,4303.00,2,4302.90,4,4302.80,6,4302.70,13,4302.60,17,4302.50,13,4302.40,13,4302.30,16,4302.20,15,4302.10,15,4303.30,1,4303.40,3,4303.50,3,4303.60,6,4303.70,6,4303.80,6,4303.90,6,4304.00,18,4304.10,17,4304.20,15,Sell,19,21,40,-2.00,3.00,-5.00,0.80,37.5,4303.40,4303.70,4302.90,4303.10,32,64,96,-32.00,2.00,-36.00,1.40,28.6,-75,114,0.1250,1.5000,-17.00,-58.00,4333.18,-3.6964,DOWN,111.65,0.8598,1.9476
20260916 204833 355,4303.10,1,4303.00,4303.30,0.30,4303.00,3,4302.90,4,4302.80,5,4302.70,4,4302.60,9,4302.50,6,4302.40,13,4302.30,16,4302.20,15,4302.10,15,4303.30,3,4303.40,5,4303.50,4,4303.60,5,4303.70,6,4303.80,16,4303.90,17,4304.00,18,4304.10,17,4304.20,15,Sell,19,22,41,-3.00,3.00,-5.00,0.80,37.5,4303.40,4303.70,4302.90,4303.10,32,64,96,-32.00,2.00,-36.00,1.40,28.6,-75,114,0.1250,0.6667,-18.00,-59.00,4333.18,-3.6964,DOWN,111.65,0.8598,1.9476
20260916 204833 357,4303.00,1,4303.00,4303.30,0.30,4303.00,3,4302.90,4,4302.80,5,4302.70,4,4302.60,9,4302.50,6,4302.40,13,4302.30,16,4302.20,15,4302.10,15,4303.30,3,4303.40,5,4303.50,4,4303.60,5,4303.70,6,4303.80,16,4303.90,17,4304.00,18,4304.10,17,4304.20,15,Sell,19,23,42,-4.00,3.00,-5.00,0.80,50.0,4303.40,4303.70,4302.90,4303.00,32,64,96,-32.00,2.00,-36.00,1.40,28.6,-75,114,0.1250,0.2500,-19.00,-60.00,4333.17,-3.6996,DOWN,111.65,0.8598,1.9476
20260916 204833 370,4303.00,2,4303.00,4303.30,0.30,4303.00,3,4302.90,4,4302.80,5,4302.70,4,4302.60,9,4302.50,6,4302.40,13,4302.30,16,4302.20,15,4302.10,15,4303.30,3,4303.40,5,4303.50,4,4303.60,5,4303.70,6,4303.80,16,4303.90,17,4304.00,18,4304.10,17,4304.20,15,Buy,21,23,44,-2.00,3.00,-5.00,0.80,50.0,4303.40,4303.70,4302.90,4303.00,32,64,96,-32.00,2.00,-36.00,1.40,28.6,-75,114,0.1250,1.5000,-17.00,-58.00,4333.17,-3.6996,DOWN,111.65,0.8598,1.9476
20260916 204834 682,4303.30,1,4303.10,4303.30,0.20,4303.10,1,4303.00,4,4302.90,4,4302.80,5,4302.70,4,4302.60,9,4302.50,16,4302.40,15,4302.30,16,4302.20,15,4303.30,3,4303.40,4,4303.50,4,4303.60,5,4303.70,6,4303.80,16,4303.90,17,4304.00,18,4304.10,17,4304.20,15,Buy,22,23,45,-1.00,3.00,-5.00,0.80,12.5,4303.40,4303.70,4302.90,4303.30,32,64,96,-32.00,2.00,-36.00,1.40,28.6,-75,114,0.1250,4.0000,-16.00,-57.00,4333.20,-3.6900,DOWN,111.65,0.8598,1.9476
20260916 204834 682,4303.30,1,4303.10,4303.30,0.20,4303.10,1,4303.00,4,4302.90,4,4302.80,5,4302.70,4,4302.60,9,4302.50,16,4302.40,15,4302.30,16,4302.20,15,4303.30,3,4303.40,4,4303.50,4,4303.60,5,4303.70,6,4303.80,16,4303.90,17,4304.00,18,4304.10,17,4304.20,15,Buy,23,23,46,0.00,3.00,-5.00,0.80,12.5,4303.40,4303.70,4302.90,4303.30,32,64,96,-32.00,2.00,-36.00,1.40,28.6,-75,114,0.1250,3.0000,-15.00,-56.00,4333.20,-3.6900,DOWN,111.65,0.8598,1.9476
20260916 204836 433,4303.00,1,4303.10,4303.30,0.20,4303.10,2,4303.00,2,4302.90,4,4302.80,5,4302.70,4,4302.60,9,4302.50,16,4302.40,15,4302.30,16,4302.20,15,4303.30,1,4303.40,4,4303.50,4,4303.60,5,4303.70,6,4303.80,16,4303.90,17,4304.00,18,4304.10,17,4304.20,15,Sell,23,24,47,-1.00,3.00,-5.00,0.80,50.0,4303.40,4303.70,4302.90,4303.00,32,64,96,-32.00,2.00,-36.00,1.40,28.6,-75,114,0.1250,4.0000,-16.00,-57.00,4333.17,-3.6996,DOWN,111.65,0.8598,1.9476
20260916 204837 687,4303.50,1,4303.30,4303.60,0.30,4303.30,3,4303.20,4,4303.10,5,4303.00,4,4302.90,5,4302.80,6,4302.70,5,4302.60,19,4302.50,16,4302.40,15,4303.60,4,4303.70,6,4303.80,6,4303.90,7,4304.00,18,4304.10,17,4304.20,15,4304.30,15,4304.40,16,4304.50,15,Buy,24,24,48,0.00,3.00,-5.00,0.80,12.5,4303.40,4303.70,4302.90,4303.50,32,64,96,-32.00,2.00,-36.00,1.40,28.6,-75,114,0.1250,3.0000,-15.00,-56.00,4333.22,-3.6837,DOWN,111.65,0.8598,1.9476
20260916 204839 944,4303.70,2,4303.40,4303.70,0.30,4303.40,2,4303.30,3,4303.20,3,4303.10,5,4303.00,5,4302.90,6,4302.80,6,4302.70,18,4302.60,19,4302.50,16,4303.70,3,4303.80,4,4303.90,6,4304.00,7,4304.10,7,4304.20,15,4304.30,15,4304.40,17,4304.50,15,4304.60,16,Sell,24,26,50,-2.00,3.00,-5.00,0.80,37.5,4303.40,4303.70,4302.90,4303.70,32,64,96,-32.00,2.00,-36.00,1.40,28.6,-75,114,0.1250,1.5000,-17.00,-58.00,4333.24,-3.6773,DOWN,111.65,0.8598,1.9476
20260916 204840 042,4303.60,1,4303.40,4303.70,0.30,4303.40,2,4303.30,3,4303.20,3,4303.10,5,4303.00,5,4302.90,6,4302.80,6,4302.70,18,4302.60,19,4302.50,16,4303.70,4,4303.80,5,4303.90,6,4304.00,7,4304.10,7,4304.20,15,4304.30,15,4304.40,17,4304.50,15,4304.60,16,Sell,24,27,51,-3.00,3.00,-5.00,0.80,25.0,4303.40,4303.70,4302.90,4303.60,32,64,96,-32.00,2.00,-36.00,1.40,28.6,-75,114,0.1250,0.6667,-18.00,-59.00,4333.23,-3.6805,DOWN,111.65,0.8598,1.9476
20260916 204843 569,4303.30,1,4303.40,4303.60,0.20,4303.40,3,4303.30,3,4303.20,4,4303.10,5,4303.00,5,4302.90,9,4302.80,16,4302.70,18,4302.60,16,4302.50,16,4303.60,1,4303.70,3,4303.80,5,4303.90,7,4304.00,7,4304.10,17,4304.20,15,4304.30,15,4304.40,17,4304.50,15,Sell,24,28,52,-4.00,3.00,-5.00,0.80,12.5,4303.40,4303.70,4302.90,4303.30,32,64,96,-32.00,2.00,-36.00,1.40,28.6,-75,114,0.1250,0.2500,-19.00,-60.00,4333.20,-3.6900,DOWN,111.65,0.8598,1.9476
20260916 204844 703,4303.40,1,4303.20,4303.40,0.20,4303.30,3,4303.20,4,4303.10,5,4303.00,5,4302.90,9,4302.80,16,4302.70,18,4302.60,16,4302.50,16,4302.40,15,4303.50,1,4303.60,2,4303.70,3,4303.80,5,4303.90,6,4304.00,7,4304.10,17,4304.20,15,4304.30,15,4304.40,17,Sell,24,29,53,-5.00,3.00,-5.00,0.80,0.0,4303.40,4303.70,4302.90,4303.40,32,64,96,-32.00,2.00,-36.00,1.40,28.6,-75,114,0.1250,0.0000,-20.00,-61.00,4333.21,-3.6869,DOWN,111.65,0.8598,1.9476
20260916 204844 703,4303.40,1,4303.20,4303.40,0.20,4303.30,3,4303.20,4,4303.10,5,4303.00,5,4302.90,9,4302.80,16,4302.70,18,4302.60,16,4302.50,16,4302.40,15,4303.50,1,4303.60,2,4303.70,3,4303.80,5,4303.90,6,4304.00,7,4304.10,17,4304.20,15,4304.30,15,4304.40,17,Sell,24,30,54,-6.00,3.00,-6.00,0.80,0.0,4303.40,4303.70,4302.90,4303.40,32,64,96,-32.00,2.00,-36.00,1.40,28.6,-75,114,0.1250,0.0000,-21.00,-62.00,4333.21,-3.6869,DOWN,111.65,0.8598,1.9476
20260916 204844 720,4303.40,1,4303.20,4303.40,0.20,4303.30,3,4303.20,4,4303.10,5,4303.00,5,4302.90,9,4302.80,16,4302.70,18,4302.60,16,4302.50,16,4302.40,15,4303.50,1,4303.60,2,4303.70,3,4303.80,5,4303.90,6,4304.00,7,4304.10,17,4304.20,15,4304.30,15,4304.40,17,Buy,25,30,55,-5.00,3.00,-6.00,0.80,0.0,4303.40,4303.70,4302.90,4303.40,32,64,96,-32.00,2.00,-36.00,1.40,28.6,-75,114,0.1250,0.2000,-20.00,-61.00,4333.21,-3.6869,DOWN,111.65,0.8598,1.9476
20260916 204844 720,4303.40,1,4303.20,4303.40,0.20,4303.30,3,4303.20,4,4303.10,5,4303.00,5,4302.90,9,4302.80,16,4302.70,18,4302.60,16,4302.50,16,4302.40,15,4303.50,1,4303.60,2,4303.70,3,4303.80,5,4303.90,6,4304.00,7,4304.10,17,4304.20,15,4304.30,15,4304.40,17,Buy,26,30,56,-4.00,3.00,-6.00,0.80,0.0,4303.40,4303.70,4302.90,4303.40,32,64,96,-32.00,2.00,-36.00,1.40,28.6,-75,114,0.1250,0.5000,-19.00,-60.00,4333.21,-3.6869,DOWN,111.65,0.8598,1.9476
20260916 204849 327,4303.80,1,4303.70,4303.90,0.20,4303.70,1,4303.60,5,4303.50,5,4303.40,4,4303.30,3,4303.20,8,4303.10,14,4303.00,15,4302.90,16,4302.80,15,4303.90,1,4304.00,3,4304.10,7,4304.20,5,4304.30,5,4304.40,17,4304.50,16,4304.60,16,4304.70,16,4304.80,13,Buy,27,30,57,-3.00,3.00,-6.00,0.90,44.4,4303.40,4303.80,4302.90,4303.80,32,64,96,-32.00,2.00,-36.00,1.40,28.6,-75,114,0.1250,1.0000,-18.00,-59.00,4333.25,-3.6742,DOWN,111.65,0.8598,1.9548
20260916 204854 248,4303.80,1,4303.60,4303.80,0.20,4303.60,2,4303.50,3,4303.40,8,4303.30,4,4303.20,5,4303.10,14,4303.00,15,4302.90,16,4302.80,15,4302.70,18,4303.90,3,4304.00,4,4304.10,6,4304.20,5,4304.30,5,4304.40,16,4304.50,16,4304.60,16,4304.70,16,4304.80,13,Buy,28,30,58,-2.00,3.00,-6.00,0.90,44.4,4303.40,4303.80,4302.90,4303.80,32,64,96,-32.00,2.00,-36.00,1.40,28.6,-75,114,0.1250,2.0000,-17.00,-58.00,4333.25,-3.6742,DOWN,111.65,0.8598,1.9548
20260916 204856 046,4303.90,1,4303.60,4303.90,0.30,4303.60,3,4303.50,3,4303.40,9,4303.30,4,4303.20,5,4303.10,14,4303.00,15,4302.90,16,4302.80,15,4302.70,18,4303.90,2,4304.00,4,4304.10,6,4304.20,5,4304.30,5,4304.40,16,4304.50,16,4304.60,16,4304.70,16,4304.80,13,Buy,29,30,59,-1.00,3.00,-6.00,1.00,50.0,4303.40,4303.90,4302.90,4303.90,32,64,96,-32.00,2.00,-36.00,1.40,28.6,-75,114,0.1250,5.0000,-16.00,-57.00,4333.26,-3.6710,DOWN,111.65,0.8598,1.9619
20260916 204856 124,4303.80,1,4303.80,4303.90,0.10,4303.60,5,4303.50,3,4303.40,9,4303.30,4,4303.20,5,4303.10,14,4303.00,15,4302.90,16,4302.80,15,4302.70,18,4303.90,3,4304.00,4,4304.10,6,4304.20,5,4304.30,5,4304.40,16,4304.50,16,4304.60,16,4304.70,16,4304.80,13,Sell,29,31,60,-2.00,3.00,-6.00,1.00,40.0,4303.40,4303.90,4302.90,4303.80,32,64,96,-32.00,2.00,-36.00,1.40,28.6,-75,114,0.1250,2.0000,-17.00,-58.00,4333.25,-3.6742,DOWN,111.65,0.8598,1.9619
20260916 204858 726,4303.60,2,4303.60,4303.80,0.20,4303.60,1,4303.50,2,4303.40,8,4303.30,4,4303.20,5,4303.10,14,4303.00,15,4302.90,16,4302.80,15,4302.70,18,4303.80,2,4303.90,6,4304.00,5,4304.10,6,4304.20,5,4304.30,5,4304.40,14,4304.50,12,4304.60,12,4304.70,12,Sell,29,33,62,-4.00,3.00,-6.00,1.00,20.0,4303.40,4303.90,4302.90,4303.60,32,64,96,-32.00,2.00,-36.00,1.40,28.6,-75,114,0.1250,0.5000,-19.00,-60.00,4333.23,-3.6805,DOWN,111.65,0.8598,1.9619
20260916 204859 861,4303.60,1,4303.50,4303.70,0.20,4303.50,5,4303.40,4,4303.30,4,4303.20,5,4303.10,14,4303.00,15,4302.90,16,4302.80,15,4302.70,18,4302.60,16,4303.70,2,4303.80,3,4303.90,6,4304.00,5,4304.10,6,4304.20,5,4304.30,5,4304.40,14,4304.50,12,4304.60,12,Sell,29,34,63,-5.00,3.00,-6.00,1.00,20.0,4303.40,4303.90,4302.90,4303.60,32,64,96,-32.00,2.00,-36.00,1.40,28.6,-75,114,0.1250,0.2000,-20.00,-61.00,4333.23,-3.6805,DOWN,111.65,0.8598,1.9619
20260916 204859 861,4303.50,1,4303.50,4303.70,0.20,4303.50,5,4303.40,4,4303.30,4,4303.20,5,4303.10,14,4303.00,15,4302.90,16,4302.80,15,4302.70,18,4302.60,16,4303.70,2,4303.80,3,4303.90,6,4304.00,5,4304.10,6,4304.20,5,4304.30,5,4304.40,14,4304.50,12,4304.60,12,Sell,29,35,64,-6.00,3.00,-6.00,1.00,10.0,4303.40,4303.90,4302.90,4303.50,32,64,96,-32.00,2.00,-36.00,1.40,28.6,-75,114,0.1250,0.0000,-21.00,-62.00,4333.22,-3.6837,DOWN,111.65,0.8598,1.9619
20260916 204901 426,4303.70,1,4303.50,4303.80,0.30,4303.50,8,4303.40,4,4303.30,3,4303.20,5,4303.10,14,4303.00,15,4302.90,16,4302.80,15,4302.70,18,4302.60,16,4303.80,2,4303.90,6,4304.00,5,4304.10,6,4304.20,5,4304.30,5,4304.40,14,4304.50,12,4304.60,12,4304.70,12,Buy,1,0,1,1.00,1.00,1.00,0.00,0.0,4303.70,4303.70,4303.70,4303.70,29,35,64,-6.00,3.00,-6.00,1.00,10.0,-12,63,0.0000,0.0000,0.00,-64.00,4333.24,-3.6773,DOWN,109.50,0.5845,1.8361
20260916 204901 826,4303.80,1,4303.50,4303.80,0.30,4303.50,7,4303.40,4,4303.30,3,4303.20,5,4303.10,14,4303.00,15,4302.90,16,4302.80,15,4302.70,18,4302.60,16,4303.80,3,4303.90,6,4304.00,5,4304.10,6,4304.20,5,4304.30,5,4304.40,14,4304.50,12,4304.60,12,4304.70,12,Buy,2,0,2,2.00,2.00,1.00,0.10,100.0,4303.70,4303.80,4303.70,4303.80,29,35,64,-6.00,3.00,-6.00,1.00,10.0,-12,63,0.0000,0.0000,1.00,-63.00,4333.25,-3.6742,DOWN,109.50,0.5845,1.8432
20260916 204901 826,4303.80,1,4303.50,4303.80,0.30,4303.50,7,4303.40,4,4303.30,3,4303.20,5,4303.10,14,4303.00,15,4302.90,16,4302.80,15,4302.70,18,4302.60,16,4303.80,3,4303.90,6,4304.00,5,4304.10,6,4304.20,5,4304.30,5,4304.40,14,4304.50,12,4304.60,12,4304.70,12,Buy,3,0,3,3.00,3.00,1.00,0.10,100.0,4303.70,4303.80,4303.70,4303.80,29,35,64,-6.00,3.00,-6.00,1.00,10.0,-12,63,0.0000,0.0000,2.00,-62.00,4333.25,-3.6742,DOWN,109.50,0.5845,1.8432
20260916 204904 558,4303.70,1,4303.50,4303.70,0.20,4303.50,7,4303.40,4,4303.30,3,4303.20,5,4303.10,14,4303.00,15,4302.90,16,4302.80,15,4302.70,18,4302.60,16,4303.70,1,4303.80,2,4303.90,6,4304.00,5,4304.10,6,4304.20,5,4304.30,5,4304.40,14,4304.50,12,4304.60,12,Buy,4,0,4,4.00,4.00,1.00,0.10,0.0,4303.70,4303.80,4303.70,4303.70,29,35,64,-6.00,3.00,-6.00,1.00,10.0,-12,63,0.0000,0.0000,3.00,-61.00,4333.24,-3.6773,DOWN,109.50,0.5845,1.8432
20260916 204905 899,4303.90,1,4303.90,4304.20,0.30,4303.90,4,4303.80,3,4303.70,6,4303.60,5,4303.50,8,4303.40,4,4303.30,13,4303.20,15,4303.10,14,4303.00,15,4304.20,3,4304.30,4,4304.40,9,4304.50,6,4304.60,12,4304.70,12,4304.80,9,4304.90,11,4305.00,11,4305.10,10,Buy,5,0,5,5.00,5.00,1.00,0.20,100.0,4303.70,4303.90,4303.70,4303.90,29,35,64,-6.00,3.00,-6.00,1.00,10.0,-12,63,0.0000,0.0000,4.00,-60.00,4333.26,-3.6710,DOWN,109.50,0.5845,1.8504
20260916 204906 466,4304.40,1,4304.20,4304.40,0.20,4304.20,1,4304.10,3,4304.00,5,4303.90,5,4303.80,3,4303.70,6,4303.60,5,4303.50,13,4303.40,9,4303.30,8,4304.40,4,4304.50,5,4304.60,6,4304.70,6,4304.80,3,4304.90,11,4305.00,11,4305.10,10,4305.20,12,4305.30,12,Buy,6,0,6,6.00,6.00,1.00,0.70,100.0,4303.70,4304.40,4303.70,4304.40,29,35,64,-6.00,3.00,-6.00,1.00,10.0,-12,63,0.0000,0.0000,5.00,-59.00,4333.31,-3.6551,DOWN,109.50,0.5845,1.8861
20260916 204907 377,4304.40,1,4304.30,4304.50,0.20,4304.30,3,4304.20,2,4304.10,4,4304.00,5,4303.90,5,4303.80,3,4303.70,11,4303.60,10,4303.50,13,4303.40,9,4304.50,1,4304.60,3,4304.70,6,4304.80,2,4304.90,5,4305.00,11,4305.10,10,4305.20,12,4305.30,12,4305.40,8,Buy,7,0,7,7.00,7.00,1.00,0.70,100.0,4303.70,4304.40,4303.70,4304.40,29,35,64,-6.00,3.00,-6.00,1.00,10.0,-12,63,0.0000,0.0000,6.00,-58.00,4333.31,-3.6551,DOWN,109.50,0.5845,1.8861
20260916 204907 377,4304.40,2,4304.30,4304.50,0.20,4304.30,3,4304.20,2,4304.10,4,4304.00,5,4303.90,5,4303.80,3,4303.70,11,4303.60,10,4303.50,13,4303.40,9,4304.50,1,4304.60,3,4304.70,6,4304.80,2,4304.90,5,4305.00,11,4305.10,10,4305.20,12,4305.30,12,4305.40,8,Buy,9,0,9,9.00,9.00,1.00,0.70,100.0,4303.70,4304.40,4303.70,4304.40,29,35,64,-6.00,3.00,-6.00,1.00,10.0,-12,63,0.0000,0.0000,8.00,-56.00,4333.31,-3.6551,DOWN,109.50,0.5845,1.8861
20260916 204907 392,4304.50,1,4304.30,4304.50,0.20,4304.30,3,4304.20,2,4304.10,4,4304.00,5,4303.90,5,4303.80,3,4303.70,11,4303.60,10,4303.50,13,4303.40,9,4304.50,1,4304.60,3,4304.70,6,4304.80,2,4304.90,5,4305.00,11,4305.10,10,4305.20,12,4305.30,12,4305.40,8,Buy,10,0,10,10.00,10.00,1.00,0.80,100.0,4303.70,4304.50,4303.70,4304.50,29,35,64,-6.00,3.00,-6.00,1.00,10.0,-12,63,0.0000,0.0000,9.00,-55.00,4333.32,-3.6519,DOWN,109.50,0.5845,1.8932
20260916 204908 191,4304.50,1,4304.40,4304.50,0.10,4304.40,1,4304.30,3,4304.20,2,4304.10,4,4304.00,5,4303.90,5,4303.80,3,4303.70,11,4303.60,10,4303.50,13,4304.60,4,4304.70,4,4304.80,2,4304.90,5,4305.00,11,4305.10,10,4305.20,12,4305.30,12,4305.40,8,4305.50,12,Buy,11,0,11,11.00,11.00,1.00,0.80,100.0,4303.70,4304.50,4303.70,4304.50,29,35,64,-6.00,3.00,-6.00,1.00,10.0,-12,63,0.0000,0.0000,10.00,-54.00,4333.32,-3.6519,DOWN,109.50,0.5845,1.8932
20260916 204908 211,4304.60,1,4304.40,4304.60,0.20,4304.40,1,4304.30,3,4304.20,2,4304.10,4,4304.00,5,4303.90,5,4303.80,3,4303.70,11,4303.60,10,4303.50,13,4304.60,3,4304.70,4,4304.80,2,4304.90,5,4305.00,11,4305.10,10,4305.20,12,4305.30,12,4305.40,8,4305.50,12,Buy,12,0,12,12.00,12.00,1.00,0.90,100.0,4303.70,4304.60,4303.70,4304.60,29,35,64,-6.00,3.00,-6.00,1.00,10.0,-12,63,0.0000,0.0000,11.00,-53.00,4333.32,-3.6488,DOWN,109.50,0.5845,1.9004
20260916 204910 672,4304.40,1,4304.10,4304.40,0.30,4304.10,3,4304.00,5,4303.90,4,4303.80,3,4303.70,11,4303.60,10,4303.50,13,4303.40,9,4303.30,8,4303.20,10,4304.40,2,4304.50,6,4304.60,5,4304.70,5,4304.80,2,4304.90,11,4305.00,11,4305.10,10,4305.20,12,4305.30,12,Buy,13,0,13,13.00,13.00,1.00,0.90,77.8,4303.70,4304.60,4303.70,4304.40,29,35,64,-6.00,3.00,-6.00,1.00,10.0,-12,63,0.0000,0.0000,12.00,-52.00,4333.31,-3.6551,DOWN,109.50,0.5845,1.9004
20260916 204910 672,4304.40,1,4304.10,4304.40,0.30,4304.10,3,4304.00,5,4303.90,4,4303.80,3,4303.70,11,4303.60,10,4303.50,13,4303.40,9,4303.30,8,4303.20,10,4304.40,2,4304.50,6,4304.60,5,4304.70,5,4304.80,2,4304.90,11,4305.00,11,4305.10,10,4305.20,12,4305.30,12,Buy,14,0,14,14.00,14.00,1.00,0.90,77.8,4303.70,4304.60,4303.70,4304.40,29,35,64,-6.00,3.00,-6.00,1.00,10.0,-12,63,0.0000,0.0000,13.00,-51.00,4333.31,-3.6551,DOWN,109.50,0.5845,1.9004
20260916 204914 533,4304.40,1,4304.10,4304.40,0.30,4304.10,4,4304.00,9,4303.90,4,4303.80,3,4303.70,6,4303.60,10,4303.50,9,4303.40,9,4303.30,8,4303.20,10,4304.50,4,4304.60,5,4304.70,5,4304.80,2,4304.90,11,4305.00,11,4305.10,10,4305.20,12,4305.30,12,4305.40,8,Buy,15,0,15,15.00,15.00,1.00,0.90,77.8,4303.70,4304.60,4303.70,4304.40,29,35,64,-6.00,3.00,-6.00,1.00,10.0,-12,63,0.0000,0.0000,14.00,-50.00,4333.31,-3.6551,DOWN,109.50,0.5845,1.9004
20260916 204914 533,4304.40,1,4304.10,4304.40,0.30,4304.10,4,4304.00,9,4303.90,4,4303.80,3,4303.70,6,4303.60,10,4303.50,9,4303.40,9,4303.30,8,4303.20,10,4304.50,4,4304.60,5,4304.70,5,4304.80,2,4304.90,11,4305.00,11,4305.10,10,4305.20,12,4305.30,12,4305.40,8,Buy,16,0,16,16.00,16.00,1.00,0.90,77.8,4303.70,4304.60,4303.70,4304.40,29,35,64,-6.00,3.00,-6.00,1.00,10.0,-12,63,0.0000,0.0000,15.00,-49.00,4333.31,-3.6551,DOWN,109.50,0.5845,1.9004
20260916 204915 527,4304.40,1,4304.10,4304.40,0.30,4304.10,2,4304.00,4,4303.90,8,4303.80,3,4303.70,6,4303.60,10,4303.50,9,4303.40,9,4303.30,8,4303.20,10,4304.40,7,4304.50,4,4304.60,4,4304.70,5,4304.80,2,4304.90,11,4305.00,11,4305.10,10,4305.20,12,4305.30,12,Buy,17,0,17,17.00,17.00,1.00,0.90,77.8,4303.70,4304.60,4303.70,4304.40,29,35,64,-6.00,3.00,-6.00,1.00,10.0,-12,63,0.0000,0.0000,16.00,-48.00,4333.31,-3.6551,DOWN,109.50,0.5845,1.9004
20260916 204916 347,4304.40,5,4304.40,4304.60,0.20,4304.40,1,4304.30,3,4304.20,4,4304.10,4,4304.00,5,4303.90,8,4303.80,3,4303.70,11,4303.60,10,4303.50,9,4304.60,2,4304.70,4,4304.80,2,4304.90,5,4305.00,11,4305.10,10,4305.20,12,4305.30,12,4305.40,8,4305.50,12,Buy,22,0,22,22.00,22.00,1.00,0.90,77.8,4303.70,4304.60,4303.70,4304.40,29,35,64,-6.00,3.00,-6.00,1.00,10.0,-12,63,0.0000,0.0000,21.00,-43.00,4333.31,-3.6551,DOWN,109.50,0.5845,1.9004
20260916 204916 359,4304.50,1,4304.40,4304.60,0.20,4304.40,1,4304.30,3,4304.20,4,4304.10,4,4304.00,5,4303.90,8,4303.80,3,4303.70,11,4303.60,10,4303.50,9,4304.60,2,4304.70,4,4304.80,2,4304.90,5,4305.00,11,4305.10,10,4305.20,12,4305.30,12,4305.40,8,4305.50,12,Buy,23,0,23,23.00,23.00,1.00,0.90,88.9,4303.70,4304.60,4303.70,4304.50,29,35,64,-6.00,3.00,-6.00,1.00,10.0,-12,63,0.0000,0.0000,22.00,-42.00,4333.32,-3.6519,DOWN,109.50,0.5845,1.9004
20260916 204917 241,4304.40,1,4304.30,4304.60,0.30,4304.30,3,4304.20,4,4304.10,4,4304.00,5,4303.90,8,4303.80,8,4303.70,11,4303.60,10,4303.50,9,4303.40,9,4304.60,3,4304.70,4,4304.80,2,4304.90,5,4305.00,6,4305.10,10,4305.20,12,4305.30,12,4305.40,8,4305.50,12,Sell,23,1,24,22.00,23.00,1.00,0.90,77.8,4303.70,4304.60,4303.70,4304.40,29,35,64,-6.00,3.00,-6.00,1.00,10.0,-12,63,0.0000,0.0455,21.00,-43.00,4333.31,-3.6551,DOWN,109.50,0.5845,1.9004
20260916 204917 241,4304.40,1,4304.30,4304.60,0.30,4304.30,3,4304.20,4,4304.10,4,4304.00,5,4303.90,8,4303.80,8,4303.70,11,4303.60,10,4303.50,9,4303.40,9,4304.60,3,4304.70,4,4304.80,2,4304.90,5,4305.00,6,4305.10,10,4305.20,12,4305.30,12,4305.40,8,4305.50,12,Sell,23,2,25,21.00,23.00,1.00,0.90,77.8,4303.70,4304.60,4303.70,4304.40,29,35,64,-6.00,3.00,-6.00,1.00,10.0,-12,63,0.0000,0.0952,20.00,-44.00,4333.31,-3.6551,DOWN,109.50,0.5845,1.9004
20260916 204917 616,4304.50,1,4304.30,4304.50,0.20,4304.30,1,4304.20,4,4304.10,4,4304.00,5,4303.90,8,4303.80,8,4303.70,11,4303.60,10,4303.50,9,4303.40,9,4304.50,4,4304.60,4,4304.70,4,4304.80,2,4304.90,5,4305.00,6,4305.10,10,4305.20,12,4305.30,12,4305.40,8,Buy,24,2,26,22.00,23.00,1.00,0.90,88.9,4303.70,4304.60,4303.70,4304.50,29,35,64,-6.00,3.00,-6.00,1.00,10.0,-12,63,0.0000,0.0455,21.00,-43.00,4333.32,-3.6519,DOWN,109.50,0.5845,1.9004
20260916 204917 616,4304.50,1,4304.30,4304.50,0.20,4304.30,1,4304.20,4,4304.10,4,4304.00,5,4303.90,8,4303.80,8,4303.70,11,4303.60,10,4303.50,9,4303.40,9,4304.50,4,4304.60,4,4304.70,4,4304.80,2,4304.90,5,4305.00,6,4305.10,10,4305.20,12,4305.30,12,4305.40,8,Buy,25,2,27,23.00,23.00,1.00,0.90,88.9,4303.70,4304.60,4303.70,4304.50,29,35,64,-6.00,3.00,-6.00,1.00,10.0,-12,63,0.0000,0.0000,22.00,-42.00,4333.32,-3.6519,DOWN,109.50,0.5845,1.9004
20260916 204917 616,4304.50,1,4304.30,4304.50,0.20,4304.30,1,4304.20,4,4304.10,4,4304.00,5,4303.90,8,4303.80,8,4303.70,11,4303.60,10,4303.50,9,4303.40,9,4304.50,4,4304.60,4,4304.70,4,4304.80,2,4304.90,5,4305.00,6,4305.10,10,4305.20,12,4305.30,12,4305.40,8,Buy,26,2,28,24.00,24.00,1.00,0.90,88.9,4303.70,4304.60,4303.70,4304.50,29,35,64,-6.00,3.00,-6.00,1.00,10.0,-12,63,0.0000,0.0000,23.00,-41.00,4333.32,-3.6519,DOWN,109.50,0.5845,1.9004
20260916 204917 616,4304.50,1,4304.30,4304.50,0.20,4304.30,1,4304.20,4,4304.10,4,4304.00,5,4303.90,8,4303.80,8,4303.70,11,4303.60,10,4303.50,9,4303.40,9,4304.50,4,4304.60,4,4304.70,4,4304.80,2,4304.90,5,4305.00,6,4305.10,10,4305.20,12,4305.30,12,4305.40,8,Buy,27,2,29,25.00,25.00,1.00,0.90,88.9,4303.70,4304.60,4303.70,4304.50,29,35,64,-6.00,3.00,-6.00,1.00,10.0,-12,63,0.0000,0.0000,24.00,-40.00,4333.32,-3.6519,DOWN,109.50,0.5845,1.9004
20260916 204920 650,4304.90,1,4304.70,4305.00,0.30,4304.70,2,4304.60,4,4304.50,7,4304.40,2,4304.30,5,4304.20,4,4304.10,9,4304.00,10,4303.90,13,4303.80,8,4305.00,4,4305.10,4,4305.20,6,4305.30,4,4305.40,9,4305.50,13,4305.60,20,4305.70,9,4305.80,12,4305.90,8,Buy,28,2,30,26.00,26.00,1.00,1.20,100.0,4303.70,4304.90,4303.70,4304.90,29,35,64,-6.00,3.00,-6.00,1.00,10.0,-12,63,0.0000,0.0000,25.00,-39.00,4333.35,-3.6392,DOWN,109.50,0.5845,1.9218
20260916 204920 650,4304.90,1,4304.70,4305.00,0.30,4304.70,2,4304.60,4,4304.50,7,4304.40,2,4304.30,5,4304.20,4,4304.10,9,4304.00,10,4303.90,13,4303.80,8,4305.00,4,4305.10,4,4305.20,6,4305.30,4,4305.40,9,4305.50,13,4305.60,20,4305.70,9,4305.80,12,4305.90,8,Buy,29,2,31,27.00,27.00,1.00,1.20,100.0,4303.70,4304.90,4303.70,4304.90,29,35,64,-6.00,3.00,-6.00,1.00,10.0,-12,63,0.0000,0.0000,26.00,-38.00,4333.35,-3.6392,DOWN,109.50,0.5845,1.9218
20260916 204920 650,4304.90,1,4304.70,4305.00,0.30,4304.70,2,4304.60,4,4304.50,7,4304.40,2,4304.30,5,4304.20,4,4304.10,9,4304.00,10,4303.90,13,4303.80,8,4305.00,4,4305.10,4,4305.20,6,4305.30,4,4305.40,9,4305.50,13,4305.60,20,4305.70,9,4305.80,12,4305.90,8,Buy,30,2,32,28.00,28.00,1.00,1.20,100.0,4303.70,4304.90,4303.70,4304.90,29,35,64,-6.00,3.00,-6.00,1.00,10.0,-12,63,0.0000,0.0000,27.00,-37.00,4333.35,-3.6392,DOWN,109.50,0.5845,1.9218
20260916 204920 650,4304.90,1,4304.70,4305.00,0.30,4304.70,2,4304.60,4,4304.50,7,4304.40,2,4304.30,5,4304.20,4,4304.10,9,4304.00,10,4303.90,13,4303.80,8,4305.00,4,4305.10,4,4305.20,6,4305.30,4,4305.40,9,4305.50,13,4305.60,20,4305.70,9,4305.80,12,4305.90,8,Buy,31,2,33,29.00,29.00,1.00,1.20,100.0,4303.70,4304.90,4303.70,4304.90,29,35,64,-6.00,3.00,-6.00,1.00,10.0,-12,63,0.0000,0.0000,28.00,-36.00,4333.35,-3.6392,DOWN,109.50,0.5845,1.9218
20260916 204920 650,4305.00,1,4304.70,4305.00,0.30,4304.70,2,4304.60,4,4304.50,7,4304.40,2,4304.30,5,4304.20,4,4304.10,9,4304.00,10,4303.90,13,4303.80,8,4305.00,4,4305.10,4,4305.20,6,4305.30,4,4305.40,9,4305.50,13,4305.60,20,4305.70,9,4305.80,12,4305.90,8,Buy,32,2,34,30.00,30.00,1.00,1.30,100.0,4303.70,4305.00,4303.70,4305.00,29,35,64,-6.00,3.00,-6.00,1.00,10.0,-12,63,0.0000,0.0000,29.00,-35.00,4333.36,-3.6361,DOWN,109.50,0.5845,1.9289
20260916 204920 650,4305.00,1,4304.70,4305.00,0.30,4304.70,2,4304.60,4,4304.50,7,4304.40,2,4304.30,5,4304.20,4,4304.10,9,4304.00,10,4303.90,13,4303.80,8,4305.00,4,4305.10,4,4305.20,6,4305.30,4,4305.40,9,4305.50,13,4305.60,20,4305.70,9,4305.80,12,4305.90,8,Buy,33,2,35,31.00,31.00,1.00,1.30,100.0,4303.70,4305.00,4303.70,4305.00,29,35,64,-6.00,3.00,-6.00,1.00,10.0,-12,63,0.0000,0.0000,30.00,-34.00,4333.36,-3.6361,DOWN,109.50,0.5845,1.9289
20260916 204920 650,4305.00,1,4304.70,4305.00,0.30,4304.70,2,4304.60,4,4304.50,7,4304.40,2,4304.30,5,4304.20,4,4304.10,9,4304.00,10,4303.90,13,4303.80,8,4305.00,4,4305.10,4,4305.20,6,4305.30,4,4305.40,9,4305.50,13,4305.60,20,4305.70,9,4305.80,12,4305.90,8,Buy,34,2,36,32.00,32.00,1.00,1.30,100.0,4303.70,4305.00,4303.70,4305.00,29,35,64,-6.00,3.00,-6.00,1.00,10.0,-12,63,0.0000,0.0000,31.00,-33.00,4333.36,-3.6361,DOWN,109.50,0.5845,1.9289
20260916 204920 650,4305.00,1,4304.70,4305.00,0.30,4304.70,2,4304.60,4,4304.50,7,4304.40,2,4304.30,5,4304.20,4,4304.10,9,4304.00,10,4303.90,13,4303.80,8,4305.00,4,4305.10,4,4305.20,6,4305.30,4,4305.40,9,4305.50,13,4305.60,20,4305.70,9,4305.80,12,4305.90,8,Buy,35,2,37,33.00,33.00,1.00,1.30,100.0,4303.70,4305.00,4303.70,4305.00,29,35,64,-6.00,3.00,-6.00,1.00,10.0,-12,63,0.0000,0.0000,32.00,-32.00,4333.36,-3.6361,DOWN,109.50,0.5845,1.9289
20260916 204920 650,4305.00,1,4304.70,4305.00,0.30,4304.70,2,4304.60,4,4304.50,7,4304.40,2,4304.30,5,4304.20,4,4304.10,9,4304.00,10,4303.90,13,4303.80,8,4305.00,4,4305.10,4,4305.20,6,4305.30,4,4305.40,9,4305.50,13,4305.60,20,4305.70,9,4305.80,12,4305.90,8,Buy,36,2,38,34.00,34.00,1.00,1.30,100.0,4303.70,4305.00,4303.70,4305.00,29,35,64,-6.00,3.00,-6.00,1.00,10.0,-12,63,0.0000,0.0000,33.00,-31.00,4333.36,-3.6361,DOWN,109.50,0.5845,1.9289
20260916 204920 650,4305.00,1,4304.70,4305.00,0.30,4304.70,2,4304.60,4,4304.50,7,4304.40,2,4304.30,5,4304.20,4,4304.10,9,4304.00,10,4303.90,13,4303.80,8,4305.00,4,4305.10,4,4305.20,6,4305.30,4,4305.40,9,4305.50,13,4305.60,20,4305.70,9,4305.80,12,4305.90,8,Buy,37,2,39,35.00,35.00,1.00,1.30,100.0,4303.70,4305.00,4303.70,4305.00,29,35,64,-6.00,3.00,-6.00,1.00,10.0,-12,63,0.0000,0.0000,34.00,-30.00,4333.36,-3.6361,DOWN,109.50,0.5845,1.9289
20260916 204920 650,4305.10,1,4304.70,4305.00,0.30,4304.70,2,4304.60,4,4304.50,7,4304.40,2,4304.30,5,4304.20,4,4304.10,9,4304.00,10,4303.90,13,4303.80,8,4305.00,4,4305.10,4,4305.20,6,4305.30,4,4305.40,9,4305.50,13,4305.60,20,4305.70,9,4305.80,12,4305.90,8,Buy,38,2,40,36.00,36.00,1.00,1.40,100.0,4303.70,4305.10,4303.70,4305.10,29,35,64,-6.00,3.00,-6.00,1.00,10.0,-12,63,0.0000,0.0000,35.00,-29.00,4333.37,-3.6329,DOWN,109.50,0.5845,1.9361
20260916 204920 650,4305.10,1,4304.70,4305.00,0.30,4304.70,2,4304.60,4,4304.50,7,4304.40,2,4304.30,5,4304.20,4,4304.10,9,4304.00,10,4303.90,13,4303.80,8,4305.00,4,4305.10,4,4305.20,6,4305.30,4,4305.40,9,4305.50,13,4305.60,20,4305.70,9,4305.80,12,4305.90,8,Buy,39,2,41,37.00,37.00,1.00,1.40,100.0,4303.70,4305.10,4303.70,4305.10,29,35,64,-6.00,3.00,-6.00,1.00,10.0,-12,63,0.0000,0.0000,36.00,-28.00,4333.37,-3.6329,DOWN,109.50,0.5845,1.9361
20260916 204920 650,4305.10,1,4304.70,4305.00,0.30,4304.70,2,4304.60,4,4304.50,7,4304.40,2,4304.30,5,4304.20,4,4304.10,9,4304.00,10,4303.90,13,4303.80,8,4305.00,4,4305.10,4,4305.20,6,4305.30,4,4305.40,9,4305.50,13,4305.60,20,4305.70,9,4305.80,12,4305.90,8,Buy,40,2,42,38.00,38.00,1.00,1.40,100.0,4303.70,4305.10,4303.70,4305.10,29,35,64,-6.00,3.00,-6.00,1.00,10.0,-12,63,0.0000,0.0000,37.00,-27.00,4333.37,-3.6329,DOWN,109.50,0.5845,1.9361
20260916 204920 650,4305.10,1,4304.70,4305.00,0.30,4304.70,2,4304.60,4,4304.50,7,4304.40,2,4304.30,5,4304.20,4,4304.10,9,4304.00,10,4303.90,13,4303.80,8,4305.00,4,4305.10,4,4305.20,6,4305.30,4,4305.40,9,4305.50,13,4305.60,20,4305.70,9,4305.80,12,4305.90,8,Buy,41,2,43,39.00,39.00,1.00,1.40,100.0,4303.70,4305.10,4303.70,4305.10,29,35,64,-6.00,3.00,-6.00,1.00,10.0,-12,63,0.0000,0.0000,38.00,-26.00,4333.37,-3.6329,DOWN,109.50,0.5845,1.9361
20260916 204920 650,4305.10,1,4304.70,4305.00,0.30,4304.70,2,4304.60,4,4304.50,7,4304.40,2,4304.30,5,4304.20,4,4304.10,9,4304.00,10,4303.90,13,4303.80,8,4305.00,4,4305.10,4,4305.20,6,4305.30,4,4305.40,9,4305.50,13,4305.60,20,4305.70,9,4305.80,12,4305.90,8,Buy,42,2,44,40.00,40.00,1.00,1.40,100.0,4303.70,4305.10,4303.70,4305.10,29,35,64,-6.00,3.00,-6.00,1.00,10.0,-12,63,0.0000,0.0000,39.00,-25.00,4333.37,-3.6329,DOWN,109.50,0.5845,1.9361
20260916 204920 650,4305.20,1,4304.70,4305.00,0.30,4304.70,2,4304.60,4,4304.50,7,4304.40,2,4304.30,5,4304.20,4,4304.10,9,4304.00,10,4303.90,13,4303.80,8,4305.00,4,4305.10,4,4305.20,6,4305.30,4,4305.40,9,4305.50,13,4305.60,20,4305.70,9,4305.80,12,4305.90,8,Buy,43,2,45,41.00,41.00,1.00,1.50,100.0,4303.70,4305.20,4303.70,4305.20,29,35,64,-6.00,3.00,-6.00,1.00,10.0,-12,63,0.0000,0.0000,40.00,-24.00,4333.38,-3.6297,DOWN,109.50,0.5845,1.9432
20260916 204920 650,4305.20,1,4304.70,4305.00,0.30,4304.70,2,4304.60,4,4304.50,7,4304.40,2,4304.30,5,4304.20,4,4304.10,9,4304.00,10,4303.90,13,4303.80,8,4305.00,4,4305.10,4,4305.20,6,4305.30,4,4305.40,9,4305.50,13,4305.60,20,4305.70,9,4305.80,12,4305.90,8,Buy,44,2,46,42.00,42.00,1.00,1.50,100.0,4303.70,4305.20,4303.70,4305.20,29,35,64,-6.00,3.00,-6.00,1.00,10.0,-12,63,0.0000,0.0000,41.00,-23.00,4333.38,-3.6297,DOWN,109.50,0.5845,1.9432
20260916 204920 650,4305.20,1,4304.70,4305.00,0.30,4304.70,2,4304.60,4,4304.50,7,4304.40,2,4304.30,5,4304.20,4,4304.10,9,4304.00,10,4303.90,13,4303.80,8,4305.00,4,4305.10,4,4305.20,6,4305.30,4,4305.40,9,4305.50,13,4305.60,20,4305.70,9,4305.80,12,4305.90,8,Buy,45,2,47,43.00,43.00,1.00,1.50,100.0,4303.70,4305.20,4303.70,4305.20,29,35,64,-6.00,3.00,-6.00,1.00,10.0,-12,63,0.0000,0.0000,42.00,-22.00,4333.38,-3.6297,DOWN,109.50,0.5845,1.9432
20260916 204920 650,4305.20,1,4304.70,4305.00,0.30,4304.70,2,4304.60,4,4304.50,7,4304.40,2,4304.30,5,4304.20,4,4304.10,9,4304.00,10,4303.90,13,4303.80,8,4305.00,4,4305.10,4,4305.20,6,4305.30,4,4305.40,9,4305.50,13,4305.60,20,4305.70,9,4305.80,12,4305.90,8,Buy,46,2,48,44.00,44.00,1.00,1.50,100.0,4303.70,4305.20,4303.70,4305.20,29,35,64,-6.00,3.00,-6.00,1.00,10.0,-12,63,0.0000,0.0000,43.00,-21.00,4333.38,-3.6297,DOWN,109.50,0.5845,1.9432
20260916 204920 650,4305.20,1,4304.70,4305.00,0.30,4304.70,2,4304.60,4,4304.50,7,4304.40,2,4304.30,5,4304.20,4,4304.10,9,4304.00,10,4303.90,13,4303.80,8,4305.00,4,4305.10,4,4305.20,6,4305.30,4,4305.40,9,4305.50,13,4305.60,20,4305.70,9,4305.80,12,4305.90,8,Buy,47,2,49,45.00,45.00,1.00,1.50,100.0,4303.70,4305.20,4303.70,4305.20,29,35,64,-6.00,3.00,-6.00,1.00,10.0,-12,63,0.0000,0.0000,44.00,-20.00,4333.38,-3.6297,DOWN,109.50,0.5845,1.9432
20260916 204920 650,4305.20,1,4304.70,4305.00,0.30,4304.70,2,4304.60,4,4304.50,7,4304.40,2,4304.30,5,4304.20,4,4304.10,9,4304.00,10,4303.90,13,4303.80,8,4305.00,4,4305.10,4,4305.20,6,4305.30,4,4305.40,9,4305.50,13,4305.60,20,4305.70,9,4305.80,12,4305.90,8,Buy,48,2,50,46.00,46.00,1.00,1.50,100.0,4303.70,4305.20,4303.70,4305.20,29,35,64,-6.00,3.00,-6.00,1.00,10.0,-12,63,0.0000,0.0000,45.00,-19.00,4333.38,-3.6297,DOWN,109.50,0.5845,1.9432
20260916 204920 650,4305.20,1,4304.70,4305.00,0.30,4304.70,2,4304.60,4,4304.50,7,4304.40,2,4304.30,5,4304.20,4,4304.10,9,4304.00,10,4303.90,13,4303.80,8,4305.00,4,4305.10,4,4305.20,6,4305.30,4,4305.40,9,4305.50,13,4305.60,20,4305.70,9,4305.80,12,4305.90,8,Buy,49,2,51,47.00,47.00,1.00,1.50,100.0,4303.70,4305.20,4303.70,4305.20,29,35,64,-6.00,3.00,-6.00,1.00,10.0,-12,63,0.0000,0.0000,46.00,-18.00,4333.38,-3.6297,DOWN,109.50,0.5845,1.9432
20260916 204920 650,4305.30,1,4304.70,4305.00,0.30,4304.70,2,4304.60,4,4304.50,7,4304.40,2,4304.30,5,4304.20,4,4304.10,9,4304.00,10,4303.90,13,4303.80,8,4305.00,4,4305.10,4,4305.20,6,4305.30,4,4305.40,9,4305.50,13,4305.60,20,4305.70,9,4305.80,12,4305.90,8,Buy,50,2,52,48.00,48.00,1.00,1.60,100.0,4303.70,4305.30,4303.70,4305.30,29,35,64,-6.00,3.00,-6.00,1.00,10.0,-12,63,0.0000,0.0000,47.00,-17.00,4333.39,-3.6265,DOWN,109.50,0.5845,1.9504
20260916 204920 650,4305.30,1,4304.70,4305.00,0.30,4304.70,2,4304.60,4,4304.50,7,4304.40,2,4304.30,5,4304.20,4,4304.10,9,4304.00,10,4303.90,13,4303.80,8,4305.00,4,4305.10,4,4305.20,6,4305.30,4,4305.40,9,4305.50,13,4305.60,20,4305.70,9,4305.80,12,4305.90,8,Buy,51,2,53,49.00,49.00,1.00,1.60,100.0,4303.70,4305.30,4303.70,4305.30,29,35,64,-6.00,3.00,-6.00,1.00,10.0,-12,63,0.0000,0.0000,48.00,-16.00,4333.39,-3.6265,DOWN,109.50,0.5845,1.9504
20260916 204920 650,4305.30,2,4304.70,4305.00,0.30,4304.70,2,4304.60,4,4304.50,7,4304.40,2,4304.30,5,4304.20,4,4304.10,9,4304.00,10,4303.90,13,4303.80,8,4305.00,4,4305.10,4,4305.20,6,4305.30,4,4305.40,9,4305.50,13,4305.60,20,4305.70,9,4305.80,12,4305.90,8,Buy,53,2,55,51.00,51.00,1.00,1.60,100.0,4303.70,4305.30,4303.70,4305.30,29,35,64,-6.00,3.00,-6.00,1.00,10.0,-12,63,0.0000,0.0000,50.00,-14.00,4333.39,-3.6265,DOWN,109.50,0.5845,1.9504
20260916 204920 650,4305.30,1,4304.70,4305.00,0.30,4304.70,2,4304.60,4,4304.50,7,4304.40,2,4304.30,5,4304.20,4,4304.10,9,4304.00,10,4303.90,13,4303.80,8,4305.00,4,4305.10,4,4305.20,6,4305.30,4,4305.40,9,4305.50,13,4305.60,20,4305.70,9,4305.80,12,4305.90,8,Buy,54,2,56,52.00,52.00,1.00,1.60,100.0,4303.70,4305.30,4303.70,4305.30,29,35,64,-6.00,3.00,-6.00,1.00,10.0,-12,63,0.0000,0.0000,51.00,-13.00,4333.39,-3.6265,DOWN,109.50,0.5845,1.9504
20260916 204921 012,4304.90,1,4304.70,4304.90,0.20,4304.70,1,4304.60,4,4304.50,7,4304.40,3,4304.30,5,4304.20,4,4304.10,9,4304.00,10,4303.90,13,4303.80,8,4304.90,3,4305.00,4,4305.10,5,4305.20,7,4305.30,4,4305.40,9,4305.50,13,4305.60,20,4305.70,9,4305.80,12,Buy,55,2,57,53.00,53.00,1.00,1.60,75.0,4303.70,4305.30,4303.70,4304.90,29,35,64,-6.00,3.00,-6.00,1.00,10.0,-12,63,0.0000,0.0000,52.00,-12.00,4333.35,-3.6392,DOWN,109.50,0.5845,1.9504
20260916 204921 476,4304.90,1,4304.70,4304.90,0.20,4304.70,1,4304.60,4,4304.50,7,4304.40,3,4304.30,5,4304.20,4,4304.10,9,4304.00,10,4303.90,13,4303.80,8,4304.90,3,4305.00,4,4305.10,5,4305.20,8,4305.30,4,4305.40,9,4305.50,13,4305.60,20,4305.70,9,4305.80,12,Buy,56,2,58,54.00,54.00,1.00,1.60,75.0,4303.70,4305.30,4303.70,4304.90,29,35,64,-6.00,3.00,-6.00,1.00,10.0,-12,63,0.0000,0.0000,53.00,-11.00,4333.35,-3.6392,DOWN,109.50,0.5845,1.9504
20260916 204921 703,4304.90,1,4305.20,4305.50,0.30,4305.20,5,4305.10,4,4305.00,3,4304.90,5,4304.80,4,4304.70,6,4304.60,10,4304.50,12,4304.40,8,4304.30,10,4305.50,6,4305.60,13,4305.70,3,4305.80,7,4305.90,2,4306.00,9,4306.10,10,4306.20,9,4306.30,10,4306.40,10,Buy,57,2,59,55.00,55.00,1.00,1.60,75.0,4303.70,4305.30,4303.70,4304.90,29,35,64,-6.00,3.00,-6.00,1.00,10.0,-12,63,0.0000,0.0000,54.00,-10.00,4333.35,-3.6392,DOWN,109.50,0.5845,1.9504
20260916 204921 710,4304.90,1,4305.20,4305.50,0.30,4305.20,5,4305.10,4,4305.00,3,4304.90,5,4304.80,4,4304.70,6,4304.60,10,4304.50,12,4304.40,8,4304.30,10,4305.50,6,4305.60,13,4305.70,3,4305.80,7,4305.90,2,4306.00,9,4306.10,10,4306.20,9,4306.30,10,4306.40,10,Buy,58,2,60,56.00,56.00,1.00,1.60,75.0,4303.70,4305.30,4303.70,4304.90,29,35,64,-6.00,3.00,-6.00,1.00,10.0,-12,63,0.0000,0.0000,55.00,-9.00,4333.35,-3.6392,DOWN,109.50,0.5845,1.9504
20260916 204921 711,4305.00,1,4305.20,4305.50,0.30,4305.20,5,4305.10,4,4305.00,3,4304.90,5,4304.80,4,4304.70,6,4304.60,10,4304.50,12,4304.40,8,4304.30,10,4305.50,6,4305.60,13,4305.70,3,4305.80,7,4305.90,2,4306.00,9,4306.10,10,4306.20,9,4306.30,10,4306.40,10,Buy,59,2,61,57.00,57.00,1.00,1.60,81.2,4303.70,4305.30,4303.70,4305.00,29,35,64,-6.00,3.00,-6.00,1.00,10.0,-12,63,0.0000,0.0000,56.00,-8.00,4333.36,-3.6361,DOWN,109.50,0.5845,1.9504
20260916 204921 711,4305.00,1,4305.30,4305.50,0.20,4305.30,2,4305.20,5,4305.10,4,4305.00,3,4304.90,5,4304.80,4,4304.70,11,4304.60,10,4304.50,12,4304.40,8,4305.50,4,4305.60,13,4305.70,3,4305.80,6,4305.90,2,4306.00,4,4306.10,10,4306.20,9,4306.30,10,4306.40,10,Buy,60,2,62,58.00,58.00,1.00,1.60,81.2,4303.70,4305.30,4303.70,4305.00,29,35,64,-6.00,3.00,-6.00,1.00,10.0,-12,63,0.0000,0.0000,57.00,-7.00,4333.36,-3.6361,DOWN,109.50,0.5845,1.9504
20260916 204921 714,4305.10,1,4305.30,4305.50,0.20,4305.30,2,4305.20,5,4305.10,4,4305.00,3,4304.90,5,4304.80,4,4304.70,11,4304.60,10,4304.50,12,4304.40,8,4305.50,4,4305.60,13,4305.70,3,4305.80,6,4305.90,2,4306.00,4,4306.10,10,4306.20,9,4306.30,10,4306.40,10,Buy,61,2,63,59.00,59.00,1.00,1.60,87.5,4303.70,4305.30,4303.70,4305.10,29,35,64,-6.00,3.00,-6.00,1.00,10.0,-12,63,0.0000,0.0000,58.00,-6.00,4333.37,-3.6329,DOWN,109.50,0.5845,1.9504
20260916 204921 714,4305.20,1,4305.30,4305.50,0.20,4305.30,2,4305.20,5,4305.10,4,4305.00,3,4304.90,5,4304.80,4,4304.70,11,4304.60,10,4304.50,12,4304.40,8,4305.50,4,4305.60,13,4305.70,3,4305.80,6,4305.90,2,4306.00,4,4306.10,10,4306.20,9,4306.30,10,4306.40,10,Buy,62,2,64,60.00,60.00,1.00,1.60,93.7,4303.70,4305.30,4303.70,4305.20,29,35,64,-6.00,3.00,-6.00,1.00,10.0,-12,63,0.0000,0.0000,59.00,-5.00,4333.38,-3.6297,DOWN,109.50,0.5845,1.9504
20260916 204921 714,4305.20,1,4305.30,4305.50,0.20,4305.30,2,4305.20,5,4305.10,4,4305.00,3,4304.90,5,4304.80,4,4304.70,11,4304.60,10,4304.50,12,4304.40,8,4305.50,4,4305.60,13,4305.70,3,4305.80,6,4305.90,2,4306.00,4,4306.10,10,4306.20,9,4306.30,10,4306.40,10,Buy,63,2,65,61.00,61.00,1.00,1.60,93.7,4303.70,4305.30,4303.70,4305.20,29,35,64,-6.00,3.00,-6.00,1.00,10.0,-12,63,0.0000,0.0000,60.00,-4.00,4333.38,-3.6297,DOWN,109.50,0.5845,1.9504
20260916 204921 714,4305.20,1,4305.30,4305.50,0.20,4305.30,2,4305.20,5,4305.10,4,4305.00,3,4304.90,5,4304.80,4,4304.70,11,4304.60,10,4304.50,12,4304.40,8,4305.50,4,4305.60,13,4305.70,3,4305.80,6,4305.90,2,4306.00,4,4306.10,10,4306.20,9,4306.30,10,4306.40,10,Buy,64,2,66,62.00,62.00,1.00,1.60,93.7,4303.70,4305.30,4303.70,4305.20,29,35,64,-6.00,3.00,-6.00,1.00,10.0,-12,63,0.0000,0.0000,61.00,-3.00,4333.38,-3.6297,DOWN,109.50,0.5845,1.9504
20260916 204921 714,4305.20,1,4305.30,4305.50,0.20,4305.30,2,4305.20,5,4305.10,4,4305.00,3,4304.90,5,4304.80,4,4304.70,11,4304.60,10,4304.50,12,4304.40,8,4305.50,4,4305.60,13,4305.70,3,4305.80,6,4305.90,2,4306.00,4,4306.10,10,4306.20,9,4306.30,10,4306.40,10,Buy,65,2,67,63.00,63.00,1.00,1.60,93.7,4303.70,4305.30,4303.70,4305.20,29,35,64,-6.00,3.00,-6.00,1.00,10.0,-12,63,0.0000,0.0000,62.00,-2.00,4333.38,-3.6297,DOWN,109.50,0.5845,1.9504
20260916 204921 714,4305.20,1,4305.30,4305.50,0.20,4305.30,2,4305.20,5,4305.10,4,4305.00,3,4304.90,5,4304.80,4,4304.70,11,4304.60,10,4304.50,12,4304.40,8,4305.50,4,4305.60,13,4305.70,3,4305.80,6,4305.90,2,4306.00,4,4306.10,10,4306.20,9,4306.30,10,4306.40,10,Buy,66,2,68,64.00,64.00,1.00,1.60,93.7,4303.70,4305.30,4303.70,4305.20,29,35,64,-6.00,3.00,-6.00,1.00,10.0,-12,63,0.0000,0.0000,63.00,-1.00,4333.38,-3.6297,DOWN,109.50,0.5845,1.9504
20260916 204921 722,4305.30,1,4305.30,4305.50,0.20,4305.30,2,4305.20,5,4305.10,4,4305.00,3,4304.90,5,4304.80,4,4304.70,11,4304.60,10,4304.50,12,4304.40,8,4305.50,4,4305.60,13,4305.70,3,4305.80,6,4305.90,2,4306.00,4,4306.10,10,4306.20,9,4306.30,10,4306.40,10,Buy,67,2,69,65.00,65.00,1.00,1.60,100.0,4303.70,4305.30,4303.70,4305.30,29,35,64,-6.00,3.00,-6.00,1.00,10.0,-12,63,0.0000,0.0000,64.00,0.00,4333.39,-3.6265,DOWN,109.50,0.5845,1.9504
20260916 204921 723,4305.30,1,4305.30,4305.50,0.20,4305.30,2,4305.20,5,4305.10,4,4305.00,3,4304.90,5,4304.80,4,4304.70,11,4304.60,10,4304.50,12,4304.40,8,4305.50,4,4305.60,13,4305.70,3,4305.80,6,4305.90,2,4306.00,4,4306.10,10,4306.20,9,4306.30,10,4306.40,10,Buy,68,2,70,66.00,66.00,1.00,1.60,100.0,4303.70,4305.30,4303.70,4305.30,29,35,64,-6.00,3.00,-6.00,1.00,10.0,-12,63,0.0000,0.0000,65.00,1.00,4333.39,-3.6265,DOWN,109.50,0.5845,1.9504
20260916 204922 798,4305.50,1,4305.30,4305.60,0.30,4305.30,4,4305.20,5,4305.10,4,4305.00,3,4304.90,5,4304.80,4,4304.70,11,4304.60,10,4304.50,16,4304.40,8,4305.60,7,4305.70,2,4305.80,6,4305.90,4,4306.00,4,4306.10,10,4306.20,9,4306.30,10,4306.40,10,4306.50,9,Buy,69,2,71,67.00,67.00,1.00,1.80,100.0,4303.70,4305.50,4303.70,4305.50,29,35,64,-6.00,3.00,-6.00,1.00,10.0,-12,63,0.0000,0.0000,66.00,2.00,4333.41,-3.6202,DOWN,109.50,0.5845,1.9646
20260916 204922 798,4305.50,1,4305.30,4305.60,0.30,4305.30,4,4305.20,5,4305.10,4,4305.00,3,4304.90,5,4304.80,4,4304.70,11,4304.60,10,4304.50,16,4304.40,8,4305.60,7,4305.70,2,4305.80,6,4305.90,4,4306.00,4,4306.10,10,4306.20,9,4306.30,10,4306.40,10,4306.50,9,Buy,70,2,72,68.00,68.00,1.00,1.80,100.0,4303.70,4305.50,4303.70,4305.50,29,35,64,-6.00,3.00,-6.00,1.00,10.0,-12,63,0.0000,0.0000,67.00,3.00,4333.41,-3.6202,DOWN,109.50,0.5845,1.9646
20260916 204922 798,4305.60,3,4305.30,4305.60,0.30,4305.30,4,4305.20,5,4305.10,4,4305.00,3,4304.90,5,4304.80,4,4304.70,11,4304.60,10,4304.50,16,4304.40,8,4305.60,7,4305.70,2,4305.80,6,4305.90,4,4306.00,4,4306.10,10,4306.20,9,4306.30,10,4306.40,10,4306.50,9,Buy,73,2,75,71.00,71.00,1.00,1.90,100.0,4303.70,4305.60,4303.70,4305.60,29,35,64,-6.00,3.00,-6.00,1.00,10.0,-12,63,0.0000,0.0000,70.00,6.00,4333.42,-3.6170,DOWN,109.50,0.5845,1.9718
20260916 204922 798,4305.60,1,4305.30,4305.60,0.30,4305.30,4,4305.20,5,4305.10,4,4305.00,3,4304.90,5,4304.80,4,4304.70,11,4304.60,10,4304.50,16,4304.40,8,4305.60,7,4305.70,2,4305.80,6,4305.90,4,4306.00,4,4306.10,10,4306.20,9,4306.30,10,4306.40,10,4306.50,9,Buy,74,2,76,72.00,72.00,1.00,1.90,100.0,4303.70,4305.60,4303.70,4305.60,29,35,64,-6.00,3.00,-6.00,1.00,10.0,-12,63,0.0000,0.0000,71.00,7.00,4333.42,-3.6170,DOWN,109.50,0.5845,1.9718
20260916 204922 798,4305.60,1,4305.30,4305.60,0.30,4305.30,4,4305.20,5,4305.10,4,4305.00,3,4304.90,5,4304.80,4,4304.70,11,4304.60,10,4304.50,16,4304.40,8,4305.60,7,4305.70,2,4305.80,6,4305.90,4,4306.00,4,4306.10,10,4306.20,9,4306.30,10,4306.40,10,4306.50,9,Buy,75,2,77,73.00,73.00,1.00,1.90,100.0,4303.70,4305.60,4303.70,4305.60,29,35,64,-6.00,3.00,-6.00,1.00,10.0,-12,63,0.0000,0.0000,72.00,8.00,4333.42,-3.6170,DOWN,109.50,0.5845,1.9718
20260916 204923 043,4305.60,7,4305.50,4305.80,0.30,4305.50,3,4305.40,3,4305.30,3,4305.20,5,4305.10,4,4305.00,3,4304.90,10,4304.80,9,4304.70,11,4304.60,10,4305.80,4,4305.90,5,4306.00,4,4306.10,5,4306.20,9,4306.30,11,4306.40,10,4306.50,9,4306.60,9,4306.70,10,Buy,82,2,84,80.00,80.00,1.00,1.90,100.0,4303.70,4305.60,4303.70,4305.60,29,35,64,-6.00,3.00,-6.00,1.00,10.0,-12,63,0.0000,0.0000,79.00,15.00,4333.42,-3.6170,DOWN,109.50,0.5845,1.9718
20260916 204926 292,4305.50,1,4305.10,4305.40,0.30,4305.20,3,4305.10,4,4305.00,3,4304.90,10,4304.80,9,4304.70,11,4304.60,10,4304.50,10,4304.40,8,4304.30,11,4305.70,2,4305.80,4,4305.90,5,4306.00,5,4306.10,5,4306.20,9,4306.30,11,4306.40,10,4306.50,9,4306.60,9,Sell,82,3,85,79.00,80.00,1.00,1.90,94.7,4303.70,4305.60,4303.70,4305.50,29,35,64,-6.00,3.00,-6.00,1.00,10.0,-12,63,0.0000,0.0127,78.00,14.00,4333.41,-3.6202,DOWN,109.50,0.5845,1.9718
20260916 204926 292,4305.50,1,4305.10,4305.40,0.30,4305.20,3,4305.10,4,4305.00,3,4304.90,10,4304.80,9,4304.70,11,4304.60,10,4304.50,10,4304.40,8,4304.30,11,4305.70,2,4305.80,4,4305.90,5,4306.00,5,4306.10,5,4306.20,9,4306.30,11,4306.40,10,4306.50,9,4306.60,9,Sell,82,4,86,78.00,80.00,1.00,1.90,94.7,4303.70,4305.60,4303.70,4305.50,29,35,64,-6.00,3.00,-6.00,1.00,10.0,-12,63,0.0000,0.0256,77.00,13.00,4333.41,-3.6202,DOWN,109.50,0.5845,1.9718
20260916 204926 293,4305.40,1,4305.10,4305.40,0.30,4305.20,3,4305.10,4,4305.00,3,4304.90,10,4304.80,9,4304.70,11,4304.60,10,4304.50,10,4304.40,8,4304.30,11,4305.70,2,4305.80,4,4305.90,5,4306.00,5,4306.10,5,4306.20,9,4306.30,11,4306.40,10,4306.50,9,4306.60,9,Sell,82,5,87,77.00,80.00,1.00,1.90,89.5,4303.70,4305.60,4303.70,4305.40,29,35,64,-6.00,3.00,-6.00,1.00,10.0,-12,63,0.0000,0.0390,76.00,12.00,4333.40,-3.6234,DOWN,109.50,0.5845,1.9718
20260916 204926 293,4305.40,1,4305.10,4305.40,0.30,4305.20,3,4305.10,4,4305.00,3,4304.90,10,4304.80,9,4304.70,11,4304.60,10,4304.50,10,4304.40,8,4304.30,11,4305.70,2,4305.80,4,4305.90,5,4306.00,5,4306.10,5,4306.20,9,4306.30,11,4306.40,10,4306.50,9,4306.60,9,Sell,82,6,88,76.00,80.00,1.00,1.90,89.5,4303.70,4305.60,4303.70,4305.40,29,35,64,-6.00,3.00,-6.00,1.00,10.0,-12,63,0.0000,0.0526,75.00,11.00,4333.40,-3.6234,DOWN,109.50,0.5845,1.9718
20260916 204926 293,4305.40,1,4305.10,4305.40,0.30,4305.20,3,4305.10,4,4305.00,3,4304.90,10,4304.80,9,4304.70,11,4304.60,10,4304.50,10,4304.40,8,4304.30,11,4305.70,2,4305.80,4,4305.90,5,4306.00,5,4306.10,5,4306.20,9,4306.30,11,4306.40,10,4306.50,9,4306.60,9,Sell,82,7,89,75.00,80.00,1.00,1.90,89.5,4303.70,4305.60,4303.70,4305.40,29,35,64,-6.00,3.00,-6.00,1.00,10.0,-12,63,0.0000,0.0667,74.00,10.00,4333.40,-3.6234,DOWN,109.50,0.5845,1.9718
20260916 204926 293,4305.30,1,4305.10,4305.40,0.30,4305.20,3,4305.10,4,4305.00,3,4304.90,10,4304.80,9,4304.70,11,4304.60,10,4304.50,10,4304.40,8,4304.30,11,4305.70,2,4305.80,4,4305.90,5,4306.00,5,4306.10,5,4306.20,9,4306.30,11,4306.40,10,4306.50,9,4306.60,9,Sell,82,8,90,74.00,80.00,1.00,1.90,84.2,4303.70,4305.60,4303.70,4305.30,29,35,64,-6.00,3.00,-6.00,1.00,10.0,-12,63,0.0000,0.0811,73.00,9.00,4333.39,-3.6265,DOWN,109.50,0.5845,1.9718
20260916 204926 293,4305.30,1,4305.10,4305.40,0.30,4305.20,3,4305.10,4,4305.00,3,4304.90,10,4304.80,9,4304.70,11,4304.60,10,4304.50,10,4304.40,8,4304.30,11,4305.70,2,4305.80,4,4305.90,5,4306.00,5,4306.10,5,4306.20,9,4306.30,11,4306.40,10,4306.50,9,4306.60,9,Sell,82,9,91,73.00,80.00,1.00,1.90,84.2,4303.70,4305.60,4303.70,4305.30,29,35,64,-6.00,3.00,-6.00,1.00,10.0,-12,63,0.0000,0.0959,72.00,8.00,4333.39,-3.6265,DOWN,109.50,0.5845,1.9718
20260916 204926 293,4305.30,1,4305.10,4305.40,0.30,4305.20,3,4305.10,4,4305.00,3,4304.90,10,4304.80,9,4304.70,11,4304.60,10,4304.50,10,4304.40,8,4304.30,11,4305.70,2,4305.80,4,4305.90,5,4306.00,5,4306.10,5,4306.20,9,4306.30,11,4306.40,10,4306.50,9,4306.60,9,Sell,82,10,92,72.00,80.00,1.00,1.90,84.2,4303.70,4305.60,4303.70,4305.30,29,35,64,-6.00,3.00,-6.00,1.00,10.0,-12,63,0.0000,0.1111,71.00,7.00,4333.39,-3.6265,DOWN,109.50,0.5845,1.9718
20260916 204926 303,4305.40,1,4305.10,4305.40,0.30,4305.20,3,4305.10,4,4305.00,3,4304.90,10,4304.80,9,4304.70,11,4304.60,10,4304.50,10,4304.40,8,4304.30,11,4305.70,2,4305.80,4,4305.90,5,4306.00,5,4306.10,5,4306.20,9,4306.30,11,4306.40,10,4306.50,9,4306.60,9,Buy,83,10,93,73.00,80.00,1.00,1.90,89.5,4303.70,4305.60,4303.70,4305.40,29,35,64,-6.00,3.00,-6.00,1.00,10.0,-12,63,0.0000,0.0959,72.00,8.00,4333.40,-3.6234,DOWN,109.50,0.5845,1.9718
20260916 204926 303,4305.40,1,4305.10,4305.40,0.30,4305.20,3,4305.10,4,4305.00,3,4304.90,10,4304.80,9,4304.70,11,4304.60,10,4304.50,10,4304.40,8,4304.30,11,4305.70,2,4305.80,4,4305.90,5,4306.00,5,4306.10,5,4306.20,9,4306.30,11,4306.40,10,4306.50,9,4306.60,9,Buy,84,10,94,74.00,80.00,1.00,1.90,89.5,4303.70,4305.60,4303.70,4305.40,29,35,64,-6.00,3.00,-6.00,1.00,10.0,-12,63,0.0000,0.0811,73.00,9.00,4333.40,-3.6234,DOWN,109.50,0.5845,1.9718
20260916 204926 532,4305.10,1,4305.10,4305.40,0.30,4305.10,3,4305.00,3,4304.90,5,4304.80,4,4304.70,6,4304.60,10,4304.50,10,4304.40,8,4304.30,11,4304.20,10,4305.40,4,4305.50,6,4305.60,5,4305.70,8,4305.80,4,4305.90,5,4306.00,11,4306.10,11,4306.20,9,4306.30,11,Sell,84,11,95,73.00,80.00,1.00,1.90,73.7,4303.70,4305.60,4303.70,4305.10,29,35,64,-6.00,3.00,-6.00,1.00,10.0,-12,63,0.0000,0.0959,72.00,8.00,4333.37,-3.6329,DOWN,109.50,0.5845,1.9718
20260916 204927 216,4305.50,1,4305.20,4305.50,0.30,4305.20,2,4305.10,3,4305.00,3,4304.90,5,4304.80,3,4304.70,6,4304.60,10,4304.50,10,4304.40,8,4304.30,11,4305.50,4,4305.60,5,4305.70,8,4305.80,5,4305.90,5,4306.00,11,4306.10,11,4306.20,9,4306.30,11,4306.40,10,Buy,85,11,96,74.00,80.00,1.00,1.90,94.7,4303.70,4305.60,4303.70,4305.50,29,35,64,-6.00,3.00,-6.00,1.00,10.0,-12,63,0.0000,0.0811,73.00,9.00,4333.41,-3.6202,DOWN,109.50,0.5845,1.9718
20260916 204927 216,4305.50,1,4305.20,4305.50,0.30,4305.20,2,4305.10,3,4305.00,3,4304.90,5,4304.80,3,4304.70,6,4304.60,10,4304.50,10,4304.40,8,4304.30,11,4305.50,4,4305.60,5,4305.70,8,4305.80,5,4305.90,5,4306.00,11,4306.10,11,4306.20,9,4306.30,11,4306.40,10,Buy,86,11,97,75.00,80.00,1.00,1.90,94.7,4303.70,4305.60,4303.70,4305.50,29,35,64,-6.00,3.00,-6.00,1.00,10.0,-12,63,0.0000,0.0667,74.00,10.00,4333.41,-3.6202,DOWN,109.50,0.5845,1.9718
20260916 204927 216,4305.50,1,4305.20,4305.50,0.30,4305.20,2,4305.10,3,4305.00,3,4304.90,5,4304.80,3,4304.70,6,4304.60,10,4304.50,10,4304.40,8,4304.30,11,4305.50,4,4305.60,5,4305.70,8,4305.80,5,4305.90,5,4306.00,11,4306.10,11,4306.20,9,4306.30,11,4306.40,10,Buy,87,11,98,76.00,80.00,1.00,1.90,94.7,4303.70,4305.60,4303.70,4305.50,29,35,64,-6.00,3.00,-6.00,1.00,10.0,-12,63,0.0000,0.0526,75.00,11.00,4333.41,-3.6202,DOWN,109.50,0.5845,1.9718
20260916 204927 216,4305.50,1,4305.20,4305.50,0.30,4305.20,2,4305.10,3,4305.00,3,4304.90,5,4304.80,3,4304.70,6,4304.60,10,4304.50,10,4304.40,8,4304.30,11,4305.50,4,4305.60,5,4305.70,8,4305.80,5,4305.90,5,4306.00,11,4306.10,11,4306.20,9,4306.30,11,4306.40,10,Buy,88,11,99,77.00,80.00,1.00,1.90,94.7,4303.70,4305.60,4303.70,4305.50,29,35,64,-6.00,3.00,-6.00,1.00,10.0,-12,63,0.0000,0.0390,76.00,12.00,4333.41,-3.6202,DOWN,109.50,0.5845,1.9718
20260916 204927 655,4305.20,1,4305.10,4305.40,0.30,4305.10,4,4305.00,3,4304.90,5,4304.80,3,4304.70,6,4304.60,10,4304.50,10,4304.40,8,4304.30,11,4304.20,10,4305.40,2,4305.50,4,4305.60,5,4305.70,8,4305.80,5,4305.90,5,4306.00,11,4306.10,11,4306.20,9,4306.30,11,Sell,88,12,100,76.00,80.00,1.00,1.90,78.9,4303.70,4305.60,4303.70,4305.20,29,35,64,-6.00,3.00,-6.00,1.00,10.0,-12,63,0.0000,0.0526,75.00,11.00,4333.38,-3.6297,DOWN,109.50,0.5845,1.9718
20260916 204927 655,4305.20,1,4305.10,4305.40,0.30,4305.10,4,4305.00,3,4304.90,5,4304.80,3,4304.70,6,4304.60,10,4304.50,10,4304.40,8,4304.30,11,4304.20,10,4305.40,2,4305.50,4,4305.60,5,4305.70,8,4305.80,5,4305.90,5,4306.00,11,4306.10,11,4306.20,9,4306.30,11,Sell,88,13,101,75.00,80.00,1.00,1.90,78.9,4303.70,4305.60,4303.70,4305.20,29,35,64,-6.00,3.00,-6.00,1.00,10.0,-12,63,0.0000,0.0667,74.00,10.00,4333.38,-3.6297,DOWN,109.50,0.5845,1.9718
20260916 204927 655,4305.20,1,4305.10,4305.40,0.30,4305.10,4,4305.00,3,4304.90,5,4304.80,3,4304.70,6,4304.60,10,4304.50,10,4304.40,8,4304.30,11,4304.20,10,4305.40,2,4305.50,4,4305.60,5,4305.70,8,4305.80,5,4305.90,5,4306.00,11,4306.10,11,4306.20,9,4306.30,11,Sell,88,14,102,74.00,80.00,1.00,1.90,78.9,4303.70,4305.60,4303.70,4305.20,29,35,64,-6.00,3.00,-6.00,1.00,10.0,-12,63,0.0000,0.0811,73.00,9.00,4333.38,-3.6297,DOWN,109.50,0.5845,1.9718
20260916 204927 655,4305.10,1,4305.10,4305.40,0.30,4305.10,4,4305.00,3,4304.90,5,4304.80,3,4304.70,6,4304.60,10,4304.50,10,4304.40,8,4304.30,11,4304.20,10,4305.40,2,4305.50,4,4305.60,5,4305.70,8,4305.80,5,4305.90,5,4306.00,11,4306.10,11,4306.20,9,4306.30,11,Sell,88,15,103,73.00,80.00,1.00,1.90,73.7,4303.70,4305.60,4303.70,4305.10,29,35,64,-6.00,3.00,-6.00,1.00,10.0,-12,63,0.0000,0.0959,72.00,8.00,4333.37,-3.6329,DOWN,109.50,0.5845,1.9718
20260916 204931 820,4305.30,6,4305.00,4305.30,0.30,4305.30,6,4305.20,3,4305.10,5,4305.00,3,4304.90,5,4304.80,8,4304.70,11,4304.60,10,4304.50,10,4304.40,8,4305.50,1,4305.60,5,4305.70,6,4305.80,5,4305.90,5,4306.00,11,4306.10,11,4306.20,9,4306.30,11,4306.40,10,Sell,88,21,109,67.00,80.00,1.00,1.90,84.2,4303.70,4305.60,4303.70,4305.30,29,35,64,-6.00,3.00,-6.00,1.00,10.0,-12,63,0.0000,0.1940,66.00,2.00,4333.39,-3.6265,DOWN,109.50,0.5845,1.9718
20260916 204931 825,4305.30,1,4305.00,4305.30,0.30,4305.30,6,4305.20,3,4305.10,5,4305.00,3,4304.90,5,4304.80,8,4304.70,11,4304.60,10,4304.50,10,4304.40,8,4305.50,1,4305.60,5,4305.70,6,4305.80,5,4305.90,5,4306.00,11,4306.10,11,4306.20,9,4306.30,11,4306.40,10,Buy,89,21,110,68.00,80.00,1.00,1.90,84.2,4303.70,4305.60,4303.70,4305.30,29,35,64,-6.00,3.00,-6.00,1.00,10.0,-12,63,0.0000,0.1765,67.00,3.00,4333.39,-3.6265,DOWN,109.50,0.5845,1.9718
20260916 204932 302,4305.50,1,4305.30,4305.50,0.20,4305.30,1,4305.20,4,4305.10,4,4305.00,4,4304.90,4,4304.80,3,4304.70,6,4304.60,10,4304.50,6,4304.40,8,4305.50,2,4305.60,3,4305.70,5,4305.80,5,4305.90,5,4306.00,11,4306.10,11,4306.20,9,4306.30,11,4306.40,10,Buy,90,21,111,69.00,80.00,1.00,1.90,94.7,4303.70,4305.60,4303.70,4305.50,29,35,64,-6.00,3.00,-6.00,1.00,10.0,-12,63,0.0000,0.1594,68.00,4.00,4333.41,-3.6202,DOWN,109.50,0.5845,1.9718
20260916 204932 302,4305.50,1,4305.30,4305.50,0.20,4305.30,1,4305.20,4,4305.10,4,4305.00,4,4304.90,4,4304.80,3,4304.70,6,4304.60,10,4304.50,6,4304.40,8,4305.50,2,4305.60,3,4305.70,5,4305.80,5,4305.90,5,4306.00,11,4306.10,11,4306.20,9,4306.30,11,4306.40,10,Buy,91,21,112,70.00,80.00,1.00,1.90,94.7,4303.70,4305.60,4303.70,4305.50,29,35,64,-6.00,3.00,-6.00,1.00,10.0,-12,63,0.0000,0.1429,69.00,5.00,4333.41,-3.6202,DOWN,109.50,0.5845,1.9718
20260916 204932 302,4305.60,1,4305.30,4305.50,0.20,4305.30,1,4305.20,4,4305.10,4,4305.00,4,4304.90,4,4304.80,3,4304.70,6,4304.60,10,4304.50,6,4304.40,8,4305.50,2,4305.60,3,4305.70,5,4305.80,5,4305.90,5,4306.00,11,4306.10,11,4306.20,9,4306.30,11,4306.40,10,Buy,92,21,113,71.00,80.00,1.00,1.90,100.0,4303.70,4305.60,4303.70,4305.60,29,35,64,-6.00,3.00,-6.00,1.00,10.0,-12,63,0.0000,0.1268,70.00,6.00,4333.42,-3.6170,DOWN,109.50,0.5845,1.9718
20260916 204932 302,4305.60,1,4305.30,4305.50,0.20,4305.30,1,4305.20,4,4305.10,4,4305.00,4,4304.90,4,4304.80,3,4304.70,6,4304.60,10,4304.50,6,4304.40,8,4305.50,2,4305.60,3,4305.70,5,4305.80,5,4305.90,5,4306.00,11,4306.10,11,4306.20,9,4306.30,11,4306.40,10,Buy,93,21,114,72.00,80.00,1.00,1.90,100.0,4303.70,4305.60,4303.70,4305.60,29,35,64,-6.00,3.00,-6.00,1.00,10.0,-12,63,0.0000,0.1111,71.00,7.00,4333.42,-3.6170,DOWN,109.50,0.5845,1.9718
20260916 204934 191,4305.30,1,4305.00,4305.30,0.30,4305.00,3,4304.90,4,4304.80,3,4304.70,6,4304.60,5,4304.50,6,4304.40,8,4304.30,11,4304.20,10,4304.10,10,4305.30,4,4305.40,6,4305.50,5,4305.60,4,4305.70,5,4305.80,5,4305.90,11,4306.00,11,4306.10,11,4306.20,9,Buy,94,21,115,73.00,80.00,1.00,1.90,84.2,4303.70,4305.60,4303.70,4305.30,29,35,64,-6.00,3.00,-6.00,1.00,10.0,-12,63,0.0000,0.0959,72.00,8.00,4333.39,-3.6265,DOWN,109.50,0.5845,1.9718
20260916 204934 191,4305.30,1,4305.00,4305.30,0.30,4305.00,3,4304.90,4,4304.80,3,4304.70,6,4304.60,5,4304.50,6,4304.40,8,4304.30,11,4304.20,10,4304.10,10,4305.30,4,4305.40,6,4305.50,5,4305.60,4,4305.70,5,4305.80,5,4305.90,11,4306.00,11,4306.10,11,4306.20,9,Buy,95,21,116,74.00,80.00,1.00,1.90,84.2,4303.70,4305.60,4303.70,4305.30,29,35,64,-6.00,3.00,-6.00,1.00,10.0,-12,63,0.0000,0.0811,73.00,9.00,4333.39,-3.6265,DOWN,109.50,0.5845,1.9718
20260916 204934 191,4305.30,1,4305.00,4305.30,0.30,4305.00,3,4304.90,4,4304.80,3,4304.70,6,4304.60,5,4304.50,6,4304.40,8,4304.30,11,4304.20,10,4304.10,10,4305.30,4,4305.40,6,4305.50,5,4305.60,4,4305.70,5,4305.80,5,4305.90,11,4306.00,11,4306.10,11,4306.20,9,Buy,96,21,117,75.00,80.00,1.00,1.90,84.2,4303.70,4305.60,4303.70,4305.30,29,35,64,-6.00,3.00,-6.00,1.00,10.0,-12,63,0.0000,0.0667,74.00,10.00,4333.39,-3.6265,DOWN,109.50,0.5845,1.9718
20260916 204934 191,4305.30,1,4305.00,4305.30,0.30,4305.00,3,4304.90,4,4304.80,3,4304.70,6,4304.60,5,4304.50,6,4304.40,8,4304.30,11,4304.20,10,4304.10,10,4305.30,4,4305.40,6,4305.50,5,4305.60,4,4305.70,5,4305.80,5,4305.90,11,4306.00,11,4306.10,11,4306.20,9,Buy,97,21,118,76.00,80.00,1.00,1.90,84.2,4303.70,4305.60,4303.70,4305.30,29,35,64,-6.00,3.00,-6.00,1.00,10.0,-12,63,0.0000,0.0526,75.00,11.00,4333.39,-3.6265,DOWN,109.50,0.5845,1.9718
20260916 204934 191,4305.40,1,4305.00,4305.30,0.30,4305.00,3,4304.90,4,4304.80,3,4304.70,6,4304.60,5,4304.50,6,4304.40,8,4304.30,11,4304.20,10,4304.10,10,4305.30,4,4305.40,6,4305.50,5,4305.60,4,4305.70,5,4305.80,5,4305.90,11,4306.00,11,4306.10,11,4306.20,9,Buy,98,21,119,77.00,80.00,1.00,1.90,89.5,4303.70,4305.60,4303.70,4305.40,29,35,64,-6.00,3.00,-6.00,1.00,10.0,-12,63,0.0000,0.0390,76.00,12.00,4333.40,-3.6234,DOWN,109.50,0.5845,1.9718
20260916 204935 372,4305.40,1,4305.40,4305.60,0.20,4305.40,1,4305.30,1,4305.20,4,4305.10,3,4305.00,4,4304.90,4,4304.80,3,4304.70,11,4304.60,10,4304.50,6,4305.60,4,4305.70,5,4305.80,5,4305.90,5,4306.00,5,4306.10,11,4306.20,10,4306.30,11,4306.40,10,4306.50,9,Buy,99,21,120,78.00,80.00,1.00,1.90,89.5,4303.70,4305.60,4303.70,4305.40,29,35,64,-6.00,3.00,-6.00,1.00,10.0,-12,63,0.0000,0.0256,77.00,13.00,4333.40,-3.6234,DOWN,109.50,0.5845,1.9718
20260916 204935 416,4305.30,1,4305.40,4305.60,0.20,4305.40,1,4305.30,1,4305.20,4,4305.10,3,4305.00,4,4304.90,4,4304.80,3,4304.70,11,4304.60,10,4304.50,6,4305.60,2,4305.70,5,4305.80,5,4305.90,5,4306.00,5,4306.10,11,4306.20,10,4306.30,11,4306.40,10,4306.50,9,Sell,99,22,121,77.00,80.00,1.00,1.90,84.2,4303.70,4305.60,4303.70,4305.30,29,35,64,-6.00,3.00,-6.00,1.00,10.0,-12,63,0.0000,0.0390,76.00,12.00,4333.39,-3.6265,DOWN,109.50,0.5845,1.9718
20260916 204935 900,4305.40,1,4305.30,4305.60,0.30,4305.30,3,4305.20,4,4305.10,3,4305.00,4,4304.90,4,4304.80,3,4304.70,11,4304.60,10,4304.50,6,4304.40,8,4305.60,4,4305.70,5,4305.80,5,4305.90,5,4306.00,5,4306.10,11,4306.20,10,4306.30,11,4306.40,10,4306.50,9,Sell,99,23,122,76.00,80.00,1.00,1.90,89.5,4303.70,4305.60,4303.70,4305.40,29,35,64,-6.00,3.00,-6.00,1.00,10.0,-12,63,0.0000,0.0526,75.00,11.00,4333.40,-3.6234,DOWN,109.50,0.5845,1.9718
20260916 204939 957,4305.30,1,4305.30,4305.50,0.20,4305.20,4,4305.10,4,4305.00,4,4304.90,4,4304.80,3,4304.70,6,4304.60,5,4304.50,6,4304.40,8,4304.30,11,4305.30,2,4305.50,3,4305.60,6,4305.70,6,4305.80,5,4305.90,5,4306.00,11,4306.10,11,4306.20,10,4306.30,11,Sell,99,24,123,75.00,80.00,1.00,1.90,84.2,4303.70,4305.60,4303.70,4305.30,29,35,64,-6.00,3.00,-6.00,1.00,10.0,-12,63,0.0000,0.0667,74.00,10.00,4333.39,-3.6265,DOWN,109.50,0.5845,1.9718
20260916 204939 957,4305.30,1,4305.30,4305.50,0.20,4305.20,4,4305.10,4,4305.00,4,4304.90,4,4304.80,3,4304.70,6,4304.60,5,4304.50,6,4304.40,8,4304.30,11,4305.30,2,4305.50,3,4305.60,6,4305.70,6,4305.80,5,4305.90,5,4306.00,11,4306.10,11,4306.20,10,4306.30,11,Sell,99,25,124,74.00,80.00,1.00,1.90,84.2,4303.70,4305.60,4303.70,4305.30,29,35,64,-6.00,3.00,-6.00,1.00,10.0,-12,63,0.0000,0.0811,73.00,9.00,4333.39,-3.6265,DOWN,109.50,0.5845,1.9718
20260916 204939 971,4305.20,1,4305.00,4305.30,0.30,4305.00,3,4304.90,5,4304.80,3,4304.70,6,4304.60,5,4304.50,7,4304.40,9,4304.30,11,4304.20,10,4304.10,10,4305.30,4,4305.40,4,4305.50,5,4305.60,6,4305.70,6,4305.80,5,4305.90,11,4306.00,11,4306.10,11,4306.20,10,Sell,99,26,125,73.00,80.00,1.00,1.90,78.9,4303.70,4305.60,4303.70,4305.20,29,35,64,-6.00,3.00,-6.00,1.00,10.0,-12,63,0.0000,0.0959,72.00,8.00,4333.38,-3.6297,DOWN,109.50,0.5845,1.9718
20260916 204940 195,4305.30,1,4305.00,4305.30,0.30,4305.10,1,4305.00,3,4304.90,5,4304.80,3,4304.70,6,4304.60,5,4304.50,7,4304.40,9,4304.30,11,4304.20,10,4305.30,2,4305.40,4,4305.50,6,4305.60,6,4305.70,6,4305.80,5,4305.90,11,4306.00,11,4306.10,11,4306.20,10,Buy,100,26,126,74.00,80.00,1.00,1.90,84.2,4303.70,4305.60,4303.70,4305.30,29,35,64,-6.00,3.00,-6.00,1.00,10.0,-12,63,0.0000,0.0811,73.00,9.00,4333.39,-3.6265,DOWN,109.50,0.5845,1.9718
20260916 204946 999,4304.80,1,4304.70,4305.00,0.30,4304.70,4,4304.60,5,4304.50,2,4304.40,4,4304.30,7,4304.20,11,4304.10,10,4304.00,11,4303.90,10,4303.80,9,4305.00,3,4305.10,3,4305.20,4,4305.30,4,4305.40,6,4305.50,6,4305.60,12,4305.70,12,4305.80,11,4305.90,11,Sell,100,27,127,73.00,80.00,1.00,1.90,57.9,4303.70,4305.60,4303.70,4304.80,29,35,64,-6.00,3.00,-6.00,1.00,10.0,-12,63,0.0000,0.0959,72.00,8.00,4333.34,-3.6424,DOWN,109.50,0.5845,1.9718
20260916 204948 464,4305.10,1,4304.80,4305.10,0.30,4304.80,3,4304.70,4,4304.60,4,4304.50,3,4304.40,4,4304.30,7,4304.20,11,4304.10,10,4304.00,11,4303.90,10,4305.10,5,4305.20,3,4305.30,4,4305.40,6,4305.50,6,4305.60,13,4305.70,13,4305.80,11,4305.90,11,4306.00,11,Buy,101,27,128,74.00,80.00,1.00,1.90,73.7,4303.70,4305.60,4303.70,4305.10,29,35,64,-6.00,3.00,-6.00,1.00,10.0,-12,63,0.0000,0.0811,73.00,9.00,4333.37,-3.6329,DOWN,109.50,0.5845,1.9718
20260916 204948 464,4305.10,1,4304.80,4305.10,0.30,4304.80,3,4304.70,4,4304.60,4,4304.50,3,4304.40,4,4304.30,7,4304.20,11,4304.10,10,4304.00,11,4303.90,10,4305.10,5,4305.20,3,4305.30,4,4305.40,6,4305.50,6,4305.60,13,4305.70,13,4305.80,11,4305.90,11,4306.00,11,Buy,102,27,129,75.00,80.00,1.00,1.90,73.7,4303.70,4305.60,4303.70,4305.10,29,35,64,-6.00,3.00,-6.00,1.00,10.0,-12,63,0.0000,0.0667,74.00,10.00,4333.37,-3.6329,DOWN,109.50,0.5845,1.9718
20260916 204955 268,4304.60,1,4304.30,4304.60,0.30,4304.30,5,4304.20,5,4304.10,7,4304.00,7,4303.90,11,4303.80,10,4303.70,11,4303.60,11,4303.50,10,4303.40,10,4304.60,3,4304.70,7,4304.80,4,4304.90,5,4305.00,4,4305.10,4,4305.20,10,4305.30,10,4305.40,12,4305.50,12,Buy,103,27,130,76.00,80.00,1.00,1.90,47.4,4303.70,4305.60,4303.70,4304.60,29,35,64,-6.00,3.00,-6.00,1.00,10.0,-12,63,0.0000,0.0526,75.00,11.00,4333.32,-3.6488,DOWN,109.50,0.5845,1.9718
20260916 204955 270,4304.50,1,4304.30,4304.60,0.30,4304.30,5,4304.20,5,4304.10,7,4304.00,7,4303.90,11,4303.80,10,4303.70,11,4303.60,11,4303.50,10,4303.40,10,4304.60,3,4304.70,7,4304.80,4,4304.90,5,4305.00,4,4305.10,4,4305.20,10,4305.30,10,4305.40,12,4305.50,12,Sell,103,28,131,75.00,80.00,1.00,1.90,42.1,4303.70,4305.60,4303.70,4304.50,29,35,64,-6.00,3.00,-6.00,1.00,10.0,-12,63,0.0000,0.0667,74.00,10.00,4333.32,-3.6519,DOWN,109.50,0.5845,1.9718
20260916 204956 684,4304.60,1,4304.40,4304.60,0.20,4304.40,2,4304.30,5,4304.20,5,4304.10,7,4304.00,7,4303.90,11,4303.80,10,4303.70,11,4303.60,11,4303.50,10,4304.60,1,4304.70,6,4304.80,4,4304.90,5,4305.00,4,4305.10,4,4305.20,10,4305.30,10,4305.40,12,4305.50,12,Buy,104,28,132,76.00,80.00,1.00,1.90,47.4,4303.70,4305.60,4303.70,4304.60,29,35,64,-6.00,3.00,-6.00,1.00,10.0,-12,63,0.0000,0.0526,75.00,11.00,4333.32,-3.6488,DOWN,109.50,0.5845,1.9718
20260916 204957 468,4304.70,1,4304.70,4304.90,0.20,4304.70,1,4304.60,2,4304.50,3,4304.40,5,4304.30,5,4304.20,5,4304.10,7,4304.00,16,4303.90,11,4303.80,10,4304.90,2,4305.00,4,4305.10,5,4305.20,4,4305.30,4,4305.40,12,4305.50,12,4305.60,13,4305.70,13,4305.80,11,Buy,105,28,133,77.00,80.00,1.00,1.90,52.6,4303.70,4305.60,4303.70,4304.70,29,35,64,-6.00,3.00,-6.00,1.00,10.0,-12,63,0.0000,0.0390,76.00,12.00,4333.33,-3.6456,DOWN,109.50,0.5845,1.9718
20260916 204957 468,4304.70,1,4304.70,4304.90,0.20,4304.70,1,4304.60,2,4304.50,3,4304.40,5,4304.30,5,4304.20,5,4304.10,7,4304.00,16,4303.90,11,4303.80,10,4304.90,2,4305.00,4,4305.10,5,4305.20,4,4305.30,4,4305.40,12,4305.50,12,4305.60,13,4305.70,13,4305.80,11,Buy,106,28,134,78.00,80.00,1.00,1.90,52.6,4303.70,4305.60,4303.70,4304.70,29,35,64,-6.00,3.00,-6.00,1.00,10.0,-12,63,0.0000,0.0256,77.00,13.00,4333.33,-3.6456,DOWN,109.50,0.5845,1.9718
20260916 204959 085,4304.70,1,4304.70,4304.90,0.20,4304.70,1,4304.60,4,4304.50,3,4304.40,5,4304.30,4,4304.20,5,4304.10,7,4304.00,16,4303.90,15,4303.80,14,4304.90,2,4305.00,3,4305.10,5,4305.20,4,4305.30,4,4305.40,12,4305.50,12,4305.60,13,4305.70,13,4305.80,11,Sell,106,29,135,77.00,80.00,1.00,1.90,52.6,4303.70,4305.60,4303.70,4304.70,29,35,64,-6.00,3.00,-6.00,1.00,10.0,-12,63,0.0000,0.0390,76.00,12.00,4333.33,-3.6456,DOWN,109.50,0.5845,1.9718
20260916 204959 456,4304.80,1,4304.80,4305.00,0.20,4304.70,5,4304.60,4,4304.50,4,4304.40,5,4304.30,4,4304.20,5,4304.10,16,4304.00,16,4303.90,15,4303.80,14,4305.00,2,4305.10,5,4305.20,4,4305.30,3,4305.40,12,4305.50,12,4305.60,13,4305.70,13,4305.80,11,4305.90,11,Sell,106,30,136,76.00,80.00,1.00,1.90,57.9,4303.70,4305.60,4303.70,4304.80,29,35,64,-6.00,3.00,-6.00,1.00,10.0,-12,63,0.0000,0.0526,75.00,11.00,4333.34,-3.6424,DOWN,109.50,0.5845,1.9718
20260916 205001 010,4304.90,1,4304.50,4304.80,0.30,4304.50,2,4304.40,4,4304.30,4,4304.20,5,4304.10,7,4304.00,17,4303.90,16,4303.80,15,4303.70,16,4303.60,16,4304.80,3,4304.90,4,4305.00,5,4305.10,4,4305.20,4,4305.30,3,4305.40,12,4305.50,12,4305.60,13,4305.70,13,Buy,1,0,1,1.00,1.00,1.00,0.00,0.0,4304.90,4304.90,4304.90,4304.90,106,30,136,76.00,80.00,1.00,1.90,57.9,9,84,0.0526,0.0000,35.00,26.00,4333.35,-3.6392,DOWN,107.80,1.2616,1.8381
20260916 205001 010,4304.90,1,4304.50,4304.80,0.30,4304.50,2,4304.40,4,4304.30,4,4304.20,5,4304.10,7,4304.00,17,4303.90,16,4303.80,15,4303.70,16,4303.60,16,4304.80,3,4304.90,4,4305.00,5,4305.10,4,4305.20,4,4305.30,3,4305.40,12,4305.50,12,4305.60,13,4305.70,13,Buy,2,0,2,2.00,2.00,1.00,0.00,0.0,4304.90,4304.90,4304.90,4304.90,106,30,136,76.00,80.00,1.00,1.90,57.9,9,84,0.0526,0.0000,36.00,27.00,4333.35,-3.6392,DOWN,107.80,1.2616,1.8381
20260916 205001 010,4304.90,1,4304.50,4304.80,0.30,4304.50,2,4304.40,4,4304.30,4,4304.20,5,4304.10,7,4304.00,17,4303.90,16,4303.80,15,4303.70,16,4303.60,16,4304.80,3,4304.90,4,4305.00,5,4305.10,4,4305.20,4,4305.30,3,4305.40,12,4305.50,12,4305.60,13,4305.70,13,Buy,3,0,3,3.00,3.00,1.00,0.00,0.0,4304.90,4304.90,4304.90,4304.90,106,30,136,76.00,80.00,1.00,1.90,57.9,9,84,0.0526,0.0000,37.00,28.00,4333.35,-3.6392,DOWN,107.80,1.2616,1.8381
20260916 205001 010,4305.00,1,4304.50,4304.80,0.30,4304.50,2,4304.40,4,4304.30,4,4304.20,5,4304.10,7,4304.00,17,4303.90,16,4303.80,15,4303.70,16,4303.60,16,4304.80,3,4304.90,4,4305.00,5,4305.10,4,4305.20,4,4305.30,3,4305.40,12,4305.50,12,4305.60,13,4305.70,13,Buy,4,0,4,4.00,4.00,1.00,0.10,100.0,4304.90,4305.00,4304.90,4305.00,106,30,136,76.00,80.00,1.00,1.90,57.9,9,84,0.0526,0.0000,38.00,29.00,4333.36,-3.6361,DOWN,107.80,1.2616,1.8452
20260916 205001 010,4305.00,1,4304.50,4304.80,0.30,4304.50,2,4304.40,4,4304.30,4,4304.20,5,4304.10,7,4304.00,17,4303.90,16,4303.80,15,4303.70,16,4303.60,16,4304.80,3,4304.90,4,4305.00,5,4305.10,4,4305.20,4,4305.30,3,4305.40,12,4305.50,12,4305.60,13,4305.70,13,Buy,5,0,5,5.00,5.00,1.00,0.10,100.0,4304.90,4305.00,4304.90,4305.00,106,30,136,76.00,80.00,1.00,1.90,57.9,9,84,0.0526,0.0000,39.00,30.00,4333.36,-3.6361,DOWN,107.80,1.2616,1.8452
20260916 205001 010,4305.00,1,4304.50,4304.80,0.30,4304.50,2,4304.40,4,4304.30,4,4304.20,5,4304.10,7,4304.00,17,4303.90,16,4303.80,15,4303.70,16,4303.60,16,4304.80,3,4304.90,4,4305.00,5,4305.10,4,4305.20,4,4305.30,3,4305.40,12,4305.50,12,4305.60,13,4305.70,13,Buy,6,0,6,6.00,6.00,1.00,0.10,100.0,4304.90,4305.00,4304.90,4305.00,106,30,136,76.00,80.00,1.00,1.90,57.9,9,84,0.0526,0.0000,40.00,31.00,4333.36,-3.6361,DOWN,107.80,1.2616,1.8452
20260916 205001 010,4305.00,1,4304.50,4304.80,0.30,4304.50,2,4304.40,4,4304.30,4,4304.20,5,4304.10,7,4304.00,17,4303.90,16,4303.80,15,4303.70,16,4303.60,16,4304.80,3,4304.90,4,4305.00,5,4305.10,4,4305.20,4,4305.30,3,4305.40,12,4305.50,12,4305.60,13,4305.70,13,Buy,7,0,7,7.00,7.00,1.00,0.10,100.0,4304.90,4305.00,4304.90,4305.00,106,30,136,76.00,80.00,1.00,1.90,57.9,9,84,0.0526,0.0000,41.00,32.00,4333.36,-3.6361,DOWN,107.80,1.2616,1.8452
20260916 205001 010,4305.00,1,4304.50,4304.80,0.30,4304.50,2,4304.40,4,4304.30,4,4304.20,5,4304.10,7,4304.00,17,4303.90,16,4303.80,15,4303.70,16,4303.60,16,4304.80,3,4304.90,4,4305.00,5,4305.10,4,4305.20,4,4305.30,3,4305.40,12,4305.50,12,4305.60,13,4305.70,13,Buy,8,0,8,8.00,8.00,1.00,0.10,100.0,4304.90,4305.00,4304.90,4305.00,106,30,136,76.00,80.00,1.00,1.90,57.9,9,84,0.0526,0.0000,42.00,33.00,4333.36,-3.6361,DOWN,107.80,1.2616,1.8452
20260916 205001 021,4304.70,2,4304.50,4304.80,0.30,4304.50,2,4304.40,4,4304.30,4,4304.20,5,4304.10,7,4304.00,17,4303.90,16,4303.80,15,4303.70,16,4303.60,16,4304.80,3,4304.90,4,4305.00,5,4305.10,4,4305.20,4,4305.30,3,4305.40,12,4305.50,12,4305.60,13,4305.70,13,Sell,8,2,10,6.00,8.00,1.00,0.30,66.7,4304.90,4305.00,4304.70,4304.70,106,30,136,76.00,80.00,1.00,1.90,57.9,9,84,0.0526,0.3333,40.00,31.00,4333.33,-3.6456,DOWN,107.80,1.2616,1.8524
20260916 205001 021,4304.70,1,4304.50,4304.80,0.30,4304.50,2,4304.40,4,4304.30,4,4304.20,5,4304.10,7,4304.00,17,4303.90,16,4303.80,15,4303.70,16,4303.60,16,4304.80,3,4304.90,4,4305.00,5,4305.10,4,4305.20,4,4305.30,3,4305.40,12,4305.50,12,4305.60,13,4305.70,13,Sell,8,3,11,5.00,8.00,1.00,0.30,66.7,4304.90,4305.00,4304.70,4304.70,106,30,136,76.00,80.00,1.00,1.90,57.9,9,84,0.0526,0.6000,39.00,30.00,4333.33,-3.6456,DOWN,107.80,1.2616,1.8524
20260916 205001 558,4304.70,1,4304.40,4304.70,0.30,4304.40,3,4304.30,4,4304.20,5,4304.10,7,4304.00,17,4303.90,16,4303.80,15,4303.70,16,4303.60,16,4303.50,15,4304.70,3,4304.80,4,4304.90,6,4305.00,5,4305.10,4,4305.20,4,4305.30,9,4305.40,12,4305.50,12,4305.60,13,Buy,9,3,12,6.00,8.00,1.00,0.30,66.7,4304.90,4305.00,4304.70,4304.70,106,30,136,76.00,80.00,1.00,1.90,57.9,9,84,0.0526,0.3333,40.00,31.00,4333.33,-3.6456,DOWN,107.80,1.2616,1.8524
20260916 205001 558,4304.70,1,4304.40,4304.70,0.30,4304.40,3,4304.30,4,4304.20,5,4304.10,7,4304.00,17,4303.90,16,4303.80,15,4303.70,16,4303.60,16,4303.50,15,4304.70,3,4304.80,4,4304.90,6,4305.00,5,4305.10,4,4305.20,4,4305.30,9,4305.40,12,4305.50,12,4305.60,13,Buy,10,3,13,7.00,8.00,1.00,0.30,66.7,4304.90,4305.00,4304.70,4304.70,106,30,136,76.00,80.00,1.00,1.90,57.9,9,84,0.0526,0.1429,41.00,32.00,4333.33,-3.6456,DOWN,107.80,1.2616,1.8524
20260916 205001 558,4304.70,1,4304.40,4304.70,0.30,4304.40,3,4304.30,4,4304.20,5,4304.10,7,4304.00,17,4303.90,16,4303.80,15,4303.70,16,4303.60,16,4303.50,15,4304.70,3,4304.80,4,4304.90,6,4305.00,5,4305.10,4,4305.20,4,4305.30,9,4305.40,12,4305.50,12,4305.60,13,Buy,11,3,14,8.00,8.00,1.00,0.30,66.7,4304.90,4305.00,4304.70,4304.70,106,30,136,76.00,80.00,1.00,1.90,57.9,9,84,0.0526,0.0000,42.00,33.00,4333.33,-3.6456,DOWN,107.80,1.2616,1.8524
20260916 205001 628,4304.40,1,4304.40,4304.60,0.20,4304.30,4,4304.20,4,4304.10,7,4304.00,7,4303.90,14,4303.80,13,4303.70,14,4303.60,14,4303.50,13,4303.40,10,4304.60,2,4304.70,3,4304.80,3,4304.90,6,4305.00,5,4305.10,4,4305.20,10,4305.30,9,4305.40,12,4305.50,12,Sell,11,4,15,7.00,8.00,1.00,0.60,83.3,4304.90,4305.00,4304.40,4304.40,106,30,136,76.00,80.00,1.00,1.90,57.9,9,84,0.0526,0.1429,41.00,32.00,4333.31,-3.6551,DOWN,107.80,1.2616,1.8738
20260916 205007 870,4304.60,1,4304.30,4304.60,0.30,4304.30,4,4304.20,4,4304.10,4,4304.00,7,4303.90,6,4303.80,13,4303.70,15,4303.60,14,4303.50,13,4303.40,10,4304.70,3,4304.80,3,4304.90,6,4305.00,5,4305.10,13,4305.20,10,4305.30,9,4305.40,12,4305.50,12,4305.60,13,Buy,12,4,16,8.00,8.00,1.00,0.60,50.0,4304.90,4305.00,4304.40,4304.60,106,30,136,76.00,80.00,1.00,1.90,57.9,9,84,0.0526,0.0000,42.00,33.00,4333.32,-3.6488,DOWN,107.80,1.2616,1.8738
20260916 205009 197,4304.60,1,4304.30,4304.60,0.30,4304.30,4,4304.20,3,4304.10,5,4304.00,7,4303.90,6,4303.80,13,4303.70,15,4303.60,14,4303.50,13,4303.40,10,4304.60,3,4304.70,6,4304.80,3,4304.90,6,4305.00,5,4305.10,4,4305.20,9,4305.30,8,4305.40,11,4305.50,11,Buy,13,4,17,9.00,9.00,1.00,0.60,50.0,4304.90,4305.00,4304.40,4304.60,106,30,136,76.00,80.00,1.00,1.90,57.9,9,84,0.0526,0.0000,43.00,34.00,4333.32,-3.6488,DOWN,107.80,1.2616,1.8738
20260916 205009 197,4304.60,1,4304.30,4304.60,0.30,4304.30,4,4304.20,3,4304.10,5,4304.00,7,4303.90,6,4303.80,13,4303.70,15,4303.60,14,4303.50,13,4303.40,10,4304.60,3,4304.70,6,4304.80,3,4304.90,6,4305.00,5,4305.10,4,4305.20,9,4305.30,8,4305.40,11,4305.50,11,Buy,14,4,18,10.00,10.00,1.00,0.60,50.0,4304.90,4305.00,4304.40,4304.60,106,30,136,76.00,80.00,1.00,1.90,57.9,9,84,0.0526,0.0000,44.00,35.00,4333.32,-3.6488,DOWN,107.80,1.2616,1.8738
20260916 205009 197,4304.60,1,4304.30,4304.60,0.30,4304.30,4,4304.20,3,4304.10,5,4304.00,7,4303.90,6,4303.80,13,4303.70,15,4303.60,14,4303.50,13,4303.40,10,4304.60,3,4304.70,6,4304.80,3,4304.90,6,4305.00,5,4305.10,4,4305.20,9,4305.30,8,4305.40,11,4305.50,11,Buy,15,4,19,11.00,11.00,1.00,0.60,50.0,4304.90,4305.00,4304.40,4304.60,106,30,136,76.00,80.00,1.00,1.90,57.9,9,84,0.0526,0.0000,45.00,36.00,4333.32,-3.6488,DOWN,107.80,1.2616,1.8738
20260916 205009 197,4304.70,1,4304.30,4304.60,0.30,4304.30,4,4304.20,3,4304.10,5,4304.00,7,4303.90,6,4303.80,13,4303.70,15,4303.60,14,4303.50,13,4303.40,10,4304.60,3,4304.70,6,4304.80,3,4304.90,6,4305.00,5,4305.10,4,4305.20,9,4305.30,8,4305.40,11,4305.50,11,Buy,16,4,20,12.00,12.00,1.00,0.60,33.3,4304.90,4305.00,4304.40,4304.70,106,30,136,76.00,80.00,1.00,1.90,57.9,9,84,0.0526,0.0000,46.00,37.00,4333.33,-3.6456,DOWN,107.80,1.2616,1.8738
20260916 205009 197,4304.70,1,4304.30,4304.60,0.30,4304.30,4,4304.20,3,4304.10,5,4304.00,7,4303.90,6,4303.80,13,4303.70,15,4303.60,14,4303.50,13,4303.40,10,4304.60,3,4304.70,6,4304.80,3,4304.90,6,4305.00,5,4305.10,4,4305.20,9,4305.30,8,4305.40,11,4305.50,11,Buy,17,4,21,13.00,13.00,1.00,0.60,33.3,4304.90,4305.00,4304.40,4304.70,106,30,136,76.00,80.00,1.00,1.90,57.9,9,84,0.0526,0.0000,47.00,38.00,4333.33,-3.6456,DOWN,107.80,1.2616,1.8738
20260916 205010 141,4304.70,1,4304.60,4304.90,0.30,4304.60,3,4304.50,3,4304.40,3,4304.30,3,4304.20,3,4304.10,13,4304.00,15,4303.90,14,4303.80,13,4303.70,15,4304.90,3,4305.00,4,4305.10,4,4305.20,5,4305.30,3,4305.40,11,4305.50,12,4305.60,12,4305.70,12,4305.80,11,Sell,17,5,22,12.00,13.00,1.00,0.60,33.3,4304.90,4305.00,4304.40,4304.70,106,30,136,76.00,80.00,1.00,1.90,57.9,9,84,0.0526,0.0833,46.00,37.00,4333.33,-3.6456,DOWN,107.80,1.2616,1.8738
20260916 205010 182,4304.60,1,4304.60,4304.90,0.30,4304.60,3,4304.50,3,4304.40,3,4304.30,3,4304.20,3,4304.10,13,4304.00,15,4303.90,14,4303.80,13,4303.70,15,4304.90,3,4305.00,4,4305.10,4,4305.20,5,4305.30,3,4305.40,11,4305.50,12,4305.60,12,4305.70,12,4305.80,11,Sell,17,6,23,11.00,13.00,1.00,0.60,50.0,4304.90,4305.00,4304.40,4304.60,106,30,136,76.00,80.00,1.00,1.90,57.9,9,84,0.0526,0.1818,45.00,36.00,4333.32,-3.6488,DOWN,107.80,1.2616,1.8738
20260916 205012 200,4304.60,1,4303.80,4304.10,0.30,4303.80,2,4303.70,3,4303.60,6,4303.50,6,4303.40,6,4303.30,6,4303.20,17,4303.10,14,4303.00,15,4302.90,16,4304.10,4,4304.20,4,4304.30,6,4304.40,5,4304.50,6,4304.60,10,4304.70,11,4304.80,15,4304.90,14,4305.00,13,Sell,17,7,24,10.00,13.00,1.00,0.60,50.0,4304.90,4305.00,4304.40,4304.60,106,30,136,76.00,80.00,1.00,1.90,57.9,9,84,0.0526,0.3000,44.00,35.00,4333.32,-3.6488,DOWN,107.80,1.2616,1.8738
20260916 205012 200,4304.60,1,4303.80,4304.10,0.30,4303.80,2,4303.70,3,4303.60,6,4303.50,6,4303.40,6,4303.30,6,4303.20,17,4303.10,14,4303.00,15,4302.90,16,4304.10,4,4304.20,4,4304.30,6,4304.40,5,4304.50,6,4304.60,10,4304.70,11,4304.80,15,4304.90,14,4305.00,13,Sell,17,8,25,9.00,13.00,1.00,0.60,50.0,4304.90,4305.00,4304.40,4304.60,106,30,136,76.00,80.00,1.00,1.90,57.9,9,84,0.0526,0.4444,43.00,34.00,4333.32,-3.6488,DOWN,107.80,1.2616,1.8738
20260916 205012 202,4304.50,1,4303.80,4304.10,0.30,4303.80,2,4303.70,3,4303.60,6,4303.50,6,4303.40,6,4303.30,6,4303.20,17,4303.10,14,4303.00,15,4302.90,16,4304.10,4,4304.20,4,4304.30,6,4304.40,5,4304.50,6,4304.60,10,4304.70,11,4304.80,15,4304.90,14,4305.00,13,Sell,17,9,26,8.00,13.00,1.00,0.60,66.7,4304.90,4305.00,4304.40,4304.50,106,30,136,76.00,80.00,1.00,1.90,57.9,9,84,0.0526,0.6250,42.00,33.00,4333.32,-3.6519,DOWN,107.80,1.2616,1.8738
20260916 205012 206,4304.40,1,4303.80,4304.10,0.30,4303.80,2,4303.70,3,4303.60,6,4303.50,6,4303.40,6,4303.30,6,4303.20,17,4303.10,14,4303.00,15,4302.90,16,4304.10,4,4304.20,4,4304.30,6,4304.40,5,4304.50,6,4304.60,10,4304.70,11,4304.80,15,4304.90,14,4305.00,13,Sell,17,10,27,7.00,13.00,1.00,0.60,83.3,4304.90,4305.00,4304.40,4304.40,106,30,136,76.00,80.00,1.00,1.90,57.9,9,84,0.0526,0.8571,41.00,32.00,4333.31,-3.6551,DOWN,107.80,1.2616,1.8738
20260916 205012 209,4304.10,1,4303.80,4304.10,0.30,4303.80,2,4303.70,3,4303.60,6,4303.50,6,4303.40,6,4303.30,6,4303.20,17,4303.10,14,4303.00,15,4302.90,16,4304.10,4,4304.20,4,4304.30,6,4304.40,5,4304.50,6,4304.60,10,4304.70,11,4304.80,15,4304.90,14,4305.00,13,Sell,17,11,28,6.00,13.00,1.00,0.90,88.9,4304.90,4305.00,4304.10,4304.10,106,30,136,76.00,80.00,1.00,1.90,57.9,9,84,0.0526,1.1667,40.00,31.00,4333.28,-3.6646,DOWN,107.80,1.2616,1.8952
20260916 205012 391,4304.10,1,4303.80,4304.10,0.30,4303.80,2,4303.70,4,4303.60,6,4303.50,6,4303.40,6,4303.30,6,4303.20,17,4303.10,14,4303.00,15,4302.90,16,4304.10,4,4304.20,5,4304.30,7,4304.40,6,4304.50,7,4304.60,11,4304.70,12,4304.80,15,4304.90,14,4305.00,13,Buy,18,11,29,7.00,13.00,1.00,0.90,88.9,4304.90,4305.00,4304.10,4304.10,106,30,136,76.00,80.00,1.00,1.90,57.9,9,84,0.0526,0.8571,41.00,32.00,4333.28,-3.6646,DOWN,107.80,1.2616,1.8952
20260916 205016 172,4303.70,1,4303.40,4303.70,0.30,4303.40,3,4303.30,6,4303.20,6,4303.10,6,4303.00,6,4302.90,14,4302.80,15,4302.70,16,4302.60,14,4302.50,14,4303.70,3,4303.80,4,4303.90,8,4304.00,7,4304.10,5,4304.20,5,4304.30,15,4304.40,14,4304.50,15,4304.60,11,Sell,18,12,30,6.00,13.00,1.00,1.30,92.3,4304.90,4305.00,4303.70,4303.70,106,30,136,76.00,80.00,1.00,1.90,57.9,9,84,0.0526,1.1667,40.00,31.00,4333.24,-3.6773,DOWN,107.80,1.2616,1.9238
20260916 205016 172,4303.60,1,4303.40,4303.70,0.30,4303.40,3,4303.30,6,4303.20,6,4303.10,6,4303.00,6,4302.90,14,4302.80,15,4302.70,16,4302.60,14,4302.50,14,4303.70,3,4303.80,4,4303.90,8,4304.00,7,4304.10,5,4304.20,5,4304.30,15,4304.40,14,4304.50,15,4304.60,11,Sell,18,13,31,5.00,13.00,1.00,1.40,92.9,4304.90,4305.00,4303.60,4303.60,106,30,136,76.00,80.00,1.00,1.90,57.9,9,84,0.0526,1.6000,39.00,30.00,4333.23,-3.6805,DOWN,107.80,1.2616,1.9309
20260916 205016 172,4303.60,1,4303.40,4303.70,0.30,4303.40,3,4303.30,6,4303.20,6,4303.10,6,4303.00,6,4302.90,14,4302.80,15,4302.70,16,4302.60,14,4302.50,14,4303.70,3,4303.80,4,4303.90,8,4304.00,7,4304.10,5,4304.20,5,4304.30,15,4304.40,14,4304.50,15,4304.60,11,Sell,18,14,32,4.00,13.00,1.00,1.40,92.9,4304.90,4305.00,4303.60,4303.60,106,30,136,76.00,80.00,1.00,1.90,57.9,9,84,0.0526,2.2500,38.00,29.00,4333.23,-3.6805,DOWN,107.80,1.2616,1.9309
20260916 205016 172,4303.60,1,4303.40,4303.70,0.30,4303.40,3,4303.30,6,4303.20,6,4303.10,6,4303.00,6,4302.90,14,4302.80,15,4302.70,16,4302.60,14,4302.50,14,4303.70,3,4303.80,4,4303.90,8,4304.00,7,4304.10,5,4304.20,5,4304.30,15,4304.40,14,4304.50,15,4304.60,11,Sell,18,15,33,3.00,13.00,1.00,1.40,92.9,4304.90,4305.00,4303.60,4303.60,106,30,136,76.00,80.00,1.00,1.90,57.9,9,84,0.0526,3.3333,37.00,28.00,4333.23,-3.6805,DOWN,107.80,1.2616,1.9309
20260916 205016 245,4303.30,1,4302.90,4303.20,0.30,4302.90,4,4302.80,7,4302.70,8,4302.60,9,4302.50,6,4302.40,15,4302.30,13,4302.20,12,4302.10,10,4302.00,13,4303.20,2,4303.30,5,4303.40,5,4303.50,4,4303.60,6,4303.70,5,4303.80,13,4303.90,16,4304.00,16,4304.10,13,Sell,18,16,34,2.00,13.00,1.00,1.70,94.1,4304.90,4305.00,4303.30,4303.30,106,30,136,76.00,80.00,1.00,1.90,57.9,9,84,0.0526,5.5000,36.00,27.00,4333.20,-3.6900,DOWN,107.80,1.2616,1.9524
20260916 205016 245,4303.30,1,4302.90,4303.20,0.30,4302.90,4,4302.80,7,4302.70,8,4302.60,9,4302.50,6,4302.40,15,4302.30,13,4302.20,12,4302.10,10,4302.00,13,4303.20,2,4303.30,5,4303.40,5,4303.50,4,4303.60,6,4303.70,5,4303.80,13,4303.90,16,4304.00,16,4304.10,13,Sell,18,17,35,1.00,13.00,1.00,1.70,94.1,4304.90,4305.00,4303.30,4303.30,106,30,136,76.00,80.00,1.00,1.90,57.9,9,84,0.0526,12.0000,35.00,26.00,4333.20,-3.6900,DOWN,107.80,1.2616,1.9524
20260916 205016 251,4303.20,1,4302.90,4303.20,0.30,4302.90,4,4302.80,7,4302.70,8,4302.60,9,4302.50,6,4302.40,15,4302.30,13,4302.20,12,4302.10,10,4302.00,13,4303.20,2,4303.30,5,4303.40,5,4303.50,4,4303.60,6,4303.70,5,4303.80,13,4303.90,16,4304.00,16,4304.10,13,Sell,18,18,36,0.00,13.00,0.00,1.80,94.4,4304.90,4305.00,4303.20,4303.20,106,30,136,76.00,80.00,1.00,1.90,57.9,9,84,0.0526,13.0000,34.00,25.00,4333.19,-3.6932,DOWN,107.80,1.2616,1.9595
20260916 205016 376,4302.90,1,4302.80,4303.10,0.30,4302.80,5,4302.70,9,4302.60,9,4302.50,6,4302.40,6,4302.30,13,4302.20,12,4302.10,15,4302.00,18,4301.90,16,4303.10,4,4303.20,4,4303.30,5,4303.40,6,4303.50,3,4303.60,16,4303.70,15,4303.80,15,4303.90,18,4304.00,16,Sell,18,19,37,-1.00,13.00,-1.00,2.10,95.2,4304.90,4305.00,4302.90,4302.90,106,30,136,76.00,80.00,1.00,1.90,57.9,9,84,0.0526,0.0000,33.00,24.00,4333.16,-3.7027,DOWN,107.80,1.2616,1.9809
20260916 205016 376,4302.90,1,4302.80,4303.10,0.30,4302.80,5,4302.70,9,4302.60,9,4302.50,6,4302.40,6,4302.30,13,4302.20,12,4302.10,15,4302.00,18,4301.90,16,4303.10,4,4303.20,4,4303.30,5,4303.40,6,4303.50,3,4303.60,16,4303.70,15,4303.80,15,4303.90,18,4304.00,16,Sell,18,20,38,-2.00,13.00,-2.00,2.10,95.2,4304.90,4305.00,4302.90,4302.90,106,30,136,76.00,80.00,1.00,1.90,57.9,9,84,0.0526,0.0000,32.00,23.00,4333.16,-3.7027,DOWN,107.80,1.2616,1.9809
20260916 205016 951,4302.80,1,4302.70,4303.00,0.30,4302.70,3,4302.60,6,4302.50,7,4302.40,6,4302.30,5,4302.20,12,4302.10,15,4302.00,18,4301.90,16,4301.80,15,4303.00,4,4303.10,5,4303.20,4,4303.30,5,4303.40,6,4303.50,13,4303.60,16,4303.70,15,4303.80,15,4303.90,18,Sell,18,21,39,-3.00,13.00,-3.00,2.20,95.5,4304.90,4305.00,4302.80,4302.80,106,30,136,76.00,80.00,1.00,1.90,57.9,9,84,0.0526,0.0000,31.00,22.00,4333.15,-3.7059,DOWN,107.80,1.2616,1.9881
20260916 205016 951,4302.80,1,4302.70,4303.00,0.30,4302.70,3,4302.60,6,4302.50,7,4302.40,6,4302.30,5,4302.20,12,4302.10,15,4302.00,18,4301.90,16,4301.80,15,4303.00,4,4303.10,5,4303.20,4,4303.30,5,4303.40,6,4303.50,13,4303.60,16,4303.70,15,4303.80,15,4303.90,18,Sell,18,22,40,-4.00,13.00,-4.00,2.20,95.5,4304.90,4305.00,4302.80,4302.80,106,30,136,76.00,80.00,1.00,1.90,57.9,9,84,0.0526,0.0000,30.00,21.00,4333.15,-3.7059,DOWN,107.80,1.2616,1.9881
20260916 205016 951,4302.70,1,4302.70,4303.00,0.30,4302.70,3,4302.60,6,4302.50,7,4302.40,6,4302.30,5,4302.20,12,4302.10,15,4302.00,18,4301.90,16,4301.80,15,4303.00,4,4303.10,5,4303.20,4,4303.30,5,4303.40,6,4303.50,13,4303.60,16,4303.70,15,4303.80,15,4303.90,18,Sell,18,23,41,-5.00,13.00,-5.00,2.30,95.7,4304.90,4305.00,4302.70,4302.70,106,30,136,76.00,80.00,1.00,1.90,57.9,9,84,0.0526,0.0000,29.00,20.00,4333.14,-3.7091,DOWN,107.80,1.2616,1.9952
20260916 205017 857,4302.70,3,4302.50,4302.80,0.30,4302.50,3,4302.40,4,4302.30,6,4302.20,5,4302.10,5,4302.00,8,4301.90,16,4301.80,17,4301.70,13,4301.60,14,4302.80,2,4302.90,5,4303.00,5,4303.10,5,4303.20,4,4303.30,5,4303.40,16,4303.50,13,4303.60,16,4303.70,15,Sell,18,26,44,-8.00,13.00,-8.00,2.30,95.7,4304.90,4305.00,4302.70,4302.70,106,30,136,76.00,80.00,1.00,1.90,57.9,9,84,0.0526,0.0000,26.00,17.00,4333.14,-3.7091,DOWN,107.80,1.2616,1.9952
20260916 205017 859,4302.60,1,4302.50,4302.80,0.30,4302.50,3,4302.40,4,4302.30,6,4302.20,5,4302.10,5,4302.00,8,4301.90,16,4301.80,17,4301.70,13,4301.60,14,4302.80,2,4302.90,5,4303.00,5,4303.10,5,4303.20,4,4303.30,5,4303.40,16,4303.50,13,4303.60,16,4303.70,15,Sell,18,27,45,-9.00,13.00,-9.00,2.40,95.8,4304.90,4305.00,4302.60,4302.60,106,30,136,76.00,80.00,1.00,1.90,57.9,9,84,0.0526,0.0000,25.00,16.00,4333.13,-3.7123,DOWN,107.80,1.2616,2.0024
20260916 205017 859,4302.60,1,4302.50,4302.80,0.30,4302.50,3,4302.40,4,4302.30,6,4302.20,5,4302.10,5,4302.00,8,4301.90,16,4301.80,17,4301.70,13,4301.60,14,4302.80,2,4302.90,5,4303.00,5,4303.10,5,4303.20,4,4303.30,5,4303.40,16,4303.50,13,4303.60,16,4303.70,15,Sell,18,28,46,-10.00,13.00,-10.00,2.40,95.8,4304.90,4305.00,4302.60,4302.60,106,30,136,76.00,80.00,1.00,1.90,57.9,9,84,0.0526,0.0000,24.00,15.00,4333.13,-3.7123,DOWN,107.80,1.2616,2.0024
20260916 205017 859,4302.60,1,4302.50,4302.80,0.30,4302.50,3,4302.40,4,4302.30,6,4302.20,5,4302.10,5,4302.00,8,4301.90,16,4301.80,17,4301.70,13,4301.60,14,4302.80,2,4302.90,5,4303.00,5,4303.10,5,4303.20,4,4303.30,5,4303.40,16,4303.50,13,4303.60,16,4303.70,15,Sell,18,29,47,-11.00,13.00,-11.00,2.40,95.8,4304.90,4305.00,4302.60,4302.60,106,30,136,76.00,80.00,1.00,1.90,57.9,9,84,0.0526,0.0000,23.00,14.00,4333.13,-3.7123,DOWN,107.80,1.2616,2.0024
20260916 205017 859,4302.60,2,4302.50,4302.80,0.30,4302.50,3,4302.40,4,4302.30,6,4302.20,5,4302.10,5,4302.00,8,4301.90,16,4301.80,17,4301.70,13,4301.60,14,4302.80,2,4302.90,5,4303.00,5,4303.10,5,4303.20,4,4303.30,5,4303.40,16,4303.50,13,4303.60,16,4303.70,15,Sell,18,31,49,-13.00,13.00,-13.00,2.40,95.8,4304.90,4305.00,4302.60,4302.60,106,30,136,76.00,80.00,1.00,1.90,57.9,9,84,0.0526,0.0000,21.00,12.00,4333.13,-3.7123,DOWN,107.80,1.2616,2.0024
20260916 205018 765,4302.50,1,4302.20,4302.60,0.40,4302.20,4,4302.10,4,4302.00,8,4301.90,6,4301.80,7,4301.70,15,4301.60,16,4301.50,11,4301.40,12,4301.30,12,4302.60,4,4302.70,5,4302.80,4,4302.90,5,4303.00,5,4303.10,5,4303.20,14,4303.30,15,4303.40,16,4303.50,13,Sell,18,32,50,-14.00,13.00,-14.00,2.50,96.0,4304.90,4305.00,4302.50,4302.50,106,30,136,76.00,80.00,1.00,1.90,57.9,9,84,0.0526,0.0000,20.00,11.00,4333.12,-3.7154,DOWN,107.80,1.2616,2.0095
20260916 205018 765,4302.50,1,4302.20,4302.60,0.40,4302.20,4,4302.10,4,4302.00,8,4301.90,6,4301.80,7,4301.70,15,4301.60,16,4301.50,11,4301.40,12,4301.30,12,4302.60,4,4302.70,5,4302.80,4,4302.90,5,4303.00,5,4303.10,5,4303.20,14,4303.30,15,4303.40,16,4303.50,13,Sell,18,33,51,-15.00,13.00,-15.00,2.50,96.0,4304.90,4305.00,4302.50,4302.50,106,30,136,76.00,80.00,1.00,1.90,57.9,9,84,0.0526,0.0000,19.00,10.00,4333.12,-3.7154,DOWN,107.80,1.2616,2.0095
20260916 205018 769,4302.40,1,4302.20,4302.60,0.40,4302.20,4,4302.10,4,4302.00,8,4301.90,6,4301.80,7,4301.70,15,4301.60,16,4301.50,11,4301.40,12,4301.30,12,4302.60,4,4302.70,5,4302.80,4,4302.90,5,4303.00,5,4303.10,5,4303.20,14,4303.30,15,4303.40,16,4303.50,13,Sell,18,34,52,-16.00,13.00,-16.00,2.60,96.2,4304.90,4305.00,4302.40,4302.40,106,30,136,76.00,80.00,1.00,1.90,57.9,9,84,0.0526,0.0000,18.00,9.00,4333.12,-3.7186,DOWN,107.80,1.2616,2.0167
20260916 205018 769,4302.40,1,4302.20,4302.60,0.40,4302.20,4,4302.10,4,4302.00,8,4301.90,6,4301.80,7,4301.70,15,4301.60,16,4301.50,11,4301.40,12,4301.30,12,4302.60,4,4302.70,5,4302.80,4,4302.90,5,4303.00,5,4303.10,5,4303.20,14,4303.30,15,4303.40,16,4303.50,13,Sell,18,35,53,-17.00,13.00,-17.00,2.60,96.2,4304.90,4305.00,4302.40,4302.40,106,30,136,76.00,80.00,1.00,1.90,57.9,9,84,0.0526,0.0000,17.00,8.00,4333.12,-3.7186,DOWN,107.80,1.2616,2.0167
20260916 205018 820,4302.20,1,4302.20,4302.50,0.30,4302.20,2,4302.10,3,4302.00,6,4301.90,6,4301.80,7,4301.70,15,4301.60,16,4301.50,11,4301.40,12,4301.30,12,4302.50,4,4302.60,5,4302.70,5,4302.80,5,4302.90,5,4303.00,15,4303.10,15,4303.20,14,4303.30,15,4303.40,16,Sell,18,36,54,-18.00,13.00,-18.00,2.80,96.4,4304.90,4305.00,4302.20,4302.20,106,30,136,76.00,80.00,1.00,1.90,57.9,9,84,0.0526,0.0000,16.00,7.00,4333.10,-3.7249,DOWN,107.80,1.2616,2.0309
20260916 205018 997,4302.10,1,4302.00,4302.30,0.30,4302.00,3,4301.90,6,4301.80,7,4301.70,5,4301.60,16,4301.50,11,4301.40,12,4301.30,12,4301.20,15,4301.10,15,4302.30,3,4302.40,4,4302.50,4,4302.60,5,4302.70,5,4302.80,5,4302.90,15,4303.00,15,4303.10,15,4303.20,14,Sell,18,37,55,-19.00,13.00,-19.00,2.90,96.6,4304.90,4305.00,4302.10,4302.10,106,30,136,76.00,80.00,1.00,1.90,57.9,9,84,0.0526,0.0000,15.00,6.00,4333.09,-3.7281,DOWN,107.80,1.2616,2.0381
20260916 205018 997,4302.10,1,4302.00,4302.30,0.30,4302.00,3,4301.90,6,4301.80,7,4301.70,5,4301.60,16,4301.50,11,4301.40,12,4301.30,12,4301.20,15,4301.10,15,4302.30,3,4302.40,4,4302.50,4,4302.60,5,4302.70,5,4302.80,5,4302.90,15,4303.00,15,4303.10,15,4303.20,14,Sell,18,38,56,-20.00,13.00,-20.00,2.90,96.6,4304.90,4305.00,4302.10,4302.10,106,30,136,76.00,80.00,1.00,1.90,57.9,9,84,0.0526,0.0000,14.00,5.00,4333.09,-3.7281,DOWN,107.80,1.2616,2.0381
20260916 205019 023,4302.10,1,4302.00,4302.30,0.30,4302.00,3,4301.90,6,4301.80,7,4301.70,5,4301.60,16,4301.50,11,4301.40,12,4301.30,12,4301.20,15,4301.10,15,4302.30,3,4302.40,4,4302.50,4,4302.60,5,4302.70,5,4302.80,5,4302.90,15,4303.00,15,4303.10,15,4303.20,14,Sell,18,39,57,-21.00,13.00,-21.00,2.90,96.6,4304.90,4305.00,4302.10,4302.10,106,30,136,76.00,80.00,1.00,1.90,57.9,9,84,0.0526,0.0000,13.00,4.00,4333.09,-3.7281,DOWN,107.80,1.2616,2.0381
20260916 205020 135,4302.10,1,4302.10,4302.40,0.30,4302.10,2,4302.00,4,4301.90,6,4301.80,8,4301.70,5,4301.60,16,4301.50,11,4301.40,12,4301.30,12,4301.20,15,4302.40,4,4302.50,4,4302.60,5,4302.70,5,4302.80,5,4302.90,15,4303.00,15,4303.10,15,4303.20,14,4303.30,15,Sell,18,40,58,-22.00,13.00,-22.00,2.90,96.6,4304.90,4305.00,4302.10,4302.10,106,30,136,76.00,80.00,1.00,1.90,57.9,9,84,0.0526,0.0000,12.00,3.00,4333.09,-3.7281,DOWN,107.80,1.2616,2.0381
20260916 205021 233,4302.20,1,4302.10,4302.50,0.40,4302.10,4,4302.00,5,4301.90,6,4301.80,7,4301.70,5,4301.60,16,4301.50,11,4301.40,12,4301.30,12,4301.20,15,4302.50,3,4302.60,5,4302.70,5,4302.80,4,4302.90,5,4303.00,15,4303.10,15,4303.20,14,4303.30,15,4303.40,16,Sell,18,41,59,-23.00,13.00,-23.00,2.90,93.1,4304.90,4305.00,4302.10,4302.20,106,30,136,76.00,80.00,1.00,1.90,57.9,9,84,0.0526,0.0000,11.00,2.00,4333.10,-3.7249,DOWN,107.80,1.2616,2.0381
20260916 205021 233,4302.20,1,4302.10,4302.50,0.40,4302.10,4,4302.00,5,4301.90,6,4301.80,7,4301.70,5,4301.60,16,4301.50,11,4301.40,12,4301.30,12,4301.20,15,4302.50,3,4302.60,5,4302.70,5,4302.80,4,4302.90,5,4303.00,15,4303.10,15,4303.20,14,4303.30,15,4303.40,16,Sell,18,42,60,-24.00,13.00,-24.00,2.90,93.1,4304.90,4305.00,4302.10,4302.20,106,30,136,76.00,80.00,1.00,1.90,57.9,9,84,0.0526,0.0000,10.00,1.00,4333.10,-3.7249,DOWN,107.80,1.2616,2.0381
20260916 205021 233,4302.20,1,4302.10,4302.50,0.40,4302.10,4,4302.00,5,4301.90,6,4301.80,7,4301.70,5,4301.60,16,4301.50,11,4301.40,12,4301.30,12,4301.20,15,4302.50,3,4302.60,5,4302.70,5,4302.80,4,4302.90,5,4303.00,15,4303.10,15,4303.20,14,4303.30,15,4303.40,16,Sell,18,43,61,-25.00,13.00,-25.00,2.90,93.1,4304.90,4305.00,4302.10,4302.20,106,30,136,76.00,80.00,1.00,1.90,57.9,9,84,0.0526,0.0000,9.00,0.00,4333.10,-3.7249,DOWN,107.80,1.2616,2.0381
20260916 205022 486,4302.30,1,4302.20,4302.50,0.30,4302.20,2,4302.10,5,4302.00,5,4301.90,6,4301.80,8,4301.70,5,4301.60,16,4301.50,11,4301.40,12,4301.30,12,4302.50,3,4302.60,5,4302.70,4,4302.80,4,4302.90,5,4303.00,5,4303.10,15,4303.20,14,4303.30,15,4303.40,16,Sell,18,44,62,-26.00,13.00,-26.00,2.90,89.7,4304.90,4305.00,4302.10,4302.30,106,30,136,76.00,80.00,1.00,1.90,57.9,9,84,0.0526,0.0000,8.00,-1.00,4333.11,-3.7218,DOWN,107.80,1.2616,2.0381
20260916 205022 487,4302.30,1,4302.20,4302.50,0.30,4302.20,2,4302.10,5,4302.00,5,4301.90,6,4301.80,8,4301.70,5,4301.60,16,4301.50,11,4301.40,12,4301.30,12,4302.50,3,4302.60,5,4302.70,4,4302.80,4,4302.90,5,4303.00,5,4303.10,15,4303.20,14,4303.30,15,4303.40,16,Sell,18,45,63,-27.00,13.00,-27.00,2.90,89.7,4304.90,4305.00,4302.10,4302.30,106,30,136,76.00,80.00,1.00,1.90,57.9,9,84,0.0526,0.0000,7.00,-2.00,4333.11,-3.7218,DOWN,107.80,1.2616,2.0381
20260916 205022 487,4302.30,1,4302.20,4302.50,0.30,4302.20,2,4302.10,5,4302.00,5,4301.90,6,4301.80,8,4301.70,5,4301.60,16,4301.50,11,4301.40,12,4301.30,12,4302.50,3,4302.60,5,4302.70,4,4302.80,4,4302.90,5,4303.00,5,4303.10,15,4303.20,14,4303.30,15,4303.40,16,Sell,18,46,64,-28.00,13.00,-28.00,2.90,89.7,4304.90,4305.00,4302.10,4302.30,106,30,136,76.00,80.00,1.00,1.90,57.9,9,84,0.0526,0.0000,6.00,-3.00,4333.11,-3.7218,DOWN,107.80,1.2616,2.0381
20260916 205025 282,4302.30,1,4302.20,4302.50,0.30,4302.20,3,4302.10,5,4302.00,4,4301.90,6,4301.80,8,4301.70,5,4301.60,12,4301.50,9,4301.40,10,4301.30,10,4302.50,2,4302.60,4,4302.70,4,4302.80,3,4302.90,5,4303.00,15,4303.10,15,4303.20,14,4303.30,16,4303.40,17,Sell,18,47,65,-29.00,13.00,-29.00,2.90,89.7,4304.90,4305.00,4302.10,4302.30,106,30,136,76.00,80.00,1.00,1.90,57.9,9,84,0.0526,0.0000,5.00,-4.00,4333.11,-3.7218,DOWN,107.80,1.2616,2.0381
20260916 205025 282,4302.30,1,4302.20,4302.50,0.30,4302.20,3,4302.10,5,4302.00,4,4301.90,6,4301.80,8,4301.70,5,4301.60,12,4301.50,9,4301.40,10,4301.30,10,4302.50,2,4302.60,4,4302.70,4,4302.80,3,4302.90,5,4303.00,15,4303.10,15,4303.20,14,4303.30,16,4303.40,17,Sell,18,48,66,-30.00,13.00,-30.00,2.90,89.7,4304.90,4305.00,4302.10,4302.30,106,30,136,76.00,80.00,1.00,1.90,57.9,9,84,0.0526,0.0000,4.00,-5.00,4333.11,-3.7218,DOWN,107.80,1.2616,2.0381
20260916 205025 284,4302.30,1,4302.20,4302.50,0.30,4302.20,3,4302.10,5,4302.00,4,4301.90,6,4301.80,8,4301.70,5,4301.60,12,4301.50,9,4301.40,10,4301.30,10,4302.50,2,4302.60,4,4302.70,4,4302.80,3,4302.90,5,4303.00,15,4303.10,15,4303.20,14,4303.30,16,4303.40,17,Buy,19,48,67,-29.00,13.00,-30.00,2.90,89.7,4304.90,4305.00,4302.10,4302.30,106,30,136,76.00,80.00,1.00,1.90,57.9,9,84,0.0526,0.0345,5.00,-4.00,4333.11,-3.7218,DOWN,107.80,1.2616,2.0381
20260916 205025 284,4302.20,1,4302.20,4302.50,0.30,4302.20,3,4302.10,5,4302.00,4,4301.90,6,4301.80,8,4301.70,5,4301.60,12,4301.50,9,4301.40,10,4301.30,10,4302.50,2,4302.60,4,4302.70,4,4302.80,3,4302.90,5,4303.00,15,4303.10,15,4303.20,14,4303.30,16,4303.40,17,Sell,19,49,68,-30.00,13.00,-30.00,2.90,93.1,4304.90,4305.00,4302.10,4302.20,106,30,136,76.00,80.00,1.00,1.90,57.9,9,84,0.0526,0.0000,4.00,-5.00,4333.10,-3.7249,DOWN,107.80,1.2616,2.0381
20260916 205025 284,4302.20,1,4302.20,4302.50,0.30,4302.20,3,4302.10,5,4302.00,4,4301.90,6,4301.80,8,4301.70,5,4301.60,12,4301.50,9,4301.40,10,4301.30,10,4302.50,2,4302.60,4,4302.70,4,4302.80,3,4302.90,5,4303.00,15,4303.10,15,4303.20,14,4303.30,16,4303.40,17,Sell,19,50,69,-31.00,13.00,-31.00,2.90,93.1,4304.90,4305.00,4302.10,4302.20,106,30,136,76.00,80.00,1.00,1.90,57.9,9,84,0.0526,0.0000,3.00,-6.00,4333.10,-3.7249,DOWN,107.80,1.2616,2.0381
20260916 205025 284,4302.30,2,4302.20,4302.50,0.30,4302.20,3,4302.10,5,4302.00,4,4301.90,6,4301.80,8,4301.70,5,4301.60,12,4301.50,9,4301.40,10,4301.30,10,4302.50,2,4302.60,4,4302.70,4,4302.80,3,4302.90,5,4303.00,15,4303.10,15,4303.20,14,4303.30,16,4303.40,17,Buy,21,50,71,-29.00,13.00,-31.00,2.90,89.7,4304.90,4305.00,4302.10,4302.30,106,30,136,76.00,80.00,1.00,1.90,57.9,9,84,0.0526,0.0690,5.00,-4.00,4333.11,-3.7218,DOWN,107.80,1.2616,2.0381
20260916 205025 313,4302.50,1,4302.20,4302.50,0.30,4302.20,3,4302.10,5,4302.00,4,4301.90,6,4301.80,8,4301.70,5,4301.60,12,4301.50,9,4301.40,10,4301.30,10,4302.50,2,4302.60,4,4302.70,4,4302.80,3,4302.90,5,4303.00,15,4303.10,15,4303.20,14,4303.30,16,4303.40,17,Buy,22,50,72,-28.00,13.00,-31.00,2.90,82.8,4304.90,4305.00,4302.10,4302.50,106,30,136,76.00,80.00,1.00,1.90,57.9,9,84,0.0526,0.1071,6.00,-3.00,4333.12,-3.7154,DOWN,107.80,1.2616,2.0381
20260916 205032 395,4303.20,1,4303.00,4303.40,0.40,4303.00,3,4302.90,3,4302.80,5,4302.70,5,4302.60,5,4302.50,12,4302.40,9,4302.30,11,4302.20,10,4302.10,9,4303.40,6,4303.50,5,4303.60,6,4303.70,6,4303.80,15,4303.90,19,4304.00,15,4304.10,13,4304.20,14,4304.30,16,Sell,22,51,73,-29.00,13.00,-31.00,2.90,58.6,4304.90,4305.00,4302.10,4303.20,106,30,136,76.00,80.00,1.00,1.90,57.9,9,84,0.0526,0.0690,5.00,-4.00,4333.19,-3.6932,DOWN,107.80,1.2616,2.0381
20260916 205033 522,4303.00,1,4302.80,4303.10,0.30,4302.80,4,4302.70,5,4302.60,5,4302.50,6,4302.40,9,4302.30,11,4302.20,10,4302.10,9,4302.00,10,4301.90,12,4303.10,1,4303.20,2,4303.30,3,4303.40,6,4303.50,5,4303.60,6,4303.70,6,4303.80,15,4303.90,19,4304.00,15,Sell,22,52,74,-30.00,13.00,-31.00,2.90,65.5,4304.90,4305.00,4302.10,4303.00,106,30,136,76.00,80.00,1.00,1.90,57.9,9,84,0.0526,0.0333,4.00,-5.00,4333.17,-3.6996,DOWN,107.80,1.2616,2.0381
20260916 205033 522,4303.00,1,4302.80,4303.10,0.30,4302.80,4,4302.70,5,4302.60,5,4302.50,6,4302.40,9,4302.30,11,4302.20,10,4302.10,9,4302.00,10,4301.90,12,4303.10,1,4303.20,2,4303.30,3,4303.40,6,4303.50,5,4303.60,6,4303.70,6,4303.80,15,4303.90,19,4304.00,15,Sell,22,53,75,-31.00,13.00,-31.00,2.90,65.5,4304.90,4305.00,4302.10,4303.00,106,30,136,76.00,80.00,1.00,1.90,57.9,9,84,0.0526,0.0000,3.00,-6.00,4333.17,-3.6996,DOWN,107.80,1.2616,2.0381
20260916 205033 522,4303.00,1,4302.80,4303.10,0.30,4302.80,4,4302.70,5,4302.60,5,4302.50,6,4302.40,9,4302.30,11,4302.20,10,4302.10,9,4302.00,10,4301.90,12,4303.10,1,4303.20,2,4303.30,3,4303.40,6,4303.50,5,4303.60,6,4303.70,6,4303.80,15,4303.90,19,4304.00,15,Sell,22,54,76,-32.00,13.00,-32.00,2.90,65.5,4304.90,4305.00,4302.10,4303.00,106,30,136,76.00,80.00,1.00,1.90,57.9,9,84,0.0526,0.0000,2.00,-7.00,4333.17,-3.6996,DOWN,107.80,1.2616,2.0381
20260916 205034 353,4302.80,1,4302.50,4302.80,0.30,4302.50,4,4302.40,3,4302.30,5,4302.20,4,4302.10,9,4302.00,10,4301.90,12,4301.80,14,4301.70,11,4301.60,12,4302.80,2,4302.90,3,4303.00,5,4303.10,5,4303.20,2,4303.30,3,4303.40,16,4303.50,15,4303.60,16,4303.70,16,Sell,22,55,77,-33.00,13.00,-33.00,2.90,72.4,4304.90,4305.00,4302.10,4302.80,106,30,136,76.00,80.00,1.00,1.90,57.9,9,84,0.0526,0.0000,1.00,-8.00,4333.15,-3.7059,DOWN,107.80,1.2616,2.0381
20260916 205034 353,4302.80,1,4302.50,4302.80,0.30,4302.50,4,4302.40,3,4302.30,5,4302.20,4,4302.10,9,4302.00,10,4301.90,12,4301.80,14,4301.70,11,4301.60,12,4302.80,2,4302.90,3,4303.00,5,4303.10,5,4303.20,2,4303.30,3,4303.40,16,4303.50,15,4303.60,16,4303.70,16,Sell,22,56,78,-34.00,13.00,-34.00,2.90,72.4,4304.90,4305.00,4302.10,4302.80,106,30,136,76.00,80.00,1.00,1.90,57.9,9,84,0.0526,0.0000,0.00,-9.00,4333.15,-3.7059,DOWN,107.80,1.2616,2.0381
20260916 205034 358,4302.60,1,4302.50,4302.80,0.30,4302.50,4,4302.40,3,4302.30,5,4302.20,4,4302.10,9,4302.00,10,4301.90,12,4301.80,14,4301.70,11,4301.60,12,4302.80,2,4302.90,3,4303.00,5,4303.10,5,4303.20,2,4303.30,3,4303.40,16,4303.50,15,4303.60,16,4303.70,16,Sell,22,57,79,-35.00,13.00,-35.00,2.90,79.3,4304.90,4305.00,4302.10,4302.60,106,30,136,76.00,80.00,1.00,1.90,57.9,9,84,0.0526,0.0000,-1.00,-10.00,4333.13,-3.7123,DOWN,107.80,1.2616,2.0381
20260916 205034 814,4302.50,1,4302.40,4302.70,0.30,4302.40,3,4302.30,5,4302.20,4,4302.10,9,4302.00,10,4301.90,12,4301.80,14,4301.70,11,4301.60,12,4301.50,9,4302.70,1,4302.80,2,4302.90,3,4303.00,5,4303.10,5,4303.20,2,4303.30,3,4303.40,16,4303.50,15,4303.60,16,Sell,22,58,80,-36.00,13.00,-36.00,2.90,82.8,4304.90,4305.00,4302.10,4302.50,106,30,136,76.00,80.00,1.00,1.90,57.9,9,84,0.0526,0.0000,-2.00,-11.00,4333.12,-3.7154,DOWN,107.80,1.2616,2.0381
20260916 205034 814,4302.50,1,4302.40,4302.70,0.30,4302.40,3,4302.30,5,4302.20,4,4302.10,9,4302.00,10,4301.90,12,4301.80,14,4301.70,11,4301.60,12,4301.50,9,4302.70,1,4302.80,2,4302.90,3,4303.00,5,4303.10,5,4303.20,2,4303.30,3,4303.40,16,4303.50,15,4303.60,16,Sell,22,59,81,-37.00,13.00,-37.00,2.90,82.8,4304.90,4305.00,4302.10,4302.50,106,30,136,76.00,80.00,1.00,1.90,57.9,9,84,0.0526,0.0000,-3.00,-12.00,4333.12,-3.7154,DOWN,107.80,1.2616,2.0381
20260916 205036 282,4302.40,1,4302.20,4302.50,0.30,4302.20,3,4302.10,3,4302.00,4,4301.90,6,4301.80,14,4301.70,11,4301.60,12,4301.50,9,4301.40,10,4301.30,10,4302.50,2,4302.60,1,4302.70,6,4302.80,2,4302.90,4,4303.00,5,4303.10,15,4303.20,12,4303.30,13,4303.40,16,Sell,22,60,82,-38.00,13.00,-38.00,2.90,86.2,4304.90,4305.00,4302.10,4302.40,106,30,136,76.00,80.00,1.00,1.90,57.9,9,84,0.0526,0.0000,-4.00,-13.00,4333.12,-3.7186,DOWN,107.80,1.2616,2.0381
20260916 205036 282,4302.40,1,4302.20,4302.50,0.30,4302.20,3,4302.10,3,4302.00,4,4301.90,6,4301.80,14,4301.70,11,4301.60,12,4301.50,9,4301.40,10,4301.30,10,4302.50,2,4302.60,1,4302.70,6,4302.80,2,4302.90,4,4303.00,5,4303.10,15,4303.20,12,4303.30,13,4303.40,16,Sell,22,61,83,-39.00,13.00,-39.00,2.90,86.2,4304.90,4305.00,4302.10,4302.40,106,30,136,76.00,80.00,1.00,1.90,57.9,9,84,0.0526,0.0000,-5.00,-14.00,4333.12,-3.7186,DOWN,107.80,1.2616,2.0381
20260916 205036 282,4302.40,1,4302.20,4302.50,0.30,4302.20,3,4302.10,3,4302.00,4,4301.90,6,4301.80,14,4301.70,11,4301.60,12,4301.50,9,4301.40,10,4301.30,10,4302.50,2,4302.60,1,4302.70,6,4302.80,2,4302.90,4,4303.00,5,4303.10,15,4303.20,12,4303.30,13,4303.40,16,Sell,22,62,84,-40.00,13.00,-40.00,2.90,86.2,4304.90,4305.00,4302.10,4302.40,106,30,136,76.00,80.00,1.00,1.90,57.9,9,84,0.0526,0.0000,-6.00,-15.00,4333.12,-3.7186,DOWN,107.80,1.2616,2.0381
20260916 205036 433,4302.50,1,4302.20,4302.50,0.30,4302.30,1,4302.20,4,4302.10,3,4302.00,4,4301.90,6,4301.80,14,4301.70,11,4301.60,12,4301.50,9,4301.40,10,4302.60,1,4302.70,6,4302.80,2,4302.90,4,4303.00,5,4303.10,15,4303.20,12,4303.30,13,4303.40,16,4303.50,15,Buy,23,62,85,-39.00,13.00,-40.00,2.90,82.8,4304.90,4305.00,4302.10,4302.50,106,30,136,76.00,80.00,1.00,1.90,57.9,9,84,0.0526,0.0256,-5.00,-14.00,4333.12,-3.7154,DOWN,107.80,1.2616,2.0381
20260916 205036 433,4302.50,1,4302.20,4302.50,0.30,4302.30,1,4302.20,4,4302.10,3,4302.00,4,4301.90,6,4301.80,14,4301.70,11,4301.60,12,4301.50,9,4301.40,10,4302.60,1,4302.70,6,4302.80,2,4302.90,4,4303.00,5,4303.10,15,4303.20,12,4303.30,13,4303.40,16,4303.50,15,Buy,24,62,86,-38.00,13.00,-40.00,2.90,82.8,4304.90,4305.00,4302.10,4302.50,106,30,136,76.00,80.00,1.00,1.90,57.9,9,84,0.0526,0.0526,-4.00,-13.00,4333.12,-3.7154,DOWN,107.80,1.2616,2.0381
20260916 205037 046,4302.70,1,4302.40,4302.70,0.30,4302.40,2,4302.30,6,4302.20,4,4302.10,3,4302.00,4,4301.90,6,4301.80,14,4301.70,11,4301.60,12,4301.50,9,4302.70,2,4302.80,2,4302.90,4,4303.00,5,4303.10,15,4303.20,12,4303.30,13,4303.40,16,4303.50,15,4303.60,16,Buy,25,62,87,-37.00,13.00,-40.00,2.90,75.9,4304.90,4305.00,4302.10,4302.70,106,30,136,76.00,80.00,1.00,1.90,57.9,9,84,0.0526,0.0811,-3.00,-12.00,4333.14,-3.7091,DOWN,107.80,1.2616,2.0381
20260916 205042 863,4302.70,1,4302.60,4302.80,0.20,4302.70,1,4302.60,3,4302.50,3,4302.40,3,4302.30,7,4302.20,4,4302.10,9,4302.00,10,4301.90,12,4301.80,14,4303.00,4,4303.10,5,4303.20,2,4303.30,3,4303.40,16,4303.50,15,4303.60,16,4303.70,16,4303.80,15,4303.90,20,Sell,25,63,88,-38.00,13.00,-40.00,2.90,75.9,4304.90,4305.00,4302.10,4302.70,106,30,136,76.00,80.00,1.00,1.90,57.9,9,84,0.0526,0.0526,-4.00,-13.00,4333.14,-3.7091,DOWN,107.80,1.2616,2.0381
20260916 205042 865,4302.60,1,4302.60,4302.80,0.20,4302.70,1,4302.60,3,4302.50,3,4302.40,3,4302.30,7,4302.20,4,4302.10,9,4302.00,10,4301.90,12,4301.80,14,4303.00,4,4303.10,5,4303.20,2,4303.30,3,4303.40,16,4303.50,15,4303.60,16,4303.70,16,4303.80,15,4303.90,20,Sell,25,64,89,-39.00,13.00,-40.00,2.90,79.3,4304.90,4305.00,4302.10,4302.60,106,30,136,76.00,80.00,1.00,1.90,57.9,9,84,0.0526,0.0256,-5.00,-14.00,4333.13,-3.7123,DOWN,107.80,1.2616,2.0381
20260916 205043 279,4302.60,1,4302.60,4302.90,0.30,4302.50,2,4302.40,4,4302.30,7,4302.20,4,4302.10,9,4302.00,10,4301.90,12,4301.80,14,4301.70,11,4301.60,12,4302.80,3,4302.90,5,4303.00,4,4303.10,6,4303.20,3,4303.30,4,4303.40,16,4303.50,15,4303.60,16,4303.70,16,Sell,25,65,90,-40.00,13.00,-40.00,2.90,79.3,4304.90,4305.00,4302.10,4302.60,106,30,136,76.00,80.00,1.00,1.90,57.9,9,84,0.0526,0.0000,-6.00,-15.00,4333.13,-3.7123,DOWN,107.80,1.2616,2.0381
20260916 205045 045,4302.50,1,4302.30,4302.60,0.30,4302.30,6,4302.20,4,4302.10,4,4302.00,4,4301.90,12,4301.80,14,4301.70,11,4301.60,12,4301.50,9,4301.40,10,4302.60,2,4302.70,3,4302.80,5,4302.90,4,4303.00,4,4303.10,6,4303.20,3,4303.30,14,4303.40,16,4303.50,15,Sell,25,66,91,-41.00,13.00,-41.00,2.90,82.8,4304.90,4305.00,4302.10,4302.50,106,30,136,76.00,80.00,1.00,1.90,57.9,9,84,0.0526,0.0000,-7.00,-16.00,4333.12,-3.7154,DOWN,107.80,1.2616,2.0381
20260916 205045 045,4302.50,1,4302.30,4302.60,0.30,4302.30,6,4302.20,4,4302.10,4,4302.00,4,4301.90,12,4301.80,14,4301.70,11,4301.60,12,4301.50,9,4301.40,10,4302.60,2,4302.70,3,4302.80,5,4302.90,4,4303.00,4,4303.10,6,4303.20,3,4303.30,14,4303.40,16,4303.50,15,Sell,25,67,92,-42.00,13.00,-42.00,2.90,82.8,4304.90,4305.00,4302.10,4302.50,106,30,136,76.00,80.00,1.00,1.90,57.9,9,84,0.0526,0.0000,-8.00,-17.00,4333.12,-3.7154,DOWN,107.80,1.2616,2.0381
20260916 205045 159,4302.30,1,4302.20,4302.40,0.20,4302.30,2,4302.20,3,4302.10,3,4302.00,4,4301.90,12,4301.80,14,4301.70,11,4301.60,12,4301.50,9,4301.40,10,4302.50,1,4302.60,2,4302.70,4,4302.80,4,4302.90,4,4303.00,4,4303.10,6,4303.20,13,4303.30,14,4303.40,16,Sell,25,68,93,-43.00,13.00,-43.00,2.90,89.7,4304.90,4305.00,4302.10,4302.30,106,30,136,76.00,80.00,1.00,1.90,57.9,9,84,0.0526,0.0000,-9.00,-18.00,4333.11,-3.7218,DOWN,107.80,1.2616,2.0381
20260916 205045 163,4302.20,1,4302.20,4302.40,0.20,4302.30,2,4302.20,3,4302.10,3,4302.00,4,4301.90,12,4301.80,14,4301.70,11,4301.60,12,4301.50,9,4301.40,10,4302.50,1,4302.60,2,4302.70,4,4302.80,4,4302.90,4,4303.00,4,4303.10,6,4303.20,13,4303.30,14,4303.40,16,Sell,25,69,94,-44.00,13.00,-44.00,2.90,93.1,4304.90,4305.00,4302.10,4302.20,106,30,136,76.00,80.00,1.00,1.90,57.9,9,84,0.0526,0.0000,-10.00,-19.00,4333.10,-3.7249,DOWN,107.80,1.2616,2.0381
20260916 205046 045,4302.40,1,4302.10,4302.40,0.30,4302.10,3,4302.00,5,4301.90,6,4301.80,8,4301.70,6,4301.60,12,4301.50,9,4301.40,10,4301.30,10,4301.20,13,4302.40,1,4302.50,3,4302.60,3,4302.70,4,4302.80,4,4302.90,4,4303.00,14,4303.10,16,4303.20,13,4303.30,14,Buy,26,69,95,-43.00,13.00,-44.00,2.90,86.2,4304.90,4305.00,4302.10,4302.40,106,30,136,76.00,80.00,1.00,1.90,57.9,9,84,0.0526,0.0233,-9.00,-18.00,4333.12,-3.7186,DOWN,107.80,1.2616,2.0381
20260916 205049 847,4302.30,1,4302.00,4302.30,0.30,4302.00,2,4301.90,3,4301.80,8,4301.70,6,4301.60,12,4301.50,9,4301.40,10,4301.30,10,4301.20,13,4301.10,14,4302.30,3,4302.40,4,4302.50,4,4302.60,4,4302.70,5,4302.80,4,4302.90,14,4303.00,14,4303.10,16,4303.20,13,Buy,27,69,96,-42.00,13.00,-44.00,2.90,89.7,4304.90,4305.00,4302.10,4302.30,106,30,136,76.00,80.00,1.00,1.90,57.9,9,84,0.0526,0.0476,-8.00,-17.00,4333.11,-3.7218,DOWN,107.80,1.2616,2.0381
20260916 205049 850,4302.10,1,4302.00,4302.30,0.30,4302.00,2,4301.90,3,4301.80,8,4301.70,6,4301.60,12,4301.50,9,4301.40,10,4301.30,10,4301.20,13,4301.10,14,4302.30,3,4302.40,4,4302.50,4,4302.60,4,4302.70,5,4302.80,4,4302.90,14,4303.00,14,4303.10,16,4303.20,13,Sell,27,70,97,-43.00,13.00,-44.00,2.90,96.6,4304.90,4305.00,4302.10,4302.10,106,30,136,76.00,80.00,1.00,1.90,57.9,9,84,0.0526,0.0233,-9.00,-18.00,4333.09,-3.7281,DOWN,107.80,1.2616,2.0381
20260916 205052 101,4302.20,1,4302.20,4302.50,0.30,4302.20,2,4302.10,3,4302.00,4,4301.90,5,4301.80,7,4301.70,6,4301.60,12,4301.50,9,4301.40,10,4301.30,10,4302.50,3,4302.60,4,4302.70,5,4302.80,5,4302.90,15,4303.00,14,4303.10,16,4303.20,13,4303.30,14,4303.40,16,Sell,27,71,98,-44.00,13.00,-44.00,2.90,93.1,4304.90,4305.00,4302.10,4302.20,106,30,136,76.00,80.00,1.00,1.90,57.9,9,84,0.0526,0.0000,-10.00,-19.00,4333.10,-3.7249,DOWN,107.80,1.2616,2.0381
20260916 205052 101,4302.20,1,4302.20,4302.50,0.30,4302.20,2,4302.10,3,4302.00,4,4301.90,5,4301.80,7,4301.70,6,4301.60,12,4301.50,9,4301.40,10,4301.30,10,4302.50,3,4302.60,4,4302.70,5,4302.80,5,4302.90,15,4303.00,14,4303.10,16,4303.20,13,4303.30,14,4303.40,16,Sell,27,72,99,-45.00,13.00,-45.00,2.90,93.1,4304.90,4305.00,4302.10,4302.20,106,30,136,76.00,80.00,1.00,1.90,57.9,9,84,0.0526,0.0000,-11.00,-20.00,4333.10,-3.7249,DOWN,107.80,1.2616,2.0381
20260916 205055 370,4302.20,1,4302.00,4302.30,0.30,4302.00,2,4301.90,4,4301.80,7,4301.70,6,4301.60,12,4301.50,9,4301.40,10,4301.30,10,4301.20,13,4301.10,14,4302.30,3,4302.40,4,4302.50,15,4302.60,5,4302.70,5,4302.80,5,4302.90,15,4303.00,14,4303.10,16,4303.20,13,Sell,27,73,100,-46.00,13.00,-46.00,2.90,93.1,4304.90,4305.00,4302.10,4302.20,106,30,136,76.00,80.00,1.00,1.90,57.9,9,84,0.0526,0.0000,-12.00,-21.00,4333.10,-3.7249,DOWN,107.80,1.2616,2.0381
20260916 205055 370,4302.20,1,4302.00,4302.30,0.30,4302.00,2,4301.90,4,4301.80,7,4301.70,6,4301.60,12,4301.50,9,4301.40,10,4301.30,10,4301.20,13,4301.10,14,4302.30,3,4302.40,4,4302.50,15,4302.60,5,4302.70,5,4302.80,5,4302.90,15,4303.00,14,4303.10,16,4303.20,13,Sell,27,74,101,-47.00,13.00,-47.00,2.90,93.1,4304.90,4305.00,4302.10,4302.20,106,30,136,76.00,80.00,1.00,1.90,57.9,9,84,0.0526,0.0000,-13.00,-22.00,4333.10,-3.7249,DOWN,107.80,1.2616,2.0381
20260916 205055 370,4302.20,1,4302.00,4302.30,0.30,4302.00,2,4301.90,4,4301.80,7,4301.70,6,4301.60,12,4301.50,9,4301.40,10,4301.30,10,4301.20,13,4301.10,14,4302.30,3,4302.40,4,4302.50,15,4302.60,5,4302.70,5,4302.80,5,4302.90,15,4303.00,14,4303.10,16,4303.20,13,Sell,27,75,102,-48.00,13.00,-48.00,2.90,93.1,4304.90,4305.00,4302.10,4302.20,106,30,136,76.00,80.00,1.00,1.90,57.9,9,84,0.0526,0.0000,-14.00,-23.00,4333.10,-3.7249,DOWN,107.80,1.2616,2.0381
20260916 205058 104,4302.00,1,4301.90,4302.30,0.40,4301.90,3,4301.80,6,4301.70,6,4301.60,7,4301.50,3,4301.40,10,4301.30,10,4301.20,13,4301.10,14,4301.00,14,4302.30,3,4302.40,4,4302.50,15,4302.60,5,4302.70,5,4302.80,15,4302.90,15,4303.00,14,4303.10,16,4303.20,13,Sell,27,76,103,-49.00,13.00,-49.00,3.00,96.7,4304.90,4305.00,4302.00,4302.00,106,30,136,76.00,80.00,1.00,1.90,57.9,9,84,0.0526,0.0000,-15.00,-24.00,4333.08,-3.7313,DOWN,107.80,1.2616,2.0452
20260916 205058 104,4302.00,1,4301.90,4302.30,0.40,4301.90,3,4301.80,6,4301.70,6,4301.60,7,4301.50,3,4301.40,10,4301.30,10,4301.20,13,4301.10,14,4301.00,14,4302.30,3,4302.40,4,4302.50,15,4302.60,5,4302.70,5,4302.80,15,4302.90,15,4303.00,14,4303.10,16,4303.20,13,Sell,27,77,104,-50.00,13.00,-50.00,3.00,96.7,4304.90,4305.00,4302.00,4302.00,106,30,136,76.00,80.00,1.00,1.90,57.9,9,84,0.0526,0.0000,-16.00,-25.00,4333.08,-3.7313,DOWN,107.80,1.2616,2.0452
20260916 205058 187,4302.00,1,4302.00,4302.30,0.30,4302.00,1,4301.90,4,4301.80,6,4301.70,6,4301.60,7,4301.50,3,4301.40,10,4301.30,10,4301.20,13,4301.10,14,4302.30,4,4302.40,4,4302.50,15,4302.60,5,4302.70,5,4302.80,15,4302.90,15,4303.00,14,4303.10,16,4303.20,13,Sell,27,78,105,-51.00,13.00,-51.00,3.00,96.7,4304.90,4305.00,4302.00,4302.00,106,30,136,76.00,80.00,1.00,1.90,57.9,9,84,0.0526,0.0000,-17.00,-26.00,4333.08,-3.7313,DOWN,107.80,1.2616,2.0452
20260916 205058 187,4302.00,1,4302.00,4302.30,0.30,4302.00,1,4301.90,4,4301.80,6,4301.70,6,4301.60,7,4301.50,3,4301.40,10,4301.30,10,4301.20,13,4301.10,14,4302.30,4,4302.40,4,4302.50,15,4302.60,5,4302.70,5,4302.80,15,4302.90,15,4303.00,14,4303.10,16,4303.20,13,Sell,27,79,106,-52.00,13.00,-52.00,3.00,96.7,4304.90,4305.00,4302.00,4302.00,106,30,136,76.00,80.00,1.00,1.90,57.9,9,84,0.0526,0.0000,-18.00,-27.00,4333.08,-3.7313,DOWN,107.80,1.2616,2.0452
20260916 205058 187,4302.00,1,4302.00,4302.30,0.30,4302.00,1,4301.90,4,4301.80,6,4301.70,6,4301.60,7,4301.50,3,4301.40,10,4301.30,10,4301.20,13,4301.10,14,4302.30,4,4302.40,4,4302.50,15,4302.60,5,4302.70,5,4302.80,15,4302.90,15,4303.00,14,4303.10,16,4303.20,13,Sell,27,80,107,-53.00,13.00,-53.00,3.00,96.7,4304.90,4305.00,4302.00,4302.00,106,30,136,76.00,80.00,1.00,1.90,57.9,9,84,0.0526,0.0000,-19.00,-28.00,4333.08,-3.7313,DOWN,107.80,1.2616,2.0452
20260916 205058 332,4301.90,1,4301.90,4302.20,0.30,4301.90,3,4301.80,5,4301.70,6,4301.60,7,4301.50,3,4301.40,10,4301.30,10,4301.20,13,4301.10,14,4301.00,14,4302.20,3,4302.30,4,4302.40,4,4302.50,15,4302.60,5,4302.70,5,4302.80,15,4302.90,15,4303.00,14,4303.10,16,Sell,27,81,108,-54.00,13.00,-54.00,3.10,96.8,4304.90,4305.00,4301.90,4301.90,106,30,136,76.00,80.00,1.00,1.90,57.9,9,84,0.0526,0.0000,-20.00,-29.00,4333.07,-3.7345,DOWN,107.80,1.2616,2.0524
20260916 205058 332,4301.90,1,4301.90,4302.20,0.30,4301.90,3,4301.80,5,4301.70,6,4301.60,7,4301.50,3,4301.40,10,4301.30,10,4301.20,13,4301.10,14,4301.00,14,4302.20,3,4302.30,4,4302.40,4,4302.50,15,4302.60,5,4302.70,5,4302.80,15,4302.90,15,4303.00,14,4303.10,16,Sell,27,82,109,-55.00,13.00,-55.00,3.10,96.8,4304.90,4305.00,4301.90,4301.90,106,30,136,76.00,80.00,1.00,1.90,57.9,9,84,0.0526,0.0000,-21.00,-30.00,4333.07,-3.7345,DOWN,107.80,1.2616,2.0524
20260916 205058 332,4301.90,1,4301.90,4302.20,0.30,4301.90,3,4301.80,5,4301.70,6,4301.60,7,4301.50,3,4301.40,10,4301.30,10,4301.20,13,4301.10,14,4301.00,14,4302.20,3,4302.30,4,4302.40,4,4302.50,15,4302.60,5,4302.70,5,4302.80,15,4302.90,15,4303.00,14,4303.10,16,Sell,27,83,110,-56.00,13.00,-56.00,3.10,96.8,4304.90,4305.00,4301.90,4301.90,106,30,136,76.00,80.00,1.00,1.90,57.9,9,84,0.0526,0.0000,-22.00,-31.00,4333.07,-3.7345,DOWN,107.80,1.2616,2.0524
20260916 205059 019,4302.00,1,4302.00,4302.20,0.20,4302.00,2,4301.80,5,4301.70,4,4301.60,7,4301.50,3,4301.40,10,4301.30,10,4301.20,13,4301.10,14,4301.00,14,4302.20,6,4302.30,4,4302.40,4,4302.50,15,4302.60,5,4302.70,5,4302.80,15,4302.90,15,4303.00,14,4303.10,16,Sell,27,84,111,-57.00,13.00,-57.00,3.10,93.5,4304.90,4305.00,4301.90,4302.00,106,30,136,76.00,80.00,1.00,1.90,57.9,9,84,0.0526,0.0000,-23.00,-32.00,4333.08,-3.7313,DOWN,107.80,1.2616,2.0524
20260916 205059 019,4302.00,1,4302.00,4302.20,0.20,4302.00,2,4301.80,5,4301.70,4,4301.60,7,4301.50,3,4301.40,10,4301.30,10,4301.20,13,4301.10,14,4301.00,14,4302.20,6,4302.30,4,4302.40,4,4302.50,15,4302.60,5,4302.70,5,4302.80,15,4302.90,15,4303.00,14,4303.10,16,Sell,27,85,112,-58.00,13.00,-58.00,3.10,93.5,4304.90,4305.00,4301.90,4302.00,106,30,136,76.00,80.00,1.00,1.90,57.9,9,84,0.0526,0.0000,-24.00,-33.00,4333.08,-3.7313,DOWN,107.80,1.2616,2.0524
20260916 205059 019,4301.90,1,4302.00,4302.20,0.20,4302.00,2,4301.80,5,4301.70,4,4301.60,7,4301.50,3,4301.40,10,4301.30,10,4301.20,13,4301.10,14,4301.00,14,4302.20,6,4302.30,4,4302.40,4,4302.50,15,4302.60,5,4302.70,5,4302.80,15,4302.90,15,4303.00,14,4303.10,16,Sell,27,86,113,-59.00,13.00,-59.00,3.10,96.8,4304.90,4305.00,4301.90,4301.90,106,30,136,76.00,80.00,1.00,1.90,57.9,9,84,0.0526,0.0000,-25.00,-34.00,4333.07,-3.7345,DOWN,107.80,1.2616,2.0524
20260916 205059 019,4301.90,1,4302.00,4302.20,0.20,4302.00,2,4301.80,5,4301.70,4,4301.60,7,4301.50,3,4301.40,10,4301.30,10,4301.20,13,4301.10,14,4301.00,14,4302.20,6,4302.30,4,4302.40,4,4302.50,15,4302.60,5,4302.70,5,4302.80,15,4302.90,15,4303.00,14,4303.10,16,Sell,27,87,114,-60.00,13.00,-60.00,3.10,96.8,4304.90,4305.00,4301.90,4301.90,106,30,136,76.00,80.00,1.00,1.90,57.9,9,84,0.0526,0.0000,-26.00,-35.00,4333.07,-3.7345,DOWN,107.80,1.2616,2.0524
20260916 205059 019,4301.90,1,4302.00,4302.20,0.20,4302.00,2,4301.80,5,4301.70,4,4301.60,7,4301.50,3,4301.40,10,4301.30,10,4301.20,13,4301.10,14,4301.00,14,4302.20,6,4302.30,4,4302.40,4,4302.50,15,4302.60,5,4302.70,5,4302.80,15,4302.90,15,4303.00,14,4303.10,16,Sell,27,88,115,-61.00,13.00,-61.00,3.10,96.8,4304.90,4305.00,4301.90,4301.90,106,30,136,76.00,80.00,1.00,1.90,57.9,9,84,0.0526,0.0000,-27.00,-36.00,4333.07,-3.7345,DOWN,107.80,1.2616,2.0524
20260916 205059 019,4301.90,1,4302.00,4302.20,0.20,4302.00,2,4301.80,5,4301.70,4,4301.60,7,4301.50,3,4301.40,10,4301.30,10,4301.20,13,4301.10,14,4301.00,14,4302.20,6,4302.30,4,4302.40,4,4302.50,15,4302.60,5,4302.70,5,4302.80,15,4302.90,15,4303.00,14,4303.10,16,Sell,27,89,116,-62.00,13.00,-62.00,3.10,96.8,4304.90,4305.00,4301.90,4301.90,106,30,136,76.00,80.00,1.00,1.90,57.9,9,84,0.0526,0.0000,-28.00,-37.00,4333.07,-3.7345,DOWN,107.80,1.2616,2.0524
20260916 205100 408,4302.20,4,4302.00,4302.30,0.30,4302.00,3,4301.90,2,4301.80,6,4301.70,4,4301.60,7,4301.50,9,4301.40,10,4301.30,10,4301.20,13,4301.10,14,4302.30,3,4302.40,3,4302.50,13,4302.60,5,4302.70,5,4302.80,5,4302.90,15,4303.00,14,4303.10,16,4303.20,13,Buy,4,0,4,4.00,4.00,4.00,0.00,0.0,4302.20,4302.20,4302.20,4302.20,27,89,116,-62.00,13.00,-62.00,3.10,96.8,-102,132,0.0000,0.0000,-20.00,-59.00,4333.10,-3.7249,DOWN,107.35,1.0806,1.9272
20260916 205100 408,4302.20,2,4302.00,4302.30,0.30,4302.00,3,4301.90,2,4301.80,6,4301.70,4,4301.60,7,4301.50,9,4301.40,10,4301.30,10,4301.20,13,4301.10,14,4302.30,3,4302.40,3,4302.50,13,4302.60,5,4302.70,5,4302.80,5,4302.90,15,4303.00,14,4303.10,16,4303.20,13,Buy,6,0,6,6.00,6.00,4.00,0.00,0.0,4302.20,4302.20,4302.20,4302.20,27,89,116,-62.00,13.00,-62.00,3.10,96.8,-102,132,0.0000,0.0000,-18.00,-57.00,4333.10,-3.7249,DOWN,107.35,1.0806,1.9272
20260916 205100 408,4302.20,1,4302.00,4302.30,0.30,4302.00,3,4301.90,2,4301.80,6,4301.70,4,4301.60,7,4301.50,9,4301.40,10,4301.30,10,4301.20,13,4301.10,14,4302.30,3,4302.40,3,4302.50,13,4302.60,5,4302.70,5,4302.80,5,4302.90,15,4303.00,14,4303.10,16,4303.20,13,Buy,7,0,7,7.00,7.00,4.00,0.00,0.0,4302.20,4302.20,4302.20,4302.20,27,89,116,-62.00,13.00,-62.00,3.10,96.8,-102,132,0.0000,0.0000,-17.00,-56.00,4333.10,-3.7249,DOWN,107.35,1.0806,1.9272
20260916 205100 560,4302.00,1,4302.00,4302.20,0.20,4301.90,2,4301.80,6,4301.70,4,4301.60,7,4301.50,9,4301.40,10,4301.30,10,4301.20,13,4301.10,14,4301.00,14,4302.20,2,4302.30,3,4302.40,3,4302.50,13,4302.60,5,4302.70,5,4302.80,5,4302.90,15,4303.00,14,4303.10,16,Sell,7,1,8,6.00,7.00,4.00,0.20,100.0,4302.20,4302.20,4302.00,4302.00,27,89,116,-62.00,13.00,-62.00,3.10,96.8,-102,132,0.0000,0.1667,-18.00,-57.00,4333.08,-3.7313,DOWN,107.35,1.0806,1.9272
20260916 205100 561,4302.00,1,4302.00,4302.20,0.20,4301.90,2,4301.80,6,4301.70,4,4301.60,7,4301.50,9,4301.40,10,4301.30,10,4301.20,13,4301.10,14,4301.00,14,4302.20,2,4302.30,3,4302.40,3,4302.50,13,4302.60,5,4302.70,5,4302.80,5,4302.90,15,4303.00,14,4303.10,16,Sell,7,2,9,5.00,7.00,4.00,0.20,100.0,4302.20,4302.20,4302.00,4302.00,27,89,116,-62.00,13.00,-62.00,3.10,96.8,-102,132,0.0000,0.4000,-19.00,-58.00,4333.08,-3.7313,DOWN,107.35,1.0806,1.9272
20260916 205100 561,4302.00,1,4302.00,4302.20,0.20,4301.90,2,4301.80,6,4301.70,4,4301.60,7,4301.50,9,4301.40,10,4301.30,10,4301.20,13,4301.10,14,4301.00,14,4302.20,2,4302.30,3,4302.40,3,4302.50,13,4302.60,5,4302.70,5,4302.80,5,4302.90,15,4303.00,14,4303.10,16,Sell,7,3,10,4.00,7.00,4.00,0.20,100.0,4302.20,4302.20,4302.00,4302.00,27,89,116,-62.00,13.00,-62.00,3.10,96.8,-102,132,0.0000,0.7500,-20.00,-59.00,4333.08,-3.7313,DOWN,107.35,1.0806,1.9272
20260916 205102 299,4302.50,1,4302.70,4303.00,0.30,4302.70,3,4302.60,4,4302.50,7,4302.40,7,4302.30,4,4302.20,11,4302.10,9,4302.00,12,4301.90,11,4301.80,12,4303.00,1,4303.10,5,4303.20,3,4303.30,4,4303.40,7,4303.50,6,4303.60,7,4303.70,16,4303.80,15,4303.90,20,Buy,8,3,11,5.00,7.00,4.00,0.50,60.0,4302.20,4302.50,4302.00,4302.50,27,89,116,-62.00,13.00,-62.00,3.10,96.8,-102,132,0.0000,0.4000,-19.00,-58.00,4333.12,-3.7154,DOWN,107.35,1.0806,1.9486
20260916 205102 300,4302.50,3,4302.70,4303.00,0.30,4302.70,3,4302.60,4,4302.50,7,4302.40,7,4302.30,4,4302.20,11,4302.10,9,4302.00,12,4301.90,11,4301.80,12,4303.00,1,4303.10,5,4303.20,3,4303.30,4,4303.40,7,4303.50,6,4303.60,7,4303.70,16,4303.80,15,4303.90,20,Buy,11,3,14,8.00,8.00,4.00,0.50,60.0,4302.20,4302.50,4302.00,4302.50,27,89,116,-62.00,13.00,-62.00,3.10,96.8,-102,132,0.0000,0.0000,-16.00,-55.00,4333.12,-3.7154,DOWN,107.35,1.0806,1.9486
20260916 205102 300,4302.50,6,4302.70,4303.00,0.30,4302.70,3,4302.60,4,4302.50,7,4302.40,7,4302.30,4,4302.20,11,4302.10,9,4302.00,12,4301.90,11,4301.80,12,4303.00,1,4303.10,5,4303.20,3,4303.30,4,4303.40,7,4303.50,6,4303.60,7,4303.70,16,4303.80,15,4303.90,20,Buy,17,3,20,14.00,14.00,4.00,0.50,60.0,4302.20,4302.50,4302.00,4302.50,27,89,116,-62.00,13.00,-62.00,3.10,96.8,-102,132,0.0000,0.0000,-10.00,-49.00,4333.12,-3.7154,DOWN,107.35,1.0806,1.9486
20260916 205102 312,4302.90,1,4302.70,4303.00,0.30,4302.70,3,4302.60,4,4302.50,7,4302.40,7,4302.30,4,4302.20,11,4302.10,9,4302.00,12,4301.90,11,4301.80,12,4303.00,1,4303.10,5,4303.20,3,4303.30,4,4303.40,7,4303.50,6,4303.60,7,4303.70,16,4303.80,15,4303.90,20,Sell,17,4,21,13.00,14.00,4.00,0.90,77.8,4302.20,4302.90,4302.00,4302.90,27,89,116,-62.00,13.00,-62.00,3.10,96.8,-102,132,0.0000,0.0769,-11.00,-50.00,4333.16,-3.7027,DOWN,107.35,1.0806,1.9772
20260916 205102 388,4302.70,1,4302.60,4302.90,0.30,4302.60,2,4302.50,5,4302.40,7,4302.30,4,4302.20,11,4302.10,10,4302.00,12,4301.90,11,4301.80,12,4301.70,11,4302.90,4,4303.00,5,4303.10,6,4303.20,4,4303.30,4,4303.40,7,4303.50,16,4303.60,17,4303.70,16,4303.80,15,Sell,17,5,22,12.00,14.00,4.00,0.90,55.6,4302.20,4302.90,4302.00,4302.70,27,89,116,-62.00,13.00,-62.00,3.10,96.8,-102,132,0.0000,0.1667,-12.00,-51.00,4333.14,-3.7091,DOWN,107.35,1.0806,1.9772
20260916 205102 388,4302.70,1,4302.60,4302.90,0.30,4302.60,2,4302.50,5,4302.40,7,4302.30,4,4302.20,11,4302.10,10,4302.00,12,4301.90,11,4301.80,12,4301.70,11,4302.90,4,4303.00,5,4303.10,6,4303.20,4,4303.30,4,4303.40,7,4303.50,16,4303.60,17,4303.70,16,4303.80,15,Sell,17,6,23,11.00,14.00,4.00,0.90,55.6,4302.20,4302.90,4302.00,4302.70,27,89,116,-62.00,13.00,-62.00,3.10,96.8,-102,132,0.0000,0.2727,-13.00,-52.00,4333.14,-3.7091,DOWN,107.35,1.0806,1.9772
20260916 205105 333,4302.70,1,4302.70,4302.90,0.20,4302.60,3,4302.50,3,4302.40,7,4302.30,4,4302.20,11,4302.10,10,4302.00,12,4301.90,11,4301.80,12,4301.70,11,4302.90,4,4303.00,3,4303.10,6,4303.20,4,4303.30,4,4303.40,7,4303.50,16,4303.60,17,4303.70,16,4303.80,15,Sell,17,7,24,10.00,14.00,4.00,0.90,55.6,4302.20,4302.90,4302.00,4302.70,27,89,116,-62.00,13.00,-62.00,3.10,96.8,-102,132,0.0000,0.4000,-14.00,-53.00,4333.14,-3.7091,DOWN,107.35,1.0806,1.9772
20260916 205105 333,4302.70,1,4302.70,4302.90,0.20,4302.60,3,4302.50,3,4302.40,7,4302.30,4,4302.20,11,4302.10,10,4302.00,12,4301.90,11,4301.80,12,4301.70,11,4302.90,4,4303.00,3,4303.10,6,4303.20,4,4303.30,4,4303.40,7,4303.50,16,4303.60,17,4303.70,16,4303.80,15,Sell,17,8,25,9.00,14.00,4.00,0.90,55.6,4302.20,4302.90,4302.00,4302.70,27,89,116,-62.00,13.00,-62.00,3.10,96.8,-102,132,0.0000,0.5556,-15.00,-54.00,4333.14,-3.7091,DOWN,107.35,1.0806,1.9772
20260916 205105 572,4302.70,1,4302.60,4302.90,0.30,4302.60,3,4302.50,5,4302.40,7,4302.30,4,4302.20,11,4302.10,10,4302.00,12,4301.90,11,4301.80,12,4301.70,11,4302.90,2,4303.00,5,4303.10,6,4303.20,4,4303.30,4,4303.40,7,4303.50,16,4303.60,17,4303.70,16,4303.80,15,Sell,17,9,26,8.00,14.00,4.00,0.90,55.6,4302.20,4302.90,4302.00,4302.70,27,89,116,-62.00,13.00,-62.00,3.10,96.8,-102,132,0.0000,0.7500,-16.00,-55.00,4333.14,-3.7091,DOWN,107.35,1.0806,1.9772
20260916 205105 572,4302.70,1,4302.60,4302.90,0.30,4302.60,3,4302.50,5,4302.40,7,4302.30,4,4302.20,11,4302.10,10,4302.00,12,4301.90,11,4301.80,12,4301.70,11,4302.90,2,4303.00,5,4303.10,6,4303.20,4,4303.30,4,4303.40,7,4303.50,16,4303.60,17,4303.70,16,4303.80,15,Sell,17,10,27,7.00,14.00,4.00,0.90,55.6,4302.20,4302.90,4302.00,4302.70,27,89,116,-62.00,13.00,-62.00,3.10,96.8,-102,132,0.0000,1.0000,-17.00,-56.00,4333.14,-3.7091,DOWN,107.35,1.0806,1.9772
20260916 205105 572,4302.70,1,4302.60,4302.90,0.30,4302.60,3,4302.50,5,4302.40,7,4302.30,4,4302.20,11,4302.10,10,4302.00,12,4301.90,11,4301.80,12,4301.70,11,4302.90,2,4303.00,5,4303.10,6,4303.20,4,4303.30,4,4303.40,7,4303.50,16,4303.60,17,4303.70,16,4303.80,15,Sell,17,11,28,6.00,14.00,4.00,0.90,55.6,4302.20,4302.90,4302.00,4302.70,27,89,116,-62.00,13.00,-62.00,3.10,96.8,-102,132,0.0000,1.3333,-18.00,-57.00,4333.14,-3.7091,DOWN,107.35,1.0806,1.9772
20260916 205105 572,4302.70,1,4302.60,4302.90,0.30,4302.60,3,4302.50,5,4302.40,7,4302.30,4,4302.20,11,4302.10,10,4302.00,12,4301.90,11,4301.80,12,4301.70,11,4302.90,2,4303.00,5,4303.10,6,4303.20,4,4303.30,4,4303.40,7,4303.50,16,4303.60,17,4303.70,16,4303.80,15,Sell,17,12,29,5.00,14.00,4.00,0.90,55.6,4302.20,4302.90,4302.00,4302.70,27,89,116,-62.00,13.00,-62.00,3.10,96.8,-102,132,0.0000,1.8000,-19.00,-58.00,4333.14,-3.7091,DOWN,107.35,1.0806,1.9772
20260916 205105 572,4302.60,1,4302.60,4302.90,0.30,4302.60,3,4302.50,5,4302.40,7,4302.30,4,4302.20,11,4302.10,10,4302.00,12,4301.90,11,4301.80,12,4301.70,11,4302.90,2,4303.00,5,4303.10,6,4303.20,4,4303.30,4,4303.40,7,4303.50,16,4303.60,17,4303.70,16,4303.80,15,Sell,17,13,30,4.00,14.00,4.00,0.90,44.4,4302.20,4302.90,4302.00,4302.60,27,89,116,-62.00,13.00,-62.00,3.10,96.8,-102,132,0.0000,2.5000,-20.00,-59.00,4333.13,-3.7123,DOWN,107.35,1.0806,1.9772
20260916 205105 572,4302.60,1,4302.60,4302.90,0.30,4302.60,3,4302.50,5,4302.40,7,4302.30,4,4302.20,11,4302.10,10,4302.00,12,4301.90,11,4301.80,12,4301.70,11,4302.90,2,4303.00,5,4303.10,6,4303.20,4,4303.30,4,4303.40,7,4303.50,16,4303.60,17,4303.70,16,4303.80,15,Sell,17,14,31,3.00,14.00,3.00,0.90,44.4,4302.20,4302.90,4302.00,4302.60,27,89,116,-62.00,13.00,-62.00,3.10,96.8,-102,132,0.0000,3.6667,-21.00,-60.00,4333.13,-3.7123,DOWN,107.35,1.0806,1.9772
20260916 205105 572,4302.60,1,4302.60,4302.90,0.30,4302.60,3,4302.50,5,4302.40,7,4302.30,4,4302.20,11,4302.10,10,4302.00,12,4301.90,11,4301.80,12,4301.70,11,4302.90,2,4303.00,5,4303.10,6,4303.20,4,4303.30,4,4303.40,7,4303.50,16,4303.60,17,4303.70,16,4303.80,15,Sell,17,15,32,2.00,14.00,2.00,0.90,44.4,4302.20,4302.90,4302.00,4302.60,27,89,116,-62.00,13.00,-62.00,3.10,96.8,-102,132,0.0000,6.0000,-22.00,-61.00,4333.13,-3.7123,DOWN,107.35,1.0806,1.9772
20260916 205105 572,4302.60,1,4302.60,4302.90,0.30,4302.60,3,4302.50,5,4302.40,7,4302.30,4,4302.20,11,4302.10,10,4302.00,12,4301.90,11,4301.80,12,4301.70,11,4302.90,2,4303.00,5,4303.10,6,4303.20,4,4303.30,4,4303.40,7,4303.50,16,4303.60,17,4303.70,16,4303.80,15,Sell,17,16,33,1.00,14.00,1.00,0.90,44.4,4302.20,4302.90,4302.00,4302.60,27,89,116,-62.00,13.00,-62.00,3.10,96.8,-102,132,0.0000,13.0000,-23.00,-62.00,4333.13,-3.7123,DOWN,107.35,1.0806,1.9772
20260916 205111 168,4302.70,1,4302.60,4302.90,0.30,4302.60,3,4302.50,5,4302.40,5,4302.30,6,4302.20,5,4302.10,10,4302.00,12,4301.90,11,4301.80,12,4301.70,11,4302.90,2,4303.00,3,4303.10,6,4303.20,4,4303.30,4,4303.40,17,4303.50,16,4303.60,17,4303.70,16,4303.80,15,Sell,17,17,34,0.00,14.00,0.00,0.90,55.6,4302.20,4302.90,4302.00,4302.70,27,89,116,-62.00,13.00,-62.00,3.10,96.8,-102,132,0.0000,14.0000,-24.00,-63.00,4333.14,-3.7091,DOWN,107.35,1.0806,1.9772
20260916 205111 197,4302.60,1,4302.60,4302.90,0.30,4302.60,3,4302.50,5,4302.40,5,4302.30,6,4302.20,5,4302.10,10,4302.00,12,4301.90,11,4301.80,12,4301.70,11,4302.90,2,4303.00,3,4303.10,6,4303.20,4,4303.30,4,4303.40,17,4303.50,16,4303.60,17,4303.70,16,4303.80,15,Sell,17,18,35,-1.00,14.00,-1.00,0.90,44.4,4302.20,4302.90,4302.00,4302.60,27,89,116,-62.00,13.00,-62.00,3.10,96.8,-102,132,0.0000,0.0000,-25.00,-64.00,4333.13,-3.7123,DOWN,107.35,1.0806,1.9772
20260916 205111 197,4302.60,1,4302.60,4302.90,0.30,4302.60,3,4302.50,5,4302.40,5,4302.30,6,4302.20,5,4302.10,10,4302.00,12,4301.90,11,4301.80,12,4301.70,11,4302.90,2,4303.00,3,4303.10,6,4303.20,4,4303.30,4,4303.40,17,4303.50,16,4303.60,17,4303.70,16,4303.80,15,Sell,17,19,36,-2.00,14.00,-2.00,0.90,44.4,4302.20,4302.90,4302.00,4302.60,27,89,116,-62.00,13.00,-62.00,3.10,96.8,-102,132,0.0000,0.0000,-26.00,-65.00,4333.13,-3.7123,DOWN,107.35,1.0806,1.9772
20260916 205111 210,4302.60,1,4302.60,4302.90,0.30,4302.60,3,4302.50,5,4302.40,5,4302.30,6,4302.20,5,4302.10,10,4302.00,12,4301.90,11,4301.80,12,4301.70,11,4302.90,2,4303.00,3,4303.10,6,4303.20,4,4303.30,4,4303.40,17,4303.50,16,4303.60,17,4303.70,16,4303.80,15,Sell,17,20,37,-3.00,14.00,-3.00,0.90,44.4,4302.20,4302.90,4302.00,4302.60,27,89,116,-62.00,13.00,-62.00,3.10,96.8,-102,132,0.0000,0.0000,-27.00,-66.00,4333.13,-3.7123,DOWN,107.35,1.0806,1.9772
20260916 205111 210,4302.50,1,4302.60,4302.90,0.30,4302.60,3,4302.50,5,4302.40,5,4302.30,6,4302.20,5,4302.10,10,4302.00,12,4301.90,11,4301.80,12,4301.70,11,4302.90,2,4303.00,3,4303.10,6,4303.20,4,4303.30,4,4303.40,17,4303.50,16,4303.60,17,4303.70,16,4303.80,15,Sell,17,21,38,-4.00,14.00,-4.00,0.90,33.3,4302.20,4302.90,4302.00,4302.50,27,89,116,-62.00,13.00,-62.00,3.10,96.8,-102,132,0.0000,0.0000,-28.00,-67.00,4333.12,-3.7154,DOWN,107.35,1.0806,1.9772
20260916 205111 222,4302.60,1,4302.60,4302.90,0.30,4302.60,3,4302.50,5,4302.40,5,4302.30,6,4302.20,5,4302.10,10,4302.00,12,4301.90,11,4301.80,12,4301.70,11,4302.90,2,4303.00,3,4303.10,6,4303.20,4,4303.30,4,4303.40,17,4303.50,16,4303.60,17,4303.70,16,4303.80,15,Sell,17,22,39,-5.00,14.00,-5.00,0.90,44.4,4302.20,4302.90,4302.00,4302.60,27,89,116,-62.00,13.00,-62.00,3.10,96.8,-102,132,0.0000,0.0000,-29.00,-68.00,4333.13,-3.7123,DOWN,107.35,1.0806,1.9772
20260916 205111 222,4302.50,1,4302.60,4302.90,0.30,4302.60,3,4302.50,5,4302.40,5,4302.30,6,4302.20,5,4302.10,10,4302.00,12,4301.90,11,4301.80,12,4301.70,11,4302.90,2,4303.00,3,4303.10,6,4303.20,4,4303.30,4,4303.40,17,4303.50,16,4303.60,17,4303.70,16,4303.80,15,Sell,17,23,40,-6.00,14.00,-6.00,0.90,33.3,4302.20,4302.90,4302.00,4302.50,27,89,116,-62.00,13.00,-62.00,3.10,96.8,-102,132,0.0000,0.0000,-30.00,-69.00,4333.12,-3.7154,DOWN,107.35,1.0806,1.9772
20260916 205111 254,4302.90,1,4302.60,4302.90,0.30,4302.60,3,4302.50,5,4302.40,5,4302.30,6,4302.20,5,4302.10,10,4302.00,12,4301.90,11,4301.80,12,4301.70,11,4302.90,2,4303.00,3,4303.10,6,4303.20,4,4303.30,4,4303.40,17,4303.50,16,4303.60,17,4303.70,16,4303.80,15,Buy,18,23,41,-5.00,14.00,-6.00,0.90,77.8,4302.20,4302.90,4302.00,4302.90,27,89,116,-62.00,13.00,-62.00,3.10,96.8,-102,132,0.0000,0.2000,-29.00,-68.00,4333.16,-3.7027,DOWN,107.35,1.0806,1.9772
20260916 205111 508,4302.70,1,4302.60,4302.90,0.30,4302.60,3,4302.50,4,4302.40,6,4302.30,6,4302.20,5,4302.10,10,4302.00,12,4301.90,11,4301.80,12,4301.70,11,4302.90,2,4303.00,3,4303.10,6,4303.20,4,4303.30,4,4303.40,17,4303.50,16,4303.60,17,4303.70,16,4303.80,15,Sell,18,24,42,-6.00,14.00,-6.00,0.90,55.6,4302.20,4302.90,4302.00,4302.70,27,89,116,-62.00,13.00,-62.00,3.10,96.8,-102,132,0.0000,0.0000,-30.00,-69.00,4333.14,-3.7091,DOWN,107.35,1.0806,1.9772
20260916 205112 744,4302.70,1,4302.50,4302.80,0.30,4302.50,2,4302.40,4,4302.30,3,4302.20,5,4302.10,4,4302.00,6,4301.90,11,4301.80,12,4301.70,11,4301.60,13,4302.80,1,4302.90,4,4303.00,5,4303.10,6,4303.20,4,4303.30,4,4303.40,17,4303.50,16,4303.60,17,4303.70,16,Sell,18,25,43,-7.00,14.00,-7.00,0.90,55.6,4302.20,4302.90,4302.00,4302.70,27,89,116,-62.00,13.00,-62.00,3.10,96.8,-102,132,0.0000,0.0000,-31.00,-70.00,4333.14,-3.7091,DOWN,107.35,1.0806,1.9772
20260916 205112 745,4302.60,1,4302.50,4302.80,0.30,4302.50,2,4302.40,4,4302.30,3,4302.20,5,4302.10,4,4302.00,6,4301.90,11,4301.80,12,4301.70,11,4301.60,13,4302.80,1,4302.90,4,4303.00,5,4303.10,6,4303.20,4,4303.30,4,4303.40,17,4303.50,16,4303.60,17,4303.70,16,Sell,18,26,44,-8.00,14.00,-8.00,0.90,44.4,4302.20,4302.90,4302.00,4302.60,27,89,116,-62.00,13.00,-62.00,3.10,96.8,-102,132,0.0000,0.0000,-32.00,-71.00,4333.13,-3.7123,DOWN,107.35,1.0806,1.9772
20260916 205114 282,4302.50,1,4302.50,4302.80,0.30,4302.50,2,4302.40,5,4302.30,7,4302.20,5,4302.10,4,4302.00,12,4301.90,11,4301.80,12,4301.70,11,4301.60,13,4302.80,3,4302.90,3,4303.00,5,4303.10,6,4303.20,4,4303.30,4,4303.40,17,4303.50,16,4303.60,17,4303.70,16,Sell,18,27,45,-9.00,14.00,-9.00,0.90,33.3,4302.20,4302.90,4302.00,4302.50,27,89,116,-62.00,13.00,-62.00,3.10,96.8,-102,132,0.0000,0.0000,-33.00,-72.00,4333.12,-3.7154,DOWN,107.35,1.0806,1.9772
20260916 205114 282,4302.50,1,4302.50,4302.80,0.30,4302.50,2,4302.40,5,4302.30,7,4302.20,5,4302.10,4,4302.00,12,4301.90,11,4301.80,12,4301.70,11,4301.60,13,4302.80,3,4302.90,3,4303.00,5,4303.10,6,4303.20,4,4303.30,4,4303.40,17,4303.50,16,4303.60,17,4303.70,16,Sell,18,28,46,-10.00,14.00,-10.00,0.90,33.3,4302.20,4302.90,4302.00,4302.50,27,89,116,-62.00,13.00,-62.00,3.10,96.8,-102,132,0.0000,0.0000,-34.00,-73.00,4333.12,-3.7154,DOWN,107.35,1.0806,1.9772
20260916 205114 282,4302.50,1,4302.50,4302.80,0.30,4302.50,2,4302.40,5,4302.30,7,4302.20,5,4302.10,4,4302.00,12,4301.90,11,4301.80,12,4301.70,11,4301.60,13,4302.80,3,4302.90,3,4303.00,5,4303.10,6,4303.20,4,4303.30,4,4303.40,17,4303.50,16,4303.60,17,4303.70,16,Sell,18,29,47,-11.00,14.00,-11.00,0.90,33.3,4302.20,4302.90,4302.00,4302.50,27,89,116,-62.00,13.00,-62.00,3.10,96.8,-102,132,0.0000,0.0000,-35.00,-74.00,4333.12,-3.7154,DOWN,107.35,1.0806,1.9772
20260916 205114 284,4302.50,1,4302.50,4302.80,0.30,4302.50,2,4302.40,5,4302.30,7,4302.20,5,4302.10,4,4302.00,12,4301.90,11,4301.80,12,4301.70,11,4301.60,13,4302.80,3,4302.90,3,4303.00,5,4303.10,6,4303.20,4,4303.30,4,4303.40,17,4303.50,16,4303.60,17,4303.70,16,Buy,19,29,48,-10.00,14.00,-11.00,0.90,33.3,4302.20,4302.90,4302.00,4302.50,27,89,116,-62.00,13.00,-62.00,3.10,96.8,-102,132,0.0000,0.1000,-34.00,-73.00,4333.12,-3.7154,DOWN,107.35,1.0806,1.9772
20260916 205114 285,4302.50,1,4302.50,4302.80,0.30,4302.50,2,4302.40,5,4302.30,7,4302.20,5,4302.10,4,4302.00,12,4301.90,11,4301.80,12,4301.70,11,4301.60,13,4302.80,3,4302.90,3,4303.00,5,4303.10,6,4303.20,4,4303.30,4,4303.40,17,4303.50,16,4303.60,17,4303.70,16,Buy,20,29,49,-9.00,14.00,-11.00,0.90,33.3,4302.20,4302.90,4302.00,4302.50,27,89,116,-62.00,13.00,-62.00,3.10,96.8,-102,132,0.0000,0.2222,-33.00,-72.00,4333.12,-3.7154,DOWN,107.35,1.0806,1.9772
20260916 205117 494,4302.50,1,4302.50,4302.80,0.30,4302.50,1,4302.40,4,4302.30,7,4302.20,5,4302.10,4,4302.00,12,4301.90,11,4301.80,12,4301.70,11,4301.60,13,4302.80,3,4302.90,3,4303.00,5,4303.10,6,4303.20,4,4303.30,4,4303.40,17,4303.50,16,4303.60,17,4303.70,16,Sell,20,30,50,-10.00,14.00,-11.00,0.90,33.3,4302.20,4302.90,4302.00,4302.50,27,89,116,-62.00,13.00,-62.00,3.10,96.8,-102,132,0.0000,0.1000,-34.00,-73.00,4333.12,-3.7154,DOWN,107.35,1.0806,1.9772
20260916 205117 924,4302.80,1,4302.60,4302.80,0.20,4302.60,1,4302.50,3,4302.40,4,4302.30,7,4302.20,5,4302.10,4,4302.00,12,4301.90,11,4301.80,12,4301.70,11,4302.80,2,4302.90,3,4303.00,5,4303.10,6,4303.20,4,4303.30,4,4303.40,17,4303.50,16,4303.60,17,4303.70,16,Buy,21,30,51,-9.00,14.00,-11.00,0.90,66.7,4302.20,4302.90,4302.00,4302.80,27,89,116,-62.00,13.00,-62.00,3.10,96.8,-102,132,0.0000,0.2222,-33.00,-72.00,4333.15,-3.7059,DOWN,107.35,1.0806,1.9772
20260916 205121 537,4302.70,1,4302.70,4303.00,0.30,4302.70,1,4302.60,5,4302.50,4,4302.40,5,4302.30,8,4302.20,11,4302.10,10,4302.00,12,4301.90,11,4301.80,12,4303.00,3,4303.10,3,4303.20,4,4303.30,4,4303.40,7,4303.50,16,4303.60,17,4303.70,16,4303.80,15,4303.90,20,Sell,21,31,52,-10.00,14.00,-11.00,0.90,55.6,4302.20,4302.90,4302.00,4302.70,27,89,116,-62.00,13.00,-62.00,3.10,96.8,-102,132,0.0000,0.1000,-34.00,-73.00,4333.14,-3.7091,DOWN,107.35,1.0806,1.9772
20260916 205121 537,4302.70,1,4302.70,4303.00,0.30,4302.70,1,4302.60,5,4302.50,4,4302.40,5,4302.30,8,4302.20,11,4302.10,10,4302.00,12,4301.90,11,4301.80,12,4303.00,3,4303.10,3,4303.20,4,4303.30,4,4303.40,7,4303.50,16,4303.60,17,4303.70,16,4303.80,15,4303.90,20,Sell,21,32,53,-11.00,14.00,-11.00,0.90,55.6,4302.20,4302.90,4302.00,4302.70,27,89,116,-62.00,13.00,-62.00,3.10,96.8,-102,132,0.0000,0.0000,-35.00,-74.00,4333.14,-3.7091,DOWN,107.35,1.0806,1.9772
20260916 205123 342,4302.70,1,4302.60,4302.90,0.30,4302.60,3,4302.50,3,4302.40,5,4302.30,8,4302.20,11,4302.10,10,4302.00,12,4301.90,11,4301.80,12,4301.70,11,4302.90,3,4303.00,3,4303.10,4,4303.20,4,4303.30,4,4303.40,7,4303.50,16,4303.60,17,4303.70,16,4303.80,15,Sell,21,33,54,-12.00,14.00,-12.00,0.90,55.6,4302.20,4302.90,4302.00,4302.70,27,89,116,-62.00,13.00,-62.00,3.10,96.8,-102,132,0.0000,0.0000,-36.00,-75.00,4333.14,-3.7091,DOWN,107.35,1.0806,1.9772
20260916 205123 342,4302.70,1,4302.60,4302.90,0.30,4302.60,3,4302.50,3,4302.40,5,4302.30,8,4302.20,11,4302.10,10,4302.00,12,4301.90,11,4301.80,12,4301.70,11,4302.90,3,4303.00,3,4303.10,4,4303.20,4,4303.30,4,4303.40,7,4303.50,16,4303.60,17,4303.70,16,4303.80,15,Sell,21,34,55,-13.00,14.00,-13.00,0.90,55.6,4302.20,4302.90,4302.00,4302.70,27,89,116,-62.00,13.00,-62.00,3.10,96.8,-102,132,0.0000,0.0000,-37.00,-76.00,4333.14,-3.7091,DOWN,107.35,1.0806,1.9772
20260916 205123 852,4302.70,1,4302.70,4303.00,0.30,4302.70,5,4302.60,3,4302.50,3,4302.40,5,4302.30,8,4302.20,11,4302.10,10,4302.00,12,4301.90,11,4301.80,12,4303.00,3,4303.10,4,4303.20,4,4303.30,4,4303.40,7,4303.50,16,4303.60,17,4303.70,16,4303.80,15,4303.90,20,Sell,21,35,56,-14.00,14.00,-14.00,0.90,55.6,4302.20,4302.90,4302.00,4302.70,27,89,116,-62.00,13.00,-62.00,3.10,96.8,-102,132,0.0000,0.0000,-38.00,-77.00,4333.14,-3.7091,DOWN,107.35,1.0806,1.9772
20260916 205123 852,4302.70,1,4302.70,4303.00,0.30,4302.70,5,4302.60,3,4302.50,3,4302.40,5,4302.30,8,4302.20,11,4302.10,10,4302.00,12,4301.90,11,4301.80,12,4303.00,3,4303.10,4,4303.20,4,4303.30,4,4303.40,7,4303.50,16,4303.60,17,4303.70,16,4303.80,15,4303.90,20,Sell,21,36,57,-15.00,14.00,-15.00,0.90,55.6,4302.20,4302.90,4302.00,4302.70,27,89,116,-62.00,13.00,-62.00,3.10,96.8,-102,132,0.0000,0.0000,-39.00,-78.00,4333.14,-3.7091,DOWN,107.35,1.0806,1.9772
20260916 205124 493,4302.70,1,4302.70,4302.90,0.20,4302.70,2,4302.60,5,4302.50,3,4302.40,5,4302.30,8,4302.20,11,4302.10,10,4302.00,12,4301.90,11,4301.80,12,4302.90,1,4303.00,3,4303.10,4,4303.20,4,4303.30,4,4303.40,7,4303.50,16,4303.60,17,4303.70,16,4303.80,15,Sell,21,37,58,-16.00,14.00,-16.00,0.90,55.6,4302.20,4302.90,4302.00,4302.70,27,89,116,-62.00,13.00,-62.00,3.10,96.8,-102,132,0.0000,0.0000,-40.00,-79.00,4333.14,-3.7091,DOWN,107.35,1.0806,1.9772
20260916 205124 494,4302.70,1,4302.70,4302.90,0.20,4302.70,2,4302.60,5,4302.50,3,4302.40,5,4302.30,8,4302.20,11,4302.10,10,4302.00,12,4301.90,11,4301.80,12,4302.90,1,4303.00,3,4303.10,4,4303.20,4,4303.30,4,4303.40,7,4303.50,16,4303.60,17,4303.70,16,4303.80,15,Sell,21,38,59,-17.00,14.00,-17.00,0.90,55.6,4302.20,4302.90,4302.00,4302.70,27,89,116,-62.00,13.00,-62.00,3.10,96.8,-102,132,0.0000,0.0000,-41.00,-80.00,4333.14,-3.7091,DOWN,107.35,1.0806,1.9772
20260916 205124 494,4302.70,1,4302.70,4302.90,0.20,4302.70,2,4302.60,5,4302.50,3,4302.40,5,4302.30,8,4302.20,11,4302.10,10,4302.00,12,4301.90,11,4301.80,12,4302.90,1,4303.00,3,4303.10,4,4303.20,4,4303.30,4,4303.40,7,4303.50,16,4303.60,17,4303.70,16,4303.80,15,Sell,21,39,60,-18.00,14.00,-18.00,0.90,55.6,4302.20,4302.90,4302.00,4302.70,27,89,116,-62.00,13.00,-62.00,3.10,96.8,-102,132,0.0000,0.0000,-42.00,-81.00,4333.14,-3.7091,DOWN,107.35,1.0806,1.9772
20260916 205124 494,4302.70,1,4302.70,4302.90,0.20,4302.70,2,4302.60,5,4302.50,3,4302.40,5,4302.30,8,4302.20,11,4302.10,10,4302.00,12,4301.90,11,4301.80,12,4302.90,1,4303.00,3,4303.10,4,4303.20,4,4303.30,4,4303.40,7,4303.50,16,4303.60,17,4303.70,16,4303.80,15,Sell,21,40,61,-19.00,14.00,-19.00,0.90,55.6,4302.20,4302.90,4302.00,4302.70,27,89,116,-62.00,13.00,-62.00,3.10,96.8,-102,132,0.0000,0.0000,-43.00,-82.00,4333.14,-3.7091,DOWN,107.35,1.0806,1.9772
20260916 205127 989,4302.80,1,4302.70,4303.00,0.30,4302.70,4,4302.60,4,4302.50,3,4302.40,5,4302.30,8,4302.20,11,4302.10,10,4302.00,12,4301.90,11,4301.80,12,4303.00,3,4303.10,4,4303.20,4,4303.30,4,4303.40,7,4303.50,15,4303.60,17,4303.70,16,4303.80,15,4303.90,20,Sell,21,41,62,-20.00,14.00,-20.00,0.90,66.7,4302.20,4302.90,4302.00,4302.80,27,89,116,-62.00,13.00,-62.00,3.10,96.8,-102,132,0.0000,0.0000,-44.00,-83.00,4333.15,-3.7059,DOWN,107.35,1.0806,1.9772
20260916 205127 989,4302.80,1,4302.70,4303.00,0.30,4302.70,4,4302.60,4,4302.50,3,4302.40,5,4302.30,8,4302.20,11,4302.10,10,4302.00,12,4301.90,11,4301.80,12,4303.00,3,4303.10,4,4303.20,4,4303.30,4,4303.40,7,4303.50,15,4303.60,17,4303.70,16,4303.80,15,4303.90,20,Sell,21,42,63,-21.00,14.00,-21.00,0.90,66.7,4302.20,4302.90,4302.00,4302.80,27,89,116,-62.00,13.00,-62.00,3.10,96.8,-102,132,0.0000,0.0000,-45.00,-84.00,4333.15,-3.7059,DOWN,107.35,1.0806,1.9772
20260916 205129 040,4302.70,1,4302.70,4302.90,0.20,4302.70,3,4302.60,4,4302.50,3,4302.40,5,4302.30,8,4302.20,11,4302.10,10,4302.00,12,4301.90,11,4301.80,12,4302.90,1,4303.00,2,4303.10,4,4303.20,4,4303.30,4,4303.40,7,4303.50,15,4303.60,17,4303.70,16,4303.80,15,Sell,21,43,64,-22.00,14.00,-22.00,0.90,55.6,4302.20,4302.90,4302.00,4302.70,27,89,116,-62.00,13.00,-62.00,3.10,96.8,-102,132,0.0000,0.0000,-46.00,-85.00,4333.14,-3.7091,DOWN,107.35,1.0806,1.9772
20260916 205130 915,4302.30,1,4302.10,4302.40,0.30,4302.10,3,4302.00,5,4301.90,5,4301.80,6,4301.70,11,4301.60,13,4301.50,9,4301.40,10,4301.30,10,4301.20,14,4302.40,1,4302.50,4,4302.60,3,4302.70,5,4302.80,2,4302.90,4,4303.00,3,4303.10,16,4303.20,15,4303.30,14,Sell,21,44,65,-23.00,14.00,-23.00,0.90,11.1,4302.20,4302.90,4302.00,4302.30,27,89,116,-62.00,13.00,-62.00,3.10,96.8,-102,132,0.0000,0.0000,-47.00,-86.00,4333.11,-3.7218,DOWN,107.35,1.0806,1.9772
20260916 205131 555,4302.40,1,4302.30,4302.60,0.30,4302.30,3,4302.20,6,4302.10,3,4302.00,5,4301.90,5,4301.80,12,4301.70,11,4301.60,13,4301.50,9,4301.40,10,4302.60,1,4302.70,4,4302.80,3,4302.90,5,4303.00,4,4303.10,6,4303.20,5,4303.30,14,4303.40,17,4303.50,15,Sell,21,45,66,-24.00,14.00,-24.00,0.90,22.2,4302.20,4302.90,4302.00,4302.40,27,89,116,-62.00,13.00,-62.00,3.10,96.8,-102,132,0.0000,0.0000,-48.00,-87.00,4333.12,-3.7186,DOWN,107.35,1.0806,1.9772
20260916 205131 555,4302.40,1,4302.30,4302.60,0.30,4302.30,3,4302.20,6,4302.10,3,4302.00,5,4301.90,5,4301.80,12,4301.70,11,4301.60,13,4301.50,9,4301.40,10,4302.60,1,4302.70,4,4302.80,3,4302.90,5,4303.00,4,4303.10,6,4303.20,5,4303.30,14,4303.40,17,4303.50,15,Sell,21,46,67,-25.00,14.00,-25.00,0.90,22.2,4302.20,4302.90,4302.00,4302.40,27,89,116,-62.00,13.00,-62.00,3.10,96.8,-102,132,0.0000,0.0000,-49.00,-88.00,4333.12,-3.7186,DOWN,107.35,1.0806,1.9772
20260916 205132 325,4302.30,1,4302.20,4302.50,0.30,4302.20,3,4302.10,3,4302.00,5,4301.90,5,4301.80,12,4301.70,11,4301.60,13,4301.50,9,4301.40,10,4301.30,10,4302.50,2,4302.60,4,4302.70,5,4302.80,3,4302.90,5,4303.00,4,4303.10,16,4303.20,15,4303.30,14,4303.40,17,Sell,21,47,68,-26.00,14.00,-26.00,0.90,11.1,4302.20,4302.90,4302.00,4302.30,27,89,116,-62.00,13.00,-62.00,3.10,96.8,-102,132,0.0000,0.0000,-50.00,-89.00,4333.11,-3.7218,DOWN,107.35,1.0806,1.9772
20260916 205132 325,4302.30,1,4302.20,4302.50,0.30,4302.20,3,4302.10,3,4302.00,5,4301.90,5,4301.80,12,4301.70,11,4301.60,13,4301.50,9,4301.40,10,4301.30,10,4302.50,2,4302.60,4,4302.70,5,4302.80,3,4302.90,5,4303.00,4,4303.10,16,4303.20,15,4303.30,14,4303.40,17,Sell,21,48,69,-27.00,14.00,-27.00,0.90,11.1,4302.20,4302.90,4302.00,4302.30,27,89,116,-62.00,13.00,-62.00,3.10,96.8,-102,132,0.0000,0.0000,-51.00,-90.00,4333.11,-3.7218,DOWN,107.35,1.0806,1.9772
20260916 205132 325,4302.30,1,4302.20,4302.50,0.30,4302.20,3,4302.10,3,4302.00,5,4301.90,5,4301.80,12,4301.70,11,4301.60,13,4301.50,9,4301.40,10,4301.30,10,4302.50,2,4302.60,4,4302.70,5,4302.80,3,4302.90,5,4303.00,4,4303.10,16,4303.20,15,4303.30,14,4303.40,17,Sell,21,49,70,-28.00,14.00,-28.00,0.90,11.1,4302.20,4302.90,4302.00,4302.30,27,89,116,-62.00,13.00,-62.00,3.10,96.8,-102,132,0.0000,0.0000,-52.00,-91.00,4333.11,-3.7218,DOWN,107.35,1.0806,1.9772
20260916 205135 967,4302.40,1,4302.10,4302.40,0.30,4302.10,4,4302.00,5,4301.90,4,4301.80,12,4301.70,11,4301.60,13,4301.50,9,4301.40,10,4301.30,10,4301.20,14,4302.40,2,4302.50,3,4302.60,5,4302.70,5,4302.80,3,4302.90,5,4303.00,4,4303.10,16,4303.20,15,4303.30,14,Buy,22,49,71,-27.00,14.00,-28.00,0.90,22.2,4302.20,4302.90,4302.00,4302.40,27,89,116,-62.00,13.00,-62.00,3.10,96.8,-102,132,0.0000,0.0370,-51.00,-90.00,4333.12,-3.7186,DOWN,107.35,1.0806,1.9772
20260916 205137 106,4302.20,1,4302.20,4302.40,0.20,4302.20,2,4302.10,3,4302.00,5,4301.90,4,4301.80,12,4301.70,11,4301.60,13,4301.50,9,4301.40,10,4301.30,10,4302.40,1,4302.50,3,4302.60,5,4302.70,5,4302.80,3,4302.90,5,4303.00,4,4303.10,16,4303.20,15,4303.30,14,Sell,22,50,72,-28.00,14.00,-28.00,0.90,0.0,4302.20,4302.90,4302.00,4302.20,27,89,116,-62.00,13.00,-62.00,3.10,96.8,-102,132,0.0000,0.0000,-52.00,-91.00,4333.10,-3.7249,DOWN,107.35,1.0806,1.9772
20260916 205137 106,4302.20,1,4302.20,4302.40,0.20,4302.20,2,4302.10,3,4302.00,5,4301.90,4,4301.80,12,4301.70,11,4301.60,13,4301.50,9,4301.40,10,4301.30,10,4302.40,1,4302.50,3,4302.60,5,4302.70,5,4302.80,3,4302.90,5,4303.00,4,4303.10,16,4303.20,15,4303.30,14,Sell,22,51,73,-29.00,14.00,-29.00,0.90,0.0,4302.20,4302.90,4302.00,4302.20,27,89,116,-62.00,13.00,-62.00,3.10,96.8,-102,132,0.0000,0.0000,-53.00,-92.00,4333.10,-3.7249,DOWN,107.35,1.0806,1.9772
20260916 205137 238,4302.00,1,4301.90,4302.20,0.30,4301.90,2,4301.80,5,4301.70,5,4301.60,7,4301.50,9,4301.40,10,4301.30,10,4301.20,14,4301.10,14,4301.00,14,4302.20,3,4302.30,4,4302.40,4,4302.50,4,4302.60,6,4302.70,5,4302.80,10,4302.90,12,4303.00,11,4303.10,13,Sell,22,52,74,-30.00,14.00,-30.00,0.90,22.2,4302.20,4302.90,4302.00,4302.00,27,89,116,-62.00,13.00,-62.00,3.10,96.8,-102,132,0.0000,0.0000,-54.00,-93.00,4333.08,-3.7313,DOWN,107.35,1.0806,1.9772
20260916 205137 238,4302.00,1,4301.90,4302.20,0.30,4301.90,2,4301.80,5,4301.70,5,4301.60,7,4301.50,9,4301.40,10,4301.30,10,4301.20,14,4301.10,14,4301.00,14,4302.20,3,4302.30,4,4302.40,4,4302.50,4,4302.60,6,4302.70,5,4302.80,10,4302.90,12,4303.00,11,4303.10,13,Sell,22,53,75,-31.00,14.00,-31.00,0.90,22.2,4302.20,4302.90,4302.00,4302.00,27,89,116,-62.00,13.00,-62.00,3.10,96.8,-102,132,0.0000,0.0000,-55.00,-94.00,4333.08,-3.7313,DOWN,107.35,1.0806,1.9772
20260916 205138 790,4301.90,1,4301.80,4302.20,0.40,4301.80,5,4301.70,5,4301.60,7,4301.50,9,4301.40,10,4301.30,10,4301.20,14,4301.10,14,4301.00,14,4300.90,9,4302.20,2,4302.30,3,4302.40,3,4302.50,4,4302.60,6,4302.70,6,4302.80,10,4302.90,12,4303.00,11,4303.10,13,Sell,22,54,76,-32.00,14.00,-32.00,1.00,30.0,4302.20,4302.90,4301.90,4301.90,27,89,116,-62.00,13.00,-62.00,3.10,96.8,-102,132,0.0000,0.0000,-56.00,-95.00,4333.07,-3.7345,DOWN,107.35,1.0806,1.9772
20260916 205138 790,4301.90,1,4301.80,4302.20,0.40,4301.80,5,4301.70,5,4301.60,7,4301.50,9,4301.40,10,4301.30,10,4301.20,14,4301.10,14,4301.00,14,4300.90,9,4302.20,2,4302.30,3,4302.40,3,4302.50,4,4302.60,6,4302.70,6,4302.80,10,4302.90,12,4303.00,11,4303.10,13,Sell,22,55,77,-33.00,14.00,-33.00,1.00,30.0,4302.20,4302.90,4301.90,4301.90,27,89,116,-62.00,13.00,-62.00,3.10,96.8,-102,132,0.0000,0.0000,-57.00,-96.00,4333.07,-3.7345,DOWN,107.35,1.0806,1.9772
20260916 205138 790,4301.90,1,4301.80,4302.20,0.40,4301.80,5,4301.70,5,4301.60,7,4301.50,9,4301.40,10,4301.30,10,4301.20,14,4301.10,14,4301.00,14,4300.90,9,4302.20,2,4302.30,3,4302.40,3,4302.50,4,4302.60,6,4302.70,6,4302.80,10,4302.90,12,4303.00,11,4303.10,13,Sell,22,56,78,-34.00,14.00,-34.00,1.00,30.0,4302.20,4302.90,4301.90,4301.90,27,89,116,-62.00,13.00,-62.00,3.10,96.8,-102,132,0.0000,0.0000,-58.00,-97.00,4333.07,-3.7345,DOWN,107.35,1.0806,1.9772
20260916 205139 901,4302.00,1,4301.90,4302.20,0.30,4301.90,3,4301.80,4,4301.70,4,4301.60,7,4301.50,9,4301.40,10,4301.30,10,4301.20,14,4301.10,14,4301.00,14,4302.20,1,4302.30,3,4302.40,3,4302.50,4,4302.60,6,4302.70,6,4302.80,10,4302.90,12,4303.00,11,4303.10,13,Sell,22,57,79,-35.00,14.00,-35.00,1.00,20.0,4302.20,4302.90,4301.90,4302.00,27,89,116,-62.00,13.00,-62.00,3.10,96.8,-102,132,0.0000,0.0000,-59.00,-98.00,4333.08,-3.7313,DOWN,107.35,1.0806,1.9772
20260916 205139 901,4302.00,1,4301.90,4302.20,0.30,4301.90,3,4301.80,4,4301.70,4,4301.60,7,4301.50,9,4301.40,10,4301.30,10,4301.20,14,4301.10,14,4301.00,14,4302.20,1,4302.30,3,4302.40,3,4302.50,4,4302.60,6,4302.70,6,4302.80,10,4302.90,12,4303.00,11,4303.10,13,Sell,22,58,80,-36.00,14.00,-36.00,1.00,20.0,4302.20,4302.90,4301.90,4302.00,27,89,116,-62.00,13.00,-62.00,3.10,96.8,-102,132,0.0000,0.0000,-60.00,-99.00,4333.08,-3.7313,DOWN,107.35,1.0806,1.9772
20260916 205139 901,4301.90,1,4301.90,4302.20,0.30,4301.90,3,4301.80,4,4301.70,4,4301.60,7,4301.50,9,4301.40,10,4301.30,10,4301.20,14,4301.10,14,4301.00,14,4302.20,1,4302.30,3,4302.40,3,4302.50,4,4302.60,6,4302.70,6,4302.80,10,4302.90,12,4303.00,11,4303.10,13,Sell,22,59,81,-37.00,14.00,-37.00,1.00,30.0,4302.20,4302.90,4301.90,4301.90,27,89,116,-62.00,13.00,-62.00,3.10,96.8,-102,132,0.0000,0.0000,-61.00,-100.00,4333.07,-3.7345,DOWN,107.35,1.0806,1.9772
20260916 205139 901,4301.90,1,4301.90,4302.20,0.30,4301.90,3,4301.80,4,4301.70,4,4301.60,7,4301.50,9,4301.40,10,4301.30,10,4301.20,14,4301.10,14,4301.00,14,4302.20,1,4302.30,3,4302.40,3,4302.50,4,4302.60,6,4302.70,6,4302.80,10,4302.90,12,4303.00,11,4303.10,13,Sell,22,60,82,-38.00,14.00,-38.00,1.00,30.0,4302.20,4302.90,4301.90,4301.90,27,89,116,-62.00,13.00,-62.00,3.10,96.8,-102,132,0.0000,0.0000,-62.00,-101.00,4333.07,-3.7345,DOWN,107.35,1.0806,1.9772
20260916 205139 903,4301.90,1,4301.90,4302.20,0.30,4301.90,3,4301.80,4,4301.70,4,4301.60,7,4301.50,9,4301.40,10,4301.30,10,4301.20,14,4301.10,14,4301.00,14,4302.20,1,4302.30,3,4302.40,3,4302.50,4,4302.60,6,4302.70,6,4302.80,10,4302.90,12,4303.00,11,4303.10,13,Sell,22,61,83,-39.00,14.00,-39.00,1.00,30.0,4302.20,4302.90,4301.90,4301.90,27,89,116,-62.00,13.00,-62.00,3.10,96.8,-102,132,0.0000,0.0000,-63.00,-102.00,4333.07,-3.7345,DOWN,107.35,1.0806,1.9772
20260916 205139 903,4301.90,1,4301.90,4302.20,0.30,4301.90,3,4301.80,4,4301.70,4,4301.60,7,4301.50,9,4301.40,10,4301.30,10,4301.20,14,4301.10,14,4301.00,14,4302.20,1,4302.30,3,4302.40,3,4302.50,4,4302.60,6,4302.70,6,4302.80,10,4302.90,12,4303.00,11,4303.10,13,Sell,22,62,84,-40.00,14.00,-40.00,1.00,30.0,4302.20,4302.90,4301.90,4301.90,27,89,116,-62.00,13.00,-62.00,3.10,96.8,-102,132,0.0000,0.0000,-64.00,-103.00,4333.07,-3.7345,DOWN,107.35,1.0806,1.9772
20260916 205139 903,4301.90,1,4301.90,4302.20,0.30,4301.90,3,4301.80,4,4301.70,4,4301.60,7,4301.50,9,4301.40,10,4301.30,10,4301.20,14,4301.10,14,4301.00,14,4302.20,1,4302.30,3,4302.40,3,4302.50,4,4302.60,6,4302.70,6,4302.80,10,4302.90,12,4303.00,11,4303.10,13,Sell,22,63,85,-41.00,14.00,-41.00,1.00,30.0,4302.20,4302.90,4301.90,4301.90,27,89,116,-62.00,13.00,-62.00,3.10,96.8,-102,132,0.0000,0.0000,-65.00,-104.00,4333.07,-3.7345,DOWN,107.35,1.0806,1.9772
20260916 205139 903,4301.90,1,4301.90,4302.20,0.30,4301.90,3,4301.80,4,4301.70,4,4301.60,7,4301.50,9,4301.40,10,4301.30,10,4301.20,14,4301.10,14,4301.00,14,4302.20,1,4302.30,3,4302.40,3,4302.50,4,4302.60,6,4302.70,6,4302.80,10,4302.90,12,4303.00,11,4303.10,13,Sell,22,64,86,-42.00,14.00,-42.00,1.00,30.0,4302.20,4302.90,4301.90,4301.90,27,89,116,-62.00,13.00,-62.00,3.10,96.8,-102,132,0.0000,0.0000,-66.00,-105.00,4333.07,-3.7345,DOWN,107.35,1.0806,1.9772
20260916 205141 500,4302.30,1,4302.00,4302.30,0.30,4302.00,2,4301.90,4,4301.80,5,4301.70,5,4301.60,7,4301.50,9,4301.40,10,4301.30,10,4301.20,14,4301.10,14,4302.30,3,4302.40,3,4302.50,3,4302.60,6,4302.70,6,4302.80,3,4302.90,12,4303.00,11,4303.10,13,4303.20,12,Buy,23,64,87,-41.00,14.00,-42.00,1.00,10.0,4302.20,4302.90,4301.90,4302.30,27,89,116,-62.00,13.00,-62.00,3.10,96.8,-102,132,0.0000,0.0244,-65.00,-104.00,4333.11,-3.7218,DOWN,107.35,1.0806,1.9772
20260916 205141 500,4302.30,1,4302.00,4302.30,0.30,4302.00,2,4301.90,4,4301.80,5,4301.70,5,4301.60,7,4301.50,9,4301.40,10,4301.30,10,4301.20,14,4301.10,14,4302.30,3,4302.40,3,4302.50,3,4302.60,6,4302.70,6,4302.80,3,4302.90,12,4303.00,11,4303.10,13,4303.20,12,Buy,24,64,88,-40.00,14.00,-42.00,1.00,10.0,4302.20,4302.90,4301.90,4302.30,27,89,116,-62.00,13.00,-62.00,3.10,96.8,-102,132,0.0000,0.0500,-64.00,-103.00,4333.11,-3.7218,DOWN,107.35,1.0806,1.9772
20260916 205141 500,4302.30,1,4302.00,4302.30,0.30,4302.00,2,4301.90,4,4301.80,5,4301.70,5,4301.60,7,4301.50,9,4301.40,10,4301.30,10,4301.20,14,4301.10,14,4302.30,3,4302.40,3,4302.50,3,4302.60,6,4302.70,6,4302.80,3,4302.90,12,4303.00,11,4303.10,13,4303.20,12,Buy,25,64,89,-39.00,14.00,-42.00,1.00,10.0,4302.20,4302.90,4301.90,4302.30,27,89,116,-62.00,13.00,-62.00,3.10,96.8,-102,132,0.0000,0.0769,-63.00,-102.00,4333.11,-3.7218,DOWN,107.35,1.0806,1.9772
20260916 205141 500,4302.40,1,4302.00,4302.30,0.30,4302.00,2,4301.90,4,4301.80,5,4301.70,5,4301.60,7,4301.50,9,4301.40,10,4301.30,10,4301.20,14,4301.10,14,4302.30,3,4302.40,3,4302.50,3,4302.60,6,4302.70,6,4302.80,3,4302.90,12,4303.00,11,4303.10,13,4303.20,12,Buy,26,64,90,-38.00,14.00,-42.00,1.00,20.0,4302.20,4302.90,4301.90,4302.40,27,89,116,-62.00,13.00,-62.00,3.10,96.8,-102,132,0.0000,0.1053,-62.00,-101.00,4333.12,-3.7186,DOWN,107.35,1.0806,1.9772
20260916 205141 500,4302.40,1,4302.00,4302.30,0.30,4302.00,2,4301.90,4,4301.80,5,4301.70,5,4301.60,7,4301.50,9,4301.40,10,4301.30,10,4301.20,14,4301.10,14,4302.30,3,4302.40,3,4302.50,3,4302.60,6,4302.70,6,4302.80,3,4302.90,12,4303.00,11,4303.10,13,4303.20,12,Buy,27,64,91,-37.00,14.00,-42.00,1.00,20.0,4302.20,4302.90,4301.90,4302.40,27,89,116,-62.00,13.00,-62.00,3.10,96.8,-102,132,0.0000,0.1351,-61.00,-100.00,4333.12,-3.7186,DOWN,107.35,1.0806,1.9772
20260916 205144 669,4301.90,1,4301.70,4301.90,0.20,4301.70,2,4301.60,6,4301.50,3,4301.40,5,4301.30,10,4301.20,14,4301.10,14,4301.00,14,4300.90,9,4300.80,14,4301.90,1,4302.00,2,4302.10,3,4302.20,2,4302.30,3,4302.40,3,4302.50,4,4302.60,6,4302.70,15,4302.80,12,Sell,27,65,92,-38.00,14.00,-42.00,1.00,30.0,4302.20,4302.90,4301.90,4301.90,27,89,116,-62.00,13.00,-62.00,3.10,96.8,-102,132,0.0000,0.1053,-62.00,-101.00,4333.07,-3.7345,DOWN,107.35,1.0806,1.9772
20260916 205144 676,4301.80,1,4301.70,4301.90,0.20,4301.70,2,4301.60,6,4301.50,3,4301.40,5,4301.30,10,4301.20,14,4301.10,14,4301.00,14,4300.90,9,4300.80,14,4301.90,1,4302.00,2,4302.10,3,4302.20,2,4302.30,3,4302.40,3,4302.50,4,4302.60,6,4302.70,15,4302.80,12,Sell,27,66,93,-39.00,14.00,-42.00,1.10,36.4,4302.20,4302.90,4301.80,4301.80,27,89,116,-62.00,13.00,-62.00,3.10,96.8,-102,132,0.0000,0.0769,-63.00,-102.00,4333.06,-3.7376,DOWN,107.35,1.0806,1.9843
20260916 205144 676,4301.80,1,4301.70,4301.90,0.20,4301.70,2,4301.60,6,4301.50,3,4301.40,5,4301.30,10,4301.20,14,4301.10,14,4301.00,14,4300.90,9,4300.80,14,4301.90,1,4302.00,2,4302.10,3,4302.20,2,4302.30,3,4302.40,3,4302.50,4,4302.60,6,4302.70,15,4302.80,12,Sell,27,67,94,-40.00,14.00,-42.00,1.10,36.4,4302.20,4302.90,4301.80,4301.80,27,89,116,-62.00,13.00,-62.00,3.10,96.8,-102,132,0.0000,0.0500,-64.00,-103.00,4333.06,-3.7376,DOWN,107.35,1.0806,1.9843
20260916 205144 676,4301.80,1,4301.70,4301.90,0.20,4301.70,2,4301.60,6,4301.50,3,4301.40,5,4301.30,10,4301.20,14,4301.10,14,4301.00,14,4300.90,9,4300.80,14,4301.90,1,4302.00,2,4302.10,3,4302.20,2,4302.30,3,4302.40,3,4302.50,4,4302.60,6,4302.70,15,4302.80,12,Sell,27,68,95,-41.00,14.00,-42.00,1.10,36.4,4302.20,4302.90,4301.80,4301.80,27,89,116,-62.00,13.00,-62.00,3.10,96.8,-102,132,0.0000,0.0244,-65.00,-104.00,4333.06,-3.7376,DOWN,107.35,1.0806,1.9843
20260916 205145 908,4301.70,1,4301.70,4302.00,0.30,4301.70,1,4301.60,5,4301.50,4,4301.40,5,4301.30,10,4301.20,14,4301.10,14,4301.00,14,4300.90,9,4300.80,14,4302.00,3,4302.10,2,4302.20,3,4302.30,3,4302.40,3,4302.50,4,4302.60,6,4302.70,13,4302.80,10,4302.90,12,Sell,27,69,96,-42.00,14.00,-42.00,1.20,41.7,4302.20,4302.90,4301.70,4301.70,27,89,116,-62.00,13.00,-62.00,3.10,96.8,-102,132,0.0000,0.0000,-66.00,-105.00,4333.05,-3.7408,DOWN,107.35,1.0806,1.9915
20260916 205146 755,4301.80,1,4301.70,4302.00,0.30,4301.70,2,4301.60,3,4301.50,3,4301.40,5,4301.30,10,4301.20,14,4301.10,14,4301.00,14,4300.90,9,4300.80,14,4302.00,3,4302.10,3,4302.20,2,4302.30,3,4302.40,3,4302.50,4,4302.60,6,4302.70,13,4302.80,10,4302.90,12,Buy,28,69,97,-41.00,14.00,-42.00,1.20,33.3,4302.20,4302.90,4301.70,4301.80,27,89,116,-62.00,13.00,-62.00,3.10,96.8,-102,132,0.0000,0.0244,-65.00,-104.00,4333.06,-3.7376,DOWN,107.35,1.0806,1.9915
20260916 205146 763,4301.80,1,4301.70,4302.00,0.30,4301.70,2,4301.60,3,4301.50,3,4301.40,5,4301.30,10,4301.20,14,4301.10,14,4301.00,14,4300.90,9,4300.80,14,4302.00,3,4302.10,3,4302.20,2,4302.30,3,4302.40,3,4302.50,4,4302.60,6,4302.70,13,4302.80,10,4302.90,12,Buy,29,69,98,-40.00,14.00,-42.00,1.20,33.3,4302.20,4302.90,4301.70,4301.80,27,89,116,-62.00,13.00,-62.00,3.10,96.8,-102,132,0.0000,0.0500,-64.00,-103.00,4333.06,-3.7376,DOWN,107.35,1.0806,1.9915
20260916 205148 853,4302.10,1,4301.90,4302.20,0.30,4301.90,2,4301.80,5,4301.70,2,4301.60,4,4301.50,3,4301.40,13,4301.30,10,4301.20,14,4301.10,14,4301.00,14,4302.20,3,4302.30,3,4302.40,3,4302.50,3,4302.60,6,4302.70,6,4302.80,8,4302.90,10,4303.00,9,4303.10,11,Buy,30,69,99,-39.00,14.00,-42.00,1.20,8.3,4302.20,4302.90,4301.70,4302.10,27,89,116,-62.00,13.00,-62.00,3.10,96.8,-102,132,0.0000,0.0769,-63.00,-102.00,4333.09,-3.7281,DOWN,107.35,1.0806,1.9915
20260916 205148 856,4302.00,1,4301.90,4302.20,0.30,4301.90,2,4301.80,5,4301.70,2,4301.60,4,4301.50,3,4301.40,13,4301.30,10,4301.20,14,4301.10,14,4301.00,14,4302.20,3,4302.30,3,4302.40,3,4302.50,3,4302.60,6,4302.70,6,4302.80,8,4302.90,10,4303.00,9,4303.10,11,Sell,30,70,100,-40.00,14.00,-42.00,1.20,16.7,4302.20,4302.90,4301.70,4302.00,27,89,116,-62.00,13.00,-62.00,3.10,96.8,-102,132,0.0000,0.0500,-64.00,-103.00,4333.08,-3.7313,DOWN,107.35,1.0806,1.9915
20260916 205148 863,4301.90,1,4301.90,4302.20,0.30,4301.90,2,4301.80,5,4301.70,2,4301.60,4,4301.50,3,4301.40,13,4301.30,10,4301.20,14,4301.10,14,4301.00,14,4302.20,3,4302.30,3,4302.40,3,4302.50,3,4302.60,6,4302.70,6,4302.80,8,4302.90,10,4303.00,9,4303.10,11,Sell,30,71,101,-41.00,14.00,-42.00,1.20,25.0,4302.20,4302.90,4301.70,4301.90,27,89,116,-62.00,13.00,-62.00,3.10,96.8,-102,132,0.0000,0.0244,-65.00,-104.00,4333.07,-3.7345,DOWN,107.35,1.0806,1.9915
20260916 205148 863,4301.90,1,4301.90,4302.20,0.30,4301.90,2,4301.80,5,4301.70,2,4301.60,4,4301.50,3,4301.40,13,4301.30,10,4301.20,14,4301.10,14,4301.00,14,4302.20,3,4302.30,3,4302.40,3,4302.50,3,4302.60,6,4302.70,6,4302.80,8,4302.90,10,4303.00,9,4303.10,11,Sell,30,72,102,-42.00,14.00,-42.00,1.20,25.0,4302.20,4302.90,4301.70,4301.90,27,89,116,-62.00,13.00,-62.00,3.10,96.8,-102,132,0.0000,0.0000,-66.00,-105.00,4333.07,-3.7345,DOWN,107.35,1.0806,1.9915
20260916 205148 909,4301.90,1,4301.90,4302.10,0.20,4301.90,2,4301.80,4,4301.70,2,4301.60,3,4301.50,4,4301.40,13,4301.30,10,4301.20,14,4301.10,14,4301.00,14,4302.10,1,4302.20,1,4302.30,4,4302.40,4,4302.50,4,4302.60,6,4302.70,6,4302.80,8,4302.90,10,4303.00,9,Sell,30,73,103,-43.00,14.00,-43.00,1.20,25.0,4302.20,4302.90,4301.70,4301.90,27,89,116,-62.00,13.00,-62.00,3.10,96.8,-102,132,0.0000,0.0000,-67.00,-106.00,4333.07,-3.7345,DOWN,107.35,1.0806,1.9915
20260916 205148 911,4301.90,1,4301.90,4302.10,0.20,4301.90,2,4301.80,4,4301.70,2,4301.60,3,4301.50,4,4301.40,13,4301.30,10,4301.20,14,4301.10,14,4301.00,14,4302.10,1,4302.20,1,4302.30,4,4302.40,4,4302.50,4,4302.60,6,4302.70,6,4302.80,8,4302.90,10,4303.00,9,Sell,30,74,104,-44.00,14.00,-44.00,1.20,25.0,4302.20,4302.90,4301.70,4301.90,27,89,116,-62.00,13.00,-62.00,3.10,96.8,-102,132,0.0000,0.0000,-68.00,-107.00,4333.07,-3.7345,DOWN,107.35,1.0806,1.9915
20260916 205149 868,4301.90,1,4301.80,4302.00,0.20,4301.80,3,4301.70,2,4301.60,3,4301.50,4,4301.40,5,4301.30,10,4301.20,14,4301.10,14,4301.00,14,4300.90,9,4302.00,1,4302.10,3,4302.20,3,4302.30,4,4302.40,4,4302.50,4,4302.60,6,4302.70,6,4302.80,8,4302.90,10,Sell,30,75,105,-45.00,14.00,-45.00,1.20,25.0,4302.20,4302.90,4301.70,4301.90,27,89,116,-62.00,13.00,-62.00,3.10,96.8,-102,132,0.0000,0.0000,-69.00,-108.00,4333.07,-3.7345,DOWN,107.35,1.0806,1.9915
20260916 205149 868,4301.90,1,4301.80,4302.00,0.20,4301.80,3,4301.70,2,4301.60,3,4301.50,4,4301.40,5,4301.30,10,4301.20,14,4301.10,14,4301.00,14,4300.90,9,4302.00,1,4302.10,3,4302.20,3,4302.30,4,4302.40,4,4302.50,4,4302.60,6,4302.70,6,4302.80,8,4302.90,10,Sell,30,76,106,-46.00,14.00,-46.00,1.20,25.0,4302.20,4302.90,4301.70,4301.90,27,89,116,-62.00,13.00,-62.00,3.10,96.8,-102,132,0.0000,0.0000,-70.00,-109.00,4333.07,-3.7345,DOWN,107.35,1.0806,1.9915
20260916 205151 084,4301.90,1,4301.70,4302.00,0.30,4301.70,2,4301.60,3,4301.50,4,4301.40,5,4301.30,10,4301.20,14,4301.10,14,4301.00,14,4300.90,9,4300.80,14,4302.00,3,4302.10,2,4302.20,3,4302.30,4,4302.40,4,4302.50,4,4302.60,6,4302.70,13,4302.80,8,4302.90,10,Sell,30,77,107,-47.00,14.00,-47.00,1.20,25.0,4302.20,4302.90,4301.70,4301.90,27,89,116,-62.00,13.00,-62.00,3.10,96.8,-102,132,0.0000,0.0000,-71.00,-110.00,4333.07,-3.7345,DOWN,107.35,1.0806,1.9915
20260916 205151 277,4301.80,1,4301.70,4302.00,0.30,4301.70,3,4301.60,6,4301.50,3,4301.40,5,4301.30,10,4301.20,14,4301.10,14,4301.00,14,4300.90,9,4300.80,14,4302.00,3,4302.10,2,4302.20,3,4302.30,4,4302.40,4,4302.50,4,4302.60,13,4302.70,13,4302.80,8,4302.90,10,Sell,30,78,108,-48.00,14.00,-48.00,1.20,33.3,4302.20,4302.90,4301.70,4301.80,27,89,116,-62.00,13.00,-62.00,3.10,96.8,-102,132,0.0000,0.0000,-72.00,-111.00,4333.06,-3.7376,DOWN,107.35,1.0806,1.9915
20260916 205151 277,4301.70,1,4301.70,4302.00,0.30,4301.70,3,4301.60,6,4301.50,3,4301.40,5,4301.30,10,4301.20,14,4301.10,14,4301.00,14,4300.90,9,4300.80,14,4302.00,3,4302.10,2,4302.20,3,4302.30,4,4302.40,4,4302.50,4,4302.60,13,4302.70,13,4302.80,8,4302.90,10,Sell,30,79,109,-49.00,14.00,-49.00,1.20,41.7,4302.20,4302.90,4301.70,4301.70,27,89,116,-62.00,13.00,-62.00,3.10,96.8,-102,132,0.0000,0.0000,-73.00,-112.00,4333.05,-3.7408,DOWN,107.35,1.0806,1.9915
20260916 205151 277,4301.70,1,4301.70,4302.00,0.30,4301.70,3,4301.60,6,4301.50,3,4301.40,5,4301.30,10,4301.20,14,4301.10,14,4301.00,14,4300.90,9,4300.80,14,4302.00,3,4302.10,2,4302.20,3,4302.30,4,4302.40,4,4302.50,4,4302.60,13,4302.70,13,4302.80,8,4302.90,10,Sell,30,80,110,-50.00,14.00,-50.00,1.20,41.7,4302.20,4302.90,4301.70,4301.70,27,89,116,-62.00,13.00,-62.00,3.10,96.8,-102,132,0.0000,0.0000,-74.00,-113.00,4333.05,-3.7408,DOWN,107.35,1.0806,1.9915
20260916 205151 277,4301.70,1,4301.70,4302.00,0.30,4301.70,3,4301.60,6,4301.50,3,4301.40,5,4301.30,10,4301.20,14,4301.10,14,4301.00,14,4300.90,9,4300.80,14,4302.00,3,4302.10,2,4302.20,3,4302.30,4,4302.40,4,4302.50,4,4302.60,13,4302.70,13,4302.80,8,4302.90,10,Sell,30,81,111,-51.00,14.00,-51.00,1.20,41.7,4302.20,4302.90,4301.70,4301.70,27,89,116,-62.00,13.00,-62.00,3.10,96.8,-102,132,0.0000,0.0000,-75.00,-114.00,4333.05,-3.7408,DOWN,107.35,1.0806,1.9915
20260916 205151 277,4301.60,1,4301.70,4302.00,0.30,4301.70,3,4301.60,6,4301.50,3,4301.40,5,4301.30,10,4301.20,14,4301.10,14,4301.00,14,4300.90,9,4300.80,14,4302.00,3,4302.10,2,4302.20,3,4302.30,4,4302.40,4,4302.50,4,4302.60,13,4302.70,13,4302.80,8,4302.90,10,Sell,30,82,112,-52.00,14.00,-52.00,1.30,46.2,4302.20,4302.90,4301.60,4301.60,27,89,116,-62.00,13.00,-62.00,3.10,96.8,-102,132,0.0000,0.0000,-76.00,-115.00,4333.04,-3.7440,DOWN,107.35,1.0806,1.9986
20260916 205151 277,4301.60,1,4301.70,4302.00,0.30,4301.70,3,4301.60,6,4301.50,3,4301.40,5,4301.30,10,4301.20,14,4301.10,14,4301.00,14,4300.90,9,4300.80,14,4302.00,3,4302.10,2,4302.20,3,4302.30,4,4302.40,4,4302.50,4,4302.60,13,4302.70,13,4302.80,8,4302.90,10,Sell,30,83,113,-53.00,14.00,-53.00,1.30,46.2,4302.20,4302.90,4301.60,4301.60,27,89,116,-62.00,13.00,-62.00,3.10,96.8,-102,132,0.0000,0.0000,-77.00,-116.00,4333.04,-3.7440,DOWN,107.35,1.0806,1.9986
20260916 205151 277,4301.60,1,4301.70,4302.00,0.30,4301.70,3,4301.60,6,4301.50,3,4301.40,5,4301.30,10,4301.20,14,4301.10,14,4301.00,14,4300.90,9,4300.80,14,4302.00,3,4302.10,2,4302.20,3,4302.30,4,4302.40,4,4302.50,4,4302.60,13,4302.70,13,4302.80,8,4302.90,10,Sell,30,84,114,-54.00,14.00,-54.00,1.30,46.2,4302.20,4302.90,4301.60,4301.60,27,89,116,-62.00,13.00,-62.00,3.10,96.8,-102,132,0.0000,0.0000,-78.00,-117.00,4333.04,-3.7440,DOWN,107.35,1.0806,1.9986
20260916 205151 277,4301.50,1,4301.70,4302.00,0.30,4301.70,3,4301.60,6,4301.50,3,4301.40,5,4301.30,10,4301.20,14,4301.10,14,4301.00,14,4300.90,9,4300.80,14,4302.00,3,4302.10,2,4302.20,3,4302.30,4,4302.40,4,4302.50,4,4302.60,13,4302.70,13,4302.80,8,4302.90,10,Sell,30,85,115,-55.00,14.00,-55.00,1.40,50.0,4302.20,4302.90,4301.50,4301.50,27,89,116,-62.00,13.00,-62.00,3.10,96.8,-102,132,0.0000,0.0000,-79.00,-118.00,4333.03,-3.7472,DOWN,107.35,1.0806,2.0058
20260916 205151 277,4301.50,1,4301.70,4302.00,0.30,4301.70,3,4301.60,6,4301.50,3,4301.40,5,4301.30,10,4301.20,14,4301.10,14,4301.00,14,4300.90,9,4300.80,14,4302.00,3,4302.10,2,4302.20,3,4302.30,4,4302.40,4,4302.50,4,4302.60,13,4302.70,13,4302.80,8,4302.90,10,Sell,30,86,116,-56.00,14.00,-56.00,1.40,50.0,4302.20,4302.90,4301.50,4301.50,27,89,116,-62.00,13.00,-62.00,3.10,96.8,-102,132,0.0000,0.0000,-80.00,-119.00,4333.03,-3.7472,DOWN,107.35,1.0806,2.0058
20260916 205151 277,4301.50,1,4301.70,4302.00,0.30,4301.70,3,4301.60,6,4301.50,3,4301.40,5,4301.30,10,4301.20,14,4301.10,14,4301.00,14,4300.90,9,4300.80,14,4302.00,3,4302.10,2,4302.20,3,4302.30,4,4302.40,4,4302.50,4,4302.60,13,4302.70,13,4302.80,8,4302.90,10,Sell,30,87,117,-57.00,14.00,-57.00,1.40,50.0,4302.20,4302.90,4301.50,4301.50,27,89,116,-62.00,13.00,-62.00,3.10,96.8,-102,132,0.0000,0.0000,-81.00,-120.00,4333.03,-3.7472,DOWN,107.35,1.0806,2.0058
20260916 205153 521,4302.00,1,4301.80,4302.10,0.30,4301.80,3,4301.70,5,4301.60,7,4301.50,4,4301.40,4,4301.30,10,4301.20,14,4301.10,14,4301.00,14,4300.90,9,4302.10,2,4302.20,3,4302.30,4,4302.40,4,4302.50,4,4302.60,13,4302.70,13,4302.80,8,4302.90,10,4303.00,9,Buy,31,87,118,-56.00,14.00,-57.00,1.40,14.3,4302.20,4302.90,4301.50,4302.00,27,89,116,-62.00,13.00,-62.00,3.10,96.8,-102,132,0.0000,0.0179,-80.00,-119.00,4333.08,-3.7313,DOWN,107.35,1.0806,2.0058
20260916 205153 521,4302.00,1,4301.80,4302.10,0.30,4301.80,3,4301.70,5,4301.60,7,4301.50,4,4301.40,4,4301.30,10,4301.20,14,4301.10,14,4301.00,14,4300.90,9,4302.10,2,4302.20,3,4302.30,4,4302.40,4,4302.50,4,4302.60,13,4302.70,13,4302.80,8,4302.90,10,4303.00,9,Buy,32,87,119,-55.00,14.00,-57.00,1.40,14.3,4302.20,4302.90,4301.50,4302.00,27,89,116,-62.00,13.00,-62.00,3.10,96.8,-102,132,0.0000,0.0364,-79.00,-118.00,4333.08,-3.7313,DOWN,107.35,1.0806,2.0058
20260916 205153 521,4302.00,1,4301.80,4302.10,0.30,4301.80,3,4301.70,5,4301.60,7,4301.50,4,4301.40,4,4301.30,10,4301.20,14,4301.10,14,4301.00,14,4300.90,9,4302.10,2,4302.20,3,4302.30,4,4302.40,4,4302.50,4,4302.60,13,4302.70,13,4302.80,8,4302.90,10,4303.00,9,Buy,33,87,120,-54.00,14.00,-57.00,1.40,14.3,4302.20,4302.90,4301.50,4302.00,27,89,116,-62.00,13.00,-62.00,3.10,96.8,-102,132,0.0000,0.0556,-78.00,-117.00,4333.08,-3.7313,DOWN,107.35,1.0806,2.0058
20260916 205158 541,4301.90,1,4301.90,4302.10,0.20,4301.90,1,4301.80,4,4301.70,5,4301.60,7,4301.50,4,4301.40,4,4301.30,10,4301.20,14,4301.10,14,4301.00,14,4302.10,1,4302.20,3,4302.30,4,4302.40,4,4302.50,4,4302.60,6,4302.70,13,4302.80,8,4302.90,10,4303.00,9,Sell,33,88,121,-55.00,14.00,-57.00,1.40,21.4,4302.20,4302.90,4301.50,4301.90,27,89,116,-62.00,13.00,-62.00,3.10,96.8,-102,132,0.0000,0.0364,-79.00,-118.00,4333.07,-3.7345,DOWN,107.35,1.0806,2.0058
20260916 205200 064,4301.70,1,4301.70,4302.00,0.30,4301.60,7,4301.50,4,4301.40,4,4301.30,10,4301.20,14,4301.10,14,4301.00,14,4300.90,9,4300.80,14,4300.70,11,4301.90,1,4302.00,3,4302.10,2,4302.20,3,4302.30,4,4302.40,4,4302.50,4,4302.60,6,4302.70,13,4302.80,8,Sell,0,1,1,-1.00,-1.00,-1.00,0.00,0.0,4301.70,4301.70,4301.70,4301.70,33,88,121,-55.00,14.00,-57.00,1.40,21.4,-99,171,0.0364,0.0000,-48.00,-73.00,4333.05,-3.7408,DOWN,103.75,1.1663,1.8768
20260916 205200 064,4301.70,1,4301.70,4302.00,0.30,4301.60,7,4301.50,4,4301.40,4,4301.30,10,4301.20,14,4301.10,14,4301.00,14,4300.90,9,4300.80,14,4300.70,11,4301.90,1,4302.00,3,4302.10,2,4302.20,3,4302.30,4,4302.40,4,4302.50,4,4302.60,6,4302.70,13,4302.80,8,Sell,0,2,2,-2.00,-1.00,-2.00,0.00,0.0,4301.70,4301.70,4301.70,4301.70,33,88,121,-55.00,14.00,-57.00,1.40,21.4,-99,171,0.0364,0.0000,-49.00,-74.00,4333.05,-3.7408,DOWN,103.75,1.1663,1.8768
20260916 205200 988,4301.60,1,4301.60,4301.90,0.30,4301.60,6,4301.50,4,4301.40,4,4301.30,10,4301.20,14,4301.10,14,4301.00,14,4300.90,9,4300.80,14,4300.70,11,4301.90,1,4302.00,3,4302.10,3,4302.20,4,4302.30,4,4302.40,4,4302.50,4,4302.60,6,4302.70,13,4302.80,8,Sell,0,3,3,-3.00,-1.00,-3.00,0.10,100.0,4301.70,4301.70,4301.60,4301.60,33,88,121,-55.00,14.00,-57.00,1.40,21.4,-99,171,0.0364,0.0000,-50.00,-75.00,4333.04,-3.7440,DOWN,103.75,1.1663,1.8839
20260916 205203 812,4301.60,1,4301.60,4301.90,0.30,4301.60,2,4301.50,3,4301.30,3,4301.20,7,4301.10,7,4301.00,14,4300.90,9,4300.80,14,4300.70,11,4300.60,11,4301.90,3,4302.00,3,4302.10,3,4302.20,4,4302.30,4,4302.40,11,4302.50,11,4302.60,13,4302.70,13,4302.80,8,Sell,0,4,4,-4.00,-1.00,-4.00,0.10,100.0,4301.70,4301.70,4301.60,4301.60,33,88,121,-55.00,14.00,-57.00,1.40,21.4,-99,171,0.0364,0.0000,-51.00,-76.00,4333.04,-3.7440,DOWN,103.75,1.1663,1.8839
20260916 205203 812,4301.60,5,4301.60,4301.90,0.30,4301.60,2,4301.50,3,4301.30,3,4301.20,7,4301.10,7,4301.00,14,4300.90,9,4300.80,14,4300.70,11,4300.60,11,4301.90,3,4302.00,3,4302.10,3,4302.20,4,4302.30,4,4302.40,11,4302.50,11,4302.60,13,4302.70,13,4302.80,8,Sell,0,9,9,-9.00,-1.00,-9.00,0.10,100.0,4301.70,4301.70,4301.60,4301.60,33,88,121,-55.00,14.00,-57.00,1.40,21.4,-99,171,0.0364,0.0000,-56.00,-81.00,4333.04,-3.7440,DOWN,103.75,1.1663,1.8839
20260916 205203 824,4301.60,1,4301.60,4301.90,0.30,4301.60,2,4301.50,3,4301.30,3,4301.20,7,4301.10,7,4301.00,14,4300.90,9,4300.80,14,4300.70,11,4300.60,11,4301.90,3,4302.00,3,4302.10,3,4302.20,4,4302.30,4,4302.40,11,4302.50,11,4302.60,13,4302.70,13,4302.80,8,Buy,1,9,10,-8.00,-1.00,-9.00,0.10,100.0,4301.70,4301.70,4301.60,4301.60,33,88,121,-55.00,14.00,-57.00,1.40,21.4,-99,171,0.0364,0.1250,-55.00,-80.00,4333.04,-3.7440,DOWN,103.75,1.1663,1.8839
20260916 205205 387,4301.70,1,4301.60,4301.90,0.30,4301.60,3,4301.50,4,4301.40,4,4301.30,3,4301.20,7,4301.10,14,4301.00,16,4300.90,9,4300.80,14,4300.70,11,4301.90,3,4302.00,3,4302.10,3,4302.20,4,4302.30,4,4302.40,4,4302.50,4,4302.60,13,4302.70,13,4302.80,8,Sell,1,10,11,-9.00,-1.00,-9.00,0.10,0.0,4301.70,4301.70,4301.60,4301.70,33,88,121,-55.00,14.00,-57.00,1.40,21.4,-99,171,0.0364,0.0000,-56.00,-81.00,4333.05,-3.7408,DOWN,103.75,1.1663,1.8839
20260916 205205 387,4301.70,1,4301.60,4301.90,0.30,4301.60,3,4301.50,4,4301.40,4,4301.30,3,4301.20,7,4301.10,14,4301.00,16,4300.90,9,4300.80,14,4300.70,11,4301.90,3,4302.00,3,4302.10,3,4302.20,4,4302.30,4,4302.40,4,4302.50,4,4302.60,13,4302.70,13,4302.80,8,Sell,1,11,12,-10.00,-1.00,-10.00,0.10,0.0,4301.70,4301.70,4301.60,4301.70,33,88,121,-55.00,14.00,-57.00,1.40,21.4,-99,171,0.0364,0.0000,-57.00,-82.00,4333.05,-3.7408,DOWN,103.75,1.1663,1.8839
20260916 205206 716,4301.60,1,4301.60,4301.90,0.30,4301.60,2,4301.50,4,4301.40,4,4301.30,3,4301.20,7,4301.10,14,4301.00,16,4300.90,10,4300.80,14,4300.70,11,4301.90,3,4302.00,3,4302.10,3,4302.20,4,4302.30,4,4302.40,4,4302.50,4,4302.60,13,4302.70,13,4302.80,8,Sell,1,12,13,-11.00,-1.00,-11.00,0.10,100.0,4301.70,4301.70,4301.60,4301.60,33,88,121,-55.00,14.00,-57.00,1.40,21.4,-99,171,0.0364,0.0000,-58.00,-83.00,4333.04,-3.7440,DOWN,103.75,1.1663,1.8839
20260916 205206 717,4301.60,1,4301.60,4301.90,0.30,4301.60,2,4301.50,4,4301.40,4,4301.30,3,4301.20,7,4301.10,14,4301.00,16,4300.90,10,4300.80,14,4300.70,11,4301.90,3,4302.00,3,4302.10,3,4302.20,4,4302.30,4,4302.40,4,4302.50,4,4302.60,13,4302.70,13,4302.80,8,Sell,1,13,14,-12.00,-1.00,-12.00,0.10,100.0,4301.70,4301.70,4301.60,4301.60,33,88,121,-55.00,14.00,-57.00,1.40,21.4,-99,171,0.0364,0.0000,-59.00,-84.00,4333.04,-3.7440,DOWN,103.75,1.1663,1.8839
20260916 205206 717,4301.60,1,4301.60,4301.90,0.30,4301.60,2,4301.50,4,4301.40,4,4301.30,3,4301.20,7,4301.10,14,4301.00,16,4300.90,10,4300.80,14,4300.70,11,4301.90,3,4302.00,3,4302.10,3,4302.20,4,4302.30,4,4302.40,4,4302.50,4,4302.60,13,4302.70,13,4302.80,8,Sell,1,14,15,-13.00,-1.00,-13.00,0.10,100.0,4301.70,4301.70,4301.60,4301.60,33,88,121,-55.00,14.00,-57.00,1.40,21.4,-99,171,0.0364,0.0000,-60.00,-85.00,4333.04,-3.7440,DOWN,103.75,1.1663,1.8839
20260916 205207 687,4301.60,1,4301.50,4301.80,0.30,4301.50,3,4301.40,4,4301.30,4,4301.20,7,4301.10,14,4301.00,16,4300.90,10,4300.80,14,4300.70,11,4300.60,11,4301.80,2,4301.90,4,4302.00,1,4302.10,3,4302.20,4,4302.30,4,4302.40,4,4302.50,4,4302.60,13,4302.70,13,Sell,1,15,16,-14.00,-1.00,-14.00,0.10,100.0,4301.70,4301.70,4301.60,4301.60,33,88,121,-55.00,14.00,-57.00,1.40,21.4,-99,171,0.0364,0.0000,-61.00,-86.00,4333.04,-3.7440,DOWN,103.75,1.1663,1.8839
20260916 205207 688,4301.60,1,4301.50,4301.80,0.30,4301.50,3,4301.40,4,4301.30,4,4301.20,7,4301.10,14,4301.00,16,4300.90,10,4300.80,14,4300.70,11,4300.60,11,4301.80,2,4301.90,4,4302.00,1,4302.10,3,4302.20,4,4302.30,4,4302.40,4,4302.50,4,4302.60,13,4302.70,13,Sell,1,16,17,-15.00,-1.00,-15.00,0.10,100.0,4301.70,4301.70,4301.60,4301.60,33,88,121,-55.00,14.00,-57.00,1.40,21.4,-99,171,0.0364,0.0000,-62.00,-87.00,4333.04,-3.7440,DOWN,103.75,1.1663,1.8839
20260916 205207 688,4301.60,1,4301.50,4301.80,0.30,4301.50,3,4301.40,4,4301.30,4,4301.20,7,4301.10,14,4301.00,16,4300.90,10,4300.80,14,4300.70,11,4300.60,11,4301.80,2,4301.90,4,4302.00,1,4302.10,3,4302.20,4,4302.30,4,4302.40,4,4302.50,4,4302.60,13,4302.70,13,Sell,1,17,18,-16.00,-1.00,-16.00,0.10,100.0,4301.70,4301.70,4301.60,4301.60,33,88,121,-55.00,14.00,-57.00,1.40,21.4,-99,171,0.0364,0.0000,-63.00,-88.00,4333.04,-3.7440,DOWN,103.75,1.1663,1.8839
20260916 205207 688,4301.60,1,4301.50,4301.80,0.30,4301.50,3,4301.40,4,4301.30,4,4301.20,7,4301.10,14,4301.00,16,4300.90,10,4300.80,14,4300.70,11,4300.60,11,4301.80,2,4301.90,4,4302.00,1,4302.10,3,4302.20,4,4302.30,4,4302.40,4,4302.50,4,4302.60,13,4302.70,13,Sell,1,18,19,-17.00,-1.00,-17.00,0.10,100.0,4301.70,4301.70,4301.60,4301.60,33,88,121,-55.00,14.00,-57.00,1.40,21.4,-99,171,0.0364,0.0000,-64.00,-89.00,4333.04,-3.7440,DOWN,103.75,1.1663,1.8839
20260916 205207 688,4301.60,1,4301.50,4301.80,0.30,4301.50,3,4301.40,4,4301.30,4,4301.20,7,4301.10,14,4301.00,16,4300.90,10,4300.80,14,4300.70,11,4300.60,11,4301.80,2,4301.90,4,4302.00,1,4302.10,3,4302.20,4,4302.30,4,4302.40,4,4302.50,4,4302.60,13,4302.70,13,Sell,1,19,20,-18.00,-1.00,-18.00,0.10,100.0,4301.70,4301.70,4301.60,4301.60,33,88,121,-55.00,14.00,-57.00,1.40,21.4,-99,171,0.0364,0.0000,-65.00,-90.00,4333.04,-3.7440,DOWN,103.75,1.1663,1.8839
20260916 205208 687,4301.50,1,4301.50,4301.80,0.30,4301.50,3,4301.40,3,4301.30,4,4301.20,8,4301.10,14,4301.00,16,4300.90,10,4300.80,14,4300.70,11,4300.60,11,4301.70,1,4301.80,3,4301.90,4,4302.00,2,4302.10,3,4302.20,4,4302.30,4,4302.40,4,4302.50,4,4302.60,13,Sell,1,20,21,-19.00,-1.00,-19.00,0.20,100.0,4301.70,4301.70,4301.50,4301.50,33,88,121,-55.00,14.00,-57.00,1.40,21.4,-99,171,0.0364,0.0000,-66.00,-91.00,4333.03,-3.7472,DOWN,103.75,1.1663,1.8911
20260916 205208 687,4301.50,1,4301.50,4301.80,0.30,4301.50,3,4301.40,3,4301.30,4,4301.20,8,4301.10,14,4301.00,16,4300.90,10,4300.80,14,4300.70,11,4300.60,11,4301.70,1,4301.80,3,4301.90,4,4302.00,2,4302.10,3,4302.20,4,4302.30,4,4302.40,4,4302.50,4,4302.60,13,Sell,1,21,22,-20.00,-1.00,-20.00,0.20,100.0,4301.70,4301.70,4301.50,4301.50,33,88,121,-55.00,14.00,-57.00,1.40,21.4,-99,171,0.0364,0.0000,-67.00,-92.00,4333.03,-3.7472,DOWN,103.75,1.1663,1.8911
20260916 205208 941,4301.40,1,4301.40,4301.70,0.30,4301.40,4,4301.30,4,4301.20,7,4301.10,6,4301.00,8,4300.90,5,4300.80,14,4300.70,11,4300.60,11,4300.50,11,4301.70,2,4301.80,4,4301.90,4,4302.00,2,4302.10,3,4302.20,4,4302.30,11,4302.40,11,4302.50,11,4302.60,13,Sell,1,22,23,-21.00,-1.00,-21.00,0.30,100.0,4301.70,4301.70,4301.40,4301.40,33,88,121,-55.00,14.00,-57.00,1.40,21.4,-99,171,0.0364,0.0000,-68.00,-93.00,4333.02,-3.7503,DOWN,103.75,1.1663,1.8982
20260916 205208 941,4301.40,1,4301.40,4301.70,0.30,4301.40,4,4301.30,4,4301.20,7,4301.10,6,4301.00,8,4300.90,5,4300.80,14,4300.70,11,4300.60,11,4300.50,11,4301.70,2,4301.80,4,4301.90,4,4302.00,2,4302.10,3,4302.20,4,4302.30,11,4302.40,11,4302.50,11,4302.60,13,Sell,1,23,24,-22.00,-1.00,-22.00,0.30,100.0,4301.70,4301.70,4301.40,4301.40,33,88,121,-55.00,14.00,-57.00,1.40,21.4,-99,171,0.0364,0.0000,-69.00,-94.00,4333.02,-3.7503,DOWN,103.75,1.1663,1.8982
20260916 205208 941,4301.40,1,4301.40,4301.70,0.30,4301.40,4,4301.30,4,4301.20,7,4301.10,6,4301.00,8,4300.90,5,4300.80,14,4300.70,11,4300.60,11,4300.50,11,4301.70,2,4301.80,4,4301.90,4,4302.00,2,4302.10,3,4302.20,4,4302.30,11,4302.40,11,4302.50,11,4302.60,13,Sell,1,24,25,-23.00,-1.00,-23.00,0.30,100.0,4301.70,4301.70,4301.40,4301.40,33,88,121,-55.00,14.00,-57.00,1.40,21.4,-99,171,0.0364,0.0000,-70.00,-95.00,4333.02,-3.7503,DOWN,103.75,1.1663,1.8982
20260916 205208 941,4301.30,1,4301.40,4301.70,0.30,4301.40,4,4301.30,4,4301.20,7,4301.10,6,4301.00,8,4300.90,5,4300.80,14,4300.70,11,4300.60,11,4300.50,11,4301.70,2,4301.80,4,4301.90,4,4302.00,2,4302.10,3,4302.20,4,4302.30,11,4302.40,11,4302.50,11,4302.60,13,Sell,1,25,26,-24.00,-1.00,-24.00,0.40,100.0,4301.70,4301.70,4301.30,4301.30,33,88,121,-55.00,14.00,-57.00,1.40,21.4,-99,171,0.0364,0.0000,-71.00,-96.00,4333.01,-3.7535,DOWN,103.75,1.1663,1.9054
20260916 205212 147,4301.80,1,4301.70,4301.90,0.20,4301.70,2,4301.60,4,4301.50,5,4301.40,4,4301.30,4,4301.20,8,4301.10,15,4301.00,16,4300.90,12,4300.80,14,4301.90,2,4302.10,2,4302.20,4,4302.30,4,4302.40,4,4302.50,4,4302.60,13,4302.70,13,4302.80,9,4302.90,11,Buy,2,25,27,-23.00,-1.00,-24.00,0.50,20.0,4301.70,4301.80,4301.30,4301.80,33,88,121,-55.00,14.00,-57.00,1.40,21.4,-99,171,0.0364,0.0435,-70.00,-95.00,4333.06,-3.7376,DOWN,103.75,1.1663,1.9054
20260916 205212 147,4301.80,1,4301.70,4301.90,0.20,4301.70,2,4301.60,4,4301.50,5,4301.40,4,4301.30,4,4301.20,8,4301.10,15,4301.00,16,4300.90,12,4300.80,14,4301.90,2,4302.10,2,4302.20,4,4302.30,4,4302.40,4,4302.50,4,4302.60,13,4302.70,13,4302.80,9,4302.90,11,Buy,3,25,28,-22.00,-1.00,-24.00,0.50,20.0,4301.70,4301.80,4301.30,4301.80,33,88,121,-55.00,14.00,-57.00,1.40,21.4,-99,171,0.0364,0.0909,-69.00,-94.00,4333.06,-3.7376,DOWN,103.75,1.1663,1.9054
20260916 205212 152,4301.70,1,4301.70,4301.90,0.20,4301.70,2,4301.60,4,4301.50,5,4301.40,4,4301.30,4,4301.20,8,4301.10,15,4301.00,16,4300.90,12,4300.80,14,4301.90,2,4302.10,2,4302.20,4,4302.30,4,4302.40,4,4302.50,4,4302.60,13,4302.70,13,4302.80,9,4302.90,11,Sell,3,26,29,-23.00,-1.00,-24.00,0.50,0.0,4301.70,4301.80,4301.30,4301.70,33,88,121,-55.00,14.00,-57.00,1.40,21.4,-99,171,0.0364,0.0435,-70.00,-95.00,4333.05,-3.7408,DOWN,103.75,1.1663,1.9054
20260916 205212 523,4301.90,1,4301.80,4302.10,0.30,4301.80,3,4301.70,4,4301.60,6,4301.50,5,4301.40,4,4301.30,12,4301.20,16,4301.10,15,4301.00,16,4300.90,12,4302.10,3,4302.20,3,4302.30,4,4302.40,4,4302.50,4,4302.60,6,4302.70,13,4302.80,9,4302.90,11,4303.00,10,Buy,4,26,30,-22.00,-1.00,-24.00,0.60,33.3,4301.70,4301.90,4301.30,4301.90,33,88,121,-55.00,14.00,-57.00,1.40,21.4,-99,171,0.0364,0.0909,-69.00,-94.00,4333.07,-3.7345,DOWN,103.75,1.1663,1.9054
20260916 205212 523,4301.90,1,4301.80,4302.10,0.30,4301.80,3,4301.70,4,4301.60,6,4301.50,5,4301.40,4,4301.30,12,4301.20,16,4301.10,15,4301.00,16,4300.90,12,4302.10,3,4302.20,3,4302.30,4,4302.40,4,4302.50,4,4302.60,6,4302.70,13,4302.80,9,4302.90,11,4303.00,10,Buy,5,26,31,-21.00,-1.00,-24.00,0.60,33.3,4301.70,4301.90,4301.30,4301.90,33,88,121,-55.00,14.00,-57.00,1.40,21.4,-99,171,0.0364,0.1429,-68.00,-93.00,4333.07,-3.7345,DOWN,103.75,1.1663,1.9054
20260916 205212 528,4301.90,1,4301.80,4302.10,0.30,4301.80,3,4301.70,4,4301.60,6,4301.50,5,4301.40,4,4301.30,12,4301.20,16,4301.10,15,4301.00,16,4300.90,12,4302.10,3,4302.20,3,4302.30,4,4302.40,4,4302.50,4,4302.60,6,4302.70,13,4302.80,9,4302.90,11,4303.00,10,Sell,5,27,32,-22.00,-1.00,-24.00,0.60,33.3,4301.70,4301.90,4301.30,4301.90,33,88,121,-55.00,14.00,-57.00,1.40,21.4,-99,171,0.0364,0.0909,-69.00,-94.00,4333.07,-3.7345,DOWN,103.75,1.1663,1.9054
20260916 205214 075,4302.00,1,4302.00,4302.20,0.20,4301.90,4,4301.80,4,4301.70,4,4301.60,6,4301.50,5,4301.40,4,4301.30,12,4301.20,16,4301.10,15,4301.00,16,4302.20,1,4302.30,4,4302.40,4,4302.50,4,4302.60,6,4302.70,13,4302.80,9,4302.90,11,4303.00,10,4303.10,12,Sell,5,28,33,-23.00,-1.00,-24.00,0.70,42.9,4301.70,4302.00,4301.30,4302.00,33,88,121,-55.00,14.00,-57.00,1.40,21.4,-99,171,0.0364,0.0435,-70.00,-95.00,4333.08,-3.7313,DOWN,103.75,1.1663,1.9125
20260916 205214 075,4302.00,1,4302.00,4302.20,0.20,4301.90,4,4301.80,4,4301.70,4,4301.60,6,4301.50,5,4301.40,4,4301.30,12,4301.20,16,4301.10,15,4301.00,16,4302.20,1,4302.30,4,4302.40,4,4302.50,4,4302.60,6,4302.70,13,4302.80,9,4302.90,11,4303.00,10,4303.10,12,Sell,5,29,34,-24.00,-1.00,-24.00,0.70,42.9,4301.70,4302.00,4301.30,4302.00,33,88,121,-55.00,14.00,-57.00,1.40,21.4,-99,171,0.0364,0.0000,-71.00,-96.00,4333.08,-3.7313,DOWN,103.75,1.1663,1.9125
20260916 205214 075,4302.00,1,4302.00,4302.20,0.20,4301.90,4,4301.80,4,4301.70,4,4301.60,6,4301.50,5,4301.40,4,4301.30,12,4301.20,16,4301.10,15,4301.00,16,4302.20,1,4302.30,4,4302.40,4,4302.50,4,4302.60,6,4302.70,13,4302.80,9,4302.90,11,4303.00,10,4303.10,12,Sell,5,30,35,-25.00,-1.00,-25.00,0.70,42.9,4301.70,4302.00,4301.30,4302.00,33,88,121,-55.00,14.00,-57.00,1.40,21.4,-99,171,0.0364,0.0000,-72.00,-97.00,4333.08,-3.7313,DOWN,103.75,1.1663,1.9125
20260916 205214 075,4302.00,1,4302.00,4302.20,0.20,4301.90,4,4301.80,4,4301.70,4,4301.60,6,4301.50,5,4301.40,4,4301.30,12,4301.20,16,4301.10,15,4301.00,16,4302.20,1,4302.30,4,4302.40,4,4302.50,4,4302.60,6,4302.70,13,4302.80,9,4302.90,11,4303.00,10,4303.10,12,Sell,5,31,36,-26.00,-1.00,-26.00,0.70,42.9,4301.70,4302.00,4301.30,4302.00,33,88,121,-55.00,14.00,-57.00,1.40,21.4,-99,171,0.0364,0.0000,-73.00,-98.00,4333.08,-3.7313,DOWN,103.75,1.1663,1.9125
20260916 205214 124,4301.80,1,4301.80,4302.10,0.30,4301.80,2,4301.70,6,4301.60,4,4301.50,5,4301.40,4,4301.30,12,4301.20,16,4301.10,15,4301.00,16,4300.90,12,4302.10,3,4302.20,2,4302.30,3,4302.40,4,4302.50,4,4302.60,6,4302.70,13,4302.80,9,4302.90,11,4303.00,10,Sell,5,32,37,-27.00,-1.00,-27.00,0.70,14.3,4301.70,4302.00,4301.30,4301.80,33,88,121,-55.00,14.00,-57.00,1.40,21.4,-99,171,0.0364,0.0000,-74.00,-99.00,4333.06,-3.7376,DOWN,103.75,1.1663,1.9125
20260916 205214 124,4301.80,1,4301.80,4302.10,0.30,4301.80,2,4301.70,6,4301.60,4,4301.50,5,4301.40,4,4301.30,12,4301.20,16,4301.10,15,4301.00,16,4300.90,12,4302.10,3,4302.20,2,4302.30,3,4302.40,4,4302.50,4,4302.60,6,4302.70,13,4302.80,9,4302.90,11,4303.00,10,Sell,5,33,38,-28.00,-1.00,-28.00,0.70,14.3,4301.70,4302.00,4301.30,4301.80,33,88,121,-55.00,14.00,-57.00,1.40,21.4,-99,171,0.0364,0.0000,-75.00,-100.00,4333.06,-3.7376,DOWN,103.75,1.1663,1.9125
20260916 205218 286,4301.80,1,4301.80,4302.10,0.30,4301.80,3,4301.70,5,4301.60,5,4301.50,6,4301.40,4,4301.30,12,4301.20,16,4301.10,15,4301.00,16,4300.90,12,4302.10,3,4302.20,4,4302.30,3,4302.40,4,4302.50,4,4302.60,6,4302.70,6,4302.80,10,4302.90,11,4303.00,10,Sell,5,34,39,-29.00,-1.00,-29.00,0.70,14.3,4301.70,4302.00,4301.30,4301.80,33,88,121,-55.00,14.00,-57.00,1.40,21.4,-99,171,0.0364,0.0000,-76.00,-101.00,4333.06,-3.7376,DOWN,103.75,1.1663,1.9125
20260916 205218 286,4301.80,1,4301.80,4302.10,0.30,4301.80,3,4301.70,5,4301.60,5,4301.50,6,4301.40,4,4301.30,12,4301.20,16,4301.10,15,4301.00,16,4300.90,12,4302.10,3,4302.20,4,4302.30,3,4302.40,4,4302.50,4,4302.60,6,4302.70,6,4302.80,10,4302.90,11,4303.00,10,Sell,5,35,40,-30.00,-1.00,-30.00,0.70,14.3,4301.70,4302.00,4301.30,4301.80,33,88,121,-55.00,14.00,-57.00,1.40,21.4,-99,171,0.0364,0.0000,-77.00,-102.00,4333.06,-3.7376,DOWN,103.75,1.1663,1.9125
20260916 205221 319,4301.90,1,4301.80,4302.10,0.30,4301.80,3,4301.70,5,4301.60,5,4301.50,6,4301.40,4,4301.30,12,4301.20,16,4301.10,15,4301.00,16,4300.90,12,4302.10,4,4302.20,5,4302.30,4,4302.40,4,4302.50,4,4302.60,6,4302.70,6,4302.80,10,4302.90,11,4303.00,10,Sell,5,36,41,-31.00,-1.00,-31.00,0.70,28.6,4301.70,4302.00,4301.30,4301.90,33,88,121,-55.00,14.00,-57.00,1.40,21.4,-99,171,0.0364,0.0000,-78.00,-103.00,4333.07,-3.7345,DOWN,103.75,1.1663,1.9125
20260916 205221 580,4301.80,1,4301.80,4302.10,0.30,4301.80,2,4301.70,7,4301.60,4,4301.50,6,4301.40,4,4301.30,12,4301.20,16,4301.10,15,4301.00,16,4300.90,12,4302.10,3,4302.20,5,4302.30,4,4302.40,4,4302.50,4,4302.60,6,4302.70,6,4302.80,10,4302.90,11,4303.00,10,Sell,5,37,42,-32.00,-1.00,-32.00,0.70,14.3,4301.70,4302.00,4301.30,4301.80,33,88,121,-55.00,14.00,-57.00,1.40,21.4,-99,171,0.0364,0.0000,-79.00,-104.00,4333.06,-3.7376,DOWN,103.75,1.1663,1.9125
20260916 205221 580,4301.80,1,4301.80,4302.10,0.30,4301.80,2,4301.70,7,4301.60,4,4301.50,6,4301.40,4,4301.30,12,4301.20,16,4301.10,15,4301.00,16,4300.90,12,4302.10,3,4302.20,5,4302.30,4,4302.40,4,4302.50,4,4302.60,6,4302.70,6,4302.80,10,4302.90,11,4303.00,10,Sell,5,38,43,-33.00,-1.00,-33.00,0.70,14.3,4301.70,4302.00,4301.30,4301.80,33,88,121,-55.00,14.00,-57.00,1.40,21.4,-99,171,0.0364,0.0000,-80.00,-105.00,4333.06,-3.7376,DOWN,103.75,1.1663,1.9125
20260916 205221 580,4301.80,1,4301.80,4302.10,0.30,4301.80,2,4301.70,7,4301.60,4,4301.50,6,4301.40,4,4301.30,12,4301.20,16,4301.10,15,4301.00,16,4300.90,12,4302.10,3,4302.20,5,4302.30,4,4302.40,4,4302.50,4,4302.60,6,4302.70,6,4302.80,10,4302.90,11,4303.00,10,Sell,5,39,44,-34.00,-1.00,-34.00,0.70,14.3,4301.70,4302.00,4301.30,4301.80,33,88,121,-55.00,14.00,-57.00,1.40,21.4,-99,171,0.0364,0.0000,-81.00,-106.00,4333.06,-3.7376,DOWN,103.75,1.1663,1.9125
20260916 205221 580,4301.70,1,4301.80,4302.10,0.30,4301.80,2,4301.70,7,4301.60,4,4301.50,6,4301.40,4,4301.30,12,4301.20,16,4301.10,15,4301.00,16,4300.90,12,4302.10,3,4302.20,5,4302.30,4,4302.40,4,4302.50,4,4302.60,6,4302.70,6,4302.80,10,4302.90,11,4303.00,10,Sell,5,40,45,-35.00,-1.00,-35.00,0.70,0.0,4301.70,4302.00,4301.30,4301.70,33,88,121,-55.00,14.00,-57.00,1.40,21.4,-99,171,0.0364,0.0000,-82.00,-107.00,4333.05,-3.7408,DOWN,103.75,1.1663,1.9125
20260916 205221 580,4301.70,1,4301.80,4302.10,0.30,4301.80,2,4301.70,7,4301.60,4,4301.50,6,4301.40,4,4301.30,12,4301.20,16,4301.10,15,4301.00,16,4300.90,12,4302.10,3,4302.20,5,4302.30,4,4302.40,4,4302.50,4,4302.60,6,4302.70,6,4302.80,10,4302.90,11,4303.00,10,Sell,5,41,46,-36.00,-1.00,-36.00,0.70,0.0,4301.70,4302.00,4301.30,4301.70,33,88,121,-55.00,14.00,-57.00,1.40,21.4,-99,171,0.0364,0.0000,-83.00,-108.00,4333.05,-3.7408,DOWN,103.75,1.1663,1.9125
20260916 205221 580,4301.70,1,4301.80,4302.10,0.30,4301.80,2,4301.70,7,4301.60,4,4301.50,6,4301.40,4,4301.30,12,4301.20,16,4301.10,15,4301.00,16,4300.90,12,4302.10,3,4302.20,5,4302.30,4,4302.40,4,4302.50,4,4302.60,6,4302.70,6,4302.80,10,4302.90,11,4303.00,10,Sell,5,42,47,-37.00,-1.00,-37.00,0.70,0.0,4301.70,4302.00,4301.30,4301.70,33,88,121,-55.00,14.00,-57.00,1.40,21.4,-99,171,0.0364,0.0000,-84.00,-109.00,4333.05,-3.7408,DOWN,103.75,1.1663,1.9125
20260916 205221 580,4301.70,1,4301.80,4302.10,0.30,4301.80,2,4301.70,7,4301.60,4,4301.50,6,4301.40,4,4301.30,12,4301.20,16,4301.10,15,4301.00,16,4300.90,12,4302.10,3,4302.20,5,4302.30,4,4302.40,4,4302.50,4,4302.60,6,4302.70,6,4302.80,10,4302.90,11,4303.00,10,Sell,5,43,48,-38.00,-1.00,-38.00,0.70,0.0,4301.70,4302.00,4301.30,4301.70,33,88,121,-55.00,14.00,-57.00,1.40,21.4,-99,171,0.0364,0.0000,-85.00,-110.00,4333.05,-3.7408,DOWN,103.75,1.1663,1.9125
20260916 205221 580,4301.70,1,4301.80,4302.10,0.30,4301.80,2,4301.70,7,4301.60,4,4301.50,6,4301.40,4,4301.30,12,4301.20,16,4301.10,15,4301.00,16,4300.90,12,4302.10,3,4302.20,5,4302.30,4,4302.40,4,4302.50,4,4302.60,6,4302.70,6,4302.80,10,4302.90,11,4303.00,10,Sell,5,44,49,-39.00,-1.00,-39.00,0.70,0.0,4301.70,4302.00,4301.30,4301.70,33,88,121,-55.00,14.00,-57.00,1.40,21.4,-99,171,0.0364,0.0000,-86.00,-111.00,4333.05,-3.7408,DOWN,103.75,1.1663,1.9125
20260916 205221 580,4301.60,1,4301.80,4302.10,0.30,4301.80,2,4301.70,7,4301.60,4,4301.50,6,4301.40,4,4301.30,12,4301.20,16,4301.10,15,4301.00,16,4300.90,12,4302.10,3,4302.20,5,4302.30,4,4302.40,4,4302.50,4,4302.60,6,4302.70,6,4302.80,10,4302.90,11,4303.00,10,Sell,5,45,50,-40.00,-1.00,-40.00,0.70,14.3,4301.70,4302.00,4301.30,4301.60,33,88,121,-55.00,14.00,-57.00,1.40,21.4,-99,171,0.0364,0.0000,-87.00,-112.00,4333.04,-3.7440,DOWN,103.75,1.1663,1.9125
20260916 205221 580,4301.60,1,4301.80,4302.10,0.30,4301.80,2,4301.70,7,4301.60,4,4301.50,6,4301.40,4,4301.30,12,4301.20,16,4301.10,15,4301.00,16,4300.90,12,4302.10,3,4302.20,5,4302.30,4,4302.40,4,4302.50,4,4302.60,6,4302.70,6,4302.80,10,4302.90,11,4303.00,10,Sell,5,46,51,-41.00,-1.00,-41.00,0.70,14.3,4301.70,4302.00,4301.30,4301.60,33,88,121,-55.00,14.00,-57.00,1.40,21.4,-99,171,0.0364,0.0000,-88.00,-113.00,4333.04,-3.7440,DOWN,103.75,1.1663,1.9125
20260916 205223 733,4301.80,1,4301.70,4301.80,0.10,4301.80,3,4301.70,7,4301.60,4,4301.50,6,4301.40,4,4301.30,12,4301.20,16,4301.10,15,4301.00,16,4300.90,12,4302.00,1,4302.10,2,4302.20,3,4302.30,4,4302.40,4,4302.50,4,4302.60,6,4302.70,6,4302.80,10,4302.90,11,Sell,5,47,52,-42.00,-1.00,-42.00,0.70,14.3,4301.70,4302.00,4301.30,4301.80,33,88,121,-55.00,14.00,-57.00,1.40,21.4,-99,171,0.0364,0.0000,-89.00,-114.00,4333.06,-3.7376,DOWN,103.75,1.1663,1.9125
20260916 205223 733,4301.80,1,4301.70,4301.80,0.10,4301.80,3,4301.70,7,4301.60,4,4301.50,6,4301.40,4,4301.30,12,4301.20,16,4301.10,15,4301.00,16,4300.90,12,4302.00,1,4302.10,2,4302.20,3,4302.30,4,4302.40,4,4302.50,4,4302.60,6,4302.70,6,4302.80,10,4302.90,11,Sell,5,48,53,-43.00,-1.00,-43.00,0.70,14.3,4301.70,4302.00,4301.30,4301.80,33,88,121,-55.00,14.00,-57.00,1.40,21.4,-99,171,0.0364,0.0000,-90.00,-115.00,4333.06,-3.7376,DOWN,103.75,1.1663,1.9125
20260916 205223 733,4301.80,1,4301.70,4301.80,0.10,4301.80,3,4301.70,7,4301.60,4,4301.50,6,4301.40,4,4301.30,12,4301.20,16,4301.10,15,4301.00,16,4300.90,12,4302.00,1,4302.10,2,4302.20,3,4302.30,4,4302.40,4,4302.50,4,4302.60,6,4302.70,6,4302.80,10,4302.90,11,Sell,5,49,54,-44.00,-1.00,-44.00,0.70,14.3,4301.70,4302.00,4301.30,4301.80,33,88,121,-55.00,14.00,-57.00,1.40,21.4,-99,171,0.0364,0.0000,-91.00,-116.00,4333.06,-3.7376,DOWN,103.75,1.1663,1.9125
20260916 205223 734,4301.70,1,4301.70,4301.80,0.10,4301.80,3,4301.70,7,4301.60,4,4301.50,6,4301.40,4,4301.30,12,4301.20,16,4301.10,15,4301.00,16,4300.90,12,4302.00,1,4302.10,2,4302.20,3,4302.30,4,4302.40,4,4302.50,4,4302.60,6,4302.70,6,4302.80,10,4302.90,11,Sell,5,50,55,-45.00,-1.00,-45.00,0.70,0.0,4301.70,4302.00,4301.30,4301.70,33,88,121,-55.00,14.00,-57.00,1.40,21.4,-99,171,0.0364,0.0000,-92.00,-117.00,4333.05,-3.7408,DOWN,103.75,1.1663,1.9125
20260916 205223 734,4301.70,1,4301.70,4301.80,0.10,4301.80,3,4301.70,7,4301.60,4,4301.50,6,4301.40,4,4301.30,12,4301.20,16,4301.10,15,4301.00,16,4300.90,12,4302.00,1,4302.10,2,4302.20,3,4302.30,4,4302.40,4,4302.50,4,4302.60,6,4302.70,6,4302.80,10,4302.90,11,Sell,5,51,56,-46.00,-1.00,-46.00,0.70,0.0,4301.70,4302.00,4301.30,4301.70,33,88,121,-55.00,14.00,-57.00,1.40,21.4,-99,171,0.0364,0.0000,-93.00,-118.00,4333.05,-3.7408,DOWN,103.75,1.1663,1.9125
20260916 205223 734,4301.70,1,4301.70,4301.80,0.10,4301.80,3,4301.70,7,4301.60,4,4301.50,6,4301.40,4,4301.30,12,4301.20,16,4301.10,15,4301.00,16,4300.90,12,4302.00,1,4302.10,2,4302.20,3,4302.30,4,4302.40,4,4302.50,4,4302.60,6,4302.70,6,4302.80,10,4302.90,11,Sell,5,52,57,-47.00,-1.00,-47.00,0.70,0.0,4301.70,4302.00,4301.30,4301.70,33,88,121,-55.00,14.00,-57.00,1.40,21.4,-99,171,0.0364,0.0000,-94.00,-119.00,4333.05,-3.7408,DOWN,103.75,1.1663,1.9125
20260916 205223 734,4301.70,1,4301.70,4301.80,0.10,4301.80,3,4301.70,7,4301.60,4,4301.50,6,4301.40,4,4301.30,12,4301.20,16,4301.10,15,4301.00,16,4300.90,12,4302.00,1,4302.10,2,4302.20,3,4302.30,4,4302.40,4,4302.50,4,4302.60,6,4302.70,6,4302.80,10,4302.90,11,Sell,5,53,58,-48.00,-1.00,-48.00,0.70,0.0,4301.70,4302.00,4301.30,4301.70,33,88,121,-55.00,14.00,-57.00,1.40,21.4,-99,171,0.0364,0.0000,-95.00,-120.00,4333.05,-3.7408,DOWN,103.75,1.1663,1.9125
20260916 205223 734,4301.70,1,4301.70,4301.80,0.10,4301.80,3,4301.70,7,4301.60,4,4301.50,6,4301.40,4,4301.30,12,4301.20,16,4301.10,15,4301.00,16,4300.90,12,4302.00,1,4302.10,2,4302.20,3,4302.30,4,4302.40,4,4302.50,4,4302.60,6,4302.70,6,4302.80,10,4302.90,11,Sell,5,54,59,-49.00,-1.00,-49.00,0.70,0.0,4301.70,4302.00,4301.30,4301.70,33,88,121,-55.00,14.00,-57.00,1.40,21.4,-99,171,0.0364,0.0000,-96.00,-121.00,4333.05,-3.7408,DOWN,103.75,1.1663,1.9125
20260916 205223 954,4301.60,1,4301.60,4301.80,0.20,4301.60,2,4301.50,3,4301.40,4,4301.30,5,4301.20,8,4301.10,15,4301.00,16,4300.90,12,4300.80,14,4300.70,11,4301.80,1,4301.90,2,4302.00,3,4302.10,4,4302.20,4,4302.30,4,4302.40,4,4302.50,4,4302.60,11,4302.70,11,Sell,5,55,60,-50.00,-1.00,-50.00,0.70,14.3,4301.70,4302.00,4301.30,4301.60,33,88,121,-55.00,14.00,-57.00,1.40,21.4,-99,171,0.0364,0.0000,-97.00,-122.00,4333.04,-3.7440,DOWN,103.75,1.1663,1.9125
20260916 205224 539,4301.50,1,4301.50,4301.80,0.30,4301.50,2,4301.40,4,4301.30,5,4301.20,8,4301.10,15,4301.00,16,4300.90,12,4300.80,14,4300.70,11,4300.60,11,4301.80,2,4301.90,2,4302.00,3,4302.10,4,4302.20,4,4302.30,4,4302.40,4,4302.50,9,4302.60,11,4302.70,11,Sell,5,56,61,-51.00,-1.00,-51.00,0.70,28.6,4301.70,4302.00,4301.30,4301.50,33,88,121,-55.00,14.00,-57.00,1.40,21.4,-99,171,0.0364,0.0000,-98.00,-123.00,4333.03,-3.7472,DOWN,103.75,1.1663,1.9125
20260916 205225 214,4301.50,1,4301.50,4301.80,0.30,4301.40,4,4301.30,5,4301.20,8,4301.10,15,4301.00,16,4300.90,12,4300.80,14,4300.70,11,4300.60,11,4300.50,12,4301.70,2,4301.80,3,4301.90,2,4302.00,3,4302.10,4,4302.20,4,4302.30,4,4302.40,4,4302.50,9,4302.60,11,Sell,5,57,62,-52.00,-1.00,-52.00,0.70,28.6,4301.70,4302.00,4301.30,4301.50,33,88,121,-55.00,14.00,-57.00,1.40,21.4,-99,171,0.0364,0.0000,-99.00,-124.00,4333.03,-3.7472,DOWN,103.75,1.1663,1.9125
20260916 205225 214,4301.50,1,4301.50,4301.80,0.30,4301.40,4,4301.30,5,4301.20,8,4301.10,15,4301.00,16,4300.90,12,4300.80,14,4300.70,11,4300.60,11,4300.50,12,4301.70,2,4301.80,3,4301.90,2,4302.00,3,4302.10,4,4302.20,4,4302.30,4,4302.40,4,4302.50,9,4302.60,11,Sell,5,58,63,-53.00,-1.00,-53.00,0.70,28.6,4301.70,4302.00,4301.30,4301.50,33,88,121,-55.00,14.00,-57.00,1.40,21.4,-99,171,0.0364,0.0000,-100.00,-125.00,4333.03,-3.7472,DOWN,103.75,1.1663,1.9125
20260916 205225 590,4301.50,1,4301.40,4301.60,0.20,4301.40,2,4301.30,3,4301.20,7,4301.10,7,4301.00,16,4300.90,12,4300.80,14,4300.70,11,4300.60,11,4300.50,12,4301.60,1,4301.70,2,4301.80,5,4301.90,2,4302.00,3,4302.10,4,4302.20,4,4302.30,4,4302.40,9,4302.50,9,Sell,5,59,64,-54.00,-1.00,-54.00,0.70,28.6,4301.70,4302.00,4301.30,4301.50,33,88,121,-55.00,14.00,-57.00,1.40,21.4,-99,171,0.0364,0.0000,-101.00,-126.00,4333.03,-3.7472,DOWN,103.75,1.1663,1.9125
20260916 205229 374,4301.50,1,4301.40,4301.70,0.30,4301.40,3,4301.30,4,4301.20,7,4301.10,7,4301.00,16,4300.90,12,4300.80,14,4300.70,11,4300.60,11,4300.50,11,4301.70,2,4301.80,4,4301.90,3,4302.00,3,4302.10,3,4302.20,2,4302.30,4,4302.40,9,4302.50,9,4302.60,11,Sell,5,60,65,-55.00,-1.00,-55.00,0.70,28.6,4301.70,4302.00,4301.30,4301.50,33,88,121,-55.00,14.00,-57.00,1.40,21.4,-99,171,0.0364,0.0000,-102.00,-127.00,4333.03,-3.7472,DOWN,103.75,1.1663,1.9125
20260916 205229 649,4301.70,1,4301.40,4301.60,0.20,4301.40,3,4301.30,4,4301.20,7,4301.10,7,4301.00,16,4300.90,12,4300.80,14,4300.70,11,4300.60,11,4300.50,11,4301.60,1,4301.70,2,4301.80,5,4301.90,3,4302.00,3,4302.10,3,4302.20,2,4302.30,4,4302.40,9,4302.50,9,Buy,6,60,66,-54.00,-1.00,-55.00,0.70,0.0,4301.70,4302.00,4301.30,4301.70,33,88,121,-55.00,14.00,-57.00,1.40,21.4,-99,171,0.0364,0.0185,-101.00,-126.00,4333.05,-3.7408,DOWN,103.75,1.1663,1.9125
20260916 205232 025,4301.60,1,4301.50,4301.80,0.30,4301.50,4,4301.40,4,4301.30,4,4301.20,7,4301.10,7,4301.00,16,4300.90,12,4300.80,14,4300.70,11,4300.60,11,4301.80,3,4301.90,4,4302.00,3,4302.10,2,4302.20,2,4302.30,4,4302.40,4,4302.50,9,4302.60,11,4302.70,11,Sell,6,61,67,-55.00,-1.00,-55.00,0.70,14.3,4301.70,4302.00,4301.30,4301.60,33,88,121,-55.00,14.00,-57.00,1.40,21.4,-99,171,0.0364,0.0000,-102.00,-127.00,4333.04,-3.7440,DOWN,103.75,1.1663,1.9125
20260916 205232 025,4301.60,1,4301.50,4301.80,0.30,4301.50,4,4301.40,4,4301.30,4,4301.20,7,4301.10,7,4301.00,16,4300.90,12,4300.80,14,4300.70,11,4300.60,11,4301.80,3,4301.90,4,4302.00,3,4302.10,2,4302.20,2,4302.30,4,4302.40,4,4302.50,9,4302.60,11,4302.70,11,Sell,6,62,68,-56.00,-1.00,-56.00,0.70,14.3,4301.70,4302.00,4301.30,4301.60,33,88,121,-55.00,14.00,-57.00,1.40,21.4,-99,171,0.0364,0.0000,-103.00,-128.00,4333.04,-3.7440,DOWN,103.75,1.1663,1.9125
20260916 205236 195,4301.70,1,4301.70,4301.90,0.20,4301.70,1,4301.60,4,4301.50,3,4301.40,5,4301.30,4,4301.20,7,4301.10,7,4301.00,16,4300.90,12,4300.80,14,4301.90,2,4302.00,3,4302.10,2,4302.20,3,4302.30,4,4302.40,4,4302.50,9,4302.60,11,4302.70,11,4302.80,10,Sell,6,63,69,-57.00,-1.00,-57.00,0.70,0.0,4301.70,4302.00,4301.30,4301.70,33,88,121,-55.00,14.00,-57.00,1.40,21.4,-99,171,0.0364,0.0000,-104.00,-129.00,4333.05,-3.7408,DOWN,103.75,1.1663,1.9125
20260916 205236 195,4301.70,1,4301.70,4301.90,0.20,4301.70,1,4301.60,4,4301.50,3,4301.40,5,4301.30,4,4301.20,7,4301.10,7,4301.00,16,4300.90,12,4300.80,14,4301.90,2,4302.00,3,4302.10,2,4302.20,3,4302.30,4,4302.40,4,4302.50,9,4302.60,11,4302.70,11,4302.80,10,Sell,6,64,70,-58.00,-1.00,-58.00,0.70,0.0,4301.70,4302.00,4301.30,4301.70,33,88,121,-55.00,14.00,-57.00,1.40,21.4,-99,171,0.0364,0.0000,-105.00,-130.00,4333.05,-3.7408,DOWN,103.75,1.1663,1.9125
20260916 205236 195,4301.60,1,4301.70,4301.90,0.20,4301.70,1,4301.60,4,4301.50,3,4301.40,5,4301.30,4,4301.20,7,4301.10,7,4301.00,16,4300.90,12,4300.80,14,4301.90,2,4302.00,3,4302.10,2,4302.20,3,4302.30,4,4302.40,4,4302.50,9,4302.60,11,4302.70,11,4302.80,10,Sell,6,65,71,-59.00,-1.00,-59.00,0.70,14.3,4301.70,4302.00,4301.30,4301.60,33,88,121,-55.00,14.00,-57.00,1.40,21.4,-99,171,0.0364,0.0000,-106.00,-131.00,4333.04,-3.7440,DOWN,103.75,1.1663,1.9125
20260916 205236 195,4301.60,1,4301.70,4301.90,0.20,4301.70,1,4301.60,4,4301.50,3,4301.40,5,4301.30,4,4301.20,7,4301.10,7,4301.00,16,4300.90,12,4300.80,14,4301.90,2,4302.00,3,4302.10,2,4302.20,3,4302.30,4,4302.40,4,4302.50,9,4302.60,11,4302.70,11,4302.80,10,Sell,6,66,72,-60.00,-1.00,-60.00,0.70,14.3,4301.70,4302.00,4301.30,4301.60,33,88,121,-55.00,14.00,-57.00,1.40,21.4,-99,171,0.0364,0.0000,-107.00,-132.00,4333.04,-3.7440,DOWN,103.75,1.1663,1.9125
20260916 205236 195,4301.60,1,4301.70,4301.90,0.20,4301.70,1,4301.60,4,4301.50,3,4301.40,5,4301.30,4,4301.20,7,4301.10,7,4301.00,16,4300.90,12,4300.80,14,4301.90,2,4302.00,3,4302.10,2,4302.20,3,4302.30,4,4302.40,4,4302.50,9,4302.60,11,4302.70,11,4302.80,10,Sell,6,67,73,-61.00,-1.00,-61.00,0.70,14.3,4301.70,4302.00,4301.30,4301.60,33,88,121,-55.00,14.00,-57.00,1.40,21.4,-99,171,0.0364,0.0000,-108.00,-133.00,4333.04,-3.7440,DOWN,103.75,1.1663,1.9125
20260916 205237 247,4301.70,1,4301.70,4301.80,0.10,4301.60,4,4301.50,3,4301.40,5,4301.30,4,4301.20,7,4301.10,7,4301.00,16,4300.90,12,4300.80,14,4300.70,11,4301.80,1,4301.90,1,4302.00,3,4302.10,2,4302.20,3,4302.30,4,4302.40,4,4302.50,9,4302.60,11,4302.70,11,Sell,6,68,74,-62.00,-1.00,-62.00,0.70,0.0,4301.70,4302.00,4301.30,4301.70,33,88,121,-55.00,14.00,-57.00,1.40,21.4,-99,171,0.0364,0.0000,-109.00,-134.00,4333.05,-3.7408,DOWN,103.75,1.1663,1.9125
20260916 205237 247,4301.70,1,4301.70,4301.80,0.10,4301.60,4,4301.50,3,4301.40,5,4301.30,4,4301.20,7,4301.10,7,4301.00,16,4300.90,12,4300.80,14,4300.70,11,4301.80,1,4301.90,1,4302.00,3,4302.10,2,4302.20,3,4302.30,4,4302.40,4,4302.50,9,4302.60,11,4302.70,11,Sell,6,69,75,-63.00,-1.00,-63.00,0.70,0.0,4301.70,4302.00,4301.30,4301.70,33,88,121,-55.00,14.00,-57.00,1.40,21.4,-99,171,0.0364,0.0000,-110.00,-135.00,4333.05,-3.7408,DOWN,103.75,1.1663,1.9125
20260916 205242 947,4301.80,1,4301.60,4301.90,0.30,4301.60,2,4301.50,3,4301.40,4,4301.30,4,4301.20,7,4301.10,7,4301.00,16,4300.90,12,4300.80,14,4300.70,11,4301.90,4,4302.00,4,4302.10,2,4302.20,3,4302.30,4,4302.40,4,4302.50,9,4302.60,11,4302.70,11,4302.80,10,Buy,7,69,76,-62.00,-1.00,-63.00,0.70,14.3,4301.70,4302.00,4301.30,4301.80,33,88,121,-55.00,14.00,-57.00,1.40,21.4,-99,171,0.0364,0.0161,-109.00,-134.00,4333.06,-3.7376,DOWN,103.75,1.1663,1.9125
20260916 205242 949,4301.70,5,4301.60,4301.90,0.30,4301.60,2,4301.50,3,4301.40,4,4301.30,4,4301.20,7,4301.10,7,4301.00,16,4300.90,12,4300.80,14,4300.70,11,4301.90,4,4302.00,4,4302.10,2,4302.20,3,4302.30,4,4302.40,4,4302.50,9,4302.60,11,4302.70,11,4302.80,10,Sell,7,74,81,-67.00,-1.00,-67.00,0.70,0.0,4301.70,4302.00,4301.30,4301.70,33,88,121,-55.00,14.00,-57.00,1.40,21.4,-99,171,0.0364,0.0000,-114.00,-139.00,4333.05,-3.7408,DOWN,103.75,1.1663,1.9125
20260916 205244 894,4301.70,1,4301.60,4301.90,0.30,4301.60,3,4301.50,3,4301.40,5,4301.30,4,4301.20,7,4301.10,7,4301.00,16,4300.90,12,4300.80,14,4300.70,11,4301.90,3,4302.00,4,4302.10,2,4302.20,3,4302.30,4,4302.40,4,4302.50,9,4302.60,11,4302.70,11,4302.80,10,Sell,7,75,82,-68.00,-1.00,-68.00,0.70,0.0,4301.70,4302.00,4301.30,4301.70,33,88,121,-55.00,14.00,-57.00,1.40,21.4,-99,171,0.0364,0.0000,-115.00,-140.00,4333.05,-3.7408,DOWN,103.75,1.1663,1.9125
20260916 205246 260,4301.70,1,4301.40,4301.60,0.20,4301.40,2,4301.30,4,4301.20,7,4301.10,7,4301.00,8,4300.90,10,4300.80,14,4300.70,11,4300.60,11,4300.50,11,4301.60,1,4301.70,3,4301.80,4,4301.90,3,4302.00,4,4302.10,2,4302.20,3,4302.30,4,4302.40,12,4302.50,9,Sell,7,76,83,-69.00,-1.00,-69.00,0.70,0.0,4301.70,4302.00,4301.30,4301.70,33,88,121,-55.00,14.00,-57.00,1.40,21.4,-99,171,0.0364,0.0000,-116.00,-141.00,4333.05,-3.7408,DOWN,103.75,1.1663,1.9125
20260916 205246 261,4301.60,1,4301.40,4301.60,0.20,4301.40,2,4301.30,4,4301.20,7,4301.10,7,4301.00,8,4300.90,10,4300.80,14,4300.70,11,4300.60,11,4300.50,11,4301.60,1,4301.70,3,4301.80,4,4301.90,3,4302.00,4,4302.10,2,4302.20,3,4302.30,4,4302.40,12,4302.50,9,Sell,7,77,84,-70.00,-1.00,-70.00,0.70,14.3,4301.70,4302.00,4301.30,4301.60,33,88,121,-55.00,14.00,-57.00,1.40,21.4,-99,171,0.0364,0.0000,-117.00,-142.00,4333.04,-3.7440,DOWN,103.75,1.1663,1.9125
20260916 205246 261,4301.60,1,4301.40,4301.60,0.20,4301.40,2,4301.30,4,4301.20,7,4301.10,7,4301.00,8,4300.90,10,4300.80,14,4300.70,11,4300.60,11,4300.50,11,4301.60,1,4301.70,3,4301.80,4,4301.90,3,4302.00,4,4302.10,2,4302.20,3,4302.30,4,4302.40,12,4302.50,9,Sell,7,78,85,-71.00,-1.00,-71.00,0.70,14.3,4301.70,4302.00,4301.30,4301.60,33,88,121,-55.00,14.00,-57.00,1.40,21.4,-99,171,0.0364,0.0000,-118.00,-143.00,4333.04,-3.7440,DOWN,103.75,1.1663,1.9125
20260916 205246 775,4301.40,1,4301.30,4301.50,0.20,4301.30,2,4301.20,8,4301.10,7,4301.00,8,4300.90,10,4300.80,14,4300.70,11,4300.60,11,4300.50,11,4300.40,10,4301.50,1,4301.60,2,4301.70,3,4301.80,4,4301.90,3,4302.00,4,4302.10,2,4302.20,3,4302.30,4,4302.40,12,Sell,7,79,86,-72.00,-1.00,-72.00,0.70,42.9,4301.70,4302.00,4301.30,4301.40,33,88,121,-55.00,14.00,-57.00,1.40,21.4,-99,171,0.0364,0.0000,-119.00,-144.00,4333.02,-3.7503,DOWN,103.75,1.1663,1.9125
20260916 205246 844,4301.30,1,4301.20,4301.50,0.30,4301.20,8,4301.10,7,4301.00,8,4300.90,10,4300.80,14,4300.70,11,4300.60,11,4300.50,11,4300.40,10,4300.30,12,4301.50,3,4301.60,3,4301.70,2,4301.80,4,4301.90,3,4302.00,4,4302.10,2,4302.20,3,4302.30,12,4302.40,12,Sell,7,80,87,-73.00,-1.00,-73.00,0.70,57.1,4301.70,4302.00,4301.30,4301.30,33,88,121,-55.00,14.00,-57.00,1.40,21.4,-99,171,0.0364,0.0000,-120.00,-145.00,4333.01,-3.7535,DOWN,103.75,1.1663,1.9125
20260916 205246 950,4301.40,1,4301.40,4301.60,0.20,4301.30,4,4301.20,7,4301.10,7,4301.00,8,4300.90,5,4300.80,14,4300.70,11,4300.60,11,4300.50,11,4300.40,10,4301.60,2,4301.70,5,4301.80,4,4301.90,3,4302.00,4,4302.10,2,4302.20,11,4302.30,12,4302.40,12,4302.50,9,Sell,7,81,88,-74.00,-1.00,-74.00,0.70,42.9,4301.70,4302.00,4301.30,4301.40,33,88,121,-55.00,14.00,-57.00,1.40,21.4,-99,171,0.0364,0.0000,-121.00,-146.00,4333.02,-3.7503,DOWN,103.75,1.1663,1.9125
20260916 205246 950,4301.40,1,4301.40,4301.60,0.20,4301.30,4,4301.20,7,4301.10,7,4301.00,8,4300.90,5,4300.80,14,4300.70,11,4300.60,11,4300.50,11,4300.40,10,4301.60,2,4301.70,5,4301.80,4,4301.90,3,4302.00,4,4302.10,2,4302.20,11,4302.30,12,4302.40,12,4302.50,9,Sell,7,82,89,-75.00,-1.00,-75.00,0.70,42.9,4301.70,4302.00,4301.30,4301.40,33,88,121,-55.00,14.00,-57.00,1.40,21.4,-99,171,0.0364,0.0000,-122.00,-147.00,4333.02,-3.7503,DOWN,103.75,1.1663,1.9125
20260916 205247 222,4301.40,1,4301.30,4301.60,0.30,4301.30,3,4301.20,8,4301.10,7,4301.00,8,4300.90,5,4300.80,14,4300.70,11,4300.60,11,4300.50,11,4300.40,10,4301.60,2,4301.70,4,4301.80,4,4301.90,3,4302.00,4,4302.10,2,4302.20,11,4302.30,12,4302.40,12,4302.50,9,Sell,7,83,90,-76.00,-1.00,-76.00,0.70,42.9,4301.70,4302.00,4301.30,4301.40,33,88,121,-55.00,14.00,-57.00,1.40,21.4,-99,171,0.0364,0.0000,-123.00,-148.00,4333.02,-3.7503,DOWN,103.75,1.1663,1.9125
20260916 205256 649,4301.50,1,4301.40,4301.70,0.30,4301.40,5,4301.30,3,4301.20,8,4301.10,7,4301.00,14,4300.90,11,4300.80,14,4300.70,11,4300.60,11,4300.50,11,4301.70,3,4301.80,4,4301.90,3,4302.00,4,4302.10,3,4302.20,3,4302.30,4,4302.40,12,4302.50,9,4302.60,11,Sell,7,84,91,-77.00,-1.00,-77.00,0.70,28.6,4301.70,4302.00,4301.30,4301.50,33,88,121,-55.00,14.00,-57.00,1.40,21.4,-99,171,0.0364,0.0000,-124.00,-149.00,4333.03,-3.7472,DOWN,103.75,1.1663,1.9125
20260916 205256 649,4301.50,1,4301.40,4301.70,0.30,4301.40,5,4301.30,3,4301.20,8,4301.10,7,4301.00,14,4300.90,11,4300.80,14,4300.70,11,4300.60,11,4300.50,11,4301.70,3,4301.80,4,4301.90,3,4302.00,4,4302.10,3,4302.20,3,4302.30,4,4302.40,12,4302.50,9,4302.60,11,Sell,7,85,92,-78.00,-1.00,-78.00,0.70,28.6,4301.70,4302.00,4301.30,4301.50,33,88,121,-55.00,14.00,-57.00,1.40,21.4,-99,171,0.0364,0.0000,-125.00,-150.00,4333.03,-3.7472,DOWN,103.75,1.1663,1.9125
20260916 205257 391,4301.70,1,4301.50,4301.70,0.20,4301.50,1,4301.40,4,4301.30,4,4301.20,8,4301.10,7,4301.00,14,4300.90,11,4300.80,14,4300.70,11,4300.60,11,4301.80,1,4301.90,1,4302.00,4,4302.10,3,4302.20,3,4302.30,4,4302.40,12,4302.50,9,4302.60,11,4302.70,11,Buy,8,85,93,-77.00,-1.00,-78.00,0.70,0.0,4301.70,4302.00,4301.30,4301.70,33,88,121,-55.00,14.00,-57.00,1.40,21.4,-99,171,0.0364,0.0130,-124.00,-149.00,4333.05,-3.7408,DOWN,103.75,1.1663,1.9125
20260916 205257 391,4301.70,1,4301.50,4301.70,0.20,4301.50,1,4301.40,4,4301.30,4,4301.20,8,4301.10,7,4301.00,14,4300.90,11,4300.80,14,4300.70,11,4300.60,11,4301.80,1,4301.90,1,4302.00,4,4302.10,3,4302.20,3,4302.30,4,4302.40,12,4302.50,9,4302.60,11,4302.70,11,Buy,9,85,94,-76.00,-1.00,-78.00,0.70,0.0,4301.70,4302.00,4301.30,4301.70,33,88,121,-55.00,14.00,-57.00,1.40,21.4,-99,171,0.0364,0.0263,-123.00,-148.00,4333.05,-3.7408,DOWN,103.75,1.1663,1.9125
20260916 205257 391,4301.70,1,4301.50,4301.70,0.20,4301.50,1,4301.40,4,4301.30,4,4301.20,8,4301.10,7,4301.00,14,4300.90,11,4300.80,14,4300.70,11,4300.60,11,4301.80,1,4301.90,1,4302.00,4,4302.10,3,4302.20,3,4302.30,4,4302.40,12,4302.50,9,4302.60,11,4302.70,11,Buy,10,85,95,-75.00,-1.00,-78.00,0.70,0.0,4301.70,4302.00,4301.30,4301.70,33,88,121,-55.00,14.00,-57.00,1.40,21.4,-99,171,0.0364,0.0400,-122.00,-147.00,4333.05,-3.7408,DOWN,103.75,1.1663,1.9125
20260916 205257 391,4301.80,1,4301.50,4301.70,0.20,4301.50,1,4301.40,4,4301.30,4,4301.20,8,4301.10,7,4301.00,14,4300.90,11,4300.80,14,4300.70,11,4300.60,11,4301.80,1,4301.90,1,4302.00,4,4302.10,3,4302.20,3,4302.30,4,4302.40,12,4302.50,9,4302.60,11,4302.70,11,Buy,11,85,96,-74.00,-1.00,-78.00,0.70,14.3,4301.70,4302.00,4301.30,4301.80,33,88,121,-55.00,14.00,-57.00,1.40,21.4,-99,171,0.0364,0.0541,-121.00,-146.00,4333.06,-3.7376,DOWN,103.75,1.1663,1.9125
20260916 205257 391,4301.80,1,4301.50,4301.70,0.20,4301.50,1,4301.40,4,4301.30,4,4301.20,8,4301.10,7,4301.00,14,4300.90,11,4300.80,14,4300.70,11,4300.60,11,4301.80,1,4301.90,1,4302.00,4,4302.10,3,4302.20,3,4302.30,4,4302.40,12,4302.50,9,4302.60,11,4302.70,11,Buy,12,85,97,-73.00,-1.00,-78.00,0.70,14.3,4301.70,4302.00,4301.30,4301.80,33,88,121,-55.00,14.00,-57.00,1.40,21.4,-99,171,0.0364,0.0685,-120.00,-145.00,4333.06,-3.7376,DOWN,103.75,1.1663,1.9125
20260916 205257 391,4301.80,1,4301.50,4301.70,0.20,4301.50,1,4301.40,4,4301.30,4,4301.20,8,4301.10,7,4301.00,14,4300.90,11,4300.80,14,4300.70,11,4300.60,11,4301.80,1,4301.90,1,4302.00,4,4302.10,3,4302.20,3,4302.30,4,4302.40,12,4302.50,9,4302.60,11,4302.70,11,Buy,13,85,98,-72.00,-1.00,-78.00,0.70,14.3,4301.70,4302.00,4301.30,4301.80,33,88,121,-55.00,14.00,-57.00,1.40,21.4,-99,171,0.0364,0.0833,-119.00,-144.00,4333.06,-3.7376,DOWN,103.75,1.1663,1.9125
20260916 205257 391,4301.80,1,4301.50,4301.70,0.20,4301.50,1,4301.40,4,4301.30,4,4301.20,8,4301.10,7,4301.00,14,4300.90,11,4300.80,14,4300.70,11,4300.60,11,4301.80,1,4301.90,1,4302.00,4,4302.10,3,4302.20,3,4302.30,4,4302.40,12,4302.50,9,4302.60,11,4302.70,11,Buy,14,85,99,-71.00,-1.00,-78.00,0.70,14.3,4301.70,4302.00,4301.30,4301.80,33,88,121,-55.00,14.00,-57.00,1.40,21.4,-99,171,0.0364,0.0986,-118.00,-143.00,4333.06,-3.7376,DOWN,103.75,1.1663,1.9125
20260916 205257 391,4301.90,1,4301.50,4301.70,0.20,4301.50,1,4301.40,4,4301.30,4,4301.20,8,4301.10,7,4301.00,14,4300.90,11,4300.80,14,4300.70,11,4300.60,11,4301.80,1,4301.90,1,4302.00,4,4302.10,3,4302.20,3,4302.30,4,4302.40,12,4302.50,9,4302.60,11,4302.70,11,Buy,15,85,100,-70.00,-1.00,-78.00,0.70,28.6,4301.70,4302.00,4301.30,4301.90,33,88,121,-55.00,14.00,-57.00,1.40,21.4,-99,171,0.0364,0.1143,-117.00,-142.00,4333.07,-3.7345,DOWN,103.75,1.1663,1.9125
20260916 205257 391,4301.90,1,4301.50,4301.70,0.20,4301.50,1,4301.40,4,4301.30,4,4301.20,8,4301.10,7,4301.00,14,4300.90,11,4300.80,14,4300.70,11,4300.60,11,4301.80,1,4301.90,1,4302.00,4,4302.10,3,4302.20,3,4302.30,4,4302.40,12,4302.50,9,4302.60,11,4302.70,11,Buy,16,85,101,-69.00,-1.00,-78.00,0.70,28.6,4301.70,4302.00,4301.30,4301.90,33,88,121,-55.00,14.00,-57.00,1.40,21.4,-99,171,0.0364,0.1304,-116.00,-141.00,4333.07,-3.7345,DOWN,103.75,1.1663,1.9125
20260916 205257 391,4301.90,1,4301.50,4301.70,0.20,4301.50,1,4301.40,4,4301.30,4,4301.20,8,4301.10,7,4301.00,14,4300.90,11,4300.80,14,4300.70,11,4300.60,11,4301.80,1,4301.90,1,4302.00,4,4302.10,3,4302.20,3,4302.30,4,4302.40,12,4302.50,9,4302.60,11,4302.70,11,Buy,17,85,102,-68.00,-1.00,-78.00,0.70,28.6,4301.70,4302.00,4301.30,4301.90,33,88,121,-55.00,14.00,-57.00,1.40,21.4,-99,171,0.0364,0.1471,-115.00,-140.00,4333.07,-3.7345,DOWN,103.75,1.1663,1.9125
20260916 205257 396,4301.50,1,4301.50,4301.70,0.20,4301.50,1,4301.40,4,4301.30,4,4301.20,8,4301.10,7,4301.00,14,4300.90,11,4300.80,14,4300.70,11,4300.60,11,4301.80,1,4301.90,1,4302.00,4,4302.10,3,4302.20,3,4302.30,4,4302.40,12,4302.50,9,4302.60,11,4302.70,11,Sell,17,86,103,-69.00,-1.00,-78.00,0.70,28.6,4301.70,4302.00,4301.30,4301.50,33,88,121,-55.00,14.00,-57.00,1.40,21.4,-99,171,0.0364,0.1304,-116.00,-141.00,4333.03,-3.7472,DOWN,103.75,1.1663,1.9125
20260916 205257 396,4301.50,1,4301.50,4301.70,0.20,4301.40,4,4301.30,3,4301.20,8,4301.10,7,4301.00,14,4300.90,11,4300.80,14,4300.70,11,4300.60,11,4300.50,11,4301.70,3,4301.80,3,4301.90,3,4302.00,5,4302.10,3,4302.20,3,4302.30,4,4302.40,12,4302.50,9,4302.60,11,Sell,17,87,104,-70.00,-1.00,-78.00,0.70,28.6,4301.70,4302.00,4301.30,4301.50,33,88,121,-55.00,14.00,-57.00,1.40,21.4,-99,171,0.0364,0.1143,-117.00,-142.00,4333.03,-3.7472,DOWN,103.75,1.1663,1.9125
20260916 205257 673,4301.60,1,4301.40,4301.70,0.30,4301.40,3,4301.30,3,4301.20,8,4301.10,7,4301.00,14,4300.90,11,4300.80,14,4300.70,11,4300.60,11,4300.50,11,4301.70,3,4301.80,3,4301.90,3,4302.00,5,4302.10,3,4302.20,3,4302.30,4,4302.40,12,4302.50,9,4302.60,11,Sell,17,88,105,-71.00,-1.00,-78.00,0.70,14.3,4301.70,4302.00,4301.30,4301.60,33,88,121,-55.00,14.00,-57.00,1.40,21.4,-99,171,0.0364,0.0986,-118.00,-143.00,4333.04,-3.7440,DOWN,103.75,1.1663,1.9125
20260916 205300 926,4301.50,1,4301.40,4301.60,0.20,4301.40,1,4301.30,3,4301.20,7,4301.10,7,4301.00,9,4300.90,11,4300.80,14,4300.70,11,4300.60,11,4300.50,11,4301.60,1,4301.70,4,4301.80,4,4301.90,3,4302.00,5,4302.10,3,4302.20,3,4302.30,4,4302.40,12,4302.50,9,Sell,0,1,1,-1.00,-1.00,-1.00,0.00,0.0,4301.50,4301.50,4301.50,4301.50,17,88,105,-71.00,-1.00,-78.00,0.70,14.3,-51,105,0.0986,0.0000,-113.00,-134.00,4333.03,-3.7472,DOWN,105.20,0.9981,1.7830
20260916 205302 183,4301.30,1,4301.30,4301.60,0.30,4301.30,3,4301.20,7,4301.10,7,4301.00,9,4300.90,5,4300.80,14,4300.70,11,4300.60,11,4300.50,11,4300.40,10,4301.60,3,4301.70,4,4301.80,4,4301.90,3,4302.00,5,4302.10,3,4302.20,11,4302.30,12,4302.40,12,4302.50,9,Sell,0,2,2,-2.00,-1.00,-2.00,0.20,100.0,4301.50,4301.50,4301.30,4301.30,17,88,105,-71.00,-1.00,-78.00,0.70,14.3,-51,105,0.0986,0.0000,-114.00,-135.00,4333.01,-3.7535,DOWN,105.20,0.9981,1.7973
20260916 205302 183,4301.30,2,4301.30,4301.60,0.30,4301.30,3,4301.20,7,4301.10,7,4301.00,9,4300.90,5,4300.80,14,4300.70,11,4300.60,11,4300.50,11,4300.40,10,4301.60,3,4301.70,4,4301.80,4,4301.90,3,4302.00,5,4302.10,3,4302.20,11,4302.30,12,4302.40,12,4302.50,9,Sell,0,4,4,-4.00,-1.00,-4.00,0.20,100.0,4301.50,4301.50,4301.30,4301.30,17,88,105,-71.00,-1.00,-78.00,0.70,14.3,-51,105,0.0986,0.0000,-116.00,-137.00,4333.01,-3.7535,DOWN,105.20,0.9981,1.7973
20260916 205302 183,4301.30,1,4301.30,4301.60,0.30,4301.30,3,4301.20,7,4301.10,7,4301.00,9,4300.90,5,4300.80,14,4300.70,11,4300.60,11,4300.50,11,4300.40,10,4301.60,3,4301.70,4,4301.80,4,4301.90,3,4302.00,5,4302.10,3,4302.20,11,4302.30,12,4302.40,12,4302.50,9,Sell,0,5,5,-5.00,-1.00,-5.00,0.20,100.0,4301.50,4301.50,4301.30,4301.30,17,88,105,-71.00,-1.00,-78.00,0.70,14.3,-51,105,0.0986,0.0000,-117.00,-138.00,4333.01,-3.7535,DOWN,105.20,0.9981,1.7973
20260916 205305 644,4301.40,1,4301.40,4301.60,0.20,4301.40,2,4301.30,3,4301.20,7,4301.10,7,4301.00,10,4300.90,5,4300.80,12,4300.70,11,4300.60,11,4300.50,11,4301.60,1,4301.70,3,4301.80,4,4301.90,3,4302.00,4,4302.10,3,4302.20,11,4302.30,12,4302.40,12,4302.50,9,Sell,0,6,6,-6.00,-1.00,-6.00,0.20,50.0,4301.50,4301.50,4301.30,4301.40,17,88,105,-71.00,-1.00,-78.00,0.70,14.3,-51,105,0.0986,0.0000,-118.00,-139.00,4333.02,-3.7503,DOWN,105.20,0.9981,1.7973
20260916 205305 853,4301.60,1,4301.40,4301.70,0.30,4301.40,5,4301.30,4,4301.20,7,4301.10,7,4301.00,10,4300.90,5,4300.80,12,4300.70,11,4300.60,11,4300.50,11,4301.70,2,4301.80,4,4301.90,3,4302.00,4,4302.10,3,4302.20,11,4302.30,12,4302.40,12,4302.50,9,4302.60,11,Buy,1,6,7,-5.00,-1.00,-6.00,0.30,33.3,4301.50,4301.60,4301.30,4301.60,17,88,105,-71.00,-1.00,-78.00,0.70,14.3,-51,105,0.0986,0.2000,-117.00,-138.00,4333.04,-3.7440,DOWN,105.20,0.9981,1.7973
20260916 205305 853,4301.60,1,4301.40,4301.70,0.30,4301.40,5,4301.30,4,4301.20,7,4301.10,7,4301.00,10,4300.90,5,4300.80,12,4300.70,11,4300.60,11,4300.50,11,4301.70,2,4301.80,4,4301.90,3,4302.00,4,4302.10,3,4302.20,11,4302.30,12,4302.40,12,4302.50,9,4302.60,11,Buy,2,6,8,-4.00,-1.00,-6.00,0.30,33.3,4301.50,4301.60,4301.30,4301.60,17,88,105,-71.00,-1.00,-78.00,0.70,14.3,-51,105,0.0986,0.5000,-116.00,-137.00,4333.04,-3.7440,DOWN,105.20,0.9981,1.7973
20260916 205305 921,4301.70,1,4301.80,4302.00,0.20,4301.80,2,4301.70,4,4301.60,6,4301.50,4,4301.40,6,4301.30,6,4301.20,7,4301.10,13,4301.00,16,4300.90,11,4302.00,2,4302.10,2,4302.20,2,4302.30,4,4302.40,4,4302.50,4,4302.60,11,4302.70,11,4302.80,10,4302.90,11,Buy,3,6,9,-3.00,-1.00,-6.00,0.40,50.0,4301.50,4301.70,4301.30,4301.70,17,88,105,-71.00,-1.00,-78.00,0.70,14.3,-51,105,0.0986,1.0000,-115.00,-136.00,4333.05,-3.7408,DOWN,105.20,0.9981,1.8045
20260916 205305 921,4301.80,1,4301.80,4302.00,0.20,4301.80,2,4301.70,4,4301.60,6,4301.50,4,4301.40,6,4301.30,6,4301.20,7,4301.10,13,4301.00,16,4300.90,11,4302.00,2,4302.10,2,4302.20,2,4302.30,4,4302.40,4,4302.50,4,4302.60,11,4302.70,11,4302.80,10,4302.90,11,Buy,4,6,10,-2.00,-1.00,-6.00,0.50,60.0,4301.50,4301.80,4301.30,4301.80,17,88,105,-71.00,-1.00,-78.00,0.70,14.3,-51,105,0.0986,2.0000,-114.00,-135.00,4333.06,-3.7376,DOWN,105.20,0.9981,1.8116
20260916 205305 921,4301.80,1,4301.80,4302.00,0.20,4301.80,2,4301.70,4,4301.60,6,4301.50,4,4301.40,6,4301.30,6,4301.20,7,4301.10,13,4301.00,16,4300.90,11,4302.00,2,4302.10,2,4302.20,2,4302.30,4,4302.40,4,4302.50,4,4302.60,11,4302.70,11,4302.80,10,4302.90,11,Buy,5,6,11,-1.00,-1.00,-6.00,0.50,60.0,4301.50,4301.80,4301.30,4301.80,17,88,105,-71.00,-1.00,-78.00,0.70,14.3,-51,105,0.0986,5.0000,-113.00,-134.00,4333.06,-3.7376,DOWN,105.20,0.9981,1.8116
20260916 205306 015,4302.00,1,4301.80,4302.00,0.20,4301.80,2,4301.70,4,4301.60,6,4301.50,4,4301.40,6,4301.30,6,4301.20,7,4301.10,13,4301.00,16,4300.90,11,4302.10,2,4302.20,2,4302.30,4,4302.40,4,4302.50,4,4302.60,11,4302.70,11,4302.80,10,4302.90,11,4303.00,10,Buy,6,6,12,0.00,0.00,-6.00,0.70,71.4,4301.50,4302.00,4301.30,4302.00,17,88,105,-71.00,-1.00,-78.00,0.70,14.3,-51,105,0.0986,0.0000,-112.00,-133.00,4333.08,-3.7313,DOWN,105.20,0.9981,1.8259
20260916 205306 015,4302.00,1,4301.80,4302.00,0.20,4301.80,2,4301.70,4,4301.60,6,4301.50,4,4301.40,6,4301.30,6,4301.20,7,4301.10,13,4301.00,16,4300.90,11,4302.10,2,4302.20,2,4302.30,4,4302.40,4,4302.50,4,4302.60,11,4302.70,11,4302.80,10,4302.90,11,4303.00,10,Buy,7,6,13,1.00,1.00,-6.00,0.70,71.4,4301.50,4302.00,4301.30,4302.00,17,88,105,-71.00,-1.00,-78.00,0.70,14.3,-51,105,0.0986,0.0000,-111.00,-132.00,4333.08,-3.7313,DOWN,105.20,0.9981,1.8259
20260916 205306 278,4302.10,1,4302.10,4302.30,0.20,4302.10,1,4302.00,3,4301.90,4,4301.80,6,4301.70,5,4301.60,6,4301.50,3,4301.40,14,4301.30,14,4301.20,15,4302.30,3,4302.40,4,4302.50,5,4302.60,6,4302.70,6,4302.80,5,4302.90,11,4303.00,10,4303.10,12,4303.20,11,Sell,7,7,14,0.00,1.00,-6.00,0.80,75.0,4301.50,4302.10,4301.30,4302.10,17,88,105,-71.00,-1.00,-78.00,0.70,14.3,-51,105,0.0986,1.0000,-112.00,-133.00,4333.09,-3.7281,DOWN,105.20,0.9981,1.8330
20260916 205308 623,4302.00,1,4302.00,4302.20,0.20,4302.00,1,4301.90,4,4301.80,6,4301.70,5,4301.60,6,4301.50,11,4301.40,14,4301.30,14,4301.20,15,4301.10,13,4302.20,2,4302.30,3,4302.40,4,4302.50,5,4302.60,7,4302.70,6,4302.80,5,4302.90,11,4303.00,10,4303.10,12,Sell,7,8,15,-1.00,1.00,-6.00,0.80,62.5,4301.50,4302.10,4301.30,4302.00,17,88,105,-71.00,-1.00,-78.00,0.70,14.3,-51,105,0.0986,5.0000,-113.00,-134.00,4333.08,-3.7313,DOWN,105.20,0.9981,1.8330
20260916 205309 103,4301.90,1,4301.70,4302.00,0.30,4301.70,4,4301.60,6,4301.50,3,4301.40,5,4301.30,14,4301.20,15,4301.10,13,4301.00,16,4300.90,11,4300.80,12,4302.00,2,4302.10,1,4302.20,3,4302.30,3,4302.40,4,4302.50,5,4302.60,7,4302.70,6,4302.80,15,4302.90,16,Sell,7,9,16,-2.00,1.00,-6.00,0.80,50.0,4301.50,4302.10,4301.30,4301.90,17,88,105,-71.00,-1.00,-78.00,0.70,14.3,-51,105,0.0986,2.0000,-114.00,-135.00,4333.07,-3.7345,DOWN,105.20,0.9981,1.8330
20260916 205309 103,4301.90,1,4301.70,4302.00,0.30,4301.70,4,4301.60,6,4301.50,3,4301.40,5,4301.30,14,4301.20,15,4301.10,13,4301.00,16,4300.90,11,4300.80,12,4302.00,2,4302.10,1,4302.20,3,4302.30,3,4302.40,4,4302.50,5,4302.60,7,4302.70,6,4302.80,15,4302.90,16,Sell,7,10,17,-3.00,1.00,-6.00,0.80,50.0,4301.50,4302.10,4301.30,4301.90,17,88,105,-71.00,-1.00,-78.00,0.70,14.3,-51,105,0.0986,1.0000,-115.00,-136.00,4333.07,-3.7345,DOWN,105.20,0.9981,1.8330
20260916 205309 769,4301.70,1,4301.60,4301.90,0.30,4301.60,4,4301.50,3,4301.40,5,4301.30,5,4301.20,15,4301.10,13,4301.00,16,4300.90,11,4300.80,12,4300.70,11,4301.90,2,4302.00,4,4302.10,1,4302.20,3,4302.30,4,4302.40,4,4302.50,5,4302.60,7,4302.70,14,4302.80,13,Sell,7,11,18,-4.00,1.00,-6.00,0.80,25.0,4301.50,4302.10,4301.30,4301.70,17,88,105,-71.00,-1.00,-78.00,0.70,14.3,-51,105,0.0986,0.5000,-116.00,-137.00,4333.05,-3.7408,DOWN,105.20,0.9981,1.8330
20260916 205309 769,4301.70,1,4301.60,4301.90,0.30,4301.60,4,4301.50,3,4301.40,5,4301.30,5,4301.20,15,4301.10,13,4301.00,16,4300.90,11,4300.80,12,4300.70,11,4301.90,2,4302.00,4,4302.10,1,4302.20,3,4302.30,4,4302.40,4,4302.50,5,4302.60,7,4302.70,14,4302.80,13,Sell,7,12,19,-5.00,1.00,-6.00,0.80,25.0,4301.50,4302.10,4301.30,4301.70,17,88,105,-71.00,-1.00,-78.00,0.70,14.3,-51,105,0.0986,0.2000,-117.00,-138.00,4333.05,-3.7408,DOWN,105.20,0.9981,1.8330
20260916 205309 769,4301.70,1,4301.60,4301.90,0.30,4301.60,4,4301.50,3,4301.40,5,4301.30,5,4301.20,15,4301.10,13,4301.00,16,4300.90,11,4300.80,12,4300.70,11,4301.90,2,4302.00,4,4302.10,1,4302.20,3,4302.30,4,4302.40,4,4302.50,5,4302.60,7,4302.70,14,4302.80,13,Sell,7,13,20,-6.00,1.00,-6.00,0.80,25.0,4301.50,4302.10,4301.30,4301.70,17,88,105,-71.00,-1.00,-78.00,0.70,14.3,-51,105,0.0986,0.0000,-118.00,-139.00,4333.05,-3.7408,DOWN,105.20,0.9981,1.8330
20260916 205310 166,4301.60,1,4301.60,4301.80,0.20,4301.60,1,4301.50,3,4301.40,5,4301.30,5,4301.20,14,4301.10,13,4301.00,16,4300.90,11,4300.80,12,4300.70,11,4301.80,3,4301.90,5,4302.00,4,4302.10,2,4302.20,4,4302.30,4,4302.40,4,4302.50,5,4302.60,15,4302.70,14,Sell,7,14,21,-7.00,1.00,-7.00,0.80,12.5,4301.50,4302.10,4301.30,4301.60,17,88,105,-71.00,-1.00,-78.00,0.70,14.3,-51,105,0.0986,0.0000,-119.00,-140.00,4333.04,-3.7440,DOWN,105.20,0.9981,1.8330
20260916 205310 166,4301.60,1,4301.60,4301.80,0.20,4301.60,1,4301.50,3,4301.40,5,4301.30,5,4301.20,14,4301.10,13,4301.00,16,4300.90,11,4300.80,12,4300.70,11,4301.80,3,4301.90,5,4302.00,4,4302.10,2,4302.20,4,4302.30,4,4302.40,4,4302.50,5,4302.60,15,4302.70,14,Sell,7,15,22,-8.00,1.00,-8.00,0.80,12.5,4301.50,4302.10,4301.30,4301.60,17,88,105,-71.00,-1.00,-78.00,0.70,14.3,-51,105,0.0986,0.0000,-120.00,-141.00,4333.04,-3.7440,DOWN,105.20,0.9981,1.8330
20260916 205310 898,4301.80,1,4301.60,4301.80,0.20,4301.60,3,4301.50,3,4301.40,5,4301.30,5,4301.20,14,4301.10,13,4301.00,16,4300.90,11,4300.80,12,4300.70,11,4301.90,2,4302.00,4,4302.10,2,4302.20,4,4302.30,4,4302.40,4,4302.50,5,4302.60,15,4302.70,14,4302.80,13,Buy,8,15,23,-7.00,1.00,-8.00,0.80,37.5,4301.50,4302.10,4301.30,4301.80,17,88,105,-71.00,-1.00,-78.00,0.70,14.3,-51,105,0.0986,0.1429,-119.00,-140.00,4333.06,-3.7376,DOWN,105.20,0.9981,1.8330
20260916 205311 308,4301.80,1,4301.70,4302.00,0.30,4301.70,2,4301.60,5,4301.50,3,4301.40,5,4301.30,5,4301.20,14,4301.10,13,4301.00,16,4300.90,11,4300.80,12,4302.00,2,4302.10,3,4302.20,4,4302.30,5,4302.40,5,4302.50,5,4302.60,15,4302.70,14,4302.80,13,4302.90,14,Sell,8,16,24,-8.00,1.00,-8.00,0.80,37.5,4301.50,4302.10,4301.30,4301.80,17,88,105,-71.00,-1.00,-78.00,0.70,14.3,-51,105,0.0986,0.0000,-120.00,-141.00,4333.06,-3.7376,DOWN,105.20,0.9981,1.8330
20260916 205311 308,4301.80,1,4301.70,4302.00,0.30,4301.70,2,4301.60,5,4301.50,3,4301.40,5,4301.30,5,4301.20,14,4301.10,13,4301.00,16,4300.90,11,4300.80,12,4302.00,2,4302.10,3,4302.20,4,4302.30,5,4302.40,5,4302.50,5,4302.60,15,4302.70,14,4302.80,13,4302.90,14,Sell,8,17,25,-9.00,1.00,-9.00,0.80,37.5,4301.50,4302.10,4301.30,4301.80,17,88,105,-71.00,-1.00,-78.00,0.70,14.3,-51,105,0.0986,0.0000,-121.00,-142.00,4333.06,-3.7376,DOWN,105.20,0.9981,1.8330
20260916 205311 308,4301.80,1,4301.70,4302.00,0.30,4301.70,2,4301.60,5,4301.50,3,4301.40,5,4301.30,5,4301.20,14,4301.10,13,4301.00,16,4300.90,11,4300.80,12,4302.00,2,4302.10,3,4302.20,4,4302.30,5,4302.40,5,4302.50,5,4302.60,15,4302.70,14,4302.80,13,4302.90,14,Sell,8,18,26,-10.00,1.00,-10.00,0.80,37.5,4301.50,4302.10,4301.30,4301.80,17,88,105,-71.00,-1.00,-78.00,0.70,14.3,-51,105,0.0986,0.0000,-122.00,-143.00,4333.06,-3.7376,DOWN,105.20,0.9981,1.8330
20260916 205311 983,4301.60,1,4301.50,4301.80,0.30,4301.50,2,4301.40,5,4301.30,5,4301.20,6,4301.10,13,4301.00,16,4300.90,11,4300.80,12,4300.70,11,4300.60,11,4301.80,4,4301.90,4,4302.00,3,4302.10,3,4302.20,4,4302.30,5,4302.40,5,4302.50,13,4302.60,15,4302.70,14,Sell,8,19,27,-11.00,1.00,-11.00,0.80,12.5,4301.50,4302.10,4301.30,4301.60,17,88,105,-71.00,-1.00,-78.00,0.70,14.3,-51,105,0.0986,0.0000,-123.00,-144.00,4333.04,-3.7440,DOWN,105.20,0.9981,1.8330
20260916 205311 983,4301.60,1,4301.50,4301.80,0.30,4301.50,2,4301.40,5,4301.30,5,4301.20,6,4301.10,13,4301.00,16,4300.90,11,4300.80,12,4300.70,11,4300.60,11,4301.80,4,4301.90,4,4302.00,3,4302.10,3,4302.20,4,4302.30,5,4302.40,5,4302.50,13,4302.60,15,4302.70,14,Sell,8,20,28,-12.00,1.00,-12.00,0.80,12.5,4301.50,4302.10,4301.30,4301.60,17,88,105,-71.00,-1.00,-78.00,0.70,14.3,-51,105,0.0986,0.0000,-124.00,-145.00,4333.04,-3.7440,DOWN,105.20,0.9981,1.8330
20260916 205311 983,4301.60,1,4301.50,4301.80,0.30,4301.50,2,4301.40,5,4301.30,5,4301.20,6,4301.10,13,4301.00,16,4300.90,11,4300.80,12,4300.70,11,4300.60,11,4301.80,4,4301.90,4,4302.00,3,4302.10,3,4302.20,4,4302.30,5,4302.40,5,4302.50,13,4302.60,15,4302.70,14,Sell,8,21,29,-13.00,1.00,-13.00,0.80,12.5,4301.50,4302.10,4301.30,4301.60,17,88,105,-71.00,-1.00,-78.00,0.70,14.3,-51,105,0.0986,0.0000,-125.00,-146.00,4333.04,-3.7440,DOWN,105.20,0.9981,1.8330
20260916 205311 983,4301.60,1,4301.50,4301.80,0.30,4301.50,2,4301.40,5,4301.30,5,4301.20,6,4301.10,13,4301.00,16,4300.90,11,4300.80,12,4300.70,11,4300.60,11,4301.80,4,4301.90,4,4302.00,3,4302.10,3,4302.20,4,4302.30,5,4302.40,5,4302.50,13,4302.60,15,4302.70,14,Sell,8,22,30,-14.00,1.00,-14.00,0.80,12.5,4301.50,4302.10,4301.30,4301.60,17,88,105,-71.00,-1.00,-78.00,0.70,14.3,-51,105,0.0986,0.0000,-126.00,-147.00,4333.04,-3.7440,DOWN,105.20,0.9981,1.8330
20260916 205312 116,4301.70,1,4301.50,4301.70,0.20,4301.50,1,4301.40,5,4301.30,5,4301.20,6,4301.10,13,4301.00,16,4300.90,11,4300.80,12,4300.70,11,4300.60,11,4301.70,1,4301.80,4,4301.90,4,4302.00,3,4302.10,3,4302.20,4,4302.30,5,4302.40,5,4302.50,13,4302.60,15,Buy,9,22,31,-13.00,1.00,-14.00,0.80,25.0,4301.50,4302.10,4301.30,4301.70,17,88,105,-71.00,-1.00,-78.00,0.70,14.3,-51,105,0.0986,0.0769,-125.00,-146.00,4333.05,-3.7408,DOWN,105.20,0.9981,1.8330
20260916 205312 181,4301.50,1,4301.40,4301.70,0.30,4301.40,3,4301.30,5,4301.20,6,4301.10,7,4301.00,16,4300.90,11,4300.80,12,4300.70,11,4300.60,11,4300.50,11,4301.70,2,4301.80,4,4301.90,3,4302.00,3,4302.10,3,4302.20,4,4302.30,5,4302.40,5,4302.50,13,4302.60,15,Sell,9,23,32,-14.00,1.00,-14.00,0.80,0.0,4301.50,4302.10,4301.30,4301.50,17,88,105,-71.00,-1.00,-78.00,0.70,14.3,-51,105,0.0986,0.0000,-126.00,-147.00,4333.03,-3.7472,DOWN,105.20,0.9981,1.8330
20260916 205312 254,4301.40,1,4301.30,4301.60,0.30,4301.30,3,4301.20,6,4301.10,6,4301.00,10,4300.90,11,4300.80,12,4300.70,11,4300.60,11,4300.50,11,4300.40,10,4301.60,3,4301.70,4,4301.80,4,4301.90,3,4302.00,3,4302.10,3,4302.20,4,4302.30,13,4302.40,13,4302.50,13,Sell,9,24,33,-15.00,1.00,-15.00,0.80,12.5,4301.50,4302.10,4301.30,4301.40,17,88,105,-71.00,-1.00,-78.00,0.70,14.3,-51,105,0.0986,0.0000,-127.00,-148.00,4333.02,-3.7503,DOWN,105.20,0.9981,1.8330
20260916 205313 503,4301.70,1,4301.70,4302.00,0.30,4301.70,3,4301.60,5,4301.50,2,4301.40,7,4301.30,3,4301.20,6,4301.10,14,4301.00,18,4300.90,11,4300.80,12,4302.00,2,4302.10,3,4302.20,4,4302.30,5,4302.40,5,4302.50,5,4302.60,15,4302.70,14,4302.80,13,4302.90,14,Buy,10,24,34,-14.00,1.00,-15.00,0.80,25.0,4301.50,4302.10,4301.30,4301.70,17,88,105,-71.00,-1.00,-78.00,0.70,14.3,-51,105,0.0986,0.0714,-126.00,-147.00,4333.05,-3.7408,DOWN,105.20,0.9981,1.8330
20260916 205313 503,4301.70,1,4301.70,4302.00,0.30,4301.70,3,4301.60,5,4301.50,2,4301.40,7,4301.30,3,4301.20,6,4301.10,14,4301.00,18,4300.90,11,4300.80,12,4302.00,2,4302.10,3,4302.20,4,4302.30,5,4302.40,5,4302.50,5,4302.60,15,4302.70,14,4302.80,13,4302.90,14,Buy,11,24,35,-13.00,1.00,-15.00,0.80,25.0,4301.50,4302.10,4301.30,4301.70,17,88,105,-71.00,-1.00,-78.00,0.70,14.3,-51,105,0.0986,0.1538,-125.00,-146.00,4333.05,-3.7408,DOWN,105.20,0.9981,1.8330
20260916 205314 626,4301.60,1,4301.60,4301.90,0.30,4301.50,2,4301.40,7,4301.30,3,4301.20,6,4301.10,14,4301.00,18,4300.90,11,4300.80,12,4300.70,11,4300.60,11,4301.80,1,4301.90,3,4302.00,4,4302.10,3,4302.20,4,4302.30,5,4302.40,5,4302.50,5,4302.60,15,4302.70,14,Sell,11,25,36,-14.00,1.00,-15.00,0.80,12.5,4301.50,4302.10,4301.30,4301.60,17,88,105,-71.00,-1.00,-78.00,0.70,14.3,-51,105,0.0986,0.0714,-126.00,-147.00,4333.04,-3.7440,DOWN,105.20,0.9981,1.8330
20260916 205314 626,4301.60,1,4301.60,4301.90,0.30,4301.50,2,4301.40,7,4301.30,3,4301.20,6,4301.10,14,4301.00,18,4300.90,11,4300.80,12,4300.70,11,4300.60,11,4301.80,1,4301.90,3,4302.00,4,4302.10,3,4302.20,4,4302.30,5,4302.40,5,4302.50,5,4302.60,15,4302.70,14,Sell,11,26,37,-15.00,1.00,-15.00,0.80,12.5,4301.50,4302.10,4301.30,4301.60,17,88,105,-71.00,-1.00,-78.00,0.70,14.3,-51,105,0.0986,0.0000,-127.00,-148.00,4333.04,-3.7440,DOWN,105.20,0.9981,1.8330
20260916 205315 147,4301.50,1,4301.40,4301.70,0.30,4301.40,3,4301.30,3,4301.20,6,4301.10,7,4301.00,18,4300.90,11,4300.80,12,4300.70,11,4300.60,11,4300.50,11,4301.70,3,4301.80,5,4301.90,3,4302.00,4,4302.10,3,4302.20,4,4302.30,5,4302.40,5,4302.50,13,4302.60,15,Sell,11,27,38,-16.00,1.00,-16.00,0.80,0.0,4301.50,4302.10,4301.30,4301.50,17,88,105,-71.00,-1.00,-78.00,0.70,14.3,-51,105,0.0986,0.0000,-128.00,-149.00,4333.03,-3.7472,DOWN,105.20,0.9981,1.8330
20260916 205315 147,4301.50,1,4301.40,4301.70,0.30,4301.40,3,4301.30,3,4301.20,6,4301.10,7,4301.00,18,4300.90,11,4300.80,12,4300.70,11,4300.60,11,4300.50,11,4301.70,3,4301.80,5,4301.90,3,4302.00,4,4302.10,3,4302.20,4,4302.30,5,4302.40,5,4302.50,13,4302.60,15,Sell,11,28,39,-17.00,1.00,-17.00,0.80,0.0,4301.50,4302.10,4301.30,4301.50,17,88,105,-71.00,-1.00,-78.00,0.70,14.3,-51,105,0.0986,0.0000,-129.00,-150.00,4333.03,-3.7472,DOWN,105.20,0.9981,1.8330
20260916 205315 147,4301.50,1,4301.40,4301.70,0.30,4301.40,3,4301.30,3,4301.20,6,4301.10,7,4301.00,18,4300.90,11,4300.80,12,4300.70,11,4300.60,11,4300.50,11,4301.70,3,4301.80,5,4301.90,3,4302.00,4,4302.10,3,4302.20,4,4302.30,5,4302.40,5,4302.50,13,4302.60,15,Sell,11,29,40,-18.00,1.00,-18.00,0.80,0.0,4301.50,4302.10,4301.30,4301.50,17,88,105,-71.00,-1.00,-78.00,0.70,14.3,-51,105,0.0986,0.0000,-130.00,-151.00,4333.03,-3.7472,DOWN,105.20,0.9981,1.8330
20260916 205316 820,4301.70,1,4301.70,4301.90,0.20,4301.60,4,4301.50,3,4301.40,5,4301.30,3,4301.20,6,4301.10,15,4301.00,18,4300.90,11,4300.80,12,4300.70,11,4301.90,4,4302.00,3,4302.10,3,4302.20,4,4302.30,5,4302.40,5,4302.50,10,4302.60,12,4302.70,11,4302.80,10,Sell,11,30,41,-19.00,1.00,-19.00,0.80,25.0,4301.50,4302.10,4301.30,4301.70,17,88,105,-71.00,-1.00,-78.00,0.70,14.3,-51,105,0.0986,0.0000,-131.00,-152.00,4333.05,-3.7408,DOWN,105.20,0.9981,1.8330
20260916 205317 690,4301.60,1,4301.60,4301.80,0.20,4301.60,3,4301.50,3,4301.40,5,4301.30,3,4301.20,6,4301.10,15,4301.00,18,4300.90,11,4300.80,12,4300.70,11,4301.80,1,4301.90,4,4302.00,3,4302.10,3,4302.20,4,4302.30,5,4302.40,5,4302.50,10,4302.60,12,4302.70,11,Sell,11,31,42,-20.00,1.00,-20.00,0.80,12.5,4301.50,4302.10,4301.30,4301.60,17,88,105,-71.00,-1.00,-78.00,0.70,14.3,-51,105,0.0986,0.0000,-132.00,-153.00,4333.04,-3.7440,DOWN,105.20,0.9981,1.8330
20260916 205318 978,4301.50,1,4301.50,4301.70,0.20,4301.50,1,4301.40,5,4301.30,4,4301.20,6,4301.10,7,4301.00,16,4300.90,11,4300.80,12,4300.70,11,4300.60,11,4301.70,2,4301.80,3,4301.90,4,4302.00,3,4302.10,3,4302.20,4,4302.30,5,4302.40,5,4302.50,10,4302.60,12,Sell,11,32,43,-21.00,1.00,-21.00,0.80,0.0,4301.50,4302.10,4301.30,4301.50,17,88,105,-71.00,-1.00,-78.00,0.70,14.3,-51,105,0.0986,0.0000,-133.00,-154.00,4333.03,-3.7472,DOWN,105.20,0.9981,1.8330
20260916 205318 978,4301.50,1,4301.50,4301.70,0.20,4301.50,1,4301.40,5,4301.30,4,4301.20,6,4301.10,7,4301.00,16,4300.90,11,4300.80,12,4300.70,11,4300.60,11,4301.70,2,4301.80,3,4301.90,4,4302.00,3,4302.10,3,4302.20,4,4302.30,5,4302.40,5,4302.50,10,4302.60,12,Sell,11,33,44,-22.00,1.00,-22.00,0.80,0.0,4301.50,4302.10,4301.30,4301.50,17,88,105,-71.00,-1.00,-78.00,0.70,14.3,-51,105,0.0986,0.0000,-134.00,-155.00,4333.03,-3.7472,DOWN,105.20,0.9981,1.8330
20260916 205318 978,4301.50,1,4301.50,4301.70,0.20,4301.50,1,4301.40,5,4301.30,4,4301.20,6,4301.10,7,4301.00,16,4300.90,11,4300.80,12,4300.70,11,4300.60,11,4301.70,2,4301.80,3,4301.90,4,4302.00,3,4302.10,3,4302.20,4,4302.30,5,4302.40,5,4302.50,10,4302.60,12,Sell,11,34,45,-23.00,1.00,-23.00,0.80,0.0,4301.50,4302.10,4301.30,4301.50,17,88,105,-71.00,-1.00,-78.00,0.70,14.3,-51,105,0.0986,0.0000,-135.00,-156.00,4333.03,-3.7472,DOWN,105.20,0.9981,1.8330
20260916 205320 449,4301.30,1,4301.20,4301.50,0.30,4301.20,5,4301.10,6,4301.00,10,4300.90,5,4300.80,12,4300.70,11,4300.60,11,4300.50,11,4300.40,11,4300.30,12,4301.50,3,4301.60,5,4301.70,4,4301.80,3,4301.90,4,4302.00,3,4302.10,3,4302.20,12,4302.30,13,4302.40,13,Sell,11,35,46,-24.00,1.00,-24.00,0.80,25.0,4301.50,4302.10,4301.30,4301.30,17,88,105,-71.00,-1.00,-78.00,0.70,14.3,-51,105,0.0986,0.0000,-136.00,-157.00,4333.01,-3.7535,DOWN,105.20,0.9981,1.8330
20260916 205320 449,4301.30,1,4301.20,4301.50,0.30,4301.20,5,4301.10,6,4301.00,10,4300.90,5,4300.80,12,4300.70,11,4300.60,11,4300.50,11,4300.40,11,4300.30,12,4301.50,3,4301.60,5,4301.70,4,4301.80,3,4301.90,4,4302.00,3,4302.10,3,4302.20,12,4302.30,13,4302.40,13,Sell,11,36,47,-25.00,1.00,-25.00,0.80,25.0,4301.50,4302.10,4301.30,4301.30,17,88,105,-71.00,-1.00,-78.00,0.70,14.3,-51,105,0.0986,0.0000,-137.00,-158.00,4333.01,-3.7535,DOWN,105.20,0.9981,1.8330
20260916 205320 566,4301.20,1,4301.20,4301.50,0.30,4301.20,5,4301.10,6,4301.00,10,4300.90,5,4300.80,12,4300.70,11,4300.60,11,4300.50,11,4300.40,11,4300.30,12,4301.50,4,4301.60,5,4301.70,4,4301.80,3,4301.90,4,4302.00,3,4302.10,3,4302.20,12,4302.30,13,4302.40,13,Sell,11,37,48,-26.00,1.00,-26.00,0.90,33.3,4301.50,4302.10,4301.20,4301.20,17,88,105,-71.00,-1.00,-78.00,0.70,14.3,-51,105,0.0986,0.0000,-138.00,-159.00,4333.00,-3.7567,DOWN,105.20,0.9981,1.8402
20260916 205320 566,4301.20,1,4301.20,4301.50,0.30,4301.20,5,4301.10,6,4301.00,10,4300.90,5,4300.80,12,4300.70,11,4300.60,11,4300.50,11,4300.40,11,4300.30,12,4301.50,4,4301.60,5,4301.70,4,4301.80,3,4301.90,4,4302.00,3,4302.10,3,4302.20,12,4302.30,13,4302.40,13,Sell,11,38,49,-27.00,1.00,-27.00,0.90,33.3,4301.50,4302.10,4301.20,4301.20,17,88,105,-71.00,-1.00,-78.00,0.70,14.3,-51,105,0.0986,0.0000,-139.00,-160.00,4333.00,-3.7567,DOWN,105.20,0.9981,1.8402
20260916 205320 566,4301.20,1,4301.20,4301.50,0.30,4301.20,5,4301.10,6,4301.00,10,4300.90,5,4300.80,12,4300.70,11,4300.60,11,4300.50,11,4300.40,11,4300.30,12,4301.50,4,4301.60,5,4301.70,4,4301.80,3,4301.90,4,4302.00,3,4302.10,3,4302.20,12,4302.30,13,4302.40,13,Sell,11,39,50,-28.00,1.00,-28.00,0.90,33.3,4301.50,4302.10,4301.20,4301.20,17,88,105,-71.00,-1.00,-78.00,0.70,14.3,-51,105,0.0986,0.0000,-140.00,-161.00,4333.00,-3.7567,DOWN,105.20,0.9981,1.8402
20260916 205320 566,4301.20,1,4301.20,4301.50,0.30,4301.20,5,4301.10,6,4301.00,10,4300.90,5,4300.80,12,4300.70,11,4300.60,11,4300.50,11,4300.40,11,4300.30,12,4301.50,4,4301.60,5,4301.70,4,4301.80,3,4301.90,4,4302.00,3,4302.10,3,4302.20,12,4302.30,13,4302.40,13,Sell,11,40,51,-29.00,1.00,-29.00,0.90,33.3,4301.50,4302.10,4301.20,4301.20,17,88,105,-71.00,-1.00,-78.00,0.70,14.3,-51,105,0.0986,0.0000,-141.00,-162.00,4333.00,-3.7567,DOWN,105.20,0.9981,1.8402
20260916 205320 566,4301.20,1,4301.10,4301.40,0.30,4301.10,2,4301.00,10,4300.90,5,4300.80,9,4300.70,11,4300.60,11,4300.50,11,4300.40,11,4300.30,12,4300.20,13,4301.40,3,4301.50,4,4301.60,6,4301.70,5,4301.80,4,4301.90,4,4302.00,11,4302.10,11,4302.20,12,4302.30,13,Sell,11,41,52,-30.00,1.00,-30.00,0.90,33.3,4301.50,4302.10,4301.20,4301.20,17,88,105,-71.00,-1.00,-78.00,0.70,14.3,-51,105,0.0986,0.0000,-142.00,-163.00,4333.00,-3.7567,DOWN,105.20,0.9981,1.8402
20260916 205322 103,4301.20,1,4301.20,4301.40,0.20,4301.10,4,4301.00,10,4300.90,5,4300.80,9,4300.70,11,4300.60,11,4300.50,11,4300.40,11,4300.30,12,4300.20,13,4301.40,3,4301.50,3,4301.60,6,4301.70,5,4301.80,4,4301.90,5,4302.00,11,4302.10,11,4302.20,12,4302.30,13,Sell,11,42,53,-31.00,1.00,-31.00,0.90,33.3,4301.50,4302.10,4301.20,4301.20,17,88,105,-71.00,-1.00,-78.00,0.70,14.3,-51,105,0.0986,0.0000,-143.00,-164.00,4333.00,-3.7567,DOWN,105.20,0.9981,1.8402
20260916 205322 104,4301.20,1,4301.20,4301.40,0.20,4301.10,4,4301.00,10,4300.90,5,4300.80,9,4300.70,11,4300.60,11,4300.50,11,4300.40,11,4300.30,12,4300.20,13,4301.40,3,4301.50,3,4301.60,6,4301.70,5,4301.80,4,4301.90,5,4302.00,11,4302.10,11,4302.20,12,4302.30,13,Sell,11,43,54,-32.00,1.00,-32.00,0.90,33.3,4301.50,4302.10,4301.20,4301.20,17,88,105,-71.00,-1.00,-78.00,0.70,14.3,-51,105,0.0986,0.0000,-144.00,-165.00,4333.00,-3.7567,DOWN,105.20,0.9981,1.8402
20260916 205322 104,4301.20,1,4301.20,4301.40,0.20,4301.10,4,4301.00,10,4300.90,5,4300.80,9,4300.70,11,4300.60,11,4300.50,11,4300.40,11,4300.30,12,4300.20,13,4301.40,3,4301.50,3,4301.60,6,4301.70,5,4301.80,4,4301.90,5,4302.00,11,4302.10,11,4302.20,12,4302.30,13,Sell,11,44,55,-33.00,1.00,-33.00,0.90,33.3,4301.50,4302.10,4301.20,4301.20,17,88,105,-71.00,-1.00,-78.00,0.70,14.3,-51,105,0.0986,0.0000,-145.00,-166.00,4333.00,-3.7567,DOWN,105.20,0.9981,1.8402
20260916 205322 689,4301.10,1,4301.20,4301.50,0.30,4301.20,2,4301.10,4,4301.00,10,4300.90,4,4300.80,9,4300.70,11,4300.60,11,4300.50,11,4300.40,11,4300.30,12,4301.50,3,4301.60,6,4301.70,5,4301.80,4,4301.90,5,4302.00,9,4302.10,9,4302.20,10,4302.30,11,4302.40,11,Sell,11,45,56,-34.00,1.00,-34.00,1.00,40.0,4301.50,4302.10,4301.10,4301.10,17,88,105,-71.00,-1.00,-78.00,0.70,14.3,-51,105,0.0986,0.0000,-146.00,-167.00,4332.99,-3.7599,DOWN,105.20,0.9981,1.8473
20260916 205322 690,4301.10,1,4301.20,4301.50,0.30,4301.20,2,4301.10,4,4301.00,10,4300.90,4,4300.80,9,4300.70,11,4300.60,11,4300.50,11,4300.40,11,4300.30,12,4301.50,3,4301.60,6,4301.70,5,4301.80,4,4301.90,5,4302.00,9,4302.10,9,4302.20,10,4302.30,11,4302.40,11,Sell,11,46,57,-35.00,1.00,-35.00,1.00,40.0,4301.50,4302.10,4301.10,4301.10,17,88,105,-71.00,-1.00,-78.00,0.70,14.3,-51,105,0.0986,0.0000,-147.00,-168.00,4332.99,-3.7599,DOWN,105.20,0.9981,1.8473
20260916 205322 690,4301.10,1,4301.20,4301.50,0.30,4301.20,2,4301.10,4,4301.00,10,4300.90,4,4300.80,9,4300.70,11,4300.60,11,4300.50,11,4300.40,11,4300.30,12,4301.50,3,4301.60,6,4301.70,5,4301.80,4,4301.90,5,4302.00,9,4302.10,9,4302.20,10,4302.30,11,4302.40,11,Sell,11,47,58,-36.00,1.00,-36.00,1.00,40.0,4301.50,4302.10,4301.10,4301.10,17,88,105,-71.00,-1.00,-78.00,0.70,14.3,-51,105,0.0986,0.0000,-148.00,-169.00,4332.99,-3.7599,DOWN,105.20,0.9981,1.8473
20260916 205323 303,4301.20,1,4301.10,4301.20,0.10,4301.10,4,4301.00,8,4300.90,4,4300.80,9,4300.70,11,4300.60,11,4300.50,11,4300.40,11,4300.30,13,4300.20,13,4301.20,2,4301.40,2,4301.50,3,4301.60,6,4301.70,5,4301.80,4,4301.90,5,4302.00,9,4302.10,9,4302.20,10,Sell,11,48,59,-37.00,1.00,-37.00,1.00,30.0,4301.50,4302.10,4301.10,4301.20,17,88,105,-71.00,-1.00,-78.00,0.70,14.3,-51,105,0.0986,0.0000,-149.00,-170.00,4333.00,-3.7567,DOWN,105.20,0.9981,1.8473
20260916 205325 057,4301.20,2,4301.20,4301.50,0.30,4301.20,3,4301.10,5,4301.00,8,4300.90,4,4300.80,9,4300.70,11,4300.60,11,4300.50,11,4300.40,11,4300.30,13,4301.50,3,4301.60,6,4301.70,5,4301.80,4,4301.90,5,4302.00,3,4302.10,9,4302.20,10,4302.30,11,4302.40,11,Buy,13,48,61,-35.00,1.00,-37.00,1.00,30.0,4301.50,4302.10,4301.10,4301.20,17,88,105,-71.00,-1.00,-78.00,0.70,14.3,-51,105,0.0986,0.0571,-147.00,-168.00,4333.00,-3.7567,DOWN,105.20,0.9981,1.8473
20260916 205325 234,4301.20,1,4301.20,4301.40,0.20,4301.10,3,4301.00,8,4300.90,4,4300.80,9,4300.70,11,4300.60,11,4300.50,11,4300.40,11,4300.30,13,4300.20,13,4301.40,4,4301.50,3,4301.60,6,4301.70,5,4301.80,4,4301.90,5,4302.00,3,4302.10,9,4302.20,10,4302.30,11,Sell,13,49,62,-36.00,1.00,-37.00,1.00,30.0,4301.50,4302.10,4301.10,4301.20,17,88,105,-71.00,-1.00,-78.00,0.70,14.3,-51,105,0.0986,0.0278,-148.00,-169.00,4333.00,-3.7567,DOWN,105.20,0.9981,1.8473
20260916 205325 234,4301.20,1,4301.20,4301.40,0.20,4301.10,3,4301.00,8,4300.90,4,4300.80,9,4300.70,11,4300.60,11,4300.50,11,4300.40,11,4300.30,13,4300.20,13,4301.40,4,4301.50,3,4301.60,6,4301.70,5,4301.80,4,4301.90,5,4302.00,3,4302.10,9,4302.20,10,4302.30,11,Sell,13,50,63,-37.00,1.00,-37.00,1.00,30.0,4301.50,4302.10,4301.10,4301.20,17,88,105,-71.00,-1.00,-78.00,0.70,14.3,-51,105,0.0986,0.0000,-149.00,-170.00,4333.00,-3.7567,DOWN,105.20,0.9981,1.8473
20260916 205325 710,4301.10,1,4301.10,4301.30,0.20,4301.00,9,4300.90,4,4300.80,9,4300.70,11,4300.60,11,4300.50,11,4300.40,11,4300.30,13,4300.20,13,4300.10,11,4301.30,2,4301.40,3,4301.50,3,4301.60,6,4301.70,5,4301.80,4,4301.90,5,4302.00,3,4302.10,9,4302.20,10,Sell,13,51,64,-38.00,1.00,-38.00,1.00,40.0,4301.50,4302.10,4301.10,4301.10,17,88,105,-71.00,-1.00,-78.00,0.70,14.3,-51,105,0.0986,0.0000,-150.00,-171.00,4332.99,-3.7599,DOWN,105.20,0.9981,1.8473
20260916 205334 850,4301.20,1,4301.20,4301.50,0.30,4301.20,1,4301.10,5,4301.00,6,4300.90,4,4300.80,9,4300.70,14,4300.60,11,4300.50,13,4300.40,11,4300.30,13,4301.40,1,4301.50,4,4301.60,5,4301.70,5,4301.80,4,4301.90,5,4302.00,4,4302.10,9,4302.20,10,4302.30,11,Sell,13,52,65,-39.00,1.00,-39.00,1.00,30.0,4301.50,4302.10,4301.10,4301.20,17,88,105,-71.00,-1.00,-78.00,0.70,14.3,-51,105,0.0986,0.0000,-151.00,-172.00,4333.00,-3.7567,DOWN,105.20,0.9981,1.8473
20260916 205334 850,4301.20,1,4301.20,4301.50,0.30,4301.20,1,4301.10,5,4301.00,6,4300.90,4,4300.80,9,4300.70,14,4300.60,11,4300.50,13,4300.40,11,4300.30,13,4301.40,1,4301.50,4,4301.60,5,4301.70,5,4301.80,4,4301.90,5,4302.00,4,4302.10,9,4302.20,10,4302.30,11,Sell,13,53,66,-40.00,1.00,-40.00,1.00,30.0,4301.50,4302.10,4301.10,4301.20,17,88,105,-71.00,-1.00,-78.00,0.70,14.3,-51,105,0.0986,0.0000,-152.00,-173.00,4333.00,-3.7567,DOWN,105.20,0.9981,1.8473
20260916 205337 384,4301.30,1,4301.30,4301.50,0.20,4301.30,2,4301.20,5,4301.10,6,4301.00,6,4300.90,4,4300.80,9,4300.70,14,4300.60,11,4300.50,13,4300.40,11,4301.50,1,4301.60,3,4301.70,5,4301.80,4,4301.90,5,4302.00,4,4302.10,9,4302.20,10,4302.30,11,4302.40,12,Buy,14,53,67,-39.00,1.00,-40.00,1.00,20.0,4301.50,4302.10,4301.10,4301.30,17,88,105,-71.00,-1.00,-78.00,0.70,14.3,-51,105,0.0986,0.0256,-151.00,-172.00,4333.01,-3.7535,DOWN,105.20,0.9981,1.8473
20260916 205342 031,4301.20,1,4301.10,4301.30,0.20,4301.10,3,4301.00,6,4300.90,3,4300.80,9,4300.70,14,4300.60,11,4300.50,13,4300.40,11,4300.30,13,4300.20,13,4301.30,1,4301.40,2,4301.50,1,4301.60,4,4301.70,4,4301.80,4,4301.90,5,4302.00,4,4302.10,4,4302.20,10,Sell,14,54,68,-40.00,1.00,-40.00,1.00,30.0,4301.50,4302.10,4301.10,4301.20,17,88,105,-71.00,-1.00,-78.00,0.70,14.3,-51,105,0.0986,0.0000,-152.00,-173.00,4333.00,-3.7567,DOWN,105.20,0.9981,1.8473
20260916 205342 031,4301.20,1,4301.10,4301.30,0.20,4301.10,3,4301.00,6,4300.90,3,4300.80,9,4300.70,14,4300.60,11,4300.50,13,4300.40,11,4300.30,13,4300.20,13,4301.30,1,4301.40,2,4301.50,1,4301.60,4,4301.70,4,4301.80,4,4301.90,5,4302.00,4,4302.10,4,4302.20,10,Sell,14,55,69,-41.00,1.00,-41.00,1.00,30.0,4301.50,4302.10,4301.10,4301.20,17,88,105,-71.00,-1.00,-78.00,0.70,14.3,-51,105,0.0986,0.0000,-153.00,-174.00,4333.00,-3.7567,DOWN,105.20,0.9981,1.8473
20260916 205342 031,4301.10,1,4301.10,4301.30,0.20,4301.10,3,4301.00,6,4300.90,3,4300.80,9,4300.70,14,4300.60,11,4300.50,13,4300.40,11,4300.30,13,4300.20,13,4301.30,1,4301.40,2,4301.50,1,4301.60,4,4301.70,4,4301.80,4,4301.90,5,4302.00,4,4302.10,4,4302.20,10,Sell,14,56,70,-42.00,1.00,-42.00,1.00,40.0,4301.50,4302.10,4301.10,4301.10,17,88,105,-71.00,-1.00,-78.00,0.70,14.3,-51,105,0.0986,0.0000,-154.00,-175.00,4332.99,-3.7599,DOWN,105.20,0.9981,1.8473
20260916 205343 665,4301.30,1,4301.00,4301.30,0.30,4301.00,6,4300.90,4,4300.80,9,4300.70,14,4300.60,11,4300.50,13,4300.40,11,4300.30,13,4300.20,13,4300.10,11,4301.30,2,4301.40,4,4301.50,2,4301.60,4,4301.70,4,4301.80,4,4301.90,5,4302.00,4,4302.10,11,4302.20,10,Sell,14,57,71,-43.00,1.00,-43.00,1.00,20.0,4301.50,4302.10,4301.10,4301.30,17,88,105,-71.00,-1.00,-78.00,0.70,14.3,-51,105,0.0986,0.0000,-155.00,-176.00,4333.01,-3.7535,DOWN,105.20,0.9981,1.8473
20260916 205343 666,4301.30,1,4301.00,4301.30,0.30,4301.00,6,4300.90,4,4300.80,9,4300.70,14,4300.60,11,4300.50,13,4300.40,11,4300.30,13,4300.20,13,4300.10,11,4301.30,2,4301.40,4,4301.50,2,4301.60,4,4301.70,4,4301.80,4,4301.90,5,4302.00,4,4302.10,11,4302.20,10,Sell,14,58,72,-44.00,1.00,-44.00,1.00,20.0,4301.50,4302.10,4301.10,4301.30,17,88,105,-71.00,-1.00,-78.00,0.70,14.3,-51,105,0.0986,0.0000,-156.00,-177.00,4333.01,-3.7535,DOWN,105.20,0.9981,1.8473
20260916 205343 666,4301.30,2,4301.00,4301.30,0.30,4301.00,6,4300.90,4,4300.80,9,4300.70,14,4300.60,11,4300.50,13,4300.40,11,4300.30,13,4300.20,13,4300.10,11,4301.30,2,4301.40,4,4301.50,2,4301.60,4,4301.70,4,4301.80,4,4301.90,5,4302.00,4,4302.10,11,4302.20,10,Sell,14,60,74,-46.00,1.00,-46.00,1.00,20.0,4301.50,4302.10,4301.10,4301.30,17,88,105,-71.00,-1.00,-78.00,0.70,14.3,-51,105,0.0986,0.0000,-158.00,-179.00,4333.01,-3.7535,DOWN,105.20,0.9981,1.8473
20260916 205347 147,4301.40,2,4301.10,4301.30,0.20,4301.10,2,4301.00,6,4300.90,3,4300.80,8,4300.70,6,4300.60,11,4300.50,13,4300.40,11,4300.30,13,4300.20,13,4301.30,1,4301.40,3,4301.50,4,4301.60,5,4301.70,5,4301.80,4,4301.90,6,4302.00,4,4302.10,13,4302.20,13,Buy,16,60,76,-44.00,1.00,-46.00,1.00,10.0,4301.50,4302.10,4301.10,4301.40,17,88,105,-71.00,-1.00,-78.00,0.70,14.3,-51,105,0.0986,0.0455,-156.00,-177.00,4333.02,-3.7503,DOWN,105.20,0.9981,1.8473
20260916 205347 147,4301.40,1,4301.10,4301.30,0.20,4301.10,2,4301.00,6,4300.90,3,4300.80,8,4300.70,6,4300.60,11,4300.50,13,4300.40,11,4300.30,13,4300.20,13,4301.30,1,4301.40,3,4301.50,4,4301.60,5,4301.70,5,4301.80,4,4301.90,6,4302.00,4,4302.10,13,4302.20,13,Buy,17,60,77,-43.00,1.00,-46.00,1.00,10.0,4301.50,4302.10,4301.10,4301.40,17,88,105,-71.00,-1.00,-78.00,0.70,14.3,-51,105,0.0986,0.0698,-155.00,-176.00,4333.02,-3.7503,DOWN,105.20,0.9981,1.8473
20260916 205347 147,4301.40,1,4301.10,4301.30,0.20,4301.10,2,4301.00,6,4300.90,3,4300.80,8,4300.70,6,4300.60,11,4300.50,13,4300.40,11,4300.30,13,4300.20,13,4301.30,1,4301.40,3,4301.50,4,4301.60,5,4301.70,5,4301.80,4,4301.90,6,4302.00,4,4302.10,13,4302.20,13,Buy,18,60,78,-42.00,1.00,-46.00,1.00,10.0,4301.50,4302.10,4301.10,4301.40,17,88,105,-71.00,-1.00,-78.00,0.70,14.3,-51,105,0.0986,0.0952,-154.00,-175.00,4333.02,-3.7503,DOWN,105.20,0.9981,1.8473
20260916 205347 756,4301.10,1,4301.10,4301.40,0.30,4301.10,3,4301.00,6,4300.90,4,4300.80,9,4300.70,6,4300.60,11,4300.50,13,4300.40,11,4300.30,13,4300.20,13,4301.40,3,4301.50,4,4301.60,4,4301.70,4,4301.80,4,4301.90,6,4302.00,4,4302.10,13,4302.20,13,4302.30,11,Sell,18,61,79,-43.00,1.00,-46.00,1.00,40.0,4301.50,4302.10,4301.10,4301.10,17,88,105,-71.00,-1.00,-78.00,0.70,14.3,-51,105,0.0986,0.0698,-155.00,-176.00,4332.99,-3.7599,DOWN,105.20,0.9981,1.8473
20260916 205349 526,4301.00,1,4300.80,4301.00,0.20,4300.80,2,4300.70,1,4300.60,4,4300.50,4,4300.40,4,4300.30,12,4300.20,11,4300.10,10,4300.00,15,4299.90,10,4301.00,3,4301.10,4,4301.20,3,4301.30,4,4301.40,4,4301.50,4,4301.60,5,4301.70,5,4301.80,12,4301.90,13,Sell,18,62,80,-44.00,1.00,-46.00,1.10,45.5,4301.50,4302.10,4301.00,4301.00,17,88,105,-71.00,-1.00,-78.00,0.70,14.3,-51,105,0.0986,0.0455,-156.00,-177.00,4332.98,-3.7630,DOWN,105.20,0.9981,1.8545
20260916 205349 526,4301.00,1,4300.80,4301.00,0.20,4300.80,2,4300.70,1,4300.60,4,4300.50,4,4300.40,4,4300.30,12,4300.20,11,4300.10,10,4300.00,15,4299.90,10,4301.00,3,4301.10,4,4301.20,3,4301.30,4,4301.40,4,4301.50,4,4301.60,5,4301.70,5,4301.80,12,4301.90,13,Sell,18,63,81,-45.00,1.00,-46.00,1.10,45.5,4301.50,4302.10,4301.00,4301.00,17,88,105,-71.00,-1.00,-78.00,0.70,14.3,-51,105,0.0986,0.0222,-157.00,-178.00,4332.98,-3.7630,DOWN,105.20,0.9981,1.8545
20260916 205349 526,4301.00,2,4300.80,4301.00,0.20,4300.80,2,4300.70,1,4300.60,4,4300.50,4,4300.40,4,4300.30,12,4300.20,11,4300.10,10,4300.00,15,4299.90,10,4301.00,3,4301.10,4,4301.20,3,4301.30,4,4301.40,4,4301.50,4,4301.60,5,4301.70,5,4301.80,12,4301.90,13,Sell,18,65,83,-47.00,1.00,-47.00,1.10,45.5,4301.50,4302.10,4301.00,4301.00,17,88,105,-71.00,-1.00,-78.00,0.70,14.3,-51,105,0.0986,0.0000,-159.00,-180.00,4332.98,-3.7630,DOWN,105.20,0.9981,1.8545
20260916 205349 533,4300.90,1,4300.80,4301.00,0.20,4300.80,2,4300.70,1,4300.60,4,4300.50,4,4300.40,4,4300.30,12,4300.20,11,4300.10,10,4300.00,15,4299.90,10,4301.00,3,4301.10,4,4301.20,3,4301.30,4,4301.40,4,4301.50,4,4301.60,5,4301.70,5,4301.80,12,4301.90,13,Buy,19,65,84,-46.00,1.00,-47.00,1.20,50.0,4301.50,4302.10,4300.90,4300.90,17,88,105,-71.00,-1.00,-78.00,0.70,14.3,-51,105,0.0986,0.0217,-158.00,-179.00,4332.97,-3.7662,DOWN,105.20,0.9981,1.8616
20260916 205349 534,4300.90,1,4300.80,4301.00,0.20,4300.80,2,4300.70,1,4300.60,4,4300.50,4,4300.40,4,4300.30,12,4300.20,11,4300.10,10,4300.00,15,4299.90,10,4301.00,3,4301.10,4,4301.20,3,4301.30,4,4301.40,4,4301.50,4,4301.60,5,4301.70,5,4301.80,12,4301.90,13,Buy,20,65,85,-45.00,1.00,-47.00,1.20,50.0,4301.50,4302.10,4300.90,4300.90,17,88,105,-71.00,-1.00,-78.00,0.70,14.3,-51,105,0.0986,0.0444,-157.00,-178.00,4332.97,-3.7662,DOWN,105.20,0.9981,1.8616
20260916 205349 745,4300.90,1,4300.80,4300.90,0.10,4300.80,2,4300.60,2,4300.50,4,4300.40,4,4300.30,7,4300.20,11,4300.10,10,4300.00,15,4299.90,10,4299.80,10,4300.90,3,4301.00,4,4301.10,4,4301.20,3,4301.30,4,4301.40,4,4301.50,4,4301.60,10,4301.70,10,4301.80,10,Buy,21,65,86,-44.00,1.00,-47.00,1.20,50.0,4301.50,4302.10,4300.90,4300.90,17,88,105,-71.00,-1.00,-78.00,0.70,14.3,-51,105,0.0986,0.0682,-156.00,-177.00,4332.97,-3.7662,DOWN,105.20,0.9981,1.8616
20260916 205350 131,4300.80,1,4300.50,4300.80,0.30,4300.50,3,4300.40,4,4300.30,6,4300.20,7,4300.10,6,4300.00,15,4299.90,10,4299.80,10,4299.70,8,4299.60,10,4300.80,3,4300.90,3,4301.00,5,4301.10,4,4301.20,3,4301.30,4,4301.40,9,4301.50,9,4301.60,10,4301.70,10,Sell,21,66,87,-45.00,1.00,-47.00,1.30,53.8,4301.50,4302.10,4300.80,4300.80,17,88,105,-71.00,-1.00,-78.00,0.70,14.3,-51,105,0.0986,0.0444,-157.00,-178.00,4332.96,-3.7694,DOWN,105.20,0.9981,1.8688
20260916 205350 131,4300.80,1,4300.50,4300.80,0.30,4300.50,3,4300.40,4,4300.30,6,4300.20,7,4300.10,6,4300.00,15,4299.90,10,4299.80,10,4299.70,8,4299.60,10,4300.80,3,4300.90,3,4301.00,5,4301.10,4,4301.20,3,4301.30,4,4301.40,9,4301.50,9,4301.60,10,4301.70,10,Sell,21,67,88,-46.00,1.00,-47.00,1.30,53.8,4301.50,4302.10,4300.80,4300.80,17,88,105,-71.00,-1.00,-78.00,0.70,14.3,-51,105,0.0986,0.0217,-158.00,-179.00,4332.96,-3.7694,DOWN,105.20,0.9981,1.8688
20260916 205350 154,4300.60,1,4300.50,4300.80,0.30,4300.50,3,4300.40,4,4300.30,6,4300.20,7,4300.10,6,4300.00,15,4299.90,10,4299.80,10,4299.70,8,4299.60,10,4300.80,3,4300.90,3,4301.00,5,4301.10,4,4301.20,3,4301.30,4,4301.40,9,4301.50,9,4301.60,10,4301.70,10,Sell,21,68,89,-47.00,1.00,-47.00,1.50,60.0,4301.50,4302.10,4300.60,4300.60,17,88,105,-71.00,-1.00,-78.00,0.70,14.3,-51,105,0.0986,0.0000,-159.00,-180.00,4332.94,-3.7757,DOWN,105.20,0.9981,1.8830
20260916 205352 594,4300.60,1,4300.60,4300.90,0.30,4300.60,4,4300.50,5,4300.40,4,4300.30,8,4300.20,8,4300.10,6,4300.00,15,4299.90,10,4299.80,10,4299.70,8,4300.90,3,4301.00,3,4301.10,8,4301.20,3,4301.30,5,4301.40,4,4301.50,9,4301.60,10,4301.70,10,4301.80,10,Sell,21,69,90,-48.00,1.00,-48.00,1.50,60.0,4301.50,4302.10,4300.60,4300.60,17,88,105,-71.00,-1.00,-78.00,0.70,14.3,-51,105,0.0986,0.0000,-160.00,-181.00,4332.94,-3.7757,DOWN,105.20,0.9981,1.8830
20260916 205352 594,4300.60,1,4300.60,4300.90,0.30,4300.60,4,4300.50,5,4300.40,4,4300.30,8,4300.20,8,4300.10,6,4300.00,15,4299.90,10,4299.80,10,4299.70,8,4300.90,3,4301.00,3,4301.10,8,4301.20,3,4301.30,5,4301.40,4,4301.50,9,4301.60,10,4301.70,10,4301.80,10,Sell,21,70,91,-49.00,1.00,-49.00,1.50,60.0,4301.50,4302.10,4300.60,4300.60,17,88,105,-71.00,-1.00,-78.00,0.70,14.3,-51,105,0.0986,0.0000,-161.00,-182.00,4332.94,-3.7757,DOWN,105.20,0.9981,1.8830
20260916 205352 594,4300.50,1,4300.60,4300.90,0.30,4300.60,4,4300.50,5,4300.40,4,4300.30,8,4300.20,8,4300.10,6,4300.00,15,4299.90,10,4299.80,10,4299.70,8,4300.90,3,4301.00,3,4301.10,8,4301.20,3,4301.30,5,4301.40,4,4301.50,9,4301.60,10,4301.70,10,4301.80,10,Sell,21,71,92,-50.00,1.00,-50.00,1.60,62.5,4301.50,4302.10,4300.50,4300.50,17,88,105,-71.00,-1.00,-78.00,0.70,14.3,-51,105,0.0986,0.0000,-162.00,-183.00,4332.93,-3.7789,DOWN,105.20,0.9981,1.8902
20260916 205352 594,4300.50,1,4300.60,4300.90,0.30,4300.60,4,4300.50,5,4300.40,4,4300.30,8,4300.20,8,4300.10,6,4300.00,15,4299.90,10,4299.80,10,4299.70,8,4300.90,3,4301.00,3,4301.10,8,4301.20,3,4301.30,5,4301.40,4,4301.50,9,4301.60,10,4301.70,10,4301.80,10,Sell,21,72,93,-51.00,1.00,-51.00,1.60,62.5,4301.50,4302.10,4300.50,4300.50,17,88,105,-71.00,-1.00,-78.00,0.70,14.3,-51,105,0.0986,0.0000,-163.00,-184.00,4332.93,-3.7789,DOWN,105.20,0.9981,1.8902
20260916 205352 844,4300.50,1,4300.50,4300.80,0.30,4300.60,3,4300.50,4,4300.40,4,4300.30,8,4300.20,8,4300.10,6,4300.00,15,4299.90,10,4299.80,10,4299.70,8,4300.80,2,4300.90,3,4301.00,3,4301.10,8,4301.20,3,4301.30,5,4301.40,4,4301.50,9,4301.60,10,4301.70,10,Sell,21,73,94,-52.00,1.00,-52.00,1.60,62.5,4301.50,4302.10,4300.50,4300.50,17,88,105,-71.00,-1.00,-78.00,0.70,14.3,-51,105,0.0986,0.0000,-164.00,-185.00,4332.93,-3.7789,DOWN,105.20,0.9981,1.8902
20260916 205355 419,4300.40,1,4300.40,4300.60,0.20,4300.40,2,4300.30,8,4300.20,9,4300.10,7,4300.00,10,4299.90,5,4299.80,10,4299.70,8,4299.60,10,4299.50,10,4300.60,2,4300.70,4,4300.80,5,4300.90,2,4301.00,3,4301.10,8,4301.20,8,4301.30,10,4301.40,9,4301.50,9,Sell,21,74,95,-53.00,1.00,-53.00,1.70,64.7,4301.50,4302.10,4300.40,4300.40,17,88,105,-71.00,-1.00,-78.00,0.70,14.3,-51,105,0.0986,0.0000,-165.00,-186.00,4332.92,-3.7821,DOWN,105.20,0.9981,1.8973
20260916 205359 483,4300.40,1,4300.40,4300.60,0.20,4300.30,5,4300.20,7,4300.10,6,4300.00,11,4299.90,5,4299.80,10,4299.70,8,4299.60,10,4299.50,10,4299.40,10,4300.50,2,4300.60,2,4300.70,4,4300.80,5,4300.90,3,4301.00,4,4301.10,5,4301.20,4,4301.30,10,4301.40,9,Sell,21,75,96,-54.00,1.00,-54.00,1.70,64.7,4301.50,4302.10,4300.40,4300.40,17,88,105,-71.00,-1.00,-78.00,0.70,14.3,-51,105,0.0986,0.0000,-166.00,-187.00,4332.92,-3.7821,DOWN,105.20,0.9981,1.8973
20260916 205359 483,4300.40,1,4300.40,4300.60,0.20,4300.30,5,4300.20,7,4300.10,6,4300.00,11,4299.90,5,4299.80,10,4299.70,8,4299.60,10,4299.50,10,4299.40,10,4300.50,2,4300.60,2,4300.70,4,4300.80,5,4300.90,3,4301.00,4,4301.10,5,4301.20,4,4301.30,10,4301.40,9,Sell,21,76,97,-55.00,1.00,-55.00,1.70,64.7,4301.50,4302.10,4300.40,4300.40,17,88,105,-71.00,-1.00,-78.00,0.70,14.3,-51,105,0.0986,0.0000,-167.00,-188.00,4332.92,-3.7821,DOWN,105.20,0.9981,1.8973
20260916 205400 298,4300.30,1,4300.20,4300.40,0.20,4300.20,1,4300.10,4,4300.00,11,4299.90,5,4299.80,6,4299.70,3,4299.60,10,4299.50,10,4299.40,10,4299.30,10,4300.40,3,4300.50,5,4300.60,4,4300.70,5,4300.80,5,4300.90,3,4301.00,5,4301.10,11,4301.20,10,4301.30,10,Sell,0,1,1,-1.00,-1.00,-1.00,0.00,0.0,4300.30,4300.30,4300.30,4300.30,21,76,97,-55.00,1.00,-55.00,1.70,64.7,-51,90,0.0000,0.0000,-244.00,-169.00,4332.92,-3.7853,DOWN,105.85,0.9164,1.7689
20260916 205400 298,4300.30,1,4300.20,4300.40,0.20,4300.20,1,4300.10,4,4300.00,11,4299.90,5,4299.80,6,4299.70,3,4299.60,10,4299.50,10,4299.40,10,4299.30,10,4300.40,3,4300.50,5,4300.60,4,4300.70,5,4300.80,5,4300.90,3,4301.00,5,4301.10,11,4301.20,10,4301.30,10,Sell,0,2,2,-2.00,-1.00,-2.00,0.00,0.0,4300.30,4300.30,4300.30,4300.30,21,76,97,-55.00,1.00,-55.00,1.70,64.7,-51,90,0.0000,0.0000,-245.00,-170.00,4332.92,-3.7853,DOWN,105.85,0.9164,1.7689
20260916 205400 298,4300.20,1,4300.20,4300.40,0.20,4300.20,1,4300.10,4,4300.00,11,4299.90,5,4299.80,6,4299.70,3,4299.60,10,4299.50,10,4299.40,10,4299.30,10,4300.40,3,4300.50,5,4300.60,4,4300.70,5,4300.80,5,4300.90,3,4301.00,5,4301.10,11,4301.20,10,4301.30,10,Sell,0,3,3,-3.00,-1.00,-3.00,0.10,100.0,4300.30,4300.30,4300.20,4300.20,21,76,97,-55.00,1.00,-55.00,1.70,64.7,-51,90,0.0000,0.0000,-246.00,-171.00,4332.91,-3.7884,DOWN,105.85,0.9164,1.7761
20260916 205400 298,4300.20,1,4300.20,4300.40,0.20,4300.20,1,4300.10,4,4300.00,11,4299.90,5,4299.80,6,4299.70,3,4299.60,10,4299.50,10,4299.40,10,4299.30,10,4300.40,3,4300.50,5,4300.60,4,4300.70,5,4300.80,5,4300.90,3,4301.00,5,4301.10,11,4301.20,10,4301.30,10,Sell,0,4,4,-4.00,-1.00,-4.00,0.10,100.0,4300.30,4300.30,4300.20,4300.20,21,76,97,-55.00,1.00,-55.00,1.70,64.7,-51,90,0.0000,0.0000,-247.00,-172.00,4332.91,-3.7884,DOWN,105.85,0.9164,1.7761
20260916 205400 478,4300.40,1,4300.20,4300.40,0.20,4300.20,3,4300.10,4,4300.00,11,4299.90,6,4299.80,6,4299.70,3,4299.60,10,4299.50,10,4299.40,10,4299.30,10,4300.40,1,4300.50,5,4300.60,4,4300.70,5,4300.80,5,4300.90,3,4301.00,5,4301.10,11,4301.20,10,4301.30,10,Buy,1,4,5,-3.00,-1.00,-4.00,0.20,50.0,4300.30,4300.40,4300.20,4300.40,21,76,97,-55.00,1.00,-55.00,1.70,64.7,-51,90,0.0000,0.3333,-246.00,-171.00,4332.92,-3.7821,DOWN,105.85,0.9164,1.7761
20260916 205400 587,4300.40,1,4300.20,4300.40,0.20,4300.20,3,4300.10,4,4300.00,11,4299.90,6,4299.80,6,4299.70,3,4299.60,10,4299.50,10,4299.40,10,4299.30,10,4300.50,5,4300.60,4,4300.70,5,4300.80,5,4300.90,3,4301.00,5,4301.10,11,4301.20,10,4301.30,10,4301.40,9,Buy,2,4,6,-2.00,-1.00,-4.00,0.20,50.0,4300.30,4300.40,4300.20,4300.40,21,76,97,-55.00,1.00,-55.00,1.70,64.7,-51,90,0.0000,1.0000,-245.00,-170.00,4332.92,-3.7821,DOWN,105.85,0.9164,1.7761
20260916 205400 717,4300.40,1,4300.30,4300.50,0.20,4300.30,3,4300.20,6,4300.10,5,4300.00,11,4299.90,6,4299.80,6,4299.70,3,4299.60,10,4299.50,10,4299.40,10,4300.50,2,4300.60,3,4300.70,5,4300.80,5,4300.90,3,4301.00,5,4301.10,11,4301.20,10,4301.30,10,4301.40,9,Buy,3,4,7,-1.00,-1.00,-4.00,0.20,50.0,4300.30,4300.40,4300.20,4300.40,21,76,97,-55.00,1.00,-55.00,1.70,64.7,-51,90,0.0000,3.0000,-244.00,-169.00,4332.92,-3.7821,DOWN,105.85,0.9164,1.7761
20260916 205400 845,4300.50,1,4300.30,4300.60,0.30,4300.30,3,4300.20,6,4300.10,5,4300.00,11,4299.90,6,4299.80,6,4299.70,8,4299.60,10,4299.50,10,4299.40,10,4300.60,3,4300.70,5,4300.80,5,4300.90,3,4301.00,5,4301.10,11,4301.20,10,4301.30,10,4301.40,9,4301.50,9,Buy,4,4,8,0.00,0.00,-4.00,0.30,66.7,4300.30,4300.50,4300.20,4300.50,21,76,97,-55.00,1.00,-55.00,1.70,64.7,-51,90,0.0000,0.0000,-243.00,-168.00,4332.93,-3.7789,DOWN,105.85,0.9164,1.7832
20260916 205401 193,4300.30,1,4300.30,4300.60,0.30,4300.30,3,4300.20,6,4300.10,5,4300.00,11,4299.90,6,4299.80,6,4299.70,8,4299.60,10,4299.50,10,4299.40,10,4300.50,1,4300.60,3,4300.70,5,4300.80,5,4300.90,3,4301.00,5,4301.10,11,4301.20,10,4301.30,10,4301.40,9,Sell,4,5,9,-1.00,0.00,-4.00,0.30,0.0,4300.30,4300.50,4300.20,4300.30,21,76,97,-55.00,1.00,-55.00,1.70,64.7,-51,90,0.0000,3.0000,-244.00,-169.00,4332.92,-3.7853,DOWN,105.85,0.9164,1.7832
20260916 205401 557,4300.20,1,4300.00,4300.30,0.30,4300.00,8,4299.90,4,4299.80,6,4299.70,4,4299.60,11,4299.50,10,4299.40,10,4299.30,10,4299.20,9,4299.10,10,4300.30,4,4300.40,5,4300.50,4,4300.60,3,4300.70,5,4300.80,5,4300.90,3,4301.00,10,4301.10,11,4301.20,10,Sell,4,6,10,-2.00,0.00,-4.00,0.30,33.3,4300.30,4300.50,4300.20,4300.20,21,76,97,-55.00,1.00,-55.00,1.70,64.7,-51,90,0.0000,1.0000,-245.00,-170.00,4332.91,-3.7884,DOWN,105.85,0.9164,1.7832
20260916 205403 361,4300.40,1,4300.30,4300.60,0.30,4300.30,4,4300.20,6,4300.10,11,4300.00,11,4299.90,9,4299.80,12,4299.70,9,4299.60,11,4299.50,10,4299.40,10,4300.60,5,4300.70,4,4300.80,3,4300.90,4,4301.00,5,4301.10,6,4301.20,5,4301.30,10,4301.40,9,4301.50,9,Sell,4,7,11,-3.00,0.00,-4.00,0.30,33.3,4300.30,4300.50,4300.20,4300.40,21,76,97,-55.00,1.00,-55.00,1.70,64.7,-51,90,0.0000,0.3333,-246.00,-171.00,4332.92,-3.7821,DOWN,105.85,0.9164,1.7832
20260916 205405 266,4300.50,1,4300.40,4300.70,0.30,4300.40,3,4300.30,5,4300.20,6,4300.10,11,4300.00,11,4299.90,9,4299.80,12,4299.70,9,4299.60,11,4299.50,10,4300.70,4,4300.80,3,4300.90,3,4301.00,5,4301.10,6,4301.20,5,4301.30,10,4301.40,9,4301.50,9,4301.60,10,Buy,5,7,12,-2.00,0.00,-4.00,0.30,66.7,4300.30,4300.50,4300.20,4300.50,21,76,97,-55.00,1.00,-55.00,1.70,64.7,-51,90,0.0000,1.0000,-245.00,-170.00,4332.93,-3.7789,DOWN,105.85,0.9164,1.7832
20260916 205405 615,4300.40,1,4300.40,4300.70,0.30,4300.40,4,4300.30,5,4300.20,8,4300.10,9,4300.00,11,4299.90,9,4299.80,12,4299.70,9,4299.60,11,4299.50,10,4300.70,3,4300.80,3,4300.90,3,4301.00,5,4301.10,6,4301.20,5,4301.30,10,4301.40,9,4301.50,9,4301.60,10,Sell,5,8,13,-3.00,0.00,-4.00,0.30,33.3,4300.30,4300.50,4300.20,4300.40,21,76,97,-55.00,1.00,-55.00,1.70,64.7,-51,90,0.0000,0.3333,-246.00,-171.00,4332.92,-3.7821,DOWN,105.85,0.9164,1.7832
20260916 205405 615,4300.40,1,4300.40,4300.70,0.30,4300.40,4,4300.30,5,4300.20,8,4300.10,9,4300.00,11,4299.90,9,4299.80,12,4299.70,9,4299.60,11,4299.50,10,4300.70,3,4300.80,3,4300.90,3,4301.00,5,4301.10,6,4301.20,5,4301.30,10,4301.40,9,4301.50,9,4301.60,10,Sell,5,9,14,-4.00,0.00,-4.00,0.30,33.3,4300.30,4300.50,4300.20,4300.40,21,76,97,-55.00,1.00,-55.00,1.70,64.7,-51,90,0.0000,0.0000,-247.00,-172.00,4332.92,-3.7821,DOWN,105.85,0.9164,1.7832
20260916 205405 615,4300.40,1,4300.40,4300.70,0.30,4300.40,4,4300.30,5,4300.20,8,4300.10,9,4300.00,11,4299.90,9,4299.80,12,4299.70,9,4299.60,11,4299.50,10,4300.70,3,4300.80,3,4300.90,3,4301.00,5,4301.10,6,4301.20,5,4301.30,10,4301.40,9,4301.50,9,4301.60,10,Sell,5,10,15,-5.00,0.00,-5.00,0.30,33.3,4300.30,4300.50,4300.20,4300.40,21,76,97,-55.00,1.00,-55.00,1.70,64.7,-51,90,0.0000,0.0000,-248.00,-173.00,4332.92,-3.7821,DOWN,105.85,0.9164,1.7832
20260916 205405 615,4300.30,1,4300.40,4300.70,0.30,4300.40,4,4300.30,5,4300.20,8,4300.10,9,4300.00,11,4299.90,9,4299.80,12,4299.70,9,4299.60,11,4299.50,10,4300.70,3,4300.80,3,4300.90,3,4301.00,5,4301.10,6,4301.20,5,4301.30,10,4301.40,9,4301.50,9,4301.60,10,Sell,5,11,16,-6.00,0.00,-6.00,0.30,0.0,4300.30,4300.50,4300.20,4300.30,21,76,97,-55.00,1.00,-55.00,1.70,64.7,-51,90,0.0000,0.0000,-249.00,-174.00,4332.92,-3.7853,DOWN,105.85,0.9164,1.7832
20260916 205405 615,4300.30,1,4300.40,4300.70,0.30,4300.40,4,4300.30,5,4300.20,8,4300.10,9,4300.00,11,4299.90,9,4299.80,12,4299.70,9,4299.60,11,4299.50,10,4300.70,3,4300.80,3,4300.90,3,4301.00,5,4301.10,6,4301.20,5,4301.30,10,4301.40,9,4301.50,9,4301.60,10,Sell,5,12,17,-7.00,0.00,-7.00,0.30,0.0,4300.30,4300.50,4300.20,4300.30,21,76,97,-55.00,1.00,-55.00,1.70,64.7,-51,90,0.0000,0.0000,-250.00,-175.00,4332.92,-3.7853,DOWN,105.85,0.9164,1.7832
20260916 205405 615,4300.30,1,4300.40,4300.70,0.30,4300.40,4,4300.30,5,4300.20,8,4300.10,9,4300.00,11,4299.90,9,4299.80,12,4299.70,9,4299.60,11,4299.50,10,4300.70,3,4300.80,3,4300.90,3,4301.00,5,4301.10,6,4301.20,5,4301.30,10,4301.40,9,4301.50,9,4301.60,10,Sell,5,13,18,-8.00,0.00,-8.00,0.30,0.0,4300.30,4300.50,4300.20,4300.30,21,76,97,-55.00,1.00,-55.00,1.70,64.7,-51,90,0.0000,0.0000,-251.00,-176.00,4332.92,-3.7853,DOWN,105.85,0.9164,1.7832
20260916 205405 615,4300.30,1,4300.40,4300.70,0.30,4300.40,4,4300.30,5,4300.20,8,4300.10,9,4300.00,11,4299.90,9,4299.80,12,4299.70,9,4299.60,11,4299.50,10,4300.70,3,4300.80,3,4300.90,3,4301.00,5,4301.10,6,4301.20,5,4301.30,10,4301.40,9,4301.50,9,4301.60,10,Sell,5,14,19,-9.00,0.00,-9.00,0.30,0.0,4300.30,4300.50,4300.20,4300.30,21,76,97,-55.00,1.00,-55.00,1.70,64.7,-51,90,0.0000,0.0000,-252.00,-177.00,4332.92,-3.7853,DOWN,105.85,0.9164,1.7832
20260916 205405 615,4300.30,1,4300.40,4300.70,0.30,4300.40,4,4300.30,5,4300.20,8,4300.10,9,4300.00,11,4299.90,9,4299.80,12,4299.70,9,4299.60,11,4299.50,10,4300.70,3,4300.80,3,4300.90,3,4301.00,5,4301.10,6,4301.20,5,4301.30,10,4301.40,9,4301.50,9,4301.60,10,Sell,5,15,20,-10.00,0.00,-10.00,0.30,0.0,4300.30,4300.50,4300.20,4300.30,21,76,97,-55.00,1.00,-55.00,1.70,64.7,-51,90,0.0000,0.0000,-253.00,-178.00,4332.92,-3.7853,DOWN,105.85,0.9164,1.7832
20260916 205405 615,4300.20,1,4300.40,4300.70,0.30,4300.40,4,4300.30,5,4300.20,8,4300.10,9,4300.00,11,4299.90,9,4299.80,12,4299.70,9,4299.60,11,4299.50,10,4300.70,3,4300.80,3,4300.90,3,4301.00,5,4301.10,6,4301.20,5,4301.30,10,4301.40,9,4301.50,9,4301.60,10,Sell,5,16,21,-11.00,0.00,-11.00,0.30,33.3,4300.30,4300.50,4300.20,4300.20,21,76,97,-55.00,1.00,-55.00,1.70,64.7,-51,90,0.0000,0.0000,-254.00,-179.00,4332.91,-3.7884,DOWN,105.85,0.9164,1.7832
20260916 205405 615,4300.20,1,4300.40,4300.70,0.30,4300.40,4,4300.30,5,4300.20,8,4300.10,9,4300.00,11,4299.90,9,4299.80,12,4299.70,9,4299.60,11,4299.50,10,4300.70,3,4300.80,3,4300.90,3,4301.00,5,4301.10,6,4301.20,5,4301.30,10,4301.40,9,4301.50,9,4301.60,10,Sell,5,17,22,-12.00,0.00,-12.00,0.30,33.3,4300.30,4300.50,4300.20,4300.20,21,76,97,-55.00,1.00,-55.00,1.70,64.7,-51,90,0.0000,0.0000,-255.00,-180.00,4332.91,-3.7884,DOWN,105.85,0.9164,1.7832
20260916 205405 615,4300.20,1,4300.40,4300.70,0.30,4300.40,4,4300.30,5,4300.20,8,4300.10,9,4300.00,11,4299.90,9,4299.80,12,4299.70,9,4299.60,11,4299.50,10,4300.70,3,4300.80,3,4300.90,3,4301.00,5,4301.10,6,4301.20,5,4301.30,10,4301.40,9,4301.50,9,4301.60,10,Sell,5,18,23,-13.00,0.00,-13.00,0.30,33.3,4300.30,4300.50,4300.20,4300.20,21,76,97,-55.00,1.00,-55.00,1.70,64.7,-51,90,0.0000,0.0000,-256.00,-181.00,4332.91,-3.7884,DOWN,105.85,0.9164,1.7832
20260916 205405 615,4300.20,1,4300.40,4300.70,0.30,4300.40,4,4300.30,5,4300.20,8,4300.10,9,4300.00,11,4299.90,9,4299.80,12,4299.70,9,4299.60,11,4299.50,10,4300.70,3,4300.80,3,4300.90,3,4301.00,5,4301.10,6,4301.20,5,4301.30,10,4301.40,9,4301.50,9,4301.60,10,Sell,5,19,24,-14.00,0.00,-14.00,0.30,33.3,4300.30,4300.50,4300.20,4300.20,21,76,97,-55.00,1.00,-55.00,1.70,64.7,-51,90,0.0000,0.0000,-257.00,-182.00,4332.91,-3.7884,DOWN,105.85,0.9164,1.7832
20260916 205405 615,4300.20,1,4300.40,4300.70,0.30,4300.40,4,4300.30,5,4300.20,8,4300.10,9,4300.00,11,4299.90,9,4299.80,12,4299.70,9,4299.60,11,4299.50,10,4300.70,3,4300.80,3,4300.90,3,4301.00,5,4301.10,6,4301.20,5,4301.30,10,4301.40,9,4301.50,9,4301.60,10,Sell,5,20,25,-15.00,0.00,-15.00,0.30,33.3,4300.30,4300.50,4300.20,4300.20,21,76,97,-55.00,1.00,-55.00,1.70,64.7,-51,90,0.0000,0.0000,-258.00,-183.00,4332.91,-3.7884,DOWN,105.85,0.9164,1.7832
20260916 205405 615,4300.20,1,4300.40,4300.70,0.30,4300.40,4,4300.30,5,4300.20,8,4300.10,9,4300.00,11,4299.90,9,4299.80,12,4299.70,9,4299.60,11,4299.50,10,4300.70,3,4300.80,3,4300.90,3,4301.00,5,4301.10,6,4301.20,5,4301.30,10,4301.40,9,4301.50,9,4301.60,10,Sell,5,21,26,-16.00,0.00,-16.00,0.30,33.3,4300.30,4300.50,4300.20,4300.20,21,76,97,-55.00,1.00,-55.00,1.70,64.7,-51,90,0.0000,0.0000,-259.00,-184.00,4332.91,-3.7884,DOWN,105.85,0.9164,1.7832
20260916 205405 615,4300.10,1,4300.40,4300.70,0.30,4300.40,4,4300.30,5,4300.20,8,4300.10,9,4300.00,11,4299.90,9,4299.80,12,4299.70,9,4299.60,11,4299.50,10,4300.70,3,4300.80,3,4300.90,3,4301.00,5,4301.10,6,4301.20,5,4301.30,10,4301.40,9,4301.50,9,4301.60,10,Sell,5,22,27,-17.00,0.00,-17.00,0.40,50.0,4300.30,4300.50,4300.10,4300.10,21,76,97,-55.00,1.00,-55.00,1.70,64.7,-51,90,0.0000,0.0000,-260.00,-185.00,4332.90,-3.7916,DOWN,105.85,0.9164,1.7904
20260916 205405 615,4300.10,1,4300.40,4300.70,0.30,4300.40,4,4300.30,5,4300.20,8,4300.10,9,4300.00,11,4299.90,9,4299.80,12,4299.70,9,4299.60,11,4299.50,10,4300.70,3,4300.80,3,4300.90,3,4301.00,5,4301.10,6,4301.20,5,4301.30,10,4301.40,9,4301.50,9,4301.60,10,Sell,5,23,28,-18.00,0.00,-18.00,0.40,50.0,4300.30,4300.50,4300.10,4300.10,21,76,97,-55.00,1.00,-55.00,1.70,64.7,-51,90,0.0000,0.0000,-261.00,-186.00,4332.90,-3.7916,DOWN,105.85,0.9164,1.7904
20260916 205407 943,4300.10,5,4300.10,4300.30,0.20,4300.10,7,4300.00,10,4299.90,4,4299.80,7,4299.70,4,4299.60,11,4299.50,10,4299.40,10,4299.30,10,4299.20,9,4300.30,1,4300.40,4,4300.50,3,4300.60,3,4300.70,5,4300.80,4,4300.90,3,4301.00,6,4301.10,11,4301.20,11,Sell,5,28,33,-23.00,0.00,-23.00,0.40,50.0,4300.30,4300.50,4300.10,4300.10,21,76,97,-55.00,1.00,-55.00,1.70,64.7,-51,90,0.0000,0.0000,-266.00,-191.00,4332.90,-3.7916,DOWN,105.85,0.9164,1.7904
20260916 205410 324,4300.30,1,4300.20,4300.30,0.10,4300.20,2,4300.00,7,4299.90,1,4299.80,6,4299.70,3,4299.60,6,4299.50,11,4299.40,10,4299.30,10,4299.20,9,4300.30,7,4300.40,3,4300.50,3,4300.60,5,4300.70,6,4300.80,5,4300.90,11,4301.00,14,4301.10,11,4301.20,11,Buy,6,28,34,-22.00,0.00,-23.00,0.40,0.0,4300.30,4300.50,4300.10,4300.30,21,76,97,-55.00,1.00,-55.00,1.70,64.7,-51,90,0.0000,0.0455,-265.00,-190.00,4332.92,-3.7853,DOWN,105.85,0.9164,1.7904
20260916 205410 998,4300.20,2,4300.00,4300.20,0.20,4300.00,6,4299.80,5,4299.70,3,4299.60,6,4299.50,11,4299.40,10,4299.30,10,4299.20,9,4299.10,10,4299.00,9,4300.20,2,4300.30,8,4300.40,4,4300.50,4,4300.60,5,4300.70,6,4300.80,5,4300.90,11,4301.00,14,4301.10,11,Sell,6,30,36,-24.00,0.00,-24.00,0.40,25.0,4300.30,4300.50,4300.10,4300.20,21,76,97,-55.00,1.00,-55.00,1.70,64.7,-51,90,0.0000,0.0000,-267.00,-192.00,4332.91,-3.7884,DOWN,105.85,0.9164,1.7904
20260916 205411 946,4300.00,1,4299.80,4300.10,0.30,4299.80,4,4299.70,4,4299.60,6,4299.50,7,4299.40,6,4299.30,10,4299.20,9,4299.10,10,4299.00,10,4298.90,8,4300.10,6,4300.20,3,4300.30,7,4300.40,4,4300.50,4,4300.60,5,4300.70,6,4300.80,13,4300.90,11,4301.00,14,Sell,6,31,37,-25.00,0.00,-25.00,0.50,60.0,4300.30,4300.50,4300.00,4300.00,21,76,97,-55.00,1.00,-55.00,1.70,64.7,-51,90,0.0000,0.0000,-268.00,-193.00,4332.89,-3.7948,DOWN,105.85,0.9164,1.7975
20260916 205411 946,4300.00,1,4299.80,4300.10,0.30,4299.80,4,4299.70,4,4299.60,6,4299.50,7,4299.40,6,4299.30,10,4299.20,9,4299.10,10,4299.00,10,4298.90,8,4300.10,6,4300.20,3,4300.30,7,4300.40,4,4300.50,4,4300.60,5,4300.70,6,4300.80,13,4300.90,11,4301.00,14,Sell,6,32,38,-26.00,0.00,-26.00,0.50,60.0,4300.30,4300.50,4300.00,4300.00,21,76,97,-55.00,1.00,-55.00,1.70,64.7,-51,90,0.0000,0.0000,-269.00,-194.00,4332.89,-3.7948,DOWN,105.85,0.9164,1.7975
20260916 205411 946,4300.00,1,4299.80,4300.10,0.30,4299.80,4,4299.70,4,4299.60,6,4299.50,7,4299.40,6,4299.30,10,4299.20,9,4299.10,10,4299.00,10,4298.90,8,4300.10,6,4300.20,3,4300.30,7,4300.40,4,4300.50,4,4300.60,5,4300.70,6,4300.80,13,4300.90,11,4301.00,14,Sell,6,33,39,-27.00,0.00,-27.00,0.50,60.0,4300.30,4300.50,4300.00,4300.00,21,76,97,-55.00,1.00,-55.00,1.70,64.7,-51,90,0.0000,0.0000,-270.00,-195.00,4332.89,-3.7948,DOWN,105.85,0.9164,1.7975
20260916 205411 946,4300.00,1,4299.80,4300.10,0.30,4299.80,4,4299.70,4,4299.60,6,4299.50,7,4299.40,6,4299.30,10,4299.20,9,4299.10,10,4299.00,10,4298.90,8,4300.10,6,4300.20,3,4300.30,7,4300.40,4,4300.50,4,4300.60,5,4300.70,6,4300.80,13,4300.90,11,4301.00,14,Sell,6,34,40,-28.00,0.00,-28.00,0.50,60.0,4300.30,4300.50,4300.00,4300.00,21,76,97,-55.00,1.00,-55.00,1.70,64.7,-51,90,0.0000,0.0000,-271.00,-196.00,4332.89,-3.7948,DOWN,105.85,0.9164,1.7975
20260916 205411 946,4300.00,1,4299.80,4300.10,0.30,4299.80,4,4299.70,4,4299.60,6,4299.50,7,4299.40,6,4299.30,10,4299.20,9,4299.10,10,4299.00,10,4298.90,8,4300.10,6,4300.20,3,4300.30,7,4300.40,4,4300.50,4,4300.60,5,4300.70,6,4300.80,13,4300.90,11,4301.00,14,Sell,6,35,41,-29.00,0.00,-29.00,0.50,60.0,4300.30,4300.50,4300.00,4300.00,21,76,97,-55.00,1.00,-55.00,1.70,64.7,-51,90,0.0000,0.0000,-272.00,-197.00,4332.89,-3.7948,DOWN,105.85,0.9164,1.7975
20260916 205411 947,4300.00,1,4299.80,4300.10,0.30,4299.80,4,4299.70,4,4299.60,6,4299.50,7,4299.40,6,4299.30,10,4299.20,9,4299.10,10,4299.00,10,4298.90,8,4300.10,6,4300.20,3,4300.30,7,4300.40,4,4300.50,4,4300.60,5,4300.70,6,4300.80,13,4300.90,11,4301.00,14,Sell,6,36,42,-30.00,0.00,-30.00,0.50,60.0,4300.30,4300.50,4300.00,4300.00,21,76,97,-55.00,1.00,-55.00,1.70,64.7,-51,90,0.0000,0.0000,-273.00,-198.00,4332.89,-3.7948,DOWN,105.85,0.9164,1.7975
20260916 205411 947,4299.80,1,4299.80,4300.10,0.30,4299.80,4,4299.70,4,4299.60,6,4299.50,7,4299.40,6,4299.30,10,4299.20,9,4299.10,10,4299.00,10,4298.90,8,4300.10,6,4300.20,3,4300.30,7,4300.40,4,4300.50,4,4300.60,5,4300.70,6,4300.80,13,4300.90,11,4301.00,14,Sell,6,37,43,-31.00,0.00,-31.00,0.70,71.4,4300.30,4300.50,4299.80,4299.80,21,76,97,-55.00,1.00,-55.00,1.70,64.7,-51,90,0.0000,0.0000,-274.00,-199.00,4332.87,-3.8011,DOWN,105.85,0.9164,1.8118
20260916 205412 316,4299.90,1,4299.90,4300.10,0.20,4299.90,3,4299.80,6,4299.70,5,4299.60,7,4299.50,7,4299.40,6,4299.30,10,4299.20,9,4299.10,10,4299.00,10,4300.10,1,4300.20,3,4300.30,8,4300.40,4,4300.50,4,4300.60,5,4300.70,6,4300.80,13,4300.90,12,4301.00,14,Sell,6,38,44,-32.00,0.00,-32.00,0.70,57.1,4300.30,4300.50,4299.80,4299.90,21,76,97,-55.00,1.00,-55.00,1.70,64.7,-51,90,0.0000,0.0000,-275.00,-200.00,4332.88,-3.7980,DOWN,105.85,0.9164,1.8118
20260916 205412 316,4299.90,1,4299.90,4300.10,0.20,4299.90,3,4299.80,6,4299.70,5,4299.60,7,4299.50,7,4299.40,6,4299.30,10,4299.20,9,4299.10,10,4299.00,10,4300.10,1,4300.20,3,4300.30,8,4300.40,4,4300.50,4,4300.60,5,4300.70,6,4300.80,13,4300.90,12,4301.00,14,Sell,6,39,45,-33.00,0.00,-33.00,0.70,57.1,4300.30,4300.50,4299.80,4299.90,21,76,97,-55.00,1.00,-55.00,1.70,64.7,-51,90,0.0000,0.0000,-276.00,-201.00,4332.88,-3.7980,DOWN,105.85,0.9164,1.8118
20260916 205413 513,4300.20,1,4300.00,4300.20,0.20,4300.00,2,4299.90,4,4299.80,6,4299.70,6,4299.60,7,4299.50,7,4299.40,5,4299.30,10,4299.20,9,4299.10,10,4300.20,2,4300.30,8,4300.40,4,4300.50,4,4300.60,5,4300.70,6,4300.80,13,4300.90,12,4301.00,14,4301.10,11,Buy,7,39,46,-32.00,0.00,-33.00,0.70,14.3,4300.30,4300.50,4299.80,4300.20,21,76,97,-55.00,1.00,-55.00,1.70,64.7,-51,90,0.0000,0.0313,-275.00,-200.00,4332.91,-3.7884,DOWN,105.85,0.9164,1.8118
20260916 205414 059,4300.30,1,4300.60,4300.80,0.20,4300.60,1,4300.50,4,4300.40,5,4300.30,4,4300.20,6,4300.10,4,4300.00,3,4299.90,9,4299.80,11,4299.70,11,4300.80,3,4300.90,5,4301.00,5,4301.10,6,4301.20,6,4301.30,10,4301.40,9,4301.50,9,4301.60,10,4301.70,10,Buy,8,39,47,-31.00,0.00,-33.00,0.70,0.0,4300.30,4300.50,4299.80,4300.30,21,76,97,-55.00,1.00,-55.00,1.70,64.7,-51,90,0.0000,0.0645,-274.00,-199.00,4332.92,-3.7853,DOWN,105.85,0.9164,1.8118
20260916 205414 059,4300.30,2,4300.60,4300.80,0.20,4300.60,1,4300.50,4,4300.40,5,4300.30,4,4300.20,6,4300.10,4,4300.00,3,4299.90,9,4299.80,11,4299.70,11,4300.80,3,4300.90,5,4301.00,5,4301.10,6,4301.20,6,4301.30,10,4301.40,9,4301.50,9,4301.60,10,4301.70,10,Buy,10,39,49,-29.00,0.00,-33.00,0.70,0.0,4300.30,4300.50,4299.80,4300.30,21,76,97,-55.00,1.00,-55.00,1.70,64.7,-51,90,0.0000,0.1379,-272.00,-197.00,4332.92,-3.7853,DOWN,105.85,0.9164,1.8118
20260916 205414 059,4300.30,1,4300.60,4300.80,0.20,4300.60,1,4300.50,4,4300.40,5,4300.30,4,4300.20,6,4300.10,4,4300.00,3,4299.90,9,4299.80,11,4299.70,11,4300.80,3,4300.90,5,4301.00,5,4301.10,6,4301.20,6,4301.30,10,4301.40,9,4301.50,9,4301.60,10,4301.70,10,Buy,11,39,50,-28.00,0.00,-33.00,0.70,0.0,4300.30,4300.50,4299.80,4300.30,21,76,97,-55.00,1.00,-55.00,1.70,64.7,-51,90,0.0000,0.1786,-271.00,-196.00,4332.92,-3.7853,DOWN,105.85,0.9164,1.8118
20260916 205414 068,4300.30,1,4300.60,4300.80,0.20,4300.60,1,4300.50,4,4300.40,5,4300.30,4,4300.20,6,4300.10,4,4300.00,3,4299.90,9,4299.80,11,4299.70,11,4300.80,3,4300.90,5,4301.00,5,4301.10,6,4301.20,6,4301.30,10,4301.40,9,4301.50,9,4301.60,10,4301.70,10,Buy,12,39,51,-27.00,0.00,-33.00,0.70,0.0,4300.30,4300.50,4299.80,4300.30,21,76,97,-55.00,1.00,-55.00,1.70,64.7,-51,90,0.0000,0.2222,-270.00,-195.00,4332.92,-3.7853,DOWN,105.85,0.9164,1.8118
20260916 205414 071,4300.30,1,4300.60,4300.80,0.20,4300.60,1,4300.50,4,4300.40,5,4300.30,4,4300.20,6,4300.10,4,4300.00,3,4299.90,9,4299.80,11,4299.70,11,4300.80,3,4300.90,5,4301.00,5,4301.10,6,4301.20,6,4301.30,10,4301.40,9,4301.50,9,4301.60,10,4301.70,10,Buy,13,39,52,-26.00,0.00,-33.00,0.70,0.0,4300.30,4300.50,4299.80,4300.30,21,76,97,-55.00,1.00,-55.00,1.70,64.7,-51,90,0.0000,0.2692,-269.00,-194.00,4332.92,-3.7853,DOWN,105.85,0.9164,1.8118
20260916 205414 521,4300.80,1,4300.70,4300.80,0.10,4300.70,2,4300.60,2,4300.50,3,4300.40,5,4300.30,4,4300.20,6,4300.10,4,4300.00,3,4299.90,9,4299.80,11,4300.90,4,4301.00,4,4301.10,6,4301.20,6,4301.30,6,4301.40,9,4301.50,12,4301.60,10,4301.70,10,4301.80,10,Buy,14,39,53,-25.00,0.00,-33.00,1.00,50.0,4300.30,4300.80,4299.80,4300.80,21,76,97,-55.00,1.00,-55.00,1.70,64.7,-51,90,0.0000,0.3200,-268.00,-193.00,4332.96,-3.7694,DOWN,105.85,0.9164,1.8332
20260916 205415 458,4300.60,1,4300.70,4300.90,0.20,4300.70,2,4300.60,3,4300.50,5,4300.40,5,4300.30,4,4300.20,6,4300.10,9,4300.00,8,4299.90,9,4299.80,11,4300.90,1,4301.00,3,4301.10,5,4301.20,6,4301.30,6,4301.40,6,4301.50,12,4301.60,10,4301.70,10,4301.80,10,Sell,14,40,54,-26.00,0.00,-33.00,1.00,30.0,4300.30,4300.80,4299.80,4300.60,21,76,97,-55.00,1.00,-55.00,1.70,64.7,-51,90,0.0000,0.2692,-269.00,-194.00,4332.94,-3.7757,DOWN,105.85,0.9164,1.8332
20260916 205415 595,4300.90,1,4300.80,4301.10,0.30,4300.80,3,4300.70,7,4300.60,4,4300.50,4,4300.40,5,4300.30,4,4300.20,11,4300.10,9,4300.00,8,4299.90,9,4301.10,3,4301.20,5,4301.30,5,4301.40,6,4301.50,5,4301.60,10,4301.70,10,4301.80,10,4301.90,11,4302.00,10,Buy,15,40,55,-25.00,0.00,-33.00,1.10,54.5,4300.30,4300.90,4299.80,4300.90,21,76,97,-55.00,1.00,-55.00,1.70,64.7,-51,90,0.0000,0.3200,-268.00,-193.00,4332.97,-3.7662,DOWN,105.85,0.9164,1.8404
20260916 205418 407,4300.60,1,4300.40,4300.70,0.30,4300.40,2,4300.30,4,4300.20,6,4300.10,4,4300.00,4,4299.90,9,4299.80,11,4299.70,11,4299.60,12,4299.50,12,4300.70,4,4300.80,4,4300.90,3,4301.00,3,4301.10,5,4301.20,5,4301.30,5,4301.40,11,4301.50,10,4301.60,10,Sell,15,41,56,-26.00,0.00,-33.00,1.10,27.3,4300.30,4300.90,4299.80,4300.60,21,76,97,-55.00,1.00,-55.00,1.70,64.7,-51,90,0.0000,0.2692,-269.00,-194.00,4332.94,-3.7757,DOWN,105.85,0.9164,1.8404
20260916 205419 045,4300.60,1,4300.30,4300.60,0.30,4300.30,4,4300.20,6,4300.10,4,4300.00,4,4299.90,9,4299.80,11,4299.70,11,4299.60,12,4299.50,12,4299.40,10,4300.60,1,4300.70,4,4300.80,4,4300.90,3,4301.00,3,4301.10,5,4301.20,5,4301.30,10,4301.40,11,4301.50,10,Buy,16,41,57,-25.00,0.00,-33.00,1.10,27.3,4300.30,4300.90,4299.80,4300.60,21,76,97,-55.00,1.00,-55.00,1.70,64.7,-51,90,0.0000,0.3200,-268.00,-193.00,4332.94,-3.7757,DOWN,105.85,0.9164,1.8404
20260916 205420 683,4300.30,1,4300.30,4300.60,0.30,4300.30,4,4300.20,6,4300.10,6,4300.00,4,4299.90,4,4299.80,7,4299.70,11,4299.60,12,4299.50,12,4299.40,10,4300.60,2,4300.70,3,4300.80,4,4300.90,3,4301.00,4,4301.10,11,4301.20,10,4301.30,10,4301.40,11,4301.50,10,Buy,17,41,58,-24.00,0.00,-33.00,1.10,0.0,4300.30,4300.90,4299.80,4300.30,21,76,97,-55.00,1.00,-55.00,1.70,64.7,-51,90,0.0000,0.3750,-267.00,-192.00,4332.92,-3.7853,DOWN,105.85,0.9164,1.8404
20260916 205420 708,4300.40,1,4300.40,4300.70,0.30,4300.40,2,4300.30,4,4300.20,6,4300.10,6,4300.00,4,4299.90,4,4299.80,14,4299.70,11,4299.60,12,4299.50,12,4300.70,4,4300.80,4,4300.90,3,4301.00,4,4301.10,6,4301.20,10,4301.30,10,4301.40,11,4301.50,10,4301.60,10,Buy,18,41,59,-23.00,0.00,-33.00,1.10,9.1,4300.30,4300.90,4299.80,4300.40,21,76,97,-55.00,1.00,-55.00,1.70,64.7,-51,90,0.0000,0.4348,-266.00,-191.00,4332.92,-3.7821,DOWN,105.85,0.9164,1.8404
20260916 205422 661,4300.40,1,4300.40,4300.60,0.20,4300.30,3,4300.20,6,4300.10,5,4300.00,4,4299.90,4,4299.80,14,4299.70,11,4299.60,12,4299.50,12,4299.40,10,4300.60,3,4300.70,3,4300.80,4,4300.90,3,4301.00,4,4301.10,6,4301.20,10,4301.30,10,4301.40,11,4301.50,10,Sell,18,42,60,-24.00,0.00,-33.00,1.10,9.1,4300.30,4300.90,4299.80,4300.40,21,76,97,-55.00,1.00,-55.00,1.70,64.7,-51,90,0.0000,0.3750,-267.00,-192.00,4332.92,-3.7821,DOWN,105.85,0.9164,1.8404
20260916 205427 853,4300.20,1,4300.10,4300.40,0.30,4300.10,2,4300.00,4,4299.90,4,4299.80,7,4299.70,6,4299.60,14,4299.50,14,4299.40,10,4299.30,10,4299.20,9,4300.40,4,4300.50,3,4300.60,2,4300.70,4,4300.80,4,4300.90,3,4301.00,9,4301.10,11,4301.20,10,4301.30,10,Sell,18,43,61,-25.00,0.00,-33.00,1.10,9.1,4300.30,4300.90,4299.80,4300.20,21,76,97,-55.00,1.00,-55.00,1.70,64.7,-51,90,0.0000,0.3200,-268.00,-193.00,4332.91,-3.7884,DOWN,105.85,0.9164,1.8404
20260916 205427 853,4300.20,1,4300.10,4300.40,0.30,4300.10,2,4300.00,4,4299.90,4,4299.80,7,4299.70,6,4299.60,14,4299.50,14,4299.40,10,4299.30,10,4299.20,9,4300.40,4,4300.50,3,4300.60,2,4300.70,4,4300.80,4,4300.90,3,4301.00,9,4301.10,11,4301.20,10,4301.30,10,Sell,18,44,62,-26.00,0.00,-33.00,1.10,9.1,4300.30,4300.90,4299.80,4300.20,21,76,97,-55.00,1.00,-55.00,1.70,64.7,-51,90,0.0000,0.2692,-269.00,-194.00,4332.91,-3.7884,DOWN,105.85,0.9164,1.8404
20260916 205427 853,4300.10,1,4300.10,4300.40,0.30,4300.10,2,4300.00,4,4299.90,4,4299.80,7,4299.70,6,4299.60,14,4299.50,14,4299.40,10,4299.30,10,4299.20,9,4300.40,4,4300.50,3,4300.60,2,4300.70,4,4300.80,4,4300.90,3,4301.00,9,4301.10,11,4301.20,10,4301.30,10,Sell,18,45,63,-27.00,0.00,-33.00,1.10,18.2,4300.30,4300.90,4299.80,4300.10,21,76,97,-55.00,1.00,-55.00,1.70,64.7,-51,90,0.0000,0.2222,-270.00,-195.00,4332.90,-3.7916,DOWN,105.85,0.9164,1.8404
20260916 205427 853,4300.10,1,4300.10,4300.40,0.30,4300.10,2,4300.00,4,4299.90,4,4299.80,7,4299.70,6,4299.60,14,4299.50,14,4299.40,10,4299.30,10,4299.20,9,4300.40,4,4300.50,3,4300.60,2,4300.70,4,4300.80,4,4300.90,3,4301.00,9,4301.10,11,4301.20,10,4301.30,10,Sell,18,46,64,-28.00,0.00,-33.00,1.10,18.2,4300.30,4300.90,4299.80,4300.10,21,76,97,-55.00,1.00,-55.00,1.70,64.7,-51,90,0.0000,0.1786,-271.00,-196.00,4332.90,-3.7916,DOWN,105.85,0.9164,1.8404
20260916 205427 853,4300.10,1,4300.10,4300.40,0.30,4300.10,2,4300.00,4,4299.90,4,4299.80,7,4299.70,6,4299.60,14,4299.50,14,4299.40,10,4299.30,10,4299.20,9,4300.40,4,4300.50,3,4300.60,2,4300.70,4,4300.80,4,4300.90,3,4301.00,9,4301.10,11,4301.20,10,4301.30,10,Sell,18,47,65,-29.00,0.00,-33.00,1.10,18.2,4300.30,4300.90,4299.80,4300.10,21,76,97,-55.00,1.00,-55.00,1.70,64.7,-51,90,0.0000,0.1379,-272.00,-197.00,4332.90,-3.7916,DOWN,105.85,0.9164,1.8404
20260916 205427 853,4300.10,1,4300.10,4300.40,0.30,4300.10,2,4300.00,4,4299.90,4,4299.80,7,4299.70,6,4299.60,14,4299.50,14,4299.40,10,4299.30,10,4299.20,9,4300.40,4,4300.50,3,4300.60,2,4300.70,4,4300.80,4,4300.90,3,4301.00,9,4301.10,11,4301.20,10,4301.30,10,Sell,18,48,66,-30.00,0.00,-33.00,1.10,18.2,4300.30,4300.90,4299.80,4300.10,21,76,97,-55.00,1.00,-55.00,1.70,64.7,-51,90,0.0000,0.1000,-273.00,-198.00,4332.90,-3.7916,DOWN,105.85,0.9164,1.8404
20260916 205427 859,4300.30,1,4300.10,4300.40,0.30,4300.10,2,4300.00,4,4299.90,4,4299.80,7,4299.70,6,4299.60,14,4299.50,14,4299.40,10,4299.30,10,4299.20,9,4300.40,4,4300.50,3,4300.60,2,4300.70,4,4300.80,4,4300.90,3,4301.00,9,4301.10,11,4301.20,10,4301.30,10,Buy,19,48,67,-29.00,0.00,-33.00,1.10,0.0,4300.30,4300.90,4299.80,4300.30,21,76,97,-55.00,1.00,-55.00,1.70,64.7,-51,90,0.0000,0.1379,-272.00,-197.00,4332.92,-3.7853,DOWN,105.85,0.9164,1.8404
20260916 205431 637,4300.40,1,4300.10,4300.40,0.30,4300.10,2,4300.00,4,4299.90,4,4299.80,7,4299.70,6,4299.60,14,4299.50,14,4299.40,10,4299.30,9,4299.20,9,4300.40,3,4300.50,3,4300.60,2,4300.70,4,4300.80,4,4300.90,3,4301.00,13,4301.10,15,4301.20,10,4301.30,10,Sell,19,49,68,-30.00,0.00,-33.00,1.10,9.1,4300.30,4300.90,4299.80,4300.40,21,76,97,-55.00,1.00,-55.00,1.70,64.7,-51,90,0.0000,0.1000,-273.00,-198.00,4332.92,-3.7821,DOWN,105.85,0.9164,1.8404
20260916 205431 944,4300.40,1,4300.10,4300.40,0.30,4300.10,3,4300.00,5,4299.90,4,4299.80,7,4299.70,6,4299.60,14,4299.50,14,4299.40,10,4299.30,9,4299.20,9,4300.40,3,4300.50,3,4300.60,2,4300.70,4,4300.80,4,4300.90,3,4301.00,13,4301.10,15,4301.20,10,4301.30,10,Buy,20,49,69,-29.00,0.00,-33.00,1.10,9.1,4300.30,4300.90,4299.80,4300.40,21,76,97,-55.00,1.00,-55.00,1.70,64.7,-51,90,0.0000,0.1379,-272.00,-197.00,4332.92,-3.7821,DOWN,105.85,0.9164,1.8404
20260916 205433 685,4300.40,1,4300.30,4300.60,0.30,4300.30,2,4300.20,5,4300.10,4,4300.00,5,4299.90,4,4299.80,14,4299.70,13,4299.60,14,4299.50,14,4299.40,10,4300.60,4,4300.70,4,4300.80,4,4300.90,3,4301.00,4,4301.10,6,4301.20,10,4301.30,10,4301.40,11,4301.50,10,Sell,20,50,70,-30.00,0.00,-33.00,1.10,9.1,4300.30,4300.90,4299.80,4300.40,21,76,97,-55.00,1.00,-55.00,1.70,64.7,-51,90,0.0000,0.1000,-273.00,-198.00,4332.92,-3.7821,DOWN,105.85,0.9164,1.8404
20260916 205434 379,4300.20,1,4300.90,4301.20,0.30,4300.90,3,4300.80,4,4300.70,4,4300.60,4,4300.50,5,4300.40,6,4300.30,11,4300.20,11,4300.10,12,4300.00,11,4301.20,3,4301.30,3,4301.40,6,4301.50,5,4301.60,6,4301.70,11,4301.80,10,4301.90,11,4302.00,10,4302.10,10,Sell,20,51,71,-31.00,0.00,-33.00,1.10,9.1,4300.30,4300.90,4299.80,4300.20,21,76,97,-55.00,1.00,-55.00,1.70,64.7,-51,90,0.0000,0.0645,-274.00,-199.00,4332.91,-3.7884,DOWN,105.85,0.9164,1.8404
20260916 205434 379,4300.20,1,4300.90,4301.20,0.30,4300.90,3,4300.80,4,4300.70,4,4300.60,4,4300.50,5,4300.40,6,4300.30,11,4300.20,11,4300.10,12,4300.00,11,4301.20,3,4301.30,3,4301.40,6,4301.50,5,4301.60,6,4301.70,11,4301.80,10,4301.90,11,4302.00,10,4302.10,10,Sell,20,52,72,-32.00,0.00,-33.00,1.10,9.1,4300.30,4300.90,4299.80,4300.20,21,76,97,-55.00,1.00,-55.00,1.70,64.7,-51,90,0.0000,0.0313,-275.00,-200.00,4332.91,-3.7884,DOWN,105.85,0.9164,1.8404
20260916 205434 382,4300.40,1,4300.90,4301.20,0.30,4300.90,3,4300.80,4,4300.70,4,4300.60,4,4300.50,5,4300.40,6,4300.30,11,4300.20,11,4300.10,12,4300.00,11,4301.20,3,4301.30,3,4301.40,6,4301.50,5,4301.60,6,4301.70,11,4301.80,10,4301.90,11,4302.00,10,4302.10,10,Buy,21,52,73,-31.00,0.00,-33.00,1.10,9.1,4300.30,4300.90,4299.80,4300.40,21,76,97,-55.00,1.00,-55.00,1.70,64.7,-51,90,0.0000,0.0645,-274.00,-199.00,4332.92,-3.7821,DOWN,105.85,0.9164,1.8404
20260916 205434 388,4300.60,1,4300.90,4301.20,0.30,4300.90,3,4300.80,4,4300.70,4,4300.60,4,4300.50,5,4300.40,6,4300.30,11,4300.20,11,4300.10,12,4300.00,11,4301.20,3,4301.30,3,4301.40,6,4301.50,5,4301.60,6,4301.70,11,4301.80,10,4301.90,11,4302.00,10,4302.10,10,Buy,22,52,74,-30.00,0.00,-33.00,1.10,27.3,4300.30,4300.90,4299.80,4300.60,21,76,97,-55.00,1.00,-55.00,1.70,64.7,-51,90,0.0000,0.1000,-273.00,-198.00,4332.94,-3.7757,DOWN,105.85,0.9164,1.8404
20260916 205434 401,4301.00,1,4300.90,4301.20,0.30,4300.90,3,4300.80,4,4300.70,4,4300.60,4,4300.50,5,4300.40,6,4300.30,11,4300.20,11,4300.10,12,4300.00,11,4301.20,3,4301.30,3,4301.40,6,4301.50,5,4301.60,6,4301.70,11,4301.80,10,4301.90,11,4302.00,10,4302.10,10,Buy,23,52,75,-29.00,0.00,-33.00,1.20,58.3,4300.30,4301.00,4299.80,4301.00,21,76,97,-55.00,1.00,-55.00,1.70,64.7,-51,90,0.0000,0.1379,-272.00,-197.00,4332.98,-3.7630,DOWN,105.85,0.9164,1.8475
20260916 205435 695,4301.20,1,4301.10,4301.40,0.30,4301.10,4,4301.00,4,4300.90,4,4300.80,5,4300.70,12,4300.60,11,4300.50,12,4300.40,13,4300.30,11,4300.20,12,4301.40,3,4301.50,5,4301.60,5,4301.70,6,4301.80,7,4301.90,6,4302.00,5,4302.10,5,4302.20,10,4302.30,9,Buy,24,52,76,-28.00,0.00,-33.00,1.40,64.3,4300.30,4301.20,4299.80,4301.20,21,76,97,-55.00,1.00,-55.00,1.70,64.7,-51,90,0.0000,0.1786,-271.00,-196.00,4333.00,-3.7567,DOWN,105.85,0.9164,1.8618
20260916 205435 720,4301.20,1,4301.10,4301.40,0.30,4301.10,4,4301.00,4,4300.90,4,4300.80,5,4300.70,12,4300.60,11,4300.50,12,4300.40,13,4300.30,11,4300.20,12,4301.40,3,4301.50,5,4301.60,5,4301.70,6,4301.80,7,4301.90,6,4302.00,5,4302.10,5,4302.20,10,4302.30,9,Sell,24,53,77,-29.00,0.00,-33.00,1.40,64.3,4300.30,4301.20,4299.80,4301.20,21,76,97,-55.00,1.00,-55.00,1.70,64.7,-51,90,0.0000,0.1379,-272.00,-197.00,4333.00,-3.7567,DOWN,105.85,0.9164,1.8618
20260916 205435 720,4301.20,1,4301.10,4301.40,0.30,4301.10,4,4301.00,4,4300.90,4,4300.80,5,4300.70,12,4300.60,11,4300.50,12,4300.40,13,4300.30,11,4300.20,12,4301.40,3,4301.50,5,4301.60,5,4301.70,6,4301.80,7,4301.90,6,4302.00,5,4302.10,5,4302.20,10,4302.30,9,Sell,24,54,78,-30.00,0.00,-33.00,1.40,64.3,4300.30,4301.20,4299.80,4301.20,21,76,97,-55.00,1.00,-55.00,1.70,64.7,-51,90,0.0000,0.1000,-273.00,-198.00,4333.00,-3.7567,DOWN,105.85,0.9164,1.8618
20260916 205435 720,4301.20,1,4301.10,4301.40,0.30,4301.10,4,4301.00,4,4300.90,4,4300.80,5,4300.70,12,4300.60,11,4300.50,12,4300.40,13,4300.30,11,4300.20,12,4301.40,3,4301.50,5,4301.60,5,4301.70,6,4301.80,7,4301.90,6,4302.00,5,4302.10,5,4302.20,10,4302.30,9,Sell,24,55,79,-31.00,0.00,-33.00,1.40,64.3,4300.30,4301.20,4299.80,4301.20,21,76,97,-55.00,1.00,-55.00,1.70,64.7,-51,90,0.0000,0.0645,-274.00,-199.00,4333.00,-3.7567,DOWN,105.85,0.9164,1.8618
20260916 205435 828,4301.20,1,4301.10,4301.40,0.30,4301.10,3,4301.00,4,4300.90,4,4300.80,5,4300.70,12,4300.60,11,4300.50,12,4300.40,13,4300.30,11,4300.20,12,4301.40,2,4301.50,5,4301.60,5,4301.70,6,4301.80,7,4301.90,6,4302.00,5,4302.10,14,4302.20,10,4302.30,9,Sell,24,56,80,-32.00,0.00,-33.00,1.40,64.3,4300.30,4301.20,4299.80,4301.20,21,76,97,-55.00,1.00,-55.00,1.70,64.7,-51,90,0.0000,0.0313,-275.00,-200.00,4333.00,-3.7567,DOWN,105.85,0.9164,1.8618
20260916 205441 090,4301.20,1,4300.80,4301.20,0.40,4300.80,4,4300.70,5,4300.60,4,4300.50,6,4300.40,6,4300.30,14,4300.20,14,4300.10,13,4300.00,12,4299.90,13,4301.20,4,4301.30,4,4301.40,5,4301.50,6,4301.60,6,4301.70,6,4301.80,7,4301.90,15,4302.00,14,4302.10,14,Buy,25,56,81,-31.00,0.00,-33.00,1.40,64.3,4300.30,4301.20,4299.80,4301.20,21,76,97,-55.00,1.00,-55.00,1.70,64.7,-51,90,0.0000,0.0645,-274.00,-199.00,4333.00,-3.7567,DOWN,105.85,0.9164,1.8618
20260916 205443 566,4300.80,1,4300.60,4300.90,0.30,4300.60,3,4300.50,5,4300.40,6,4300.30,5,4300.20,14,4300.10,13,4300.00,13,4299.90,13,4299.80,15,4299.70,13,4300.90,2,4301.00,3,4301.10,7,4301.20,5,4301.30,3,4301.40,5,4301.50,15,4301.60,15,4301.70,15,4301.80,16,Sell,25,57,82,-32.00,0.00,-33.00,1.40,35.7,4300.30,4301.20,4299.80,4300.80,21,76,97,-55.00,1.00,-55.00,1.70,64.7,-51,90,0.0000,0.0313,-275.00,-200.00,4332.96,-3.7694,DOWN,105.85,0.9164,1.8618
20260916 205443 566,4300.80,1,4300.60,4300.90,0.30,4300.60,3,4300.50,5,4300.40,6,4300.30,5,4300.20,14,4300.10,13,4300.00,13,4299.90,13,4299.80,15,4299.70,13,4300.90,2,4301.00,3,4301.10,7,4301.20,5,4301.30,3,4301.40,5,4301.50,15,4301.60,15,4301.70,15,4301.80,16,Sell,25,58,83,-33.00,0.00,-33.00,1.40,35.7,4300.30,4301.20,4299.80,4300.80,21,76,97,-55.00,1.00,-55.00,1.70,64.7,-51,90,0.0000,0.0000,-276.00,-201.00,4332.96,-3.7694,DOWN,105.85,0.9164,1.8618
20260916 205443 569,4300.80,1,4300.60,4300.90,0.30,4300.60,3,4300.50,5,4300.40,6,4300.30,5,4300.20,14,4300.10,13,4300.00,13,4299.90,13,4299.80,15,4299.70,13,4300.90,2,4301.00,3,4301.10,7,4301.20,5,4301.30,3,4301.40,5,4301.50,15,4301.60,15,4301.70,15,4301.80,16,Buy,26,58,84,-32.00,0.00,-33.00,1.40,35.7,4300.30,4301.20,4299.80,4300.80,21,76,97,-55.00,1.00,-55.00,1.70,64.7,-51,90,0.0000,0.0313,-275.00,-200.00,4332.96,-3.7694,DOWN,105.85,0.9164,1.8618
20260916 205444 630,4301.40,1,4301.40,4301.50,0.10,4300.70,3,4300.60,4,4300.50,5,4300.40,7,4300.30,5,4300.20,14,4300.10,13,4300.00,13,4299.90,13,4299.80,15,4301.10,5,4301.20,5,4301.30,3,4301.40,5,4301.50,15,4301.60,15,4301.70,15,4301.80,16,4301.90,15,4302.00,14,Buy,27,58,85,-31.00,0.00,-33.00,1.60,68.7,4300.30,4301.40,4299.80,4301.40,21,76,97,-55.00,1.00,-55.00,1.70,64.7,-51,90,0.0000,0.0645,-274.00,-199.00,4333.02,-3.7503,DOWN,105.85,0.9164,1.8761
20260916 205444 631,4301.40,1,4301.40,4301.50,0.10,4300.70,3,4300.60,4,4300.50,5,4300.40,7,4300.30,5,4300.20,14,4300.10,13,4300.00,13,4299.90,13,4299.80,15,4301.10,5,4301.20,5,4301.30,3,4301.40,5,4301.50,15,4301.60,15,4301.70,15,4301.80,16,4301.90,15,4302.00,14,Buy,28,58,86,-30.00,0.00,-33.00,1.60,68.7,4300.30,4301.40,4299.80,4301.40,21,76,97,-55.00,1.00,-55.00,1.70,64.7,-51,90,0.0000,0.1000,-273.00,-198.00,4333.02,-3.7503,DOWN,105.85,0.9164,1.8761
20260916 205444 632,4301.40,1,4301.40,4301.50,0.10,4300.70,3,4300.60,4,4300.50,5,4300.40,7,4300.30,5,4300.20,14,4300.10,13,4300.00,13,4299.90,13,4299.80,15,4301.10,5,4301.20,5,4301.30,3,4301.40,5,4301.50,15,4301.60,15,4301.70,15,4301.80,16,4301.90,15,4302.00,14,Sell,28,59,87,-31.00,0.00,-33.00,1.60,68.7,4300.30,4301.40,4299.80,4301.40,21,76,97,-55.00,1.00,-55.00,1.70,64.7,-51,90,0.0000,0.0645,-274.00,-199.00,4333.02,-3.7503,DOWN,105.85,0.9164,1.8761
20260916 205445 189,4301.60,1,4301.40,4301.70,0.30,4301.40,2,4301.30,3,4301.20,4,4301.10,4,4301.00,5,4300.90,5,4300.80,11,4300.70,11,4300.60,8,4300.50,11,4301.70,4,4301.80,4,4301.90,5,4302.00,5,4302.10,4,4302.20,5,4302.30,4,4302.40,13,4302.50,15,4302.60,14,Buy,29,59,88,-30.00,0.00,-33.00,1.80,72.2,4300.30,4301.60,4299.80,4301.60,21,76,97,-55.00,1.00,-55.00,1.70,64.7,-51,90,0.0000,0.1000,-273.00,-198.00,4333.04,-3.7440,DOWN,105.85,0.9164,1.8904
20260916 205445 234,4301.50,1,4301.40,4301.70,0.30,4301.40,2,4301.30,3,4301.20,4,4301.10,4,4301.00,5,4300.90,5,4300.80,11,4300.70,11,4300.60,8,4300.50,11,4301.70,4,4301.80,4,4301.90,5,4302.00,5,4302.10,4,4302.20,5,4302.30,4,4302.40,13,4302.50,15,4302.60,14,Sell,29,60,89,-31.00,0.00,-33.00,1.80,66.7,4300.30,4301.60,4299.80,4301.50,21,76,97,-55.00,1.00,-55.00,1.70,64.7,-51,90,0.0000,0.0645,-274.00,-199.00,4333.03,-3.7472,DOWN,105.85,0.9164,1.8904
20260916 205449 033,4301.70,1,4301.40,4301.70,0.30,4301.40,3,4301.30,3,4301.20,4,4301.10,4,4301.00,5,4300.90,5,4300.80,11,4300.70,11,4300.60,8,4300.50,11,4301.70,3,4301.80,5,4301.90,5,4302.00,5,4302.10,4,4302.20,5,4302.30,4,4302.40,13,4302.50,15,4302.60,14,Buy,30,60,90,-30.00,0.00,-33.00,1.90,73.7,4300.30,4301.70,4299.80,4301.70,21,76,97,-55.00,1.00,-55.00,1.70,64.7,-51,90,0.0000,0.1000,-273.00,-198.00,4333.05,-3.7408,DOWN,105.85,0.9164,1.8975
20260916 205449 036,4301.40,1,4301.40,4301.70,0.30,4301.40,3,4301.30,3,4301.20,4,4301.10,4,4301.00,5,4300.90,5,4300.80,11,4300.70,11,4300.60,8,4300.50,11,4301.70,3,4301.80,5,4301.90,5,4302.00,5,4302.10,4,4302.20,5,4302.30,4,4302.40,13,4302.50,15,4302.60,14,Sell,30,61,91,-31.00,0.00,-33.00,1.90,57.9,4300.30,4301.70,4299.80,4301.40,21,76,97,-55.00,1.00,-55.00,1.70,64.7,-51,90,0.0000,0.0645,-274.00,-199.00,4333.02,-3.7503,DOWN,105.85,0.9164,1.8975
20260916 205451 148,4301.70,1,4301.50,4301.80,0.30,4301.50,3,4301.40,4,4301.30,4,4301.20,4,4301.10,4,4301.00,5,4300.90,15,4300.80,16,4300.70,16,4300.60,13,4301.80,3,4301.90,5,4302.00,5,4302.10,4,4302.20,5,4302.30,11,4302.40,13,4302.50,15,4302.60,14,4302.70,14,Buy,31,61,92,-30.00,0.00,-33.00,1.90,73.7,4300.30,4301.70,4299.80,4301.70,21,76,97,-55.00,1.00,-55.00,1.70,64.7,-51,90,0.0000,0.1000,-273.00,-198.00,4333.05,-3.7408,DOWN,105.85,0.9164,1.8975
20260916 205452 122,4301.80,1,4301.50,4301.80,0.30,4301.50,3,4301.40,4,4301.30,4,4301.20,4,4301.10,4,4301.00,5,4300.90,15,4300.80,16,4300.70,16,4300.60,13,4301.80,2,4301.90,5,4302.00,5,4302.10,4,4302.20,5,4302.30,11,4302.40,13,4302.50,15,4302.60,14,4302.70,14,Buy,32,61,93,-29.00,0.00,-33.00,2.00,75.0,4300.30,4301.80,4299.80,4301.80,21,76,97,-55.00,1.00,-55.00,1.70,64.7,-51,90,0.0000,0.1379,-272.00,-197.00,4333.06,-3.7376,DOWN,105.85,0.9164,1.9047
20260916 205456 879,4301.70,1,4301.70,4301.80,0.10,4301.70,1,4301.60,3,4301.50,3,4301.40,4,4301.30,4,4301.20,3,4301.10,4,4301.00,15,4300.90,15,4300.80,16,4301.90,3,4302.00,4,4302.10,4,4302.20,6,4302.30,4,4302.40,6,4302.50,15,4302.60,14,4302.70,14,4302.80,11,Sell,32,62,94,-30.00,0.00,-33.00,2.00,70.0,4300.30,4301.80,4299.80,4301.70,21,76,97,-55.00,1.00,-55.00,1.70,64.7,-51,90,0.0000,0.1000,-273.00,-198.00,4333.05,-3.7408,DOWN,105.85,0.9164,1.9047
20260916 205459 629,4301.50,1,4301.40,4301.60,0.20,4301.40,2,4301.30,3,4301.20,3,4301.10,4,4301.00,15,4300.90,15,4300.80,17,4300.70,16,4300.60,13,4300.50,16,4301.60,1,4301.70,3,4301.80,6,4301.90,4,4302.00,5,4302.10,4,4302.20,6,4302.30,4,4302.40,13,4302.50,15,Sell,32,63,95,-31.00,0.00,-33.00,2.00,60.0,4300.30,4301.80,4299.80,4301.50,21,76,97,-55.00,1.00,-55.00,1.70,64.7,-51,90,0.0000,0.0645,-274.00,-199.00,4333.03,-3.7472,DOWN,105.85,0.9164,1.9047
20260916 205500 117,4301.50,1,4301.40,4301.70,0.30,4301.40,3,4301.30,4,4301.20,3,4301.10,4,4301.00,5,4300.90,5,4300.80,17,4300.70,16,4300.60,13,4300.50,16,4301.70,1,4301.80,4,4301.90,4,4302.00,5,4302.10,4,4302.20,6,4302.30,4,4302.40,13,4302.50,15,4302.60,14,Sell,0,1,1,-1.00,-1.00,-1.00,0.00,0.0,4301.50,4301.50,4301.50,4301.50,32,63,95,-31.00,0.00,-33.00,2.00,60.0,-6,84,0.0645,0.0000,-213.00,-241.00,4333.03,-3.7472,DOWN,104.65,0.9078,1.7686
20260916 205500 117,4301.50,1,4301.40,4301.70,0.30,4301.40,3,4301.30,4,4301.20,3,4301.10,4,4301.00,5,4300.90,5,4300.80,17,4300.70,16,4300.60,13,4300.50,16,4301.70,1,4301.80,4,4301.90,4,4302.00,5,4302.10,4,4302.20,6,4302.30,4,4302.40,13,4302.50,15,4302.60,14,Sell,0,2,2,-2.00,-1.00,-2.00,0.00,0.0,4301.50,4301.50,4301.50,4301.50,32,63,95,-31.00,0.00,-33.00,2.00,60.0,-6,84,0.0645,0.0000,-214.00,-242.00,4333.03,-3.7472,DOWN,104.65,0.9078,1.7686
20260916 205500 324,4301.30,1,4301.30,4301.50,0.20,4301.30,2,4301.20,3,4301.10,4,4301.00,5,4300.90,5,4300.80,17,4300.70,16,4300.60,13,4300.50,16,4300.40,17,4301.50,2,4301.70,2,4301.80,5,4301.90,4,4302.00,5,4302.10,4,4302.20,6,4302.30,4,4302.40,13,4302.50,15,Sell,0,3,3,-3.00,-1.00,-3.00,0.20,100.0,4301.50,4301.50,4301.30,4301.30,32,63,95,-31.00,0.00,-33.00,2.00,60.0,-6,84,0.0645,0.0000,-215.00,-243.00,4333.01,-3.7535,DOWN,104.65,0.9078,1.7829
20260916 205500 619,4301.50,1,4301.40,4301.50,0.10,4301.40,1,4301.30,4,4301.20,4,4301.10,4,4301.00,5,4300.90,5,4300.80,17,4300.70,16,4300.60,13,4300.50,16,4301.50,1,4301.70,2,4301.80,5,4301.90,4,4302.00,5,4302.10,4,4302.20,6,4302.30,4,4302.40,13,4302.50,15,Buy,1,3,4,-2.00,-1.00,-3.00,0.20,0.0,4301.50,4301.50,4301.30,4301.50,32,63,95,-31.00,0.00,-33.00,2.00,60.0,-6,84,0.0645,0.5000,-214.00,-242.00,4333.03,-3.7472,DOWN,104.65,0.9078,1.7829
20260916 205500 752,4301.50,1,4301.50,4301.80,0.30,4301.50,2,4301.40,6,4301.30,3,4301.20,4,4301.10,4,4301.00,5,4300.90,15,4300.80,17,4300.70,16,4300.60,13,4301.80,4,4301.90,4,4302.00,5,4302.10,4,4302.20,6,4302.30,4,4302.40,13,4302.50,15,4302.60,14,4302.70,14,Buy,2,3,5,-1.00,-1.00,-3.00,0.20,0.0,4301.50,4301.50,4301.30,4301.50,32,63,95,-31.00,0.00,-33.00,2.00,60.0,-6,84,0.0645,2.0000,-213.00,-241.00,4333.03,-3.7472,DOWN,104.65,0.9078,1.7829
20260916 205500 921,4301.90,1,4301.60,4301.90,0.30,4301.60,3,4301.50,3,4301.40,6,4301.30,3,4301.20,4,4301.10,4,4301.00,15,4300.90,15,4300.80,17,4300.70,16,4301.90,3,4302.00,5,4302.10,4,4302.20,6,4302.30,4,4302.40,13,4302.50,15,4302.60,14,4302.70,14,4302.80,11,Buy,3,3,6,0.00,0.00,-3.00,0.60,66.7,4301.50,4301.90,4301.30,4301.90,32,63,95,-31.00,0.00,-33.00,2.00,60.0,-6,84,0.0645,0.0000,-212.00,-240.00,4333.07,-3.7345,DOWN,104.65,0.9078,1.8115
20260916 205500 921,4301.90,1,4301.60,4301.90,0.30,4301.60,3,4301.50,3,4301.40,6,4301.30,3,4301.20,4,4301.10,4,4301.00,15,4300.90,15,4300.80,17,4300.70,16,4301.90,3,4302.00,5,4302.10,4,4302.20,6,4302.30,4,4302.40,13,4302.50,15,4302.60,14,4302.70,14,4302.80,11,Buy,4,3,7,1.00,1.00,-3.00,0.60,66.7,4301.50,4301.90,4301.30,4301.90,32,63,95,-31.00,0.00,-33.00,2.00,60.0,-6,84,0.0645,0.0000,-211.00,-239.00,4333.07,-3.7345,DOWN,104.65,0.9078,1.8115
20260916 205500 921,4301.90,1,4301.60,4301.90,0.30,4301.60,3,4301.50,3,4301.40,6,4301.30,3,4301.20,4,4301.10,4,4301.00,15,4300.90,15,4300.80,17,4300.70,16,4301.90,3,4302.00,5,4302.10,4,4302.20,6,4302.30,4,4302.40,13,4302.50,15,4302.60,14,4302.70,14,4302.80,11,Buy,5,3,8,2.00,2.00,-3.00,0.60,66.7,4301.50,4301.90,4301.30,4301.90,32,63,95,-31.00,0.00,-33.00,2.00,60.0,-6,84,0.0645,0.0000,-210.00,-238.00,4333.07,-3.7345,DOWN,104.65,0.9078,1.8115
20260916 205501 424,4301.60,1,4301.60,4301.90,0.30,4301.60,2,4301.50,3,4301.40,6,4301.30,3,4301.20,4,4301.10,4,4301.00,15,4300.90,15,4300.80,17,4300.70,16,4301.90,3,4302.00,4,4302.10,4,4302.20,6,4302.30,4,4302.40,6,4302.50,15,4302.60,14,4302.70,14,4302.80,11,Sell,5,4,9,1.00,2.00,-3.00,0.60,16.7,4301.50,4301.90,4301.30,4301.60,32,63,95,-31.00,0.00,-33.00,2.00,60.0,-6,84,0.0645,1.0000,-211.00,-239.00,4333.04,-3.7440,DOWN,104.65,0.9078,1.8115
20260916 205504 447,4301.60,1,4301.50,4301.80,0.30,4301.50,3,4301.40,6,4301.30,3,4301.20,4,4301.10,4,4301.00,15,4300.90,15,4300.80,17,4300.70,16,4300.60,13,4301.80,2,4301.90,1,4302.00,4,4302.10,4,4302.20,6,4302.30,4,4302.40,6,4302.50,15,4302.60,14,4302.70,14,Sell,5,5,10,0.00,2.00,-3.00,0.60,16.7,4301.50,4301.90,4301.30,4301.60,32,63,95,-31.00,0.00,-33.00,2.00,60.0,-6,84,0.0645,2.0000,-212.00,-240.00,4333.04,-3.7440,DOWN,104.65,0.9078,1.8115
20260916 205505 036,4301.80,1,4301.70,4301.90,0.20,4301.70,2,4301.60,4,4301.50,4,4301.40,5,4301.30,3,4301.20,4,4301.10,14,4301.00,15,4300.90,15,4300.80,17,4301.90,2,4302.00,2,4302.10,4,4302.20,6,4302.30,4,4302.40,6,4302.50,15,4302.60,14,4302.70,14,4302.80,11,Buy,6,5,11,1.00,2.00,-3.00,0.60,50.0,4301.50,4301.90,4301.30,4301.80,32,63,95,-31.00,0.00,-33.00,2.00,60.0,-6,84,0.0645,1.0000,-211.00,-239.00,4333.06,-3.7376,DOWN,104.65,0.9078,1.8115
20260916 205505 199,4301.70,1,4301.70,4301.90,0.20,4301.60,4,4301.50,4,4301.40,5,4301.30,3,4301.20,4,4301.10,14,4301.00,15,4300.90,15,4300.80,17,4300.70,16,4301.90,2,4302.00,2,4302.10,5,4302.20,6,4302.30,4,4302.40,6,4302.50,15,4302.60,14,4302.70,14,4302.80,11,Sell,6,6,12,0.00,2.00,-3.00,0.60,33.3,4301.50,4301.90,4301.30,4301.70,32,63,95,-31.00,0.00,-33.00,2.00,60.0,-6,84,0.0645,2.0000,-212.00,-240.00,4333.05,-3.7408,DOWN,104.65,0.9078,1.8115
20260916 205505 406,4301.60,1,4301.60,4301.80,0.20,4301.60,2,4301.50,4,4301.40,5,4301.30,3,4301.20,4,4301.10,14,4301.00,15,4300.90,15,4300.80,17,4300.70,16,4301.90,2,4302.00,2,4302.10,5,4302.20,6,4302.30,4,4302.40,6,4302.50,15,4302.60,14,4302.70,14,4302.80,11,Sell,6,7,13,-1.00,2.00,-3.00,0.60,16.7,4301.50,4301.90,4301.30,4301.60,32,63,95,-31.00,0.00,-33.00,2.00,60.0,-6,84,0.0645,2.0000,-213.00,-241.00,4333.04,-3.7440,DOWN,104.65,0.9078,1.8115
20260916 205505 406,4301.60,1,4301.60,4301.80,0.20,4301.60,2,4301.50,4,4301.40,5,4301.30,3,4301.20,4,4301.10,14,4301.00,15,4300.90,15,4300.80,17,4300.70,16,4301.90,2,4302.00,2,4302.10,5,4302.20,6,4302.30,4,4302.40,6,4302.50,15,4302.60,14,4302.70,14,4302.80,11,Sell,6,8,14,-2.00,2.00,-3.00,0.60,16.7,4301.50,4301.90,4301.30,4301.60,32,63,95,-31.00,0.00,-33.00,2.00,60.0,-6,84,0.0645,0.5000,-214.00,-242.00,4333.04,-3.7440,DOWN,104.65,0.9078,1.8115
20260916 205505 408,4301.80,1,4301.60,4301.80,0.20,4301.60,2,4301.50,4,4301.40,5,4301.30,3,4301.20,4,4301.10,14,4301.00,15,4300.90,15,4300.80,17,4300.70,16,4301.90,2,4302.00,2,4302.10,5,4302.20,6,4302.30,4,4302.40,6,4302.50,15,4302.60,14,4302.70,14,4302.80,11,Buy,7,8,15,-1.00,2.00,-3.00,0.60,50.0,4301.50,4301.90,4301.30,4301.80,32,63,95,-31.00,0.00,-33.00,2.00,60.0,-6,84,0.0645,2.0000,-213.00,-241.00,4333.06,-3.7376,DOWN,104.65,0.9078,1.8115
20260916 205505 602,4302.10,1,4302.00,4302.30,0.30,4302.00,2,4301.90,4,4301.80,7,4301.70,6,4301.60,4,4301.50,14,4301.40,15,4301.30,13,4301.20,14,4301.10,14,4302.30,2,4302.40,4,4302.50,8,4302.60,6,4302.70,7,4302.80,4,4302.90,4,4303.00,11,4303.10,13,4303.20,12,Sell,7,9,16,-2.00,2.00,-3.00,0.80,75.0,4301.50,4302.10,4301.30,4302.10,32,63,95,-31.00,0.00,-33.00,2.00,60.0,-6,84,0.0645,0.5000,-214.00,-242.00,4333.09,-3.7281,DOWN,104.65,0.9078,1.8258
20260916 205505 602,4302.10,1,4302.00,4302.30,0.30,4302.00,2,4301.90,4,4301.80,7,4301.70,6,4301.60,4,4301.50,14,4301.40,15,4301.30,13,4301.20,14,4301.10,14,4302.30,2,4302.40,4,4302.50,8,4302.60,6,4302.70,7,4302.80,4,4302.90,4,4303.00,11,4303.10,13,4303.20,12,Sell,7,10,17,-3.00,2.00,-3.00,0.80,75.0,4301.50,4302.10,4301.30,4302.10,32,63,95,-31.00,0.00,-33.00,2.00,60.0,-6,84,0.0645,0.0000,-215.00,-243.00,4333.09,-3.7281,DOWN,104.65,0.9078,1.8258
20260916 205506 052,4302.00,1,4301.90,4302.30,0.40,4301.90,5,4301.80,7,4301.70,6,4301.60,4,4301.50,14,4301.40,15,4301.30,13,4301.20,14,4301.10,14,4301.00,15,4302.30,3,4302.40,4,4302.50,8,4302.60,7,4302.70,7,4302.80,4,4302.90,4,4303.00,11,4303.10,13,4303.20,12,Sell,7,11,18,-4.00,2.00,-4.00,0.80,62.5,4301.50,4302.10,4301.30,4302.00,32,63,95,-31.00,0.00,-33.00,2.00,60.0,-6,84,0.0645,0.0000,-216.00,-244.00,4333.08,-3.7313,DOWN,104.65,0.9078,1.8258
20260916 205506 052,4302.00,1,4301.90,4302.30,0.40,4301.90,5,4301.80,7,4301.70,6,4301.60,4,4301.50,14,4301.40,15,4301.30,13,4301.20,14,4301.10,14,4301.00,15,4302.30,3,4302.40,4,4302.50,8,4302.60,7,4302.70,7,4302.80,4,4302.90,4,4303.00,11,4303.10,13,4303.20,12,Sell,7,12,19,-5.00,2.00,-5.00,0.80,62.5,4301.50,4302.10,4301.30,4302.00,32,63,95,-31.00,0.00,-33.00,2.00,60.0,-6,84,0.0645,0.0000,-217.00,-245.00,4333.08,-3.7313,DOWN,104.65,0.9078,1.8258
20260916 205506 766,4302.10,1,4302.10,4302.40,0.30,4302.10,2,4302.00,3,4301.90,5,4301.80,7,4301.70,6,4301.60,4,4301.50,9,4301.40,10,4301.30,8,4301.20,9,4302.40,4,4302.50,8,4302.60,7,4302.70,8,4302.80,4,4302.90,4,4303.00,11,4303.10,13,4303.20,12,4303.30,11,Sell,7,13,20,-6.00,2.00,-6.00,0.80,75.0,4301.50,4302.10,4301.30,4302.10,32,63,95,-31.00,0.00,-33.00,2.00,60.0,-6,84,0.0645,0.0000,-218.00,-246.00,4333.09,-3.7281,DOWN,104.65,0.9078,1.8258
20260916 205507 443,4302.20,1,4302.10,4302.20,0.10,4302.10,2,4302.00,3,4301.90,5,4301.80,7,4301.70,6,4301.60,4,4301.50,9,4301.40,10,4301.30,8,4301.20,9,4302.20,1,4302.40,4,4302.50,8,4302.60,7,4302.70,8,4302.80,4,4302.90,4,4303.00,11,4303.10,13,4303.20,12,Buy,8,13,21,-5.00,2.00,-6.00,0.90,77.8,4301.50,4302.20,4301.30,4302.20,32,63,95,-31.00,0.00,-33.00,2.00,60.0,-6,84,0.0645,0.2000,-217.00,-245.00,4333.10,-3.7249,DOWN,104.65,0.9078,1.8329
20260916 205510 481,4302.40,1,4302.20,4302.50,0.30,4302.20,1,4302.10,3,4302.00,3,4301.90,4,4301.80,7,4301.70,6,4301.60,4,4301.50,9,4301.40,11,4301.30,8,4302.50,7,4302.60,7,4302.70,8,4302.80,5,4302.90,13,4303.00,13,4303.10,15,4303.20,12,4303.30,11,4303.40,14,Buy,9,13,22,-4.00,2.00,-6.00,1.10,81.8,4301.50,4302.40,4301.30,4302.40,32,63,95,-31.00,0.00,-33.00,2.00,60.0,-6,84,0.0645,0.5000,-216.00,-244.00,4333.12,-3.7186,DOWN,104.65,0.9078,1.8472
20260916 205511 565,4302.40,1,4302.10,4302.40,0.30,4302.10,3,4302.00,3,4301.90,4,4301.80,7,4301.70,6,4301.60,9,4301.50,9,4301.40,11,4301.30,8,4301.20,9,4302.40,3,4302.50,7,4302.60,4,4302.70,6,4302.80,5,4302.90,4,4303.00,4,4303.10,15,4303.20,12,4303.30,11,Buy,10,13,23,-3.00,2.00,-6.00,1.10,81.8,4301.50,4302.40,4301.30,4302.40,32,63,95,-31.00,0.00,-33.00,2.00,60.0,-6,84,0.0645,1.0000,-215.00,-243.00,4333.12,-3.7186,DOWN,104.65,0.9078,1.8472
20260916 205517 006,4302.30,1,4302.00,4302.20,0.20,4302.00,2,4301.90,3,4301.80,6,4301.70,6,4301.60,4,4301.50,9,4301.40,11,4301.30,8,4301.20,9,4301.10,10,4302.20,2,4302.30,3,4302.40,4,4302.50,8,4302.60,5,4302.70,6,4302.80,5,4302.90,9,4303.00,9,4303.10,11,Buy,11,13,24,-2.00,2.00,-6.00,1.10,72.7,4301.50,4302.40,4301.30,4302.30,32,63,95,-31.00,0.00,-33.00,2.00,60.0,-6,84,0.0645,2.0000,-214.00,-242.00,4333.11,-3.7218,DOWN,104.65,0.9078,1.8472
20260916 205517 006,4302.30,1,4302.00,4302.20,0.20,4302.00,2,4301.90,3,4301.80,6,4301.70,6,4301.60,4,4301.50,9,4301.40,11,4301.30,8,4301.20,9,4301.10,10,4302.20,2,4302.30,3,4302.40,4,4302.50,8,4302.60,5,4302.70,6,4302.80,5,4302.90,9,4303.00,9,4303.10,11,Buy,12,13,25,-1.00,2.00,-6.00,1.10,72.7,4301.50,4302.40,4301.30,4302.30,32,63,95,-31.00,0.00,-33.00,2.00,60.0,-6,84,0.0645,5.0000,-213.00,-241.00,4333.11,-3.7218,DOWN,104.65,0.9078,1.8472
20260916 205517 006,4302.40,1,4302.00,4302.20,0.20,4302.00,2,4301.90,3,4301.80,6,4301.70,6,4301.60,4,4301.50,9,4301.40,11,4301.30,8,4301.20,9,4301.10,10,4302.20,2,4302.30,3,4302.40,4,4302.50,8,4302.60,5,4302.70,6,4302.80,5,4302.90,9,4303.00,9,4303.10,11,Buy,13,13,26,0.00,2.00,-6.00,1.10,81.8,4301.50,4302.40,4301.30,4302.40,32,63,95,-31.00,0.00,-33.00,2.00,60.0,-6,84,0.0645,2.0000,-212.00,-240.00,4333.12,-3.7186,DOWN,104.65,0.9078,1.8472
20260916 205518 412,4302.20,1,4302.10,4302.40,0.30,4302.10,4,4302.00,4,4301.90,3,4301.80,6,4301.70,6,4301.60,4,4301.50,9,4301.40,11,4301.30,8,4301.20,9,4302.40,2,4302.50,7,4302.60,5,4302.70,6,4302.80,5,4302.90,4,4303.00,13,4303.10,15,4303.20,14,4303.30,13,Buy,14,13,27,1.00,2.00,-6.00,1.10,63.6,4301.50,4302.40,4301.30,4302.20,32,63,95,-31.00,0.00,-33.00,2.00,60.0,-6,84,0.0645,1.0000,-211.00,-239.00,4333.10,-3.7249,DOWN,104.65,0.9078,1.8472
20260916 205520 177,4302.50,1,4302.30,4302.50,0.20,4302.30,2,4302.20,3,4302.10,3,4302.00,4,4301.90,3,4301.80,6,4301.70,6,4301.60,9,4301.50,9,4301.40,11,4302.50,3,4302.60,2,4302.70,6,4302.80,5,4302.90,4,4303.00,4,4303.10,15,4303.20,14,4303.30,13,4303.40,16,Buy,15,13,28,2.00,2.00,-6.00,1.20,83.3,4301.50,4302.50,4301.30,4302.50,32,63,95,-31.00,0.00,-33.00,2.00,60.0,-6,84,0.0645,0.0000,-210.00,-238.00,4333.12,-3.7154,DOWN,104.65,0.9078,1.8543
20260916 205520 177,4302.50,1,4302.30,4302.50,0.20,4302.30,2,4302.20,3,4302.10,3,4302.00,4,4301.90,3,4301.80,6,4301.70,6,4301.60,9,4301.50,9,4301.40,11,4302.50,3,4302.60,2,4302.70,6,4302.80,5,4302.90,4,4303.00,4,4303.10,15,4303.20,14,4303.30,13,4303.40,16,Buy,16,13,29,3.00,3.00,-6.00,1.20,83.3,4301.50,4302.50,4301.30,4302.50,32,63,95,-31.00,0.00,-33.00,2.00,60.0,-6,84,0.0645,0.0000,-209.00,-237.00,4333.12,-3.7154,DOWN,104.65,0.9078,1.8543
20260916 205524 177,4302.50,1,4302.40,4302.50,0.10,4302.30,2,4302.20,2,4302.10,3,4302.00,4,4301.90,3,4301.80,6,4301.70,11,4301.60,9,4301.50,9,4301.40,11,4302.50,4,4302.60,2,4302.70,6,4302.80,4,4302.90,5,4303.00,5,4303.10,6,4303.20,14,4303.30,13,4303.40,16,Buy,17,13,30,4.00,4.00,-6.00,1.20,83.3,4301.50,4302.50,4301.30,4302.50,32,63,95,-31.00,0.00,-33.00,2.00,60.0,-6,84,0.0645,0.0000,-208.00,-236.00,4333.12,-3.7154,DOWN,104.65,0.9078,1.8543
20260916 205526 821,4302.20,1,4302.10,4302.40,0.30,4302.10,3,4302.00,4,4301.90,3,4301.80,6,4301.70,6,4301.60,9,4301.50,9,4301.40,10,4301.30,8,4301.20,9,4302.40,1,4302.50,8,4302.60,4,4302.70,5,4302.80,3,4302.90,5,4303.00,6,4303.10,6,4303.20,14,4303.30,13,Sell,17,14,31,3.00,4.00,-6.00,1.20,58.3,4301.50,4302.50,4301.30,4302.20,32,63,95,-31.00,0.00,-33.00,2.00,60.0,-6,84,0.0645,0.3333,-209.00,-237.00,4333.10,-3.7249,DOWN,104.65,0.9078,1.8543
20260916 205526 821,4302.20,1,4302.10,4302.40,0.30,4302.10,3,4302.00,4,4301.90,3,4301.80,6,4301.70,6,4301.60,9,4301.50,9,4301.40,10,4301.30,8,4301.20,9,4302.40,1,4302.50,8,4302.60,4,4302.70,5,4302.80,3,4302.90,5,4303.00,6,4303.10,6,4303.20,14,4303.30,13,Sell,17,15,32,2.00,4.00,-6.00,1.20,58.3,4301.50,4302.50,4301.30,4302.20,32,63,95,-31.00,0.00,-33.00,2.00,60.0,-6,84,0.0645,1.0000,-210.00,-238.00,4333.10,-3.7249,DOWN,104.65,0.9078,1.8543
20260916 205531 693,4302.10,1,4302.00,4302.30,0.30,4302.00,3,4301.90,3,4301.80,6,4301.70,6,4301.60,9,4301.50,9,4301.40,10,4301.30,8,4301.20,9,4301.10,10,4302.30,3,4302.40,4,4302.50,8,4302.60,4,4302.70,5,4302.80,3,4302.90,5,4303.00,6,4303.10,15,4303.20,14,Sell,17,16,33,1.00,4.00,-6.00,1.20,50.0,4301.50,4302.50,4301.30,4302.10,32,63,95,-31.00,0.00,-33.00,2.00,60.0,-6,84,0.0645,3.0000,-211.00,-239.00,4333.09,-3.7281,DOWN,104.65,0.9078,1.8543
20260916 205534 165,4301.90,1,4301.90,4302.20,0.30,4301.90,3,4301.80,5,4301.70,6,4301.60,4,4301.50,4,4301.40,10,4301.30,8,4301.20,9,4301.10,10,4301.00,11,4302.20,4,4302.30,4,4302.40,4,4302.50,8,4302.60,4,4302.70,5,4302.80,3,4302.90,5,4303.00,15,4303.10,15,Sell,17,17,34,0.00,4.00,-6.00,1.20,33.3,4301.50,4302.50,4301.30,4301.90,32,63,95,-31.00,0.00,-33.00,2.00,60.0,-6,84,0.0645,4.0000,-212.00,-240.00,4333.07,-3.7345,DOWN,104.65,0.9078,1.8543
20260916 205536 072,4302.10,1,4302.00,4302.20,0.20,4302.00,1,4301.90,4,4301.80,5,4301.70,6,4301.60,4,4301.50,4,4301.40,10,4301.30,8,4301.20,9,4301.10,10,4302.20,2,4302.30,5,4302.40,4,4302.50,8,4302.60,4,4302.70,5,4302.80,3,4302.90,5,4303.00,15,4303.10,15,Sell,17,18,35,-1.00,4.00,-6.00,1.20,50.0,4301.50,4302.50,4301.30,4302.10,32,63,95,-31.00,0.00,-33.00,2.00,60.0,-6,84,0.0645,5.0000,-213.00,-241.00,4333.09,-3.7281,DOWN,104.65,0.9078,1.8543
20260916 205536 072,4302.10,1,4302.00,4302.20,0.20,4302.00,1,4301.90,4,4301.80,5,4301.70,6,4301.60,4,4301.50,4,4301.40,10,4301.30,8,4301.20,9,4301.10,10,4302.20,2,4302.30,5,4302.40,4,4302.50,8,4302.60,4,4302.70,5,4302.80,3,4302.90,5,4303.00,15,4303.10,15,Sell,17,19,36,-2.00,4.00,-6.00,1.20,50.0,4301.50,4302.50,4301.30,4302.10,32,63,95,-31.00,0.00,-33.00,2.00,60.0,-6,84,0.0645,2.0000,-214.00,-242.00,4333.09,-3.7281,DOWN,104.65,0.9078,1.8543
20260916 205539 013,4302.10,1,4302.00,4302.30,0.30,4302.00,2,4301.90,3,4301.80,5,4301.70,6,4301.60,4,4301.50,9,4301.40,10,4301.30,8,4301.20,9,4301.10,10,4302.30,3,4302.40,4,4302.50,8,4302.60,4,4302.70,5,4302.80,3,4302.90,5,4303.00,15,4303.10,15,4303.20,14,Sell,17,20,37,-3.00,4.00,-6.00,1.20,50.0,4301.50,4302.50,4301.30,4302.10,32,63,95,-31.00,0.00,-33.00,2.00,60.0,-6,84,0.0645,1.0000,-215.00,-243.00,4333.09,-3.7281,DOWN,104.65,0.9078,1.8543
20260916 205541 096,4301.80,1,4301.60,4301.80,0.20,4301.60,1,4301.50,3,4301.40,4,4301.30,3,4301.20,4,4301.10,10,4301.00,11,4300.90,11,4300.80,13,4300.70,12,4301.80,3,4301.90,2,4302.00,4,4302.10,3,4302.20,3,4302.30,3,4302.40,4,4302.50,12,4302.60,9,4302.70,10,Sell,17,21,38,-4.00,4.00,-6.00,1.20,25.0,4301.50,4302.50,4301.30,4301.80,32,63,95,-31.00,0.00,-33.00,2.00,60.0,-6,84,0.0645,0.5000,-216.00,-244.00,4333.06,-3.7376,DOWN,104.65,0.9078,1.8543
20260916 205541 096,4301.80,1,4301.60,4301.80,0.20,4301.60,1,4301.50,3,4301.40,4,4301.30,3,4301.20,4,4301.10,10,4301.00,11,4300.90,11,4300.80,13,4300.70,12,4301.80,3,4301.90,2,4302.00,4,4302.10,3,4302.20,3,4302.30,3,4302.40,4,4302.50,12,4302.60,9,4302.70,10,Sell,17,22,39,-5.00,4.00,-6.00,1.20,25.0,4301.50,4302.50,4301.30,4301.80,32,63,95,-31.00,0.00,-33.00,2.00,60.0,-6,84,0.0645,0.2000,-217.00,-245.00,4333.06,-3.7376,DOWN,104.65,0.9078,1.8543
20260916 205541 096,4301.80,1,4301.60,4301.80,0.20,4301.60,1,4301.50,3,4301.40,4,4301.30,3,4301.20,4,4301.10,10,4301.00,11,4300.90,11,4300.80,13,4300.70,12,4301.80,3,4301.90,2,4302.00,4,4302.10,3,4302.20,3,4302.30,3,4302.40,4,4302.50,12,4302.60,9,4302.70,10,Sell,17,23,40,-6.00,4.00,-6.00,1.20,25.0,4301.50,4302.50,4301.30,4301.80,32,63,95,-31.00,0.00,-33.00,2.00,60.0,-6,84,0.0645,0.0000,-218.00,-246.00,4333.06,-3.7376,DOWN,104.65,0.9078,1.8543
20260916 205541 183,4301.60,1,4301.60,4301.80,0.20,4301.60,1,4301.50,3,4301.40,4,4301.30,3,4301.20,4,4301.10,10,4301.00,11,4300.90,11,4300.80,13,4300.70,12,4301.80,3,4301.90,2,4302.00,4,4302.10,3,4302.20,3,4302.30,3,4302.40,4,4302.50,12,4302.60,9,4302.70,10,Sell,17,24,41,-7.00,4.00,-7.00,1.20,8.3,4301.50,4302.50,4301.30,4301.60,32,63,95,-31.00,0.00,-33.00,2.00,60.0,-6,84,0.0645,0.0000,-219.00,-247.00,4333.04,-3.7440,DOWN,104.65,0.9078,1.8543
20260916 205542 831,4301.60,1,4301.40,4301.70,0.30,4301.40,3,4301.30,3,4301.20,4,4301.10,5,4301.00,11,4300.90,11,4300.80,13,4300.70,12,4300.60,9,4300.50,11,4301.70,3,4301.80,4,4301.90,2,4302.00,4,4302.10,4,4302.20,3,4302.30,3,4302.40,4,4302.50,12,4302.60,9,Sell,17,25,42,-8.00,4.00,-8.00,1.20,8.3,4301.50,4302.50,4301.30,4301.60,32,63,95,-31.00,0.00,-33.00,2.00,60.0,-6,84,0.0645,0.0000,-220.00,-248.00,4333.04,-3.7440,DOWN,104.65,0.9078,1.8543
20260916 205543 448,4301.70,1,4301.60,4301.90,0.30,4301.60,3,4301.50,4,4301.40,5,4301.30,4,4301.20,5,4301.10,15,4301.00,16,4300.90,16,4300.80,18,4300.70,17,4301.90,3,4302.00,4,4302.10,4,4302.20,3,4302.30,3,4302.40,4,4302.50,12,4302.60,9,4302.70,11,4302.80,9,Buy,18,25,43,-7.00,4.00,-8.00,1.20,16.7,4301.50,4302.50,4301.30,4301.70,32,63,95,-31.00,0.00,-33.00,2.00,60.0,-6,84,0.0645,0.1429,-219.00,-247.00,4333.05,-3.7408,DOWN,104.65,0.9078,1.8543
20260916 205544 840,4301.60,1,4301.60,4301.90,0.30,4301.60,2,4301.50,4,4301.40,5,4301.30,4,4301.20,5,4301.10,15,4301.00,16,4300.90,16,4300.80,18,4300.70,17,4301.90,2,4302.00,3,4302.10,4,4302.20,4,4302.30,3,4302.40,4,4302.50,12,4302.60,9,4302.70,11,4302.80,9,Sell,18,26,44,-8.00,4.00,-8.00,1.20,8.3,4301.50,4302.50,4301.30,4301.60,32,63,95,-31.00,0.00,-33.00,2.00,60.0,-6,84,0.0645,0.0000,-220.00,-248.00,4333.04,-3.7440,DOWN,104.65,0.9078,1.8543
20260916 205545 668,4301.70,1,4301.70,4301.90,0.20,4301.60,4,4301.50,3,4301.40,5,4301.30,4,4301.20,5,4301.10,15,4301.00,16,4300.90,16,4300.80,18,4300.70,17,4301.90,3,4302.00,3,4302.10,4,4302.20,4,4302.30,3,4302.40,4,4302.50,12,4302.60,9,4302.70,11,4302.80,9,Sell,18,27,45,-9.00,4.00,-9.00,1.20,16.7,4301.50,4302.50,4301.30,4301.70,32,63,95,-31.00,0.00,-33.00,2.00,60.0,-6,84,0.0645,0.0000,-221.00,-249.00,4333.05,-3.7408,DOWN,104.65,0.9078,1.8543
20260916 205546 113,4301.60,1,4301.60,4301.80,0.20,4301.60,3,4301.50,3,4301.40,5,4301.30,4,4301.20,5,4301.10,15,4301.00,16,4300.90,16,4300.80,18,4300.70,17,4301.80,2,4301.90,3,4302.00,3,4302.10,4,4302.20,4,4302.30,3,4302.40,4,4302.50,12,4302.60,9,4302.70,11,Sell,18,28,46,-10.00,4.00,-10.00,1.20,8.3,4301.50,4302.50,4301.30,4301.60,32,63,95,-31.00,0.00,-33.00,2.00,60.0,-6,84,0.0645,0.0000,-222.00,-250.00,4333.04,-3.7440,DOWN,104.65,0.9078,1.8543
20260916 205546 113,4301.60,1,4301.60,4301.80,0.20,4301.60,3,4301.50,3,4301.40,5,4301.30,4,4301.20,5,4301.10,15,4301.00,16,4300.90,16,4300.80,18,4300.70,17,4301.80,2,4301.90,3,4302.00,3,4302.10,4,4302.20,4,4302.30,3,4302.40,4,4302.50,12,4302.60,9,4302.70,11,Sell,18,29,47,-11.00,4.00,-11.00,1.20,8.3,4301.50,4302.50,4301.30,4301.60,32,63,95,-31.00,0.00,-33.00,2.00,60.0,-6,84,0.0645,0.0000,-223.00,-251.00,4333.04,-3.7440,DOWN,104.65,0.9078,1.8543
20260916 205546 969,4301.50,1,4301.50,4301.60,0.10,4301.40,2,4301.30,3,4301.20,5,4301.10,5,4301.00,16,4300.90,16,4300.80,18,4300.70,17,4300.60,14,4300.50,16,4301.60,2,4301.70,3,4301.80,4,4301.90,3,4302.00,3,4302.10,4,4302.20,4,4302.30,3,4302.40,9,4302.50,12,Sell,18,30,48,-12.00,4.00,-12.00,1.20,0.0,4301.50,4302.50,4301.30,4301.50,32,63,95,-31.00,0.00,-33.00,2.00,60.0,-6,84,0.0645,0.0000,-224.00,-252.00,4333.03,-3.7472,DOWN,104.65,0.9078,1.8543
20260916 205548 597,4301.40,1,4301.40,4301.50,0.10,4301.40,1,4301.30,1,4301.20,4,4301.10,5,4301.00,6,4300.90,16,4300.80,18,4300.70,17,4300.60,14,4300.50,16,4301.50,1,4301.60,3,4301.70,4,4301.80,3,4301.90,4,4302.00,4,4302.10,4,4302.20,4,4302.30,3,4302.40,9,Sell,18,31,49,-13.00,4.00,-13.00,1.20,8.3,4301.50,4302.50,4301.30,4301.40,32,63,95,-31.00,0.00,-33.00,2.00,60.0,-6,84,0.0645,0.0000,-225.00,-253.00,4333.02,-3.7503,DOWN,104.65,0.9078,1.8543
20260916 205548 864,4301.30,1,4301.30,4301.50,0.20,4301.30,3,4301.20,3,4301.10,4,4301.00,5,4300.90,6,4300.80,18,4300.70,17,4300.60,14,4300.50,16,4300.40,17,4301.60,2,4301.70,4,4301.80,3,4301.90,4,4302.00,4,4302.10,4,4302.20,4,4302.30,8,4302.40,9,4302.50,12,Sell,18,32,50,-14.00,4.00,-14.00,1.20,16.7,4301.50,4302.50,4301.30,4301.30,32,63,95,-31.00,0.00,-33.00,2.00,60.0,-6,84,0.0645,0.0000,-226.00,-254.00,4333.01,-3.7535,DOWN,104.65,0.9078,1.8543
20260916 205549 653,4301.20,1,4301.20,4301.50,0.30,4301.20,3,4301.10,3,4301.00,5,4300.90,6,4300.80,18,4300.70,17,4300.60,14,4300.50,16,4300.40,17,4300.30,16,4301.50,3,4301.60,3,4301.70,4,4301.80,3,4301.90,4,4302.00,4,4302.10,4,4302.20,9,4302.30,8,4302.40,9,Sell,18,33,51,-15.00,4.00,-15.00,1.30,23.1,4301.50,4302.50,4301.20,4301.20,32,63,95,-31.00,0.00,-33.00,2.00,60.0,-6,84,0.0645,0.0000,-227.00,-255.00,4333.00,-3.7567,DOWN,104.65,0.9078,1.8615
20260916 205550 142,4301.60,1,4301.40,4301.70,0.30,4301.40,2,4301.30,2,4301.20,3,4301.10,4,4301.00,5,4300.90,6,4300.80,18,4300.70,17,4300.60,14,4300.50,16,4301.70,4,4301.80,3,4301.90,4,4302.00,4,4302.10,4,4302.20,4,4302.30,8,4302.40,9,4302.50,12,4302.60,9,Buy,19,33,52,-14.00,4.00,-15.00,1.30,7.7,4301.50,4302.50,4301.20,4301.60,32,63,95,-31.00,0.00,-33.00,2.00,60.0,-6,84,0.0645,0.0714,-226.00,-254.00,4333.04,-3.7440,DOWN,104.65,0.9078,1.8615
20260916 205600 745,4301.80,1,4301.70,4301.90,0.20,4301.70,4,4301.60,4,4301.50,2,4301.40,3,4301.30,2,4301.20,2,4301.10,14,4301.00,15,4300.90,15,4300.80,18,4301.90,1,4302.10,2,4302.20,4,4302.30,2,4302.40,5,4302.50,7,4302.60,4,4302.70,10,4302.80,8,4302.90,10,Buy,1,0,1,1.00,1.00,1.00,0.00,0.0,4301.80,4301.80,4301.80,4301.80,19,33,52,-14.00,4.00,-15.00,1.30,7.7,-48,60,0.0714,0.0000,-170.00,-249.00,4333.06,-3.7376,DOWN,99.50,0.5226,1.7428
20260916 205600 745,4301.80,1,4301.70,4301.90,0.20,4301.70,4,4301.60,4,4301.50,2,4301.40,3,4301.30,2,4301.20,2,4301.10,14,4301.00,15,4300.90,15,4300.80,18,4301.90,1,4302.10,2,4302.20,4,4302.30,2,4302.40,5,4302.50,7,4302.60,4,4302.70,10,4302.80,8,4302.90,10,Buy,2,0,2,2.00,2.00,1.00,0.00,0.0,4301.80,4301.80,4301.80,4301.80,19,33,52,-14.00,4.00,-15.00,1.30,7.7,-48,60,0.0714,0.0000,-169.00,-248.00,4333.06,-3.7376,DOWN,99.50,0.5226,1.7428
20260916 205600 745,4301.80,1,4301.70,4301.90,0.20,4301.70,4,4301.60,4,4301.50,2,4301.40,3,4301.30,2,4301.20,2,4301.10,14,4301.00,15,4300.90,15,4300.80,18,4301.90,1,4302.10,2,4302.20,4,4302.30,2,4302.40,5,4302.50,7,4302.60,4,4302.70,10,4302.80,8,4302.90,10,Buy,3,0,3,3.00,3.00,1.00,0.00,0.0,4301.80,4301.80,4301.80,4301.80,19,33,52,-14.00,4.00,-15.00,1.30,7.7,-48,60,0.0714,0.0000,-168.00,-247.00,4333.06,-3.7376,DOWN,99.50,0.5226,1.7428
20260916 205600 745,4301.90,1,4301.70,4301.90,0.20,4301.70,4,4301.60,4,4301.50,2,4301.40,3,4301.30,2,4301.20,2,4301.10,14,4301.00,15,4300.90,15,4300.80,18,4301.90,1,4302.10,2,4302.20,4,4302.30,2,4302.40,5,4302.50,7,4302.60,4,4302.70,10,4302.80,8,4302.90,10,Buy,4,0,4,4.00,4.00,1.00,0.10,100.0,4301.80,4301.90,4301.80,4301.90,19,33,52,-14.00,4.00,-15.00,1.30,7.7,-48,60,0.0714,0.0000,-167.00,-246.00,4333.07,-3.7345,DOWN,99.50,0.5226,1.7499
20260916 205600 745,4301.90,1,4301.70,4301.90,0.20,4301.70,4,4301.60,4,4301.50,2,4301.40,3,4301.30,2,4301.20,2,4301.10,14,4301.00,15,4300.90,15,4300.80,18,4301.90,1,4302.10,2,4302.20,4,4302.30,2,4302.40,5,4302.50,7,4302.60,4,4302.70,10,4302.80,8,4302.90,10,Buy,5,0,5,5.00,5.00,1.00,0.10,100.0,4301.80,4301.90,4301.80,4301.90,19,33,52,-14.00,4.00,-15.00,1.30,7.7,-48,60,0.0714,0.0000,-166.00,-245.00,4333.07,-3.7345,DOWN,99.50,0.5226,1.7499
20260916 205601 608,4301.90,1,4301.70,4302.10,0.40,4301.70,5,4301.60,4,4301.50,2,4301.40,3,4301.30,2,4301.20,2,4301.10,14,4301.00,15,4300.90,15,4300.80,18,4302.10,3,4302.20,4,4302.30,2,4302.40,5,4302.50,7,4302.60,4,4302.70,10,4302.80,8,4302.90,10,4303.00,10,Buy,6,0,6,6.00,6.00,1.00,0.10,100.0,4301.80,4301.90,4301.80,4301.90,19,33,52,-14.00,4.00,-15.00,1.30,7.7,-48,60,0.0714,0.0000,-165.00,-244.00,4333.07,-3.7345,DOWN,99.50,0.5226,1.7499
20260916 205603 228,4302.00,1,4301.80,4302.10,0.30,4301.80,2,4301.70,4,4301.60,7,4301.50,2,4301.40,3,4301.30,2,4301.20,12,4301.10,14,4301.00,15,4300.90,15,4302.10,2,4302.20,4,4302.30,3,4302.40,5,4302.50,7,4302.60,4,4302.70,10,4302.80,8,4302.90,10,4303.00,10,Buy,7,0,7,7.00,7.00,1.00,0.20,100.0,4301.80,4302.00,4301.80,4302.00,19,33,52,-14.00,4.00,-15.00,1.30,7.7,-48,60,0.0714,0.0000,-164.00,-243.00,4333.08,-3.7313,DOWN,99.50,0.5226,1.7571
20260916 205603 228,4302.10,1,4301.80,4302.10,0.30,4301.80,2,4301.70,4,4301.60,7,4301.50,2,4301.40,3,4301.30,2,4301.20,12,4301.10,14,4301.00,15,4300.90,15,4302.10,2,4302.20,4,4302.30,3,4302.40,5,4302.50,7,4302.60,4,4302.70,10,4302.80,8,4302.90,10,4303.00,10,Buy,8,0,8,8.00,8.00,1.00,0.30,100.0,4301.80,4302.10,4301.80,4302.10,19,33,52,-14.00,4.00,-15.00,1.30,7.7,-48,60,0.0714,0.0000,-163.00,-242.00,4333.09,-3.7281,DOWN,99.50,0.5226,1.7642
20260916 205607 118,4301.90,1,4301.90,4302.00,0.10,4301.90,2,4301.80,4,4301.70,3,4301.60,7,4301.50,2,4301.40,3,4301.30,8,4301.20,8,4301.10,10,4301.00,11,4302.00,1,4302.10,3,4302.30,3,4302.40,5,4302.50,7,4302.60,4,4302.70,5,4302.80,8,4302.90,10,4303.00,10,Sell,8,1,9,7.00,8.00,1.00,0.30,33.3,4301.80,4302.10,4301.80,4301.90,19,33,52,-14.00,4.00,-15.00,1.30,7.7,-48,60,0.0714,0.1429,-164.00,-243.00,4333.07,-3.7345,DOWN,99.50,0.5226,1.7642
20260916 205607 644,4301.70,1,4301.70,4301.90,0.20,4301.70,2,4301.60,7,4301.50,2,4301.40,3,4301.30,8,4301.20,8,4301.10,10,4301.00,11,4300.90,11,4300.80,14,4301.90,1,4302.00,3,4302.10,3,4302.20,1,4302.30,3,4302.40,5,4302.50,7,4302.60,5,4302.70,5,4302.80,8,Sell,8,2,10,6.00,8.00,1.00,0.40,25.0,4301.80,4302.10,4301.70,4301.70,19,33,52,-14.00,4.00,-15.00,1.30,7.7,-48,60,0.0714,0.3333,-165.00,-244.00,4333.05,-3.7408,DOWN,99.50,0.5226,1.7642
20260916 205609 826,4301.80,1,4301.80,4302.10,0.30,4301.80,3,4301.70,3,4301.60,7,4301.50,2,4301.40,3,4301.30,2,4301.20,8,4301.10,10,4301.00,11,4300.90,11,4302.10,3,4302.20,2,4302.30,3,4302.40,5,4302.50,7,4302.60,5,4302.70,11,4302.80,8,4302.90,10,4303.00,10,Buy,9,2,11,7.00,8.00,1.00,0.40,0.0,4301.80,4302.10,4301.70,4301.80,19,33,52,-14.00,4.00,-15.00,1.30,7.7,-48,60,0.0714,0.1429,-164.00,-243.00,4333.06,-3.7376,DOWN,99.50,0.5226,1.7642
20260916 205609 875,4301.90,1,4301.80,4302.10,0.30,4301.80,3,4301.70,3,4301.60,7,4301.50,2,4301.40,3,4301.30,2,4301.20,8,4301.10,10,4301.00,11,4300.90,11,4302.10,3,4302.20,2,4302.30,3,4302.40,5,4302.50,7,4302.60,5,4302.70,11,4302.80,8,4302.90,10,4303.00,10,Sell,9,3,12,6.00,8.00,1.00,0.40,25.0,4301.80,4302.10,4301.70,4301.90,19,33,52,-14.00,4.00,-15.00,1.30,7.7,-48,60,0.0714,0.3333,-165.00,-244.00,4333.07,-3.7345,DOWN,99.50,0.5226,1.7642
20260916 205610 282,4301.80,1,4301.70,4302.00,0.30,4301.70,2,4301.60,7,4301.50,2,4301.40,3,4301.30,2,4301.20,8,4301.10,10,4301.00,11,4300.90,11,4300.80,14,4302.00,3,4302.10,3,4302.20,2,4302.30,3,4302.40,5,4302.50,7,4302.60,5,4302.70,11,4302.80,8,4302.90,10,Sell,9,4,13,5.00,8.00,1.00,0.40,0.0,4301.80,4302.10,4301.70,4301.80,19,33,52,-14.00,4.00,-15.00,1.30,7.7,-48,60,0.0714,0.6000,-166.00,-245.00,4333.06,-3.7376,DOWN,99.50,0.5226,1.7642
20260916 205612 142,4301.70,1,4301.60,4301.70,0.10,4301.60,3,4301.40,3,4301.30,2,4301.20,2,4301.10,4,4301.00,11,4300.90,11,4300.80,14,4300.70,12,4300.60,10,4301.70,2,4301.80,4,4301.90,3,4302.00,4,4302.10,3,4302.20,3,4302.30,4,4302.40,5,4302.50,14,4302.60,11,Sell,9,5,14,4.00,8.00,1.00,0.40,25.0,4301.80,4302.10,4301.70,4301.70,19,33,52,-14.00,4.00,-15.00,1.30,7.7,-48,60,0.0714,1.0000,-167.00,-246.00,4333.05,-3.7408,DOWN,99.50,0.5226,1.7642
20260916 205612 142,4301.70,1,4301.60,4301.70,0.10,4301.60,3,4301.40,3,4301.30,2,4301.20,2,4301.10,4,4301.00,11,4300.90,11,4300.80,14,4300.70,12,4300.60,10,4301.70,2,4301.80,4,4301.90,3,4302.00,4,4302.10,3,4302.20,3,4302.30,4,4302.40,5,4302.50,14,4302.60,11,Sell,9,6,15,3.00,8.00,1.00,0.40,25.0,4301.80,4302.10,4301.70,4301.70,19,33,52,-14.00,4.00,-15.00,1.30,7.7,-48,60,0.0714,1.6667,-168.00,-247.00,4333.05,-3.7408,DOWN,99.50,0.5226,1.7642
20260916 205612 182,4301.60,1,4301.60,4301.70,0.10,4301.60,3,4301.40,3,4301.30,2,4301.20,2,4301.10,4,4301.00,11,4300.90,11,4300.80,14,4300.70,12,4300.60,10,4301.70,2,4301.80,4,4301.90,3,4302.00,4,4302.10,3,4302.20,3,4302.30,4,4302.40,5,4302.50,14,4302.60,11,Sell,9,7,16,2.00,8.00,1.00,0.50,40.0,4301.80,4302.10,4301.60,4301.60,19,33,52,-14.00,4.00,-15.00,1.30,7.7,-48,60,0.0714,3.0000,-169.00,-248.00,4333.04,-3.7440,DOWN,99.50,0.5226,1.7642
20260916 205612 204,4301.60,1,4301.40,4301.60,0.20,4301.40,2,4301.30,2,4301.20,2,4301.10,4,4301.00,11,4300.90,11,4300.80,14,4300.70,12,4300.60,10,4300.50,12,4301.60,1,4301.70,4,4301.80,4,4301.90,3,4302.00,4,4302.10,3,4302.20,3,4302.30,4,4302.40,11,4302.50,14,Sell,9,8,17,1.00,8.00,1.00,0.50,40.0,4301.80,4302.10,4301.60,4301.60,19,33,52,-14.00,4.00,-15.00,1.30,7.7,-48,60,0.0714,7.0000,-170.00,-249.00,4333.04,-3.7440,DOWN,99.50,0.5226,1.7642
20260916 205612 205,4301.60,2,4301.40,4301.60,0.20,4301.40,2,4301.30,2,4301.20,2,4301.10,4,4301.00,11,4300.90,11,4300.80,14,4300.70,12,4300.60,10,4300.50,12,4301.60,1,4301.70,4,4301.80,4,4301.90,3,4302.00,4,4302.10,3,4302.20,3,4302.30,4,4302.40,11,4302.50,14,Sell,9,10,19,-1.00,8.00,-1.00,0.50,40.0,4301.80,4302.10,4301.60,4301.60,19,33,52,-14.00,4.00,-15.00,1.30,7.7,-48,60,0.0714,0.0000,-172.00,-251.00,4333.04,-3.7440,DOWN,99.50,0.5226,1.7642
20260916 205614 973,4301.60,1,4301.60,4301.80,0.20,4301.50,5,4301.40,3,4301.30,2,4301.20,2,4301.10,4,4301.00,11,4300.90,11,4300.80,14,4300.70,12,4300.60,10,4301.80,3,4301.90,3,4302.00,4,4302.10,3,4302.20,3,4302.30,4,4302.40,11,4302.50,14,4302.60,11,4302.70,11,Sell,9,11,20,-2.00,8.00,-2.00,0.50,40.0,4301.80,4302.10,4301.60,4301.60,19,33,52,-14.00,4.00,-15.00,1.30,7.7,-48,60,0.0714,0.0000,-173.00,-252.00,4333.04,-3.7440,DOWN,99.50,0.5226,1.7642
20260916 205614 973,4301.60,1,4301.60,4301.80,0.20,4301.50,5,4301.40,3,4301.30,2,4301.20,2,4301.10,4,4301.00,11,4300.90,11,4300.80,14,4300.70,12,4300.60,10,4301.80,3,4301.90,3,4302.00,4,4302.10,3,4302.20,3,4302.30,4,4302.40,11,4302.50,14,4302.60,11,4302.70,11,Sell,9,12,21,-3.00,8.00,-3.00,0.50,40.0,4301.80,4302.10,4301.60,4301.60,19,33,52,-14.00,4.00,-15.00,1.30,7.7,-48,60,0.0714,0.0000,-174.00,-253.00,4333.04,-3.7440,DOWN,99.50,0.5226,1.7642
20260916 205615 300,4301.80,1,4301.50,4301.80,0.30,4301.50,3,4301.40,3,4301.30,2,4301.20,2,4301.10,4,4301.00,11,4300.90,11,4300.80,14,4300.70,12,4300.60,10,4301.80,2,4301.90,3,4302.00,5,4302.10,3,4302.20,3,4302.30,4,4302.40,5,4302.50,14,4302.60,11,4302.70,11,Buy,10,12,22,-2.00,8.00,-3.00,0.50,0.0,4301.80,4302.10,4301.60,4301.80,19,33,52,-14.00,4.00,-15.00,1.30,7.7,-48,60,0.0714,0.5000,-173.00,-252.00,4333.06,-3.7376,DOWN,99.50,0.5226,1.7642
20260916 205615 458,4301.60,3,4301.50,4301.70,0.20,4301.50,1,4301.40,3,4301.30,2,4301.20,2,4301.10,4,4301.00,11,4300.90,11,4300.80,14,4300.70,12,4300.60,10,4301.70,1,4301.80,4,4301.90,3,4302.00,4,4302.10,3,4302.20,3,4302.30,4,4302.40,5,4302.50,14,4302.60,11,Sell,10,15,25,-5.00,8.00,-5.00,0.50,40.0,4301.80,4302.10,4301.60,4301.60,19,33,52,-14.00,4.00,-15.00,1.30,7.7,-48,60,0.0714,0.0000,-176.00,-255.00,4333.04,-3.7440,DOWN,99.50,0.5226,1.7642
20260916 205616 870,4301.70,1,4301.50,4301.80,0.30,4301.50,2,4301.40,3,4301.30,2,4301.20,2,4301.10,4,4301.00,11,4300.90,11,4300.80,14,4300.70,12,4300.60,10,4301.80,4,4301.90,3,4302.00,4,4302.10,4,4302.20,3,4302.30,4,4302.40,5,4302.50,14,4302.60,11,4302.70,11,Buy,11,15,26,-4.00,8.00,-5.00,0.50,20.0,4301.80,4302.10,4301.60,4301.70,19,33,52,-14.00,4.00,-15.00,1.30,7.7,-48,60,0.0714,0.2500,-175.00,-254.00,4333.05,-3.7408,DOWN,99.50,0.5226,1.7642
20260916 205619 311,4301.70,1,4301.40,4301.70,0.30,4301.40,3,4301.30,2,4301.20,2,4301.10,4,4301.00,11,4300.90,11,4300.80,14,4300.70,12,4300.60,10,4300.50,12,4301.70,1,4301.80,4,4301.90,3,4302.00,4,4302.10,4,4302.20,3,4302.30,4,4302.40,5,4302.50,14,4302.60,11,Buy,12,15,27,-3.00,8.00,-5.00,0.50,20.0,4301.80,4302.10,4301.60,4301.70,19,33,52,-14.00,4.00,-15.00,1.30,7.7,-48,60,0.0714,0.6667,-174.00,-253.00,4333.05,-3.7408,DOWN,99.50,0.5226,1.7642
20260916 205628 011,4301.40,1,4301.30,4301.60,0.30,4301.30,3,4301.20,3,4301.10,4,4301.00,5,4300.90,11,4300.80,14,4300.70,12,4300.60,10,4300.50,12,4300.40,13,4301.60,2,4301.70,3,4301.80,5,4301.90,3,4302.00,5,4302.10,5,4302.20,3,4302.30,4,4302.40,11,4302.50,14,Sell,12,16,28,-4.00,8.00,-5.00,0.70,57.1,4301.80,4302.10,4301.40,4301.40,19,33,52,-14.00,4.00,-15.00,1.30,7.7,-48,60,0.0714,0.2500,-175.00,-254.00,4333.02,-3.7503,DOWN,99.50,0.5226,1.7785
20260916 205628 011,4301.40,1,4301.30,4301.60,0.30,4301.30,3,4301.20,3,4301.10,4,4301.00,5,4300.90,11,4300.80,14,4300.70,12,4300.60,10,4300.50,12,4300.40,13,4301.60,2,4301.70,3,4301.80,5,4301.90,3,4302.00,5,4302.10,5,4302.20,3,4302.30,4,4302.40,11,4302.50,14,Sell,12,17,29,-5.00,8.00,-5.00,0.70,57.1,4301.80,4302.10,4301.40,4301.40,19,33,52,-14.00,4.00,-15.00,1.30,7.7,-48,60,0.0714,0.0000,-176.00,-255.00,4333.02,-3.7503,DOWN,99.50,0.5226,1.7785
20260916 205629 198,4301.40,1,4301.40,4301.60,0.20,4301.30,4,4301.20,2,4301.10,5,4301.00,5,4300.90,11,4300.80,14,4300.70,12,4300.60,10,4300.50,12,4300.40,13,4301.70,4,4301.80,5,4301.90,4,4302.00,5,4302.10,5,4302.20,3,4302.30,4,4302.40,11,4302.50,14,4302.60,11,Sell,12,18,30,-6.00,8.00,-6.00,0.70,57.1,4301.80,4302.10,4301.40,4301.40,19,33,52,-14.00,4.00,-15.00,1.30,7.7,-48,60,0.0714,0.0000,-177.00,-256.00,4333.02,-3.7503,DOWN,99.50,0.5226,1.7785
20260916 205631 017,4301.50,1,4301.30,4301.50,0.20,4301.30,1,4301.20,3,4301.10,5,4301.00,5,4300.90,11,4300.80,14,4300.70,12,4300.60,10,4300.50,12,4300.40,13,4301.50,1,4301.60,4,4301.70,5,4301.80,6,4301.90,4,4302.00,5,4302.10,5,4302.20,3,4302.30,10,4302.40,11,Buy,13,18,31,-5.00,8.00,-6.00,0.70,42.9,4301.80,4302.10,4301.40,4301.50,19,33,52,-14.00,4.00,-15.00,1.30,7.7,-48,60,0.0714,0.2000,-176.00,-255.00,4333.03,-3.7472,DOWN,99.50,0.5226,1.7785
20260916 205637 785,4301.40,1,4301.20,4301.40,0.20,4301.20,3,4301.10,5,4301.00,4,4300.90,4,4300.80,14,4300.70,12,4300.60,10,4300.50,12,4300.40,13,4300.30,11,4301.50,2,4301.60,3,4301.70,4,4301.80,5,4301.90,4,4302.00,5,4302.10,11,4302.20,9,4302.30,10,4302.40,11,Buy,14,18,32,-4.00,8.00,-6.00,0.70,57.1,4301.80,4302.10,4301.40,4301.40,19,33,52,-14.00,4.00,-15.00,1.30,7.7,-48,60,0.0714,0.5000,-175.00,-254.00,4333.02,-3.7503,DOWN,99.50,0.5226,1.7785
20260916 205641 255,4301.40,1,4301.20,4301.50,0.30,4301.20,4,4301.10,4,4301.00,4,4300.90,3,4300.80,7,4300.70,6,4300.60,10,4300.50,12,4300.40,13,4300.30,11,4301.50,3,4301.60,3,4301.70,5,4301.80,5,4301.90,4,4302.00,5,4302.10,11,4302.20,9,4302.30,10,4302.40,11,Sell,14,19,33,-5.00,8.00,-6.00,0.70,57.1,4301.80,4302.10,4301.40,4301.40,19,33,52,-14.00,4.00,-15.00,1.30,7.7,-48,60,0.0714,0.2000,-176.00,-255.00,4333.02,-3.7503,DOWN,99.50,0.5226,1.7785
20260916 205647 410,4301.50,1,4301.30,4301.60,0.30,4301.30,3,4301.20,4,4301.10,4,4301.00,4,4300.90,3,4300.80,7,4300.70,16,4300.60,14,4300.50,16,4300.40,17,4301.60,3,4301.70,4,4301.80,5,4301.90,4,4302.00,5,4302.10,5,4302.20,9,4302.30,10,4302.40,11,4302.50,14,Buy,15,19,34,-4.00,8.00,-6.00,0.70,42.9,4301.80,4302.10,4301.40,4301.50,19,33,52,-14.00,4.00,-15.00,1.30,7.7,-48,60,0.0714,0.5000,-175.00,-254.00,4333.03,-3.7472,DOWN,99.50,0.5226,1.7785
20260916 205649 066,4301.30,1,4301.30,4301.60,0.30,4301.20,4,4301.10,5,4301.00,6,4300.90,4,4300.80,7,4300.70,11,4300.60,9,4300.50,11,4300.40,11,4300.30,10,4301.60,3,4301.70,4,4301.80,5,4301.90,4,4302.00,5,4302.10,5,4302.20,9,4302.30,10,4302.40,11,4302.50,14,Sell,15,20,35,-5.00,8.00,-6.00,0.80,62.5,4301.80,4302.10,4301.30,4301.30,19,33,52,-14.00,4.00,-15.00,1.30,7.7,-48,60,0.0714,0.2000,-176.00,-255.00,4333.01,-3.7535,DOWN,99.50,0.5226,1.7856
20260916 205651 011,4301.60,1,4301.30,4301.60,0.30,4301.30,2,4301.20,4,4301.10,5,4301.00,5,4300.90,4,4300.80,7,4300.70,11,4300.60,9,4300.50,11,4300.40,11,4301.60,3,4301.70,4,4301.80,5,4301.90,4,4302.00,6,4302.10,5,4302.20,9,4302.30,10,4302.40,11,4302.50,14,Buy,16,20,36,-4.00,8.00,-6.00,0.80,25.0,4301.80,4302.10,4301.30,4301.60,19,33,52,-14.00,4.00,-15.00,1.30,7.7,-48,60,0.0714,0.5000,-175.00,-254.00,4333.04,-3.7440,DOWN,99.50,0.5226,1.7856
20260916 205651 591,4301.30,1,4301.30,4301.60,0.30,4301.40,1,4301.30,3,4301.20,4,4301.10,5,4301.00,5,4300.90,4,4300.80,7,4300.70,11,4300.60,9,4300.50,11,4301.60,1,4301.70,4,4301.80,5,4301.90,4,4302.00,6,4302.10,5,4302.20,9,4302.30,10,4302.40,11,4302.50,14,Sell,16,21,37,-5.00,8.00,-6.00,0.80,62.5,4301.80,4302.10,4301.30,4301.30,19,33,52,-14.00,4.00,-15.00,1.30,7.7,-48,60,0.0714,0.2000,-176.00,-255.00,4333.01,-3.7535,DOWN,99.50,0.5226,1.7856
20260916 205651 591,4301.30,1,4301.30,4301.60,0.30,4301.40,1,4301.30,3,4301.20,4,4301.10,5,4301.00,5,4300.90,4,4300.80,7,4300.70,11,4300.60,9,4300.50,11,4301.60,1,4301.70,4,4301.80,5,4301.90,4,4302.00,6,4302.10,5,4302.20,9,4302.30,10,4302.40,11,4302.50,14,Sell,16,22,38,-6.00,8.00,-6.00,0.80,62.5,4301.80,4302.10,4301.30,4301.30,19,33,52,-14.00,4.00,-15.00,1.30,7.7,-48,60,0.0714,0.0000,-177.00,-256.00,4333.01,-3.7535,DOWN,99.50,0.5226,1.7856
20260916 205653 437,4301.50,1,4301.50,4301.80,0.30,4301.50,3,4301.40,5,4301.30,8,4301.20,5,4301.10,5,4301.00,5,4300.90,12,4300.80,15,4300.70,14,4300.60,9,4301.80,2,4301.90,4,4302.00,6,4302.10,5,4302.20,3,4302.30,4,4302.40,5,4302.50,14,4302.60,11,4302.70,11,Sell,16,23,39,-7.00,8.00,-7.00,0.80,37.5,4301.80,4302.10,4301.30,4301.50,19,33,52,-14.00,4.00,-15.00,1.30,7.7,-48,60,0.0714,0.0000,-178.00,-257.00,4333.03,-3.7472,DOWN,99.50,0.5226,1.7856
20260916 205653 437,4301.50,1,4301.50,4301.80,0.30,4301.50,3,4301.40,5,4301.30,8,4301.20,5,4301.10,5,4301.00,5,4300.90,12,4300.80,15,4300.70,14,4300.60,9,4301.80,2,4301.90,4,4302.00,6,4302.10,5,4302.20,3,4302.30,4,4302.40,5,4302.50,14,4302.60,11,4302.70,11,Sell,16,24,40,-8.00,8.00,-8.00,0.80,37.5,4301.80,4302.10,4301.30,4301.50,19,33,52,-14.00,4.00,-15.00,1.30,7.7,-48,60,0.0714,0.0000,-179.00,-258.00,4333.03,-3.7472,DOWN,99.50,0.5226,1.7856
20260916 205655 402,4301.60,1,4301.50,4301.70,0.20,4301.50,2,4301.40,4,4301.30,8,4301.20,5,4301.10,5,4301.00,5,4300.90,12,4300.80,15,4300.70,14,4300.60,9,4301.70,1,4301.80,3,4301.90,4,4302.00,6,4302.10,5,4302.20,3,4302.30,4,4302.40,5,4302.50,14,4302.60,11,Sell,16,25,41,-9.00,8.00,-9.00,0.80,25.0,4301.80,4302.10,4301.30,4301.60,19,33,52,-14.00,4.00,-15.00,1.30,7.7,-48,60,0.0714,0.0000,-180.00,-259.00,4333.04,-3.7440,DOWN,99.50,0.5226,1.7856
20260916 205655 402,4301.60,1,4301.50,4301.70,0.20,4301.50,2,4301.40,4,4301.30,8,4301.20,5,4301.10,5,4301.00,5,4300.90,12,4300.80,15,4300.70,14,4300.60,9,4301.70,1,4301.80,3,4301.90,4,4302.00,6,4302.10,5,4302.20,3,4302.30,4,4302.40,5,4302.50,14,4302.60,11,Sell,16,26,42,-10.00,8.00,-10.00,0.80,25.0,4301.80,4302.10,4301.30,4301.60,19,33,52,-14.00,4.00,-15.00,1.30,7.7,-48,60,0.0714,0.0000,-181.00,-260.00,4333.04,-3.7440,DOWN,99.50,0.5226,1.7856
20260916 205655 402,4301.50,1,4301.50,4301.70,0.20,4301.50,2,4301.40,4,4301.30,8,4301.20,5,4301.10,5,4301.00,5,4300.90,12,4300.80,15,4300.70,14,4300.60,9,4301.70,1,4301.80,3,4301.90,4,4302.00,6,4302.10,5,4302.20,3,4302.30,4,4302.40,5,4302.50,14,4302.60,11,Sell,16,27,43,-11.00,8.00,-11.00,0.80,37.5,4301.80,4302.10,4301.30,4301.50,19,33,52,-14.00,4.00,-15.00,1.30,7.7,-48,60,0.0714,0.0000,-182.00,-261.00,4333.03,-3.7472,DOWN,99.50,0.5226,1.7856
20260916 205700 759,4301.80,2,4301.60,4301.90,0.30,4301.60,3,4301.50,2,4301.40,4,4301.30,8,4301.20,5,4301.10,6,4301.00,4,4300.90,12,4300.80,15,4300.70,14,4301.90,3,4302.00,5,4302.10,5,4302.20,3,4302.30,4,4302.40,5,4302.50,14,4302.60,11,4302.70,11,4302.80,8,Sell,0,2,2,-2.00,-2.00,-2.00,0.00,0.0,4301.80,4301.80,4301.80,4301.80,16,27,43,-11.00,8.00,-11.00,0.80,37.5,-15,39,0.0000,0.0000,-113.00,-231.00,4333.06,-3.7376,DOWN,97.15,0.4426,1.6795
20260916 205701 616,4302.00,1,4301.80,4302.00,0.20,4301.80,2,4301.70,3,4301.60,4,4301.50,2,4301.40,4,4301.30,8,4301.20,4,4301.10,16,4301.00,14,4300.90,12,4302.00,2,4302.10,3,4302.20,3,4302.30,4,4302.40,5,4302.50,8,4302.60,5,4302.70,11,4302.80,8,4302.90,10,Buy,1,2,3,-1.00,-1.00,-2.00,0.20,100.0,4301.80,4302.00,4301.80,4302.00,16,27,43,-11.00,8.00,-11.00,0.80,37.5,-15,39,0.0000,1.0000,-112.00,-230.00,4333.08,-3.7313,DOWN,97.15,0.4426,1.6938
20260916 205702 864,4302.00,1,4301.90,4302.00,0.10,4301.90,2,4301.80,2,4301.70,3,4301.60,4,4301.50,2,4301.40,4,4301.30,8,4301.20,14,4301.10,16,4301.00,14,4302.00,2,4302.10,2,4302.20,3,4302.30,4,4302.40,5,4302.50,8,4302.60,5,4302.70,11,4302.80,8,4302.90,10,Buy,2,2,4,0.00,0.00,-2.00,0.20,100.0,4301.80,4302.00,4301.80,4302.00,16,27,43,-11.00,8.00,-11.00,0.80,37.5,-15,39,0.0000,0.0000,-111.00,-229.00,4333.08,-3.7313,DOWN,97.15,0.4426,1.6938
20260916 205702 864,4302.00,1,4301.90,4302.00,0.10,4301.90,2,4301.80,2,4301.70,3,4301.60,4,4301.50,2,4301.40,4,4301.30,8,4301.20,14,4301.10,16,4301.00,14,4302.00,2,4302.10,2,4302.20,3,4302.30,4,4302.40,5,4302.50,8,4302.60,5,4302.70,11,4302.80,8,4302.90,10,Buy,3,2,5,1.00,1.00,-2.00,0.20,100.0,4301.80,4302.00,4301.80,4302.00,16,27,43,-11.00,8.00,-11.00,0.80,37.5,-15,39,0.0000,0.0000,-110.00,-228.00,4333.08,-3.7313,DOWN,97.15,0.4426,1.6938
20260916 205703 237,4301.90,1,4301.70,4302.00,0.30,4301.70,3,4301.60,4,4301.50,2,4301.40,4,4301.30,8,4301.20,14,4301.10,16,4301.00,14,4300.90,12,4300.80,15,4302.00,1,4302.10,3,4302.20,2,4302.30,4,4302.40,5,4302.50,8,4302.60,5,4302.70,5,4302.80,8,4302.90,10,Sell,3,3,6,0.00,1.00,-2.00,0.20,50.0,4301.80,4302.00,4301.80,4301.90,16,27,43,-11.00,8.00,-11.00,0.80,37.5,-15,39,0.0000,1.0000,-111.00,-229.00,4333.07,-3.7345,DOWN,97.15,0.4426,1.6938
20260916 205703 830,4301.70,1,4301.70,4302.00,0.30,4301.70,2,4301.60,4,4301.50,2,4301.40,4,4301.30,8,4301.20,14,4301.10,16,4301.00,14,4300.90,12,4300.80,15,4302.00,2,4302.10,3,4302.20,2,4302.30,4,4302.40,5,4302.50,8,4302.60,5,4302.70,11,4302.80,8,4302.90,10,Sell,3,4,7,-1.00,1.00,-2.00,0.30,33.3,4301.80,4302.00,4301.70,4301.70,16,27,43,-11.00,8.00,-11.00,0.80,37.5,-15,39,0.0000,1.0000,-112.00,-230.00,4333.05,-3.7408,DOWN,97.15,0.4426,1.6938
20260916 205708 081,4301.80,1,4301.80,4301.90,0.10,4301.70,2,4301.60,4,4301.50,3,4301.40,4,4301.30,9,4301.20,9,4301.10,11,4301.00,9,4300.90,9,4300.80,12,4301.90,1,4302.00,5,4302.10,3,4302.20,2,4302.30,4,4302.40,5,4302.50,8,4302.60,5,4302.70,11,4302.80,9,Sell,3,5,8,-2.00,1.00,-2.00,0.30,0.0,4301.80,4302.00,4301.70,4301.80,16,27,43,-11.00,8.00,-11.00,0.80,37.5,-15,39,0.0000,0.0000,-113.00,-231.00,4333.06,-3.7376,DOWN,97.15,0.4426,1.6938
20260916 205708 158,4301.70,1,4301.60,4301.90,0.30,4301.60,2,4301.50,2,4301.40,4,4301.30,9,4301.20,4,4301.10,11,4301.00,9,4300.90,9,4300.80,12,4300.70,11,4301.90,5,4302.00,6,4302.10,4,4302.20,3,4302.30,4,4302.40,5,4302.50,8,4302.60,11,4302.70,11,4302.80,9,Sell,3,6,9,-3.00,1.00,-3.00,0.30,33.3,4301.80,4302.00,4301.70,4301.70,16,27,43,-11.00,8.00,-11.00,0.80,37.5,-15,39,0.0000,0.0000,-114.00,-232.00,4333.05,-3.7408,DOWN,97.15,0.4426,1.6938
20260916 205709 978,4302.00,1,4301.90,4302.10,0.20,4301.90,1,4301.80,4,4301.70,3,4301.60,6,4301.50,2,4301.40,4,4301.30,9,4301.20,9,4301.10,11,4301.00,9,4302.10,2,4302.20,3,4302.30,4,4302.40,5,4302.50,8,4302.60,5,4302.70,11,4302.80,9,4302.90,10,4303.00,10,Buy,4,6,10,-2.00,1.00,-3.00,0.30,66.7,4301.80,4302.00,4301.70,4302.00,16,27,43,-11.00,8.00,-11.00,0.80,37.5,-15,39,0.0000,0.5000,-113.00,-231.00,4333.08,-3.7313,DOWN,97.15,0.4426,1.6938
20260916 205711 111,4302.00,1,4302.00,4302.10,0.10,4302.00,1,4301.90,2,4301.80,4,4301.70,3,4301.60,6,4301.50,2,4301.40,4,4301.30,9,4301.20,9,4301.10,11,4302.10,2,4302.20,2,4302.30,4,4302.40,5,4302.50,8,4302.60,5,4302.70,11,4302.80,9,4302.90,10,4303.00,10,Sell,4,7,11,-3.00,1.00,-3.00,0.30,66.7,4301.80,4302.00,4301.70,4302.00,16,27,43,-11.00,8.00,-11.00,0.80,37.5,-15,39,0.0000,0.0000,-114.00,-232.00,4333.08,-3.7313,DOWN,97.15,0.4426,1.6938
20260916 205712 139,4302.10,1,4302.20,4302.40,0.20,4302.20,1,4302.10,3,4302.00,4,4301.90,4,4301.80,4,4301.70,3,4301.60,6,4301.50,2,4301.40,9,4301.30,14,4302.40,1,4302.50,7,4302.60,4,4302.70,5,4302.80,3,4302.90,5,4303.00,5,4303.10,11,4303.20,10,4303.30,9,Buy,5,7,12,-2.00,1.00,-3.00,0.40,75.0,4301.80,4302.10,4301.70,4302.10,16,27,43,-11.00,8.00,-11.00,0.80,37.5,-15,39,0.0000,0.5000,-113.00,-231.00,4333.09,-3.7281,DOWN,97.15,0.4426,1.7010
20260916 205712 139,4302.10,1,4302.20,4302.40,0.20,4302.20,1,4302.10,3,4302.00,4,4301.90,4,4301.80,4,4301.70,3,4301.60,6,4301.50,2,4301.40,9,4301.30,14,4302.40,1,4302.50,7,4302.60,4,4302.70,5,4302.80,3,4302.90,5,4303.00,5,4303.10,11,4303.20,10,4303.30,9,Buy,6,7,13,-1.00,1.00,-3.00,0.40,75.0,4301.80,4302.10,4301.70,4302.10,16,27,43,-11.00,8.00,-11.00,0.80,37.5,-15,39,0.0000,2.0000,-112.00,-230.00,4333.09,-3.7281,DOWN,97.15,0.4426,1.7010
20260916 205712 932,4302.30,1,4302.20,4302.50,0.30,4302.20,2,4302.10,2,4302.00,4,4301.90,4,4301.80,4,4301.70,3,4301.60,11,4301.50,7,4301.40,9,4301.30,14,4302.50,8,4302.60,4,4302.70,6,4302.80,4,4302.90,5,4303.00,5,4303.10,6,4303.20,10,4303.30,9,4303.40,13,Sell,6,8,14,-2.00,1.00,-3.00,0.60,83.3,4301.80,4302.30,4301.70,4302.30,16,27,43,-11.00,8.00,-11.00,0.80,37.5,-15,39,0.0000,0.5000,-113.00,-231.00,4333.11,-3.7218,DOWN,97.15,0.4426,1.7152
20260916 205714 470,4302.20,1,4302.30,4302.50,0.20,4302.30,1,4302.20,2,4302.10,3,4302.00,5,4301.90,5,4301.80,5,4301.70,4,4301.60,11,4301.50,7,4301.40,9,4302.50,2,4302.60,3,4302.70,6,4302.80,4,4302.90,5,4303.00,5,4303.10,6,4303.20,10,4303.30,9,4303.40,13,Sell,6,9,15,-3.00,1.00,-3.00,0.60,66.7,4301.80,4302.30,4301.70,4302.20,16,27,43,-11.00,8.00,-11.00,0.80,37.5,-15,39,0.0000,0.0000,-114.00,-232.00,4333.10,-3.7249,DOWN,97.15,0.4426,1.7152
20260916 205714 470,4302.20,1,4302.30,4302.50,0.20,4302.30,1,4302.20,2,4302.10,3,4302.00,5,4301.90,5,4301.80,5,4301.70,4,4301.60,11,4301.50,7,4301.40,9,4302.50,2,4302.60,3,4302.70,6,4302.80,4,4302.90,5,4303.00,5,4303.10,6,4303.20,10,4303.30,9,4303.40,13,Sell,6,10,16,-4.00,1.00,-4.00,0.60,66.7,4301.80,4302.30,4301.70,4302.20,16,27,43,-11.00,8.00,-11.00,0.80,37.5,-15,39,0.0000,0.0000,-115.00,-233.00,4333.10,-3.7249,DOWN,97.15,0.4426,1.7152
20260916 205714 470,4302.10,1,4302.30,4302.50,0.20,4302.30,1,4302.20,2,4302.10,3,4302.00,5,4301.90,5,4301.80,5,4301.70,4,4301.60,11,4301.50,7,4301.40,9,4302.50,2,4302.60,3,4302.70,6,4302.80,4,4302.90,5,4303.00,5,4303.10,6,4303.20,10,4303.30,9,4303.40,13,Sell,6,11,17,-5.00,1.00,-5.00,0.60,50.0,4301.80,4302.30,4301.70,4302.10,16,27,43,-11.00,8.00,-11.00,0.80,37.5,-15,39,0.0000,0.0000,-116.00,-234.00,4333.09,-3.7281,DOWN,97.15,0.4426,1.7152
20260916 205714 470,4302.10,1,4302.30,4302.50,0.20,4302.30,1,4302.20,2,4302.10,3,4302.00,5,4301.90,5,4301.80,5,4301.70,4,4301.60,11,4301.50,7,4301.40,9,4302.50,2,4302.60,3,4302.70,6,4302.80,4,4302.90,5,4303.00,5,4303.10,6,4303.20,10,4303.30,9,4303.40,13,Sell,6,12,18,-6.00,1.00,-6.00,0.60,50.0,4301.80,4302.30,4301.70,4302.10,16,27,43,-11.00,8.00,-11.00,0.80,37.5,-15,39,0.0000,0.0000,-117.00,-235.00,4333.09,-3.7281,DOWN,97.15,0.4426,1.7152
20260916 205714 471,4302.10,6,4302.30,4302.50,0.20,4302.30,1,4302.20,2,4302.10,3,4302.00,5,4301.90,5,4301.80,5,4301.70,4,4301.60,11,4301.50,7,4301.40,9,4302.50,2,4302.60,3,4302.70,6,4302.80,4,4302.90,5,4303.00,5,4303.10,6,4303.20,10,4303.30,9,4303.40,13,Buy,12,12,24,0.00,1.00,-6.00,0.60,50.0,4301.80,4302.30,4301.70,4302.10,16,27,43,-11.00,8.00,-11.00,0.80,37.5,-15,39,0.0000,1.0000,-111.00,-229.00,4333.09,-3.7281,DOWN,97.15,0.4426,1.7152
20260916 205714 472,4302.10,1,4302.30,4302.50,0.20,4302.30,1,4302.20,2,4302.10,3,4302.00,5,4301.90,5,4301.80,5,4301.70,4,4301.60,11,4301.50,7,4301.40,9,4302.50,2,4302.60,3,4302.70,6,4302.80,4,4302.90,5,4303.00,5,4303.10,6,4303.20,10,4303.30,9,4303.40,13,Sell,12,13,25,-1.00,1.00,-6.00,0.60,50.0,4301.80,4302.30,4301.70,4302.10,16,27,43,-11.00,8.00,-11.00,0.80,37.5,-15,39,0.0000,5.0000,-112.00,-230.00,4333.09,-3.7281,DOWN,97.15,0.4426,1.7152
20260916 205714 475,4302.20,1,4302.30,4302.50,0.20,4302.30,1,4302.20,2,4302.10,3,4302.00,5,4301.90,5,4301.80,5,4301.70,4,4301.60,11,4301.50,7,4301.40,9,4302.50,2,4302.60,3,4302.70,6,4302.80,4,4302.90,5,4303.00,5,4303.10,6,4303.20,10,4303.30,9,4303.40,13,Sell,12,14,26,-2.00,1.00,-6.00,0.60,66.7,4301.80,4302.30,4301.70,4302.20,16,27,43,-11.00,8.00,-11.00,0.80,37.5,-15,39,0.0000,2.0000,-113.00,-231.00,4333.10,-3.7249,DOWN,97.15,0.4426,1.7152
20260916 205714 477,4302.40,1,4302.30,4302.50,0.20,4302.30,1,4302.20,2,4302.10,3,4302.00,5,4301.90,5,4301.80,5,4301.70,4,4301.60,11,4301.50,7,4301.40,9,4302.50,2,4302.60,3,4302.70,6,4302.80,4,4302.90,5,4303.00,5,4303.10,6,4303.20,10,4303.30,9,4303.40,13,Buy,13,14,27,-1.00,1.00,-6.00,0.70,85.7,4301.80,4302.40,4301.70,4302.40,16,27,43,-11.00,8.00,-11.00,0.80,37.5,-15,39,0.0000,5.0000,-112.00,-230.00,4333.12,-3.7186,DOWN,97.15,0.4426,1.7224
20260916 205714 477,4302.40,1,4302.30,4302.50,0.20,4302.30,1,4302.20,2,4302.10,3,4302.00,5,4301.90,5,4301.80,5,4301.70,4,4301.60,11,4301.50,7,4301.40,9,4302.50,2,4302.60,3,4302.70,6,4302.80,4,4302.90,5,4303.00,5,4303.10,6,4303.20,10,4303.30,9,4303.40,13,Buy,14,14,28,0.00,1.00,-6.00,0.70,85.7,4301.80,4302.40,4301.70,4302.40,16,27,43,-11.00,8.00,-11.00,0.80,37.5,-15,39,0.0000,1.0000,-111.00,-229.00,4333.12,-3.7186,DOWN,97.15,0.4426,1.7224
20260916 205714 477,4302.50,1,4302.30,4302.50,0.20,4302.30,1,4302.20,2,4302.10,3,4302.00,5,4301.90,5,4301.80,5,4301.70,4,4301.60,11,4301.50,7,4301.40,9,4302.50,2,4302.60,3,4302.70,6,4302.80,4,4302.90,5,4303.00,5,4303.10,6,4303.20,10,4303.30,9,4303.40,13,Buy,15,14,29,1.00,1.00,-6.00,0.80,87.5,4301.80,4302.50,4301.70,4302.50,16,27,43,-11.00,8.00,-11.00,0.80,37.5,-15,39,0.0000,0.0000,-110.00,-228.00,4333.12,-3.7154,DOWN,97.15,0.4426,1.7295
20260916 205714 814,4302.20,1,4302.10,4302.40,0.30,4302.10,3,4302.00,4,4301.90,5,4301.80,5,4301.70,4,4301.60,12,4301.50,7,4301.40,9,4301.30,13,4301.20,9,4302.40,2,4302.50,3,4302.60,4,4302.70,6,4302.80,4,4302.90,5,4303.00,5,4303.10,6,4303.20,10,4303.30,9,Sell,15,15,30,0.00,1.00,-6.00,0.80,50.0,4301.80,4302.50,4301.70,4302.20,16,27,43,-11.00,8.00,-11.00,0.80,37.5,-15,39,0.0000,1.0000,-111.00,-229.00,4333.10,-3.7249,DOWN,97.15,0.4426,1.7295
20260916 205716 926,4302.10,1,4302.10,4302.30,0.20,4302.10,1,4302.00,4,4301.90,5,4301.80,5,4301.70,4,4301.60,12,4301.50,8,4301.40,9,4301.30,13,4301.20,9,4302.30,1,4302.40,3,4302.50,3,4302.60,4,4302.70,6,4302.80,4,4302.90,5,4303.00,5,4303.10,6,4303.20,10,Sell,15,16,31,-1.00,1.00,-6.00,0.80,37.5,4301.80,4302.50,4301.70,4302.10,16,27,43,-11.00,8.00,-11.00,0.80,37.5,-15,39,0.0000,5.0000,-112.00,-230.00,4333.09,-3.7281,DOWN,97.15,0.4426,1.7295
20260916 205721 072,4302.40,1,4302.30,4302.40,0.10,4302.30,1,4302.20,1,4302.10,1,4302.00,3,4301.90,3,4301.80,5,4301.70,4,4301.60,7,4301.50,9,4301.40,9,4302.40,2,4302.50,4,4302.60,5,4302.70,5,4302.80,4,4302.90,5,4303.00,13,4303.10,14,4303.20,10,4303.30,9,Buy,16,16,32,0.00,1.00,-6.00,0.80,75.0,4301.80,4302.50,4301.70,4302.40,16,27,43,-11.00,8.00,-11.00,0.80,37.5,-15,39,0.0000,1.0000,-111.00,-229.00,4333.12,-3.7186,DOWN,97.15,0.4426,1.7295
20260916 205722 565,4302.30,1,4302.30,4302.50,0.20,4302.30,2,4302.20,3,4302.10,2,4302.00,3,4301.90,3,4301.80,5,4301.70,9,4301.60,12,4301.50,9,4301.40,9,4302.50,3,4302.60,3,4302.70,5,4302.80,3,4302.90,5,4303.00,5,4303.10,6,4303.20,10,4303.30,9,4303.40,13,Sell,16,17,33,-1.00,1.00,-6.00,0.80,62.5,4301.80,4302.50,4301.70,4302.30,16,27,43,-11.00,8.00,-11.00,0.80,37.5,-15,39,0.0000,5.0000,-112.00,-230.00,4333.11,-3.7218,DOWN,97.15,0.4426,1.7295
20260916 205722 565,4302.30,1,4302.30,4302.50,0.20,4302.30,2,4302.20,3,4302.10,2,4302.00,3,4301.90,3,4301.80,5,4301.70,9,4301.60,12,4301.50,9,4301.40,9,4302.50,3,4302.60,3,4302.70,5,4302.80,3,4302.90,5,4303.00,5,4303.10,6,4303.20,10,4303.30,9,4303.40,13,Sell,16,18,34,-2.00,1.00,-6.00,0.80,62.5,4301.80,4302.50,4301.70,4302.30,16,27,43,-11.00,8.00,-11.00,0.80,37.5,-15,39,0.0000,2.0000,-113.00,-231.00,4333.11,-3.7218,DOWN,97.15,0.4426,1.7295
20260916 205723 450,4302.30,1,4302.10,4302.40,0.30,4302.10,2,4302.00,2,4301.90,3,4301.80,5,4301.70,9,4301.60,12,4301.50,9,4301.40,9,4301.30,13,4301.20,9,4302.40,3,4302.50,4,4302.60,3,4302.70,5,4302.80,4,4302.90,5,4303.00,5,4303.10,6,4303.20,10,4303.30,9,Sell,16,19,35,-3.00,1.00,-6.00,0.80,62.5,4301.80,4302.50,4301.70,4302.30,16,27,43,-11.00,8.00,-11.00,0.80,37.5,-15,39,0.0000,1.0000,-114.00,-232.00,4333.11,-3.7218,DOWN,97.15,0.4426,1.7295
20260916 205723 450,4302.20,1,4302.10,4302.40,0.30,4302.10,2,4302.00,2,4301.90,3,4301.80,5,4301.70,9,4301.60,12,4301.50,9,4301.40,9,4301.30,13,4301.20,9,4302.40,3,4302.50,4,4302.60,3,4302.70,5,4302.80,4,4302.90,5,4303.00,5,4303.10,6,4303.20,10,4303.30,9,Sell,16,20,36,-4.00,1.00,-6.00,0.80,50.0,4301.80,4302.50,4301.70,4302.20,16,27,43,-11.00,8.00,-11.00,0.80,37.5,-15,39,0.0000,0.5000,-115.00,-233.00,4333.10,-3.7249,DOWN,97.15,0.4426,1.7295
20260916 205723 450,4302.20,1,4302.10,4302.40,0.30,4302.10,2,4302.00,2,4301.90,3,4301.80,5,4301.70,9,4301.60,12,4301.50,9,4301.40,9,4301.30,13,4301.20,9,4302.40,3,4302.50,4,4302.60,3,4302.70,5,4302.80,4,4302.90,5,4303.00,5,4303.10,6,4303.20,10,4303.30,9,Sell,16,21,37,-5.00,1.00,-6.00,0.80,50.0,4301.80,4302.50,4301.70,4302.20,16,27,43,-11.00,8.00,-11.00,0.80,37.5,-15,39,0.0000,0.2000,-116.00,-234.00,4333.10,-3.7249,DOWN,97.15,0.4426,1.7295
20260916 205723 762,4302.30,1,4302.30,4302.50,0.20,4302.30,1,4302.20,3,4302.10,3,4302.00,3,4301.90,3,4301.80,5,4301.70,9,4301.60,12,4301.50,9,4301.40,9,4302.50,3,4302.60,2,4302.70,5,4302.80,4,4302.90,5,4303.00,5,4303.10,6,4303.20,10,4303.30,9,4303.40,13,Sell,16,22,38,-6.00,1.00,-6.00,0.80,62.5,4301.80,4302.50,4301.70,4302.30,16,27,43,-11.00,8.00,-11.00,0.80,37.5,-15,39,0.0000,0.0000,-117.00,-235.00,4333.11,-3.7218,DOWN,97.15,0.4426,1.7295
20260916 205725 259,4302.50,1,4302.30,4302.50,0.20,4302.30,1,4302.20,3,4302.10,3,4302.00,3,4301.90,3,4301.80,5,4301.70,9,4301.60,12,4301.50,9,4301.40,9,4302.50,2,4302.60,2,4302.70,5,4302.80,4,4302.90,5,4303.00,5,4303.10,6,4303.20,10,4303.30,9,4303.40,13,Buy,17,22,39,-5.00,1.00,-6.00,0.80,87.5,4301.80,4302.50,4301.70,4302.50,16,27,43,-11.00,8.00,-11.00,0.80,37.5,-15,39,0.0000,0.2000,-116.00,-234.00,4333.12,-3.7154,DOWN,97.15,0.4426,1.7295
20260916 205726 044,4302.30,1,4302.30,4302.50,0.20,4302.30,2,4302.20,3,4302.10,3,4302.00,3,4301.90,3,4301.80,5,4301.70,9,4301.60,12,4301.50,9,4301.40,9,4302.50,2,4302.60,4,4302.70,5,4302.80,4,4302.90,5,4303.00,5,4303.10,6,4303.20,10,4303.30,9,4303.40,13,Sell,17,23,40,-6.00,1.00,-6.00,0.80,62.5,4301.80,4302.50,4301.70,4302.30,16,27,43,-11.00,8.00,-11.00,0.80,37.5,-15,39,0.0000,0.0000,-117.00,-235.00,4333.11,-3.7218,DOWN,97.15,0.4426,1.7295
20260916 205726 044,4302.30,1,4302.30,4302.50,0.20,4302.30,2,4302.20,3,4302.10,3,4302.00,3,4301.90,3,4301.80,5,4301.70,9,4301.60,12,4301.50,9,4301.40,9,4302.50,2,4302.60,4,4302.70,5,4302.80,4,4302.90,5,4303.00,5,4303.10,6,4303.20,10,4303.30,9,4303.40,13,Sell,17,24,41,-7.00,1.00,-7.00,0.80,62.5,4301.80,4302.50,4301.70,4302.30,16,27,43,-11.00,8.00,-11.00,0.80,37.5,-15,39,0.0000,0.0000,-118.00,-236.00,4333.11,-3.7218,DOWN,97.15,0.4426,1.7295
20260916 205726 570,4302.50,1,4302.20,4302.50,0.30,4302.20,3,4302.10,3,4302.00,3,4301.90,3,4301.80,5,4301.70,9,4301.60,12,4301.50,9,4301.40,9,4301.30,13,4302.50,2,4302.60,5,4302.70,6,4302.80,4,4302.90,5,4303.00,5,4303.10,6,4303.20,10,4303.30,9,4303.40,13,Buy,18,24,42,-6.00,1.00,-7.00,0.80,87.5,4301.80,4302.50,4301.70,4302.50,16,27,43,-11.00,8.00,-11.00,0.80,37.5,-15,39,0.0000,0.1667,-117.00,-235.00,4333.12,-3.7154,DOWN,97.15,0.4426,1.7295
20260916 205727 532,4302.60,1,4302.80,4303.00,0.20,4302.80,2,4302.70,3,4302.60,4,4302.50,3,4302.40,4,4302.30,5,4302.20,9,4302.10,9,4302.00,9,4301.90,8,4303.00,3,4303.10,2,4303.20,2,4303.30,3,4303.40,6,4303.50,4,4303.60,6,4303.70,12,4303.80,4,4303.90,6,Buy,19,24,43,-5.00,1.00,-7.00,0.90,88.9,4301.80,4302.60,4301.70,4302.60,16,27,43,-11.00,8.00,-11.00,0.80,37.5,-15,39,0.0000,0.4000,-116.00,-234.00,4333.13,-3.7123,DOWN,97.15,0.4426,1.7367
20260916 205727 532,4302.60,1,4302.80,4303.00,0.20,4302.80,2,4302.70,3,4302.60,4,4302.50,3,4302.40,4,4302.30,5,4302.20,9,4302.10,9,4302.00,9,4301.90,8,4303.00,3,4303.10,2,4303.20,2,4303.30,3,4303.40,6,4303.50,4,4303.60,6,4303.70,12,4303.80,4,4303.90,6,Buy,20,24,44,-4.00,1.00,-7.00,0.90,88.9,4301.80,4302.60,4301.70,4302.60,16,27,43,-11.00,8.00,-11.00,0.80,37.5,-15,39,0.0000,0.7500,-115.00,-233.00,4333.13,-3.7123,DOWN,97.15,0.4426,1.7367
20260916 205727 532,4302.60,1,4302.80,4303.00,0.20,4302.80,2,4302.70,3,4302.60,4,4302.50,3,4302.40,4,4302.30,5,4302.20,9,4302.10,9,4302.00,9,4301.90,8,4303.00,3,4303.10,2,4303.20,2,4303.30,3,4303.40,6,4303.50,4,4303.60,6,4303.70,12,4303.80,4,4303.90,6,Buy,21,24,45,-3.00,1.00,-7.00,0.90,88.9,4301.80,4302.60,4301.70,4302.60,16,27,43,-11.00,8.00,-11.00,0.80,37.5,-15,39,0.0000,1.3333,-114.00,-232.00,4333.13,-3.7123,DOWN,97.15,0.4426,1.7367
20260916 205727 532,4302.60,1,4302.80,4303.00,0.20,4302.80,2,4302.70,3,4302.60,4,4302.50,3,4302.40,4,4302.30,5,4302.20,9,4302.10,9,4302.00,9,4301.90,8,4303.00,3,4303.10,2,4303.20,2,4303.30,3,4303.40,6,4303.50,4,4303.60,6,4303.70,12,4303.80,4,4303.90,6,Buy,22,24,46,-2.00,1.00,-7.00,0.90,88.9,4301.80,4302.60,4301.70,4302.60,16,27,43,-11.00,8.00,-11.00,0.80,37.5,-15,39,0.0000,2.5000,-113.00,-231.00,4333.13,-3.7123,DOWN,97.15,0.4426,1.7367
20260916 205727 532,4302.60,1,4302.80,4303.00,0.20,4302.80,2,4302.70,3,4302.60,4,4302.50,3,4302.40,4,4302.30,5,4302.20,9,4302.10,9,4302.00,9,4301.90,8,4303.00,3,4303.10,2,4303.20,2,4303.30,3,4303.40,6,4303.50,4,4303.60,6,4303.70,12,4303.80,4,4303.90,6,Buy,23,24,47,-1.00,1.00,-7.00,0.90,88.9,4301.80,4302.60,4301.70,4302.60,16,27,43,-11.00,8.00,-11.00,0.80,37.5,-15,39,0.0000,6.0000,-112.00,-230.00,4333.13,-3.7123,DOWN,97.15,0.4426,1.7367
20260916 205727 532,4302.70,1,4302.80,4303.00,0.20,4302.80,2,4302.70,3,4302.60,4,4302.50,3,4302.40,4,4302.30,5,4302.20,9,4302.10,9,4302.00,9,4301.90,8,4303.00,3,4303.10,2,4303.20,2,4303.30,3,4303.40,6,4303.50,4,4303.60,6,4303.70,12,4303.80,4,4303.90,6,Buy,24,24,48,0.00,1.00,-7.00,1.00,90.0,4301.80,4302.70,4301.70,4302.70,16,27,43,-11.00,8.00,-11.00,0.80,37.5,-15,39,0.0000,1.0000,-111.00,-229.00,4333.14,-3.7091,DOWN,97.15,0.4426,1.7438
20260916 205727 532,4302.70,1,4302.80,4303.00,0.20,4302.80,2,4302.70,3,4302.60,4,4302.50,3,4302.40,4,4302.30,5,4302.20,9,4302.10,9,4302.00,9,4301.90,8,4303.00,3,4303.10,2,4303.20,2,4303.30,3,4303.40,6,4303.50,4,4303.60,6,4303.70,12,4303.80,4,4303.90,6,Buy,25,24,49,1.00,1.00,-7.00,1.00,90.0,4301.80,4302.70,4301.70,4302.70,16,27,43,-11.00,8.00,-11.00,0.80,37.5,-15,39,0.0000,0.0000,-110.00,-228.00,4333.14,-3.7091,DOWN,97.15,0.4426,1.7438
20260916 205727 532,4302.70,1,4302.80,4303.00,0.20,4302.80,2,4302.70,3,4302.60,4,4302.50,3,4302.40,4,4302.30,5,4302.20,9,4302.10,9,4302.00,9,4301.90,8,4303.00,3,4303.10,2,4303.20,2,4303.30,3,4303.40,6,4303.50,4,4303.60,6,4303.70,12,4303.80,4,4303.90,6,Buy,26,24,50,2.00,2.00,-7.00,1.00,90.0,4301.80,4302.70,4301.70,4302.70,16,27,43,-11.00,8.00,-11.00,0.80,37.5,-15,39,0.0000,0.0000,-109.00,-227.00,4333.14,-3.7091,DOWN,97.15,0.4426,1.7438
20260916 205727 532,4302.70,1,4302.80,4303.00,0.20,4302.80,2,4302.70,3,4302.60,4,4302.50,3,4302.40,4,4302.30,5,4302.20,9,4302.10,9,4302.00,9,4301.90,8,4303.00,3,4303.10,2,4303.20,2,4303.30,3,4303.40,6,4303.50,4,4303.60,6,4303.70,12,4303.80,4,4303.90,6,Buy,27,24,51,3.00,3.00,-7.00,1.00,90.0,4301.80,4302.70,4301.70,4302.70,16,27,43,-11.00,8.00,-11.00,0.80,37.5,-15,39,0.0000,0.0000,-108.00,-226.00,4333.14,-3.7091,DOWN,97.15,0.4426,1.7438
20260916 205727 532,4302.70,1,4302.80,4303.00,0.20,4302.80,2,4302.70,3,4302.60,4,4302.50,3,4302.40,4,4302.30,5,4302.20,9,4302.10,9,4302.00,9,4301.90,8,4303.00,3,4303.10,2,4303.20,2,4303.30,3,4303.40,6,4303.50,4,4303.60,6,4303.70,12,4303.80,4,4303.90,6,Buy,28,24,52,4.00,4.00,-7.00,1.00,90.0,4301.80,4302.70,4301.70,4302.70,16,27,43,-11.00,8.00,-11.00,0.80,37.5,-15,39,0.0000,0.0000,-107.00,-225.00,4333.14,-3.7091,DOWN,97.15,0.4426,1.7438
20260916 205727 535,4302.70,1,4302.80,4303.00,0.20,4302.80,2,4302.70,3,4302.60,4,4302.50,3,4302.40,4,4302.30,5,4302.20,9,4302.10,9,4302.00,9,4301.90,8,4303.00,3,4303.10,2,4303.20,2,4303.30,3,4303.40,6,4303.50,4,4303.60,6,4303.70,12,4303.80,4,4303.90,6,Buy,29,24,53,5.00,5.00,-7.00,1.00,90.0,4301.80,4302.70,4301.70,4302.70,16,27,43,-11.00,8.00,-11.00,0.80,37.5,-15,39,0.0000,0.0000,-106.00,-224.00,4333.14,-3.7091,DOWN,97.15,0.4426,1.7438
20260916 205727 535,4302.80,1,4302.80,4303.00,0.20,4302.80,2,4302.70,3,4302.60,4,4302.50,3,4302.40,4,4302.30,5,4302.20,9,4302.10,9,4302.00,9,4301.90,8,4303.00,3,4303.10,2,4303.20,2,4303.30,3,4303.40,6,4303.50,4,4303.60,6,4303.70,12,4303.80,4,4303.90,6,Buy,30,24,54,6.00,6.00,-7.00,1.10,90.9,4301.80,4302.80,4301.70,4302.80,16,27,43,-11.00,8.00,-11.00,0.80,37.5,-15,39,0.0000,0.0000,-105.00,-223.00,4333.15,-3.7059,DOWN,97.15,0.4426,1.7510
20260916 205727 535,4302.80,1,4302.80,4303.00,0.20,4302.80,2,4302.70,3,4302.60,4,4302.50,3,4302.40,4,4302.30,5,4302.20,9,4302.10,9,4302.00,9,4301.90,8,4303.00,3,4303.10,2,4303.20,2,4303.30,3,4303.40,6,4303.50,4,4303.60,6,4303.70,12,4303.80,4,4303.90,6,Buy,31,24,55,7.00,7.00,-7.00,1.10,90.9,4301.80,4302.80,4301.70,4302.80,16,27,43,-11.00,8.00,-11.00,0.80,37.5,-15,39,0.0000,0.0000,-104.00,-222.00,4333.15,-3.7059,DOWN,97.15,0.4426,1.7510
20260916 205727 535,4302.80,1,4302.80,4303.00,0.20,4302.80,2,4302.70,3,4302.60,4,4302.50,3,4302.40,4,4302.30,5,4302.20,9,4302.10,9,4302.00,9,4301.90,8,4303.00,3,4303.10,2,4303.20,2,4303.30,3,4303.40,6,4303.50,4,4303.60,6,4303.70,12,4303.80,4,4303.90,6,Buy,32,24,56,8.00,8.00,-7.00,1.10,90.9,4301.80,4302.80,4301.70,4302.80,16,27,43,-11.00,8.00,-11.00,0.80,37.5,-15,39,0.0000,0.0000,-103.00,-221.00,4333.15,-3.7059,DOWN,97.15,0.4426,1.7510
20260916 205727 535,4302.90,1,4302.80,4303.00,0.20,4302.80,2,4302.70,3,4302.60,4,4302.50,3,4302.40,4,4302.30,5,4302.20,9,4302.10,9,4302.00,9,4301.90,8,4303.00,3,4303.10,2,4303.20,2,4303.30,3,4303.40,6,4303.50,4,4303.60,6,4303.70,12,4303.80,4,4303.90,6,Buy,33,24,57,9.00,9.00,-7.00,1.20,91.7,4301.80,4302.90,4301.70,4302.90,16,27,43,-11.00,8.00,-11.00,0.80,37.5,-15,39,0.0000,0.0000,-102.00,-220.00,4333.16,-3.7027,DOWN,97.15,0.4426,1.7581
20260916 205727 535,4302.90,1,4302.80,4303.00,0.20,4302.80,2,4302.70,3,4302.60,4,4302.50,3,4302.40,4,4302.30,5,4302.20,9,4302.10,9,4302.00,9,4301.90,8,4303.00,3,4303.10,2,4303.20,2,4303.30,3,4303.40,6,4303.50,4,4303.60,6,4303.70,12,4303.80,4,4303.90,6,Buy,34,24,58,10.00,10.00,-7.00,1.20,91.7,4301.80,4302.90,4301.70,4302.90,16,27,43,-11.00,8.00,-11.00,0.80,37.5,-15,39,0.0000,0.0000,-101.00,-219.00,4333.16,-3.7027,DOWN,97.15,0.4426,1.7581
20260916 205727 535,4302.90,1,4302.80,4303.00,0.20,4302.80,2,4302.70,3,4302.60,4,4302.50,3,4302.40,4,4302.30,5,4302.20,9,4302.10,9,4302.00,9,4301.90,8,4303.00,3,4303.10,2,4303.20,2,4303.30,3,4303.40,6,4303.50,4,4303.60,6,4303.70,12,4303.80,4,4303.90,6,Buy,35,24,59,11.00,11.00,-7.00,1.20,91.7,4301.80,4302.90,4301.70,4302.90,16,27,43,-11.00,8.00,-11.00,0.80,37.5,-15,39,0.0000,0.0000,-100.00,-218.00,4333.16,-3.7027,DOWN,97.15,0.4426,1.7581
20260916 205727 535,4303.00,1,4302.80,4303.00,0.20,4302.80,2,4302.70,3,4302.60,4,4302.50,3,4302.40,4,4302.30,5,4302.20,9,4302.10,9,4302.00,9,4301.90,8,4303.00,3,4303.10,2,4303.20,2,4303.30,3,4303.40,6,4303.50,4,4303.60,6,4303.70,12,4303.80,4,4303.90,6,Buy,36,24,60,12.00,12.00,-7.00,1.30,92.3,4301.80,4303.00,4301.70,4303.00,16,27,43,-11.00,8.00,-11.00,0.80,37.5,-15,39,0.0000,0.0000,-99.00,-217.00,4333.17,-3.6996,DOWN,97.15,0.4426,1.7652
20260916 205727 536,4303.00,1,4302.80,4303.00,0.20,4302.80,2,4302.70,3,4302.60,4,4302.50,3,4302.40,4,4302.30,5,4302.20,9,4302.10,9,4302.00,9,4301.90,8,4303.00,3,4303.10,2,4303.20,2,4303.30,3,4303.40,6,4303.50,4,4303.60,6,4303.70,12,4303.80,4,4303.90,6,Buy,37,24,61,13.00,13.00,-7.00,1.30,92.3,4301.80,4303.00,4301.70,4303.00,16,27,43,-11.00,8.00,-11.00,0.80,37.5,-15,39,0.0000,0.0000,-98.00,-216.00,4333.17,-3.6996,DOWN,97.15,0.4426,1.7652
20260916 205727 536,4303.00,1,4302.80,4303.00,0.20,4302.80,2,4302.70,3,4302.60,4,4302.50,3,4302.40,4,4302.30,5,4302.20,9,4302.10,9,4302.00,9,4301.90,8,4303.00,3,4303.10,2,4303.20,2,4303.30,3,4303.40,6,4303.50,4,4303.60,6,4303.70,12,4303.80,4,4303.90,6,Buy,38,24,62,14.00,14.00,-7.00,1.30,92.3,4301.80,4303.00,4301.70,4303.00,16,27,43,-11.00,8.00,-11.00,0.80,37.5,-15,39,0.0000,0.0000,-97.00,-215.00,4333.17,-3.6996,DOWN,97.15,0.4426,1.7652
20260916 205727 549,4302.80,1,4302.80,4303.00,0.20,4302.80,2,4302.70,3,4302.60,4,4302.50,3,4302.40,4,4302.30,5,4302.20,9,4302.10,9,4302.00,9,4301.90,8,4303.00,3,4303.10,2,4303.20,2,4303.30,3,4303.40,6,4303.50,4,4303.60,6,4303.70,12,4303.80,4,4303.90,6,Sell,38,25,63,13.00,14.00,-7.00,1.30,76.9,4301.80,4303.00,4301.70,4302.80,16,27,43,-11.00,8.00,-11.00,0.80,37.5,-15,39,0.0000,0.0769,-98.00,-216.00,4333.15,-3.7059,DOWN,97.15,0.4426,1.7652
20260916 205727 550,4302.90,1,4302.80,4303.00,0.20,4302.80,2,4302.70,3,4302.60,4,4302.50,3,4302.40,4,4302.30,5,4302.20,9,4302.10,9,4302.00,9,4301.90,8,4303.00,3,4303.10,2,4303.20,2,4303.30,3,4303.40,6,4303.50,4,4303.60,6,4303.70,12,4303.80,4,4303.90,6,Buy,39,25,64,14.00,14.00,-7.00,1.30,84.6,4301.80,4303.00,4301.70,4302.90,16,27,43,-11.00,8.00,-11.00,0.80,37.5,-15,39,0.0000,0.0000,-97.00,-215.00,4333.16,-3.7027,DOWN,97.15,0.4426,1.7652
20260916 205727 617,4302.80,1,4302.60,4302.90,0.30,4302.60,3,4302.50,3,4302.40,4,4302.30,5,4302.20,9,4302.10,9,4302.00,9,4301.90,8,4301.80,10,4301.70,9,4302.90,7,4303.00,3,4303.10,2,4303.20,2,4303.30,3,4303.40,6,4303.50,12,4303.60,14,4303.70,12,4303.80,4,Sell,39,26,65,13.00,14.00,-7.00,1.30,76.9,4301.80,4303.00,4301.70,4302.80,16,27,43,-11.00,8.00,-11.00,0.80,37.5,-15,39,0.0000,0.0769,-98.00,-216.00,4333.15,-3.7059,DOWN,97.15,0.4426,1.7652
20260916 205728 441,4302.60,1,4302.50,4302.80,0.30,4302.50,2,4302.40,4,4302.30,5,4302.20,4,4302.10,9,4302.00,9,4301.90,8,4301.80,10,4301.70,9,4301.60,12,4302.80,5,4302.90,5,4303.00,4,4303.10,4,4303.20,3,4303.30,3,4303.40,14,4303.50,12,4303.60,14,4303.70,12,Sell,39,27,66,12.00,14.00,-7.00,1.30,61.5,4301.80,4303.00,4301.70,4302.60,16,27,43,-11.00,8.00,-11.00,0.80,37.5,-15,39,0.0000,0.1667,-99.00,-217.00,4333.13,-3.7123,DOWN,97.15,0.4426,1.7652
20260916 205732 687,4302.50,1,4302.50,4302.70,0.20,4302.50,1,4302.40,3,4302.30,4,4302.20,4,4302.10,4,4302.00,4,4301.90,9,4301.80,10,4301.70,9,4301.60,12,4302.70,4,4302.80,3,4302.90,5,4303.00,5,4303.10,4,4303.20,3,4303.30,3,4303.40,14,4303.50,12,4303.60,14,Sell,39,28,67,11.00,14.00,-7.00,1.30,53.8,4301.80,4303.00,4301.70,4302.50,16,27,43,-11.00,8.00,-11.00,0.80,37.5,-15,39,0.0000,0.2727,-100.00,-218.00,4333.12,-3.7154,DOWN,97.15,0.4426,1.7652
20260916 205733 107,4302.60,1,4302.30,4302.60,0.30,4302.30,3,4302.20,3,4302.10,4,4302.00,4,4301.90,9,4301.80,10,4301.70,9,4301.60,12,4301.50,9,4301.40,10,4302.60,3,4302.70,6,4302.80,3,4302.90,5,4303.00,5,4303.10,4,4303.20,3,4303.30,3,4303.40,14,4303.50,12,Buy,40,28,68,12.00,14.00,-7.00,1.30,61.5,4301.80,4303.00,4301.70,4302.60,16,27,43,-11.00,8.00,-11.00,0.80,37.5,-15,39,0.0000,0.1667,-99.00,-217.00,4333.13,-3.7123,DOWN,97.15,0.4426,1.7652
20260916 205735 926,4302.40,1,4302.30,4302.60,0.30,4302.30,4,4302.20,3,4302.10,3,4302.00,4,4301.90,4,4301.80,10,4301.70,9,4301.60,12,4301.50,9,4301.40,10,4302.60,9,4302.70,5,4302.80,3,4302.90,5,4303.00,5,4303.10,4,4303.20,3,4303.30,11,4303.40,14,4303.50,12,Sell,40,29,69,11.00,14.00,-7.00,1.30,46.2,4301.80,4303.00,4301.70,4302.40,16,27,43,-11.00,8.00,-11.00,0.80,37.5,-15,39,0.0000,0.2727,-100.00,-218.00,4333.12,-3.7186,DOWN,97.15,0.4426,1.7652
20260916 205735 926,4302.40,1,4302.30,4302.60,0.30,4302.30,4,4302.20,3,4302.10,3,4302.00,4,4301.90,4,4301.80,10,4301.70,9,4301.60,12,4301.50,9,4301.40,10,4302.60,9,4302.70,5,4302.80,3,4302.90,5,4303.00,5,4303.10,4,4303.20,3,4303.30,11,4303.40,14,4303.50,12,Sell,40,30,70,10.00,14.00,-7.00,1.30,46.2,4301.80,4303.00,4301.70,4302.40,16,27,43,-11.00,8.00,-11.00,0.80,37.5,-15,39,0.0000,0.4000,-101.00,-219.00,4333.12,-3.7186,DOWN,97.15,0.4426,1.7652
20260916 205737 338,4302.30,1,4302.20,4302.50,0.30,4302.20,2,4302.10,3,4302.00,4,4301.90,4,4301.80,10,4301.70,9,4301.60,12,4301.50,9,4301.40,10,4301.30,14,4302.50,5,4302.60,8,4302.70,5,4302.80,4,4302.90,5,4303.00,5,4303.10,12,4303.20,11,4303.30,11,4303.40,14,Sell,40,31,71,9.00,14.00,-7.00,1.30,38.5,4301.80,4303.00,4301.70,4302.30,16,27,43,-11.00,8.00,-11.00,0.80,37.5,-15,39,0.0000,0.5556,-102.00,-220.00,4333.11,-3.7218,DOWN,97.15,0.4426,1.7652
20260916 205737 475,4302.30,1,4302.30,4302.60,0.30,4302.30,2,4302.20,4,4302.10,3,4302.00,4,4301.90,4,4301.80,10,4301.70,9,4301.60,12,4301.50,9,4301.40,10,4302.60,10,4302.70,5,4302.80,4,4302.90,5,4303.00,5,4303.10,10,4303.20,9,4303.30,9,4303.40,12,4303.50,10,Sell,40,32,72,8.00,14.00,-7.00,1.30,38.5,4301.80,4303.00,4301.70,4302.30,16,27,43,-11.00,8.00,-11.00,0.80,37.5,-15,39,0.0000,0.7500,-103.00,-221.00,4333.11,-3.7218,DOWN,97.15,0.4426,1.7652
20260916 205737 475,4302.30,1,4302.30,4302.60,0.30,4302.30,2,4302.20,4,4302.10,3,4302.00,4,4301.90,4,4301.80,10,4301.70,9,4301.60,12,4301.50,9,4301.40,10,4302.60,10,4302.70,5,4302.80,4,4302.90,5,4303.00,5,4303.10,10,4303.20,9,4303.30,9,4303.40,12,4303.50,10,Sell,40,33,73,7.00,14.00,-7.00,1.30,38.5,4301.80,4303.00,4301.70,4302.30,16,27,43,-11.00,8.00,-11.00,0.80,37.5,-15,39,0.0000,1.0000,-104.00,-222.00,4333.11,-3.7218,DOWN,97.15,0.4426,1.7652
20260916 205738 711,4302.30,1,4302.20,4302.50,0.30,4302.20,3,4302.10,3,4302.00,4,4301.90,4,4301.80,10,4301.70,9,4301.60,12,4301.50,9,4301.40,10,4301.30,14,4302.50,3,4302.60,8,4302.70,5,4302.80,4,4302.90,6,4303.00,6,4303.10,4,4303.20,9,4303.30,9,4303.40,12,Sell,40,34,74,6.00,14.00,-7.00,1.30,38.5,4301.80,4303.00,4301.70,4302.30,16,27,43,-11.00,8.00,-11.00,0.80,37.5,-15,39,0.0000,1.3333,-105.00,-223.00,4333.11,-3.7218,DOWN,97.15,0.4426,1.7652
20260916 205738 838,4302.60,1,4302.40,4302.60,0.20,4302.40,3,4302.30,4,4302.20,3,4302.10,3,4302.00,4,4301.90,4,4301.80,10,4301.70,9,4301.60,12,4301.50,9,4302.60,4,4302.70,5,4302.80,3,4302.90,6,4303.00,6,4303.10,4,4303.20,3,4303.30,9,4303.40,12,4303.50,10,Buy,41,34,75,7.00,14.00,-7.00,1.30,61.5,4301.80,4303.00,4301.70,4302.60,16,27,43,-11.00,8.00,-11.00,0.80,37.5,-15,39,0.0000,1.0000,-104.00,-222.00,4333.13,-3.7123,DOWN,97.15,0.4426,1.7652
20260916 205741 296,4302.40,1,4302.40,4302.60,0.20,4302.40,1,4302.30,4,4302.20,3,4302.10,3,4302.00,4,4301.90,4,4301.80,10,4301.70,9,4301.60,12,4301.50,9,4302.60,7,4302.70,3,4302.80,3,4302.90,6,4303.00,6,4303.10,4,4303.20,3,4303.30,9,4303.40,12,4303.50,10,Sell,41,35,76,6.00,14.00,-7.00,1.30,46.2,4301.80,4303.00,4301.70,4302.40,16,27,43,-11.00,8.00,-11.00,0.80,37.5,-15,39,0.0000,1.3333,-105.00,-223.00,4333.12,-3.7186,DOWN,97.15,0.4426,1.7652
20260916 205742 042,4302.40,1,4302.40,4302.60,0.20,4302.40,1,4302.30,3,4302.20,3,4302.10,3,4302.00,4,4301.90,4,4301.80,10,4301.70,9,4301.60,12,4301.50,9,4302.60,8,4302.70,4,4302.80,3,4302.90,6,4303.00,6,4303.10,4,4303.20,3,4303.30,9,4303.40,12,4303.50,10,Sell,41,36,77,5.00,14.00,-7.00,1.30,46.2,4301.80,4303.00,4301.70,4302.40,16,27,43,-11.00,8.00,-11.00,0.80,37.5,-15,39,0.0000,1.8000,-106.00,-224.00,4333.12,-3.7186,DOWN,97.15,0.4426,1.7652
20260916 205742 327,4302.50,1,4302.40,4302.60,0.20,4302.40,2,4302.30,3,4302.20,3,4302.10,3,4302.00,4,4301.90,4,4301.80,10,4301.70,9,4301.60,12,4301.50,9,4302.60,3,4302.70,3,4302.80,3,4302.90,6,4303.00,6,4303.10,4,4303.20,3,4303.30,9,4303.40,12,4303.50,10,Sell,41,37,78,4.00,14.00,-7.00,1.30,53.8,4301.80,4303.00,4301.70,4302.50,16,27,43,-11.00,8.00,-11.00,0.80,37.5,-15,39,0.0000,2.5000,-107.00,-225.00,4333.12,-3.7154,DOWN,97.15,0.4426,1.7652
20260916 205744 965,4302.60,1,4302.60,4302.90,0.30,4302.60,2,4302.50,4,4302.40,5,4302.30,4,4302.20,3,4302.10,3,4302.00,10,4301.90,9,4301.80,10,4301.70,9,4302.90,5,4303.00,5,4303.10,4,4303.20,3,4303.30,9,4303.40,12,4303.50,10,4303.60,12,4303.70,10,4303.80,10,Buy,42,37,79,5.00,14.00,-7.00,1.30,61.5,4301.80,4303.00,4301.70,4302.60,16,27,43,-11.00,8.00,-11.00,0.80,37.5,-15,39,0.0000,1.8000,-106.00,-224.00,4333.13,-3.7123,DOWN,97.15,0.4426,1.7652
20260916 205744 965,4302.60,2,4302.60,4302.90,0.30,4302.60,2,4302.50,4,4302.40,5,4302.30,4,4302.20,3,4302.10,3,4302.00,10,4301.90,9,4301.80,10,4301.70,9,4302.90,5,4303.00,5,4303.10,4,4303.20,3,4303.30,9,4303.40,12,4303.50,10,4303.60,12,4303.70,10,4303.80,10,Buy,44,37,81,7.00,14.00,-7.00,1.30,61.5,4301.80,4303.00,4301.70,4302.60,16,27,43,-11.00,8.00,-11.00,0.80,37.5,-15,39,0.0000,1.0000,-104.00,-222.00,4333.13,-3.7123,DOWN,97.15,0.4426,1.7652
20260916 205744 967,4302.60,1,4302.60,4302.90,0.30,4302.60,2,4302.50,4,4302.40,5,4302.30,4,4302.20,3,4302.10,3,4302.00,10,4301.90,9,4301.80,10,4301.70,9,4302.90,5,4303.00,5,4303.10,4,4303.20,3,4303.30,9,4303.40,12,4303.50,10,4303.60,12,4303.70,10,4303.80,10,Sell,44,38,82,6.00,14.00,-7.00,1.30,61.5,4301.80,4303.00,4301.70,4302.60,16,27,43,-11.00,8.00,-11.00,0.80,37.5,-15,39,0.0000,1.3333,-105.00,-223.00,4333.13,-3.7123,DOWN,97.15,0.4426,1.7652
20260916 205751 299,4302.90,1,4302.60,4302.90,0.30,4302.60,3,4302.50,4,4302.40,5,4302.30,4,4302.20,3,4302.10,3,4302.00,15,4301.90,9,4301.80,10,4301.70,9,4302.90,4,4303.00,10,4303.10,4,4303.20,3,4303.30,3,4303.40,12,4303.50,12,4303.60,12,4303.70,10,4303.80,10,Buy,45,38,83,7.00,14.00,-7.00,1.30,84.6,4301.80,4303.00,4301.70,4302.90,16,27,43,-11.00,8.00,-11.00,0.80,37.5,-15,39,0.0000,1.0000,-104.00,-222.00,4333.16,-3.7027,DOWN,97.15,0.4426,1.7652
20260916 205751 299,4302.90,1,4302.60,4302.90,0.30,4302.60,3,4302.50,4,4302.40,5,4302.30,4,4302.20,3,4302.10,3,4302.00,15,4301.90,9,4301.80,10,4301.70,9,4302.90,4,4303.00,10,4303.10,4,4303.20,3,4303.30,3,4303.40,12,4303.50,12,4303.60,12,4303.70,10,4303.80,10,Buy,46,38,84,8.00,14.00,-7.00,1.30,84.6,4301.80,4303.00,4301.70,4302.90,16,27,43,-11.00,8.00,-11.00,0.80,37.5,-15,39,0.0000,0.7500,-103.00,-221.00,4333.16,-3.7027,DOWN,97.15,0.4426,1.7652
20260916 205752 432,4302.60,1,4302.60,4302.80,0.20,4302.50,3,4302.40,5,4302.30,4,4302.20,3,4302.10,3,4302.00,15,4301.90,9,4301.80,10,4301.70,9,4301.60,12,4302.80,4,4302.90,3,4303.00,10,4303.10,4,4303.20,3,4303.30,3,4303.40,11,4303.50,12,4303.60,12,4303.70,10,Sell,46,39,85,7.00,14.00,-7.00,1.30,61.5,4301.80,4303.00,4301.70,4302.60,16,27,43,-11.00,8.00,-11.00,0.80,37.5,-15,39,0.0000,1.0000,-104.00,-222.00,4333.13,-3.7123,DOWN,97.15,0.4426,1.7652
20260916 205755 886,4302.90,1,4302.80,4303.00,0.20,4302.80,2,4302.70,3,4302.60,5,4302.50,3,4302.40,5,4302.30,4,4302.20,3,4302.10,8,4302.00,15,4301.90,9,4303.00,8,4303.10,3,4303.20,4,4303.30,4,4303.40,5,4303.50,12,4303.60,12,4303.70,10,4303.80,10,4303.90,12,Buy,47,39,86,8.00,14.00,-7.00,1.30,84.6,4301.80,4303.00,4301.70,4302.90,16,27,43,-11.00,8.00,-11.00,0.80,37.5,-15,39,0.0000,0.7500,-103.00,-221.00,4333.16,-3.7027,DOWN,97.15,0.4426,1.7652
20260916 205755 886,4302.90,1,4302.80,4303.00,0.20,4302.80,2,4302.70,3,4302.60,5,4302.50,3,4302.40,5,4302.30,4,4302.20,3,4302.10,8,4302.00,15,4301.90,9,4303.00,8,4303.10,3,4303.20,4,4303.30,4,4303.40,5,4303.50,12,4303.60,12,4303.70,10,4303.80,10,4303.90,12,Buy,48,39,87,9.00,14.00,-7.00,1.30,84.6,4301.80,4303.00,4301.70,4302.90,16,27,43,-11.00,8.00,-11.00,0.80,37.5,-15,39,0.0000,0.5556,-102.00,-220.00,4333.16,-3.7027,DOWN,97.15,0.4426,1.7652
20260916 205755 900,4302.90,1,4302.80,4303.00,0.20,4302.80,2,4302.70,3,4302.60,5,4302.50,3,4302.40,5,4302.30,4,4302.20,3,4302.10,8,4302.00,15,4301.90,9,4303.00,8,4303.10,3,4303.20,4,4303.30,4,4303.40,5,4303.50,12,4303.60,12,4303.70,10,4303.80,10,4303.90,12,Buy,49,39,88,10.00,14.00,-7.00,1.30,84.6,4301.80,4303.00,4301.70,4302.90,16,27,43,-11.00,8.00,-11.00,0.80,37.5,-15,39,0.0000,0.4000,-101.00,-219.00,4333.16,-3.7027,DOWN,97.15,0.4426,1.7652
20260916 205755 900,4302.90,1,4302.80,4303.00,0.20,4302.80,2,4302.70,3,4302.60,5,4302.50,3,4302.40,5,4302.30,4,4302.20,3,4302.10,8,4302.00,15,4301.90,9,4303.00,8,4303.10,3,4303.20,4,4303.30,4,4303.40,5,4303.50,12,4303.60,12,4303.70,10,4303.80,10,4303.90,12,Buy,50,39,89,11.00,14.00,-7.00,1.30,84.6,4301.80,4303.00,4301.70,4302.90,16,27,43,-11.00,8.00,-11.00,0.80,37.5,-15,39,0.0000,0.2727,-100.00,-218.00,4333.16,-3.7027,DOWN,97.15,0.4426,1.7652
20260916 205800 082,4302.80,1,4302.80,4303.00,0.20,4302.70,4,4302.60,5,4302.50,3,4302.40,5,4302.30,4,4302.20,3,4302.10,8,4302.00,15,4301.90,9,4301.80,10,4303.00,9,4303.10,2,4303.20,3,4303.30,4,4303.40,5,4303.50,4,4303.60,12,4303.70,10,4303.80,10,4303.90,12,Sell,0,1,1,-1.00,-1.00,-1.00,0.00,0.0,4302.80,4302.80,4302.80,4302.80,50,39,89,11.00,14.00,-7.00,1.30,84.6,-3,66,0.2727,0.0000,-46.00,-213.00,4333.15,-3.7059,DOWN,91.35,0.9743,1.6463
20260916 205800 614,4302.70,1,4302.70,4302.90,0.20,4302.70,4,4302.60,5,4302.50,3,4302.40,5,4302.30,4,4302.20,3,4302.10,8,4302.00,15,4301.90,9,4301.80,10,4302.90,3,4303.00,8,4303.10,2,4303.20,3,4303.30,4,4303.40,5,4303.50,4,4303.60,12,4303.70,10,4303.80,10,Sell,0,2,2,-2.00,-1.00,-2.00,0.10,100.0,4302.80,4302.80,4302.70,4302.70,50,39,89,11.00,14.00,-7.00,1.30,84.6,-3,66,0.2727,0.0000,-47.00,-214.00,4333.14,-3.7091,DOWN,91.35,0.9743,1.6534
20260916 205801 009,4302.80,1,4302.70,4303.00,0.30,4302.70,2,4302.60,4,4302.50,3,4302.40,5,4302.30,4,4302.20,3,4302.10,8,4302.00,15,4301.90,9,4301.80,9,4303.00,10,4303.10,4,4303.20,4,4303.30,4,4303.40,5,4303.50,4,4303.60,12,4303.70,10,4303.80,10,4303.90,12,Sell,0,3,3,-3.00,-1.00,-3.00,0.10,0.0,4302.80,4302.80,4302.70,4302.80,50,39,89,11.00,14.00,-7.00,1.30,84.6,-3,66,0.2727,0.0000,-48.00,-215.00,4333.15,-3.7059,DOWN,91.35,0.9743,1.6534
20260916 205801 009,4302.80,1,4302.70,4303.00,0.30,4302.70,2,4302.60,4,4302.50,3,4302.40,5,4302.30,4,4302.20,3,4302.10,8,4302.00,15,4301.90,9,4301.80,9,4303.00,10,4303.10,4,4303.20,4,4303.30,4,4303.40,5,4303.50,4,4303.60,12,4303.70,10,4303.80,10,4303.90,12,Sell,0,4,4,-4.00,-1.00,-4.00,0.10,0.0,4302.80,4302.80,4302.70,4302.80,50,39,89,11.00,14.00,-7.00,1.30,84.6,-3,66,0.2727,0.0000,-49.00,-216.00,4333.15,-3.7059,DOWN,91.35,0.9743,1.6534
20260916 205809 963,4302.80,1,4302.70,4302.90,0.20,4302.70,1,4302.60,5,4302.50,2,4302.40,5,4302.30,4,4302.20,8,4302.10,8,4302.00,15,4301.90,9,4301.80,9,4302.90,1,4303.00,10,4303.10,4,4303.20,4,4303.30,4,4303.40,5,4303.50,12,4303.60,12,4303.70,10,4303.80,10,Sell,0,5,5,-5.00,-1.00,-5.00,0.10,0.0,4302.80,4302.80,4302.70,4302.80,50,39,89,11.00,14.00,-7.00,1.30,84.6,-3,66,0.2727,0.0000,-50.00,-217.00,4333.15,-3.7059,DOWN,91.35,0.9743,1.6534
20260916 205809 963,4302.70,1,4302.70,4302.90,0.20,4302.70,1,4302.60,5,4302.50,2,4302.40,5,4302.30,4,4302.20,8,4302.10,8,4302.00,15,4301.90,9,4301.80,9,4302.90,1,4303.00,10,4303.10,4,4303.20,4,4303.30,4,4303.40,5,4303.50,12,4303.60,12,4303.70,10,4303.80,10,Sell,0,6,6,-6.00,-1.00,-6.00,0.10,100.0,4302.80,4302.80,4302.70,4302.70,50,39,89,11.00,14.00,-7.00,1.30,84.6,-3,66,0.2727,0.0000,-51.00,-218.00,4333.14,-3.7091,DOWN,91.35,0.9743,1.6534
20260916 205815 151,4302.90,1,4302.70,4303.00,0.30,4302.70,2,4302.60,4,4302.50,2,4302.40,5,4302.30,4,4302.20,3,4302.10,8,4302.00,15,4301.90,9,4301.80,9,4303.00,9,4303.10,4,4303.20,4,4303.30,4,4303.40,5,4303.50,4,4303.60,11,4303.70,9,4303.80,9,4303.90,11,Buy,1,6,7,-5.00,-1.00,-6.00,0.20,50.0,4302.80,4302.90,4302.70,4302.90,50,39,89,11.00,14.00,-7.00,1.30,84.6,-3,66,0.2727,0.2000,-50.00,-217.00,4333.16,-3.7027,DOWN,91.35,0.9743,1.6534
20260916 205819 030,4302.80,1,4302.60,4302.80,0.20,4302.60,2,4302.50,2,4302.40,5,4302.30,4,4302.20,3,4302.10,8,4302.00,15,4301.90,9,4301.80,9,4301.70,9,4302.80,1,4302.90,4,4303.00,10,4303.10,5,4303.20,4,4303.30,4,4303.40,5,4303.50,4,4303.60,11,4303.70,9,Buy,2,6,8,-4.00,-1.00,-6.00,0.20,0.0,4302.80,4302.90,4302.70,4302.80,50,39,89,11.00,14.00,-7.00,1.30,84.6,-3,66,0.2727,0.5000,-49.00,-216.00,4333.15,-3.7059,DOWN,91.35,0.9743,1.6534
20260916 205819 926,4302.80,1,4302.60,4302.80,0.20,4302.60,2,4302.50,2,4302.40,5,4302.30,4,4302.20,3,4302.10,8,4302.00,15,4301.90,9,4301.80,9,4301.70,9,4302.90,4,4303.00,11,4303.10,5,4303.20,4,4303.30,4,4303.40,5,4303.50,4,4303.60,11,4303.70,9,4303.80,9,Buy,3,6,9,-3.00,-1.00,-6.00,0.20,0.0,4302.80,4302.90,4302.70,4302.80,50,39,89,11.00,14.00,-7.00,1.30,84.6,-3,66,0.2727,1.0000,-48.00,-215.00,4333.15,-3.7059,DOWN,91.35,0.9743,1.6534
20260916 205819 926,4302.80,1,4302.60,4302.80,0.20,4302.60,2,4302.50,2,4302.40,5,4302.30,4,4302.20,3,4302.10,8,4302.00,15,4301.90,9,4301.80,9,4301.70,9,4302.90,4,4303.00,11,4303.10,5,4303.20,4,4303.30,4,4303.40,5,4303.50,4,4303.60,11,4303.70,9,4303.80,9,Buy,4,6,10,-2.00,-1.00,-6.00,0.20,0.0,4302.80,4302.90,4302.70,4302.80,50,39,89,11.00,14.00,-7.00,1.30,84.6,-3,66,0.2727,2.0000,-47.00,-214.00,4333.15,-3.7059,DOWN,91.35,0.9743,1.6534
20260916 205821 819,4302.60,1,4302.30,4302.70,0.40,4302.30,3,4302.20,4,4302.10,9,4302.00,15,4301.90,9,4301.80,9,4301.70,9,4301.60,12,4301.50,9,4301.40,10,4302.70,3,4302.80,4,4302.90,6,4303.00,11,4303.10,6,4303.20,4,4303.30,4,4303.40,5,4303.50,9,4303.60,11,Sell,4,7,11,-3.00,-1.00,-6.00,0.30,66.7,4302.80,4302.90,4302.60,4302.60,50,39,89,11.00,14.00,-7.00,1.30,84.6,-3,66,0.2727,1.0000,-48.00,-215.00,4333.13,-3.7123,DOWN,91.35,0.9743,1.6606
20260916 205821 819,4302.50,1,4302.30,4302.70,0.40,4302.30,3,4302.20,4,4302.10,9,4302.00,15,4301.90,9,4301.80,9,4301.70,9,4301.60,12,4301.50,9,4301.40,10,4302.70,3,4302.80,4,4302.90,6,4303.00,11,4303.10,6,4303.20,4,4303.30,4,4303.40,5,4303.50,9,4303.60,11,Sell,4,8,12,-4.00,-1.00,-6.00,0.40,75.0,4302.80,4302.90,4302.50,4302.50,50,39,89,11.00,14.00,-7.00,1.30,84.6,-3,66,0.2727,0.5000,-49.00,-216.00,4333.12,-3.7154,DOWN,91.35,0.9743,1.6677
20260916 205821 819,4302.40,1,4302.30,4302.70,0.40,4302.30,3,4302.20,4,4302.10,9,4302.00,15,4301.90,9,4301.80,9,4301.70,9,4301.60,12,4301.50,9,4301.40,10,4302.70,3,4302.80,4,4302.90,6,4303.00,11,4303.10,6,4303.20,4,4303.30,4,4303.40,5,4303.50,9,4303.60,11,Sell,4,9,13,-5.00,-1.00,-6.00,0.50,80.0,4302.80,4302.90,4302.40,4302.40,50,39,89,11.00,14.00,-7.00,1.30,84.6,-3,66,0.2727,0.2000,-50.00,-217.00,4333.12,-3.7186,DOWN,91.35,0.9743,1.6749
20260916 205821 819,4302.40,1,4302.30,4302.70,0.40,4302.30,3,4302.20,4,4302.10,9,4302.00,15,4301.90,9,4301.80,9,4301.70,9,4301.60,12,4301.50,9,4301.40,10,4302.70,3,4302.80,4,4302.90,6,4303.00,11,4303.10,6,4303.20,4,4303.30,4,4303.40,5,4303.50,9,4303.60,11,Sell,4,10,14,-6.00,-1.00,-6.00,0.50,80.0,4302.80,4302.90,4302.40,4302.40,50,39,89,11.00,14.00,-7.00,1.30,84.6,-3,66,0.2727,0.0000,-51.00,-218.00,4333.12,-3.7186,DOWN,91.35,0.9743,1.6749
20260916 205821 819,4302.40,1,4302.30,4302.70,0.40,4302.30,3,4302.20,4,4302.10,9,4302.00,15,4301.90,9,4301.80,9,4301.70,9,4301.60,12,4301.50,9,4301.40,10,4302.70,3,4302.80,4,4302.90,6,4303.00,11,4303.10,6,4303.20,4,4303.30,4,4303.40,5,4303.50,9,4303.60,11,Sell,4,11,15,-7.00,-1.00,-7.00,0.50,80.0,4302.80,4302.90,4302.40,4302.40,50,39,89,11.00,14.00,-7.00,1.30,84.6,-3,66,0.2727,0.0000,-52.00,-219.00,4333.12,-3.7186,DOWN,91.35,0.9743,1.6749
20260916 205821 819,4302.30,1,4302.30,4302.70,0.40,4302.30,3,4302.20,4,4302.10,9,4302.00,15,4301.90,9,4301.80,9,4301.70,9,4301.60,12,4301.50,9,4301.40,10,4302.70,3,4302.80,4,4302.90,6,4303.00,11,4303.10,6,4303.20,4,4303.30,4,4303.40,5,4303.50,9,4303.60,11,Sell,4,12,16,-8.00,-1.00,-8.00,0.60,83.3,4302.80,4302.90,4302.30,4302.30,50,39,89,11.00,14.00,-7.00,1.30,84.6,-3,66,0.2727,0.0000,-53.00,-220.00,4333.11,-3.7218,DOWN,91.35,0.9743,1.6820
20260916 205822 380,4302.50,1,4302.50,4302.80,0.30,4302.50,2,4302.40,3,4302.30,4,4302.20,4,4302.10,9,4302.00,15,4301.90,9,4301.80,9,4301.70,9,4301.60,12,4302.80,3,4302.90,5,4303.00,12,4303.10,6,4303.20,4,4303.30,4,4303.40,14,4303.50,9,4303.60,11,4303.70,9,Sell,4,13,17,-9.00,-1.00,-9.00,0.60,50.0,4302.80,4302.90,4302.30,4302.50,50,39,89,11.00,14.00,-7.00,1.30,84.6,-3,66,0.2727,0.0000,-54.00,-221.00,4333.12,-3.7154,DOWN,91.35,0.9743,1.6820
20260916 205823 498,4302.60,1,4302.50,4302.70,0.20,4302.50,1,4302.40,3,4302.30,4,4302.20,4,4302.10,9,4302.00,15,4301.90,9,4301.80,9,4301.70,9,4301.60,11,4302.70,1,4302.80,7,4302.90,6,4303.00,12,4303.10,6,4303.20,4,4303.30,4,4303.40,5,4303.50,13,4303.60,14,Sell,4,14,18,-10.00,-1.00,-10.00,0.60,33.3,4302.80,4302.90,4302.30,4302.60,50,39,89,11.00,14.00,-7.00,1.30,84.6,-3,66,0.2727,0.0000,-55.00,-222.00,4333.13,-3.7123,DOWN,91.35,0.9743,1.6820
20260916 205823 555,4302.70,1,4302.50,4302.70,0.20,4302.50,1,4302.40,3,4302.30,4,4302.20,4,4302.10,9,4302.00,15,4301.90,9,4301.80,9,4301.70,9,4301.60,11,4302.70,1,4302.80,4,4302.90,5,4303.00,12,4303.10,6,4303.20,4,4303.30,4,4303.40,5,4303.50,13,4303.60,14,Buy,5,14,19,-9.00,-1.00,-10.00,0.60,16.7,4302.80,4302.90,4302.30,4302.70,50,39,89,11.00,14.00,-7.00,1.30,84.6,-3,66,0.2727,0.1111,-54.00,-221.00,4333.14,-3.7091,DOWN,91.35,0.9743,1.6820
20260916 205823 555,4302.80,1,4302.50,4302.70,0.20,4302.50,1,4302.40,3,4302.30,4,4302.20,4,4302.10,9,4302.00,15,4301.90,9,4301.80,9,4301.70,9,4301.60,11,4302.70,1,4302.80,4,4302.90,5,4303.00,12,4303.10,6,4303.20,4,4303.30,4,4303.40,5,4303.50,13,4303.60,14,Buy,6,14,20,-8.00,-1.00,-10.00,0.60,0.0,4302.80,4302.90,4302.30,4302.80,50,39,89,11.00,14.00,-7.00,1.30,84.6,-3,66,0.2727,0.2500,-53.00,-220.00,4333.15,-3.7059,DOWN,91.35,0.9743,1.6820
20260916 205823 555,4302.80,2,4302.50,4302.70,0.20,4302.50,1,4302.40,3,4302.30,4,4302.20,4,4302.10,9,4302.00,15,4301.90,9,4301.80,9,4301.70,9,4301.60,11,4302.70,1,4302.80,4,4302.90,5,4303.00,12,4303.10,6,4303.20,4,4303.30,4,4303.40,5,4303.50,13,4303.60,14,Buy,8,14,22,-6.00,-1.00,-10.00,0.60,0.0,4302.80,4302.90,4302.30,4302.80,50,39,89,11.00,14.00,-7.00,1.30,84.6,-3,66,0.2727,0.6667,-51.00,-218.00,4333.15,-3.7059,DOWN,91.35,0.9743,1.6820
20260916 205823 555,4302.80,1,4302.50,4302.70,0.20,4302.50,1,4302.40,3,4302.30,4,4302.20,4,4302.10,9,4302.00,15,4301.90,9,4301.80,9,4301.70,9,4301.60,11,4302.70,1,4302.80,4,4302.90,5,4303.00,12,4303.10,6,4303.20,4,4303.30,4,4303.40,5,4303.50,13,4303.60,14,Buy,9,14,23,-5.00,-1.00,-10.00,0.60,0.0,4302.80,4302.90,4302.30,4302.80,50,39,89,11.00,14.00,-7.00,1.30,84.6,-3,66,0.2727,1.0000,-50.00,-217.00,4333.15,-3.7059,DOWN,91.35,0.9743,1.6820
20260916 205824 312,4302.70,1,4302.50,4302.70,0.20,4302.60,1,4302.50,2,4302.40,4,4302.30,4,4302.20,4,4302.10,4,4302.00,15,4301.90,9,4301.80,9,4301.70,9,4302.80,2,4302.90,5,4303.00,11,4303.10,5,4303.20,4,4303.30,4,4303.40,5,4303.50,13,4303.60,14,4303.70,12,Buy,10,14,24,-4.00,-1.00,-10.00,0.60,16.7,4302.80,4302.90,4302.30,4302.70,50,39,89,11.00,14.00,-7.00,1.30,84.6,-3,66,0.2727,1.5000,-49.00,-216.00,4333.14,-3.7091,DOWN,91.35,0.9743,1.6820
20260916 205832 958,4302.60,1,4302.60,4302.80,0.20,4302.50,4,4302.40,3,4302.30,3,4302.20,4,4302.10,9,4302.00,15,4301.90,9,4301.80,9,4301.70,9,4301.60,11,4302.80,5,4302.90,5,4303.00,11,4303.10,5,4303.20,4,4303.30,4,4303.40,5,4303.50,13,4303.60,14,4303.70,12,Sell,10,15,25,-5.00,-1.00,-10.00,0.60,33.3,4302.80,4302.90,4302.30,4302.60,50,39,89,11.00,14.00,-7.00,1.30,84.6,-3,66,0.2727,1.0000,-50.00,-217.00,4333.13,-3.7123,DOWN,91.35,0.9743,1.6820
20260916 205833 228,4302.70,1,4302.50,4302.80,0.30,4302.50,1,4302.40,3,4302.30,5,4302.20,4,4302.10,4,4302.00,10,4301.90,9,4301.80,9,4301.70,9,4301.60,11,4302.80,4,4302.90,5,4303.00,11,4303.10,5,4303.20,4,4303.30,4,4303.40,14,4303.50,12,4303.60,14,4303.70,12,Buy,11,15,26,-4.00,-1.00,-10.00,0.60,16.7,4302.80,4302.90,4302.30,4302.70,50,39,89,11.00,14.00,-7.00,1.30,84.6,-3,66,0.2727,1.5000,-49.00,-216.00,4333.14,-3.7091,DOWN,91.35,0.9743,1.6820
20260916 205833 228,4302.70,1,4302.50,4302.80,0.30,4302.50,1,4302.40,3,4302.30,5,4302.20,4,4302.10,4,4302.00,10,4301.90,9,4301.80,9,4301.70,9,4301.60,11,4302.80,4,4302.90,5,4303.00,11,4303.10,5,4303.20,4,4303.30,4,4303.40,14,4303.50,12,4303.60,14,4303.70,12,Buy,12,15,27,-3.00,-1.00,-10.00,0.60,16.7,4302.80,4302.90,4302.30,4302.70,50,39,89,11.00,14.00,-7.00,1.30,84.6,-3,66,0.2727,2.3333,-48.00,-215.00,4333.14,-3.7091,DOWN,91.35,0.9743,1.6820
20260916 205833 228,4302.70,1,4302.50,4302.80,0.30,4302.50,1,4302.40,3,4302.30,5,4302.20,4,4302.10,4,4302.00,10,4301.90,9,4301.80,9,4301.70,9,4301.60,11,4302.80,4,4302.90,5,4303.00,11,4303.10,5,4303.20,4,4303.30,4,4303.40,14,4303.50,12,4303.60,14,4303.70,12,Buy,13,15,28,-2.00,-1.00,-10.00,0.60,16.7,4302.80,4302.90,4302.30,4302.70,50,39,89,11.00,14.00,-7.00,1.30,84.6,-3,66,0.2727,4.0000,-47.00,-214.00,4333.14,-3.7091,DOWN,91.35,0.9743,1.6820
20260916 205833 228,4302.80,1,4302.50,4302.80,0.30,4302.50,1,4302.40,3,4302.30,5,4302.20,4,4302.10,4,4302.00,10,4301.90,9,4301.80,9,4301.70,9,4301.60,11,4302.80,4,4302.90,5,4303.00,11,4303.10,5,4303.20,4,4303.30,4,4303.40,14,4303.50,12,4303.60,14,4303.70,12,Buy,14,15,29,-1.00,-1.00,-10.00,0.60,0.0,4302.80,4302.90,4302.30,4302.80,50,39,89,11.00,14.00,-7.00,1.30,84.6,-3,66,0.2727,9.0000,-46.00,-213.00,4333.15,-3.7059,DOWN,91.35,0.9743,1.6820
20260916 205833 228,4302.80,2,4302.50,4302.80,0.30,4302.50,1,4302.40,3,4302.30,5,4302.20,4,4302.10,4,4302.00,10,4301.90,9,4301.80,9,4301.70,9,4301.60,11,4302.80,4,4302.90,5,4303.00,11,4303.10,5,4303.20,4,4303.30,4,4303.40,14,4303.50,12,4303.60,14,4303.70,12,Buy,16,15,31,1.00,1.00,-10.00,0.60,0.0,4302.80,4302.90,4302.30,4302.80,50,39,89,11.00,14.00,-7.00,1.30,84.6,-3,66,0.2727,0.0000,-44.00,-211.00,4333.15,-3.7059,DOWN,91.35,0.9743,1.6820
20260916 205833 228,4302.80,1,4302.50,4302.80,0.30,4302.50,1,4302.40,3,4302.30,5,4302.20,4,4302.10,4,4302.00,10,4301.90,9,4301.80,9,4301.70,9,4301.60,11,4302.80,4,4302.90,5,4303.00,11,4303.10,5,4303.20,4,4303.30,4,4303.40,14,4303.50,12,4303.60,14,4303.70,12,Buy,17,15,32,2.00,2.00,-10.00,0.60,0.0,4302.80,4302.90,4302.30,4302.80,50,39,89,11.00,14.00,-7.00,1.30,84.6,-3,66,0.2727,0.0000,-43.00,-210.00,4333.15,-3.7059,DOWN,91.35,0.9743,1.6820
20260916 205833 228,4302.80,1,4302.50,4302.80,0.30,4302.50,1,4302.40,3,4302.30,5,4302.20,4,4302.10,4,4302.00,10,4301.90,9,4301.80,9,4301.70,9,4301.60,11,4302.80,4,4302.90,5,4303.00,11,4303.10,5,4303.20,4,4303.30,4,4303.40,14,4303.50,12,4303.60,14,4303.70,12,Buy,18,15,33,3.00,3.00,-10.00,0.60,0.0,4302.80,4302.90,4302.30,4302.80,50,39,89,11.00,14.00,-7.00,1.30,84.6,-3,66,0.2727,0.0000,-42.00,-209.00,4333.15,-3.7059,DOWN,91.35,0.9743,1.6820
20260916 205833 228,4302.80,1,4302.50,4302.80,0.30,4302.50,1,4302.40,3,4302.30,5,4302.20,4,4302.10,4,4302.00,10,4301.90,9,4301.80,9,4301.70,9,4301.60,11,4302.80,4,4302.90,5,4303.00,11,4303.10,5,4303.20,4,4303.30,4,4303.40,14,4303.50,12,4303.60,14,4303.70,12,Buy,19,15,34,4.00,4.00,-10.00,0.60,0.0,4302.80,4302.90,4302.30,4302.80,50,39,89,11.00,14.00,-7.00,1.30,84.6,-3,66,0.2727,0.0000,-41.00,-208.00,4333.15,-3.7059,DOWN,91.35,0.9743,1.6820
20260916 205833 662,4302.70,1,4302.50,4302.80,0.30,4302.50,1,4302.40,4,4302.30,6,4302.20,4,4302.10,4,4302.00,10,4301.90,9,4301.80,9,4301.70,10,4301.60,11,4302.80,5,4302.90,5,4303.00,11,4303.10,5,4303.20,4,4303.30,4,4303.40,11,4303.50,9,4303.60,11,4303.70,9,Buy,20,15,35,5.00,5.00,-10.00,0.60,16.7,4302.80,4302.90,4302.30,4302.70,50,39,89,11.00,14.00,-7.00,1.30,84.6,-3,66,0.2727,0.0000,-40.00,-207.00,4333.14,-3.7091,DOWN,91.35,0.9743,1.6820
20260916 205834 359,4302.80,1,4302.50,4302.80,0.30,4302.50,6,4302.40,4,4302.30,6,4302.20,4,4302.10,4,4302.00,5,4301.90,9,4301.80,9,4301.70,10,4301.60,11,4302.80,3,4302.90,5,4303.00,11,4303.10,5,4303.20,4,4303.30,4,4303.40,11,4303.50,9,4303.60,11,4303.70,9,Buy,21,15,36,6.00,6.00,-10.00,0.60,0.0,4302.80,4302.90,4302.30,4302.80,50,39,89,11.00,14.00,-7.00,1.30,84.6,-3,66,0.2727,0.0000,-39.00,-206.00,4333.15,-3.7059,DOWN,91.35,0.9743,1.6820
20260916 205838 475,4302.50,5,4302.40,4302.70,0.30,4302.40,2,4302.30,5,4302.20,3,4302.10,4,4302.00,5,4301.90,9,4301.80,9,4301.70,10,4301.60,11,4301.50,9,4302.70,3,4302.80,4,4302.90,5,4303.00,11,4303.10,5,4303.20,4,4303.30,4,4303.40,11,4303.50,9,4303.60,11,Sell,21,20,41,1.00,6.00,-10.00,0.60,50.0,4302.80,4302.90,4302.30,4302.50,50,39,89,11.00,14.00,-7.00,1.30,84.6,-3,66,0.2727,5.0000,-44.00,-211.00,4333.12,-3.7154,DOWN,91.35,0.9743,1.6820
20260916 205839 458,4302.30,1,4302.30,4302.60,0.30,4302.30,3,4302.20,3,4302.10,4,4302.00,5,4301.90,4,4301.80,9,4301.70,10,4301.60,11,4301.50,9,4301.40,9,4302.60,2,4302.70,7,4302.80,5,4302.90,7,4303.00,11,4303.10,5,4303.20,4,4303.30,10,4303.40,11,4303.50,9,Sell,21,21,42,0.00,6.00,-10.00,0.60,83.3,4302.80,4302.90,4302.30,4302.30,50,39,89,11.00,14.00,-7.00,1.30,84.6,-3,66,0.2727,6.0000,-45.00,-212.00,4333.11,-3.7218,DOWN,91.35,0.9743,1.6820
20260916 205840 804,4302.50,1,4302.20,4302.50,0.30,4302.20,3,4302.10,4,4302.00,5,4301.90,5,4301.80,4,4301.70,10,4301.60,11,4301.50,9,4301.40,9,4301.30,8,4302.50,1,4302.60,5,4302.70,6,4302.80,5,4302.90,7,4303.00,12,4303.10,5,4303.20,4,4303.30,10,4303.40,11,Buy,22,21,43,1.00,6.00,-10.00,0.60,50.0,4302.80,4302.90,4302.30,4302.50,50,39,89,11.00,14.00,-7.00,1.30,84.6,-3,66,0.2727,5.0000,-44.00,-211.00,4333.12,-3.7154,DOWN,91.35,0.9743,1.6820
20260916 205850 840,4302.40,1,4302.30,4302.70,0.40,4302.30,3,4302.20,3,4302.10,3,4302.00,6,4301.90,5,4301.80,5,4301.70,10,4301.60,11,4301.50,10,4301.40,10,4302.70,6,4302.80,5,4302.90,7,4303.00,11,4303.10,5,4303.20,4,4303.30,10,4303.40,11,4303.50,9,4303.60,11,Buy,23,21,44,2.00,6.00,-10.00,0.60,66.7,4302.80,4302.90,4302.30,4302.40,50,39,89,11.00,14.00,-7.00,1.30,84.6,-3,66,0.2727,2.0000,-43.00,-210.00,4333.12,-3.7186,DOWN,91.35,0.9743,1.6820
20260916 205851 355,4302.70,1,4302.40,4302.70,0.30,4302.40,2,4302.30,3,4302.20,3,4302.10,3,4302.00,7,4301.90,5,4301.80,10,4301.70,10,4301.60,11,4301.50,10,4302.70,3,4302.80,5,4302.90,7,4303.00,11,4303.10,5,4303.20,4,4303.30,10,4303.40,11,4303.50,9,4303.60,11,Buy,24,21,45,3.00,6.00,-10.00,0.60,16.7,4302.80,4302.90,4302.30,4302.70,50,39,89,11.00,14.00,-7.00,1.30,84.6,-3,66,0.2727,1.0000,-42.00,-209.00,4333.14,-3.7091,DOWN,91.35,0.9743,1.6820
20260916 205853 799,4302.90,1,4302.60,4302.90,0.30,4302.60,3,4302.50,2,4302.40,3,4302.30,3,4302.20,4,4302.10,4,4302.00,11,4301.90,9,4301.80,10,4301.70,9,4302.90,2,4303.00,11,4303.10,4,4303.20,3,4303.30,3,4303.40,4,4303.50,2,4303.60,10,4303.70,9,4303.80,8,Buy,25,21,46,4.00,6.00,-10.00,0.60,16.7,4302.80,4302.90,4302.30,4302.90,50,39,89,11.00,14.00,-7.00,1.30,84.6,-3,66,0.2727,0.5000,-41.00,-208.00,4333.16,-3.7027,DOWN,91.35,0.9743,1.6820
20260916 205857 535,4302.90,1,4302.90,4303.20,0.30,4302.90,2,4302.80,3,4302.70,4,4302.60,4,4302.50,2,4302.40,3,4302.30,3,4302.20,9,4302.10,9,4302.00,10,4303.20,3,4303.30,3,4303.40,4,4303.50,3,4303.60,4,4303.70,3,4303.80,8,4303.90,10,4304.00,11,4304.10,9,Buy,26,21,47,5.00,6.00,-10.00,0.60,16.7,4302.80,4302.90,4302.30,4302.90,50,39,89,11.00,14.00,-7.00,1.30,84.6,-3,66,0.2727,0.2000,-40.00,-207.00,4333.16,-3.7027,DOWN,91.35,0.9743,1.6820
20260916 205857 546,4303.00,1,4302.90,4303.20,0.30,4302.90,2,4302.80,3,4302.70,4,4302.60,4,4302.50,2,4302.40,3,4302.30,3,4302.20,9,4302.10,9,4302.00,10,4303.20,3,4303.30,3,4303.40,4,4303.50,3,4303.60,4,4303.70,3,4303.80,8,4303.90,10,4304.00,11,4304.10,9,Buy,27,21,48,6.00,6.00,-10.00,0.70,28.6,4302.80,4303.00,4302.30,4303.00,50,39,89,11.00,14.00,-7.00,1.30,84.6,-3,66,0.2727,0.0000,-39.00,-206.00,4333.17,-3.6996,DOWN,91.35,0.9743,1.6892
20260916 205857 546,4303.00,1,4302.90,4303.20,0.30,4302.90,2,4302.80,3,4302.70,4,4302.60,4,4302.50,2,4302.40,3,4302.30,3,4302.20,9,4302.10,9,4302.00,10,4303.20,3,4303.30,3,4303.40,4,4303.50,3,4303.60,4,4303.70,3,4303.80,8,4303.90,10,4304.00,11,4304.10,9,Buy,28,21,49,7.00,7.00,-10.00,0.70,28.6,4302.80,4303.00,4302.30,4303.00,50,39,89,11.00,14.00,-7.00,1.30,84.6,-3,66,0.2727,0.0000,-38.00,-205.00,4333.17,-3.6996,DOWN,91.35,0.9743,1.6892
20260916 205857 546,4303.00,1,4302.90,4303.20,0.30,4302.90,2,4302.80,3,4302.70,4,4302.60,4,4302.50,2,4302.40,3,4302.30,3,4302.20,9,4302.10,9,4302.00,10,4303.20,3,4303.30,3,4303.40,4,4303.50,3,4303.60,4,4303.70,3,4303.80,8,4303.90,10,4304.00,11,4304.10,9,Buy,29,21,50,8.00,8.00,-10.00,0.70,28.6,4302.80,4303.00,4302.30,4303.00,50,39,89,11.00,14.00,-7.00,1.30,84.6,-3,66,0.2727,0.0000,-37.00,-204.00,4333.17,-3.6996,DOWN,91.35,0.9743,1.6892
20260916 205857 546,4303.00,5,4302.90,4303.20,0.30,4302.90,2,4302.80,3,4302.70,4,4302.60,4,4302.50,2,4302.40,3,4302.30,3,4302.20,9,4302.10,9,4302.00,10,4303.20,3,4303.30,3,4303.40,4,4303.50,3,4303.60,4,4303.70,3,4303.80,8,4303.90,10,4304.00,11,4304.10,9,Buy,34,21,55,13.00,13.00,-10.00,0.70,28.6,4302.80,4303.00,4302.30,4303.00,50,39,89,11.00,14.00,-7.00,1.30,84.6,-3,66,0.2727,0.0000,-32.00,-199.00,4333.17,-3.6996,DOWN,91.35,0.9743,1.6892
20260916 205859 239,4302.90,1,4302.80,4303.10,0.30,4302.80,2,4302.70,4,4302.60,3,4302.50,3,4302.40,3,4302.30,3,4302.20,8,4302.10,8,4302.00,10,4301.90,9,4303.10,3,4303.20,5,4303.30,3,4303.40,5,4303.50,4,4303.60,4,4303.70,3,4303.80,8,4303.90,10,4304.00,11,Sell,34,22,56,12.00,13.00,-10.00,0.70,14.3,4302.80,4303.00,4302.30,4302.90,50,39,89,11.00,14.00,-7.00,1.30,84.6,-3,66,0.2727,0.0833,-33.00,-200.00,4333.16,-3.7027,DOWN,91.35,0.9743,1.6892
20260916 205859 239,4302.90,1,4302.80,4303.10,0.30,4302.80,2,4302.70,4,4302.60,3,4302.50,3,4302.40,3,4302.30,3,4302.20,8,4302.10,8,4302.00,10,4301.90,9,4303.10,3,4303.20,5,4303.30,3,4303.40,5,4303.50,4,4303.60,4,4303.70,3,4303.80,8,4303.90,10,4304.00,11,Sell,34,23,57,11.00,13.00,-10.00,0.70,14.3,4302.80,4303.00,4302.30,4302.90,50,39,89,11.00,14.00,-7.00,1.30,84.6,-3,66,0.2727,0.1818,-34.00,-201.00,4333.16,-3.7027,DOWN,91.35,0.9743,1.6892
20260916 205859 239,4302.90,1,4302.80,4303.10,0.30,4302.80,2,4302.70,4,4302.60,3,4302.50,3,4302.40,3,4302.30,3,4302.20,8,4302.10,8,4302.00,10,4301.90,9,4303.10,3,4303.20,5,4303.30,3,4303.40,5,4303.50,4,4303.60,4,4303.70,3,4303.80,8,4303.90,10,4304.00,11,Sell,34,24,58,10.00,13.00,-10.00,0.70,14.3,4302.80,4303.00,4302.30,4302.90,50,39,89,11.00,14.00,-7.00,1.30,84.6,-3,66,0.2727,0.3000,-35.00,-202.00,4333.16,-3.7027,DOWN,91.35,0.9743,1.6892
20260916 205859 239,4302.80,1,4302.80,4303.10,0.30,4302.80,2,4302.70,4,4302.60,3,4302.50,3,4302.40,3,4302.30,3,4302.20,8,4302.10,8,4302.00,10,4301.90,9,4303.10,3,4303.20,5,4303.30,3,4303.40,5,4303.50,4,4303.60,4,4303.70,3,4303.80,8,4303.90,10,4304.00,11,Sell,34,25,59,9.00,13.00,-10.00,0.70,0.0,4302.80,4303.00,4302.30,4302.80,50,39,89,11.00,14.00,-7.00,1.30,84.6,-3,66,0.2727,0.4444,-36.00,-203.00,4333.15,-3.7059,DOWN,91.35,0.9743,1.6892
20260916 205859 885,4302.80,1,4302.80,4303.00,0.20,4302.70,3,4302.60,3,4302.50,3,4302.40,3,4302.30,3,4302.20,8,4302.10,8,4302.00,10,4301.90,9,4301.80,10,4302.90,1,4303.00,3,4303.10,4,4303.20,5,4303.30,3,4303.40,5,4303.50,4,4303.60,4,4303.70,3,4303.80,8,Sell,34,26,60,8.00,13.00,-10.00,0.70,0.0,4302.80,4303.00,4302.30,4302.80,50,39,89,11.00,14.00,-7.00,1.30,84.6,-3,66,0.2727,0.6250,-37.00,-204.00,4333.15,-3.7059,DOWN,91.35,0.9743,1.6892
20260916 205859 885,4302.80,1,4302.80,4303.00,0.20,4302.70,3,4302.60,3,4302.50,3,4302.40,3,4302.30,3,4302.20,8,4302.10,8,4302.00,10,4301.90,9,4301.80,10,4302.90,1,4303.00,3,4303.10,4,4303.20,5,4303.30,3,4303.40,5,4303.50,4,4303.60,4,4303.70,3,4303.80,8,Sell,34,27,61,7.00,13.00,-10.00,0.70,0.0,4302.80,4303.00,4302.30,4302.80,50,39,89,11.00,14.00,-7.00,1.30,84.6,-3,66,0.2727,0.8571,-38.00,-205.00,4333.15,-3.7059,DOWN,91.35,0.9743,1.6892
20260916 205900 379,4302.70,1,4302.70,4302.90,0.20,4302.70,1,4302.60,4,4302.50,3,4302.40,3,4302.30,3,4302.20,3,4302.10,8,4302.00,10,4301.90,9,4301.80,10,4303.00,4,4303.10,5,4303.20,5,4303.30,3,4303.40,5,4303.50,4,4303.60,4,4303.70,9,4303.80,8,4303.90,10,Sell,0,1,1,-1.00,-1.00,-1.00,0.00,0.0,4302.70,4302.70,4302.70,4302.70,34,27,61,7.00,13.00,-10.00,0.70,0.0,33,84,0.8571,0.0000,-8.00,-282.00,4333.14,-3.7091,DOWN,89.05,0.6850,1.5756
20260916 205901 082,4302.70,1,4302.70,4302.90,0.20,4302.70,1,4302.60,3,4302.50,3,4302.40,3,4302.30,3,4302.20,3,4302.10,8,4302.00,10,4301.90,9,4301.80,10,4302.90,1,4303.00,4,4303.10,6,4303.20,5,4303.30,3,4303.40,5,4303.50,4,4303.60,4,4303.70,9,4303.80,8,Sell,0,2,2,-2.00,-1.00,-2.00,0.00,0.0,4302.70,4302.70,4302.70,4302.70,34,27,61,7.00,13.00,-10.00,0.70,0.0,33,84,0.8571,0.0000,-9.00,-283.00,4333.14,-3.7091,DOWN,89.05,0.6850,1.5756
20260916 205901 523,4303.00,1,4302.70,4303.00,0.30,4302.70,2,4302.60,3,4302.50,3,4302.40,3,4302.30,3,4302.20,3,4302.10,8,4302.00,10,4301.90,9,4301.80,10,4303.00,4,4303.10,6,4303.20,4,4303.30,3,4303.40,5,4303.50,3,4303.60,4,4303.70,9,4303.80,8,4303.90,10,Buy,1,2,3,-1.00,-1.00,-2.00,0.30,100.0,4302.70,4303.00,4302.70,4303.00,34,27,61,7.00,13.00,-10.00,0.70,0.0,33,84,0.8571,1.0000,-8.00,-282.00,4333.17,-3.6996,DOWN,89.05,0.6850,1.5899
20260916 205901 523,4303.00,1,4302.70,4303.00,0.30,4302.70,2,4302.60,3,4302.50,3,4302.40,3,4302.30,3,4302.20,3,4302.10,8,4302.00,10,4301.90,9,4301.80,10,4303.00,4,4303.10,6,4303.20,4,4303.30,3,4303.40,5,4303.50,3,4303.60,4,4303.70,9,4303.80,8,4303.90,10,Buy,2,2,4,0.00,0.00,-2.00,0.30,100.0,4302.70,4303.00,4302.70,4303.00,34,27,61,7.00,13.00,-10.00,0.70,0.0,33,84,0.8571,0.0000,-7.00,-281.00,4333.17,-3.6996,DOWN,89.05,0.6850,1.5899
20260916 205902 505,4302.70,1,4302.70,4303.00,0.30,4302.70,2,4302.60,3,4302.50,3,4302.40,3,4302.30,3,4302.20,3,4302.10,8,4302.00,10,4301.90,9,4301.80,10,4303.00,4,4303.10,6,4303.20,4,4303.30,3,4303.40,5,4303.50,3,4303.60,4,4303.70,9,4303.80,8,4303.90,10,Sell,2,3,5,-1.00,0.00,-2.00,0.30,0.0,4302.70,4303.00,4302.70,4302.70,34,27,61,7.00,13.00,-10.00,0.70,0.0,33,84,0.8571,1.0000,-8.00,-282.00,4333.14,-3.7091,DOWN,89.05,0.6850,1.5899
20260916 205904 306,4302.70,1,4302.70,4303.00,0.30,4302.70,2,4302.60,3,4302.50,3,4302.40,3,4302.30,3,4302.20,3,4302.10,8,4302.00,10,4301.90,9,4301.80,10,4303.00,4,4303.10,6,4303.20,4,4303.30,3,4303.40,5,4303.50,3,4303.60,4,4303.70,9,4303.80,8,4303.90,10,Sell,2,4,6,-2.00,0.00,-2.00,0.30,0.0,4302.70,4303.00,4302.70,4302.70,34,27,61,7.00,13.00,-10.00,0.70,0.0,33,84,0.8571,0.0000,-9.00,-283.00,4333.14,-3.7091,DOWN,89.05,0.6850,1.5899
20260916 205905 018,4302.70,1,4302.50,4302.80,0.30,4302.50,3,4302.40,3,4302.30,3,4302.20,3,4302.10,3,4302.00,10,4301.90,9,4301.80,10,4301.70,9,4301.60,10,4302.80,2,4302.90,4,4303.00,4,4303.10,6,4303.20,4,4303.30,3,4303.40,5,4303.50,9,4303.60,10,4303.70,9,Sell,2,5,7,-3.00,0.00,-3.00,0.30,0.0,4302.70,4303.00,4302.70,4302.70,34,27,61,7.00,13.00,-10.00,0.70,0.0,33,84,0.8571,0.0000,-10.00,-284.00,4333.14,-3.7091,DOWN,89.05,0.6850,1.5899
20260916 205906 248,4302.80,1,4302.50,4302.80,0.30,4302.50,2,4302.40,2,4302.30,3,4302.20,3,4302.10,3,4302.00,5,4301.90,9,4301.80,10,4301.70,9,4301.60,10,4302.80,2,4302.90,4,4303.00,5,4303.10,6,4303.20,4,4303.30,3,4303.40,5,4303.50,9,4303.60,10,4303.70,9,Buy,3,5,8,-2.00,0.00,-3.00,0.30,33.3,4302.70,4303.00,4302.70,4302.80,34,27,61,7.00,13.00,-10.00,0.70,0.0,33,84,0.8571,0.5000,-9.00,-283.00,4333.15,-3.7059,DOWN,89.05,0.6850,1.5899
20260916 205906 913,4302.50,1,4302.50,4302.70,0.20,4302.50,1,4302.40,2,4302.30,3,4302.20,3,4302.10,3,4302.00,5,4301.90,9,4301.80,10,4301.70,9,4301.60,10,4302.70,2,4302.80,3,4302.90,4,4303.00,6,4303.10,6,4303.20,4,4303.30,3,4303.40,5,4303.50,11,4303.60,10,Sell,3,6,9,-3.00,0.00,-3.00,0.50,40.0,4302.70,4303.00,4302.50,4302.50,34,27,61,7.00,13.00,-10.00,0.70,0.0,33,84,0.8571,0.0000,-10.00,-284.00,4333.12,-3.7154,DOWN,89.05,0.6850,1.6042
20260916 205908 273,4302.70,2,4302.50,4302.70,0.20,4302.50,3,4302.40,2,4302.30,3,4302.20,3,4302.10,3,4302.00,5,4301.90,9,4301.80,10,4301.70,9,4301.60,10,4302.90,3,4303.00,6,4303.10,6,4303.20,4,4303.30,3,4303.40,5,4303.50,11,4303.60,10,4303.70,9,4303.80,8,Buy,5,6,11,-1.00,0.00,-3.00,0.50,0.0,4302.70,4303.00,4302.50,4302.70,34,27,61,7.00,13.00,-10.00,0.70,0.0,33,84,0.8571,2.0000,-8.00,-282.00,4333.14,-3.7091,DOWN,89.05,0.6850,1.6042
20260916 205908 273,4302.80,1,4302.50,4302.70,0.20,4302.50,3,4302.40,2,4302.30,3,4302.20,3,4302.10,3,4302.00,5,4301.90,9,4301.80,10,4301.70,9,4301.60,10,4302.90,3,4303.00,6,4303.10,6,4303.20,4,4303.30,3,4303.40,5,4303.50,11,4303.60,10,4303.70,9,4303.80,8,Buy,6,6,12,0.00,0.00,-3.00,0.50,20.0,4302.70,4303.00,4302.50,4302.80,34,27,61,7.00,13.00,-10.00,0.70,0.0,33,84,0.8571,0.0000,-7.00,-281.00,4333.15,-3.7059,DOWN,89.05,0.6850,1.6042
20260916 205908 273,4302.80,1,4302.50,4302.70,0.20,4302.50,3,4302.40,2,4302.30,3,4302.20,3,4302.10,3,4302.00,5,4301.90,9,4301.80,10,4301.70,9,4301.60,10,4302.90,3,4303.00,6,4303.10,6,4303.20,4,4303.30,3,4303.40,5,4303.50,11,4303.60,10,4303.70,9,4303.80,8,Buy,7,6,13,1.00,1.00,-3.00,0.50,20.0,4302.70,4303.00,4302.50,4302.80,34,27,61,7.00,13.00,-10.00,0.70,0.0,33,84,0.8571,0.0000,-6.00,-280.00,4333.15,-3.7059,DOWN,89.05,0.6850,1.6042
20260916 205908 273,4302.90,1,4302.50,4302.70,0.20,4302.50,3,4302.40,2,4302.30,3,4302.20,3,4302.10,3,4302.00,5,4301.90,9,4301.80,10,4301.70,9,4301.60,10,4302.90,3,4303.00,6,4303.10,6,4303.20,4,4303.30,3,4303.40,5,4303.50,11,4303.60,10,4303.70,9,4303.80,8,Buy,8,6,14,2.00,2.00,-3.00,0.50,40.0,4302.70,4303.00,4302.50,4302.90,34,27,61,7.00,13.00,-10.00,0.70,0.0,33,84,0.8571,0.0000,-5.00,-279.00,4333.16,-3.7027,DOWN,89.05,0.6850,1.6042
20260916 205908 273,4302.90,1,4302.50,4302.70,0.20,4302.50,3,4302.40,2,4302.30,3,4302.20,3,4302.10,3,4302.00,5,4301.90,9,4301.80,10,4301.70,9,4301.60,10,4302.90,3,4303.00,6,4303.10,6,4303.20,4,4303.30,3,4303.40,5,4303.50,11,4303.60,10,4303.70,9,4303.80,8,Buy,9,6,15,3.00,3.00,-3.00,0.50,40.0,4302.70,4303.00,4302.50,4302.90,34,27,61,7.00,13.00,-10.00,0.70,0.0,33,84,0.8571,0.0000,-4.00,-278.00,4333.16,-3.7027,DOWN,89.05,0.6850,1.6042
20260916 205908 952,4302.80,1,4302.80,4303.00,0.20,4302.80,2,4302.70,4,4302.60,6,4302.50,5,4302.40,3,4302.30,4,4302.20,3,4302.10,3,4302.00,10,4301.90,9,4303.00,3,4303.10,5,4303.20,4,4303.30,3,4303.40,5,4303.50,5,4303.60,10,4303.70,9,4303.80,8,4303.90,10,Buy,10,6,16,4.00,4.00,-3.00,0.50,20.0,4302.70,4303.00,4302.50,4302.80,34,27,61,7.00,13.00,-10.00,0.70,0.0,33,84,0.8571,0.0000,-3.00,-277.00,4333.15,-3.7059,DOWN,89.05,0.6850,1.6042
20260916 205908 952,4302.80,1,4302.80,4303.00,0.20,4302.80,2,4302.70,4,4302.60,6,4302.50,5,4302.40,3,4302.30,4,4302.20,3,4302.10,3,4302.00,10,4301.90,9,4303.00,3,4303.10,5,4303.20,4,4303.30,3,4303.40,5,4303.50,5,4303.60,10,4303.70,9,4303.80,8,4303.90,10,Buy,11,6,17,5.00,5.00,-3.00,0.50,20.0,4302.70,4303.00,4302.50,4302.80,34,27,61,7.00,13.00,-10.00,0.70,0.0,33,84,0.8571,0.0000,-2.00,-276.00,4333.15,-3.7059,DOWN,89.05,0.6850,1.6042
20260916 205909 080,4303.00,2,4302.90,4303.00,0.10,4302.90,3,4302.80,3,4302.70,4,4302.60,6,4302.50,5,4302.40,3,4302.30,4,4302.20,8,4302.10,8,4302.00,10,4303.00,1,4303.10,1,4303.20,3,4303.30,3,4303.40,5,4303.50,5,4303.60,4,4303.70,9,4303.80,8,4303.90,10,Buy,13,6,19,7.00,7.00,-3.00,0.50,60.0,4302.70,4303.00,4302.50,4303.00,34,27,61,7.00,13.00,-10.00,0.70,0.0,33,84,0.8571,0.0000,0.00,-274.00,4333.17,-3.6996,DOWN,89.05,0.6850,1.6042
20260916 205910 168,4303.00,1,4302.90,4303.00,0.10,4302.90,3,4302.80,3,4302.70,4,4302.60,6,4302.50,5,4302.40,3,4302.30,9,4302.20,8,4302.10,8,4302.00,10,4303.00,1,4303.30,3,4303.40,5,4303.50,5,4303.60,4,4303.70,9,4303.80,8,4303.90,10,4304.00,11,4304.10,9,Buy,14,6,20,8.00,8.00,-3.00,0.50,60.0,4302.70,4303.00,4302.50,4303.00,34,27,61,7.00,13.00,-10.00,0.70,0.0,33,84,0.8571,0.0000,1.00,-273.00,4333.17,-3.6996,DOWN,89.05,0.6850,1.6042
20260916 205910 168,4303.10,1,4302.90,4303.00,0.10,4302.90,3,4302.80,3,4302.70,4,4302.60,6,4302.50,5,4302.40,3,4302.30,9,4302.20,8,4302.10,8,4302.00,10,4303.00,1,4303.30,3,4303.40,5,4303.50,5,4303.60,4,4303.70,9,4303.80,8,4303.90,10,4304.00,11,4304.10,9,Buy,15,6,21,9.00,9.00,-3.00,0.60,66.7,4302.70,4303.10,4302.50,4303.10,34,27,61,7.00,13.00,-10.00,0.70,0.0,33,84,0.8571,0.0000,2.00,-272.00,4333.18,-3.6964,DOWN,89.05,0.6850,1.6114
20260916 205910 168,4303.10,1,4302.90,4303.00,0.10,4302.90,3,4302.80,3,4302.70,4,4302.60,6,4302.50,5,4302.40,3,4302.30,9,4302.20,8,4302.10,8,4302.00,10,4303.00,1,4303.30,3,4303.40,5,4303.50,5,4303.60,4,4303.70,9,4303.80,8,4303.90,10,4304.00,11,4304.10,9,Buy,16,6,22,10.00,10.00,-3.00,0.60,66.7,4302.70,4303.10,4302.50,4303.10,34,27,61,7.00,13.00,-10.00,0.70,0.0,33,84,0.8571,0.0000,3.00,-271.00,4333.18,-3.6964,DOWN,89.05,0.6850,1.6114
20260916 205910 168,4303.20,1,4302.90,4303.00,0.10,4302.90,3,4302.80,3,4302.70,4,4302.60,6,4302.50,5,4302.40,3,4302.30,9,4302.20,8,4302.10,8,4302.00,10,4303.00,1,4303.30,3,4303.40,5,4303.50,5,4303.60,4,4303.70,9,4303.80,8,4303.90,10,4304.00,11,4304.10,9,Buy,17,6,23,11.00,11.00,-3.00,0.70,71.4,4302.70,4303.20,4302.50,4303.20,34,27,61,7.00,13.00,-10.00,0.70,0.0,33,84,0.8571,0.0000,4.00,-270.00,4333.19,-3.6932,DOWN,89.05,0.6850,1.6185
20260916 205910 168,4303.20,1,4302.90,4303.00,0.10,4302.90,3,4302.80,3,4302.70,4,4302.60,6,4302.50,5,4302.40,3,4302.30,9,4302.20,8,4302.10,8,4302.00,10,4303.00,1,4303.30,3,4303.40,5,4303.50,5,4303.60,4,4303.70,9,4303.80,8,4303.90,10,4304.00,11,4304.10,9,Buy,18,6,24,12.00,12.00,-3.00,0.70,71.4,4302.70,4303.20,4302.50,4303.20,34,27,61,7.00,13.00,-10.00,0.70,0.0,33,84,0.8571,0.0000,5.00,-269.00,4333.19,-3.6932,DOWN,89.05,0.6850,1.6185
20260916 205910 168,4303.20,1,4302.90,4303.00,0.10,4302.90,3,4302.80,3,4302.70,4,4302.60,6,4302.50,5,4302.40,3,4302.30,9,4302.20,8,4302.10,8,4302.00,10,4303.00,1,4303.30,3,4303.40,5,4303.50,5,4303.60,4,4303.70,9,4303.80,8,4303.90,10,4304.00,11,4304.10,9,Buy,19,6,25,13.00,13.00,-3.00,0.70,71.4,4302.70,4303.20,4302.50,4303.20,34,27,61,7.00,13.00,-10.00,0.70,0.0,33,84,0.8571,0.0000,6.00,-268.00,4333.19,-3.6932,DOWN,89.05,0.6850,1.6185
20260916 205910 441,4303.00,1,4302.90,4303.00,0.10,4302.90,2,4302.80,3,4302.70,4,4302.60,6,4302.50,5,4302.40,3,4302.30,9,4302.20,8,4302.10,8,4302.00,10,4303.20,4,4303.30,3,4303.40,5,4303.50,5,4303.60,4,4303.70,9,4303.80,8,4303.90,10,4304.00,11,4304.10,9,Buy,20,6,26,14.00,14.00,-3.00,0.70,42.9,4302.70,4303.20,4302.50,4303.00,34,27,61,7.00,13.00,-10.00,0.70,0.0,33,84,0.8571,0.0000,7.00,-267.00,4333.17,-3.6996,DOWN,89.05,0.6850,1.6185
20260916 205911 162,4303.10,1,4302.90,4303.10,0.20,4302.90,2,4302.80,3,4302.70,4,4302.60,6,4302.50,5,4302.40,3,4302.30,9,4302.20,8,4302.10,8,4302.00,10,4303.20,2,4303.30,3,4303.40,5,4303.50,5,4303.60,4,4303.70,9,4303.80,8,4303.90,10,4304.00,11,4304.10,9,Buy,21,6,27,15.00,15.00,-3.00,0.70,57.1,4302.70,4303.20,4302.50,4303.10,34,27,61,7.00,13.00,-10.00,0.70,0.0,33,84,0.8571,0.0000,8.00,-266.00,4333.18,-3.6964,DOWN,89.05,0.6850,1.6185
20260916 205911 162,4303.10,1,4302.90,4303.10,0.20,4302.90,2,4302.80,3,4302.70,4,4302.60,6,4302.50,5,4302.40,3,4302.30,9,4302.20,8,4302.10,8,4302.00,10,4303.20,2,4303.30,3,4303.40,5,4303.50,5,4303.60,4,4303.70,9,4303.80,8,4303.90,10,4304.00,11,4304.10,9,Buy,22,6,28,16.00,16.00,-3.00,0.70,57.1,4302.70,4303.20,4302.50,4303.10,34,27,61,7.00,13.00,-10.00,0.70,0.0,33,84,0.8571,0.0000,9.00,-265.00,4333.18,-3.6964,DOWN,89.05,0.6850,1.6185
20260916 205911 162,4303.20,1,4302.90,4303.10,0.20,4302.90,2,4302.80,3,4302.70,4,4302.60,6,4302.50,5,4302.40,3,4302.30,9,4302.20,8,4302.10,8,4302.00,10,4303.20,2,4303.30,3,4303.40,5,4303.50,5,4303.60,4,4303.70,9,4303.80,8,4303.90,10,4304.00,11,4304.10,9,Buy,23,6,29,17.00,17.00,-3.00,0.70,71.4,4302.70,4303.20,4302.50,4303.20,34,27,61,7.00,13.00,-10.00,0.70,0.0,33,84,0.8571,0.0000,10.00,-264.00,4333.19,-3.6932,DOWN,89.05,0.6850,1.6185
20260916 205911 162,4303.20,1,4302.90,4303.10,0.20,4302.90,2,4302.80,3,4302.70,4,4302.60,6,4302.50,5,4302.40,3,4302.30,9,4302.20,8,4302.10,8,4302.00,10,4303.20,2,4303.30,3,4303.40,5,4303.50,5,4303.60,4,4303.70,9,4303.80,8,4303.90,10,4304.00,11,4304.10,9,Buy,24,6,30,18.00,18.00,-3.00,0.70,71.4,4302.70,4303.20,4302.50,4303.20,34,27,61,7.00,13.00,-10.00,0.70,0.0,33,84,0.8571,0.0000,11.00,-263.00,4333.19,-3.6932,DOWN,89.05,0.6850,1.6185
20260916 205911 354,4303.10,1,4302.90,4303.30,0.40,4302.90,4,4302.80,4,4302.70,5,4302.60,6,4302.50,5,4302.40,3,4302.30,9,4302.20,8,4302.10,7,4302.00,10,4303.30,4,4303.40,5,4303.50,5,4303.60,4,4303.70,3,4303.80,8,4303.90,10,4304.00,11,4304.10,9,4304.20,18,Buy,25,6,31,19.00,19.00,-3.00,0.70,57.1,4302.70,4303.20,4302.50,4303.10,34,27,61,7.00,13.00,-10.00,0.70,0.0,33,84,0.8571,0.0000,12.00,-262.00,4333.18,-3.6964,DOWN,89.05,0.6850,1.6185
20260916 205911 355,4303.20,1,4302.90,4303.30,0.40,4302.90,4,4302.80,4,4302.70,5,4302.60,6,4302.50,5,4302.40,3,4302.30,9,4302.20,8,4302.10,7,4302.00,10,4303.30,4,4303.40,5,4303.50,5,4303.60,4,4303.70,3,4303.80,8,4303.90,10,4304.00,11,4304.10,9,4304.20,18,Buy,26,6,32,20.00,20.00,-3.00,0.70,71.4,4302.70,4303.20,4302.50,4303.20,34,27,61,7.00,13.00,-10.00,0.70,0.0,33,84,0.8571,0.0000,13.00,-261.00,4333.19,-3.6932,DOWN,89.05,0.6850,1.6185
20260916 205911 355,4303.20,1,4302.90,4303.30,0.40,4302.90,4,4302.80,4,4302.70,5,4302.60,6,4302.50,5,4302.40,3,4302.30,9,4302.20,8,4302.10,7,4302.00,10,4303.30,4,4303.40,5,4303.50,5,4303.60,4,4303.70,3,4303.80,8,4303.90,10,4304.00,11,4304.10,9,4304.20,18,Buy,27,6,33,21.00,21.00,-3.00,0.70,71.4,4302.70,4303.20,4302.50,4303.20,34,27,61,7.00,13.00,-10.00,0.70,0.0,33,84,0.8571,0.0000,14.00,-260.00,4333.19,-3.6932,DOWN,89.05,0.6850,1.6185
20260916 205912 756,4303.00,1,4302.70,4303.00,0.30,4302.70,3,4302.60,6,4302.50,5,4302.40,3,4302.30,4,4302.20,8,4302.10,7,4302.00,10,4301.90,9,4301.80,10,4303.00,1,4303.10,4,4303.20,4,4303.30,4,4303.40,5,4303.50,6,4303.60,4,4303.70,9,4303.80,8,4303.90,10,Buy,28,6,34,22.00,22.00,-3.00,0.70,42.9,4302.70,4303.20,4302.50,4303.00,34,27,61,7.00,13.00,-10.00,0.70,0.0,33,84,0.8571,0.0000,15.00,-259.00,4333.17,-3.6996,DOWN,89.05,0.6850,1.6185
20260916 205916 728,4302.90,1,4302.80,4303.00,0.20,4302.80,3,4302.70,3,4302.60,4,4302.50,4,4302.40,3,4302.30,4,4302.20,3,4302.10,7,4302.00,10,4301.90,9,4303.00,1,4303.10,5,4303.20,4,4303.30,4,4303.40,5,4303.50,6,4303.60,5,4303.70,9,4303.80,8,4303.90,10,Sell,28,7,35,21.00,22.00,-3.00,0.70,28.6,4302.70,4303.20,4302.50,4302.90,34,27,61,7.00,13.00,-10.00,0.70,0.0,33,84,0.8571,0.0476,14.00,-260.00,4333.16,-3.7027,DOWN,89.05,0.6850,1.6185
20260916 205917 453,4303.00,1,4302.70,4303.00,0.30,4302.70,3,4302.60,4,4302.50,4,4302.40,3,4302.30,4,4302.20,3,4302.10,7,4302.00,10,4301.90,9,4301.80,10,4303.00,3,4303.10,5,4303.20,4,4303.30,4,4303.40,5,4303.50,6,4303.60,11,4303.70,9,4303.80,8,4303.90,10,Buy,29,7,36,22.00,22.00,-3.00,0.70,42.9,4302.70,4303.20,4302.50,4303.00,34,27,61,7.00,13.00,-10.00,0.70,0.0,33,84,0.8571,0.0000,15.00,-259.00,4333.17,-3.6996,DOWN,89.05,0.6850,1.6185
20260916 205918 154,4302.90,1,4302.80,4303.20,0.40,4302.80,4,4302.70,2,4302.60,4,4302.50,4,4302.40,3,4302.30,4,4302.20,3,4302.10,7,4302.00,10,4301.90,9,4303.20,3,4303.30,4,4303.40,5,4303.50,6,4303.60,5,4303.70,9,4303.80,8,4303.90,10,4304.00,11,4304.10,9,Buy,30,7,37,23.00,23.00,-3.00,0.70,28.6,4302.70,4303.20,4302.50,4302.90,34,27,61,7.00,13.00,-10.00,0.70,0.0,33,84,0.8571,0.0000,16.00,-258.00,4333.16,-3.7027,DOWN,89.05,0.6850,1.6185
20260916 205918 154,4302.90,1,4302.80,4303.20,0.40,4302.80,4,4302.70,2,4302.60,4,4302.50,4,4302.40,3,4302.30,4,4302.20,3,4302.10,7,4302.00,10,4301.90,9,4303.20,3,4303.30,4,4303.40,5,4303.50,6,4303.60,5,4303.70,9,4303.80,8,4303.90,10,4304.00,11,4304.10,9,Buy,31,7,38,24.00,24.00,-3.00,0.70,28.6,4302.70,4303.20,4302.50,4302.90,34,27,61,7.00,13.00,-10.00,0.70,0.0,33,84,0.8571,0.0000,17.00,-257.00,4333.16,-3.7027,DOWN,89.05,0.6850,1.6185
20260916 205918 154,4303.00,1,4302.80,4303.20,0.40,4302.80,4,4302.70,2,4302.60,4,4302.50,4,4302.40,3,4302.30,4,4302.20,3,4302.10,7,4302.00,10,4301.90,9,4303.20,3,4303.30,4,4303.40,5,4303.50,6,4303.60,5,4303.70,9,4303.80,8,4303.90,10,4304.00,11,4304.10,9,Buy,32,7,39,25.00,25.00,-3.00,0.70,42.9,4302.70,4303.20,4302.50,4303.00,34,27,61,7.00,13.00,-10.00,0.70,0.0,33,84,0.8571,0.0000,18.00,-256.00,4333.17,-3.6996,DOWN,89.05,0.6850,1.6185
20260916 205918 154,4303.00,1,4302.80,4303.20,0.40,4302.80,4,4302.70,2,4302.60,4,4302.50,4,4302.40,3,4302.30,4,4302.20,3,4302.10,7,4302.00,10,4301.90,9,4303.20,3,4303.30,4,4303.40,5,4303.50,6,4303.60,5,4303.70,9,4303.80,8,4303.90,10,4304.00,11,4304.10,9,Buy,33,7,40,26.00,26.00,-3.00,0.70,42.9,4302.70,4303.20,4302.50,4303.00,34,27,61,7.00,13.00,-10.00,0.70,0.0,33,84,0.8571,0.0000,19.00,-255.00,4333.17,-3.6996,DOWN,89.05,0.6850,1.6185
20260916 205918 154,4303.00,1,4302.80,4303.20,0.40,4302.80,4,4302.70,2,4302.60,4,4302.50,4,4302.40,3,4302.30,4,4302.20,3,4302.10,7,4302.00,10,4301.90,9,4303.20,3,4303.30,4,4303.40,5,4303.50,6,4303.60,5,4303.70,9,4303.80,8,4303.90,10,4304.00,11,4304.10,9,Buy,34,7,41,27.00,27.00,-3.00,0.70,42.9,4302.70,4303.20,4302.50,4303.00,34,27,61,7.00,13.00,-10.00,0.70,0.0,33,84,0.8571,0.0000,20.00,-254.00,4333.17,-3.6996,DOWN,89.05,0.6850,1.6185
20260916 205918 154,4303.00,1,4302.80,4303.20,0.40,4302.80,4,4302.70,2,4302.60,4,4302.50,4,4302.40,3,4302.30,4,4302.20,3,4302.10,7,4302.00,10,4301.90,9,4303.20,3,4303.30,4,4303.40,5,4303.50,6,4303.60,5,4303.70,9,4303.80,8,4303.90,10,4304.00,11,4304.10,9,Buy,35,7,42,28.00,28.00,-3.00,0.70,42.9,4302.70,4303.20,4302.50,4303.00,34,27,61,7.00,13.00,-10.00,0.70,0.0,33,84,0.8571,0.0000,21.00,-253.00,4333.17,-3.6996,DOWN,89.05,0.6850,1.6185
20260916 205918 154,4303.10,1,4302.80,4303.20,0.40,4302.80,4,4302.70,2,4302.60,4,4302.50,4,4302.40,3,4302.30,4,4302.20,3,4302.10,7,4302.00,10,4301.90,9,4303.20,3,4303.30,4,4303.40,5,4303.50,6,4303.60,5,4303.70,9,4303.80,8,4303.90,10,4304.00,11,4304.10,9,Buy,36,7,43,29.00,29.00,-3.00,0.70,57.1,4302.70,4303.20,4302.50,4303.10,34,27,61,7.00,13.00,-10.00,0.70,0.0,33,84,0.8571,0.0000,22.00,-252.00,4333.18,-3.6964,DOWN,89.05,0.6850,1.6185
20260916 205918 154,4303.10,1,4302.80,4303.20,0.40,4302.80,4,4302.70,2,4302.60,4,4302.50,4,4302.40,3,4302.30,4,4302.20,3,4302.10,7,4302.00,10,4301.90,9,4303.20,3,4303.30,4,4303.40,5,4303.50,6,4303.60,5,4303.70,9,4303.80,8,4303.90,10,4304.00,11,4304.10,9,Buy,37,7,44,30.00,30.00,-3.00,0.70,57.1,4302.70,4303.20,4302.50,4303.10,34,27,61,7.00,13.00,-10.00,0.70,0.0,33,84,0.8571,0.0000,23.00,-251.00,4333.18,-3.6964,DOWN,89.05,0.6850,1.6185
20260916 205918 154,4303.10,1,4302.80,4303.20,0.40,4302.80,4,4302.70,2,4302.60,4,4302.50,4,4302.40,3,4302.30,4,4302.20,3,4302.10,7,4302.00,10,4301.90,9,4303.20,3,4303.30,4,4303.40,5,4303.50,6,4303.60,5,4303.70,9,4303.80,8,4303.90,10,4304.00,11,4304.10,9,Buy,38,7,45,31.00,31.00,-3.00,0.70,57.1,4302.70,4303.20,4302.50,4303.10,34,27,61,7.00,13.00,-10.00,0.70,0.0,33,84,0.8571,0.0000,24.00,-250.00,4333.18,-3.6964,DOWN,89.05,0.6850,1.6185
20260916 205918 154,4303.10,1,4302.80,4303.20,0.40,4302.80,4,4302.70,2,4302.60,4,4302.50,4,4302.40,3,4302.30,4,4302.20,3,4302.10,7,4302.00,10,4301.90,9,4303.20,3,4303.30,4,4303.40,5,4303.50,6,4303.60,5,4303.70,9,4303.80,8,4303.90,10,4304.00,11,4304.10,9,Buy,39,7,46,32.00,32.00,-3.00,0.70,57.1,4302.70,4303.20,4302.50,4303.10,34,27,61,7.00,13.00,-10.00,0.70,0.0,33,84,0.8571,0.0000,25.00,-249.00,4333.18,-3.6964,DOWN,89.05,0.6850,1.6185
20260916 205918 154,4303.10,1,4302.80,4303.20,0.40,4302.80,4,4302.70,2,4302.60,4,4302.50,4,4302.40,3,4302.30,4,4302.20,3,4302.10,7,4302.00,10,4301.90,9,4303.20,3,4303.30,4,4303.40,5,4303.50,6,4303.60,5,4303.70,9,4303.80,8,4303.90,10,4304.00,11,4304.10,9,Buy,40,7,47,33.00,33.00,-3.00,0.70,57.1,4302.70,4303.20,4302.50,4303.10,34,27,61,7.00,13.00,-10.00,0.70,0.0,33,84,0.8571,0.0000,26.00,-248.00,4333.18,-3.6964,DOWN,89.05,0.6850,1.6185
20260916 205918 154,4303.20,1,4302.80,4303.20,0.40,4302.80,4,4302.70,2,4302.60,4,4302.50,4,4302.40,3,4302.30,4,4302.20,3,4302.10,7,4302.00,10,4301.90,9,4303.20,3,4303.30,4,4303.40,5,4303.50,6,4303.60,5,4303.70,9,4303.80,8,4303.90,10,4304.00,11,4304.10,9,Buy,41,7,48,34.00,34.00,-3.00,0.70,71.4,4302.70,4303.20,4302.50,4303.20,34,27,61,7.00,13.00,-10.00,0.70,0.0,33,84,0.8571,0.0000,27.00,-247.00,4333.19,-3.6932,DOWN,89.05,0.6850,1.6185
20260916 205920 173,4303.00,1,4303.00,4303.10,0.10,4302.90,1,4302.80,5,4302.70,4,4302.60,5,4302.50,4,4302.40,3,4302.30,4,4302.20,3,4302.10,7,4302.00,10,4303.10,3,4303.20,4,4303.30,4,4303.40,5,4303.50,6,4303.60,6,4303.70,4,4303.80,7,4303.90,10,4304.00,11,Sell,41,8,49,33.00,34.00,-3.00,0.70,42.9,4302.70,4303.20,4302.50,4303.00,34,27,61,7.00,13.00,-10.00,0.70,0.0,33,84,0.8571,0.0303,26.00,-248.00,4333.17,-3.6996,DOWN,89.05,0.6850,1.6185
20260916 205921 311,4303.10,1,4303.00,4303.20,0.20,4303.00,2,4302.90,3,4302.80,4,4302.70,4,4302.60,5,4302.50,4,4302.40,3,4302.30,4,4302.20,8,4302.10,7,4303.20,2,4303.30,3,4303.40,4,4303.50,5,4303.60,6,4303.70,4,4303.80,7,4303.90,10,4304.00,11,4304.10,9,Buy,42,8,50,34.00,34.00,-3.00,0.70,57.1,4302.70,4303.20,4302.50,4303.10,34,27,61,7.00,13.00,-10.00,0.70,0.0,33,84,0.8571,0.0000,27.00,-247.00,4333.18,-3.6964,DOWN,89.05,0.6850,1.6185
20260916 205921 311,4303.10,1,4303.00,4303.20,0.20,4303.00,2,4302.90,3,4302.80,4,4302.70,4,4302.60,5,4302.50,4,4302.40,3,4302.30,4,4302.20,8,4302.10,7,4303.20,2,4303.30,3,4303.40,4,4303.50,5,4303.60,6,4303.70,4,4303.80,7,4303.90,10,4304.00,11,4304.10,9,Buy,43,8,51,35.00,35.00,-3.00,0.70,57.1,4302.70,4303.20,4302.50,4303.10,34,27,61,7.00,13.00,-10.00,0.70,0.0,33,84,0.8571,0.0000,28.00,-246.00,4333.18,-3.6964,DOWN,89.05,0.6850,1.6185
20260916 205921 312,4303.20,1,4303.00,4303.20,0.20,4303.00,2,4302.90,3,4302.80,4,4302.70,4,4302.60,5,4302.50,4,4302.40,3,4302.30,4,4302.20,8,4302.10,7,4303.20,2,4303.30,3,4303.40,4,4303.50,5,4303.60,6,4303.70,4,4303.80,7,4303.90,10,4304.00,11,4304.10,9,Buy,44,8,52,36.00,36.00,-3.00,0.70,71.4,4302.70,4303.20,4302.50,4303.20,34,27,61,7.00,13.00,-10.00,0.70,0.0,33,84,0.8571,0.0000,29.00,-245.00,4333.19,-3.6932,DOWN,89.05,0.6850,1.6185
20260916 205921 312,4303.20,1,4303.00,4303.20,0.20,4303.00,2,4302.90,3,4302.80,4,4302.70,4,4302.60,5,4302.50,4,4302.40,3,4302.30,4,4302.20,8,4302.10,7,4303.20,2,4303.30,3,4303.40,4,4303.50,5,4303.60,6,4303.70,4,4303.80,7,4303.90,10,4304.00,11,4304.10,9,Buy,45,8,53,37.00,37.00,-3.00,0.70,71.4,4302.70,4303.20,4302.50,4303.20,34,27,61,7.00,13.00,-10.00,0.70,0.0,33,84,0.8571,0.0000,30.00,-244.00,4333.19,-3.6932,DOWN,89.05,0.6850,1.6185
20260916 205922 825,4303.00,1,4302.80,4303.00,0.20,4302.80,1,4302.70,4,4302.60,5,4302.50,4,4302.40,3,4302.30,4,4302.20,8,4302.10,7,4302.00,10,4301.90,9,4303.00,1,4303.10,3,4303.20,4,4303.30,4,4303.40,5,4303.50,6,4303.60,5,4303.70,10,4303.80,7,4303.90,10,Sell,45,9,54,36.00,37.00,-3.00,0.70,42.9,4302.70,4303.20,4302.50,4303.00,34,27,61,7.00,13.00,-10.00,0.70,0.0,33,84,0.8571,0.0278,29.00,-245.00,4333.17,-3.6996,DOWN,89.05,0.6850,1.6185
20260916 205922 825,4303.00,1,4302.80,4303.00,0.20,4302.80,1,4302.70,4,4302.60,5,4302.50,4,4302.40,3,4302.30,4,4302.20,8,4302.10,7,4302.00,10,4301.90,9,4303.00,1,4303.10,3,4303.20,4,4303.30,4,4303.40,5,4303.50,6,4303.60,5,4303.70,10,4303.80,7,4303.90,10,Sell,45,10,55,35.00,37.00,-3.00,0.70,42.9,4302.70,4303.20,4302.50,4303.00,34,27,61,7.00,13.00,-10.00,0.70,0.0,33,84,0.8571,0.0571,28.00,-246.00,4333.17,-3.6996,DOWN,89.05,0.6850,1.6185
20260916 205926 474,4303.20,1,4303.00,4303.20,0.20,4303.00,3,4302.90,4,4302.80,2,4302.70,4,4302.60,5,4302.50,4,4302.40,3,4302.30,4,4302.20,8,4302.10,7,4303.20,1,4303.30,2,4303.40,4,4303.50,6,4303.60,5,4303.70,10,4303.80,8,4303.90,10,4304.00,11,4304.10,9,Buy,46,10,56,36.00,37.00,-3.00,0.70,71.4,4302.70,4303.20,4302.50,4303.20,34,27,61,7.00,13.00,-10.00,0.70,0.0,33,84,0.8571,0.0278,29.00,-245.00,4333.19,-3.6932,DOWN,89.05,0.6850,1.6185
20260916 205926 651,4303.30,1,4303.00,4303.30,0.30,4303.00,4,4302.90,3,4302.80,3,4302.70,4,4302.60,5,4302.50,4,4302.40,3,4302.30,4,4302.20,8,4302.10,7,4303.30,2,4303.40,4,4303.50,6,4303.60,5,4303.70,4,4303.80,8,4303.90,10,4304.00,11,4304.10,9,4304.20,18,Buy,47,10,57,37.00,37.00,-3.00,0.80,75.0,4302.70,4303.30,4302.50,4303.30,34,27,61,7.00,13.00,-10.00,0.70,0.0,33,84,0.8571,0.0000,30.00,-244.00,4333.20,-3.6900,DOWN,89.05,0.6850,1.6256
20260916 205928 880,4303.30,1,4303.20,4303.40,0.20,4303.20,2,4303.10,4,4303.00,3,4302.90,3,4302.80,3,4302.70,4,4302.60,5,4302.50,4,4302.40,8,4302.30,9,4303.40,1,4303.50,6,4303.60,5,4303.70,5,4303.80,3,4303.90,4,4304.00,11,4304.10,9,4304.20,18,4304.30,8,Buy,48,10,58,38.00,38.00,-3.00,0.80,75.0,4302.70,4303.30,4302.50,4303.30,34,27,61,7.00,13.00,-10.00,0.70,0.0,33,84,0.8571,0.0000,31.00,-243.00,4333.20,-3.6900,DOWN,89.05,0.6850,1.6256
20260916 205930 274,4303.40,1,4303.10,4303.40,0.30,4303.10,3,4303.00,4,4302.90,3,4302.80,2,4302.70,4,4302.60,5,4302.50,4,4302.40,8,4302.30,9,4302.20,8,4303.40,4,4303.50,6,4303.60,5,4303.70,5,4303.80,3,4303.90,4,4304.00,11,4304.10,9,4304.20,18,4304.30,8,Buy,49,10,59,39.00,39.00,-3.00,0.90,77.8,4302.70,4303.40,4302.50,4303.40,34,27,61,7.00,13.00,-10.00,0.70,0.0,33,84,0.8571,0.0000,32.00,-242.00,4333.21,-3.6869,DOWN,89.05,0.6850,1.6328
20260916 205930 779,4303.10,1,4303.00,4303.30,0.30,4303.00,2,4302.90,3,4302.80,3,4302.70,5,4302.60,5,4302.50,4,4302.40,8,4302.30,9,4302.20,8,4302.10,7,4303.30,3,4303.40,6,4303.50,6,4303.60,5,4303.70,5,4303.80,3,4303.90,4,4304.00,11,4304.10,9,4304.20,18,Sell,49,11,60,38.00,39.00,-3.00,0.90,44.4,4302.70,4303.40,4302.50,4303.10,34,27,61,7.00,13.00,-10.00,0.70,0.0,33,84,0.8571,0.0263,31.00,-243.00,4333.18,-3.6964,DOWN,89.05,0.6850,1.6328
20260916 205930 779,4303.10,1,4303.00,4303.30,0.30,4303.00,2,4302.90,3,4302.80,3,4302.70,5,4302.60,5,4302.50,4,4302.40,8,4302.30,9,4302.20,8,4302.10,7,4303.30,3,4303.40,6,4303.50,6,4303.60,5,4303.70,5,4303.80,3,4303.90,4,4304.00,11,4304.10,9,4304.20,18,Sell,49,12,61,37.00,39.00,-3.00,0.90,44.4,4302.70,4303.40,4302.50,4303.10,34,27,61,7.00,13.00,-10.00,0.70,0.0,33,84,0.8571,0.0541,30.00,-244.00,4333.18,-3.6964,DOWN,89.05,0.6850,1.6328
20260916 205930 779,4303.00,1,4303.00,4303.30,0.30,4303.00,2,4302.90,3,4302.80,3,4302.70,5,4302.60,5,4302.50,4,4302.40,8,4302.30,9,4302.20,8,4302.10,7,4303.30,3,4303.40,6,4303.50,6,4303.60,5,4303.70,5,4303.80,3,4303.90,4,4304.00,11,4304.10,9,4304.20,18,Sell,49,13,62,36.00,39.00,-3.00,0.90,33.3,4302.70,4303.40,4302.50,4303.00,34,27,61,7.00,13.00,-10.00,0.70,0.0,33,84,0.8571,0.0833,29.00,-245.00,4333.17,-3.6996,DOWN,89.05,0.6850,1.6328
20260916 205930 779,4303.00,1,4303.00,4303.30,0.30,4303.00,2,4302.90,3,4302.80,3,4302.70,5,4302.60,5,4302.50,4,4302.40,8,4302.30,9,4302.20,8,4302.10,7,4303.30,3,4303.40,6,4303.50,6,4303.60,5,4303.70,5,4303.80,3,4303.90,4,4304.00,11,4304.10,9,4304.20,18,Sell,49,14,63,35.00,39.00,-3.00,0.90,33.3,4302.70,4303.40,4302.50,4303.00,34,27,61,7.00,13.00,-10.00,0.70,0.0,33,84,0.8571,0.1143,28.00,-246.00,4333.17,-3.6996,DOWN,89.05,0.6850,1.6328
20260916 205930 779,4303.00,1,4303.00,4303.30,0.30,4303.00,2,4302.90,3,4302.80,3,4302.70,5,4302.60,5,4302.50,4,4302.40,8,4302.30,9,4302.20,8,4302.10,7,4303.30,3,4303.40,6,4303.50,6,4303.60,5,4303.70,5,4303.80,3,4303.90,4,4304.00,11,4304.10,9,4304.20,18,Sell,49,15,64,34.00,39.00,-3.00,0.90,33.3,4302.70,4303.40,4302.50,4303.00,34,27,61,7.00,13.00,-10.00,0.70,0.0,33,84,0.8571,0.1471,27.00,-247.00,4333.17,-3.6996,DOWN,89.05,0.6850,1.6328
20260916 205930 779,4303.00,1,4303.00,4303.30,0.30,4303.00,2,4302.90,3,4302.80,3,4302.70,5,4302.60,5,4302.50,4,4302.40,8,4302.30,9,4302.20,8,4302.10,7,4303.30,3,4303.40,6,4303.50,6,4303.60,5,4303.70,5,4303.80,3,4303.90,4,4304.00,11,4304.10,9,4304.20,18,Sell,49,16,65,33.00,39.00,-3.00,0.90,33.3,4302.70,4303.40,4302.50,4303.00,34,27,61,7.00,13.00,-10.00,0.70,0.0,33,84,0.8571,0.1818,26.00,-248.00,4333.17,-3.6996,DOWN,89.05,0.6850,1.6328
20260916 205930 779,4302.90,1,4303.00,4303.30,0.30,4303.00,2,4302.90,3,4302.80,3,4302.70,5,4302.60,5,4302.50,4,4302.40,8,4302.30,9,4302.20,8,4302.10,7,4303.30,3,4303.40,6,4303.50,6,4303.60,5,4303.70,5,4303.80,3,4303.90,4,4304.00,11,4304.10,9,4304.20,18,Sell,49,17,66,32.00,39.00,-3.00,0.90,22.2,4302.70,4303.40,4302.50,4302.90,34,27,61,7.00,13.00,-10.00,0.70,0.0,33,84,0.8571,0.2188,25.00,-249.00,4333.16,-3.7027,DOWN,89.05,0.6850,1.6328
20260916 205930 779,4302.90,1,4303.00,4303.30,0.30,4303.00,2,4302.90,3,4302.80,3,4302.70,5,4302.60,5,4302.50,4,4302.40,8,4302.30,9,4302.20,8,4302.10,7,4303.30,3,4303.40,6,4303.50,6,4303.60,5,4303.70,5,4303.80,3,4303.90,4,4304.00,11,4304.10,9,4304.20,18,Sell,49,18,67,31.00,39.00,-3.00,0.90,22.2,4302.70,4303.40,4302.50,4302.90,34,27,61,7.00,13.00,-10.00,0.70,0.0,33,84,0.8571,0.2581,24.00,-250.00,4333.16,-3.7027,DOWN,89.05,0.6850,1.6328
20260916 205930 779,4302.90,1,4303.00,4303.30,0.30,4303.00,2,4302.90,3,4302.80,3,4302.70,5,4302.60,5,4302.50,4,4302.40,8,4302.30,9,4302.20,8,4302.10,7,4303.30,3,4303.40,6,4303.50,6,4303.60,5,4303.70,5,4303.80,3,4303.90,4,4304.00,11,4304.10,9,4304.20,18,Sell,49,19,68,30.00,39.00,-3.00,0.90,22.2,4302.70,4303.40,4302.50,4302.90,34,27,61,7.00,13.00,-10.00,0.70,0.0,33,84,0.8571,0.3000,23.00,-251.00,4333.16,-3.7027,DOWN,89.05,0.6850,1.6328
20260916 205933 320,4303.00,1,4302.90,4303.20,0.30,4302.90,3,4302.80,3,4302.70,5,4302.60,5,4302.50,4,4302.40,8,4302.30,9,4302.20,8,4302.10,7,4302.00,10,4303.20,2,4303.30,3,4303.40,6,4303.50,6,4303.60,5,4303.70,5,4303.80,3,4303.90,4,4304.00,11,4304.10,9,Sell,49,20,69,29.00,39.00,-3.00,0.90,33.3,4302.70,4303.40,4302.50,4303.00,34,27,61,7.00,13.00,-10.00,0.70,0.0,33,84,0.8571,0.3448,22.00,-252.00,4333.17,-3.6996,DOWN,89.05,0.6850,1.6328
20260916 205933 320,4302.90,1,4302.90,4303.20,0.30,4302.90,3,4302.80,3,4302.70,5,4302.60,5,4302.50,4,4302.40,8,4302.30,9,4302.20,8,4302.10,7,4302.00,10,4303.20,2,4303.30,3,4303.40,6,4303.50,6,4303.60,5,4303.70,5,4303.80,3,4303.90,4,4304.00,11,4304.10,9,Sell,49,21,70,28.00,39.00,-3.00,0.90,22.2,4302.70,4303.40,4302.50,4302.90,34,27,61,7.00,13.00,-10.00,0.70,0.0,33,84,0.8571,0.3929,21.00,-253.00,4333.16,-3.7027,DOWN,89.05,0.6850,1.6328
20260916 205933 320,4302.90,1,4302.90,4303.20,0.30,4302.90,3,4302.80,3,4302.70,5,4302.60,5,4302.50,4,4302.40,8,4302.30,9,4302.20,8,4302.10,7,4302.00,10,4303.20,2,4303.30,3,4303.40,6,4303.50,6,4303.60,5,4303.70,5,4303.80,3,4303.90,4,4304.00,11,4304.10,9,Sell,49,22,71,27.00,39.00,-3.00,0.90,22.2,4302.70,4303.40,4302.50,4302.90,34,27,61,7.00,13.00,-10.00,0.70,0.0,33,84,0.8571,0.4444,20.00,-254.00,4333.16,-3.7027,DOWN,89.05,0.6850,1.6328
20260916 205933 927,4303.30,1,4303.00,4303.30,0.30,4303.00,3,4302.90,5,4302.80,3,4302.70,5,4302.60,5,4302.50,4,4302.40,8,4302.30,9,4302.20,8,4302.10,7,4303.30,1,4303.40,5,4303.50,6,4303.60,5,4303.70,5,4303.80,3,4303.90,4,4304.00,11,4304.10,9,4304.20,18,Buy,50,22,72,28.00,39.00,-3.00,0.90,66.7,4302.70,4303.40,4302.50,4303.30,34,27,61,7.00,13.00,-10.00,0.70,0.0,33,84,0.8571,0.3929,21.00,-253.00,4333.20,-3.6900,DOWN,89.05,0.6850,1.6328
20260916 205934 074,4303.20,2,4303.20,4303.40,0.20,4303.20,6,4303.00,2,4302.90,5,4302.80,3,4302.70,5,4302.60,5,4302.50,4,4302.40,9,4302.30,9,4302.20,8,4303.40,4,4303.50,6,4303.60,5,4303.70,5,4303.80,3,4303.90,4,4304.00,11,4304.10,9,4304.20,18,4304.30,8,Sell,50,24,74,26.00,39.00,-3.00,0.90,55.6,4302.70,4303.40,4302.50,4303.20,34,27,61,7.00,13.00,-10.00,0.70,0.0,33,84,0.8571,0.5000,19.00,-255.00,4333.19,-3.6932,DOWN,89.05,0.6850,1.6328
20260916 205935 357,4303.20,1,4303.20,4303.40,0.20,4303.20,5,4303.00,2,4302.90,4,4302.80,3,4302.70,5,4302.60,5,4302.50,4,4302.40,9,4302.30,9,4302.20,8,4303.40,4,4303.50,6,4303.60,5,4303.70,5,4303.80,3,4303.90,4,4304.00,11,4304.10,9,4304.20,18,4304.30,8,Sell,50,25,75,25.00,39.00,-3.00,0.90,55.6,4302.70,4303.40,4302.50,4303.20,34,27,61,7.00,13.00,-10.00,0.70,0.0,33,84,0.8571,0.5600,18.00,-256.00,4333.19,-3.6932,DOWN,89.05,0.6850,1.6328
20260916 205936 413,4303.30,1,4303.20,4303.30,0.10,4303.20,5,4303.00,2,4302.90,4,4302.80,3,4302.70,5,4302.60,5,4302.50,4,4302.40,9,4302.30,9,4302.20,8,4303.40,4,4303.50,6,4303.60,5,4303.70,5,4303.80,3,4303.90,4,4304.00,11,4304.10,9,4304.20,18,4304.30,8,Buy,51,25,76,26.00,39.00,-3.00,0.90,66.7,4302.70,4303.40,4302.50,4303.30,34,27,61,7.00,13.00,-10.00,0.70,0.0,33,84,0.8571,0.5000,19.00,-255.00,4333.20,-3.6900,DOWN,89.05,0.6850,1.6328
20260916 205938 754,4303.20,5,4302.80,4303.10,0.30,4302.80,1,4302.70,3,4302.60,4,4302.50,3,4302.40,3,4302.30,3,4302.20,7,4302.10,6,4302.00,9,4301.90,8,4303.10,5,4303.20,3,4303.30,4,4303.40,4,4303.50,5,4303.60,4,4303.70,4,4303.80,8,4303.90,9,4304.00,10,Sell,51,30,81,21.00,39.00,-3.00,0.90,55.6,4302.70,4303.40,4302.50,4303.20,34,27,61,7.00,13.00,-10.00,0.70,0.0,33,84,0.8571,0.8571,14.00,-260.00,4333.19,-3.6932,DOWN,89.05,0.6850,1.6328
20260916 205941 854,4302.80,1,4302.70,4302.90,0.20,4302.70,1,4302.60,3,4302.50,4,4302.40,4,4302.30,3,4302.20,2,4302.10,6,4302.00,9,4301.90,8,4301.80,9,4302.90,3,4303.00,4,4303.10,5,4303.20,4,4303.30,5,4303.40,4,4303.50,5,4303.60,4,4303.70,10,4303.80,8,Sell,51,31,82,20.00,39.00,-3.00,0.90,11.1,4302.70,4303.40,4302.50,4302.80,34,27,61,7.00,13.00,-10.00,0.70,0.0,33,84,0.8571,0.9500,13.00,-261.00,4333.15,-3.7059,DOWN,89.05,0.6850,1.6328
20260916 205942 660,4302.90,1,4302.70,4302.90,0.20,4302.70,1,4302.60,3,4302.50,4,4302.40,4,4302.30,3,4302.20,2,4302.10,6,4302.00,9,4301.90,8,4301.80,9,4302.90,2,4303.00,4,4303.10,5,4303.20,4,4303.30,5,4303.40,4,4303.50,5,4303.60,4,4303.70,10,4303.80,8,Buy,52,31,83,21.00,39.00,-3.00,0.90,22.2,4302.70,4303.40,4302.50,4302.90,34,27,61,7.00,13.00,-10.00,0.70,0.0,33,84,0.8571,0.8571,14.00,-260.00,4333.16,-3.7027,DOWN,89.05,0.6850,1.6328
20260916 205946 013,4302.50,1,4302.00,4302.30,0.30,4302.00,3,4301.90,3,4301.80,4,4301.70,3,4301.60,4,4301.50,8,4301.40,9,4301.30,7,4301.20,8,4301.10,10,4302.30,2,4302.40,3,4302.50,4,4302.60,5,4302.70,5,4302.80,4,4302.90,4,4303.00,10,4303.10,11,4303.20,10,Sell,52,32,84,20.00,39.00,-3.00,0.90,22.2,4302.70,4303.40,4302.50,4302.50,34,27,61,7.00,13.00,-10.00,0.70,0.0,33,84,0.8571,0.9500,13.00,-261.00,4333.12,-3.7154,DOWN,89.05,0.6850,1.6328
20260916 205946 022,4302.20,1,4302.00,4302.30,0.30,4302.00,3,4301.90,3,4301.80,4,4301.70,3,4301.60,4,4301.50,8,4301.40,9,4301.30,7,4301.20,8,4301.10,10,4302.30,2,4302.40,3,4302.50,4,4302.60,5,4302.70,5,4302.80,4,4302.90,4,4303.00,10,4303.10,11,4303.20,10,Sell,52,33,85,19.00,39.00,-3.00,1.20,41.7,4302.70,4303.40,4302.20,4302.20,34,27,61,7.00,13.00,-10.00,0.70,0.0,33,84,0.8571,1.0526,12.00,-262.00,4333.10,-3.7249,DOWN,89.05,0.6850,1.6542
20260916 205946 022,4302.10,1,4302.00,4302.30,0.30,4302.00,3,4301.90,3,4301.80,4,4301.70,3,4301.60,4,4301.50,8,4301.40,9,4301.30,7,4301.20,8,4301.10,10,4302.30,2,4302.40,3,4302.50,4,4302.60,5,4302.70,5,4302.80,4,4302.90,4,4303.00,10,4303.10,11,4303.20,10,Sell,52,34,86,18.00,39.00,-3.00,1.30,46.2,4302.70,4303.40,4302.10,4302.10,34,27,61,7.00,13.00,-10.00,0.70,0.0,33,84,0.8571,1.1667,11.00,-263.00,4333.09,-3.7281,DOWN,89.05,0.6850,1.6614
20260916 205949 302,4302.10,1,4302.00,4302.10,0.10,4302.00,4,4301.90,3,4301.80,5,4301.70,4,4301.60,4,4301.50,8,4301.40,9,4301.30,7,4301.20,8,4301.10,10,4302.40,3,4302.50,5,4302.60,5,4302.70,5,4302.80,4,4302.90,4,4303.00,10,4303.10,11,4303.20,10,4303.30,11,Sell,52,35,87,17.00,39.00,-3.00,1.30,46.2,4302.70,4303.40,4302.10,4302.10,34,27,61,7.00,13.00,-10.00,0.70,0.0,33,84,0.8571,1.2941,10.00,-264.00,4333.09,-3.7281,DOWN,89.05,0.6850,1.6614
20260916 205949 303,4302.10,1,4302.00,4302.10,0.10,4302.00,4,4301.90,3,4301.80,5,4301.70,4,4301.60,4,4301.50,8,4301.40,9,4301.30,7,4301.20,8,4301.10,10,4302.40,3,4302.50,5,4302.60,5,4302.70,5,4302.80,4,4302.90,4,4303.00,10,4303.10,11,4303.20,10,4303.30,11,Buy,53,35,88,18.00,39.00,-3.00,1.30,46.2,4302.70,4303.40,4302.10,4302.10,34,27,61,7.00,13.00,-10.00,0.70,0.0,33,84,0.8571,1.1667,11.00,-263.00,4333.09,-3.7281,DOWN,89.05,0.6850,1.6614
20260916 205949 476,4302.10,1,4302.10,4302.30,0.20,4302.10,1,4302.00,3,4301.90,3,4301.80,5,4301.70,4,4301.60,4,4301.50,8,4301.40,9,4301.30,7,4301.20,8,4302.30,2,4302.40,3,4302.50,5,4302.60,5,4302.70,5,4302.80,4,4302.90,4,4303.00,10,4303.10,11,4303.20,10,Sell,53,36,89,17.00,39.00,-3.00,1.30,46.2,4302.70,4303.40,4302.10,4302.10,34,27,61,7.00,13.00,-10.00,0.70,0.0,33,84,0.8571,1.2941,10.00,-264.00,4333.09,-3.7281,DOWN,89.05,0.6850,1.6614
20260916 205949 476,4302.10,1,4302.10,4302.30,0.20,4302.10,1,4302.00,3,4301.90,3,4301.80,5,4301.70,4,4301.60,4,4301.50,8,4301.40,9,4301.30,7,4301.20,8,4302.30,2,4302.40,3,4302.50,5,4302.60,5,4302.70,5,4302.80,4,4302.90,4,4303.00,10,4303.10,11,4303.20,10,Sell,53,37,90,16.00,39.00,-3.00,1.30,46.2,4302.70,4303.40,4302.10,4302.10,34,27,61,7.00,13.00,-10.00,0.70,0.0,33,84,0.8571,1.4375,9.00,-265.00,4333.09,-3.7281,DOWN,89.05,0.6850,1.6614
20260916 205949 933,4302.10,1,4301.60,4302.20,0.60,4301.60,3,4301.50,8,4301.40,9,4301.30,7,4301.20,8,4301.10,10,4301.00,7,4300.90,8,4300.80,10,4300.70,8,4302.40,3,4302.50,5,4302.60,5,4302.70,5,4302.80,4,4302.90,4,4303.00,10,4303.10,11,4303.20,10,4303.30,11,Sell,53,38,91,15.00,39.00,-3.00,1.30,46.2,4302.70,4303.40,4302.10,4302.10,34,27,61,7.00,13.00,-10.00,0.70,0.0,33,84,0.8571,1.6000,8.00,-266.00,4333.09,-3.7281,DOWN,89.05,0.6850,1.6614
20260916 205949 933,4302.00,1,4301.60,4302.20,0.60,4301.60,3,4301.50,8,4301.40,9,4301.30,7,4301.20,8,4301.10,10,4301.00,7,4300.90,8,4300.80,10,4300.70,8,4302.40,3,4302.50,5,4302.60,5,4302.70,5,4302.80,4,4302.90,4,4303.00,10,4303.10,11,4303.20,10,4303.30,11,Sell,53,39,92,14.00,39.00,-3.00,1.40,50.0,4302.70,4303.40,4302.00,4302.00,34,27,61,7.00,13.00,-10.00,0.70,0.0,33,84,0.8571,1.7857,7.00,-267.00,4333.08,-3.7313,DOWN,89.05,0.6850,1.6685
20260916 205949 933,4302.00,1,4301.90,4302.20,0.30,4301.90,1,4301.80,4,4301.70,3,4301.60,4,4301.50,3,4301.40,4,4301.30,7,4301.20,8,4301.10,10,4301.00,7,4302.20,2,4302.30,5,4302.40,3,4302.50,4,4302.60,5,4302.70,5,4302.80,4,4302.90,10,4303.00,10,4303.10,11,Sell,53,40,93,13.00,39.00,-3.00,1.40,50.0,4302.70,4303.40,4302.00,4302.00,34,27,61,7.00,13.00,-10.00,0.70,0.0,33,84,0.8571,2.0000,6.00,-268.00,4333.08,-3.7313,DOWN,89.05,0.6850,1.6685
20260916 205949 933,4302.00,1,4301.90,4302.20,0.30,4301.90,1,4301.80,4,4301.70,3,4301.60,4,4301.50,3,4301.40,4,4301.30,7,4301.20,8,4301.10,10,4301.00,7,4302.20,2,4302.30,5,4302.40,3,4302.50,4,4302.60,5,4302.70,5,4302.80,4,4302.90,10,4303.00,10,4303.10,11,Sell,53,41,94,12.00,39.00,-3.00,1.40,50.0,4302.70,4303.40,4302.00,4302.00,34,27,61,7.00,13.00,-10.00,0.70,0.0,33,84,0.8571,2.2500,5.00,-269.00,4333.08,-3.7313,DOWN,89.05,0.6850,1.6685
20260916 205949 933,4301.90,1,4301.90,4302.20,0.30,4301.90,1,4301.80,4,4301.70,3,4301.60,4,4301.50,3,4301.40,4,4301.30,7,4301.20,8,4301.10,10,4301.00,7,4302.20,2,4302.30,5,4302.40,3,4302.50,4,4302.60,5,4302.70,5,4302.80,4,4302.90,10,4303.00,10,4303.10,11,Sell,53,42,95,11.00,39.00,-3.00,1.50,53.3,4302.70,4303.40,4301.90,4301.90,34,27,61,7.00,13.00,-10.00,0.70,0.0,33,84,0.8571,2.5455,4.00,-270.00,4333.07,-3.7345,DOWN,89.05,0.6850,1.6756
20260916 205949 933,4301.90,1,4301.90,4302.20,0.30,4301.90,1,4301.80,4,4301.70,3,4301.60,4,4301.50,3,4301.40,4,4301.30,7,4301.20,8,4301.10,10,4301.00,7,4302.20,2,4302.30,5,4302.40,3,4302.50,4,4302.60,5,4302.70,5,4302.80,4,4302.90,10,4303.00,10,4303.10,11,Sell,53,43,96,10.00,39.00,-3.00,1.50,53.3,4302.70,4303.40,4301.90,4301.90,34,27,61,7.00,13.00,-10.00,0.70,0.0,33,84,0.8571,2.9000,3.00,-271.00,4333.07,-3.7345,DOWN,89.05,0.6850,1.6756
20260916 205949 933,4301.90,1,4301.90,4302.20,0.30,4301.90,1,4301.80,4,4301.70,3,4301.60,4,4301.50,3,4301.40,4,4301.30,7,4301.20,8,4301.10,10,4301.00,7,4302.20,2,4302.30,5,4302.40,3,4302.50,4,4302.60,5,4302.70,5,4302.80,4,4302.90,10,4303.00,10,4303.10,11,Sell,53,44,97,9.00,39.00,-3.00,1.50,53.3,4302.70,4303.40,4301.90,4301.90,34,27,61,7.00,13.00,-10.00,0.70,0.0,33,84,0.8571,3.3333,2.00,-272.00,4333.07,-3.7345,DOWN,89.05,0.6850,1.6756
20260916 205949 933,4301.80,1,4301.90,4302.20,0.30,4301.90,1,4301.80,4,4301.70,3,4301.60,4,4301.50,3,4301.40,4,4301.30,7,4301.20,8,4301.10,10,4301.00,7,4302.20,2,4302.30,5,4302.40,3,4302.50,4,4302.60,5,4302.70,5,4302.80,4,4302.90,10,4303.00,10,4303.10,11,Sell,53,45,98,8.00,39.00,-3.00,1.60,56.2,4302.70,4303.40,4301.80,4301.80,34,27,61,7.00,13.00,-10.00,0.70,0.0,33,84,0.8571,3.8750,1.00,-273.00,4333.06,-3.7376,DOWN,89.05,0.6850,1.6828
20260916 205949 933,4301.80,1,4301.90,4302.20,0.30,4301.90,1,4301.80,4,4301.70,3,4301.60,4,4301.50,3,4301.40,4,4301.30,7,4301.20,8,4301.10,10,4301.00,7,4302.20,2,4302.30,5,4302.40,3,4302.50,4,4302.60,5,4302.70,5,4302.80,4,4302.90,10,4303.00,10,4303.10,11,Sell,53,46,99,7.00,39.00,-3.00,1.60,56.2,4302.70,4303.40,4301.80,4301.80,34,27,61,7.00,13.00,-10.00,0.70,0.0,33,84,0.8571,4.5714,0.00,-274.00,4333.06,-3.7376,DOWN,89.05,0.6850,1.6828
20260916 205949 933,4301.80,1,4301.90,4302.20,0.30,4301.90,1,4301.80,4,4301.70,3,4301.60,4,4301.50,3,4301.40,4,4301.30,7,4301.20,8,4301.10,10,4301.00,7,4302.20,2,4302.30,5,4302.40,3,4302.50,4,4302.60,5,4302.70,5,4302.80,4,4302.90,10,4303.00,10,4303.10,11,Sell,53,47,100,6.00,39.00,-3.00,1.60,56.2,4302.70,4303.40,4301.80,4301.80,34,27,61,7.00,13.00,-10.00,0.70,0.0,33,84,0.8571,5.5000,-1.00,-275.00,4333.06,-3.7376,DOWN,89.05,0.6850,1.6828
20260916 205949 933,4301.80,1,4301.90,4302.20,0.30,4301.90,1,4301.80,4,4301.70,3,4301.60,4,4301.50,3,4301.40,4,4301.30,7,4301.20,8,4301.10,10,4301.00,7,4302.20,2,4302.30,5,4302.40,3,4302.50,4,4302.60,5,4302.70,5,4302.80,4,4302.90,10,4303.00,10,4303.10,11,Sell,53,48,101,5.00,39.00,-3.00,1.60,56.2,4302.70,4303.40,4301.80,4301.80,34,27,61,7.00,13.00,-10.00,0.70,0.0,33,84,0.8571,6.8000,-2.00,-276.00,4333.06,-3.7376,DOWN,89.05,0.6850,1.6828
20260916 205949 933,4301.80,1,4301.90,4302.20,0.30,4301.90,1,4301.80,4,4301.70,3,4301.60,4,4301.50,3,4301.40,4,4301.30,7,4301.20,8,4301.10,10,4301.00,7,4302.20,2,4302.30,5,4302.40,3,4302.50,4,4302.60,5,4302.70,5,4302.80,4,4302.90,10,4303.00,10,4303.10,11,Sell,53,49,102,4.00,39.00,-3.00,1.60,56.2,4302.70,4303.40,4301.80,4301.80,34,27,61,7.00,13.00,-10.00,0.70,0.0,33,84,0.8571,8.7500,-3.00,-277.00,4333.06,-3.7376,DOWN,89.05,0.6850,1.6828
20260916 205949 933,4301.70,1,4301.90,4302.20,0.30,4301.90,1,4301.80,4,4301.70,3,4301.60,4,4301.50,3,4301.40,4,4301.30,7,4301.20,8,4301.10,10,4301.00,7,4302.20,2,4302.30,5,4302.40,3,4302.50,4,4302.60,5,4302.70,5,4302.80,4,4302.90,10,4303.00,10,4303.10,11,Sell,53,50,103,3.00,39.00,-3.00,1.70,58.8,4302.70,4303.40,4301.70,4301.70,34,27,61,7.00,13.00,-10.00,0.70,0.0,33,84,0.8571,12.0000,-4.00,-278.00,4333.05,-3.7408,DOWN,89.05,0.6850,1.6899
20260916 205949 933,4301.70,1,4301.90,4302.20,0.30,4301.90,1,4301.80,4,4301.70,3,4301.60,4,4301.50,3,4301.40,4,4301.30,7,4301.20,8,4301.10,10,4301.00,7,4302.20,2,4302.30,5,4302.40,3,4302.50,4,4302.60,5,4302.70,5,4302.80,4,4302.90,10,4303.00,10,4303.10,11,Sell,53,51,104,2.00,39.00,-3.00,1.70,58.8,4302.70,4303.40,4301.70,4301.70,34,27,61,7.00,13.00,-10.00,0.70,0.0,33,84,0.8571,18.5000,-5.00,-279.00,4333.05,-3.7408,DOWN,89.05,0.6850,1.6899
20260916 205949 933,4301.70,1,4301.90,4302.20,0.30,4301.90,1,4301.80,4,4301.70,3,4301.60,4,4301.50,3,4301.40,4,4301.30,7,4301.20,8,4301.10,10,4301.00,7,4302.20,2,4302.30,5,4302.40,3,4302.50,4,4302.60,5,4302.70,5,4302.80,4,4302.90,10,4303.00,10,4303.10,11,Sell,53,52,105,1.00,39.00,-3.00,1.70,58.8,4302.70,4303.40,4301.70,4301.70,34,27,61,7.00,13.00,-10.00,0.70,0.0,33,84,0.8571,38.0000,-6.00,-280.00,4333.05,-3.7408,DOWN,89.05,0.6850,1.6899
20260916 205949 933,4301.70,1,4301.90,4302.20,0.30,4301.90,1,4301.80,4,4301.70,3,4301.60,4,4301.50,3,4301.40,4,4301.30,7,4301.20,8,4301.10,10,4301.00,7,4302.20,2,4302.30,5,4302.40,3,4302.50,4,4302.60,5,4302.70,5,4302.80,4,4302.90,10,4303.00,10,4303.10,11,Sell,53,53,106,0.00,39.00,-3.00,1.70,58.8,4302.70,4303.40,4301.70,4301.70,34,27,61,7.00,13.00,-10.00,0.70,0.0,33,84,0.8571,39.0000,-7.00,-281.00,4333.05,-3.7408,DOWN,89.05,0.6850,1.6899
20260916 205949 934,4301.60,1,4301.90,4302.20,0.30,4301.90,1,4301.80,4,4301.70,3,4301.60,4,4301.50,3,4301.40,4,4301.30,7,4301.20,8,4301.10,10,4301.00,7,4302.20,2,4302.30,5,4302.40,3,4302.50,4,4302.60,5,4302.70,5,4302.80,4,4302.90,10,4303.00,10,4303.10,11,Sell,53,54,107,-1.00,39.00,-3.00,1.80,61.1,4302.70,4303.40,4301.60,4301.60,34,27,61,7.00,13.00,-10.00,0.70,0.0,33,84,0.8571,2.0000,-8.00,-282.00,4333.04,-3.7440,DOWN,89.05,0.6850,1.6971
20260916 205949 934,4302.30,2,4301.90,4302.20,0.30,4301.90,1,4301.80,4,4301.70,3,4301.60,4,4301.50,3,4301.40,4,4301.30,7,4301.20,8,4301.10,10,4301.00,7,4302.20,2,4302.30,5,4302.40,3,4302.50,4,4302.60,5,4302.70,5,4302.80,4,4302.90,10,4303.00,10,4303.10,11,Buy,55,54,109,1.00,39.00,-3.00,1.80,22.2,4302.70,4303.40,4301.60,4302.30,34,27,61,7.00,13.00,-10.00,0.70,0.0,33,84,0.8571,38.0000,-6.00,-280.00,4333.11,-3.7218,DOWN,89.05,0.6850,1.6971
20260916 205949 934,4302.30,1,4301.90,4302.20,0.30,4301.90,1,4301.80,4,4301.70,3,4301.60,4,4301.50,3,4301.40,4,4301.30,7,4301.20,8,4301.10,10,4301.00,7,4302.20,2,4302.30,5,4302.40,3,4302.50,4,4302.60,5,4302.70,5,4302.80,4,4302.90,10,4303.00,10,4303.10,11,Buy,56,54,110,2.00,39.00,-3.00,1.80,22.2,4302.70,4303.40,4301.60,4302.30,34,27,61,7.00,13.00,-10.00,0.70,0.0,33,84,0.8571,18.5000,-5.00,-279.00,4333.11,-3.7218,DOWN,89.05,0.6850,1.6971
20260916 205949 935,4302.20,1,4301.90,4302.20,0.30,4301.90,1,4301.80,4,4301.70,3,4301.60,4,4301.50,3,4301.40,4,4301.30,7,4301.20,8,4301.10,10,4301.00,7,4302.20,2,4302.30,5,4302.40,3,4302.50,4,4302.60,5,4302.70,5,4302.80,4,4302.90,10,4303.00,10,4303.10,11,Buy,57,54,111,3.00,39.00,-3.00,1.80,27.8,4302.70,4303.40,4301.60,4302.20,34,27,61,7.00,13.00,-10.00,0.70,0.0,33,84,0.8571,12.0000,-4.00,-278.00,4333.10,-3.7249,DOWN,89.05,0.6850,1.6971
20260916 205949 935,4302.20,1,4301.90,4302.20,0.30,4301.90,1,4301.80,4,4301.70,3,4301.60,4,4301.50,3,4301.40,4,4301.30,7,4301.20,8,4301.10,10,4301.00,7,4302.20,2,4302.30,5,4302.40,3,4302.50,4,4302.60,5,4302.70,5,4302.80,4,4302.90,10,4303.00,10,4303.10,11,Buy,58,54,112,4.00,39.00,-3.00,1.80,27.8,4302.70,4303.40,4301.60,4302.20,34,27,61,7.00,13.00,-10.00,0.70,0.0,33,84,0.8571,8.7500,-3.00,-277.00,4333.10,-3.7249,DOWN,89.05,0.6850,1.6971
20260916 205949 959,4302.10,1,4301.90,4302.20,0.30,4301.90,1,4301.80,4,4301.70,3,4301.60,4,4301.50,3,4301.40,4,4301.30,7,4301.20,8,4301.10,10,4301.00,7,4302.20,2,4302.30,6,4302.40,3,4302.50,4,4302.60,5,4302.70,5,4302.80,4,4302.90,10,4303.00,10,4303.10,11,Buy,59,54,113,5.00,39.00,-3.00,1.80,33.3,4302.70,4303.40,4301.60,4302.10,34,27,61,7.00,13.00,-10.00,0.70,0.0,33,84,0.8571,6.8000,-2.00,-276.00,4333.09,-3.7281,DOWN,89.05,0.6850,1.6971
20260916 205949 959,4302.10,1,4301.90,4302.20,0.30,4301.90,1,4301.80,4,4301.70,3,4301.60,4,4301.50,3,4301.40,4,4301.30,7,4301.20,8,4301.10,10,4301.00,7,4302.20,2,4302.30,6,4302.40,3,4302.50,4,4302.60,5,4302.70,5,4302.80,4,4302.90,10,4303.00,10,4303.10,11,Buy,60,54,114,6.00,39.00,-3.00,1.80,33.3,4302.70,4303.40,4301.60,4302.10,34,27,61,7.00,13.00,-10.00,0.70,0.0,33,84,0.8571,5.5000,-1.00,-275.00,4333.09,-3.7281,DOWN,89.05,0.6850,1.6971
20260916 205950 416,4301.70,1,4301.80,4302.10,0.30,4301.80,2,4301.70,1,4301.60,4,4301.50,3,4301.40,4,4301.30,7,4301.20,8,4301.10,10,4301.00,7,4300.90,8,4302.10,1,4302.20,3,4302.30,6,4302.40,3,4302.50,4,4302.60,5,4302.70,5,4302.80,4,4302.90,10,4303.00,10,Sell,60,55,115,5.00,39.00,-3.00,1.80,55.6,4302.70,4303.40,4301.60,4301.70,34,27,61,7.00,13.00,-10.00,0.70,0.0,33,84,0.8571,6.8000,-2.00,-276.00,4333.05,-3.7408,DOWN,89.05,0.6850,1.6971
20260916 205951 560,4301.80,1,4301.90,4302.20,0.30,4301.90,1,4301.80,4,4301.70,2,4301.60,4,4301.50,3,4301.40,4,4301.30,7,4301.20,8,4301.10,10,4301.00,7,4302.20,2,4302.30,5,4302.40,3,4302.50,4,4302.60,5,4302.70,5,4302.80,4,4302.90,10,4303.00,10,4303.10,11,Sell,60,56,116,4.00,39.00,-3.00,1.80,50.0,4302.70,4303.40,4301.60,4301.80,34,27,61,7.00,13.00,-10.00,0.70,0.0,33,84,0.8571,8.7500,-3.00,-277.00,4333.06,-3.7376,DOWN,89.05,0.6850,1.6971
20260916 205951 560,4301.80,1,4301.90,4302.20,0.30,4301.90,1,4301.80,4,4301.70,2,4301.60,4,4301.50,3,4301.40,4,4301.30,7,4301.20,8,4301.10,10,4301.00,7,4302.20,2,4302.30,5,4302.40,3,4302.50,4,4302.60,5,4302.70,5,4302.80,4,4302.90,10,4303.00,10,4303.10,11,Sell,60,57,117,3.00,39.00,-3.00,1.80,50.0,4302.70,4303.40,4301.60,4301.80,34,27,61,7.00,13.00,-10.00,0.70,0.0,33,84,0.8571,12.0000,-4.00,-278.00,4333.06,-3.7376,DOWN,89.05,0.6850,1.6971
20260916 205952 994,4302.20,1,4302.00,4302.30,0.30,4302.00,2,4301.90,4,4301.80,4,4301.70,2,4301.60,4,4301.50,8,4301.40,9,4301.30,7,4301.20,8,4301.10,10,4302.30,1,4302.40,4,4302.50,4,4302.60,4,4302.70,5,4302.80,4,4302.90,4,4303.00,10,4303.10,11,4303.20,10,Sell,60,58,118,2.00,39.00,-3.00,1.80,27.8,4302.70,4303.40,4301.60,4302.20,34,27,61,7.00,13.00,-10.00,0.70,0.0,33,84,0.8571,18.5000,-5.00,-279.00,4333.10,-3.7249,DOWN,89.05,0.6850,1.6971
20260916 205958 340,4302.30,1,4302.30,4302.70,0.40,4302.30,4,4302.20,3,4302.10,3,4302.00,3,4301.90,3,4301.80,4,4301.70,2,4301.60,4,4301.50,8,4301.40,9,4302.70,3,4302.80,3,4302.90,3,4303.00,4,4303.10,4,4303.20,9,4303.30,11,4303.40,9,4303.50,8,4303.60,10,Sell,60,59,119,1.00,39.00,-3.00,1.80,22.2,4302.70,4303.40,4301.60,4302.30,34,27,61,7.00,13.00,-10.00,0.70,0.0,33,84,0.8571,38.0000,-6.00,-280.00,4333.11,-3.7218,DOWN,89.05,0.6850,1.6971
20260916 205959 524,4302.30,1,4302.20,4302.60,0.40,4302.20,1,4302.10,2,4302.00,3,4301.90,3,4301.80,9,4301.70,7,4301.60,9,4301.50,8,4301.40,9,4301.30,7,4302.60,1,4302.70,4,4302.80,3,4302.90,3,4303.00,4,4303.10,4,4303.20,3,4303.30,11,4303.40,9,4303.50,8,Sell,60,60,120,0.00,39.00,-3.00,1.80,22.2,4302.70,4303.40,4301.60,4302.30,34,27,61,7.00,13.00,-10.00,0.70,0.0,33,84,0.8571,39.0000,-7.00,-281.00,4333.11,-3.7218,DOWN,89.05,0.6850,1.6971
20260916 205959 524,4302.30,1,4302.20,4302.60,0.40,4302.20,1,4302.10,2,4302.00,3,4301.90,3,4301.80,9,4301.70,7,4301.60,9,4301.50,8,4301.40,9,4301.30,7,4302.60,1,4302.70,4,4302.80,3,4302.90,3,4303.00,4,4303.10,4,4303.20,3,4303.30,11,4303.40,9,4303.50,8,Sell,60,61,121,-1.00,39.00,-3.00,1.80,22.2,4302.70,4303.40,4301.60,4302.30,34,27,61,7.00,13.00,-10.00,0.70,0.0,33,84,0.8571,2.0000,-8.00,-282.00,4333.11,-3.7218,DOWN,89.05,0.6850,1.6971
20260916 205959 524,4302.30,1,4302.20,4302.60,0.40,4302.20,1,4302.10,2,4302.00,3,4301.90,3,4301.80,9,4301.70,7,4301.60,9,4301.50,8,4301.40,9,4301.30,7,4302.60,1,4302.70,4,4302.80,3,4302.90,3,4303.00,4,4303.10,4,4303.20,3,4303.30,11,4303.40,9,4303.50,8,Sell,60,62,122,-2.00,39.00,-3.00,1.80,22.2,4302.70,4303.40,4301.60,4302.30,34,27,61,7.00,13.00,-10.00,0.70,0.0,33,84,0.8571,0.5000,-9.00,-283.00,4333.11,-3.7218,DOWN,89.05,0.6850,1.6971
20260916 205959 524,4302.20,1,4302.20,4302.60,0.40,4302.20,1,4302.10,2,4302.00,3,4301.90,3,4301.80,9,4301.70,7,4301.60,9,4301.50,8,4301.40,9,4301.30,7,4302.60,1,4302.70,4,4302.80,3,4302.90,3,4303.00,4,4303.10,4,4303.20,3,4303.30,11,4303.40,9,4303.50,8,Sell,60,63,123,-3.00,39.00,-3.00,1.80,27.8,4302.70,4303.40,4301.60,4302.20,34,27,61,7.00,13.00,-10.00,0.70,0.0,33,84,0.8571,0.0000,-10.00,-284.00,4333.10,-3.7249,DOWN,89.05,0.6850,1.6971
20260916 205959 524,4302.20,1,4302.20,4302.60,0.40,4302.20,1,4302.10,2,4302.00,3,4301.90,3,4301.80,9,4301.70,7,4301.60,9,4301.50,8,4301.40,9,4301.30,7,4302.60,1,4302.70,4,4302.80,3,4302.90,3,4303.00,4,4303.10,4,4303.20,3,4303.30,11,4303.40,9,4303.50,8,Sell,60,64,124,-4.00,39.00,-4.00,1.80,27.8,4302.70,4303.40,4301.60,4302.20,34,27,61,7.00,13.00,-10.00,0.70,0.0,33,84,0.8571,0.0000,-11.00,-285.00,4333.10,-3.7249,DOWN,89.05,0.6850,1.6971
