Timestamp,Last,Volume,Bid,Ask,Spread,BidPrice1,BidQty1,BidPrice2,BidQty2,BidPrice3,BidQty3,BidPrice4,BidQty4,BidPrice5,BidQty5,BidPrice6,BidQty6,BidPrice7,BidQty7,BidPrice8,BidQty8,BidPrice9,BidQty9,BidPrice10,BidQty10,AskPrice1,AskQty1,AskPrice2,AskQty2,AskPrice3,AskQty3,AskPrice4,AskQty4,AskPrice5,AskQty5,AskPrice6,AskQty6,AskPrice7,AskQty7,AskPrice8,AskQty8,AskPrice9,AskQty9,AskPrice10,AskQty10,Aggressor,CurBarBuyVol,CurBarSellVol,CurBarTotalVol,CurBarDelta,CurBarMaxSeen,CurBarMinSeen,CurBarRange,CurBarBodyPct,CurBarOpen,CurBarHigh,CurBarLow,CurBarClose,PrevBarBuyVol,PrevBarSellVol,PrevBarTotalVol,PrevBarDelta,PrevBarMaxSeen,PrevBarMinSeen,PrevBarRange,PrevBarBodyPct,PrevBar30sAggDelta,PrevBar30sTradeCount,PrevBarAbsorbRatio,IntraAbsorbRatio,CumDelta5Bars,CumDelta10Bars,HTFEmaValue,HTFEmaSlope,HTFEmaDir,H2_HourlyVolBaseline,H2_PrevBarVolMultiple,ATRValue
20260901 220009 025,4379.80,1,4379.80,4380.50,0.70,4379.80,3,4379.70,1,4379.50,4,4379.40,3,4379.20,3,4379.10,2,4379.00,2,4378.60,2,4378.50,3,4378.40,1,4380.50,1,4380.60,2,4380.70,3,4381.10,2,4381.20,2,4381.30,4,4381.40,5,4381.50,6,4381.60,8,4381.70,5,Sell,100,51,151,49.00,57.00,-9.00,5.40,66.7,4376.20,4381.20,4375.80,4379.80,52,34,86,18.00,31.00,-2.00,1.10,63.6,0,0,0.7222,0.1633,121.00,173.00,4385.23,-0.9753,DOWN,122.40,0.7026,1.5410
20260901 220009 025,4379.70,1,4379.80,4380.50,0.70,4379.80,3,4379.70,1,4379.50,4,4379.40,3,4379.20,3,4379.10,2,4379.00,2,4378.60,2,4378.50,3,4378.40,1,4380.50,1,4380.60,2,4380.70,3,4381.10,2,4381.20,2,4381.30,4,4381.40,5,4381.50,6,4381.60,8,4381.70,5,Sell,100,52,152,48.00,57.00,-9.00,5.40,64.8,4376.20,4381.20,4375.80,4379.70,52,34,86,18.00,31.00,-2.00,1.10,63.6,0,0,0.7222,0.1875,120.00,172.00,4385.22,-0.9785,DOWN,122.40,0.7026,1.5410
20260901 220009 025,4379.50,2,4379.80,4380.50,0.70,4379.80,3,4379.70,1,4379.50,4,4379.40,3,4379.20,3,4379.10,2,4379.00,2,4378.60,2,4378.50,3,4378.40,1,4380.50,1,4380.60,2,4380.70,3,4381.10,2,4381.20,2,4381.30,4,4381.40,5,4381.50,6,4381.60,8,4381.70,5,Sell,100,54,154,46.00,57.00,-9.00,5.40,61.1,4376.20,4381.20,4375.80,4379.50,52,34,86,18.00,31.00,-2.00,1.10,63.6,0,0,0.7222,0.2391,118.00,170.00,4385.20,-0.9848,DOWN,122.40,0.7026,1.5410
20260901 220009 025,4379.50,1,4379.80,4380.50,0.70,4379.80,3,4379.70,1,4379.50,4,4379.40,3,4379.20,3,4379.10,2,4379.00,2,4378.60,2,4378.50,3,4378.40,1,4380.50,1,4380.60,2,4380.70,3,4381.10,2,4381.20,2,4381.30,4,4381.40,5,4381.50,6,4381.60,8,4381.70,5,Sell,100,55,155,45.00,57.00,-9.00,5.40,61.1,4376.20,4381.20,4375.80,4379.50,52,34,86,18.00,31.00,-2.00,1.10,63.6,0,0,0.7222,0.2667,117.00,169.00,4385.20,-0.9848,DOWN,122.40,0.7026,1.5410
20260901 220009 025,4379.50,1,4379.80,4380.50,0.70,4379.80,3,4379.70,1,4379.50,4,4379.40,3,4379.20,3,4379.10,2,4379.00,2,4378.60,2,4378.50,3,4378.40,1,4380.50,1,4380.60,2,4380.70,3,4381.10,2,4381.20,2,4381.30,4,4381.40,5,4381.50,6,4381.60,8,4381.70,5,Sell,100,56,156,44.00,57.00,-9.00,5.40,61.1,4376.20,4381.20,4375.80,4379.50,52,34,86,18.00,31.00,-2.00,1.10,63.6,0,0,0.7222,0.2955,116.00,168.00,4385.20,-0.9848,DOWN,122.40,0.7026,1.5410
20260901 220009 025,4379.40,1,4379.80,4380.50,0.70,4379.80,3,4379.70,1,4379.50,4,4379.40,3,4379.20,3,4379.10,2,4379.00,2,4378.60,2,4378.50,3,4378.40,1,4380.50,1,4380.60,2,4380.70,3,4381.10,2,4381.20,2,4381.30,4,4381.40,5,4381.50,6,4381.60,8,4381.70,5,Sell,100,57,157,43.00,57.00,-9.00,5.40,59.3,4376.20,4381.20,4375.80,4379.40,52,34,86,18.00,31.00,-2.00,1.10,63.6,0,0,0.7222,0.3256,115.00,167.00,4385.19,-0.9880,DOWN,122.40,0.7026,1.5410
20260901 220009 025,4379.40,1,4379.80,4380.50,0.70,4379.80,3,4379.70,1,4379.50,4,4379.40,3,4379.20,3,4379.10,2,4379.00,2,4378.60,2,4378.50,3,4378.40,1,4380.50,1,4380.60,2,4380.70,3,4381.10,2,4381.20,2,4381.30,4,4381.40,5,4381.50,6,4381.60,8,4381.70,5,Sell,100,58,158,42.00,57.00,-9.00,5.40,59.3,4376.20,4381.20,4375.80,4379.40,52,34,86,18.00,31.00,-2.00,1.10,63.6,0,0,0.7222,0.3571,114.00,166.00,4385.19,-0.9880,DOWN,122.40,0.7026,1.5410
20260901 220009 124,4378.70,2,4378.60,4379.50,0.90,4378.60,3,4378.50,3,4378.20,2,4377.90,2,4377.40,3,4377.30,8,4377.20,5,4377.10,6,4377.00,9,4376.90,8,4379.50,3,4379.60,3,4379.70,2,4379.90,4,4380.00,3,4380.10,5,4380.30,2,4380.40,5,4380.50,2,4380.60,1,Sell,100,60,160,40.00,57.00,-9.00,5.40,46.3,4376.20,4381.20,4375.80,4378.70,52,34,86,18.00,31.00,-2.00,1.10,63.6,0,0,0.7222,0.4250,112.00,164.00,4385.13,-1.0102,DOWN,122.40,0.7026,1.5410
20260901 220009 124,4378.70,1,4378.60,4379.50,0.90,4378.60,3,4378.50,3,4378.20,2,4377.90,2,4377.40,3,4377.30,8,4377.20,5,4377.10,6,4377.00,9,4376.90,8,4379.50,3,4379.60,3,4379.70,2,4379.90,4,4380.00,3,4380.10,5,4380.30,2,4380.40,5,4380.50,2,4380.60,1,Sell,100,61,161,39.00,57.00,-9.00,5.40,46.3,4376.20,4381.20,4375.80,4378.70,52,34,86,18.00,31.00,-2.00,1.10,63.6,0,0,0.7222,0.4615,111.00,163.00,4385.13,-1.0102,DOWN,122.40,0.7026,1.5410
20260901 220009 124,4378.70,1,4378.60,4379.50,0.90,4378.60,3,4378.50,3,4378.20,2,4377.90,2,4377.40,3,4377.30,8,4377.20,5,4377.10,6,4377.00,9,4376.90,8,4379.50,3,4379.60,3,4379.70,2,4379.90,4,4380.00,3,4380.10,5,4380.30,2,4380.40,5,4380.50,2,4380.60,1,Sell,100,62,162,38.00,57.00,-9.00,5.40,46.3,4376.20,4381.20,4375.80,4378.70,52,34,86,18.00,31.00,-2.00,1.10,63.6,0,0,0.7222,0.5000,110.00,162.00,4385.13,-1.0102,DOWN,122.40,0.7026,1.5410
20260901 220009 195,4378.90,1,4378.50,4379.30,0.80,4378.50,4,4377.90,2,4377.60,2,4377.50,2,4377.40,3,4377.30,8,4377.20,5,4377.10,6,4377.00,9,4376.90,8,4379.30,2,4379.40,3,4379.50,4,4379.60,2,4379.70,2,4379.90,3,4380.00,3,4380.10,5,4380.30,2,4380.40,5,Sell,100,63,163,37.00,57.00,-9.00,5.40,50.0,4376.20,4381.20,4375.80,4378.90,52,34,86,18.00,31.00,-2.00,1.10,63.6,0,0,0.7222,0.5405,109.00,161.00,4385.15,-1.0038,DOWN,122.40,0.7026,1.5410
20260901 220009 195,4378.90,1,4378.50,4379.30,0.80,4378.50,4,4377.90,2,4377.60,2,4377.50,2,4377.40,3,4377.30,8,4377.20,5,4377.10,6,4377.00,9,4376.90,8,4379.30,2,4379.40,3,4379.50,4,4379.60,2,4379.70,2,4379.90,3,4380.00,3,4380.10,5,4380.30,2,4380.40,5,Sell,100,64,164,36.00,57.00,-9.00,5.40,50.0,4376.20,4381.20,4375.80,4378.90,52,34,86,18.00,31.00,-2.00,1.10,63.6,0,0,0.7222,0.5833,108.00,160.00,4385.15,-1.0038,DOWN,122.40,0.7026,1.5410
20260901 220009 195,4378.90,1,4378.50,4379.30,0.80,4378.50,4,4377.90,2,4377.60,2,4377.50,2,4377.40,3,4377.30,8,4377.20,5,4377.10,6,4377.00,9,4376.90,8,4379.30,2,4379.40,3,4379.50,4,4379.60,2,4379.70,2,4379.90,3,4380.00,3,4380.10,5,4380.30,2,4380.40,5,Sell,100,65,165,35.00,57.00,-9.00,5.40,50.0,4376.20,4381.20,4375.80,4378.90,52,34,86,18.00,31.00,-2.00,1.10,63.6,0,0,0.7222,0.6286,107.00,159.00,4385.15,-1.0038,DOWN,122.40,0.7026,1.5410
20260901 220009 417,4379.50,1,4378.80,4379.50,0.70,4378.80,3,4378.70,2,4378.60,2,4378.50,4,4377.90,3,4377.60,2,4377.50,2,4377.40,3,4377.30,8,4377.20,5,4379.50,2,4379.60,2,4379.70,2,4379.90,3,4380.00,3,4380.10,5,4380.30,2,4380.40,4,4380.50,2,4380.60,1,Buy,101,65,166,36.00,57.00,-9.00,5.40,61.1,4376.20,4381.20,4375.80,4379.50,52,34,86,18.00,31.00,-2.00,1.10,63.6,0,0,0.7222,0.5833,108.00,160.00,4385.20,-0.9848,DOWN,122.40,0.7026,1.5410
20260901 220010 018,4379.50,1,4378.90,4379.50,0.60,4378.90,3,4378.80,2,4378.70,2,4378.60,2,4378.50,4,4377.90,3,4377.40,3,4377.30,4,4377.20,1,4377.10,2,4379.50,1,4379.60,2,4379.70,2,4379.90,3,4380.00,3,4380.10,5,4380.30,2,4380.40,5,4380.50,2,4380.60,1,Buy,102,65,167,37.00,57.00,-9.00,5.40,61.1,4376.20,4381.20,4375.80,4379.50,52,34,86,18.00,31.00,-2.00,1.10,63.6,0,0,0.7222,0.5405,109.00,161.00,4385.20,-0.9848,DOWN,122.40,0.7026,1.5410
20260901 220010 320,4378.90,1,4377.40,4378.20,0.80,4377.40,2,4377.00,4,4376.90,3,4376.40,6,4376.30,6,4376.20,6,4376.10,7,4376.00,5,4375.90,7,4375.80,11,4378.20,2,4378.30,3,4378.40,3,4378.60,3,4378.70,2,4378.90,1,4379.00,2,4379.10,1,4379.20,5,4379.30,3,Sell,102,66,168,36.00,57.00,-9.00,5.40,50.0,4376.20,4381.20,4375.80,4378.90,52,34,86,18.00,31.00,-2.00,1.10,63.6,0,0,0.7222,0.5833,108.00,160.00,4385.15,-1.0038,DOWN,122.40,0.7026,1.5410
20260901 220010 320,4378.90,1,4377.40,4378.20,0.80,4377.40,2,4377.00,4,4376.90,3,4376.40,6,4376.30,6,4376.20,6,4376.10,7,4376.00,5,4375.90,7,4375.80,11,4378.20,2,4378.30,3,4378.40,3,4378.60,3,4378.70,2,4378.90,1,4379.00,2,4379.10,1,4379.20,5,4379.30,3,Sell,102,67,169,35.00,57.00,-9.00,5.40,50.0,4376.20,4381.20,4375.80,4378.90,52,34,86,18.00,31.00,-2.00,1.10,63.6,0,0,0.7222,0.6286,107.00,159.00,4385.15,-1.0038,DOWN,122.40,0.7026,1.5410
20260901 220010 320,4378.90,1,4377.40,4378.20,0.80,4377.40,2,4377.00,4,4376.90,3,4376.40,6,4376.30,6,4376.20,6,4376.10,7,4376.00,5,4375.90,7,4375.80,11,4378.20,2,4378.30,3,4378.40,3,4378.60,3,4378.70,2,4378.90,1,4379.00,2,4379.10,1,4379.20,5,4379.30,3,Sell,102,68,170,34.00,57.00,-9.00,5.40,50.0,4376.20,4381.20,4375.80,4378.90,52,34,86,18.00,31.00,-2.00,1.10,63.6,0,0,0.7222,0.6765,106.00,158.00,4385.15,-1.0038,DOWN,122.40,0.7026,1.5410
20260901 220010 320,4378.80,1,4377.40,4378.20,0.80,4377.40,2,4377.00,4,4376.90,3,4376.40,6,4376.30,6,4376.20,6,4376.10,7,4376.00,5,4375.90,7,4375.80,11,4378.20,2,4378.30,3,4378.40,3,4378.60,3,4378.70,2,4378.90,1,4379.00,2,4379.10,1,4379.20,5,4379.30,3,Sell,102,69,171,33.00,57.00,-9.00,5.40,48.1,4376.20,4381.20,4375.80,4378.80,52,34,86,18.00,31.00,-2.00,1.10,63.6,0,0,0.7222,0.7273,105.00,157.00,4385.14,-1.0070,DOWN,122.40,0.7026,1.5410
20260901 220010 320,4378.80,1,4377.40,4378.20,0.80,4377.40,2,4377.00,4,4376.90,3,4376.40,6,4376.30,6,4376.20,6,4376.10,7,4376.00,5,4375.90,7,4375.80,11,4378.20,2,4378.30,3,4378.40,3,4378.60,3,4378.70,2,4378.90,1,4379.00,2,4379.10,1,4379.20,5,4379.30,3,Sell,102,70,172,32.00,57.00,-9.00,5.40,48.1,4376.20,4381.20,4375.80,4378.80,52,34,86,18.00,31.00,-2.00,1.10,63.6,0,0,0.7222,0.7813,104.00,156.00,4385.14,-1.0070,DOWN,122.40,0.7026,1.5410
20260901 220010 320,4378.70,1,4377.40,4378.20,0.80,4377.40,2,4377.00,4,4376.90,3,4376.40,6,4376.30,6,4376.20,6,4376.10,7,4376.00,5,4375.90,7,4375.80,11,4378.20,2,4378.30,3,4378.40,3,4378.60,3,4378.70,2,4378.90,1,4379.00,2,4379.10,1,4379.20,5,4379.30,3,Sell,102,71,173,31.00,57.00,-9.00,5.40,46.3,4376.20,4381.20,4375.80,4378.70,52,34,86,18.00,31.00,-2.00,1.10,63.6,0,0,0.7222,0.8387,103.00,155.00,4385.13,-1.0102,DOWN,122.40,0.7026,1.5410
20260901 220010 320,4378.70,1,4377.40,4378.20,0.80,4377.40,2,4377.00,4,4376.90,3,4376.40,6,4376.30,6,4376.20,6,4376.10,7,4376.00,5,4375.90,7,4375.80,11,4378.20,2,4378.30,3,4378.40,3,4378.60,3,4378.70,2,4378.90,1,4379.00,2,4379.10,1,4379.20,5,4379.30,3,Sell,102,72,174,30.00,57.00,-9.00,5.40,46.3,4376.20,4381.20,4375.80,4378.70,52,34,86,18.00,31.00,-2.00,1.10,63.6,0,0,0.7222,0.9000,102.00,154.00,4385.13,-1.0102,DOWN,122.40,0.7026,1.5410
20260901 220010 320,4378.60,1,4377.40,4378.20,0.80,4377.40,2,4377.00,4,4376.90,3,4376.40,6,4376.30,6,4376.20,6,4376.10,7,4376.00,5,4375.90,7,4375.80,11,4378.20,2,4378.30,3,4378.40,3,4378.60,3,4378.70,2,4378.90,1,4379.00,2,4379.10,1,4379.20,5,4379.30,3,Sell,102,73,175,29.00,57.00,-9.00,5.40,44.4,4376.20,4381.20,4375.80,4378.60,52,34,86,18.00,31.00,-2.00,1.10,63.6,0,0,0.7222,0.9655,101.00,153.00,4385.12,-1.0134,DOWN,122.40,0.7026,1.5410
20260901 220010 320,4378.60,1,4377.40,4378.20,0.80,4377.40,2,4377.00,4,4376.90,3,4376.40,6,4376.30,6,4376.20,6,4376.10,7,4376.00,5,4375.90,7,4375.80,11,4378.20,2,4378.30,3,4378.40,3,4378.60,3,4378.70,2,4378.90,1,4379.00,2,4379.10,1,4379.20,5,4379.30,3,Sell,102,74,176,28.00,57.00,-9.00,5.40,44.4,4376.20,4381.20,4375.80,4378.60,52,34,86,18.00,31.00,-2.00,1.10,63.6,0,0,0.7222,1.0357,100.00,152.00,4385.12,-1.0134,DOWN,122.40,0.7026,1.5410
20260901 220010 320,4378.60,1,4377.40,4378.20,0.80,4377.40,2,4377.00,4,4376.90,3,4376.40,6,4376.30,6,4376.20,6,4376.10,7,4376.00,5,4375.90,7,4375.80,11,4378.20,2,4378.30,3,4378.40,3,4378.60,3,4378.70,2,4378.90,1,4379.00,2,4379.10,1,4379.20,5,4379.30,3,Sell,102,75,177,27.00,57.00,-9.00,5.40,44.4,4376.20,4381.20,4375.80,4378.60,52,34,86,18.00,31.00,-2.00,1.10,63.6,0,0,0.7222,1.1111,99.00,151.00,4385.12,-1.0134,DOWN,122.40,0.7026,1.5410
20260901 220010 326,4378.50,1,4377.40,4378.20,0.80,4377.40,2,4377.00,4,4376.90,3,4376.40,6,4376.30,6,4376.20,6,4376.10,7,4376.00,5,4375.90,7,4375.80,11,4378.20,2,4378.30,3,4378.40,3,4378.60,3,4378.70,2,4378.90,1,4379.00,2,4379.10,1,4379.20,5,4379.30,3,Sell,102,76,178,26.00,57.00,-9.00,5.40,42.6,4376.20,4381.20,4375.80,4378.50,52,34,86,18.00,31.00,-2.00,1.10,63.6,0,0,0.7222,1.1923,98.00,150.00,4385.11,-1.0165,DOWN,122.40,0.7026,1.5410
20260901 220010 326,4378.50,1,4377.40,4378.20,0.80,4377.40,2,4377.00,4,4376.90,3,4376.40,6,4376.30,6,4376.20,6,4376.10,7,4376.00,5,4375.90,7,4375.80,11,4378.20,2,4378.30,3,4378.40,3,4378.60,3,4378.70,2,4378.90,1,4379.00,2,4379.10,1,4379.20,5,4379.30,3,Sell,102,77,179,25.00,57.00,-9.00,5.40,42.6,4376.20,4381.20,4375.80,4378.50,52,34,86,18.00,31.00,-2.00,1.10,63.6,0,0,0.7222,1.2800,97.00,149.00,4385.11,-1.0165,DOWN,122.40,0.7026,1.5410
20260901 220010 326,4378.50,1,4377.40,4378.20,0.80,4377.40,2,4377.00,4,4376.90,3,4376.40,6,4376.30,6,4376.20,6,4376.10,7,4376.00,5,4375.90,7,4375.80,11,4378.20,2,4378.30,3,4378.40,3,4378.60,3,4378.70,2,4378.90,1,4379.00,2,4379.10,1,4379.20,5,4379.30,3,Sell,102,78,180,24.00,57.00,-9.00,5.40,42.6,4376.20,4381.20,4375.80,4378.50,52,34,86,18.00,31.00,-2.00,1.10,63.6,0,0,0.7222,1.3750,96.00,148.00,4385.11,-1.0165,DOWN,122.40,0.7026,1.5410
20260901 220010 573,4377.40,1,4377.40,4378.20,0.80,4377.40,1,4377.00,4,4376.90,3,4376.40,6,4376.30,6,4376.20,6,4376.10,7,4376.00,5,4375.90,7,4375.80,11,4378.20,3,4378.30,2,4378.40,3,4378.60,3,4378.70,2,4378.90,1,4379.00,2,4379.10,1,4379.20,5,4379.30,3,Sell,102,79,181,23.00,57.00,-9.00,5.40,22.2,4376.20,4381.20,4375.80,4377.40,52,34,86,18.00,31.00,-2.00,1.10,63.6,0,0,0.7222,1.4783,95.00,147.00,4385.00,-1.0515,DOWN,122.40,0.7026,1.5410
20260901 220010 817,4377.80,1,4377.00,4377.80,0.80,4377.10,4,4377.00,4,4376.90,2,4376.20,3,4376.10,8,4376.00,6,4375.90,7,4375.80,11,4375.70,5,4375.60,5,4377.80,2,4377.90,1,4378.00,3,4378.10,2,4378.20,4,4378.30,2,4378.40,3,4378.60,3,4378.80,1,4378.90,2,Buy,103,79,182,24.00,57.00,-9.00,5.40,29.6,4376.20,4381.20,4375.80,4377.80,52,34,86,18.00,31.00,-2.00,1.10,63.6,0,0,0.7222,1.3750,96.00,148.00,4385.04,-1.0388,DOWN,122.40,0.7026,1.5410
20260901 220010 919,4377.80,1,4377.10,4377.80,0.70,4377.10,4,4377.00,4,4376.90,2,4376.20,3,4376.10,8,4376.00,6,4375.90,7,4375.80,11,4375.70,5,4375.60,5,4377.80,2,4377.90,1,4378.00,3,4378.10,2,4378.20,4,4378.30,2,4378.40,3,4378.60,3,4378.80,1,4378.90,2,Buy,104,79,183,25.00,57.00,-9.00,5.40,29.6,4376.20,4381.20,4375.80,4377.80,52,34,86,18.00,31.00,-2.00,1.10,63.6,0,0,0.7222,1.2800,97.00,149.00,4385.04,-1.0388,DOWN,122.40,0.7026,1.5410
20260901 220011 066,4377.10,1,4377.10,4377.80,0.70,4377.10,2,4377.00,4,4376.90,2,4376.20,3,4376.10,8,4376.00,6,4375.90,7,4375.80,11,4375.70,5,4375.60,5,4377.80,2,4377.90,2,4378.00,3,4378.10,3,4378.20,4,4378.30,2,4378.40,3,4378.60,3,4378.80,2,4378.90,2,Sell,104,80,184,24.00,57.00,-9.00,5.40,16.7,4376.20,4381.20,4375.80,4377.10,52,34,86,18.00,31.00,-2.00,1.10,63.6,0,0,0.7222,1.3750,96.00,148.00,4384.98,-1.0610,DOWN,122.40,0.7026,1.5410
20260901 220011 067,4377.10,1,4377.10,4377.80,0.70,4377.10,2,4377.00,4,4376.90,2,4376.20,3,4376.10,8,4376.00,6,4375.90,7,4375.80,11,4375.70,5,4375.60,5,4377.80,2,4377.90,2,4378.00,3,4378.10,3,4378.20,4,4378.30,2,4378.40,3,4378.60,3,4378.80,2,4378.90,2,Sell,104,81,185,23.00,57.00,-9.00,5.40,16.7,4376.20,4381.20,4375.80,4377.10,52,34,86,18.00,31.00,-2.00,1.10,63.6,0,0,0.7222,1.4783,95.00,147.00,4384.98,-1.0610,DOWN,122.40,0.7026,1.5410
20260901 220011 155,4377.80,1,4377.20,4377.70,0.50,4377.20,2,4377.10,3,4377.00,4,4376.90,2,4376.20,3,4376.10,8,4376.00,6,4375.90,7,4375.80,11,4375.70,5,4377.80,1,4377.90,2,4378.00,3,4378.10,3,4378.20,4,4378.30,2,4378.40,3,4378.60,3,4378.80,2,4378.90,2,Buy,105,81,186,24.00,57.00,-9.00,5.40,29.6,4376.20,4381.20,4375.80,4377.80,52,34,86,18.00,31.00,-2.00,1.10,63.6,0,0,0.7222,1.3750,96.00,148.00,4385.04,-1.0388,DOWN,122.40,0.7026,1.5410
20260901 220011 157,4377.20,2,4377.20,4377.70,0.50,4377.20,2,4377.10,3,4377.00,4,4376.90,2,4376.20,3,4376.10,8,4376.00,6,4375.90,7,4375.80,11,4375.70,5,4377.80,1,4377.90,2,4378.00,3,4378.10,3,4378.20,4,4378.30,2,4378.40,3,4378.60,3,4378.80,2,4378.90,2,Sell,105,83,188,22.00,57.00,-9.00,5.40,18.5,4376.20,4381.20,4375.80,4377.20,52,34,86,18.00,31.00,-2.00,1.10,63.6,0,0,0.7222,1.5909,94.00,146.00,4384.99,-1.0578,DOWN,122.40,0.7026,1.5410
20260901 220011 157,4377.20,1,4377.20,4377.70,0.50,4377.20,2,4377.10,3,4377.00,4,4376.90,2,4376.20,3,4376.10,8,4376.00,6,4375.90,7,4375.80,11,4375.70,5,4377.80,1,4377.90,2,4378.00,3,4378.10,3,4378.20,4,4378.30,2,4378.40,3,4378.60,3,4378.80,2,4378.90,2,Sell,105,84,189,21.00,57.00,-9.00,5.40,18.5,4376.20,4381.20,4375.80,4377.20,52,34,86,18.00,31.00,-2.00,1.10,63.6,0,0,0.7222,1.7143,93.00,145.00,4384.99,-1.0578,DOWN,122.40,0.7026,1.5410
20260901 220011 157,4377.20,1,4377.20,4377.70,0.50,4377.20,2,4377.10,3,4377.00,4,4376.90,2,4376.20,3,4376.10,8,4376.00,6,4375.90,7,4375.80,11,4375.70,5,4377.80,1,4377.90,2,4378.00,3,4378.10,3,4378.20,4,4378.30,2,4378.40,3,4378.60,3,4378.80,2,4378.90,2,Sell,105,85,190,20.00,57.00,-9.00,5.40,18.5,4376.20,4381.20,4375.80,4377.20,52,34,86,18.00,31.00,-2.00,1.10,63.6,0,0,0.7222,1.8500,92.00,144.00,4384.99,-1.0578,DOWN,122.40,0.7026,1.5410
20260901 220011 519,4377.00,3,4376.30,4377.30,1.00,4376.30,4,4376.10,8,4376.00,5,4375.90,8,4375.80,12,4375.70,5,4375.60,5,4375.50,5,4375.40,8,4375.30,6,4377.30,6,4377.40,1,4377.80,3,4377.90,4,4378.00,5,4378.10,4,4378.20,3,4378.30,2,4378.40,4,4378.50,1,Sell,105,88,193,17.00,57.00,-9.00,5.40,14.8,4376.20,4381.20,4375.80,4377.00,52,34,86,18.00,31.00,-2.00,1.10,63.6,0,0,0.7222,2.3529,89.00,141.00,4384.97,-1.0642,DOWN,122.40,0.7026,1.5410
20260901 220011 520,4376.90,1,4376.30,4377.30,1.00,4376.30,4,4376.10,8,4376.00,5,4375.90,8,4375.80,12,4375.70,5,4375.60,5,4375.50,5,4375.40,8,4375.30,6,4377.30,6,4377.40,1,4377.80,3,4377.90,4,4378.00,5,4378.10,4,4378.20,3,4378.30,2,4378.40,4,4378.50,1,Sell,105,89,194,16.00,57.00,-9.00,5.40,13.0,4376.20,4381.20,4375.80,4376.90,52,34,86,18.00,31.00,-2.00,1.10,63.6,0,0,0.7222,2.5625,88.00,140.00,4384.96,-1.0673,DOWN,122.40,0.7026,1.5410
20260901 220011 520,4376.90,1,4376.30,4377.30,1.00,4376.30,4,4376.10,8,4376.00,5,4375.90,8,4375.80,12,4375.70,5,4375.60,5,4375.50,5,4375.40,8,4375.30,6,4377.30,6,4377.40,1,4377.80,3,4377.90,4,4378.00,5,4378.10,4,4378.20,3,4378.30,2,4378.40,4,4378.50,1,Sell,105,90,195,15.00,57.00,-9.00,5.40,13.0,4376.20,4381.20,4375.80,4376.90,52,34,86,18.00,31.00,-2.00,1.10,63.6,0,0,0.7222,2.8000,87.00,139.00,4384.96,-1.0673,DOWN,122.40,0.7026,1.5410
20260901 220011 522,4376.20,1,4376.30,4377.30,1.00,4376.30,4,4376.10,8,4376.00,5,4375.90,8,4375.80,12,4375.70,5,4375.60,5,4375.50,5,4375.40,8,4375.30,6,4377.30,6,4377.40,1,4377.80,3,4377.90,4,4378.00,5,4378.10,4,4378.20,3,4378.30,2,4378.40,4,4378.50,1,Sell,105,91,196,14.00,57.00,-9.00,5.40,0.0,4376.20,4381.20,4375.80,4376.20,52,34,86,18.00,31.00,-2.00,1.10,63.6,0,0,0.7222,3.0714,86.00,138.00,4384.89,-1.0896,DOWN,122.40,0.7026,1.5410
20260901 220011 522,4376.20,1,4376.30,4377.30,1.00,4376.30,4,4376.10,8,4376.00,5,4375.90,8,4375.80,12,4375.70,5,4375.60,5,4375.50,5,4375.40,8,4375.30,6,4377.30,6,4377.40,1,4377.80,3,4377.90,4,4378.00,5,4378.10,4,4378.20,3,4378.30,2,4378.40,4,4378.50,1,Sell,105,92,197,13.00,57.00,-9.00,5.40,0.0,4376.20,4381.20,4375.80,4376.20,52,34,86,18.00,31.00,-2.00,1.10,63.6,0,0,0.7222,3.3846,85.00,137.00,4384.89,-1.0896,DOWN,122.40,0.7026,1.5410
20260901 220011 522,4376.20,1,4376.30,4377.30,1.00,4376.30,4,4376.10,8,4376.00,5,4375.90,8,4375.80,12,4375.70,5,4375.60,5,4375.50,5,4375.40,8,4375.30,6,4377.30,6,4377.40,1,4377.80,3,4377.90,4,4378.00,5,4378.10,4,4378.20,3,4378.30,2,4378.40,4,4378.50,1,Sell,105,93,198,12.00,57.00,-9.00,5.40,0.0,4376.20,4381.20,4375.80,4376.20,52,34,86,18.00,31.00,-2.00,1.10,63.6,0,0,0.7222,3.7500,84.00,136.00,4384.89,-1.0896,DOWN,122.40,0.7026,1.5410
20260901 220011 522,4376.20,1,4376.30,4377.30,1.00,4376.30,4,4376.10,8,4376.00,5,4375.90,8,4375.80,12,4375.70,5,4375.60,5,4375.50,5,4375.40,8,4375.30,6,4377.30,6,4377.40,1,4377.80,3,4377.90,4,4378.00,5,4378.10,4,4378.20,3,4378.30,2,4378.40,4,4378.50,1,Sell,105,94,199,11.00,57.00,-9.00,5.40,0.0,4376.20,4381.20,4375.80,4376.20,52,34,86,18.00,31.00,-2.00,1.10,63.6,0,0,0.7222,4.1818,83.00,135.00,4384.89,-1.0896,DOWN,122.40,0.7026,1.5410
20260901 220011 522,4376.10,1,4376.30,4377.30,1.00,4376.30,4,4376.10,8,4376.00,5,4375.90,8,4375.80,12,4375.70,5,4375.60,5,4375.50,5,4375.40,8,4375.30,6,4377.30,6,4377.40,1,4377.80,3,4377.90,4,4378.00,5,4378.10,4,4378.20,3,4378.30,2,4378.40,4,4378.50,1,Sell,105,95,200,10.00,57.00,-9.00,5.40,1.9,4376.20,4381.20,4375.80,4376.10,52,34,86,18.00,31.00,-2.00,1.10,63.6,0,0,0.7222,4.7000,82.00,134.00,4384.88,-1.0927,DOWN,122.40,0.7026,1.5410
20260901 220011 522,4376.10,1,4376.30,4377.30,1.00,4376.30,4,4376.10,8,4376.00,5,4375.90,8,4375.80,12,4375.70,5,4375.60,5,4375.50,5,4375.40,8,4375.30,6,4377.30,6,4377.40,1,4377.80,3,4377.90,4,4378.00,5,4378.10,4,4378.20,3,4378.30,2,4378.40,4,4378.50,1,Sell,105,96,201,9.00,57.00,-9.00,5.40,1.9,4376.20,4381.20,4375.80,4376.10,52,34,86,18.00,31.00,-2.00,1.10,63.6,0,0,0.7222,5.3333,81.00,133.00,4384.88,-1.0927,DOWN,122.40,0.7026,1.5410
20260901 220011 522,4376.10,5,4376.30,4377.30,1.00,4376.30,4,4376.10,8,4376.00,5,4375.90,8,4375.80,12,4375.70,5,4375.60,5,4375.50,5,4375.40,8,4375.30,6,4377.30,6,4377.40,1,4377.80,3,4377.90,4,4378.00,5,4378.10,4,4378.20,3,4378.30,2,4378.40,4,4378.50,1,Sell,105,101,206,4.00,57.00,-9.00,5.40,1.9,4376.20,4381.20,4375.80,4376.10,52,34,86,18.00,31.00,-2.00,1.10,63.6,0,0,0.7222,13.2500,76.00,128.00,4384.88,-1.0927,DOWN,122.40,0.7026,1.5410
20260901 220011 522,4376.10,1,4376.30,4377.30,1.00,4376.30,4,4376.10,8,4376.00,5,4375.90,8,4375.80,12,4375.70,5,4375.60,5,4375.50,5,4375.40,8,4375.30,6,4377.30,6,4377.40,1,4377.80,3,4377.90,4,4378.00,5,4378.10,4,4378.20,3,4378.30,2,4378.40,4,4378.50,1,Sell,105,102,207,3.00,57.00,-9.00,5.40,1.9,4376.20,4381.20,4375.80,4376.10,52,34,86,18.00,31.00,-2.00,1.10,63.6,0,0,0.7222,18.0000,75.00,127.00,4384.88,-1.0927,DOWN,122.40,0.7026,1.5410
20260901 220011 522,4376.00,1,4376.30,4377.30,1.00,4376.30,4,4376.10,8,4376.00,5,4375.90,8,4375.80,12,4375.70,5,4375.60,5,4375.50,5,4375.40,8,4375.30,6,4377.30,6,4377.40,1,4377.80,3,4377.90,4,4378.00,5,4378.10,4,4378.20,3,4378.30,2,4378.40,4,4378.50,1,Sell,105,103,208,2.00,57.00,-9.00,5.40,3.7,4376.20,4381.20,4375.80,4376.00,52,34,86,18.00,31.00,-2.00,1.10,63.6,0,0,0.7222,27.5000,74.00,126.00,4384.87,-1.0959,DOWN,122.40,0.7026,1.5410
20260901 220012 155,4377.30,1,4376.30,4377.30,1.00,4376.60,3,4376.50,2,4376.40,2,4376.30,2,4376.10,8,4376.00,5,4375.90,8,4375.80,12,4375.70,5,4375.60,5,4377.20,7,4377.40,1,4377.80,3,4377.90,4,4378.00,3,4378.10,4,4378.20,3,4378.30,2,4378.40,4,4378.50,1,Buy,106,103,209,3.00,57.00,-9.00,5.40,20.4,4376.20,4381.20,4375.80,4377.30,52,34,86,18.00,31.00,-2.00,1.10,63.6,0,0,0.7222,18.0000,75.00,127.00,4384.99,-1.0546,DOWN,122.40,0.7026,1.5410
20260901 220012 405,4377.20,2,4376.60,4377.70,1.10,4376.60,3,4376.50,2,4376.40,2,4376.30,2,4376.10,8,4376.00,5,4375.90,8,4375.80,12,4375.70,5,4375.60,5,4377.70,1,4377.80,3,4377.90,3,4378.00,3,4378.10,4,4378.20,3,4378.30,2,4378.40,3,4378.50,1,4378.60,4,Buy,108,103,211,5.00,57.00,-9.00,5.40,18.5,4376.20,4381.20,4375.80,4377.20,52,34,86,18.00,31.00,-2.00,1.10,63.6,0,0,0.7222,10.4000,77.00,129.00,4384.99,-1.0578,DOWN,122.40,0.7026,1.5410
20260901 220012 405,4377.20,5,4376.60,4377.70,1.10,4376.60,3,4376.50,2,4376.40,2,4376.30,2,4376.10,8,4376.00,5,4375.90,8,4375.80,12,4375.70,5,4375.60,5,4377.70,1,4377.80,3,4377.90,3,4378.00,3,4378.10,4,4378.20,3,4378.30,2,4378.40,3,4378.50,1,4378.60,4,Buy,113,103,216,10.00,57.00,-9.00,5.40,18.5,4376.20,4381.20,4375.80,4377.20,52,34,86,18.00,31.00,-2.00,1.10,63.6,0,0,0.7222,4.7000,82.00,134.00,4384.99,-1.0578,DOWN,122.40,0.7026,1.5410
20260901 220012 405,4377.40,1,4376.60,4377.70,1.10,4376.60,3,4376.50,2,4376.40,2,4376.30,2,4376.10,8,4376.00,5,4375.90,8,4375.80,12,4375.70,5,4375.60,5,4377.70,1,4377.80,3,4377.90,3,4378.00,3,4378.10,4,4378.20,3,4378.30,2,4378.40,3,4378.50,1,4378.60,4,Buy,114,103,217,11.00,57.00,-9.00,5.40,22.2,4376.20,4381.20,4375.80,4377.40,52,34,86,18.00,31.00,-2.00,1.10,63.6,0,0,0.7222,4.1818,83.00,135.00,4385.00,-1.0515,DOWN,122.40,0.7026,1.5410
20260901 220012 677,4377.60,2,4376.80,4377.60,0.80,4377.20,4,4377.10,2,4377.00,3,4376.90,3,4376.80,3,4376.70,3,4376.60,2,4376.40,2,4376.10,8,4376.00,5,4378.10,1,4378.20,2,4378.30,2,4378.40,2,4378.60,3,4378.90,2,4379.00,3,4379.10,2,4379.20,3,4379.30,2,Buy,116,103,219,13.00,57.00,-9.00,5.40,25.9,4376.20,4381.20,4375.80,4377.60,52,34,86,18.00,31.00,-2.00,1.10,63.6,0,0,0.7222,3.3846,85.00,137.00,4385.02,-1.0451,DOWN,122.40,0.7026,1.5410
20260901 220012 677,4377.70,1,4376.80,4377.60,0.80,4377.20,4,4377.10,2,4377.00,3,4376.90,3,4376.80,3,4376.70,3,4376.60,2,4376.40,2,4376.10,8,4376.00,5,4378.10,1,4378.20,2,4378.30,2,4378.40,2,4378.60,3,4378.90,2,4379.00,3,4379.10,2,4379.20,3,4379.30,2,Buy,117,103,220,14.00,57.00,-9.00,5.40,27.8,4376.20,4381.20,4375.80,4377.70,52,34,86,18.00,31.00,-2.00,1.10,63.6,0,0,0.7222,3.0714,86.00,138.00,4385.03,-1.0419,DOWN,122.40,0.7026,1.5410
20260901 220012 677,4377.80,2,4376.80,4377.60,0.80,4377.20,4,4377.10,2,4377.00,3,4376.90,3,4376.80,3,4376.70,3,4376.60,2,4376.40,2,4376.10,8,4376.00,5,4378.10,1,4378.20,2,4378.30,2,4378.40,2,4378.60,3,4378.90,2,4379.00,3,4379.10,2,4379.20,3,4379.30,2,Buy,119,103,222,16.00,57.00,-9.00,5.40,29.6,4376.20,4381.20,4375.80,4377.80,52,34,86,18.00,31.00,-2.00,1.10,63.6,0,0,0.7222,2.5625,88.00,140.00,4385.04,-1.0388,DOWN,122.40,0.7026,1.5410
20260901 220013 573,4377.20,2,4377.20,4378.00,0.80,4377.20,2,4377.10,3,4377.00,3,4376.90,3,4376.80,3,4376.70,3,4376.60,2,4376.40,2,4376.30,1,4376.10,8,4378.00,2,4378.10,2,4378.20,3,4378.30,2,4378.40,2,4378.60,3,4378.90,2,4379.00,3,4379.10,2,4379.20,3,Sell,119,105,224,14.00,57.00,-9.00,5.40,18.5,4376.20,4381.20,4375.80,4377.20,52,34,86,18.00,31.00,-2.00,1.10,63.6,0,0,0.7222,3.0714,86.00,138.00,4384.99,-1.0578,DOWN,122.40,0.7026,1.5410
20260901 220013 573,4377.20,1,4377.20,4378.00,0.80,4377.20,2,4377.10,3,4377.00,3,4376.90,3,4376.80,3,4376.70,3,4376.60,2,4376.40,2,4376.30,1,4376.10,8,4378.00,2,4378.10,2,4378.20,3,4378.30,2,4378.40,2,4378.60,3,4378.90,2,4379.00,3,4379.10,2,4379.20,3,Sell,119,106,225,13.00,57.00,-9.00,5.40,18.5,4376.20,4381.20,4375.80,4377.20,52,34,86,18.00,31.00,-2.00,1.10,63.6,0,0,0.7222,3.3846,85.00,137.00,4384.99,-1.0578,DOWN,122.40,0.7026,1.5410
20260901 220013 573,4377.20,1,4377.20,4378.00,0.80,4377.20,2,4377.10,3,4377.00,3,4376.90,3,4376.80,3,4376.70,3,4376.60,2,4376.40,2,4376.30,1,4376.10,8,4378.00,2,4378.10,2,4378.20,3,4378.30,2,4378.40,2,4378.60,3,4378.90,2,4379.00,3,4379.10,2,4379.20,3,Sell,119,107,226,12.00,57.00,-9.00,5.40,18.5,4376.20,4381.20,4375.80,4377.20,52,34,86,18.00,31.00,-2.00,1.10,63.6,0,0,0.7222,3.7500,84.00,136.00,4384.99,-1.0578,DOWN,122.40,0.7026,1.5410
20260901 220014 894,4378.00,1,4377.20,4378.00,0.80,4377.20,5,4377.00,3,4376.90,3,4376.80,3,4376.70,3,4376.60,2,4376.40,2,4376.30,1,4376.10,8,4376.00,5,4378.00,1,4378.10,2,4378.20,2,4378.30,2,4378.40,2,4378.60,3,4378.90,2,4379.00,3,4379.10,2,4379.20,3,Buy,120,107,227,13.00,57.00,-9.00,5.40,33.3,4376.20,4381.20,4375.80,4378.00,52,34,86,18.00,31.00,-2.00,1.10,63.6,0,0,0.7222,3.3846,85.00,137.00,4385.06,-1.0324,DOWN,122.40,0.7026,1.5410
20260901 220015 023,4377.20,2,4377.30,4378.00,0.70,4377.30,2,4377.20,3,4377.00,3,4376.90,3,4376.80,3,4376.70,3,4376.60,2,4376.40,2,4376.30,1,4376.10,8,4378.00,3,4378.10,2,4378.20,3,4378.30,2,4378.40,2,4378.60,3,4378.90,2,4379.00,3,4379.10,2,4379.20,3,Sell,120,109,229,11.00,57.00,-9.00,5.40,18.5,4376.20,4381.20,4375.80,4377.20,52,34,86,18.00,31.00,-2.00,1.10,63.6,0,0,0.7222,4.1818,83.00,135.00,4384.99,-1.0578,DOWN,122.40,0.7026,1.5410
20260901 220018 036,4378.30,1,4379.10,4379.80,0.70,4379.10,2,4379.00,1,4378.90,3,4378.80,2,4378.70,3,4378.50,3,4378.30,4,4378.20,3,4378.10,3,4378.00,3,4379.80,1,4379.90,1,4380.20,1,4380.30,1,4380.40,3,4380.50,2,4380.70,3,4380.90,2,4381.00,3,4381.10,1,Buy,121,109,230,12.00,57.00,-9.00,5.40,38.9,4376.20,4381.20,4375.80,4378.30,52,34,86,18.00,31.00,-2.00,1.10,63.6,0,0,0.7222,3.7500,84.00,136.00,4385.09,-1.0229,DOWN,122.40,0.7026,1.5410
20260901 220018 073,4379.20,1,4379.10,4379.80,0.70,4379.10,2,4379.00,1,4378.90,3,4378.80,2,4378.70,3,4378.50,3,4378.30,4,4378.20,3,4378.10,3,4378.00,3,4379.80,1,4379.90,1,4380.20,1,4380.30,1,4380.40,3,4380.50,2,4380.70,3,4380.90,2,4381.00,3,4381.10,1,Buy,122,109,231,13.00,57.00,-9.00,5.40,55.6,4376.20,4381.20,4375.80,4379.20,52,34,86,18.00,31.00,-2.00,1.10,63.6,0,0,0.7222,3.3846,85.00,137.00,4385.18,-0.9943,DOWN,122.40,0.7026,1.5410
20260901 220018 073,4379.40,1,4379.10,4379.80,0.70,4379.10,2,4379.00,1,4378.90,3,4378.80,2,4378.70,3,4378.50,3,4378.30,4,4378.20,3,4378.10,3,4378.00,3,4379.80,1,4379.90,1,4380.20,1,4380.30,1,4380.40,3,4380.50,2,4380.70,3,4380.90,2,4381.00,3,4381.10,1,Buy,123,109,232,14.00,57.00,-9.00,5.40,59.3,4376.20,4381.20,4375.80,4379.40,52,34,86,18.00,31.00,-2.00,1.10,63.6,0,0,0.7222,3.0714,86.00,138.00,4385.19,-0.9880,DOWN,122.40,0.7026,1.5410
20260901 220018 073,4379.40,1,4379.10,4379.80,0.70,4379.10,2,4379.00,1,4378.90,3,4378.80,2,4378.70,3,4378.50,3,4378.30,4,4378.20,3,4378.10,3,4378.00,3,4379.80,1,4379.90,1,4380.20,1,4380.30,1,4380.40,3,4380.50,2,4380.70,3,4380.90,2,4381.00,3,4381.10,1,Buy,124,109,233,15.00,57.00,-9.00,5.40,59.3,4376.20,4381.20,4375.80,4379.40,52,34,86,18.00,31.00,-2.00,1.10,63.6,0,0,0.7222,2.8000,87.00,139.00,4385.19,-0.9880,DOWN,122.40,0.7026,1.5410
20260901 220018 073,4379.60,1,4379.10,4379.80,0.70,4379.10,2,4379.00,1,4378.90,3,4378.80,2,4378.70,3,4378.50,3,4378.30,4,4378.20,3,4378.10,3,4378.00,3,4379.80,1,4379.90,1,4380.20,1,4380.30,1,4380.40,3,4380.50,2,4380.70,3,4380.90,2,4381.00,3,4381.10,1,Buy,125,109,234,16.00,57.00,-9.00,5.40,63.0,4376.20,4381.20,4375.80,4379.60,52,34,86,18.00,31.00,-2.00,1.10,63.6,0,0,0.7222,2.5625,88.00,140.00,4385.21,-0.9816,DOWN,122.40,0.7026,1.5410
20260901 220018 073,4379.70,1,4379.10,4379.80,0.70,4379.10,2,4379.00,1,4378.90,3,4378.80,2,4378.70,3,4378.50,3,4378.30,4,4378.20,3,4378.10,3,4378.00,3,4379.80,1,4379.90,1,4380.20,1,4380.30,1,4380.40,3,4380.50,2,4380.70,3,4380.90,2,4381.00,3,4381.10,1,Buy,126,109,235,17.00,57.00,-9.00,5.40,64.8,4376.20,4381.20,4375.80,4379.70,52,34,86,18.00,31.00,-2.00,1.10,63.6,0,0,0.7222,2.3529,89.00,141.00,4385.22,-0.9785,DOWN,122.40,0.7026,1.5410
20260901 220018 146,4380.00,1,4379.30,4380.00,0.70,4379.30,1,4379.20,1,4379.10,3,4379.00,3,4378.90,3,4378.70,3,4378.50,3,4378.30,2,4378.20,3,4378.10,3,4380.00,1,4380.10,1,4380.20,2,4380.40,4,4380.50,2,4380.70,3,4380.90,3,4381.00,3,4381.10,1,4381.20,1,Buy,127,109,236,18.00,57.00,-9.00,5.40,70.4,4376.20,4381.20,4375.80,4380.00,52,34,86,18.00,31.00,-2.00,1.10,63.6,0,0,0.7222,2.1667,90.00,142.00,4385.25,-0.9689,DOWN,122.40,0.7026,1.5410
20260901 220019 018,4379.30,1,4378.30,4379.10,0.80,4378.30,2,4378.20,1,4378.10,2,4378.00,2,4377.90,4,4377.50,2,4377.30,4,4377.20,2,4377.10,1,4376.90,4,4379.10,3,4379.20,3,4379.30,2,4379.40,3,4379.50,2,4379.70,2,4379.90,2,4380.00,3,4380.10,7,4380.20,4,Sell,127,110,237,17.00,57.00,-9.00,5.40,57.4,4376.20,4381.20,4375.80,4379.30,52,34,86,18.00,31.00,-2.00,1.10,63.6,0,0,0.7222,2.3529,89.00,141.00,4385.19,-0.9912,DOWN,122.40,0.7026,1.5410
20260901 220019 018,4379.30,1,4378.30,4379.10,0.80,4378.30,2,4378.20,1,4378.10,2,4378.00,2,4377.90,4,4377.50,2,4377.30,4,4377.20,2,4377.10,1,4376.90,4,4379.10,3,4379.20,3,4379.30,2,4379.40,3,4379.50,2,4379.70,2,4379.90,2,4380.00,3,4380.10,7,4380.20,4,Sell,127,111,238,16.00,57.00,-9.00,5.40,57.4,4376.20,4381.20,4375.80,4379.30,52,34,86,18.00,31.00,-2.00,1.10,63.6,0,0,0.7222,2.5625,88.00,140.00,4385.19,-0.9912,DOWN,122.40,0.7026,1.5410
20260901 220019 018,4379.20,1,4378.30,4379.10,0.80,4378.30,2,4378.20,1,4378.10,2,4378.00,2,4377.90,4,4377.50,2,4377.30,4,4377.20,2,4377.10,1,4376.90,4,4379.10,3,4379.20,3,4379.30,2,4379.40,3,4379.50,2,4379.70,2,4379.90,2,4380.00,3,4380.10,7,4380.20,4,Sell,127,112,239,15.00,57.00,-9.00,5.40,55.6,4376.20,4381.20,4375.80,4379.20,52,34,86,18.00,31.00,-2.00,1.10,63.6,0,0,0.7222,2.8000,87.00,139.00,4385.18,-0.9943,DOWN,122.40,0.7026,1.5410
20260901 220019 020,4379.10,1,4378.30,4379.10,0.80,4378.30,2,4378.20,1,4378.10,2,4378.00,2,4377.90,4,4377.50,2,4377.30,4,4377.20,2,4377.10,1,4376.90,4,4379.10,3,4379.20,3,4379.30,2,4379.40,3,4379.50,2,4379.70,2,4379.90,2,4380.00,3,4380.10,7,4380.20,4,Sell,127,113,240,14.00,57.00,-9.00,5.40,53.7,4376.20,4381.20,4375.80,4379.10,52,34,86,18.00,31.00,-2.00,1.10,63.6,0,0,0.7222,3.0714,86.00,138.00,4385.17,-0.9975,DOWN,122.40,0.7026,1.5410
20260901 220019 445,4378.90,1,4378.40,4379.00,0.60,4378.40,1,4378.30,2,4378.20,1,4378.10,1,4378.00,1,4377.90,3,4377.70,2,4377.50,2,4377.30,4,4377.20,2,4379.00,1,4379.10,1,4379.20,1,4379.30,2,4379.40,2,4379.50,2,4379.70,2,4380.00,3,4380.10,7,4380.20,3,Buy,128,113,241,15.00,57.00,-9.00,5.40,50.0,4376.20,4381.20,4375.80,4378.90,52,34,86,18.00,31.00,-2.00,1.10,63.6,0,0,0.7222,2.8000,87.00,139.00,4385.15,-1.0038,DOWN,122.40,0.7026,1.5410
20260901 220019 445,4378.90,1,4378.40,4379.00,0.60,4378.40,1,4378.30,2,4378.20,1,4378.10,1,4378.00,1,4377.90,3,4377.70,2,4377.50,2,4377.30,4,4377.20,2,4379.00,1,4379.10,1,4379.20,1,4379.30,2,4379.40,2,4379.50,2,4379.70,2,4380.00,3,4380.10,7,4380.20,3,Buy,129,113,242,16.00,57.00,-9.00,5.40,50.0,4376.20,4381.20,4375.80,4378.90,52,34,86,18.00,31.00,-2.00,1.10,63.6,0,0,0.7222,2.5625,88.00,140.00,4385.15,-1.0038,DOWN,122.40,0.7026,1.5410
20260901 220019 576,4378.80,1,4378.30,4379.00,0.70,4378.30,2,4378.20,1,4378.10,2,4378.00,3,4377.90,4,4377.70,2,4377.50,2,4377.30,4,4377.20,3,4377.10,2,4379.00,2,4379.10,2,4379.20,3,4379.40,4,4379.60,2,4379.80,2,4379.90,2,4380.00,4,4380.10,5,4380.20,2,Sell,129,114,243,15.00,57.00,-9.00,5.40,48.1,4376.20,4381.20,4375.80,4378.80,52,34,86,18.00,31.00,-2.00,1.10,63.6,0,0,0.7222,2.8000,87.00,139.00,4385.14,-1.0070,DOWN,122.40,0.7026,1.5410
20260901 220019 576,4378.80,1,4378.30,4379.00,0.70,4378.30,2,4378.20,1,4378.10,2,4378.00,3,4377.90,4,4377.70,2,4377.50,2,4377.30,4,4377.20,3,4377.10,2,4379.00,2,4379.10,2,4379.20,3,4379.40,4,4379.60,2,4379.80,2,4379.90,2,4380.00,4,4380.10,5,4380.20,2,Sell,129,115,244,14.00,57.00,-9.00,5.40,48.1,4376.20,4381.20,4375.80,4378.80,52,34,86,18.00,31.00,-2.00,1.10,63.6,0,0,0.7222,3.0714,86.00,138.00,4385.14,-1.0070,DOWN,122.40,0.7026,1.5410
20260901 220020 337,4378.30,1,4378.30,4379.00,0.70,4378.30,1,4378.20,1,4378.10,1,4378.00,1,4377.90,4,4377.70,2,4377.50,2,4377.30,4,4377.20,2,4377.10,1,4379.00,3,4379.20,4,4379.40,5,4379.60,2,4379.80,2,4379.90,2,4380.00,6,4380.10,6,4380.20,2,4380.30,1,Sell,129,116,245,13.00,57.00,-9.00,5.40,38.9,4376.20,4381.20,4375.80,4378.30,52,34,86,18.00,31.00,-2.00,1.10,63.6,0,0,0.7222,3.3846,85.00,137.00,4385.09,-1.0229,DOWN,122.40,0.7026,1.5410
20260901 220020 714,4378.00,1,4378.00,4378.60,0.60,4377.90,1,4377.80,1,4377.70,2,4377.30,4,4377.20,2,4377.10,2,4376.90,4,4376.80,2,4376.70,3,4376.60,2,4378.60,2,4378.70,2,4378.80,2,4379.00,4,4379.20,4,4379.40,5,4379.60,1,4379.70,1,4379.80,3,4379.90,3,Sell,129,117,246,12.00,57.00,-9.00,5.40,33.3,4376.20,4381.20,4375.80,4378.00,52,34,86,18.00,31.00,-2.00,1.10,63.6,0,0,0.7222,3.7500,84.00,136.00,4385.06,-1.0324,DOWN,122.40,0.7026,1.5410
20260901 220021 037,4378.60,1,4378.00,4378.60,0.60,4378.00,2,4377.90,1,4377.80,1,4377.70,2,4377.30,4,4377.20,2,4377.10,2,4376.90,4,4376.80,2,4376.70,3,4378.60,1,4378.70,1,4378.80,2,4379.00,4,4379.20,4,4379.40,5,4379.60,2,4379.70,1,4379.80,2,4379.90,2,Buy,130,117,247,13.00,57.00,-9.00,5.40,44.4,4376.20,4381.20,4375.80,4378.60,52,34,86,18.00,31.00,-2.00,1.10,63.6,0,0,0.7222,3.3846,85.00,137.00,4385.12,-1.0134,DOWN,122.40,0.7026,1.5410
20260901 220021 037,4378.60,1,4378.00,4378.60,0.60,4378.00,2,4377.90,1,4377.80,1,4377.70,2,4377.30,4,4377.20,2,4377.10,2,4376.90,4,4376.80,2,4376.70,3,4378.60,1,4378.70,1,4378.80,2,4379.00,4,4379.20,4,4379.40,5,4379.60,2,4379.70,1,4379.80,2,4379.90,2,Buy,131,117,248,14.00,57.00,-9.00,5.40,44.4,4376.20,4381.20,4375.80,4378.60,52,34,86,18.00,31.00,-2.00,1.10,63.6,0,0,0.7222,3.0714,86.00,138.00,4385.12,-1.0134,DOWN,122.40,0.7026,1.5410
20260901 220021 584,4379.00,1,4378.20,4379.00,0.80,4378.20,2,4378.10,1,4378.00,3,4377.90,1,4377.80,1,4377.70,2,4377.30,4,4377.20,3,4377.10,2,4376.90,4,4379.00,2,4379.20,4,4379.40,5,4379.60,2,4379.70,1,4379.80,2,4379.90,2,4380.00,5,4380.10,4,4380.20,2,Buy,132,117,249,15.00,57.00,-9.00,5.40,51.9,4376.20,4381.20,4375.80,4379.00,52,34,86,18.00,31.00,-2.00,1.10,63.6,0,0,0.7222,2.8000,87.00,139.00,4385.16,-1.0007,DOWN,122.40,0.7026,1.5410
20260901 220021 610,4378.20,1,4378.20,4378.90,0.70,4378.20,2,4378.10,1,4378.00,2,4377.90,1,4377.80,1,4377.70,2,4377.30,5,4377.20,3,4377.10,2,4376.90,4,4378.90,2,4379.00,2,4379.20,4,4379.40,5,4379.60,2,4379.70,1,4379.80,2,4379.90,2,4380.00,5,4380.10,4,Sell,132,118,250,14.00,57.00,-9.00,5.40,37.0,4376.20,4381.20,4375.80,4378.20,52,34,86,18.00,31.00,-2.00,1.10,63.6,0,0,0.7222,3.0714,86.00,138.00,4385.08,-1.0261,DOWN,122.40,0.7026,1.5410
20260901 220024 565,4378.80,1,4378.20,4378.80,0.60,4378.20,1,4378.10,1,4378.00,3,4377.90,4,4377.80,2,4377.70,2,4377.30,4,4377.20,3,4377.10,2,4376.90,4,4379.00,3,4379.20,4,4379.40,6,4379.60,2,4379.80,2,4379.90,4,4380.00,5,4380.10,3,4380.20,2,4380.30,1,Buy,133,118,251,15.00,57.00,-9.00,5.40,48.1,4376.20,4381.20,4375.80,4378.80,52,34,86,18.00,31.00,-2.00,1.10,63.6,0,0,0.7222,2.8000,87.00,139.00,4385.14,-1.0070,DOWN,122.40,0.7026,1.5410
20260901 220024 565,4378.80,1,4378.20,4378.80,0.60,4378.20,1,4378.10,1,4378.00,3,4377.90,4,4377.80,2,4377.70,2,4377.30,4,4377.20,3,4377.10,2,4376.90,4,4379.00,3,4379.20,4,4379.40,6,4379.60,2,4379.80,2,4379.90,4,4380.00,5,4380.10,3,4380.20,2,4380.30,1,Buy,134,118,252,16.00,57.00,-9.00,5.40,48.1,4376.20,4381.20,4375.80,4378.80,52,34,86,18.00,31.00,-2.00,1.10,63.6,0,0,0.7222,2.5625,88.00,140.00,4385.14,-1.0070,DOWN,122.40,0.7026,1.5410
20260901 220027 300,4378.60,1,4378.40,4379.40,1.00,4378.40,7,4378.20,2,4378.10,1,4378.00,3,4377.90,4,4377.80,2,4377.70,2,4377.40,2,4377.30,5,4377.20,3,4379.40,5,4379.60,2,4379.80,2,4379.90,2,4380.00,4,4380.10,3,4380.20,2,4380.30,4,4380.40,5,4380.50,4,Sell,134,119,253,15.00,57.00,-9.00,5.40,44.4,4376.20,4381.20,4375.80,4378.60,52,34,86,18.00,31.00,-2.00,1.10,63.6,0,0,0.7222,2.8000,87.00,139.00,4385.12,-1.0134,DOWN,122.40,0.7026,1.5410
20260901 220030 441,4378.70,1,4378.50,4379.40,0.90,4378.50,1,4378.40,7,4378.20,3,4378.10,1,4378.00,3,4377.90,4,4377.80,3,4377.70,2,4377.60,2,4377.40,2,4379.40,4,4379.60,2,4379.80,2,4379.90,2,4380.00,4,4380.10,5,4380.20,2,4380.30,2,4380.40,4,4380.50,4,Sell,134,120,254,14.00,57.00,-9.00,5.40,46.3,4376.20,4381.20,4375.80,4378.70,52,34,86,18.00,31.00,-2.00,1.10,63.6,0,0,0.7222,3.0714,86.00,138.00,4385.13,-1.0102,DOWN,122.40,0.7026,1.5410
20260901 220030 441,4378.70,1,4378.50,4379.40,0.90,4378.50,1,4378.40,7,4378.20,3,4378.10,1,4378.00,3,4377.90,4,4377.80,3,4377.70,2,4377.60,2,4377.40,2,4379.40,4,4379.60,2,4379.80,2,4379.90,2,4380.00,4,4380.10,5,4380.20,2,4380.30,2,4380.40,4,4380.50,4,Sell,134,121,255,13.00,57.00,-9.00,5.40,46.3,4376.20,4381.20,4375.80,4378.70,52,34,86,18.00,31.00,-2.00,1.10,63.6,0,0,0.7222,3.3846,85.00,137.00,4385.13,-1.0102,DOWN,122.40,0.7026,1.5410
20260901 220030 441,4378.60,1,4378.50,4379.40,0.90,4378.50,1,4378.40,7,4378.20,3,4378.10,1,4378.00,3,4377.90,4,4377.80,3,4377.70,2,4377.60,2,4377.40,2,4379.40,4,4379.60,2,4379.80,2,4379.90,2,4380.00,4,4380.10,5,4380.20,2,4380.30,2,4380.40,4,4380.50,4,Sell,134,122,256,12.00,57.00,-9.00,5.40,44.4,4376.20,4381.20,4375.80,4378.60,52,34,86,18.00,31.00,-2.00,1.10,63.6,0,0,0.7222,3.7500,84.00,136.00,4385.12,-1.0134,DOWN,122.40,0.7026,1.5410
20260901 220030 441,4378.60,1,4378.50,4379.40,0.90,4378.50,1,4378.40,7,4378.20,3,4378.10,1,4378.00,3,4377.90,4,4377.80,3,4377.70,2,4377.60,2,4377.40,2,4379.40,4,4379.60,2,4379.80,2,4379.90,2,4380.00,4,4380.10,5,4380.20,2,4380.30,2,4380.40,4,4380.50,4,Sell,134,123,257,11.00,57.00,-9.00,5.40,44.4,4376.20,4381.20,4375.80,4378.60,52,34,86,18.00,31.00,-2.00,1.10,63.6,0,0,0.7222,4.1818,83.00,135.00,4385.12,-1.0134,DOWN,122.40,0.7026,1.5410
20260901 220030 441,4378.50,1,4378.50,4379.40,0.90,4378.50,1,4378.40,7,4378.20,3,4378.10,1,4378.00,3,4377.90,4,4377.80,3,4377.70,2,4377.60,2,4377.40,2,4379.40,4,4379.60,2,4379.80,2,4379.90,2,4380.00,4,4380.10,5,4380.20,2,4380.30,2,4380.40,4,4380.50,4,Sell,134,124,258,10.00,57.00,-9.00,5.40,42.6,4376.20,4381.20,4375.80,4378.50,52,34,86,18.00,31.00,-2.00,1.10,63.6,0,0,0.7222,4.7000,82.00,134.00,4385.11,-1.0165,DOWN,122.40,0.7026,1.5410
20260901 220030 798,4378.70,1,4378.70,4379.40,0.70,4378.60,1,4378.50,1,4378.40,7,4378.20,3,4378.10,1,4378.00,4,4377.90,5,4377.80,3,4377.70,2,4377.60,2,4379.40,4,4379.60,2,4379.80,2,4379.90,2,4380.00,4,4380.10,5,4380.20,2,4380.30,2,4380.40,4,4380.50,4,Sell,134,125,259,9.00,57.00,-9.00,5.40,46.3,4376.20,4381.20,4375.80,4378.70,52,34,86,18.00,31.00,-2.00,1.10,63.6,0,0,0.7222,5.3333,81.00,133.00,4385.13,-1.0102,DOWN,122.40,0.7026,1.5410
20260901 220031 717,4379.40,1,4378.70,4379.60,0.90,4378.70,4,4378.60,3,4378.50,2,4378.40,8,4378.20,3,4378.10,1,4378.00,4,4377.90,5,4377.80,3,4377.70,2,4379.40,2,4379.60,2,4379.90,2,4380.00,5,4380.10,3,4380.20,2,4380.30,1,4380.40,3,4380.50,3,4380.70,4,Buy,135,125,260,10.00,57.00,-9.00,5.40,59.3,4376.20,4381.20,4375.80,4379.40,52,34,86,18.00,31.00,-2.00,1.10,63.6,0,0,0.7222,4.7000,82.00,134.00,4385.19,-0.9880,DOWN,122.40,0.7026,1.5410
20260901 220031 717,4379.40,1,4378.70,4379.60,0.90,4378.70,4,4378.60,3,4378.50,2,4378.40,8,4378.20,3,4378.10,1,4378.00,4,4377.90,5,4377.80,3,4377.70,2,4379.40,2,4379.60,2,4379.90,2,4380.00,5,4380.10,3,4380.20,2,4380.30,1,4380.40,3,4380.50,3,4380.70,4,Buy,136,125,261,11.00,57.00,-9.00,5.40,59.3,4376.20,4381.20,4375.80,4379.40,52,34,86,18.00,31.00,-2.00,1.10,63.6,0,0,0.7222,4.1818,83.00,135.00,4385.19,-0.9880,DOWN,122.40,0.7026,1.5410
20260901 220031 722,4379.60,1,4378.70,4379.60,0.90,4378.70,4,4378.60,3,4378.50,2,4378.40,8,4378.20,3,4378.10,1,4378.00,4,4377.90,5,4377.80,3,4377.70,2,4379.40,2,4379.60,2,4379.90,2,4380.00,5,4380.10,3,4380.20,2,4380.30,1,4380.40,3,4380.50,3,4380.70,4,Buy,137,125,262,12.00,57.00,-9.00,5.40,63.0,4376.20,4381.20,4375.80,4379.60,52,34,86,18.00,31.00,-2.00,1.10,63.6,0,0,0.7222,3.7500,84.00,136.00,4385.21,-0.9816,DOWN,122.40,0.7026,1.5410
20260901 220031 722,4379.60,1,4378.70,4379.60,0.90,4378.70,4,4378.60,3,4378.50,2,4378.40,8,4378.20,3,4378.10,1,4378.00,4,4377.90,5,4377.80,3,4377.70,2,4379.40,2,4379.60,2,4379.90,2,4380.00,5,4380.10,3,4380.20,2,4380.30,1,4380.40,3,4380.50,3,4380.70,4,Buy,138,125,263,13.00,57.00,-9.00,5.40,63.0,4376.20,4381.20,4375.80,4379.60,52,34,86,18.00,31.00,-2.00,1.10,63.6,0,0,0.7222,3.3846,85.00,137.00,4385.21,-0.9816,DOWN,122.40,0.7026,1.5410
20260901 220031 938,4379.70,2,4379.00,4379.60,0.60,4379.00,2,4378.90,1,4378.80,3,4378.70,3,4378.60,3,4378.50,2,4378.40,8,4378.20,3,4378.10,3,4378.00,3,4379.60,2,4379.80,3,4379.90,3,4380.00,5,4380.10,3,4380.20,2,4380.30,1,4380.40,3,4380.50,5,4380.70,4,Buy,140,125,265,15.00,57.00,-9.00,5.40,64.8,4376.20,4381.20,4375.80,4379.70,52,34,86,18.00,31.00,-2.00,1.10,63.6,0,0,0.7222,2.8000,87.00,139.00,4385.22,-0.9785,DOWN,122.40,0.7026,1.5410
20260901 220031 938,4379.70,1,4379.00,4379.60,0.60,4379.00,2,4378.90,1,4378.80,3,4378.70,3,4378.60,3,4378.50,2,4378.40,8,4378.20,3,4378.10,3,4378.00,3,4379.60,2,4379.80,3,4379.90,3,4380.00,5,4380.10,3,4380.20,2,4380.30,1,4380.40,3,4380.50,5,4380.70,4,Buy,141,125,266,16.00,57.00,-9.00,5.40,64.8,4376.20,4381.20,4375.80,4379.70,52,34,86,18.00,31.00,-2.00,1.10,63.6,0,0,0.7222,2.5625,88.00,140.00,4385.22,-0.9785,DOWN,122.40,0.7026,1.5410
20260901 220032 280,4379.60,1,4379.00,4379.60,0.60,4379.00,2,4378.90,1,4378.80,3,4378.70,3,4378.60,3,4378.50,2,4378.40,8,4378.20,3,4378.10,3,4378.00,3,4379.60,1,4379.80,3,4379.90,3,4380.00,5,4380.10,3,4380.20,2,4380.30,1,4380.40,3,4380.50,5,4380.70,4,Buy,142,125,267,17.00,57.00,-9.00,5.40,63.0,4376.20,4381.20,4375.80,4379.60,52,34,86,18.00,31.00,-2.00,1.10,63.6,0,0,0.7222,2.3529,89.00,141.00,4385.21,-0.9816,DOWN,122.40,0.7026,1.5410
20260901 220032 968,4379.00,1,4379.00,4379.80,0.80,4379.00,2,4378.90,1,4378.80,3,4378.70,3,4378.60,3,4378.50,2,4378.40,8,4378.20,3,4378.10,3,4378.00,3,4379.80,3,4379.90,2,4380.00,5,4380.10,3,4380.20,2,4380.30,1,4380.40,3,4380.50,5,4380.70,3,4380.80,1,Sell,142,126,268,16.00,57.00,-9.00,5.40,51.9,4376.20,4381.20,4375.80,4379.00,52,34,86,18.00,31.00,-2.00,1.10,63.6,0,0,0.7222,2.5625,88.00,140.00,4385.16,-1.0007,DOWN,122.40,0.7026,1.5410
20260901 220034 066,4379.90,1,4379.40,4379.90,0.50,4379.40,1,4379.30,1,4379.20,2,4379.10,1,4379.00,3,4378.90,1,4378.80,3,4378.70,2,4378.60,3,4378.50,2,4379.90,1,4380.00,2,4380.10,2,4380.20,2,4380.30,2,4380.40,3,4380.50,3,4380.70,3,4380.90,3,4381.10,5,Buy,143,126,269,17.00,57.00,-9.00,5.40,68.5,4376.20,4381.20,4375.80,4379.90,52,34,86,18.00,31.00,-2.00,1.10,63.6,0,0,0.7222,2.3529,89.00,141.00,4385.24,-0.9721,DOWN,122.40,0.7026,1.5410
20260901 220034 066,4379.90,1,4379.40,4379.90,0.50,4379.40,1,4379.30,1,4379.20,2,4379.10,1,4379.00,3,4378.90,1,4378.80,3,4378.70,2,4378.60,3,4378.50,2,4379.90,1,4380.00,2,4380.10,2,4380.20,2,4380.30,2,4380.40,3,4380.50,3,4380.70,3,4380.90,3,4381.10,5,Buy,144,126,270,18.00,57.00,-9.00,5.40,68.5,4376.20,4381.20,4375.80,4379.90,52,34,86,18.00,31.00,-2.00,1.10,63.6,0,0,0.7222,2.1667,90.00,142.00,4385.24,-0.9721,DOWN,122.40,0.7026,1.5410
20260901 220034 066,4380.00,1,4379.40,4379.90,0.50,4379.40,1,4379.30,1,4379.20,2,4379.10,1,4379.00,3,4378.90,1,4378.80,3,4378.70,2,4378.60,3,4378.50,2,4379.90,1,4380.00,2,4380.10,2,4380.20,2,4380.30,2,4380.40,3,4380.50,3,4380.70,3,4380.90,3,4381.10,5,Buy,145,126,271,19.00,57.00,-9.00,5.40,70.4,4376.20,4381.20,4375.80,4380.00,52,34,86,18.00,31.00,-2.00,1.10,63.6,0,0,0.7222,2.0000,91.00,143.00,4385.25,-0.9689,DOWN,122.40,0.7026,1.5410
20260901 220035 148,4379.90,1,4379.40,4379.90,0.50,4379.40,2,4379.20,2,4379.10,1,4379.00,3,4378.90,1,4378.80,3,4378.70,2,4378.60,3,4378.50,7,4378.40,7,4380.00,2,4380.10,2,4380.20,2,4380.30,2,4380.40,3,4380.50,3,4380.70,4,4380.90,3,4381.20,5,4381.30,5,Buy,146,126,272,20.00,57.00,-9.00,5.40,68.5,4376.20,4381.20,4375.80,4379.90,52,34,86,18.00,31.00,-2.00,1.10,63.6,0,0,0.7222,1.8500,92.00,144.00,4385.24,-0.9721,DOWN,122.40,0.7026,1.5410
20260901 220036 533,4379.60,1,4379.60,4380.00,0.40,4379.40,2,4379.20,3,4379.10,1,4379.00,3,4378.90,1,4378.80,4,4378.70,2,4378.60,3,4378.50,7,4378.40,11,4380.00,2,4380.20,2,4380.30,2,4380.40,3,4380.50,3,4380.70,4,4380.90,3,4381.30,1,4381.40,8,4381.50,10,Sell,146,127,273,19.00,57.00,-9.00,5.40,63.0,4376.20,4381.20,4375.80,4379.60,52,34,86,18.00,31.00,-2.00,1.10,63.6,0,0,0.7222,2.0000,91.00,143.00,4385.21,-0.9816,DOWN,122.40,0.7026,1.5410
20260901 220036 533,4379.60,1,4379.60,4380.00,0.40,4379.40,2,4379.20,3,4379.10,1,4379.00,3,4378.90,1,4378.80,4,4378.70,2,4378.60,3,4378.50,7,4378.40,11,4380.00,2,4380.20,2,4380.30,2,4380.40,3,4380.50,3,4380.70,4,4380.90,3,4381.30,1,4381.40,8,4381.50,10,Sell,146,128,274,18.00,57.00,-9.00,5.40,63.0,4376.20,4381.20,4375.80,4379.60,52,34,86,18.00,31.00,-2.00,1.10,63.6,0,0,0.7222,2.1667,90.00,142.00,4385.21,-0.9816,DOWN,122.40,0.7026,1.5410
20260901 220037 109,4379.40,1,4379.20,4379.90,0.70,4379.20,2,4379.10,1,4379.00,3,4378.90,1,4378.80,4,4378.70,2,4378.60,3,4378.50,7,4378.40,11,4378.30,5,4379.90,2,4380.00,2,4380.20,2,4380.30,2,4380.40,3,4380.50,3,4380.70,4,4380.90,3,4381.30,1,4381.40,8,Sell,146,129,275,17.00,57.00,-9.00,5.40,59.3,4376.20,4381.20,4375.80,4379.40,52,34,86,18.00,31.00,-2.00,1.10,63.6,0,0,0.7222,2.3529,89.00,141.00,4385.19,-0.9880,DOWN,122.40,0.7026,1.5410
20260901 220037 109,4379.40,1,4379.20,4379.90,0.70,4379.20,2,4379.10,1,4379.00,3,4378.90,1,4378.80,4,4378.70,2,4378.60,3,4378.50,7,4378.40,11,4378.30,5,4379.90,2,4380.00,2,4380.20,2,4380.30,2,4380.40,3,4380.50,3,4380.70,4,4380.90,3,4381.30,1,4381.40,8,Sell,146,130,276,16.00,57.00,-9.00,5.40,59.3,4376.20,4381.20,4375.80,4379.40,52,34,86,18.00,31.00,-2.00,1.10,63.6,0,0,0.7222,2.5625,88.00,140.00,4385.19,-0.9880,DOWN,122.40,0.7026,1.5410
20260901 220037 109,4379.40,1,4379.20,4379.90,0.70,4379.20,2,4379.10,1,4379.00,3,4378.90,1,4378.80,4,4378.70,2,4378.60,3,4378.50,7,4378.40,11,4378.30,5,4379.90,2,4380.00,2,4380.20,2,4380.30,2,4380.40,3,4380.50,3,4380.70,4,4380.90,3,4381.30,1,4381.40,8,Sell,146,131,277,15.00,57.00,-9.00,5.40,59.3,4376.20,4381.20,4375.80,4379.40,52,34,86,18.00,31.00,-2.00,1.10,63.6,0,0,0.7222,2.8000,87.00,139.00,4385.19,-0.9880,DOWN,122.40,0.7026,1.5410
20260901 220039 069,4379.90,1,4379.50,4379.90,0.40,4379.60,1,4379.50,1,4379.40,2,4379.30,2,4379.20,2,4379.10,1,4379.00,3,4378.90,1,4378.80,4,4378.70,2,4380.10,2,4380.20,2,4380.30,2,4380.40,3,4380.50,3,4380.70,4,4381.20,2,4381.30,3,4381.40,8,4381.50,10,Buy,147,131,278,16.00,57.00,-9.00,5.40,68.5,4376.20,4381.20,4375.80,4379.90,52,34,86,18.00,31.00,-2.00,1.10,63.6,0,0,0.7222,2.5625,88.00,140.00,4385.24,-0.9721,DOWN,122.40,0.7026,1.5410
20260901 220039 069,4379.90,1,4379.50,4379.90,0.40,4379.60,1,4379.50,1,4379.40,2,4379.30,2,4379.20,2,4379.10,1,4379.00,3,4378.90,1,4378.80,4,4378.70,2,4380.10,2,4380.20,2,4380.30,2,4380.40,3,4380.50,3,4380.70,4,4381.20,2,4381.30,3,4381.40,8,4381.50,10,Buy,148,131,279,17.00,57.00,-9.00,5.40,68.5,4376.20,4381.20,4375.80,4379.90,52,34,86,18.00,31.00,-2.00,1.10,63.6,0,0,0.7222,2.3529,89.00,141.00,4385.24,-0.9721,DOWN,122.40,0.7026,1.5410
20260901 220039 069,4380.00,1,4379.50,4379.90,0.40,4379.60,1,4379.50,1,4379.40,2,4379.30,2,4379.20,2,4379.10,1,4379.00,3,4378.90,1,4378.80,4,4378.70,2,4380.10,2,4380.20,2,4380.30,2,4380.40,3,4380.50,3,4380.70,4,4381.20,2,4381.30,3,4381.40,8,4381.50,10,Buy,149,131,280,18.00,57.00,-9.00,5.40,70.4,4376.20,4381.20,4375.80,4380.00,52,34,86,18.00,31.00,-2.00,1.10,63.6,0,0,0.7222,2.1667,90.00,142.00,4385.25,-0.9689,DOWN,122.40,0.7026,1.5410
20260901 220039 069,4380.00,1,4379.50,4379.90,0.40,4379.60,1,4379.50,1,4379.40,2,4379.30,2,4379.20,2,4379.10,1,4379.00,3,4378.90,1,4378.80,4,4378.70,2,4380.10,2,4380.20,2,4380.30,2,4380.40,3,4380.50,3,4380.70,4,4381.20,2,4381.30,3,4381.40,8,4381.50,10,Buy,150,131,281,19.00,57.00,-9.00,5.40,70.4,4376.20,4381.20,4375.80,4380.00,52,34,86,18.00,31.00,-2.00,1.10,63.6,0,0,0.7222,2.0000,91.00,143.00,4385.25,-0.9689,DOWN,122.40,0.7026,1.5410
20260901 220039 069,4380.20,1,4379.50,4379.90,0.40,4379.60,1,4379.50,1,4379.40,2,4379.30,2,4379.20,2,4379.10,1,4379.00,3,4378.90,1,4378.80,4,4378.70,2,4380.10,2,4380.20,2,4380.30,2,4380.40,3,4380.50,3,4380.70,4,4381.20,2,4381.30,3,4381.40,8,4381.50,10,Buy,151,131,282,20.00,57.00,-9.00,5.40,74.1,4376.20,4381.20,4375.80,4380.20,52,34,86,18.00,31.00,-2.00,1.10,63.6,0,0,0.7222,1.8500,92.00,144.00,4385.27,-0.9626,DOWN,122.40,0.7026,1.5410
20260901 220039 069,4380.20,1,4379.50,4379.90,0.40,4379.60,1,4379.50,1,4379.40,2,4379.30,2,4379.20,2,4379.10,1,4379.00,3,4378.90,1,4378.80,4,4378.70,2,4380.10,2,4380.20,2,4380.30,2,4380.40,3,4380.50,3,4380.70,4,4381.20,2,4381.30,3,4381.40,8,4381.50,10,Buy,152,131,283,21.00,57.00,-9.00,5.40,74.1,4376.20,4381.20,4375.80,4380.20,52,34,86,18.00,31.00,-2.00,1.10,63.6,0,0,0.7222,1.7143,93.00,145.00,4385.27,-0.9626,DOWN,122.40,0.7026,1.5410
20260901 220039 198,4379.60,1,4379.50,4380.10,0.60,4379.50,1,4379.40,2,4379.30,2,4379.20,3,4379.10,1,4379.00,3,4378.90,1,4378.80,4,4378.70,2,4378.60,3,4380.10,2,4380.20,2,4380.30,2,4380.40,3,4380.50,3,4380.70,4,4381.20,2,4381.30,3,4381.40,8,4381.50,10,Sell,152,132,284,20.00,57.00,-9.00,5.40,63.0,4376.20,4381.20,4375.80,4379.60,52,34,86,18.00,31.00,-2.00,1.10,63.6,0,0,0.7222,1.8500,92.00,144.00,4385.21,-0.9816,DOWN,122.40,0.7026,1.5410
20260901 220039 331,4380.10,1,4379.50,4380.10,0.60,4379.60,1,4379.50,2,4379.40,3,4379.30,1,4379.20,3,4379.10,1,4379.00,3,4378.90,1,4378.80,4,4378.70,2,4380.20,2,4380.40,2,4380.50,3,4380.70,4,4381.20,2,4381.30,3,4381.40,8,4381.50,10,4381.60,9,4381.90,9,Buy,153,132,285,21.00,57.00,-9.00,5.40,72.2,4376.20,4381.20,4375.80,4380.10,52,34,86,18.00,31.00,-2.00,1.10,63.6,0,0,0.7222,1.7143,93.00,145.00,4385.26,-0.9658,DOWN,122.40,0.7026,1.5410
20260901 220039 331,4380.10,1,4379.50,4380.10,0.60,4379.60,1,4379.50,2,4379.40,3,4379.30,1,4379.20,3,4379.10,1,4379.00,3,4378.90,1,4378.80,4,4378.70,2,4380.20,2,4380.40,2,4380.50,3,4380.70,4,4381.20,2,4381.30,3,4381.40,8,4381.50,10,4381.60,9,4381.90,9,Buy,154,132,286,22.00,57.00,-9.00,5.40,72.2,4376.20,4381.20,4375.80,4380.10,52,34,86,18.00,31.00,-2.00,1.10,63.6,0,0,0.7222,1.5909,94.00,146.00,4385.26,-0.9658,DOWN,122.40,0.7026,1.5410
20260901 220039 331,4380.20,1,4379.50,4380.10,0.60,4379.60,1,4379.50,2,4379.40,3,4379.30,1,4379.20,3,4379.10,1,4379.00,3,4378.90,1,4378.80,4,4378.70,2,4380.20,2,4380.40,2,4380.50,3,4380.70,4,4381.20,2,4381.30,3,4381.40,8,4381.50,10,4381.60,9,4381.90,9,Buy,155,132,287,23.00,57.00,-9.00,5.40,74.1,4376.20,4381.20,4375.80,4380.20,52,34,86,18.00,31.00,-2.00,1.10,63.6,0,0,0.7222,1.4783,95.00,147.00,4385.27,-0.9626,DOWN,122.40,0.7026,1.5410
20260901 220039 331,4380.20,1,4379.50,4380.10,0.60,4379.60,1,4379.50,2,4379.40,3,4379.30,1,4379.20,3,4379.10,1,4379.00,3,4378.90,1,4378.80,4,4378.70,2,4380.20,2,4380.40,2,4380.50,3,4380.70,4,4381.20,2,4381.30,3,4381.40,8,4381.50,10,4381.60,9,4381.90,9,Buy,156,132,288,24.00,57.00,-9.00,5.40,74.1,4376.20,4381.20,4375.80,4380.20,52,34,86,18.00,31.00,-2.00,1.10,63.6,0,0,0.7222,1.3750,96.00,148.00,4385.27,-0.9626,DOWN,122.40,0.7026,1.5410
20260901 220039 331,4380.30,1,4379.50,4380.10,0.60,4379.60,1,4379.50,2,4379.40,3,4379.30,1,4379.20,3,4379.10,1,4379.00,3,4378.90,1,4378.80,4,4378.70,2,4380.20,2,4380.40,2,4380.50,3,4380.70,4,4381.20,2,4381.30,3,4381.40,8,4381.50,10,4381.60,9,4381.90,9,Buy,157,132,289,25.00,57.00,-9.00,5.40,75.9,4376.20,4381.20,4375.80,4380.30,52,34,86,18.00,31.00,-2.00,1.10,63.6,0,0,0.7222,1.2800,97.00,149.00,4385.28,-0.9594,DOWN,122.40,0.7026,1.5410
20260901 220040 321,4380.10,1,4379.60,4380.10,0.50,4379.60,1,4379.50,1,4379.40,2,4379.30,1,4379.20,3,4379.10,1,4379.00,3,4378.90,1,4378.80,4,4378.70,2,4380.10,1,4380.20,2,4380.40,3,4380.50,3,4380.70,4,4381.20,2,4381.30,3,4381.40,8,4381.50,10,4381.60,9,Buy,158,132,290,26.00,57.00,-9.00,5.40,72.2,4376.20,4381.20,4375.80,4380.10,52,34,86,18.00,31.00,-2.00,1.10,63.6,0,0,0.7222,1.1923,98.00,150.00,4385.26,-0.9658,DOWN,122.40,0.7026,1.5410
20260901 220040 556,4380.20,1,4379.60,4380.20,0.60,4379.60,1,4379.50,1,4379.40,2,4379.30,1,4379.20,3,4379.10,1,4379.00,3,4378.90,1,4378.80,4,4378.70,2,4380.20,2,4380.40,3,4380.50,2,4380.70,4,4381.20,2,4381.30,3,4381.40,8,4381.50,10,4381.60,9,4381.90,9,Buy,159,132,291,27.00,57.00,-9.00,5.40,74.1,4376.20,4381.20,4375.80,4380.20,52,34,86,18.00,31.00,-2.00,1.10,63.6,0,0,0.7222,1.1111,99.00,151.00,4385.27,-0.9626,DOWN,122.40,0.7026,1.5410
20260901 220041 092,4380.20,1,4379.60,4380.40,0.80,4379.60,2,4379.50,1,4379.40,3,4379.30,1,4379.20,3,4379.10,1,4379.00,3,4378.90,1,4378.80,4,4378.70,2,4380.40,2,4380.50,2,4380.70,4,4381.20,3,4381.30,3,4381.40,8,4381.50,10,4381.60,9,4381.90,9,4382.00,6,Buy,160,132,292,28.00,57.00,-9.00,5.40,74.1,4376.20,4381.20,4375.80,4380.20,52,34,86,18.00,31.00,-2.00,1.10,63.6,0,0,0.7222,1.0357,100.00,152.00,4385.27,-0.9626,DOWN,122.40,0.7026,1.5410
20260901 220041 092,4380.20,1,4379.60,4380.40,0.80,4379.60,2,4379.50,1,4379.40,3,4379.30,1,4379.20,3,4379.10,1,4379.00,3,4378.90,1,4378.80,4,4378.70,2,4380.40,2,4380.50,2,4380.70,4,4381.20,3,4381.30,3,4381.40,8,4381.50,10,4381.60,9,4381.90,9,4382.00,6,Buy,161,132,293,29.00,57.00,-9.00,5.40,74.1,4376.20,4381.20,4375.80,4380.20,52,34,86,18.00,31.00,-2.00,1.10,63.6,0,0,0.7222,0.9655,101.00,153.00,4385.27,-0.9626,DOWN,122.40,0.7026,1.5410
20260901 220042 212,4379.90,3,4379.90,4380.40,0.50,4379.60,2,4379.50,1,4379.40,3,4379.30,1,4379.20,3,4379.10,1,4379.00,2,4378.90,1,4378.80,1,4378.70,2,4380.40,2,4380.50,2,4380.70,4,4381.10,2,4381.20,4,4381.30,3,4381.40,8,4381.50,10,4381.60,9,4381.90,9,Sell,161,135,296,26.00,57.00,-9.00,5.40,68.5,4376.20,4381.20,4375.80,4379.90,52,34,86,18.00,31.00,-2.00,1.10,63.6,0,0,0.7222,1.1923,98.00,150.00,4385.24,-0.9721,DOWN,122.40,0.7026,1.5410
20260901 220042 281,4380.40,1,4379.80,4380.40,0.60,4379.80,3,4379.60,2,4379.50,1,4379.40,4,4379.30,1,4379.20,3,4379.10,1,4379.00,2,4378.90,1,4378.80,1,4380.40,1,4380.70,4,4381.10,2,4381.20,3,4381.30,1,4381.40,8,4381.50,12,4381.60,9,4381.90,9,4382.00,6,Buy,162,135,297,27.00,57.00,-9.00,5.40,77.8,4376.20,4381.20,4375.80,4380.40,52,34,86,18.00,31.00,-2.00,1.10,63.6,0,0,0.7222,1.1111,99.00,151.00,4385.29,-0.9562,DOWN,122.40,0.7026,1.5410
20260901 220042 354,4380.40,1,4380.00,4380.60,0.60,4380.00,2,4379.90,1,4379.80,2,4379.60,2,4379.50,1,4379.40,4,4379.30,1,4379.20,3,4379.10,1,4379.00,2,4380.60,3,4380.70,2,4381.10,2,4381.20,3,4381.30,2,4381.40,8,4381.50,12,4381.60,9,4381.90,9,4382.00,6,Buy,163,135,298,28.00,57.00,-9.00,5.40,77.8,4376.20,4381.20,4375.80,4380.40,52,34,86,18.00,31.00,-2.00,1.10,63.6,0,0,0.7222,1.0357,100.00,152.00,4385.29,-0.9562,DOWN,122.40,0.7026,1.5410
20260901 220042 354,4380.70,1,4380.00,4380.60,0.60,4380.00,2,4379.90,1,4379.80,2,4379.60,2,4379.50,1,4379.40,4,4379.30,1,4379.20,3,4379.10,1,4379.00,2,4380.60,3,4380.70,2,4381.10,2,4381.20,3,4381.30,2,4381.40,8,4381.50,12,4381.60,9,4381.90,9,4382.00,6,Buy,164,135,299,29.00,57.00,-9.00,5.40,83.3,4376.20,4381.20,4375.80,4380.70,52,34,86,18.00,31.00,-2.00,1.10,63.6,0,0,0.7222,0.9655,101.00,153.00,4385.32,-0.9467,DOWN,122.40,0.7026,1.5410
20260901 220042 416,4380.00,2,4379.90,4380.20,0.30,4379.90,1,4379.60,2,4379.50,1,4379.40,4,4379.30,1,4379.20,3,4379.10,1,4379.00,2,4378.90,1,4378.80,1,4380.20,2,4380.60,3,4380.70,2,4381.10,2,4381.20,3,4381.30,2,4381.40,9,4381.50,12,4381.60,9,4381.90,9,Sell,164,137,301,27.00,57.00,-9.00,5.40,70.4,4376.20,4381.20,4375.80,4380.00,52,34,86,18.00,31.00,-2.00,1.10,63.6,0,0,0.7222,1.1111,99.00,151.00,4385.25,-0.9689,DOWN,122.40,0.7026,1.5410
20260901 220042 477,4380.20,1,4379.70,4380.40,0.70,4379.80,2,4379.70,1,4379.60,2,4379.50,1,4379.40,4,4379.30,1,4379.20,3,4379.10,1,4379.00,2,4378.90,1,4380.40,4,4380.50,3,4380.60,3,4380.70,2,4381.10,2,4381.20,3,4381.30,4,4381.40,9,4381.50,10,4381.60,9,Buy,165,137,302,28.00,57.00,-9.00,5.40,74.1,4376.20,4381.20,4375.80,4380.20,52,34,86,18.00,31.00,-2.00,1.10,63.6,0,0,0.7222,1.0357,100.00,152.00,4385.27,-0.9626,DOWN,122.40,0.7026,1.5410
20260901 220042 477,4380.20,1,4379.70,4380.40,0.70,4379.80,2,4379.70,1,4379.60,2,4379.50,1,4379.40,4,4379.30,1,4379.20,3,4379.10,1,4379.00,2,4378.90,1,4380.40,4,4380.50,3,4380.60,3,4380.70,2,4381.10,2,4381.20,3,4381.30,4,4381.40,9,4381.50,10,4381.60,9,Buy,166,137,303,29.00,57.00,-9.00,5.40,74.1,4376.20,4381.20,4375.80,4380.20,52,34,86,18.00,31.00,-2.00,1.10,63.6,0,0,0.7222,0.9655,101.00,153.00,4385.27,-0.9626,DOWN,122.40,0.7026,1.5410
20260901 220043 063,4380.40,2,4379.80,4380.40,0.60,4379.80,2,4379.70,1,4379.60,2,4379.50,1,4379.40,4,4379.20,3,4379.10,1,4379.00,2,4378.90,1,4378.80,1,4380.50,2,4380.60,3,4380.70,2,4380.90,2,4381.10,2,4381.20,3,4381.30,4,4381.40,9,4381.50,10,4381.60,9,Buy,168,137,305,31.00,57.00,-9.00,5.40,77.8,4376.20,4381.20,4375.80,4380.40,52,34,86,18.00,31.00,-2.00,1.10,63.6,0,0,0.7222,0.8387,103.00,155.00,4385.29,-0.9562,DOWN,122.40,0.7026,1.5410
20260901 220043 063,4380.40,1,4379.80,4380.40,0.60,4379.80,2,4379.70,1,4379.60,2,4379.50,1,4379.40,4,4379.20,3,4379.10,1,4379.00,2,4378.90,1,4378.80,1,4380.50,2,4380.60,3,4380.70,2,4380.90,2,4381.10,2,4381.20,3,4381.30,4,4381.40,9,4381.50,10,4381.60,9,Buy,169,137,306,32.00,57.00,-9.00,5.40,77.8,4376.20,4381.20,4375.80,4380.40,52,34,86,18.00,31.00,-2.00,1.10,63.6,0,0,0.7222,0.7813,104.00,156.00,4385.29,-0.9562,DOWN,122.40,0.7026,1.5410
20260901 220043 063,4380.40,1,4379.80,4380.40,0.60,4379.80,2,4379.70,1,4379.60,2,4379.50,1,4379.40,4,4379.20,3,4379.10,1,4379.00,2,4378.90,1,4378.80,1,4380.50,2,4380.60,3,4380.70,2,4380.90,2,4381.10,2,4381.20,3,4381.30,4,4381.40,9,4381.50,10,4381.60,9,Buy,170,137,307,33.00,57.00,-9.00,5.40,77.8,4376.20,4381.20,4375.80,4380.40,52,34,86,18.00,31.00,-2.00,1.10,63.6,0,0,0.7222,0.7273,105.00,157.00,4385.29,-0.9562,DOWN,122.40,0.7026,1.5410
20260901 220043 063,4380.40,1,4379.80,4380.40,0.60,4379.80,2,4379.70,1,4379.60,2,4379.50,1,4379.40,4,4379.20,3,4379.10,1,4379.00,2,4378.90,1,4378.80,1,4380.50,2,4380.60,3,4380.70,2,4380.90,2,4381.10,2,4381.20,3,4381.30,4,4381.40,9,4381.50,10,4381.60,9,Buy,171,137,308,34.00,57.00,-9.00,5.40,77.8,4376.20,4381.20,4375.80,4380.40,52,34,86,18.00,31.00,-2.00,1.10,63.6,0,0,0.7222,0.6765,106.00,158.00,4385.29,-0.9562,DOWN,122.40,0.7026,1.5410
20260901 220043 063,4380.50,2,4379.80,4380.40,0.60,4379.80,2,4379.70,1,4379.60,2,4379.50,1,4379.40,4,4379.20,3,4379.10,1,4379.00,2,4378.90,1,4378.80,1,4380.50,2,4380.60,3,4380.70,2,4380.90,2,4381.10,2,4381.20,3,4381.30,4,4381.40,9,4381.50,10,4381.60,9,Buy,173,137,310,36.00,57.00,-9.00,5.40,79.6,4376.20,4381.20,4375.80,4380.50,52,34,86,18.00,31.00,-2.00,1.10,63.6,0,0,0.7222,0.5833,108.00,160.00,4385.30,-0.9531,DOWN,122.40,0.7026,1.5410
20260901 220043 063,4380.50,1,4379.80,4380.40,0.60,4379.80,2,4379.70,1,4379.60,2,4379.50,1,4379.40,4,4379.20,3,4379.10,1,4379.00,2,4378.90,1,4378.80,1,4380.50,2,4380.60,3,4380.70,2,4380.90,2,4381.10,2,4381.20,3,4381.30,4,4381.40,9,4381.50,10,4381.60,9,Buy,174,137,311,37.00,57.00,-9.00,5.40,79.6,4376.20,4381.20,4375.80,4380.50,52,34,86,18.00,31.00,-2.00,1.10,63.6,0,0,0.7222,0.5405,109.00,161.00,4385.30,-0.9531,DOWN,122.40,0.7026,1.5410
20260901 220043 347,4380.50,1,4379.80,4380.60,0.80,4379.80,3,4379.60,2,4379.50,1,4379.40,4,4379.20,3,4379.10,1,4379.00,2,4378.90,1,4378.80,1,4378.70,2,4380.60,2,4380.70,2,4380.90,2,4381.10,2,4381.20,3,4381.30,4,4381.40,9,4381.50,10,4381.60,9,4381.90,9,Buy,175,137,312,38.00,57.00,-9.00,5.40,79.6,4376.20,4381.20,4375.80,4380.50,52,34,86,18.00,31.00,-2.00,1.10,63.6,0,0,0.7222,0.5000,110.00,162.00,4385.30,-0.9531,DOWN,122.40,0.7026,1.5410
20260901 220043 347,4380.50,1,4379.80,4380.60,0.80,4379.80,3,4379.60,2,4379.50,1,4379.40,4,4379.20,3,4379.10,1,4379.00,2,4378.90,1,4378.80,1,4378.70,2,4380.60,2,4380.70,2,4380.90,2,4381.10,2,4381.20,3,4381.30,4,4381.40,9,4381.50,10,4381.60,9,4381.90,9,Buy,176,137,313,39.00,57.00,-9.00,5.40,79.6,4376.20,4381.20,4375.80,4380.50,52,34,86,18.00,31.00,-2.00,1.10,63.6,0,0,0.7222,0.4615,111.00,163.00,4385.30,-0.9531,DOWN,122.40,0.7026,1.5410
20260901 220043 347,4380.50,1,4379.80,4380.60,0.80,4379.80,3,4379.60,2,4379.50,1,4379.40,4,4379.20,3,4379.10,1,4379.00,2,4378.90,1,4378.80,1,4378.70,2,4380.60,2,4380.70,2,4380.90,2,4381.10,2,4381.20,3,4381.30,4,4381.40,9,4381.50,10,4381.60,9,4381.90,9,Buy,177,137,314,40.00,57.00,-9.00,5.40,79.6,4376.20,4381.20,4375.80,4380.50,52,34,86,18.00,31.00,-2.00,1.10,63.6,0,0,0.7222,0.4250,112.00,164.00,4385.30,-0.9531,DOWN,122.40,0.7026,1.5410
20260901 220043 347,4380.60,1,4379.80,4380.60,0.80,4379.80,3,4379.60,2,4379.50,1,4379.40,4,4379.20,3,4379.10,1,4379.00,2,4378.90,1,4378.80,1,4378.70,2,4380.60,2,4380.70,2,4380.90,2,4381.10,2,4381.20,3,4381.30,4,4381.40,9,4381.50,10,4381.60,9,4381.90,9,Buy,178,137,315,41.00,57.00,-9.00,5.40,81.5,4376.20,4381.20,4375.80,4380.60,52,34,86,18.00,31.00,-2.00,1.10,63.6,0,0,0.7222,0.3902,113.00,165.00,4385.31,-0.9499,DOWN,122.40,0.7026,1.5410
20260901 220043 533,4380.60,1,4380.00,4380.70,0.70,4380.00,2,4379.90,1,4379.80,2,4379.60,2,4379.50,1,4379.40,4,4379.20,3,4379.10,1,4379.00,2,4378.90,2,4380.70,3,4380.90,3,4381.20,4,4381.30,2,4381.40,8,4381.50,10,4381.60,9,4381.70,2,4381.80,1,4381.90,9,Buy,179,137,316,42.00,57.00,-9.00,5.40,81.5,4376.20,4381.20,4375.80,4380.60,52,34,86,18.00,31.00,-2.00,1.10,63.6,0,0,0.7222,0.3571,114.00,166.00,4385.31,-0.9499,DOWN,122.40,0.7026,1.5410
20260901 220043 533,4380.60,1,4380.00,4380.70,0.70,4380.00,2,4379.90,1,4379.80,2,4379.60,2,4379.50,1,4379.40,4,4379.20,3,4379.10,1,4379.00,2,4378.90,2,4380.70,3,4380.90,3,4381.20,4,4381.30,2,4381.40,8,4381.50,10,4381.60,9,4381.70,2,4381.80,1,4381.90,9,Buy,180,137,317,43.00,57.00,-9.00,5.40,81.5,4376.20,4381.20,4375.80,4380.60,52,34,86,18.00,31.00,-2.00,1.10,63.6,0,0,0.7222,0.3256,115.00,167.00,4385.31,-0.9499,DOWN,122.40,0.7026,1.5410
20260901 220043 533,4380.70,1,4380.00,4380.70,0.70,4380.00,2,4379.90,1,4379.80,2,4379.60,2,4379.50,1,4379.40,4,4379.20,3,4379.10,1,4379.00,2,4378.90,2,4380.70,3,4380.90,3,4381.20,4,4381.30,2,4381.40,8,4381.50,10,4381.60,9,4381.70,2,4381.80,1,4381.90,9,Buy,181,137,318,44.00,57.00,-9.00,5.40,83.3,4376.20,4381.20,4375.80,4380.70,52,34,86,18.00,31.00,-2.00,1.10,63.6,0,0,0.7222,0.2955,116.00,168.00,4385.32,-0.9467,DOWN,122.40,0.7026,1.5410
20260901 220043 533,4380.70,1,4380.00,4380.70,0.70,4380.00,2,4379.90,1,4379.80,2,4379.60,2,4379.50,1,4379.40,4,4379.20,3,4379.10,1,4379.00,2,4378.90,2,4380.70,3,4380.90,3,4381.20,4,4381.30,2,4381.40,8,4381.50,10,4381.60,9,4381.70,2,4381.80,1,4381.90,9,Buy,182,137,319,45.00,57.00,-9.00,5.40,83.3,4376.20,4381.20,4375.80,4380.70,52,34,86,18.00,31.00,-2.00,1.10,63.6,0,0,0.7222,0.2667,117.00,169.00,4385.32,-0.9467,DOWN,122.40,0.7026,1.5410
20260901 220043 533,4380.90,1,4380.00,4380.70,0.70,4380.00,2,4379.90,1,4379.80,2,4379.60,2,4379.50,1,4379.40,4,4379.20,3,4379.10,1,4379.00,2,4378.90,2,4380.70,3,4380.90,3,4381.20,4,4381.30,2,4381.40,8,4381.50,10,4381.60,9,4381.70,2,4381.80,1,4381.90,9,Buy,183,137,320,46.00,57.00,-9.00,5.40,87.0,4376.20,4381.20,4375.80,4380.90,52,34,86,18.00,31.00,-2.00,1.10,63.6,0,0,0.7222,0.2391,118.00,170.00,4385.34,-0.9404,DOWN,122.40,0.7026,1.5410
20260901 220043 533,4380.90,1,4380.00,4380.70,0.70,4380.00,2,4379.90,1,4379.80,2,4379.60,2,4379.50,1,4379.40,4,4379.20,3,4379.10,1,4379.00,2,4378.90,2,4380.70,3,4380.90,3,4381.20,4,4381.30,2,4381.40,8,4381.50,10,4381.60,9,4381.70,2,4381.80,1,4381.90,9,Buy,184,137,321,47.00,57.00,-9.00,5.40,87.0,4376.20,4381.20,4375.80,4380.90,52,34,86,18.00,31.00,-2.00,1.10,63.6,0,0,0.7222,0.2128,119.00,171.00,4385.34,-0.9404,DOWN,122.40,0.7026,1.5410
20260901 220043 533,4381.10,1,4380.00,4380.70,0.70,4380.00,2,4379.90,1,4379.80,2,4379.60,2,4379.50,1,4379.40,4,4379.20,3,4379.10,1,4379.00,2,4378.90,2,4380.70,3,4380.90,3,4381.20,4,4381.30,2,4381.40,8,4381.50,10,4381.60,9,4381.70,2,4381.80,1,4381.90,9,Buy,185,137,322,48.00,57.00,-9.00,5.40,90.7,4376.20,4381.20,4375.80,4381.10,52,34,86,18.00,31.00,-2.00,1.10,63.6,0,0,0.7222,0.1875,120.00,172.00,4385.36,-0.9340,DOWN,122.40,0.7026,1.5410
20260901 220043 533,4381.10,1,4380.00,4380.70,0.70,4380.00,2,4379.90,1,4379.80,2,4379.60,2,4379.50,1,4379.40,4,4379.20,3,4379.10,1,4379.00,2,4378.90,2,4380.70,3,4380.90,3,4381.20,4,4381.30,2,4381.40,8,4381.50,10,4381.60,9,4381.70,2,4381.80,1,4381.90,9,Buy,186,137,323,49.00,57.00,-9.00,5.40,90.7,4376.20,4381.20,4375.80,4381.10,52,34,86,18.00,31.00,-2.00,1.10,63.6,0,0,0.7222,0.1633,121.00,173.00,4385.36,-0.9340,DOWN,122.40,0.7026,1.5410
20260901 220043 534,4381.20,1,4380.00,4380.70,0.70,4380.00,2,4379.90,1,4379.80,2,4379.60,2,4379.50,1,4379.40,4,4379.20,3,4379.10,1,4379.00,2,4378.90,2,4380.70,3,4380.90,3,4381.20,4,4381.30,2,4381.40,8,4381.50,10,4381.60,9,4381.70,2,4381.80,1,4381.90,9,Buy,187,137,324,50.00,57.00,-9.00,5.40,92.6,4376.20,4381.20,4375.80,4381.20,52,34,86,18.00,31.00,-2.00,1.10,63.6,0,0,0.7222,0.1400,122.00,174.00,4385.37,-0.9308,DOWN,122.40,0.7026,1.5410
20260901 220044 660,4380.50,1,4379.80,4380.40,0.60,4379.80,1,4379.70,2,4379.60,2,4379.50,1,4379.40,4,4379.20,3,4379.10,1,4379.00,2,4378.90,2,4378.80,1,4380.40,2,4380.50,3,4380.70,3,4380.80,2,4380.90,3,4381.20,4,4381.30,2,4381.40,9,4381.50,12,4381.60,9,Buy,188,137,325,51.00,57.00,-9.00,5.40,79.6,4376.20,4381.20,4375.80,4380.50,52,34,86,18.00,31.00,-2.00,1.10,63.6,0,0,0.7222,0.1176,123.00,175.00,4385.30,-0.9531,DOWN,122.40,0.7026,1.5410
20260901 220044 662,4379.80,1,4379.80,4380.40,0.60,4379.80,1,4379.70,2,4379.60,2,4379.50,1,4379.40,4,4379.20,3,4379.10,1,4379.00,2,4378.90,2,4378.80,1,4380.40,2,4380.50,3,4380.70,3,4380.80,2,4380.90,3,4381.20,4,4381.30,2,4381.40,9,4381.50,12,4381.60,9,Sell,188,138,326,50.00,57.00,-9.00,5.40,66.7,4376.20,4381.20,4375.80,4379.80,52,34,86,18.00,31.00,-2.00,1.10,63.6,0,0,0.7222,0.1400,122.00,174.00,4385.23,-0.9753,DOWN,122.40,0.7026,1.5410
20260901 220044 956,4379.80,1,4379.80,4380.40,0.60,4379.80,2,4379.70,2,4379.60,2,4379.50,1,4379.40,4,4379.20,3,4379.10,1,4379.00,2,4378.90,2,4378.80,1,4380.40,2,4380.50,3,4380.70,3,4380.80,2,4380.90,3,4381.20,4,4381.30,2,4381.40,9,4381.50,12,4381.60,9,Sell,188,139,327,49.00,57.00,-9.00,5.40,66.7,4376.20,4381.20,4375.80,4379.80,52,34,86,18.00,31.00,-2.00,1.10,63.6,0,0,0.7222,0.1633,121.00,173.00,4385.23,-0.9753,DOWN,122.40,0.7026,1.5410
20260901 220045 006,4380.40,1,4379.80,4380.40,0.60,4379.80,2,4379.70,2,4379.60,3,4379.50,1,4379.40,4,4379.20,3,4379.10,1,4379.00,2,4378.90,2,4378.80,1,4380.50,3,4380.70,3,4380.80,2,4380.90,3,4381.20,4,4381.30,2,4381.40,9,4381.50,12,4381.60,9,4381.70,5,Buy,189,139,328,50.00,57.00,-9.00,5.40,77.8,4376.20,4381.20,4375.80,4380.40,52,34,86,18.00,31.00,-2.00,1.10,63.6,0,0,0.7222,0.1400,122.00,174.00,4385.29,-0.9562,DOWN,122.40,0.7026,1.5410
20260901 220045 006,4380.40,1,4379.80,4380.40,0.60,4379.80,2,4379.70,2,4379.60,3,4379.50,1,4379.40,4,4379.20,3,4379.10,1,4379.00,2,4378.90,2,4378.80,1,4380.50,3,4380.70,3,4380.80,2,4380.90,3,4381.20,4,4381.30,2,4381.40,9,4381.50,12,4381.60,9,4381.70,5,Buy,190,139,329,51.00,57.00,-9.00,5.40,77.8,4376.20,4381.20,4375.80,4380.40,52,34,86,18.00,31.00,-2.00,1.10,63.6,0,0,0.7222,0.1176,123.00,175.00,4385.29,-0.9562,DOWN,122.40,0.7026,1.5410
20260901 220045 277,4380.50,1,4379.80,4380.50,0.70,4379.80,2,4379.70,2,4379.60,3,4379.50,1,4379.40,4,4379.20,3,4379.10,1,4379.00,2,4378.90,2,4378.80,1,4380.50,2,4380.70,3,4380.80,2,4380.90,3,4381.20,4,4381.30,2,4381.40,9,4381.50,12,4381.60,9,4381.70,5,Buy,191,139,330,52.00,57.00,-9.00,5.40,79.6,4376.20,4381.20,4375.80,4380.50,52,34,86,18.00,31.00,-2.00,1.10,63.6,0,0,0.7222,0.0962,124.00,176.00,4385.30,-0.9531,DOWN,122.40,0.7026,1.5410
20260901 220046 662,4380.40,1,4379.80,4380.40,0.60,4379.80,2,4379.70,2,4379.60,3,4379.50,1,4379.40,4,4379.20,3,4379.10,1,4379.00,2,4378.90,2,4378.80,1,4380.40,2,4380.50,2,4380.70,3,4380.80,2,4380.90,3,4381.20,4,4381.30,2,4381.40,9,4381.50,12,4381.60,9,Buy,192,139,331,53.00,57.00,-9.00,5.40,77.8,4376.20,4381.20,4375.80,4380.40,52,34,86,18.00,31.00,-2.00,1.10,63.6,0,0,0.7222,0.0755,125.00,177.00,4385.29,-0.9562,DOWN,122.40,0.7026,1.5410
20260901 220046 662,4380.40,1,4379.80,4380.40,0.60,4379.80,2,4379.70,2,4379.60,3,4379.50,1,4379.40,4,4379.20,3,4379.10,1,4379.00,2,4378.90,2,4378.80,1,4380.40,2,4380.50,2,4380.70,3,4380.80,2,4380.90,3,4381.20,4,4381.30,2,4381.40,9,4381.50,12,4381.60,9,Buy,193,139,332,54.00,57.00,-9.00,5.40,77.8,4376.20,4381.20,4375.80,4380.40,52,34,86,18.00,31.00,-2.00,1.10,63.6,0,0,0.7222,0.0556,126.00,178.00,4385.29,-0.9562,DOWN,122.40,0.7026,1.5410
20260901 220047 569,4379.90,1,4379.60,4380.20,0.60,4379.60,6,4379.50,1,4379.40,2,4379.20,3,4379.10,1,4379.00,2,4378.90,1,4378.70,2,4378.60,2,4378.50,2,4380.20,3,4380.40,3,4380.50,3,4380.60,1,4380.70,4,4380.80,2,4380.90,3,4381.10,1,4381.20,5,4381.30,4,Sell,193,140,333,53.00,57.00,-9.00,5.40,68.5,4376.20,4381.20,4375.80,4379.90,52,34,86,18.00,31.00,-2.00,1.10,63.6,0,0,0.7222,0.0755,125.00,177.00,4385.24,-0.9721,DOWN,122.40,0.7026,1.5410
20260901 220048 228,4379.60,1,4379.60,4380.20,0.60,4379.60,5,4379.50,1,4379.40,2,4379.20,3,4379.10,1,4379.00,2,4378.90,1,4378.70,2,4378.60,2,4378.50,2,4380.20,3,4380.40,3,4380.50,3,4380.60,1,4380.70,4,4380.80,2,4380.90,3,4381.10,1,4381.20,5,4381.30,4,Sell,193,141,334,52.00,57.00,-9.00,5.40,63.0,4376.20,4381.20,4375.80,4379.60,52,34,86,18.00,31.00,-2.00,1.10,63.6,0,0,0.7222,0.0962,124.00,176.00,4385.21,-0.9816,DOWN,122.40,0.7026,1.5410
20260901 220049 147,4379.60,1,4379.60,4380.20,0.60,4379.70,1,4379.60,4,4379.50,1,4379.40,2,4379.20,3,4379.10,1,4379.00,2,4378.90,1,4378.70,2,4378.60,2,4380.20,3,4380.40,3,4380.50,3,4380.60,1,4380.70,4,4380.80,2,4380.90,3,4381.10,1,4381.20,5,4381.30,4,Sell,193,142,335,51.00,57.00,-9.00,5.40,63.0,4376.20,4381.20,4375.80,4379.60,52,34,86,18.00,31.00,-2.00,1.10,63.6,0,0,0.7222,0.1176,123.00,175.00,4385.21,-0.9816,DOWN,122.40,0.7026,1.5410
20260901 220049 207,4379.70,1,4379.70,4380.20,0.50,4379.70,1,4379.60,2,4379.50,1,4379.40,2,4379.20,3,4379.10,1,4379.00,2,4378.90,1,4378.70,2,4378.60,2,4380.20,3,4380.40,3,4380.50,3,4380.60,1,4380.70,4,4380.80,2,4380.90,3,4381.10,1,4381.20,5,4381.30,4,Sell,193,143,336,50.00,57.00,-9.00,5.40,64.8,4376.20,4381.20,4375.80,4379.70,52,34,86,18.00,31.00,-2.00,1.10,63.6,0,0,0.7222,0.1400,122.00,174.00,4385.22,-0.9785,DOWN,122.40,0.7026,1.5410
20260901 220049 207,4379.60,1,4379.70,4380.20,0.50,4379.70,1,4379.60,2,4379.50,1,4379.40,2,4379.20,3,4379.10,1,4379.00,2,4378.90,1,4378.70,2,4378.60,2,4380.20,3,4380.40,3,4380.50,3,4380.60,1,4380.70,4,4380.80,2,4380.90,3,4381.10,1,4381.20,5,4381.30,4,Sell,193,144,337,49.00,57.00,-9.00,5.40,63.0,4376.20,4381.20,4375.80,4379.60,52,34,86,18.00,31.00,-2.00,1.10,63.6,0,0,0.7222,0.1633,121.00,173.00,4385.21,-0.9816,DOWN,122.40,0.7026,1.5410
20260901 220049 207,4379.60,1,4379.70,4380.20,0.50,4379.70,1,4379.60,2,4379.50,1,4379.40,2,4379.20,3,4379.10,1,4379.00,2,4378.90,1,4378.70,2,4378.60,2,4380.20,3,4380.40,3,4380.50,3,4380.60,1,4380.70,4,4380.80,2,4380.90,3,4381.10,1,4381.20,5,4381.30,4,Sell,193,145,338,48.00,57.00,-9.00,5.40,63.0,4376.20,4381.20,4375.80,4379.60,52,34,86,18.00,31.00,-2.00,1.10,63.6,0,0,0.7222,0.1875,120.00,172.00,4385.21,-0.9816,DOWN,122.40,0.7026,1.5410
20260901 220051 001,4379.70,1,4379.60,4380.20,0.60,4379.60,2,4379.50,1,4379.40,2,4379.20,3,4379.10,1,4379.00,2,4378.90,1,4378.70,2,4378.60,2,4378.50,2,4380.20,4,4380.40,3,4380.50,2,4380.60,1,4380.70,4,4380.80,2,4380.90,3,4381.10,1,4381.20,5,4381.30,4,Sell,193,146,339,47.00,57.00,-9.00,5.40,64.8,4376.20,4381.20,4375.80,4379.70,52,34,86,18.00,31.00,-2.00,1.10,63.6,0,0,0.7222,0.2128,119.00,171.00,4385.22,-0.9785,DOWN,122.40,0.7026,1.5410
20260901 220051 200,4380.20,1,4379.70,4380.10,0.40,4379.70,1,4379.60,2,4379.50,1,4379.40,2,4379.20,3,4379.10,1,4379.00,2,4378.90,1,4378.70,2,4378.60,2,4380.10,3,4380.20,3,4380.30,2,4380.40,3,4380.50,2,4380.60,1,4380.70,4,4380.80,2,4380.90,3,4381.10,1,Buy,194,146,340,48.00,57.00,-9.00,5.40,74.1,4376.20,4381.20,4375.80,4380.20,52,34,86,18.00,31.00,-2.00,1.10,63.6,0,0,0.7222,0.1875,120.00,172.00,4385.27,-0.9626,DOWN,122.40,0.7026,1.5410
20260901 220051 392,4379.60,2,4379.60,4380.10,0.50,4379.50,1,4379.20,3,4379.10,1,4379.00,2,4378.90,1,4378.70,2,4378.60,2,4378.50,2,4378.40,2,4378.30,5,4380.10,3,4380.20,3,4380.30,2,4380.40,3,4380.50,2,4380.60,1,4380.70,4,4380.80,2,4380.90,3,4381.10,1,Sell,194,148,342,46.00,57.00,-9.00,5.40,63.0,4376.20,4381.20,4375.80,4379.60,52,34,86,18.00,31.00,-2.00,1.10,63.6,0,0,0.7222,0.2391,118.00,170.00,4385.21,-0.9816,DOWN,122.40,0.7026,1.5410
20260901 220051 480,4379.90,1,4379.50,4379.90,0.40,4379.50,1,4379.20,2,4379.10,1,4379.00,1,4378.90,1,4378.70,2,4378.60,2,4378.50,2,4378.40,2,4378.30,5,4379.90,2,4380.00,2,4380.10,5,4380.20,2,4380.30,2,4380.40,3,4380.50,2,4380.60,1,4380.70,4,4380.80,2,Buy,195,148,343,47.00,57.00,-9.00,5.40,68.5,4376.20,4381.20,4375.80,4379.90,52,34,86,18.00,31.00,-2.00,1.10,63.6,0,0,0.7222,0.2128,119.00,171.00,4385.24,-0.9721,DOWN,122.40,0.7026,1.5410
20260901 220051 542,4379.50,1,4379.50,4379.90,0.40,4379.40,1,4379.30,1,4379.20,2,4379.10,1,4379.00,1,4378.90,1,4378.70,2,4378.60,2,4378.50,2,4378.40,2,4379.90,2,4380.00,3,4380.10,5,4380.20,2,4380.30,2,4380.40,3,4380.50,2,4380.60,1,4380.70,4,4380.80,3,Sell,195,149,344,46.00,57.00,-9.00,5.40,61.1,4376.20,4381.20,4375.80,4379.50,52,34,86,18.00,31.00,-2.00,1.10,63.6,0,0,0.7222,0.2391,118.00,170.00,4385.20,-0.9848,DOWN,122.40,0.7026,1.5410
20260901 220052 219,4379.70,1,4379.30,4379.70,0.40,4379.30,1,4379.20,2,4379.10,1,4379.00,1,4378.90,1,4378.70,2,4378.60,2,4378.50,2,4378.40,2,4378.30,5,4379.70,1,4379.90,2,4380.00,3,4380.10,5,4380.20,2,4380.30,2,4380.40,3,4380.50,2,4380.60,1,4380.70,6,Sell,195,150,345,45.00,57.00,-9.00,5.40,64.8,4376.20,4381.20,4375.80,4379.70,52,34,86,18.00,31.00,-2.00,1.10,63.6,0,0,0.7222,0.2667,117.00,169.00,4385.22,-0.9785,DOWN,122.40,0.7026,1.5410
20260901 220052 658,4379.70,1,4379.20,4379.90,0.70,4379.20,2,4379.10,1,4379.00,1,4378.90,1,4378.70,2,4378.60,2,4378.50,2,4378.40,2,4378.30,5,4378.20,7,4379.90,2,4380.00,3,4380.10,5,4380.20,2,4380.30,2,4380.40,3,4380.50,2,4380.60,1,4380.70,6,4380.80,3,Buy,196,150,346,46.00,57.00,-9.00,5.40,64.8,4376.20,4381.20,4375.80,4379.70,52,34,86,18.00,31.00,-2.00,1.10,63.6,0,0,0.7222,0.2391,118.00,170.00,4385.22,-0.9785,DOWN,122.40,0.7026,1.5410
20260901 220052 822,4379.50,1,4379.60,4380.00,0.40,4379.60,1,4379.50,1,4379.40,2,4379.30,2,4379.20,4,4379.10,2,4379.00,3,4378.90,1,4378.60,2,4378.50,3,4380.00,1,4380.10,4,4380.20,2,4380.30,2,4380.40,3,4380.50,2,4380.60,1,4380.70,4,4380.80,3,4380.90,3,Buy,197,150,347,47.00,57.00,-9.00,5.40,61.1,4376.20,4381.20,4375.80,4379.50,52,34,86,18.00,31.00,-2.00,1.10,63.6,0,0,0.7222,0.2128,119.00,171.00,4385.20,-0.9848,DOWN,122.40,0.7026,1.5410
20260901 220052 822,4379.90,1,4379.60,4380.00,0.40,4379.60,1,4379.50,1,4379.40,2,4379.30,2,4379.20,4,4379.10,2,4379.00,3,4378.90,1,4378.60,2,4378.50,3,4380.00,1,4380.10,4,4380.20,2,4380.30,2,4380.40,3,4380.50,2,4380.60,1,4380.70,4,4380.80,3,4380.90,3,Buy,198,150,348,48.00,57.00,-9.00,5.40,68.5,4376.20,4381.20,4375.80,4379.90,52,34,86,18.00,31.00,-2.00,1.10,63.6,0,0,0.7222,0.1875,120.00,172.00,4385.24,-0.9721,DOWN,122.40,0.7026,1.5410
20260901 220052 822,4379.90,1,4379.60,4380.00,0.40,4379.60,1,4379.50,1,4379.40,2,4379.30,2,4379.20,4,4379.10,2,4379.00,3,4378.90,1,4378.60,2,4378.50,3,4380.00,1,4380.10,4,4380.20,2,4380.30,2,4380.40,3,4380.50,2,4380.60,1,4380.70,4,4380.80,3,4380.90,3,Buy,199,150,349,49.00,57.00,-9.00,5.40,68.5,4376.20,4381.20,4375.80,4379.90,52,34,86,18.00,31.00,-2.00,1.10,63.6,0,0,0.7222,0.1633,121.00,173.00,4385.24,-0.9721,DOWN,122.40,0.7026,1.5410
20260901 220052 822,4379.90,1,4379.60,4380.00,0.40,4379.60,1,4379.50,1,4379.40,2,4379.30,2,4379.20,4,4379.10,2,4379.00,3,4378.90,1,4378.60,2,4378.50,3,4380.00,1,4380.10,4,4380.20,2,4380.30,2,4380.40,3,4380.50,2,4380.60,1,4380.70,4,4380.80,3,4380.90,3,Buy,200,150,350,50.00,57.00,-9.00,5.40,68.5,4376.20,4381.20,4375.80,4379.90,52,34,86,18.00,31.00,-2.00,1.10,63.6,0,0,0.7222,0.1400,122.00,174.00,4385.24,-0.9721,DOWN,122.40,0.7026,1.5410
20260901 220053 016,4380.10,2,4379.80,4380.30,0.50,4379.80,4,4379.60,2,4379.40,5,4379.20,4,4379.10,2,4379.00,3,4378.90,2,4378.80,1,4378.60,3,4378.50,3,4380.30,1,4380.40,1,4380.60,1,4380.70,4,4380.80,2,4380.90,3,4381.10,3,4381.20,2,4381.40,5,4381.50,10,Buy,202,150,352,52.00,57.00,-9.00,5.40,72.2,4376.20,4381.20,4375.80,4380.10,52,34,86,18.00,31.00,-2.00,1.10,63.6,0,0,0.7222,0.0962,124.00,176.00,4385.26,-0.9658,DOWN,122.40,0.7026,1.5410
20260901 220053 016,4380.10,1,4379.80,4380.30,0.50,4379.80,4,4379.60,2,4379.40,5,4379.20,4,4379.10,2,4379.00,3,4378.90,2,4378.80,1,4378.60,3,4378.50,3,4380.30,1,4380.40,1,4380.60,1,4380.70,4,4380.80,2,4380.90,3,4381.10,3,4381.20,2,4381.40,5,4381.50,10,Buy,203,150,353,53.00,57.00,-9.00,5.40,72.2,4376.20,4381.20,4375.80,4380.10,52,34,86,18.00,31.00,-2.00,1.10,63.6,0,0,0.7222,0.0755,125.00,177.00,4385.26,-0.9658,DOWN,122.40,0.7026,1.5410
20260901 220053 017,4380.20,1,4379.80,4380.30,0.50,4379.80,4,4379.60,2,4379.40,5,4379.20,4,4379.10,2,4379.00,3,4378.90,2,4378.80,1,4378.60,3,4378.50,3,4380.30,1,4380.40,1,4380.60,1,4380.70,4,4380.80,2,4380.90,3,4381.10,3,4381.20,2,4381.40,5,4381.50,10,Buy,204,150,354,54.00,57.00,-9.00,5.40,74.1,4376.20,4381.20,4375.80,4380.20,52,34,86,18.00,31.00,-2.00,1.10,63.6,0,0,0.7222,0.0556,126.00,178.00,4385.27,-0.9626,DOWN,122.40,0.7026,1.5410
20260901 220054 492,4379.90,1,4379.90,4380.30,0.40,4379.90,1,4379.80,1,4379.60,2,4379.40,5,4379.20,4,4379.10,2,4379.00,3,4378.90,2,4378.80,1,4378.60,3,4380.30,2,4380.40,1,4380.60,1,4380.70,4,4380.80,2,4380.90,3,4381.20,3,4381.40,5,4381.50,5,4381.60,5,Sell,204,151,355,53.00,57.00,-9.00,5.40,68.5,4376.20,4381.20,4375.80,4379.90,52,34,86,18.00,31.00,-2.00,1.10,63.6,0,0,0.7222,0.0755,125.00,177.00,4385.24,-0.9721,DOWN,122.40,0.7026,1.5410
20260901 220056 609,4380.30,1,4380.40,4380.80,0.40,4380.40,1,4380.30,1,4380.20,2,4380.10,3,4380.00,4,4379.80,2,4379.70,2,4379.60,2,4379.40,4,4379.30,1,4380.80,1,4381.20,3,4381.40,4,4381.50,5,4381.60,4,4381.80,1,4381.90,6,4382.00,1,4382.10,2,4382.30,2,Buy,205,151,356,54.00,57.00,-9.00,5.40,75.9,4376.20,4381.20,4375.80,4380.30,52,34,86,18.00,31.00,-2.00,1.10,63.6,0,0,0.7222,0.0556,126.00,178.00,4385.28,-0.9594,DOWN,122.40,0.7026,1.5410
20260901 220056 609,4380.30,1,4380.40,4380.80,0.40,4380.40,1,4380.30,1,4380.20,2,4380.10,3,4380.00,4,4379.80,2,4379.70,2,4379.60,2,4379.40,4,4379.30,1,4380.80,1,4381.20,3,4381.40,4,4381.50,5,4381.60,4,4381.80,1,4381.90,6,4382.00,1,4382.10,2,4382.30,2,Buy,206,151,357,55.00,57.00,-9.00,5.40,75.9,4376.20,4381.20,4375.80,4380.30,52,34,86,18.00,31.00,-2.00,1.10,63.6,0,0,0.7222,0.0364,127.00,179.00,4385.28,-0.9594,DOWN,122.40,0.7026,1.5410
20260901 220056 609,4380.60,1,4380.40,4380.80,0.40,4380.40,1,4380.30,1,4380.20,2,4380.10,3,4380.00,4,4379.80,2,4379.70,2,4379.60,2,4379.40,4,4379.30,1,4380.80,1,4381.20,3,4381.40,4,4381.50,5,4381.60,4,4381.80,1,4381.90,6,4382.00,1,4382.10,2,4382.30,2,Buy,207,151,358,56.00,57.00,-9.00,5.40,81.5,4376.20,4381.20,4375.80,4380.60,52,34,86,18.00,31.00,-2.00,1.10,63.6,0,0,0.7222,0.0179,128.00,180.00,4385.31,-0.9499,DOWN,122.40,0.7026,1.5410
20260901 220056 609,4380.70,1,4380.40,4380.80,0.40,4380.40,1,4380.30,1,4380.20,2,4380.10,3,4380.00,4,4379.80,2,4379.70,2,4379.60,2,4379.40,4,4379.30,1,4380.80,1,4381.20,3,4381.40,4,4381.50,5,4381.60,4,4381.80,1,4381.90,6,4382.00,1,4382.10,2,4382.30,2,Buy,208,151,359,57.00,57.00,-9.00,5.40,83.3,4376.20,4381.20,4375.80,4380.70,52,34,86,18.00,31.00,-2.00,1.10,63.6,0,0,0.7222,0.0000,129.00,181.00,4385.32,-0.9467,DOWN,122.40,0.7026,1.5410
20260901 220056 609,4380.70,1,4380.40,4380.80,0.40,4380.40,1,4380.30,1,4380.20,2,4380.10,3,4380.00,4,4379.80,2,4379.70,2,4379.60,2,4379.40,4,4379.30,1,4380.80,1,4381.20,3,4381.40,4,4381.50,5,4381.60,4,4381.80,1,4381.90,6,4382.00,1,4382.10,2,4382.30,2,Buy,209,151,360,58.00,58.00,-9.00,5.40,83.3,4376.20,4381.20,4375.80,4380.70,52,34,86,18.00,31.00,-2.00,1.10,63.6,0,0,0.7222,0.0000,130.00,182.00,4385.32,-0.9467,DOWN,122.40,0.7026,1.5410
20260901 220056 609,4380.70,1,4380.40,4380.80,0.40,4380.40,1,4380.30,1,4380.20,2,4380.10,3,4380.00,4,4379.80,2,4379.70,2,4379.60,2,4379.40,4,4379.30,1,4380.80,1,4381.20,3,4381.40,4,4381.50,5,4381.60,4,4381.80,1,4381.90,6,4382.00,1,4382.10,2,4382.30,2,Buy,210,151,361,59.00,59.00,-9.00,5.40,83.3,4376.20,4381.20,4375.80,4380.70,52,34,86,18.00,31.00,-2.00,1.10,63.6,0,0,0.7222,0.0000,131.00,183.00,4385.32,-0.9467,DOWN,122.40,0.7026,1.5410
20260901 220056 612,4380.80,1,4380.40,4380.80,0.40,4380.40,1,4380.30,1,4380.20,2,4380.10,3,4380.00,4,4379.80,2,4379.70,2,4379.60,2,4379.40,4,4379.30,1,4380.80,1,4381.20,3,4381.40,4,4381.50,5,4381.60,4,4381.80,1,4381.90,6,4382.00,1,4382.10,2,4382.30,2,Buy,211,151,362,60.00,60.00,-9.00,5.40,85.2,4376.20,4381.20,4375.80,4380.80,52,34,86,18.00,31.00,-2.00,1.10,63.6,0,0,0.7222,0.0000,132.00,184.00,4385.33,-0.9435,DOWN,122.40,0.7026,1.5410
20260901 220056 991,4380.40,1,4380.40,4380.80,0.40,4380.20,1,4380.10,3,4380.00,4,4379.80,2,4379.70,2,4379.60,2,4379.40,4,4379.30,1,4379.20,4,4379.10,3,4380.80,1,4381.20,3,4381.40,4,4381.50,5,4381.60,4,4381.80,1,4381.90,6,4382.00,2,4382.10,2,4382.30,2,Sell,211,152,363,59.00,60.00,-9.00,5.40,77.8,4376.20,4381.20,4375.80,4380.40,52,34,86,18.00,31.00,-2.00,1.10,63.6,0,0,0.7222,0.0169,131.00,183.00,4385.29,-0.9562,DOWN,122.40,0.7026,1.5410
20260901 220056 991,4380.40,1,4380.40,4380.80,0.40,4380.20,1,4380.10,3,4380.00,4,4379.80,2,4379.70,2,4379.60,2,4379.40,4,4379.30,1,4379.20,4,4379.10,3,4380.80,1,4381.20,3,4381.40,4,4381.50,5,4381.60,4,4381.80,1,4381.90,6,4382.00,2,4382.10,2,4382.30,2,Sell,211,153,364,58.00,60.00,-9.00,5.40,77.8,4376.20,4381.20,4375.80,4380.40,52,34,86,18.00,31.00,-2.00,1.10,63.6,0,0,0.7222,0.0345,130.00,182.00,4385.29,-0.9562,DOWN,122.40,0.7026,1.5410
20260901 220057 240,4380.80,1,4380.20,4381.10,0.90,4380.20,1,4380.10,3,4380.00,4,4379.80,2,4379.70,2,4379.40,4,4379.30,1,4379.20,4,4379.10,3,4379.00,4,4381.10,3,4381.20,2,4381.40,4,4381.50,5,4381.60,4,4381.90,6,4382.00,1,4382.10,1,4382.20,1,4382.30,2,Buy,212,153,365,59.00,60.00,-9.00,5.40,85.2,4376.20,4381.20,4375.80,4380.80,52,34,86,18.00,31.00,-2.00,1.10,63.6,0,0,0.7222,0.0169,131.00,183.00,4385.33,-0.9435,DOWN,122.40,0.7026,1.5410
20260901 220057 482,4381.10,1,4380.40,4381.10,0.70,4380.40,2,4380.20,1,4380.10,3,4380.00,4,4379.80,2,4379.70,2,4379.40,4,4379.30,1,4379.20,4,4379.10,3,4381.10,1,4381.20,2,4381.40,4,4381.50,5,4381.60,4,4381.90,6,4382.00,1,4382.10,1,4382.20,1,4382.30,2,Buy,213,153,366,60.00,60.00,-9.00,5.40,90.7,4376.20,4381.20,4375.80,4381.10,52,34,86,18.00,31.00,-2.00,1.10,63.6,0,0,0.7222,0.0000,132.00,184.00,4385.36,-0.9340,DOWN,122.40,0.7026,1.5410
20260901 220057 694,4380.40,1,4380.20,4380.60,0.40,4380.20,1,4380.10,3,4380.00,4,4379.80,2,4379.70,2,4379.40,5,4379.30,1,4379.20,4,4379.10,3,4379.00,4,4380.60,2,4381.10,2,4381.20,2,4381.40,4,4381.50,5,4381.60,4,4381.70,2,4381.80,1,4381.90,4,4382.00,1,Sell,213,154,367,59.00,60.00,-9.00,5.40,77.8,4376.20,4381.20,4375.80,4380.40,52,34,86,18.00,31.00,-2.00,1.10,63.6,0,0,0.7222,0.0169,131.00,183.00,4385.29,-0.9562,DOWN,122.40,0.7026,1.5410
20260901 220057 694,4380.40,1,4380.20,4380.60,0.40,4380.20,1,4380.10,3,4380.00,4,4379.80,2,4379.70,2,4379.40,5,4379.30,1,4379.20,4,4379.10,3,4379.00,4,4380.60,2,4381.10,2,4381.20,2,4381.40,4,4381.50,5,4381.60,4,4381.70,2,4381.80,1,4381.90,4,4382.00,1,Sell,213,155,368,58.00,60.00,-9.00,5.40,77.8,4376.20,4381.20,4375.80,4380.40,52,34,86,18.00,31.00,-2.00,1.10,63.6,0,0,0.7222,0.0345,130.00,182.00,4385.29,-0.9562,DOWN,122.40,0.7026,1.5410
20260901 220057 722,4380.60,1,4380.60,4381.10,0.50,4380.60,2,4380.50,1,4380.40,4,4380.30,2,4380.20,2,4380.10,3,4380.00,4,4379.80,2,4379.70,2,4379.40,5,4381.10,2,4381.20,2,4381.40,4,4381.50,5,4381.60,4,4381.90,4,4382.00,1,4382.10,3,4382.20,1,4382.30,2,Buy,214,155,369,59.00,60.00,-9.00,5.40,81.5,4376.20,4381.20,4375.80,4380.60,52,34,86,18.00,31.00,-2.00,1.10,63.6,0,0,0.7222,0.0169,131.00,183.00,4385.31,-0.9499,DOWN,122.40,0.7026,1.5410
20260901 220057 722,4381.10,1,4380.60,4381.10,0.50,4380.60,2,4380.50,1,4380.40,4,4380.30,2,4380.20,2,4380.10,3,4380.00,4,4379.80,2,4379.70,2,4379.40,5,4381.10,2,4381.20,2,4381.40,4,4381.50,5,4381.60,4,4381.90,4,4382.00,1,4382.10,3,4382.20,1,4382.30,2,Buy,215,155,370,60.00,60.00,-9.00,5.40,90.7,4376.20,4381.20,4375.80,4381.10,52,34,86,18.00,31.00,-2.00,1.10,63.6,0,0,0.7222,0.0000,132.00,184.00,4385.36,-0.9340,DOWN,122.40,0.7026,1.5410
20260901 220057 722,4380.60,1,4380.60,4381.10,0.50,4380.60,2,4380.50,1,4380.40,4,4380.30,2,4380.20,2,4380.10,3,4380.00,4,4379.80,2,4379.70,2,4379.40,5,4381.10,2,4381.20,2,4381.40,4,4381.50,5,4381.60,4,4381.90,4,4382.00,1,4382.10,3,4382.20,1,4382.30,2,Buy,216,155,371,61.00,61.00,-9.00,5.40,81.5,4376.20,4381.20,4375.80,4380.60,52,34,86,18.00,31.00,-2.00,1.10,63.6,0,0,0.7222,0.0000,133.00,185.00,4385.31,-0.9499,DOWN,122.40,0.7026,1.5410
20260901 220057 722,4381.10,1,4380.60,4381.10,0.50,4380.60,2,4380.50,1,4380.40,4,4380.30,2,4380.20,2,4380.10,3,4380.00,4,4379.80,2,4379.70,2,4379.40,5,4381.10,2,4381.20,2,4381.40,4,4381.50,5,4381.60,4,4381.90,4,4382.00,1,4382.10,3,4382.20,1,4382.30,2,Buy,217,155,372,62.00,62.00,-9.00,5.40,90.7,4376.20,4381.20,4375.80,4381.10,52,34,86,18.00,31.00,-2.00,1.10,63.6,0,0,0.7222,0.0000,134.00,186.00,4385.36,-0.9340,DOWN,122.40,0.7026,1.5410
20260901 220057 722,4381.20,1,4380.60,4381.10,0.50,4380.60,2,4380.50,1,4380.40,4,4380.30,2,4380.20,2,4380.10,3,4380.00,4,4379.80,2,4379.70,2,4379.40,5,4381.10,2,4381.20,2,4381.40,4,4381.50,5,4381.60,4,4381.90,4,4382.00,1,4382.10,3,4382.20,1,4382.30,2,Buy,218,155,373,63.00,63.00,-9.00,5.40,92.6,4376.20,4381.20,4375.80,4381.20,52,34,86,18.00,31.00,-2.00,1.10,63.6,0,0,0.7222,0.0000,135.00,187.00,4385.37,-0.9308,DOWN,122.40,0.7026,1.5410
20260901 220058 841,4381.10,1,4380.60,4381.30,0.70,4380.60,2,4380.50,1,4380.40,3,4380.30,2,4380.20,2,4380.10,3,4380.00,4,4379.80,2,4379.70,2,4379.50,1,4381.30,1,4381.40,4,4381.50,5,4381.60,4,4381.90,5,4382.00,1,4382.10,3,4382.20,1,4382.30,2,4382.40,5,Buy,219,155,374,64.00,64.00,-9.00,5.40,90.7,4376.20,4381.20,4375.80,4381.10,52,34,86,18.00,31.00,-2.00,1.10,63.6,0,0,0.7222,0.0000,136.00,188.00,4385.36,-0.9340,DOWN,122.40,0.7026,1.5410
20260901 220058 883,4381.10,1,4380.60,4381.30,0.70,4380.60,2,4380.50,1,4380.40,3,4380.30,2,4380.20,2,4380.10,3,4380.00,4,4379.80,2,4379.70,2,4379.50,1,4381.30,1,4381.40,4,4381.50,5,4381.60,4,4381.90,5,4382.00,1,4382.10,3,4382.20,1,4382.30,2,4382.40,5,Buy,220,155,375,65.00,65.00,-9.00,5.40,90.7,4376.20,4381.20,4375.80,4381.10,52,34,86,18.00,31.00,-2.00,1.10,63.6,0,0,0.7222,0.0000,137.00,189.00,4385.36,-0.9340,DOWN,122.40,0.7026,1.5410
20260901 220058 883,4381.20,1,4380.60,4381.30,0.70,4380.60,2,4380.50,1,4380.40,3,4380.30,2,4380.20,2,4380.10,3,4380.00,4,4379.80,2,4379.70,2,4379.50,1,4381.30,1,4381.40,4,4381.50,5,4381.60,4,4381.90,5,4382.00,1,4382.10,3,4382.20,1,4382.30,2,4382.40,5,Buy,221,155,376,66.00,66.00,-9.00,5.40,92.6,4376.20,4381.20,4375.80,4381.20,52,34,86,18.00,31.00,-2.00,1.10,63.6,0,0,0.7222,0.0000,138.00,190.00,4385.37,-0.9308,DOWN,122.40,0.7026,1.5410
20260901 220058 883,4381.20,1,4380.60,4381.30,0.70,4380.60,2,4380.50,1,4380.40,3,4380.30,2,4380.20,2,4380.10,3,4380.00,4,4379.80,2,4379.70,2,4379.50,1,4381.30,1,4381.40,4,4381.50,5,4381.60,4,4381.90,5,4382.00,1,4382.10,3,4382.20,1,4382.30,2,4382.40,5,Buy,222,155,377,67.00,67.00,-9.00,5.40,92.6,4376.20,4381.20,4375.80,4381.20,52,34,86,18.00,31.00,-2.00,1.10,63.6,0,0,0.7222,0.0000,139.00,191.00,4385.37,-0.9308,DOWN,122.40,0.7026,1.5410
20260901 220058 955,4381.30,1,4380.60,4381.30,0.70,4380.60,2,4380.50,1,4380.40,4,4380.30,2,4380.20,2,4380.10,3,4380.00,4,4379.80,2,4379.70,2,4379.50,1,4381.30,2,4381.40,4,4381.50,5,4381.60,4,4381.90,5,4382.00,1,4382.10,3,4382.20,1,4382.30,2,4382.40,5,Buy,223,155,378,68.00,68.00,-9.00,5.50,92.7,4376.20,4381.30,4375.80,4381.30,52,34,86,18.00,31.00,-2.00,1.10,63.6,0,0,0.7222,0.0000,140.00,192.00,4385.38,-0.9277,DOWN,122.40,0.7026,1.5481
20260901 220059 062,4380.60,1,4380.40,4381.10,0.70,4380.40,2,4380.30,2,4380.20,2,4380.10,3,4380.00,4,4379.80,2,4379.70,2,4379.50,1,4379.40,5,4379.30,1,4381.10,2,4381.20,3,4381.30,2,4381.40,4,4381.50,5,4381.60,4,4381.90,5,4382.00,2,4382.10,3,4382.20,1,Sell,223,156,379,67.00,68.00,-9.00,5.50,80.0,4376.20,4381.30,4375.80,4380.60,52,34,86,18.00,31.00,-2.00,1.10,63.6,0,0,0.7222,0.0149,139.00,191.00,4385.31,-0.9499,DOWN,122.40,0.7026,1.5481
20260901 220059 062,4380.60,1,4380.40,4381.10,0.70,4380.40,2,4380.30,2,4380.20,2,4380.10,3,4380.00,4,4379.80,2,4379.70,2,4379.50,1,4379.40,5,4379.30,1,4381.10,2,4381.20,3,4381.30,2,4381.40,4,4381.50,5,4381.60,4,4381.90,5,4382.00,2,4382.10,3,4382.20,1,Sell,223,157,380,66.00,68.00,-9.00,5.50,80.0,4376.20,4381.30,4375.80,4380.60,52,34,86,18.00,31.00,-2.00,1.10,63.6,0,0,0.7222,0.0303,138.00,190.00,4385.31,-0.9499,DOWN,122.40,0.7026,1.5481
20260901 220059 062,4380.50,1,4380.40,4381.10,0.70,4380.40,2,4380.30,2,4380.20,2,4380.10,3,4380.00,4,4379.80,2,4379.70,2,4379.50,1,4379.40,5,4379.30,1,4381.10,2,4381.20,3,4381.30,2,4381.40,4,4381.50,5,4381.60,4,4381.90,5,4382.00,2,4382.10,3,4382.20,1,Sell,223,158,381,65.00,68.00,-9.00,5.50,78.2,4376.20,4381.30,4375.80,4380.50,52,34,86,18.00,31.00,-2.00,1.10,63.6,0,0,0.7222,0.0462,137.00,189.00,4385.30,-0.9531,DOWN,122.40,0.7026,1.5481
20260901 220059 062,4380.40,1,4380.40,4381.10,0.70,4380.40,2,4380.30,2,4380.20,2,4380.10,3,4380.00,4,4379.80,2,4379.70,2,4379.50,1,4379.40,5,4379.30,1,4381.10,2,4381.20,3,4381.30,2,4381.40,4,4381.50,5,4381.60,4,4381.90,5,4382.00,2,4382.10,3,4382.20,1,Sell,223,159,382,64.00,68.00,-9.00,5.50,76.4,4376.20,4381.30,4375.80,4380.40,52,34,86,18.00,31.00,-2.00,1.10,63.6,0,0,0.7222,0.0625,136.00,188.00,4385.29,-0.9562,DOWN,122.40,0.7026,1.5481
20260901 220059 205,4381.10,1,4380.60,4381.10,0.50,4380.60,2,4380.50,1,4380.40,2,4380.30,2,4380.20,2,4380.10,3,4380.00,4,4379.80,2,4379.70,2,4379.50,1,4381.10,2,4381.20,2,4381.30,2,4381.40,4,4381.50,5,4381.60,4,4381.90,5,4382.00,2,4382.10,3,4382.20,1,Buy,224,159,383,65.00,68.00,-9.00,5.50,89.1,4376.20,4381.30,4375.80,4381.10,52,34,86,18.00,31.00,-2.00,1.10,63.6,0,0,0.7222,0.0462,137.00,189.00,4385.36,-0.9340,DOWN,122.40,0.7026,1.5481
20260901 220101 089,4381.10,1,4380.60,4381.10,0.50,4380.60,3,4380.50,1,4380.40,2,4380.30,2,4380.20,2,4380.10,3,4380.00,4,4379.80,2,4379.70,2,4379.50,1,4381.10,2,4381.20,2,4381.30,1,4381.40,4,4381.50,5,4381.60,4,4381.90,5,4382.00,2,4382.10,3,4382.20,1,Buy,1,0,1,1.00,1.00,1.00,0.00,0.0,4381.10,4381.10,4381.10,4381.10,224,159,383,65.00,68.00,-9.00,5.50,89.1,168,348,0.0462,0.0000,123.00,167.00,4385.36,-0.9340,DOWN,85.05,4.5032,1.4375
20260901 220101 310,4381.10,1,4380.70,4381.10,0.40,4380.70,1,4380.60,2,4380.50,1,4380.40,2,4380.30,2,4380.20,2,4380.10,3,4380.00,4,4379.70,2,4379.50,1,4381.10,2,4381.20,2,4381.30,1,4381.40,4,4381.50,5,4381.60,4,4381.90,5,4382.00,2,4382.10,3,4382.20,1,Buy,2,0,2,2.00,2.00,1.00,0.00,0.0,4381.10,4381.10,4381.10,4381.10,224,159,383,65.00,68.00,-9.00,5.50,89.1,168,348,0.0462,0.0000,124.00,168.00,4385.36,-0.9340,DOWN,85.05,4.5032,1.4375
20260901 220101 622,4380.60,1,4380.60,4381.00,0.40,4380.60,2,4380.50,1,4380.40,2,4380.30,2,4380.20,2,4380.10,3,4380.00,4,4379.70,2,4379.50,1,4379.40,5,4381.00,1,4381.10,2,4381.20,3,4381.30,1,4381.40,4,4381.50,5,4381.60,4,4381.90,5,4382.00,2,4382.10,3,Sell,2,1,3,1.00,2.00,1.00,0.50,100.0,4381.10,4381.10,4380.60,4380.60,224,159,383,65.00,68.00,-9.00,5.50,89.1,168,348,0.0462,1.0000,123.00,167.00,4385.31,-0.9499,DOWN,85.05,4.5032,1.4733
20260901 220102 129,4381.00,1,4380.60,4381.00,0.40,4380.60,2,4380.50,1,4380.40,2,4380.30,2,4380.20,2,4380.10,3,4380.00,4,4379.70,2,4379.50,1,4379.40,5,4381.10,2,4381.20,3,4381.30,1,4381.40,3,4381.50,5,4381.60,5,4381.90,5,4382.00,2,4382.10,3,4382.20,1,Buy,3,1,4,2.00,2.00,1.00,0.50,20.0,4381.10,4381.10,4380.60,4381.00,224,159,383,65.00,68.00,-9.00,5.50,89.1,168,348,0.0462,0.0000,124.00,168.00,4385.35,-0.9372,DOWN,85.05,4.5032,1.4733
20260901 220102 795,4380.60,1,4380.40,4380.90,0.50,4380.40,2,4380.20,2,4380.10,3,4380.00,4,4379.70,2,4379.40,5,4379.30,1,4379.20,4,4379.10,4,4379.00,4,4380.90,1,4381.00,2,4381.10,3,4381.20,3,4381.40,3,4381.50,5,4381.60,5,4381.90,7,4382.00,3,4382.10,2,Sell,3,2,5,1.00,2.00,1.00,0.50,100.0,4381.10,4381.10,4380.60,4380.60,224,159,383,65.00,68.00,-9.00,5.50,89.1,168,348,0.0462,1.0000,123.00,167.00,4385.31,-0.9499,DOWN,85.05,4.5032,1.4733
20260901 220102 795,4380.60,1,4380.40,4380.90,0.50,4380.40,2,4380.20,2,4380.10,3,4380.00,4,4379.70,2,4379.40,5,4379.30,1,4379.20,4,4379.10,4,4379.00,4,4380.90,1,4381.00,2,4381.10,3,4381.20,3,4381.40,3,4381.50,5,4381.60,5,4381.90,7,4382.00,3,4382.10,2,Sell,3,3,6,0.00,2.00,0.00,0.50,100.0,4381.10,4381.10,4380.60,4380.60,224,159,383,65.00,68.00,-9.00,5.50,89.1,168,348,0.0462,2.0000,122.00,166.00,4385.31,-0.9499,DOWN,85.05,4.5032,1.4733
20260901 220103 473,4380.40,1,4380.40,4380.90,0.50,4380.40,1,4380.30,1,4380.20,2,4380.10,4,4380.00,4,4379.70,2,4379.40,5,4379.30,1,4379.20,4,4379.10,4,4380.90,1,4381.00,1,4381.10,3,4381.20,3,4381.40,3,4381.50,5,4381.60,5,4381.90,7,4382.00,3,4382.10,2,Sell,3,4,7,-1.00,2.00,-1.00,0.70,100.0,4381.10,4381.10,4380.40,4380.40,224,159,383,65.00,68.00,-9.00,5.50,89.1,168,348,0.0462,0.0000,121.00,165.00,4385.29,-0.9562,DOWN,85.05,4.5032,1.4875
20260901 220103 536,4380.90,1,4380.50,4381.00,0.50,4380.50,1,4380.40,1,4380.30,1,4380.20,2,4380.10,4,4380.00,4,4379.70,2,4379.40,5,4379.30,1,4379.20,4,4381.00,1,4381.10,3,4381.20,3,4381.40,3,4381.50,5,4381.60,5,4381.90,7,4382.00,3,4382.10,2,4382.20,1,Buy,4,4,8,0.00,2.00,-1.00,0.70,28.6,4381.10,4381.10,4380.40,4380.90,224,159,383,65.00,68.00,-9.00,5.50,89.1,168,348,0.0462,2.0000,122.00,166.00,4385.34,-0.9404,DOWN,85.05,4.5032,1.4875
20260901 220103 784,4381.00,1,4380.50,4381.10,0.60,4380.50,1,4380.40,1,4380.30,1,4380.20,2,4380.10,4,4380.00,4,4379.70,2,4379.40,5,4379.30,1,4379.20,4,4381.10,4,4381.20,3,4381.40,3,4381.50,6,4381.60,5,4381.90,7,4382.00,3,4382.10,2,4382.20,1,4382.30,2,Buy,5,4,9,1.00,2.00,-1.00,0.70,14.3,4381.10,4381.10,4380.40,4381.00,224,159,383,65.00,68.00,-9.00,5.50,89.1,168,348,0.0462,1.0000,123.00,167.00,4385.35,-0.9372,DOWN,85.05,4.5032,1.4875
20260901 220104 614,4380.50,1,4380.40,4380.90,0.50,4380.50,1,4380.30,1,4380.20,2,4380.10,4,4380.00,4,4379.70,7,4379.40,5,4379.30,1,4379.20,4,4379.10,4,4380.90,2,4381.10,4,4381.20,3,4381.40,3,4381.50,6,4381.60,5,4381.70,6,4381.80,5,4381.90,7,4382.00,3,Sell,5,5,10,0.00,2.00,-1.00,0.70,85.7,4381.10,4381.10,4380.40,4380.50,224,159,383,65.00,68.00,-9.00,5.50,89.1,168,348,0.0462,2.0000,122.00,166.00,4385.30,-0.9531,DOWN,85.05,4.5032,1.4875
20260901 220104 614,4380.40,1,4380.40,4380.90,0.50,4380.50,1,4380.30,1,4380.20,2,4380.10,4,4380.00,4,4379.70,7,4379.40,5,4379.30,1,4379.20,4,4379.10,4,4380.90,2,4381.10,4,4381.20,3,4381.40,3,4381.50,6,4381.60,5,4381.70,6,4381.80,5,4381.90,7,4382.00,3,Sell,5,6,11,-1.00,2.00,-1.00,0.70,100.0,4381.10,4381.10,4380.40,4380.40,224,159,383,65.00,68.00,-9.00,5.50,89.1,168,348,0.0462,0.0000,121.00,165.00,4385.29,-0.9562,DOWN,85.05,4.5032,1.4875
20260901 220105 008,4380.30,1,4379.50,4380.30,0.80,4379.50,3,4379.40,3,4379.30,3,4379.20,4,4379.10,3,4379.00,2,4378.90,2,4378.80,5,4378.70,5,4378.60,2,4380.30,1,4380.40,1,4380.50,2,4380.70,1,4380.80,5,4381.10,7,4381.20,2,4381.30,5,4381.40,8,4381.50,11,Sell,5,7,12,-2.00,2.00,-2.00,0.80,100.0,4381.10,4381.10,4380.30,4380.30,224,159,383,65.00,68.00,-9.00,5.50,89.1,168,348,0.0462,0.0000,120.00,164.00,4385.28,-0.9594,DOWN,85.05,4.5032,1.4947
20260901 220105 009,4380.20,1,4379.50,4380.30,0.80,4379.50,3,4379.40,3,4379.30,3,4379.20,4,4379.10,3,4379.00,2,4378.90,2,4378.80,5,4378.70,5,4378.60,2,4380.30,1,4380.40,1,4380.50,2,4380.70,1,4380.80,5,4381.10,7,4381.20,2,4381.30,5,4381.40,8,4381.50,11,Sell,5,8,13,-3.00,2.00,-3.00,0.90,100.0,4381.10,4381.10,4380.20,4380.20,224,159,383,65.00,68.00,-9.00,5.50,89.1,168,348,0.0462,0.0000,119.00,163.00,4385.27,-0.9626,DOWN,85.05,4.5032,1.5018
20260901 220105 009,4380.10,1,4379.50,4380.30,0.80,4379.50,3,4379.40,3,4379.30,3,4379.20,4,4379.10,3,4379.00,2,4378.90,2,4378.80,5,4378.70,5,4378.60,2,4380.30,1,4380.40,1,4380.50,2,4380.70,1,4380.80,5,4381.10,7,4381.20,2,4381.30,5,4381.40,8,4381.50,11,Sell,5,9,14,-4.00,2.00,-4.00,1.00,100.0,4381.10,4381.10,4380.10,4380.10,224,159,383,65.00,68.00,-9.00,5.50,89.1,168,348,0.0462,0.0000,118.00,162.00,4385.26,-0.9658,DOWN,85.05,4.5032,1.5090
20260901 220105 009,4380.10,1,4379.50,4380.30,0.80,4379.50,3,4379.40,3,4379.30,3,4379.20,4,4379.10,3,4379.00,2,4378.90,2,4378.80,5,4378.70,5,4378.60,2,4380.30,1,4380.40,1,4380.50,2,4380.70,1,4380.80,5,4381.10,7,4381.20,2,4381.30,5,4381.40,8,4381.50,11,Sell,5,10,15,-5.00,2.00,-5.00,1.00,100.0,4381.10,4381.10,4380.10,4380.10,224,159,383,65.00,68.00,-9.00,5.50,89.1,168,348,0.0462,0.0000,117.00,161.00,4385.26,-0.9658,DOWN,85.05,4.5032,1.5090
20260901 220105 019,4379.70,1,4379.50,4380.30,0.80,4379.50,3,4379.40,3,4379.30,3,4379.20,4,4379.10,3,4379.00,2,4378.90,2,4378.80,5,4378.70,5,4378.60,2,4380.30,1,4380.40,1,4380.50,2,4380.70,1,4380.80,5,4381.10,7,4381.20,2,4381.30,5,4381.40,8,4381.50,11,Sell,5,11,16,-6.00,2.00,-6.00,1.40,100.0,4381.10,4381.10,4379.70,4379.70,224,159,383,65.00,68.00,-9.00,5.50,89.1,168,348,0.0462,0.0000,116.00,160.00,4385.22,-0.9785,DOWN,85.05,4.5032,1.5375
20260901 220105 047,4379.60,1,4379.50,4380.30,0.80,4379.50,3,4379.40,3,4379.30,3,4379.20,4,4379.10,3,4379.00,2,4378.90,2,4378.80,5,4378.70,5,4378.60,2,4380.30,1,4380.40,1,4380.50,2,4380.70,1,4380.80,5,4381.10,7,4381.20,2,4381.30,5,4381.40,8,4381.50,11,Buy,6,11,17,-5.00,2.00,-6.00,1.50,100.0,4381.10,4381.10,4379.60,4379.60,224,159,383,65.00,68.00,-9.00,5.50,89.1,168,348,0.0462,0.2000,117.00,161.00,4385.21,-0.9816,DOWN,85.05,4.5032,1.5447
20260901 220105 047,4379.70,1,4379.50,4380.30,0.80,4379.50,3,4379.40,3,4379.30,3,4379.20,4,4379.10,3,4379.00,2,4378.90,2,4378.80,5,4378.70,5,4378.60,2,4380.30,1,4380.40,1,4380.50,2,4380.70,1,4380.80,5,4381.10,7,4381.20,2,4381.30,5,4381.40,8,4381.50,11,Buy,7,11,18,-4.00,2.00,-6.00,1.50,93.3,4381.10,4381.10,4379.60,4379.70,224,159,383,65.00,68.00,-9.00,5.50,89.1,168,348,0.0462,0.5000,118.00,162.00,4385.22,-0.9785,DOWN,85.05,4.5032,1.5447
20260901 220105 047,4379.90,1,4379.50,4380.30,0.80,4379.50,3,4379.40,3,4379.30,3,4379.20,4,4379.10,3,4379.00,2,4378.90,2,4378.80,5,4378.70,5,4378.60,2,4380.30,1,4380.40,1,4380.50,2,4380.70,1,4380.80,5,4381.10,7,4381.20,2,4381.30,5,4381.40,8,4381.50,11,Buy,8,11,19,-3.00,2.00,-6.00,1.50,80.0,4381.10,4381.10,4379.60,4379.90,224,159,383,65.00,68.00,-9.00,5.50,89.1,168,348,0.0462,1.0000,119.00,163.00,4385.24,-0.9721,DOWN,85.05,4.5032,1.5447
20260901 220105 047,4380.00,1,4379.50,4380.30,0.80,4379.50,3,4379.40,3,4379.30,3,4379.20,4,4379.10,3,4379.00,2,4378.90,2,4378.80,5,4378.70,5,4378.60,2,4380.30,1,4380.40,1,4380.50,2,4380.70,1,4380.80,5,4381.10,7,4381.20,2,4381.30,5,4381.40,8,4381.50,11,Buy,9,11,20,-2.00,2.00,-6.00,1.50,73.3,4381.10,4381.10,4379.60,4380.00,224,159,383,65.00,68.00,-9.00,5.50,89.1,168,348,0.0462,2.0000,120.00,164.00,4385.25,-0.9689,DOWN,85.05,4.5032,1.5447
20260901 220105 047,4380.00,1,4379.50,4380.30,0.80,4379.50,3,4379.40,3,4379.30,3,4379.20,4,4379.10,3,4379.00,2,4378.90,2,4378.80,5,4378.70,5,4378.60,2,4380.30,1,4380.40,1,4380.50,2,4380.70,1,4380.80,5,4381.10,7,4381.20,2,4381.30,5,4381.40,8,4381.50,11,Buy,10,11,21,-1.00,2.00,-6.00,1.50,73.3,4381.10,4381.10,4379.60,4380.00,224,159,383,65.00,68.00,-9.00,5.50,89.1,168,348,0.0462,5.0000,121.00,165.00,4385.25,-0.9689,DOWN,85.05,4.5032,1.5447
20260901 220105 047,4380.10,1,4379.50,4380.30,0.80,4379.50,3,4379.40,3,4379.30,3,4379.20,4,4379.10,3,4379.00,2,4378.90,2,4378.80,5,4378.70,5,4378.60,2,4380.30,1,4380.40,1,4380.50,2,4380.70,1,4380.80,5,4381.10,7,4381.20,2,4381.30,5,4381.40,8,4381.50,11,Buy,11,11,22,0.00,2.00,-6.00,1.50,66.7,4381.10,4381.10,4379.60,4380.10,224,159,383,65.00,68.00,-9.00,5.50,89.1,168,348,0.0462,2.0000,122.00,166.00,4385.26,-0.9658,DOWN,85.05,4.5032,1.5447
20260901 220105 047,4380.10,1,4379.50,4380.30,0.80,4379.50,3,4379.40,3,4379.30,3,4379.20,4,4379.10,3,4379.00,2,4378.90,2,4378.80,5,4378.70,5,4378.60,2,4380.30,1,4380.40,1,4380.50,2,4380.70,1,4380.80,5,4381.10,7,4381.20,2,4381.30,5,4381.40,8,4381.50,11,Buy,12,11,23,1.00,2.00,-6.00,1.50,66.7,4381.10,4381.10,4379.60,4380.10,224,159,383,65.00,68.00,-9.00,5.50,89.1,168,348,0.0462,1.0000,123.00,167.00,4385.26,-0.9658,DOWN,85.05,4.5032,1.5447
20260901 220105 047,4380.10,1,4379.50,4380.30,0.80,4379.50,3,4379.40,3,4379.30,3,4379.20,4,4379.10,3,4379.00,2,4378.90,2,4378.80,5,4378.70,5,4378.60,2,4380.30,1,4380.40,1,4380.50,2,4380.70,1,4380.80,5,4381.10,7,4381.20,2,4381.30,5,4381.40,8,4381.50,11,Buy,13,11,24,2.00,2.00,-6.00,1.50,66.7,4381.10,4381.10,4379.60,4380.10,224,159,383,65.00,68.00,-9.00,5.50,89.1,168,348,0.0462,0.0000,124.00,168.00,4385.26,-0.9658,DOWN,85.05,4.5032,1.5447
20260901 220105 047,4379.00,1,4379.50,4380.30,0.80,4379.50,3,4379.40,3,4379.30,3,4379.20,4,4379.10,3,4379.00,2,4378.90,2,4378.80,5,4378.70,5,4378.60,2,4380.30,1,4380.40,1,4380.50,2,4380.70,1,4380.80,5,4381.10,7,4381.20,2,4381.30,5,4381.40,8,4381.50,11,Sell,13,12,25,1.00,2.00,-6.00,2.10,100.0,4381.10,4381.10,4379.00,4379.00,224,159,383,65.00,68.00,-9.00,5.50,89.1,168,348,0.0462,1.0000,123.00,167.00,4385.16,-1.0007,DOWN,85.05,4.5032,1.5875
20260901 220105 122,4379.70,2,4379.60,4380.10,0.50,4379.70,2,4379.60,1,4379.50,3,4379.40,4,4379.30,3,4379.20,5,4379.10,4,4379.00,2,4378.90,7,4378.80,5,4380.20,1,4380.30,1,4380.40,2,4380.50,3,4380.70,1,4380.80,5,4380.90,5,4381.00,5,4381.10,7,4381.20,2,Sell,13,14,27,-1.00,2.00,-6.00,2.10,66.7,4381.10,4381.10,4379.00,4379.70,224,159,383,65.00,68.00,-9.00,5.50,89.1,168,348,0.0462,5.0000,121.00,165.00,4385.22,-0.9785,DOWN,85.05,4.5032,1.5875
20260901 220105 124,4379.60,1,4379.60,4380.10,0.50,4379.70,2,4379.60,1,4379.50,3,4379.40,4,4379.30,3,4379.20,5,4379.10,4,4379.00,2,4378.90,7,4378.80,5,4380.20,1,4380.30,1,4380.40,2,4380.50,3,4380.70,1,4380.80,5,4380.90,5,4381.00,5,4381.10,7,4381.20,2,Sell,13,15,28,-2.00,2.00,-6.00,2.10,71.4,4381.10,4381.10,4379.00,4379.60,224,159,383,65.00,68.00,-9.00,5.50,89.1,168,348,0.0462,2.0000,120.00,164.00,4385.21,-0.9816,DOWN,85.05,4.5032,1.5875
20260901 220105 348,4379.50,2,4379.50,4380.10,0.60,4379.50,1,4379.40,1,4379.30,2,4379.20,4,4379.10,4,4379.00,2,4378.90,7,4378.80,6,4378.70,5,4378.60,7,4380.10,2,4380.20,1,4380.30,1,4380.40,2,4380.50,3,4380.70,1,4380.80,5,4380.90,5,4381.00,5,4381.10,9,Sell,13,17,30,-4.00,2.00,-6.00,2.10,76.2,4381.10,4381.10,4379.00,4379.50,224,159,383,65.00,68.00,-9.00,5.50,89.1,168,348,0.0462,0.5000,118.00,162.00,4385.20,-0.9848,DOWN,85.05,4.5032,1.5875
20260901 220105 444,4380.10,1,4379.50,4380.10,0.60,4379.50,1,4379.40,1,4379.30,2,4379.20,4,4379.10,4,4379.00,2,4378.90,7,4378.80,6,4378.70,5,4378.60,7,4380.10,3,4380.20,1,4380.30,2,4380.40,2,4380.50,3,4380.70,1,4380.80,5,4380.90,5,4381.00,5,4381.10,9,Buy,14,17,31,-3.00,2.00,-6.00,2.10,47.6,4381.10,4381.10,4379.00,4380.10,224,159,383,65.00,68.00,-9.00,5.50,89.1,168,348,0.0462,1.0000,119.00,163.00,4385.26,-0.9658,DOWN,85.05,4.5032,1.5875
20260901 220106 408,4379.30,1,4379.30,4379.90,0.60,4379.20,3,4379.10,3,4379.00,2,4378.90,2,4378.80,6,4378.70,6,4378.60,7,4378.50,3,4378.40,2,4378.30,6,4379.90,3,4380.00,1,4380.10,4,4380.20,1,4380.30,1,4380.40,1,4380.50,3,4380.70,1,4380.80,5,4380.90,7,Sell,14,18,32,-4.00,2.00,-6.00,2.10,85.7,4381.10,4381.10,4379.00,4379.30,224,159,383,65.00,68.00,-9.00,5.50,89.1,168,348,0.0462,0.5000,118.00,162.00,4385.19,-0.9912,DOWN,85.05,4.5032,1.5875
20260901 220106 408,4379.20,1,4379.30,4379.90,0.60,4379.20,3,4379.10,3,4379.00,2,4378.90,2,4378.80,6,4378.70,6,4378.60,7,4378.50,3,4378.40,2,4378.30,6,4379.90,3,4380.00,1,4380.10,4,4380.20,1,4380.30,1,4380.40,1,4380.50,3,4380.70,1,4380.80,5,4380.90,7,Sell,14,19,33,-5.00,2.00,-6.00,2.10,90.5,4381.10,4381.10,4379.00,4379.20,224,159,383,65.00,68.00,-9.00,5.50,89.1,168,348,0.0462,0.2000,117.00,161.00,4385.18,-0.9943,DOWN,85.05,4.5032,1.5875
20260901 220106 612,4379.90,2,4379.30,4379.90,0.60,4379.40,2,4379.20,3,4379.10,3,4379.00,2,4378.90,2,4378.80,6,4378.70,6,4378.60,7,4378.50,3,4378.40,2,4379.80,1,4379.90,1,4380.00,1,4380.10,4,4380.20,1,4380.30,1,4380.40,1,4380.50,3,4380.70,1,4380.80,5,Buy,16,19,35,-3.00,2.00,-6.00,2.10,57.1,4381.10,4381.10,4379.00,4379.90,224,159,383,65.00,68.00,-9.00,5.50,89.1,168,348,0.0462,1.0000,119.00,163.00,4385.24,-0.9721,DOWN,85.05,4.5032,1.5875
20260901 220107 978,4379.40,1,4379.30,4379.80,0.50,4379.20,2,4379.10,2,4379.00,2,4378.90,2,4378.80,6,4378.70,6,4378.60,7,4378.50,3,4378.40,2,4378.30,6,4379.80,2,4379.90,1,4380.00,1,4380.10,5,4380.20,1,4380.30,1,4380.40,1,4380.50,3,4380.70,1,4380.80,6,Sell,16,20,36,-4.00,2.00,-6.00,2.10,81.0,4381.10,4381.10,4379.00,4379.40,224,159,383,65.00,68.00,-9.00,5.50,89.1,168,348,0.0462,0.5000,118.00,162.00,4385.19,-0.9880,DOWN,85.05,4.5032,1.5875
20260901 220107 979,4379.30,1,4379.30,4379.80,0.50,4379.20,2,4379.10,2,4379.00,2,4378.90,2,4378.80,6,4378.70,6,4378.60,7,4378.50,3,4378.40,2,4378.30,6,4379.80,2,4379.90,1,4380.00,1,4380.10,5,4380.20,1,4380.30,1,4380.40,1,4380.50,3,4380.70,1,4380.80,6,Sell,16,21,37,-5.00,2.00,-6.00,2.10,85.7,4381.10,4381.10,4379.00,4379.30,224,159,383,65.00,68.00,-9.00,5.50,89.1,168,348,0.0462,0.2000,117.00,161.00,4385.19,-0.9912,DOWN,85.05,4.5032,1.5875
20260901 220108 483,4379.80,2,4379.50,4379.90,0.40,4379.50,1,4379.40,4,4379.30,2,4379.20,4,4379.10,3,4379.00,2,4378.90,2,4378.80,6,4378.70,6,4378.60,7,4379.90,2,4380.00,1,4380.10,4,4380.20,1,4380.30,1,4380.40,1,4380.50,3,4380.70,1,4380.80,6,4380.90,7,Buy,18,21,39,-3.00,2.00,-6.00,2.10,61.9,4381.10,4381.10,4379.00,4379.80,224,159,383,65.00,68.00,-9.00,5.50,89.1,168,348,0.0462,1.0000,119.00,163.00,4385.23,-0.9753,DOWN,85.05,4.5032,1.5875
20260901 220108 483,4379.90,1,4379.50,4379.90,0.40,4379.50,1,4379.40,4,4379.30,2,4379.20,4,4379.10,3,4379.00,2,4378.90,2,4378.80,6,4378.70,6,4378.60,7,4379.90,2,4380.00,1,4380.10,4,4380.20,1,4380.30,1,4380.40,1,4380.50,3,4380.70,1,4380.80,6,4380.90,7,Buy,19,21,40,-2.00,2.00,-6.00,2.10,57.1,4381.10,4381.10,4379.00,4379.90,224,159,383,65.00,68.00,-9.00,5.50,89.1,168,348,0.0462,2.0000,120.00,164.00,4385.24,-0.9721,DOWN,85.05,4.5032,1.5875
20260901 220108 554,4379.90,1,4379.40,4379.90,0.50,4379.40,5,4379.30,2,4379.20,4,4379.10,3,4379.00,2,4378.90,2,4378.80,6,4378.70,6,4378.60,7,4378.50,3,4379.90,1,4380.00,1,4380.10,4,4380.20,1,4380.30,1,4380.40,1,4380.50,3,4380.70,1,4380.80,6,4380.90,7,Buy,20,21,41,-1.00,2.00,-6.00,2.10,57.1,4381.10,4381.10,4379.00,4379.90,224,159,383,65.00,68.00,-9.00,5.50,89.1,168,348,0.0462,5.0000,121.00,165.00,4385.24,-0.9721,DOWN,85.05,4.5032,1.5875
20260901 220109 382,4379.40,1,4379.40,4379.90,0.50,4379.60,1,4379.50,1,4379.40,4,4379.30,2,4379.20,4,4379.10,3,4379.00,2,4378.90,2,4378.80,6,4378.70,6,4379.90,1,4380.00,1,4380.10,3,4380.20,1,4380.30,1,4380.40,1,4380.50,3,4380.70,1,4380.80,6,4380.90,7,Sell,20,22,42,-2.00,2.00,-6.00,2.10,81.0,4381.10,4381.10,4379.00,4379.40,224,159,383,65.00,68.00,-9.00,5.50,89.1,168,348,0.0462,2.0000,120.00,164.00,4385.19,-0.9880,DOWN,85.05,4.5032,1.5875
20260901 220109 541,4379.90,1,4379.60,4380.10,0.50,4379.60,3,4379.40,5,4379.20,4,4379.10,3,4379.00,7,4378.90,7,4378.80,6,4378.70,6,4378.60,7,4378.50,3,4380.10,2,4380.20,1,4380.30,1,4380.40,1,4380.50,3,4380.70,1,4380.80,5,4380.90,5,4381.00,5,4381.10,9,Buy,21,22,43,-1.00,2.00,-6.00,2.10,57.1,4381.10,4381.10,4379.00,4379.90,224,159,383,65.00,68.00,-9.00,5.50,89.1,168,348,0.0462,5.0000,121.00,165.00,4385.24,-0.9721,DOWN,85.05,4.5032,1.5875
20260901 220109 541,4380.00,1,4379.60,4380.10,0.50,4379.60,3,4379.40,5,4379.20,4,4379.10,3,4379.00,7,4378.90,7,4378.80,6,4378.70,6,4378.60,7,4378.50,3,4380.10,2,4380.20,1,4380.30,1,4380.40,1,4380.50,3,4380.70,1,4380.80,5,4380.90,5,4381.00,5,4381.10,9,Buy,22,22,44,0.00,2.00,-6.00,2.10,52.4,4381.10,4381.10,4379.00,4380.00,224,159,383,65.00,68.00,-9.00,5.50,89.1,168,348,0.0462,2.0000,122.00,166.00,4385.25,-0.9689,DOWN,85.05,4.5032,1.5875
20260901 220109 542,4379.70,1,4379.60,4380.10,0.50,4379.60,3,4379.40,5,4379.20,4,4379.10,3,4379.00,7,4378.90,7,4378.80,6,4378.70,6,4378.60,7,4378.50,3,4380.10,2,4380.20,1,4380.30,1,4380.40,1,4380.50,3,4380.70,1,4380.80,5,4380.90,5,4381.00,5,4381.10,9,Sell,22,23,45,-1.00,2.00,-6.00,2.10,66.7,4381.10,4381.10,4379.00,4379.70,224,159,383,65.00,68.00,-9.00,5.50,89.1,168,348,0.0462,5.0000,121.00,165.00,4385.22,-0.9785,DOWN,85.05,4.5032,1.5875
20260901 220109 597,4380.10,2,4379.60,4380.10,0.50,4379.60,3,4379.40,5,4379.20,4,4379.10,3,4379.00,7,4378.90,7,4378.80,6,4378.70,6,4378.60,7,4378.50,3,4380.10,2,4380.20,1,4380.30,1,4380.40,1,4380.50,3,4380.70,1,4380.80,5,4380.90,5,4381.00,5,4381.10,9,Buy,24,23,47,1.00,2.00,-6.00,2.10,47.6,4381.10,4381.10,4379.00,4380.10,224,159,383,65.00,68.00,-9.00,5.50,89.1,168,348,0.0462,1.0000,123.00,167.00,4385.26,-0.9658,DOWN,85.05,4.5032,1.5875
20260901 220110 170,4379.80,1,4379.80,4380.30,0.50,4379.80,1,4379.70,1,4379.60,2,4379.40,6,4379.20,3,4379.10,3,4379.00,7,4378.90,7,4378.80,6,4378.70,6,4380.30,2,4380.40,1,4380.50,3,4380.70,1,4380.80,5,4380.90,5,4381.00,5,4381.10,9,4381.20,7,4381.30,5,Sell,24,24,48,0.00,2.00,-6.00,2.10,61.9,4381.10,4381.10,4379.00,4379.80,224,159,383,65.00,68.00,-9.00,5.50,89.1,168,348,0.0462,2.0000,122.00,166.00,4385.23,-0.9753,DOWN,85.05,4.5032,1.5875
20260901 220110 841,4379.80,1,4379.40,4380.10,0.70,4379.40,5,4379.20,3,4379.10,4,4379.00,7,4378.90,7,4378.80,6,4378.70,6,4378.60,7,4378.50,3,4378.40,2,4380.10,2,4380.30,2,4380.40,1,4380.50,3,4380.70,1,4380.80,5,4380.90,5,4381.00,6,4381.10,9,4381.20,6,Sell,24,25,49,-1.00,2.00,-6.00,2.10,61.9,4381.10,4381.10,4379.00,4379.80,224,159,383,65.00,68.00,-9.00,5.50,89.1,168,348,0.0462,5.0000,121.00,165.00,4385.23,-0.9753,DOWN,85.05,4.5032,1.5875
20260901 220111 180,4379.60,2,4379.60,4380.10,0.50,4379.60,2,4379.40,5,4379.20,3,4379.10,4,4379.00,7,4378.90,7,4378.80,6,4378.70,6,4378.60,7,4378.50,3,4380.10,2,4380.30,2,4380.40,1,4380.50,3,4380.70,1,4380.80,5,4380.90,5,4381.00,6,4381.10,9,4381.20,6,Sell,24,27,51,-3.00,2.00,-6.00,2.10,71.4,4381.10,4381.10,4379.00,4379.60,224,159,383,65.00,68.00,-9.00,5.50,89.1,168,348,0.0462,1.0000,119.00,163.00,4385.21,-0.9816,DOWN,85.05,4.5032,1.5875
20260901 220112 220,4379.60,1,4379.50,4380.10,0.60,4379.50,1,4379.40,5,4379.20,4,4379.10,4,4379.00,7,4378.90,7,4378.80,6,4378.70,6,4378.60,7,4378.50,3,4380.10,2,4380.20,1,4380.30,2,4380.40,1,4380.50,3,4380.70,1,4380.80,5,4380.90,5,4381.00,6,4381.10,8,Sell,24,28,52,-4.00,2.00,-6.00,2.10,71.4,4381.10,4381.10,4379.00,4379.60,224,159,383,65.00,68.00,-9.00,5.50,89.1,168,348,0.0462,0.5000,118.00,162.00,4385.21,-0.9816,DOWN,85.05,4.5032,1.5875
20260901 220115 109,4379.50,1,4379.40,4379.60,0.20,4379.40,2,4379.20,3,4379.10,4,4379.00,7,4378.90,7,4378.80,6,4378.70,6,4378.60,7,4378.50,3,4378.40,2,4379.60,1,4379.80,1,4379.90,1,4380.00,2,4380.10,3,4380.20,2,4380.30,1,4380.40,1,4380.50,3,4380.70,1,Sell,24,29,53,-5.00,2.00,-6.00,2.10,76.2,4381.10,4381.10,4379.00,4379.50,224,159,383,65.00,68.00,-9.00,5.50,89.1,168,348,0.0462,0.2000,117.00,161.00,4385.20,-0.9848,DOWN,85.05,4.5032,1.5875
20260901 220115 805,4379.30,1,4379.30,4379.60,0.30,4379.30,6,4379.20,3,4379.10,4,4379.00,7,4378.90,7,4378.80,6,4378.70,6,4378.60,7,4378.50,3,4378.40,2,4379.60,1,4379.80,1,4379.90,1,4380.00,2,4380.10,3,4380.20,2,4380.30,1,4380.40,1,4380.50,3,4380.70,3,Sell,24,30,54,-6.00,2.00,-6.00,2.10,85.7,4381.10,4381.10,4379.00,4379.30,224,159,383,65.00,68.00,-9.00,5.50,89.1,168,348,0.0462,0.0000,116.00,160.00,4385.19,-0.9912,DOWN,85.05,4.5032,1.5875
20260901 220118 452,4379.30,5,4378.60,4379.40,0.80,4378.60,6,4378.50,3,4378.40,2,4378.30,6,4378.20,8,4378.10,8,4378.00,7,4377.90,9,4377.80,8,4377.70,6,4379.40,2,4379.50,3,4379.60,1,4379.80,1,4379.90,1,4380.00,4,4380.10,4,4380.20,2,4380.30,2,4380.40,3,Sell,24,35,59,-11.00,2.00,-11.00,2.10,85.7,4381.10,4381.10,4379.00,4379.30,224,159,383,65.00,68.00,-9.00,5.50,89.1,168,348,0.0462,0.0000,111.00,155.00,4385.19,-0.9912,DOWN,85.05,4.5032,1.5875
20260901 220118 453,4379.30,1,4378.60,4379.40,0.80,4378.60,6,4378.50,3,4378.40,2,4378.30,6,4378.20,8,4378.10,8,4378.00,7,4377.90,9,4377.80,8,4377.70,6,4379.40,2,4379.50,3,4379.60,1,4379.80,1,4379.90,1,4380.00,4,4380.10,4,4380.20,2,4380.30,2,4380.40,3,Sell,24,36,60,-12.00,2.00,-12.00,2.10,85.7,4381.10,4381.10,4379.00,4379.30,224,159,383,65.00,68.00,-9.00,5.50,89.1,168,348,0.0462,0.0000,110.00,154.00,4385.19,-0.9912,DOWN,85.05,4.5032,1.5875
20260901 220118 454,4379.10,1,4378.60,4379.40,0.80,4378.60,6,4378.50,3,4378.40,2,4378.30,6,4378.20,8,4378.10,8,4378.00,7,4377.90,9,4377.80,8,4377.70,6,4379.40,2,4379.50,3,4379.60,1,4379.80,1,4379.90,1,4380.00,4,4380.10,4,4380.20,2,4380.30,2,4380.40,3,Sell,24,37,61,-13.00,2.00,-13.00,2.10,95.2,4381.10,4381.10,4379.00,4379.10,224,159,383,65.00,68.00,-9.00,5.50,89.1,168,348,0.0462,0.0000,109.00,153.00,4385.17,-0.9975,DOWN,85.05,4.5032,1.5875
20260901 220118 664,4378.70,1,4378.60,4379.40,0.80,4378.60,6,4378.50,3,4378.40,2,4378.30,6,4378.20,8,4378.10,8,4378.00,7,4377.90,9,4377.80,8,4377.70,6,4379.40,2,4379.50,4,4379.60,1,4379.80,1,4379.90,1,4380.00,4,4380.10,4,4380.20,6,4380.30,7,4380.40,3,Sell,24,38,62,-14.00,2.00,-14.00,2.40,100.0,4381.10,4381.10,4378.70,4378.70,224,159,383,65.00,68.00,-9.00,5.50,89.1,168,348,0.0462,0.0000,108.00,152.00,4385.13,-1.0102,DOWN,85.05,4.5032,1.6090
20260901 220118 922,4379.40,1,4378.60,4379.30,0.70,4378.60,6,4378.50,3,4378.40,2,4378.30,6,4378.20,8,4378.10,8,4378.00,7,4377.90,9,4377.80,8,4377.70,6,4379.30,2,4379.40,1,4379.50,4,4379.60,1,4379.80,1,4379.90,1,4380.00,4,4380.10,4,4380.20,7,4380.30,7,Buy,25,38,63,-13.00,2.00,-14.00,2.40,70.8,4381.10,4381.10,4378.70,4379.40,224,159,383,65.00,68.00,-9.00,5.50,89.1,168,348,0.0462,0.0769,109.00,153.00,4385.19,-0.9880,DOWN,85.05,4.5032,1.6090
20260901 220118 990,4378.90,1,4378.90,4379.30,0.40,4378.70,1,4378.60,6,4378.50,3,4378.40,2,4378.30,6,4378.20,8,4378.10,8,4378.00,7,4377.90,9,4377.80,8,4379.30,2,4379.40,1,4379.50,4,4379.60,1,4379.80,1,4379.90,1,4380.00,4,4380.10,4,4380.20,7,4380.30,7,Sell,25,39,64,-14.00,2.00,-14.00,2.40,91.7,4381.10,4381.10,4378.70,4378.90,224,159,383,65.00,68.00,-9.00,5.50,89.1,168,348,0.0462,0.0000,108.00,152.00,4385.15,-1.0038,DOWN,85.05,4.5032,1.6090
20260901 220118 990,4378.80,1,4378.90,4379.30,0.40,4378.70,1,4378.60,6,4378.50,3,4378.40,2,4378.30,6,4378.20,8,4378.10,8,4378.00,7,4377.90,9,4377.80,8,4379.30,2,4379.40,1,4379.50,4,4379.60,1,4379.80,1,4379.90,1,4380.00,4,4380.10,4,4380.20,7,4380.30,7,Sell,25,40,65,-15.00,2.00,-15.00,2.40,95.8,4381.10,4381.10,4378.70,4378.80,224,159,383,65.00,68.00,-9.00,5.50,89.1,168,348,0.0462,0.0000,107.00,151.00,4385.14,-1.0070,DOWN,85.05,4.5032,1.6090
20260901 220119 152,4379.10,1,4378.70,4379.10,0.40,4378.70,1,4378.60,6,4378.50,3,4378.40,2,4378.30,6,4378.20,8,4378.10,8,4378.00,7,4377.90,9,4377.80,8,4379.30,2,4379.40,1,4379.50,4,4379.60,1,4379.80,1,4379.90,1,4380.00,4,4380.10,5,4380.20,7,4380.30,5,Buy,26,40,66,-14.00,2.00,-15.00,2.40,83.3,4381.10,4381.10,4378.70,4379.10,224,159,383,65.00,68.00,-9.00,5.50,89.1,168,348,0.0462,0.0714,108.00,152.00,4385.17,-0.9975,DOWN,85.05,4.5032,1.6090
20260901 220119 700,4379.30,2,4378.90,4379.30,0.40,4378.90,1,4378.80,1,4378.70,2,4378.60,2,4378.50,7,4378.40,6,4378.30,6,4378.20,8,4378.10,8,4378.00,7,4379.30,1,4379.40,1,4379.50,3,4379.60,1,4379.80,1,4379.90,1,4380.00,4,4380.10,10,4380.20,7,4380.30,5,Buy,28,40,68,-12.00,2.00,-15.00,2.40,75.0,4381.10,4381.10,4378.70,4379.30,224,159,383,65.00,68.00,-9.00,5.50,89.1,168,348,0.0462,0.2500,110.00,154.00,4385.19,-0.9912,DOWN,85.05,4.5032,1.6090
20260901 220121 978,4378.90,1,4378.90,4379.40,0.50,4378.80,1,4378.70,2,4378.60,2,4378.50,7,4378.40,7,4378.30,7,4378.20,10,4378.10,9,4378.00,7,4377.90,9,4379.40,3,4379.50,3,4379.60,1,4379.80,1,4379.90,1,4380.00,4,4380.10,8,4380.20,7,4380.30,5,4380.40,2,Sell,28,41,69,-13.00,2.00,-15.00,2.40,91.7,4381.10,4381.10,4378.70,4378.90,224,159,383,65.00,68.00,-9.00,5.50,89.1,168,348,0.0462,0.1538,109.00,153.00,4385.15,-1.0038,DOWN,85.05,4.5032,1.6090
20260901 220122 828,4379.30,1,4378.80,4379.40,0.60,4378.80,1,4378.70,4,4378.60,2,4378.50,7,4378.40,7,4378.30,7,4378.20,10,4378.10,9,4378.00,7,4377.90,9,4379.40,3,4379.50,2,4379.60,1,4379.80,1,4379.90,1,4380.00,4,4380.10,8,4380.20,7,4380.30,5,4380.40,2,Buy,29,41,70,-12.00,2.00,-15.00,2.40,75.0,4381.10,4381.10,4378.70,4379.30,224,159,383,65.00,68.00,-9.00,5.50,89.1,168,348,0.0462,0.2500,110.00,154.00,4385.19,-0.9912,DOWN,85.05,4.5032,1.6090
20260901 220122 877,4378.90,1,4378.90,4379.40,0.50,4378.80,1,4378.70,4,4378.60,2,4378.50,7,4378.40,7,4378.30,7,4378.20,10,4378.10,9,4378.00,7,4377.90,9,4379.40,3,4379.50,2,4379.60,1,4379.80,1,4379.90,1,4380.00,4,4380.10,8,4380.20,7,4380.30,5,4380.40,2,Sell,29,42,71,-13.00,2.00,-15.00,2.40,91.7,4381.10,4381.10,4378.70,4378.90,224,159,383,65.00,68.00,-9.00,5.50,89.1,168,348,0.0462,0.1538,109.00,153.00,4385.15,-1.0038,DOWN,85.05,4.5032,1.6090
20260901 220125 083,4378.90,1,4378.90,4379.40,0.50,4378.90,2,4378.80,2,4378.70,3,4378.60,2,4378.50,7,4378.40,7,4378.30,7,4378.20,9,4378.10,9,4378.00,7,4379.40,3,4379.50,2,4379.60,1,4379.80,1,4379.90,1,4380.00,4,4380.10,8,4380.20,7,4380.30,5,4380.40,2,Sell,29,43,72,-14.00,2.00,-15.00,2.40,91.7,4381.10,4381.10,4378.70,4378.90,224,159,383,65.00,68.00,-9.00,5.50,89.1,168,348,0.0462,0.0714,108.00,152.00,4385.15,-1.0038,DOWN,85.05,4.5032,1.6090
20260901 220125 187,4379.40,2,4379.10,4379.60,0.50,4379.10,4,4379.00,6,4378.90,5,4378.80,2,4378.70,8,4378.60,7,4378.50,7,4378.40,7,4378.30,7,4378.20,9,4379.60,1,4379.80,1,4379.90,1,4380.00,4,4380.10,3,4380.20,1,4380.40,7,4380.50,10,4380.60,6,4380.70,8,Buy,31,43,74,-12.00,2.00,-15.00,2.40,70.8,4381.10,4381.10,4378.70,4379.40,224,159,383,65.00,68.00,-9.00,5.50,89.1,168,348,0.0462,0.2500,110.00,154.00,4385.19,-0.9880,DOWN,85.05,4.5032,1.6090
20260901 220125 187,4379.40,1,4379.10,4379.60,0.50,4379.10,4,4379.00,6,4378.90,5,4378.80,2,4378.70,8,4378.60,7,4378.50,7,4378.40,7,4378.30,7,4378.20,9,4379.60,1,4379.80,1,4379.90,1,4380.00,4,4380.10,3,4380.20,1,4380.40,7,4380.50,10,4380.60,6,4380.70,8,Buy,32,43,75,-11.00,2.00,-15.00,2.40,70.8,4381.10,4381.10,4378.70,4379.40,224,159,383,65.00,68.00,-9.00,5.50,89.1,168,348,0.0462,0.3636,111.00,155.00,4385.19,-0.9880,DOWN,85.05,4.5032,1.6090
20260901 220125 187,4379.50,1,4379.10,4379.60,0.50,4379.10,4,4379.00,6,4378.90,5,4378.80,2,4378.70,8,4378.60,7,4378.50,7,4378.40,7,4378.30,7,4378.20,9,4379.60,1,4379.80,1,4379.90,1,4380.00,4,4380.10,3,4380.20,1,4380.40,7,4380.50,10,4380.60,6,4380.70,8,Buy,33,43,76,-10.00,2.00,-15.00,2.40,66.7,4381.10,4381.10,4378.70,4379.50,224,159,383,65.00,68.00,-9.00,5.50,89.1,168,348,0.0462,0.5000,112.00,156.00,4385.20,-0.9848,DOWN,85.05,4.5032,1.6090
20260901 220125 187,4379.50,1,4379.10,4379.60,0.50,4379.10,4,4379.00,6,4378.90,5,4378.80,2,4378.70,8,4378.60,7,4378.50,7,4378.40,7,4378.30,7,4378.20,9,4379.60,1,4379.80,1,4379.90,1,4380.00,4,4380.10,3,4380.20,1,4380.40,7,4380.50,10,4380.60,6,4380.70,8,Buy,34,43,77,-9.00,2.00,-15.00,2.40,66.7,4381.10,4381.10,4378.70,4379.50,224,159,383,65.00,68.00,-9.00,5.50,89.1,168,348,0.0462,0.6667,113.00,157.00,4385.20,-0.9848,DOWN,85.05,4.5032,1.6090
20260901 220125 348,4379.10,2,4379.10,4379.50,0.40,4379.10,2,4379.00,4,4378.90,3,4378.80,1,4378.70,8,4378.60,7,4378.50,7,4378.40,7,4378.30,7,4378.20,9,4379.50,2,4379.60,2,4379.80,1,4379.90,1,4380.00,4,4380.10,3,4380.20,1,4380.40,2,4380.50,10,4380.60,6,Sell,34,45,79,-11.00,2.00,-15.00,2.40,83.3,4381.10,4381.10,4378.70,4379.10,224,159,383,65.00,68.00,-9.00,5.50,89.1,168,348,0.0462,0.3636,111.00,155.00,4385.17,-0.9975,DOWN,85.05,4.5032,1.6090
20260901 220125 693,4379.30,1,4378.90,4379.30,0.40,4379.00,2,4378.90,2,4378.80,1,4378.70,2,4378.60,6,4378.50,7,4378.40,8,4378.30,7,4378.20,9,4378.10,9,4379.40,1,4379.50,1,4379.60,1,4379.80,1,4379.90,1,4380.00,4,4380.10,8,4380.20,6,4380.30,7,4380.40,3,Buy,35,45,80,-10.00,2.00,-15.00,2.40,75.0,4381.10,4381.10,4378.70,4379.30,224,159,383,65.00,68.00,-9.00,5.50,89.1,168,348,0.0462,0.5000,112.00,156.00,4385.19,-0.9912,DOWN,85.05,4.5032,1.6090
20260901 220126 904,4379.00,1,4379.00,4379.50,0.50,4379.00,3,4378.90,2,4378.80,1,4378.70,2,4378.60,1,4378.50,7,4378.40,8,4378.30,7,4378.20,9,4378.10,9,4379.50,1,4379.60,2,4379.80,1,4379.90,1,4380.00,4,4380.10,9,4380.20,6,4380.30,7,4380.40,3,4380.50,8,Sell,35,46,81,-11.00,2.00,-15.00,2.40,87.5,4381.10,4381.10,4378.70,4379.00,224,159,383,65.00,68.00,-9.00,5.50,89.1,168,348,0.0462,0.3636,111.00,155.00,4385.16,-1.0007,DOWN,85.05,4.5032,1.6090
20260901 220127 168,4379.20,1,4379.20,4379.60,0.40,4379.20,1,4379.10,1,4379.00,3,4378.90,3,4378.80,1,4378.70,3,4378.60,1,4378.50,7,4378.40,8,4378.30,7,4379.60,3,4379.80,1,4379.90,1,4380.00,4,4380.10,4,4380.20,1,4380.30,5,4380.40,8,4380.50,8,4380.60,6,Sell,35,47,82,-12.00,2.00,-15.00,2.40,79.2,4381.10,4381.10,4378.70,4379.20,224,159,383,65.00,68.00,-9.00,5.50,89.1,168,348,0.0462,0.2500,110.00,154.00,4385.18,-0.9943,DOWN,85.05,4.5032,1.6090
20260901 220128 084,4379.50,1,4379.00,4379.50,0.50,4379.10,2,4379.00,2,4378.90,3,4378.80,1,4378.70,4,4378.60,2,4378.50,7,4378.40,8,4378.30,7,4378.20,9,4379.60,2,4379.80,2,4379.90,1,4380.00,4,4380.10,4,4380.20,1,4380.30,5,4380.40,8,4380.50,8,4380.60,6,Buy,36,47,83,-11.00,2.00,-15.00,2.40,66.7,4381.10,4381.10,4378.70,4379.50,224,159,383,65.00,68.00,-9.00,5.50,89.1,168,348,0.0462,0.3636,111.00,155.00,4385.20,-0.9848,DOWN,85.05,4.5032,1.6090
20260901 220128 219,4379.60,1,4379.20,4379.60,0.40,4379.20,4,4379.10,3,4379.00,4,4378.90,4,4378.80,2,4378.70,4,4378.60,6,4378.50,7,4378.40,8,4378.30,7,4379.60,1,4379.80,2,4379.90,1,4380.00,4,4380.10,4,4380.20,1,4380.40,8,4380.50,8,4380.60,6,4380.70,8,Buy,37,47,84,-10.00,2.00,-15.00,2.40,62.5,4381.10,4381.10,4378.70,4379.60,224,159,383,65.00,68.00,-9.00,5.50,89.1,168,348,0.0462,0.5000,112.00,156.00,4385.21,-0.9816,DOWN,85.05,4.5032,1.6090
20260901 220128 804,4379.60,1,4379.40,4379.70,0.30,4379.40,2,4379.30,1,4379.20,4,4379.10,3,4379.00,4,4378.90,4,4378.80,2,4378.70,4,4378.60,6,4378.50,7,4379.70,1,4379.80,1,4379.90,3,4380.00,4,4380.10,3,4380.20,1,4380.30,1,4380.40,7,4380.50,8,4380.60,6,Buy,38,47,85,-9.00,2.00,-15.00,2.40,62.5,4381.10,4381.10,4378.70,4379.60,224,159,383,65.00,68.00,-9.00,5.50,89.1,168,348,0.0462,0.6667,113.00,157.00,4385.21,-0.9816,DOWN,85.05,4.5032,1.6090
20260901 220128 804,4379.80,1,4379.40,4379.70,0.30,4379.40,2,4379.30,1,4379.20,4,4379.10,3,4379.00,4,4378.90,4,4378.80,2,4378.70,4,4378.60,6,4378.50,7,4379.70,1,4379.80,1,4379.90,3,4380.00,4,4380.10,3,4380.20,1,4380.30,1,4380.40,7,4380.50,8,4380.60,6,Buy,39,47,86,-8.00,2.00,-15.00,2.40,54.2,4381.10,4381.10,4378.70,4379.80,224,159,383,65.00,68.00,-9.00,5.50,89.1,168,348,0.0462,0.8750,114.00,158.00,4385.23,-0.9753,DOWN,85.05,4.5032,1.6090
20260901 220128 804,4379.80,1,4379.40,4379.70,0.30,4379.40,2,4379.30,1,4379.20,4,4379.10,3,4379.00,4,4378.90,4,4378.80,2,4378.70,4,4378.60,6,4378.50,7,4379.70,1,4379.80,1,4379.90,3,4380.00,4,4380.10,3,4380.20,1,4380.30,1,4380.40,7,4380.50,8,4380.60,6,Buy,40,47,87,-7.00,2.00,-15.00,2.40,54.2,4381.10,4381.10,4378.70,4379.80,224,159,383,65.00,68.00,-9.00,5.50,89.1,168,348,0.0462,1.1429,115.00,159.00,4385.23,-0.9753,DOWN,85.05,4.5032,1.6090
20260901 220128 804,4379.90,1,4379.40,4379.70,0.30,4379.40,2,4379.30,1,4379.20,4,4379.10,3,4379.00,4,4378.90,4,4378.80,2,4378.70,4,4378.60,6,4378.50,7,4379.70,1,4379.80,1,4379.90,3,4380.00,4,4380.10,3,4380.20,1,4380.30,1,4380.40,7,4380.50,8,4380.60,6,Buy,41,47,88,-6.00,2.00,-15.00,2.40,50.0,4381.10,4381.10,4378.70,4379.90,224,159,383,65.00,68.00,-9.00,5.50,89.1,168,348,0.0462,1.5000,116.00,160.00,4385.24,-0.9721,DOWN,85.05,4.5032,1.6090
20260901 220130 291,4379.70,1,4379.40,4379.70,0.30,4379.40,2,4379.30,1,4379.20,3,4379.10,3,4379.00,4,4378.90,4,4378.80,3,4378.70,4,4378.60,6,4378.50,7,4379.90,1,4380.00,4,4380.10,3,4380.20,1,4380.30,1,4380.40,7,4380.50,8,4380.60,6,4380.70,8,4380.80,7,Buy,42,47,89,-5.00,2.00,-15.00,2.40,58.3,4381.10,4381.10,4378.70,4379.70,224,159,383,65.00,68.00,-9.00,5.50,89.1,168,348,0.0462,2.0000,117.00,161.00,4385.22,-0.9785,DOWN,85.05,4.5032,1.6090
20260901 220130 291,4379.80,1,4379.40,4379.70,0.30,4379.40,2,4379.30,1,4379.20,3,4379.10,3,4379.00,4,4378.90,4,4378.80,3,4378.70,4,4378.60,6,4378.50,7,4379.90,1,4380.00,4,4380.10,3,4380.20,1,4380.30,1,4380.40,7,4380.50,8,4380.60,6,4380.70,8,4380.80,7,Buy,43,47,90,-4.00,2.00,-15.00,2.40,54.2,4381.10,4381.10,4378.70,4379.80,224,159,383,65.00,68.00,-9.00,5.50,89.1,168,348,0.0462,2.7500,118.00,162.00,4385.23,-0.9753,DOWN,85.05,4.5032,1.6090
20260901 220130 291,4379.90,2,4379.40,4379.70,0.30,4379.40,2,4379.30,1,4379.20,3,4379.10,3,4379.00,4,4378.90,4,4378.80,3,4378.70,4,4378.60,6,4378.50,7,4379.90,1,4380.00,4,4380.10,3,4380.20,1,4380.30,1,4380.40,7,4380.50,8,4380.60,6,4380.70,8,4380.80,7,Buy,45,47,92,-2.00,2.00,-15.00,2.40,50.0,4381.10,4381.10,4378.70,4379.90,224,159,383,65.00,68.00,-9.00,5.50,89.1,168,348,0.0462,6.5000,120.00,164.00,4385.24,-0.9721,DOWN,85.05,4.5032,1.6090
20260901 220132 631,4379.40,1,4379.40,4379.90,0.50,4379.40,3,4379.30,2,4379.20,5,4379.10,3,4379.00,4,4378.90,9,4378.80,8,4378.70,9,4378.60,7,4378.50,8,4379.90,2,4380.00,4,4380.10,3,4380.20,1,4380.30,1,4380.40,3,4380.50,9,4380.60,6,4380.70,8,4380.80,7,Sell,45,48,93,-3.00,2.00,-15.00,2.40,70.8,4381.10,4381.10,4378.70,4379.40,224,159,383,65.00,68.00,-9.00,5.50,89.1,168,348,0.0462,4.0000,119.00,163.00,4385.19,-0.9880,DOWN,85.05,4.5032,1.6090
20260901 220137 243,4379.90,1,4379.40,4379.90,0.50,4379.40,4,4379.30,2,4379.20,5,4379.10,3,4379.00,4,4378.90,9,4378.80,8,4378.70,11,4378.60,7,4378.50,8,4379.90,1,4380.00,2,4380.10,5,4380.20,3,4380.30,1,4380.40,3,4380.50,10,4380.60,6,4380.70,8,4380.80,7,Buy,46,48,94,-2.00,2.00,-15.00,2.40,50.0,4381.10,4381.10,4378.70,4379.90,224,159,383,65.00,68.00,-9.00,5.50,89.1,168,348,0.0462,6.5000,120.00,164.00,4385.24,-0.9721,DOWN,85.05,4.5032,1.6090
20260901 220137 448,4379.40,2,4379.40,4379.90,0.50,4379.40,4,4379.30,2,4379.20,5,4379.10,3,4379.00,4,4378.90,9,4378.80,8,4378.70,11,4378.60,7,4378.50,8,4379.90,2,4380.00,3,4380.10,5,4380.20,3,4380.30,1,4380.40,3,4380.50,10,4380.60,6,4380.70,8,4380.80,7,Sell,46,50,96,-4.00,2.00,-15.00,2.40,70.8,4381.10,4381.10,4378.70,4379.40,224,159,383,65.00,68.00,-9.00,5.50,89.1,168,348,0.0462,2.7500,118.00,162.00,4385.19,-0.9880,DOWN,85.05,4.5032,1.6090
20260901 220137 448,4379.40,1,4379.40,4379.90,0.50,4379.40,4,4379.30,2,4379.20,5,4379.10,3,4379.00,4,4378.90,9,4378.80,8,4378.70,11,4378.60,7,4378.50,8,4379.90,2,4380.00,3,4380.10,5,4380.20,3,4380.30,1,4380.40,3,4380.50,10,4380.60,6,4380.70,8,4380.80,7,Sell,46,51,97,-5.00,2.00,-15.00,2.40,70.8,4381.10,4381.10,4378.70,4379.40,224,159,383,65.00,68.00,-9.00,5.50,89.1,168,348,0.0462,2.0000,117.00,161.00,4385.19,-0.9880,DOWN,85.05,4.5032,1.6090
20260901 220138 419,4379.20,1,4379.20,4379.70,0.50,4379.20,1,4379.10,1,4379.00,3,4378.90,3,4378.80,4,4378.70,12,4378.60,8,4378.50,8,4378.40,8,4378.30,7,4379.70,3,4379.80,2,4379.90,2,4380.00,3,4380.10,5,4380.20,4,4380.30,6,4380.40,8,4380.50,10,4380.60,7,Sell,46,52,98,-6.00,2.00,-15.00,2.40,79.2,4381.10,4381.10,4378.70,4379.20,224,159,383,65.00,68.00,-9.00,5.50,89.1,168,348,0.0462,1.5000,116.00,160.00,4385.18,-0.9943,DOWN,85.05,4.5032,1.6090
20260901 220139 233,4379.20,1,4379.10,4379.50,0.40,4379.10,1,4379.00,3,4378.90,3,4378.80,3,4378.70,12,4378.60,8,4378.50,8,4378.40,8,4378.30,7,4378.20,10,4379.50,2,4379.60,1,4379.70,3,4379.80,2,4379.90,2,4380.00,3,4380.10,5,4380.20,4,4380.30,6,4380.40,8,Sell,46,53,99,-7.00,2.00,-15.00,2.40,79.2,4381.10,4381.10,4378.70,4379.20,224,159,383,65.00,68.00,-9.00,5.50,89.1,168,348,0.0462,1.1429,115.00,159.00,4385.18,-0.9943,DOWN,85.05,4.5032,1.6090
20260901 220139 838,4379.00,1,4378.90,4379.50,0.60,4378.90,2,4378.80,2,4378.70,11,4378.60,8,4378.50,8,4378.40,8,4378.30,7,4378.20,10,4378.10,9,4378.00,9,4379.50,3,4379.70,3,4379.80,2,4379.90,2,4380.00,3,4380.10,5,4380.20,9,4380.30,6,4380.40,9,4380.50,12,Sell,46,54,100,-8.00,2.00,-15.00,2.40,87.5,4381.10,4381.10,4378.70,4379.00,224,159,383,65.00,68.00,-9.00,5.50,89.1,168,348,0.0462,0.8750,114.00,158.00,4385.16,-1.0007,DOWN,85.05,4.5032,1.6090
20260901 220141 276,4379.00,1,4378.90,4379.50,0.60,4378.90,2,4378.80,1,4378.70,12,4378.60,8,4378.50,8,4378.40,8,4378.30,7,4378.20,10,4378.10,10,4378.00,9,4379.50,2,4379.60,1,4379.70,3,4379.80,3,4379.90,2,4380.00,3,4380.10,5,4380.20,9,4380.30,8,4380.40,9,Sell,46,55,101,-9.00,2.00,-15.00,2.40,87.5,4381.10,4381.10,4378.70,4379.00,224,159,383,65.00,68.00,-9.00,5.50,89.1,168,348,0.0462,0.6667,113.00,157.00,4385.16,-1.0007,DOWN,85.05,4.5032,1.6090
20260901 220141 276,4378.90,1,4378.90,4379.50,0.60,4378.90,2,4378.80,1,4378.70,12,4378.60,8,4378.50,8,4378.40,8,4378.30,7,4378.20,10,4378.10,10,4378.00,9,4379.50,2,4379.60,1,4379.70,3,4379.80,3,4379.90,2,4380.00,3,4380.10,5,4380.20,9,4380.30,8,4380.40,9,Sell,46,56,102,-10.00,2.00,-15.00,2.40,91.7,4381.10,4381.10,4378.70,4378.90,224,159,383,65.00,68.00,-9.00,5.50,89.1,168,348,0.0462,0.5000,112.00,156.00,4385.15,-1.0038,DOWN,85.05,4.5032,1.6090
20260901 220142 796,4379.50,1,4379.00,4379.50,0.50,4379.00,3,4378.90,4,4378.80,3,4378.70,13,4378.60,7,4378.50,7,4378.40,6,4378.30,7,4378.20,10,4378.10,11,4379.50,2,4379.60,1,4379.70,3,4379.80,3,4379.90,3,4380.00,4,4380.10,6,4380.20,9,4380.30,9,4380.40,9,Buy,47,56,103,-9.00,2.00,-15.00,2.40,66.7,4381.10,4381.10,4378.70,4379.50,224,159,383,65.00,68.00,-9.00,5.50,89.1,168,348,0.0462,0.6667,113.00,157.00,4385.20,-0.9848,DOWN,85.05,4.5032,1.6090
20260901 220142 904,4379.00,2,4379.00,4379.50,0.50,4379.00,1,4378.90,3,4378.80,3,4378.70,13,4378.60,7,4378.50,7,4378.40,6,4378.30,7,4378.20,10,4378.10,11,4379.50,1,4379.60,1,4379.70,3,4379.80,3,4379.90,3,4380.00,4,4380.10,6,4380.20,9,4380.30,9,4380.40,9,Sell,47,58,105,-11.00,2.00,-15.00,2.40,87.5,4381.10,4381.10,4378.70,4379.00,224,159,383,65.00,68.00,-9.00,5.50,89.1,168,348,0.0462,0.3636,111.00,155.00,4385.16,-1.0007,DOWN,85.05,4.5032,1.6090
20260901 220142 904,4379.00,1,4379.00,4379.50,0.50,4379.00,1,4378.90,3,4378.80,3,4378.70,13,4378.60,7,4378.50,7,4378.40,6,4378.30,7,4378.20,10,4378.10,11,4379.50,1,4379.60,1,4379.70,3,4379.80,3,4379.90,3,4380.00,4,4380.10,6,4380.20,9,4380.30,9,4380.40,9,Sell,47,59,106,-12.00,2.00,-15.00,2.40,87.5,4381.10,4381.10,4378.70,4379.00,224,159,383,65.00,68.00,-9.00,5.50,89.1,168,348,0.0462,0.2500,110.00,154.00,4385.16,-1.0007,DOWN,85.05,4.5032,1.6090
20260901 220142 904,4378.90,1,4379.00,4379.50,0.50,4379.00,1,4378.90,3,4378.80,3,4378.70,13,4378.60,7,4378.50,7,4378.40,6,4378.30,7,4378.20,10,4378.10,11,4379.50,1,4379.60,1,4379.70,3,4379.80,3,4379.90,3,4380.00,4,4380.10,6,4380.20,9,4380.30,9,4380.40,9,Sell,47,60,107,-13.00,2.00,-15.00,2.40,91.7,4381.10,4381.10,4378.70,4378.90,224,159,383,65.00,68.00,-9.00,5.50,89.1,168,348,0.0462,0.1538,109.00,153.00,4385.15,-1.0038,DOWN,85.05,4.5032,1.6090
20260901 220142 904,4378.90,1,4379.00,4379.50,0.50,4379.00,1,4378.90,3,4378.80,3,4378.70,13,4378.60,7,4378.50,7,4378.40,6,4378.30,7,4378.20,10,4378.10,11,4379.50,1,4379.60,1,4379.70,3,4379.80,3,4379.90,3,4380.00,4,4380.10,6,4380.20,9,4380.30,9,4380.40,9,Sell,47,61,108,-14.00,2.00,-15.00,2.40,91.7,4381.10,4381.10,4378.70,4378.90,224,159,383,65.00,68.00,-9.00,5.50,89.1,168,348,0.0462,0.0714,108.00,152.00,4385.15,-1.0038,DOWN,85.05,4.5032,1.6090
20260901 220143 315,4379.50,1,4379.10,4379.80,0.70,4379.10,2,4379.00,4,4378.90,2,4378.80,3,4378.70,13,4378.60,7,4378.50,7,4378.40,6,4378.30,7,4378.20,10,4379.80,4,4379.90,3,4380.00,3,4380.10,6,4380.20,9,4380.30,7,4380.40,9,4380.50,10,4380.60,6,4380.70,8,Buy,48,61,109,-13.00,2.00,-15.00,2.40,66.7,4381.10,4381.10,4378.70,4379.50,224,159,383,65.00,68.00,-9.00,5.50,89.1,168,348,0.0462,0.1538,109.00,153.00,4385.20,-0.9848,DOWN,85.05,4.5032,1.6090
20260901 220143 315,4379.60,1,4379.10,4379.80,0.70,4379.10,2,4379.00,4,4378.90,2,4378.80,3,4378.70,13,4378.60,7,4378.50,7,4378.40,6,4378.30,7,4378.20,10,4379.80,4,4379.90,3,4380.00,3,4380.10,6,4380.20,9,4380.30,7,4380.40,9,4380.50,10,4380.60,6,4380.70,8,Buy,49,61,110,-12.00,2.00,-15.00,2.40,62.5,4381.10,4381.10,4378.70,4379.60,224,159,383,65.00,68.00,-9.00,5.50,89.1,168,348,0.0462,0.2500,110.00,154.00,4385.21,-0.9816,DOWN,85.05,4.5032,1.6090
20260901 220143 315,4379.70,1,4379.10,4379.80,0.70,4379.10,2,4379.00,4,4378.90,2,4378.80,3,4378.70,13,4378.60,7,4378.50,7,4378.40,6,4378.30,7,4378.20,10,4379.80,4,4379.90,3,4380.00,3,4380.10,6,4380.20,9,4380.30,7,4380.40,9,4380.50,10,4380.60,6,4380.70,8,Buy,50,61,111,-11.00,2.00,-15.00,2.40,58.3,4381.10,4381.10,4378.70,4379.70,224,159,383,65.00,68.00,-9.00,5.50,89.1,168,348,0.0462,0.3636,111.00,155.00,4385.22,-0.9785,DOWN,85.05,4.5032,1.6090
20260901 220143 315,4379.70,1,4379.10,4379.80,0.70,4379.10,2,4379.00,4,4378.90,2,4378.80,3,4378.70,13,4378.60,7,4378.50,7,4378.40,6,4378.30,7,4378.20,10,4379.80,4,4379.90,3,4380.00,3,4380.10,6,4380.20,9,4380.30,7,4380.40,9,4380.50,10,4380.60,6,4380.70,8,Buy,51,61,112,-10.00,2.00,-15.00,2.40,58.3,4381.10,4381.10,4378.70,4379.70,224,159,383,65.00,68.00,-9.00,5.50,89.1,168,348,0.0462,0.5000,112.00,156.00,4385.22,-0.9785,DOWN,85.05,4.5032,1.6090
20260901 220143 315,4379.70,1,4379.10,4379.80,0.70,4379.10,2,4379.00,4,4378.90,2,4378.80,3,4378.70,13,4378.60,7,4378.50,7,4378.40,6,4378.30,7,4378.20,10,4379.80,4,4379.90,3,4380.00,3,4380.10,6,4380.20,9,4380.30,7,4380.40,9,4380.50,10,4380.60,6,4380.70,8,Buy,52,61,113,-9.00,2.00,-15.00,2.40,58.3,4381.10,4381.10,4378.70,4379.70,224,159,383,65.00,68.00,-9.00,5.50,89.1,168,348,0.0462,0.6667,113.00,157.00,4385.22,-0.9785,DOWN,85.05,4.5032,1.6090
20260901 220143 587,4379.10,1,4379.00,4379.60,0.60,4379.00,1,4378.90,2,4378.80,3,4378.70,13,4378.60,7,4378.50,8,4378.40,8,4378.30,7,4378.20,10,4378.10,11,4379.60,5,4379.70,4,4379.80,5,4379.90,2,4380.00,3,4380.10,5,4380.20,9,4380.30,7,4380.40,9,4380.50,10,Sell,52,62,114,-10.00,2.00,-15.00,2.40,83.3,4381.10,4381.10,4378.70,4379.10,224,159,383,65.00,68.00,-9.00,5.50,89.1,168,348,0.0462,0.5000,112.00,156.00,4385.17,-0.9975,DOWN,85.05,4.5032,1.6090
20260901 220143 587,4379.10,1,4379.00,4379.60,0.60,4379.00,1,4378.90,2,4378.80,3,4378.70,13,4378.60,7,4378.50,8,4378.40,8,4378.30,7,4378.20,10,4378.10,11,4379.60,5,4379.70,4,4379.80,5,4379.90,2,4380.00,3,4380.10,5,4380.20,9,4380.30,7,4380.40,9,4380.50,10,Sell,52,63,115,-11.00,2.00,-15.00,2.40,83.3,4381.10,4381.10,4378.70,4379.10,224,159,383,65.00,68.00,-9.00,5.50,89.1,168,348,0.0462,0.3636,111.00,155.00,4385.17,-0.9975,DOWN,85.05,4.5032,1.6090
20260901 220143 587,4379.00,1,4379.00,4379.60,0.60,4379.00,2,4378.90,2,4378.80,3,4378.70,13,4378.60,7,4378.50,8,4378.40,8,4378.30,7,4378.20,10,4378.10,11,4379.60,4,4379.70,4,4379.80,5,4379.90,3,4380.00,3,4380.10,5,4380.20,9,4380.30,7,4380.40,9,4380.50,10,Sell,52,64,116,-12.00,2.00,-15.00,2.40,87.5,4381.10,4381.10,4378.70,4379.00,224,159,383,65.00,68.00,-9.00,5.50,89.1,168,348,0.0462,0.2500,110.00,154.00,4385.16,-1.0007,DOWN,85.05,4.5032,1.6090
20260901 220143 587,4379.00,1,4379.00,4379.60,0.60,4379.00,2,4378.90,2,4378.80,3,4378.70,13,4378.60,7,4378.50,8,4378.40,8,4378.30,7,4378.20,10,4378.10,11,4379.60,4,4379.70,4,4379.80,5,4379.90,3,4380.00,3,4380.10,5,4380.20,9,4380.30,7,4380.40,9,4380.50,10,Sell,52,65,117,-13.00,2.00,-15.00,2.40,87.5,4381.10,4381.10,4378.70,4379.00,224,159,383,65.00,68.00,-9.00,5.50,89.1,168,348,0.0462,0.1538,109.00,153.00,4385.16,-1.0007,DOWN,85.05,4.5032,1.6090
20260901 220143 587,4379.00,1,4379.00,4379.60,0.60,4379.00,2,4378.90,2,4378.80,3,4378.70,13,4378.60,7,4378.50,8,4378.40,8,4378.30,7,4378.20,10,4378.10,11,4379.60,4,4379.70,4,4379.80,5,4379.90,3,4380.00,3,4380.10,5,4380.20,9,4380.30,7,4380.40,9,4380.50,10,Sell,52,66,118,-14.00,2.00,-15.00,2.40,87.5,4381.10,4381.10,4378.70,4379.00,224,159,383,65.00,68.00,-9.00,5.50,89.1,168,348,0.0462,0.0714,108.00,152.00,4385.16,-1.0007,DOWN,85.05,4.5032,1.6090
20260901 220143 799,4379.60,1,4379.00,4379.60,0.60,4379.00,3,4378.90,2,4378.80,3,4378.70,13,4378.60,7,4378.50,8,4378.40,8,4378.30,7,4378.20,10,4378.10,11,4379.60,3,4379.70,4,4379.80,5,4379.90,3,4380.00,3,4380.10,5,4380.20,9,4380.30,7,4380.40,9,4380.50,10,Buy,53,66,119,-13.00,2.00,-15.00,2.40,62.5,4381.10,4381.10,4378.70,4379.60,224,159,383,65.00,68.00,-9.00,5.50,89.1,168,348,0.0462,0.1538,109.00,153.00,4385.21,-0.9816,DOWN,85.05,4.5032,1.6090
20260901 220146 116,4379.30,1,4379.00,4379.60,0.60,4379.00,12,4378.90,2,4378.80,3,4378.70,13,4378.60,7,4378.50,8,4378.40,8,4378.30,7,4378.20,10,4378.10,11,4379.60,3,4379.70,4,4379.80,5,4379.90,3,4380.00,3,4380.10,5,4380.20,9,4380.30,7,4380.40,9,4380.50,10,Sell,53,67,120,-14.00,2.00,-15.00,2.40,75.0,4381.10,4381.10,4378.70,4379.30,224,159,383,65.00,68.00,-9.00,5.50,89.1,168,348,0.0462,0.0714,108.00,152.00,4385.19,-0.9912,DOWN,85.05,4.5032,1.6090
20260901 220148 504,4379.00,1,4379.00,4379.40,0.40,4378.80,3,4378.70,8,4378.60,7,4378.50,9,4378.40,9,4378.30,8,4378.20,11,4378.10,11,4378.00,10,4377.90,10,4379.40,2,4379.60,10,4379.70,4,4379.80,5,4379.90,3,4380.00,3,4380.10,10,4380.20,9,4380.30,9,4380.40,9,Sell,53,68,121,-15.00,2.00,-15.00,2.40,87.5,4381.10,4381.10,4378.70,4379.00,224,159,383,65.00,68.00,-9.00,5.50,89.1,168,348,0.0462,0.0000,107.00,151.00,4385.16,-1.0007,DOWN,85.05,4.5032,1.6090
20260901 220148 504,4379.00,1,4379.00,4379.40,0.40,4378.80,3,4378.70,8,4378.60,7,4378.50,9,4378.40,9,4378.30,8,4378.20,11,4378.10,11,4378.00,10,4377.90,10,4379.40,2,4379.60,10,4379.70,4,4379.80,5,4379.90,3,4380.00,3,4380.10,10,4380.20,9,4380.30,9,4380.40,9,Sell,53,69,122,-16.00,2.00,-16.00,2.40,87.5,4381.10,4381.10,4378.70,4379.00,224,159,383,65.00,68.00,-9.00,5.50,89.1,168,348,0.0462,0.0000,106.00,150.00,4385.16,-1.0007,DOWN,85.05,4.5032,1.6090
20260901 220148 504,4379.00,8,4379.00,4379.40,0.40,4378.80,3,4378.70,8,4378.60,7,4378.50,9,4378.40,9,4378.30,8,4378.20,11,4378.10,11,4378.00,10,4377.90,10,4379.40,2,4379.60,10,4379.70,4,4379.80,5,4379.90,3,4380.00,3,4380.10,10,4380.20,9,4380.30,9,4380.40,9,Sell,53,77,130,-24.00,2.00,-24.00,2.40,87.5,4381.10,4381.10,4378.70,4379.00,224,159,383,65.00,68.00,-9.00,5.50,89.1,168,348,0.0462,0.0000,98.00,142.00,4385.16,-1.0007,DOWN,85.05,4.5032,1.6090
20260901 220150 041,4379.30,1,4378.90,4379.30,0.40,4378.90,1,4378.80,3,4378.70,7,4378.60,7,4378.50,9,4378.40,9,4378.30,8,4378.20,11,4378.10,11,4378.00,10,4379.30,1,4379.40,3,4379.60,11,4379.70,4,4379.80,6,4379.90,4,4380.00,4,4380.10,10,4380.20,10,4380.30,9,Buy,54,77,131,-23.00,2.00,-24.00,2.40,75.0,4381.10,4381.10,4378.70,4379.30,224,159,383,65.00,68.00,-9.00,5.50,89.1,168,348,0.0462,0.0435,99.00,143.00,4385.19,-0.9912,DOWN,85.05,4.5032,1.6090
20260901 220150 275,4378.90,1,4378.90,4379.20,0.30,4378.90,1,4378.80,3,4378.70,7,4378.60,7,4378.50,9,4378.40,9,4378.30,8,4378.20,11,4378.10,11,4378.00,10,4379.20,1,4379.40,3,4379.60,11,4379.70,4,4379.80,6,4379.90,4,4380.00,4,4380.10,10,4380.20,10,4380.30,9,Sell,54,78,132,-24.00,2.00,-24.00,2.40,91.7,4381.10,4381.10,4378.70,4378.90,224,159,383,65.00,68.00,-9.00,5.50,89.1,168,348,0.0462,0.0000,98.00,142.00,4385.15,-1.0038,DOWN,85.05,4.5032,1.6090
20260901 220150 288,4378.90,1,4378.80,4379.20,0.40,4378.80,2,4378.70,7,4378.60,7,4378.50,9,4378.40,9,4378.30,8,4378.20,11,4378.10,11,4378.00,10,4377.90,10,4379.20,1,4379.30,3,4379.40,3,4379.60,11,4379.70,4,4379.80,6,4379.90,4,4380.00,4,4380.10,12,4380.20,10,Sell,54,79,133,-25.00,2.00,-25.00,2.40,91.7,4381.10,4381.10,4378.70,4378.90,224,159,383,65.00,68.00,-9.00,5.50,89.1,168,348,0.0462,0.0000,97.00,141.00,4385.15,-1.0038,DOWN,85.05,4.5032,1.6090
20260901 220150 301,4378.80,1,4378.80,4379.20,0.40,4378.80,2,4378.70,7,4378.60,7,4378.50,9,4378.40,9,4378.30,8,4378.20,11,4378.10,11,4378.00,10,4377.90,10,4379.20,1,4379.30,3,4379.40,3,4379.60,11,4379.70,4,4379.80,6,4379.90,4,4380.00,4,4380.10,12,4380.20,10,Sell,54,80,134,-26.00,2.00,-26.00,2.40,95.8,4381.10,4381.10,4378.70,4378.80,224,159,383,65.00,68.00,-9.00,5.50,89.1,168,348,0.0462,0.0000,96.00,140.00,4385.14,-1.0070,DOWN,85.05,4.5032,1.6090
20260901 220152 040,4379.10,1,4378.80,4379.10,0.30,4378.80,2,4378.70,7,4378.60,7,4378.50,9,4378.40,9,4378.30,8,4378.20,11,4378.10,11,4378.00,10,4377.90,10,4379.10,1,4379.30,3,4379.40,4,4379.60,11,4379.70,4,4379.80,6,4379.90,4,4380.00,4,4380.10,12,4380.20,10,Buy,55,80,135,-25.00,2.00,-26.00,2.40,83.3,4381.10,4381.10,4378.70,4379.10,224,159,383,65.00,68.00,-9.00,5.50,89.1,168,348,0.0462,0.0400,97.00,141.00,4385.17,-0.9975,DOWN,85.05,4.5032,1.6090
20260901 220153 116,4379.10,1,4378.80,4379.30,0.50,4378.80,1,4378.70,7,4378.60,7,4378.50,9,4378.40,11,4378.30,8,4378.20,11,4378.10,11,4378.00,10,4377.90,10,4379.30,3,4379.40,4,4379.60,11,4379.70,4,4379.80,6,4379.90,4,4380.00,4,4380.10,12,4380.20,10,4380.30,7,Buy,56,80,136,-24.00,2.00,-26.00,2.40,83.3,4381.10,4381.10,4378.70,4379.10,224,159,383,65.00,68.00,-9.00,5.50,89.1,168,348,0.0462,0.0833,98.00,142.00,4385.17,-0.9975,DOWN,85.05,4.5032,1.6090
20260901 220155 038,4378.80,1,4378.80,4379.30,0.50,4378.80,2,4378.70,6,4378.60,8,4378.50,9,4378.40,11,4378.30,8,4378.20,11,4378.10,11,4378.00,10,4377.90,10,4379.30,3,4379.40,3,4379.60,11,4379.70,4,4379.80,6,4379.90,5,4380.00,4,4380.10,12,4380.20,10,4380.30,7,Sell,56,81,137,-25.00,2.00,-26.00,2.40,95.8,4381.10,4381.10,4378.70,4378.80,224,159,383,65.00,68.00,-9.00,5.50,89.1,168,348,0.0462,0.0400,97.00,141.00,4385.14,-1.0070,DOWN,85.05,4.5032,1.6090
20260901 220155 038,4378.80,1,4378.80,4379.30,0.50,4378.80,2,4378.70,6,4378.60,8,4378.50,9,4378.40,11,4378.30,8,4378.20,11,4378.10,11,4378.00,10,4377.90,10,4379.30,3,4379.40,3,4379.60,11,4379.70,4,4379.80,6,4379.90,5,4380.00,4,4380.10,12,4380.20,10,4380.30,7,Sell,56,82,138,-26.00,2.00,-26.00,2.40,95.8,4381.10,4381.10,4378.70,4378.80,224,159,383,65.00,68.00,-9.00,5.50,89.1,168,348,0.0462,0.0000,96.00,140.00,4385.14,-1.0070,DOWN,85.05,4.5032,1.6090
20260901 220155 038,4378.70,2,4378.80,4379.30,0.50,4378.80,2,4378.70,6,4378.60,8,4378.50,9,4378.40,11,4378.30,8,4378.20,11,4378.10,11,4378.00,10,4377.90,10,4379.30,3,4379.40,3,4379.60,11,4379.70,4,4379.80,6,4379.90,5,4380.00,4,4380.10,12,4380.20,10,4380.30,7,Sell,56,84,140,-28.00,2.00,-28.00,2.40,100.0,4381.10,4381.10,4378.70,4378.70,224,159,383,65.00,68.00,-9.00,5.50,89.1,168,348,0.0462,0.0000,94.00,138.00,4385.13,-1.0102,DOWN,85.05,4.5032,1.6090
20260901 220155 038,4378.70,1,4378.80,4379.30,0.50,4378.80,2,4378.70,6,4378.60,8,4378.50,9,4378.40,11,4378.30,8,4378.20,11,4378.10,11,4378.00,10,4377.90,10,4379.30,3,4379.40,3,4379.60,11,4379.70,4,4379.80,6,4379.90,5,4380.00,4,4380.10,12,4380.20,10,4380.30,7,Sell,56,85,141,-29.00,2.00,-29.00,2.40,100.0,4381.10,4381.10,4378.70,4378.70,224,159,383,65.00,68.00,-9.00,5.50,89.1,168,348,0.0462,0.0000,93.00,137.00,4385.13,-1.0102,DOWN,85.05,4.5032,1.6090
20260901 220155 038,4378.70,1,4378.80,4379.30,0.50,4378.80,2,4378.70,6,4378.60,8,4378.50,9,4378.40,11,4378.30,8,4378.20,11,4378.10,11,4378.00,10,4377.90,10,4379.30,3,4379.40,3,4379.60,11,4379.70,4,4379.80,6,4379.90,5,4380.00,4,4380.10,12,4380.20,10,4380.30,7,Sell,56,86,142,-30.00,2.00,-30.00,2.40,100.0,4381.10,4381.10,4378.70,4378.70,224,159,383,65.00,68.00,-9.00,5.50,89.1,168,348,0.0462,0.0000,92.00,136.00,4385.13,-1.0102,DOWN,85.05,4.5032,1.6090
20260901 220155 038,4378.70,1,4378.80,4379.30,0.50,4378.80,2,4378.70,6,4378.60,8,4378.50,9,4378.40,11,4378.30,8,4378.20,11,4378.10,11,4378.00,10,4377.90,10,4379.30,3,4379.40,3,4379.60,11,4379.70,4,4379.80,6,4379.90,5,4380.00,4,4380.10,12,4380.20,10,4380.30,7,Sell,56,87,143,-31.00,2.00,-31.00,2.40,100.0,4381.10,4381.10,4378.70,4378.70,224,159,383,65.00,68.00,-9.00,5.50,89.1,168,348,0.0462,0.0000,91.00,135.00,4385.13,-1.0102,DOWN,85.05,4.5032,1.6090
20260901 220155 072,4378.70,1,4378.60,4378.90,0.30,4378.60,1,4378.50,1,4378.40,3,4378.20,4,4378.10,6,4378.00,5,4377.90,9,4377.80,11,4377.70,8,4377.60,9,4378.90,1,4379.00,2,4379.10,4,4379.20,1,4379.30,5,4379.40,4,4379.50,2,4379.60,11,4379.70,3,4379.80,8,Sell,56,88,144,-32.00,2.00,-32.00,2.40,100.0,4381.10,4381.10,4378.70,4378.70,224,159,383,65.00,68.00,-9.00,5.50,89.1,168,348,0.0462,0.0000,90.00,134.00,4385.13,-1.0102,DOWN,85.05,4.5032,1.6090
20260901 220155 122,4378.90,1,4378.60,4378.90,0.30,4378.60,1,4378.50,1,4378.40,4,4378.20,4,4378.10,6,4378.00,5,4377.90,9,4377.80,11,4377.70,8,4377.60,9,4378.90,1,4379.00,2,4379.10,4,4379.20,1,4379.30,5,4379.40,4,4379.50,2,4379.60,11,4379.70,3,4379.80,8,Buy,57,88,145,-31.00,2.00,-32.00,2.40,91.7,4381.10,4381.10,4378.70,4378.90,224,159,383,65.00,68.00,-9.00,5.50,89.1,168,348,0.0462,0.0323,91.00,135.00,4385.15,-1.0038,DOWN,85.05,4.5032,1.6090
20260901 220155 146,4378.60,1,4378.60,4378.90,0.30,4378.60,1,4378.50,1,4378.40,4,4378.20,4,4378.10,6,4378.00,5,4377.90,9,4377.80,11,4377.70,8,4377.60,9,4378.90,1,4379.00,2,4379.10,4,4379.20,1,4379.30,5,4379.40,4,4379.50,2,4379.60,11,4379.70,3,4379.80,8,Sell,57,89,146,-32.00,2.00,-32.00,2.50,100.0,4381.10,4381.10,4378.60,4378.60,224,159,383,65.00,68.00,-9.00,5.50,89.1,168,348,0.0462,0.0000,90.00,134.00,4385.12,-1.0134,DOWN,85.05,4.5032,1.6161
20260901 220155 759,4378.70,1,4378.40,4378.90,0.50,4378.40,3,4378.20,3,4378.10,5,4378.00,4,4377.90,9,4377.80,11,4377.70,8,4377.60,9,4377.50,7,4377.40,8,4378.90,1,4379.00,3,4379.10,4,4379.20,1,4379.30,5,4379.40,4,4379.50,2,4379.60,11,4379.70,9,4379.80,9,Buy,58,89,147,-31.00,2.00,-32.00,2.50,96.0,4381.10,4381.10,4378.60,4378.70,224,159,383,65.00,68.00,-9.00,5.50,89.1,168,348,0.0462,0.0323,91.00,135.00,4385.13,-1.0102,DOWN,85.05,4.5032,1.6161
20260901 220155 759,4378.50,1,4378.40,4378.90,0.50,4378.40,3,4378.20,3,4378.10,5,4378.00,4,4377.90,9,4377.80,11,4377.70,8,4377.60,9,4377.50,7,4377.40,8,4378.90,1,4379.00,3,4379.10,4,4379.20,1,4379.30,5,4379.40,4,4379.50,2,4379.60,11,4379.70,9,4379.80,9,Sell,58,90,148,-32.00,2.00,-32.00,2.60,100.0,4381.10,4381.10,4378.50,4378.50,224,159,383,65.00,68.00,-9.00,5.50,89.1,168,348,0.0462,0.0000,90.00,134.00,4385.11,-1.0165,DOWN,85.05,4.5032,1.6233
20260901 220156 222,4378.50,1,4378.50,4378.80,0.30,4378.40,3,4378.20,2,4378.10,5,4378.00,4,4377.90,9,4377.80,11,4377.70,8,4377.60,9,4377.50,7,4377.40,8,4378.70,2,4378.80,2,4378.90,3,4379.00,4,4379.10,4,4379.20,3,4379.30,5,4379.40,4,4379.50,3,4379.60,16,Sell,58,91,149,-33.00,2.00,-33.00,2.60,100.0,4381.10,4381.10,4378.50,4378.50,224,159,383,65.00,68.00,-9.00,5.50,89.1,168,348,0.0462,0.0000,89.00,133.00,4385.11,-1.0165,DOWN,85.05,4.5032,1.6233
20260901 220157 479,4378.40,2,4378.40,4378.70,0.30,4378.20,2,4378.10,4,4378.00,4,4377.90,9,4377.80,11,4377.70,8,4377.60,9,4377.50,7,4377.40,8,4377.30,12,4378.70,4,4378.80,2,4378.90,3,4379.00,4,4379.10,4,4379.20,3,4379.30,5,4379.40,4,4379.50,3,4379.60,16,Sell,58,93,151,-35.00,2.00,-35.00,2.70,100.0,4381.10,4381.10,4378.40,4378.40,224,159,383,65.00,68.00,-9.00,5.50,89.1,168,348,0.0462,0.0000,87.00,131.00,4385.10,-1.0197,DOWN,85.05,4.5032,1.6304
20260901 220157 979,4378.70,1,4378.20,4378.70,0.50,4378.20,2,4378.10,4,4378.00,3,4377.90,4,4377.80,4,4377.70,7,4377.60,9,4377.50,7,4377.40,8,4377.30,12,4378.70,3,4378.80,2,4378.90,3,4379.00,4,4379.10,4,4379.20,3,4379.30,5,4379.40,10,4379.50,9,4379.60,17,Buy,59,93,152,-34.00,2.00,-35.00,2.70,88.9,4381.10,4381.10,4378.40,4378.70,224,159,383,65.00,68.00,-9.00,5.50,89.1,168,348,0.0462,0.0294,88.00,132.00,4385.13,-1.0102,DOWN,85.05,4.5032,1.6304
20260901 220158 709,4378.70,1,4378.20,4378.70,0.50,4378.30,1,4378.20,2,4378.10,5,4378.00,3,4377.90,4,4377.80,5,4377.70,8,4377.60,9,4377.50,7,4377.40,8,4378.60,1,4378.70,2,4378.80,2,4378.90,3,4379.00,4,4379.10,4,4379.20,3,4379.30,5,4379.40,10,4379.50,9,Buy,60,93,153,-33.00,2.00,-35.00,2.70,88.9,4381.10,4381.10,4378.40,4378.70,224,159,383,65.00,68.00,-9.00,5.50,89.1,168,348,0.0462,0.0606,89.00,133.00,4385.13,-1.0102,DOWN,85.05,4.5032,1.6304
20260901 220159 249,4378.30,1,4378.10,4378.60,0.50,4378.10,2,4377.90,1,4377.80,4,4377.60,3,4377.50,7,4377.40,7,4377.30,12,4377.20,7,4377.10,9,4377.00,7,4378.60,2,4378.70,2,4378.80,1,4378.90,3,4379.00,5,4379.10,5,4379.20,8,4379.30,11,4379.40,11,4379.50,8,Sell,60,94,154,-34.00,2.00,-35.00,2.80,100.0,4381.10,4381.10,4378.30,4378.30,224,159,383,65.00,68.00,-9.00,5.50,89.1,168,348,0.0462,0.0294,88.00,132.00,4385.09,-1.0229,DOWN,85.05,4.5032,1.6375
20260901 220159 251,4378.20,1,4378.10,4378.60,0.50,4378.10,2,4377.90,1,4377.80,4,4377.60,3,4377.50,7,4377.40,7,4377.30,12,4377.20,7,4377.10,9,4377.00,7,4378.60,2,4378.70,2,4378.80,1,4378.90,3,4379.00,5,4379.10,5,4379.20,8,4379.30,11,4379.40,11,4379.50,8,Sell,60,95,155,-35.00,2.00,-35.00,2.90,100.0,4381.10,4381.10,4378.20,4378.20,224,159,383,65.00,68.00,-9.00,5.50,89.1,168,348,0.0462,0.0000,87.00,131.00,4385.08,-1.0261,DOWN,85.05,4.5032,1.6447
20260901 220200 612,4378.10,1,4378.10,4378.60,0.50,4378.10,3,4378.00,2,4377.90,1,4377.80,5,4377.60,4,4377.50,7,4377.40,8,4377.30,12,4377.20,8,4377.10,9,4378.60,3,4378.70,2,4378.80,1,4378.90,3,4379.00,6,4379.10,5,4379.20,9,4379.30,11,4379.40,12,4379.50,8,Sell,0,1,1,-1.00,-1.00,-1.00,0.00,0.0,4378.10,4378.10,4378.10,4378.10,60,95,155,-35.00,2.00,-35.00,2.90,100.0,-99,156,0.0000,0.0000,43.00,129.00,4385.07,-1.0292,DOWN,90.65,1.7099,1.5344
20260901 220201 257,4378.10,1,4378.10,4378.60,0.50,4378.10,3,4378.00,2,4377.90,1,4377.80,5,4377.60,4,4377.50,7,4377.40,8,4377.30,12,4377.20,8,4377.10,9,4378.60,3,4378.70,2,4378.80,1,4378.90,3,4379.00,6,4379.10,5,4379.20,9,4379.30,11,4379.40,12,4379.50,8,Sell,0,2,2,-2.00,-1.00,-2.00,0.00,0.0,4378.10,4378.10,4378.10,4378.10,60,95,155,-35.00,2.00,-35.00,2.90,100.0,-99,156,0.0000,0.0000,42.00,128.00,4385.07,-1.0292,DOWN,90.65,1.7099,1.5344
20260901 220203 945,4378.20,1,4377.80,4378.40,0.60,4377.80,3,4377.60,3,4377.50,6,4377.40,8,4377.30,12,4377.20,8,4377.10,9,4377.00,8,4376.90,10,4376.80,8,4378.40,2,4378.50,3,4378.60,5,4378.70,3,4378.80,3,4378.90,4,4379.00,6,4379.10,5,4379.20,10,4379.30,9,Sell,0,3,3,-3.00,-1.00,-3.00,0.10,100.0,4378.10,4378.20,4378.10,4378.20,60,95,155,-35.00,2.00,-35.00,2.90,100.0,-99,156,0.0000,0.0000,41.00,127.00,4385.08,-1.0261,DOWN,90.65,1.7099,1.5344
20260901 220203 945,4378.20,1,4377.80,4378.40,0.60,4377.80,3,4377.60,3,4377.50,6,4377.40,8,4377.30,12,4377.20,8,4377.10,9,4377.00,8,4376.90,10,4376.80,8,4378.40,2,4378.50,3,4378.60,5,4378.70,3,4378.80,3,4378.90,4,4379.00,6,4379.10,5,4379.20,10,4379.30,9,Sell,0,4,4,-4.00,-1.00,-4.00,0.10,100.0,4378.10,4378.20,4378.10,4378.20,60,95,155,-35.00,2.00,-35.00,2.90,100.0,-99,156,0.0000,0.0000,40.00,126.00,4385.08,-1.0261,DOWN,90.65,1.7099,1.5344
20260901 220203 945,4378.10,1,4377.80,4378.40,0.60,4377.80,3,4377.60,3,4377.50,6,4377.40,8,4377.30,12,4377.20,8,4377.10,9,4377.00,8,4376.90,10,4376.80,8,4378.40,2,4378.50,3,4378.60,5,4378.70,3,4378.80,3,4378.90,4,4379.00,6,4379.10,5,4379.20,10,4379.30,9,Sell,0,5,5,-5.00,-1.00,-5.00,0.10,0.0,4378.10,4378.20,4378.10,4378.10,60,95,155,-35.00,2.00,-35.00,2.90,100.0,-99,156,0.0000,0.0000,39.00,125.00,4385.07,-1.0292,DOWN,90.65,1.7099,1.5344
20260901 220203 945,4378.00,1,4377.80,4378.40,0.60,4377.80,3,4377.60,3,4377.50,6,4377.40,8,4377.30,12,4377.20,8,4377.10,9,4377.00,8,4376.90,10,4376.80,8,4378.40,2,4378.50,3,4378.60,5,4378.70,3,4378.80,3,4378.90,4,4379.00,6,4379.10,5,4379.20,10,4379.30,9,Sell,0,6,6,-6.00,-1.00,-6.00,0.20,50.0,4378.10,4378.20,4378.00,4378.00,60,95,155,-35.00,2.00,-35.00,2.90,100.0,-99,156,0.0000,0.0000,38.00,124.00,4385.06,-1.0324,DOWN,90.65,1.7099,1.5415
20260901 220203 945,4377.90,1,4377.80,4378.40,0.60,4377.80,3,4377.60,3,4377.50,6,4377.40,8,4377.30,12,4377.20,8,4377.10,9,4377.00,8,4376.90,10,4376.80,8,4378.40,2,4378.50,3,4378.60,5,4378.70,3,4378.80,3,4378.90,4,4379.00,6,4379.10,5,4379.20,10,4379.30,9,Sell,0,7,7,-7.00,-1.00,-7.00,0.30,66.7,4378.10,4378.20,4377.90,4377.90,60,95,155,-35.00,2.00,-35.00,2.90,100.0,-99,156,0.0000,0.0000,37.00,123.00,4385.05,-1.0356,DOWN,90.65,1.7099,1.5486
20260901 220203 945,4377.80,1,4377.80,4378.40,0.60,4377.80,3,4377.60,3,4377.50,6,4377.40,8,4377.30,12,4377.20,8,4377.10,9,4377.00,8,4376.90,10,4376.80,8,4378.40,2,4378.50,3,4378.60,5,4378.70,3,4378.80,3,4378.90,4,4379.00,6,4379.10,5,4379.20,10,4379.30,9,Sell,0,8,8,-8.00,-1.00,-8.00,0.40,75.0,4378.10,4378.20,4377.80,4377.80,60,95,155,-35.00,2.00,-35.00,2.90,100.0,-99,156,0.0000,0.0000,36.00,122.00,4385.04,-1.0388,DOWN,90.65,1.7099,1.5558
20260901 220203 967,4377.90,1,4377.80,4378.40,0.60,4377.80,3,4377.60,3,4377.50,6,4377.40,8,4377.30,12,4377.20,8,4377.10,9,4377.00,8,4376.90,10,4376.80,8,4378.40,2,4378.50,3,4378.60,5,4378.70,3,4378.80,3,4378.90,4,4379.00,6,4379.10,5,4379.20,10,4379.30,9,Sell,0,9,9,-9.00,-1.00,-9.00,0.40,50.0,4378.10,4378.20,4377.80,4377.90,60,95,155,-35.00,2.00,-35.00,2.90,100.0,-99,156,0.0000,0.0000,35.00,121.00,4385.05,-1.0356,DOWN,90.65,1.7099,1.5558
20260901 220204 053,4377.80,1,4377.80,4378.40,0.60,4377.60,2,4377.50,5,4377.40,7,4377.30,9,4377.20,8,4377.10,9,4377.00,8,4376.90,10,4376.80,8,4376.70,9,4378.30,2,4378.40,4,4378.60,5,4378.70,3,4378.80,3,4378.90,4,4379.00,6,4379.10,6,4379.20,10,4379.30,8,Sell,0,10,10,-10.00,-1.00,-10.00,0.40,75.0,4378.10,4378.20,4377.80,4377.80,60,95,155,-35.00,2.00,-35.00,2.90,100.0,-99,156,0.0000,0.0000,34.00,120.00,4385.04,-1.0388,DOWN,90.65,1.7099,1.5558
20260901 220204 053,4377.80,1,4377.80,4378.40,0.60,4377.60,2,4377.50,5,4377.40,7,4377.30,9,4377.20,8,4377.10,9,4377.00,8,4376.90,10,4376.80,8,4376.70,9,4378.30,2,4378.40,4,4378.60,5,4378.70,3,4378.80,3,4378.90,4,4379.00,6,4379.10,6,4379.20,10,4379.30,8,Sell,0,11,11,-11.00,-1.00,-11.00,0.40,75.0,4378.10,4378.20,4377.80,4377.80,60,95,155,-35.00,2.00,-35.00,2.90,100.0,-99,156,0.0000,0.0000,33.00,119.00,4385.04,-1.0388,DOWN,90.65,1.7099,1.5558
20260901 220204 053,4377.80,1,4377.80,4378.40,0.60,4377.60,2,4377.50,5,4377.40,7,4377.30,9,4377.20,8,4377.10,9,4377.00,8,4376.90,10,4376.80,8,4376.70,9,4378.30,2,4378.40,4,4378.60,5,4378.70,3,4378.80,3,4378.90,4,4379.00,6,4379.10,6,4379.20,10,4379.30,8,Sell,0,12,12,-12.00,-1.00,-12.00,0.40,75.0,4378.10,4378.20,4377.80,4377.80,60,95,155,-35.00,2.00,-35.00,2.90,100.0,-99,156,0.0000,0.0000,32.00,118.00,4385.04,-1.0388,DOWN,90.65,1.7099,1.5558
20260901 220204 053,4377.60,1,4377.80,4378.40,0.60,4377.60,2,4377.50,5,4377.40,7,4377.30,9,4377.20,8,4377.10,9,4377.00,8,4376.90,10,4376.80,8,4376.70,9,4378.30,2,4378.40,4,4378.60,5,4378.70,3,4378.80,3,4378.90,4,4379.00,6,4379.10,6,4379.20,10,4379.30,8,Sell,0,13,13,-13.00,-1.00,-13.00,0.60,83.3,4378.10,4378.20,4377.60,4377.60,60,95,155,-35.00,2.00,-35.00,2.90,100.0,-99,156,0.0000,0.0000,31.00,117.00,4385.02,-1.0451,DOWN,90.65,1.7099,1.5701
20260901 220204 053,4377.60,1,4377.80,4378.40,0.60,4377.60,2,4377.50,5,4377.40,7,4377.30,9,4377.20,8,4377.10,9,4377.00,8,4376.90,10,4376.80,8,4376.70,9,4378.30,2,4378.40,4,4378.60,5,4378.70,3,4378.80,3,4378.90,4,4379.00,6,4379.10,6,4379.20,10,4379.30,8,Sell,0,14,14,-14.00,-1.00,-14.00,0.60,83.3,4378.10,4378.20,4377.60,4377.60,60,95,155,-35.00,2.00,-35.00,2.90,100.0,-99,156,0.0000,0.0000,30.00,116.00,4385.02,-1.0451,DOWN,90.65,1.7099,1.5701
20260901 220204 053,4377.60,1,4377.80,4378.40,0.60,4377.60,2,4377.50,5,4377.40,7,4377.30,9,4377.20,8,4377.10,9,4377.00,8,4376.90,10,4376.80,8,4376.70,9,4378.30,2,4378.40,4,4378.60,5,4378.70,3,4378.80,3,4378.90,4,4379.00,6,4379.10,6,4379.20,10,4379.30,8,Sell,0,15,15,-15.00,-1.00,-15.00,0.60,83.3,4378.10,4378.20,4377.60,4377.60,60,95,155,-35.00,2.00,-35.00,2.90,100.0,-99,156,0.0000,0.0000,29.00,115.00,4385.02,-1.0451,DOWN,90.65,1.7099,1.5701
20260901 220204 053,4377.50,2,4377.80,4378.40,0.60,4377.60,2,4377.50,5,4377.40,7,4377.30,9,4377.20,8,4377.10,9,4377.00,8,4376.90,10,4376.80,8,4376.70,9,4378.30,2,4378.40,4,4378.60,5,4378.70,3,4378.80,3,4378.90,4,4379.00,6,4379.10,6,4379.20,10,4379.30,8,Sell,0,17,17,-17.00,-1.00,-17.00,0.70,85.7,4378.10,4378.20,4377.50,4377.50,60,95,155,-35.00,2.00,-35.00,2.90,100.0,-99,156,0.0000,0.0000,27.00,113.00,4385.01,-1.0483,DOWN,90.65,1.7099,1.5772
20260901 220204 459,4378.20,1,4377.80,4378.20,0.40,4377.80,5,4377.60,2,4377.50,5,4377.40,8,4377.30,10,4377.20,8,4377.10,9,4377.00,8,4376.90,10,4376.80,8,4378.20,1,4378.30,2,4378.40,2,4378.60,6,4378.70,3,4378.80,3,4378.90,4,4379.00,7,4379.10,4,4379.20,9,Buy,1,17,18,-16.00,-1.00,-17.00,0.70,14.3,4378.10,4378.20,4377.50,4378.20,60,95,155,-35.00,2.00,-35.00,2.90,100.0,-99,156,0.0000,0.0625,28.00,114.00,4385.08,-1.0261,DOWN,90.65,1.7099,1.5772
20260901 220204 460,4378.20,1,4377.80,4378.20,0.40,4377.80,5,4377.60,2,4377.50,5,4377.40,8,4377.30,10,4377.20,8,4377.10,9,4377.00,8,4376.90,10,4376.80,8,4378.20,1,4378.30,2,4378.40,2,4378.60,6,4378.70,3,4378.80,3,4378.90,4,4379.00,7,4379.10,4,4379.20,9,Buy,2,17,19,-15.00,-1.00,-17.00,0.70,14.3,4378.10,4378.20,4377.50,4378.20,60,95,155,-35.00,2.00,-35.00,2.90,100.0,-99,156,0.0000,0.1333,29.00,115.00,4385.08,-1.0261,DOWN,90.65,1.7099,1.5772
20260901 220207 311,4378.10,1,4377.80,4378.10,0.30,4377.80,3,4377.60,2,4377.50,5,4377.40,8,4377.30,11,4377.20,8,4377.10,9,4377.00,8,4376.90,10,4376.80,8,4378.20,1,4378.30,2,4378.40,2,4378.60,6,4378.70,3,4378.80,3,4378.90,4,4379.00,7,4379.10,4,4379.20,9,Buy,3,17,20,-14.00,-1.00,-17.00,0.70,0.0,4378.10,4378.20,4377.50,4378.10,60,95,155,-35.00,2.00,-35.00,2.90,100.0,-99,156,0.0000,0.2143,30.00,116.00,4385.07,-1.0292,DOWN,90.65,1.7099,1.5772
20260901 220207 502,4378.20,1,4377.80,4378.20,0.40,4377.80,3,4377.60,2,4377.50,5,4377.40,8,4377.30,11,4377.20,8,4377.10,9,4377.00,8,4376.90,10,4376.80,8,4378.20,1,4378.30,2,4378.40,2,4378.60,5,4378.70,3,4378.80,3,4378.90,4,4379.00,7,4379.10,4,4379.20,9,Buy,4,17,21,-13.00,-1.00,-17.00,0.70,14.3,4378.10,4378.20,4377.50,4378.20,60,95,155,-35.00,2.00,-35.00,2.90,100.0,-99,156,0.0000,0.3077,31.00,117.00,4385.08,-1.0261,DOWN,90.65,1.7099,1.5772
20260901 220209 046,4378.20,4,4377.90,4378.40,0.50,4377.90,2,4377.80,2,4377.70,3,4377.60,2,4377.50,6,4377.40,8,4377.30,11,4377.20,8,4377.10,9,4377.00,8,4378.40,2,4378.50,3,4378.60,5,4378.70,3,4378.80,3,4378.90,5,4379.00,6,4379.10,3,4379.20,10,4379.30,9,Buy,8,17,25,-9.00,-1.00,-17.00,0.70,14.3,4378.10,4378.20,4377.50,4378.20,60,95,155,-35.00,2.00,-35.00,2.90,100.0,-99,156,0.0000,0.8889,35.00,121.00,4385.08,-1.0261,DOWN,90.65,1.7099,1.5772
20260901 220209 065,4378.00,2,4377.90,4378.40,0.50,4377.90,2,4377.80,2,4377.70,3,4377.60,2,4377.50,6,4377.40,8,4377.30,11,4377.20,8,4377.10,9,4377.00,8,4378.40,2,4378.50,3,4378.60,5,4378.70,3,4378.80,3,4378.90,5,4379.00,6,4379.10,3,4379.20,10,4379.30,9,Sell,8,19,27,-11.00,-1.00,-17.00,0.70,14.3,4378.10,4378.20,4377.50,4378.00,60,95,155,-35.00,2.00,-35.00,2.90,100.0,-99,156,0.0000,0.5455,33.00,119.00,4385.06,-1.0324,DOWN,90.65,1.7099,1.5772
20260901 220210 486,4378.20,2,4378.20,4378.60,0.40,4378.20,2,4378.00,3,4377.90,10,4377.80,2,4377.70,3,4377.60,2,4377.50,6,4377.40,8,4377.30,11,4377.20,8,4378.60,4,4378.80,3,4378.90,4,4379.00,7,4379.10,5,4379.20,4,4379.30,4,4379.40,11,4379.50,8,4379.60,11,Sell,8,21,29,-13.00,-1.00,-17.00,0.70,14.3,4378.10,4378.20,4377.50,4378.20,60,95,155,-35.00,2.00,-35.00,2.90,100.0,-99,156,0.0000,0.3077,31.00,117.00,4385.08,-1.0261,DOWN,90.65,1.7099,1.5772
20260901 220211 244,4378.60,1,4378.20,4378.50,0.30,4378.20,2,4378.00,3,4377.90,10,4377.80,2,4377.70,3,4377.60,2,4377.50,6,4377.40,8,4377.30,11,4377.20,8,4378.50,2,4378.60,4,4378.80,3,4378.90,4,4379.00,7,4379.10,5,4379.20,4,4379.30,4,4379.40,11,4379.50,8,Buy,9,21,30,-12.00,-1.00,-17.00,1.10,45.5,4378.10,4378.60,4377.50,4378.60,60,95,155,-35.00,2.00,-35.00,2.90,100.0,-99,156,0.0000,0.4167,32.00,118.00,4385.12,-1.0134,DOWN,90.65,1.7099,1.6058
20260901 220212 296,4378.50,1,4378.20,4378.50,0.30,4378.20,2,4378.00,3,4377.90,10,4377.80,2,4377.70,3,4377.60,2,4377.50,6,4377.40,9,4377.30,11,4377.20,8,4378.50,2,4378.60,4,4378.80,3,4378.90,4,4379.00,7,4379.10,3,4379.20,4,4379.30,4,4379.40,11,4379.50,8,Buy,10,21,31,-11.00,-1.00,-17.00,1.10,36.4,4378.10,4378.60,4377.50,4378.50,60,95,155,-35.00,2.00,-35.00,2.90,100.0,-99,156,0.0000,0.5455,33.00,119.00,4385.11,-1.0165,DOWN,90.65,1.7099,1.6058
20260901 220212 317,4378.20,2,4378.20,4378.50,0.30,4378.20,2,4378.00,3,4377.90,10,4377.80,2,4377.70,3,4377.60,2,4377.50,6,4377.40,9,4377.30,11,4377.20,8,4378.50,2,4378.60,4,4378.80,3,4378.90,4,4379.00,7,4379.10,3,4379.20,4,4379.30,4,4379.40,11,4379.50,8,Sell,10,23,33,-13.00,-1.00,-17.00,1.10,9.1,4378.10,4378.60,4377.50,4378.20,60,95,155,-35.00,2.00,-35.00,2.90,100.0,-99,156,0.0000,0.3077,31.00,117.00,4385.08,-1.0261,DOWN,90.65,1.7099,1.6058
20260901 220212 317,4378.00,1,4378.20,4378.50,0.30,4378.20,2,4378.00,3,4377.90,10,4377.80,2,4377.70,3,4377.60,2,4377.50,6,4377.40,9,4377.30,11,4377.20,8,4378.50,2,4378.60,4,4378.80,3,4378.90,4,4379.00,7,4379.10,3,4379.20,4,4379.30,4,4379.40,11,4379.50,8,Sell,10,24,34,-14.00,-1.00,-17.00,1.10,9.1,4378.10,4378.60,4377.50,4378.00,60,95,155,-35.00,2.00,-35.00,2.90,100.0,-99,156,0.0000,0.2143,30.00,116.00,4385.06,-1.0324,DOWN,90.65,1.7099,1.6058
20260901 220212 317,4378.00,1,4378.20,4378.50,0.30,4378.20,2,4378.00,3,4377.90,10,4377.80,2,4377.70,3,4377.60,2,4377.50,6,4377.40,9,4377.30,11,4377.20,8,4378.50,2,4378.60,4,4378.80,3,4378.90,4,4379.00,7,4379.10,3,4379.20,4,4379.30,4,4379.40,11,4379.50,8,Sell,10,25,35,-15.00,-1.00,-17.00,1.10,9.1,4378.10,4378.60,4377.50,4378.00,60,95,155,-35.00,2.00,-35.00,2.90,100.0,-99,156,0.0000,0.1333,29.00,115.00,4385.06,-1.0324,DOWN,90.65,1.7099,1.6058
20260901 220212 317,4378.00,1,4378.20,4378.50,0.30,4378.20,2,4378.00,3,4377.90,10,4377.80,2,4377.70,3,4377.60,2,4377.50,6,4377.40,9,4377.30,11,4377.20,8,4378.50,2,4378.60,4,4378.80,3,4378.90,4,4379.00,7,4379.10,3,4379.20,4,4379.30,4,4379.40,11,4379.50,8,Sell,10,26,36,-16.00,-1.00,-17.00,1.10,9.1,4378.10,4378.60,4377.50,4378.00,60,95,155,-35.00,2.00,-35.00,2.90,100.0,-99,156,0.0000,0.0625,28.00,114.00,4385.06,-1.0324,DOWN,90.65,1.7099,1.6058
20260901 220212 317,4377.90,1,4378.20,4378.50,0.30,4378.20,2,4378.00,3,4377.90,10,4377.80,2,4377.70,3,4377.60,2,4377.50,6,4377.40,9,4377.30,11,4377.20,8,4378.50,2,4378.60,4,4378.80,3,4378.90,4,4379.00,7,4379.10,3,4379.20,4,4379.30,4,4379.40,11,4379.50,8,Sell,10,27,37,-17.00,-1.00,-17.00,1.10,18.2,4378.10,4378.60,4377.50,4377.90,60,95,155,-35.00,2.00,-35.00,2.90,100.0,-99,156,0.0000,0.0000,27.00,113.00,4385.05,-1.0356,DOWN,90.65,1.7099,1.6058
20260901 220212 317,4377.90,1,4378.20,4378.50,0.30,4378.20,2,4378.00,3,4377.90,10,4377.80,2,4377.70,3,4377.60,2,4377.50,6,4377.40,9,4377.30,11,4377.20,8,4378.50,2,4378.60,4,4378.80,3,4378.90,4,4379.00,7,4379.10,3,4379.20,4,4379.30,4,4379.40,11,4379.50,8,Sell,10,28,38,-18.00,-1.00,-18.00,1.10,18.2,4378.10,4378.60,4377.50,4377.90,60,95,155,-35.00,2.00,-35.00,2.90,100.0,-99,156,0.0000,0.0000,26.00,112.00,4385.05,-1.0356,DOWN,90.65,1.7099,1.6058
20260901 220215 208,4378.40,1,4378.00,4378.50,0.50,4378.00,3,4377.90,9,4377.80,2,4377.70,4,4377.60,3,4377.50,6,4377.40,9,4377.30,11,4377.20,9,4377.10,9,4378.50,2,4378.60,4,4378.80,3,4378.90,5,4379.00,7,4379.10,4,4379.20,4,4379.30,4,4379.40,11,4379.50,8,Buy,11,28,39,-17.00,-1.00,-18.00,1.10,27.3,4378.10,4378.60,4377.50,4378.40,60,95,155,-35.00,2.00,-35.00,2.90,100.0,-99,156,0.0000,0.0588,27.00,113.00,4385.10,-1.0197,DOWN,90.65,1.7099,1.6058
20260901 220215 210,4378.20,2,4378.00,4378.50,0.50,4378.00,3,4377.90,9,4377.80,2,4377.70,4,4377.60,3,4377.50,6,4377.40,9,4377.30,11,4377.20,9,4377.10,9,4378.50,2,4378.60,4,4378.80,3,4378.90,5,4379.00,7,4379.10,4,4379.20,4,4379.30,4,4379.40,11,4379.50,8,Sell,11,30,41,-19.00,-1.00,-19.00,1.10,9.1,4378.10,4378.60,4377.50,4378.20,60,95,155,-35.00,2.00,-35.00,2.90,100.0,-99,156,0.0000,0.0000,25.00,111.00,4385.08,-1.0261,DOWN,90.65,1.7099,1.6058
20260901 220215 760,4378.50,1,4378.20,4378.50,0.30,4378.20,2,4378.10,2,4378.00,4,4377.90,10,4377.80,2,4377.70,4,4377.60,3,4377.50,6,4377.40,9,4377.30,11,4378.50,1,4378.60,2,4378.80,3,4378.90,5,4379.00,7,4379.10,4,4379.20,4,4379.30,4,4379.40,11,4379.50,8,Buy,12,30,42,-18.00,-1.00,-19.00,1.10,36.4,4378.10,4378.60,4377.50,4378.50,60,95,155,-35.00,2.00,-35.00,2.90,100.0,-99,156,0.0000,0.0556,26.00,112.00,4385.11,-1.0165,DOWN,90.65,1.7099,1.6058
20260901 220215 760,4378.50,1,4378.20,4378.50,0.30,4378.20,2,4378.10,2,4378.00,4,4377.90,10,4377.80,2,4377.70,4,4377.60,3,4377.50,6,4377.40,9,4377.30,11,4378.50,1,4378.60,2,4378.80,3,4378.90,5,4379.00,7,4379.10,4,4379.20,4,4379.30,4,4379.40,11,4379.50,8,Buy,13,30,43,-17.00,-1.00,-19.00,1.10,36.4,4378.10,4378.60,4377.50,4378.50,60,95,155,-35.00,2.00,-35.00,2.90,100.0,-99,156,0.0000,0.1176,27.00,113.00,4385.11,-1.0165,DOWN,90.65,1.7099,1.6058
20260901 220215 761,4378.50,2,4378.20,4378.50,0.30,4378.20,2,4378.10,2,4378.00,4,4377.90,10,4377.80,2,4377.70,4,4377.60,3,4377.50,6,4377.40,9,4377.30,11,4378.50,1,4378.60,2,4378.80,3,4378.90,5,4379.00,7,4379.10,4,4379.20,4,4379.30,4,4379.40,11,4379.50,8,Buy,15,30,45,-15.00,-1.00,-19.00,1.10,36.4,4378.10,4378.60,4377.50,4378.50,60,95,155,-35.00,2.00,-35.00,2.90,100.0,-99,156,0.0000,0.2667,29.00,115.00,4385.11,-1.0165,DOWN,90.65,1.7099,1.6058
20260901 220216 729,4378.20,1,4378.20,4378.50,0.30,4378.10,1,4378.00,4,4377.90,10,4377.80,2,4377.70,4,4377.60,3,4377.50,6,4377.40,9,4377.30,11,4377.20,9,4378.50,1,4378.60,3,4378.80,3,4378.90,5,4379.00,7,4379.10,4,4379.20,4,4379.30,4,4379.40,11,4379.50,8,Sell,15,31,46,-16.00,-1.00,-19.00,1.10,9.1,4378.10,4378.60,4377.50,4378.20,60,95,155,-35.00,2.00,-35.00,2.90,100.0,-99,156,0.0000,0.1875,28.00,114.00,4385.08,-1.0261,DOWN,90.65,1.7099,1.6058
20260901 220216 729,4378.10,1,4378.20,4378.50,0.30,4378.10,1,4378.00,4,4377.90,10,4377.80,2,4377.70,4,4377.60,3,4377.50,6,4377.40,9,4377.30,11,4377.20,9,4378.50,1,4378.60,3,4378.80,3,4378.90,5,4379.00,7,4379.10,4,4379.20,4,4379.30,4,4379.40,11,4379.50,8,Sell,15,32,47,-17.00,-1.00,-19.00,1.10,0.0,4378.10,4378.60,4377.50,4378.10,60,95,155,-35.00,2.00,-35.00,2.90,100.0,-99,156,0.0000,0.1176,27.00,113.00,4385.07,-1.0292,DOWN,90.65,1.7099,1.6058
20260901 220217 395,4378.50,1,4378.00,4378.50,0.50,4378.00,3,4377.90,9,4377.80,2,4377.70,4,4377.60,3,4377.50,6,4377.40,9,4377.30,11,4377.20,9,4377.10,9,4378.50,2,4378.60,4,4378.80,3,4378.90,5,4379.00,7,4379.10,4,4379.20,4,4379.30,4,4379.40,11,4379.50,8,Buy,16,32,48,-16.00,-1.00,-19.00,1.10,36.4,4378.10,4378.60,4377.50,4378.50,60,95,155,-35.00,2.00,-35.00,2.90,100.0,-99,156,0.0000,0.1875,28.00,114.00,4385.11,-1.0165,DOWN,90.65,1.7099,1.6058
20260901 220218 662,4378.60,1,4378.30,4378.80,0.50,4378.30,1,4378.20,4,4378.10,3,4378.00,6,4377.90,11,4377.80,3,4377.70,9,4377.60,8,4377.50,6,4377.40,9,4378.80,3,4378.90,6,4379.00,4,4379.10,4,4379.20,5,4379.30,3,4379.40,6,4379.50,8,4379.60,11,4379.70,9,Buy,17,32,49,-15.00,-1.00,-19.00,1.10,45.5,4378.10,4378.60,4377.50,4378.60,60,95,155,-35.00,2.00,-35.00,2.90,100.0,-99,156,0.0000,0.2667,29.00,115.00,4385.12,-1.0134,DOWN,90.65,1.7099,1.6058
20260901 220218 662,4378.60,1,4378.30,4378.80,0.50,4378.30,1,4378.20,4,4378.10,3,4378.00,6,4377.90,11,4377.80,3,4377.70,9,4377.60,8,4377.50,6,4377.40,9,4378.80,3,4378.90,6,4379.00,4,4379.10,4,4379.20,5,4379.30,3,4379.40,6,4379.50,8,4379.60,11,4379.70,9,Buy,18,32,50,-14.00,-1.00,-19.00,1.10,45.5,4378.10,4378.60,4377.50,4378.60,60,95,155,-35.00,2.00,-35.00,2.90,100.0,-99,156,0.0000,0.3571,30.00,116.00,4385.12,-1.0134,DOWN,90.65,1.7099,1.6058
20260901 220221 989,4378.50,1,4378.20,4378.90,0.70,4378.20,4,4378.10,4,4378.00,7,4377.90,10,4377.80,4,4377.70,9,4377.60,9,4377.50,6,4377.40,9,4377.30,12,4378.90,2,4379.00,4,4379.10,3,4379.20,10,4379.30,8,4379.40,11,4379.50,8,4379.60,10,4379.70,10,4379.80,10,Buy,19,32,51,-13.00,-1.00,-19.00,1.10,36.4,4378.10,4378.60,4377.50,4378.50,60,95,155,-35.00,2.00,-35.00,2.90,100.0,-99,156,0.0000,0.4615,31.00,117.00,4385.11,-1.0165,DOWN,90.65,1.7099,1.6058
20260901 220221 989,4378.50,1,4378.20,4378.90,0.70,4378.20,4,4378.10,4,4378.00,7,4377.90,10,4377.80,4,4377.70,9,4377.60,9,4377.50,6,4377.40,9,4377.30,12,4378.90,2,4379.00,4,4379.10,3,4379.20,10,4379.30,8,4379.40,11,4379.50,8,4379.60,10,4379.70,10,4379.80,10,Buy,20,32,52,-12.00,-1.00,-19.00,1.10,36.4,4378.10,4378.60,4377.50,4378.50,60,95,155,-35.00,2.00,-35.00,2.90,100.0,-99,156,0.0000,0.5833,32.00,118.00,4385.11,-1.0165,DOWN,90.65,1.7099,1.6058
20260901 220221 989,4378.60,1,4378.20,4378.90,0.70,4378.20,4,4378.10,4,4378.00,7,4377.90,10,4377.80,4,4377.70,9,4377.60,9,4377.50,6,4377.40,9,4377.30,12,4378.90,2,4379.00,4,4379.10,3,4379.20,10,4379.30,8,4379.40,11,4379.50,8,4379.60,10,4379.70,10,4379.80,10,Buy,21,32,53,-11.00,-1.00,-19.00,1.10,45.5,4378.10,4378.60,4377.50,4378.60,60,95,155,-35.00,2.00,-35.00,2.90,100.0,-99,156,0.0000,0.7273,33.00,119.00,4385.12,-1.0134,DOWN,90.65,1.7099,1.6058
20260901 220222 012,4378.60,1,4378.20,4378.90,0.70,4378.20,4,4378.10,4,4378.00,7,4377.90,10,4377.80,4,4377.70,9,4377.60,9,4377.50,6,4377.40,9,4377.30,12,4378.90,2,4379.00,4,4379.10,3,4379.20,10,4379.30,8,4379.40,11,4379.50,8,4379.60,10,4379.70,10,4379.80,10,Buy,22,32,54,-10.00,-1.00,-19.00,1.10,45.5,4378.10,4378.60,4377.50,4378.60,60,95,155,-35.00,2.00,-35.00,2.90,100.0,-99,156,0.0000,0.9000,34.00,120.00,4385.12,-1.0134,DOWN,90.65,1.7099,1.6058
20260901 220222 012,4378.70,1,4378.20,4378.90,0.70,4378.20,4,4378.10,4,4378.00,7,4377.90,10,4377.80,4,4377.70,9,4377.60,9,4377.50,6,4377.40,9,4377.30,12,4378.90,2,4379.00,4,4379.10,3,4379.20,10,4379.30,8,4379.40,11,4379.50,8,4379.60,10,4379.70,10,4379.80,10,Buy,23,32,55,-9.00,-1.00,-19.00,1.20,50.0,4378.10,4378.70,4377.50,4378.70,60,95,155,-35.00,2.00,-35.00,2.90,100.0,-99,156,0.0000,1.1111,35.00,121.00,4385.13,-1.0102,DOWN,90.65,1.7099,1.6129
20260901 220222 012,4378.70,1,4378.20,4378.90,0.70,4378.20,4,4378.10,4,4378.00,7,4377.90,10,4377.80,4,4377.70,9,4377.60,9,4377.50,6,4377.40,9,4377.30,12,4378.90,2,4379.00,4,4379.10,3,4379.20,10,4379.30,8,4379.40,11,4379.50,8,4379.60,10,4379.70,10,4379.80,10,Buy,24,32,56,-8.00,-1.00,-19.00,1.20,50.0,4378.10,4378.70,4377.50,4378.70,60,95,155,-35.00,2.00,-35.00,2.90,100.0,-99,156,0.0000,1.3750,36.00,122.00,4385.13,-1.0102,DOWN,90.65,1.7099,1.6129
20260901 220222 014,4378.70,1,4378.20,4378.90,0.70,4378.20,4,4378.10,4,4378.00,7,4377.90,10,4377.80,4,4377.70,9,4377.60,9,4377.50,6,4377.40,9,4377.30,12,4378.90,2,4379.00,4,4379.10,3,4379.20,10,4379.30,8,4379.40,11,4379.50,8,4379.60,10,4379.70,10,4379.80,10,Buy,25,32,57,-7.00,-1.00,-19.00,1.20,50.0,4378.10,4378.70,4377.50,4378.70,60,95,155,-35.00,2.00,-35.00,2.90,100.0,-99,156,0.0000,1.7143,37.00,123.00,4385.13,-1.0102,DOWN,90.65,1.7099,1.6129
20260901 220222 014,4378.70,1,4378.20,4378.90,0.70,4378.20,4,4378.10,4,4378.00,7,4377.90,10,4377.80,4,4377.70,9,4377.60,9,4377.50,6,4377.40,9,4377.30,12,4378.90,2,4379.00,4,4379.10,3,4379.20,10,4379.30,8,4379.40,11,4379.50,8,4379.60,10,4379.70,10,4379.80,10,Buy,26,32,58,-6.00,-1.00,-19.00,1.20,50.0,4378.10,4378.70,4377.50,4378.70,60,95,155,-35.00,2.00,-35.00,2.90,100.0,-99,156,0.0000,2.1667,38.00,124.00,4385.13,-1.0102,DOWN,90.65,1.7099,1.6129
20260901 220222 014,4378.70,1,4378.20,4378.90,0.70,4378.20,4,4378.10,4,4378.00,7,4377.90,10,4377.80,4,4377.70,9,4377.60,9,4377.50,6,4377.40,9,4377.30,12,4378.90,2,4379.00,4,4379.10,3,4379.20,10,4379.30,8,4379.40,11,4379.50,8,4379.60,10,4379.70,10,4379.80,10,Buy,27,32,59,-5.00,-1.00,-19.00,1.20,50.0,4378.10,4378.70,4377.50,4378.70,60,95,155,-35.00,2.00,-35.00,2.90,100.0,-99,156,0.0000,2.8000,39.00,125.00,4385.13,-1.0102,DOWN,90.65,1.7099,1.6129
20260901 220222 014,4378.90,1,4378.20,4378.90,0.70,4378.20,4,4378.10,4,4378.00,7,4377.90,10,4377.80,4,4377.70,9,4377.60,9,4377.50,6,4377.40,9,4377.30,12,4378.90,2,4379.00,4,4379.10,3,4379.20,10,4379.30,8,4379.40,11,4379.50,8,4379.60,10,4379.70,10,4379.80,10,Buy,28,32,60,-4.00,-1.00,-19.00,1.40,57.1,4378.10,4378.90,4377.50,4378.90,60,95,155,-35.00,2.00,-35.00,2.90,100.0,-99,156,0.0000,3.7500,40.00,126.00,4385.15,-1.0038,DOWN,90.65,1.7099,1.6272
20260901 220222 014,4378.90,1,4378.20,4378.90,0.70,4378.20,4,4378.10,4,4378.00,7,4377.90,10,4377.80,4,4377.70,9,4377.60,9,4377.50,6,4377.40,9,4377.30,12,4378.90,2,4379.00,4,4379.10,3,4379.20,10,4379.30,8,4379.40,11,4379.50,8,4379.60,10,4379.70,10,4379.80,10,Buy,29,32,61,-3.00,-1.00,-19.00,1.40,57.1,4378.10,4378.90,4377.50,4378.90,60,95,155,-35.00,2.00,-35.00,2.90,100.0,-99,156,0.0000,5.3333,41.00,127.00,4385.15,-1.0038,DOWN,90.65,1.7099,1.6272
20260901 220222 014,4378.90,1,4378.20,4378.90,0.70,4378.20,4,4378.10,4,4378.00,7,4377.90,10,4377.80,4,4377.70,9,4377.60,9,4377.50,6,4377.40,9,4377.30,12,4378.90,2,4379.00,4,4379.10,3,4379.20,10,4379.30,8,4379.40,11,4379.50,8,4379.60,10,4379.70,10,4379.80,10,Buy,30,32,62,-2.00,-1.00,-19.00,1.40,57.1,4378.10,4378.90,4377.50,4378.90,60,95,155,-35.00,2.00,-35.00,2.90,100.0,-99,156,0.0000,8.5000,42.00,128.00,4385.15,-1.0038,DOWN,90.65,1.7099,1.6272
20260901 220222 014,4378.90,1,4378.20,4378.90,0.70,4378.20,4,4378.10,4,4378.00,7,4377.90,10,4377.80,4,4377.70,9,4377.60,9,4377.50,6,4377.40,9,4377.30,12,4378.90,2,4379.00,4,4379.10,3,4379.20,10,4379.30,8,4379.40,11,4379.50,8,4379.60,10,4379.70,10,4379.80,10,Buy,31,32,63,-1.00,-1.00,-19.00,1.40,57.1,4378.10,4378.90,4377.50,4378.90,60,95,155,-35.00,2.00,-35.00,2.90,100.0,-99,156,0.0000,18.0000,43.00,129.00,4385.15,-1.0038,DOWN,90.65,1.7099,1.6272
20260901 220222 014,4378.90,1,4378.20,4378.90,0.70,4378.20,4,4378.10,4,4378.00,7,4377.90,10,4377.80,4,4377.70,9,4377.60,9,4377.50,6,4377.40,9,4377.30,12,4378.90,2,4379.00,4,4379.10,3,4379.20,10,4379.30,8,4379.40,11,4379.50,8,4379.60,10,4379.70,10,4379.80,10,Buy,32,32,64,0.00,0.00,-19.00,1.40,57.1,4378.10,4378.90,4377.50,4378.90,60,95,155,-35.00,2.00,-35.00,2.90,100.0,-99,156,0.0000,0.0000,44.00,130.00,4385.15,-1.0038,DOWN,90.65,1.7099,1.6272
20260901 220222 014,4378.90,1,4378.20,4378.90,0.70,4378.20,4,4378.10,4,4378.00,7,4377.90,10,4377.80,4,4377.70,9,4377.60,9,4377.50,6,4377.40,9,4377.30,12,4378.90,2,4379.00,4,4379.10,3,4379.20,10,4379.30,8,4379.40,11,4379.50,8,4379.60,10,4379.70,10,4379.80,10,Buy,33,32,65,1.00,1.00,-19.00,1.40,57.1,4378.10,4378.90,4377.50,4378.90,60,95,155,-35.00,2.00,-35.00,2.90,100.0,-99,156,0.0000,0.0000,45.00,131.00,4385.15,-1.0038,DOWN,90.65,1.7099,1.6272
20260901 220222 014,4379.00,1,4378.20,4378.90,0.70,4378.20,4,4378.10,4,4378.00,7,4377.90,10,4377.80,4,4377.70,9,4377.60,9,4377.50,6,4377.40,9,4377.30,12,4378.90,2,4379.00,4,4379.10,3,4379.20,10,4379.30,8,4379.40,11,4379.50,8,4379.60,10,4379.70,10,4379.80,10,Buy,34,32,66,2.00,2.00,-19.00,1.50,60.0,4378.10,4379.00,4377.50,4379.00,60,95,155,-35.00,2.00,-35.00,2.90,100.0,-99,156,0.0000,0.0000,46.00,132.00,4385.16,-1.0007,DOWN,90.65,1.7099,1.6344
20260901 220222 645,4378.90,1,4378.20,4378.90,0.70,4378.20,5,4378.10,4,4378.00,7,4377.90,10,4377.80,4,4377.70,9,4377.60,10,4377.50,6,4377.40,10,4377.30,12,4378.90,1,4379.00,4,4379.10,3,4379.20,10,4379.30,8,4379.40,11,4379.50,8,4379.60,10,4379.70,10,4379.80,10,Buy,35,32,67,3.00,3.00,-19.00,1.50,53.3,4378.10,4379.00,4377.50,4378.90,60,95,155,-35.00,2.00,-35.00,2.90,100.0,-99,156,0.0000,0.0000,47.00,133.00,4385.15,-1.0038,DOWN,90.65,1.7099,1.6344
20260901 220222 720,4378.90,1,4378.20,4378.90,0.70,4378.20,5,4378.10,4,4378.00,7,4377.90,10,4377.80,4,4377.70,9,4377.60,10,4377.50,6,4377.40,10,4377.30,12,4378.90,2,4379.00,4,4379.10,3,4379.20,10,4379.30,8,4379.40,11,4379.50,8,4379.60,11,4379.70,10,4379.80,10,Buy,36,32,68,4.00,4.00,-19.00,1.50,53.3,4378.10,4379.00,4377.50,4378.90,60,95,155,-35.00,2.00,-35.00,2.90,100.0,-99,156,0.0000,0.0000,48.00,134.00,4385.15,-1.0038,DOWN,90.65,1.7099,1.6344
20260901 220225 408,4378.80,1,4378.20,4378.80,0.60,4378.20,3,4378.10,2,4378.00,7,4377.90,10,4377.80,4,4377.70,9,4377.60,10,4377.50,6,4377.40,10,4377.30,12,4378.80,3,4378.90,2,4379.00,5,4379.10,3,4379.20,5,4379.30,3,4379.40,12,4379.50,9,4379.60,10,4379.70,9,Buy,37,32,69,5.00,5.00,-19.00,1.50,46.7,4378.10,4379.00,4377.50,4378.80,60,95,155,-35.00,2.00,-35.00,2.90,100.0,-99,156,0.0000,0.0000,49.00,135.00,4385.14,-1.0070,DOWN,90.65,1.7099,1.6344
20260901 220229 807,4378.80,1,4378.20,4378.80,0.60,4378.20,2,4378.10,2,4378.00,8,4377.90,10,4377.80,4,4377.70,9,4377.60,10,4377.50,6,4377.40,10,4377.30,12,4378.80,2,4378.90,2,4379.00,5,4379.10,3,4379.20,5,4379.30,3,4379.40,12,4379.50,9,4379.60,10,4379.70,9,Buy,38,32,70,6.00,6.00,-19.00,1.50,46.7,4378.10,4379.00,4377.50,4378.80,60,95,155,-35.00,2.00,-35.00,2.90,100.0,-99,156,0.0000,0.0000,50.00,136.00,4385.14,-1.0070,DOWN,90.65,1.7099,1.6344
20260901 220234 956,4378.80,1,4378.40,4378.80,0.40,4378.40,2,4378.30,2,4378.20,3,4378.10,2,4378.00,8,4377.90,10,4377.80,4,4377.70,9,4377.60,10,4377.50,6,4378.80,2,4378.90,3,4379.00,6,4379.10,3,4379.20,5,4379.30,3,4379.40,12,4379.50,9,4379.60,10,4379.70,9,Buy,39,32,71,7.00,7.00,-19.00,1.50,46.7,4378.10,4379.00,4377.50,4378.80,60,95,155,-35.00,2.00,-35.00,2.90,100.0,-99,156,0.0000,0.0000,51.00,137.00,4385.14,-1.0070,DOWN,90.65,1.7099,1.6344
20260901 220241 206,4378.40,1,4378.40,4378.80,0.40,4378.40,1,4378.30,2,4378.20,3,4378.10,2,4378.00,8,4377.90,10,4377.80,4,4377.70,9,4377.60,10,4377.50,6,4378.80,2,4378.90,3,4379.00,6,4379.10,3,4379.20,5,4379.30,3,4379.40,12,4379.50,9,4379.60,10,4379.70,9,Sell,39,33,72,6.00,7.00,-19.00,1.50,20.0,4378.10,4379.00,4377.50,4378.40,60,95,155,-35.00,2.00,-35.00,2.90,100.0,-99,156,0.0000,0.1667,50.00,136.00,4385.10,-1.0197,DOWN,90.65,1.7099,1.6344
20260901 220241 206,4378.40,1,4378.40,4378.80,0.40,4378.40,1,4378.30,2,4378.20,3,4378.10,2,4378.00,8,4377.90,10,4377.80,4,4377.70,9,4377.60,10,4377.50,6,4378.80,2,4378.90,3,4379.00,6,4379.10,3,4379.20,5,4379.30,3,4379.40,12,4379.50,9,4379.60,10,4379.70,9,Sell,39,34,73,5.00,7.00,-19.00,1.50,20.0,4378.10,4379.00,4377.50,4378.40,60,95,155,-35.00,2.00,-35.00,2.90,100.0,-99,156,0.0000,0.4000,49.00,135.00,4385.10,-1.0197,DOWN,90.65,1.7099,1.6344
20260901 220243 846,4378.80,1,4378.40,4378.80,0.40,4378.40,1,4378.30,2,4378.20,3,4378.10,2,4378.00,8,4377.90,10,4377.80,4,4377.70,9,4377.60,10,4377.50,6,4378.90,3,4379.00,5,4379.10,3,4379.20,5,4379.30,3,4379.40,11,4379.50,9,4379.60,10,4379.70,9,4379.80,10,Buy,40,34,74,6.00,7.00,-19.00,1.50,46.7,4378.10,4379.00,4377.50,4378.80,60,95,155,-35.00,2.00,-35.00,2.90,100.0,-99,156,0.0000,0.1667,50.00,136.00,4385.14,-1.0070,DOWN,90.65,1.7099,1.6344
20260901 220243 846,4378.80,1,4378.40,4378.80,0.40,4378.40,1,4378.30,2,4378.20,3,4378.10,2,4378.00,8,4377.90,10,4377.80,4,4377.70,9,4377.60,10,4377.50,6,4378.90,3,4379.00,5,4379.10,3,4379.20,5,4379.30,3,4379.40,11,4379.50,9,4379.60,10,4379.70,9,4379.80,10,Buy,41,34,75,7.00,7.00,-19.00,1.50,46.7,4378.10,4379.00,4377.50,4378.80,60,95,155,-35.00,2.00,-35.00,2.90,100.0,-99,156,0.0000,0.0000,51.00,137.00,4385.14,-1.0070,DOWN,90.65,1.7099,1.6344
20260901 220244 911,4378.90,1,4378.50,4379.00,0.50,4378.50,1,4378.40,2,4378.30,2,4378.20,3,4378.10,2,4378.00,8,4377.90,10,4377.80,4,4377.70,9,4377.60,10,4379.00,1,4379.10,3,4379.20,5,4379.30,3,4379.40,10,4379.50,9,4379.60,10,4379.70,9,4379.80,10,4379.90,10,Buy,42,34,76,8.00,8.00,-19.00,1.50,53.3,4378.10,4379.00,4377.50,4378.90,60,95,155,-35.00,2.00,-35.00,2.90,100.0,-99,156,0.0000,0.0000,52.00,138.00,4385.15,-1.0038,DOWN,90.65,1.7099,1.6344
20260901 220244 911,4378.90,1,4378.50,4379.00,0.50,4378.50,1,4378.40,2,4378.30,2,4378.20,3,4378.10,2,4378.00,8,4377.90,10,4377.80,4,4377.70,9,4377.60,10,4379.00,1,4379.10,3,4379.20,5,4379.30,3,4379.40,10,4379.50,9,4379.60,10,4379.70,9,4379.80,10,4379.90,10,Buy,43,34,77,9.00,9.00,-19.00,1.50,53.3,4378.10,4379.00,4377.50,4378.90,60,95,155,-35.00,2.00,-35.00,2.90,100.0,-99,156,0.0000,0.0000,53.00,139.00,4385.15,-1.0038,DOWN,90.65,1.7099,1.6344
20260901 220244 911,4378.90,1,4378.50,4379.00,0.50,4378.50,1,4378.40,2,4378.30,2,4378.20,3,4378.10,2,4378.00,8,4377.90,10,4377.80,4,4377.70,9,4377.60,10,4379.00,1,4379.10,3,4379.20,5,4379.30,3,4379.40,10,4379.50,9,4379.60,10,4379.70,9,4379.80,10,4379.90,10,Buy,44,34,78,10.00,10.00,-19.00,1.50,53.3,4378.10,4379.00,4377.50,4378.90,60,95,155,-35.00,2.00,-35.00,2.90,100.0,-99,156,0.0000,0.0000,54.00,140.00,4385.15,-1.0038,DOWN,90.65,1.7099,1.6344
20260901 220244 911,4378.90,1,4378.50,4379.00,0.50,4378.50,1,4378.40,2,4378.30,2,4378.20,3,4378.10,2,4378.00,8,4377.90,10,4377.80,4,4377.70,9,4377.60,10,4379.00,1,4379.10,3,4379.20,5,4379.30,3,4379.40,10,4379.50,9,4379.60,10,4379.70,9,4379.80,10,4379.90,10,Buy,45,34,79,11.00,11.00,-19.00,1.50,53.3,4378.10,4379.00,4377.50,4378.90,60,95,155,-35.00,2.00,-35.00,2.90,100.0,-99,156,0.0000,0.0000,55.00,141.00,4385.15,-1.0038,DOWN,90.65,1.7099,1.6344
20260901 220244 911,4379.00,1,4378.50,4379.00,0.50,4378.50,1,4378.40,2,4378.30,2,4378.20,3,4378.10,2,4378.00,8,4377.90,10,4377.80,4,4377.70,9,4377.60,10,4379.00,1,4379.10,3,4379.20,5,4379.30,3,4379.40,10,4379.50,9,4379.60,10,4379.70,9,4379.80,10,4379.90,10,Buy,46,34,80,12.00,12.00,-19.00,1.50,60.0,4378.10,4379.00,4377.50,4379.00,60,95,155,-35.00,2.00,-35.00,2.90,100.0,-99,156,0.0000,0.0000,56.00,142.00,4385.16,-1.0007,DOWN,90.65,1.7099,1.6344
20260901 220244 911,4379.00,1,4378.50,4379.00,0.50,4378.50,1,4378.40,2,4378.30,2,4378.20,3,4378.10,2,4378.00,8,4377.90,10,4377.80,4,4377.70,9,4377.60,10,4379.00,1,4379.10,3,4379.20,5,4379.30,3,4379.40,10,4379.50,9,4379.60,10,4379.70,9,4379.80,10,4379.90,10,Buy,47,34,81,13.00,13.00,-19.00,1.50,60.0,4378.10,4379.00,4377.50,4379.00,60,95,155,-35.00,2.00,-35.00,2.90,100.0,-99,156,0.0000,0.0000,57.00,143.00,4385.16,-1.0007,DOWN,90.65,1.7099,1.6344
20260901 220244 911,4379.00,1,4378.50,4379.00,0.50,4378.50,1,4378.40,2,4378.30,2,4378.20,3,4378.10,2,4378.00,8,4377.90,10,4377.80,4,4377.70,9,4377.60,10,4379.00,1,4379.10,3,4379.20,5,4379.30,3,4379.40,10,4379.50,9,4379.60,10,4379.70,9,4379.80,10,4379.90,10,Buy,48,34,82,14.00,14.00,-19.00,1.50,60.0,4378.10,4379.00,4377.50,4379.00,60,95,155,-35.00,2.00,-35.00,2.90,100.0,-99,156,0.0000,0.0000,58.00,144.00,4385.16,-1.0007,DOWN,90.65,1.7099,1.6344
20260901 220244 911,4379.00,1,4378.50,4379.00,0.50,4378.50,1,4378.40,2,4378.30,2,4378.20,3,4378.10,2,4378.00,8,4377.90,10,4377.80,4,4377.70,9,4377.60,10,4379.00,1,4379.10,3,4379.20,5,4379.30,3,4379.40,10,4379.50,9,4379.60,10,4379.70,9,4379.80,10,4379.90,10,Buy,49,34,83,15.00,15.00,-19.00,1.50,60.0,4378.10,4379.00,4377.50,4379.00,60,95,155,-35.00,2.00,-35.00,2.90,100.0,-99,156,0.0000,0.0000,59.00,145.00,4385.16,-1.0007,DOWN,90.65,1.7099,1.6344
20260901 220247 415,4379.00,1,4378.60,4379.00,0.40,4378.60,1,4378.50,1,4378.40,2,4378.30,3,4378.20,3,4378.10,2,4378.00,8,4377.90,10,4377.80,9,4377.70,9,4379.00,1,4379.10,3,4379.20,4,4379.30,3,4379.40,10,4379.50,8,4379.60,10,4379.70,10,4379.80,11,4379.90,10,Buy,50,34,84,16.00,16.00,-19.00,1.50,60.0,4378.10,4379.00,4377.50,4379.00,60,95,155,-35.00,2.00,-35.00,2.90,100.0,-99,156,0.0000,0.0000,60.00,146.00,4385.16,-1.0007,DOWN,90.65,1.7099,1.6344
20260901 220247 415,4379.00,1,4378.60,4379.00,0.40,4378.60,1,4378.50,1,4378.40,2,4378.30,3,4378.20,3,4378.10,2,4378.00,8,4377.90,10,4377.80,9,4377.70,9,4379.00,1,4379.10,3,4379.20,4,4379.30,3,4379.40,10,4379.50,8,4379.60,10,4379.70,10,4379.80,11,4379.90,10,Buy,51,34,85,17.00,17.00,-19.00,1.50,60.0,4378.10,4379.00,4377.50,4379.00,60,95,155,-35.00,2.00,-35.00,2.90,100.0,-99,156,0.0000,0.0000,61.00,147.00,4385.16,-1.0007,DOWN,90.65,1.7099,1.6344
20260901 220248 740,4378.60,1,4378.60,4379.00,0.40,4378.60,1,4378.50,2,4378.40,1,4378.30,3,4378.20,3,4378.10,2,4378.00,8,4377.90,15,4377.80,9,4377.70,9,4379.00,2,4379.10,4,4379.20,4,4379.30,3,4379.40,10,4379.50,8,4379.60,10,4379.70,10,4379.80,11,4379.90,10,Sell,51,35,86,16.00,17.00,-19.00,1.50,33.3,4378.10,4379.00,4377.50,4378.60,60,95,155,-35.00,2.00,-35.00,2.90,100.0,-99,156,0.0000,0.0625,60.00,146.00,4385.12,-1.0134,DOWN,90.65,1.7099,1.6344
20260901 220254 448,4379.10,1,4378.60,4379.10,0.50,4378.60,3,4378.40,1,4378.30,3,4378.20,4,4378.10,2,4378.00,13,4377.90,15,4377.80,9,4377.70,7,4377.60,10,4379.10,4,4379.20,4,4379.30,2,4379.40,5,4379.50,3,4379.60,10,4379.70,10,4379.80,10,4379.90,10,4380.00,10,Buy,52,35,87,17.00,17.00,-19.00,1.60,62.5,4378.10,4379.10,4377.50,4379.10,60,95,155,-35.00,2.00,-35.00,2.90,100.0,-99,156,0.0000,0.0000,61.00,147.00,4385.17,-0.9975,DOWN,90.65,1.7099,1.6415
20260901 220257 339,4379.00,4,4379.00,4379.10,0.10,4378.40,3,4378.30,2,4378.20,4,4378.10,2,4378.00,13,4377.90,9,4377.80,9,4377.70,7,4377.60,10,4377.50,6,4379.00,2,4379.10,4,4379.20,4,4379.30,2,4379.40,5,4379.50,3,4379.60,10,4379.70,10,4379.80,10,4379.90,10,Sell,52,39,91,13.00,17.00,-19.00,1.60,56.2,4378.10,4379.10,4377.50,4379.00,60,95,155,-35.00,2.00,-35.00,2.90,100.0,-99,156,0.0000,0.3077,57.00,143.00,4385.16,-1.0007,DOWN,90.65,1.7099,1.6415
20260901 220257 547,4379.00,1,4378.60,4379.10,0.50,4378.60,1,4378.50,2,4378.40,5,4378.30,3,4378.20,5,4378.10,3,4378.00,12,4377.90,9,4377.80,9,4377.70,7,4379.10,3,4379.20,4,4379.30,3,4379.40,5,4379.50,3,4379.60,10,4379.70,10,4379.80,10,4379.90,10,4380.00,10,Buy,53,39,92,14.00,17.00,-19.00,1.60,56.2,4378.10,4379.10,4377.50,4379.00,60,95,155,-35.00,2.00,-35.00,2.90,100.0,-99,156,0.0000,0.2143,58.00,144.00,4385.16,-1.0007,DOWN,90.65,1.7099,1.6415
20260901 220257 547,4379.00,1,4378.60,4379.10,0.50,4378.60,1,4378.50,2,4378.40,5,4378.30,3,4378.20,5,4378.10,3,4378.00,12,4377.90,9,4377.80,9,4377.70,7,4379.10,3,4379.20,4,4379.30,3,4379.40,5,4379.50,3,4379.60,10,4379.70,10,4379.80,10,4379.90,10,4380.00,10,Buy,54,39,93,15.00,17.00,-19.00,1.60,56.2,4378.10,4379.10,4377.50,4379.00,60,95,155,-35.00,2.00,-35.00,2.90,100.0,-99,156,0.0000,0.1333,59.00,145.00,4385.16,-1.0007,DOWN,90.65,1.7099,1.6415
20260901 220257 547,4379.10,1,4378.60,4379.10,0.50,4378.60,1,4378.50,2,4378.40,5,4378.30,3,4378.20,5,4378.10,3,4378.00,12,4377.90,9,4377.80,9,4377.70,7,4379.10,3,4379.20,4,4379.30,3,4379.40,5,4379.50,3,4379.60,10,4379.70,10,4379.80,10,4379.90,10,4380.00,10,Buy,55,39,94,16.00,17.00,-19.00,1.60,62.5,4378.10,4379.10,4377.50,4379.10,60,95,155,-35.00,2.00,-35.00,2.90,100.0,-99,156,0.0000,0.0625,60.00,146.00,4385.17,-0.9975,DOWN,90.65,1.7099,1.6415
20260901 220257 547,4379.10,1,4378.60,4379.10,0.50,4378.60,1,4378.50,2,4378.40,5,4378.30,3,4378.20,5,4378.10,3,4378.00,12,4377.90,9,4377.80,9,4377.70,7,4379.10,3,4379.20,4,4379.30,3,4379.40,5,4379.50,3,4379.60,10,4379.70,10,4379.80,10,4379.90,10,4380.00,10,Buy,56,39,95,17.00,17.00,-19.00,1.60,62.5,4378.10,4379.10,4377.50,4379.10,60,95,155,-35.00,2.00,-35.00,2.90,100.0,-99,156,0.0000,0.0000,61.00,147.00,4385.17,-0.9975,DOWN,90.65,1.7099,1.6415
20260901 220257 649,4379.10,1,4378.50,4379.20,0.70,4378.50,1,4378.40,5,4378.30,3,4378.20,5,4378.10,3,4378.00,12,4377.90,9,4377.80,9,4377.70,7,4377.60,10,4379.20,4,4379.30,2,4379.40,5,4379.50,3,4379.60,9,4379.70,9,4379.80,9,4379.90,12,4380.00,10,4380.10,12,Buy,57,39,96,18.00,18.00,-19.00,1.60,62.5,4378.10,4379.10,4377.50,4379.10,60,95,155,-35.00,2.00,-35.00,2.90,100.0,-99,156,0.0000,0.0000,62.00,148.00,4385.17,-0.9975,DOWN,90.65,1.7099,1.6415
20260901 220257 649,4379.10,1,4378.50,4379.20,0.70,4378.50,1,4378.40,5,4378.30,3,4378.20,5,4378.10,3,4378.00,12,4377.90,9,4377.80,9,4377.70,7,4377.60,10,4379.20,4,4379.30,2,4379.40,5,4379.50,3,4379.60,9,4379.70,9,4379.80,9,4379.90,12,4380.00,10,4380.10,12,Buy,58,39,97,19.00,19.00,-19.00,1.60,62.5,4378.10,4379.10,4377.50,4379.10,60,95,155,-35.00,2.00,-35.00,2.90,100.0,-99,156,0.0000,0.0000,63.00,149.00,4385.17,-0.9975,DOWN,90.65,1.7099,1.6415
20260901 220257 649,4379.10,1,4378.50,4379.20,0.70,4378.50,1,4378.40,5,4378.30,3,4378.20,5,4378.10,3,4378.00,12,4377.90,9,4377.80,9,4377.70,7,4377.60,10,4379.20,4,4379.30,2,4379.40,5,4379.50,3,4379.60,9,4379.70,9,4379.80,9,4379.90,12,4380.00,10,4380.10,12,Buy,59,39,98,20.00,20.00,-19.00,1.60,62.5,4378.10,4379.10,4377.50,4379.10,60,95,155,-35.00,2.00,-35.00,2.90,100.0,-99,156,0.0000,0.0000,64.00,150.00,4385.17,-0.9975,DOWN,90.65,1.7099,1.6415
20260901 220257 650,4379.10,5,4378.50,4379.20,0.70,4378.50,1,4378.40,5,4378.30,3,4378.20,5,4378.10,3,4378.00,12,4377.90,9,4377.80,9,4377.70,7,4377.60,10,4379.20,4,4379.30,2,4379.40,5,4379.50,3,4379.60,9,4379.70,9,4379.80,9,4379.90,12,4380.00,10,4380.10,12,Sell,59,44,103,15.00,20.00,-19.00,1.60,62.5,4378.10,4379.10,4377.50,4379.10,60,95,155,-35.00,2.00,-35.00,2.90,100.0,-99,156,0.0000,0.3333,59.00,145.00,4385.17,-0.9975,DOWN,90.65,1.7099,1.6415
20260901 220257 918,4379.10,1,4378.60,4379.10,0.50,4378.60,1,4378.50,2,4378.40,3,4378.30,1,4378.20,5,4378.10,3,4378.00,12,4377.90,9,4377.80,9,4377.70,7,4379.10,1,4379.20,4,4379.30,3,4379.40,5,4379.50,3,4379.60,9,4379.70,9,4379.80,10,4379.90,12,4380.00,10,Buy,60,44,104,16.00,20.00,-19.00,1.60,62.5,4378.10,4379.10,4377.50,4379.10,60,95,155,-35.00,2.00,-35.00,2.90,100.0,-99,156,0.0000,0.2500,60.00,146.00,4385.17,-0.9975,DOWN,90.65,1.7099,1.6415
20260901 220301 252,4379.10,1,4378.60,4379.10,0.50,4378.60,1,4378.50,1,4378.40,3,4378.30,1,4378.20,5,4378.10,3,4378.00,7,4377.90,9,4377.80,9,4377.70,7,4379.10,4,4379.20,4,4379.30,3,4379.40,5,4379.50,3,4379.60,9,4379.70,9,4379.80,10,4379.90,12,4380.00,10,Buy,1,0,1,1.00,1.00,1.00,0.00,0.0,4379.10,4379.10,4379.10,4379.10,60,44,104,16.00,20.00,-19.00,1.60,62.5,30,81,0.2500,0.0000,65.00,139.00,4385.17,-0.9975,DOWN,94.40,1.1017,1.5242
20260901 220302 121,4379.00,1,4378.60,4379.00,0.40,4378.60,1,4378.50,1,4378.40,2,4378.30,1,4378.20,5,4378.10,3,4378.00,7,4377.90,9,4377.80,9,4377.70,7,4379.00,1,4379.10,4,4379.20,4,4379.30,3,4379.40,5,4379.50,8,4379.60,10,4379.70,9,4379.80,10,4379.90,12,Buy,2,0,2,2.00,2.00,1.00,0.10,100.0,4379.10,4379.10,4379.00,4379.00,60,44,104,16.00,20.00,-19.00,1.60,62.5,30,81,0.2500,0.0000,66.00,140.00,4385.16,-1.0007,DOWN,94.40,1.1017,1.5314
20260901 220303 514,4379.00,1,4378.60,4379.00,0.40,4378.60,1,4378.50,1,4378.40,2,4378.30,1,4378.20,5,4378.10,3,4378.00,11,4377.90,9,4377.80,9,4377.70,7,4379.10,4,4379.20,4,4379.30,3,4379.40,5,4379.50,8,4379.60,10,4379.70,9,4379.80,10,4379.90,12,4380.00,10,Buy,3,0,3,3.00,3.00,1.00,0.10,100.0,4379.10,4379.10,4379.00,4379.00,60,44,104,16.00,20.00,-19.00,1.60,62.5,30,81,0.2500,0.0000,67.00,141.00,4385.16,-1.0007,DOWN,94.40,1.1017,1.5314
20260901 220303 514,4379.00,1,4378.60,4379.00,0.40,4378.60,1,4378.50,1,4378.40,2,4378.30,1,4378.20,5,4378.10,3,4378.00,11,4377.90,9,4377.80,9,4377.70,7,4379.10,4,4379.20,4,4379.30,3,4379.40,5,4379.50,8,4379.60,10,4379.70,9,4379.80,10,4379.90,12,4380.00,10,Buy,4,0,4,4.00,4.00,1.00,0.10,100.0,4379.10,4379.10,4379.00,4379.00,60,44,104,16.00,20.00,-19.00,1.60,62.5,30,81,0.2500,0.0000,68.00,142.00,4385.16,-1.0007,DOWN,94.40,1.1017,1.5314
20260901 220304 822,4378.60,1,4378.60,4379.00,0.40,4378.40,4,4378.30,2,4378.20,5,4378.10,3,4378.00,12,4377.90,9,4377.80,9,4377.70,7,4377.60,10,4377.50,6,4378.90,1,4379.00,3,4379.10,4,4379.20,4,4379.30,3,4379.40,5,4379.50,8,4379.60,11,4379.70,10,4379.80,9,Sell,4,1,5,3.00,4.00,1.00,0.50,100.0,4379.10,4379.10,4378.60,4378.60,60,44,104,16.00,20.00,-19.00,1.60,62.5,30,81,0.2500,0.3333,67.00,141.00,4385.12,-1.0134,DOWN,94.40,1.1017,1.5600
20260901 220305 243,4378.70,1,4378.30,4378.70,0.40,4378.30,3,4378.20,3,4378.10,2,4378.00,5,4377.90,4,4377.80,9,4377.70,7,4377.60,10,4377.50,8,4377.40,10,4378.80,2,4378.90,3,4379.00,3,4379.10,4,4379.20,4,4379.30,3,4379.40,10,4379.50,9,4379.60,11,4379.70,9,Buy,5,1,6,4.00,4.00,1.00,0.50,80.0,4379.10,4379.10,4378.60,4378.70,60,44,104,16.00,20.00,-19.00,1.60,62.5,30,81,0.2500,0.0000,68.00,142.00,4385.13,-1.0102,DOWN,94.40,1.1017,1.5600
20260901 220305 641,4378.30,1,4378.20,4378.80,0.60,4378.20,1,4378.10,2,4378.00,5,4377.90,4,4377.80,9,4377.70,7,4377.60,10,4377.50,8,4377.40,10,4377.30,13,4378.80,2,4378.90,4,4379.00,4,4379.10,5,4379.20,4,4379.30,3,4379.40,12,4379.50,9,4379.60,10,4379.70,9,Sell,5,2,7,3.00,4.00,1.00,0.80,100.0,4379.10,4379.10,4378.30,4378.30,60,44,104,16.00,20.00,-19.00,1.60,62.5,30,81,0.2500,0.3333,67.00,141.00,4385.09,-1.0229,DOWN,94.40,1.1017,1.5814
20260901 220305 641,4378.30,1,4378.20,4378.80,0.60,4378.20,1,4378.10,2,4378.00,5,4377.90,4,4377.80,9,4377.70,7,4377.60,10,4377.50,8,4377.40,10,4377.30,13,4378.80,2,4378.90,4,4379.00,4,4379.10,5,4379.20,4,4379.30,3,4379.40,12,4379.50,9,4379.60,10,4379.70,9,Sell,5,3,8,2.00,4.00,1.00,0.80,100.0,4379.10,4379.10,4378.30,4378.30,60,44,104,16.00,20.00,-19.00,1.60,62.5,30,81,0.2500,1.0000,66.00,140.00,4385.09,-1.0229,DOWN,94.40,1.1017,1.5814
20260901 220305 641,4378.30,1,4378.20,4378.80,0.60,4378.20,1,4378.10,2,4378.00,5,4377.90,4,4377.80,9,4377.70,7,4377.60,10,4377.50,8,4377.40,10,4377.30,13,4378.80,2,4378.90,4,4379.00,4,4379.10,5,4379.20,4,4379.30,3,4379.40,12,4379.50,9,4379.60,10,4379.70,9,Sell,5,4,9,1.00,4.00,1.00,0.80,100.0,4379.10,4379.10,4378.30,4378.30,60,44,104,16.00,20.00,-19.00,1.60,62.5,30,81,0.2500,3.0000,65.00,139.00,4385.09,-1.0229,DOWN,94.40,1.1017,1.5814
20260901 220305 641,4378.20,1,4378.20,4378.80,0.60,4378.20,1,4378.10,2,4378.00,5,4377.90,4,4377.80,9,4377.70,7,4377.60,10,4377.50,8,4377.40,10,4377.30,13,4378.80,2,4378.90,4,4379.00,4,4379.10,5,4379.20,4,4379.30,3,4379.40,12,4379.50,9,4379.60,10,4379.70,9,Sell,5,5,10,0.00,4.00,0.00,0.90,100.0,4379.10,4379.10,4378.20,4378.20,60,44,104,16.00,20.00,-19.00,1.60,62.5,30,81,0.2500,4.0000,64.00,138.00,4385.08,-1.0261,DOWN,94.40,1.1017,1.5885
20260901 220305 641,4378.20,1,4378.20,4378.80,0.60,4378.20,1,4378.10,2,4378.00,5,4377.90,4,4377.80,9,4377.70,7,4377.60,10,4377.50,8,4377.40,10,4377.30,13,4378.80,2,4378.90,4,4379.00,4,4379.10,5,4379.20,4,4379.30,3,4379.40,12,4379.50,9,4379.60,10,4379.70,9,Sell,5,6,11,-1.00,4.00,-1.00,0.90,100.0,4379.10,4379.10,4378.20,4378.20,60,44,104,16.00,20.00,-19.00,1.60,62.5,30,81,0.2500,0.0000,63.00,137.00,4385.08,-1.0261,DOWN,94.40,1.1017,1.5885
20260901 220305 641,4378.20,1,4378.20,4378.80,0.60,4378.20,1,4378.10,2,4378.00,5,4377.90,4,4377.80,9,4377.70,7,4377.60,10,4377.50,8,4377.40,10,4377.30,13,4378.80,2,4378.90,4,4379.00,4,4379.10,5,4379.20,4,4379.30,3,4379.40,12,4379.50,9,4379.60,10,4379.70,9,Sell,5,7,12,-2.00,4.00,-2.00,0.90,100.0,4379.10,4379.10,4378.20,4378.20,60,44,104,16.00,20.00,-19.00,1.60,62.5,30,81,0.2500,0.0000,62.00,136.00,4385.08,-1.0261,DOWN,94.40,1.1017,1.5885
20260901 220305 722,4378.80,1,4378.20,4378.80,0.60,4378.20,4,4378.10,2,4378.00,4,4377.90,4,4377.80,9,4377.70,7,4377.60,10,4377.50,8,4377.40,10,4377.30,13,4378.90,4,4379.00,4,4379.10,5,4379.20,4,4379.30,3,4379.40,12,4379.50,9,4379.60,10,4379.70,9,4379.80,9,Buy,6,7,13,-1.00,4.00,-2.00,0.90,33.3,4379.10,4379.10,4378.20,4378.80,60,44,104,16.00,20.00,-19.00,1.60,62.5,30,81,0.2500,1.0000,63.00,137.00,4385.14,-1.0070,DOWN,94.40,1.1017,1.5885
20260901 220305 722,4378.80,1,4378.20,4378.80,0.60,4378.20,4,4378.10,2,4378.00,4,4377.90,4,4377.80,9,4377.70,7,4377.60,10,4377.50,8,4377.40,10,4377.30,13,4378.90,4,4379.00,4,4379.10,5,4379.20,4,4379.30,3,4379.40,12,4379.50,9,4379.60,10,4379.70,9,4379.80,9,Buy,7,7,14,0.00,4.00,-2.00,0.90,33.3,4379.10,4379.10,4378.20,4378.80,60,44,104,16.00,20.00,-19.00,1.60,62.5,30,81,0.2500,4.0000,64.00,138.00,4385.14,-1.0070,DOWN,94.40,1.1017,1.5885
20260901 220306 054,4378.80,1,4378.20,4378.80,0.60,4378.20,4,4378.10,2,4378.00,4,4377.90,4,4377.80,9,4377.70,7,4377.60,10,4377.50,8,4377.40,10,4377.30,13,4378.80,1,4378.90,4,4379.00,4,4379.10,4,4379.20,4,4379.30,3,4379.40,12,4379.50,9,4379.60,10,4379.70,9,Buy,8,7,15,1.00,4.00,-2.00,0.90,33.3,4379.10,4379.10,4378.20,4378.80,60,44,104,16.00,20.00,-19.00,1.60,62.5,30,81,0.2500,3.0000,65.00,139.00,4385.14,-1.0070,DOWN,94.40,1.1017,1.5885
20260901 220306 912,4378.80,1,4378.40,4378.80,0.40,4378.40,1,4378.30,2,4378.20,4,4378.10,2,4378.00,4,4377.90,4,4377.80,9,4377.70,7,4377.60,10,4377.50,8,4378.90,4,4379.00,4,4379.10,4,4379.20,4,4379.30,3,4379.40,12,4379.50,9,4379.60,10,4379.70,9,4379.80,9,Buy,9,7,16,2.00,4.00,-2.00,0.90,33.3,4379.10,4379.10,4378.20,4378.80,60,44,104,16.00,20.00,-19.00,1.60,62.5,30,81,0.2500,1.0000,66.00,140.00,4385.14,-1.0070,DOWN,94.40,1.1017,1.5885
20260901 220307 657,4378.90,1,4378.40,4378.90,0.50,4378.40,2,4378.30,1,4378.20,4,4378.10,2,4378.00,4,4377.90,4,4377.80,9,4377.70,7,4377.60,10,4377.50,8,4378.90,3,4379.00,4,4379.10,4,4379.20,4,4379.30,3,4379.40,12,4379.50,9,4379.60,10,4379.70,9,4379.80,9,Buy,10,7,17,3.00,4.00,-2.00,0.90,22.2,4379.10,4379.10,4378.20,4378.90,60,44,104,16.00,20.00,-19.00,1.60,62.5,30,81,0.2500,0.3333,67.00,141.00,4385.15,-1.0038,DOWN,94.40,1.1017,1.5885
20260901 220308 674,4378.60,1,4378.40,4378.60,0.20,4378.40,2,4378.30,1,4378.20,5,4378.10,3,4378.00,6,4377.90,4,4377.80,9,4377.70,7,4377.60,10,4377.50,8,4378.90,4,4379.00,4,4379.10,4,4379.20,4,4379.30,3,4379.40,12,4379.50,9,4379.60,10,4379.70,9,4379.80,9,Buy,11,7,18,4.00,4.00,-2.00,0.90,55.6,4379.10,4379.10,4378.20,4378.60,60,44,104,16.00,20.00,-19.00,1.60,62.5,30,81,0.2500,0.0000,68.00,142.00,4385.12,-1.0134,DOWN,94.40,1.1017,1.5885
20260901 220309 423,4378.90,1,4378.40,4378.90,0.50,4378.40,2,4378.30,1,4378.20,5,4378.10,3,4378.00,6,4377.90,4,4377.80,9,4377.70,7,4377.60,10,4377.50,8,4378.90,3,4379.00,4,4379.10,4,4379.20,4,4379.30,3,4379.40,11,4379.50,9,4379.60,10,4379.70,9,4379.80,9,Buy,12,7,19,5.00,5.00,-2.00,0.90,22.2,4379.10,4379.10,4378.20,4378.90,60,44,104,16.00,20.00,-19.00,1.60,62.5,30,81,0.2500,0.0000,69.00,143.00,4385.15,-1.0038,DOWN,94.40,1.1017,1.5885
20260901 220310 721,4378.90,1,4378.40,4378.90,0.50,4378.40,3,4378.20,5,4378.10,3,4378.00,6,4377.90,4,4377.80,9,4377.70,7,4377.60,10,4377.50,8,4377.40,10,4378.90,3,4379.00,4,4379.10,4,4379.20,4,4379.30,3,4379.40,11,4379.50,9,4379.60,10,4379.70,9,4379.80,9,Buy,13,7,20,6.00,6.00,-2.00,0.90,22.2,4379.10,4379.10,4378.20,4378.90,60,44,104,16.00,20.00,-19.00,1.60,62.5,30,81,0.2500,0.0000,70.00,144.00,4385.15,-1.0038,DOWN,94.40,1.1017,1.5885
20260901 220314 065,4378.90,1,4378.40,4378.90,0.50,4378.40,4,4378.20,5,4378.10,4,4378.00,5,4377.90,4,4377.80,9,4377.70,7,4377.60,10,4377.50,8,4377.40,12,4378.90,3,4379.00,4,4379.10,4,4379.20,4,4379.30,3,4379.40,11,4379.50,9,4379.60,10,4379.70,9,4379.80,10,Buy,14,7,21,7.00,7.00,-2.00,0.90,22.2,4379.10,4379.10,4378.20,4378.90,60,44,104,16.00,20.00,-19.00,1.60,62.5,30,81,0.2500,0.0000,71.00,145.00,4385.15,-1.0038,DOWN,94.40,1.1017,1.5885
20260901 220314 993,4378.40,1,4378.40,4378.90,0.50,4378.40,2,4378.20,5,4378.10,4,4378.00,5,4377.90,4,4377.80,9,4377.70,7,4377.60,10,4377.50,8,4377.40,12,4378.90,3,4379.00,4,4379.10,4,4379.20,4,4379.30,3,4379.40,11,4379.50,9,4379.60,10,4379.70,9,4379.80,10,Sell,14,8,22,6.00,7.00,-2.00,0.90,77.8,4379.10,4379.10,4378.20,4378.40,60,44,104,16.00,20.00,-19.00,1.60,62.5,30,81,0.2500,0.1667,70.00,144.00,4385.10,-1.0197,DOWN,94.40,1.1017,1.5885
20260901 220315 521,4378.90,1,4378.40,4378.90,0.50,4378.40,2,4378.20,5,4378.10,4,4378.00,5,4377.90,4,4377.80,9,4377.70,7,4377.60,10,4377.50,8,4377.40,12,4378.90,3,4379.00,4,4379.10,4,4379.20,4,4379.30,3,4379.40,11,4379.50,9,4379.60,10,4379.70,9,4379.80,10,Buy,15,8,23,7.00,7.00,-2.00,0.90,22.2,4379.10,4379.10,4378.20,4378.90,60,44,104,16.00,20.00,-19.00,1.60,62.5,30,81,0.2500,0.0000,71.00,145.00,4385.15,-1.0038,DOWN,94.40,1.1017,1.5885
20260901 220316 746,4378.90,1,4378.60,4379.00,0.40,4378.60,1,4378.50,3,4378.40,3,4378.20,5,4378.10,5,4378.00,5,4377.90,9,4377.80,9,4377.70,7,4377.60,10,4379.00,3,4379.10,4,4379.20,4,4379.30,3,4379.40,10,4379.50,8,4379.60,10,4379.70,10,4379.80,10,4379.90,10,Buy,16,8,24,8.00,8.00,-2.00,0.90,22.2,4379.10,4379.10,4378.20,4378.90,60,44,104,16.00,20.00,-19.00,1.60,62.5,30,81,0.2500,0.0000,72.00,146.00,4385.15,-1.0038,DOWN,94.40,1.1017,1.5885
20260901 220316 746,4378.90,1,4378.60,4379.00,0.40,4378.60,1,4378.50,3,4378.40,3,4378.20,5,4378.10,5,4378.00,5,4377.90,9,4377.80,9,4377.70,7,4377.60,10,4379.00,3,4379.10,4,4379.20,4,4379.30,3,4379.40,10,4379.50,8,4379.60,10,4379.70,10,4379.80,10,4379.90,10,Buy,17,8,25,9.00,9.00,-2.00,0.90,22.2,4379.10,4379.10,4378.20,4378.90,60,44,104,16.00,20.00,-19.00,1.60,62.5,30,81,0.2500,0.0000,73.00,147.00,4385.15,-1.0038,DOWN,94.40,1.1017,1.5885
20260901 220317 366,4378.90,1,4378.60,4378.90,0.30,4378.60,1,4378.50,1,4378.40,2,4378.20,5,4378.10,5,4378.00,5,4377.90,9,4377.80,9,4377.70,7,4377.60,10,4378.90,3,4379.00,5,4379.10,4,4379.20,4,4379.30,3,4379.40,11,4379.50,8,4379.60,10,4379.70,10,4379.80,10,Sell,17,9,26,8.00,9.00,-2.00,0.90,22.2,4379.10,4379.10,4378.20,4378.90,60,44,104,16.00,20.00,-19.00,1.60,62.5,30,81,0.2500,0.1250,72.00,146.00,4385.15,-1.0038,DOWN,94.40,1.1017,1.5885
20260901 220318 534,4378.90,1,4378.60,4378.90,0.30,4378.40,2,4378.20,5,4378.10,4,4378.00,5,4377.90,9,4377.80,9,4377.70,7,4377.60,10,4377.50,8,4377.40,12,4378.90,1,4379.00,4,4379.10,4,4379.20,4,4379.30,2,4379.40,5,4379.50,8,4379.60,11,4379.70,10,4379.80,10,Buy,18,9,27,9.00,9.00,-2.00,0.90,22.2,4379.10,4379.10,4378.20,4378.90,60,44,104,16.00,20.00,-19.00,1.60,62.5,30,81,0.2500,0.0000,73.00,147.00,4385.15,-1.0038,DOWN,94.40,1.1017,1.5885
20260901 220318 534,4378.90,1,4378.60,4378.90,0.30,4378.40,2,4378.20,5,4378.10,4,4378.00,5,4377.90,9,4377.80,9,4377.70,7,4377.60,10,4377.50,8,4377.40,12,4378.90,1,4379.00,4,4379.10,4,4379.20,4,4379.30,2,4379.40,5,4379.50,8,4379.60,11,4379.70,10,4379.80,10,Buy,19,9,28,10.00,10.00,-2.00,0.90,22.2,4379.10,4379.10,4378.20,4378.90,60,44,104,16.00,20.00,-19.00,1.60,62.5,30,81,0.2500,0.0000,74.00,148.00,4385.15,-1.0038,DOWN,94.40,1.1017,1.5885
20260901 220319 410,4378.90,1,4378.40,4378.90,0.50,4378.40,3,4378.20,5,4378.10,4,4378.00,5,4377.90,9,4377.80,9,4377.70,7,4377.60,10,4377.50,8,4377.40,12,4378.90,1,4379.00,4,4379.10,4,4379.20,4,4379.30,2,4379.40,5,4379.50,8,4379.60,11,4379.70,10,4379.80,10,Buy,20,9,29,11.00,11.00,-2.00,0.90,22.2,4379.10,4379.10,4378.20,4378.90,60,44,104,16.00,20.00,-19.00,1.60,62.5,30,81,0.2500,0.0000,75.00,149.00,4385.15,-1.0038,DOWN,94.40,1.1017,1.5885
20260901 220319 427,4378.90,1,4378.40,4378.90,0.50,4378.40,3,4378.20,5,4378.10,4,4378.00,5,4377.90,9,4377.80,9,4377.70,7,4377.60,10,4377.50,8,4377.40,12,4378.90,1,4379.00,4,4379.10,4,4379.20,4,4379.30,2,4379.40,5,4379.50,8,4379.60,11,4379.70,10,4379.80,10,Buy,21,9,30,12.00,12.00,-2.00,0.90,22.2,4379.10,4379.10,4378.20,4378.90,60,44,104,16.00,20.00,-19.00,1.60,62.5,30,81,0.2500,0.0000,76.00,150.00,4385.15,-1.0038,DOWN,94.40,1.1017,1.5885
20260901 220321 858,4378.90,1,4378.80,4379.10,0.30,4378.80,1,4378.70,4,4378.60,5,4378.40,3,4378.20,11,4378.10,10,4378.00,10,4377.90,9,4377.80,9,4377.70,8,4379.10,1,4379.20,3,4379.30,2,4379.40,5,4379.50,3,4379.60,10,4379.70,10,4379.80,10,4379.90,9,4380.00,10,Buy,22,9,31,13.00,13.00,-2.00,0.90,22.2,4379.10,4379.10,4378.20,4378.90,60,44,104,16.00,20.00,-19.00,1.60,62.5,30,81,0.2500,0.0000,77.00,151.00,4385.15,-1.0038,DOWN,94.40,1.1017,1.5885
20260901 220321 858,4378.90,1,4378.80,4379.10,0.30,4378.80,1,4378.70,4,4378.60,5,4378.40,3,4378.20,11,4378.10,10,4378.00,10,4377.90,9,4377.80,9,4377.70,8,4379.10,1,4379.20,3,4379.30,2,4379.40,5,4379.50,3,4379.60,10,4379.70,10,4379.80,10,4379.90,9,4380.00,10,Buy,23,9,32,14.00,14.00,-2.00,0.90,22.2,4379.10,4379.10,4378.20,4378.90,60,44,104,16.00,20.00,-19.00,1.60,62.5,30,81,0.2500,0.0000,78.00,152.00,4385.15,-1.0038,DOWN,94.40,1.1017,1.5885
20260901 220321 901,4379.00,1,4379.00,4379.40,0.40,4379.00,1,4378.90,2,4378.80,3,4378.70,3,4378.60,6,4378.40,4,4378.20,11,4378.10,10,4378.00,10,4377.90,9,4379.40,2,4379.50,3,4379.60,4,4379.70,4,4379.80,5,4379.90,9,4380.00,11,4380.10,12,4380.20,10,4380.30,7,Buy,24,9,33,15.00,15.00,-2.00,0.90,11.1,4379.10,4379.10,4378.20,4379.00,60,44,104,16.00,20.00,-19.00,1.60,62.5,30,81,0.2500,0.0000,79.00,153.00,4385.16,-1.0007,DOWN,94.40,1.1017,1.5885
20260901 220321 901,4379.00,1,4379.00,4379.40,0.40,4379.00,1,4378.90,2,4378.80,3,4378.70,3,4378.60,6,4378.40,4,4378.20,11,4378.10,10,4378.00,10,4377.90,9,4379.40,2,4379.50,3,4379.60,4,4379.70,4,4379.80,5,4379.90,9,4380.00,11,4380.10,12,4380.20,10,4380.30,7,Buy,25,9,34,16.00,16.00,-2.00,0.90,11.1,4379.10,4379.10,4378.20,4379.00,60,44,104,16.00,20.00,-19.00,1.60,62.5,30,81,0.2500,0.0000,80.00,154.00,4385.16,-1.0007,DOWN,94.40,1.1017,1.5885
20260901 220321 901,4379.00,1,4379.00,4379.40,0.40,4379.00,1,4378.90,2,4378.80,3,4378.70,3,4378.60,6,4378.40,4,4378.20,11,4378.10,10,4378.00,10,4377.90,9,4379.40,2,4379.50,3,4379.60,4,4379.70,4,4379.80,5,4379.90,9,4380.00,11,4380.10,12,4380.20,10,4380.30,7,Buy,26,9,35,17.00,17.00,-2.00,0.90,11.1,4379.10,4379.10,4378.20,4379.00,60,44,104,16.00,20.00,-19.00,1.60,62.5,30,81,0.2500,0.0000,81.00,155.00,4385.16,-1.0007,DOWN,94.40,1.1017,1.5885
20260901 220321 901,4379.00,1,4379.00,4379.40,0.40,4379.00,1,4378.90,2,4378.80,3,4378.70,3,4378.60,6,4378.40,4,4378.20,11,4378.10,10,4378.00,10,4377.90,9,4379.40,2,4379.50,3,4379.60,4,4379.70,4,4379.80,5,4379.90,9,4380.00,11,4380.10,12,4380.20,10,4380.30,7,Buy,27,9,36,18.00,18.00,-2.00,0.90,11.1,4379.10,4379.10,4378.20,4379.00,60,44,104,16.00,20.00,-19.00,1.60,62.5,30,81,0.2500,0.0000,82.00,156.00,4385.16,-1.0007,DOWN,94.40,1.1017,1.5885
20260901 220321 958,4379.10,1,4379.00,4379.40,0.40,4379.00,1,4378.90,2,4378.80,3,4378.70,3,4378.60,6,4378.40,4,4378.20,11,4378.10,10,4378.00,10,4377.90,9,4379.40,2,4379.50,3,4379.60,4,4379.70,4,4379.80,5,4379.90,9,4380.00,11,4380.10,12,4380.20,10,4380.30,7,Buy,28,9,37,19.00,19.00,-2.00,0.90,0.0,4379.10,4379.10,4378.20,4379.10,60,44,104,16.00,20.00,-19.00,1.60,62.5,30,81,0.2500,0.0000,83.00,157.00,4385.17,-0.9975,DOWN,94.40,1.1017,1.5885
20260901 220322 359,4379.30,1,4378.90,4379.60,0.70,4378.90,2,4378.80,2,4378.70,3,4378.60,6,4378.40,4,4378.20,11,4378.10,10,4378.00,10,4377.90,9,4377.80,9,4379.60,4,4379.70,2,4379.80,3,4379.90,7,4380.00,11,4380.10,11,4380.20,10,4380.30,7,4380.40,10,4380.50,8,Buy,29,9,38,20.00,20.00,-2.00,1.10,18.2,4379.10,4379.30,4378.20,4379.30,60,44,104,16.00,20.00,-19.00,1.60,62.5,30,81,0.2500,0.0000,84.00,158.00,4385.19,-0.9912,DOWN,94.40,1.1017,1.6028
20260901 220322 359,4379.40,1,4378.90,4379.60,0.70,4378.90,2,4378.80,2,4378.70,3,4378.60,6,4378.40,4,4378.20,11,4378.10,10,4378.00,10,4377.90,9,4377.80,9,4379.60,4,4379.70,2,4379.80,3,4379.90,7,4380.00,11,4380.10,11,4380.20,10,4380.30,7,4380.40,10,4380.50,8,Buy,30,9,39,21.00,21.00,-2.00,1.20,25.0,4379.10,4379.40,4378.20,4379.40,60,44,104,16.00,20.00,-19.00,1.60,62.5,30,81,0.2500,0.0000,85.00,159.00,4385.19,-0.9880,DOWN,94.40,1.1017,1.6100
20260901 220322 359,4379.40,1,4378.90,4379.60,0.70,4378.90,2,4378.80,2,4378.70,3,4378.60,6,4378.40,4,4378.20,11,4378.10,10,4378.00,10,4377.90,9,4377.80,9,4379.60,4,4379.70,2,4379.80,3,4379.90,7,4380.00,11,4380.10,11,4380.20,10,4380.30,7,4380.40,10,4380.50,8,Buy,31,9,40,22.00,22.00,-2.00,1.20,25.0,4379.10,4379.40,4378.20,4379.40,60,44,104,16.00,20.00,-19.00,1.60,62.5,30,81,0.2500,0.0000,86.00,160.00,4385.19,-0.9880,DOWN,94.40,1.1017,1.6100
20260901 220322 359,4379.40,1,4378.90,4379.60,0.70,4378.90,2,4378.80,2,4378.70,3,4378.60,6,4378.40,4,4378.20,11,4378.10,10,4378.00,10,4377.90,9,4377.80,9,4379.60,4,4379.70,2,4379.80,3,4379.90,7,4380.00,11,4380.10,11,4380.20,10,4380.30,7,4380.40,10,4380.50,8,Buy,32,9,41,23.00,23.00,-2.00,1.20,25.0,4379.10,4379.40,4378.20,4379.40,60,44,104,16.00,20.00,-19.00,1.60,62.5,30,81,0.2500,0.0000,87.00,161.00,4385.19,-0.9880,DOWN,94.40,1.1017,1.6100
20260901 220322 359,4379.50,1,4378.90,4379.60,0.70,4378.90,2,4378.80,2,4378.70,3,4378.60,6,4378.40,4,4378.20,11,4378.10,10,4378.00,10,4377.90,9,4377.80,9,4379.60,4,4379.70,2,4379.80,3,4379.90,7,4380.00,11,4380.10,11,4380.20,10,4380.30,7,4380.40,10,4380.50,8,Buy,33,9,42,24.00,24.00,-2.00,1.30,30.8,4379.10,4379.50,4378.20,4379.50,60,44,104,16.00,20.00,-19.00,1.60,62.5,30,81,0.2500,0.0000,88.00,162.00,4385.20,-0.9848,DOWN,94.40,1.1017,1.6171
20260901 220322 359,4379.50,1,4378.90,4379.60,0.70,4378.90,2,4378.80,2,4378.70,3,4378.60,6,4378.40,4,4378.20,11,4378.10,10,4378.00,10,4377.90,9,4377.80,9,4379.60,4,4379.70,2,4379.80,3,4379.90,7,4380.00,11,4380.10,11,4380.20,10,4380.30,7,4380.40,10,4380.50,8,Buy,34,9,43,25.00,25.00,-2.00,1.30,30.8,4379.10,4379.50,4378.20,4379.50,60,44,104,16.00,20.00,-19.00,1.60,62.5,30,81,0.2500,0.0000,89.00,163.00,4385.20,-0.9848,DOWN,94.40,1.1017,1.6171
20260901 220322 401,4378.90,1,4378.80,4379.60,0.80,4378.80,2,4378.70,3,4378.60,5,4378.40,3,4378.20,11,4378.10,10,4378.00,10,4377.90,9,4377.80,9,4377.70,8,4379.60,4,4379.70,2,4379.80,3,4379.90,7,4380.00,11,4380.10,11,4380.20,10,4380.30,7,4380.40,10,4380.50,8,Sell,34,10,44,24.00,25.00,-2.00,1.30,15.4,4379.10,4379.50,4378.20,4378.90,60,44,104,16.00,20.00,-19.00,1.60,62.5,30,81,0.2500,0.0417,88.00,162.00,4385.15,-1.0038,DOWN,94.40,1.1017,1.6171
20260901 220322 401,4378.90,1,4378.80,4379.60,0.80,4378.80,2,4378.70,3,4378.60,5,4378.40,3,4378.20,11,4378.10,10,4378.00,10,4377.90,9,4377.80,9,4377.70,8,4379.60,4,4379.70,2,4379.80,3,4379.90,7,4380.00,11,4380.10,11,4380.20,10,4380.30,7,4380.40,10,4380.50,8,Sell,34,11,45,23.00,25.00,-2.00,1.30,15.4,4379.10,4379.50,4378.20,4378.90,60,44,104,16.00,20.00,-19.00,1.60,62.5,30,81,0.2500,0.0870,87.00,161.00,4385.15,-1.0038,DOWN,94.40,1.1017,1.6171
20260901 220325 351,4379.50,1,4379.20,4379.60,0.40,4379.20,1,4379.10,1,4379.00,3,4378.90,2,4378.80,2,4378.70,3,4378.60,5,4378.40,4,4378.30,6,4378.20,10,4379.60,4,4379.70,2,4379.80,3,4379.90,7,4380.00,10,4380.10,11,4380.20,10,4380.30,9,4380.40,10,4380.50,8,Buy,35,11,46,24.00,25.00,-2.00,1.30,30.8,4379.10,4379.50,4378.20,4379.50,60,44,104,16.00,20.00,-19.00,1.60,62.5,30,81,0.2500,0.0417,88.00,162.00,4385.20,-0.9848,DOWN,94.40,1.1017,1.6171
20260901 220325 676,4379.20,1,4379.20,4379.60,0.40,4379.20,1,4379.10,1,4379.00,3,4378.90,2,4378.80,2,4378.70,3,4378.60,5,4378.40,4,4378.30,6,4378.20,10,4379.60,5,4379.70,2,4379.80,3,4379.90,7,4380.00,10,4380.10,11,4380.20,11,4380.30,9,4380.40,10,4380.50,8,Sell,35,12,47,23.00,25.00,-2.00,1.30,7.7,4379.10,4379.50,4378.20,4379.20,60,44,104,16.00,20.00,-19.00,1.60,62.5,30,81,0.2500,0.0870,87.00,161.00,4385.18,-0.9943,DOWN,94.40,1.1017,1.6171
20260901 220325 999,4379.20,1,4379.20,4379.60,0.40,4379.00,2,4378.90,2,4378.80,2,4378.70,3,4378.60,5,4378.40,4,4378.30,6,4378.20,10,4378.10,10,4378.00,10,4379.50,3,4379.60,3,4379.70,2,4379.80,3,4379.90,7,4380.00,10,4380.10,13,4380.20,11,4380.30,7,4380.40,10,Sell,35,13,48,22.00,25.00,-2.00,1.30,7.7,4379.10,4379.50,4378.20,4379.20,60,44,104,16.00,20.00,-19.00,1.60,62.5,30,81,0.2500,0.1364,86.00,160.00,4385.18,-0.9943,DOWN,94.40,1.1017,1.6171
20260901 220327 206,4379.50,1,4379.10,4379.50,0.40,4379.10,1,4379.00,3,4378.90,2,4378.80,2,4378.70,3,4378.60,5,4378.40,4,4378.30,6,4378.20,10,4378.10,10,4379.50,1,4379.60,3,4379.70,2,4379.80,3,4379.90,7,4380.00,10,4380.10,13,4380.20,11,4380.30,7,4380.40,10,Buy,36,13,49,23.00,25.00,-2.00,1.30,30.8,4379.10,4379.50,4378.20,4379.50,60,44,104,16.00,20.00,-19.00,1.60,62.5,30,81,0.2500,0.0870,87.00,161.00,4385.20,-0.9848,DOWN,94.40,1.1017,1.6171
20260901 220327 245,4379.50,1,4379.20,4379.50,0.30,4379.20,1,4379.10,2,4379.00,3,4378.90,2,4378.80,2,4378.70,3,4378.60,5,4378.40,4,4378.30,6,4378.20,10,4379.60,5,4379.70,2,4379.80,3,4379.90,7,4380.00,10,4380.10,13,4380.20,11,4380.30,7,4380.40,10,4380.50,8,Buy,37,13,50,24.00,25.00,-2.00,1.30,30.8,4379.10,4379.50,4378.20,4379.50,60,44,104,16.00,20.00,-19.00,1.60,62.5,30,81,0.2500,0.0417,88.00,162.00,4385.20,-0.9848,DOWN,94.40,1.1017,1.6171
20260901 220327 245,4379.60,1,4379.20,4379.50,0.30,4379.20,1,4379.10,2,4379.00,3,4378.90,2,4378.80,2,4378.70,3,4378.60,5,4378.40,4,4378.30,6,4378.20,10,4379.60,5,4379.70,2,4379.80,3,4379.90,7,4380.00,10,4380.10,13,4380.20,11,4380.30,7,4380.40,10,4380.50,8,Buy,38,13,51,25.00,25.00,-2.00,1.40,35.7,4379.10,4379.60,4378.20,4379.60,60,44,104,16.00,20.00,-19.00,1.60,62.5,30,81,0.2500,0.0000,89.00,163.00,4385.21,-0.9816,DOWN,94.40,1.1017,1.6242
20260901 220327 640,4379.60,1,4379.30,4379.60,0.30,4379.40,1,4379.30,2,4379.20,4,4379.10,4,4379.00,4,4378.90,2,4378.80,4,4378.70,4,4378.60,5,4378.40,8,4379.80,3,4379.90,2,4380.00,5,4380.10,11,4380.20,10,4380.30,7,4380.40,10,4380.50,10,4380.60,8,4380.70,8,Buy,39,13,52,26.00,26.00,-2.00,1.40,35.7,4379.10,4379.60,4378.20,4379.60,60,44,104,16.00,20.00,-19.00,1.60,62.5,30,81,0.2500,0.0000,90.00,164.00,4385.21,-0.9816,DOWN,94.40,1.1017,1.6242
20260901 220327 640,4379.60,1,4379.30,4379.60,0.30,4379.40,1,4379.30,2,4379.20,4,4379.10,4,4379.00,4,4378.90,2,4378.80,4,4378.70,4,4378.60,5,4378.40,8,4379.80,3,4379.90,2,4380.00,5,4380.10,11,4380.20,10,4380.30,7,4380.40,10,4380.50,10,4380.60,8,4380.70,8,Buy,40,13,53,27.00,27.00,-2.00,1.40,35.7,4379.10,4379.60,4378.20,4379.60,60,44,104,16.00,20.00,-19.00,1.60,62.5,30,81,0.2500,0.0000,91.00,165.00,4385.21,-0.9816,DOWN,94.40,1.1017,1.6242
20260901 220327 640,4379.60,1,4379.30,4379.60,0.30,4379.40,1,4379.30,2,4379.20,4,4379.10,4,4379.00,4,4378.90,2,4378.80,4,4378.70,4,4378.60,5,4378.40,8,4379.80,3,4379.90,2,4380.00,5,4380.10,11,4380.20,10,4380.30,7,4380.40,10,4380.50,10,4380.60,8,4380.70,8,Buy,41,13,54,28.00,28.00,-2.00,1.40,35.7,4379.10,4379.60,4378.20,4379.60,60,44,104,16.00,20.00,-19.00,1.60,62.5,30,81,0.2500,0.0000,92.00,166.00,4385.21,-0.9816,DOWN,94.40,1.1017,1.6242
20260901 220328 882,4379.80,1,4379.40,4379.80,0.40,4379.40,2,4379.30,2,4379.20,3,4379.10,4,4379.00,5,4378.90,3,4378.80,5,4378.70,3,4378.60,10,4378.50,5,4379.80,3,4379.90,2,4380.00,4,4380.10,11,4380.20,10,4380.30,7,4380.40,10,4380.50,10,4380.60,8,4380.70,8,Buy,42,13,55,29.00,29.00,-2.00,1.60,43.7,4379.10,4379.80,4378.20,4379.80,60,44,104,16.00,20.00,-19.00,1.60,62.5,30,81,0.2500,0.0000,93.00,167.00,4385.23,-0.9753,DOWN,94.40,1.1017,1.6385
20260901 220328 882,4379.80,1,4379.40,4379.80,0.40,4379.40,2,4379.30,2,4379.20,3,4379.10,4,4379.00,5,4378.90,3,4378.80,5,4378.70,3,4378.60,10,4378.50,5,4379.80,3,4379.90,2,4380.00,4,4380.10,11,4380.20,10,4380.30,7,4380.40,10,4380.50,10,4380.60,8,4380.70,8,Buy,43,13,56,30.00,30.00,-2.00,1.60,43.7,4379.10,4379.80,4378.20,4379.80,60,44,104,16.00,20.00,-19.00,1.60,62.5,30,81,0.2500,0.0000,94.00,168.00,4385.23,-0.9753,DOWN,94.40,1.1017,1.6385
20260901 220331 186,4379.80,1,4379.60,4379.90,0.30,4379.60,1,4379.50,1,4379.40,5,4379.20,3,4379.10,4,4379.00,6,4378.90,4,4378.80,4,4378.70,3,4378.60,9,4379.90,1,4380.00,4,4380.10,7,4380.20,10,4380.30,7,4380.40,9,4380.50,10,4380.60,8,4380.70,8,4380.80,8,Buy,44,13,57,31.00,31.00,-2.00,1.60,43.7,4379.10,4379.80,4378.20,4379.80,60,44,104,16.00,20.00,-19.00,1.60,62.5,30,81,0.2500,0.0000,95.00,169.00,4385.23,-0.9753,DOWN,94.40,1.1017,1.6385
20260901 220331 232,4379.80,1,4379.60,4379.90,0.30,4379.60,1,4379.50,1,4379.40,5,4379.20,3,4379.10,4,4379.00,6,4378.90,4,4378.80,4,4378.70,3,4378.60,9,4379.90,1,4380.00,4,4380.10,7,4380.20,10,4380.30,7,4380.40,9,4380.50,10,4380.60,8,4380.70,8,4380.80,8,Buy,45,13,58,32.00,32.00,-2.00,1.60,43.7,4379.10,4379.80,4378.20,4379.80,60,44,104,16.00,20.00,-19.00,1.60,62.5,30,81,0.2500,0.0000,96.00,170.00,4385.23,-0.9753,DOWN,94.40,1.1017,1.6385
20260901 220332 062,4379.80,1,4379.60,4379.80,0.20,4379.60,1,4379.50,1,4379.40,5,4379.20,3,4379.10,4,4379.00,6,4378.90,4,4378.80,4,4378.70,3,4378.60,9,4379.90,1,4380.00,4,4380.10,7,4380.20,10,4380.30,7,4380.40,9,4380.50,10,4380.60,8,4380.70,8,4380.80,8,Sell,45,14,59,31.00,32.00,-2.00,1.60,43.7,4379.10,4379.80,4378.20,4379.80,60,44,104,16.00,20.00,-19.00,1.60,62.5,30,81,0.2500,0.0323,95.00,169.00,4385.23,-0.9753,DOWN,94.40,1.1017,1.6385
20260901 220332 063,4379.80,1,4379.60,4379.80,0.20,4379.60,1,4379.50,1,4379.40,5,4379.20,3,4379.10,4,4379.00,6,4378.90,4,4378.80,4,4378.70,3,4378.60,9,4379.90,1,4380.00,4,4380.10,7,4380.20,10,4380.30,7,4380.40,9,4380.50,10,4380.60,8,4380.70,8,4380.80,8,Buy,46,14,60,32.00,32.00,-2.00,1.60,43.7,4379.10,4379.80,4378.20,4379.80,60,44,104,16.00,20.00,-19.00,1.60,62.5,30,81,0.2500,0.0000,96.00,170.00,4385.23,-0.9753,DOWN,94.40,1.1017,1.6385
20260901 220333 768,4379.80,1,4379.60,4379.80,0.20,4379.60,1,4379.50,1,4379.40,5,4379.20,5,4379.10,4,4379.00,7,4378.90,9,4378.80,8,4378.70,7,4378.60,9,4379.90,2,4380.00,4,4380.10,7,4380.20,5,4380.30,7,4380.40,9,4380.50,10,4380.60,8,4380.70,8,4380.80,8,Buy,47,14,61,33.00,33.00,-2.00,1.60,43.7,4379.10,4379.80,4378.20,4379.80,60,44,104,16.00,20.00,-19.00,1.60,62.5,30,81,0.2500,0.0000,97.00,171.00,4385.23,-0.9753,DOWN,94.40,1.1017,1.6385
20260901 220335 048,4379.60,1,4379.30,4379.80,0.50,4379.30,2,4379.20,4,4379.10,4,4379.00,6,4378.90,8,4378.80,9,4378.70,7,4378.60,9,4378.50,5,4378.40,8,4379.80,1,4379.90,2,4380.00,4,4380.10,7,4380.20,5,4380.30,7,4380.40,10,4380.50,10,4380.60,8,4380.70,8,Sell,47,15,62,32.00,33.00,-2.00,1.60,31.2,4379.10,4379.80,4378.20,4379.60,60,44,104,16.00,20.00,-19.00,1.60,62.5,30,81,0.2500,0.0313,96.00,170.00,4385.21,-0.9816,DOWN,94.40,1.1017,1.6385
20260901 220337 536,4379.90,1,4379.40,4379.90,0.50,4379.40,4,4379.20,4,4379.10,4,4379.00,6,4378.90,8,4378.80,9,4378.70,8,4378.60,10,4378.50,5,4378.40,8,4379.90,3,4380.00,4,4380.10,6,4380.20,5,4380.30,7,4380.40,10,4380.50,10,4380.60,8,4380.70,8,4380.80,8,Buy,48,15,63,33.00,33.00,-2.00,1.70,47.1,4379.10,4379.90,4378.20,4379.90,60,44,104,16.00,20.00,-19.00,1.60,62.5,30,81,0.2500,0.0000,97.00,171.00,4385.24,-0.9721,DOWN,94.40,1.1017,1.6457
20260901 220339 521,4379.90,1,4379.60,4379.90,0.30,4379.60,1,4379.50,2,4379.40,5,4379.20,4,4379.10,4,4379.00,7,4378.90,9,4378.80,9,4378.70,8,4378.60,10,4380.00,3,4380.10,6,4380.20,5,4380.30,2,4380.40,9,4380.50,10,4380.60,8,4380.70,8,4380.80,8,4380.90,7,Buy,49,15,64,34.00,34.00,-2.00,1.70,47.1,4379.10,4379.90,4378.20,4379.90,60,44,104,16.00,20.00,-19.00,1.60,62.5,30,81,0.2500,0.0000,98.00,172.00,4385.24,-0.9721,DOWN,94.40,1.1017,1.6457
20260901 220340 064,4380.00,1,4379.60,4380.00,0.40,4379.60,1,4379.50,2,4379.40,5,4379.20,4,4379.10,4,4379.00,7,4378.90,9,4378.80,9,4378.70,8,4378.60,10,4380.00,1,4380.10,6,4380.20,5,4380.30,2,4380.40,9,4380.50,10,4380.60,8,4380.70,8,4380.80,8,4380.90,7,Buy,50,15,65,35.00,35.00,-2.00,1.80,50.0,4379.10,4380.00,4378.20,4380.00,60,44,104,16.00,20.00,-19.00,1.60,62.5,30,81,0.2500,0.0000,99.00,173.00,4385.25,-0.9689,DOWN,94.40,1.1017,1.6528
20260901 220340 064,4380.00,1,4379.60,4380.00,0.40,4379.60,1,4379.50,2,4379.40,5,4379.20,4,4379.10,4,4379.00,7,4378.90,9,4378.80,9,4378.70,8,4378.60,10,4380.00,1,4380.10,6,4380.20,5,4380.30,2,4380.40,9,4380.50,10,4380.60,8,4380.70,8,4380.80,8,4380.90,7,Buy,51,15,66,36.00,36.00,-2.00,1.80,50.0,4379.10,4380.00,4378.20,4380.00,60,44,104,16.00,20.00,-19.00,1.60,62.5,30,81,0.2500,0.0000,100.00,174.00,4385.25,-0.9689,DOWN,94.40,1.1017,1.6528
20260901 220341 368,4380.00,1,4379.60,4380.00,0.40,4379.60,1,4379.50,2,4379.40,5,4379.20,4,4379.10,4,4379.00,7,4378.90,9,4378.80,9,4378.70,8,4378.60,10,4380.10,6,4380.20,4,4380.30,2,4380.40,9,4380.50,10,4380.60,8,4380.70,8,4380.80,8,4380.90,7,4381.00,9,Buy,52,15,67,37.00,37.00,-2.00,1.80,50.0,4379.10,4380.00,4378.20,4380.00,60,44,104,16.00,20.00,-19.00,1.60,62.5,30,81,0.2500,0.0000,101.00,175.00,4385.25,-0.9689,DOWN,94.40,1.1017,1.6528
20260901 220341 368,4380.00,1,4379.60,4380.00,0.40,4379.60,1,4379.50,2,4379.40,5,4379.20,4,4379.10,4,4379.00,7,4378.90,9,4378.80,9,4378.70,8,4378.60,10,4380.10,6,4380.20,4,4380.30,2,4380.40,9,4380.50,10,4380.60,8,4380.70,8,4380.80,8,4380.90,7,4381.00,9,Buy,53,15,68,38.00,38.00,-2.00,1.80,50.0,4379.10,4380.00,4378.20,4380.00,60,44,104,16.00,20.00,-19.00,1.60,62.5,30,81,0.2500,0.0000,102.00,176.00,4385.25,-0.9689,DOWN,94.40,1.1017,1.6528
20260901 220342 715,4380.00,1,4379.60,4380.00,0.40,4379.60,1,4379.50,2,4379.40,5,4379.20,4,4379.10,4,4379.00,7,4378.90,9,4378.80,9,4378.70,8,4378.60,10,4380.10,6,4380.20,4,4380.30,2,4380.40,9,4380.50,10,4380.60,8,4380.70,8,4380.80,8,4380.90,7,4381.00,9,Buy,54,15,69,39.00,39.00,-2.00,1.80,50.0,4379.10,4380.00,4378.20,4380.00,60,44,104,16.00,20.00,-19.00,1.60,62.5,30,81,0.2500,0.0000,103.00,177.00,4385.25,-0.9689,DOWN,94.40,1.1017,1.6528
20260901 220344 343,4379.40,1,4379.40,4379.90,0.50,4379.40,4,4379.20,4,4379.10,4,4379.00,7,4378.90,9,4378.80,9,4378.70,8,4378.60,10,4378.50,5,4378.40,8,4379.90,2,4380.00,2,4380.10,6,4380.20,4,4380.30,2,4380.40,10,4380.50,10,4380.60,8,4380.70,8,4380.80,8,Sell,54,16,70,38.00,39.00,-2.00,1.80,16.7,4379.10,4380.00,4378.20,4379.40,60,44,104,16.00,20.00,-19.00,1.60,62.5,30,81,0.2500,0.0263,102.00,176.00,4385.19,-0.9880,DOWN,94.40,1.1017,1.6528
20260901 220347 672,4379.50,1,4379.50,4379.90,0.40,4379.40,4,4379.20,4,4379.10,4,4379.00,7,4378.90,9,4378.80,9,4378.70,8,4378.60,10,4378.50,5,4378.40,8,4379.90,2,4380.00,2,4380.10,5,4380.20,4,4380.30,2,4380.40,9,4380.50,10,4380.60,8,4380.70,8,4380.80,8,Sell,54,17,71,37.00,39.00,-2.00,1.80,22.2,4379.10,4380.00,4378.20,4379.50,60,44,104,16.00,20.00,-19.00,1.60,62.5,30,81,0.2500,0.0541,101.00,175.00,4385.20,-0.9848,DOWN,94.40,1.1017,1.6528
20260901 220348 898,4379.80,1,4379.50,4379.80,0.30,4379.50,1,4379.40,3,4379.20,4,4379.10,4,4379.00,7,4378.90,9,4378.80,9,4378.70,8,4378.60,10,4378.50,5,4379.90,1,4380.00,3,4380.10,5,4380.20,4,4380.30,2,4380.40,4,4380.50,10,4380.60,8,4380.70,8,4380.80,8,Buy,55,17,72,38.00,39.00,-2.00,1.80,38.9,4379.10,4380.00,4378.20,4379.80,60,44,104,16.00,20.00,-19.00,1.60,62.5,30,81,0.2500,0.0263,102.00,176.00,4385.23,-0.9753,DOWN,94.40,1.1017,1.6528
20260901 220348 898,4379.80,1,4379.50,4379.80,0.30,4379.50,1,4379.40,3,4379.20,4,4379.10,4,4379.00,7,4378.90,9,4378.80,9,4378.70,8,4378.60,10,4378.50,5,4379.90,1,4380.00,3,4380.10,5,4380.20,4,4380.30,2,4380.40,4,4380.50,10,4380.60,8,4380.70,8,4380.80,8,Buy,56,17,73,39.00,39.00,-2.00,1.80,38.9,4379.10,4380.00,4378.20,4379.80,60,44,104,16.00,20.00,-19.00,1.60,62.5,30,81,0.2500,0.0000,103.00,177.00,4385.23,-0.9753,DOWN,94.40,1.1017,1.6528
20260901 220350 469,4379.90,1,4379.40,4379.90,0.50,4379.40,4,4379.20,4,4379.10,4,4379.00,7,4378.90,9,4378.80,9,4378.70,8,4378.60,10,4378.50,5,4378.40,8,4379.90,1,4380.00,3,4380.10,5,4380.20,4,4380.30,2,4380.40,9,4380.50,10,4380.60,8,4380.70,8,4380.80,8,Buy,57,17,74,40.00,40.00,-2.00,1.80,44.4,4379.10,4380.00,4378.20,4379.90,60,44,104,16.00,20.00,-19.00,1.60,62.5,30,81,0.2500,0.0000,104.00,178.00,4385.24,-0.9721,DOWN,94.40,1.1017,1.6528
20260901 220352 806,4379.60,1,4379.20,4379.90,0.70,4379.20,2,4379.10,4,4379.00,7,4378.90,9,4378.80,9,4378.70,8,4378.60,10,4378.50,5,4378.40,8,4378.30,7,4379.90,2,4380.00,3,4380.10,5,4380.20,4,4380.30,2,4380.40,9,4380.50,10,4380.60,8,4380.70,8,4380.80,8,Sell,57,18,75,39.00,40.00,-2.00,1.80,27.8,4379.10,4380.00,4378.20,4379.60,60,44,104,16.00,20.00,-19.00,1.60,62.5,30,81,0.2500,0.0256,103.00,177.00,4385.21,-0.9816,DOWN,94.40,1.1017,1.6528
20260901 220352 806,4379.50,1,4379.20,4379.90,0.70,4379.20,2,4379.10,4,4379.00,7,4378.90,9,4378.80,9,4378.70,8,4378.60,10,4378.50,5,4378.40,8,4378.30,7,4379.90,2,4380.00,3,4380.10,5,4380.20,4,4380.30,2,4380.40,9,4380.50,10,4380.60,8,4380.70,8,4380.80,8,Sell,57,19,76,38.00,40.00,-2.00,1.80,22.2,4379.10,4380.00,4378.20,4379.50,60,44,104,16.00,20.00,-19.00,1.60,62.5,30,81,0.2500,0.0526,102.00,176.00,4385.20,-0.9848,DOWN,94.40,1.1017,1.6528
20260901 220352 806,4379.50,1,4379.20,4379.90,0.70,4379.20,2,4379.10,4,4379.00,7,4378.90,9,4378.80,9,4378.70,8,4378.60,10,4378.50,5,4378.40,8,4378.30,7,4379.90,2,4380.00,3,4380.10,5,4380.20,4,4380.30,2,4380.40,9,4380.50,10,4380.60,8,4380.70,8,4380.80,8,Sell,57,20,77,37.00,40.00,-2.00,1.80,22.2,4379.10,4380.00,4378.20,4379.50,60,44,104,16.00,20.00,-19.00,1.60,62.5,30,81,0.2500,0.0811,101.00,175.00,4385.20,-0.9848,DOWN,94.40,1.1017,1.6528
20260901 220352 806,4379.40,1,4379.20,4379.90,0.70,4379.20,2,4379.10,4,4379.00,7,4378.90,9,4378.80,9,4378.70,8,4378.60,10,4378.50,5,4378.40,8,4378.30,7,4379.90,2,4380.00,3,4380.10,5,4380.20,4,4380.30,2,4380.40,9,4380.50,10,4380.60,8,4380.70,8,4380.80,8,Sell,57,21,78,36.00,40.00,-2.00,1.80,16.7,4379.10,4380.00,4378.20,4379.40,60,44,104,16.00,20.00,-19.00,1.60,62.5,30,81,0.2500,0.1111,100.00,174.00,4385.19,-0.9880,DOWN,94.40,1.1017,1.6528
20260901 220352 806,4379.40,1,4379.20,4379.90,0.70,4379.20,2,4379.10,4,4379.00,7,4378.90,9,4378.80,9,4378.70,8,4378.60,10,4378.50,5,4378.40,8,4378.30,7,4379.90,2,4380.00,3,4380.10,5,4380.20,4,4380.30,2,4380.40,9,4380.50,10,4380.60,8,4380.70,8,4380.80,8,Sell,57,22,79,35.00,40.00,-2.00,1.80,16.7,4379.10,4380.00,4378.20,4379.40,60,44,104,16.00,20.00,-19.00,1.60,62.5,30,81,0.2500,0.1429,99.00,173.00,4385.19,-0.9880,DOWN,94.40,1.1017,1.6528
20260901 220352 806,4379.40,1,4379.20,4379.90,0.70,4379.20,2,4379.10,4,4379.00,7,4378.90,9,4378.80,9,4378.70,8,4378.60,10,4378.50,5,4378.40,8,4378.30,7,4379.90,2,4380.00,3,4380.10,5,4380.20,4,4380.30,2,4380.40,9,4380.50,10,4380.60,8,4380.70,8,4380.80,8,Sell,57,23,80,34.00,40.00,-2.00,1.80,16.7,4379.10,4380.00,4378.20,4379.40,60,44,104,16.00,20.00,-19.00,1.60,62.5,30,81,0.2500,0.1765,98.00,172.00,4385.19,-0.9880,DOWN,94.40,1.1017,1.6528
20260901 220352 806,4379.40,1,4379.20,4379.90,0.70,4379.20,2,4379.10,4,4379.00,7,4378.90,9,4378.80,9,4378.70,8,4378.60,10,4378.50,5,4378.40,8,4378.30,7,4379.90,2,4380.00,3,4380.10,5,4380.20,4,4380.30,2,4380.40,9,4380.50,10,4380.60,8,4380.70,8,4380.80,8,Sell,57,24,81,33.00,40.00,-2.00,1.80,16.7,4379.10,4380.00,4378.20,4379.40,60,44,104,16.00,20.00,-19.00,1.60,62.5,30,81,0.2500,0.2121,97.00,171.00,4385.19,-0.9880,DOWN,94.40,1.1017,1.6528
20260901 220352 806,4379.20,1,4379.20,4379.90,0.70,4379.20,2,4379.10,4,4379.00,7,4378.90,9,4378.80,9,4378.70,8,4378.60,10,4378.50,5,4378.40,8,4378.30,7,4379.90,2,4380.00,3,4380.10,5,4380.20,4,4380.30,2,4380.40,9,4380.50,10,4380.60,8,4380.70,8,4380.80,8,Sell,57,25,82,32.00,40.00,-2.00,1.80,5.6,4379.10,4380.00,4378.20,4379.20,60,44,104,16.00,20.00,-19.00,1.60,62.5,30,81,0.2500,0.2500,96.00,170.00,4385.18,-0.9943,DOWN,94.40,1.1017,1.6528
20260901 220352 806,4379.20,1,4379.20,4379.90,0.70,4379.20,2,4379.10,4,4379.00,7,4378.90,9,4378.80,9,4378.70,8,4378.60,10,4378.50,5,4378.40,8,4378.30,7,4379.90,2,4380.00,3,4380.10,5,4380.20,4,4380.30,2,4380.40,9,4380.50,10,4380.60,8,4380.70,8,4380.80,8,Sell,57,26,83,31.00,40.00,-2.00,1.80,5.6,4379.10,4380.00,4378.20,4379.20,60,44,104,16.00,20.00,-19.00,1.60,62.5,30,81,0.2500,0.2903,95.00,169.00,4385.18,-0.9943,DOWN,94.40,1.1017,1.6528
20260901 220354 172,4379.60,1,4379.30,4379.80,0.50,4379.30,2,4379.20,4,4379.10,4,4379.00,6,4378.90,8,4378.80,9,4378.70,8,4378.60,10,4378.50,6,4378.40,8,4379.80,3,4379.90,1,4380.00,5,4380.10,6,4380.20,5,4380.30,9,4380.40,10,4380.50,8,4380.60,8,4380.70,8,Buy,58,26,84,32.00,40.00,-2.00,1.80,27.8,4379.10,4380.00,4378.20,4379.60,60,44,104,16.00,20.00,-19.00,1.60,62.5,30,81,0.2500,0.2500,96.00,170.00,4385.21,-0.9816,DOWN,94.40,1.1017,1.6528
20260901 220355 327,4379.80,1,4379.30,4379.80,0.50,4379.30,3,4379.20,4,4379.10,4,4379.00,6,4378.90,8,4378.80,9,4378.70,8,4378.60,10,4378.50,6,4378.40,8,4379.80,2,4379.90,1,4380.00,5,4380.10,6,4380.20,5,4380.30,9,4380.40,10,4380.50,8,4380.60,8,4380.70,8,Buy,59,26,85,33.00,40.00,-2.00,1.80,38.9,4379.10,4380.00,4378.20,4379.80,60,44,104,16.00,20.00,-19.00,1.60,62.5,30,81,0.2500,0.2121,97.00,171.00,4385.23,-0.9753,DOWN,94.40,1.1017,1.6528
20260901 220357 312,4379.80,1,4379.50,4379.80,0.30,4379.50,1,4379.40,2,4379.30,5,4379.20,4,4379.10,3,4379.00,7,4378.90,9,4378.80,9,4378.70,8,4378.60,10,4379.90,2,4380.00,4,4380.10,6,4380.20,4,4380.30,2,4380.40,10,4380.50,8,4380.60,8,4380.70,8,4380.80,8,Buy,60,26,86,34.00,40.00,-2.00,1.80,38.9,4379.10,4380.00,4378.20,4379.80,60,44,104,16.00,20.00,-19.00,1.60,62.5,30,81,0.2500,0.1765,98.00,172.00,4385.23,-0.9753,DOWN,94.40,1.1017,1.6528
20260901 220358 897,4379.90,1,4379.50,4379.90,0.40,4379.50,1,4379.40,2,4379.30,5,4379.20,15,4379.10,3,4379.00,7,4378.90,9,4378.80,9,4378.70,8,4378.60,10,4379.90,2,4380.00,4,4380.10,6,4380.20,4,4380.30,2,4380.40,10,4380.50,8,4380.60,8,4380.70,8,4380.80,8,Buy,61,26,87,35.00,40.00,-2.00,1.80,44.4,4379.10,4380.00,4378.20,4379.90,60,44,104,16.00,20.00,-19.00,1.60,62.5,30,81,0.2500,0.1429,99.00,173.00,4385.24,-0.9721,DOWN,94.40,1.1017,1.6528
20260901 220359 125,4379.90,1,4379.50,4379.90,0.40,4379.50,1,4379.40,2,4379.30,5,4379.20,15,4379.10,3,4379.00,7,4378.90,9,4378.80,9,4378.70,8,4378.60,10,4379.90,2,4380.00,4,4380.10,6,4380.20,4,4380.30,2,4380.40,10,4380.50,8,4380.60,8,4380.70,8,4380.80,8,Buy,62,26,88,36.00,40.00,-2.00,1.80,44.4,4379.10,4380.00,4378.20,4379.90,60,44,104,16.00,20.00,-19.00,1.60,62.5,30,81,0.2500,0.1111,100.00,174.00,4385.24,-0.9721,DOWN,94.40,1.1017,1.6528
20260901 220359 290,4380.00,1,4379.50,4380.00,0.50,4379.50,3,4379.40,2,4379.30,5,4379.20,16,4379.10,3,4379.00,7,4378.90,9,4378.80,9,4378.70,8,4378.60,10,4380.00,1,4380.10,5,4380.20,4,4380.30,2,4380.40,9,4380.50,8,4380.60,9,4380.70,8,4380.80,8,4380.90,7,Buy,63,26,89,37.00,40.00,-2.00,1.80,50.0,4379.10,4380.00,4378.20,4380.00,60,44,104,16.00,20.00,-19.00,1.60,62.5,30,81,0.2500,0.0811,101.00,175.00,4385.25,-0.9689,DOWN,94.40,1.1017,1.6528
20260901 220359 290,4380.00,1,4379.50,4380.00,0.50,4379.50,3,4379.40,2,4379.30,5,4379.20,16,4379.10,3,4379.00,7,4378.90,9,4378.80,9,4378.70,8,4378.60,10,4380.00,1,4380.10,5,4380.20,4,4380.30,2,4380.40,9,4380.50,8,4380.60,9,4380.70,8,4380.80,8,4380.90,7,Buy,64,26,90,38.00,40.00,-2.00,1.80,50.0,4379.10,4380.00,4378.20,4380.00,60,44,104,16.00,20.00,-19.00,1.60,62.5,30,81,0.2500,0.0526,102.00,176.00,4385.25,-0.9689,DOWN,94.40,1.1017,1.6528
20260901 220359 290,4380.00,1,4379.50,4380.00,0.50,4379.50,3,4379.40,2,4379.30,5,4379.20,16,4379.10,3,4379.00,7,4378.90,9,4378.80,9,4378.70,8,4378.60,10,4380.00,1,4380.10,5,4380.20,4,4380.30,2,4380.40,9,4380.50,8,4380.60,9,4380.70,8,4380.80,8,4380.90,7,Buy,65,26,91,39.00,40.00,-2.00,1.80,50.0,4379.10,4380.00,4378.20,4380.00,60,44,104,16.00,20.00,-19.00,1.60,62.5,30,81,0.2500,0.0256,103.00,177.00,4385.25,-0.9689,DOWN,94.40,1.1017,1.6528
20260901 220359 290,4380.00,1,4379.50,4380.00,0.50,4379.50,3,4379.40,2,4379.30,5,4379.20,16,4379.10,3,4379.00,7,4378.90,9,4378.80,9,4378.70,8,4378.60,10,4380.00,1,4380.10,5,4380.20,4,4380.30,2,4380.40,9,4380.50,8,4380.60,9,4380.70,8,4380.80,8,4380.90,7,Buy,66,26,92,40.00,40.00,-2.00,1.80,50.0,4379.10,4380.00,4378.20,4380.00,60,44,104,16.00,20.00,-19.00,1.60,62.5,30,81,0.2500,0.0000,104.00,178.00,4385.25,-0.9689,DOWN,94.40,1.1017,1.6528
20260901 220359 290,4380.10,1,4379.50,4380.00,0.50,4379.50,3,4379.40,2,4379.30,5,4379.20,16,4379.10,3,4379.00,7,4378.90,9,4378.80,9,4378.70,8,4378.60,10,4380.00,1,4380.10,5,4380.20,4,4380.30,2,4380.40,9,4380.50,8,4380.60,9,4380.70,8,4380.80,8,4380.90,7,Buy,67,26,93,41.00,41.00,-2.00,1.90,52.6,4379.10,4380.10,4378.20,4380.10,60,44,104,16.00,20.00,-19.00,1.60,62.5,30,81,0.2500,0.0000,105.00,179.00,4385.26,-0.9658,DOWN,94.40,1.1017,1.6600
20260901 220359 905,4380.10,2,4379.80,4380.20,0.40,4379.80,3,4379.70,4,4379.50,5,4379.40,5,4379.30,6,4379.20,15,4379.10,9,4379.00,12,4378.90,9,4378.80,9,4380.20,3,4380.30,2,4380.40,2,4380.50,2,4380.60,8,4380.70,8,4380.80,9,4380.90,7,4381.00,9,4381.10,8,Buy,69,26,95,43.00,43.00,-2.00,1.90,52.6,4379.10,4380.10,4378.20,4380.10,60,44,104,16.00,20.00,-19.00,1.60,62.5,30,81,0.2500,0.0000,107.00,181.00,4385.26,-0.9658,DOWN,94.40,1.1017,1.6600
20260901 220359 905,4380.10,1,4379.80,4380.20,0.40,4379.80,3,4379.70,4,4379.50,5,4379.40,5,4379.30,6,4379.20,15,4379.10,9,4379.00,12,4378.90,9,4378.80,9,4380.20,3,4380.30,2,4380.40,2,4380.50,2,4380.60,8,4380.70,8,4380.80,9,4380.90,7,4381.00,9,4381.10,8,Buy,70,26,96,44.00,44.00,-2.00,1.90,52.6,4379.10,4380.10,4378.20,4380.10,60,44,104,16.00,20.00,-19.00,1.60,62.5,30,81,0.2500,0.0000,108.00,182.00,4385.26,-0.9658,DOWN,94.40,1.1017,1.6600
20260901 220400 152,4380.20,1,4379.70,4380.20,0.50,4379.70,5,4379.50,5,4379.40,5,4379.30,6,4379.20,15,4379.10,9,4379.00,12,4378.90,9,4378.80,9,4378.70,8,4380.20,3,4380.30,2,4380.40,2,4380.50,2,4380.60,8,4380.70,8,4380.80,9,4380.90,7,4381.00,9,4381.10,8,Buy,1,0,1,1.00,1.00,1.00,0.00,0.0,4380.20,4380.20,4380.20,4380.20,70,26,96,44.00,44.00,-2.00,1.90,52.6,42,117,0.0000,0.0000,91.00,155.00,4385.27,-0.9626,DOWN,91.95,1.0440,1.5485
20260901 220401 376,4380.20,1,4379.70,4380.20,0.50,4379.70,5,4379.50,5,4379.40,5,4379.30,6,4379.20,15,4379.10,9,4379.00,12,4378.90,9,4378.80,9,4378.70,8,4380.20,2,4380.30,2,4380.40,2,4380.50,2,4380.60,8,4380.70,8,4380.80,9,4380.90,7,4381.00,9,4381.10,8,Buy,2,0,2,2.00,2.00,1.00,0.00,0.0,4380.20,4380.20,4380.20,4380.20,70,26,96,44.00,44.00,-2.00,1.90,52.6,42,117,0.0000,0.0000,92.00,156.00,4385.27,-0.9626,DOWN,91.95,1.0440,1.5485
20260901 220402 410,4380.20,1,4379.90,4380.30,0.40,4379.90,1,4379.80,1,4379.70,4,4379.60,2,4379.50,5,4379.40,5,4379.30,6,4379.20,15,4379.10,9,4379.00,11,4380.30,3,4380.40,3,4380.50,1,4380.60,8,4380.70,8,4380.80,8,4380.90,10,4381.00,10,4381.10,8,4381.20,8,Buy,3,0,3,3.00,3.00,1.00,0.00,0.0,4380.20,4380.20,4380.20,4380.20,70,26,96,44.00,44.00,-2.00,1.90,52.6,42,117,0.0000,0.0000,93.00,157.00,4385.27,-0.9626,DOWN,91.95,1.0440,1.5485
20260901 220402 410,4380.20,1,4379.90,4380.30,0.40,4379.90,1,4379.80,1,4379.70,4,4379.60,2,4379.50,5,4379.40,5,4379.30,6,4379.20,15,4379.10,9,4379.00,11,4380.30,3,4380.40,3,4380.50,1,4380.60,8,4380.70,8,4380.80,8,4380.90,10,4381.00,10,4381.10,8,4381.20,8,Buy,4,0,4,4.00,4.00,1.00,0.00,0.0,4380.20,4380.20,4380.20,4380.20,70,26,96,44.00,44.00,-2.00,1.90,52.6,42,117,0.0000,0.0000,94.00,158.00,4385.27,-0.9626,DOWN,91.95,1.0440,1.5485
20260901 220402 410,4380.30,1,4379.90,4380.30,0.40,4379.90,1,4379.80,1,4379.70,4,4379.60,2,4379.50,5,4379.40,5,4379.30,6,4379.20,15,4379.10,9,4379.00,11,4380.30,3,4380.40,3,4380.50,1,4380.60,8,4380.70,8,4380.80,8,4380.90,10,4381.00,10,4381.10,8,4381.20,8,Buy,5,0,5,5.00,5.00,1.00,0.10,100.0,4380.20,4380.30,4380.20,4380.30,70,26,96,44.00,44.00,-2.00,1.90,52.6,42,117,0.0000,0.0000,95.00,159.00,4385.28,-0.9594,DOWN,91.95,1.0440,1.5557
20260901 220402 410,4380.30,1,4379.90,4380.30,0.40,4379.90,1,4379.80,1,4379.70,4,4379.60,2,4379.50,5,4379.40,5,4379.30,6,4379.20,15,4379.10,9,4379.00,11,4380.30,3,4380.40,3,4380.50,1,4380.60,8,4380.70,8,4380.80,8,4380.90,10,4381.00,10,4381.10,8,4381.20,8,Buy,6,0,6,6.00,6.00,1.00,0.10,100.0,4380.20,4380.30,4380.20,4380.30,70,26,96,44.00,44.00,-2.00,1.90,52.6,42,117,0.0000,0.0000,96.00,160.00,4385.28,-0.9594,DOWN,91.95,1.0440,1.5557
20260901 220402 410,4380.40,1,4379.90,4380.30,0.40,4379.90,1,4379.80,1,4379.70,4,4379.60,2,4379.50,5,4379.40,5,4379.30,6,4379.20,15,4379.10,9,4379.00,11,4380.30,3,4380.40,3,4380.50,1,4380.60,8,4380.70,8,4380.80,8,4380.90,10,4381.00,10,4381.10,8,4381.20,8,Buy,7,0,7,7.00,7.00,1.00,0.20,100.0,4380.20,4380.40,4380.20,4380.40,70,26,96,44.00,44.00,-2.00,1.90,52.6,42,117,0.0000,0.0000,97.00,161.00,4385.29,-0.9562,DOWN,91.95,1.0440,1.5628
20260901 220402 410,4380.40,1,4379.90,4380.30,0.40,4379.90,1,4379.80,1,4379.70,4,4379.60,2,4379.50,5,4379.40,5,4379.30,6,4379.20,15,4379.10,9,4379.00,11,4380.30,3,4380.40,3,4380.50,1,4380.60,8,4380.70,8,4380.80,8,4380.90,10,4381.00,10,4381.10,8,4381.20,8,Buy,8,0,8,8.00,8.00,1.00,0.20,100.0,4380.20,4380.40,4380.20,4380.40,70,26,96,44.00,44.00,-2.00,1.90,52.6,42,117,0.0000,0.0000,98.00,162.00,4385.29,-0.9562,DOWN,91.95,1.0440,1.5628
20260901 220402 410,4380.50,1,4379.90,4380.30,0.40,4379.90,1,4379.80,1,4379.70,4,4379.60,2,4379.50,5,4379.40,5,4379.30,6,4379.20,15,4379.10,9,4379.00,11,4380.30,3,4380.40,3,4380.50,1,4380.60,8,4380.70,8,4380.80,8,4380.90,10,4381.00,10,4381.10,8,4381.20,8,Buy,9,0,9,9.00,9.00,1.00,0.30,100.0,4380.20,4380.50,4380.20,4380.50,70,26,96,44.00,44.00,-2.00,1.90,52.6,42,117,0.0000,0.0000,99.00,163.00,4385.30,-0.9531,DOWN,91.95,1.0440,1.5700
20260901 220402 538,4380.30,1,4379.90,4380.30,0.40,4379.90,1,4379.80,1,4379.70,4,4379.60,2,4379.50,5,4379.40,5,4379.30,6,4379.20,15,4379.10,9,4379.00,11,4380.30,2,4380.40,4,4380.50,1,4380.60,8,4380.70,8,4380.80,8,4380.90,10,4381.00,10,4381.10,8,4381.20,8,Buy,10,0,10,10.00,10.00,1.00,0.30,33.3,4380.20,4380.50,4380.20,4380.30,70,26,96,44.00,44.00,-2.00,1.90,52.6,42,117,0.0000,0.0000,100.00,164.00,4385.28,-0.9594,DOWN,91.95,1.0440,1.5700
20260901 220402 636,4380.30,1,4379.90,4380.30,0.40,4379.90,1,4379.80,2,4379.70,4,4379.60,2,4379.50,5,4379.40,5,4379.30,6,4379.20,20,4379.10,9,4379.00,11,4380.30,1,4380.40,4,4380.50,1,4380.60,8,4380.70,8,4380.80,8,4380.90,10,4381.00,10,4381.10,8,4381.20,8,Buy,11,0,11,11.00,11.00,1.00,0.30,33.3,4380.20,4380.50,4380.20,4380.30,70,26,96,44.00,44.00,-2.00,1.90,52.6,42,117,0.0000,0.0000,101.00,165.00,4385.28,-0.9594,DOWN,91.95,1.0440,1.5700
20260901 220403 485,4380.20,1,4380.20,4380.70,0.50,4380.20,3,4380.10,1,4380.00,3,4379.90,2,4379.80,4,4379.70,4,4379.60,2,4379.50,10,4379.40,11,4379.30,10,4380.70,3,4380.80,2,4380.90,2,4381.00,4,4381.10,8,4381.20,9,4381.30,7,4381.40,9,4381.50,12,4381.60,12,Buy,12,0,12,12.00,12.00,1.00,0.30,0.0,4380.20,4380.50,4380.20,4380.20,70,26,96,44.00,44.00,-2.00,1.90,52.6,42,117,0.0000,0.0000,102.00,166.00,4385.27,-0.9626,DOWN,91.95,1.0440,1.5700
20260901 220403 506,4380.20,1,4380.20,4380.70,0.50,4380.20,3,4380.10,1,4380.00,3,4379.90,2,4379.80,4,4379.70,4,4379.60,2,4379.50,10,4379.40,11,4379.30,10,4380.70,3,4380.80,2,4380.90,2,4381.00,4,4381.10,8,4381.20,9,4381.30,7,4381.40,9,4381.50,12,4381.60,12,Buy,13,0,13,13.00,13.00,1.00,0.30,0.0,4380.20,4380.50,4380.20,4380.20,70,26,96,44.00,44.00,-2.00,1.90,52.6,42,117,0.0000,0.0000,103.00,167.00,4385.27,-0.9626,DOWN,91.95,1.0440,1.5700
20260901 220403 510,4380.20,1,4380.20,4380.70,0.50,4380.20,3,4380.10,1,4380.00,3,4379.90,2,4379.80,4,4379.70,4,4379.60,2,4379.50,10,4379.40,11,4379.30,10,4380.70,3,4380.80,2,4380.90,2,4381.00,4,4381.10,8,4381.20,9,4381.30,7,4381.40,9,4381.50,12,4381.60,12,Sell,13,1,14,12.00,13.00,1.00,0.30,0.0,4380.20,4380.50,4380.20,4380.20,70,26,96,44.00,44.00,-2.00,1.90,52.6,42,117,0.0000,0.0833,102.00,166.00,4385.27,-0.9626,DOWN,91.95,1.0440,1.5700
20260901 220404 687,4380.30,1,4380.20,4380.70,0.50,4380.20,3,4380.10,1,4380.00,3,4379.90,2,4379.80,4,4379.70,4,4379.60,2,4379.50,10,4379.40,11,4379.30,10,4380.70,4,4380.80,3,4380.90,2,4381.00,4,4381.10,7,4381.20,9,4381.30,7,4381.40,9,4381.50,12,4381.60,12,Sell,13,2,15,11.00,13.00,1.00,0.30,33.3,4380.20,4380.50,4380.20,4380.30,70,26,96,44.00,44.00,-2.00,1.90,52.6,42,117,0.0000,0.1818,101.00,165.00,4385.28,-0.9594,DOWN,91.95,1.0440,1.5700
20260901 220406 985,4380.70,1,4380.40,4380.70,0.30,4380.40,1,4380.30,1,4380.20,4,4380.10,1,4380.00,3,4379.90,2,4379.80,3,4379.70,5,4379.60,2,4379.50,10,4380.70,1,4380.80,3,4380.90,2,4381.00,4,4381.10,2,4381.20,9,4381.30,7,4381.40,9,4381.50,12,4381.60,12,Buy,14,2,16,12.00,13.00,1.00,0.50,100.0,4380.20,4380.70,4380.20,4380.70,70,26,96,44.00,44.00,-2.00,1.90,52.6,42,117,0.0000,0.0833,102.00,166.00,4385.32,-0.9467,DOWN,91.95,1.0440,1.5843
20260901 220407 091,4380.70,1,4380.40,4380.70,0.30,4380.40,1,4380.30,1,4380.20,4,4380.10,1,4380.00,3,4379.90,2,4379.80,3,4379.70,5,4379.60,7,4379.50,10,4380.80,3,4380.90,2,4381.00,4,4381.10,2,4381.20,8,4381.30,7,4381.40,10,4381.50,12,4381.60,12,4381.70,7,Buy,15,2,17,13.00,13.00,1.00,0.50,100.0,4380.20,4380.70,4380.20,4380.70,70,26,96,44.00,44.00,-2.00,1.90,52.6,42,117,0.0000,0.0000,103.00,167.00,4385.32,-0.9467,DOWN,91.95,1.0440,1.5843
20260901 220408 597,4380.80,1,4380.40,4380.80,0.40,4380.40,1,4380.30,1,4380.20,4,4380.10,1,4380.00,3,4379.90,2,4379.80,3,4379.70,5,4379.60,7,4379.50,10,4380.80,3,4380.90,1,4381.00,4,4381.10,3,4381.20,8,4381.30,7,4381.40,10,4381.50,12,4381.60,12,4381.70,7,Buy,16,2,18,14.00,14.00,1.00,0.60,100.0,4380.20,4380.80,4380.20,4380.80,70,26,96,44.00,44.00,-2.00,1.90,52.6,42,117,0.0000,0.0000,104.00,168.00,4385.33,-0.9435,DOWN,91.95,1.0440,1.5914
20260901 220410 076,4380.30,1,4380.30,4380.70,0.40,4380.40,1,4380.30,1,4380.20,4,4380.10,1,4380.00,3,4379.90,2,4379.80,3,4379.70,5,4379.60,7,4379.50,10,4380.80,3,4380.90,1,4381.00,3,4381.10,3,4381.20,8,4381.30,7,4381.40,10,4381.50,12,4381.60,12,4381.70,7,Sell,16,3,19,13.00,14.00,1.00,0.60,16.7,4380.20,4380.80,4380.20,4380.30,70,26,96,44.00,44.00,-2.00,1.90,52.6,42,117,0.0000,0.0769,103.00,167.00,4385.28,-0.9594,DOWN,91.95,1.0440,1.5914
20260901 220410 076,4380.30,1,4380.30,4380.70,0.40,4380.40,1,4380.30,1,4380.20,4,4380.10,1,4380.00,3,4379.90,2,4379.80,3,4379.70,5,4379.60,7,4379.50,10,4380.80,3,4380.90,1,4381.00,3,4381.10,3,4381.20,8,4381.30,7,4381.40,10,4381.50,12,4381.60,12,4381.70,7,Sell,16,4,20,12.00,14.00,1.00,0.60,16.7,4380.20,4380.80,4380.20,4380.30,70,26,96,44.00,44.00,-2.00,1.90,52.6,42,117,0.0000,0.1667,102.00,166.00,4385.28,-0.9594,DOWN,91.95,1.0440,1.5914
20260901 220413 634,4379.90,1,4379.90,4380.20,0.30,4379.80,2,4379.70,4,4379.60,1,4379.50,3,4379.40,6,4379.30,5,4379.20,11,4379.10,9,4379.00,11,4378.90,9,4380.20,1,4380.30,2,4380.40,4,4380.50,2,4380.60,3,4380.70,3,4380.80,10,4380.90,8,4381.00,8,4381.10,10,Sell,16,5,21,11.00,14.00,1.00,0.90,33.3,4380.20,4380.80,4379.90,4379.90,70,26,96,44.00,44.00,-2.00,1.90,52.6,42,117,0.0000,0.2727,101.00,165.00,4385.24,-0.9721,DOWN,91.95,1.0440,1.6057
20260901 220414 588,4380.20,1,4379.70,4380.20,0.50,4379.80,1,4379.70,4,4379.60,1,4379.50,3,4379.40,6,4379.30,5,4379.20,11,4379.10,9,4379.00,11,4378.90,9,4380.20,2,4380.30,1,4380.40,4,4380.50,2,4380.60,9,4380.70,3,4380.80,10,4380.90,8,4381.00,8,4381.10,10,Buy,17,5,22,12.00,14.00,1.00,0.90,0.0,4380.20,4380.80,4379.90,4380.20,70,26,96,44.00,44.00,-2.00,1.90,52.6,42,117,0.0000,0.1667,102.00,166.00,4385.27,-0.9626,DOWN,91.95,1.0440,1.6057
20260901 220414 764,4380.20,1,4379.90,4380.20,0.30,4379.90,1,4379.80,1,4379.70,4,4379.60,1,4379.50,3,4379.40,7,4379.30,5,4379.20,11,4379.10,9,4379.00,11,4380.30,2,4380.40,6,4380.50,2,4380.60,9,4380.70,3,4380.80,10,4380.90,8,4381.00,8,4381.10,10,4381.20,8,Buy,18,5,23,13.00,14.00,1.00,0.90,0.0,4380.20,4380.80,4379.90,4380.20,70,26,96,44.00,44.00,-2.00,1.90,52.6,42,117,0.0000,0.0769,103.00,167.00,4385.27,-0.9626,DOWN,91.95,1.0440,1.6057
20260901 220414 986,4379.90,1,4379.90,4380.30,0.40,4379.90,1,4379.80,1,4379.70,4,4379.60,1,4379.50,3,4379.40,7,4379.30,5,4379.20,11,4379.10,9,4379.00,11,4380.30,1,4380.40,6,4380.50,2,4380.60,9,4380.70,3,4380.80,10,4380.90,8,4381.00,8,4381.10,10,4381.20,8,Sell,18,6,24,12.00,14.00,1.00,0.90,33.3,4380.20,4380.80,4379.90,4379.90,70,26,96,44.00,44.00,-2.00,1.90,52.6,42,117,0.0000,0.1667,102.00,166.00,4385.24,-0.9721,DOWN,91.95,1.0440,1.6057
20260901 220417 291,4379.90,1,4379.90,4380.20,0.30,4379.70,4,4379.60,1,4379.50,1,4379.40,7,4379.30,5,4379.20,11,4379.10,9,4379.00,11,4378.90,9,4378.80,9,4380.20,2,4380.30,2,4380.40,6,4380.50,2,4380.60,9,4380.70,14,4380.80,10,4380.90,8,4381.00,8,4381.10,10,Sell,18,7,25,11.00,14.00,1.00,0.90,33.3,4380.20,4380.80,4379.90,4379.90,70,26,96,44.00,44.00,-2.00,1.90,52.6,42,117,0.0000,0.2727,101.00,165.00,4385.24,-0.9721,DOWN,91.95,1.0440,1.6057
20260901 220417 291,4379.80,1,4379.90,4380.20,0.30,4379.70,4,4379.60,1,4379.50,1,4379.40,7,4379.30,5,4379.20,11,4379.10,9,4379.00,11,4378.90,9,4378.80,9,4380.20,2,4380.30,2,4380.40,6,4380.50,2,4380.60,9,4380.70,14,4380.80,10,4380.90,8,4381.00,8,4381.10,10,Sell,18,8,26,10.00,14.00,1.00,1.00,40.0,4380.20,4380.80,4379.80,4379.80,70,26,96,44.00,44.00,-2.00,1.90,52.6,42,117,0.0000,0.4000,100.00,164.00,4385.23,-0.9753,DOWN,91.95,1.0440,1.6128
20260901 220418 121,4380.00,1,4379.70,4380.10,0.40,4379.70,1,4379.60,1,4379.50,1,4379.40,7,4379.30,5,4379.20,11,4379.10,9,4379.00,11,4378.90,9,4378.80,9,4380.10,2,4380.20,3,4380.30,1,4380.40,6,4380.50,2,4380.60,9,4380.70,16,4380.80,10,4380.90,6,4381.00,8,Buy,19,8,27,11.00,14.00,1.00,1.00,20.0,4380.20,4380.80,4379.80,4380.00,70,26,96,44.00,44.00,-2.00,1.90,52.6,42,117,0.0000,0.2727,101.00,165.00,4385.25,-0.9689,DOWN,91.95,1.0440,1.6128
20260901 220421 159,4380.10,1,4379.70,4380.10,0.40,4379.70,1,4379.60,1,4379.50,1,4379.40,6,4379.30,5,4379.20,11,4379.10,9,4379.00,11,4378.90,9,4378.80,9,4380.00,1,4380.20,3,4380.30,1,4380.40,6,4380.50,2,4380.60,9,4380.70,16,4380.80,10,4380.90,6,4381.00,8,Buy,20,8,28,12.00,14.00,1.00,1.00,10.0,4380.20,4380.80,4379.80,4380.10,70,26,96,44.00,44.00,-2.00,1.90,52.6,42,117,0.0000,0.1667,102.00,166.00,4385.26,-0.9658,DOWN,91.95,1.0440,1.6128
20260901 220421 159,4380.10,1,4379.70,4380.10,0.40,4379.70,1,4379.60,1,4379.50,1,4379.40,6,4379.30,5,4379.20,11,4379.10,9,4379.00,11,4378.90,9,4378.80,9,4380.00,1,4380.20,3,4380.30,1,4380.40,6,4380.50,2,4380.60,9,4380.70,16,4380.80,10,4380.90,6,4381.00,8,Buy,21,8,29,13.00,14.00,1.00,1.00,10.0,4380.20,4380.80,4379.80,4380.10,70,26,96,44.00,44.00,-2.00,1.90,52.6,42,117,0.0000,0.0769,103.00,167.00,4385.26,-0.9658,DOWN,91.95,1.0440,1.6128
20260901 220422 506,4380.20,1,4379.70,4380.10,0.40,4379.70,4,4379.60,1,4379.50,1,4379.40,6,4379.30,5,4379.20,11,4379.10,9,4379.00,11,4378.90,9,4378.80,9,4380.10,1,4380.20,3,4380.30,1,4380.40,6,4380.50,2,4380.60,9,4380.70,16,4380.80,10,4380.90,6,4381.00,8,Buy,22,8,30,14.00,14.00,1.00,1.00,0.0,4380.20,4380.80,4379.80,4380.20,70,26,96,44.00,44.00,-2.00,1.90,52.6,42,117,0.0000,0.0000,104.00,168.00,4385.27,-0.9626,DOWN,91.95,1.0440,1.6128
20260901 220422 506,4380.20,1,4379.70,4380.10,0.40,4379.70,4,4379.60,1,4379.50,1,4379.40,6,4379.30,5,4379.20,11,4379.10,9,4379.00,11,4378.90,9,4378.80,9,4380.10,1,4380.20,3,4380.30,1,4380.40,6,4380.50,2,4380.60,9,4380.70,16,4380.80,10,4380.90,6,4381.00,8,Buy,23,8,31,15.00,15.00,1.00,1.00,0.0,4380.20,4380.80,4379.80,4380.20,70,26,96,44.00,44.00,-2.00,1.90,52.6,42,117,0.0000,0.0000,105.00,169.00,4385.27,-0.9626,DOWN,91.95,1.0440,1.6128
20260901 220422 506,4380.20,1,4379.70,4380.10,0.40,4379.70,4,4379.60,1,4379.50,1,4379.40,6,4379.30,5,4379.20,11,4379.10,9,4379.00,11,4378.90,9,4378.80,9,4380.10,1,4380.20,3,4380.30,1,4380.40,6,4380.50,2,4380.60,9,4380.70,16,4380.80,10,4380.90,6,4381.00,8,Buy,24,8,32,16.00,16.00,1.00,1.00,0.0,4380.20,4380.80,4379.80,4380.20,70,26,96,44.00,44.00,-2.00,1.90,52.6,42,117,0.0000,0.0000,106.00,170.00,4385.27,-0.9626,DOWN,91.95,1.0440,1.6128
20260901 220426 056,4380.10,1,4379.70,4380.10,0.40,4379.70,2,4379.60,1,4379.50,1,4379.40,6,4379.30,4,4379.20,11,4379.10,9,4379.00,11,4378.90,9,4378.80,9,4380.10,1,4380.20,4,4380.30,1,4380.40,6,4380.50,2,4380.60,9,4380.70,5,4380.80,10,4380.90,6,4381.00,8,Buy,25,8,33,17.00,17.00,1.00,1.00,10.0,4380.20,4380.80,4379.80,4380.10,70,26,96,44.00,44.00,-2.00,1.90,52.6,42,117,0.0000,0.0000,107.00,171.00,4385.26,-0.9658,DOWN,91.95,1.0440,1.6128
20260901 220427 315,4380.00,1,4379.50,4380.00,0.50,4379.50,4,4379.40,5,4379.30,3,4379.20,5,4379.10,3,4379.00,11,4378.90,9,4378.80,9,4378.70,8,4378.60,11,4380.00,2,4380.10,5,4380.20,5,4380.30,2,4380.40,6,4380.50,3,4380.60,15,4380.70,9,4380.80,8,4380.90,6,Buy,26,8,34,18.00,18.00,1.00,1.00,20.0,4380.20,4380.80,4379.80,4380.00,70,26,96,44.00,44.00,-2.00,1.90,52.6,42,117,0.0000,0.0000,108.00,172.00,4385.25,-0.9689,DOWN,91.95,1.0440,1.6128
20260901 220429 171,4379.90,1,4379.50,4380.00,0.50,4379.50,4,4379.40,5,4379.20,5,4379.10,3,4379.00,5,4378.90,9,4378.80,9,4378.70,8,4378.60,11,4378.50,6,4380.00,4,4380.10,5,4380.20,6,4380.30,2,4380.40,7,4380.50,5,4380.60,15,4380.70,9,4380.80,8,4380.90,6,Buy,27,8,35,19.00,19.00,1.00,1.00,30.0,4380.20,4380.80,4379.80,4379.90,70,26,96,44.00,44.00,-2.00,1.90,52.6,42,117,0.0000,0.0000,109.00,173.00,4385.24,-0.9721,DOWN,91.95,1.0440,1.6128
20260901 220429 828,4380.00,1,4379.50,4380.00,0.50,4379.50,5,4379.40,5,4379.20,5,4379.10,3,4379.00,5,4378.90,9,4378.80,9,4378.70,8,4378.60,11,4378.50,6,4380.00,3,4380.10,5,4380.20,7,4380.30,2,4380.40,7,4380.50,5,4380.60,15,4380.70,9,4380.80,8,4380.90,6,Buy,28,8,36,20.00,20.00,1.00,1.00,20.0,4380.20,4380.80,4379.80,4380.00,70,26,96,44.00,44.00,-2.00,1.90,52.6,42,117,0.0000,0.0000,110.00,174.00,4385.25,-0.9689,DOWN,91.95,1.0440,1.6128
20260901 220433 471,4379.70,1,4379.50,4379.90,0.40,4379.50,3,4379.40,5,4379.20,5,4379.10,3,4379.00,16,4378.90,9,4378.80,9,4378.70,9,4378.60,11,4378.50,6,4379.90,2,4380.00,3,4380.10,6,4380.20,6,4380.30,2,4380.40,7,4380.50,5,4380.60,15,4380.70,9,4380.80,8,Sell,28,9,37,19.00,20.00,1.00,1.10,45.5,4380.20,4380.80,4379.70,4379.70,70,26,96,44.00,44.00,-2.00,1.90,52.6,42,117,0.0000,0.0526,109.00,173.00,4385.22,-0.9785,DOWN,91.95,1.0440,1.6200
20260901 220433 822,4379.90,1,4379.50,4379.90,0.40,4379.50,4,4379.40,5,4379.20,5,4379.10,3,4379.00,16,4378.90,9,4378.80,9,4378.70,9,4378.60,11,4378.50,6,4379.90,1,4380.00,3,4380.10,6,4380.20,6,4380.30,2,4380.40,7,4380.50,5,4380.60,15,4380.70,9,4380.80,8,Buy,29,9,38,20.00,20.00,1.00,1.10,27.3,4380.20,4380.80,4379.70,4379.90,70,26,96,44.00,44.00,-2.00,1.90,52.6,42,117,0.0000,0.0000,110.00,174.00,4385.24,-0.9721,DOWN,91.95,1.0440,1.6200
20260901 220436 254,4379.50,1,4379.40,4379.80,0.40,4379.40,3,4379.20,4,4379.10,3,4379.00,17,4378.90,9,4378.80,9,4378.70,9,4378.60,11,4378.50,6,4378.40,9,4379.80,2,4379.90,2,4380.00,3,4380.10,5,4380.20,4,4380.30,4,4380.40,8,4380.50,8,4380.60,14,4380.70,9,Sell,29,10,39,19.00,20.00,1.00,1.30,53.8,4380.20,4380.80,4379.50,4379.50,70,26,96,44.00,44.00,-2.00,1.90,52.6,42,117,0.0000,0.0526,109.00,173.00,4385.20,-0.9848,DOWN,91.95,1.0440,1.6343
20260901 220436 254,4379.50,1,4379.40,4379.80,0.40,4379.40,3,4379.20,4,4379.10,3,4379.00,17,4378.90,9,4378.80,9,4378.70,9,4378.60,11,4378.50,6,4378.40,9,4379.80,2,4379.90,2,4380.00,3,4380.10,5,4380.20,4,4380.30,4,4380.40,8,4380.50,8,4380.60,14,4380.70,9,Sell,29,11,40,18.00,20.00,1.00,1.30,53.8,4380.20,4380.80,4379.50,4379.50,70,26,96,44.00,44.00,-2.00,1.90,52.6,42,117,0.0000,0.1111,108.00,172.00,4385.20,-0.9848,DOWN,91.95,1.0440,1.6343
20260901 220436 326,4379.80,1,4379.50,4379.90,0.40,4379.50,4,4379.40,6,4379.20,5,4379.10,3,4379.00,17,4378.90,9,4378.80,9,4378.70,9,4378.60,11,4378.50,6,4379.90,1,4380.00,3,4380.10,5,4380.20,4,4380.30,4,4380.40,8,4380.50,8,4380.60,14,4380.70,9,4380.80,8,Buy,30,11,41,19.00,20.00,1.00,1.30,30.8,4380.20,4380.80,4379.50,4379.80,70,26,96,44.00,44.00,-2.00,1.90,52.6,42,117,0.0000,0.0526,109.00,173.00,4385.23,-0.9753,DOWN,91.95,1.0440,1.6343
20260901 220436 326,4379.80,1,4379.50,4379.90,0.40,4379.50,4,4379.40,6,4379.20,5,4379.10,3,4379.00,17,4378.90,9,4378.80,9,4378.70,9,4378.60,11,4378.50,6,4379.90,1,4380.00,3,4380.10,5,4380.20,4,4380.30,4,4380.40,8,4380.50,8,4380.60,14,4380.70,9,4380.80,8,Buy,31,11,42,20.00,20.00,1.00,1.30,30.8,4380.20,4380.80,4379.50,4379.80,70,26,96,44.00,44.00,-2.00,1.90,52.6,42,117,0.0000,0.0000,110.00,174.00,4385.23,-0.9753,DOWN,91.95,1.0440,1.6343
20260901 220437 663,4379.50,1,4379.50,4379.90,0.40,4379.50,3,4379.40,6,4379.20,5,4379.10,3,4379.00,17,4378.90,9,4378.80,9,4378.70,9,4378.60,11,4378.50,6,4379.90,1,4380.00,3,4380.10,6,4380.20,4,4380.30,4,4380.40,8,4380.50,8,4380.60,14,4380.70,9,4380.80,8,Sell,31,12,43,19.00,20.00,1.00,1.30,53.8,4380.20,4380.80,4379.50,4379.50,70,26,96,44.00,44.00,-2.00,1.90,52.6,42,117,0.0000,0.0526,109.00,173.00,4385.20,-0.9848,DOWN,91.95,1.0440,1.6343
20260901 220438 547,4379.60,1,4379.60,4379.80,0.20,4379.40,4,4379.20,5,4379.10,3,4379.00,17,4378.90,9,4378.80,9,4378.70,9,4378.60,11,4378.50,6,4378.40,9,4379.80,1,4379.90,2,4380.00,3,4380.10,6,4380.20,4,4380.30,2,4380.40,8,4380.50,8,4380.60,14,4380.70,9,Sell,31,13,44,18.00,20.00,1.00,1.30,46.2,4380.20,4380.80,4379.50,4379.60,70,26,96,44.00,44.00,-2.00,1.90,52.6,42,117,0.0000,0.1111,108.00,172.00,4385.21,-0.9816,DOWN,91.95,1.0440,1.6343
20260901 220439 276,4379.40,1,4379.40,4379.70,0.30,4379.40,3,4379.20,4,4379.10,3,4379.00,17,4378.90,4,4378.80,9,4378.70,9,4378.60,11,4378.50,6,4378.40,9,4379.80,2,4379.90,1,4380.00,4,4380.10,5,4380.20,4,4380.30,2,4380.40,8,4380.50,8,4380.60,13,4380.70,9,Sell,31,14,45,17.00,20.00,1.00,1.40,57.1,4380.20,4380.80,4379.40,4379.40,70,26,96,44.00,44.00,-2.00,1.90,52.6,42,117,0.0000,0.1765,107.00,171.00,4385.19,-0.9880,DOWN,91.95,1.0440,1.6414
20260901 220439 349,4379.20,1,4379.10,4379.50,0.40,4379.10,1,4379.00,15,4378.90,2,4378.80,4,4378.70,3,4378.60,5,4378.50,6,4378.40,9,4378.30,7,4378.20,11,4379.50,1,4379.60,3,4379.70,2,4379.80,4,4379.90,1,4380.00,4,4380.10,13,4380.20,11,4380.30,7,4380.40,11,Sell,31,15,46,16.00,20.00,1.00,1.60,62.5,4380.20,4380.80,4379.20,4379.20,70,26,96,44.00,44.00,-2.00,1.90,52.6,42,117,0.0000,0.2500,106.00,170.00,4385.18,-0.9943,DOWN,91.95,1.0440,1.6557
20260901 220439 349,4379.20,1,4379.10,4379.50,0.40,4379.10,1,4379.00,15,4378.90,2,4378.80,4,4378.70,3,4378.60,5,4378.50,6,4378.40,9,4378.30,7,4378.20,11,4379.50,1,4379.60,3,4379.70,2,4379.80,4,4379.90,1,4380.00,4,4380.10,13,4380.20,11,4380.30,7,4380.40,11,Sell,31,16,47,15.00,20.00,1.00,1.60,62.5,4380.20,4380.80,4379.20,4379.20,70,26,96,44.00,44.00,-2.00,1.90,52.6,42,117,0.0000,0.3333,105.00,169.00,4385.18,-0.9943,DOWN,91.95,1.0440,1.6557
20260901 220439 785,4379.10,1,4379.10,4379.50,0.40,4379.10,1,4379.00,15,4378.90,2,4378.80,4,4378.70,3,4378.60,5,4378.50,6,4378.40,9,4378.30,7,4378.20,11,4379.50,1,4379.60,3,4379.70,2,4379.80,4,4379.90,1,4380.00,5,4380.10,13,4380.20,11,4380.30,7,4380.40,11,Sell,31,17,48,14.00,20.00,1.00,1.70,64.7,4380.20,4380.80,4379.10,4379.10,70,26,96,44.00,44.00,-2.00,1.90,52.6,42,117,0.0000,0.4286,104.00,168.00,4385.17,-0.9975,DOWN,91.95,1.0440,1.6628
20260901 220439 845,4379.40,1,4379.00,4379.40,0.40,4379.00,15,4378.90,2,4378.80,4,4378.70,3,4378.60,5,4378.50,6,4378.40,8,4378.30,6,4378.20,11,4378.10,10,4379.40,1,4379.50,1,4379.60,3,4379.70,2,4379.80,4,4379.90,1,4380.00,6,4380.10,13,4380.20,10,4380.30,7,Buy,32,17,49,15.00,20.00,1.00,1.70,47.1,4380.20,4380.80,4379.10,4379.40,70,26,96,44.00,44.00,-2.00,1.90,52.6,42,117,0.0000,0.3333,105.00,169.00,4385.19,-0.9880,DOWN,91.95,1.0440,1.6628
20260901 220440 775,4379.10,1,4378.90,4379.40,0.50,4378.90,1,4378.80,3,4378.70,2,4378.60,4,4378.40,2,4378.20,10,4378.10,10,4378.00,12,4377.90,8,4377.80,10,4379.40,2,4379.60,4,4379.70,2,4379.80,6,4379.90,3,4380.00,9,4380.10,10,4380.20,9,4380.30,7,4380.40,11,Sell,32,18,50,14.00,20.00,1.00,1.70,64.7,4380.20,4380.80,4379.10,4379.10,70,26,96,44.00,44.00,-2.00,1.90,52.6,42,117,0.0000,0.4286,104.00,168.00,4385.17,-0.9975,DOWN,91.95,1.0440,1.6628
20260901 220440 778,4379.00,1,4378.90,4379.40,0.50,4378.90,1,4378.80,3,4378.70,2,4378.60,4,4378.40,2,4378.20,10,4378.10,10,4378.00,12,4377.90,8,4377.80,10,4379.40,2,4379.60,4,4379.70,2,4379.80,6,4379.90,3,4380.00,9,4380.10,10,4380.20,9,4380.30,7,4380.40,11,Sell,32,19,51,13.00,20.00,1.00,1.80,66.7,4380.20,4380.80,4379.00,4379.00,70,26,96,44.00,44.00,-2.00,1.90,52.6,42,117,0.0000,0.5385,103.00,167.00,4385.16,-1.0007,DOWN,91.95,1.0440,1.6700
20260901 220440 778,4379.00,11,4378.90,4379.40,0.50,4378.90,1,4378.80,3,4378.70,2,4378.60,4,4378.40,2,4378.20,10,4378.10,10,4378.00,12,4377.90,8,4377.80,10,4379.40,2,4379.60,4,4379.70,2,4379.80,6,4379.90,3,4380.00,9,4380.10,10,4380.20,9,4380.30,7,4380.40,11,Sell,32,30,62,2.00,20.00,1.00,1.80,66.7,4380.20,4380.80,4379.00,4379.00,70,26,96,44.00,44.00,-2.00,1.90,52.6,42,117,0.0000,9.0000,92.00,156.00,4385.16,-1.0007,DOWN,91.95,1.0440,1.6700
20260901 220441 995,4378.80,1,4378.80,4379.20,0.40,4378.80,1,4378.70,3,4378.60,2,4378.40,3,4378.20,7,4378.10,10,4378.00,12,4377.90,8,4377.80,10,4377.70,7,4379.20,4,4379.30,1,4379.40,4,4379.60,3,4379.70,3,4379.80,5,4379.90,6,4380.00,9,4380.10,5,4380.20,9,Sell,32,31,63,1.00,20.00,1.00,2.00,70.0,4380.20,4380.80,4378.80,4378.80,70,26,96,44.00,44.00,-2.00,1.90,52.6,42,117,0.0000,19.0000,91.00,155.00,4385.14,-1.0070,DOWN,91.95,1.0440,1.6843
20260901 220441 995,4378.80,1,4378.80,4379.20,0.40,4378.80,1,4378.70,3,4378.60,2,4378.40,3,4378.20,7,4378.10,10,4378.00,12,4377.90,8,4377.80,10,4377.70,7,4379.20,4,4379.30,1,4379.40,4,4379.60,3,4379.70,3,4379.80,5,4379.90,6,4380.00,9,4380.10,5,4380.20,9,Sell,32,32,64,0.00,20.00,0.00,2.00,70.0,4380.20,4380.80,4378.80,4378.80,70,26,96,44.00,44.00,-2.00,1.90,52.6,42,117,0.0000,20.0000,90.00,154.00,4385.14,-1.0070,DOWN,91.95,1.0440,1.6843
20260901 220443 388,4378.80,1,4378.50,4379.00,0.50,4378.50,3,4378.40,2,4378.30,3,4378.20,3,4378.10,4,4378.00,10,4377.90,10,4377.80,10,4377.70,7,4377.60,9,4379.00,3,4379.10,2,4379.20,4,4379.30,1,4379.40,5,4379.50,2,4379.60,3,4379.70,8,4379.80,10,4379.90,6,Sell,32,33,65,-1.00,20.00,-1.00,2.00,70.0,4380.20,4380.80,4378.80,4378.80,70,26,96,44.00,44.00,-2.00,1.90,52.6,42,117,0.0000,0.0000,89.00,153.00,4385.14,-1.0070,DOWN,91.95,1.0440,1.6843
20260901 220443 388,4378.70,1,4378.50,4379.00,0.50,4378.50,3,4378.40,2,4378.30,3,4378.20,3,4378.10,4,4378.00,10,4377.90,10,4377.80,10,4377.70,7,4377.60,9,4379.00,3,4379.10,2,4379.20,4,4379.30,1,4379.40,5,4379.50,2,4379.60,3,4379.70,8,4379.80,10,4379.90,6,Sell,32,34,66,-2.00,20.00,-2.00,2.10,71.4,4380.20,4380.80,4378.70,4378.70,70,26,96,44.00,44.00,-2.00,1.90,52.6,42,117,0.0000,0.0000,88.00,152.00,4385.13,-1.0102,DOWN,91.95,1.0440,1.6914
20260901 220443 388,4378.70,1,4378.50,4379.00,0.50,4378.50,3,4378.40,2,4378.30,3,4378.20,3,4378.10,4,4378.00,10,4377.90,10,4377.80,10,4377.70,7,4377.60,9,4379.00,3,4379.10,2,4379.20,4,4379.30,1,4379.40,5,4379.50,2,4379.60,3,4379.70,8,4379.80,10,4379.90,6,Sell,32,35,67,-3.00,20.00,-3.00,2.10,71.4,4380.20,4380.80,4378.70,4378.70,70,26,96,44.00,44.00,-2.00,1.90,52.6,42,117,0.0000,0.0000,87.00,151.00,4385.13,-1.0102,DOWN,91.95,1.0440,1.6914
20260901 220443 388,4378.60,1,4378.50,4379.00,0.50,4378.50,3,4378.40,2,4378.30,3,4378.20,3,4378.10,4,4378.00,10,4377.90,10,4377.80,10,4377.70,7,4377.60,9,4379.00,3,4379.10,2,4379.20,4,4379.30,1,4379.40,5,4379.50,2,4379.60,3,4379.70,8,4379.80,10,4379.90,6,Sell,32,36,68,-4.00,20.00,-4.00,2.20,72.7,4380.20,4380.80,4378.60,4378.60,70,26,96,44.00,44.00,-2.00,1.90,52.6,42,117,0.0000,0.0000,86.00,150.00,4385.12,-1.0134,DOWN,91.95,1.0440,1.6985
20260901 220443 388,4378.60,1,4378.50,4379.00,0.50,4378.50,3,4378.40,2,4378.30,3,4378.20,3,4378.10,4,4378.00,10,4377.90,10,4377.80,10,4377.70,7,4377.60,9,4379.00,3,4379.10,2,4379.20,4,4379.30,1,4379.40,5,4379.50,2,4379.60,3,4379.70,8,4379.80,10,4379.90,6,Sell,32,37,69,-5.00,20.00,-5.00,2.20,72.7,4380.20,4380.80,4378.60,4378.60,70,26,96,44.00,44.00,-2.00,1.90,52.6,42,117,0.0000,0.0000,85.00,149.00,4385.12,-1.0134,DOWN,91.95,1.0440,1.6985
20260901 220443 388,4378.40,1,4378.50,4379.00,0.50,4378.50,3,4378.40,2,4378.30,3,4378.20,3,4378.10,4,4378.00,10,4377.90,10,4377.80,10,4377.70,7,4377.60,9,4379.00,3,4379.10,2,4379.20,4,4379.30,1,4379.40,5,4379.50,2,4379.60,3,4379.70,8,4379.80,10,4379.90,6,Sell,32,38,70,-6.00,20.00,-6.00,2.40,75.0,4380.20,4380.80,4378.40,4378.40,70,26,96,44.00,44.00,-2.00,1.90,52.6,42,117,0.0000,0.0000,84.00,148.00,4385.10,-1.0197,DOWN,91.95,1.0440,1.7128
20260901 220443 388,4378.40,1,4378.50,4379.00,0.50,4378.50,3,4378.40,2,4378.30,3,4378.20,3,4378.10,4,4378.00,10,4377.90,10,4377.80,10,4377.70,7,4377.60,9,4379.00,3,4379.10,2,4379.20,4,4379.30,1,4379.40,5,4379.50,2,4379.60,3,4379.70,8,4379.80,10,4379.90,6,Sell,32,39,71,-7.00,20.00,-7.00,2.40,75.0,4380.20,4380.80,4378.40,4378.40,70,26,96,44.00,44.00,-2.00,1.90,52.6,42,117,0.0000,0.0000,83.00,147.00,4385.10,-1.0197,DOWN,91.95,1.0440,1.7128
20260901 220443 388,4378.40,1,4378.50,4379.00,0.50,4378.50,3,4378.40,2,4378.30,3,4378.20,3,4378.10,4,4378.00,10,4377.90,10,4377.80,10,4377.70,7,4377.60,9,4379.00,3,4379.10,2,4379.20,4,4379.30,1,4379.40,5,4379.50,2,4379.60,3,4379.70,8,4379.80,10,4379.90,6,Sell,32,40,72,-8.00,20.00,-8.00,2.40,75.0,4380.20,4380.80,4378.40,4378.40,70,26,96,44.00,44.00,-2.00,1.90,52.6,42,117,0.0000,0.0000,82.00,146.00,4385.10,-1.0197,DOWN,91.95,1.0440,1.7128
20260901 220443 388,4378.30,1,4378.50,4379.00,0.50,4378.50,3,4378.40,2,4378.30,3,4378.20,3,4378.10,4,4378.00,10,4377.90,10,4377.80,10,4377.70,7,4377.60,9,4379.00,3,4379.10,2,4379.20,4,4379.30,1,4379.40,5,4379.50,2,4379.60,3,4379.70,8,4379.80,10,4379.90,6,Sell,32,41,73,-9.00,20.00,-9.00,2.50,76.0,4380.20,4380.80,4378.30,4378.30,70,26,96,44.00,44.00,-2.00,1.90,52.6,42,117,0.0000,0.0000,81.00,145.00,4385.09,-1.0229,DOWN,91.95,1.0440,1.7200
20260901 220443 388,4378.20,1,4378.50,4379.00,0.50,4378.50,3,4378.40,2,4378.30,3,4378.20,3,4378.10,4,4378.00,10,4377.90,10,4377.80,10,4377.70,7,4377.60,9,4379.00,3,4379.10,2,4379.20,4,4379.30,1,4379.40,5,4379.50,2,4379.60,3,4379.70,8,4379.80,10,4379.90,6,Sell,32,42,74,-10.00,20.00,-10.00,2.60,76.9,4380.20,4380.80,4378.20,4378.20,70,26,96,44.00,44.00,-2.00,1.90,52.6,42,117,0.0000,0.0000,80.00,144.00,4385.08,-1.0261,DOWN,91.95,1.0440,1.7271
20260901 220443 388,4378.30,1,4378.50,4379.00,0.50,4378.50,3,4378.40,2,4378.30,3,4378.20,3,4378.10,4,4378.00,10,4377.90,10,4377.80,10,4377.70,7,4377.60,9,4379.00,3,4379.10,2,4379.20,4,4379.30,1,4379.40,5,4379.50,2,4379.60,3,4379.70,8,4379.80,10,4379.90,6,Sell,32,43,75,-11.00,20.00,-11.00,2.60,73.1,4380.20,4380.80,4378.20,4378.30,70,26,96,44.00,44.00,-2.00,1.90,52.6,42,117,0.0000,0.0000,79.00,143.00,4385.09,-1.0229,DOWN,91.95,1.0440,1.7271
20260901 220443 388,4378.20,1,4378.50,4379.00,0.50,4378.50,3,4378.40,2,4378.30,3,4378.20,3,4378.10,4,4378.00,10,4377.90,10,4377.80,10,4377.70,7,4377.60,9,4379.00,3,4379.10,2,4379.20,4,4379.30,1,4379.40,5,4379.50,2,4379.60,3,4379.70,8,4379.80,10,4379.90,6,Sell,32,44,76,-12.00,20.00,-12.00,2.60,76.9,4380.20,4380.80,4378.20,4378.20,70,26,96,44.00,44.00,-2.00,1.90,52.6,42,117,0.0000,0.0000,78.00,142.00,4385.08,-1.0261,DOWN,91.95,1.0440,1.7271
20260901 220444 185,4378.50,1,4378.50,4378.80,0.30,4378.50,1,4378.40,1,4378.30,3,4378.20,3,4378.10,4,4378.00,10,4377.90,11,4377.80,10,4377.70,7,4377.60,9,4378.80,1,4378.90,2,4379.00,3,4379.10,2,4379.20,4,4379.30,1,4379.40,5,4379.50,2,4379.60,3,4379.70,8,Sell,32,45,77,-13.00,20.00,-13.00,2.60,65.4,4380.20,4380.80,4378.20,4378.50,70,26,96,44.00,44.00,-2.00,1.90,52.6,42,117,0.0000,0.0000,77.00,141.00,4385.11,-1.0165,DOWN,91.95,1.0440,1.7271
20260901 220444 372,4378.40,1,4378.40,4378.80,0.40,4378.40,1,4378.30,3,4378.20,3,4378.10,4,4378.00,5,4377.90,11,4377.80,10,4377.70,7,4377.60,9,4377.50,8,4378.80,2,4378.90,2,4379.00,3,4379.10,2,4379.20,5,4379.30,1,4379.40,6,4379.50,2,4379.60,7,4379.70,8,Sell,32,46,78,-14.00,20.00,-14.00,2.60,69.2,4380.20,4380.80,4378.20,4378.40,70,26,96,44.00,44.00,-2.00,1.90,52.6,42,117,0.0000,0.0000,76.00,140.00,4385.10,-1.0197,DOWN,91.95,1.0440,1.7271
20260901 220444 522,4378.40,1,4378.30,4378.80,0.50,4378.30,3,4378.20,3,4378.10,4,4378.00,5,4377.90,11,4377.80,10,4377.70,7,4377.60,9,4377.50,8,4377.40,10,4378.80,2,4378.90,2,4379.00,3,4379.10,2,4379.20,5,4379.30,1,4379.40,6,4379.50,2,4379.60,7,4379.70,8,Sell,32,47,79,-15.00,20.00,-15.00,2.60,69.2,4380.20,4380.80,4378.20,4378.40,70,26,96,44.00,44.00,-2.00,1.90,52.6,42,117,0.0000,0.0000,75.00,139.00,4385.10,-1.0197,DOWN,91.95,1.0440,1.7271
20260901 220444 773,4378.30,1,4378.10,4378.60,0.50,4378.10,4,4378.00,3,4377.90,4,4377.80,3,4377.60,9,4377.50,8,4377.40,14,4377.30,11,4377.20,8,4377.10,9,4378.60,3,4378.70,1,4378.80,2,4378.90,2,4379.00,4,4379.10,4,4379.20,7,4379.30,6,4379.40,10,4379.50,6,Sell,32,48,80,-16.00,20.00,-16.00,2.60,73.1,4380.20,4380.80,4378.20,4378.30,70,26,96,44.00,44.00,-2.00,1.90,52.6,42,117,0.0000,0.0000,74.00,138.00,4385.09,-1.0229,DOWN,91.95,1.0440,1.7271
20260901 220444 773,4378.30,1,4378.10,4378.60,0.50,4378.10,4,4378.00,3,4377.90,4,4377.80,3,4377.60,9,4377.50,8,4377.40,14,4377.30,11,4377.20,8,4377.10,9,4378.60,3,4378.70,1,4378.80,2,4378.90,2,4379.00,4,4379.10,4,4379.20,7,4379.30,6,4379.40,10,4379.50,6,Sell,32,49,81,-17.00,20.00,-17.00,2.60,73.1,4380.20,4380.80,4378.20,4378.30,70,26,96,44.00,44.00,-2.00,1.90,52.6,42,117,0.0000,0.0000,73.00,137.00,4385.09,-1.0229,DOWN,91.95,1.0440,1.7271
20260901 220445 743,4378.10,1,4377.90,4378.40,0.50,4377.90,3,4377.80,4,4377.60,8,4377.50,8,4377.40,14,4377.30,11,4377.20,8,4377.10,9,4377.00,8,4376.90,10,4378.40,3,4378.60,4,4378.70,1,4378.80,3,4378.90,8,4379.00,11,4379.10,8,4379.20,11,4379.30,6,4379.40,9,Sell,32,50,82,-18.00,20.00,-18.00,2.70,77.8,4380.20,4380.80,4378.10,4378.10,70,26,96,44.00,44.00,-2.00,1.90,52.6,42,117,0.0000,0.0000,72.00,136.00,4385.07,-1.0292,DOWN,91.95,1.0440,1.7343
20260901 220445 743,4378.10,1,4377.90,4378.40,0.50,4377.90,3,4377.80,4,4377.60,8,4377.50,8,4377.40,14,4377.30,11,4377.20,8,4377.10,9,4377.00,8,4376.90,10,4378.40,3,4378.60,4,4378.70,1,4378.80,3,4378.90,8,4379.00,11,4379.10,8,4379.20,11,4379.30,6,4379.40,9,Sell,32,51,83,-19.00,20.00,-19.00,2.70,77.8,4380.20,4380.80,4378.10,4378.10,70,26,96,44.00,44.00,-2.00,1.90,52.6,42,117,0.0000,0.0000,71.00,135.00,4385.07,-1.0292,DOWN,91.95,1.0440,1.7343
20260901 220445 743,4378.10,1,4377.90,4378.40,0.50,4377.90,3,4377.80,4,4377.60,8,4377.50,8,4377.40,14,4377.30,11,4377.20,8,4377.10,9,4377.00,8,4376.90,10,4378.40,3,4378.60,4,4378.70,1,4378.80,3,4378.90,8,4379.00,11,4379.10,8,4379.20,11,4379.30,6,4379.40,9,Sell,32,52,84,-20.00,20.00,-20.00,2.70,77.8,4380.20,4380.80,4378.10,4378.10,70,26,96,44.00,44.00,-2.00,1.90,52.6,42,117,0.0000,0.0000,70.00,134.00,4385.07,-1.0292,DOWN,91.95,1.0440,1.7343
20260901 220445 744,4378.10,1,4377.90,4378.40,0.50,4377.90,3,4377.80,4,4377.60,8,4377.50,8,4377.40,14,4377.30,11,4377.20,8,4377.10,9,4377.00,8,4376.90,10,4378.40,3,4378.60,4,4378.70,1,4378.80,3,4378.90,8,4379.00,11,4379.10,8,4379.20,11,4379.30,6,4379.40,9,Sell,32,53,85,-21.00,20.00,-21.00,2.70,77.8,4380.20,4380.80,4378.10,4378.10,70,26,96,44.00,44.00,-2.00,1.90,52.6,42,117,0.0000,0.0000,69.00,133.00,4385.07,-1.0292,DOWN,91.95,1.0440,1.7343
20260901 220445 996,4378.00,1,4377.90,4378.30,0.40,4377.90,3,4377.80,4,4377.60,8,4377.50,8,4377.40,14,4377.30,11,4377.20,8,4377.10,9,4377.00,8,4376.90,10,4378.30,1,4378.40,3,4378.60,4,4378.70,1,4378.80,3,4378.90,8,4379.00,11,4379.10,8,4379.20,11,4379.30,6,Sell,32,54,86,-22.00,20.00,-22.00,2.80,78.6,4380.20,4380.80,4378.00,4378.00,70,26,96,44.00,44.00,-2.00,1.90,52.6,42,117,0.0000,0.0000,68.00,132.00,4385.06,-1.0324,DOWN,91.95,1.0440,1.7414
20260901 220445 996,4377.90,1,4377.90,4378.30,0.40,4377.90,3,4377.80,4,4377.60,8,4377.50,8,4377.40,14,4377.30,11,4377.20,8,4377.10,9,4377.00,8,4376.90,10,4378.30,1,4378.40,3,4378.60,4,4378.70,1,4378.80,3,4378.90,8,4379.00,11,4379.10,8,4379.20,11,4379.30,6,Sell,32,55,87,-23.00,20.00,-23.00,2.90,79.3,4380.20,4380.80,4377.90,4377.90,70,26,96,44.00,44.00,-2.00,1.90,52.6,42,117,0.0000,0.0000,67.00,131.00,4385.05,-1.0356,DOWN,91.95,1.0440,1.7485
20260901 220446 023,4377.80,1,4377.40,4378.00,0.60,4377.40,8,4377.30,4,4377.20,2,4377.10,8,4377.00,9,4376.90,10,4376.80,8,4376.70,9,4376.60,10,4376.50,7,4378.00,2,4378.10,1,4378.20,3,4378.40,4,4378.50,1,4378.60,11,4378.70,6,4378.80,8,4378.90,8,4379.00,9,Sell,32,56,88,-24.00,20.00,-24.00,3.00,80.0,4380.20,4380.80,4377.80,4377.80,70,26,96,44.00,44.00,-2.00,1.90,52.6,42,117,0.0000,0.0000,66.00,130.00,4385.04,-1.0388,DOWN,91.95,1.0440,1.7557
20260901 220446 023,4377.60,1,4377.40,4378.00,0.60,4377.40,8,4377.30,4,4377.20,2,4377.10,8,4377.00,9,4376.90,10,4376.80,8,4376.70,9,4376.60,10,4376.50,7,4378.00,2,4378.10,1,4378.20,3,4378.40,4,4378.50,1,4378.60,11,4378.70,6,4378.80,8,4378.90,8,4379.00,9,Sell,32,57,89,-25.00,20.00,-25.00,3.20,81.2,4380.20,4380.80,4377.60,4377.60,70,26,96,44.00,44.00,-2.00,1.90,52.6,42,117,0.0000,0.0000,65.00,129.00,4385.02,-1.0451,DOWN,91.95,1.0440,1.7700
20260901 220446 023,4377.50,1,4377.40,4378.00,0.60,4377.40,8,4377.30,4,4377.20,2,4377.10,8,4377.00,9,4376.90,10,4376.80,8,4376.70,9,4376.60,10,4376.50,7,4378.00,2,4378.10,1,4378.20,3,4378.40,4,4378.50,1,4378.60,11,4378.70,6,4378.80,8,4378.90,8,4379.00,9,Sell,32,58,90,-26.00,20.00,-26.00,3.30,81.8,4380.20,4380.80,4377.50,4377.50,70,26,96,44.00,44.00,-2.00,1.90,52.6,42,117,0.0000,0.0000,64.00,128.00,4385.01,-1.0483,DOWN,91.95,1.0440,1.7771
20260901 220446 247,4377.50,1,4377.40,4377.50,0.10,4377.40,5,4377.30,3,4377.20,2,4377.10,3,4377.00,8,4376.90,10,4376.80,8,4376.70,9,4376.60,10,4376.50,7,4377.80,1,4377.90,1,4378.00,4,4378.10,1,4378.20,4,4378.40,10,4378.50,5,4378.60,9,4378.70,6,4378.80,7,Buy,33,58,91,-25.00,20.00,-26.00,3.30,81.8,4380.20,4380.80,4377.50,4377.50,70,26,96,44.00,44.00,-2.00,1.90,52.6,42,117,0.0000,0.0400,65.00,129.00,4385.01,-1.0483,DOWN,91.95,1.0440,1.7771
20260901 220446 545,4377.80,1,4377.40,4377.80,0.40,4377.40,5,4377.30,3,4377.20,2,4377.10,3,4377.00,8,4376.90,10,4376.80,8,4376.70,9,4376.60,10,4376.50,7,4377.80,1,4377.90,1,4378.00,4,4378.10,1,4378.20,4,4378.40,10,4378.50,6,4378.60,9,4378.70,6,4378.80,7,Buy,34,58,92,-24.00,20.00,-26.00,3.30,72.7,4380.20,4380.80,4377.50,4377.80,70,26,96,44.00,44.00,-2.00,1.90,52.6,42,117,0.0000,0.0833,66.00,130.00,4385.04,-1.0388,DOWN,91.95,1.0440,1.7771
20260901 220446 628,4377.40,1,4377.40,4377.80,0.40,4377.40,4,4377.30,3,4377.20,2,4377.10,3,4377.00,8,4376.90,10,4376.80,8,4376.70,9,4376.60,10,4376.50,7,4377.80,1,4377.90,1,4378.00,4,4378.10,1,4378.20,4,4378.40,10,4378.50,6,4378.60,9,4378.70,6,4378.80,7,Sell,34,59,93,-25.00,20.00,-26.00,3.40,82.4,4380.20,4380.80,4377.40,4377.40,70,26,96,44.00,44.00,-2.00,1.90,52.6,42,117,0.0000,0.0400,65.00,129.00,4385.00,-1.0515,DOWN,91.95,1.0440,1.7843
20260901 220446 693,4377.40,4,4377.40,4377.80,0.40,4377.30,3,4377.20,2,4377.10,3,4377.00,8,4376.90,9,4376.80,8,4376.70,9,4376.60,10,4376.50,7,4376.40,9,4377.80,3,4377.90,1,4378.00,4,4378.10,1,4378.20,4,4378.30,1,4378.40,10,4378.50,6,4378.60,9,4378.70,6,Sell,34,63,97,-29.00,20.00,-29.00,3.40,82.4,4380.20,4380.80,4377.40,4377.40,70,26,96,44.00,44.00,-2.00,1.90,52.6,42,117,0.0000,0.0000,61.00,125.00,4385.00,-1.0515,DOWN,91.95,1.0440,1.7843
20260901 220446 847,4377.20,1,4377.10,4377.40,0.30,4377.10,2,4377.00,2,4376.90,9,4376.80,8,4376.70,9,4376.60,10,4376.50,7,4376.40,9,4376.30,7,4376.20,8,4377.70,2,4377.80,3,4377.90,1,4378.00,4,4378.10,1,4378.20,4,4378.30,1,4378.40,10,4378.50,6,4378.60,9,Sell,34,64,98,-30.00,20.00,-30.00,3.60,83.3,4380.20,4380.80,4377.20,4377.20,70,26,96,44.00,44.00,-2.00,1.90,52.6,42,117,0.0000,0.0000,60.00,124.00,4384.99,-1.0578,DOWN,91.95,1.0440,1.7985
20260901 220446 847,4377.20,1,4377.10,4377.40,0.30,4377.10,2,4377.00,2,4376.90,9,4376.80,8,4376.70,9,4376.60,10,4376.50,7,4376.40,9,4376.30,7,4376.20,8,4377.70,2,4377.80,3,4377.90,1,4378.00,4,4378.10,1,4378.20,4,4378.30,1,4378.40,10,4378.50,6,4378.60,9,Sell,34,65,99,-31.00,20.00,-31.00,3.60,83.3,4380.20,4380.80,4377.20,4377.20,70,26,96,44.00,44.00,-2.00,1.90,52.6,42,117,0.0000,0.0000,59.00,123.00,4384.99,-1.0578,DOWN,91.95,1.0440,1.7985
20260901 220446 850,4377.10,1,4377.10,4377.40,0.30,4377.10,2,4377.00,2,4376.90,9,4376.80,8,4376.70,9,4376.60,10,4376.50,7,4376.40,9,4376.30,7,4376.20,8,4377.70,2,4377.80,3,4377.90,1,4378.00,4,4378.10,1,4378.20,4,4378.30,1,4378.40,10,4378.50,6,4378.60,9,Sell,34,66,100,-32.00,20.00,-32.00,3.70,83.8,4380.20,4380.80,4377.10,4377.10,70,26,96,44.00,44.00,-2.00,1.90,52.6,42,117,0.0000,0.0000,58.00,122.00,4384.98,-1.0610,DOWN,91.95,1.0440,1.8057
20260901 220446 850,4376.90,1,4377.10,4377.40,0.30,4377.10,2,4377.00,2,4376.90,9,4376.80,8,4376.70,9,4376.60,10,4376.50,7,4376.40,9,4376.30,7,4376.20,8,4377.70,2,4377.80,3,4377.90,1,4378.00,4,4378.10,1,4378.20,4,4378.30,1,4378.40,10,4378.50,6,4378.60,9,Sell,34,67,101,-33.00,20.00,-33.00,3.90,84.6,4380.20,4380.80,4376.90,4376.90,70,26,96,44.00,44.00,-2.00,1.90,52.6,42,117,0.0000,0.0000,57.00,121.00,4384.96,-1.0673,DOWN,91.95,1.0440,1.8200
20260901 220446 850,4376.90,1,4377.10,4377.40,0.30,4377.10,2,4377.00,2,4376.90,9,4376.80,8,4376.70,9,4376.60,10,4376.50,7,4376.40,9,4376.30,7,4376.20,8,4377.70,2,4377.80,3,4377.90,1,4378.00,4,4378.10,1,4378.20,4,4378.30,1,4378.40,10,4378.50,6,4378.60,9,Sell,34,68,102,-34.00,20.00,-34.00,3.90,84.6,4380.20,4380.80,4376.90,4376.90,70,26,96,44.00,44.00,-2.00,1.90,52.6,42,117,0.0000,0.0000,56.00,120.00,4384.96,-1.0673,DOWN,91.95,1.0440,1.8200
20260901 220446 892,4376.90,1,4376.90,4377.40,0.50,4376.90,1,4376.80,3,4376.70,3,4376.60,4,4376.50,2,4376.40,4,4376.30,2,4376.20,3,4376.10,5,4376.00,9,4377.40,2,4377.50,2,4377.60,2,4377.80,5,4377.90,2,4378.00,8,4378.10,6,4378.20,10,4378.30,5,4378.40,8,Sell,34,69,103,-35.00,20.00,-35.00,3.90,84.6,4380.20,4380.80,4376.90,4376.90,70,26,96,44.00,44.00,-2.00,1.90,52.6,42,117,0.0000,0.0000,55.00,119.00,4384.96,-1.0673,DOWN,91.95,1.0440,1.8200
20260901 220447 300,4376.90,1,4376.90,4377.40,0.50,4376.90,4,4376.80,2,4376.70,3,4376.60,4,4376.50,2,4376.40,4,4376.30,2,4376.20,3,4376.10,5,4376.00,9,4377.40,2,4377.50,2,4377.60,2,4377.80,5,4377.90,2,4378.00,8,4378.10,6,4378.20,10,4378.30,5,4378.40,8,Sell,34,70,104,-36.00,20.00,-36.00,3.90,84.6,4380.20,4380.80,4376.90,4376.90,70,26,96,44.00,44.00,-2.00,1.90,52.6,42,117,0.0000,0.0000,54.00,118.00,4384.96,-1.0673,DOWN,91.95,1.0440,1.8200
20260901 220447 300,4376.80,1,4376.90,4377.40,0.50,4376.90,4,4376.80,2,4376.70,3,4376.60,4,4376.50,2,4376.40,4,4376.30,2,4376.20,3,4376.10,5,4376.00,9,4377.40,2,4377.50,2,4377.60,2,4377.80,5,4377.90,2,4378.00,8,4378.10,6,4378.20,10,4378.30,5,4378.40,8,Sell,34,71,105,-37.00,20.00,-37.00,4.00,85.0,4380.20,4380.80,4376.80,4376.80,70,26,96,44.00,44.00,-2.00,1.90,52.6,42,117,0.0000,0.0000,53.00,117.00,4384.95,-1.0705,DOWN,91.95,1.0440,1.8271
20260901 220447 329,4376.90,1,4376.90,4377.40,0.50,4376.90,4,4376.80,2,4376.70,3,4376.60,4,4376.50,2,4376.40,4,4376.30,2,4376.20,3,4376.10,5,4376.00,9,4377.40,2,4377.50,2,4377.60,2,4377.80,5,4377.90,2,4378.00,8,4378.10,6,4378.20,10,4378.30,5,4378.40,8,Sell,34,72,106,-38.00,20.00,-38.00,4.00,82.5,4380.20,4380.80,4376.80,4376.90,70,26,96,44.00,44.00,-2.00,1.90,52.6,42,117,0.0000,0.0000,52.00,116.00,4384.96,-1.0673,DOWN,91.95,1.0440,1.8271
20260901 220448 133,4376.90,1,4376.80,4377.20,0.40,4376.80,3,4376.70,3,4376.60,4,4376.50,2,4376.40,4,4376.30,2,4376.20,3,4376.10,5,4376.00,9,4375.90,5,4377.20,1,4377.30,1,4377.40,2,4377.50,2,4377.60,2,4377.80,8,4377.90,2,4378.00,6,4378.10,6,4378.20,9,Sell,34,73,107,-39.00,20.00,-39.00,4.00,82.5,4380.20,4380.80,4376.80,4376.90,70,26,96,44.00,44.00,-2.00,1.90,52.6,42,117,0.0000,0.0000,51.00,115.00,4384.96,-1.0673,DOWN,91.95,1.0440,1.8271
20260901 220448 133,4376.90,1,4376.80,4377.20,0.40,4376.80,3,4376.70,3,4376.60,4,4376.50,2,4376.40,4,4376.30,2,4376.20,3,4376.10,5,4376.00,9,4375.90,5,4377.20,1,4377.30,1,4377.40,2,4377.50,2,4377.60,2,4377.80,8,4377.90,2,4378.00,6,4378.10,6,4378.20,9,Sell,34,74,108,-40.00,20.00,-40.00,4.00,82.5,4380.20,4380.80,4376.80,4376.90,70,26,96,44.00,44.00,-2.00,1.90,52.6,42,117,0.0000,0.0000,50.00,114.00,4384.96,-1.0673,DOWN,91.95,1.0440,1.8271
20260901 220448 133,4376.90,1,4376.80,4377.20,0.40,4376.80,3,4376.70,3,4376.60,4,4376.50,2,4376.40,4,4376.30,2,4376.20,3,4376.10,5,4376.00,9,4375.90,5,4377.20,1,4377.30,1,4377.40,2,4377.50,2,4377.60,2,4377.80,8,4377.90,2,4378.00,6,4378.10,6,4378.20,9,Sell,34,75,109,-41.00,20.00,-41.00,4.00,82.5,4380.20,4380.80,4376.80,4376.90,70,26,96,44.00,44.00,-2.00,1.90,52.6,42,117,0.0000,0.0000,49.00,113.00,4384.96,-1.0673,DOWN,91.95,1.0440,1.8271
20260901 220448 257,4377.40,1,4376.90,4377.40,0.50,4376.90,1,4376.80,2,4376.70,3,4376.60,4,4376.50,2,4376.40,4,4376.30,2,4376.20,3,4376.10,5,4376.00,9,4377.40,2,4377.50,2,4377.60,2,4377.80,7,4377.90,2,4378.00,6,4378.10,6,4378.20,9,4378.30,5,4378.40,8,Buy,35,75,110,-40.00,20.00,-41.00,4.00,70.0,4380.20,4380.80,4376.80,4377.40,70,26,96,44.00,44.00,-2.00,1.90,52.6,42,117,0.0000,0.0250,50.00,114.00,4385.00,-1.0515,DOWN,91.95,1.0440,1.8271
20260901 220449 305,4377.40,1,4377.00,4377.40,0.40,4377.00,3,4376.90,4,4376.80,2,4376.70,3,4376.60,4,4376.50,3,4376.40,4,4376.30,2,4376.20,3,4376.10,5,4377.40,1,4377.50,2,4377.60,3,4377.80,4,4377.90,1,4378.00,8,4378.10,7,4378.20,9,4378.30,5,4378.40,8,Buy,36,75,111,-39.00,20.00,-41.00,4.00,70.0,4380.20,4380.80,4376.80,4377.40,70,26,96,44.00,44.00,-2.00,1.90,52.6,42,117,0.0000,0.0513,51.00,115.00,4385.00,-1.0515,DOWN,91.95,1.0440,1.8271
20260901 220450 507,4377.40,1,4377.70,4378.00,0.30,4377.70,1,4377.60,2,4377.50,5,4377.40,3,4377.30,6,4377.20,3,4377.10,1,4377.00,3,4376.90,8,4376.80,8,4378.00,1,4378.10,1,4378.20,3,4378.40,2,4378.50,6,4378.60,10,4378.70,7,4378.80,8,4378.90,8,4379.00,9,Buy,37,75,112,-38.00,20.00,-41.00,4.00,70.0,4380.20,4380.80,4376.80,4377.40,70,26,96,44.00,44.00,-2.00,1.90,52.6,42,117,0.0000,0.0789,52.00,116.00,4385.00,-1.0515,DOWN,91.95,1.0440,1.8271
20260901 220450 507,4377.40,1,4377.70,4378.00,0.30,4377.70,1,4377.60,2,4377.50,5,4377.40,3,4377.30,6,4377.20,3,4377.10,1,4377.00,3,4376.90,8,4376.80,8,4378.00,1,4378.10,1,4378.20,3,4378.40,2,4378.50,6,4378.60,10,4378.70,7,4378.80,8,4378.90,8,4379.00,9,Buy,38,75,113,-37.00,20.00,-41.00,4.00,70.0,4380.20,4380.80,4376.80,4377.40,70,26,96,44.00,44.00,-2.00,1.90,52.6,42,117,0.0000,0.1081,53.00,117.00,4385.00,-1.0515,DOWN,91.95,1.0440,1.8271
20260901 220450 507,4377.40,1,4377.70,4378.00,0.30,4377.70,1,4377.60,2,4377.50,5,4377.40,3,4377.30,6,4377.20,3,4377.10,1,4377.00,3,4376.90,8,4376.80,8,4378.00,1,4378.10,1,4378.20,3,4378.40,2,4378.50,6,4378.60,10,4378.70,7,4378.80,8,4378.90,8,4379.00,9,Buy,39,75,114,-36.00,20.00,-41.00,4.00,70.0,4380.20,4380.80,4376.80,4377.40,70,26,96,44.00,44.00,-2.00,1.90,52.6,42,117,0.0000,0.1389,54.00,118.00,4385.00,-1.0515,DOWN,91.95,1.0440,1.8271
20260901 220450 507,4377.50,1,4377.70,4378.00,0.30,4377.70,1,4377.60,2,4377.50,5,4377.40,3,4377.30,6,4377.20,3,4377.10,1,4377.00,3,4376.90,8,4376.80,8,4378.00,1,4378.10,1,4378.20,3,4378.40,2,4378.50,6,4378.60,10,4378.70,7,4378.80,8,4378.90,8,4379.00,9,Buy,40,75,115,-35.00,20.00,-41.00,4.00,67.5,4380.20,4380.80,4376.80,4377.50,70,26,96,44.00,44.00,-2.00,1.90,52.6,42,117,0.0000,0.1714,55.00,119.00,4385.01,-1.0483,DOWN,91.95,1.0440,1.8271
20260901 220450 507,4377.50,1,4377.70,4378.00,0.30,4377.70,1,4377.60,2,4377.50,5,4377.40,3,4377.30,6,4377.20,3,4377.10,1,4377.00,3,4376.90,8,4376.80,8,4378.00,1,4378.10,1,4378.20,3,4378.40,2,4378.50,6,4378.60,10,4378.70,7,4378.80,8,4378.90,8,4379.00,9,Buy,41,75,116,-34.00,20.00,-41.00,4.00,67.5,4380.20,4380.80,4376.80,4377.50,70,26,96,44.00,44.00,-2.00,1.90,52.6,42,117,0.0000,0.2059,56.00,120.00,4385.01,-1.0483,DOWN,91.95,1.0440,1.8271
20260901 220450 507,4377.60,1,4377.70,4378.00,0.30,4377.70,1,4377.60,2,4377.50,5,4377.40,3,4377.30,6,4377.20,3,4377.10,1,4377.00,3,4376.90,8,4376.80,8,4378.00,1,4378.10,1,4378.20,3,4378.40,2,4378.50,6,4378.60,10,4378.70,7,4378.80,8,4378.90,8,4379.00,9,Buy,42,75,117,-33.00,20.00,-41.00,4.00,65.0,4380.20,4380.80,4376.80,4377.60,70,26,96,44.00,44.00,-2.00,1.90,52.6,42,117,0.0000,0.2424,57.00,121.00,4385.02,-1.0451,DOWN,91.95,1.0440,1.8271
20260901 220450 507,4377.60,1,4377.70,4378.00,0.30,4377.70,1,4377.60,2,4377.50,5,4377.40,3,4377.30,6,4377.20,3,4377.10,1,4377.00,3,4376.90,8,4376.80,8,4378.00,1,4378.10,1,4378.20,3,4378.40,2,4378.50,6,4378.60,10,4378.70,7,4378.80,8,4378.90,8,4379.00,9,Buy,43,75,118,-32.00,20.00,-41.00,4.00,65.0,4380.20,4380.80,4376.80,4377.60,70,26,96,44.00,44.00,-2.00,1.90,52.6,42,117,0.0000,0.2813,58.00,122.00,4385.02,-1.0451,DOWN,91.95,1.0440,1.8271
20260901 220450 507,4377.60,1,4377.70,4378.00,0.30,4377.70,1,4377.60,2,4377.50,5,4377.40,3,4377.30,6,4377.20,3,4377.10,1,4377.00,3,4376.90,8,4376.80,8,4378.00,1,4378.10,1,4378.20,3,4378.40,2,4378.50,6,4378.60,10,4378.70,7,4378.80,8,4378.90,8,4379.00,9,Buy,44,75,119,-31.00,20.00,-41.00,4.00,65.0,4380.20,4380.80,4376.80,4377.60,70,26,96,44.00,44.00,-2.00,1.90,52.6,42,117,0.0000,0.3226,59.00,123.00,4385.02,-1.0451,DOWN,91.95,1.0440,1.8271
20260901 220450 507,4377.80,1,4377.70,4378.00,0.30,4377.70,1,4377.60,2,4377.50,5,4377.40,3,4377.30,6,4377.20,3,4377.10,1,4377.00,3,4376.90,8,4376.80,8,4378.00,1,4378.10,1,4378.20,3,4378.40,2,4378.50,6,4378.60,10,4378.70,7,4378.80,8,4378.90,8,4379.00,9,Buy,45,75,120,-30.00,20.00,-41.00,4.00,60.0,4380.20,4380.80,4376.80,4377.80,70,26,96,44.00,44.00,-2.00,1.90,52.6,42,117,0.0000,0.3667,60.00,124.00,4385.04,-1.0388,DOWN,91.95,1.0440,1.8271
20260901 220450 507,4377.80,1,4377.70,4378.00,0.30,4377.70,1,4377.60,2,4377.50,5,4377.40,3,4377.30,6,4377.20,3,4377.10,1,4377.00,3,4376.90,8,4376.80,8,4378.00,1,4378.10,1,4378.20,3,4378.40,2,4378.50,6,4378.60,10,4378.70,7,4378.80,8,4378.90,8,4379.00,9,Buy,46,75,121,-29.00,20.00,-41.00,4.00,60.0,4380.20,4380.80,4376.80,4377.80,70,26,96,44.00,44.00,-2.00,1.90,52.6,42,117,0.0000,0.4138,61.00,125.00,4385.04,-1.0388,DOWN,91.95,1.0440,1.8271
20260901 220450 507,4377.80,1,4377.70,4378.00,0.30,4377.70,1,4377.60,2,4377.50,5,4377.40,3,4377.30,6,4377.20,3,4377.10,1,4377.00,3,4376.90,8,4376.80,8,4378.00,1,4378.10,1,4378.20,3,4378.40,2,4378.50,6,4378.60,10,4378.70,7,4378.80,8,4378.90,8,4379.00,9,Buy,47,75,122,-28.00,20.00,-41.00,4.00,60.0,4380.20,4380.80,4376.80,4377.80,70,26,96,44.00,44.00,-2.00,1.90,52.6,42,117,0.0000,0.4643,62.00,126.00,4385.04,-1.0388,DOWN,91.95,1.0440,1.8271
20260901 220450 576,4377.70,1,4377.50,4378.00,0.50,4377.50,4,4377.40,3,4377.30,6,4377.20,2,4377.10,2,4377.00,3,4376.90,8,4376.80,8,4376.70,8,4376.60,9,4378.00,3,4378.10,1,4378.20,3,4378.40,2,4378.50,6,4378.60,10,4378.70,7,4378.80,8,4378.90,8,4379.00,9,Sell,47,76,123,-29.00,20.00,-41.00,4.00,62.5,4380.20,4380.80,4376.80,4377.70,70,26,96,44.00,44.00,-2.00,1.90,52.6,42,117,0.0000,0.4138,61.00,125.00,4385.03,-1.0419,DOWN,91.95,1.0440,1.8271
20260901 220450 830,4377.50,1,4377.60,4378.00,0.40,4377.60,1,4377.50,3,4377.40,3,4377.30,6,4377.20,2,4377.10,2,4377.00,3,4376.90,8,4376.80,8,4376.70,8,4378.00,3,4378.10,1,4378.20,3,4378.40,2,4378.50,6,4378.60,10,4378.70,7,4378.80,8,4378.90,8,4379.00,9,Sell,47,77,124,-30.00,20.00,-41.00,4.00,67.5,4380.20,4380.80,4376.80,4377.50,70,26,96,44.00,44.00,-2.00,1.90,52.6,42,117,0.0000,0.3667,60.00,124.00,4385.01,-1.0483,DOWN,91.95,1.0440,1.8271
20260901 220452 563,4377.60,1,4377.50,4377.80,0.30,4377.50,2,4377.30,6,4377.20,2,4377.10,2,4377.00,3,4376.90,9,4376.80,8,4376.70,8,4376.60,9,4376.50,8,4377.80,1,4377.90,1,4378.00,3,4378.10,1,4378.20,3,4378.40,3,4378.50,6,4378.60,10,4378.70,7,4378.80,8,Sell,47,78,125,-31.00,20.00,-41.00,4.00,65.0,4380.20,4380.80,4376.80,4377.60,70,26,96,44.00,44.00,-2.00,1.90,52.6,42,117,0.0000,0.3226,59.00,123.00,4385.02,-1.0451,DOWN,91.95,1.0440,1.8271
20260901 220452 563,4377.60,1,4377.50,4377.80,0.30,4377.50,2,4377.30,6,4377.20,2,4377.10,2,4377.00,3,4376.90,9,4376.80,8,4376.70,8,4376.60,9,4376.50,8,4377.80,1,4377.90,1,4378.00,3,4378.10,1,4378.20,3,4378.40,3,4378.50,6,4378.60,10,4378.70,7,4378.80,8,Sell,47,79,126,-32.00,20.00,-41.00,4.00,65.0,4380.20,4380.80,4376.80,4377.60,70,26,96,44.00,44.00,-2.00,1.90,52.6,42,117,0.0000,0.2813,58.00,122.00,4385.02,-1.0451,DOWN,91.95,1.0440,1.8271
20260901 220452 563,4377.60,1,4377.50,4377.80,0.30,4377.50,2,4377.30,6,4377.20,2,4377.10,2,4377.00,3,4376.90,9,4376.80,8,4376.70,8,4376.60,9,4376.50,8,4377.80,1,4377.90,1,4378.00,3,4378.10,1,4378.20,3,4378.40,3,4378.50,6,4378.60,10,4378.70,7,4378.80,8,Sell,47,80,127,-33.00,20.00,-41.00,4.00,65.0,4380.20,4380.80,4376.80,4377.60,70,26,96,44.00,44.00,-2.00,1.90,52.6,42,117,0.0000,0.2424,57.00,121.00,4385.02,-1.0451,DOWN,91.95,1.0440,1.8271
20260901 220452 563,4377.50,1,4377.50,4377.80,0.30,4377.50,2,4377.30,6,4377.20,2,4377.10,2,4377.00,3,4376.90,9,4376.80,8,4376.70,8,4376.60,9,4376.50,8,4377.80,1,4377.90,1,4378.00,3,4378.10,1,4378.20,3,4378.40,3,4378.50,6,4378.60,10,4378.70,7,4378.80,8,Sell,47,81,128,-34.00,20.00,-41.00,4.00,67.5,4380.20,4380.80,4376.80,4377.50,70,26,96,44.00,44.00,-2.00,1.90,52.6,42,117,0.0000,0.2059,56.00,120.00,4385.01,-1.0483,DOWN,91.95,1.0440,1.8271
20260901 220452 563,4377.50,1,4377.50,4377.80,0.30,4377.50,2,4377.30,6,4377.20,2,4377.10,2,4377.00,3,4376.90,9,4376.80,8,4376.70,8,4376.60,9,4376.50,8,4377.80,1,4377.90,1,4378.00,3,4378.10,1,4378.20,3,4378.40,3,4378.50,6,4378.60,10,4378.70,7,4378.80,8,Sell,47,82,129,-35.00,20.00,-41.00,4.00,67.5,4380.20,4380.80,4376.80,4377.50,70,26,96,44.00,44.00,-2.00,1.90,52.6,42,117,0.0000,0.1714,55.00,119.00,4385.01,-1.0483,DOWN,91.95,1.0440,1.8271
20260901 220452 563,4377.50,1,4377.50,4377.80,0.30,4377.50,2,4377.30,6,4377.20,2,4377.10,2,4377.00,3,4376.90,9,4376.80,8,4376.70,8,4376.60,9,4376.50,8,4377.80,1,4377.90,1,4378.00,3,4378.10,1,4378.20,3,4378.40,3,4378.50,6,4378.60,10,4378.70,7,4378.80,8,Sell,47,83,130,-36.00,20.00,-41.00,4.00,67.5,4380.20,4380.80,4376.80,4377.50,70,26,96,44.00,44.00,-2.00,1.90,52.6,42,117,0.0000,0.1389,54.00,118.00,4385.01,-1.0483,DOWN,91.95,1.0440,1.8271
20260901 220452 563,4377.40,1,4377.50,4377.80,0.30,4377.50,2,4377.30,6,4377.20,2,4377.10,2,4377.00,3,4376.90,9,4376.80,8,4376.70,8,4376.60,9,4376.50,8,4377.80,1,4377.90,1,4378.00,3,4378.10,1,4378.20,3,4378.40,3,4378.50,6,4378.60,10,4378.70,7,4378.80,8,Sell,47,84,131,-37.00,20.00,-41.00,4.00,70.0,4380.20,4380.80,4376.80,4377.40,70,26,96,44.00,44.00,-2.00,1.90,52.6,42,117,0.0000,0.1081,53.00,117.00,4385.00,-1.0515,DOWN,91.95,1.0440,1.8271
20260901 220452 563,4377.40,1,4377.50,4377.80,0.30,4377.50,2,4377.30,6,4377.20,2,4377.10,2,4377.00,3,4376.90,9,4376.80,8,4376.70,8,4376.60,9,4376.50,8,4377.80,1,4377.90,1,4378.00,3,4378.10,1,4378.20,3,4378.40,3,4378.50,6,4378.60,10,4378.70,7,4378.80,8,Sell,47,85,132,-38.00,20.00,-41.00,4.00,70.0,4380.20,4380.80,4376.80,4377.40,70,26,96,44.00,44.00,-2.00,1.90,52.6,42,117,0.0000,0.0789,52.00,116.00,4385.00,-1.0515,DOWN,91.95,1.0440,1.8271
20260901 220452 563,4377.40,1,4377.50,4377.80,0.30,4377.50,2,4377.30,6,4377.20,2,4377.10,2,4377.00,3,4376.90,9,4376.80,8,4376.70,8,4376.60,9,4376.50,8,4377.80,1,4377.90,1,4378.00,3,4378.10,1,4378.20,3,4378.40,3,4378.50,6,4378.60,10,4378.70,7,4378.80,8,Sell,47,86,133,-39.00,20.00,-41.00,4.00,70.0,4380.20,4380.80,4376.80,4377.40,70,26,96,44.00,44.00,-2.00,1.90,52.6,42,117,0.0000,0.0513,51.00,115.00,4385.00,-1.0515,DOWN,91.95,1.0440,1.8271
20260901 220452 563,4377.30,1,4377.50,4377.80,0.30,4377.50,2,4377.30,6,4377.20,2,4377.10,2,4377.00,3,4376.90,9,4376.80,8,4376.70,8,4376.60,9,4376.50,8,4377.80,1,4377.90,1,4378.00,3,4378.10,1,4378.20,3,4378.40,3,4378.50,6,4378.60,10,4378.70,7,4378.80,8,Sell,47,87,134,-40.00,20.00,-41.00,4.00,72.5,4380.20,4380.80,4376.80,4377.30,70,26,96,44.00,44.00,-2.00,1.90,52.6,42,117,0.0000,0.0250,50.00,114.00,4384.99,-1.0546,DOWN,91.95,1.0440,1.8271
20260901 220454 815,4377.50,1,4377.50,4378.00,0.50,4377.50,2,4377.40,3,4377.30,5,4377.20,2,4377.10,2,4377.00,3,4376.90,9,4376.80,8,4376.70,8,4376.60,9,4378.00,4,4378.10,1,4378.20,3,4378.40,3,4378.50,6,4378.60,10,4378.70,7,4378.80,8,4378.90,8,4379.00,9,Sell,47,88,135,-41.00,20.00,-41.00,4.00,67.5,4380.20,4380.80,4376.80,4377.50,70,26,96,44.00,44.00,-2.00,1.90,52.6,42,117,0.0000,0.0000,49.00,113.00,4385.01,-1.0483,DOWN,91.95,1.0440,1.8271
20260901 220454 815,4377.50,1,4377.50,4378.00,0.50,4377.50,2,4377.40,3,4377.30,5,4377.20,2,4377.10,2,4377.00,3,4376.90,9,4376.80,8,4376.70,8,4376.60,9,4378.00,4,4378.10,1,4378.20,3,4378.40,3,4378.50,6,4378.60,10,4378.70,7,4378.80,8,4378.90,8,4379.00,9,Sell,47,89,136,-42.00,20.00,-42.00,4.00,67.5,4380.20,4380.80,4376.80,4377.50,70,26,96,44.00,44.00,-2.00,1.90,52.6,42,117,0.0000,0.0000,48.00,112.00,4385.01,-1.0483,DOWN,91.95,1.0440,1.8271
20260901 220456 659,4377.50,1,4377.20,4377.80,0.60,4377.20,3,4377.00,3,4376.90,8,4376.80,8,4376.70,8,4376.60,10,4376.50,8,4376.40,10,4376.30,7,4376.20,8,4377.80,1,4377.90,3,4378.00,5,4378.10,1,4378.20,3,4378.40,3,4378.50,6,4378.60,10,4378.70,7,4378.80,8,Sell,47,90,137,-43.00,20.00,-43.00,4.00,67.5,4380.20,4380.80,4376.80,4377.50,70,26,96,44.00,44.00,-2.00,1.90,52.6,42,117,0.0000,0.0000,47.00,111.00,4385.01,-1.0483,DOWN,91.95,1.0440,1.8271
20260901 220456 659,4377.50,1,4377.20,4377.80,0.60,4377.20,3,4377.00,3,4376.90,8,4376.80,8,4376.70,8,4376.60,10,4376.50,8,4376.40,10,4376.30,7,4376.20,8,4377.80,1,4377.90,3,4378.00,5,4378.10,1,4378.20,3,4378.40,3,4378.50,6,4378.60,10,4378.70,7,4378.80,8,Sell,47,91,138,-44.00,20.00,-44.00,4.00,67.5,4380.20,4380.80,4376.80,4377.50,70,26,96,44.00,44.00,-2.00,1.90,52.6,42,117,0.0000,0.0000,46.00,110.00,4385.01,-1.0483,DOWN,91.95,1.0440,1.8271
20260901 220456 659,4377.40,1,4377.20,4377.80,0.60,4377.20,3,4377.00,3,4376.90,8,4376.80,8,4376.70,8,4376.60,10,4376.50,8,4376.40,10,4376.30,7,4376.20,8,4377.80,1,4377.90,3,4378.00,5,4378.10,1,4378.20,3,4378.40,3,4378.50,6,4378.60,10,4378.70,7,4378.80,8,Sell,47,92,139,-45.00,20.00,-45.00,4.00,70.0,4380.20,4380.80,4376.80,4377.40,70,26,96,44.00,44.00,-2.00,1.90,52.6,42,117,0.0000,0.0000,45.00,109.00,4385.00,-1.0515,DOWN,91.95,1.0440,1.8271
20260901 220456 659,4377.40,1,4377.20,4377.80,0.60,4377.20,3,4377.00,3,4376.90,8,4376.80,8,4376.70,8,4376.60,10,4376.50,8,4376.40,10,4376.30,7,4376.20,8,4377.80,1,4377.90,3,4378.00,5,4378.10,1,4378.20,3,4378.40,3,4378.50,6,4378.60,10,4378.70,7,4378.80,8,Sell,47,93,140,-46.00,20.00,-46.00,4.00,70.0,4380.20,4380.80,4376.80,4377.40,70,26,96,44.00,44.00,-2.00,1.90,52.6,42,117,0.0000,0.0000,44.00,108.00,4385.00,-1.0515,DOWN,91.95,1.0440,1.8271
20260901 220456 659,4377.40,1,4377.20,4377.80,0.60,4377.20,3,4377.00,3,4376.90,8,4376.80,8,4376.70,8,4376.60,10,4376.50,8,4376.40,10,4376.30,7,4376.20,8,4377.80,1,4377.90,3,4378.00,5,4378.10,1,4378.20,3,4378.40,3,4378.50,6,4378.60,10,4378.70,7,4378.80,8,Sell,47,94,141,-47.00,20.00,-47.00,4.00,70.0,4380.20,4380.80,4376.80,4377.40,70,26,96,44.00,44.00,-2.00,1.90,52.6,42,117,0.0000,0.0000,43.00,107.00,4385.00,-1.0515,DOWN,91.95,1.0440,1.8271
20260901 220456 659,4377.30,2,4377.20,4377.80,0.60,4377.20,3,4377.00,3,4376.90,8,4376.80,8,4376.70,8,4376.60,10,4376.50,8,4376.40,10,4376.30,7,4376.20,8,4377.80,1,4377.90,3,4378.00,5,4378.10,1,4378.20,3,4378.40,3,4378.50,6,4378.60,10,4378.70,7,4378.80,8,Sell,47,96,143,-49.00,20.00,-49.00,4.00,72.5,4380.20,4380.80,4376.80,4377.30,70,26,96,44.00,44.00,-2.00,1.90,52.6,42,117,0.0000,0.0000,41.00,105.00,4384.99,-1.0546,DOWN,91.95,1.0440,1.8271
20260901 220456 659,4377.30,1,4377.20,4377.80,0.60,4377.20,3,4377.00,3,4376.90,8,4376.80,8,4376.70,8,4376.60,10,4376.50,8,4376.40,10,4376.30,7,4376.20,8,4377.80,1,4377.90,3,4378.00,5,4378.10,1,4378.20,3,4378.40,3,4378.50,6,4378.60,10,4378.70,7,4378.80,8,Sell,47,97,144,-50.00,20.00,-50.00,4.00,72.5,4380.20,4380.80,4376.80,4377.30,70,26,96,44.00,44.00,-2.00,1.90,52.6,42,117,0.0000,0.0000,40.00,104.00,4384.99,-1.0546,DOWN,91.95,1.0440,1.8271
20260901 220456 659,4377.30,1,4377.20,4377.80,0.60,4377.20,3,4377.00,3,4376.90,8,4376.80,8,4376.70,8,4376.60,10,4376.50,8,4376.40,10,4376.30,7,4376.20,8,4377.80,1,4377.90,3,4378.00,5,4378.10,1,4378.20,3,4378.40,3,4378.50,6,4378.60,10,4378.70,7,4378.80,8,Sell,47,98,145,-51.00,20.00,-51.00,4.00,72.5,4380.20,4380.80,4376.80,4377.30,70,26,96,44.00,44.00,-2.00,1.90,52.6,42,117,0.0000,0.0000,39.00,103.00,4384.99,-1.0546,DOWN,91.95,1.0440,1.8271
20260901 220456 659,4377.30,1,4377.20,4377.80,0.60,4377.20,3,4377.00,3,4376.90,8,4376.80,8,4376.70,8,4376.60,10,4376.50,8,4376.40,10,4376.30,7,4376.20,8,4377.80,1,4377.90,3,4378.00,5,4378.10,1,4378.20,3,4378.40,3,4378.50,6,4378.60,10,4378.70,7,4378.80,8,Sell,47,99,146,-52.00,20.00,-52.00,4.00,72.5,4380.20,4380.80,4376.80,4377.30,70,26,96,44.00,44.00,-2.00,1.90,52.6,42,117,0.0000,0.0000,38.00,102.00,4384.99,-1.0546,DOWN,91.95,1.0440,1.8271
20260901 220456 659,4377.20,1,4377.20,4377.80,0.60,4377.20,3,4377.00,3,4376.90,8,4376.80,8,4376.70,8,4376.60,10,4376.50,8,4376.40,10,4376.30,7,4376.20,8,4377.80,1,4377.90,3,4378.00,5,4378.10,1,4378.20,3,4378.40,3,4378.50,6,4378.60,10,4378.70,7,4378.80,8,Sell,47,100,147,-53.00,20.00,-53.00,4.00,75.0,4380.20,4380.80,4376.80,4377.20,70,26,96,44.00,44.00,-2.00,1.90,52.6,42,117,0.0000,0.0000,37.00,101.00,4384.99,-1.0578,DOWN,91.95,1.0440,1.8271
20260901 220456 659,4377.20,1,4377.20,4377.80,0.60,4377.20,3,4377.00,3,4376.90,8,4376.80,8,4376.70,8,4376.60,10,4376.50,8,4376.40,10,4376.30,7,4376.20,8,4377.80,1,4377.90,3,4378.00,5,4378.10,1,4378.20,3,4378.40,3,4378.50,6,4378.60,10,4378.70,7,4378.80,8,Sell,47,101,148,-54.00,20.00,-54.00,4.00,75.0,4380.20,4380.80,4376.80,4377.20,70,26,96,44.00,44.00,-2.00,1.90,52.6,42,117,0.0000,0.0000,36.00,100.00,4384.99,-1.0578,DOWN,91.95,1.0440,1.8271
20260901 220456 659,4377.10,1,4377.20,4377.80,0.60,4377.20,3,4377.00,3,4376.90,8,4376.80,8,4376.70,8,4376.60,10,4376.50,8,4376.40,10,4376.30,7,4376.20,8,4377.80,1,4377.90,3,4378.00,5,4378.10,1,4378.20,3,4378.40,3,4378.50,6,4378.60,10,4378.70,7,4378.80,8,Sell,47,102,149,-55.00,20.00,-55.00,4.00,77.5,4380.20,4380.80,4376.80,4377.10,70,26,96,44.00,44.00,-2.00,1.90,52.6,42,117,0.0000,0.0000,35.00,99.00,4384.98,-1.0610,DOWN,91.95,1.0440,1.8271
20260901 220500 058,4377.40,1,4377.40,4377.60,0.20,4377.40,1,4377.30,2,4377.20,3,4377.00,3,4376.90,8,4376.80,8,4376.70,9,4376.60,10,4376.50,8,4376.40,10,4377.60,1,4377.70,2,4377.80,6,4377.90,4,4378.00,8,4378.10,4,4378.20,6,4378.30,2,4378.40,8,4378.50,5,Sell,0,1,1,-1.00,-1.00,-1.00,0.00,0.0,4377.40,4377.40,4377.40,4377.40,47,102,149,-55.00,20.00,-55.00,4.00,77.5,-225,297,0.0000,0.0000,-31.00,106.00,4385.00,-1.0515,DOWN,97.45,1.5290,1.7180
20260901 220500 308,4377.30,1,4377.30,4377.50,0.20,4377.30,1,4377.20,3,4377.00,3,4376.90,8,4376.80,8,4376.70,9,4376.60,10,4376.50,8,4376.40,10,4376.30,7,4377.50,1,4377.60,4,4377.70,2,4377.80,6,4377.90,5,4378.00,8,4378.10,5,4378.20,6,4378.30,1,4378.40,8,Sell,0,2,2,-2.00,-1.00,-2.00,0.10,100.0,4377.40,4377.40,4377.30,4377.30,47,102,149,-55.00,20.00,-55.00,4.00,77.5,-225,297,0.0000,0.0000,-32.00,105.00,4384.99,-1.0546,DOWN,97.45,1.5290,1.7180
20260901 220500 450,4377.50,1,4377.30,4377.50,0.20,4377.40,1,4377.30,1,4377.20,3,4377.00,3,4376.90,8,4376.80,8,4376.70,9,4376.60,10,4376.50,8,4376.40,10,4377.60,1,4377.70,2,4377.80,6,4377.90,4,4378.00,8,4378.10,5,4378.20,6,4378.30,1,4378.40,8,4378.50,5,Buy,1,2,3,-1.00,-1.00,-2.00,0.20,50.0,4377.40,4377.50,4377.30,4377.50,47,102,149,-55.00,20.00,-55.00,4.00,77.5,-225,297,0.0000,1.0000,-31.00,106.00,4385.01,-1.0483,DOWN,97.45,1.5290,1.7252
20260901 220500 450,4377.60,1,4377.30,4377.50,0.20,4377.40,1,4377.30,1,4377.20,3,4377.00,3,4376.90,8,4376.80,8,4376.70,9,4376.60,10,4376.50,8,4376.40,10,4377.60,1,4377.70,2,4377.80,6,4377.90,4,4378.00,8,4378.10,5,4378.20,6,4378.30,1,4378.40,8,4378.50,5,Buy,2,2,4,0.00,0.00,-2.00,0.30,66.7,4377.40,4377.60,4377.30,4377.60,47,102,149,-55.00,20.00,-55.00,4.00,77.5,-225,297,0.0000,0.0000,-30.00,107.00,4385.02,-1.0451,DOWN,97.45,1.5290,1.7323
20260901 220500 450,4377.60,1,4377.30,4377.50,0.20,4377.40,1,4377.30,1,4377.20,3,4377.00,3,4376.90,8,4376.80,8,4376.70,9,4376.60,10,4376.50,8,4376.40,10,4377.60,1,4377.70,2,4377.80,6,4377.90,4,4378.00,8,4378.10,5,4378.20,6,4378.30,1,4378.40,8,4378.50,5,Buy,3,2,5,1.00,1.00,-2.00,0.30,66.7,4377.40,4377.60,4377.30,4377.60,47,102,149,-55.00,20.00,-55.00,4.00,77.5,-225,297,0.0000,0.0000,-29.00,108.00,4385.02,-1.0451,DOWN,97.45,1.5290,1.7323
20260901 220500 559,4377.40,1,4377.40,4377.60,0.20,4377.40,1,4377.30,1,4377.20,3,4377.00,3,4376.90,8,4376.80,8,4376.70,9,4376.60,10,4376.50,8,4376.40,10,4377.60,2,4377.70,2,4377.80,6,4377.90,4,4378.00,8,4378.10,5,4378.20,6,4378.30,1,4378.40,8,4378.50,5,Sell,3,3,6,0.00,1.00,-2.00,0.30,0.0,4377.40,4377.60,4377.30,4377.40,47,102,149,-55.00,20.00,-55.00,4.00,77.5,-225,297,0.0000,1.0000,-30.00,107.00,4385.00,-1.0515,DOWN,97.45,1.5290,1.7323
20260901 220500 886,4377.40,1,4377.10,4377.30,0.20,4377.10,1,4377.00,1,4376.90,3,4376.80,3,4376.70,3,4376.60,5,4376.50,3,4376.40,5,4376.30,2,4376.20,3,4377.30,1,4377.40,3,4377.50,4,4377.60,3,4377.70,2,4377.80,8,4377.90,6,4378.00,10,4378.10,4,4378.20,9,Sell,3,4,7,-1.00,1.00,-2.00,0.30,0.0,4377.40,4377.60,4377.30,4377.40,47,102,149,-55.00,20.00,-55.00,4.00,77.5,-225,297,0.0000,1.0000,-31.00,106.00,4385.00,-1.0515,DOWN,97.45,1.5290,1.7323
20260901 220500 886,4377.30,1,4377.10,4377.30,0.20,4377.10,1,4377.00,1,4376.90,3,4376.80,3,4376.70,3,4376.60,5,4376.50,3,4376.40,5,4376.30,2,4376.20,3,4377.30,1,4377.40,3,4377.50,4,4377.60,3,4377.70,2,4377.80,8,4377.90,6,4378.00,10,4378.10,4,4378.20,9,Sell,3,5,8,-2.00,1.00,-2.00,0.30,33.3,4377.40,4377.60,4377.30,4377.30,47,102,149,-55.00,20.00,-55.00,4.00,77.5,-225,297,0.0000,0.0000,-32.00,105.00,4384.99,-1.0546,DOWN,97.45,1.5290,1.7323
20260901 220500 886,4377.20,1,4377.10,4377.30,0.20,4377.10,1,4377.00,1,4376.90,3,4376.80,3,4376.70,3,4376.60,5,4376.50,3,4376.40,5,4376.30,2,4376.20,3,4377.30,1,4377.40,3,4377.50,4,4377.60,3,4377.70,2,4377.80,8,4377.90,6,4378.00,10,4378.10,4,4378.20,9,Sell,3,6,9,-3.00,1.00,-3.00,0.40,50.0,4377.40,4377.60,4377.20,4377.20,47,102,149,-55.00,20.00,-55.00,4.00,77.5,-225,297,0.0000,0.0000,-33.00,104.00,4384.99,-1.0578,DOWN,97.45,1.5290,1.7323
20260901 220500 887,4377.40,1,4377.10,4377.30,0.20,4377.10,1,4377.00,1,4376.90,3,4376.80,3,4376.70,3,4376.60,5,4376.50,3,4376.40,5,4376.30,2,4376.20,3,4377.30,1,4377.40,3,4377.50,4,4377.60,3,4377.70,2,4377.80,8,4377.90,6,4378.00,10,4378.10,4,4378.20,9,Sell,3,7,10,-4.00,1.00,-4.00,0.40,0.0,4377.40,4377.60,4377.20,4377.40,47,102,149,-55.00,20.00,-55.00,4.00,77.5,-225,297,0.0000,0.0000,-34.00,103.00,4385.00,-1.0515,DOWN,97.45,1.5290,1.7323
20260901 220501 175,4376.90,1,4376.60,4376.80,0.20,4376.60,1,4376.40,4,4376.30,2,4376.20,4,4376.10,4,4376.00,8,4375.90,5,4375.80,7,4375.70,3,4375.60,3,4376.80,1,4376.90,3,4377.00,3,4377.10,2,4377.20,2,4377.30,5,4377.40,7,4377.50,6,4377.60,5,4377.70,3,Sell,3,8,11,-5.00,1.00,-5.00,0.70,71.4,4377.40,4377.60,4376.90,4376.90,47,102,149,-55.00,20.00,-55.00,4.00,77.5,-225,297,0.0000,0.0000,-35.00,102.00,4384.96,-1.0673,DOWN,97.45,1.5290,1.7466
20260901 220501 225,4376.70,1,4376.60,4376.90,0.30,4376.60,1,4376.50,2,4376.40,3,4376.30,2,4376.20,4,4376.10,5,4376.00,8,4375.90,5,4375.80,7,4375.70,3,4376.90,2,4377.00,3,4377.10,2,4377.20,2,4377.30,4,4377.40,7,4377.50,6,4377.60,5,4377.70,8,4377.80,12,Sell,3,9,12,-6.00,1.00,-6.00,0.90,77.8,4377.40,4377.60,4376.70,4376.70,47,102,149,-55.00,20.00,-55.00,4.00,77.5,-225,297,0.0000,0.0000,-36.00,101.00,4384.94,-1.0737,DOWN,97.45,1.5290,1.7609
20260901 220501 225,4376.60,1,4376.60,4376.90,0.30,4376.60,1,4376.50,2,4376.40,3,4376.30,2,4376.20,4,4376.10,5,4376.00,8,4375.90,5,4375.80,7,4375.70,3,4376.90,2,4377.00,3,4377.10,2,4377.20,2,4377.30,4,4377.40,7,4377.50,6,4377.60,5,4377.70,8,4377.80,12,Sell,3,10,13,-7.00,1.00,-7.00,1.00,80.0,4377.40,4377.60,4376.60,4376.60,47,102,149,-55.00,20.00,-55.00,4.00,77.5,-225,297,0.0000,0.0000,-37.00,100.00,4384.93,-1.0769,DOWN,97.45,1.5290,1.7680
20260901 220501 225,4376.50,1,4376.60,4376.90,0.30,4376.60,1,4376.50,2,4376.40,3,4376.30,2,4376.20,4,4376.10,5,4376.00,8,4375.90,5,4375.80,7,4375.70,3,4376.90,2,4377.00,3,4377.10,2,4377.20,2,4377.30,4,4377.40,7,4377.50,6,4377.60,5,4377.70,8,4377.80,12,Sell,3,11,14,-8.00,1.00,-8.00,1.10,81.8,4377.40,4377.60,4376.50,4376.50,47,102,149,-55.00,20.00,-55.00,4.00,77.5,-225,297,0.0000,0.0000,-38.00,99.00,4384.92,-1.0800,DOWN,97.45,1.5290,1.7752
20260901 220501 225,4376.50,1,4376.60,4376.90,0.30,4376.60,1,4376.50,2,4376.40,3,4376.30,2,4376.20,4,4376.10,5,4376.00,8,4375.90,5,4375.80,7,4375.70,3,4376.90,2,4377.00,3,4377.10,2,4377.20,2,4377.30,4,4377.40,7,4377.50,6,4377.60,5,4377.70,8,4377.80,12,Sell,3,12,15,-9.00,1.00,-9.00,1.10,81.8,4377.40,4377.60,4376.50,4376.50,47,102,149,-55.00,20.00,-55.00,4.00,77.5,-225,297,0.0000,0.0000,-39.00,98.00,4384.92,-1.0800,DOWN,97.45,1.5290,1.7752
20260901 220501 225,4376.50,1,4376.60,4376.90,0.30,4376.60,1,4376.50,2,4376.40,3,4376.30,2,4376.20,4,4376.10,5,4376.00,8,4375.90,5,4375.80,7,4375.70,3,4376.90,2,4377.00,3,4377.10,2,4377.20,2,4377.30,4,4377.40,7,4377.50,6,4377.60,5,4377.70,8,4377.80,12,Sell,3,13,16,-10.00,1.00,-10.00,1.10,81.8,4377.40,4377.60,4376.50,4376.50,47,102,149,-55.00,20.00,-55.00,4.00,77.5,-225,297,0.0000,0.0000,-40.00,97.00,4384.92,-1.0800,DOWN,97.45,1.5290,1.7752
20260901 220501 225,4376.50,1,4376.60,4376.90,0.30,4376.60,1,4376.50,2,4376.40,3,4376.30,2,4376.20,4,4376.10,5,4376.00,8,4375.90,5,4375.80,7,4375.70,3,4376.90,2,4377.00,3,4377.10,2,4377.20,2,4377.30,4,4377.40,7,4377.50,6,4377.60,5,4377.70,8,4377.80,12,Sell,3,14,17,-11.00,1.00,-11.00,1.10,81.8,4377.40,4377.60,4376.50,4376.50,47,102,149,-55.00,20.00,-55.00,4.00,77.5,-225,297,0.0000,0.0000,-41.00,96.00,4384.92,-1.0800,DOWN,97.45,1.5290,1.7752
20260901 220501 708,4376.90,1,4376.80,4377.10,0.30,4376.80,3,4376.70,3,4376.60,3,4376.50,3,4376.40,3,4376.30,3,4376.20,4,4376.10,5,4376.00,8,4375.90,5,4377.10,1,4377.20,1,4377.30,4,4377.40,5,4377.50,4,4377.60,7,4377.70,3,4377.80,12,4377.90,10,4378.00,12,Buy,4,14,18,-10.00,1.00,-11.00,1.10,45.5,4377.40,4377.60,4376.50,4376.90,47,102,149,-55.00,20.00,-55.00,4.00,77.5,-225,297,0.0000,0.1000,-40.00,97.00,4384.96,-1.0673,DOWN,97.45,1.5290,1.7752
20260901 220501 708,4376.90,1,4376.80,4377.10,0.30,4376.80,3,4376.70,3,4376.60,3,4376.50,3,4376.40,3,4376.30,3,4376.20,4,4376.10,5,4376.00,8,4375.90,5,4377.10,1,4377.20,1,4377.30,4,4377.40,5,4377.50,4,4377.60,7,4377.70,3,4377.80,12,4377.90,10,4378.00,12,Buy,5,14,19,-9.00,1.00,-11.00,1.10,45.5,4377.40,4377.60,4376.50,4376.90,47,102,149,-55.00,20.00,-55.00,4.00,77.5,-225,297,0.0000,0.2222,-39.00,98.00,4384.96,-1.0673,DOWN,97.45,1.5290,1.7752
20260901 220501 708,4377.00,1,4376.80,4377.10,0.30,4376.80,3,4376.70,3,4376.60,3,4376.50,3,4376.40,3,4376.30,3,4376.20,4,4376.10,5,4376.00,8,4375.90,5,4377.10,1,4377.20,1,4377.30,4,4377.40,5,4377.50,4,4377.60,7,4377.70,3,4377.80,12,4377.90,10,4378.00,12,Buy,6,14,20,-8.00,1.00,-11.00,1.10,36.4,4377.40,4377.60,4376.50,4377.00,47,102,149,-55.00,20.00,-55.00,4.00,77.5,-225,297,0.0000,0.3750,-38.00,99.00,4384.97,-1.0642,DOWN,97.45,1.5290,1.7752
20260901 220501 708,4377.00,1,4376.80,4377.10,0.30,4376.80,3,4376.70,3,4376.60,3,4376.50,3,4376.40,3,4376.30,3,4376.20,4,4376.10,5,4376.00,8,4375.90,5,4377.10,1,4377.20,1,4377.30,4,4377.40,5,4377.50,4,4377.60,7,4377.70,3,4377.80,12,4377.90,10,4378.00,12,Buy,7,14,21,-7.00,1.00,-11.00,1.10,36.4,4377.40,4377.60,4376.50,4377.00,47,102,149,-55.00,20.00,-55.00,4.00,77.5,-225,297,0.0000,0.5714,-37.00,100.00,4384.97,-1.0642,DOWN,97.45,1.5290,1.7752
20260901 220501 708,4377.00,1,4376.80,4377.10,0.30,4376.80,3,4376.70,3,4376.60,3,4376.50,3,4376.40,3,4376.30,3,4376.20,4,4376.10,5,4376.00,8,4375.90,5,4377.10,1,4377.20,1,4377.30,4,4377.40,5,4377.50,4,4377.60,7,4377.70,3,4377.80,12,4377.90,10,4378.00,12,Buy,8,14,22,-6.00,1.00,-11.00,1.10,36.4,4377.40,4377.60,4376.50,4377.00,47,102,149,-55.00,20.00,-55.00,4.00,77.5,-225,297,0.0000,0.8333,-36.00,101.00,4384.97,-1.0642,DOWN,97.45,1.5290,1.7752
20260901 220501 784,4376.90,1,4376.60,4376.90,0.30,4376.80,3,4376.70,3,4376.60,3,4376.50,3,4376.40,3,4376.30,3,4376.20,4,4376.10,5,4376.00,8,4375.90,5,4377.10,1,4377.20,1,4377.30,4,4377.40,5,4377.50,4,4377.60,7,4377.70,3,4377.80,12,4377.90,10,4378.00,12,Buy,9,14,23,-5.00,1.00,-11.00,1.10,45.5,4377.40,4377.60,4376.50,4376.90,47,102,149,-55.00,20.00,-55.00,4.00,77.5,-225,297,0.0000,1.2000,-35.00,102.00,4384.96,-1.0673,DOWN,97.45,1.5290,1.7752
20260901 220502 089,4377.00,1,4376.80,4377.20,0.40,4376.80,2,4376.70,4,4376.60,3,4376.50,3,4376.40,3,4376.30,2,4376.20,4,4376.10,5,4376.00,8,4375.90,5,4377.20,3,4377.30,2,4377.40,4,4377.50,4,4377.60,5,4377.70,3,4377.80,14,4377.90,10,4378.00,12,4378.10,9,Buy,10,14,24,-4.00,1.00,-11.00,1.10,36.4,4377.40,4377.60,4376.50,4377.00,47,102,149,-55.00,20.00,-55.00,4.00,77.5,-225,297,0.0000,1.7500,-34.00,103.00,4384.97,-1.0642,DOWN,97.45,1.5290,1.7752
20260901 220502 089,4377.10,1,4376.80,4377.20,0.40,4376.80,2,4376.70,4,4376.60,3,4376.50,3,4376.40,3,4376.30,2,4376.20,4,4376.10,5,4376.00,8,4375.90,5,4377.20,3,4377.30,2,4377.40,4,4377.50,4,4377.60,5,4377.70,3,4377.80,14,4377.90,10,4378.00,12,4378.10,9,Buy,11,14,25,-3.00,1.00,-11.00,1.10,27.3,4377.40,4377.60,4376.50,4377.10,47,102,149,-55.00,20.00,-55.00,4.00,77.5,-225,297,0.0000,2.6667,-33.00,104.00,4384.98,-1.0610,DOWN,97.45,1.5290,1.7752
20260901 220502 089,4377.20,1,4376.80,4377.20,0.40,4376.80,2,4376.70,4,4376.60,3,4376.50,3,4376.40,3,4376.30,2,4376.20,4,4376.10,5,4376.00,8,4375.90,5,4377.20,3,4377.30,2,4377.40,4,4377.50,4,4377.60,5,4377.70,3,4377.80,14,4377.90,10,4378.00,12,4378.10,9,Buy,12,14,26,-2.00,1.00,-11.00,1.10,18.2,4377.40,4377.60,4376.50,4377.20,47,102,149,-55.00,20.00,-55.00,4.00,77.5,-225,297,0.0000,4.5000,-32.00,105.00,4384.99,-1.0578,DOWN,97.45,1.5290,1.7752
20260901 220502 089,4377.30,1,4376.80,4377.20,0.40,4376.80,2,4376.70,4,4376.60,3,4376.50,3,4376.40,3,4376.30,2,4376.20,4,4376.10,5,4376.00,8,4375.90,5,4377.20,3,4377.30,2,4377.40,4,4377.50,4,4377.60,5,4377.70,3,4377.80,14,4377.90,10,4378.00,12,4378.10,9,Buy,13,14,27,-1.00,1.00,-11.00,1.10,9.1,4377.40,4377.60,4376.50,4377.30,47,102,149,-55.00,20.00,-55.00,4.00,77.5,-225,297,0.0000,10.0000,-31.00,106.00,4384.99,-1.0546,DOWN,97.45,1.5290,1.7752
20260901 220502 089,4377.30,1,4376.80,4377.20,0.40,4376.80,2,4376.70,4,4376.60,3,4376.50,3,4376.40,3,4376.30,2,4376.20,4,4376.10,5,4376.00,8,4375.90,5,4377.20,3,4377.30,2,4377.40,4,4377.50,4,4377.60,5,4377.70,3,4377.80,14,4377.90,10,4378.00,12,4378.10,9,Buy,14,14,28,0.00,1.00,-11.00,1.10,9.1,4377.40,4377.60,4376.50,4377.30,47,102,149,-55.00,20.00,-55.00,4.00,77.5,-225,297,0.0000,1.0000,-30.00,107.00,4384.99,-1.0546,DOWN,97.45,1.5290,1.7752
20260901 220502 089,4377.30,1,4376.80,4377.20,0.40,4376.80,2,4376.70,4,4376.60,3,4376.50,3,4376.40,3,4376.30,2,4376.20,4,4376.10,5,4376.00,8,4375.90,5,4377.20,3,4377.30,2,4377.40,4,4377.50,4,4377.60,5,4377.70,3,4377.80,14,4377.90,10,4378.00,12,4378.10,9,Buy,15,14,29,1.00,1.00,-11.00,1.10,9.1,4377.40,4377.60,4376.50,4377.30,47,102,149,-55.00,20.00,-55.00,4.00,77.5,-225,297,0.0000,0.0000,-29.00,108.00,4384.99,-1.0546,DOWN,97.45,1.5290,1.7752
20260901 220502 572,4376.80,1,4376.80,4377.10,0.30,4376.80,2,4376.70,3,4376.60,3,4376.50,3,4376.40,3,4376.30,3,4376.20,4,4376.10,5,4376.00,8,4375.90,5,4377.10,2,4377.20,3,4377.30,2,4377.40,4,4377.50,4,4377.60,5,4377.70,3,4377.80,14,4377.90,10,4378.00,12,Sell,15,15,30,0.00,1.00,-11.00,1.10,54.5,4377.40,4377.60,4376.50,4376.80,47,102,149,-55.00,20.00,-55.00,4.00,77.5,-225,297,0.0000,1.0000,-30.00,107.00,4384.95,-1.0705,DOWN,97.45,1.5290,1.7752
20260901 220502 740,4377.10,1,4376.80,4377.10,0.30,4376.70,1,4376.60,3,4376.50,3,4376.40,3,4376.30,2,4376.20,4,4376.10,5,4376.00,8,4375.90,5,4375.80,7,4377.00,1,4377.10,2,4377.20,3,4377.30,2,4377.40,4,4377.50,4,4377.60,7,4377.70,3,4377.80,12,4377.90,10,Buy,16,15,31,1.00,1.00,-11.00,1.10,27.3,4377.40,4377.60,4376.50,4377.10,47,102,149,-55.00,20.00,-55.00,4.00,77.5,-225,297,0.0000,0.0000,-29.00,108.00,4384.98,-1.0610,DOWN,97.45,1.5290,1.7752
20260901 220503 313,4376.70,1,4376.60,4377.00,0.40,4376.60,3,4376.50,3,4376.40,3,4376.30,2,4376.20,4,4376.10,5,4376.00,8,4375.90,5,4375.80,7,4375.70,3,4377.00,2,4377.10,2,4377.20,3,4377.30,2,4377.40,4,4377.50,5,4377.60,7,4377.70,3,4377.80,12,4377.90,10,Sell,16,16,32,0.00,1.00,-11.00,1.10,63.6,4377.40,4377.60,4376.50,4376.70,47,102,149,-55.00,20.00,-55.00,4.00,77.5,-225,297,0.0000,1.0000,-30.00,107.00,4384.94,-1.0737,DOWN,97.45,1.5290,1.7752
20260901 220504 593,4376.60,1,4376.50,4376.90,0.40,4376.50,4,4376.40,3,4376.20,4,4376.10,4,4376.00,8,4375.90,5,4375.80,7,4375.70,3,4375.60,3,4375.50,1,4376.90,1,4377.00,2,4377.10,2,4377.20,3,4377.30,2,4377.40,5,4377.50,6,4377.60,7,4377.70,7,4377.80,12,Sell,16,17,33,-1.00,1.00,-11.00,1.10,72.7,4377.40,4377.60,4376.50,4376.60,47,102,149,-55.00,20.00,-55.00,4.00,77.5,-225,297,0.0000,10.0000,-31.00,106.00,4384.93,-1.0769,DOWN,97.45,1.5290,1.7752
20260901 220504 593,4376.60,1,4376.50,4376.90,0.40,4376.50,4,4376.40,3,4376.20,4,4376.10,4,4376.00,8,4375.90,5,4375.80,7,4375.70,3,4375.60,3,4375.50,1,4376.90,1,4377.00,2,4377.10,2,4377.20,3,4377.30,2,4377.40,5,4377.50,6,4377.60,7,4377.70,7,4377.80,12,Sell,16,18,34,-2.00,1.00,-11.00,1.10,72.7,4377.40,4377.60,4376.50,4376.60,47,102,149,-55.00,20.00,-55.00,4.00,77.5,-225,297,0.0000,4.5000,-32.00,105.00,4384.93,-1.0769,DOWN,97.45,1.5290,1.7752
20260901 220504 593,4376.50,1,4376.50,4376.90,0.40,4376.50,4,4376.40,3,4376.20,4,4376.10,4,4376.00,8,4375.90,5,4375.80,7,4375.70,3,4375.60,3,4375.50,1,4376.90,1,4377.00,2,4377.10,2,4377.20,3,4377.30,2,4377.40,5,4377.50,6,4377.60,7,4377.70,7,4377.80,12,Sell,16,19,35,-3.00,1.00,-11.00,1.10,81.8,4377.40,4377.60,4376.50,4376.50,47,102,149,-55.00,20.00,-55.00,4.00,77.5,-225,297,0.0000,2.6667,-33.00,104.00,4384.92,-1.0800,DOWN,97.45,1.5290,1.7752
20260901 220504 593,4376.50,1,4376.50,4376.90,0.40,4376.50,4,4376.40,3,4376.20,4,4376.10,4,4376.00,8,4375.90,5,4375.80,7,4375.70,3,4375.60,3,4375.50,1,4376.90,1,4377.00,2,4377.10,2,4377.20,3,4377.30,2,4377.40,5,4377.50,6,4377.60,7,4377.70,7,4377.80,12,Sell,16,20,36,-4.00,1.00,-11.00,1.10,81.8,4377.40,4377.60,4376.50,4376.50,47,102,149,-55.00,20.00,-55.00,4.00,77.5,-225,297,0.0000,1.7500,-34.00,103.00,4384.92,-1.0800,DOWN,97.45,1.5290,1.7752
20260901 220505 012,4376.80,2,4376.80,4376.90,0.10,4376.60,2,4376.50,5,4376.40,3,4376.20,4,4376.10,5,4376.00,8,4375.90,5,4375.80,6,4375.70,3,4375.60,3,4376.90,1,4377.00,2,4377.10,2,4377.20,3,4377.30,2,4377.40,5,4377.50,6,4377.60,7,4377.70,7,4377.80,12,Sell,16,22,38,-6.00,1.00,-11.00,1.10,54.5,4377.40,4377.60,4376.50,4376.80,47,102,149,-55.00,20.00,-55.00,4.00,77.5,-225,297,0.0000,0.8333,-36.00,101.00,4384.95,-1.0705,DOWN,97.45,1.5290,1.7752
20260901 220505 195,4376.50,1,4376.50,4376.80,0.30,4376.50,2,4376.40,2,4376.20,4,4376.10,4,4376.00,8,4375.90,5,4375.80,6,4375.70,3,4375.60,3,4375.50,1,4376.80,1,4376.90,3,4377.00,2,4377.10,2,4377.20,3,4377.30,2,4377.40,7,4377.50,6,4377.60,5,4377.70,7,Sell,16,23,39,-7.00,1.00,-11.00,1.10,81.8,4377.40,4377.60,4376.50,4376.50,47,102,149,-55.00,20.00,-55.00,4.00,77.5,-225,297,0.0000,0.5714,-37.00,100.00,4384.92,-1.0800,DOWN,97.45,1.5290,1.7752
20260901 220505 880,4376.80,1,4376.40,4376.80,0.40,4376.40,5,4376.20,4,4376.10,4,4376.00,8,4375.90,5,4375.80,6,4375.70,3,4375.60,3,4375.50,1,4375.40,5,4376.80,1,4376.90,3,4377.00,2,4377.10,2,4377.20,3,4377.30,3,4377.40,7,4377.50,5,4377.60,10,4377.70,7,Buy,17,23,40,-6.00,1.00,-11.00,1.10,54.5,4377.40,4377.60,4376.50,4376.80,47,102,149,-55.00,20.00,-55.00,4.00,77.5,-225,297,0.0000,0.8333,-36.00,101.00,4384.95,-1.0705,DOWN,97.45,1.5290,1.7752
20260901 220506 348,4376.80,1,4376.50,4376.80,0.30,4376.50,3,4376.40,4,4376.20,4,4376.10,4,4376.00,8,4375.90,5,4375.80,6,4375.70,3,4375.60,3,4375.50,1,4376.80,1,4376.90,2,4377.00,2,4377.10,2,4377.20,4,4377.30,3,4377.40,7,4377.50,5,4377.60,10,4377.70,7,Buy,18,23,41,-5.00,1.00,-11.00,1.10,54.5,4377.40,4377.60,4376.50,4376.80,47,102,149,-55.00,20.00,-55.00,4.00,77.5,-225,297,0.0000,1.2000,-35.00,102.00,4384.95,-1.0705,DOWN,97.45,1.5290,1.7752
20260901 220506 348,4376.90,1,4376.50,4376.80,0.30,4376.50,3,4376.40,4,4376.20,4,4376.10,4,4376.00,8,4375.90,5,4375.80,6,4375.70,3,4375.60,3,4375.50,1,4376.80,1,4376.90,2,4377.00,2,4377.10,2,4377.20,4,4377.30,3,4377.40,7,4377.50,5,4377.60,10,4377.70,7,Buy,19,23,42,-4.00,1.00,-11.00,1.10,45.5,4377.40,4377.60,4376.50,4376.90,47,102,149,-55.00,20.00,-55.00,4.00,77.5,-225,297,0.0000,1.7500,-34.00,103.00,4384.96,-1.0673,DOWN,97.45,1.5290,1.7752
20260901 220506 829,4376.80,1,4376.50,4376.80,0.30,4376.60,3,4376.50,3,4376.40,5,4376.20,4,4376.10,4,4376.00,8,4375.90,5,4375.80,6,4375.70,3,4375.60,3,4377.00,2,4377.10,2,4377.20,4,4377.30,2,4377.40,7,4377.50,5,4377.60,10,4377.70,7,4377.80,12,4377.90,10,Buy,20,23,43,-3.00,1.00,-11.00,1.10,54.5,4377.40,4377.60,4376.50,4376.80,47,102,149,-55.00,20.00,-55.00,4.00,77.5,-225,297,0.0000,2.6667,-33.00,104.00,4384.95,-1.0705,DOWN,97.45,1.5290,1.7752
20260901 220507 168,4376.90,1,4376.60,4376.90,0.30,4376.60,2,4376.50,3,4376.40,5,4376.20,4,4376.10,5,4376.00,8,4375.90,5,4375.80,6,4375.70,3,4375.60,3,4376.90,1,4377.00,2,4377.10,2,4377.20,4,4377.30,2,4377.40,5,4377.50,6,4377.60,12,4377.70,7,4377.80,12,Sell,20,24,44,-4.00,1.00,-11.00,1.10,45.5,4377.40,4377.60,4376.50,4376.90,47,102,149,-55.00,20.00,-55.00,4.00,77.5,-225,297,0.0000,1.7500,-34.00,103.00,4384.96,-1.0673,DOWN,97.45,1.5290,1.7752
20260901 220507 920,4376.60,1,4376.60,4376.90,0.30,4376.60,1,4376.50,4,4376.40,5,4376.20,4,4376.10,5,4376.00,8,4375.90,5,4375.80,6,4375.70,3,4375.60,3,4376.90,1,4377.00,2,4377.10,2,4377.20,4,4377.30,2,4377.40,5,4377.50,6,4377.60,12,4377.70,7,4377.80,12,Sell,20,25,45,-5.00,1.00,-11.00,1.10,72.7,4377.40,4377.60,4376.50,4376.60,47,102,149,-55.00,20.00,-55.00,4.00,77.5,-225,297,0.0000,1.2000,-35.00,102.00,4384.93,-1.0769,DOWN,97.45,1.5290,1.7752
20260901 220509 082,4376.90,1,4376.70,4377.00,0.30,4376.70,1,4376.60,4,4376.50,4,4376.40,4,4376.20,4,4376.10,5,4376.00,8,4375.90,5,4375.80,6,4375.70,3,4377.00,2,4377.10,2,4377.20,4,4377.30,2,4377.40,5,4377.50,6,4377.60,12,4377.70,7,4377.80,12,4377.90,10,Buy,21,25,46,-4.00,1.00,-11.00,1.10,45.5,4377.40,4377.60,4376.50,4376.90,47,102,149,-55.00,20.00,-55.00,4.00,77.5,-225,297,0.0000,1.7500,-34.00,103.00,4384.96,-1.0673,DOWN,97.45,1.5290,1.7752
20260901 220509 488,4376.70,1,4376.70,4377.00,0.30,4376.60,3,4376.50,4,4376.40,4,4376.20,4,4376.10,5,4376.00,8,4375.90,5,4375.80,6,4375.70,3,4375.60,3,4377.00,2,4377.10,2,4377.20,4,4377.30,2,4377.40,5,4377.50,6,4377.60,12,4377.70,7,4377.80,12,4377.90,10,Sell,21,26,47,-5.00,1.00,-11.00,1.10,63.6,4377.40,4377.60,4376.50,4376.70,47,102,149,-55.00,20.00,-55.00,4.00,77.5,-225,297,0.0000,1.2000,-35.00,102.00,4384.94,-1.0737,DOWN,97.45,1.5290,1.7752
20260901 220509 859,4376.90,3,4376.60,4376.90,0.30,4376.60,1,4376.50,4,4376.40,4,4376.20,4,4376.10,5,4376.00,8,4375.90,5,4375.80,6,4375.70,3,4375.60,3,4376.90,1,4377.00,2,4377.10,2,4377.20,4,4377.30,2,4377.40,5,4377.50,6,4377.60,12,4377.70,7,4377.80,12,Sell,21,29,50,-8.00,1.00,-11.00,1.10,45.5,4377.40,4377.60,4376.50,4376.90,47,102,149,-55.00,20.00,-55.00,4.00,77.5,-225,297,0.0000,0.3750,-38.00,99.00,4384.96,-1.0673,DOWN,97.45,1.5290,1.7752
20260901 220512 281,4377.00,1,4376.60,4377.00,0.40,4376.70,1,4376.60,4,4376.50,4,4376.40,4,4376.20,4,4376.10,5,4376.00,8,4375.90,5,4375.80,6,4375.70,3,4377.00,2,4377.10,3,4377.20,5,4377.30,2,4377.40,5,4377.50,6,4377.60,12,4377.70,7,4377.80,12,4377.90,10,Buy,22,29,51,-7.00,1.00,-11.00,1.10,36.4,4377.40,4377.60,4376.50,4377.00,47,102,149,-55.00,20.00,-55.00,4.00,77.5,-225,297,0.0000,0.5714,-37.00,100.00,4384.97,-1.0642,DOWN,97.45,1.5290,1.7752
20260901 220512 281,4377.00,1,4376.60,4377.00,0.40,4376.70,1,4376.60,4,4376.50,4,4376.40,4,4376.20,4,4376.10,5,4376.00,8,4375.90,5,4375.80,6,4375.70,3,4377.00,2,4377.10,3,4377.20,5,4377.30,2,4377.40,5,4377.50,6,4377.60,12,4377.70,7,4377.80,12,4377.90,10,Buy,23,29,52,-6.00,1.00,-11.00,1.10,36.4,4377.40,4377.60,4376.50,4377.00,47,102,149,-55.00,20.00,-55.00,4.00,77.5,-225,297,0.0000,0.8333,-36.00,101.00,4384.97,-1.0642,DOWN,97.45,1.5290,1.7752
20260901 220513 368,4376.90,1,4376.70,4376.90,0.20,4376.70,1,4376.60,2,4376.50,4,4376.40,4,4376.20,4,4376.10,5,4376.00,8,4375.90,5,4375.80,6,4375.70,3,4377.00,2,4377.10,3,4377.20,5,4377.30,2,4377.40,5,4377.50,6,4377.60,12,4377.70,7,4377.80,12,4377.90,10,Buy,24,29,53,-5.00,1.00,-11.00,1.10,45.5,4377.40,4377.60,4376.50,4376.90,47,102,149,-55.00,20.00,-55.00,4.00,77.5,-225,297,0.0000,1.2000,-35.00,102.00,4384.96,-1.0673,DOWN,97.45,1.5290,1.7752
20260901 220514 341,4377.00,1,4377.10,4377.50,0.40,4377.10,2,4377.00,2,4376.90,4,4376.80,4,4376.70,4,4376.60,9,4376.50,10,4376.40,5,4376.30,1,4376.20,4,4377.50,2,4377.60,3,4377.80,6,4377.90,4,4378.00,9,4378.10,9,4378.20,9,4378.30,6,4378.40,8,4378.50,6,Buy,25,29,54,-4.00,1.00,-11.00,1.10,36.4,4377.40,4377.60,4376.50,4377.00,47,102,149,-55.00,20.00,-55.00,4.00,77.5,-225,297,0.0000,1.7500,-34.00,103.00,4384.97,-1.0642,DOWN,97.45,1.5290,1.7752
20260901 220514 342,4377.10,1,4377.10,4377.50,0.40,4377.10,2,4377.00,2,4376.90,4,4376.80,4,4376.70,4,4376.60,9,4376.50,10,4376.40,5,4376.30,1,4376.20,4,4377.50,2,4377.60,3,4377.80,6,4377.90,4,4378.00,9,4378.10,9,4378.20,9,4378.30,6,4378.40,8,4378.50,6,Buy,26,29,55,-3.00,1.00,-11.00,1.10,27.3,4377.40,4377.60,4376.50,4377.10,47,102,149,-55.00,20.00,-55.00,4.00,77.5,-225,297,0.0000,2.6667,-33.00,104.00,4384.98,-1.0610,DOWN,97.45,1.5290,1.7752
20260901 220514 342,4377.10,1,4377.10,4377.50,0.40,4377.10,2,4377.00,2,4376.90,4,4376.80,4,4376.70,4,4376.60,9,4376.50,10,4376.40,5,4376.30,1,4376.20,4,4377.50,2,4377.60,3,4377.80,6,4377.90,4,4378.00,9,4378.10,9,4378.20,9,4378.30,6,4378.40,8,4378.50,6,Buy,27,29,56,-2.00,1.00,-11.00,1.10,27.3,4377.40,4377.60,4376.50,4377.10,47,102,149,-55.00,20.00,-55.00,4.00,77.5,-225,297,0.0000,4.5000,-32.00,105.00,4384.98,-1.0610,DOWN,97.45,1.5290,1.7752
20260901 220514 347,4377.20,1,4377.10,4377.50,0.40,4377.10,2,4377.00,2,4376.90,4,4376.80,4,4376.70,4,4376.60,9,4376.50,10,4376.40,5,4376.30,1,4376.20,4,4377.50,2,4377.60,3,4377.80,6,4377.90,4,4378.00,9,4378.10,9,4378.20,9,4378.30,6,4378.40,8,4378.50,6,Buy,28,29,57,-1.00,1.00,-11.00,1.10,18.2,4377.40,4377.60,4376.50,4377.20,47,102,149,-55.00,20.00,-55.00,4.00,77.5,-225,297,0.0000,10.0000,-31.00,106.00,4384.99,-1.0578,DOWN,97.45,1.5290,1.7752
20260901 220514 373,4377.20,1,4377.20,4377.50,0.30,4377.00,2,4376.90,4,4376.80,4,4376.70,4,4376.60,9,4376.50,10,4376.40,4,4376.30,1,4376.20,4,4376.10,5,4377.40,1,4377.50,3,4377.60,3,4377.80,6,4377.90,6,4378.00,9,4378.10,9,4378.20,9,4378.30,6,4378.40,8,Sell,28,30,58,-2.00,1.00,-11.00,1.10,18.2,4377.40,4377.60,4376.50,4377.20,47,102,149,-55.00,20.00,-55.00,4.00,77.5,-225,297,0.0000,4.5000,-32.00,105.00,4384.99,-1.0578,DOWN,97.45,1.5290,1.7752
20260901 220515 131,4377.40,1,4377.10,4377.50,0.40,4377.10,3,4377.00,2,4376.90,4,4376.80,4,4376.70,4,4376.60,9,4376.50,10,4376.40,4,4376.30,1,4376.20,4,4377.50,1,4377.60,4,4377.80,6,4377.90,4,4378.00,9,4378.10,9,4378.20,9,4378.30,6,4378.40,8,4378.50,6,Buy,29,30,59,-1.00,1.00,-11.00,1.10,0.0,4377.40,4377.60,4376.50,4377.40,47,102,149,-55.00,20.00,-55.00,4.00,77.5,-225,297,0.0000,10.0000,-31.00,106.00,4385.00,-1.0515,DOWN,97.45,1.5290,1.7752
20260901 220515 131,4377.40,1,4377.10,4377.50,0.40,4377.10,3,4377.00,2,4376.90,4,4376.80,4,4376.70,4,4376.60,9,4376.50,10,4376.40,4,4376.30,1,4376.20,4,4377.50,1,4377.60,4,4377.80,6,4377.90,4,4378.00,9,4378.10,9,4378.20,9,4378.30,6,4378.40,8,4378.50,6,Buy,30,30,60,0.00,1.00,-11.00,1.10,0.0,4377.40,4377.60,4376.50,4377.40,47,102,149,-55.00,20.00,-55.00,4.00,77.5,-225,297,0.0000,1.0000,-30.00,107.00,4385.00,-1.0515,DOWN,97.45,1.5290,1.7752
20260901 220515 131,4377.50,1,4377.10,4377.50,0.40,4377.10,3,4377.00,2,4376.90,4,4376.80,4,4376.70,4,4376.60,9,4376.50,10,4376.40,4,4376.30,1,4376.20,4,4377.50,1,4377.60,4,4377.80,6,4377.90,4,4378.00,9,4378.10,9,4378.20,9,4378.30,6,4378.40,8,4378.50,6,Buy,31,30,61,1.00,1.00,-11.00,1.10,9.1,4377.40,4377.60,4376.50,4377.50,47,102,149,-55.00,20.00,-55.00,4.00,77.5,-225,297,0.0000,0.0000,-29.00,108.00,4385.01,-1.0483,DOWN,97.45,1.5290,1.7752
20260901 220515 132,4377.50,1,4377.10,4377.50,0.40,4377.10,3,4377.00,2,4376.90,4,4376.80,4,4376.70,4,4376.60,9,4376.50,10,4376.40,4,4376.30,1,4376.20,4,4377.50,1,4377.60,4,4377.80,6,4377.90,4,4378.00,9,4378.10,9,4378.20,9,4378.30,6,4378.40,8,4378.50,6,Buy,32,30,62,2.00,2.00,-11.00,1.10,9.1,4377.40,4377.60,4376.50,4377.50,47,102,149,-55.00,20.00,-55.00,4.00,77.5,-225,297,0.0000,0.0000,-28.00,109.00,4385.01,-1.0483,DOWN,97.45,1.5290,1.7752
20260901 220516 379,4377.10,1,4377.10,4377.40,0.30,4377.10,2,4377.00,3,4376.90,3,4376.80,4,4376.70,4,4376.60,9,4376.50,10,4376.40,4,4376.30,1,4376.20,4,4377.40,2,4377.50,3,4377.60,3,4377.80,6,4377.90,6,4378.00,9,4378.10,9,4378.20,9,4378.30,6,4378.40,8,Sell,32,31,63,1.00,2.00,-11.00,1.10,27.3,4377.40,4377.60,4376.50,4377.10,47,102,149,-55.00,20.00,-55.00,4.00,77.5,-225,297,0.0000,1.0000,-29.00,108.00,4384.98,-1.0610,DOWN,97.45,1.5290,1.7752
20260901 220518 090,4377.10,2,4376.20,4376.60,0.40,4376.20,1,4376.10,4,4376.00,7,4375.90,5,4375.80,6,4375.70,4,4375.60,3,4375.50,2,4375.40,6,4375.30,1,4376.60,3,4376.70,3,4376.80,2,4376.90,4,4377.00,5,4377.10,5,4377.20,3,4377.30,5,4377.40,5,4377.50,4,Sell,32,33,65,-1.00,2.00,-11.00,1.10,27.3,4377.40,4377.60,4376.50,4377.10,47,102,149,-55.00,20.00,-55.00,4.00,77.5,-225,297,0.0000,10.0000,-31.00,106.00,4384.98,-1.0610,DOWN,97.45,1.5290,1.7752
20260901 220518 091,4376.90,1,4376.20,4376.60,0.40,4376.20,1,4376.10,4,4376.00,7,4375.90,5,4375.80,6,4375.70,4,4375.60,3,4375.50,2,4375.40,6,4375.30,1,4376.60,3,4376.70,3,4376.80,2,4376.90,4,4377.00,5,4377.10,5,4377.20,3,4377.30,5,4377.40,5,4377.50,4,Sell,32,34,66,-2.00,2.00,-11.00,1.10,45.5,4377.40,4377.60,4376.50,4376.90,47,102,149,-55.00,20.00,-55.00,4.00,77.5,-225,297,0.0000,4.5000,-32.00,105.00,4384.96,-1.0673,DOWN,97.45,1.5290,1.7752
20260901 220518 092,4376.80,1,4376.20,4376.60,0.40,4376.20,1,4376.10,4,4376.00,7,4375.90,5,4375.80,6,4375.70,4,4375.60,3,4375.50,2,4375.40,6,4375.30,1,4376.60,3,4376.70,3,4376.80,2,4376.90,4,4377.00,5,4377.10,5,4377.20,3,4377.30,5,4377.40,5,4377.50,4,Sell,32,35,67,-3.00,2.00,-11.00,1.10,54.5,4377.40,4377.60,4376.50,4376.80,47,102,149,-55.00,20.00,-55.00,4.00,77.5,-225,297,0.0000,2.6667,-33.00,104.00,4384.95,-1.0705,DOWN,97.45,1.5290,1.7752
20260901 220518 092,4376.80,1,4376.20,4376.60,0.40,4376.20,1,4376.10,4,4376.00,7,4375.90,5,4375.80,6,4375.70,4,4375.60,3,4375.50,2,4375.40,6,4375.30,1,4376.60,3,4376.70,3,4376.80,2,4376.90,4,4377.00,5,4377.10,5,4377.20,3,4377.30,5,4377.40,5,4377.50,4,Sell,32,36,68,-4.00,2.00,-11.00,1.10,54.5,4377.40,4377.60,4376.50,4376.80,47,102,149,-55.00,20.00,-55.00,4.00,77.5,-225,297,0.0000,1.7500,-34.00,103.00,4384.95,-1.0705,DOWN,97.45,1.5290,1.7752
20260901 220518 093,4376.70,1,4376.20,4376.60,0.40,4376.20,1,4376.10,4,4376.00,7,4375.90,5,4375.80,6,4375.70,4,4375.60,3,4375.50,2,4375.40,6,4375.30,1,4376.60,3,4376.70,3,4376.80,2,4376.90,4,4377.00,5,4377.10,5,4377.20,3,4377.30,5,4377.40,5,4377.50,4,Sell,32,37,69,-5.00,2.00,-11.00,1.10,63.6,4377.40,4377.60,4376.50,4376.70,47,102,149,-55.00,20.00,-55.00,4.00,77.5,-225,297,0.0000,1.2000,-35.00,102.00,4384.94,-1.0737,DOWN,97.45,1.5290,1.7752
20260901 220518 098,4376.50,1,4376.20,4376.60,0.40,4376.20,1,4376.10,4,4376.00,7,4375.90,5,4375.80,6,4375.70,4,4375.60,3,4375.50,2,4375.40,6,4375.30,1,4376.60,3,4376.70,3,4376.80,2,4376.90,4,4377.00,5,4377.10,5,4377.20,3,4377.30,5,4377.40,5,4377.50,4,Sell,32,38,70,-6.00,2.00,-11.00,1.10,81.8,4377.40,4377.60,4376.50,4376.50,47,102,149,-55.00,20.00,-55.00,4.00,77.5,-225,297,0.0000,0.8333,-36.00,101.00,4384.92,-1.0800,DOWN,97.45,1.5290,1.7752
20260901 220518 932,4376.50,1,4376.10,4376.50,0.40,4376.10,4,4376.00,6,4375.90,3,4375.80,6,4375.70,4,4375.60,4,4375.50,2,4375.40,6,4375.30,1,4375.20,4,4376.50,2,4376.60,2,4376.70,3,4376.80,3,4376.90,4,4377.00,5,4377.10,5,4377.20,3,4377.30,10,4377.40,9,Buy,33,38,71,-5.00,2.00,-11.00,1.10,81.8,4377.40,4377.60,4376.50,4376.50,47,102,149,-55.00,20.00,-55.00,4.00,77.5,-225,297,0.0000,1.2000,-35.00,102.00,4384.92,-1.0800,DOWN,97.45,1.5290,1.7752
20260901 220520 296,4376.10,1,4376.00,4376.40,0.40,4376.00,5,4375.90,2,4375.80,6,4375.70,4,4375.60,3,4375.50,3,4375.40,6,4375.30,1,4375.20,4,4375.10,1,4376.40,3,4376.50,3,4376.60,2,4376.70,3,4376.80,3,4376.90,5,4377.00,6,4377.10,3,4377.20,3,4377.30,9,Sell,33,39,72,-6.00,2.00,-11.00,1.50,86.7,4377.40,4377.60,4376.10,4376.10,47,102,149,-55.00,20.00,-55.00,4.00,77.5,-225,297,0.0000,0.8333,-36.00,101.00,4384.88,-1.0927,DOWN,97.45,1.5290,1.8037
20260901 220520 296,4376.10,1,4376.00,4376.40,0.40,4376.00,5,4375.90,2,4375.80,6,4375.70,4,4375.60,3,4375.50,3,4375.40,6,4375.30,1,4375.20,4,4375.10,1,4376.40,3,4376.50,3,4376.60,2,4376.70,3,4376.80,3,4376.90,5,4377.00,6,4377.10,3,4377.20,3,4377.30,9,Sell,33,40,73,-7.00,2.00,-11.00,1.50,86.7,4377.40,4377.60,4376.10,4376.10,47,102,149,-55.00,20.00,-55.00,4.00,77.5,-225,297,0.0000,0.5714,-37.00,100.00,4384.88,-1.0927,DOWN,97.45,1.5290,1.8037
20260901 220520 296,4376.10,1,4376.00,4376.40,0.40,4376.00,5,4375.90,2,4375.80,6,4375.70,4,4375.60,3,4375.50,3,4375.40,6,4375.30,1,4375.20,4,4375.10,1,4376.40,3,4376.50,3,4376.60,2,4376.70,3,4376.80,3,4376.90,5,4377.00,6,4377.10,3,4377.20,3,4377.30,9,Sell,33,41,74,-8.00,2.00,-11.00,1.50,86.7,4377.40,4377.60,4376.10,4376.10,47,102,149,-55.00,20.00,-55.00,4.00,77.5,-225,297,0.0000,0.3750,-38.00,99.00,4384.88,-1.0927,DOWN,97.45,1.5290,1.8037
20260901 220523 289,4376.10,1,4376.10,4376.40,0.30,4376.10,1,4376.00,5,4375.90,2,4375.80,6,4375.70,4,4375.60,4,4375.50,3,4375.40,6,4375.30,1,4375.20,4,4376.40,5,4376.50,3,4376.60,2,4376.70,3,4376.80,3,4376.90,5,4377.00,6,4377.10,3,4377.20,3,4377.30,9,Sell,33,42,75,-9.00,2.00,-11.00,1.50,86.7,4377.40,4377.60,4376.10,4376.10,47,102,149,-55.00,20.00,-55.00,4.00,77.5,-225,297,0.0000,0.2222,-39.00,98.00,4384.88,-1.0927,DOWN,97.45,1.5290,1.8037
20260901 220524 092,4376.10,1,4376.10,4376.30,0.20,4376.00,5,4375.90,2,4375.80,6,4375.70,4,4375.60,3,4375.50,3,4375.40,6,4375.30,2,4375.20,4,4375.10,1,4376.30,3,4376.40,4,4376.50,3,4376.60,3,4376.70,3,4376.80,6,4376.90,5,4377.00,4,4377.10,8,4377.20,7,Sell,33,43,76,-10.00,2.00,-11.00,1.50,86.7,4377.40,4377.60,4376.10,4376.10,47,102,149,-55.00,20.00,-55.00,4.00,77.5,-225,297,0.0000,0.1000,-40.00,97.00,4384.88,-1.0927,DOWN,97.45,1.5290,1.8037
20260901 220524 468,4376.00,4,4375.80,4376.00,0.20,4375.80,3,4375.70,1,4375.60,2,4375.50,2,4375.40,6,4375.30,2,4375.20,9,4375.10,7,4375.00,14,4374.90,8,4376.00,1,4376.10,4,4376.20,3,4376.30,3,4376.40,6,4376.50,3,4376.60,6,4376.70,5,4376.80,9,4376.90,9,Sell,33,47,80,-14.00,2.00,-14.00,1.60,87.5,4377.40,4377.60,4376.00,4376.00,47,102,149,-55.00,20.00,-55.00,4.00,77.5,-225,297,0.0000,0.0000,-44.00,93.00,4384.87,-1.0959,DOWN,97.45,1.5290,1.8109
20260901 220524 988,4375.80,2,4375.80,4375.90,0.10,4375.80,3,4375.70,1,4375.60,2,4375.50,2,4375.40,6,4375.30,2,4375.20,9,4375.10,7,4375.00,14,4374.90,8,4375.90,1,4376.00,1,4376.10,4,4376.20,3,4376.30,2,4376.40,6,4376.50,4,4376.60,6,4376.70,4,4376.80,9,Sell,33,49,82,-16.00,2.00,-16.00,1.80,88.9,4377.40,4377.60,4375.80,4375.80,47,102,149,-55.00,20.00,-55.00,4.00,77.5,-225,297,0.0000,0.0000,-46.00,91.00,4384.85,-1.1023,DOWN,97.45,1.5290,1.8252
20260901 220524 988,4375.80,1,4375.80,4375.90,0.10,4375.80,3,4375.70,1,4375.60,2,4375.50,2,4375.40,6,4375.30,2,4375.20,9,4375.10,7,4375.00,14,4374.90,8,4375.90,1,4376.00,1,4376.10,4,4376.20,3,4376.30,2,4376.40,6,4376.50,4,4376.60,6,4376.70,4,4376.80,9,Sell,33,50,83,-17.00,2.00,-17.00,1.80,88.9,4377.40,4377.60,4375.80,4375.80,47,102,149,-55.00,20.00,-55.00,4.00,77.5,-225,297,0.0000,0.0000,-47.00,90.00,4384.85,-1.1023,DOWN,97.45,1.5290,1.8252
20260901 220524 988,4375.70,1,4375.80,4375.90,0.10,4375.80,3,4375.70,1,4375.60,2,4375.50,2,4375.40,6,4375.30,2,4375.20,9,4375.10,7,4375.00,14,4374.90,8,4375.90,1,4376.00,1,4376.10,4,4376.20,3,4376.30,2,4376.40,6,4376.50,4,4376.60,6,4376.70,4,4376.80,9,Sell,33,51,84,-18.00,2.00,-18.00,1.90,89.5,4377.40,4377.60,4375.70,4375.70,47,102,149,-55.00,20.00,-55.00,4.00,77.5,-225,297,0.0000,0.0000,-48.00,89.00,4384.84,-1.1054,DOWN,97.45,1.5290,1.8323
20260901 220524 988,4375.60,1,4375.80,4375.90,0.10,4375.80,3,4375.70,1,4375.60,2,4375.50,2,4375.40,6,4375.30,2,4375.20,9,4375.10,7,4375.00,14,4374.90,8,4375.90,1,4376.00,1,4376.10,4,4376.20,3,4376.30,2,4376.40,6,4376.50,4,4376.60,6,4376.70,4,4376.80,9,Sell,33,52,85,-19.00,2.00,-19.00,2.00,90.0,4377.40,4377.60,4375.60,4375.60,47,102,149,-55.00,20.00,-55.00,4.00,77.5,-225,297,0.0000,0.0000,-49.00,88.00,4384.83,-1.1086,DOWN,97.45,1.5290,1.8395
20260901 220525 924,4375.50,1,4375.50,4375.80,0.30,4375.50,8,4375.40,3,4375.30,2,4375.20,3,4375.10,7,4375.00,15,4374.90,8,4374.80,8,4374.70,8,4374.60,8,4375.80,2,4375.90,2,4376.00,2,4376.10,5,4376.20,5,4376.30,5,4376.40,8,4376.50,3,4376.60,9,4376.70,9,Sell,33,53,86,-20.00,2.00,-20.00,2.10,90.5,4377.40,4377.60,4375.50,4375.50,47,102,149,-55.00,20.00,-55.00,4.00,77.5,-225,297,0.0000,0.0000,-50.00,87.00,4384.82,-1.1118,DOWN,97.45,1.5290,1.8466
20260901 220525 984,4375.50,1,4375.50,4375.80,0.30,4375.50,8,4375.40,3,4375.30,2,4375.20,3,4375.10,7,4375.00,15,4374.90,8,4374.80,8,4374.70,8,4374.60,8,4375.80,2,4375.90,2,4376.00,2,4376.10,5,4376.20,5,4376.30,5,4376.40,8,4376.50,3,4376.60,9,4376.70,9,Sell,33,54,87,-21.00,2.00,-21.00,2.10,90.5,4377.40,4377.60,4375.50,4375.50,47,102,149,-55.00,20.00,-55.00,4.00,77.5,-225,297,0.0000,0.0000,-51.00,86.00,4384.82,-1.1118,DOWN,97.45,1.5290,1.8466
20260901 220526 045,4375.50,1,4375.50,4375.80,0.30,4375.50,8,4375.40,3,4375.30,2,4375.20,3,4375.10,7,4375.00,15,4374.90,8,4374.80,8,4374.70,8,4374.60,8,4375.80,2,4375.90,2,4376.00,2,4376.10,5,4376.20,5,4376.30,5,4376.40,8,4376.50,3,4376.60,9,4376.70,9,Sell,33,55,88,-22.00,2.00,-22.00,2.10,90.5,4377.40,4377.60,4375.50,4375.50,47,102,149,-55.00,20.00,-55.00,4.00,77.5,-225,297,0.0000,0.0000,-52.00,85.00,4384.82,-1.1118,DOWN,97.45,1.5290,1.8466
20260901 220527 706,4375.80,1,4375.50,4375.80,0.30,4375.50,7,4375.40,3,4375.30,2,4375.20,3,4375.10,7,4375.00,15,4374.90,8,4374.80,8,4374.70,8,4374.60,8,4375.80,1,4375.90,2,4376.00,2,4376.10,5,4376.20,5,4376.30,5,4376.40,8,4376.50,3,4376.60,9,4376.70,9,Buy,34,55,89,-21.00,2.00,-22.00,2.10,76.2,4377.40,4377.60,4375.50,4375.80,47,102,149,-55.00,20.00,-55.00,4.00,77.5,-225,297,0.0000,0.0476,-51.00,86.00,4384.85,-1.1023,DOWN,97.45,1.5290,1.8466
20260901 220527 833,4375.70,1,4375.50,4375.70,0.20,4375.50,6,4375.40,2,4375.20,3,4375.10,2,4375.00,10,4374.90,9,4374.80,8,4374.70,8,4374.60,8,4374.50,7,4375.70,2,4375.80,2,4375.90,2,4376.00,2,4376.10,5,4376.20,5,4376.30,5,4376.40,8,4376.50,8,4376.60,9,Buy,35,55,90,-20.00,2.00,-22.00,2.10,81.0,4377.40,4377.60,4375.50,4375.70,47,102,149,-55.00,20.00,-55.00,4.00,77.5,-225,297,0.0000,0.1000,-50.00,87.00,4384.84,-1.1054,DOWN,97.45,1.5290,1.8466
20260901 220528 314,4375.50,1,4375.50,4375.70,0.20,4375.50,4,4375.40,2,4375.20,3,4375.10,2,4375.00,10,4374.90,9,4374.80,8,4374.70,8,4374.60,8,4374.50,7,4375.70,3,4375.80,1,4375.90,3,4376.00,2,4376.10,5,4376.20,5,4376.30,4,4376.40,8,4376.50,8,4376.60,9,Sell,35,56,91,-21.00,2.00,-22.00,2.10,90.5,4377.40,4377.60,4375.50,4375.50,47,102,149,-55.00,20.00,-55.00,4.00,77.5,-225,297,0.0000,0.0476,-51.00,86.00,4384.82,-1.1118,DOWN,97.45,1.5290,1.8466
20260901 220529 370,4375.50,1,4375.50,4375.70,0.20,4375.50,3,4375.40,2,4375.20,3,4375.10,2,4375.00,10,4374.90,9,4374.80,8,4374.70,8,4374.60,8,4374.50,7,4375.70,3,4375.80,1,4375.90,3,4376.00,2,4376.10,5,4376.20,5,4376.30,3,4376.40,8,4376.50,8,4376.60,9,Sell,35,57,92,-22.00,2.00,-22.00,2.10,90.5,4377.40,4377.60,4375.50,4375.50,47,102,149,-55.00,20.00,-55.00,4.00,77.5,-225,297,0.0000,0.0000,-52.00,85.00,4384.82,-1.1118,DOWN,97.45,1.5290,1.8466
20260901 220529 392,4375.70,1,4375.50,4375.70,0.20,4375.50,3,4375.40,2,4375.20,3,4375.10,2,4375.00,10,4374.90,9,4374.80,8,4374.70,8,4374.60,8,4374.50,7,4375.70,3,4375.80,1,4375.90,3,4376.00,2,4376.10,5,4376.20,5,4376.30,3,4376.40,8,4376.50,8,4376.60,9,Buy,36,57,93,-21.00,2.00,-22.00,2.10,81.0,4377.40,4377.60,4375.50,4375.70,47,102,149,-55.00,20.00,-55.00,4.00,77.5,-225,297,0.0000,0.0476,-51.00,86.00,4384.84,-1.1054,DOWN,97.45,1.5290,1.8466
20260901 220530 400,4375.50,2,4375.30,4375.50,0.20,4375.30,1,4375.20,3,4375.00,11,4374.90,4,4374.80,9,4374.70,9,4374.60,9,4374.50,7,4374.40,9,4374.30,7,4375.50,1,4375.60,2,4375.70,2,4375.80,1,4375.90,3,4376.00,4,4376.10,6,4376.20,5,4376.30,7,4376.40,11,Sell,36,59,95,-23.00,2.00,-23.00,2.10,90.5,4377.40,4377.60,4375.50,4375.50,47,102,149,-55.00,20.00,-55.00,4.00,77.5,-225,297,0.0000,0.0000,-53.00,84.00,4384.82,-1.1118,DOWN,97.45,1.5290,1.8466
20260901 220530 400,4375.50,1,4375.30,4375.50,0.20,4375.30,1,4375.20,3,4375.00,11,4374.90,4,4374.80,9,4374.70,9,4374.60,9,4374.50,7,4374.40,9,4374.30,7,4375.50,1,4375.60,2,4375.70,2,4375.80,1,4375.90,3,4376.00,4,4376.10,6,4376.20,5,4376.30,7,4376.40,11,Sell,36,60,96,-24.00,2.00,-24.00,2.10,90.5,4377.40,4377.60,4375.50,4375.50,47,102,149,-55.00,20.00,-55.00,4.00,77.5,-225,297,0.0000,0.0000,-54.00,83.00,4384.82,-1.1118,DOWN,97.45,1.5290,1.8466
20260901 220530 401,4375.40,1,4375.30,4375.50,0.20,4375.30,1,4375.20,3,4375.00,11,4374.90,4,4374.80,9,4374.70,9,4374.60,9,4374.50,7,4374.40,9,4374.30,7,4375.50,1,4375.60,2,4375.70,2,4375.80,1,4375.90,3,4376.00,4,4376.10,6,4376.20,5,4376.30,7,4376.40,11,Sell,36,61,97,-25.00,2.00,-25.00,2.20,90.9,4377.40,4377.60,4375.40,4375.40,47,102,149,-55.00,20.00,-55.00,4.00,77.5,-225,297,0.0000,0.0000,-55.00,82.00,4384.81,-1.1150,DOWN,97.45,1.5290,1.8537
20260901 220530 401,4375.40,1,4375.30,4375.50,0.20,4375.30,1,4375.20,3,4375.00,11,4374.90,4,4374.80,9,4374.70,9,4374.60,9,4374.50,7,4374.40,9,4374.30,7,4375.50,1,4375.60,2,4375.70,2,4375.80,1,4375.90,3,4376.00,4,4376.10,6,4376.20,5,4376.30,7,4376.40,11,Sell,36,62,98,-26.00,2.00,-26.00,2.20,90.9,4377.40,4377.60,4375.40,4375.40,47,102,149,-55.00,20.00,-55.00,4.00,77.5,-225,297,0.0000,0.0000,-56.00,81.00,4384.81,-1.1150,DOWN,97.45,1.5290,1.8537
20260901 220530 404,4375.50,1,4375.30,4375.50,0.20,4375.30,1,4375.20,3,4375.00,11,4374.90,4,4374.80,9,4374.70,9,4374.60,9,4374.50,7,4374.40,9,4374.30,7,4375.50,1,4375.60,2,4375.70,2,4375.80,1,4375.90,3,4376.00,4,4376.10,6,4376.20,5,4376.30,7,4376.40,11,Buy,37,62,99,-25.00,2.00,-26.00,2.20,86.4,4377.40,4377.60,4375.40,4375.50,47,102,149,-55.00,20.00,-55.00,4.00,77.5,-225,297,0.0000,0.0400,-55.00,82.00,4384.82,-1.1118,DOWN,97.45,1.5290,1.8537
20260901 220530 405,4375.60,1,4375.30,4375.50,0.20,4375.30,1,4375.20,3,4375.00,11,4374.90,4,4374.80,9,4374.70,9,4374.60,9,4374.50,7,4374.40,9,4374.30,7,4375.50,1,4375.60,2,4375.70,2,4375.80,1,4375.90,3,4376.00,4,4376.10,6,4376.20,5,4376.30,7,4376.40,11,Buy,38,62,100,-24.00,2.00,-26.00,2.20,81.8,4377.40,4377.60,4375.40,4375.60,47,102,149,-55.00,20.00,-55.00,4.00,77.5,-225,297,0.0000,0.0833,-54.00,83.00,4384.83,-1.1086,DOWN,97.45,1.5290,1.8537
20260901 220530 405,4375.60,1,4375.30,4375.50,0.20,4375.30,1,4375.20,3,4375.00,11,4374.90,4,4374.80,9,4374.70,9,4374.60,9,4374.50,7,4374.40,9,4374.30,7,4375.50,1,4375.60,2,4375.70,2,4375.80,1,4375.90,3,4376.00,4,4376.10,6,4376.20,5,4376.30,7,4376.40,11,Buy,39,62,101,-23.00,2.00,-26.00,2.20,81.8,4377.40,4377.60,4375.40,4375.60,47,102,149,-55.00,20.00,-55.00,4.00,77.5,-225,297,0.0000,0.1304,-53.00,84.00,4384.83,-1.1086,DOWN,97.45,1.5290,1.8537
20260901 220530 487,4375.50,1,4375.30,4375.50,0.20,4375.30,1,4375.20,3,4375.00,11,4374.90,4,4374.80,9,4374.70,9,4374.60,9,4374.50,7,4374.40,9,4374.30,7,4375.50,1,4375.60,2,4375.70,2,4375.80,1,4375.90,3,4376.00,4,4376.10,6,4376.20,5,4376.30,7,4376.40,11,Buy,40,62,102,-22.00,2.00,-26.00,2.20,86.4,4377.40,4377.60,4375.40,4375.50,47,102,149,-55.00,20.00,-55.00,4.00,77.5,-225,297,0.0000,0.1818,-52.00,85.00,4384.82,-1.1118,DOWN,97.45,1.5290,1.8537
20260901 220532 333,4375.20,1,4375.50,4375.90,0.40,4375.20,5,4375.10,5,4375.00,11,4374.90,4,4374.80,9,4374.70,9,4374.60,10,4374.50,7,4374.40,9,4374.30,7,4375.60,2,4375.70,2,4375.80,1,4375.90,3,4376.00,6,4376.10,6,4376.20,5,4376.30,7,4376.40,11,4376.50,8,Sell,40,63,103,-23.00,2.00,-26.00,2.40,91.7,4377.40,4377.60,4375.20,4375.20,47,102,149,-55.00,20.00,-55.00,4.00,77.5,-225,297,0.0000,0.1304,-53.00,84.00,4384.79,-1.1213,DOWN,97.45,1.5290,1.8680
20260901 220532 333,4375.20,1,4375.50,4375.90,0.40,4375.20,5,4375.10,5,4375.00,11,4374.90,4,4374.80,9,4374.70,9,4374.60,10,4374.50,7,4374.40,9,4374.30,7,4375.60,2,4375.70,2,4375.80,1,4375.90,3,4376.00,6,4376.10,6,4376.20,5,4376.30,7,4376.40,11,4376.50,8,Sell,40,64,104,-24.00,2.00,-26.00,2.40,91.7,4377.40,4377.60,4375.20,4375.20,47,102,149,-55.00,20.00,-55.00,4.00,77.5,-225,297,0.0000,0.0833,-54.00,83.00,4384.79,-1.1213,DOWN,97.45,1.5290,1.8680
20260901 220532 334,4375.50,1,4375.50,4375.90,0.40,4375.20,5,4375.10,5,4375.00,11,4374.90,4,4374.80,9,4374.70,9,4374.60,10,4374.50,7,4374.40,9,4374.30,7,4375.60,2,4375.70,2,4375.80,1,4375.90,3,4376.00,6,4376.10,6,4376.20,5,4376.30,7,4376.40,11,4376.50,8,Buy,41,64,105,-23.00,2.00,-26.00,2.40,79.2,4377.40,4377.60,4375.20,4375.50,47,102,149,-55.00,20.00,-55.00,4.00,77.5,-225,297,0.0000,0.1304,-53.00,84.00,4384.82,-1.1118,DOWN,97.45,1.5290,1.8680
20260901 220532 334,4375.50,1,4375.50,4375.90,0.40,4375.20,5,4375.10,5,4375.00,11,4374.90,4,4374.80,9,4374.70,9,4374.60,10,4374.50,7,4374.40,9,4374.30,7,4375.60,2,4375.70,2,4375.80,1,4375.90,3,4376.00,6,4376.10,6,4376.20,5,4376.30,7,4376.40,11,4376.50,8,Buy,42,64,106,-22.00,2.00,-26.00,2.40,79.2,4377.40,4377.60,4375.20,4375.50,47,102,149,-55.00,20.00,-55.00,4.00,77.5,-225,297,0.0000,0.1818,-52.00,85.00,4384.82,-1.1118,DOWN,97.45,1.5290,1.8680
20260901 220532 346,4375.60,1,4375.50,4375.90,0.40,4375.20,5,4375.10,5,4375.00,11,4374.90,4,4374.80,9,4374.70,9,4374.60,10,4374.50,7,4374.40,9,4374.30,7,4375.60,2,4375.70,2,4375.80,1,4375.90,3,4376.00,6,4376.10,6,4376.20,5,4376.30,7,4376.40,11,4376.50,8,Buy,43,64,107,-21.00,2.00,-26.00,2.40,75.0,4377.40,4377.60,4375.20,4375.60,47,102,149,-55.00,20.00,-55.00,4.00,77.5,-225,297,0.0000,0.2381,-51.00,86.00,4384.83,-1.1086,DOWN,97.45,1.5290,1.8680
20260901 220532 355,4375.50,1,4375.50,4375.90,0.40,4375.20,5,4375.10,5,4375.00,11,4374.90,4,4374.80,9,4374.70,9,4374.60,10,4374.50,7,4374.40,9,4374.30,7,4375.60,2,4375.70,2,4375.80,1,4375.90,3,4376.00,6,4376.10,6,4376.20,5,4376.30,7,4376.40,11,4376.50,8,Sell,43,65,108,-22.00,2.00,-26.00,2.40,79.2,4377.40,4377.60,4375.20,4375.50,47,102,149,-55.00,20.00,-55.00,4.00,77.5,-225,297,0.0000,0.1818,-52.00,85.00,4384.82,-1.1118,DOWN,97.45,1.5290,1.8680
20260901 220532 355,4375.50,1,4375.50,4375.90,0.40,4375.20,5,4375.10,5,4375.00,11,4374.90,4,4374.80,9,4374.70,9,4374.60,10,4374.50,7,4374.40,9,4374.30,7,4375.60,2,4375.70,2,4375.80,1,4375.90,3,4376.00,6,4376.10,6,4376.20,5,4376.30,7,4376.40,11,4376.50,8,Sell,43,66,109,-23.00,2.00,-26.00,2.40,79.2,4377.40,4377.60,4375.20,4375.50,47,102,149,-55.00,20.00,-55.00,4.00,77.5,-225,297,0.0000,0.1304,-53.00,84.00,4384.82,-1.1118,DOWN,97.45,1.5290,1.8680
20260901 220532 429,4375.60,1,4375.50,4375.60,0.10,4375.50,1,4375.40,3,4375.30,3,4375.20,3,4375.10,5,4375.00,11,4374.90,4,4374.80,9,4374.70,9,4374.60,10,4375.90,2,4376.00,3,4376.10,4,4376.20,5,4376.30,7,4376.40,13,4376.50,8,4376.60,9,4376.70,9,4376.80,9,Buy,44,66,110,-22.00,2.00,-26.00,2.40,75.0,4377.40,4377.60,4375.20,4375.60,47,102,149,-55.00,20.00,-55.00,4.00,77.5,-225,297,0.0000,0.1818,-52.00,85.00,4384.83,-1.1086,DOWN,97.45,1.5290,1.8680
20260901 220533 742,4375.30,1,4375.20,4375.60,0.40,4375.20,2,4375.10,5,4375.00,11,4374.90,4,4374.80,9,4374.70,9,4374.60,10,4374.50,7,4374.40,9,4374.30,7,4375.60,2,4375.70,2,4375.80,3,4375.90,4,4376.00,3,4376.10,5,4376.20,7,4376.30,7,4376.40,11,4376.50,8,Sell,44,67,111,-23.00,2.00,-26.00,2.40,87.5,4377.40,4377.60,4375.20,4375.30,47,102,149,-55.00,20.00,-55.00,4.00,77.5,-225,297,0.0000,0.1304,-53.00,84.00,4384.80,-1.1181,DOWN,97.45,1.5290,1.8680
20260901 220535 049,4375.60,1,4375.20,4375.60,0.40,4375.30,2,4375.20,4,4375.10,5,4375.00,11,4374.90,4,4374.80,9,4374.70,9,4374.60,10,4374.50,7,4374.40,9,4375.70,2,4375.80,6,4375.90,4,4376.00,3,4376.10,5,4376.20,7,4376.30,7,4376.40,8,4376.50,8,4376.60,9,Buy,45,67,112,-22.00,2.00,-26.00,2.40,75.0,4377.40,4377.60,4375.20,4375.60,47,102,149,-55.00,20.00,-55.00,4.00,77.5,-225,297,0.0000,0.1818,-52.00,85.00,4384.83,-1.1086,DOWN,97.45,1.5290,1.8680
20260901 220535 049,4375.60,1,4375.20,4375.60,0.40,4375.30,2,4375.20,4,4375.10,5,4375.00,11,4374.90,4,4374.80,9,4374.70,9,4374.60,10,4374.50,7,4374.40,9,4375.70,2,4375.80,6,4375.90,4,4376.00,3,4376.10,5,4376.20,7,4376.30,7,4376.40,8,4376.50,8,4376.60,9,Buy,46,67,113,-21.00,2.00,-26.00,2.40,75.0,4377.40,4377.60,4375.20,4375.60,47,102,149,-55.00,20.00,-55.00,4.00,77.5,-225,297,0.0000,0.2381,-51.00,86.00,4384.83,-1.1086,DOWN,97.45,1.5290,1.8680
20260901 220535 321,4375.30,1,4375.30,4375.70,0.40,4375.30,1,4375.20,4,4375.10,5,4375.00,11,4374.90,4,4374.80,9,4374.70,9,4374.60,10,4374.50,7,4374.40,9,4375.70,2,4375.80,6,4375.90,4,4376.00,3,4376.10,5,4376.20,7,4376.30,7,4376.40,8,4376.50,8,4376.60,9,Sell,46,68,114,-22.00,2.00,-26.00,2.40,87.5,4377.40,4377.60,4375.20,4375.30,47,102,149,-55.00,20.00,-55.00,4.00,77.5,-225,297,0.0000,0.1818,-52.00,85.00,4384.80,-1.1181,DOWN,97.45,1.5290,1.8680
20260901 220537 759,4375.20,1,4375.20,4375.60,0.40,4375.20,1,4375.10,5,4375.00,11,4374.90,4,4374.80,9,4374.70,9,4374.60,10,4374.50,7,4374.40,9,4374.30,7,4375.50,1,4375.60,3,4375.70,2,4375.80,7,4375.90,4,4376.00,5,4376.10,6,4376.20,10,4376.30,7,4376.40,8,Sell,46,69,115,-23.00,2.00,-26.00,2.40,91.7,4377.40,4377.60,4375.20,4375.20,47,102,149,-55.00,20.00,-55.00,4.00,77.5,-225,297,0.0000,0.1304,-53.00,84.00,4384.79,-1.1213,DOWN,97.45,1.5290,1.8680
20260901 220538 226,4375.30,1,4375.30,4375.40,0.10,4375.10,2,4375.00,10,4374.90,4,4374.80,9,4374.70,9,4374.60,11,4374.50,7,4374.40,9,4374.30,7,4374.20,8,4375.40,1,4375.50,2,4375.60,2,4375.70,2,4375.80,7,4375.90,5,4376.00,5,4376.10,5,4376.20,10,4376.30,6,Sell,46,70,116,-24.00,2.00,-26.00,2.40,87.5,4377.40,4377.60,4375.20,4375.30,47,102,149,-55.00,20.00,-55.00,4.00,77.5,-225,297,0.0000,0.0833,-54.00,83.00,4384.80,-1.1181,DOWN,97.45,1.5290,1.8680
20260901 220538 661,4375.10,1,4375.10,4375.40,0.30,4375.10,1,4375.00,10,4374.90,4,4374.80,9,4374.70,9,4374.60,11,4374.50,7,4374.40,9,4374.30,7,4374.20,8,4375.40,1,4375.50,2,4375.60,2,4375.70,2,4375.80,8,4375.90,5,4376.00,5,4376.10,5,4376.20,10,4376.30,6,Sell,46,71,117,-25.00,2.00,-26.00,2.50,92.0,4377.40,4377.60,4375.10,4375.10,47,102,149,-55.00,20.00,-55.00,4.00,77.5,-225,297,0.0000,0.0400,-55.00,82.00,4384.79,-1.1245,DOWN,97.45,1.5290,1.8752
20260901 220539 122,4375.10,1,4375.10,4375.40,0.30,4375.10,1,4375.00,10,4374.90,4,4374.80,9,4374.70,9,4374.60,11,4374.50,7,4374.40,9,4374.30,7,4374.20,8,4375.40,1,4375.50,2,4375.60,2,4375.70,2,4375.80,8,4375.90,5,4376.00,5,4376.10,5,4376.20,10,4376.30,6,Sell,46,72,118,-26.00,2.00,-26.00,2.50,92.0,4377.40,4377.60,4375.10,4375.10,47,102,149,-55.00,20.00,-55.00,4.00,77.5,-225,297,0.0000,0.0000,-56.00,81.00,4384.79,-1.1245,DOWN,97.45,1.5290,1.8752
20260901 220539 631,4375.40,1,4375.10,4375.40,0.30,4375.20,1,4375.10,3,4375.00,10,4374.90,4,4374.80,9,4374.70,9,4374.60,11,4374.50,7,4374.40,9,4374.30,7,4375.50,1,4375.60,3,4375.70,2,4375.80,7,4375.90,5,4376.00,5,4376.10,5,4376.20,10,4376.30,6,4376.40,8,Buy,47,72,119,-25.00,2.00,-26.00,2.50,80.0,4377.40,4377.60,4375.10,4375.40,47,102,149,-55.00,20.00,-55.00,4.00,77.5,-225,297,0.0000,0.0400,-55.00,82.00,4384.81,-1.1150,DOWN,97.45,1.5290,1.8752
20260901 220539 631,4375.50,1,4375.10,4375.40,0.30,4375.20,1,4375.10,3,4375.00,10,4374.90,4,4374.80,9,4374.70,9,4374.60,11,4374.50,7,4374.40,9,4374.30,7,4375.50,1,4375.60,3,4375.70,2,4375.80,7,4375.90,5,4376.00,5,4376.10,5,4376.20,10,4376.30,6,4376.40,8,Buy,48,72,120,-24.00,2.00,-26.00,2.50,76.0,4377.40,4377.60,4375.10,4375.50,47,102,149,-55.00,20.00,-55.00,4.00,77.5,-225,297,0.0000,0.0833,-54.00,83.00,4384.82,-1.1118,DOWN,97.45,1.5290,1.8752
20260901 220539 631,4375.50,1,4375.10,4375.40,0.30,4375.20,1,4375.10,3,4375.00,10,4374.90,4,4374.80,9,4374.70,9,4374.60,11,4374.50,7,4374.40,9,4374.30,7,4375.50,1,4375.60,3,4375.70,2,4375.80,7,4375.90,5,4376.00,5,4376.10,5,4376.20,10,4376.30,6,4376.40,8,Buy,49,72,121,-23.00,2.00,-26.00,2.50,76.0,4377.40,4377.60,4375.10,4375.50,47,102,149,-55.00,20.00,-55.00,4.00,77.5,-225,297,0.0000,0.1304,-53.00,84.00,4384.82,-1.1118,DOWN,97.45,1.5290,1.8752
20260901 220539 631,4375.60,1,4375.10,4375.40,0.30,4375.20,1,4375.10,3,4375.00,10,4374.90,4,4374.80,9,4374.70,9,4374.60,11,4374.50,7,4374.40,9,4374.30,7,4375.50,1,4375.60,3,4375.70,2,4375.80,7,4375.90,5,4376.00,5,4376.10,5,4376.20,10,4376.30,6,4376.40,8,Buy,50,72,122,-22.00,2.00,-26.00,2.50,72.0,4377.40,4377.60,4375.10,4375.60,47,102,149,-55.00,20.00,-55.00,4.00,77.5,-225,297,0.0000,0.1818,-52.00,85.00,4384.83,-1.1086,DOWN,97.45,1.5290,1.8752
20260901 220541 162,4375.10,1,4375.10,4375.40,0.30,4375.10,1,4375.00,10,4374.90,4,4374.80,9,4374.70,9,4374.60,11,4374.50,7,4374.40,9,4374.30,7,4374.20,8,4375.40,1,4375.50,3,4375.60,2,4375.70,2,4375.80,6,4375.90,5,4376.00,5,4376.10,5,4376.20,10,4376.30,6,Sell,50,73,123,-23.00,2.00,-26.00,2.50,92.0,4377.40,4377.60,4375.10,4375.10,47,102,149,-55.00,20.00,-55.00,4.00,77.5,-225,297,0.0000,0.1304,-53.00,84.00,4384.79,-1.1245,DOWN,97.45,1.5290,1.8752
20260901 220541 162,4375.10,1,4375.10,4375.40,0.30,4375.10,1,4375.00,10,4374.90,4,4374.80,9,4374.70,9,4374.60,11,4374.50,7,4374.40,9,4374.30,7,4374.20,8,4375.40,1,4375.50,3,4375.60,2,4375.70,2,4375.80,6,4375.90,5,4376.00,5,4376.10,5,4376.20,10,4376.30,6,Sell,50,74,124,-24.00,2.00,-26.00,2.50,92.0,4377.40,4377.60,4375.10,4375.10,47,102,149,-55.00,20.00,-55.00,4.00,77.5,-225,297,0.0000,0.0833,-54.00,83.00,4384.79,-1.1245,DOWN,97.45,1.5290,1.8752
20260901 220541 818,4375.50,1,4375.20,4375.70,0.50,4375.20,5,4375.10,3,4375.00,11,4374.90,4,4374.80,9,4374.70,9,4374.60,11,4374.50,7,4374.40,9,4374.30,7,4375.70,2,4375.80,4,4375.90,2,4376.00,3,4376.10,5,4376.20,12,4376.30,7,4376.40,8,4376.50,8,4376.60,9,Buy,51,74,125,-23.00,2.00,-26.00,2.50,76.0,4377.40,4377.60,4375.10,4375.50,47,102,149,-55.00,20.00,-55.00,4.00,77.5,-225,297,0.0000,0.1304,-53.00,84.00,4384.82,-1.1118,DOWN,97.45,1.5290,1.8752
20260901 220541 818,4375.60,1,4375.20,4375.70,0.50,4375.20,5,4375.10,3,4375.00,11,4374.90,4,4374.80,9,4374.70,9,4374.60,11,4374.50,7,4374.40,9,4374.30,7,4375.70,2,4375.80,4,4375.90,2,4376.00,3,4376.10,5,4376.20,12,4376.30,7,4376.40,8,4376.50,8,4376.60,9,Buy,52,74,126,-22.00,2.00,-26.00,2.50,72.0,4377.40,4377.60,4375.10,4375.60,47,102,149,-55.00,20.00,-55.00,4.00,77.5,-225,297,0.0000,0.1818,-52.00,85.00,4384.83,-1.1086,DOWN,97.45,1.5290,1.8752
20260901 220541 818,4375.70,1,4375.20,4375.70,0.50,4375.20,5,4375.10,3,4375.00,11,4374.90,4,4374.80,9,4374.70,9,4374.60,11,4374.50,7,4374.40,9,4374.30,7,4375.70,2,4375.80,4,4375.90,2,4376.00,3,4376.10,5,4376.20,12,4376.30,7,4376.40,8,4376.50,8,4376.60,9,Buy,53,74,127,-21.00,2.00,-26.00,2.50,68.0,4377.40,4377.60,4375.10,4375.70,47,102,149,-55.00,20.00,-55.00,4.00,77.5,-225,297,0.0000,0.2381,-51.00,86.00,4384.84,-1.1054,DOWN,97.45,1.5290,1.8752
20260901 220541 818,4375.70,1,4375.20,4375.70,0.50,4375.20,5,4375.10,3,4375.00,11,4374.90,4,4374.80,9,4374.70,9,4374.60,11,4374.50,7,4374.40,9,4374.30,7,4375.70,2,4375.80,4,4375.90,2,4376.00,3,4376.10,5,4376.20,12,4376.30,7,4376.40,8,4376.50,8,4376.60,9,Buy,54,74,128,-20.00,2.00,-26.00,2.50,68.0,4377.40,4377.60,4375.10,4375.70,47,102,149,-55.00,20.00,-55.00,4.00,77.5,-225,297,0.0000,0.3000,-50.00,87.00,4384.84,-1.1054,DOWN,97.45,1.5290,1.8752
20260901 220541 818,4375.80,1,4375.20,4375.70,0.50,4375.20,5,4375.10,3,4375.00,11,4374.90,4,4374.80,9,4374.70,9,4374.60,11,4374.50,7,4374.40,9,4374.30,7,4375.70,2,4375.80,4,4375.90,2,4376.00,3,4376.10,5,4376.20,12,4376.30,7,4376.40,8,4376.50,8,4376.60,9,Buy,55,74,129,-19.00,2.00,-26.00,2.50,64.0,4377.40,4377.60,4375.10,4375.80,47,102,149,-55.00,20.00,-55.00,4.00,77.5,-225,297,0.0000,0.3684,-49.00,88.00,4384.85,-1.1023,DOWN,97.45,1.5290,1.8752
20260901 220541 818,4375.80,1,4375.20,4375.70,0.50,4375.20,5,4375.10,3,4375.00,11,4374.90,4,4374.80,9,4374.70,9,4374.60,11,4374.50,7,4374.40,9,4374.30,7,4375.70,2,4375.80,4,4375.90,2,4376.00,3,4376.10,5,4376.20,12,4376.30,7,4376.40,8,4376.50,8,4376.60,9,Buy,56,74,130,-18.00,2.00,-26.00,2.50,64.0,4377.40,4377.60,4375.10,4375.80,47,102,149,-55.00,20.00,-55.00,4.00,77.5,-225,297,0.0000,0.4444,-48.00,89.00,4384.85,-1.1023,DOWN,97.45,1.5290,1.8752
20260901 220541 818,4375.80,3,4375.20,4375.70,0.50,4375.20,5,4375.10,3,4375.00,11,4374.90,4,4374.80,9,4374.70,9,4374.60,11,4374.50,7,4374.40,9,4374.30,7,4375.70,2,4375.80,4,4375.90,2,4376.00,3,4376.10,5,4376.20,12,4376.30,7,4376.40,8,4376.50,8,4376.60,9,Buy,59,74,133,-15.00,2.00,-26.00,2.50,64.0,4377.40,4377.60,4375.10,4375.80,47,102,149,-55.00,20.00,-55.00,4.00,77.5,-225,297,0.0000,0.7333,-45.00,92.00,4384.85,-1.1023,DOWN,97.45,1.5290,1.8752
20260901 220541 818,4375.80,1,4375.20,4375.70,0.50,4375.20,5,4375.10,3,4375.00,11,4374.90,4,4374.80,9,4374.70,9,4374.60,11,4374.50,7,4374.40,9,4374.30,7,4375.70,2,4375.80,4,4375.90,2,4376.00,3,4376.10,5,4376.20,12,4376.30,7,4376.40,8,4376.50,8,4376.60,9,Buy,60,74,134,-14.00,2.00,-26.00,2.50,64.0,4377.40,4377.60,4375.10,4375.80,47,102,149,-55.00,20.00,-55.00,4.00,77.5,-225,297,0.0000,0.8571,-44.00,93.00,4384.85,-1.1023,DOWN,97.45,1.5290,1.8752
20260901 220541 818,4375.90,1,4375.20,4375.70,0.50,4375.20,5,4375.10,3,4375.00,11,4374.90,4,4374.80,9,4374.70,9,4374.60,11,4374.50,7,4374.40,9,4374.30,7,4375.70,2,4375.80,4,4375.90,2,4376.00,3,4376.10,5,4376.20,12,4376.30,7,4376.40,8,4376.50,8,4376.60,9,Buy,61,74,135,-13.00,2.00,-26.00,2.50,60.0,4377.40,4377.60,4375.10,4375.90,47,102,149,-55.00,20.00,-55.00,4.00,77.5,-225,297,0.0000,1.0000,-43.00,94.00,4384.86,-1.0991,DOWN,97.45,1.5290,1.8752
20260901 220541 818,4375.90,1,4375.20,4375.70,0.50,4375.20,5,4375.10,3,4375.00,11,4374.90,4,4374.80,9,4374.70,9,4374.60,11,4374.50,7,4374.40,9,4374.30,7,4375.70,2,4375.80,4,4375.90,2,4376.00,3,4376.10,5,4376.20,12,4376.30,7,4376.40,8,4376.50,8,4376.60,9,Buy,62,74,136,-12.00,2.00,-26.00,2.50,60.0,4377.40,4377.60,4375.10,4375.90,47,102,149,-55.00,20.00,-55.00,4.00,77.5,-225,297,0.0000,1.1667,-42.00,95.00,4384.86,-1.0991,DOWN,97.45,1.5290,1.8752
20260901 220542 246,4375.60,1,4375.60,4375.90,0.30,4375.60,3,4375.50,2,4375.40,3,4375.30,2,4375.20,4,4375.10,4,4375.00,11,4374.90,4,4374.80,9,4374.70,9,4375.90,2,4376.00,3,4376.10,4,4376.20,5,4376.30,7,4376.40,10,4376.50,8,4376.60,9,4376.70,9,4376.80,9,Buy,63,74,137,-11.00,2.00,-26.00,2.50,72.0,4377.40,4377.60,4375.10,4375.60,47,102,149,-55.00,20.00,-55.00,4.00,77.5,-225,297,0.0000,1.3636,-41.00,96.00,4384.83,-1.1086,DOWN,97.45,1.5290,1.8752
20260901 220542 389,4375.90,1,4375.60,4375.90,0.30,4375.60,3,4375.50,2,4375.40,3,4375.30,2,4375.20,4,4375.10,4,4375.00,11,4374.90,4,4374.80,9,4374.70,9,4375.90,1,4376.00,3,4376.10,4,4376.20,5,4376.30,6,4376.40,10,4376.50,8,4376.60,9,4376.70,9,4376.80,9,Buy,64,74,138,-10.00,2.00,-26.00,2.50,60.0,4377.40,4377.60,4375.10,4375.90,47,102,149,-55.00,20.00,-55.00,4.00,77.5,-225,297,0.0000,1.6000,-40.00,97.00,4384.86,-1.0991,DOWN,97.45,1.5290,1.8752
20260901 220543 326,4375.60,1,4375.40,4375.80,0.40,4375.40,2,4375.20,2,4375.10,4,4375.00,11,4374.90,4,4374.80,9,4374.70,9,4374.60,11,4374.50,7,4374.40,9,4375.80,2,4375.90,2,4376.00,3,4376.10,4,4376.20,5,4376.30,6,4376.40,10,4376.50,8,4376.60,9,4376.70,9,Sell,64,75,139,-11.00,2.00,-26.00,2.50,72.0,4377.40,4377.60,4375.10,4375.60,47,102,149,-55.00,20.00,-55.00,4.00,77.5,-225,297,0.0000,1.3636,-41.00,96.00,4384.83,-1.1086,DOWN,97.45,1.5290,1.8752
20260901 220543 326,4375.60,1,4375.40,4375.80,0.40,4375.40,2,4375.20,2,4375.10,4,4375.00,11,4374.90,4,4374.80,9,4374.70,9,4374.60,11,4374.50,7,4374.40,9,4375.80,2,4375.90,2,4376.00,3,4376.10,4,4376.20,5,4376.30,6,4376.40,10,4376.50,8,4376.60,9,4376.70,9,Sell,64,76,140,-12.00,2.00,-26.00,2.50,72.0,4377.40,4377.60,4375.10,4375.60,47,102,149,-55.00,20.00,-55.00,4.00,77.5,-225,297,0.0000,1.1667,-42.00,95.00,4384.83,-1.1086,DOWN,97.45,1.5290,1.8752
20260901 220543 326,4375.60,1,4375.40,4375.80,0.40,4375.40,2,4375.20,2,4375.10,4,4375.00,11,4374.90,4,4374.80,9,4374.70,9,4374.60,11,4374.50,7,4374.40,9,4375.80,2,4375.90,2,4376.00,3,4376.10,4,4376.20,5,4376.30,6,4376.40,10,4376.50,8,4376.60,9,4376.70,9,Sell,64,77,141,-13.00,2.00,-26.00,2.50,72.0,4377.40,4377.60,4375.10,4375.60,47,102,149,-55.00,20.00,-55.00,4.00,77.5,-225,297,0.0000,1.0000,-43.00,94.00,4384.83,-1.1086,DOWN,97.45,1.5290,1.8752
20260901 220544 084,4375.70,1,4375.30,4375.70,0.40,4375.30,1,4375.20,2,4375.10,4,4375.00,12,4374.90,4,4374.80,9,4374.70,9,4374.60,11,4374.50,7,4374.40,9,4375.70,2,4375.80,4,4375.90,3,4376.00,4,4376.10,5,4376.20,7,4376.30,6,4376.40,8,4376.50,8,4376.60,9,Buy,65,77,142,-12.00,2.00,-26.00,2.50,68.0,4377.40,4377.60,4375.10,4375.70,47,102,149,-55.00,20.00,-55.00,4.00,77.5,-225,297,0.0000,1.1667,-42.00,95.00,4384.84,-1.1054,DOWN,97.45,1.5290,1.8752
20260901 220545 588,4375.40,1,4375.40,4375.60,0.20,4375.40,1,4375.30,6,4375.20,3,4375.10,4,4375.00,12,4374.90,4,4374.80,9,4374.70,9,4374.60,11,4374.50,7,4375.60,2,4375.70,3,4375.80,4,4375.90,3,4376.00,4,4376.10,6,4376.20,7,4376.30,6,4376.40,7,4376.50,7,Sell,65,78,143,-13.00,2.00,-26.00,2.50,80.0,4377.40,4377.60,4375.10,4375.40,47,102,149,-55.00,20.00,-55.00,4.00,77.5,-225,297,0.0000,1.0000,-43.00,94.00,4384.81,-1.1150,DOWN,97.45,1.5290,1.8752
20260901 220545 588,4375.30,1,4375.40,4375.60,0.20,4375.40,1,4375.30,6,4375.20,3,4375.10,4,4375.00,12,4374.90,4,4374.80,9,4374.70,9,4374.60,11,4374.50,7,4375.60,2,4375.70,3,4375.80,4,4375.90,3,4376.00,4,4376.10,6,4376.20,7,4376.30,6,4376.40,7,4376.50,7,Sell,65,79,144,-14.00,2.00,-26.00,2.50,84.0,4377.40,4377.60,4375.10,4375.30,47,102,149,-55.00,20.00,-55.00,4.00,77.5,-225,297,0.0000,0.8571,-44.00,93.00,4384.80,-1.1181,DOWN,97.45,1.5290,1.8752
20260901 220546 189,4375.60,1,4375.40,4375.70,0.30,4375.40,1,4375.30,6,4375.20,3,4375.10,4,4375.00,12,4374.90,4,4374.80,9,4374.70,9,4374.60,11,4374.50,7,4375.70,4,4375.80,4,4375.90,3,4376.00,4,4376.10,5,4376.20,7,4376.30,6,4376.40,7,4376.50,7,4376.60,9,Buy,66,79,145,-13.00,2.00,-26.00,2.50,72.0,4377.40,4377.60,4375.10,4375.60,47,102,149,-55.00,20.00,-55.00,4.00,77.5,-225,297,0.0000,1.0000,-43.00,94.00,4384.83,-1.1086,DOWN,97.45,1.5290,1.8752
20260901 220546 189,4375.60,1,4375.40,4375.70,0.30,4375.40,1,4375.30,6,4375.20,3,4375.10,4,4375.00,12,4374.90,4,4374.80,9,4374.70,9,4374.60,11,4374.50,7,4375.70,4,4375.80,4,4375.90,3,4376.00,4,4376.10,5,4376.20,7,4376.30,6,4376.40,7,4376.50,7,4376.60,9,Buy,67,79,146,-12.00,2.00,-26.00,2.50,72.0,4377.40,4377.60,4375.10,4375.60,47,102,149,-55.00,20.00,-55.00,4.00,77.5,-225,297,0.0000,1.1667,-42.00,95.00,4384.83,-1.1086,DOWN,97.45,1.5290,1.8752
20260901 220549 257,4375.60,1,4375.30,4375.60,0.30,4375.30,6,4375.20,1,4375.10,4,4375.00,12,4374.90,4,4374.80,9,4374.70,9,4374.60,11,4374.50,7,4374.40,9,4375.60,6,4375.70,4,4375.80,5,4375.90,3,4376.00,4,4376.10,6,4376.20,7,4376.30,6,4376.40,7,4376.50,7,Buy,68,79,147,-11.00,2.00,-26.00,2.50,72.0,4377.40,4377.60,4375.10,4375.60,47,102,149,-55.00,20.00,-55.00,4.00,77.5,-225,297,0.0000,1.3636,-41.00,96.00,4384.83,-1.1086,DOWN,97.45,1.5290,1.8752
20260901 220550 688,4375.60,1,4375.30,4375.60,0.30,4375.30,6,4375.10,4,4375.00,12,4374.90,4,4374.80,9,4374.70,10,4374.60,10,4374.50,7,4374.40,9,4374.30,7,4375.60,4,4375.70,4,4375.80,5,4375.90,3,4376.00,4,4376.10,6,4376.20,7,4376.30,6,4376.40,7,4376.50,7,Buy,69,79,148,-10.00,2.00,-26.00,2.50,72.0,4377.40,4377.60,4375.10,4375.60,47,102,149,-55.00,20.00,-55.00,4.00,77.5,-225,297,0.0000,1.6000,-40.00,97.00,4384.83,-1.1086,DOWN,97.45,1.5290,1.8752
20260901 220552 319,4375.50,1,4375.30,4375.60,0.30,4375.30,6,4375.10,4,4375.00,12,4374.90,4,4374.80,9,4374.70,10,4374.60,10,4374.50,7,4374.40,9,4374.30,7,4375.60,5,4375.70,3,4375.80,6,4375.90,3,4376.00,6,4376.10,6,4376.20,10,4376.30,6,4376.40,7,4376.50,7,Buy,70,79,149,-9.00,2.00,-26.00,2.50,76.0,4377.40,4377.60,4375.10,4375.50,47,102,149,-55.00,20.00,-55.00,4.00,77.5,-225,297,0.0000,1.8889,-39.00,98.00,4384.82,-1.1118,DOWN,97.45,1.5290,1.8752
20260901 220553 065,4375.60,1,4375.30,4375.60,0.30,4375.30,6,4375.10,4,4375.00,12,4374.90,4,4374.80,9,4374.70,10,4374.60,10,4374.50,7,4374.40,9,4374.30,7,4375.60,4,4375.70,3,4375.80,6,4375.90,3,4376.00,6,4376.10,6,4376.20,10,4376.30,6,4376.40,7,4376.50,7,Buy,71,79,150,-8.00,2.00,-26.00,2.50,72.0,4377.40,4377.60,4375.10,4375.60,47,102,149,-55.00,20.00,-55.00,4.00,77.5,-225,297,0.0000,2.2500,-38.00,99.00,4384.83,-1.1086,DOWN,97.45,1.5290,1.8752
20260901 220553 531,4375.50,1,4375.50,4375.60,0.10,4375.30,6,4375.10,4,4375.00,12,4374.90,4,4374.80,9,4374.70,10,4374.60,10,4374.50,7,4374.40,9,4374.30,7,4375.60,4,4375.70,3,4375.80,6,4375.90,3,4376.00,4,4376.10,6,4376.20,10,4376.30,6,4376.40,7,4376.50,7,Buy,72,79,151,-7.00,2.00,-26.00,2.50,76.0,4377.40,4377.60,4375.10,4375.50,47,102,149,-55.00,20.00,-55.00,4.00,77.5,-225,297,0.0000,2.7143,-37.00,100.00,4384.82,-1.1118,DOWN,97.45,1.5290,1.8752
20260901 220553 532,4375.50,5,4375.50,4375.60,0.10,4375.30,6,4375.10,4,4375.00,12,4374.90,4,4374.80,9,4374.70,10,4374.60,10,4374.50,7,4374.40,9,4374.30,7,4375.60,4,4375.70,3,4375.80,6,4375.90,3,4376.00,4,4376.10,6,4376.20,10,4376.30,6,4376.40,7,4376.50,7,Sell,72,84,156,-12.00,2.00,-26.00,2.50,76.0,4377.40,4377.60,4375.10,4375.50,47,102,149,-55.00,20.00,-55.00,4.00,77.5,-225,297,0.0000,1.1667,-42.00,95.00,4384.82,-1.1118,DOWN,97.45,1.5290,1.8752
20260901 220554 152,4375.30,1,4375.30,4375.60,0.30,4375.30,6,4375.10,4,4375.00,12,4374.90,4,4374.80,9,4374.70,10,4374.60,10,4374.50,7,4374.40,9,4374.30,7,4375.60,4,4375.70,3,4375.80,6,4375.90,3,4376.00,6,4376.10,6,4376.20,10,4376.30,6,4376.40,7,4376.50,7,Sell,72,85,157,-13.00,2.00,-26.00,2.50,84.0,4377.40,4377.60,4375.10,4375.30,47,102,149,-55.00,20.00,-55.00,4.00,77.5,-225,297,0.0000,1.0000,-43.00,94.00,4384.80,-1.1181,DOWN,97.45,1.5290,1.8752
20260901 220554 401,4375.60,1,4375.30,4375.60,0.30,4375.30,6,4375.10,4,4375.00,12,4374.90,4,4374.80,9,4374.70,10,4374.60,10,4374.50,7,4374.40,9,4374.30,7,4375.60,3,4375.70,3,4375.80,6,4375.90,3,4376.00,6,4376.10,6,4376.20,10,4376.30,6,4376.40,7,4376.50,7,Buy,73,85,158,-12.00,2.00,-26.00,2.50,72.0,4377.40,4377.60,4375.10,4375.60,47,102,149,-55.00,20.00,-55.00,4.00,77.5,-225,297,0.0000,1.1667,-42.00,95.00,4384.83,-1.1086,DOWN,97.45,1.5290,1.8752
20260901 220555 858,4375.30,2,4375.30,4375.60,0.30,4375.30,4,4375.10,4,4375.00,12,4374.90,4,4374.80,4,4374.70,11,4374.60,10,4374.50,7,4374.40,9,4374.30,7,4375.60,3,4375.70,3,4375.80,6,4375.90,3,4376.00,6,4376.10,6,4376.20,10,4376.30,6,4376.40,7,4376.50,7,Sell,73,87,160,-14.00,2.00,-26.00,2.50,84.0,4377.40,4377.60,4375.10,4375.30,47,102,149,-55.00,20.00,-55.00,4.00,77.5,-225,297,0.0000,0.8571,-44.00,93.00,4384.80,-1.1181,DOWN,97.45,1.5290,1.8752
20260901 220556 306,4375.30,2,4375.30,4375.60,0.30,4375.20,3,4375.10,4,4375.00,12,4374.90,4,4374.80,4,4374.70,11,4374.60,10,4374.50,7,4374.40,9,4374.30,7,4375.60,3,4375.70,3,4375.80,6,4375.90,3,4376.00,6,4376.10,6,4376.20,10,4376.30,6,4376.40,7,4376.50,7,Sell,73,89,162,-16.00,2.00,-26.00,2.50,84.0,4377.40,4377.60,4375.10,4375.30,47,102,149,-55.00,20.00,-55.00,4.00,77.5,-225,297,0.0000,0.6250,-46.00,91.00,4384.80,-1.1181,DOWN,97.45,1.5290,1.8752
20260901 220556 306,4375.30,1,4375.30,4375.60,0.30,4375.20,3,4375.10,4,4375.00,12,4374.90,4,4374.80,4,4374.70,11,4374.60,10,4374.50,7,4374.40,9,4374.30,7,4375.60,3,4375.70,3,4375.80,6,4375.90,3,4376.00,6,4376.10,6,4376.20,10,4376.30,6,4376.40,7,4376.50,7,Sell,73,90,163,-17.00,2.00,-26.00,2.50,84.0,4377.40,4377.60,4375.10,4375.30,47,102,149,-55.00,20.00,-55.00,4.00,77.5,-225,297,0.0000,0.5294,-47.00,90.00,4384.80,-1.1181,DOWN,97.45,1.5290,1.8752
20260901 220556 306,4375.30,1,4375.30,4375.60,0.30,4375.20,3,4375.10,4,4375.00,12,4374.90,4,4374.80,4,4374.70,11,4374.60,10,4374.50,7,4374.40,9,4374.30,7,4375.60,3,4375.70,3,4375.80,6,4375.90,3,4376.00,6,4376.10,6,4376.20,10,4376.30,6,4376.40,7,4376.50,7,Sell,73,91,164,-18.00,2.00,-26.00,2.50,84.0,4377.40,4377.60,4375.10,4375.30,47,102,149,-55.00,20.00,-55.00,4.00,77.5,-225,297,0.0000,0.4444,-48.00,89.00,4384.80,-1.1181,DOWN,97.45,1.5290,1.8752
20260901 220557 238,4375.60,2,4375.20,4375.60,0.40,4375.20,3,4375.10,4,4375.00,12,4374.90,4,4374.80,4,4374.70,11,4374.60,10,4374.50,7,4374.40,9,4374.30,7,4375.60,1,4375.70,4,4375.80,6,4375.90,3,4376.00,6,4376.10,7,4376.20,10,4376.30,6,4376.40,7,4376.50,7,Buy,75,91,166,-16.00,2.00,-26.00,2.50,72.0,4377.40,4377.60,4375.10,4375.60,47,102,149,-55.00,20.00,-55.00,4.00,77.5,-225,297,0.0000,0.6250,-46.00,91.00,4384.83,-1.1086,DOWN,97.45,1.5290,1.8752
20260901 220557 238,4375.60,1,4375.20,4375.60,0.40,4375.20,3,4375.10,4,4375.00,12,4374.90,4,4374.80,4,4374.70,11,4374.60,10,4374.50,7,4374.40,9,4374.30,7,4375.60,1,4375.70,4,4375.80,6,4375.90,3,4376.00,6,4376.10,7,4376.20,10,4376.30,6,4376.40,7,4376.50,7,Buy,76,91,167,-15.00,2.00,-26.00,2.50,72.0,4377.40,4377.60,4375.10,4375.60,47,102,149,-55.00,20.00,-55.00,4.00,77.5,-225,297,0.0000,0.7333,-45.00,92.00,4384.83,-1.1086,DOWN,97.45,1.5290,1.8752
20260901 220557 238,4375.60,1,4375.20,4375.60,0.40,4375.20,3,4375.10,4,4375.00,12,4374.90,4,4374.80,4,4374.70,11,4374.60,10,4374.50,7,4374.40,9,4374.30,7,4375.60,1,4375.70,4,4375.80,6,4375.90,3,4376.00,6,4376.10,7,4376.20,10,4376.30,6,4376.40,7,4376.50,7,Buy,77,91,168,-14.00,2.00,-26.00,2.50,72.0,4377.40,4377.60,4375.10,4375.60,47,102,149,-55.00,20.00,-55.00,4.00,77.5,-225,297,0.0000,0.8571,-44.00,93.00,4384.83,-1.1086,DOWN,97.45,1.5290,1.8752
20260901 220557 238,4375.70,1,4375.20,4375.60,0.40,4375.20,3,4375.10,4,4375.00,12,4374.90,4,4374.80,4,4374.70,11,4374.60,10,4374.50,7,4374.40,9,4374.30,7,4375.60,1,4375.70,4,4375.80,6,4375.90,3,4376.00,6,4376.10,7,4376.20,10,4376.30,6,4376.40,7,4376.50,7,Buy,78,91,169,-13.00,2.00,-26.00,2.50,68.0,4377.40,4377.60,4375.10,4375.70,47,102,149,-55.00,20.00,-55.00,4.00,77.5,-225,297,0.0000,1.0000,-43.00,94.00,4384.84,-1.1054,DOWN,97.45,1.5290,1.8752
20260901 220601 163,4375.60,1,4375.20,4375.60,0.40,4375.20,3,4375.10,3,4375.00,10,4374.90,4,4374.80,5,4374.70,10,4374.60,10,4374.50,7,4374.40,9,4374.30,7,4375.60,3,4375.70,3,4375.80,6,4375.90,3,4376.00,6,4376.10,7,4376.20,10,4376.30,6,4376.40,7,4376.50,7,Buy,1,0,1,1.00,1.00,1.00,0.00,0.0,4375.60,4375.60,4375.60,4375.60,78,91,169,-13.00,2.00,-26.00,2.50,68.0,27,174,1.0000,0.0000,-7.00,80.00,4384.83,-1.1086,DOWN,103.60,1.6313,1.7484
20260901 220601 280,4375.20,1,4375.20,4375.50,0.30,4375.20,2,4375.10,3,4375.00,10,4374.90,4,4374.80,5,4374.70,10,4374.60,10,4374.50,7,4374.40,9,4374.30,7,4375.50,2,4375.60,3,4375.70,3,4375.80,6,4375.90,3,4376.00,6,4376.10,7,4376.20,10,4376.30,6,4376.40,7,Sell,1,1,2,0.00,1.00,0.00,0.40,100.0,4375.60,4375.60,4375.20,4375.20,78,91,169,-13.00,2.00,-26.00,2.50,68.0,27,174,1.0000,1.0000,-8.00,79.00,4384.79,-1.1213,DOWN,103.60,1.6313,1.7769
20260901 220605 883,4375.50,1,4375.20,4375.60,0.40,4375.20,2,4375.10,4,4375.00,11,4374.90,4,4374.80,6,4374.70,10,4374.60,10,4374.50,7,4374.40,9,4374.30,7,4375.60,2,4375.70,4,4375.80,6,4375.90,3,4376.00,6,4376.10,6,4376.20,10,4376.30,6,4376.40,7,4376.50,7,Buy,2,1,3,1.00,1.00,0.00,0.40,25.0,4375.60,4375.60,4375.20,4375.50,78,91,169,-13.00,2.00,-26.00,2.50,68.0,27,174,1.0000,0.0000,-7.00,80.00,4384.82,-1.1118,DOWN,103.60,1.6313,1.7769
20260901 220605 883,4375.50,1,4375.20,4375.60,0.40,4375.20,2,4375.10,4,4375.00,11,4374.90,4,4374.80,6,4374.70,10,4374.60,10,4374.50,7,4374.40,9,4374.30,7,4375.60,2,4375.70,4,4375.80,6,4375.90,3,4376.00,6,4376.10,6,4376.20,10,4376.30,6,4376.40,7,4376.50,7,Buy,3,1,4,2.00,2.00,0.00,0.40,25.0,4375.60,4375.60,4375.20,4375.50,78,91,169,-13.00,2.00,-26.00,2.50,68.0,27,174,1.0000,0.0000,-6.00,81.00,4384.82,-1.1118,DOWN,103.60,1.6313,1.7769
20260901 220605 883,4375.60,1,4375.20,4375.60,0.40,4375.20,2,4375.10,4,4375.00,11,4374.90,4,4374.80,6,4374.70,10,4374.60,10,4374.50,7,4374.40,9,4374.30,7,4375.60,2,4375.70,4,4375.80,6,4375.90,3,4376.00,6,4376.10,6,4376.20,10,4376.30,6,4376.40,7,4376.50,7,Buy,4,1,5,3.00,3.00,0.00,0.40,0.0,4375.60,4375.60,4375.20,4375.60,78,91,169,-13.00,2.00,-26.00,2.50,68.0,27,174,1.0000,0.0000,-5.00,82.00,4384.83,-1.1086,DOWN,103.60,1.6313,1.7769
20260901 220606 186,4375.20,1,4375.20,4375.50,0.30,4375.20,1,4375.10,3,4375.00,11,4374.90,4,4374.80,6,4374.70,10,4374.60,10,4374.50,7,4374.40,9,4374.30,7,4375.50,2,4375.60,1,4375.70,4,4375.80,6,4375.90,4,4376.00,6,4376.10,6,4376.20,10,4376.30,6,4376.40,7,Sell,4,2,6,2.00,3.00,0.00,0.40,100.0,4375.60,4375.60,4375.20,4375.20,78,91,169,-13.00,2.00,-26.00,2.50,68.0,27,174,1.0000,0.5000,-6.00,81.00,4384.79,-1.1213,DOWN,103.60,1.6313,1.7769
20260901 220608 146,4375.60,1,4375.20,4375.60,0.40,4375.20,3,4375.10,3,4375.00,10,4374.90,4,4374.80,11,4374.70,10,4374.60,10,4374.50,7,4374.40,9,4374.30,7,4375.60,1,4375.70,4,4375.80,4,4375.90,3,4376.00,6,4376.10,5,4376.20,10,4376.30,6,4376.40,7,4376.50,7,Buy,5,2,7,3.00,3.00,0.00,0.40,0.0,4375.60,4375.60,4375.20,4375.60,78,91,169,-13.00,2.00,-26.00,2.50,68.0,27,174,1.0000,0.0000,-5.00,82.00,4384.83,-1.1086,DOWN,103.60,1.6313,1.7769
20260901 220609 384,4375.60,1,4375.30,4375.70,0.40,4375.30,1,4375.20,2,4375.10,3,4375.00,10,4374.90,4,4374.80,11,4374.70,10,4374.60,10,4374.50,7,4374.40,9,4375.70,3,4375.80,4,4375.90,3,4376.00,6,4376.10,6,4376.20,10,4376.30,6,4376.40,7,4376.50,7,4376.60,9,Buy,6,2,8,4.00,4.00,0.00,0.40,0.0,4375.60,4375.60,4375.20,4375.60,78,91,169,-13.00,2.00,-26.00,2.50,68.0,27,174,1.0000,0.0000,-4.00,83.00,4384.83,-1.1086,DOWN,103.60,1.6313,1.7769
20260901 220609 384,4375.60,1,4375.30,4375.70,0.40,4375.30,1,4375.20,2,4375.10,3,4375.00,10,4374.90,4,4374.80,11,4374.70,10,4374.60,10,4374.50,7,4374.40,9,4375.70,3,4375.80,4,4375.90,3,4376.00,6,4376.10,6,4376.20,10,4376.30,6,4376.40,7,4376.50,7,4376.60,9,Buy,7,2,9,5.00,5.00,0.00,0.40,0.0,4375.60,4375.60,4375.20,4375.60,78,91,169,-13.00,2.00,-26.00,2.50,68.0,27,174,1.0000,0.0000,-3.00,84.00,4384.83,-1.1086,DOWN,103.60,1.6313,1.7769
20260901 220609 384,4375.70,1,4375.30,4375.70,0.40,4375.30,1,4375.20,2,4375.10,3,4375.00,10,4374.90,4,4374.80,11,4374.70,10,4374.60,10,4374.50,7,4374.40,9,4375.70,3,4375.80,4,4375.90,3,4376.00,6,4376.10,6,4376.20,10,4376.30,6,4376.40,7,4376.50,7,4376.60,9,Buy,8,2,10,6.00,6.00,0.00,0.50,20.0,4375.60,4375.70,4375.20,4375.70,78,91,169,-13.00,2.00,-26.00,2.50,68.0,27,174,1.0000,0.0000,-2.00,85.00,4384.84,-1.1054,DOWN,103.60,1.6313,1.7769
20260901 220610 142,4375.50,2,4375.40,4375.70,0.30,4375.40,1,4375.30,2,4375.20,2,4375.10,3,4375.00,10,4374.90,4,4374.80,11,4374.70,10,4374.60,10,4374.50,7,4375.70,3,4375.80,4,4375.90,3,4376.00,4,4376.10,5,4376.20,12,4376.30,6,4376.40,7,4376.50,7,4376.60,9,Sell,8,4,12,4.00,6.00,0.00,0.50,20.0,4375.60,4375.70,4375.20,4375.50,78,91,169,-13.00,2.00,-26.00,2.50,68.0,27,174,1.0000,0.5000,-4.00,83.00,4384.82,-1.1118,DOWN,103.60,1.6313,1.7769
20260901 220610 142,4375.60,1,4375.40,4375.70,0.30,4375.40,1,4375.30,2,4375.20,2,4375.10,3,4375.00,10,4374.90,4,4374.80,11,4374.70,10,4374.60,10,4374.50,7,4375.70,3,4375.80,4,4375.90,3,4376.00,4,4376.10,5,4376.20,12,4376.30,6,4376.40,7,4376.50,7,4376.60,9,Buy,9,4,13,5.00,6.00,0.00,0.50,0.0,4375.60,4375.70,4375.20,4375.60,78,91,169,-13.00,2.00,-26.00,2.50,68.0,27,174,1.0000,0.2000,-3.00,84.00,4384.83,-1.1086,DOWN,103.60,1.6313,1.7769
20260901 220613 430,4375.50,1,4375.50,4375.60,0.10,4375.50,1,4375.30,1,4375.20,4,4375.10,3,4375.00,11,4374.90,4,4374.80,10,4374.70,10,4374.60,10,4374.50,7,4375.60,3,4375.70,2,4375.80,3,4375.90,3,4376.00,7,4376.10,7,4376.20,5,4376.30,6,4376.40,7,4376.50,7,Sell,9,5,14,4.00,6.00,0.00,0.50,20.0,4375.60,4375.70,4375.20,4375.50,78,91,169,-13.00,2.00,-26.00,2.50,68.0,27,174,1.0000,0.5000,-4.00,83.00,4384.82,-1.1118,DOWN,103.60,1.6313,1.7769
20260901 220620 720,4375.20,1,4375.20,4375.60,0.40,4375.20,3,4375.10,2,4375.00,9,4374.90,4,4374.80,10,4374.70,11,4374.60,10,4374.50,7,4374.40,9,4374.30,7,4375.60,3,4375.70,1,4375.80,4,4375.90,4,4376.00,7,4376.10,6,4376.20,10,4376.30,6,4376.40,7,4376.50,7,Sell,9,6,15,3.00,6.00,0.00,0.50,80.0,4375.60,4375.70,4375.20,4375.20,78,91,169,-13.00,2.00,-26.00,2.50,68.0,27,174,1.0000,1.0000,-5.00,82.00,4384.79,-1.1213,DOWN,103.60,1.6313,1.7769
20260901 220623 234,4375.20,1,4375.20,4375.60,0.40,4375.20,2,4375.10,3,4375.00,9,4374.90,4,4374.80,10,4374.70,11,4374.60,10,4374.50,7,4374.40,9,4374.30,7,4375.50,1,4375.60,3,4375.70,1,4375.80,4,4375.90,4,4376.00,7,4376.10,6,4376.20,10,4376.30,6,4376.40,7,Sell,9,7,16,2.00,6.00,0.00,0.50,80.0,4375.60,4375.70,4375.20,4375.20,78,91,169,-13.00,2.00,-26.00,2.50,68.0,27,174,1.0000,2.0000,-6.00,81.00,4384.79,-1.1213,DOWN,103.60,1.6313,1.7769
20260901 220625 231,4375.20,1,4375.20,4375.50,0.30,4375.20,2,4375.10,3,4375.00,9,4374.90,4,4374.80,11,4374.70,11,4374.60,10,4374.50,7,4374.40,9,4374.30,7,4375.50,1,4375.60,3,4375.70,1,4375.80,4,4375.90,4,4376.00,7,4376.10,6,4376.20,10,4376.30,6,4376.40,7,Sell,9,8,17,1.00,6.00,0.00,0.50,80.0,4375.60,4375.70,4375.20,4375.20,78,91,169,-13.00,2.00,-26.00,2.50,68.0,27,174,1.0000,5.0000,-7.00,80.00,4384.79,-1.1213,DOWN,103.60,1.6313,1.7769
20260901 220627 077,4375.30,1,4375.20,4375.30,0.10,4375.20,2,4375.10,2,4375.00,9,4374.90,4,4374.80,11,4374.70,11,4374.60,10,4374.50,7,4374.40,9,4374.30,7,4375.50,1,4375.60,3,4375.70,1,4375.80,4,4375.90,4,4376.00,8,4376.10,6,4376.20,10,4376.30,6,4376.40,7,Buy,10,8,18,2.00,6.00,0.00,0.50,60.0,4375.60,4375.70,4375.20,4375.30,78,91,169,-13.00,2.00,-26.00,2.50,68.0,27,174,1.0000,2.0000,-6.00,81.00,4384.80,-1.1181,DOWN,103.60,1.6313,1.7769
20260901 220627 133,4375.20,1,4375.10,4375.50,0.40,4375.10,2,4375.00,9,4374.90,4,4374.80,11,4374.70,11,4374.60,10,4374.50,7,4374.40,9,4374.30,7,4374.20,8,4375.50,2,4375.60,3,4375.70,1,4375.80,4,4375.90,4,4376.00,8,4376.10,6,4376.20,10,4376.30,6,4376.40,7,Sell,10,9,19,1.00,6.00,0.00,0.50,80.0,4375.60,4375.70,4375.20,4375.20,78,91,169,-13.00,2.00,-26.00,2.50,68.0,27,174,1.0000,5.0000,-7.00,80.00,4384.79,-1.1213,DOWN,103.60,1.6313,1.7769
20260901 220627 133,4375.20,1,4375.10,4375.50,0.40,4375.10,2,4375.00,9,4374.90,4,4374.80,11,4374.70,11,4374.60,10,4374.50,7,4374.40,9,4374.30,7,4374.20,8,4375.50,2,4375.60,3,4375.70,1,4375.80,4,4375.90,4,4376.00,8,4376.10,6,4376.20,10,4376.30,6,4376.40,7,Sell,10,10,20,0.00,6.00,0.00,0.50,80.0,4375.60,4375.70,4375.20,4375.20,78,91,169,-13.00,2.00,-26.00,2.50,68.0,27,174,1.0000,6.0000,-8.00,79.00,4384.79,-1.1213,DOWN,103.60,1.6313,1.7769
20260901 220627 219,4375.10,1,4375.10,4375.50,0.40,4375.00,9,4374.90,4,4374.80,11,4374.70,11,4374.60,10,4374.50,7,4374.40,9,4374.30,7,4374.20,8,4374.10,8,4375.50,3,4375.60,3,4375.70,1,4375.80,4,4375.90,4,4376.00,8,4376.10,6,4376.20,10,4376.30,6,4376.40,7,Sell,10,11,21,-1.00,6.00,-1.00,0.60,83.3,4375.60,4375.70,4375.10,4375.10,78,91,169,-13.00,2.00,-26.00,2.50,68.0,27,174,1.0000,0.0000,-9.00,78.00,4384.79,-1.1245,DOWN,103.60,1.6313,1.7841
20260901 220627 219,4375.10,1,4375.10,4375.50,0.40,4375.00,9,4374.90,4,4374.80,11,4374.70,11,4374.60,10,4374.50,7,4374.40,9,4374.30,7,4374.20,8,4374.10,8,4375.50,3,4375.60,3,4375.70,1,4375.80,4,4375.90,4,4376.00,8,4376.10,6,4376.20,10,4376.30,6,4376.40,7,Sell,10,12,22,-2.00,6.00,-2.00,0.60,83.3,4375.60,4375.70,4375.10,4375.10,78,91,169,-13.00,2.00,-26.00,2.50,68.0,27,174,1.0000,0.0000,-10.00,77.00,4384.79,-1.1245,DOWN,103.60,1.6313,1.7841
20260901 220630 680,4375.20,1,4375.20,4375.50,0.30,4375.10,2,4375.00,10,4374.90,4,4374.80,11,4374.70,10,4374.60,10,4374.50,7,4374.40,9,4374.30,7,4374.20,8,4375.50,1,4375.70,1,4375.80,4,4375.90,4,4376.00,8,4376.10,6,4376.20,10,4376.30,6,4376.40,7,4376.50,7,Sell,10,13,23,-3.00,6.00,-3.00,0.60,66.7,4375.60,4375.70,4375.10,4375.20,78,91,169,-13.00,2.00,-26.00,2.50,68.0,27,174,1.0000,0.0000,-11.00,76.00,4384.79,-1.1213,DOWN,103.60,1.6313,1.7841
20260901 220630 680,4375.20,1,4375.20,4375.50,0.30,4375.10,2,4375.00,10,4374.90,4,4374.80,11,4374.70,10,4374.60,10,4374.50,7,4374.40,9,4374.30,7,4374.20,8,4375.50,1,4375.70,1,4375.80,4,4375.90,4,4376.00,8,4376.10,6,4376.20,10,4376.30,6,4376.40,7,4376.50,7,Sell,10,14,24,-4.00,6.00,-4.00,0.60,66.7,4375.60,4375.70,4375.10,4375.20,78,91,169,-13.00,2.00,-26.00,2.50,68.0,27,174,1.0000,0.0000,-12.00,75.00,4384.79,-1.1213,DOWN,103.60,1.6313,1.7841
20260901 220633 146,4375.10,1,4375.10,4375.40,0.30,4375.00,10,4374.90,4,4374.80,11,4374.70,10,4374.60,10,4374.50,7,4374.40,9,4374.30,7,4374.20,8,4374.10,8,4375.40,1,4375.50,2,4375.70,1,4375.80,7,4375.90,4,4376.00,6,4376.10,6,4376.20,10,4376.30,6,4376.40,7,Sell,10,15,25,-5.00,6.00,-5.00,0.60,83.3,4375.60,4375.70,4375.10,4375.10,78,91,169,-13.00,2.00,-26.00,2.50,68.0,27,174,1.0000,0.0000,-13.00,74.00,4384.79,-1.1245,DOWN,103.60,1.6313,1.7841
20260901 220633 348,4375.10,1,4375.00,4375.40,0.40,4375.00,10,4374.90,4,4374.80,11,4374.70,10,4374.60,10,4374.50,7,4374.40,9,4374.30,7,4374.20,8,4374.10,8,4375.40,1,4375.50,2,4375.70,1,4375.80,7,4375.90,4,4376.00,6,4376.10,6,4376.20,10,4376.30,6,4376.40,7,Sell,10,16,26,-6.00,6.00,-6.00,0.60,83.3,4375.60,4375.70,4375.10,4375.10,78,91,169,-13.00,2.00,-26.00,2.50,68.0,27,174,1.0000,0.0000,-14.00,73.00,4384.79,-1.1245,DOWN,103.60,1.6313,1.7841
20260901 220636 579,4375.40,1,4375.30,4375.50,0.20,4375.20,2,4375.10,5,4375.00,10,4374.90,4,4374.80,11,4374.70,10,4374.60,10,4374.50,7,4374.40,9,4374.30,7,4375.50,2,4375.70,12,4375.80,6,4375.90,4,4376.00,5,4376.10,5,4376.20,10,4376.30,7,4376.40,7,4376.50,7,Buy,11,16,27,-5.00,6.00,-6.00,0.60,33.3,4375.60,4375.70,4375.10,4375.40,78,91,169,-13.00,2.00,-26.00,2.50,68.0,27,174,1.0000,0.2000,-13.00,74.00,4384.81,-1.1150,DOWN,103.60,1.6313,1.7841
20260901 220636 581,4375.30,1,4375.30,4375.50,0.20,4375.20,2,4375.10,5,4375.00,10,4374.90,4,4374.80,11,4374.70,10,4374.60,10,4374.50,7,4374.40,9,4374.30,7,4375.50,2,4375.70,12,4375.80,6,4375.90,4,4376.00,5,4376.10,5,4376.20,10,4376.30,7,4376.40,7,4376.50,7,Sell,11,17,28,-6.00,6.00,-6.00,0.60,50.0,4375.60,4375.70,4375.10,4375.30,78,91,169,-13.00,2.00,-26.00,2.50,68.0,27,174,1.0000,0.0000,-14.00,73.00,4384.80,-1.1181,DOWN,103.60,1.6313,1.7841
20260901 220639 484,4375.20,1,4375.00,4375.40,0.40,4375.00,10,4374.90,4,4374.80,11,4374.70,10,4374.60,10,4374.50,7,4374.40,9,4374.30,7,4374.20,8,4374.10,8,4375.40,1,4375.50,3,4375.70,12,4375.80,3,4375.90,4,4376.00,5,4376.10,5,4376.20,10,4376.30,7,4376.40,7,Sell,11,18,29,-7.00,6.00,-7.00,0.60,66.7,4375.60,4375.70,4375.10,4375.20,78,91,169,-13.00,2.00,-26.00,2.50,68.0,27,174,1.0000,0.0000,-15.00,72.00,4384.79,-1.1213,DOWN,103.60,1.6313,1.7841
20260901 220639 484,4375.10,1,4375.00,4375.40,0.40,4375.00,10,4374.90,4,4374.80,11,4374.70,10,4374.60,10,4374.50,7,4374.40,9,4374.30,7,4374.20,8,4374.10,8,4375.40,1,4375.50,3,4375.70,12,4375.80,3,4375.90,4,4376.00,5,4376.10,5,4376.20,10,4376.30,7,4376.40,7,Sell,11,19,30,-8.00,6.00,-8.00,0.60,83.3,4375.60,4375.70,4375.10,4375.10,78,91,169,-13.00,2.00,-26.00,2.50,68.0,27,174,1.0000,0.0000,-16.00,71.00,4384.79,-1.1245,DOWN,103.60,1.6313,1.7841
20260901 220639 484,4375.10,1,4375.00,4375.40,0.40,4375.00,10,4374.90,4,4374.80,11,4374.70,10,4374.60,10,4374.50,7,4374.40,9,4374.30,7,4374.20,8,4374.10,8,4375.40,1,4375.50,3,4375.70,12,4375.80,3,4375.90,4,4376.00,5,4376.10,5,4376.20,10,4376.30,7,4376.40,7,Sell,11,20,31,-9.00,6.00,-9.00,0.60,83.3,4375.60,4375.70,4375.10,4375.10,78,91,169,-13.00,2.00,-26.00,2.50,68.0,27,174,1.0000,0.0000,-17.00,70.00,4384.79,-1.1245,DOWN,103.60,1.6313,1.7841
20260901 220640 180,4375.20,1,4375.10,4375.20,0.10,4375.10,1,4375.00,10,4374.90,4,4374.80,11,4374.70,10,4374.60,10,4374.50,7,4374.40,9,4374.30,7,4374.20,8,4375.40,1,4375.50,3,4375.70,13,4375.80,5,4375.90,3,4376.00,5,4376.10,5,4376.20,10,4376.30,7,4376.40,7,Buy,12,20,32,-8.00,6.00,-9.00,0.60,66.7,4375.60,4375.70,4375.10,4375.20,78,91,169,-13.00,2.00,-26.00,2.50,68.0,27,174,1.0000,0.1250,-16.00,71.00,4384.79,-1.1213,DOWN,103.60,1.6313,1.7841
20260901 220640 325,4375.10,1,4375.10,4375.40,0.30,4375.00,10,4374.90,4,4374.80,11,4374.70,10,4374.60,10,4374.50,7,4374.40,9,4374.30,7,4374.20,8,4374.10,8,4375.40,1,4375.50,3,4375.70,13,4375.80,5,4375.90,3,4376.00,5,4376.10,5,4376.20,10,4376.30,7,4376.40,7,Sell,12,21,33,-9.00,6.00,-9.00,0.60,83.3,4375.60,4375.70,4375.10,4375.10,78,91,169,-13.00,2.00,-26.00,2.50,68.0,27,174,1.0000,0.0000,-17.00,70.00,4384.79,-1.1245,DOWN,103.60,1.6313,1.7841
20260901 220640 512,4375.20,1,4375.10,4375.20,0.10,4375.10,1,4375.00,10,4374.90,4,4374.80,11,4374.70,10,4374.60,10,4374.50,7,4374.40,9,4374.30,7,4374.20,8,4375.40,1,4375.50,3,4375.70,13,4375.80,5,4375.90,3,4376.00,5,4376.10,5,4376.20,10,4376.30,7,4376.40,7,Buy,13,21,34,-8.00,6.00,-9.00,0.60,66.7,4375.60,4375.70,4375.10,4375.20,78,91,169,-13.00,2.00,-26.00,2.50,68.0,27,174,1.0000,0.1250,-16.00,71.00,4384.79,-1.1213,DOWN,103.60,1.6313,1.7841
20260901 220642 630,4375.40,1,4375.10,4375.40,0.30,4375.10,1,4375.00,10,4374.90,4,4374.80,10,4374.70,10,4374.60,10,4374.50,7,4374.40,9,4374.30,7,4374.20,8,4375.50,3,4375.70,13,4375.80,5,4375.90,3,4376.00,5,4376.10,5,4376.20,10,4376.30,7,4376.40,7,4376.50,7,Buy,14,21,35,-7.00,6.00,-9.00,0.60,33.3,4375.60,4375.70,4375.10,4375.40,78,91,169,-13.00,2.00,-26.00,2.50,68.0,27,174,1.0000,0.2857,-15.00,72.00,4384.81,-1.1150,DOWN,103.60,1.6313,1.7841
20260901 220643 301,4375.40,1,4375.10,4375.40,0.30,4375.20,2,4375.10,4,4375.00,11,4374.90,4,4374.80,10,4374.70,10,4374.60,10,4374.50,7,4374.40,9,4374.30,7,4375.50,3,4375.70,11,4375.80,5,4375.90,3,4376.00,5,4376.10,5,4376.20,10,4376.30,7,4376.40,7,4376.50,7,Buy,15,21,36,-6.00,6.00,-9.00,0.60,33.3,4375.60,4375.70,4375.10,4375.40,78,91,169,-13.00,2.00,-26.00,2.50,68.0,27,174,1.0000,0.5000,-14.00,73.00,4384.81,-1.1150,DOWN,103.60,1.6313,1.7841
20260901 220643 429,4375.20,1,4375.20,4375.50,0.30,4375.20,2,4375.10,4,4375.00,12,4374.90,4,4374.80,10,4374.70,10,4374.60,10,4374.50,7,4374.40,9,4374.30,7,4375.50,3,4375.70,12,4375.80,5,4375.90,3,4376.00,5,4376.10,5,4376.20,10,4376.30,7,4376.40,7,4376.50,7,Sell,15,22,37,-7.00,6.00,-9.00,0.60,66.7,4375.60,4375.70,4375.10,4375.20,78,91,169,-13.00,2.00,-26.00,2.50,68.0,27,174,1.0000,0.2857,-15.00,72.00,4384.79,-1.1213,DOWN,103.60,1.6313,1.7841
20260901 220644 624,4375.50,1,4375.40,4375.70,0.30,4375.40,1,4375.30,2,4375.20,4,4375.10,3,4375.00,12,4374.90,4,4374.80,10,4374.70,10,4374.60,10,4374.50,7,4375.70,12,4375.80,2,4375.90,3,4376.00,7,4376.10,4,4376.20,5,4376.30,7,4376.40,7,4376.50,7,4376.60,10,Buy,16,22,38,-6.00,6.00,-9.00,0.60,16.7,4375.60,4375.70,4375.10,4375.50,78,91,169,-13.00,2.00,-26.00,2.50,68.0,27,174,1.0000,0.5000,-14.00,73.00,4384.82,-1.1118,DOWN,103.60,1.6313,1.7841
20260901 220644 624,4375.50,1,4375.40,4375.70,0.30,4375.40,1,4375.30,2,4375.20,4,4375.10,3,4375.00,12,4374.90,4,4374.80,10,4374.70,10,4374.60,10,4374.50,7,4375.70,12,4375.80,2,4375.90,3,4376.00,7,4376.10,4,4376.20,5,4376.30,7,4376.40,7,4376.50,7,4376.60,10,Buy,17,22,39,-5.00,6.00,-9.00,0.60,16.7,4375.60,4375.70,4375.10,4375.50,78,91,169,-13.00,2.00,-26.00,2.50,68.0,27,174,1.0000,0.8000,-13.00,74.00,4384.82,-1.1118,DOWN,103.60,1.6313,1.7841
20260901 220644 624,4375.50,1,4375.40,4375.70,0.30,4375.40,1,4375.30,2,4375.20,4,4375.10,3,4375.00,12,4374.90,4,4374.80,10,4374.70,10,4374.60,10,4374.50,7,4375.70,12,4375.80,2,4375.90,3,4376.00,7,4376.10,4,4376.20,5,4376.30,7,4376.40,7,4376.50,7,4376.60,10,Buy,18,22,40,-4.00,6.00,-9.00,0.60,16.7,4375.60,4375.70,4375.10,4375.50,78,91,169,-13.00,2.00,-26.00,2.50,68.0,27,174,1.0000,1.2500,-12.00,75.00,4384.82,-1.1118,DOWN,103.60,1.6313,1.7841
20260901 220646 559,4375.50,1,4375.40,4375.50,0.10,4375.40,1,4375.30,2,4375.20,4,4375.10,3,4375.00,12,4374.90,4,4374.80,10,4374.70,10,4374.60,10,4374.50,7,4375.70,2,4375.80,3,4375.90,3,4376.00,7,4376.10,5,4376.20,5,4376.30,7,4376.40,7,4376.50,7,4376.60,10,Buy,19,22,41,-3.00,6.00,-9.00,0.60,16.7,4375.60,4375.70,4375.10,4375.50,78,91,169,-13.00,2.00,-26.00,2.50,68.0,27,174,1.0000,2.0000,-11.00,76.00,4384.82,-1.1118,DOWN,103.60,1.6313,1.7841
20260901 220646 570,4375.70,1,4375.40,4375.70,0.30,4375.40,2,4375.30,2,4375.20,4,4375.10,3,4375.00,12,4374.90,4,4374.80,10,4374.70,10,4374.60,10,4374.50,7,4375.70,2,4375.80,3,4375.90,3,4376.00,5,4376.10,5,4376.20,5,4376.30,7,4376.40,7,4376.50,7,4376.60,10,Buy,20,22,42,-2.00,6.00,-9.00,0.60,16.7,4375.60,4375.70,4375.10,4375.70,78,91,169,-13.00,2.00,-26.00,2.50,68.0,27,174,1.0000,3.5000,-10.00,77.00,4384.84,-1.1054,DOWN,103.60,1.6313,1.7841
20260901 220647 501,4375.70,1,4375.40,4375.70,0.30,4375.40,1,4375.30,2,4375.20,4,4375.10,3,4375.00,12,4374.90,4,4374.80,10,4374.70,10,4374.60,10,4374.50,7,4375.70,2,4375.80,3,4375.90,3,4376.00,5,4376.10,5,4376.20,5,4376.30,7,4376.40,7,4376.50,7,4376.60,10,Buy,21,22,43,-1.00,6.00,-9.00,0.60,16.7,4375.60,4375.70,4375.10,4375.70,78,91,169,-13.00,2.00,-26.00,2.50,68.0,27,174,1.0000,8.0000,-9.00,78.00,4384.84,-1.1054,DOWN,103.60,1.6313,1.7841
20260901 220648 339,4375.70,1,4375.40,4375.70,0.30,4375.40,3,4375.30,2,4375.20,4,4375.10,3,4375.00,12,4374.90,4,4374.80,10,4374.70,10,4374.60,10,4374.50,7,4375.80,3,4375.90,3,4376.00,5,4376.10,5,4376.20,5,4376.30,7,4376.40,7,4376.50,7,4376.60,10,4376.70,13,Buy,22,22,44,0.00,6.00,-9.00,0.60,16.7,4375.60,4375.70,4375.10,4375.70,78,91,169,-13.00,2.00,-26.00,2.50,68.0,27,174,1.0000,6.0000,-8.00,79.00,4384.84,-1.1054,DOWN,103.60,1.6313,1.7841
20260901 220659 965,4375.30,1,4375.30,4375.60,0.30,4375.20,2,4375.10,4,4375.00,9,4374.90,4,4374.80,10,4374.70,10,4374.60,10,4374.50,7,4374.40,9,4374.30,7,4375.60,2,4375.70,4,4375.80,6,4375.90,4,4376.00,7,4376.10,5,4376.20,5,4376.30,7,4376.40,7,4376.50,7,Sell,22,23,45,-1.00,6.00,-9.00,0.60,50.0,4375.60,4375.70,4375.10,4375.30,78,91,169,-13.00,2.00,-26.00,2.50,68.0,27,174,1.0000,8.0000,-9.00,78.00,4384.80,-1.1181,DOWN,103.60,1.6313,1.7841
20260901 220702 858,4375.60,1,4375.30,4375.70,0.40,4375.30,2,4375.20,2,4375.10,4,4375.00,9,4374.90,4,4374.80,10,4374.70,10,4374.60,10,4374.50,7,4374.40,9,4375.70,3,4375.80,6,4375.90,3,4376.00,7,4376.10,5,4376.20,5,4376.30,7,4376.40,7,4376.50,7,4376.60,10,Buy,1,0,1,1.00,1.00,1.00,0.00,0.0,4375.60,4375.60,4375.60,4375.60,22,23,45,-1.00,6.00,-9.00,0.60,50.0,9,63,8.0000,0.0000,-24.00,36.00,4384.83,-1.1086,DOWN,104.05,0.4325,1.6781
20260901 220704 945,4375.70,1,4375.40,4375.70,0.30,4375.40,1,4375.30,2,4375.20,3,4375.10,4,4375.00,9,4374.90,4,4374.80,10,4374.70,10,4374.60,10,4374.50,7,4375.70,2,4375.80,6,4375.90,3,4376.00,7,4376.10,4,4376.20,5,4376.30,7,4376.40,7,4376.50,7,4376.60,10,Buy,2,0,2,2.00,2.00,1.00,0.10,100.0,4375.60,4375.70,4375.60,4375.70,22,23,45,-1.00,6.00,-9.00,0.60,50.0,9,63,8.0000,0.0000,-23.00,37.00,4384.84,-1.1054,DOWN,104.05,0.4325,1.6852
20260901 220705 902,4375.70,1,4375.40,4375.70,0.30,4375.40,1,4375.30,2,4375.20,3,4375.10,4,4375.00,9,4374.90,4,4374.80,10,4374.70,10,4374.60,10,4374.50,7,4375.70,2,4375.80,6,4375.90,3,4376.00,5,4376.10,5,4376.20,5,4376.30,7,4376.40,7,4376.50,7,4376.60,10,Buy,3,0,3,3.00,3.00,1.00,0.10,100.0,4375.60,4375.70,4375.60,4375.70,22,23,45,-1.00,6.00,-9.00,0.60,50.0,9,63,8.0000,0.0000,-22.00,38.00,4384.84,-1.1054,DOWN,104.05,0.4325,1.6852
20260901 220707 181,4375.70,1,4375.40,4375.70,0.30,4375.40,1,4375.30,2,4375.20,3,4375.10,4,4375.00,9,4374.90,4,4374.80,10,4374.70,10,4374.60,10,4374.50,7,4375.70,1,4375.80,6,4375.90,3,4376.00,5,4376.10,5,4376.20,5,4376.30,7,4376.40,7,4376.50,7,4376.60,10,Buy,4,0,4,4.00,4.00,1.00,0.10,100.0,4375.60,4375.70,4375.60,4375.70,22,23,45,-1.00,6.00,-9.00,0.60,50.0,9,63,8.0000,0.0000,-21.00,39.00,4384.84,-1.1054,DOWN,104.05,0.4325,1.6852
20260901 220710 658,4375.70,1,4375.40,4375.80,0.40,4375.40,3,4375.30,2,4375.20,3,4375.10,4,4375.00,9,4374.90,4,4374.80,10,4374.70,10,4374.60,10,4374.50,7,4375.80,4,4375.90,3,4376.00,5,4376.10,5,4376.20,5,4376.30,7,4376.40,7,4376.50,7,4376.60,10,4376.70,13,Buy,5,0,5,5.00,5.00,1.00,0.10,100.0,4375.60,4375.70,4375.60,4375.70,22,23,45,-1.00,6.00,-9.00,0.60,50.0,9,63,8.0000,0.0000,-20.00,40.00,4384.84,-1.1054,DOWN,104.05,0.4325,1.6852
20260901 220711 453,4375.80,1,4375.40,4375.80,0.40,4375.40,3,4375.30,2,4375.20,3,4375.10,4,4375.00,9,4374.90,4,4374.80,10,4374.70,10,4374.60,10,4374.50,7,4375.80,3,4375.90,3,4376.00,5,4376.10,5,4376.20,5,4376.30,7,4376.40,7,4376.50,7,4376.60,10,4376.70,13,Buy,6,0,6,6.00,6.00,1.00,0.20,100.0,4375.60,4375.80,4375.60,4375.80,22,23,45,-1.00,6.00,-9.00,0.60,50.0,9,63,8.0000,0.0000,-19.00,41.00,4384.85,-1.1023,DOWN,104.05,0.4325,1.6924
20260901 220712 700,4375.80,1,4375.40,4375.80,0.40,4375.40,2,4375.30,2,4375.20,3,4375.10,4,4375.00,9,4374.90,4,4374.80,10,4374.70,10,4374.60,10,4374.50,7,4375.80,4,4375.90,3,4376.00,5,4376.10,5,4376.20,6,4376.30,7,4376.40,7,4376.50,7,4376.60,10,4376.70,13,Buy,7,0,7,7.00,7.00,1.00,0.20,100.0,4375.60,4375.80,4375.60,4375.80,22,23,45,-1.00,6.00,-9.00,0.60,50.0,9,63,8.0000,0.0000,-18.00,42.00,4384.85,-1.1023,DOWN,104.05,0.4325,1.6924
20260901 220717 720,4375.40,1,4375.40,4375.70,0.30,4375.40,2,4375.30,3,4375.20,4,4375.10,4,4375.00,8,4374.90,4,4374.80,10,4374.70,10,4374.60,10,4374.50,7,4375.70,1,4375.80,4,4375.90,3,4376.00,5,4376.10,5,4376.20,6,4376.30,7,4376.40,7,4376.50,7,4376.60,10,Sell,7,1,8,6.00,7.00,1.00,0.40,50.0,4375.60,4375.80,4375.40,4375.40,22,23,45,-1.00,6.00,-9.00,0.60,50.0,9,63,8.0000,0.1667,-19.00,41.00,4384.81,-1.1150,DOWN,104.05,0.4325,1.6924
20260901 220717 720,4375.40,1,4375.40,4375.70,0.30,4375.40,2,4375.30,3,4375.20,4,4375.10,4,4375.00,8,4374.90,4,4374.80,10,4374.70,10,4374.60,10,4374.50,7,4375.70,1,4375.80,4,4375.90,3,4376.00,5,4376.10,5,4376.20,6,4376.30,7,4376.40,7,4376.50,7,4376.60,10,Sell,7,2,9,5.00,7.00,1.00,0.40,50.0,4375.60,4375.80,4375.40,4375.40,22,23,45,-1.00,6.00,-9.00,0.60,50.0,9,63,8.0000,0.4000,-20.00,40.00,4384.81,-1.1150,DOWN,104.05,0.4325,1.6924
20260901 220732 967,4375.40,1,4375.20,4375.50,0.30,4375.20,1,4375.10,3,4375.00,8,4374.90,4,4374.80,6,4374.70,11,4374.60,10,4374.50,7,4374.40,9,4374.30,7,4375.50,1,4375.60,3,4375.70,3,4375.80,3,4375.90,4,4376.00,7,4376.10,5,4376.20,6,4376.30,7,4376.40,7,Sell,7,3,10,4.00,7.00,1.00,0.40,50.0,4375.60,4375.80,4375.40,4375.40,22,23,45,-1.00,6.00,-9.00,0.60,50.0,9,63,8.0000,0.7500,-21.00,39.00,4384.81,-1.1150,DOWN,104.05,0.4325,1.6924
20260901 220732 967,4375.40,1,4375.20,4375.50,0.30,4375.20,1,4375.10,3,4375.00,8,4374.90,4,4374.80,6,4374.70,11,4374.60,10,4374.50,7,4374.40,9,4374.30,7,4375.50,1,4375.60,3,4375.70,3,4375.80,3,4375.90,4,4376.00,7,4376.10,5,4376.20,6,4376.30,7,4376.40,7,Sell,7,4,11,3.00,7.00,1.00,0.40,50.0,4375.60,4375.80,4375.40,4375.40,22,23,45,-1.00,6.00,-9.00,0.60,50.0,9,63,8.0000,1.3333,-22.00,38.00,4384.81,-1.1150,DOWN,104.05,0.4325,1.6924
20260901 220732 967,4375.30,1,4375.20,4375.50,0.30,4375.20,1,4375.10,3,4375.00,8,4374.90,4,4374.80,6,4374.70,11,4374.60,10,4374.50,7,4374.40,9,4374.30,7,4375.50,1,4375.60,3,4375.70,3,4375.80,3,4375.90,4,4376.00,7,4376.10,5,4376.20,6,4376.30,7,4376.40,7,Sell,7,5,12,2.00,7.00,1.00,0.50,60.0,4375.60,4375.80,4375.30,4375.30,22,23,45,-1.00,6.00,-9.00,0.60,50.0,9,63,8.0000,2.5000,-23.00,37.00,4384.80,-1.1181,DOWN,104.05,0.4325,1.6924
20260901 220732 967,4375.30,1,4375.20,4375.50,0.30,4375.20,1,4375.10,3,4375.00,8,4374.90,4,4374.80,6,4374.70,11,4374.60,10,4374.50,7,4374.40,9,4374.30,7,4375.50,1,4375.60,3,4375.70,3,4375.80,3,4375.90,4,4376.00,7,4376.10,5,4376.20,6,4376.30,7,4376.40,7,Sell,7,6,13,1.00,7.00,1.00,0.50,60.0,4375.60,4375.80,4375.30,4375.30,22,23,45,-1.00,6.00,-9.00,0.60,50.0,9,63,8.0000,6.0000,-24.00,36.00,4384.80,-1.1181,DOWN,104.05,0.4325,1.6924
20260901 220732 967,4375.20,1,4375.20,4375.50,0.30,4375.20,1,4375.10,3,4375.00,8,4374.90,4,4374.80,6,4374.70,11,4374.60,10,4374.50,7,4374.40,9,4374.30,7,4375.50,1,4375.60,3,4375.70,3,4375.80,3,4375.90,4,4376.00,7,4376.10,5,4376.20,6,4376.30,7,4376.40,7,Sell,7,7,14,0.00,7.00,0.00,0.60,66.7,4375.60,4375.80,4375.20,4375.20,22,23,45,-1.00,6.00,-9.00,0.60,50.0,9,63,8.0000,7.0000,-25.00,35.00,4384.79,-1.1213,DOWN,104.05,0.4325,1.6995
20260901 220733 439,4375.50,1,4375.50,4375.60,0.10,4375.30,1,4375.20,2,4375.10,3,4375.00,8,4374.90,4,4374.80,6,4374.70,11,4374.60,10,4374.50,7,4374.40,9,4375.50,1,4375.60,2,4375.70,3,4375.80,3,4375.90,4,4376.00,7,4376.10,5,4376.20,6,4376.30,7,4376.40,7,Buy,8,7,15,1.00,7.00,0.00,0.60,16.7,4375.60,4375.80,4375.20,4375.50,22,23,45,-1.00,6.00,-9.00,0.60,50.0,9,63,8.0000,6.0000,-24.00,36.00,4384.82,-1.1118,DOWN,104.05,0.4325,1.6995
20260901 220733 439,4375.50,1,4375.50,4375.60,0.10,4375.30,1,4375.20,2,4375.10,3,4375.00,8,4374.90,4,4374.80,6,4374.70,11,4374.60,10,4374.50,7,4374.40,9,4375.50,1,4375.60,2,4375.70,3,4375.80,3,4375.90,4,4376.00,7,4376.10,5,4376.20,6,4376.30,7,4376.40,7,Sell,8,8,16,0.00,7.00,0.00,0.60,16.7,4375.60,4375.80,4375.20,4375.50,22,23,45,-1.00,6.00,-9.00,0.60,50.0,9,63,8.0000,7.0000,-25.00,35.00,4384.82,-1.1118,DOWN,104.05,0.4325,1.6995
20260901 220733 443,4375.30,1,4375.30,4375.50,0.20,4375.20,2,4375.10,3,4375.00,8,4374.90,4,4374.80,6,4374.70,11,4374.60,10,4374.50,7,4374.40,9,4374.30,7,4375.50,1,4375.60,2,4375.70,3,4375.80,3,4375.90,4,4376.00,7,4376.10,5,4376.20,6,4376.30,7,4376.40,7,Sell,8,9,17,-1.00,7.00,-1.00,0.60,50.0,4375.60,4375.80,4375.20,4375.30,22,23,45,-1.00,6.00,-9.00,0.60,50.0,9,63,8.0000,0.0000,-26.00,34.00,4384.80,-1.1181,DOWN,104.05,0.4325,1.6995
20260901 220736 732,4375.30,1,4375.30,4375.50,0.20,4375.20,1,4375.10,3,4375.00,8,4374.90,4,4374.80,6,4374.70,11,4374.60,10,4374.50,7,4374.40,9,4374.30,7,4375.50,1,4375.60,3,4375.70,2,4375.80,4,4375.90,4,4376.00,5,4376.10,5,4376.20,6,4376.30,7,4376.40,7,Sell,8,10,18,-2.00,7.00,-2.00,0.60,50.0,4375.60,4375.80,4375.20,4375.30,22,23,45,-1.00,6.00,-9.00,0.60,50.0,9,63,8.0000,0.0000,-27.00,33.00,4384.80,-1.1181,DOWN,104.05,0.4325,1.6995
20260901 220736 732,4375.20,1,4375.30,4375.50,0.20,4375.20,1,4375.10,3,4375.00,8,4374.90,4,4374.80,6,4374.70,11,4374.60,10,4374.50,7,4374.40,9,4374.30,7,4375.50,1,4375.60,3,4375.70,2,4375.80,4,4375.90,4,4376.00,5,4376.10,5,4376.20,6,4376.30,7,4376.40,7,Sell,8,11,19,-3.00,7.00,-3.00,0.60,66.7,4375.60,4375.80,4375.20,4375.20,22,23,45,-1.00,6.00,-9.00,0.60,50.0,9,63,8.0000,0.0000,-28.00,32.00,4384.79,-1.1213,DOWN,104.05,0.4325,1.6995
20260901 220737 180,4375.50,1,4375.30,4375.60,0.30,4375.30,1,4375.20,2,4375.10,3,4375.00,8,4374.90,4,4374.80,6,4374.70,11,4374.60,10,4374.50,7,4374.40,9,4375.60,3,4375.70,2,4375.80,4,4375.90,4,4376.00,5,4376.10,5,4376.20,6,4376.30,7,4376.40,7,4376.50,7,Buy,9,11,20,-2.00,7.00,-3.00,0.60,16.7,4375.60,4375.80,4375.20,4375.50,22,23,45,-1.00,6.00,-9.00,0.60,50.0,9,63,8.0000,0.5000,-27.00,33.00,4384.82,-1.1118,DOWN,104.05,0.4325,1.6995
20260901 220741 977,4375.50,1,4375.30,4375.60,0.30,4375.30,1,4375.20,2,4375.10,3,4375.00,8,4374.90,4,4374.80,5,4374.70,11,4374.60,10,4374.50,7,4374.40,9,4375.60,1,4375.70,2,4375.90,3,4376.00,5,4376.10,4,4376.20,6,4376.30,7,4376.40,9,4376.50,7,4376.60,10,Buy,10,11,21,-1.00,7.00,-3.00,0.60,16.7,4375.60,4375.80,4375.20,4375.50,22,23,45,-1.00,6.00,-9.00,0.60,50.0,9,63,8.0000,2.0000,-26.00,34.00,4384.82,-1.1118,DOWN,104.05,0.4325,1.6995
20260901 220741 977,4375.50,1,4375.30,4375.60,0.30,4375.30,1,4375.20,2,4375.10,3,4375.00,8,4374.90,4,4374.80,5,4374.70,11,4374.60,10,4374.50,7,4374.40,9,4375.60,1,4375.70,2,4375.90,3,4376.00,5,4376.10,4,4376.20,6,4376.30,7,4376.40,9,4376.50,7,4376.60,10,Buy,11,11,22,0.00,7.00,-3.00,0.60,16.7,4375.60,4375.80,4375.20,4375.50,22,23,45,-1.00,6.00,-9.00,0.60,50.0,9,63,8.0000,7.0000,-25.00,35.00,4384.82,-1.1118,DOWN,104.05,0.4325,1.6995
20260901 220742 476,4375.30,1,4375.30,4375.60,0.30,4375.30,2,4375.20,2,4375.10,3,4375.00,8,4374.90,4,4374.80,5,4374.70,11,4374.60,10,4374.50,7,4374.40,9,4375.60,2,4375.70,2,4375.90,3,4376.00,5,4376.10,4,4376.20,6,4376.30,7,4376.40,9,4376.50,7,4376.60,10,Sell,11,12,23,-1.00,7.00,-3.00,0.60,50.0,4375.60,4375.80,4375.20,4375.30,22,23,45,-1.00,6.00,-9.00,0.60,50.0,9,63,8.0000,2.0000,-26.00,34.00,4384.80,-1.1181,DOWN,104.05,0.4325,1.6995
20260901 220744 801,4375.60,1,4375.50,4375.70,0.20,4375.50,1,4375.30,2,4375.20,2,4375.10,3,4375.00,8,4374.90,4,4374.80,10,4374.70,11,4374.60,10,4374.50,7,4375.70,2,4375.90,2,4376.00,5,4376.10,5,4376.20,6,4376.30,7,4376.40,9,4376.50,7,4376.60,10,4376.70,9,Buy,12,12,24,0.00,7.00,-3.00,0.60,0.0,4375.60,4375.80,4375.20,4375.60,22,23,45,-1.00,6.00,-9.00,0.60,50.0,9,63,8.0000,7.0000,-25.00,35.00,4384.83,-1.1086,DOWN,104.05,0.4325,1.6995
20260901 220745 051,4375.70,1,4375.50,4375.70,0.20,4375.50,1,4375.30,2,4375.20,2,4375.10,3,4375.00,8,4374.90,4,4374.80,10,4374.70,11,4374.60,10,4374.50,7,4375.70,1,4375.80,4,4375.90,4,4376.00,5,4376.10,5,4376.20,6,4376.30,7,4376.40,9,4376.50,7,4376.60,10,Buy,13,12,25,1.00,7.00,-3.00,0.60,16.7,4375.60,4375.80,4375.20,4375.70,22,23,45,-1.00,6.00,-9.00,0.60,50.0,9,63,8.0000,6.0000,-24.00,36.00,4384.84,-1.1054,DOWN,104.05,0.4325,1.6995
20260901 220745 051,4375.70,1,4375.50,4375.70,0.20,4375.50,1,4375.30,2,4375.20,2,4375.10,3,4375.00,8,4374.90,4,4374.80,10,4374.70,11,4374.60,10,4374.50,7,4375.70,1,4375.80,4,4375.90,4,4376.00,5,4376.10,5,4376.20,6,4376.30,7,4376.40,9,4376.50,7,4376.60,10,Buy,14,12,26,2.00,7.00,-3.00,0.60,16.7,4375.60,4375.80,4375.20,4375.70,22,23,45,-1.00,6.00,-9.00,0.60,50.0,9,63,8.0000,2.5000,-23.00,37.00,4384.84,-1.1054,DOWN,104.05,0.4325,1.6995
20260901 220745 549,4375.70,1,4375.50,4375.70,0.20,4375.50,1,4375.30,2,4375.20,2,4375.10,3,4375.00,8,4374.90,4,4374.80,10,4374.70,11,4374.60,10,4374.50,7,4375.80,4,4375.90,4,4376.00,5,4376.10,5,4376.20,6,4376.30,7,4376.40,9,4376.50,7,4376.60,10,4376.70,9,Buy,15,12,27,3.00,7.00,-3.00,0.60,16.7,4375.60,4375.80,4375.20,4375.70,22,23,45,-1.00,6.00,-9.00,0.60,50.0,9,63,8.0000,1.3333,-22.00,38.00,4384.84,-1.1054,DOWN,104.05,0.4325,1.6995
20260901 220746 102,4375.70,1,4375.50,4375.70,0.20,4375.50,1,4375.30,2,4375.20,2,4375.10,3,4375.00,8,4374.90,4,4374.80,10,4374.70,11,4374.60,10,4374.50,7,4375.80,4,4375.90,4,4376.00,5,4376.10,5,4376.20,6,4376.30,7,4376.40,9,4376.50,7,4376.60,10,4376.70,9,Buy,16,12,28,4.00,7.00,-3.00,0.60,16.7,4375.60,4375.80,4375.20,4375.70,22,23,45,-1.00,6.00,-9.00,0.60,50.0,9,63,8.0000,0.7500,-21.00,39.00,4384.84,-1.1054,DOWN,104.05,0.4325,1.6995
20260901 220746 489,4375.70,1,4375.50,4375.70,0.20,4375.40,2,4375.30,4,4375.20,3,4375.10,4,4375.00,9,4374.90,4,4374.80,10,4374.70,11,4374.60,10,4374.50,7,4375.80,4,4375.90,4,4376.00,5,4376.10,5,4376.20,6,4376.30,7,4376.40,9,4376.50,7,4376.60,10,4376.70,9,Buy,17,12,29,5.00,7.00,-3.00,0.60,16.7,4375.60,4375.80,4375.20,4375.70,22,23,45,-1.00,6.00,-9.00,0.60,50.0,9,63,8.0000,0.4000,-20.00,40.00,4384.84,-1.1054,DOWN,104.05,0.4325,1.6995
20260901 220747 807,4375.80,1,4376.00,4376.40,0.40,4376.00,3,4375.90,4,4375.80,4,4375.70,4,4375.60,3,4375.50,8,4375.40,10,4375.30,10,4375.20,9,4375.10,9,4376.40,2,4376.50,3,4376.60,2,4376.70,4,4376.80,6,4376.90,4,4377.00,9,4377.10,8,4377.20,7,4377.30,8,Buy,18,12,30,6.00,7.00,-3.00,0.60,33.3,4375.60,4375.80,4375.20,4375.80,22,23,45,-1.00,6.00,-9.00,0.60,50.0,9,63,8.0000,0.1667,-19.00,41.00,4384.85,-1.1023,DOWN,104.05,0.4325,1.6995
20260901 220747 808,4375.90,1,4376.00,4376.40,0.40,4376.00,3,4375.90,4,4375.80,4,4375.70,4,4375.60,3,4375.50,8,4375.40,10,4375.30,10,4375.20,9,4375.10,9,4376.40,2,4376.50,3,4376.60,2,4376.70,4,4376.80,6,4376.90,4,4377.00,9,4377.10,8,4377.20,7,4377.30,8,Buy,19,12,31,7.00,7.00,-3.00,0.70,42.9,4375.60,4375.90,4375.20,4375.90,22,23,45,-1.00,6.00,-9.00,0.60,50.0,9,63,8.0000,0.0000,-18.00,42.00,4384.86,-1.0991,DOWN,104.05,0.4325,1.7067
20260901 220747 812,4376.00,1,4376.00,4376.40,0.40,4376.00,3,4375.90,4,4375.80,4,4375.70,4,4375.60,3,4375.50,8,4375.40,10,4375.30,10,4375.20,9,4375.10,9,4376.40,2,4376.50,3,4376.60,2,4376.70,4,4376.80,6,4376.90,4,4377.00,9,4377.10,8,4377.20,7,4377.30,8,Buy,20,12,32,8.00,8.00,-3.00,0.80,50.0,4375.60,4376.00,4375.20,4376.00,22,23,45,-1.00,6.00,-9.00,0.60,50.0,9,63,8.0000,0.0000,-17.00,43.00,4384.87,-1.0959,DOWN,104.05,0.4325,1.7138
20260901 220747 812,4376.00,1,4376.00,4376.40,0.40,4376.00,3,4375.90,4,4375.80,4,4375.70,4,4375.60,3,4375.50,8,4375.40,10,4375.30,10,4375.20,9,4375.10,9,4376.40,2,4376.50,3,4376.60,2,4376.70,4,4376.80,6,4376.90,4,4377.00,9,4377.10,8,4377.20,7,4377.30,8,Buy,21,12,33,9.00,9.00,-3.00,0.80,50.0,4375.60,4376.00,4375.20,4376.00,22,23,45,-1.00,6.00,-9.00,0.60,50.0,9,63,8.0000,0.0000,-16.00,44.00,4384.87,-1.0959,DOWN,104.05,0.4325,1.7138
20260901 220747 812,4376.00,1,4376.00,4376.40,0.40,4376.00,3,4375.90,4,4375.80,4,4375.70,4,4375.60,3,4375.50,8,4375.40,10,4375.30,10,4375.20,9,4375.10,9,4376.40,2,4376.50,3,4376.60,2,4376.70,4,4376.80,6,4376.90,4,4377.00,9,4377.10,8,4377.20,7,4377.30,8,Buy,22,12,34,10.00,10.00,-3.00,0.80,50.0,4375.60,4376.00,4375.20,4376.00,22,23,45,-1.00,6.00,-9.00,0.60,50.0,9,63,8.0000,0.0000,-15.00,45.00,4384.87,-1.0959,DOWN,104.05,0.4325,1.7138
20260901 220747 814,4376.20,1,4376.00,4376.40,0.40,4376.00,3,4375.90,4,4375.80,4,4375.70,4,4375.60,3,4375.50,8,4375.40,10,4375.30,10,4375.20,9,4375.10,9,4376.40,2,4376.50,3,4376.60,2,4376.70,4,4376.80,6,4376.90,4,4377.00,9,4377.10,8,4377.20,7,4377.30,8,Buy,23,12,35,11.00,11.00,-3.00,1.00,60.0,4375.60,4376.20,4375.20,4376.20,22,23,45,-1.00,6.00,-9.00,0.60,50.0,9,63,8.0000,0.0000,-14.00,46.00,4384.89,-1.0896,DOWN,104.05,0.4325,1.7281
20260901 220747 820,4376.30,1,4376.00,4376.40,0.40,4376.00,3,4375.90,4,4375.80,4,4375.70,4,4375.60,3,4375.50,8,4375.40,10,4375.30,10,4375.20,9,4375.10,9,4376.40,2,4376.50,3,4376.60,2,4376.70,4,4376.80,6,4376.90,4,4377.00,9,4377.10,8,4377.20,7,4377.30,8,Sell,23,13,36,10.00,11.00,-3.00,1.10,63.6,4375.60,4376.30,4375.20,4376.30,22,23,45,-1.00,6.00,-9.00,0.60,50.0,9,63,8.0000,0.1000,-15.00,45.00,4384.90,-1.0864,DOWN,104.05,0.4325,1.7352
20260901 220747 888,4376.40,1,4376.10,4376.40,0.30,4376.10,2,4376.00,3,4375.90,4,4375.80,4,4375.70,4,4375.60,4,4375.50,8,4375.40,10,4375.30,10,4375.20,9,4376.40,2,4376.50,2,4376.70,4,4376.80,6,4376.90,4,4377.00,9,4377.10,8,4377.20,7,4377.30,8,4377.40,8,Buy,24,13,37,11.00,11.00,-3.00,1.20,66.7,4375.60,4376.40,4375.20,4376.40,22,23,45,-1.00,6.00,-9.00,0.60,50.0,9,63,8.0000,0.0000,-14.00,46.00,4384.91,-1.0832,DOWN,104.05,0.4325,1.7424
20260901 220747 888,4376.40,1,4376.10,4376.40,0.30,4376.10,2,4376.00,3,4375.90,4,4375.80,4,4375.70,4,4375.60,4,4375.50,8,4375.40,10,4375.30,10,4375.20,9,4376.40,2,4376.50,2,4376.70,4,4376.80,6,4376.90,4,4377.00,9,4377.10,8,4377.20,7,4377.30,8,4377.40,8,Buy,25,13,38,12.00,12.00,-3.00,1.20,66.7,4375.60,4376.40,4375.20,4376.40,22,23,45,-1.00,6.00,-9.00,0.60,50.0,9,63,8.0000,0.0000,-13.00,47.00,4384.91,-1.0832,DOWN,104.05,0.4325,1.7424
20260901 220747 888,4376.50,1,4376.10,4376.40,0.30,4376.10,2,4376.00,3,4375.90,4,4375.80,4,4375.70,4,4375.60,4,4375.50,8,4375.40,10,4375.30,10,4375.20,9,4376.40,2,4376.50,2,4376.70,4,4376.80,6,4376.90,4,4377.00,9,4377.10,8,4377.20,7,4377.30,8,4377.40,8,Buy,26,13,39,13.00,13.00,-3.00,1.30,69.2,4375.60,4376.50,4375.20,4376.50,22,23,45,-1.00,6.00,-9.00,0.60,50.0,9,63,8.0000,0.0000,-12.00,48.00,4384.92,-1.0800,DOWN,104.05,0.4325,1.7495
20260901 220747 888,4376.50,1,4376.10,4376.40,0.30,4376.10,2,4376.00,3,4375.90,4,4375.80,4,4375.70,4,4375.60,4,4375.50,8,4375.40,10,4375.30,10,4375.20,9,4376.40,2,4376.50,2,4376.70,4,4376.80,6,4376.90,4,4377.00,9,4377.10,8,4377.20,7,4377.30,8,4377.40,8,Buy,27,13,40,14.00,14.00,-3.00,1.30,69.2,4375.60,4376.50,4375.20,4376.50,22,23,45,-1.00,6.00,-9.00,0.60,50.0,9,63,8.0000,0.0000,-11.00,49.00,4384.92,-1.0800,DOWN,104.05,0.4325,1.7495
20260901 220750 511,4376.20,1,4375.80,4376.10,0.30,4375.80,1,4375.70,3,4375.60,3,4375.50,2,4375.40,6,4375.30,10,4375.20,9,4375.10,10,4375.00,14,4374.90,9,4376.10,1,4376.20,3,4376.40,2,4376.50,4,4376.60,3,4376.70,4,4376.80,9,4376.90,9,4377.00,9,4377.10,8,Buy,28,13,41,15.00,15.00,-3.00,1.30,46.2,4375.60,4376.50,4375.20,4376.20,22,23,45,-1.00,6.00,-9.00,0.60,50.0,9,63,8.0000,0.0000,-10.00,50.00,4384.89,-1.0896,DOWN,104.05,0.4325,1.7495
20260901 220756 747,4376.40,1,4375.90,4376.30,0.40,4375.90,3,4375.80,1,4375.70,5,4375.60,3,4375.50,2,4375.40,8,4375.30,10,4375.20,9,4375.10,10,4375.00,14,4376.30,2,4376.40,3,4376.50,4,4376.60,8,4376.70,5,4376.80,5,4376.90,9,4377.00,9,4377.10,8,4377.20,7,Buy,29,13,42,16.00,16.00,-3.00,1.30,61.5,4375.60,4376.50,4375.20,4376.40,22,23,45,-1.00,6.00,-9.00,0.60,50.0,9,63,8.0000,0.0000,-9.00,51.00,4384.91,-1.0832,DOWN,104.05,0.4325,1.7495
20260901 220759 963,4375.90,1,4375.60,4375.90,0.30,4375.60,2,4375.50,3,4375.40,6,4375.30,4,4375.20,4,4375.10,10,4375.00,14,4374.90,9,4374.80,10,4374.70,10,4375.90,2,4376.00,3,4376.10,4,4376.20,5,4376.30,3,4376.40,5,4376.50,5,4376.60,11,4376.70,9,4376.80,10,Buy,30,13,43,17.00,17.00,-3.00,1.30,23.1,4375.60,4376.50,4375.20,4375.90,22,23,45,-1.00,6.00,-9.00,0.60,50.0,9,63,8.0000,0.0000,-8.00,52.00,4384.86,-1.0991,DOWN,104.05,0.4325,1.7495
20260901 220759 963,4375.90,1,4375.60,4375.90,0.30,4375.60,2,4375.50,3,4375.40,6,4375.30,4,4375.20,4,4375.10,10,4375.00,14,4374.90,9,4374.80,10,4374.70,10,4375.90,2,4376.00,3,4376.10,4,4376.20,5,4376.30,3,4376.40,5,4376.50,5,4376.60,11,4376.70,9,4376.80,10,Buy,31,13,44,18.00,18.00,-3.00,1.30,23.1,4375.60,4376.50,4375.20,4375.90,22,23,45,-1.00,6.00,-9.00,0.60,50.0,9,63,8.0000,0.0000,-7.00,53.00,4384.86,-1.0991,DOWN,104.05,0.4325,1.7495
20260901 220759 963,4375.90,1,4375.60,4375.90,0.30,4375.60,2,4375.50,3,4375.40,6,4375.30,4,4375.20,4,4375.10,10,4375.00,14,4374.90,9,4374.80,10,4374.70,10,4375.90,2,4376.00,3,4376.10,4,4376.20,5,4376.30,3,4376.40,5,4376.50,5,4376.60,11,4376.70,9,4376.80,10,Buy,32,13,45,19.00,19.00,-3.00,1.30,23.1,4375.60,4376.50,4375.20,4375.90,22,23,45,-1.00,6.00,-9.00,0.60,50.0,9,63,8.0000,0.0000,-6.00,54.00,4384.86,-1.0991,DOWN,104.05,0.4325,1.7495
20260901 220759 963,4376.00,1,4375.60,4375.90,0.30,4375.60,2,4375.50,3,4375.40,6,4375.30,4,4375.20,4,4375.10,10,4375.00,14,4374.90,9,4374.80,10,4374.70,10,4375.90,2,4376.00,3,4376.10,4,4376.20,5,4376.30,3,4376.40,5,4376.50,5,4376.60,11,4376.70,9,4376.80,10,Buy,33,13,46,20.00,20.00,-3.00,1.30,30.8,4375.60,4376.50,4375.20,4376.00,22,23,45,-1.00,6.00,-9.00,0.60,50.0,9,63,8.0000,0.0000,-5.00,55.00,4384.87,-1.0959,DOWN,104.05,0.4325,1.7495
20260901 220801 089,4375.70,1,4375.60,4375.90,0.30,4375.60,2,4375.50,3,4375.40,6,4375.30,4,4375.20,4,4375.10,10,4375.00,14,4374.90,9,4374.80,10,4374.70,10,4375.90,3,4376.00,4,4376.10,4,4376.20,7,4376.30,4,4376.40,5,4376.50,5,4376.60,11,4376.70,9,4376.80,10,Sell,0,1,1,-1.00,-1.00,-1.00,0.00,0.0,4375.70,4375.70,4375.70,4375.70,33,13,46,20.00,20.00,-3.00,1.30,30.8,45,111,0.0000,0.0000,-50.00,58.00,4384.84,-1.1054,DOWN,104.85,0.4387,1.6460
20260901 220802 052,4375.70,1,4375.70,4376.00,0.30,4375.70,1,4375.60,2,4375.50,3,4375.40,6,4375.30,4,4375.20,4,4375.10,10,4375.00,14,4374.90,9,4374.80,10,4376.00,3,4376.10,4,4376.20,7,4376.30,4,4376.40,5,4376.50,5,4376.60,11,4376.70,9,4376.80,10,4376.90,9,Sell,0,2,2,-2.00,-1.00,-2.00,0.00,0.0,4375.70,4375.70,4375.70,4375.70,33,13,46,20.00,20.00,-3.00,1.30,30.8,45,111,0.0000,0.0000,-51.00,57.00,4384.84,-1.1054,DOWN,104.85,0.4387,1.6460
20260901 220808 951,4375.60,1,4376.00,4376.30,0.30,4376.00,1,4375.90,5,4375.80,4,4375.70,6,4375.60,4,4375.50,2,4375.40,9,4375.30,5,4375.20,9,4375.10,10,4376.30,2,4376.40,5,4376.50,5,4376.60,8,4376.70,9,4376.80,10,4376.90,9,4377.00,11,4377.10,8,4377.20,7,Sell,0,3,3,-3.00,-1.00,-3.00,0.10,100.0,4375.70,4375.70,4375.60,4375.60,33,13,46,20.00,20.00,-3.00,1.30,30.8,45,111,0.0000,0.0000,-52.00,56.00,4384.83,-1.1086,DOWN,104.85,0.4387,1.6531
20260901 220808 952,4375.80,1,4376.00,4376.30,0.30,4376.00,1,4375.90,5,4375.80,4,4375.70,6,4375.60,4,4375.50,2,4375.40,9,4375.30,5,4375.20,9,4375.10,10,4376.30,2,4376.40,5,4376.50,5,4376.60,8,4376.70,9,4376.80,10,4376.90,9,4377.00,11,4377.10,8,4377.20,7,Buy,1,3,4,-2.00,-1.00,-3.00,0.20,50.0,4375.70,4375.80,4375.60,4375.80,33,13,46,20.00,20.00,-3.00,1.30,30.8,45,111,0.0000,0.5000,-51.00,57.00,4384.85,-1.1023,DOWN,104.85,0.4387,1.6531
20260901 220808 952,4375.80,1,4376.00,4376.30,0.30,4376.00,1,4375.90,5,4375.80,4,4375.70,6,4375.60,4,4375.50,2,4375.40,9,4375.30,5,4375.20,9,4375.10,10,4376.30,2,4376.40,5,4376.50,5,4376.60,8,4376.70,9,4376.80,10,4376.90,9,4377.00,11,4377.10,8,4377.20,7,Buy,2,3,5,-1.00,-1.00,-3.00,0.20,50.0,4375.70,4375.80,4375.60,4375.80,33,13,46,20.00,20.00,-3.00,1.30,30.8,45,111,0.0000,2.0000,-50.00,58.00,4384.85,-1.1023,DOWN,104.85,0.4387,1.6531
20260901 220808 996,4375.90,1,4376.40,4376.80,0.40,4376.40,3,4376.30,2,4376.20,5,4376.10,7,4376.00,4,4375.90,6,4375.80,11,4375.70,11,4375.60,10,4375.50,8,4376.80,4,4376.90,3,4377.00,7,4377.10,2,4377.20,7,4377.30,8,4377.40,8,4377.50,9,4377.60,9,4377.70,7,Buy,3,3,6,0.00,0.00,-3.00,0.30,66.7,4375.70,4375.90,4375.60,4375.90,33,13,46,20.00,20.00,-3.00,1.30,30.8,45,111,0.0000,0.0000,-49.00,59.00,4384.86,-1.0991,DOWN,104.85,0.4387,1.6531
20260901 220809 674,4376.50,1,4376.50,4376.70,0.20,4376.50,1,4376.40,2,4376.20,5,4376.10,6,4376.00,4,4375.90,6,4375.80,11,4375.70,11,4375.60,10,4375.50,8,4376.70,3,4376.80,4,4376.90,3,4377.00,7,4377.10,2,4377.20,7,4377.30,8,4377.40,8,4377.50,9,4377.60,9,Sell,3,4,7,-1.00,0.00,-3.00,0.90,88.9,4375.70,4376.50,4375.60,4376.50,33,13,46,20.00,20.00,-3.00,1.30,30.8,45,111,0.0000,2.0000,-50.00,58.00,4384.92,-1.0800,DOWN,104.85,0.4387,1.6888
20260901 220810 987,4376.80,1,4376.70,4377.00,0.30,4376.70,2,4376.60,5,4376.50,4,4376.40,4,4376.30,4,4376.20,5,4376.10,6,4376.00,10,4375.90,12,4375.80,11,4377.00,4,4377.10,2,4377.20,3,4377.30,4,4377.40,11,4377.50,9,4377.60,9,4377.70,7,4377.80,10,4377.90,10,Buy,4,4,8,0.00,0.00,-3.00,1.20,91.7,4375.70,4376.80,4375.60,4376.80,33,13,46,20.00,20.00,-3.00,1.30,30.8,45,111,0.0000,0.0000,-49.00,59.00,4384.95,-1.0705,DOWN,104.85,0.4387,1.7103
20260901 220813 613,4376.50,1,4376.20,4376.60,0.40,4376.20,3,4376.10,5,4376.00,4,4375.90,7,4375.80,6,4375.70,11,4375.60,10,4375.50,8,4375.40,14,4375.30,10,4376.60,3,4376.70,5,4376.80,2,4376.90,5,4377.00,7,4377.10,4,4377.20,8,4377.30,9,4377.40,9,4377.50,9,Sell,4,5,9,-1.00,0.00,-3.00,1.20,66.7,4375.70,4376.80,4375.60,4376.50,33,13,46,20.00,20.00,-3.00,1.30,30.8,45,111,0.0000,2.0000,-50.00,58.00,4384.92,-1.0800,DOWN,104.85,0.4387,1.7103
20260901 220813 613,4376.50,1,4376.20,4376.60,0.40,4376.20,3,4376.10,5,4376.00,4,4375.90,7,4375.80,6,4375.70,11,4375.60,10,4375.50,8,4375.40,14,4375.30,10,4376.60,3,4376.70,5,4376.80,2,4376.90,5,4377.00,7,4377.10,4,4377.20,8,4377.30,9,4377.40,9,4377.50,9,Sell,4,6,10,-2.00,0.00,-3.00,1.20,66.7,4375.70,4376.80,4375.60,4376.50,33,13,46,20.00,20.00,-3.00,1.30,30.8,45,111,0.0000,0.5000,-51.00,57.00,4384.92,-1.0800,DOWN,104.85,0.4387,1.7103
20260901 220813 613,4376.50,1,4376.20,4376.60,0.40,4376.20,3,4376.10,5,4376.00,4,4375.90,7,4375.80,6,4375.70,11,4375.60,10,4375.50,8,4375.40,14,4375.30,10,4376.60,3,4376.70,5,4376.80,2,4376.90,5,4377.00,7,4377.10,4,4377.20,8,4377.30,9,4377.40,9,4377.50,9,Sell,4,7,11,-3.00,0.00,-3.00,1.20,66.7,4375.70,4376.80,4375.60,4376.50,33,13,46,20.00,20.00,-3.00,1.30,30.8,45,111,0.0000,0.0000,-52.00,56.00,4384.92,-1.0800,DOWN,104.85,0.4387,1.7103
20260901 220813 613,4376.40,1,4376.20,4376.60,0.40,4376.20,3,4376.10,5,4376.00,4,4375.90,7,4375.80,6,4375.70,11,4375.60,10,4375.50,8,4375.40,14,4375.30,10,4376.60,3,4376.70,5,4376.80,2,4376.90,5,4377.00,7,4377.10,4,4377.20,8,4377.30,9,4377.40,9,4377.50,9,Sell,4,8,12,-4.00,0.00,-4.00,1.20,58.3,4375.70,4376.80,4375.60,4376.40,33,13,46,20.00,20.00,-3.00,1.30,30.8,45,111,0.0000,0.0000,-53.00,55.00,4384.91,-1.0832,DOWN,104.85,0.4387,1.7103
20260901 220813 613,4376.40,1,4376.20,4376.60,0.40,4376.20,3,4376.10,5,4376.00,4,4375.90,7,4375.80,6,4375.70,11,4375.60,10,4375.50,8,4375.40,14,4375.30,10,4376.60,3,4376.70,5,4376.80,2,4376.90,5,4377.00,7,4377.10,4,4377.20,8,4377.30,9,4377.40,9,4377.50,9,Sell,4,9,13,-5.00,0.00,-5.00,1.20,58.3,4375.70,4376.80,4375.60,4376.40,33,13,46,20.00,20.00,-3.00,1.30,30.8,45,111,0.0000,0.0000,-54.00,54.00,4384.91,-1.0832,DOWN,104.85,0.4387,1.7103
20260901 220813 901,4376.30,1,4376.00,4376.30,0.30,4376.10,2,4376.00,2,4375.90,4,4375.80,5,4375.70,7,4375.60,5,4375.50,8,4375.40,14,4375.30,10,4375.20,9,4376.40,1,4376.50,2,4376.60,2,4376.70,6,4376.80,3,4376.90,5,4377.00,11,4377.10,8,4377.20,8,4377.30,9,Buy,5,9,14,-4.00,0.00,-5.00,1.20,50.0,4375.70,4376.80,4375.60,4376.30,33,13,46,20.00,20.00,-3.00,1.30,30.8,45,111,0.0000,0.2500,-53.00,55.00,4384.90,-1.0864,DOWN,104.85,0.4387,1.7103
20260901 220815 063,4376.20,1,4376.20,4376.50,0.30,4376.20,1,4376.10,3,4376.00,3,4375.90,6,4375.80,5,4375.70,6,4375.60,5,4375.50,9,4375.40,14,4375.30,9,4376.50,1,4376.60,2,4376.70,5,4376.80,5,4376.90,5,4377.00,11,4377.10,8,4377.20,8,4377.30,9,4377.40,9,Sell,5,10,15,-5.00,0.00,-5.00,1.20,41.7,4375.70,4376.80,4375.60,4376.20,33,13,46,20.00,20.00,-3.00,1.30,30.8,45,111,0.0000,0.0000,-54.00,54.00,4384.89,-1.0896,DOWN,104.85,0.4387,1.7103
20260901 220815 072,4376.50,1,4376.30,4376.50,0.20,4376.30,1,4376.20,4,4376.10,5,4376.00,3,4375.90,6,4375.80,6,4375.70,6,4375.60,5,4375.50,9,4375.40,14,4376.50,2,4376.60,3,4376.70,5,4376.80,5,4376.90,5,4377.00,11,4377.10,8,4377.20,8,4377.30,9,4377.40,9,Buy,6,10,16,-4.00,0.00,-5.00,1.20,66.7,4375.70,4376.80,4375.60,4376.50,33,13,46,20.00,20.00,-3.00,1.30,30.8,45,111,0.0000,0.2500,-53.00,55.00,4384.92,-1.0800,DOWN,104.85,0.4387,1.7103
20260901 220816 016,4376.30,1,4376.20,4376.50,0.30,4376.20,2,4376.10,5,4376.00,3,4375.90,6,4375.80,5,4375.70,6,4375.60,5,4375.50,9,4375.40,14,4375.30,9,4376.50,2,4376.60,3,4376.70,5,4376.80,5,4376.90,5,4377.00,11,4377.10,8,4377.20,8,4377.30,9,4377.40,9,Sell,6,11,17,-5.00,0.00,-5.00,1.20,50.0,4375.70,4376.80,4375.60,4376.30,33,13,46,20.00,20.00,-3.00,1.30,30.8,45,111,0.0000,0.0000,-54.00,54.00,4384.90,-1.0864,DOWN,104.85,0.4387,1.7103
20260901 220816 016,4376.20,1,4376.20,4376.50,0.30,4376.20,2,4376.10,5,4376.00,3,4375.90,6,4375.80,5,4375.70,6,4375.60,5,4375.50,9,4375.40,14,4375.30,9,4376.50,2,4376.60,3,4376.70,5,4376.80,5,4376.90,5,4377.00,11,4377.10,8,4377.20,8,4377.30,9,4377.40,9,Sell,6,12,18,-6.00,0.00,-6.00,1.20,41.7,4375.70,4376.80,4375.60,4376.20,33,13,46,20.00,20.00,-3.00,1.30,30.8,45,111,0.0000,0.0000,-55.00,53.00,4384.89,-1.0896,DOWN,104.85,0.4387,1.7103
20260901 220816 868,4376.50,1,4376.40,4376.60,0.20,4376.40,1,4376.20,2,4376.10,3,4376.00,3,4375.90,7,4375.80,5,4375.70,6,4375.60,10,4375.50,9,4375.40,13,4376.50,1,4376.60,3,4376.70,5,4376.80,5,4376.90,5,4377.00,11,4377.10,8,4377.20,8,4377.30,9,4377.40,9,Buy,7,12,19,-5.00,0.00,-6.00,1.20,66.7,4375.70,4376.80,4375.60,4376.50,33,13,46,20.00,20.00,-3.00,1.30,30.8,45,111,0.0000,0.2000,-54.00,54.00,4384.92,-1.0800,DOWN,104.85,0.4387,1.7103
20260901 220816 868,4376.50,1,4376.40,4376.60,0.20,4376.40,1,4376.20,2,4376.10,3,4376.00,3,4375.90,7,4375.80,5,4375.70,6,4375.60,10,4375.50,9,4375.40,13,4376.50,1,4376.60,3,4376.70,5,4376.80,5,4376.90,5,4377.00,11,4377.10,8,4377.20,8,4377.30,9,4377.40,9,Buy,8,12,20,-4.00,0.00,-6.00,1.20,66.7,4375.70,4376.80,4375.60,4376.50,33,13,46,20.00,20.00,-3.00,1.30,30.8,45,111,0.0000,0.5000,-53.00,55.00,4384.92,-1.0800,DOWN,104.85,0.4387,1.7103
20260901 220816 869,4376.40,1,4376.40,4376.60,0.20,4376.40,1,4376.20,2,4376.10,3,4376.00,3,4375.90,7,4375.80,5,4375.70,6,4375.60,10,4375.50,9,4375.40,13,4376.50,1,4376.60,3,4376.70,5,4376.80,5,4376.90,5,4377.00,11,4377.10,8,4377.20,8,4377.30,9,4377.40,9,Sell,8,13,21,-5.00,0.00,-6.00,1.20,58.3,4375.70,4376.80,4375.60,4376.40,33,13,46,20.00,20.00,-3.00,1.30,30.8,45,111,0.0000,0.2000,-54.00,54.00,4384.91,-1.0832,DOWN,104.85,0.4387,1.7103
20260901 220817 358,4376.40,1,4376.00,4376.40,0.40,4376.30,2,4376.20,3,4376.10,3,4376.00,4,4375.90,6,4375.80,5,4375.70,6,4375.60,10,4375.50,9,4375.40,14,4376.50,1,4376.60,3,4376.70,5,4376.80,5,4376.90,6,4377.00,11,4377.10,8,4377.20,8,4377.30,9,4377.40,9,Buy,9,13,22,-4.00,0.00,-6.00,1.20,58.3,4375.70,4376.80,4375.60,4376.40,33,13,46,20.00,20.00,-3.00,1.30,30.8,45,111,0.0000,0.5000,-53.00,55.00,4384.91,-1.0832,DOWN,104.85,0.4387,1.7103
20260901 220817 378,4376.40,1,4376.00,4376.40,0.40,4376.30,2,4376.20,3,4376.10,3,4376.00,4,4375.90,6,4375.80,5,4375.70,6,4375.60,10,4375.50,9,4375.40,14,4376.50,1,4376.60,3,4376.70,5,4376.80,5,4376.90,6,4377.00,11,4377.10,8,4377.20,8,4377.30,9,4377.40,9,Buy,10,13,23,-3.00,0.00,-6.00,1.20,58.3,4375.70,4376.80,4375.60,4376.40,33,13,46,20.00,20.00,-3.00,1.30,30.8,45,111,0.0000,1.0000,-52.00,56.00,4384.91,-1.0832,DOWN,104.85,0.4387,1.7103
20260901 220818 332,4376.30,1,4376.00,4376.30,0.30,4376.00,3,4375.90,3,4375.80,5,4375.70,5,4375.60,5,4375.50,9,4375.40,14,4375.30,9,4375.20,9,4375.10,10,4376.30,2,4376.40,2,4376.50,4,4376.60,6,4376.70,7,4376.80,4,4376.90,5,4377.00,11,4377.10,8,4377.20,8,Buy,11,13,24,-2.00,0.00,-6.00,1.20,50.0,4375.70,4376.80,4375.60,4376.30,33,13,46,20.00,20.00,-3.00,1.30,30.8,45,111,0.0000,2.0000,-51.00,57.00,4384.90,-1.0864,DOWN,104.85,0.4387,1.7103
20260901 220820 336,4376.10,1,4376.10,4376.40,0.30,4376.10,1,4376.00,3,4375.90,4,4375.80,5,4375.70,5,4375.60,5,4375.50,9,4375.40,14,4375.30,9,4375.20,9,4376.40,2,4376.50,4,4376.60,6,4376.70,7,4376.80,4,4376.90,5,4377.00,11,4377.10,8,4377.20,8,4377.30,9,Sell,11,14,25,-3.00,0.00,-6.00,1.20,33.3,4375.70,4376.80,4375.60,4376.10,33,13,46,20.00,20.00,-3.00,1.30,30.8,45,111,0.0000,1.0000,-52.00,56.00,4384.88,-1.0927,DOWN,104.85,0.4387,1.7103
20260901 220820 336,4376.00,1,4376.10,4376.40,0.30,4376.10,1,4376.00,3,4375.90,4,4375.80,5,4375.70,5,4375.60,5,4375.50,9,4375.40,14,4375.30,9,4375.20,9,4376.40,2,4376.50,4,4376.60,6,4376.70,7,4376.80,4,4376.90,5,4377.00,11,4377.10,8,4377.20,8,4377.30,9,Sell,11,15,26,-4.00,0.00,-6.00,1.20,25.0,4375.70,4376.80,4375.60,4376.00,33,13,46,20.00,20.00,-3.00,1.30,30.8,45,111,0.0000,0.5000,-53.00,55.00,4384.87,-1.0959,DOWN,104.85,0.4387,1.7103
20260901 220823 402,4376.30,1,4376.00,4376.30,0.30,4376.00,4,4375.90,4,4375.80,6,4375.70,5,4375.60,5,4375.50,9,4375.40,12,4375.30,9,4375.20,9,4375.10,10,4376.40,3,4376.50,4,4376.60,6,4376.70,7,4376.80,4,4376.90,5,4377.00,10,4377.10,8,4377.20,8,4377.30,9,Buy,12,15,27,-3.00,0.00,-6.00,1.20,50.0,4375.70,4376.80,4375.60,4376.30,33,13,46,20.00,20.00,-3.00,1.30,30.8,45,111,0.0000,1.0000,-52.00,56.00,4384.90,-1.0864,DOWN,104.85,0.4387,1.7103
20260901 220825 850,4376.40,1,4376.30,4376.50,0.20,4376.30,1,4376.20,2,4376.10,2,4376.00,3,4375.90,5,4375.80,5,4375.70,6,4375.60,10,4375.50,9,4375.40,12,4376.50,1,4376.60,2,4376.70,5,4376.80,4,4376.90,3,4377.00,10,4377.10,8,4377.20,8,4377.30,9,4377.40,9,Buy,13,15,28,-2.00,0.00,-6.00,1.20,58.3,4375.70,4376.80,4375.60,4376.40,33,13,46,20.00,20.00,-3.00,1.30,30.8,45,111,0.0000,2.0000,-51.00,57.00,4384.91,-1.0832,DOWN,104.85,0.4387,1.7103
20260901 220825 850,4376.40,1,4376.30,4376.50,0.20,4376.30,1,4376.20,2,4376.10,2,4376.00,3,4375.90,5,4375.80,5,4375.70,6,4375.60,10,4375.50,9,4375.40,12,4376.50,1,4376.60,2,4376.70,5,4376.80,4,4376.90,3,4377.00,10,4377.10,8,4377.20,8,4377.30,9,4377.40,9,Buy,14,15,29,-1.00,0.00,-6.00,1.20,58.3,4375.70,4376.80,4375.60,4376.40,33,13,46,20.00,20.00,-3.00,1.30,30.8,45,111,0.0000,5.0000,-50.00,58.00,4384.91,-1.0832,DOWN,104.85,0.4387,1.7103
20260901 220826 500,4376.30,1,4376.10,4376.40,0.30,4376.10,2,4376.00,5,4375.90,5,4375.80,6,4375.70,5,4375.60,10,4375.50,9,4375.40,12,4375.30,9,4375.20,9,4376.40,3,4376.50,3,4376.60,2,4376.70,6,4376.80,4,4376.90,3,4377.00,10,4377.10,8,4377.20,8,4377.30,9,Sell,14,16,30,-2.00,0.00,-6.00,1.20,50.0,4375.70,4376.80,4375.60,4376.30,33,13,46,20.00,20.00,-3.00,1.30,30.8,45,111,0.0000,2.0000,-51.00,57.00,4384.90,-1.0864,DOWN,104.85,0.4387,1.7103
20260901 220830 552,4376.50,1,4376.70,4377.00,0.30,4376.70,5,4376.60,1,4376.50,2,4376.40,3,4376.30,3,4376.20,7,4376.10,7,4376.00,12,4375.90,10,4375.80,11,4377.00,3,4377.20,3,4377.30,2,4377.40,4,4377.50,10,4377.60,9,4377.70,7,4377.80,10,4377.90,10,4378.00,13,Buy,15,16,31,-1.00,0.00,-6.00,1.20,66.7,4375.70,4376.80,4375.60,4376.50,33,13,46,20.00,20.00,-3.00,1.30,30.8,45,111,0.0000,5.0000,-50.00,58.00,4384.92,-1.0800,DOWN,104.85,0.4387,1.7103
20260901 220830 552,4376.50,1,4376.70,4377.00,0.30,4376.70,5,4376.60,1,4376.50,2,4376.40,3,4376.30,3,4376.20,7,4376.10,7,4376.00,12,4375.90,10,4375.80,11,4377.00,3,4377.20,3,4377.30,2,4377.40,4,4377.50,10,4377.60,9,4377.70,7,4377.80,10,4377.90,10,4378.00,13,Buy,16,16,32,0.00,0.00,-6.00,1.20,66.7,4375.70,4376.80,4375.60,4376.50,33,13,46,20.00,20.00,-3.00,1.30,30.8,45,111,0.0000,0.0000,-49.00,59.00,4384.92,-1.0800,DOWN,104.85,0.4387,1.7103
20260901 220830 553,4376.60,1,4376.70,4377.00,0.30,4376.70,5,4376.60,1,4376.50,2,4376.40,3,4376.30,3,4376.20,7,4376.10,7,4376.00,12,4375.90,10,4375.80,11,4377.00,3,4377.20,3,4377.30,2,4377.40,4,4377.50,10,4377.60,9,4377.70,7,4377.80,10,4377.90,10,4378.00,13,Buy,17,16,33,1.00,1.00,-6.00,1.20,75.0,4375.70,4376.80,4375.60,4376.60,33,13,46,20.00,20.00,-3.00,1.30,30.8,45,111,0.0000,0.0000,-48.00,60.00,4384.93,-1.0769,DOWN,104.85,0.4387,1.7103
20260901 220830 553,4376.70,1,4376.70,4377.00,0.30,4376.70,5,4376.60,1,4376.50,2,4376.40,3,4376.30,3,4376.20,7,4376.10,7,4376.00,12,4375.90,10,4375.80,11,4377.00,3,4377.20,3,4377.30,2,4377.40,4,4377.50,10,4377.60,9,4377.70,7,4377.80,10,4377.90,10,4378.00,13,Buy,18,16,34,2.00,2.00,-6.00,1.20,83.3,4375.70,4376.80,4375.60,4376.70,33,13,46,20.00,20.00,-3.00,1.30,30.8,45,111,0.0000,0.0000,-47.00,61.00,4384.94,-1.0737,DOWN,104.85,0.4387,1.7103
20260901 220830 553,4376.70,1,4376.70,4377.00,0.30,4376.70,5,4376.60,1,4376.50,2,4376.40,3,4376.30,3,4376.20,7,4376.10,7,4376.00,12,4375.90,10,4375.80,11,4377.00,3,4377.20,3,4377.30,2,4377.40,4,4377.50,10,4377.60,9,4377.70,7,4377.80,10,4377.90,10,4378.00,13,Buy,19,16,35,3.00,3.00,-6.00,1.20,83.3,4375.70,4376.80,4375.60,4376.70,33,13,46,20.00,20.00,-3.00,1.30,30.8,45,111,0.0000,0.0000,-46.00,62.00,4384.94,-1.0737,DOWN,104.85,0.4387,1.7103
20260901 220832 808,4377.00,1,4376.70,4377.00,0.30,4376.70,5,4376.60,1,4376.50,2,4376.40,3,4376.30,4,4376.20,7,4376.10,7,4376.00,12,4375.90,10,4375.80,11,4377.00,5,4377.10,7,4377.20,3,4377.30,4,4377.40,4,4377.50,10,4377.60,9,4377.70,7,4377.80,10,4377.90,10,Buy,20,16,36,4.00,4.00,-6.00,1.40,92.9,4375.70,4377.00,4375.60,4377.00,33,13,46,20.00,20.00,-3.00,1.30,30.8,45,111,0.0000,0.0000,-45.00,63.00,4384.97,-1.0642,DOWN,104.85,0.4387,1.7245
20260901 220832 808,4377.00,1,4376.70,4377.00,0.30,4376.70,5,4376.60,1,4376.50,2,4376.40,3,4376.30,4,4376.20,7,4376.10,7,4376.00,12,4375.90,10,4375.80,11,4377.00,5,4377.10,7,4377.20,3,4377.30,4,4377.40,4,4377.50,10,4377.60,9,4377.70,7,4377.80,10,4377.90,10,Buy,21,16,37,5.00,5.00,-6.00,1.40,92.9,4375.70,4377.00,4375.60,4377.00,33,13,46,20.00,20.00,-3.00,1.30,30.8,45,111,0.0000,0.0000,-44.00,64.00,4384.97,-1.0642,DOWN,104.85,0.4387,1.7245
20260901 220832 808,4377.00,1,4376.70,4377.00,0.30,4376.70,5,4376.60,1,4376.50,2,4376.40,3,4376.30,4,4376.20,7,4376.10,7,4376.00,12,4375.90,10,4375.80,11,4377.00,5,4377.10,7,4377.20,3,4377.30,4,4377.40,4,4377.50,10,4377.60,9,4377.70,7,4377.80,10,4377.90,10,Buy,22,16,38,6.00,6.00,-6.00,1.40,92.9,4375.70,4377.00,4375.60,4377.00,33,13,46,20.00,20.00,-3.00,1.30,30.8,45,111,0.0000,0.0000,-43.00,65.00,4384.97,-1.0642,DOWN,104.85,0.4387,1.7245
20260901 220832 808,4377.20,1,4376.70,4377.00,0.30,4376.70,5,4376.60,1,4376.50,2,4376.40,3,4376.30,4,4376.20,7,4376.10,7,4376.00,12,4375.90,10,4375.80,11,4377.00,5,4377.10,7,4377.20,3,4377.30,4,4377.40,4,4377.50,10,4377.60,9,4377.70,7,4377.80,10,4377.90,10,Buy,23,16,39,7.00,7.00,-6.00,1.60,93.8,4375.70,4377.20,4375.60,4377.20,33,13,46,20.00,20.00,-3.00,1.30,30.8,45,111,0.0000,0.0000,-42.00,66.00,4384.99,-1.0578,DOWN,104.85,0.4387,1.7388
20260901 220832 808,4377.20,1,4376.70,4377.00,0.30,4376.70,5,4376.60,1,4376.50,2,4376.40,3,4376.30,4,4376.20,7,4376.10,7,4376.00,12,4375.90,10,4375.80,11,4377.00,5,4377.10,7,4377.20,3,4377.30,4,4377.40,4,4377.50,10,4377.60,9,4377.70,7,4377.80,10,4377.90,10,Buy,24,16,40,8.00,8.00,-6.00,1.60,93.8,4375.70,4377.20,4375.60,4377.20,33,13,46,20.00,20.00,-3.00,1.30,30.8,45,111,0.0000,0.0000,-41.00,67.00,4384.99,-1.0578,DOWN,104.85,0.4387,1.7388
20260901 220836 862,4376.80,1,4376.80,4377.00,0.20,4376.70,5,4376.50,2,4376.40,3,4376.30,4,4376.20,7,4376.10,7,4376.00,13,4375.90,11,4375.80,11,4375.70,11,4376.90,1,4377.00,3,4377.10,6,4377.20,3,4377.30,4,4377.40,4,4377.50,10,4377.60,9,4377.70,7,4377.80,10,Sell,24,17,41,7.00,8.00,-6.00,1.60,68.8,4375.70,4377.20,4375.60,4376.80,33,13,46,20.00,20.00,-3.00,1.30,30.8,45,111,0.0000,0.1429,-42.00,66.00,4384.95,-1.0705,DOWN,104.85,0.4387,1.7388
20260901 220837 297,4377.00,1,4376.30,4376.70,0.40,4376.30,3,4376.20,4,4376.10,5,4376.00,6,4375.90,7,4375.80,6,4375.70,11,4375.60,10,4375.50,9,4375.40,12,4376.70,3,4376.80,4,4376.90,5,4377.00,4,4377.10,4,4377.20,3,4377.30,9,4377.40,9,4377.50,10,4377.60,9,Buy,25,17,42,8.00,8.00,-6.00,1.60,81.3,4375.70,4377.20,4375.60,4377.00,33,13,46,20.00,20.00,-3.00,1.30,30.8,45,111,0.0000,0.0000,-41.00,67.00,4384.97,-1.0642,DOWN,104.85,0.4387,1.7388
20260901 220837 301,4376.70,5,4376.30,4376.70,0.40,4376.30,3,4376.20,4,4376.10,5,4376.00,6,4375.90,7,4375.80,6,4375.70,11,4375.60,10,4375.50,9,4375.40,12,4376.70,3,4376.80,4,4376.90,5,4377.00,4,4377.10,4,4377.20,3,4377.30,9,4377.40,9,4377.50,10,4377.60,9,Sell,25,22,47,3.00,8.00,-6.00,1.60,62.5,4375.70,4377.20,4375.60,4376.70,33,13,46,20.00,20.00,-3.00,1.30,30.8,45,111,0.0000,1.6667,-46.00,62.00,4384.94,-1.0737,DOWN,104.85,0.4387,1.7388
20260901 220837 303,4376.70,1,4376.30,4376.70,0.40,4376.30,3,4376.20,4,4376.10,5,4376.00,6,4375.90,7,4375.80,6,4375.70,11,4375.60,10,4375.50,9,4375.40,12,4376.70,3,4376.80,4,4376.90,5,4377.00,4,4377.10,4,4377.20,3,4377.30,9,4377.40,9,4377.50,10,4377.60,9,Buy,26,22,48,4.00,8.00,-6.00,1.60,62.5,4375.70,4377.20,4375.60,4376.70,33,13,46,20.00,20.00,-3.00,1.30,30.8,45,111,0.0000,1.0000,-45.00,63.00,4384.94,-1.0737,DOWN,104.85,0.4387,1.7388
20260901 220837 494,4376.70,1,4376.30,4376.60,0.30,4376.30,2,4376.20,4,4376.10,5,4376.00,5,4375.90,7,4375.80,6,4375.70,11,4375.60,10,4375.50,9,4375.40,12,4376.60,2,4376.70,4,4376.80,4,4376.90,5,4377.00,4,4377.10,4,4377.20,8,4377.30,9,4377.40,9,4377.50,10,Buy,27,22,49,5.00,8.00,-6.00,1.60,62.5,4375.70,4377.20,4375.60,4376.70,33,13,46,20.00,20.00,-3.00,1.30,30.8,45,111,0.0000,0.6000,-44.00,64.00,4384.94,-1.0737,DOWN,104.85,0.4387,1.7388
20260901 220837 494,4376.70,1,4376.30,4376.60,0.30,4376.30,2,4376.20,4,4376.10,5,4376.00,5,4375.90,7,4375.80,6,4375.70,11,4375.60,10,4375.50,9,4375.40,12,4376.60,2,4376.70,4,4376.80,4,4376.90,5,4377.00,4,4377.10,4,4377.20,8,4377.30,9,4377.40,9,4377.50,10,Buy,28,22,50,6.00,8.00,-6.00,1.60,62.5,4375.70,4377.20,4375.60,4376.70,33,13,46,20.00,20.00,-3.00,1.30,30.8,45,111,0.0000,0.3333,-43.00,65.00,4384.94,-1.0737,DOWN,104.85,0.4387,1.7388
20260901 220839 649,4376.30,1,4376.00,4376.30,0.30,4376.00,3,4375.90,4,4375.80,5,4375.70,11,4375.60,10,4375.50,9,4375.40,12,4375.30,9,4375.20,9,4375.10,10,4376.30,1,4376.40,2,4376.50,3,4376.60,3,4376.70,6,4376.80,6,4376.90,4,4377.00,8,4377.10,9,4377.20,8,Sell,28,23,51,5.00,8.00,-6.00,1.60,37.5,4375.70,4377.20,4375.60,4376.30,33,13,46,20.00,20.00,-3.00,1.30,30.8,45,111,0.0000,0.6000,-44.00,64.00,4384.90,-1.0864,DOWN,104.85,0.4387,1.7388
20260901 220845 180,4376.10,1,4376.00,4376.30,0.30,4376.00,2,4375.90,5,4375.80,5,4375.70,7,4375.60,5,4375.50,10,4375.40,12,4375.30,9,4375.20,9,4375.10,10,4376.30,1,4376.40,1,4376.50,2,4376.60,3,4376.70,5,4376.80,5,4376.90,5,4377.00,7,4377.10,9,4377.20,8,Sell,28,24,52,4.00,8.00,-6.00,1.60,25.0,4375.70,4377.20,4375.60,4376.10,33,13,46,20.00,20.00,-3.00,1.30,30.8,45,111,0.0000,1.0000,-45.00,63.00,4384.88,-1.0927,DOWN,104.85,0.4387,1.7388
20260901 220845 184,4376.30,1,4376.00,4376.30,0.30,4376.00,2,4375.90,5,4375.80,5,4375.70,7,4375.60,5,4375.50,10,4375.40,12,4375.30,9,4375.20,9,4375.10,10,4376.30,1,4376.40,1,4376.50,2,4376.60,3,4376.70,5,4376.80,5,4376.90,5,4377.00,7,4377.10,9,4377.20,8,Buy,29,24,53,5.00,8.00,-6.00,1.60,37.5,4375.70,4377.20,4375.60,4376.30,33,13,46,20.00,20.00,-3.00,1.30,30.8,45,111,0.0000,0.6000,-44.00,64.00,4384.90,-1.0864,DOWN,104.85,0.4387,1.7388
20260901 220850 793,4376.50,1,4376.20,4376.50,0.30,4376.20,2,4376.10,3,4376.00,5,4375.90,6,4375.80,6,4375.70,11,4375.60,10,4375.50,10,4375.40,12,4375.30,10,4376.50,2,4376.60,2,4376.70,3,4376.80,6,4376.90,6,4377.00,1,4377.10,9,4377.20,8,4377.30,10,4377.40,9,Buy,30,24,54,6.00,8.00,-6.00,1.60,50.0,4375.70,4377.20,4375.60,4376.50,33,13,46,20.00,20.00,-3.00,1.30,30.8,45,111,0.0000,0.3333,-43.00,65.00,4384.92,-1.0800,DOWN,104.85,0.4387,1.7388
20260901 220852 905,4376.50,1,4376.20,4376.50,0.30,4376.20,2,4376.10,3,4376.00,5,4375.90,6,4375.80,6,4375.70,11,4375.60,11,4375.50,9,4375.40,12,4375.30,9,4376.50,1,4376.60,2,4376.70,3,4376.80,6,4376.90,6,4377.00,1,4377.10,9,4377.20,8,4377.30,9,4377.40,10,Buy,31,24,55,7.00,8.00,-6.00,1.60,50.0,4375.70,4377.20,4375.60,4376.50,33,13,46,20.00,20.00,-3.00,1.30,30.8,45,111,0.0000,0.1429,-42.00,66.00,4384.92,-1.0800,DOWN,104.85,0.4387,1.7388
20260901 220853 418,4376.40,1,4376.20,4376.40,0.20,4376.20,2,4376.10,3,4376.00,3,4375.90,7,4375.80,5,4375.70,11,4375.60,10,4375.50,9,4375.40,12,4375.30,9,4376.50,2,4376.60,2,4376.70,4,4376.80,6,4376.90,5,4377.00,2,4377.10,9,4377.20,8,4377.30,9,4377.40,9,Buy,32,24,56,8.00,8.00,-6.00,1.60,43.8,4375.70,4377.20,4375.60,4376.40,33,13,46,20.00,20.00,-3.00,1.30,30.8,45,111,0.0000,0.0000,-41.00,67.00,4384.91,-1.0832,DOWN,104.85,0.4387,1.7388
20260901 220853 439,4376.50,3,4376.30,4376.60,0.30,4376.30,2,4376.20,2,4376.10,4,4376.00,3,4375.90,7,4375.80,6,4375.70,11,4375.60,10,4375.50,9,4375.40,12,4376.60,2,4376.70,3,4376.80,4,4376.90,6,4377.00,1,4377.10,9,4377.20,8,4377.30,9,4377.40,9,4377.50,11,Sell,32,27,59,5.00,8.00,-6.00,1.60,50.0,4375.70,4377.20,4375.60,4376.50,33,13,46,20.00,20.00,-3.00,1.30,30.8,45,111,0.0000,0.6000,-44.00,64.00,4384.92,-1.0800,DOWN,104.85,0.4387,1.7388
20260901 220853 439,4376.60,1,4376.30,4376.60,0.30,4376.30,2,4376.20,2,4376.10,4,4376.00,3,4375.90,7,4375.80,6,4375.70,11,4375.60,10,4375.50,9,4375.40,12,4376.60,2,4376.70,3,4376.80,4,4376.90,6,4377.00,1,4377.10,9,4377.20,8,4377.30,9,4377.40,9,4377.50,11,Buy,33,27,60,6.00,8.00,-6.00,1.60,56.3,4375.70,4377.20,4375.60,4376.60,33,13,46,20.00,20.00,-3.00,1.30,30.8,45,111,0.0000,0.3333,-43.00,65.00,4384.93,-1.0769,DOWN,104.85,0.4387,1.7388
20260901 220859 649,4376.30,1,4376.30,4376.60,0.30,4376.30,3,4376.20,2,4376.10,4,4376.00,4,4375.90,6,4375.80,6,4375.70,11,4375.60,10,4375.50,9,4375.40,12,4376.60,3,4376.70,3,4376.80,4,4376.90,6,4377.00,1,4377.10,9,4377.20,9,4377.30,9,4377.40,9,4377.50,10,Sell,33,28,61,5.00,8.00,-6.00,1.60,37.5,4375.70,4377.20,4375.60,4376.30,33,13,46,20.00,20.00,-3.00,1.30,30.8,45,111,0.0000,0.6000,-44.00,64.00,4384.90,-1.0864,DOWN,104.85,0.4387,1.7388
20260901 220900 251,4376.30,1,4376.30,4376.60,0.30,4376.30,2,4376.20,2,4376.10,4,4376.00,3,4375.90,6,4375.80,5,4375.70,11,4375.60,10,4375.50,9,4375.40,12,4376.60,3,4376.70,3,4376.80,4,4376.90,5,4377.00,1,4377.10,9,4377.20,9,4377.30,9,4377.40,9,4377.50,10,Sell,0,1,1,-1.00,-1.00,-1.00,0.00,0.0,4376.30,4376.30,4376.30,4376.30,33,28,61,5.00,8.00,-6.00,1.60,37.5,21,75,0.6000,0.0000,10.00,45.00,4384.90,-1.0864,DOWN,107.00,0.5701,1.6146
20260901 220903 908,4376.60,1,4376.30,4376.60,0.30,4376.40,2,4376.30,3,4376.20,3,4376.10,4,4376.00,3,4375.90,7,4375.80,6,4375.70,11,4375.60,10,4375.50,9,4376.70,3,4376.80,4,4376.90,5,4377.00,1,4377.10,9,4377.20,9,4377.30,9,4377.40,9,4377.50,10,4377.60,9,Buy,1,1,2,0.00,0.00,-1.00,0.30,100.0,4376.30,4376.60,4376.30,4376.60,33,28,61,5.00,8.00,-6.00,1.60,37.5,21,75,0.6000,0.0000,11.00,46.00,4384.93,-1.0769,DOWN,107.00,0.5701,1.6361
20260901 220905 260,4377.00,1,4376.80,4377.10,0.30,4376.80,2,4376.70,4,4376.60,3,4376.50,4,4376.40,8,4376.30,4,4376.20,6,4376.10,11,4376.00,9,4375.90,13,4377.10,2,4377.20,3,4377.30,3,4377.40,7,4377.50,11,4377.60,9,4377.70,8,4377.80,10,4377.90,10,4378.00,14,Buy,2,1,3,1.00,1.00,-1.00,0.70,100.0,4376.30,4377.00,4376.30,4377.00,33,28,61,5.00,8.00,-6.00,1.60,37.5,21,75,0.6000,0.0000,12.00,47.00,4384.97,-1.0642,DOWN,107.00,0.5701,1.6646
20260901 220905 291,4377.00,1,4376.80,4377.10,0.30,4376.80,2,4376.70,4,4376.60,3,4376.50,4,4376.40,8,4376.30,4,4376.20,6,4376.10,11,4376.00,9,4375.90,13,4377.10,2,4377.20,3,4377.30,3,4377.40,7,4377.50,11,4377.60,9,4377.70,8,4377.80,10,4377.90,10,4378.00,14,Buy,3,1,4,2.00,2.00,-1.00,0.70,100.0,4376.30,4377.00,4376.30,4377.00,33,28,61,5.00,8.00,-6.00,1.60,37.5,21,75,0.6000,0.0000,13.00,48.00,4384.97,-1.0642,DOWN,107.00,0.5701,1.6646
20260901 220905 291,4377.00,1,4376.80,4377.10,0.30,4376.80,2,4376.70,4,4376.60,3,4376.50,4,4376.40,8,4376.30,4,4376.20,6,4376.10,11,4376.00,9,4375.90,13,4377.10,2,4377.20,3,4377.30,3,4377.40,7,4377.50,11,4377.60,9,4377.70,8,4377.80,10,4377.90,10,4378.00,14,Buy,4,1,5,3.00,3.00,-1.00,0.70,100.0,4376.30,4377.00,4376.30,4377.00,33,28,61,5.00,8.00,-6.00,1.60,37.5,21,75,0.6000,0.0000,14.00,49.00,4384.97,-1.0642,DOWN,107.00,0.5701,1.6646
20260901 220905 291,4377.00,1,4376.80,4377.10,0.30,4376.80,2,4376.70,4,4376.60,3,4376.50,4,4376.40,8,4376.30,4,4376.20,6,4376.10,11,4376.00,9,4375.90,13,4377.10,2,4377.20,3,4377.30,3,4377.40,7,4377.50,11,4377.60,9,4377.70,8,4377.80,10,4377.90,10,4378.00,14,Buy,5,1,6,4.00,4.00,-1.00,0.70,100.0,4376.30,4377.00,4376.30,4377.00,33,28,61,5.00,8.00,-6.00,1.60,37.5,21,75,0.6000,0.0000,15.00,50.00,4384.97,-1.0642,DOWN,107.00,0.5701,1.6646
20260901 220905 291,4377.10,1,4376.80,4377.10,0.30,4376.80,2,4376.70,4,4376.60,3,4376.50,4,4376.40,8,4376.30,4,4376.20,6,4376.10,11,4376.00,9,4375.90,13,4377.10,2,4377.20,3,4377.30,3,4377.40,7,4377.50,11,4377.60,9,4377.70,8,4377.80,10,4377.90,10,4378.00,14,Buy,6,1,7,5.00,5.00,-1.00,0.80,100.0,4376.30,4377.10,4376.30,4377.10,33,28,61,5.00,8.00,-6.00,1.60,37.5,21,75,0.6000,0.0000,16.00,51.00,4384.98,-1.0610,DOWN,107.00,0.5701,1.6718
20260901 220905 291,4377.10,1,4376.80,4377.10,0.30,4376.80,2,4376.70,4,4376.60,3,4376.50,4,4376.40,8,4376.30,4,4376.20,6,4376.10,11,4376.00,9,4375.90,13,4377.10,2,4377.20,3,4377.30,3,4377.40,7,4377.50,11,4377.60,9,4377.70,8,4377.80,10,4377.90,10,4378.00,14,Buy,7,1,8,6.00,6.00,-1.00,0.80,100.0,4376.30,4377.10,4376.30,4377.10,33,28,61,5.00,8.00,-6.00,1.60,37.5,21,75,0.6000,0.0000,17.00,52.00,4384.98,-1.0610,DOWN,107.00,0.5701,1.6718
20260901 220905 291,4377.10,1,4376.80,4377.10,0.30,4376.80,2,4376.70,4,4376.60,3,4376.50,4,4376.40,8,4376.30,4,4376.20,6,4376.10,11,4376.00,9,4375.90,13,4377.10,2,4377.20,3,4377.30,3,4377.40,7,4377.50,11,4377.60,9,4377.70,8,4377.80,10,4377.90,10,4378.00,14,Buy,8,1,9,7.00,7.00,-1.00,0.80,100.0,4376.30,4377.10,4376.30,4377.10,33,28,61,5.00,8.00,-6.00,1.60,37.5,21,75,0.6000,0.0000,18.00,53.00,4384.98,-1.0610,DOWN,107.00,0.5701,1.6718
20260901 220905 291,4377.20,1,4376.80,4377.10,0.30,4376.80,2,4376.70,4,4376.60,3,4376.50,4,4376.40,8,4376.30,4,4376.20,6,4376.10,11,4376.00,9,4375.90,13,4377.10,2,4377.20,3,4377.30,3,4377.40,7,4377.50,11,4377.60,9,4377.70,8,4377.80,10,4377.90,10,4378.00,14,Buy,9,1,10,8.00,8.00,-1.00,0.90,100.0,4376.30,4377.20,4376.30,4377.20,33,28,61,5.00,8.00,-6.00,1.60,37.5,21,75,0.6000,0.0000,19.00,54.00,4384.99,-1.0578,DOWN,107.00,0.5701,1.6789
20260901 220905 291,4377.20,1,4376.80,4377.10,0.30,4376.80,2,4376.70,4,4376.60,3,4376.50,4,4376.40,8,4376.30,4,4376.20,6,4376.10,11,4376.00,9,4375.90,13,4377.10,2,4377.20,3,4377.30,3,4377.40,7,4377.50,11,4377.60,9,4377.70,8,4377.80,10,4377.90,10,4378.00,14,Buy,10,1,11,9.00,9.00,-1.00,0.90,100.0,4376.30,4377.20,4376.30,4377.20,33,28,61,5.00,8.00,-6.00,1.60,37.5,21,75,0.6000,0.0000,20.00,55.00,4384.99,-1.0578,DOWN,107.00,0.5701,1.6789
20260901 220905 291,4377.20,1,4376.80,4377.10,0.30,4376.80,2,4376.70,4,4376.60,3,4376.50,4,4376.40,8,4376.30,4,4376.20,6,4376.10,11,4376.00,9,4375.90,13,4377.10,2,4377.20,3,4377.30,3,4377.40,7,4377.50,11,4377.60,9,4377.70,8,4377.80,10,4377.90,10,4378.00,14,Buy,11,1,12,10.00,10.00,-1.00,0.90,100.0,4376.30,4377.20,4376.30,4377.20,33,28,61,5.00,8.00,-6.00,1.60,37.5,21,75,0.6000,0.0000,21.00,56.00,4384.99,-1.0578,DOWN,107.00,0.5701,1.6789
20260901 220905 291,4377.30,1,4376.80,4377.10,0.30,4376.80,2,4376.70,4,4376.60,3,4376.50,4,4376.40,8,4376.30,4,4376.20,6,4376.10,11,4376.00,9,4375.90,13,4377.10,2,4377.20,3,4377.30,3,4377.40,7,4377.50,11,4377.60,9,4377.70,8,4377.80,10,4377.90,10,4378.00,14,Buy,12,1,13,11.00,11.00,-1.00,1.00,100.0,4376.30,4377.30,4376.30,4377.30,33,28,61,5.00,8.00,-6.00,1.60,37.5,21,75,0.6000,0.0000,22.00,57.00,4384.99,-1.0546,DOWN,107.00,0.5701,1.6861
20260901 220905 291,4377.30,1,4376.80,4377.10,0.30,4376.80,2,4376.70,4,4376.60,3,4376.50,4,4376.40,8,4376.30,4,4376.20,6,4376.10,11,4376.00,9,4375.90,13,4377.10,2,4377.20,3,4377.30,3,4377.40,7,4377.50,11,4377.60,9,4377.70,8,4377.80,10,4377.90,10,4378.00,14,Buy,13,1,14,12.00,12.00,-1.00,1.00,100.0,4376.30,4377.30,4376.30,4377.30,33,28,61,5.00,8.00,-6.00,1.60,37.5,21,75,0.6000,0.0000,23.00,58.00,4384.99,-1.0546,DOWN,107.00,0.5701,1.6861
20260901 220905 291,4377.30,1,4376.80,4377.10,0.30,4376.80,2,4376.70,4,4376.60,3,4376.50,4,4376.40,8,4376.30,4,4376.20,6,4376.10,11,4376.00,9,4375.90,13,4377.10,2,4377.20,3,4377.30,3,4377.40,7,4377.50,11,4377.60,9,4377.70,8,4377.80,10,4377.90,10,4378.00,14,Buy,14,1,15,13.00,13.00,-1.00,1.00,100.0,4376.30,4377.30,4376.30,4377.30,33,28,61,5.00,8.00,-6.00,1.60,37.5,21,75,0.6000,0.0000,24.00,59.00,4384.99,-1.0546,DOWN,107.00,0.5701,1.6861
20260901 220905 291,4377.40,1,4376.80,4377.10,0.30,4376.80,2,4376.70,4,4376.60,3,4376.50,4,4376.40,8,4376.30,4,4376.20,6,4376.10,11,4376.00,9,4375.90,13,4377.10,2,4377.20,3,4377.30,3,4377.40,7,4377.50,11,4377.60,9,4377.70,8,4377.80,10,4377.90,10,4378.00,14,Buy,15,1,16,14.00,14.00,-1.00,1.10,100.0,4376.30,4377.40,4376.30,4377.40,33,28,61,5.00,8.00,-6.00,1.60,37.5,21,75,0.6000,0.0000,25.00,60.00,4385.00,-1.0515,DOWN,107.00,0.5701,1.6932
20260901 220905 291,4377.40,1,4376.80,4377.10,0.30,4376.80,2,4376.70,4,4376.60,3,4376.50,4,4376.40,8,4376.30,4,4376.20,6,4376.10,11,4376.00,9,4375.90,13,4377.10,2,4377.20,3,4377.30,3,4377.40,7,4377.50,11,4377.60,9,4377.70,8,4377.80,10,4377.90,10,4378.00,14,Buy,16,1,17,15.00,15.00,-1.00,1.10,100.0,4376.30,4377.40,4376.30,4377.40,33,28,61,5.00,8.00,-6.00,1.60,37.5,21,75,0.6000,0.0000,26.00,61.00,4385.00,-1.0515,DOWN,107.00,0.5701,1.6932
20260901 220905 291,4377.40,1,4376.80,4377.10,0.30,4376.80,2,4376.70,4,4376.60,3,4376.50,4,4376.40,8,4376.30,4,4376.20,6,4376.10,11,4376.00,9,4375.90,13,4377.10,2,4377.20,3,4377.30,3,4377.40,7,4377.50,11,4377.60,9,4377.70,8,4377.80,10,4377.90,10,4378.00,14,Buy,17,1,18,16.00,16.00,-1.00,1.10,100.0,4376.30,4377.40,4376.30,4377.40,33,28,61,5.00,8.00,-6.00,1.60,37.5,21,75,0.6000,0.0000,27.00,62.00,4385.00,-1.0515,DOWN,107.00,0.5701,1.6932
20260901 220907 098,4377.00,1,4376.70,4377.00,0.30,4376.70,2,4376.60,3,4376.50,4,4376.40,8,4376.30,4,4376.20,6,4376.10,11,4376.00,9,4375.90,13,4375.80,11,4377.00,3,4377.10,3,4377.20,3,4377.30,3,4377.40,10,4377.50,11,4377.60,10,4377.70,8,4377.80,9,4377.90,10,Buy,18,1,19,17.00,17.00,-1.00,1.10,63.6,4376.30,4377.40,4376.30,4377.00,33,28,61,5.00,8.00,-6.00,1.60,37.5,21,75,0.6000,0.0000,28.00,63.00,4384.97,-1.0642,DOWN,107.00,0.5701,1.6932
20260901 220907 221,4376.70,1,4376.40,4376.70,0.30,4376.40,1,4376.30,2,4376.20,5,4376.10,5,4376.00,3,4375.90,13,4375.80,11,4375.70,11,4375.60,10,4375.50,9,4376.70,2,4376.80,2,4376.90,4,4377.00,1,4377.10,3,4377.20,5,4377.30,10,4377.40,10,4377.50,11,4377.60,10,Sell,18,2,20,16.00,17.00,-1.00,1.10,36.4,4376.30,4377.40,4376.30,4376.70,33,28,61,5.00,8.00,-6.00,1.60,37.5,21,75,0.6000,0.0625,27.00,62.00,4384.94,-1.0737,DOWN,107.00,0.5701,1.6932
20260901 220908 010,4376.90,1,4376.60,4376.90,0.30,4376.60,2,4376.50,3,4376.40,2,4376.30,2,4376.20,6,4376.10,6,4376.00,3,4375.90,13,4375.80,11,4375.70,12,4376.90,2,4377.00,2,4377.10,3,4377.20,5,4377.30,4,4377.40,9,4377.50,11,4377.60,10,4377.70,8,4377.80,9,Buy,19,2,21,17.00,17.00,-1.00,1.10,54.5,4376.30,4377.40,4376.30,4376.90,33,28,61,5.00,8.00,-6.00,1.60,37.5,21,75,0.6000,0.0000,28.00,63.00,4384.96,-1.0673,DOWN,107.00,0.5701,1.6932
20260901 220910 075,4376.70,1,4376.30,4376.70,0.40,4376.30,4,4376.20,4,4376.10,5,4376.00,3,4375.90,8,4375.80,12,4375.70,12,4375.60,11,4375.50,9,4375.40,12,4376.70,1,4376.80,2,4376.90,4,4377.00,2,4377.10,3,4377.20,5,4377.30,10,4377.40,9,4377.50,10,4377.60,10,Buy,20,2,22,18.00,18.00,-1.00,1.10,36.4,4376.30,4377.40,4376.30,4376.70,33,28,61,5.00,8.00,-6.00,1.60,37.5,21,75,0.6000,0.0000,29.00,64.00,4384.94,-1.0737,DOWN,107.00,0.5701,1.6932
20260901 220910 075,4376.70,1,4376.30,4376.70,0.40,4376.30,4,4376.20,4,4376.10,5,4376.00,3,4375.90,8,4375.80,12,4375.70,12,4375.60,11,4375.50,9,4375.40,12,4376.70,1,4376.80,2,4376.90,4,4377.00,2,4377.10,3,4377.20,5,4377.30,10,4377.40,9,4377.50,10,4377.60,10,Buy,21,2,23,19.00,19.00,-1.00,1.10,36.4,4376.30,4377.40,4376.30,4376.70,33,28,61,5.00,8.00,-6.00,1.60,37.5,21,75,0.6000,0.0000,30.00,65.00,4384.94,-1.0737,DOWN,107.00,0.5701,1.6932
20260901 220910 499,4376.80,1,4376.50,4376.90,0.40,4376.50,2,4376.40,1,4376.30,5,4376.20,5,4376.10,5,4376.00,3,4375.90,8,4375.80,12,4375.70,12,4375.60,10,4376.90,4,4377.00,2,4377.10,2,4377.20,5,4377.30,10,4377.40,9,4377.50,10,4377.60,10,4377.70,8,4377.80,9,Buy,22,2,24,20.00,20.00,-1.00,1.10,45.5,4376.30,4377.40,4376.30,4376.80,33,28,61,5.00,8.00,-6.00,1.60,37.5,21,75,0.6000,0.0000,31.00,66.00,4384.95,-1.0705,DOWN,107.00,0.5701,1.6932
20260901 220910 562,4376.90,1,4376.50,4376.90,0.40,4376.50,3,4376.40,2,4376.30,5,4376.20,6,4376.10,5,4376.00,3,4375.90,18,4375.80,12,4375.70,12,4375.60,10,4376.90,4,4377.00,1,4377.10,2,4377.20,5,4377.30,9,4377.40,9,4377.50,10,4377.60,10,4377.70,8,4377.80,9,Buy,23,2,25,21.00,21.00,-1.00,1.10,54.5,4376.30,4377.40,4376.30,4376.90,33,28,61,5.00,8.00,-6.00,1.60,37.5,21,75,0.6000,0.0000,32.00,67.00,4384.96,-1.0673,DOWN,107.00,0.5701,1.6932
20260901 220911 816,4376.80,1,4376.50,4376.80,0.30,4376.50,3,4376.40,2,4376.30,4,4376.20,7,4376.10,6,4376.00,4,4375.90,18,4375.80,12,4375.70,12,4375.60,10,4376.80,1,4376.90,3,4377.00,1,4377.10,2,4377.20,5,4377.30,10,4377.40,9,4377.50,10,4377.60,10,4377.70,8,Buy,24,2,26,22.00,22.00,-1.00,1.10,45.5,4376.30,4377.40,4376.30,4376.80,33,28,61,5.00,8.00,-6.00,1.60,37.5,21,75,0.6000,0.0000,33.00,68.00,4384.95,-1.0705,DOWN,107.00,0.5701,1.6932
20260901 220913 385,4376.50,1,4376.50,4376.80,0.30,4376.50,1,4376.40,2,4376.30,4,4376.20,7,4376.10,6,4376.00,3,4375.90,18,4375.80,12,4375.70,12,4375.60,10,4376.80,3,4376.90,3,4377.00,1,4377.10,2,4377.20,5,4377.30,10,4377.40,9,4377.50,10,4377.60,10,4377.70,8,Sell,24,3,27,21.00,22.00,-1.00,1.10,18.2,4376.30,4377.40,4376.30,4376.50,33,28,61,5.00,8.00,-6.00,1.60,37.5,21,75,0.6000,0.0476,32.00,67.00,4384.92,-1.0800,DOWN,107.00,0.5701,1.6932
20260901 220921 686,4376.70,1,4376.40,4376.70,0.30,4376.40,1,4376.30,2,4376.20,3,4376.10,7,4376.00,3,4375.90,8,4375.80,7,4375.70,13,4375.60,10,4375.50,9,4376.70,3,4376.80,3,4376.90,3,4377.00,2,4377.10,2,4377.20,5,4377.30,10,4377.40,10,4377.50,10,4377.60,9,Buy,25,3,28,22.00,22.00,-1.00,1.10,36.4,4376.30,4377.40,4376.30,4376.70,33,28,61,5.00,8.00,-6.00,1.60,37.5,21,75,0.6000,0.0000,33.00,68.00,4384.94,-1.0737,DOWN,107.00,0.5701,1.6932
20260901 220922 561,4376.70,1,4376.60,4376.90,0.30,4376.60,4,4376.50,6,4376.40,5,4376.30,2,4376.20,5,4376.10,7,4376.00,14,4375.90,18,4375.80,17,4375.70,18,4376.90,2,4377.00,1,4377.10,2,4377.20,5,4377.30,3,4377.40,5,4377.50,10,4377.60,9,4377.70,8,4377.80,9,Buy,26,3,29,23.00,23.00,-1.00,1.10,36.4,4376.30,4377.40,4376.30,4376.70,33,28,61,5.00,8.00,-6.00,1.60,37.5,21,75,0.6000,0.0000,34.00,69.00,4384.94,-1.0737,DOWN,107.00,0.5701,1.6932
20260901 220922 587,4376.70,1,4376.60,4376.90,0.30,4376.60,4,4376.50,6,4376.40,5,4376.30,2,4376.20,5,4376.10,7,4376.00,14,4375.90,18,4375.80,17,4375.70,18,4376.90,2,4377.00,1,4377.10,2,4377.20,5,4377.30,3,4377.40,5,4377.50,10,4377.60,9,4377.70,8,4377.80,9,Buy,27,3,30,24.00,24.00,-1.00,1.10,36.4,4376.30,4377.40,4376.30,4376.70,33,28,61,5.00,8.00,-6.00,1.60,37.5,21,75,0.6000,0.0000,35.00,70.00,4384.94,-1.0737,DOWN,107.00,0.5701,1.6932
20260901 220922 587,4376.70,1,4376.60,4376.90,0.30,4376.60,4,4376.50,6,4376.40,5,4376.30,2,4376.20,5,4376.10,7,4376.00,14,4375.90,18,4375.80,17,4375.70,18,4376.90,2,4377.00,1,4377.10,2,4377.20,5,4377.30,3,4377.40,5,4377.50,10,4377.60,9,4377.70,8,4377.80,9,Buy,28,3,31,25.00,25.00,-1.00,1.10,36.4,4376.30,4377.40,4376.30,4376.70,33,28,61,5.00,8.00,-6.00,1.60,37.5,21,75,0.6000,0.0000,36.00,71.00,4384.94,-1.0737,DOWN,107.00,0.5701,1.6932
20260901 220924 399,4376.60,1,4376.60,4376.90,0.30,4376.60,1,4376.50,4,4376.40,5,4376.30,3,4376.20,6,4376.10,7,4376.00,14,4375.90,18,4375.80,17,4375.70,18,4376.90,2,4377.00,1,4377.10,2,4377.20,5,4377.30,3,4377.40,5,4377.50,10,4377.60,9,4377.70,8,4377.80,9,Sell,28,4,32,24.00,25.00,-1.00,1.10,27.3,4376.30,4377.40,4376.30,4376.60,33,28,61,5.00,8.00,-6.00,1.60,37.5,21,75,0.6000,0.0417,35.00,70.00,4384.93,-1.0769,DOWN,107.00,0.5701,1.6932
20260901 220929 934,4376.40,2,4376.10,4376.40,0.30,4376.10,4,4376.00,3,4375.90,8,4375.80,7,4375.70,8,4375.60,15,4375.50,14,4375.40,17,4375.30,11,4375.20,9,4376.40,2,4376.50,3,4376.60,3,4376.70,6,4376.80,6,4376.90,4,4377.00,3,4377.10,8,4377.20,10,4377.30,12,Sell,28,6,34,22.00,25.00,-1.00,1.10,9.1,4376.30,4377.40,4376.30,4376.40,33,28,61,5.00,8.00,-6.00,1.60,37.5,21,75,0.6000,0.1364,33.00,68.00,4384.91,-1.0832,DOWN,107.00,0.5701,1.6932
20260901 220929 934,4376.40,1,4376.10,4376.40,0.30,4376.10,4,4376.00,3,4375.90,8,4375.80,7,4375.70,8,4375.60,15,4375.50,14,4375.40,17,4375.30,11,4375.20,9,4376.40,2,4376.50,3,4376.60,3,4376.70,6,4376.80,6,4376.90,4,4377.00,3,4377.10,8,4377.20,10,4377.30,12,Sell,28,7,35,21.00,25.00,-1.00,1.10,9.1,4376.30,4377.40,4376.30,4376.40,33,28,61,5.00,8.00,-6.00,1.60,37.5,21,75,0.6000,0.1905,32.00,67.00,4384.91,-1.0832,DOWN,107.00,0.5701,1.6932
20260901 220929 934,4376.30,1,4376.10,4376.40,0.30,4376.10,4,4376.00,3,4375.90,8,4375.80,7,4375.70,8,4375.60,15,4375.50,14,4375.40,17,4375.30,11,4375.20,9,4376.40,2,4376.50,3,4376.60,3,4376.70,6,4376.80,6,4376.90,4,4377.00,3,4377.10,8,4377.20,10,4377.30,12,Sell,28,8,36,20.00,25.00,-1.00,1.10,0.0,4376.30,4377.40,4376.30,4376.30,33,28,61,5.00,8.00,-6.00,1.60,37.5,21,75,0.6000,0.2500,31.00,66.00,4384.90,-1.0864,DOWN,107.00,0.5701,1.6932
20260901 220929 934,4376.20,1,4376.10,4376.40,0.30,4376.10,4,4376.00,3,4375.90,8,4375.80,7,4375.70,8,4375.60,15,4375.50,14,4375.40,17,4375.30,11,4375.20,9,4376.40,2,4376.50,3,4376.60,3,4376.70,6,4376.80,6,4376.90,4,4377.00,3,4377.10,8,4377.20,10,4377.30,12,Sell,28,9,37,19.00,25.00,-1.00,1.20,8.3,4376.30,4377.40,4376.20,4376.20,33,28,61,5.00,8.00,-6.00,1.60,37.5,21,75,0.6000,0.3158,30.00,65.00,4384.89,-1.0896,DOWN,107.00,0.5701,1.7003
20260901 220929 934,4376.20,1,4376.10,4376.40,0.30,4376.10,4,4376.00,3,4375.90,8,4375.80,7,4375.70,8,4375.60,15,4375.50,14,4375.40,17,4375.30,11,4375.20,9,4376.40,2,4376.50,3,4376.60,3,4376.70,6,4376.80,6,4376.90,4,4377.00,3,4377.10,8,4377.20,10,4377.30,12,Sell,28,10,38,18.00,25.00,-1.00,1.20,8.3,4376.30,4377.40,4376.20,4376.20,33,28,61,5.00,8.00,-6.00,1.60,37.5,21,75,0.6000,0.3889,29.00,64.00,4384.89,-1.0896,DOWN,107.00,0.5701,1.7003
20260901 220929 934,4376.20,1,4376.10,4376.40,0.30,4376.10,4,4376.00,3,4375.90,8,4375.80,7,4375.70,8,4375.60,15,4375.50,14,4375.40,17,4375.30,11,4375.20,9,4376.40,2,4376.50,3,4376.60,3,4376.70,6,4376.80,6,4376.90,4,4377.00,3,4377.10,8,4377.20,10,4377.30,12,Sell,28,11,39,17.00,25.00,-1.00,1.20,8.3,4376.30,4377.40,4376.20,4376.20,33,28,61,5.00,8.00,-6.00,1.60,37.5,21,75,0.6000,0.4706,28.00,63.00,4384.89,-1.0896,DOWN,107.00,0.5701,1.7003
20260901 220929 934,4376.20,1,4376.10,4376.40,0.30,4376.10,4,4376.00,3,4375.90,8,4375.80,7,4375.70,8,4375.60,15,4375.50,14,4375.40,17,4375.30,11,4375.20,9,4376.40,2,4376.50,3,4376.60,3,4376.70,6,4376.80,6,4376.90,4,4377.00,3,4377.10,8,4377.20,10,4377.30,12,Sell,28,12,40,16.00,25.00,-1.00,1.20,8.3,4376.30,4377.40,4376.20,4376.20,33,28,61,5.00,8.00,-6.00,1.60,37.5,21,75,0.6000,0.5625,27.00,62.00,4384.89,-1.0896,DOWN,107.00,0.5701,1.7003
20260901 220929 934,4376.20,1,4376.10,4376.40,0.30,4376.10,4,4376.00,3,4375.90,8,4375.80,7,4375.70,8,4375.60,15,4375.50,14,4375.40,17,4375.30,11,4375.20,9,4376.40,2,4376.50,3,4376.60,3,4376.70,6,4376.80,6,4376.90,4,4377.00,3,4377.10,8,4377.20,10,4377.30,12,Sell,28,13,41,15.00,25.00,-1.00,1.20,8.3,4376.30,4377.40,4376.20,4376.20,33,28,61,5.00,8.00,-6.00,1.60,37.5,21,75,0.6000,0.6667,26.00,61.00,4384.89,-1.0896,DOWN,107.00,0.5701,1.7003
20260901 220931 158,4376.40,1,4376.10,4376.40,0.30,4376.10,2,4376.00,2,4375.90,8,4375.80,6,4375.70,8,4375.60,10,4375.50,9,4375.40,12,4375.30,11,4375.20,9,4376.40,2,4376.50,3,4376.60,3,4376.70,7,4376.80,6,4376.90,4,4377.00,3,4377.10,8,4377.20,10,4377.30,12,Buy,29,13,42,16.00,25.00,-1.00,1.20,8.3,4376.30,4377.40,4376.20,4376.40,33,28,61,5.00,8.00,-6.00,1.60,37.5,21,75,0.6000,0.5625,27.00,62.00,4384.91,-1.0832,DOWN,107.00,0.5701,1.7003
20260901 220931 198,4376.30,1,4376.20,4376.30,0.10,4376.10,2,4376.00,2,4375.90,7,4375.80,6,4375.70,8,4375.60,10,4375.50,9,4375.40,12,4375.30,11,4375.20,9,4376.40,2,4376.50,2,4376.60,3,4376.70,7,4376.80,6,4376.90,4,4377.00,8,4377.10,8,4377.20,10,4377.30,11,Buy,30,13,43,17.00,25.00,-1.00,1.20,0.0,4376.30,4377.40,4376.20,4376.30,33,28,61,5.00,8.00,-6.00,1.60,37.5,21,75,0.6000,0.4706,28.00,63.00,4384.90,-1.0864,DOWN,107.00,0.5701,1.7003
20260901 220931 652,4376.30,1,4376.30,4376.60,0.30,4376.30,1,4376.20,4,4376.10,5,4376.00,3,4375.90,8,4375.80,6,4375.70,8,4375.60,10,4375.50,9,4375.40,12,4376.60,3,4376.70,6,4376.80,6,4376.90,4,4377.00,8,4377.10,8,4377.20,10,4377.30,11,4377.40,10,4377.50,10,Sell,30,14,44,16.00,25.00,-1.00,1.20,0.0,4376.30,4377.40,4376.20,4376.30,33,28,61,5.00,8.00,-6.00,1.60,37.5,21,75,0.6000,0.5625,27.00,62.00,4384.90,-1.0864,DOWN,107.00,0.5701,1.7003
20260901 220932 129,4376.30,1,4376.30,4376.70,0.40,4376.30,4,4376.20,5,4376.10,5,4376.00,3,4375.90,8,4375.80,7,4375.70,8,4375.60,10,4375.50,9,4375.40,12,4376.70,6,4376.80,6,4376.90,4,4377.00,2,4377.10,8,4377.20,10,4377.30,11,4377.40,10,4377.50,10,4377.60,9,Sell,30,15,45,15.00,25.00,-1.00,1.20,0.0,4376.30,4377.40,4376.20,4376.30,33,28,61,5.00,8.00,-6.00,1.60,37.5,21,75,0.6000,0.6667,26.00,61.00,4384.90,-1.0864,DOWN,107.00,0.5701,1.7003
20260901 220932 719,4376.30,1,4376.20,4376.50,0.30,4376.20,4,4376.10,5,4376.00,3,4375.90,7,4375.80,7,4375.70,8,4375.60,10,4375.50,9,4375.40,12,4375.30,11,4376.50,1,4376.60,3,4376.70,6,4376.80,6,4376.90,4,4377.00,3,4377.10,8,4377.20,10,4377.30,11,4377.40,10,Sell,30,16,46,14.00,25.00,-1.00,1.20,0.0,4376.30,4377.40,4376.20,4376.30,33,28,61,5.00,8.00,-6.00,1.60,37.5,21,75,0.6000,0.7857,25.00,60.00,4384.90,-1.0864,DOWN,107.00,0.5701,1.7003
20260901 220934 715,4376.30,1,4376.30,4376.60,0.30,4376.30,1,4376.20,4,4376.10,5,4376.00,3,4375.90,8,4375.80,7,4375.70,8,4375.60,10,4375.50,9,4375.40,12,4376.50,1,4376.60,3,4376.70,6,4376.80,6,4376.90,4,4377.00,2,4377.10,8,4377.20,10,4377.30,11,4377.40,10,Sell,30,17,47,13.00,25.00,-1.00,1.20,0.0,4376.30,4377.40,4376.20,4376.30,33,28,61,5.00,8.00,-6.00,1.60,37.5,21,75,0.6000,0.9231,24.00,59.00,4384.90,-1.0864,DOWN,107.00,0.5701,1.7003
20260901 220934 715,4376.30,1,4376.30,4376.60,0.30,4376.30,1,4376.20,4,4376.10,5,4376.00,3,4375.90,8,4375.80,7,4375.70,8,4375.60,10,4375.50,9,4375.40,12,4376.50,1,4376.60,3,4376.70,6,4376.80,6,4376.90,4,4377.00,2,4377.10,8,4377.20,10,4377.30,11,4377.40,10,Sell,30,18,48,12.00,25.00,-1.00,1.20,0.0,4376.30,4377.40,4376.20,4376.30,33,28,61,5.00,8.00,-6.00,1.60,37.5,21,75,0.6000,1.0833,23.00,58.00,4384.90,-1.0864,DOWN,107.00,0.5701,1.7003
20260901 220937 276,4376.60,1,4376.30,4376.60,0.30,4376.30,2,4376.20,5,4376.10,5,4376.00,3,4375.90,8,4375.80,7,4375.70,8,4375.60,10,4375.50,9,4375.40,13,4376.60,2,4376.70,6,4376.80,6,4376.90,4,4377.00,2,4377.10,8,4377.20,10,4377.30,11,4377.40,10,4377.50,10,Buy,31,18,49,13.00,25.00,-1.00,1.20,25.0,4376.30,4377.40,4376.20,4376.60,33,28,61,5.00,8.00,-6.00,1.60,37.5,21,75,0.6000,0.9231,24.00,59.00,4384.93,-1.0769,DOWN,107.00,0.5701,1.7003
20260901 220937 813,4376.50,1,4376.40,4376.60,0.20,4376.40,2,4376.30,2,4376.20,7,4376.10,11,4376.00,4,4375.90,8,4375.80,12,4375.70,13,4375.60,10,4375.50,9,4376.60,1,4376.80,3,4376.90,4,4377.00,2,4377.10,8,4377.20,10,4377.30,11,4377.40,10,4377.50,10,4377.60,9,Buy,32,18,50,14.00,25.00,-1.00,1.20,16.7,4376.30,4377.40,4376.20,4376.50,33,28,61,5.00,8.00,-6.00,1.60,37.5,21,75,0.6000,0.7857,25.00,60.00,4384.92,-1.0800,DOWN,107.00,0.5701,1.7003
20260901 220937 817,4376.50,1,4376.40,4376.60,0.20,4376.40,2,4376.30,2,4376.20,7,4376.10,11,4376.00,4,4375.90,8,4375.80,12,4375.70,13,4375.60,10,4375.50,9,4376.60,1,4376.80,3,4376.90,4,4377.00,2,4377.10,8,4377.20,10,4377.30,11,4377.40,10,4377.50,10,4377.60,9,Sell,32,19,51,13.00,25.00,-1.00,1.20,16.7,4376.30,4377.40,4376.20,4376.50,33,28,61,5.00,8.00,-6.00,1.60,37.5,21,75,0.6000,0.9231,24.00,59.00,4384.92,-1.0800,DOWN,107.00,0.5701,1.7003
20260901 220941 173,4376.60,1,4376.50,4376.80,0.30,4376.50,2,4376.40,2,4376.30,2,4376.20,7,4376.10,11,4376.00,4,4375.90,8,4375.80,12,4375.70,13,4375.60,10,4376.80,3,4376.90,3,4377.00,2,4377.10,2,4377.20,10,4377.30,11,4377.40,10,4377.50,10,4377.60,9,4377.70,8,Buy,33,19,52,14.00,25.00,-1.00,1.20,25.0,4376.30,4377.40,4376.20,4376.60,33,28,61,5.00,8.00,-6.00,1.60,37.5,21,75,0.6000,0.7857,25.00,60.00,4384.93,-1.0769,DOWN,107.00,0.5701,1.7003
20260901 220942 757,4376.40,1,4376.10,4376.50,0.40,4376.10,5,4376.00,2,4375.90,5,4375.80,5,4375.70,8,4375.60,5,4375.50,9,4375.40,13,4375.30,11,4375.20,9,4376.50,3,4376.60,5,4376.70,4,4376.80,5,4376.90,6,4377.00,3,4377.10,8,4377.20,10,4377.30,11,4377.40,10,Sell,33,20,53,13.00,25.00,-1.00,1.20,8.3,4376.30,4377.40,4376.20,4376.40,33,28,61,5.00,8.00,-6.00,1.60,37.5,21,75,0.6000,0.9231,24.00,59.00,4384.91,-1.0832,DOWN,107.00,0.5701,1.7003
20260901 220942 757,4376.40,1,4376.10,4376.50,0.40,4376.10,5,4376.00,2,4375.90,5,4375.80,5,4375.70,8,4375.60,5,4375.50,9,4375.40,13,4375.30,11,4375.20,9,4376.50,3,4376.60,5,4376.70,4,4376.80,5,4376.90,6,4377.00,3,4377.10,8,4377.20,10,4377.30,11,4377.40,10,Sell,33,21,54,12.00,25.00,-1.00,1.20,8.3,4376.30,4377.40,4376.20,4376.40,33,28,61,5.00,8.00,-6.00,1.60,37.5,21,75,0.6000,1.0833,23.00,58.00,4384.91,-1.0832,DOWN,107.00,0.5701,1.7003
20260901 220942 757,4376.30,1,4376.10,4376.50,0.40,4376.10,5,4376.00,2,4375.90,5,4375.80,5,4375.70,8,4375.60,5,4375.50,9,4375.40,13,4375.30,11,4375.20,9,4376.50,3,4376.60,5,4376.70,4,4376.80,5,4376.90,6,4377.00,3,4377.10,8,4377.20,10,4377.30,11,4377.40,10,Sell,33,22,55,11.00,25.00,-1.00,1.20,0.0,4376.30,4377.40,4376.20,4376.30,33,28,61,5.00,8.00,-6.00,1.60,37.5,21,75,0.6000,1.2727,22.00,57.00,4384.90,-1.0864,DOWN,107.00,0.5701,1.7003
20260901 220942 758,4376.20,1,4376.10,4376.50,0.40,4376.10,5,4376.00,2,4375.90,5,4375.80,5,4375.70,8,4375.60,5,4375.50,9,4375.40,13,4375.30,11,4375.20,9,4376.50,3,4376.60,5,4376.70,4,4376.80,5,4376.90,6,4377.00,3,4377.10,8,4377.20,10,4377.30,11,4377.40,10,Sell,33,23,56,10.00,25.00,-1.00,1.20,8.3,4376.30,4377.40,4376.20,4376.20,33,28,61,5.00,8.00,-6.00,1.60,37.5,21,75,0.6000,1.5000,21.00,56.00,4384.89,-1.0896,DOWN,107.00,0.5701,1.7003
20260901 220942 758,4376.20,1,4376.10,4376.50,0.40,4376.10,5,4376.00,2,4375.90,5,4375.80,5,4375.70,8,4375.60,5,4375.50,9,4375.40,13,4375.30,11,4375.20,9,4376.50,3,4376.60,5,4376.70,4,4376.80,5,4376.90,6,4377.00,3,4377.10,8,4377.20,10,4377.30,11,4377.40,10,Sell,33,24,57,9.00,25.00,-1.00,1.20,8.3,4376.30,4377.40,4376.20,4376.20,33,28,61,5.00,8.00,-6.00,1.60,37.5,21,75,0.6000,1.7778,20.00,55.00,4384.89,-1.0896,DOWN,107.00,0.5701,1.7003
20260901 220942 758,4376.20,1,4376.10,4376.50,0.40,4376.10,5,4376.00,2,4375.90,5,4375.80,5,4375.70,8,4375.60,5,4375.50,9,4375.40,13,4375.30,11,4375.20,9,4376.50,3,4376.60,5,4376.70,4,4376.80,5,4376.90,6,4377.00,3,4377.10,8,4377.20,10,4377.30,11,4377.40,10,Sell,33,25,58,8.00,25.00,-1.00,1.20,8.3,4376.30,4377.40,4376.20,4376.20,33,28,61,5.00,8.00,-6.00,1.60,37.5,21,75,0.6000,2.1250,19.00,54.00,4384.89,-1.0896,DOWN,107.00,0.5701,1.7003
20260901 220942 758,4376.20,1,4376.10,4376.50,0.40,4376.10,5,4376.00,2,4375.90,5,4375.80,5,4375.70,8,4375.60,5,4375.50,9,4375.40,13,4375.30,11,4375.20,9,4376.50,3,4376.60,5,4376.70,4,4376.80,5,4376.90,6,4377.00,3,4377.10,8,4377.20,10,4377.30,11,4377.40,10,Sell,33,26,59,7.00,25.00,-1.00,1.20,8.3,4376.30,4377.40,4376.20,4376.20,33,28,61,5.00,8.00,-6.00,1.60,37.5,21,75,0.6000,2.5714,18.00,53.00,4384.89,-1.0896,DOWN,107.00,0.5701,1.7003
20260901 220942 758,4376.20,1,4376.10,4376.50,0.40,4376.10,5,4376.00,2,4375.90,5,4375.80,5,4375.70,8,4375.60,5,4375.50,9,4375.40,13,4375.30,11,4375.20,9,4376.50,3,4376.60,5,4376.70,4,4376.80,5,4376.90,6,4377.00,3,4377.10,8,4377.20,10,4377.30,11,4377.40,10,Sell,33,27,60,6.00,25.00,-1.00,1.20,8.3,4376.30,4377.40,4376.20,4376.20,33,28,61,5.00,8.00,-6.00,1.60,37.5,21,75,0.6000,3.1667,17.00,52.00,4384.89,-1.0896,DOWN,107.00,0.5701,1.7003
20260901 220943 928,4376.40,1,4376.20,4376.50,0.30,4376.20,2,4376.10,5,4376.00,2,4375.90,6,4375.80,6,4375.70,8,4375.60,5,4375.50,9,4375.40,13,4375.30,11,4376.40,2,4376.50,3,4376.60,4,4376.70,3,4376.80,5,4376.90,5,4377.00,8,4377.10,8,4377.20,10,4377.30,11,Buy,34,27,61,7.00,25.00,-1.00,1.20,8.3,4376.30,4377.40,4376.20,4376.40,33,28,61,5.00,8.00,-6.00,1.60,37.5,21,75,0.6000,2.5714,18.00,53.00,4384.91,-1.0832,DOWN,107.00,0.5701,1.7003
20260901 220943 928,4376.40,1,4376.20,4376.50,0.30,4376.20,2,4376.10,5,4376.00,2,4375.90,6,4375.80,6,4375.70,8,4375.60,5,4375.50,9,4375.40,13,4375.30,11,4376.40,2,4376.50,3,4376.60,4,4376.70,3,4376.80,5,4376.90,5,4377.00,8,4377.10,8,4377.20,10,4377.30,11,Buy,35,27,62,8.00,25.00,-1.00,1.20,8.3,4376.30,4377.40,4376.20,4376.40,33,28,61,5.00,8.00,-6.00,1.60,37.5,21,75,0.6000,2.1250,19.00,54.00,4384.91,-1.0832,DOWN,107.00,0.5701,1.7003
20260901 220943 928,4376.50,1,4376.20,4376.50,0.30,4376.20,2,4376.10,5,4376.00,2,4375.90,6,4375.80,6,4375.70,8,4375.60,5,4375.50,9,4375.40,13,4375.30,11,4376.40,2,4376.50,3,4376.60,4,4376.70,3,4376.80,5,4376.90,5,4377.00,8,4377.10,8,4377.20,10,4377.30,11,Buy,36,27,63,9.00,25.00,-1.00,1.20,16.7,4376.30,4377.40,4376.20,4376.50,33,28,61,5.00,8.00,-6.00,1.60,37.5,21,75,0.6000,1.7778,20.00,55.00,4384.92,-1.0800,DOWN,107.00,0.5701,1.7003
20260901 220943 928,4376.50,1,4376.20,4376.50,0.30,4376.20,2,4376.10,5,4376.00,2,4375.90,6,4375.80,6,4375.70,8,4375.60,5,4375.50,9,4375.40,13,4375.30,11,4376.40,2,4376.50,3,4376.60,4,4376.70,3,4376.80,5,4376.90,5,4377.00,8,4377.10,8,4377.20,10,4377.30,11,Buy,37,27,64,10.00,25.00,-1.00,1.20,16.7,4376.30,4377.40,4376.20,4376.50,33,28,61,5.00,8.00,-6.00,1.60,37.5,21,75,0.6000,1.5000,21.00,56.00,4384.92,-1.0800,DOWN,107.00,0.5701,1.7003
20260901 220946 062,4376.60,2,4376.50,4376.80,0.30,4376.50,3,4376.40,2,4376.30,4,4376.20,5,4376.10,10,4376.00,4,4375.90,13,4375.80,12,4375.70,13,4375.60,10,4376.80,2,4376.90,4,4377.00,2,4377.10,2,4377.20,5,4377.30,11,4377.40,10,4377.50,10,4377.60,9,4377.70,8,Sell,37,29,66,8.00,25.00,-1.00,1.20,25.0,4376.30,4377.40,4376.20,4376.60,33,28,61,5.00,8.00,-6.00,1.60,37.5,21,75,0.6000,2.1250,19.00,54.00,4384.93,-1.0769,DOWN,107.00,0.5701,1.7003
20260901 220946 852,4376.50,1,4376.30,4376.60,0.30,4376.30,3,4376.20,4,4376.10,9,4376.00,3,4375.90,13,4375.80,12,4375.70,13,4375.60,10,4375.50,9,4375.40,13,4376.60,2,4376.70,3,4376.80,3,4376.90,4,4377.00,2,4377.10,3,4377.20,5,4377.30,11,4377.40,10,4377.50,10,Sell,37,30,67,7.00,25.00,-1.00,1.20,16.7,4376.30,4377.40,4376.20,4376.50,33,28,61,5.00,8.00,-6.00,1.60,37.5,21,75,0.6000,2.5714,18.00,53.00,4384.92,-1.0800,DOWN,107.00,0.5701,1.7003
20260901 220950 727,4376.50,1,4376.30,4376.50,0.20,4376.30,2,4376.20,3,4376.10,8,4376.00,4,4375.90,8,4375.80,12,4375.70,13,4375.60,10,4375.50,9,4375.40,13,4376.50,1,4376.60,2,4376.70,2,4376.80,3,4376.90,2,4377.00,2,4377.10,3,4377.20,5,4377.30,11,4377.40,10,Sell,37,31,68,6.00,25.00,-1.00,1.20,16.7,4376.30,4377.40,4376.20,4376.50,33,28,61,5.00,8.00,-6.00,1.60,37.5,21,75,0.6000,3.1667,17.00,52.00,4384.92,-1.0800,DOWN,107.00,0.5701,1.7003
20260901 220955 394,4376.50,1,4376.30,4376.60,0.30,4376.30,2,4376.20,3,4376.10,7,4376.00,4,4375.90,8,4375.80,7,4375.70,13,4375.60,11,4375.50,9,4375.40,11,4376.60,3,4376.70,2,4376.80,3,4376.90,3,4377.00,2,4377.10,3,4377.20,10,4377.30,11,4377.40,10,4377.50,10,Buy,38,31,69,7.00,25.00,-1.00,1.20,16.7,4376.30,4377.40,4376.20,4376.50,33,28,61,5.00,8.00,-6.00,1.60,37.5,21,75,0.6000,2.5714,18.00,53.00,4384.92,-1.0800,DOWN,107.00,0.5701,1.7003
20260901 221001 005,4376.50,1,4376.30,4376.60,0.30,4376.30,3,4376.20,4,4376.10,9,4376.00,3,4375.90,8,4375.80,8,4375.70,14,4375.60,10,4375.50,9,4375.40,11,4376.60,3,4376.70,2,4376.80,2,4376.90,4,4377.00,2,4377.10,3,4377.20,10,4377.30,11,4377.40,10,4377.50,10,Buy,1,0,1,1.00,1.00,1.00,0.00,0.0,4376.50,4376.50,4376.50,4376.50,38,31,69,7.00,25.00,-1.00,1.20,16.7,-24,81,2.5714,0.0000,32.00,-11.00,4384.92,-1.0800,DOWN,98.00,0.7041,1.5789
20260901 221001 005,4376.50,1,4376.30,4376.60,0.30,4376.30,3,4376.20,4,4376.10,9,4376.00,3,4375.90,8,4375.80,8,4375.70,14,4375.60,10,4375.50,9,4375.40,11,4376.60,3,4376.70,2,4376.80,2,4376.90,4,4377.00,2,4377.10,3,4377.20,10,4377.30,11,4377.40,10,4377.50,10,Buy,2,0,2,2.00,2.00,1.00,0.00,0.0,4376.50,4376.50,4376.50,4376.50,38,31,69,7.00,25.00,-1.00,1.20,16.7,-24,81,2.5714,0.0000,33.00,-10.00,4384.92,-1.0800,DOWN,98.00,0.7041,1.5789
20260901 221001 208,4376.60,1,4376.30,4376.60,0.30,4376.30,3,4376.20,4,4376.10,9,4376.00,4,4375.90,8,4375.80,7,4375.70,14,4375.60,10,4375.50,9,4375.40,11,4376.60,2,4376.70,2,4376.80,2,4376.90,4,4377.00,2,4377.10,3,4377.20,10,4377.30,11,4377.40,10,4377.50,10,Buy,3,0,3,3.00,3.00,1.00,0.10,100.0,4376.50,4376.60,4376.50,4376.60,38,31,69,7.00,25.00,-1.00,1.20,16.7,-24,81,2.5714,0.0000,34.00,-9.00,4384.93,-1.0769,DOWN,98.00,0.7041,1.5860
20260901 221001 853,4376.60,1,4376.30,4376.60,0.30,4376.30,2,4376.20,3,4376.10,9,4376.00,4,4375.90,8,4375.80,8,4375.70,13,4375.60,10,4375.50,9,4375.40,12,4376.60,2,4376.70,2,4376.80,2,4376.90,4,4377.00,2,4377.10,3,4377.20,10,4377.30,11,4377.40,10,4377.50,10,Buy,4,0,4,4.00,4.00,1.00,0.10,100.0,4376.50,4376.60,4376.50,4376.60,38,31,69,7.00,25.00,-1.00,1.20,16.7,-24,81,2.5714,0.0000,35.00,-8.00,4384.93,-1.0769,DOWN,98.00,0.7041,1.5860
20260901 221006 498,4376.40,1,4376.40,4376.60,0.20,4376.40,1,4376.30,4,4376.20,5,4376.10,10,4376.00,4,4375.90,9,4375.80,7,4375.70,13,4375.60,11,4375.50,9,4376.60,1,4376.80,4,4376.90,4,4377.00,2,4377.10,3,4377.20,10,4377.30,11,4377.40,10,4377.50,10,4377.60,9,Sell,4,1,5,3.00,4.00,1.00,0.20,50.0,4376.50,4376.60,4376.40,4376.40,38,31,69,7.00,25.00,-1.00,1.20,16.7,-24,81,2.5714,0.3333,34.00,-9.00,4384.91,-1.0832,DOWN,98.00,0.7041,1.5932
20260901 221007 248,4376.40,1,4376.20,4376.60,0.40,4376.20,5,4376.10,10,4376.00,4,4375.90,9,4375.80,7,4375.70,13,4375.60,11,4375.50,9,4375.40,11,4375.30,11,4376.60,1,4376.80,4,4376.90,4,4377.00,2,4377.10,3,4377.20,10,4377.30,11,4377.40,10,4377.50,10,4377.60,9,Sell,4,2,6,2.00,4.00,1.00,0.20,50.0,4376.50,4376.60,4376.40,4376.40,38,31,69,7.00,25.00,-1.00,1.20,16.7,-24,81,2.5714,1.0000,33.00,-10.00,4384.91,-1.0832,DOWN,98.00,0.7041,1.5932
20260901 221007 248,4376.30,1,4376.20,4376.60,0.40,4376.20,5,4376.10,10,4376.00,4,4375.90,9,4375.80,7,4375.70,13,4375.60,11,4375.50,9,4375.40,11,4375.30,11,4376.60,1,4376.80,4,4376.90,4,4377.00,2,4377.10,3,4377.20,10,4377.30,11,4377.40,10,4377.50,10,4377.60,9,Sell,4,3,7,1.00,4.00,1.00,0.30,66.7,4376.50,4376.60,4376.30,4376.30,38,31,69,7.00,25.00,-1.00,1.20,16.7,-24,81,2.5714,3.0000,32.00,-11.00,4384.90,-1.0864,DOWN,98.00,0.7041,1.6003
20260901 221008 519,4376.60,1,4376.40,4376.60,0.20,4376.40,2,4376.30,3,4376.20,5,4376.10,9,4376.00,4,4375.90,9,4375.80,7,4375.70,13,4375.60,11,4375.50,9,4376.80,4,4376.90,4,4377.00,2,4377.10,3,4377.20,10,4377.30,11,4377.40,10,4377.50,10,4377.60,9,4377.70,8,Buy,5,3,8,2.00,4.00,1.00,0.30,33.3,4376.50,4376.60,4376.30,4376.60,38,31,69,7.00,25.00,-1.00,1.20,16.7,-24,81,2.5714,1.0000,33.00,-10.00,4384.93,-1.0769,DOWN,98.00,0.7041,1.6003
20260901 221011 680,4376.70,1,4376.50,4376.80,0.30,4376.50,1,4376.40,2,4376.30,3,4376.20,5,4376.10,9,4376.00,3,4375.90,9,4375.80,12,4375.70,12,4375.60,10,4376.80,3,4376.90,2,4377.00,4,4377.10,2,4377.20,10,4377.30,11,4377.40,10,4377.50,10,4377.60,9,4377.70,8,Buy,6,3,9,3.00,4.00,1.00,0.40,50.0,4376.50,4376.70,4376.30,4376.70,38,31,69,7.00,25.00,-1.00,1.20,16.7,-24,81,2.5714,0.3333,34.00,-9.00,4384.94,-1.0737,DOWN,98.00,0.7041,1.6075
20260901 221014 305,4376.80,1,4376.50,4376.80,0.30,4376.50,2,4376.40,2,4376.30,3,4376.20,6,4376.10,9,4376.00,3,4375.90,9,4375.80,13,4375.70,12,4375.60,10,4376.80,2,4376.90,2,4377.00,4,4377.10,2,4377.20,10,4377.30,11,4377.40,10,4377.50,10,4377.60,9,4377.70,8,Buy,7,3,10,4.00,4.00,1.00,0.50,60.0,4376.50,4376.80,4376.30,4376.80,38,31,69,7.00,25.00,-1.00,1.20,16.7,-24,81,2.5714,0.0000,35.00,-8.00,4384.95,-1.0705,DOWN,98.00,0.7041,1.6146
20260901 221019 661,4376.50,1,4376.50,4376.70,0.20,4376.40,2,4376.30,3,4376.20,5,4376.10,9,4376.00,5,4375.90,10,4375.80,13,4375.70,12,4375.60,10,4375.50,9,4376.70,2,4376.90,3,4377.00,4,4377.10,3,4377.20,10,4377.30,11,4377.40,10,4377.50,10,4377.60,9,4377.70,8,Sell,7,4,11,3.00,4.00,1.00,0.50,0.0,4376.50,4376.80,4376.30,4376.50,38,31,69,7.00,25.00,-1.00,1.20,16.7,-24,81,2.5714,0.3333,34.00,-9.00,4384.92,-1.0800,DOWN,98.00,0.7041,1.6146
20260901 221020 456,4376.70,1,4376.50,4376.70,0.20,4376.50,1,4376.40,2,4376.30,3,4376.20,6,4376.10,9,4376.00,5,4375.90,10,4375.80,13,4375.70,12,4375.60,10,4376.80,1,4376.90,3,4377.00,2,4377.10,4,4377.20,10,4377.30,11,4377.40,10,4377.50,10,4377.60,9,4377.70,8,Buy,8,4,12,4.00,4.00,1.00,0.50,40.0,4376.50,4376.80,4376.30,4376.70,38,31,69,7.00,25.00,-1.00,1.20,16.7,-24,81,2.5714,0.0000,35.00,-8.00,4384.94,-1.0737,DOWN,98.00,0.7041,1.6146
20260901 221022 536,4376.40,1,4376.10,4376.40,0.30,4376.10,6,4376.00,2,4375.90,7,4375.80,6,4375.70,7,4375.60,10,4375.50,9,4375.40,11,4375.30,11,4375.20,9,4376.40,2,4376.50,3,4376.60,5,4376.70,3,4376.80,5,4376.90,5,4377.00,4,4377.10,9,4377.20,10,4377.30,11,Buy,9,4,13,5.00,5.00,1.00,0.50,20.0,4376.50,4376.80,4376.30,4376.40,38,31,69,7.00,25.00,-1.00,1.20,16.7,-24,81,2.5714,0.0000,36.00,-7.00,4384.91,-1.0832,DOWN,98.00,0.7041,1.6146
20260901 221026 289,4376.10,1,4375.90,4376.10,0.20,4376.10,6,4376.00,2,4375.90,7,4375.80,7,4375.70,6,4375.60,10,4375.50,9,4375.40,11,4375.30,11,4375.20,9,4376.40,2,4376.50,3,4376.60,5,4376.70,3,4376.80,6,4376.90,8,4377.00,4,4377.10,9,4377.20,10,4377.30,11,Sell,9,5,14,4.00,5.00,1.00,0.70,57.1,4376.50,4376.80,4376.10,4376.10,38,31,69,7.00,25.00,-1.00,1.20,16.7,-24,81,2.5714,0.2500,35.00,-8.00,4384.88,-1.0927,DOWN,98.00,0.7041,1.6289
20260901 221026 291,4376.10,4,4375.90,4376.10,0.20,4376.10,6,4376.00,2,4375.90,7,4375.80,7,4375.70,6,4375.60,10,4375.50,9,4375.40,11,4375.30,11,4375.20,9,4376.40,2,4376.50,3,4376.60,5,4376.70,3,4376.80,6,4376.90,8,4377.00,4,4377.10,9,4377.20,10,4377.30,11,Sell,9,9,18,0.00,5.00,0.00,0.70,57.1,4376.50,4376.80,4376.10,4376.10,38,31,69,7.00,25.00,-1.00,1.20,16.7,-24,81,2.5714,5.0000,31.00,-12.00,4384.88,-1.0927,DOWN,98.00,0.7041,1.6289
20260901 221026 294,4375.90,1,4375.90,4376.10,0.20,4376.10,6,4376.00,2,4375.90,7,4375.80,7,4375.70,6,4375.60,10,4375.50,9,4375.40,11,4375.30,11,4375.20,9,4376.40,2,4376.50,3,4376.60,5,4376.70,3,4376.80,6,4376.90,8,4377.00,4,4377.10,9,4377.20,10,4377.30,11,Sell,9,10,19,-1.00,5.00,-1.00,0.90,66.7,4376.50,4376.80,4375.90,4375.90,38,31,69,7.00,25.00,-1.00,1.20,16.7,-24,81,2.5714,0.0000,30.00,-13.00,4384.86,-1.0991,DOWN,98.00,0.7041,1.6432
20260901 221026 294,4375.90,1,4375.90,4376.10,0.20,4376.10,6,4376.00,2,4375.90,7,4375.80,7,4375.70,6,4375.60,10,4375.50,9,4375.40,11,4375.30,11,4375.20,9,4376.40,2,4376.50,3,4376.60,5,4376.70,3,4376.80,6,4376.90,8,4377.00,4,4377.10,9,4377.20,10,4377.30,11,Sell,9,11,20,-2.00,5.00,-2.00,0.90,66.7,4376.50,4376.80,4375.90,4375.90,38,31,69,7.00,25.00,-1.00,1.20,16.7,-24,81,2.5714,0.0000,29.00,-14.00,4384.86,-1.0991,DOWN,98.00,0.7041,1.6432
20260901 221026 302,4375.80,1,4375.70,4375.80,0.10,4375.70,1,4375.50,2,4375.40,6,4375.30,5,4375.20,5,4375.10,10,4375.00,13,4374.90,10,4374.80,12,4374.70,9,4376.00,3,4376.10,5,4376.20,8,4376.30,3,4376.40,3,4376.50,9,4376.60,10,4376.70,8,4376.80,10,4376.90,12,Buy,10,11,21,-1.00,5.00,-2.00,1.00,70.0,4376.50,4376.80,4375.80,4375.80,38,31,69,7.00,25.00,-1.00,1.20,16.7,-24,81,2.5714,1.0000,30.00,-13.00,4384.85,-1.1023,DOWN,98.00,0.7041,1.6503
20260901 221026 701,4375.70,1,4375.50,4375.70,0.20,4375.50,1,4375.40,2,4375.30,5,4375.20,4,4375.10,5,4375.00,13,4374.90,10,4374.80,12,4374.70,9,4374.60,10,4375.70,4,4375.80,3,4375.90,4,4376.00,7,4376.10,6,4376.20,5,4376.30,8,4376.40,8,4376.50,9,4376.60,10,Sell,10,12,22,-2.00,5.00,-2.00,1.10,72.7,4376.50,4376.80,4375.70,4375.70,38,31,69,7.00,25.00,-1.00,1.20,16.7,-24,81,2.5714,0.0000,29.00,-14.00,4384.84,-1.1054,DOWN,98.00,0.7041,1.6575
20260901 221027 417,4375.50,1,4375.30,4375.60,0.30,4375.30,4,4375.20,2,4375.10,4,4375.00,8,4374.90,10,4374.80,12,4374.70,9,4374.60,10,4374.50,7,4374.40,9,4375.60,3,4375.70,3,4375.80,5,4375.90,5,4376.00,5,4376.10,6,4376.20,5,4376.30,8,4376.40,8,4376.50,8,Sell,10,13,23,-3.00,5.00,-3.00,1.30,76.9,4376.50,4376.80,4375.50,4375.50,38,31,69,7.00,25.00,-1.00,1.20,16.7,-24,81,2.5714,0.0000,28.00,-15.00,4384.82,-1.1118,DOWN,98.00,0.7041,1.6717
20260901 221027 857,4375.30,1,4375.30,4375.50,0.20,4375.30,1,4375.20,2,4375.10,4,4375.00,7,4374.90,6,4374.80,12,4374.70,9,4374.60,10,4374.50,7,4374.40,9,4375.50,2,4375.60,3,4375.70,3,4375.80,6,4375.90,6,4376.00,4,4376.10,6,4376.20,10,4376.30,8,4376.40,8,Sell,10,14,24,-4.00,5.00,-4.00,1.50,80.0,4376.50,4376.80,4375.30,4375.30,38,31,69,7.00,25.00,-1.00,1.20,16.7,-24,81,2.5714,0.0000,27.00,-16.00,4384.80,-1.1181,DOWN,98.00,0.7041,1.6860
20260901 221028 174,4375.50,1,4375.30,4375.50,0.20,4375.30,2,4375.20,2,4375.10,4,4375.00,7,4374.90,6,4374.80,12,4374.70,9,4374.60,10,4374.50,7,4374.40,9,4375.60,3,4375.70,3,4375.80,6,4375.90,5,4376.00,4,4376.10,6,4376.20,10,4376.30,8,4376.40,8,4376.50,8,Buy,11,14,25,-3.00,5.00,-4.00,1.50,66.7,4376.50,4376.80,4375.30,4375.50,38,31,69,7.00,25.00,-1.00,1.20,16.7,-24,81,2.5714,0.3333,28.00,-15.00,4384.82,-1.1118,DOWN,98.00,0.7041,1.6860
20260901 221028 379,4375.40,1,4375.40,4375.60,0.20,4375.40,1,4375.30,3,4375.20,2,4375.10,4,4375.00,7,4374.90,6,4374.80,12,4374.70,9,4374.60,10,4374.50,7,4375.60,1,4375.70,3,4375.80,4,4375.90,5,4376.00,5,4376.10,6,4376.20,10,4376.30,8,4376.40,8,4376.50,8,Sell,11,15,26,-4.00,5.00,-4.00,1.50,73.3,4376.50,4376.80,4375.30,4375.40,38,31,69,7.00,25.00,-1.00,1.20,16.7,-24,81,2.5714,0.0000,27.00,-16.00,4384.81,-1.1150,DOWN,98.00,0.7041,1.6860
20260901 221030 287,4375.30,1,4375.20,4375.50,0.30,4375.20,4,4375.10,4,4375.00,7,4374.90,6,4374.80,12,4374.70,9,4374.60,10,4374.50,7,4374.40,9,4374.30,7,4375.50,2,4375.60,2,4375.70,4,4375.80,6,4375.90,5,4376.00,4,4376.10,11,4376.20,10,4376.30,8,4376.40,8,Sell,11,16,27,-5.00,5.00,-5.00,1.50,80.0,4376.50,4376.80,4375.30,4375.30,38,31,69,7.00,25.00,-1.00,1.20,16.7,-24,81,2.5714,0.0000,26.00,-17.00,4384.80,-1.1181,DOWN,98.00,0.7041,1.6860
20260901 221030 287,4375.20,1,4375.20,4375.50,0.30,4375.20,4,4375.10,4,4375.00,7,4374.90,6,4374.80,12,4374.70,9,4374.60,10,4374.50,7,4374.40,9,4374.30,7,4375.50,2,4375.60,2,4375.70,4,4375.80,6,4375.90,5,4376.00,4,4376.10,11,4376.20,10,4376.30,8,4376.40,8,Sell,11,17,28,-6.00,5.00,-6.00,1.60,81.2,4376.50,4376.80,4375.20,4375.20,38,31,69,7.00,25.00,-1.00,1.20,16.7,-24,81,2.5714,0.0000,25.00,-18.00,4384.79,-1.1213,DOWN,98.00,0.7041,1.6932
20260901 221030 903,4375.20,1,4375.20,4375.50,0.30,4375.20,2,4375.10,3,4375.00,7,4374.90,6,4374.80,12,4374.70,9,4374.60,10,4374.50,7,4374.40,10,4374.30,7,4375.50,2,4375.60,2,4375.70,4,4375.80,6,4375.90,4,4376.00,4,4376.10,11,4376.20,10,4376.30,8,4376.40,8,Sell,11,18,29,-7.00,5.00,-7.00,1.60,81.2,4376.50,4376.80,4375.20,4375.20,38,31,69,7.00,25.00,-1.00,1.20,16.7,-24,81,2.5714,0.0000,24.00,-19.00,4384.79,-1.1213,DOWN,98.00,0.7041,1.6932
20260901 221031 911,4375.30,1,4375.30,4375.50,0.20,4375.20,3,4375.10,3,4375.00,7,4374.90,6,4374.80,12,4374.70,9,4374.60,10,4374.50,7,4374.40,9,4374.30,7,4375.50,2,4375.60,2,4375.70,3,4375.80,4,4375.90,4,4376.00,3,4376.10,10,4376.20,10,4376.30,7,4376.40,9,Sell,11,19,30,-8.00,5.00,-8.00,1.60,75.0,4376.50,4376.80,4375.20,4375.30,38,31,69,7.00,25.00,-1.00,1.20,16.7,-24,81,2.5714,0.0000,23.00,-20.00,4384.80,-1.1181,DOWN,98.00,0.7041,1.6932
20260901 221032 933,4375.10,1,4375.00,4375.20,0.20,4375.00,3,4374.90,3,4374.80,4,4374.70,3,4374.60,9,4374.50,8,4374.40,9,4374.30,7,4374.20,8,4374.10,8,4375.20,2,4375.30,4,4375.40,3,4375.50,4,4375.60,6,4375.70,3,4375.80,5,4375.90,10,4376.00,8,4376.10,10,Sell,11,20,31,-9.00,5.00,-9.00,1.70,82.4,4376.50,4376.80,4375.10,4375.10,38,31,69,7.00,25.00,-1.00,1.20,16.7,-24,81,2.5714,0.0000,22.00,-21.00,4384.79,-1.1245,DOWN,98.00,0.7041,1.7003
20260901 221032 969,4375.00,1,4374.80,4375.00,0.20,4374.80,1,4374.70,2,4374.60,3,4374.50,4,4374.40,4,4374.30,4,4374.20,8,4374.10,8,4374.00,10,4373.90,8,4375.00,2,4375.10,3,4375.20,2,4375.30,6,4375.40,7,4375.50,4,4375.60,3,4375.70,8,4375.80,10,4375.90,10,Sell,11,21,32,-10.00,5.00,-10.00,1.80,83.3,4376.50,4376.80,4375.00,4375.00,38,31,69,7.00,25.00,-1.00,1.20,16.7,-24,81,2.5714,0.0000,21.00,-22.00,4384.78,-1.1277,DOWN,98.00,0.7041,1.7075
20260901 221032 969,4375.00,1,4374.80,4375.00,0.20,4374.80,1,4374.70,2,4374.60,3,4374.50,4,4374.40,4,4374.30,4,4374.20,8,4374.10,8,4374.00,10,4373.90,8,4375.00,2,4375.10,3,4375.20,2,4375.30,6,4375.40,7,4375.50,4,4375.60,3,4375.70,8,4375.80,10,4375.90,10,Sell,11,22,33,-11.00,5.00,-11.00,1.80,83.3,4376.50,4376.80,4375.00,4375.00,38,31,69,7.00,25.00,-1.00,1.20,16.7,-24,81,2.5714,0.0000,20.00,-23.00,4384.78,-1.1277,DOWN,98.00,0.7041,1.7075
20260901 221032 969,4375.00,1,4374.80,4375.00,0.20,4374.80,1,4374.70,2,4374.60,3,4374.50,4,4374.40,4,4374.30,4,4374.20,8,4374.10,8,4374.00,10,4373.90,8,4375.00,2,4375.10,3,4375.20,2,4375.30,6,4375.40,7,4375.50,4,4375.60,3,4375.70,8,4375.80,10,4375.90,10,Sell,11,23,34,-12.00,5.00,-12.00,1.80,83.3,4376.50,4376.80,4375.00,4375.00,38,31,69,7.00,25.00,-1.00,1.20,16.7,-24,81,2.5714,0.0000,19.00,-24.00,4384.78,-1.1277,DOWN,98.00,0.7041,1.7075
20260901 221032 974,4374.90,1,4374.80,4375.00,0.20,4374.80,1,4374.70,2,4374.60,3,4374.50,4,4374.40,4,4374.30,4,4374.20,8,4374.10,8,4374.00,10,4373.90,8,4375.00,2,4375.10,3,4375.20,2,4375.30,6,4375.40,7,4375.50,4,4375.60,3,4375.70,8,4375.80,10,4375.90,10,Sell,11,24,35,-13.00,5.00,-13.00,1.90,84.2,4376.50,4376.80,4374.90,4374.90,38,31,69,7.00,25.00,-1.00,1.20,16.7,-24,81,2.5714,0.0000,18.00,-25.00,4384.77,-1.1308,DOWN,98.00,0.7041,1.7146
20260901 221033 549,4374.90,1,4374.90,4375.10,0.20,4374.90,1,4374.80,5,4374.70,3,4374.60,5,4374.50,5,4374.40,5,4374.30,4,4374.20,8,4374.10,8,4374.00,10,4375.10,2,4375.20,2,4375.30,6,4375.40,7,4375.50,4,4375.60,11,4375.70,8,4375.80,11,4375.90,10,4376.00,8,Sell,11,25,36,-14.00,5.00,-14.00,1.90,84.2,4376.50,4376.80,4374.90,4374.90,38,31,69,7.00,25.00,-1.00,1.20,16.7,-24,81,2.5714,0.0000,17.00,-26.00,4384.77,-1.1308,DOWN,98.00,0.7041,1.7146
20260901 221034 227,4374.90,1,4374.90,4375.10,0.20,4374.80,5,4374.70,3,4374.60,5,4374.50,5,4374.40,5,4374.30,4,4374.20,8,4374.10,8,4374.00,10,4373.90,8,4375.10,3,4375.20,2,4375.30,5,4375.40,7,4375.50,3,4375.60,11,4375.70,8,4375.80,11,4375.90,11,4376.00,8,Sell,11,26,37,-15.00,5.00,-15.00,1.90,84.2,4376.50,4376.80,4374.90,4374.90,38,31,69,7.00,25.00,-1.00,1.20,16.7,-24,81,2.5714,0.0000,16.00,-27.00,4384.77,-1.1308,DOWN,98.00,0.7041,1.7146
20260901 221035 372,4374.90,1,4374.90,4375.10,0.20,4374.90,2,4374.80,3,4374.70,3,4374.60,5,4374.50,5,4374.40,5,4374.30,4,4374.20,8,4374.10,8,4374.00,10,4375.10,1,4375.20,2,4375.30,5,4375.40,7,4375.50,3,4375.60,11,4375.70,8,4375.80,11,4375.90,10,4376.00,8,Sell,11,27,38,-16.00,5.00,-16.00,1.90,84.2,4376.50,4376.80,4374.90,4374.90,38,31,69,7.00,25.00,-1.00,1.20,16.7,-24,81,2.5714,0.0000,15.00,-28.00,4384.77,-1.1308,DOWN,98.00,0.7041,1.7146
20260901 221039 397,4375.00,1,4375.00,4375.30,0.30,4375.00,2,4374.90,4,4374.80,1,4374.70,3,4374.60,5,4374.50,5,4374.40,5,4374.30,9,4374.20,8,4374.10,8,4375.30,3,4375.40,3,4375.50,3,4375.60,3,4375.70,2,4375.80,11,4375.90,10,4376.00,8,4376.10,10,4376.20,9,Sell,11,28,39,-17.00,5.00,-17.00,1.90,78.9,4376.50,4376.80,4374.90,4375.00,38,31,69,7.00,25.00,-1.00,1.20,16.7,-24,81,2.5714,0.0000,14.00,-29.00,4384.78,-1.1277,DOWN,98.00,0.7041,1.7146
20260901 221039 400,4375.00,1,4375.00,4375.30,0.30,4375.00,2,4374.90,4,4374.80,1,4374.70,3,4374.60,5,4374.50,5,4374.40,5,4374.30,9,4374.20,8,4374.10,8,4375.30,3,4375.40,3,4375.50,3,4375.60,3,4375.70,2,4375.80,11,4375.90,10,4376.00,8,4376.10,10,4376.20,9,Buy,12,28,40,-16.00,5.00,-17.00,1.90,78.9,4376.50,4376.80,4374.90,4375.00,38,31,69,7.00,25.00,-1.00,1.20,16.7,-24,81,2.5714,0.0625,15.00,-28.00,4384.78,-1.1277,DOWN,98.00,0.7041,1.7146
20260901 221039 400,4375.10,1,4375.00,4375.30,0.30,4375.00,2,4374.90,4,4374.80,1,4374.70,3,4374.60,5,4374.50,5,4374.40,5,4374.30,9,4374.20,8,4374.10,8,4375.30,3,4375.40,3,4375.50,3,4375.60,3,4375.70,2,4375.80,11,4375.90,10,4376.00,8,4376.10,10,4376.20,9,Buy,13,28,41,-15.00,5.00,-17.00,1.90,73.7,4376.50,4376.80,4374.90,4375.10,38,31,69,7.00,25.00,-1.00,1.20,16.7,-24,81,2.5714,0.1333,16.00,-27.00,4384.79,-1.1245,DOWN,98.00,0.7041,1.7146
20260901 221039 776,4375.30,1,4375.00,4375.20,0.20,4375.00,1,4374.90,4,4374.80,1,4374.70,3,4374.60,5,4374.50,5,4374.40,5,4374.30,9,4374.20,8,4374.10,8,4375.20,1,4375.30,4,4375.40,3,4375.50,3,4375.60,3,4375.70,2,4375.80,11,4375.90,10,4376.00,8,4376.10,10,Buy,14,28,42,-14.00,5.00,-17.00,1.90,63.2,4376.50,4376.80,4374.90,4375.30,38,31,69,7.00,25.00,-1.00,1.20,16.7,-24,81,2.5714,0.2143,17.00,-26.00,4384.80,-1.1181,DOWN,98.00,0.7041,1.7146
20260901 221039 963,4375.10,1,4374.90,4375.20,0.30,4374.90,4,4374.80,3,4374.70,3,4374.60,5,4374.50,4,4374.40,10,4374.30,9,4374.20,8,4374.10,8,4374.00,10,4375.20,3,4375.30,4,4375.40,5,4375.50,4,4375.60,3,4375.70,2,4375.80,11,4375.90,10,4376.00,8,4376.10,10,Buy,15,28,43,-13.00,5.00,-17.00,1.90,73.7,4376.50,4376.80,4374.90,4375.10,38,31,69,7.00,25.00,-1.00,1.20,16.7,-24,81,2.5714,0.3077,18.00,-25.00,4384.79,-1.1245,DOWN,98.00,0.7041,1.7146
20260901 221040 019,4375.20,1,4374.90,4375.20,0.30,4374.90,4,4374.80,3,4374.70,3,4374.60,5,4374.50,4,4374.40,10,4374.30,9,4374.20,8,4374.10,8,4374.00,10,4375.20,3,4375.30,4,4375.40,5,4375.50,4,4375.60,3,4375.70,2,4375.80,11,4375.90,10,4376.00,8,4376.10,10,Buy,16,28,44,-12.00,5.00,-17.00,1.90,68.4,4376.50,4376.80,4374.90,4375.20,38,31,69,7.00,25.00,-1.00,1.20,16.7,-24,81,2.5714,0.4167,19.00,-24.00,4384.79,-1.1213,DOWN,98.00,0.7041,1.7146
20260901 221040 353,4375.00,3,4374.90,4375.00,0.10,4374.90,5,4374.80,3,4374.70,3,4374.60,5,4374.50,4,4374.40,10,4374.30,9,4374.20,8,4374.10,8,4374.00,10,4375.20,1,4375.30,4,4375.40,5,4375.50,3,4375.60,3,4375.70,3,4375.80,11,4375.90,10,4376.00,8,4376.10,10,Buy,19,28,47,-9.00,5.00,-17.00,1.90,78.9,4376.50,4376.80,4374.90,4375.00,38,31,69,7.00,25.00,-1.00,1.20,16.7,-24,81,2.5714,0.8889,22.00,-21.00,4384.78,-1.1277,DOWN,98.00,0.7041,1.7146
20260901 221040 630,4375.30,1,4375.30,4375.50,0.20,4375.20,2,4375.10,4,4375.00,3,4374.90,4,4374.80,4,4374.70,3,4374.60,5,4374.50,10,4374.40,11,4374.30,9,4375.50,3,4375.60,2,4375.70,2,4375.80,11,4375.90,10,4376.00,8,4376.10,10,4376.20,9,4376.30,7,4376.40,10,Buy,20,28,48,-8.00,5.00,-17.00,1.90,63.2,4376.50,4376.80,4374.90,4375.30,38,31,69,7.00,25.00,-1.00,1.20,16.7,-24,81,2.5714,1.1250,23.00,-20.00,4384.80,-1.1181,DOWN,98.00,0.7041,1.7146
20260901 221040 634,4375.50,1,4375.30,4375.50,0.20,4375.20,2,4375.10,4,4375.00,3,4374.90,4,4374.80,4,4374.70,3,4374.60,5,4374.50,10,4374.40,11,4374.30,9,4375.50,3,4375.60,2,4375.70,2,4375.80,11,4375.90,10,4376.00,8,4376.10,10,4376.20,9,4376.30,7,4376.40,10,Buy,21,28,49,-7.00,5.00,-17.00,1.90,52.6,4376.50,4376.80,4374.90,4375.50,38,31,69,7.00,25.00,-1.00,1.20,16.7,-24,81,2.5714,1.4286,24.00,-19.00,4384.82,-1.1118,DOWN,98.00,0.7041,1.7146
20260901 221043 384,4375.60,1,4375.60,4375.70,0.10,4375.50,2,4375.40,3,4375.30,5,4375.20,5,4375.10,5,4375.00,5,4374.90,10,4374.80,10,4374.70,9,4374.60,11,4375.70,1,4375.90,4,4376.00,2,4376.10,4,4376.20,4,4376.30,7,4376.40,10,4376.50,7,4376.60,9,4376.70,7,Sell,21,29,50,-8.00,5.00,-17.00,1.90,47.4,4376.50,4376.80,4374.90,4375.60,38,31,69,7.00,25.00,-1.00,1.20,16.7,-24,81,2.5714,1.1250,23.00,-20.00,4384.83,-1.1086,DOWN,98.00,0.7041,1.7146
20260901 221044 371,4375.70,1,4375.50,4375.90,0.40,4375.50,3,4375.40,4,4375.30,4,4375.20,5,4375.10,5,4375.00,10,4374.90,10,4374.80,10,4374.70,9,4374.60,11,4375.90,3,4376.00,2,4376.10,5,4376.20,4,4376.30,3,4376.40,9,4376.50,7,4376.60,9,4376.70,7,4376.80,10,Buy,22,29,51,-7.00,5.00,-17.00,1.90,42.1,4376.50,4376.80,4374.90,4375.70,38,31,69,7.00,25.00,-1.00,1.20,16.7,-24,81,2.5714,1.4286,24.00,-19.00,4384.84,-1.1054,DOWN,98.00,0.7041,1.7146
20260901 221046 429,4375.30,1,4375.30,4375.60,0.30,4375.40,2,4375.30,5,4375.20,4,4375.10,5,4375.00,5,4374.90,5,4374.80,10,4374.70,9,4374.60,11,4374.50,12,4375.60,2,4375.70,4,4375.80,4,4375.90,5,4376.00,4,4376.10,5,4376.20,9,4376.30,8,4376.40,9,4376.50,7,Sell,22,30,52,-8.00,5.00,-17.00,1.90,63.2,4376.50,4376.80,4374.90,4375.30,38,31,69,7.00,25.00,-1.00,1.20,16.7,-24,81,2.5714,1.1250,23.00,-20.00,4384.80,-1.1181,DOWN,98.00,0.7041,1.7146
20260901 221046 429,4375.30,1,4375.30,4375.60,0.30,4375.40,2,4375.30,5,4375.20,4,4375.10,5,4375.00,5,4374.90,5,4374.80,10,4374.70,9,4374.60,11,4374.50,12,4375.60,2,4375.70,4,4375.80,4,4375.90,5,4376.00,4,4376.10,5,4376.20,9,4376.30,8,4376.40,9,4376.50,7,Sell,22,31,53,-9.00,5.00,-17.00,1.90,63.2,4376.50,4376.80,4374.90,4375.30,38,31,69,7.00,25.00,-1.00,1.20,16.7,-24,81,2.5714,0.8889,22.00,-21.00,4384.80,-1.1181,DOWN,98.00,0.7041,1.7146
20260901 221046 980,4375.40,1,4375.40,4375.60,0.20,4375.40,1,4375.30,5,4375.20,4,4375.10,5,4375.00,5,4374.90,5,4374.80,10,4374.70,9,4374.60,11,4374.50,12,4375.60,3,4375.70,4,4375.80,4,4375.90,5,4376.00,4,4376.10,5,4376.20,9,4376.30,8,4376.40,9,4376.50,7,Sell,22,32,54,-10.00,5.00,-17.00,1.90,57.9,4376.50,4376.80,4374.90,4375.40,38,31,69,7.00,25.00,-1.00,1.20,16.7,-24,81,2.5714,0.7000,21.00,-22.00,4384.81,-1.1150,DOWN,98.00,0.7041,1.7146
20260901 221047 476,4375.40,1,4375.40,4375.60,0.20,4375.40,2,4375.30,6,4375.20,4,4375.10,5,4375.00,5,4374.90,5,4374.80,11,4374.70,9,4374.60,11,4374.50,12,4375.60,2,4375.70,3,4375.80,4,4375.90,5,4376.00,4,4376.10,5,4376.20,9,4376.30,8,4376.40,9,4376.50,7,Sell,22,33,55,-11.00,5.00,-17.00,1.90,57.9,4376.50,4376.80,4374.90,4375.40,38,31,69,7.00,25.00,-1.00,1.20,16.7,-24,81,2.5714,0.5455,20.00,-23.00,4384.81,-1.1150,DOWN,98.00,0.7041,1.7146
20260901 221050 167,4375.40,1,4375.40,4375.60,0.20,4375.40,3,4375.30,6,4375.20,4,4375.10,6,4375.00,5,4374.90,5,4374.80,10,4374.70,9,4374.60,11,4374.50,12,4375.60,2,4375.70,3,4375.80,4,4375.90,5,4376.00,4,4376.10,5,4376.20,9,4376.30,8,4376.40,9,4376.50,7,Sell,22,34,56,-12.00,5.00,-17.00,1.90,57.9,4376.50,4376.80,4374.90,4375.40,38,31,69,7.00,25.00,-1.00,1.20,16.7,-24,81,2.5714,0.4167,19.00,-24.00,4384.81,-1.1150,DOWN,98.00,0.7041,1.7146
20260901 221055 417,4375.60,1,4375.50,4375.60,0.10,4375.50,2,4375.40,3,4375.30,5,4375.20,4,4375.10,6,4375.00,5,4374.90,5,4374.80,10,4374.70,9,4374.60,11,4375.70,1,4375.80,2,4375.90,5,4376.00,4,4376.10,5,4376.20,4,4376.30,8,4376.40,9,4376.50,7,4376.60,9,Buy,23,34,57,-11.00,5.00,-17.00,1.90,47.4,4376.50,4376.80,4374.90,4375.60,38,31,69,7.00,25.00,-1.00,1.20,16.7,-24,81,2.5714,0.5455,20.00,-23.00,4384.83,-1.1086,DOWN,98.00,0.7041,1.7146
20260901 221055 417,4375.60,1,4375.50,4375.60,0.10,4375.50,2,4375.40,3,4375.30,5,4375.20,4,4375.10,6,4375.00,5,4374.90,5,4374.80,10,4374.70,9,4374.60,11,4375.70,1,4375.80,2,4375.90,5,4376.00,4,4376.10,5,4376.20,4,4376.30,8,4376.40,9,4376.50,7,4376.60,9,Buy,24,34,58,-10.00,5.00,-17.00,1.90,47.4,4376.50,4376.80,4374.90,4375.60,38,31,69,7.00,25.00,-1.00,1.20,16.7,-24,81,2.5714,0.7000,21.00,-22.00,4384.83,-1.1086,DOWN,98.00,0.7041,1.7146
20260901 221105 346,4375.30,1,4375.30,4375.60,0.30,4375.30,2,4375.20,4,4375.10,5,4375.00,5,4374.90,5,4374.80,10,4374.70,9,4374.60,11,4374.50,12,4374.40,11,4375.60,2,4375.70,2,4375.80,3,4375.90,7,4376.00,5,4376.10,5,4376.20,4,4376.30,8,4376.40,9,4376.50,7,Sell,0,1,1,-1.00,-1.00,-1.00,0.00,0.0,4375.30,4375.30,4375.30,4375.30,24,34,58,-10.00,5.00,-17.00,1.90,47.4,15,57,0.7000,0.0000,21.00,12.00,4384.80,-1.1181,DOWN,96.00,0.6042,1.6136
20260901 221106 042,4375.60,1,4375.60,4375.70,0.10,4375.60,1,4375.50,4,4375.40,4,4375.30,4,4375.20,4,4375.10,7,4375.00,5,4374.90,10,4374.80,10,4374.70,9,4375.70,1,4375.90,4,4376.00,4,4376.10,4,4376.20,4,4376.30,8,4376.40,9,4376.50,7,4376.60,9,4376.70,8,Buy,1,1,2,0.00,0.00,-1.00,0.30,100.0,4375.30,4375.60,4375.30,4375.60,24,34,58,-10.00,5.00,-17.00,1.90,47.4,15,57,0.7000,0.0000,22.00,13.00,4384.83,-1.1086,DOWN,96.00,0.6042,1.6136
20260901 221107 085,4375.90,1,4375.90,4376.00,0.10,4375.70,2,4375.60,3,4375.50,3,4375.40,5,4375.30,5,4375.20,5,4375.10,6,4375.00,5,4374.90,10,4374.80,10,4376.00,4,4376.10,4,4376.20,4,4376.30,3,4376.40,9,4376.50,7,4376.60,9,4376.70,8,4376.80,9,4376.90,10,Buy,2,1,3,1.00,1.00,-1.00,0.60,100.0,4375.30,4375.90,4375.30,4375.90,24,34,58,-10.00,5.00,-17.00,1.90,47.4,15,57,0.7000,0.0000,23.00,14.00,4384.86,-1.0991,DOWN,96.00,0.6042,1.6350
20260901 221107 085,4375.90,1,4375.90,4376.00,0.10,4375.70,2,4375.60,3,4375.50,3,4375.40,5,4375.30,5,4375.20,5,4375.10,6,4375.00,5,4374.90,10,4374.80,10,4376.00,4,4376.10,4,4376.20,4,4376.30,3,4376.40,9,4376.50,7,4376.60,9,4376.70,8,4376.80,9,4376.90,10,Buy,3,1,4,2.00,2.00,-1.00,0.60,100.0,4375.30,4375.90,4375.30,4375.90,24,34,58,-10.00,5.00,-17.00,1.90,47.4,15,57,0.7000,0.0000,24.00,15.00,4384.86,-1.0991,DOWN,96.00,0.6042,1.6350
20260901 221107 085,4375.90,1,4375.90,4376.00,0.10,4375.70,2,4375.60,3,4375.50,3,4375.40,5,4375.30,5,4375.20,5,4375.10,6,4375.00,5,4374.90,10,4374.80,10,4376.00,4,4376.10,4,4376.20,4,4376.30,3,4376.40,9,4376.50,7,4376.60,9,4376.70,8,4376.80,9,4376.90,10,Buy,4,1,5,3.00,3.00,-1.00,0.60,100.0,4375.30,4375.90,4375.30,4375.90,24,34,58,-10.00,5.00,-17.00,1.90,47.4,15,57,0.7000,0.0000,25.00,16.00,4384.86,-1.0991,DOWN,96.00,0.6042,1.6350
20260901 221107 090,4376.00,1,4375.90,4376.00,0.10,4375.70,2,4375.60,3,4375.50,3,4375.40,5,4375.30,5,4375.20,5,4375.10,6,4375.00,5,4374.90,10,4374.80,10,4376.00,4,4376.10,4,4376.20,4,4376.30,3,4376.40,9,4376.50,7,4376.60,9,4376.70,8,4376.80,9,4376.90,10,Buy,5,1,6,4.00,4.00,-1.00,0.70,100.0,4375.30,4376.00,4375.30,4376.00,24,34,58,-10.00,5.00,-17.00,1.90,47.4,15,57,0.7000,0.0000,26.00,17.00,4384.87,-1.0959,DOWN,96.00,0.6042,1.6421
20260901 221108 469,4376.00,1,4376.00,4376.20,0.20,4375.90,1,4375.80,4,4375.70,5,4375.60,3,4375.50,3,4375.40,7,4375.30,10,4375.20,10,4375.10,10,4375.00,10,4376.20,3,4376.30,2,4376.40,4,4376.50,2,4376.60,4,4376.70,8,4376.80,9,4376.90,10,4377.00,8,4377.10,8,Sell,5,2,7,3.00,4.00,-1.00,0.70,100.0,4375.30,4376.00,4375.30,4376.00,24,34,58,-10.00,5.00,-17.00,1.90,47.4,15,57,0.7000,0.3333,25.00,16.00,4384.87,-1.0959,DOWN,96.00,0.6042,1.6421
20260901 221113 002,4375.80,1,4375.70,4376.00,0.30,4375.70,3,4375.60,3,4375.50,3,4375.40,6,4375.30,4,4375.20,5,4375.10,10,4375.00,10,4374.90,10,4374.80,10,4376.00,1,4376.10,3,4376.20,3,4376.30,3,4376.40,4,4376.50,2,4376.60,4,4376.70,8,4376.80,9,4376.90,9,Sell,5,3,8,2.00,4.00,-1.00,0.70,71.4,4375.30,4376.00,4375.30,4375.80,24,34,58,-10.00,5.00,-17.00,1.90,47.4,15,57,0.7000,1.0000,24.00,15.00,4384.85,-1.1023,DOWN,96.00,0.6042,1.6421
20260901 221115 226,4376.00,1,4375.80,4376.10,0.30,4375.80,3,4375.70,3,4375.60,3,4375.50,4,4375.40,6,4375.30,5,4375.20,5,4375.10,10,4375.00,10,4374.90,10,4376.10,2,4376.20,3,4376.30,3,4376.40,4,4376.50,2,4376.60,5,4376.70,8,4376.80,9,4376.90,9,4377.00,8,Buy,6,3,9,3.00,4.00,-1.00,0.70,100.0,4375.30,4376.00,4375.30,4376.00,24,34,58,-10.00,5.00,-17.00,1.90,47.4,15,57,0.7000,0.3333,25.00,16.00,4384.87,-1.0959,DOWN,96.00,0.6042,1.6421
20260901 221117 737,4376.00,1,4376.00,4376.20,0.20,4376.00,1,4375.90,3,4375.80,3,4375.70,4,4375.60,3,4375.50,4,4375.40,6,4375.30,5,4375.20,10,4375.10,10,4376.20,2,4376.30,3,4376.40,4,4376.50,2,4376.60,5,4376.70,8,4376.80,9,4376.90,9,4377.00,8,4377.10,8,Sell,6,4,10,2.00,4.00,-1.00,0.70,100.0,4375.30,4376.00,4375.30,4376.00,24,34,58,-10.00,5.00,-17.00,1.90,47.4,15,57,0.7000,1.0000,24.00,15.00,4384.87,-1.0959,DOWN,96.00,0.6042,1.6421
20260901 221120 278,4375.80,1,4375.80,4376.00,0.20,4375.70,3,4375.60,3,4375.50,3,4375.40,6,4375.30,4,4375.20,10,4375.10,10,4375.00,10,4374.90,10,4374.80,10,4376.00,3,4376.10,3,4376.20,3,4376.30,3,4376.40,5,4376.50,2,4376.60,5,4376.70,8,4376.80,9,4376.90,9,Sell,6,5,11,1.00,4.00,-1.00,0.70,71.4,4375.30,4376.00,4375.30,4375.80,24,34,58,-10.00,5.00,-17.00,1.90,47.4,15,57,0.7000,3.0000,23.00,14.00,4384.85,-1.1023,DOWN,96.00,0.6042,1.6421
20260901 221124 524,4375.70,1,4375.70,4376.00,0.30,4375.60,1,4375.50,3,4375.40,6,4375.30,4,4375.20,10,4375.10,10,4375.00,10,4374.90,10,4374.80,11,4374.70,9,4376.00,3,4376.10,2,4376.20,3,4376.30,3,4376.40,4,4376.50,2,4376.60,3,4376.70,8,4376.80,9,4376.90,9,Sell,6,6,12,0.00,4.00,-1.00,0.70,57.1,4375.30,4376.00,4375.30,4375.70,24,34,58,-10.00,5.00,-17.00,1.90,47.4,15,57,0.7000,4.0000,22.00,13.00,4384.84,-1.1054,DOWN,96.00,0.6042,1.6421
20260901 221124 524,4375.70,1,4375.70,4376.00,0.30,4375.60,1,4375.50,3,4375.40,6,4375.30,4,4375.20,10,4375.10,10,4375.00,10,4374.90,10,4374.80,11,4374.70,9,4376.00,3,4376.10,2,4376.20,3,4376.30,3,4376.40,4,4376.50,2,4376.60,3,4376.70,8,4376.80,9,4376.90,9,Sell,6,7,13,-1.00,4.00,-1.00,0.70,57.1,4375.30,4376.00,4375.30,4375.70,24,34,58,-10.00,5.00,-17.00,1.90,47.4,15,57,0.7000,0.0000,21.00,12.00,4384.84,-1.1054,DOWN,96.00,0.6042,1.6421
20260901 221124 524,4375.60,1,4375.70,4376.00,0.30,4375.60,1,4375.50,3,4375.40,6,4375.30,4,4375.20,10,4375.10,10,4375.00,10,4374.90,10,4374.80,11,4374.70,9,4376.00,3,4376.10,2,4376.20,3,4376.30,3,4376.40,4,4376.50,2,4376.60,3,4376.70,8,4376.80,9,4376.90,9,Sell,6,8,14,-2.00,4.00,-2.00,0.70,42.9,4375.30,4376.00,4375.30,4375.60,24,34,58,-10.00,5.00,-17.00,1.90,47.4,15,57,0.7000,0.0000,20.00,11.00,4384.83,-1.1086,DOWN,96.00,0.6042,1.6421
20260901 221124 524,4375.60,1,4375.70,4376.00,0.30,4375.60,1,4375.50,3,4375.40,6,4375.30,4,4375.20,10,4375.10,10,4375.00,10,4374.90,10,4374.80,11,4374.70,9,4376.00,3,4376.10,2,4376.20,3,4376.30,3,4376.40,4,4376.50,2,4376.60,3,4376.70,8,4376.80,9,4376.90,9,Sell,6,9,15,-3.00,4.00,-3.00,0.70,42.9,4375.30,4376.00,4375.30,4375.60,24,34,58,-10.00,5.00,-17.00,1.90,47.4,15,57,0.7000,0.0000,19.00,10.00,4384.83,-1.1086,DOWN,96.00,0.6042,1.6421
20260901 221124 992,4375.50,1,4375.40,4375.70,0.30,4375.40,2,4375.30,6,4375.20,3,4375.10,4,4375.00,5,4374.90,10,4374.80,10,4374.70,9,4374.60,12,4374.50,12,4375.70,2,4375.80,3,4375.90,5,4376.00,5,4376.10,3,4376.20,5,4376.30,4,4376.40,9,4376.50,7,4376.60,8,Sell,6,10,16,-4.00,4.00,-4.00,0.70,28.6,4375.30,4376.00,4375.30,4375.50,24,34,58,-10.00,5.00,-17.00,1.90,47.4,15,57,0.7000,0.0000,18.00,9.00,4384.82,-1.1118,DOWN,96.00,0.6042,1.6421
20260901 221124 992,4375.40,1,4375.40,4375.70,0.30,4375.40,2,4375.30,6,4375.20,3,4375.10,4,4375.00,5,4374.90,10,4374.80,10,4374.70,9,4374.60,12,4374.50,12,4375.70,2,4375.80,3,4375.90,5,4376.00,5,4376.10,3,4376.20,5,4376.30,4,4376.40,9,4376.50,7,4376.60,8,Sell,6,11,17,-5.00,4.00,-5.00,0.70,14.3,4375.30,4376.00,4375.30,4375.40,24,34,58,-10.00,5.00,-17.00,1.90,47.4,15,57,0.7000,0.0000,17.00,8.00,4384.81,-1.1150,DOWN,96.00,0.6042,1.6421
20260901 221124 992,4375.40,1,4375.40,4375.70,0.30,4375.40,2,4375.30,6,4375.20,3,4375.10,4,4375.00,5,4374.90,10,4374.80,10,4374.70,9,4374.60,12,4374.50,12,4375.70,2,4375.80,3,4375.90,5,4376.00,5,4376.10,3,4376.20,5,4376.30,4,4376.40,9,4376.50,7,4376.60,8,Sell,6,12,18,-6.00,4.00,-6.00,0.70,14.3,4375.30,4376.00,4375.30,4375.40,24,34,58,-10.00,5.00,-17.00,1.90,47.4,15,57,0.7000,0.0000,16.00,7.00,4384.81,-1.1150,DOWN,96.00,0.6042,1.6421
20260901 221124 992,4375.40,1,4375.40,4375.70,0.30,4375.40,2,4375.30,6,4375.20,3,4375.10,4,4375.00,5,4374.90,10,4374.80,10,4374.70,9,4374.60,12,4374.50,12,4375.70,2,4375.80,3,4375.90,5,4376.00,5,4376.10,3,4376.20,5,4376.30,4,4376.40,9,4376.50,7,4376.60,8,Sell,6,13,19,-7.00,4.00,-7.00,0.70,14.3,4375.30,4376.00,4375.30,4375.40,24,34,58,-10.00,5.00,-17.00,1.90,47.4,15,57,0.7000,0.0000,15.00,6.00,4384.81,-1.1150,DOWN,96.00,0.6042,1.6421
20260901 221124 992,4375.30,1,4375.40,4375.70,0.30,4375.40,2,4375.30,6,4375.20,3,4375.10,4,4375.00,5,4374.90,10,4374.80,10,4374.70,9,4374.60,12,4374.50,12,4375.70,2,4375.80,3,4375.90,5,4376.00,5,4376.10,3,4376.20,5,4376.30,4,4376.40,9,4376.50,7,4376.60,8,Sell,6,14,20,-8.00,4.00,-8.00,0.70,0.0,4375.30,4376.00,4375.30,4375.30,24,34,58,-10.00,5.00,-17.00,1.90,47.4,15,57,0.7000,0.0000,14.00,5.00,4384.80,-1.1181,DOWN,96.00,0.6042,1.6421
20260901 221125 010,4375.40,1,4375.40,4375.70,0.30,4375.40,2,4375.30,6,4375.20,3,4375.10,4,4375.00,5,4374.90,10,4374.80,10,4374.70,9,4374.60,12,4374.50,12,4375.70,2,4375.80,3,4375.90,5,4376.00,5,4376.10,3,4376.20,5,4376.30,4,4376.40,9,4376.50,7,4376.60,8,Sell,6,15,21,-9.00,4.00,-9.00,0.70,14.3,4375.30,4376.00,4375.30,4375.40,24,34,58,-10.00,5.00,-17.00,1.90,47.4,15,57,0.7000,0.0000,13.00,4.00,4384.81,-1.1150,DOWN,96.00,0.6042,1.6421
20260901 221125 010,4375.40,1,4375.40,4375.70,0.30,4375.40,2,4375.30,6,4375.20,3,4375.10,4,4375.00,5,4374.90,10,4374.80,10,4374.70,9,4374.60,12,4374.50,12,4375.70,2,4375.80,3,4375.90,5,4376.00,5,4376.10,3,4376.20,5,4376.30,4,4376.40,9,4376.50,7,4376.60,8,Sell,6,16,22,-10.00,4.00,-10.00,0.70,14.3,4375.30,4376.00,4375.30,4375.40,24,34,58,-10.00,5.00,-17.00,1.90,47.4,15,57,0.7000,0.0000,12.00,3.00,4384.81,-1.1150,DOWN,96.00,0.6042,1.6421
20260901 221125 010,4375.30,1,4375.40,4375.70,0.30,4375.40,2,4375.30,6,4375.20,3,4375.10,4,4375.00,5,4374.90,10,4374.80,10,4374.70,9,4374.60,12,4374.50,12,4375.70,2,4375.80,3,4375.90,5,4376.00,5,4376.10,3,4376.20,5,4376.30,4,4376.40,9,4376.50,7,4376.60,8,Sell,6,17,23,-11.00,4.00,-11.00,0.70,0.0,4375.30,4376.00,4375.30,4375.30,24,34,58,-10.00,5.00,-17.00,1.90,47.4,15,57,0.7000,0.0000,11.00,2.00,4384.80,-1.1181,DOWN,96.00,0.6042,1.6421
20260901 221125 010,4375.30,1,4375.40,4375.70,0.30,4375.40,2,4375.30,6,4375.20,3,4375.10,4,4375.00,5,4374.90,10,4374.80,10,4374.70,9,4374.60,12,4374.50,12,4375.70,2,4375.80,3,4375.90,5,4376.00,5,4376.10,3,4376.20,5,4376.30,4,4376.40,9,4376.50,7,4376.60,8,Sell,6,18,24,-12.00,4.00,-12.00,0.70,0.0,4375.30,4376.00,4375.30,4375.30,24,34,58,-10.00,5.00,-17.00,1.90,47.4,15,57,0.7000,0.0000,10.00,1.00,4384.80,-1.1181,DOWN,96.00,0.6042,1.6421
20260901 221125 010,4375.20,1,4375.40,4375.70,0.30,4375.40,2,4375.30,6,4375.20,3,4375.10,4,4375.00,5,4374.90,10,4374.80,10,4374.70,9,4374.60,12,4374.50,12,4375.70,2,4375.80,3,4375.90,5,4376.00,5,4376.10,3,4376.20,5,4376.30,4,4376.40,9,4376.50,7,4376.60,8,Sell,6,19,25,-13.00,4.00,-13.00,0.80,12.5,4375.30,4376.00,4375.20,4375.20,24,34,58,-10.00,5.00,-17.00,1.90,47.4,15,57,0.7000,0.0000,9.00,0.00,4384.79,-1.1213,DOWN,96.00,0.6042,1.6493
20260901 221126 413,4375.70,1,4375.50,4375.80,0.30,4375.50,3,4375.40,6,4375.30,6,4375.20,4,4375.10,4,4375.00,5,4374.90,10,4374.80,10,4374.70,9,4374.60,11,4375.80,2,4375.90,4,4376.00,4,4376.10,3,4376.20,5,4376.30,4,4376.40,9,4376.50,7,4376.60,9,4376.70,8,Buy,7,19,26,-12.00,4.00,-13.00,0.80,50.0,4375.30,4376.00,4375.20,4375.70,24,34,58,-10.00,5.00,-17.00,1.90,47.4,15,57,0.7000,0.0833,10.00,1.00,4384.84,-1.1054,DOWN,96.00,0.6042,1.6493
20260901 221126 413,4375.70,1,4375.50,4375.80,0.30,4375.50,3,4375.40,6,4375.30,6,4375.20,4,4375.10,4,4375.00,5,4374.90,10,4374.80,10,4374.70,9,4374.60,11,4375.80,2,4375.90,4,4376.00,4,4376.10,3,4376.20,5,4376.30,4,4376.40,9,4376.50,7,4376.60,9,4376.70,8,Buy,8,19,27,-11.00,4.00,-13.00,0.80,50.0,4375.30,4376.00,4375.20,4375.70,24,34,58,-10.00,5.00,-17.00,1.90,47.4,15,57,0.7000,0.1818,11.00,2.00,4384.84,-1.1054,DOWN,96.00,0.6042,1.6493
20260901 221126 413,4375.80,1,4375.50,4375.80,0.30,4375.50,3,4375.40,6,4375.30,6,4375.20,4,4375.10,4,4375.00,5,4374.90,10,4374.80,10,4374.70,9,4374.60,11,4375.80,2,4375.90,4,4376.00,4,4376.10,3,4376.20,5,4376.30,4,4376.40,9,4376.50,7,4376.60,9,4376.70,8,Buy,9,19,28,-10.00,4.00,-13.00,0.80,62.5,4375.30,4376.00,4375.20,4375.80,24,34,58,-10.00,5.00,-17.00,1.90,47.4,15,57,0.7000,0.3000,12.00,3.00,4384.85,-1.1023,DOWN,96.00,0.6042,1.6493
20260901 221126 413,4375.80,1,4375.50,4375.80,0.30,4375.50,3,4375.40,6,4375.30,6,4375.20,4,4375.10,4,4375.00,5,4374.90,10,4374.80,10,4374.70,9,4374.60,11,4375.80,2,4375.90,4,4376.00,4,4376.10,3,4376.20,5,4376.30,4,4376.40,9,4376.50,7,4376.60,9,4376.70,8,Buy,10,19,29,-9.00,4.00,-13.00,0.80,62.5,4375.30,4376.00,4375.20,4375.80,24,34,58,-10.00,5.00,-17.00,1.90,47.4,15,57,0.7000,0.4444,13.00,4.00,4384.85,-1.1023,DOWN,96.00,0.6042,1.6493
20260901 221126 413,4375.80,1,4375.50,4375.80,0.30,4375.50,3,4375.40,6,4375.30,6,4375.20,4,4375.10,4,4375.00,5,4374.90,10,4374.80,10,4374.70,9,4374.60,11,4375.80,2,4375.90,4,4376.00,4,4376.10,3,4376.20,5,4376.30,4,4376.40,9,4376.50,7,4376.60,9,4376.70,8,Buy,11,19,30,-8.00,4.00,-13.00,0.80,62.5,4375.30,4376.00,4375.20,4375.80,24,34,58,-10.00,5.00,-17.00,1.90,47.4,15,57,0.7000,0.6250,14.00,5.00,4384.85,-1.1023,DOWN,96.00,0.6042,1.6493
20260901 221126 802,4375.50,1,4375.40,4375.80,0.40,4375.40,6,4375.30,6,4375.20,4,4375.10,4,4375.00,5,4374.90,10,4374.80,10,4374.70,9,4374.60,11,4374.50,12,4375.80,2,4375.90,4,4376.00,4,4376.10,3,4376.20,5,4376.30,4,4376.40,9,4376.50,7,4376.60,9,4376.70,8,Sell,11,20,31,-9.00,4.00,-13.00,0.80,25.0,4375.30,4376.00,4375.20,4375.50,24,34,58,-10.00,5.00,-17.00,1.90,47.4,15,57,0.7000,0.4444,13.00,4.00,4384.82,-1.1118,DOWN,96.00,0.6042,1.6493
20260901 221126 802,4375.50,1,4375.40,4375.80,0.40,4375.40,6,4375.30,6,4375.20,4,4375.10,4,4375.00,5,4374.90,10,4374.80,10,4374.70,9,4374.60,11,4374.50,12,4375.80,2,4375.90,4,4376.00,4,4376.10,3,4376.20,5,4376.30,4,4376.40,9,4376.50,7,4376.60,9,4376.70,8,Sell,11,21,32,-10.00,4.00,-13.00,0.80,25.0,4375.30,4376.00,4375.20,4375.50,24,34,58,-10.00,5.00,-17.00,1.90,47.4,15,57,0.7000,0.3000,12.00,3.00,4384.82,-1.1118,DOWN,96.00,0.6042,1.6493
20260901 221126 802,4375.50,1,4375.40,4375.80,0.40,4375.40,6,4375.30,6,4375.20,4,4375.10,4,4375.00,5,4374.90,10,4374.80,10,4374.70,9,4374.60,11,4374.50,12,4375.80,2,4375.90,4,4376.00,4,4376.10,3,4376.20,5,4376.30,4,4376.40,9,4376.50,7,4376.60,9,4376.70,8,Sell,11,22,33,-11.00,4.00,-13.00,0.80,25.0,4375.30,4376.00,4375.20,4375.50,24,34,58,-10.00,5.00,-17.00,1.90,47.4,15,57,0.7000,0.1818,11.00,2.00,4384.82,-1.1118,DOWN,96.00,0.6042,1.6493
20260901 221128 772,4375.50,1,4375.50,4375.80,0.30,4375.40,4,4375.30,6,4375.20,3,4375.10,4,4375.00,5,4374.90,10,4374.80,10,4374.70,9,4374.60,11,4374.50,12,4375.70,1,4375.80,3,4375.90,4,4376.00,4,4376.10,3,4376.20,5,4376.30,4,4376.40,10,4376.50,7,4376.60,9,Sell,11,23,34,-12.00,4.00,-13.00,0.80,25.0,4375.30,4376.00,4375.20,4375.50,24,34,58,-10.00,5.00,-17.00,1.90,47.4,15,57,0.7000,0.0833,10.00,1.00,4384.82,-1.1118,DOWN,96.00,0.6042,1.6493
20260901 221128 857,4375.60,1,4375.60,4375.80,0.20,4375.50,2,4375.40,3,4375.30,5,4375.20,3,4375.10,5,4375.00,5,4374.90,10,4374.80,10,4374.70,9,4374.60,11,4375.80,3,4375.90,5,4376.00,4,4376.10,3,4376.20,5,4376.30,4,4376.40,9,4376.50,7,4376.60,9,4376.70,8,Buy,12,23,35,-11.00,4.00,-13.00,0.80,37.5,4375.30,4376.00,4375.20,4375.60,24,34,58,-10.00,5.00,-17.00,1.90,47.4,15,57,0.7000,0.1818,11.00,2.00,4384.83,-1.1086,DOWN,96.00,0.6042,1.6493
20260901 221128 861,4375.60,1,4375.60,4375.80,0.20,4375.50,2,4375.40,3,4375.30,5,4375.20,3,4375.10,5,4375.00,5,4374.90,10,4374.80,10,4374.70,9,4374.60,11,4375.80,3,4375.90,5,4376.00,4,4376.10,3,4376.20,5,4376.30,4,4376.40,9,4376.50,7,4376.60,9,4376.70,8,Sell,12,24,36,-12.00,4.00,-13.00,0.80,37.5,4375.30,4376.00,4375.20,4375.60,24,34,58,-10.00,5.00,-17.00,1.90,47.4,15,57,0.7000,0.0833,10.00,1.00,4384.83,-1.1086,DOWN,96.00,0.6042,1.6493
20260901 221130 529,4375.70,1,4375.30,4375.60,0.30,4375.30,2,4375.20,3,4375.10,4,4375.00,5,4374.90,5,4374.80,10,4374.70,9,4374.60,11,4374.50,12,4374.40,11,4375.60,2,4375.70,4,4375.80,3,4375.90,6,4376.00,3,4376.10,4,4376.20,10,4376.30,9,4376.40,9,4376.50,7,Buy,13,24,37,-11.00,4.00,-13.00,0.80,50.0,4375.30,4376.00,4375.20,4375.70,24,34,58,-10.00,5.00,-17.00,1.90,47.4,15,57,0.7000,0.1818,11.00,2.00,4384.84,-1.1054,DOWN,96.00,0.6042,1.6493
20260901 221133 534,4375.40,1,4375.30,4375.60,0.30,4375.30,4,4375.20,4,4375.10,5,4375.00,5,4374.90,5,4374.80,10,4374.70,11,4374.60,11,4374.50,10,4374.40,11,4375.60,2,4375.70,3,4375.80,3,4375.90,5,4376.00,3,4376.10,4,4376.20,10,4376.30,9,4376.40,9,4376.50,7,Sell,13,25,38,-12.00,4.00,-13.00,0.80,12.5,4375.30,4376.00,4375.20,4375.40,24,34,58,-10.00,5.00,-17.00,1.90,47.4,15,57,0.7000,0.0833,10.00,1.00,4384.81,-1.1150,DOWN,96.00,0.6042,1.6493
20260901 221133 534,4375.40,1,4375.30,4375.60,0.30,4375.30,4,4375.20,4,4375.10,5,4375.00,5,4374.90,5,4374.80,10,4374.70,11,4374.60,11,4374.50,10,4374.40,11,4375.60,2,4375.70,3,4375.80,3,4375.90,5,4376.00,3,4376.10,4,4376.20,10,4376.30,9,4376.40,9,4376.50,7,Sell,13,26,39,-13.00,4.00,-13.00,0.80,12.5,4375.30,4376.00,4375.20,4375.40,24,34,58,-10.00,5.00,-17.00,1.90,47.4,15,57,0.7000,0.0000,9.00,0.00,4384.81,-1.1150,DOWN,96.00,0.6042,1.6493
20260901 221133 534,4375.30,1,4375.30,4375.60,0.30,4375.30,4,4375.20,4,4375.10,5,4375.00,5,4374.90,5,4374.80,10,4374.70,11,4374.60,11,4374.50,10,4374.40,11,4375.60,2,4375.70,3,4375.80,3,4375.90,5,4376.00,3,4376.10,4,4376.20,10,4376.30,9,4376.40,9,4376.50,7,Sell,13,27,40,-14.00,4.00,-14.00,0.80,0.0,4375.30,4376.00,4375.20,4375.30,24,34,58,-10.00,5.00,-17.00,1.90,47.4,15,57,0.7000,0.0000,8.00,-1.00,4384.80,-1.1181,DOWN,96.00,0.6042,1.6493
20260901 221133 534,4375.30,1,4375.30,4375.60,0.30,4375.30,4,4375.20,4,4375.10,5,4375.00,5,4374.90,5,4374.80,10,4374.70,11,4374.60,11,4374.50,10,4374.40,11,4375.60,2,4375.70,3,4375.80,3,4375.90,5,4376.00,3,4376.10,4,4376.20,10,4376.30,9,4376.40,9,4376.50,7,Sell,13,28,41,-15.00,4.00,-15.00,0.80,0.0,4375.30,4376.00,4375.20,4375.30,24,34,58,-10.00,5.00,-17.00,1.90,47.4,15,57,0.7000,0.0000,7.00,-2.00,4384.80,-1.1181,DOWN,96.00,0.6042,1.6493
20260901 221133 534,4375.30,1,4375.30,4375.60,0.30,4375.30,4,4375.20,4,4375.10,5,4375.00,5,4374.90,5,4374.80,10,4374.70,11,4374.60,11,4374.50,10,4374.40,11,4375.60,2,4375.70,3,4375.80,3,4375.90,5,4376.00,3,4376.10,4,4376.20,10,4376.30,9,4376.40,9,4376.50,7,Sell,13,29,42,-16.00,4.00,-16.00,0.80,0.0,4375.30,4376.00,4375.20,4375.30,24,34,58,-10.00,5.00,-17.00,1.90,47.4,15,57,0.7000,0.0000,6.00,-3.00,4384.80,-1.1181,DOWN,96.00,0.6042,1.6493
20260901 221133 534,4375.20,1,4375.30,4375.60,0.30,4375.30,4,4375.20,4,4375.10,5,4375.00,5,4374.90,5,4374.80,10,4374.70,11,4374.60,11,4374.50,10,4374.40,11,4375.60,2,4375.70,3,4375.80,3,4375.90,5,4376.00,3,4376.10,4,4376.20,10,4376.30,9,4376.40,9,4376.50,7,Sell,13,30,43,-17.00,4.00,-17.00,0.80,12.5,4375.30,4376.00,4375.20,4375.20,24,34,58,-10.00,5.00,-17.00,1.90,47.4,15,57,0.7000,0.0000,5.00,-4.00,4384.79,-1.1213,DOWN,96.00,0.6042,1.6493
20260901 221133 534,4375.20,1,4375.30,4375.60,0.30,4375.30,4,4375.20,4,4375.10,5,4375.00,5,4374.90,5,4374.80,10,4374.70,11,4374.60,11,4374.50,10,4374.40,11,4375.60,2,4375.70,3,4375.80,3,4375.90,5,4376.00,3,4376.10,4,4376.20,10,4376.30,9,4376.40,9,4376.50,7,Sell,13,31,44,-18.00,4.00,-18.00,0.80,12.5,4375.30,4376.00,4375.20,4375.20,24,34,58,-10.00,5.00,-17.00,1.90,47.4,15,57,0.7000,0.0000,4.00,-5.00,4384.79,-1.1213,DOWN,96.00,0.6042,1.6493
20260901 221133 534,4375.20,1,4375.30,4375.60,0.30,4375.30,4,4375.20,4,4375.10,5,4375.00,5,4374.90,5,4374.80,10,4374.70,11,4374.60,11,4374.50,10,4374.40,11,4375.60,2,4375.70,3,4375.80,3,4375.90,5,4376.00,3,4376.10,4,4376.20,10,4376.30,9,4376.40,9,4376.50,7,Sell,13,32,45,-19.00,4.00,-19.00,0.80,12.5,4375.30,4376.00,4375.20,4375.20,24,34,58,-10.00,5.00,-17.00,1.90,47.4,15,57,0.7000,0.0000,3.00,-6.00,4384.79,-1.1213,DOWN,96.00,0.6042,1.6493
20260901 221133 534,4375.10,1,4375.30,4375.60,0.30,4375.30,4,4375.20,4,4375.10,5,4375.00,5,4374.90,5,4374.80,10,4374.70,11,4374.60,11,4374.50,10,4374.40,11,4375.60,2,4375.70,3,4375.80,3,4375.90,5,4376.00,3,4376.10,4,4376.20,10,4376.30,9,4376.40,9,4376.50,7,Sell,13,33,46,-20.00,4.00,-20.00,0.90,22.2,4375.30,4376.00,4375.10,4375.10,24,34,58,-10.00,5.00,-17.00,1.90,47.4,15,57,0.7000,0.0000,2.00,-7.00,4384.79,-1.1245,DOWN,96.00,0.6042,1.6564
20260901 221133 534,4375.10,1,4375.30,4375.60,0.30,4375.30,4,4375.20,4,4375.10,5,4375.00,5,4374.90,5,4374.80,10,4374.70,11,4374.60,11,4374.50,10,4374.40,11,4375.60,2,4375.70,3,4375.80,3,4375.90,5,4376.00,3,4376.10,4,4376.20,10,4376.30,9,4376.40,9,4376.50,7,Sell,13,34,47,-21.00,4.00,-21.00,0.90,22.2,4375.30,4376.00,4375.10,4375.10,24,34,58,-10.00,5.00,-17.00,1.90,47.4,15,57,0.7000,0.0000,1.00,-8.00,4384.79,-1.1245,DOWN,96.00,0.6042,1.6564
20260901 221133 534,4375.10,1,4375.30,4375.60,0.30,4375.30,4,4375.20,4,4375.10,5,4375.00,5,4374.90,5,4374.80,10,4374.70,11,4374.60,11,4374.50,10,4374.40,11,4375.60,2,4375.70,3,4375.80,3,4375.90,5,4376.00,3,4376.10,4,4376.20,10,4376.30,9,4376.40,9,4376.50,7,Sell,13,35,48,-22.00,4.00,-22.00,0.90,22.2,4375.30,4376.00,4375.10,4375.10,24,34,58,-10.00,5.00,-17.00,1.90,47.4,15,57,0.7000,0.0000,0.00,-9.00,4384.79,-1.1245,DOWN,96.00,0.6042,1.6564
20260901 221133 534,4375.10,1,4375.30,4375.60,0.30,4375.30,4,4375.20,4,4375.10,5,4375.00,5,4374.90,5,4374.80,10,4374.70,11,4374.60,11,4374.50,10,4374.40,11,4375.60,2,4375.70,3,4375.80,3,4375.90,5,4376.00,3,4376.10,4,4376.20,10,4376.30,9,4376.40,9,4376.50,7,Sell,13,36,49,-23.00,4.00,-23.00,0.90,22.2,4375.30,4376.00,4375.10,4375.10,24,34,58,-10.00,5.00,-17.00,1.90,47.4,15,57,0.7000,0.0000,-1.00,-10.00,4384.79,-1.1245,DOWN,96.00,0.6042,1.6564
20260901 221133 534,4375.00,1,4375.30,4375.60,0.30,4375.30,4,4375.20,4,4375.10,5,4375.00,5,4374.90,5,4374.80,10,4374.70,11,4374.60,11,4374.50,10,4374.40,11,4375.60,2,4375.70,3,4375.80,3,4375.90,5,4376.00,3,4376.10,4,4376.20,10,4376.30,9,4376.40,9,4376.50,7,Sell,13,37,50,-24.00,4.00,-24.00,1.00,30.0,4375.30,4376.00,4375.00,4375.00,24,34,58,-10.00,5.00,-17.00,1.90,47.4,15,57,0.7000,0.0000,-2.00,-11.00,4384.78,-1.1277,DOWN,96.00,0.6042,1.6636
20260901 221133 534,4375.00,1,4375.30,4375.60,0.30,4375.30,4,4375.20,4,4375.10,5,4375.00,5,4374.90,5,4374.80,10,4374.70,11,4374.60,11,4374.50,10,4374.40,11,4375.60,2,4375.70,3,4375.80,3,4375.90,5,4376.00,3,4376.10,4,4376.20,10,4376.30,9,4376.40,9,4376.50,7,Sell,13,38,51,-25.00,4.00,-25.00,1.00,30.0,4375.30,4376.00,4375.00,4375.00,24,34,58,-10.00,5.00,-17.00,1.90,47.4,15,57,0.7000,0.0000,-3.00,-12.00,4384.78,-1.1277,DOWN,96.00,0.6042,1.6636
20260901 221133 534,4375.00,1,4375.30,4375.60,0.30,4375.30,4,4375.20,4,4375.10,5,4375.00,5,4374.90,5,4374.80,10,4374.70,11,4374.60,11,4374.50,10,4374.40,11,4375.60,2,4375.70,3,4375.80,3,4375.90,5,4376.00,3,4376.10,4,4376.20,10,4376.30,9,4376.40,9,4376.50,7,Sell,13,39,52,-26.00,4.00,-26.00,1.00,30.0,4375.30,4376.00,4375.00,4375.00,24,34,58,-10.00,5.00,-17.00,1.90,47.4,15,57,0.7000,0.0000,-4.00,-13.00,4384.78,-1.1277,DOWN,96.00,0.6042,1.6636
20260901 221133 534,4375.00,1,4375.30,4375.60,0.30,4375.30,4,4375.20,4,4375.10,5,4375.00,5,4374.90,5,4374.80,10,4374.70,11,4374.60,11,4374.50,10,4374.40,11,4375.60,2,4375.70,3,4375.80,3,4375.90,5,4376.00,3,4376.10,4,4376.20,10,4376.30,9,4376.40,9,4376.50,7,Sell,13,40,53,-27.00,4.00,-27.00,1.00,30.0,4375.30,4376.00,4375.00,4375.00,24,34,58,-10.00,5.00,-17.00,1.90,47.4,15,57,0.7000,0.0000,-5.00,-14.00,4384.78,-1.1277,DOWN,96.00,0.6042,1.6636
20260901 221133 534,4375.00,1,4375.30,4375.60,0.30,4375.30,4,4375.20,4,4375.10,5,4375.00,5,4374.90,5,4374.80,10,4374.70,11,4374.60,11,4374.50,10,4374.40,11,4375.60,2,4375.70,3,4375.80,3,4375.90,5,4376.00,3,4376.10,4,4376.20,10,4376.30,9,4376.40,9,4376.50,7,Sell,13,41,54,-28.00,4.00,-28.00,1.00,30.0,4375.30,4376.00,4375.00,4375.00,24,34,58,-10.00,5.00,-17.00,1.90,47.4,15,57,0.7000,0.0000,-6.00,-15.00,4384.78,-1.1277,DOWN,96.00,0.6042,1.6636
20260901 221133 534,4374.90,1,4375.30,4375.60,0.30,4375.30,4,4375.20,4,4375.10,5,4375.00,5,4374.90,5,4374.80,10,4374.70,11,4374.60,11,4374.50,10,4374.40,11,4375.60,2,4375.70,3,4375.80,3,4375.90,5,4376.00,3,4376.10,4,4376.20,10,4376.30,9,4376.40,9,4376.50,7,Sell,13,42,55,-29.00,4.00,-29.00,1.10,36.4,4375.30,4376.00,4374.90,4374.90,24,34,58,-10.00,5.00,-17.00,1.90,47.4,15,57,0.7000,0.0000,-7.00,-16.00,4384.77,-1.1308,DOWN,96.00,0.6042,1.6707
20260901 221133 534,4374.90,1,4375.30,4375.60,0.30,4375.30,4,4375.20,4,4375.10,5,4375.00,5,4374.90,5,4374.80,10,4374.70,11,4374.60,11,4374.50,10,4374.40,11,4375.60,2,4375.70,3,4375.80,3,4375.90,5,4376.00,3,4376.10,4,4376.20,10,4376.30,9,4376.40,9,4376.50,7,Sell,13,43,56,-30.00,4.00,-30.00,1.10,36.4,4375.30,4376.00,4374.90,4374.90,24,34,58,-10.00,5.00,-17.00,1.90,47.4,15,57,0.7000,0.0000,-8.00,-17.00,4384.77,-1.1308,DOWN,96.00,0.6042,1.6707
20260901 221133 535,4374.90,1,4375.30,4375.60,0.30,4375.30,4,4375.20,4,4375.10,5,4375.00,5,4374.90,5,4374.80,10,4374.70,11,4374.60,11,4374.50,10,4374.40,11,4375.60,2,4375.70,3,4375.80,3,4375.90,5,4376.00,3,4376.10,4,4376.20,10,4376.30,9,4376.40,9,4376.50,7,Sell,13,44,57,-31.00,4.00,-31.00,1.10,36.4,4375.30,4376.00,4374.90,4374.90,24,34,58,-10.00,5.00,-17.00,1.90,47.4,15,57,0.7000,0.0000,-9.00,-18.00,4384.77,-1.1308,DOWN,96.00,0.6042,1.6707
20260901 221133 535,4374.90,1,4375.30,4375.60,0.30,4375.30,4,4375.20,4,4375.10,5,4375.00,5,4374.90,5,4374.80,10,4374.70,11,4374.60,11,4374.50,10,4374.40,11,4375.60,2,4375.70,3,4375.80,3,4375.90,5,4376.00,3,4376.10,4,4376.20,10,4376.30,9,4376.40,9,4376.50,7,Sell,13,45,58,-32.00,4.00,-32.00,1.10,36.4,4375.30,4376.00,4374.90,4374.90,24,34,58,-10.00,5.00,-17.00,1.90,47.4,15,57,0.7000,0.0000,-10.00,-19.00,4384.77,-1.1308,DOWN,96.00,0.6042,1.6707
20260901 221133 535,4374.90,1,4375.30,4375.60,0.30,4375.30,4,4375.20,4,4375.10,5,4375.00,5,4374.90,5,4374.80,10,4374.70,11,4374.60,11,4374.50,10,4374.40,11,4375.60,2,4375.70,3,4375.80,3,4375.90,5,4376.00,3,4376.10,4,4376.20,10,4376.30,9,4376.40,9,4376.50,7,Sell,13,46,59,-33.00,4.00,-33.00,1.10,36.4,4375.30,4376.00,4374.90,4374.90,24,34,58,-10.00,5.00,-17.00,1.90,47.4,15,57,0.7000,0.0000,-11.00,-20.00,4384.77,-1.1308,DOWN,96.00,0.6042,1.6707
20260901 221134 361,4375.40,1,4375.40,4375.60,0.20,4375.40,2,4375.30,4,4375.20,4,4375.10,7,4375.00,7,4374.90,6,4374.80,10,4374.70,11,4374.60,11,4374.50,10,4375.60,1,4375.70,2,4375.80,3,4375.90,5,4376.00,3,4376.10,4,4376.20,10,4376.30,8,4376.40,9,4376.50,7,Sell,13,47,60,-34.00,4.00,-34.00,1.10,9.1,4375.30,4376.00,4374.90,4375.40,24,34,58,-10.00,5.00,-17.00,1.90,47.4,15,57,0.7000,0.0000,-12.00,-21.00,4384.81,-1.1150,DOWN,96.00,0.6042,1.6707
20260901 221135 002,4375.20,1,4375.20,4375.50,0.30,4375.20,3,4375.10,4,4375.00,5,4374.90,7,4374.80,5,4374.70,11,4374.60,11,4374.50,11,4374.40,11,4374.30,9,4375.50,2,4375.60,2,4375.70,3,4375.80,6,4375.90,6,4376.00,3,4376.10,4,4376.20,10,4376.30,8,4376.40,9,Sell,13,48,61,-35.00,4.00,-35.00,1.10,9.1,4375.30,4376.00,4374.90,4375.20,24,34,58,-10.00,5.00,-17.00,1.90,47.4,15,57,0.7000,0.0000,-13.00,-22.00,4384.79,-1.1213,DOWN,96.00,0.6042,1.6707
20260901 221136 463,4375.10,1,4375.10,4375.30,0.20,4375.10,4,4375.00,3,4374.90,7,4374.80,5,4374.70,10,4374.60,11,4374.50,10,4374.40,11,4374.30,9,4374.20,8,4375.30,1,4375.40,3,4375.50,2,4375.60,2,4375.70,3,4375.80,6,4375.90,7,4376.00,3,4376.10,4,4376.20,15,Sell,13,49,62,-36.00,4.00,-36.00,1.10,18.2,4375.30,4376.00,4374.90,4375.10,24,34,58,-10.00,5.00,-17.00,1.90,47.4,15,57,0.7000,0.0000,-14.00,-23.00,4384.79,-1.1245,DOWN,96.00,0.6042,1.6707
20260901 221138 033,4375.30,1,4375.10,4375.30,0.20,4375.10,4,4375.00,3,4374.90,7,4374.80,5,4374.70,10,4374.60,11,4374.50,10,4374.40,11,4374.30,9,4374.20,8,4375.40,3,4375.50,2,4375.60,2,4375.70,3,4375.80,6,4375.90,7,4376.00,3,4376.10,4,4376.20,15,4376.30,8,Buy,14,49,63,-35.00,4.00,-36.00,1.10,0.0,4375.30,4376.00,4374.90,4375.30,24,34,58,-10.00,5.00,-17.00,1.90,47.4,15,57,0.7000,0.0286,-13.00,-22.00,4384.80,-1.1181,DOWN,96.00,0.6042,1.6707
20260901 221141 059,4375.60,1,4375.40,4375.70,0.30,4375.40,2,4375.30,6,4375.20,4,4375.10,3,4375.00,6,4374.90,7,4374.80,10,4374.70,10,4374.60,11,4374.50,10,4375.70,3,4375.80,5,4375.90,6,4376.00,4,4376.10,4,4376.20,10,4376.30,8,4376.40,9,4376.50,7,4376.60,9,Buy,15,49,64,-34.00,4.00,-36.00,1.10,27.3,4375.30,4376.00,4374.90,4375.60,24,34,58,-10.00,5.00,-17.00,1.90,47.4,15,57,0.7000,0.0588,-12.00,-21.00,4384.83,-1.1086,DOWN,96.00,0.6042,1.6707
20260901 221143 877,4375.70,1,4375.50,4375.80,0.30,4375.50,3,4375.40,5,4375.30,6,4375.20,6,4375.10,4,4375.00,5,4374.90,12,4374.80,10,4374.70,10,4374.60,11,4375.80,2,4375.90,3,4376.00,7,4376.10,4,4376.20,11,4376.30,4,4376.40,9,4376.50,7,4376.60,9,4376.70,8,Buy,16,49,65,-33.00,4.00,-36.00,1.10,36.4,4375.30,4376.00,4374.90,4375.70,24,34,58,-10.00,5.00,-17.00,1.90,47.4,15,57,0.7000,0.0909,-11.00,-20.00,4384.84,-1.1054,DOWN,96.00,0.6042,1.6707
20260901 221143 991,4375.80,1,4375.60,4375.90,0.30,4375.50,3,4375.40,5,4375.30,6,4375.20,6,4375.10,4,4375.00,5,4374.90,12,4374.80,10,4374.70,10,4374.60,11,4375.90,3,4376.00,7,4376.10,4,4376.20,11,4376.30,4,4376.40,9,4376.50,7,4376.60,9,4376.70,8,4376.80,9,Buy,17,49,66,-32.00,4.00,-36.00,1.10,45.5,4375.30,4376.00,4374.90,4375.80,24,34,58,-10.00,5.00,-17.00,1.90,47.4,15,57,0.7000,0.1250,-10.00,-19.00,4384.85,-1.1023,DOWN,96.00,0.6042,1.6707
20260901 221143 991,4375.80,1,4375.60,4375.90,0.30,4375.50,3,4375.40,5,4375.30,6,4375.20,6,4375.10,4,4375.00,5,4374.90,12,4374.80,10,4374.70,10,4374.60,11,4375.90,3,4376.00,7,4376.10,4,4376.20,11,4376.30,4,4376.40,9,4376.50,7,4376.60,9,4376.70,8,4376.80,9,Buy,18,49,67,-31.00,4.00,-36.00,1.10,45.5,4375.30,4376.00,4374.90,4375.80,24,34,58,-10.00,5.00,-17.00,1.90,47.4,15,57,0.7000,0.1613,-9.00,-18.00,4384.85,-1.1023,DOWN,96.00,0.6042,1.6707
20260901 221143 992,4375.90,1,4375.60,4375.90,0.30,4375.50,3,4375.40,5,4375.30,6,4375.20,6,4375.10,4,4375.00,5,4374.90,12,4374.80,10,4374.70,10,4374.60,11,4375.90,3,4376.00,7,4376.10,4,4376.20,11,4376.30,4,4376.40,9,4376.50,7,4376.60,9,4376.70,8,4376.80,9,Buy,19,49,68,-30.00,4.00,-36.00,1.10,54.5,4375.30,4376.00,4374.90,4375.90,24,34,58,-10.00,5.00,-17.00,1.90,47.4,15,57,0.7000,0.2000,-8.00,-17.00,4384.86,-1.0991,DOWN,96.00,0.6042,1.6707
20260901 221144 372,4375.80,1,4375.60,4375.90,0.30,4375.60,2,4375.50,2,4375.40,5,4375.30,6,4375.20,6,4375.10,9,4375.00,10,4374.90,13,4374.80,10,4374.70,10,4375.90,2,4376.00,4,4376.10,2,4376.20,8,4376.30,5,4376.40,5,4376.50,3,4376.60,5,4376.70,8,4376.80,9,Buy,20,49,69,-29.00,4.00,-36.00,1.10,45.5,4375.30,4376.00,4374.90,4375.80,24,34,58,-10.00,5.00,-17.00,1.90,47.4,15,57,0.7000,0.2414,-7.00,-16.00,4384.85,-1.1023,DOWN,96.00,0.6042,1.6707
20260901 221144 634,4375.70,1,4375.50,4375.80,0.30,4375.50,2,4375.40,5,4375.30,6,4375.20,6,4375.10,9,4375.00,10,4374.90,12,4374.80,10,4374.70,10,4374.60,11,4375.80,1,4375.90,2,4376.00,4,4376.10,3,4376.20,9,4376.30,5,4376.40,5,4376.50,3,4376.60,10,4376.70,8,Sell,20,50,70,-30.00,4.00,-36.00,1.10,36.4,4375.30,4376.00,4374.90,4375.70,24,34,58,-10.00,5.00,-17.00,1.90,47.4,15,57,0.7000,0.2000,-8.00,-17.00,4384.84,-1.1054,DOWN,96.00,0.6042,1.6707
20260901 221147 197,4375.80,2,4375.60,4375.90,0.30,4375.60,1,4375.50,1,4375.40,5,4375.30,6,4375.20,6,4375.10,9,4375.00,10,4374.90,12,4374.80,10,4374.70,10,4375.90,2,4376.00,5,4376.10,4,4376.20,10,4376.30,6,4376.40,5,4376.50,3,4376.60,11,4376.70,8,4376.80,9,Buy,22,50,72,-28.00,4.00,-36.00,1.10,45.5,4375.30,4376.00,4374.90,4375.80,24,34,58,-10.00,5.00,-17.00,1.90,47.4,15,57,0.7000,0.2857,-6.00,-15.00,4384.85,-1.1023,DOWN,96.00,0.6042,1.6707
20260901 221147 197,4375.90,1,4375.60,4375.90,0.30,4375.60,1,4375.50,1,4375.40,5,4375.30,6,4375.20,6,4375.10,9,4375.00,10,4374.90,12,4374.80,10,4374.70,10,4375.90,2,4376.00,5,4376.10,4,4376.20,10,4376.30,6,4376.40,5,4376.50,3,4376.60,11,4376.70,8,4376.80,9,Buy,23,50,73,-27.00,4.00,-36.00,1.10,54.5,4375.30,4376.00,4374.90,4375.90,24,34,58,-10.00,5.00,-17.00,1.90,47.4,15,57,0.7000,0.3333,-5.00,-14.00,4384.86,-1.0991,DOWN,96.00,0.6042,1.6707
20260901 221147 197,4375.90,1,4375.60,4375.90,0.30,4375.60,1,4375.50,1,4375.40,5,4375.30,6,4375.20,6,4375.10,9,4375.00,10,4374.90,12,4374.80,10,4374.70,10,4375.90,2,4376.00,5,4376.10,4,4376.20,10,4376.30,6,4376.40,5,4376.50,3,4376.60,11,4376.70,8,4376.80,9,Buy,24,50,74,-26.00,4.00,-36.00,1.10,54.5,4375.30,4376.00,4374.90,4375.90,24,34,58,-10.00,5.00,-17.00,1.90,47.4,15,57,0.7000,0.3846,-4.00,-13.00,4384.86,-1.0991,DOWN,96.00,0.6042,1.6707
20260901 221147 197,4375.90,1,4375.60,4375.90,0.30,4375.60,1,4375.50,1,4375.40,5,4375.30,6,4375.20,6,4375.10,9,4375.00,10,4374.90,12,4374.80,10,4374.70,10,4375.90,2,4376.00,5,4376.10,4,4376.20,10,4376.30,6,4376.40,5,4376.50,3,4376.60,11,4376.70,8,4376.80,9,Buy,25,50,75,-25.00,4.00,-36.00,1.10,54.5,4375.30,4376.00,4374.90,4375.90,24,34,58,-10.00,5.00,-17.00,1.90,47.4,15,57,0.7000,0.4400,-3.00,-12.00,4384.86,-1.0991,DOWN,96.00,0.6042,1.6707
20260901 221147 849,4375.50,1,4375.60,4375.80,0.20,4375.60,1,4375.50,2,4375.40,5,4375.30,6,4375.20,6,4375.10,9,4375.00,10,4374.90,12,4374.80,10,4374.70,10,4375.80,1,4375.90,4,4376.00,4,4376.10,3,4376.20,10,4376.30,6,4376.40,5,4376.50,3,4376.60,11,4376.70,8,Sell,25,51,76,-26.00,4.00,-36.00,1.10,18.2,4375.30,4376.00,4374.90,4375.50,24,34,58,-10.00,5.00,-17.00,1.90,47.4,15,57,0.7000,0.3846,-4.00,-13.00,4384.82,-1.1118,DOWN,96.00,0.6042,1.6707
20260901 221152 860,4375.50,1,4375.50,4375.80,0.30,4375.50,3,4375.40,3,4375.30,5,4375.20,6,4375.10,4,4375.00,10,4374.90,12,4374.80,10,4374.70,10,4374.60,11,4375.80,2,4375.90,5,4376.00,4,4376.10,3,4376.20,10,4376.30,6,4376.40,5,4376.50,8,4376.60,11,4376.70,8,Sell,25,52,77,-27.00,4.00,-36.00,1.10,18.2,4375.30,4376.00,4374.90,4375.50,24,34,58,-10.00,5.00,-17.00,1.90,47.4,15,57,0.7000,0.3333,-5.00,-14.00,4384.82,-1.1118,DOWN,96.00,0.6042,1.6707
20260901 221157 120,4375.60,1,4375.30,4375.60,0.30,4375.30,3,4375.20,3,4375.10,3,4375.00,5,4374.90,12,4374.80,10,4374.70,10,4374.60,11,4374.50,10,4374.40,11,4375.80,4,4375.90,7,4376.00,6,4376.10,4,4376.20,10,4376.30,6,4376.40,10,4376.50,8,4376.60,11,4376.70,7,Buy,26,52,78,-26.00,4.00,-36.00,1.10,27.3,4375.30,4376.00,4374.90,4375.60,24,34,58,-10.00,5.00,-17.00,1.90,47.4,15,57,0.7000,0.3846,-4.00,-13.00,4384.83,-1.1086,DOWN,96.00,0.6042,1.6707
20260901 221157 120,4375.60,1,4375.30,4375.60,0.30,4375.30,3,4375.20,3,4375.10,3,4375.00,5,4374.90,12,4374.80,10,4374.70,10,4374.60,11,4374.50,10,4374.40,11,4375.80,4,4375.90,7,4376.00,6,4376.10,4,4376.20,10,4376.30,6,4376.40,10,4376.50,8,4376.60,11,4376.70,7,Buy,27,52,79,-25.00,4.00,-36.00,1.10,27.3,4375.30,4376.00,4374.90,4375.60,24,34,58,-10.00,5.00,-17.00,1.90,47.4,15,57,0.7000,0.4400,-3.00,-12.00,4384.83,-1.1086,DOWN,96.00,0.6042,1.6707
20260901 221157 120,4375.60,1,4375.30,4375.60,0.30,4375.30,3,4375.20,3,4375.10,3,4375.00,5,4374.90,12,4374.80,10,4374.70,10,4374.60,11,4374.50,10,4374.40,11,4375.80,4,4375.90,7,4376.00,6,4376.10,4,4376.20,10,4376.30,6,4376.40,10,4376.50,8,4376.60,11,4376.70,7,Buy,28,52,80,-24.00,4.00,-36.00,1.10,27.3,4375.30,4376.00,4374.90,4375.60,24,34,58,-10.00,5.00,-17.00,1.90,47.4,15,57,0.7000,0.5000,-2.00,-11.00,4384.83,-1.1086,DOWN,96.00,0.6042,1.6707
20260901 221157 120,4375.70,1,4375.30,4375.60,0.30,4375.30,3,4375.20,3,4375.10,3,4375.00,5,4374.90,12,4374.80,10,4374.70,10,4374.60,11,4374.50,10,4374.40,11,4375.80,4,4375.90,7,4376.00,6,4376.10,4,4376.20,10,4376.30,6,4376.40,10,4376.50,8,4376.60,11,4376.70,7,Buy,29,52,81,-23.00,4.00,-36.00,1.10,36.4,4375.30,4376.00,4374.90,4375.70,24,34,58,-10.00,5.00,-17.00,1.90,47.4,15,57,0.7000,0.5652,-1.00,-10.00,4384.84,-1.1054,DOWN,96.00,0.6042,1.6707
20260901 221157 120,4375.70,1,4375.30,4375.60,0.30,4375.30,3,4375.20,3,4375.10,3,4375.00,5,4374.90,12,4374.80,10,4374.70,10,4374.60,11,4374.50,10,4374.40,11,4375.80,4,4375.90,7,4376.00,6,4376.10,4,4376.20,10,4376.30,6,4376.40,10,4376.50,8,4376.60,11,4376.70,7,Buy,30,52,82,-22.00,4.00,-36.00,1.10,36.4,4375.30,4376.00,4374.90,4375.70,24,34,58,-10.00,5.00,-17.00,1.90,47.4,15,57,0.7000,0.6364,0.00,-9.00,4384.84,-1.1054,DOWN,96.00,0.6042,1.6707
20260901 221200 753,4375.60,1,4375.40,4375.70,0.30,4375.40,2,4375.30,3,4375.20,2,4375.10,3,4375.00,5,4374.90,7,4374.80,10,4374.70,10,4374.60,11,4374.50,10,4375.70,3,4375.80,6,4375.90,6,4376.00,6,4376.10,5,4376.20,5,4376.30,11,4376.40,11,4376.50,8,4376.60,11,Buy,1,0,1,1.00,1.00,1.00,0.00,0.0,4375.60,4375.60,4375.60,4375.60,30,52,82,-22.00,4.00,-36.00,1.10,36.4,-33,132,0.6364,0.0000,-19.00,-24.00,4384.83,-1.1086,DOWN,94.90,0.8641,1.5585
20260901 221201 752,4375.70,1,4375.70,4375.80,0.10,4375.70,3,4375.40,2,4375.30,3,4375.20,2,4375.10,3,4375.00,5,4374.90,7,4374.80,10,4374.70,10,4374.60,11,4375.80,6,4375.90,6,4376.00,6,4376.10,5,4376.20,5,4376.30,11,4376.40,11,4376.50,8,4376.60,11,4376.70,7,Buy,2,0,2,2.00,2.00,1.00,0.10,100.0,4375.60,4375.70,4375.60,4375.70,30,52,82,-22.00,4.00,-36.00,1.10,36.4,-33,132,0.6364,0.0000,-18.00,-23.00,4384.84,-1.1054,DOWN,94.90,0.8641,1.5585
20260901 221201 752,4375.70,1,4375.70,4375.80,0.10,4375.70,3,4375.40,2,4375.30,3,4375.20,2,4375.10,3,4375.00,5,4374.90,7,4374.80,10,4374.70,10,4374.60,11,4375.80,6,4375.90,6,4376.00,6,4376.10,5,4376.20,5,4376.30,11,4376.40,11,4376.50,8,4376.60,11,4376.70,7,Buy,3,0,3,3.00,3.00,1.00,0.10,100.0,4375.60,4375.70,4375.60,4375.70,30,52,82,-22.00,4.00,-36.00,1.10,36.4,-33,132,0.6364,0.0000,-17.00,-22.00,4384.84,-1.1054,DOWN,94.90,0.8641,1.5585
20260901 221201 752,4375.70,1,4375.70,4375.80,0.10,4375.70,3,4375.40,2,4375.30,3,4375.20,2,4375.10,3,4375.00,5,4374.90,7,4374.80,10,4374.70,10,4374.60,11,4375.80,6,4375.90,6,4376.00,6,4376.10,5,4376.20,5,4376.30,11,4376.40,11,4376.50,8,4376.60,11,4376.70,7,Buy,4,0,4,4.00,4.00,1.00,0.10,100.0,4375.60,4375.70,4375.60,4375.70,30,52,82,-22.00,4.00,-36.00,1.10,36.4,-33,132,0.6364,0.0000,-16.00,-21.00,4384.84,-1.1054,DOWN,94.90,0.8641,1.5585
20260901 221201 753,4375.70,2,4375.70,4375.80,0.10,4375.70,3,4375.40,2,4375.30,3,4375.20,2,4375.10,3,4375.00,5,4374.90,7,4374.80,10,4374.70,10,4374.60,11,4375.80,6,4375.90,6,4376.00,6,4376.10,5,4376.20,5,4376.30,11,4376.40,11,4376.50,8,4376.60,11,4376.70,7,Sell,4,2,6,2.00,4.00,1.00,0.10,100.0,4375.60,4375.70,4375.60,4375.70,30,52,82,-22.00,4.00,-36.00,1.10,36.4,-33,132,0.6364,1.0000,-18.00,-23.00,4384.84,-1.1054,DOWN,94.90,0.8641,1.5585
20260901 221201 754,4375.70,1,4375.70,4375.80,0.10,4375.70,3,4375.40,2,4375.30,3,4375.20,2,4375.10,3,4375.00,5,4374.90,7,4374.80,10,4374.70,10,4374.60,11,4375.80,6,4375.90,6,4376.00,6,4376.10,5,4376.20,5,4376.30,11,4376.40,11,4376.50,8,4376.60,11,4376.70,7,Sell,4,3,7,1.00,4.00,1.00,0.10,100.0,4375.60,4375.70,4375.60,4375.70,30,52,82,-22.00,4.00,-36.00,1.10,36.4,-33,132,0.6364,3.0000,-19.00,-24.00,4384.84,-1.1054,DOWN,94.90,0.8641,1.5585
20260901 221202 416,4375.60,1,4375.60,4375.80,0.20,4375.40,3,4375.30,3,4375.20,3,4375.10,3,4375.00,5,4374.90,12,4374.80,10,4374.70,10,4374.60,11,4374.50,10,4375.80,4,4375.90,6,4376.00,5,4376.10,5,4376.20,5,4376.30,6,4376.40,10,4376.50,8,4376.60,11,4376.70,8,Sell,4,4,8,0.00,4.00,0.00,0.10,0.0,4375.60,4375.70,4375.60,4375.60,30,52,82,-22.00,4.00,-36.00,1.10,36.4,-33,132,0.6364,4.0000,-20.00,-25.00,4384.83,-1.1086,DOWN,94.90,0.8641,1.5585
20260901 221216 775,4375.60,1,4375.30,4375.60,0.30,4375.40,2,4375.30,4,4375.20,4,4375.10,3,4375.00,5,4374.90,7,4374.80,10,4374.70,10,4374.60,11,4374.50,10,4375.70,2,4375.80,5,4375.90,6,4376.00,6,4376.10,5,4376.20,5,4376.30,11,4376.40,10,4376.50,8,4376.60,11,Buy,5,4,9,1.00,4.00,0.00,0.10,0.0,4375.60,4375.70,4375.60,4375.60,30,52,82,-22.00,4.00,-36.00,1.10,36.4,-33,132,0.6364,3.0000,-19.00,-24.00,4384.83,-1.1086,DOWN,94.90,0.8641,1.5585
20260901 221217 740,4375.70,1,4375.40,4375.70,0.30,4375.40,4,4375.30,4,4375.20,4,4375.10,3,4375.00,5,4374.90,7,4374.80,10,4374.70,10,4374.60,11,4374.50,10,4375.70,2,4375.80,5,4375.90,6,4376.00,6,4376.10,5,4376.20,5,4376.30,11,4376.40,10,4376.50,8,4376.60,11,Buy,6,4,10,2.00,4.00,0.00,0.10,100.0,4375.60,4375.70,4375.60,4375.70,30,52,82,-22.00,4.00,-36.00,1.10,36.4,-33,132,0.6364,1.0000,-18.00,-23.00,4384.84,-1.1054,DOWN,94.90,0.8641,1.5585
20260901 221220 607,4375.70,1,4375.40,4375.70,0.30,4375.50,1,4375.40,3,4375.30,4,4375.20,4,4375.10,4,4375.00,5,4374.90,7,4374.80,10,4374.70,10,4374.60,11,4375.80,5,4375.90,6,4376.00,6,4376.10,5,4376.20,5,4376.30,11,4376.40,8,4376.50,8,4376.60,11,4376.70,7,Buy,7,4,11,3.00,4.00,0.00,0.10,100.0,4375.60,4375.70,4375.60,4375.70,30,52,82,-22.00,4.00,-36.00,1.10,36.4,-33,132,0.6364,0.3333,-17.00,-22.00,4384.84,-1.1054,DOWN,94.90,0.8641,1.5585
20260901 221228 376,4375.70,1,4375.50,4375.70,0.20,4375.50,3,4375.40,3,4375.30,4,4375.20,5,4375.10,4,4375.00,5,4374.90,7,4374.80,10,4374.70,10,4374.60,15,4375.70,1,4375.80,3,4375.90,4,4376.00,6,4376.10,4,4376.20,5,4376.30,11,4376.40,8,4376.50,8,4376.60,11,Buy,8,4,12,4.00,4.00,0.00,0.10,100.0,4375.60,4375.70,4375.60,4375.70,30,52,82,-22.00,4.00,-36.00,1.10,36.4,-33,132,0.6364,0.0000,-16.00,-21.00,4384.84,-1.1054,DOWN,94.90,0.8641,1.5585
20260901 221229 368,4375.80,2,4375.60,4375.80,0.20,4375.70,2,4375.60,4,4375.50,3,4375.40,6,4375.30,4,4375.20,6,4375.10,9,4375.00,10,4374.90,12,4374.80,10,4376.00,3,4376.10,3,4376.20,5,4376.30,6,4376.40,3,4376.50,3,4376.60,11,4376.70,7,4376.80,9,4376.90,10,Buy,10,4,14,6.00,6.00,0.00,0.20,100.0,4375.60,4375.80,4375.60,4375.80,30,52,82,-22.00,4.00,-36.00,1.10,36.4,-33,132,0.6364,0.0000,-14.00,-19.00,4384.85,-1.1023,DOWN,94.90,0.8641,1.5657
20260901 221230 378,4376.00,1,4375.70,4376.00,0.30,4375.70,2,4375.60,4,4375.50,3,4375.40,6,4375.30,4,4375.20,6,4375.10,9,4375.00,10,4374.90,12,4374.80,10,4376.00,2,4376.10,3,4376.20,5,4376.30,6,4376.40,3,4376.50,3,4376.60,11,4376.70,7,4376.80,9,4376.90,10,Buy,11,4,15,7.00,7.00,0.00,0.40,100.0,4375.60,4376.00,4375.60,4376.00,30,52,82,-22.00,4.00,-36.00,1.10,36.4,-33,132,0.6364,0.0000,-13.00,-18.00,4384.87,-1.0959,DOWN,94.90,0.8641,1.5799
20260901 221232 651,4376.00,1,4375.70,4376.00,0.30,4375.80,2,4375.70,3,4375.60,4,4375.50,3,4375.40,7,4375.30,5,4375.20,11,4375.10,9,4375.00,10,4374.90,12,4376.00,1,4376.10,1,4376.20,3,4376.30,6,4376.40,3,4376.50,3,4376.60,6,4376.70,7,4376.80,9,4376.90,10,Buy,12,4,16,8.00,8.00,0.00,0.40,100.0,4375.60,4376.00,4375.60,4376.00,30,52,82,-22.00,4.00,-36.00,1.10,36.4,-33,132,0.6364,0.0000,-12.00,-17.00,4384.87,-1.0959,DOWN,94.90,0.8641,1.5799
20260901 221237 683,4376.00,1,4375.60,4376.00,0.40,4375.60,3,4375.50,3,4375.40,5,4375.30,4,4375.20,11,4375.10,9,4375.00,10,4374.90,12,4374.80,10,4374.70,10,4376.00,3,4376.10,1,4376.20,3,4376.30,6,4376.40,3,4376.50,3,4376.60,6,4376.70,7,4376.80,9,4376.90,11,Buy,13,4,17,9.00,9.00,0.00,0.40,100.0,4375.60,4376.00,4375.60,4376.00,30,52,82,-22.00,4.00,-36.00,1.10,36.4,-33,132,0.6364,0.0000,-11.00,-16.00,4384.87,-1.0959,DOWN,94.90,0.8641,1.5799
20260901 221237 683,4376.00,1,4375.60,4376.00,0.40,4375.60,3,4375.50,3,4375.40,5,4375.30,4,4375.20,11,4375.10,9,4375.00,10,4374.90,12,4374.80,10,4374.70,10,4376.00,3,4376.10,1,4376.20,3,4376.30,6,4376.40,3,4376.50,3,4376.60,6,4376.70,7,4376.80,9,4376.90,11,Buy,14,4,18,10.00,10.00,0.00,0.40,100.0,4375.60,4376.00,4375.60,4376.00,30,52,82,-22.00,4.00,-36.00,1.10,36.4,-33,132,0.6364,0.0000,-10.00,-15.00,4384.87,-1.0959,DOWN,94.90,0.8641,1.5799
20260901 221237 683,4376.00,1,4375.60,4376.00,0.40,4375.60,3,4375.50,3,4375.40,5,4375.30,4,4375.20,11,4375.10,9,4375.00,10,4374.90,12,4374.80,10,4374.70,10,4376.00,3,4376.10,1,4376.20,3,4376.30,6,4376.40,3,4376.50,3,4376.60,6,4376.70,7,4376.80,9,4376.90,11,Buy,15,4,19,11.00,11.00,0.00,0.40,100.0,4375.60,4376.00,4375.60,4376.00,30,52,82,-22.00,4.00,-36.00,1.10,36.4,-33,132,0.6364,0.0000,-9.00,-14.00,4384.87,-1.0959,DOWN,94.90,0.8641,1.5799
20260901 221242 323,4375.80,1,4375.80,4376.00,0.20,4375.70,1,4375.60,3,4375.50,2,4375.40,5,4375.30,3,4375.20,6,4375.10,9,4375.00,10,4374.90,12,4374.80,10,4375.90,1,4376.00,3,4376.10,5,4376.20,5,4376.30,7,4376.40,3,4376.50,3,4376.60,11,4376.70,7,4376.80,9,Sell,15,5,20,10.00,11.00,0.00,0.40,50.0,4375.60,4376.00,4375.60,4375.80,30,52,82,-22.00,4.00,-36.00,1.10,36.4,-33,132,0.6364,0.1000,-10.00,-15.00,4384.85,-1.1023,DOWN,94.90,0.8641,1.5799
20260901 221246 879,4375.60,1,4375.00,4375.30,0.30,4375.00,3,4374.90,5,4374.80,4,4374.70,4,4374.60,15,4374.50,12,4374.40,12,4374.30,9,4374.20,8,4374.10,8,4375.30,2,4375.40,4,4375.50,3,4375.60,6,4375.70,5,4375.80,8,4375.90,11,4376.00,10,4376.10,11,4376.20,11,Sell,15,6,21,9.00,11.00,0.00,0.40,0.0,4375.60,4376.00,4375.60,4375.60,30,52,82,-22.00,4.00,-36.00,1.10,36.4,-33,132,0.6364,0.2222,-11.00,-16.00,4384.83,-1.1086,DOWN,94.90,0.8641,1.5799
20260901 221246 879,4375.60,1,4375.00,4375.30,0.30,4375.00,3,4374.90,5,4374.80,4,4374.70,4,4374.60,15,4374.50,12,4374.40,12,4374.30,9,4374.20,8,4374.10,8,4375.30,2,4375.40,4,4375.50,3,4375.60,6,4375.70,5,4375.80,8,4375.90,11,4376.00,10,4376.10,11,4376.20,11,Sell,15,7,22,8.00,11.00,0.00,0.40,0.0,4375.60,4376.00,4375.60,4375.60,30,52,82,-22.00,4.00,-36.00,1.10,36.4,-33,132,0.6364,0.3750,-12.00,-17.00,4384.83,-1.1086,DOWN,94.90,0.8641,1.5799
20260901 221246 897,4375.20,1,4375.00,4375.30,0.30,4375.00,3,4374.90,5,4374.80,4,4374.70,4,4374.60,15,4374.50,12,4374.40,12,4374.30,9,4374.20,8,4374.10,8,4375.30,2,4375.40,4,4375.50,3,4375.60,6,4375.70,5,4375.80,8,4375.90,11,4376.00,10,4376.10,11,4376.20,11,Sell,15,8,23,7.00,11.00,0.00,0.80,50.0,4375.60,4376.00,4375.20,4375.20,30,52,82,-22.00,4.00,-36.00,1.10,36.4,-33,132,0.6364,0.5714,-13.00,-18.00,4384.79,-1.1213,DOWN,94.90,0.8641,1.6085
20260901 221250 633,4375.60,1,4375.50,4375.80,0.30,4375.50,2,4375.40,5,4375.30,4,4375.20,4,4375.10,3,4375.00,7,4374.90,11,4374.80,9,4374.70,9,4374.60,15,4375.80,4,4375.90,4,4376.00,5,4376.10,7,4376.20,6,4376.30,11,4376.40,10,4376.50,8,4376.60,11,4376.70,7,Sell,15,9,24,6.00,11.00,0.00,0.80,0.0,4375.60,4376.00,4375.20,4375.60,30,52,82,-22.00,4.00,-36.00,1.10,36.4,-33,132,0.6364,0.8333,-14.00,-19.00,4384.83,-1.1086,DOWN,94.90,0.8641,1.6085
20260901 221250 977,4375.60,2,4375.50,4375.60,0.10,4375.50,2,4375.40,4,4375.30,4,4375.20,4,4375.10,3,4375.00,7,4374.90,11,4374.80,9,4374.70,9,4374.60,15,4375.80,3,4375.90,4,4376.00,5,4376.10,7,4376.20,6,4376.30,11,4376.40,10,4376.50,8,4376.60,11,4376.70,7,Buy,17,9,26,8.00,11.00,0.00,0.80,0.0,4375.60,4376.00,4375.20,4375.60,30,52,82,-22.00,4.00,-36.00,1.10,36.4,-33,132,0.6364,0.3750,-12.00,-17.00,4384.83,-1.1086,DOWN,94.90,0.8641,1.6085
20260901 221303 413,4375.30,1,4375.10,4375.50,0.40,4375.10,4,4375.00,5,4374.90,6,4374.80,2,4374.70,5,4374.60,11,4374.50,12,4374.40,12,4374.30,9,4374.20,8,4375.50,3,4375.60,4,4375.70,3,4375.80,7,4375.90,11,4376.00,10,4376.10,12,4376.20,11,4376.30,10,4376.40,10,Buy,1,0,1,1.00,1.00,1.00,0.00,0.0,4375.30,4375.30,4375.30,4375.30,17,9,26,8.00,11.00,0.00,0.80,0.0,0,27,0.3750,0.0000,-16.00,-60.00,4384.80,-1.1181,DOWN,95.50,0.2723,1.5150
20260901 221303 608,4375.10,1,4375.10,4375.40,0.30,4375.10,4,4375.00,4,4374.90,6,4374.80,4,4374.70,5,4374.60,11,4374.50,12,4374.40,12,4374.30,9,4374.20,8,4375.40,2,4375.50,3,4375.60,4,4375.70,3,4375.80,7,4375.90,11,4376.00,10,4376.10,12,4376.20,11,4376.30,10,Sell,1,1,2,0.00,1.00,0.00,0.20,100.0,4375.30,4375.30,4375.10,4375.10,17,9,26,8.00,11.00,0.00,0.80,0.0,0,27,0.3750,1.0000,-17.00,-61.00,4384.79,-1.1245,DOWN,95.50,0.2723,1.5293
20260901 221303 608,4375.10,1,4375.10,4375.40,0.30,4375.10,4,4375.00,4,4374.90,6,4374.80,4,4374.70,5,4374.60,11,4374.50,12,4374.40,12,4374.30,9,4374.20,8,4375.40,2,4375.50,3,4375.60,4,4375.70,3,4375.80,7,4375.90,11,4376.00,10,4376.10,12,4376.20,11,4376.30,10,Sell,1,2,3,-1.00,1.00,-1.00,0.20,100.0,4375.30,4375.30,4375.10,4375.10,17,9,26,8.00,11.00,0.00,0.80,0.0,0,27,0.3750,0.0000,-18.00,-62.00,4384.79,-1.1245,DOWN,95.50,0.2723,1.5293
20260901 221303 608,4375.10,1,4375.10,4375.40,0.30,4375.10,4,4375.00,4,4374.90,6,4374.80,4,4374.70,5,4374.60,11,4374.50,12,4374.40,12,4374.30,9,4374.20,8,4375.40,2,4375.50,3,4375.60,4,4375.70,3,4375.80,7,4375.90,11,4376.00,10,4376.10,12,4376.20,11,4376.30,10,Sell,1,3,4,-2.00,1.00,-2.00,0.20,100.0,4375.30,4375.30,4375.10,4375.10,17,9,26,8.00,11.00,0.00,0.80,0.0,0,27,0.3750,0.0000,-19.00,-63.00,4384.79,-1.1245,DOWN,95.50,0.2723,1.5293
20260901 221303 608,4375.10,1,4375.10,4375.40,0.30,4375.10,4,4375.00,4,4374.90,6,4374.80,4,4374.70,5,4374.60,11,4374.50,12,4374.40,12,4374.30,9,4374.20,8,4375.40,2,4375.50,3,4375.60,4,4375.70,3,4375.80,7,4375.90,11,4376.00,10,4376.10,12,4376.20,11,4376.30,10,Sell,1,4,5,-3.00,1.00,-3.00,0.20,100.0,4375.30,4375.30,4375.10,4375.10,17,9,26,8.00,11.00,0.00,0.80,0.0,0,27,0.3750,0.0000,-20.00,-64.00,4384.79,-1.1245,DOWN,95.50,0.2723,1.5293
20260901 221303 608,4375.00,1,4375.10,4375.40,0.30,4375.10,4,4375.00,4,4374.90,6,4374.80,4,4374.70,5,4374.60,11,4374.50,12,4374.40,12,4374.30,9,4374.20,8,4375.40,2,4375.50,3,4375.60,4,4375.70,3,4375.80,7,4375.90,11,4376.00,10,4376.10,12,4376.20,11,4376.30,10,Sell,1,5,6,-4.00,1.00,-4.00,0.30,100.0,4375.30,4375.30,4375.00,4375.00,17,9,26,8.00,11.00,0.00,0.80,0.0,0,27,0.3750,0.0000,-21.00,-65.00,4384.78,-1.1277,DOWN,95.50,0.2723,1.5365
20260901 221303 819,4375.40,1,4375.30,4375.50,0.20,4375.30,1,4375.20,4,4375.10,5,4375.00,4,4374.90,6,4374.80,5,4374.70,5,4374.60,11,4374.50,12,4374.40,12,4375.50,3,4375.60,3,4375.70,3,4375.80,7,4375.90,11,4376.00,10,4376.10,12,4376.20,11,4376.30,10,4376.40,10,Buy,2,5,7,-3.00,1.00,-4.00,0.40,25.0,4375.30,4375.40,4375.00,4375.40,17,9,26,8.00,11.00,0.00,0.80,0.0,0,27,0.3750,0.3333,-20.00,-64.00,4384.81,-1.1150,DOWN,95.50,0.2723,1.5365
20260901 221305 620,4375.40,1,4375.50,4375.70,0.20,4375.50,2,4375.40,5,4375.30,4,4375.20,3,4375.10,5,4375.00,7,4374.90,7,4374.80,9,4374.70,11,4374.60,16,4375.70,1,4375.80,3,4375.90,5,4376.00,5,4376.10,7,4376.20,6,4376.30,10,4376.40,10,4376.50,8,4376.60,12,Sell,2,6,8,-4.00,1.00,-4.00,0.40,25.0,4375.30,4375.40,4375.00,4375.40,17,9,26,8.00,11.00,0.00,0.80,0.0,0,27,0.3750,0.0000,-21.00,-65.00,4384.81,-1.1150,DOWN,95.50,0.2723,1.5365
20260901 221305 620,4375.40,1,4375.50,4375.70,0.20,4375.50,2,4375.40,5,4375.30,4,4375.20,3,4375.10,5,4375.00,7,4374.90,7,4374.80,9,4374.70,11,4374.60,16,4375.70,1,4375.80,3,4375.90,5,4376.00,5,4376.10,7,4376.20,6,4376.30,10,4376.40,10,4376.50,8,4376.60,12,Sell,2,7,9,-5.00,1.00,-5.00,0.40,25.0,4375.30,4375.40,4375.00,4375.40,17,9,26,8.00,11.00,0.00,0.80,0.0,0,27,0.3750,0.0000,-22.00,-66.00,4384.81,-1.1150,DOWN,95.50,0.2723,1.5365
20260901 221306 082,4375.70,1,4375.50,4375.70,0.20,4375.50,2,4375.40,5,4375.30,4,4375.20,3,4375.10,5,4375.00,7,4374.90,7,4374.80,9,4374.70,11,4374.60,16,4375.80,2,4375.90,4,4376.00,5,4376.10,7,4376.20,6,4376.30,10,4376.40,10,4376.50,8,4376.60,12,4376.70,7,Buy,3,7,10,-4.00,1.00,-5.00,0.70,57.1,4375.30,4375.70,4375.00,4375.70,17,9,26,8.00,11.00,0.00,0.80,0.0,0,27,0.3750,0.2500,-21.00,-65.00,4384.84,-1.1054,DOWN,95.50,0.2723,1.5436
20260901 221307 065,4375.60,1,4375.50,4375.80,0.30,4375.50,2,4375.40,4,4375.30,5,4375.20,5,4375.10,4,4375.00,7,4374.90,12,4374.80,9,4374.70,11,4374.60,16,4375.80,3,4375.90,4,4376.00,5,4376.10,7,4376.20,6,4376.30,5,4376.40,10,4376.50,8,4376.60,12,4376.70,7,Sell,3,8,11,-5.00,1.00,-5.00,0.70,42.9,4375.30,4375.70,4375.00,4375.60,17,9,26,8.00,11.00,0.00,0.80,0.0,0,27,0.3750,0.0000,-22.00,-66.00,4384.83,-1.1086,DOWN,95.50,0.2723,1.5436
20260901 221310 767,4375.70,1,4375.40,4375.70,0.30,4375.40,2,4375.30,5,4375.20,3,4375.10,4,4375.00,7,4374.90,7,4374.80,9,4374.70,11,4374.60,16,4374.50,12,4375.70,2,4375.80,3,4375.90,4,4376.00,5,4376.10,7,4376.20,6,4376.30,10,4376.40,10,4376.50,8,4376.60,12,Buy,4,8,12,-4.00,1.00,-5.00,0.70,57.1,4375.30,4375.70,4375.00,4375.70,17,9,26,8.00,11.00,0.00,0.80,0.0,0,27,0.3750,0.2500,-21.00,-65.00,4384.84,-1.1054,DOWN,95.50,0.2723,1.5436
20260901 221314 058,4375.70,1,4375.60,4375.80,0.20,4375.60,1,4375.50,2,4375.40,3,4375.30,5,4375.20,5,4375.10,4,4375.00,7,4374.90,12,4374.80,9,4374.70,11,4375.80,2,4375.90,4,4376.00,5,4376.10,6,4376.20,6,4376.30,10,4376.40,10,4376.50,8,4376.60,12,4376.70,8,Sell,4,9,13,-5.00,1.00,-5.00,0.70,57.1,4375.30,4375.70,4375.00,4375.70,17,9,26,8.00,11.00,0.00,0.80,0.0,0,27,0.3750,0.0000,-22.00,-66.00,4384.84,-1.1054,DOWN,95.50,0.2723,1.5436
20260901 221316 422,4375.90,1,4375.60,4375.90,0.30,4375.60,3,4375.50,3,4375.40,4,4375.30,5,4375.20,5,4375.10,5,4375.00,12,4374.90,12,4374.80,9,4374.70,11,4375.90,3,4376.00,3,4376.10,6,4376.20,5,4376.30,5,4376.40,10,4376.50,8,4376.60,13,4376.70,7,4376.80,9,Buy,5,9,14,-4.00,1.00,-5.00,0.90,66.7,4375.30,4375.90,4375.00,4375.90,17,9,26,8.00,11.00,0.00,0.80,0.0,0,27,0.3750,0.2500,-21.00,-65.00,4384.86,-1.0991,DOWN,95.50,0.2723,1.5579
20260901 221316 422,4375.90,1,4375.60,4375.90,0.30,4375.60,3,4375.50,3,4375.40,4,4375.30,5,4375.20,5,4375.10,5,4375.00,12,4374.90,12,4374.80,9,4374.70,11,4375.90,3,4376.00,3,4376.10,6,4376.20,5,4376.30,5,4376.40,10,4376.50,8,4376.60,13,4376.70,7,4376.80,9,Buy,6,9,15,-3.00,1.00,-5.00,0.90,66.7,4375.30,4375.90,4375.00,4375.90,17,9,26,8.00,11.00,0.00,0.80,0.0,0,27,0.3750,0.6667,-20.00,-64.00,4384.86,-1.0991,DOWN,95.50,0.2723,1.5579
20260901 221316 422,4376.00,1,4375.60,4375.90,0.30,4375.60,3,4375.50,3,4375.40,4,4375.30,5,4375.20,5,4375.10,5,4375.00,12,4374.90,12,4374.80,9,4374.70,11,4375.90,3,4376.00,3,4376.10,6,4376.20,5,4376.30,5,4376.40,10,4376.50,8,4376.60,13,4376.70,7,4376.80,9,Buy,7,9,16,-2.00,1.00,-5.00,1.00,70.0,4375.30,4376.00,4375.00,4376.00,17,9,26,8.00,11.00,0.00,0.80,0.0,0,27,0.3750,1.5000,-19.00,-63.00,4384.87,-1.0959,DOWN,95.50,0.2723,1.5650
20260901 221316 422,4376.00,1,4375.60,4375.90,0.30,4375.60,3,4375.50,3,4375.40,4,4375.30,5,4375.20,5,4375.10,5,4375.00,12,4374.90,12,4374.80,9,4374.70,11,4375.90,3,4376.00,3,4376.10,6,4376.20,5,4376.30,5,4376.40,10,4376.50,8,4376.60,13,4376.70,7,4376.80,9,Buy,8,9,17,-1.00,1.00,-5.00,1.00,70.0,4375.30,4376.00,4375.00,4376.00,17,9,26,8.00,11.00,0.00,0.80,0.0,0,27,0.3750,4.0000,-18.00,-62.00,4384.87,-1.0959,DOWN,95.50,0.2723,1.5650
20260901 221319 828,4375.60,1,4375.50,4375.80,0.30,4375.50,3,4375.40,4,4375.30,5,4375.20,5,4375.10,5,4375.00,12,4374.90,12,4374.80,9,4374.70,11,4374.60,16,4375.80,1,4375.90,4,4376.00,3,4376.10,6,4376.20,5,4376.30,6,4376.40,10,4376.50,8,4376.60,12,4376.70,7,Sell,8,10,18,-2.00,1.00,-5.00,1.00,30.0,4375.30,4376.00,4375.00,4375.60,17,9,26,8.00,11.00,0.00,0.80,0.0,0,27,0.3750,1.5000,-19.00,-63.00,4384.83,-1.1086,DOWN,95.50,0.2723,1.5650
20260901 221323 206,4375.50,1,4375.30,4375.70,0.40,4375.30,4,4375.20,5,4375.10,4,4375.00,7,4374.90,7,4374.80,9,4374.70,11,4374.60,16,4374.50,12,4374.40,13,4375.70,3,4375.80,2,4375.90,6,4376.00,5,4376.10,7,4376.20,6,4376.30,10,4376.40,10,4376.50,8,4376.60,12,Sell,8,11,19,-3.00,1.00,-5.00,1.00,20.0,4375.30,4376.00,4375.00,4375.50,17,9,26,8.00,11.00,0.00,0.80,0.0,0,27,0.3750,0.6667,-20.00,-64.00,4384.82,-1.1118,DOWN,95.50,0.2723,1.5650
20260901 221323 207,4375.50,3,4375.30,4375.70,0.40,4375.30,4,4375.20,5,4375.10,4,4375.00,7,4374.90,7,4374.80,9,4374.70,11,4374.60,16,4374.50,12,4374.40,13,4375.70,3,4375.80,2,4375.90,6,4376.00,5,4376.10,7,4376.20,6,4376.30,10,4376.40,10,4376.50,8,4376.60,12,Buy,11,11,22,0.00,1.00,-5.00,1.00,20.0,4375.30,4376.00,4375.00,4375.50,17,9,26,8.00,11.00,0.00,0.80,0.0,0,27,0.3750,1.0000,-17.00,-61.00,4384.82,-1.1118,DOWN,95.50,0.2723,1.5650
20260901 221323 209,4375.40,1,4375.30,4375.70,0.40,4375.30,4,4375.20,5,4375.10,4,4375.00,7,4374.90,7,4374.80,9,4374.70,11,4374.60,16,4374.50,12,4374.40,13,4375.70,3,4375.80,2,4375.90,6,4376.00,5,4376.10,7,4376.20,6,4376.30,10,4376.40,10,4376.50,8,4376.60,12,Sell,11,12,23,-1.00,1.00,-5.00,1.00,10.0,4375.30,4376.00,4375.00,4375.40,17,9,26,8.00,11.00,0.00,0.80,0.0,0,27,0.3750,4.0000,-18.00,-62.00,4384.81,-1.1150,DOWN,95.50,0.2723,1.5650
20260901 221323 209,4375.40,1,4375.30,4375.70,0.40,4375.30,4,4375.20,5,4375.10,4,4375.00,7,4374.90,7,4374.80,9,4374.70,11,4374.60,16,4374.50,12,4374.40,13,4375.70,3,4375.80,2,4375.90,6,4376.00,5,4376.10,7,4376.20,6,4376.30,10,4376.40,10,4376.50,8,4376.60,12,Sell,11,13,24,-2.00,1.00,-5.00,1.00,10.0,4375.30,4376.00,4375.00,4375.40,17,9,26,8.00,11.00,0.00,0.80,0.0,0,27,0.3750,1.5000,-19.00,-63.00,4384.81,-1.1150,DOWN,95.50,0.2723,1.5650
20260901 221323 211,4375.50,1,4375.30,4375.70,0.40,4375.30,4,4375.20,5,4375.10,4,4375.00,7,4374.90,7,4374.80,9,4374.70,11,4374.60,16,4374.50,12,4374.40,13,4375.70,3,4375.80,2,4375.90,6,4376.00,5,4376.10,7,4376.20,6,4376.30,10,4376.40,10,4376.50,8,4376.60,12,Sell,11,14,25,-3.00,1.00,-5.00,1.00,20.0,4375.30,4376.00,4375.00,4375.50,17,9,26,8.00,11.00,0.00,0.80,0.0,0,27,0.3750,0.6667,-20.00,-64.00,4384.82,-1.1118,DOWN,95.50,0.2723,1.5650
20260901 221323 212,4375.50,1,4375.30,4375.70,0.40,4375.30,4,4375.20,5,4375.10,4,4375.00,7,4374.90,7,4374.80,9,4374.70,11,4374.60,16,4374.50,12,4374.40,13,4375.70,3,4375.80,2,4375.90,6,4376.00,5,4376.10,7,4376.20,6,4376.30,10,4376.40,10,4376.50,8,4376.60,12,Sell,11,15,26,-4.00,1.00,-5.00,1.00,20.0,4375.30,4376.00,4375.00,4375.50,17,9,26,8.00,11.00,0.00,0.80,0.0,0,27,0.3750,0.2500,-21.00,-65.00,4384.82,-1.1118,DOWN,95.50,0.2723,1.5650
20260901 221323 213,4375.50,1,4375.30,4375.70,0.40,4375.30,4,4375.20,5,4375.10,4,4375.00,7,4374.90,7,4374.80,9,4374.70,11,4374.60,16,4374.50,12,4374.40,13,4375.70,3,4375.80,2,4375.90,6,4376.00,5,4376.10,7,4376.20,6,4376.30,10,4376.40,10,4376.50,8,4376.60,12,Sell,11,16,27,-5.00,1.00,-5.00,1.00,20.0,4375.30,4376.00,4375.00,4375.50,17,9,26,8.00,11.00,0.00,0.80,0.0,0,27,0.3750,0.0000,-22.00,-66.00,4384.82,-1.1118,DOWN,95.50,0.2723,1.5650
20260901 221329 138,4375.50,1,4375.50,4375.90,0.40,4375.50,2,4375.40,5,4375.30,3,4375.20,4,4375.10,6,4375.00,6,4374.90,12,4374.80,9,4374.70,10,4374.60,16,4375.90,5,4376.00,3,4376.10,6,4376.20,6,4376.30,6,4376.40,10,4376.50,8,4376.60,12,4376.70,7,4376.80,9,Sell,11,17,28,-6.00,1.00,-6.00,1.00,20.0,4375.30,4376.00,4375.00,4375.50,17,9,26,8.00,11.00,0.00,0.80,0.0,0,27,0.3750,0.0000,-23.00,-67.00,4384.82,-1.1118,DOWN,95.50,0.2723,1.5650
20260901 221335 135,4375.90,1,4375.60,4375.80,0.20,4375.60,2,4375.50,4,4375.40,7,4375.30,4,4375.20,6,4375.10,6,4375.00,11,4374.90,12,4374.80,9,4374.70,10,4375.80,1,4375.90,3,4376.00,3,4376.10,6,4376.20,6,4376.30,6,4376.40,10,4376.50,8,4376.60,12,4376.70,7,Buy,12,17,29,-5.00,1.00,-6.00,1.00,60.0,4375.30,4376.00,4375.00,4375.90,17,9,26,8.00,11.00,0.00,0.80,0.0,0,27,0.3750,0.2000,-22.00,-66.00,4384.86,-1.0991,DOWN,95.50,0.2723,1.5650
20260901 221336 591,4375.80,1,4375.60,4375.90,0.30,4375.60,2,4375.50,4,4375.40,7,4375.30,5,4375.20,5,4375.10,6,4375.00,11,4374.90,12,4374.80,9,4374.70,10,4375.90,2,4376.00,3,4376.10,6,4376.20,6,4376.30,6,4376.40,10,4376.50,8,4376.60,12,4376.70,7,4376.80,9,Buy,13,17,30,-4.00,1.00,-6.00,1.00,50.0,4375.30,4376.00,4375.00,4375.80,17,9,26,8.00,11.00,0.00,0.80,0.0,0,27,0.3750,0.5000,-21.00,-65.00,4384.85,-1.1023,DOWN,95.50,0.2723,1.5650
20260901 221336 592,4375.90,1,4375.60,4375.90,0.30,4375.60,4,4375.50,4,4375.40,7,4375.30,5,4375.20,5,4375.10,6,4375.00,11,4374.90,12,4374.80,9,4374.70,10,4375.90,1,4376.00,2,4376.10,6,4376.20,6,4376.30,6,4376.40,5,4376.50,8,4376.60,12,4376.70,7,4376.80,9,Buy,14,17,31,-3.00,1.00,-6.00,1.00,60.0,4375.30,4376.00,4375.00,4375.90,17,9,26,8.00,11.00,0.00,0.80,0.0,0,27,0.3750,1.0000,-20.00,-64.00,4384.86,-1.0991,DOWN,95.50,0.2723,1.5650
20260901 221336 968,4375.70,1,4375.60,4375.70,0.10,4375.60,2,4375.50,4,4375.40,7,4375.30,4,4375.20,5,4375.10,6,4375.00,11,4374.90,12,4374.80,9,4374.70,10,4375.90,2,4376.00,2,4376.10,6,4376.20,6,4376.30,6,4376.40,5,4376.50,8,4376.60,12,4376.70,7,4376.80,9,Buy,15,17,32,-2.00,1.00,-6.00,1.00,40.0,4375.30,4376.00,4375.00,4375.70,17,9,26,8.00,11.00,0.00,0.80,0.0,0,27,0.3750,2.0000,-19.00,-63.00,4384.84,-1.1054,DOWN,95.50,0.2723,1.5650
20260901 221338 596,4375.60,1,4376.00,4376.30,0.30,4376.00,2,4375.90,6,4375.80,5,4375.70,6,4375.60,5,4375.50,6,4375.40,12,4375.30,10,4375.20,9,4375.10,9,4376.30,2,4376.40,2,4376.50,3,4376.60,6,4376.70,2,4376.80,4,4376.90,10,4377.00,8,4377.10,8,4377.20,10,Sell,15,18,33,-3.00,1.00,-6.00,1.00,30.0,4375.30,4376.00,4375.00,4375.60,17,9,26,8.00,11.00,0.00,0.80,0.0,0,27,0.3750,1.0000,-20.00,-64.00,4384.83,-1.1086,DOWN,95.50,0.2723,1.5650
20260901 221338 596,4375.60,1,4376.00,4376.30,0.30,4376.00,2,4375.90,6,4375.80,5,4375.70,6,4375.60,5,4375.50,6,4375.40,12,4375.30,10,4375.20,9,4375.10,9,4376.30,2,4376.40,2,4376.50,3,4376.60,6,4376.70,2,4376.80,4,4376.90,10,4377.00,8,4377.10,8,4377.20,10,Sell,15,19,34,-4.00,1.00,-6.00,1.00,30.0,4375.30,4376.00,4375.00,4375.60,17,9,26,8.00,11.00,0.00,0.80,0.0,0,27,0.3750,0.5000,-21.00,-65.00,4384.83,-1.1086,DOWN,95.50,0.2723,1.5650
20260901 221338 617,4375.90,1,4376.00,4376.30,0.30,4376.00,2,4375.90,6,4375.80,5,4375.70,6,4375.60,5,4375.50,6,4375.40,12,4375.30,10,4375.20,9,4375.10,9,4376.30,2,4376.40,2,4376.50,3,4376.60,6,4376.70,2,4376.80,4,4376.90,10,4377.00,8,4377.10,8,4377.20,10,Buy,16,19,35,-3.00,1.00,-6.00,1.00,60.0,4375.30,4376.00,4375.00,4375.90,17,9,26,8.00,11.00,0.00,0.80,0.0,0,27,0.3750,1.0000,-20.00,-64.00,4384.86,-1.0991,DOWN,95.50,0.2723,1.5650
20260901 221338 617,4375.90,1,4376.00,4376.30,0.30,4376.00,2,4375.90,6,4375.80,5,4375.70,6,4375.60,5,4375.50,6,4375.40,12,4375.30,10,4375.20,9,4375.10,9,4376.30,2,4376.40,2,4376.50,3,4376.60,6,4376.70,2,4376.80,4,4376.90,10,4377.00,8,4377.10,8,4377.20,10,Buy,17,19,36,-2.00,1.00,-6.00,1.00,60.0,4375.30,4376.00,4375.00,4375.90,17,9,26,8.00,11.00,0.00,0.80,0.0,0,27,0.3750,2.0000,-19.00,-63.00,4384.86,-1.0991,DOWN,95.50,0.2723,1.5650
20260901 221338 620,4376.10,1,4376.00,4376.30,0.30,4376.00,2,4375.90,6,4375.80,5,4375.70,6,4375.60,5,4375.50,6,4375.40,12,4375.30,10,4375.20,9,4375.10,9,4376.30,2,4376.40,2,4376.50,3,4376.60,6,4376.70,2,4376.80,4,4376.90,10,4377.00,8,4377.10,8,4377.20,10,Buy,18,19,37,-1.00,1.00,-6.00,1.10,72.7,4375.30,4376.10,4375.00,4376.10,17,9,26,8.00,11.00,0.00,0.80,0.0,0,27,0.3750,5.0000,-18.00,-62.00,4384.88,-1.0927,DOWN,95.50,0.2723,1.5722
20260901 221338 620,4376.20,1,4376.00,4376.30,0.30,4376.00,2,4375.90,6,4375.80,5,4375.70,6,4375.60,5,4375.50,6,4375.40,12,4375.30,10,4375.20,9,4375.10,9,4376.30,2,4376.40,2,4376.50,3,4376.60,6,4376.70,2,4376.80,4,4376.90,10,4377.00,8,4377.10,8,4377.20,10,Buy,19,19,38,0.00,1.00,-6.00,1.20,75.0,4375.30,4376.20,4375.00,4376.20,17,9,26,8.00,11.00,0.00,0.80,0.0,0,27,0.3750,1.0000,-17.00,-61.00,4384.89,-1.0896,DOWN,95.50,0.2723,1.5793
20260901 221338 633,4376.10,1,4376.00,4376.30,0.30,4376.00,2,4375.90,6,4375.80,5,4375.70,6,4375.60,5,4375.50,6,4375.40,12,4375.30,10,4375.20,9,4375.10,9,4376.30,2,4376.40,2,4376.50,3,4376.60,6,4376.70,2,4376.80,4,4376.90,10,4377.00,8,4377.10,8,4377.20,10,Sell,19,20,39,-1.00,1.00,-6.00,1.20,66.7,4375.30,4376.20,4375.00,4376.10,17,9,26,8.00,11.00,0.00,0.80,0.0,0,27,0.3750,5.0000,-18.00,-62.00,4384.88,-1.0927,DOWN,95.50,0.2723,1.5793
20260901 221340 518,4375.90,1,4375.80,4376.20,0.40,4375.80,4,4375.70,5,4375.60,4,4375.50,5,4375.40,8,4375.30,10,4375.20,9,4375.10,8,4375.00,11,4374.90,12,4376.20,4,4376.30,2,4376.40,4,4376.50,4,4376.60,6,4376.70,3,4376.80,10,4376.90,10,4377.00,8,4377.10,8,Sell,19,21,40,-2.00,1.00,-6.00,1.20,50.0,4375.30,4376.20,4375.00,4375.90,17,9,26,8.00,11.00,0.00,0.80,0.0,0,27,0.3750,2.0000,-19.00,-63.00,4384.86,-1.0991,DOWN,95.50,0.2723,1.5793
20260901 221340 518,4375.90,1,4375.80,4376.20,0.40,4375.80,4,4375.70,5,4375.60,4,4375.50,5,4375.40,8,4375.30,10,4375.20,9,4375.10,8,4375.00,11,4374.90,12,4376.20,4,4376.30,2,4376.40,4,4376.50,4,4376.60,6,4376.70,3,4376.80,10,4376.90,10,4377.00,8,4377.10,8,Sell,19,22,41,-3.00,1.00,-6.00,1.20,50.0,4375.30,4376.20,4375.00,4375.90,17,9,26,8.00,11.00,0.00,0.80,0.0,0,27,0.3750,1.0000,-20.00,-64.00,4384.86,-1.0991,DOWN,95.50,0.2723,1.5793
20260901 221340 518,4375.90,1,4375.80,4376.20,0.40,4375.80,4,4375.70,5,4375.60,4,4375.50,5,4375.40,8,4375.30,10,4375.20,9,4375.10,8,4375.00,11,4374.90,12,4376.20,4,4376.30,2,4376.40,4,4376.50,4,4376.60,6,4376.70,3,4376.80,10,4376.90,10,4377.00,8,4377.10,8,Sell,19,23,42,-4.00,1.00,-6.00,1.20,50.0,4375.30,4376.20,4375.00,4375.90,17,9,26,8.00,11.00,0.00,0.80,0.0,0,27,0.3750,0.5000,-21.00,-65.00,4384.86,-1.0991,DOWN,95.50,0.2723,1.5793
20260901 221340 518,4375.80,1,4375.80,4376.20,0.40,4375.80,4,4375.70,5,4375.60,4,4375.50,5,4375.40,8,4375.30,10,4375.20,9,4375.10,8,4375.00,11,4374.90,12,4376.20,4,4376.30,2,4376.40,4,4376.50,4,4376.60,6,4376.70,3,4376.80,10,4376.90,10,4377.00,8,4377.10,8,Sell,19,24,43,-5.00,1.00,-6.00,1.20,41.7,4375.30,4376.20,4375.00,4375.80,17,9,26,8.00,11.00,0.00,0.80,0.0,0,27,0.3750,0.2000,-22.00,-66.00,4384.85,-1.1023,DOWN,95.50,0.2723,1.5793
20260901 221340 992,4375.80,1,4375.80,4376.10,0.30,4375.80,2,4375.70,4,4375.60,4,4375.50,5,4375.40,9,4375.30,10,4375.20,9,4375.10,8,4375.00,11,4374.90,12,4376.10,2,4376.20,4,4376.30,2,4376.40,4,4376.50,4,4376.60,7,4376.70,8,4376.80,10,4376.90,10,4377.00,8,Sell,19,25,44,-6.00,1.00,-6.00,1.20,41.7,4375.30,4376.20,4375.00,4375.80,17,9,26,8.00,11.00,0.00,0.80,0.0,0,27,0.3750,0.0000,-23.00,-67.00,4384.85,-1.1023,DOWN,95.50,0.2723,1.5793
20260901 221340 992,4375.80,1,4375.80,4376.10,0.30,4375.80,2,4375.70,4,4375.60,4,4375.50,5,4375.40,9,4375.30,10,4375.20,9,4375.10,8,4375.00,11,4374.90,12,4376.10,2,4376.20,4,4376.30,2,4376.40,4,4376.50,4,4376.60,7,4376.70,8,4376.80,10,4376.90,10,4377.00,8,Sell,19,26,45,-7.00,1.00,-7.00,1.20,41.7,4375.30,4376.20,4375.00,4375.80,17,9,26,8.00,11.00,0.00,0.80,0.0,0,27,0.3750,0.0000,-24.00,-68.00,4384.85,-1.1023,DOWN,95.50,0.2723,1.5793
20260901 221343 435,4376.10,1,4375.90,4376.10,0.20,4375.90,1,4375.80,2,4375.70,4,4375.60,4,4375.50,6,4375.40,8,4375.30,10,4375.20,9,4375.10,8,4375.00,11,4376.10,1,4376.20,4,4376.30,2,4376.40,4,4376.50,4,4376.60,6,4376.70,8,4376.80,10,4376.90,10,4377.00,8,Buy,20,26,46,-6.00,1.00,-7.00,1.20,66.7,4375.30,4376.20,4375.00,4376.10,17,9,26,8.00,11.00,0.00,0.80,0.0,0,27,0.3750,0.1667,-23.00,-67.00,4384.88,-1.0927,DOWN,95.50,0.2723,1.5793
20260901 221349 108,4376.10,2,4375.90,4376.20,0.30,4375.90,2,4375.80,2,4375.70,4,4375.60,4,4375.50,5,4375.40,8,4375.30,10,4375.20,9,4375.10,8,4375.00,11,4376.20,3,4376.30,4,4376.40,4,4376.50,4,4376.60,6,4376.70,8,4376.80,10,4376.90,10,4377.00,8,4377.10,8,Sell,20,28,48,-8.00,1.00,-8.00,1.20,66.7,4375.30,4376.20,4375.00,4376.10,17,9,26,8.00,11.00,0.00,0.80,0.0,0,27,0.3750,0.0000,-25.00,-69.00,4384.88,-1.0927,DOWN,95.50,0.2723,1.5793
20260901 221349 109,4376.20,1,4375.90,4376.20,0.30,4375.90,2,4375.80,2,4375.70,4,4375.60,4,4375.50,5,4375.40,8,4375.30,10,4375.20,9,4375.10,8,4375.00,11,4376.20,3,4376.30,4,4376.40,4,4376.50,4,4376.60,6,4376.70,8,4376.80,10,4376.90,10,4377.00,8,4377.10,8,Buy,21,28,49,-7.00,1.00,-8.00,1.20,75.0,4375.30,4376.20,4375.00,4376.20,17,9,26,8.00,11.00,0.00,0.80,0.0,0,27,0.3750,0.1429,-24.00,-68.00,4384.89,-1.0896,DOWN,95.50,0.2723,1.5793
20260901 221349 109,4376.20,1,4375.90,4376.20,0.30,4375.90,2,4375.80,2,4375.70,4,4375.60,4,4375.50,5,4375.40,8,4375.30,10,4375.20,9,4375.10,8,4375.00,11,4376.20,3,4376.30,4,4376.40,4,4376.50,4,4376.60,6,4376.70,8,4376.80,10,4376.90,10,4377.00,8,4377.10,8,Buy,22,28,50,-6.00,1.00,-8.00,1.20,75.0,4375.30,4376.20,4375.00,4376.20,17,9,26,8.00,11.00,0.00,0.80,0.0,0,27,0.3750,0.3333,-23.00,-67.00,4384.89,-1.0896,DOWN,95.50,0.2723,1.5793
20260901 221349 109,4376.20,1,4375.90,4376.20,0.30,4375.90,2,4375.80,2,4375.70,4,4375.60,4,4375.50,5,4375.40,8,4375.30,10,4375.20,9,4375.10,8,4375.00,11,4376.20,3,4376.30,4,4376.40,4,4376.50,4,4376.60,6,4376.70,8,4376.80,10,4376.90,10,4377.00,8,4377.10,8,Buy,23,28,51,-5.00,1.00,-8.00,1.20,75.0,4375.30,4376.20,4375.00,4376.20,17,9,26,8.00,11.00,0.00,0.80,0.0,0,27,0.3750,0.6000,-22.00,-66.00,4384.89,-1.0896,DOWN,95.50,0.2723,1.5793
20260901 221350 827,4375.90,1,4375.90,4376.20,0.30,4375.90,2,4375.80,2,4375.70,4,4375.60,4,4375.50,5,4375.40,8,4375.30,10,4375.20,9,4375.10,8,4375.00,11,4376.20,4,4376.30,4,4376.40,4,4376.50,4,4376.60,6,4376.70,8,4376.80,10,4376.90,10,4377.00,8,4377.10,8,Sell,23,29,52,-6.00,1.00,-8.00,1.20,50.0,4375.30,4376.20,4375.00,4375.90,17,9,26,8.00,11.00,0.00,0.80,0.0,0,27,0.3750,0.3333,-23.00,-67.00,4384.86,-1.0991,DOWN,95.50,0.2723,1.5793
20260901 221355 407,4375.90,1,4375.70,4376.00,0.30,4375.70,3,4375.60,2,4375.50,5,4375.40,7,4375.30,5,4375.20,9,4375.10,8,4375.00,11,4374.90,12,4374.80,9,4376.00,2,4376.10,5,4376.20,5,4376.30,5,4376.40,5,4376.50,4,4376.60,12,4376.70,8,4376.80,10,4376.90,9,Buy,24,29,53,-5.00,1.00,-8.00,1.20,50.0,4375.30,4376.20,4375.00,4375.90,17,9,26,8.00,11.00,0.00,0.80,0.0,0,27,0.3750,0.6000,-22.00,-66.00,4384.86,-1.0991,DOWN,95.50,0.2723,1.5793
20260901 221356 076,4375.70,1,4375.70,4376.00,0.30,4375.70,3,4375.60,2,4375.50,5,4375.40,7,4375.30,5,4375.20,9,4375.10,8,4375.00,11,4374.90,12,4374.80,9,4376.00,4,4376.10,3,4376.20,5,4376.30,5,4376.40,4,4376.50,4,4376.60,13,4376.70,8,4376.80,10,4376.90,9,Sell,24,30,54,-6.00,1.00,-8.00,1.20,33.3,4375.30,4376.20,4375.00,4375.70,17,9,26,8.00,11.00,0.00,0.80,0.0,0,27,0.3750,0.3333,-23.00,-67.00,4384.84,-1.1054,DOWN,95.50,0.2723,1.5793
20260901 221356 076,4375.70,1,4375.70,4376.00,0.30,4375.70,3,4375.60,2,4375.50,5,4375.40,7,4375.30,5,4375.20,9,4375.10,8,4375.00,11,4374.90,12,4374.80,9,4376.00,4,4376.10,3,4376.20,5,4376.30,5,4376.40,4,4376.50,4,4376.60,13,4376.70,8,4376.80,10,4376.90,9,Sell,24,31,55,-7.00,1.00,-8.00,1.20,33.3,4375.30,4376.20,4375.00,4375.70,17,9,26,8.00,11.00,0.00,0.80,0.0,0,27,0.3750,0.1429,-24.00,-68.00,4384.84,-1.1054,DOWN,95.50,0.2723,1.5793
20260901 221356 076,4375.70,1,4375.70,4376.00,0.30,4375.70,3,4375.60,2,4375.50,5,4375.40,7,4375.30,5,4375.20,9,4375.10,8,4375.00,11,4374.90,12,4374.80,9,4376.00,4,4376.10,3,4376.20,5,4376.30,5,4376.40,4,4376.50,4,4376.60,13,4376.70,8,4376.80,10,4376.90,9,Sell,24,32,56,-8.00,1.00,-8.00,1.20,33.3,4375.30,4376.20,4375.00,4375.70,17,9,26,8.00,11.00,0.00,0.80,0.0,0,27,0.3750,0.0000,-25.00,-69.00,4384.84,-1.1054,DOWN,95.50,0.2723,1.5793
20260901 221357 251,4375.50,1,4375.40,4375.80,0.40,4375.40,4,4375.30,4,4375.20,4,4375.10,2,4375.00,11,4374.90,12,4374.80,9,4374.70,10,4374.60,16,4374.50,13,4375.80,3,4375.90,5,4376.00,4,4376.10,6,4376.20,7,4376.30,5,4376.40,4,4376.50,9,4376.60,12,4376.70,8,Sell,24,33,57,-9.00,1.00,-9.00,1.20,16.7,4375.30,4376.20,4375.00,4375.50,17,9,26,8.00,11.00,0.00,0.80,0.0,0,27,0.3750,0.0000,-26.00,-70.00,4384.82,-1.1118,DOWN,95.50,0.2723,1.5793
20260901 221357 251,4375.50,1,4375.40,4375.80,0.40,4375.40,4,4375.30,4,4375.20,4,4375.10,2,4375.00,11,4374.90,12,4374.80,9,4374.70,10,4374.60,16,4374.50,13,4375.80,3,4375.90,5,4376.00,4,4376.10,6,4376.20,7,4376.30,5,4376.40,4,4376.50,9,4376.60,12,4376.70,8,Sell,24,34,58,-10.00,1.00,-10.00,1.20,16.7,4375.30,4376.20,4375.00,4375.50,17,9,26,8.00,11.00,0.00,0.80,0.0,0,27,0.3750,0.0000,-27.00,-71.00,4384.82,-1.1118,DOWN,95.50,0.2723,1.5793
20260901 221357 251,4375.50,1,4375.40,4375.80,0.40,4375.40,4,4375.30,4,4375.20,4,4375.10,2,4375.00,11,4374.90,12,4374.80,9,4374.70,10,4374.60,16,4374.50,13,4375.80,3,4375.90,5,4376.00,4,4376.10,6,4376.20,7,4376.30,5,4376.40,4,4376.50,9,4376.60,12,4376.70,8,Sell,24,35,59,-11.00,1.00,-11.00,1.20,16.7,4375.30,4376.20,4375.00,4375.50,17,9,26,8.00,11.00,0.00,0.80,0.0,0,27,0.3750,0.0000,-28.00,-72.00,4384.82,-1.1118,DOWN,95.50,0.2723,1.5793
20260901 221359 098,4375.70,1,4375.60,4375.90,0.30,4375.60,4,4375.50,4,4375.40,7,4375.30,4,4375.20,4,4375.10,3,4375.00,11,4374.90,12,4374.80,9,4374.70,10,4375.90,1,4376.00,3,4376.10,4,4376.20,6,4376.30,5,4376.40,9,4376.50,9,4376.60,12,4376.70,8,4376.80,10,Buy,25,35,60,-10.00,1.00,-11.00,1.20,33.3,4375.30,4376.20,4375.00,4375.70,17,9,26,8.00,11.00,0.00,0.80,0.0,0,27,0.3750,0.1000,-27.00,-71.00,4384.84,-1.1054,DOWN,95.50,0.2723,1.5793
20260901 221404 941,4375.70,1,4375.50,4375.70,0.20,4375.50,1,4375.40,3,4375.30,4,4375.20,4,4375.10,2,4375.00,11,4374.90,12,4374.80,9,4374.70,11,4374.60,17,4375.70,2,4375.80,2,4375.90,6,4376.00,3,4376.10,4,4376.20,8,4376.30,5,4376.40,9,4376.50,9,4376.60,12,Buy,1,0,1,1.00,1.00,1.00,0.00,0.0,4375.70,4375.70,4375.70,4375.70,25,35,60,-10.00,1.00,-11.00,1.20,33.3,-12,93,0.1000,0.0000,-33.00,-15.00,4384.84,-1.1054,DOWN,92.70,0.6472,1.4665
20260901 221405 244,4375.50,1,4375.30,4375.60,0.30,4375.30,4,4375.20,3,4375.10,2,4375.00,11,4374.90,12,4374.80,9,4374.70,10,4374.60,17,4374.50,12,4374.40,12,4375.60,1,4375.70,3,4375.80,4,4375.90,6,4376.00,4,4376.10,5,4376.20,7,4376.30,5,4376.40,4,4376.50,4,Sell,1,1,2,0.00,1.00,0.00,0.20,100.0,4375.70,4375.70,4375.50,4375.50,25,35,60,-10.00,1.00,-11.00,1.20,33.3,-12,93,0.1000,1.0000,-34.00,-16.00,4384.82,-1.1118,DOWN,92.70,0.6472,1.4808
20260901 221405 244,4375.50,1,4375.30,4375.60,0.30,4375.30,4,4375.20,3,4375.10,2,4375.00,11,4374.90,12,4374.80,9,4374.70,10,4374.60,17,4374.50,12,4374.40,12,4375.60,1,4375.70,3,4375.80,4,4375.90,6,4376.00,4,4376.10,5,4376.20,7,4376.30,5,4376.40,4,4376.50,4,Sell,1,2,3,-1.00,1.00,-1.00,0.20,100.0,4375.70,4375.70,4375.50,4375.50,25,35,60,-10.00,1.00,-11.00,1.20,33.3,-12,93,0.1000,0.0000,-35.00,-17.00,4384.82,-1.1118,DOWN,92.70,0.6472,1.4808
20260901 221405 860,4375.20,1,4375.20,4375.50,0.30,4375.20,2,4375.10,4,4375.00,6,4374.90,7,4374.80,9,4374.70,10,4374.60,17,4374.50,12,4374.40,12,4374.30,9,4375.50,3,4375.60,3,4375.70,4,4375.80,6,4375.90,6,4376.00,4,4376.10,6,4376.20,12,4376.30,10,4376.40,9,Sell,1,3,4,-2.00,1.00,-2.00,0.50,100.0,4375.70,4375.70,4375.20,4375.20,25,35,60,-10.00,1.00,-11.00,1.20,33.3,-12,93,0.1000,0.0000,-36.00,-18.00,4384.79,-1.1213,DOWN,92.70,0.6472,1.5022
20260901 221405 860,4375.20,1,4375.20,4375.50,0.30,4375.20,2,4375.10,4,4375.00,6,4374.90,7,4374.80,9,4374.70,10,4374.60,17,4374.50,12,4374.40,12,4374.30,9,4375.50,3,4375.60,3,4375.70,4,4375.80,6,4375.90,6,4376.00,4,4376.10,6,4376.20,12,4376.30,10,4376.40,9,Sell,1,4,5,-3.00,1.00,-3.00,0.50,100.0,4375.70,4375.70,4375.20,4375.20,25,35,60,-10.00,1.00,-11.00,1.20,33.3,-12,93,0.1000,0.0000,-37.00,-19.00,4384.79,-1.1213,DOWN,92.70,0.6472,1.5022
20260901 221405 968,4375.20,1,4375.20,4375.50,0.30,4375.20,5,4375.10,4,4375.00,6,4374.90,7,4374.80,9,4374.70,10,4374.60,17,4374.50,12,4374.40,12,4374.30,9,4375.50,1,4375.60,3,4375.70,4,4375.80,6,4375.90,6,4376.00,4,4376.10,6,4376.20,12,4376.30,10,4376.40,9,Sell,1,5,6,-4.00,1.00,-4.00,0.50,100.0,4375.70,4375.70,4375.20,4375.20,25,35,60,-10.00,1.00,-11.00,1.20,33.3,-12,93,0.1000,0.0000,-38.00,-20.00,4384.79,-1.1213,DOWN,92.70,0.6472,1.5022
20260901 221408 114,4375.50,1,4375.30,4375.50,0.20,4375.30,3,4375.20,5,4375.10,4,4375.00,6,4374.90,8,4374.80,9,4374.70,10,4374.60,17,4374.50,12,4374.40,12,4375.50,1,4375.60,2,4375.70,4,4375.80,6,4375.90,6,4376.00,4,4376.10,6,4376.20,12,4376.30,10,4376.40,9,Buy,2,5,7,-3.00,1.00,-4.00,0.50,40.0,4375.70,4375.70,4375.20,4375.50,25,35,60,-10.00,1.00,-11.00,1.20,33.3,-12,93,0.1000,0.3333,-37.00,-19.00,4384.82,-1.1118,DOWN,92.70,0.6472,1.5022
20260901 221408 199,4375.50,1,4375.40,4375.70,0.30,4375.40,2,4375.30,4,4375.20,6,4375.10,4,4375.00,6,4374.90,7,4374.80,9,4374.70,10,4374.60,17,4374.50,12,4375.70,2,4375.80,3,4375.90,4,4376.00,4,4376.10,5,4376.20,7,4376.30,10,4376.40,9,4376.50,9,4376.60,12,Sell,2,6,8,-4.00,1.00,-4.00,0.50,40.0,4375.70,4375.70,4375.20,4375.50,25,35,60,-10.00,1.00,-11.00,1.20,33.3,-12,93,0.1000,0.0000,-38.00,-20.00,4384.82,-1.1118,DOWN,92.70,0.6472,1.5022
20260901 221408 423,4375.50,1,4375.50,4375.80,0.30,4375.50,3,4375.40,3,4375.30,4,4375.20,7,4375.10,4,4375.00,6,4374.90,7,4374.80,9,4374.70,10,4374.60,17,4375.80,2,4375.90,4,4376.00,4,4376.10,5,4376.20,7,4376.30,10,4376.40,9,4376.50,9,4376.60,12,4376.70,8,Sell,2,7,9,-5.00,1.00,-5.00,0.50,40.0,4375.70,4375.70,4375.20,4375.50,25,35,60,-10.00,1.00,-11.00,1.20,33.3,-12,93,0.1000,0.0000,-39.00,-21.00,4384.82,-1.1118,DOWN,92.70,0.6472,1.5022
20260901 221424 230,4375.60,1,4375.40,4375.70,0.30,4375.40,3,4375.30,2,4375.20,4,4375.10,4,4375.00,7,4374.90,12,4374.80,9,4374.70,10,4374.60,17,4374.50,12,4375.70,3,4375.80,5,4375.90,4,4376.00,5,4376.10,6,4376.20,7,4376.30,10,4376.40,9,4376.50,9,4376.60,12,Sell,2,8,10,-6.00,1.00,-6.00,0.50,20.0,4375.70,4375.70,4375.20,4375.60,25,35,60,-10.00,1.00,-11.00,1.20,33.3,-12,93,0.1000,0.0000,-40.00,-22.00,4384.83,-1.1086,DOWN,92.70,0.6472,1.5022
20260901 221424 230,4375.60,1,4375.40,4375.70,0.30,4375.40,3,4375.30,2,4375.20,4,4375.10,4,4375.00,7,4374.90,12,4374.80,9,4374.70,10,4374.60,17,4374.50,12,4375.70,3,4375.80,5,4375.90,4,4376.00,5,4376.10,6,4376.20,7,4376.30,10,4376.40,9,4376.50,9,4376.60,12,Sell,2,9,11,-7.00,1.00,-7.00,0.50,20.0,4375.70,4375.70,4375.20,4375.60,25,35,60,-10.00,1.00,-11.00,1.20,33.3,-12,93,0.1000,0.0000,-41.00,-23.00,4384.83,-1.1086,DOWN,92.70,0.6472,1.5022
20260901 221424 230,4375.60,2,4375.40,4375.70,0.30,4375.40,3,4375.30,2,4375.20,4,4375.10,4,4375.00,7,4374.90,12,4374.80,9,4374.70,10,4374.60,17,4374.50,12,4375.70,3,4375.80,5,4375.90,4,4376.00,5,4376.10,6,4376.20,7,4376.30,10,4376.40,9,4376.50,9,4376.60,12,Sell,2,11,13,-9.00,1.00,-9.00,0.50,20.0,4375.70,4375.70,4375.20,4375.60,25,35,60,-10.00,1.00,-11.00,1.20,33.3,-12,93,0.1000,0.0000,-43.00,-25.00,4384.83,-1.1086,DOWN,92.70,0.6472,1.5022
20260901 221432 813,4375.70,1,4375.50,4375.80,0.30,4375.50,3,4375.40,3,4375.30,2,4375.20,5,4375.10,4,4375.00,7,4374.90,12,4374.80,14,4374.70,10,4374.60,17,4375.80,3,4375.90,3,4376.00,3,4376.10,5,4376.20,7,4376.30,5,4376.40,10,4376.50,9,4376.60,12,4376.70,8,Buy,3,11,14,-8.00,1.00,-9.00,0.50,0.0,4375.70,4375.70,4375.20,4375.70,25,35,60,-10.00,1.00,-11.00,1.20,33.3,-12,93,0.1000,0.1250,-42.00,-24.00,4384.84,-1.1054,DOWN,92.70,0.6472,1.5022
20260901 221441 163,4375.70,1,4375.50,4375.70,0.20,4375.50,3,4375.40,3,4375.30,2,4375.20,5,4375.10,4,4375.00,8,4374.90,12,4374.80,14,4374.70,10,4374.60,17,4375.70,1,4375.80,3,4375.90,3,4376.00,4,4376.10,5,4376.20,7,4376.30,5,4376.40,9,4376.50,9,4376.60,12,Buy,4,11,15,-7.00,1.00,-9.00,0.50,0.0,4375.70,4375.70,4375.20,4375.70,25,35,60,-10.00,1.00,-11.00,1.20,33.3,-12,93,0.1000,0.2857,-41.00,-23.00,4384.84,-1.1054,DOWN,92.70,0.6472,1.5022
20260901 221448 512,4375.60,2,4375.50,4375.70,0.20,4375.50,1,4375.40,1,4375.30,3,4375.20,5,4375.10,4,4375.00,12,4374.90,12,4374.80,14,4374.70,10,4374.60,17,4375.70,2,4375.80,3,4375.90,4,4376.00,4,4376.10,5,4376.20,7,4376.30,5,4376.40,4,4376.50,9,4376.60,11,Sell,4,13,17,-9.00,1.00,-9.00,0.50,20.0,4375.70,4375.70,4375.20,4375.60,25,35,60,-10.00,1.00,-11.00,1.20,33.3,-12,93,0.1000,0.0000,-43.00,-25.00,4384.83,-1.1086,DOWN,92.70,0.6472,1.5022
20260901 221450 925,4375.50,1,4375.30,4375.70,0.40,4375.30,3,4375.20,5,4375.10,4,4375.00,7,4374.90,12,4374.80,14,4374.70,10,4374.60,17,4374.50,11,4374.40,12,4375.70,3,4375.80,3,4375.90,4,4376.00,4,4376.10,4,4376.20,7,4376.30,5,4376.40,9,4376.50,9,4376.60,11,Sell,4,14,18,-10.00,1.00,-10.00,0.50,40.0,4375.70,4375.70,4375.20,4375.50,25,35,60,-10.00,1.00,-11.00,1.20,33.3,-12,93,0.1000,0.0000,-44.00,-26.00,4384.82,-1.1118,DOWN,92.70,0.6472,1.5022
20260901 221500 739,4375.60,1,4375.50,4375.60,0.10,4375.50,3,4375.30,3,4375.20,4,4375.10,4,4375.00,7,4374.90,12,4374.80,14,4374.70,10,4374.60,17,4374.50,11,4375.70,3,4375.80,3,4375.90,4,4376.00,5,4376.10,4,4376.20,7,4376.30,10,4376.40,9,4376.50,9,4376.60,11,Buy,1,0,1,1.00,1.00,1.00,0.00,0.0,4375.60,4375.60,4375.60,4375.60,4,14,18,-10.00,1.00,-10.00,0.50,40.0,-3,12,0.0000,0.0000,-33.00,-12.00,4383.94,-0.9710,DOWN,89.70,0.2007,1.4021
20260901 221502 939,4375.50,3,4375.30,4375.60,0.30,4375.30,3,4375.20,4,4375.10,4,4375.00,7,4374.90,12,4374.80,14,4374.70,10,4374.60,17,4374.50,11,4374.40,12,4375.60,3,4375.70,3,4375.80,3,4375.90,4,4376.00,5,4376.10,5,4376.20,7,4376.30,10,4376.40,9,4376.50,9,Sell,1,3,4,-2.00,1.00,-2.00,0.10,100.0,4375.60,4375.60,4375.50,4375.50,4,14,18,-10.00,1.00,-10.00,0.50,40.0,-3,12,0.0000,0.0000,-36.00,-15.00,4383.94,-0.9742,DOWN,89.70,0.2007,1.4021
20260901 221507 012,4375.50,1,4375.40,4375.70,0.30,4375.40,3,4375.30,5,4375.20,5,4375.10,4,4375.00,8,4374.90,7,4374.80,14,4374.70,10,4374.60,17,4374.50,11,4375.70,3,4375.80,4,4375.90,3,4376.00,4,4376.10,4,4376.20,11,4376.30,11,4376.40,9,4376.50,9,4376.60,11,Buy,2,3,5,-1.00,1.00,-2.00,0.10,100.0,4375.60,4375.60,4375.50,4375.50,4,14,18,-10.00,1.00,-10.00,0.50,40.0,-3,12,0.0000,1.0000,-35.00,-14.00,4383.94,-0.9742,DOWN,89.70,0.2007,1.4021
20260901 221507 012,4375.50,1,4375.40,4375.70,0.30,4375.40,3,4375.30,5,4375.20,5,4375.10,4,4375.00,8,4374.90,7,4374.80,14,4374.70,10,4374.60,17,4374.50,11,4375.70,3,4375.80,4,4375.90,3,4376.00,4,4376.10,4,4376.20,11,4376.30,11,4376.40,9,4376.50,9,4376.60,11,Buy,3,3,6,0.00,1.00,-2.00,0.10,100.0,4375.60,4375.60,4375.50,4375.50,4,14,18,-10.00,1.00,-10.00,0.50,40.0,-3,12,0.0000,1.0000,-34.00,-13.00,4383.94,-0.9742,DOWN,89.70,0.2007,1.4021
20260901 221507 012,4375.50,1,4375.40,4375.70,0.30,4375.40,3,4375.30,5,4375.20,5,4375.10,4,4375.00,8,4374.90,7,4374.80,14,4374.70,10,4374.60,17,4374.50,11,4375.70,3,4375.80,4,4375.90,3,4376.00,4,4376.10,4,4376.20,11,4376.30,11,4376.40,9,4376.50,9,4376.60,11,Buy,4,3,7,1.00,1.00,-2.00,0.10,100.0,4375.60,4375.60,4375.50,4375.50,4,14,18,-10.00,1.00,-10.00,0.50,40.0,-3,12,0.0000,0.0000,-33.00,-12.00,4383.94,-0.9742,DOWN,89.70,0.2007,1.4021
20260901 221507 954,4375.30,1,4375.10,4375.40,0.30,4375.20,2,4375.10,4,4375.00,7,4374.90,7,4374.80,14,4374.70,10,4374.60,17,4374.50,11,4374.40,12,4374.30,9,4375.50,1,4375.60,4,4375.70,3,4375.80,4,4375.90,3,4376.00,4,4376.10,5,4376.20,12,4376.30,11,4376.40,9,Sell,4,4,8,0.00,1.00,-2.00,0.30,100.0,4375.60,4375.60,4375.30,4375.30,4,14,18,-10.00,1.00,-10.00,0.50,40.0,-3,12,0.0000,1.0000,-34.00,-13.00,4383.92,-0.9805,DOWN,89.70,0.2007,1.4164
20260901 221507 954,4375.30,1,4375.10,4375.40,0.30,4375.20,2,4375.10,4,4375.00,7,4374.90,7,4374.80,14,4374.70,10,4374.60,17,4374.50,11,4374.40,12,4374.30,9,4375.50,1,4375.60,4,4375.70,3,4375.80,4,4375.90,3,4376.00,4,4376.10,5,4376.20,12,4376.30,11,4376.40,9,Sell,4,5,9,-1.00,1.00,-2.00,0.30,100.0,4375.60,4375.60,4375.30,4375.30,4,14,18,-10.00,1.00,-10.00,0.50,40.0,-3,12,0.0000,1.0000,-35.00,-14.00,4383.92,-0.9805,DOWN,89.70,0.2007,1.4164
20260901 221507 954,4375.20,1,4375.10,4375.40,0.30,4375.20,2,4375.10,4,4375.00,7,4374.90,7,4374.80,14,4374.70,10,4374.60,17,4374.50,11,4374.40,12,4374.30,9,4375.50,1,4375.60,4,4375.70,3,4375.80,4,4375.90,3,4376.00,4,4376.10,5,4376.20,12,4376.30,11,4376.40,9,Sell,4,6,10,-2.00,1.00,-2.00,0.40,100.0,4375.60,4375.60,4375.20,4375.20,4,14,18,-10.00,1.00,-10.00,0.50,40.0,-3,12,0.0000,0.0000,-36.00,-15.00,4383.91,-0.9837,DOWN,89.70,0.2007,1.4235
20260901 221507 954,4375.20,1,4375.10,4375.40,0.30,4375.20,2,4375.10,4,4375.00,7,4374.90,7,4374.80,14,4374.70,10,4374.60,17,4374.50,11,4374.40,12,4374.30,9,4375.50,1,4375.60,4,4375.70,3,4375.80,4,4375.90,3,4376.00,4,4376.10,5,4376.20,12,4376.30,11,4376.40,9,Sell,4,7,11,-3.00,1.00,-3.00,0.40,100.0,4375.60,4375.60,4375.20,4375.20,4,14,18,-10.00,1.00,-10.00,0.50,40.0,-3,12,0.0000,0.0000,-37.00,-16.00,4383.91,-0.9837,DOWN,89.70,0.2007,1.4235
20260901 221507 966,4375.10,1,4375.10,4375.40,0.30,4375.20,2,4375.10,4,4375.00,7,4374.90,7,4374.80,14,4374.70,10,4374.60,17,4374.50,11,4374.40,12,4374.30,9,4375.50,1,4375.60,4,4375.70,3,4375.80,4,4375.90,3,4376.00,4,4376.10,5,4376.20,12,4376.30,11,4376.40,9,Sell,4,8,12,-4.00,1.00,-4.00,0.50,100.0,4375.60,4375.60,4375.10,4375.10,4,14,18,-10.00,1.00,-10.00,0.50,40.0,-3,12,0.0000,0.0000,-38.00,-17.00,4383.90,-0.9869,DOWN,89.70,0.2007,1.4306
20260901 221509 774,4375.00,1,4375.00,4375.20,0.20,4375.00,1,4374.90,5,4374.80,9,4374.70,5,4374.60,12,4374.50,11,4374.40,12,4374.30,9,4374.20,8,4374.10,7,4375.20,2,4375.30,3,4375.40,2,4375.50,4,4375.60,4,4375.70,4,4375.80,6,4375.90,4,4376.00,9,4376.10,10,Sell,4,9,13,-5.00,1.00,-5.00,0.60,100.0,4375.60,4375.60,4375.00,4375.00,4,14,18,-10.00,1.00,-10.00,0.50,40.0,-3,12,0.0000,0.0000,-39.00,-18.00,4383.89,-0.9900,DOWN,89.70,0.2007,1.4378
20260901 221510 085,4375.00,1,4374.70,4374.80,0.10,4374.70,1,4374.60,7,4374.50,5,4374.40,5,4374.30,3,4374.20,3,4374.10,6,4374.00,9,4373.90,8,4373.80,7,4374.80,2,4374.90,5,4375.00,4,4375.10,4,4375.20,3,4375.30,3,4375.40,4,4375.50,9,4375.60,9,4375.70,8,Sell,4,10,14,-6.00,1.00,-6.00,0.60,100.0,4375.60,4375.60,4375.00,4375.00,4,14,18,-10.00,1.00,-10.00,0.50,40.0,-3,12,0.0000,0.0000,-40.00,-19.00,4383.89,-0.9900,DOWN,89.70,0.2007,1.4378
20260901 221510 086,4374.90,1,4374.70,4374.80,0.10,4374.70,1,4374.60,7,4374.50,5,4374.40,5,4374.30,3,4374.20,3,4374.10,6,4374.00,9,4373.90,8,4373.80,7,4374.80,2,4374.90,5,4375.00,4,4375.10,4,4375.20,3,4375.30,3,4375.40,4,4375.50,9,4375.60,9,4375.70,8,Sell,4,11,15,-7.00,1.00,-7.00,0.70,100.0,4375.60,4375.60,4374.90,4374.90,4,14,18,-10.00,1.00,-10.00,0.50,40.0,-3,12,0.0000,0.0000,-41.00,-20.00,4383.88,-0.9932,DOWN,89.70,0.2007,1.4449
20260901 221510 090,4374.90,1,4374.70,4374.80,0.10,4374.70,1,4374.60,7,4374.50,5,4374.40,5,4374.30,3,4374.20,3,4374.10,6,4374.00,9,4373.90,8,4373.80,7,4374.80,2,4374.90,5,4375.00,4,4375.10,4,4375.20,3,4375.30,3,4375.40,4,4375.50,9,4375.60,9,4375.70,8,Sell,4,12,16,-8.00,1.00,-8.00,0.70,100.0,4375.60,4375.60,4374.90,4374.90,4,14,18,-10.00,1.00,-10.00,0.50,40.0,-3,12,0.0000,0.0000,-42.00,-21.00,4383.88,-0.9932,DOWN,89.70,0.2007,1.4449
20260901 221510 162,4374.80,1,4374.60,4374.80,0.20,4374.60,1,4374.50,6,4374.40,5,4374.30,3,4374.20,3,4374.10,6,4374.00,9,4373.90,8,4373.80,7,4373.70,6,4374.80,2,4374.90,4,4375.00,3,4375.10,4,4375.20,4,4375.30,2,4375.40,4,4375.50,9,4375.60,9,4375.70,8,Sell,4,13,17,-9.00,1.00,-9.00,0.80,100.0,4375.60,4375.60,4374.80,4374.80,4,14,18,-10.00,1.00,-10.00,0.50,40.0,-3,12,0.0000,0.0000,-43.00,-22.00,4383.87,-0.9964,DOWN,89.70,0.2007,1.4521
20260901 221510 162,4374.80,1,4374.60,4374.80,0.20,4374.60,1,4374.50,6,4374.40,5,4374.30,3,4374.20,3,4374.10,6,4374.00,9,4373.90,8,4373.80,7,4373.70,6,4374.80,2,4374.90,4,4375.00,3,4375.10,4,4375.20,4,4375.30,2,4375.40,4,4375.50,9,4375.60,9,4375.70,8,Sell,4,14,18,-10.00,1.00,-10.00,0.80,100.0,4375.60,4375.60,4374.80,4374.80,4,14,18,-10.00,1.00,-10.00,0.50,40.0,-3,12,0.0000,0.0000,-44.00,-23.00,4383.87,-0.9964,DOWN,89.70,0.2007,1.4521
20260901 221510 162,4374.80,1,4374.60,4374.80,0.20,4374.60,1,4374.50,6,4374.40,5,4374.30,3,4374.20,3,4374.10,6,4374.00,9,4373.90,8,4373.80,7,4373.70,6,4374.80,2,4374.90,4,4375.00,3,4375.10,4,4375.20,4,4375.30,2,4375.40,4,4375.50,9,4375.60,9,4375.70,8,Sell,4,15,19,-11.00,1.00,-11.00,0.80,100.0,4375.60,4375.60,4374.80,4374.80,4,14,18,-10.00,1.00,-10.00,0.50,40.0,-3,12,0.0000,0.0000,-45.00,-24.00,4383.87,-0.9964,DOWN,89.70,0.2007,1.4521
20260901 221510 162,4374.80,1,4374.60,4374.80,0.20,4374.60,1,4374.50,6,4374.40,5,4374.30,3,4374.20,3,4374.10,6,4374.00,9,4373.90,8,4373.80,7,4373.70,6,4374.80,2,4374.90,4,4375.00,3,4375.10,4,4375.20,4,4375.30,2,4375.40,4,4375.50,9,4375.60,9,4375.70,8,Sell,4,16,20,-12.00,1.00,-12.00,0.80,100.0,4375.60,4375.60,4374.80,4374.80,4,14,18,-10.00,1.00,-10.00,0.50,40.0,-3,12,0.0000,0.0000,-46.00,-25.00,4383.87,-0.9964,DOWN,89.70,0.2007,1.4521
20260901 221510 164,4374.80,1,4374.60,4374.80,0.20,4374.60,1,4374.50,6,4374.40,5,4374.30,3,4374.20,3,4374.10,6,4374.00,9,4373.90,8,4373.80,7,4373.70,6,4374.80,2,4374.90,4,4375.00,3,4375.10,4,4375.20,4,4375.30,2,4375.40,4,4375.50,9,4375.60,9,4375.70,8,Sell,4,17,21,-13.00,1.00,-13.00,0.80,100.0,4375.60,4375.60,4374.80,4374.80,4,14,18,-10.00,1.00,-10.00,0.50,40.0,-3,12,0.0000,0.0000,-47.00,-26.00,4383.87,-0.9964,DOWN,89.70,0.2007,1.4521
20260901 221510 187,4374.80,1,4374.60,4374.80,0.20,4374.60,1,4374.50,6,4374.40,5,4374.30,3,4374.20,3,4374.10,6,4374.00,9,4373.90,8,4373.80,7,4373.70,6,4374.80,2,4374.90,4,4375.00,3,4375.10,4,4375.20,4,4375.30,2,4375.40,4,4375.50,9,4375.60,9,4375.70,8,Buy,5,17,22,-12.00,1.00,-13.00,0.80,100.0,4375.60,4375.60,4374.80,4374.80,4,14,18,-10.00,1.00,-10.00,0.50,40.0,-3,12,0.0000,0.0833,-46.00,-25.00,4383.87,-0.9964,DOWN,89.70,0.2007,1.4521
20260901 221510 187,4374.70,1,4374.60,4374.80,0.20,4374.60,1,4374.50,6,4374.40,5,4374.30,3,4374.20,3,4374.10,6,4374.00,9,4373.90,8,4373.80,7,4373.70,6,4374.80,2,4374.90,4,4375.00,3,4375.10,4,4375.20,4,4375.30,2,4375.40,4,4375.50,9,4375.60,9,4375.70,8,Sell,5,18,23,-13.00,1.00,-13.00,0.90,100.0,4375.60,4375.60,4374.70,4374.70,4,14,18,-10.00,1.00,-10.00,0.50,40.0,-3,12,0.0000,0.0000,-47.00,-26.00,4383.86,-0.9996,DOWN,89.70,0.2007,1.4592
20260901 221510 187,4374.70,1,4374.60,4374.80,0.20,4374.60,1,4374.50,6,4374.40,5,4374.30,3,4374.20,3,4374.10,6,4374.00,9,4373.90,8,4373.80,7,4373.70,6,4374.80,2,4374.90,4,4375.00,3,4375.10,4,4375.20,4,4375.30,2,4375.40,4,4375.50,9,4375.60,9,4375.70,8,Sell,5,19,24,-14.00,1.00,-14.00,0.90,100.0,4375.60,4375.60,4374.70,4374.70,4,14,18,-10.00,1.00,-10.00,0.50,40.0,-3,12,0.0000,0.0000,-48.00,-27.00,4383.86,-0.9996,DOWN,89.70,0.2007,1.4592
20260901 221510 187,4374.60,1,4374.60,4374.80,0.20,4374.60,1,4374.50,6,4374.40,5,4374.30,3,4374.20,3,4374.10,6,4374.00,9,4373.90,8,4373.80,7,4373.70,6,4374.80,2,4374.90,4,4375.00,3,4375.10,4,4375.20,4,4375.30,2,4375.40,4,4375.50,9,4375.60,9,4375.70,8,Sell,5,20,25,-15.00,1.00,-15.00,1.00,100.0,4375.60,4375.60,4374.60,4374.60,4,14,18,-10.00,1.00,-10.00,0.50,40.0,-3,12,0.0000,0.0000,-49.00,-28.00,4383.85,-1.0027,DOWN,89.70,0.2007,1.4664
20260901 221510 187,4374.60,4,4374.60,4374.80,0.20,4374.60,1,4374.50,6,4374.40,5,4374.30,3,4374.20,3,4374.10,6,4374.00,9,4373.90,8,4373.80,7,4373.70,6,4374.80,2,4374.90,4,4375.00,3,4375.10,4,4375.20,4,4375.30,2,4375.40,4,4375.50,9,4375.60,9,4375.70,8,Sell,5,24,29,-19.00,1.00,-19.00,1.00,100.0,4375.60,4375.60,4374.60,4374.60,4,14,18,-10.00,1.00,-10.00,0.50,40.0,-3,12,0.0000,0.0000,-53.00,-32.00,4383.85,-1.0027,DOWN,89.70,0.2007,1.4664
20260901 221510 187,4374.60,1,4374.60,4374.80,0.20,4374.60,1,4374.50,6,4374.40,5,4374.30,3,4374.20,3,4374.10,6,4374.00,9,4373.90,8,4373.80,7,4373.70,6,4374.80,2,4374.90,4,4375.00,3,4375.10,4,4375.20,4,4375.30,2,4375.40,4,4375.50,9,4375.60,9,4375.70,8,Sell,5,25,30,-20.00,1.00,-20.00,1.00,100.0,4375.60,4375.60,4374.60,4374.60,4,14,18,-10.00,1.00,-10.00,0.50,40.0,-3,12,0.0000,0.0000,-54.00,-33.00,4383.85,-1.0027,DOWN,89.70,0.2007,1.4664
20260901 221510 187,4374.60,1,4374.60,4374.80,0.20,4374.60,1,4374.50,6,4374.40,5,4374.30,3,4374.20,3,4374.10,6,4374.00,9,4373.90,8,4373.80,7,4373.70,6,4374.80,2,4374.90,4,4375.00,3,4375.10,4,4375.20,4,4375.30,2,4375.40,4,4375.50,9,4375.60,9,4375.70,8,Sell,5,26,31,-21.00,1.00,-21.00,1.00,100.0,4375.60,4375.60,4374.60,4374.60,4,14,18,-10.00,1.00,-10.00,0.50,40.0,-3,12,0.0000,0.0000,-55.00,-34.00,4383.85,-1.0027,DOWN,89.70,0.2007,1.4664
20260901 221510 189,4374.70,1,4374.60,4374.80,0.20,4374.60,1,4374.50,6,4374.40,5,4374.30,3,4374.20,3,4374.10,6,4374.00,9,4373.90,8,4373.80,7,4373.70,6,4374.80,2,4374.90,4,4375.00,3,4375.10,4,4375.20,4,4375.30,2,4375.40,4,4375.50,9,4375.60,9,4375.70,8,Buy,6,26,32,-20.00,1.00,-21.00,1.00,90.0,4375.60,4375.60,4374.60,4374.70,4,14,18,-10.00,1.00,-10.00,0.50,40.0,-3,12,0.0000,0.0500,-54.00,-33.00,4383.86,-0.9996,DOWN,89.70,0.2007,1.4664
20260901 221511 562,4374.80,1,4374.80,4375.10,0.30,4374.80,3,4374.70,4,4374.60,4,4374.50,6,4374.40,5,4374.30,3,4374.20,8,4374.10,6,4374.00,9,4373.90,8,4375.10,3,4375.20,2,4375.30,2,4375.40,3,4375.50,4,4375.60,4,4375.70,3,4375.80,10,4375.90,8,4376.00,8,Buy,7,26,33,-19.00,1.00,-21.00,1.00,80.0,4375.60,4375.60,4374.60,4374.80,4,14,18,-10.00,1.00,-10.00,0.50,40.0,-3,12,0.0000,0.1053,-53.00,-32.00,4383.87,-0.9964,DOWN,89.70,0.2007,1.4664
20260901 221511 563,4374.90,1,4374.80,4375.10,0.30,4374.80,3,4374.70,4,4374.60,4,4374.50,6,4374.40,5,4374.30,3,4374.20,8,4374.10,6,4374.00,9,4373.90,8,4375.10,3,4375.20,2,4375.30,2,4375.40,3,4375.50,4,4375.60,4,4375.70,3,4375.80,10,4375.90,8,4376.00,8,Buy,8,26,34,-18.00,1.00,-21.00,1.00,70.0,4375.60,4375.60,4374.60,4374.90,4,14,18,-10.00,1.00,-10.00,0.50,40.0,-3,12,0.0000,0.1667,-52.00,-31.00,4383.88,-0.9932,DOWN,89.70,0.2007,1.4664
20260901 221513 358,4375.10,1,4374.80,4375.10,0.30,4374.80,3,4374.70,4,4374.60,4,4374.50,6,4374.40,5,4374.30,3,4374.20,8,4374.10,6,4374.00,9,4373.90,8,4375.20,2,4375.30,2,4375.40,3,4375.50,4,4375.60,4,4375.70,3,4375.80,10,4375.90,8,4376.00,8,4376.10,9,Buy,9,26,35,-17.00,1.00,-21.00,1.00,50.0,4375.60,4375.60,4374.60,4375.10,4,14,18,-10.00,1.00,-10.00,0.50,40.0,-3,12,0.0000,0.2353,-51.00,-30.00,4383.90,-0.9869,DOWN,89.70,0.2007,1.4664
20260901 221513 358,4375.10,1,4374.80,4375.10,0.30,4374.80,3,4374.70,4,4374.60,4,4374.50,6,4374.40,5,4374.30,3,4374.20,8,4374.10,6,4374.00,9,4373.90,8,4375.20,2,4375.30,2,4375.40,3,4375.50,4,4375.60,4,4375.70,3,4375.80,10,4375.90,8,4376.00,8,4376.10,9,Buy,10,26,36,-16.00,1.00,-21.00,1.00,50.0,4375.60,4375.60,4374.60,4375.10,4,14,18,-10.00,1.00,-10.00,0.50,40.0,-3,12,0.0000,0.3125,-50.00,-29.00,4383.90,-0.9869,DOWN,89.70,0.2007,1.4664
20260901 221513 358,4375.10,1,4374.80,4375.10,0.30,4374.80,3,4374.70,4,4374.60,4,4374.50,6,4374.40,5,4374.30,3,4374.20,8,4374.10,6,4374.00,9,4373.90,8,4375.20,2,4375.30,2,4375.40,3,4375.50,4,4375.60,4,4375.70,3,4375.80,10,4375.90,8,4376.00,8,4376.10,9,Buy,11,26,37,-15.00,1.00,-21.00,1.00,50.0,4375.60,4375.60,4374.60,4375.10,4,14,18,-10.00,1.00,-10.00,0.50,40.0,-3,12,0.0000,0.4000,-49.00,-28.00,4383.90,-0.9869,DOWN,89.70,0.2007,1.4664
20260901 221516 532,4375.10,1,4374.90,4375.10,0.20,4375.00,3,4374.90,4,4374.80,5,4374.70,4,4374.60,5,4374.50,5,4374.40,5,4374.30,8,4374.20,8,4374.10,6,4375.20,2,4375.30,1,4375.40,3,4375.50,4,4375.60,4,4375.70,3,4375.80,10,4375.90,8,4376.00,8,4376.10,9,Buy,12,26,38,-14.00,1.00,-21.00,1.00,50.0,4375.60,4375.60,4374.60,4375.10,4,14,18,-10.00,1.00,-10.00,0.50,40.0,-3,12,0.0000,0.5000,-48.00,-27.00,4383.90,-0.9869,DOWN,89.70,0.2007,1.4664
20260901 221519 705,4375.20,1,4375.10,4375.40,0.30,4375.10,4,4375.00,4,4374.90,4,4374.80,5,4374.70,4,4374.60,5,4374.50,10,4374.40,9,4374.30,8,4374.20,8,4375.40,3,4375.50,2,4375.60,2,4375.70,3,4375.80,5,4375.90,9,4376.00,8,4376.10,9,4376.20,10,4376.30,10,Buy,13,26,39,-13.00,1.00,-21.00,1.00,40.0,4375.60,4375.60,4374.60,4375.20,4,14,18,-10.00,1.00,-10.00,0.50,40.0,-3,12,0.0000,0.6154,-47.00,-26.00,4383.91,-0.9837,DOWN,89.70,0.2007,1.4664
20260901 221519 705,4375.20,1,4375.10,4375.40,0.30,4375.10,4,4375.00,4,4374.90,4,4374.80,5,4374.70,4,4374.60,5,4374.50,10,4374.40,9,4374.30,8,4374.20,8,4375.40,3,4375.50,2,4375.60,2,4375.70,3,4375.80,5,4375.90,9,4376.00,8,4376.10,9,4376.20,10,4376.30,10,Buy,14,26,40,-12.00,1.00,-21.00,1.00,40.0,4375.60,4375.60,4374.60,4375.20,4,14,18,-10.00,1.00,-10.00,0.50,40.0,-3,12,0.0000,0.7500,-46.00,-25.00,4383.91,-0.9837,DOWN,89.70,0.2007,1.4664
20260901 221519 802,4375.10,1,4375.10,4375.40,0.30,4375.10,2,4375.00,4,4374.90,4,4374.80,6,4374.70,4,4374.60,5,4374.50,10,4374.40,9,4374.30,8,4374.20,8,4375.40,3,4375.50,2,4375.60,2,4375.70,3,4375.80,5,4375.90,9,4376.00,8,4376.10,9,4376.20,10,4376.30,10,Sell,14,27,41,-13.00,1.00,-21.00,1.00,50.0,4375.60,4375.60,4374.60,4375.10,4,14,18,-10.00,1.00,-10.00,0.50,40.0,-3,12,0.0000,0.6154,-47.00,-26.00,4383.90,-0.9869,DOWN,89.70,0.2007,1.4664
20260901 221520 001,4375.20,1,4375.10,4375.30,0.20,4375.20,2,4375.10,3,4375.00,3,4374.90,4,4374.80,5,4374.70,5,4374.60,5,4374.50,10,4374.40,9,4374.30,8,4375.40,3,4375.50,2,4375.60,2,4375.70,3,4375.80,5,4375.90,9,4376.00,8,4376.10,9,4376.20,10,4376.30,10,Sell,14,28,42,-14.00,1.00,-21.00,1.00,40.0,4375.60,4375.60,4374.60,4375.20,4,14,18,-10.00,1.00,-10.00,0.50,40.0,-3,12,0.0000,0.5000,-48.00,-27.00,4383.91,-0.9837,DOWN,89.70,0.2007,1.4664
20260901 221520 002,4375.10,1,4375.10,4375.30,0.20,4375.20,2,4375.10,3,4375.00,3,4374.90,4,4374.80,5,4374.70,5,4374.60,5,4374.50,10,4374.40,9,4374.30,8,4375.40,3,4375.50,2,4375.60,2,4375.70,3,4375.80,5,4375.90,9,4376.00,8,4376.10,9,4376.20,10,4376.30,10,Sell,14,29,43,-15.00,1.00,-21.00,1.00,50.0,4375.60,4375.60,4374.60,4375.10,4,14,18,-10.00,1.00,-10.00,0.50,40.0,-3,12,0.0000,0.4000,-49.00,-28.00,4383.90,-0.9869,DOWN,89.70,0.2007,1.4664
20260901 221522 701,4374.80,1,4374.80,4375.00,0.20,4374.80,2,4374.70,4,4374.60,5,4374.50,5,4374.40,4,4374.30,8,4374.20,8,4374.10,6,4374.00,9,4373.90,7,4375.00,1,4375.10,3,4375.20,2,4375.30,5,4375.40,6,4375.50,3,4375.60,3,4375.70,3,4375.80,10,4375.90,9,Sell,14,30,44,-16.00,1.00,-21.00,1.00,80.0,4375.60,4375.60,4374.60,4374.80,4,14,18,-10.00,1.00,-10.00,0.50,40.0,-3,12,0.0000,0.3125,-50.00,-29.00,4383.87,-0.9964,DOWN,89.70,0.2007,1.4664
20260901 221522 881,4375.00,1,4374.80,4375.00,0.20,4374.80,2,4374.70,4,4374.60,5,4374.50,5,4374.40,4,4374.30,8,4374.20,8,4374.10,6,4374.00,9,4373.90,7,4375.10,3,4375.20,2,4375.30,5,4375.40,6,4375.50,3,4375.60,3,4375.70,3,4375.80,10,4375.90,9,4376.00,8,Buy,15,30,45,-15.00,1.00,-21.00,1.00,60.0,4375.60,4375.60,4374.60,4375.00,4,14,18,-10.00,1.00,-10.00,0.50,40.0,-3,12,0.0000,0.4000,-49.00,-28.00,4383.89,-0.9900,DOWN,89.70,0.2007,1.4664
20260901 221523 250,4375.00,1,4374.90,4375.20,0.30,4374.90,5,4374.80,6,4374.70,4,4374.60,5,4374.50,5,4374.40,4,4374.30,8,4374.20,8,4374.10,6,4374.00,9,4375.20,2,4375.30,4,4375.40,5,4375.50,3,4375.60,3,4375.70,3,4375.80,10,4375.90,9,4376.00,8,4376.10,10,Sell,15,31,46,-16.00,1.00,-21.00,1.00,60.0,4375.60,4375.60,4374.60,4375.00,4,14,18,-10.00,1.00,-10.00,0.50,40.0,-3,12,0.0000,0.3125,-50.00,-29.00,4383.89,-0.9900,DOWN,89.70,0.2007,1.4664
20260901 221526 605,4375.10,1,4375.10,4375.40,0.30,4375.10,3,4375.00,4,4374.90,6,4374.80,7,4374.70,5,4374.60,6,4374.50,11,4374.40,11,4374.30,9,4374.20,9,4375.40,3,4375.50,2,4375.60,3,4375.70,3,4375.80,6,4375.90,10,4376.00,9,4376.10,10,4376.20,11,4376.30,10,Sell,15,32,47,-17.00,1.00,-21.00,1.00,50.0,4375.60,4375.60,4374.60,4375.10,4,14,18,-10.00,1.00,-10.00,0.50,40.0,-3,12,0.0000,0.2353,-51.00,-30.00,4383.90,-0.9869,DOWN,89.70,0.2007,1.4664
20260901 221526 605,4375.10,1,4375.10,4375.40,0.30,4375.10,3,4375.00,4,4374.90,6,4374.80,7,4374.70,5,4374.60,6,4374.50,11,4374.40,11,4374.30,9,4374.20,9,4375.40,3,4375.50,2,4375.60,3,4375.70,3,4375.80,6,4375.90,10,4376.00,9,4376.10,10,4376.20,11,4376.30,10,Sell,15,33,48,-18.00,1.00,-21.00,1.00,50.0,4375.60,4375.60,4374.60,4375.10,4,14,18,-10.00,1.00,-10.00,0.50,40.0,-3,12,0.0000,0.1667,-52.00,-31.00,4383.90,-0.9869,DOWN,89.70,0.2007,1.4664
20260901 221526 605,4375.10,1,4375.10,4375.40,0.30,4375.10,3,4375.00,4,4374.90,6,4374.80,7,4374.70,5,4374.60,6,4374.50,11,4374.40,11,4374.30,9,4374.20,9,4375.40,3,4375.50,2,4375.60,3,4375.70,3,4375.80,6,4375.90,10,4376.00,9,4376.10,10,4376.20,11,4376.30,10,Sell,15,34,49,-19.00,1.00,-21.00,1.00,50.0,4375.60,4375.60,4374.60,4375.10,4,14,18,-10.00,1.00,-10.00,0.50,40.0,-3,12,0.0000,0.1053,-53.00,-32.00,4383.90,-0.9869,DOWN,89.70,0.2007,1.4664
20260901 221529 236,4375.40,1,4374.80,4375.20,0.40,4374.80,5,4374.70,4,4374.60,7,4374.50,5,4374.40,6,4374.30,9,4374.20,9,4374.10,7,4374.00,17,4373.90,8,4375.20,2,4375.30,4,4375.40,7,4375.50,5,4375.60,6,4375.70,4,4375.80,7,4375.90,12,4376.00,10,4376.10,10,Buy,16,34,50,-18.00,1.00,-21.00,1.00,20.0,4375.60,4375.60,4374.60,4375.40,4,14,18,-10.00,1.00,-10.00,0.50,40.0,-3,12,0.0000,0.1667,-52.00,-31.00,4383.93,-0.9773,DOWN,89.70,0.2007,1.4664
20260901 221530 771,4375.20,1,4375.00,4375.30,0.30,4375.00,4,4374.90,6,4374.80,4,4374.70,4,4374.60,7,4374.50,7,4374.40,6,4374.30,9,4374.20,9,4374.10,7,4375.30,4,4375.40,7,4375.50,4,4375.60,6,4375.70,4,4375.80,7,4375.90,12,4376.00,10,4376.10,10,4376.20,11,Buy,17,34,51,-17.00,1.00,-21.00,1.00,40.0,4375.60,4375.60,4374.60,4375.20,4,14,18,-10.00,1.00,-10.00,0.50,40.0,-3,12,0.0000,0.2353,-51.00,-30.00,4383.91,-0.9837,DOWN,89.70,0.2007,1.4664
20260901 221530 771,4375.20,1,4375.00,4375.30,0.30,4375.00,4,4374.90,6,4374.80,4,4374.70,4,4374.60,7,4374.50,7,4374.40,6,4374.30,9,4374.20,9,4374.10,7,4375.30,4,4375.40,7,4375.50,4,4375.60,6,4375.70,4,4375.80,7,4375.90,12,4376.00,10,4376.10,10,4376.20,11,Buy,18,34,52,-16.00,1.00,-21.00,1.00,40.0,4375.60,4375.60,4374.60,4375.20,4,14,18,-10.00,1.00,-10.00,0.50,40.0,-3,12,0.0000,0.3125,-50.00,-29.00,4383.91,-0.9837,DOWN,89.70,0.2007,1.4664
20260901 221530 771,4375.20,1,4375.00,4375.30,0.30,4375.00,4,4374.90,6,4374.80,4,4374.70,4,4374.60,7,4374.50,7,4374.40,6,4374.30,9,4374.20,9,4374.10,7,4375.30,4,4375.40,7,4375.50,4,4375.60,6,4375.70,4,4375.80,7,4375.90,12,4376.00,10,4376.10,10,4376.20,11,Buy,19,34,53,-15.00,1.00,-21.00,1.00,40.0,4375.60,4375.60,4374.60,4375.20,4,14,18,-10.00,1.00,-10.00,0.50,40.0,-3,12,0.0000,0.4000,-49.00,-28.00,4383.91,-0.9837,DOWN,89.70,0.2007,1.4664
20260901 221532 415,4375.00,5,4374.90,4375.10,0.20,4374.90,1,4374.80,2,4374.70,4,4374.60,7,4374.50,5,4374.40,11,4374.30,9,4374.20,9,4374.10,7,4374.00,18,4375.10,8,4375.20,2,4375.30,3,4375.40,5,4375.50,5,4375.60,7,4375.70,4,4375.80,14,4375.90,12,4376.00,10,Sell,19,39,58,-20.00,1.00,-21.00,1.00,60.0,4375.60,4375.60,4374.60,4375.00,4,14,18,-10.00,1.00,-10.00,0.50,40.0,-3,12,0.0000,0.0500,-54.00,-33.00,4383.89,-0.9900,DOWN,89.70,0.2007,1.4664
20260901 221534 143,4375.00,1,4375.00,4375.10,0.10,4375.00,1,4374.90,3,4374.80,2,4374.70,5,4374.60,7,4374.50,5,4374.40,11,4374.30,9,4374.20,9,4374.10,7,4375.10,6,4375.20,1,4375.30,3,4375.40,5,4375.50,5,4375.60,7,4375.70,4,4375.80,14,4375.90,12,4376.00,10,Sell,19,40,59,-21.00,1.00,-21.00,1.00,60.0,4375.60,4375.60,4374.60,4375.00,4,14,18,-10.00,1.00,-10.00,0.50,40.0,-3,12,0.0000,0.0000,-55.00,-34.00,4383.89,-0.9900,DOWN,89.70,0.2007,1.4664
20260901 221534 369,4374.90,3,4374.70,4374.90,0.20,4374.80,1,4374.70,5,4374.60,7,4374.50,3,4374.40,6,4374.30,9,4374.20,9,4374.10,7,4374.00,19,4373.90,9,4375.00,7,4375.10,1,4375.20,1,4375.30,4,4375.40,5,4375.50,6,4375.60,7,4375.70,4,4375.80,14,4375.90,12,Buy,22,40,62,-18.00,1.00,-21.00,1.00,70.0,4375.60,4375.60,4374.60,4374.90,4,14,18,-10.00,1.00,-10.00,0.50,40.0,-3,12,0.0000,0.1667,-52.00,-31.00,4383.88,-0.9932,DOWN,89.70,0.2007,1.4664
20260901 221535 581,4374.90,3,4374.90,4375.10,0.20,4374.90,2,4374.80,4,4374.70,5,4374.60,6,4374.50,3,4374.40,5,4374.30,4,4374.20,9,4374.10,7,4374.00,19,4375.10,3,4375.20,2,4375.30,4,4375.40,5,4375.50,6,4375.60,7,4375.70,13,4375.80,14,4375.90,12,4376.00,10,Buy,25,40,65,-15.00,1.00,-21.00,1.00,70.0,4375.60,4375.60,4374.60,4374.90,4,14,18,-10.00,1.00,-10.00,0.50,40.0,-3,12,0.0000,0.4000,-49.00,-28.00,4383.88,-0.9932,DOWN,89.70,0.2007,1.4664
20260901 221535 581,4374.90,3,4374.90,4375.10,0.20,4374.90,2,4374.80,4,4374.70,5,4374.60,6,4374.50,3,4374.40,5,4374.30,4,4374.20,9,4374.10,7,4374.00,19,4375.10,3,4375.20,2,4375.30,4,4375.40,5,4375.50,6,4375.60,7,4375.70,13,4375.80,14,4375.90,12,4376.00,10,Buy,28,40,68,-12.00,1.00,-21.00,1.00,70.0,4375.60,4375.60,4374.60,4374.90,4,14,18,-10.00,1.00,-10.00,0.50,40.0,-3,12,0.0000,0.7500,-46.00,-25.00,4383.88,-0.9932,DOWN,89.70,0.2007,1.4664
20260901 221538 759,4374.90,3,4374.80,4375.10,0.30,4374.80,3,4374.70,8,4374.60,7,4374.50,3,4374.40,5,4374.30,9,4374.20,9,4374.10,7,4374.00,19,4373.90,9,4375.10,1,4375.20,3,4375.30,2,4375.40,6,4375.50,5,4375.60,7,4375.70,4,4375.80,14,4375.90,12,4376.00,10,Buy,31,40,71,-9.00,1.00,-21.00,1.00,70.0,4375.60,4375.60,4374.60,4374.90,4,14,18,-10.00,1.00,-10.00,0.50,40.0,-3,12,0.0000,1.3333,-43.00,-22.00,4383.88,-0.9932,DOWN,89.70,0.2007,1.4664
20260901 221541 931,4375.00,1,4374.90,4375.20,0.30,4374.90,2,4374.80,4,4374.70,7,4374.60,7,4374.50,4,4374.40,5,4374.30,9,4374.20,9,4374.10,7,4374.00,19,4375.20,3,4375.30,2,4375.40,6,4375.50,6,4375.60,7,4375.70,4,4375.80,14,4375.90,12,4376.00,10,4376.10,10,Buy,32,40,72,-8.00,1.00,-21.00,1.00,60.0,4375.60,4375.60,4374.60,4375.00,4,14,18,-10.00,1.00,-10.00,0.50,40.0,-3,12,0.0000,1.6250,-42.00,-21.00,4383.89,-0.9900,DOWN,89.70,0.2007,1.4664
20260901 221541 931,4375.00,1,4374.90,4375.20,0.30,4374.90,2,4374.80,4,4374.70,7,4374.60,7,4374.50,4,4374.40,5,4374.30,9,4374.20,9,4374.10,7,4374.00,19,4375.20,3,4375.30,2,4375.40,6,4375.50,6,4375.60,7,4375.70,4,4375.80,14,4375.90,12,4376.00,10,4376.10,10,Buy,33,40,73,-7.00,1.00,-21.00,1.00,60.0,4375.60,4375.60,4374.60,4375.00,4,14,18,-10.00,1.00,-10.00,0.50,40.0,-3,12,0.0000,2.0000,-41.00,-20.00,4383.89,-0.9900,DOWN,89.70,0.2007,1.4664
20260901 221541 931,4375.00,1,4374.90,4375.20,0.30,4374.90,2,4374.80,4,4374.70,7,4374.60,7,4374.50,4,4374.40,5,4374.30,9,4374.20,9,4374.10,7,4374.00,19,4375.20,3,4375.30,2,4375.40,6,4375.50,6,4375.60,7,4375.70,4,4375.80,14,4375.90,12,4376.00,10,4376.10,10,Buy,34,40,74,-6.00,1.00,-21.00,1.00,60.0,4375.60,4375.60,4374.60,4375.00,4,14,18,-10.00,1.00,-10.00,0.50,40.0,-3,12,0.0000,2.5000,-40.00,-19.00,4383.89,-0.9900,DOWN,89.70,0.2007,1.4664
20260901 221542 436,4374.90,1,4374.90,4375.20,0.30,4374.90,2,4374.80,3,4374.70,7,4374.60,7,4374.50,4,4374.40,5,4374.30,9,4374.20,9,4374.10,7,4374.00,19,4375.20,3,4375.30,2,4375.40,6,4375.50,5,4375.60,7,4375.70,4,4375.80,14,4375.90,12,4376.00,10,4376.10,10,Sell,34,41,75,-7.00,1.00,-21.00,1.00,70.0,4375.60,4375.60,4374.60,4374.90,4,14,18,-10.00,1.00,-10.00,0.50,40.0,-3,12,0.0000,2.0000,-41.00,-20.00,4383.88,-0.9932,DOWN,89.70,0.2007,1.4664
20260901 221543 810,4374.90,1,4374.90,4375.20,0.30,4374.80,1,4374.70,7,4374.60,8,4374.50,4,4374.40,5,4374.30,9,4374.20,9,4374.10,7,4374.00,19,4373.90,9,4375.10,1,4375.20,3,4375.30,2,4375.40,6,4375.50,5,4375.60,7,4375.70,4,4375.80,14,4375.90,12,4376.00,10,Sell,34,42,76,-8.00,1.00,-21.00,1.00,70.0,4375.60,4375.60,4374.60,4374.90,4,14,18,-10.00,1.00,-10.00,0.50,40.0,-3,12,0.0000,1.6250,-42.00,-21.00,4383.88,-0.9932,DOWN,89.70,0.2007,1.4664
20260901 221543 810,4374.90,1,4374.90,4375.20,0.30,4374.80,1,4374.70,7,4374.60,8,4374.50,4,4374.40,5,4374.30,9,4374.20,9,4374.10,7,4374.00,19,4373.90,9,4375.10,1,4375.20,3,4375.30,2,4375.40,6,4375.50,5,4375.60,7,4375.70,4,4375.80,14,4375.90,12,4376.00,10,Sell,34,43,77,-9.00,1.00,-21.00,1.00,70.0,4375.60,4375.60,4374.60,4374.90,4,14,18,-10.00,1.00,-10.00,0.50,40.0,-3,12,0.0000,1.3333,-43.00,-22.00,4383.88,-0.9932,DOWN,89.70,0.2007,1.4664
20260901 221545 577,4375.20,1,4375.10,4375.30,0.20,4375.10,1,4375.00,4,4374.90,5,4374.80,5,4374.70,8,4374.60,8,4374.50,4,4374.40,11,4374.30,9,4374.20,9,4375.30,1,4375.40,3,4375.50,4,4375.60,7,4375.70,3,4375.80,7,4375.90,12,4376.00,10,4376.10,10,4376.20,11,Buy,35,43,78,-8.00,1.00,-21.00,1.00,40.0,4375.60,4375.60,4374.60,4375.20,4,14,18,-10.00,1.00,-10.00,0.50,40.0,-3,12,0.0000,1.6250,-42.00,-21.00,4383.91,-0.9837,DOWN,89.70,0.2007,1.4664
20260901 221547 931,4375.30,1,4375.00,4375.30,0.30,4375.00,3,4374.90,5,4374.80,5,4374.70,8,4374.60,8,4374.50,4,4374.40,11,4374.30,9,4374.20,9,4374.10,7,4375.30,3,4375.40,3,4375.50,4,4375.60,7,4375.70,3,4375.80,7,4375.90,12,4376.00,10,4376.10,10,4376.20,11,Buy,36,43,79,-7.00,1.00,-21.00,1.00,30.0,4375.60,4375.60,4374.60,4375.30,4,14,18,-10.00,1.00,-10.00,0.50,40.0,-3,12,0.0000,2.0000,-41.00,-20.00,4383.92,-0.9805,DOWN,89.70,0.2007,1.4664
20260901 221548 281,4375.30,1,4375.20,4375.50,0.30,4375.20,4,4375.10,4,4375.00,5,4374.90,6,4374.80,5,4374.70,7,4374.60,13,4374.50,9,4374.40,12,4374.30,9,4375.50,3,4375.60,4,4375.70,3,4375.80,7,4375.90,4,4376.00,5,4376.10,5,4376.20,11,4376.30,11,4376.40,10,Buy,37,43,80,-6.00,1.00,-21.00,1.00,30.0,4375.60,4375.60,4374.60,4375.30,4,14,18,-10.00,1.00,-10.00,0.50,40.0,-3,12,0.0000,2.5000,-40.00,-19.00,4383.92,-0.9805,DOWN,89.70,0.2007,1.4664
20260901 221550 627,4375.20,1,4375.20,4375.50,0.30,4375.20,3,4375.10,6,4375.00,5,4374.90,7,4374.80,5,4374.70,7,4374.60,13,4374.50,9,4374.40,11,4374.30,9,4375.50,2,4375.60,4,4375.70,3,4375.80,7,4375.90,4,4376.00,5,4376.10,5,4376.20,11,4376.30,11,4376.40,10,Sell,37,44,81,-7.00,1.00,-21.00,1.00,40.0,4375.60,4375.60,4374.60,4375.20,4,14,18,-10.00,1.00,-10.00,0.50,40.0,-3,12,0.0000,2.0000,-41.00,-20.00,4383.91,-0.9837,DOWN,89.70,0.2007,1.4664
20260901 221551 459,4375.30,1,4375.30,4375.40,0.10,4375.10,3,4375.00,4,4374.90,5,4374.80,5,4374.70,7,4374.60,14,4374.50,10,4374.40,11,4374.30,9,4374.20,9,4375.40,3,4375.50,4,4375.60,3,4375.70,3,4375.80,6,4375.90,5,4376.00,5,4376.10,14,4376.20,15,4376.30,11,Sell,37,45,82,-8.00,1.00,-21.00,1.00,30.0,4375.60,4375.60,4374.60,4375.30,4,14,18,-10.00,1.00,-10.00,0.50,40.0,-3,12,0.0000,1.6250,-42.00,-21.00,4383.92,-0.9805,DOWN,89.70,0.2007,1.4664
20260901 221551 459,4375.30,1,4375.30,4375.40,0.10,4375.10,3,4375.00,4,4374.90,5,4374.80,5,4374.70,7,4374.60,14,4374.50,10,4374.40,11,4374.30,9,4374.20,9,4375.40,3,4375.50,4,4375.60,3,4375.70,3,4375.80,6,4375.90,5,4376.00,5,4376.10,14,4376.20,15,4376.30,11,Sell,37,46,83,-9.00,1.00,-21.00,1.00,30.0,4375.60,4375.60,4374.60,4375.30,4,14,18,-10.00,1.00,-10.00,0.50,40.0,-3,12,0.0000,1.3333,-43.00,-22.00,4383.92,-0.9805,DOWN,89.70,0.2007,1.4664
20260901 221551 459,4375.30,1,4375.30,4375.40,0.10,4375.10,3,4375.00,4,4374.90,5,4374.80,5,4374.70,7,4374.60,14,4374.50,10,4374.40,11,4374.30,9,4374.20,9,4375.40,3,4375.50,4,4375.60,3,4375.70,3,4375.80,6,4375.90,5,4376.00,5,4376.10,14,4376.20,15,4376.30,11,Sell,37,47,84,-10.00,1.00,-21.00,1.00,30.0,4375.60,4375.60,4374.60,4375.30,4,14,18,-10.00,1.00,-10.00,0.50,40.0,-3,12,0.0000,1.1000,-44.00,-23.00,4383.92,-0.9805,DOWN,89.70,0.2007,1.4664
20260901 221551 463,4375.30,1,4375.30,4375.40,0.10,4375.10,3,4375.00,4,4374.90,5,4374.80,5,4374.70,7,4374.60,14,4374.50,10,4374.40,11,4374.30,9,4374.20,9,4375.40,3,4375.50,4,4375.60,3,4375.70,3,4375.80,6,4375.90,5,4376.00,5,4376.10,14,4376.20,15,4376.30,11,Sell,37,48,85,-11.00,1.00,-21.00,1.00,30.0,4375.60,4375.60,4374.60,4375.30,4,14,18,-10.00,1.00,-10.00,0.50,40.0,-3,12,0.0000,0.9091,-45.00,-24.00,4383.92,-0.9805,DOWN,89.70,0.2007,1.4664
20260901 221551 964,4375.10,2,4375.00,4375.30,0.30,4375.00,1,4374.90,4,4374.80,4,4374.70,7,4374.60,9,4374.50,4,4374.40,11,4374.30,9,4374.20,9,4374.10,7,4375.30,4,4375.40,4,4375.50,5,4375.60,4,4375.70,3,4375.80,6,4375.90,14,4376.00,14,4376.10,14,4376.20,15,Sell,37,50,87,-13.00,1.00,-21.00,1.00,50.0,4375.60,4375.60,4374.60,4375.10,4,14,18,-10.00,1.00,-10.00,0.50,40.0,-3,12,0.0000,0.6154,-47.00,-26.00,4383.90,-0.9869,DOWN,89.70,0.2007,1.4664
20260901 221551 964,4375.10,1,4375.00,4375.30,0.30,4375.00,1,4374.90,4,4374.80,4,4374.70,7,4374.60,9,4374.50,4,4374.40,11,4374.30,9,4374.20,9,4374.10,7,4375.30,4,4375.40,4,4375.50,5,4375.60,4,4375.70,3,4375.80,6,4375.90,14,4376.00,14,4376.10,14,4376.20,15,Sell,37,51,88,-14.00,1.00,-21.00,1.00,50.0,4375.60,4375.60,4374.60,4375.10,4,14,18,-10.00,1.00,-10.00,0.50,40.0,-3,12,0.0000,0.5000,-48.00,-27.00,4383.90,-0.9869,DOWN,89.70,0.2007,1.4664
20260901 221552 131,4375.00,1,4374.90,4375.20,0.30,4374.90,3,4374.80,3,4374.70,7,4374.60,9,4374.50,4,4374.40,11,4374.30,9,4374.20,9,4374.10,7,4374.00,18,4375.20,1,4375.30,4,4375.40,5,4375.50,5,4375.60,5,4375.70,4,4375.80,6,4375.90,14,4376.00,14,4376.10,14,Sell,37,52,89,-15.00,1.00,-21.00,1.00,60.0,4375.60,4375.60,4374.60,4375.00,4,14,18,-10.00,1.00,-10.00,0.50,40.0,-3,12,0.0000,0.4000,-49.00,-28.00,4383.89,-0.9900,DOWN,89.70,0.2007,1.4664
20260901 221552 131,4374.90,1,4374.90,4375.20,0.30,4374.90,3,4374.80,3,4374.70,7,4374.60,9,4374.50,4,4374.40,11,4374.30,9,4374.20,9,4374.10,7,4374.00,18,4375.20,1,4375.30,4,4375.40,5,4375.50,5,4375.60,5,4375.70,4,4375.80,6,4375.90,14,4376.00,14,4376.10,14,Sell,37,53,90,-16.00,1.00,-21.00,1.00,70.0,4375.60,4375.60,4374.60,4374.90,4,14,18,-10.00,1.00,-10.00,0.50,40.0,-3,12,0.0000,0.3125,-50.00,-29.00,4383.88,-0.9932,DOWN,89.70,0.2007,1.4664
20260901 221552 173,4375.20,1,4374.90,4375.20,0.30,4374.90,3,4374.80,3,4374.70,7,4374.60,9,4374.50,4,4374.40,11,4374.30,9,4374.20,9,4374.10,7,4374.00,18,4375.20,1,4375.30,4,4375.40,5,4375.50,5,4375.60,5,4375.70,4,4375.80,6,4375.90,14,4376.00,14,4376.10,14,Buy,38,53,91,-15.00,1.00,-21.00,1.00,40.0,4375.60,4375.60,4374.60,4375.20,4,14,18,-10.00,1.00,-10.00,0.50,40.0,-3,12,0.0000,0.4000,-49.00,-28.00,4383.91,-0.9837,DOWN,89.70,0.2007,1.4664
20260901 221553 845,4375.20,1,4375.00,4375.20,0.20,4375.10,3,4375.00,3,4374.90,6,4374.80,3,4374.70,8,4374.60,9,4374.50,4,4374.40,11,4374.30,9,4374.20,9,4375.30,1,4375.40,3,4375.50,5,4375.60,4,4375.70,3,4375.80,6,4375.90,14,4376.00,14,4376.10,14,4376.20,15,Buy,39,53,92,-14.00,1.00,-21.00,1.00,40.0,4375.60,4375.60,4374.60,4375.20,4,14,18,-10.00,1.00,-10.00,0.50,40.0,-3,12,0.0000,0.5000,-48.00,-27.00,4383.91,-0.9837,DOWN,89.70,0.2007,1.4664
20260901 221554 631,4375.30,1,4375.20,4375.40,0.20,4375.20,1,4375.10,2,4375.00,4,4374.90,5,4374.80,5,4374.70,7,4374.60,9,4374.50,9,4374.40,11,4374.30,9,4375.40,3,4375.50,4,4375.60,3,4375.70,3,4375.80,6,4375.90,5,4376.00,5,4376.10,11,4376.20,12,4376.30,11,Buy,40,53,93,-13.00,1.00,-21.00,1.00,30.0,4375.60,4375.60,4374.60,4375.30,4,14,18,-10.00,1.00,-10.00,0.50,40.0,-3,12,0.0000,0.6154,-47.00,-26.00,4383.92,-0.9805,DOWN,89.70,0.2007,1.4664
20260901 221554 655,4375.20,1,4375.20,4375.40,0.20,4375.20,1,4375.10,2,4375.00,4,4374.90,5,4374.80,5,4374.70,7,4374.60,9,4374.50,9,4374.40,11,4374.30,9,4375.40,3,4375.50,4,4375.60,3,4375.70,3,4375.80,6,4375.90,5,4376.00,5,4376.10,11,4376.20,12,4376.30,11,Sell,40,54,94,-14.00,1.00,-21.00,1.00,40.0,4375.60,4375.60,4374.60,4375.20,4,14,18,-10.00,1.00,-10.00,0.50,40.0,-3,12,0.0000,0.5000,-48.00,-27.00,4383.91,-0.9837,DOWN,89.70,0.2007,1.4664
20260901 221555 642,4375.30,1,4375.30,4375.40,0.10,4375.30,1,4375.10,2,4375.00,4,4374.90,5,4374.80,5,4374.70,7,4374.60,9,4374.50,9,4374.40,11,4374.30,9,4375.40,3,4375.50,4,4375.60,3,4375.70,3,4375.80,6,4375.90,5,4376.00,5,4376.10,11,4376.20,12,4376.30,11,Sell,40,55,95,-15.00,1.00,-21.00,1.00,30.0,4375.60,4375.60,4374.60,4375.30,4,14,18,-10.00,1.00,-10.00,0.50,40.0,-3,12,0.0000,0.4000,-49.00,-28.00,4383.92,-0.9805,DOWN,89.70,0.2007,1.4664
20260901 221600 992,4375.10,1,4374.70,4375.00,0.30,4374.70,4,4374.60,6,4374.50,3,4374.40,6,4374.30,4,4374.20,9,4374.10,7,4374.00,18,4373.90,9,4373.80,8,4375.00,3,4375.10,4,4375.20,2,4375.30,18,4375.40,5,4375.50,6,4375.60,5,4375.70,13,4375.80,12,4375.90,11,Sell,0,1,1,-1.00,-1.00,-1.00,0.00,0.0,4375.10,4375.10,4375.10,4375.10,40,55,95,-15.00,1.00,-21.00,1.00,30.0,0,87,0.4000,0.0000,-28.00,-28.00,4383.90,-0.9869,DOWN,92.85,1.0232,1.3759
20260901 221600 995,4375.00,3,4374.70,4375.00,0.30,4374.70,4,4374.60,6,4374.50,3,4374.40,6,4374.30,4,4374.20,9,4374.10,7,4374.00,18,4373.90,9,4373.80,8,4375.00,3,4375.10,4,4375.20,2,4375.30,18,4375.40,5,4375.50,6,4375.60,5,4375.70,13,4375.80,12,4375.90,11,Sell,0,4,4,-4.00,-1.00,-4.00,0.10,100.0,4375.10,4375.10,4375.00,4375.00,40,55,95,-15.00,1.00,-21.00,1.00,30.0,0,87,0.4000,0.0000,-31.00,-31.00,4383.89,-0.9900,DOWN,92.85,1.0232,1.3831
20260901 221606 585,4375.00,1,4375.00,4375.30,0.30,4375.00,2,4374.90,6,4374.80,5,4374.70,6,4374.60,9,4374.50,9,4374.40,11,4374.30,9,4374.20,9,4374.10,7,4375.30,3,4375.40,3,4375.50,4,4375.60,3,4375.70,3,4375.80,7,4375.90,5,4376.00,11,4376.10,12,4376.20,12,Sell,0,5,5,-5.00,-1.00,-5.00,0.10,100.0,4375.10,4375.10,4375.00,4375.00,40,55,95,-15.00,1.00,-21.00,1.00,30.0,0,87,0.4000,0.0000,-32.00,-32.00,4383.89,-0.9900,DOWN,92.85,1.0232,1.3831
20260901 221606 585,4375.00,1,4375.00,4375.30,0.30,4375.00,2,4374.90,6,4374.80,5,4374.70,6,4374.60,9,4374.50,9,4374.40,11,4374.30,9,4374.20,9,4374.10,7,4375.30,3,4375.40,3,4375.50,4,4375.60,3,4375.70,3,4375.80,7,4375.90,5,4376.00,11,4376.10,12,4376.20,12,Sell,0,6,6,-6.00,-1.00,-6.00,0.10,100.0,4375.10,4375.10,4375.00,4375.00,40,55,95,-15.00,1.00,-21.00,1.00,30.0,0,87,0.4000,0.0000,-33.00,-33.00,4383.89,-0.9900,DOWN,92.85,1.0232,1.3831
20260901 221606 585,4375.00,1,4375.00,4375.30,0.30,4375.00,2,4374.90,6,4374.80,5,4374.70,6,4374.60,9,4374.50,9,4374.40,11,4374.30,9,4374.20,9,4374.10,7,4375.30,3,4375.40,3,4375.50,4,4375.60,3,4375.70,3,4375.80,7,4375.90,5,4376.00,11,4376.10,12,4376.20,12,Sell,0,7,7,-7.00,-1.00,-7.00,0.10,100.0,4375.10,4375.10,4375.00,4375.00,40,55,95,-15.00,1.00,-21.00,1.00,30.0,0,87,0.4000,0.0000,-34.00,-34.00,4383.89,-0.9900,DOWN,92.85,1.0232,1.3831
20260901 221606 585,4375.00,1,4375.00,4375.30,0.30,4375.00,2,4374.90,6,4374.80,5,4374.70,6,4374.60,9,4374.50,9,4374.40,11,4374.30,9,4374.20,9,4374.10,7,4375.30,3,4375.40,3,4375.50,4,4375.60,3,4375.70,3,4375.80,7,4375.90,5,4376.00,11,4376.10,12,4376.20,12,Sell,0,8,8,-8.00,-1.00,-8.00,0.10,100.0,4375.10,4375.10,4375.00,4375.00,40,55,95,-15.00,1.00,-21.00,1.00,30.0,0,87,0.4000,0.0000,-35.00,-35.00,4383.89,-0.9900,DOWN,92.85,1.0232,1.3831
20260901 221606 586,4375.00,1,4375.00,4375.30,0.30,4375.00,2,4374.90,6,4374.80,5,4374.70,6,4374.60,9,4374.50,9,4374.40,11,4374.30,9,4374.20,9,4374.10,7,4375.30,3,4375.40,3,4375.50,4,4375.60,3,4375.70,3,4375.80,7,4375.90,5,4376.00,11,4376.10,12,4376.20,12,Buy,1,8,9,-7.00,-1.00,-8.00,0.10,100.0,4375.10,4375.10,4375.00,4375.00,40,55,95,-15.00,1.00,-21.00,1.00,30.0,0,87,0.4000,0.1429,-34.00,-34.00,4383.89,-0.9900,DOWN,92.85,1.0232,1.3831
20260901 221606 586,4375.00,1,4375.00,4375.30,0.30,4375.00,2,4374.90,6,4374.80,5,4374.70,6,4374.60,9,4374.50,9,4374.40,11,4374.30,9,4374.20,9,4374.10,7,4375.30,3,4375.40,3,4375.50,4,4375.60,3,4375.70,3,4375.80,7,4375.90,5,4376.00,11,4376.10,12,4376.20,12,Buy,2,8,10,-6.00,-1.00,-8.00,0.10,100.0,4375.10,4375.10,4375.00,4375.00,40,55,95,-15.00,1.00,-21.00,1.00,30.0,0,87,0.4000,0.3333,-33.00,-33.00,4383.89,-0.9900,DOWN,92.85,1.0232,1.3831
20260901 221606 587,4375.00,9,4375.00,4375.30,0.30,4375.00,2,4374.90,6,4374.80,5,4374.70,6,4374.60,9,4374.50,9,4374.40,11,4374.30,9,4374.20,9,4374.10,7,4375.30,3,4375.40,3,4375.50,4,4375.60,3,4375.70,3,4375.80,7,4375.90,5,4376.00,11,4376.10,12,4376.20,12,Buy,11,8,19,3.00,3.00,-8.00,0.10,100.0,4375.10,4375.10,4375.00,4375.00,40,55,95,-15.00,1.00,-21.00,1.00,30.0,0,87,0.4000,0.0000,-24.00,-24.00,4383.89,-0.9900,DOWN,92.85,1.0232,1.3831
20260901 221608 587,4375.00,1,4374.90,4375.10,0.20,4374.90,3,4374.80,2,4374.70,6,4374.60,9,4374.50,4,4374.40,11,4374.30,9,4374.20,9,4374.10,7,4374.00,19,4375.10,1,4375.20,1,4375.30,2,4375.40,2,4375.50,4,4375.60,4,4375.70,3,4375.80,14,4375.90,12,4376.00,11,Sell,11,9,20,2.00,3.00,-8.00,0.10,100.0,4375.10,4375.10,4375.00,4375.00,40,55,95,-15.00,1.00,-21.00,1.00,30.0,0,87,0.4000,0.5000,-25.00,-25.00,4383.89,-0.9900,DOWN,92.85,1.0232,1.3831
20260901 221608 587,4375.00,1,4374.90,4375.10,0.20,4374.90,3,4374.80,2,4374.70,6,4374.60,9,4374.50,4,4374.40,11,4374.30,9,4374.20,9,4374.10,7,4374.00,19,4375.10,1,4375.20,1,4375.30,2,4375.40,2,4375.50,4,4375.60,4,4375.70,3,4375.80,14,4375.90,12,4376.00,11,Sell,11,10,21,1.00,3.00,-8.00,0.10,100.0,4375.10,4375.10,4375.00,4375.00,40,55,95,-15.00,1.00,-21.00,1.00,30.0,0,87,0.4000,2.0000,-26.00,-26.00,4383.89,-0.9900,DOWN,92.85,1.0232,1.3831
20260901 221608 588,4375.10,1,4374.90,4375.10,0.20,4374.90,3,4374.80,2,4374.70,6,4374.60,9,4374.50,4,4374.40,11,4374.30,9,4374.20,9,4374.10,7,4374.00,19,4375.10,1,4375.20,1,4375.30,2,4375.40,2,4375.50,4,4375.60,4,4375.70,3,4375.80,14,4375.90,12,4376.00,11,Buy,12,10,22,2.00,3.00,-8.00,0.10,0.0,4375.10,4375.10,4375.00,4375.10,40,55,95,-15.00,1.00,-21.00,1.00,30.0,0,87,0.4000,0.5000,-25.00,-25.00,4383.90,-0.9869,DOWN,92.85,1.0232,1.3831
20260901 221609 630,4375.10,1,4374.90,4375.10,0.20,4374.90,3,4374.80,2,4374.70,6,4374.60,9,4374.50,4,4374.40,11,4374.30,9,4374.20,9,4374.10,7,4374.00,19,4375.20,1,4375.30,2,4375.40,2,4375.50,4,4375.60,4,4375.70,3,4375.80,14,4375.90,12,4376.00,11,4376.10,12,Buy,13,10,23,3.00,3.00,-8.00,0.10,0.0,4375.10,4375.10,4375.00,4375.10,40,55,95,-15.00,1.00,-21.00,1.00,30.0,0,87,0.4000,0.0000,-24.00,-24.00,4383.90,-0.9869,DOWN,92.85,1.0232,1.3831
20260901 221610 532,4375.10,1,4374.90,4375.10,0.20,4374.90,1,4374.80,2,4374.70,6,4374.60,9,4374.50,9,4374.40,11,4374.30,9,4374.20,9,4374.10,7,4374.00,19,4375.10,2,4375.20,2,4375.30,6,4375.40,5,4375.50,4,4375.60,5,4375.70,3,4375.80,14,4375.90,12,4376.00,11,Buy,14,10,24,4.00,4.00,-8.00,0.10,0.0,4375.10,4375.10,4375.00,4375.10,40,55,95,-15.00,1.00,-21.00,1.00,30.0,0,87,0.4000,0.0000,-23.00,-23.00,4383.90,-0.9869,DOWN,92.85,1.0232,1.3831
20260901 221610 532,4375.20,1,4374.90,4375.10,0.20,4374.90,1,4374.80,2,4374.70,6,4374.60,9,4374.50,9,4374.40,11,4374.30,9,4374.20,9,4374.10,7,4374.00,19,4375.10,2,4375.20,2,4375.30,6,4375.40,5,4375.50,4,4375.60,5,4375.70,3,4375.80,14,4375.90,12,4376.00,11,Buy,15,10,25,5.00,5.00,-8.00,0.20,50.0,4375.10,4375.20,4375.00,4375.20,40,55,95,-15.00,1.00,-21.00,1.00,30.0,0,87,0.4000,0.0000,-22.00,-22.00,4383.91,-0.9837,DOWN,92.85,1.0232,1.3831
20260901 221610 534,4375.10,1,4374.90,4375.10,0.20,4374.90,1,4374.80,2,4374.70,6,4374.60,9,4374.50,9,4374.40,11,4374.30,9,4374.20,9,4374.10,7,4374.00,19,4375.10,2,4375.20,2,4375.30,6,4375.40,5,4375.50,4,4375.60,5,4375.70,3,4375.80,14,4375.90,12,4376.00,11,Sell,15,11,26,4.00,5.00,-8.00,0.20,0.0,4375.10,4375.20,4375.00,4375.10,40,55,95,-15.00,1.00,-21.00,1.00,30.0,0,87,0.4000,0.2500,-23.00,-23.00,4383.90,-0.9869,DOWN,92.85,1.0232,1.3831
20260901 221611 244,4375.00,1,4374.90,4375.10,0.20,4374.90,2,4374.80,2,4374.70,6,4374.60,9,4374.50,9,4374.40,11,4374.30,9,4374.20,9,4374.10,7,4374.00,19,4375.10,1,4375.20,3,4375.30,5,4375.40,5,4375.50,5,4375.60,4,4375.70,3,4375.80,14,4375.90,12,4376.00,11,Sell,15,12,27,3.00,5.00,-8.00,0.20,50.0,4375.10,4375.20,4375.00,4375.00,40,55,95,-15.00,1.00,-21.00,1.00,30.0,0,87,0.4000,0.6667,-24.00,-24.00,4383.89,-0.9900,DOWN,92.85,1.0232,1.3831
20260901 221611 492,4374.90,1,4374.90,4375.20,0.30,4374.90,2,4374.80,4,4374.70,6,4374.60,9,4374.50,4,4374.40,11,4374.30,9,4374.20,9,4374.10,7,4374.00,19,4375.20,3,4375.30,5,4375.40,6,4375.50,5,4375.60,4,4375.70,3,4375.80,14,4375.90,12,4376.00,11,4376.10,12,Sell,15,13,28,2.00,5.00,-8.00,0.30,66.7,4375.10,4375.20,4374.90,4374.90,40,55,95,-15.00,1.00,-21.00,1.00,30.0,0,87,0.4000,1.5000,-25.00,-25.00,4383.88,-0.9932,DOWN,92.85,1.0232,1.3902
20260901 221611 516,4375.10,1,4374.90,4375.20,0.30,4374.90,2,4374.80,4,4374.70,6,4374.60,9,4374.50,4,4374.40,11,4374.30,9,4374.20,9,4374.10,7,4374.00,19,4375.20,3,4375.30,5,4375.40,6,4375.50,5,4375.60,4,4375.70,3,4375.80,14,4375.90,12,4376.00,11,4376.10,12,Buy,16,13,29,3.00,5.00,-8.00,0.30,0.0,4375.10,4375.20,4374.90,4375.10,40,55,95,-15.00,1.00,-21.00,1.00,30.0,0,87,0.4000,0.6667,-24.00,-24.00,4383.90,-0.9869,DOWN,92.85,1.0232,1.3902
20260901 221615 036,4375.10,1,4375.10,4375.20,0.10,4374.90,3,4374.80,2,4374.70,6,4374.60,9,4374.50,5,4374.40,11,4374.30,9,4374.20,9,4374.10,7,4374.00,19,4375.10,1,4375.20,1,4375.30,3,4375.40,6,4375.50,4,4375.60,4,4375.70,5,4375.80,14,4375.90,12,4376.00,11,Buy,17,13,30,4.00,5.00,-8.00,0.30,0.0,4375.10,4375.20,4374.90,4375.10,40,55,95,-15.00,1.00,-21.00,1.00,30.0,0,87,0.4000,0.2500,-23.00,-23.00,4383.90,-0.9869,DOWN,92.85,1.0232,1.3902
20260901 221615 037,4375.10,1,4375.10,4375.20,0.10,4374.90,3,4374.80,2,4374.70,6,4374.60,9,4374.50,5,4374.40,11,4374.30,9,4374.20,9,4374.10,7,4374.00,19,4375.10,1,4375.20,1,4375.30,3,4375.40,6,4375.50,4,4375.60,4,4375.70,5,4375.80,14,4375.90,12,4376.00,11,Sell,17,14,31,3.00,5.00,-8.00,0.30,0.0,4375.10,4375.20,4374.90,4375.10,40,55,95,-15.00,1.00,-21.00,1.00,30.0,0,87,0.4000,0.6667,-24.00,-24.00,4383.90,-0.9869,DOWN,92.85,1.0232,1.3902
20260901 221615 179,4375.00,1,4374.90,4375.00,0.10,4374.90,4,4374.80,4,4374.70,6,4374.60,9,4374.50,4,4374.40,11,4374.30,9,4374.20,9,4374.10,7,4374.00,19,4375.00,1,4375.10,1,4375.30,2,4375.40,6,4375.50,4,4375.60,4,4375.70,4,4375.80,14,4375.90,12,4376.00,11,Buy,18,14,32,4.00,5.00,-8.00,0.30,33.3,4375.10,4375.20,4374.90,4375.00,40,55,95,-15.00,1.00,-21.00,1.00,30.0,0,87,0.4000,0.2500,-23.00,-23.00,4383.89,-0.9900,DOWN,92.85,1.0232,1.3902
20260901 221616 888,4375.10,1,4375.00,4375.10,0.10,4375.00,1,4374.90,3,4374.80,2,4374.70,6,4374.60,10,4374.50,4,4374.40,11,4374.30,9,4374.20,9,4374.10,7,4375.30,1,4375.40,5,4375.50,4,4375.60,4,4375.70,3,4375.80,14,4375.90,12,4376.00,11,4376.10,12,4376.20,12,Buy,19,14,33,5.00,5.00,-8.00,0.30,0.0,4375.10,4375.20,4374.90,4375.10,40,55,95,-15.00,1.00,-21.00,1.00,30.0,0,87,0.4000,0.0000,-22.00,-22.00,4383.90,-0.9869,DOWN,92.85,1.0232,1.3902
20260901 221617 712,4375.00,1,4374.90,4375.20,0.30,4374.90,4,4374.80,2,4374.70,6,4374.60,9,4374.50,4,4374.40,11,4374.30,9,4374.20,9,4374.10,7,4374.00,19,4375.20,3,4375.30,4,4375.40,4,4375.50,4,4375.60,5,4375.70,4,4375.80,7,4375.90,12,4376.00,11,4376.10,12,Sell,19,15,34,4.00,5.00,-8.00,0.30,33.3,4375.10,4375.20,4374.90,4375.00,40,55,95,-15.00,1.00,-21.00,1.00,30.0,0,87,0.4000,0.2500,-23.00,-23.00,4383.89,-0.9900,DOWN,92.85,1.0232,1.3902
20260901 221622 647,4375.40,1,4375.10,4375.40,0.30,4375.10,1,4375.00,5,4374.90,4,4374.80,3,4374.70,6,4374.60,9,4374.50,9,4374.40,11,4374.30,9,4374.20,9,4375.40,3,4375.50,4,4375.60,3,4375.70,3,4375.80,7,4375.90,12,4376.00,11,4376.10,12,4376.20,12,4376.30,11,Buy,20,15,35,5.00,5.00,-8.00,0.50,60.0,4375.10,4375.40,4374.90,4375.40,40,55,95,-15.00,1.00,-21.00,1.00,30.0,0,87,0.4000,0.0000,-22.00,-22.00,4383.93,-0.9773,DOWN,92.85,1.0232,1.3973
20260901 221622 647,4375.40,1,4375.10,4375.40,0.30,4375.10,1,4375.00,5,4374.90,4,4374.80,3,4374.70,6,4374.60,9,4374.50,9,4374.40,11,4374.30,9,4374.20,9,4375.40,3,4375.50,4,4375.60,3,4375.70,3,4375.80,7,4375.90,12,4376.00,11,4376.10,12,4376.20,12,4376.30,11,Buy,21,15,36,6.00,6.00,-8.00,0.50,60.0,4375.10,4375.40,4374.90,4375.40,40,55,95,-15.00,1.00,-21.00,1.00,30.0,0,87,0.4000,0.0000,-21.00,-21.00,4383.93,-0.9773,DOWN,92.85,1.0232,1.3973
20260901 221627 509,4375.00,1,4375.00,4375.30,0.30,4375.00,3,4374.90,4,4374.80,3,4374.70,7,4374.60,14,4374.50,9,4374.40,11,4374.30,9,4374.20,9,4374.10,7,4375.30,2,4375.40,3,4375.50,4,4375.60,4,4375.70,4,4375.80,7,4375.90,5,4376.00,11,4376.10,12,4376.20,12,Sell,21,16,37,5.00,6.00,-8.00,0.50,20.0,4375.10,4375.40,4374.90,4375.00,40,55,95,-15.00,1.00,-21.00,1.00,30.0,0,87,0.4000,0.2000,-22.00,-22.00,4383.89,-0.9900,DOWN,92.85,1.0232,1.3973
20260901 221628 092,4375.00,1,4374.90,4375.20,0.30,4374.90,4,4374.80,6,4374.70,6,4374.60,9,4374.50,4,4374.40,11,4374.30,9,4374.20,10,4374.10,7,4374.00,19,4375.20,3,4375.30,4,4375.40,4,4375.50,4,4375.60,4,4375.70,4,4375.80,14,4375.90,12,4376.00,11,4376.10,12,Sell,21,17,38,4.00,6.00,-8.00,0.50,20.0,4375.10,4375.40,4374.90,4375.00,40,55,95,-15.00,1.00,-21.00,1.00,30.0,0,87,0.4000,0.5000,-23.00,-23.00,4383.89,-0.9900,DOWN,92.85,1.0232,1.3973
20260901 221628 092,4375.00,1,4374.90,4375.20,0.30,4374.90,4,4374.80,6,4374.70,6,4374.60,9,4374.50,4,4374.40,11,4374.30,9,4374.20,10,4374.10,7,4374.00,19,4375.20,3,4375.30,4,4375.40,4,4375.50,4,4375.60,4,4375.70,4,4375.80,14,4375.90,12,4376.00,11,4376.10,12,Sell,21,18,39,3.00,6.00,-8.00,0.50,20.0,4375.10,4375.40,4374.90,4375.00,40,55,95,-15.00,1.00,-21.00,1.00,30.0,0,87,0.4000,1.0000,-24.00,-24.00,4383.89,-0.9900,DOWN,92.85,1.0232,1.3973
20260901 221628 987,4374.90,1,4374.80,4375.10,0.30,4374.80,5,4374.70,6,4374.60,8,4374.50,4,4374.40,11,4374.30,9,4374.20,9,4374.10,7,4374.00,19,4373.90,9,4375.10,2,4375.20,2,4375.30,4,4375.40,4,4375.50,4,4375.60,4,4375.70,4,4375.80,14,4375.90,12,4376.00,11,Sell,21,19,40,2.00,6.00,-8.00,0.50,40.0,4375.10,4375.40,4374.90,4374.90,40,55,95,-15.00,1.00,-21.00,1.00,30.0,0,87,0.4000,2.0000,-25.00,-25.00,4383.88,-0.9932,DOWN,92.85,1.0232,1.3973
20260901 221628 987,4374.90,1,4374.80,4375.10,0.30,4374.80,5,4374.70,6,4374.60,8,4374.50,4,4374.40,11,4374.30,9,4374.20,9,4374.10,7,4374.00,19,4373.90,9,4375.10,2,4375.20,2,4375.30,4,4375.40,4,4375.50,4,4375.60,4,4375.70,4,4375.80,14,4375.90,12,4376.00,11,Sell,21,20,41,1.00,6.00,-8.00,0.50,40.0,4375.10,4375.40,4374.90,4374.90,40,55,95,-15.00,1.00,-21.00,1.00,30.0,0,87,0.4000,5.0000,-26.00,-26.00,4383.88,-0.9932,DOWN,92.85,1.0232,1.3973
20260901 221628 987,4374.90,1,4374.80,4375.10,0.30,4374.80,5,4374.70,6,4374.60,8,4374.50,4,4374.40,11,4374.30,9,4374.20,9,4374.10,7,4374.00,19,4373.90,9,4375.10,2,4375.20,2,4375.30,4,4375.40,4,4375.50,4,4375.60,4,4375.70,4,4375.80,14,4375.90,12,4376.00,11,Sell,21,21,42,0.00,6.00,-8.00,0.50,40.0,4375.10,4375.40,4374.90,4374.90,40,55,95,-15.00,1.00,-21.00,1.00,30.0,0,87,0.4000,6.0000,-27.00,-27.00,4383.88,-0.9932,DOWN,92.85,1.0232,1.3973
20260901 221628 987,4374.90,1,4374.80,4375.10,0.30,4374.80,5,4374.70,6,4374.60,8,4374.50,4,4374.40,11,4374.30,9,4374.20,9,4374.10,7,4374.00,19,4373.90,9,4375.10,2,4375.20,2,4375.30,4,4375.40,4,4375.50,4,4375.60,4,4375.70,4,4375.80,14,4375.90,12,4376.00,11,Sell,21,22,43,-1.00,6.00,-8.00,0.50,40.0,4375.10,4375.40,4374.90,4374.90,40,55,95,-15.00,1.00,-21.00,1.00,30.0,0,87,0.4000,7.0000,-28.00,-28.00,4383.88,-0.9932,DOWN,92.85,1.0232,1.3973
20260901 221628 987,4374.80,1,4374.80,4375.10,0.30,4374.80,5,4374.70,6,4374.60,8,4374.50,4,4374.40,11,4374.30,9,4374.20,9,4374.10,7,4374.00,19,4373.90,9,4375.10,2,4375.20,2,4375.30,4,4375.40,4,4375.50,4,4375.60,4,4375.70,4,4375.80,14,4375.90,12,4376.00,11,Sell,21,23,44,-2.00,6.00,-8.00,0.60,50.0,4375.10,4375.40,4374.80,4374.80,40,55,95,-15.00,1.00,-21.00,1.00,30.0,0,87,0.4000,3.0000,-29.00,-29.00,4383.87,-0.9964,DOWN,92.85,1.0232,1.4045
20260901 221628 987,4374.80,1,4374.80,4375.10,0.30,4374.80,5,4374.70,6,4374.60,8,4374.50,4,4374.40,11,4374.30,9,4374.20,9,4374.10,7,4374.00,19,4373.90,9,4375.10,2,4375.20,2,4375.30,4,4375.40,4,4375.50,4,4375.60,4,4375.70,4,4375.80,14,4375.90,12,4376.00,11,Sell,21,24,45,-3.00,6.00,-8.00,0.60,50.0,4375.10,4375.40,4374.80,4374.80,40,55,95,-15.00,1.00,-21.00,1.00,30.0,0,87,0.4000,1.6667,-30.00,-30.00,4383.87,-0.9964,DOWN,92.85,1.0232,1.4045
20260901 221628 987,4374.80,1,4374.80,4375.10,0.30,4374.80,5,4374.70,6,4374.60,8,4374.50,4,4374.40,11,4374.30,9,4374.20,9,4374.10,7,4374.00,19,4373.90,9,4375.10,2,4375.20,2,4375.30,4,4375.40,4,4375.50,4,4375.60,4,4375.70,4,4375.80,14,4375.90,12,4376.00,11,Sell,21,25,46,-4.00,6.00,-8.00,0.60,50.0,4375.10,4375.40,4374.80,4374.80,40,55,95,-15.00,1.00,-21.00,1.00,30.0,0,87,0.4000,1.0000,-31.00,-31.00,4383.87,-0.9964,DOWN,92.85,1.0232,1.4045
20260901 221628 987,4374.80,1,4374.80,4375.10,0.30,4374.80,5,4374.70,6,4374.60,8,4374.50,4,4374.40,11,4374.30,9,4374.20,9,4374.10,7,4374.00,19,4373.90,9,4375.10,2,4375.20,2,4375.30,4,4375.40,4,4375.50,4,4375.60,4,4375.70,4,4375.80,14,4375.90,12,4376.00,11,Sell,21,26,47,-5.00,6.00,-8.00,0.60,50.0,4375.10,4375.40,4374.80,4374.80,40,55,95,-15.00,1.00,-21.00,1.00,30.0,0,87,0.4000,0.6000,-32.00,-32.00,4383.87,-0.9964,DOWN,92.85,1.0232,1.4045
20260901 221628 987,4374.80,1,4374.80,4375.10,0.30,4374.80,5,4374.70,6,4374.60,8,4374.50,4,4374.40,11,4374.30,9,4374.20,9,4374.10,7,4374.00,19,4373.90,9,4375.10,2,4375.20,2,4375.30,4,4375.40,4,4375.50,4,4375.60,4,4375.70,4,4375.80,14,4375.90,12,4376.00,11,Sell,21,27,48,-6.00,6.00,-8.00,0.60,50.0,4375.10,4375.40,4374.80,4374.80,40,55,95,-15.00,1.00,-21.00,1.00,30.0,0,87,0.4000,0.3333,-33.00,-33.00,4383.87,-0.9964,DOWN,92.85,1.0232,1.4045
20260901 221628 987,4374.80,1,4374.80,4375.10,0.30,4374.80,5,4374.70,6,4374.60,8,4374.50,4,4374.40,11,4374.30,9,4374.20,9,4374.10,7,4374.00,19,4373.90,9,4375.10,2,4375.20,2,4375.30,4,4375.40,4,4375.50,4,4375.60,4,4375.70,4,4375.80,14,4375.90,12,4376.00,11,Sell,21,28,49,-7.00,6.00,-8.00,0.60,50.0,4375.10,4375.40,4374.80,4374.80,40,55,95,-15.00,1.00,-21.00,1.00,30.0,0,87,0.4000,0.1429,-34.00,-34.00,4383.87,-0.9964,DOWN,92.85,1.0232,1.4045
20260901 221629 471,4374.80,1,4374.80,4375.10,0.30,4374.80,4,4374.70,6,4374.60,8,4374.50,4,4374.40,11,4374.30,9,4374.20,9,4374.10,7,4374.00,19,4373.90,9,4375.10,5,4375.20,2,4375.30,3,4375.40,4,4375.50,5,4375.60,4,4375.70,4,4375.80,14,4375.90,12,4376.00,11,Sell,21,29,50,-8.00,6.00,-8.00,0.60,50.0,4375.10,4375.40,4374.80,4374.80,40,55,95,-15.00,1.00,-21.00,1.00,30.0,0,87,0.4000,0.0000,-35.00,-35.00,4383.87,-0.9964,DOWN,92.85,1.0232,1.4045
20260901 221629 685,4375.10,1,4375.00,4375.30,0.30,4375.00,4,4374.90,6,4374.80,5,4374.70,8,4374.60,9,4374.50,9,4374.40,11,4374.30,9,4374.20,9,4374.10,7,4375.30,1,4375.40,3,4375.50,4,4375.60,4,4375.70,3,4375.80,7,4375.90,12,4376.00,11,4376.10,12,4376.20,12,Buy,22,29,51,-7.00,6.00,-8.00,0.60,0.0,4375.10,4375.40,4374.80,4375.10,40,55,95,-15.00,1.00,-21.00,1.00,30.0,0,87,0.4000,0.1429,-34.00,-34.00,4383.90,-0.9869,DOWN,92.85,1.0232,1.4045
20260901 221631 639,4375.10,1,4375.10,4375.40,0.30,4375.10,3,4375.00,5,4374.90,6,4374.80,5,4374.70,8,4374.60,9,4374.50,9,4374.40,11,4374.30,9,4374.20,9,4375.40,3,4375.50,4,4375.60,4,4375.70,3,4375.80,7,4375.90,12,4376.00,11,4376.10,12,4376.20,12,4376.30,11,Sell,22,30,52,-8.00,6.00,-8.00,0.60,0.0,4375.10,4375.40,4374.80,4375.10,40,55,95,-15.00,1.00,-21.00,1.00,30.0,0,87,0.4000,0.0000,-35.00,-35.00,4383.90,-0.9869,DOWN,92.85,1.0232,1.4045
20260901 221631 831,4375.10,1,4375.10,4375.40,0.30,4375.10,1,4375.00,5,4374.90,6,4374.80,6,4374.70,7,4374.60,9,4374.50,9,4374.40,11,4374.30,9,4374.20,9,4375.40,4,4375.50,4,4375.60,4,4375.70,3,4375.80,7,4375.90,12,4376.00,11,4376.10,12,4376.20,12,4376.30,11,Sell,22,31,53,-9.00,6.00,-9.00,0.60,0.0,4375.10,4375.40,4374.80,4375.10,40,55,95,-15.00,1.00,-21.00,1.00,30.0,0,87,0.4000,0.0000,-36.00,-36.00,4383.90,-0.9869,DOWN,92.85,1.0232,1.4045
20260901 221639 174,4375.30,1,4375.30,4375.50,0.20,4375.20,3,4375.10,4,4375.00,5,4374.90,6,4374.80,7,4374.70,7,4374.60,9,4374.50,9,4374.40,11,4374.30,9,4375.50,2,4375.60,2,4375.70,3,4375.80,6,4375.90,4,4376.00,5,4376.10,12,4376.20,12,4376.30,11,4376.40,11,Sell,22,32,54,-10.00,6.00,-10.00,0.60,33.3,4375.10,4375.40,4374.80,4375.30,40,55,95,-15.00,1.00,-21.00,1.00,30.0,0,87,0.4000,0.0000,-37.00,-37.00,4383.92,-0.9805,DOWN,92.85,1.0232,1.4045
20260901 221645 563,4375.30,1,4375.30,4375.50,0.20,4375.20,4,4375.10,5,4375.00,5,4374.90,7,4374.80,7,4374.70,7,4374.60,15,4374.50,9,4374.40,11,4374.30,9,4375.50,2,4375.60,3,4375.70,3,4375.80,6,4375.90,4,4376.00,6,4376.10,5,4376.20,12,4376.30,15,4376.40,15,Sell,22,33,55,-11.00,6.00,-11.00,0.60,33.3,4375.10,4375.40,4374.80,4375.30,40,55,95,-15.00,1.00,-21.00,1.00,30.0,0,87,0.4000,0.0000,-38.00,-38.00,4383.92,-0.9805,DOWN,92.85,1.0232,1.4045
20260901 221648 711,4375.50,1,4375.30,4375.50,0.20,4375.30,2,4375.20,3,4375.10,6,4375.00,7,4374.90,7,4374.80,6,4374.70,11,4374.60,15,4374.50,11,4374.40,11,4375.50,1,4375.60,4,4375.70,3,4375.80,6,4375.90,4,4376.00,6,4376.10,5,4376.20,15,4376.30,15,4376.40,15,Buy,23,33,56,-10.00,6.00,-11.00,0.70,57.1,4375.10,4375.50,4374.80,4375.50,40,55,95,-15.00,1.00,-21.00,1.00,30.0,0,87,0.4000,0.1000,-37.00,-37.00,4383.94,-0.9742,DOWN,92.85,1.0232,1.4116
20260901 221648 711,4375.50,1,4375.30,4375.50,0.20,4375.30,2,4375.20,3,4375.10,6,4375.00,7,4374.90,7,4374.80,6,4374.70,11,4374.60,15,4374.50,11,4374.40,11,4375.50,1,4375.60,4,4375.70,3,4375.80,6,4375.90,4,4376.00,6,4376.10,5,4376.20,15,4376.30,15,4376.40,15,Buy,24,33,57,-9.00,6.00,-11.00,0.70,57.1,4375.10,4375.50,4374.80,4375.50,40,55,95,-15.00,1.00,-21.00,1.00,30.0,0,87,0.4000,0.2222,-36.00,-36.00,4383.94,-0.9742,DOWN,92.85,1.0232,1.4116
20260901 221649 849,4375.30,1,4375.30,4375.50,0.20,4375.30,2,4375.20,4,4375.10,5,4375.00,6,4374.90,8,4374.80,6,4374.70,11,4374.60,15,4374.50,11,4374.40,11,4375.50,1,4375.60,3,4375.70,3,4375.80,6,4375.90,4,4376.00,6,4376.10,5,4376.20,15,4376.30,15,4376.40,15,Sell,24,34,58,-10.00,6.00,-11.00,0.70,28.6,4375.10,4375.50,4374.80,4375.30,40,55,95,-15.00,1.00,-21.00,1.00,30.0,0,87,0.4000,0.1000,-37.00,-37.00,4383.92,-0.9805,DOWN,92.85,1.0232,1.4116
20260901 221650 757,4375.50,1,4375.30,4375.50,0.20,4375.40,1,4375.30,5,4375.20,3,4375.10,5,4375.00,7,4374.90,7,4374.80,6,4374.70,11,4374.60,15,4374.50,11,4375.60,2,4375.70,3,4375.80,6,4375.90,4,4376.00,6,4376.10,5,4376.20,15,4376.30,15,4376.40,15,4376.50,13,Buy,25,34,59,-9.00,6.00,-11.00,0.70,57.1,4375.10,4375.50,4374.80,4375.50,40,55,95,-15.00,1.00,-21.00,1.00,30.0,0,87,0.4000,0.2222,-36.00,-36.00,4383.94,-0.9742,DOWN,92.85,1.0232,1.4116
20260901 221651 347,4375.40,1,4375.30,4375.60,0.30,4375.30,3,4375.20,3,4375.10,5,4375.00,7,4374.90,7,4374.80,6,4374.70,11,4374.60,15,4374.50,11,4374.40,11,4375.60,4,4375.70,3,4375.80,6,4375.90,4,4376.00,6,4376.10,5,4376.20,15,4376.30,15,4376.40,15,4376.50,13,Sell,25,35,60,-10.00,6.00,-11.00,0.70,42.9,4375.10,4375.50,4374.80,4375.40,40,55,95,-15.00,1.00,-21.00,1.00,30.0,0,87,0.4000,0.1000,-37.00,-37.00,4383.93,-0.9773,DOWN,92.85,1.0232,1.4116
20260901 221653 132,4375.60,1,4375.30,4375.60,0.30,4375.30,2,4375.20,3,4375.10,5,4375.00,6,4374.90,7,4374.80,6,4374.70,11,4374.60,15,4374.50,11,4374.40,11,4375.50,1,4375.60,5,4375.70,4,4375.80,6,4375.90,4,4376.00,6,4376.10,5,4376.20,15,4376.30,15,4376.40,14,Buy,26,35,61,-9.00,6.00,-11.00,0.80,62.5,4375.10,4375.60,4374.80,4375.60,40,55,95,-15.00,1.00,-21.00,1.00,30.0,0,87,0.4000,0.2222,-36.00,-36.00,4383.94,-0.9710,DOWN,92.85,1.0232,1.4188
20260901 221653 619,4375.50,1,4375.20,4375.50,0.30,4375.20,3,4375.10,5,4375.00,6,4374.90,7,4374.80,6,4374.70,11,4374.60,15,4374.50,11,4374.40,11,4374.30,9,4375.50,1,4375.60,4,4375.70,4,4375.80,6,4375.90,4,4376.00,6,4376.10,5,4376.20,15,4376.30,15,4376.40,14,Buy,27,35,62,-8.00,6.00,-11.00,0.80,50.0,4375.10,4375.60,4374.80,4375.50,40,55,95,-15.00,1.00,-21.00,1.00,30.0,0,87,0.4000,0.3750,-35.00,-35.00,4383.94,-0.9742,DOWN,92.85,1.0232,1.4188
20260901 221653 908,4375.20,1,4375.20,4375.50,0.30,4375.30,2,4375.20,4,4375.10,5,4375.00,6,4374.90,8,4374.80,6,4374.70,11,4374.60,15,4374.50,11,4374.40,11,4375.60,4,4375.70,4,4375.80,6,4375.90,4,4376.00,6,4376.10,5,4376.20,15,4376.30,15,4376.40,14,4376.50,13,Sell,27,36,63,-9.00,6.00,-11.00,0.80,12.5,4375.10,4375.60,4374.80,4375.20,40,55,95,-15.00,1.00,-21.00,1.00,30.0,0,87,0.4000,0.2222,-36.00,-36.00,4383.91,-0.9837,DOWN,92.85,1.0232,1.4188
20260901 221653 908,4375.20,1,4375.20,4375.50,0.30,4375.30,2,4375.20,4,4375.10,5,4375.00,6,4374.90,8,4374.80,6,4374.70,11,4374.60,15,4374.50,11,4374.40,11,4375.60,4,4375.70,4,4375.80,6,4375.90,4,4376.00,6,4376.10,5,4376.20,15,4376.30,15,4376.40,14,4376.50,13,Sell,27,37,64,-10.00,6.00,-11.00,0.80,12.5,4375.10,4375.60,4374.80,4375.20,40,55,95,-15.00,1.00,-21.00,1.00,30.0,0,87,0.4000,0.1000,-37.00,-37.00,4383.91,-0.9837,DOWN,92.85,1.0232,1.4188
20260901 221657 644,4375.30,1,4375.10,4375.30,0.20,4375.10,1,4375.00,3,4374.90,6,4374.80,6,4374.70,7,4374.60,10,4374.50,11,4374.40,11,4374.30,9,4374.20,9,4375.30,2,4375.40,4,4375.50,5,4375.60,6,4375.70,5,4375.80,7,4375.90,5,4376.00,12,4376.10,11,4376.20,12,Sell,27,38,65,-11.00,6.00,-11.00,0.80,25.0,4375.10,4375.60,4374.80,4375.30,40,55,95,-15.00,1.00,-21.00,1.00,30.0,0,87,0.4000,0.0000,-38.00,-38.00,4383.92,-0.9805,DOWN,92.85,1.0232,1.4188
20260901 221658 070,4375.30,1,4375.10,4375.30,0.20,4375.10,2,4375.00,3,4374.90,6,4374.80,6,4374.70,7,4374.60,10,4374.50,11,4374.40,11,4374.30,9,4374.20,9,4375.30,1,4375.40,3,4375.50,5,4375.60,6,4375.70,5,4375.80,6,4375.90,5,4376.00,12,4376.10,11,4376.20,12,Buy,28,38,66,-10.00,6.00,-11.00,0.80,25.0,4375.10,4375.60,4374.80,4375.30,40,55,95,-15.00,1.00,-21.00,1.00,30.0,0,87,0.4000,0.1000,-37.00,-37.00,4383.92,-0.9805,DOWN,92.85,1.0232,1.4188
20260901 221658 259,4375.30,1,4375.20,4375.40,0.20,4375.20,1,4375.10,5,4375.00,5,4374.90,6,4374.80,7,4374.70,12,4374.60,15,4374.50,11,4374.40,11,4374.30,9,4375.40,2,4375.50,1,4375.60,4,4375.70,5,4375.80,6,4375.90,4,4376.00,12,4376.10,11,4376.20,12,4376.30,12,Buy,29,38,67,-9.00,6.00,-11.00,0.80,25.0,4375.10,4375.60,4374.80,4375.30,40,55,95,-15.00,1.00,-21.00,1.00,30.0,0,87,0.4000,0.2222,-36.00,-36.00,4383.92,-0.9805,DOWN,92.85,1.0232,1.4188
20260901 221700 079,4375.10,1,4374.80,4375.10,0.30,4374.80,4,4374.70,6,4374.60,10,4374.50,6,4374.40,6,4374.30,9,4374.20,9,4374.10,7,4374.00,19,4373.90,9,4375.10,1,4375.20,4,4375.30,7,4375.40,4,4375.50,2,4375.60,4,4375.70,6,4375.80,12,4375.90,11,4376.00,12,Sell,0,1,1,-1.00,-1.00,-1.00,0.00,0.0,4375.10,4375.10,4375.10,4375.10,29,38,67,-9.00,6.00,-11.00,0.80,25.0,-6,48,0.2222,0.0000,-45.00,-57.00,4383.90,-0.9869,DOWN,93.85,0.7139,1.3317
20260901 221701 081,4375.10,1,4374.90,4375.10,0.20,4375.00,4,4374.90,5,4374.80,4,4374.70,6,4374.60,10,4374.50,6,4374.40,11,4374.30,9,4374.20,9,4374.10,7,4375.30,1,4375.40,2,4375.50,2,4375.60,4,4375.70,5,4375.80,6,4375.90,11,4376.00,12,4376.10,11,4376.20,12,Buy,1,1,2,0.00,0.00,-1.00,0.00,0.0,4375.10,4375.10,4375.10,4375.10,29,38,67,-9.00,6.00,-11.00,0.80,25.0,-6,48,0.2222,0.0000,-44.00,-56.00,4383.90,-0.9869,DOWN,93.85,0.7139,1.3317
20260901 221712 720,4375.40,1,4375.20,4375.50,0.30,4375.20,2,4375.10,4,4375.00,3,4374.90,5,4374.80,5,4374.70,6,4374.60,13,4374.50,11,4374.40,11,4374.30,9,4375.50,4,4375.60,4,4375.70,4,4375.80,6,4375.90,4,4376.00,12,4376.10,11,4376.20,12,4376.30,12,4376.40,11,Buy,2,1,3,1.00,1.00,-1.00,0.30,100.0,4375.10,4375.40,4375.10,4375.40,29,38,67,-9.00,6.00,-11.00,0.80,25.0,-6,48,0.2222,0.0000,-43.00,-55.00,4383.93,-0.9773,DOWN,93.85,0.7139,1.3389
20260901 221712 720,4375.40,1,4375.20,4375.50,0.30,4375.20,2,4375.10,4,4375.00,3,4374.90,5,4374.80,5,4374.70,6,4374.60,13,4374.50,11,4374.40,11,4374.30,9,4375.50,4,4375.60,4,4375.70,4,4375.80,6,4375.90,4,4376.00,12,4376.10,11,4376.20,12,4376.30,12,4376.40,11,Buy,3,1,4,2.00,2.00,-1.00,0.30,100.0,4375.10,4375.40,4375.10,4375.40,29,38,67,-9.00,6.00,-11.00,0.80,25.0,-6,48,0.2222,0.0000,-42.00,-54.00,4383.93,-0.9773,DOWN,93.85,0.7139,1.3389
20260901 221712 736,4375.40,1,4375.20,4375.50,0.30,4375.20,2,4375.10,4,4375.00,3,4374.90,5,4374.80,5,4374.70,6,4374.60,13,4374.50,11,4374.40,11,4374.30,9,4375.50,4,4375.60,4,4375.70,4,4375.80,6,4375.90,4,4376.00,12,4376.10,11,4376.20,12,4376.30,12,4376.40,11,Buy,4,1,5,3.00,3.00,-1.00,0.30,100.0,4375.10,4375.40,4375.10,4375.40,29,38,67,-9.00,6.00,-11.00,0.80,25.0,-6,48,0.2222,0.0000,-41.00,-53.00,4383.93,-0.9773,DOWN,93.85,0.7139,1.3389
20260901 221712 736,4375.40,1,4375.20,4375.50,0.30,4375.20,2,4375.10,4,4375.00,3,4374.90,5,4374.80,5,4374.70,6,4374.60,13,4374.50,11,4374.40,11,4374.30,9,4375.50,4,4375.60,4,4375.70,4,4375.80,6,4375.90,4,4376.00,12,4376.10,11,4376.20,12,4376.30,12,4376.40,11,Buy,5,1,6,4.00,4.00,-1.00,0.30,100.0,4375.10,4375.40,4375.10,4375.40,29,38,67,-9.00,6.00,-11.00,0.80,25.0,-6,48,0.2222,0.0000,-40.00,-52.00,4383.93,-0.9773,DOWN,93.85,0.7139,1.3389
20260901 221712 736,4375.40,1,4375.20,4375.50,0.30,4375.20,2,4375.10,4,4375.00,3,4374.90,5,4374.80,5,4374.70,6,4374.60,13,4374.50,11,4374.40,11,4374.30,9,4375.50,4,4375.60,4,4375.70,4,4375.80,6,4375.90,4,4376.00,12,4376.10,11,4376.20,12,4376.30,12,4376.40,11,Buy,6,1,7,5.00,5.00,-1.00,0.30,100.0,4375.10,4375.40,4375.10,4375.40,29,38,67,-9.00,6.00,-11.00,0.80,25.0,-6,48,0.2222,0.0000,-39.00,-51.00,4383.93,-0.9773,DOWN,93.85,0.7139,1.3389
20260901 221714 147,4375.10,1,4375.00,4375.30,0.30,4375.00,3,4374.90,4,4374.80,5,4374.70,6,4374.60,8,4374.50,11,4374.40,11,4374.30,9,4374.20,9,4374.10,7,4375.30,4,4375.40,4,4375.50,4,4375.60,5,4375.70,4,4375.80,6,4375.90,5,4376.00,12,4376.10,11,4376.20,12,Sell,6,2,8,4.00,5.00,-1.00,0.30,0.0,4375.10,4375.40,4375.10,4375.10,29,38,67,-9.00,6.00,-11.00,0.80,25.0,-6,48,0.2222,0.2500,-40.00,-52.00,4383.90,-0.9869,DOWN,93.85,0.7139,1.3389
20260901 221714 147,4375.10,1,4375.00,4375.30,0.30,4375.00,3,4374.90,4,4374.80,5,4374.70,6,4374.60,8,4374.50,11,4374.40,11,4374.30,9,4374.20,9,4374.10,7,4375.30,4,4375.40,4,4375.50,4,4375.60,5,4375.70,4,4375.80,6,4375.90,5,4376.00,12,4376.10,11,4376.20,12,Sell,6,3,9,3.00,5.00,-1.00,0.30,0.0,4375.10,4375.40,4375.10,4375.10,29,38,67,-9.00,6.00,-11.00,0.80,25.0,-6,48,0.2222,0.6667,-41.00,-53.00,4383.90,-0.9869,DOWN,93.85,0.7139,1.3389
20260901 221714 154,4375.20,1,4375.00,4375.30,0.30,4375.00,3,4374.90,4,4374.80,5,4374.70,6,4374.60,8,4374.50,11,4374.40,11,4374.30,9,4374.20,9,4374.10,7,4375.30,4,4375.40,4,4375.50,4,4375.60,5,4375.70,4,4375.80,6,4375.90,5,4376.00,12,4376.10,11,4376.20,12,Sell,6,4,10,2.00,5.00,-1.00,0.30,33.3,4375.10,4375.40,4375.10,4375.20,29,38,67,-9.00,6.00,-11.00,0.80,25.0,-6,48,0.2222,1.5000,-42.00,-54.00,4383.91,-0.9837,DOWN,93.85,0.7139,1.3389
20260901 221714 296,4375.40,1,4375.10,4375.30,0.20,4375.10,1,4375.00,5,4374.90,4,4374.80,6,4374.70,6,4374.60,13,4374.50,11,4374.40,11,4374.30,9,4374.20,9,4375.30,1,4375.40,4,4375.50,3,4375.60,4,4375.70,4,4375.80,6,4375.90,5,4376.00,12,4376.10,11,4376.20,12,Buy,7,4,11,3.00,5.00,-1.00,0.30,100.0,4375.10,4375.40,4375.10,4375.40,29,38,67,-9.00,6.00,-11.00,0.80,25.0,-6,48,0.2222,0.6667,-41.00,-53.00,4383.93,-0.9773,DOWN,93.85,0.7139,1.3389
20260901 221714 296,4375.40,1,4375.10,4375.30,0.20,4375.10,1,4375.00,5,4374.90,4,4374.80,6,4374.70,6,4374.60,13,4374.50,11,4374.40,11,4374.30,9,4374.20,9,4375.30,1,4375.40,4,4375.50,3,4375.60,4,4375.70,4,4375.80,6,4375.90,5,4376.00,12,4376.10,11,4376.20,12,Buy,8,4,12,4.00,5.00,-1.00,0.30,100.0,4375.10,4375.40,4375.10,4375.40,29,38,67,-9.00,6.00,-11.00,0.80,25.0,-6,48,0.2222,0.2500,-40.00,-52.00,4383.93,-0.9773,DOWN,93.85,0.7139,1.3389
20260901 221716 298,4375.00,1,4375.00,4375.30,0.30,4375.00,3,4374.90,4,4374.80,6,4374.70,6,4374.60,13,4374.50,11,4374.40,11,4374.30,9,4374.20,9,4374.10,7,4375.30,2,4375.40,4,4375.50,3,4375.60,5,4375.70,4,4375.80,6,4375.90,5,4376.00,12,4376.10,11,4376.20,12,Sell,8,5,13,3.00,5.00,-1.00,0.40,25.0,4375.10,4375.40,4375.00,4375.00,29,38,67,-9.00,6.00,-11.00,0.80,25.0,-6,48,0.2222,0.6667,-41.00,-53.00,4383.89,-0.9900,DOWN,93.85,0.7139,1.3460
20260901 221717 375,4375.00,1,4375.00,4375.20,0.20,4375.00,2,4374.90,4,4374.80,6,4374.70,6,4374.60,13,4374.50,11,4374.40,11,4374.30,9,4374.20,9,4374.10,7,4375.20,1,4375.30,2,4375.40,4,4375.50,3,4375.60,5,4375.70,4,4375.80,6,4375.90,5,4376.00,12,4376.10,11,Sell,8,6,14,2.00,5.00,-1.00,0.40,25.0,4375.10,4375.40,4375.00,4375.00,29,38,67,-9.00,6.00,-11.00,0.80,25.0,-6,48,0.2222,1.5000,-42.00,-54.00,4383.89,-0.9900,DOWN,93.85,0.7139,1.3460
20260901 221717 389,4375.20,1,4375.00,4375.20,0.20,4375.00,2,4374.90,4,4374.80,6,4374.70,6,4374.60,13,4374.50,11,4374.40,11,4374.30,9,4374.20,9,4374.10,7,4375.20,1,4375.30,2,4375.40,4,4375.50,3,4375.60,5,4375.70,4,4375.80,6,4375.90,5,4376.00,12,4376.10,11,Buy,9,6,15,3.00,5.00,-1.00,0.40,25.0,4375.10,4375.40,4375.00,4375.20,29,38,67,-9.00,6.00,-11.00,0.80,25.0,-6,48,0.2222,0.6667,-41.00,-53.00,4383.91,-0.9837,DOWN,93.85,0.7139,1.3460
20260901 221717 811,4375.20,1,4375.20,4375.40,0.20,4375.10,2,4375.00,6,4374.90,5,4374.80,6,4374.70,6,4374.60,14,4374.50,11,4374.40,11,4374.30,9,4374.20,9,4375.30,1,4375.40,2,4375.50,4,4375.60,2,4375.70,4,4375.80,6,4375.90,4,4376.00,12,4376.10,11,4376.20,12,Sell,9,7,16,2.00,5.00,-1.00,0.40,25.0,4375.10,4375.40,4375.00,4375.20,29,38,67,-9.00,6.00,-11.00,0.80,25.0,-6,48,0.2222,1.5000,-42.00,-54.00,4383.91,-0.9837,DOWN,93.85,0.7139,1.3460
20260901 221721 310,4375.40,1,4375.10,4375.40,0.30,4375.10,3,4375.00,5,4374.90,4,4374.80,5,4374.70,7,4374.60,9,4374.50,11,4374.40,11,4374.30,9,4374.20,9,4375.40,1,4375.50,4,4375.60,4,4375.70,4,4375.80,6,4375.90,5,4376.00,12,4376.10,11,4376.20,12,4376.30,12,Buy,10,7,17,3.00,5.00,-1.00,0.40,75.0,4375.10,4375.40,4375.00,4375.40,29,38,67,-9.00,6.00,-11.00,0.80,25.0,-6,48,0.2222,0.6667,-41.00,-53.00,4383.93,-0.9773,DOWN,93.85,0.7139,1.3460
20260901 221722 365,4375.20,1,4375.20,4375.50,0.30,4375.20,1,4375.10,3,4375.00,5,4374.90,4,4374.80,5,4374.70,6,4374.60,9,4374.50,11,4374.40,11,4374.30,9,4375.30,1,4375.40,2,4375.50,4,4375.60,4,4375.70,4,4375.80,6,4375.90,5,4376.00,12,4376.10,11,4376.20,12,Sell,10,8,18,2.00,5.00,-1.00,0.40,25.0,4375.10,4375.40,4375.00,4375.20,29,38,67,-9.00,6.00,-11.00,0.80,25.0,-6,48,0.2222,1.5000,-42.00,-54.00,4383.91,-0.9837,DOWN,93.85,0.7139,1.3460
20260901 221722 365,4375.20,1,4375.20,4375.50,0.30,4375.20,1,4375.10,3,4375.00,5,4374.90,4,4374.80,5,4374.70,6,4374.60,9,4374.50,11,4374.40,11,4374.30,9,4375.30,1,4375.40,2,4375.50,4,4375.60,4,4375.70,4,4375.80,6,4375.90,5,4376.00,12,4376.10,11,4376.20,12,Sell,10,9,19,1.00,5.00,-1.00,0.40,25.0,4375.10,4375.40,4375.00,4375.20,29,38,67,-9.00,6.00,-11.00,0.80,25.0,-6,48,0.2222,4.0000,-43.00,-55.00,4383.91,-0.9837,DOWN,93.85,0.7139,1.3460
20260901 221722 577,4375.10,1,4375.10,4375.40,0.30,4375.10,2,4375.00,5,4374.90,4,4374.80,6,4374.70,6,4374.60,9,4374.50,11,4374.40,11,4374.30,9,4374.20,9,4375.40,3,4375.50,4,4375.60,3,4375.70,4,4375.80,6,4375.90,5,4376.00,12,4376.10,11,4376.20,13,4376.30,12,Sell,10,10,20,0.00,5.00,-1.00,0.40,0.0,4375.10,4375.40,4375.00,4375.10,29,38,67,-9.00,6.00,-11.00,0.80,25.0,-6,48,0.2222,5.0000,-44.00,-56.00,4383.90,-0.9869,DOWN,93.85,0.7139,1.3460
20260901 221730 162,4375.40,1,4375.20,4375.40,0.20,4375.30,2,4375.20,3,4375.10,5,4375.00,8,4374.90,7,4374.80,6,4374.70,11,4374.60,14,4374.50,11,4374.40,11,4375.50,1,4375.60,2,4375.70,4,4375.80,6,4375.90,4,4376.00,6,4376.10,11,4376.20,12,4376.30,12,4376.40,11,Buy,11,10,21,1.00,5.00,-1.00,0.40,75.0,4375.10,4375.40,4375.00,4375.40,29,38,67,-9.00,6.00,-11.00,0.80,25.0,-6,48,0.2222,4.0000,-43.00,-55.00,4383.93,-0.9773,DOWN,93.85,0.7139,1.3460
20260901 221730 162,4375.40,1,4375.20,4375.40,0.20,4375.30,2,4375.20,3,4375.10,5,4375.00,8,4374.90,7,4374.80,6,4374.70,11,4374.60,14,4374.50,11,4374.40,11,4375.50,1,4375.60,2,4375.70,4,4375.80,6,4375.90,4,4376.00,6,4376.10,11,4376.20,12,4376.30,12,4376.40,11,Buy,12,10,22,2.00,5.00,-1.00,0.40,75.0,4375.10,4375.40,4375.00,4375.40,29,38,67,-9.00,6.00,-11.00,0.80,25.0,-6,48,0.2222,1.5000,-42.00,-54.00,4383.93,-0.9773,DOWN,93.85,0.7139,1.3460
20260901 221731 545,4375.50,1,4375.20,4375.50,0.30,4375.20,3,4375.10,5,4375.00,8,4374.90,6,4374.80,6,4374.70,11,4374.60,14,4374.50,11,4374.40,11,4374.30,9,4375.50,2,4375.60,2,4375.70,4,4375.80,6,4375.90,4,4376.00,6,4376.10,11,4376.20,12,4376.30,12,4376.40,11,Buy,13,10,23,3.00,5.00,-1.00,0.50,80.0,4375.10,4375.50,4375.00,4375.50,29,38,67,-9.00,6.00,-11.00,0.80,25.0,-6,48,0.2222,0.6667,-41.00,-53.00,4383.94,-0.9742,DOWN,93.85,0.7139,1.3531
20260901 221733 434,4375.30,1,4375.20,4375.50,0.30,4375.20,4,4375.10,5,4375.00,9,4374.90,6,4374.80,6,4374.70,11,4374.60,14,4374.50,11,4374.40,11,4374.30,9,4375.50,1,4375.60,4,4375.70,3,4375.80,6,4375.90,4,4376.00,6,4376.10,11,4376.20,12,4376.30,12,4376.40,12,Sell,13,11,24,2.00,5.00,-1.00,0.50,40.0,4375.10,4375.50,4375.00,4375.30,29,38,67,-9.00,6.00,-11.00,0.80,25.0,-6,48,0.2222,1.5000,-42.00,-54.00,4383.92,-0.9805,DOWN,93.85,0.7139,1.3531
20260901 221735 562,4375.50,1,4375.20,4375.50,0.30,4375.20,3,4375.10,5,4375.00,8,4374.90,7,4374.80,6,4374.70,11,4374.60,14,4374.50,11,4374.40,11,4374.30,9,4375.50,2,4375.60,3,4375.70,3,4375.80,6,4375.90,4,4376.00,6,4376.10,11,4376.20,12,4376.30,12,4376.40,12,Buy,14,11,25,3.00,5.00,-1.00,0.50,80.0,4375.10,4375.50,4375.00,4375.50,29,38,67,-9.00,6.00,-11.00,0.80,25.0,-6,48,0.2222,0.6667,-41.00,-53.00,4383.94,-0.9742,DOWN,93.85,0.7139,1.3531
20260901 221736 530,4375.50,1,4375.30,4375.60,0.30,4375.30,2,4375.20,4,4375.10,4,4375.00,9,4374.90,6,4374.80,6,4374.70,11,4374.60,14,4374.50,11,4374.40,11,4375.60,3,4375.70,3,4375.80,6,4375.90,4,4376.00,6,4376.10,11,4376.20,12,4376.30,12,4376.40,12,4376.50,10,Buy,15,11,26,4.00,5.00,-1.00,0.50,80.0,4375.10,4375.50,4375.00,4375.50,29,38,67,-9.00,6.00,-11.00,0.80,25.0,-6,48,0.2222,0.2500,-40.00,-52.00,4383.94,-0.9742,DOWN,93.85,0.7139,1.3531
20260901 221736 727,4375.60,1,4375.40,4375.60,0.20,4375.40,1,4375.30,2,4375.20,4,4375.10,4,4375.00,10,4374.90,6,4374.80,6,4374.70,11,4374.60,14,4374.50,11,4375.60,3,4375.70,3,4375.80,6,4375.90,4,4376.00,6,4376.10,11,4376.20,12,4376.30,12,4376.40,12,4376.50,10,Buy,16,11,27,5.00,5.00,-1.00,0.60,83.3,4375.10,4375.60,4375.00,4375.60,29,38,67,-9.00,6.00,-11.00,0.80,25.0,-6,48,0.2222,0.0000,-39.00,-51.00,4383.94,-0.9710,DOWN,93.85,0.7139,1.3603
20260901 221739 719,4375.60,1,4375.40,4375.60,0.20,4375.40,1,4375.30,3,4375.20,3,4375.10,4,4375.00,10,4374.90,7,4374.80,6,4374.70,11,4374.60,14,4374.50,9,4375.60,2,4375.70,2,4375.80,5,4375.90,4,4376.00,6,4376.10,5,4376.20,12,4376.30,12,4376.40,12,4376.50,10,Buy,17,11,28,6.00,6.00,-1.00,0.60,83.3,4375.10,4375.60,4375.00,4375.60,29,38,67,-9.00,6.00,-11.00,0.80,25.0,-6,48,0.2222,0.0000,-38.00,-50.00,4383.94,-0.9710,DOWN,93.85,0.7139,1.3603
20260901 221739 719,4375.60,1,4375.40,4375.60,0.20,4375.40,1,4375.30,3,4375.20,3,4375.10,4,4375.00,10,4374.90,7,4374.80,6,4374.70,11,4374.60,14,4374.50,9,4375.60,2,4375.70,2,4375.80,5,4375.90,4,4376.00,6,4376.10,5,4376.20,12,4376.30,12,4376.40,12,4376.50,10,Buy,18,11,29,7.00,7.00,-1.00,0.60,83.3,4375.10,4375.60,4375.00,4375.60,29,38,67,-9.00,6.00,-11.00,0.80,25.0,-6,48,0.2222,0.0000,-37.00,-49.00,4383.94,-0.9710,DOWN,93.85,0.7139,1.3603
20260901 221747 121,4375.30,1,4375.20,4375.60,0.40,4375.20,4,4375.10,5,4375.00,9,4374.90,7,4374.80,11,4374.70,11,4374.60,14,4374.50,9,4374.40,11,4374.30,9,4375.60,3,4375.70,4,4375.80,4,4375.90,5,4376.00,6,4376.10,6,4376.20,6,4376.30,6,4376.40,12,4376.50,10,Sell,18,12,30,6.00,7.00,-1.00,0.60,33.3,4375.10,4375.60,4375.00,4375.30,29,38,67,-9.00,6.00,-11.00,0.80,25.0,-6,48,0.2222,0.1667,-38.00,-50.00,4383.92,-0.9805,DOWN,93.85,0.7139,1.3603
20260901 221747 121,4375.30,1,4375.20,4375.60,0.40,4375.20,4,4375.10,5,4375.00,9,4374.90,7,4374.80,11,4374.70,11,4374.60,14,4374.50,9,4374.40,11,4374.30,9,4375.60,3,4375.70,4,4375.80,4,4375.90,5,4376.00,6,4376.10,6,4376.20,6,4376.30,6,4376.40,12,4376.50,10,Sell,18,13,31,5.00,7.00,-1.00,0.60,33.3,4375.10,4375.60,4375.00,4375.30,29,38,67,-9.00,6.00,-11.00,0.80,25.0,-6,48,0.2222,0.4000,-39.00,-51.00,4383.92,-0.9805,DOWN,93.85,0.7139,1.3603
20260901 221748 230,4375.20,1,4374.90,4375.20,0.30,4374.90,3,4374.80,4,4374.70,6,4374.60,9,4374.50,9,4374.40,11,4374.30,9,4374.20,9,4374.10,7,4374.00,19,4375.20,4,4375.30,4,4375.40,4,4375.50,4,4375.60,5,4375.70,6,4375.80,6,4375.90,11,4376.00,12,4376.10,12,Sell,18,14,32,4.00,7.00,-1.00,0.60,16.7,4375.10,4375.60,4375.00,4375.20,29,38,67,-9.00,6.00,-11.00,0.80,25.0,-6,48,0.2222,0.7500,-40.00,-52.00,4383.91,-0.9837,DOWN,93.85,0.7139,1.3603
20260901 221748 237,4375.00,1,4374.90,4375.20,0.30,4374.90,3,4374.80,4,4374.70,6,4374.60,9,4374.50,9,4374.40,11,4374.30,9,4374.20,9,4374.10,7,4374.00,19,4375.20,4,4375.30,4,4375.40,4,4375.50,4,4375.60,5,4375.70,6,4375.80,6,4375.90,11,4376.00,12,4376.10,12,Sell,18,15,33,3.00,7.00,-1.00,0.60,16.7,4375.10,4375.60,4375.00,4375.00,29,38,67,-9.00,6.00,-11.00,0.80,25.0,-6,48,0.2222,1.3333,-41.00,-53.00,4383.89,-0.9900,DOWN,93.85,0.7139,1.3603
20260901 221748 309,4374.90,1,4374.70,4375.00,0.30,4374.70,2,4374.60,5,4374.50,5,4374.40,6,4374.30,4,4374.20,9,4374.10,7,4374.00,19,4373.90,9,4373.80,9,4375.00,3,4375.10,4,4375.20,5,4375.30,5,4375.40,7,4375.50,5,4375.60,11,4375.70,12,4375.80,13,4375.90,11,Sell,18,16,34,2.00,7.00,-1.00,0.70,28.6,4375.10,4375.60,4374.90,4374.90,29,38,67,-9.00,6.00,-11.00,0.80,25.0,-6,48,0.2222,2.5000,-42.00,-54.00,4383.88,-0.9932,DOWN,93.85,0.7139,1.3674
20260901 221748 309,4374.90,1,4374.70,4375.00,0.30,4374.70,2,4374.60,5,4374.50,5,4374.40,6,4374.30,4,4374.20,9,4374.10,7,4374.00,19,4373.90,9,4373.80,9,4375.00,3,4375.10,4,4375.20,5,4375.30,5,4375.40,7,4375.50,5,4375.60,11,4375.70,12,4375.80,13,4375.90,11,Sell,18,17,35,1.00,7.00,-1.00,0.70,28.6,4375.10,4375.60,4374.90,4374.90,29,38,67,-9.00,6.00,-11.00,0.80,25.0,-6,48,0.2222,6.0000,-43.00,-55.00,4383.88,-0.9932,DOWN,93.85,0.7139,1.3674
20260901 221748 312,4374.90,1,4374.70,4375.00,0.30,4374.70,2,4374.60,5,4374.50,5,4374.40,6,4374.30,4,4374.20,9,4374.10,7,4374.00,19,4373.90,9,4373.80,9,4375.00,3,4375.10,4,4375.20,5,4375.30,5,4375.40,7,4375.50,5,4375.60,11,4375.70,12,4375.80,13,4375.90,11,Sell,18,18,36,0.00,7.00,-1.00,0.70,28.6,4375.10,4375.60,4374.90,4374.90,29,38,67,-9.00,6.00,-11.00,0.80,25.0,-6,48,0.2222,7.0000,-44.00,-56.00,4383.88,-0.9932,DOWN,93.85,0.7139,1.3674
20260901 221748 315,4374.90,1,4374.70,4375.00,0.30,4374.70,2,4374.60,5,4374.50,5,4374.40,6,4374.30,4,4374.20,9,4374.10,7,4374.00,19,4373.90,9,4373.80,9,4375.00,3,4375.10,4,4375.20,5,4375.30,5,4375.40,7,4375.50,5,4375.60,11,4375.70,12,4375.80,13,4375.90,11,Buy,19,18,37,1.00,7.00,-1.00,0.70,28.6,4375.10,4375.60,4374.90,4374.90,29,38,67,-9.00,6.00,-11.00,0.80,25.0,-6,48,0.2222,6.0000,-43.00,-55.00,4383.88,-0.9932,DOWN,93.85,0.7139,1.3674
20260901 221748 315,4374.90,1,4374.70,4375.00,0.30,4374.70,2,4374.60,5,4374.50,5,4374.40,6,4374.30,4,4374.20,9,4374.10,7,4374.00,19,4373.90,9,4373.80,9,4375.00,3,4375.10,4,4375.20,5,4375.30,5,4375.40,7,4375.50,5,4375.60,11,4375.70,12,4375.80,13,4375.90,11,Buy,20,18,38,2.00,7.00,-1.00,0.70,28.6,4375.10,4375.60,4374.90,4374.90,29,38,67,-9.00,6.00,-11.00,0.80,25.0,-6,48,0.2222,2.5000,-42.00,-54.00,4383.88,-0.9932,DOWN,93.85,0.7139,1.3674
20260901 221748 500,4374.70,1,4374.60,4374.80,0.20,4374.60,1,4374.50,4,4374.40,2,4374.30,3,4374.20,3,4374.10,3,4374.00,19,4373.90,9,4373.80,9,4373.70,8,4374.80,5,4374.90,7,4375.00,4,4375.10,6,4375.20,6,4375.30,5,4375.40,13,4375.50,11,4375.60,11,4375.70,11,Sell,20,19,39,1.00,7.00,-1.00,0.90,44.4,4375.10,4375.60,4374.70,4374.70,29,38,67,-9.00,6.00,-11.00,0.80,25.0,-6,48,0.2222,6.0000,-43.00,-55.00,4383.86,-0.9996,DOWN,93.85,0.7139,1.3817
20260901 221748 500,4374.70,1,4374.60,4374.80,0.20,4374.60,1,4374.50,4,4374.40,2,4374.30,3,4374.20,3,4374.10,3,4374.00,19,4373.90,9,4373.80,9,4373.70,8,4374.80,5,4374.90,7,4375.00,4,4375.10,6,4375.20,6,4375.30,5,4375.40,13,4375.50,11,4375.60,11,4375.70,11,Sell,20,20,40,0.00,7.00,-1.00,0.90,44.4,4375.10,4375.60,4374.70,4374.70,29,38,67,-9.00,6.00,-11.00,0.80,25.0,-6,48,0.2222,7.0000,-44.00,-56.00,4383.86,-0.9996,DOWN,93.85,0.7139,1.3817
20260901 221748 500,4374.70,1,4374.60,4374.80,0.20,4374.60,1,4374.50,4,4374.40,2,4374.30,3,4374.20,3,4374.10,3,4374.00,19,4373.90,9,4373.80,9,4373.70,8,4374.80,5,4374.90,7,4375.00,4,4375.10,6,4375.20,6,4375.30,5,4375.40,13,4375.50,11,4375.60,11,4375.70,11,Sell,20,21,41,-1.00,7.00,-1.00,0.90,44.4,4375.10,4375.60,4374.70,4374.70,29,38,67,-9.00,6.00,-11.00,0.80,25.0,-6,48,0.2222,0.0000,-45.00,-57.00,4383.86,-0.9996,DOWN,93.85,0.7139,1.3817
20260901 221748 750,4374.60,1,4374.50,4374.70,0.20,4374.50,2,4374.40,2,4374.30,2,4374.20,3,4374.10,2,4374.00,20,4373.90,9,4373.80,9,4373.70,8,4373.60,8,4374.70,4,4374.80,5,4374.90,7,4375.00,6,4375.10,5,4375.20,6,4375.30,11,4375.40,13,4375.50,11,4375.60,11,Sell,20,22,42,-2.00,7.00,-2.00,1.00,50.0,4375.10,4375.60,4374.60,4374.60,29,38,67,-9.00,6.00,-11.00,0.80,25.0,-6,48,0.2222,0.0000,-46.00,-58.00,4383.85,-1.0027,DOWN,93.85,0.7139,1.3889
20260901 221749 001,4374.50,1,4374.40,4374.70,0.30,4374.40,5,4374.30,3,4374.20,3,4374.10,2,4374.00,15,4373.90,9,4373.80,11,4373.70,8,4373.60,8,4373.50,8,4374.70,3,4374.80,5,4374.90,8,4375.00,5,4375.10,5,4375.20,6,4375.30,11,4375.40,13,4375.50,10,4375.60,11,Sell,20,23,43,-3.00,7.00,-3.00,1.10,54.5,4375.10,4375.60,4374.50,4374.50,29,38,67,-9.00,6.00,-11.00,0.80,25.0,-6,48,0.2222,0.0000,-47.00,-59.00,4383.84,-1.0059,DOWN,93.85,0.7139,1.3960
20260901 221749 001,4374.50,1,4374.40,4374.70,0.30,4374.40,5,4374.30,3,4374.20,3,4374.10,2,4374.00,15,4373.90,9,4373.80,11,4373.70,8,4373.60,8,4373.50,8,4374.70,3,4374.80,5,4374.90,8,4375.00,5,4375.10,5,4375.20,6,4375.30,11,4375.40,13,4375.50,10,4375.60,11,Sell,20,24,44,-4.00,7.00,-4.00,1.10,54.5,4375.10,4375.60,4374.50,4374.50,29,38,67,-9.00,6.00,-11.00,0.80,25.0,-6,48,0.2222,0.0000,-48.00,-60.00,4383.84,-1.0059,DOWN,93.85,0.7139,1.3960
20260901 221749 008,4374.40,1,4374.40,4374.70,0.30,4374.40,5,4374.30,3,4374.20,3,4374.10,2,4374.00,15,4373.90,9,4373.80,11,4373.70,8,4373.60,8,4373.50,8,4374.70,3,4374.80,5,4374.90,8,4375.00,5,4375.10,5,4375.20,6,4375.30,11,4375.40,13,4375.50,10,4375.60,11,Sell,20,25,45,-5.00,7.00,-5.00,1.20,58.3,4375.10,4375.60,4374.40,4374.40,29,38,67,-9.00,6.00,-11.00,0.80,25.0,-6,48,0.2222,0.0000,-49.00,-61.00,4383.83,-1.0091,DOWN,93.85,0.7139,1.4031
20260901 221749 008,4374.40,1,4374.40,4374.70,0.30,4374.40,5,4374.30,3,4374.20,3,4374.10,2,4374.00,15,4373.90,9,4373.80,11,4373.70,8,4373.60,8,4373.50,8,4374.70,3,4374.80,5,4374.90,8,4375.00,5,4375.10,5,4375.20,6,4375.30,11,4375.40,13,4375.50,10,4375.60,11,Sell,20,26,46,-6.00,7.00,-6.00,1.20,58.3,4375.10,4375.60,4374.40,4374.40,29,38,67,-9.00,6.00,-11.00,0.80,25.0,-6,48,0.2222,0.0000,-50.00,-62.00,4383.83,-1.0091,DOWN,93.85,0.7139,1.4031
20260901 221749 008,4374.40,1,4374.40,4374.70,0.30,4374.40,5,4374.30,3,4374.20,3,4374.10,2,4374.00,15,4373.90,9,4373.80,11,4373.70,8,4373.60,8,4373.50,8,4374.70,3,4374.80,5,4374.90,8,4375.00,5,4375.10,5,4375.20,6,4375.30,11,4375.40,13,4375.50,10,4375.60,11,Sell,20,27,47,-7.00,7.00,-7.00,1.20,58.3,4375.10,4375.60,4374.40,4374.40,29,38,67,-9.00,6.00,-11.00,0.80,25.0,-6,48,0.2222,0.0000,-51.00,-63.00,4383.83,-1.0091,DOWN,93.85,0.7139,1.4031
20260901 221749 008,4374.40,1,4374.40,4374.70,0.30,4374.40,5,4374.30,3,4374.20,3,4374.10,2,4374.00,15,4373.90,9,4373.80,11,4373.70,8,4373.60,8,4373.50,8,4374.70,3,4374.80,5,4374.90,8,4375.00,5,4375.10,5,4375.20,6,4375.30,11,4375.40,13,4375.50,10,4375.60,11,Sell,20,28,48,-8.00,7.00,-8.00,1.20,58.3,4375.10,4375.60,4374.40,4374.40,29,38,67,-9.00,6.00,-11.00,0.80,25.0,-6,48,0.2222,0.0000,-52.00,-64.00,4383.83,-1.0091,DOWN,93.85,0.7139,1.4031
20260901 221749 008,4374.30,1,4374.40,4374.70,0.30,4374.40,5,4374.30,3,4374.20,3,4374.10,2,4374.00,15,4373.90,9,4373.80,11,4373.70,8,4373.60,8,4373.50,8,4374.70,3,4374.80,5,4374.90,8,4375.00,5,4375.10,5,4375.20,6,4375.30,11,4375.40,13,4375.50,10,4375.60,11,Sell,20,29,49,-9.00,7.00,-9.00,1.30,61.5,4375.10,4375.60,4374.30,4374.30,29,38,67,-9.00,6.00,-11.00,0.80,25.0,-6,48,0.2222,0.0000,-53.00,-65.00,4383.82,-1.0123,DOWN,93.85,0.7139,1.4103
20260901 221749 008,4374.30,1,4374.40,4374.70,0.30,4374.40,5,4374.30,3,4374.20,3,4374.10,2,4374.00,15,4373.90,9,4373.80,11,4373.70,8,4373.60,8,4373.50,8,4374.70,3,4374.80,5,4374.90,8,4375.00,5,4375.10,5,4375.20,6,4375.30,11,4375.40,13,4375.50,10,4375.60,11,Sell,20,30,50,-10.00,7.00,-10.00,1.30,61.5,4375.10,4375.60,4374.30,4374.30,29,38,67,-9.00,6.00,-11.00,0.80,25.0,-6,48,0.2222,0.0000,-54.00,-66.00,4383.82,-1.0123,DOWN,93.85,0.7139,1.4103
20260901 221749 009,4374.30,1,4374.40,4374.70,0.30,4374.40,5,4374.30,3,4374.20,3,4374.10,2,4374.00,15,4373.90,9,4373.80,11,4373.70,8,4373.60,8,4373.50,8,4374.70,3,4374.80,5,4374.90,8,4375.00,5,4375.10,5,4375.20,6,4375.30,11,4375.40,13,4375.50,10,4375.60,11,Sell,20,31,51,-11.00,7.00,-11.00,1.30,61.5,4375.10,4375.60,4374.30,4374.30,29,38,67,-9.00,6.00,-11.00,0.80,25.0,-6,48,0.2222,0.0000,-55.00,-67.00,4383.82,-1.0123,DOWN,93.85,0.7139,1.4103
20260901 221749 009,4374.30,1,4374.40,4374.70,0.30,4374.40,5,4374.30,3,4374.20,3,4374.10,2,4374.00,15,4373.90,9,4373.80,11,4373.70,8,4373.60,8,4373.50,8,4374.70,3,4374.80,5,4374.90,8,4375.00,5,4375.10,5,4375.20,6,4375.30,11,4375.40,13,4375.50,10,4375.60,11,Sell,20,32,52,-12.00,7.00,-12.00,1.30,61.5,4375.10,4375.60,4374.30,4374.30,29,38,67,-9.00,6.00,-11.00,0.80,25.0,-6,48,0.2222,0.0000,-56.00,-68.00,4383.82,-1.0123,DOWN,93.85,0.7139,1.4103
20260901 221749 050,4374.60,1,4374.40,4374.70,0.30,4374.40,5,4374.30,3,4374.20,3,4374.10,2,4374.00,15,4373.90,9,4373.80,11,4373.70,8,4373.60,8,4373.50,8,4374.70,3,4374.80,5,4374.90,8,4375.00,5,4375.10,5,4375.20,6,4375.30,11,4375.40,13,4375.50,10,4375.60,11,Buy,21,32,53,-11.00,7.00,-12.00,1.30,38.5,4375.10,4375.60,4374.30,4374.60,29,38,67,-9.00,6.00,-11.00,0.80,25.0,-6,48,0.2222,0.0909,-55.00,-67.00,4383.85,-1.0027,DOWN,93.85,0.7139,1.4103
20260901 221749 050,4374.60,1,4374.40,4374.70,0.30,4374.40,5,4374.30,3,4374.20,3,4374.10,2,4374.00,15,4373.90,9,4373.80,11,4373.70,8,4373.60,8,4373.50,8,4374.70,3,4374.80,5,4374.90,8,4375.00,5,4375.10,5,4375.20,6,4375.30,11,4375.40,13,4375.50,10,4375.60,11,Buy,22,32,54,-10.00,7.00,-12.00,1.30,38.5,4375.10,4375.60,4374.30,4374.60,29,38,67,-9.00,6.00,-11.00,0.80,25.0,-6,48,0.2222,0.2000,-54.00,-66.00,4383.85,-1.0027,DOWN,93.85,0.7139,1.4103
20260901 221749 541,4374.40,1,4374.40,4374.70,0.30,4374.40,3,4374.30,3,4374.20,3,4374.10,2,4374.00,15,4373.90,9,4373.80,10,4373.70,8,4373.60,9,4373.50,8,4374.70,3,4374.80,5,4374.90,8,4375.00,5,4375.10,5,4375.20,6,4375.30,11,4375.40,13,4375.50,10,4375.60,11,Sell,22,33,55,-11.00,7.00,-12.00,1.30,53.8,4375.10,4375.60,4374.30,4374.40,29,38,67,-9.00,6.00,-11.00,0.80,25.0,-6,48,0.2222,0.0909,-55.00,-67.00,4383.83,-1.0091,DOWN,93.85,0.7139,1.4103
20260901 221749 541,4374.40,1,4374.40,4374.70,0.30,4374.40,3,4374.30,3,4374.20,3,4374.10,2,4374.00,15,4373.90,9,4373.80,10,4373.70,8,4373.60,9,4373.50,8,4374.70,3,4374.80,5,4374.90,8,4375.00,5,4375.10,5,4375.20,6,4375.30,11,4375.40,13,4375.50,10,4375.60,11,Sell,22,34,56,-12.00,7.00,-12.00,1.30,53.8,4375.10,4375.60,4374.30,4374.40,29,38,67,-9.00,6.00,-11.00,0.80,25.0,-6,48,0.2222,0.0000,-56.00,-68.00,4383.83,-1.0091,DOWN,93.85,0.7139,1.4103
20260901 221749 541,4374.40,1,4374.40,4374.70,0.30,4374.40,3,4374.30,3,4374.20,3,4374.10,2,4374.00,15,4373.90,9,4373.80,10,4373.70,8,4373.60,9,4373.50,8,4374.70,3,4374.80,5,4374.90,8,4375.00,5,4375.10,5,4375.20,6,4375.30,11,4375.40,13,4375.50,10,4375.60,11,Sell,22,35,57,-13.00,7.00,-13.00,1.30,53.8,4375.10,4375.60,4374.30,4374.40,29,38,67,-9.00,6.00,-11.00,0.80,25.0,-6,48,0.2222,0.0000,-57.00,-69.00,4383.83,-1.0091,DOWN,93.85,0.7139,1.4103
20260901 221750 374,4374.70,1,4374.50,4374.80,0.30,4374.50,2,4374.40,2,4374.30,3,4374.20,3,4374.10,3,4374.00,15,4373.90,9,4373.80,10,4373.70,8,4373.60,8,4374.80,4,4374.90,6,4375.00,5,4375.10,5,4375.20,6,4375.30,11,4375.40,13,4375.50,10,4375.60,11,4375.70,11,Buy,23,35,58,-12.00,7.00,-13.00,1.30,30.8,4375.10,4375.60,4374.30,4374.70,29,38,67,-9.00,6.00,-11.00,0.80,25.0,-6,48,0.2222,0.0833,-56.00,-68.00,4383.86,-0.9996,DOWN,93.85,0.7139,1.4103
20260901 221750 374,4374.70,1,4374.50,4374.80,0.30,4374.50,2,4374.40,2,4374.30,3,4374.20,3,4374.10,3,4374.00,15,4373.90,9,4373.80,10,4373.70,8,4373.60,8,4374.80,4,4374.90,6,4375.00,5,4375.10,5,4375.20,6,4375.30,11,4375.40,13,4375.50,10,4375.60,11,4375.70,11,Buy,24,35,59,-11.00,7.00,-13.00,1.30,30.8,4375.10,4375.60,4374.30,4374.70,29,38,67,-9.00,6.00,-11.00,0.80,25.0,-6,48,0.2222,0.1818,-55.00,-67.00,4383.86,-0.9996,DOWN,93.85,0.7139,1.4103
20260901 221752 339,4374.70,1,4374.50,4374.80,0.30,4374.50,2,4374.40,2,4374.30,3,4374.20,3,4374.10,3,4374.00,15,4373.90,9,4373.80,10,4373.70,8,4373.60,8,4374.80,4,4374.90,6,4375.00,5,4375.10,5,4375.20,6,4375.30,11,4375.40,13,4375.50,10,4375.60,11,4375.70,11,Buy,25,35,60,-10.00,7.00,-13.00,1.30,30.8,4375.10,4375.60,4374.30,4374.70,29,38,67,-9.00,6.00,-11.00,0.80,25.0,-6,48,0.2222,0.3000,-54.00,-66.00,4383.86,-0.9996,DOWN,93.85,0.7139,1.4103
20260901 221752 553,4374.50,1,4374.20,4374.30,0.10,4374.20,1,4374.10,4,4374.00,13,4373.90,5,4373.80,5,4373.70,4,4373.60,3,4373.50,9,4373.40,10,4373.30,8,4374.30,1,4374.40,5,4374.50,3,4374.60,6,4374.70,6,4374.80,4,4374.90,7,4375.00,16,4375.10,15,4375.20,15,Sell,25,36,61,-11.00,7.00,-13.00,1.30,46.2,4375.10,4375.60,4374.30,4374.50,29,38,67,-9.00,6.00,-11.00,0.80,25.0,-6,48,0.2222,0.1818,-55.00,-67.00,4383.84,-1.0059,DOWN,93.85,0.7139,1.4103
20260901 221752 553,4374.50,1,4374.20,4374.30,0.10,4374.20,1,4374.10,4,4374.00,13,4373.90,5,4373.80,5,4373.70,4,4373.60,3,4373.50,9,4373.40,10,4373.30,8,4374.30,1,4374.40,5,4374.50,3,4374.60,6,4374.70,6,4374.80,4,4374.90,7,4375.00,16,4375.10,15,4375.20,15,Sell,25,37,62,-12.00,7.00,-13.00,1.30,46.2,4375.10,4375.60,4374.30,4374.50,29,38,67,-9.00,6.00,-11.00,0.80,25.0,-6,48,0.2222,0.0833,-56.00,-68.00,4383.84,-1.0059,DOWN,93.85,0.7139,1.4103
20260901 221752 595,4374.20,1,4374.20,4374.30,0.10,4374.20,1,4374.10,4,4374.00,13,4373.90,5,4373.80,5,4373.70,4,4373.60,3,4373.50,9,4373.40,10,4373.30,8,4374.30,1,4374.40,5,4374.50,3,4374.60,6,4374.70,6,4374.80,4,4374.90,7,4375.00,16,4375.10,15,4375.20,15,Sell,25,38,63,-13.00,7.00,-13.00,1.40,64.3,4375.10,4375.60,4374.20,4374.20,29,38,67,-9.00,6.00,-11.00,0.80,25.0,-6,48,0.2222,0.0000,-57.00,-69.00,4383.81,-1.0154,DOWN,93.85,0.7139,1.4174
20260901 221752 606,4374.20,1,4374.20,4374.30,0.10,4374.20,1,4374.10,4,4374.00,13,4373.90,5,4373.80,5,4373.70,4,4373.60,3,4373.50,9,4373.40,10,4373.30,8,4374.30,1,4374.40,5,4374.50,3,4374.60,6,4374.70,6,4374.80,4,4374.90,7,4375.00,16,4375.10,15,4375.20,15,Sell,25,39,64,-14.00,7.00,-14.00,1.40,64.3,4375.10,4375.60,4374.20,4374.20,29,38,67,-9.00,6.00,-11.00,0.80,25.0,-6,48,0.2222,0.0000,-58.00,-70.00,4383.81,-1.0154,DOWN,93.85,0.7139,1.4174
20260901 221752 606,4374.10,1,4374.20,4374.30,0.10,4374.20,1,4374.10,4,4374.00,13,4373.90,5,4373.80,5,4373.70,4,4373.60,3,4373.50,9,4373.40,10,4373.30,8,4374.30,1,4374.40,5,4374.50,3,4374.60,6,4374.70,6,4374.80,4,4374.90,7,4375.00,16,4375.10,15,4375.20,15,Sell,25,40,65,-15.00,7.00,-15.00,1.50,66.7,4375.10,4375.60,4374.10,4374.10,29,38,67,-9.00,6.00,-11.00,0.80,25.0,-6,48,0.2222,0.0000,-59.00,-71.00,4383.80,-1.0186,DOWN,93.85,0.7139,1.4246
20260901 221752 606,4374.10,1,4374.20,4374.30,0.10,4374.20,1,4374.10,4,4374.00,13,4373.90,5,4373.80,5,4373.70,4,4373.60,3,4373.50,9,4373.40,10,4373.30,8,4374.30,1,4374.40,5,4374.50,3,4374.60,6,4374.70,6,4374.80,4,4374.90,7,4375.00,16,4375.10,15,4375.20,15,Sell,25,41,66,-16.00,7.00,-16.00,1.50,66.7,4375.10,4375.60,4374.10,4374.10,29,38,67,-9.00,6.00,-11.00,0.80,25.0,-6,48,0.2222,0.0000,-60.00,-72.00,4383.80,-1.0186,DOWN,93.85,0.7139,1.4246
20260901 221753 314,4374.30,1,4374.10,4374.30,0.20,4374.10,2,4374.00,13,4373.90,5,4373.80,5,4373.70,4,4373.60,3,4373.50,9,4373.40,11,4373.30,8,4373.20,9,4374.40,4,4374.50,3,4374.60,6,4374.70,6,4374.80,4,4374.90,7,4375.00,16,4375.10,15,4375.20,15,4375.30,15,Buy,26,41,67,-15.00,7.00,-16.00,1.50,53.3,4375.10,4375.60,4374.10,4374.30,29,38,67,-9.00,6.00,-11.00,0.80,25.0,-6,48,0.2222,0.0667,-59.00,-71.00,4383.82,-1.0123,DOWN,93.85,0.7139,1.4246
20260901 221754 371,4374.20,1,4374.20,4374.40,0.20,4374.20,2,4374.10,3,4374.00,13,4373.90,5,4373.80,8,4373.70,4,4373.60,3,4373.50,9,4373.40,11,4373.30,8,4374.40,3,4374.50,3,4374.60,6,4374.70,6,4374.80,4,4374.90,7,4375.00,16,4375.10,15,4375.20,15,4375.30,15,Sell,26,42,68,-16.00,7.00,-16.00,1.50,60.0,4375.10,4375.60,4374.10,4374.20,29,38,67,-9.00,6.00,-11.00,0.80,25.0,-6,48,0.2222,0.0000,-60.00,-72.00,4383.81,-1.0154,DOWN,93.85,0.7139,1.4246
20260901 221754 608,4374.20,1,4374.20,4374.40,0.20,4374.20,2,4374.10,3,4374.00,13,4373.90,5,4373.80,8,4373.70,4,4373.60,3,4373.50,9,4373.40,11,4373.30,8,4374.40,3,4374.50,3,4374.60,6,4374.70,6,4374.80,4,4374.90,7,4375.00,16,4375.10,15,4375.20,15,4375.30,15,Sell,26,43,69,-17.00,7.00,-17.00,1.50,60.0,4375.10,4375.60,4374.10,4374.20,29,38,67,-9.00,6.00,-11.00,0.80,25.0,-6,48,0.2222,0.0000,-61.00,-73.00,4383.81,-1.0154,DOWN,93.85,0.7139,1.4246
20260901 221755 838,4374.20,1,4374.10,4374.40,0.30,4374.10,1,4374.00,13,4373.90,5,4373.80,7,4373.70,4,4373.60,3,4373.50,9,4373.40,11,4373.30,8,4373.20,9,4374.40,3,4374.50,3,4374.60,6,4374.70,6,4374.80,4,4374.90,7,4375.00,16,4375.10,15,4375.20,15,4375.30,15,Sell,26,44,70,-18.00,7.00,-18.00,1.50,60.0,4375.10,4375.60,4374.10,4374.20,29,38,67,-9.00,6.00,-11.00,0.80,25.0,-6,48,0.2222,0.0000,-62.00,-74.00,4383.81,-1.0154,DOWN,93.85,0.7139,1.4246
20260901 221755 838,4374.20,1,4374.10,4374.40,0.30,4374.10,1,4374.00,13,4373.90,5,4373.80,7,4373.70,4,4373.60,3,4373.50,9,4373.40,11,4373.30,8,4373.20,9,4374.40,3,4374.50,3,4374.60,6,4374.70,6,4374.80,4,4374.90,7,4375.00,16,4375.10,15,4375.20,15,4375.30,15,Sell,26,45,71,-19.00,7.00,-19.00,1.50,60.0,4375.10,4375.60,4374.10,4374.20,29,38,67,-9.00,6.00,-11.00,0.80,25.0,-6,48,0.2222,0.0000,-63.00,-75.00,4383.81,-1.0154,DOWN,93.85,0.7139,1.4246
20260901 221755 838,4374.10,1,4374.10,4374.40,0.30,4374.10,1,4374.00,13,4373.90,5,4373.80,7,4373.70,4,4373.60,3,4373.50,9,4373.40,11,4373.30,8,4373.20,9,4374.40,3,4374.50,3,4374.60,6,4374.70,6,4374.80,4,4374.90,7,4375.00,16,4375.10,15,4375.20,15,4375.30,15,Sell,26,46,72,-20.00,7.00,-20.00,1.50,66.7,4375.10,4375.60,4374.10,4374.10,29,38,67,-9.00,6.00,-11.00,0.80,25.0,-6,48,0.2222,0.0000,-64.00,-76.00,4383.80,-1.0186,DOWN,93.85,0.7139,1.4246
20260901 221755 839,4374.10,1,4374.10,4374.40,0.30,4374.10,1,4374.00,13,4373.90,5,4373.80,7,4373.70,4,4373.60,3,4373.50,9,4373.40,11,4373.30,8,4373.20,9,4374.40,3,4374.50,3,4374.60,6,4374.70,6,4374.80,4,4374.90,7,4375.00,16,4375.10,15,4375.20,15,4375.30,15,Sell,26,47,73,-21.00,7.00,-21.00,1.50,66.7,4375.10,4375.60,4374.10,4374.10,29,38,67,-9.00,6.00,-11.00,0.80,25.0,-6,48,0.2222,0.0000,-65.00,-77.00,4383.80,-1.0186,DOWN,93.85,0.7139,1.4246
20260901 221756 335,4374.40,1,4374.10,4374.40,0.30,4374.20,5,4374.10,5,4374.00,13,4373.90,5,4373.80,6,4373.70,5,4373.60,3,4373.50,9,4373.40,11,4373.30,8,4374.50,4,4374.60,6,4374.70,6,4374.80,4,4374.90,7,4375.00,16,4375.10,15,4375.20,15,4375.30,15,4375.40,17,Buy,27,47,74,-20.00,7.00,-21.00,1.50,46.7,4375.10,4375.60,4374.10,4374.40,29,38,67,-9.00,6.00,-11.00,0.80,25.0,-6,48,0.2222,0.0500,-64.00,-76.00,4383.83,-1.0091,DOWN,93.85,0.7139,1.4246
20260901 221758 031,4374.20,1,4374.20,4374.40,0.20,4374.20,3,4374.10,5,4374.00,13,4373.90,5,4373.80,6,4373.70,4,4373.60,3,4373.50,9,4373.40,11,4373.30,8,4374.40,2,4374.50,4,4374.60,6,4374.70,6,4374.80,4,4374.90,7,4375.00,16,4375.10,16,4375.20,15,4375.30,15,Sell,27,48,75,-21.00,7.00,-21.00,1.50,60.0,4375.10,4375.60,4374.10,4374.20,29,38,67,-9.00,6.00,-11.00,0.80,25.0,-6,48,0.2222,0.0000,-65.00,-77.00,4383.81,-1.0154,DOWN,93.85,0.7139,1.4246
20260901 221758 127,4374.20,1,4374.20,4374.40,0.20,4374.20,1,4374.10,5,4374.00,13,4373.90,5,4373.80,6,4373.70,4,4373.60,3,4373.50,9,4373.40,11,4373.30,8,4374.40,2,4374.50,4,4374.60,6,4374.70,6,4374.80,4,4374.90,7,4375.00,16,4375.10,16,4375.20,15,4375.30,15,Sell,27,49,76,-22.00,7.00,-22.00,1.50,60.0,4375.10,4375.60,4374.10,4374.20,29,38,67,-9.00,6.00,-11.00,0.80,25.0,-6,48,0.2222,0.0000,-66.00,-78.00,4383.81,-1.0154,DOWN,93.85,0.7139,1.4246
20260901 221758 127,4374.20,1,4374.20,4374.40,0.20,4374.20,1,4374.10,5,4374.00,13,4373.90,5,4373.80,6,4373.70,4,4373.60,3,4373.50,9,4373.40,11,4373.30,8,4374.40,2,4374.50,4,4374.60,6,4374.70,6,4374.80,4,4374.90,7,4375.00,16,4375.10,16,4375.20,15,4375.30,15,Sell,27,50,77,-23.00,7.00,-23.00,1.50,60.0,4375.10,4375.60,4374.10,4374.20,29,38,67,-9.00,6.00,-11.00,0.80,25.0,-6,48,0.2222,0.0000,-67.00,-79.00,4383.81,-1.0154,DOWN,93.85,0.7139,1.4246
20260901 221758 991,4374.30,1,4374.40,4374.60,0.20,4374.30,2,4374.10,5,4374.00,14,4373.90,6,4373.80,7,4373.70,10,4373.60,9,4373.50,9,4373.40,11,4373.30,8,4374.50,1,4374.60,4,4374.70,4,4374.80,3,4374.90,7,4375.00,6,4375.10,6,4375.20,15,4375.30,15,4375.40,17,Buy,28,50,78,-22.00,7.00,-23.00,1.50,53.3,4375.10,4375.60,4374.10,4374.30,29,38,67,-9.00,6.00,-11.00,0.80,25.0,-6,48,0.2222,0.0455,-66.00,-78.00,4383.82,-1.0123,DOWN,93.85,0.7139,1.4246
20260901 221758 997,4374.40,1,4374.40,4374.60,0.20,4374.30,2,4374.10,5,4374.00,14,4373.90,6,4373.80,7,4373.70,10,4373.60,9,4373.50,9,4373.40,11,4373.30,8,4374.50,1,4374.60,4,4374.70,4,4374.80,3,4374.90,7,4375.00,6,4375.10,6,4375.20,15,4375.30,15,4375.40,17,Sell,28,51,79,-23.00,7.00,-23.00,1.50,46.7,4375.10,4375.60,4374.10,4374.40,29,38,67,-9.00,6.00,-11.00,0.80,25.0,-6,48,0.2222,0.0000,-67.00,-79.00,4383.83,-1.0091,DOWN,93.85,0.7139,1.4246
20260901 221758 997,4374.40,1,4374.40,4374.60,0.20,4374.30,2,4374.10,5,4374.00,14,4373.90,6,4373.80,7,4373.70,10,4373.60,9,4373.50,9,4373.40,11,4373.30,8,4374.50,1,4374.60,4,4374.70,4,4374.80,3,4374.90,7,4375.00,6,4375.10,6,4375.20,15,4375.30,15,4375.40,17,Sell,28,52,80,-24.00,7.00,-24.00,1.50,46.7,4375.10,4375.60,4374.10,4374.40,29,38,67,-9.00,6.00,-11.00,0.80,25.0,-6,48,0.2222,0.0000,-68.00,-80.00,4383.83,-1.0091,DOWN,93.85,0.7139,1.4246
20260901 221759 105,4374.50,1,4374.30,4374.50,0.20,4374.30,2,4374.10,5,4374.00,14,4373.90,6,4373.80,7,4373.70,10,4373.60,9,4373.50,9,4373.40,11,4373.30,8,4374.60,3,4374.70,4,4374.80,3,4374.90,7,4375.00,6,4375.10,5,4375.20,15,4375.30,15,4375.40,17,4375.50,15,Buy,29,52,81,-23.00,7.00,-24.00,1.50,40.0,4375.10,4375.60,4374.10,4374.50,29,38,67,-9.00,6.00,-11.00,0.80,25.0,-6,48,0.2222,0.0435,-67.00,-79.00,4383.84,-1.0059,DOWN,93.85,0.7139,1.4246
20260901 221759 942,4374.30,1,4374.20,4374.50,0.30,4374.20,5,4374.10,5,4374.00,14,4373.90,7,4373.80,7,4373.70,10,4373.60,9,4373.50,9,4373.40,11,4373.30,8,4374.50,2,4374.60,3,4374.70,4,4374.80,3,4374.90,7,4375.00,6,4375.10,5,4375.20,15,4375.30,15,4375.40,17,Sell,29,53,82,-24.00,7.00,-24.00,1.50,53.3,4375.10,4375.60,4374.10,4374.30,29,38,67,-9.00,6.00,-11.00,0.80,25.0,-6,48,0.2222,0.0000,-68.00,-80.00,4383.82,-1.0123,DOWN,93.85,0.7139,1.4246
20260901 221759 942,4374.30,1,4374.20,4374.50,0.30,4374.20,5,4374.10,5,4374.00,14,4373.90,7,4373.80,7,4373.70,10,4373.60,9,4373.50,9,4373.40,11,4373.30,8,4374.50,2,4374.60,3,4374.70,4,4374.80,3,4374.90,7,4375.00,6,4375.10,5,4375.20,15,4375.30,15,4375.40,17,Sell,29,54,83,-25.00,7.00,-25.00,1.50,53.3,4375.10,4375.60,4374.10,4374.30,29,38,67,-9.00,6.00,-11.00,0.80,25.0,-6,48,0.2222,0.0000,-69.00,-81.00,4383.82,-1.0123,DOWN,93.85,0.7139,1.4246
20260901 221800 172,4374.50,1,4374.20,4374.50,0.30,4374.30,2,4374.20,5,4374.10,5,4374.00,14,4373.90,6,4373.80,7,4373.70,10,4373.60,9,4373.50,9,4373.40,11,4374.60,3,4374.70,4,4374.80,3,4374.90,7,4375.00,6,4375.10,5,4375.20,15,4375.30,15,4375.40,17,4375.50,14,Buy,1,0,1,1.00,1.00,1.00,0.00,0.0,4374.50,4374.50,4374.50,4374.50,29,54,83,-25.00,7.00,-25.00,1.50,53.3,-75,189,0.0000,0.0000,-58.00,-85.00,4383.84,-1.0059,DOWN,92.15,0.9007,1.3371
20260901 221800 660,4374.30,1,4374.30,4374.50,0.20,4374.30,3,4374.20,4,4374.10,5,4374.00,14,4373.90,6,4373.80,7,4373.70,10,4373.60,9,4373.50,9,4373.40,11,4374.50,2,4374.60,3,4374.70,4,4374.80,3,4374.90,7,4375.00,6,4375.10,5,4375.20,16,4375.30,15,4375.40,17,Sell,1,1,2,0.00,1.00,0.00,0.20,100.0,4374.50,4374.50,4374.30,4374.30,29,54,83,-25.00,7.00,-25.00,1.50,53.3,-75,189,0.0000,1.0000,-59.00,-86.00,4383.82,-1.0123,DOWN,92.15,0.9007,1.3371
20260901 221800 691,4374.30,1,4374.30,4374.50,0.20,4374.20,1,4374.10,4,4374.00,14,4373.90,6,4373.80,7,4373.70,4,4373.60,9,4373.50,9,4373.40,11,4373.30,8,4374.40,3,4374.50,4,4374.60,4,4374.70,5,4374.80,5,4374.90,8,4375.00,16,4375.10,15,4375.20,15,4375.30,15,Sell,1,2,3,-1.00,1.00,-1.00,0.20,100.0,4374.50,4374.50,4374.30,4374.30,29,54,83,-25.00,7.00,-25.00,1.50,53.3,-75,189,0.0000,0.0000,-60.00,-87.00,4383.82,-1.0123,DOWN,92.15,0.9007,1.3371
20260901 221800 691,4374.30,1,4374.30,4374.50,0.20,4374.20,1,4374.10,4,4374.00,14,4373.90,6,4373.80,7,4373.70,4,4373.60,9,4373.50,9,4373.40,11,4373.30,8,4374.40,3,4374.50,4,4374.60,4,4374.70,5,4374.80,5,4374.90,8,4375.00,16,4375.10,15,4375.20,15,4375.30,15,Sell,1,3,4,-2.00,1.00,-2.00,0.20,100.0,4374.50,4374.50,4374.30,4374.30,29,54,83,-25.00,7.00,-25.00,1.50,53.3,-75,189,0.0000,0.0000,-61.00,-88.00,4383.82,-1.0123,DOWN,92.15,0.9007,1.3371
20260901 221800 691,4374.30,1,4374.30,4374.50,0.20,4374.20,1,4374.10,4,4374.00,14,4373.90,6,4373.80,7,4373.70,4,4373.60,9,4373.50,9,4373.40,11,4373.30,8,4374.40,3,4374.50,4,4374.60,4,4374.70,5,4374.80,5,4374.90,8,4375.00,16,4375.10,15,4375.20,15,4375.30,15,Sell,1,4,5,-3.00,1.00,-3.00,0.20,100.0,4374.50,4374.50,4374.30,4374.30,29,54,83,-25.00,7.00,-25.00,1.50,53.3,-75,189,0.0000,0.0000,-62.00,-89.00,4383.82,-1.0123,DOWN,92.15,0.9007,1.3371
20260901 221804 388,4374.20,1,4374.20,4374.50,0.30,4374.20,3,4374.10,4,4374.00,14,4373.90,6,4373.80,7,4373.70,5,4373.60,10,4373.50,9,4373.40,11,4373.30,8,4374.50,2,4374.60,4,4374.70,5,4374.80,5,4374.90,8,4375.00,16,4375.10,15,4375.20,15,4375.30,15,4375.40,17,Sell,1,5,6,-4.00,1.00,-4.00,0.30,100.0,4374.50,4374.50,4374.20,4374.20,29,54,83,-25.00,7.00,-25.00,1.50,53.3,-75,189,0.0000,0.0000,-63.00,-90.00,4383.81,-1.0154,DOWN,92.15,0.9007,1.3442
20260901 221804 605,4374.20,1,4374.20,4374.50,0.30,4374.20,3,4374.10,4,4374.00,14,4373.90,6,4373.80,7,4373.70,5,4373.60,10,4373.50,9,4373.40,11,4373.30,8,4374.50,2,4374.60,4,4374.70,5,4374.80,5,4374.90,8,4375.00,16,4375.10,15,4375.20,15,4375.30,15,4375.40,17,Sell,1,6,7,-5.00,1.00,-5.00,0.30,100.0,4374.50,4374.50,4374.20,4374.20,29,54,83,-25.00,7.00,-25.00,1.50,53.3,-75,189,0.0000,0.0000,-64.00,-91.00,4383.81,-1.0154,DOWN,92.15,0.9007,1.3442
20260901 221805 242,4374.50,1,4374.20,4374.50,0.30,4374.20,3,4374.10,4,4374.00,14,4373.90,6,4373.80,7,4373.70,5,4373.60,10,4373.50,9,4373.40,11,4373.30,8,4374.50,1,4374.60,4,4374.70,5,4374.80,5,4374.90,8,4375.00,16,4375.10,15,4375.20,15,4375.30,15,4375.40,17,Buy,2,6,8,-4.00,1.00,-5.00,0.30,0.0,4374.50,4374.50,4374.20,4374.50,29,54,83,-25.00,7.00,-25.00,1.50,53.3,-75,189,0.0000,0.2500,-63.00,-90.00,4383.84,-1.0059,DOWN,92.15,0.9007,1.3442
20260901 221805 416,4374.50,1,4374.20,4374.50,0.30,4374.30,2,4374.20,3,4374.10,4,4374.00,14,4373.90,7,4373.80,7,4373.70,5,4373.60,9,4373.50,9,4373.40,11,4374.70,5,4374.80,5,4374.90,8,4375.00,16,4375.10,15,4375.20,15,4375.30,15,4375.40,17,4375.50,14,4375.60,16,Buy,3,6,9,-3.00,1.00,-5.00,0.30,0.0,4374.50,4374.50,4374.20,4374.50,29,54,83,-25.00,7.00,-25.00,1.50,53.3,-75,189,0.0000,0.6667,-62.00,-89.00,4383.84,-1.0059,DOWN,92.15,0.9007,1.3442
20260901 221805 416,4374.60,1,4374.20,4374.50,0.30,4374.30,2,4374.20,3,4374.10,4,4374.00,14,4373.90,7,4373.80,7,4373.70,5,4373.60,9,4373.50,9,4373.40,11,4374.70,5,4374.80,5,4374.90,8,4375.00,16,4375.10,15,4375.20,15,4375.30,15,4375.40,17,4375.50,14,4375.60,16,Buy,4,6,10,-2.00,1.00,-5.00,0.40,25.0,4374.50,4374.60,4374.20,4374.60,29,54,83,-25.00,7.00,-25.00,1.50,53.3,-75,189,0.0000,1.5000,-61.00,-88.00,4383.85,-1.0027,DOWN,92.15,0.9007,1.3514
20260901 221805 416,4374.60,1,4374.20,4374.50,0.30,4374.30,2,4374.20,3,4374.10,4,4374.00,14,4373.90,7,4373.80,7,4373.70,5,4373.60,9,4373.50,9,4373.40,11,4374.70,5,4374.80,5,4374.90,8,4375.00,16,4375.10,15,4375.20,15,4375.30,15,4375.40,17,4375.50,14,4375.60,16,Buy,5,6,11,-1.00,1.00,-5.00,0.40,25.0,4374.50,4374.60,4374.20,4374.60,29,54,83,-25.00,7.00,-25.00,1.50,53.3,-75,189,0.0000,4.0000,-60.00,-87.00,4383.85,-1.0027,DOWN,92.15,0.9007,1.3514
20260901 221805 416,4374.60,1,4374.20,4374.50,0.30,4374.30,2,4374.20,3,4374.10,4,4374.00,14,4373.90,7,4373.80,7,4373.70,5,4373.60,9,4373.50,9,4373.40,11,4374.70,5,4374.80,5,4374.90,8,4375.00,16,4375.10,15,4375.20,15,4375.30,15,4375.40,17,4375.50,14,4375.60,16,Buy,6,6,12,0.00,1.00,-5.00,0.40,25.0,4374.50,4374.60,4374.20,4374.60,29,54,83,-25.00,7.00,-25.00,1.50,53.3,-75,189,0.0000,1.0000,-59.00,-86.00,4383.85,-1.0027,DOWN,92.15,0.9007,1.3514
20260901 221805 416,4374.60,1,4374.20,4374.50,0.30,4374.30,2,4374.20,3,4374.10,4,4374.00,14,4373.90,7,4373.80,7,4373.70,5,4373.60,9,4373.50,9,4373.40,11,4374.70,5,4374.80,5,4374.90,8,4375.00,16,4375.10,15,4375.20,15,4375.30,15,4375.40,17,4375.50,14,4375.60,16,Buy,7,6,13,1.00,1.00,-5.00,0.40,25.0,4374.50,4374.60,4374.20,4374.60,29,54,83,-25.00,7.00,-25.00,1.50,53.3,-75,189,0.0000,0.0000,-58.00,-85.00,4383.85,-1.0027,DOWN,92.15,0.9007,1.3514
20260901 221807 375,4374.20,1,4374.20,4374.50,0.30,4374.20,2,4374.10,4,4374.00,14,4373.90,6,4373.80,7,4373.70,5,4373.60,9,4373.50,9,4373.40,11,4373.30,8,4374.50,2,4374.60,3,4374.70,5,4374.80,5,4374.90,9,4375.00,16,4375.10,15,4375.20,15,4375.30,15,4375.40,17,Sell,7,7,14,0.00,1.00,-5.00,0.40,75.0,4374.50,4374.60,4374.20,4374.20,29,54,83,-25.00,7.00,-25.00,1.50,53.3,-75,189,0.0000,1.0000,-59.00,-86.00,4383.81,-1.0154,DOWN,92.15,0.9007,1.3514
20260901 221807 915,4374.20,1,4374.20,4374.50,0.30,4374.20,4,4374.10,4,4374.00,14,4373.90,6,4373.80,7,4373.70,5,4373.60,9,4373.50,9,4373.40,11,4373.30,8,4374.50,3,4374.60,3,4374.70,6,4374.80,5,4374.90,8,4375.00,16,4375.10,15,4375.20,15,4375.30,15,4375.40,17,Sell,7,8,15,-1.00,1.00,-5.00,0.40,75.0,4374.50,4374.60,4374.20,4374.20,29,54,83,-25.00,7.00,-25.00,1.50,53.3,-75,189,0.0000,4.0000,-60.00,-87.00,4383.81,-1.0154,DOWN,92.15,0.9007,1.3514
20260901 221807 915,4374.20,1,4374.20,4374.50,0.30,4374.20,4,4374.10,4,4374.00,14,4373.90,6,4373.80,7,4373.70,5,4373.60,9,4373.50,9,4373.40,11,4373.30,8,4374.50,3,4374.60,3,4374.70,6,4374.80,5,4374.90,8,4375.00,16,4375.10,15,4375.20,15,4375.30,15,4375.40,17,Sell,7,9,16,-2.00,1.00,-5.00,0.40,75.0,4374.50,4374.60,4374.20,4374.20,29,54,83,-25.00,7.00,-25.00,1.50,53.3,-75,189,0.0000,1.5000,-61.00,-88.00,4383.81,-1.0154,DOWN,92.15,0.9007,1.3514
20260901 221811 937,4374.20,1,4374.20,4374.50,0.30,4374.20,3,4374.10,4,4374.00,14,4373.90,6,4373.80,7,4373.70,5,4373.60,9,4373.50,9,4373.40,11,4373.30,8,4374.50,2,4374.60,4,4374.70,6,4374.80,5,4374.90,9,4375.00,16,4375.10,15,4375.20,15,4375.30,15,4375.40,17,Sell,7,10,17,-3.00,1.00,-5.00,0.40,75.0,4374.50,4374.60,4374.20,4374.20,29,54,83,-25.00,7.00,-25.00,1.50,53.3,-75,189,0.0000,0.6667,-62.00,-89.00,4383.81,-1.0154,DOWN,92.15,0.9007,1.3514
20260901 221812 865,4374.20,1,4374.20,4374.50,0.30,4374.20,3,4374.10,4,4374.00,14,4373.90,6,4373.80,7,4373.70,6,4373.60,9,4373.50,9,4373.40,11,4373.30,8,4374.50,2,4374.60,4,4374.70,6,4374.80,5,4374.90,8,4375.00,16,4375.10,15,4375.20,15,4375.30,15,4375.40,17,Sell,7,11,18,-4.00,1.00,-5.00,0.40,75.0,4374.50,4374.60,4374.20,4374.20,29,54,83,-25.00,7.00,-25.00,1.50,53.3,-75,189,0.0000,0.2500,-63.00,-90.00,4383.81,-1.0154,DOWN,92.15,0.9007,1.3514
20260901 221813 500,4374.20,1,4374.20,4374.40,0.20,4374.20,1,4374.10,3,4374.00,14,4373.90,6,4373.80,7,4373.70,5,4373.60,9,4373.50,9,4373.40,11,4373.30,8,4374.40,2,4374.50,2,4374.60,5,4374.70,6,4374.80,6,4374.90,8,4375.00,6,4375.10,15,4375.20,15,4375.30,15,Sell,7,12,19,-5.00,1.00,-5.00,0.40,75.0,4374.50,4374.60,4374.20,4374.20,29,54,83,-25.00,7.00,-25.00,1.50,53.3,-75,189,0.0000,0.0000,-64.00,-91.00,4383.81,-1.0154,DOWN,92.15,0.9007,1.3514
20260901 221813 858,4374.20,1,4374.10,4374.40,0.30,4374.10,3,4374.00,13,4373.90,6,4373.80,7,4373.70,5,4373.60,9,4373.50,9,4373.40,11,4373.30,8,4373.20,9,4374.40,3,4374.50,2,4374.60,5,4374.70,6,4374.80,6,4374.90,8,4375.00,16,4375.10,15,4375.20,15,4375.30,15,Sell,7,13,20,-6.00,1.00,-6.00,0.40,75.0,4374.50,4374.60,4374.20,4374.20,29,54,83,-25.00,7.00,-25.00,1.50,53.3,-75,189,0.0000,0.0000,-65.00,-92.00,4383.81,-1.0154,DOWN,92.15,0.9007,1.3514
20260901 221814 946,4374.40,1,4374.20,4374.40,0.20,4374.20,3,4374.10,3,4374.00,13,4373.90,6,4373.80,7,4373.70,5,4373.60,9,4373.50,9,4373.40,11,4373.30,8,4374.40,2,4374.50,2,4374.60,5,4374.70,6,4374.80,5,4374.90,8,4375.00,16,4375.10,15,4375.20,15,4375.30,15,Buy,8,13,21,-5.00,1.00,-6.00,0.40,25.0,4374.50,4374.60,4374.20,4374.40,29,54,83,-25.00,7.00,-25.00,1.50,53.3,-75,189,0.0000,0.2000,-64.00,-91.00,4383.83,-1.0091,DOWN,92.15,0.9007,1.3514
20260901 221815 583,4374.30,1,4374.30,4374.60,0.30,4374.30,4,4374.20,2,4374.10,3,4374.00,13,4373.90,7,4373.80,7,4373.70,5,4373.60,9,4373.50,9,4373.40,11,4374.60,4,4374.70,6,4374.80,5,4374.90,8,4375.00,16,4375.10,15,4375.20,15,4375.30,15,4375.40,17,4375.50,14,Sell,8,14,22,-6.00,1.00,-6.00,0.40,50.0,4374.50,4374.60,4374.20,4374.30,29,54,83,-25.00,7.00,-25.00,1.50,53.3,-75,189,0.0000,0.0000,-65.00,-92.00,4383.82,-1.0123,DOWN,92.15,0.9007,1.3514
20260901 221816 393,4374.30,1,4374.30,4374.60,0.30,4374.30,3,4374.20,3,4374.10,3,4374.00,13,4373.90,6,4373.80,7,4373.70,5,4373.60,9,4373.50,9,4373.40,11,4374.60,4,4374.70,6,4374.80,6,4374.90,8,4375.00,16,4375.10,15,4375.20,15,4375.30,15,4375.40,17,4375.50,15,Sell,8,15,23,-7.00,1.00,-7.00,0.40,50.0,4374.50,4374.60,4374.20,4374.30,29,54,83,-25.00,7.00,-25.00,1.50,53.3,-75,189,0.0000,0.0000,-66.00,-93.00,4383.82,-1.0123,DOWN,92.15,0.9007,1.3514
20260901 221821 945,4374.40,1,4374.30,4374.60,0.30,4374.30,2,4374.20,3,4374.10,4,4374.00,14,4373.90,6,4373.80,7,4373.70,11,4373.60,9,4373.50,9,4373.40,11,4374.60,4,4374.70,6,4374.80,6,4374.90,8,4375.00,16,4375.10,16,4375.20,15,4375.30,15,4375.40,17,4375.50,15,Sell,8,16,24,-8.00,1.00,-8.00,0.40,25.0,4374.50,4374.60,4374.20,4374.40,29,54,83,-25.00,7.00,-25.00,1.50,53.3,-75,189,0.0000,0.0000,-67.00,-94.00,4383.83,-1.0091,DOWN,92.15,0.9007,1.3514
20260901 221822 102,4374.30,1,4374.30,4374.60,0.30,4374.30,3,4374.20,3,4374.10,4,4374.00,15,4373.90,6,4373.80,7,4373.70,11,4373.60,9,4373.50,9,4373.40,11,4374.60,4,4374.70,6,4374.80,6,4374.90,8,4375.00,16,4375.10,15,4375.20,15,4375.30,15,4375.40,17,4375.50,15,Sell,8,17,25,-9.00,1.00,-9.00,0.40,50.0,4374.50,4374.60,4374.20,4374.30,29,54,83,-25.00,7.00,-25.00,1.50,53.3,-75,189,0.0000,0.0000,-68.00,-95.00,4383.82,-1.0123,DOWN,92.15,0.9007,1.3514
20260901 221822 897,4374.30,1,4374.30,4374.60,0.30,4374.30,2,4374.20,3,4374.10,4,4374.00,14,4373.90,7,4373.80,7,4373.70,10,4373.60,10,4373.50,9,4373.40,11,4374.60,4,4374.70,6,4374.80,6,4374.90,8,4375.00,16,4375.10,15,4375.20,15,4375.30,15,4375.40,17,4375.50,15,Sell,8,18,26,-10.00,1.00,-10.00,0.40,50.0,4374.50,4374.60,4374.20,4374.30,29,54,83,-25.00,7.00,-25.00,1.50,53.3,-75,189,0.0000,0.0000,-69.00,-96.00,4383.82,-1.0123,DOWN,92.15,0.9007,1.3514
20260901 221832 255,4374.50,1,4374.50,4374.60,0.10,4374.30,11,4374.20,3,4374.10,3,4374.00,6,4373.90,6,4373.80,7,4373.70,10,4373.60,10,4373.50,9,4373.40,11,4374.50,1,4374.60,3,4374.70,5,4374.80,6,4374.90,8,4375.00,17,4375.10,16,4375.20,16,4375.30,15,4375.40,17,Sell,8,19,27,-11.00,1.00,-11.00,0.40,0.0,4374.50,4374.60,4374.20,4374.50,29,54,83,-25.00,7.00,-25.00,1.50,53.3,-75,189,0.0000,0.0000,-70.00,-97.00,4383.84,-1.0059,DOWN,92.15,0.9007,1.3514
20260901 221834 655,4374.50,1,4374.30,4374.50,0.20,4374.30,10,4374.20,3,4374.10,3,4374.00,6,4373.90,6,4373.80,7,4373.70,10,4373.60,10,4373.50,9,4373.40,12,4374.50,1,4374.60,3,4374.70,5,4374.80,9,4374.90,8,4375.00,17,4375.10,16,4375.20,16,4375.30,15,4375.40,17,Buy,9,19,28,-10.00,1.00,-11.00,0.40,0.0,4374.50,4374.60,4374.20,4374.50,29,54,83,-25.00,7.00,-25.00,1.50,53.3,-75,189,0.0000,0.1000,-69.00,-96.00,4383.84,-1.0059,DOWN,92.15,0.9007,1.3514
20260901 221839 982,4374.50,1,4374.30,4374.50,0.20,4374.30,9,4374.20,3,4374.10,3,4374.00,7,4373.90,6,4373.80,7,4373.70,10,4373.60,10,4373.50,9,4373.40,11,4374.60,3,4374.70,5,4374.80,9,4374.90,8,4375.00,17,4375.10,15,4375.20,16,4375.30,15,4375.40,17,4375.50,16,Buy,10,19,29,-9.00,1.00,-11.00,0.40,0.0,4374.50,4374.60,4374.20,4374.50,29,54,83,-25.00,7.00,-25.00,1.50,53.3,-75,189,0.0000,0.2222,-68.00,-95.00,4383.84,-1.0059,DOWN,92.15,0.9007,1.3514
20260901 221841 876,4374.30,1,4374.30,4374.50,0.20,4374.30,7,4374.20,2,4374.10,3,4374.00,6,4373.90,6,4373.80,7,4373.70,10,4373.60,10,4373.50,9,4373.40,11,4374.50,3,4374.60,4,4374.70,4,4374.80,9,4374.90,9,4375.00,17,4375.10,15,4375.20,16,4375.30,15,4375.40,17,Sell,10,20,30,-10.00,1.00,-11.00,0.40,50.0,4374.50,4374.60,4374.20,4374.30,29,54,83,-25.00,7.00,-25.00,1.50,53.3,-75,189,0.0000,0.1000,-69.00,-96.00,4383.82,-1.0123,DOWN,92.15,0.9007,1.3514
20260901 221845 324,4374.30,7,4374.20,4374.40,0.20,4374.20,2,4374.10,3,4374.00,6,4373.90,6,4373.80,7,4373.70,10,4373.60,9,4373.50,10,4373.40,11,4373.30,8,4374.50,3,4374.60,4,4374.70,4,4374.80,9,4374.90,9,4375.00,17,4375.10,15,4375.20,16,4375.30,15,4375.40,17,Sell,10,27,37,-17.00,1.00,-17.00,0.40,50.0,4374.50,4374.60,4374.20,4374.30,29,54,83,-25.00,7.00,-25.00,1.50,53.3,-75,189,0.0000,0.0000,-76.00,-103.00,4383.82,-1.0123,DOWN,92.15,0.9007,1.3514
20260901 221845 326,4374.20,1,4374.20,4374.40,0.20,4374.20,2,4374.10,3,4374.00,6,4373.90,6,4373.80,7,4373.70,10,4373.60,9,4373.50,10,4373.40,11,4373.30,8,4374.50,3,4374.60,4,4374.70,4,4374.80,9,4374.90,9,4375.00,17,4375.10,15,4375.20,16,4375.30,15,4375.40,17,Sell,10,28,38,-18.00,1.00,-18.00,0.40,75.0,4374.50,4374.60,4374.20,4374.20,29,54,83,-25.00,7.00,-25.00,1.50,53.3,-75,189,0.0000,0.0000,-77.00,-104.00,4383.81,-1.0154,DOWN,92.15,0.9007,1.3514
20260901 221845 332,4374.00,1,4374.10,4374.40,0.30,4374.10,2,4374.00,4,4373.90,4,4373.80,6,4373.70,2,4373.60,6,4373.50,11,4373.40,12,4373.30,8,4373.20,10,4374.40,4,4374.50,4,4374.60,7,4374.70,6,4374.80,9,4374.90,7,4375.00,18,4375.10,15,4375.20,16,4375.30,14,Sell,10,29,39,-19.00,1.00,-19.00,0.60,83.3,4374.50,4374.60,4374.00,4374.00,29,54,83,-25.00,7.00,-25.00,1.50,53.3,-75,189,0.0000,0.0000,-78.00,-105.00,4383.79,-1.0218,DOWN,92.15,0.9007,1.3657
20260901 221845 332,4374.00,1,4374.10,4374.40,0.30,4374.10,2,4374.00,4,4373.90,4,4373.80,6,4373.70,2,4373.60,6,4373.50,11,4373.40,12,4373.30,8,4373.20,10,4374.40,4,4374.50,4,4374.60,7,4374.70,6,4374.80,9,4374.90,7,4375.00,18,4375.10,15,4375.20,16,4375.30,14,Sell,10,30,40,-20.00,1.00,-20.00,0.60,83.3,4374.50,4374.60,4374.00,4374.00,29,54,83,-25.00,7.00,-25.00,1.50,53.3,-75,189,0.0000,0.0000,-79.00,-106.00,4383.79,-1.0218,DOWN,92.15,0.9007,1.3657
20260901 221845 332,4374.00,1,4374.10,4374.40,0.30,4374.10,2,4374.00,4,4373.90,4,4373.80,6,4373.70,2,4373.60,6,4373.50,11,4373.40,12,4373.30,8,4373.20,10,4374.40,4,4374.50,4,4374.60,7,4374.70,6,4374.80,9,4374.90,7,4375.00,18,4375.10,15,4375.20,16,4375.30,14,Sell,10,31,41,-21.00,1.00,-21.00,0.60,83.3,4374.50,4374.60,4374.00,4374.00,29,54,83,-25.00,7.00,-25.00,1.50,53.3,-75,189,0.0000,0.0000,-80.00,-107.00,4383.79,-1.0218,DOWN,92.15,0.9007,1.3657
20260901 221845 332,4373.90,1,4374.10,4374.40,0.30,4374.10,2,4374.00,4,4373.90,4,4373.80,6,4373.70,2,4373.60,6,4373.50,11,4373.40,12,4373.30,8,4373.20,10,4374.40,4,4374.50,4,4374.60,7,4374.70,6,4374.80,9,4374.90,7,4375.00,18,4375.10,15,4375.20,16,4375.30,14,Sell,10,32,42,-22.00,1.00,-22.00,0.70,85.7,4374.50,4374.60,4373.90,4373.90,29,54,83,-25.00,7.00,-25.00,1.50,53.3,-75,189,0.0000,0.0000,-81.00,-108.00,4383.78,-1.0249,DOWN,92.15,0.9007,1.3728
20260901 221845 332,4373.90,1,4374.10,4374.40,0.30,4374.10,2,4374.00,4,4373.90,4,4373.80,6,4373.70,2,4373.60,6,4373.50,11,4373.40,12,4373.30,8,4373.20,10,4374.40,4,4374.50,4,4374.60,7,4374.70,6,4374.80,9,4374.90,7,4375.00,18,4375.10,15,4375.20,16,4375.30,14,Sell,10,33,43,-23.00,1.00,-23.00,0.70,85.7,4374.50,4374.60,4373.90,4373.90,29,54,83,-25.00,7.00,-25.00,1.50,53.3,-75,189,0.0000,0.0000,-82.00,-109.00,4383.78,-1.0249,DOWN,92.15,0.9007,1.3728
20260901 221845 332,4373.80,1,4374.10,4374.40,0.30,4374.10,2,4374.00,4,4373.90,4,4373.80,6,4373.70,2,4373.60,6,4373.50,11,4373.40,12,4373.30,8,4373.20,10,4374.40,4,4374.50,4,4374.60,7,4374.70,6,4374.80,9,4374.90,7,4375.00,18,4375.10,15,4375.20,16,4375.30,14,Sell,10,34,44,-24.00,1.00,-24.00,0.80,87.5,4374.50,4374.60,4373.80,4373.80,29,54,83,-25.00,7.00,-25.00,1.50,53.3,-75,189,0.0000,0.0000,-83.00,-110.00,4383.77,-1.0281,DOWN,92.15,0.9007,1.3800
20260901 221845 332,4373.80,1,4374.10,4374.40,0.30,4374.10,2,4374.00,4,4373.90,4,4373.80,6,4373.70,2,4373.60,6,4373.50,11,4373.40,12,4373.30,8,4373.20,10,4374.40,4,4374.50,4,4374.60,7,4374.70,6,4374.80,9,4374.90,7,4375.00,18,4375.10,15,4375.20,16,4375.30,14,Sell,10,35,45,-25.00,1.00,-25.00,0.80,87.5,4374.50,4374.60,4373.80,4373.80,29,54,83,-25.00,7.00,-25.00,1.50,53.3,-75,189,0.0000,0.0000,-84.00,-111.00,4383.77,-1.0281,DOWN,92.15,0.9007,1.3800
20260901 221845 332,4373.80,1,4374.10,4374.40,0.30,4374.10,2,4374.00,4,4373.90,4,4373.80,6,4373.70,2,4373.60,6,4373.50,11,4373.40,12,4373.30,8,4373.20,10,4374.40,4,4374.50,4,4374.60,7,4374.70,6,4374.80,9,4374.90,7,4375.00,18,4375.10,15,4375.20,16,4375.30,14,Sell,10,36,46,-26.00,1.00,-26.00,0.80,87.5,4374.50,4374.60,4373.80,4373.80,29,54,83,-25.00,7.00,-25.00,1.50,53.3,-75,189,0.0000,0.0000,-85.00,-112.00,4383.77,-1.0281,DOWN,92.15,0.9007,1.3800
20260901 221845 335,4374.10,1,4374.10,4374.40,0.30,4374.10,2,4374.00,4,4373.90,4,4373.80,6,4373.70,2,4373.60,6,4373.50,11,4373.40,12,4373.30,8,4373.20,10,4374.40,4,4374.50,4,4374.60,7,4374.70,6,4374.80,9,4374.90,7,4375.00,18,4375.10,15,4375.20,16,4375.30,14,Buy,11,36,47,-25.00,1.00,-26.00,0.80,50.0,4374.50,4374.60,4373.80,4374.10,29,54,83,-25.00,7.00,-25.00,1.50,53.3,-75,189,0.0000,0.0400,-84.00,-111.00,4383.80,-1.0186,DOWN,92.15,0.9007,1.3800
20260901 221845 337,4374.00,1,4374.10,4374.40,0.30,4374.10,2,4374.00,4,4373.90,4,4373.80,6,4373.70,2,4373.60,6,4373.50,11,4373.40,12,4373.30,8,4373.20,10,4374.40,4,4374.50,4,4374.60,7,4374.70,6,4374.80,9,4374.90,7,4375.00,18,4375.10,15,4375.20,16,4375.30,14,Buy,12,36,48,-24.00,1.00,-26.00,0.80,62.5,4374.50,4374.60,4373.80,4374.00,29,54,83,-25.00,7.00,-25.00,1.50,53.3,-75,189,0.0000,0.0833,-83.00,-110.00,4383.79,-1.0218,DOWN,92.15,0.9007,1.3800
20260901 221845 337,4374.00,5,4374.10,4374.40,0.30,4374.10,2,4374.00,4,4373.90,4,4373.80,6,4373.70,2,4373.60,6,4373.50,11,4373.40,12,4373.30,8,4373.20,10,4374.40,4,4374.50,4,4374.60,7,4374.70,6,4374.80,9,4374.90,7,4375.00,18,4375.10,15,4375.20,16,4375.30,14,Buy,17,36,53,-19.00,1.00,-26.00,0.80,62.5,4374.50,4374.60,4373.80,4374.00,29,54,83,-25.00,7.00,-25.00,1.50,53.3,-75,189,0.0000,0.3684,-78.00,-105.00,4383.79,-1.0218,DOWN,92.15,0.9007,1.3800
20260901 221845 337,4374.10,1,4374.10,4374.40,0.30,4374.10,2,4374.00,4,4373.90,4,4373.80,6,4373.70,2,4373.60,6,4373.50,11,4373.40,12,4373.30,8,4373.20,10,4374.40,4,4374.50,4,4374.60,7,4374.70,6,4374.80,9,4374.90,7,4375.00,18,4375.10,15,4375.20,16,4375.30,14,Buy,18,36,54,-18.00,1.00,-26.00,0.80,50.0,4374.50,4374.60,4373.80,4374.10,29,54,83,-25.00,7.00,-25.00,1.50,53.3,-75,189,0.0000,0.4444,-77.00,-104.00,4383.80,-1.0186,DOWN,92.15,0.9007,1.3800
20260901 221845 337,4374.10,1,4374.10,4374.40,0.30,4374.10,2,4374.00,4,4373.90,4,4373.80,6,4373.70,2,4373.60,6,4373.50,11,4373.40,12,4373.30,8,4373.20,10,4374.40,4,4374.50,4,4374.60,7,4374.70,6,4374.80,9,4374.90,7,4375.00,18,4375.10,15,4375.20,16,4375.30,14,Buy,19,36,55,-17.00,1.00,-26.00,0.80,50.0,4374.50,4374.60,4373.80,4374.10,29,54,83,-25.00,7.00,-25.00,1.50,53.3,-75,189,0.0000,0.5294,-76.00,-103.00,4383.80,-1.0186,DOWN,92.15,0.9007,1.3800
20260901 221845 341,4374.20,1,4374.10,4374.40,0.30,4374.10,2,4374.00,4,4373.90,4,4373.80,6,4373.70,2,4373.60,6,4373.50,11,4373.40,12,4373.30,8,4373.20,10,4374.40,4,4374.50,4,4374.60,7,4374.70,6,4374.80,9,4374.90,7,4375.00,18,4375.10,15,4375.20,16,4375.30,14,Buy,20,36,56,-16.00,1.00,-26.00,0.80,37.5,4374.50,4374.60,4373.80,4374.20,29,54,83,-25.00,7.00,-25.00,1.50,53.3,-75,189,0.0000,0.6250,-75.00,-102.00,4383.81,-1.0154,DOWN,92.15,0.9007,1.3800
20260901 221845 341,4374.20,1,4374.10,4374.40,0.30,4374.10,2,4374.00,4,4373.90,4,4373.80,6,4373.70,2,4373.60,6,4373.50,11,4373.40,12,4373.30,8,4373.20,10,4374.40,4,4374.50,4,4374.60,7,4374.70,6,4374.80,9,4374.90,7,4375.00,18,4375.10,15,4375.20,16,4375.30,14,Buy,21,36,57,-15.00,1.00,-26.00,0.80,37.5,4374.50,4374.60,4373.80,4374.20,29,54,83,-25.00,7.00,-25.00,1.50,53.3,-75,189,0.0000,0.7333,-74.00,-101.00,4383.81,-1.0154,DOWN,92.15,0.9007,1.3800
20260901 221845 341,4374.20,1,4374.10,4374.40,0.30,4374.10,2,4374.00,4,4373.90,4,4373.80,6,4373.70,2,4373.60,6,4373.50,11,4373.40,12,4373.30,8,4373.20,10,4374.40,4,4374.50,4,4374.60,7,4374.70,6,4374.80,9,4374.90,7,4375.00,18,4375.10,15,4375.20,16,4375.30,14,Buy,22,36,58,-14.00,1.00,-26.00,0.80,37.5,4374.50,4374.60,4373.80,4374.20,29,54,83,-25.00,7.00,-25.00,1.50,53.3,-75,189,0.0000,0.8571,-73.00,-100.00,4383.81,-1.0154,DOWN,92.15,0.9007,1.3800
20260901 221845 341,4374.20,1,4374.10,4374.40,0.30,4374.10,2,4374.00,4,4373.90,4,4373.80,6,4373.70,2,4373.60,6,4373.50,11,4373.40,12,4373.30,8,4373.20,10,4374.40,4,4374.50,4,4374.60,7,4374.70,6,4374.80,9,4374.90,7,4375.00,18,4375.10,15,4375.20,16,4375.30,14,Buy,23,36,59,-13.00,1.00,-26.00,0.80,37.5,4374.50,4374.60,4373.80,4374.20,29,54,83,-25.00,7.00,-25.00,1.50,53.3,-75,189,0.0000,1.0000,-72.00,-99.00,4383.81,-1.0154,DOWN,92.15,0.9007,1.3800
20260901 221845 341,4374.30,1,4374.10,4374.40,0.30,4374.10,2,4374.00,4,4373.90,4,4373.80,6,4373.70,2,4373.60,6,4373.50,11,4373.40,12,4373.30,8,4373.20,10,4374.40,4,4374.50,4,4374.60,7,4374.70,6,4374.80,9,4374.90,7,4375.00,18,4375.10,15,4375.20,16,4375.30,14,Buy,24,36,60,-12.00,1.00,-26.00,0.80,25.0,4374.50,4374.60,4373.80,4374.30,29,54,83,-25.00,7.00,-25.00,1.50,53.3,-75,189,0.0000,1.1667,-71.00,-98.00,4383.82,-1.0123,DOWN,92.15,0.9007,1.3800
20260901 221845 341,4374.30,1,4374.10,4374.40,0.30,4374.10,2,4374.00,4,4373.90,4,4373.80,6,4373.70,2,4373.60,6,4373.50,11,4373.40,12,4373.30,8,4373.20,10,4374.40,4,4374.50,4,4374.60,7,4374.70,6,4374.80,9,4374.90,7,4375.00,18,4375.10,15,4375.20,16,4375.30,14,Buy,25,36,61,-11.00,1.00,-26.00,0.80,25.0,4374.50,4374.60,4373.80,4374.30,29,54,83,-25.00,7.00,-25.00,1.50,53.3,-75,189,0.0000,1.3636,-70.00,-97.00,4383.82,-1.0123,DOWN,92.15,0.9007,1.3800
20260901 221845 341,4374.30,1,4374.10,4374.40,0.30,4374.10,2,4374.00,4,4373.90,4,4373.80,6,4373.70,2,4373.60,6,4373.50,11,4373.40,12,4373.30,8,4373.20,10,4374.40,4,4374.50,4,4374.60,7,4374.70,6,4374.80,9,4374.90,7,4375.00,18,4375.10,15,4375.20,16,4375.30,14,Buy,26,36,62,-10.00,1.00,-26.00,0.80,25.0,4374.50,4374.60,4373.80,4374.30,29,54,83,-25.00,7.00,-25.00,1.50,53.3,-75,189,0.0000,1.6000,-69.00,-96.00,4383.82,-1.0123,DOWN,92.15,0.9007,1.3800
20260901 221845 341,4374.30,1,4374.10,4374.40,0.30,4374.10,2,4374.00,4,4373.90,4,4373.80,6,4373.70,2,4373.60,6,4373.50,11,4373.40,12,4373.30,8,4373.20,10,4374.40,4,4374.50,4,4374.60,7,4374.70,6,4374.80,9,4374.90,7,4375.00,18,4375.10,15,4375.20,16,4375.30,14,Buy,27,36,63,-9.00,1.00,-26.00,0.80,25.0,4374.50,4374.60,4373.80,4374.30,29,54,83,-25.00,7.00,-25.00,1.50,53.3,-75,189,0.0000,1.8889,-68.00,-95.00,4383.82,-1.0123,DOWN,92.15,0.9007,1.3800
20260901 221845 344,4374.00,1,4374.10,4374.40,0.30,4374.10,2,4374.00,4,4373.90,4,4373.80,6,4373.70,2,4373.60,6,4373.50,11,4373.40,12,4373.30,8,4373.20,10,4374.40,4,4374.50,4,4374.60,7,4374.70,6,4374.80,9,4374.90,7,4375.00,18,4375.10,15,4375.20,16,4375.30,14,Sell,27,37,64,-10.00,1.00,-26.00,0.80,62.5,4374.50,4374.60,4373.80,4374.00,29,54,83,-25.00,7.00,-25.00,1.50,53.3,-75,189,0.0000,1.6000,-69.00,-96.00,4383.79,-1.0218,DOWN,92.15,0.9007,1.3800
20260901 221845 344,4374.00,1,4374.10,4374.40,0.30,4374.10,2,4374.00,4,4373.90,4,4373.80,6,4373.70,2,4373.60,6,4373.50,11,4373.40,12,4373.30,8,4373.20,10,4374.40,4,4374.50,4,4374.60,7,4374.70,6,4374.80,9,4374.90,7,4375.00,18,4375.10,15,4375.20,16,4375.30,14,Sell,27,38,65,-11.00,1.00,-26.00,0.80,62.5,4374.50,4374.60,4373.80,4374.00,29,54,83,-25.00,7.00,-25.00,1.50,53.3,-75,189,0.0000,1.3636,-70.00,-97.00,4383.79,-1.0218,DOWN,92.15,0.9007,1.3800
20260901 221850 334,4374.10,1,4374.10,4374.30,0.20,4374.10,4,4374.00,4,4373.90,4,4373.80,6,4373.70,2,4373.60,7,4373.50,11,4373.40,12,4373.30,8,4373.20,9,4374.30,1,4374.40,4,4374.50,4,4374.60,7,4374.70,6,4374.80,9,4374.90,7,4375.00,17,4375.10,15,4375.20,16,Sell,27,39,66,-12.00,1.00,-26.00,0.80,50.0,4374.50,4374.60,4373.80,4374.10,29,54,83,-25.00,7.00,-25.00,1.50,53.3,-75,189,0.0000,1.1667,-71.00,-98.00,4383.80,-1.0186,DOWN,92.15,0.9007,1.3800
20260901 221851 085,4374.30,1,4374.20,4374.40,0.20,4374.20,3,4374.10,3,4374.00,4,4373.90,4,4373.80,7,4373.70,2,4373.60,12,4373.50,11,4373.40,12,4373.30,8,4374.40,2,4374.50,3,4374.60,7,4374.70,6,4374.80,9,4374.90,7,4375.00,17,4375.10,15,4375.20,16,4375.30,14,Buy,28,39,67,-11.00,1.00,-26.00,0.80,25.0,4374.50,4374.60,4373.80,4374.30,29,54,83,-25.00,7.00,-25.00,1.50,53.3,-75,189,0.0000,1.3636,-70.00,-97.00,4383.82,-1.0123,DOWN,92.15,0.9007,1.3800
20260901 221851 911,4374.40,1,4374.30,4374.60,0.30,4374.30,3,4374.20,2,4374.10,3,4374.00,5,4373.90,4,4373.80,8,4373.70,8,4373.60,12,4373.50,11,4373.40,12,4374.60,4,4374.70,6,4374.80,9,4374.90,7,4375.00,17,4375.10,15,4375.20,16,4375.30,14,4375.40,16,4375.50,15,Buy,29,39,68,-10.00,1.00,-26.00,0.80,12.5,4374.50,4374.60,4373.80,4374.40,29,54,83,-25.00,7.00,-25.00,1.50,53.3,-75,189,0.0000,1.6000,-69.00,-96.00,4383.83,-1.0091,DOWN,92.15,0.9007,1.3800
20260901 221851 911,4374.40,1,4374.30,4374.60,0.30,4374.30,3,4374.20,2,4374.10,3,4374.00,5,4373.90,4,4373.80,8,4373.70,8,4373.60,12,4373.50,11,4373.40,12,4374.60,4,4374.70,6,4374.80,9,4374.90,7,4375.00,17,4375.10,15,4375.20,16,4375.30,14,4375.40,16,4375.50,15,Buy,30,39,69,-9.00,1.00,-26.00,0.80,12.5,4374.50,4374.60,4373.80,4374.40,29,54,83,-25.00,7.00,-25.00,1.50,53.3,-75,189,0.0000,1.8889,-68.00,-95.00,4383.83,-1.0091,DOWN,92.15,0.9007,1.3800
20260901 221852 210,4374.40,1,4374.30,4374.60,0.30,4374.30,4,4374.20,5,4374.10,3,4374.00,7,4373.90,5,4373.80,7,4373.70,8,4373.60,12,4373.50,11,4373.40,12,4374.60,2,4374.70,3,4374.80,9,4374.90,7,4375.00,7,4375.10,15,4375.20,16,4375.30,14,4375.40,16,4375.50,15,Sell,30,40,70,-10.00,1.00,-26.00,0.80,12.5,4374.50,4374.60,4373.80,4374.40,29,54,83,-25.00,7.00,-25.00,1.50,53.3,-75,189,0.0000,1.6000,-69.00,-96.00,4383.83,-1.0091,DOWN,92.15,0.9007,1.3800
20260901 221852 210,4374.30,1,4374.30,4374.60,0.30,4374.30,4,4374.20,5,4374.10,3,4374.00,7,4373.90,5,4373.80,7,4373.70,8,4373.60,12,4373.50,11,4373.40,12,4374.60,2,4374.70,3,4374.80,9,4374.90,7,4375.00,7,4375.10,15,4375.20,16,4375.30,14,4375.40,16,4375.50,15,Sell,30,41,71,-11.00,1.00,-26.00,0.80,25.0,4374.50,4374.60,4373.80,4374.30,29,54,83,-25.00,7.00,-25.00,1.50,53.3,-75,189,0.0000,1.3636,-70.00,-97.00,4383.82,-1.0123,DOWN,92.15,0.9007,1.3800
20260901 221852 210,4374.30,1,4374.30,4374.60,0.30,4374.30,4,4374.20,5,4374.10,3,4374.00,7,4373.90,5,4373.80,7,4373.70,8,4373.60,12,4373.50,11,4373.40,12,4374.60,2,4374.70,3,4374.80,9,4374.90,7,4375.00,7,4375.10,15,4375.20,16,4375.30,14,4375.40,16,4375.50,15,Sell,30,42,72,-12.00,1.00,-26.00,0.80,25.0,4374.50,4374.60,4373.80,4374.30,29,54,83,-25.00,7.00,-25.00,1.50,53.3,-75,189,0.0000,1.1667,-71.00,-98.00,4383.82,-1.0123,DOWN,92.15,0.9007,1.3800
20260901 221852 210,4374.30,1,4374.30,4374.60,0.30,4374.30,4,4374.20,5,4374.10,3,4374.00,7,4373.90,5,4373.80,7,4373.70,8,4373.60,12,4373.50,11,4373.40,12,4374.60,2,4374.70,3,4374.80,9,4374.90,7,4375.00,7,4375.10,15,4375.20,16,4375.30,14,4375.40,16,4375.50,15,Sell,30,43,73,-13.00,1.00,-26.00,0.80,25.0,4374.50,4374.60,4373.80,4374.30,29,54,83,-25.00,7.00,-25.00,1.50,53.3,-75,189,0.0000,1.0000,-72.00,-99.00,4383.82,-1.0123,DOWN,92.15,0.9007,1.3800
20260901 221852 212,4374.50,1,4374.30,4374.60,0.30,4374.30,4,4374.20,5,4374.10,3,4374.00,7,4373.90,5,4373.80,7,4373.70,8,4373.60,12,4373.50,11,4373.40,12,4374.60,2,4374.70,3,4374.80,9,4374.90,7,4375.00,7,4375.10,15,4375.20,16,4375.30,14,4375.40,16,4375.50,15,Buy,31,43,74,-12.00,1.00,-26.00,0.80,0.0,4374.50,4374.60,4373.80,4374.50,29,54,83,-25.00,7.00,-25.00,1.50,53.3,-75,189,0.0000,1.1667,-71.00,-98.00,4383.84,-1.0059,DOWN,92.15,0.9007,1.3800
20260901 221852 699,4374.30,1,4374.30,4374.60,0.30,4374.30,4,4374.20,4,4374.10,2,4374.00,7,4373.90,5,4373.80,7,4373.70,8,4373.60,12,4373.50,11,4373.40,12,4374.60,3,4374.70,3,4374.80,9,4374.90,7,4375.00,7,4375.10,15,4375.20,16,4375.30,14,4375.40,16,4375.50,15,Sell,31,44,75,-13.00,1.00,-26.00,0.80,25.0,4374.50,4374.60,4373.80,4374.30,29,54,83,-25.00,7.00,-25.00,1.50,53.3,-75,189,0.0000,1.0000,-72.00,-99.00,4383.82,-1.0123,DOWN,92.15,0.9007,1.3800
20260901 221852 699,4374.30,1,4374.30,4374.60,0.30,4374.30,4,4374.20,4,4374.10,2,4374.00,7,4373.90,5,4373.80,7,4373.70,8,4373.60,12,4373.50,11,4373.40,12,4374.60,3,4374.70,3,4374.80,9,4374.90,7,4375.00,7,4375.10,15,4375.20,16,4375.30,14,4375.40,16,4375.50,15,Sell,31,45,76,-14.00,1.00,-26.00,0.80,25.0,4374.50,4374.60,4373.80,4374.30,29,54,83,-25.00,7.00,-25.00,1.50,53.3,-75,189,0.0000,0.8571,-73.00,-100.00,4383.82,-1.0123,DOWN,92.15,0.9007,1.3800
20260901 221852 699,4374.30,1,4374.30,4374.60,0.30,4374.30,4,4374.20,4,4374.10,2,4374.00,7,4373.90,5,4373.80,7,4373.70,8,4373.60,12,4373.50,11,4373.40,12,4374.60,3,4374.70,3,4374.80,9,4374.90,7,4375.00,7,4375.10,15,4375.20,16,4375.30,14,4375.40,16,4375.50,15,Sell,31,46,77,-15.00,1.00,-26.00,0.80,25.0,4374.50,4374.60,4373.80,4374.30,29,54,83,-25.00,7.00,-25.00,1.50,53.3,-75,189,0.0000,0.7333,-74.00,-101.00,4383.82,-1.0123,DOWN,92.15,0.9007,1.3800
20260901 221852 699,4374.20,1,4374.30,4374.60,0.30,4374.30,4,4374.20,4,4374.10,2,4374.00,7,4373.90,5,4373.80,7,4373.70,8,4373.60,12,4373.50,11,4373.40,12,4374.60,3,4374.70,3,4374.80,9,4374.90,7,4375.00,7,4375.10,15,4375.20,16,4375.30,14,4375.40,16,4375.50,15,Sell,31,47,78,-16.00,1.00,-26.00,0.80,37.5,4374.50,4374.60,4373.80,4374.20,29,54,83,-25.00,7.00,-25.00,1.50,53.3,-75,189,0.0000,0.6250,-75.00,-102.00,4383.81,-1.0154,DOWN,92.15,0.9007,1.3800
20260901 221852 699,4374.20,1,4374.30,4374.60,0.30,4374.30,4,4374.20,4,4374.10,2,4374.00,7,4373.90,5,4373.80,7,4373.70,8,4373.60,12,4373.50,11,4373.40,12,4374.60,3,4374.70,3,4374.80,9,4374.90,7,4375.00,7,4375.10,15,4375.20,16,4375.30,14,4375.40,16,4375.50,15,Sell,31,48,79,-17.00,1.00,-26.00,0.80,37.5,4374.50,4374.60,4373.80,4374.20,29,54,83,-25.00,7.00,-25.00,1.50,53.3,-75,189,0.0000,0.5294,-76.00,-103.00,4383.81,-1.0154,DOWN,92.15,0.9007,1.3800
20260901 221854 050,4374.30,1,4374.30,4374.60,0.30,4374.30,1,4374.20,5,4374.10,2,4374.00,6,4373.90,5,4373.80,7,4373.70,8,4373.60,13,4373.50,11,4373.40,12,4374.50,2,4374.60,4,4374.70,3,4374.80,9,4374.90,7,4375.00,7,4375.10,15,4375.20,16,4375.30,14,4375.40,16,Sell,31,49,80,-18.00,1.00,-26.00,0.80,25.0,4374.50,4374.60,4373.80,4374.30,29,54,83,-25.00,7.00,-25.00,1.50,53.3,-75,189,0.0000,0.4444,-77.00,-104.00,4383.82,-1.0123,DOWN,92.15,0.9007,1.3800
20260901 221859 704,4374.30,1,4374.30,4374.50,0.20,4374.30,3,4374.20,4,4374.10,2,4374.00,7,4373.90,5,4373.80,7,4373.70,8,4373.60,12,4373.50,11,4373.40,13,4374.50,1,4374.60,5,4374.70,3,4374.80,9,4374.90,7,4375.00,7,4375.10,15,4375.20,16,4375.30,14,4375.40,16,Sell,31,50,81,-19.00,1.00,-26.00,0.80,25.0,4374.50,4374.60,4373.80,4374.30,29,54,83,-25.00,7.00,-25.00,1.50,53.3,-75,189,0.0000,0.3684,-78.00,-105.00,4383.82,-1.0123,DOWN,92.15,0.9007,1.3800
20260901 221859 975,4374.30,1,4374.00,4374.30,0.30,4374.00,4,4373.90,5,4373.80,7,4373.70,2,4373.60,12,4373.50,10,4373.40,13,4373.30,8,4373.20,9,4373.10,7,4374.30,3,4374.40,3,4374.50,4,4374.60,5,4374.70,6,4374.80,9,4374.90,7,4375.00,17,4375.10,15,4375.20,16,Sell,31,51,82,-20.00,1.00,-26.00,0.80,25.0,4374.50,4374.60,4373.80,4374.30,29,54,83,-25.00,7.00,-25.00,1.50,53.3,-75,189,0.0000,0.3000,-79.00,-106.00,4383.82,-1.0123,DOWN,92.15,0.9007,1.3800
20260901 221859 975,4374.30,1,4374.00,4374.30,0.30,4374.00,4,4373.90,5,4373.80,7,4373.70,2,4373.60,12,4373.50,10,4373.40,13,4373.30,8,4373.20,9,4373.10,7,4374.30,3,4374.40,3,4374.50,4,4374.60,5,4374.70,6,4374.80,9,4374.90,7,4375.00,17,4375.10,15,4375.20,16,Sell,31,52,83,-21.00,1.00,-26.00,0.80,25.0,4374.50,4374.60,4373.80,4374.30,29,54,83,-25.00,7.00,-25.00,1.50,53.3,-75,189,0.0000,0.2381,-80.00,-107.00,4383.82,-1.0123,DOWN,92.15,0.9007,1.3800
20260901 221900 614,4373.80,1,4373.70,4373.90,0.20,4373.70,2,4373.60,4,4373.50,3,4373.40,7,4373.30,6,4373.20,10,4373.10,8,4373.00,9,4372.90,8,4372.80,10,4373.90,1,4374.00,4,4374.10,4,4374.20,4,4374.30,7,4374.40,6,4374.50,5,4374.60,17,4374.70,17,4374.80,18,Sell,0,1,1,-1.00,-1.00,-1.00,0.00,0.0,4373.80,4373.80,4373.80,4373.80,31,52,83,-21.00,1.00,-26.00,0.80,25.0,-33,141,0.2381,0.0000,-71.00,-115.00,4383.77,-1.0281,DOWN,93.50,0.8877,1.3171
20260901 221900 774,4373.90,1,4373.70,4373.90,0.20,4373.70,4,4373.60,4,4373.50,3,4373.40,7,4373.30,6,4373.20,10,4373.10,8,4373.00,9,4372.90,8,4372.80,10,4374.00,3,4374.10,4,4374.20,4,4374.30,7,4374.40,6,4374.50,5,4374.60,17,4374.70,17,4374.80,18,4374.90,17,Buy,1,1,2,0.00,0.00,-1.00,0.10,100.0,4373.80,4373.90,4373.80,4373.90,31,52,83,-21.00,1.00,-26.00,0.80,25.0,-33,141,0.2381,0.0000,-70.00,-114.00,4383.78,-1.0249,DOWN,93.50,0.8877,1.3171
20260901 221900 774,4373.90,1,4373.70,4373.90,0.20,4373.70,4,4373.60,4,4373.50,3,4373.40,7,4373.30,6,4373.20,10,4373.10,8,4373.00,9,4372.90,8,4372.80,10,4374.00,3,4374.10,4,4374.20,4,4374.30,7,4374.40,6,4374.50,5,4374.60,17,4374.70,17,4374.80,18,4374.90,17,Buy,2,1,3,1.00,1.00,-1.00,0.10,100.0,4373.80,4373.90,4373.80,4373.90,31,52,83,-21.00,1.00,-26.00,0.80,25.0,-33,141,0.2381,0.0000,-69.00,-113.00,4383.78,-1.0249,DOWN,93.50,0.8877,1.3171
20260901 221902 753,4373.80,1,4373.80,4374.10,0.30,4373.80,2,4373.70,3,4373.60,4,4373.50,3,4373.40,7,4373.30,6,4373.20,10,4373.10,8,4373.00,9,4372.90,8,4374.00,1,4374.10,3,4374.20,3,4374.30,6,4374.40,6,4374.50,5,4374.60,7,4374.70,17,4374.80,18,4374.90,17,Sell,2,2,4,0.00,1.00,-1.00,0.10,0.0,4373.80,4373.90,4373.80,4373.80,31,52,83,-21.00,1.00,-26.00,0.80,25.0,-33,141,0.2381,1.0000,-70.00,-114.00,4383.77,-1.0281,DOWN,93.50,0.8877,1.3171
20260901 221904 476,4374.10,1,4374.00,4374.30,0.30,4374.00,4,4373.90,6,4373.80,4,4373.70,5,4373.60,5,4373.50,4,4373.40,13,4373.30,12,4373.20,9,4373.10,8,4374.30,4,4374.40,3,4374.50,3,4374.60,7,4374.70,7,4374.80,18,4374.90,17,4375.00,17,4375.10,15,4375.20,16,Buy,3,2,5,1.00,1.00,-1.00,0.30,100.0,4373.80,4374.10,4373.80,4374.10,31,52,83,-21.00,1.00,-26.00,0.80,25.0,-33,141,0.2381,0.0000,-69.00,-113.00,4383.80,-1.0186,DOWN,93.50,0.8877,1.3171
20260901 221904 888,4374.00,1,4374.00,4374.30,0.30,4374.00,3,4373.90,6,4373.80,4,4373.70,5,4373.60,5,4373.50,4,4373.40,13,4373.30,12,4373.20,9,4373.10,8,4374.30,4,4374.40,3,4374.50,3,4374.60,6,4374.70,7,4374.80,18,4374.90,17,4375.00,17,4375.10,15,4375.20,16,Sell,3,3,6,0.00,1.00,-1.00,0.30,66.7,4373.80,4374.10,4373.80,4374.00,31,52,83,-21.00,1.00,-26.00,0.80,25.0,-33,141,0.2381,1.0000,-70.00,-114.00,4383.79,-1.0218,DOWN,93.50,0.8877,1.3171
20260901 221908 190,4373.90,1,4373.70,4374.00,0.30,4373.70,5,4373.60,5,4373.50,5,4373.40,13,4373.30,12,4373.20,9,4373.10,8,4373.00,17,4372.90,8,4372.80,10,4374.00,3,4374.10,4,4374.20,3,4374.30,8,4374.40,4,4374.50,5,4374.60,6,4374.70,16,4374.80,18,4374.90,17,Sell,3,4,7,-1.00,1.00,-1.00,0.30,33.3,4373.80,4374.10,4373.80,4373.90,31,52,83,-21.00,1.00,-26.00,0.80,25.0,-33,141,0.2381,0.0000,-71.00,-115.00,4383.78,-1.0249,DOWN,93.50,0.8877,1.3171
20260901 221908 190,4373.90,1,4373.70,4374.00,0.30,4373.70,5,4373.60,5,4373.50,5,4373.40,13,4373.30,12,4373.20,9,4373.10,8,4373.00,17,4372.90,8,4372.80,10,4374.00,3,4374.10,4,4374.20,3,4374.30,8,4374.40,4,4374.50,5,4374.60,6,4374.70,16,4374.80,18,4374.90,17,Sell,3,5,8,-2.00,1.00,-2.00,0.30,33.3,4373.80,4374.10,4373.80,4373.90,31,52,83,-21.00,1.00,-26.00,0.80,25.0,-33,141,0.2381,0.0000,-72.00,-116.00,4383.78,-1.0249,DOWN,93.50,0.8877,1.3171
20260901 221908 190,4373.80,1,4373.70,4374.00,0.30,4373.70,5,4373.60,5,4373.50,5,4373.40,13,4373.30,12,4373.20,9,4373.10,8,4373.00,17,4372.90,8,4372.80,10,4374.00,3,4374.10,4,4374.20,3,4374.30,8,4374.40,4,4374.50,5,4374.60,6,4374.70,16,4374.80,18,4374.90,17,Sell,3,6,9,-3.00,1.00,-3.00,0.30,0.0,4373.80,4374.10,4373.80,4373.80,31,52,83,-21.00,1.00,-26.00,0.80,25.0,-33,141,0.2381,0.0000,-73.00,-117.00,4383.77,-1.0281,DOWN,93.50,0.8877,1.3171
20260901 221910 152,4373.80,1,4373.80,4374.00,0.20,4373.80,1,4373.70,5,4373.60,4,4373.50,5,4373.40,13,4373.30,12,4373.20,9,4373.10,8,4373.00,17,4372.90,8,4374.00,3,4374.10,3,4374.20,3,4374.30,7,4374.40,3,4374.50,5,4374.60,6,4374.70,16,4374.80,18,4374.90,17,Sell,3,7,10,-4.00,1.00,-4.00,0.30,0.0,4373.80,4374.10,4373.80,4373.80,31,52,83,-21.00,1.00,-26.00,0.80,25.0,-33,141,0.2381,0.0000,-74.00,-118.00,4383.77,-1.0281,DOWN,93.50,0.8877,1.3171
20260901 221910 152,4373.80,1,4373.80,4374.00,0.20,4373.80,1,4373.70,5,4373.60,4,4373.50,5,4373.40,13,4373.30,12,4373.20,9,4373.10,8,4373.00,17,4372.90,8,4374.00,3,4374.10,3,4374.20,3,4374.30,7,4374.40,3,4374.50,5,4374.60,6,4374.70,16,4374.80,18,4374.90,17,Sell,3,8,11,-5.00,1.00,-5.00,0.30,0.0,4373.80,4374.10,4373.80,4373.80,31,52,83,-21.00,1.00,-26.00,0.80,25.0,-33,141,0.2381,0.0000,-75.00,-119.00,4383.77,-1.0281,DOWN,93.50,0.8877,1.3171
20260901 221910 152,4373.80,1,4373.80,4374.00,0.20,4373.80,1,4373.70,5,4373.60,4,4373.50,5,4373.40,13,4373.30,12,4373.20,9,4373.10,8,4373.00,17,4372.90,8,4374.00,3,4374.10,3,4374.20,3,4374.30,7,4374.40,3,4374.50,5,4374.60,6,4374.70,16,4374.80,18,4374.90,17,Sell,3,9,12,-6.00,1.00,-6.00,0.30,0.0,4373.80,4374.10,4373.80,4373.80,31,52,83,-21.00,1.00,-26.00,0.80,25.0,-33,141,0.2381,0.0000,-76.00,-120.00,4383.77,-1.0281,DOWN,93.50,0.8877,1.3171
20260901 221910 152,4373.80,1,4373.80,4374.00,0.20,4373.80,1,4373.70,5,4373.60,4,4373.50,5,4373.40,13,4373.30,12,4373.20,9,4373.10,8,4373.00,17,4372.90,8,4374.00,3,4374.10,3,4374.20,3,4374.30,7,4374.40,3,4374.50,5,4374.60,6,4374.70,16,4374.80,18,4374.90,17,Sell,3,10,13,-7.00,1.00,-7.00,0.30,0.0,4373.80,4374.10,4373.80,4373.80,31,52,83,-21.00,1.00,-26.00,0.80,25.0,-33,141,0.2381,0.0000,-77.00,-121.00,4383.77,-1.0281,DOWN,93.50,0.8877,1.3171
20260901 221910 152,4373.80,1,4373.80,4374.00,0.20,4373.80,1,4373.70,5,4373.60,4,4373.50,5,4373.40,13,4373.30,12,4373.20,9,4373.10,8,4373.00,17,4372.90,8,4374.00,3,4374.10,3,4374.20,3,4374.30,7,4374.40,3,4374.50,5,4374.60,6,4374.70,16,4374.80,18,4374.90,17,Sell,3,11,14,-8.00,1.00,-8.00,0.30,0.0,4373.80,4374.10,4373.80,4373.80,31,52,83,-21.00,1.00,-26.00,0.80,25.0,-33,141,0.2381,0.0000,-78.00,-122.00,4383.77,-1.0281,DOWN,93.50,0.8877,1.3171
20260901 221910 153,4373.80,1,4373.80,4374.00,0.20,4373.80,1,4373.70,5,4373.60,4,4373.50,5,4373.40,13,4373.30,12,4373.20,9,4373.10,8,4373.00,17,4372.90,8,4374.00,3,4374.10,3,4374.20,3,4374.30,7,4374.40,3,4374.50,5,4374.60,6,4374.70,16,4374.80,18,4374.90,17,Buy,4,11,15,-7.00,1.00,-8.00,0.30,0.0,4373.80,4374.10,4373.80,4373.80,31,52,83,-21.00,1.00,-26.00,0.80,25.0,-33,141,0.2381,0.1429,-77.00,-121.00,4383.77,-1.0281,DOWN,93.50,0.8877,1.3171
20260901 221910 153,4373.80,3,4373.80,4374.00,0.20,4373.80,1,4373.70,5,4373.60,4,4373.50,5,4373.40,13,4373.30,12,4373.20,9,4373.10,8,4373.00,17,4372.90,8,4374.00,3,4374.10,3,4374.20,3,4374.30,7,4374.40,3,4374.50,5,4374.60,6,4374.70,16,4374.80,18,4374.90,17,Buy,7,11,18,-4.00,1.00,-8.00,0.30,0.0,4373.80,4374.10,4373.80,4373.80,31,52,83,-21.00,1.00,-26.00,0.80,25.0,-33,141,0.2381,1.0000,-74.00,-118.00,4383.77,-1.0281,DOWN,93.50,0.8877,1.3171
20260901 221913 695,4373.80,1,4373.80,4374.00,0.20,4373.80,2,4373.70,5,4373.60,4,4373.50,5,4373.40,6,4373.30,13,4373.20,9,4373.10,8,4373.00,17,4372.90,8,4374.00,3,4374.10,4,4374.20,3,4374.30,5,4374.40,3,4374.50,5,4374.60,6,4374.70,16,4374.80,18,4374.90,17,Sell,7,12,19,-5.00,1.00,-8.00,0.30,0.0,4373.80,4374.10,4373.80,4373.80,31,52,83,-21.00,1.00,-26.00,0.80,25.0,-33,141,0.2381,0.6000,-75.00,-119.00,4383.77,-1.0281,DOWN,93.50,0.8877,1.3171
20260901 221913 695,4373.80,1,4373.80,4374.00,0.20,4373.80,2,4373.70,5,4373.60,4,4373.50,5,4373.40,6,4373.30,13,4373.20,9,4373.10,8,4373.00,17,4372.90,8,4374.00,3,4374.10,4,4374.20,3,4374.30,5,4374.40,3,4374.50,5,4374.60,6,4374.70,16,4374.80,18,4374.90,17,Sell,7,13,20,-6.00,1.00,-8.00,0.30,0.0,4373.80,4374.10,4373.80,4373.80,31,52,83,-21.00,1.00,-26.00,0.80,25.0,-33,141,0.2381,0.3333,-76.00,-120.00,4383.77,-1.0281,DOWN,93.50,0.8877,1.3171
20260901 221913 696,4373.80,1,4373.80,4374.00,0.20,4373.80,2,4373.70,5,4373.60,4,4373.50,5,4373.40,6,4373.30,13,4373.20,9,4373.10,8,4373.00,17,4372.90,8,4374.00,3,4374.10,4,4374.20,3,4374.30,5,4374.40,3,4374.50,5,4374.60,6,4374.70,16,4374.80,18,4374.90,17,Buy,8,13,21,-5.00,1.00,-8.00,0.30,0.0,4373.80,4374.10,4373.80,4373.80,31,52,83,-21.00,1.00,-26.00,0.80,25.0,-33,141,0.2381,0.6000,-75.00,-119.00,4383.77,-1.0281,DOWN,93.50,0.8877,1.3171
20260901 221913 884,4373.80,2,4373.80,4374.00,0.20,4373.70,5,4373.60,4,4373.50,5,4373.40,6,4373.30,13,4373.20,9,4373.10,8,4373.00,17,4372.90,8,4372.80,10,4374.00,3,4374.10,4,4374.20,3,4374.30,5,4374.40,3,4374.50,5,4374.60,6,4374.70,16,4374.80,18,4374.90,17,Sell,8,15,23,-7.00,1.00,-8.00,0.30,0.0,4373.80,4374.10,4373.80,4373.80,31,52,83,-21.00,1.00,-26.00,0.80,25.0,-33,141,0.2381,0.1429,-77.00,-121.00,4383.77,-1.0281,DOWN,93.50,0.8877,1.3171
20260901 221914 596,4373.70,1,4373.70,4374.00,0.30,4373.70,5,4373.60,4,4373.50,5,4373.40,6,4373.30,13,4373.20,9,4373.10,8,4373.00,17,4372.90,8,4372.80,10,4374.00,2,4374.10,4,4374.20,3,4374.30,5,4374.40,3,4374.50,5,4374.60,6,4374.70,16,4374.80,18,4374.90,17,Sell,8,16,24,-8.00,1.00,-8.00,0.40,25.0,4373.80,4374.10,4373.70,4373.70,31,52,83,-21.00,1.00,-26.00,0.80,25.0,-33,141,0.2381,0.0000,-78.00,-122.00,4383.76,-1.0313,DOWN,93.50,0.8877,1.3242
20260901 221915 454,4374.00,1,4373.80,4374.00,0.20,4373.80,3,4373.70,4,4373.60,4,4373.50,5,4373.40,6,4373.30,13,4373.20,9,4373.10,8,4373.00,17,4372.90,9,4374.00,1,4374.10,4,4374.20,3,4374.30,5,4374.40,3,4374.50,5,4374.60,6,4374.70,16,4374.80,18,4374.90,17,Buy,9,16,25,-7.00,1.00,-8.00,0.40,50.0,4373.80,4374.10,4373.70,4374.00,31,52,83,-21.00,1.00,-26.00,0.80,25.0,-33,141,0.2381,0.1429,-77.00,-121.00,4383.79,-1.0218,DOWN,93.50,0.8877,1.3242
20260901 221915 970,4374.00,1,4373.80,4374.00,0.20,4373.80,3,4373.70,4,4373.60,4,4373.50,5,4373.40,6,4373.30,13,4373.20,9,4373.10,8,4373.00,17,4372.90,8,4374.10,4,4374.20,3,4374.30,5,4374.40,3,4374.50,5,4374.60,6,4374.70,16,4374.80,18,4374.90,17,4375.00,17,Buy,10,16,26,-6.00,1.00,-8.00,0.40,50.0,4373.80,4374.10,4373.70,4374.00,31,52,83,-21.00,1.00,-26.00,0.80,25.0,-33,141,0.2381,0.3333,-76.00,-120.00,4383.79,-1.0218,DOWN,93.50,0.8877,1.3242
20260901 221916 269,4373.80,1,4373.80,4374.00,0.20,4373.80,3,4373.70,4,4373.60,4,4373.50,5,4373.40,6,4373.30,13,4373.20,9,4373.10,8,4373.00,17,4372.90,9,4374.00,1,4374.10,5,4374.20,3,4374.30,5,4374.40,3,4374.50,5,4374.60,6,4374.70,16,4374.80,18,4374.90,17,Sell,10,17,27,-7.00,1.00,-8.00,0.40,0.0,4373.80,4374.10,4373.70,4373.80,31,52,83,-21.00,1.00,-26.00,0.80,25.0,-33,141,0.2381,0.1429,-77.00,-121.00,4383.77,-1.0281,DOWN,93.50,0.8877,1.3242
20260901 221919 821,4373.80,1,4373.80,4374.00,0.20,4373.70,2,4373.60,4,4373.50,5,4373.40,6,4373.30,13,4373.20,9,4373.10,8,4373.00,9,4372.90,8,4372.80,10,4374.00,4,4374.10,5,4374.20,3,4374.30,5,4374.40,4,4374.50,5,4374.60,6,4374.70,16,4374.80,18,4374.90,17,Sell,10,18,28,-8.00,1.00,-8.00,0.40,0.0,4373.80,4374.10,4373.70,4373.80,31,52,83,-21.00,1.00,-26.00,0.80,25.0,-33,141,0.2381,0.0000,-78.00,-122.00,4383.77,-1.0281,DOWN,93.50,0.8877,1.3242
20260901 221919 821,4373.80,1,4373.80,4374.00,0.20,4373.70,2,4373.60,4,4373.50,5,4373.40,6,4373.30,13,4373.20,9,4373.10,8,4373.00,9,4372.90,8,4372.80,10,4374.00,4,4374.10,5,4374.20,3,4374.30,5,4374.40,4,4374.50,5,4374.60,6,4374.70,16,4374.80,18,4374.90,17,Sell,10,19,29,-9.00,1.00,-9.00,0.40,0.0,4373.80,4374.10,4373.70,4373.80,31,52,83,-21.00,1.00,-26.00,0.80,25.0,-33,141,0.2381,0.0000,-79.00,-123.00,4383.77,-1.0281,DOWN,93.50,0.8877,1.3242
20260901 221919 821,4373.80,1,4373.80,4374.00,0.20,4373.70,2,4373.60,4,4373.50,5,4373.40,6,4373.30,13,4373.20,9,4373.10,8,4373.00,9,4372.90,8,4372.80,10,4374.00,4,4374.10,5,4374.20,3,4374.30,5,4374.40,4,4374.50,5,4374.60,6,4374.70,16,4374.80,18,4374.90,17,Sell,10,20,30,-10.00,1.00,-10.00,0.40,0.0,4373.80,4374.10,4373.70,4373.80,31,52,83,-21.00,1.00,-26.00,0.80,25.0,-33,141,0.2381,0.0000,-80.00,-124.00,4383.77,-1.0281,DOWN,93.50,0.8877,1.3242
20260901 221919 821,4373.80,1,4373.80,4374.00,0.20,4373.70,2,4373.60,4,4373.50,5,4373.40,6,4373.30,13,4373.20,9,4373.10,8,4373.00,9,4372.90,8,4372.80,10,4374.00,4,4374.10,5,4374.20,3,4374.30,5,4374.40,4,4374.50,5,4374.60,6,4374.70,16,4374.80,18,4374.90,17,Sell,10,21,31,-11.00,1.00,-11.00,0.40,0.0,4373.80,4374.10,4373.70,4373.80,31,52,83,-21.00,1.00,-26.00,0.80,25.0,-33,141,0.2381,0.0000,-81.00,-125.00,4383.77,-1.0281,DOWN,93.50,0.8877,1.3242
20260901 221919 821,4373.80,1,4373.80,4374.00,0.20,4373.70,2,4373.60,4,4373.50,5,4373.40,6,4373.30,13,4373.20,9,4373.10,8,4373.00,9,4372.90,8,4372.80,10,4374.00,4,4374.10,5,4374.20,3,4374.30,5,4374.40,4,4374.50,5,4374.60,6,4374.70,16,4374.80,18,4374.90,17,Sell,10,22,32,-12.00,1.00,-12.00,0.40,0.0,4373.80,4374.10,4373.70,4373.80,31,52,83,-21.00,1.00,-26.00,0.80,25.0,-33,141,0.2381,0.0000,-82.00,-126.00,4383.77,-1.0281,DOWN,93.50,0.8877,1.3242
20260901 221919 821,4373.70,1,4373.80,4374.00,0.20,4373.70,2,4373.60,4,4373.50,5,4373.40,6,4373.30,13,4373.20,9,4373.10,8,4373.00,9,4372.90,8,4372.80,10,4374.00,4,4374.10,5,4374.20,3,4374.30,5,4374.40,4,4374.50,5,4374.60,6,4374.70,16,4374.80,18,4374.90,17,Sell,10,23,33,-13.00,1.00,-13.00,0.40,25.0,4373.80,4374.10,4373.70,4373.70,31,52,83,-21.00,1.00,-26.00,0.80,25.0,-33,141,0.2381,0.0000,-83.00,-127.00,4383.76,-1.0313,DOWN,93.50,0.8877,1.3242
20260901 221919 821,4373.70,1,4373.80,4374.00,0.20,4373.70,2,4373.60,4,4373.50,5,4373.40,6,4373.30,13,4373.20,9,4373.10,8,4373.00,9,4372.90,8,4372.80,10,4374.00,4,4374.10,5,4374.20,3,4374.30,5,4374.40,4,4374.50,5,4374.60,6,4374.70,16,4374.80,18,4374.90,17,Sell,10,24,34,-14.00,1.00,-14.00,0.40,25.0,4373.80,4374.10,4373.70,4373.70,31,52,83,-21.00,1.00,-26.00,0.80,25.0,-33,141,0.2381,0.0000,-84.00,-128.00,4383.76,-1.0313,DOWN,93.50,0.8877,1.3242
20260901 221919 821,4373.70,1,4373.80,4374.00,0.20,4373.70,2,4373.60,4,4373.50,5,4373.40,6,4373.30,13,4373.20,9,4373.10,8,4373.00,9,4372.90,8,4372.80,10,4374.00,4,4374.10,5,4374.20,3,4374.30,5,4374.40,4,4374.50,5,4374.60,6,4374.70,16,4374.80,18,4374.90,17,Sell,10,25,35,-15.00,1.00,-15.00,0.40,25.0,4373.80,4374.10,4373.70,4373.70,31,52,83,-21.00,1.00,-26.00,0.80,25.0,-33,141,0.2381,0.0000,-85.00,-129.00,4383.76,-1.0313,DOWN,93.50,0.8877,1.3242
20260901 221919 821,4373.70,1,4373.80,4374.00,0.20,4373.70,2,4373.60,4,4373.50,5,4373.40,6,4373.30,13,4373.20,9,4373.10,8,4373.00,9,4372.90,8,4372.80,10,4374.00,4,4374.10,5,4374.20,3,4374.30,5,4374.40,4,4374.50,5,4374.60,6,4374.70,16,4374.80,18,4374.90,17,Sell,10,26,36,-16.00,1.00,-16.00,0.40,25.0,4373.80,4374.10,4373.70,4373.70,31,52,83,-21.00,1.00,-26.00,0.80,25.0,-33,141,0.2381,0.0000,-86.00,-130.00,4383.76,-1.0313,DOWN,93.50,0.8877,1.3242
20260901 221919 821,4373.60,1,4373.80,4374.00,0.20,4373.70,2,4373.60,4,4373.50,5,4373.40,6,4373.30,13,4373.20,9,4373.10,8,4373.00,9,4372.90,8,4372.80,10,4374.00,4,4374.10,5,4374.20,3,4374.30,5,4374.40,4,4374.50,5,4374.60,6,4374.70,16,4374.80,18,4374.90,17,Sell,10,27,37,-17.00,1.00,-17.00,0.50,40.0,4373.80,4374.10,4373.60,4373.60,31,52,83,-21.00,1.00,-26.00,0.80,25.0,-33,141,0.2381,0.0000,-87.00,-131.00,4383.75,-1.0345,DOWN,93.50,0.8877,1.3314
20260901 221919 821,4373.60,1,4373.80,4374.00,0.20,4373.70,2,4373.60,4,4373.50,5,4373.40,6,4373.30,13,4373.20,9,4373.10,8,4373.00,9,4372.90,8,4372.80,10,4374.00,4,4374.10,5,4374.20,3,4374.30,5,4374.40,4,4374.50,5,4374.60,6,4374.70,16,4374.80,18,4374.90,17,Sell,10,28,38,-18.00,1.00,-18.00,0.50,40.0,4373.80,4374.10,4373.60,4373.60,31,52,83,-21.00,1.00,-26.00,0.80,25.0,-33,141,0.2381,0.0000,-88.00,-132.00,4383.75,-1.0345,DOWN,93.50,0.8877,1.3314
20260901 221921 148,4374.00,1,4373.90,4374.10,0.20,4373.90,2,4373.80,4,4373.70,5,4373.60,4,4373.50,4,4373.40,7,4373.30,13,4373.20,9,4373.10,8,4373.00,9,4374.10,4,4374.20,1,4374.30,5,4374.40,4,4374.50,5,4374.60,6,4374.70,16,4374.80,18,4374.90,17,4375.00,17,Buy,11,28,39,-17.00,1.00,-18.00,0.50,40.0,4373.80,4374.10,4373.60,4374.00,31,52,83,-21.00,1.00,-26.00,0.80,25.0,-33,141,0.2381,0.0588,-87.00,-131.00,4383.79,-1.0218,DOWN,93.50,0.8877,1.3314
20260901 221922 337,4374.00,1,4374.00,4374.10,0.10,4374.00,1,4373.90,1,4373.80,4,4373.70,5,4373.60,5,4373.50,5,4373.40,7,4373.30,11,4373.20,9,4373.10,8,4374.10,5,4374.20,1,4374.30,5,4374.40,4,4374.50,6,4374.60,6,4374.70,16,4374.80,18,4374.90,17,4375.00,17,Sell,11,29,40,-18.00,1.00,-18.00,0.50,40.0,4373.80,4374.10,4373.60,4374.00,31,52,83,-21.00,1.00,-26.00,0.80,25.0,-33,141,0.2381,0.0000,-88.00,-132.00,4383.79,-1.0218,DOWN,93.50,0.8877,1.3314
20260901 221926 075,4373.80,1,4373.70,4374.00,0.30,4373.70,5,4373.60,5,4373.50,5,4373.40,8,4373.30,12,4373.20,9,4373.10,8,4373.00,9,4372.90,8,4372.80,10,4374.00,3,4374.10,5,4374.20,2,4374.30,5,4374.40,4,4374.50,6,4374.60,6,4374.70,16,4374.80,18,4374.90,17,Sell,11,30,41,-19.00,1.00,-19.00,0.50,0.0,4373.80,4374.10,4373.60,4373.80,31,52,83,-21.00,1.00,-26.00,0.80,25.0,-33,141,0.2381,0.0000,-89.00,-133.00,4383.77,-1.0281,DOWN,93.50,0.8877,1.3314
20260901 221926 075,4373.80,1,4373.70,4374.00,0.30,4373.70,5,4373.60,5,4373.50,5,4373.40,8,4373.30,12,4373.20,9,4373.10,8,4373.00,9,4372.90,8,4372.80,10,4374.00,3,4374.10,5,4374.20,2,4374.30,5,4374.40,4,4374.50,6,4374.60,6,4374.70,16,4374.80,18,4374.90,17,Sell,11,31,42,-20.00,1.00,-20.00,0.50,0.0,4373.80,4374.10,4373.60,4373.80,31,52,83,-21.00,1.00,-26.00,0.80,25.0,-33,141,0.2381,0.0000,-90.00,-134.00,4383.77,-1.0281,DOWN,93.50,0.8877,1.3314
20260901 221926 075,4373.80,1,4373.70,4374.00,0.30,4373.70,5,4373.60,5,4373.50,5,4373.40,8,4373.30,12,4373.20,9,4373.10,8,4373.00,9,4372.90,8,4372.80,10,4374.00,3,4374.10,5,4374.20,2,4374.30,5,4374.40,4,4374.50,6,4374.60,6,4374.70,16,4374.80,18,4374.90,17,Sell,11,32,43,-21.00,1.00,-21.00,0.50,0.0,4373.80,4374.10,4373.60,4373.80,31,52,83,-21.00,1.00,-26.00,0.80,25.0,-33,141,0.2381,0.0000,-91.00,-135.00,4383.77,-1.0281,DOWN,93.50,0.8877,1.3314
20260901 221926 075,4373.80,1,4373.70,4374.00,0.30,4373.70,5,4373.60,5,4373.50,5,4373.40,8,4373.30,12,4373.20,9,4373.10,8,4373.00,9,4372.90,8,4372.80,10,4374.00,3,4374.10,5,4374.20,2,4374.30,5,4374.40,4,4374.50,6,4374.60,6,4374.70,16,4374.80,18,4374.90,17,Sell,11,33,44,-22.00,1.00,-22.00,0.50,0.0,4373.80,4374.10,4373.60,4373.80,31,52,83,-21.00,1.00,-26.00,0.80,25.0,-33,141,0.2381,0.0000,-92.00,-136.00,4383.77,-1.0281,DOWN,93.50,0.8877,1.3314
20260901 221927 929,4373.80,1,4373.80,4374.00,0.20,4373.80,4,4373.70,4,4373.60,5,4373.50,5,4373.40,8,4373.30,13,4373.20,9,4373.10,8,4373.00,9,4372.90,8,4374.00,4,4374.10,4,4374.20,2,4374.30,5,4374.40,5,4374.50,5,4374.60,5,4374.70,16,4374.80,18,4374.90,17,Sell,11,34,45,-23.00,1.00,-23.00,0.50,0.0,4373.80,4374.10,4373.60,4373.80,31,52,83,-21.00,1.00,-26.00,0.80,25.0,-33,141,0.2381,0.0000,-93.00,-137.00,4383.77,-1.0281,DOWN,93.50,0.8877,1.3314
20260901 221927 983,4373.80,1,4373.80,4374.00,0.20,4373.80,1,4373.70,4,4373.60,5,4373.50,5,4373.40,8,4373.30,13,4373.20,9,4373.10,8,4373.00,9,4372.90,8,4374.00,4,4374.10,4,4374.20,2,4374.30,5,4374.40,5,4374.50,5,4374.60,5,4374.70,16,4374.80,18,4374.90,17,Sell,11,35,46,-24.00,1.00,-24.00,0.50,0.0,4373.80,4374.10,4373.60,4373.80,31,52,83,-21.00,1.00,-26.00,0.80,25.0,-33,141,0.2381,0.0000,-94.00,-138.00,4383.77,-1.0281,DOWN,93.50,0.8877,1.3314
20260901 221927 983,4373.80,1,4373.80,4374.00,0.20,4373.80,1,4373.70,4,4373.60,5,4373.50,5,4373.40,8,4373.30,13,4373.20,9,4373.10,8,4373.00,9,4372.90,8,4374.00,4,4374.10,4,4374.20,2,4374.30,5,4374.40,5,4374.50,5,4374.60,5,4374.70,16,4374.80,18,4374.90,17,Sell,11,36,47,-25.00,1.00,-25.00,0.50,0.0,4373.80,4374.10,4373.60,4373.80,31,52,83,-21.00,1.00,-26.00,0.80,25.0,-33,141,0.2381,0.0000,-95.00,-139.00,4383.77,-1.0281,DOWN,93.50,0.8877,1.3314
20260901 221929 761,4373.80,1,4373.70,4373.90,0.20,4373.70,4,4373.60,4,4373.50,5,4373.40,8,4373.30,13,4373.20,9,4373.10,8,4373.00,9,4372.90,8,4372.80,10,4373.90,1,4374.00,4,4374.10,4,4374.20,2,4374.30,5,4374.40,5,4374.50,5,4374.60,5,4374.70,16,4374.80,18,Sell,11,37,48,-26.00,1.00,-26.00,0.50,0.0,4373.80,4374.10,4373.60,4373.80,31,52,83,-21.00,1.00,-26.00,0.80,25.0,-33,141,0.2381,0.0000,-96.00,-140.00,4383.77,-1.0281,DOWN,93.50,0.8877,1.3314
20260901 221929 764,4373.90,1,4373.70,4373.90,0.20,4373.70,4,4373.60,4,4373.50,5,4373.40,8,4373.30,13,4373.20,9,4373.10,8,4373.00,9,4372.90,8,4372.80,10,4373.90,1,4374.00,4,4374.10,4,4374.20,2,4374.30,5,4374.40,5,4374.50,5,4374.60,5,4374.70,16,4374.80,18,Buy,12,37,49,-25.00,1.00,-26.00,0.50,20.0,4373.80,4374.10,4373.60,4373.90,31,52,83,-21.00,1.00,-26.00,0.80,25.0,-33,141,0.2381,0.0400,-95.00,-139.00,4383.78,-1.0249,DOWN,93.50,0.8877,1.3314
20260901 221931 815,4373.90,1,4373.70,4374.00,0.30,4373.70,5,4373.60,4,4373.50,5,4373.40,8,4373.30,13,4373.20,9,4373.10,8,4373.00,9,4372.90,8,4372.80,10,4374.00,5,4374.10,4,4374.20,4,4374.30,6,4374.40,4,4374.50,5,4374.60,5,4374.70,16,4374.80,18,4374.90,19,Buy,13,37,50,-24.00,1.00,-26.00,0.50,20.0,4373.80,4374.10,4373.60,4373.90,31,52,83,-21.00,1.00,-26.00,0.80,25.0,-33,141,0.2381,0.0833,-94.00,-138.00,4383.78,-1.0249,DOWN,93.50,0.8877,1.3314
20260901 221931 997,4373.70,1,4373.70,4374.00,0.30,4373.70,4,4373.60,4,4373.50,5,4373.40,8,4373.30,13,4373.20,9,4373.10,8,4373.00,9,4372.90,8,4372.80,10,4374.00,5,4374.10,4,4374.20,4,4374.30,6,4374.40,4,4374.50,5,4374.60,5,4374.70,16,4374.80,18,4374.90,18,Sell,13,38,51,-25.00,1.00,-26.00,0.50,20.0,4373.80,4374.10,4373.60,4373.70,31,52,83,-21.00,1.00,-26.00,0.80,25.0,-33,141,0.2381,0.0400,-95.00,-139.00,4383.76,-1.0313,DOWN,93.50,0.8877,1.3314
20260901 221932 313,4373.90,1,4373.70,4373.90,0.20,4373.80,5,4373.70,3,4373.60,4,4373.50,5,4373.40,8,4373.30,13,4373.20,9,4373.10,8,4373.00,9,4372.90,8,4374.00,4,4374.10,4,4374.20,4,4374.30,6,4374.40,4,4374.50,5,4374.60,5,4374.70,16,4374.80,18,4374.90,18,Buy,14,38,52,-24.00,1.00,-26.00,0.50,20.0,4373.80,4374.10,4373.60,4373.90,31,52,83,-21.00,1.00,-26.00,0.80,25.0,-33,141,0.2381,0.0833,-94.00,-138.00,4383.78,-1.0249,DOWN,93.50,0.8877,1.3314
20260901 221932 472,4374.00,1,4373.80,4374.00,0.20,4373.80,5,4373.70,3,4373.60,4,4373.50,5,4373.40,8,4373.30,13,4373.20,9,4373.10,8,4373.00,9,4372.90,8,4374.00,3,4374.10,4,4374.20,4,4374.30,6,4374.40,4,4374.50,5,4374.60,5,4374.70,16,4374.80,18,4374.90,18,Buy,15,38,53,-23.00,1.00,-26.00,0.50,40.0,4373.80,4374.10,4373.60,4374.00,31,52,83,-21.00,1.00,-26.00,0.80,25.0,-33,141,0.2381,0.1304,-93.00,-137.00,4383.79,-1.0218,DOWN,93.50,0.8877,1.3314
20260901 221934 501,4374.00,1,4373.80,4374.00,0.20,4373.80,6,4373.70,3,4373.60,4,4373.50,5,4373.40,8,4373.30,12,4373.20,10,4373.10,8,4373.00,9,4372.90,8,4374.00,2,4374.10,4,4374.20,3,4374.30,6,4374.40,4,4374.50,5,4374.60,5,4374.70,16,4374.80,18,4374.90,18,Buy,16,38,54,-22.00,1.00,-26.00,0.50,40.0,4373.80,4374.10,4373.60,4374.00,31,52,83,-21.00,1.00,-26.00,0.80,25.0,-33,141,0.2381,0.1818,-92.00,-136.00,4383.79,-1.0218,DOWN,93.50,0.8877,1.3314
20260901 221935 128,4373.80,1,4373.80,4374.00,0.20,4373.80,5,4373.70,3,4373.60,4,4373.50,5,4373.40,8,4373.30,12,4373.20,9,4373.10,8,4373.00,9,4372.90,8,4374.00,2,4374.10,4,4374.20,3,4374.30,6,4374.40,4,4374.50,5,4374.60,5,4374.70,16,4374.80,18,4374.90,18,Sell,16,39,55,-23.00,1.00,-26.00,0.50,0.0,4373.80,4374.10,4373.60,4373.80,31,52,83,-21.00,1.00,-26.00,0.80,25.0,-33,141,0.2381,0.1304,-93.00,-137.00,4383.77,-1.0281,DOWN,93.50,0.8877,1.3314
20260901 221937 438,4373.80,1,4373.80,4374.00,0.20,4373.80,2,4373.70,3,4373.60,4,4373.50,5,4373.40,8,4373.30,12,4373.20,9,4373.10,8,4373.00,9,4372.90,8,4374.00,2,4374.10,4,4374.20,3,4374.30,6,4374.40,4,4374.50,5,4374.60,6,4374.70,16,4374.80,18,4374.90,18,Sell,16,40,56,-24.00,1.00,-26.00,0.50,0.0,4373.80,4374.10,4373.60,4373.80,31,52,83,-21.00,1.00,-26.00,0.80,25.0,-33,141,0.2381,0.0833,-94.00,-138.00,4383.77,-1.0281,DOWN,93.50,0.8877,1.3314
20260901 221938 400,4373.80,1,4373.80,4374.00,0.20,4373.80,4,4373.70,5,4373.60,4,4373.50,5,4373.40,8,4373.30,12,4373.20,9,4373.10,8,4373.00,9,4372.90,8,4374.00,2,4374.10,4,4374.20,3,4374.30,6,4374.40,4,4374.50,5,4374.60,5,4374.70,16,4374.80,18,4374.90,18,Sell,16,41,57,-25.00,1.00,-26.00,0.50,0.0,4373.80,4374.10,4373.60,4373.80,31,52,83,-21.00,1.00,-26.00,0.80,25.0,-33,141,0.2381,0.0400,-95.00,-139.00,4383.77,-1.0281,DOWN,93.50,0.8877,1.3314
20260901 221938 400,4373.80,1,4373.80,4374.00,0.20,4373.80,4,4373.70,5,4373.60,4,4373.50,5,4373.40,8,4373.30,12,4373.20,9,4373.10,8,4373.00,9,4372.90,8,4374.00,2,4374.10,4,4374.20,3,4374.30,6,4374.40,4,4374.50,5,4374.60,5,4374.70,16,4374.80,18,4374.90,18,Sell,16,42,58,-26.00,1.00,-26.00,0.50,0.0,4373.80,4374.10,4373.60,4373.80,31,52,83,-21.00,1.00,-26.00,0.80,25.0,-33,141,0.2381,0.0000,-96.00,-140.00,4383.77,-1.0281,DOWN,93.50,0.8877,1.3314
20260901 221938 400,4373.70,1,4373.80,4374.00,0.20,4373.80,4,4373.70,5,4373.60,4,4373.50,5,4373.40,8,4373.30,12,4373.20,9,4373.10,8,4373.00,9,4372.90,8,4374.00,2,4374.10,4,4374.20,3,4374.30,6,4374.40,4,4374.50,5,4374.60,5,4374.70,16,4374.80,18,4374.90,18,Sell,16,43,59,-27.00,1.00,-27.00,0.50,20.0,4373.80,4374.10,4373.60,4373.70,31,52,83,-21.00,1.00,-26.00,0.80,25.0,-33,141,0.2381,0.0000,-97.00,-141.00,4383.76,-1.0313,DOWN,93.50,0.8877,1.3314
20260901 221945 077,4373.80,1,4373.80,4374.00,0.20,4373.80,3,4373.70,5,4373.60,4,4373.50,5,4373.40,7,4373.30,12,4373.20,9,4373.10,8,4373.00,9,4372.90,9,4374.00,2,4374.10,4,4374.20,3,4374.30,6,4374.40,4,4374.50,5,4374.60,5,4374.70,16,4374.80,18,4374.90,19,Sell,16,44,60,-28.00,1.00,-28.00,0.50,0.0,4373.80,4374.10,4373.60,4373.80,31,52,83,-21.00,1.00,-26.00,0.80,25.0,-33,141,0.2381,0.0000,-98.00,-142.00,4383.77,-1.0281,DOWN,93.50,0.8877,1.3314
20260901 221952 596,4373.90,1,4373.80,4374.00,0.20,4373.80,5,4373.70,4,4373.60,4,4373.50,5,4373.40,8,4373.30,12,4373.20,9,4373.10,8,4373.00,9,4372.90,8,4374.00,2,4374.10,4,4374.20,3,4374.30,6,4374.40,4,4374.50,5,4374.60,5,4374.70,16,4374.80,18,4374.90,18,Buy,17,44,61,-27.00,1.00,-28.00,0.50,20.0,4373.80,4374.10,4373.60,4373.90,31,52,83,-21.00,1.00,-26.00,0.80,25.0,-33,141,0.2381,0.0370,-97.00,-141.00,4383.78,-1.0249,DOWN,93.50,0.8877,1.3314
20260901 221956 912,4374.00,1,4373.80,4374.00,0.20,4373.80,3,4373.70,3,4373.60,4,4373.50,5,4373.40,8,4373.30,12,4373.20,9,4373.10,8,4373.00,9,4372.90,8,4374.00,1,4374.10,4,4374.20,3,4374.30,6,4374.40,4,4374.50,5,4374.60,6,4374.70,16,4374.80,18,4374.90,18,Buy,18,44,62,-26.00,1.00,-28.00,0.50,40.0,4373.80,4374.10,4373.60,4374.00,31,52,83,-21.00,1.00,-26.00,0.80,25.0,-33,141,0.2381,0.0769,-96.00,-140.00,4383.79,-1.0218,DOWN,93.50,0.8877,1.3314
20260901 222000 052,4374.00,1,4374.10,4374.40,0.30,4374.10,4,4374.00,4,4373.90,5,4373.80,7,4373.70,3,4373.60,4,4373.50,12,4373.40,14,4373.30,12,4373.20,9,4374.40,4,4374.50,4,4374.60,5,4374.70,6,4374.80,8,4374.90,18,4375.00,18,4375.10,15,4375.20,16,4375.30,15,Buy,1,0,1,1.00,1.00,1.00,0.00,0.0,4374.00,4374.00,4374.00,4374.00,18,44,62,-26.00,1.00,-28.00,0.50,40.0,-3,39,0.0769,0.0000,-80.00,-129.00,4383.79,-1.0218,DOWN,95.55,0.6489,1.2363
20260901 222000 053,4374.10,1,4374.10,4374.40,0.30,4374.10,4,4374.00,4,4373.90,5,4373.80,7,4373.70,3,4373.60,4,4373.50,12,4373.40,14,4373.30,12,4373.20,9,4374.40,4,4374.50,4,4374.60,5,4374.70,6,4374.80,8,4374.90,18,4375.00,18,4375.10,15,4375.20,16,4375.30,15,Buy,2,0,2,2.00,2.00,1.00,0.10,100.0,4374.00,4374.10,4374.00,4374.10,18,44,62,-26.00,1.00,-28.00,0.50,40.0,-3,39,0.0769,0.0000,-79.00,-128.00,4383.80,-1.0186,DOWN,95.55,0.6489,1.2434
20260901 222000 053,4374.10,1,4374.10,4374.40,0.30,4374.10,4,4374.00,4,4373.90,5,4373.80,7,4373.70,3,4373.60,4,4373.50,12,4373.40,14,4373.30,12,4373.20,9,4374.40,4,4374.50,4,4374.60,5,4374.70,6,4374.80,8,4374.90,18,4375.00,18,4375.10,15,4375.20,16,4375.30,15,Buy,3,0,3,3.00,3.00,1.00,0.10,100.0,4374.00,4374.10,4374.00,4374.10,18,44,62,-26.00,1.00,-28.00,0.50,40.0,-3,39,0.0769,0.0000,-78.00,-127.00,4383.80,-1.0186,DOWN,95.55,0.6489,1.2434
20260901 222000 053,4374.10,1,4374.10,4374.40,0.30,4374.10,4,4374.00,4,4373.90,5,4373.80,7,4373.70,3,4373.60,4,4373.50,12,4373.40,14,4373.30,12,4373.20,9,4374.40,4,4374.50,4,4374.60,5,4374.70,6,4374.80,8,4374.90,18,4375.00,18,4375.10,15,4375.20,16,4375.30,15,Buy,4,0,4,4.00,4.00,1.00,0.10,100.0,4374.00,4374.10,4374.00,4374.10,18,44,62,-26.00,1.00,-28.00,0.50,40.0,-3,39,0.0769,0.0000,-77.00,-126.00,4383.80,-1.0186,DOWN,95.55,0.6489,1.2434
20260901 222000 053,4374.10,1,4374.10,4374.40,0.30,4374.10,4,4374.00,4,4373.90,5,4373.80,7,4373.70,3,4373.60,4,4373.50,12,4373.40,14,4373.30,12,4373.20,9,4374.40,4,4374.50,4,4374.60,5,4374.70,6,4374.80,8,4374.90,18,4375.00,18,4375.10,15,4375.20,16,4375.30,15,Buy,5,0,5,5.00,5.00,1.00,0.10,100.0,4374.00,4374.10,4374.00,4374.10,18,44,62,-26.00,1.00,-28.00,0.50,40.0,-3,39,0.0769,0.0000,-76.00,-125.00,4383.80,-1.0186,DOWN,95.55,0.6489,1.2434
20260901 222000 056,4374.20,1,4374.10,4374.40,0.30,4374.10,4,4374.00,4,4373.90,5,4373.80,7,4373.70,3,4373.60,4,4373.50,12,4373.40,14,4373.30,12,4373.20,9,4374.40,4,4374.50,4,4374.60,5,4374.70,6,4374.80,8,4374.90,18,4375.00,18,4375.10,15,4375.20,16,4375.30,15,Buy,6,0,6,6.00,6.00,1.00,0.20,100.0,4374.00,4374.20,4374.00,4374.20,18,44,62,-26.00,1.00,-28.00,0.50,40.0,-3,39,0.0769,0.0000,-75.00,-124.00,4383.81,-1.0154,DOWN,95.55,0.6489,1.2506
20260901 222000 085,4374.10,1,4374.10,4374.30,0.20,4374.10,1,4374.00,4,4373.90,5,4373.80,7,4373.70,3,4373.60,4,4373.50,12,4373.40,14,4373.30,12,4373.20,9,4374.30,4,4374.40,5,4374.50,4,4374.60,5,4374.70,6,4374.80,8,4374.90,19,4375.00,18,4375.10,15,4375.20,16,Buy,7,0,7,7.00,7.00,1.00,0.20,50.0,4374.00,4374.20,4374.00,4374.10,18,44,62,-26.00,1.00,-28.00,0.50,40.0,-3,39,0.0769,0.0000,-74.00,-123.00,4383.80,-1.0186,DOWN,95.55,0.6489,1.2506
20260901 222000 086,4374.20,1,4374.10,4374.30,0.20,4374.10,1,4374.00,4,4373.90,5,4373.80,7,4373.70,3,4373.60,4,4373.50,12,4373.40,14,4373.30,12,4373.20,9,4374.30,4,4374.40,5,4374.50,4,4374.60,5,4374.70,6,4374.80,8,4374.90,19,4375.00,18,4375.10,15,4375.20,16,Buy,8,0,8,8.00,8.00,1.00,0.20,100.0,4374.00,4374.20,4374.00,4374.20,18,44,62,-26.00,1.00,-28.00,0.50,40.0,-3,39,0.0769,0.0000,-73.00,-122.00,4383.81,-1.0154,DOWN,95.55,0.6489,1.2506
20260901 222000 086,4374.20,1,4374.10,4374.30,0.20,4374.10,1,4374.00,4,4373.90,5,4373.80,7,4373.70,3,4373.60,4,4373.50,12,4373.40,14,4373.30,12,4373.20,9,4374.30,4,4374.40,5,4374.50,4,4374.60,5,4374.70,6,4374.80,8,4374.90,19,4375.00,18,4375.10,15,4375.20,16,Buy,9,0,9,9.00,9.00,1.00,0.20,100.0,4374.00,4374.20,4374.00,4374.20,18,44,62,-26.00,1.00,-28.00,0.50,40.0,-3,39,0.0769,0.0000,-72.00,-121.00,4383.81,-1.0154,DOWN,95.55,0.6489,1.2506
20260901 222000 086,4374.20,1,4374.10,4374.30,0.20,4374.10,1,4374.00,4,4373.90,5,4373.80,7,4373.70,3,4373.60,4,4373.50,12,4373.40,14,4373.30,12,4373.20,9,4374.30,4,4374.40,5,4374.50,4,4374.60,5,4374.70,6,4374.80,8,4374.90,19,4375.00,18,4375.10,15,4375.20,16,Buy,10,0,10,10.00,10.00,1.00,0.20,100.0,4374.00,4374.20,4374.00,4374.20,18,44,62,-26.00,1.00,-28.00,0.50,40.0,-3,39,0.0769,0.0000,-71.00,-120.00,4383.81,-1.0154,DOWN,95.55,0.6489,1.2506
20260901 222000 087,4374.30,3,4374.10,4374.30,0.20,4374.10,1,4374.00,4,4373.90,5,4373.80,7,4373.70,3,4373.60,4,4373.50,12,4373.40,14,4373.30,12,4373.20,9,4374.30,4,4374.40,5,4374.50,4,4374.60,5,4374.70,6,4374.80,8,4374.90,19,4375.00,18,4375.10,15,4375.20,16,Buy,13,0,13,13.00,13.00,1.00,0.30,100.0,4374.00,4374.30,4374.00,4374.30,18,44,62,-26.00,1.00,-28.00,0.50,40.0,-3,39,0.0769,0.0000,-68.00,-117.00,4383.82,-1.0123,DOWN,95.55,0.6489,1.2577
20260901 222000 088,4374.30,1,4374.10,4374.30,0.20,4374.10,1,4374.00,4,4373.90,5,4373.80,7,4373.70,3,4373.60,4,4373.50,12,4373.40,14,4373.30,12,4373.20,9,4374.30,4,4374.40,5,4374.50,4,4374.60,5,4374.70,6,4374.80,8,4374.90,19,4375.00,18,4375.10,15,4375.20,16,Buy,14,0,14,14.00,14.00,1.00,0.30,100.0,4374.00,4374.30,4374.00,4374.30,18,44,62,-26.00,1.00,-28.00,0.50,40.0,-3,39,0.0769,0.0000,-67.00,-116.00,4383.82,-1.0123,DOWN,95.55,0.6489,1.2577
20260901 222000 178,4374.30,1,4374.10,4374.40,0.30,4374.10,5,4374.00,4,4373.90,5,4373.80,8,4373.70,3,4373.60,4,4373.50,12,4373.40,14,4373.30,12,4373.20,9,4374.40,3,4374.50,3,4374.60,5,4374.70,6,4374.80,8,4374.90,18,4375.00,18,4375.10,16,4375.20,16,4375.30,14,Buy,15,0,15,15.00,15.00,1.00,0.30,100.0,4374.00,4374.30,4374.00,4374.30,18,44,62,-26.00,1.00,-28.00,0.50,40.0,-3,39,0.0769,0.0000,-66.00,-115.00,4383.82,-1.0123,DOWN,95.55,0.6489,1.2577
20260901 222000 178,4374.30,1,4374.10,4374.40,0.30,4374.10,5,4374.00,4,4373.90,5,4373.80,8,4373.70,3,4373.60,4,4373.50,12,4373.40,14,4373.30,12,4373.20,9,4374.40,3,4374.50,3,4374.60,5,4374.70,6,4374.80,8,4374.90,18,4375.00,18,4375.10,16,4375.20,16,4375.30,14,Buy,16,0,16,16.00,16.00,1.00,0.30,100.0,4374.00,4374.30,4374.00,4374.30,18,44,62,-26.00,1.00,-28.00,0.50,40.0,-3,39,0.0769,0.0000,-65.00,-114.00,4383.82,-1.0123,DOWN,95.55,0.6489,1.2577
20260901 222000 178,4374.30,1,4374.10,4374.40,0.30,4374.10,5,4374.00,4,4373.90,5,4373.80,8,4373.70,3,4373.60,4,4373.50,12,4373.40,14,4373.30,12,4373.20,9,4374.40,3,4374.50,3,4374.60,5,4374.70,6,4374.80,8,4374.90,18,4375.00,18,4375.10,16,4375.20,16,4375.30,14,Buy,17,0,17,17.00,17.00,1.00,0.30,100.0,4374.00,4374.30,4374.00,4374.30,18,44,62,-26.00,1.00,-28.00,0.50,40.0,-3,39,0.0769,0.0000,-64.00,-113.00,4383.82,-1.0123,DOWN,95.55,0.6489,1.2577
20260901 222000 179,4374.40,1,4374.10,4374.40,0.30,4374.10,5,4374.00,4,4373.90,5,4373.80,8,4373.70,3,4373.60,4,4373.50,12,4373.40,14,4373.30,12,4373.20,9,4374.40,3,4374.50,3,4374.60,5,4374.70,6,4374.80,8,4374.90,18,4375.00,18,4375.10,16,4375.20,16,4375.30,14,Buy,18,0,18,18.00,18.00,1.00,0.40,100.0,4374.00,4374.40,4374.00,4374.40,18,44,62,-26.00,1.00,-28.00,0.50,40.0,-3,39,0.0769,0.0000,-63.00,-112.00,4383.83,-1.0091,DOWN,95.55,0.6489,1.2649
20260901 222000 660,4374.30,1,4374.10,4374.40,0.30,4374.10,4,4374.00,3,4373.90,5,4373.80,8,4373.70,3,4373.60,4,4373.50,12,4373.40,14,4373.30,12,4373.20,10,4374.40,4,4374.50,3,4374.60,5,4374.70,6,4374.80,8,4374.90,18,4375.00,18,4375.10,15,4375.20,16,4375.30,14,Buy,19,0,19,19.00,19.00,1.00,0.40,75.0,4374.00,4374.40,4374.00,4374.30,18,44,62,-26.00,1.00,-28.00,0.50,40.0,-3,39,0.0769,0.0000,-62.00,-111.00,4383.82,-1.0123,DOWN,95.55,0.6489,1.2649
20260901 222000 660,4374.30,1,4374.10,4374.40,0.30,4374.10,4,4374.00,3,4373.90,5,4373.80,8,4373.70,3,4373.60,4,4373.50,12,4373.40,14,4373.30,12,4373.20,10,4374.40,4,4374.50,3,4374.60,5,4374.70,6,4374.80,8,4374.90,18,4375.00,18,4375.10,15,4375.20,16,4375.30,14,Buy,20,0,20,20.00,20.00,1.00,0.40,75.0,4374.00,4374.40,4374.00,4374.30,18,44,62,-26.00,1.00,-28.00,0.50,40.0,-3,39,0.0769,0.0000,-61.00,-110.00,4383.82,-1.0123,DOWN,95.55,0.6489,1.2649
20260901 222001 429,4374.40,1,4374.10,4374.40,0.30,4374.10,4,4374.00,3,4373.90,5,4373.80,8,4373.70,3,4373.60,4,4373.50,12,4373.40,14,4373.30,13,4373.20,9,4374.40,3,4374.50,3,4374.60,5,4374.70,6,4374.80,8,4374.90,18,4375.00,18,4375.10,15,4375.20,16,4375.30,14,Buy,21,0,21,21.00,21.00,1.00,0.40,100.0,4374.00,4374.40,4374.00,4374.40,18,44,62,-26.00,1.00,-28.00,0.50,40.0,-3,39,0.0769,0.0000,-60.00,-109.00,4383.83,-1.0091,DOWN,95.55,0.6489,1.2649
20260901 222002 936,4374.30,1,4374.10,4374.40,0.30,4374.10,3,4374.00,4,4373.90,5,4373.80,8,4373.70,3,4373.60,4,4373.50,12,4373.40,14,4373.30,12,4373.20,9,4374.40,5,4374.50,3,4374.60,6,4374.70,6,4374.80,8,4374.90,18,4375.00,18,4375.10,15,4375.20,16,4375.30,14,Buy,22,0,22,22.00,22.00,1.00,0.40,75.0,4374.00,4374.40,4374.00,4374.30,18,44,62,-26.00,1.00,-28.00,0.50,40.0,-3,39,0.0769,0.0000,-59.00,-108.00,4383.82,-1.0123,DOWN,95.55,0.6489,1.2649
20260901 222002 936,4374.30,1,4374.10,4374.40,0.30,4374.10,3,4374.00,4,4373.90,5,4373.80,8,4373.70,3,4373.60,4,4373.50,12,4373.40,14,4373.30,12,4373.20,9,4374.40,5,4374.50,3,4374.60,6,4374.70,6,4374.80,8,4374.90,18,4375.00,18,4375.10,15,4375.20,16,4375.30,14,Buy,23,0,23,23.00,23.00,1.00,0.40,75.0,4374.00,4374.40,4374.00,4374.30,18,44,62,-26.00,1.00,-28.00,0.50,40.0,-3,39,0.0769,0.0000,-58.00,-107.00,4383.82,-1.0123,DOWN,95.55,0.6489,1.2649
20260901 222002 936,4374.30,1,4374.10,4374.40,0.30,4374.10,3,4374.00,4,4373.90,5,4373.80,8,4373.70,3,4373.60,4,4373.50,12,4373.40,14,4373.30,12,4373.20,9,4374.40,5,4374.50,3,4374.60,6,4374.70,6,4374.80,8,4374.90,18,4375.00,18,4375.10,15,4375.20,16,4375.30,14,Buy,24,0,24,24.00,24.00,1.00,0.40,75.0,4374.00,4374.40,4374.00,4374.30,18,44,62,-26.00,1.00,-28.00,0.50,40.0,-3,39,0.0769,0.0000,-57.00,-106.00,4383.82,-1.0123,DOWN,95.55,0.6489,1.2649
20260901 222002 936,4374.40,1,4374.10,4374.40,0.30,4374.10,3,4374.00,4,4373.90,5,4373.80,8,4373.70,3,4373.60,4,4373.50,12,4373.40,14,4373.30,12,4373.20,9,4374.40,5,4374.50,3,4374.60,6,4374.70,6,4374.80,8,4374.90,18,4375.00,18,4375.10,15,4375.20,16,4375.30,14,Buy,25,0,25,25.00,25.00,1.00,0.40,100.0,4374.00,4374.40,4374.00,4374.40,18,44,62,-26.00,1.00,-28.00,0.50,40.0,-3,39,0.0769,0.0000,-56.00,-105.00,4383.83,-1.0091,DOWN,95.55,0.6489,1.2649
20260901 222002 936,4374.40,1,4374.10,4374.40,0.30,4374.10,3,4374.00,4,4373.90,5,4373.80,8,4373.70,3,4373.60,4,4373.50,12,4373.40,14,4373.30,12,4373.20,9,4374.40,5,4374.50,3,4374.60,6,4374.70,6,4374.80,8,4374.90,18,4375.00,18,4375.10,15,4375.20,16,4375.30,14,Buy,26,0,26,26.00,26.00,1.00,0.40,100.0,4374.00,4374.40,4374.00,4374.40,18,44,62,-26.00,1.00,-28.00,0.50,40.0,-3,39,0.0769,0.0000,-55.00,-104.00,4383.83,-1.0091,DOWN,95.55,0.6489,1.2649
20260901 222004 398,4374.30,1,4374.10,4374.30,0.20,4374.10,1,4374.00,4,4373.90,5,4373.80,8,4373.70,3,4373.60,4,4373.50,11,4373.40,15,4373.30,12,4373.20,9,4374.30,4,4374.40,6,4374.50,3,4374.60,6,4374.70,6,4374.80,9,4374.90,18,4375.00,18,4375.10,15,4375.20,16,Buy,27,0,27,27.00,27.00,1.00,0.40,75.0,4374.00,4374.40,4374.00,4374.30,18,44,62,-26.00,1.00,-28.00,0.50,40.0,-3,39,0.0769,0.0000,-54.00,-103.00,4383.82,-1.0123,DOWN,95.55,0.6489,1.2649
20260901 222006 755,4374.30,1,4374.00,4374.20,0.20,4374.00,1,4373.90,5,4373.80,8,4373.70,3,4373.60,4,4373.50,11,4373.40,15,4373.30,12,4373.20,9,4373.10,8,4374.20,3,4374.30,5,4374.40,7,4374.50,4,4374.60,6,4374.70,6,4374.80,9,4374.90,18,4375.00,18,4375.10,15,Buy,28,0,28,28.00,28.00,1.00,0.40,75.0,4374.00,4374.40,4374.00,4374.30,18,44,62,-26.00,1.00,-28.00,0.50,40.0,-3,39,0.0769,0.0000,-53.00,-102.00,4383.82,-1.0123,DOWN,95.55,0.6489,1.2649
20260901 222006 755,4374.30,1,4374.00,4374.20,0.20,4374.00,1,4373.90,5,4373.80,8,4373.70,3,4373.60,4,4373.50,11,4373.40,15,4373.30,12,4373.20,9,4373.10,8,4374.20,3,4374.30,5,4374.40,7,4374.50,4,4374.60,6,4374.70,6,4374.80,9,4374.90,18,4375.00,18,4375.10,15,Buy,29,0,29,29.00,29.00,1.00,0.40,75.0,4374.00,4374.40,4374.00,4374.30,18,44,62,-26.00,1.00,-28.00,0.50,40.0,-3,39,0.0769,0.0000,-52.00,-101.00,4383.82,-1.0123,DOWN,95.55,0.6489,1.2649
20260901 222013 722,4374.20,1,4374.20,4374.30,0.10,4374.00,2,4373.90,5,4373.80,8,4373.70,3,4373.60,4,4373.50,11,4373.40,14,4373.30,13,4373.20,9,4373.10,8,4374.30,5,4374.40,6,4374.50,4,4374.60,6,4374.70,6,4374.80,9,4374.90,19,4375.00,18,4375.10,15,4375.20,16,Sell,29,1,30,28.00,29.00,1.00,0.40,50.0,4374.00,4374.40,4374.00,4374.20,18,44,62,-26.00,1.00,-28.00,0.50,40.0,-3,39,0.0769,0.0357,-53.00,-102.00,4383.81,-1.0154,DOWN,95.55,0.6489,1.2649
20260901 222019 851,4374.20,1,4374.10,4374.30,0.20,4374.10,3,4374.00,5,4373.90,4,4373.80,7,4373.70,3,4373.60,4,4373.50,11,4373.40,14,4373.30,13,4373.20,9,4374.30,1,4374.40,5,4374.50,4,4374.60,6,4374.70,6,4374.80,19,4374.90,18,4375.00,18,4375.10,15,4375.20,16,Buy,30,1,31,29.00,29.00,1.00,0.40,50.0,4374.00,4374.40,4374.00,4374.20,18,44,62,-26.00,1.00,-28.00,0.50,40.0,-3,39,0.0769,0.0000,-52.00,-101.00,4383.81,-1.0154,DOWN,95.55,0.6489,1.2649
20260901 222019 852,4374.20,1,4374.10,4374.30,0.20,4374.10,3,4374.00,5,4373.90,4,4373.80,7,4373.70,3,4373.60,4,4373.50,11,4373.40,14,4373.30,13,4373.20,9,4374.30,1,4374.40,5,4374.50,4,4374.60,6,4374.70,6,4374.80,19,4374.90,18,4375.00,18,4375.10,15,4375.20,16,Buy,31,1,32,30.00,30.00,1.00,0.40,50.0,4374.00,4374.40,4374.00,4374.20,18,44,62,-26.00,1.00,-28.00,0.50,40.0,-3,39,0.0769,0.0000,-51.00,-100.00,4383.81,-1.0154,DOWN,95.55,0.6489,1.2649
20260901 222026 238,4374.30,1,4374.20,4374.40,0.20,4374.20,3,4374.10,5,4374.00,7,4373.90,6,4373.80,7,4373.70,3,4373.60,10,4373.50,12,4373.40,14,4373.30,12,4374.40,1,4374.50,1,4374.60,3,4374.70,6,4374.80,9,4374.90,18,4375.00,18,4375.10,15,4375.20,16,4375.30,14,Buy,32,1,33,31.00,31.00,1.00,0.40,75.0,4374.00,4374.40,4374.00,4374.30,18,44,62,-26.00,1.00,-28.00,0.50,40.0,-3,39,0.0769,0.0000,-50.00,-99.00,4383.82,-1.0123,DOWN,95.55,0.6489,1.2649
20260901 222026 373,4374.40,1,4374.40,4374.60,0.20,4374.40,1,4374.30,2,4374.20,4,4374.10,5,4374.00,9,4373.90,7,4373.80,7,4373.70,9,4373.60,10,4373.50,12,4374.60,3,4374.70,4,4374.80,9,4374.90,8,4375.00,8,4375.10,15,4375.20,16,4375.30,14,4375.40,16,4375.50,15,Buy,33,1,34,32.00,32.00,1.00,0.40,100.0,4374.00,4374.40,4374.00,4374.40,18,44,62,-26.00,1.00,-28.00,0.50,40.0,-3,39,0.0769,0.0000,-49.00,-98.00,4383.83,-1.0091,DOWN,95.55,0.6489,1.2649
20260901 222030 844,4374.40,1,4374.40,4374.60,0.20,4374.30,3,4374.20,4,4374.10,5,4374.00,10,4373.90,6,4373.80,7,4373.70,10,4373.60,10,4373.50,12,4373.40,14,4374.60,3,4374.70,4,4374.80,9,4374.90,8,4375.00,7,4375.10,15,4375.20,16,4375.30,14,4375.40,16,4375.50,16,Sell,33,2,35,31.00,32.00,1.00,0.40,100.0,4374.00,4374.40,4374.00,4374.40,18,44,62,-26.00,1.00,-28.00,0.50,40.0,-3,39,0.0769,0.0323,-50.00,-99.00,4383.83,-1.0091,DOWN,95.55,0.6489,1.2649
20260901 222030 844,4374.40,1,4374.40,4374.60,0.20,4374.40,3,4374.30,5,4374.20,5,4374.10,5,4374.00,9,4373.90,6,4373.80,14,4373.70,10,4373.60,10,4373.50,12,4374.60,1,4374.70,4,4374.80,8,4374.90,8,4375.00,7,4375.10,15,4375.20,16,4375.30,14,4375.40,16,4375.50,16,Sell,33,3,36,30.00,32.00,1.00,0.40,100.0,4374.00,4374.40,4374.00,4374.40,18,44,62,-26.00,1.00,-28.00,0.50,40.0,-3,39,0.0769,0.0667,-51.00,-100.00,4383.83,-1.0091,DOWN,95.55,0.6489,1.2649
20260901 222031 396,4374.40,1,4374.40,4374.60,0.20,4374.30,3,4374.20,5,4374.10,5,4374.00,9,4373.90,6,4373.80,13,4373.70,10,4373.60,10,4373.50,12,4373.40,14,4374.60,5,4374.70,4,4374.80,9,4374.90,9,4375.00,7,4375.10,15,4375.20,16,4375.30,14,4375.40,16,4375.50,16,Sell,33,4,37,29.00,32.00,1.00,0.40,100.0,4374.00,4374.40,4374.00,4374.40,18,44,62,-26.00,1.00,-28.00,0.50,40.0,-3,39,0.0769,0.1034,-52.00,-101.00,4383.83,-1.0091,DOWN,95.55,0.6489,1.2649
20260901 222032 987,4374.40,1,4374.40,4374.60,0.20,4374.30,3,4374.20,5,4374.10,5,4374.00,9,4373.90,6,4373.80,13,4373.70,10,4373.60,10,4373.50,12,4373.40,14,4374.50,1,4374.60,5,4374.70,4,4374.80,9,4374.90,8,4375.00,7,4375.10,16,4375.20,16,4375.30,14,4375.40,16,Sell,33,5,38,28.00,32.00,1.00,0.40,100.0,4374.00,4374.40,4374.00,4374.40,18,44,62,-26.00,1.00,-28.00,0.50,40.0,-3,39,0.0769,0.1429,-53.00,-102.00,4383.83,-1.0091,DOWN,95.55,0.6489,1.2649
20260901 222034 762,4374.30,1,4374.30,4374.50,0.20,4374.30,2,4374.20,5,4374.10,5,4374.00,9,4373.90,6,4373.80,13,4373.70,10,4373.60,10,4373.50,12,4373.40,14,4374.50,2,4374.60,5,4374.70,4,4374.80,9,4374.90,8,4375.00,7,4375.10,16,4375.20,16,4375.30,14,4375.40,16,Sell,33,6,39,27.00,32.00,1.00,0.40,75.0,4374.00,4374.40,4374.00,4374.30,18,44,62,-26.00,1.00,-28.00,0.50,40.0,-3,39,0.0769,0.1852,-54.00,-103.00,4383.82,-1.0123,DOWN,95.55,0.6489,1.2649
20260901 222040 361,4374.20,1,4374.20,4374.40,0.20,4374.10,4,4374.00,7,4373.90,6,4373.80,7,4373.70,4,4373.60,10,4373.50,12,4373.40,14,4373.30,12,4373.20,9,4374.40,4,4374.50,5,4374.60,5,4374.70,5,4374.80,9,4374.90,8,4375.00,18,4375.10,15,4375.20,16,4375.30,14,Sell,33,7,40,26.00,32.00,1.00,0.40,50.0,4374.00,4374.40,4374.00,4374.20,18,44,62,-26.00,1.00,-28.00,0.50,40.0,-3,39,0.0769,0.2308,-55.00,-104.00,4383.81,-1.0154,DOWN,95.55,0.6489,1.2649
20260901 222047 372,4374.30,1,4374.20,4374.30,0.10,4374.10,4,4374.00,6,4373.90,6,4373.80,7,4373.70,5,4373.60,10,4373.50,12,4373.40,13,4373.30,12,4373.20,9,4374.30,4,4374.40,5,4374.50,6,4374.60,6,4374.70,6,4374.80,10,4374.90,8,4375.00,18,4375.10,15,4375.20,16,Buy,34,7,41,27.00,32.00,1.00,0.40,75.0,4374.00,4374.40,4374.00,4374.30,18,44,62,-26.00,1.00,-28.00,0.50,40.0,-3,39,0.0769,0.1852,-54.00,-103.00,4383.82,-1.0123,DOWN,95.55,0.6489,1.2649
20260901 222049 025,4374.40,1,4374.40,4374.60,0.20,4374.40,3,4374.30,5,4374.20,4,4374.10,5,4374.00,8,4373.90,6,4373.80,13,4373.70,11,4373.60,10,4373.50,12,4374.60,3,4374.70,4,4374.80,8,4374.90,8,4375.00,8,4375.10,5,4375.20,6,4375.30,14,4375.40,16,4375.50,16,Buy,35,7,42,28.00,32.00,1.00,0.40,100.0,4374.00,4374.40,4374.00,4374.40,18,44,62,-26.00,1.00,-28.00,0.50,40.0,-3,39,0.0769,0.1429,-53.00,-102.00,4383.83,-1.0091,DOWN,95.55,0.6489,1.2649
20260901 222049 025,4374.40,1,4374.40,4374.60,0.20,4374.40,3,4374.30,5,4374.20,4,4374.10,5,4374.00,8,4373.90,6,4373.80,13,4373.70,11,4373.60,10,4373.50,12,4374.60,3,4374.70,4,4374.80,8,4374.90,8,4375.00,8,4375.10,5,4375.20,6,4375.30,14,4375.40,16,4375.50,16,Buy,36,7,43,29.00,32.00,1.00,0.40,100.0,4374.00,4374.40,4374.00,4374.40,18,44,62,-26.00,1.00,-28.00,0.50,40.0,-3,39,0.0769,0.1034,-52.00,-101.00,4383.83,-1.0091,DOWN,95.55,0.6489,1.2649
20260901 222049 025,4374.50,1,4374.40,4374.60,0.20,4374.40,3,4374.30,5,4374.20,4,4374.10,5,4374.00,8,4373.90,6,4373.80,13,4373.70,11,4373.60,10,4373.50,12,4374.60,3,4374.70,4,4374.80,8,4374.90,8,4375.00,8,4375.10,5,4375.20,6,4375.30,14,4375.40,16,4375.50,16,Buy,37,7,44,30.00,32.00,1.00,0.50,100.0,4374.00,4374.50,4374.00,4374.50,18,44,62,-26.00,1.00,-28.00,0.50,40.0,-3,39,0.0769,0.0667,-51.00,-100.00,4383.84,-1.0059,DOWN,95.55,0.6489,1.2720
20260901 222049 025,4374.50,1,4374.40,4374.60,0.20,4374.40,3,4374.30,5,4374.20,4,4374.10,5,4374.00,8,4373.90,6,4373.80,13,4373.70,11,4373.60,10,4373.50,12,4374.60,3,4374.70,4,4374.80,8,4374.90,8,4375.00,8,4375.10,5,4375.20,6,4375.30,14,4375.40,16,4375.50,16,Buy,38,7,45,31.00,32.00,1.00,0.50,100.0,4374.00,4374.50,4374.00,4374.50,18,44,62,-26.00,1.00,-28.00,0.50,40.0,-3,39,0.0769,0.0323,-50.00,-99.00,4383.84,-1.0059,DOWN,95.55,0.6489,1.2720
20260901 222049 025,4374.50,1,4374.40,4374.60,0.20,4374.40,3,4374.30,5,4374.20,4,4374.10,5,4374.00,8,4373.90,6,4373.80,13,4373.70,11,4373.60,10,4373.50,12,4374.60,3,4374.70,4,4374.80,8,4374.90,8,4375.00,8,4375.10,5,4375.20,6,4375.30,14,4375.40,16,4375.50,16,Buy,39,7,46,32.00,32.00,1.00,0.50,100.0,4374.00,4374.50,4374.00,4374.50,18,44,62,-26.00,1.00,-28.00,0.50,40.0,-3,39,0.0769,0.0000,-49.00,-98.00,4383.84,-1.0059,DOWN,95.55,0.6489,1.2720
20260901 222049 026,4374.60,1,4374.40,4374.60,0.20,4374.40,3,4374.30,5,4374.20,4,4374.10,5,4374.00,8,4373.90,6,4373.80,13,4373.70,11,4373.60,10,4373.50,12,4374.60,3,4374.70,4,4374.80,8,4374.90,8,4375.00,8,4375.10,5,4375.20,6,4375.30,14,4375.40,16,4375.50,16,Buy,40,7,47,33.00,33.00,1.00,0.60,100.0,4374.00,4374.60,4374.00,4374.60,18,44,62,-26.00,1.00,-28.00,0.50,40.0,-3,39,0.0769,0.0000,-48.00,-97.00,4383.85,-1.0027,DOWN,95.55,0.6489,1.2791
20260901 222049 026,4374.60,1,4374.40,4374.60,0.20,4374.40,3,4374.30,5,4374.20,4,4374.10,5,4374.00,8,4373.90,6,4373.80,13,4373.70,11,4373.60,10,4373.50,12,4374.60,3,4374.70,4,4374.80,8,4374.90,8,4375.00,8,4375.10,5,4375.20,6,4375.30,14,4375.40,16,4375.50,16,Buy,41,7,48,34.00,34.00,1.00,0.60,100.0,4374.00,4374.60,4374.00,4374.60,18,44,62,-26.00,1.00,-28.00,0.50,40.0,-3,39,0.0769,0.0000,-47.00,-96.00,4383.85,-1.0027,DOWN,95.55,0.6489,1.2791
20260901 222049 028,4374.40,1,4374.40,4374.60,0.20,4374.40,3,4374.30,5,4374.20,4,4374.10,5,4374.00,8,4373.90,6,4373.80,13,4373.70,11,4373.60,10,4373.50,12,4374.60,3,4374.70,4,4374.80,8,4374.90,8,4375.00,8,4375.10,5,4375.20,6,4375.30,14,4375.40,16,4375.50,16,Sell,41,8,49,33.00,34.00,1.00,0.60,66.7,4374.00,4374.60,4374.00,4374.40,18,44,62,-26.00,1.00,-28.00,0.50,40.0,-3,39,0.0769,0.0303,-48.00,-97.00,4383.83,-1.0091,DOWN,95.55,0.6489,1.2791
20260901 222049 098,4374.60,1,4374.70,4374.90,0.20,4374.70,2,4374.60,5,4374.50,5,4374.40,7,4374.30,5,4374.20,6,4374.10,6,4374.00,14,4373.90,12,4373.80,13,4374.90,3,4375.00,5,4375.10,4,4375.20,6,4375.30,4,4375.40,6,4375.50,16,4375.60,17,4375.70,15,4375.80,16,Buy,42,8,50,34.00,34.00,1.00,0.60,100.0,4374.00,4374.60,4374.00,4374.60,18,44,62,-26.00,1.00,-28.00,0.50,40.0,-3,39,0.0769,0.0000,-47.00,-96.00,4383.85,-1.0027,DOWN,95.55,0.6489,1.2791
20260901 222049 098,4374.60,1,4374.70,4374.90,0.20,4374.70,2,4374.60,5,4374.50,5,4374.40,7,4374.30,5,4374.20,6,4374.10,6,4374.00,14,4373.90,12,4373.80,13,4374.90,3,4375.00,5,4375.10,4,4375.20,6,4375.30,4,4375.40,6,4375.50,16,4375.60,17,4375.70,15,4375.80,16,Buy,43,8,51,35.00,35.00,1.00,0.60,100.0,4374.00,4374.60,4374.00,4374.60,18,44,62,-26.00,1.00,-28.00,0.50,40.0,-3,39,0.0769,0.0000,-46.00,-95.00,4383.85,-1.0027,DOWN,95.55,0.6489,1.2791
20260901 222049 098,4374.60,1,4374.70,4374.90,0.20,4374.70,2,4374.60,5,4374.50,5,4374.40,7,4374.30,5,4374.20,6,4374.10,6,4374.00,14,4373.90,12,4373.80,13,4374.90,3,4375.00,5,4375.10,4,4375.20,6,4375.30,4,4375.40,6,4375.50,16,4375.60,17,4375.70,15,4375.80,16,Buy,44,8,52,36.00,36.00,1.00,0.60,100.0,4374.00,4374.60,4374.00,4374.60,18,44,62,-26.00,1.00,-28.00,0.50,40.0,-3,39,0.0769,0.0000,-45.00,-94.00,4383.85,-1.0027,DOWN,95.55,0.6489,1.2791
20260901 222049 100,4374.70,1,4374.70,4374.90,0.20,4374.70,2,4374.60,5,4374.50,5,4374.40,7,4374.30,5,4374.20,6,4374.10,6,4374.00,14,4373.90,12,4373.80,13,4374.90,3,4375.00,5,4375.10,4,4375.20,6,4375.30,4,4375.40,6,4375.50,16,4375.60,17,4375.70,15,4375.80,16,Buy,45,8,53,37.00,37.00,1.00,0.70,100.0,4374.00,4374.70,4374.00,4374.70,18,44,62,-26.00,1.00,-28.00,0.50,40.0,-3,39,0.0769,0.0000,-44.00,-93.00,4383.86,-0.9996,DOWN,95.55,0.6489,1.2863
20260901 222049 100,4374.70,1,4374.70,4374.90,0.20,4374.70,2,4374.60,5,4374.50,5,4374.40,7,4374.30,5,4374.20,6,4374.10,6,4374.00,14,4373.90,12,4373.80,13,4374.90,3,4375.00,5,4375.10,4,4375.20,6,4375.30,4,4375.40,6,4375.50,16,4375.60,17,4375.70,15,4375.80,16,Buy,46,8,54,38.00,38.00,1.00,0.70,100.0,4374.00,4374.70,4374.00,4374.70,18,44,62,-26.00,1.00,-28.00,0.50,40.0,-3,39,0.0769,0.0000,-43.00,-92.00,4383.86,-0.9996,DOWN,95.55,0.6489,1.2863
20260901 222049 102,4374.80,1,4374.70,4374.90,0.20,4374.70,2,4374.60,5,4374.50,5,4374.40,7,4374.30,5,4374.20,6,4374.10,6,4374.00,14,4373.90,12,4373.80,13,4374.90,3,4375.00,5,4375.10,4,4375.20,6,4375.30,4,4375.40,6,4375.50,16,4375.60,17,4375.70,15,4375.80,16,Buy,47,8,55,39.00,39.00,1.00,0.80,100.0,4374.00,4374.80,4374.00,4374.80,18,44,62,-26.00,1.00,-28.00,0.50,40.0,-3,39,0.0769,0.0000,-42.00,-91.00,4383.87,-0.9964,DOWN,95.55,0.6489,1.2934
20260901 222049 102,4374.80,1,4374.70,4374.90,0.20,4374.70,2,4374.60,5,4374.50,5,4374.40,7,4374.30,5,4374.20,6,4374.10,6,4374.00,14,4373.90,12,4373.80,13,4374.90,3,4375.00,5,4375.10,4,4375.20,6,4375.30,4,4375.40,6,4375.50,16,4375.60,17,4375.70,15,4375.80,16,Buy,48,8,56,40.00,40.00,1.00,0.80,100.0,4374.00,4374.80,4374.00,4374.80,18,44,62,-26.00,1.00,-28.00,0.50,40.0,-3,39,0.0769,0.0000,-41.00,-90.00,4383.87,-0.9964,DOWN,95.55,0.6489,1.2934
20260901 222049 102,4374.80,1,4374.70,4374.90,0.20,4374.70,2,4374.60,5,4374.50,5,4374.40,7,4374.30,5,4374.20,6,4374.10,6,4374.00,14,4373.90,12,4373.80,13,4374.90,3,4375.00,5,4375.10,4,4375.20,6,4375.30,4,4375.40,6,4375.50,16,4375.60,17,4375.70,15,4375.80,16,Buy,49,8,57,41.00,41.00,1.00,0.80,100.0,4374.00,4374.80,4374.00,4374.80,18,44,62,-26.00,1.00,-28.00,0.50,40.0,-3,39,0.0769,0.0000,-40.00,-89.00,4383.87,-0.9964,DOWN,95.55,0.6489,1.2934
20260901 222049 102,4374.80,3,4374.70,4374.90,0.20,4374.70,2,4374.60,5,4374.50,5,4374.40,7,4374.30,5,4374.20,6,4374.10,6,4374.00,14,4373.90,12,4373.80,13,4374.90,3,4375.00,5,4375.10,4,4375.20,6,4375.30,4,4375.40,6,4375.50,16,4375.60,17,4375.70,15,4375.80,16,Buy,52,8,60,44.00,44.00,1.00,0.80,100.0,4374.00,4374.80,4374.00,4374.80,18,44,62,-26.00,1.00,-28.00,0.50,40.0,-3,39,0.0769,0.0000,-37.00,-86.00,4383.87,-0.9964,DOWN,95.55,0.6489,1.2934
20260901 222049 102,4374.80,1,4374.70,4374.90,0.20,4374.70,2,4374.60,5,4374.50,5,4374.40,7,4374.30,5,4374.20,6,4374.10,6,4374.00,14,4373.90,12,4373.80,13,4374.90,3,4375.00,5,4375.10,4,4375.20,6,4375.30,4,4375.40,6,4375.50,16,4375.60,17,4375.70,15,4375.80,16,Buy,53,8,61,45.00,45.00,1.00,0.80,100.0,4374.00,4374.80,4374.00,4374.80,18,44,62,-26.00,1.00,-28.00,0.50,40.0,-3,39,0.0769,0.0000,-36.00,-85.00,4383.87,-0.9964,DOWN,95.55,0.6489,1.2934
20260901 222049 102,4374.90,1,4374.70,4374.90,0.20,4374.70,2,4374.60,5,4374.50,5,4374.40,7,4374.30,5,4374.20,6,4374.10,6,4374.00,14,4373.90,12,4373.80,13,4374.90,3,4375.00,5,4375.10,4,4375.20,6,4375.30,4,4375.40,6,4375.50,16,4375.60,17,4375.70,15,4375.80,16,Buy,54,8,62,46.00,46.00,1.00,0.90,100.0,4374.00,4374.90,4374.00,4374.90,18,44,62,-26.00,1.00,-28.00,0.50,40.0,-3,39,0.0769,0.0000,-35.00,-84.00,4383.88,-0.9932,DOWN,95.55,0.6489,1.3006
20260901 222049 975,4374.90,1,4374.70,4374.90,0.20,4374.70,2,4374.60,5,4374.50,5,4374.40,7,4374.30,6,4374.20,6,4374.10,6,4374.00,14,4373.90,12,4373.80,13,4374.90,2,4375.00,4,4375.10,4,4375.20,6,4375.30,4,4375.40,6,4375.50,16,4375.60,17,4375.70,15,4375.80,16,Buy,55,8,63,47.00,47.00,1.00,0.90,100.0,4374.00,4374.90,4374.00,4374.90,18,44,62,-26.00,1.00,-28.00,0.50,40.0,-3,39,0.0769,0.0000,-34.00,-83.00,4383.88,-0.9932,DOWN,95.55,0.6489,1.3006
20260901 222051 610,4374.70,1,4374.60,4374.90,0.30,4374.60,3,4374.50,3,4374.40,8,4374.30,7,4374.20,6,4374.10,12,4374.00,14,4373.90,12,4373.80,13,4373.70,11,4374.90,4,4375.00,3,4375.10,4,4375.20,6,4375.30,4,4375.40,6,4375.50,16,4375.60,17,4375.70,15,4375.80,16,Sell,55,9,64,46.00,47.00,1.00,0.90,77.8,4374.00,4374.90,4374.00,4374.70,18,44,62,-26.00,1.00,-28.00,0.50,40.0,-3,39,0.0769,0.0217,-35.00,-84.00,4383.86,-0.9996,DOWN,95.55,0.6489,1.3006
20260901 222054 597,4374.90,1,4374.70,4374.90,0.20,4374.70,1,4374.60,4,4374.50,3,4374.40,8,4374.30,7,4374.20,6,4374.10,12,4374.00,14,4373.90,12,4373.80,13,4374.90,2,4375.00,3,4375.10,4,4375.20,6,4375.30,4,4375.40,6,4375.50,16,4375.60,16,4375.70,15,4375.80,16,Buy,56,9,65,47.00,47.00,1.00,0.90,100.0,4374.00,4374.90,4374.00,4374.90,18,44,62,-26.00,1.00,-28.00,0.50,40.0,-3,39,0.0769,0.0000,-34.00,-83.00,4383.88,-0.9932,DOWN,95.55,0.6489,1.3006
20260901 222055 150,4374.60,1,4374.60,4374.80,0.20,4374.60,1,4374.50,3,4374.40,8,4374.30,6,4374.20,6,4374.10,12,4374.00,14,4373.90,12,4373.80,13,4373.70,11,4374.80,3,4374.90,5,4375.00,3,4375.10,5,4375.20,6,4375.30,5,4375.40,6,4375.50,16,4375.60,16,4375.70,15,Sell,56,10,66,46.00,47.00,1.00,0.90,66.7,4374.00,4374.90,4374.00,4374.60,18,44,62,-26.00,1.00,-28.00,0.50,40.0,-3,39,0.0769,0.0217,-35.00,-84.00,4383.85,-1.0027,DOWN,95.55,0.6489,1.3006
20260901 222055 269,4374.80,1,4374.60,4374.80,0.20,4374.60,1,4374.50,3,4374.40,8,4374.30,6,4374.20,6,4374.10,12,4374.00,16,4373.90,12,4373.80,13,4373.70,11,4374.80,4,4374.90,5,4375.00,3,4375.10,5,4375.20,7,4375.30,4,4375.40,6,4375.50,16,4375.60,16,4375.70,15,Buy,57,10,67,47.00,47.00,1.00,0.90,88.9,4374.00,4374.90,4374.00,4374.80,18,44,62,-26.00,1.00,-28.00,0.50,40.0,-3,39,0.0769,0.0000,-34.00,-83.00,4383.87,-0.9964,DOWN,95.55,0.6489,1.3006
20260901 222059 969,4374.80,1,4374.60,4374.80,0.20,4374.60,3,4374.50,3,4374.40,8,4374.30,5,4374.20,6,4374.10,12,4374.00,16,4373.90,12,4373.80,13,4373.70,12,4374.80,2,4374.90,5,4375.00,7,4375.10,5,4375.20,7,4375.30,4,4375.40,6,4375.50,16,4375.60,16,4375.70,15,Buy,58,10,68,48.00,48.00,1.00,0.90,88.9,4374.00,4374.90,4374.00,4374.80,18,44,62,-26.00,1.00,-28.00,0.50,40.0,-3,39,0.0769,0.0000,-33.00,-82.00,4383.87,-0.9964,DOWN,95.55,0.6489,1.3006
20260901 222100 417,4374.70,1,4374.60,4374.80,0.20,4374.60,3,4374.50,4,4374.40,6,4374.30,3,4374.20,6,4374.10,6,4374.00,16,4373.90,12,4373.80,13,4373.70,13,4374.80,2,4374.90,3,4375.00,7,4375.10,6,4375.20,6,4375.30,4,4375.40,16,4375.50,16,4375.60,16,4375.70,15,Sell,0,1,1,-1.00,-1.00,-1.00,0.00,0.0,4374.70,4374.70,4374.70,4374.70,58,10,68,48.00,48.00,1.00,0.90,88.9,48,96,0.0000,0.0000,-25.00,-61.00,4383.86,-0.9996,DOWN,79.80,0.8521,1.2148
20260901 222100 418,4374.70,1,4374.60,4374.80,0.20,4374.60,3,4374.50,4,4374.40,6,4374.30,3,4374.20,6,4374.10,6,4374.00,16,4373.90,12,4373.80,13,4373.70,13,4374.80,2,4374.90,3,4375.00,7,4375.10,6,4375.20,6,4375.30,4,4375.40,16,4375.50,16,4375.60,16,4375.70,15,Buy,1,1,2,0.00,0.00,-1.00,0.00,0.0,4374.70,4374.70,4374.70,4374.70,58,10,68,48.00,48.00,1.00,0.90,88.9,48,96,0.0000,0.0000,-24.00,-60.00,4383.86,-0.9996,DOWN,79.80,0.8521,1.2148
20260901 222100 681,4374.80,1,4374.60,4374.70,0.10,4374.60,1,4374.50,3,4374.40,6,4374.30,3,4374.20,7,4374.10,6,4374.00,16,4373.90,12,4373.80,13,4373.70,13,4374.70,1,4374.80,2,4374.90,4,4375.00,7,4375.10,6,4375.20,6,4375.30,4,4375.40,16,4375.50,16,4375.60,16,Buy,2,1,3,1.00,1.00,-1.00,0.10,100.0,4374.70,4374.80,4374.70,4374.80,58,10,68,48.00,48.00,1.00,0.90,88.9,48,96,0.0000,0.0000,-23.00,-59.00,4383.87,-0.9964,DOWN,79.80,0.8521,1.2148
20260901 222105 880,4374.60,1,4374.40,4374.60,0.20,4374.40,4,4374.30,2,4374.20,5,4374.10,5,4374.00,8,4373.90,12,4373.80,13,4373.70,13,4373.60,11,4373.50,11,4374.60,2,4374.70,5,4374.80,2,4374.90,6,4375.00,10,4375.10,6,4375.20,6,4375.30,14,4375.40,16,4375.50,16,Buy,3,1,4,2.00,2.00,-1.00,0.20,50.0,4374.70,4374.80,4374.60,4374.60,58,10,68,48.00,48.00,1.00,0.90,88.9,48,96,0.0000,0.0000,-22.00,-58.00,4383.85,-1.0027,DOWN,79.80,0.8521,1.2220
20260901 222106 548,4374.60,1,4374.40,4374.60,0.20,4374.40,1,4374.30,2,4374.20,5,4374.10,5,4374.00,8,4373.90,12,4373.80,13,4373.70,13,4373.60,11,4373.50,11,4374.60,2,4374.70,5,4374.80,2,4374.90,6,4375.00,10,4375.10,6,4375.20,6,4375.30,14,4375.40,16,4375.50,16,Buy,4,1,5,3.00,3.00,-1.00,0.20,50.0,4374.70,4374.80,4374.60,4374.60,58,10,68,48.00,48.00,1.00,0.90,88.9,48,96,0.0000,0.0000,-21.00,-57.00,4383.85,-1.0027,DOWN,79.80,0.8521,1.2220
20260901 222108 415,4374.40,1,4374.40,4374.70,0.30,4374.40,5,4374.30,6,4374.20,6,4374.10,11,4374.00,8,4373.90,12,4373.80,13,4373.70,13,4373.60,11,4373.50,11,4374.70,5,4374.80,2,4374.90,5,4375.00,9,4375.10,6,4375.20,6,4375.30,14,4375.40,16,4375.50,16,4375.60,16,Sell,4,2,6,2.00,3.00,-1.00,0.40,75.0,4374.70,4374.80,4374.40,4374.40,58,10,68,48.00,48.00,1.00,0.90,88.9,48,96,0.0000,0.5000,-22.00,-58.00,4383.83,-1.0091,DOWN,79.80,0.8521,1.2362
20260901 222108 416,4374.40,1,4374.40,4374.70,0.30,4374.40,5,4374.30,6,4374.20,6,4374.10,11,4374.00,8,4373.90,12,4373.80,13,4373.70,13,4373.60,11,4373.50,11,4374.70,5,4374.80,2,4374.90,5,4375.00,9,4375.10,6,4375.20,6,4375.30,14,4375.40,16,4375.50,16,4375.60,16,Sell,4,3,7,1.00,3.00,-1.00,0.40,75.0,4374.70,4374.80,4374.40,4374.40,58,10,68,48.00,48.00,1.00,0.90,88.9,48,96,0.0000,2.0000,-23.00,-59.00,4383.83,-1.0091,DOWN,79.80,0.8521,1.2362
20260901 222115 319,4374.70,1,4374.50,4374.70,0.20,4374.50,4,4374.40,7,4374.30,4,4374.20,7,4374.10,7,4374.00,8,4373.90,12,4373.80,13,4373.70,13,4373.60,11,4374.70,2,4374.80,2,4374.90,5,4375.00,9,4375.10,6,4375.20,6,4375.30,14,4375.40,16,4375.50,16,4375.60,16,Buy,5,3,8,2.00,3.00,-1.00,0.40,0.0,4374.70,4374.80,4374.40,4374.70,58,10,68,48.00,48.00,1.00,0.90,88.9,48,96,0.0000,0.5000,-22.00,-58.00,4383.86,-0.9996,DOWN,79.80,0.8521,1.2362
20260901 222117 532,4374.60,1,4374.40,4374.60,0.20,4374.40,2,4374.30,3,4374.20,6,4374.10,6,4374.00,8,4373.90,12,4373.80,14,4373.70,13,4373.60,11,4373.50,11,4374.60,3,4374.70,7,4374.80,2,4374.90,5,4375.00,9,4375.10,6,4375.20,6,4375.30,14,4375.40,16,4375.50,16,Buy,6,3,9,3.00,3.00,-1.00,0.40,25.0,4374.70,4374.80,4374.40,4374.60,58,10,68,48.00,48.00,1.00,0.90,88.9,48,96,0.0000,0.0000,-21.00,-57.00,4383.85,-1.0027,DOWN,79.80,0.8521,1.2362
20260901 222117 752,4374.40,1,4374.40,4374.60,0.20,4374.30,3,4374.20,6,4374.10,6,4374.00,8,4373.90,12,4373.80,14,4373.70,13,4373.60,11,4373.50,12,4373.40,13,4374.70,7,4374.80,2,4374.90,5,4375.00,9,4375.10,6,4375.20,6,4375.30,14,4375.40,16,4375.50,16,4375.60,16,Sell,6,4,10,2.00,3.00,-1.00,0.40,75.0,4374.70,4374.80,4374.40,4374.40,58,10,68,48.00,48.00,1.00,0.90,88.9,48,96,0.0000,0.5000,-22.00,-58.00,4383.83,-1.0091,DOWN,79.80,0.8521,1.2362
20260901 222117 752,4374.40,1,4374.40,4374.60,0.20,4374.30,3,4374.20,6,4374.10,6,4374.00,8,4373.90,12,4373.80,14,4373.70,13,4373.60,11,4373.50,12,4373.40,13,4374.70,7,4374.80,2,4374.90,5,4375.00,9,4375.10,6,4375.20,6,4375.30,14,4375.40,16,4375.50,16,4375.60,16,Sell,6,5,11,1.00,3.00,-1.00,0.40,75.0,4374.70,4374.80,4374.40,4374.40,58,10,68,48.00,48.00,1.00,0.90,88.9,48,96,0.0000,2.0000,-23.00,-59.00,4383.83,-1.0091,DOWN,79.80,0.8521,1.2362
20260901 222117 752,4374.60,1,4374.40,4374.60,0.20,4374.30,3,4374.20,6,4374.10,6,4374.00,8,4373.90,12,4373.80,14,4373.70,13,4373.60,11,4373.50,12,4373.40,13,4374.70,7,4374.80,2,4374.90,5,4375.00,9,4375.10,6,4375.20,6,4375.30,14,4375.40,16,4375.50,16,4375.60,16,Buy,7,5,12,2.00,3.00,-1.00,0.40,25.0,4374.70,4374.80,4374.40,4374.60,58,10,68,48.00,48.00,1.00,0.90,88.9,48,96,0.0000,0.5000,-22.00,-58.00,4383.85,-1.0027,DOWN,79.80,0.8521,1.2362
20260901 222117 752,4374.60,1,4374.40,4374.60,0.20,4374.30,3,4374.20,6,4374.10,6,4374.00,8,4373.90,12,4373.80,14,4373.70,13,4373.60,11,4373.50,12,4373.40,13,4374.70,7,4374.80,2,4374.90,5,4375.00,9,4375.10,6,4375.20,6,4375.30,14,4375.40,16,4375.50,16,4375.60,16,Buy,8,5,13,3.00,3.00,-1.00,0.40,25.0,4374.70,4374.80,4374.40,4374.60,58,10,68,48.00,48.00,1.00,0.90,88.9,48,96,0.0000,0.0000,-21.00,-57.00,4383.85,-1.0027,DOWN,79.80,0.8521,1.2362
20260901 222117 752,4374.60,1,4374.40,4374.60,0.20,4374.30,3,4374.20,6,4374.10,6,4374.00,8,4373.90,12,4373.80,14,4373.70,13,4373.60,11,4373.50,12,4373.40,13,4374.70,7,4374.80,2,4374.90,5,4375.00,9,4375.10,6,4375.20,6,4375.30,14,4375.40,16,4375.50,16,4375.60,16,Buy,9,5,14,4.00,4.00,-1.00,0.40,25.0,4374.70,4374.80,4374.40,4374.60,58,10,68,48.00,48.00,1.00,0.90,88.9,48,96,0.0000,0.0000,-20.00,-56.00,4383.85,-1.0027,DOWN,79.80,0.8521,1.2362
20260901 222118 514,4374.20,1,4374.20,4374.40,0.20,4374.20,2,4374.10,6,4374.00,8,4373.90,6,4373.80,13,4373.70,13,4373.60,11,4373.50,11,4373.40,13,4373.30,11,4374.40,1,4374.50,4,4374.60,6,4374.70,7,4374.80,4,4374.90,5,4375.00,10,4375.10,6,4375.20,6,4375.30,14,Sell,9,6,15,3.00,4.00,-1.00,0.60,83.3,4374.70,4374.80,4374.20,4374.20,58,10,68,48.00,48.00,1.00,0.90,88.9,48,96,0.0000,0.3333,-21.00,-57.00,4383.81,-1.0154,DOWN,79.80,0.8521,1.2505
20260901 222125 859,4374.40,1,4374.30,4374.60,0.30,4374.30,5,4374.20,3,4374.10,6,4374.00,8,4373.90,6,4373.80,13,4373.70,13,4373.60,11,4373.50,11,4373.40,13,4374.60,2,4374.70,5,4374.80,2,4374.90,5,4375.00,10,4375.10,6,4375.20,16,4375.30,14,4375.40,16,4375.50,16,Buy,10,6,16,4.00,4.00,-1.00,0.60,50.0,4374.70,4374.80,4374.20,4374.40,58,10,68,48.00,48.00,1.00,0.90,88.9,48,96,0.0000,0.0000,-20.00,-56.00,4383.83,-1.0091,DOWN,79.80,0.8521,1.2505
20260901 222125 861,4374.40,1,4374.30,4374.60,0.30,4374.30,5,4374.20,3,4374.10,6,4374.00,8,4373.90,6,4373.80,13,4373.70,13,4373.60,11,4373.50,11,4373.40,13,4374.60,2,4374.70,5,4374.80,2,4374.90,5,4375.00,10,4375.10,6,4375.20,16,4375.30,14,4375.40,16,4375.50,16,Buy,11,6,17,5.00,5.00,-1.00,0.60,50.0,4374.70,4374.80,4374.20,4374.40,58,10,68,48.00,48.00,1.00,0.90,88.9,48,96,0.0000,0.0000,-19.00,-55.00,4383.83,-1.0091,DOWN,79.80,0.8521,1.2505
20260901 222125 877,4374.40,1,4374.30,4374.60,0.30,4374.30,5,4374.20,3,4374.10,6,4374.00,8,4373.90,6,4373.80,13,4373.70,13,4373.60,11,4373.50,11,4373.40,13,4374.60,2,4374.70,5,4374.80,2,4374.90,5,4375.00,10,4375.10,6,4375.20,16,4375.30,14,4375.40,16,4375.50,16,Sell,11,7,18,4.00,5.00,-1.00,0.60,50.0,4374.70,4374.80,4374.20,4374.40,58,10,68,48.00,48.00,1.00,0.90,88.9,48,96,0.0000,0.2500,-20.00,-56.00,4383.83,-1.0091,DOWN,79.80,0.8521,1.2505
20260901 222125 877,4374.40,1,4374.30,4374.60,0.30,4374.30,5,4374.20,3,4374.10,6,4374.00,8,4373.90,6,4373.80,13,4373.70,13,4373.60,11,4373.50,11,4373.40,13,4374.60,2,4374.70,5,4374.80,2,4374.90,5,4375.00,10,4375.10,6,4375.20,16,4375.30,14,4375.40,16,4375.50,16,Sell,11,8,19,3.00,5.00,-1.00,0.60,50.0,4374.70,4374.80,4374.20,4374.40,58,10,68,48.00,48.00,1.00,0.90,88.9,48,96,0.0000,0.6667,-21.00,-57.00,4383.83,-1.0091,DOWN,79.80,0.8521,1.2505
20260901 222125 877,4374.40,1,4374.30,4374.60,0.30,4374.30,5,4374.20,3,4374.10,6,4374.00,8,4373.90,6,4373.80,13,4373.70,13,4373.60,11,4373.50,11,4373.40,13,4374.60,2,4374.70,5,4374.80,2,4374.90,5,4375.00,10,4375.10,6,4375.20,16,4375.30,14,4375.40,16,4375.50,16,Sell,11,9,20,2.00,5.00,-1.00,0.60,50.0,4374.70,4374.80,4374.20,4374.40,58,10,68,48.00,48.00,1.00,0.90,88.9,48,96,0.0000,1.5000,-22.00,-58.00,4383.83,-1.0091,DOWN,79.80,0.8521,1.2505
20260901 222128 369,4374.60,1,4374.40,4374.60,0.20,4374.40,3,4374.30,4,4374.20,3,4374.10,6,4374.00,9,4373.90,6,4373.80,13,4373.70,13,4373.60,11,4373.50,11,4374.60,1,4374.70,4,4374.80,2,4374.90,5,4375.00,10,4375.10,6,4375.20,16,4375.30,14,4375.40,16,4375.50,16,Buy,12,9,21,3.00,5.00,-1.00,0.60,16.7,4374.70,4374.80,4374.20,4374.60,58,10,68,48.00,48.00,1.00,0.90,88.9,48,96,0.0000,0.6667,-21.00,-57.00,4383.85,-1.0027,DOWN,79.80,0.8521,1.2505
20260901 222136 589,4374.60,1,4374.40,4374.60,0.20,4374.40,2,4374.30,2,4374.20,3,4374.10,7,4374.00,8,4373.90,6,4373.80,13,4373.70,13,4373.60,11,4373.50,11,4374.60,3,4374.70,4,4374.80,2,4374.90,5,4375.00,10,4375.10,6,4375.20,16,4375.30,14,4375.40,16,4375.50,16,Buy,13,9,22,4.00,5.00,-1.00,0.60,16.7,4374.70,4374.80,4374.20,4374.60,58,10,68,48.00,48.00,1.00,0.90,88.9,48,96,0.0000,0.2500,-20.00,-56.00,4383.85,-1.0027,DOWN,79.80,0.8521,1.2505
20260901 222137 606,4374.40,2,4374.40,4374.60,0.20,4374.40,2,4374.30,2,4374.20,3,4374.10,7,4374.00,9,4373.90,6,4373.80,13,4373.70,13,4373.60,11,4373.50,11,4374.60,3,4374.70,5,4374.80,2,4374.90,5,4375.00,10,4375.10,6,4375.20,16,4375.30,14,4375.40,16,4375.50,16,Sell,13,11,24,2.00,5.00,-1.00,0.60,50.0,4374.70,4374.80,4374.20,4374.40,58,10,68,48.00,48.00,1.00,0.90,88.9,48,96,0.0000,1.5000,-22.00,-58.00,4383.83,-1.0091,DOWN,79.80,0.8521,1.2505
20260901 222148 197,4374.10,1,4374.00,4374.20,0.20,4374.00,1,4373.90,3,4373.80,6,4373.70,7,4373.60,6,4373.50,12,4373.40,13,4373.30,11,4373.20,9,4373.10,9,4374.20,3,4374.30,4,4374.40,5,4374.50,5,4374.60,7,4374.70,7,4374.80,4,4374.90,5,4375.00,20,4375.10,11,Sell,13,12,25,1.00,5.00,-1.00,0.70,85.7,4374.70,4374.80,4374.10,4374.10,58,10,68,48.00,48.00,1.00,0.90,88.9,48,96,0.0000,4.0000,-23.00,-59.00,4383.80,-1.0186,DOWN,79.80,0.8521,1.2577
20260901 222148 197,4374.10,1,4374.00,4374.20,0.20,4374.00,1,4373.90,3,4373.80,6,4373.70,7,4373.60,6,4373.50,12,4373.40,13,4373.30,11,4373.20,9,4373.10,9,4374.20,3,4374.30,4,4374.40,5,4374.50,5,4374.60,7,4374.70,7,4374.80,4,4374.90,5,4375.00,20,4375.10,11,Sell,13,13,26,0.00,5.00,-1.00,0.70,85.7,4374.70,4374.80,4374.10,4374.10,58,10,68,48.00,48.00,1.00,0.90,88.9,48,96,0.0000,5.0000,-24.00,-60.00,4383.80,-1.0186,DOWN,79.80,0.8521,1.2577
20260901 222148 197,4374.10,1,4374.00,4374.20,0.20,4374.00,1,4373.90,3,4373.80,6,4373.70,7,4373.60,6,4373.50,12,4373.40,13,4373.30,11,4373.20,9,4373.10,9,4374.20,3,4374.30,4,4374.40,5,4374.50,5,4374.60,7,4374.70,7,4374.80,4,4374.90,5,4375.00,20,4375.10,11,Sell,13,14,27,-1.00,5.00,-1.00,0.70,85.7,4374.70,4374.80,4374.10,4374.10,58,10,68,48.00,48.00,1.00,0.90,88.9,48,96,0.0000,0.0000,-25.00,-61.00,4383.80,-1.0186,DOWN,79.80,0.8521,1.2577
20260901 222148 197,4374.10,1,4374.00,4374.20,0.20,4374.00,1,4373.90,3,4373.80,6,4373.70,7,4373.60,6,4373.50,12,4373.40,13,4373.30,11,4373.20,9,4373.10,9,4374.20,3,4374.30,4,4374.40,5,4374.50,5,4374.60,7,4374.70,7,4374.80,4,4374.90,5,4375.00,20,4375.10,11,Sell,13,15,28,-2.00,5.00,-2.00,0.70,85.7,4374.70,4374.80,4374.10,4374.10,58,10,68,48.00,48.00,1.00,0.90,88.9,48,96,0.0000,0.0000,-26.00,-62.00,4383.80,-1.0186,DOWN,79.80,0.8521,1.2577
20260901 222148 197,4374.10,2,4374.00,4374.20,0.20,4374.00,1,4373.90,3,4373.80,6,4373.70,7,4373.60,6,4373.50,12,4373.40,13,4373.30,11,4373.20,9,4373.10,9,4374.20,3,4374.30,4,4374.40,5,4374.50,5,4374.60,7,4374.70,7,4374.80,4,4374.90,5,4375.00,20,4375.10,11,Sell,13,17,30,-4.00,5.00,-4.00,0.70,85.7,4374.70,4374.80,4374.10,4374.10,58,10,68,48.00,48.00,1.00,0.90,88.9,48,96,0.0000,0.0000,-28.00,-64.00,4383.80,-1.0186,DOWN,79.80,0.8521,1.2577
20260901 222148 241,4374.10,1,4374.00,4374.10,0.10,4374.00,1,4373.90,3,4373.80,6,4373.70,7,4373.60,6,4373.50,12,4373.40,13,4373.30,11,4373.20,9,4373.10,9,4374.10,1,4374.20,3,4374.30,4,4374.40,5,4374.50,5,4374.60,7,4374.70,6,4374.80,4,4374.90,5,4375.00,20,Buy,14,17,31,-3.00,5.00,-4.00,0.70,85.7,4374.70,4374.80,4374.10,4374.10,58,10,68,48.00,48.00,1.00,0.90,88.9,48,96,0.0000,0.3333,-27.00,-63.00,4383.80,-1.0186,DOWN,79.80,0.8521,1.2577
20260901 222149 694,4374.10,1,4374.10,4374.40,0.30,4374.10,5,4374.00,6,4373.90,4,4373.80,7,4373.70,7,4373.60,6,4373.50,12,4373.40,13,4373.30,11,4373.20,9,4374.40,3,4374.50,5,4374.60,6,4374.70,6,4374.80,4,4374.90,5,4375.00,20,4375.10,11,4375.20,11,4375.30,9,Buy,15,17,32,-2.00,5.00,-4.00,0.70,85.7,4374.70,4374.80,4374.10,4374.10,58,10,68,48.00,48.00,1.00,0.90,88.9,48,96,0.0000,1.0000,-26.00,-62.00,4383.80,-1.0186,DOWN,79.80,0.8521,1.2577
20260901 222152 991,4374.40,1,4374.60,4374.80,0.20,4374.60,1,4374.50,2,4374.40,7,4374.30,7,4374.20,13,4374.10,6,4374.00,8,4373.90,11,4373.80,13,4373.70,13,4374.80,3,4374.90,3,4375.00,15,4375.10,6,4375.20,6,4375.30,4,4375.40,11,4375.50,13,4375.60,11,4375.70,12,Buy,16,17,33,-1.00,5.00,-4.00,0.70,42.9,4374.70,4374.80,4374.10,4374.40,58,10,68,48.00,48.00,1.00,0.90,88.9,48,96,0.0000,3.0000,-25.00,-61.00,4383.83,-1.0091,DOWN,79.80,0.8521,1.2577
20260901 222152 991,4374.40,1,4374.60,4374.80,0.20,4374.60,1,4374.50,2,4374.40,7,4374.30,7,4374.20,13,4374.10,6,4374.00,8,4373.90,11,4373.80,13,4373.70,13,4374.80,3,4374.90,3,4375.00,15,4375.10,6,4375.20,6,4375.30,4,4375.40,11,4375.50,13,4375.60,11,4375.70,12,Buy,17,17,34,0.00,5.00,-4.00,0.70,42.9,4374.70,4374.80,4374.10,4374.40,58,10,68,48.00,48.00,1.00,0.90,88.9,48,96,0.0000,5.0000,-24.00,-60.00,4383.83,-1.0091,DOWN,79.80,0.8521,1.2577
20260901 222152 991,4374.50,1,4374.60,4374.80,0.20,4374.60,1,4374.50,2,4374.40,7,4374.30,7,4374.20,13,4374.10,6,4374.00,8,4373.90,11,4373.80,13,4373.70,13,4374.80,3,4374.90,3,4375.00,15,4375.10,6,4375.20,6,4375.30,4,4375.40,11,4375.50,13,4375.60,11,4375.70,12,Buy,18,17,35,1.00,5.00,-4.00,0.70,28.6,4374.70,4374.80,4374.10,4374.50,58,10,68,48.00,48.00,1.00,0.90,88.9,48,96,0.0000,4.0000,-23.00,-59.00,4383.84,-1.0059,DOWN,79.80,0.8521,1.2577
20260901 222152 991,4374.50,1,4374.60,4374.80,0.20,4374.60,1,4374.50,2,4374.40,7,4374.30,7,4374.20,13,4374.10,6,4374.00,8,4373.90,11,4373.80,13,4373.70,13,4374.80,3,4374.90,3,4375.00,15,4375.10,6,4375.20,6,4375.30,4,4375.40,11,4375.50,13,4375.60,11,4375.70,12,Buy,19,17,36,2.00,5.00,-4.00,0.70,28.6,4374.70,4374.80,4374.10,4374.50,58,10,68,48.00,48.00,1.00,0.90,88.9,48,96,0.0000,1.5000,-22.00,-58.00,4383.84,-1.0059,DOWN,79.80,0.8521,1.2577
20260901 222152 991,4374.50,1,4374.60,4374.80,0.20,4374.60,1,4374.50,2,4374.40,7,4374.30,7,4374.20,13,4374.10,6,4374.00,8,4373.90,11,4373.80,13,4373.70,13,4374.80,3,4374.90,3,4375.00,15,4375.10,6,4375.20,6,4375.30,4,4375.40,11,4375.50,13,4375.60,11,4375.70,12,Buy,20,17,37,3.00,5.00,-4.00,0.70,28.6,4374.70,4374.80,4374.10,4374.50,58,10,68,48.00,48.00,1.00,0.90,88.9,48,96,0.0000,0.6667,-21.00,-57.00,4383.84,-1.0059,DOWN,79.80,0.8521,1.2577
20260901 222152 991,4374.60,1,4374.60,4374.80,0.20,4374.60,1,4374.50,2,4374.40,7,4374.30,7,4374.20,13,4374.10,6,4374.00,8,4373.90,11,4373.80,13,4373.70,13,4374.80,3,4374.90,3,4375.00,15,4375.10,6,4375.20,6,4375.30,4,4375.40,11,4375.50,13,4375.60,11,4375.70,12,Buy,21,17,38,4.00,5.00,-4.00,0.70,14.3,4374.70,4374.80,4374.10,4374.60,58,10,68,48.00,48.00,1.00,0.90,88.9,48,96,0.0000,0.2500,-20.00,-56.00,4383.85,-1.0027,DOWN,79.80,0.8521,1.2577
20260901 222152 991,4374.60,1,4374.60,4374.80,0.20,4374.60,1,4374.50,2,4374.40,7,4374.30,7,4374.20,13,4374.10,6,4374.00,8,4373.90,11,4373.80,13,4373.70,13,4374.80,3,4374.90,3,4375.00,15,4375.10,6,4375.20,6,4375.30,4,4375.40,11,4375.50,13,4375.60,11,4375.70,12,Buy,22,17,39,5.00,5.00,-4.00,0.70,14.3,4374.70,4374.80,4374.10,4374.60,58,10,68,48.00,48.00,1.00,0.90,88.9,48,96,0.0000,0.0000,-19.00,-55.00,4383.85,-1.0027,DOWN,79.80,0.8521,1.2577
20260901 222152 991,4374.60,1,4374.60,4374.80,0.20,4374.60,1,4374.50,2,4374.40,7,4374.30,7,4374.20,13,4374.10,6,4374.00,8,4373.90,11,4373.80,13,4373.70,13,4374.80,3,4374.90,3,4375.00,15,4375.10,6,4375.20,6,4375.30,4,4375.40,11,4375.50,13,4375.60,11,4375.70,12,Buy,23,17,40,6.00,6.00,-4.00,0.70,14.3,4374.70,4374.80,4374.10,4374.60,58,10,68,48.00,48.00,1.00,0.90,88.9,48,96,0.0000,0.0000,-18.00,-54.00,4383.85,-1.0027,DOWN,79.80,0.8521,1.2577
20260901 222152 991,4374.60,1,4374.60,4374.80,0.20,4374.60,1,4374.50,2,4374.40,7,4374.30,7,4374.20,13,4374.10,6,4374.00,8,4373.90,11,4373.80,13,4373.70,13,4374.80,3,4374.90,3,4375.00,15,4375.10,6,4375.20,6,4375.30,4,4375.40,11,4375.50,13,4375.60,11,4375.70,12,Buy,24,17,41,7.00,7.00,-4.00,0.70,14.3,4374.70,4374.80,4374.10,4374.60,58,10,68,48.00,48.00,1.00,0.90,88.9,48,96,0.0000,0.0000,-17.00,-53.00,4383.85,-1.0027,DOWN,79.80,0.8521,1.2577
20260901 222152 991,4374.60,1,4374.60,4374.80,0.20,4374.60,1,4374.50,2,4374.40,7,4374.30,7,4374.20,13,4374.10,6,4374.00,8,4373.90,11,4373.80,13,4373.70,13,4374.80,3,4374.90,3,4375.00,15,4375.10,6,4375.20,6,4375.30,4,4375.40,11,4375.50,13,4375.60,11,4375.70,12,Buy,25,17,42,8.00,8.00,-4.00,0.70,14.3,4374.70,4374.80,4374.10,4374.60,58,10,68,48.00,48.00,1.00,0.90,88.9,48,96,0.0000,0.0000,-16.00,-52.00,4383.85,-1.0027,DOWN,79.80,0.8521,1.2577
20260901 222152 991,4374.60,1,4374.60,4374.80,0.20,4374.60,1,4374.50,2,4374.40,7,4374.30,7,4374.20,13,4374.10,6,4374.00,8,4373.90,11,4373.80,13,4373.70,13,4374.80,3,4374.90,3,4375.00,15,4375.10,6,4375.20,6,4375.30,4,4375.40,11,4375.50,13,4375.60,11,4375.70,12,Buy,26,17,43,9.00,9.00,-4.00,0.70,14.3,4374.70,4374.80,4374.10,4374.60,58,10,68,48.00,48.00,1.00,0.90,88.9,48,96,0.0000,0.0000,-15.00,-51.00,4383.85,-1.0027,DOWN,79.80,0.8521,1.2577
20260901 222152 994,4374.70,1,4374.60,4374.80,0.20,4374.60,1,4374.50,2,4374.40,7,4374.30,7,4374.20,13,4374.10,6,4374.00,8,4373.90,11,4373.80,13,4373.70,13,4374.80,3,4374.90,3,4375.00,15,4375.10,6,4375.20,6,4375.30,4,4375.40,11,4375.50,13,4375.60,11,4375.70,12,Buy,27,17,44,10.00,10.00,-4.00,0.70,0.0,4374.70,4374.80,4374.10,4374.70,58,10,68,48.00,48.00,1.00,0.90,88.9,48,96,0.0000,0.0000,-14.00,-50.00,4383.86,-0.9996,DOWN,79.80,0.8521,1.2577
20260901 222152 994,4374.70,1,4374.60,4374.80,0.20,4374.60,1,4374.50,2,4374.40,7,4374.30,7,4374.20,13,4374.10,6,4374.00,8,4373.90,11,4373.80,13,4373.70,13,4374.80,3,4374.90,3,4375.00,15,4375.10,6,4375.20,6,4375.30,4,4375.40,11,4375.50,13,4375.60,11,4375.70,12,Buy,28,17,45,11.00,11.00,-4.00,0.70,0.0,4374.70,4374.80,4374.10,4374.70,58,10,68,48.00,48.00,1.00,0.90,88.9,48,96,0.0000,0.0000,-13.00,-49.00,4383.86,-0.9996,DOWN,79.80,0.8521,1.2577
20260901 222152 994,4374.70,1,4374.60,4374.80,0.20,4374.60,1,4374.50,2,4374.40,7,4374.30,7,4374.20,13,4374.10,6,4374.00,8,4373.90,11,4373.80,13,4373.70,13,4374.80,3,4374.90,3,4375.00,15,4375.10,6,4375.20,6,4375.30,4,4375.40,11,4375.50,13,4375.60,11,4375.70,12,Buy,29,17,46,12.00,12.00,-4.00,0.70,0.0,4374.70,4374.80,4374.10,4374.70,58,10,68,48.00,48.00,1.00,0.90,88.9,48,96,0.0000,0.0000,-12.00,-48.00,4383.86,-0.9996,DOWN,79.80,0.8521,1.2577
20260901 222152 994,4374.70,1,4374.60,4374.80,0.20,4374.60,1,4374.50,2,4374.40,7,4374.30,7,4374.20,13,4374.10,6,4374.00,8,4373.90,11,4373.80,13,4373.70,13,4374.80,3,4374.90,3,4375.00,15,4375.10,6,4375.20,6,4375.30,4,4375.40,11,4375.50,13,4375.60,11,4375.70,12,Buy,30,17,47,13.00,13.00,-4.00,0.70,0.0,4374.70,4374.80,4374.10,4374.70,58,10,68,48.00,48.00,1.00,0.90,88.9,48,96,0.0000,0.0000,-11.00,-47.00,4383.86,-0.9996,DOWN,79.80,0.8521,1.2577
20260901 222154 041,4374.60,1,4374.60,4374.80,0.20,4374.60,2,4374.50,2,4374.40,8,4374.30,7,4374.20,13,4374.10,6,4374.00,16,4373.90,11,4373.80,13,4373.70,13,4374.80,1,4374.90,2,4375.00,14,4375.10,6,4375.20,6,4375.30,4,4375.40,11,4375.50,13,4375.60,11,4375.70,12,Sell,30,18,48,12.00,13.00,-4.00,0.70,14.3,4374.70,4374.80,4374.10,4374.60,58,10,68,48.00,48.00,1.00,0.90,88.9,48,96,0.0000,0.0833,-12.00,-48.00,4383.85,-1.0027,DOWN,79.80,0.8521,1.2577
20260901 222154 861,4374.60,1,4374.60,4374.80,0.20,4374.60,2,4374.50,4,4374.40,8,4374.30,7,4374.20,12,4374.10,6,4374.00,16,4373.90,11,4373.80,13,4373.70,13,4374.80,1,4374.90,2,4375.00,14,4375.10,6,4375.20,6,4375.30,4,4375.40,11,4375.50,13,4375.60,11,4375.70,12,Sell,30,19,49,11.00,13.00,-4.00,0.70,14.3,4374.70,4374.80,4374.10,4374.60,58,10,68,48.00,48.00,1.00,0.90,88.9,48,96,0.0000,0.1818,-13.00,-49.00,4383.85,-1.0027,DOWN,79.80,0.8521,1.2577
20260901 222201 832,4374.60,1,4374.60,4374.90,0.30,4374.60,2,4374.50,4,4374.40,8,4374.30,8,4374.20,11,4374.10,14,4374.00,16,4373.90,11,4373.80,13,4373.70,13,4374.90,3,4375.00,12,4375.10,5,4375.20,6,4375.30,4,4375.40,11,4375.50,13,4375.60,11,4375.70,13,4375.80,11,Sell,0,1,1,-1.00,-1.00,-1.00,0.00,0.0,4374.60,4374.60,4374.60,4374.60,30,19,49,11.00,13.00,-4.00,0.70,14.3,24,78,0.1818,0.0000,11.00,-58.00,4383.85,-1.0027,DOWN,74.50,0.6577,1.1678
20260901 222206 412,4374.70,1,4374.70,4374.90,0.20,4374.70,1,4374.60,3,4374.50,4,4374.40,8,4374.30,8,4374.20,11,4374.10,14,4374.00,16,4373.90,11,4373.80,13,4374.90,3,4375.00,12,4375.10,5,4375.20,6,4375.30,4,4375.40,11,4375.50,13,4375.60,11,4375.70,12,4375.80,12,Sell,0,2,2,-2.00,-1.00,-2.00,0.10,100.0,4374.60,4374.70,4374.60,4374.70,30,19,49,11.00,13.00,-4.00,0.70,14.3,24,78,0.1818,0.0000,10.00,-59.00,4383.86,-0.9996,DOWN,74.50,0.6577,1.1750
20260901 222207 399,4374.80,1,4374.60,4374.80,0.20,4374.60,3,4374.50,4,4374.40,8,4374.30,8,4374.20,12,4374.10,14,4374.00,16,4373.90,11,4373.80,13,4373.70,13,4374.80,1,4374.90,4,4375.00,12,4375.10,5,4375.20,6,4375.30,4,4375.40,11,4375.50,13,4375.60,11,4375.70,12,Buy,1,2,3,-1.00,-1.00,-2.00,0.20,100.0,4374.60,4374.80,4374.60,4374.80,30,19,49,11.00,13.00,-4.00,0.70,14.3,24,78,0.1818,1.0000,11.00,-58.00,4383.87,-0.9964,DOWN,74.50,0.6577,1.1821
20260901 222207 399,4374.80,1,4374.60,4374.80,0.20,4374.60,3,4374.50,4,4374.40,8,4374.30,8,4374.20,12,4374.10,14,4374.00,16,4373.90,11,4373.80,13,4373.70,13,4374.80,1,4374.90,4,4375.00,12,4375.10,5,4375.20,6,4375.30,4,4375.40,11,4375.50,13,4375.60,11,4375.70,12,Buy,2,2,4,0.00,0.00,-2.00,0.20,100.0,4374.60,4374.80,4374.60,4374.80,30,19,49,11.00,13.00,-4.00,0.70,14.3,24,78,0.1818,0.0000,12.00,-57.00,4383.87,-0.9964,DOWN,74.50,0.6577,1.1821
20260901 222208 836,4374.80,1,4374.80,4374.90,0.10,4374.60,3,4374.50,4,4374.40,8,4374.30,8,4374.20,12,4374.10,14,4374.00,16,4373.90,11,4373.80,13,4373.70,13,4374.90,4,4375.00,12,4375.10,5,4375.20,6,4375.30,4,4375.40,11,4375.50,13,4375.60,11,4375.70,12,4375.80,11,Buy,3,2,5,1.00,1.00,-2.00,0.20,100.0,4374.60,4374.80,4374.60,4374.80,30,19,49,11.00,13.00,-4.00,0.70,14.3,24,78,0.1818,0.0000,13.00,-56.00,4383.87,-0.9964,DOWN,74.50,0.6577,1.1821
20260901 222208 842,4374.90,1,4374.80,4374.90,0.10,4374.60,3,4374.50,4,4374.40,8,4374.30,8,4374.20,12,4374.10,14,4374.00,16,4373.90,11,4373.80,13,4373.70,13,4374.90,4,4375.00,12,4375.10,5,4375.20,6,4375.30,4,4375.40,11,4375.50,13,4375.60,11,4375.70,12,4375.80,11,Buy,4,2,6,2.00,2.00,-2.00,0.30,100.0,4374.60,4374.90,4374.60,4374.90,30,19,49,11.00,13.00,-4.00,0.70,14.3,24,78,0.1818,0.0000,14.00,-55.00,4383.88,-0.9932,DOWN,74.50,0.6577,1.1893
20260901 222208 842,4374.90,1,4374.80,4374.90,0.10,4374.60,3,4374.50,4,4374.40,8,4374.30,8,4374.20,12,4374.10,14,4374.00,16,4373.90,11,4373.80,13,4373.70,13,4374.90,4,4375.00,12,4375.10,5,4375.20,6,4375.30,4,4375.40,11,4375.50,13,4375.60,11,4375.70,12,4375.80,11,Buy,5,2,7,3.00,3.00,-2.00,0.30,100.0,4374.60,4374.90,4374.60,4374.90,30,19,49,11.00,13.00,-4.00,0.70,14.3,24,78,0.1818,0.0000,15.00,-54.00,4383.88,-0.9932,DOWN,74.50,0.6577,1.1893
20260901 222208 842,4374.90,1,4374.80,4374.90,0.10,4374.60,3,4374.50,4,4374.40,8,4374.30,8,4374.20,12,4374.10,14,4374.00,16,4373.90,11,4373.80,13,4373.70,13,4374.90,4,4375.00,12,4375.10,5,4375.20,6,4375.30,4,4375.40,11,4375.50,13,4375.60,11,4375.70,12,4375.80,11,Buy,6,2,8,4.00,4.00,-2.00,0.30,100.0,4374.60,4374.90,4374.60,4374.90,30,19,49,11.00,13.00,-4.00,0.70,14.3,24,78,0.1818,0.0000,16.00,-53.00,4383.88,-0.9932,DOWN,74.50,0.6577,1.1893
20260901 222208 849,4374.90,1,4374.80,4374.90,0.10,4374.60,3,4374.50,4,4374.40,8,4374.30,8,4374.20,12,4374.10,14,4374.00,16,4373.90,11,4373.80,13,4373.70,13,4374.90,4,4375.00,12,4375.10,5,4375.20,6,4375.30,4,4375.40,11,4375.50,13,4375.60,11,4375.70,12,4375.80,11,Sell,6,3,9,3.00,4.00,-2.00,0.30,100.0,4374.60,4374.90,4374.60,4374.90,30,19,49,11.00,13.00,-4.00,0.70,14.3,24,78,0.1818,0.3333,15.00,-54.00,4383.88,-0.9932,DOWN,74.50,0.6577,1.1893
20260901 222208 855,4375.00,1,4374.80,4374.90,0.10,4374.60,3,4374.50,4,4374.40,8,4374.30,8,4374.20,12,4374.10,14,4374.00,16,4373.90,11,4373.80,13,4373.70,13,4374.90,4,4375.00,12,4375.10,5,4375.20,6,4375.30,4,4375.40,11,4375.50,13,4375.60,11,4375.70,12,4375.80,11,Buy,7,3,10,4.00,4.00,-2.00,0.40,100.0,4374.60,4375.00,4374.60,4375.00,30,19,49,11.00,13.00,-4.00,0.70,14.3,24,78,0.1818,0.0000,16.00,-53.00,4383.89,-0.9900,DOWN,74.50,0.6577,1.1964
20260901 222208 855,4375.00,3,4374.80,4374.90,0.10,4374.60,3,4374.50,4,4374.40,8,4374.30,8,4374.20,12,4374.10,14,4374.00,16,4373.90,11,4373.80,13,4373.70,13,4374.90,4,4375.00,12,4375.10,5,4375.20,6,4375.30,4,4375.40,11,4375.50,13,4375.60,11,4375.70,12,4375.80,11,Buy,10,3,13,7.00,7.00,-2.00,0.40,100.0,4374.60,4375.00,4374.60,4375.00,30,19,49,11.00,13.00,-4.00,0.70,14.3,24,78,0.1818,0.0000,19.00,-50.00,4383.89,-0.9900,DOWN,74.50,0.6577,1.1964
20260901 222210 001,4375.00,1,4374.80,4375.00,0.20,4374.80,1,4374.70,4,4374.60,7,4374.50,6,4374.40,9,4374.30,8,4374.20,19,4374.10,14,4374.00,16,4373.90,11,4375.00,6,4375.10,2,4375.20,3,4375.30,5,4375.40,5,4375.50,8,4375.60,16,4375.70,17,4375.80,16,4375.90,15,Buy,11,3,14,8.00,8.00,-2.00,0.40,100.0,4374.60,4375.00,4374.60,4375.00,30,19,49,11.00,13.00,-4.00,0.70,14.3,24,78,0.1818,0.0000,20.00,-49.00,4383.89,-0.9900,DOWN,74.50,0.6577,1.1964
20260901 222210 097,4374.80,1,4374.70,4374.90,0.20,4374.70,3,4374.60,5,4374.50,6,4374.40,9,4374.30,8,4374.20,19,4374.10,14,4374.00,16,4373.90,11,4373.80,13,4374.90,3,4375.00,7,4375.10,2,4375.20,4,4375.30,5,4375.40,5,4375.50,9,4375.60,16,4375.70,17,4375.80,16,Sell,11,4,15,7.00,8.00,-2.00,0.40,50.0,4374.60,4375.00,4374.60,4374.80,30,19,49,11.00,13.00,-4.00,0.70,14.3,24,78,0.1818,0.1429,19.00,-50.00,4383.87,-0.9964,DOWN,74.50,0.6577,1.1964
20260901 222216 771,4374.80,1,4374.70,4374.90,0.20,4374.70,2,4374.60,3,4374.50,3,4374.40,9,4374.30,8,4374.20,19,4374.10,14,4374.00,16,4373.90,11,4373.80,13,4374.90,2,4375.00,2,4375.10,2,4375.20,5,4375.30,5,4375.40,5,4375.50,8,4375.60,21,4375.70,17,4375.80,16,Buy,12,4,16,8.00,8.00,-2.00,0.40,50.0,4374.60,4375.00,4374.60,4374.80,30,19,49,11.00,13.00,-4.00,0.70,14.3,24,78,0.1818,0.0000,20.00,-49.00,4383.87,-0.9964,DOWN,74.50,0.6577,1.1964
20260901 222216 771,4374.80,1,4374.70,4374.90,0.20,4374.70,2,4374.60,3,4374.50,3,4374.40,9,4374.30,8,4374.20,19,4374.10,14,4374.00,16,4373.90,11,4373.80,13,4374.90,2,4375.00,2,4375.10,2,4375.20,5,4375.30,5,4375.40,5,4375.50,8,4375.60,21,4375.70,17,4375.80,16,Buy,13,4,17,9.00,9.00,-2.00,0.40,50.0,4374.60,4375.00,4374.60,4374.80,30,19,49,11.00,13.00,-4.00,0.70,14.3,24,78,0.1818,0.0000,21.00,-48.00,4383.87,-0.9964,DOWN,74.50,0.6577,1.1964
20260901 222216 771,4374.90,1,4374.70,4374.90,0.20,4374.70,2,4374.60,3,4374.50,3,4374.40,9,4374.30,8,4374.20,19,4374.10,14,4374.00,16,4373.90,11,4373.80,13,4374.90,2,4375.00,2,4375.10,2,4375.20,5,4375.30,5,4375.40,5,4375.50,8,4375.60,21,4375.70,17,4375.80,16,Buy,14,4,18,10.00,10.00,-2.00,0.40,75.0,4374.60,4375.00,4374.60,4374.90,30,19,49,11.00,13.00,-4.00,0.70,14.3,24,78,0.1818,0.0000,22.00,-47.00,4383.88,-0.9932,DOWN,74.50,0.6577,1.1964
20260901 222216 771,4374.90,1,4374.70,4374.90,0.20,4374.70,2,4374.60,3,4374.50,3,4374.40,9,4374.30,8,4374.20,19,4374.10,14,4374.00,16,4373.90,11,4373.80,13,4374.90,2,4375.00,2,4375.10,2,4375.20,5,4375.30,5,4375.40,5,4375.50,8,4375.60,21,4375.70,17,4375.80,16,Buy,15,4,19,11.00,11.00,-2.00,0.40,75.0,4374.60,4375.00,4374.60,4374.90,30,19,49,11.00,13.00,-4.00,0.70,14.3,24,78,0.1818,0.0000,23.00,-46.00,4383.88,-0.9932,DOWN,74.50,0.6577,1.1964
20260901 222220 607,4374.90,1,4374.70,4374.90,0.20,4374.70,1,4374.60,3,4374.50,3,4374.40,9,4374.30,7,4374.20,19,4374.10,14,4374.00,16,4373.90,11,4373.80,13,4374.90,1,4375.00,3,4375.10,2,4375.20,5,4375.30,5,4375.40,6,4375.50,8,4375.60,16,4375.70,17,4375.80,16,Buy,16,4,20,12.00,12.00,-2.00,0.40,75.0,4374.60,4375.00,4374.60,4374.90,30,19,49,11.00,13.00,-4.00,0.70,14.3,24,78,0.1818,0.0000,24.00,-45.00,4383.88,-0.9932,DOWN,74.50,0.6577,1.1964
20260901 222220 607,4374.90,1,4374.70,4374.90,0.20,4374.70,1,4374.60,3,4374.50,3,4374.40,9,4374.30,7,4374.20,19,4374.10,14,4374.00,16,4373.90,11,4373.80,13,4374.90,1,4375.00,3,4375.10,2,4375.20,5,4375.30,5,4375.40,6,4375.50,8,4375.60,16,4375.70,17,4375.80,16,Buy,17,4,21,13.00,13.00,-2.00,0.40,75.0,4374.60,4375.00,4374.60,4374.90,30,19,49,11.00,13.00,-4.00,0.70,14.3,24,78,0.1818,0.0000,25.00,-44.00,4383.88,-0.9932,DOWN,74.50,0.6577,1.1964
20260901 222226 958,4374.50,1,4374.30,4374.60,0.30,4374.30,2,4374.20,5,4374.10,5,4374.00,8,4373.90,5,4373.80,13,4373.70,13,4373.60,12,4373.50,12,4373.40,13,4374.60,4,4374.70,5,4374.80,4,4374.90,6,4375.00,11,4375.10,4,4375.20,16,4375.30,16,4375.40,16,4375.50,19,Sell,17,5,22,12.00,13.00,-2.00,0.50,20.0,4374.60,4375.00,4374.50,4374.50,30,19,49,11.00,13.00,-4.00,0.70,14.3,24,78,0.1818,0.0833,24.00,-45.00,4383.84,-1.0059,DOWN,74.50,0.6577,1.2036
20260901 222226 958,4374.50,1,4374.30,4374.60,0.30,4374.30,2,4374.20,5,4374.10,5,4374.00,8,4373.90,5,4373.80,13,4373.70,13,4373.60,12,4373.50,12,4373.40,13,4374.60,4,4374.70,5,4374.80,4,4374.90,6,4375.00,11,4375.10,4,4375.20,16,4375.30,16,4375.40,16,4375.50,19,Sell,17,6,23,11.00,13.00,-2.00,0.50,20.0,4374.60,4375.00,4374.50,4374.50,30,19,49,11.00,13.00,-4.00,0.70,14.3,24,78,0.1818,0.1818,23.00,-46.00,4383.84,-1.0059,DOWN,74.50,0.6577,1.2036
20260901 222226 958,4374.50,1,4374.30,4374.60,0.30,4374.30,2,4374.20,5,4374.10,5,4374.00,8,4373.90,5,4373.80,13,4373.70,13,4373.60,12,4373.50,12,4373.40,13,4374.60,4,4374.70,5,4374.80,4,4374.90,6,4375.00,11,4375.10,4,4375.20,16,4375.30,16,4375.40,16,4375.50,19,Sell,17,7,24,10.00,13.00,-2.00,0.50,20.0,4374.60,4375.00,4374.50,4374.50,30,19,49,11.00,13.00,-4.00,0.70,14.3,24,78,0.1818,0.3000,22.00,-47.00,4383.84,-1.0059,DOWN,74.50,0.6577,1.2036
20260901 222230 299,4374.30,1,4374.20,4374.50,0.30,4374.20,4,4374.10,4,4374.00,8,4373.90,5,4373.80,7,4373.70,13,4373.60,12,4373.50,12,4373.40,13,4373.30,11,4374.50,3,4374.60,4,4374.70,5,4374.80,5,4374.90,6,4375.00,12,4375.10,14,4375.20,16,4375.30,15,4375.40,16,Sell,17,8,25,9.00,13.00,-2.00,0.70,42.9,4374.60,4375.00,4374.30,4374.30,30,19,49,11.00,13.00,-4.00,0.70,14.3,24,78,0.1818,0.4444,21.00,-48.00,4383.82,-1.0123,DOWN,74.50,0.6577,1.2178
20260901 222230 299,4374.20,1,4374.20,4374.50,0.30,4374.20,4,4374.10,4,4374.00,8,4373.90,5,4373.80,7,4373.70,13,4373.60,12,4373.50,12,4373.40,13,4373.30,11,4374.50,3,4374.60,4,4374.70,5,4374.80,5,4374.90,6,4375.00,12,4375.10,14,4375.20,16,4375.30,15,4375.40,16,Sell,17,9,26,8.00,13.00,-2.00,0.80,50.0,4374.60,4375.00,4374.20,4374.20,30,19,49,11.00,13.00,-4.00,0.70,14.3,24,78,0.1818,0.6250,20.00,-49.00,4383.81,-1.0154,DOWN,74.50,0.6577,1.2250
20260901 222230 308,4374.20,1,4374.20,4374.50,0.30,4374.20,4,4374.10,4,4374.00,8,4373.90,5,4373.80,7,4373.70,13,4373.60,12,4373.50,12,4373.40,13,4373.30,11,4374.50,3,4374.60,4,4374.70,5,4374.80,5,4374.90,6,4375.00,12,4375.10,14,4375.20,16,4375.30,15,4375.40,16,Sell,17,10,27,7.00,13.00,-2.00,0.80,50.0,4374.60,4375.00,4374.20,4374.20,30,19,49,11.00,13.00,-4.00,0.70,14.3,24,78,0.1818,0.8571,19.00,-50.00,4383.81,-1.0154,DOWN,74.50,0.6577,1.2250
20260901 222230 308,4374.20,1,4374.20,4374.50,0.30,4374.20,4,4374.10,4,4374.00,8,4373.90,5,4373.80,7,4373.70,13,4373.60,12,4373.50,12,4373.40,13,4373.30,11,4374.50,3,4374.60,4,4374.70,5,4374.80,5,4374.90,6,4375.00,12,4375.10,14,4375.20,16,4375.30,15,4375.40,16,Sell,17,11,28,6.00,13.00,-2.00,0.80,50.0,4374.60,4375.00,4374.20,4374.20,30,19,49,11.00,13.00,-4.00,0.70,14.3,24,78,0.1818,1.1667,18.00,-51.00,4383.81,-1.0154,DOWN,74.50,0.6577,1.2250
20260901 222231 601,4374.20,1,4374.20,4374.40,0.20,4374.20,1,4374.10,5,4374.00,8,4373.90,5,4373.80,7,4373.70,13,4373.60,12,4373.50,12,4373.40,13,4373.30,11,4374.40,1,4374.50,3,4374.60,4,4374.70,5,4374.80,5,4374.90,6,4375.00,12,4375.10,14,4375.20,16,4375.30,15,Sell,17,12,29,5.00,13.00,-2.00,0.80,50.0,4374.60,4375.00,4374.20,4374.20,30,19,49,11.00,13.00,-4.00,0.70,14.3,24,78,0.1818,1.6000,17.00,-52.00,4383.81,-1.0154,DOWN,74.50,0.6577,1.2250
20260901 222231 601,4374.20,1,4374.20,4374.40,0.20,4374.20,1,4374.10,5,4374.00,8,4373.90,5,4373.80,7,4373.70,13,4373.60,12,4373.50,12,4373.40,13,4373.30,11,4374.40,1,4374.50,3,4374.60,4,4374.70,5,4374.80,5,4374.90,6,4375.00,12,4375.10,14,4375.20,16,4375.30,15,Sell,17,13,30,4.00,13.00,-2.00,0.80,50.0,4374.60,4375.00,4374.20,4374.20,30,19,49,11.00,13.00,-4.00,0.70,14.3,24,78,0.1818,2.2500,16.00,-53.00,4383.81,-1.0154,DOWN,74.50,0.6577,1.2250
20260901 222231 601,4374.20,1,4374.20,4374.40,0.20,4374.20,1,4374.10,5,4374.00,8,4373.90,5,4373.80,7,4373.70,13,4373.60,12,4373.50,12,4373.40,13,4373.30,11,4374.40,1,4374.50,3,4374.60,4,4374.70,5,4374.80,5,4374.90,6,4375.00,12,4375.10,14,4375.20,16,4375.30,15,Sell,17,14,31,3.00,13.00,-2.00,0.80,50.0,4374.60,4375.00,4374.20,4374.20,30,19,49,11.00,13.00,-4.00,0.70,14.3,24,78,0.1818,3.3333,15.00,-54.00,4383.81,-1.0154,DOWN,74.50,0.6577,1.2250
20260901 222231 601,4374.20,1,4374.20,4374.40,0.20,4374.20,1,4374.10,5,4374.00,8,4373.90,5,4373.80,7,4373.70,13,4373.60,12,4373.50,12,4373.40,13,4373.30,11,4374.40,1,4374.50,3,4374.60,4,4374.70,5,4374.80,5,4374.90,6,4375.00,12,4375.10,14,4375.20,16,4375.30,15,Sell,17,15,32,2.00,13.00,-2.00,0.80,50.0,4374.60,4375.00,4374.20,4374.20,30,19,49,11.00,13.00,-4.00,0.70,14.3,24,78,0.1818,5.5000,14.00,-55.00,4383.81,-1.0154,DOWN,74.50,0.6577,1.2250
20260901 222232 137,4374.10,1,4374.00,4374.20,0.20,4374.00,2,4373.90,3,4373.80,6,4373.70,7,4373.60,6,4373.50,12,4373.40,13,4373.30,11,4373.20,9,4373.10,9,4374.20,3,4374.30,4,4374.40,5,4374.50,3,4374.60,7,4374.70,6,4374.80,6,4374.90,16,4375.00,22,4375.10,14,Sell,17,16,33,1.00,13.00,-2.00,0.90,55.6,4374.60,4375.00,4374.10,4374.10,30,19,49,11.00,13.00,-4.00,0.70,14.3,24,78,0.1818,12.0000,13.00,-56.00,4383.80,-1.0186,DOWN,74.50,0.6577,1.2321
20260901 222236 930,4374.40,1,4374.30,4374.50,0.20,4374.30,5,4374.20,5,4374.10,5,4374.00,7,4373.90,5,4373.80,7,4373.70,15,4373.60,14,4373.50,12,4373.40,13,4374.60,3,4374.70,3,4374.80,5,4374.90,6,4375.00,22,4375.10,14,4375.20,16,4375.30,15,4375.40,16,4375.50,19,Sell,17,17,34,0.00,13.00,-2.00,0.90,22.2,4374.60,4375.00,4374.10,4374.40,30,19,49,11.00,13.00,-4.00,0.70,14.3,24,78,0.1818,13.0000,12.00,-57.00,4383.83,-1.0091,DOWN,74.50,0.6577,1.2321
20260901 222236 931,4374.30,1,4374.30,4374.50,0.20,4374.30,5,4374.20,5,4374.10,5,4374.00,7,4373.90,5,4373.80,7,4373.70,15,4373.60,14,4373.50,12,4373.40,13,4374.60,3,4374.70,3,4374.80,5,4374.90,6,4375.00,22,4375.10,14,4375.20,16,4375.30,15,4375.40,16,4375.50,19,Sell,17,18,35,-1.00,13.00,-2.00,0.90,33.3,4374.60,4375.00,4374.10,4374.30,30,19,49,11.00,13.00,-4.00,0.70,14.3,24,78,0.1818,1.0000,11.00,-58.00,4383.82,-1.0123,DOWN,74.50,0.6577,1.2321
20260901 222236 931,4374.30,1,4374.30,4374.50,0.20,4374.30,5,4374.20,5,4374.10,5,4374.00,7,4373.90,5,4373.80,7,4373.70,15,4373.60,14,4373.50,12,4373.40,13,4374.60,3,4374.70,3,4374.80,5,4374.90,6,4375.00,22,4375.10,14,4375.20,16,4375.30,15,4375.40,16,4375.50,19,Sell,17,19,36,-2.00,13.00,-2.00,0.90,33.3,4374.60,4375.00,4374.10,4374.30,30,19,49,11.00,13.00,-4.00,0.70,14.3,24,78,0.1818,0.0000,10.00,-59.00,4383.82,-1.0123,DOWN,74.50,0.6577,1.2321
20260901 222236 931,4374.30,1,4374.30,4374.50,0.20,4374.30,5,4374.20,5,4374.10,5,4374.00,7,4373.90,5,4373.80,7,4373.70,15,4373.60,14,4373.50,12,4373.40,13,4374.60,3,4374.70,3,4374.80,5,4374.90,6,4375.00,22,4375.10,14,4375.20,16,4375.30,15,4375.40,16,4375.50,19,Sell,17,20,37,-3.00,13.00,-3.00,0.90,33.3,4374.60,4375.00,4374.10,4374.30,30,19,49,11.00,13.00,-4.00,0.70,14.3,24,78,0.1818,0.0000,9.00,-60.00,4383.82,-1.0123,DOWN,74.50,0.6577,1.2321
20260901 222236 969,4374.20,1,4374.00,4374.20,0.20,4374.00,2,4373.90,4,4373.80,7,4373.70,7,4373.60,6,4373.50,14,4373.40,15,4373.30,11,4373.20,9,4373.10,9,4374.20,1,4374.30,3,4374.40,5,4374.50,3,4374.60,7,4374.70,5,4374.80,6,4374.90,16,4375.00,22,4375.10,14,Buy,18,20,38,-2.00,13.00,-3.00,0.90,44.4,4374.60,4375.00,4374.10,4374.20,30,19,49,11.00,13.00,-4.00,0.70,14.3,24,78,0.1818,0.5000,10.00,-59.00,4383.81,-1.0154,DOWN,74.50,0.6577,1.2321
20260901 222239 780,4374.10,1,4374.10,4374.30,0.20,4374.10,4,4374.00,4,4373.90,5,4373.80,7,4373.70,7,4373.60,6,4373.50,14,4373.40,15,4373.30,11,4373.20,9,4374.30,1,4374.40,5,4374.50,3,4374.60,5,4374.70,4,4374.80,6,4374.90,16,4375.00,22,4375.10,14,4375.20,16,Sell,18,21,39,-3.00,13.00,-3.00,0.90,55.6,4374.60,4375.00,4374.10,4374.10,30,19,49,11.00,13.00,-4.00,0.70,14.3,24,78,0.1818,0.0000,9.00,-60.00,4383.80,-1.0186,DOWN,74.50,0.6577,1.2321
20260901 222240 224,4374.10,1,4374.00,4374.30,0.30,4374.00,2,4373.80,4,4373.70,7,4373.60,6,4373.50,14,4373.40,15,4373.30,11,4373.20,9,4373.10,9,4373.00,9,4374.30,2,4374.40,5,4374.50,3,4374.60,5,4374.70,4,4374.80,6,4374.90,16,4375.00,22,4375.10,14,4375.20,16,Sell,18,22,40,-4.00,13.00,-4.00,0.90,55.6,4374.60,4375.00,4374.10,4374.10,30,19,49,11.00,13.00,-4.00,0.70,14.3,24,78,0.1818,0.0000,8.00,-61.00,4383.80,-1.0186,DOWN,74.50,0.6577,1.2321
20260901 222240 224,4374.10,1,4374.00,4374.30,0.30,4374.00,2,4373.80,4,4373.70,7,4373.60,6,4373.50,14,4373.40,15,4373.30,11,4373.20,9,4373.10,9,4373.00,9,4374.30,2,4374.40,5,4374.50,3,4374.60,5,4374.70,4,4374.80,6,4374.90,16,4375.00,22,4375.10,14,4375.20,16,Sell,18,23,41,-5.00,13.00,-5.00,0.90,55.6,4374.60,4375.00,4374.10,4374.10,30,19,49,11.00,13.00,-4.00,0.70,14.3,24,78,0.1818,0.0000,7.00,-62.00,4383.80,-1.0186,DOWN,74.50,0.6577,1.2321
20260901 222240 224,4374.10,1,4374.00,4374.30,0.30,4374.00,2,4373.80,4,4373.70,7,4373.60,6,4373.50,14,4373.40,15,4373.30,11,4373.20,9,4373.10,9,4373.00,9,4374.30,2,4374.40,5,4374.50,3,4374.60,5,4374.70,4,4374.80,6,4374.90,16,4375.00,22,4375.10,14,4375.20,16,Sell,18,24,42,-6.00,13.00,-6.00,0.90,55.6,4374.60,4375.00,4374.10,4374.10,30,19,49,11.00,13.00,-4.00,0.70,14.3,24,78,0.1818,0.0000,6.00,-63.00,4383.80,-1.0186,DOWN,74.50,0.6577,1.2321
20260901 222240 224,4374.10,1,4374.00,4374.30,0.30,4374.00,2,4373.80,4,4373.70,7,4373.60,6,4373.50,14,4373.40,15,4373.30,11,4373.20,9,4373.10,9,4373.00,9,4374.30,2,4374.40,5,4374.50,3,4374.60,5,4374.70,4,4374.80,6,4374.90,16,4375.00,22,4375.10,14,4375.20,16,Sell,18,25,43,-7.00,13.00,-7.00,0.90,55.6,4374.60,4375.00,4374.10,4374.10,30,19,49,11.00,13.00,-4.00,0.70,14.3,24,78,0.1818,0.0000,5.00,-64.00,4383.80,-1.0186,DOWN,74.50,0.6577,1.2321
20260901 222240 224,4374.00,1,4374.00,4374.30,0.30,4374.00,2,4373.80,4,4373.70,7,4373.60,6,4373.50,14,4373.40,15,4373.30,11,4373.20,9,4373.10,9,4373.00,9,4374.30,2,4374.40,5,4374.50,3,4374.60,5,4374.70,4,4374.80,6,4374.90,16,4375.00,22,4375.10,14,4375.20,16,Sell,18,26,44,-8.00,13.00,-8.00,1.00,60.0,4374.60,4375.00,4374.00,4374.00,30,19,49,11.00,13.00,-4.00,0.70,14.3,24,78,0.1818,0.0000,4.00,-65.00,4383.79,-1.0218,DOWN,74.50,0.6577,1.2393
20260901 222240 224,4374.00,1,4374.00,4374.30,0.30,4374.00,2,4373.80,4,4373.70,7,4373.60,6,4373.50,14,4373.40,15,4373.30,11,4373.20,9,4373.10,9,4373.00,9,4374.30,2,4374.40,5,4374.50,3,4374.60,5,4374.70,4,4374.80,6,4374.90,16,4375.00,22,4375.10,14,4375.20,16,Sell,18,27,45,-9.00,13.00,-9.00,1.00,60.0,4374.60,4375.00,4374.00,4374.00,30,19,49,11.00,13.00,-4.00,0.70,14.3,24,78,0.1818,0.0000,3.00,-66.00,4383.79,-1.0218,DOWN,74.50,0.6577,1.2393
20260901 222240 224,4374.00,1,4374.00,4374.30,0.30,4374.00,2,4373.80,4,4373.70,7,4373.60,6,4373.50,14,4373.40,15,4373.30,11,4373.20,9,4373.10,9,4373.00,9,4374.30,2,4374.40,5,4374.50,3,4374.60,5,4374.70,4,4374.80,6,4374.90,16,4375.00,22,4375.10,14,4375.20,16,Sell,18,28,46,-10.00,13.00,-10.00,1.00,60.0,4374.60,4375.00,4374.00,4374.00,30,19,49,11.00,13.00,-4.00,0.70,14.3,24,78,0.1818,0.0000,2.00,-67.00,4383.79,-1.0218,DOWN,74.50,0.6577,1.2393
20260901 222240 224,4374.00,1,4374.00,4374.30,0.30,4374.00,2,4373.80,4,4373.70,7,4373.60,6,4373.50,14,4373.40,15,4373.30,11,4373.20,9,4373.10,9,4373.00,9,4374.30,2,4374.40,5,4374.50,3,4374.60,5,4374.70,4,4374.80,6,4374.90,16,4375.00,22,4375.10,14,4375.20,16,Sell,18,29,47,-11.00,13.00,-11.00,1.00,60.0,4374.60,4375.00,4374.00,4374.00,30,19,49,11.00,13.00,-4.00,0.70,14.3,24,78,0.1818,0.0000,1.00,-68.00,4383.79,-1.0218,DOWN,74.50,0.6577,1.2393
20260901 222240 224,4373.90,1,4374.00,4374.30,0.30,4374.00,2,4373.80,4,4373.70,7,4373.60,6,4373.50,14,4373.40,15,4373.30,11,4373.20,9,4373.10,9,4373.00,9,4374.30,2,4374.40,5,4374.50,3,4374.60,5,4374.70,4,4374.80,6,4374.90,16,4375.00,22,4375.10,14,4375.20,16,Sell,18,30,48,-12.00,13.00,-12.00,1.10,63.6,4374.60,4375.00,4373.90,4373.90,30,19,49,11.00,13.00,-4.00,0.70,14.3,24,78,0.1818,0.0000,0.00,-69.00,4383.78,-1.0249,DOWN,74.50,0.6577,1.2464
20260901 222240 224,4373.90,1,4374.00,4374.30,0.30,4374.00,2,4373.80,4,4373.70,7,4373.60,6,4373.50,14,4373.40,15,4373.30,11,4373.20,9,4373.10,9,4373.00,9,4374.30,2,4374.40,5,4374.50,3,4374.60,5,4374.70,4,4374.80,6,4374.90,16,4375.00,22,4375.10,14,4375.20,16,Sell,18,31,49,-13.00,13.00,-13.00,1.10,63.6,4374.60,4375.00,4373.90,4373.90,30,19,49,11.00,13.00,-4.00,0.70,14.3,24,78,0.1818,0.0000,-1.00,-70.00,4383.78,-1.0249,DOWN,74.50,0.6577,1.2464
20260901 222240 224,4373.90,1,4374.00,4374.30,0.30,4374.00,2,4373.80,4,4373.70,7,4373.60,6,4373.50,14,4373.40,15,4373.30,11,4373.20,9,4373.10,9,4373.00,9,4374.30,2,4374.40,5,4374.50,3,4374.60,5,4374.70,4,4374.80,6,4374.90,16,4375.00,22,4375.10,14,4375.20,16,Sell,18,32,50,-14.00,13.00,-14.00,1.10,63.6,4374.60,4375.00,4373.90,4373.90,30,19,49,11.00,13.00,-4.00,0.70,14.3,24,78,0.1818,0.0000,-2.00,-71.00,4383.78,-1.0249,DOWN,74.50,0.6577,1.2464
20260901 222240 224,4373.90,1,4374.00,4374.30,0.30,4374.00,2,4373.80,4,4373.70,7,4373.60,6,4373.50,14,4373.40,15,4373.30,11,4373.20,9,4373.10,9,4373.00,9,4374.30,2,4374.40,5,4374.50,3,4374.60,5,4374.70,4,4374.80,6,4374.90,16,4375.00,22,4375.10,14,4375.20,16,Sell,18,33,51,-15.00,13.00,-15.00,1.10,63.6,4374.60,4375.00,4373.90,4373.90,30,19,49,11.00,13.00,-4.00,0.70,14.3,24,78,0.1818,0.0000,-3.00,-72.00,4383.78,-1.0249,DOWN,74.50,0.6577,1.2464
20260901 222240 224,4373.90,1,4374.00,4374.30,0.30,4374.00,2,4373.80,4,4373.70,7,4373.60,6,4373.50,14,4373.40,15,4373.30,11,4373.20,9,4373.10,9,4373.00,9,4374.30,2,4374.40,5,4374.50,3,4374.60,5,4374.70,4,4374.80,6,4374.90,16,4375.00,22,4375.10,14,4375.20,16,Sell,18,34,52,-16.00,13.00,-16.00,1.10,63.6,4374.60,4375.00,4373.90,4373.90,30,19,49,11.00,13.00,-4.00,0.70,14.3,24,78,0.1818,0.0000,-4.00,-73.00,4383.78,-1.0249,DOWN,74.50,0.6577,1.2464
20260901 222240 224,4373.80,1,4374.00,4374.30,0.30,4374.00,2,4373.80,4,4373.70,7,4373.60,6,4373.50,14,4373.40,15,4373.30,11,4373.20,9,4373.10,9,4373.00,9,4374.30,2,4374.40,5,4374.50,3,4374.60,5,4374.70,4,4374.80,6,4374.90,16,4375.00,22,4375.10,14,4375.20,16,Sell,18,35,53,-17.00,13.00,-17.00,1.20,66.7,4374.60,4375.00,4373.80,4373.80,30,19,49,11.00,13.00,-4.00,0.70,14.3,24,78,0.1818,0.0000,-5.00,-74.00,4383.77,-1.0281,DOWN,74.50,0.6577,1.2536
20260901 222240 224,4373.80,1,4374.00,4374.30,0.30,4374.00,2,4373.80,4,4373.70,7,4373.60,6,4373.50,14,4373.40,15,4373.30,11,4373.20,9,4373.10,9,4373.00,9,4374.30,2,4374.40,5,4374.50,3,4374.60,5,4374.70,4,4374.80,6,4374.90,16,4375.00,22,4375.10,14,4375.20,16,Sell,18,36,54,-18.00,13.00,-18.00,1.20,66.7,4374.60,4375.00,4373.80,4373.80,30,19,49,11.00,13.00,-4.00,0.70,14.3,24,78,0.1818,0.0000,-6.00,-75.00,4383.77,-1.0281,DOWN,74.50,0.6577,1.2536
20260901 222240 225,4373.80,1,4374.00,4374.30,0.30,4374.00,2,4373.80,4,4373.70,7,4373.60,6,4373.50,14,4373.40,15,4373.30,11,4373.20,9,4373.10,9,4373.00,9,4374.30,2,4374.40,5,4374.50,3,4374.60,5,4374.70,4,4374.80,6,4374.90,16,4375.00,22,4375.10,14,4375.20,16,Sell,18,37,55,-19.00,13.00,-19.00,1.20,66.7,4374.60,4375.00,4373.80,4373.80,30,19,49,11.00,13.00,-4.00,0.70,14.3,24,78,0.1818,0.0000,-7.00,-76.00,4383.77,-1.0281,DOWN,74.50,0.6577,1.2536
20260901 222242 069,4374.40,1,4374.10,4374.40,0.30,4374.20,2,4374.10,5,4374.00,4,4373.90,8,4373.80,6,4373.70,6,4373.60,6,4373.50,14,4373.40,16,4373.30,11,4374.40,4,4374.50,3,4374.60,5,4374.70,4,4374.80,6,4374.90,16,4375.00,22,4375.10,14,4375.20,16,4375.30,15,Buy,19,37,56,-18.00,13.00,-19.00,1.20,16.7,4374.60,4375.00,4373.80,4374.40,30,19,49,11.00,13.00,-4.00,0.70,14.3,24,78,0.1818,0.0556,-6.00,-75.00,4383.83,-1.0091,DOWN,74.50,0.6577,1.2536
20260901 222243 119,4374.40,2,4374.20,4374.40,0.20,4374.20,2,4374.10,4,4374.00,4,4373.90,8,4373.80,6,4373.70,6,4373.60,14,4373.50,15,4373.40,15,4373.30,11,4374.40,3,4374.50,3,4374.60,5,4374.70,4,4374.80,6,4374.90,16,4375.00,22,4375.10,14,4375.20,16,4375.30,15,Buy,21,37,58,-16.00,13.00,-19.00,1.20,16.7,4374.60,4375.00,4373.80,4374.40,30,19,49,11.00,13.00,-4.00,0.70,14.3,24,78,0.1818,0.1875,-4.00,-73.00,4383.83,-1.0091,DOWN,74.50,0.6577,1.2536
20260901 222244 236,4374.20,1,4374.10,4374.30,0.20,4374.10,5,4374.00,4,4373.90,8,4373.80,6,4373.70,6,4373.60,14,4373.50,14,4373.40,15,4373.30,11,4373.20,9,4374.30,1,4374.40,2,4374.50,3,4374.60,5,4374.70,4,4374.80,6,4374.90,16,4375.00,22,4375.10,14,4375.20,16,Sell,21,38,59,-17.00,13.00,-19.00,1.20,33.3,4374.60,4375.00,4373.80,4374.20,30,19,49,11.00,13.00,-4.00,0.70,14.3,24,78,0.1818,0.1176,-5.00,-74.00,4383.81,-1.0154,DOWN,74.50,0.6577,1.2536
20260901 222244 364,4374.30,1,4374.20,4374.40,0.20,4374.20,1,4374.10,5,4374.00,4,4373.90,8,4373.80,6,4373.70,6,4373.60,14,4373.50,14,4373.40,15,4373.30,11,4374.40,3,4374.50,3,4374.60,5,4374.70,4,4374.80,7,4374.90,16,4375.00,22,4375.10,14,4375.20,16,4375.30,15,Buy,22,38,60,-16.00,13.00,-19.00,1.20,25.0,4374.60,4375.00,4373.80,4374.30,30,19,49,11.00,13.00,-4.00,0.70,14.3,24,78,0.1818,0.1875,-4.00,-73.00,4383.82,-1.0123,DOWN,74.50,0.6577,1.2536
20260901 222251 014,4374.20,1,4374.20,4374.40,0.20,4374.20,2,4374.10,5,4374.00,4,4373.90,7,4373.80,6,4373.70,6,4373.60,14,4373.50,14,4373.40,15,4373.30,11,4374.40,3,4374.50,3,4374.60,5,4374.70,5,4374.80,6,4374.90,16,4375.00,23,4375.10,15,4375.20,16,4375.30,15,Sell,22,39,61,-17.00,13.00,-19.00,1.20,33.3,4374.60,4375.00,4373.80,4374.20,30,19,49,11.00,13.00,-4.00,0.70,14.3,24,78,0.1818,0.1176,-5.00,-74.00,4383.81,-1.0154,DOWN,74.50,0.6577,1.2536
20260901 222251 745,4374.10,1,4373.90,4374.20,0.30,4373.90,3,4373.80,4,4373.70,7,4373.60,6,4373.50,14,4373.40,15,4373.30,11,4373.20,9,4373.10,9,4373.00,9,4374.20,4,4374.30,2,4374.40,5,4374.50,4,4374.60,6,4374.70,5,4374.80,16,4374.90,16,4375.00,23,4375.10,15,Sell,22,40,62,-18.00,13.00,-19.00,1.20,41.7,4374.60,4375.00,4373.80,4374.10,30,19,49,11.00,13.00,-4.00,0.70,14.3,24,78,0.1818,0.0556,-6.00,-75.00,4383.80,-1.0186,DOWN,74.50,0.6577,1.2536
20260901 222251 749,4374.20,1,4373.90,4374.20,0.30,4373.90,3,4373.80,4,4373.70,7,4373.60,6,4373.50,14,4373.40,15,4373.30,11,4373.20,9,4373.10,9,4373.00,9,4374.20,4,4374.30,2,4374.40,5,4374.50,4,4374.60,6,4374.70,5,4374.80,16,4374.90,16,4375.00,23,4375.10,15,Buy,23,40,63,-17.00,13.00,-19.00,1.20,33.3,4374.60,4375.00,4373.80,4374.20,30,19,49,11.00,13.00,-4.00,0.70,14.3,24,78,0.1818,0.1176,-5.00,-74.00,4383.81,-1.0154,DOWN,74.50,0.6577,1.2536
20260901 222254 535,4374.00,1,4373.90,4374.20,0.30,4373.90,3,4373.80,4,4373.70,5,4373.60,5,4373.50,6,4373.40,7,4373.30,11,4373.20,11,4373.10,9,4373.00,9,4374.20,3,4374.30,2,4374.40,7,4374.50,5,4374.60,8,4374.70,13,4374.80,14,4374.90,14,4375.00,21,4375.10,13,Buy,24,40,64,-16.00,13.00,-19.00,1.20,50.0,4374.60,4375.00,4373.80,4374.00,30,19,49,11.00,13.00,-4.00,0.70,14.3,24,78,0.1818,0.1875,-4.00,-73.00,4383.79,-1.0218,DOWN,74.50,0.6577,1.2536
20260901 222254 714,4374.10,1,4374.10,4374.30,0.20,4374.10,1,4374.00,3,4373.90,4,4373.80,5,4373.70,6,4373.60,6,4373.50,6,4373.40,15,4373.30,11,4373.20,11,4374.30,2,4374.40,5,4374.50,5,4374.60,7,4374.70,5,4374.80,15,4374.90,14,4375.00,21,4375.10,13,4375.20,13,Sell,24,41,65,-17.00,13.00,-19.00,1.20,41.7,4374.60,4375.00,4373.80,4374.10,30,19,49,11.00,13.00,-4.00,0.70,14.3,24,78,0.1818,0.1176,-5.00,-74.00,4383.80,-1.0186,DOWN,74.50,0.6577,1.2536
20260901 222257 775,4374.00,1,4374.00,4374.30,0.30,4374.00,3,4373.90,4,4373.80,5,4373.70,6,4373.60,6,4373.50,6,4373.40,15,4373.30,11,4373.20,11,4373.10,9,4374.20,1,4374.30,4,4374.40,5,4374.50,6,4374.60,7,4374.70,5,4374.80,14,4374.90,14,4375.00,21,4375.10,13,Sell,24,42,66,-18.00,13.00,-19.00,1.20,50.0,4374.60,4375.00,4373.80,4374.00,30,19,49,11.00,13.00,-4.00,0.70,14.3,24,78,0.1818,0.0556,-6.00,-75.00,4383.79,-1.0218,DOWN,74.50,0.6577,1.2536
20260901 222258 867,4374.20,1,4374.00,4374.20,0.20,4374.00,2,4373.90,4,4373.80,4,4373.70,7,4373.60,6,4373.50,6,4373.40,15,4373.30,11,4373.20,11,4373.10,9,4374.20,2,4374.30,4,4374.40,6,4374.50,6,4374.60,7,4374.70,5,4374.80,14,4374.90,14,4375.00,21,4375.10,13,Buy,25,42,67,-17.00,13.00,-19.00,1.20,33.3,4374.60,4375.00,4373.80,4374.20,30,19,49,11.00,13.00,-4.00,0.70,14.3,24,78,0.1818,0.1176,-5.00,-74.00,4383.81,-1.0154,DOWN,74.50,0.6577,1.2536
20260901 222259 524,4374.00,1,4373.90,4374.00,0.10,4374.00,2,4373.90,5,4373.80,4,4373.70,7,4373.60,6,4373.50,6,4373.40,15,4373.30,11,4373.20,11,4373.10,9,4374.20,2,4374.30,4,4374.40,6,4374.50,6,4374.60,7,4374.70,5,4374.80,14,4374.90,14,4375.00,21,4375.10,13,Sell,25,43,68,-18.00,13.00,-19.00,1.20,50.0,4374.60,4375.00,4373.80,4374.00,30,19,49,11.00,13.00,-4.00,0.70,14.3,24,78,0.1818,0.0556,-6.00,-75.00,4383.79,-1.0218,DOWN,74.50,0.6577,1.2536
20260901 222259 524,4374.00,1,4373.90,4374.00,0.10,4374.00,2,4373.90,5,4373.80,4,4373.70,7,4373.60,6,4373.50,6,4373.40,15,4373.30,11,4373.20,11,4373.10,9,4374.20,2,4374.30,4,4374.40,6,4374.50,6,4374.60,7,4374.70,5,4374.80,14,4374.90,14,4375.00,21,4375.10,13,Sell,25,44,69,-19.00,13.00,-19.00,1.20,50.0,4374.60,4375.00,4373.80,4374.00,30,19,49,11.00,13.00,-4.00,0.70,14.3,24,78,0.1818,0.0000,-7.00,-76.00,4383.79,-1.0218,DOWN,74.50,0.6577,1.2536
20260901 222259 525,4374.00,1,4373.90,4374.00,0.10,4374.00,2,4373.90,5,4373.80,4,4373.70,7,4373.60,6,4373.50,6,4373.40,15,4373.30,11,4373.20,11,4373.10,9,4374.20,2,4374.30,4,4374.40,6,4374.50,6,4374.60,7,4374.70,5,4374.80,14,4374.90,14,4375.00,21,4375.10,13,Buy,26,44,70,-18.00,13.00,-19.00,1.20,50.0,4374.60,4375.00,4373.80,4374.00,30,19,49,11.00,13.00,-4.00,0.70,14.3,24,78,0.1818,0.0556,-6.00,-75.00,4383.79,-1.0218,DOWN,74.50,0.6577,1.2536
20260901 222303 565,4374.20,1,4374.10,4374.40,0.30,4374.10,3,4374.00,6,4373.90,4,4373.80,6,4373.70,7,4373.60,6,4373.50,14,4373.40,15,4373.30,12,4373.20,11,4374.40,3,4374.50,4,4374.60,6,4374.70,5,4374.80,14,4374.90,14,4375.00,21,4375.10,13,4375.20,13,4375.30,13,Buy,1,0,1,1.00,1.00,1.00,0.00,0.0,4374.20,4374.20,4374.20,4374.20,26,44,70,-18.00,13.00,-19.00,1.20,50.0,-57,108,0.0556,0.0000,16.00,-64.00,4383.81,-1.0154,DOWN,72.80,0.9615,1.1783
20260901 222303 565,4374.20,1,4374.10,4374.40,0.30,4374.10,3,4374.00,6,4373.90,4,4373.80,6,4373.70,7,4373.60,6,4373.50,14,4373.40,15,4373.30,12,4373.20,11,4374.40,3,4374.50,4,4374.60,6,4374.70,5,4374.80,14,4374.90,14,4375.00,21,4375.10,13,4375.20,13,4375.30,13,Buy,2,0,2,2.00,2.00,1.00,0.00,0.0,4374.20,4374.20,4374.20,4374.20,26,44,70,-18.00,13.00,-19.00,1.20,50.0,-57,108,0.0556,0.0000,17.00,-63.00,4383.81,-1.0154,DOWN,72.80,0.9615,1.1783
20260901 222310 081,4374.00,1,4374.00,4374.20,0.20,4374.00,4,4373.90,4,4373.80,6,4373.70,7,4373.60,6,4373.50,14,4373.40,15,4373.30,11,4373.20,11,4373.10,9,4374.20,2,4374.30,3,4374.40,5,4374.50,3,4374.60,7,4374.70,5,4374.80,14,4374.90,14,4375.00,21,4375.10,13,Sell,2,1,3,1.00,2.00,1.00,0.20,100.0,4374.20,4374.20,4374.00,4374.00,26,44,70,-18.00,13.00,-19.00,1.20,50.0,-57,108,0.0556,1.0000,16.00,-64.00,4383.79,-1.0218,DOWN,72.80,0.9615,1.1783
20260901 222310 871,4374.20,1,4374.00,4374.20,0.20,4374.00,2,4373.90,3,4373.80,6,4373.70,7,4373.60,6,4373.50,14,4373.40,15,4373.30,11,4373.20,11,4373.10,9,4374.20,1,4374.30,3,4374.40,5,4374.50,3,4374.60,7,4374.70,5,4374.80,14,4374.90,14,4375.00,21,4375.10,13,Buy,3,1,4,2.00,2.00,1.00,0.20,0.0,4374.20,4374.20,4374.00,4374.20,26,44,70,-18.00,13.00,-19.00,1.20,50.0,-57,108,0.0556,0.0000,17.00,-63.00,4383.81,-1.0154,DOWN,72.80,0.9615,1.1783
20260901 222311 220,4374.00,1,4374.00,4374.20,0.20,4374.00,3,4373.90,3,4373.80,6,4373.70,7,4373.60,6,4373.50,14,4373.40,15,4373.30,11,4373.20,11,4373.10,9,4374.20,1,4374.30,3,4374.40,5,4374.50,3,4374.60,7,4374.70,5,4374.80,14,4374.90,14,4375.00,21,4375.10,13,Sell,3,2,5,1.00,2.00,1.00,0.20,100.0,4374.20,4374.20,4374.00,4374.00,26,44,70,-18.00,13.00,-19.00,1.20,50.0,-57,108,0.0556,1.0000,16.00,-64.00,4383.79,-1.0218,DOWN,72.80,0.9615,1.1783
20260901 222315 412,4374.20,1,4374.00,4374.20,0.20,4374.00,3,4373.90,3,4373.80,6,4373.70,7,4373.60,6,4373.50,14,4373.40,15,4373.30,11,4373.20,11,4373.10,9,4374.20,1,4374.30,3,4374.40,5,4374.50,2,4374.60,7,4374.70,5,4374.80,14,4374.90,14,4375.00,21,4375.10,13,Buy,4,2,6,2.00,2.00,1.00,0.20,0.0,4374.20,4374.20,4374.00,4374.20,26,44,70,-18.00,13.00,-19.00,1.20,50.0,-57,108,0.0556,0.0000,17.00,-63.00,4383.81,-1.0154,DOWN,72.80,0.9615,1.1783
20260901 222320 125,4374.00,1,4373.90,4374.20,0.30,4373.90,6,4373.80,6,4373.70,5,4373.60,6,4373.50,6,4373.40,7,4373.30,13,4373.20,11,4373.10,11,4373.00,9,4374.20,3,4374.30,3,4374.40,5,4374.50,3,4374.60,7,4374.70,5,4374.80,14,4374.90,14,4375.00,21,4375.10,13,Sell,4,3,7,1.00,2.00,1.00,0.20,100.0,4374.20,4374.20,4374.00,4374.00,26,44,70,-18.00,13.00,-19.00,1.20,50.0,-57,108,0.0556,1.0000,16.00,-64.00,4383.79,-1.0218,DOWN,72.80,0.9615,1.1783
20260901 222320 125,4374.00,1,4373.90,4374.20,0.30,4373.90,6,4373.80,6,4373.70,5,4373.60,6,4373.50,6,4373.40,7,4373.30,13,4373.20,11,4373.10,11,4373.00,9,4374.20,3,4374.30,3,4374.40,5,4374.50,3,4374.60,7,4374.70,5,4374.80,14,4374.90,14,4375.00,21,4375.10,13,Sell,4,4,8,0.00,2.00,0.00,0.20,100.0,4374.20,4374.20,4374.00,4374.00,26,44,70,-18.00,13.00,-19.00,1.20,50.0,-57,108,0.0556,2.0000,15.00,-65.00,4383.79,-1.0218,DOWN,72.80,0.9615,1.1783
20260901 222320 125,4374.00,1,4373.90,4374.20,0.30,4373.90,6,4373.80,6,4373.70,5,4373.60,6,4373.50,6,4373.40,7,4373.30,13,4373.20,11,4373.10,11,4373.00,9,4374.20,3,4374.30,3,4374.40,5,4374.50,3,4374.60,7,4374.70,5,4374.80,14,4374.90,14,4375.00,21,4375.10,13,Sell,4,5,9,-1.00,2.00,-1.00,0.20,100.0,4374.20,4374.20,4374.00,4374.00,26,44,70,-18.00,13.00,-19.00,1.20,50.0,-57,108,0.0556,0.0000,14.00,-66.00,4383.79,-1.0218,DOWN,72.80,0.9615,1.1783
20260901 222320 126,4373.90,1,4373.90,4374.20,0.30,4373.90,6,4373.80,6,4373.70,5,4373.60,6,4373.50,6,4373.40,7,4373.30,13,4373.20,11,4373.10,11,4373.00,9,4374.20,3,4374.30,3,4374.40,5,4374.50,3,4374.60,7,4374.70,5,4374.80,14,4374.90,14,4375.00,21,4375.10,13,Sell,4,6,10,-2.00,2.00,-2.00,0.30,100.0,4374.20,4374.20,4373.90,4373.90,26,44,70,-18.00,13.00,-19.00,1.20,50.0,-57,108,0.0556,0.0000,13.00,-67.00,4383.78,-1.0249,DOWN,72.80,0.9615,1.1854
20260901 222321 295,4374.20,1,4374.00,4374.20,0.20,4374.00,3,4373.90,6,4373.80,6,4373.70,5,4373.60,6,4373.50,6,4373.40,7,4373.30,13,4373.20,11,4373.10,12,4374.20,2,4374.30,3,4374.40,5,4374.50,3,4374.60,7,4374.70,5,4374.80,14,4374.90,14,4375.00,21,4375.10,13,Buy,5,6,11,-1.00,2.00,-2.00,0.30,0.0,4374.20,4374.20,4373.90,4374.20,26,44,70,-18.00,13.00,-19.00,1.20,50.0,-57,108,0.0556,1.0000,14.00,-66.00,4383.81,-1.0154,DOWN,72.80,0.9615,1.1854
20260901 222322 662,4374.00,1,4374.00,4374.20,0.20,4373.90,8,4373.80,6,4373.70,5,4373.60,6,4373.50,6,4373.40,7,4373.30,13,4373.20,11,4373.10,11,4373.00,9,4374.20,2,4374.30,3,4374.40,5,4374.50,3,4374.60,7,4374.70,5,4374.80,14,4374.90,14,4375.00,21,4375.10,13,Sell,5,7,12,-2.00,2.00,-2.00,0.30,66.7,4374.20,4374.20,4373.90,4374.00,26,44,70,-18.00,13.00,-19.00,1.20,50.0,-57,108,0.0556,0.0000,13.00,-67.00,4383.79,-1.0218,DOWN,72.80,0.9615,1.1854
20260901 222322 811,4374.20,1,4374.10,4374.40,0.30,4374.10,5,4374.00,6,4373.90,9,4373.80,9,4373.70,6,4373.60,6,4373.50,14,4373.40,15,4373.30,13,4373.20,11,4374.40,2,4374.50,2,4374.60,6,4374.70,5,4374.80,6,4374.90,14,4375.00,21,4375.10,13,4375.20,14,4375.30,13,Buy,6,7,13,-1.00,2.00,-2.00,0.30,0.0,4374.20,4374.20,4373.90,4374.20,26,44,70,-18.00,13.00,-19.00,1.20,50.0,-57,108,0.0556,1.0000,14.00,-66.00,4383.81,-1.0154,DOWN,72.80,0.9615,1.1854
20260901 222322 811,4374.20,1,4374.10,4374.40,0.30,4374.10,5,4374.00,6,4373.90,9,4373.80,9,4373.70,6,4373.60,6,4373.50,14,4373.40,15,4373.30,13,4373.20,11,4374.40,2,4374.50,2,4374.60,6,4374.70,5,4374.80,6,4374.90,14,4375.00,21,4375.10,13,4375.20,14,4375.30,13,Buy,7,7,14,0.00,2.00,-2.00,0.30,0.0,4374.20,4374.20,4373.90,4374.20,26,44,70,-18.00,13.00,-19.00,1.20,50.0,-57,108,0.0556,2.0000,15.00,-65.00,4383.81,-1.0154,DOWN,72.80,0.9615,1.1854
20260901 222323 378,4374.40,1,4374.30,4374.50,0.20,4374.10,5,4374.00,6,4373.90,9,4373.80,9,4373.70,6,4373.60,6,4373.50,14,4373.40,15,4373.30,13,4373.20,11,4374.50,2,4374.60,6,4374.70,5,4374.80,6,4374.90,14,4375.00,21,4375.10,13,4375.20,14,4375.30,13,4375.40,14,Buy,8,7,15,1.00,2.00,-2.00,0.50,40.0,4374.20,4374.40,4373.90,4374.40,26,44,70,-18.00,13.00,-19.00,1.20,50.0,-57,108,0.0556,1.0000,16.00,-64.00,4383.83,-1.0091,DOWN,72.80,0.9615,1.1997
20260901 222323 378,4374.40,1,4374.30,4374.50,0.20,4374.10,5,4374.00,6,4373.90,9,4373.80,9,4373.70,6,4373.60,6,4373.50,14,4373.40,15,4373.30,13,4373.20,11,4374.50,2,4374.60,6,4374.70,5,4374.80,6,4374.90,14,4375.00,21,4375.10,13,4375.20,14,4375.30,13,4375.40,14,Buy,9,7,16,2.00,2.00,-2.00,0.50,40.0,4374.20,4374.40,4373.90,4374.40,26,44,70,-18.00,13.00,-19.00,1.20,50.0,-57,108,0.0556,0.0000,17.00,-63.00,4383.83,-1.0091,DOWN,72.80,0.9615,1.1997
20260901 222323 382,4374.50,1,4374.30,4374.50,0.20,4374.10,5,4374.00,6,4373.90,9,4373.80,9,4373.70,6,4373.60,6,4373.50,14,4373.40,15,4373.30,13,4373.20,11,4374.50,2,4374.60,6,4374.70,5,4374.80,6,4374.90,14,4375.00,21,4375.10,13,4375.20,14,4375.30,13,4375.40,14,Buy,10,7,17,3.00,3.00,-2.00,0.60,50.0,4374.20,4374.50,4373.90,4374.50,26,44,70,-18.00,13.00,-19.00,1.20,50.0,-57,108,0.0556,0.0000,18.00,-62.00,4383.84,-1.0059,DOWN,72.80,0.9615,1.2069
20260901 222323 456,4374.60,1,4374.60,4374.70,0.10,4374.60,2,4374.50,5,4374.40,3,4374.30,3,4374.20,6,4374.10,6,4374.00,8,4373.90,11,4373.80,16,4373.70,15,4374.80,2,4374.90,4,4375.00,13,4375.10,5,4375.20,7,4375.30,13,4375.40,14,4375.50,13,4375.60,14,4375.70,14,Buy,11,7,18,4.00,4.00,-2.00,0.70,57.1,4374.20,4374.60,4373.90,4374.60,26,44,70,-18.00,13.00,-19.00,1.20,50.0,-57,108,0.0556,0.0000,19.00,-61.00,4383.85,-1.0027,DOWN,72.80,0.9615,1.2140
20260901 222323 456,4374.60,1,4374.60,4374.70,0.10,4374.60,2,4374.50,5,4374.40,3,4374.30,3,4374.20,6,4374.10,6,4374.00,8,4373.90,11,4373.80,16,4373.70,15,4374.80,2,4374.90,4,4375.00,13,4375.10,5,4375.20,7,4375.30,13,4375.40,14,4375.50,13,4375.60,14,4375.70,14,Buy,12,7,19,5.00,5.00,-2.00,0.70,57.1,4374.20,4374.60,4373.90,4374.60,26,44,70,-18.00,13.00,-19.00,1.20,50.0,-57,108,0.0556,0.0000,20.00,-60.00,4383.85,-1.0027,DOWN,72.80,0.9615,1.2140
20260901 222323 456,4374.70,1,4374.60,4374.70,0.10,4374.60,2,4374.50,5,4374.40,3,4374.30,3,4374.20,6,4374.10,6,4374.00,8,4373.90,11,4373.80,16,4373.70,15,4374.80,2,4374.90,4,4375.00,13,4375.10,5,4375.20,7,4375.30,13,4375.40,14,4375.50,13,4375.60,14,4375.70,14,Buy,13,7,20,6.00,6.00,-2.00,0.80,62.5,4374.20,4374.70,4373.90,4374.70,26,44,70,-18.00,13.00,-19.00,1.20,50.0,-57,108,0.0556,0.0000,21.00,-59.00,4383.86,-0.9996,DOWN,72.80,0.9615,1.2212
20260901 222323 456,4374.70,1,4374.60,4374.70,0.10,4374.60,2,4374.50,5,4374.40,3,4374.30,3,4374.20,6,4374.10,6,4374.00,8,4373.90,11,4373.80,16,4373.70,15,4374.80,2,4374.90,4,4375.00,13,4375.10,5,4375.20,7,4375.30,13,4375.40,14,4375.50,13,4375.60,14,4375.70,14,Buy,14,7,21,7.00,7.00,-2.00,0.80,62.5,4374.20,4374.70,4373.90,4374.70,26,44,70,-18.00,13.00,-19.00,1.20,50.0,-57,108,0.0556,0.0000,22.00,-58.00,4383.86,-0.9996,DOWN,72.80,0.9615,1.2212
20260901 222323 468,4374.50,1,4374.60,4374.70,0.10,4374.60,2,4374.50,5,4374.40,3,4374.30,3,4374.20,6,4374.10,6,4374.00,8,4373.90,11,4373.80,16,4373.70,15,4374.80,2,4374.90,4,4375.00,13,4375.10,5,4375.20,7,4375.30,13,4375.40,14,4375.50,13,4375.60,14,4375.70,14,Sell,14,8,22,6.00,7.00,-2.00,0.80,37.5,4374.20,4374.70,4373.90,4374.50,26,44,70,-18.00,13.00,-19.00,1.20,50.0,-57,108,0.0556,0.1667,21.00,-59.00,4383.84,-1.0059,DOWN,72.80,0.9615,1.2212
20260901 222323 477,4374.60,1,4374.60,4374.70,0.10,4374.60,2,4374.50,5,4374.40,3,4374.30,3,4374.20,6,4374.10,6,4374.00,8,4373.90,11,4373.80,16,4373.70,15,4374.80,2,4374.90,4,4375.00,13,4375.10,5,4375.20,7,4375.30,13,4375.40,14,4375.50,13,4375.60,14,4375.70,14,Buy,15,8,23,7.00,7.00,-2.00,0.80,50.0,4374.20,4374.70,4373.90,4374.60,26,44,70,-18.00,13.00,-19.00,1.20,50.0,-57,108,0.0556,0.0000,22.00,-58.00,4383.85,-1.0027,DOWN,72.80,0.9615,1.2212
20260901 222323 479,4374.70,1,4374.60,4374.70,0.10,4374.60,2,4374.50,5,4374.40,3,4374.30,3,4374.20,6,4374.10,6,4374.00,8,4373.90,11,4373.80,16,4373.70,15,4374.80,2,4374.90,4,4375.00,13,4375.10,5,4375.20,7,4375.30,13,4375.40,14,4375.50,13,4375.60,14,4375.70,14,Buy,16,8,24,8.00,8.00,-2.00,0.80,62.5,4374.20,4374.70,4373.90,4374.70,26,44,70,-18.00,13.00,-19.00,1.20,50.0,-57,108,0.0556,0.0000,23.00,-57.00,4383.86,-0.9996,DOWN,72.80,0.9615,1.2212
20260901 222323 602,4374.80,1,4374.60,4374.80,0.20,4374.60,3,4374.50,6,4374.40,4,4374.30,6,4374.20,7,4374.10,6,4374.00,16,4373.90,19,4373.80,16,4373.70,15,4374.80,1,4374.90,3,4375.00,12,4375.10,5,4375.20,7,4375.30,13,4375.40,14,4375.50,13,4375.60,14,4375.70,14,Buy,17,8,25,9.00,9.00,-2.00,0.90,66.7,4374.20,4374.80,4373.90,4374.80,26,44,70,-18.00,13.00,-19.00,1.20,50.0,-57,108,0.0556,0.0000,24.00,-56.00,4383.87,-0.9964,DOWN,72.80,0.9615,1.2283
20260901 222323 602,4374.90,1,4374.60,4374.80,0.20,4374.60,3,4374.50,6,4374.40,4,4374.30,6,4374.20,7,4374.10,6,4374.00,16,4373.90,19,4373.80,16,4373.70,15,4374.80,1,4374.90,3,4375.00,12,4375.10,5,4375.20,7,4375.30,13,4375.40,14,4375.50,13,4375.60,14,4375.70,14,Buy,18,8,26,10.00,10.00,-2.00,1.00,70.0,4374.20,4374.90,4373.90,4374.90,26,44,70,-18.00,13.00,-19.00,1.20,50.0,-57,108,0.0556,0.0000,25.00,-55.00,4383.88,-0.9932,DOWN,72.80,0.9615,1.2354
20260901 222323 603,4374.80,1,4374.60,4374.80,0.20,4374.60,3,4374.50,6,4374.40,4,4374.30,6,4374.20,7,4374.10,6,4374.00,16,4373.90,19,4373.80,16,4373.70,15,4374.80,1,4374.90,3,4375.00,12,4375.10,5,4375.20,7,4375.30,13,4375.40,14,4375.50,13,4375.60,14,4375.70,14,Buy,19,8,27,11.00,11.00,-2.00,1.00,60.0,4374.20,4374.90,4373.90,4374.80,26,44,70,-18.00,13.00,-19.00,1.20,50.0,-57,108,0.0556,0.0000,26.00,-54.00,4383.87,-0.9964,DOWN,72.80,0.9615,1.2354
20260901 222325 272,4374.60,1,4374.50,4374.80,0.30,4374.50,3,4374.40,4,4374.30,6,4374.20,8,4374.10,6,4374.00,16,4373.90,19,4373.80,20,4373.70,15,4373.60,14,4374.80,3,4374.90,4,4375.00,11,4375.10,5,4375.20,8,4375.30,13,4375.40,14,4375.50,13,4375.60,14,4375.70,14,Sell,19,9,28,10.00,11.00,-2.00,1.00,40.0,4374.20,4374.90,4373.90,4374.60,26,44,70,-18.00,13.00,-19.00,1.20,50.0,-57,108,0.0556,0.1000,25.00,-55.00,4383.85,-1.0027,DOWN,72.80,0.9615,1.2354
20260901 222328 525,4374.40,1,4374.50,4374.70,0.20,4374.50,2,4374.40,2,4374.30,5,4374.20,8,4374.10,6,4374.00,8,4373.90,19,4373.80,20,4373.70,15,4373.60,14,4374.70,2,4374.80,3,4374.90,4,4375.00,12,4375.10,5,4375.20,7,4375.30,13,4375.40,14,4375.50,13,4375.60,14,Sell,19,10,29,9.00,11.00,-2.00,1.00,20.0,4374.20,4374.90,4373.90,4374.40,26,44,70,-18.00,13.00,-19.00,1.20,50.0,-57,108,0.0556,0.2222,24.00,-56.00,4383.83,-1.0091,DOWN,72.80,0.9615,1.2354
20260901 222328 838,4374.50,1,4374.50,4374.70,0.20,4374.50,2,4374.40,6,4374.30,5,4374.20,8,4374.10,6,4374.00,8,4373.90,19,4373.80,20,4373.70,15,4373.60,14,4374.70,2,4374.80,3,4374.90,4,4375.00,12,4375.10,5,4375.20,7,4375.30,13,4375.40,14,4375.50,13,4375.60,14,Sell,19,11,30,8.00,11.00,-2.00,1.00,30.0,4374.20,4374.90,4373.90,4374.50,26,44,70,-18.00,13.00,-19.00,1.20,50.0,-57,108,0.0556,0.3750,23.00,-57.00,4383.84,-1.0059,DOWN,72.80,0.9615,1.2354
20260901 222328 838,4374.50,1,4374.50,4374.70,0.20,4374.50,2,4374.40,6,4374.30,5,4374.20,8,4374.10,6,4374.00,8,4373.90,19,4373.80,20,4373.70,15,4373.60,14,4374.70,2,4374.80,3,4374.90,4,4375.00,12,4375.10,5,4375.20,7,4375.30,13,4375.40,14,4375.50,13,4375.60,14,Sell,19,12,31,7.00,11.00,-2.00,1.00,30.0,4374.20,4374.90,4373.90,4374.50,26,44,70,-18.00,13.00,-19.00,1.20,50.0,-57,108,0.0556,0.5714,22.00,-58.00,4383.84,-1.0059,DOWN,72.80,0.9615,1.2354
20260901 222328 838,4374.40,1,4374.50,4374.70,0.20,4374.50,2,4374.40,6,4374.30,5,4374.20,8,4374.10,6,4374.00,8,4373.90,19,4373.80,20,4373.70,15,4373.60,14,4374.70,2,4374.80,3,4374.90,4,4375.00,12,4375.10,5,4375.20,7,4375.30,13,4375.40,14,4375.50,13,4375.60,14,Sell,19,13,32,6.00,11.00,-2.00,1.00,20.0,4374.20,4374.90,4373.90,4374.40,26,44,70,-18.00,13.00,-19.00,1.20,50.0,-57,108,0.0556,0.8333,21.00,-59.00,4383.83,-1.0091,DOWN,72.80,0.9615,1.2354
20260901 222329 550,4374.40,1,4374.40,4374.60,0.20,4374.40,3,4374.30,5,4374.20,8,4374.10,6,4374.00,8,4373.90,19,4373.80,20,4373.70,15,4373.60,14,4373.50,13,4374.70,4,4374.80,3,4374.90,4,4375.00,13,4375.10,5,4375.20,7,4375.30,13,4375.40,14,4375.50,13,4375.60,14,Sell,19,14,33,5.00,11.00,-2.00,1.00,20.0,4374.20,4374.90,4373.90,4374.40,26,44,70,-18.00,13.00,-19.00,1.20,50.0,-57,108,0.0556,1.2000,20.00,-60.00,4383.83,-1.0091,DOWN,72.80,0.9615,1.2354
20260901 222329 550,4374.40,1,4374.40,4374.60,0.20,4374.40,3,4374.30,5,4374.20,8,4374.10,6,4374.00,8,4373.90,19,4373.80,20,4373.70,15,4373.60,14,4373.50,13,4374.70,4,4374.80,3,4374.90,4,4375.00,13,4375.10,5,4375.20,7,4375.30,13,4375.40,14,4375.50,13,4375.60,14,Sell,19,15,34,4.00,11.00,-2.00,1.00,20.0,4374.20,4374.90,4373.90,4374.40,26,44,70,-18.00,13.00,-19.00,1.20,50.0,-57,108,0.0556,1.7500,19.00,-61.00,4383.83,-1.0091,DOWN,72.80,0.9615,1.2354
20260901 222330 487,4374.50,1,4374.50,4374.70,0.20,4374.50,5,4374.40,6,4374.30,8,4374.20,8,4374.10,7,4374.00,8,4373.90,18,4373.80,20,4373.70,15,4373.60,14,4374.70,1,4374.80,1,4374.90,3,4375.00,13,4375.10,5,4375.20,15,4375.30,13,4375.40,14,4375.50,13,4375.60,14,Buy,20,15,35,5.00,11.00,-2.00,1.00,30.0,4374.20,4374.90,4373.90,4374.50,26,44,70,-18.00,13.00,-19.00,1.20,50.0,-57,108,0.0556,1.2000,20.00,-60.00,4383.84,-1.0059,DOWN,72.80,0.9615,1.2354
20260901 222330 487,4374.50,1,4374.50,4374.70,0.20,4374.50,5,4374.40,6,4374.30,8,4374.20,8,4374.10,7,4374.00,8,4373.90,18,4373.80,20,4373.70,15,4373.60,14,4374.70,1,4374.80,1,4374.90,3,4375.00,13,4375.10,5,4375.20,15,4375.30,13,4375.40,14,4375.50,13,4375.60,14,Buy,21,15,36,6.00,11.00,-2.00,1.00,30.0,4374.20,4374.90,4373.90,4374.50,26,44,70,-18.00,13.00,-19.00,1.20,50.0,-57,108,0.0556,0.8333,21.00,-59.00,4383.84,-1.0059,DOWN,72.80,0.9615,1.2354
20260901 222330 569,4374.70,1,4374.60,4374.80,0.20,4374.60,1,4374.50,3,4374.40,8,4374.30,8,4374.20,8,4374.10,6,4374.00,16,4373.90,18,4373.80,20,4373.70,15,4374.80,3,4374.90,5,4375.00,10,4375.10,4,4375.20,7,4375.30,5,4375.40,14,4375.50,13,4375.60,14,4375.70,14,Buy,22,15,37,7.00,11.00,-2.00,1.00,50.0,4374.20,4374.90,4373.90,4374.70,26,44,70,-18.00,13.00,-19.00,1.20,50.0,-57,108,0.0556,0.5714,22.00,-58.00,4383.86,-0.9996,DOWN,72.80,0.9615,1.2354
20260901 222331 442,4374.80,1,4374.60,4374.90,0.30,4374.60,3,4374.50,3,4374.40,8,4374.30,8,4374.20,8,4374.10,6,4374.00,16,4373.90,18,4373.80,20,4373.70,15,4374.90,1,4375.00,4,4375.10,4,4375.20,6,4375.30,5,4375.40,14,4375.50,13,4375.60,14,4375.70,14,4375.80,14,Buy,23,15,38,8.00,11.00,-2.00,1.00,60.0,4374.20,4374.90,4373.90,4374.80,26,44,70,-18.00,13.00,-19.00,1.20,50.0,-57,108,0.0556,0.3750,23.00,-57.00,4383.87,-0.9964,DOWN,72.80,0.9615,1.2354
20260901 222331 442,4374.80,1,4374.60,4374.90,0.30,4374.60,3,4374.50,3,4374.40,8,4374.30,8,4374.20,8,4374.10,6,4374.00,16,4373.90,18,4373.80,20,4373.70,15,4374.90,1,4375.00,4,4375.10,4,4375.20,6,4375.30,5,4375.40,14,4375.50,13,4375.60,14,4375.70,14,4375.80,14,Buy,24,15,39,9.00,11.00,-2.00,1.00,60.0,4374.20,4374.90,4373.90,4374.80,26,44,70,-18.00,13.00,-19.00,1.20,50.0,-57,108,0.0556,0.2222,24.00,-56.00,4383.87,-0.9964,DOWN,72.80,0.9615,1.2354
20260901 222331 442,4374.80,1,4374.60,4374.90,0.30,4374.60,3,4374.50,3,4374.40,8,4374.30,8,4374.20,8,4374.10,6,4374.00,16,4373.90,18,4373.80,20,4373.70,15,4374.90,1,4375.00,4,4375.10,4,4375.20,6,4375.30,5,4375.40,14,4375.50,13,4375.60,14,4375.70,14,4375.80,14,Buy,25,15,40,10.00,11.00,-2.00,1.00,60.0,4374.20,4374.90,4373.90,4374.80,26,44,70,-18.00,13.00,-19.00,1.20,50.0,-57,108,0.0556,0.1000,25.00,-55.00,4383.87,-0.9964,DOWN,72.80,0.9615,1.2354
20260901 222331 442,4374.90,1,4374.60,4374.90,0.30,4374.60,3,4374.50,3,4374.40,8,4374.30,8,4374.20,8,4374.10,6,4374.00,16,4373.90,18,4373.80,20,4373.70,15,4374.90,1,4375.00,4,4375.10,4,4375.20,6,4375.30,5,4375.40,14,4375.50,13,4375.60,14,4375.70,14,4375.80,14,Buy,26,15,41,11.00,11.00,-2.00,1.00,70.0,4374.20,4374.90,4373.90,4374.90,26,44,70,-18.00,13.00,-19.00,1.20,50.0,-57,108,0.0556,0.0000,26.00,-54.00,4383.88,-0.9932,DOWN,72.80,0.9615,1.2354
20260901 222331 442,4374.90,1,4374.60,4374.90,0.30,4374.60,3,4374.50,3,4374.40,8,4374.30,8,4374.20,8,4374.10,6,4374.00,16,4373.90,18,4373.80,20,4373.70,15,4374.90,1,4375.00,4,4375.10,4,4375.20,6,4375.30,5,4375.40,14,4375.50,13,4375.60,14,4375.70,14,4375.80,14,Buy,27,15,42,12.00,12.00,-2.00,1.00,70.0,4374.20,4374.90,4373.90,4374.90,26,44,70,-18.00,13.00,-19.00,1.20,50.0,-57,108,0.0556,0.0000,27.00,-53.00,4383.88,-0.9932,DOWN,72.80,0.9615,1.2354
20260901 222331 442,4374.90,1,4374.60,4374.90,0.30,4374.60,3,4374.50,3,4374.40,8,4374.30,8,4374.20,8,4374.10,6,4374.00,16,4373.90,18,4373.80,20,4373.70,15,4374.90,1,4375.00,4,4375.10,4,4375.20,6,4375.30,5,4375.40,14,4375.50,13,4375.60,14,4375.70,14,4375.80,14,Buy,28,15,43,13.00,13.00,-2.00,1.00,70.0,4374.20,4374.90,4373.90,4374.90,26,44,70,-18.00,13.00,-19.00,1.20,50.0,-57,108,0.0556,0.0000,28.00,-52.00,4383.88,-0.9932,DOWN,72.80,0.9615,1.2354
20260901 222331 442,4374.90,1,4374.60,4374.90,0.30,4374.60,3,4374.50,3,4374.40,8,4374.30,8,4374.20,8,4374.10,6,4374.00,16,4373.90,18,4373.80,20,4373.70,15,4374.90,1,4375.00,4,4375.10,4,4375.20,6,4375.30,5,4375.40,14,4375.50,13,4375.60,14,4375.70,14,4375.80,14,Buy,29,15,44,14.00,14.00,-2.00,1.00,70.0,4374.20,4374.90,4373.90,4374.90,26,44,70,-18.00,13.00,-19.00,1.20,50.0,-57,108,0.0556,0.0000,29.00,-51.00,4383.88,-0.9932,DOWN,72.80,0.9615,1.2354
20260901 222331 442,4374.90,1,4374.60,4374.90,0.30,4374.60,3,4374.50,3,4374.40,8,4374.30,8,4374.20,8,4374.10,6,4374.00,16,4373.90,18,4373.80,20,4373.70,15,4374.90,1,4375.00,4,4375.10,4,4375.20,6,4375.30,5,4375.40,14,4375.50,13,4375.60,14,4375.70,14,4375.80,14,Buy,30,15,45,15.00,15.00,-2.00,1.00,70.0,4374.20,4374.90,4373.90,4374.90,26,44,70,-18.00,13.00,-19.00,1.20,50.0,-57,108,0.0556,0.0000,30.00,-50.00,4383.88,-0.9932,DOWN,72.80,0.9615,1.2354
20260901 222331 442,4375.00,1,4374.60,4374.90,0.30,4374.60,3,4374.50,3,4374.40,8,4374.30,8,4374.20,8,4374.10,6,4374.00,16,4373.90,18,4373.80,20,4373.70,15,4374.90,1,4375.00,4,4375.10,4,4375.20,6,4375.30,5,4375.40,14,4375.50,13,4375.60,14,4375.70,14,4375.80,14,Buy,31,15,46,16.00,16.00,-2.00,1.10,72.7,4374.20,4375.00,4373.90,4375.00,26,44,70,-18.00,13.00,-19.00,1.20,50.0,-57,108,0.0556,0.0000,31.00,-49.00,4383.89,-0.9900,DOWN,72.80,0.9615,1.2426
20260901 222331 442,4375.00,1,4374.60,4374.90,0.30,4374.60,3,4374.50,3,4374.40,8,4374.30,8,4374.20,8,4374.10,6,4374.00,16,4373.90,18,4373.80,20,4373.70,15,4374.90,1,4375.00,4,4375.10,4,4375.20,6,4375.30,5,4375.40,14,4375.50,13,4375.60,14,4375.70,14,4375.80,14,Buy,32,15,47,17.00,17.00,-2.00,1.10,72.7,4374.20,4375.00,4373.90,4375.00,26,44,70,-18.00,13.00,-19.00,1.20,50.0,-57,108,0.0556,0.0000,32.00,-48.00,4383.89,-0.9900,DOWN,72.80,0.9615,1.2426
20260901 222331 442,4375.00,1,4374.60,4374.90,0.30,4374.60,3,4374.50,3,4374.40,8,4374.30,8,4374.20,8,4374.10,6,4374.00,16,4373.90,18,4373.80,20,4373.70,15,4374.90,1,4375.00,4,4375.10,4,4375.20,6,4375.30,5,4375.40,14,4375.50,13,4375.60,14,4375.70,14,4375.80,14,Buy,33,15,48,18.00,18.00,-2.00,1.10,72.7,4374.20,4375.00,4373.90,4375.00,26,44,70,-18.00,13.00,-19.00,1.20,50.0,-57,108,0.0556,0.0000,33.00,-47.00,4383.89,-0.9900,DOWN,72.80,0.9615,1.2426
20260901 222331 442,4375.00,1,4374.60,4374.90,0.30,4374.60,3,4374.50,3,4374.40,8,4374.30,8,4374.20,8,4374.10,6,4374.00,16,4373.90,18,4373.80,20,4373.70,15,4374.90,1,4375.00,4,4375.10,4,4375.20,6,4375.30,5,4375.40,14,4375.50,13,4375.60,14,4375.70,14,4375.80,14,Buy,34,15,49,19.00,19.00,-2.00,1.10,72.7,4374.20,4375.00,4373.90,4375.00,26,44,70,-18.00,13.00,-19.00,1.20,50.0,-57,108,0.0556,0.0000,34.00,-46.00,4383.89,-0.9900,DOWN,72.80,0.9615,1.2426
20260901 222331 442,4375.00,1,4374.60,4374.90,0.30,4374.60,3,4374.50,3,4374.40,8,4374.30,8,4374.20,8,4374.10,6,4374.00,16,4373.90,18,4373.80,20,4373.70,15,4374.90,1,4375.00,4,4375.10,4,4375.20,6,4375.30,5,4375.40,14,4375.50,13,4375.60,14,4375.70,14,4375.80,14,Buy,35,15,50,20.00,20.00,-2.00,1.10,72.7,4374.20,4375.00,4373.90,4375.00,26,44,70,-18.00,13.00,-19.00,1.20,50.0,-57,108,0.0556,0.0000,35.00,-45.00,4383.89,-0.9900,DOWN,72.80,0.9615,1.2426
20260901 222331 442,4375.00,1,4374.60,4374.90,0.30,4374.60,3,4374.50,3,4374.40,8,4374.30,8,4374.20,8,4374.10,6,4374.00,16,4373.90,18,4373.80,20,4373.70,15,4374.90,1,4375.00,4,4375.10,4,4375.20,6,4375.30,5,4375.40,14,4375.50,13,4375.60,14,4375.70,14,4375.80,14,Buy,36,15,51,21.00,21.00,-2.00,1.10,72.7,4374.20,4375.00,4373.90,4375.00,26,44,70,-18.00,13.00,-19.00,1.20,50.0,-57,108,0.0556,0.0000,36.00,-44.00,4383.89,-0.9900,DOWN,72.80,0.9615,1.2426
20260901 222331 442,4375.00,1,4374.60,4374.90,0.30,4374.60,3,4374.50,3,4374.40,8,4374.30,8,4374.20,8,4374.10,6,4374.00,16,4373.90,18,4373.80,20,4373.70,15,4374.90,1,4375.00,4,4375.10,4,4375.20,6,4375.30,5,4375.40,14,4375.50,13,4375.60,14,4375.70,14,4375.80,14,Buy,37,15,52,22.00,22.00,-2.00,1.10,72.7,4374.20,4375.00,4373.90,4375.00,26,44,70,-18.00,13.00,-19.00,1.20,50.0,-57,108,0.0556,0.0000,37.00,-43.00,4383.89,-0.9900,DOWN,72.80,0.9615,1.2426
20260901 222331 901,4374.90,1,4374.60,4374.90,0.30,4374.60,3,4374.50,4,4374.40,7,4374.30,8,4374.20,9,4374.10,6,4374.00,16,4373.90,18,4373.80,20,4373.70,15,4374.90,4,4375.00,7,4375.10,4,4375.20,6,4375.30,5,4375.40,14,4375.50,14,4375.60,14,4375.70,14,4375.80,14,Buy,38,15,53,23.00,23.00,-2.00,1.10,63.6,4374.20,4375.00,4373.90,4374.90,26,44,70,-18.00,13.00,-19.00,1.20,50.0,-57,108,0.0556,0.0000,38.00,-42.00,4383.88,-0.9932,DOWN,72.80,0.9615,1.2426
20260901 222338 544,4374.70,1,4374.40,4374.60,0.20,4374.40,2,4374.30,6,4374.20,8,4374.10,6,4374.00,8,4373.90,18,4373.80,20,4373.70,15,4373.60,14,4373.50,14,4374.60,2,4374.70,5,4374.80,4,4374.90,6,4375.00,8,4375.10,6,4375.20,6,4375.30,13,4375.40,14,4375.50,13,Buy,39,15,54,24.00,24.00,-2.00,1.10,45.5,4374.20,4375.00,4373.90,4374.70,26,44,70,-18.00,13.00,-19.00,1.20,50.0,-57,108,0.0556,0.0000,39.00,-41.00,4383.86,-0.9996,DOWN,72.80,0.9615,1.2426
20260901 222344 364,4374.40,1,4374.30,4374.60,0.30,4374.30,3,4374.20,8,4374.10,6,4374.00,8,4373.90,18,4373.80,20,4373.70,15,4373.60,14,4373.50,14,4373.40,15,4374.60,3,4374.70,5,4374.80,4,4374.90,6,4375.00,9,4375.10,5,4375.20,14,4375.30,13,4375.40,14,4375.50,14,Sell,39,16,55,23.00,24.00,-2.00,1.10,18.2,4374.20,4375.00,4373.90,4374.40,26,44,70,-18.00,13.00,-19.00,1.20,50.0,-57,108,0.0556,0.0435,38.00,-42.00,4383.83,-1.0091,DOWN,72.80,0.9615,1.2426
20260901 222349 245,4374.60,1,4374.30,4374.50,0.20,4374.30,3,4374.20,7,4374.10,6,4374.00,8,4373.90,18,4373.80,20,4373.70,15,4373.60,14,4373.50,14,4373.40,15,4374.50,1,4374.60,3,4374.70,5,4374.80,5,4374.90,8,4375.00,9,4375.10,5,4375.20,14,4375.30,13,4375.40,14,Buy,40,16,56,24.00,24.00,-2.00,1.10,36.4,4374.20,4375.00,4373.90,4374.60,26,44,70,-18.00,13.00,-19.00,1.20,50.0,-57,108,0.0556,0.0000,39.00,-41.00,4383.85,-1.0027,DOWN,72.80,0.9615,1.2426
20260901 222349 269,4374.50,1,4374.30,4374.50,0.20,4374.30,3,4374.20,7,4374.10,6,4374.00,8,4373.90,18,4373.80,20,4373.70,15,4373.60,14,4373.50,14,4373.40,15,4374.50,1,4374.60,3,4374.70,5,4374.80,5,4374.90,8,4375.00,9,4375.10,5,4375.20,14,4375.30,13,4375.40,14,Buy,41,16,57,25.00,25.00,-2.00,1.10,27.3,4374.20,4375.00,4373.90,4374.50,26,44,70,-18.00,13.00,-19.00,1.20,50.0,-57,108,0.0556,0.0000,40.00,-40.00,4383.84,-1.0059,DOWN,72.80,0.9615,1.2426
20260901 222350 113,4374.50,1,4374.40,4374.50,0.10,4374.40,6,4374.30,4,4374.20,7,4374.10,6,4374.00,8,4373.90,18,4373.80,20,4373.70,15,4373.60,14,4373.50,14,4374.60,1,4374.70,2,4374.80,4,4374.90,7,4375.00,9,4375.10,5,4375.20,14,4375.30,13,4375.40,14,4375.50,14,Buy,42,16,58,26.00,26.00,-2.00,1.10,27.3,4374.20,4375.00,4373.90,4374.50,26,44,70,-18.00,13.00,-19.00,1.20,50.0,-57,108,0.0556,0.0000,41.00,-39.00,4383.84,-1.0059,DOWN,72.80,0.9615,1.2426
20260901 222350 195,4374.60,1,4374.60,4374.80,0.20,4374.60,2,4374.50,3,4374.40,5,4374.30,4,4374.20,8,4374.10,6,4374.00,8,4373.90,18,4373.80,20,4373.70,15,4374.80,2,4374.90,4,4375.00,8,4375.10,5,4375.20,6,4375.30,13,4375.40,14,4375.50,14,4375.60,15,4375.70,14,Buy,43,16,59,27.00,27.00,-2.00,1.10,36.4,4374.20,4375.00,4373.90,4374.60,26,44,70,-18.00,13.00,-19.00,1.20,50.0,-57,108,0.0556,0.0000,42.00,-38.00,4383.85,-1.0027,DOWN,72.80,0.9615,1.2426
20260901 222351 298,4374.80,1,4374.60,4374.80,0.20,4374.60,2,4374.50,3,4374.40,5,4374.30,4,4374.20,8,4374.10,6,4374.00,16,4373.90,18,4373.80,20,4373.70,15,4374.80,4,4374.90,4,4375.00,8,4375.10,5,4375.20,6,4375.30,13,4375.40,14,4375.50,14,4375.60,15,4375.70,14,Buy,44,16,60,28.00,28.00,-2.00,1.10,54.5,4374.20,4375.00,4373.90,4374.80,26,44,70,-18.00,13.00,-19.00,1.20,50.0,-57,108,0.0556,0.0000,43.00,-37.00,4383.87,-0.9964,DOWN,72.80,0.9615,1.2426
20260901 222356 834,4374.70,1,4374.40,4374.60,0.20,4374.40,2,4374.30,4,4374.20,8,4374.10,6,4374.00,8,4373.90,18,4373.80,20,4373.70,15,4373.60,14,4373.50,14,4374.60,1,4374.70,4,4374.80,4,4374.90,4,4375.00,9,4375.10,5,4375.20,6,4375.30,13,4375.40,14,4375.50,14,Buy,45,16,61,29.00,29.00,-2.00,1.10,45.5,4374.20,4375.00,4373.90,4374.70,26,44,70,-18.00,13.00,-19.00,1.20,50.0,-57,108,0.0556,0.0000,44.00,-36.00,4383.86,-0.9996,DOWN,72.80,0.9615,1.2426
20260901 222408 093,4374.40,1,4374.30,4374.50,0.20,4374.30,2,4374.20,4,4374.10,4,4374.00,8,4373.90,10,4373.80,12,4373.70,15,4373.60,14,4373.50,14,4373.40,15,4374.50,1,4374.60,4,4374.70,4,4374.80,6,4374.90,5,4375.00,10,4375.10,13,4375.20,14,4375.30,13,4375.40,14,Sell,0,1,1,-1.00,-1.00,-1.00,0.00,0.0,4374.40,4374.40,4374.40,4374.40,45,16,61,29.00,29.00,-2.00,1.10,45.5,18,24,0.0000,0.0000,69.00,-27.00,4383.83,-1.0091,DOWN,71.05,0.8586,1.1753
20260901 222408 093,4374.30,1,4374.30,4374.50,0.20,4374.30,2,4374.20,4,4374.10,4,4374.00,8,4373.90,10,4373.80,12,4373.70,15,4373.60,14,4373.50,14,4373.40,15,4374.50,1,4374.60,4,4374.70,4,4374.80,6,4374.90,5,4375.00,10,4375.10,13,4375.20,14,4375.30,13,4375.40,14,Sell,0,2,2,-2.00,-1.00,-2.00,0.10,100.0,4374.40,4374.40,4374.30,4374.30,45,16,61,29.00,29.00,-2.00,1.10,45.5,18,24,0.0000,0.0000,68.00,-28.00,4383.82,-1.0123,DOWN,71.05,0.8586,1.1824
20260901 222408 093,4374.30,1,4374.30,4374.50,0.20,4374.30,2,4374.20,4,4374.10,4,4374.00,8,4373.90,10,4373.80,12,4373.70,15,4373.60,14,4373.50,14,4373.40,15,4374.50,1,4374.60,4,4374.70,4,4374.80,6,4374.90,5,4375.00,10,4375.10,13,4375.20,14,4375.30,13,4375.40,14,Sell,0,3,3,-3.00,-1.00,-3.00,0.10,100.0,4374.40,4374.40,4374.30,4374.30,45,16,61,29.00,29.00,-2.00,1.10,45.5,18,24,0.0000,0.0000,67.00,-29.00,4383.82,-1.0123,DOWN,71.05,0.8586,1.1824
20260901 222409 159,4374.20,1,4374.00,4374.30,0.30,4374.00,3,4373.90,9,4373.80,12,4373.70,7,4373.60,6,4373.50,14,4373.40,15,4373.30,13,4373.20,11,4373.10,10,4374.30,4,4374.40,6,4374.50,5,4374.60,7,4374.70,6,4374.80,6,4374.90,13,4375.00,18,4375.10,13,4375.20,14,Sell,0,4,4,-4.00,-1.00,-4.00,0.20,100.0,4374.40,4374.40,4374.20,4374.20,45,16,61,29.00,29.00,-2.00,1.10,45.5,18,24,0.0000,0.0000,66.00,-30.00,4383.81,-1.0154,DOWN,71.05,0.8586,1.1895
20260901 222412 464,4374.10,1,4374.10,4374.30,0.20,4374.10,1,4374.00,3,4373.90,9,4373.80,12,4373.70,7,4373.60,6,4373.50,14,4373.40,15,4373.30,13,4373.20,11,4374.30,2,4374.40,4,4374.50,5,4374.60,6,4374.70,5,4374.80,6,4374.90,13,4375.00,17,4375.10,13,4375.20,14,Sell,0,5,5,-5.00,-1.00,-5.00,0.30,100.0,4374.40,4374.40,4374.10,4374.10,45,16,61,29.00,29.00,-2.00,1.10,45.5,18,24,0.0000,0.0000,65.00,-31.00,4383.80,-1.0186,DOWN,71.05,0.8586,1.1967
20260901 222412 467,4374.10,1,4374.10,4374.30,0.20,4374.10,1,4374.00,3,4373.90,9,4373.80,12,4373.70,7,4373.60,6,4373.50,14,4373.40,15,4373.30,13,4373.20,11,4374.30,2,4374.40,4,4374.50,5,4374.60,6,4374.70,5,4374.80,6,4374.90,13,4375.00,17,4375.10,13,4375.20,14,Sell,0,6,6,-6.00,-1.00,-6.00,0.30,100.0,4374.40,4374.40,4374.10,4374.10,45,16,61,29.00,29.00,-2.00,1.10,45.5,18,24,0.0000,0.0000,64.00,-32.00,4383.80,-1.0186,DOWN,71.05,0.8586,1.1967
20260901 222412 469,4374.10,1,4374.10,4374.30,0.20,4374.10,1,4374.00,3,4373.90,9,4373.80,12,4373.70,7,4373.60,6,4373.50,14,4373.40,15,4373.30,13,4373.20,11,4374.30,2,4374.40,4,4374.50,5,4374.60,6,4374.70,5,4374.80,6,4374.90,13,4375.00,17,4375.10,13,4375.20,14,Sell,0,7,7,-7.00,-1.00,-7.00,0.30,100.0,4374.40,4374.40,4374.10,4374.10,45,16,61,29.00,29.00,-2.00,1.10,45.5,18,24,0.0000,0.0000,63.00,-33.00,4383.80,-1.0186,DOWN,71.05,0.8586,1.1967
20260901 222414 896,4374.20,1,4374.00,4374.20,0.20,4374.00,4,4373.90,9,4373.80,12,4373.70,7,4373.60,6,4373.50,14,4373.40,15,4373.30,13,4373.20,11,4373.10,10,4374.20,2,4374.30,2,4374.40,4,4374.50,5,4374.60,7,4374.70,5,4374.80,6,4374.90,13,4375.00,15,4375.10,13,Buy,1,7,8,-6.00,-1.00,-7.00,0.30,66.7,4374.40,4374.40,4374.10,4374.20,45,16,61,29.00,29.00,-2.00,1.10,45.5,18,24,0.0000,0.1667,64.00,-32.00,4383.81,-1.0154,DOWN,71.05,0.8586,1.1967
20260901 222417 399,4374.00,1,4374.00,4374.20,0.20,4374.00,4,4373.90,9,4373.80,12,4373.70,7,4373.60,6,4373.50,14,4373.40,15,4373.30,13,4373.20,12,4373.10,10,4374.20,1,4374.30,2,4374.40,4,4374.50,5,4374.60,7,4374.70,5,4374.80,6,4374.90,13,4375.00,15,4375.10,13,Sell,1,8,9,-7.00,-1.00,-7.00,0.40,100.0,4374.40,4374.40,4374.00,4374.00,45,16,61,29.00,29.00,-2.00,1.10,45.5,18,24,0.0000,0.0000,63.00,-33.00,4383.79,-1.0218,DOWN,71.05,0.8586,1.2038
20260901 222419 239,4374.20,1,4374.00,4374.20,0.20,4374.00,3,4373.90,9,4373.80,12,4373.70,7,4373.60,6,4373.50,14,4373.40,15,4373.30,13,4373.20,11,4373.10,10,4374.20,1,4374.30,2,4374.40,4,4374.50,5,4374.60,7,4374.70,5,4374.80,6,4374.90,13,4375.00,15,4375.10,13,Buy,2,8,10,-6.00,-1.00,-7.00,0.40,50.0,4374.40,4374.40,4374.00,4374.20,45,16,61,29.00,29.00,-2.00,1.10,45.5,18,24,0.0000,0.1667,64.00,-32.00,4383.81,-1.0154,DOWN,71.05,0.8586,1.2038
20260901 222419 239,4374.20,1,4374.00,4374.20,0.20,4374.00,3,4373.90,9,4373.80,12,4373.70,7,4373.60,6,4373.50,14,4373.40,15,4373.30,13,4373.20,11,4373.10,10,4374.20,1,4374.30,2,4374.40,4,4374.50,5,4374.60,7,4374.70,5,4374.80,6,4374.90,13,4375.00,15,4375.10,13,Buy,3,8,11,-5.00,-1.00,-7.00,0.40,50.0,4374.40,4374.40,4374.00,4374.20,45,16,61,29.00,29.00,-2.00,1.10,45.5,18,24,0.0000,0.4000,65.00,-31.00,4383.81,-1.0154,DOWN,71.05,0.8586,1.2038
20260901 222425 751,4374.20,1,4374.20,4374.30,0.10,4374.10,5,4374.00,4,4373.90,9,4373.80,12,4373.70,7,4373.60,6,4373.50,14,4373.40,15,4373.30,13,4373.20,11,4374.30,1,4374.40,2,4374.50,5,4374.60,7,4374.70,5,4374.80,6,4374.90,13,4375.00,16,4375.10,13,4375.20,14,Buy,4,8,12,-4.00,-1.00,-7.00,0.40,50.0,4374.40,4374.40,4374.00,4374.20,45,16,61,29.00,29.00,-2.00,1.10,45.5,18,24,0.0000,0.7500,66.00,-30.00,4383.81,-1.0154,DOWN,71.05,0.8586,1.2038
20260901 222425 764,4374.30,1,4374.20,4374.30,0.10,4374.10,5,4374.00,4,4373.90,9,4373.80,12,4373.70,7,4373.60,6,4373.50,14,4373.40,15,4373.30,13,4373.20,11,4374.30,1,4374.40,2,4374.50,5,4374.60,7,4374.70,5,4374.80,6,4374.90,13,4375.00,16,4375.10,13,4375.20,14,Buy,5,8,13,-3.00,-1.00,-7.00,0.40,25.0,4374.40,4374.40,4374.00,4374.30,45,16,61,29.00,29.00,-2.00,1.10,45.5,18,24,0.0000,1.3333,67.00,-29.00,4383.82,-1.0123,DOWN,71.05,0.8586,1.2038
20260901 222425 770,4374.40,1,4374.30,4374.50,0.20,4374.30,4,4374.20,4,4374.10,5,4374.00,8,4373.90,10,4373.80,12,4373.70,12,4373.60,11,4373.50,11,4373.40,12,4374.50,1,4374.60,3,4374.70,3,4374.80,6,4374.90,5,4375.00,16,4375.10,13,4375.20,14,4375.30,13,4375.40,14,Sell,5,9,14,-4.00,-1.00,-7.00,0.40,0.0,4374.40,4374.40,4374.00,4374.40,45,16,61,29.00,29.00,-2.00,1.10,45.5,18,24,0.0000,0.7500,66.00,-30.00,4383.83,-1.0091,DOWN,71.05,0.8586,1.2038
20260901 222425 770,4374.40,1,4374.30,4374.50,0.20,4374.30,4,4374.20,4,4374.10,5,4374.00,8,4373.90,10,4373.80,12,4373.70,12,4373.60,11,4373.50,11,4373.40,12,4374.50,1,4374.60,3,4374.70,3,4374.80,6,4374.90,5,4375.00,16,4375.10,13,4375.20,14,4375.30,13,4375.40,14,Sell,5,10,15,-5.00,-1.00,-7.00,0.40,0.0,4374.40,4374.40,4374.00,4374.40,45,16,61,29.00,29.00,-2.00,1.10,45.5,18,24,0.0000,0.4000,65.00,-31.00,4383.83,-1.0091,DOWN,71.05,0.8586,1.2038
20260901 222425 847,4374.30,1,4374.30,4374.50,0.20,4374.30,2,4374.20,4,4374.10,5,4374.00,7,4373.90,10,4373.80,12,4373.70,12,4373.60,11,4373.50,11,4373.40,12,4374.50,3,4374.60,3,4374.70,3,4374.80,6,4374.90,5,4375.00,16,4375.10,13,4375.20,14,4375.30,13,4375.40,14,Sell,5,11,16,-6.00,-1.00,-7.00,0.40,25.0,4374.40,4374.40,4374.00,4374.30,45,16,61,29.00,29.00,-2.00,1.10,45.5,18,24,0.0000,0.1667,64.00,-32.00,4383.82,-1.0123,DOWN,71.05,0.8586,1.2038
20260901 222426 474,4374.50,1,4374.30,4374.50,0.20,4374.30,2,4374.20,5,4374.10,4,4374.00,7,4373.90,11,4373.80,12,4373.70,12,4373.60,11,4373.50,11,4373.40,12,4374.50,1,4374.60,3,4374.70,3,4374.80,6,4374.90,5,4375.00,16,4375.10,13,4375.20,14,4375.30,13,4375.40,14,Buy,6,11,17,-5.00,-1.00,-7.00,0.50,20.0,4374.40,4374.50,4374.00,4374.50,45,16,61,29.00,29.00,-2.00,1.10,45.5,18,24,0.0000,0.4000,65.00,-31.00,4383.84,-1.0059,DOWN,71.05,0.8586,1.2038
20260901 222430 324,4374.30,1,4374.10,4374.40,0.30,4374.10,4,4374.00,6,4373.90,10,4373.80,12,4373.70,7,4373.60,11,4373.50,11,4373.40,12,4373.30,10,4373.20,8,4374.40,3,4374.50,4,4374.60,6,4374.70,4,4374.80,7,4374.90,5,4375.00,15,4375.10,13,4375.20,14,4375.30,13,Sell,6,12,18,-6.00,-1.00,-7.00,0.50,20.0,4374.40,4374.50,4374.00,4374.30,45,16,61,29.00,29.00,-2.00,1.10,45.5,18,24,0.0000,0.1667,64.00,-32.00,4383.82,-1.0123,DOWN,71.05,0.8586,1.2038
20260901 222433 673,4374.00,1,4374.00,4374.20,0.20,4374.00,2,4373.90,10,4373.80,12,4373.70,7,4373.60,11,4373.50,11,4373.40,12,4373.30,10,4373.20,8,4373.10,7,4374.20,1,4374.30,4,4374.40,5,4374.50,6,4374.60,7,4374.70,5,4374.80,6,4374.90,13,4375.00,15,4375.10,13,Sell,6,13,19,-7.00,-1.00,-7.00,0.50,80.0,4374.40,4374.50,4374.00,4374.00,45,16,61,29.00,29.00,-2.00,1.10,45.5,18,24,0.0000,0.0000,63.00,-33.00,4383.79,-1.0218,DOWN,71.05,0.8586,1.2038
20260901 222436 563,4374.10,1,4374.00,4374.20,0.20,4374.00,5,4373.90,8,4373.80,11,4373.70,7,4373.60,6,4373.50,11,4373.40,12,4373.30,10,4373.20,8,4373.10,7,4374.20,1,4374.30,2,4374.40,4,4374.50,7,4374.60,7,4374.70,5,4374.80,14,4374.90,13,4375.00,15,4375.10,13,Buy,7,13,20,-6.00,-1.00,-7.00,0.50,60.0,4374.40,4374.50,4374.00,4374.10,45,16,61,29.00,29.00,-2.00,1.10,45.5,18,24,0.0000,0.1667,64.00,-32.00,4383.80,-1.0186,DOWN,71.05,0.8586,1.2038
20260901 222441 557,4374.10,1,4374.00,4374.20,0.20,4374.00,2,4373.90,6,4373.80,11,4373.70,7,4373.60,6,4373.50,11,4373.40,13,4373.30,10,4373.20,8,4373.10,7,4374.20,2,4374.30,4,4374.40,3,4374.50,6,4374.60,7,4374.70,5,4374.80,14,4374.90,13,4375.00,15,4375.10,13,Sell,7,14,21,-7.00,-1.00,-7.00,0.50,60.0,4374.40,4374.50,4374.00,4374.10,45,16,61,29.00,29.00,-2.00,1.10,45.5,18,24,0.0000,0.0000,63.00,-33.00,4383.80,-1.0186,DOWN,71.05,0.8586,1.2038
20260901 222441 557,4374.10,1,4374.00,4374.20,0.20,4374.00,2,4373.90,6,4373.80,11,4373.70,7,4373.60,6,4373.50,11,4373.40,13,4373.30,10,4373.20,8,4373.10,7,4374.20,2,4374.30,4,4374.40,3,4374.50,6,4374.60,7,4374.70,5,4374.80,14,4374.90,13,4375.00,15,4375.10,13,Sell,7,15,22,-8.00,-1.00,-8.00,0.50,60.0,4374.40,4374.50,4374.00,4374.10,45,16,61,29.00,29.00,-2.00,1.10,45.5,18,24,0.0000,0.0000,62.00,-34.00,4383.80,-1.0186,DOWN,71.05,0.8586,1.2038
20260901 222442 181,4374.20,1,4374.10,4374.40,0.30,4374.10,2,4374.00,6,4373.90,8,4373.80,11,4373.70,7,4373.60,6,4373.50,11,4373.40,13,4373.30,10,4373.20,8,4374.40,3,4374.50,6,4374.60,6,4374.70,5,4374.80,14,4374.90,14,4375.00,15,4375.10,13,4375.20,13,4375.30,13,Buy,8,15,23,-7.00,-1.00,-8.00,0.50,40.0,4374.40,4374.50,4374.00,4374.20,45,16,61,29.00,29.00,-2.00,1.10,45.5,18,24,0.0000,0.1429,63.00,-33.00,4383.81,-1.0154,DOWN,71.05,0.8586,1.2038
20260901 222445 117,4374.10,1,4374.10,4374.40,0.30,4374.10,3,4374.00,6,4373.90,8,4373.80,11,4373.70,7,4373.60,6,4373.50,11,4373.40,13,4373.30,10,4373.20,8,4374.40,3,4374.50,6,4374.60,6,4374.70,5,4374.80,14,4374.90,14,4375.00,15,4375.10,13,4375.20,13,4375.30,13,Sell,8,16,24,-8.00,-1.00,-8.00,0.50,60.0,4374.40,4374.50,4374.00,4374.10,45,16,61,29.00,29.00,-2.00,1.10,45.5,18,24,0.0000,0.0000,62.00,-34.00,4383.80,-1.0186,DOWN,71.05,0.8586,1.2038
20260901 222445 988,4374.20,1,4374.20,4374.40,0.20,4374.20,3,4374.10,4,4374.00,6,4373.90,8,4373.80,7,4373.70,7,4373.60,6,4373.50,11,4373.40,13,4373.30,10,4374.40,3,4374.50,6,4374.60,6,4374.70,5,4374.80,14,4374.90,13,4375.00,15,4375.10,13,4375.20,14,4375.30,13,Sell,8,17,25,-9.00,-1.00,-9.00,0.50,40.0,4374.40,4374.50,4374.00,4374.20,45,16,61,29.00,29.00,-2.00,1.10,45.5,18,24,0.0000,0.0000,61.00,-35.00,4383.81,-1.0154,DOWN,71.05,0.8586,1.2038
20260901 222446 011,4374.20,3,4374.00,4374.20,0.20,4374.00,3,4373.90,8,4373.80,6,4373.70,7,4373.60,6,4373.50,11,4373.40,13,4373.30,10,4373.20,8,4373.10,7,4374.20,2,4374.30,4,4374.40,5,4374.50,6,4374.60,8,4374.70,5,4374.80,14,4374.90,13,4375.00,15,4375.10,13,Sell,8,20,28,-12.00,-1.00,-12.00,0.50,40.0,4374.40,4374.50,4374.00,4374.20,45,16,61,29.00,29.00,-2.00,1.10,45.5,18,24,0.0000,0.0000,58.00,-38.00,4383.81,-1.0154,DOWN,71.05,0.8586,1.2038
20260901 222452 423,4374.40,1,4374.20,4374.50,0.30,4374.20,6,4374.10,4,4374.00,7,4373.90,8,4373.80,7,4373.70,7,4373.60,11,4373.50,12,4373.40,13,4373.30,10,4374.50,3,4374.60,6,4374.70,4,4374.80,6,4374.90,5,4375.00,16,4375.10,13,4375.20,13,4375.30,13,4375.40,14,Buy,9,20,29,-11.00,-1.00,-12.00,0.50,0.0,4374.40,4374.50,4374.00,4374.40,45,16,61,29.00,29.00,-2.00,1.10,45.5,18,24,0.0000,0.0909,59.00,-37.00,4383.83,-1.0091,DOWN,71.05,0.8586,1.2038
20260901 222503 869,4374.40,1,4374.20,4374.50,0.30,4374.20,3,4374.10,6,4374.00,7,4373.90,8,4373.80,7,4373.70,12,4373.60,11,4373.50,12,4373.40,13,4373.30,10,4374.50,5,4374.60,7,4374.70,4,4374.80,6,4374.90,5,4375.00,19,4375.10,13,4375.20,13,4375.30,13,4375.40,14,Buy,1,0,1,1.00,1.00,1.00,0.00,0.0,4374.40,4374.40,4374.40,4374.40,9,20,29,-11.00,-1.00,-12.00,0.50,0.0,-12,24,0.0909,0.0000,12.00,-21.00,4383.83,-1.0091,DOWN,65.05,0.4458,1.1178
20260901 222503 869,4374.40,1,4374.20,4374.50,0.30,4374.20,3,4374.10,6,4374.00,7,4373.90,8,4373.80,7,4373.70,12,4373.60,11,4373.50,12,4373.40,13,4373.30,10,4374.50,5,4374.60,7,4374.70,4,4374.80,6,4374.90,5,4375.00,19,4375.10,13,4375.20,13,4375.30,13,4375.40,14,Buy,2,0,2,2.00,2.00,1.00,0.00,0.0,4374.40,4374.40,4374.40,4374.40,9,20,29,-11.00,-1.00,-12.00,0.50,0.0,-12,24,0.0909,0.0000,13.00,-20.00,4383.83,-1.0091,DOWN,65.05,0.4458,1.1178
20260901 222503 869,4374.40,1,4374.20,4374.50,0.30,4374.20,3,4374.10,6,4374.00,7,4373.90,8,4373.80,7,4373.70,12,4373.60,11,4373.50,12,4373.40,13,4373.30,10,4374.50,5,4374.60,7,4374.70,4,4374.80,6,4374.90,5,4375.00,19,4375.10,13,4375.20,13,4375.30,13,4375.40,14,Buy,3,0,3,3.00,3.00,1.00,0.00,0.0,4374.40,4374.40,4374.40,4374.40,9,20,29,-11.00,-1.00,-12.00,0.50,0.0,-12,24,0.0909,0.0000,14.00,-19.00,4383.83,-1.0091,DOWN,65.05,0.4458,1.1178
20260901 222503 869,4374.50,1,4374.20,4374.50,0.30,4374.20,3,4374.10,6,4374.00,7,4373.90,8,4373.80,7,4373.70,12,4373.60,11,4373.50,12,4373.40,13,4373.30,10,4374.50,5,4374.60,7,4374.70,4,4374.80,6,4374.90,5,4375.00,19,4375.10,13,4375.20,13,4375.30,13,4375.40,14,Buy,4,0,4,4.00,4.00,1.00,0.10,100.0,4374.40,4374.50,4374.40,4374.50,9,20,29,-11.00,-1.00,-12.00,0.50,0.0,-12,24,0.0909,0.0000,15.00,-18.00,4383.84,-1.0059,DOWN,65.05,0.4458,1.1250
20260901 222503 869,4374.50,1,4374.20,4374.50,0.30,4374.20,3,4374.10,6,4374.00,7,4373.90,8,4373.80,7,4373.70,12,4373.60,11,4373.50,12,4373.40,13,4373.30,10,4374.50,5,4374.60,7,4374.70,4,4374.80,6,4374.90,5,4375.00,19,4375.10,13,4375.20,13,4375.30,13,4375.40,14,Buy,5,0,5,5.00,5.00,1.00,0.10,100.0,4374.40,4374.50,4374.40,4374.50,9,20,29,-11.00,-1.00,-12.00,0.50,0.0,-12,24,0.0909,0.0000,16.00,-17.00,4383.84,-1.0059,DOWN,65.05,0.4458,1.1250
20260901 222503 869,4374.50,1,4374.20,4374.50,0.30,4374.20,3,4374.10,6,4374.00,7,4373.90,8,4373.80,7,4373.70,12,4373.60,11,4373.50,12,4373.40,13,4373.30,10,4374.50,5,4374.60,7,4374.70,4,4374.80,6,4374.90,5,4375.00,19,4375.10,13,4375.20,13,4375.30,13,4375.40,14,Buy,6,0,6,6.00,6.00,1.00,0.10,100.0,4374.40,4374.50,4374.40,4374.50,9,20,29,-11.00,-1.00,-12.00,0.50,0.0,-12,24,0.0909,0.0000,17.00,-16.00,4383.84,-1.0059,DOWN,65.05,0.4458,1.1250
20260901 222503 869,4374.60,1,4374.20,4374.50,0.30,4374.20,3,4374.10,6,4374.00,7,4373.90,8,4373.80,7,4373.70,12,4373.60,11,4373.50,12,4373.40,13,4373.30,10,4374.50,5,4374.60,7,4374.70,4,4374.80,6,4374.90,5,4375.00,19,4375.10,13,4375.20,13,4375.30,13,4375.40,14,Buy,7,0,7,7.00,7.00,1.00,0.20,100.0,4374.40,4374.60,4374.40,4374.60,9,20,29,-11.00,-1.00,-12.00,0.50,0.0,-12,24,0.0909,0.0000,18.00,-15.00,4383.85,-1.0027,DOWN,65.05,0.4458,1.1321
20260901 222503 869,4374.60,1,4374.20,4374.50,0.30,4374.20,3,4374.10,6,4374.00,7,4373.90,8,4373.80,7,4373.70,12,4373.60,11,4373.50,12,4373.40,13,4373.30,10,4374.50,5,4374.60,7,4374.70,4,4374.80,6,4374.90,5,4375.00,19,4375.10,13,4375.20,13,4375.30,13,4375.40,14,Buy,8,0,8,8.00,8.00,1.00,0.20,100.0,4374.40,4374.60,4374.40,4374.60,9,20,29,-11.00,-1.00,-12.00,0.50,0.0,-12,24,0.0909,0.0000,19.00,-14.00,4383.85,-1.0027,DOWN,65.05,0.4458,1.1321
20260901 222506 299,4374.40,1,4374.20,4374.40,0.20,4374.20,1,4374.10,3,4374.00,5,4373.90,8,4373.80,7,4373.70,7,4373.60,11,4373.50,12,4373.40,13,4373.30,10,4374.40,4,4374.50,7,4374.60,7,4374.70,6,4374.80,6,4374.90,5,4375.00,19,4375.10,13,4375.20,13,4375.30,13,Buy,9,0,9,9.00,9.00,1.00,0.20,0.0,4374.40,4374.60,4374.40,4374.40,9,20,29,-11.00,-1.00,-12.00,0.50,0.0,-12,24,0.0909,0.0000,20.00,-13.00,4383.83,-1.0091,DOWN,65.05,0.4458,1.1321
20260901 222506 299,4374.40,1,4374.20,4374.40,0.20,4374.20,1,4374.10,3,4374.00,5,4373.90,8,4373.80,7,4373.70,7,4373.60,11,4373.50,12,4373.40,13,4373.30,10,4374.40,4,4374.50,7,4374.60,7,4374.70,6,4374.80,6,4374.90,5,4375.00,19,4375.10,13,4375.20,13,4375.30,13,Buy,10,0,10,10.00,10.00,1.00,0.20,0.0,4374.40,4374.60,4374.40,4374.40,9,20,29,-11.00,-1.00,-12.00,0.50,0.0,-12,24,0.0909,0.0000,21.00,-12.00,4383.83,-1.0091,DOWN,65.05,0.4458,1.1321
20260901 222508 519,4374.50,1,4374.30,4374.50,0.20,4374.30,2,4374.20,3,4374.10,4,4374.00,6,4373.90,9,4373.80,7,4373.70,7,4373.60,11,4373.50,12,4373.40,13,4374.50,1,4374.60,4,4374.70,4,4374.80,6,4374.90,5,4375.00,19,4375.10,13,4375.20,13,4375.30,13,4375.40,14,Buy,11,0,11,11.00,11.00,1.00,0.20,50.0,4374.40,4374.60,4374.40,4374.50,9,20,29,-11.00,-1.00,-12.00,0.50,0.0,-12,24,0.0909,0.0000,22.00,-11.00,4383.84,-1.0059,DOWN,65.05,0.4458,1.1321
20260901 222508 519,4374.50,1,4374.30,4374.50,0.20,4374.30,2,4374.20,3,4374.10,4,4374.00,6,4373.90,9,4373.80,7,4373.70,7,4373.60,11,4373.50,12,4373.40,13,4374.50,1,4374.60,4,4374.70,4,4374.80,6,4374.90,5,4375.00,19,4375.10,13,4375.20,13,4375.30,13,4375.40,14,Buy,12,0,12,12.00,12.00,1.00,0.20,50.0,4374.40,4374.60,4374.40,4374.50,9,20,29,-11.00,-1.00,-12.00,0.50,0.0,-12,24,0.0909,0.0000,23.00,-10.00,4383.84,-1.0059,DOWN,65.05,0.4458,1.1321
20260901 222508 519,4374.50,1,4374.30,4374.50,0.20,4374.30,2,4374.20,3,4374.10,4,4374.00,6,4373.90,9,4373.80,7,4373.70,7,4373.60,11,4373.50,12,4373.40,13,4374.50,1,4374.60,4,4374.70,4,4374.80,6,4374.90,5,4375.00,19,4375.10,13,4375.20,13,4375.30,13,4375.40,14,Buy,13,0,13,13.00,13.00,1.00,0.20,50.0,4374.40,4374.60,4374.40,4374.50,9,20,29,-11.00,-1.00,-12.00,0.50,0.0,-12,24,0.0909,0.0000,24.00,-9.00,4383.84,-1.0059,DOWN,65.05,0.4458,1.1321
20260901 222508 519,4374.60,1,4374.30,4374.50,0.20,4374.30,2,4374.20,3,4374.10,4,4374.00,6,4373.90,9,4373.80,7,4373.70,7,4373.60,11,4373.50,12,4373.40,13,4374.50,1,4374.60,4,4374.70,4,4374.80,6,4374.90,5,4375.00,19,4375.10,13,4375.20,13,4375.30,13,4375.40,14,Buy,14,0,14,14.00,14.00,1.00,0.20,100.0,4374.40,4374.60,4374.40,4374.60,9,20,29,-11.00,-1.00,-12.00,0.50,0.0,-12,24,0.0909,0.0000,25.00,-8.00,4383.85,-1.0027,DOWN,65.05,0.4458,1.1321
20260901 222508 519,4374.60,1,4374.30,4374.50,0.20,4374.30,2,4374.20,3,4374.10,4,4374.00,6,4373.90,9,4373.80,7,4373.70,7,4373.60,11,4373.50,12,4373.40,13,4374.50,1,4374.60,4,4374.70,4,4374.80,6,4374.90,5,4375.00,19,4375.10,13,4375.20,13,4375.30,13,4375.40,14,Buy,15,0,15,15.00,15.00,1.00,0.20,100.0,4374.40,4374.60,4374.40,4374.60,9,20,29,-11.00,-1.00,-12.00,0.50,0.0,-12,24,0.0909,0.0000,26.00,-7.00,4383.85,-1.0027,DOWN,65.05,0.4458,1.1321
20260901 222512 540,4374.30,1,4374.20,4374.30,0.10,4374.10,1,4374.00,4,4373.90,7,4373.80,6,4373.70,7,4373.60,11,4373.50,12,4373.40,13,4373.30,10,4373.20,8,4374.30,4,4374.40,4,4374.50,4,4374.60,6,4374.70,6,4374.80,6,4374.90,5,4375.00,19,4375.10,13,4375.20,13,Sell,15,1,16,14.00,15.00,1.00,0.30,33.3,4374.40,4374.60,4374.30,4374.30,9,20,29,-11.00,-1.00,-12.00,0.50,0.0,-12,24,0.0909,0.0714,25.00,-8.00,4383.82,-1.0123,DOWN,65.05,0.4458,1.1393
20260901 222512 540,4374.20,1,4374.20,4374.30,0.10,4374.10,1,4374.00,4,4373.90,7,4373.80,6,4373.70,7,4373.60,11,4373.50,12,4373.40,13,4373.30,10,4373.20,8,4374.30,4,4374.40,4,4374.50,4,4374.60,6,4374.70,6,4374.80,6,4374.90,5,4375.00,19,4375.10,13,4375.20,13,Sell,15,2,17,13.00,15.00,1.00,0.40,50.0,4374.40,4374.60,4374.20,4374.20,9,20,29,-11.00,-1.00,-12.00,0.50,0.0,-12,24,0.0909,0.1538,24.00,-9.00,4383.81,-1.0154,DOWN,65.05,0.4458,1.1464
20260901 222512 560,4374.20,1,4374.20,4374.30,0.10,4374.10,1,4374.00,4,4373.90,7,4373.80,6,4373.70,7,4373.60,11,4373.50,12,4373.40,13,4373.30,10,4373.20,8,4374.30,4,4374.40,4,4374.50,4,4374.60,6,4374.70,6,4374.80,6,4374.90,5,4375.00,19,4375.10,13,4375.20,13,Sell,15,3,18,12.00,15.00,1.00,0.40,50.0,4374.40,4374.60,4374.20,4374.20,9,20,29,-11.00,-1.00,-12.00,0.50,0.0,-12,24,0.0909,0.2500,23.00,-10.00,4383.81,-1.0154,DOWN,65.05,0.4458,1.1464
20260901 222512 609,4374.10,1,4374.00,4374.10,0.10,4374.00,1,4373.90,5,4373.80,6,4373.70,7,4373.60,6,4373.50,12,4373.40,13,4373.30,10,4373.20,8,4373.10,7,4374.20,3,4374.30,5,4374.40,4,4374.50,5,4374.60,8,4374.70,5,4374.80,14,4374.90,13,4375.00,19,4375.10,13,Buy,16,3,19,13.00,15.00,1.00,0.50,60.0,4374.40,4374.60,4374.10,4374.10,9,20,29,-11.00,-1.00,-12.00,0.50,0.0,-12,24,0.0909,0.1538,24.00,-9.00,4383.80,-1.0186,DOWN,65.05,0.4458,1.1536
20260901 222513 280,4374.20,1,4374.00,4374.30,0.30,4374.00,3,4373.90,5,4373.80,6,4373.70,7,4373.60,6,4373.50,12,4373.40,13,4373.30,10,4373.20,8,4373.10,7,4374.30,5,4374.40,4,4374.50,5,4374.60,8,4374.70,5,4374.80,14,4374.90,13,4375.00,19,4375.10,13,4375.20,13,Buy,17,3,20,14.00,15.00,1.00,0.50,40.0,4374.40,4374.60,4374.10,4374.20,9,20,29,-11.00,-1.00,-12.00,0.50,0.0,-12,24,0.0909,0.0714,25.00,-8.00,4383.81,-1.0154,DOWN,65.05,0.4458,1.1536
20260901 222513 280,4374.20,1,4374.00,4374.30,0.30,4374.00,3,4373.90,5,4373.80,6,4373.70,7,4373.60,6,4373.50,12,4373.40,13,4373.30,10,4373.20,8,4373.10,7,4374.30,5,4374.40,4,4374.50,5,4374.60,8,4374.70,5,4374.80,14,4374.90,13,4375.00,19,4375.10,13,4375.20,13,Buy,18,3,21,15.00,15.00,1.00,0.50,40.0,4374.40,4374.60,4374.10,4374.20,9,20,29,-11.00,-1.00,-12.00,0.50,0.0,-12,24,0.0909,0.0000,26.00,-7.00,4383.81,-1.0154,DOWN,65.05,0.4458,1.1536
20260901 222513 280,4374.20,1,4374.00,4374.30,0.30,4374.00,3,4373.90,5,4373.80,6,4373.70,7,4373.60,6,4373.50,12,4373.40,13,4373.30,10,4373.20,8,4373.10,7,4374.30,5,4374.40,4,4374.50,5,4374.60,8,4374.70,5,4374.80,14,4374.90,13,4375.00,19,4375.10,13,4375.20,13,Buy,19,3,22,16.00,16.00,1.00,0.50,40.0,4374.40,4374.60,4374.10,4374.20,9,20,29,-11.00,-1.00,-12.00,0.50,0.0,-12,24,0.0909,0.0000,27.00,-6.00,4383.81,-1.0154,DOWN,65.05,0.4458,1.1536
20260901 222514 224,4374.30,1,4374.00,4374.30,0.30,4374.00,4,4373.90,6,4373.80,6,4373.70,7,4373.60,6,4373.50,12,4373.40,13,4373.30,10,4373.20,8,4373.10,7,4374.30,4,4374.40,4,4374.50,5,4374.60,6,4374.70,5,4374.80,14,4374.90,13,4375.00,19,4375.10,13,4375.20,13,Buy,20,3,23,17.00,17.00,1.00,0.50,20.0,4374.40,4374.60,4374.10,4374.30,9,20,29,-11.00,-1.00,-12.00,0.50,0.0,-12,24,0.0909,0.0000,28.00,-5.00,4383.82,-1.0123,DOWN,65.05,0.4458,1.1536
20260901 222517 132,4374.30,1,4374.20,4374.50,0.30,4374.20,3,4374.10,4,4374.00,6,4373.90,7,4373.80,7,4373.70,7,4373.60,11,4373.50,12,4373.40,13,4373.30,10,4374.50,5,4374.60,6,4374.70,5,4374.80,6,4374.90,13,4375.00,19,4375.10,13,4375.20,13,4375.30,13,4375.40,14,Buy,21,3,24,18.00,18.00,1.00,0.50,20.0,4374.40,4374.60,4374.10,4374.30,9,20,29,-11.00,-1.00,-12.00,0.50,0.0,-12,24,0.0909,0.0000,29.00,-4.00,4383.82,-1.0123,DOWN,65.05,0.4458,1.1536
20260901 222523 476,4374.30,1,4374.30,4374.50,0.20,4374.20,5,4374.10,4,4374.00,8,4373.90,7,4373.80,7,4373.70,7,4373.60,11,4373.50,12,4373.40,13,4373.30,10,4374.50,3,4374.60,3,4374.70,4,4374.80,6,4374.90,13,4375.00,19,4375.10,13,4375.20,13,4375.30,13,4375.40,14,Sell,21,4,25,17.00,18.00,1.00,0.50,20.0,4374.40,4374.60,4374.10,4374.30,9,20,29,-11.00,-1.00,-12.00,0.50,0.0,-12,24,0.0909,0.0588,28.00,-5.00,4383.82,-1.0123,DOWN,65.05,0.4458,1.1536
20260901 222523 476,4374.30,1,4374.30,4374.50,0.20,4374.20,5,4374.10,4,4374.00,8,4373.90,7,4373.80,7,4373.70,7,4373.60,11,4373.50,12,4373.40,13,4373.30,10,4374.50,3,4374.60,3,4374.70,4,4374.80,6,4374.90,13,4375.00,19,4375.10,13,4375.20,13,4375.30,13,4375.40,14,Sell,21,5,26,16.00,18.00,1.00,0.50,20.0,4374.40,4374.60,4374.10,4374.30,9,20,29,-11.00,-1.00,-12.00,0.50,0.0,-12,24,0.0909,0.1250,27.00,-6.00,4383.82,-1.0123,DOWN,65.05,0.4458,1.1536
20260901 222523 476,4374.20,1,4374.30,4374.50,0.20,4374.20,5,4374.10,4,4374.00,8,4373.90,7,4373.80,7,4373.70,7,4373.60,11,4373.50,12,4373.40,13,4373.30,10,4374.50,3,4374.60,3,4374.70,4,4374.80,6,4374.90,13,4375.00,19,4375.10,13,4375.20,13,4375.30,13,4375.40,14,Sell,21,6,27,15.00,18.00,1.00,0.50,40.0,4374.40,4374.60,4374.10,4374.20,9,20,29,-11.00,-1.00,-12.00,0.50,0.0,-12,24,0.0909,0.2000,26.00,-7.00,4383.81,-1.0154,DOWN,65.05,0.4458,1.1536
20260901 222530 963,4374.20,1,4374.10,4374.20,0.10,4374.10,1,4374.00,6,4373.90,7,4373.80,7,4373.70,7,4373.60,11,4373.50,12,4373.40,13,4373.30,10,4373.20,8,4374.20,5,4374.30,4,4374.40,2,4374.50,2,4374.60,5,4374.70,4,4374.80,6,4374.90,13,4375.00,20,4375.10,13,Buy,22,6,28,16.00,18.00,1.00,0.50,40.0,4374.40,4374.60,4374.10,4374.20,9,20,29,-11.00,-1.00,-12.00,0.50,0.0,-12,24,0.0909,0.1250,27.00,-6.00,4383.81,-1.0154,DOWN,65.05,0.4458,1.1536
20260901 222531 580,4374.10,1,4374.00,4374.20,0.20,4374.00,3,4373.90,7,4373.80,7,4373.70,7,4373.60,6,4373.50,12,4373.40,13,4373.30,10,4373.20,8,4373.10,7,4374.20,5,4374.30,4,4374.40,2,4374.50,2,4374.60,5,4374.70,4,4374.80,6,4374.90,13,4375.00,20,4375.10,13,Sell,22,7,29,15.00,18.00,1.00,0.50,60.0,4374.40,4374.60,4374.10,4374.10,9,20,29,-11.00,-1.00,-12.00,0.50,0.0,-12,24,0.0909,0.2000,26.00,-7.00,4383.80,-1.0186,DOWN,65.05,0.4458,1.1536
20260901 222532 085,4374.00,1,4373.80,4374.00,0.20,4373.80,1,4373.70,5,4373.60,4,4373.50,7,4373.40,8,4373.30,10,4373.20,8,4373.10,7,4373.00,9,4372.90,8,4374.00,3,4374.10,3,4374.20,7,4374.30,6,4374.40,5,4374.50,4,4374.60,5,4374.70,13,4374.80,14,4374.90,13,Sell,22,8,30,14.00,18.00,1.00,0.60,66.7,4374.40,4374.60,4374.00,4374.00,9,20,29,-11.00,-1.00,-12.00,0.50,0.0,-12,24,0.0909,0.2857,25.00,-8.00,4383.79,-1.0218,DOWN,65.05,0.4458,1.1607
20260901 222532 085,4374.00,1,4373.80,4374.00,0.20,4373.80,1,4373.70,5,4373.60,4,4373.50,7,4373.40,8,4373.30,10,4373.20,8,4373.10,7,4373.00,9,4372.90,8,4374.00,3,4374.10,3,4374.20,7,4374.30,6,4374.40,5,4374.50,4,4374.60,5,4374.70,13,4374.80,14,4374.90,13,Sell,22,9,31,13.00,18.00,1.00,0.60,66.7,4374.40,4374.60,4374.00,4374.00,9,20,29,-11.00,-1.00,-12.00,0.50,0.0,-12,24,0.0909,0.3846,24.00,-9.00,4383.79,-1.0218,DOWN,65.05,0.4458,1.1607
20260901 222532 085,4374.00,1,4373.80,4374.00,0.20,4373.80,1,4373.70,5,4373.60,4,4373.50,7,4373.40,8,4373.30,10,4373.20,8,4373.10,7,4373.00,9,4372.90,8,4374.00,3,4374.10,3,4374.20,7,4374.30,6,4374.40,5,4374.50,4,4374.60,5,4374.70,13,4374.80,14,4374.90,13,Sell,22,10,32,12.00,18.00,1.00,0.60,66.7,4374.40,4374.60,4374.00,4374.00,9,20,29,-11.00,-1.00,-12.00,0.50,0.0,-12,24,0.0909,0.5000,23.00,-10.00,4383.79,-1.0218,DOWN,65.05,0.4458,1.1607
20260901 222532 107,4373.90,2,4373.80,4374.00,0.20,4373.80,1,4373.70,5,4373.60,4,4373.50,7,4373.40,8,4373.30,10,4373.20,8,4373.10,7,4373.00,9,4372.90,8,4374.00,3,4374.10,3,4374.20,7,4374.30,6,4374.40,5,4374.50,4,4374.60,5,4374.70,13,4374.80,14,4374.90,13,Sell,22,12,34,10.00,18.00,1.00,0.70,71.4,4374.40,4374.60,4373.90,4373.90,9,20,29,-11.00,-1.00,-12.00,0.50,0.0,-12,24,0.0909,0.8000,21.00,-12.00,4383.78,-1.0249,DOWN,65.05,0.4458,1.1678
20260901 222532 107,4373.90,1,4373.80,4374.00,0.20,4373.80,1,4373.70,5,4373.60,4,4373.50,7,4373.40,8,4373.30,10,4373.20,8,4373.10,7,4373.00,9,4372.90,8,4374.00,3,4374.10,3,4374.20,7,4374.30,6,4374.40,5,4374.50,4,4374.60,5,4374.70,13,4374.80,14,4374.90,13,Sell,22,13,35,9.00,18.00,1.00,0.70,71.4,4374.40,4374.60,4373.90,4373.90,9,20,29,-11.00,-1.00,-12.00,0.50,0.0,-12,24,0.0909,1.0000,20.00,-13.00,4383.78,-1.0249,DOWN,65.05,0.4458,1.1678
20260901 222533 400,4373.70,1,4373.70,4374.00,0.30,4373.70,6,4373.60,3,4373.50,6,4373.40,8,4373.30,5,4373.20,3,4373.10,8,4373.00,9,4372.90,8,4372.80,10,4374.00,4,4374.10,5,4374.20,9,4374.30,8,4374.40,5,4374.50,13,4374.60,13,4374.70,14,4374.80,14,4374.90,14,Sell,22,14,36,8.00,18.00,1.00,0.90,77.8,4374.40,4374.60,4373.70,4373.70,9,20,29,-11.00,-1.00,-12.00,0.50,0.0,-12,24,0.0909,1.2500,19.00,-14.00,4383.76,-1.0313,DOWN,65.05,0.4458,1.1821
20260901 222533 400,4373.70,1,4373.70,4374.00,0.30,4373.70,6,4373.60,3,4373.50,6,4373.40,8,4373.30,5,4373.20,3,4373.10,8,4373.00,9,4372.90,8,4372.80,10,4374.00,4,4374.10,5,4374.20,9,4374.30,8,4374.40,5,4374.50,13,4374.60,13,4374.70,14,4374.80,14,4374.90,14,Sell,22,15,37,7.00,18.00,1.00,0.90,77.8,4374.40,4374.60,4373.70,4373.70,9,20,29,-11.00,-1.00,-12.00,0.50,0.0,-12,24,0.0909,1.5714,18.00,-15.00,4383.76,-1.0313,DOWN,65.05,0.4458,1.1821
20260901 222533 400,4373.70,1,4373.70,4374.00,0.30,4373.70,6,4373.60,3,4373.50,6,4373.40,8,4373.30,5,4373.20,3,4373.10,8,4373.00,9,4372.90,8,4372.80,10,4374.00,4,4374.10,5,4374.20,9,4374.30,8,4374.40,5,4374.50,13,4374.60,13,4374.70,14,4374.80,14,4374.90,14,Sell,22,16,38,6.00,18.00,1.00,0.90,77.8,4374.40,4374.60,4373.70,4373.70,9,20,29,-11.00,-1.00,-12.00,0.50,0.0,-12,24,0.0909,2.0000,17.00,-16.00,4383.76,-1.0313,DOWN,65.05,0.4458,1.1821
20260901 222533 400,4373.70,1,4373.70,4374.00,0.30,4373.70,6,4373.60,3,4373.50,6,4373.40,8,4373.30,5,4373.20,3,4373.10,8,4373.00,9,4372.90,8,4372.80,10,4374.00,4,4374.10,5,4374.20,9,4374.30,8,4374.40,5,4374.50,13,4374.60,13,4374.70,14,4374.80,14,4374.90,14,Sell,22,17,39,5.00,18.00,1.00,0.90,77.8,4374.40,4374.60,4373.70,4373.70,9,20,29,-11.00,-1.00,-12.00,0.50,0.0,-12,24,0.0909,2.6000,16.00,-17.00,4383.76,-1.0313,DOWN,65.05,0.4458,1.1821
20260901 222536 351,4373.70,1,4373.70,4373.80,0.10,4373.50,4,4373.40,7,4373.30,4,4373.20,4,4373.10,7,4373.00,9,4372.90,8,4372.80,10,4372.70,8,4372.60,11,4373.80,4,4373.90,4,4374.00,3,4374.10,8,4374.20,10,4374.30,8,4374.40,13,4374.50,13,4374.60,13,4374.70,14,Sell,22,18,40,4.00,18.00,1.00,0.90,77.8,4374.40,4374.60,4373.70,4373.70,9,20,29,-11.00,-1.00,-12.00,0.50,0.0,-12,24,0.0909,3.5000,15.00,-18.00,4383.76,-1.0313,DOWN,65.05,0.4458,1.1821
20260901 222546 827,4373.70,1,4373.70,4373.90,0.20,4373.70,3,4373.60,4,4373.50,7,4373.40,7,4373.30,4,4373.20,5,4373.10,6,4373.00,9,4372.90,8,4372.80,10,4373.90,1,4374.00,4,4374.10,5,4374.20,9,4374.30,8,4374.40,13,4374.50,13,4374.60,13,4374.70,14,4374.80,14,Sell,22,19,41,3.00,18.00,1.00,0.90,77.8,4374.40,4374.60,4373.70,4373.70,9,20,29,-11.00,-1.00,-12.00,0.50,0.0,-12,24,0.0909,5.0000,14.00,-19.00,4383.76,-1.0313,DOWN,65.05,0.4458,1.1821
20260901 222547 672,4373.90,1,4373.70,4373.90,0.20,4373.80,1,4373.70,4,4373.60,4,4373.50,7,4373.40,8,4373.30,5,4373.20,5,4373.10,6,4373.00,9,4372.90,8,4374.00,3,4374.10,5,4374.20,9,4374.30,8,4374.40,5,4374.50,13,4374.60,13,4374.70,14,4374.80,14,4374.90,13,Buy,23,19,42,4.00,18.00,1.00,0.90,55.6,4374.40,4374.60,4373.70,4373.90,9,20,29,-11.00,-1.00,-12.00,0.50,0.0,-12,24,0.0909,3.5000,15.00,-18.00,4383.78,-1.0249,DOWN,65.05,0.4458,1.1821
20260901 222547 823,4373.80,1,4373.80,4374.00,0.20,4373.70,4,4373.60,4,4373.50,7,4373.40,8,4373.30,5,4373.20,5,4373.10,6,4373.00,9,4372.90,8,4372.80,10,4373.90,1,4374.00,3,4374.10,5,4374.20,9,4374.30,8,4374.40,5,4374.50,13,4374.60,13,4374.70,14,4374.80,14,Sell,23,20,43,3.00,18.00,1.00,0.90,66.7,4374.40,4374.60,4373.70,4373.80,9,20,29,-11.00,-1.00,-12.00,0.50,0.0,-12,24,0.0909,5.0000,14.00,-19.00,4383.77,-1.0281,DOWN,65.05,0.4458,1.1821
20260901 222553 976,4374.00,1,4373.70,4373.90,0.20,4373.70,2,4373.60,4,4373.50,7,4373.40,7,4373.30,6,4373.20,4,4373.10,6,4373.00,9,4372.90,8,4372.80,10,4373.90,3,4374.00,5,4374.10,6,4374.20,9,4374.30,8,4374.40,5,4374.50,13,4374.60,13,4374.70,14,4374.80,14,Buy,24,20,44,4.00,18.00,1.00,0.90,44.4,4374.40,4374.60,4373.70,4374.00,9,20,29,-11.00,-1.00,-12.00,0.50,0.0,-12,24,0.0909,3.5000,15.00,-18.00,4383.79,-1.0218,DOWN,65.05,0.4458,1.1821
20260901 222553 976,4374.00,1,4373.70,4373.90,0.20,4373.70,2,4373.60,4,4373.50,7,4373.40,7,4373.30,6,4373.20,4,4373.10,6,4373.00,9,4372.90,8,4372.80,10,4373.90,3,4374.00,5,4374.10,6,4374.20,9,4374.30,8,4374.40,5,4374.50,13,4374.60,13,4374.70,14,4374.80,14,Buy,25,20,45,5.00,18.00,1.00,0.90,44.4,4374.40,4374.60,4373.70,4374.00,9,20,29,-11.00,-1.00,-12.00,0.50,0.0,-12,24,0.0909,2.6000,16.00,-17.00,4383.79,-1.0218,DOWN,65.05,0.4458,1.1821
20260901 222553 976,4374.00,1,4373.70,4373.90,0.20,4373.70,2,4373.60,4,4373.50,7,4373.40,7,4373.30,6,4373.20,4,4373.10,6,4373.00,9,4372.90,8,4372.80,10,4373.90,3,4374.00,5,4374.10,6,4374.20,9,4374.30,8,4374.40,5,4374.50,13,4374.60,13,4374.70,14,4374.80,14,Buy,26,20,46,6.00,18.00,1.00,0.90,44.4,4374.40,4374.60,4373.70,4374.00,9,20,29,-11.00,-1.00,-12.00,0.50,0.0,-12,24,0.0909,2.0000,17.00,-16.00,4383.79,-1.0218,DOWN,65.05,0.4458,1.1821
20260901 222553 976,4374.10,1,4373.70,4373.90,0.20,4373.70,2,4373.60,4,4373.50,7,4373.40,7,4373.30,6,4373.20,4,4373.10,6,4373.00,9,4372.90,8,4372.80,10,4373.90,3,4374.00,5,4374.10,6,4374.20,9,4374.30,8,4374.40,5,4374.50,13,4374.60,13,4374.70,14,4374.80,14,Buy,27,20,47,7.00,18.00,1.00,0.90,33.3,4374.40,4374.60,4373.70,4374.10,9,20,29,-11.00,-1.00,-12.00,0.50,0.0,-12,24,0.0909,1.5714,18.00,-15.00,4383.80,-1.0186,DOWN,65.05,0.4458,1.1821
20260901 222553 976,4374.10,1,4373.70,4373.90,0.20,4373.70,2,4373.60,4,4373.50,7,4373.40,7,4373.30,6,4373.20,4,4373.10,6,4373.00,9,4372.90,8,4372.80,10,4373.90,3,4374.00,5,4374.10,6,4374.20,9,4374.30,8,4374.40,5,4374.50,13,4374.60,13,4374.70,14,4374.80,14,Buy,28,20,48,8.00,18.00,1.00,0.90,33.3,4374.40,4374.60,4373.70,4374.10,9,20,29,-11.00,-1.00,-12.00,0.50,0.0,-12,24,0.0909,1.2500,19.00,-14.00,4383.80,-1.0186,DOWN,65.05,0.4458,1.1821
20260901 222555 208,4373.70,1,4373.60,4373.90,0.30,4373.60,4,4373.50,7,4373.40,7,4373.30,6,4373.20,4,4373.10,6,4373.00,9,4372.90,8,4372.80,10,4372.70,7,4373.90,3,4374.00,5,4374.10,6,4374.20,9,4374.30,8,4374.40,5,4374.50,14,4374.60,13,4374.70,14,4374.80,14,Sell,28,21,49,7.00,18.00,1.00,0.90,77.8,4374.40,4374.60,4373.70,4373.70,9,20,29,-11.00,-1.00,-12.00,0.50,0.0,-12,24,0.0909,1.5714,18.00,-15.00,4383.76,-1.0313,DOWN,65.05,0.4458,1.1821
20260901 222555 562,4373.90,1,4373.70,4373.90,0.20,4373.70,2,4373.60,5,4373.50,7,4373.40,7,4373.30,6,4373.20,4,4373.10,6,4373.00,9,4372.90,8,4372.80,10,4373.90,1,4374.00,5,4374.10,6,4374.20,9,4374.30,8,4374.40,5,4374.50,14,4374.60,13,4374.70,14,4374.80,14,Buy,29,21,50,8.00,18.00,1.00,0.90,55.6,4374.40,4374.60,4373.70,4373.90,9,20,29,-11.00,-1.00,-12.00,0.50,0.0,-12,24,0.0909,1.2500,19.00,-14.00,4383.78,-1.0249,DOWN,65.05,0.4458,1.1821
20260901 222558 009,4373.60,1,4373.70,4373.90,0.20,4373.70,3,4373.60,4,4373.50,7,4373.40,7,4373.30,5,4373.20,5,4373.10,6,4373.00,9,4372.90,8,4372.80,10,4373.90,2,4374.00,5,4374.10,6,4374.20,9,4374.30,8,4374.40,5,4374.50,13,4374.60,13,4374.70,14,4374.80,14,Sell,29,22,51,7.00,18.00,1.00,1.00,80.0,4374.40,4374.60,4373.60,4373.60,9,20,29,-11.00,-1.00,-12.00,0.50,0.0,-12,24,0.0909,1.5714,18.00,-15.00,4383.75,-1.0345,DOWN,65.05,0.4458,1.1893
20260901 222558 009,4373.60,1,4373.70,4373.90,0.20,4373.70,3,4373.60,4,4373.50,7,4373.40,7,4373.30,5,4373.20,5,4373.10,6,4373.00,9,4372.90,8,4372.80,10,4373.90,2,4374.00,5,4374.10,6,4374.20,9,4374.30,8,4374.40,5,4374.50,13,4374.60,13,4374.70,14,4374.80,14,Sell,29,23,52,6.00,18.00,1.00,1.00,80.0,4374.40,4374.60,4373.60,4373.60,9,20,29,-11.00,-1.00,-12.00,0.50,0.0,-12,24,0.0909,2.0000,17.00,-16.00,4383.75,-1.0345,DOWN,65.05,0.4458,1.1893
20260901 222559 503,4373.70,1,4373.50,4373.80,0.30,4373.50,5,4373.40,6,4373.30,4,4373.20,5,4373.10,6,4373.00,9,4372.90,8,4372.80,10,4372.70,7,4372.60,11,4373.80,3,4373.90,5,4374.00,6,4374.10,6,4374.20,9,4374.30,8,4374.40,13,4374.50,13,4374.60,13,4374.70,14,Sell,29,24,53,5.00,18.00,1.00,1.00,70.0,4374.40,4374.60,4373.60,4373.70,9,20,29,-11.00,-1.00,-12.00,0.50,0.0,-12,24,0.0909,2.6000,16.00,-17.00,4383.76,-1.0313,DOWN,65.05,0.4458,1.1893
20260901 222559 503,4373.60,1,4373.50,4373.80,0.30,4373.50,5,4373.40,6,4373.30,4,4373.20,5,4373.10,6,4373.00,9,4372.90,8,4372.80,10,4372.70,7,4372.60,11,4373.80,3,4373.90,5,4374.00,6,4374.10,6,4374.20,9,4374.30,8,4374.40,13,4374.50,13,4374.60,13,4374.70,14,Sell,29,25,54,4.00,18.00,1.00,1.00,80.0,4374.40,4374.60,4373.60,4373.60,9,20,29,-11.00,-1.00,-12.00,0.50,0.0,-12,24,0.0909,3.5000,15.00,-18.00,4383.75,-1.0345,DOWN,65.05,0.4458,1.1893
20260901 222559 503,4373.60,1,4373.50,4373.80,0.30,4373.50,5,4373.40,6,4373.30,4,4373.20,5,4373.10,6,4373.00,9,4372.90,8,4372.80,10,4372.70,7,4372.60,11,4373.80,3,4373.90,5,4374.00,6,4374.10,6,4374.20,9,4374.30,8,4374.40,13,4374.50,13,4374.60,13,4374.70,14,Sell,29,26,55,3.00,18.00,1.00,1.00,80.0,4374.40,4374.60,4373.60,4373.60,9,20,29,-11.00,-1.00,-12.00,0.50,0.0,-12,24,0.0909,5.0000,14.00,-19.00,4383.75,-1.0345,DOWN,65.05,0.4458,1.1893
20260901 222559 506,4373.70,1,4373.50,4373.80,0.30,4373.50,5,4373.40,6,4373.30,4,4373.20,5,4373.10,6,4373.00,9,4372.90,8,4372.80,10,4372.70,7,4372.60,11,4373.80,3,4373.90,5,4374.00,6,4374.10,6,4374.20,9,4374.30,8,4374.40,13,4374.50,13,4374.60,13,4374.70,14,Sell,29,27,56,2.00,18.00,1.00,1.00,70.0,4374.40,4374.60,4373.60,4373.70,9,20,29,-11.00,-1.00,-12.00,0.50,0.0,-12,24,0.0909,8.0000,13.00,-20.00,4383.76,-1.0313,DOWN,65.05,0.4458,1.1893
20260901 222600 988,4373.80,1,4373.50,4373.80,0.30,4373.50,7,4373.40,6,4373.30,4,4373.20,4,4373.10,6,4373.00,9,4372.90,8,4372.80,10,4372.70,7,4372.60,11,4373.80,4,4373.90,5,4374.00,6,4374.10,6,4374.20,9,4374.30,9,4374.40,13,4374.50,13,4374.60,13,4374.70,14,Buy,1,0,1,1.00,1.00,1.00,0.00,0.0,4373.80,4373.80,4373.80,4373.80,29,27,56,2.00,18.00,1.00,1.00,70.0,-42,81,8.0000,0.0000,3.00,-10.00,4383.77,-1.0281,DOWN,59.40,0.9428,1.1115
20260901 222604 541,4373.80,1,4373.50,4373.80,0.30,4373.50,7,4373.40,7,4373.30,4,4373.20,5,4373.10,6,4373.00,9,4372.90,8,4372.80,10,4372.70,7,4372.60,11,4373.80,4,4373.90,5,4374.00,6,4374.10,6,4374.20,8,4374.30,7,4374.40,13,4374.50,13,4374.60,13,4374.70,14,Buy,2,0,2,2.00,2.00,1.00,0.00,0.0,4373.80,4373.80,4373.80,4373.80,29,27,56,2.00,18.00,1.00,1.00,70.0,-42,81,8.0000,0.0000,4.00,-9.00,4383.77,-1.0281,DOWN,59.40,0.9428,1.1115
20260901 222604 541,4373.80,1,4373.50,4373.80,0.30,4373.50,7,4373.40,7,4373.30,4,4373.20,5,4373.10,6,4373.00,9,4372.90,8,4372.80,10,4372.70,7,4372.60,11,4373.80,4,4373.90,5,4374.00,6,4374.10,6,4374.20,8,4374.30,7,4374.40,13,4374.50,13,4374.60,13,4374.70,14,Buy,3,0,3,3.00,3.00,1.00,0.00,0.0,4373.80,4373.80,4373.80,4373.80,29,27,56,2.00,18.00,1.00,1.00,70.0,-42,81,8.0000,0.0000,5.00,-8.00,4383.77,-1.0281,DOWN,59.40,0.9428,1.1115
20260901 222604 541,4373.80,1,4373.50,4373.80,0.30,4373.50,7,4373.40,7,4373.30,4,4373.20,5,4373.10,6,4373.00,9,4372.90,8,4372.80,10,4372.70,7,4372.60,11,4373.80,4,4373.90,5,4374.00,6,4374.10,6,4374.20,8,4374.30,7,4374.40,13,4374.50,13,4374.60,13,4374.70,14,Buy,4,0,4,4.00,4.00,1.00,0.00,0.0,4373.80,4373.80,4373.80,4373.80,29,27,56,2.00,18.00,1.00,1.00,70.0,-42,81,8.0000,0.0000,6.00,-7.00,4383.77,-1.0281,DOWN,59.40,0.9428,1.1115
20260901 222604 541,4373.80,1,4373.50,4373.80,0.30,4373.50,7,4373.40,7,4373.30,4,4373.20,5,4373.10,6,4373.00,9,4372.90,8,4372.80,10,4372.70,7,4372.60,11,4373.80,4,4373.90,5,4374.00,6,4374.10,6,4374.20,8,4374.30,7,4374.40,13,4374.50,13,4374.60,13,4374.70,14,Buy,5,0,5,5.00,5.00,1.00,0.00,0.0,4373.80,4373.80,4373.80,4373.80,29,27,56,2.00,18.00,1.00,1.00,70.0,-42,81,8.0000,0.0000,7.00,-6.00,4383.77,-1.0281,DOWN,59.40,0.9428,1.1115
20260901 222604 541,4373.90,1,4373.50,4373.80,0.30,4373.50,7,4373.40,7,4373.30,4,4373.20,5,4373.10,6,4373.00,9,4372.90,8,4372.80,10,4372.70,7,4372.60,11,4373.80,4,4373.90,5,4374.00,6,4374.10,6,4374.20,8,4374.30,7,4374.40,13,4374.50,13,4374.60,13,4374.70,14,Buy,6,0,6,6.00,6.00,1.00,0.10,100.0,4373.80,4373.90,4373.80,4373.90,29,27,56,2.00,18.00,1.00,1.00,70.0,-42,81,8.0000,0.0000,8.00,-5.00,4383.78,-1.0249,DOWN,59.40,0.9428,1.1186
20260901 222604 541,4373.60,1,4373.50,4373.80,0.30,4373.50,7,4373.40,7,4373.30,4,4373.20,5,4373.10,6,4373.00,9,4372.90,8,4372.80,10,4372.70,7,4372.60,11,4373.80,4,4373.90,5,4374.00,6,4374.10,6,4374.20,8,4374.30,7,4374.40,13,4374.50,13,4374.60,13,4374.70,14,Sell,6,1,7,5.00,6.00,1.00,0.30,66.7,4373.80,4373.90,4373.60,4373.60,29,27,56,2.00,18.00,1.00,1.00,70.0,-42,81,8.0000,0.2000,7.00,-6.00,4383.75,-1.0345,DOWN,59.40,0.9428,1.1258
20260901 222604 542,4373.50,1,4373.50,4373.80,0.30,4373.50,7,4373.40,7,4373.30,4,4373.20,5,4373.10,6,4373.00,9,4372.90,8,4372.80,10,4372.70,7,4372.60,11,4373.80,4,4373.90,5,4374.00,6,4374.10,6,4374.20,8,4374.30,7,4374.40,13,4374.50,13,4374.60,13,4374.70,14,Sell,6,2,8,4.00,6.00,1.00,0.40,75.0,4373.80,4373.90,4373.50,4373.50,29,27,56,2.00,18.00,1.00,1.00,70.0,-42,81,8.0000,0.5000,6.00,-7.00,4383.74,-1.0376,DOWN,59.40,0.9428,1.1329
20260901 222604 542,4373.50,1,4373.50,4373.80,0.30,4373.50,7,4373.40,7,4373.30,4,4373.20,5,4373.10,6,4373.00,9,4372.90,8,4372.80,10,4372.70,7,4372.60,11,4373.80,4,4373.90,5,4374.00,6,4374.10,6,4374.20,8,4374.30,7,4374.40,13,4374.50,13,4374.60,13,4374.70,14,Sell,6,3,9,3.00,6.00,1.00,0.40,75.0,4373.80,4373.90,4373.50,4373.50,29,27,56,2.00,18.00,1.00,1.00,70.0,-42,81,8.0000,1.0000,5.00,-8.00,4383.74,-1.0376,DOWN,59.40,0.9428,1.1329
20260901 222604 542,4373.50,1,4373.50,4373.80,0.30,4373.50,7,4373.40,7,4373.30,4,4373.20,5,4373.10,6,4373.00,9,4372.90,8,4372.80,10,4372.70,7,4372.60,11,4373.80,4,4373.90,5,4374.00,6,4374.10,6,4374.20,8,4374.30,7,4374.40,13,4374.50,13,4374.60,13,4374.70,14,Sell,6,4,10,2.00,6.00,1.00,0.40,75.0,4373.80,4373.90,4373.50,4373.50,29,27,56,2.00,18.00,1.00,1.00,70.0,-42,81,8.0000,2.0000,4.00,-9.00,4383.74,-1.0376,DOWN,59.40,0.9428,1.1329
20260901 222606 017,4373.50,1,4373.50,4373.80,0.30,4373.50,5,4373.40,6,4373.30,4,4373.20,5,4373.10,6,4373.00,9,4372.90,8,4372.80,10,4372.70,7,4372.60,11,4373.80,4,4373.90,6,4374.00,6,4374.10,6,4374.20,9,4374.30,7,4374.40,13,4374.50,13,4374.60,13,4374.70,14,Sell,6,5,11,1.00,6.00,1.00,0.40,75.0,4373.80,4373.90,4373.50,4373.50,29,27,56,2.00,18.00,1.00,1.00,70.0,-42,81,8.0000,5.0000,3.00,-10.00,4383.74,-1.0376,DOWN,59.40,0.9428,1.1329
20260901 222606 017,4373.50,1,4373.50,4373.80,0.30,4373.50,5,4373.40,6,4373.30,4,4373.20,5,4373.10,6,4373.00,9,4372.90,8,4372.80,10,4372.70,7,4372.60,11,4373.80,4,4373.90,6,4374.00,6,4374.10,6,4374.20,9,4374.30,7,4374.40,13,4374.50,13,4374.60,13,4374.70,14,Sell,6,6,12,0.00,6.00,0.00,0.40,75.0,4373.80,4373.90,4373.50,4373.50,29,27,56,2.00,18.00,1.00,1.00,70.0,-42,81,8.0000,6.0000,2.00,-11.00,4383.74,-1.0376,DOWN,59.40,0.9428,1.1329
20260901 222606 017,4373.50,1,4373.50,4373.80,0.30,4373.50,5,4373.40,6,4373.30,4,4373.20,5,4373.10,6,4373.00,9,4372.90,8,4372.80,10,4372.70,7,4372.60,11,4373.80,4,4373.90,6,4374.00,6,4374.10,6,4374.20,9,4374.30,7,4374.40,13,4374.50,13,4374.60,13,4374.70,14,Sell,6,7,13,-1.00,6.00,-1.00,0.40,75.0,4373.80,4373.90,4373.50,4373.50,29,27,56,2.00,18.00,1.00,1.00,70.0,-42,81,8.0000,0.0000,1.00,-12.00,4383.74,-1.0376,DOWN,59.40,0.9428,1.1329
20260901 222606 017,4373.50,1,4373.50,4373.80,0.30,4373.50,5,4373.40,6,4373.30,4,4373.20,5,4373.10,6,4373.00,9,4372.90,8,4372.80,10,4372.70,7,4372.60,11,4373.80,4,4373.90,6,4374.00,6,4374.10,6,4374.20,9,4374.30,7,4374.40,13,4374.50,13,4374.60,13,4374.70,14,Sell,6,8,14,-2.00,6.00,-2.00,0.40,75.0,4373.80,4373.90,4373.50,4373.50,29,27,56,2.00,18.00,1.00,1.00,70.0,-42,81,8.0000,0.0000,0.00,-13.00,4383.74,-1.0376,DOWN,59.40,0.9428,1.1329
20260901 222607 188,4373.50,1,4373.50,4373.80,0.30,4373.50,3,4373.40,5,4373.30,5,4373.20,5,4373.10,6,4373.00,9,4372.90,8,4372.80,10,4372.70,7,4372.60,11,4373.70,3,4373.80,4,4373.90,6,4374.00,6,4374.10,6,4374.20,9,4374.30,8,4374.40,13,4374.50,13,4374.60,13,Sell,6,9,15,-3.00,6.00,-3.00,0.40,75.0,4373.80,4373.90,4373.50,4373.50,29,27,56,2.00,18.00,1.00,1.00,70.0,-42,81,8.0000,0.0000,-1.00,-14.00,4383.74,-1.0376,DOWN,59.40,0.9428,1.1329
20260901 222607 682,4373.50,1,4373.50,4373.70,0.20,4373.50,4,4373.40,5,4373.30,5,4373.20,5,4373.10,6,4373.00,9,4372.90,8,4372.80,10,4372.70,7,4372.60,11,4373.70,3,4373.80,4,4373.90,6,4374.00,7,4374.10,6,4374.20,9,4374.30,8,4374.40,13,4374.50,13,4374.60,13,Sell,6,10,16,-4.00,6.00,-4.00,0.40,75.0,4373.80,4373.90,4373.50,4373.50,29,27,56,2.00,18.00,1.00,1.00,70.0,-42,81,8.0000,0.0000,-2.00,-15.00,4383.74,-1.0376,DOWN,59.40,0.9428,1.1329
20260901 222607 903,4373.50,1,4373.50,4373.70,0.20,4373.50,3,4373.40,4,4373.30,5,4373.20,5,4373.10,6,4373.00,9,4372.90,8,4372.80,10,4372.70,7,4372.60,11,4373.70,3,4373.80,4,4373.90,6,4374.00,7,4374.10,6,4374.20,16,4374.30,7,4374.40,13,4374.50,13,4374.60,13,Sell,6,11,17,-5.00,6.00,-5.00,0.40,75.0,4373.80,4373.90,4373.50,4373.50,29,27,56,2.00,18.00,1.00,1.00,70.0,-42,81,8.0000,0.0000,-3.00,-16.00,4383.74,-1.0376,DOWN,59.40,0.9428,1.1329
20260901 222607 903,4373.50,1,4373.50,4373.70,0.20,4373.50,3,4373.40,4,4373.30,5,4373.20,5,4373.10,6,4373.00,9,4372.90,8,4372.80,10,4372.70,7,4372.60,11,4373.70,3,4373.80,4,4373.90,6,4374.00,7,4374.10,6,4374.20,16,4374.30,7,4374.40,13,4374.50,13,4374.60,13,Sell,6,12,18,-6.00,6.00,-6.00,0.40,75.0,4373.80,4373.90,4373.50,4373.50,29,27,56,2.00,18.00,1.00,1.00,70.0,-42,81,8.0000,0.0000,-4.00,-17.00,4383.74,-1.0376,DOWN,59.40,0.9428,1.1329
20260901 222608 950,4373.70,1,4373.60,4373.80,0.20,4373.60,2,4373.50,4,4373.40,4,4373.30,5,4373.20,5,4373.10,6,4373.00,9,4372.90,8,4372.80,10,4372.70,7,4373.80,3,4373.90,6,4374.00,7,4374.10,6,4374.20,16,4374.30,7,4374.40,13,4374.50,13,4374.60,13,4374.70,14,Buy,7,12,19,-5.00,6.00,-6.00,0.40,25.0,4373.80,4373.90,4373.50,4373.70,29,27,56,2.00,18.00,1.00,1.00,70.0,-42,81,8.0000,0.2000,-3.00,-16.00,4383.76,-1.0313,DOWN,59.40,0.9428,1.1329
20260901 222608 950,4373.70,1,4373.60,4373.80,0.20,4373.60,2,4373.50,4,4373.40,4,4373.30,5,4373.20,5,4373.10,6,4373.00,9,4372.90,8,4372.80,10,4372.70,7,4373.80,3,4373.90,6,4374.00,7,4374.10,6,4374.20,16,4374.30,7,4374.40,13,4374.50,13,4374.60,13,4374.70,14,Buy,8,12,20,-4.00,6.00,-6.00,0.40,25.0,4373.80,4373.90,4373.50,4373.70,29,27,56,2.00,18.00,1.00,1.00,70.0,-42,81,8.0000,0.5000,-2.00,-15.00,4383.76,-1.0313,DOWN,59.40,0.9428,1.1329
20260901 222608 950,4373.70,1,4373.60,4373.80,0.20,4373.60,2,4373.50,4,4373.40,4,4373.30,5,4373.20,5,4373.10,6,4373.00,9,4372.90,8,4372.80,10,4372.70,7,4373.80,3,4373.90,6,4374.00,7,4374.10,6,4374.20,16,4374.30,7,4374.40,13,4374.50,13,4374.60,13,4374.70,14,Buy,9,12,21,-3.00,6.00,-6.00,0.40,25.0,4373.80,4373.90,4373.50,4373.70,29,27,56,2.00,18.00,1.00,1.00,70.0,-42,81,8.0000,1.0000,-1.00,-14.00,4383.76,-1.0313,DOWN,59.40,0.9428,1.1329
20260901 222608 950,4373.80,1,4373.60,4373.80,0.20,4373.60,2,4373.50,4,4373.40,4,4373.30,5,4373.20,5,4373.10,6,4373.00,9,4372.90,8,4372.80,10,4372.70,7,4373.80,3,4373.90,6,4374.00,7,4374.10,6,4374.20,16,4374.30,7,4374.40,13,4374.50,13,4374.60,13,4374.70,14,Buy,10,12,22,-2.00,6.00,-6.00,0.40,0.0,4373.80,4373.90,4373.50,4373.80,29,27,56,2.00,18.00,1.00,1.00,70.0,-42,81,8.0000,2.0000,0.00,-13.00,4383.77,-1.0281,DOWN,59.40,0.9428,1.1329
20260901 222608 950,4373.80,1,4373.60,4373.80,0.20,4373.60,2,4373.50,4,4373.40,4,4373.30,5,4373.20,5,4373.10,6,4373.00,9,4372.90,8,4372.80,10,4372.70,7,4373.80,3,4373.90,6,4374.00,7,4374.10,6,4374.20,16,4374.30,7,4374.40,13,4374.50,13,4374.60,13,4374.70,14,Buy,11,12,23,-1.00,6.00,-6.00,0.40,0.0,4373.80,4373.90,4373.50,4373.80,29,27,56,2.00,18.00,1.00,1.00,70.0,-42,81,8.0000,5.0000,1.00,-12.00,4383.77,-1.0281,DOWN,59.40,0.9428,1.1329
20260901 222612 618,4373.60,1,4373.60,4373.80,0.20,4373.60,1,4373.50,5,4373.40,4,4373.30,5,4373.20,5,4373.10,6,4373.00,9,4372.90,8,4372.80,10,4372.70,7,4373.80,4,4373.90,6,4374.00,7,4374.10,6,4374.20,11,4374.30,7,4374.40,13,4374.50,13,4374.60,13,4374.70,14,Sell,11,13,24,-2.00,6.00,-6.00,0.40,50.0,4373.80,4373.90,4373.50,4373.60,29,27,56,2.00,18.00,1.00,1.00,70.0,-42,81,8.0000,2.0000,0.00,-13.00,4383.75,-1.0345,DOWN,59.40,0.9428,1.1329
20260901 222614 053,4373.60,1,4373.50,4373.80,0.30,4373.50,6,4373.40,4,4373.30,5,4373.20,5,4373.10,6,4373.00,9,4372.90,8,4372.80,10,4372.70,7,4372.60,11,4373.80,5,4373.90,6,4374.00,7,4374.10,6,4374.20,11,4374.30,8,4374.40,13,4374.50,13,4374.60,13,4374.70,14,Sell,11,14,25,-3.00,6.00,-6.00,0.40,50.0,4373.80,4373.90,4373.50,4373.60,29,27,56,2.00,18.00,1.00,1.00,70.0,-42,81,8.0000,1.0000,-1.00,-14.00,4383.75,-1.0345,DOWN,59.40,0.9428,1.1329
20260901 222617 355,4373.80,1,4373.90,4374.10,0.20,4373.90,6,4373.80,4,4373.70,5,4373.60,8,4373.50,7,4373.40,6,4373.30,12,4373.20,10,4373.10,11,4373.00,9,4374.10,1,4374.20,8,4374.30,5,4374.40,4,4374.50,5,4374.60,6,4374.70,6,4374.80,14,4374.90,13,4375.00,20,Buy,12,14,26,-2.00,6.00,-6.00,0.40,0.0,4373.80,4373.90,4373.50,4373.80,29,27,56,2.00,18.00,1.00,1.00,70.0,-42,81,8.0000,2.0000,0.00,-13.00,4383.77,-1.0281,DOWN,59.40,0.9428,1.1329
20260901 222617 355,4373.80,1,4373.90,4374.10,0.20,4373.90,6,4373.80,4,4373.70,5,4373.60,8,4373.50,7,4373.40,6,4373.30,12,4373.20,10,4373.10,11,4373.00,9,4374.10,1,4374.20,8,4374.30,5,4374.40,4,4374.50,5,4374.60,6,4374.70,6,4374.80,14,4374.90,13,4375.00,20,Buy,13,14,27,-1.00,6.00,-6.00,0.40,0.0,4373.80,4373.90,4373.50,4373.80,29,27,56,2.00,18.00,1.00,1.00,70.0,-42,81,8.0000,5.0000,1.00,-12.00,4383.77,-1.0281,DOWN,59.40,0.9428,1.1329
20260901 222617 355,4373.80,1,4373.90,4374.10,0.20,4373.90,6,4373.80,4,4373.70,5,4373.60,8,4373.50,7,4373.40,6,4373.30,12,4373.20,10,4373.10,11,4373.00,9,4374.10,1,4374.20,8,4374.30,5,4374.40,4,4374.50,5,4374.60,6,4374.70,6,4374.80,14,4374.90,13,4375.00,20,Buy,14,14,28,0.00,6.00,-6.00,0.40,0.0,4373.80,4373.90,4373.50,4373.80,29,27,56,2.00,18.00,1.00,1.00,70.0,-42,81,8.0000,6.0000,2.00,-11.00,4383.77,-1.0281,DOWN,59.40,0.9428,1.1329
20260901 222617 355,4373.80,1,4373.90,4374.10,0.20,4373.90,6,4373.80,4,4373.70,5,4373.60,8,4373.50,7,4373.40,6,4373.30,12,4373.20,10,4373.10,11,4373.00,9,4374.10,1,4374.20,8,4374.30,5,4374.40,4,4374.50,5,4374.60,6,4374.70,6,4374.80,14,4374.90,13,4375.00,20,Buy,15,14,29,1.00,6.00,-6.00,0.40,0.0,4373.80,4373.90,4373.50,4373.80,29,27,56,2.00,18.00,1.00,1.00,70.0,-42,81,8.0000,5.0000,3.00,-10.00,4383.77,-1.0281,DOWN,59.40,0.9428,1.1329
20260901 222617 357,4373.90,1,4373.90,4374.10,0.20,4373.90,6,4373.80,4,4373.70,5,4373.60,8,4373.50,7,4373.40,6,4373.30,12,4373.20,10,4373.10,11,4373.00,9,4374.10,1,4374.20,8,4374.30,5,4374.40,4,4374.50,5,4374.60,6,4374.70,6,4374.80,14,4374.90,13,4375.00,20,Buy,16,14,30,2.00,6.00,-6.00,0.40,25.0,4373.80,4373.90,4373.50,4373.90,29,27,56,2.00,18.00,1.00,1.00,70.0,-42,81,8.0000,2.0000,4.00,-9.00,4383.78,-1.0249,DOWN,59.40,0.9428,1.1329
20260901 222617 357,4373.90,1,4373.90,4374.10,0.20,4373.90,6,4373.80,4,4373.70,5,4373.60,8,4373.50,7,4373.40,6,4373.30,12,4373.20,10,4373.10,11,4373.00,9,4374.10,1,4374.20,8,4374.30,5,4374.40,4,4374.50,5,4374.60,6,4374.70,6,4374.80,14,4374.90,13,4375.00,20,Buy,17,14,31,3.00,6.00,-6.00,0.40,25.0,4373.80,4373.90,4373.50,4373.90,29,27,56,2.00,18.00,1.00,1.00,70.0,-42,81,8.0000,1.0000,5.00,-8.00,4383.78,-1.0249,DOWN,59.40,0.9428,1.1329
20260901 222617 358,4373.90,1,4373.90,4374.10,0.20,4373.90,6,4373.80,4,4373.70,5,4373.60,8,4373.50,7,4373.40,6,4373.30,12,4373.20,10,4373.10,11,4373.00,9,4374.10,1,4374.20,8,4374.30,5,4374.40,4,4374.50,5,4374.60,6,4374.70,6,4374.80,14,4374.90,13,4375.00,20,Sell,17,15,32,2.00,6.00,-6.00,0.40,25.0,4373.80,4373.90,4373.50,4373.90,29,27,56,2.00,18.00,1.00,1.00,70.0,-42,81,8.0000,2.0000,4.00,-9.00,4383.78,-1.0249,DOWN,59.40,0.9428,1.1329
20260901 222617 359,4374.00,1,4373.90,4374.10,0.20,4373.90,6,4373.80,4,4373.70,5,4373.60,8,4373.50,7,4373.40,6,4373.30,12,4373.20,10,4373.10,11,4373.00,9,4374.10,1,4374.20,8,4374.30,5,4374.40,4,4374.50,5,4374.60,6,4374.70,6,4374.80,14,4374.90,13,4375.00,20,Buy,18,15,33,3.00,6.00,-6.00,0.50,40.0,4373.80,4374.00,4373.50,4374.00,29,27,56,2.00,18.00,1.00,1.00,70.0,-42,81,8.0000,1.0000,5.00,-8.00,4383.79,-1.0218,DOWN,59.40,0.9428,1.1400
20260901 222617 361,4374.00,1,4373.90,4374.10,0.20,4373.90,6,4373.80,4,4373.70,5,4373.60,8,4373.50,7,4373.40,6,4373.30,12,4373.20,10,4373.10,11,4373.00,9,4374.10,1,4374.20,8,4374.30,5,4374.40,4,4374.50,5,4374.60,6,4374.70,6,4374.80,14,4374.90,13,4375.00,20,Sell,18,16,34,2.00,6.00,-6.00,0.50,40.0,4373.80,4374.00,4373.50,4374.00,29,27,56,2.00,18.00,1.00,1.00,70.0,-42,81,8.0000,2.0000,4.00,-9.00,4383.79,-1.0218,DOWN,59.40,0.9428,1.1400
20260901 222618 259,4373.90,1,4373.90,4374.20,0.30,4373.80,4,4373.70,9,4373.60,5,4373.50,6,4373.40,6,4373.30,10,4373.20,11,4373.10,11,4373.00,10,4372.90,8,4374.10,3,4374.20,9,4374.30,5,4374.40,4,4374.50,6,4374.60,6,4374.70,14,4374.80,14,4374.90,13,4375.00,20,Sell,18,17,35,1.00,6.00,-6.00,0.50,20.0,4373.80,4374.00,4373.50,4373.90,29,27,56,2.00,18.00,1.00,1.00,70.0,-42,81,8.0000,5.0000,3.00,-10.00,4383.78,-1.0249,DOWN,59.40,0.9428,1.1400
20260901 222618 259,4373.90,1,4373.90,4374.20,0.30,4373.80,4,4373.70,9,4373.60,5,4373.50,6,4373.40,6,4373.30,10,4373.20,11,4373.10,11,4373.00,10,4372.90,8,4374.10,3,4374.20,9,4374.30,5,4374.40,4,4374.50,6,4374.60,6,4374.70,14,4374.80,14,4374.90,13,4375.00,20,Sell,18,18,36,0.00,6.00,-6.00,0.50,20.0,4373.80,4374.00,4373.50,4373.90,29,27,56,2.00,18.00,1.00,1.00,70.0,-42,81,8.0000,6.0000,2.00,-11.00,4383.78,-1.0249,DOWN,59.40,0.9428,1.1400
20260901 222618 259,4373.90,1,4373.90,4374.20,0.30,4373.80,4,4373.70,9,4373.60,5,4373.50,6,4373.40,6,4373.30,10,4373.20,11,4373.10,11,4373.00,10,4372.90,8,4374.10,3,4374.20,9,4374.30,5,4374.40,4,4374.50,6,4374.60,6,4374.70,14,4374.80,14,4374.90,13,4375.00,20,Sell,18,19,37,-1.00,6.00,-6.00,0.50,20.0,4373.80,4374.00,4373.50,4373.90,29,27,56,2.00,18.00,1.00,1.00,70.0,-42,81,8.0000,5.0000,1.00,-12.00,4383.78,-1.0249,DOWN,59.40,0.9428,1.1400
20260901 222618 259,4373.90,1,4373.90,4374.20,0.30,4373.80,4,4373.70,9,4373.60,5,4373.50,6,4373.40,6,4373.30,10,4373.20,11,4373.10,11,4373.00,10,4372.90,8,4374.10,3,4374.20,9,4374.30,5,4374.40,4,4374.50,6,4374.60,6,4374.70,14,4374.80,14,4374.90,13,4375.00,20,Sell,18,20,38,-2.00,6.00,-6.00,0.50,20.0,4373.80,4374.00,4373.50,4373.90,29,27,56,2.00,18.00,1.00,1.00,70.0,-42,81,8.0000,2.0000,0.00,-13.00,4383.78,-1.0249,DOWN,59.40,0.9428,1.1400
20260901 222618 259,4373.80,1,4373.90,4374.20,0.30,4373.80,4,4373.70,9,4373.60,5,4373.50,6,4373.40,6,4373.30,10,4373.20,11,4373.10,11,4373.00,10,4372.90,8,4374.10,3,4374.20,9,4374.30,5,4374.40,4,4374.50,6,4374.60,6,4374.70,14,4374.80,14,4374.90,13,4375.00,20,Sell,18,21,39,-3.00,6.00,-6.00,0.50,0.0,4373.80,4374.00,4373.50,4373.80,29,27,56,2.00,18.00,1.00,1.00,70.0,-42,81,8.0000,1.0000,-1.00,-14.00,4383.77,-1.0281,DOWN,59.40,0.9428,1.1400
20260901 222618 259,4373.80,1,4373.90,4374.20,0.30,4373.80,4,4373.70,9,4373.60,5,4373.50,6,4373.40,6,4373.30,10,4373.20,11,4373.10,11,4373.00,10,4372.90,8,4374.10,3,4374.20,9,4374.30,5,4374.40,4,4374.50,6,4374.60,6,4374.70,14,4374.80,14,4374.90,13,4375.00,20,Sell,18,22,40,-4.00,6.00,-6.00,0.50,0.0,4373.80,4374.00,4373.50,4373.80,29,27,56,2.00,18.00,1.00,1.00,70.0,-42,81,8.0000,0.5000,-2.00,-15.00,4383.77,-1.0281,DOWN,59.40,0.9428,1.1400
20260901 222618 259,4373.80,1,4373.90,4374.20,0.30,4373.80,4,4373.70,9,4373.60,5,4373.50,6,4373.40,6,4373.30,10,4373.20,11,4373.10,11,4373.00,10,4372.90,8,4374.10,3,4374.20,9,4374.30,5,4374.40,4,4374.50,6,4374.60,6,4374.70,14,4374.80,14,4374.90,13,4375.00,20,Sell,18,23,41,-5.00,6.00,-6.00,0.50,0.0,4373.80,4374.00,4373.50,4373.80,29,27,56,2.00,18.00,1.00,1.00,70.0,-42,81,8.0000,0.2000,-3.00,-16.00,4383.77,-1.0281,DOWN,59.40,0.9428,1.1400
20260901 222618 259,4373.80,1,4373.90,4374.20,0.30,4373.80,4,4373.70,9,4373.60,5,4373.50,6,4373.40,6,4373.30,10,4373.20,11,4373.10,11,4373.00,10,4372.90,8,4374.10,3,4374.20,9,4374.30,5,4374.40,4,4374.50,6,4374.60,6,4374.70,14,4374.80,14,4374.90,13,4375.00,20,Sell,18,24,42,-6.00,6.00,-6.00,0.50,0.0,4373.80,4374.00,4373.50,4373.80,29,27,56,2.00,18.00,1.00,1.00,70.0,-42,81,8.0000,0.0000,-4.00,-17.00,4383.77,-1.0281,DOWN,59.40,0.9428,1.1400
20260901 222618 259,4373.70,1,4373.90,4374.20,0.30,4373.80,4,4373.70,9,4373.60,5,4373.50,6,4373.40,6,4373.30,10,4373.20,11,4373.10,11,4373.00,10,4372.90,8,4374.10,3,4374.20,9,4374.30,5,4374.40,4,4374.50,6,4374.60,6,4374.70,14,4374.80,14,4374.90,13,4375.00,20,Sell,18,25,43,-7.00,6.00,-7.00,0.50,20.0,4373.80,4374.00,4373.50,4373.70,29,27,56,2.00,18.00,1.00,1.00,70.0,-42,81,8.0000,0.0000,-5.00,-18.00,4383.76,-1.0313,DOWN,59.40,0.9428,1.1400
20260901 222618 259,4373.70,1,4373.90,4374.20,0.30,4373.80,4,4373.70,9,4373.60,5,4373.50,6,4373.40,6,4373.30,10,4373.20,11,4373.10,11,4373.00,10,4372.90,8,4374.10,3,4374.20,9,4374.30,5,4374.40,4,4374.50,6,4374.60,6,4374.70,14,4374.80,14,4374.90,13,4375.00,20,Sell,18,26,44,-8.00,6.00,-8.00,0.50,20.0,4373.80,4374.00,4373.50,4373.70,29,27,56,2.00,18.00,1.00,1.00,70.0,-42,81,8.0000,0.0000,-6.00,-19.00,4383.76,-1.0313,DOWN,59.40,0.9428,1.1400
20260901 222618 259,4373.70,1,4373.90,4374.20,0.30,4373.80,4,4373.70,9,4373.60,5,4373.50,6,4373.40,6,4373.30,10,4373.20,11,4373.10,11,4373.00,10,4372.90,8,4374.10,3,4374.20,9,4374.30,5,4374.40,4,4374.50,6,4374.60,6,4374.70,14,4374.80,14,4374.90,13,4375.00,20,Sell,18,27,45,-9.00,6.00,-9.00,0.50,20.0,4373.80,4374.00,4373.50,4373.70,29,27,56,2.00,18.00,1.00,1.00,70.0,-42,81,8.0000,0.0000,-7.00,-20.00,4383.76,-1.0313,DOWN,59.40,0.9428,1.1400
20260901 222618 259,4373.70,1,4373.90,4374.20,0.30,4373.80,4,4373.70,9,4373.60,5,4373.50,6,4373.40,6,4373.30,10,4373.20,11,4373.10,11,4373.00,10,4372.90,8,4374.10,3,4374.20,9,4374.30,5,4374.40,4,4374.50,6,4374.60,6,4374.70,14,4374.80,14,4374.90,13,4375.00,20,Sell,18,28,46,-10.00,6.00,-10.00,0.50,20.0,4373.80,4374.00,4373.50,4373.70,29,27,56,2.00,18.00,1.00,1.00,70.0,-42,81,8.0000,0.0000,-8.00,-21.00,4383.76,-1.0313,DOWN,59.40,0.9428,1.1400
20260901 222618 259,4373.70,1,4373.90,4374.20,0.30,4373.80,4,4373.70,9,4373.60,5,4373.50,6,4373.40,6,4373.30,10,4373.20,11,4373.10,11,4373.00,10,4372.90,8,4374.10,3,4374.20,9,4374.30,5,4374.40,4,4374.50,6,4374.60,6,4374.70,14,4374.80,14,4374.90,13,4375.00,20,Sell,18,29,47,-11.00,6.00,-11.00,0.50,20.0,4373.80,4374.00,4373.50,4373.70,29,27,56,2.00,18.00,1.00,1.00,70.0,-42,81,8.0000,0.0000,-9.00,-22.00,4383.76,-1.0313,DOWN,59.40,0.9428,1.1400
20260901 222619 920,4373.80,1,4373.80,4374.10,0.30,4373.80,3,4373.70,9,4373.60,5,4373.50,6,4373.40,6,4373.30,10,4373.20,11,4373.10,11,4373.00,10,4372.90,8,4374.10,3,4374.20,10,4374.30,5,4374.40,4,4374.50,6,4374.60,6,4374.70,14,4374.80,14,4374.90,13,4375.00,20,Sell,18,30,48,-12.00,6.00,-12.00,0.50,0.0,4373.80,4374.00,4373.50,4373.80,29,27,56,2.00,18.00,1.00,1.00,70.0,-42,81,8.0000,0.0000,-10.00,-23.00,4383.77,-1.0281,DOWN,59.40,0.9428,1.1400
20260901 222623 157,4373.90,1,4373.90,4374.10,0.20,4373.90,3,4373.80,3,4373.70,9,4373.60,6,4373.50,6,4373.40,7,4373.30,10,4373.20,11,4373.10,11,4373.00,9,4374.10,3,4374.20,1,4374.30,6,4374.40,4,4374.50,5,4374.60,6,4374.70,14,4374.80,14,4374.90,13,4375.00,20,Sell,18,31,49,-13.00,6.00,-13.00,0.50,20.0,4373.80,4374.00,4373.50,4373.90,29,27,56,2.00,18.00,1.00,1.00,70.0,-42,81,8.0000,0.0000,-11.00,-24.00,4383.78,-1.0249,DOWN,59.40,0.9428,1.1400
20260901 222624 401,4373.70,1,4373.70,4373.90,0.20,4373.70,2,4373.60,6,4373.50,6,4373.40,6,4373.30,10,4373.20,11,4373.10,11,4373.00,9,4372.90,8,4372.80,10,4373.90,2,4374.00,3,4374.10,4,4374.20,1,4374.30,7,4374.40,4,4374.50,5,4374.60,15,4374.70,14,4374.80,14,Sell,18,32,50,-14.00,6.00,-14.00,0.50,20.0,4373.80,4374.00,4373.50,4373.70,29,27,56,2.00,18.00,1.00,1.00,70.0,-42,81,8.0000,0.0000,-12.00,-25.00,4383.76,-1.0313,DOWN,59.40,0.9428,1.1400
20260901 222624 401,4373.70,1,4373.70,4373.90,0.20,4373.70,2,4373.60,6,4373.50,6,4373.40,6,4373.30,10,4373.20,11,4373.10,11,4373.00,9,4372.90,8,4372.80,10,4373.90,2,4374.00,3,4374.10,4,4374.20,1,4374.30,7,4374.40,4,4374.50,5,4374.60,15,4374.70,14,4374.80,14,Sell,18,33,51,-15.00,6.00,-15.00,0.50,20.0,4373.80,4374.00,4373.50,4373.70,29,27,56,2.00,18.00,1.00,1.00,70.0,-42,81,8.0000,0.0000,-13.00,-26.00,4383.76,-1.0313,DOWN,59.40,0.9428,1.1400
20260901 222624 401,4373.70,1,4373.70,4373.90,0.20,4373.70,2,4373.60,6,4373.50,6,4373.40,6,4373.30,10,4373.20,11,4373.10,11,4373.00,9,4372.90,8,4372.80,10,4373.90,2,4374.00,3,4374.10,4,4374.20,1,4374.30,7,4374.40,4,4374.50,5,4374.60,15,4374.70,14,4374.80,14,Sell,18,34,52,-16.00,6.00,-16.00,0.50,20.0,4373.80,4374.00,4373.50,4373.70,29,27,56,2.00,18.00,1.00,1.00,70.0,-42,81,8.0000,0.0000,-14.00,-27.00,4383.76,-1.0313,DOWN,59.40,0.9428,1.1400
20260901 222624 401,4373.70,1,4373.70,4373.90,0.20,4373.70,2,4373.60,6,4373.50,6,4373.40,6,4373.30,10,4373.20,11,4373.10,11,4373.00,9,4372.90,8,4372.80,10,4373.90,2,4374.00,3,4374.10,4,4374.20,1,4374.30,7,4374.40,4,4374.50,5,4374.60,15,4374.70,14,4374.80,14,Sell,18,35,53,-17.00,6.00,-17.00,0.50,20.0,4373.80,4374.00,4373.50,4373.70,29,27,56,2.00,18.00,1.00,1.00,70.0,-42,81,8.0000,0.0000,-15.00,-28.00,4383.76,-1.0313,DOWN,59.40,0.9428,1.1400
20260901 222624 401,4373.70,1,4373.70,4373.90,0.20,4373.70,2,4373.60,6,4373.50,6,4373.40,6,4373.30,10,4373.20,11,4373.10,11,4373.00,9,4372.90,8,4372.80,10,4373.90,2,4374.00,3,4374.10,4,4374.20,1,4374.30,7,4374.40,4,4374.50,5,4374.60,15,4374.70,14,4374.80,14,Sell,18,36,54,-18.00,6.00,-18.00,0.50,20.0,4373.80,4374.00,4373.50,4373.70,29,27,56,2.00,18.00,1.00,1.00,70.0,-42,81,8.0000,0.0000,-16.00,-29.00,4383.76,-1.0313,DOWN,59.40,0.9428,1.1400
20260901 222625 378,4373.80,1,4373.70,4373.90,0.20,4373.70,4,4373.60,6,4373.50,5,4373.40,6,4373.30,5,4373.20,11,4373.10,11,4373.00,9,4372.90,8,4372.80,10,4373.90,1,4374.00,3,4374.10,4,4374.20,2,4374.30,7,4374.40,4,4374.50,13,4374.60,14,4374.70,14,4374.80,14,Buy,19,36,55,-17.00,6.00,-18.00,0.50,0.0,4373.80,4374.00,4373.50,4373.80,29,27,56,2.00,18.00,1.00,1.00,70.0,-42,81,8.0000,0.0588,-15.00,-28.00,4383.77,-1.0281,DOWN,59.40,0.9428,1.1400
20260901 222626 679,4373.90,1,4374.00,4374.20,0.20,4374.00,4,4373.90,4,4373.80,6,4373.70,5,4373.60,7,4373.50,8,4373.40,6,4373.30,10,4373.20,10,4373.10,12,4374.20,3,4374.30,5,4374.40,4,4374.50,5,4374.60,14,4374.70,14,4374.80,14,4374.90,13,4375.00,20,4375.10,13,Buy,20,36,56,-16.00,6.00,-18.00,0.50,20.0,4373.80,4374.00,4373.50,4373.90,29,27,56,2.00,18.00,1.00,1.00,70.0,-42,81,8.0000,0.1250,-14.00,-27.00,4383.78,-1.0249,DOWN,59.40,0.9428,1.1400
20260901 222626 680,4373.90,2,4374.00,4374.20,0.20,4374.00,4,4373.90,4,4373.80,6,4373.70,5,4373.60,7,4373.50,8,4373.40,6,4373.30,10,4373.20,10,4373.10,12,4374.20,3,4374.30,5,4374.40,4,4374.50,5,4374.60,14,4374.70,14,4374.80,14,4374.90,13,4375.00,20,4375.10,13,Sell,20,38,58,-18.00,6.00,-18.00,0.50,20.0,4373.80,4374.00,4373.50,4373.90,29,27,56,2.00,18.00,1.00,1.00,70.0,-42,81,8.0000,0.0000,-16.00,-29.00,4383.78,-1.0249,DOWN,59.40,0.9428,1.1400
20260901 222626 690,4373.90,1,4374.00,4374.20,0.20,4374.00,4,4373.90,4,4373.80,6,4373.70,5,4373.60,7,4373.50,8,4373.40,6,4373.30,10,4373.20,10,4373.10,12,4374.20,3,4374.30,5,4374.40,4,4374.50,5,4374.60,14,4374.70,14,4374.80,14,4374.90,13,4375.00,20,4375.10,13,Buy,21,38,59,-17.00,6.00,-18.00,0.50,20.0,4373.80,4374.00,4373.50,4373.90,29,27,56,2.00,18.00,1.00,1.00,70.0,-42,81,8.0000,0.0588,-15.00,-28.00,4383.78,-1.0249,DOWN,59.40,0.9428,1.1400
20260901 222626 691,4374.00,1,4374.00,4374.20,0.20,4374.00,4,4373.90,4,4373.80,6,4373.70,5,4373.60,7,4373.50,8,4373.40,6,4373.30,10,4373.20,10,4373.10,12,4374.20,3,4374.30,5,4374.40,4,4374.50,5,4374.60,14,4374.70,14,4374.80,14,4374.90,13,4375.00,20,4375.10,13,Buy,22,38,60,-16.00,6.00,-18.00,0.50,40.0,4373.80,4374.00,4373.50,4374.00,29,27,56,2.00,18.00,1.00,1.00,70.0,-42,81,8.0000,0.1250,-14.00,-27.00,4383.79,-1.0218,DOWN,59.40,0.9428,1.1400
20260901 222626 753,4374.00,1,4374.00,4374.20,0.20,4374.00,1,4373.90,4,4373.80,6,4373.70,5,4373.60,7,4373.50,7,4373.40,6,4373.30,10,4373.20,10,4373.10,12,4374.20,3,4374.30,5,4374.40,4,4374.50,5,4374.60,14,4374.70,14,4374.80,14,4374.90,13,4375.00,20,4375.10,13,Sell,22,39,61,-17.00,6.00,-18.00,0.50,40.0,4373.80,4374.00,4373.50,4374.00,29,27,56,2.00,18.00,1.00,1.00,70.0,-42,81,8.0000,0.0588,-15.00,-28.00,4383.79,-1.0218,DOWN,59.40,0.9428,1.1400
20260901 222626 753,4374.00,1,4374.00,4374.20,0.20,4374.00,1,4373.90,4,4373.80,6,4373.70,5,4373.60,7,4373.50,7,4373.40,6,4373.30,10,4373.20,10,4373.10,12,4374.20,3,4374.30,5,4374.40,4,4374.50,5,4374.60,14,4374.70,14,4374.80,14,4374.90,13,4375.00,20,4375.10,13,Sell,22,40,62,-18.00,6.00,-18.00,0.50,40.0,4373.80,4374.00,4373.50,4374.00,29,27,56,2.00,18.00,1.00,1.00,70.0,-42,81,8.0000,0.0000,-16.00,-29.00,4383.79,-1.0218,DOWN,59.40,0.9428,1.1400
20260901 222627 097,4373.80,1,4373.80,4374.00,0.20,4373.80,4,4373.70,4,4373.60,7,4373.50,7,4373.40,6,4373.30,10,4373.20,10,4373.10,12,4373.00,9,4372.90,8,4374.00,1,4374.10,3,4374.20,6,4374.30,6,4374.40,4,4374.50,5,4374.60,7,4374.70,14,4374.80,14,4374.90,13,Sell,22,41,63,-19.00,6.00,-19.00,0.50,0.0,4373.80,4374.00,4373.50,4373.80,29,27,56,2.00,18.00,1.00,1.00,70.0,-42,81,8.0000,0.0000,-17.00,-30.00,4383.77,-1.0281,DOWN,59.40,0.9428,1.1400
20260901 222627 110,4374.00,1,4373.80,4374.00,0.20,4373.80,4,4373.70,4,4373.60,7,4373.50,7,4373.40,6,4373.30,10,4373.20,10,4373.10,12,4373.00,9,4372.90,8,4374.00,1,4374.10,3,4374.20,6,4374.30,6,4374.40,4,4374.50,5,4374.60,7,4374.70,14,4374.80,14,4374.90,13,Buy,23,41,64,-18.00,6.00,-19.00,0.50,40.0,4373.80,4374.00,4373.50,4374.00,29,27,56,2.00,18.00,1.00,1.00,70.0,-42,81,8.0000,0.0556,-16.00,-29.00,4383.79,-1.0218,DOWN,59.40,0.9428,1.1400
20260901 222627 500,4373.80,1,4373.80,4374.00,0.20,4373.80,4,4373.70,3,4373.60,5,4373.50,7,4373.40,6,4373.30,10,4373.20,10,4373.10,12,4373.00,9,4372.90,8,4374.00,1,4374.10,4,4374.20,6,4374.30,6,4374.40,4,4374.50,5,4374.60,6,4374.70,14,4374.80,14,4374.90,13,Sell,23,42,65,-19.00,6.00,-19.00,0.50,0.0,4373.80,4374.00,4373.50,4373.80,29,27,56,2.00,18.00,1.00,1.00,70.0,-42,81,8.0000,0.0000,-17.00,-30.00,4383.77,-1.0281,DOWN,59.40,0.9428,1.1400
20260901 222628 951,4374.00,1,4373.70,4374.00,0.30,4373.80,5,4373.70,3,4373.60,5,4373.50,7,4373.40,6,4373.30,10,4373.20,10,4373.10,12,4373.00,9,4372.90,8,4374.10,3,4374.20,6,4374.30,6,4374.40,4,4374.50,5,4374.60,6,4374.70,15,4374.80,14,4374.90,13,4375.00,20,Buy,24,42,66,-18.00,6.00,-19.00,0.50,40.0,4373.80,4374.00,4373.50,4374.00,29,27,56,2.00,18.00,1.00,1.00,70.0,-42,81,8.0000,0.0556,-16.00,-29.00,4383.79,-1.0218,DOWN,59.40,0.9428,1.1400
20260901 222628 951,4374.00,1,4373.70,4374.00,0.30,4373.80,5,4373.70,3,4373.60,5,4373.50,7,4373.40,6,4373.30,10,4373.20,10,4373.10,12,4373.00,9,4372.90,8,4374.10,3,4374.20,6,4374.30,6,4374.40,4,4374.50,5,4374.60,6,4374.70,15,4374.80,14,4374.90,13,4375.00,20,Buy,25,42,67,-17.00,6.00,-19.00,0.50,40.0,4373.80,4374.00,4373.50,4374.00,29,27,56,2.00,18.00,1.00,1.00,70.0,-42,81,8.0000,0.1176,-15.00,-28.00,4383.79,-1.0218,DOWN,59.40,0.9428,1.1400
20260901 222628 951,4374.00,1,4373.70,4374.00,0.30,4373.80,5,4373.70,3,4373.60,5,4373.50,7,4373.40,6,4373.30,10,4373.20,10,4373.10,12,4373.00,9,4372.90,8,4374.10,3,4374.20,6,4374.30,6,4374.40,4,4374.50,5,4374.60,6,4374.70,15,4374.80,14,4374.90,13,4375.00,20,Buy,26,42,68,-16.00,6.00,-19.00,0.50,40.0,4373.80,4374.00,4373.50,4374.00,29,27,56,2.00,18.00,1.00,1.00,70.0,-42,81,8.0000,0.1875,-14.00,-27.00,4383.79,-1.0218,DOWN,59.40,0.9428,1.1400
20260901 222639 957,4373.80,1,4373.80,4374.10,0.30,4373.80,5,4373.70,3,4373.60,6,4373.50,8,4373.40,6,4373.30,10,4373.20,10,4373.10,12,4373.00,9,4372.90,8,4374.10,3,4374.20,3,4374.30,6,4374.40,4,4374.50,5,4374.60,6,4374.70,14,4374.80,14,4374.90,13,4375.00,21,Sell,26,43,69,-17.00,6.00,-19.00,0.50,0.0,4373.80,4374.00,4373.50,4373.80,29,27,56,2.00,18.00,1.00,1.00,70.0,-42,81,8.0000,0.1176,-15.00,-28.00,4383.77,-1.0281,DOWN,59.40,0.9428,1.1400
20260901 222642 373,4374.10,1,4373.90,4374.10,0.20,4373.90,1,4373.80,5,4373.70,3,4373.60,6,4373.50,7,4373.40,6,4373.30,10,4373.20,10,4373.10,12,4373.00,9,4374.10,2,4374.20,3,4374.30,6,4374.40,4,4374.50,5,4374.60,6,4374.70,14,4374.80,14,4374.90,13,4375.00,20,Buy,27,43,70,-16.00,6.00,-19.00,0.60,50.0,4373.80,4374.10,4373.50,4374.10,29,27,56,2.00,18.00,1.00,1.00,70.0,-42,81,8.0000,0.1875,-14.00,-27.00,4383.80,-1.0186,DOWN,59.40,0.9428,1.1472
20260901 222643 678,4373.90,1,4373.90,4374.10,0.20,4373.90,1,4373.80,5,4373.70,3,4373.60,6,4373.50,7,4373.40,6,4373.30,10,4373.20,10,4373.10,12,4373.00,9,4374.10,2,4374.20,3,4374.30,6,4374.40,4,4374.50,5,4374.60,7,4374.70,14,4374.80,14,4374.90,13,4375.00,20,Sell,27,44,71,-17.00,6.00,-19.00,0.60,16.7,4373.80,4374.10,4373.50,4373.90,29,27,56,2.00,18.00,1.00,1.00,70.0,-42,81,8.0000,0.1176,-15.00,-28.00,4383.78,-1.0249,DOWN,59.40,0.9428,1.1472
20260901 222643 678,4373.90,1,4373.90,4374.10,0.20,4373.90,1,4373.80,5,4373.70,3,4373.60,6,4373.50,7,4373.40,6,4373.30,10,4373.20,10,4373.10,12,4373.00,9,4374.10,2,4374.20,3,4374.30,6,4374.40,4,4374.50,5,4374.60,7,4374.70,14,4374.80,14,4374.90,13,4375.00,20,Sell,27,45,72,-18.00,6.00,-19.00,0.60,16.7,4373.80,4374.10,4373.50,4373.90,29,27,56,2.00,18.00,1.00,1.00,70.0,-42,81,8.0000,0.0556,-16.00,-29.00,4383.78,-1.0249,DOWN,59.40,0.9428,1.1472
20260901 222646 335,4374.00,1,4373.80,4374.10,0.30,4373.80,5,4373.70,4,4373.60,6,4373.50,6,4373.40,6,4373.30,10,4373.20,10,4373.10,9,4373.00,9,4372.90,8,4374.10,4,4374.20,4,4374.30,7,4374.40,5,4374.50,5,4374.60,6,4374.70,14,4374.80,14,4374.90,13,4375.00,20,Buy,28,45,73,-17.00,6.00,-19.00,0.60,33.3,4373.80,4374.10,4373.50,4374.00,29,27,56,2.00,18.00,1.00,1.00,70.0,-42,81,8.0000,0.1176,-15.00,-28.00,4383.79,-1.0218,DOWN,59.40,0.9428,1.1472
20260901 222646 472,4373.80,1,4373.80,4374.10,0.30,4373.80,6,4373.70,3,4373.60,6,4373.50,6,4373.40,6,4373.30,11,4373.20,10,4373.10,9,4373.00,9,4372.90,8,4374.10,4,4374.20,4,4374.30,7,4374.40,4,4374.50,5,4374.60,6,4374.70,14,4374.80,14,4374.90,13,4375.00,20,Sell,28,46,74,-18.00,6.00,-19.00,0.60,0.0,4373.80,4374.10,4373.50,4373.80,29,27,56,2.00,18.00,1.00,1.00,70.0,-42,81,8.0000,0.0556,-16.00,-29.00,4383.77,-1.0281,DOWN,59.40,0.9428,1.1472
20260901 222646 473,4373.90,1,4373.80,4374.10,0.30,4373.80,6,4373.70,3,4373.60,6,4373.50,6,4373.40,6,4373.30,11,4373.20,10,4373.10,9,4373.00,9,4372.90,8,4374.10,4,4374.20,4,4374.30,7,4374.40,4,4374.50,5,4374.60,6,4374.70,14,4374.80,14,4374.90,13,4375.00,20,Sell,28,47,75,-19.00,6.00,-19.00,0.60,16.7,4373.80,4374.10,4373.50,4373.90,29,27,56,2.00,18.00,1.00,1.00,70.0,-42,81,8.0000,0.0000,-17.00,-30.00,4383.78,-1.0249,DOWN,59.40,0.9428,1.1472
20260901 222646 473,4373.90,1,4373.80,4374.10,0.30,4373.80,6,4373.70,3,4373.60,6,4373.50,6,4373.40,6,4373.30,11,4373.20,10,4373.10,9,4373.00,9,4372.90,8,4374.10,4,4374.20,4,4374.30,7,4374.40,4,4374.50,5,4374.60,6,4374.70,14,4374.80,14,4374.90,13,4375.00,20,Sell,28,48,76,-20.00,6.00,-20.00,0.60,16.7,4373.80,4374.10,4373.50,4373.90,29,27,56,2.00,18.00,1.00,1.00,70.0,-42,81,8.0000,0.0000,-18.00,-31.00,4383.78,-1.0249,DOWN,59.40,0.9428,1.1472
20260901 222646 671,4374.00,1,4373.80,4374.10,0.30,4373.80,5,4373.70,3,4373.60,6,4373.50,6,4373.40,6,4373.30,10,4373.20,10,4373.10,9,4373.00,9,4372.90,8,4374.10,4,4374.20,4,4374.30,7,4374.40,5,4374.50,5,4374.60,6,4374.70,14,4374.80,14,4374.90,13,4375.00,20,Buy,29,48,77,-19.00,6.00,-20.00,0.60,33.3,4373.80,4374.10,4373.50,4374.00,29,27,56,2.00,18.00,1.00,1.00,70.0,-42,81,8.0000,0.0526,-17.00,-30.00,4383.79,-1.0218,DOWN,59.40,0.9428,1.1472
20260901 222647 758,4374.30,1,4374.30,4374.50,0.20,4374.30,2,4374.20,4,4374.10,5,4374.00,6,4373.90,6,4373.80,8,4373.70,5,4373.60,12,4373.50,13,4373.40,11,4374.50,2,4374.60,4,4374.70,4,4374.80,6,4374.90,5,4375.00,12,4375.10,13,4375.20,13,4375.30,13,4375.40,14,Buy,30,48,78,-18.00,6.00,-20.00,0.80,62.5,4373.80,4374.30,4373.50,4374.30,29,27,56,2.00,18.00,1.00,1.00,70.0,-42,81,8.0000,0.1111,-16.00,-29.00,4383.82,-1.0123,DOWN,59.40,0.9428,1.1615
20260901 222647 758,4374.40,1,4374.30,4374.50,0.20,4374.30,2,4374.20,4,4374.10,5,4374.00,6,4373.90,6,4373.80,8,4373.70,5,4373.60,12,4373.50,13,4373.40,11,4374.50,2,4374.60,4,4374.70,4,4374.80,6,4374.90,5,4375.00,12,4375.10,13,4375.20,13,4375.30,13,4375.40,14,Buy,31,48,79,-17.00,6.00,-20.00,0.90,66.7,4373.80,4374.40,4373.50,4374.40,29,27,56,2.00,18.00,1.00,1.00,70.0,-42,81,8.0000,0.1765,-15.00,-28.00,4383.83,-1.0091,DOWN,59.40,0.9428,1.1686
20260901 222647 758,4374.40,1,4374.30,4374.50,0.20,4374.30,2,4374.20,4,4374.10,5,4374.00,6,4373.90,6,4373.80,8,4373.70,5,4373.60,12,4373.50,13,4373.40,11,4374.50,2,4374.60,4,4374.70,4,4374.80,6,4374.90,5,4375.00,12,4375.10,13,4375.20,13,4375.30,13,4375.40,14,Buy,32,48,80,-16.00,6.00,-20.00,0.90,66.7,4373.80,4374.40,4373.50,4374.40,29,27,56,2.00,18.00,1.00,1.00,70.0,-42,81,8.0000,0.2500,-14.00,-27.00,4383.83,-1.0091,DOWN,59.40,0.9428,1.1686
20260901 222650 238,4374.20,1,4374.10,4374.30,0.20,4374.10,3,4374.00,5,4373.90,6,4373.80,8,4373.70,6,4373.60,12,4373.50,12,4373.40,11,4373.30,10,4373.20,10,4374.30,1,4374.40,5,4374.50,4,4374.60,5,4374.70,6,4374.80,6,4374.90,15,4375.00,22,4375.10,13,4375.20,13,Sell,32,49,81,-17.00,6.00,-20.00,0.90,44.4,4373.80,4374.40,4373.50,4374.20,29,27,56,2.00,18.00,1.00,1.00,70.0,-42,81,8.0000,0.1765,-15.00,-28.00,4383.81,-1.0154,DOWN,59.40,0.9428,1.1686
20260901 222650 810,4374.30,1,4374.10,4374.40,0.30,4374.10,2,4374.00,4,4373.90,5,4373.80,8,4373.70,6,4373.60,12,4373.50,12,4373.40,11,4373.30,10,4373.20,10,4374.40,5,4374.50,4,4374.60,5,4374.70,6,4374.80,6,4374.90,15,4375.00,22,4375.10,13,4375.20,13,4375.30,13,Buy,33,49,82,-16.00,6.00,-20.00,0.90,55.6,4373.80,4374.40,4373.50,4374.30,29,27,56,2.00,18.00,1.00,1.00,70.0,-42,81,8.0000,0.2500,-14.00,-27.00,4383.82,-1.0123,DOWN,59.40,0.9428,1.1686
20260901 222651 744,4374.10,1,4374.10,4374.30,0.20,4374.00,3,4373.90,4,4373.80,8,4373.70,6,4373.60,12,4373.50,12,4373.40,11,4373.30,10,4373.20,10,4373.10,9,4374.20,1,4374.30,3,4374.40,5,4374.50,4,4374.60,7,4374.70,5,4374.80,6,4374.90,15,4375.00,22,4375.10,13,Sell,33,50,83,-17.00,6.00,-20.00,0.90,33.3,4373.80,4374.40,4373.50,4374.10,29,27,56,2.00,18.00,1.00,1.00,70.0,-42,81,8.0000,0.1765,-15.00,-28.00,4383.80,-1.0186,DOWN,59.40,0.9428,1.1686
20260901 222654 124,4374.20,1,4374.10,4374.30,0.20,4374.10,3,4374.00,3,4373.90,4,4373.80,8,4373.70,6,4373.60,12,4373.50,12,4373.40,11,4373.30,11,4373.20,11,4374.30,3,4374.40,5,4374.50,4,4374.60,6,4374.70,5,4374.80,6,4374.90,15,4375.00,22,4375.10,13,4375.20,13,Buy,34,50,84,-16.00,6.00,-20.00,0.90,44.4,4373.80,4374.40,4373.50,4374.20,29,27,56,2.00,18.00,1.00,1.00,70.0,-42,81,8.0000,0.2500,-14.00,-27.00,4383.81,-1.0154,DOWN,59.40,0.9428,1.1686
20260901 222659 533,4374.40,1,4374.10,4374.40,0.30,4374.10,4,4374.00,6,4373.90,4,4373.80,7,4373.70,6,4373.60,12,4373.50,13,4373.40,11,4373.30,10,4373.20,11,4374.40,3,4374.50,8,4374.60,5,4374.70,5,4374.80,6,4374.90,15,4375.00,23,4375.10,13,4375.20,13,4375.30,13,Buy,35,50,85,-15.00,6.00,-20.00,0.90,66.7,4373.80,4374.40,4373.50,4374.40,29,27,56,2.00,18.00,1.00,1.00,70.0,-42,81,8.0000,0.3333,-13.00,-26.00,4383.83,-1.0091,DOWN,59.40,0.9428,1.1686
20260901 222659 533,4374.40,1,4374.10,4374.40,0.30,4374.10,4,4374.00,6,4373.90,4,4373.80,7,4373.70,6,4373.60,12,4373.50,13,4373.40,11,4373.30,10,4373.20,11,4374.40,3,4374.50,8,4374.60,5,4374.70,5,4374.80,6,4374.90,15,4375.00,23,4375.10,13,4375.20,13,4375.30,13,Buy,36,50,86,-14.00,6.00,-20.00,0.90,66.7,4373.80,4374.40,4373.50,4374.40,29,27,56,2.00,18.00,1.00,1.00,70.0,-42,81,8.0000,0.4286,-12.00,-25.00,4383.83,-1.0091,DOWN,59.40,0.9428,1.1686
20260901 222659 533,4374.40,1,4374.10,4374.40,0.30,4374.10,4,4374.00,6,4373.90,4,4373.80,7,4373.70,6,4373.60,12,4373.50,13,4373.40,11,4373.30,10,4373.20,11,4374.40,3,4374.50,8,4374.60,5,4374.70,5,4374.80,6,4374.90,15,4375.00,23,4375.10,13,4375.20,13,4375.30,13,Buy,37,50,87,-13.00,6.00,-20.00,0.90,66.7,4373.80,4374.40,4373.50,4374.40,29,27,56,2.00,18.00,1.00,1.00,70.0,-42,81,8.0000,0.5385,-11.00,-24.00,4383.83,-1.0091,DOWN,59.40,0.9428,1.1686
20260901 222659 533,4374.40,1,4374.10,4374.40,0.30,4374.10,4,4374.00,6,4373.90,4,4373.80,7,4373.70,6,4373.60,12,4373.50,13,4373.40,11,4373.30,10,4373.20,11,4374.40,3,4374.50,8,4374.60,5,4374.70,5,4374.80,6,4374.90,15,4375.00,23,4375.10,13,4375.20,13,4375.30,13,Buy,38,50,88,-12.00,6.00,-20.00,0.90,66.7,4373.80,4374.40,4373.50,4374.40,29,27,56,2.00,18.00,1.00,1.00,70.0,-42,81,8.0000,0.6667,-10.00,-23.00,4383.83,-1.0091,DOWN,59.40,0.9428,1.1686
20260901 222659 533,4374.50,1,4374.10,4374.40,0.30,4374.10,4,4374.00,6,4373.90,4,4373.80,7,4373.70,6,4373.60,12,4373.50,13,4373.40,11,4373.30,10,4373.20,11,4374.40,3,4374.50,8,4374.60,5,4374.70,5,4374.80,6,4374.90,15,4375.00,23,4375.10,13,4375.20,13,4375.30,13,Buy,39,50,89,-11.00,6.00,-20.00,1.00,70.0,4373.80,4374.50,4373.50,4374.50,29,27,56,2.00,18.00,1.00,1.00,70.0,-42,81,8.0000,0.8182,-9.00,-22.00,4383.84,-1.0059,DOWN,59.40,0.9428,1.1758
20260901 222659 533,4374.50,1,4374.10,4374.40,0.30,4374.10,4,4374.00,6,4373.90,4,4373.80,7,4373.70,6,4373.60,12,4373.50,13,4373.40,11,4373.30,10,4373.20,11,4374.40,3,4374.50,8,4374.60,5,4374.70,5,4374.80,6,4374.90,15,4375.00,23,4375.10,13,4375.20,13,4375.30,13,Buy,40,50,90,-10.00,6.00,-20.00,1.00,70.0,4373.80,4374.50,4373.50,4374.50,29,27,56,2.00,18.00,1.00,1.00,70.0,-42,81,8.0000,1.0000,-8.00,-21.00,4383.84,-1.0059,DOWN,59.40,0.9428,1.1758
20260901 222659 533,4374.50,1,4374.10,4374.40,0.30,4374.10,4,4374.00,6,4373.90,4,4373.80,7,4373.70,6,4373.60,12,4373.50,13,4373.40,11,4373.30,10,4373.20,11,4374.40,3,4374.50,8,4374.60,5,4374.70,5,4374.80,6,4374.90,15,4375.00,23,4375.10,13,4375.20,13,4375.30,13,Buy,41,50,91,-9.00,6.00,-20.00,1.00,70.0,4373.80,4374.50,4373.50,4374.50,29,27,56,2.00,18.00,1.00,1.00,70.0,-42,81,8.0000,1.2222,-7.00,-20.00,4383.84,-1.0059,DOWN,59.40,0.9428,1.1758
20260901 222659 533,4374.50,1,4374.10,4374.40,0.30,4374.10,4,4374.00,6,4373.90,4,4373.80,7,4373.70,6,4373.60,12,4373.50,13,4373.40,11,4373.30,10,4373.20,11,4374.40,3,4374.50,8,4374.60,5,4374.70,5,4374.80,6,4374.90,15,4375.00,23,4375.10,13,4375.20,13,4375.30,13,Buy,42,50,92,-8.00,6.00,-20.00,1.00,70.0,4373.80,4374.50,4373.50,4374.50,29,27,56,2.00,18.00,1.00,1.00,70.0,-42,81,8.0000,1.5000,-6.00,-19.00,4383.84,-1.0059,DOWN,59.40,0.9428,1.1758
20260901 222659 533,4374.60,1,4374.10,4374.40,0.30,4374.10,4,4374.00,6,4373.90,4,4373.80,7,4373.70,6,4373.60,12,4373.50,13,4373.40,11,4373.30,10,4373.20,11,4374.40,3,4374.50,8,4374.60,5,4374.70,5,4374.80,6,4374.90,15,4375.00,23,4375.10,13,4375.20,13,4375.30,13,Buy,43,50,93,-7.00,6.00,-20.00,1.10,72.7,4373.80,4374.60,4373.50,4374.60,29,27,56,2.00,18.00,1.00,1.00,70.0,-42,81,8.0000,1.8571,-5.00,-18.00,4383.85,-1.0027,DOWN,59.40,0.9428,1.1829
20260901 222700 205,4374.10,3,4373.90,4374.20,0.30,4373.90,4,4373.80,7,4373.70,6,4373.60,7,4373.50,13,4373.40,11,4373.30,10,4373.20,10,4373.10,9,4373.00,9,4374.20,3,4374.30,4,4374.40,6,4374.50,7,4374.60,8,4374.70,5,4374.80,16,4374.90,15,4375.00,22,4375.10,13,Sell,0,3,3,-3.00,-3.00,-3.00,0.00,0.0,4374.10,4374.10,4374.10,4374.10,43,50,93,-7.00,6.00,-20.00,1.10,72.7,27,75,1.8571,0.0000,10.00,4.00,4383.80,-1.0186,DOWN,61.80,1.5049,1.1341
20260901 222700 580,4374.20,1,4374.10,4374.30,0.20,4374.10,1,4374.00,5,4373.90,4,4373.80,7,4373.70,6,4373.60,7,4373.50,13,4373.40,11,4373.30,10,4373.20,10,4374.30,4,4374.40,6,4374.50,7,4374.60,7,4374.70,5,4374.80,16,4374.90,15,4375.00,22,4375.10,13,4375.20,13,Buy,1,3,4,-2.00,-2.00,-3.00,0.10,100.0,4374.10,4374.20,4374.10,4374.20,43,50,93,-7.00,6.00,-20.00,1.10,72.7,27,75,1.8571,0.5000,11.00,5.00,4383.81,-1.0154,DOWN,61.80,1.5049,1.1341
20260901 222705 718,4374.10,1,4373.90,4374.20,0.30,4373.90,3,4373.80,6,4373.70,6,4373.60,7,4373.50,13,4373.40,11,4373.30,10,4373.20,10,4373.10,9,4373.00,9,4374.20,4,4374.30,6,4374.40,5,4374.50,7,4374.60,8,4374.70,5,4374.80,16,4374.90,15,4375.00,22,4375.10,13,Sell,1,4,5,-3.00,-2.00,-3.00,0.10,0.0,4374.10,4374.20,4374.10,4374.10,43,50,93,-7.00,6.00,-20.00,1.10,72.7,27,75,1.8571,0.0000,10.00,4.00,4383.80,-1.0186,DOWN,61.80,1.5049,1.1341
20260901 222705 718,4374.10,1,4373.90,4374.20,0.30,4373.90,3,4373.80,6,4373.70,6,4373.60,7,4373.50,13,4373.40,11,4373.30,10,4373.20,10,4373.10,9,4373.00,9,4374.20,4,4374.30,6,4374.40,5,4374.50,7,4374.60,8,4374.70,5,4374.80,16,4374.90,15,4375.00,22,4375.10,13,Sell,1,5,6,-4.00,-2.00,-4.00,0.10,0.0,4374.10,4374.20,4374.10,4374.10,43,50,93,-7.00,6.00,-20.00,1.10,72.7,27,75,1.8571,0.0000,9.00,3.00,4383.80,-1.0186,DOWN,61.80,1.5049,1.1341
20260901 222712 921,4374.30,1,4374.20,4374.40,0.20,4374.20,4,4374.10,6,4374.00,3,4373.90,5,4373.80,6,4373.70,5,4373.60,7,4373.50,12,4373.40,11,4373.30,10,4374.40,1,4374.50,3,4374.60,7,4374.70,5,4374.80,6,4374.90,15,4375.00,22,4375.10,13,4375.20,13,4375.30,13,Buy,2,5,7,-3.00,-2.00,-4.00,0.20,100.0,4374.10,4374.30,4374.10,4374.30,43,50,93,-7.00,6.00,-20.00,1.10,72.7,27,75,1.8571,0.3333,10.00,4.00,4383.82,-1.0123,DOWN,61.80,1.5049,1.1341
20260901 222712 921,4374.30,1,4374.20,4374.40,0.20,4374.20,4,4374.10,6,4374.00,3,4373.90,5,4373.80,6,4373.70,5,4373.60,7,4373.50,12,4373.40,11,4373.30,10,4374.40,1,4374.50,3,4374.60,7,4374.70,5,4374.80,6,4374.90,15,4375.00,22,4375.10,13,4375.20,13,4375.30,13,Buy,3,5,8,-2.00,-2.00,-4.00,0.20,100.0,4374.10,4374.30,4374.10,4374.30,43,50,93,-7.00,6.00,-20.00,1.10,72.7,27,75,1.8571,1.0000,11.00,5.00,4383.82,-1.0123,DOWN,61.80,1.5049,1.1341
20260901 222712 921,4374.30,1,4374.20,4374.40,0.20,4374.20,4,4374.10,6,4374.00,3,4373.90,5,4373.80,6,4373.70,5,4373.60,7,4373.50,12,4373.40,11,4373.30,10,4374.40,1,4374.50,3,4374.60,7,4374.70,5,4374.80,6,4374.90,15,4375.00,22,4375.10,13,4375.20,13,4375.30,13,Buy,4,5,9,-1.00,-1.00,-4.00,0.20,100.0,4374.10,4374.30,4374.10,4374.30,43,50,93,-7.00,6.00,-20.00,1.10,72.7,27,75,1.8571,3.0000,12.00,6.00,4383.82,-1.0123,DOWN,61.80,1.5049,1.1341
20260901 222717 596,4374.40,1,4374.30,4374.40,0.10,4374.40,1,4374.30,5,4374.20,5,4374.10,4,4374.00,5,4373.90,12,4373.80,6,4373.70,11,4373.60,12,4373.50,12,4374.60,3,4374.70,4,4374.80,6,4374.90,5,4375.00,20,4375.10,13,4375.20,13,4375.30,13,4375.40,14,4375.50,15,Buy,5,5,10,0.00,0.00,-4.00,0.30,100.0,4374.10,4374.40,4374.10,4374.40,43,50,93,-7.00,6.00,-20.00,1.10,72.7,27,75,1.8571,0.0000,13.00,7.00,4383.83,-1.0091,DOWN,61.80,1.5049,1.1341
20260901 222718 476,4374.60,1,4374.60,4374.80,0.20,4374.60,1,4374.50,6,4374.40,6,4374.30,4,4374.20,7,4374.10,6,4374.00,5,4373.90,16,4373.80,11,4373.70,11,4374.80,3,4374.90,3,4375.00,12,4375.10,5,4375.20,13,4375.30,13,4375.40,14,4375.50,15,4375.60,14,4375.70,14,Sell,5,6,11,-1.00,0.00,-4.00,0.50,100.0,4374.10,4374.60,4374.10,4374.60,43,50,93,-7.00,6.00,-20.00,1.10,72.7,27,75,1.8571,3.0000,12.00,6.00,4383.85,-1.0027,DOWN,61.80,1.5049,1.1341
20260901 222718 625,4374.40,1,4374.20,4374.40,0.20,4374.20,5,4374.10,4,4374.00,5,4373.90,11,4373.80,6,4373.70,11,4373.60,12,4373.50,12,4373.40,11,4373.30,10,4374.40,2,4374.50,4,4374.60,4,4374.70,5,4374.80,7,4374.90,5,4375.00,12,4375.10,13,4375.20,13,4375.30,13,Buy,6,6,12,0.00,0.00,-4.00,0.50,60.0,4374.10,4374.60,4374.10,4374.40,43,50,93,-7.00,6.00,-20.00,1.10,72.7,27,75,1.8571,0.0000,13.00,7.00,4383.83,-1.0091,DOWN,61.80,1.5049,1.1341
20260901 222723 315,4374.50,1,4374.30,4374.60,0.30,4374.30,5,4374.20,5,4374.10,4,4374.00,5,4373.90,12,4373.80,6,4373.70,11,4373.60,12,4373.50,12,4373.40,11,4374.60,3,4374.70,5,4374.80,6,4374.90,5,4375.00,12,4375.10,13,4375.20,13,4375.30,13,4375.40,14,4375.50,15,Buy,7,6,13,1.00,1.00,-4.00,0.50,80.0,4374.10,4374.60,4374.10,4374.50,43,50,93,-7.00,6.00,-20.00,1.10,72.7,27,75,1.8571,0.0000,14.00,8.00,4383.84,-1.0059,DOWN,61.80,1.5049,1.1341
20260901 222724 505,4374.40,1,4374.20,4374.50,0.30,4374.20,3,4374.10,4,4374.00,3,4373.90,11,4373.80,6,4373.70,11,4373.60,12,4373.50,12,4373.40,11,4373.30,10,4374.50,3,4374.60,7,4374.70,4,4374.80,6,4374.90,5,4375.00,17,4375.10,10,4375.20,10,4375.30,10,4375.40,11,Sell,7,7,14,0.00,1.00,-4.00,0.50,60.0,4374.10,4374.60,4374.10,4374.40,43,50,93,-7.00,6.00,-20.00,1.10,72.7,27,75,1.8571,1.0000,13.00,7.00,4383.83,-1.0091,DOWN,61.80,1.5049,1.1341
20260901 222724 620,4374.50,1,4374.20,4374.50,0.30,4374.20,4,4374.10,4,4374.00,4,4373.90,11,4373.80,6,4373.70,11,4373.60,12,4373.50,12,4373.40,11,4373.30,10,4374.50,4,4374.60,5,4374.70,4,4374.80,6,4374.90,6,4375.00,17,4375.10,10,4375.20,10,4375.30,10,4375.40,11,Buy,8,7,15,1.00,1.00,-4.00,0.50,80.0,4374.10,4374.60,4374.10,4374.50,43,50,93,-7.00,6.00,-20.00,1.10,72.7,27,75,1.8571,0.0000,14.00,8.00,4383.84,-1.0059,DOWN,61.80,1.5049,1.1341
20260901 222724 620,4374.50,1,4374.20,4374.50,0.30,4374.20,4,4374.10,4,4374.00,4,4373.90,11,4373.80,6,4373.70,11,4373.60,12,4373.50,12,4373.40,11,4373.30,10,4374.50,4,4374.60,5,4374.70,4,4374.80,6,4374.90,6,4375.00,17,4375.10,10,4375.20,10,4375.30,10,4375.40,11,Buy,9,7,16,2.00,2.00,-4.00,0.50,80.0,4374.10,4374.60,4374.10,4374.50,43,50,93,-7.00,6.00,-20.00,1.10,72.7,27,75,1.8571,0.0000,15.00,9.00,4383.84,-1.0059,DOWN,61.80,1.5049,1.1341
20260901 222724 620,4374.50,1,4374.20,4374.50,0.30,4374.20,4,4374.10,4,4374.00,4,4373.90,11,4373.80,6,4373.70,11,4373.60,12,4373.50,12,4373.40,11,4373.30,10,4374.50,4,4374.60,5,4374.70,4,4374.80,6,4374.90,6,4375.00,17,4375.10,10,4375.20,10,4375.30,10,4375.40,11,Buy,10,7,17,3.00,3.00,-4.00,0.50,80.0,4374.10,4374.60,4374.10,4374.50,43,50,93,-7.00,6.00,-20.00,1.10,72.7,27,75,1.8571,0.0000,16.00,10.00,4383.84,-1.0059,DOWN,61.80,1.5049,1.1341
20260901 222724 620,4374.60,1,4374.20,4374.50,0.30,4374.20,4,4374.10,4,4374.00,4,4373.90,11,4373.80,6,4373.70,11,4373.60,12,4373.50,12,4373.40,11,4373.30,10,4374.50,4,4374.60,5,4374.70,4,4374.80,6,4374.90,6,4375.00,17,4375.10,10,4375.20,10,4375.30,10,4375.40,11,Buy,11,7,18,4.00,4.00,-4.00,0.50,100.0,4374.10,4374.60,4374.10,4374.60,43,50,93,-7.00,6.00,-20.00,1.10,72.7,27,75,1.8571,0.0000,17.00,11.00,4383.85,-1.0027,DOWN,61.80,1.5049,1.1341
20260901 222726 108,4374.60,1,4374.40,4374.60,0.20,4374.50,1,4374.40,4,4374.30,3,4374.20,4,4374.10,4,4374.00,5,4373.90,11,4373.80,11,4373.70,11,4373.60,12,4374.70,3,4374.80,4,4374.90,5,4375.00,12,4375.10,5,4375.20,10,4375.30,10,4375.40,11,4375.50,12,4375.60,11,Buy,12,7,19,5.00,5.00,-4.00,0.50,100.0,4374.10,4374.60,4374.10,4374.60,43,50,93,-7.00,6.00,-20.00,1.10,72.7,27,75,1.8571,0.0000,18.00,12.00,4383.85,-1.0027,DOWN,61.80,1.5049,1.1341
20260901 222726 108,4374.60,1,4374.40,4374.60,0.20,4374.50,1,4374.40,4,4374.30,3,4374.20,4,4374.10,4,4374.00,5,4373.90,11,4373.80,11,4373.70,11,4373.60,12,4374.70,3,4374.80,4,4374.90,5,4375.00,12,4375.10,5,4375.20,10,4375.30,10,4375.40,11,4375.50,12,4375.60,11,Buy,13,7,20,6.00,6.00,-4.00,0.50,100.0,4374.10,4374.60,4374.10,4374.60,43,50,93,-7.00,6.00,-20.00,1.10,72.7,27,75,1.8571,0.0000,19.00,13.00,4383.85,-1.0027,DOWN,61.80,1.5049,1.1341
20260901 222726 108,4374.60,1,4374.40,4374.60,0.20,4374.50,1,4374.40,4,4374.30,3,4374.20,4,4374.10,4,4374.00,5,4373.90,11,4373.80,11,4373.70,11,4373.60,12,4374.70,3,4374.80,4,4374.90,5,4375.00,12,4375.10,5,4375.20,10,4375.30,10,4375.40,11,4375.50,12,4375.60,11,Buy,14,7,21,7.00,7.00,-4.00,0.50,100.0,4374.10,4374.60,4374.10,4374.60,43,50,93,-7.00,6.00,-20.00,1.10,72.7,27,75,1.8571,0.0000,20.00,14.00,4383.85,-1.0027,DOWN,61.80,1.5049,1.1341
20260901 222726 108,4374.60,1,4374.40,4374.60,0.20,4374.50,1,4374.40,4,4374.30,3,4374.20,4,4374.10,4,4374.00,5,4373.90,11,4373.80,11,4373.70,11,4373.60,12,4374.70,3,4374.80,4,4374.90,5,4375.00,12,4375.10,5,4375.20,10,4375.30,10,4375.40,11,4375.50,12,4375.60,11,Buy,15,7,22,8.00,8.00,-4.00,0.50,100.0,4374.10,4374.60,4374.10,4374.60,43,50,93,-7.00,6.00,-20.00,1.10,72.7,27,75,1.8571,0.0000,21.00,15.00,4383.85,-1.0027,DOWN,61.80,1.5049,1.1341
20260901 222729 032,4374.60,1,4374.40,4374.60,0.20,4374.40,3,4374.30,6,4374.20,4,4374.10,4,4374.00,6,4373.90,11,4373.80,11,4373.70,11,4373.60,12,4373.50,12,4374.60,1,4374.70,4,4374.80,4,4374.90,5,4375.00,12,4375.10,5,4375.20,14,4375.30,14,4375.40,15,4375.50,17,Buy,16,7,23,9.00,9.00,-4.00,0.50,100.0,4374.10,4374.60,4374.10,4374.60,43,50,93,-7.00,6.00,-20.00,1.10,72.7,27,75,1.8571,0.0000,22.00,16.00,4383.85,-1.0027,DOWN,61.80,1.5049,1.1341
20260901 222729 549,4374.60,1,4374.40,4374.70,0.30,4374.40,3,4374.30,6,4374.20,4,4374.10,4,4374.00,5,4373.90,11,4373.80,11,4373.70,12,4373.60,12,4373.50,12,4374.70,4,4374.80,4,4374.90,5,4375.00,12,4375.10,5,4375.20,14,4375.30,14,4375.40,15,4375.50,16,4375.60,16,Buy,17,7,24,10.00,10.00,-4.00,0.50,100.0,4374.10,4374.60,4374.10,4374.60,43,50,93,-7.00,6.00,-20.00,1.10,72.7,27,75,1.8571,0.0000,23.00,17.00,4383.85,-1.0027,DOWN,61.80,1.5049,1.1341
20260901 222732 244,4374.70,1,4374.50,4374.70,0.20,4374.50,3,4374.40,3,4374.30,7,4374.20,4,4374.10,4,4374.00,5,4373.90,11,4373.80,11,4373.70,11,4373.60,12,4374.70,2,4374.80,4,4374.90,4,4375.00,12,4375.10,5,4375.20,14,4375.30,14,4375.40,15,4375.50,16,4375.60,15,Buy,18,7,25,11.00,11.00,-4.00,0.60,100.0,4374.10,4374.70,4374.10,4374.70,43,50,93,-7.00,6.00,-20.00,1.10,72.7,27,75,1.8571,0.0000,24.00,18.00,4383.86,-0.9996,DOWN,61.80,1.5049,1.1413
20260901 222732 244,4374.70,1,4374.50,4374.70,0.20,4374.50,3,4374.40,3,4374.30,7,4374.20,4,4374.10,4,4374.00,5,4373.90,11,4373.80,11,4373.70,11,4373.60,12,4374.70,2,4374.80,4,4374.90,4,4375.00,12,4375.10,5,4375.20,14,4375.30,14,4375.40,15,4375.50,16,4375.60,15,Buy,19,7,26,12.00,12.00,-4.00,0.60,100.0,4374.10,4374.70,4374.10,4374.70,43,50,93,-7.00,6.00,-20.00,1.10,72.7,27,75,1.8571,0.0000,25.00,19.00,4383.86,-0.9996,DOWN,61.80,1.5049,1.1413
20260901 222734 905,4374.60,1,4374.60,4374.80,0.20,4374.60,1,4374.50,2,4374.40,3,4374.30,7,4374.20,5,4374.10,3,4374.00,5,4373.90,16,4373.80,11,4373.70,12,4374.80,4,4374.90,3,4375.00,11,4375.10,5,4375.20,14,4375.30,14,4375.40,15,4375.50,16,4375.60,15,4375.70,15,Sell,19,8,27,11.00,12.00,-4.00,0.60,83.3,4374.10,4374.70,4374.10,4374.60,43,50,93,-7.00,6.00,-20.00,1.10,72.7,27,75,1.8571,0.0909,24.00,18.00,4383.85,-1.0027,DOWN,61.80,1.5049,1.1413
20260901 222735 501,4374.70,2,4374.40,4374.60,0.20,4374.40,1,4374.30,6,4374.20,5,4374.10,2,4374.00,5,4373.90,10,4373.80,11,4373.70,11,4373.60,12,4373.50,12,4374.60,3,4374.70,5,4374.80,5,4374.90,4,4375.00,12,4375.10,5,4375.20,14,4375.30,14,4375.40,15,4375.50,16,Sell,19,10,29,9.00,12.00,-4.00,0.60,100.0,4374.10,4374.70,4374.10,4374.70,43,50,93,-7.00,6.00,-20.00,1.10,72.7,27,75,1.8571,0.3333,22.00,16.00,4383.86,-0.9996,DOWN,61.80,1.5049,1.1413
20260901 222735 502,4374.60,1,4374.40,4374.60,0.20,4374.40,1,4374.30,6,4374.20,5,4374.10,2,4374.00,5,4373.90,10,4373.80,11,4373.70,11,4373.60,12,4373.50,12,4374.60,3,4374.70,5,4374.80,5,4374.90,4,4375.00,12,4375.10,5,4375.20,14,4375.30,14,4375.40,15,4375.50,16,Sell,19,11,30,8.00,12.00,-4.00,0.60,83.3,4374.10,4374.70,4374.10,4374.60,43,50,93,-7.00,6.00,-20.00,1.10,72.7,27,75,1.8571,0.5000,21.00,15.00,4383.85,-1.0027,DOWN,61.80,1.5049,1.1413
20260901 222736 604,4374.40,1,4374.30,4374.50,0.20,4374.30,3,4374.20,5,4374.10,3,4374.00,5,4373.90,10,4373.80,11,4373.70,11,4373.60,12,4373.50,12,4373.40,11,4374.50,1,4374.60,3,4374.70,5,4374.80,5,4374.90,4,4375.00,11,4375.10,5,4375.20,15,4375.30,14,4375.40,15,Sell,19,12,31,7.00,12.00,-4.00,0.60,50.0,4374.10,4374.70,4374.10,4374.40,43,50,93,-7.00,6.00,-20.00,1.10,72.7,27,75,1.8571,0.7143,20.00,14.00,4383.83,-1.0091,DOWN,61.80,1.5049,1.1413
20260901 222736 604,4374.30,1,4374.30,4374.50,0.20,4374.30,3,4374.20,5,4374.10,3,4374.00,5,4373.90,10,4373.80,11,4373.70,11,4373.60,12,4373.50,12,4373.40,11,4374.50,1,4374.60,3,4374.70,5,4374.80,5,4374.90,4,4375.00,11,4375.10,5,4375.20,15,4375.30,14,4375.40,15,Sell,19,13,32,6.00,12.00,-4.00,0.60,33.3,4374.10,4374.70,4374.10,4374.30,43,50,93,-7.00,6.00,-20.00,1.10,72.7,27,75,1.8571,1.0000,19.00,13.00,4383.82,-1.0123,DOWN,61.80,1.5049,1.1413
20260901 222736 604,4374.30,1,4374.30,4374.50,0.20,4374.30,3,4374.20,5,4374.10,3,4374.00,5,4373.90,10,4373.80,11,4373.70,11,4373.60,12,4373.50,12,4373.40,11,4374.50,1,4374.60,3,4374.70,5,4374.80,5,4374.90,4,4375.00,11,4375.10,5,4375.20,15,4375.30,14,4375.40,15,Sell,19,14,33,5.00,12.00,-4.00,0.60,33.3,4374.10,4374.70,4374.10,4374.30,43,50,93,-7.00,6.00,-20.00,1.10,72.7,27,75,1.8571,1.4000,18.00,12.00,4383.82,-1.0123,DOWN,61.80,1.5049,1.1413
20260901 222736 604,4374.30,1,4374.30,4374.50,0.20,4374.30,3,4374.20,5,4374.10,3,4374.00,5,4373.90,10,4373.80,11,4373.70,11,4373.60,12,4373.50,12,4373.40,11,4374.50,1,4374.60,3,4374.70,5,4374.80,5,4374.90,4,4375.00,11,4375.10,5,4375.20,15,4375.30,14,4375.40,15,Sell,19,15,34,4.00,12.00,-4.00,0.60,33.3,4374.10,4374.70,4374.10,4374.30,43,50,93,-7.00,6.00,-20.00,1.10,72.7,27,75,1.8571,2.0000,17.00,11.00,4383.82,-1.0123,DOWN,61.80,1.5049,1.1413
20260901 222736 604,4374.30,1,4374.30,4374.50,0.20,4374.30,3,4374.20,5,4374.10,3,4374.00,5,4373.90,10,4373.80,11,4373.70,11,4373.60,12,4373.50,12,4373.40,11,4374.50,1,4374.60,3,4374.70,5,4374.80,5,4374.90,4,4375.00,11,4375.10,5,4375.20,15,4375.30,14,4375.40,15,Sell,19,16,35,3.00,12.00,-4.00,0.60,33.3,4374.10,4374.70,4374.10,4374.30,43,50,93,-7.00,6.00,-20.00,1.10,72.7,27,75,1.8571,3.0000,16.00,10.00,4383.82,-1.0123,DOWN,61.80,1.5049,1.1413
20260901 222740 797,4374.50,1,4374.30,4374.50,0.20,4374.30,7,4374.20,4,4374.10,3,4374.00,5,4373.90,10,4373.80,11,4373.70,11,4373.60,12,4373.50,12,4373.40,11,4374.50,1,4374.60,3,4374.70,5,4374.80,6,4374.90,5,4375.00,11,4375.10,5,4375.20,14,4375.30,14,4375.40,15,Buy,20,16,36,4.00,12.00,-4.00,0.60,66.7,4374.10,4374.70,4374.10,4374.50,43,50,93,-7.00,6.00,-20.00,1.10,72.7,27,75,1.8571,2.0000,17.00,11.00,4383.84,-1.0059,DOWN,61.80,1.5049,1.1413
20260901 222746 211,4374.40,1,4374.20,4374.40,0.20,4374.20,1,4374.10,3,4374.00,3,4373.90,5,4373.80,6,4373.70,11,4373.60,12,4373.50,12,4373.40,11,4373.30,10,4374.40,3,4374.50,4,4374.60,5,4374.70,6,4374.80,7,4374.90,5,4375.00,21,4375.10,14,4375.20,14,4375.30,14,Buy,21,16,37,5.00,12.00,-4.00,0.60,50.0,4374.10,4374.70,4374.10,4374.40,43,50,93,-7.00,6.00,-20.00,1.10,72.7,27,75,1.8571,1.4000,18.00,12.00,4383.83,-1.0091,DOWN,61.80,1.5049,1.1413
20260901 222746 211,4374.40,1,4374.20,4374.40,0.20,4374.20,1,4374.10,3,4374.00,3,4373.90,5,4373.80,6,4373.70,11,4373.60,12,4373.50,12,4373.40,11,4373.30,10,4374.40,3,4374.50,4,4374.60,5,4374.70,6,4374.80,7,4374.90,5,4375.00,21,4375.10,14,4375.20,14,4375.30,14,Buy,22,16,38,6.00,12.00,-4.00,0.60,50.0,4374.10,4374.70,4374.10,4374.40,43,50,93,-7.00,6.00,-20.00,1.10,72.7,27,75,1.8571,1.0000,19.00,13.00,4383.83,-1.0091,DOWN,61.80,1.5049,1.1413
20260901 222746 211,4374.40,1,4374.20,4374.40,0.20,4374.20,1,4374.10,3,4374.00,3,4373.90,5,4373.80,6,4373.70,11,4373.60,12,4373.50,12,4373.40,11,4373.30,10,4374.40,3,4374.50,4,4374.60,5,4374.70,6,4374.80,7,4374.90,5,4375.00,21,4375.10,14,4375.20,14,4375.30,14,Buy,23,16,39,7.00,12.00,-4.00,0.60,50.0,4374.10,4374.70,4374.10,4374.40,43,50,93,-7.00,6.00,-20.00,1.10,72.7,27,75,1.8571,0.7143,20.00,14.00,4383.83,-1.0091,DOWN,61.80,1.5049,1.1413
20260901 222747 161,4374.20,1,4374.20,4374.40,0.20,4374.10,3,4374.00,3,4373.90,5,4373.80,6,4373.70,11,4373.60,12,4373.50,12,4373.40,11,4373.30,10,4373.20,11,4374.40,3,4374.50,4,4374.60,5,4374.70,7,4374.80,7,4374.90,5,4375.00,21,4375.10,14,4375.20,14,4375.30,14,Sell,23,17,40,6.00,12.00,-4.00,0.60,16.7,4374.10,4374.70,4374.10,4374.20,43,50,93,-7.00,6.00,-20.00,1.10,72.7,27,75,1.8571,1.0000,19.00,13.00,4383.81,-1.0154,DOWN,61.80,1.5049,1.1413
20260901 222747 271,4374.20,1,4374.10,4374.30,0.20,4374.10,1,4374.00,3,4373.90,4,4373.80,6,4373.70,6,4373.60,7,4373.50,12,4373.40,11,4373.30,10,4373.20,11,4374.30,3,4374.40,6,4374.50,4,4374.60,6,4374.70,6,4374.80,7,4374.90,15,4375.00,21,4375.10,14,4375.20,14,Sell,23,18,41,5.00,12.00,-4.00,0.60,16.7,4374.10,4374.70,4374.10,4374.20,43,50,93,-7.00,6.00,-20.00,1.10,72.7,27,75,1.8571,1.4000,18.00,12.00,4383.81,-1.0154,DOWN,61.80,1.5049,1.1413
20260901 222747 272,4374.20,1,4374.10,4374.30,0.20,4374.10,1,4374.00,3,4373.90,4,4373.80,6,4373.70,6,4373.60,7,4373.50,12,4373.40,11,4373.30,10,4373.20,11,4374.30,3,4374.40,6,4374.50,4,4374.60,6,4374.70,6,4374.80,7,4374.90,15,4375.00,21,4375.10,14,4375.20,14,Sell,23,19,42,4.00,12.00,-4.00,0.60,16.7,4374.10,4374.70,4374.10,4374.20,43,50,93,-7.00,6.00,-20.00,1.10,72.7,27,75,1.8571,2.0000,17.00,11.00,4383.81,-1.0154,DOWN,61.80,1.5049,1.1413
20260901 222750 806,4374.10,1,4374.10,4374.20,0.10,4374.10,1,4374.00,3,4373.90,4,4373.80,6,4373.70,6,4373.60,7,4373.50,12,4373.40,11,4373.30,10,4373.20,11,4374.20,1,4374.30,4,4374.40,6,4374.50,4,4374.60,7,4374.70,6,4374.80,7,4374.90,14,4375.00,21,4375.10,14,Sell,23,20,43,3.00,12.00,-4.00,0.60,0.0,4374.10,4374.70,4374.10,4374.10,43,50,93,-7.00,6.00,-20.00,1.10,72.7,27,75,1.8571,3.0000,16.00,10.00,4383.80,-1.0186,DOWN,61.80,1.5049,1.1413
20260901 222752 418,4374.10,1,4373.90,4374.10,0.20,4373.90,2,4373.80,4,4373.70,5,4373.60,7,4373.50,7,4373.40,11,4373.30,10,4373.20,11,4373.10,9,4373.00,9,4374.10,1,4374.20,5,4374.30,3,4374.40,7,4374.50,5,4374.60,7,4374.70,6,4374.80,16,4374.90,14,4375.00,21,Buy,24,20,44,4.00,12.00,-4.00,0.60,0.0,4374.10,4374.70,4374.10,4374.10,43,50,93,-7.00,6.00,-20.00,1.10,72.7,27,75,1.8571,2.0000,17.00,11.00,4383.80,-1.0186,DOWN,61.80,1.5049,1.1413
20260901 222752 418,4374.10,1,4373.90,4374.10,0.20,4373.90,2,4373.80,4,4373.70,5,4373.60,7,4373.50,7,4373.40,11,4373.30,10,4373.20,11,4373.10,9,4373.00,9,4374.10,1,4374.20,5,4374.30,3,4374.40,7,4374.50,5,4374.60,7,4374.70,6,4374.80,16,4374.90,14,4375.00,21,Buy,25,20,45,5.00,12.00,-4.00,0.60,0.0,4374.10,4374.70,4374.10,4374.10,43,50,93,-7.00,6.00,-20.00,1.10,72.7,27,75,1.8571,1.4000,18.00,12.00,4383.80,-1.0186,DOWN,61.80,1.5049,1.1413
20260901 222752 418,4374.10,1,4373.90,4374.10,0.20,4373.90,2,4373.80,4,4373.70,5,4373.60,7,4373.50,7,4373.40,11,4373.30,10,4373.20,11,4373.10,9,4373.00,9,4374.10,1,4374.20,5,4374.30,3,4374.40,7,4374.50,5,4374.60,7,4374.70,6,4374.80,16,4374.90,14,4375.00,21,Buy,26,20,46,6.00,12.00,-4.00,0.60,0.0,4374.10,4374.70,4374.10,4374.10,43,50,93,-7.00,6.00,-20.00,1.10,72.7,27,75,1.8571,1.0000,19.00,13.00,4383.80,-1.0186,DOWN,61.80,1.5049,1.1413
20260901 222752 418,4374.20,1,4373.90,4374.10,0.20,4373.90,2,4373.80,4,4373.70,5,4373.60,7,4373.50,7,4373.40,11,4373.30,10,4373.20,11,4373.10,9,4373.00,9,4374.10,1,4374.20,5,4374.30,3,4374.40,7,4374.50,5,4374.60,7,4374.70,6,4374.80,16,4374.90,14,4375.00,21,Buy,27,20,47,7.00,12.00,-4.00,0.60,16.7,4374.10,4374.70,4374.10,4374.20,43,50,93,-7.00,6.00,-20.00,1.10,72.7,27,75,1.8571,0.7143,20.00,14.00,4383.81,-1.0154,DOWN,61.80,1.5049,1.1413
20260901 222753 265,4374.00,1,4374.00,4374.20,0.20,4374.00,1,4373.90,7,4373.80,4,4373.70,4,4373.60,7,4373.50,7,4373.40,6,4373.30,10,4373.20,11,4373.10,9,4374.20,2,4374.30,4,4374.40,7,4374.50,5,4374.60,7,4374.70,6,4374.80,12,4374.90,10,4375.00,17,4375.10,10,Sell,27,21,48,6.00,12.00,-4.00,0.70,14.3,4374.10,4374.70,4374.00,4374.00,43,50,93,-7.00,6.00,-20.00,1.10,72.7,27,75,1.8571,1.0000,19.00,13.00,4383.79,-1.0218,DOWN,61.80,1.5049,1.1484
20260901 222802 536,4373.90,1,4373.90,4374.10,0.20,4373.80,4,4373.70,5,4373.60,8,4373.50,7,4373.40,6,4373.30,10,4373.20,11,4373.10,9,4373.00,9,4372.90,8,4374.10,3,4374.20,3,4374.30,4,4374.40,7,4374.50,5,4374.60,8,4374.70,6,4374.80,12,4374.90,10,4375.00,17,Sell,0,1,1,-1.00,-1.00,-1.00,0.00,0.0,4373.90,4373.90,4373.90,4373.90,27,21,48,6.00,12.00,-4.00,0.70,14.3,-18,63,1.0000,0.0000,-11.00,33.00,4383.78,-1.0249,DOWN,61.90,0.7754,1.0735
20260901 222802 536,4373.80,1,4373.90,4374.10,0.20,4373.80,4,4373.70,5,4373.60,8,4373.50,7,4373.40,6,4373.30,10,4373.20,11,4373.10,9,4373.00,9,4372.90,8,4374.10,3,4374.20,3,4374.30,4,4374.40,7,4374.50,5,4374.60,8,4374.70,6,4374.80,12,4374.90,10,4375.00,17,Sell,0,2,2,-2.00,-1.00,-2.00,0.10,100.0,4373.90,4373.90,4373.80,4373.80,27,21,48,6.00,12.00,-4.00,0.70,14.3,-18,63,1.0000,0.0000,-12.00,32.00,4383.77,-1.0281,DOWN,61.90,0.7754,1.0807
20260901 222807 150,4373.90,1,4373.90,4374.20,0.30,4373.90,3,4373.80,4,4373.70,5,4373.60,5,4373.50,7,4373.40,6,4373.30,5,4373.20,11,4373.10,9,4373.00,9,4374.20,3,4374.30,4,4374.40,8,4374.50,6,4374.60,7,4374.70,7,4374.80,15,4374.90,11,4375.00,17,4375.10,10,Buy,1,2,3,-1.00,-1.00,-2.00,0.10,0.0,4373.90,4373.90,4373.80,4373.90,27,21,48,6.00,12.00,-4.00,0.70,14.3,-18,63,1.0000,1.0000,-11.00,33.00,4383.78,-1.0249,DOWN,61.90,0.7754,1.0807
20260901 222807 150,4373.90,1,4373.90,4374.20,0.30,4373.90,3,4373.80,4,4373.70,5,4373.60,5,4373.50,7,4373.40,6,4373.30,5,4373.20,11,4373.10,9,4373.00,9,4374.20,3,4374.30,4,4374.40,8,4374.50,6,4374.60,7,4374.70,7,4374.80,15,4374.90,11,4375.00,17,4375.10,10,Buy,2,2,4,0.00,0.00,-2.00,0.10,0.0,4373.90,4373.90,4373.80,4373.90,27,21,48,6.00,12.00,-4.00,0.70,14.3,-18,63,1.0000,0.0000,-10.00,34.00,4383.78,-1.0249,DOWN,61.90,0.7754,1.0807
20260901 222807 150,4374.00,1,4373.90,4374.20,0.30,4373.90,3,4373.80,4,4373.70,5,4373.60,5,4373.50,7,4373.40,6,4373.30,5,4373.20,11,4373.10,9,4373.00,9,4374.20,3,4374.30,4,4374.40,8,4374.50,6,4374.60,7,4374.70,7,4374.80,15,4374.90,11,4375.00,17,4375.10,10,Buy,3,2,5,1.00,1.00,-2.00,0.20,50.0,4373.90,4374.00,4373.80,4374.00,27,21,48,6.00,12.00,-4.00,0.70,14.3,-18,63,1.0000,0.0000,-9.00,35.00,4383.79,-1.0218,DOWN,61.90,0.7754,1.0807
20260901 222807 150,4374.00,1,4373.90,4374.20,0.30,4373.90,3,4373.80,4,4373.70,5,4373.60,5,4373.50,7,4373.40,6,4373.30,5,4373.20,11,4373.10,9,4373.00,9,4374.20,3,4374.30,4,4374.40,8,4374.50,6,4374.60,7,4374.70,7,4374.80,15,4374.90,11,4375.00,17,4375.10,10,Buy,4,2,6,2.00,2.00,-2.00,0.20,50.0,4373.90,4374.00,4373.80,4374.00,27,21,48,6.00,12.00,-4.00,0.70,14.3,-18,63,1.0000,0.0000,-8.00,36.00,4383.79,-1.0218,DOWN,61.90,0.7754,1.0807
20260901 222807 229,4374.10,1,4373.90,4374.20,0.30,4373.90,3,4373.80,4,4373.70,5,4373.60,5,4373.50,7,4373.40,6,4373.30,5,4373.20,11,4373.10,9,4373.00,9,4374.20,3,4374.30,4,4374.40,8,4374.50,6,4374.60,7,4374.70,7,4374.80,15,4374.90,11,4375.00,17,4375.10,10,Buy,5,2,7,3.00,3.00,-2.00,0.30,66.7,4373.90,4374.10,4373.80,4374.10,27,21,48,6.00,12.00,-4.00,0.70,14.3,-18,63,1.0000,0.0000,-7.00,37.00,4383.80,-1.0186,DOWN,61.90,0.7754,1.0878
20260901 222812 148,4373.90,1,4373.80,4374.00,0.20,4373.80,4,4373.70,4,4373.60,5,4373.50,6,4373.40,6,4373.30,10,4373.20,11,4373.10,9,4373.00,9,4372.90,8,4374.00,1,4374.10,3,4374.20,4,4374.30,4,4374.40,8,4374.50,6,4374.60,8,4374.70,7,4374.80,15,4374.90,11,Sell,5,3,8,2.00,3.00,-2.00,0.30,0.0,4373.90,4374.10,4373.80,4373.90,27,21,48,6.00,12.00,-4.00,0.70,14.3,-18,63,1.0000,0.5000,-8.00,36.00,4383.78,-1.0249,DOWN,61.90,0.7754,1.0878
20260901 222833 899,4374.10,1,4374.20,4374.50,0.30,4374.20,4,4374.10,10,4374.00,5,4373.90,7,4373.80,9,4373.70,11,4373.60,11,4373.50,12,4373.40,11,4373.30,10,4374.50,4,4374.60,6,4374.70,5,4374.80,6,4374.90,7,4375.00,11,4375.10,4,4375.20,15,4375.30,15,4375.40,14,Buy,6,3,9,3.00,3.00,-2.00,0.30,66.7,4373.90,4374.10,4373.80,4374.10,27,21,48,6.00,12.00,-4.00,0.70,14.3,-18,63,1.0000,0.0000,-7.00,37.00,4383.80,-1.0186,DOWN,61.90,0.7754,1.0878
20260901 222833 899,4374.20,1,4374.20,4374.50,0.30,4374.20,4,4374.10,10,4374.00,5,4373.90,7,4373.80,9,4373.70,11,4373.60,11,4373.50,12,4373.40,11,4373.30,10,4374.50,4,4374.60,6,4374.70,5,4374.80,6,4374.90,7,4375.00,11,4375.10,4,4375.20,15,4375.30,15,4375.40,14,Buy,7,3,10,4.00,4.00,-2.00,0.40,75.0,4373.90,4374.20,4373.80,4374.20,27,21,48,6.00,12.00,-4.00,0.70,14.3,-18,63,1.0000,0.0000,-6.00,38.00,4383.81,-1.0154,DOWN,61.90,0.7754,1.0949
20260901 222833 899,4374.20,1,4374.20,4374.50,0.30,4374.20,4,4374.10,10,4374.00,5,4373.90,7,4373.80,9,4373.70,11,4373.60,11,4373.50,12,4373.40,11,4373.30,10,4374.50,4,4374.60,6,4374.70,5,4374.80,6,4374.90,7,4375.00,11,4375.10,4,4375.20,15,4375.30,15,4375.40,14,Buy,8,3,11,5.00,5.00,-2.00,0.40,75.0,4373.90,4374.20,4373.80,4374.20,27,21,48,6.00,12.00,-4.00,0.70,14.3,-18,63,1.0000,0.0000,-5.00,39.00,4383.81,-1.0154,DOWN,61.90,0.7754,1.0949
20260901 222833 899,4374.30,1,4374.20,4374.50,0.30,4374.20,4,4374.10,10,4374.00,5,4373.90,7,4373.80,9,4373.70,11,4373.60,11,4373.50,12,4373.40,11,4373.30,10,4374.50,4,4374.60,6,4374.70,5,4374.80,6,4374.90,7,4375.00,11,4375.10,4,4375.20,15,4375.30,15,4375.40,14,Buy,9,3,12,6.00,6.00,-2.00,0.50,80.0,4373.90,4374.30,4373.80,4374.30,27,21,48,6.00,12.00,-4.00,0.70,14.3,-18,63,1.0000,0.0000,-4.00,40.00,4383.82,-1.0123,DOWN,61.90,0.7754,1.1021
20260901 222833 900,4374.40,1,4374.20,4374.50,0.30,4374.20,4,4374.10,10,4374.00,5,4373.90,7,4373.80,9,4373.70,11,4373.60,11,4373.50,12,4373.40,11,4373.30,10,4374.50,4,4374.60,6,4374.70,5,4374.80,6,4374.90,7,4375.00,11,4375.10,4,4375.20,15,4375.30,15,4375.40,14,Buy,10,3,13,7.00,7.00,-2.00,0.60,83.3,4373.90,4374.40,4373.80,4374.40,27,21,48,6.00,12.00,-4.00,0.70,14.3,-18,63,1.0000,0.0000,-3.00,41.00,4383.83,-1.0091,DOWN,61.90,0.7754,1.1092
20260901 222833 900,4374.40,1,4374.20,4374.50,0.30,4374.20,4,4374.10,10,4374.00,5,4373.90,7,4373.80,9,4373.70,11,4373.60,11,4373.50,12,4373.40,11,4373.30,10,4374.50,4,4374.60,6,4374.70,5,4374.80,6,4374.90,7,4375.00,11,4375.10,4,4375.20,15,4375.30,15,4375.40,14,Buy,11,3,14,8.00,8.00,-2.00,0.60,83.3,4373.90,4374.40,4373.80,4374.40,27,21,48,6.00,12.00,-4.00,0.70,14.3,-18,63,1.0000,0.0000,-2.00,42.00,4383.83,-1.0091,DOWN,61.90,0.7754,1.1092
20260901 222833 900,4374.40,1,4374.20,4374.50,0.30,4374.20,4,4374.10,10,4374.00,5,4373.90,7,4373.80,9,4373.70,11,4373.60,11,4373.50,12,4373.40,11,4373.30,10,4374.50,4,4374.60,6,4374.70,5,4374.80,6,4374.90,7,4375.00,11,4375.10,4,4375.20,15,4375.30,15,4375.40,14,Buy,12,3,15,9.00,9.00,-2.00,0.60,83.3,4373.90,4374.40,4373.80,4374.40,27,21,48,6.00,12.00,-4.00,0.70,14.3,-18,63,1.0000,0.0000,-1.00,43.00,4383.83,-1.0091,DOWN,61.90,0.7754,1.1092
20260901 222833 900,4374.40,1,4374.20,4374.50,0.30,4374.20,4,4374.10,10,4374.00,5,4373.90,7,4373.80,9,4373.70,11,4373.60,11,4373.50,12,4373.40,11,4373.30,10,4374.50,4,4374.60,6,4374.70,5,4374.80,6,4374.90,7,4375.00,11,4375.10,4,4375.20,15,4375.30,15,4375.40,14,Buy,13,3,16,10.00,10.00,-2.00,0.60,83.3,4373.90,4374.40,4373.80,4374.40,27,21,48,6.00,12.00,-4.00,0.70,14.3,-18,63,1.0000,0.0000,0.00,44.00,4383.83,-1.0091,DOWN,61.90,0.7754,1.1092
20260901 222833 900,4374.50,1,4374.20,4374.50,0.30,4374.20,4,4374.10,10,4374.00,5,4373.90,7,4373.80,9,4373.70,11,4373.60,11,4373.50,12,4373.40,11,4373.30,10,4374.50,4,4374.60,6,4374.70,5,4374.80,6,4374.90,7,4375.00,11,4375.10,4,4375.20,15,4375.30,15,4375.40,14,Buy,14,3,17,11.00,11.00,-2.00,0.70,85.7,4373.90,4374.50,4373.80,4374.50,27,21,48,6.00,12.00,-4.00,0.70,14.3,-18,63,1.0000,0.0000,1.00,45.00,4383.84,-1.0059,DOWN,61.90,0.7754,1.1164
20260901 222833 900,4374.50,1,4374.20,4374.50,0.30,4374.20,4,4374.10,10,4374.00,5,4373.90,7,4373.80,9,4373.70,11,4373.60,11,4373.50,12,4373.40,11,4373.30,10,4374.50,4,4374.60,6,4374.70,5,4374.80,6,4374.90,7,4375.00,11,4375.10,4,4375.20,15,4375.30,15,4375.40,14,Buy,15,3,18,12.00,12.00,-2.00,0.70,85.7,4373.90,4374.50,4373.80,4374.50,27,21,48,6.00,12.00,-4.00,0.70,14.3,-18,63,1.0000,0.0000,2.00,46.00,4383.84,-1.0059,DOWN,61.90,0.7754,1.1164
20260901 222833 900,4374.50,1,4374.20,4374.50,0.30,4374.20,4,4374.10,10,4374.00,5,4373.90,7,4373.80,9,4373.70,11,4373.60,11,4373.50,12,4373.40,11,4373.30,10,4374.50,4,4374.60,6,4374.70,5,4374.80,6,4374.90,7,4375.00,11,4375.10,4,4375.20,15,4375.30,15,4375.40,14,Buy,16,3,19,13.00,13.00,-2.00,0.70,85.7,4373.90,4374.50,4373.80,4374.50,27,21,48,6.00,12.00,-4.00,0.70,14.3,-18,63,1.0000,0.0000,3.00,47.00,4383.84,-1.0059,DOWN,61.90,0.7754,1.1164
20260901 222833 900,4374.50,1,4374.20,4374.50,0.30,4374.20,4,4374.10,10,4374.00,5,4373.90,7,4373.80,9,4373.70,11,4373.60,11,4373.50,12,4373.40,11,4373.30,10,4374.50,4,4374.60,6,4374.70,5,4374.80,6,4374.90,7,4375.00,11,4375.10,4,4375.20,15,4375.30,15,4375.40,14,Buy,17,3,20,14.00,14.00,-2.00,0.70,85.7,4373.90,4374.50,4373.80,4374.50,27,21,48,6.00,12.00,-4.00,0.70,14.3,-18,63,1.0000,0.0000,4.00,48.00,4383.84,-1.0059,DOWN,61.90,0.7754,1.1164
20260901 222833 900,4374.50,1,4374.20,4374.50,0.30,4374.20,4,4374.10,10,4374.00,5,4373.90,7,4373.80,9,4373.70,11,4373.60,11,4373.50,12,4373.40,11,4373.30,10,4374.50,4,4374.60,6,4374.70,5,4374.80,6,4374.90,7,4375.00,11,4375.10,4,4375.20,15,4375.30,15,4375.40,14,Buy,18,3,21,15.00,15.00,-2.00,0.70,85.7,4373.90,4374.50,4373.80,4374.50,27,21,48,6.00,12.00,-4.00,0.70,14.3,-18,63,1.0000,0.0000,5.00,49.00,4383.84,-1.0059,DOWN,61.90,0.7754,1.1164
20260901 222833 900,4374.50,1,4374.20,4374.50,0.30,4374.20,4,4374.10,10,4374.00,5,4373.90,7,4373.80,9,4373.70,11,4373.60,11,4373.50,12,4373.40,11,4373.30,10,4374.50,4,4374.60,6,4374.70,5,4374.80,6,4374.90,7,4375.00,11,4375.10,4,4375.20,15,4375.30,15,4375.40,14,Buy,19,3,22,16.00,16.00,-2.00,0.70,85.7,4373.90,4374.50,4373.80,4374.50,27,21,48,6.00,12.00,-4.00,0.70,14.3,-18,63,1.0000,0.0000,6.00,50.00,4383.84,-1.0059,DOWN,61.90,0.7754,1.1164
20260901 222833 905,4374.50,1,4374.20,4374.50,0.30,4374.20,4,4374.10,10,4374.00,5,4373.90,7,4373.80,9,4373.70,11,4373.60,11,4373.50,12,4373.40,11,4373.30,10,4374.50,4,4374.60,6,4374.70,5,4374.80,6,4374.90,7,4375.00,11,4375.10,4,4375.20,15,4375.30,15,4375.40,14,Buy,20,3,23,17.00,17.00,-2.00,0.70,85.7,4373.90,4374.50,4373.80,4374.50,27,21,48,6.00,12.00,-4.00,0.70,14.3,-18,63,1.0000,0.0000,7.00,51.00,4383.84,-1.0059,DOWN,61.90,0.7754,1.1164
20260901 222833 907,4374.50,1,4374.20,4374.50,0.30,4374.20,4,4374.10,10,4374.00,5,4373.90,7,4373.80,9,4373.70,11,4373.60,11,4373.50,12,4373.40,11,4373.30,10,4374.50,4,4374.60,6,4374.70,5,4374.80,6,4374.90,7,4375.00,11,4375.10,4,4375.20,15,4375.30,15,4375.40,14,Sell,20,4,24,16.00,17.00,-2.00,0.70,85.7,4373.90,4374.50,4373.80,4374.50,27,21,48,6.00,12.00,-4.00,0.70,14.3,-18,63,1.0000,0.0625,6.00,50.00,4383.84,-1.0059,DOWN,61.90,0.7754,1.1164
20260901 222833 907,4374.50,1,4374.20,4374.50,0.30,4374.20,4,4374.10,10,4374.00,5,4373.90,7,4373.80,9,4373.70,11,4373.60,11,4373.50,12,4373.40,11,4373.30,10,4374.50,4,4374.60,6,4374.70,5,4374.80,6,4374.90,7,4375.00,11,4375.10,4,4375.20,15,4375.30,15,4375.40,14,Sell,20,5,25,15.00,17.00,-2.00,0.70,85.7,4373.90,4374.50,4373.80,4374.50,27,21,48,6.00,12.00,-4.00,0.70,14.3,-18,63,1.0000,0.1333,5.00,49.00,4383.84,-1.0059,DOWN,61.90,0.7754,1.1164
20260901 222833 909,4374.50,2,4374.20,4374.50,0.30,4374.20,4,4374.10,10,4374.00,5,4373.90,7,4373.80,9,4373.70,11,4373.60,11,4373.50,12,4373.40,11,4373.30,10,4374.50,4,4374.60,6,4374.70,5,4374.80,6,4374.90,7,4375.00,11,4375.10,4,4375.20,15,4375.30,15,4375.40,14,Sell,20,7,27,13.00,17.00,-2.00,0.70,85.7,4373.90,4374.50,4373.80,4374.50,27,21,48,6.00,12.00,-4.00,0.70,14.3,-18,63,1.0000,0.3077,3.00,47.00,4383.84,-1.0059,DOWN,61.90,0.7754,1.1164
20260901 222833 922,4374.50,3,4374.20,4374.50,0.30,4374.20,4,4374.10,10,4374.00,5,4373.90,7,4373.80,9,4373.70,11,4373.60,11,4373.50,12,4373.40,11,4373.30,10,4374.50,4,4374.60,6,4374.70,5,4374.80,6,4374.90,7,4375.00,11,4375.10,4,4375.20,15,4375.30,15,4375.40,14,Sell,20,10,30,10.00,17.00,-2.00,0.70,85.7,4373.90,4374.50,4373.80,4374.50,27,21,48,6.00,12.00,-4.00,0.70,14.3,-18,63,1.0000,0.7000,0.00,44.00,4383.84,-1.0059,DOWN,61.90,0.7754,1.1164
20260901 222834 227,4374.30,1,4374.10,4374.30,0.20,4374.20,2,4374.10,9,4374.00,6,4373.90,8,4373.80,8,4373.70,11,4373.60,11,4373.50,12,4373.40,11,4373.30,10,4374.40,1,4374.50,4,4374.60,5,4374.70,5,4374.80,6,4374.90,7,4375.00,11,4375.10,4,4375.20,15,4375.30,15,Sell,20,11,31,9.00,17.00,-2.00,0.70,57.1,4373.90,4374.50,4373.80,4374.30,27,21,48,6.00,12.00,-4.00,0.70,14.3,-18,63,1.0000,0.8889,-1.00,43.00,4383.82,-1.0123,DOWN,61.90,0.7754,1.1164
20260901 222834 227,4374.30,1,4374.10,4374.30,0.20,4374.20,2,4374.10,9,4374.00,6,4373.90,8,4373.80,8,4373.70,11,4373.60,11,4373.50,12,4373.40,11,4373.30,10,4374.40,1,4374.50,4,4374.60,5,4374.70,5,4374.80,6,4374.90,7,4375.00,11,4375.10,4,4375.20,15,4375.30,15,Sell,20,12,32,8.00,17.00,-2.00,0.70,57.1,4373.90,4374.50,4373.80,4374.30,27,21,48,6.00,12.00,-4.00,0.70,14.3,-18,63,1.0000,1.1250,-2.00,42.00,4383.82,-1.0123,DOWN,61.90,0.7754,1.1164
20260901 222834 228,4374.30,1,4374.10,4374.30,0.20,4374.20,2,4374.10,9,4374.00,6,4373.90,8,4373.80,8,4373.70,11,4373.60,11,4373.50,12,4373.40,11,4373.30,10,4374.40,1,4374.50,4,4374.60,5,4374.70,5,4374.80,6,4374.90,7,4375.00,11,4375.10,4,4375.20,15,4375.30,15,Buy,21,12,33,9.00,17.00,-2.00,0.70,57.1,4373.90,4374.50,4373.80,4374.30,27,21,48,6.00,12.00,-4.00,0.70,14.3,-18,63,1.0000,0.8889,-1.00,43.00,4383.82,-1.0123,DOWN,61.90,0.7754,1.1164
20260901 222835 697,4374.20,1,4374.20,4374.50,0.30,4374.20,2,4374.10,4,4374.00,3,4373.90,7,4373.80,8,4373.70,6,4373.60,6,4373.50,12,4373.40,11,4373.30,10,4374.50,5,4374.60,7,4374.70,6,4374.80,6,4374.90,17,4375.00,21,4375.10,14,4375.20,15,4375.30,15,4375.40,14,Sell,21,13,34,8.00,17.00,-2.00,0.70,42.9,4373.90,4374.50,4373.80,4374.20,27,21,48,6.00,12.00,-4.00,0.70,14.3,-18,63,1.0000,1.1250,-2.00,42.00,4383.81,-1.0154,DOWN,61.90,0.7754,1.1164
20260901 222835 701,4374.30,1,4374.30,4374.50,0.20,4374.20,4,4374.10,4,4374.00,3,4373.90,8,4373.80,8,4373.70,6,4373.60,14,4373.50,12,4373.40,11,4373.30,10,4374.50,4,4374.60,6,4374.70,6,4374.80,6,4374.90,17,4375.00,21,4375.10,14,4375.20,15,4375.30,15,4375.40,14,Sell,21,14,35,7.00,17.00,-2.00,0.70,57.1,4373.90,4374.50,4373.80,4374.30,27,21,48,6.00,12.00,-4.00,0.70,14.3,-18,63,1.0000,1.4286,-3.00,41.00,4383.82,-1.0123,DOWN,61.90,0.7754,1.1164
20260901 222835 820,4374.30,1,4374.20,4374.30,0.10,4374.10,4,4374.00,3,4373.90,8,4373.80,8,4373.70,6,4373.60,14,4373.50,12,4373.40,11,4373.30,10,4373.20,11,4374.40,4,4374.50,4,4374.60,6,4374.70,6,4374.80,6,4374.90,17,4375.00,21,4375.10,14,4375.20,15,4375.30,15,Buy,22,14,36,8.00,17.00,-2.00,0.70,57.1,4373.90,4374.50,4373.80,4374.30,27,21,48,6.00,12.00,-4.00,0.70,14.3,-18,63,1.0000,1.1250,-2.00,42.00,4383.82,-1.0123,DOWN,61.90,0.7754,1.1164
20260901 222836 399,4374.20,1,4374.10,4374.40,0.30,4374.10,6,4374.00,3,4373.90,7,4373.80,7,4373.70,6,4373.60,14,4373.50,12,4373.40,11,4373.30,10,4373.20,11,4374.40,4,4374.50,4,4374.60,6,4374.70,6,4374.80,6,4374.90,17,4375.00,21,4375.10,14,4375.20,15,4375.30,15,Sell,22,15,37,7.00,17.00,-2.00,0.70,42.9,4373.90,4374.50,4373.80,4374.20,27,21,48,6.00,12.00,-4.00,0.70,14.3,-18,63,1.0000,1.4286,-3.00,41.00,4383.81,-1.0154,DOWN,61.90,0.7754,1.1164
20260901 222836 403,4374.10,1,4374.00,4374.30,0.30,4374.00,3,4373.90,7,4373.80,7,4373.70,6,4373.60,14,4373.50,12,4373.40,11,4373.30,10,4373.20,11,4373.10,8,4374.30,4,4374.40,6,4374.50,6,4374.60,8,4374.70,6,4374.80,6,4374.90,17,4375.00,21,4375.10,14,4375.20,14,Sell,22,16,38,6.00,17.00,-2.00,0.70,28.6,4373.90,4374.50,4373.80,4374.10,27,21,48,6.00,12.00,-4.00,0.70,14.3,-18,63,1.0000,1.8333,-4.00,40.00,4383.80,-1.0186,DOWN,61.90,0.7754,1.1164
20260901 222836 403,4374.10,1,4374.00,4374.30,0.30,4374.00,3,4373.90,7,4373.80,7,4373.70,6,4373.60,14,4373.50,12,4373.40,11,4373.30,10,4373.20,11,4373.10,8,4374.30,4,4374.40,6,4374.50,6,4374.60,8,4374.70,6,4374.80,6,4374.90,17,4375.00,21,4375.10,14,4375.20,14,Sell,22,17,39,5.00,17.00,-2.00,0.70,28.6,4373.90,4374.50,4373.80,4374.10,27,21,48,6.00,12.00,-4.00,0.70,14.3,-18,63,1.0000,2.4000,-5.00,39.00,4383.80,-1.0186,DOWN,61.90,0.7754,1.1164
20260901 222840 052,4374.10,1,4374.10,4374.40,0.30,4374.10,2,4374.00,6,4373.90,7,4373.80,7,4373.70,7,4373.60,16,4373.50,12,4373.40,11,4373.30,10,4373.20,11,4374.40,5,4374.50,5,4374.60,7,4374.70,6,4374.80,6,4374.90,17,4375.00,21,4375.10,14,4375.20,14,4375.30,15,Sell,22,18,40,4.00,17.00,-2.00,0.70,28.6,4373.90,4374.50,4373.80,4374.10,27,21,48,6.00,12.00,-4.00,0.70,14.3,-18,63,1.0000,3.2500,-6.00,38.00,4383.80,-1.0186,DOWN,61.90,0.7754,1.1164
20260901 222840 052,4374.10,1,4374.10,4374.40,0.30,4374.10,2,4374.00,6,4373.90,7,4373.80,7,4373.70,7,4373.60,16,4373.50,12,4373.40,11,4373.30,10,4373.20,11,4374.40,5,4374.50,5,4374.60,7,4374.70,6,4374.80,6,4374.90,17,4375.00,21,4375.10,14,4375.20,14,4375.30,15,Sell,22,19,41,3.00,17.00,-2.00,0.70,28.6,4373.90,4374.50,4373.80,4374.10,27,21,48,6.00,12.00,-4.00,0.70,14.3,-18,63,1.0000,4.6667,-7.00,37.00,4383.80,-1.0186,DOWN,61.90,0.7754,1.1164
20260901 222840 052,4374.10,1,4374.10,4374.40,0.30,4374.10,2,4374.00,6,4373.90,7,4373.80,7,4373.70,7,4373.60,16,4373.50,12,4373.40,11,4373.30,10,4373.20,11,4374.40,5,4374.50,5,4374.60,7,4374.70,6,4374.80,6,4374.90,17,4375.00,21,4375.10,14,4375.20,14,4375.30,15,Sell,22,20,42,2.00,17.00,-2.00,0.70,28.6,4373.90,4374.50,4373.80,4374.10,27,21,48,6.00,12.00,-4.00,0.70,14.3,-18,63,1.0000,7.5000,-8.00,36.00,4383.80,-1.0186,DOWN,61.90,0.7754,1.1164
20260901 222840 052,4374.00,1,4374.10,4374.40,0.30,4374.10,2,4374.00,6,4373.90,7,4373.80,7,4373.70,7,4373.60,16,4373.50,12,4373.40,11,4373.30,10,4373.20,11,4374.40,5,4374.50,5,4374.60,7,4374.70,6,4374.80,6,4374.90,17,4375.00,21,4375.10,14,4375.20,14,4375.30,15,Sell,22,21,43,1.00,17.00,-2.00,0.70,14.3,4373.90,4374.50,4373.80,4374.00,27,21,48,6.00,12.00,-4.00,0.70,14.3,-18,63,1.0000,16.0000,-9.00,35.00,4383.79,-1.0218,DOWN,61.90,0.7754,1.1164
20260901 222840 052,4374.00,1,4374.10,4374.40,0.30,4374.10,2,4374.00,6,4373.90,7,4373.80,7,4373.70,7,4373.60,16,4373.50,12,4373.40,11,4373.30,10,4373.20,11,4374.40,5,4374.50,5,4374.60,7,4374.70,6,4374.80,6,4374.90,17,4375.00,21,4375.10,14,4375.20,14,4375.30,15,Sell,22,22,44,0.00,17.00,-2.00,0.70,14.3,4373.90,4374.50,4373.80,4374.00,27,21,48,6.00,12.00,-4.00,0.70,14.3,-18,63,1.0000,17.0000,-10.00,34.00,4383.79,-1.0218,DOWN,61.90,0.7754,1.1164
20260901 222840 052,4374.00,1,4374.10,4374.40,0.30,4374.10,2,4374.00,6,4373.90,7,4373.80,7,4373.70,7,4373.60,16,4373.50,12,4373.40,11,4373.30,10,4373.20,11,4374.40,5,4374.50,5,4374.60,7,4374.70,6,4374.80,6,4374.90,17,4375.00,21,4375.10,14,4375.20,14,4375.30,15,Sell,22,23,45,-1.00,17.00,-2.00,0.70,14.3,4373.90,4374.50,4373.80,4374.00,27,21,48,6.00,12.00,-4.00,0.70,14.3,-18,63,1.0000,1.0000,-11.00,33.00,4383.79,-1.0218,DOWN,61.90,0.7754,1.1164
20260901 222846 372,4374.00,1,4373.80,4374.10,0.30,4373.80,3,4373.70,4,4373.60,6,4373.50,7,4373.40,11,4373.30,10,4373.20,11,4373.10,8,4373.00,10,4372.90,8,4374.10,3,4374.20,5,4374.30,5,4374.40,7,4374.50,6,4374.60,8,4374.70,17,4374.80,16,4374.90,17,4375.00,21,Sell,22,24,46,-2.00,17.00,-2.00,0.70,14.3,4373.90,4374.50,4373.80,4374.00,27,21,48,6.00,12.00,-4.00,0.70,14.3,-18,63,1.0000,0.0000,-12.00,32.00,4383.79,-1.0218,DOWN,61.90,0.7754,1.1164
20260901 222846 372,4374.00,1,4373.80,4374.10,0.30,4373.80,3,4373.70,4,4373.60,6,4373.50,7,4373.40,11,4373.30,10,4373.20,11,4373.10,8,4373.00,10,4372.90,8,4374.10,3,4374.20,5,4374.30,5,4374.40,7,4374.50,6,4374.60,8,4374.70,17,4374.80,16,4374.90,17,4375.00,21,Sell,22,25,47,-3.00,17.00,-3.00,0.70,14.3,4373.90,4374.50,4373.80,4374.00,27,21,48,6.00,12.00,-4.00,0.70,14.3,-18,63,1.0000,0.0000,-13.00,31.00,4383.79,-1.0218,DOWN,61.90,0.7754,1.1164
20260901 222846 372,4374.00,1,4373.80,4374.10,0.30,4373.80,3,4373.70,4,4373.60,6,4373.50,7,4373.40,11,4373.30,10,4373.20,11,4373.10,8,4373.00,10,4372.90,8,4374.10,3,4374.20,5,4374.30,5,4374.40,7,4374.50,6,4374.60,8,4374.70,17,4374.80,16,4374.90,17,4375.00,21,Sell,22,26,48,-4.00,17.00,-4.00,0.70,14.3,4373.90,4374.50,4373.80,4374.00,27,21,48,6.00,12.00,-4.00,0.70,14.3,-18,63,1.0000,0.0000,-14.00,30.00,4383.79,-1.0218,DOWN,61.90,0.7754,1.1164
20260901 222853 775,4373.90,1,4373.90,4374.10,0.20,4373.80,4,4373.70,4,4373.60,6,4373.50,7,4373.40,11,4373.30,10,4373.20,11,4373.10,8,4373.00,10,4372.90,8,4374.10,3,4374.20,4,4374.30,5,4374.40,6,4374.50,6,4374.60,8,4374.70,17,4374.80,16,4374.90,16,4375.00,21,Sell,22,27,49,-5.00,17.00,-5.00,0.70,0.0,4373.90,4374.50,4373.80,4373.90,27,21,48,6.00,12.00,-4.00,0.70,14.3,-18,63,1.0000,0.0000,-15.00,29.00,4383.78,-1.0249,DOWN,61.90,0.7754,1.1164
20260901 222853 775,4373.80,1,4373.90,4374.10,0.20,4373.80,4,4373.70,4,4373.60,6,4373.50,7,4373.40,11,4373.30,10,4373.20,11,4373.10,8,4373.00,10,4372.90,8,4374.10,3,4374.20,4,4374.30,5,4374.40,6,4374.50,6,4374.60,8,4374.70,17,4374.80,16,4374.90,16,4375.00,21,Sell,22,28,50,-6.00,17.00,-6.00,0.70,14.3,4373.90,4374.50,4373.80,4373.80,27,21,48,6.00,12.00,-4.00,0.70,14.3,-18,63,1.0000,0.0000,-16.00,28.00,4383.77,-1.0281,DOWN,61.90,0.7754,1.1164
20260901 222853 775,4373.80,1,4373.90,4374.10,0.20,4373.80,4,4373.70,4,4373.60,6,4373.50,7,4373.40,11,4373.30,10,4373.20,11,4373.10,8,4373.00,10,4372.90,8,4374.10,3,4374.20,4,4374.30,5,4374.40,6,4374.50,6,4374.60,8,4374.70,17,4374.80,16,4374.90,16,4375.00,21,Sell,22,29,51,-7.00,17.00,-7.00,0.70,14.3,4373.90,4374.50,4373.80,4373.80,27,21,48,6.00,12.00,-4.00,0.70,14.3,-18,63,1.0000,0.0000,-17.00,27.00,4383.77,-1.0281,DOWN,61.90,0.7754,1.1164
20260901 222857 491,4374.10,1,4373.90,4374.10,0.20,4373.90,2,4373.80,4,4373.70,4,4373.60,6,4373.50,7,4373.40,11,4373.30,10,4373.20,11,4373.10,8,4373.00,10,4374.10,2,4374.20,8,4374.30,5,4374.40,6,4374.50,7,4374.60,8,4374.70,17,4374.80,16,4374.90,16,4375.00,21,Buy,23,29,52,-6.00,17.00,-7.00,0.70,28.6,4373.90,4374.50,4373.80,4374.10,27,21,48,6.00,12.00,-4.00,0.70,14.3,-18,63,1.0000,0.1667,-16.00,28.00,4383.80,-1.0186,DOWN,61.90,0.7754,1.1164
20260901 222857 491,4374.10,1,4373.90,4374.10,0.20,4373.90,2,4373.80,4,4373.70,4,4373.60,6,4373.50,7,4373.40,11,4373.30,10,4373.20,11,4373.10,8,4373.00,10,4374.10,2,4374.20,8,4374.30,5,4374.40,6,4374.50,7,4374.60,8,4374.70,17,4374.80,16,4374.90,16,4375.00,21,Buy,24,29,53,-5.00,17.00,-7.00,0.70,28.6,4373.90,4374.50,4373.80,4374.10,27,21,48,6.00,12.00,-4.00,0.70,14.3,-18,63,1.0000,0.4000,-15.00,29.00,4383.80,-1.0186,DOWN,61.90,0.7754,1.1164
20260901 222857 491,4374.20,1,4373.90,4374.10,0.20,4373.90,2,4373.80,4,4373.70,4,4373.60,6,4373.50,7,4373.40,11,4373.30,10,4373.20,11,4373.10,8,4373.00,10,4374.10,2,4374.20,8,4374.30,5,4374.40,6,4374.50,7,4374.60,8,4374.70,17,4374.80,16,4374.90,16,4375.00,21,Buy,25,29,54,-4.00,17.00,-7.00,0.70,42.9,4373.90,4374.50,4373.80,4374.20,27,21,48,6.00,12.00,-4.00,0.70,14.3,-18,63,1.0000,0.7500,-14.00,30.00,4383.81,-1.0154,DOWN,61.90,0.7754,1.1164
20260901 222857 491,4374.20,1,4373.90,4374.10,0.20,4373.90,2,4373.80,4,4373.70,4,4373.60,6,4373.50,7,4373.40,11,4373.30,10,4373.20,11,4373.10,8,4373.00,10,4374.10,2,4374.20,8,4374.30,5,4374.40,6,4374.50,7,4374.60,8,4374.70,17,4374.80,16,4374.90,16,4375.00,21,Buy,26,29,55,-3.00,17.00,-7.00,0.70,42.9,4373.90,4374.50,4373.80,4374.20,27,21,48,6.00,12.00,-4.00,0.70,14.3,-18,63,1.0000,1.3333,-13.00,31.00,4383.81,-1.0154,DOWN,61.90,0.7754,1.1164
20260901 222857 491,4374.20,1,4373.90,4374.10,0.20,4373.90,2,4373.80,4,4373.70,4,4373.60,6,4373.50,7,4373.40,11,4373.30,10,4373.20,11,4373.10,8,4373.00,10,4374.10,2,4374.20,8,4374.30,5,4374.40,6,4374.50,7,4374.60,8,4374.70,17,4374.80,16,4374.90,16,4375.00,21,Buy,27,29,56,-2.00,17.00,-7.00,0.70,42.9,4373.90,4374.50,4373.80,4374.20,27,21,48,6.00,12.00,-4.00,0.70,14.3,-18,63,1.0000,2.5000,-12.00,32.00,4383.81,-1.0154,DOWN,61.90,0.7754,1.1164
20260901 222859 874,4374.10,1,4373.90,4374.20,0.30,4373.90,3,4373.80,4,4373.70,4,4373.60,6,4373.50,8,4373.40,11,4373.30,10,4373.20,11,4373.10,8,4373.00,11,4374.20,7,4374.30,5,4374.40,6,4374.50,6,4374.60,8,4374.70,17,4374.80,16,4374.90,16,4375.00,21,4375.10,14,Buy,28,29,57,-1.00,17.00,-7.00,0.70,28.6,4373.90,4374.50,4373.80,4374.10,27,21,48,6.00,12.00,-4.00,0.70,14.3,-18,63,1.0000,6.0000,-11.00,33.00,4383.80,-1.0186,DOWN,61.90,0.7754,1.1164
20260901 222907 477,4374.00,1,4373.80,4374.10,0.30,4373.80,3,4373.70,4,4373.60,6,4373.50,7,4373.40,6,4373.30,10,4373.20,11,4373.10,8,4373.00,10,4372.90,9,4374.10,4,4374.20,5,4374.30,5,4374.40,7,4374.50,7,4374.60,8,4374.70,16,4374.80,16,4374.90,17,4375.00,21,Sell,0,1,1,-1.00,-1.00,-1.00,0.00,0.0,4374.00,4374.00,4374.00,4374.00,28,29,57,-1.00,17.00,-7.00,0.70,28.6,-18,54,6.0000,0.0000,-1.00,58.00,4383.79,-1.0218,DOWN,61.70,0.9238,1.0438
20260901 222907 482,4374.00,1,4373.80,4374.10,0.30,4373.80,3,4373.70,4,4373.60,6,4373.50,7,4373.40,6,4373.30,10,4373.20,11,4373.10,8,4373.00,10,4372.90,9,4374.10,4,4374.20,5,4374.30,5,4374.40,7,4374.50,7,4374.60,8,4374.70,16,4374.80,16,4374.90,17,4375.00,21,Buy,1,1,2,0.00,0.00,-1.00,0.00,0.0,4374.00,4374.00,4374.00,4374.00,28,29,57,-1.00,17.00,-7.00,0.70,28.6,-18,54,6.0000,0.0000,0.00,59.00,4383.79,-1.0218,DOWN,61.70,0.9238,1.0438
20260901 222909 196,4373.90,1,4374.00,4374.20,0.20,4374.00,3,4373.90,5,4373.80,5,4373.70,4,4373.60,6,4373.50,8,4373.40,6,4373.30,10,4373.20,11,4373.10,8,4374.20,4,4374.30,5,4374.40,6,4374.50,7,4374.60,8,4374.70,16,4374.80,16,4374.90,17,4375.00,21,4375.10,14,Sell,1,2,3,-1.00,0.00,-1.00,0.10,100.0,4374.00,4374.00,4373.90,4373.90,28,29,57,-1.00,17.00,-7.00,0.70,28.6,-18,54,6.0000,0.0000,-1.00,58.00,4383.78,-1.0249,DOWN,61.70,0.9238,1.0509
20260901 222909 298,4374.00,1,4373.90,4374.20,0.30,4373.90,6,4373.80,5,4373.70,4,4373.60,6,4373.50,8,4373.40,6,4373.30,10,4373.20,11,4373.10,8,4373.00,10,4374.20,4,4374.30,5,4374.40,6,4374.50,7,4374.60,8,4374.70,16,4374.80,16,4374.90,17,4375.00,21,4375.10,14,Sell,1,3,4,-2.00,0.00,-2.00,0.10,0.0,4374.00,4374.00,4373.90,4374.00,28,29,57,-1.00,17.00,-7.00,0.70,28.6,-18,54,6.0000,0.0000,-2.00,57.00,4383.79,-1.0218,DOWN,61.70,0.9238,1.0509
20260901 222909 298,4373.90,1,4373.90,4374.20,0.30,4373.90,6,4373.80,5,4373.70,4,4373.60,6,4373.50,8,4373.40,6,4373.30,10,4373.20,11,4373.10,8,4373.00,10,4374.20,4,4374.30,5,4374.40,6,4374.50,7,4374.60,8,4374.70,16,4374.80,16,4374.90,17,4375.00,21,4375.10,14,Sell,1,4,5,-3.00,0.00,-3.00,0.10,100.0,4374.00,4374.00,4373.90,4373.90,28,29,57,-1.00,17.00,-7.00,0.70,28.6,-18,54,6.0000,0.0000,-3.00,56.00,4383.78,-1.0249,DOWN,61.70,0.9238,1.0509
20260901 222909 298,4373.90,1,4373.90,4374.20,0.30,4373.90,6,4373.80,5,4373.70,4,4373.60,6,4373.50,8,4373.40,6,4373.30,10,4373.20,11,4373.10,8,4373.00,10,4374.20,4,4374.30,5,4374.40,6,4374.50,7,4374.60,8,4374.70,16,4374.80,16,4374.90,17,4375.00,21,4375.10,14,Sell,1,5,6,-4.00,0.00,-4.00,0.10,100.0,4374.00,4374.00,4373.90,4373.90,28,29,57,-1.00,17.00,-7.00,0.70,28.6,-18,54,6.0000,0.0000,-4.00,55.00,4383.78,-1.0249,DOWN,61.70,0.9238,1.0509
20260901 222909 298,4373.90,1,4373.90,4374.20,0.30,4373.90,6,4373.80,5,4373.70,4,4373.60,6,4373.50,8,4373.40,6,4373.30,10,4373.20,11,4373.10,8,4373.00,10,4374.20,4,4374.30,5,4374.40,6,4374.50,7,4374.60,8,4374.70,16,4374.80,16,4374.90,17,4375.00,21,4375.10,14,Sell,1,6,7,-5.00,0.00,-5.00,0.10,100.0,4374.00,4374.00,4373.90,4373.90,28,29,57,-1.00,17.00,-7.00,0.70,28.6,-18,54,6.0000,0.0000,-5.00,54.00,4383.78,-1.0249,DOWN,61.70,0.9238,1.0509
20260901 222909 298,4373.90,1,4373.90,4374.20,0.30,4373.90,6,4373.80,5,4373.70,4,4373.60,6,4373.50,8,4373.40,6,4373.30,10,4373.20,11,4373.10,8,4373.00,10,4374.20,4,4374.30,5,4374.40,6,4374.50,7,4374.60,8,4374.70,16,4374.80,16,4374.90,17,4375.00,21,4375.10,14,Sell,1,7,8,-6.00,0.00,-6.00,0.10,100.0,4374.00,4374.00,4373.90,4373.90,28,29,57,-1.00,17.00,-7.00,0.70,28.6,-18,54,6.0000,0.0000,-6.00,53.00,4383.78,-1.0249,DOWN,61.70,0.9238,1.0509
20260901 222909 298,4373.90,1,4373.90,4374.20,0.30,4373.90,6,4373.80,5,4373.70,4,4373.60,6,4373.50,8,4373.40,6,4373.30,10,4373.20,11,4373.10,8,4373.00,10,4374.20,4,4374.30,5,4374.40,6,4374.50,7,4374.60,8,4374.70,16,4374.80,16,4374.90,17,4375.00,21,4375.10,14,Sell,1,8,9,-7.00,0.00,-7.00,0.10,100.0,4374.00,4374.00,4373.90,4373.90,28,29,57,-1.00,17.00,-7.00,0.70,28.6,-18,54,6.0000,0.0000,-7.00,52.00,4383.78,-1.0249,DOWN,61.70,0.9238,1.0509
20260901 222909 299,4373.90,1,4373.90,4374.20,0.30,4373.90,6,4373.80,5,4373.70,4,4373.60,6,4373.50,8,4373.40,6,4373.30,10,4373.20,11,4373.10,8,4373.00,10,4374.20,4,4374.30,5,4374.40,6,4374.50,7,4374.60,8,4374.70,16,4374.80,16,4374.90,17,4375.00,21,4375.10,14,Buy,2,8,10,-6.00,0.00,-7.00,0.10,100.0,4374.00,4374.00,4373.90,4373.90,28,29,57,-1.00,17.00,-7.00,0.70,28.6,-18,54,6.0000,0.1667,-6.00,53.00,4383.78,-1.0249,DOWN,61.70,0.9238,1.0509
20260901 222909 299,4373.90,1,4373.90,4374.20,0.30,4373.90,6,4373.80,5,4373.70,4,4373.60,6,4373.50,8,4373.40,6,4373.30,10,4373.20,11,4373.10,8,4373.00,10,4374.20,4,4374.30,5,4374.40,6,4374.50,7,4374.60,8,4374.70,16,4374.80,16,4374.90,17,4375.00,21,4375.10,14,Buy,3,8,11,-5.00,0.00,-7.00,0.10,100.0,4374.00,4374.00,4373.90,4373.90,28,29,57,-1.00,17.00,-7.00,0.70,28.6,-18,54,6.0000,0.4000,-5.00,54.00,4383.78,-1.0249,DOWN,61.70,0.9238,1.0509
20260901 222910 488,4373.90,4,4373.90,4374.10,0.20,4373.90,2,4373.80,5,4373.70,4,4373.60,6,4373.50,7,4373.40,6,4373.30,11,4373.20,10,4373.10,8,4373.00,10,4374.10,2,4374.20,3,4374.30,5,4374.40,6,4374.50,7,4374.60,8,4374.70,16,4374.80,16,4374.90,17,4375.00,21,Sell,3,12,15,-9.00,0.00,-9.00,0.10,100.0,4374.00,4374.00,4373.90,4373.90,28,29,57,-1.00,17.00,-7.00,0.70,28.6,-18,54,6.0000,0.0000,-9.00,50.00,4383.78,-1.0249,DOWN,61.70,0.9238,1.0509
20260901 222910 488,4373.90,1,4373.90,4374.10,0.20,4373.90,2,4373.80,5,4373.70,4,4373.60,6,4373.50,7,4373.40,6,4373.30,11,4373.20,10,4373.10,8,4373.00,10,4374.10,2,4374.20,3,4374.30,5,4374.40,6,4374.50,7,4374.60,8,4374.70,16,4374.80,16,4374.90,17,4375.00,21,Sell,3,13,16,-10.00,0.00,-10.00,0.10,100.0,4374.00,4374.00,4373.90,4373.90,28,29,57,-1.00,17.00,-7.00,0.70,28.6,-18,54,6.0000,0.0000,-10.00,49.00,4383.78,-1.0249,DOWN,61.70,0.9238,1.0509
20260901 222924 854,4374.00,1,4374.00,4374.20,0.20,4374.00,2,4373.90,3,4373.80,6,4373.70,4,4373.60,7,4373.50,7,4373.40,14,4373.30,14,4373.20,10,4373.10,8,4374.20,4,4374.30,5,4374.40,6,4374.50,7,4374.60,8,4374.70,16,4374.80,16,4374.90,17,4375.00,21,4375.10,14,Buy,4,13,17,-9.00,0.00,-10.00,0.10,0.0,4374.00,4374.00,4373.90,4374.00,28,29,57,-1.00,17.00,-7.00,0.70,28.6,-18,54,6.0000,0.1111,-9.00,50.00,4383.79,-1.0218,DOWN,61.70,0.9238,1.0509
20260901 222926 070,4374.20,1,4374.00,4374.20,0.20,4374.00,1,4373.90,3,4373.80,6,4373.70,4,4373.60,7,4373.50,7,4373.40,14,4373.30,14,4373.20,10,4373.10,8,4374.20,4,4374.30,5,4374.40,6,4374.50,7,4374.60,8,4374.70,16,4374.80,16,4374.90,17,4375.00,21,4375.10,14,Buy,5,13,18,-8.00,0.00,-10.00,0.30,66.7,4374.00,4374.20,4373.90,4374.20,28,29,57,-1.00,17.00,-7.00,0.70,28.6,-18,54,6.0000,0.2500,-8.00,51.00,4383.81,-1.0154,DOWN,61.70,0.9238,1.0581
20260901 222930 506,4374.20,1,4374.20,4374.40,0.20,4374.20,2,4374.10,5,4374.00,8,4373.90,6,4373.80,7,4373.70,6,4373.60,7,4373.50,15,4373.40,14,4373.30,13,4374.40,3,4374.50,4,4374.60,5,4374.70,6,4374.80,6,4374.90,7,4375.00,21,4375.10,14,4375.20,14,4375.30,15,Sell,5,14,19,-9.00,0.00,-10.00,0.30,66.7,4374.00,4374.20,4373.90,4374.20,28,29,57,-1.00,17.00,-7.00,0.70,28.6,-18,54,6.0000,0.1111,-9.00,50.00,4383.81,-1.0154,DOWN,61.70,0.9238,1.0581
20260901 222931 776,4374.20,1,4374.10,4374.30,0.20,4374.10,1,4374.00,7,4373.90,6,4373.80,7,4373.70,6,4373.60,7,4373.50,15,4373.40,14,4373.30,13,4373.20,10,4374.30,2,4374.40,5,4374.50,5,4374.60,6,4374.70,7,4374.80,6,4374.90,7,4375.00,21,4375.10,14,4375.20,14,Sell,5,15,20,-10.00,0.00,-10.00,0.30,66.7,4374.00,4374.20,4373.90,4374.20,28,29,57,-1.00,17.00,-7.00,0.70,28.6,-18,54,6.0000,0.0000,-10.00,49.00,4383.81,-1.0154,DOWN,61.70,0.9238,1.0581
20260901 222932 103,4374.10,1,4374.00,4374.30,0.30,4374.00,4,4373.90,6,4373.80,7,4373.70,6,4373.60,7,4373.50,15,4373.40,14,4373.30,13,4373.20,10,4373.10,8,4374.30,2,4374.40,5,4374.50,5,4374.60,6,4374.70,7,4374.80,6,4374.90,7,4375.00,21,4375.10,14,4375.20,14,Sell,5,16,21,-11.00,0.00,-11.00,0.30,33.3,4374.00,4374.20,4373.90,4374.10,28,29,57,-1.00,17.00,-7.00,0.70,28.6,-18,54,6.0000,0.0000,-11.00,48.00,4383.80,-1.0186,DOWN,61.70,0.9238,1.0581
20260901 222932 103,4374.00,1,4374.00,4374.30,0.30,4374.00,4,4373.90,6,4373.80,7,4373.70,6,4373.60,7,4373.50,15,4373.40,14,4373.30,13,4373.20,10,4373.10,8,4374.30,2,4374.40,5,4374.50,5,4374.60,6,4374.70,7,4374.80,6,4374.90,7,4375.00,21,4375.10,14,4375.20,14,Sell,5,17,22,-12.00,0.00,-12.00,0.30,0.0,4374.00,4374.20,4373.90,4374.00,28,29,57,-1.00,17.00,-7.00,0.70,28.6,-18,54,6.0000,0.0000,-12.00,47.00,4383.79,-1.0218,DOWN,61.70,0.9238,1.0581
20260901 222932 103,4374.00,1,4374.00,4374.30,0.30,4374.00,4,4373.90,6,4373.80,7,4373.70,6,4373.60,7,4373.50,15,4373.40,14,4373.30,13,4373.20,10,4373.10,8,4374.30,2,4374.40,5,4374.50,5,4374.60,6,4374.70,7,4374.80,6,4374.90,7,4375.00,21,4375.10,14,4375.20,14,Sell,5,18,23,-13.00,0.00,-13.00,0.30,0.0,4374.00,4374.20,4373.90,4374.00,28,29,57,-1.00,17.00,-7.00,0.70,28.6,-18,54,6.0000,0.0000,-13.00,46.00,4383.79,-1.0218,DOWN,61.70,0.9238,1.0581
20260901 222932 103,4374.00,1,4374.00,4374.30,0.30,4374.00,4,4373.90,6,4373.80,7,4373.70,6,4373.60,7,4373.50,15,4373.40,14,4373.30,13,4373.20,10,4373.10,8,4374.30,2,4374.40,5,4374.50,5,4374.60,6,4374.70,7,4374.80,6,4374.90,7,4375.00,21,4375.10,14,4375.20,14,Sell,5,19,24,-14.00,0.00,-14.00,0.30,0.0,4374.00,4374.20,4373.90,4374.00,28,29,57,-1.00,17.00,-7.00,0.70,28.6,-18,54,6.0000,0.0000,-14.00,45.00,4383.79,-1.0218,DOWN,61.70,0.9238,1.0581
20260901 222936 235,4374.30,1,4374.20,4374.30,0.10,4374.20,1,4374.10,4,4374.00,9,4373.90,6,4373.80,6,4373.70,7,4373.60,8,4373.50,15,4373.40,14,4373.30,13,4374.30,1,4374.40,2,4374.50,5,4374.60,8,4374.70,6,4374.80,6,4374.90,17,4375.00,21,4375.10,14,4375.20,14,Buy,6,19,25,-13.00,0.00,-14.00,0.40,75.0,4374.00,4374.30,4373.90,4374.30,28,29,57,-1.00,17.00,-7.00,0.70,28.6,-18,54,6.0000,0.0769,-13.00,46.00,4383.82,-1.0123,DOWN,61.70,0.9238,1.0652
20260901 222951 542,4374.30,1,4374.10,4374.40,0.30,4374.10,4,4374.00,5,4373.90,6,4373.80,6,4373.70,8,4373.60,15,4373.50,15,4373.40,14,4373.30,13,4373.20,10,4374.40,5,4374.50,4,4374.60,9,4374.70,6,4374.80,6,4374.90,17,4375.00,21,4375.10,14,4375.20,14,4375.30,15,Sell,6,20,26,-14.00,0.00,-14.00,0.40,75.0,4374.00,4374.30,4373.90,4374.30,28,29,57,-1.00,17.00,-7.00,0.70,28.6,-18,54,6.0000,0.0000,-14.00,45.00,4383.82,-1.0123,DOWN,61.70,0.9238,1.0652
20260901 222952 528,4374.30,7,4374.30,4374.40,0.10,4374.30,7,4374.10,4,4374.00,5,4373.90,6,4373.80,6,4373.70,8,4373.60,15,4373.50,15,4373.40,14,4373.30,13,4374.40,2,4374.50,4,4374.60,9,4374.70,6,4374.80,6,4374.90,17,4375.00,21,4375.10,14,4375.20,14,4375.30,15,Sell,6,27,33,-21.00,0.00,-21.00,0.40,75.0,4374.00,4374.30,4373.90,4374.30,28,29,57,-1.00,17.00,-7.00,0.70,28.6,-18,54,6.0000,0.0000,-21.00,38.00,4383.82,-1.0123,DOWN,61.70,0.9238,1.0652
20260901 222954 361,4374.20,1,4374.20,4374.40,0.20,4374.10,4,4374.00,5,4373.90,6,4373.80,6,4373.70,7,4373.60,15,4373.50,15,4373.40,14,4373.30,13,4373.20,10,4374.40,3,4374.50,4,4374.60,9,4374.70,6,4374.80,6,4374.90,17,4375.00,21,4375.10,14,4375.20,14,4375.30,15,Sell,6,28,34,-22.00,0.00,-22.00,0.40,50.0,4374.00,4374.30,4373.90,4374.20,28,29,57,-1.00,17.00,-7.00,0.70,28.6,-18,54,6.0000,0.0000,-22.00,37.00,4383.81,-1.0154,DOWN,61.70,0.9238,1.0652
20260901 222954 804,4374.30,1,4374.10,4374.30,0.20,4374.10,1,4374.00,2,4373.90,5,4373.80,6,4373.70,5,4373.60,7,4373.50,12,4373.40,11,4373.30,10,4373.20,10,4374.30,2,4374.40,3,4374.50,5,4374.60,10,4374.70,7,4374.80,6,4374.90,17,4375.00,21,4375.10,14,4375.20,14,Buy,7,28,35,-21.00,0.00,-22.00,0.40,75.0,4374.00,4374.30,4373.90,4374.30,28,29,57,-1.00,17.00,-7.00,0.70,28.6,-18,54,6.0000,0.0476,-21.00,38.00,4383.82,-1.0123,DOWN,61.70,0.9238,1.0652
20260901 222954 804,4374.30,1,4374.10,4374.30,0.20,4374.10,1,4374.00,2,4373.90,5,4373.80,6,4373.70,5,4373.60,7,4373.50,12,4373.40,11,4373.30,10,4373.20,10,4374.30,2,4374.40,3,4374.50,5,4374.60,10,4374.70,7,4374.80,6,4374.90,17,4375.00,21,4375.10,14,4375.20,14,Buy,8,28,36,-20.00,0.00,-22.00,0.40,75.0,4374.00,4374.30,4373.90,4374.30,28,29,57,-1.00,17.00,-7.00,0.70,28.6,-18,54,6.0000,0.1000,-20.00,39.00,4383.82,-1.0123,DOWN,61.70,0.9238,1.0652
20260901 222954 804,4374.30,1,4374.10,4374.30,0.20,4374.10,1,4374.00,2,4373.90,5,4373.80,6,4373.70,5,4373.60,7,4373.50,12,4373.40,11,4373.30,10,4373.20,10,4374.30,2,4374.40,3,4374.50,5,4374.60,10,4374.70,7,4374.80,6,4374.90,17,4375.00,21,4375.10,14,4375.20,14,Buy,9,28,37,-19.00,0.00,-22.00,0.40,75.0,4374.00,4374.30,4373.90,4374.30,28,29,57,-1.00,17.00,-7.00,0.70,28.6,-18,54,6.0000,0.1579,-19.00,40.00,4383.82,-1.0123,DOWN,61.70,0.9238,1.0652
20260901 222954 804,4374.30,1,4374.10,4374.30,0.20,4374.10,1,4374.00,2,4373.90,5,4373.80,6,4373.70,5,4373.60,7,4373.50,12,4373.40,11,4373.30,10,4373.20,10,4374.30,2,4374.40,3,4374.50,5,4374.60,10,4374.70,7,4374.80,6,4374.90,17,4375.00,21,4375.10,14,4375.20,14,Buy,10,28,38,-18.00,0.00,-22.00,0.40,75.0,4374.00,4374.30,4373.90,4374.30,28,29,57,-1.00,17.00,-7.00,0.70,28.6,-18,54,6.0000,0.2222,-18.00,41.00,4383.82,-1.0123,DOWN,61.70,0.9238,1.0652
20260901 222958 137,4374.30,1,4374.10,4374.30,0.20,4374.10,3,4374.00,7,4373.90,5,4373.80,6,4373.70,5,4373.60,8,4373.50,12,4373.40,11,4373.30,10,4373.20,11,4374.40,4,4374.50,5,4374.60,10,4374.70,6,4374.80,6,4374.90,17,4375.00,21,4375.10,14,4375.20,14,4375.30,15,Buy,11,28,39,-17.00,0.00,-22.00,0.40,75.0,4374.00,4374.30,4373.90,4374.30,28,29,57,-1.00,17.00,-7.00,0.70,28.6,-18,54,6.0000,0.2941,-17.00,42.00,4383.82,-1.0123,DOWN,61.70,0.9238,1.0652
20260901 222958 137,4374.40,1,4374.10,4374.30,0.20,4374.10,3,4374.00,7,4373.90,5,4373.80,6,4373.70,5,4373.60,8,4373.50,12,4373.40,11,4373.30,10,4373.20,11,4374.40,4,4374.50,5,4374.60,10,4374.70,6,4374.80,6,4374.90,17,4375.00,21,4375.10,14,4375.20,14,4375.30,15,Buy,12,28,40,-16.00,0.00,-22.00,0.50,80.0,4374.00,4374.40,4373.90,4374.40,28,29,57,-1.00,17.00,-7.00,0.70,28.6,-18,54,6.0000,0.3750,-16.00,43.00,4383.83,-1.0091,DOWN,61.70,0.9238,1.0723
20260901 222958 137,4374.40,1,4374.10,4374.30,0.20,4374.10,3,4374.00,7,4373.90,5,4373.80,6,4373.70,5,4373.60,8,4373.50,12,4373.40,11,4373.30,10,4373.20,11,4374.40,4,4374.50,5,4374.60,10,4374.70,6,4374.80,6,4374.90,17,4375.00,21,4375.10,14,4375.20,14,4375.30,15,Buy,13,28,41,-15.00,0.00,-22.00,0.50,80.0,4374.00,4374.40,4373.90,4374.40,28,29,57,-1.00,17.00,-7.00,0.70,28.6,-18,54,6.0000,0.4667,-15.00,44.00,4383.83,-1.0091,DOWN,61.70,0.9238,1.0723
20260901 223006 653,4374.10,1,4374.00,4374.10,0.10,4374.00,4,4373.90,2,4373.80,5,4373.70,5,4373.60,7,4373.50,12,4373.40,11,4373.30,10,4373.20,11,4373.10,8,4374.20,2,4374.30,3,4374.40,5,4374.50,6,4374.60,10,4374.70,8,4374.80,14,4374.90,15,4375.00,19,4375.10,12,Buy,1,0,1,1.00,1.00,1.00,0.00,0.0,4374.10,4374.10,4374.10,4374.10,13,28,41,-15.00,0.00,-22.00,0.50,80.0,-6,30,0.4667,0.0000,-16.00,-3.00,4382.90,-0.9669,DOWN,60.30,0.6799,1.0172
20260901 223006 896,4374.10,1,4374.10,4374.20,0.10,4374.10,1,4374.00,7,4373.90,4,4373.80,6,4373.70,6,4373.60,7,4373.50,12,4373.40,11,4373.30,10,4373.20,11,4374.20,1,4374.30,2,4374.40,4,4374.50,5,4374.60,10,4374.70,7,4374.80,14,4374.90,15,4375.00,19,4375.10,12,Sell,1,1,2,0.00,1.00,0.00,0.00,0.0,4374.10,4374.10,4374.10,4374.10,13,28,41,-15.00,0.00,-22.00,0.50,80.0,-6,30,0.4667,1.0000,-17.00,-4.00,4382.90,-0.9669,DOWN,60.30,0.6799,1.0172
20260901 223008 749,4374.20,1,4374.20,4374.40,0.20,4374.20,2,4374.10,4,4374.00,7,4373.90,4,4373.80,7,4373.70,6,4373.60,7,4373.50,12,4373.40,11,4373.30,10,4374.40,2,4374.50,5,4374.60,10,4374.70,7,4374.80,6,4374.90,15,4375.00,19,4375.10,12,4375.20,12,4375.30,13,Buy,2,1,3,1.00,1.00,0.00,0.10,100.0,4374.10,4374.20,4374.10,4374.20,13,28,41,-15.00,0.00,-22.00,0.50,80.0,-6,30,0.4667,0.0000,-16.00,-3.00,4382.91,-0.9638,DOWN,60.30,0.6799,1.0172
20260901 223015 011,4374.30,1,4374.00,4374.30,0.30,4374.00,6,4373.90,4,4373.80,7,4373.70,6,4373.60,7,4373.50,11,4373.40,11,4373.30,10,4373.20,11,4373.10,8,4374.30,1,4374.40,4,4374.50,5,4374.60,10,4374.70,7,4374.80,6,4374.90,15,4375.00,20,4375.10,12,4375.20,12,Buy,3,1,4,2.00,2.00,0.00,0.20,100.0,4374.10,4374.30,4374.10,4374.30,13,28,41,-15.00,0.00,-22.00,0.50,80.0,-6,30,0.4667,0.0000,-15.00,-2.00,4382.92,-0.9606,DOWN,60.30,0.6799,1.0172
20260901 223015 011,4374.30,1,4374.00,4374.30,0.30,4374.00,6,4373.90,4,4373.80,7,4373.70,6,4373.60,7,4373.50,11,4373.40,11,4373.30,10,4373.20,11,4373.10,8,4374.30,1,4374.40,4,4374.50,5,4374.60,10,4374.70,7,4374.80,6,4374.90,15,4375.00,20,4375.10,12,4375.20,12,Buy,4,1,5,3.00,3.00,0.00,0.20,100.0,4374.10,4374.30,4374.10,4374.30,13,28,41,-15.00,0.00,-22.00,0.50,80.0,-6,30,0.4667,0.0000,-14.00,-1.00,4382.92,-0.9606,DOWN,60.30,0.6799,1.0172
20260901 223018 174,4374.50,1,4374.10,4374.40,0.30,4374.10,4,4374.00,6,4373.90,5,4373.80,7,4373.70,6,4373.60,7,4373.50,11,4373.40,11,4373.30,10,4373.20,11,4374.40,4,4374.50,4,4374.60,9,4374.70,7,4374.80,6,4374.90,16,4375.00,19,4375.10,12,4375.20,12,4375.30,13,Buy,5,1,6,4.00,4.00,0.00,0.40,100.0,4374.10,4374.50,4374.10,4374.50,13,28,41,-15.00,0.00,-22.00,0.50,80.0,-6,30,0.4667,0.0000,-13.00,0.00,4382.94,-0.9542,DOWN,60.30,0.6799,1.0243
20260901 223026 120,4374.40,1,4374.10,4374.40,0.30,4374.20,1,4374.10,4,4374.00,6,4373.90,5,4373.80,7,4373.70,7,4373.60,13,4373.50,11,4373.40,11,4373.30,10,4374.40,4,4374.50,5,4374.60,9,4374.70,7,4374.80,6,4374.90,15,4375.00,19,4375.10,12,4375.20,12,4375.30,13,Buy,6,1,7,5.00,5.00,0.00,0.40,75.0,4374.10,4374.50,4374.10,4374.40,13,28,41,-15.00,0.00,-22.00,0.50,80.0,-6,30,0.4667,0.0000,-12.00,1.00,4382.93,-0.9574,DOWN,60.30,0.6799,1.0243
20260901 223026 584,4374.20,1,4374.20,4374.40,0.20,4374.20,3,4374.10,6,4374.00,5,4373.90,5,4373.80,8,4373.70,7,4373.60,12,4373.50,11,4373.40,11,4373.30,10,4374.40,1,4374.50,4,4374.60,9,4374.70,7,4374.80,6,4374.90,15,4375.00,19,4375.10,12,4375.20,12,4375.30,13,Sell,6,2,8,4.00,5.00,0.00,0.40,25.0,4374.10,4374.50,4374.10,4374.20,13,28,41,-15.00,0.00,-22.00,0.50,80.0,-6,30,0.4667,0.2500,-13.00,0.00,4382.91,-0.9638,DOWN,60.30,0.6799,1.0243
20260901 223026 584,4374.20,1,4374.20,4374.40,0.20,4374.20,3,4374.10,6,4374.00,5,4373.90,5,4373.80,8,4373.70,7,4373.60,12,4373.50,11,4373.40,11,4373.30,10,4374.40,1,4374.50,4,4374.60,9,4374.70,7,4374.80,6,4374.90,15,4375.00,19,4375.10,12,4375.20,12,4375.30,13,Sell,6,3,9,3.00,5.00,0.00,0.40,25.0,4374.10,4374.50,4374.10,4374.20,13,28,41,-15.00,0.00,-22.00,0.50,80.0,-6,30,0.4667,0.6667,-14.00,-1.00,4382.91,-0.9638,DOWN,60.30,0.6799,1.0243
20260901 223026 584,4374.20,1,4374.20,4374.40,0.20,4374.20,3,4374.10,6,4374.00,5,4373.90,5,4373.80,8,4373.70,7,4373.60,12,4373.50,11,4373.40,11,4373.30,10,4374.40,1,4374.50,4,4374.60,9,4374.70,7,4374.80,6,4374.90,15,4375.00,19,4375.10,12,4375.20,12,4375.30,13,Sell,6,4,10,2.00,5.00,0.00,0.40,25.0,4374.10,4374.50,4374.10,4374.20,13,28,41,-15.00,0.00,-22.00,0.50,80.0,-6,30,0.4667,1.5000,-15.00,-2.00,4382.91,-0.9638,DOWN,60.30,0.6799,1.0243
20260901 223028 040,4374.40,1,4374.20,4374.50,0.30,4374.20,3,4374.10,6,4374.00,5,4373.90,5,4373.80,8,4373.70,7,4373.60,12,4373.50,11,4373.40,11,4373.30,10,4374.50,4,4374.60,9,4374.70,7,4374.80,6,4374.90,15,4375.00,19,4375.10,12,4375.20,12,4375.30,13,4375.40,14,Buy,7,4,11,3.00,5.00,0.00,0.40,75.0,4374.10,4374.50,4374.10,4374.40,13,28,41,-15.00,0.00,-22.00,0.50,80.0,-6,30,0.4667,0.6667,-14.00,-1.00,4382.93,-0.9574,DOWN,60.30,0.6799,1.0243
20260901 223034 325,4374.30,1,4374.10,4374.30,0.20,4374.10,4,4374.00,5,4373.90,5,4373.80,7,4373.70,6,4373.60,12,4373.50,12,4373.40,11,4373.30,10,4373.20,11,4374.40,3,4374.50,4,4374.60,9,4374.70,7,4374.80,6,4374.90,15,4375.00,19,4375.10,12,4375.20,12,4375.30,13,Buy,8,4,12,4.00,5.00,0.00,0.40,50.0,4374.10,4374.50,4374.10,4374.30,13,28,41,-15.00,0.00,-22.00,0.50,80.0,-6,30,0.4667,0.2500,-13.00,0.00,4382.92,-0.9606,DOWN,60.30,0.6799,1.0243
20260901 223035 921,4374.40,1,4374.20,4374.40,0.20,4374.20,1,4374.10,4,4374.00,5,4373.90,5,4373.80,8,4373.70,5,4373.60,12,4373.50,12,4373.40,11,4373.30,10,4374.40,3,4374.50,3,4374.60,9,4374.70,7,4374.80,6,4374.90,15,4375.00,19,4375.10,12,4375.20,12,4375.30,13,Buy,9,4,13,5.00,5.00,0.00,0.40,75.0,4374.10,4374.50,4374.10,4374.40,13,28,41,-15.00,0.00,-22.00,0.50,80.0,-6,30,0.4667,0.0000,-12.00,1.00,4382.93,-0.9574,DOWN,60.30,0.6799,1.0243
